Time,Playercount
2017-12-14 00:00,2015
2017-12-14 00:05,1985
2017-12-14 00:10,2001
2017-12-14 00:15,1980
2017-12-14 00:20,1983
2017-12-14 00:25,1987
2017-12-14 00:30,1974
2017-12-14 00:35,1966
2017-12-14 00:40,1953
2017-12-14 00:45,1947
2017-12-14 00:50,1928
2017-12-14 00:55,1928
2017-12-14 01:00,1928
2017-12-14 01:05,0
2017-12-14 01:10,1912
2017-12-14 01:15,1906
2017-12-14 01:20,1910
2017-12-14 01:25,1913
2017-12-14 01:30,1894
2017-12-14 01:35,1906
2017-12-14 01:40,1919
2017-12-14 01:45,1911
2017-12-14 01:50,1869
2017-12-14 01:55,1906
2017-12-14 02:00,1900
2017-12-14 02:05,1899
2017-12-14 02:10,1873
2017-12-14 02:15,1849
2017-12-14 02:20,1832
2017-12-14 02:25,1828
2017-12-14 02:30,1804
2017-12-14 02:35,1798
2017-12-14 02:40,1780
2017-12-14 02:45,1780
2017-12-14 02:50,1763
2017-12-14 02:55,1749
2017-12-14 03:00,1742
2017-12-14 03:05,1726
2017-12-14 03:10,1713
2017-12-14 03:15,1730
2017-12-14 03:20,1719
2017-12-14 03:25,1677
2017-12-14 03:30,1661
2017-12-14 03:35,1657
2017-12-14 03:40,1645
2017-12-14 03:45,1624
2017-12-14 03:50,1617
2017-12-14 03:55,1629
2017-12-14 04:00,1604
2017-12-14 04:05,1588
2017-12-14 04:10,1567
2017-12-14 04:15,1569
2017-12-14 04:20,1561
2017-12-14 04:25,1545
2017-12-14 04:30,1534
2017-12-14 04:35,1529
2017-12-14 04:40,1512
2017-12-14 04:45,1516
2017-12-14 04:50,1490
2017-12-14 04:55,1472
2017-12-14 05:00,1449
2017-12-14 05:05,1426
2017-12-14 05:10,1407
2017-12-14 05:15,1405
2017-12-14 05:20,1408
2017-12-14 05:25,1392
2017-12-14 05:30,1396
2017-12-14 05:35,1379
2017-12-14 05:40,1358
2017-12-14 05:45,1355
2017-12-14 05:50,1338
2017-12-14 05:55,1342
2017-12-14 06:00,1329
2017-12-14 06:05,1338
2017-12-14 06:10,1325
2017-12-14 06:15,1321
2017-12-14 06:20,1325
2017-12-14 06:25,1328
2017-12-14 06:30,1315
2017-12-14 06:35,1307
2017-12-14 06:40,1297
2017-12-14 06:45,1284
2017-12-14 06:50,1273
2017-12-14 06:55,1289
2017-12-14 07:00,1278
2017-12-14 07:05,1268
2017-12-14 07:10,1267
2017-12-14 07:15,1277
2017-12-14 07:20,1286
2017-12-14 07:25,1294
2017-12-14 07:30,1291
2017-12-14 07:35,1299
2017-12-14 07:40,1316
2017-12-14 07:45,1301
2017-12-14 07:50,1306
2017-12-14 07:55,1304
2017-12-14 08:00,1304
2017-12-14 08:05,1308
2017-12-14 08:10,1300
2017-12-14 08:15,1312
2017-12-14 08:20,1305
2017-12-14 08:25,1307
2017-12-14 08:30,1300
2017-12-14 08:35,1304
2017-12-14 08:40,1323
2017-12-14 08:45,1318
2017-12-14 08:50,1353
2017-12-14 08:55,1360
2017-12-14 09:00,1368
2017-12-14 09:05,1385
2017-12-14 09:10,1391
2017-12-14 09:15,1403
2017-12-14 09:20,1419
2017-12-14 09:25,1426
2017-12-14 09:30,1423
2017-12-14 09:35,1424
2017-12-14 09:40,1443
2017-12-14 09:45,1450
2017-12-14 09:50,1472
2017-12-14 09:55,1484
2017-12-14 10:00,1498
2017-12-14 10:05,1533
2017-12-14 10:10,1550
2017-12-14 10:15,1586
2017-12-14 10:20,1596
2017-12-14 10:25,1596
2017-12-14 10:30,1620
2017-12-14 10:35,1617
2017-12-14 10:40,1626
2017-12-14 10:45,1625
2017-12-14 10:50,1641
2017-12-14 10:55,1644
2017-12-14 11:00,1655
2017-12-14 11:05,1653
2017-12-14 11:10,1655
2017-12-14 11:15,1657
2017-12-14 11:20,1670
2017-12-14 11:25,1687
2017-12-14 11:30,1705
2017-12-14 11:35,1725
2017-12-14 11:40,1743
2017-12-14 11:45,1762
2017-12-14 11:50,1764
2017-12-14 11:55,1771
2017-12-14 12:00,1799
2017-12-14 12:05,1828
2017-12-14 12:10,1837
2017-12-14 12:15,1837
2017-12-14 12:20,1866
2017-12-14 12:25,1885
2017-12-14 12:30,1883
2017-12-14 12:35,1891
2017-12-14 12:40,1894
2017-12-14 12:45,1911
2017-12-14 12:50,1932
2017-12-14 12:55,1937
2017-12-14 13:00,1914
2017-12-14 13:05,1916
2017-12-14 13:10,1931
2017-12-14 13:15,1954
2017-12-14 13:20,1964
2017-12-14 13:25,1972
2017-12-14 13:30,1994
2017-12-14 13:35,2000
2017-12-14 13:40,1989
2017-12-14 13:45,2020
2017-12-14 13:50,2010
2017-12-14 13:55,1999
2017-12-14 14:00,1891
2017-12-14 14:05,1181
2017-12-14 14:10,901
2017-12-14 14:15,815
2017-12-14 14:20,786
2017-12-14 14:25,762
2017-12-14 14:30,769
2017-12-14 14:35,756
2017-12-14 14:40,751
2017-12-14 14:45,776
2017-12-14 14:50,795
2017-12-14 14:55,829
2017-12-14 15:00,853
2017-12-14 15:05,888
2017-12-14 15:10,899
2017-12-14 15:15,938
2017-12-14 15:20,938
2017-12-14 15:25,937
2017-12-14 15:30,956
2017-12-14 15:35,974
2017-12-14 15:40,1013
2017-12-14 15:45,1040
2017-12-14 15:50,1052
2017-12-14 15:55,1091
2017-12-14 16:00,1095
2017-12-14 16:05,1146
2017-12-14 16:10,1180
2017-12-14 16:15,1214
2017-12-14 16:20,1246
2017-12-14 16:25,1280
2017-12-14 16:30,1282
2017-12-14 16:35,1305
2017-12-14 16:40,1317
2017-12-14 16:45,1356
2017-12-14 16:50,1388
2017-12-14 16:55,1402
2017-12-14 17:00,1443
2017-12-14 17:05,1566
2017-12-14 17:10,1694
2017-12-14 17:15,1934
2017-12-14 17:20,2218
2017-12-14 17:25,2446
2017-12-14 17:30,2596
2017-12-14 17:35,2755
2017-12-14 17:40,2889
2017-12-14 17:45,3025
2017-12-14 17:50,3127
2017-12-14 17:55,3216
2017-12-14 18:00,3280
2017-12-14 18:05,3335
2017-12-14 18:10,3379
2017-12-14 18:15,3405
2017-12-14 18:20,3432
2017-12-14 18:25,3494
2017-12-14 18:30,3510
2017-12-14 18:35,3528
2017-12-14 18:40,3549
2017-12-14 18:45,3538
2017-12-14 18:50,3584
2017-12-14 18:55,3592
2017-12-14 19:00,3580
2017-12-14 19:05,3553
2017-12-14 19:10,3562
2017-12-14 19:15,3562
2017-12-14 19:20,3548
2017-12-14 19:25,3494
2017-12-14 19:30,3483
2017-12-14 19:35,3485
2017-12-14 19:40,3461
2017-12-14 19:45,3458
2017-12-14 19:50,3439
2017-12-14 19:55,3432
2017-12-14 20:00,3425
2017-12-14 20:05,3413
2017-12-14 20:10,3418
2017-12-14 20:15,3422
2017-12-14 20:20,3395
2017-12-14 20:25,3385
2017-12-14 20:30,3381
2017-12-14 20:35,3359
2017-12-14 20:40,3339
2017-12-14 20:45,3369
2017-12-14 20:50,3354
2017-12-14 20:55,3336
2017-12-14 21:00,3306
2017-12-14 21:05,3270
2017-12-14 21:10,3223
2017-12-14 21:15,3197
2017-12-14 21:20,3213
2017-12-14 21:25,3195
2017-12-14 21:30,3151
2017-12-14 21:35,3126
2017-12-14 21:40,3107
2017-12-14 21:45,3082
2017-12-14 21:50,3038
2017-12-14 21:55,3008
2017-12-14 22:00,2975
2017-12-14 22:05,2938
2017-12-14 22:10,2911
2017-12-14 22:15,2870
2017-12-14 22:20,2827
2017-12-14 22:25,2784
2017-12-14 22:30,2743
2017-12-14 22:35,2692
2017-12-14 22:40,2636
2017-12-14 22:45,2637
2017-12-14 22:50,2626
2017-12-14 22:55,2596
2017-12-14 23:00,2579
2017-12-14 23:05,2553
2017-12-14 23:10,2531
2017-12-14 23:15,2495
2017-12-14 23:20,2477
2017-12-14 23:25,2462
2017-12-14 23:30,2452
2017-12-14 23:35,2423
2017-12-14 23:40,2430
2017-12-14 23:45,2429
2017-12-14 23:50,2411
2017-12-14 23:55,2420
2017-12-15 00:00,2403
2017-12-15 00:05,2387
2017-12-15 00:10,2377
2017-12-15 00:15,2358
2017-12-15 00:20,2358
2017-12-15 00:25,2309
2017-12-15 00:30,2306
2017-12-15 00:35,2292
2017-12-15 00:40,2260
2017-12-15 00:45,2243
2017-12-15 00:50,2245
2017-12-15 00:55,2238
2017-12-15 01:00,2221
2017-12-15 01:05,2194
2017-12-15 01:10,2152
2017-12-15 01:15,2145
2017-12-15 01:20,2124
2017-12-15 01:25,2117
2017-12-15 01:30,2121
2017-12-15 01:35,2100
2017-12-15 01:40,2090
2017-12-15 01:45,2098
2017-12-15 01:50,2081
2017-12-15 01:55,2102
2017-12-15 02:00,2104
2017-12-15 02:05,2072
2017-12-15 02:10,2038
2017-12-15 02:15,2036
2017-12-15 02:20,2017
2017-12-15 02:25,1992
2017-12-15 02:30,2004
2017-12-15 02:35,1969
2017-12-15 02:40,1969
2017-12-15 02:45,1964
2017-12-15 02:50,1956
2017-12-15 02:55,1942
2017-12-15 03:00,1939
2017-12-15 03:05,1925
2017-12-15 03:10,1907
2017-12-15 03:15,1897
2017-12-15 03:20,1879
2017-12-15 03:25,1877
2017-12-15 03:30,1858
2017-12-15 03:35,1855
2017-12-15 03:40,1843
2017-12-15 03:45,1834
2017-12-15 03:50,1814
2017-12-15 03:55,1816
2017-12-15 04:00,1810
2017-12-15 04:05,1782
2017-12-15 04:10,1776
2017-12-15 04:15,1744
2017-12-15 04:20,1754
2017-12-15 04:25,1733
2017-12-15 04:30,1724
2017-12-15 04:35,1727
2017-12-15 04:40,1710
2017-12-15 04:45,1698
2017-12-15 04:50,1685
2017-12-15 04:55,1678
2017-12-15 05:00,1672
2017-12-15 05:05,1666
2017-12-15 05:10,1656
2017-12-15 05:15,1636
2017-12-15 05:20,1607
2017-12-15 05:25,1589
2017-12-15 05:30,1594
2017-12-15 05:35,1561
2017-12-15 05:40,1560
2017-12-15 05:45,1560
2017-12-15 05:50,1530
2017-12-15 05:55,1528
2017-12-15 06:00,1523
2017-12-15 06:05,1499
2017-12-15 06:10,1496
2017-12-15 06:15,1474
2017-12-15 06:20,1458
2017-12-15 06:25,1460
2017-12-15 06:30,1464
2017-12-15 06:35,1463
2017-12-15 06:40,1477
2017-12-15 06:45,1472
2017-12-15 06:50,1475
2017-12-15 06:55,1483
2017-12-15 07:00,1469
2017-12-15 07:05,1463
2017-12-15 07:10,1463
2017-12-15 07:15,1459
2017-12-15 07:20,1456
2017-12-15 07:25,1453
2017-12-15 07:30,1452
2017-12-15 07:35,1439
2017-12-15 07:40,1445
2017-12-15 07:45,1460
2017-12-15 07:50,1464
2017-12-15 07:55,1456
2017-12-15 08:00,1454
2017-12-15 08:05,1463
2017-12-15 08:10,1475
2017-12-15 08:15,1461
2017-12-15 08:20,1473
2017-12-15 08:25,1484
2017-12-15 08:30,1493
2017-12-15 08:35,1493
2017-12-15 08:40,1511
2017-12-15 08:45,1508
2017-12-15 08:50,1542
2017-12-15 08:55,1560
2017-12-15 09:00,1566
2017-12-15 09:05,1577
2017-12-15 09:10,1588
2017-12-15 09:15,1604
2017-12-15 09:20,1609
2017-12-15 09:25,1594
2017-12-15 09:30,1607
2017-12-15 09:35,1602
2017-12-15 09:40,1633
2017-12-15 09:45,1652
2017-12-15 09:50,1677
2017-12-15 09:55,1690
2017-12-15 10:00,1700
2017-12-15 10:05,1721
2017-12-15 10:10,1758
2017-12-15 10:15,1774
2017-12-15 10:20,1785
2017-12-15 10:25,1811
2017-12-15 10:30,1823
2017-12-15 10:35,1837
2017-12-15 10:40,1832
2017-12-15 10:45,1845
2017-12-15 10:50,1833
2017-12-15 10:55,1874
2017-12-15 11:00,1881
2017-12-15 11:05,1876
2017-12-15 11:10,1904
2017-12-15 11:15,1899
2017-12-15 11:20,1902
2017-12-15 11:25,1914
2017-12-15 11:30,1947
2017-12-15 11:35,1947
2017-12-15 11:40,1974
2017-12-15 11:45,1987
2017-12-15 11:50,1994
2017-12-15 11:55,2004
2017-12-15 12:00,2024
2017-12-15 12:05,1998
2017-12-15 12:10,2026
2017-12-15 12:15,2036
2017-12-15 12:20,2052
2017-12-15 12:25,2079
2017-12-15 12:30,2130
2017-12-15 12:35,2128
2017-12-15 12:40,2152
2017-12-15 12:45,2167
2017-12-15 12:50,2203
2017-12-15 12:55,2228
2017-12-15 13:00,2244
2017-12-15 13:05,2251
2017-12-15 13:10,2258
2017-12-15 13:15,2303
2017-12-15 13:20,2328
2017-12-15 13:25,2380
2017-12-15 13:30,2391
2017-12-15 13:35,2406
2017-12-15 13:40,2428
2017-12-15 13:45,2457
2017-12-15 13:50,2491
2017-12-15 13:55,2514
2017-12-15 14:00,2537
2017-12-15 14:05,2547
2017-12-15 14:10,2573
2017-12-15 14:15,2600
2017-12-15 14:20,2629
2017-12-15 14:25,2645
2017-12-15 14:30,2674
2017-12-15 14:35,2691
2017-12-15 14:40,2734
2017-12-15 14:45,2740
2017-12-15 14:50,2713
2017-12-15 14:55,2742
2017-12-15 15:00,2722
2017-12-15 15:05,2767
2017-12-15 15:10,2778
2017-12-15 15:15,2808
2017-12-15 15:20,2804
2017-12-15 15:25,2820
2017-12-15 15:30,2816
2017-12-15 15:35,2826
2017-12-15 15:40,2842
2017-12-15 15:45,2832
2017-12-15 15:50,2846
2017-12-15 15:55,2883
2017-12-15 16:00,2914
2017-12-15 16:05,2935
2017-12-15 16:10,2963
2017-12-15 16:15,2990
2017-12-15 16:20,2996
2017-12-15 16:25,3006
2017-12-15 16:30,3025
2017-12-15 16:35,3049
2017-12-15 16:40,3079
2017-12-15 16:45,3113
2017-12-15 16:50,3085
2017-12-15 16:55,3105
2017-12-15 17:00,3122
2017-12-15 17:05,3131
2017-12-15 17:10,3126
2017-12-15 17:15,3147
2017-12-15 17:20,3136
2017-12-15 17:25,3143
2017-12-15 17:30,3160
2017-12-15 17:35,3160
2017-12-15 17:40,3177
2017-12-15 17:45,3189
2017-12-15 17:50,3184
2017-12-15 17:55,3186
2017-12-15 18:00,3214
2017-12-15 18:05,3200
2017-12-15 18:10,3230
2017-12-15 18:15,3240
2017-12-15 18:20,3246
2017-12-15 18:25,3234
2017-12-15 18:30,3266
2017-12-15 18:35,3258
2017-12-15 18:40,3270
2017-12-15 18:45,3266
2017-12-15 18:50,3275
2017-12-15 18:55,3285
2017-12-15 19:00,3289
2017-12-15 19:05,3284
2017-12-15 19:10,3265
2017-12-15 19:15,3285
2017-12-15 19:20,3264
2017-12-15 19:25,3265
2017-12-15 19:30,3250
2017-12-15 19:35,3264
2017-12-15 19:40,3259
2017-12-15 19:45,3248
2017-12-15 19:50,3265
2017-12-15 19:55,3260
2017-12-15 20:00,3275
2017-12-15 20:05,3268
2017-12-15 20:10,3235
2017-12-15 20:15,3255
2017-12-15 20:20,3249
2017-12-15 20:25,3237
2017-12-15 20:30,3251
2017-12-15 20:35,3246
2017-12-15 20:40,3250
2017-12-15 20:45,3286
2017-12-15 20:50,3266
2017-12-15 20:55,3249
2017-12-15 21:00,3203
2017-12-15 21:05,3182
2017-12-15 21:10,3170
2017-12-15 21:15,3149
2017-12-15 21:20,3137
2017-12-15 21:25,3104
2017-12-15 21:30,3058
2017-12-15 21:35,3037
2017-12-15 21:40,3025
2017-12-15 21:45,3023
2017-12-15 21:50,2993
2017-12-15 21:55,2981
2017-12-15 22:00,2963
2017-12-15 22:05,2936
2017-12-15 22:10,2878
2017-12-15 22:15,2865
2017-12-15 22:20,2864
2017-12-15 22:25,2845
2017-12-15 22:30,2819
2017-12-15 22:35,2783
2017-12-15 22:40,2777
2017-12-15 22:45,2744
2017-12-15 22:50,2710
2017-12-15 22:55,2690
2017-12-15 23:00,2662
2017-12-15 23:05,2635
2017-12-15 23:10,2611
2017-12-15 23:15,2593
2017-12-15 23:20,2556
2017-12-15 23:25,2497
2017-12-15 23:30,2514
2017-12-15 23:35,2487
2017-12-15 23:40,2481
2017-12-15 23:45,2492
2017-12-15 23:50,2491
2017-12-15 23:55,2475
2017-12-16 00:00,2444
2017-12-16 00:05,2414
2017-12-16 00:10,2405
2017-12-16 00:15,2406
2017-12-16 00:20,2402
2017-12-16 00:25,2410
2017-12-16 00:30,2408
2017-12-16 00:35,2379
2017-12-16 00:40,2364
2017-12-16 00:45,2351
2017-12-16 00:50,2324
2017-12-16 00:55,2299
2017-12-16 01:00,2300
2017-12-16 01:05,2283
2017-12-16 01:10,2247
2017-12-16 01:15,2204
2017-12-16 01:20,2209
2017-12-16 01:25,2199
2017-12-16 01:30,2192
2017-12-16 01:35,2165
2017-12-16 01:40,2125
2017-12-16 01:45,2123
2017-12-16 01:50,2100
2017-12-16 01:55,2089
2017-12-16 02:00,2014
2017-12-16 02:05,1420
2017-12-16 02:10,1241
2017-12-16 02:15,1218
2017-12-16 02:20,1171
2017-12-16 02:25,1167
2017-12-16 02:30,1146
2017-12-16 02:35,1114
2017-12-16 02:40,1106
2017-12-16 02:45,1078
2017-12-16 02:50,1084
2017-12-16 02:55,1082
2017-12-16 03:00,1061
2017-12-16 03:05,1059
2017-12-16 03:10,1062
2017-12-16 03:15,1006
2017-12-16 03:20,1014
2017-12-16 03:25,1035
2017-12-16 03:30,1185
2017-12-16 03:35,1298
2017-12-16 03:40,1408
2017-12-16 03:45,1474
2017-12-16 03:50,1522
2017-12-16 03:55,1584
2017-12-16 04:00,1632
2017-12-16 04:05,1660
2017-12-16 04:10,1711
2017-12-16 04:15,1716
2017-12-16 04:20,1729
2017-12-16 04:25,1763
2017-12-16 04:30,1775
2017-12-16 04:35,1782
2017-12-16 04:40,1795
2017-12-16 04:45,1794
2017-12-16 04:50,1792
2017-12-16 04:55,1795
2017-12-16 05:00,1807
2017-12-16 05:05,1816
2017-12-16 05:10,1813
2017-12-16 05:15,1826
2017-12-16 05:20,1816
2017-12-16 05:25,1808
2017-12-16 05:30,1811
2017-12-16 05:35,1790
2017-12-16 05:40,1796
2017-12-16 05:45,1783
2017-12-16 05:50,1771
2017-12-16 05:55,1773
2017-12-16 06:00,1766
2017-12-16 06:05,1751
2017-12-16 06:10,1759
2017-12-16 06:15,1753
2017-12-16 06:20,1733
2017-12-16 06:25,1744
2017-12-16 06:30,1766
2017-12-16 06:35,1755
2017-12-16 06:40,1753
2017-12-16 06:45,1747
2017-12-16 06:50,1741
2017-12-16 06:55,1736
2017-12-16 07:00,1733
2017-12-16 07:05,1739
2017-12-16 07:10,1745
2017-12-16 07:15,0
2017-12-16 07:20,1750
2017-12-16 07:25,1764
2017-12-16 07:30,1770
2017-12-16 07:35,1762
2017-12-16 07:40,1776
2017-12-16 07:45,1791
2017-12-16 07:50,1811
2017-12-16 07:55,1822
2017-12-16 08:00,1838
2017-12-16 08:05,1830
2017-12-16 08:10,1854
2017-12-16 08:15,1877
2017-12-16 08:20,1867
2017-12-16 08:25,1887
2017-12-16 08:30,1916
2017-12-16 08:35,1931
2017-12-16 08:40,1949
2017-12-16 08:45,1976
2017-12-16 08:50,1996
2017-12-16 08:55,2014
2017-12-16 09:00,2046
2017-12-16 09:05,2067
2017-12-16 09:10,2093
2017-12-16 09:15,2106
2017-12-16 09:20,2091
2017-12-16 09:25,2133
2017-12-16 09:30,2169
2017-12-16 09:35,2217
2017-12-16 09:40,2208
2017-12-16 09:45,2231
2017-12-16 09:50,2243
2017-12-16 09:55,2263
2017-12-16 10:00,2294
2017-12-16 10:05,2321
2017-12-16 10:10,2350
2017-12-16 10:15,2383
2017-12-16 10:20,2411
2017-12-16 10:25,2457
2017-12-16 10:30,2469
2017-12-16 10:35,2503
2017-12-16 10:40,2539
2017-12-16 10:45,2557
2017-12-16 10:50,2570
2017-12-16 10:55,2597
2017-12-16 11:00,2627
2017-12-16 11:05,2648
2017-12-16 11:10,2632
2017-12-16 11:15,2664
2017-12-16 11:20,2677
2017-12-16 11:25,2709
2017-12-16 11:30,2703
2017-12-16 11:35,2705
2017-12-16 11:40,2731
2017-12-16 11:45,2751
2017-12-16 11:50,2775
2017-12-16 11:55,2797
2017-12-16 12:00,2798
2017-12-16 12:05,2811
2017-12-16 12:10,2834
2017-12-16 12:15,2810
2017-12-16 12:20,2816
2017-12-16 12:25,2829
2017-12-16 12:30,2837
2017-12-16 12:35,2828
2017-12-16 12:40,2843
2017-12-16 12:45,2850
2017-12-16 12:50,2873
2017-12-16 12:55,2892
2017-12-16 13:00,2928
2017-12-16 13:05,2958
2017-12-16 13:10,2985
2017-12-16 13:15,2982
2017-12-16 13:20,3008
2017-12-16 13:25,3023
2017-12-16 13:30,3028
2017-12-16 13:35,3027
2017-12-16 13:40,3060
2017-12-16 13:45,3087
2017-12-16 13:50,3110
2017-12-16 13:55,3130
2017-12-16 14:00,3152
2017-12-16 14:05,3159
2017-12-16 14:10,3179
2017-12-16 14:15,3192
2017-12-16 14:20,3242
2017-12-16 14:25,3249
2017-12-16 14:30,3273
2017-12-16 14:35,3301
2017-12-16 14:40,3288
2017-12-16 14:45,3311
2017-12-16 14:50,3315
2017-12-16 14:55,3366
2017-12-16 15:00,3343
2017-12-16 15:05,3344
2017-12-16 15:10,3377
2017-12-16 15:15,3386
2017-12-16 15:20,3392
2017-12-16 15:25,3396
2017-12-16 15:30,3430
2017-12-16 15:35,3464
2017-12-16 15:40,3471
2017-12-16 15:45,3497
2017-12-16 15:50,3522
2017-12-16 15:55,3534
2017-12-16 16:00,3527
2017-12-16 16:05,3533
2017-12-16 16:10,3569
2017-12-16 16:15,3590
2017-12-16 16:20,3584
2017-12-16 16:25,3595
2017-12-16 16:30,3617
2017-12-16 16:35,3598
2017-12-16 16:40,3600
2017-12-16 16:45,3629
2017-12-16 16:50,3611
2017-12-16 16:55,3634
2017-12-16 17:00,3637
2017-12-16 17:05,3661
2017-12-16 17:10,3677
2017-12-16 17:15,3684
2017-12-16 17:20,3678
2017-12-16 17:25,3713
2017-12-16 17:30,3718
2017-12-16 17:35,3699
2017-12-16 17:40,3728
2017-12-16 17:45,3731
2017-12-16 17:50,3721
2017-12-16 17:55,3714
2017-12-16 18:00,3707
2017-12-16 18:05,3681
2017-12-16 18:10,3687
2017-12-16 18:15,3682
2017-12-16 18:20,3658
2017-12-16 18:25,3652
2017-12-16 18:30,3634
2017-12-16 18:35,3627
2017-12-16 18:40,3646
2017-12-16 18:45,3642
2017-12-16 18:50,3637
2017-12-16 18:55,3663
2017-12-16 19:00,3660
2017-12-16 19:05,3698
2017-12-16 19:10,3709
2017-12-16 19:15,3731
2017-12-16 19:20,3733
2017-12-16 19:25,3729
2017-12-16 19:30,3728
2017-12-16 19:35,3732
2017-12-16 19:40,3717
2017-12-16 19:45,3713
2017-12-16 19:50,3717
2017-12-16 19:55,3726
2017-12-16 20:00,3732
2017-12-16 20:05,3713
2017-12-16 20:10,3728
2017-12-16 20:15,3732
2017-12-16 20:20,3706
2017-12-16 20:25,3722
2017-12-16 20:30,3709
2017-12-16 20:35,3689
2017-12-16 20:40,3705
2017-12-16 20:45,3659
2017-12-16 20:50,3623
2017-12-16 20:55,3601
2017-12-16 21:00,3590
2017-12-16 21:05,3576
2017-12-16 21:10,3586
2017-12-16 21:15,3612
2017-12-16 21:20,3624
2017-12-16 21:25,3630
2017-12-16 21:30,3601
2017-12-16 21:35,3566
2017-12-16 21:40,3538
2017-12-16 21:45,3528
2017-12-16 21:50,3503
2017-12-16 21:55,3492
2017-12-16 22:00,3494
2017-12-16 22:05,3446
2017-12-16 22:10,3410
2017-12-16 22:15,3415
2017-12-16 22:20,3381
2017-12-16 22:25,3346
2017-12-16 22:30,3327
2017-12-16 22:35,3270
2017-12-16 22:40,3268
2017-12-16 22:45,3247
2017-12-16 22:50,3203
2017-12-16 22:55,3172
2017-12-16 23:00,3157
2017-12-16 23:05,3112
2017-12-16 23:10,3081
2017-12-16 23:15,3047
2017-12-16 23:20,3040
2017-12-16 23:25,3014
2017-12-16 23:30,2995
2017-12-16 23:35,2958
2017-12-16 23:40,2926
2017-12-16 23:45,2872
2017-12-16 23:50,2858
2017-12-16 23:55,2814
2017-12-17 00:00,2792
2017-12-17 00:05,2773
2017-12-17 00:10,2769
2017-12-17 00:15,2729
2017-12-17 00:20,2674
2017-12-17 00:25,2658
2017-12-17 00:30,2628
2017-12-17 00:35,2608
2017-12-17 00:40,2606
2017-12-17 00:45,2587
2017-12-17 00:50,2583
2017-12-17 00:55,2551
2017-12-17 01:00,2528
2017-12-17 01:05,2496
2017-12-17 01:10,2461
2017-12-17 01:15,2451
2017-12-17 01:20,2418
2017-12-17 01:25,2417
2017-12-17 01:30,2400
2017-12-17 01:35,2363
2017-12-17 01:40,2343
2017-12-17 01:45,2349
2017-12-17 01:50,2339
2017-12-17 01:55,2326
2017-12-17 02:00,2317
2017-12-17 02:05,2321
2017-12-17 02:10,2289
2017-12-17 02:15,2301
2017-12-17 02:20,2274
2017-12-17 02:25,2275
2017-12-17 02:30,2250
2017-12-17 02:35,2247
2017-12-17 02:40,2253
2017-12-17 02:45,2236
2017-12-17 02:50,2225
2017-12-17 02:55,2199
2017-12-17 03:00,2186
2017-12-17 03:05,2179
2017-12-17 03:10,2154
2017-12-17 03:15,2160
2017-12-17 03:20,0
2017-12-17 03:25,2128
2017-12-17 03:30,2105
2017-12-17 03:35,2089
2017-12-17 03:40,2097
2017-12-17 03:45,2107
2017-12-17 03:50,2080
2017-12-17 03:55,2096
2017-12-17 04:00,2078
2017-12-17 04:05,2065
2017-12-17 04:10,2044
2017-12-17 04:15,2025
2017-12-17 04:20,2010
2017-12-17 04:25,2001
2017-12-17 04:30,1999
2017-12-17 04:35,1970
2017-12-17 04:40,1954
2017-12-17 04:45,1950
2017-12-17 04:50,1918
2017-12-17 04:55,1915
2017-12-17 05:00,1906
2017-12-17 05:05,1912
2017-12-17 05:10,1888
2017-12-17 05:15,1877
2017-12-17 05:20,1856
2017-12-17 05:25,1840
2017-12-17 05:30,1855
2017-12-17 05:35,1846
2017-12-17 05:40,1842
2017-12-17 05:45,1850
2017-12-17 05:50,1835
2017-12-17 05:55,1833
2017-12-17 06:00,1817
2017-12-17 06:05,1803
2017-12-17 06:10,1790
2017-12-17 06:15,1787
2017-12-17 06:20,1768
2017-12-17 06:25,1763
2017-12-17 06:30,1761
2017-12-17 06:35,1753
2017-12-17 06:40,1755
2017-12-17 06:45,1762
2017-12-17 06:50,1747
2017-12-17 06:55,1759
2017-12-17 07:00,1769
2017-12-17 07:05,1761
2017-12-17 07:10,1763
2017-12-17 07:15,1798
2017-12-17 07:20,1799
2017-12-17 07:25,1810
2017-12-17 07:30,1823
2017-12-17 07:35,1832
2017-12-17 07:40,1849
2017-12-17 07:45,1866
2017-12-17 07:50,1871
2017-12-17 07:55,1872
2017-12-17 08:00,1892
2017-12-17 08:05,1921
2017-12-17 08:10,1938
2017-12-17 08:15,1961
2017-12-17 08:20,1989
2017-12-17 08:25,2008
2017-12-17 08:30,2018
2017-12-17 08:35,2029
2017-12-17 08:40,2053
2017-12-17 08:45,2063
2017-12-17 08:50,2099
2017-12-17 08:55,2122
2017-12-17 09:00,2165
2017-12-17 09:05,2197
2017-12-17 09:10,2217
2017-12-17 09:15,2228
2017-12-17 09:20,2239
2017-12-17 09:25,2253
2017-12-17 09:30,2293
2017-12-17 09:35,2290
2017-12-17 09:40,2316
2017-12-17 09:45,2350
2017-12-17 09:50,2413
2017-12-17 09:55,2448
2017-12-17 10:00,2484
2017-12-17 10:05,2543
2017-12-17 10:10,2587
2017-12-17 10:15,2600
2017-12-17 10:20,2649
2017-12-17 10:25,2664
2017-12-17 10:30,2679
2017-12-17 10:35,2698
2017-12-17 10:40,2727
2017-12-17 10:45,2766
2017-12-17 10:50,2781
2017-12-17 10:55,2791
2017-12-17 11:00,2798
2017-12-17 11:05,2839
2017-12-17 11:10,2850
2017-12-17 11:15,2853
2017-12-17 11:20,2859
2017-12-17 11:25,2882
2017-12-17 11:30,2894
2017-12-17 11:35,2907
2017-12-17 11:40,2916
2017-12-17 11:45,2944
2017-12-17 11:50,2947
2017-12-17 11:55,2976
2017-12-17 12:00,2982
2017-12-17 12:05,2997
2017-12-17 12:10,2993
2017-12-17 12:15,2986
2017-12-17 12:20,3054
2017-12-17 12:25,3091
2017-12-17 12:30,3108
2017-12-17 12:35,3107
2017-12-17 12:40,3117
2017-12-17 12:45,3130
2017-12-17 12:50,3171
2017-12-17 12:55,3177
2017-12-17 13:00,3169
2017-12-17 13:05,3190
2017-12-17 13:10,3205
2017-12-17 13:15,3193
2017-12-17 13:20,3205
2017-12-17 13:25,3225
2017-12-17 13:30,3221
2017-12-17 13:35,3247
2017-12-17 13:40,3270
2017-12-17 13:45,3289
2017-12-17 13:50,3300
2017-12-17 13:55,3309
2017-12-17 14:00,3312
2017-12-17 14:05,3331
2017-12-17 14:10,3365
2017-12-17 14:15,3367
2017-12-17 14:20,3398
2017-12-17 14:25,3428
2017-12-17 14:30,3447
2017-12-17 14:35,3447
2017-12-17 14:40,3480
2017-12-17 14:45,3504
2017-12-17 14:50,3499
2017-12-17 14:55,3531
2017-12-17 15:00,3554
2017-12-17 15:05,3555
2017-12-17 15:10,3558
2017-12-17 15:15,3580
2017-12-17 15:20,3612
2017-12-17 15:25,3597
2017-12-17 15:30,3616
2017-12-17 15:35,3642
2017-12-17 15:40,3648
2017-12-17 15:45,3633
2017-12-17 15:50,3630
2017-12-17 15:55,3638
2017-12-17 16:00,3657
2017-12-17 16:05,3653
2017-12-17 16:10,3650
2017-12-17 16:15,3653
2017-12-17 16:20,3681
2017-12-17 16:25,3730
2017-12-17 16:30,3753
2017-12-17 16:35,3775
2017-12-17 16:40,3793
2017-12-17 16:45,3802
2017-12-17 16:50,3830
2017-12-17 16:55,3830
2017-12-17 17:00,3823
2017-12-17 17:05,3852
2017-12-17 17:10,3868
2017-12-17 17:15,3877
2017-12-17 17:20,3899
2017-12-17 17:25,3924
2017-12-17 17:30,3911
2017-12-17 17:35,3908
2017-12-17 17:40,3926
2017-12-17 17:45,3944
2017-12-17 17:50,3969
2017-12-17 17:55,3971
2017-12-17 18:00,3955
2017-12-17 18:05,3975
2017-12-17 18:10,3954
2017-12-17 18:15,3951
2017-12-17 18:20,3948
2017-12-17 18:25,3941
2017-12-17 18:30,3937
2017-12-17 18:35,3935
2017-12-17 18:40,3962
2017-12-17 18:45,3952
2017-12-17 18:50,3951
2017-12-17 18:55,3979
2017-12-17 19:00,3938
2017-12-17 19:05,3934
2017-12-17 19:10,3924
2017-12-17 19:15,3906
2017-12-17 19:20,3870
2017-12-17 19:25,3845
2017-12-17 19:30,3847
2017-12-17 19:35,3793
2017-12-17 19:40,3752
2017-12-17 19:45,3738
2017-12-17 19:50,3724
2017-12-17 19:55,3737
2017-12-17 20:00,3734
2017-12-17 20:05,3718
2017-12-17 20:10,3701
2017-12-17 20:15,3691
2017-12-17 20:20,3702
2017-12-17 20:25,3687
2017-12-17 20:30,3666
2017-12-17 20:35,3670
2017-12-17 20:40,3661
2017-12-17 20:45,3678
2017-12-17 20:50,3671
2017-12-17 20:55,3661
2017-12-17 21:00,3620
2017-12-17 21:05,3594
2017-12-17 21:10,3585
2017-12-17 21:15,3564
2017-12-17 21:20,3540
2017-12-17 21:25,3495
2017-12-17 21:30,3462
2017-12-17 21:35,3423
2017-12-17 21:40,3395
2017-12-17 21:45,3378
2017-12-17 21:50,3334
2017-12-17 21:55,3295
2017-12-17 22:00,3255
2017-12-17 22:05,3218
2017-12-17 22:10,3191
2017-12-17 22:15,3149
2017-12-17 22:20,3084
2017-12-17 22:25,3078
2017-12-17 22:30,3052
2017-12-17 22:35,3037
2017-12-17 22:40,3008
2017-12-17 22:45,2996
2017-12-17 22:50,2960
2017-12-17 22:55,2931
2017-12-17 23:00,2900
2017-12-17 23:05,2876
2017-12-17 23:10,2867
2017-12-17 23:15,2810
2017-12-17 23:20,2763
2017-12-17 23:25,2739
2017-12-17 23:30,2722
2017-12-17 23:35,2672
2017-12-17 23:40,2665
2017-12-17 23:45,2650
2017-12-17 23:50,2607
2017-12-17 23:55,2565
2017-12-18 00:00,2564
2017-12-18 00:05,2542
2017-12-18 00:10,2538
2017-12-18 00:15,2541
2017-12-18 00:20,2533
2017-12-18 00:25,2507
2017-12-18 00:30,2479
2017-12-18 00:35,2462
2017-12-18 00:40,2450
2017-12-18 00:45,2419
2017-12-18 00:50,2388
2017-12-18 00:55,2386
2017-12-18 01:00,2368
2017-12-18 01:05,2357
2017-12-18 01:10,2345
2017-12-18 01:15,2325
2017-12-18 01:20,2299
2017-12-18 01:25,2265
2017-12-18 01:30,2255
2017-12-18 01:35,2222
2017-12-18 01:40,2209
2017-12-18 01:45,2199
2017-12-18 01:50,2195
2017-12-18 01:55,2186
2017-12-18 02:00,2185
2017-12-18 02:05,2178
2017-12-18 02:10,2173
2017-12-18 02:15,2150
2017-12-18 02:20,2131
2017-12-18 02:25,2129
2017-12-18 02:30,2112
2017-12-18 02:35,2104
2017-12-18 02:40,2094
2017-12-18 02:45,2081
2017-12-18 02:50,2038
2017-12-18 02:55,2033
2017-12-18 03:00,2010
2017-12-18 03:05,1966
2017-12-18 03:10,1970
2017-12-18 03:15,1978
2017-12-18 03:20,1967
2017-12-18 03:25,1957
2017-12-18 03:30,1947
2017-12-18 03:35,1907
2017-12-18 03:40,1908
2017-12-18 03:45,1876
2017-12-18 03:50,1875
2017-12-18 03:55,1844
2017-12-18 04:00,1835
2017-12-18 04:05,1815
2017-12-18 04:10,1793
2017-12-18 04:15,1767
2017-12-18 04:20,1767
2017-12-18 04:25,1762
2017-12-18 04:30,1758
2017-12-18 04:35,1718
2017-12-18 04:40,1699
2017-12-18 04:45,1688
2017-12-18 04:50,1673
2017-12-18 04:55,1687
2017-12-18 05:00,1652
2017-12-18 05:05,1631
2017-12-18 05:10,1633
2017-12-18 05:15,1605
2017-12-18 05:20,1589
2017-12-18 05:25,1592
2017-12-18 05:30,1571
2017-12-18 05:35,1558
2017-12-18 05:40,1537
2017-12-18 05:45,1550
2017-12-18 05:50,1555
2017-12-18 05:55,1553
2017-12-18 06:00,1545
2017-12-18 06:05,1537
2017-12-18 06:10,1542
2017-12-18 06:15,1563
2017-12-18 06:20,1548
2017-12-18 06:25,1564
2017-12-18 06:30,1552
2017-12-18 06:35,1561
2017-12-18 06:40,1542
2017-12-18 06:45,1546
2017-12-18 06:50,1543
2017-12-18 06:55,1520
2017-12-18 07:00,1507
2017-12-18 07:05,1515
2017-12-18 07:10,1513
2017-12-18 07:15,1520
2017-12-18 07:20,1514
2017-12-18 07:25,1504
2017-12-18 07:30,1519
2017-12-18 07:35,1517
2017-12-18 07:40,1502
2017-12-18 07:45,1513
2017-12-18 07:50,1516
2017-12-18 07:55,1523
2017-12-18 08:00,1494
2017-12-18 08:05,1504
2017-12-18 08:10,1509
2017-12-18 08:15,1522
2017-12-18 08:20,1524
2017-12-18 08:25,1527
2017-12-18 08:30,1526
2017-12-18 08:35,1543
2017-12-18 08:40,1557
2017-12-18 08:45,1554
2017-12-18 08:50,1557
2017-12-18 08:55,1574
2017-12-18 09:00,1583
2017-12-18 09:05,1579
2017-12-18 09:10,1579
2017-12-18 09:15,1587
2017-12-18 09:20,1579
2017-12-18 09:25,1587
2017-12-18 09:30,1597
2017-12-18 09:35,1612
2017-12-18 09:40,1637
2017-12-18 09:45,1667
2017-12-18 09:50,1694
2017-12-18 09:55,1704
2017-12-18 10:00,1713
2017-12-18 10:05,1726
2017-12-18 10:10,1750
2017-12-18 10:15,1792
2017-12-18 10:20,1814
2017-12-18 10:25,1814
2017-12-18 10:30,1835
2017-12-18 10:35,1861
2017-12-18 10:40,1866
2017-12-18 10:45,1896
2017-12-18 10:50,1910
2017-12-18 10:55,1924
2017-12-18 11:00,1918
2017-12-18 11:05,1926
2017-12-18 11:10,1960
2017-12-18 11:15,1971
2017-12-18 11:20,1966
2017-12-18 11:25,1981
2017-12-18 11:30,1990
2017-12-18 11:35,2010
2017-12-18 11:40,2042
2017-12-18 11:45,2070
2017-12-18 11:50,2090
2017-12-18 11:55,2108
2017-12-18 12:00,2132
2017-12-18 12:05,2144
2017-12-18 12:10,2148
2017-12-18 12:15,2157
2017-12-18 12:20,2182
2017-12-18 12:25,2191
2017-12-18 12:30,2197
2017-12-18 12:35,2215
2017-12-18 12:40,2234
2017-12-18 12:45,2252
2017-12-18 12:50,2298
2017-12-18 12:55,2292
2017-12-18 13:00,2305
2017-12-18 13:05,2326
2017-12-18 13:10,2349
2017-12-18 13:15,2354
2017-12-18 13:20,2373
2017-12-18 13:25,2394
2017-12-18 13:30,2411
2017-12-18 13:35,2422
2017-12-18 13:40,2436
2017-12-18 13:45,2455
2017-12-18 13:50,2488
2017-12-18 13:55,2479
2017-12-18 14:00,2503
2017-12-18 14:05,2493
2017-12-18 14:10,2527
2017-12-18 14:15,2544
2017-12-18 14:20,2558
2017-12-18 14:25,2585
2017-12-18 14:30,2613
2017-12-18 14:35,2629
2017-12-18 14:40,2673
2017-12-18 14:45,2703
2017-12-18 14:50,2746
2017-12-18 14:55,2732
2017-12-18 15:00,2745
2017-12-18 15:05,2763
2017-12-18 15:10,2782
2017-12-18 15:15,2802
2017-12-18 15:20,2794
2017-12-18 15:25,2811
2017-12-18 15:30,2821
2017-12-18 15:35,2835
2017-12-18 15:40,2832
2017-12-18 15:45,2862
2017-12-18 15:50,2880
2017-12-18 15:55,2910
2017-12-18 16:00,2952
2017-12-18 16:05,2940
2017-12-18 16:10,2986
2017-12-18 16:15,3007
2017-12-18 16:20,3036
2017-12-18 16:25,3070
2017-12-18 16:30,3110
2017-12-18 16:35,3113
2017-12-18 16:40,3139
2017-12-18 16:45,3161
2017-12-18 16:50,3191
2017-12-18 16:55,3213
2017-12-18 17:00,3235
2017-12-18 17:05,3260
2017-12-18 17:10,3267
2017-12-18 17:15,3261
2017-12-18 17:20,3267
2017-12-18 17:25,3292
2017-12-18 17:30,3298
2017-12-18 17:35,3338
2017-12-18 17:40,3376
2017-12-18 17:45,3399
2017-12-18 17:50,3427
2017-12-18 17:55,3430
2017-12-18 18:00,3414
2017-12-18 18:05,3389
2017-12-18 18:10,3415
2017-12-18 18:15,3414
2017-12-18 18:20,3437
2017-12-18 18:25,3425
2017-12-18 18:30,3431
2017-12-18 18:35,3445
2017-12-18 18:40,3462
2017-12-18 18:45,3466
2017-12-18 18:50,3480
2017-12-18 18:55,3496
2017-12-18 19:00,3493
2017-12-18 19:05,3489
2017-12-18 19:10,3517
2017-12-18 19:15,3572
2017-12-18 19:20,3580
2017-12-18 19:25,3573
2017-12-18 19:30,3572
2017-12-18 19:35,3576
2017-12-18 19:40,3575
2017-12-18 19:45,3609
2017-12-18 19:50,3577
2017-12-18 19:55,3573
2017-12-18 20:00,3556
2017-12-18 20:05,3538
2017-12-18 20:10,3544
2017-12-18 20:15,3548
2017-12-18 20:20,3512
2017-12-18 20:25,3475
2017-12-18 20:30,3471
2017-12-18 20:35,3435
2017-12-18 20:40,3398
2017-12-18 20:45,3416
2017-12-18 20:50,3385
2017-12-18 20:55,3365
2017-12-18 21:00,3365
2017-12-18 21:05,3371
2017-12-18 21:10,3381
2017-12-18 21:15,3340
2017-12-18 21:20,3306
2017-12-18 21:25,3289
2017-12-18 21:30,3277
2017-12-18 21:35,3241
2017-12-18 21:40,3200
2017-12-18 21:45,3174
2017-12-18 21:50,3135
2017-12-18 21:55,3113
2017-12-18 22:00,3058
2017-12-18 22:05,3020
2017-12-18 22:10,3015
2017-12-18 22:15,3002
2017-12-18 22:20,2969
2017-12-18 22:25,2959
2017-12-18 22:30,2944
2017-12-18 22:35,2936
2017-12-18 22:40,2908
2017-12-18 22:45,2864
2017-12-18 22:50,2858
2017-12-18 22:55,2844
2017-12-18 23:00,2797
2017-12-18 23:05,2789
2017-12-18 23:10,2759
2017-12-18 23:15,2731
2017-12-18 23:20,2687
2017-12-18 23:25,2648
2017-12-18 23:30,2603
2017-12-18 23:35,2591
2017-12-18 23:40,2562
2017-12-18 23:45,2539
2017-12-18 23:50,2504
2017-12-18 23:55,2500
2017-12-19 00:00,2473
2017-12-19 00:05,2454
2017-12-19 00:10,2459
2017-12-19 00:15,2442
2017-12-19 00:20,2440
2017-12-19 00:25,2434
2017-12-19 00:30,2410
2017-12-19 00:35,2410
2017-12-19 00:40,2367
2017-12-19 00:45,2341
2017-12-19 00:50,2332
2017-12-19 00:55,2317
2017-12-19 01:00,2295
2017-12-19 01:05,2276
2017-12-19 01:10,2310
2017-12-19 01:15,2304
2017-12-19 01:20,2289
2017-12-19 01:25,2282
2017-12-19 01:30,2259
2017-12-19 01:35,2246
2017-12-19 01:40,2240
2017-12-19 01:45,2241
2017-12-19 01:50,2223
2017-12-19 01:55,2222
2017-12-19 02:00,0
2017-12-19 02:05,2212
2017-12-19 02:10,2208
2017-12-19 02:15,2191
2017-12-19 02:20,2168
2017-12-19 02:25,2160
2017-12-19 02:30,2182
2017-12-19 02:35,2145
2017-12-19 02:40,2125
2017-12-19 02:45,2090
2017-12-19 02:50,2079
2017-12-19 02:55,2072
2017-12-19 03:00,2041
2017-12-19 03:05,2001
2017-12-19 03:10,2006
2017-12-19 03:15,2003
2017-12-19 03:20,2019
2017-12-19 03:25,2012
2017-12-19 03:30,1984
2017-12-19 03:35,1942
2017-12-19 03:40,1934
2017-12-19 03:45,1924
2017-12-19 03:50,1893
2017-12-19 03:55,1868
2017-12-19 04:00,1867
2017-12-19 04:05,1838
2017-12-19 04:10,1808
2017-12-19 04:15,1809
2017-12-19 04:20,1797
2017-12-19 04:25,1789
2017-12-19 04:30,1760
2017-12-19 04:35,1743
2017-12-19 04:40,1727
2017-12-19 04:45,1749
2017-12-19 04:50,1739
2017-12-19 04:55,1744
2017-12-19 05:00,1713
2017-12-19 05:05,1728
2017-12-19 05:10,1747
2017-12-19 05:15,1729
2017-12-19 05:20,1723
2017-12-19 05:25,1708
2017-12-19 05:30,1704
2017-12-19 05:35,1675
2017-12-19 05:40,1668
2017-12-19 05:45,1652
2017-12-19 05:50,1634
2017-12-19 05:55,1613
2017-12-19 06:00,1598
2017-12-19 06:05,1589
2017-12-19 06:10,1603
2017-12-19 06:15,1586
2017-12-19 06:20,1563
2017-12-19 06:25,1560
2017-12-19 06:30,1564
2017-12-19 06:35,1529
2017-12-19 06:40,1513
2017-12-19 06:45,1514
2017-12-19 06:50,1484
2017-12-19 06:55,1505
2017-12-19 07:00,1505
2017-12-19 07:05,1512
2017-12-19 07:10,1519
2017-12-19 07:15,1504
2017-12-19 07:20,1498
2017-12-19 07:25,1497
2017-12-19 07:30,1502
2017-12-19 07:35,1498
2017-12-19 07:40,1508
2017-12-19 07:45,1510
2017-12-19 07:50,1513
2017-12-19 07:55,1513
2017-12-19 08:00,1525
2017-12-19 08:05,1524
2017-12-19 08:10,1540
2017-12-19 08:15,1526
2017-12-19 08:20,1531
2017-12-19 08:25,1532
2017-12-19 08:30,1533
2017-12-19 08:35,1538
2017-12-19 08:40,1547
2017-12-19 08:45,1552
2017-12-19 08:50,1544
2017-12-19 08:55,1554
2017-12-19 09:00,1582
2017-12-19 09:05,1582
2017-12-19 09:10,1590
2017-12-19 09:15,1607
2017-12-19 09:20,1638
2017-12-19 09:25,1632
2017-12-19 09:30,1672
2017-12-19 09:35,1668
2017-12-19 09:40,1664
2017-12-19 09:45,1683
2017-12-19 09:50,1703
2017-12-19 09:55,1703
2017-12-19 10:00,1722
2017-12-19 10:05,1754
2017-12-19 10:10,1793
2017-12-19 10:15,1810
2017-12-19 10:20,1835
2017-12-19 10:25,1863
2017-12-19 10:30,1861
2017-12-19 10:35,1866
2017-12-19 10:40,1887
2017-12-19 10:45,1912
2017-12-19 10:50,1922
2017-12-19 10:55,1910
2017-12-19 11:00,1939
2017-12-19 11:05,1960
2017-12-19 11:10,1969
2017-12-19 11:15,1996
2017-12-19 11:20,1994
2017-12-19 11:25,2010
2017-12-19 11:30,2015
2017-12-19 11:35,2010
2017-12-19 11:40,2017
2017-12-19 11:45,2010
2017-12-19 11:50,2034
2017-12-19 11:55,2048
2017-12-19 12:00,2058
2017-12-19 12:05,2074
2017-12-19 12:10,2100
2017-12-19 12:15,2118
2017-12-19 12:20,2127
2017-12-19 12:25,2147
2017-12-19 12:30,2185
2017-12-19 12:35,2201
2017-12-19 12:40,2223
2017-12-19 12:45,2261
2017-12-19 12:50,2290
2017-12-19 12:55,2288
2017-12-19 13:00,2299
2017-12-19 13:05,2315
2017-12-19 13:10,2309
2017-12-19 13:15,2338
2017-12-19 13:20,2296
2017-12-19 13:25,2327
2017-12-19 13:30,2350
2017-12-19 13:35,2340
2017-12-19 13:40,2351
2017-12-19 13:45,2370
2017-12-19 13:50,2395
2017-12-19 13:55,2399
2017-12-19 14:00,2415
2017-12-19 14:05,2417
2017-12-19 14:10,2442
2017-12-19 14:15,2439
2017-12-19 14:20,2465
2017-12-19 14:25,2500
2017-12-19 14:30,2527
2017-12-19 14:35,2574
2017-12-19 14:40,2593
2017-12-19 14:45,2609
2017-12-19 14:50,2612
2017-12-19 14:55,2664
2017-12-19 15:00,2681
2017-12-19 15:05,2697
2017-12-19 15:10,2730
2017-12-19 15:15,2775
2017-12-19 15:20,2804
2017-12-19 15:25,2803
2017-12-19 15:30,2824
2017-12-19 15:35,2845
2017-12-19 15:40,2893
2017-12-19 15:45,2920
2017-12-19 15:50,2920
2017-12-19 15:55,2920
2017-12-19 16:00,2963
2017-12-19 16:05,2970
2017-12-19 16:10,2968
2017-12-19 16:15,2986
2017-12-19 16:20,3014
2017-12-19 16:25,3045
2017-12-19 16:30,3059
2017-12-19 16:35,3108
2017-12-19 16:40,3108
2017-12-19 16:45,3124
2017-12-19 16:50,3146
2017-12-19 16:55,3160
2017-12-19 17:00,3179
2017-12-19 17:05,3195
2017-12-19 17:10,3172
2017-12-19 17:15,3220
2017-12-19 17:20,3215
2017-12-19 17:25,3236
2017-12-19 17:30,3246
2017-12-19 17:35,3250
2017-12-19 17:40,3250
2017-12-19 17:45,3224
2017-12-19 17:50,3212
2017-12-19 17:55,3203
2017-12-19 18:00,3237
2017-12-19 18:05,3230
2017-12-19 18:10,3243
2017-12-19 18:15,3220
2017-12-19 18:20,3243
2017-12-19 18:25,3255
2017-12-19 18:30,3286
2017-12-19 18:35,3282
2017-12-19 18:40,3290
2017-12-19 18:45,3313
2017-12-19 18:50,3293
2017-12-19 18:55,3288
2017-12-19 19:00,3319
2017-12-19 19:05,3325
2017-12-19 19:10,3321
2017-12-19 19:15,3336
2017-12-19 19:20,3310
2017-12-19 19:25,3308
2017-12-19 19:30,3339
2017-12-19 19:35,3346
2017-12-19 19:40,3356
2017-12-19 19:45,3366
2017-12-19 19:50,3337
2017-12-19 19:55,3347
2017-12-19 20:00,3353
2017-12-19 20:05,3341
2017-12-19 20:10,3319
2017-12-19 20:15,3350
2017-12-19 20:20,3307
2017-12-19 20:25,3306
2017-12-19 20:30,3301
2017-12-19 20:35,3293
2017-12-19 20:40,3294
2017-12-19 20:45,3293
2017-12-19 20:50,3277
2017-12-19 20:55,3274
2017-12-19 21:00,3245
2017-12-19 21:05,3232
2017-12-19 21:10,3207
2017-12-19 21:15,3169
2017-12-19 21:20,3144
2017-12-19 21:25,3128
2017-12-19 21:30,3093
2017-12-19 21:35,3057
2017-12-19 21:40,3027
2017-12-19 21:45,3013
2017-12-19 21:50,2975
2017-12-19 21:55,2957
2017-12-19 22:00,2925
2017-12-19 22:05,2900
2017-12-19 22:10,2899
2017-12-19 22:15,2867
2017-12-19 22:20,2831
2017-12-19 22:25,2793
2017-12-19 22:30,2775
2017-12-19 22:35,2725
2017-12-19 22:40,2708
2017-12-19 22:45,2701
2017-12-19 22:50,2692
2017-12-19 22:55,2676
2017-12-19 23:00,2672
2017-12-19 23:05,2649
2017-12-19 23:10,2627
2017-12-19 23:15,2595
2017-12-19 23:20,2585
2017-12-19 23:25,2555
2017-12-19 23:30,2527
2017-12-19 23:35,2506
2017-12-19 23:40,2493
2017-12-19 23:45,2477
2017-12-19 23:50,2450
2017-12-19 23:55,2447
2017-12-20 00:00,2367
2017-12-20 00:05,2258
2017-12-20 00:10,2177
2017-12-20 00:15,2103
2017-12-20 00:20,2043
2017-12-20 00:25,0
2017-12-20 00:30,1352
2017-12-20 00:35,1898
2017-12-20 00:40,2121
2017-12-20 00:45,2144
2017-12-20 00:50,2169
2017-12-20 00:55,2172
2017-12-20 01:00,2174
2017-12-20 01:05,2171
2017-12-20 01:10,2208
2017-12-20 01:15,2205
2017-12-20 01:20,2196
2017-12-20 01:25,2198
2017-12-20 01:30,2171
2017-12-20 01:35,2167
2017-12-20 01:40,2145
2017-12-20 01:45,2161
2017-12-20 01:50,2171
2017-12-20 01:55,2183
2017-12-20 02:00,2162
2017-12-20 02:05,2155
2017-12-20 02:10,2136
2017-12-20 02:15,2154
2017-12-20 02:20,2145
2017-12-20 02:25,2152
2017-12-20 02:30,2152
2017-12-20 02:35,2127
2017-12-20 02:40,2116
2017-12-20 02:45,2091
2017-12-20 02:50,2091
2017-12-20 02:55,2074
2017-12-20 03:00,2061
2017-12-20 03:05,2023
2017-12-20 03:10,2018
2017-12-20 03:15,1984
2017-12-20 03:20,1984
2017-12-20 03:25,1972
2017-12-20 03:30,1956
2017-12-20 03:35,1927
2017-12-20 03:40,1942
2017-12-20 03:45,1926
2017-12-20 03:50,1907
2017-12-20 03:55,1890
2017-12-20 04:00,1875
2017-12-20 04:05,1872
2017-12-20 04:10,1863
2017-12-20 04:15,1851
2017-12-20 04:20,1830
2017-12-20 04:25,1827
2017-12-20 04:30,1803
2017-12-20 04:35,1782
2017-12-20 04:40,1769
2017-12-20 04:45,1779
2017-12-20 04:50,1773
2017-12-20 04:55,1772
2017-12-20 05:00,1758
2017-12-20 05:05,1736
2017-12-20 05:10,1726
2017-12-20 05:15,1680
2017-12-20 05:20,1672
2017-12-20 05:25,1670
2017-12-20 05:30,1651
2017-12-20 05:35,1623
2017-12-20 05:40,1629
2017-12-20 05:45,1602
2017-12-20 05:50,1589
2017-12-20 05:55,1557
2017-12-20 06:00,1539
2017-12-20 06:05,1529
2017-12-20 06:10,1530
2017-12-20 06:15,1507
2017-12-20 06:20,1499
2017-12-20 06:25,1514
2017-12-20 06:30,1527
2017-12-20 06:35,1499
2017-12-20 06:40,1478
2017-12-20 06:45,1484
2017-12-20 06:50,1488
2017-12-20 06:55,1482
2017-12-20 07:00,1479
2017-12-20 07:05,1474
2017-12-20 07:10,1453
2017-12-20 07:15,1459
2017-12-20 07:20,1470
2017-12-20 07:25,1469
2017-12-20 07:30,1476
2017-12-20 07:35,1468
2017-12-20 07:40,1455
2017-12-20 07:45,1465
2017-12-20 07:50,1466
2017-12-20 07:55,1462
2017-12-20 08:00,1466
2017-12-20 08:05,1476
2017-12-20 08:10,1477
2017-12-20 08:15,1500
2017-12-20 08:20,1504
2017-12-20 08:25,1508
2017-12-20 08:30,1520
2017-12-20 08:35,1523
2017-12-20 08:40,1508
2017-12-20 08:45,1521
2017-12-20 08:50,1550
2017-12-20 08:55,1542
2017-12-20 09:00,1549
2017-12-20 09:05,1557
2017-12-20 09:10,1543
2017-12-20 09:15,1557
2017-12-20 09:20,1580
2017-12-20 09:25,1591
2017-12-20 09:30,1602
2017-12-20 09:35,1633
2017-12-20 09:40,1648
2017-12-20 09:45,1682
2017-12-20 09:50,1698
2017-12-20 09:55,1720
2017-12-20 10:00,1750
2017-12-20 10:05,1754
2017-12-20 10:10,1765
2017-12-20 10:15,1788
2017-12-20 10:20,1790
2017-12-20 10:25,1812
2017-12-20 10:30,1824
2017-12-20 10:35,1819
2017-12-20 10:40,1830
2017-12-20 10:45,1842
2017-12-20 10:50,1858
2017-12-20 10:55,1876
2017-12-20 11:00,1889
2017-12-20 11:05,1900
2017-12-20 11:10,1902
2017-12-20 11:15,1921
2017-12-20 11:20,1929
2017-12-20 11:25,1947
2017-12-20 11:30,1981
2017-12-20 11:35,2013
2017-12-20 11:40,2037
2017-12-20 11:45,2046
2017-12-20 11:50,2051
2017-12-20 11:55,2049
2017-12-20 12:00,2045
2017-12-20 12:05,2045
2017-12-20 12:10,2049
2017-12-20 12:15,2059
2017-12-20 12:20,2076
2017-12-20 12:25,2095
2017-12-20 12:30,2115
2017-12-20 12:35,2106
2017-12-20 12:40,2118
2017-12-20 12:45,2149
2017-12-20 12:50,2173
2017-12-20 12:55,2174
2017-12-20 13:00,2206
2017-12-20 13:05,2216
2017-12-20 13:10,2257
2017-12-20 13:15,2268
2017-12-20 13:20,2301
2017-12-20 13:25,2326
2017-12-20 13:30,2347
2017-12-20 13:35,2358
2017-12-20 13:40,2393
2017-12-20 13:45,2402
2017-12-20 13:50,2397
2017-12-20 13:55,2449
2017-12-20 14:00,2457
2017-12-20 14:05,2463
2017-12-20 14:10,2458
2017-12-20 14:15,2451
2017-12-20 14:20,2481
2017-12-20 14:25,2504
2017-12-20 14:30,2528
2017-12-20 14:35,2544
2017-12-20 14:40,2529
2017-12-20 14:45,2573
2017-12-20 14:50,2584
2017-12-20 14:55,2602
2017-12-20 15:00,2610
2017-12-20 15:05,2635
2017-12-20 15:10,2653
2017-12-20 15:15,2669
2017-12-20 15:20,2657
2017-12-20 15:25,2678
2017-12-20 15:30,2710
2017-12-20 15:35,2722
2017-12-20 15:40,2746
2017-12-20 15:45,2759
2017-12-20 15:50,2791
2017-12-20 15:55,2817
2017-12-20 16:00,2835
2017-12-20 16:05,2846
2017-12-20 16:10,2881
2017-12-20 16:15,2901
2017-12-20 16:20,2943
2017-12-20 16:25,2940
2017-12-20 16:30,2974
2017-12-20 16:35,2975
2017-12-20 16:40,3010
2017-12-20 16:45,3001
2017-12-20 16:50,3043
2017-12-20 16:55,3066
2017-12-20 17:00,3095
2017-12-20 17:05,3131
2017-12-20 17:10,3171
2017-12-20 17:15,3190
2017-12-20 17:20,3204
2017-12-20 17:25,3195
2017-12-20 17:30,3178
2017-12-20 17:35,3165
2017-12-20 17:40,3201
2017-12-20 17:45,3211
2017-12-20 17:50,3238
2017-12-20 17:55,3259
2017-12-20 18:00,3257
2017-12-20 18:05,3269
2017-12-20 18:10,3277
2017-12-20 18:15,3272
2017-12-20 18:20,3301
2017-12-20 18:25,3305
2017-12-20 18:30,3300
2017-12-20 18:35,3311
2017-12-20 18:40,3297
2017-12-20 18:45,3289
2017-12-20 18:50,3267
2017-12-20 18:55,3276
2017-12-20 19:00,3293
2017-12-20 19:05,3265
2017-12-20 19:10,3261
2017-12-20 19:15,3275
2017-12-20 19:20,3274
2017-12-20 19:25,3267
2017-12-20 19:30,3270
2017-12-20 19:35,3279
2017-12-20 19:40,3292
2017-12-20 19:45,3295
2017-12-20 19:50,3311
2017-12-20 19:55,3314
2017-12-20 20:00,3297
2017-12-20 20:05,3301
2017-12-20 20:10,3276
2017-12-20 20:15,3256
2017-12-20 20:20,3260
2017-12-20 20:25,3261
2017-12-20 20:30,3278
2017-12-20 20:35,3278
2017-12-20 20:40,3244
2017-12-20 20:45,3218
2017-12-20 20:50,3214
2017-12-20 20:55,3166
2017-12-20 21:00,3147
2017-12-20 21:05,3117
2017-12-20 21:10,3105
2017-12-20 21:15,3082
2017-12-20 21:20,3060
2017-12-20 21:25,3030
2017-12-20 21:30,3021
2017-12-20 21:35,3003
2017-12-20 21:40,2968
2017-12-20 21:45,2927
2017-12-20 21:50,2897
2017-12-20 21:55,2904
2017-12-20 22:00,2871
2017-12-20 22:05,2832
2017-12-20 22:10,2793
2017-12-20 22:15,2778
2017-12-20 22:20,2760
2017-12-20 22:25,2751
2017-12-20 22:30,2718
2017-12-20 22:35,2711
2017-12-20 22:40,2690
2017-12-20 22:45,2662
2017-12-20 22:50,2649
2017-12-20 22:55,2639
2017-12-20 23:00,2647
2017-12-20 23:05,2605
2017-12-20 23:10,2582
2017-12-20 23:15,2561
2017-12-20 23:20,2535
2017-12-20 23:25,2507
2017-12-20 23:30,2492
2017-12-20 23:35,2483
2017-12-20 23:40,2432
2017-12-20 23:45,2408
2017-12-20 23:50,2421
2017-12-20 23:55,2402
2017-12-21 00:00,2400
2017-12-21 00:05,2367
2017-12-21 00:10,2360
2017-12-21 00:15,2353
2017-12-21 00:20,2331
2017-12-21 00:25,2297
2017-12-21 00:30,2283
2017-12-21 00:35,2263
2017-12-21 00:40,2264
2017-12-21 00:45,2266
2017-12-21 00:50,2245
2017-12-21 00:55,2238
2017-12-21 01:00,2233
2017-12-21 01:05,2216
2017-12-21 01:10,2214
2017-12-21 01:15,2215
2017-12-21 01:20,2200
2017-12-21 01:25,2196
2017-12-21 01:30,2176
2017-12-21 01:35,2124
2017-12-21 01:40,2113
2017-12-21 01:45,2082
2017-12-21 01:50,2089
2017-12-21 01:55,2090
2017-12-21 02:00,2111
2017-12-21 02:05,2100
2017-12-21 02:10,2074
2017-12-21 02:15,2053
2017-12-21 02:20,2052
2017-12-21 02:25,2053
2017-12-21 02:30,2043
2017-12-21 02:35,2049
2017-12-21 02:40,2050
2017-12-21 02:45,1998
2017-12-21 02:50,2012
2017-12-21 02:55,2006
2017-12-21 03:00,1997
2017-12-21 03:05,1994
2017-12-21 03:10,1985
2017-12-21 03:15,1963
2017-12-21 03:20,1950
2017-12-21 03:25,1936
2017-12-21 03:30,1902
2017-12-21 03:35,1891
2017-12-21 03:40,1874
2017-12-21 03:45,1866
2017-12-21 03:50,1874
2017-12-21 03:55,1849
2017-12-21 04:00,1830
2017-12-21 04:05,1805
2017-12-21 04:10,1792
2017-12-21 04:15,1792
2017-12-21 04:20,1781
2017-12-21 04:25,1807
2017-12-21 04:30,1789
2017-12-21 04:35,1774
2017-12-21 04:40,1750
2017-12-21 04:45,1724
2017-12-21 04:50,1707
2017-12-21 04:55,1673
2017-12-21 05:00,1670
2017-12-21 05:05,1643
2017-12-21 05:10,1623
2017-12-21 05:15,1612
2017-12-21 05:20,1589
2017-12-21 05:25,1559
2017-12-21 05:30,1542
2017-12-21 05:35,1547
2017-12-21 05:40,1548
2017-12-21 05:45,1552
2017-12-21 05:50,1549
2017-12-21 05:55,1545
2017-12-21 06:00,1536
2017-12-21 06:05,1517
2017-12-21 06:10,1509
2017-12-21 06:15,1493
2017-12-21 06:20,1487
2017-12-21 06:25,1479
2017-12-21 06:30,1448
2017-12-21 06:35,1456
2017-12-21 06:40,1455
2017-12-21 06:45,1456
2017-12-21 06:50,1455
2017-12-21 06:55,1455
2017-12-21 07:00,1474
2017-12-21 07:05,1442
2017-12-21 07:10,1438
2017-12-21 07:15,1442
2017-12-21 07:20,1428
2017-12-21 07:25,1427
2017-12-21 07:30,1424
2017-12-21 07:35,1432
2017-12-21 07:40,1423
2017-12-21 07:45,1442
2017-12-21 07:50,1427
2017-12-21 07:55,1431
2017-12-21 08:00,1415
2017-12-21 08:05,1402
2017-12-21 08:10,1410
2017-12-21 08:15,1428
2017-12-21 08:20,1427
2017-12-21 08:25,1461
2017-12-21 08:30,1493
2017-12-21 08:35,1483
2017-12-21 08:40,1493
2017-12-21 08:45,1519
2017-12-21 08:50,1525
2017-12-21 08:55,1545
2017-12-21 09:00,1553
2017-12-21 09:05,1584
2017-12-21 09:10,1564
2017-12-21 09:15,1568
2017-12-21 09:20,1584
2017-12-21 09:25,1590
2017-12-21 09:30,1605
2017-12-21 09:35,1617
2017-12-21 09:40,1626
2017-12-21 09:45,1650
2017-12-21 09:50,1663
2017-12-21 09:55,1668
2017-12-21 10:00,1693
2017-12-21 10:05,1712
2017-12-21 10:10,1738
2017-12-21 10:15,1746
2017-12-21 10:20,1763
2017-12-21 10:25,1784
2017-12-21 10:30,1796
2017-12-21 10:35,1830
2017-12-21 10:40,1843
2017-12-21 10:45,1866
2017-12-21 10:50,1878
2017-12-21 10:55,1900
2017-12-21 11:00,1915
2017-12-21 11:05,1941
2017-12-21 11:10,1965
2017-12-21 11:15,2005
2017-12-21 11:20,2025
2017-12-21 11:25,2028
2017-12-21 11:30,2030
2017-12-21 11:35,2057
2017-12-21 11:40,2079
2017-12-21 11:45,2092
2017-12-21 11:50,2115
2017-12-21 11:55,2099
2017-12-21 12:00,2110
2017-12-21 12:05,2112
2017-12-21 12:10,2107
2017-12-21 12:15,2122
2017-12-21 12:20,2135
2017-12-21 12:25,2149
2017-12-21 12:30,2148
2017-12-21 12:35,2172
2017-12-21 12:40,2193
2017-12-21 12:45,2214
2017-12-21 12:50,2225
2017-12-21 12:55,2243
2017-12-21 13:00,2236
2017-12-21 13:05,2245
2017-12-21 13:10,2256
2017-12-21 13:15,2293
2017-12-21 13:20,2338
2017-12-21 13:25,2364
2017-12-21 13:30,2366
2017-12-21 13:35,2333
2017-12-21 13:40,2343
2017-12-21 13:45,2345
2017-12-21 13:50,2366
2017-12-21 13:55,2373
2017-12-21 14:00,2375
2017-12-21 14:05,2378
2017-12-21 14:10,2364
2017-12-21 14:15,2385
2017-12-21 14:20,2378
2017-12-21 14:25,2424
2017-12-21 14:30,2438
2017-12-21 14:35,2425
2017-12-21 14:40,2363
2017-12-21 14:45,2348
2017-12-21 14:50,2329
2017-12-21 14:55,2262
2017-12-21 15:00,2046
2017-12-21 15:05,1493
2017-12-21 15:10,1475
2017-12-21 15:15,1467
2017-12-21 15:20,1447
2017-12-21 15:25,1466
2017-12-21 15:30,1476
2017-12-21 15:35,1460
2017-12-21 15:40,1476
2017-12-21 15:45,1492
2017-12-21 15:50,1500
2017-12-21 15:55,1515
2017-12-21 16:00,1534
2017-12-21 16:05,1544
2017-12-21 16:10,1554
2017-12-21 16:15,1568
2017-12-21 16:20,1591
2017-12-21 16:25,1590
2017-12-21 16:30,1612
2017-12-21 16:35,1644
2017-12-21 16:40,1669
2017-12-21 16:45,1723
2017-12-21 16:50,1884
2017-12-21 16:55,2029
2017-12-21 17:00,2204
2017-12-21 17:05,2383
2017-12-21 17:10,2518
2017-12-21 17:15,2642
2017-12-21 17:20,2727
2017-12-21 17:25,2825
2017-12-21 17:30,2907
2017-12-21 17:35,2973
2017-12-21 17:40,3028
2017-12-21 17:45,3100
2017-12-21 17:50,3157
2017-12-21 17:55,3174
2017-12-21 18:00,3177
2017-12-21 18:05,3204
2017-12-21 18:10,3248
2017-12-21 18:15,3282
2017-12-21 18:20,3345
2017-12-21 18:25,3362
2017-12-21 18:30,3365
2017-12-21 18:35,3331
2017-12-21 18:40,3351
2017-12-21 18:45,3362
2017-12-21 18:50,3379
2017-12-21 18:55,3420
2017-12-21 19:00,3404
2017-12-21 19:05,3380
2017-12-21 19:10,3348
2017-12-21 19:15,3315
2017-12-21 19:20,3309
2017-12-21 19:25,3329
2017-12-21 19:30,3333
2017-12-21 19:35,3345
2017-12-21 19:40,3314
2017-12-21 19:45,3291
2017-12-21 19:50,3314
2017-12-21 19:55,3317
2017-12-21 20:00,3323
2017-12-21 20:05,3287
2017-12-21 20:10,3280
2017-12-21 20:15,3217
2017-12-21 20:20,3184
2017-12-21 20:25,3197
2017-12-21 20:30,3205
2017-12-21 20:35,3199
2017-12-21 20:40,3182
2017-12-21 20:45,3166
2017-12-21 20:50,3120
2017-12-21 20:55,3112
2017-12-21 21:00,3108
2017-12-21 21:05,3075
2017-12-21 21:10,3071
2017-12-21 21:15,3042
2017-12-21 21:20,3013
2017-12-21 21:25,2970
2017-12-21 21:30,2980
2017-12-21 21:35,2977
2017-12-21 21:40,2971
2017-12-21 21:45,2944
2017-12-21 21:50,2920
2017-12-21 21:55,2892
2017-12-21 22:00,2824
2017-12-21 22:05,2770
2017-12-21 22:10,2757
2017-12-21 22:15,2737
2017-12-21 22:20,2727
2017-12-21 22:25,2718
2017-12-21 22:30,0
2017-12-21 22:35,2654
2017-12-21 22:40,2649
2017-12-21 22:45,2641
2017-12-21 22:50,2616
2017-12-21 22:55,2581
2017-12-21 23:00,2571
2017-12-21 23:05,2514
2017-12-21 23:10,2501
2017-12-21 23:15,2497
2017-12-21 23:20,2463
2017-12-21 23:25,2444
2017-12-21 23:30,2439
2017-12-21 23:35,2417
2017-12-21 23:40,2386
2017-12-21 23:45,2362
2017-12-21 23:50,2360
2017-12-21 23:55,2356
2017-12-22 00:00,2347
2017-12-22 00:05,2321
2017-12-22 00:10,2268
2017-12-22 00:15,2243
2017-12-22 00:20,2202
2017-12-22 00:25,2214
2017-12-22 00:30,2199
2017-12-22 00:35,2200
2017-12-22 00:40,2173
2017-12-22 00:45,2158
2017-12-22 00:50,2154
2017-12-22 00:55,2136
2017-12-22 01:00,2117
2017-12-22 01:05,2112
2017-12-22 01:10,2059
2017-12-22 01:15,2056
2017-12-22 01:20,2025
2017-12-22 01:25,2030
2017-12-22 01:30,2041
2017-12-22 01:35,2019
2017-12-22 01:40,2011
2017-12-22 01:45,1996
2017-12-22 01:50,1981
2017-12-22 01:55,1974
2017-12-22 02:00,1961
2017-12-22 02:05,1960
2017-12-22 02:10,1961
2017-12-22 02:15,1953
2017-12-22 02:20,1951
2017-12-22 02:25,1931
2017-12-22 02:30,1917
2017-12-22 02:35,1912
2017-12-22 02:40,1896
2017-12-22 02:45,1903
2017-12-22 02:50,1895
2017-12-22 02:55,1896
2017-12-22 03:00,1897
2017-12-22 03:05,1875
2017-12-22 03:10,1892
2017-12-22 03:15,1875
2017-12-22 03:20,1861
2017-12-22 03:25,1845
2017-12-22 03:30,1836
2017-12-22 03:35,1806
2017-12-22 03:40,1778
2017-12-22 03:45,1766
2017-12-22 03:50,1768
2017-12-22 03:55,1758
2017-12-22 04:00,1737
2017-12-22 04:05,1725
2017-12-22 04:10,1731
2017-12-22 04:15,1719
2017-12-22 04:20,1723
2017-12-22 04:25,1699
2017-12-22 04:30,1674
2017-12-22 04:35,1675
2017-12-22 04:40,1658
2017-12-22 04:45,1653
2017-12-22 04:50,1629
2017-12-22 04:55,1612
2017-12-22 05:00,1612
2017-12-22 05:05,1608
2017-12-22 05:10,1595
2017-12-22 05:15,1573
2017-12-22 05:20,1553
2017-12-22 05:25,1558
2017-12-22 05:30,1548
2017-12-22 05:35,1537
2017-12-22 05:40,1548
2017-12-22 05:45,1557
2017-12-22 05:50,1548
2017-12-22 05:55,1539
2017-12-22 06:00,1529
2017-12-22 06:05,1532
2017-12-22 06:10,1506
2017-12-22 06:15,1501
2017-12-22 06:20,1515
2017-12-22 06:25,1520
2017-12-22 06:30,1526
2017-12-22 06:35,1532
2017-12-22 06:40,1523
2017-12-22 06:45,1535
2017-12-22 06:50,1533
2017-12-22 06:55,1527
2017-12-22 07:00,1514
2017-12-22 07:05,1512
2017-12-22 07:10,1516
2017-12-22 07:15,1510
2017-12-22 07:20,1508
2017-12-22 07:25,1499
2017-12-22 07:30,1524
2017-12-22 07:35,1492
2017-12-22 07:40,1506
2017-12-22 07:45,1496
2017-12-22 07:50,1499
2017-12-22 07:55,1490
2017-12-22 08:00,1487
2017-12-22 08:05,1471
2017-12-22 08:10,1465
2017-12-22 08:15,1460
2017-12-22 08:20,1480
2017-12-22 08:25,1484
2017-12-22 08:30,1484
2017-12-22 08:35,1491
2017-12-22 08:40,1500
2017-12-22 08:45,1506
2017-12-22 08:50,1521
2017-12-22 08:55,1519
2017-12-22 09:00,1530
2017-12-22 09:05,1517
2017-12-22 09:10,1534
2017-12-22 09:15,1547
2017-12-22 09:20,1576
2017-12-22 09:25,1563
2017-12-22 09:30,1590
2017-12-22 09:35,1597
2017-12-22 09:40,1597
2017-12-22 09:45,1622
2017-12-22 09:50,1639
2017-12-22 09:55,1642
2017-12-22 10:00,1674
2017-12-22 10:05,1728
2017-12-22 10:10,1719
2017-12-22 10:15,1762
2017-12-22 10:20,1805
2017-12-22 10:25,1829
2017-12-22 10:30,1849
2017-12-22 10:35,1876
2017-12-22 10:40,1882
2017-12-22 10:45,1886
2017-12-22 10:50,1887
2017-12-22 10:55,1906
2017-12-22 11:00,1908
2017-12-22 11:05,1913
2017-12-22 11:10,1938
2017-12-22 11:15,1953
2017-12-22 11:20,1988
2017-12-22 11:25,1991
2017-12-22 11:30,1997
2017-12-22 11:35,2005
2017-12-22 11:40,2011
2017-12-22 11:45,2022
2017-12-22 11:50,2021
2017-12-22 11:55,2031
2017-12-22 12:00,2054
2017-12-22 12:05,2059
2017-12-22 12:10,2079
2017-12-22 12:15,2104
2017-12-22 12:20,2130
2017-12-22 12:25,2168
2017-12-22 12:30,2191
2017-12-22 12:35,2203
2017-12-22 12:40,2236
2017-12-22 12:45,2264
2017-12-22 12:50,2282
2017-12-22 12:55,2285
2017-12-22 13:00,2299
2017-12-22 13:05,2276
2017-12-22 13:10,2279
2017-12-22 13:15,2307
2017-12-22 13:20,2345
2017-12-22 13:25,2381
2017-12-22 13:30,2400
2017-12-22 13:35,2413
2017-12-22 13:40,2431
2017-12-22 13:45,2455
2017-12-22 13:50,2466
2017-12-22 13:55,2465
2017-12-22 14:00,2491
2017-12-22 14:05,2514
2017-12-22 14:10,2513
2017-12-22 14:15,2521
2017-12-22 14:20,2519
2017-12-22 14:25,2500
2017-12-22 14:30,2530
2017-12-22 14:35,2544
2017-12-22 14:40,2558
2017-12-22 14:45,2564
2017-12-22 14:50,2578
2017-12-22 14:55,2606
2017-12-22 15:00,2616
2017-12-22 15:05,2601
2017-12-22 15:10,2613
2017-12-22 15:15,2624
2017-12-22 15:20,2647
2017-12-22 15:25,2640
2017-12-22 15:30,2661
2017-12-22 15:35,2671
2017-12-22 15:40,2698
2017-12-22 15:45,2738
2017-12-22 15:50,2734
2017-12-22 15:55,2761
2017-12-22 16:00,2753
2017-12-22 16:05,2782
2017-12-22 16:10,2820
2017-12-22 16:15,2823
2017-12-22 16:20,2853
2017-12-22 16:25,2854
2017-12-22 16:30,2879
2017-12-22 16:35,2888
2017-12-22 16:40,2922
2017-12-22 16:45,2943
2017-12-22 16:50,2963
2017-12-22 16:55,3005
2017-12-22 17:00,3035
2017-12-22 17:05,3048
2017-12-22 17:10,3047
2017-12-22 17:15,3051
2017-12-22 17:20,3082
2017-12-22 17:25,3089
2017-12-22 17:30,3087
2017-12-22 17:35,3093
2017-12-22 17:40,3096
2017-12-22 17:45,3120
2017-12-22 17:50,3120
2017-12-22 17:55,3100
2017-12-22 18:00,3098
2017-12-22 18:05,3083
2017-12-22 18:10,3074
2017-12-22 18:15,3082
2017-12-22 18:20,3080
2017-12-22 18:25,3098
2017-12-22 18:30,3088
2017-12-22 18:35,3106
2017-12-22 18:40,3104
2017-12-22 18:45,3146
2017-12-22 18:50,3117
2017-12-22 18:55,3104
2017-12-22 19:00,3099
2017-12-22 19:05,3088
2017-12-22 19:10,3104
2017-12-22 19:15,3084
2017-12-22 19:20,3059
2017-12-22 19:25,3069
2017-12-22 19:30,3074
2017-12-22 19:35,3067
2017-12-22 19:40,3073
2017-12-22 19:45,3069
2017-12-22 19:50,3072
2017-12-22 19:55,3067
2017-12-22 20:00,3103
2017-12-22 20:05,3085
2017-12-22 20:10,3092
2017-12-22 20:15,3104
2017-12-22 20:20,3082
2017-12-22 20:25,3085
2017-12-22 20:30,3085
2017-12-22 20:35,3092
2017-12-22 20:40,3084
2017-12-22 20:45,3088
2017-12-22 20:50,3097
2017-12-22 20:55,3074
2017-12-22 21:00,3066
2017-12-22 21:05,3041
2017-12-22 21:10,3042
2017-12-22 21:15,3037
2017-12-22 21:20,3031
2017-12-22 21:25,3041
2017-12-22 21:30,3016
2017-12-22 21:35,2970
2017-12-22 21:40,3001
2017-12-22 21:45,2976
2017-12-22 21:50,2956
2017-12-22 21:55,2938
2017-12-22 22:00,2926
2017-12-22 22:05,2904
2017-12-22 22:10,2866
2017-12-22 22:15,2858
2017-12-22 22:20,2867
2017-12-22 22:25,2853
2017-12-22 22:30,2831
2017-12-22 22:35,2826
2017-12-22 22:40,2759
2017-12-22 22:45,2727
2017-12-22 22:50,2705
2017-12-22 22:55,2722
2017-12-22 23:00,2730
2017-12-22 23:05,2714
2017-12-22 23:10,2695
2017-12-22 23:15,2655
2017-12-22 23:20,2672
2017-12-22 23:25,2645
2017-12-22 23:30,2632
2017-12-22 23:35,2611
2017-12-22 23:40,2581
2017-12-22 23:45,2527
2017-12-22 23:50,2502
2017-12-22 23:55,2478
2017-12-23 00:00,2457
2017-12-23 00:05,2446
2017-12-23 00:10,2388
2017-12-23 00:15,2363
2017-12-23 00:20,2363
2017-12-23 00:25,2332
2017-12-23 00:30,2338
2017-12-23 00:35,2328
2017-12-23 00:40,2280
2017-12-23 00:45,2307
2017-12-23 00:50,2255
2017-12-23 00:55,2227
2017-12-23 01:00,2214
2017-12-23 01:05,2189
2017-12-23 01:10,2177
2017-12-23 01:15,2164
2017-12-23 01:20,2153
2017-12-23 01:25,2147
2017-12-23 01:30,2124
2017-12-23 01:35,2122
2017-12-23 01:40,2108
2017-12-23 01:45,2118
2017-12-23 01:50,2131
2017-12-23 01:55,2147
2017-12-23 02:00,2091
2017-12-23 02:05,2074
2017-12-23 02:10,2054
2017-12-23 02:15,2029
2017-12-23 02:20,2001
2017-12-23 02:25,2001
2017-12-23 02:30,1990
2017-12-23 02:35,2004
2017-12-23 02:40,1981
2017-12-23 02:45,1986
2017-12-23 02:50,1999
2017-12-23 02:55,1998
2017-12-23 03:00,2010
2017-12-23 03:05,2013
2017-12-23 03:10,2009
2017-12-23 03:15,2010
2017-12-23 03:20,1997
2017-12-23 03:25,1984
2017-12-23 03:30,1971
2017-12-23 03:35,1957
2017-12-23 03:40,1940
2017-12-23 03:45,1928
2017-12-23 03:50,1911
2017-12-23 03:55,1903
2017-12-23 04:00,1888
2017-12-23 04:05,1853
2017-12-23 04:10,1840
2017-12-23 04:15,1817
2017-12-23 04:20,1806
2017-12-23 04:25,1801
2017-12-23 04:30,1803
2017-12-23 04:35,1795
2017-12-23 04:40,1761
2017-12-23 04:45,1767
2017-12-23 04:50,1750
2017-12-23 04:55,1723
2017-12-23 05:00,1729
2017-12-23 05:05,1725
2017-12-23 05:10,0
2017-12-23 05:15,1665
2017-12-23 05:20,1658
2017-12-23 05:25,1658
2017-12-23 05:30,1659
2017-12-23 05:35,1658
2017-12-23 05:40,1627
2017-12-23 05:45,1618
2017-12-23 05:50,1619
2017-12-23 05:55,1613
2017-12-23 06:00,1598
2017-12-23 06:05,1600
2017-12-23 06:10,1598
2017-12-23 06:15,1585
2017-12-23 06:20,1576
2017-12-23 06:25,1582
2017-12-23 06:30,1592
2017-12-23 06:35,1590
2017-12-23 06:40,1622
2017-12-23 06:45,1595
2017-12-23 06:50,1590
2017-12-23 06:55,1581
2017-12-23 07:00,1596
2017-12-23 07:05,1592
2017-12-23 07:10,1615
2017-12-23 07:15,1608
2017-12-23 07:20,1620
2017-12-23 07:25,1640
2017-12-23 07:30,1672
2017-12-23 07:35,1667
2017-12-23 07:40,1693
2017-12-23 07:45,1705
2017-12-23 07:50,1713
2017-12-23 07:55,1732
2017-12-23 08:00,1731
2017-12-23 08:05,1733
2017-12-23 08:10,1773
2017-12-23 08:15,1792
2017-12-23 08:20,1806
2017-12-23 08:25,1814
2017-12-23 08:30,1825
2017-12-23 08:35,1845
2017-12-23 08:40,1859
2017-12-23 08:45,1875
2017-12-23 08:50,1881
2017-12-23 08:55,1891
2017-12-23 09:00,1904
2017-12-23 09:05,1894
2017-12-23 09:10,1923
2017-12-23 09:15,1942
2017-12-23 09:20,1966
2017-12-23 09:25,1988
2017-12-23 09:30,2006
2017-12-23 09:35,2005
2017-12-23 09:40,2026
2017-12-23 09:45,2033
2017-12-23 09:50,2056
2017-12-23 09:55,2089
2017-12-23 10:00,2107
2017-12-23 10:05,2133
2017-12-23 10:10,2167
2017-12-23 10:15,2180
2017-12-23 10:20,2202
2017-12-23 10:25,2227
2017-12-23 10:30,2251
2017-12-23 10:35,2289
2017-12-23 10:40,2306
2017-12-23 10:45,2332
2017-12-23 10:50,2341
2017-12-23 10:55,2344
2017-12-23 11:00,2362
2017-12-23 11:05,2343
2017-12-23 11:10,2357
2017-12-23 11:15,2358
2017-12-23 11:20,2363
2017-12-23 11:25,2401
2017-12-23 11:30,2435
2017-12-23 11:35,2438
2017-12-23 11:40,2468
2017-12-23 11:45,2498
2017-12-23 11:50,2514
2017-12-23 11:55,2523
2017-12-23 12:00,2501
2017-12-23 12:05,2507
2017-12-23 12:10,2524
2017-12-23 12:15,2520
2017-12-23 12:20,2545
2017-12-23 12:25,2567
2017-12-23 12:30,2576
2017-12-23 12:35,2605
2017-12-23 12:40,2615
2017-12-23 12:45,2642
2017-12-23 12:50,2654
2017-12-23 12:55,2676
2017-12-23 13:00,2691
2017-12-23 13:05,2704
2017-12-23 13:10,2738
2017-12-23 13:15,2759
2017-12-23 13:20,2765
2017-12-23 13:25,2767
2017-12-23 13:30,2779
2017-12-23 13:35,2786
2017-12-23 13:40,2802
2017-12-23 13:45,2809
2017-12-23 13:50,2814
2017-12-23 13:55,2822
2017-12-23 14:00,2812
2017-12-23 14:05,2834
2017-12-23 14:10,2853
2017-12-23 14:15,2859
2017-12-23 14:20,2832
2017-12-23 14:25,2844
2017-12-23 14:30,2855
2017-12-23 14:35,2887
2017-12-23 14:40,2918
2017-12-23 14:45,2928
2017-12-23 14:50,2958
2017-12-23 14:55,2976
2017-12-23 15:00,2990
2017-12-23 15:05,3014
2017-12-23 15:10,3037
2017-12-23 15:15,3040
2017-12-23 15:20,3053
2017-12-23 15:25,3080
2017-12-23 15:30,3102
2017-12-23 15:35,3114
2017-12-23 15:40,3140
2017-12-23 15:45,3144
2017-12-23 15:50,3178
2017-12-23 15:55,3167
2017-12-23 16:00,3199
2017-12-23 16:05,3184
2017-12-23 16:10,3186
2017-12-23 16:15,3219
2017-12-23 16:20,3224
2017-12-23 16:25,3253
2017-12-23 16:30,3257
2017-12-23 16:35,3250
2017-12-23 16:40,3279
2017-12-23 16:45,3290
2017-12-23 16:50,3326
2017-12-23 16:55,3329
2017-12-23 17:00,3353
2017-12-23 17:05,3394
2017-12-23 17:10,3391
2017-12-23 17:15,3387
2017-12-23 17:20,3406
2017-12-23 17:25,3427
2017-12-23 17:30,3419
2017-12-23 17:35,3424
2017-12-23 17:40,3440
2017-12-23 17:45,3474
2017-12-23 17:50,3480
2017-12-23 17:55,3471
2017-12-23 18:00,3480
2017-12-23 18:05,3479
2017-12-23 18:10,3437
2017-12-23 18:15,3436
2017-12-23 18:20,3427
2017-12-23 18:25,3458
2017-12-23 18:30,3446
2017-12-23 18:35,3431
2017-12-23 18:40,3426
2017-12-23 18:45,3423
2017-12-23 18:50,3427
2017-12-23 18:55,3406
2017-12-23 19:00,3404
2017-12-23 19:05,3381
2017-12-23 19:10,3367
2017-12-23 19:15,3389
2017-12-23 19:20,3379
2017-12-23 19:25,3362
2017-12-23 19:30,3354
2017-12-23 19:35,3364
2017-12-23 19:40,3354
2017-12-23 19:45,3347
2017-12-23 19:50,3353
2017-12-23 19:55,3353
2017-12-23 20:00,3348
2017-12-23 20:05,3312
2017-12-23 20:10,3300
2017-12-23 20:15,3320
2017-12-23 20:20,3332
2017-12-23 20:25,3356
2017-12-23 20:30,3316
2017-12-23 20:35,3308
2017-12-23 20:40,3291
2017-12-23 20:45,3268
2017-12-23 20:50,3263
2017-12-23 20:55,3247
2017-12-23 21:00,3190
2017-12-23 21:05,3209
2017-12-23 21:10,3191
2017-12-23 21:15,3197
2017-12-23 21:20,3193
2017-12-23 21:25,3185
2017-12-23 21:30,3176
2017-12-23 21:35,3145
2017-12-23 21:40,3126
2017-12-23 21:45,3116
2017-12-23 21:50,3086
2017-12-23 21:55,3081
2017-12-23 22:00,3077
2017-12-23 22:05,3061
2017-12-23 22:10,3043
2017-12-23 22:15,3031
2017-12-23 22:20,3006
2017-12-23 22:25,2995
2017-12-23 22:30,2988
2017-12-23 22:35,2944
2017-12-23 22:40,2900
2017-12-23 22:45,2896
2017-12-23 22:50,2851
2017-12-23 22:55,2799
2017-12-23 23:00,2807
2017-12-23 23:05,2780
2017-12-23 23:10,2759
2017-12-23 23:15,2742
2017-12-23 23:20,2702
2017-12-23 23:25,2662
2017-12-23 23:30,2645
2017-12-23 23:35,2631
2017-12-23 23:40,2629
2017-12-23 23:45,2605
2017-12-23 23:50,2582
2017-12-23 23:55,2548
2017-12-24 00:00,2529
2017-12-24 00:05,2500
2017-12-24 00:10,2474
2017-12-24 00:15,2434
2017-12-24 00:20,2395
2017-12-24 00:25,2400
2017-12-24 00:30,2355
2017-12-24 00:35,2338
2017-12-24 00:40,2310
2017-12-24 00:45,2300
2017-12-24 00:50,2251
2017-12-24 00:55,2219
2017-12-24 01:00,2206
2017-12-24 01:05,2209
2017-12-24 01:10,2190
2017-12-24 01:15,2181
2017-12-24 01:20,2183
2017-12-24 01:25,2167
2017-12-24 01:30,2139
2017-12-24 01:35,2123
2017-12-24 01:40,2126
2017-12-24 01:45,2118
2017-12-24 01:50,2112
2017-12-24 01:55,2092
2017-12-24 02:00,2067
2017-12-24 02:05,2043
2017-12-24 02:10,2059
2017-12-24 02:15,2037
2017-12-24 02:20,2029
2017-12-24 02:25,2009
2017-12-24 02:30,2009
2017-12-24 02:35,2011
2017-12-24 02:40,2004
2017-12-24 02:45,1974
2017-12-24 02:50,1953
2017-12-24 02:55,1967
2017-12-24 03:00,1924
2017-12-24 03:05,1928
2017-12-24 03:10,1907
2017-12-24 03:15,1887
2017-12-24 03:20,1870
2017-12-24 03:25,1860
2017-12-24 03:30,1856
2017-12-24 03:35,1842
2017-12-24 03:40,1846
2017-12-24 03:45,1849
2017-12-24 03:50,1830
2017-12-24 03:55,1846
2017-12-24 04:00,1834
2017-12-24 04:05,1839
2017-12-24 04:10,1829
2017-12-24 04:15,1815
2017-12-24 04:20,1806
2017-12-24 04:25,1797
2017-12-24 04:30,1804
2017-12-24 04:35,1803
2017-12-24 04:40,1808
2017-12-24 04:45,1791
2017-12-24 04:50,1775
2017-12-24 04:55,1747
2017-12-24 05:00,1729
2017-12-24 05:05,1717
2017-12-24 05:10,1708
2017-12-24 05:15,1713
2017-12-24 05:20,1706
2017-12-24 05:25,1696
2017-12-24 05:30,1690
2017-12-24 05:35,1689
2017-12-24 05:40,1688
2017-12-24 05:45,1670
2017-12-24 05:50,1655
2017-12-24 05:55,0
2017-12-24 06:00,1641
2017-12-24 06:05,1623
2017-12-24 06:10,1606
2017-12-24 06:15,1595
2017-12-24 06:20,1581
2017-12-24 06:25,1584
2017-12-24 06:30,1600
2017-12-24 06:35,1610
2017-12-24 06:40,1603
2017-12-24 06:45,1605
2017-12-24 06:50,1608
2017-12-24 06:55,1612
2017-12-24 07:00,1622
2017-12-24 07:05,1596
2017-12-24 07:10,1592
2017-12-24 07:15,1589
2017-12-24 07:20,1597
2017-12-24 07:25,1611
2017-12-24 07:30,1662
2017-12-24 07:35,1682
2017-12-24 07:40,1682
2017-12-24 07:45,1706
2017-12-24 07:50,1713
2017-12-24 07:55,1722
2017-12-24 08:00,1751
2017-12-24 08:05,1762
2017-12-24 08:10,1777
2017-12-24 08:15,1792
2017-12-24 08:20,1814
2017-12-24 08:25,1838
2017-12-24 08:30,1857
2017-12-24 08:35,1866
2017-12-24 08:40,1869
2017-12-24 08:45,1874
2017-12-24 08:50,1883
2017-12-24 08:55,1889
2017-12-24 09:00,1925
2017-12-24 09:05,1950
2017-12-24 09:10,1978
2017-12-24 09:15,2002
2017-12-24 09:20,2034
2017-12-24 09:25,2052
2017-12-24 09:30,2079
2017-12-24 09:35,2106
2017-12-24 09:40,2114
2017-12-24 09:45,2149
2017-12-24 09:50,2157
2017-12-24 09:55,2181
2017-12-24 10:00,2213
2017-12-24 10:05,2251
2017-12-24 10:10,2309
2017-12-24 10:15,2352
2017-12-24 10:20,2368
2017-12-24 10:25,2373
2017-12-24 10:30,2383
2017-12-24 10:35,2383
2017-12-24 10:40,2398
2017-12-24 10:45,2395
2017-12-24 10:50,2388
2017-12-24 10:55,2435
2017-12-24 11:00,2452
2017-12-24 11:05,2465
2017-12-24 11:10,2489
2017-12-24 11:15,2483
2017-12-24 11:20,2492
2017-12-24 11:25,2500
2017-12-24 11:30,2499
2017-12-24 11:35,2512
2017-12-24 11:40,2529
2017-12-24 11:45,2536
2017-12-24 11:50,2514
2017-12-24 11:55,2556
2017-12-24 12:00,2567
2017-12-24 12:05,2569
2017-12-24 12:10,2585
2017-12-24 12:15,2587
2017-12-24 12:20,2575
2017-12-24 12:25,2578
2017-12-24 12:30,2591
2017-12-24 12:35,2626
2017-12-24 12:40,2638
2017-12-24 12:45,2670
2017-12-24 12:50,2689
2017-12-24 12:55,2711
2017-12-24 13:00,2728
2017-12-24 13:05,2733
2017-12-24 13:10,2751
2017-12-24 13:15,2753
2017-12-24 13:20,2769
2017-12-24 13:25,2760
2017-12-24 13:30,2790
2017-12-24 13:35,2787
2017-12-24 13:40,2783
2017-12-24 13:45,2811
2017-12-24 13:50,2829
2017-12-24 13:55,2849
2017-12-24 14:00,2876
2017-12-24 14:05,2874
2017-12-24 14:10,2894
2017-12-24 14:15,2934
2017-12-24 14:20,2936
2017-12-24 14:25,2954
2017-12-24 14:30,2982
2017-12-24 14:35,3030
2017-12-24 14:40,3035
2017-12-24 14:45,3042
2017-12-24 14:50,3063
2017-12-24 14:55,3055
2017-12-24 15:00,3042
2017-12-24 15:05,3044
2017-12-24 15:10,3031
2017-12-24 15:15,3027
2017-12-24 15:20,3030
2017-12-24 15:25,3021
2017-12-24 15:30,3031
2017-12-24 15:35,3017
2017-12-24 15:40,3005
2017-12-24 15:45,2974
2017-12-24 15:50,2990
2017-12-24 15:55,3002
2017-12-24 16:00,3001
2017-12-24 16:05,2996
2017-12-24 16:10,2996
2017-12-24 16:15,2994
2017-12-24 16:20,2986
2017-12-24 16:25,3002
2017-12-24 16:30,3006
2017-12-24 16:35,3023
2017-12-24 16:40,3011
2017-12-24 16:45,2999
2017-12-24 16:50,2971
2017-12-24 16:55,2963
2017-12-24 17:00,2959
2017-12-24 17:05,2962
2017-12-24 17:10,2952
2017-12-24 17:15,2980
2017-12-24 17:20,2992
2017-12-24 17:25,2977
2017-12-24 17:30,2971
2017-12-24 17:35,2994
2017-12-24 17:40,3031
2017-12-24 17:45,2993
2017-12-24 17:50,2991
2017-12-24 17:55,3009
2017-12-24 18:00,3012
2017-12-24 18:05,3014
2017-12-24 18:10,2996
2017-12-24 18:15,3000
2017-12-24 18:20,2977
2017-12-24 18:25,2978
2017-12-24 18:30,2995
2017-12-24 18:35,3006
2017-12-24 18:40,3031
2017-12-24 18:45,3022
2017-12-24 18:50,3020
2017-12-24 18:55,3035
2017-12-24 19:00,3000
2017-12-24 19:05,3010
2017-12-24 19:10,2999
2017-12-24 19:15,3014
2017-12-24 19:20,3016
2017-12-24 19:25,2991
2017-12-24 19:30,2988
2017-12-24 19:35,2988
2017-12-24 19:40,2981
2017-12-24 19:45,2979
2017-12-24 19:50,2970
2017-12-24 19:55,2957
2017-12-24 20:00,2961
2017-12-24 20:05,2958
2017-12-24 20:10,2960
2017-12-24 20:15,2950
2017-12-24 20:20,2930
2017-12-24 20:25,2925
2017-12-24 20:30,2928
2017-12-24 20:35,2912
2017-12-24 20:40,2884
2017-12-24 20:45,2877
2017-12-24 20:50,2888
2017-12-24 20:55,2880
2017-12-24 21:00,2858
2017-12-24 21:05,2843
2017-12-24 21:10,2844
2017-12-24 21:15,2830
2017-12-24 21:20,2802
2017-12-24 21:25,2804
2017-12-24 21:30,2788
2017-12-24 21:35,2761
2017-12-24 21:40,2713
2017-12-24 21:45,2710
2017-12-24 21:50,2695
2017-12-24 21:55,2680
2017-12-24 22:00,2665
2017-12-24 22:05,2606
2017-12-24 22:10,2595
2017-12-24 22:15,2545
2017-12-24 22:20,2527
2017-12-24 22:25,2517
2017-12-24 22:30,2504
2017-12-24 22:35,2488
2017-12-24 22:40,2471
2017-12-24 22:45,2438
2017-12-24 22:50,2441
2017-12-24 22:55,2421
2017-12-24 23:00,2415
2017-12-24 23:05,2401
2017-12-24 23:10,2392
2017-12-24 23:15,2357
2017-12-24 23:20,2333
2017-12-24 23:25,2289
2017-12-24 23:30,2283
2017-12-24 23:35,2271
2017-12-24 23:40,2242
2017-12-24 23:45,2188
2017-12-24 23:50,2150
2017-12-24 23:55,2126
2017-12-25 00:00,2131
2017-12-25 00:05,2119
2017-12-25 00:10,2103
2017-12-25 00:15,2086
2017-12-25 00:20,2054
2017-12-25 00:25,2030
2017-12-25 00:30,2013
2017-12-25 00:35,1987
2017-12-25 00:40,1975
2017-12-25 00:45,1946
2017-12-25 00:50,1920
2017-12-25 00:55,1895
2017-12-25 01:00,1869
2017-12-25 01:05,1828
2017-12-25 01:10,1811
2017-12-25 01:15,1792
2017-12-25 01:20,1769
2017-12-25 01:25,1739
2017-12-25 01:30,1739
2017-12-25 01:35,1723
2017-12-25 01:40,1718
2017-12-25 01:45,1701
2017-12-25 01:50,1674
2017-12-25 01:55,1660
2017-12-25 02:00,1658
2017-12-25 02:05,1660
2017-12-25 02:10,1655
2017-12-25 02:15,1660
2017-12-25 02:20,1658
2017-12-25 02:25,1654
2017-12-25 02:30,1649
2017-12-25 02:35,1642
2017-12-25 02:40,1646
2017-12-25 02:45,1651
2017-12-25 02:50,1658
2017-12-25 02:55,1652
2017-12-25 03:00,1636
2017-12-25 03:05,1625
2017-12-25 03:10,1625
2017-12-25 03:15,1638
2017-12-25 03:20,1630
2017-12-25 03:25,1629
2017-12-25 03:30,1632
2017-12-25 03:35,1643
2017-12-25 03:40,1619
2017-12-25 03:45,1607
2017-12-25 03:50,1604
2017-12-25 03:55,1582
2017-12-25 04:00,1582
2017-12-25 04:05,1582
2017-12-25 04:10,1574
2017-12-25 04:15,1570
2017-12-25 04:20,1549
2017-12-25 04:25,1533
2017-12-25 04:30,1530
2017-12-25 04:35,1527
2017-12-25 04:40,1521
2017-12-25 04:45,1503
2017-12-25 04:50,1491
2017-12-25 04:55,1482
2017-12-25 05:00,1495
2017-12-25 05:05,1487
2017-12-25 05:10,1480
2017-12-25 05:15,1461
2017-12-25 05:20,1441
2017-12-25 05:25,1431
2017-12-25 05:30,1405
2017-12-25 05:35,1411
2017-12-25 05:40,1404
2017-12-25 05:45,1402
2017-12-25 05:50,1402
2017-12-25 05:55,0
2017-12-25 06:00,1409
2017-12-25 06:05,1395
2017-12-25 06:10,1376
2017-12-25 06:15,1365
2017-12-25 06:20,1349
2017-12-25 06:25,1347
2017-12-25 06:30,1346
2017-12-25 06:35,1359
2017-12-25 06:40,1359
2017-12-25 06:45,1366
2017-12-25 06:50,1359
2017-12-25 06:55,1346
2017-12-25 07:00,1320
2017-12-25 07:05,1325
2017-12-25 07:10,1339
2017-12-25 07:15,1342
2017-12-25 07:20,1351
2017-12-25 07:25,1330
2017-12-25 07:30,1341
2017-12-25 07:35,1346
2017-12-25 07:40,1368
2017-12-25 07:45,1374
2017-12-25 07:50,1384
2017-12-25 07:55,1393
2017-12-25 08:00,1410
2017-12-25 08:05,1418
2017-12-25 08:10,1414
2017-12-25 08:15,1407
2017-12-25 08:20,1423
2017-12-25 08:25,1431
2017-12-25 08:30,1452
2017-12-25 08:35,1459
2017-12-25 08:40,1480
2017-12-25 08:45,1489
2017-12-25 08:50,1517
2017-12-25 08:55,1538
2017-12-25 09:00,1554
2017-12-25 09:05,1561
2017-12-25 09:10,1554
2017-12-25 09:15,1590
2017-12-25 09:20,1613
2017-12-25 09:25,1633
2017-12-25 09:30,1659
2017-12-25 09:35,1646
2017-12-25 09:40,1668
2017-12-25 09:45,1695
2017-12-25 09:50,1718
2017-12-25 09:55,1742
2017-12-25 10:00,1768
2017-12-25 10:05,1848
2017-12-25 10:10,1871
2017-12-25 10:15,1918
2017-12-25 10:20,1946
2017-12-25 10:25,1967
2017-12-25 10:30,1980
2017-12-25 10:35,1990
2017-12-25 10:40,2011
2017-12-25 10:45,2034
2017-12-25 10:50,2039
2017-12-25 10:55,2046
2017-12-25 11:00,2024
2017-12-25 11:05,2030
2017-12-25 11:10,2037
2017-12-25 11:15,2047
2017-12-25 11:20,2046
2017-12-25 11:25,2039
2017-12-25 11:30,2067
2017-12-25 11:35,2082
2017-12-25 11:40,2110
2017-12-25 11:45,2116
2017-12-25 11:50,2110
2017-12-25 11:55,2126
2017-12-25 12:00,2133
2017-12-25 12:05,2153
2017-12-25 12:10,2161
2017-12-25 12:15,2171
2017-12-25 12:20,2204
2017-12-25 12:25,2219
2017-12-25 12:30,2219
2017-12-25 12:35,2262
2017-12-25 12:40,2235
2017-12-25 12:45,2235
2017-12-25 12:50,2247
2017-12-25 12:55,2244
2017-12-25 13:00,2249
2017-12-25 13:05,2257
2017-12-25 13:10,2285
2017-12-25 13:15,2307
2017-12-25 13:20,2305
2017-12-25 13:25,2328
2017-12-25 13:30,2310
2017-12-25 13:35,2336
2017-12-25 13:40,2332
2017-12-25 13:45,2343
2017-12-25 13:50,2363
2017-12-25 13:55,2396
2017-12-25 14:00,2425
2017-12-25 14:05,2452
2017-12-25 14:10,2472
2017-12-25 14:15,2447
2017-12-25 14:20,2463
2017-12-25 14:25,2492
2017-12-25 14:30,2498
2017-12-25 14:35,2511
2017-12-25 14:40,2507
2017-12-25 14:45,2528
2017-12-25 14:50,2531
2017-12-25 14:55,2548
2017-12-25 15:00,2589
2017-12-25 15:05,2619
2017-12-25 15:10,2600
2017-12-25 15:15,2640
2017-12-25 15:20,2680
2017-12-25 15:25,2689
2017-12-25 15:30,2698
2017-12-25 15:35,2705
2017-12-25 15:40,2717
2017-12-25 15:45,2740
2017-12-25 15:50,2764
2017-12-25 15:55,2783
2017-12-25 16:00,2778
2017-12-25 16:05,2795
2017-12-25 16:10,2815
2017-12-25 16:15,2842
2017-12-25 16:20,2844
2017-12-25 16:25,2846
2017-12-25 16:30,2866
2017-12-25 16:35,2896
2017-12-25 16:40,2903
2017-12-25 16:45,2892
2017-12-25 16:50,2920
2017-12-25 16:55,2956
2017-12-25 17:00,2968
2017-12-25 17:05,2972
2017-12-25 17:10,2982
2017-12-25 17:15,2987
2017-12-25 17:20,2991
2017-12-25 17:25,2993
2017-12-25 17:30,3002
2017-12-25 17:35,3001
2017-12-25 17:40,3010
2017-12-25 17:45,3033
2017-12-25 17:50,3062
2017-12-25 17:55,3054
2017-12-25 18:00,3069
2017-12-25 18:05,3103
2017-12-25 18:10,3115
2017-12-25 18:15,3131
2017-12-25 18:20,3143
2017-12-25 18:25,3155
2017-12-25 18:30,3136
2017-12-25 18:35,3132
2017-12-25 18:40,3163
2017-12-25 18:45,3152
2017-12-25 18:50,3163
2017-12-25 18:55,3181
2017-12-25 19:00,3182
2017-12-25 19:05,3171
2017-12-25 19:10,3179
2017-12-25 19:15,3189
2017-12-25 19:20,3190
2017-12-25 19:25,3170
2017-12-25 19:30,3199
2017-12-25 19:35,3180
2017-12-25 19:40,3184
2017-12-25 19:45,3166
2017-12-25 19:50,3182
2017-12-25 19:55,3171
2017-12-25 20:00,3160
2017-12-25 20:05,3152
2017-12-25 20:10,3108
2017-12-25 20:15,3079
2017-12-25 20:20,3100
2017-12-25 20:25,3101
2017-12-25 20:30,3095
2017-12-25 20:35,3089
2017-12-25 20:40,3062
2017-12-25 20:45,3075
2017-12-25 20:50,3069
2017-12-25 20:55,3056
2017-12-25 21:00,3045
2017-12-25 21:05,3039
2017-12-25 21:10,3023
2017-12-25 21:15,3023
2017-12-25 21:20,3005
2017-12-25 21:25,2969
2017-12-25 21:30,2953
2017-12-25 21:35,2927
2017-12-25 21:40,2914
2017-12-25 21:45,2893
2017-12-25 21:50,2885
2017-12-25 21:55,2855
2017-12-25 22:00,2845
2017-12-25 22:05,2824
2017-12-25 22:10,2791
2017-12-25 22:15,2779
2017-12-25 22:20,2770
2017-12-25 22:25,2740
2017-12-25 22:30,2705
2017-12-25 22:35,2696
2017-12-25 22:40,2703
2017-12-25 22:45,2673
2017-12-25 22:50,2669
2017-12-25 22:55,2650
2017-12-25 23:00,2657
2017-12-25 23:05,2641
2017-12-25 23:10,2620
2017-12-25 23:15,2611
2017-12-25 23:20,2575
2017-12-25 23:25,2551
2017-12-25 23:30,2502
2017-12-25 23:35,2480
2017-12-25 23:40,2457
2017-12-25 23:45,2446
2017-12-25 23:50,2454
2017-12-25 23:55,2432
2017-12-26 00:00,2413
2017-12-26 00:05,2392
2017-12-26 00:10,2367
2017-12-26 00:15,2335
2017-12-26 00:20,2325
2017-12-26 00:25,2317
2017-12-26 00:30,2312
2017-12-26 00:35,2290
2017-12-26 00:40,2256
2017-12-26 00:45,2242
2017-12-26 00:50,2213
2017-12-26 00:55,2201
2017-12-26 01:00,2179
2017-12-26 01:05,2158
2017-12-26 01:10,2152
2017-12-26 01:15,2125
2017-12-26 01:20,2094
2017-12-26 01:25,2094
2017-12-26 01:30,2073
2017-12-26 01:35,2056
2017-12-26 01:40,2029
2017-12-26 01:45,2018
2017-12-26 01:50,2003
2017-12-26 01:55,1977
2017-12-26 02:00,1955
2017-12-26 02:05,1943
2017-12-26 02:10,1933
2017-12-26 02:15,1897
2017-12-26 02:20,1918
2017-12-26 02:25,1883
2017-12-26 02:30,1887
2017-12-26 02:35,1876
2017-12-26 02:40,1847
2017-12-26 02:45,1823
2017-12-26 02:50,1828
2017-12-26 02:55,1808
2017-12-26 03:00,1817
2017-12-26 03:05,1803
2017-12-26 03:10,1806
2017-12-26 03:15,1787
2017-12-26 03:20,1772
2017-12-26 03:25,1756
2017-12-26 03:30,1770
2017-12-26 03:35,1765
2017-12-26 03:40,1762
2017-12-26 03:45,1749
2017-12-26 03:50,1736
2017-12-26 03:55,1722
2017-12-26 04:00,1707
2017-12-26 04:05,1699
2017-12-26 04:10,1687
2017-12-26 04:15,1685
2017-12-26 04:20,1672
2017-12-26 04:25,1668
2017-12-26 04:30,1647
2017-12-26 04:35,1641
2017-12-26 04:40,1630
2017-12-26 04:45,1619
2017-12-26 04:50,1608
2017-12-26 04:55,1592
2017-12-26 05:00,1585
2017-12-26 05:05,1569
2017-12-26 05:10,1558
2017-12-26 05:15,1562
2017-12-26 05:20,1553
2017-12-26 05:25,1555
2017-12-26 05:30,1542
2017-12-26 05:35,1523
2017-12-26 05:40,1505
2017-12-26 05:45,1500
2017-12-26 05:50,1490
2017-12-26 05:55,1479
2017-12-26 06:00,1457
2017-12-26 06:05,1460
2017-12-26 06:10,1460
2017-12-26 06:15,1444
2017-12-26 06:20,1432
2017-12-26 06:25,1437
2017-12-26 06:30,1450
2017-12-26 06:35,1451
2017-12-26 06:40,1465
2017-12-26 06:45,1451
2017-12-26 06:50,1468
2017-12-26 06:55,1461
2017-12-26 07:00,1456
2017-12-26 07:05,1459
2017-12-26 07:10,1442
2017-12-26 07:15,1438
2017-12-26 07:20,1437
2017-12-26 07:25,1436
2017-12-26 07:30,1427
2017-12-26 07:35,1407
2017-12-26 07:40,1394
2017-12-26 07:45,1391
2017-12-26 07:50,1394
2017-12-26 07:55,1400
2017-12-26 08:00,1408
2017-12-26 08:05,1408
2017-12-26 08:10,1399
2017-12-26 08:15,1412
2017-12-26 08:20,1423
2017-12-26 08:25,1440
2017-12-26 08:30,1457
2017-12-26 08:35,1483
2017-12-26 08:40,1485
2017-12-26 08:45,1501
2017-12-26 08:50,0
2017-12-26 08:55,1526
2017-12-26 09:00,1530
2017-12-26 09:05,1566
2017-12-26 09:10,1571
2017-12-26 09:15,1580
2017-12-26 09:20,1606
2017-12-26 09:25,1635
2017-12-26 09:30,1658
2017-12-26 09:35,1677
2017-12-26 09:40,1677
2017-12-26 09:45,1713
2017-12-26 09:50,1726
2017-12-26 09:55,1747
2017-12-26 10:00,1772
2017-12-26 10:05,1809
2017-12-26 10:10,1865
2017-12-26 10:15,1908
2017-12-26 10:20,1943
2017-12-26 10:25,1959
2017-12-26 10:30,1970
2017-12-26 10:35,2000
2017-12-26 10:40,2013
2017-12-26 10:45,2066
2017-12-26 10:50,2067
2017-12-26 10:55,2079
2017-12-26 11:00,2091
2017-12-26 11:05,2109
2017-12-26 11:10,2118
2017-12-26 11:15,2127
2017-12-26 11:20,2128
2017-12-26 11:25,2146
2017-12-26 11:30,2187
2017-12-26 11:35,2200
2017-12-26 11:40,2192
2017-12-26 11:45,2209
2017-12-26 11:50,2204
2017-12-26 11:55,2207
2017-12-26 12:00,2212
2017-12-26 12:05,2229
2017-12-26 12:10,2273
2017-12-26 12:15,2282
2017-12-26 12:20,2317
2017-12-26 12:25,2314
2017-12-26 12:30,2316
2017-12-26 12:35,2333
2017-12-26 12:40,2359
2017-12-26 12:45,2385
2017-12-26 12:50,2414
2017-12-26 12:55,2407
2017-12-26 13:00,2422
2017-12-26 13:05,2450
2017-12-26 13:10,2457
2017-12-26 13:15,2494
2017-12-26 13:20,2509
2017-12-26 13:25,2536
2017-12-26 13:30,2553
2017-12-26 13:35,2562
2017-12-26 13:40,2603
2017-12-26 13:45,2632
2017-12-26 13:50,2641
2017-12-26 13:55,2670
2017-12-26 14:00,2697
2017-12-26 14:05,2694
2017-12-26 14:10,2679
2017-12-26 14:15,2707
2017-12-26 14:20,2723
2017-12-26 14:25,2719
2017-12-26 14:30,2709
2017-12-26 14:35,2738
2017-12-26 14:40,2768
2017-12-26 14:45,2784
2017-12-26 14:50,2782
2017-12-26 14:55,2798
2017-12-26 15:00,2812
2017-12-26 15:05,2799
2017-12-26 15:10,2822
2017-12-26 15:15,2853
2017-12-26 15:20,2852
2017-12-26 15:25,2858
2017-12-26 15:30,2864
2017-12-26 15:35,2923
2017-12-26 15:40,2953
2017-12-26 15:45,2965
2017-12-26 15:50,2955
2017-12-26 15:55,2986
2017-12-26 16:00,3016
2017-12-26 16:05,3000
2017-12-26 16:10,3020
2017-12-26 16:15,3028
2017-12-26 16:20,3048
2017-12-26 16:25,3054
2017-12-26 16:30,3096
2017-12-26 16:35,3113
2017-12-26 16:40,3141
2017-12-26 16:45,3143
2017-12-26 16:50,3165
2017-12-26 16:55,3169
2017-12-26 17:00,3176
2017-12-26 17:05,3170
2017-12-26 17:10,3200
2017-12-26 17:15,3225
2017-12-26 17:20,3213
2017-12-26 17:25,3219
2017-12-26 17:30,3235
2017-12-26 17:35,3259
2017-12-26 17:40,3256
2017-12-26 17:45,3265
2017-12-26 17:50,3285
2017-12-26 17:55,3322
2017-12-26 18:00,3320
2017-12-26 18:05,3327
2017-12-26 18:10,3324
2017-12-26 18:15,3271
2017-12-26 18:20,3292
2017-12-26 18:25,3301
2017-12-26 18:30,3309
2017-12-26 18:35,3313
2017-12-26 18:40,3319
2017-12-26 18:45,3326
2017-12-26 18:50,3340
2017-12-26 18:55,3360
2017-12-26 19:00,3358
2017-12-26 19:05,3346
2017-12-26 19:10,3353
2017-12-26 19:15,3351
2017-12-26 19:20,3362
2017-12-26 19:25,3345
2017-12-26 19:30,3343
2017-12-26 19:35,3344
2017-12-26 19:40,3337
2017-12-26 19:45,3328
2017-12-26 19:50,3306
2017-12-26 19:55,3321
2017-12-26 20:00,3344
2017-12-26 20:05,3301
2017-12-26 20:10,3280
2017-12-26 20:15,3293
2017-12-26 20:20,3276
2017-12-26 20:25,3281
2017-12-26 20:30,3269
2017-12-26 20:35,3256
2017-12-26 20:40,3266
2017-12-26 20:45,3236
2017-12-26 20:50,3228
2017-12-26 20:55,3229
2017-12-26 21:00,3219
2017-12-26 21:05,3183
2017-12-26 21:10,3145
2017-12-26 21:15,3144
2017-12-26 21:20,3148
2017-12-26 21:25,3143
2017-12-26 21:30,3126
2017-12-26 21:35,3090
2017-12-26 21:40,3072
2017-12-26 21:45,3059
2017-12-26 21:50,3037
2017-12-26 21:55,3008
2017-12-26 22:00,3008
2017-12-26 22:05,3018
2017-12-26 22:10,3005
2017-12-26 22:15,2991
2017-12-26 22:20,2956
2017-12-26 22:25,2934
2017-12-26 22:30,2879
2017-12-26 22:35,2865
2017-12-26 22:40,2846
2017-12-26 22:45,2814
2017-12-26 22:50,2808
2017-12-26 22:55,2781
2017-12-26 23:00,2729
2017-12-26 23:05,2705
2017-12-26 23:10,2682
2017-12-26 23:15,2668
2017-12-26 23:20,2661
2017-12-26 23:25,2650
2017-12-26 23:30,2619
2017-12-26 23:35,2606
2017-12-26 23:40,2608
2017-12-26 23:45,2568
2017-12-26 23:50,2547
2017-12-26 23:55,2522
2017-12-27 00:00,2508
2017-12-27 00:05,2504
2017-12-27 00:10,2483
2017-12-27 00:15,2455
2017-12-27 00:20,2425
2017-12-27 00:25,2419
2017-12-27 00:30,2396
2017-12-27 00:35,2375
2017-12-27 00:40,2380
2017-12-27 00:45,2372
2017-12-27 00:50,2344
2017-12-27 00:55,2335
2017-12-27 01:00,2334
2017-12-27 01:05,2290
2017-12-27 01:10,2273
2017-12-27 01:15,2263
2017-12-27 01:20,2228
2017-12-27 01:25,2217
2017-12-27 01:30,2214
2017-12-27 01:35,2200
2017-12-27 01:40,2208
2017-12-27 01:45,2170
2017-12-27 01:50,2170
2017-12-27 01:55,2162
2017-12-27 02:00,2155
2017-12-27 02:05,2153
2017-12-27 02:10,2137
2017-12-27 02:15,2143
2017-12-27 02:20,2133
2017-12-27 02:25,2141
2017-12-27 02:30,2118
2017-12-27 02:35,2138
2017-12-27 02:40,2129
2017-12-27 02:45,2117
2017-12-27 02:50,2114
2017-12-27 02:55,2091
2017-12-27 03:00,2077
2017-12-27 03:05,2054
2017-12-27 03:10,2043
2017-12-27 03:15,1996
2017-12-27 03:20,1974
2017-12-27 03:25,1941
2017-12-27 03:30,1912
2017-12-27 03:35,1911
2017-12-27 03:40,1908
2017-12-27 03:45,1896
2017-12-27 03:50,1885
2017-12-27 03:55,1875
2017-12-27 04:00,1874
2017-12-27 04:05,1837
2017-12-27 04:10,1818
2017-12-27 04:15,1814
2017-12-27 04:20,1820
2017-12-27 04:25,1795
2017-12-27 04:30,1806
2017-12-27 04:35,1781
2017-12-27 04:40,1768
2017-12-27 04:45,1747
2017-12-27 04:50,1727
2017-12-27 04:55,1731
2017-12-27 05:00,1724
2017-12-27 05:05,1703
2017-12-27 05:10,1697
2017-12-27 05:15,1691
2017-12-27 05:20,1679
2017-12-27 05:25,1677
2017-12-27 05:30,1643
2017-12-27 05:35,1653
2017-12-27 05:40,1650
2017-12-27 05:45,1629
2017-12-27 05:50,1597
2017-12-27 05:55,1563
2017-12-27 06:00,1537
2017-12-27 06:05,1540
2017-12-27 06:10,1536
2017-12-27 06:15,1532
2017-12-27 06:20,1527
2017-12-27 06:25,1515
2017-12-27 06:30,1517
2017-12-27 06:35,1496
2017-12-27 06:40,1469
2017-12-27 06:45,1493
2017-12-27 06:50,1497
2017-12-27 06:55,1503
2017-12-27 07:00,1486
2017-12-27 07:05,1482
2017-12-27 07:10,1477
2017-12-27 07:15,1473
2017-12-27 07:20,1482
2017-12-27 07:25,1489
2017-12-27 07:30,1480
2017-12-27 07:35,1484
2017-12-27 07:40,1477
2017-12-27 07:45,1488
2017-12-27 07:50,1491
2017-12-27 07:55,1493
2017-12-27 08:00,1504
2017-12-27 08:05,1506
2017-12-27 08:10,1508
2017-12-27 08:15,1503
2017-12-27 08:20,1509
2017-12-27 08:25,1505
2017-12-27 08:30,1519
2017-12-27 08:35,1535
2017-12-27 08:40,1533
2017-12-27 08:45,1545
2017-12-27 08:50,1561
2017-12-27 08:55,1588
2017-12-27 09:00,1583
2017-12-27 09:05,1585
2017-12-27 09:10,1598
2017-12-27 09:15,1619
2017-12-27 09:20,1627
2017-12-27 09:25,1617
2017-12-27 09:30,1652
2017-12-27 09:35,1677
2017-12-27 09:40,1690
2017-12-27 09:45,1697
2017-12-27 09:50,1723
2017-12-27 09:55,1750
2017-12-27 10:00,1749
2017-12-27 10:05,1791
2017-12-27 10:10,1818
2017-12-27 10:15,1842
2017-12-27 10:20,1870
2017-12-27 10:25,1909
2017-12-27 10:30,1940
2017-12-27 10:35,1946
2017-12-27 10:40,1971
2017-12-27 10:45,2020
2017-12-27 10:50,2033
2017-12-27 10:55,2065
2017-12-27 11:00,2089
2017-12-27 11:05,2088
2017-12-27 11:10,2116
2017-12-27 11:15,2121
2017-12-27 11:20,2141
2017-12-27 11:25,2152
2017-12-27 11:30,2164
2017-12-27 11:35,2165
2017-12-27 11:40,2191
2017-12-27 11:45,2199
2017-12-27 11:50,2194
2017-12-27 11:55,2202
2017-12-27 12:00,2226
2017-12-27 12:05,2223
2017-12-27 12:10,2244
2017-12-27 12:15,2253
2017-12-27 12:20,2253
2017-12-27 12:25,2246
2017-12-27 12:30,2248
2017-12-27 12:35,2280
2017-12-27 12:40,2293
2017-12-27 12:45,2310
2017-12-27 12:50,2330
2017-12-27 12:55,2355
2017-12-27 13:00,2398
2017-12-27 13:05,2428
2017-12-27 13:10,2453
2017-12-27 13:15,2496
2017-12-27 13:20,2502
2017-12-27 13:25,2512
2017-12-27 13:30,2541
2017-12-27 13:35,2543
2017-12-27 13:40,2598
2017-12-27 13:45,2635
2017-12-27 13:50,2651
2017-12-27 13:55,2663
2017-12-27 14:00,2675
2017-12-27 14:05,2664
2017-12-27 14:10,2682
2017-12-27 14:15,2690
2017-12-27 14:20,2711
2017-12-27 14:25,2711
2017-12-27 14:30,2709
2017-12-27 14:35,2725
2017-12-27 14:40,2754
2017-12-27 14:45,2776
2017-12-27 14:50,2805
2017-12-27 14:55,2822
2017-12-27 15:00,2868
2017-12-27 15:05,2879
2017-12-27 15:10,2890
2017-12-27 15:15,2882
2017-12-27 15:20,2886
2017-12-27 15:25,2889
2017-12-27 15:30,2945
2017-12-27 15:35,2985
2017-12-27 15:40,3013
2017-12-27 15:45,3012
2017-12-27 15:50,3020
2017-12-27 15:55,3046
2017-12-27 16:00,3058
2017-12-27 16:05,3063
2017-12-27 16:10,3054
2017-12-27 16:15,3070
2017-12-27 16:20,3056
2017-12-27 16:25,3059
2017-12-27 16:30,3060
2017-12-27 16:35,3078
2017-12-27 16:40,3088
2017-12-27 16:45,3098
2017-12-27 16:50,3115
2017-12-27 16:55,3132
2017-12-27 17:00,3139
2017-12-27 17:05,3172
2017-12-27 17:10,3163
2017-12-27 17:15,3154
2017-12-27 17:20,3163
2017-12-27 17:25,3208
2017-12-27 17:30,0
2017-12-27 17:35,3237
2017-12-27 17:40,3287
2017-12-27 17:45,3274
2017-12-27 17:50,3274
2017-12-27 17:55,3296
2017-12-27 18:00,3300
2017-12-27 18:05,3318
2017-12-27 18:10,3279
2017-12-27 18:15,3289
2017-12-27 18:20,3312
2017-12-27 18:25,3311
2017-12-27 18:30,3307
2017-12-27 18:35,3327
2017-12-27 18:40,3312
2017-12-27 18:45,3331
2017-12-27 18:50,3339
2017-12-27 18:55,3321
2017-12-27 19:00,3295
2017-12-27 19:05,3278
2017-12-27 19:10,3251
2017-12-27 19:15,3267
2017-12-27 19:20,3264
2017-12-27 19:25,3250
2017-12-27 19:30,3267
2017-12-27 19:35,3277
2017-12-27 19:40,3298
2017-12-27 19:45,3301
2017-12-27 19:50,3278
2017-12-27 19:55,3274
2017-12-27 20:00,3283
2017-12-27 20:05,3277
2017-12-27 20:10,3299
2017-12-27 20:15,3280
2017-12-27 20:20,3300
2017-12-27 20:25,3265
2017-12-27 20:30,3253
2017-12-27 20:35,3264
2017-12-27 20:40,3252
2017-12-27 20:45,3249
2017-12-27 20:50,3255
2017-12-27 20:55,3244
2017-12-27 21:00,3260
2017-12-27 21:05,3255
2017-12-27 21:10,3256
2017-12-27 21:15,3235
2017-12-27 21:20,3212
2017-12-27 21:25,3153
2017-12-27 21:30,3160
2017-12-27 21:35,3144
2017-12-27 21:40,3129
2017-12-27 21:45,3109
2017-12-27 21:50,3100
2017-12-27 21:55,3082
2017-12-27 22:00,3092
2017-12-27 22:05,3058
2017-12-27 22:10,3042
2017-12-27 22:15,2999
2017-12-27 22:20,2967
2017-12-27 22:25,2971
2017-12-27 22:30,2940
2017-12-27 22:35,2906
2017-12-27 22:40,2875
2017-12-27 22:45,2847
2017-12-27 22:50,2816
2017-12-27 22:55,2807
2017-12-27 23:00,2786
2017-12-27 23:05,2761
2017-12-27 23:10,2707
2017-12-27 23:15,2716
2017-12-27 23:20,2695
2017-12-27 23:25,2664
2017-12-27 23:30,2651
2017-12-27 23:35,2621
2017-12-27 23:40,2580
2017-12-27 23:45,2559
2017-12-27 23:50,2536
2017-12-27 23:55,2510
2017-12-28 00:00,2485
2017-12-28 00:05,2472
2017-12-28 00:10,2455
2017-12-28 00:15,2413
2017-12-28 00:20,2376
2017-12-28 00:25,2364
2017-12-28 00:30,2367
2017-12-28 00:35,2362
2017-12-28 00:40,2359
2017-12-28 00:45,2344
2017-12-28 00:50,2350
2017-12-28 00:55,2342
2017-12-28 01:00,2317
2017-12-28 01:05,2288
2017-12-28 01:10,2280
2017-12-28 01:15,2281
2017-12-28 01:20,2254
2017-12-28 01:25,2248
2017-12-28 01:30,2242
2017-12-28 01:35,2243
2017-12-28 01:40,2252
2017-12-28 01:45,2257
2017-12-28 01:50,2241
2017-12-28 01:55,2227
2017-12-28 02:00,2203
2017-12-28 02:05,2193
2017-12-28 02:10,2186
2017-12-28 02:15,2176
2017-12-28 02:20,2159
2017-12-28 02:25,2144
2017-12-28 02:30,2119
2017-12-28 02:35,2107
2017-12-28 02:40,2107
2017-12-28 02:45,2108
2017-12-28 02:50,2086
2017-12-28 02:55,2087
2017-12-28 03:00,2055
2017-12-28 03:05,2036
2017-12-28 03:10,2027
2017-12-28 03:15,2008
2017-12-28 03:20,2006
2017-12-28 03:25,1977
2017-12-28 03:30,1981
2017-12-28 03:35,1987
2017-12-28 03:40,1974
2017-12-28 03:45,1952
2017-12-28 03:50,1942
2017-12-28 03:55,1935
2017-12-28 04:00,1912
2017-12-28 04:05,1915
2017-12-28 04:10,1891
2017-12-28 04:15,1889
2017-12-28 04:20,1870
2017-12-28 04:25,1857
2017-12-28 04:30,1846
2017-12-28 04:35,1847
2017-12-28 04:40,1854
2017-12-28 04:45,1846
2017-12-28 04:50,1826
2017-12-28 04:55,1802
2017-12-28 05:00,1782
2017-12-28 05:05,1781
2017-12-28 05:10,1751
2017-12-28 05:15,1745
2017-12-28 05:20,1715
2017-12-28 05:25,1690
2017-12-28 05:30,1683
2017-12-28 05:35,1681
2017-12-28 05:40,1663
2017-12-28 05:45,1654
2017-12-28 05:50,1654
2017-12-28 05:55,1651
2017-12-28 06:00,1641
2017-12-28 06:05,1625
2017-12-28 06:10,1599
2017-12-28 06:15,1582
2017-12-28 06:20,1583
2017-12-28 06:25,1566
2017-12-28 06:30,1561
2017-12-28 06:35,1544
2017-12-28 06:40,1540
2017-12-28 06:45,1543
2017-12-28 06:50,1542
2017-12-28 06:55,1539
2017-12-28 07:00,1519
2017-12-28 07:05,1514
2017-12-28 07:10,1508
2017-12-28 07:15,1501
2017-12-28 07:20,1495
2017-12-28 07:25,1514
2017-12-28 07:30,1511
2017-12-28 07:35,1522
2017-12-28 07:40,1528
2017-12-28 07:45,1530
2017-12-28 07:50,1552
2017-12-28 07:55,1543
2017-12-28 08:00,1542
2017-12-28 08:05,1535
2017-12-28 08:10,1531
2017-12-28 08:15,1536
2017-12-28 08:20,1563
2017-12-28 08:25,1553
2017-12-28 08:30,1581
2017-12-28 08:35,1592
2017-12-28 08:40,1599
2017-12-28 08:45,1594
2017-12-28 08:50,1617
2017-12-28 08:55,1642
2017-12-28 09:00,1659
2017-12-28 09:05,1668
2017-12-28 09:10,1689
2017-12-28 09:15,1684
2017-12-28 09:20,1703
2017-12-28 09:25,1713
2017-12-28 09:30,1727
2017-12-28 09:35,1747
2017-12-28 09:40,1757
2017-12-28 09:45,1797
2017-12-28 09:50,1826
2017-12-28 09:55,1839
2017-12-28 10:00,1885
2017-12-28 10:05,1901
2017-12-28 10:10,1938
2017-12-28 10:15,1955
2017-12-28 10:20,1992
2017-12-28 10:25,2029
2017-12-28 10:30,2047
2017-12-28 10:35,2080
2017-12-28 10:40,2104
2017-12-28 10:45,2127
2017-12-28 10:50,2129
2017-12-28 10:55,2146
2017-12-28 11:00,2153
2017-12-28 11:05,2214
2017-12-28 11:10,2229
2017-12-28 11:15,2226
2017-12-28 11:20,2222
2017-12-28 11:25,2256
2017-12-28 11:30,2267
2017-12-28 11:35,2286
2017-12-28 11:40,2302
2017-12-28 11:45,2298
2017-12-28 11:50,2300
2017-12-28 11:55,2326
2017-12-28 12:00,2335
2017-12-28 12:05,2353
2017-12-28 12:10,2381
2017-12-28 12:15,2409
2017-12-28 12:20,2439
2017-12-28 12:25,2462
2017-12-28 12:30,2468
2017-12-28 12:35,2489
2017-12-28 12:40,2492
2017-12-28 12:45,2492
2017-12-28 12:50,2504
2017-12-28 12:55,2532
2017-12-28 13:00,2521
2017-12-28 13:05,2524
2017-12-28 13:10,2530
2017-12-28 13:15,2524
2017-12-28 13:20,2540
2017-12-28 13:25,2555
2017-12-28 13:30,2566
2017-12-28 13:35,2584
2017-12-28 13:40,2589
2017-12-28 13:45,2571
2017-12-28 13:50,2580
2017-12-28 13:55,2595
2017-12-28 14:00,2600
2017-12-28 14:05,2609
2017-12-28 14:10,2608
2017-12-28 14:15,2597
2017-12-28 14:20,2614
2017-12-28 14:25,2631
2017-12-28 14:30,2620
2017-12-28 14:35,2640
2017-12-28 14:40,2623
2017-12-28 14:45,2620
2017-12-28 14:50,2593
2017-12-28 14:55,2515
2017-12-28 15:00,2389
2017-12-28 15:05,1993
2017-12-28 15:10,1114
2017-12-28 15:15,1058
2017-12-28 15:20,1022
2017-12-28 15:25,1021
2017-12-28 15:30,0
2017-12-28 15:35,1014
2017-12-28 15:40,1000
2017-12-28 15:45,1021
2017-12-28 15:50,1027
2017-12-28 15:55,1027
2017-12-28 16:00,1092
2017-12-28 16:05,1096
2017-12-28 16:10,1112
2017-12-28 16:15,1121
2017-12-28 16:20,1147
2017-12-28 16:25,1195
2017-12-28 16:30,1195
2017-12-28 16:35,1293
2017-12-28 16:40,1330
2017-12-28 16:45,1397
2017-12-28 16:50,1493
2017-12-28 16:55,1765
2017-12-28 17:00,2014
2017-12-28 17:05,2276
2017-12-28 17:10,2465
2017-12-28 17:15,2632
2017-12-28 17:20,2777
2017-12-28 17:25,2902
2017-12-28 17:30,2902
2017-12-28 17:35,3021
2017-12-28 17:40,3100
2017-12-28 17:45,3172
2017-12-28 17:50,3247
2017-12-28 17:55,3276
2017-12-28 18:00,3282
2017-12-28 18:05,3305
2017-12-28 18:10,3321
2017-12-28 18:15,3348
2017-12-28 18:20,3383
2017-12-28 18:25,3418
2017-12-28 18:30,3418
2017-12-28 18:35,3432
2017-12-28 18:40,3434
2017-12-28 18:45,3448
2017-12-28 18:50,3452
2017-12-28 18:55,3498
2017-12-28 19:00,3506
2017-12-28 19:05,3549
2017-12-28 19:10,3541
2017-12-28 19:15,3513
2017-12-28 19:20,3504
2017-12-28 19:25,3464
2017-12-28 19:30,3464
2017-12-28 19:35,3467
2017-12-28 19:40,3477
2017-12-28 19:45,3455
2017-12-28 19:50,3455
2017-12-28 19:55,3457
2017-12-28 20:00,3456
2017-12-28 20:05,3453
2017-12-28 20:10,3462
2017-12-28 20:15,3423
2017-12-28 20:20,3410
2017-12-28 20:25,3410
2017-12-28 20:30,3398
2017-12-28 20:35,3389
2017-12-28 20:40,3389
2017-12-28 20:45,3384
2017-12-28 20:50,3348
2017-12-28 20:55,3350
2017-12-28 21:00,3325
2017-12-28 21:05,3317
2017-12-28 21:10,3287
2017-12-28 21:15,3280
2017-12-28 21:20,3283
2017-12-28 21:25,3256
2017-12-28 21:30,3237
2017-12-28 21:35,3197
2017-12-28 21:40,3165
2017-12-28 21:45,3136
2017-12-28 21:50,3108
2017-12-28 21:55,3095
2017-12-28 22:00,3064
2017-12-28 22:05,3049
2017-12-28 22:10,3028
2017-12-28 22:15,3008
2017-12-28 22:20,2975
2017-12-28 22:25,2928
2017-12-28 22:30,2915
2017-12-28 22:35,2929
2017-12-28 22:40,2901
2017-12-28 22:45,2890
2017-12-28 22:50,2860
2017-12-28 22:55,2855
2017-12-28 23:00,2845
2017-12-28 23:05,2827
2017-12-28 23:10,2831
2017-12-28 23:15,2799
2017-12-28 23:20,2797
2017-12-28 23:25,2780
2017-12-28 23:30,2780
2017-12-28 23:35,2741
2017-12-28 23:40,2706
2017-12-28 23:45,2688
2017-12-28 23:50,2659
2017-12-28 23:55,2617
2017-12-29 00:00,2616
2017-12-29 00:05,2574
2017-12-29 00:10,2532
2017-12-29 00:15,2500
2017-12-29 00:20,2510
2017-12-29 00:25,2454
2017-12-29 00:30,2454
2017-12-29 00:35,2428
2017-12-29 00:40,2383
2017-12-29 00:45,2360
2017-12-29 00:50,2345
2017-12-29 00:55,2334
2017-12-29 01:00,2323
2017-12-29 01:05,2328
2017-12-29 01:10,2280
2017-12-29 01:15,2270
2017-12-29 01:20,2259
2017-12-29 01:25,2262
2017-12-29 01:30,2252
2017-12-29 01:35,2238
2017-12-29 01:40,2196
2017-12-29 01:45,2168
2017-12-29 01:50,2150
2017-12-29 01:55,2117
2017-12-29 02:00,2125
2017-12-29 02:05,2142
2017-12-29 02:10,2140
2017-12-29 02:15,2120
2017-12-29 02:20,2113
2017-12-29 02:25,2094
2017-12-29 02:30,2094
2017-12-29 02:35,2082
2017-12-29 02:40,2062
2017-12-29 02:45,2061
2017-12-29 02:50,2045
2017-12-29 02:55,2022
2017-12-29 03:00,2013
2017-12-29 03:05,1996
2017-12-29 03:10,1997
2017-12-29 03:15,1986
2017-12-29 03:20,1984
2017-12-29 03:25,1986
2017-12-29 03:30,1968
2017-12-29 03:35,1960
2017-12-29 03:40,1928
2017-12-29 03:45,1905
2017-12-29 03:50,1901
2017-12-29 03:55,1884
2017-12-29 04:00,1875
2017-12-29 04:05,1865
2017-12-29 04:10,1830
2017-12-29 04:15,1825
2017-12-29 04:20,1819
2017-12-29 04:25,1806
2017-12-29 04:30,1810
2017-12-29 04:35,1786
2017-12-29 04:40,1770
2017-12-29 04:45,1753
2017-12-29 04:50,1734
2017-12-29 04:55,1711
2017-12-29 05:00,1710
2017-12-29 05:05,1680
2017-12-29 05:10,1685
2017-12-29 05:15,1653
2017-12-29 05:20,1637
2017-12-29 05:25,1646
2017-12-29 05:30,1641
2017-12-29 05:35,1631
2017-12-29 05:40,1627
2017-12-29 05:45,1613
2017-12-29 05:50,1603
2017-12-29 05:55,1584
2017-12-29 06:00,1583
2017-12-29 06:05,1582
2017-12-29 06:10,1558
2017-12-29 06:15,1560
2017-12-29 06:20,1553
2017-12-29 06:25,1542
2017-12-29 06:30,1543
2017-12-29 06:35,1542
2017-12-29 06:40,1552
2017-12-29 06:45,1538
2017-12-29 06:50,1536
2017-12-29 06:55,1525
2017-12-29 07:00,1498
2017-12-29 07:05,1495
2017-12-29 07:10,1492
2017-12-29 07:15,1500
2017-12-29 07:20,1507
2017-12-29 07:25,1520
2017-12-29 07:30,1529
2017-12-29 07:35,1533
2017-12-29 07:40,1534
2017-12-29 07:45,1545
2017-12-29 07:50,1533
2017-12-29 07:55,1537
2017-12-29 08:00,1545
2017-12-29 08:05,1553
2017-12-29 08:10,1554
2017-12-29 08:15,1560
2017-12-29 08:20,1558
2017-12-29 08:25,1563
2017-12-29 08:30,1589
2017-12-29 08:35,1601
2017-12-29 08:40,1603
2017-12-29 08:45,1598
2017-12-29 08:50,1606
2017-12-29 08:55,1607
2017-12-29 09:00,1605
2017-12-29 09:05,1627
2017-12-29 09:10,1632
2017-12-29 09:15,1663
2017-12-29 09:20,1689
2017-12-29 09:25,1714
2017-12-29 09:30,1734
2017-12-29 09:35,1760
2017-12-29 09:40,1769
2017-12-29 09:45,1785
2017-12-29 09:50,1795
2017-12-29 09:55,1822
2017-12-29 10:00,1854
2017-12-29 10:05,1889
2017-12-29 10:10,1900
2017-12-29 10:15,1929
2017-12-29 10:20,1954
2017-12-29 10:25,1963
2017-12-29 10:30,1974
2017-12-29 10:35,1996
2017-12-29 10:40,2035
2017-12-29 10:45,2025
2017-12-29 10:50,2043
2017-12-29 10:55,2025
2017-12-29 11:00,2061
2017-12-29 11:05,2065
2017-12-29 11:10,2106
2017-12-29 11:15,2113
2017-12-29 11:20,2122
2017-12-29 11:25,2116
2017-12-29 11:30,2157
2017-12-29 11:35,2160
2017-12-29 11:40,2155
2017-12-29 11:45,2175
2017-12-29 11:50,2167
2017-12-29 11:55,2186
2017-12-29 12:00,2205
2017-12-29 12:05,2210
2017-12-29 12:10,2239
2017-12-29 12:15,2258
2017-12-29 12:20,2291
2017-12-29 12:25,2337
2017-12-29 12:30,2340
2017-12-29 12:35,2355
2017-12-29 12:40,2388
2017-12-29 12:45,2397
2017-12-29 12:50,2416
2017-12-29 12:55,2446
2017-12-29 13:00,
2017-12-29 13:05,2452
2017-12-29 13:10,2452
2017-12-29 13:15,2463
2017-12-29 13:20,2464
2017-12-29 13:25,2505
2017-12-29 13:30,2504
2017-12-29 13:35,2515
2017-12-29 13:40,2504
2017-12-29 13:45,2521
2017-12-29 13:50,2550
2017-12-29 13:55,2548
2017-12-29 14:00,2563
2017-12-29 14:05,2577
2017-12-29 14:10,2586
2017-12-29 14:15,2599
2017-12-29 14:20,2632
2017-12-29 14:25,2664
2017-12-29 14:30,2715
2017-12-29 14:35,2739
2017-12-29 14:40,2766
2017-12-29 14:45,2804
2017-12-29 14:50,2818
2017-12-29 14:55,2839
2017-12-29 15:00,2824
2017-12-29 15:05,2864
2017-12-29 15:10,2892
2017-12-29 15:15,2903
2017-12-29 15:20,2927
2017-12-29 15:25,2952
2017-12-29 15:30,2965
2017-12-29 15:35,2951
2017-12-29 15:40,2947
2017-12-29 15:45,2944
2017-12-29 15:50,2961
2017-12-29 15:55,2995
2017-12-29 16:00,3025
2017-12-29 16:05,3043
2017-12-29 16:10,3063
2017-12-29 16:15,3066
2017-12-29 16:20,3075
2017-12-29 16:25,3101
2017-12-29 16:30,3105
2017-12-29 16:35,3114
2017-12-29 16:40,3136
2017-12-29 16:45,3166
2017-12-29 16:50,3172
2017-12-29 16:55,3154
2017-12-29 17:00,3145
2017-12-29 17:05,3146
2017-12-29 17:10,3179
2017-12-29 17:15,3201
2017-12-29 17:20,3201
2017-12-29 17:25,3216
2017-12-29 17:30,3174
2017-12-29 17:35,3187
2017-12-29 17:40,3200
2017-12-29 17:45,3220
2017-12-29 17:50,3243
2017-12-29 17:55,3210
2017-12-29 18:00,3220
2017-12-29 18:05,3190
2017-12-29 18:10,3191
2017-12-29 18:15,3191
2017-12-29 18:20,3194
2017-12-29 18:25,3201
2017-12-29 18:30,3202
2017-12-29 18:35,3201
2017-12-29 18:40,3188
2017-12-29 18:45,3205
2017-12-29 18:50,3217
2017-12-29 18:55,3189
2017-12-29 19:00,3206
2017-12-29 19:05,3203
2017-12-29 19:10,3198
2017-12-29 19:15,3191
2017-12-29 19:20,3197
2017-12-29 19:25,3230
2017-12-29 19:30,3263
2017-12-29 19:35,3260
2017-12-29 19:40,3280
2017-12-29 19:45,3298
2017-12-29 19:50,3293
2017-12-29 19:55,3282
2017-12-29 20:00,3286
2017-12-29 20:05,3306
2017-12-29 20:10,3322
2017-12-29 20:15,3287
2017-12-29 20:20,3284
2017-12-29 20:25,3275
2017-12-29 20:30,3263
2017-12-29 20:35,3233
2017-12-29 20:40,3223
2017-12-29 20:45,3207
2017-12-29 20:50,3240
2017-12-29 20:55,3232
2017-12-29 21:00,3250
2017-12-29 21:05,3259
2017-12-29 21:10,3226
2017-12-29 21:15,3223
2017-12-29 21:20,3216
2017-12-29 21:25,3209
2017-12-29 21:30,3204
2017-12-29 21:35,3189
2017-12-29 21:40,3178
2017-12-29 21:45,3164
2017-12-29 21:50,3153
2017-12-29 21:55,3113
2017-12-29 22:00,3102
2017-12-29 22:05,3088
2017-12-29 22:10,3034
2017-12-29 22:15,3024
2017-12-29 22:20,3009
2017-12-29 22:25,3015
2017-12-29 22:30,2992
2017-12-29 22:35,2977
2017-12-29 22:40,2964
2017-12-29 22:45,2956
2017-12-29 22:50,2926
2017-12-29 22:55,2903
2017-12-29 23:00,2852
2017-12-29 23:05,2822
2017-12-29 23:10,2777
2017-12-29 23:15,2766
2017-12-29 23:20,2739
2017-12-29 23:25,2729
2017-12-29 23:30,2708
2017-12-29 23:35,2686
2017-12-29 23:40,2658
2017-12-29 23:45,2631
2017-12-29 23:50,2622
2017-12-29 23:55,2596
2017-12-30 00:00,2550
2017-12-30 00:05,2524
2017-12-30 00:10,2516
2017-12-30 00:15,2490
2017-12-30 00:20,2464
2017-12-30 00:25,2433
2017-12-30 00:30,2412
2017-12-30 00:35,2373
2017-12-30 00:40,2335
2017-12-30 00:45,2333
2017-12-30 00:50,2330
2017-12-30 00:55,2294
2017-12-30 01:00,2270
2017-12-30 01:05,2283
2017-12-30 01:10,2248
2017-12-30 01:15,2247
2017-12-30 01:20,2244
2017-12-30 01:25,2235
2017-12-30 01:30,2223
2017-12-30 01:35,2211
2017-12-30 01:40,2205
2017-12-30 01:45,2187
2017-12-30 01:50,2167
2017-12-30 01:55,2150
2017-12-30 02:00,2155
2017-12-30 02:05,2158
2017-12-30 02:10,2127
2017-12-30 02:15,2109
2017-12-30 02:20,2096
2017-12-30 02:25,2087
2017-12-30 02:30,2081
2017-12-30 02:35,2077
2017-12-30 02:40,2078
2017-12-30 02:45,2055
2017-12-30 02:50,2043
2017-12-30 02:55,2049
2017-12-30 03:00,2034
2017-12-30 03:05,2000
2017-12-30 03:10,1977
2017-12-30 03:15,1966
2017-12-30 03:20,1961
2017-12-30 03:25,1959
2017-12-30 03:30,1970
2017-12-30 03:35,1976
2017-12-30 03:40,1960
2017-12-30 03:45,1963
2017-12-30 03:50,1947
2017-12-30 03:55,1929
2017-12-30 04:00,1912
2017-12-30 04:05,1901
2017-12-30 04:10,1887
2017-12-30 04:15,1891
2017-12-30 04:20,1844
2017-12-30 04:25,1864
2017-12-30 04:30,1842
2017-12-30 04:35,1835
2017-12-30 04:40,1825
2017-12-30 04:45,1793
2017-12-30 04:50,1776
2017-12-30 04:55,1752
2017-12-30 05:00,1729
2017-12-30 05:05,1722
2017-12-30 05:10,1729
2017-12-30 05:15,1712
2017-12-30 05:20,1717
2017-12-30 05:25,1690
2017-12-30 05:30,1685
2017-12-30 05:35,1689
2017-12-30 05:40,1686
2017-12-30 05:45,1672
2017-12-30 05:50,1657
2017-12-30 05:55,1662
2017-12-30 06:00,1644
2017-12-30 06:05,1647
2017-12-30 06:10,1618
2017-12-30 06:15,1612
2017-12-30 06:20,1595
2017-12-30 06:25,1616
2017-12-30 06:30,1588
2017-12-30 06:35,1584
2017-12-30 06:40,1583
2017-12-30 06:45,1561
2017-12-30 06:50,1580
2017-12-30 06:55,1563
2017-12-30 07:00,1562
2017-12-30 07:05,1567
2017-12-30 07:10,1568
2017-12-30 07:15,1569
2017-12-30 07:20,1566
2017-12-30 07:25,1573
2017-12-30 07:30,1595
2017-12-30 07:35,1600
2017-12-30 07:40,1582
2017-12-30 07:45,1575
2017-12-30 07:50,1590
2017-12-30 07:55,1584
2017-12-30 08:00,1590
2017-12-30 08:05,1581
2017-12-30 08:10,1591
2017-12-30 08:15,1599
2017-12-30 08:20,1619
2017-12-30 08:25,1638
2017-12-30 08:30,1663
2017-12-30 08:35,1683
2017-12-30 08:40,1693
2017-12-30 08:45,1721
2017-12-30 08:50,1715
2017-12-30 08:55,1739
2017-12-30 09:00,1751
2017-12-30 09:05,1810
2017-12-30 09:10,1817
2017-12-30 09:15,1831
2017-12-30 09:20,1838
2017-12-30 09:25,1871
2017-12-30 09:30,1889
2017-12-30 09:35,1875
2017-12-30 09:40,1867
2017-12-30 09:45,1899
2017-12-30 09:50,1911
2017-12-30 09:55,1963
2017-12-30 10:00,1999
2017-12-30 10:05,2036
2017-12-30 10:10,2063
2017-12-30 10:15,2093
2017-12-30 10:20,2113
2017-12-30 10:25,2154
2017-12-30 10:30,2175
2017-12-30 10:35,2195
2017-12-30 10:40,2221
2017-12-30 10:45,2242
2017-12-30 10:50,2267
2017-12-30 10:55,2276
2017-12-30 11:00,2303
2017-12-30 11:05,2332
2017-12-30 11:10,2330
2017-12-30 11:15,2322
2017-12-30 11:20,2341
2017-12-30 11:25,2336
2017-12-30 11:30,2331
2017-12-30 11:35,2373
2017-12-30 11:40,2391
2017-12-30 11:45,2425
2017-12-30 11:50,2478
2017-12-30 11:55,2509
2017-12-30 12:00,2534
2017-12-30 12:05,2528
2017-12-30 12:10,2547
2017-12-30 12:15,2551
2017-12-30 12:20,2570
2017-12-30 12:25,0
2017-12-30 12:30,2618
2017-12-30 12:35,2632
2017-12-30 12:40,2635
2017-12-30 12:45,2646
2017-12-30 12:50,2638
2017-12-30 12:55,2657
2017-12-30 13:00,2665
2017-12-30 13:05,2726
2017-12-30 13:10,2776
2017-12-30 13:15,2793
2017-12-30 13:20,2780
2017-12-30 13:25,2798
2017-12-30 13:30,2833
2017-12-30 13:35,2834
2017-12-30 13:40,2848
2017-12-30 13:45,2854
2017-12-30 13:50,2855
2017-12-30 13:55,2860
2017-12-30 14:00,2908
2017-12-30 14:05,2912
2017-12-30 14:10,2924
2017-12-30 14:15,2912
2017-12-30 14:20,0
2017-12-30 14:25,2926
2017-12-30 14:30,2968
2017-12-30 14:35,2978
2017-12-30 14:40,2971
2017-12-30 14:45,2962
2017-12-30 14:50,3010
2017-12-30 14:55,3012
2017-12-30 15:00,3002
2017-12-30 15:05,3029
2017-12-30 15:10,3031
2017-12-30 15:15,3065
2017-12-30 15:20,3092
2017-12-30 15:25,3112
2017-12-30 15:30,3115
2017-12-30 15:35,3134
2017-12-30 15:40,3135
2017-12-30 15:45,3137
2017-12-30 15:50,3151
2017-12-30 15:55,3167
2017-12-30 16:00,3190
2017-12-30 16:05,3183
2017-12-30 16:10,3186
2017-12-30 16:15,3200
2017-12-30 16:20,3195
2017-12-30 16:25,3252
2017-12-30 16:30,3262
2017-12-30 16:35,3281
2017-12-30 16:40,3326
2017-12-30 16:45,3326
2017-12-30 16:50,3317
2017-12-30 16:55,3315
2017-12-30 17:00,3304
2017-12-30 17:05,3317
2017-12-30 17:10,3308
2017-12-30 17:15,3306
2017-12-30 17:20,3295
2017-12-30 17:25,3302
2017-12-30 17:30,3285
2017-12-30 17:35,3311
2017-12-30 17:40,3296
2017-12-30 17:45,3285
2017-12-30 17:50,3296
2017-12-30 17:55,3295
2017-12-30 18:00,3296
2017-12-30 18:05,3291
2017-12-30 18:10,3304
2017-12-30 18:15,3329
2017-12-30 18:20,3346
2017-12-30 18:25,3331
2017-12-30 18:30,3359
2017-12-30 18:35,3379
2017-12-30 18:40,3381
2017-12-30 18:45,3377
2017-12-30 18:50,3415
2017-12-30 18:55,3392
2017-12-30 19:00,3371
2017-12-30 19:05,3365
2017-12-30 19:10,3391
2017-12-30 19:15,3406
2017-12-30 19:20,3418
2017-12-30 19:25,3407
2017-12-30 19:30,3400
2017-12-30 19:35,3402
2017-12-30 19:40,3383
2017-12-30 19:45,3394
2017-12-30 19:50,3388
2017-12-30 19:55,3408
2017-12-30 20:00,3381
2017-12-30 20:05,3389
2017-12-30 20:10,3399
2017-12-30 20:15,3413
2017-12-30 20:20,3399
2017-12-30 20:25,3382
2017-12-30 20:30,3393
2017-12-30 20:35,3373
2017-12-30 20:40,3410
2017-12-30 20:45,3396
2017-12-30 20:50,3395
2017-12-30 20:55,3374
2017-12-30 21:00,3373
2017-12-30 21:05,3344
2017-12-30 21:10,3352
2017-12-30 21:15,3379
2017-12-30 21:20,3375
2017-12-30 21:25,3378
2017-12-30 21:30,3387
2017-12-30 21:35,3391
2017-12-30 21:40,3355
2017-12-30 21:45,3294
2017-12-30 21:50,3283
2017-12-30 21:55,3255
2017-12-30 22:00,3206
2017-12-30 22:05,3188
2017-12-30 22:10,3179
2017-12-30 22:15,3190
2017-12-30 22:20,3174
2017-12-30 22:25,3142
2017-12-30 22:30,3111
2017-12-30 22:35,3098
2017-12-30 22:40,3054
2017-12-30 22:45,3015
2017-12-30 22:50,2994
2017-12-30 22:55,2975
2017-12-30 23:00,2943
2017-12-30 23:05,2932
2017-12-30 23:10,2901
2017-12-30 23:15,2878
2017-12-30 23:20,2840
2017-12-30 23:25,2819
2017-12-30 23:30,2806
2017-12-30 23:35,2754
2017-12-30 23:40,2735
2017-12-30 23:45,2718
2017-12-30 23:50,2669
2017-12-30 23:55,2679
2017-12-31 00:00,2667
2017-12-31 00:05,2614
2017-12-31 00:10,2599
2017-12-31 00:15,2574
2017-12-31 00:20,2557
2017-12-31 00:25,2563
2017-12-31 00:30,2546
2017-12-31 00:35,2520
2017-12-31 00:40,2488
2017-12-31 00:45,2460
2017-12-31 00:50,2452
2017-12-31 00:55,2436
2017-12-31 01:00,2399
2017-12-31 01:05,2391
2017-12-31 01:10,2378
2017-12-31 01:15,2347
2017-12-31 01:20,2320
2017-12-31 01:25,2315
2017-12-31 01:30,2301
2017-12-31 01:35,2282
2017-12-31 01:40,2281
2017-12-31 01:45,2246
2017-12-31 01:50,2228
2017-12-31 01:55,2214
2017-12-31 02:00,2232
2017-12-31 02:05,2230
2017-12-31 02:10,2229
2017-12-31 02:15,2198
2017-12-31 02:20,2168
2017-12-31 02:25,2152
2017-12-31 02:30,2136
2017-12-31 02:35,2113
2017-12-31 02:40,2125
2017-12-31 02:45,2095
2017-12-31 02:50,2089
2017-12-31 02:55,2068
2017-12-31 03:00,2083
2017-12-31 03:05,2077
2017-12-31 03:10,2062
2017-12-31 03:15,2060
2017-12-31 03:20,2052
2017-12-31 03:25,2036
2017-12-31 03:30,1997
2017-12-31 03:35,2015
2017-12-31 03:40,1995
2017-12-31 03:45,1992
2017-12-31 03:50,1996
2017-12-31 03:55,1990
2017-12-31 04:00,1972
2017-12-31 04:05,1943
2017-12-31 04:10,1933
2017-12-31 04:15,1920
2017-12-31 04:20,1888
2017-12-31 04:25,1853
2017-12-31 04:30,1852
2017-12-31 04:35,1854
2017-12-31 04:40,1836
2017-12-31 04:45,1809
2017-12-31 04:50,1811
2017-12-31 04:55,1810
2017-12-31 05:00,1793
2017-12-31 05:05,1778
2017-12-31 05:10,1778
2017-12-31 05:15,1778
2017-12-31 05:20,1786
2017-12-31 05:25,1803
2017-12-31 05:30,1790
2017-12-31 05:35,1777
2017-12-31 05:40,1762
2017-12-31 05:45,1774
2017-12-31 05:50,1770
2017-12-31 05:55,1778
2017-12-31 06:00,1771
2017-12-31 06:05,1735
2017-12-31 06:10,1730
2017-12-31 06:15,1723
2017-12-31 06:20,1693
2017-12-31 06:25,1684
2017-12-31 06:30,1677
2017-12-31 06:35,1685
2017-12-31 06:40,1683
2017-12-31 06:45,1676
2017-12-31 06:50,1684
2017-12-31 06:55,1667
2017-12-31 07:00,1653
2017-12-31 07:05,1663
2017-12-31 07:10,1654
2017-12-31 07:15,1667
2017-12-31 07:20,1665
2017-12-31 07:25,1687
2017-12-31 07:30,1673
2017-12-31 07:35,1661
2017-12-31 07:40,1666
2017-12-31 07:45,1662
2017-12-31 07:50,1683
2017-12-31 07:55,1692
2017-12-31 08:00,1691
2017-12-31 08:05,1693
2017-12-31 08:10,1677
2017-12-31 08:15,1696
2017-12-31 08:20,1713
2017-12-31 08:25,1728
2017-12-31 08:30,1735
2017-12-31 08:35,1739
2017-12-31 08:40,1778
2017-12-31 08:45,1786
2017-12-31 08:50,1799
2017-12-31 08:55,1818
2017-12-31 09:00,1836
2017-12-31 09:05,1832
2017-12-31 09:10,1848
2017-12-31 09:15,1880
2017-12-31 09:20,1901
2017-12-31 09:25,1891
2017-12-31 09:30,1896
2017-12-31 09:35,1912
2017-12-31 09:40,1938
2017-12-31 09:45,1962
2017-12-31 09:50,0
2017-12-31 09:55,2021
2017-12-31 10:00,2050
2017-12-31 10:05,2090
2017-12-31 10:10,2129
2017-12-31 10:15,2168
2017-12-31 10:20,2157
2017-12-31 10:25,2179
2017-12-31 10:30,2205
2017-12-31 10:35,2246
2017-12-31 10:40,2257
2017-12-31 10:45,2258
2017-12-31 10:50,2290
2017-12-31 10:55,2274
2017-12-31 11:00,2302
2017-12-31 11:05,2321
2017-12-31 11:10,2326
2017-12-31 11:15,2337
2017-12-31 11:20,2338
2017-12-31 11:25,2351
2017-12-31 11:30,2357
2017-12-31 11:35,2374
2017-12-31 11:40,2388
2017-12-31 11:45,2399
2017-12-31 11:50,2432
2017-12-31 11:55,2469
2017-12-31 12:00,2484
2017-12-31 12:05,2485
2017-12-31 12:10,2494
2017-12-31 12:15,2528
2017-12-31 12:20,2511
2017-12-31 12:25,2505
2017-12-31 12:30,2533
2017-12-31 12:35,2538
2017-12-31 12:40,2549
2017-12-31 12:45,2577
2017-12-31 12:50,2576
2017-12-31 12:55,2607
2017-12-31 13:00,2630
2017-12-31 13:05,2638
2017-12-31 13:10,2655
2017-12-31 13:15,2654
2017-12-31 13:20,2679
2017-12-31 13:25,2681
2017-12-31 13:30,2698
2017-12-31 13:35,2684
2017-12-31 13:40,2702
2017-12-31 13:45,2690
2017-12-31 13:50,2691
2017-12-31 13:55,2711
2017-12-31 14:00,2725
2017-12-31 14:05,2764
2017-12-31 14:10,2792
2017-12-31 14:15,2799
2017-12-31 14:20,2830
2017-12-31 14:25,2822
2017-12-31 14:30,2845
2017-12-31 14:35,2849
2017-12-31 14:40,2879
2017-12-31 14:45,2886
2017-12-31 14:50,2868
2017-12-31 14:55,2867
2017-12-31 15:00,2890
2017-12-31 15:05,2911
2017-12-31 15:10,2913
2017-12-31 15:15,2898
2017-12-31 15:20,2911
2017-12-31 15:25,2917
2017-12-31 15:30,2936
2017-12-31 15:35,2935
2017-12-31 15:40,2932
2017-12-31 15:45,2953
2017-12-31 15:50,2950
2017-12-31 15:55,2963
2017-12-31 16:00,2976
2017-12-31 16:05,3009
2017-12-31 16:10,2999
2017-12-31 16:15,2984
2017-12-31 16:20,2989
2017-12-31 16:25,2978
2017-12-31 16:30,2990
2017-12-31 16:35,2986
2017-12-31 16:40,2963
2017-12-31 16:45,2943
2017-12-31 16:50,2946
2017-12-31 16:55,2943
2017-12-31 17:00,2931
2017-12-31 17:05,2889
2017-12-31 17:10,2862
2017-12-31 17:15,2868
2017-12-31 17:20,2873
2017-12-31 17:25,2875
2017-12-31 17:30,2866
2017-12-31 17:35,2869
2017-12-31 17:40,2855
2017-12-31 17:45,2846
2017-12-31 17:50,2820
2017-12-31 17:55,2812
2017-12-31 18:00,2793
2017-12-31 18:05,2784
2017-12-31 18:10,2801
2017-12-31 18:15,2777
2017-12-31 18:20,2751
2017-12-31 18:25,2732
2017-12-31 18:30,2747
2017-12-31 18:35,2737
2017-12-31 18:40,2729
2017-12-31 18:45,2725
2017-12-31 18:50,2704
2017-12-31 18:55,2692
2017-12-31 19:00,2684
2017-12-31 19:05,2669
2017-12-31 19:10,2679
2017-12-31 19:15,2659
2017-12-31 19:20,2645
2017-12-31 19:25,2631
2017-12-31 19:30,2639
2017-12-31 19:35,2635
2017-12-31 19:40,2657
2017-12-31 19:45,2660
2017-12-31 19:50,2676
2017-12-31 19:55,2673
2017-12-31 20:00,2649
2017-12-31 20:05,2628
2017-12-31 20:10,2614
2017-12-31 20:15,2625
2017-12-31 20:20,2615
2017-12-31 20:25,2627
2017-12-31 20:30,2602
2017-12-31 20:35,2580
2017-12-31 20:40,2569
2017-12-31 20:45,2554
2017-12-31 20:50,2502
2017-12-31 20:55,2507
2017-12-31 21:00,2489
2017-12-31 21:05,2484
2017-12-31 21:10,2453
2017-12-31 21:15,2461
2017-12-31 21:20,2471
2017-12-31 21:25,2464
2017-12-31 21:30,2451
2017-12-31 21:35,2453
2017-12-31 21:40,2441
2017-12-31 21:45,2445
2017-12-31 21:50,2421
2017-12-31 21:55,2401
2017-12-31 22:00,2382
2017-12-31 22:05,2379
2017-12-31 22:10,2393
2017-12-31 22:15,2388
2017-12-31 22:20,2348
2017-12-31 22:25,2350
2017-12-31 22:30,2348
2017-12-31 22:35,2343
2017-12-31 22:40,2327
2017-12-31 22:45,2330
2017-12-31 22:50,2310
2017-12-31 22:55,2280
2017-12-31 23:00,2281
2017-12-31 23:05,2256
2017-12-31 23:10,2203
2017-12-31 23:15,2211
2017-12-31 23:20,2217
2017-12-31 23:25,2203
2017-12-31 23:30,2203
2017-12-31 23:35,2166
2017-12-31 23:40,2156
2017-12-31 23:45,2126
2017-12-31 23:50,2139
2017-12-31 23:55,2122
2018-01-01 00:00,2098
2018-01-01 00:05,2082
2018-01-01 00:10,2064
2018-01-01 00:15,2070
2018-01-01 00:20,2023
2018-01-01 00:25,2010
2018-01-01 00:30,2010
2018-01-01 00:35,2017
2018-01-01 00:40,1988
2018-01-01 00:45,1962
2018-01-01 00:50,1934
2018-01-01 00:55,1911
2018-01-01 01:00,1898
2018-01-01 01:05,1900
2018-01-01 01:10,1910
2018-01-01 01:15,1889
2018-01-01 01:20,1879
2018-01-01 01:25,1879
2018-01-01 01:30,1873
2018-01-01 01:35,1860
2018-01-01 01:40,1863
2018-01-01 01:45,1846
2018-01-01 01:50,1842
2018-01-01 01:55,1837
2018-01-01 02:00,1819
2018-01-01 02:05,1803
2018-01-01 02:10,1796
2018-01-01 02:15,1794
2018-01-01 02:20,1784
2018-01-01 02:25,1759
2018-01-01 02:30,1763
2018-01-01 02:35,1745
2018-01-01 02:40,1726
2018-01-01 02:45,1735
2018-01-01 02:50,1716
2018-01-01 02:55,1714
2018-01-01 03:00,1713
2018-01-01 03:05,1694
2018-01-01 03:10,1691
2018-01-01 03:15,1685
2018-01-01 03:20,1686
2018-01-01 03:25,1675
2018-01-01 03:30,1662
2018-01-01 03:35,1671
2018-01-01 03:40,1653
2018-01-01 03:45,1631
2018-01-01 03:50,1640
2018-01-01 03:55,1655
2018-01-01 04:00,1669
2018-01-01 04:05,1667
2018-01-01 04:10,1657
2018-01-01 04:15,1674
2018-01-01 04:20,1650
2018-01-01 04:25,1638
2018-01-01 04:30,1629
2018-01-01 04:35,1617
2018-01-01 04:40,1589
2018-01-01 04:45,1577
2018-01-01 04:50,1554
2018-01-01 04:55,1544
2018-01-01 05:00,1520
2018-01-01 05:05,1522
2018-01-01 05:10,1497
2018-01-01 05:15,1498
2018-01-01 05:20,1501
2018-01-01 05:25,1508
2018-01-01 05:30,1504
2018-01-01 05:35,1471
2018-01-01 05:40,1452
2018-01-01 05:45,1463
2018-01-01 05:50,1450
2018-01-01 05:55,1444
2018-01-01 06:00,1428
2018-01-01 06:05,1433
2018-01-01 06:10,1422
2018-01-01 06:15,1425
2018-01-01 06:20,1420
2018-01-01 06:25,1414
2018-01-01 06:30,1416
2018-01-01 06:35,1418
2018-01-01 06:40,1406
2018-01-01 06:45,1397
2018-01-01 06:50,1379
2018-01-01 06:55,1403
2018-01-01 07:00,1390
2018-01-01 07:05,1385
2018-01-01 07:10,1378
2018-01-01 07:15,1377
2018-01-01 07:20,1364
2018-01-01 07:25,1381
2018-01-01 07:30,1364
2018-01-01 07:35,0
2018-01-01 07:40,1364
2018-01-01 07:45,1360
2018-01-01 07:50,1366
2018-01-01 07:55,1360
2018-01-01 08:00,1358
2018-01-01 08:05,1354
2018-01-01 08:10,1364
2018-01-01 08:15,1380
2018-01-01 08:20,1395
2018-01-01 08:25,1410
2018-01-01 08:30,1433
2018-01-01 08:35,1436
2018-01-01 08:40,1444
2018-01-01 08:45,1460
2018-01-01 08:50,1472
2018-01-01 08:55,1489
2018-01-01 09:00,1511
2018-01-01 09:05,1517
2018-01-01 09:10,1527
2018-01-01 09:15,1560
2018-01-01 09:20,1575
2018-01-01 09:25,1603
2018-01-01 09:30,1603
2018-01-01 09:35,1600
2018-01-01 09:40,1609
2018-01-01 09:45,1613
2018-01-01 09:50,1631
2018-01-01 09:55,1657
2018-01-01 10:00,1678
2018-01-01 10:05,1690
2018-01-01 10:10,1739
2018-01-01 10:15,1759
2018-01-01 10:20,1773
2018-01-01 10:25,1783
2018-01-01 10:30,1814
2018-01-01 10:35,1856
2018-01-01 10:40,1873
2018-01-01 10:45,1892
2018-01-01 10:50,1904
2018-01-01 10:55,1899
2018-01-01 11:00,1918
2018-01-01 11:05,1935
2018-01-01 11:10,1973
2018-01-01 11:15,2004
2018-01-01 11:20,2009
2018-01-01 11:25,2031
2018-01-01 11:30,2059
2018-01-01 11:35,2069
2018-01-01 11:40,2107
2018-01-01 11:45,2119
2018-01-01 11:50,2143
2018-01-01 11:55,2161
2018-01-01 12:00,2172
2018-01-01 12:05,2164
2018-01-01 12:10,2155
2018-01-01 12:15,2164
2018-01-01 12:20,2190
2018-01-01 12:25,2211
2018-01-01 12:30,2213
2018-01-01 12:35,2240
2018-01-01 12:40,2272
2018-01-01 12:45,2305
2018-01-01 12:50,2291
2018-01-01 12:55,2298
2018-01-01 13:00,2306
2018-01-01 13:05,2330
2018-01-01 13:10,2344
2018-01-01 13:15,2385
2018-01-01 13:20,2384
2018-01-01 13:25,2452
2018-01-01 13:30,2463
2018-01-01 13:35,2476
2018-01-01 13:40,2495
2018-01-01 13:45,2504
2018-01-01 13:50,2540
2018-01-01 13:55,2573
2018-01-01 14:00,2593
2018-01-01 14:05,2593
2018-01-01 14:10,2621
2018-01-01 14:15,2641
2018-01-01 14:20,2665
2018-01-01 14:25,2712
2018-01-01 14:30,2732
2018-01-01 14:35,2750
2018-01-01 14:40,2733
2018-01-01 14:45,2753
2018-01-01 14:50,2765
2018-01-01 14:55,2749
2018-01-01 15:00,2767
2018-01-01 15:05,2785
2018-01-01 15:10,2793
2018-01-01 15:15,2805
2018-01-01 15:20,2814
2018-01-01 15:25,2830
2018-01-01 15:30,2850
2018-01-01 15:35,2882
2018-01-01 15:40,2907
2018-01-01 15:45,2942
2018-01-01 15:50,2966
2018-01-01 15:55,2974
2018-01-01 16:00,3020
2018-01-01 16:05,3043
2018-01-01 16:10,3070
2018-01-01 16:15,3115
2018-01-01 16:20,3106
2018-01-01 16:25,3093
2018-01-01 16:30,3100
2018-01-01 16:35,3116
2018-01-01 16:40,3150
2018-01-01 16:45,3156
2018-01-01 16:50,3168
2018-01-01 16:55,3177
2018-01-01 17:00,3188
2018-01-01 17:05,3209
2018-01-01 17:10,3214
2018-01-01 17:15,3229
2018-01-01 17:20,3262
2018-01-01 17:25,3285
2018-01-01 17:30,3276
2018-01-01 17:35,3266
2018-01-01 17:40,3281
2018-01-01 17:45,3304
2018-01-01 17:50,3316
2018-01-01 17:55,3327
2018-01-01 18:00,3334
2018-01-01 18:05,3325
2018-01-01 18:10,3303
2018-01-01 18:15,3322
2018-01-01 18:20,3323
2018-01-01 18:25,3325
2018-01-01 18:30,3320
2018-01-01 18:35,3300
2018-01-01 18:40,3321
2018-01-01 18:45,3343
2018-01-01 18:50,3337
2018-01-01 18:55,3323
2018-01-01 19:00,3324
2018-01-01 19:05,3342
2018-01-01 19:10,3370
2018-01-01 19:15,3369
2018-01-01 19:20,3365
2018-01-01 19:25,3358
2018-01-01 19:30,3385
2018-01-01 19:35,3403
2018-01-01 19:40,3420
2018-01-01 19:45,3422
2018-01-01 19:50,3437
2018-01-01 19:55,3458
2018-01-01 20:00,3476
2018-01-01 20:05,3467
2018-01-01 20:10,3471
2018-01-01 20:15,3471
2018-01-01 20:20,3504
2018-01-01 20:25,3483
2018-01-01 20:30,3476
2018-01-01 20:35,3473
2018-01-01 20:40,3470
2018-01-01 20:45,3477
2018-01-01 20:50,3471
2018-01-01 20:55,3463
2018-01-01 21:00,3427
2018-01-01 21:05,3400
2018-01-01 21:10,3330
2018-01-01 21:15,3315
2018-01-01 21:20,3290
2018-01-01 21:25,3260
2018-01-01 21:30,3257
2018-01-01 21:35,3221
2018-01-01 21:40,3197
2018-01-01 21:45,3197
2018-01-01 21:50,3160
2018-01-01 21:55,3144
2018-01-01 22:00,3100
2018-01-01 22:05,3066
2018-01-01 22:10,3035
2018-01-01 22:15,2909
2018-01-01 22:20,2868
2018-01-01 22:25,2834
2018-01-01 22:30,2803
2018-01-01 22:35,2805
2018-01-01 22:40,2758
2018-01-01 22:45,2773
2018-01-01 22:50,2744
2018-01-01 22:55,2722
2018-01-01 23:00,2660
2018-01-01 23:05,2626
2018-01-01 23:10,2621
2018-01-01 23:15,2581
2018-01-01 23:20,2580
2018-01-01 23:25,2589
2018-01-01 23:30,2569
2018-01-01 23:35,2575
2018-01-01 23:40,2563
2018-01-01 23:45,2569
2018-01-01 23:50,2559
2018-01-01 23:55,2564
2018-01-02 00:00,2552
2018-01-02 00:05,2551
2018-01-02 00:10,2538
2018-01-02 00:15,2510
2018-01-02 00:20,2508
2018-01-02 00:25,2479
2018-01-02 00:30,2472
2018-01-02 00:35,2461
2018-01-02 00:40,2458
2018-01-02 00:45,2461
2018-01-02 00:50,2440
2018-01-02 00:55,2420
2018-01-02 01:00,2407
2018-01-02 01:05,2401
2018-01-02 01:10,2359
2018-01-02 01:15,2352
2018-01-02 01:20,2336
2018-01-02 01:25,2287
2018-01-02 01:30,0
2018-01-02 01:35,2269
2018-01-02 01:40,2253
2018-01-02 01:45,2229
2018-01-02 01:50,2213
2018-01-02 01:55,2181
2018-01-02 02:00,2149
2018-01-02 02:05,2110
2018-01-02 02:10,2092
2018-01-02 02:15,2058
2018-01-02 02:20,2053
2018-01-02 02:25,2048
2018-01-02 02:30,2054
2018-01-02 02:35,2045
2018-01-02 02:40,2037
2018-01-02 02:45,2020
2018-01-02 02:50,2003
2018-01-02 02:55,1981
2018-01-02 03:00,1963
2018-01-02 03:05,1937
2018-01-02 03:10,1938
2018-01-02 03:15,1903
2018-01-02 03:20,1889
2018-01-02 03:25,1862
2018-01-02 03:30,1846
2018-01-02 03:35,1836
2018-01-02 03:40,1820
2018-01-02 03:45,1811
2018-01-02 03:50,1786
2018-01-02 03:55,1801
2018-01-02 04:00,1795
2018-01-02 04:05,1769
2018-01-02 04:10,1755
2018-01-02 04:15,1748
2018-01-02 04:20,1759
2018-01-02 04:25,1743
2018-01-02 04:30,1732
2018-01-02 04:35,1690
2018-01-02 04:40,1663
2018-01-02 04:45,1654
2018-01-02 04:50,1621
2018-01-02 04:55,1620
2018-01-02 05:00,1601
2018-01-02 05:05,1600
2018-01-02 05:10,1582
2018-01-02 05:15,1565
2018-01-02 05:20,1557
2018-01-02 05:25,1551
2018-01-02 05:30,1536
2018-01-02 05:35,1524
2018-01-02 05:40,1517
2018-01-02 05:45,1504
2018-01-02 05:50,1485
2018-01-02 05:55,1476
2018-01-02 06:00,1475
2018-01-02 06:05,1468
2018-01-02 06:10,1466
2018-01-02 06:15,1450
2018-01-02 06:20,1450
2018-01-02 06:25,1451
2018-01-02 06:30,1452
2018-01-02 06:35,1454
2018-01-02 06:40,1472
2018-01-02 06:45,1450
2018-01-02 06:50,1445
2018-01-02 06:55,1466
2018-01-02 07:00,1456
2018-01-02 07:05,1446
2018-01-02 07:10,1451
2018-01-02 07:15,1460
2018-01-02 07:20,1465
2018-01-02 07:25,1460
2018-01-02 07:30,1457
2018-01-02 07:35,1458
2018-01-02 07:40,1452
2018-01-02 07:45,1459
2018-01-02 07:50,1466
2018-01-02 07:55,1459
2018-01-02 08:00,1446
2018-01-02 08:05,1469
2018-01-02 08:10,1472
2018-01-02 08:15,1456
2018-01-02 08:20,1456
2018-01-02 08:25,1470
2018-01-02 08:30,1464
2018-01-02 08:35,1475
2018-01-02 08:40,1471
2018-01-02 08:45,1484
2018-01-02 08:50,1490
2018-01-02 08:55,1493
2018-01-02 09:00,1514
2018-01-02 09:05,1519
2018-01-02 09:10,1541
2018-01-02 09:15,1568
2018-01-02 09:20,1590
2018-01-02 09:25,1611
2018-01-02 09:30,1629
2018-01-02 09:35,1658
2018-01-02 09:40,1670
2018-01-02 09:45,1694
2018-01-02 09:50,1705
2018-01-02 09:55,1733
2018-01-02 10:00,1767
2018-01-02 10:05,1801
2018-01-02 10:10,1827
2018-01-02 10:15,1861
2018-01-02 10:20,1917
2018-01-02 10:25,1939
2018-01-02 10:30,1960
2018-01-02 10:35,1966
2018-01-02 10:40,1989
2018-01-02 10:45,2024
2018-01-02 10:50,2041
2018-01-02 10:55,2062
2018-01-02 11:00,2089
2018-01-02 11:05,2107
2018-01-02 11:10,2128
2018-01-02 11:15,2127
2018-01-02 11:20,2134
2018-01-02 11:25,2151
2018-01-02 11:30,2167
2018-01-02 11:35,2179
2018-01-02 11:40,2186
2018-01-02 11:45,2187
2018-01-02 11:50,2193
2018-01-02 11:55,2210
2018-01-02 12:00,2207
2018-01-02 12:05,2210
2018-01-02 12:10,2239
2018-01-02 12:15,2266
2018-01-02 12:20,2281
2018-01-02 12:25,2300
2018-01-02 12:30,2324
2018-01-02 12:35,2324
2018-01-02 12:40,2356
2018-01-02 12:45,2376
2018-01-02 12:50,2416
2018-01-02 12:55,2452
2018-01-02 13:00,2452
2018-01-02 13:05,2467
2018-01-02 13:10,2449
2018-01-02 13:15,2465
2018-01-02 13:20,2493
2018-01-02 13:25,2533
2018-01-02 13:30,2564
2018-01-02 13:35,2571
2018-01-02 13:40,2590
2018-01-02 13:45,2610
2018-01-02 13:50,2671
2018-01-02 13:55,2691
2018-01-02 14:00,2705
2018-01-02 14:05,2702
2018-01-02 14:10,2732
2018-01-02 14:15,2719
2018-01-02 14:20,2733
2018-01-02 14:25,2732
2018-01-02 14:30,2778
2018-01-02 14:35,2768
2018-01-02 14:40,2780
2018-01-02 14:45,2787
2018-01-02 14:50,2789
2018-01-02 14:55,2802
2018-01-02 15:00,2826
2018-01-02 15:05,2852
2018-01-02 15:10,2884
2018-01-02 15:15,2902
2018-01-02 15:20,2922
2018-01-02 15:25,2963
2018-01-02 15:30,2967
2018-01-02 15:35,3006
2018-01-02 15:40,3007
2018-01-02 15:45,3030
2018-01-02 15:50,3040
2018-01-02 15:55,3047
2018-01-02 16:00,3085
2018-01-02 16:05,3081
2018-01-02 16:10,3114
2018-01-02 16:15,3120
2018-01-02 16:20,3113
2018-01-02 16:25,3118
2018-01-02 16:30,3113
2018-01-02 16:35,3142
2018-01-02 16:40,3129
2018-01-02 16:45,3162
2018-01-02 16:50,3178
2018-01-02 16:55,3155
2018-01-02 17:00,3172
2018-01-02 17:05,3173
2018-01-02 17:10,3204
2018-01-02 17:15,3194
2018-01-02 17:20,3217
2018-01-02 17:25,3224
2018-01-02 17:30,3255
2018-01-02 17:35,3264
2018-01-02 17:40,3267
2018-01-02 17:45,3282
2018-01-02 17:50,3260
2018-01-02 17:55,3250
2018-01-02 18:00,3244
2018-01-02 18:05,3262
2018-01-02 18:10,3271
2018-01-02 18:15,3261
2018-01-02 18:20,3244
2018-01-02 18:25,3276
2018-01-02 18:30,3267
2018-01-02 18:35,3291
2018-01-02 18:40,3265
2018-01-02 18:45,3249
2018-01-02 18:50,3247
2018-01-02 18:55,3237
2018-01-02 19:00,3253
2018-01-02 19:05,3270
2018-01-02 19:10,3273
2018-01-02 19:15,3291
2018-01-02 19:20,3297
2018-01-02 19:25,3286
2018-01-02 19:30,3318
2018-01-02 19:35,3323
2018-01-02 19:40,3335
2018-01-02 19:45,3350
2018-01-02 19:50,3357
2018-01-02 19:55,3376
2018-01-02 20:00,3348
2018-01-02 20:05,3356
2018-01-02 20:10,3322
2018-01-02 20:15,3337
2018-01-02 20:20,3332
2018-01-02 20:25,3349
2018-01-02 20:30,3340
2018-01-02 20:35,3339
2018-01-02 20:40,3356
2018-01-02 20:45,3343
2018-01-02 20:50,3314
2018-01-02 20:55,3325
2018-01-02 21:00,3303
2018-01-02 21:05,3282
2018-01-02 21:10,3276
2018-01-02 21:15,3244
2018-01-02 21:20,3207
2018-01-02 21:25,3181
2018-01-02 21:30,3197
2018-01-02 21:35,3206
2018-01-02 21:40,3190
2018-01-02 21:45,3145
2018-01-02 21:50,3128
2018-01-02 21:55,3091
2018-01-02 22:00,3103
2018-01-02 22:05,3078
2018-01-02 22:10,3073
2018-01-02 22:15,3092
2018-01-02 22:20,3038
2018-01-02 22:25,3031
2018-01-02 22:30,3034
2018-01-02 22:35,3015
2018-01-02 22:40,2970
2018-01-02 22:45,2946
2018-01-02 22:50,2932
2018-01-02 22:55,2895
2018-01-02 23:00,2854
2018-01-02 23:05,2809
2018-01-02 23:10,2776
2018-01-02 23:15,0
2018-01-02 23:20,2729
2018-01-02 23:25,2691
2018-01-02 23:30,2662
2018-01-02 23:35,2640
2018-01-02 23:40,2632
2018-01-02 23:45,2610
2018-01-02 23:50,2618
2018-01-02 23:55,2579
2018-01-03 00:00,2585
2018-01-03 00:05,2587
2018-01-03 00:10,2568
2018-01-03 00:15,2541
2018-01-03 00:20,2516
2018-01-03 00:25,2466
2018-01-03 00:30,2449
2018-01-03 00:35,2412
2018-01-03 00:40,2389
2018-01-03 00:45,2382
2018-01-03 00:50,2364
2018-01-03 00:55,2364
2018-01-03 01:00,2334
2018-01-03 01:05,2317
2018-01-03 01:10,2317
2018-01-03 01:15,2326
2018-01-03 01:20,2293
2018-01-03 01:25,2258
2018-01-03 01:30,2236
2018-01-03 01:35,2183
2018-01-03 01:40,2163
2018-01-03 01:45,2165
2018-01-03 01:50,2158
2018-01-03 01:55,2140
2018-01-03 02:00,2127
2018-01-03 02:05,2116
2018-01-03 02:10,2113
2018-01-03 02:15,2110
2018-01-03 02:20,2085
2018-01-03 02:25,2082
2018-01-03 02:30,2051
2018-01-03 02:35,2055
2018-01-03 02:40,2025
2018-01-03 02:45,2038
2018-01-03 02:50,2015
2018-01-03 02:55,2005
2018-01-03 03:00,2002
2018-01-03 03:05,1975
2018-01-03 03:10,1963
2018-01-03 03:15,1959
2018-01-03 03:20,1947
2018-01-03 03:25,1946
2018-01-03 03:30,1921
2018-01-03 03:35,1905
2018-01-03 03:40,1910
2018-01-03 03:45,1894
2018-01-03 03:50,1867
2018-01-03 03:55,1861
2018-01-03 04:00,1843
2018-01-03 04:05,1820
2018-01-03 04:10,1822
2018-01-03 04:15,1771
2018-01-03 04:20,1762
2018-01-03 04:25,1754
2018-01-03 04:30,1739
2018-01-03 04:35,1734
2018-01-03 04:40,1697
2018-01-03 04:45,1686
2018-01-03 04:50,1684
2018-01-03 04:55,1665
2018-01-03 05:00,1645
2018-01-03 05:05,1619
2018-01-03 05:10,1596
2018-01-03 05:15,1592
2018-01-03 05:20,1581
2018-01-03 05:25,1576
2018-01-03 05:30,1570
2018-01-03 05:35,1563
2018-01-03 05:40,1550
2018-01-03 05:45,1550
2018-01-03 05:50,1534
2018-01-03 05:55,1544
2018-01-03 06:00,1521
2018-01-03 06:05,1500
2018-01-03 06:10,1496
2018-01-03 06:15,1490
2018-01-03 06:20,1481
2018-01-03 06:25,1469
2018-01-03 06:30,1475
2018-01-03 06:35,1482
2018-01-03 06:40,1478
2018-01-03 06:45,1463
2018-01-03 06:50,1488
2018-01-03 06:55,1485
2018-01-03 07:00,1487
2018-01-03 07:05,1484
2018-01-03 07:10,1481
2018-01-03 07:15,1467
2018-01-03 07:20,1479
2018-01-03 07:25,1477
2018-01-03 07:30,1478
2018-01-03 07:35,1486
2018-01-03 07:40,1457
2018-01-03 07:45,1453
2018-01-03 07:50,1457
2018-01-03 07:55,1485
2018-01-03 08:00,1502
2018-01-03 08:05,1492
2018-01-03 08:10,1502
2018-01-03 08:15,1508
2018-01-03 08:20,1515
2018-01-03 08:25,1520
2018-01-03 08:30,1531
2018-01-03 08:35,1539
2018-01-03 08:40,1554
2018-01-03 08:45,1560
2018-01-03 08:50,1570
2018-01-03 08:55,1583
2018-01-03 09:00,1589
2018-01-03 09:05,1603
2018-01-03 09:10,1620
2018-01-03 09:15,1634
2018-01-03 09:20,1630
2018-01-03 09:25,1625
2018-01-03 09:30,1648
2018-01-03 09:35,1647
2018-01-03 09:40,1639
2018-01-03 09:45,1649
2018-01-03 09:50,1673
2018-01-03 09:55,1712
2018-01-03 10:00,1718
2018-01-03 10:05,1752
2018-01-03 10:10,1754
2018-01-03 10:15,1789
2018-01-03 10:20,1815
2018-01-03 10:25,1866
2018-01-03 10:30,1888
2018-01-03 10:35,1906
2018-01-03 10:40,1929
2018-01-03 10:45,1946
2018-01-03 10:50,1985
2018-01-03 10:55,1995
2018-01-03 11:00,2016
2018-01-03 11:05,2026
2018-01-03 11:10,2034
2018-01-03 11:15,2069
2018-01-03 11:20,2095
2018-01-03 11:25,2111
2018-01-03 11:30,2126
2018-01-03 11:35,2141
2018-01-03 11:40,2171
2018-01-03 11:45,2191
2018-01-03 11:50,2187
2018-01-03 11:55,2198
2018-01-03 12:00,2214
2018-01-03 12:05,2253
2018-01-03 12:10,2296
2018-01-03 12:15,2318
2018-01-03 12:20,2323
2018-01-03 12:25,2345
2018-01-03 12:30,2370
2018-01-03 12:35,2374
2018-01-03 12:40,2360
2018-01-03 12:45,2378
2018-01-03 12:50,2386
2018-01-03 12:55,2399
2018-01-03 13:00,2418
2018-01-03 13:05,2442
2018-01-03 13:10,2475
2018-01-03 13:15,2479
2018-01-03 13:20,2474
2018-01-03 13:25,2489
2018-01-03 13:30,2476
2018-01-03 13:35,2471
2018-01-03 13:40,2480
2018-01-03 13:45,2502
2018-01-03 13:50,2505
2018-01-03 13:55,2531
2018-01-03 14:00,2550
2018-01-03 14:05,2553
2018-01-03 14:10,2568
2018-01-03 14:15,2572
2018-01-03 14:20,2598
2018-01-03 14:25,2607
2018-01-03 14:30,2591
2018-01-03 14:35,2602
2018-01-03 14:40,2642
2018-01-03 14:45,2666
2018-01-03 14:50,2691
2018-01-03 14:55,2708
2018-01-03 15:00,2726
2018-01-03 15:05,2732
2018-01-03 15:10,2732
2018-01-03 15:15,2747
2018-01-03 15:20,2774
2018-01-03 15:25,2798
2018-01-03 15:30,2797
2018-01-03 15:35,0
2018-01-03 15:40,2850
2018-01-03 15:45,2850
2018-01-03 15:50,2888
2018-01-03 15:55,2895
2018-01-03 16:00,2893
2018-01-03 16:05,2914
2018-01-03 16:10,2915
2018-01-03 16:15,2908
2018-01-03 16:20,2923
2018-01-03 16:25,2930
2018-01-03 16:30,2958
2018-01-03 16:35,2977
2018-01-03 16:40,2984
2018-01-03 16:45,3028
2018-01-03 16:50,3041
2018-01-03 16:55,3044
2018-01-03 17:00,3099
2018-01-03 17:05,3083
2018-01-03 17:10,3082
2018-01-03 17:15,3113
2018-01-03 17:20,3139
2018-01-03 17:25,3167
2018-01-03 17:30,3192
2018-01-03 17:35,3197
2018-01-03 17:40,3202
2018-01-03 17:45,3237
2018-01-03 17:50,3217
2018-01-03 17:55,3255
2018-01-03 18:00,3274
2018-01-03 18:05,3287
2018-01-03 18:10,3271
2018-01-03 18:15,3260
2018-01-03 18:20,3286
2018-01-03 18:25,3289
2018-01-03 18:30,3274
2018-01-03 18:35,3281
2018-01-03 18:40,3275
2018-01-03 18:45,3307
2018-01-03 18:50,3318
2018-01-03 18:55,3340
2018-01-03 19:00,3311
2018-01-03 19:05,3320
2018-01-03 19:10,3342
2018-01-03 19:15,3350
2018-01-03 19:20,3361
2018-01-03 19:25,3385
2018-01-03 19:30,3368
2018-01-03 19:35,3349
2018-01-03 19:40,3344
2018-01-03 19:45,3347
2018-01-03 19:50,3341
2018-01-03 19:55,3342
2018-01-03 20:00,3341
2018-01-03 20:05,3316
2018-01-03 20:10,3298
2018-01-03 20:15,3301
2018-01-03 20:20,3306
2018-01-03 20:25,3301
2018-01-03 20:30,3315
2018-01-03 20:35,3340
2018-01-03 20:40,3336
2018-01-03 20:45,3322
2018-01-03 20:50,3287
2018-01-03 20:55,3243
2018-01-03 21:00,3225
2018-01-03 21:05,3202
2018-01-03 21:10,3181
2018-01-03 21:15,3156
2018-01-03 21:20,3150
2018-01-03 21:25,3143
2018-01-03 21:30,3136
2018-01-03 21:35,3105
2018-01-03 21:40,3078
2018-01-03 21:45,3054
2018-01-03 21:50,3040
2018-01-03 21:55,3038
2018-01-03 22:00,2990
2018-01-03 22:05,2973
2018-01-03 22:10,2967
2018-01-03 22:15,2935
2018-01-03 22:20,2910
2018-01-03 22:25,2860
2018-01-03 22:30,2847
2018-01-03 22:35,2812
2018-01-03 22:40,2796
2018-01-03 22:45,2783
2018-01-03 22:50,2774
2018-01-03 22:55,2750
2018-01-03 23:00,2709
2018-01-03 23:05,2676
2018-01-03 23:10,2650
2018-01-03 23:15,2631
2018-01-03 23:20,2641
2018-01-03 23:25,2630
2018-01-03 23:30,2631
2018-01-03 23:35,2603
2018-01-03 23:40,2583
2018-01-03 23:45,2580
2018-01-03 23:50,2571
2018-01-03 23:55,2531
2018-01-04 00:00,2509
2018-01-04 00:05,2500
2018-01-04 00:10,2483
2018-01-04 00:15,2468
2018-01-04 00:20,2426
2018-01-04 00:25,2411
2018-01-04 00:30,2380
2018-01-04 00:35,2374
2018-01-04 00:40,2367
2018-01-04 00:45,2353
2018-01-04 00:50,2330
2018-01-04 00:55,2316
2018-01-04 01:00,2312
2018-01-04 01:05,2281
2018-01-04 01:10,2271
2018-01-04 01:15,2238
2018-01-04 01:20,2228
2018-01-04 01:25,2211
2018-01-04 01:30,2196
2018-01-04 01:35,2194
2018-01-04 01:40,2191
2018-01-04 01:45,2186
2018-01-04 01:50,2176
2018-01-04 01:55,2157
2018-01-04 02:00,2128
2018-01-04 02:05,2121
2018-01-04 02:10,2131
2018-01-04 02:15,2125
2018-01-04 02:20,2130
2018-01-04 02:25,2115
2018-01-04 02:30,2104
2018-01-04 02:35,2095
2018-01-04 02:40,2083
2018-01-04 02:45,2061
2018-01-04 02:50,2043
2018-01-04 02:55,2033
2018-01-04 03:00,2021
2018-01-04 03:05,2017
2018-01-04 03:10,1991
2018-01-04 03:15,1972
2018-01-04 03:20,1983
2018-01-04 03:25,1956
2018-01-04 03:30,1948
2018-01-04 03:35,1941
2018-01-04 03:40,1938
2018-01-04 03:45,1928
2018-01-04 03:50,1908
2018-01-04 03:55,1873
2018-01-04 04:00,1836
2018-01-04 04:05,1810
2018-01-04 04:10,1811
2018-01-04 04:15,1794
2018-01-04 04:20,1790
2018-01-04 04:25,1768
2018-01-04 04:30,1743
2018-01-04 04:35,1730
2018-01-04 04:40,1720
2018-01-04 04:45,1706
2018-01-04 04:50,1675
2018-01-04 04:55,1666
2018-01-04 05:00,1664
2018-01-04 05:05,1650
2018-01-04 05:10,1639
2018-01-04 05:15,1641
2018-01-04 05:20,1635
2018-01-04 05:25,1612
2018-01-04 05:30,1625
2018-01-04 05:35,1613
2018-01-04 05:40,1596
2018-01-04 05:45,1595
2018-01-04 05:50,1587
2018-01-04 05:55,1572
2018-01-04 06:00,1563
2018-01-04 06:05,1552
2018-01-04 06:10,1530
2018-01-04 06:15,1531
2018-01-04 06:20,1513
2018-01-04 06:25,1513
2018-01-04 06:30,1505
2018-01-04 06:35,1508
2018-01-04 06:40,1502
2018-01-04 06:45,1502
2018-01-04 06:50,1506
2018-01-04 06:55,1515
2018-01-04 07:00,1534
2018-01-04 07:05,1527
2018-01-04 07:10,1530
2018-01-04 07:15,1534
2018-01-04 07:20,1529
2018-01-04 07:25,1533
2018-01-04 07:30,1532
2018-01-04 07:35,1545
2018-01-04 07:40,1544
2018-01-04 07:45,1556
2018-01-04 07:50,1569
2018-01-04 07:55,1558
2018-01-04 08:00,1559
2018-01-04 08:05,1562
2018-01-04 08:10,1569
2018-01-04 08:15,1590
2018-01-04 08:20,1605
2018-01-04 08:25,1612
2018-01-04 08:30,1608
2018-01-04 08:35,1629
2018-01-04 08:40,1629
2018-01-04 08:45,1636
2018-01-04 08:50,1639
2018-01-04 08:55,1650
2018-01-04 09:00,1664
2018-01-04 09:05,1657
2018-01-04 09:10,1671
2018-01-04 09:15,1672
2018-01-04 09:20,1698
2018-01-04 09:25,1711
2018-01-04 09:30,1728
2018-01-04 09:35,1749
2018-01-04 09:40,1759
2018-01-04 09:45,1762
2018-01-04 09:50,1774
2018-01-04 09:55,1793
2018-01-04 10:00,1823
2018-01-04 10:05,1885
2018-01-04 10:10,1908
2018-01-04 10:15,1930
2018-01-04 10:20,1952
2018-01-04 10:25,1987
2018-01-04 10:30,2017
2018-01-04 10:35,2049
2018-01-04 10:40,2065
2018-01-04 10:45,2083
2018-01-04 10:50,2092
2018-01-04 10:55,2105
2018-01-04 11:00,2129
2018-01-04 11:05,2161
2018-01-04 11:10,2175
2018-01-04 11:15,2197
2018-01-04 11:20,2224
2018-01-04 11:25,2240
2018-01-04 11:30,2265
2018-01-04 11:35,2277
2018-01-04 11:40,2272
2018-01-04 11:45,2281
2018-01-04 11:50,2290
2018-01-04 11:55,2279
2018-01-04 12:00,2274
2018-01-04 12:05,2288
2018-01-04 12:10,2327
2018-01-04 12:15,2341
2018-01-04 12:20,2394
2018-01-04 12:25,2374
2018-01-04 12:30,2376
2018-01-04 12:35,2395
2018-01-04 12:40,2415
2018-01-04 12:45,2440
2018-01-04 12:50,2446
2018-01-04 12:55,2455
2018-01-04 13:00,2460
2018-01-04 13:05,2448
2018-01-04 13:10,2479
2018-01-04 13:15,2480
2018-01-04 13:20,2516
2018-01-04 13:25,2542
2018-01-04 13:30,2530
2018-01-04 13:35,2541
2018-01-04 13:40,2553
2018-01-04 13:45,2569
2018-01-04 13:50,2556
2018-01-04 13:55,2593
2018-01-04 14:00,0
2018-01-04 14:05,2580
2018-01-04 14:10,2583
2018-01-04 14:15,2597
2018-01-04 14:20,2636
2018-01-04 14:25,2628
2018-01-04 14:30,2650
2018-01-04 14:35,2629
2018-01-04 14:40,2590
2018-01-04 14:45,2596
2018-01-04 14:50,2555
2018-01-04 14:55,2453
2018-01-04 15:00,2217
2018-01-04 15:05,1567
2018-01-04 15:10,1571
2018-01-04 15:15,1541
2018-01-04 15:20,1525
2018-01-04 15:25,1515
2018-01-04 15:30,1522
2018-01-04 15:35,1524
2018-01-04 15:40,1535
2018-01-04 15:45,1561
2018-01-04 15:50,1555
2018-01-04 15:55,1552
2018-01-04 16:00,1574
2018-01-04 16:05,1575
2018-01-04 16:10,1592
2018-01-04 16:15,1605
2018-01-04 16:20,1613
2018-01-04 16:25,1635
2018-01-04 16:30,1654
2018-01-04 16:35,1767
2018-01-04 16:40,1942
2018-01-04 16:45,2062
2018-01-04 16:50,2244
2018-01-04 16:55,2361
2018-01-04 17:00,2477
2018-01-04 17:05,2596
2018-01-04 17:10,2720
2018-01-04 17:15,2821
2018-01-04 17:20,2898
2018-01-04 17:25,2976
2018-01-04 17:30,3072
2018-01-04 17:35,3109
2018-01-04 17:40,3139
2018-01-04 17:45,3197
2018-01-04 17:50,3219
2018-01-04 17:55,3265
2018-01-04 18:00,3293
2018-01-04 18:05,3302
2018-01-04 18:10,3309
2018-01-04 18:15,3338
2018-01-04 18:20,3386
2018-01-04 18:25,3375
2018-01-04 18:30,3369
2018-01-04 18:35,3398
2018-01-04 18:40,3395
2018-01-04 18:45,3426
2018-01-04 18:50,3427
2018-01-04 18:55,3455
2018-01-04 19:00,3464
2018-01-04 19:05,3458
2018-01-04 19:10,3255
2018-01-04 19:15,3132
2018-01-04 19:20,3075
2018-01-04 19:25,3074
2018-01-04 19:30,3053
2018-01-04 19:35,3056
2018-01-04 19:40,3050
2018-01-04 19:45,3022
2018-01-04 19:50,3044
2018-01-04 19:55,3075
2018-01-04 20:00,3090
2018-01-04 20:05,3094
2018-01-04 20:10,3086
2018-01-04 20:15,3074
2018-01-04 20:20,3044
2018-01-04 20:25,3053
2018-01-04 20:30,3030
2018-01-04 20:35,3019
2018-01-04 20:40,2984
2018-01-04 20:45,2992
2018-01-04 20:50,3006
2018-01-04 20:55,2988
2018-01-04 21:00,2976
2018-01-04 21:05,3005
2018-01-04 21:10,2985
2018-01-04 21:15,3001
2018-01-04 21:20,2975
2018-01-04 21:25,2986
2018-01-04 21:30,2929
2018-01-04 21:35,2899
2018-01-04 21:40,2880
2018-01-04 21:45,2848
2018-01-04 21:50,2855
2018-01-04 21:55,2864
2018-01-04 22:00,2907
2018-01-04 22:05,2894
2018-01-04 22:10,2945
2018-01-04 22:15,2953
2018-01-04 22:20,2941
2018-01-04 22:25,2958
2018-01-04 22:30,2944
2018-01-04 22:35,2930
2018-01-04 22:40,2921
2018-01-04 22:45,2907
2018-01-04 22:50,2934
2018-01-04 22:55,2917
2018-01-04 23:00,2898
2018-01-04 23:05,2886
2018-01-04 23:10,2866
2018-01-04 23:15,2821
2018-01-04 23:20,2793
2018-01-04 23:25,2764
2018-01-04 23:30,2736
2018-01-04 23:35,2691
2018-01-04 23:40,2669
2018-01-04 23:45,2670
2018-01-04 23:50,2651
2018-01-04 23:55,2616
2018-01-05 00:00,2588
2018-01-05 00:05,2551
2018-01-05 00:10,2515
2018-01-05 00:15,2503
2018-01-05 00:20,2491
2018-01-05 00:25,2490
2018-01-05 00:30,2471
2018-01-05 00:35,2447
2018-01-05 00:40,2423
2018-01-05 00:45,2416
2018-01-05 00:50,2396
2018-01-05 00:55,2394
2018-01-05 01:00,2362
2018-01-05 01:05,2330
2018-01-05 01:10,2323
2018-01-05 01:15,2312
2018-01-05 01:20,2296
2018-01-05 01:25,2275
2018-01-05 01:30,2286
2018-01-05 01:35,2269
2018-01-05 01:40,2272
2018-01-05 01:45,2279
2018-01-05 01:50,2255
2018-01-05 01:55,2259
2018-01-05 02:00,2220
2018-01-05 02:05,2194
2018-01-05 02:10,2178
2018-01-05 02:15,2162
2018-01-05 02:20,2146
2018-01-05 02:25,2133
2018-01-05 02:30,2117
2018-01-05 02:35,2088
2018-01-05 02:40,2087
2018-01-05 02:45,2075
2018-01-05 02:50,2060
2018-01-05 02:55,2033
2018-01-05 03:00,2010
2018-01-05 03:05,1985
2018-01-05 03:10,1976
2018-01-05 03:15,1956
2018-01-05 03:20,1944
2018-01-05 03:25,1955
2018-01-05 03:30,1955
2018-01-05 03:35,1939
2018-01-05 03:40,1943
2018-01-05 03:45,1919
2018-01-05 03:50,1902
2018-01-05 03:55,1884
2018-01-05 04:00,1890
2018-01-05 04:05,1870
2018-01-05 04:10,1821
2018-01-05 04:15,1794
2018-01-05 04:20,1774
2018-01-05 04:25,1743
2018-01-05 04:30,1730
2018-01-05 04:35,1729
2018-01-05 04:40,1702
2018-01-05 04:45,1690
2018-01-05 04:50,1681
2018-01-05 04:55,1661
2018-01-05 05:00,1648
2018-01-05 05:05,1622
2018-01-05 05:10,1608
2018-01-05 05:15,1586
2018-01-05 05:20,1534
2018-01-05 05:25,1516
2018-01-05 05:30,1524
2018-01-05 05:35,1524
2018-01-05 05:40,1533
2018-01-05 05:45,1516
2018-01-05 05:50,1510
2018-01-05 05:55,1498
2018-01-05 06:00,1482
2018-01-05 06:05,1468
2018-01-05 06:10,1483
2018-01-05 06:15,1484
2018-01-05 06:20,1492
2018-01-05 06:25,1468
2018-01-05 06:30,1466
2018-01-05 06:35,1462
2018-01-05 06:40,1461
2018-01-05 06:45,1445
2018-01-05 06:50,1442
2018-01-05 06:55,1440
2018-01-05 07:00,1446
2018-01-05 07:05,1455
2018-01-05 07:10,1446
2018-01-05 07:15,1452
2018-01-05 07:20,1439
2018-01-05 07:25,1431
2018-01-05 07:30,1437
2018-01-05 07:35,1442
2018-01-05 07:40,1450
2018-01-05 07:45,1456
2018-01-05 07:50,1476
2018-01-05 07:55,1468
2018-01-05 08:00,1479
2018-01-05 08:05,1490
2018-01-05 08:10,1501
2018-01-05 08:15,1500
2018-01-05 08:20,1496
2018-01-05 08:25,1507
2018-01-05 08:30,1521
2018-01-05 08:35,1529
2018-01-05 08:40,1532
2018-01-05 08:45,1536
2018-01-05 08:50,1541
2018-01-05 08:55,1569
2018-01-05 09:00,1574
2018-01-05 09:05,1569
2018-01-05 09:10,1569
2018-01-05 09:15,1577
2018-01-05 09:20,1605
2018-01-05 09:25,1631
2018-01-05 09:30,1658
2018-01-05 09:35,1694
2018-01-05 09:40,1703
2018-01-05 09:45,1716
2018-01-05 09:50,1728
2018-01-05 09:55,1738
2018-01-05 10:00,1756
2018-01-05 10:05,1802
2018-01-05 10:10,1830
2018-01-05 10:15,1848
2018-01-05 10:20,1875
2018-01-05 10:25,1896
2018-01-05 10:30,1912
2018-01-05 10:35,1931
2018-01-05 10:40,1975
2018-01-05 10:45,1988
2018-01-05 10:50,2008
2018-01-05 10:55,2021
2018-01-05 11:00,2050
2018-01-05 11:05,2054
2018-01-05 11:10,2073
2018-01-05 11:15,2090
2018-01-05 11:20,2092
2018-01-05 11:25,2113
2018-01-05 11:30,2147
2018-01-05 11:35,2159
2018-01-05 11:40,2170
2018-01-05 11:45,2176
2018-01-05 11:50,2208
2018-01-05 11:55,2219
2018-01-05 12:00,2245
2018-01-05 12:05,2259
2018-01-05 12:10,2291
2018-01-05 12:15,2306
2018-01-05 12:20,2324
2018-01-05 12:25,2335
2018-01-05 12:30,2364
2018-01-05 12:35,2402
2018-01-05 12:40,2396
2018-01-05 12:45,2408
2018-01-05 12:50,2407
2018-01-05 12:55,2404
2018-01-05 13:00,2423
2018-01-05 13:05,2428
2018-01-05 13:10,2458
2018-01-05 13:15,2473
2018-01-05 13:20,2488
2018-01-05 13:25,2496
2018-01-05 13:30,2523
2018-01-05 13:35,2536
2018-01-05 13:40,2568
2018-01-05 13:45,2587
2018-01-05 13:50,2596
2018-01-05 13:55,2620
2018-01-05 14:00,2610
2018-01-05 14:05,0
2018-01-05 14:10,2613
2018-01-05 14:15,2628
2018-01-05 14:20,2646
2018-01-05 14:25,2657
2018-01-05 14:30,2695
2018-01-05 14:35,2717
2018-01-05 14:40,2726
2018-01-05 14:45,2751
2018-01-05 14:50,2745
2018-01-05 14:55,2774
2018-01-05 15:00,2797
2018-01-05 15:05,2837
2018-01-05 15:10,2874
2018-01-05 15:15,2869
2018-01-05 15:20,2863
2018-01-05 15:25,2907
2018-01-05 15:30,2931
2018-01-05 15:35,2944
2018-01-05 15:40,2957
2018-01-05 15:45,2993
2018-01-05 15:50,0
2018-01-05 15:55,3004
2018-01-05 16:00,2991
2018-01-05 16:05,2991
2018-01-05 16:10,2988
2018-01-05 16:15,3036
2018-01-05 16:20,3041
2018-01-05 16:25,3060
2018-01-05 16:30,3077
2018-01-05 16:35,3074
2018-01-05 16:40,3093
2018-01-05 16:45,3102
2018-01-05 16:50,3102
2018-01-05 16:55,3145
2018-01-05 17:00,3161
2018-01-05 17:05,3175
2018-01-05 17:10,3188
2018-01-05 17:15,3213
2018-01-05 17:20,3226
2018-01-05 17:25,3217
2018-01-05 17:30,3258
2018-01-05 17:35,3270
2018-01-05 17:40,3260
2018-01-05 17:45,3268
2018-01-05 17:50,3259
2018-01-05 17:55,3312
2018-01-05 18:00,3312
2018-01-05 18:05,3332
2018-01-05 18:10,3331
2018-01-05 18:15,3331
2018-01-05 18:20,3304
2018-01-05 18:25,3310
2018-01-05 18:30,3352
2018-01-05 18:35,3339
2018-01-05 18:40,3343
2018-01-05 18:45,3363
2018-01-05 18:50,3335
2018-01-05 18:55,3318
2018-01-05 19:00,3341
2018-01-05 19:05,3345
2018-01-05 19:10,3349
2018-01-05 19:15,3366
2018-01-05 19:20,3357
2018-01-05 19:25,3337
2018-01-05 19:30,3331
2018-01-05 19:35,3301
2018-01-05 19:40,3322
2018-01-05 19:45,3338
2018-01-05 19:50,3332
2018-01-05 19:55,3348
2018-01-05 20:00,3339
2018-01-05 20:05,3337
2018-01-05 20:10,3333
2018-01-05 20:15,3349
2018-01-05 20:20,3345
2018-01-05 20:25,3352
2018-01-05 20:30,3352
2018-01-05 20:35,3349
2018-01-05 20:40,3359
2018-01-05 20:45,3390
2018-01-05 20:50,3394
2018-01-05 20:55,3404
2018-01-05 21:00,3400
2018-01-05 21:05,3345
2018-01-05 21:10,3339
2018-01-05 21:15,3353
2018-01-05 21:20,3331
2018-01-05 21:25,3346
2018-01-05 21:30,3347
2018-01-05 21:35,3309
2018-01-05 21:40,3304
2018-01-05 21:45,3293
2018-01-05 21:50,3288
2018-01-05 21:55,3266
2018-01-05 22:00,3235
2018-01-05 22:05,3199
2018-01-05 22:10,3185
2018-01-05 22:15,3166
2018-01-05 22:20,3155
2018-01-05 22:25,3131
2018-01-05 22:30,3095
2018-01-05 22:35,3073
2018-01-05 22:40,3052
2018-01-05 22:45,3040
2018-01-05 22:50,3041
2018-01-05 22:55,3041
2018-01-05 23:00,3010
2018-01-05 23:05,2998
2018-01-05 23:10,3000
2018-01-05 23:15,2974
2018-01-05 23:20,2929
2018-01-05 23:25,2879
2018-01-05 23:30,2855
2018-01-05 23:35,2830
2018-01-05 23:40,2809
2018-01-05 23:45,2780
2018-01-05 23:50,2748
2018-01-05 23:55,2744
2018-01-06 00:00,2728
2018-01-06 00:05,2711
2018-01-06 00:10,2705
2018-01-06 00:15,2707
2018-01-06 00:20,2693
2018-01-06 00:25,2659
2018-01-06 00:30,2635
2018-01-06 00:35,2612
2018-01-06 00:40,2598
2018-01-06 00:45,2587
2018-01-06 00:50,2579
2018-01-06 00:55,2552
2018-01-06 01:00,2525
2018-01-06 01:05,2487
2018-01-06 01:10,2466
2018-01-06 01:15,2459
2018-01-06 01:20,2437
2018-01-06 01:25,2419
2018-01-06 01:30,2408
2018-01-06 01:35,2362
2018-01-06 01:40,2349
2018-01-06 01:45,2349
2018-01-06 01:50,2325
2018-01-06 01:55,2309
2018-01-06 02:00,2287
2018-01-06 02:05,2247
2018-01-06 02:10,2249
2018-01-06 02:15,2228
2018-01-06 02:20,2231
2018-01-06 02:25,2218
2018-01-06 02:30,2216
2018-01-06 02:35,2193
2018-01-06 02:40,2193
2018-01-06 02:45,2201
2018-01-06 02:50,2189
2018-01-06 02:55,2172
2018-01-06 03:00,2151
2018-01-06 03:05,2136
2018-01-06 03:10,2139
2018-01-06 03:15,2108
2018-01-06 03:20,2095
2018-01-06 03:25,2076
2018-01-06 03:30,2043
2018-01-06 03:35,2041
2018-01-06 03:40,2029
2018-01-06 03:45,2034
2018-01-06 03:50,2017
2018-01-06 03:55,2000
2018-01-06 04:00,2002
2018-01-06 04:05,2003
2018-01-06 04:10,1981
2018-01-06 04:15,1979
2018-01-06 04:20,1957
2018-01-06 04:25,1941
2018-01-06 04:30,1916
2018-01-06 04:35,1902
2018-01-06 04:40,1879
2018-01-06 04:45,1864
2018-01-06 04:50,1872
2018-01-06 04:55,1847
2018-01-06 05:00,1839
2018-01-06 05:05,1826
2018-01-06 05:10,1802
2018-01-06 05:15,1781
2018-01-06 05:20,1756
2018-01-06 05:25,1771
2018-01-06 05:30,1760
2018-01-06 05:35,1752
2018-01-06 05:40,1760
2018-01-06 05:45,1775
2018-01-06 05:50,1754
2018-01-06 05:55,1751
2018-01-06 06:00,1747
2018-01-06 06:05,1724
2018-01-06 06:10,1697
2018-01-06 06:15,1688
2018-01-06 06:20,1679
2018-01-06 06:25,1660
2018-01-06 06:30,1649
2018-01-06 06:35,1647
2018-01-06 06:40,1663
2018-01-06 06:45,1673
2018-01-06 06:50,1647
2018-01-06 06:55,1643
2018-01-06 07:00,1654
2018-01-06 07:05,1660
2018-01-06 07:10,1675
2018-01-06 07:15,1672
2018-01-06 07:20,1682
2018-01-06 07:25,1666
2018-01-06 07:30,1670
2018-01-06 07:35,1656
2018-01-06 07:40,1653
2018-01-06 07:45,1657
2018-01-06 07:50,1665
2018-01-06 07:55,1668
2018-01-06 08:00,1672
2018-01-06 08:05,1679
2018-01-06 08:10,1677
2018-01-06 08:15,1707
2018-01-06 08:20,1723
2018-01-06 08:25,1748
2018-01-06 08:30,1741
2018-01-06 08:35,1760
2018-01-06 08:40,1762
2018-01-06 08:45,1793
2018-01-06 08:50,1800
2018-01-06 08:55,1815
2018-01-06 09:00,1837
2018-01-06 09:05,1835
2018-01-06 09:10,1836
2018-01-06 09:15,1844
2018-01-06 09:20,1871
2018-01-06 09:25,1888
2018-01-06 09:30,1908
2018-01-06 09:35,1925
2018-01-06 09:40,1959
2018-01-06 09:45,1992
2018-01-06 09:50,2017
2018-01-06 09:55,2040
2018-01-06 10:00,2080
2018-01-06 10:05,2106
2018-01-06 10:10,2164
2018-01-06 10:15,2204
2018-01-06 10:20,2225
2018-01-06 10:25,2256
2018-01-06 10:30,2289
2018-01-06 10:35,2324
2018-01-06 10:40,2358
2018-01-06 10:45,2390
2018-01-06 10:50,2422
2018-01-06 10:55,2411
2018-01-06 11:00,2443
2018-01-06 11:05,2448
2018-01-06 11:10,2478
2018-01-06 11:15,2483
2018-01-06 11:20,2496
2018-01-06 11:25,2525
2018-01-06 11:30,2538
2018-01-06 11:35,2562
2018-01-06 11:40,2570
2018-01-06 11:45,2594
2018-01-06 11:50,2608
2018-01-06 11:55,2627
2018-01-06 12:00,2610
2018-01-06 12:05,2633
2018-01-06 12:10,2632
2018-01-06 12:15,2623
2018-01-06 12:20,2656
2018-01-06 12:25,2721
2018-01-06 12:30,2708
2018-01-06 12:35,2714
2018-01-06 12:40,0
2018-01-06 12:45,2764
2018-01-06 12:50,2785
2018-01-06 12:55,2791
2018-01-06 13:00,2825
2018-01-06 13:05,2836
2018-01-06 13:10,2846
2018-01-06 13:15,2857
2018-01-06 13:20,2855
2018-01-06 13:25,2868
2018-01-06 13:30,2895
2018-01-06 13:35,2916
2018-01-06 13:40,2942
2018-01-06 13:45,2969
2018-01-06 13:50,3005
2018-01-06 13:55,3014
2018-01-06 14:00,3016
2018-01-06 14:05,3011
2018-01-06 14:10,3037
2018-01-06 14:15,3046
2018-01-06 14:20,3096
2018-01-06 14:25,3117
2018-01-06 14:30,3104
2018-01-06 14:35,3117
2018-01-06 14:40,3131
2018-01-06 14:45,3121
2018-01-06 14:50,3167
2018-01-06 14:55,3186
2018-01-06 15:00,3223
2018-01-06 15:05,3244
2018-01-06 15:10,3283
2018-01-06 15:15,3303
2018-01-06 15:20,3321
2018-01-06 15:25,3357
2018-01-06 15:30,3350
2018-01-06 15:35,3385
2018-01-06 15:40,3402
2018-01-06 15:45,3401
2018-01-06 15:50,3421
2018-01-06 15:55,3431
2018-01-06 16:00,3461
2018-01-06 16:05,3498
2018-01-06 16:10,3529
2018-01-06 16:15,3561
2018-01-06 16:20,3565
2018-01-06 16:25,3583
2018-01-06 16:30,3580
2018-01-06 16:35,3571
2018-01-06 16:40,3582
2018-01-06 16:45,3523
2018-01-06 16:50,3532
2018-01-06 16:55,3505
2018-01-06 17:00,3506
2018-01-06 17:05,3530
2018-01-06 17:10,3523
2018-01-06 17:15,3542
2018-01-06 17:20,3520
2018-01-06 17:25,3516
2018-01-06 17:30,3525
2018-01-06 17:35,3538
2018-01-06 17:40,3530
2018-01-06 17:45,3575
2018-01-06 17:50,3616
2018-01-06 17:55,3628
2018-01-06 18:00,3635
2018-01-06 18:05,3648
2018-01-06 18:10,3660
2018-01-06 18:15,3679
2018-01-06 18:20,3641
2018-01-06 18:25,3668
2018-01-06 18:30,3679
2018-01-06 18:35,3684
2018-01-06 18:40,3707
2018-01-06 18:45,3691
2018-01-06 18:50,3693
2018-01-06 18:55,3691
2018-01-06 19:00,3706
2018-01-06 19:05,3702
2018-01-06 19:10,3691
2018-01-06 19:15,3663
2018-01-06 19:20,3675
2018-01-06 19:25,3710
2018-01-06 19:30,3727
2018-01-06 19:35,3714
2018-01-06 19:40,3722
2018-01-06 19:45,3713
2018-01-06 19:50,3733
2018-01-06 19:55,3711
2018-01-06 20:00,3693
2018-01-06 20:05,3714
2018-01-06 20:10,3732
2018-01-06 20:15,3751
2018-01-06 20:20,3767
2018-01-06 20:25,3751
2018-01-06 20:30,3732
2018-01-06 20:35,3723
2018-01-06 20:40,3705
2018-01-06 20:45,3680
2018-01-06 20:50,3681
2018-01-06 20:55,3671
2018-01-06 21:00,3663
2018-01-06 21:05,3680
2018-01-06 21:10,3669
2018-01-06 21:15,3621
2018-01-06 21:20,3616
2018-01-06 21:25,3624
2018-01-06 21:30,3625
2018-01-06 21:35,3593
2018-01-06 21:40,3589
2018-01-06 21:45,3584
2018-01-06 21:50,3540
2018-01-06 21:55,3521
2018-01-06 22:00,3521
2018-01-06 22:05,3505
2018-01-06 22:10,3480
2018-01-06 22:15,3452
2018-01-06 22:20,3426
2018-01-06 22:25,3403
2018-01-06 22:30,3362
2018-01-06 22:35,3343
2018-01-06 22:40,3275
2018-01-06 22:45,3271
2018-01-06 22:50,3246
2018-01-06 22:55,3226
2018-01-06 23:00,3197
2018-01-06 23:05,3138
2018-01-06 23:10,3118
2018-01-06 23:15,3079
2018-01-06 23:20,3051
2018-01-06 23:25,3066
2018-01-06 23:30,3025
2018-01-06 23:35,3014
2018-01-06 23:40,2994
2018-01-06 23:45,2969
2018-01-06 23:50,2941
2018-01-06 23:55,2931
2018-01-07 00:00,2885
2018-01-07 00:05,2862
2018-01-07 00:10,2821
2018-01-07 00:15,2832
2018-01-07 00:20,2793
2018-01-07 00:25,2773
2018-01-07 00:30,2780
2018-01-07 00:35,2767
2018-01-07 00:40,2745
2018-01-07 00:45,2747
2018-01-07 00:50,2743
2018-01-07 00:55,2724
2018-01-07 01:00,2716
2018-01-07 01:05,2684
2018-01-07 01:10,2642
2018-01-07 01:15,2619
2018-01-07 01:20,2581
2018-01-07 01:25,2571
2018-01-07 01:30,2550
2018-01-07 01:35,2521
2018-01-07 01:40,2506
2018-01-07 01:45,2510
2018-01-07 01:50,2481
2018-01-07 01:55,2474
2018-01-07 02:00,2459
2018-01-07 02:05,2459
2018-01-07 02:10,2456
2018-01-07 02:15,2438
2018-01-07 02:20,2424
2018-01-07 02:25,2396
2018-01-07 02:30,2388
2018-01-07 02:35,2345
2018-01-07 02:40,2331
2018-01-07 02:45,2340
2018-01-07 02:50,2353
2018-01-07 02:55,2319
2018-01-07 03:00,2295
2018-01-07 03:05,2277
2018-01-07 03:10,2251
2018-01-07 03:15,2221
2018-01-07 03:20,2206
2018-01-07 03:25,2203
2018-01-07 03:30,2199
2018-01-07 03:35,2190
2018-01-07 03:40,2176
2018-01-07 03:45,2162
2018-01-07 03:50,2150
2018-01-07 03:55,2144
2018-01-07 04:00,2138
2018-01-07 04:05,2101
2018-01-07 04:10,2091
2018-01-07 04:15,2075
2018-01-07 04:20,2074
2018-01-07 04:25,2055
2018-01-07 04:30,2040
2018-01-07 04:35,2026
2018-01-07 04:40,1999
2018-01-07 04:45,1994
2018-01-07 04:50,1999
2018-01-07 04:55,1987
2018-01-07 05:00,1964
2018-01-07 05:05,1956
2018-01-07 05:10,1935
2018-01-07 05:15,1937
2018-01-07 05:20,1941
2018-01-07 05:25,1924
2018-01-07 05:30,1907
2018-01-07 05:35,1898
2018-01-07 05:40,1880
2018-01-07 05:45,1868
2018-01-07 05:50,1849
2018-01-07 05:55,1840
2018-01-07 06:00,1828
2018-01-07 06:05,1820
2018-01-07 06:10,1828
2018-01-07 06:15,1822
2018-01-07 06:20,1817
2018-01-07 06:25,1796
2018-01-07 06:30,1784
2018-01-07 06:35,1792
2018-01-07 06:40,1791
2018-01-07 06:45,1787
2018-01-07 06:50,1755
2018-01-07 06:55,1750
2018-01-07 07:00,1737
2018-01-07 07:05,1734
2018-01-07 07:10,1715
2018-01-07 07:15,1724
2018-01-07 07:20,1726
2018-01-07 07:25,1720
2018-01-07 07:30,1716
2018-01-07 07:35,1719
2018-01-07 07:40,1719
2018-01-07 07:45,1730
2018-01-07 07:50,1742
2018-01-07 07:55,1739
2018-01-07 08:00,1751
2018-01-07 08:05,1755
2018-01-07 08:10,1761
2018-01-07 08:15,1773
2018-01-07 08:20,1794
2018-01-07 08:25,1824
2018-01-07 08:30,1841
2018-01-07 08:35,1853
2018-01-07 08:40,1870
2018-01-07 08:45,1882
2018-01-07 08:50,1885
2018-01-07 08:55,1910
2018-01-07 09:00,1936
2018-01-07 09:05,1946
2018-01-07 09:10,1940
2018-01-07 09:15,1957
2018-01-07 09:20,2001
2018-01-07 09:25,2005
2018-01-07 09:30,2037
2018-01-07 09:35,2083
2018-01-07 09:40,2101
2018-01-07 09:45,2110
2018-01-07 09:50,2130
2018-01-07 09:55,2168
2018-01-07 10:00,2190
2018-01-07 10:05,2216
2018-01-07 10:10,2226
2018-01-07 10:15,2282
2018-01-07 10:20,2314
2018-01-07 10:25,2369
2018-01-07 10:30,2418
2018-01-07 10:35,2427
2018-01-07 10:40,2435
2018-01-07 10:45,2443
2018-01-07 10:50,2466
2018-01-07 10:55,2491
2018-01-07 11:00,2521
2018-01-07 11:05,2541
2018-01-07 11:10,2583
2018-01-07 11:15,2588
2018-01-07 11:20,2581
2018-01-07 11:25,2606
2018-01-07 11:30,2640
2018-01-07 11:35,2636
2018-01-07 11:40,2679
2018-01-07 11:45,2694
2018-01-07 11:50,2732
2018-01-07 11:55,2749
2018-01-07 12:00,2760
2018-01-07 12:05,2767
2018-01-07 12:10,2771
2018-01-07 12:15,2781
2018-01-07 12:20,2794
2018-01-07 12:25,2827
2018-01-07 12:30,2853
2018-01-07 12:35,2869
2018-01-07 12:40,2908
2018-01-07 12:45,2932
2018-01-07 12:50,2957
2018-01-07 12:55,2994
2018-01-07 13:00,3023
2018-01-07 13:05,3037
2018-01-07 13:10,3083
2018-01-07 13:15,3115
2018-01-07 13:20,3130
2018-01-07 13:25,3135
2018-01-07 13:30,3174
2018-01-07 13:35,3185
2018-01-07 13:40,3205
2018-01-07 13:45,0
2018-01-07 13:50,3227
2018-01-07 13:55,3223
2018-01-07 14:00,3226
2018-01-07 14:05,3263
2018-01-07 14:10,3293
2018-01-07 14:15,3329
2018-01-07 14:20,3350
2018-01-07 14:25,3393
2018-01-07 14:30,3405
2018-01-07 14:35,3415
2018-01-07 14:40,3445
2018-01-07 14:45,3456
2018-01-07 14:50,3480
2018-01-07 14:55,3477
2018-01-07 15:00,3488
2018-01-07 15:05,3503
2018-01-07 15:10,3495
2018-01-07 15:15,3520
2018-01-07 15:20,3544
2018-01-07 15:25,3598
2018-01-07 15:30,3634
2018-01-07 15:35,3644
2018-01-07 15:40,3640
2018-01-07 15:45,3667
2018-01-07 15:50,3694
2018-01-07 15:55,3687
2018-01-07 16:00,3698
2018-01-07 16:05,3729
2018-01-07 16:10,3742
2018-01-07 16:15,3764
2018-01-07 16:20,3732
2018-01-07 16:25,3751
2018-01-07 16:30,3776
2018-01-07 16:35,3779
2018-01-07 16:40,3808
2018-01-07 16:45,3856
2018-01-07 16:50,3890
2018-01-07 16:55,3914
2018-01-07 17:00,3906
2018-01-07 17:05,3909
2018-01-07 17:10,3927
2018-01-07 17:15,3950
2018-01-07 17:20,3972
2018-01-07 17:25,3976
2018-01-07 17:30,3982
2018-01-07 17:35,4014
2018-01-07 17:40,3971
2018-01-07 17:45,3992
2018-01-07 17:50,3994
2018-01-07 17:55,4013
2018-01-07 18:00,3978
2018-01-07 18:05,3962
2018-01-07 18:10,3973
2018-01-07 18:15,3978
2018-01-07 18:20,4001
2018-01-07 18:25,3972
2018-01-07 18:30,3976
2018-01-07 18:35,3999
2018-01-07 18:40,4022
2018-01-07 18:45,4023
2018-01-07 18:50,4037
2018-01-07 18:55,4018
2018-01-07 19:00,4023
2018-01-07 19:05,4051
2018-01-07 19:10,4069
2018-01-07 19:15,4027
2018-01-07 19:20,4065
2018-01-07 19:25,4027
2018-01-07 19:30,4044
2018-01-07 19:35,4016
2018-01-07 19:40,4005
2018-01-07 19:45,3989
2018-01-07 19:50,3996
2018-01-07 19:55,4004
2018-01-07 20:00,3974
2018-01-07 20:05,3954
2018-01-07 20:10,3939
2018-01-07 20:15,3890
2018-01-07 20:20,3925
2018-01-07 20:25,3908
2018-01-07 20:30,3923
2018-01-07 20:35,3905
2018-01-07 20:40,3912
2018-01-07 20:45,3911
2018-01-07 20:50,3876
2018-01-07 20:55,3865
2018-01-07 21:00,3808
2018-01-07 21:05,3798
2018-01-07 21:10,3778
2018-01-07 21:15,3773
2018-01-07 21:20,3738
2018-01-07 21:25,3740
2018-01-07 21:30,3706
2018-01-07 21:35,3682
2018-01-07 21:40,3655
2018-01-07 21:45,3607
2018-01-07 21:50,3603
2018-01-07 21:55,3588
2018-01-07 22:00,3540
2018-01-07 22:05,3491
2018-01-07 22:10,3449
2018-01-07 22:15,3418
2018-01-07 22:20,3421
2018-01-07 22:25,3398
2018-01-07 22:30,3366
2018-01-07 22:35,3333
2018-01-07 22:40,3324
2018-01-07 22:45,3242
2018-01-07 22:50,3216
2018-01-07 22:55,3216
2018-01-07 23:00,3180
2018-01-07 23:05,3137
2018-01-07 23:10,3102
2018-01-07 23:15,3068
2018-01-07 23:20,3045
2018-01-07 23:25,3006
2018-01-07 23:30,2999
2018-01-07 23:35,2980
2018-01-07 23:40,2983
2018-01-07 23:45,2963
2018-01-07 23:50,2929
2018-01-07 23:55,2885
2018-01-08 00:00,2843
2018-01-08 00:05,2838
2018-01-08 00:10,2808
2018-01-08 00:15,2768
2018-01-08 00:20,2751
2018-01-08 00:25,2717
2018-01-08 00:30,2690
2018-01-08 00:35,2670
2018-01-08 00:40,2660
2018-01-08 00:45,2636
2018-01-08 00:50,2603
2018-01-08 00:55,2590
2018-01-08 01:00,2559
2018-01-08 01:05,2523
2018-01-08 01:10,2503
2018-01-08 01:15,2477
2018-01-08 01:20,2478
2018-01-08 01:25,2467
2018-01-08 01:30,2450
2018-01-08 01:35,2413
2018-01-08 01:40,2387
2018-01-08 01:45,2369
2018-01-08 01:50,2359
2018-01-08 01:55,2345
2018-01-08 02:00,2340
2018-01-08 02:05,2316
2018-01-08 02:10,2306
2018-01-08 02:15,2302
2018-01-08 02:20,2283
2018-01-08 02:25,2296
2018-01-08 02:30,2280
2018-01-08 02:35,2247
2018-01-08 02:40,2260
2018-01-08 02:45,2248
2018-01-08 02:50,2240
2018-01-08 02:55,2220
2018-01-08 03:00,2199
2018-01-08 03:05,2186
2018-01-08 03:10,2157
2018-01-08 03:15,2147
2018-01-08 03:20,2113
2018-01-08 03:25,2120
2018-01-08 03:30,2092
2018-01-08 03:35,2068
2018-01-08 03:40,2051
2018-01-08 03:45,2028
2018-01-08 03:50,2001
2018-01-08 03:55,1981
2018-01-08 04:00,1963
2018-01-08 04:05,1924
2018-01-08 04:10,1900
2018-01-08 04:15,1870
2018-01-08 04:20,1832
2018-01-08 04:25,1801
2018-01-08 04:30,1802
2018-01-08 04:35,1781
2018-01-08 04:40,1752
2018-01-08 04:45,1749
2018-01-08 04:50,1741
2018-01-08 04:55,1733
2018-01-08 05:00,1729
2018-01-08 05:05,1704
2018-01-08 05:10,1673
2018-01-08 05:15,1655
2018-01-08 05:20,1660
2018-01-08 05:25,1650
2018-01-08 05:30,1635
2018-01-08 05:35,1623
2018-01-08 05:40,1631
2018-01-08 05:45,1607
2018-01-08 05:50,1593
2018-01-08 05:55,1583
2018-01-08 06:00,1571
2018-01-08 06:05,1583
2018-01-08 06:10,1561
2018-01-08 06:15,1537
2018-01-08 06:20,1545
2018-01-08 06:25,1527
2018-01-08 06:30,1524
2018-01-08 06:35,1519
2018-01-08 06:40,1528
2018-01-08 06:45,1523
2018-01-08 06:50,1496
2018-01-08 06:55,1460
2018-01-08 07:00,1463
2018-01-08 07:05,1452
2018-01-08 07:10,1465
2018-01-08 07:15,1476
2018-01-08 07:20,1474
2018-01-08 07:25,1487
2018-01-08 07:30,1497
2018-01-08 07:35,1499
2018-01-08 07:40,1508
2018-01-08 07:45,1512
2018-01-08 07:50,1524
2018-01-08 07:55,1544
2018-01-08 08:00,1553
2018-01-08 08:05,1543
2018-01-08 08:10,1541
2018-01-08 08:15,1563
2018-01-08 08:20,1565
2018-01-08 08:25,1567
2018-01-08 08:30,1599
2018-01-08 08:35,1620
2018-01-08 08:40,1636
2018-01-08 08:45,1657
2018-01-08 08:50,1649
2018-01-08 08:55,1651
2018-01-08 09:00,1664
2018-01-08 09:05,1666
2018-01-08 09:10,1648
2018-01-08 09:15,1677
2018-01-08 09:20,1698
2018-01-08 09:25,1705
2018-01-08 09:30,1722
2018-01-08 09:35,1743
2018-01-08 09:40,1764
2018-01-08 09:45,1779
2018-01-08 09:50,1803
2018-01-08 09:55,1828
2018-01-08 10:00,1854
2018-01-08 10:05,1904
2018-01-08 10:10,1914
2018-01-08 10:15,1950
2018-01-08 10:20,1976
2018-01-08 10:25,1983
2018-01-08 10:30,1991
2018-01-08 10:35,1981
2018-01-08 10:40,2004
2018-01-08 10:45,2044
2018-01-08 10:50,2047
2018-01-08 10:55,2062
2018-01-08 11:00,2078
2018-01-08 11:05,2085
2018-01-08 11:10,2098
2018-01-08 11:15,2118
2018-01-08 11:20,2140
2018-01-08 11:25,2150
2018-01-08 11:30,2193
2018-01-08 11:35,2218
2018-01-08 11:40,2227
2018-01-08 11:45,2214
2018-01-08 11:50,2234
2018-01-08 11:55,2245
2018-01-08 12:00,2263
2018-01-08 12:05,2285
2018-01-08 12:10,2272
2018-01-08 12:15,2294
2018-01-08 12:20,2295
2018-01-08 12:25,2300
2018-01-08 12:30,2292
2018-01-08 12:35,2299
2018-01-08 12:40,2334
2018-01-08 12:45,2320
2018-01-08 12:50,2359
2018-01-08 12:55,2378
2018-01-08 13:00,2391
2018-01-08 13:05,2400
2018-01-08 13:10,2439
2018-01-08 13:15,2450
2018-01-08 13:20,2466
2018-01-08 13:25,2497
2018-01-08 13:30,2517
2018-01-08 13:35,2529
2018-01-08 13:40,2565
2018-01-08 13:45,2586
2018-01-08 13:50,2635
2018-01-08 13:55,2627
2018-01-08 14:00,2632
2018-01-08 14:05,2657
2018-01-08 14:10,2657
2018-01-08 14:15,2696
2018-01-08 14:20,2704
2018-01-08 14:25,2735
2018-01-08 14:30,2724
2018-01-08 14:35,2729
2018-01-08 14:40,2739
2018-01-08 14:45,2745
2018-01-08 14:50,2765
2018-01-08 14:55,2768
2018-01-08 15:00,2779
2018-01-08 15:05,2774
2018-01-08 15:10,2795
2018-01-08 15:15,2801
2018-01-08 15:20,2846
2018-01-08 15:25,2858
2018-01-08 15:30,2880
2018-01-08 15:35,2913
2018-01-08 15:40,2936
2018-01-08 15:45,2949
2018-01-08 15:50,2943
2018-01-08 15:55,2945
2018-01-08 16:00,2958
2018-01-08 16:05,2980
2018-01-08 16:10,3005
2018-01-08 16:15,3017
2018-01-08 16:20,3033
2018-01-08 16:25,3068
2018-01-08 16:30,3091
2018-01-08 16:35,3127
2018-01-08 16:40,3164
2018-01-08 16:45,3185
2018-01-08 16:50,3221
2018-01-08 16:55,3230
2018-01-08 17:00,3253
2018-01-08 17:05,3277
2018-01-08 17:10,3284
2018-01-08 17:15,3318
2018-01-08 17:20,3345
2018-01-08 17:25,3363
2018-01-08 17:30,3356
2018-01-08 17:35,3386
2018-01-08 17:40,3357
2018-01-08 17:45,3364
2018-01-08 17:50,3368
2018-01-08 17:55,3386
2018-01-08 18:00,3410
2018-01-08 18:05,3451
2018-01-08 18:10,3434
2018-01-08 18:15,3460
2018-01-08 18:20,3477
2018-01-08 18:25,3507
2018-01-08 18:30,3527
2018-01-08 18:35,3479
2018-01-08 18:40,3488
2018-01-08 18:45,3477
2018-01-08 18:50,3484
2018-01-08 18:55,3515
2018-01-08 19:00,3483
2018-01-08 19:05,3474
2018-01-08 19:10,3496
2018-01-08 19:15,3512
2018-01-08 19:20,3486
2018-01-08 19:25,3470
2018-01-08 19:30,3461
2018-01-08 19:35,3445
2018-01-08 19:40,3456
2018-01-08 19:45,3446
2018-01-08 19:50,3431
2018-01-08 19:55,3438
2018-01-08 20:00,3431
2018-01-08 20:05,3444
2018-01-08 20:10,3457
2018-01-08 20:15,3424
2018-01-08 20:20,3415
2018-01-08 20:25,3419
2018-01-08 20:30,3382
2018-01-08 20:35,3383
2018-01-08 20:40,3386
2018-01-08 20:45,3358
2018-01-08 20:50,3364
2018-01-08 20:55,3342
2018-01-08 21:00,3330
2018-01-08 21:05,3298
2018-01-08 21:10,3279
2018-01-08 21:15,3233
2018-01-08 21:20,3206
2018-01-08 21:25,3161
2018-01-08 21:30,3144
2018-01-08 21:35,3123
2018-01-08 21:40,3090
2018-01-08 21:45,3074
2018-01-08 21:50,3041
2018-01-08 21:55,3022
2018-01-08 22:00,3007
2018-01-08 22:05,2977
2018-01-08 22:10,2966
2018-01-08 22:15,2971
2018-01-08 22:20,2966
2018-01-08 22:25,2959
2018-01-08 22:30,2925
2018-01-08 22:35,2902
2018-01-08 22:40,2855
2018-01-08 22:45,2855
2018-01-08 22:50,2839
2018-01-08 22:55,2794
2018-01-08 23:00,2764
2018-01-08 23:05,2765
2018-01-08 23:10,2704
2018-01-08 23:15,2679
2018-01-08 23:20,2654
2018-01-08 23:25,2626
2018-01-08 23:30,0
2018-01-08 23:35,2558
2018-01-08 23:40,2534
2018-01-08 23:45,2509
2018-01-08 23:50,2521
2018-01-08 23:55,2508
2018-01-09 00:00,2513
2018-01-09 00:05,2510
2018-01-09 00:10,2485
2018-01-09 00:15,2495
2018-01-09 00:20,2458
2018-01-09 00:25,2454
2018-01-09 00:30,2464
2018-01-09 00:35,2466
2018-01-09 00:40,2449
2018-01-09 00:45,2432
2018-01-09 00:50,2421
2018-01-09 00:55,2416
2018-01-09 01:00,2406
2018-01-09 01:05,2390
2018-01-09 01:10,2384
2018-01-09 01:15,2368
2018-01-09 01:20,2333
2018-01-09 01:25,2331
2018-01-09 01:30,2322
2018-01-09 01:35,2303
2018-01-09 01:40,2256
2018-01-09 01:45,2227
2018-01-09 01:50,2219
2018-01-09 01:55,2218
2018-01-09 02:00,2180
2018-01-09 02:05,2163
2018-01-09 02:10,2159
2018-01-09 02:15,2143
2018-01-09 02:20,2105
2018-01-09 02:25,2103
2018-01-09 02:30,2094
2018-01-09 02:35,2093
2018-01-09 02:40,2071
2018-01-09 02:45,2024
2018-01-09 02:50,2023
2018-01-09 02:55,2003
2018-01-09 03:00,1992
2018-01-09 03:05,1981
2018-01-09 03:10,1957
2018-01-09 03:15,1933
2018-01-09 03:20,1915
2018-01-09 03:25,1886
2018-01-09 03:30,1867
2018-01-09 03:35,1852
2018-01-09 03:40,1829
2018-01-09 03:45,1824
2018-01-09 03:50,1818
2018-01-09 03:55,1790
2018-01-09 04:00,1775
2018-01-09 04:05,1761
2018-01-09 04:10,1743
2018-01-09 04:15,1717
2018-01-09 04:20,1710
2018-01-09 04:25,1688
2018-01-09 04:30,1687
2018-01-09 04:35,1673
2018-01-09 04:40,1653
2018-01-09 04:45,1642
2018-01-09 04:50,1654
2018-01-09 04:55,1634
2018-01-09 05:00,1629
2018-01-09 05:05,1629
2018-01-09 05:10,1632
2018-01-09 05:15,1603
2018-01-09 05:20,1576
2018-01-09 05:25,1572
2018-01-09 05:30,1581
2018-01-09 05:35,1576
2018-01-09 05:40,1571
2018-01-09 05:45,1549
2018-01-09 05:50,1539
2018-01-09 05:55,1509
2018-01-09 06:00,1513
2018-01-09 06:05,1499
2018-01-09 06:10,1510
2018-01-09 06:15,1518
2018-01-09 06:20,1492
2018-01-09 06:25,1485
2018-01-09 06:30,1483
2018-01-09 06:35,1474
2018-01-09 06:40,1471
2018-01-09 06:45,1480
2018-01-09 06:50,1465
2018-01-09 06:55,1441
2018-01-09 07:00,1463
2018-01-09 07:05,1472
2018-01-09 07:10,1482
2018-01-09 07:15,1474
2018-01-09 07:20,1472
2018-01-09 07:25,1480
2018-01-09 07:30,1482
2018-01-09 07:35,1468
2018-01-09 07:40,1480
2018-01-09 07:45,1473
2018-01-09 07:50,1486
2018-01-09 07:55,1477
2018-01-09 08:00,1481
2018-01-09 08:05,1479
2018-01-09 08:10,1489
2018-01-09 08:15,1502
2018-01-09 08:20,1496
2018-01-09 08:25,1490
2018-01-09 08:30,1497
2018-01-09 08:35,1500
2018-01-09 08:40,1496
2018-01-09 08:45,1499
2018-01-09 08:50,1526
2018-01-09 08:55,1544
2018-01-09 09:00,1537
2018-01-09 09:05,1537
2018-01-09 09:10,1543
2018-01-09 09:15,1535
2018-01-09 09:20,1551
2018-01-09 09:25,1564
2018-01-09 09:30,1573
2018-01-09 09:35,1599
2018-01-09 09:40,1621
2018-01-09 09:45,1615
2018-01-09 09:50,1650
2018-01-09 09:55,1665
2018-01-09 10:00,1700
2018-01-09 10:05,1711
2018-01-09 10:10,1730
2018-01-09 10:15,1745
2018-01-09 10:20,1755
2018-01-09 10:25,1772
2018-01-09 10:30,1794
2018-01-09 10:35,1825
2018-01-09 10:40,1826
2018-01-09 10:45,1862
2018-01-09 10:50,1874
2018-01-09 10:55,1877
2018-01-09 11:00,1902
2018-01-09 11:05,1899
2018-01-09 11:10,1898
2018-01-09 11:15,1924
2018-01-09 11:20,1940
2018-01-09 11:25,1954
2018-01-09 11:30,1974
2018-01-09 11:35,2005
2018-01-09 11:40,2036
2018-01-09 11:45,2042
2018-01-09 11:50,2048
2018-01-09 11:55,2034
2018-01-09 12:00,2060
2018-01-09 12:05,2073
2018-01-09 12:10,2074
2018-01-09 12:15,2130
2018-01-09 12:20,2131
2018-01-09 12:25,2140
2018-01-09 12:30,2141
2018-01-09 12:35,2152
2018-01-09 12:40,2153
2018-01-09 12:45,2172
2018-01-09 12:50,2169
2018-01-09 12:55,2183
2018-01-09 13:00,2190
2018-01-09 13:05,2202
2018-01-09 13:10,2209
2018-01-09 13:15,2212
2018-01-09 13:20,2241
2018-01-09 13:25,2247
2018-01-09 13:30,2279
2018-01-09 13:35,2291
2018-01-09 13:40,2308
2018-01-09 13:45,2337
2018-01-09 13:50,2352
2018-01-09 13:55,2359
2018-01-09 14:00,2378
2018-01-09 14:05,2401
2018-01-09 14:10,2424
2018-01-09 14:15,2446
2018-01-09 14:20,2463
2018-01-09 14:25,2483
2018-01-09 14:30,2537
2018-01-09 14:35,2556
2018-01-09 14:40,2580
2018-01-09 14:45,2599
2018-01-09 14:50,2609
2018-01-09 14:55,2608
2018-01-09 15:00,2642
2018-01-09 15:05,2642
2018-01-09 15:10,2644
2018-01-09 15:15,2664
2018-01-09 15:20,2680
2018-01-09 15:25,2702
2018-01-09 15:30,2734
2018-01-09 15:35,2753
2018-01-09 15:40,2774
2018-01-09 15:45,2802
2018-01-09 15:50,2856
2018-01-09 15:55,2843
2018-01-09 16:00,2858
2018-01-09 16:05,2881
2018-01-09 16:10,2897
2018-01-09 16:15,2920
2018-01-09 16:20,2944
2018-01-09 16:25,2957
2018-01-09 16:30,2996
2018-01-09 16:35,3012
2018-01-09 16:40,3018
2018-01-09 16:45,3058
2018-01-09 16:50,3090
2018-01-09 16:55,3088
2018-01-09 17:00,3128
2018-01-09 17:05,3159
2018-01-09 17:10,3188
2018-01-09 17:15,3215
2018-01-09 17:20,3224
2018-01-09 17:25,3211
2018-01-09 17:30,3213
2018-01-09 17:35,3233
2018-01-09 17:40,3218
2018-01-09 17:45,3257
2018-01-09 17:50,3271
2018-01-09 17:55,3253
2018-01-09 18:00,3225
2018-01-09 18:05,3227
2018-01-09 18:10,3238
2018-01-09 18:15,3233
2018-01-09 18:20,3223
2018-01-09 18:25,3244
2018-01-09 18:30,3257
2018-01-09 18:35,3293
2018-01-09 18:40,3309
2018-01-09 18:45,3296
2018-01-09 18:50,3293
2018-01-09 18:55,3280
2018-01-09 19:00,3266
2018-01-09 19:05,3266
2018-01-09 19:10,3252
2018-01-09 19:15,3247
2018-01-09 19:20,3261
2018-01-09 19:25,3255
2018-01-09 19:30,3262
2018-01-09 19:35,3259
2018-01-09 19:40,3280
2018-01-09 19:45,3284
2018-01-09 19:50,3277
2018-01-09 19:55,3292
2018-01-09 20:00,3285
2018-01-09 20:05,3259
2018-01-09 20:10,3233
2018-01-09 20:15,3240
2018-01-09 20:20,3238
2018-01-09 20:25,3231
2018-01-09 20:30,3216
2018-01-09 20:35,3186
2018-01-09 20:40,3149
2018-01-09 20:45,3144
2018-01-09 20:50,3152
2018-01-09 20:55,3154
2018-01-09 21:00,3174
2018-01-09 21:05,3147
2018-01-09 21:10,3113
2018-01-09 21:15,3098
2018-01-09 21:20,3072
2018-01-09 21:25,3028
2018-01-09 21:30,3013
2018-01-09 21:35,2993
2018-01-09 21:40,2970
2018-01-09 21:45,2947
2018-01-09 21:50,2956
2018-01-09 21:55,2940
2018-01-09 22:00,2904
2018-01-09 22:05,2875
2018-01-09 22:10,2874
2018-01-09 22:15,2837
2018-01-09 22:20,2810
2018-01-09 22:25,2772
2018-01-09 22:30,2750
2018-01-09 22:35,2736
2018-01-09 22:40,2717
2018-01-09 22:45,2694
2018-01-09 22:50,2666
2018-01-09 22:55,2635
2018-01-09 23:00,2614
2018-01-09 23:05,2588
2018-01-09 23:10,2539
2018-01-09 23:15,2522
2018-01-09 23:20,2508
2018-01-09 23:25,2487
2018-01-09 23:30,2484
2018-01-09 23:35,2471
2018-01-09 23:40,2457
2018-01-09 23:45,2443
2018-01-09 23:50,2422
2018-01-09 23:55,2414
2018-01-10 00:00,2394
2018-01-10 00:05,2363
2018-01-10 00:10,2314
2018-01-10 00:15,2316
2018-01-10 00:20,2308
2018-01-10 00:25,2255
2018-01-10 00:30,2259
2018-01-10 00:35,
2018-01-10 00:40,0
2018-01-10 00:45,972
2018-01-10 00:50,2093
2018-01-10 00:55,0
2018-01-10 01:00,2150
2018-01-10 01:05,2161
2018-01-10 01:10,0
2018-01-10 01:15,2141
2018-01-10 01:20,2128
2018-01-10 01:25,0
2018-01-10 01:30,2103
2018-01-10 01:35,2087
2018-01-10 01:40,0
2018-01-10 01:45,2075
2018-01-10 01:50,2067
2018-01-10 01:55,0
2018-01-10 02:00,2056
2018-01-10 02:05,2038
2018-01-10 02:10,0
2018-01-10 02:15,2033
2018-01-10 02:20,2024
2018-01-10 02:25,0
2018-01-10 02:30,1999
2018-01-10 02:35,1996
2018-01-10 02:40,0
2018-01-10 02:45,1966
2018-01-10 02:50,1959
2018-01-10 02:55,0
2018-01-10 03:00,1916
2018-01-10 03:05,1890
2018-01-10 03:10,0
2018-01-10 03:15,1843
2018-01-10 03:20,1848
2018-01-10 03:25,0
2018-01-10 03:30,1826
2018-01-10 03:35,1823
2018-01-10 03:40,0
2018-01-10 03:45,1812
2018-01-10 03:50,1793
2018-01-10 03:55,0
2018-01-10 04:00,1786
2018-01-10 04:05,1781
2018-01-10 04:10,0
2018-01-10 04:15,1754
2018-01-10 04:20,1739
2018-01-10 04:25,0
2018-01-10 04:30,1709
2018-01-10 04:35,1683
2018-01-10 04:40,0
2018-01-10 04:45,1647
2018-01-10 04:50,1629
2018-01-10 04:55,0
2018-01-10 05:00,1619
2018-01-10 05:05,1617
2018-01-10 05:10,0
2018-01-10 05:15,1602
2018-01-10 05:20,1579
2018-01-10 05:25,0
2018-01-10 05:30,1550
2018-01-10 05:35,1528
2018-01-10 05:40,0
2018-01-10 05:45,1521
2018-01-10 05:50,1510
2018-01-10 05:55,1492
2018-01-10 06:00,1482
2018-01-10 06:05,1490
2018-01-10 06:10,1484
2018-01-10 06:15,1464
2018-01-10 06:20,1466
2018-01-10 06:25,1459
2018-01-10 06:30,1448
2018-01-10 06:35,1450
2018-01-10 06:40,1446
2018-01-10 06:45,1441
2018-01-10 06:50,1446
2018-01-10 06:55,1441
2018-01-10 07:00,1441
2018-01-10 07:05,1444
2018-01-10 07:10,1441
2018-01-10 07:15,1434
2018-01-10 07:20,1431
2018-01-10 07:25,1435
2018-01-10 07:30,1444
2018-01-10 07:35,1453
2018-01-10 07:40,1458
2018-01-10 07:45,1457
2018-01-10 07:50,1454
2018-01-10 07:55,1443
2018-01-10 08:00,1445
2018-01-10 08:05,1440
2018-01-10 08:10,1447
2018-01-10 08:15,1463
2018-01-10 08:20,1475
2018-01-10 08:25,1477
2018-01-10 08:30,1475
2018-01-10 08:35,1476
2018-01-10 08:40,1479
2018-01-10 08:45,1486
2018-01-10 08:50,1512
2018-01-10 08:55,1504
2018-01-10 09:00,1516
2018-01-10 09:05,1526
2018-01-10 09:10,1531
2018-01-10 09:15,1536
2018-01-10 09:20,1565
2018-01-10 09:25,1562
2018-01-10 09:30,1557
2018-01-10 09:35,1553
2018-01-10 09:40,1559
2018-01-10 09:45,1589
2018-01-10 09:50,1615
2018-01-10 09:55,1638
2018-01-10 10:00,1660
2018-01-10 10:05,1688
2018-01-10 10:10,1711
2018-01-10 10:15,1730
2018-01-10 10:20,1755
2018-01-10 10:25,1772
2018-01-10 10:30,1785
2018-01-10 10:35,1791
2018-01-10 10:40,1784
2018-01-10 10:45,1779
2018-01-10 10:50,1798
2018-01-10 10:55,1808
2018-01-10 11:00,1848
2018-01-10 11:05,1851
2018-01-10 11:10,1843
2018-01-10 11:15,1866
2018-01-10 11:20,1878
2018-01-10 11:25,1905
2018-01-10 11:30,1938
2018-01-10 11:35,1962
2018-01-10 11:40,1971
2018-01-10 11:45,2033
2018-01-10 11:50,2047
2018-01-10 11:55,2070
2018-01-10 12:00,2082
2018-01-10 12:05,2088
2018-01-10 12:10,2088
2018-01-10 12:15,2075
2018-01-10 12:20,2075
2018-01-10 12:25,2083
2018-01-10 12:30,2091
2018-01-10 12:35,2109
2018-01-10 12:40,2128
2018-01-10 12:45,2161
2018-01-10 12:50,2174
2018-01-10 12:55,2207
2018-01-10 13:00,2180
2018-01-10 13:05,2214
2018-01-10 13:10,2228
2018-01-10 13:15,2254
2018-01-10 13:20,2270
2018-01-10 13:25,2276
2018-01-10 13:30,2296
2018-01-10 13:35,2308
2018-01-10 13:40,2291
2018-01-10 13:45,2313
2018-01-10 13:50,2343
2018-01-10 13:55,2376
2018-01-10 14:00,2377
2018-01-10 14:05,2382
2018-01-10 14:10,2395
2018-01-10 14:15,2409
2018-01-10 14:20,2429
2018-01-10 14:25,2444
2018-01-10 14:30,2472
2018-01-10 14:35,2496
2018-01-10 14:40,2534
2018-01-10 14:45,2536
2018-01-10 14:50,2549
2018-01-10 14:55,2553
2018-01-10 15:00,2571
2018-01-10 15:05,2566
2018-01-10 15:10,2574
2018-01-10 15:15,2622
2018-01-10 15:20,2639
2018-01-10 15:25,2657
2018-01-10 15:30,2666
2018-01-10 15:35,2663
2018-01-10 15:40,2663
2018-01-10 15:45,2720
2018-01-10 15:50,2732
2018-01-10 15:55,2755
2018-01-10 16:00,2766
2018-01-10 16:05,2784
2018-01-10 16:10,2788
2018-01-10 16:15,2792
2018-01-10 16:20,2815
2018-01-10 16:25,2861
2018-01-10 16:30,2903
2018-01-10 16:35,2934
2018-01-10 16:40,2941
2018-01-10 16:45,2979
2018-01-10 16:50,3000
2018-01-10 16:55,3011
2018-01-10 17:00,2973
2018-01-10 17:05,2981
2018-01-10 17:10,3077
2018-01-10 17:15,3098
2018-01-10 17:20,3148
2018-01-10 17:25,3164
2018-01-10 17:30,3174
2018-01-10 17:35,3177
2018-01-10 17:40,3176
2018-01-10 17:45,3174
2018-01-10 17:50,3169
2018-01-10 17:55,3185
2018-01-10 18:00,3176
2018-01-10 18:05,3191
2018-01-10 18:10,3185
2018-01-10 18:15,3152
2018-01-10 18:20,3179
2018-01-10 18:25,3210
2018-01-10 18:30,3222
2018-01-10 18:35,3226
2018-01-10 18:40,3228
2018-01-10 18:45,3206
2018-01-10 18:50,3198
2018-01-10 18:55,3204
2018-01-10 19:00,3202
2018-01-10 19:05,3218
2018-01-10 19:10,3183
2018-01-10 19:15,3184
2018-01-10 19:20,3158
2018-01-10 19:25,3147
2018-01-10 19:30,3158
2018-01-10 19:35,3170
2018-01-10 19:40,3166
2018-01-10 19:45,3178
2018-01-10 19:50,3178
2018-01-10 19:55,3188
2018-01-10 20:00,3193
2018-01-10 20:05,3185
2018-01-10 20:10,3178
2018-01-10 20:15,3215
2018-01-10 20:20,3216
2018-01-10 20:25,3215
2018-01-10 20:30,3210
2018-01-10 20:35,3194
2018-01-10 20:40,3167
2018-01-10 20:45,3171
2018-01-10 20:50,3140
2018-01-10 20:55,3123
2018-01-10 21:00,3106
2018-01-10 21:05,3100
2018-01-10 21:10,3089
2018-01-10 21:15,3064
2018-01-10 21:20,3048
2018-01-10 21:25,3037
2018-01-10 21:30,2985
2018-01-10 21:35,2980
2018-01-10 21:40,2970
2018-01-10 21:45,2929
2018-01-10 21:50,2917
2018-01-10 21:55,2889
2018-01-10 22:00,2873
2018-01-10 22:05,2833
2018-01-10 22:10,2798
2018-01-10 22:15,2808
2018-01-10 22:20,2775
2018-01-10 22:25,2735
2018-01-10 22:30,2723
2018-01-10 22:35,2690
2018-01-10 22:40,2646
2018-01-10 22:45,2622
2018-01-10 22:50,2588
2018-01-10 22:55,2557
2018-01-10 23:00,2557
2018-01-10 23:05,2523
2018-01-10 23:10,2491
2018-01-10 23:15,2453
2018-01-10 23:20,2447
2018-01-10 23:25,2406
2018-01-10 23:30,2379
2018-01-10 23:35,2338
2018-01-10 23:40,2332
2018-01-10 23:45,2334
2018-01-10 23:50,2333
2018-01-10 23:55,2338
2018-01-11 00:00,2322
2018-01-11 00:05,2318
2018-01-11 00:10,2291
2018-01-11 00:15,2298
2018-01-11 00:20,2291
2018-01-11 00:25,2294
2018-01-11 00:30,2271
2018-01-11 00:35,2225
2018-01-11 00:40,2199
2018-01-11 00:45,2194
2018-01-11 00:50,2185
2018-01-11 00:55,2177
2018-01-11 01:00,2154
2018-01-11 01:05,2150
2018-01-11 01:10,2169
2018-01-11 01:15,2153
2018-01-11 01:20,2134
2018-01-11 01:25,2153
2018-01-11 01:30,2154
2018-01-11 01:35,2156
2018-01-11 01:40,2153
2018-01-11 01:45,2134
2018-01-11 01:50,2155
2018-01-11 01:55,2140
2018-01-11 02:00,2147
2018-01-11 02:05,2101
2018-01-11 02:10,2109
2018-01-11 02:15,2101
2018-01-11 02:20,2080
2018-01-11 02:25,2075
2018-01-11 02:30,2078
2018-01-11 02:35,2073
2018-01-11 02:40,2061
2018-01-11 02:45,2037
2018-01-11 02:50,2020
2018-01-11 02:55,2013
2018-01-11 03:00,2009
2018-01-11 03:05,1987
2018-01-11 03:10,1964
2018-01-11 03:15,1945
2018-01-11 03:20,1925
2018-01-11 03:25,1928
2018-01-11 03:30,1917
2018-01-11 03:35,1887
2018-01-11 03:40,1898
2018-01-11 03:45,1862
2018-01-11 03:50,1840
2018-01-11 03:55,1837
2018-01-11 04:00,1821
2018-01-11 04:05,1801
2018-01-11 04:10,1792
2018-01-11 04:15,1773
2018-01-11 04:20,1770
2018-01-11 04:25,1751
2018-01-11 04:30,1732
2018-01-11 04:35,1717
2018-01-11 04:40,1727
2018-01-11 04:45,1724
2018-01-11 04:50,1724
2018-01-11 04:55,1713
2018-01-11 05:00,1722
2018-01-11 05:05,1700
2018-01-11 05:10,1684
2018-01-11 05:15,1655
2018-01-11 05:20,1635
2018-01-11 05:25,1622
2018-01-11 05:30,1604
2018-01-11 05:35,1588
2018-01-11 05:40,1579
2018-01-11 05:45,1562
2018-01-11 05:50,1581
2018-01-11 05:55,1559
2018-01-11 06:00,1551
2018-01-11 06:05,1537
2018-01-11 06:10,1523
2018-01-11 06:15,1509
2018-01-11 06:20,1488
2018-01-11 06:25,1481
2018-01-11 06:30,1485
2018-01-11 06:35,1472
2018-01-11 06:40,1455
2018-01-11 06:45,1462
2018-01-11 06:50,1469
2018-01-11 06:55,1460
2018-01-11 07:00,1458
2018-01-11 07:05,1479
2018-01-11 07:10,1490
2018-01-11 07:15,1488
2018-01-11 07:20,1472
2018-01-11 07:25,1473
2018-01-11 07:30,1462
2018-01-11 07:35,1461
2018-01-11 07:40,1442
2018-01-11 07:45,1441
2018-01-11 07:50,1444
2018-01-11 07:55,1454
2018-01-11 08:00,1447
2018-01-11 08:05,1456
2018-01-11 08:10,1476
2018-01-11 08:15,1477
2018-01-11 08:20,1481
2018-01-11 08:25,1476
2018-01-11 08:30,1480
2018-01-11 08:35,1504
2018-01-11 08:40,1507
2018-01-11 08:45,1515
2018-01-11 08:50,1536
2018-01-11 08:55,1552
2018-01-11 09:00,1557
2018-01-11 09:05,1582
2018-01-11 09:10,1583
2018-01-11 09:15,1593
2018-01-11 09:20,1597
2018-01-11 09:25,1620
2018-01-11 09:30,1638
2018-01-11 09:35,1641
2018-01-11 09:40,1645
2018-01-11 09:45,1662
2018-01-11 09:50,1689
2018-01-11 09:55,1708
2018-01-11 10:00,1720
2018-01-11 10:05,1737
2018-01-11 10:10,1756
2018-01-11 10:15,1783
2018-01-11 10:20,1787
2018-01-11 10:25,1819
2018-01-11 10:30,1846
2018-01-11 10:35,1862
2018-01-11 10:40,1862
2018-01-11 10:45,1857
2018-01-11 10:50,1879
2018-01-11 10:55,1888
2018-01-11 11:00,1926
2018-01-11 11:05,1924
2018-01-11 11:10,1960
2018-01-11 11:15,1985
2018-01-11 11:20,2010
2018-01-11 11:25,2004
2018-01-11 11:30,2015
2018-01-11 11:35,2013
2018-01-11 11:40,2033
2018-01-11 11:45,2038
2018-01-11 11:50,2050
2018-01-11 11:55,2074
2018-01-11 12:00,2104
2018-01-11 12:05,2095
2018-01-11 12:10,2092
2018-01-11 12:15,2111
2018-01-11 12:20,2126
2018-01-11 12:25,2145
2018-01-11 12:30,2143
2018-01-11 12:35,2161
2018-01-11 12:40,2163
2018-01-11 12:45,2175
2018-01-11 12:50,2176
2018-01-11 12:55,2171
2018-01-11 13:00,2221
2018-01-11 13:05,2258
2018-01-11 13:10,2262
2018-01-11 13:15,2273
2018-01-11 13:20,2319
2018-01-11 13:25,2315
2018-01-11 13:30,2354
2018-01-11 13:35,2350
2018-01-11 13:40,2347
2018-01-11 13:45,2374
2018-01-11 13:50,
2018-01-11 13:55,
2018-01-11 14:00,
2018-01-11 14:05,
2018-01-11 14:10,
2018-01-11 14:15,
2018-01-11 14:20,
2018-01-11 14:25,
2018-01-11 14:30,
2018-01-11 14:35,
2018-01-11 14:40,
2018-01-11 14:45,
2018-01-11 14:50,
2018-01-11 14:55,
2018-01-11 15:00,
2018-01-11 15:05,
2018-01-11 15:10,
2018-01-11 15:15,
2018-01-11 15:20,
2018-01-11 15:25,
2018-01-11 15:30,
2018-01-11 15:35,
2018-01-11 15:40,
2018-01-11 15:45,
2018-01-11 15:50,
2018-01-11 15:55,
2018-01-11 16:00,
2018-01-11 16:05,
2018-01-11 16:10,
2018-01-11 16:15,
2018-01-11 16:20,
2018-01-11 16:25,
2018-01-11 16:30,
2018-01-11 16:35,
2018-01-11 16:40,
2018-01-11 16:45,
2018-01-11 16:50,
2018-01-11 16:55,
2018-01-11 17:00,
2018-01-11 17:05,
2018-01-11 17:10,
2018-01-11 17:15,
2018-01-11 17:20,
2018-01-11 17:25,
2018-01-11 17:30,
2018-01-11 17:35,
2018-01-11 17:40,
2018-01-11 17:45,
2018-01-11 17:50,
2018-01-11 17:55,
2018-01-11 18:00,
2018-01-11 18:05,
2018-01-11 18:10,
2018-01-11 18:15,
2018-01-11 18:20,
2018-01-11 18:25,
2018-01-11 18:30,
2018-01-11 18:35,
2018-01-11 18:40,
2018-01-11 18:45,
2018-01-11 18:50,
2018-01-11 18:55,
2018-01-11 19:00,
2018-01-11 19:05,
2018-01-11 19:10,
2018-01-11 19:15,
2018-01-11 19:20,
2018-01-11 19:25,
2018-01-11 19:30,
2018-01-11 19:35,
2018-01-11 19:40,
2018-01-11 19:45,
2018-01-11 19:50,
2018-01-11 19:55,
2018-01-11 20:00,
2018-01-11 20:05,
2018-01-11 20:10,
2018-01-11 20:15,
2018-01-11 20:20,
2018-01-11 20:25,
2018-01-11 20:30,
2018-01-11 20:35,
2018-01-11 20:40,
2018-01-11 20:45,
2018-01-11 20:50,
2018-01-11 20:55,
2018-01-11 21:00,
2018-01-11 21:05,
2018-01-11 21:10,
2018-01-11 21:15,
2018-01-11 21:20,
2018-01-11 21:25,
2018-01-11 21:30,
2018-01-11 21:35,
2018-01-11 21:40,
2018-01-11 21:45,
2018-01-11 21:50,
2018-01-11 21:55,
2018-01-11 22:00,
2018-01-11 22:05,3132
2018-01-11 22:10,3096
2018-01-11 22:15,3079
2018-01-11 22:20,3059
2018-01-11 22:25,3019
2018-01-11 22:30,2979
2018-01-11 22:35,2982
2018-01-11 22:40,2941
2018-01-11 22:45,2896
2018-01-11 22:50,2881
2018-01-11 22:55,2871
2018-01-11 23:00,2838
2018-01-11 23:05,2812
2018-01-11 23:10,2787
2018-01-11 23:15,2756
2018-01-11 23:20,2742
2018-01-11 23:25,2724
2018-01-11 23:30,2685
2018-01-11 23:35,2649
2018-01-11 23:40,2637
2018-01-11 23:45,2611
2018-01-11 23:50,2584
2018-01-11 23:55,2567
2018-01-12 00:00,2566
2018-01-12 00:05,2527
2018-01-12 00:10,2522
2018-01-12 00:15,2504
2018-01-12 00:20,2477
2018-01-12 00:25,2462
2018-01-12 00:30,2449
2018-01-12 00:35,2443
2018-01-12 00:40,2436
2018-01-12 00:45,2435
2018-01-12 00:50,2423
2018-01-12 00:55,2404
2018-01-12 01:00,2384
2018-01-12 01:05,2191
2018-01-12 01:10,2291
2018-01-12 01:15,2278
2018-01-12 01:20,2288
2018-01-12 01:25,0
2018-01-12 01:30,
2018-01-12 01:35,2302
2018-01-12 01:40,2289
2018-01-12 01:45,2285
2018-01-12 01:50,2269
2018-01-12 01:55,2238
2018-01-12 02:00,2243
2018-01-12 02:05,2226
2018-01-12 02:10,2148
2018-01-12 02:15,2198
2018-01-12 02:20,2190
2018-01-12 02:25,2189
2018-01-12 02:30,2206
2018-01-12 02:35,2183
2018-01-12 02:40,2190
2018-01-12 02:45,2169
2018-01-12 02:50,2168
2018-01-12 02:55,2171
2018-01-12 03:00,2173
2018-01-12 03:05,2134
2018-01-12 03:10,2125
2018-01-12 03:15,2083
2018-01-12 03:20,2066
2018-01-12 03:25,2055
2018-01-12 03:30,2037
2018-01-12 03:35,2017
2018-01-12 03:40,2004
2018-01-12 03:45,1976
2018-01-12 03:50,1947
2018-01-12 03:55,1931
2018-01-12 04:00,1914
2018-01-12 04:05,1891
2018-01-12 04:10,1865
2018-01-12 04:15,1853
2018-01-12 04:20,1852
2018-01-12 04:25,1862
2018-01-12 04:30,1857
2018-01-12 04:35,1844
2018-01-12 04:40,1827
2018-01-12 04:45,1758
2018-01-12 04:50,1790
2018-01-12 04:55,1763
2018-01-12 05:00,1743
2018-01-12 05:05,
2018-01-12 05:10,1719
2018-01-12 05:15,1702
2018-01-12 05:20,1708
2018-01-12 05:25,1701
2018-01-12 05:30,1690
2018-01-12 05:35,1682
2018-01-12 05:40,
2018-01-12 05:45,1679
2018-01-12 05:50,1660
2018-01-12 05:55,1652
2018-01-12 06:00,1635
2018-01-12 06:05,1609
2018-01-12 06:10,1624
2018-01-12 06:15,1628
2018-01-12 06:20,1604
2018-01-12 06:25,1584
2018-01-12 06:30,1586
2018-01-12 06:35,1590
2018-01-12 06:40,1582
2018-01-12 06:45,1591
2018-01-12 06:50,1595
2018-01-12 06:55,1600
2018-01-12 07:00,1587
2018-01-12 07:05,1578
2018-01-12 07:10,1597
2018-01-12 07:15,1609
2018-01-12 07:20,1611
2018-01-12 07:25,1614
2018-01-12 07:30,1600
2018-01-12 07:35,1609
2018-01-12 07:40,
2018-01-12 07:45,1611
2018-01-12 07:50,1624
2018-01-12 07:55,1637
2018-01-12 08:00,1642
2018-01-12 08:05,1615
2018-01-12 08:10,1643
2018-01-12 08:15,1657
2018-01-12 08:20,1630
2018-01-12 08:25,1648
2018-01-12 08:30,1660
2018-01-12 08:35,1676
2018-01-12 08:40,1666
2018-01-12 08:45,1667
2018-01-12 08:50,1663
2018-01-12 08:55,1677
2018-01-12 09:00,1672
2018-01-12 09:05,1688
2018-01-12 09:10,1711
2018-01-12 09:15,1714
2018-01-12 09:20,1729
2018-01-12 09:25,1737
2018-01-12 09:30,1734
2018-01-12 09:35,1771
2018-01-12 09:40,1772
2018-01-12 09:45,1783
2018-01-12 09:50,1812
2018-01-12 09:55,1843
2018-01-12 10:00,1884
2018-01-12 10:05,1901
2018-01-12 10:10,1925
2018-01-12 10:15,1945
2018-01-12 10:20,1970
2018-01-12 10:25,1990
2018-01-12 10:30,2006
2018-01-12 10:35,2031
2018-01-12 10:40,2023
2018-01-12 10:45,2030
2018-01-12 10:50,2045
2018-01-12 10:55,2090
2018-01-12 11:00,2074
2018-01-12 11:05,2086
2018-01-12 11:10,2092
2018-01-12 11:15,2119
2018-01-12 11:20,2133
2018-01-12 11:25,2146
2018-01-12 11:30,2167
2018-01-12 11:35,2180
2018-01-12 11:40,2221
2018-01-12 11:45,2246
2018-01-12 11:50,2267
2018-01-12 11:55,
2018-01-12 12:00,2305
2018-01-12 12:05,2338
2018-01-12 12:10,2342
2018-01-12 12:15,2358
2018-01-12 12:20,2385
2018-01-12 12:25,2370
2018-01-12 12:30,2389
2018-01-12 12:35,2393
2018-01-12 12:40,2403
2018-01-12 12:45,2411
2018-01-12 12:50,2444
2018-01-12 12:55,2474
2018-01-12 13:00,2506
2018-01-12 13:05,2538
2018-01-12 13:10,2554
2018-01-12 13:15,2581
2018-01-12 13:20,2606
2018-01-12 13:25,2625
2018-01-12 13:30,2634
2018-01-12 13:35,2644
2018-01-12 13:40,2653
2018-01-12 13:45,2643
2018-01-12 13:50,2673
2018-01-12 13:55,2680
2018-01-12 14:00,2699
2018-01-12 14:05,2714
2018-01-12 14:10,2741
2018-01-12 14:15,2752
2018-01-12 14:20,2769
2018-01-12 14:25,2808
2018-01-12 14:30,2808
2018-01-12 14:35,2831
2018-01-12 14:40,2864
2018-01-12 14:45,2885
2018-01-12 14:50,2883
2018-01-12 14:55,2895
2018-01-12 15:00,2914
2018-01-12 15:05,2957
2018-01-12 15:10,2978
2018-01-12 15:15,3000
2018-01-12 15:20,3036
2018-01-12 15:25,3050
2018-01-12 15:30,3075
2018-01-12 15:35,3093
2018-01-12 15:40,3101
2018-01-12 15:45,3130
2018-01-12 15:50,3145
2018-01-12 15:55,3144
2018-01-12 16:00,3170
2018-01-12 16:05,3190
2018-01-12 16:10,3213
2018-01-12 16:15,3247
2018-01-12 16:20,3263
2018-01-12 16:25,3309
2018-01-12 16:30,
2018-01-12 16:35,
2018-01-12 16:40,
2018-01-12 16:45,
2018-01-12 16:50,
2018-01-12 16:55,
2018-01-12 17:00,
2018-01-12 17:05,
2018-01-12 17:10,
2018-01-12 17:15,3427
2018-01-12 17:20,3460
2018-01-12 17:25,3484
2018-01-12 17:30,3502
2018-01-12 17:35,3513
2018-01-12 17:40,3521
2018-01-12 17:45,3538
2018-01-12 17:50,3576
2018-01-12 17:55,3602
2018-01-12 18:00,3603
2018-01-12 18:05,3613
2018-01-12 18:10,3634
2018-01-12 18:15,3632
2018-01-12 18:20,3648
2018-01-12 18:25,3661
2018-01-12 18:30,3683
2018-01-12 18:35,3675
2018-01-12 18:40,3678
2018-01-12 18:45,3702
2018-01-12 18:50,3698
2018-01-12 18:55,3685
2018-01-12 19:00,3682
2018-01-12 19:05,3671
2018-01-12 19:10,3675
2018-01-12 19:15,3692
2018-01-12 19:20,3713
2018-01-12 19:25,3682
2018-01-12 19:30,3670
2018-01-12 19:35,3648
2018-01-12 19:40,3657
2018-01-12 19:45,3680
2018-01-12 19:50,3678
2018-01-12 19:55,3683
2018-01-12 20:00,3680
2018-01-12 20:05,3651
2018-01-12 20:10,3660
2018-01-12 20:15,3664
2018-01-12 20:20,3660
2018-01-12 20:25,3665
2018-01-12 20:30,3673
2018-01-12 20:35,3681
2018-01-12 20:40,3651
2018-01-12 20:45,3672
2018-01-12 20:50,3666
2018-01-12 20:55,3668
2018-01-12 21:00,3672
2018-01-12 21:05,3633
2018-01-12 21:10,3629
2018-01-12 21:15,3608
2018-01-12 21:20,3580
2018-01-12 21:25,3580
2018-01-12 21:30,3566
2018-01-12 21:35,3572
2018-01-12 21:40,3582
2018-01-12 21:45,3548
2018-01-12 21:50,3537
2018-01-12 21:55,3536
2018-01-12 22:00,3516
2018-01-12 22:05,3490
2018-01-12 22:10,3445
2018-01-12 22:15,3429
2018-01-12 22:20,3408
2018-01-12 22:25,3401
2018-01-12 22:30,3360
2018-01-12 22:35,3308
2018-01-12 22:40,3275
2018-01-12 22:45,3258
2018-01-12 22:50,3246
2018-01-12 22:55,3203
2018-01-12 23:00,3179
2018-01-12 23:05,3163
2018-01-12 23:10,3146
2018-01-12 23:15,3051
2018-01-12 23:20,3025
2018-01-12 23:25,2985
2018-01-12 23:30,2964
2018-01-12 23:35,2947
2018-01-12 23:40,2926
2018-01-12 23:45,2907
2018-01-12 23:50,2915
2018-01-12 23:55,2866
2018-01-13 00:00,2863
2018-01-13 00:05,2869
2018-01-13 00:10,2863
2018-01-13 00:15,2857
2018-01-13 00:20,2881
2018-01-13 00:25,2837
2018-01-13 00:30,2834
2018-01-13 00:35,2818
2018-01-13 00:40,2792
2018-01-13 00:45,2783
2018-01-13 00:50,2793
2018-01-13 00:55,2754
2018-01-13 01:00,2715
2018-01-13 01:05,2693
2018-01-13 01:10,2698
2018-01-13 01:15,2673
2018-01-13 01:20,2679
2018-01-13 01:25,2635
2018-01-13 01:30,2610
2018-01-13 01:35,2600
2018-01-13 01:40,2579
2018-01-13 01:45,2563
2018-01-13 01:50,2540
2018-01-13 01:55,2557
2018-01-13 02:00,2536
2018-01-13 02:05,2531
2018-01-13 02:10,2513
2018-01-13 02:15,2485
2018-01-13 02:20,2466
2018-01-13 02:25,2456
2018-01-13 02:30,2433
2018-01-13 02:35,2411
2018-01-13 02:40,2381
2018-01-13 02:45,2378
2018-01-13 02:50,2375
2018-01-13 02:55,2346
2018-01-13 03:00,
2018-01-13 03:05,
2018-01-13 03:10,
2018-01-13 03:15,
2018-01-13 03:20,2321
2018-01-13 03:25,2332
2018-01-13 03:30,2316
2018-01-13 03:35,2307
2018-01-13 03:40,2289
2018-01-13 03:45,2283
2018-01-13 03:50,2262
2018-01-13 03:55,2248
2018-01-13 04:00,2235
2018-01-13 04:05,2232
2018-01-13 04:10,2211
2018-01-13 04:15,2194
2018-01-13 04:20,2181
2018-01-13 04:25,2176
2018-01-13 04:30,2155
2018-01-13 04:35,2145
2018-01-13 04:40,2106
2018-01-13 04:45,2063
2018-01-13 04:50,2073
2018-01-13 04:55,2060
2018-01-13 05:00,2053
2018-01-13 05:05,2044
2018-01-13 05:10,2022
2018-01-13 05:15,1990
2018-01-13 05:20,1999
2018-01-13 05:25,1993
2018-01-13 05:30,1983
2018-01-13 05:35,1974
2018-01-13 05:40,1979
2018-01-13 05:45,1989
2018-01-13 05:50,1974
2018-01-13 05:55,1976
2018-01-13 06:00,1973
2018-01-13 06:05,1968
2018-01-13 06:10,1971
2018-01-13 06:15,1948
2018-01-13 06:20,1921
2018-01-13 06:25,1913
2018-01-13 06:30,1898
2018-01-13 06:35,1895
2018-01-13 06:40,1872
2018-01-13 06:45,1892
2018-01-13 06:50,1879
2018-01-13 06:55,1872
2018-01-13 07:00,1873
2018-01-13 07:05,1880
2018-01-13 07:10,1867
2018-01-13 07:15,1877
2018-01-13 07:20,1868
2018-01-13 07:25,1869
2018-01-13 07:30,1855
2018-01-13 07:35,1894
2018-01-13 07:40,1899
2018-01-13 07:45,1884
2018-01-13 07:50,1902
2018-01-13 07:55,1910
2018-01-13 08:00,1927
2018-01-13 08:05,1929
2018-01-13 08:10,1931
2018-01-13 08:15,1951
2018-01-13 08:20,1974
2018-01-13 08:25,1984
2018-01-13 08:30,1986
2018-01-13 08:35,1999
2018-01-13 08:40,1990
2018-01-13 08:45,1994
2018-01-13 08:50,2030
2018-01-13 08:55,2056
2018-01-13 09:00,2083
2018-01-13 09:05,2087
2018-01-13 09:10,2136
2018-01-13 09:15,2167
2018-01-13 09:20,2194
2018-01-13 09:25,2228
2018-01-13 09:30,2239
2018-01-13 09:35,2247
2018-01-13 09:40,2290
2018-01-13 09:45,2302
2018-01-13 09:50,2342
2018-01-13 09:55,2363
2018-01-13 10:00,2380
2018-01-13 10:05,2412
2018-01-13 10:10,2442
2018-01-13 10:15,2469
2018-01-13 10:20,2534
2018-01-13 10:25,2580
2018-01-13 10:30,2591
2018-01-13 10:35,2603
2018-01-13 10:40,2635
2018-01-13 10:45,2649
2018-01-13 10:50,2670
2018-01-13 10:55,2679
2018-01-13 11:00,2684
2018-01-13 11:05,2728
2018-01-13 11:10,2733
2018-01-13 11:15,2746
2018-01-13 11:20,2792
2018-01-13 11:25,2826
2018-01-13 11:30,2844
2018-01-13 11:35,2854
2018-01-13 11:40,2880
2018-01-13 11:45,2903
2018-01-13 11:50,2934
2018-01-13 11:55,2950
2018-01-13 12:00,2982
2018-01-13 12:05,3010
2018-01-13 12:10,3025
2018-01-13 12:15,3042
2018-01-13 12:20,3055
2018-01-13 12:25,3099
2018-01-13 12:30,3114
2018-01-13 12:35,3111
2018-01-13 12:40,3135
2018-01-13 12:45,3160
2018-01-13 12:50,3204
2018-01-13 12:55,3247
2018-01-13 13:00,3279
2018-01-13 13:05,3260
2018-01-13 13:10,3277
2018-01-13 13:15,3309
2018-01-13 13:20,3344
2018-01-13 13:25,3391
2018-01-13 13:30,3424
2018-01-13 13:35,3452
2018-01-13 13:40,3438
2018-01-13 13:45,3455
2018-01-13 13:50,3484
2018-01-13 13:55,3504
2018-01-13 14:00,3516
2018-01-13 14:05,3553
2018-01-13 14:10,3572
2018-01-13 14:15,3587
2018-01-13 14:20,3594
2018-01-13 14:25,3626
2018-01-13 14:30,3632
2018-01-13 14:35,3645
2018-01-13 14:40,3660
2018-01-13 14:45,3672
2018-01-13 14:50,3675
2018-01-13 14:55,3685
2018-01-13 15:00,3698
2018-01-13 15:05,3706
2018-01-13 15:10,0
2018-01-13 15:15,3746
2018-01-13 15:20,3773
2018-01-13 15:25,3788
2018-01-13 15:30,3790
2018-01-13 15:35,3802
2018-01-13 15:40,3809
2018-01-13 15:45,3821
2018-01-13 15:50,3836
2018-01-13 15:55,3855
2018-01-13 16:00,3861
2018-01-13 16:05,3846
2018-01-13 16:10,3839
2018-01-13 16:15,3874
2018-01-13 16:20,3882
2018-01-13 16:25,3922
2018-01-13 16:30,3912
2018-01-13 16:35,3959
2018-01-13 16:40,3942
2018-01-13 16:45,3961
2018-01-13 16:50,3964
2018-01-13 16:55,3984
2018-01-13 17:00,3994
2018-01-13 17:05,3999
2018-01-13 17:10,4016
2018-01-13 17:15,4051
2018-01-13 17:20,4073
2018-01-13 17:25,4105
2018-01-13 17:30,4153
2018-01-13 17:35,4170
2018-01-13 17:40,4160
2018-01-13 17:45,4163
2018-01-13 17:50,4142
2018-01-13 17:55,4152
2018-01-13 18:00,4139
2018-01-13 18:05,4156
2018-01-13 18:10,4120
2018-01-13 18:15,4105
2018-01-13 18:20,4089
2018-01-13 18:25,4136
2018-01-13 18:30,4119
2018-01-13 18:35,4130
2018-01-13 18:40,4176
2018-01-13 18:45,4199
2018-01-13 18:50,4210
2018-01-13 18:55,4209
2018-01-13 19:00,4222
2018-01-13 19:05,4210
2018-01-13 19:10,4193
2018-01-13 19:15,4188
2018-01-13 19:20,
2018-01-13 19:25,4173
2018-01-13 19:30,4208
2018-01-13 19:35,4194
2018-01-13 19:40,4210
2018-01-13 19:45,4207
2018-01-13 19:50,4222
2018-01-13 19:55,4273
2018-01-13 20:00,4241
2018-01-13 20:05,4229
2018-01-13 20:10,4250
2018-01-13 20:15,4238
2018-01-13 20:20,4269
2018-01-13 20:25,4280
2018-01-13 20:30,4266
2018-01-13 20:35,4248
2018-01-13 20:40,4240
2018-01-13 20:45,4214
2018-01-13 20:50,4192
2018-01-13 20:55,4172
2018-01-13 21:00,4197
2018-01-13 21:05,4192
2018-01-13 21:10,4177
2018-01-13 21:15,4167
2018-01-13 21:20,4139
2018-01-13 21:25,4119
2018-01-13 21:30,4088
2018-01-13 21:35,4069
2018-01-13 21:40,4055
2018-01-13 21:45,4029
2018-01-13 21:50,4001
2018-01-13 21:55,3972
2018-01-13 22:00,3948
2018-01-13 22:05,3921
2018-01-13 22:10,3935
2018-01-13 22:15,3909
2018-01-13 22:20,3907
2018-01-13 22:25,3904
2018-01-13 22:30,
2018-01-13 22:35,3845
2018-01-13 22:40,3831
2018-01-13 22:45,3804
2018-01-13 22:50,3738
2018-01-13 22:55,3702
2018-01-13 23:00,3659
2018-01-13 23:05,3645
2018-01-13 23:10,3605
2018-01-13 23:15,3587
2018-01-13 23:20,3545
2018-01-13 23:25,3506
2018-01-13 23:30,3500
2018-01-13 23:35,3463
2018-01-13 23:40,3430
2018-01-13 23:45,3405
2018-01-13 23:50,3384
2018-01-13 23:55,3371
2018-01-14 00:00,3319
2018-01-14 00:05,3287
2018-01-14 00:10,3278
2018-01-14 00:15,3261
2018-01-14 00:20,3222
2018-01-14 00:25,3210
2018-01-14 00:30,3167
2018-01-14 00:35,3116
2018-01-14 00:40,3099
2018-01-14 00:45,3076
2018-01-14 00:50,3053
2018-01-14 00:55,3044
2018-01-14 01:00,3017
2018-01-14 01:05,2998
2018-01-14 01:10,2972
2018-01-14 01:15,2956
2018-01-14 01:20,2917
2018-01-14 01:25,2908
2018-01-14 01:30,2880
2018-01-14 01:35,2879
2018-01-14 01:40,2861
2018-01-14 01:45,2851
2018-01-14 01:50,2852
2018-01-14 01:55,2847
2018-01-14 02:00,2834
2018-01-14 02:05,2811
2018-01-14 02:10,2782
2018-01-14 02:15,2785
2018-01-14 02:20,2769
2018-01-14 02:25,2746
2018-01-14 02:30,2723
2018-01-14 02:35,2707
2018-01-14 02:40,2681
2018-01-14 02:45,2678
2018-01-14 02:50,2649
2018-01-14 02:55,2626
2018-01-14 03:00,2605
2018-01-14 03:05,2578
2018-01-14 03:10,2584
2018-01-14 03:15,2580
2018-01-14 03:20,2550
2018-01-14 03:25,2531
2018-01-14 03:30,2526
2018-01-14 03:35,2529
2018-01-14 03:40,2484
2018-01-14 03:45,2431
2018-01-14 03:50,2414
2018-01-14 03:55,2398
2018-01-14 04:00,2385
2018-01-14 04:05,2358
2018-01-14 04:10,2371
2018-01-14 04:15,2386
2018-01-14 04:20,2360
2018-01-14 04:25,2360
2018-01-14 04:30,2368
2018-01-14 04:35,2354
2018-01-14 04:40,2329
2018-01-14 04:45,2312
2018-01-14 04:50,2299
2018-01-14 04:55,2285
2018-01-14 05:00,2251
2018-01-14 05:05,2240
2018-01-14 05:10,2246
2018-01-14 05:15,2222
2018-01-14 05:20,2204
2018-01-14 05:25,2172
2018-01-14 05:30,2159
2018-01-14 05:35,2161
2018-01-14 05:40,2165
2018-01-14 05:45,2138
2018-01-14 05:50,2134
2018-01-14 05:55,2127
2018-01-14 06:00,2102
2018-01-14 06:05,2097
2018-01-14 06:10,2111
2018-01-14 06:15,2090
2018-01-14 06:20,2079
2018-01-14 06:25,2079
2018-01-14 06:30,2045
2018-01-14 06:35,2041
2018-01-14 06:40,2047
2018-01-14 06:45,2045
2018-01-14 06:50,2041
2018-01-14 06:55,2038
2018-01-14 07:00,2050
2018-01-14 07:05,2050
2018-01-14 07:10,2055
2018-01-14 07:15,2071
2018-01-14 07:20,2070
2018-01-14 07:25,2081
2018-01-14 07:30,2102
2018-01-14 07:35,2120
2018-01-14 07:40,2133
2018-01-14 07:45,2140
2018-01-14 07:50,2157
2018-01-14 07:55,2157
2018-01-14 08:00,2158
2018-01-14 08:05,2171
2018-01-14 08:10,2184
2018-01-14 08:15,2202
2018-01-14 08:20,2196
2018-01-14 08:25,2216
2018-01-14 08:30,2252
2018-01-14 08:35,2281
2018-01-14 08:40,2292
2018-01-14 08:45,2297
2018-01-14 08:50,2325
2018-01-14 08:55,2348
2018-01-14 09:00,2359
2018-01-14 09:05,2362
2018-01-14 09:10,2409
2018-01-14 09:15,2435
2018-01-14 09:20,2485
2018-01-14 09:25,2499
2018-01-14 09:30,2542
2018-01-14 09:35,2599
2018-01-14 09:40,2642
2018-01-14 09:45,2663
2018-01-14 09:50,2709
2018-01-14 09:55,2735
2018-01-14 10:00,2775
2018-01-14 10:05,2817
2018-01-14 10:10,2840
2018-01-14 10:15,2893
2018-01-14 10:20,2902
2018-01-14 10:25,2915
2018-01-14 10:30,2937
2018-01-14 10:35,2954
2018-01-14 10:40,2991
2018-01-14 10:45,3037
2018-01-14 10:50,3052
2018-01-14 10:55,3064
2018-01-14 11:00,3065
2018-01-14 11:05,3088
2018-01-14 11:10,3121
2018-01-14 11:15,3158
2018-01-14 11:20,3189
2018-01-14 11:25,3189
2018-01-14 11:30,3223
2018-01-14 11:35,
2018-01-14 11:40,3248
2018-01-14 11:45,3244
2018-01-14 11:50,3304
2018-01-14 11:55,3288
2018-01-14 12:00,3332
2018-01-14 12:05,3327
2018-01-14 12:10,3359
2018-01-14 12:15,3373
2018-01-14 12:20,3393
2018-01-14 12:25,3432
2018-01-14 12:30,3422
2018-01-14 12:35,3434
2018-01-14 12:40,3455
2018-01-14 12:45,3515
2018-01-14 12:50,3519
2018-01-14 12:55,3563
2018-01-14 13:00,3572
2018-01-14 13:05,3602
2018-01-14 13:10,3612
2018-01-14 13:15,3634
2018-01-14 13:20,3657
2018-01-14 13:25,3667
2018-01-14 13:30,3727
2018-01-14 13:35,3734
2018-01-14 13:40,3757
2018-01-14 13:45,3764
2018-01-14 13:50,3791
2018-01-14 13:55,3789
2018-01-14 14:00,3816
2018-01-14 14:05,
2018-01-14 14:10,3854
2018-01-14 14:15,3869
2018-01-14 14:20,3868
2018-01-14 14:25,3869
2018-01-14 14:30,3891
2018-01-14 14:35,3941
2018-01-14 14:40,3955
2018-01-14 14:45,3977
2018-01-14 14:50,3989
2018-01-14 14:55,3985
2018-01-14 15:00,3987
2018-01-14 15:05,3992
2018-01-14 15:10,4011
2018-01-14 15:15,4012
2018-01-14 15:20,4047
2018-01-14 15:25,4060
2018-01-14 15:30,4100
2018-01-14 15:35,4079
2018-01-14 15:40,4102
2018-01-14 15:45,4139
2018-01-14 15:50,4170
2018-01-14 15:55,4213
2018-01-14 16:00,4228
2018-01-14 16:05,4237
2018-01-14 16:10,4259
2018-01-14 16:15,4259
2018-01-14 16:20,4261
2018-01-14 16:25,4291
2018-01-14 16:30,4297
2018-01-14 16:35,4311
2018-01-14 16:40,4324
2018-01-14 16:45,4331
2018-01-14 16:50,4312
2018-01-14 16:55,4316
2018-01-14 17:00,4358
2018-01-14 17:05,4339
2018-01-14 17:10,4335
2018-01-14 17:15,4366
2018-01-14 17:20,4357
2018-01-14 17:25,4375
2018-01-14 17:30,4415
2018-01-14 17:35,4439
2018-01-14 17:40,4462
2018-01-14 17:45,4476
2018-01-14 17:50,4468
2018-01-14 17:55,4492
2018-01-14 18:00,4498
2018-01-14 18:05,4484
2018-01-14 18:10,4458
2018-01-14 18:15,4462
2018-01-14 18:20,4472
2018-01-14 18:25,4482
2018-01-14 18:30,4494
2018-01-14 18:35,4490
2018-01-14 18:40,4493
2018-01-14 18:45,4509
2018-01-14 18:50,4527
2018-01-14 18:55,4557
2018-01-14 19:00,4531
2018-01-14 19:05,4520
2018-01-14 19:10,4506
2018-01-14 19:15,4495
2018-01-14 19:20,4465
2018-01-14 19:25,4425
2018-01-14 19:30,4434
2018-01-14 19:35,4430
2018-01-14 19:40,4412
2018-01-14 19:45,4398
2018-01-14 19:50,4385
2018-01-14 19:55,4394
2018-01-14 20:00,4394
2018-01-14 20:05,4329
2018-01-14 20:10,4301
2018-01-14 20:15,4293
2018-01-14 20:20,4289
2018-01-14 20:25,4271
2018-01-14 20:30,4241
2018-01-14 20:35,4222
2018-01-14 20:40,4173
2018-01-14 20:45,4147
2018-01-14 20:50,4148
2018-01-14 20:55,4137
2018-01-14 21:00,4155
2018-01-14 21:05,4094
2018-01-14 21:10,4094
2018-01-14 21:15,4059
2018-01-14 21:20,3994
2018-01-14 21:25,3979
2018-01-14 21:30,3928
2018-01-14 21:35,3888
2018-01-14 21:40,3872
2018-01-14 21:45,3841
2018-01-14 21:50,3807
2018-01-14 21:55,3785
2018-01-14 22:00,3749
2018-01-14 22:05,3732
2018-01-14 22:10,3687
2018-01-14 22:15,3651
2018-01-14 22:20,3594
2018-01-14 22:25,3579
2018-01-14 22:30,3550
2018-01-14 22:35,3488
2018-01-14 22:40,3434
2018-01-14 22:45,3387
2018-01-14 22:50,3338
2018-01-14 22:55,3282
2018-01-14 23:00,3264
2018-01-14 23:05,3205
2018-01-14 23:10,3195
2018-01-14 23:15,3153
2018-01-14 23:20,3137
2018-01-14 23:25,3098
2018-01-14 23:30,3063
2018-01-14 23:35,3067
2018-01-14 23:40,3024
2018-01-14 23:45,3021
2018-01-14 23:50,2995
2018-01-14 23:55,0
2018-01-15 00:00,2940
2018-01-15 00:05,2913
2018-01-15 00:10,2910
2018-01-15 00:15,2924
2018-01-15 00:20,2902
2018-01-15 00:25,2893
2018-01-15 00:30,2883
2018-01-15 00:35,2855
2018-01-15 00:40,2820
2018-01-15 00:45,2803
2018-01-15 00:50,2777
2018-01-15 00:55,2751
2018-01-15 01:00,2724
2018-01-15 01:05,2698
2018-01-15 01:10,2654
2018-01-15 01:15,2635
2018-01-15 01:20,2602
2018-01-15 01:25,2629
2018-01-15 01:30,2615
2018-01-15 01:35,2598
2018-01-15 01:40,2575
2018-01-15 01:45,2560
2018-01-15 01:50,2551
2018-01-15 01:55,2553
2018-01-15 02:00,2540
2018-01-15 02:05,2538
2018-01-15 02:10,2543
2018-01-15 02:15,2545
2018-01-15 02:20,2528
2018-01-15 02:25,2526
2018-01-15 02:30,2531
2018-01-15 02:35,2511
2018-01-15 02:40,2490
2018-01-15 02:45,2481
2018-01-15 02:50,2476
2018-01-15 02:55,2472
2018-01-15 03:00,2433
2018-01-15 03:05,2425
2018-01-15 03:10,2409
2018-01-15 03:15,2401
2018-01-15 03:20,2366
2018-01-15 03:25,2330
2018-01-15 03:30,2313
2018-01-15 03:35,2306
2018-01-15 03:40,2288
2018-01-15 03:45,2288
2018-01-15 03:50,2251
2018-01-15 03:55,2220
2018-01-15 04:00,2201
2018-01-15 04:05,2166
2018-01-15 04:10,2134
2018-01-15 04:15,2137
2018-01-15 04:20,2128
2018-01-15 04:25,2113
2018-01-15 04:30,2100
2018-01-15 04:35,2097
2018-01-15 04:40,2088
2018-01-15 04:45,2071
2018-01-15 04:50,2061
2018-01-15 04:55,2050
2018-01-15 05:00,2027
2018-01-15 05:05,
2018-01-15 05:10,1999
2018-01-15 05:15,1982
2018-01-15 05:20,1967
2018-01-15 05:25,1946
2018-01-15 05:30,1914
2018-01-15 05:35,1897
2018-01-15 05:40,1891
2018-01-15 05:45,1879
2018-01-15 05:50,1889
2018-01-15 05:55,1880
2018-01-15 06:00,1867
2018-01-15 06:05,1842
2018-01-15 06:10,1832
2018-01-15 06:15,1799
2018-01-15 06:20,1783
2018-01-15 06:25,1768
2018-01-15 06:30,1747
2018-01-15 06:35,1748
2018-01-15 06:40,1741
2018-01-15 06:45,1715
2018-01-15 06:50,1705
2018-01-15 06:55,1697
2018-01-15 07:00,1693
2018-01-15 07:05,1700
2018-01-15 07:10,1692
2018-01-15 07:15,1677
2018-01-15 07:20,1692
2018-01-15 07:25,1688
2018-01-15 07:30,1684
2018-01-15 07:35,1674
2018-01-15 07:40,1680
2018-01-15 07:45,
2018-01-15 07:50,
2018-01-15 07:55,1669
2018-01-15 08:00,1679
2018-01-15 08:05,1673
2018-01-15 08:10,1657
2018-01-15 08:15,1674
2018-01-15 08:20,1674
2018-01-15 08:25,1676
2018-01-15 08:30,1672
2018-01-15 08:35,1693
2018-01-15 08:40,1689
2018-01-15 08:45,1701
2018-01-15 08:50,1716
2018-01-15 08:55,1712
2018-01-15 09:00,1723
2018-01-15 09:05,1738
2018-01-15 09:10,1739
2018-01-15 09:15,1751
2018-01-15 09:20,1733
2018-01-15 09:25,1738
2018-01-15 09:30,1766
2018-01-15 09:35,1771
2018-01-15 09:40,1782
2018-01-15 09:45,
2018-01-15 09:50,
2018-01-15 09:55,
2018-01-15 10:00,1826
2018-01-15 10:05,1851
2018-01-15 10:10,1847
2018-01-15 10:15,1863
2018-01-15 10:20,1876
2018-01-15 10:25,1910
2018-01-15 10:30,1922
2018-01-15 10:35,1943
2018-01-15 10:40,1941
2018-01-15 10:45,1965
2018-01-15 10:50,1980
2018-01-15 10:55,2003
2018-01-15 11:00,2012
2018-01-15 11:05,2024
2018-01-15 11:10,2058
2018-01-15 11:15,2047
2018-01-15 11:20,2056
2018-01-15 11:25,2086
2018-01-15 11:30,2110
2018-01-15 11:35,2150
2018-01-15 11:40,2153
2018-01-15 11:45,2156
2018-01-15 11:50,2165
2018-01-15 11:55,2183
2018-01-15 12:00,2185
2018-01-15 12:05,2218
2018-01-15 12:10,2223
2018-01-15 12:15,2232
2018-01-15 12:20,2253
2018-01-15 12:25,2257
2018-01-15 12:30,2274
2018-01-15 12:35,2308
2018-01-15 12:40,2335
2018-01-15 12:45,2356
2018-01-15 12:50,2374
2018-01-15 12:55,2384
2018-01-15 13:00,2428
2018-01-15 13:05,2441
2018-01-15 13:10,2457
2018-01-15 13:15,2499
2018-01-15 13:20,2491
2018-01-15 13:25,2527
2018-01-15 13:30,2538
2018-01-15 13:35,2565
2018-01-15 13:40,2596
2018-01-15 13:45,2603
2018-01-15 13:50,2652
2018-01-15 13:55,2679
2018-01-15 14:00,2667
2018-01-15 14:05,2708
2018-01-15 14:10,2746
2018-01-15 14:15,2765
2018-01-15 14:20,2771
2018-01-15 14:25,2790
2018-01-15 14:30,2815
2018-01-15 14:35,2855
2018-01-15 14:40,2888
2018-01-15 14:45,2884
2018-01-15 14:50,2902
2018-01-15 14:55,2898
2018-01-15 15:00,2927
2018-01-15 15:05,2944
2018-01-15 15:10,2971
2018-01-15 15:15,3001
2018-01-15 15:20,3005
2018-01-15 15:25,3053
2018-01-15 15:30,3064
2018-01-15 15:35,3110
2018-01-15 15:40,3157
2018-01-15 15:45,3174
2018-01-15 15:50,3229
2018-01-15 15:55,3304
2018-01-15 16:00,3338
2018-01-15 16:05,3371
2018-01-15 16:10,3399
2018-01-15 16:15,3432
2018-01-15 16:20,3474
2018-01-15 16:25,3493
2018-01-15 16:30,3540
2018-01-15 16:35,3565
2018-01-15 16:40,3604
2018-01-15 16:45,3601
2018-01-15 16:50,3649
2018-01-15 16:55,3701
2018-01-15 17:00,3719
2018-01-15 17:05,3717
2018-01-15 17:10,3741
2018-01-15 17:15,3732
2018-01-15 17:20,3756
2018-01-15 17:25,3784
2018-01-15 17:30,3812
2018-01-15 17:35,3815
2018-01-15 17:40,3843
2018-01-15 17:45,3877
2018-01-15 17:50,3884
2018-01-15 17:55,3902
2018-01-15 18:00,3904
2018-01-15 18:05,3911
2018-01-15 18:10,3884
2018-01-15 18:15,3906
2018-01-15 18:20,3893
2018-01-15 18:25,3914
2018-01-15 18:30,3921
2018-01-15 18:35,3923
2018-01-15 18:40,3922
2018-01-15 18:45,3927
2018-01-15 18:50,3915
2018-01-15 18:55,3933
2018-01-15 19:00,3967
2018-01-15 19:05,3970
2018-01-15 19:10,3996
2018-01-15 19:15,3994
2018-01-15 19:20,3999
2018-01-15 19:25,3986
2018-01-15 19:30,3986
2018-01-15 19:35,4006
2018-01-15 19:40,3993
2018-01-15 19:45,4011
2018-01-15 19:50,3980
2018-01-15 19:55,3989
2018-01-15 20:00,
2018-01-15 20:05,3944
2018-01-15 20:10,3910
2018-01-15 20:15,3884
2018-01-15 20:20,3865
2018-01-15 20:25,3861
2018-01-15 20:30,3848
2018-01-15 20:35,3799
2018-01-15 20:40,3774
2018-01-15 20:45,3761
2018-01-15 20:50,3745
2018-01-15 20:55,3732
2018-01-15 21:00,3700
2018-01-15 21:05,3690
2018-01-15 21:10,3676
2018-01-15 21:15,3631
2018-01-15 21:20,3633
2018-01-15 21:25,3614
2018-01-15 21:30,3588
2018-01-15 21:35,3559
2018-01-15 21:40,3526
2018-01-15 21:45,3534
2018-01-15 21:50,3490
2018-01-15 21:55,3416
2018-01-15 22:00,3411
2018-01-15 22:05,3380
2018-01-15 22:10,3333
2018-01-15 22:15,3327
2018-01-15 22:20,3283
2018-01-15 22:25,3246
2018-01-15 22:30,3195
2018-01-15 22:35,3153
2018-01-15 22:40,3112
2018-01-15 22:45,3120
2018-01-15 22:50,3096
2018-01-15 22:55,3073
2018-01-15 23:00,3065
2018-01-15 23:05,3042
2018-01-15 23:10,2999
2018-01-15 23:15,2976
2018-01-15 23:20,2936
2018-01-15 23:25,2904
2018-01-15 23:30,2893
2018-01-15 23:35,2881
2018-01-15 23:40,2870
2018-01-15 23:45,2882
2018-01-15 23:50,2864
2018-01-15 23:55,2822
2018-01-16 00:00,2818
2018-01-16 00:05,2817
2018-01-16 00:10,2802
2018-01-16 00:15,2799
2018-01-16 00:20,2753
2018-01-16 00:25,2767
2018-01-16 00:30,2731
2018-01-16 00:35,2701
2018-01-16 00:40,2690
2018-01-16 00:45,2678
2018-01-16 00:50,2676
2018-01-16 00:55,2663
2018-01-16 01:00,2665
2018-01-16 01:05,2638
2018-01-16 01:10,2638
2018-01-16 01:15,2629
2018-01-16 01:20,2640
2018-01-16 01:25,2636
2018-01-16 01:30,2628
2018-01-16 01:35,2625
2018-01-16 01:40,2657
2018-01-16 01:45,2647
2018-01-16 01:50,2648
2018-01-16 01:55,2604
2018-01-16 02:00,2572
2018-01-16 02:05,2548
2018-01-16 02:10,2512
2018-01-16 02:15,2491
2018-01-16 02:20,2464
2018-01-16 02:25,2443
2018-01-16 02:30,2439
2018-01-16 02:35,2408
2018-01-16 02:40,2411
2018-01-16 02:45,2383
2018-01-16 02:50,2378
2018-01-16 02:55,2372
2018-01-16 03:00,2324
2018-01-16 03:05,2289
2018-01-16 03:10,2280
2018-01-16 03:15,2251
2018-01-16 03:20,2244
2018-01-16 03:25,2224
2018-01-16 03:30,2216
2018-01-16 03:35,2206
2018-01-16 03:40,2184
2018-01-16 03:45,2168
2018-01-16 03:50,2167
2018-01-16 03:55,2172
2018-01-16 04:00,2152
2018-01-16 04:05,2118
2018-01-16 04:10,2100
2018-01-16 04:15,2062
2018-01-16 04:20,2062
2018-01-16 04:25,2047
2018-01-16 04:30,2010
2018-01-16 04:35,1966
2018-01-16 04:40,1944
2018-01-16 04:45,1913
2018-01-16 04:50,1896
2018-01-16 04:55,1874
2018-01-16 05:00,1844
2018-01-16 05:05,1824
2018-01-16 05:10,1799
2018-01-16 05:15,1789
2018-01-16 05:20,1774
2018-01-16 05:25,1758
2018-01-16 05:30,1748
2018-01-16 05:35,1740
2018-01-16 05:40,1732
2018-01-16 05:45,1716
2018-01-16 05:50,1686
2018-01-16 05:55,1681
2018-01-16 06:00,1676
2018-01-16 06:05,1675
2018-01-16 06:10,1675
2018-01-16 06:15,1651
2018-01-16 06:20,1660
2018-01-16 06:25,1638
2018-01-16 06:30,1615
2018-01-16 06:35,1624
2018-01-16 06:40,1609
2018-01-16 06:45,1591
2018-01-16 06:50,1602
2018-01-16 06:55,1576
2018-01-16 07:00,1579
2018-01-16 07:05,1576
2018-01-16 07:10,1581
2018-01-16 07:15,1583
2018-01-16 07:20,1588
2018-01-16 07:25,1597
2018-01-16 07:30,1604
2018-01-16 07:35,1617
2018-01-16 07:40,1634
2018-01-16 07:45,1632
2018-01-16 07:50,1628
2018-01-16 07:55,1625
2018-01-16 08:00,1618
2018-01-16 08:05,1605
2018-01-16 08:10,1632
2018-01-16 08:15,1632
2018-01-16 08:20,1642
2018-01-16 08:25,1660
2018-01-16 08:30,1681
2018-01-16 08:35,1688
2018-01-16 08:40,1691
2018-01-16 08:45,1691
2018-01-16 08:50,1705
2018-01-16 08:55,1707
2018-01-16 09:00,1714
2018-01-16 09:05,1706
2018-01-16 09:10,1720
2018-01-16 09:15,1731
2018-01-16 09:20,1727
2018-01-16 09:25,1725
2018-01-16 09:30,1733
2018-01-16 09:35,1766
2018-01-16 09:40,1773
2018-01-16 09:45,1768
2018-01-16 09:50,1778
2018-01-16 09:55,1785
2018-01-16 10:00,1813
2018-01-16 10:05,1844
2018-01-16 10:10,1845
2018-01-16 10:15,1865
2018-01-16 10:20,1900
2018-01-16 10:25,1913
2018-01-16 10:30,1918
2018-01-16 10:35,1922
2018-01-16 10:40,1949
2018-01-16 10:45,1982
2018-01-16 10:50,2000
2018-01-16 10:55,2022
2018-01-16 11:00,2044
2018-01-16 11:05,2039
2018-01-16 11:10,2064
2018-01-16 11:15,2041
2018-01-16 11:20,2052
2018-01-16 11:25,2091
2018-01-16 11:30,2126
2018-01-16 11:35,2129
2018-01-16 11:40,2159
2018-01-16 11:45,2171
2018-01-16 11:50,2194
2018-01-16 11:55,2215
2018-01-16 12:00,2220
2018-01-16 12:05,2219
2018-01-16 12:10,2249
2018-01-16 12:15,2277
2018-01-16 12:20,2285
2018-01-16 12:25,2283
2018-01-16 12:30,2314
2018-01-16 12:35,2317
2018-01-16 12:40,2324
2018-01-16 12:45,2361
2018-01-16 12:50,2388
2018-01-16 12:55,2403
2018-01-16 13:00,2412
2018-01-16 13:05,2431
2018-01-16 13:10,2470
2018-01-16 13:15,2489
2018-01-16 13:20,2497
2018-01-16 13:25,2508
2018-01-16 13:30,2534
2018-01-16 13:35,2559
2018-01-16 13:40,2576
2018-01-16 13:45,2595
2018-01-16 13:50,2607
2018-01-16 13:55,2632
2018-01-16 14:00,2657
2018-01-16 14:05,2690
2018-01-16 14:10,2715
2018-01-16 14:15,2742
2018-01-16 14:20,2749
2018-01-16 14:25,2772
2018-01-16 14:30,2792
2018-01-16 14:35,2818
2018-01-16 14:40,2831
2018-01-16 14:45,2836
2018-01-16 14:50,2823
2018-01-16 14:55,2861
2018-01-16 15:00,2886
2018-01-16 15:05,2926
2018-01-16 15:10,2948
2018-01-16 15:15,2998
2018-01-16 15:20,3032
2018-01-16 15:25,3033
2018-01-16 15:30,3046
2018-01-16 15:35,3050
2018-01-16 15:40,3045
2018-01-16 15:45,3090
2018-01-16 15:50,3094
2018-01-16 15:55,3136
2018-01-16 16:00,3144
2018-01-16 16:05,3162
2018-01-16 16:10,3180
2018-01-16 16:15,3209
2018-01-16 16:20,3241
2018-01-16 16:25,3277
2018-01-16 16:30,3306
2018-01-16 16:35,3331
2018-01-16 16:40,3343
2018-01-16 16:45,3344
2018-01-16 16:50,3375
2018-01-16 16:55,3407
2018-01-16 17:00,3428
2018-01-16 17:05,3424
2018-01-16 17:10,3404
2018-01-16 17:15,3389
2018-01-16 17:20,3443
2018-01-16 17:25,3459
2018-01-16 17:30,3474
2018-01-16 17:35,3483
2018-01-16 17:40,3511
2018-01-16 17:45,3526
2018-01-16 17:50,3549
2018-01-16 17:55,3539
2018-01-16 18:00,3555
2018-01-16 18:05,3565
2018-01-16 18:10,3559
2018-01-16 18:15,3567
2018-01-16 18:20,3572
2018-01-16 18:25,3570
2018-01-16 18:30,3619
2018-01-16 18:35,3614
2018-01-16 18:40,3636
2018-01-16 18:45,3627
2018-01-16 18:50,3611
2018-01-16 18:55,3626
2018-01-16 19:00,3635
2018-01-16 19:05,3645
2018-01-16 19:10,3639
2018-01-16 19:15,3658
2018-01-16 19:20,3670
2018-01-16 19:25,3668
2018-01-16 19:30,3675
2018-01-16 19:35,3691
2018-01-16 19:40,3667
2018-01-16 19:45,3642
2018-01-16 19:50,3665
2018-01-16 19:55,3684
2018-01-16 20:00,3678
2018-01-16 20:05,3655
2018-01-16 20:10,3629
2018-01-16 20:15,3589
2018-01-16 20:20,3577
2018-01-16 20:25,3555
2018-01-16 20:30,3549
2018-01-16 20:35,3553
2018-01-16 20:40,3514
2018-01-16 20:45,3502
2018-01-16 20:50,3476
2018-01-16 20:55,3466
2018-01-16 21:00,3460
2018-01-16 21:05,3408
2018-01-16 21:10,3346
2018-01-16 21:15,3304
2018-01-16 21:20,3269
2018-01-16 21:25,3240
2018-01-16 21:30,3229
2018-01-16 21:35,3185
2018-01-16 21:40,3171
2018-01-16 21:45,3186
2018-01-16 21:50,3148
2018-01-16 21:55,3106
2018-01-16 22:00,3076
2018-01-16 22:05,3058
2018-01-16 22:10,3037
2018-01-16 22:15,3001
2018-01-16 22:20,2992
2018-01-16 22:25,2986
2018-01-16 22:30,2953
2018-01-16 22:35,2954
2018-01-16 22:40,2916
2018-01-16 22:45,2914
2018-01-16 22:50,2877
2018-01-16 22:55,2871
2018-01-16 23:00,2843
2018-01-16 23:05,2812
2018-01-16 23:10,2794
2018-01-16 23:15,2773
2018-01-16 23:20,2752
2018-01-16 23:25,2738
2018-01-16 23:30,2705
2018-01-16 23:35,2709
2018-01-16 23:40,2659
2018-01-16 23:45,2645
2018-01-16 23:50,2605
2018-01-16 23:55,2562
2018-01-17 00:00,2535
2018-01-17 00:05,2531
2018-01-17 00:10,2519
2018-01-17 00:15,2481
2018-01-17 00:20,2479
2018-01-17 00:25,2460
2018-01-17 00:30,2459
2018-01-17 00:35,0
2018-01-17 00:40,1659
2018-01-17 00:45,1997
2018-01-17 00:50,2277
2018-01-17 00:55,2381
2018-01-17 01:00,2377
2018-01-17 01:05,2380
2018-01-17 01:10,2359
2018-01-17 01:15,2362
2018-01-17 01:20,2331
2018-01-17 01:25,2338
2018-01-17 01:30,2326
2018-01-17 01:35,2318
2018-01-17 01:40,2314
2018-01-17 01:45,2291
2018-01-17 01:50,2304
2018-01-17 01:55,2276
2018-01-17 02:00,2271
2018-01-17 02:05,2251
2018-01-17 02:10,2210
2018-01-17 02:15,2209
2018-01-17 02:20,2219
2018-01-17 02:25,2207
2018-01-17 02:30,2190
2018-01-17 02:35,2193
2018-01-17 02:40,2202
2018-01-17 02:45,2178
2018-01-17 02:50,2149
2018-01-17 02:55,2132
2018-01-17 03:00,2110
2018-01-17 03:05,2094
2018-01-17 03:10,2078
2018-01-17 03:15,2045
2018-01-17 03:20,2038
2018-01-17 03:25,2042
2018-01-17 03:30,2017
2018-01-17 03:35,2008
2018-01-17 03:40,2001
2018-01-17 03:45,2004
2018-01-17 03:50,1992
2018-01-17 03:55,2002
2018-01-17 04:00,1995
2018-01-17 04:05,1946
2018-01-17 04:10,1915
2018-01-17 04:15,1908
2018-01-17 04:20,1896
2018-01-17 04:25,1889
2018-01-17 04:30,1884
2018-01-17 04:35,1869
2018-01-17 04:40,1831
2018-01-17 04:45,1801
2018-01-17 04:50,1795
2018-01-17 04:55,1768
2018-01-17 05:00,1726
2018-01-17 05:05,1734
2018-01-17 05:10,1706
2018-01-17 05:15,1696
2018-01-17 05:20,1675
2018-01-17 05:25,1661
2018-01-17 05:30,1649
2018-01-17 05:35,1649
2018-01-17 05:40,1636
2018-01-17 05:45,1638
2018-01-17 05:50,1621
2018-01-17 05:55,1635
2018-01-17 06:00,1617
2018-01-17 06:05,1601
2018-01-17 06:10,1594
2018-01-17 06:15,1572
2018-01-17 06:20,1565
2018-01-17 06:25,1558
2018-01-17 06:30,1571
2018-01-17 06:35,1575
2018-01-17 06:40,1564
2018-01-17 06:45,1544
2018-01-17 06:50,1541
2018-01-17 06:55,1537
2018-01-17 07:00,1536
2018-01-17 07:05,1522
2018-01-17 07:10,1539
2018-01-17 07:15,1546
2018-01-17 07:20,1536
2018-01-17 07:25,1546
2018-01-17 07:30,1548
2018-01-17 07:35,1552
2018-01-17 07:40,1534
2018-01-17 07:45,1536
2018-01-17 07:50,1536
2018-01-17 07:55,1537
2018-01-17 08:00,1514
2018-01-17 08:05,1532
2018-01-17 08:10,1535
2018-01-17 08:15,1547
2018-01-17 08:20,1554
2018-01-17 08:25,1557
2018-01-17 08:30,1559
2018-01-17 08:35,1565
2018-01-17 08:40,1591
2018-01-17 08:45,1609
2018-01-17 08:50,1632
2018-01-17 08:55,1651
2018-01-17 09:00,1665
2018-01-17 09:05,1667
2018-01-17 09:10,1682
2018-01-17 09:15,1677
2018-01-17 09:20,1659
2018-01-17 09:25,1683
2018-01-17 09:30,1694
2018-01-17 09:35,1712
2018-01-17 09:40,1727
2018-01-17 09:45,1730
2018-01-17 09:50,1771
2018-01-17 09:55,1774
2018-01-17 10:00,1808
2018-01-17 10:05,1845
2018-01-17 10:10,1855
2018-01-17 10:15,1873
2018-01-17 10:20,1881
2018-01-17 10:25,1895
2018-01-17 10:30,1891
2018-01-17 10:35,1903
2018-01-17 10:40,1931
2018-01-17 10:45,1946
2018-01-17 10:50,1974
2018-01-17 10:55,1991
2018-01-17 11:00,2006
2018-01-17 11:05,2013
2018-01-17 11:10,2030
2018-01-17 11:15,2048
2018-01-17 11:20,2070
2018-01-17 11:25,2089
2018-01-17 11:30,2124
2018-01-17 11:35,2125
2018-01-17 11:40,2143
2018-01-17 11:45,2171
2018-01-17 11:50,2192
2018-01-17 11:55,2202
2018-01-17 12:00,2214
2018-01-17 12:05,2223
2018-01-17 12:10,
2018-01-17 12:15,2260
2018-01-17 12:20,2300
2018-01-17 12:25,2315
2018-01-17 12:30,2308
2018-01-17 12:35,2328
2018-01-17 12:40,2341
2018-01-17 12:45,2365
2018-01-17 12:50,2399
2018-01-17 12:55,2403
2018-01-17 13:00,2412
2018-01-17 13:05,2431
2018-01-17 13:10,2443
2018-01-17 13:15,2466
2018-01-17 13:20,2487
2018-01-17 13:25,2521
2018-01-17 13:30,2537
2018-01-17 13:35,2554
2018-01-17 13:40,2579
2018-01-17 13:45,2575
2018-01-17 13:50,2629
2018-01-17 13:55,2658
2018-01-17 14:00,2654
2018-01-17 14:05,2682
2018-01-17 14:10,2713
2018-01-17 14:15,2724
2018-01-17 14:20,2742
2018-01-17 14:25,2790
2018-01-17 14:30,2802
2018-01-17 14:35,2841
2018-01-17 14:40,2868
2018-01-17 14:45,2863
2018-01-17 14:50,2888
2018-01-17 14:55,2895
2018-01-17 15:00,2892
2018-01-17 15:05,2927
2018-01-17 15:10,2954
2018-01-17 15:15,2963
2018-01-17 15:20,2960
2018-01-17 15:25,2944
2018-01-17 15:30,2934
2018-01-17 15:35,2946
2018-01-17 15:40,2957
2018-01-17 15:45,2992
2018-01-17 15:50,2996
2018-01-17 15:55,3025
2018-01-17 16:00,3043
2018-01-17 16:05,3064
2018-01-17 16:10,3113
2018-01-17 16:15,3136
2018-01-17 16:20,3155
2018-01-17 16:25,3188
2018-01-17 16:30,3267
2018-01-17 16:35,3280
2018-01-17 16:40,3323
2018-01-17 16:45,3360
2018-01-17 16:50,3339
2018-01-17 16:55,3393
2018-01-17 17:00,3364
2018-01-17 17:05,3388
2018-01-17 17:10,3390
2018-01-17 17:15,3415
2018-01-17 17:20,3427
2018-01-17 17:25,3444
2018-01-17 17:30,3465
2018-01-17 17:35,3513
2018-01-17 17:40,3484
2018-01-17 17:45,3508
2018-01-17 17:50,3546
2018-01-17 17:55,3554
2018-01-17 18:00,3555
2018-01-17 18:05,3588
2018-01-17 18:10,3582
2018-01-17 18:15,3602
2018-01-17 18:20,3590
2018-01-17 18:25,3609
2018-01-17 18:30,3621
2018-01-17 18:35,3679
2018-01-17 18:40,3674
2018-01-17 18:45,3668
2018-01-17 18:50,3682
2018-01-17 18:55,3672
2018-01-17 19:00,3657
2018-01-17 19:05,3651
2018-01-17 19:10,3651
2018-01-17 19:15,3635
2018-01-17 19:20,3635
2018-01-17 19:25,3638
2018-01-17 19:30,3629
2018-01-17 19:35,3633
2018-01-17 19:40,3659
2018-01-17 19:45,3644
2018-01-17 19:50,3679
2018-01-17 19:55,3661
2018-01-17 20:00,3664
2018-01-17 20:05,3646
2018-01-17 20:10,3614
2018-01-17 20:15,3597
2018-01-17 20:20,3595
2018-01-17 20:25,3573
2018-01-17 20:30,3565
2018-01-17 20:35,3523
2018-01-17 20:40,3493
2018-01-17 20:45,3463
2018-01-17 20:50,3423
2018-01-17 20:55,3399
2018-01-17 21:00,3342
2018-01-17 21:05,3319
2018-01-17 21:10,3297
2018-01-17 21:15,3261
2018-01-17 21:20,3274
2018-01-17 21:25,3268
2018-01-17 21:30,3225
2018-01-17 21:35,3199
2018-01-17 21:40,3169
2018-01-17 21:45,3151
2018-01-17 21:50,3114
2018-01-17 21:55,3095
2018-01-17 22:00,3067
2018-01-17 22:05,3007
2018-01-17 22:10,2992
2018-01-17 22:15,2987
2018-01-17 22:20,2947
2018-01-17 22:25,2928
2018-01-17 22:30,2881
2018-01-17 22:35,2860
2018-01-17 22:40,2836
2018-01-17 22:45,2808
2018-01-17 22:50,2770
2018-01-17 22:55,2727
2018-01-17 23:00,2715
2018-01-17 23:05,2661
2018-01-17 23:10,2644
2018-01-17 23:15,2643
2018-01-17 23:20,2615
2018-01-17 23:25,2606
2018-01-17 23:30,2580
2018-01-17 23:35,2573
2018-01-17 23:40,2563
2018-01-17 23:45,2555
2018-01-17 23:50,2544
2018-01-17 23:55,2549
2018-01-18 00:00,2497
2018-01-18 00:05,2466
2018-01-18 00:10,2460
2018-01-18 00:15,2439
2018-01-18 00:20,2412
2018-01-18 00:25,2430
2018-01-18 00:30,2396
2018-01-18 00:35,2380
2018-01-18 00:40,2397
2018-01-18 00:45,2378
2018-01-18 00:50,2366
2018-01-18 00:55,2350
2018-01-18 01:00,2338
2018-01-18 01:05,2325
2018-01-18 01:10,2309
2018-01-18 01:15,2274
2018-01-18 01:20,2261
2018-01-18 01:25,2258
2018-01-18 01:30,2270
2018-01-18 01:35,2252
2018-01-18 01:40,2237
2018-01-18 01:45,2229
2018-01-18 01:50,2219
2018-01-18 01:55,2219
2018-01-18 02:00,2224
2018-01-18 02:05,2192
2018-01-18 02:10,2189
2018-01-18 02:15,2193
2018-01-18 02:20,2177
2018-01-18 02:25,2175
2018-01-18 02:30,2161
2018-01-18 02:35,2165
2018-01-18 02:40,2172
2018-01-18 02:45,2156
2018-01-18 02:50,2122
2018-01-18 02:55,2111
2018-01-18 03:00,2093
2018-01-18 03:05,2096
2018-01-18 03:10,2071
2018-01-18 03:15,2046
2018-01-18 03:20,2019
2018-01-18 03:25,2008
2018-01-18 03:30,2004
2018-01-18 03:35,1977
2018-01-18 03:40,1962
2018-01-18 03:45,1940
2018-01-18 03:50,1934
2018-01-18 03:55,1899
2018-01-18 04:00,1886
2018-01-18 04:05,1847
2018-01-18 04:10,1839
2018-01-18 04:15,1829
2018-01-18 04:20,1820
2018-01-18 04:25,1807
2018-01-18 04:30,1792
2018-01-18 04:35,1801
2018-01-18 04:40,1786
2018-01-18 04:45,1777
2018-01-18 04:50,1762
2018-01-18 04:55,1756
2018-01-18 05:00,1723
2018-01-18 05:05,1713
2018-01-18 05:10,1690
2018-01-18 05:15,1695
2018-01-18 05:20,1678
2018-01-18 05:25,1677
2018-01-18 05:30,1667
2018-01-18 05:35,1648
2018-01-18 05:40,1632
2018-01-18 05:45,1627
2018-01-18 05:50,1629
2018-01-18 05:55,1627
2018-01-18 06:00,1611
2018-01-18 06:05,1594
2018-01-18 06:10,1588
2018-01-18 06:15,1569
2018-01-18 06:20,1541
2018-01-18 06:25,1538
2018-01-18 06:30,1538
2018-01-18 06:35,1556
2018-01-18 06:40,1552
2018-01-18 06:45,1551
2018-01-18 06:50,1553
2018-01-18 06:55,1547
2018-01-18 07:00,1527
2018-01-18 07:05,1527
2018-01-18 07:10,1536
2018-01-18 07:15,1505
2018-01-18 07:20,1504
2018-01-18 07:25,1516
2018-01-18 07:30,1513
2018-01-18 07:35,1511
2018-01-18 07:40,1502
2018-01-18 07:45,1504
2018-01-18 07:50,1511
2018-01-18 07:55,1523
2018-01-18 08:00,1527
2018-01-18 08:05,1544
2018-01-18 08:10,1542
2018-01-18 08:15,1532
2018-01-18 08:20,1544
2018-01-18 08:25,1551
2018-01-18 08:30,1553
2018-01-18 08:35,1558
2018-01-18 08:40,1559
2018-01-18 08:45,1551
2018-01-18 08:50,1554
2018-01-18 08:55,1596
2018-01-18 09:00,1600
2018-01-18 09:05,1617
2018-01-18 09:10,1611
2018-01-18 09:15,1627
2018-01-18 09:20,1632
2018-01-18 09:25,1652
2018-01-18 09:30,1650
2018-01-18 09:35,1658
2018-01-18 09:40,1685
2018-01-18 09:45,1690
2018-01-18 09:50,1709
2018-01-18 09:55,1738
2018-01-18 10:00,1764
2018-01-18 10:05,1799
2018-01-18 10:10,1822
2018-01-18 10:15,1852
2018-01-18 10:20,1876
2018-01-18 10:25,1894
2018-01-18 10:30,1891
2018-01-18 10:35,1880
2018-01-18 10:40,1905
2018-01-18 10:45,1900
2018-01-18 10:50,1917
2018-01-18 10:55,1913
2018-01-18 11:00,1959
2018-01-18 11:05,1962
2018-01-18 11:10,1976
2018-01-18 11:15,1976
2018-01-18 11:20,1996
2018-01-18 11:25,2003
2018-01-18 11:30,2048
2018-01-18 11:35,2070
2018-01-18 11:40,2075
2018-01-18 11:45,2064
2018-01-18 11:50,2100
2018-01-18 11:55,2132
2018-01-18 12:00,2160
2018-01-18 12:05,2164
2018-01-18 12:10,2185
2018-01-18 12:15,2204
2018-01-18 12:20,2225
2018-01-18 12:25,2249
2018-01-18 12:30,2254
2018-01-18 12:35,2254
2018-01-18 12:40,2297
2018-01-18 12:45,2319
2018-01-18 12:50,2355
2018-01-18 12:55,2361
2018-01-18 13:00,2370
2018-01-18 13:05,2360
2018-01-18 13:10,2383
2018-01-18 13:15,2416
2018-01-18 13:20,2444
2018-01-18 13:25,2451
2018-01-18 13:30,2474
2018-01-18 13:35,2479
2018-01-18 13:40,2492
2018-01-18 13:45,2507
2018-01-18 13:50,2514
2018-01-18 13:55,2530
2018-01-18 14:00,2552
2018-01-18 14:05,2578
2018-01-18 14:10,2580
2018-01-18 14:15,2606
2018-01-18 14:20,2596
2018-01-18 14:25,2593
2018-01-18 14:30,2631
2018-01-18 14:35,2649
2018-01-18 14:40,2634
2018-01-18 14:45,2640
2018-01-18 14:50,2585
2018-01-18 14:55,2464
2018-01-18 15:00,2286
2018-01-18 15:05,1656
2018-01-18 15:10,1644
2018-01-18 15:15,1661
2018-01-18 15:20,1668
2018-01-18 15:25,1657
2018-01-18 15:30,1639
2018-01-18 15:35,1648
2018-01-18 15:40,1637
2018-01-18 15:45,1647
2018-01-18 15:50,1629
2018-01-18 15:55,1657
2018-01-18 16:00,1683
2018-01-18 16:05,1761
2018-01-18 16:10,1916
2018-01-18 16:15,2062
2018-01-18 16:20,2197
2018-01-18 16:25,0
2018-01-18 16:30,2337
2018-01-18 16:35,2445
2018-01-18 16:40,2551
2018-01-18 16:45,2622
2018-01-18 16:50,2714
2018-01-18 16:55,2804
2018-01-18 17:00,2876
2018-01-18 17:05,2985
2018-01-18 17:10,3097
2018-01-18 17:15,3185
2018-01-18 17:20,3247
2018-01-18 17:25,3280
2018-01-18 17:30,3355
2018-01-18 17:35,3406
2018-01-18 17:40,3436
2018-01-18 17:45,3471
2018-01-18 17:50,3481
2018-01-18 17:55,3498
2018-01-18 18:00,3498
2018-01-18 18:05,3508
2018-01-18 18:10,3532
2018-01-18 18:15,3562
2018-01-18 18:20,3561
2018-01-18 18:25,3557
2018-01-18 18:30,3579
2018-01-18 18:35,3584
2018-01-18 18:40,3599
2018-01-18 18:45,3605
2018-01-18 18:50,3614
2018-01-18 18:55,3636
2018-01-18 19:00,3653
2018-01-18 19:05,3636
2018-01-18 19:10,3623
2018-01-18 19:15,3630
2018-01-18 19:20,3624
2018-01-18 19:25,3635
2018-01-18 19:30,3637
2018-01-18 19:35,3661
2018-01-18 19:40,3634
2018-01-18 19:45,3627
2018-01-18 19:50,3626
2018-01-18 19:55,3630
2018-01-18 20:00,3648
2018-01-18 20:05,3604
2018-01-18 20:10,3569
2018-01-18 20:15,3547
2018-01-18 20:20,3542
2018-01-18 20:25,3510
2018-01-18 20:30,3506
2018-01-18 20:35,3485
2018-01-18 20:40,3434
2018-01-18 20:45,3425
2018-01-18 20:50,3434
2018-01-18 20:55,3405
2018-01-18 21:00,3385
2018-01-18 21:05,3396
2018-01-18 21:10,3377
2018-01-18 21:15,3362
2018-01-18 21:20,3334
2018-01-18 21:25,3328
2018-01-18 21:30,3295
2018-01-18 21:35,3270
2018-01-18 21:40,3222
2018-01-18 21:45,3183
2018-01-18 21:50,3130
2018-01-18 21:55,3128
2018-01-18 22:00,3079
2018-01-18 22:05,3035
2018-01-18 22:10,2985
2018-01-18 22:15,2964
2018-01-18 22:20,2925
2018-01-18 22:25,2889
2018-01-18 22:30,2871
2018-01-18 22:35,2836
2018-01-18 22:40,2828
2018-01-18 22:45,2810
2018-01-18 22:50,2785
2018-01-18 22:55,2765
2018-01-18 23:00,2763
2018-01-18 23:05,2740
2018-01-18 23:10,2713
2018-01-18 23:15,2686
2018-01-18 23:20,2666
2018-01-18 23:25,2688
2018-01-18 23:30,2670
2018-01-18 23:35,2669
2018-01-18 23:40,2600
2018-01-18 23:45,2581
2018-01-18 23:50,2591
2018-01-18 23:55,2568
2018-01-19 00:00,2530
2018-01-19 00:05,2498
2018-01-19 00:10,2489
2018-01-19 00:15,2465
2018-01-19 00:20,2459
2018-01-19 00:25,2453
2018-01-19 00:30,2443
2018-01-19 00:35,2414
2018-01-19 00:40,2394
2018-01-19 00:45,2385
2018-01-19 00:50,2390
2018-01-19 00:55,2374
2018-01-19 01:00,2335
2018-01-19 01:05,2285
2018-01-19 01:10,2242
2018-01-19 01:15,2242
2018-01-19 01:20,2239
2018-01-19 01:25,2240
2018-01-19 01:30,2222
2018-01-19 01:35,2199
2018-01-19 01:40,2197
2018-01-19 01:45,2201
2018-01-19 01:50,2219
2018-01-19 01:55,2218
2018-01-19 02:00,2220
2018-01-19 02:05,2189
2018-01-19 02:10,2170
2018-01-19 02:15,2163
2018-01-19 02:20,
2018-01-19 02:25,
2018-01-19 02:30,
2018-01-19 02:35,2149
2018-01-19 02:40,
2018-01-19 02:45,2150
2018-01-19 02:50,
2018-01-19 02:55,2143
2018-01-19 03:00,
2018-01-19 03:05,
2018-01-19 03:10,
2018-01-19 03:15,
2018-01-19 03:20,2057
2018-01-19 03:25,2048
2018-01-19 03:30,2035
2018-01-19 03:35,2031
2018-01-19 03:40,2019
2018-01-19 03:45,1993
2018-01-19 03:50,1988
2018-01-19 03:55,1974
2018-01-19 04:00,1933
2018-01-19 04:05,1952
2018-01-19 04:10,1941
2018-01-19 04:15,1922
2018-01-19 04:20,1909
2018-01-19 04:25,1899
2018-01-19 04:30,1886
2018-01-19 04:35,1877
2018-01-19 04:40,1865
2018-01-19 04:45,1864
2018-01-19 04:50,1838
2018-01-19 04:55,1813
2018-01-19 05:00,1810
2018-01-19 05:05,1778
2018-01-19 05:10,1767
2018-01-19 05:15,1761
2018-01-19 05:20,1732
2018-01-19 05:25,1727
2018-01-19 05:30,1738
2018-01-19 05:35,1721
2018-01-19 05:40,1726
2018-01-19 05:45,1714
2018-01-19 05:50,1712
2018-01-19 05:55,1700
2018-01-19 06:00,1688
2018-01-19 06:05,1668
2018-01-19 06:10,1676
2018-01-19 06:15,1658
2018-01-19 06:20,1640
2018-01-19 06:25,1634
2018-01-19 06:30,1632
2018-01-19 06:35,1619
2018-01-19 06:40,1610
2018-01-19 06:45,1610
2018-01-19 06:50,1587
2018-01-19 06:55,1594
2018-01-19 07:00,1584
2018-01-19 07:05,1575
2018-01-19 07:10,1575
2018-01-19 07:15,1572
2018-01-19 07:20,
2018-01-19 07:25,1588
2018-01-19 07:30,1592
2018-01-19 07:35,1585
2018-01-19 07:40,1586
2018-01-19 07:45,1595
2018-01-19 07:50,1613
2018-01-19 07:55,1608
2018-01-19 08:00,1610
2018-01-19 08:05,1625
2018-01-19 08:10,1620
2018-01-19 08:15,1612
2018-01-19 08:20,1626
2018-01-19 08:25,1629
2018-01-19 08:30,1640
2018-01-19 08:35,1660
2018-01-19 08:40,1674
2018-01-19 08:45,1690
2018-01-19 08:50,1709
2018-01-19 08:55,1719
2018-01-19 09:00,1727
2018-01-19 09:05,1748
2018-01-19 09:10,1750
2018-01-19 09:15,1752
2018-01-19 09:20,1755
2018-01-19 09:25,1773
2018-01-19 09:30,1803
2018-01-19 09:35,1808
2018-01-19 09:40,1821
2018-01-19 09:45,1853
2018-01-19 09:50,1879
2018-01-19 09:55,1900
2018-01-19 10:00,1916
2018-01-19 10:05,1938
2018-01-19 10:10,1973
2018-01-19 10:15,1992
2018-01-19 10:20,1993
2018-01-19 10:25,2018
2018-01-19 10:30,2033
2018-01-19 10:35,2056
2018-01-19 10:40,2064
2018-01-19 10:45,2075
2018-01-19 10:50,2094
2018-01-19 10:55,2133
2018-01-19 11:00,2138
2018-01-19 11:05,2136
2018-01-19 11:10,2125
2018-01-19 11:15,2184
2018-01-19 11:20,2182
2018-01-19 11:25,2173
2018-01-19 11:30,2161
2018-01-19 11:35,2182
2018-01-19 11:40,2193
2018-01-19 11:45,2227
2018-01-19 11:50,2239
2018-01-19 11:55,2254
2018-01-19 12:00,2237
2018-01-19 12:05,2238
2018-01-19 12:10,2241
2018-01-19 12:15,2248
2018-01-19 12:20,2262
2018-01-19 12:25,2296
2018-01-19 12:30,2303
2018-01-19 12:35,2318
2018-01-19 12:40,
2018-01-19 12:45,2371
2018-01-19 12:50,2411
2018-01-19 12:55,2425
2018-01-19 13:00,2448
2018-01-19 13:05,2472
2018-01-19 13:10,2493
2018-01-19 13:15,2495
2018-01-19 13:20,
2018-01-19 13:25,2519
2018-01-19 13:30,
2018-01-19 13:35,2574
2018-01-19 13:40,2587
2018-01-19 13:45,2601
2018-01-19 13:50,
2018-01-19 13:55,
2018-01-19 14:00,2648
2018-01-19 14:05,2668
2018-01-19 14:10,2668
2018-01-19 14:15,2693
2018-01-19 14:20,2733
2018-01-19 14:25,2757
2018-01-19 14:30,2752
2018-01-19 14:35,2774
2018-01-19 14:40,2730
2018-01-19 14:45,2796
2018-01-19 14:50,2821
2018-01-19 14:55,
2018-01-19 15:00,2877
2018-01-19 15:05,2897
2018-01-19 15:10,
2018-01-19 15:15,2925
2018-01-19 15:20,2946
2018-01-19 15:25,2981
2018-01-19 15:30,
2018-01-19 15:35,
2018-01-19 15:40,3013
2018-01-19 15:45,3008
2018-01-19 15:50,3016
2018-01-19 15:55,
2018-01-19 16:00,3075
2018-01-19 16:05,3101
2018-01-19 16:10,3130
2018-01-19 16:15,3131
2018-01-19 16:20,
2018-01-19 16:25,
2018-01-19 16:30,3177
2018-01-19 16:35,3181
2018-01-19 16:40,3196
2018-01-19 16:45,3217
2018-01-19 16:50,3261
2018-01-19 16:55,
2018-01-19 17:00,3303
2018-01-19 17:05,3300
2018-01-19 17:10,3316
2018-01-19 17:15,3285
2018-01-19 17:20,3304
2018-01-19 17:25,3324
2018-01-19 17:30,3334
2018-01-19 17:35,3351
2018-01-19 17:40,3361
2018-01-19 17:45,3335
2018-01-19 17:50,3339
2018-01-19 17:55,3376
2018-01-19 18:00,
2018-01-19 18:05,3384
2018-01-19 18:10,3422
2018-01-19 18:15,3450
2018-01-19 18:20,3444
2018-01-19 18:25,3427
2018-01-19 18:30,3447
2018-01-19 18:35,3489
2018-01-19 18:40,3481
2018-01-19 18:45,3507
2018-01-19 18:50,3513
2018-01-19 18:55,3528
2018-01-19 19:00,3531
2018-01-19 19:05,3556
2018-01-19 19:10,3529
2018-01-19 19:15,3521
2018-01-19 19:20,3553
2018-01-19 19:25,3553
2018-01-19 19:30,3568
2018-01-19 19:35,3584
2018-01-19 19:40,3575
2018-01-19 19:45,3554
2018-01-19 19:50,3576
2018-01-19 19:55,3568
2018-01-19 20:00,3570
2018-01-19 20:05,3566
2018-01-19 20:10,3562
2018-01-19 20:15,3582
2018-01-19 20:20,3590
2018-01-19 20:25,3590
2018-01-19 20:30,3607
2018-01-19 20:35,3615
2018-01-19 20:40,3610
2018-01-19 20:45,3614
2018-01-19 20:50,3611
2018-01-19 20:55,3595
2018-01-19 21:00,3584
2018-01-19 21:05,3582
2018-01-19 21:10,3584
2018-01-19 21:15,3556
2018-01-19 21:20,3526
2018-01-19 21:25,3509
2018-01-19 21:30,3513
2018-01-19 21:35,3495
2018-01-19 21:40,3475
2018-01-19 21:45,3457
2018-01-19 21:50,3438
2018-01-19 21:55,3431
2018-01-19 22:00,3400
2018-01-19 22:05,3382
2018-01-19 22:10,3351
2018-01-19 22:15,3357
2018-01-19 22:20,3340
2018-01-19 22:25,3321
2018-01-19 22:30,3299
2018-01-19 22:35,3278
2018-01-19 22:40,3261
2018-01-19 22:45,3144
2018-01-19 22:50,3147
2018-01-19 22:55,3123
2018-01-19 23:00,3117
2018-01-19 23:05,3117
2018-01-19 23:10,3094
2018-01-19 23:15,3064
2018-01-19 23:20,3042
2018-01-19 23:25,3008
2018-01-19 23:30,2984
2018-01-19 23:35,2936
2018-01-19 23:40,2922
2018-01-19 23:45,2899
2018-01-19 23:50,2867
2018-01-19 23:55,2833
2018-01-20 00:00,2788
2018-01-20 00:05,2752
2018-01-20 00:10,2732
2018-01-20 00:15,2746
2018-01-20 00:20,2718
2018-01-20 00:25,2710
2018-01-20 00:30,2678
2018-01-20 00:35,2671
2018-01-20 00:40,2656
2018-01-20 00:45,2619
2018-01-20 00:50,2612
2018-01-20 00:55,2590
2018-01-20 01:00,2591
2018-01-20 01:05,2590
2018-01-20 01:10,2562
2018-01-20 01:15,2555
2018-01-20 01:20,2554
2018-01-20 01:25,2547
2018-01-20 01:30,2546
2018-01-20 01:35,2539
2018-01-20 01:40,2501
2018-01-20 01:45,2474
2018-01-20 01:50,2483
2018-01-20 01:55,2457
2018-01-20 02:00,2438
2018-01-20 02:05,2420
2018-01-20 02:10,2410
2018-01-20 02:15,2416
2018-01-20 02:20,2415
2018-01-20 02:25,2434
2018-01-20 02:30,2433
2018-01-20 02:35,2414
2018-01-20 02:40,2403
2018-01-20 02:45,2371
2018-01-20 02:50,2364
2018-01-20 02:55,2332
2018-01-20 03:00,2316
2018-01-20 03:05,2307
2018-01-20 03:10,2272
2018-01-20 03:15,2247
2018-01-20 03:20,2239
2018-01-20 03:25,2246
2018-01-20 03:30,2236
2018-01-20 03:35,2222
2018-01-20 03:40,2221
2018-01-20 03:45,2200
2018-01-20 03:50,2185
2018-01-20 03:55,2188
2018-01-20 04:00,2180
2018-01-20 04:05,2163
2018-01-20 04:10,2164
2018-01-20 04:15,0
2018-01-20 04:20,2156
2018-01-20 04:25,2143
2018-01-20 04:30,2124
2018-01-20 04:35,2093
2018-01-20 04:40,2078
2018-01-20 04:45,2067
2018-01-20 04:50,2053
2018-01-20 04:55,2052
2018-01-20 05:00,2029
2018-01-20 05:05,2012
2018-01-20 05:10,1990
2018-01-20 05:15,1982
2018-01-20 05:20,1982
2018-01-20 05:25,1962
2018-01-20 05:30,1957
2018-01-20 05:35,1974
2018-01-20 05:40,1969
2018-01-20 05:45,1970
2018-01-20 05:50,1956
2018-01-20 05:55,1945
2018-01-20 06:00,1958
2018-01-20 06:05,1942
2018-01-20 06:10,1934
2018-01-20 06:15,1952
2018-01-20 06:20,1933
2018-01-20 06:25,1926
2018-01-20 06:30,1942
2018-01-20 06:35,1923
2018-01-20 06:40,1926
2018-01-20 06:45,1921
2018-01-20 06:50,1933
2018-01-20 06:55,1941
2018-01-20 07:00,1936
2018-01-20 07:05,1937
2018-01-20 07:10,1932
2018-01-20 07:15,1917
2018-01-20 07:20,1946
2018-01-20 07:25,1955
2018-01-20 07:30,1947
2018-01-20 07:35,1946
2018-01-20 07:40,1960
2018-01-20 07:45,1964
2018-01-20 07:50,1982
2018-01-20 07:55,1982
2018-01-20 08:00,2010
2018-01-20 08:05,2027
2018-01-20 08:10,2039
2018-01-20 08:15,2029
2018-01-20 08:20,2036
2018-01-20 08:25,2053
2018-01-20 08:30,2038
2018-01-20 08:35,2038
2018-01-20 08:40,2055
2018-01-20 08:45,2095
2018-01-20 08:50,2090
2018-01-20 08:55,2121
2018-01-20 09:00,2150
2018-01-20 09:05,2175
2018-01-20 09:10,2204
2018-01-20 09:15,2258
2018-01-20 09:20,2254
2018-01-20 09:25,2288
2018-01-20 09:30,2321
2018-01-20 09:35,2340
2018-01-20 09:40,2325
2018-01-20 09:45,2345
2018-01-20 09:50,2385
2018-01-20 09:55,2424
2018-01-20 10:00,2471
2018-01-20 10:05,2535
2018-01-20 10:10,2584
2018-01-20 10:15,2616
2018-01-20 10:20,2637
2018-01-20 10:25,2663
2018-01-20 10:30,2686
2018-01-20 10:35,2756
2018-01-20 10:40,2789
2018-01-20 10:45,2814
2018-01-20 10:50,2818
2018-01-20 10:55,2818
2018-01-20 11:00,2853
2018-01-20 11:05,2870
2018-01-20 11:10,2891
2018-01-20 11:15,2895
2018-01-20 11:20,2947
2018-01-20 11:25,2969
2018-01-20 11:30,2995
2018-01-20 11:35,3031
2018-01-20 11:40,3051
2018-01-20 11:45,3072
2018-01-20 11:50,3085
2018-01-20 11:55,3103
2018-01-20 12:00,3122
2018-01-20 12:05,3129
2018-01-20 12:10,3156
2018-01-20 12:15,3169
2018-01-20 12:20,3185
2018-01-20 12:25,3196
2018-01-20 12:30,3202
2018-01-20 12:35,3202
2018-01-20 12:40,3239
2018-01-20 12:45,3253
2018-01-20 12:50,3288
2018-01-20 12:55,3292
2018-01-20 13:00,3272
2018-01-20 13:05,3301
2018-01-20 13:10,3337
2018-01-20 13:15,3335
2018-01-20 13:20,3372
2018-01-20 13:25,3390
2018-01-20 13:30,3413
2018-01-20 13:35,3413
2018-01-20 13:40,3421
2018-01-20 13:45,3456
2018-01-20 13:50,3483
2018-01-20 13:55,3509
2018-01-20 14:00,3516
2018-01-20 14:05,3526
2018-01-20 14:10,3531
2018-01-20 14:15,3594
2018-01-20 14:20,3608
2018-01-20 14:25,3630
2018-01-20 14:30,3656
2018-01-20 14:35,3642
2018-01-20 14:40,3644
2018-01-20 14:45,3652
2018-01-20 14:50,3697
2018-01-20 14:55,3691
2018-01-20 15:00,3694
2018-01-20 15:05,3728
2018-01-20 15:10,3773
2018-01-20 15:15,3812
2018-01-20 15:20,3825
2018-01-20 15:25,3874
2018-01-20 15:30,3890
2018-01-20 15:35,3869
2018-01-20 15:40,3905
2018-01-20 15:45,3901
2018-01-20 15:50,3902
2018-01-20 15:55,3919
2018-01-20 16:00,3919
2018-01-20 16:05,3917
2018-01-20 16:10,3936
2018-01-20 16:15,3950
2018-01-20 16:20,3928
2018-01-20 16:25,3937
2018-01-20 16:30,3934
2018-01-20 16:35,3970
2018-01-20 16:40,3982
2018-01-20 16:45,3997
2018-01-20 16:50,3975
2018-01-20 16:55,3945
2018-01-20 17:00,3978
2018-01-20 17:05,3995
2018-01-20 17:10,3997
2018-01-20 17:15,4016
2018-01-20 17:20,4020
2018-01-20 17:25,4022
2018-01-20 17:30,4011
2018-01-20 17:35,4026
2018-01-20 17:40,4033
2018-01-20 17:45,4048
2018-01-20 17:50,4052
2018-01-20 17:55,4062
2018-01-20 18:00,4082
2018-01-20 18:05,4074
2018-01-20 18:10,4076
2018-01-20 18:15,4063
2018-01-20 18:20,4091
2018-01-20 18:25,4102
2018-01-20 18:30,4096
2018-01-20 18:35,4107
2018-01-20 18:40,4153
2018-01-20 18:45,4156
2018-01-20 18:50,4135
2018-01-20 18:55,4144
2018-01-20 19:00,4153
2018-01-20 19:05,4151
2018-01-20 19:10,4153
2018-01-20 19:15,4166
2018-01-20 19:20,4141
2018-01-20 19:25,4166
2018-01-20 19:30,4189
2018-01-20 19:35,4202
2018-01-20 19:40,4190
2018-01-20 19:45,4226
2018-01-20 19:50,4191
2018-01-20 19:55,4186
2018-01-20 20:00,4193
2018-01-20 20:05,4171
2018-01-20 20:10,4192
2018-01-20 20:15,4216
2018-01-20 20:20,4225
2018-01-20 20:25,4234
2018-01-20 20:30,4195
2018-01-20 20:35,4216
2018-01-20 20:40,4241
2018-01-20 20:45,4216
2018-01-20 20:50,4178
2018-01-20 20:55,4133
2018-01-20 21:00,4164
2018-01-20 21:05,4149
2018-01-20 21:10,4142
2018-01-20 21:15,4131
2018-01-20 21:20,4111
2018-01-20 21:25,4104
2018-01-20 21:30,4083
2018-01-20 21:35,4081
2018-01-20 21:40,4056
2018-01-20 21:45,4021
2018-01-20 21:50,3986
2018-01-20 21:55,3946
2018-01-20 22:00,3916
2018-01-20 22:05,3852
2018-01-20 22:10,3820
2018-01-20 22:15,3781
2018-01-20 22:20,3761
2018-01-20 22:25,3711
2018-01-20 22:30,3691
2018-01-20 22:35,3648
2018-01-20 22:40,3618
2018-01-20 22:45,3588
2018-01-20 22:50,3576
2018-01-20 22:55,3532
2018-01-20 23:00,3496
2018-01-20 23:05,3439
2018-01-20 23:10,3419
2018-01-20 23:15,3376
2018-01-20 23:20,3355
2018-01-20 23:25,3329
2018-01-20 23:30,3321
2018-01-20 23:35,3288
2018-01-20 23:40,3291
2018-01-20 23:45,3247
2018-01-20 23:50,3220
2018-01-20 23:55,3199
2018-01-21 00:00,3195
2018-01-21 00:05,3181
2018-01-21 00:10,3145
2018-01-21 00:15,3097
2018-01-21 00:20,3054
2018-01-21 00:25,3028
2018-01-21 00:30,3015
2018-01-21 00:35,2968
2018-01-21 00:40,2947
2018-01-21 00:45,2926
2018-01-21 00:50,2921
2018-01-21 00:55,2912
2018-01-21 01:00,2872
2018-01-21 01:05,2823
2018-01-21 01:10,2817
2018-01-21 01:15,2817
2018-01-21 01:20,2775
2018-01-21 01:25,2758
2018-01-21 01:30,2723
2018-01-21 01:35,2724
2018-01-21 01:40,2717
2018-01-21 01:45,2699
2018-01-21 01:50,2686
2018-01-21 01:55,2681
2018-01-21 02:00,2665
2018-01-21 02:05,2655
2018-01-21 02:10,2640
2018-01-21 02:15,2628
2018-01-21 02:20,2624
2018-01-21 02:25,2623
2018-01-21 02:30,2591
2018-01-21 02:35,2584
2018-01-21 02:40,2551
2018-01-21 02:45,2536
2018-01-21 02:50,2532
2018-01-21 02:55,2506
2018-01-21 03:00,2487
2018-01-21 03:05,2490
2018-01-21 03:10,2472
2018-01-21 03:15,2463
2018-01-21 03:20,2447
2018-01-21 03:25,2436
2018-01-21 03:30,2449
2018-01-21 03:35,2450
2018-01-21 03:40,2424
2018-01-21 03:45,2434
2018-01-21 03:50,2408
2018-01-21 03:55,2389
2018-01-21 04:00,2399
2018-01-21 04:05,2376
2018-01-21 04:10,2355
2018-01-21 04:15,2362
2018-01-21 04:20,2359
2018-01-21 04:25,2368
2018-01-21 04:30,2348
2018-01-21 04:35,2359
2018-01-21 04:40,2347
2018-01-21 04:45,2339
2018-01-21 04:50,2334
2018-01-21 04:55,2322
2018-01-21 05:00,2305
2018-01-21 05:05,2296
2018-01-21 05:10,2275
2018-01-21 05:15,2268
2018-01-21 05:20,2266
2018-01-21 05:25,2256
2018-01-21 05:30,2235
2018-01-21 05:35,2226
2018-01-21 05:40,2226
2018-01-21 05:45,0
2018-01-21 05:50,2234
2018-01-21 05:55,2213
2018-01-21 06:00,2204
2018-01-21 06:05,2188
2018-01-21 06:10,2194
2018-01-21 06:15,2179
2018-01-21 06:20,2177
2018-01-21 06:25,2154
2018-01-21 06:30,2159
2018-01-21 06:35,2162
2018-01-21 06:40,2150
2018-01-21 06:45,2142
2018-01-21 06:50,2151
2018-01-21 06:55,2157
2018-01-21 07:00,2158
2018-01-21 07:05,2144
2018-01-21 07:10,2146
2018-01-21 07:15,2144
2018-01-21 07:20,2172
2018-01-21 07:25,2169
2018-01-21 07:30,2159
2018-01-21 07:35,2158
2018-01-21 07:40,2174
2018-01-21 07:45,2162
2018-01-21 07:50,2170
2018-01-21 07:55,2195
2018-01-21 08:00,2224
2018-01-21 08:05,2254
2018-01-21 08:10,2259
2018-01-21 08:15,2296
2018-01-21 08:20,2295
2018-01-21 08:25,2296
2018-01-21 08:30,2294
2018-01-21 08:35,2313
2018-01-21 08:40,2342
2018-01-21 08:45,2360
2018-01-21 08:50,2364
2018-01-21 08:55,2382
2018-01-21 09:00,2411
2018-01-21 09:05,2427
2018-01-21 09:10,2458
2018-01-21 09:15,2510
2018-01-21 09:20,2552
2018-01-21 09:25,2591
2018-01-21 09:30,2623
2018-01-21 09:35,2673
2018-01-21 09:40,2688
2018-01-21 09:45,2734
2018-01-21 09:50,2763
2018-01-21 09:55,2812
2018-01-21 10:00,2847
2018-01-21 10:05,2905
2018-01-21 10:10,2955
2018-01-21 10:15,2981
2018-01-21 10:20,3036
2018-01-21 10:25,3076
2018-01-21 10:30,3093
2018-01-21 10:35,3132
2018-01-21 10:40,3170
2018-01-21 10:45,3209
2018-01-21 10:50,3244
2018-01-21 10:55,3274
2018-01-21 11:00,3251
2018-01-21 11:05,3286
2018-01-21 11:10,3315
2018-01-21 11:15,3344
2018-01-21 11:20,3363
2018-01-21 11:25,3398
2018-01-21 11:30,3410
2018-01-21 11:35,3413
2018-01-21 11:40,3419
2018-01-21 11:45,3430
2018-01-21 11:50,3421
2018-01-21 11:55,3417
2018-01-21 12:00,3439
2018-01-21 12:05,3458
2018-01-21 12:10,3455
2018-01-21 12:15,3497
2018-01-21 12:20,3504
2018-01-21 12:25,3536
2018-01-21 12:30,3571
2018-01-21 12:35,3582
2018-01-21 12:40,3582
2018-01-21 12:45,3584
2018-01-21 12:50,3583
2018-01-21 12:55,3597
2018-01-21 13:00,3598
2018-01-21 13:05,3614
2018-01-21 13:10,3630
2018-01-21 13:15,3643
2018-01-21 13:20,3674
2018-01-21 13:25,3713
2018-01-21 13:30,3773
2018-01-21 13:35,3789
2018-01-21 13:40,3814
2018-01-21 13:45,3841
2018-01-21 13:50,3855
2018-01-21 13:55,3849
2018-01-21 14:00,3846
2018-01-21 14:05,3818
2018-01-21 14:10,3748
2018-01-21 14:15,3789
2018-01-21 14:20,3800
2018-01-21 14:25,3832
2018-01-21 14:30,
2018-01-21 14:35,3830
2018-01-21 14:40,3862
2018-01-21 14:45,3901
2018-01-21 14:50,3872
2018-01-21 14:55,3935
2018-01-21 15:00,3921
2018-01-21 15:05,3940
2018-01-21 15:10,3942
2018-01-21 15:15,3959
2018-01-21 15:20,3993
2018-01-21 15:25,3992
2018-01-21 15:30,4026
2018-01-21 15:35,4040
2018-01-21 15:40,4039
2018-01-21 15:45,4068
2018-01-21 15:50,4119
2018-01-21 15:55,4117
2018-01-21 16:00,4123
2018-01-21 16:05,4099
2018-01-21 16:10,4110
2018-01-21 16:15,4171
2018-01-21 16:20,4185
2018-01-21 16:25,4233
2018-01-21 16:30,4240
2018-01-21 16:35,4264
2018-01-21 16:40,4299
2018-01-21 16:45,4320
2018-01-21 16:50,4347
2018-01-21 16:55,4368
2018-01-21 17:00,4346
2018-01-21 17:05,4362
2018-01-21 17:10,4371
2018-01-21 17:15,4369
2018-01-21 17:20,4350
2018-01-21 17:25,4369
2018-01-21 17:30,4410
2018-01-21 17:35,4432
2018-01-21 17:40,4448
2018-01-21 17:45,4456
2018-01-21 17:50,4454
2018-01-21 17:55,4457
2018-01-21 18:00,4488
2018-01-21 18:05,4473
2018-01-21 18:10,4483
2018-01-21 18:15,4515
2018-01-21 18:20,4497
2018-01-21 18:25,4509
2018-01-21 18:30,4510
2018-01-21 18:35,4486
2018-01-21 18:40,4499
2018-01-21 18:45,4515
2018-01-21 18:50,4535
2018-01-21 18:55,4546
2018-01-21 19:00,4521
2018-01-21 19:05,4490
2018-01-21 19:10,4521
2018-01-21 19:15,4480
2018-01-21 19:20,4481
2018-01-21 19:25,4451
2018-01-21 19:30,4440
2018-01-21 19:35,4426
2018-01-21 19:40,4431
2018-01-21 19:45,4434
2018-01-21 19:50,4400
2018-01-21 19:55,4384
2018-01-21 20:00,4364
2018-01-21 20:05,4344
2018-01-21 20:10,4325
2018-01-21 20:15,4317
2018-01-21 20:20,4322
2018-01-21 20:25,4299
2018-01-21 20:30,4277
2018-01-21 20:35,4231
2018-01-21 20:40,4202
2018-01-21 20:45,4194
2018-01-21 20:50,4189
2018-01-21 20:55,4159
2018-01-21 21:00,4137
2018-01-21 21:05,4070
2018-01-21 21:10,4040
2018-01-21 21:15,3997
2018-01-21 21:20,3976
2018-01-21 21:25,3932
2018-01-21 21:30,3934
2018-01-21 21:35,3907
2018-01-21 21:40,3866
2018-01-21 21:45,3816
2018-01-21 21:50,3787
2018-01-21 21:55,3785
2018-01-21 22:00,3768
2018-01-21 22:05,3716
2018-01-21 22:10,3682
2018-01-21 22:15,3653
2018-01-21 22:20,3600
2018-01-21 22:25,3576
2018-01-21 22:30,3537
2018-01-21 22:35,3493
2018-01-21 22:40,3444
2018-01-21 22:45,3419
2018-01-21 22:50,3361
2018-01-21 22:55,3325
2018-01-21 23:00,3293
2018-01-21 23:05,3265
2018-01-21 23:10,3228
2018-01-21 23:15,3213
2018-01-21 23:20,3179
2018-01-21 23:25,3148
2018-01-21 23:30,3104
2018-01-21 23:35,3097
2018-01-21 23:40,3069
2018-01-21 23:45,3039
2018-01-21 23:50,2995
2018-01-21 23:55,2946
2018-01-22 00:00,2918
2018-01-22 00:05,2892
2018-01-22 00:10,2856
2018-01-22 00:15,2815
2018-01-22 00:20,2800
2018-01-22 00:25,2791
2018-01-22 00:30,2766
2018-01-22 00:35,2761
2018-01-22 00:40,2753
2018-01-22 00:45,2731
2018-01-22 00:50,2719
2018-01-22 00:55,2715
2018-01-22 01:00,2716
2018-01-22 01:05,2687
2018-01-22 01:10,2661
2018-01-22 01:15,2655
2018-01-22 01:20,2667
2018-01-22 01:25,2640
2018-01-22 01:30,2605
2018-01-22 01:35,2583
2018-01-22 01:40,2536
2018-01-22 01:45,2530
2018-01-22 01:50,2528
2018-01-22 01:55,2521
2018-01-22 02:00,2528
2018-01-22 02:05,2532
2018-01-22 02:10,2513
2018-01-22 02:15,2504
2018-01-22 02:20,2492
2018-01-22 02:25,2461
2018-01-22 02:30,2453
2018-01-22 02:35,2434
2018-01-22 02:40,2426
2018-01-22 02:45,2401
2018-01-22 02:50,2398
2018-01-22 02:55,2364
2018-01-22 03:00,2327
2018-01-22 03:05,2329
2018-01-22 03:10,2327
2018-01-22 03:15,2311
2018-01-22 03:20,2306
2018-01-22 03:25,2279
2018-01-22 03:30,2281
2018-01-22 03:35,2287
2018-01-22 03:40,2274
2018-01-22 03:45,2268
2018-01-22 03:50,2238
2018-01-22 03:55,2228
2018-01-22 04:00,2212
2018-01-22 04:05,2201
2018-01-22 04:10,2175
2018-01-22 04:15,2151
2018-01-22 04:20,2154
2018-01-22 04:25,2148
2018-01-22 04:30,2110
2018-01-22 04:35,2082
2018-01-22 04:40,2073
2018-01-22 04:45,2072
2018-01-22 04:50,2052
2018-01-22 04:55,2043
2018-01-22 05:00,2033
2018-01-22 05:05,2011
2018-01-22 05:10,1996
2018-01-22 05:15,1978
2018-01-22 05:20,1956
2018-01-22 05:25,1947
2018-01-22 05:30,1934
2018-01-22 05:35,1924
2018-01-22 05:40,1891
2018-01-22 05:45,1887
2018-01-22 05:50,1877
2018-01-22 05:55,1836
2018-01-22 06:00,1813
2018-01-22 06:05,1810
2018-01-22 06:10,1807
2018-01-22 06:15,1797
2018-01-22 06:20,1770
2018-01-22 06:25,1769
2018-01-22 06:30,1757
2018-01-22 06:35,1752
2018-01-22 06:40,1751
2018-01-22 06:45,1740
2018-01-22 06:50,1721
2018-01-22 06:55,1705
2018-01-22 07:00,1701
2018-01-22 07:05,1720
2018-01-22 07:10,1756
2018-01-22 07:15,1750
2018-01-22 07:20,0
2018-01-22 07:25,
2018-01-22 07:30,1755
2018-01-22 07:35,1754
2018-01-22 07:40,0
2018-01-22 07:45,1741
2018-01-22 07:50,1743
2018-01-22 07:55,1733
2018-01-22 08:00,1740
2018-01-22 08:05,1744
2018-01-22 08:10,1732
2018-01-22 08:15,1735
2018-01-22 08:20,1738
2018-01-22 08:25,1749
2018-01-22 08:30,1766
2018-01-22 08:35,1766
2018-01-22 08:40,1777
2018-01-22 08:45,1764
2018-01-22 08:50,1774
2018-01-22 08:55,1786
2018-01-22 09:00,1790
2018-01-22 09:05,1813
2018-01-22 09:10,1824
2018-01-22 09:15,1838
2018-01-22 09:20,1868
2018-01-22 09:25,1877
2018-01-22 09:30,1881
2018-01-22 09:35,1894
2018-01-22 09:40,1909
2018-01-22 09:45,1900
2018-01-22 09:50,1919
2018-01-22 09:55,1926
2018-01-22 10:00,1960
2018-01-22 10:05,2005
2018-01-22 10:10,2058
2018-01-22 10:15,2081
2018-01-22 10:20,2106
2018-01-22 10:25,2134
2018-01-22 10:30,2123
2018-01-22 10:35,2139
2018-01-22 10:40,2136
2018-01-22 10:45,2148
2018-01-22 10:50,2168
2018-01-22 10:55,2186
2018-01-22 11:00,2215
2018-01-22 11:05,2234
2018-01-22 11:10,2224
2018-01-22 11:15,2246
2018-01-22 11:20,2241
2018-01-22 11:25,2262
2018-01-22 11:30,2261
2018-01-22 11:35,2291
2018-01-22 11:40,2296
2018-01-22 11:45,2314
2018-01-22 11:50,2316
2018-01-22 11:55,2324
2018-01-22 12:00,2324
2018-01-22 12:05,2329
2018-01-22 12:10,2366
2018-01-22 12:15,2408
2018-01-22 12:20,2421
2018-01-22 12:25,2446
2018-01-22 12:30,2468
2018-01-22 12:35,2469
2018-01-22 12:40,2482
2018-01-22 12:45,2504
2018-01-22 12:50,2510
2018-01-22 12:55,2516
2018-01-22 13:00,2543
2018-01-22 13:05,2563
2018-01-22 13:10,2555
2018-01-22 13:15,2598
2018-01-22 13:20,2612
2018-01-22 13:25,2634
2018-01-22 13:30,2668
2018-01-22 13:35,2676
2018-01-22 13:40,2706
2018-01-22 13:45,2753
2018-01-22 13:50,2782
2018-01-22 13:55,2807
2018-01-22 14:00,2838
2018-01-22 14:05,2826
2018-01-22 14:10,2838
2018-01-22 14:15,2859
2018-01-22 14:20,2858
2018-01-22 14:25,2908
2018-01-22 14:30,2936
2018-01-22 14:35,2947
2018-01-22 14:40,2957
2018-01-22 14:45,2988
2018-01-22 14:50,3004
2018-01-22 14:55,3030
2018-01-22 15:00,3043
2018-01-22 15:05,3040
2018-01-22 15:10,3076
2018-01-22 15:15,3093
2018-01-22 15:20,3116
2018-01-22 15:25,3111
2018-01-22 15:30,3124
2018-01-22 15:35,3158
2018-01-22 15:40,3171
2018-01-22 15:45,3168
2018-01-22 15:50,3187
2018-01-22 15:55,3201
2018-01-22 16:00,3215
2018-01-22 16:05,3219
2018-01-22 16:10,3243
2018-01-22 16:15,3314
2018-01-22 16:20,3326
2018-01-22 16:25,3343
2018-01-22 16:30,3367
2018-01-22 16:35,3412
2018-01-22 16:40,3425
2018-01-22 16:45,3450
2018-01-22 16:50,3457
2018-01-22 16:55,3477
2018-01-22 17:00,3516
2018-01-22 17:05,3563
2018-01-22 17:10,3561
2018-01-22 17:15,3579
2018-01-22 17:20,3597
2018-01-22 17:25,3618
2018-01-22 17:30,3688
2018-01-22 17:35,3701
2018-01-22 17:40,3718
2018-01-22 17:45,3738
2018-01-22 17:50,3765
2018-01-22 17:55,3781
2018-01-22 18:00,3813
2018-01-22 18:05,3799
2018-01-22 18:10,3780
2018-01-22 18:15,3800
2018-01-22 18:20,3837
2018-01-22 18:25,3842
2018-01-22 18:30,3850
2018-01-22 18:35,3879
2018-01-22 18:40,3900
2018-01-22 18:45,3876
2018-01-22 18:50,3883
2018-01-22 18:55,3873
2018-01-22 19:00,3878
2018-01-22 19:05,3902
2018-01-22 19:10,3911
2018-01-22 19:15,3900
2018-01-22 19:20,3881
2018-01-22 19:25,3854
2018-01-22 19:30,3855
2018-01-22 19:35,3821
2018-01-22 19:40,3838
2018-01-22 19:45,3857
2018-01-22 19:50,3837
2018-01-22 19:55,3817
2018-01-22 20:00,3800
2018-01-22 20:05,3800
2018-01-22 20:10,3764
2018-01-22 20:15,3745
2018-01-22 20:20,3724
2018-01-22 20:25,3710
2018-01-22 20:30,3685
2018-01-22 20:35,3670
2018-01-22 20:40,3658
2018-01-22 20:45,3663
2018-01-22 20:50,3677
2018-01-22 20:55,3608
2018-01-22 21:00,3562
2018-01-22 21:05,3512
2018-01-22 21:10,2933
2018-01-22 21:15,3433
2018-01-22 21:20,3425
2018-01-22 21:25,3393
2018-01-22 21:30,3348
2018-01-22 21:35,3325
2018-01-22 21:40,3284
2018-01-22 21:45,3241
2018-01-22 21:50,3201
2018-01-22 21:55,3170
2018-01-22 22:00,3200
2018-01-22 22:05,3149
2018-01-22 22:10,3129
2018-01-22 22:15,3085
2018-01-22 22:20,3056
2018-01-22 22:25,3031
2018-01-22 22:30,3008
2018-01-22 22:35,2985
2018-01-22 22:40,2957
2018-01-22 22:45,2938
2018-01-22 22:50,2888
2018-01-22 22:55,2862
2018-01-22 23:00,2843
2018-01-22 23:05,2821
2018-01-22 23:10,2779
2018-01-22 23:15,2740
2018-01-22 23:20,2730
2018-01-22 23:25,2726
2018-01-22 23:30,2694
2018-01-22 23:35,2678
2018-01-22 23:40,2672
2018-01-22 23:45,2639
2018-01-22 23:50,2633
2018-01-22 23:55,2613
2018-01-23 00:00,2603
2018-01-23 00:05,2588
2018-01-23 00:10,2586
2018-01-23 00:15,2575
2018-01-23 00:20,2584
2018-01-23 00:25,2552
2018-01-23 00:30,2514
2018-01-23 00:35,2508
2018-01-23 00:40,2484
2018-01-23 00:45,2478
2018-01-23 00:50,2488
2018-01-23 00:55,2475
2018-01-23 01:00,2462
2018-01-23 01:05,2441
2018-01-23 01:10,2422
2018-01-23 01:15,2423
2018-01-23 01:20,2420
2018-01-23 01:25,2408
2018-01-23 01:30,2389
2018-01-23 01:35,2391
2018-01-23 01:40,2360
2018-01-23 01:45,2361
2018-01-23 01:50,2378
2018-01-23 01:55,2371
2018-01-23 02:00,2371
2018-01-23 02:05,2351
2018-01-23 02:10,2340
2018-01-23 02:15,2332
2018-01-23 02:20,2326
2018-01-23 02:25,2323
2018-01-23 02:30,2337
2018-01-23 02:35,2323
2018-01-23 02:40,2290
2018-01-23 02:45,2271
2018-01-23 02:50,2247
2018-01-23 02:55,2239
2018-01-23 03:00,2192
2018-01-23 03:05,2173
2018-01-23 03:10,2154
2018-01-23 03:15,2122
2018-01-23 03:20,2102
2018-01-23 03:25,2087
2018-01-23 03:30,2085
2018-01-23 03:35,2072
2018-01-23 03:40,2061
2018-01-23 03:45,2058
2018-01-23 03:50,2059
2018-01-23 03:55,2033
2018-01-23 04:00,2016
2018-01-23 04:05,1982
2018-01-23 04:10,1985
2018-01-23 04:15,1973
2018-01-23 04:20,1970
2018-01-23 04:25,1964
2018-01-23 04:30,1953
2018-01-23 04:35,1938
2018-01-23 04:40,1899
2018-01-23 04:45,1881
2018-01-23 04:50,1890
2018-01-23 04:55,1868
2018-01-23 05:00,1848
2018-01-23 05:05,1816
2018-01-23 05:10,1802
2018-01-23 05:15,1819
2018-01-23 05:20,1819
2018-01-23 05:25,1809
2018-01-23 05:30,1792
2018-01-23 05:35,1750
2018-01-23 05:40,1738
2018-01-23 05:45,1752
2018-01-23 05:50,1749
2018-01-23 05:55,1748
2018-01-23 06:00,1746
2018-01-23 06:05,1720
2018-01-23 06:10,1696
2018-01-23 06:15,1709
2018-01-23 06:20,1690
2018-01-23 06:25,1664
2018-01-23 06:30,1648
2018-01-23 06:35,1628
2018-01-23 06:40,1633
2018-01-23 06:45,1617
2018-01-23 06:50,1629
2018-01-23 06:55,1622
2018-01-23 07:00,1614
2018-01-23 07:05,1629
2018-01-23 07:10,1619
2018-01-23 07:15,1607
2018-01-23 07:20,1592
2018-01-23 07:25,1590
2018-01-23 07:30,1595
2018-01-23 07:35,1583
2018-01-23 07:40,1591
2018-01-23 07:45,1585
2018-01-23 07:50,1598
2018-01-23 07:55,1607
2018-01-23 08:00,1624
2018-01-23 08:05,1644
2018-01-23 08:10,1626
2018-01-23 08:15,1633
2018-01-23 08:20,1636
2018-01-23 08:25,1643
2018-01-23 08:30,1663
2018-01-23 08:35,1686
2018-01-23 08:40,1706
2018-01-23 08:45,1727
2018-01-23 08:50,1750
2018-01-23 08:55,1756
2018-01-23 09:00,1760
2018-01-23 09:05,1780
2018-01-23 09:10,1779
2018-01-23 09:15,1802
2018-01-23 09:20,1837
2018-01-23 09:25,1862
2018-01-23 09:30,1858
2018-01-23 09:35,1856
2018-01-23 09:40,1862
2018-01-23 09:45,1871
2018-01-23 09:50,1871
2018-01-23 09:55,1881
2018-01-23 10:00,1891
2018-01-23 10:05,1912
2018-01-23 10:10,1963
2018-01-23 10:15,1996
2018-01-23 10:20,2013
2018-01-23 10:25,2022
2018-01-23 10:30,2027
2018-01-23 10:35,2058
2018-01-23 10:40,2083
2018-01-23 10:45,2099
2018-01-23 10:50,2102
2018-01-23 10:55,2116
2018-01-23 11:00,2116
2018-01-23 11:05,2117
2018-01-23 11:10,2116
2018-01-23 11:15,2120
2018-01-23 11:20,2136
2018-01-23 11:25,2145
2018-01-23 11:30,2173
2018-01-23 11:35,2175
2018-01-23 11:40,2164
2018-01-23 11:45,2196
2018-01-23 11:50,2201
2018-01-23 11:55,2210
2018-01-23 12:00,2229
2018-01-23 12:05,2245
2018-01-23 12:10,2235
2018-01-23 12:15,2251
2018-01-23 12:20,2272
2018-01-23 12:25,2291
2018-01-23 12:30,2298
2018-01-23 12:35,2307
2018-01-23 12:40,2335
2018-01-23 12:45,2351
2018-01-23 12:50,2352
2018-01-23 12:55,2374
2018-01-23 13:00,2383
2018-01-23 13:05,2386
2018-01-23 13:10,2395
2018-01-23 13:15,2398
2018-01-23 13:20,2458
2018-01-23 13:25,2468
2018-01-23 13:30,2489
2018-01-23 13:35,2500
2018-01-23 13:40,2526
2018-01-23 13:45,2575
2018-01-23 13:50,2599
2018-01-23 13:55,2623
2018-01-23 14:00,2646
2018-01-23 14:05,2676
2018-01-23 14:10,2708
2018-01-23 14:15,2764
2018-01-23 14:20,2780
2018-01-23 14:25,2771
2018-01-23 14:30,2805
2018-01-23 14:35,2819
2018-01-23 14:40,2830
2018-01-23 14:45,2866
2018-01-23 14:50,2882
2018-01-23 14:55,2883
2018-01-23 15:00,2916
2018-01-23 15:05,2945
2018-01-23 15:10,2952
2018-01-23 15:15,2981
2018-01-23 15:20,2974
2018-01-23 15:25,2976
2018-01-23 15:30,3000
2018-01-23 15:35,2998
2018-01-23 15:40,3068
2018-01-23 15:45,3060
2018-01-23 15:50,3055
2018-01-23 15:55,3057
2018-01-23 16:00,3078
2018-01-23 16:05,3089
2018-01-23 16:10,3120
2018-01-23 16:15,3136
2018-01-23 16:20,3180
2018-01-23 16:25,3194
2018-01-23 16:30,3218
2018-01-23 16:35,3234
2018-01-23 16:40,3239
2018-01-23 16:45,3250
2018-01-23 16:50,3255
2018-01-23 16:55,3291
2018-01-23 17:00,3308
2018-01-23 17:05,3330
2018-01-23 17:10,3375
2018-01-23 17:15,3387
2018-01-23 17:20,3404
2018-01-23 17:25,3446
2018-01-23 17:30,3475
2018-01-23 17:35,3494
2018-01-23 17:40,3527
2018-01-23 17:45,3531
2018-01-23 17:50,3538
2018-01-23 17:55,3564
2018-01-23 18:00,3576
2018-01-23 18:05,3601
2018-01-23 18:10,3607
2018-01-23 18:15,3622
2018-01-23 18:20,3616
2018-01-23 18:25,3645
2018-01-23 18:30,3609
2018-01-23 18:35,3618
2018-01-23 18:40,3624
2018-01-23 18:45,
2018-01-23 18:50,
2018-01-23 18:55,
2018-01-23 19:00,
2018-01-23 19:05,
2018-01-23 19:10,
2018-01-23 19:15,
2018-01-23 19:20,3687
2018-01-23 19:25,
2018-01-23 19:30,3685
2018-01-23 19:35,3658
2018-01-23 19:40,3663
2018-01-23 19:45,3653
2018-01-23 19:50,
2018-01-23 19:55,
2018-01-23 20:00,
2018-01-23 20:05,
2018-01-23 20:10,
2018-01-23 20:15,3624
2018-01-23 20:20,
2018-01-23 20:25,
2018-01-23 20:30,3564
2018-01-23 20:35,3539
2018-01-23 20:40,3530
2018-01-23 20:45,
2018-01-23 20:50,3492
2018-01-23 20:55,
2018-01-23 21:00,
2018-01-23 21:05,
2018-01-23 21:10,3389
2018-01-23 21:15,3279
2018-01-23 21:20,3276
2018-01-23 21:25,3247
2018-01-23 21:30,3214
2018-01-23 21:35,3198
2018-01-23 21:40,3148
2018-01-23 21:45,3121
2018-01-23 21:50,3095
2018-01-23 21:55,3066
2018-01-23 22:00,3014
2018-01-23 22:05,2895
2018-01-23 22:10,2873
2018-01-23 22:15,0
2018-01-23 22:20,2744
2018-01-23 22:25,2740
2018-01-23 22:30,2752
2018-01-23 22:35,2768
2018-01-23 22:40,2789
2018-01-23 22:45,2745
2018-01-23 22:50,2711
2018-01-23 22:55,2702
2018-01-23 23:00,2736
2018-01-23 23:05,2752
2018-01-23 23:10,2740
2018-01-23 23:15,2705
2018-01-23 23:20,2692
2018-01-23 23:25,2691
2018-01-23 23:30,2683
2018-01-23 23:35,2701
2018-01-23 23:40,2696
2018-01-23 23:45,2707
2018-01-23 23:50,2691
2018-01-23 23:55,2648
2018-01-24 00:00,2629
2018-01-24 00:05,2618
2018-01-24 00:10,2590
2018-01-24 00:15,2557
2018-01-24 00:20,2526
2018-01-24 00:25,2535
2018-01-24 00:30,2537
2018-01-24 00:35,0
2018-01-24 00:40,1668
2018-01-24 00:45,1972
2018-01-24 00:50,2198
2018-01-24 00:55,2374
2018-01-24 01:00,2413
2018-01-24 01:05,2412
2018-01-24 01:10,2402
2018-01-24 01:15,2384
2018-01-24 01:20,2381
2018-01-24 01:25,2372
2018-01-24 01:30,2345
2018-01-24 01:35,2338
2018-01-24 01:40,2321
2018-01-24 01:45,2307
2018-01-24 01:50,2300
2018-01-24 01:55,2299
2018-01-24 02:00,2291
2018-01-24 02:05,2293
2018-01-24 02:10,2253
2018-01-24 02:15,2244
2018-01-24 02:20,2254
2018-01-24 02:25,2228
2018-01-24 02:30,2202
2018-01-24 02:35,2187
2018-01-24 02:40,2168
2018-01-24 02:45,2168
2018-01-24 02:50,2153
2018-01-24 02:55,2128
2018-01-24 03:00,2110
2018-01-24 03:05,2087
2018-01-24 03:10,2067
2018-01-24 03:15,2049
2018-01-24 03:20,2034
2018-01-24 03:25,2023
2018-01-24 03:30,2020
2018-01-24 03:35,2011
2018-01-24 03:40,1980
2018-01-24 03:45,1957
2018-01-24 03:50,1955
2018-01-24 03:55,1926
2018-01-24 04:00,1910
2018-01-24 04:05,1910
2018-01-24 04:10,1909
2018-01-24 04:15,1898
2018-01-24 04:20,1864
2018-01-24 04:25,1869
2018-01-24 04:30,1861
2018-01-24 04:35,1847
2018-01-24 04:40,1816
2018-01-24 04:45,1806
2018-01-24 04:50,1796
2018-01-24 04:55,1783
2018-01-24 05:00,1774
2018-01-24 05:05,1773
2018-01-24 05:10,1756
2018-01-24 05:15,1751
2018-01-24 05:20,1746
2018-01-24 05:25,1735
2018-01-24 05:30,1727
2018-01-24 05:35,1724
2018-01-24 05:40,1718
2018-01-24 05:45,1711
2018-01-24 05:50,1705
2018-01-24 05:55,1677
2018-01-24 06:00,1660
2018-01-24 06:05,1664
2018-01-24 06:10,1660
2018-01-24 06:15,1658
2018-01-24 06:20,1637
2018-01-24 06:25,1646
2018-01-24 06:30,1614
2018-01-24 06:35,1611
2018-01-24 06:40,1633
2018-01-24 06:45,1630
2018-01-24 06:50,1622
2018-01-24 06:55,1622
2018-01-24 07:00,1623
2018-01-24 07:05,1624
2018-01-24 07:10,1621
2018-01-24 07:15,1616
2018-01-24 07:20,1612
2018-01-24 07:25,1603
2018-01-24 07:30,1611
2018-01-24 07:35,1590
2018-01-24 07:40,1602
2018-01-24 07:45,1604
2018-01-24 07:50,1615
2018-01-24 07:55,1616
2018-01-24 08:00,1606
2018-01-24 08:05,1608
2018-01-24 08:10,1626
2018-01-24 08:15,1613
2018-01-24 08:20,1639
2018-01-24 08:25,1645
2018-01-24 08:30,1642
2018-01-24 08:35,1657
2018-01-24 08:40,1665
2018-01-24 08:45,1682
2018-01-24 08:50,1695
2018-01-24 08:55,1710
2018-01-24 09:00,1733
2018-01-24 09:05,1730
2018-01-24 09:10,1716
2018-01-24 09:15,1705
2018-01-24 09:20,1724
2018-01-24 09:25,1728
2018-01-24 09:30,1761
2018-01-24 09:35,1769
2018-01-24 09:40,1803
2018-01-24 09:45,1831
2018-01-24 09:50,1862
2018-01-24 09:55,1878
2018-01-24 10:00,1890
2018-01-24 10:05,1894
2018-01-24 10:10,1909
2018-01-24 10:15,1924
2018-01-24 10:20,1953
2018-01-24 10:25,1993
2018-01-24 10:30,2021
2018-01-24 10:35,2012
2018-01-24 10:40,2023
2018-01-24 10:45,2056
2018-01-24 10:50,2056
2018-01-24 10:55,2053
2018-01-24 11:00,2048
2018-01-24 11:05,2052
2018-01-24 11:10,2064
2018-01-24 11:15,2114
2018-01-24 11:20,2102
2018-01-24 11:25,2110
2018-01-24 11:30,2122
2018-01-24 11:35,2118
2018-01-24 11:40,2149
2018-01-24 11:45,2192
2018-01-24 11:50,2194
2018-01-24 11:55,2223
2018-01-24 12:00,2208
2018-01-24 12:05,2214
2018-01-24 12:10,2223
2018-01-24 12:15,2242
2018-01-24 12:20,2264
2018-01-24 12:25,2293
2018-01-24 12:30,2337
2018-01-24 12:35,2366
2018-01-24 12:40,2394
2018-01-24 12:45,2396
2018-01-24 12:50,2414
2018-01-24 12:55,2443
2018-01-24 13:00,2484
2018-01-24 13:05,2484
2018-01-24 13:10,2476
2018-01-24 13:15,2504
2018-01-24 13:20,2538
2018-01-24 13:25,2547
2018-01-24 13:30,2550
2018-01-24 13:35,2578
2018-01-24 13:40,2598
2018-01-24 13:45,2592
2018-01-24 13:50,2583
2018-01-24 13:55,2632
2018-01-24 14:00,2659
2018-01-24 14:05,2635
2018-01-24 14:10,2657
2018-01-24 14:15,2671
2018-01-24 14:20,2694
2018-01-24 14:25,2728
2018-01-24 14:30,2787
2018-01-24 14:35,2821
2018-01-24 14:40,2847
2018-01-24 14:45,2846
2018-01-24 14:50,2863
2018-01-24 14:55,2873
2018-01-24 15:00,2919
2018-01-24 15:05,2924
2018-01-24 15:10,2904
2018-01-24 15:15,2931
2018-01-24 15:20,2945
2018-01-24 15:25,2958
2018-01-24 15:30,2959
2018-01-24 15:35,2972
2018-01-24 15:40,2985
2018-01-24 15:45,2992
2018-01-24 15:50,3013
2018-01-24 15:55,3035
2018-01-24 16:00,3083
2018-01-24 16:05,3091
2018-01-24 16:10,3084
2018-01-24 16:15,3101
2018-01-24 16:20,3104
2018-01-24 16:25,3118
2018-01-24 16:30,3134
2018-01-24 16:35,3132
2018-01-24 16:40,3153
2018-01-24 16:45,3170
2018-01-24 16:50,3181
2018-01-24 16:55,3170
2018-01-24 17:00,3184
2018-01-24 17:05,3213
2018-01-24 17:10,3233
2018-01-24 17:15,3267
2018-01-24 17:20,3313
2018-01-24 17:25,3329
2018-01-24 17:30,3379
2018-01-24 17:35,3405
2018-01-24 17:40,3398
2018-01-24 17:45,3442
2018-01-24 17:50,3429
2018-01-24 17:55,3464
2018-01-24 18:00,3466
2018-01-24 18:05,3473
2018-01-24 18:10,3470
2018-01-24 18:15,3445
2018-01-24 18:20,3454
2018-01-24 18:25,3490
2018-01-24 18:30,3490
2018-01-24 18:35,3524
2018-01-24 18:40,3528
2018-01-24 18:45,3554
2018-01-24 18:50,3557
2018-01-24 18:55,3529
2018-01-24 19:00,3529
2018-01-24 19:05,3534
2018-01-24 19:10,3534
2018-01-24 19:15,3544
2018-01-24 19:20,3534
2018-01-24 19:25,3516
2018-01-24 19:30,3529
2018-01-24 19:35,3533
2018-01-24 19:40,3512
2018-01-24 19:45,3507
2018-01-24 19:50,3486
2018-01-24 19:55,3503
2018-01-24 20:00,3476
2018-01-24 20:05,3448
2018-01-24 20:10,3414
2018-01-24 20:15,3428
2018-01-24 20:20,3418
2018-01-24 20:25,3412
2018-01-24 20:30,3405
2018-01-24 20:35,3401
2018-01-24 20:40,3380
2018-01-24 20:45,3352
2018-01-24 20:50,3340
2018-01-24 20:55,3311
2018-01-24 21:00,3319
2018-01-24 21:05,3311
2018-01-24 21:10,3268
2018-01-24 21:15,3230
2018-01-24 21:20,3173
2018-01-24 21:25,3156
2018-01-24 21:30,3132
2018-01-24 21:35,3102
2018-01-24 21:40,3087
2018-01-24 21:45,3076
2018-01-24 21:50,3062
2018-01-24 21:55,3066
2018-01-24 22:00,3072
2018-01-24 22:05,3021
2018-01-24 22:10,2975
2018-01-24 22:15,2940
2018-01-24 22:20,2904
2018-01-24 22:25,2877
2018-01-24 22:30,2848
2018-01-24 22:35,2835
2018-01-24 22:40,2808
2018-01-24 22:45,2786
2018-01-24 22:50,2741
2018-01-24 22:55,2725
2018-01-24 23:00,2690
2018-01-24 23:05,2684
2018-01-24 23:10,2624
2018-01-24 23:15,2611
2018-01-24 23:20,2577
2018-01-24 23:25,2527
2018-01-24 23:30,2471
2018-01-24 23:35,2483
2018-01-24 23:40,2476
2018-01-24 23:45,2464
2018-01-24 23:50,2458
2018-01-24 23:55,2440
2018-01-25 00:00,2372
2018-01-25 00:05,2393
2018-01-25 00:10,2346
2018-01-25 00:15,2329
2018-01-25 00:20,2321
2018-01-25 00:25,2324
2018-01-25 00:30,2322
2018-01-25 00:35,2306
2018-01-25 00:40,2308
2018-01-25 00:45,2297
2018-01-25 00:50,2297
2018-01-25 00:55,2303
2018-01-25 01:00,2313
2018-01-25 01:05,2303
2018-01-25 01:10,2266
2018-01-25 01:15,2240
2018-01-25 01:20,2232
2018-01-25 01:25,2230
2018-01-25 01:30,2239
2018-01-25 01:35,2225
2018-01-25 01:40,2231
2018-01-25 01:45,2218
2018-01-25 01:50,2220
2018-01-25 01:55,2210
2018-01-25 02:00,2217
2018-01-25 02:05,2205
2018-01-25 02:10,2195
2018-01-25 02:15,2184
2018-01-25 02:20,2187
2018-01-25 02:25,2182
2018-01-25 02:30,2176
2018-01-25 02:35,2157
2018-01-25 02:40,2194
2018-01-25 02:45,2156
2018-01-25 02:50,2146
2018-01-25 02:55,2125
2018-01-25 03:00,2109
2018-01-25 03:05,2081
2018-01-25 03:10,2066
2018-01-25 03:15,2022
2018-01-25 03:20,1997
2018-01-25 03:25,1981
2018-01-25 03:30,1971
2018-01-25 03:35,1982
2018-01-25 03:40,1969
2018-01-25 03:45,1956
2018-01-25 03:50,1942
2018-01-25 03:55,1934
2018-01-25 04:00,1920
2018-01-25 04:05,1885
2018-01-25 04:10,1893
2018-01-25 04:15,1907
2018-01-25 04:20,1886
2018-01-25 04:25,1877
2018-01-25 04:30,1858
2018-01-25 04:35,1850
2018-01-25 04:40,1826
2018-01-25 04:45,1812
2018-01-25 04:50,1801
2018-01-25 04:55,1791
2018-01-25 05:00,1789
2018-01-25 05:05,1777
2018-01-25 05:10,1764
2018-01-25 05:15,1772
2018-01-25 05:20,1768
2018-01-25 05:25,1747
2018-01-25 05:30,1730
2018-01-25 05:35,1709
2018-01-25 05:40,1709
2018-01-25 05:45,1711
2018-01-25 05:50,1708
2018-01-25 05:55,1681
2018-01-25 06:00,1652
2018-01-25 06:05,1641
2018-01-25 06:10,1614
2018-01-25 06:15,1599
2018-01-25 06:20,1595
2018-01-25 06:25,1576
2018-01-25 06:30,1576
2018-01-25 06:35,1562
2018-01-25 06:40,1569
2018-01-25 06:45,1568
2018-01-25 06:50,1566
2018-01-25 06:55,1560
2018-01-25 07:00,1580
2018-01-25 07:05,1579
2018-01-25 07:10,1584
2018-01-25 07:15,1585
2018-01-25 07:20,1600
2018-01-25 07:25,1603
2018-01-25 07:30,1592
2018-01-25 07:35,1600
2018-01-25 07:40,1595
2018-01-25 07:45,1599
2018-01-25 07:50,1610
2018-01-25 07:55,1627
2018-01-25 08:00,1628
2018-01-25 08:05,
2018-01-25 08:10,1639
2018-01-25 08:15,1662
2018-01-25 08:20,1656
2018-01-25 08:25,1672
2018-01-25 08:30,1686
2018-01-25 08:35,1678
2018-01-25 08:40,1686
2018-01-25 08:45,1698
2018-01-25 08:50,1699
2018-01-25 08:55,1694
2018-01-25 09:00,1715
2018-01-25 09:05,1735
2018-01-25 09:10,1732
2018-01-25 09:15,1741
2018-01-25 09:20,1776
2018-01-25 09:25,1777
2018-01-25 09:30,1789
2018-01-25 09:35,1801
2018-01-25 09:40,1791
2018-01-25 09:45,1806
2018-01-25 09:50,1822
2018-01-25 09:55,1854
2018-01-25 10:00,1878
2018-01-25 10:05,1915
2018-01-25 10:10,1926
2018-01-25 10:15,1947
2018-01-25 10:20,1969
2018-01-25 10:25,1985
2018-01-25 10:30,2001
2018-01-25 10:35,2021
2018-01-25 10:40,2051
2018-01-25 10:45,2048
2018-01-25 10:50,2078
2018-01-25 10:55,2083
2018-01-25 11:00,2079
2018-01-25 11:05,2100
2018-01-25 11:10,2148
2018-01-25 11:15,2159
2018-01-25 11:20,2171
2018-01-25 11:25,2182
2018-01-25 11:30,2189
2018-01-25 11:35,2215
2018-01-25 11:40,2208
2018-01-25 11:45,2222
2018-01-25 11:50,2259
2018-01-25 11:55,2267
2018-01-25 12:00,2284
2018-01-25 12:05,2288
2018-01-25 12:10,2291
2018-01-25 12:15,2301
2018-01-25 12:20,2311
2018-01-25 12:25,2367
2018-01-25 12:30,2369
2018-01-25 12:35,2379
2018-01-25 12:40,2421
2018-01-25 12:45,2436
2018-01-25 12:50,2462
2018-01-25 12:55,2468
2018-01-25 13:00,2494
2018-01-25 13:05,2498
2018-01-25 13:10,2517
2018-01-25 13:15,2519
2018-01-25 13:20,2535
2018-01-25 13:25,2554
2018-01-25 13:30,2540
2018-01-25 13:35,2560
2018-01-25 13:40,2576
2018-01-25 13:45,2594
2018-01-25 13:50,2611
2018-01-25 13:55,2601
2018-01-25 14:00,2598
2018-01-25 14:05,2633
2018-01-25 14:10,2650
2018-01-25 14:15,2673
2018-01-25 14:20,2683
2018-01-25 14:25,2688
2018-01-25 14:30,2717
2018-01-25 14:35,2735
2018-01-25 14:40,2727
2018-01-25 14:45,2680
2018-01-25 14:50,2622
2018-01-25 14:55,2571
2018-01-25 15:00,2484
2018-01-25 15:05,1727
2018-01-25 15:10,1701
2018-01-25 15:15,1696
2018-01-25 15:20,1694
2018-01-25 15:25,1717
2018-01-25 15:30,1744
2018-01-25 15:35,1777
2018-01-25 15:40,1769
2018-01-25 15:45,1768
2018-01-25 15:50,1793
2018-01-25 15:55,1804
2018-01-25 16:00,1815
2018-01-25 16:05,1825
2018-01-25 16:10,1838
2018-01-25 16:15,1847
2018-01-25 16:20,1883
2018-01-25 16:25,1871
2018-01-25 16:30,1888
2018-01-25 16:35,1949
2018-01-25 16:40,1955
2018-01-25 16:45,2124
2018-01-25 16:50,0
2018-01-25 16:55,2398
2018-01-25 17:00,2589
2018-01-25 17:05,2750
2018-01-25 17:10,2882
2018-01-25 17:15,2984
2018-01-25 17:20,3073
2018-01-25 17:25,3141
2018-01-25 17:30,3214
2018-01-25 17:35,3311
2018-01-25 17:40,3409
2018-01-25 17:45,3478
2018-01-25 17:50,3519
2018-01-25 17:55,3543
2018-01-25 18:00,3582
2018-01-25 18:05,3612
2018-01-25 18:10,3631
2018-01-25 18:15,3651
2018-01-25 18:20,3658
2018-01-25 18:25,3668
2018-01-25 18:30,3680
2018-01-25 18:35,3695
2018-01-25 18:40,3712
2018-01-25 18:45,3704
2018-01-25 18:50,3711
2018-01-25 18:55,3721
2018-01-25 19:00,3717
2018-01-25 19:05,3714
2018-01-25 19:10,3725
2018-01-25 19:15,3729
2018-01-25 19:20,3743
2018-01-25 19:25,3747
2018-01-25 19:30,3737
2018-01-25 19:35,3740
2018-01-25 19:40,3706
2018-01-25 19:45,3704
2018-01-25 19:50,3699
2018-01-25 19:55,3650
2018-01-25 20:00,3658
2018-01-25 20:05,3654
2018-01-25 20:10,3633
2018-01-25 20:15,3643
2018-01-25 20:20,3631
2018-01-25 20:25,3614
2018-01-25 20:30,3585
2018-01-25 20:35,3597
2018-01-25 20:40,3572
2018-01-25 20:45,3542
2018-01-25 20:50,3566
2018-01-25 20:55,3514
2018-01-25 21:00,3481
2018-01-25 21:05,3438
2018-01-25 21:10,3406
2018-01-25 21:15,3373
2018-01-25 21:20,3335
2018-01-25 21:25,3291
2018-01-25 21:30,3259
2018-01-25 21:35,3232
2018-01-25 21:40,3206
2018-01-25 21:45,3167
2018-01-25 21:50,3139
2018-01-25 21:55,3130
2018-01-25 22:00,3073
2018-01-25 22:05,3012
2018-01-25 22:10,2980
2018-01-25 22:15,2912
2018-01-25 22:20,2883
2018-01-25 22:25,2867
2018-01-25 22:30,2857
2018-01-25 22:35,2832
2018-01-25 22:40,2790
2018-01-25 22:45,2772
2018-01-25 22:50,2732
2018-01-25 22:55,2734
2018-01-25 23:00,2706
2018-01-25 23:05,2677
2018-01-25 23:10,2669
2018-01-25 23:15,2658
2018-01-25 23:20,2652
2018-01-25 23:25,2657
2018-01-25 23:30,2653
2018-01-25 23:35,2647
2018-01-25 23:40,2646
2018-01-25 23:45,2600
2018-01-25 23:50,2563
2018-01-25 23:55,2554
2018-01-26 00:00,2511
2018-01-26 00:05,2491
2018-01-26 00:10,2464
2018-01-26 00:15,2438
2018-01-26 00:20,2437
2018-01-26 00:25,2438
2018-01-26 00:30,2416
2018-01-26 00:35,2391
2018-01-26 00:40,2386
2018-01-26 00:45,2374
2018-01-26 00:50,2364
2018-01-26 00:55,2370
2018-01-26 01:00,2362
2018-01-26 01:05,2314
2018-01-26 01:10,2278
2018-01-26 01:15,2288
2018-01-26 01:20,2281
2018-01-26 01:25,2284
2018-01-26 01:30,2260
2018-01-26 01:35,2217
2018-01-26 01:40,2209
2018-01-26 01:45,2209
2018-01-26 01:50,2200
2018-01-26 01:55,2209
2018-01-26 02:00,2188
2018-01-26 02:05,2179
2018-01-26 02:10,2181
2018-01-26 02:15,2178
2018-01-26 02:20,2175
2018-01-26 02:25,2183
2018-01-26 02:30,2174
2018-01-26 02:35,2168
2018-01-26 02:40,2152
2018-01-26 02:45,2152
2018-01-26 02:50,2160
2018-01-26 02:55,2157
2018-01-26 03:00,2138
2018-01-26 03:05,2125
2018-01-26 03:10,2101
2018-01-26 03:15,2094
2018-01-26 03:20,2088
2018-01-26 03:25,2043
2018-01-26 03:30,2033
2018-01-26 03:35,2017
2018-01-26 03:40,2000
2018-01-26 03:45,1986
2018-01-26 03:50,1958
2018-01-26 03:55,1955
2018-01-26 04:00,1971
2018-01-26 04:05,1965
2018-01-26 04:10,1938
2018-01-26 04:15,1928
2018-01-26 04:20,1912
2018-01-26 04:25,1901
2018-01-26 04:30,1880
2018-01-26 04:35,1888
2018-01-26 04:40,1872
2018-01-26 04:45,1855
2018-01-26 04:50,1827
2018-01-26 04:55,1820
2018-01-26 05:00,1801
2018-01-26 05:05,1766
2018-01-26 05:10,1758
2018-01-26 05:15,1735
2018-01-26 05:20,1724
2018-01-26 05:25,1729
2018-01-26 05:30,1721
2018-01-26 05:35,1720
2018-01-26 05:40,1693
2018-01-26 05:45,1689
2018-01-26 05:50,1670
2018-01-26 05:55,1648
2018-01-26 06:00,1638
2018-01-26 06:05,1635
2018-01-26 06:10,1628
2018-01-26 06:15,1620
2018-01-26 06:20,1614
2018-01-26 06:25,1606
2018-01-26 06:30,1625
2018-01-26 06:35,1623
2018-01-26 06:40,1607
2018-01-26 06:45,1619
2018-01-26 06:50,1621
2018-01-26 06:55,1630
2018-01-26 07:00,1619
2018-01-26 07:05,1602
2018-01-26 07:10,1591
2018-01-26 07:15,1598
2018-01-26 07:20,1583
2018-01-26 07:25,1589
2018-01-26 07:30,1601
2018-01-26 07:35,1604
2018-01-26 07:40,1616
2018-01-26 07:45,1631
2018-01-26 07:50,1622
2018-01-26 07:55,1605
2018-01-26 08:00,1629
2018-01-26 08:05,1632
2018-01-26 08:10,1660
2018-01-26 08:15,1674
2018-01-26 08:20,1674
2018-01-26 08:25,1683
2018-01-26 08:30,1704
2018-01-26 08:35,1724
2018-01-26 08:40,1716
2018-01-26 08:45,1730
2018-01-26 08:50,1722
2018-01-26 08:55,1746
2018-01-26 09:00,1767
2018-01-26 09:05,1785
2018-01-26 09:10,1800
2018-01-26 09:15,1799
2018-01-26 09:20,1812
2018-01-26 09:25,1835
2018-01-26 09:30,1855
2018-01-26 09:35,1880
2018-01-26 09:40,1886
2018-01-26 09:45,1895
2018-01-26 09:50,1906
2018-01-26 09:55,1891
2018-01-26 10:00,1914
2018-01-26 10:05,1964
2018-01-26 10:10,1986
2018-01-26 10:15,2000
2018-01-26 10:20,2050
2018-01-26 10:25,2077
2018-01-26 10:30,2096
2018-01-26 10:35,2086
2018-01-26 10:40,2110
2018-01-26 10:45,2127
2018-01-26 10:50,2148
2018-01-26 10:55,2168
2018-01-26 11:00,2167
2018-01-26 11:05,2186
2018-01-26 11:10,2190
2018-01-26 11:15,2197
2018-01-26 11:20,2221
2018-01-26 11:25,2222
2018-01-26 11:30,2218
2018-01-26 11:35,2250
2018-01-26 11:40,2258
2018-01-26 11:45,2284
2018-01-26 11:50,2320
2018-01-26 11:55,2331
2018-01-26 12:00,2356
2018-01-26 12:05,2347
2018-01-26 12:10,2369
2018-01-26 12:15,2385
2018-01-26 12:20,2381
2018-01-26 12:25,2374
2018-01-26 12:30,2390
2018-01-26 12:35,2388
2018-01-26 12:40,2439
2018-01-26 12:45,2461
2018-01-26 12:50,2481
2018-01-26 12:55,2506
2018-01-26 13:00,2541
2018-01-26 13:05,2540
2018-01-26 13:10,2537
2018-01-26 13:15,2553
2018-01-26 13:20,2566
2018-01-26 13:25,2583
2018-01-26 13:30,2586
2018-01-26 13:35,2615
2018-01-26 13:40,2610
2018-01-26 13:45,2631
2018-01-26 13:50,2642
2018-01-26 13:55,2650
2018-01-26 14:00,2655
2018-01-26 14:05,2679
2018-01-26 14:10,2711
2018-01-26 14:15,2745
2018-01-26 14:20,2784
2018-01-26 14:25,2804
2018-01-26 14:30,2826
2018-01-26 14:35,2855
2018-01-26 14:40,2881
2018-01-26 14:45,2894
2018-01-26 14:50,2895
2018-01-26 14:55,2901
2018-01-26 15:00,2951
2018-01-26 15:05,2972
2018-01-26 15:10,2989
2018-01-26 15:15,3019
2018-01-26 15:20,3049
2018-01-26 15:25,3024
2018-01-26 15:30,3049
2018-01-26 15:35,3057
2018-01-26 15:40,3049
2018-01-26 15:45,3055
2018-01-26 15:50,3101
2018-01-26 15:55,3114
2018-01-26 16:00,3131
2018-01-26 16:05,3135
2018-01-26 16:10,3129
2018-01-26 16:15,3138
2018-01-26 16:20,3153
2018-01-26 16:25,3190
2018-01-26 16:30,3226
2018-01-26 16:35,3232
2018-01-26 16:40,3249
2018-01-26 16:45,3256
2018-01-26 16:50,3288
2018-01-26 16:55,3299
2018-01-26 17:00,3331
2018-01-26 17:05,3327
2018-01-26 17:10,3333
2018-01-26 17:15,3326
2018-01-26 17:20,3372
2018-01-26 17:25,3371
2018-01-26 17:30,3405
2018-01-26 17:35,3410
2018-01-26 17:40,3425
2018-01-26 17:45,3411
2018-01-26 17:50,3433
2018-01-26 17:55,3453
2018-01-26 18:00,3417
2018-01-26 18:05,3403
2018-01-26 18:10,3433
2018-01-26 18:15,3429
2018-01-26 18:20,3421
2018-01-26 18:25,3465
2018-01-26 18:30,3500
2018-01-26 18:35,3480
2018-01-26 18:40,3486
2018-01-26 18:45,3496
2018-01-26 18:50,3500
2018-01-26 18:55,3525
2018-01-26 19:00,3519
2018-01-26 19:05,3509
2018-01-26 19:10,3513
2018-01-26 19:15,3494
2018-01-26 19:20,3500
2018-01-26 19:25,3518
2018-01-26 19:30,3531
2018-01-26 19:35,3515
2018-01-26 19:40,3552
2018-01-26 19:45,3566
2018-01-26 19:50,3562
2018-01-26 19:55,3540
2018-01-26 20:00,3546
2018-01-26 20:05,3566
2018-01-26 20:10,3542
2018-01-26 20:15,3568
2018-01-26 20:20,3574
2018-01-26 20:25,3584
2018-01-26 20:30,3592
2018-01-26 20:35,3593
2018-01-26 20:40,3575
2018-01-26 20:45,3602
2018-01-26 20:50,3599
2018-01-26 20:55,3588
2018-01-26 21:00,3587
2018-01-26 21:05,3563
2018-01-26 21:10,3577
2018-01-26 21:15,3538
2018-01-26 21:20,3519
2018-01-26 21:25,3532
2018-01-26 21:30,3524
2018-01-26 21:35,3499
2018-01-26 21:40,3470
2018-01-26 21:45,3449
2018-01-26 21:50,3437
2018-01-26 21:55,3406
2018-01-26 22:00,3393
2018-01-26 22:05,3353
2018-01-26 22:10,3338
2018-01-26 22:15,3313
2018-01-26 22:20,3276
2018-01-26 22:25,3276
2018-01-26 22:30,3253
2018-01-26 22:35,3208
2018-01-26 22:40,3179
2018-01-26 22:45,3159
2018-01-26 22:50,3136
2018-01-26 22:55,3113
2018-01-26 23:00,3060
2018-01-26 23:05,3033
2018-01-26 23:10,3013
2018-01-26 23:15,2956
2018-01-26 23:20,2931
2018-01-26 23:25,2930
2018-01-26 23:30,2934
2018-01-26 23:35,2938
2018-01-26 23:40,2928
2018-01-26 23:45,2909
2018-01-26 23:50,2892
2018-01-26 23:55,2854
2018-01-27 00:00,2838
2018-01-27 00:05,2813
2018-01-27 00:10,2777
2018-01-27 00:15,2779
2018-01-27 00:20,2734
2018-01-27 00:25,2719
2018-01-27 00:30,2687
2018-01-27 00:35,2664
2018-01-27 00:40,2666
2018-01-27 00:45,2651
2018-01-27 00:50,2630
2018-01-27 00:55,2605
2018-01-27 01:00,2574
2018-01-27 01:05,2572
2018-01-27 01:10,2551
2018-01-27 01:15,2512
2018-01-27 01:20,2475
2018-01-27 01:25,2451
2018-01-27 01:30,2421
2018-01-27 01:35,2416
2018-01-27 01:40,2425
2018-01-27 01:45,2426
2018-01-27 01:50,2404
2018-01-27 01:55,2404
2018-01-27 02:00,2405
2018-01-27 02:05,2378
2018-01-27 02:10,2380
2018-01-27 02:15,2365
2018-01-27 02:20,2335
2018-01-27 02:25,2338
2018-01-27 02:30,2330
2018-01-27 02:35,2322
2018-01-27 02:40,2319
2018-01-27 02:45,2309
2018-01-27 02:50,2288
2018-01-27 02:55,2300
2018-01-27 03:00,2303
2018-01-27 03:05,2286
2018-01-27 03:10,2251
2018-01-27 03:15,2249
2018-01-27 03:20,2225
2018-01-27 03:25,0
2018-01-27 03:30,2212
2018-01-27 03:35,2206
2018-01-27 03:40,2185
2018-01-27 03:45,2166
2018-01-27 03:50,
2018-01-27 03:55,2167
2018-01-27 04:00,2163
2018-01-27 04:05,2165
2018-01-27 04:10,2147
2018-01-27 04:15,2131
2018-01-27 04:20,2109
2018-01-27 04:25,2105
2018-01-27 04:30,2096
2018-01-27 04:35,2080
2018-01-27 04:40,2043
2018-01-27 04:45,2033
2018-01-27 04:50,2034
2018-01-27 04:55,2040
2018-01-27 05:00,2010
2018-01-27 05:05,2004
2018-01-27 05:10,1982
2018-01-27 05:15,1975
2018-01-27 05:20,1979
2018-01-27 05:25,1972
2018-01-27 05:30,1947
2018-01-27 05:35,1949
2018-01-27 05:40,1956
2018-01-27 05:45,0
2018-01-27 05:50,1951
2018-01-27 05:55,1935
2018-01-27 06:00,1949
2018-01-27 06:05,1950
2018-01-27 06:10,1946
2018-01-27 06:15,1934
2018-01-27 06:20,1916
2018-01-27 06:25,1916
2018-01-27 06:30,1916
2018-01-27 06:35,1913
2018-01-27 06:40,1913
2018-01-27 06:45,1897
2018-01-27 06:50,1919
2018-01-27 06:55,1934
2018-01-27 07:00,1928
2018-01-27 07:05,1932
2018-01-27 07:10,1932
2018-01-27 07:15,1916
2018-01-27 07:20,1894
2018-01-27 07:25,1885
2018-01-27 07:30,1877
2018-01-27 07:35,1878
2018-01-27 07:40,1867
2018-01-27 07:45,1873
2018-01-27 07:50,1888
2018-01-27 07:55,1910
2018-01-27 08:00,1914
2018-01-27 08:05,1923
2018-01-27 08:10,1953
2018-01-27 08:15,1976
2018-01-27 08:20,2000
2018-01-27 08:25,2028
2018-01-27 08:30,2050
2018-01-27 08:35,2086
2018-01-27 08:40,2107
2018-01-27 08:45,2108
2018-01-27 08:50,2125
2018-01-27 08:55,2142
2018-01-27 09:00,2170
2018-01-27 09:05,2191
2018-01-27 09:10,2204
2018-01-27 09:15,2217
2018-01-27 09:20,2268
2018-01-27 09:25,2285
2018-01-27 09:30,2304
2018-01-27 09:35,2331
2018-01-27 09:40,2360
2018-01-27 09:45,2394
2018-01-27 09:50,2438
2018-01-27 09:55,2484
2018-01-27 10:00,2521
2018-01-27 10:05,2544
2018-01-27 10:10,2567
2018-01-27 10:15,2576
2018-01-27 10:20,2622
2018-01-27 10:25,2642
2018-01-27 10:30,2654
2018-01-27 10:35,2673
2018-01-27 10:40,2697
2018-01-27 10:45,2715
2018-01-27 10:50,2722
2018-01-27 10:55,2733
2018-01-27 11:00,2747
2018-01-27 11:05,2763
2018-01-27 11:10,2782
2018-01-27 11:15,2827
2018-01-27 11:20,2842
2018-01-27 11:25,2845
2018-01-27 11:30,2855
2018-01-27 11:35,2856
2018-01-27 11:40,2863
2018-01-27 11:45,2878
2018-01-27 11:50,2905
2018-01-27 11:55,2912
2018-01-27 12:00,2963
2018-01-27 12:05,2990
2018-01-27 12:10,3030
2018-01-27 12:15,3039
2018-01-27 12:20,3038
2018-01-27 12:25,3066
2018-01-27 12:30,3097
2018-01-27 12:35,3110
2018-01-27 12:40,3143
2018-01-27 12:45,3180
2018-01-27 12:50,3199
2018-01-27 12:55,3218
2018-01-27 13:00,3240
2018-01-27 13:05,3264
2018-01-27 13:10,3303
2018-01-27 13:15,3339
2018-01-27 13:20,3364
2018-01-27 13:25,3384
2018-01-27 13:30,3403
2018-01-27 13:35,3440
2018-01-27 13:40,3438
2018-01-27 13:45,3473
2018-01-27 13:50,3479
2018-01-27 13:55,3481
2018-01-27 14:00,3468
2018-01-27 14:05,3480
2018-01-27 14:10,3485
2018-01-27 14:15,3531
2018-01-27 14:20,3567
2018-01-27 14:25,3602
2018-01-27 14:30,3617
2018-01-27 14:35,3677
2018-01-27 14:40,3688
2018-01-27 14:45,3713
2018-01-27 14:50,3738
2018-01-27 14:55,3764
2018-01-27 15:00,3819
2018-01-27 15:05,3823
2018-01-27 15:10,3861
2018-01-27 15:15,3837
2018-01-27 15:20,3829
2018-01-27 15:25,3854
2018-01-27 15:30,3878
2018-01-27 15:35,3890
2018-01-27 15:40,3897
2018-01-27 15:45,3899
2018-01-27 15:50,3910
2018-01-27 15:55,3909
2018-01-27 16:00,3912
2018-01-27 16:05,3906
2018-01-27 16:10,3931
2018-01-27 16:15,3962
2018-01-27 16:20,3952
2018-01-27 16:25,3957
2018-01-27 16:30,3962
2018-01-27 16:35,3947
2018-01-27 16:40,3963
2018-01-27 16:45,3968
2018-01-27 16:50,3976
2018-01-27 16:55,4005
2018-01-27 17:00,4010
2018-01-27 17:05,4006
2018-01-27 17:10,4027
2018-01-27 17:15,4057
2018-01-27 17:20,4031
2018-01-27 17:25,4033
2018-01-27 17:30,4016
2018-01-27 17:35,4034
2018-01-27 17:40,3999
2018-01-27 17:45,3980
2018-01-27 17:50,3983
2018-01-27 17:55,3974
2018-01-27 18:00,3943
2018-01-27 18:05,3923
2018-01-27 18:10,3915
2018-01-27 18:15,3936
2018-01-27 18:20,3904
2018-01-27 18:25,3942
2018-01-27 18:30,3962
2018-01-27 18:35,3954
2018-01-27 18:40,3993
2018-01-27 18:45,4011
2018-01-27 18:50,3996
2018-01-27 18:55,3993
2018-01-27 19:00,4000
2018-01-27 19:05,4004
2018-01-27 19:10,3957
2018-01-27 19:15,3997
2018-01-27 19:20,4002
2018-01-27 19:25,3982
2018-01-27 19:30,4013
2018-01-27 19:35,4023
2018-01-27 19:40,4007
2018-01-27 19:45,4028
2018-01-27 19:50,4028
2018-01-27 19:55,4035
2018-01-27 20:00,4018
2018-01-27 20:05,4018
2018-01-27 20:10,3980
2018-01-27 20:15,3998
2018-01-27 20:20,3975
2018-01-27 20:25,3986
2018-01-27 20:30,3961
2018-01-27 20:35,3996
2018-01-27 20:40,4019
2018-01-27 20:45,3993
2018-01-27 20:50,4015
2018-01-27 20:55,4009
2018-01-27 21:00,4038
2018-01-27 21:05,4018
2018-01-27 21:10,4025
2018-01-27 21:15,3981
2018-01-27 21:20,3965
2018-01-27 21:25,3920
2018-01-27 21:30,3918
2018-01-27 21:35,3891
2018-01-27 21:40,3872
2018-01-27 21:45,3860
2018-01-27 21:50,3828
2018-01-27 21:55,3862
2018-01-27 22:00,3833
2018-01-27 22:05,3807
2018-01-27 22:10,3768
2018-01-27 22:15,3744
2018-01-27 22:20,3720
2018-01-27 22:25,3674
2018-01-27 22:30,3635
2018-01-27 22:35,3614
2018-01-27 22:40,3556
2018-01-27 22:45,3570
2018-01-27 22:50,3542
2018-01-27 22:55,3508
2018-01-27 23:00,3504
2018-01-27 23:05,3498
2018-01-27 23:10,3459
2018-01-27 23:15,3420
2018-01-27 23:20,3374
2018-01-27 23:25,3339
2018-01-27 23:30,3319
2018-01-27 23:35,3285
2018-01-27 23:40,3200
2018-01-27 23:45,3170
2018-01-27 23:50,3175
2018-01-27 23:55,3122
2018-01-28 00:00,3100
2018-01-28 00:05,3058
2018-01-28 00:10,3032
2018-01-28 00:15,3010
2018-01-28 00:20,2962
2018-01-28 00:25,2946
2018-01-28 00:30,2910
2018-01-28 00:35,2908
2018-01-28 00:40,2884
2018-01-28 00:45,2859
2018-01-28 00:50,2833
2018-01-28 00:55,2800
2018-01-28 01:00,2777
2018-01-28 01:05,2766
2018-01-28 01:10,2750
2018-01-28 01:15,2719
2018-01-28 01:20,2696
2018-01-28 01:25,2665
2018-01-28 01:30,2642
2018-01-28 01:35,2618
2018-01-28 01:40,2567
2018-01-28 01:45,2569
2018-01-28 01:50,2539
2018-01-28 01:55,2533
2018-01-28 02:00,2512
2018-01-28 02:05,2494
2018-01-28 02:10,2488
2018-01-28 02:15,2477
2018-01-28 02:20,2472
2018-01-28 02:25,2472
2018-01-28 02:30,2482
2018-01-28 02:35,2462
2018-01-28 02:40,
2018-01-28 02:45,2434
2018-01-28 02:50,2444
2018-01-28 02:55,2432
2018-01-28 03:00,2412
2018-01-28 03:05,2403
2018-01-28 03:10,2385
2018-01-28 03:15,2377
2018-01-28 03:20,2380
2018-01-28 03:25,2380
2018-01-28 03:30,2354
2018-01-28 03:35,2357
2018-01-28 03:40,2351
2018-01-28 03:45,2338
2018-01-28 03:50,2351
2018-01-28 03:55,2353
2018-01-28 04:00,2336
2018-01-28 04:05,2315
2018-01-28 04:10,2335
2018-01-28 04:15,2320
2018-01-28 04:20,2309
2018-01-28 04:25,2295
2018-01-28 04:30,2275
2018-01-28 04:35,2270
2018-01-28 04:40,2261
2018-01-28 04:45,2243
2018-01-28 04:50,2220
2018-01-28 04:55,2195
2018-01-28 05:00,2179
2018-01-28 05:05,2132
2018-01-28 05:10,2122
2018-01-28 05:15,2112
2018-01-28 05:20,2110
2018-01-28 05:25,2101
2018-01-28 05:30,2080
2018-01-28 05:35,2062
2018-01-28 05:40,2046
2018-01-28 05:45,2031
2018-01-28 05:50,1995
2018-01-28 05:55,2013
2018-01-28 06:00,2004
2018-01-28 06:05,2007
2018-01-28 06:10,2000
2018-01-28 06:15,1992
2018-01-28 06:20,2011
2018-01-28 06:25,2017
2018-01-28 06:30,2005
2018-01-28 06:35,2002
2018-01-28 06:40,2006
2018-01-28 06:45,2004
2018-01-28 06:50,2015
2018-01-28 06:55,2002
2018-01-28 07:00,2010
2018-01-28 07:05,2010
2018-01-28 07:10,2011
2018-01-28 07:15,2021
2018-01-28 07:20,2032
2018-01-28 07:25,2028
2018-01-28 07:30,2041
2018-01-28 07:35,2046
2018-01-28 07:40,2054
2018-01-28 07:45,2072
2018-01-28 07:50,2103
2018-01-28 07:55,2138
2018-01-28 08:00,2158
2018-01-28 08:05,2177
2018-01-28 08:10,2173
2018-01-28 08:15,2215
2018-01-28 08:20,2255
2018-01-28 08:25,2279
2018-01-28 08:30,2295
2018-01-28 08:35,2328
2018-01-28 08:40,2352
2018-01-28 08:45,2375
2018-01-28 08:50,2402
2018-01-28 08:55,2445
2018-01-28 09:00,2476
2018-01-28 09:05,2508
2018-01-28 09:10,2539
2018-01-28 09:15,2567
2018-01-28 09:20,2563
2018-01-28 09:25,2556
2018-01-28 09:30,2591
2018-01-28 09:35,2611
2018-01-28 09:40,2646
2018-01-28 09:45,2674
2018-01-28 09:50,2723
2018-01-28 09:55,2724
2018-01-28 10:00,2761
2018-01-28 10:05,2815
2018-01-28 10:10,2851
2018-01-28 10:15,2894
2018-01-28 10:20,2955
2018-01-28 10:25,2986
2018-01-28 10:30,3007
2018-01-28 10:35,3033
2018-01-28 10:40,3065
2018-01-28 10:45,3094
2018-01-28 10:50,3111
2018-01-28 10:55,3123
2018-01-28 11:00,3155
2018-01-28 11:05,3164
2018-01-28 11:10,3171
2018-01-28 11:15,3198
2018-01-28 11:20,3183
2018-01-28 11:25,3215
2018-01-28 11:30,3234
2018-01-28 11:35,3247
2018-01-28 11:40,3277
2018-01-28 11:45,3297
2018-01-28 11:50,3308
2018-01-28 11:55,3330
2018-01-28 12:00,3348
2018-01-28 12:05,3360
2018-01-28 12:10,3377
2018-01-28 12:15,3394
2018-01-28 12:20,3418
2018-01-28 12:25,3433
2018-01-28 12:30,3421
2018-01-28 12:35,3439
2018-01-28 12:40,3458
2018-01-28 12:45,3479
2018-01-28 12:50,3498
2018-01-28 12:55,3534
2018-01-28 13:00,3563
2018-01-28 13:05,3566
2018-01-28 13:10,3575
2018-01-28 13:15,3602
2018-01-28 13:20,3630
2018-01-28 13:25,3648
2018-01-28 13:30,3689
2018-01-28 13:35,3687
2018-01-28 13:40,3712
2018-01-28 13:45,3731
2018-01-28 13:50,3749
2018-01-28 13:55,3752
2018-01-28 14:00,3778
2018-01-28 14:05,3777
2018-01-28 14:10,3798
2018-01-28 14:15,3725
2018-01-28 14:20,3814
2018-01-28 14:25,3859
2018-01-28 14:30,3891
2018-01-28 14:35,3920
2018-01-28 14:40,3955
2018-01-28 14:45,3978
2018-01-28 14:50,3991
2018-01-28 14:55,4023
2018-01-28 15:00,4017
2018-01-28 15:05,4019
2018-01-28 15:10,4037
2018-01-28 15:15,4046
2018-01-28 15:20,4070
2018-01-28 15:25,4102
2018-01-28 15:30,4133
2018-01-28 15:35,4145
2018-01-28 15:40,4123
2018-01-28 15:45,4131
2018-01-28 15:50,4125
2018-01-28 15:55,4174
2018-01-28 16:00,4187
2018-01-28 16:05,4183
2018-01-28 16:10,4197
2018-01-28 16:15,4197
2018-01-28 16:20,4230
2018-01-28 16:25,4256
2018-01-28 16:30,4260
2018-01-28 16:35,4308
2018-01-28 16:40,4323
2018-01-28 16:45,4348
2018-01-28 16:50,4327
2018-01-28 16:55,4325
2018-01-28 17:00,4324
2018-01-28 17:05,4309
2018-01-28 17:10,4330
2018-01-28 17:15,4354
2018-01-28 17:20,4352
2018-01-28 17:25,4378
2018-01-28 17:30,4410
2018-01-28 17:35,4411
2018-01-28 17:40,4422
2018-01-28 17:45,4453
2018-01-28 17:50,4481
2018-01-28 17:55,4467
2018-01-28 18:00,4474
2018-01-28 18:05,4448
2018-01-28 18:10,4455
2018-01-28 18:15,4462
2018-01-28 18:20,4456
2018-01-28 18:25,4489
2018-01-28 18:30,4514
2018-01-28 18:35,4532
2018-01-28 18:40,4515
2018-01-28 18:45,4500
2018-01-28 18:50,4493
2018-01-28 18:55,4466
2018-01-28 19:00,4457
2018-01-28 19:05,4447
2018-01-28 19:10,4442
2018-01-28 19:15,4451
2018-01-28 19:20,4466
2018-01-28 19:25,4463
2018-01-28 19:30,4460
2018-01-28 19:35,4420
2018-01-28 19:40,4421
2018-01-28 19:45,4410
2018-01-28 19:50,4421
2018-01-28 19:55,4434
2018-01-28 20:00,4418
2018-01-28 20:05,4416
2018-01-28 20:10,4391
2018-01-28 20:15,4358
2018-01-28 20:20,0
2018-01-28 20:25,4315
2018-01-28 20:30,4297
2018-01-28 20:35,4266
2018-01-28 20:40,4253
2018-01-28 20:45,4260
2018-01-28 20:50,4217
2018-01-28 20:55,4191
2018-01-28 21:00,4173
2018-01-28 21:05,4097
2018-01-28 21:10,4052
2018-01-28 21:15,4000
2018-01-28 21:20,3949
2018-01-28 21:25,3925
2018-01-28 21:30,3922
2018-01-28 21:35,3899
2018-01-28 21:40,3873
2018-01-28 21:45,3880
2018-01-28 21:50,3823
2018-01-28 21:55,3786
2018-01-28 22:00,3756
2018-01-28 22:05,3653
2018-01-28 22:10,3641
2018-01-28 22:15,3574
2018-01-28 22:20,3514
2018-01-28 22:25,3475
2018-01-28 22:30,3451
2018-01-28 22:35,3422
2018-01-28 22:40,3404
2018-01-28 22:45,3384
2018-01-28 22:50,3357
2018-01-28 22:55,3339
2018-01-28 23:00,3277
2018-01-28 23:05,3239
2018-01-28 23:10,3199
2018-01-28 23:15,3169
2018-01-28 23:20,3132
2018-01-28 23:25,3089
2018-01-28 23:30,3039
2018-01-28 23:35,2987
2018-01-28 23:40,2966
2018-01-28 23:45,2942
2018-01-28 23:50,2928
2018-01-28 23:55,2881
2018-01-29 00:00,2828
2018-01-29 00:05,2818
2018-01-29 00:10,2780
2018-01-29 00:15,2761
2018-01-29 00:20,2727
2018-01-29 00:25,2722
2018-01-29 00:30,2705
2018-01-29 00:35,2675
2018-01-29 00:40,2674
2018-01-29 00:45,2672
2018-01-29 00:50,2650
2018-01-29 00:55,2651
2018-01-29 01:00,2617
2018-01-29 01:05,2591
2018-01-29 01:10,2590
2018-01-29 01:15,2577
2018-01-29 01:20,2566
2018-01-29 01:25,2568
2018-01-29 01:30,2552
2018-01-29 01:35,2541
2018-01-29 01:40,2525
2018-01-29 01:45,2520
2018-01-29 01:50,2487
2018-01-29 01:55,2476
2018-01-29 02:00,2450
2018-01-29 02:05,2461
2018-01-29 02:10,2463
2018-01-29 02:15,2433
2018-01-29 02:20,2439
2018-01-29 02:25,2411
2018-01-29 02:30,2387
2018-01-29 02:35,2362
2018-01-29 02:40,2340
2018-01-29 02:45,2343
2018-01-29 02:50,2350
2018-01-29 02:55,2327
2018-01-29 03:00,2315
2018-01-29 03:05,2315
2018-01-29 03:10,2302
2018-01-29 03:15,2278
2018-01-29 03:20,2274
2018-01-29 03:25,2247
2018-01-29 03:30,2245
2018-01-29 03:35,2215
2018-01-29 03:40,2190
2018-01-29 03:45,2167
2018-01-29 03:50,2170
2018-01-29 03:55,2134
2018-01-29 04:00,2126
2018-01-29 04:05,2084
2018-01-29 04:10,2062
2018-01-29 04:15,2031
2018-01-29 04:20,2017
2018-01-29 04:25,2012
2018-01-29 04:30,2005
2018-01-29 04:35,1981
2018-01-29 04:40,1969
2018-01-29 04:45,1947
2018-01-29 04:50,1954
2018-01-29 04:55,1939
2018-01-29 05:00,1898
2018-01-29 05:05,1876
2018-01-29 05:10,1872
2018-01-29 05:15,1859
2018-01-29 05:20,1836
2018-01-29 05:25,1824
2018-01-29 05:30,1806
2018-01-29 05:35,1784
2018-01-29 05:40,1777
2018-01-29 05:45,1757
2018-01-29 05:50,1751
2018-01-29 05:55,1732
2018-01-29 06:00,1707
2018-01-29 06:05,1694
2018-01-29 06:10,1680
2018-01-29 06:15,1673
2018-01-29 06:20,1664
2018-01-29 06:25,1663
2018-01-29 06:30,1669
2018-01-29 06:35,1649
2018-01-29 06:40,1668
2018-01-29 06:45,1663
2018-01-29 06:50,1647
2018-01-29 06:55,1642
2018-01-29 07:00,1653
2018-01-29 07:05,1652
2018-01-29 07:10,1646
2018-01-29 07:15,1640
2018-01-29 07:20,1660
2018-01-29 07:25,1659
2018-01-29 07:30,1654
2018-01-29 07:35,1679
2018-01-29 07:40,1677
2018-01-29 07:45,1688
2018-01-29 07:50,1690
2018-01-29 07:55,1697
2018-01-29 08:00,1700
2018-01-29 08:05,1694
2018-01-29 08:10,1707
2018-01-29 08:15,1716
2018-01-29 08:20,1714
2018-01-29 08:25,1709
2018-01-29 08:30,1714
2018-01-29 08:35,1735
2018-01-29 08:40,1753
2018-01-29 08:45,1772
2018-01-29 08:50,1783
2018-01-29 08:55,1804
2018-01-29 09:00,1807
2018-01-29 09:05,1809
2018-01-29 09:10,1824
2018-01-29 09:15,1829
2018-01-29 09:20,1822
2018-01-29 09:25,1837
2018-01-29 09:30,1855
2018-01-29 09:35,1866
2018-01-29 09:40,1904
2018-01-29 09:45,1916
2018-01-29 09:50,1931
2018-01-29 09:55,1946
2018-01-29 10:00,1995
2018-01-29 10:05,2035
2018-01-29 10:10,2046
2018-01-29 10:15,2069
2018-01-29 10:20,2113
2018-01-29 10:25,2128
2018-01-29 10:30,2154
2018-01-29 10:35,2162
2018-01-29 10:40,2168
2018-01-29 10:45,2173
2018-01-29 10:50,2171
2018-01-29 10:55,2178
2018-01-29 11:00,2191
2018-01-29 11:05,2223
2018-01-29 11:10,2213
2018-01-29 11:15,2233
2018-01-29 11:20,2257
2018-01-29 11:25,2308
2018-01-29 11:30,2323
2018-01-29 11:35,2350
2018-01-29 11:40,2362
2018-01-29 11:45,2368
2018-01-29 11:50,2397
2018-01-29 11:55,2389
2018-01-29 12:00,2416
2018-01-29 12:05,2431
2018-01-29 12:10,2428
2018-01-29 12:15,2458
2018-01-29 12:20,2451
2018-01-29 12:25,2473
2018-01-29 12:30,2464
2018-01-29 12:35,2462
2018-01-29 12:40,2489
2018-01-29 12:45,2493
2018-01-29 12:50,2505
2018-01-29 12:55,2513
2018-01-29 13:00,2550
2018-01-29 13:05,2550
2018-01-29 13:10,2574
2018-01-29 13:15,2601
2018-01-29 13:20,2599
2018-01-29 13:25,2639
2018-01-29 13:30,2682
2018-01-29 13:35,2722
2018-01-29 13:40,2749
2018-01-29 13:45,2749
2018-01-29 13:50,2775
2018-01-29 13:55,2805
2018-01-29 14:00,2813
2018-01-29 14:05,2834
2018-01-29 14:10,2826
2018-01-29 14:15,2857
2018-01-29 14:20,2870
2018-01-29 14:25,2901
2018-01-29 14:30,2915
2018-01-29 14:35,2933
2018-01-29 14:40,2944
2018-01-29 14:45,2945
2018-01-29 14:50,2995
2018-01-29 14:55,3007
2018-01-29 15:00,3036
2018-01-29 15:05,3048
2018-01-29 15:10,3054
2018-01-29 15:15,3052
2018-01-29 15:20,3096
2018-01-29 15:25,3129
2018-01-29 15:30,3159
2018-01-29 15:35,3185
2018-01-29 15:40,3197
2018-01-29 15:45,3234
2018-01-29 15:50,3251
2018-01-29 15:55,3253
2018-01-29 16:00,3280
2018-01-29 16:05,3299
2018-01-29 16:10,3317
2018-01-29 16:15,3315
2018-01-29 16:20,3338
2018-01-29 16:25,3340
2018-01-29 16:30,3359
2018-01-29 16:35,3357
2018-01-29 16:40,3429
2018-01-29 16:45,3473
2018-01-29 16:50,3496
2018-01-29 16:55,3536
2018-01-29 17:00,3553
2018-01-29 17:05,3582
2018-01-29 17:10,3610
2018-01-29 17:15,3625
2018-01-29 17:20,3647
2018-01-29 17:25,3658
2018-01-29 17:30,3666
2018-01-29 17:35,3675
2018-01-29 17:40,3693
2018-01-29 17:45,3696
2018-01-29 17:50,3679
2018-01-29 17:55,3696
2018-01-29 18:00,3753
2018-01-29 18:05,3791
2018-01-29 18:10,3801
2018-01-29 18:15,3825
2018-01-29 18:20,3841
2018-01-29 18:25,3831
2018-01-29 18:30,3846
2018-01-29 18:35,3862
2018-01-29 18:40,3883
2018-01-29 18:45,3896
2018-01-29 18:50,3900
2018-01-29 18:55,3807
2018-01-29 19:00,3838
2018-01-29 19:05,3860
2018-01-29 19:10,3872
2018-01-29 19:15,3833
2018-01-29 19:20,3817
2018-01-29 19:25,3838
2018-01-29 19:30,3868
2018-01-29 19:35,3877
2018-01-29 19:40,3903
2018-01-29 19:45,3883
2018-01-29 19:50,3890
2018-01-29 19:55,3883
2018-01-29 20:00,3897
2018-01-29 20:05,3895
2018-01-29 20:10,3907
2018-01-29 20:15,3916
2018-01-29 20:20,3901
2018-01-29 20:25,3875
2018-01-29 20:30,3843
2018-01-29 20:35,3813
2018-01-29 20:40,3815
2018-01-29 20:45,3792
2018-01-29 20:50,3781
2018-01-29 20:55,3753
2018-01-29 21:00,3738
2018-01-29 21:05,3694
2018-01-29 21:10,3646
2018-01-29 21:15,3640
2018-01-29 21:20,3614
2018-01-29 21:25,3569
2018-01-29 21:30,3496
2018-01-29 21:35,3451
2018-01-29 21:40,3463
2018-01-29 21:45,3423
2018-01-29 21:50,3423
2018-01-29 21:55,3387
2018-01-29 22:00,3329
2018-01-29 22:05,3296
2018-01-29 22:10,3245
2018-01-29 22:15,3220
2018-01-29 22:20,3188
2018-01-29 22:25,3167
2018-01-29 22:30,3144
2018-01-29 22:35,3093
2018-01-29 22:40,3075
2018-01-29 22:45,3030
2018-01-29 22:50,3022
2018-01-29 22:55,2981
2018-01-29 23:00,2951
2018-01-29 23:05,2938
2018-01-29 23:10,2903
2018-01-29 23:15,2889
2018-01-29 23:20,2830
2018-01-29 23:25,2844
2018-01-29 23:30,2826
2018-01-29 23:35,2790
2018-01-29 23:40,2775
2018-01-29 23:45,2758
2018-01-29 23:50,2732
2018-01-29 23:55,2711
2018-01-30 00:00,2714
2018-01-30 00:05,2675
2018-01-30 00:10,2668
2018-01-30 00:15,2663
2018-01-30 00:20,2644
2018-01-30 00:25,2627
2018-01-30 00:30,2603
2018-01-30 00:35,2580
2018-01-30 00:40,2586
2018-01-30 00:45,2577
2018-01-30 00:50,2560
2018-01-30 00:55,2537
2018-01-30 01:00,2516
2018-01-30 01:05,2545
2018-01-30 01:10,2529
2018-01-30 01:15,2505
2018-01-30 01:20,2483
2018-01-30 01:25,2472
2018-01-30 01:30,2456
2018-01-30 01:35,2438
2018-01-30 01:40,2426
2018-01-30 01:45,2433
2018-01-30 01:50,2409
2018-01-30 01:55,2405
2018-01-30 02:00,2384
2018-01-30 02:05,2385
2018-01-30 02:10,2372
2018-01-30 02:15,2372
2018-01-30 02:20,2362
2018-01-30 02:25,2339
2018-01-30 02:30,2313
2018-01-30 02:35,2305
2018-01-30 02:40,2281
2018-01-30 02:45,2263
2018-01-30 02:50,2241
2018-01-30 02:55,2235
2018-01-30 03:00,2220
2018-01-30 03:05,2201
2018-01-30 03:10,2166
2018-01-30 03:15,2117
2018-01-30 03:20,2078
2018-01-30 03:25,2069
2018-01-30 03:30,2027
2018-01-30 03:35,1982
2018-01-30 03:40,1966
2018-01-30 03:45,1957
2018-01-30 03:50,1937
2018-01-30 03:55,1951
2018-01-30 04:00,1960
2018-01-30 04:05,1917
2018-01-30 04:10,1903
2018-01-30 04:15,1900
2018-01-30 04:20,1876
2018-01-30 04:25,1872
2018-01-30 04:30,1898
2018-01-30 04:35,1883
2018-01-30 04:40,1868
2018-01-30 04:45,1847
2018-01-30 04:50,1837
2018-01-30 04:55,1822
2018-01-30 05:00,1804
2018-01-30 05:05,1812
2018-01-30 05:10,1784
2018-01-30 05:15,1773
2018-01-30 05:20,1754
2018-01-30 05:25,1748
2018-01-30 05:30,1728
2018-01-30 05:35,1713
2018-01-30 05:40,1711
2018-01-30 05:45,1710
2018-01-30 05:50,1683
2018-01-30 05:55,1695
2018-01-30 06:00,1687
2018-01-30 06:05,1677
2018-01-30 06:10,1670
2018-01-30 06:15,1682
2018-01-30 06:20,1678
2018-01-30 06:25,1643
2018-01-30 06:30,1611
2018-01-30 06:35,1618
2018-01-30 06:40,1598
2018-01-30 06:45,1603
2018-01-30 06:50,1604
2018-01-30 06:55,1613
2018-01-30 07:00,1609
2018-01-30 07:05,1591
2018-01-30 07:10,1611
2018-01-30 07:15,1611
2018-01-30 07:20,1629
2018-01-30 07:25,1620
2018-01-30 07:30,1618
2018-01-30 07:35,1630
2018-01-30 07:40,1639
2018-01-30 07:45,1648
2018-01-30 07:50,1637
2018-01-30 07:55,1644
2018-01-30 08:00,1651
2018-01-30 08:05,1664
2018-01-30 08:10,1667
2018-01-30 08:15,1693
2018-01-30 08:20,1712
2018-01-30 08:25,1729
2018-01-30 08:30,1751
2018-01-30 08:35,1750
2018-01-30 08:40,1752
2018-01-30 08:45,1766
2018-01-30 08:50,1768
2018-01-30 08:55,1767
2018-01-30 09:00,1764
2018-01-30 09:05,1769
2018-01-30 09:10,1780
2018-01-30 09:15,1765
2018-01-30 09:20,1778
2018-01-30 09:25,1777
2018-01-30 09:30,1778
2018-01-30 09:35,1784
2018-01-30 09:40,1785
2018-01-30 09:45,1797
2018-01-30 09:50,1820
2018-01-30 09:55,1839
2018-01-30 10:00,1866
2018-01-30 10:05,1909
2018-01-30 10:10,1944
2018-01-30 10:15,1967
2018-01-30 10:20,1992
2018-01-30 10:25,2005
2018-01-30 10:30,2034
2018-01-30 10:35,2058
2018-01-30 10:40,2079
2018-01-30 10:45,2067
2018-01-30 10:50,2067
2018-01-30 10:55,2088
2018-01-30 11:00,2113
2018-01-30 11:05,2095
2018-01-30 11:10,2104
2018-01-30 11:15,2141
2018-01-30 11:20,2176
2018-01-30 11:25,2208
2018-01-30 11:30,2231
2018-01-30 11:35,0
2018-01-30 11:40,2273
2018-01-30 11:45,2304
2018-01-30 11:50,2346
2018-01-30 11:55,2361
2018-01-30 12:00,2366
2018-01-30 12:05,2389
2018-01-30 12:10,2422
2018-01-30 12:15,2429
2018-01-30 12:20,2462
2018-01-30 12:25,2486
2018-01-30 12:30,2489
2018-01-30 12:35,2505
2018-01-30 12:40,2543
2018-01-30 12:45,2561
2018-01-30 12:50,2595
2018-01-30 12:55,2599
2018-01-30 13:00,2621
2018-01-30 13:05,2662
2018-01-30 13:10,2680
2018-01-30 13:15,2711
2018-01-30 13:20,2741
2018-01-30 13:25,2780
2018-01-30 13:30,2792
2018-01-30 13:35,2825
2018-01-30 13:40,2848
2018-01-30 13:45,2856
2018-01-30 13:50,2868
2018-01-30 13:55,2892
2018-01-30 14:00,2921
2018-01-30 14:05,2979
2018-01-30 14:10,2949
2018-01-30 14:15,2957
2018-01-30 14:20,2950
2018-01-30 14:25,2974
2018-01-30 14:30,2992
2018-01-30 14:35,3025
2018-01-30 14:40,3044
2018-01-30 14:45,3060
2018-01-30 14:50,3056
2018-01-30 14:55,3054
2018-01-30 15:00,3071
2018-01-30 15:05,3094
2018-01-30 15:10,3105
2018-01-30 15:15,3125
2018-01-30 15:20,3138
2018-01-30 15:25,3148
2018-01-30 15:30,3176
2018-01-30 15:35,3171
2018-01-30 15:40,3171
2018-01-30 15:45,3222
2018-01-30 15:50,3251
2018-01-30 15:55,3236
2018-01-30 16:00,3257
2018-01-30 16:05,3254
2018-01-30 16:10,3276
2018-01-30 16:15,3286
2018-01-30 16:20,3318
2018-01-30 16:25,3336
2018-01-30 16:30,3373
2018-01-30 16:35,3393
2018-01-30 16:40,3426
2018-01-30 16:45,3430
2018-01-30 16:50,3451
2018-01-30 16:55,3478
2018-01-30 17:00,3481
2018-01-30 17:05,3493
2018-01-30 17:10,3503
2018-01-30 17:15,3501
2018-01-30 17:20,3504
2018-01-30 17:25,3554
2018-01-30 17:30,3581
2018-01-30 17:35,3578
2018-01-30 17:40,3602
2018-01-30 17:45,3635
2018-01-30 17:50,3619
2018-01-30 17:55,3638
2018-01-30 18:00,3628
2018-01-30 18:05,3612
2018-01-30 18:10,3633
2018-01-30 18:15,3659
2018-01-30 18:20,3670
2018-01-30 18:25,3676
2018-01-30 18:30,3706
2018-01-30 18:35,3723
2018-01-30 18:40,3754
2018-01-30 18:45,3761
2018-01-30 18:50,3771
2018-01-30 18:55,3750
2018-01-30 19:00,3772
2018-01-30 19:05,3748
2018-01-30 19:10,3763
2018-01-30 19:15,3759
2018-01-30 19:20,3741
2018-01-30 19:25,3741
2018-01-30 19:30,3731
2018-01-30 19:35,3746
2018-01-30 19:40,3744
2018-01-30 19:45,3733
2018-01-30 19:50,3748
2018-01-30 19:55,3735
2018-01-30 20:00,3740
2018-01-30 20:05,3716
2018-01-30 20:10,3704
2018-01-30 20:15,3719
2018-01-30 20:20,3683
2018-01-30 20:25,3697
2018-01-30 20:30,3668
2018-01-30 20:35,3682
2018-01-30 20:40,3646
2018-01-30 20:45,3668
2018-01-30 20:50,3643
2018-01-30 20:55,3613
2018-01-30 21:00,3588
2018-01-30 21:05,3556
2018-01-30 21:10,3503
2018-01-30 21:15,3482
2018-01-30 21:20,3464
2018-01-30 21:25,3453
2018-01-30 21:30,3408
2018-01-30 21:35,3369
2018-01-30 21:40,3321
2018-01-30 21:45,3282
2018-01-30 21:50,3281
2018-01-30 21:55,3239
2018-01-30 22:00,3241
2018-01-30 22:05,3181
2018-01-30 22:10,3126
2018-01-30 22:15,3095
2018-01-30 22:20,3065
2018-01-30 22:25,3042
2018-01-30 22:30,3020
2018-01-30 22:35,2969
2018-01-30 22:40,2932
2018-01-30 22:45,2939
2018-01-30 22:50,2912
2018-01-30 22:55,2919
2018-01-30 23:00,2940
2018-01-30 23:05,2926
2018-01-30 23:10,2939
2018-01-30 23:15,
2018-01-30 23:20,0
2018-01-30 23:25,2045
2018-01-30 23:30,2688
2018-01-30 23:35,2799
2018-01-30 23:40,2768
2018-01-30 23:45,2770
2018-01-30 23:50,2750
2018-01-30 23:55,2720
2018-01-31 00:00,2709
2018-01-31 00:05,2665
2018-01-31 00:10,2651
2018-01-31 00:15,2617
2018-01-31 00:20,0
2018-01-31 00:25,2581
2018-01-31 00:30,2577
2018-01-31 00:35,2561
2018-01-31 00:40,2546
2018-01-31 00:45,2535
2018-01-31 00:50,2521
2018-01-31 00:55,2491
2018-01-31 01:00,2451
2018-01-31 01:05,2432
2018-01-31 01:10,2401
2018-01-31 01:15,2380
2018-01-31 01:20,2379
2018-01-31 01:25,2376
2018-01-31 01:30,2367
2018-01-31 01:35,2369
2018-01-31 01:40,2378
2018-01-31 01:45,2340
2018-01-31 01:50,2331
2018-01-31 01:55,2307
2018-01-31 02:00,2293
2018-01-31 02:05,2291
2018-01-31 02:10,2278
2018-01-31 02:15,2273
2018-01-31 02:20,2273
2018-01-31 02:25,2252
2018-01-31 02:30,2231
2018-01-31 02:35,2240
2018-01-31 02:40,2242
2018-01-31 02:45,2251
2018-01-31 02:50,2215
2018-01-31 02:55,2212
2018-01-31 03:00,2185
2018-01-31 03:05,2192
2018-01-31 03:10,2172
2018-01-31 03:15,2140
2018-01-31 03:20,2114
2018-01-31 03:25,2100
2018-01-31 03:30,2076
2018-01-31 03:35,2054
2018-01-31 03:40,2003
2018-01-31 03:45,1988
2018-01-31 03:50,1974
2018-01-31 03:55,1966
2018-01-31 04:00,1954
2018-01-31 04:05,1929
2018-01-31 04:10,1925
2018-01-31 04:15,1918
2018-01-31 04:20,1926
2018-01-31 04:25,1919
2018-01-31 04:30,1915
2018-01-31 04:35,1903
2018-01-31 04:40,1875
2018-01-31 04:45,1857
2018-01-31 04:50,1828
2018-01-31 04:55,1820
2018-01-31 05:00,1813
2018-01-31 05:05,1800
2018-01-31 05:10,1792
2018-01-31 05:15,1763
2018-01-31 05:20,1773
2018-01-31 05:25,1746
2018-01-31 05:30,1739
2018-01-31 05:35,1725
2018-01-31 05:40,1710
2018-01-31 05:45,1729
2018-01-31 05:50,1732
2018-01-31 05:55,1696
2018-01-31 06:00,1691
2018-01-31 06:05,1677
2018-01-31 06:10,1650
2018-01-31 06:15,1641
2018-01-31 06:20,1640
2018-01-31 06:25,1629
2018-01-31 06:30,1606
2018-01-31 06:35,1581
2018-01-31 06:40,1575
2018-01-31 06:45,1574
2018-01-31 06:50,1585
2018-01-31 06:55,1577
2018-01-31 07:00,1574
2018-01-31 07:05,1583
2018-01-31 07:10,1592
2018-01-31 07:15,1595
2018-01-31 07:20,1584
2018-01-31 07:25,1580
2018-01-31 07:30,1596
2018-01-31 07:35,1600
2018-01-31 07:40,1604
2018-01-31 07:45,1605
2018-01-31 07:50,1602
2018-01-31 07:55,1611
2018-01-31 08:00,1636
2018-01-31 08:05,1632
2018-01-31 08:10,1648
2018-01-31 08:15,1662
2018-01-31 08:20,1675
2018-01-31 08:25,1683
2018-01-31 08:30,1711
2018-01-31 08:35,1711
2018-01-31 08:40,1704
2018-01-31 08:45,1721
2018-01-31 08:50,1728
2018-01-31 08:55,1742
2018-01-31 09:00,1753
2018-01-31 09:05,1750
2018-01-31 09:10,1775
2018-01-31 09:15,1787
2018-01-31 09:20,1818
2018-01-31 09:25,1851
2018-01-31 09:30,1855
2018-01-31 09:35,1880
2018-01-31 09:40,1896
2018-01-31 09:45,1908
2018-01-31 09:50,1917
2018-01-31 09:55,1933
2018-01-31 10:00,1950
2018-01-31 10:05,1989
2018-01-31 10:10,2029
2018-01-31 10:15,2042
2018-01-31 10:20,2068
2018-01-31 10:25,2091
2018-01-31 10:30,2126
2018-01-31 10:35,2150
2018-01-31 10:40,2143
2018-01-31 10:45,2144
2018-01-31 10:50,2171
2018-01-31 10:55,2191
2018-01-31 11:00,2228
2018-01-31 11:05,2216
2018-01-31 11:10,2241
2018-01-31 11:15,2246
2018-01-31 11:20,2272
2018-01-31 11:25,2266
2018-01-31 11:30,2278
2018-01-31 11:35,2304
2018-01-31 11:40,2301
2018-01-31 11:45,2342
2018-01-31 11:50,2354
2018-01-31 11:55,2378
2018-01-31 12:00,2381
2018-01-31 12:05,2419
2018-01-31 12:10,2410
2018-01-31 12:15,2425
2018-01-31 12:20,2447
2018-01-31 12:25,2471
2018-01-31 12:30,2475
2018-01-31 12:35,2488
2018-01-31 12:40,2530
2018-01-31 12:45,2542
2018-01-31 12:50,2576
2018-01-31 12:55,2637
2018-01-31 13:00,2647
2018-01-31 13:05,2672
2018-01-31 13:10,2691
2018-01-31 13:15,2694
2018-01-31 13:20,2711
2018-01-31 13:25,2729
2018-01-31 13:30,2748
2018-01-31 13:35,2784
2018-01-31 13:40,2808
2018-01-31 13:45,2820
2018-01-31 13:50,2833
2018-01-31 13:55,2828
2018-01-31 14:00,2847
2018-01-31 14:05,2881
2018-01-31 14:10,2893
2018-01-31 14:15,2913
2018-01-31 14:20,2952
2018-01-31 14:25,2995
2018-01-31 14:30,3004
2018-01-31 14:35,3013
2018-01-31 14:40,3032
2018-01-31 14:45,3033
2018-01-31 14:50,3062
2018-01-31 14:55,3077
2018-01-31 15:00,3077
2018-01-31 15:05,3098
2018-01-31 15:10,3140
2018-01-31 15:15,3147
2018-01-31 15:20,3125
2018-01-31 15:25,3154
2018-01-31 15:30,3158
2018-01-31 15:35,3196
2018-01-31 15:40,3199
2018-01-31 15:45,3231
2018-01-31 15:50,3249
2018-01-31 15:55,3257
2018-01-31 16:00,3272
2018-01-31 16:05,3304
2018-01-31 16:10,3302
2018-01-31 16:15,3317
2018-01-31 16:20,3321
2018-01-31 16:25,3348
2018-01-31 16:30,3389
2018-01-31 16:35,3429
2018-01-31 16:40,3448
2018-01-31 16:45,3436
2018-01-31 16:50,3473
2018-01-31 16:55,3491
2018-01-31 17:00,3512
2018-01-31 17:05,3518
2018-01-31 17:10,3543
2018-01-31 17:15,3583
2018-01-31 17:20,3598
2018-01-31 17:25,3603
2018-01-31 17:30,3628
2018-01-31 17:35,3647
2018-01-31 17:40,3646
2018-01-31 17:45,3661
2018-01-31 17:50,3662
2018-01-31 17:55,3684
2018-01-31 18:00,3709
2018-01-31 18:05,3710
2018-01-31 18:10,3727
2018-01-31 18:15,3729
2018-01-31 18:20,3733
2018-01-31 18:25,3731
2018-01-31 18:30,3724
2018-01-31 18:35,3734
2018-01-31 18:40,3733
2018-01-31 18:45,3719
2018-01-31 18:50,3732
2018-01-31 18:55,3747
2018-01-31 19:00,3771
2018-01-31 19:05,3762
2018-01-31 19:10,3729
2018-01-31 19:15,3709
2018-01-31 19:20,3704
2018-01-31 19:25,3700
2018-01-31 19:30,3686
2018-01-31 19:35,3699
2018-01-31 19:40,3718
2018-01-31 19:45,3670
2018-01-31 19:50,3662
2018-01-31 19:55,3658
2018-01-31 20:00,3656
2018-01-31 20:05,3663
2018-01-31 20:10,3641
2018-01-31 20:15,3674
2018-01-31 20:20,3656
2018-01-31 20:25,3644
2018-01-31 20:30,3644
2018-01-31 20:35,3627
2018-01-31 20:40,3598
2018-01-31 20:45,3576
2018-01-31 20:50,3542
2018-01-31 20:55,3525
2018-01-31 21:00,3483
2018-01-31 21:05,3472
2018-01-31 21:10,3449
2018-01-31 21:15,3408
2018-01-31 21:20,3362
2018-01-31 21:25,3363
2018-01-31 21:30,3351
2018-01-31 21:35,3315
2018-01-31 21:40,3318
2018-01-31 21:45,3282
2018-01-31 21:50,3261
2018-01-31 21:55,3230
2018-01-31 22:00,3182
2018-01-31 22:05,3146
2018-01-31 22:10,3133
2018-01-31 22:15,3114
2018-01-31 22:20,3073
2018-01-31 22:25,3030
2018-01-31 22:30,2979
2018-01-31 22:35,2967
2018-01-31 22:40,2948
2018-01-31 22:45,2920
2018-01-31 22:50,2880
2018-01-31 22:55,2847
2018-01-31 23:00,2830
2018-01-31 23:05,2798
2018-01-31 23:10,2771
2018-01-31 23:15,2750
2018-01-31 23:20,2721
2018-01-31 23:25,2707
2018-01-31 23:30,2702
2018-01-31 23:35,2665
2018-01-31 23:40,2643
2018-01-31 23:45,2612
2018-01-31 23:50,2610
2018-01-31 23:55,2579
2018-02-01 00:00,2591
2018-02-01 00:05,2555
2018-02-01 00:10,2570
2018-02-01 00:15,2530
2018-02-01 00:20,2538
2018-02-01 00:25,2544
2018-02-01 00:30,2513
2018-02-01 00:35,2486
2018-02-01 00:40,2497
2018-02-01 00:45,2479
2018-02-01 00:50,2478
2018-02-01 00:55,2449
2018-02-01 01:00,2439
2018-02-01 01:05,2424
2018-02-01 01:10,2414
2018-02-01 01:15,2416
2018-02-01 01:20,2411
2018-02-01 01:25,2408
2018-02-01 01:30,2423
2018-02-01 01:35,2428
2018-02-01 01:40,2405
2018-02-01 01:45,2405
2018-02-01 01:50,2378
2018-02-01 01:55,2346
2018-02-01 02:00,2359
2018-02-01 02:05,2334
2018-02-01 02:10,2328
2018-02-01 02:15,2334
2018-02-01 02:20,2335
2018-02-01 02:25,2344
2018-02-01 02:30,2310
2018-02-01 02:35,2283
2018-02-01 02:40,2252
2018-02-01 02:45,2236
2018-02-01 02:50,2235
2018-02-01 02:55,2236
2018-02-01 03:00,2232
2018-02-01 03:05,2223
2018-02-01 03:10,2216
2018-02-01 03:15,2192
2018-02-01 03:20,2171
2018-02-01 03:25,2139
2018-02-01 03:30,2131
2018-02-01 03:35,2117
2018-02-01 03:40,2107
2018-02-01 03:45,2092
2018-02-01 03:50,2074
2018-02-01 03:55,2057
2018-02-01 04:00,2037
2018-02-01 04:05,2032
2018-02-01 04:10,2022
2018-02-01 04:15,1988
2018-02-01 04:20,1970
2018-02-01 04:25,1974
2018-02-01 04:30,1926
2018-02-01 04:35,1902
2018-02-01 04:40,1869
2018-02-01 04:45,1876
2018-02-01 04:50,1855
2018-02-01 04:55,1829
2018-02-01 05:00,1807
2018-02-01 05:05,1791
2018-02-01 05:10,1784
2018-02-01 05:15,1785
2018-02-01 05:20,1762
2018-02-01 05:25,1766
2018-02-01 05:30,1785
2018-02-01 05:35,1797
2018-02-01 05:40,1774
2018-02-01 05:45,1749
2018-02-01 05:50,1760
2018-02-01 05:55,1740
2018-02-01 06:00,1740
2018-02-01 06:05,1716
2018-02-01 06:10,1700
2018-02-01 06:15,1696
2018-02-01 06:20,1693
2018-02-01 06:25,1671
2018-02-01 06:30,1660
2018-02-01 06:35,1653
2018-02-01 06:40,1651
2018-02-01 06:45,1647
2018-02-01 06:50,1644
2018-02-01 06:55,1644
2018-02-01 07:00,1654
2018-02-01 07:05,1613
2018-02-01 07:10,1628
2018-02-01 07:15,1624
2018-02-01 07:20,1632
2018-02-01 07:25,1637
2018-02-01 07:30,1627
2018-02-01 07:35,1628
2018-02-01 07:40,1618
2018-02-01 07:45,1618
2018-02-01 07:50,1633
2018-02-01 07:55,1636
2018-02-01 08:00,1641
2018-02-01 08:05,1642
2018-02-01 08:10,1646
2018-02-01 08:15,1643
2018-02-01 08:20,1666
2018-02-01 08:25,1664
2018-02-01 08:30,1669
2018-02-01 08:35,1665
2018-02-01 08:40,1676
2018-02-01 08:45,1699
2018-02-01 08:50,1691
2018-02-01 08:55,1699
2018-02-01 09:00,1716
2018-02-01 09:05,1746
2018-02-01 09:10,1733
2018-02-01 09:15,1760
2018-02-01 09:20,1801
2018-02-01 09:25,1803
2018-02-01 09:30,1812
2018-02-01 09:35,1854
2018-02-01 09:40,1868
2018-02-01 09:45,1880
2018-02-01 09:50,1932
2018-02-01 09:55,1957
2018-02-01 10:00,1989
2018-02-01 10:05,2043
2018-02-01 10:10,2067
2018-02-01 10:15,2076
2018-02-01 10:20,2114
2018-02-01 10:25,2134
2018-02-01 10:30,2147
2018-02-01 10:35,2184
2018-02-01 10:40,2214
2018-02-01 10:45,2247
2018-02-01 10:50,2270
2018-02-01 10:55,2261
2018-02-01 11:00,2252
2018-02-01 11:05,2288
2018-02-01 11:10,2297
2018-02-01 11:15,2312
2018-02-01 11:20,2328
2018-02-01 11:25,2319
2018-02-01 11:30,2327
2018-02-01 11:35,2339
2018-02-01 11:40,2351
2018-02-01 11:45,2375
2018-02-01 11:50,2381
2018-02-01 11:55,2369
2018-02-01 12:00,2394
2018-02-01 12:05,2386
2018-02-01 12:10,2419
2018-02-01 12:15,2435
2018-02-01 12:20,2440
2018-02-01 12:25,2431
2018-02-01 12:30,2447
2018-02-01 12:35,2466
2018-02-01 12:40,2467
2018-02-01 12:45,2467
2018-02-01 12:50,2488
2018-02-01 12:55,2488
2018-02-01 13:00,2471
2018-02-01 13:05,2502
2018-02-01 13:10,2526
2018-02-01 13:15,2546
2018-02-01 13:20,2526
2018-02-01 13:25,2544
2018-02-01 13:30,2563
2018-02-01 13:35,2558
2018-02-01 13:40,2527
2018-02-01 13:45,2547
2018-02-01 13:50,2526
2018-02-01 13:55,2449
2018-02-01 14:00,2273
2018-02-01 14:05,1344
2018-02-01 14:10,1150
2018-02-01 14:15,1062
2018-02-01 14:20,1011
2018-02-01 14:25,985
2018-02-01 14:30,949
2018-02-01 14:35,916
2018-02-01 14:40,928
2018-02-01 14:45,930
2018-02-01 14:50,900
2018-02-01 14:55,931
2018-02-01 15:00,972
2018-02-01 15:05,973
2018-02-01 15:10,991
2018-02-01 15:15,1021
2018-02-01 15:20,1006
2018-02-01 15:25,1035
2018-02-01 15:30,1031
2018-02-01 15:35,1062
2018-02-01 15:40,1058
2018-02-01 15:45,1084
2018-02-01 15:50,1158
2018-02-01 15:55,1295
2018-02-01 16:00,1440
2018-02-01 16:05,1615
2018-02-01 16:10,1733
2018-02-01 16:15,1899
2018-02-01 16:20,2036
2018-02-01 16:25,2093
2018-02-01 16:30,2235
2018-02-01 16:35,2378
2018-02-01 16:40,2460
2018-02-01 16:45,0
2018-02-01 16:50,2708
2018-02-01 16:55,2836
2018-02-01 17:00,2915
2018-02-01 17:05,3044
2018-02-01 17:10,3168
2018-02-01 17:15,3289
2018-02-01 17:20,3383
2018-02-01 17:25,3495
2018-02-01 17:30,3555
2018-02-01 17:35,3620
2018-02-01 17:40,3663
2018-02-01 17:45,3715
2018-02-01 17:50,3761
2018-02-01 17:55,3794
2018-02-01 18:00,3826
2018-02-01 18:05,3838
2018-02-01 18:10,3862
2018-02-01 18:15,3850
2018-02-01 18:20,3861
2018-02-01 18:25,3868
2018-02-01 18:30,3894
2018-02-01 18:35,3893
2018-02-01 18:40,3871
2018-02-01 18:45,3905
2018-02-01 18:50,3871
2018-02-01 18:55,3855
2018-02-01 19:00,3840
2018-02-01 19:05,3849
2018-02-01 19:10,3858
2018-02-01 19:15,3837
2018-02-01 19:20,3827
2018-02-01 19:25,3825
2018-02-01 19:30,3837
2018-02-01 19:35,3810
2018-02-01 19:40,3795
2018-02-01 19:45,3780
2018-02-01 19:50,3778
2018-02-01 19:55,3766
2018-02-01 20:00,3752
2018-02-01 20:05,3750
2018-02-01 20:10,3710
2018-02-01 20:15,3716
2018-02-01 20:20,3709
2018-02-01 20:25,3691
2018-02-01 20:30,3644
2018-02-01 20:35,3658
2018-02-01 20:40,3644
2018-02-01 20:45,3621
2018-02-01 20:50,3591
2018-02-01 20:55,3570
2018-02-01 21:00,3566
2018-02-01 21:05,3505
2018-02-01 21:10,3498
2018-02-01 21:15,3460
2018-02-01 21:20,3437
2018-02-01 21:25,3386
2018-02-01 21:30,3355
2018-02-01 21:35,3346
2018-02-01 21:40,3347
2018-02-01 21:45,3333
2018-02-01 21:50,3335
2018-02-01 21:55,3298
2018-02-01 22:00,3266
2018-02-01 22:05,3226
2018-02-01 22:10,3165
2018-02-01 22:15,3141
2018-02-01 22:20,3108
2018-02-01 22:25,3060
2018-02-01 22:30,3026
2018-02-01 22:35,2948
2018-02-01 22:40,2925
2018-02-01 22:45,2909
2018-02-01 22:50,2888
2018-02-01 22:55,2878
2018-02-01 23:00,2868
2018-02-01 23:05,2847
2018-02-01 23:10,2803
2018-02-01 23:15,2757
2018-02-01 23:20,2737
2018-02-01 23:25,2725
2018-02-01 23:30,2699
2018-02-01 23:35,2662
2018-02-01 23:40,2631
2018-02-01 23:45,2616
2018-02-01 23:50,2628
2018-02-01 23:55,2590
2018-02-02 00:00,2591
2018-02-02 00:05,2557
2018-02-02 00:10,2525
2018-02-02 00:15,2519
2018-02-02 00:20,2499
2018-02-02 00:25,2469
2018-02-02 00:30,2462
2018-02-02 00:35,2456
2018-02-02 00:40,2421
2018-02-02 00:45,2407
2018-02-02 00:50,2386
2018-02-02 00:55,2359
2018-02-02 01:00,2339
2018-02-02 01:05,2345
2018-02-02 01:10,2321
2018-02-02 01:15,2318
2018-02-02 01:20,2316
2018-02-02 01:25,2313
2018-02-02 01:30,2308
2018-02-02 01:35,2302
2018-02-02 01:40,2286
2018-02-02 01:45,2278
2018-02-02 01:50,2272
2018-02-02 01:55,2282
2018-02-02 02:00,2246
2018-02-02 02:05,2227
2018-02-02 02:10,2224
2018-02-02 02:15,2215
2018-02-02 02:20,2213
2018-02-02 02:25,2205
2018-02-02 02:30,2200
2018-02-02 02:35,2168
2018-02-02 02:40,2144
2018-02-02 02:45,2140
2018-02-02 02:50,2134
2018-02-02 02:55,2104
2018-02-02 03:00,2092
2018-02-02 03:05,2079
2018-02-02 03:10,2060
2018-02-02 03:15,2046
2018-02-02 03:20,2024
2018-02-02 03:25,1994
2018-02-02 03:30,2003
2018-02-02 03:35,1979
2018-02-02 03:40,1977
2018-02-02 03:45,1948
2018-02-02 03:50,1938
2018-02-02 03:55,1954
2018-02-02 04:00,1927
2018-02-02 04:05,1920
2018-02-02 04:10,1876
2018-02-02 04:15,1873
2018-02-02 04:20,1863
2018-02-02 04:25,1845
2018-02-02 04:30,1828
2018-02-02 04:35,1826
2018-02-02 04:40,1824
2018-02-02 04:45,1834
2018-02-02 04:50,1804
2018-02-02 04:55,1776
2018-02-02 05:00,1746
2018-02-02 05:05,1732
2018-02-02 05:10,1717
2018-02-02 05:15,1692
2018-02-02 05:20,1692
2018-02-02 05:25,1701
2018-02-02 05:30,1688
2018-02-02 05:35,1664
2018-02-02 05:40,1656
2018-02-02 05:45,1643
2018-02-02 05:50,1645
2018-02-02 05:55,1623
2018-02-02 06:00,1614
2018-02-02 06:05,1606
2018-02-02 06:10,1603
2018-02-02 06:15,1591
2018-02-02 06:20,1595
2018-02-02 06:25,1600
2018-02-02 06:30,1581
2018-02-02 06:35,1598
2018-02-02 06:40,1600
2018-02-02 06:45,1584
2018-02-02 06:50,1582
2018-02-02 06:55,1581
2018-02-02 07:00,1592
2018-02-02 07:05,1612
2018-02-02 07:10,1582
2018-02-02 07:15,1576
2018-02-02 07:20,1577
2018-02-02 07:25,1569
2018-02-02 07:30,1564
2018-02-02 07:35,1558
2018-02-02 07:40,1579
2018-02-02 07:45,1601
2018-02-02 07:50,1616
2018-02-02 07:55,1624
2018-02-02 08:00,1640
2018-02-02 08:05,1650
2018-02-02 08:10,1660
2018-02-02 08:15,1680
2018-02-02 08:20,1691
2018-02-02 08:25,1687
2018-02-02 08:30,1711
2018-02-02 08:35,1737
2018-02-02 08:40,1733
2018-02-02 08:45,1748
2018-02-02 08:50,1773
2018-02-02 08:55,1791
2018-02-02 09:00,1809
2018-02-02 09:05,1831
2018-02-02 09:10,1851
2018-02-02 09:15,1879
2018-02-02 09:20,1877
2018-02-02 09:25,1907
2018-02-02 09:30,1921
2018-02-02 09:35,1934
2018-02-02 09:40,1939
2018-02-02 09:45,1964
2018-02-02 09:50,1967
2018-02-02 09:55,1963
2018-02-02 10:00,1985
2018-02-02 10:05,2017
2018-02-02 10:10,2042
2018-02-02 10:15,2066
2018-02-02 10:20,2073
2018-02-02 10:25,2113
2018-02-02 10:30,2142
2018-02-02 10:35,2172
2018-02-02 10:40,2192
2018-02-02 10:45,2214
2018-02-02 10:50,2211
2018-02-02 10:55,2246
2018-02-02 11:00,2267
2018-02-02 11:05,2283
2018-02-02 11:10,2297
2018-02-02 11:15,2322
2018-02-02 11:20,2312
2018-02-02 11:25,2316
2018-02-02 11:30,2342
2018-02-02 11:35,2367
2018-02-02 11:40,2403
2018-02-02 11:45,2432
2018-02-02 11:50,2483
2018-02-02 11:55,2489
2018-02-02 12:00,2498
2018-02-02 12:05,2514
2018-02-02 12:10,2530
2018-02-02 12:15,2548
2018-02-02 12:20,2566
2018-02-02 12:25,2608
2018-02-02 12:30,2630
2018-02-02 12:35,2644
2018-02-02 12:40,2658
2018-02-02 12:45,2698
2018-02-02 12:50,2723
2018-02-02 12:55,2760
2018-02-02 13:00,2735
2018-02-02 13:05,2738
2018-02-02 13:10,2746
2018-02-02 13:15,2751
2018-02-02 13:20,2776
2018-02-02 13:25,2761
2018-02-02 13:30,2772
2018-02-02 13:35,2808
2018-02-02 13:40,2838
2018-02-02 13:45,2861
2018-02-02 13:50,2880
2018-02-02 13:55,2893
2018-02-02 14:00,2894
2018-02-02 14:05,2905
2018-02-02 14:10,2904
2018-02-02 14:15,2899
2018-02-02 14:20,2896
2018-02-02 14:25,2945
2018-02-02 14:30,2950
2018-02-02 14:35,2972
2018-02-02 14:40,2984
2018-02-02 14:45,2993
2018-02-02 14:50,2997
2018-02-02 14:55,2997
2018-02-02 15:00,3007
2018-02-02 15:05,3021
2018-02-02 15:10,3044
2018-02-02 15:15,3051
2018-02-02 15:20,3067
2018-02-02 15:25,3093
2018-02-02 15:30,3123
2018-02-02 15:35,3146
2018-02-02 15:40,3197
2018-02-02 15:45,3232
2018-02-02 15:50,3242
2018-02-02 15:55,3278
2018-02-02 16:00,3305
2018-02-02 16:05,3320
2018-02-02 16:10,3325
2018-02-02 16:15,3338
2018-02-02 16:20,3361
2018-02-02 16:25,3389
2018-02-02 16:30,3418
2018-02-02 16:35,3434
2018-02-02 16:40,3467
2018-02-02 16:45,3483
2018-02-02 16:50,3503
2018-02-02 16:55,3525
2018-02-02 17:00,3540
2018-02-02 17:05,3541
2018-02-02 17:10,3555
2018-02-02 17:15,3550
2018-02-02 17:20,3554
2018-02-02 17:25,3596
2018-02-02 17:30,3593
2018-02-02 17:35,3600
2018-02-02 17:40,3598
2018-02-02 17:45,3629
2018-02-02 17:50,3643
2018-02-02 17:55,3655
2018-02-02 18:00,3641
2018-02-02 18:05,3687
2018-02-02 18:10,3699
2018-02-02 18:15,
2018-02-02 18:20,
2018-02-02 18:25,
2018-02-02 18:30,
2018-02-02 18:35,
2018-02-02 18:40,
2018-02-02 18:45,
2018-02-02 18:50,
2018-02-02 18:55,
2018-02-02 19:00,
2018-02-02 19:05,
2018-02-02 19:10,
2018-02-02 19:15,
2018-02-02 19:20,
2018-02-02 19:25,
2018-02-02 19:30,
2018-02-02 19:35,
2018-02-02 19:40,
2018-02-02 19:45,
2018-02-02 19:50,
2018-02-02 19:55,
2018-02-02 20:00,
2018-02-02 20:05,
2018-02-02 20:10,
2018-02-02 20:15,
2018-02-02 20:20,
2018-02-02 20:25,
2018-02-02 20:30,
2018-02-02 20:35,
2018-02-02 20:40,
2018-02-02 20:45,
2018-02-02 20:50,
2018-02-02 20:55,
2018-02-02 21:00,
2018-02-02 21:05,
2018-02-02 21:10,
2018-02-02 21:15,
2018-02-02 21:20,
2018-02-02 21:25,
2018-02-02 21:30,
2018-02-02 21:35,
2018-02-02 21:40,
2018-02-02 21:45,
2018-02-02 21:50,
2018-02-02 21:55,
2018-02-02 22:00,
2018-02-02 22:05,
2018-02-02 22:10,
2018-02-02 22:15,
2018-02-02 22:20,
2018-02-02 22:25,3305
2018-02-02 22:30,3296
2018-02-02 22:35,3273
2018-02-02 22:40,3250
2018-02-02 22:45,3217
2018-02-02 22:50,3207
2018-02-02 22:55,3197
2018-02-02 23:00,3150
2018-02-02 23:05,3135
2018-02-02 23:10,3111
2018-02-02 23:15,3089
2018-02-02 23:20,3050
2018-02-02 23:25,3025
2018-02-02 23:30,3005
2018-02-02 23:35,3001
2018-02-02 23:40,2966
2018-02-02 23:45,2930
2018-02-02 23:50,2900
2018-02-02 23:55,2836
2018-02-03 00:00,2793
2018-02-03 00:05,2756
2018-02-03 00:10,2736
2018-02-03 00:15,2732
2018-02-03 00:20,2697
2018-02-03 00:25,2670
2018-02-03 00:30,2662
2018-02-03 00:35,2633
2018-02-03 00:40,
2018-02-03 00:45,
2018-02-03 00:50,
2018-02-03 00:55,
2018-02-03 01:00,
2018-02-03 01:05,
2018-02-03 01:10,
2018-02-03 01:15,
2018-02-03 01:20,
2018-02-03 01:25,2457
2018-02-03 01:30,2458
2018-02-03 01:35,2437
2018-02-03 01:40,2426
2018-02-03 01:45,2394
2018-02-03 01:50,2369
2018-02-03 01:55,2356
2018-02-03 02:00,2315
2018-02-03 02:05,2334
2018-02-03 02:10,2353
2018-02-03 02:15,2342
2018-02-03 02:20,2326
2018-02-03 02:25,2320
2018-02-03 02:30,2310
2018-02-03 02:35,2310
2018-02-03 02:40,2293
2018-02-03 02:45,2300
2018-02-03 02:50,2316
2018-02-03 02:55,2294
2018-02-03 03:00,2288
2018-02-03 03:05,2288
2018-02-03 03:10,2294
2018-02-03 03:15,0
2018-02-03 03:20,2286
2018-02-03 03:25,2279
2018-02-03 03:30,2253
2018-02-03 03:35,2235
2018-02-03 03:40,2226
2018-02-03 03:45,2206
2018-02-03 03:50,2177
2018-02-03 03:55,2167
2018-02-03 04:00,2154
2018-02-03 04:05,2118
2018-02-03 04:10,2094
2018-02-03 04:15,2091
2018-02-03 04:20,2103
2018-02-03 04:25,2108
2018-02-03 04:30,2108
2018-02-03 04:35,2098
2018-02-03 04:40,2074
2018-02-03 04:45,2080
2018-02-03 04:50,2072
2018-02-03 04:55,2060
2018-02-03 05:00,2069
2018-02-03 05:05,2053
2018-02-03 05:10,2038
2018-02-03 05:15,2026
2018-02-03 05:20,2000
2018-02-03 05:25,2008
2018-02-03 05:30,2000
2018-02-03 05:35,1985
2018-02-03 05:40,1957
2018-02-03 05:45,1956
2018-02-03 05:50,1946
2018-02-03 05:55,1927
2018-02-03 06:00,1909
2018-02-03 06:05,1900
2018-02-03 06:10,1902
2018-02-03 06:15,1898
2018-02-03 06:20,1901
2018-02-03 06:25,1885
2018-02-03 06:30,1898
2018-02-03 06:35,1931
2018-02-03 06:40,1921
2018-02-03 06:45,1912
2018-02-03 06:50,1923
2018-02-03 06:55,1920
2018-02-03 07:00,1905
2018-02-03 07:05,1907
2018-02-03 07:10,1901
2018-02-03 07:15,1900
2018-02-03 07:20,1915
2018-02-03 07:25,
2018-02-03 07:30,1930
2018-02-03 07:35,1948
2018-02-03 07:40,1961
2018-02-03 07:45,1975
2018-02-03 07:50,1991
2018-02-03 07:55,2006
2018-02-03 08:00,2024
2018-02-03 08:05,2024
2018-02-03 08:10,2061
2018-02-03 08:15,2091
2018-02-03 08:20,2097
2018-02-03 08:25,2121
2018-02-03 08:30,2139
2018-02-03 08:35,2152
2018-02-03 08:40,2186
2018-02-03 08:45,2215
2018-02-03 08:50,2242
2018-02-03 08:55,2266
2018-02-03 09:00,2291
2018-02-03 09:05,
2018-02-03 09:10,2319
2018-02-03 09:15,2338
2018-02-03 09:20,2381
2018-02-03 09:25,2404
2018-02-03 09:30,2446
2018-02-03 09:35,2472
2018-02-03 09:40,2453
2018-02-03 09:45,2489
2018-02-03 09:50,2505
2018-02-03 09:55,2541
2018-02-03 10:00,2589
2018-02-03 10:05,2645
2018-02-03 10:10,2655
2018-02-03 10:15,2683
2018-02-03 10:20,2713
2018-02-03 10:25,2729
2018-02-03 10:30,2778
2018-02-03 10:35,2796
2018-02-03 10:40,2805
2018-02-03 10:45,2831
2018-02-03 10:50,2862
2018-02-03 10:55,2880
2018-02-03 11:00,2908
2018-02-03 11:05,2908
2018-02-03 11:10,2956
2018-02-03 11:15,2977
2018-02-03 11:20,2987
2018-02-03 11:25,2982
2018-02-03 11:30,3017
2018-02-03 11:35,3038
2018-02-03 11:40,3059
2018-02-03 11:45,3041
2018-02-03 11:50,3062
2018-02-03 11:55,3075
2018-02-03 12:00,3104
2018-02-03 12:05,3132
2018-02-03 12:10,3167
2018-02-03 12:15,3164
2018-02-03 12:20,3174
2018-02-03 12:25,3194
2018-02-03 12:30,3225
2018-02-03 12:35,3256
2018-02-03 12:40,3258
2018-02-03 12:45,3295
2018-02-03 12:50,3289
2018-02-03 12:55,3308
2018-02-03 13:00,3311
2018-02-03 13:05,3377
2018-02-03 13:10,3379
2018-02-03 13:15,3406
2018-02-03 13:20,3385
2018-02-03 13:25,3427
2018-02-03 13:30,3456
2018-02-03 13:35,3497
2018-02-03 13:40,3559
2018-02-03 13:45,3585
2018-02-03 13:50,3616
2018-02-03 13:55,3630
2018-02-03 14:00,3615
2018-02-03 14:05,3616
2018-02-03 14:10,3646
2018-02-03 14:15,3660
2018-02-03 14:20,3705
2018-02-03 14:25,3694
2018-02-03 14:30,3717
2018-02-03 14:35,3733
2018-02-03 14:40,3778
2018-02-03 14:45,3747
2018-02-03 14:50,3762
2018-02-03 14:55,3803
2018-02-03 15:00,3801
2018-02-03 15:05,3817
2018-02-03 15:10,3821
2018-02-03 15:15,3825
2018-02-03 15:20,3838
2018-02-03 15:25,3853
2018-02-03 15:30,3851
2018-02-03 15:35,3860
2018-02-03 15:40,3880
2018-02-03 15:45,3901
2018-02-03 15:50,3922
2018-02-03 15:55,3952
2018-02-03 16:00,3991
2018-02-03 16:05,3951
2018-02-03 16:10,3999
2018-02-03 16:15,4012
2018-02-03 16:20,4045
2018-02-03 16:25,4028
2018-02-03 16:30,4019
2018-02-03 16:35,4039
2018-02-03 16:40,4046
2018-02-03 16:45,4104
2018-02-03 16:50,4108
2018-02-03 16:55,4142
2018-02-03 17:00,4158
2018-02-03 17:05,4154
2018-02-03 17:10,4207
2018-02-03 17:15,4214
2018-02-03 17:20,4212
2018-02-03 17:25,4225
2018-02-03 17:30,4226
2018-02-03 17:35,4212
2018-02-03 17:40,4206
2018-02-03 17:45,4205
2018-02-03 17:50,4200
2018-02-03 17:55,4228
2018-02-03 18:00,4249
2018-02-03 18:05,4253
2018-02-03 18:10,4282
2018-02-03 18:15,4298
2018-02-03 18:20,4276
2018-02-03 18:25,4285
2018-02-03 18:30,4285
2018-02-03 18:35,4295
2018-02-03 18:40,4314
2018-02-03 18:45,4324
2018-02-03 18:50,4332
2018-02-03 18:55,4325
2018-02-03 19:00,4330
2018-02-03 19:05,4370
2018-02-03 19:10,4313
2018-02-03 19:15,4307
2018-02-03 19:20,4301
2018-02-03 19:25,4318
2018-02-03 19:30,4366
2018-02-03 19:35,4400
2018-02-03 19:40,4404
2018-02-03 19:45,4392
2018-02-03 19:50,4389
2018-02-03 19:55,4419
2018-02-03 20:00,4414
2018-02-03 20:05,4378
2018-02-03 20:10,4353
2018-02-03 20:15,4357
2018-02-03 20:20,4385
2018-02-03 20:25,4383
2018-02-03 20:30,4366
2018-02-03 20:35,4329
2018-02-03 20:40,4311
2018-02-03 20:45,4289
2018-02-03 20:50,4282
2018-02-03 20:55,4255
2018-02-03 21:00,4255
2018-02-03 21:05,4216
2018-02-03 21:10,4219
2018-02-03 21:15,4189
2018-02-03 21:20,4142
2018-02-03 21:25,4086
2018-02-03 21:30,4084
2018-02-03 21:35,4070
2018-02-03 21:40,4069
2018-02-03 21:45,4061
2018-02-03 21:50,4063
2018-02-03 21:55,4008
2018-02-03 22:00,3989
2018-02-03 22:05,3936
2018-02-03 22:10,3944
2018-02-03 22:15,3927
2018-02-03 22:20,3864
2018-02-03 22:25,3810
2018-02-03 22:30,3777
2018-02-03 22:35,3741
2018-02-03 22:40,3695
2018-02-03 22:45,3700
2018-02-03 22:50,3681
2018-02-03 22:55,3665
2018-02-03 23:00,3675
2018-02-03 23:05,3626
2018-02-03 23:10,3585
2018-02-03 23:15,3559
2018-02-03 23:20,3538
2018-02-03 23:25,3510
2018-02-03 23:30,3462
2018-02-03 23:35,3413
2018-02-03 23:40,3365
2018-02-03 23:45,3311
2018-02-03 23:50,3282
2018-02-03 23:55,3241
2018-02-04 00:00,3208
2018-02-04 00:05,3159
2018-02-04 00:10,3105
2018-02-04 00:15,3112
2018-02-04 00:20,3079
2018-02-04 00:25,3101
2018-02-04 00:30,3054
2018-02-04 00:35,3044
2018-02-04 00:40,2997
2018-02-04 00:45,2971
2018-02-04 00:50,2953
2018-02-04 00:55,2940
2018-02-04 01:00,2934
2018-02-04 01:05,2901
2018-02-04 01:10,2873
2018-02-04 01:15,2854
2018-02-04 01:20,2816
2018-02-04 01:25,2810
2018-02-04 01:30,2800
2018-02-04 01:35,2751
2018-02-04 01:40,2741
2018-02-04 01:45,2723
2018-02-04 01:50,2711
2018-02-04 01:55,2714
2018-02-04 02:00,2698
2018-02-04 02:05,2685
2018-02-04 02:10,2674
2018-02-04 02:15,2668
2018-02-04 02:20,2649
2018-02-04 02:25,2611
2018-02-04 02:30,2627
2018-02-04 02:35,2608
2018-02-04 02:40,2595
2018-02-04 02:45,2591
2018-02-04 02:50,2560
2018-02-04 02:55,2559
2018-02-04 03:00,2531
2018-02-04 03:05,2516
2018-02-04 03:10,2517
2018-02-04 03:15,2520
2018-02-04 03:20,2507
2018-02-04 03:25,2492
2018-02-04 03:30,2479
2018-02-04 03:35,2472
2018-02-04 03:40,2442
2018-02-04 03:45,2431
2018-02-04 03:50,2396
2018-02-04 03:55,2404
2018-02-04 04:00,2388
2018-02-04 04:05,2386
2018-02-04 04:10,2335
2018-02-04 04:15,2350
2018-02-04 04:20,2353
2018-02-04 04:25,2339
2018-02-04 04:30,2343
2018-02-04 04:35,2331
2018-02-04 04:40,2312
2018-02-04 04:45,2296
2018-02-04 04:50,2317
2018-02-04 04:55,2286
2018-02-04 05:00,2277
2018-02-04 05:05,2246
2018-02-04 05:10,2247
2018-02-04 05:15,2215
2018-02-04 05:20,2217
2018-02-04 05:25,2218
2018-02-04 05:30,2204
2018-02-04 05:35,2197
2018-02-04 05:40,2192
2018-02-04 05:45,2186
2018-02-04 05:50,2185
2018-02-04 05:55,2163
2018-02-04 06:00,2146
2018-02-04 06:05,2134
2018-02-04 06:10,2136
2018-02-04 06:15,2143
2018-02-04 06:20,2110
2018-02-04 06:25,2093
2018-02-04 06:30,2059
2018-02-04 06:35,2029
2018-02-04 06:40,2014
2018-02-04 06:45,2023
2018-02-04 06:50,2032
2018-02-04 06:55,2035
2018-02-04 07:00,2055
2018-02-04 07:05,2085
2018-02-04 07:10,2114
2018-02-04 07:15,2090
2018-02-04 07:20,2106
2018-02-04 07:25,2122
2018-02-04 07:30,2130
2018-02-04 07:35,2134
2018-02-04 07:40,2170
2018-02-04 07:45,2162
2018-02-04 07:50,2190
2018-02-04 07:55,2206
2018-02-04 08:00,2237
2018-02-04 08:05,2258
2018-02-04 08:10,2267
2018-02-04 08:15,2264
2018-02-04 08:20,2253
2018-02-04 08:25,2275
2018-02-04 08:30,2306
2018-02-04 08:35,2345
2018-02-04 08:40,2388
2018-02-04 08:45,2416
2018-02-04 08:50,2400
2018-02-04 08:55,2431
2018-02-04 09:00,2450
2018-02-04 09:05,2491
2018-02-04 09:10,2523
2018-02-04 09:15,2536
2018-02-04 09:20,2591
2018-02-04 09:25,2618
2018-02-04 09:30,2624
2018-02-04 09:35,2686
2018-02-04 09:40,2741
2018-02-04 09:45,2781
2018-02-04 09:50,2808
2018-02-04 09:55,2820
2018-02-04 10:00,2859
2018-02-04 10:05,2915
2018-02-04 10:10,2928
2018-02-04 10:15,3001
2018-02-04 10:20,3059
2018-02-04 10:25,3109
2018-02-04 10:30,3131
2018-02-04 10:35,3163
2018-02-04 10:40,3200
2018-02-04 10:45,3245
2018-02-04 10:50,3265
2018-02-04 10:55,3315
2018-02-04 11:00,3321
2018-02-04 11:05,3341
2018-02-04 11:10,3330
2018-02-04 11:15,3347
2018-02-04 11:20,3362
2018-02-04 11:25,3364
2018-02-04 11:30,3351
2018-02-04 11:35,3396
2018-02-04 11:40,3419
2018-02-04 11:45,3434
2018-02-04 11:50,3451
2018-02-04 11:55,3460
2018-02-04 12:00,3458
2018-02-04 12:05,3452
2018-02-04 12:10,3456
2018-02-04 12:15,3465
2018-02-04 12:20,3453
2018-02-04 12:25,3495
2018-02-04 12:30,3513
2018-02-04 12:35,3523
2018-02-04 12:40,3531
2018-02-04 12:45,3572
2018-02-04 12:50,3586
2018-02-04 12:55,3618
2018-02-04 13:00,3656
2018-02-04 13:05,3669
2018-02-04 13:10,3716
2018-02-04 13:15,3745
2018-02-04 13:20,3791
2018-02-04 13:25,3816
2018-02-04 13:30,3862
2018-02-04 13:35,3884
2018-02-04 13:40,3887
2018-02-04 13:45,3915
2018-02-04 13:50,3953
2018-02-04 13:55,4005
2018-02-04 14:00,4019
2018-02-04 14:05,4024
2018-02-04 14:10,4036
2018-02-04 14:15,4077
2018-02-04 14:20,4111
2018-02-04 14:25,4108
2018-02-04 14:30,4144
2018-02-04 14:35,4155
2018-02-04 14:40,4185
2018-02-04 14:45,4214
2018-02-04 14:50,4222
2018-02-04 14:55,4275
2018-02-04 15:00,4253
2018-02-04 15:05,4249
2018-02-04 15:10,4278
2018-02-04 15:15,4323
2018-02-04 15:20,4369
2018-02-04 15:25,4391
2018-02-04 15:30,4420
2018-02-04 15:35,4418
2018-02-04 15:40,4439
2018-02-04 15:45,4477
2018-02-04 15:50,4483
2018-02-04 15:55,4470
2018-02-04 16:00,4458
2018-02-04 16:05,4436
2018-02-04 16:10,4433
2018-02-04 16:15,4435
2018-02-04 16:20,4445
2018-02-04 16:25,4442
2018-02-04 16:30,4458
2018-02-04 16:35,4470
2018-02-04 16:40,4439
2018-02-04 16:45,4473
2018-02-04 16:50,4491
2018-02-04 16:55,4518
2018-02-04 17:00,4488
2018-02-04 17:05,4476
2018-02-04 17:10,4510
2018-02-04 17:15,4507
2018-02-04 17:20,4530
2018-02-04 17:25,4557
2018-02-04 17:30,4594
2018-02-04 17:35,4607
2018-02-04 17:40,4595
2018-02-04 17:45,4623
2018-02-04 17:50,4673
2018-02-04 17:55,4659
2018-02-04 18:00,4638
2018-02-04 18:05,4619
2018-02-04 18:10,4625
2018-02-04 18:15,4620
2018-02-04 18:20,4620
2018-02-04 18:25,4618
2018-02-04 18:30,4620
2018-02-04 18:35,4626
2018-02-04 18:40,4612
2018-02-04 18:45,4610
2018-02-04 18:50,0
2018-02-04 18:55,4620
2018-02-04 19:00,4624
2018-02-04 19:05,4619
2018-02-04 19:10,4629
2018-02-04 19:15,4646
2018-02-04 19:20,4641
2018-02-04 19:25,4595
2018-02-04 19:30,4604
2018-02-04 19:35,4596
2018-02-04 19:40,4585
2018-02-04 19:45,4607
2018-02-04 19:50,4563
2018-02-04 19:55,4523
2018-02-04 20:00,4490
2018-02-04 20:05,4456
2018-02-04 20:10,4474
2018-02-04 20:15,4467
2018-02-04 20:20,4419
2018-02-04 20:25,4351
2018-02-04 20:30,4331
2018-02-04 20:35,4298
2018-02-04 20:40,4312
2018-02-04 20:45,4286
2018-02-04 20:50,4244
2018-02-04 20:55,4214
2018-02-04 21:00,4204
2018-02-04 21:05,4154
2018-02-04 21:10,4138
2018-02-04 21:15,4058
2018-02-04 21:20,4030
2018-02-04 21:25,3991
2018-02-04 21:30,3977
2018-02-04 21:35,3936
2018-02-04 21:40,3920
2018-02-04 21:45,3889
2018-02-04 21:50,3845
2018-02-04 21:55,3792
2018-02-04 22:00,3752
2018-02-04 22:05,3718
2018-02-04 22:10,3622
2018-02-04 22:15,3570
2018-02-04 22:20,3541
2018-02-04 22:25,3520
2018-02-04 22:30,3482
2018-02-04 22:35,3458
2018-02-04 22:40,3428
2018-02-04 22:45,3403
2018-02-04 22:50,3356
2018-02-04 22:55,3311
2018-02-04 23:00,3290
2018-02-04 23:05,3250
2018-02-04 23:10,3209
2018-02-04 23:15,3166
2018-02-04 23:20,3131
2018-02-04 23:25,3093
2018-02-04 23:30,3041
2018-02-04 23:35,3019
2018-02-04 23:40,2973
2018-02-04 23:45,2917
2018-02-04 23:50,2894
2018-02-04 23:55,2884
2018-02-05 00:00,2825
2018-02-05 00:05,2787
2018-02-05 00:10,2775
2018-02-05 00:15,2722
2018-02-05 00:20,2686
2018-02-05 00:25,2657
2018-02-05 00:30,2650
2018-02-05 00:35,2643
2018-02-05 00:40,2600
2018-02-05 00:45,2596
2018-02-05 00:50,2596
2018-02-05 00:55,2562
2018-02-05 01:00,2563
2018-02-05 01:05,2549
2018-02-05 01:10,2523
2018-02-05 01:15,2519
2018-02-05 01:20,2502
2018-02-05 01:25,2517
2018-02-05 01:30,2494
2018-02-05 01:35,2479
2018-02-05 01:40,2490
2018-02-05 01:45,2474
2018-02-05 01:50,2458
2018-02-05 01:55,2461
2018-02-05 02:00,2442
2018-02-05 02:05,2426
2018-02-05 02:10,2405
2018-02-05 02:15,2384
2018-02-05 02:20,2373
2018-02-05 02:25,2336
2018-02-05 02:30,2316
2018-02-05 02:35,2300
2018-02-05 02:40,2283
2018-02-05 02:45,2262
2018-02-05 02:50,2215
2018-02-05 02:55,2174
2018-02-05 03:00,2155
2018-02-05 03:05,2128
2018-02-05 03:10,2099
2018-02-05 03:15,2052
2018-02-05 03:20,2043
2018-02-05 03:25,2053
2018-02-05 03:30,2056
2018-02-05 03:35,2041
2018-02-05 03:40,2010
2018-02-05 03:45,2017
2018-02-05 03:50,2017
2018-02-05 03:55,2009
2018-02-05 04:00,1997
2018-02-05 04:05,1995
2018-02-05 04:10,1981
2018-02-05 04:15,1972
2018-02-05 04:20,1964
2018-02-05 04:25,1933
2018-02-05 04:30,1925
2018-02-05 04:35,1929
2018-02-05 04:40,1889
2018-02-05 04:45,1879
2018-02-05 04:50,1872
2018-02-05 04:55,1855
2018-02-05 05:00,1836
2018-02-05 05:05,1828
2018-02-05 05:10,1803
2018-02-05 05:15,1777
2018-02-05 05:20,1763
2018-02-05 05:25,1754
2018-02-05 05:30,1752
2018-02-05 05:35,1732
2018-02-05 05:40,1728
2018-02-05 05:45,1727
2018-02-05 05:50,1692
2018-02-05 05:55,1689
2018-02-05 06:00,1689
2018-02-05 06:05,1688
2018-02-05 06:10,1692
2018-02-05 06:15,1679
2018-02-05 06:20,1682
2018-02-05 06:25,1664
2018-02-05 06:30,1666
2018-02-05 06:35,1670
2018-02-05 06:40,1659
2018-02-05 06:45,1659
2018-02-05 06:50,1654
2018-02-05 06:55,1639
2018-02-05 07:00,1660
2018-02-05 07:05,1675
2018-02-05 07:10,1672
2018-02-05 07:15,1689
2018-02-05 07:20,1677
2018-02-05 07:25,1669
2018-02-05 07:30,1674
2018-02-05 07:35,1653
2018-02-05 07:40,1635
2018-02-05 07:45,1630
2018-02-05 07:50,1646
2018-02-05 07:55,1656
2018-02-05 08:00,1665
2018-02-05 08:05,1666
2018-02-05 08:10,1672
2018-02-05 08:15,1671
2018-02-05 08:20,1675
2018-02-05 08:25,1686
2018-02-05 08:30,1719
2018-02-05 08:35,1713
2018-02-05 08:40,1711
2018-02-05 08:45,1723
2018-02-05 08:50,1747
2018-02-05 08:55,1750
2018-02-05 09:00,1775
2018-02-05 09:05,1773
2018-02-05 09:10,1775
2018-02-05 09:15,1781
2018-02-05 09:20,1788
2018-02-05 09:25,1792
2018-02-05 09:30,1793
2018-02-05 09:35,1830
2018-02-05 09:40,1833
2018-02-05 09:45,1866
2018-02-05 09:50,1889
2018-02-05 09:55,1885
2018-02-05 10:00,1938
2018-02-05 10:05,1947
2018-02-05 10:10,1970
2018-02-05 10:15,1991
2018-02-05 10:20,2006
2018-02-05 10:25,2046
2018-02-05 10:30,2083
2018-02-05 10:35,2087
2018-02-05 10:40,2118
2018-02-05 10:45,2142
2018-02-05 10:50,2158
2018-02-05 10:55,2175
2018-02-05 11:00,2192
2018-02-05 11:05,2212
2018-02-05 11:10,2201
2018-02-05 11:15,2194
2018-02-05 11:20,2235
2018-02-05 11:25,2257
2018-02-05 11:30,2261
2018-02-05 11:35,2285
2018-02-05 11:40,2334
2018-02-05 11:45,2339
2018-02-05 11:50,2350
2018-02-05 11:55,2360
2018-02-05 12:00,2376
2018-02-05 12:05,2396
2018-02-05 12:10,2412
2018-02-05 12:15,2425
2018-02-05 12:20,2442
2018-02-05 12:25,2442
2018-02-05 12:30,2449
2018-02-05 12:35,2491
2018-02-05 12:40,2497
2018-02-05 12:45,2525
2018-02-05 12:50,2565
2018-02-05 12:55,2611
2018-02-05 13:00,2633
2018-02-05 13:05,2651
2018-02-05 13:10,2669
2018-02-05 13:15,2688
2018-02-05 13:20,2713
2018-02-05 13:25,2729
2018-02-05 13:30,2754
2018-02-05 13:35,2770
2018-02-05 13:40,2785
2018-02-05 13:45,2800
2018-02-05 13:50,2823
2018-02-05 13:55,2854
2018-02-05 14:00,2861
2018-02-05 14:05,2860
2018-02-05 14:10,2892
2018-02-05 14:15,2925
2018-02-05 14:20,2931
2018-02-05 14:25,2959
2018-02-05 14:30,2977
2018-02-05 14:35,3020
2018-02-05 14:40,3053
2018-02-05 14:45,3083
2018-02-05 14:50,3122
2018-02-05 14:55,3126
2018-02-05 15:00,3120
2018-02-05 15:05,3124
2018-02-05 15:10,3153
2018-02-05 15:15,3144
2018-02-05 15:20,3134
2018-02-05 15:25,3154
2018-02-05 15:30,3155
2018-02-05 15:35,3170
2018-02-05 15:40,3140
2018-02-05 15:45,3162
2018-02-05 15:50,3181
2018-02-05 15:55,3201
2018-02-05 16:00,3214
2018-02-05 16:05,3214
2018-02-05 16:10,3256
2018-02-05 16:15,3269
2018-02-05 16:20,3301
2018-02-05 16:25,3314
2018-02-05 16:30,3327
2018-02-05 16:35,3378
2018-02-05 16:40,3409
2018-02-05 16:45,3428
2018-02-05 16:50,3443
2018-02-05 16:55,3480
2018-02-05 17:00,3541
2018-02-05 17:05,3554
2018-02-05 17:10,3575
2018-02-05 17:15,3602
2018-02-05 17:20,3617
2018-02-05 17:25,3668
2018-02-05 17:30,3677
2018-02-05 17:35,3692
2018-02-05 17:40,3699
2018-02-05 17:45,3719
2018-02-05 17:50,3724
2018-02-05 17:55,3706
2018-02-05 18:00,3744
2018-02-05 18:05,3744
2018-02-05 18:10,3782
2018-02-05 18:15,3799
2018-02-05 18:20,3805
2018-02-05 18:25,3796
2018-02-05 18:30,3812
2018-02-05 18:35,3802
2018-02-05 18:40,3831
2018-02-05 18:45,3866
2018-02-05 18:50,3860
2018-02-05 18:55,3830
2018-02-05 19:00,3850
2018-02-05 19:05,3882
2018-02-05 19:10,3876
2018-02-05 19:15,3854
2018-02-05 19:20,3854
2018-02-05 19:25,3876
2018-02-05 19:30,3880
2018-02-05 19:35,3890
2018-02-05 19:40,3875
2018-02-05 19:45,3882
2018-02-05 19:50,3876
2018-02-05 19:55,3869
2018-02-05 20:00,3886
2018-02-05 20:05,3849
2018-02-05 20:10,3869
2018-02-05 20:15,3847
2018-02-05 20:20,3818
2018-02-05 20:25,3828
2018-02-05 20:30,3808
2018-02-05 20:35,3779
2018-02-05 20:40,3792
2018-02-05 20:45,3771
2018-02-05 20:50,3750
2018-02-05 20:55,3658
2018-02-05 21:00,3632
2018-02-05 21:05,3593
2018-02-05 21:10,3544
2018-02-05 21:15,3496
2018-02-05 21:20,3433
2018-02-05 21:25,3412
2018-02-05 21:30,3387
2018-02-05 21:35,3356
2018-02-05 21:40,3305
2018-02-05 21:45,3297
2018-02-05 21:50,3257
2018-02-05 21:55,3216
2018-02-05 22:00,3174
2018-02-05 22:05,3144
2018-02-05 22:10,3139
2018-02-05 22:15,3116
2018-02-05 22:20,3094
2018-02-05 22:25,3048
2018-02-05 22:30,3027
2018-02-05 22:35,3007
2018-02-05 22:40,2966
2018-02-05 22:45,2958
2018-02-05 22:50,2920
2018-02-05 22:55,2899
2018-02-05 23:00,2871
2018-02-05 23:05,2867
2018-02-05 23:10,2854
2018-02-05 23:15,2813
2018-02-05 23:20,2770
2018-02-05 23:25,2733
2018-02-05 23:30,2706
2018-02-05 23:35,2693
2018-02-05 23:40,2664
2018-02-05 23:45,2647
2018-02-05 23:50,2630
2018-02-05 23:55,2604
2018-02-06 00:00,2584
2018-02-06 00:05,2558
2018-02-06 00:10,2545
2018-02-06 00:15,2526
2018-02-06 00:20,2520
2018-02-06 00:25,2494
2018-02-06 00:30,2510
2018-02-06 00:35,2505
2018-02-06 00:40,2488
2018-02-06 00:45,2453
2018-02-06 00:50,2464
2018-02-06 00:55,2454
2018-02-06 01:00,2442
2018-02-06 01:05,2443
2018-02-06 01:10,2420
2018-02-06 01:15,2397
2018-02-06 01:20,2360
2018-02-06 01:25,2340
2018-02-06 01:30,2334
2018-02-06 01:35,2307
2018-02-06 01:40,2303
2018-02-06 01:45,2305
2018-02-06 01:50,2309
2018-02-06 01:55,2292
2018-02-06 02:00,2288
2018-02-06 02:05,2288
2018-02-06 02:10,2259
2018-02-06 02:15,2283
2018-02-06 02:20,2258
2018-02-06 02:25,2235
2018-02-06 02:30,2225
2018-02-06 02:35,2215
2018-02-06 02:40,2212
2018-02-06 02:45,2207
2018-02-06 02:50,2183
2018-02-06 02:55,2155
2018-02-06 03:00,2157
2018-02-06 03:05,2149
2018-02-06 03:10,2140
2018-02-06 03:15,2121
2018-02-06 03:20,2109
2018-02-06 03:25,2088
2018-02-06 03:30,2077
2018-02-06 03:35,2076
2018-02-06 03:40,2048
2018-02-06 03:45,2039
2018-02-06 03:50,1991
2018-02-06 03:55,1975
2018-02-06 04:00,1966
2018-02-06 04:05,1941
2018-02-06 04:10,1894
2018-02-06 04:15,1902
2018-02-06 04:20,1885
2018-02-06 04:25,1885
2018-02-06 04:30,1877
2018-02-06 04:35,1859
2018-02-06 04:40,1809
2018-02-06 04:45,1807
2018-02-06 04:50,1809
2018-02-06 04:55,1803
2018-02-06 05:00,1774
2018-02-06 05:05,1748
2018-02-06 05:10,1716
2018-02-06 05:15,1704
2018-02-06 05:20,1697
2018-02-06 05:25,1687
2018-02-06 05:30,1687
2018-02-06 05:35,1653
2018-02-06 05:40,1637
2018-02-06 05:45,1640
2018-02-06 05:50,1662
2018-02-06 05:55,1641
2018-02-06 06:00,1618
2018-02-06 06:05,1590
2018-02-06 06:10,1583
2018-02-06 06:15,1574
2018-02-06 06:20,1558
2018-02-06 06:25,1561
2018-02-06 06:30,1562
2018-02-06 06:35,1564
2018-02-06 06:40,1582
2018-02-06 06:45,1578
2018-02-06 06:50,1568
2018-02-06 06:55,1573
2018-02-06 07:00,1571
2018-02-06 07:05,1576
2018-02-06 07:10,1574
2018-02-06 07:15,1550
2018-02-06 07:20,1568
2018-02-06 07:25,1557
2018-02-06 07:30,1576
2018-02-06 07:35,1552
2018-02-06 07:40,1538
2018-02-06 07:45,1540
2018-02-06 07:50,1549
2018-02-06 07:55,1556
2018-02-06 08:00,1557
2018-02-06 08:05,1565
2018-02-06 08:10,1582
2018-02-06 08:15,1581
2018-02-06 08:20,1609
2018-02-06 08:25,1624
2018-02-06 08:30,1635
2018-02-06 08:35,1649
2018-02-06 08:40,1653
2018-02-06 08:45,1666
2018-02-06 08:50,1694
2018-02-06 08:55,1710
2018-02-06 09:00,1733
2018-02-06 09:05,1736
2018-02-06 09:10,1741
2018-02-06 09:15,1767
2018-02-06 09:20,1768
2018-02-06 09:25,1783
2018-02-06 09:30,1766
2018-02-06 09:35,1794
2018-02-06 09:40,1810
2018-02-06 09:45,1804
2018-02-06 09:50,1828
2018-02-06 09:55,1846
2018-02-06 10:00,1863
2018-02-06 10:05,1914
2018-02-06 10:10,1936
2018-02-06 10:15,1950
2018-02-06 10:20,1962
2018-02-06 10:25,2001
2018-02-06 10:30,2020
2018-02-06 10:35,2051
2018-02-06 10:40,2080
2018-02-06 10:45,2103
2018-02-06 10:50,2122
2018-02-06 10:55,2124
2018-02-06 11:00,2157
2018-02-06 11:05,2176
2018-02-06 11:10,2194
2018-02-06 11:15,2214
2018-02-06 11:20,2227
2018-02-06 11:25,2245
2018-02-06 11:30,2272
2018-02-06 11:35,2292
2018-02-06 11:40,2313
2018-02-06 11:45,2334
2018-02-06 11:50,2309
2018-02-06 11:55,2312
2018-02-06 12:00,2317
2018-02-06 12:05,2331
2018-02-06 12:10,2329
2018-02-06 12:15,2356
2018-02-06 12:20,2356
2018-02-06 12:25,2349
2018-02-06 12:30,2359
2018-02-06 12:35,2395
2018-02-06 12:40,2403
2018-02-06 12:45,2445
2018-02-06 12:50,2453
2018-02-06 12:55,2485
2018-02-06 13:00,2529
2018-02-06 13:05,2536
2018-02-06 13:10,2573
2018-02-06 13:15,2581
2018-02-06 13:20,2599
2018-02-06 13:25,2623
2018-02-06 13:30,2654
2018-02-06 13:35,2687
2018-02-06 13:40,2707
2018-02-06 13:45,2716
2018-02-06 13:50,2752
2018-02-06 13:55,2776
2018-02-06 14:00,2766
2018-02-06 14:05,2763
2018-02-06 14:10,2788
2018-02-06 14:15,2798
2018-02-06 14:20,2851
2018-02-06 14:25,2892
2018-02-06 14:30,2904
2018-02-06 14:35,2949
2018-02-06 14:40,2970
2018-02-06 14:45,2996
2018-02-06 14:50,3037
2018-02-06 14:55,3037
2018-02-06 15:00,3046
2018-02-06 15:05,3038
2018-02-06 15:10,3075
2018-02-06 15:15,3107
2018-02-06 15:20,3144
2018-02-06 15:25,3143
2018-02-06 15:30,3133
2018-02-06 15:35,3165
2018-02-06 15:40,3190
2018-02-06 15:45,3181
2018-02-06 15:50,3198
2018-02-06 15:55,3224
2018-02-06 16:00,3233
2018-02-06 16:05,3248
2018-02-06 16:10,3246
2018-02-06 16:15,3259
2018-02-06 16:20,3289
2018-02-06 16:25,3298
2018-02-06 16:30,3290
2018-02-06 16:35,3308
2018-02-06 16:40,3337
2018-02-06 16:45,3359
2018-02-06 16:50,3382
2018-02-06 16:55,3428
2018-02-06 17:00,3444
2018-02-06 17:05,3465
2018-02-06 17:10,3476
2018-02-06 17:15,3505
2018-02-06 17:20,3516
2018-02-06 17:25,3549
2018-02-06 17:30,3542
2018-02-06 17:35,3562
2018-02-06 17:40,3597
2018-02-06 17:45,3635
2018-02-06 17:50,3638
2018-02-06 17:55,3629
2018-02-06 18:00,3653
2018-02-06 18:05,3659
2018-02-06 18:10,3712
2018-02-06 18:15,3716
2018-02-06 18:20,3725
2018-02-06 18:25,3764
2018-02-06 18:30,3773
2018-02-06 18:35,3758
2018-02-06 18:40,3768
2018-02-06 18:45,3777
2018-02-06 18:50,3780
2018-02-06 18:55,3771
2018-02-06 19:00,3779
2018-02-06 19:05,3761
2018-02-06 19:10,3747
2018-02-06 19:15,3752
2018-02-06 19:20,3728
2018-02-06 19:25,3753
2018-02-06 19:30,3738
2018-02-06 19:35,3697
2018-02-06 19:40,3740
2018-02-06 19:45,3754
2018-02-06 19:50,3752
2018-02-06 19:55,3742
2018-02-06 20:00,3750
2018-02-06 20:05,3709
2018-02-06 20:10,3671
2018-02-06 20:15,3650
2018-02-06 20:20,3655
2018-02-06 20:25,3620
2018-02-06 20:30,3608
2018-02-06 20:35,3609
2018-02-06 20:40,3607
2018-02-06 20:45,3578
2018-02-06 20:50,3550
2018-02-06 20:55,3506
2018-02-06 21:00,3487
2018-02-06 21:05,3437
2018-02-06 21:10,3397
2018-02-06 21:15,3363
2018-02-06 21:20,3335
2018-02-06 21:25,3292
2018-02-06 21:30,3283
2018-02-06 21:35,3277
2018-02-06 21:40,3243
2018-02-06 21:45,3194
2018-02-06 21:50,3176
2018-02-06 21:55,3132
2018-02-06 22:00,3120
2018-02-06 22:05,3073
2018-02-06 22:10,3048
2018-02-06 22:15,3007
2018-02-06 22:20,2992
2018-02-06 22:25,2955
2018-02-06 22:30,2925
2018-02-06 22:35,2900
2018-02-06 22:40,2857
2018-02-06 22:45,2805
2018-02-06 22:50,2780
2018-02-06 22:55,2769
2018-02-06 23:00,2752
2018-02-06 23:05,2726
2018-02-06 23:10,0
2018-02-06 23:15,1689
2018-02-06 23:20,2403
2018-02-06 23:25,2634
2018-02-06 23:30,2594
2018-02-06 23:35,2609
2018-02-06 23:40,2592
2018-02-06 23:45,2568
2018-02-06 23:50,2566
2018-02-06 23:55,2554
2018-02-07 00:00,2535
2018-02-07 00:05,2527
2018-02-07 00:10,2518
2018-02-07 00:15,0
2018-02-07 00:20,2510
2018-02-07 00:25,2484
2018-02-07 00:30,2470
2018-02-07 00:35,2465
2018-02-07 00:40,2483
2018-02-07 00:45,2476
2018-02-07 00:50,2460
2018-02-07 00:55,2448
2018-02-07 01:00,2433
2018-02-07 01:05,2427
2018-02-07 01:10,2395
2018-02-07 01:15,2365
2018-02-07 01:20,2346
2018-02-07 01:25,2359
2018-02-07 01:30,2344
2018-02-07 01:35,2331
2018-02-07 01:40,2303
2018-02-07 01:45,2317
2018-02-07 01:50,2304
2018-02-07 01:55,2287
2018-02-07 02:00,2258
2018-02-07 02:05,2230
2018-02-07 02:10,2194
2018-02-07 02:15,2165
2018-02-07 02:20,2160
2018-02-07 02:25,2166
2018-02-07 02:30,2170
2018-02-07 02:35,2150
2018-02-07 02:40,2120
2018-02-07 02:45,2097
2018-02-07 02:50,2096
2018-02-07 02:55,2085
2018-02-07 03:00,2068
2018-02-07 03:05,2035
2018-02-07 03:10,2033
2018-02-07 03:15,2015
2018-02-07 03:20,1982
2018-02-07 03:25,1967
2018-02-07 03:30,1968
2018-02-07 03:35,1976
2018-02-07 03:40,1974
2018-02-07 03:45,1959
2018-02-07 03:50,1925
2018-02-07 03:55,1920
2018-02-07 04:00,1902
2018-02-07 04:05,1873
2018-02-07 04:10,1854
2018-02-07 04:15,1843
2018-02-07 04:20,1813
2018-02-07 04:25,1818
2018-02-07 04:30,1804
2018-02-07 04:35,1774
2018-02-07 04:40,1778
2018-02-07 04:45,1757
2018-02-07 04:50,1746
2018-02-07 04:55,1747
2018-02-07 05:00,1736
2018-02-07 05:05,1717
2018-02-07 05:10,1715
2018-02-07 05:15,1708
2018-02-07 05:20,1688
2018-02-07 05:25,1683
2018-02-07 05:30,1661
2018-02-07 05:35,1657
2018-02-07 05:40,1638
2018-02-07 05:45,1633
2018-02-07 05:50,1612
2018-02-07 05:55,1598
2018-02-07 06:00,1624
2018-02-07 06:05,1625
2018-02-07 06:10,1616
2018-02-07 06:15,1599
2018-02-07 06:20,1587
2018-02-07 06:25,1569
2018-02-07 06:30,1565
2018-02-07 06:35,1581
2018-02-07 06:40,1587
2018-02-07 06:45,1577
2018-02-07 06:50,1568
2018-02-07 06:55,1572
2018-02-07 07:00,1565
2018-02-07 07:05,1546
2018-02-07 07:10,1542
2018-02-07 07:15,1531
2018-02-07 07:20,1510
2018-02-07 07:25,1508
2018-02-07 07:30,1514
2018-02-07 07:35,1528
2018-02-07 07:40,1517
2018-02-07 07:45,1531
2018-02-07 07:50,1520
2018-02-07 07:55,1512
2018-02-07 08:00,1517
2018-02-07 08:05,1531
2018-02-07 08:10,1523
2018-02-07 08:15,1541
2018-02-07 08:20,1574
2018-02-07 08:25,1586
2018-02-07 08:30,1576
2018-02-07 08:35,1609
2018-02-07 08:40,1629
2018-02-07 08:45,1646
2018-02-07 08:50,1651
2018-02-07 08:55,1682
2018-02-07 09:00,1675
2018-02-07 09:05,1669
2018-02-07 09:10,1661
2018-02-07 09:15,1703
2018-02-07 09:20,1723
2018-02-07 09:25,1744
2018-02-07 09:30,1773
2018-02-07 09:35,1782
2018-02-07 09:40,1788
2018-02-07 09:45,1790
2018-02-07 09:50,1818
2018-02-07 09:55,1834
2018-02-07 10:00,1863
2018-02-07 10:05,1916
2018-02-07 10:10,1937
2018-02-07 10:15,1969
2018-02-07 10:20,2007
2018-02-07 10:25,2006
2018-02-07 10:30,2035
2018-02-07 10:35,2088
2018-02-07 10:40,2108
2018-02-07 10:45,2105
2018-02-07 10:50,2118
2018-02-07 10:55,2126
2018-02-07 11:00,2108
2018-02-07 11:05,2131
2018-02-07 11:10,2136
2018-02-07 11:15,2148
2018-02-07 11:20,2181
2018-02-07 11:25,2205
2018-02-07 11:30,2200
2018-02-07 11:35,2203
2018-02-07 11:40,2223
2018-02-07 11:45,2226
2018-02-07 11:50,2258
2018-02-07 11:55,2270
2018-02-07 12:00,2291
2018-02-07 12:05,2274
2018-02-07 12:10,2269
2018-02-07 12:15,2267
2018-02-07 12:20,2289
2018-02-07 12:25,2296
2018-02-07 12:30,2314
2018-02-07 12:35,2298
2018-02-07 12:40,2288
2018-02-07 12:45,2270
2018-02-07 12:50,2223
2018-02-07 12:55,2160
2018-02-07 13:00,1908
2018-02-07 13:05,1035
2018-02-07 13:10,970
2018-02-07 13:15,908
2018-02-07 13:20,851
2018-02-07 13:25,829
2018-02-07 13:30,800
2018-02-07 13:35,812
2018-02-07 13:40,786
2018-02-07 13:45,758
2018-02-07 13:50,748
2018-02-07 13:55,703
2018-02-07 14:00,709
2018-02-07 14:05,703
2018-02-07 14:10,674
2018-02-07 14:15,674
2018-02-07 14:20,682
2018-02-07 14:25,701
2018-02-07 14:30,682
2018-02-07 14:35,657
2018-02-07 14:40,656
2018-02-07 14:45,671
2018-02-07 14:50,654
2018-02-07 14:55,667
2018-02-07 15:00,646
2018-02-07 15:05,644
2018-02-07 15:10,660
2018-02-07 15:15,650
2018-02-07 15:20,662
2018-02-07 15:25,655
2018-02-07 15:30,649
2018-02-07 15:35,652
2018-02-07 15:40,626
2018-02-07 15:45,645
2018-02-07 15:50,641
2018-02-07 15:55,649
2018-02-07 16:00,652
2018-02-07 16:05,635
2018-02-07 16:10,645
2018-02-07 16:15,676
2018-02-07 16:20,723
2018-02-07 16:25,760
2018-02-07 16:30,771
2018-02-07 16:35,782
2018-02-07 16:40,787
2018-02-07 16:45,796
2018-02-07 16:50,808
2018-02-07 16:55,840
2018-02-07 17:00,862
2018-02-07 17:05,878
2018-02-07 17:10,883
2018-02-07 17:15,902
2018-02-07 17:20,893
2018-02-07 17:25,919
2018-02-07 17:30,947
2018-02-07 17:35,958
2018-02-07 17:40,919
2018-02-07 17:45,965
2018-02-07 17:50,953
2018-02-07 17:55,969
2018-02-07 18:00,981
2018-02-07 18:05,977
2018-02-07 18:10,1004
2018-02-07 18:15,1016
2018-02-07 18:20,1028
2018-02-07 18:25,1016
2018-02-07 18:30,1008
2018-02-07 18:35,980
2018-02-07 18:40,1004
2018-02-07 18:45,987
2018-02-07 18:50,1020
2018-02-07 18:55,1040
2018-02-07 19:00,1049
2018-02-07 19:05,1051
2018-02-07 19:10,1077
2018-02-07 19:15,1073
2018-02-07 19:20,1061
2018-02-07 19:25,1082
2018-02-07 19:30,1099
2018-02-07 19:35,1087
2018-02-07 19:40,1112
2018-02-07 19:45,1124
2018-02-07 19:50,1096
2018-02-07 19:55,1153
2018-02-07 20:00,1337
2018-02-07 20:05,1569
2018-02-07 20:10,1773
2018-02-07 20:15,1930
2018-02-07 20:20,2030
2018-02-07 20:25,2186
2018-02-07 20:30,2286
2018-02-07 20:35,2385
2018-02-07 20:40,2514
2018-02-07 20:45,2575
2018-02-07 20:50,2648
2018-02-07 20:55,2693
2018-02-07 21:00,2755
2018-02-07 21:05,2800
2018-02-07 21:10,2869
2018-02-07 21:15,2913
2018-02-07 21:20,2919
2018-02-07 21:25,2926
2018-02-07 21:30,2967
2018-02-07 21:35,2991
2018-02-07 21:40,3011
2018-02-07 21:45,3022
2018-02-07 21:50,3036
2018-02-07 21:55,3014
2018-02-07 22:00,3029
2018-02-07 22:05,3064
2018-02-07 22:10,3095
2018-02-07 22:15,3083
2018-02-07 22:20,3095
2018-02-07 22:25,3087
2018-02-07 22:30,3065
2018-02-07 22:35,3053
2018-02-07 22:40,3025
2018-02-07 22:45,2994
2018-02-07 22:50,2995
2018-02-07 22:55,2932
2018-02-07 23:00,2901
2018-02-07 23:05,2861
2018-02-07 23:10,2844
2018-02-07 23:15,2813
2018-02-07 23:20,2778
2018-02-07 23:25,2788
2018-02-07 23:30,2768
2018-02-07 23:35,2760
2018-02-07 23:40,2755
2018-02-07 23:45,2722
2018-02-07 23:50,2691
2018-02-07 23:55,2674
2018-02-08 00:00,2634
2018-02-08 00:05,2623
2018-02-08 00:10,2598
2018-02-08 00:15,2579
2018-02-08 00:20,2584
2018-02-08 00:25,2563
2018-02-08 00:30,2527
2018-02-08 00:35,2521
2018-02-08 00:40,2484
2018-02-08 00:45,2480
2018-02-08 00:50,2478
2018-02-08 00:55,2472
2018-02-08 01:00,2450
2018-02-08 01:05,2431
2018-02-08 01:10,2410
2018-02-08 01:15,2384
2018-02-08 01:20,2370
2018-02-08 01:25,2344
2018-02-08 01:30,2352
2018-02-08 01:35,2339
2018-02-08 01:40,2330
2018-02-08 01:45,2310
2018-02-08 01:50,2304
2018-02-08 01:55,2305
2018-02-08 02:00,2295
2018-02-08 02:05,2249
2018-02-08 02:10,2260
2018-02-08 02:15,2247
2018-02-08 02:20,2217
2018-02-08 02:25,2221
2018-02-08 02:30,2222
2018-02-08 02:35,2219
2018-02-08 02:40,2200
2018-02-08 02:45,2165
2018-02-08 02:50,2140
2018-02-08 02:55,2132
2018-02-08 03:00,2114
2018-02-08 03:05,2073
2018-02-08 03:10,2062
2018-02-08 03:15,2038
2018-02-08 03:20,2016
2018-02-08 03:25,2016
2018-02-08 03:30,1997
2018-02-08 03:35,1974
2018-02-08 03:40,1971
2018-02-08 03:45,1973
2018-02-08 03:50,1950
2018-02-08 03:55,1944
2018-02-08 04:00,1945
2018-02-08 04:05,1910
2018-02-08 04:10,1884
2018-02-08 04:15,1870
2018-02-08 04:20,1867
2018-02-08 04:25,1875
2018-02-08 04:30,1852
2018-02-08 04:35,1834
2018-02-08 04:40,1823
2018-02-08 04:45,1809
2018-02-08 04:50,
2018-02-08 04:55,
2018-02-08 05:00,1754
2018-02-08 05:05,1757
2018-02-08 05:10,1757
2018-02-08 05:15,1724
2018-02-08 05:20,1708
2018-02-08 05:25,1701
2018-02-08 05:30,1701
2018-02-08 05:35,1678
2018-02-08 05:40,1662
2018-02-08 05:45,1652
2018-02-08 05:50,1644
2018-02-08 05:55,1627
2018-02-08 06:00,1605
2018-02-08 06:05,1588
2018-02-08 06:10,1591
2018-02-08 06:15,1580
2018-02-08 06:20,1581
2018-02-08 06:25,1572
2018-02-08 06:30,1583
2018-02-08 06:35,1559
2018-02-08 06:40,1545
2018-02-08 06:45,1531
2018-02-08 06:50,1535
2018-02-08 06:55,1540
2018-02-08 07:00,1517
2018-02-08 07:05,1507
2018-02-08 07:10,1498
2018-02-08 07:15,1519
2018-02-08 07:20,1531
2018-02-08 07:25,1534
2018-02-08 07:30,1526
2018-02-08 07:35,1517
2018-02-08 07:40,1549
2018-02-08 07:45,1561
2018-02-08 07:50,1553
2018-02-08 07:55,1574
2018-02-08 08:00,1589
2018-02-08 08:05,1602
2018-02-08 08:10,1625
2018-02-08 08:15,
2018-02-08 08:20,1631
2018-02-08 08:25,1646
2018-02-08 08:30,1638
2018-02-08 08:35,1658
2018-02-08 08:40,1653
2018-02-08 08:45,1656
2018-02-08 08:50,1672
2018-02-08 08:55,1696
2018-02-08 09:00,1718
2018-02-08 09:05,1728
2018-02-08 09:10,1760
2018-02-08 09:15,1768
2018-02-08 09:20,1795
2018-02-08 09:25,
2018-02-08 09:30,1812
2018-02-08 09:35,1823
2018-02-08 09:40,1857
2018-02-08 09:45,
2018-02-08 09:50,1901
2018-02-08 09:55,1934
2018-02-08 10:00,1952
2018-02-08 10:05,1990
2018-02-08 10:10,1989
2018-02-08 10:15,2006
2018-02-08 10:20,2026
2018-02-08 10:25,2047
2018-02-08 10:30,2026
2018-02-08 10:35,
2018-02-08 10:40,
2018-02-08 10:45,2065
2018-02-08 10:50,
2018-02-08 10:55,2092
2018-02-08 11:00,2098
2018-02-08 11:05,2128
2018-02-08 11:10,2140
2018-02-08 11:15,2165
2018-02-08 11:20,2198
2018-02-08 11:25,2211
2018-02-08 11:30,2216
2018-02-08 11:35,2246
2018-02-08 11:40,2271
2018-02-08 11:45,2279
2018-02-08 11:50,2294
2018-02-08 11:55,2305
2018-02-08 12:00,2308
2018-02-08 12:05,2321
2018-02-08 12:10,2306
2018-02-08 12:15,2323
2018-02-08 12:20,2322
2018-02-08 12:25,2328
2018-02-08 12:30,2355
2018-02-08 12:35,2360
2018-02-08 12:40,2372
2018-02-08 12:45,2386
2018-02-08 12:50,2407
2018-02-08 12:55,2438
2018-02-08 13:00,2473
2018-02-08 13:05,
2018-02-08 13:10,2502
2018-02-08 13:15,2515
2018-02-08 13:20,2538
2018-02-08 13:25,
2018-02-08 13:30,2567
2018-02-08 13:35,2605
2018-02-08 13:40,2614
2018-02-08 13:45,2636
2018-02-08 13:50,2640
2018-02-08 13:55,2670
2018-02-08 14:00,2713
2018-02-08 14:05,2722
2018-02-08 14:10,2721
2018-02-08 14:15,2733
2018-02-08 14:20,2774
2018-02-08 14:25,2799
2018-02-08 14:30,2832
2018-02-08 14:35,2851
2018-02-08 14:40,2871
2018-02-08 14:45,2852
2018-02-08 14:50,2896
2018-02-08 14:55,2950
2018-02-08 15:00,2988
2018-02-08 15:05,2996
2018-02-08 15:10,2993
2018-02-08 15:15,3013
2018-02-08 15:20,3000
2018-02-08 15:25,3023
2018-02-08 15:30,3032
2018-02-08 15:35,3064
2018-02-08 15:40,3100
2018-02-08 15:45,3125
2018-02-08 15:50,3140
2018-02-08 15:55,3203
2018-02-08 16:00,3234
2018-02-08 16:05,3244
2018-02-08 16:10,3275
2018-02-08 16:15,3278
2018-02-08 16:20,3268
2018-02-08 16:25,3283
2018-02-08 16:30,3276
2018-02-08 16:35,3283
2018-02-08 16:40,3331
2018-02-08 16:45,3364
2018-02-08 16:50,3405
2018-02-08 16:55,3405
2018-02-08 17:00,3416
2018-02-08 17:05,3427
2018-02-08 17:10,3423
2018-02-08 17:15,3451
2018-02-08 17:20,3485
2018-02-08 17:25,3511
2018-02-08 17:30,3533
2018-02-08 17:35,3528
2018-02-08 17:40,3525
2018-02-08 17:45,3533
2018-02-08 17:50,3522
2018-02-08 17:55,3556
2018-02-08 18:00,3545
2018-02-08 18:05,3543
2018-02-08 18:10,3522
2018-02-08 18:15,3545
2018-02-08 18:20,3555
2018-02-08 18:25,3584
2018-02-08 18:30,3585
2018-02-08 18:35,3578
2018-02-08 18:40,3608
2018-02-08 18:45,3611
2018-02-08 18:50,3623
2018-02-08 18:55,3631
2018-02-08 19:00,3600
2018-02-08 19:05,3586
2018-02-08 19:10,3623
2018-02-08 19:15,3633
2018-02-08 19:20,3629
2018-02-08 19:25,3627
2018-02-08 19:30,3624
2018-02-08 19:35,3609
2018-02-08 19:40,3620
2018-02-08 19:45,3625
2018-02-08 19:50,3617
2018-02-08 19:55,3605
2018-02-08 20:00,3596
2018-02-08 20:05,3585
2018-02-08 20:10,3581
2018-02-08 20:15,3536
2018-02-08 20:20,3504
2018-02-08 20:25,3487
2018-02-08 20:30,3490
2018-02-08 20:35,3467
2018-02-08 20:40,3416
2018-02-08 20:45,3413
2018-02-08 20:50,3403
2018-02-08 20:55,3382
2018-02-08 21:00,3372
2018-02-08 21:05,3329
2018-02-08 21:10,3313
2018-02-08 21:15,3278
2018-02-08 21:20,3227
2018-02-08 21:25,3197
2018-02-08 21:30,3171
2018-02-08 21:35,3150
2018-02-08 21:40,
2018-02-08 21:45,3124
2018-02-08 21:50,3059
2018-02-08 21:55,3033
2018-02-08 22:00,3035
2018-02-08 22:05,3011
2018-02-08 22:10,2977
2018-02-08 22:15,2954
2018-02-08 22:20,2942
2018-02-08 22:25,2924
2018-02-08 22:30,2904
2018-02-08 22:35,2873
2018-02-08 22:40,2834
2018-02-08 22:45,2787
2018-02-08 22:50,2770
2018-02-08 22:55,2748
2018-02-08 23:00,2690
2018-02-08 23:05,2664
2018-02-08 23:10,2616
2018-02-08 23:15,2576
2018-02-08 23:20,2532
2018-02-08 23:25,2514
2018-02-08 23:30,2501
2018-02-08 23:35,2470
2018-02-08 23:40,2480
2018-02-08 23:45,2462
2018-02-08 23:50,2431
2018-02-08 23:55,2387
2018-02-09 00:00,2351
2018-02-09 00:05,2338
2018-02-09 00:10,2333
2018-02-09 00:15,2324
2018-02-09 00:20,2329
2018-02-09 00:25,2328
2018-02-09 00:30,2335
2018-02-09 00:35,2348
2018-02-09 00:40,2330
2018-02-09 00:45,2308
2018-02-09 00:50,2273
2018-02-09 00:55,2270
2018-02-09 01:00,2242
2018-02-09 01:05,2225
2018-02-09 01:10,2231
2018-02-09 01:15,
2018-02-09 01:20,2204
2018-02-09 01:25,2214
2018-02-09 01:30,2203
2018-02-09 01:35,2177
2018-02-09 01:40,2175
2018-02-09 01:45,2148
2018-02-09 01:50,2127
2018-02-09 01:55,2096
2018-02-09 02:00,2114
2018-02-09 02:05,2114
2018-02-09 02:10,2111
2018-02-09 02:15,2087
2018-02-09 02:20,2063
2018-02-09 02:25,2021
2018-02-09 02:30,2008
2018-02-09 02:35,1997
2018-02-09 02:40,1984
2018-02-09 02:45,1990
2018-02-09 02:50,1983
2018-02-09 02:55,1982
2018-02-09 03:00,1970
2018-02-09 03:05,1956
2018-02-09 03:10,1962
2018-02-09 03:15,1943
2018-02-09 03:20,1924
2018-02-09 03:25,1928
2018-02-09 03:30,1934
2018-02-09 03:35,1922
2018-02-09 03:40,1884
2018-02-09 03:45,1879
2018-02-09 03:50,1876
2018-02-09 03:55,1864
2018-02-09 04:00,1835
2018-02-09 04:05,1837
2018-02-09 04:10,1822
2018-02-09 04:15,1794
2018-02-09 04:20,1795
2018-02-09 04:25,1801
2018-02-09 04:30,1802
2018-02-09 04:35,1793
2018-02-09 04:40,1770
2018-02-09 04:45,1760
2018-02-09 04:50,1749
2018-02-09 04:55,1748
2018-02-09 05:00,1739
2018-02-09 05:05,1725
2018-02-09 05:10,1699
2018-02-09 05:15,1680
2018-02-09 05:20,1660
2018-02-09 05:25,1633
2018-02-09 05:30,1633
2018-02-09 05:35,1623
2018-02-09 05:40,1623
2018-02-09 05:45,1603
2018-02-09 05:50,1593
2018-02-09 05:55,1578
2018-02-09 06:00,1574
2018-02-09 06:05,1563
2018-02-09 06:10,1551
2018-02-09 06:15,1568
2018-02-09 06:20,1559
2018-02-09 06:25,1573
2018-02-09 06:30,1568
2018-02-09 06:35,1560
2018-02-09 06:40,1560
2018-02-09 06:45,1556
2018-02-09 06:50,1541
2018-02-09 06:55,1549
2018-02-09 07:00,1543
2018-02-09 07:05,1550
2018-02-09 07:10,1544
2018-02-09 07:15,1556
2018-02-09 07:20,1554
2018-02-09 07:25,1573
2018-02-09 07:30,1564
2018-02-09 07:35,1561
2018-02-09 07:40,1558
2018-02-09 07:45,1575
2018-02-09 07:50,1555
2018-02-09 07:55,1547
2018-02-09 08:00,1555
2018-02-09 08:05,1569
2018-02-09 08:10,1574
2018-02-09 08:15,1585
2018-02-09 08:20,1589
2018-02-09 08:25,1606
2018-02-09 08:30,1612
2018-02-09 08:35,1622
2018-02-09 08:40,1645
2018-02-09 08:45,1641
2018-02-09 08:50,1650
2018-02-09 08:55,1661
2018-02-09 09:00,1690
2018-02-09 09:05,1704
2018-02-09 09:10,1701
2018-02-09 09:15,1706
2018-02-09 09:20,1733
2018-02-09 09:25,1754
2018-02-09 09:30,1786
2018-02-09 09:35,1785
2018-02-09 09:40,1796
2018-02-09 09:45,1796
2018-02-09 09:50,1797
2018-02-09 09:55,1823
2018-02-09 10:00,1833
2018-02-09 10:05,1866
2018-02-09 10:10,1883
2018-02-09 10:15,1909
2018-02-09 10:20,1944
2018-02-09 10:25,1964
2018-02-09 10:30,1985
2018-02-09 10:35,2021
2018-02-09 10:40,2031
2018-02-09 10:45,2040
2018-02-09 10:50,2046
2018-02-09 10:55,2076
2018-02-09 11:00,2100
2018-02-09 11:05,2110
2018-02-09 11:10,2136
2018-02-09 11:15,2177
2018-02-09 11:20,2197
2018-02-09 11:25,2229
2018-02-09 11:30,2248
2018-02-09 11:35,2256
2018-02-09 11:40,2281
2018-02-09 11:45,2284
2018-02-09 11:50,2288
2018-02-09 11:55,2305
2018-02-09 12:00,2323
2018-02-09 12:05,2326
2018-02-09 12:10,2344
2018-02-09 12:15,2347
2018-02-09 12:20,2374
2018-02-09 12:25,2383
2018-02-09 12:30,2399
2018-02-09 12:35,2408
2018-02-09 12:40,2437
2018-02-09 12:45,2442
2018-02-09 12:50,2466
2018-02-09 12:55,2478
2018-02-09 13:00,2492
2018-02-09 13:05,2526
2018-02-09 13:10,2531
2018-02-09 13:15,2544
2018-02-09 13:20,2564
2018-02-09 13:25,2592
2018-02-09 13:30,2608
2018-02-09 13:35,2653
2018-02-09 13:40,2677
2018-02-09 13:45,2686
2018-02-09 13:50,2738
2018-02-09 13:55,2755
2018-02-09 14:00,2760
2018-02-09 14:05,2775
2018-02-09 14:10,2807
2018-02-09 14:15,2846
2018-02-09 14:20,2898
2018-02-09 14:25,2903
2018-02-09 14:30,2894
2018-02-09 14:35,2922
2018-02-09 14:40,2946
2018-02-09 14:45,2941
2018-02-09 14:50,2937
2018-02-09 14:55,2934
2018-02-09 15:00,2948
2018-02-09 15:05,2950
2018-02-09 15:10,2980
2018-02-09 15:15,3004
2018-02-09 15:20,3020
2018-02-09 15:25,3050
2018-02-09 15:30,3087
2018-02-09 15:35,3112
2018-02-09 15:40,3099
2018-02-09 15:45,3117
2018-02-09 15:50,3135
2018-02-09 15:55,3146
2018-02-09 16:00,3153
2018-02-09 16:05,3149
2018-02-09 16:10,3123
2018-02-09 16:15,3145
2018-02-09 16:20,3205
2018-02-09 16:25,3206
2018-02-09 16:30,3231
2018-02-09 16:35,3285
2018-02-09 16:40,3321
2018-02-09 16:45,3332
2018-02-09 16:50,3365
2018-02-09 16:55,3407
2018-02-09 17:00,3424
2018-02-09 17:05,3451
2018-02-09 17:10,3455
2018-02-09 17:15,3482
2018-02-09 17:20,3498
2018-02-09 17:25,3504
2018-02-09 17:30,3487
2018-02-09 17:35,3527
2018-02-09 17:40,3557
2018-02-09 17:45,3573
2018-02-09 17:50,3573
2018-02-09 17:55,3559
2018-02-09 18:00,3564
2018-02-09 18:05,3586
2018-02-09 18:10,3552
2018-02-09 18:15,3568
2018-02-09 18:20,3587
2018-02-09 18:25,3594
2018-02-09 18:30,3590
2018-02-09 18:35,3583
2018-02-09 18:40,3616
2018-02-09 18:45,3629
2018-02-09 18:50,3631
2018-02-09 18:55,3602
2018-02-09 19:00,3625
2018-02-09 19:05,3623
2018-02-09 19:10,3655
2018-02-09 19:15,3680
2018-02-09 19:20,3704
2018-02-09 19:25,3705
2018-02-09 19:30,3691
2018-02-09 19:35,3666
2018-02-09 19:40,3655
2018-02-09 19:45,3654
2018-02-09 19:50,3653
2018-02-09 19:55,3644
2018-02-09 20:00,3624
2018-02-09 20:05,3658
2018-02-09 20:10,3672
2018-02-09 20:15,3668
2018-02-09 20:20,3674
2018-02-09 20:25,3671
2018-02-09 20:30,3664
2018-02-09 20:35,3666
2018-02-09 20:40,3644
2018-02-09 20:45,3633
2018-02-09 20:50,3589
2018-02-09 20:55,3585
2018-02-09 21:00,3583
2018-02-09 21:05,3550
2018-02-09 21:10,3493
2018-02-09 21:15,3497
2018-02-09 21:20,3453
2018-02-09 21:25,3437
2018-02-09 21:30,3408
2018-02-09 21:35,3418
2018-02-09 21:40,3391
2018-02-09 21:45,3392
2018-02-09 21:50,3354
2018-02-09 21:55,3349
2018-02-09 22:00,3317
2018-02-09 22:05,3296
2018-02-09 22:10,3248
2018-02-09 22:15,3248
2018-02-09 22:20,3221
2018-02-09 22:25,3208
2018-02-09 22:30,3194
2018-02-09 22:35,3147
2018-02-09 22:40,3097
2018-02-09 22:45,3067
2018-02-09 22:50,3037
2018-02-09 22:55,2997
2018-02-09 23:00,2973
2018-02-09 23:05,2940
2018-02-09 23:10,2920
2018-02-09 23:15,2896
2018-02-09 23:20,2882
2018-02-09 23:25,2880
2018-02-09 23:30,2841
2018-02-09 23:35,2822
2018-02-09 23:40,2791
2018-02-09 23:45,2731
2018-02-09 23:50,2706
2018-02-09 23:55,2686
2018-02-10 00:00,2657
2018-02-10 00:05,2627
2018-02-10 00:10,2605
2018-02-10 00:15,2597
2018-02-10 00:20,2583
2018-02-10 00:25,2569
2018-02-10 00:30,2552
2018-02-10 00:35,2530
2018-02-10 00:40,2492
2018-02-10 00:45,2477
2018-02-10 00:50,2438
2018-02-10 00:55,2404
2018-02-10 01:00,2393
2018-02-10 01:05,2377
2018-02-10 01:10,2358
2018-02-10 01:15,2363
2018-02-10 01:20,2356
2018-02-10 01:25,2352
2018-02-10 01:30,2344
2018-02-10 01:35,2331
2018-02-10 01:40,2303
2018-02-10 01:45,2280
2018-02-10 01:50,2280
2018-02-10 01:55,2275
2018-02-10 02:00,2270
2018-02-10 02:05,2238
2018-02-10 02:10,2254
2018-02-10 02:15,2242
2018-02-10 02:20,2246
2018-02-10 02:25,2245
2018-02-10 02:30,2221
2018-02-10 02:35,2221
2018-02-10 02:40,2205
2018-02-10 02:45,2204
2018-02-10 02:50,2224
2018-02-10 02:55,2206
2018-02-10 03:00,2194
2018-02-10 03:05,2188
2018-02-10 03:10,2170
2018-02-10 03:15,2175
2018-02-10 03:20,
2018-02-10 03:25,
2018-02-10 03:30,
2018-02-10 03:35,
2018-02-10 03:40,
2018-02-10 03:45,
2018-02-10 03:50,
2018-02-10 03:55,
2018-02-10 04:00,
2018-02-10 04:05,
2018-02-10 04:10,
2018-02-10 04:15,
2018-02-10 04:20,
2018-02-10 04:25,
2018-02-10 04:30,
2018-02-10 04:35,
2018-02-10 04:40,
2018-02-10 04:45,
2018-02-10 04:50,
2018-02-10 04:55,
2018-02-10 05:00,
2018-02-10 05:05,
2018-02-10 05:10,
2018-02-10 05:15,
2018-02-10 05:20,
2018-02-10 05:25,
2018-02-10 05:30,
2018-02-10 05:35,
2018-02-10 05:40,
2018-02-10 05:45,
2018-02-10 05:50,
2018-02-10 05:55,
2018-02-10 06:00,
2018-02-10 06:05,
2018-02-10 06:10,
2018-02-10 06:15,
2018-02-10 06:20,
2018-02-10 06:25,
2018-02-10 06:30,
2018-02-10 06:35,
2018-02-10 06:40,
2018-02-10 06:45,
2018-02-10 06:50,
2018-02-10 06:55,
2018-02-10 07:00,
2018-02-10 07:05,
2018-02-10 07:10,
2018-02-10 07:15,
2018-02-10 07:20,
2018-02-10 07:25,
2018-02-10 07:30,
2018-02-10 07:35,
2018-02-10 07:40,
2018-02-10 07:45,
2018-02-10 07:50,
2018-02-10 07:55,
2018-02-10 08:00,
2018-02-10 08:05,
2018-02-10 08:10,
2018-02-10 08:15,
2018-02-10 08:20,
2018-02-10 08:25,
2018-02-10 08:30,
2018-02-10 08:35,
2018-02-10 08:40,
2018-02-10 08:45,
2018-02-10 08:50,
2018-02-10 08:55,
2018-02-10 09:00,
2018-02-10 09:05,
2018-02-10 09:10,
2018-02-10 09:15,
2018-02-10 09:20,
2018-02-10 09:25,
2018-02-10 09:30,
2018-02-10 09:35,
2018-02-10 09:40,
2018-02-10 09:45,
2018-02-10 09:50,
2018-02-10 09:55,
2018-02-10 10:00,
2018-02-10 10:05,
2018-02-10 10:10,
2018-02-10 10:15,
2018-02-10 10:20,
2018-02-10 10:25,
2018-02-10 10:30,
2018-02-10 10:35,
2018-02-10 10:40,
2018-02-10 10:45,
2018-02-10 10:50,
2018-02-10 10:55,
2018-02-10 11:00,
2018-02-10 11:05,
2018-02-10 11:10,
2018-02-10 11:15,
2018-02-10 11:20,
2018-02-10 11:25,
2018-02-10 11:30,
2018-02-10 11:35,
2018-02-10 11:40,
2018-02-10 11:45,
2018-02-10 11:50,
2018-02-10 11:55,
2018-02-10 12:00,
2018-02-10 12:05,
2018-02-10 12:10,
2018-02-10 12:15,
2018-02-10 12:20,
2018-02-10 12:25,
2018-02-10 12:30,
2018-02-10 12:35,
2018-02-10 12:40,
2018-02-10 12:45,
2018-02-10 12:50,
2018-02-10 12:55,
2018-02-10 13:00,
2018-02-10 13:05,
2018-02-10 13:10,
2018-02-10 13:15,
2018-02-10 13:20,
2018-02-10 13:25,
2018-02-10 13:30,
2018-02-10 13:35,
2018-02-10 13:40,
2018-02-10 13:45,
2018-02-10 13:50,
2018-02-10 13:55,
2018-02-10 14:00,
2018-02-10 14:05,
2018-02-10 14:10,
2018-02-10 14:15,
2018-02-10 14:20,
2018-02-10 14:25,
2018-02-10 14:30,
2018-02-10 14:35,
2018-02-10 14:40,
2018-02-10 14:45,
2018-02-10 14:50,
2018-02-10 14:55,
2018-02-10 15:00,
2018-02-10 15:05,
2018-02-10 15:10,
2018-02-10 15:15,
2018-02-10 15:20,
2018-02-10 15:25,
2018-02-10 15:30,
2018-02-10 15:35,
2018-02-10 15:40,
2018-02-10 15:45,
2018-02-10 15:50,
2018-02-10 15:55,
2018-02-10 16:00,
2018-02-10 16:05,
2018-02-10 16:10,
2018-02-10 16:15,
2018-02-10 16:20,
2018-02-10 16:25,
2018-02-10 16:30,
2018-02-10 16:35,
2018-02-10 16:40,
2018-02-10 16:45,
2018-02-10 16:50,
2018-02-10 16:55,
2018-02-10 17:00,
2018-02-10 17:05,
2018-02-10 17:10,
2018-02-10 17:15,
2018-02-10 17:20,
2018-02-10 17:25,
2018-02-10 17:30,
2018-02-10 17:35,
2018-02-10 17:40,
2018-02-10 17:45,
2018-02-10 17:50,
2018-02-10 17:55,
2018-02-10 18:00,
2018-02-10 18:05,
2018-02-10 18:10,
2018-02-10 18:15,
2018-02-10 18:20,
2018-02-10 18:25,
2018-02-10 18:30,
2018-02-10 18:35,
2018-02-10 18:40,
2018-02-10 18:45,
2018-02-10 18:50,
2018-02-10 18:55,
2018-02-10 19:00,
2018-02-10 19:05,
2018-02-10 19:10,
2018-02-10 19:15,
2018-02-10 19:20,
2018-02-10 19:25,
2018-02-10 19:30,
2018-02-10 19:35,
2018-02-10 19:40,
2018-02-10 19:45,
2018-02-10 19:50,
2018-02-10 19:55,
2018-02-10 20:00,
2018-02-10 20:05,
2018-02-10 20:10,
2018-02-10 20:15,
2018-02-10 20:20,
2018-02-10 20:25,
2018-02-10 20:30,
2018-02-10 20:35,
2018-02-10 20:40,
2018-02-10 20:45,
2018-02-10 20:50,
2018-02-10 20:55,
2018-02-10 21:00,
2018-02-10 21:05,
2018-02-10 21:10,
2018-02-10 21:15,
2018-02-10 21:20,
2018-02-10 21:25,
2018-02-10 21:30,
2018-02-10 21:35,
2018-02-10 21:40,
2018-02-10 21:45,
2018-02-10 21:50,
2018-02-10 21:55,
2018-02-10 22:00,
2018-02-10 22:05,
2018-02-10 22:10,
2018-02-10 22:15,
2018-02-10 22:20,
2018-02-10 22:25,
2018-02-10 22:30,
2018-02-10 22:35,
2018-02-10 22:40,
2018-02-10 22:45,
2018-02-10 22:50,
2018-02-10 22:55,
2018-02-10 23:00,
2018-02-10 23:05,
2018-02-10 23:10,
2018-02-10 23:15,
2018-02-10 23:20,
2018-02-10 23:25,
2018-02-10 23:30,
2018-02-10 23:35,
2018-02-10 23:40,
2018-02-10 23:45,
2018-02-10 23:50,
2018-02-10 23:55,
2018-02-11 00:00,
2018-02-11 00:05,
2018-02-11 00:10,
2018-02-11 00:15,
2018-02-11 00:20,
2018-02-11 00:25,
2018-02-11 00:30,
2018-02-11 00:35,
2018-02-11 00:40,
2018-02-11 00:45,
2018-02-11 00:50,
2018-02-11 00:55,
2018-02-11 01:00,
2018-02-11 01:05,
2018-02-11 01:10,
2018-02-11 01:15,
2018-02-11 01:20,
2018-02-11 01:25,
2018-02-11 01:30,
2018-02-11 01:35,
2018-02-11 01:40,
2018-02-11 01:45,
2018-02-11 01:50,
2018-02-11 01:55,
2018-02-11 02:00,
2018-02-11 02:05,
2018-02-11 02:10,
2018-02-11 02:15,
2018-02-11 02:20,
2018-02-11 02:25,
2018-02-11 02:30,
2018-02-11 02:35,
2018-02-11 02:40,
2018-02-11 02:45,
2018-02-11 02:50,
2018-02-11 02:55,
2018-02-11 03:00,
2018-02-11 03:05,
2018-02-11 03:10,
2018-02-11 03:15,
2018-02-11 03:20,
2018-02-11 03:25,
2018-02-11 03:30,
2018-02-11 03:35,
2018-02-11 03:40,
2018-02-11 03:45,
2018-02-11 03:50,
2018-02-11 03:55,
2018-02-11 04:00,
2018-02-11 04:05,
2018-02-11 04:10,
2018-02-11 04:15,
2018-02-11 04:20,
2018-02-11 04:25,
2018-02-11 04:30,
2018-02-11 04:35,
2018-02-11 04:40,
2018-02-11 04:45,
2018-02-11 04:50,
2018-02-11 04:55,
2018-02-11 05:00,
2018-02-11 05:05,
2018-02-11 05:10,
2018-02-11 05:15,
2018-02-11 05:20,
2018-02-11 05:25,
2018-02-11 05:30,
2018-02-11 05:35,
2018-02-11 05:40,
2018-02-11 05:45,
2018-02-11 05:50,
2018-02-11 05:55,
2018-02-11 06:00,
2018-02-11 06:05,
2018-02-11 06:10,
2018-02-11 06:15,
2018-02-11 06:20,
2018-02-11 06:25,
2018-02-11 06:30,
2018-02-11 06:35,
2018-02-11 06:40,
2018-02-11 06:45,
2018-02-11 06:50,
2018-02-11 06:55,
2018-02-11 07:00,
2018-02-11 07:05,
2018-02-11 07:10,
2018-02-11 07:15,
2018-02-11 07:20,
2018-02-11 07:25,
2018-02-11 07:30,
2018-02-11 07:35,
2018-02-11 07:40,
2018-02-11 07:45,
2018-02-11 07:50,
2018-02-11 07:55,
2018-02-11 08:00,
2018-02-11 08:05,
2018-02-11 08:10,
2018-02-11 08:15,
2018-02-11 08:20,
2018-02-11 08:25,
2018-02-11 08:30,
2018-02-11 08:35,
2018-02-11 08:40,
2018-02-11 08:45,
2018-02-11 08:50,
2018-02-11 08:55,
2018-02-11 09:00,
2018-02-11 09:05,
2018-02-11 09:10,
2018-02-11 09:15,
2018-02-11 09:20,
2018-02-11 09:25,
2018-02-11 09:30,
2018-02-11 09:35,
2018-02-11 09:40,
2018-02-11 09:45,
2018-02-11 09:50,
2018-02-11 09:55,
2018-02-11 10:00,
2018-02-11 10:05,
2018-02-11 10:10,
2018-02-11 10:15,
2018-02-11 10:20,
2018-02-11 10:25,
2018-02-11 10:30,
2018-02-11 10:35,
2018-02-11 10:40,
2018-02-11 10:45,
2018-02-11 10:50,
2018-02-11 10:55,
2018-02-11 11:00,
2018-02-11 11:05,
2018-02-11 11:10,
2018-02-11 11:15,
2018-02-11 11:20,
2018-02-11 11:25,
2018-02-11 11:30,
2018-02-11 11:35,
2018-02-11 11:40,
2018-02-11 11:45,
2018-02-11 11:50,
2018-02-11 11:55,
2018-02-11 12:00,
2018-02-11 12:05,
2018-02-11 12:10,
2018-02-11 12:15,
2018-02-11 12:20,
2018-02-11 12:25,
2018-02-11 12:30,
2018-02-11 12:35,
2018-02-11 12:40,
2018-02-11 12:45,
2018-02-11 12:50,
2018-02-11 12:55,
2018-02-11 13:00,
2018-02-11 13:05,
2018-02-11 13:10,
2018-02-11 13:15,
2018-02-11 13:20,
2018-02-11 13:25,
2018-02-11 13:30,
2018-02-11 13:35,
2018-02-11 13:40,
2018-02-11 13:45,
2018-02-11 13:50,
2018-02-11 13:55,
2018-02-11 14:00,
2018-02-11 14:05,
2018-02-11 14:10,
2018-02-11 14:15,
2018-02-11 14:20,
2018-02-11 14:25,
2018-02-11 14:30,
2018-02-11 14:35,
2018-02-11 14:40,
2018-02-11 14:45,
2018-02-11 14:50,
2018-02-11 14:55,
2018-02-11 15:00,
2018-02-11 15:05,
2018-02-11 15:10,
2018-02-11 15:15,
2018-02-11 15:20,
2018-02-11 15:25,
2018-02-11 15:30,
2018-02-11 15:35,
2018-02-11 15:40,
2018-02-11 15:45,
2018-02-11 15:50,
2018-02-11 15:55,
2018-02-11 16:00,
2018-02-11 16:05,
2018-02-11 16:10,
2018-02-11 16:15,
2018-02-11 16:20,
2018-02-11 16:25,
2018-02-11 16:30,
2018-02-11 16:35,
2018-02-11 16:40,
2018-02-11 16:45,
2018-02-11 16:50,
2018-02-11 16:55,
2018-02-11 17:00,
2018-02-11 17:05,
2018-02-11 17:10,
2018-02-11 17:15,
2018-02-11 17:20,
2018-02-11 17:25,
2018-02-11 17:30,
2018-02-11 17:35,
2018-02-11 17:40,
2018-02-11 17:45,
2018-02-11 17:50,
2018-02-11 17:55,
2018-02-11 18:00,
2018-02-11 18:05,
2018-02-11 18:10,
2018-02-11 18:15,
2018-02-11 18:20,
2018-02-11 18:25,
2018-02-11 18:30,
2018-02-11 18:35,
2018-02-11 18:40,
2018-02-11 18:45,
2018-02-11 18:50,
2018-02-11 18:55,
2018-02-11 19:00,
2018-02-11 19:05,
2018-02-11 19:10,
2018-02-11 19:15,
2018-02-11 19:20,
2018-02-11 19:25,
2018-02-11 19:30,
2018-02-11 19:35,
2018-02-11 19:40,
2018-02-11 19:45,
2018-02-11 19:50,
2018-02-11 19:55,
2018-02-11 20:00,
2018-02-11 20:05,
2018-02-11 20:10,
2018-02-11 20:15,
2018-02-11 20:20,
2018-02-11 20:25,
2018-02-11 20:30,
2018-02-11 20:35,
2018-02-11 20:40,
2018-02-11 20:45,
2018-02-11 20:50,
2018-02-11 20:55,
2018-02-11 21:00,
2018-02-11 21:05,
2018-02-11 21:10,
2018-02-11 21:15,
2018-02-11 21:20,
2018-02-11 21:25,
2018-02-11 21:30,
2018-02-11 21:35,
2018-02-11 21:40,
2018-02-11 21:45,
2018-02-11 21:50,
2018-02-11 21:55,
2018-02-11 22:00,
2018-02-11 22:05,
2018-02-11 22:10,3672
2018-02-11 22:15,3650
2018-02-11 22:20,3577
2018-02-11 22:25,3504
2018-02-11 22:30,3475
2018-02-11 22:35,3436
2018-02-11 22:40,3380
2018-02-11 22:45,3343
2018-02-11 22:50,3324
2018-02-11 22:55,3288
2018-02-11 23:00,3248
2018-02-11 23:05,3178
2018-02-11 23:10,3122
2018-02-11 23:15,3118
2018-02-11 23:20,3072
2018-02-11 23:25,3046
2018-02-11 23:30,3016
2018-02-11 23:35,2989
2018-02-11 23:40,2964
2018-02-11 23:45,2912
2018-02-11 23:50,2922
2018-02-11 23:55,2917
2018-02-12 00:00,2872
2018-02-12 00:05,2847
2018-02-12 00:10,2834
2018-02-12 00:15,2828
2018-02-12 00:20,2801
2018-02-12 00:25,2797
2018-02-12 00:30,2784
2018-02-12 00:35,2753
2018-02-12 00:40,2754
2018-02-12 00:45,2738
2018-02-12 00:50,2712
2018-02-12 00:55,2694
2018-02-12 01:00,2647
2018-02-12 01:05,2647
2018-02-12 01:10,2638
2018-02-12 01:15,2610
2018-02-12 01:20,2578
2018-02-12 01:25,2564
2018-02-12 01:30,2534
2018-02-12 01:35,2509
2018-02-12 01:40,2465
2018-02-12 01:45,2462
2018-02-12 01:50,2456
2018-02-12 01:55,2431
2018-02-12 02:00,2399
2018-02-12 02:05,2396
2018-02-12 02:10,2400
2018-02-12 02:15,2392
2018-02-12 02:20,2388
2018-02-12 02:25,2359
2018-02-12 02:30,2344
2018-02-12 02:35,2359
2018-02-12 02:40,2339
2018-02-12 02:45,2310
2018-02-12 02:50,2296
2018-02-12 02:55,2304
2018-02-12 03:00,2291
2018-02-12 03:05,2271
2018-02-12 03:10,2237
2018-02-12 03:15,2228
2018-02-12 03:20,2217
2018-02-12 03:25,2221
2018-02-12 03:30,2206
2018-02-12 03:35,2161
2018-02-12 03:40,2134
2018-02-12 03:45,2120
2018-02-12 03:50,2099
2018-02-12 03:55,2064
2018-02-12 04:00,2052
2018-02-12 04:05,2038
2018-02-12 04:10,2029
2018-02-12 04:15,1996
2018-02-12 04:20,1969
2018-02-12 04:25,1960
2018-02-12 04:30,1943
2018-02-12 04:35,1936
2018-02-12 04:40,1907
2018-02-12 04:45,1890
2018-02-12 04:50,1892
2018-02-12 04:55,1870
2018-02-12 05:00,1835
2018-02-12 05:05,1817
2018-02-12 05:10,1810
2018-02-12 05:15,1796
2018-02-12 05:20,1776
2018-02-12 05:25,1771
2018-02-12 05:30,1743
2018-02-12 05:35,1739
2018-02-12 05:40,1717
2018-02-12 05:45,1713
2018-02-12 05:50,1692
2018-02-12 05:55,1672
2018-02-12 06:00,1650
2018-02-12 06:05,1649
2018-02-12 06:10,1637
2018-02-12 06:15,1636
2018-02-12 06:20,1627
2018-02-12 06:25,1637
2018-02-12 06:30,1633
2018-02-12 06:35,1634
2018-02-12 06:40,1640
2018-02-12 06:45,1642
2018-02-12 06:50,1623
2018-02-12 06:55,1616
2018-02-12 07:00,1632
2018-02-12 07:05,1617
2018-02-12 07:10,1636
2018-02-12 07:15,1636
2018-02-12 07:20,1654
2018-02-12 07:25,1645
2018-02-12 07:30,1659
2018-02-12 07:35,1648
2018-02-12 07:40,1653
2018-02-12 07:45,1640
2018-02-12 07:50,1676
2018-02-12 07:55,1653
2018-02-12 08:00,1672
2018-02-12 08:05,1687
2018-02-12 08:10,1695
2018-02-12 08:15,1707
2018-02-12 08:20,1710
2018-02-12 08:25,1706
2018-02-12 08:30,1706
2018-02-12 08:35,1727
2018-02-12 08:40,1740
2018-02-12 08:45,1767
2018-02-12 08:50,1779
2018-02-12 08:55,1785
2018-02-12 09:00,1788
2018-02-12 09:05,1779
2018-02-12 09:10,1803
2018-02-12 09:15,1820
2018-02-12 09:20,1802
2018-02-12 09:25,1812
2018-02-12 09:30,1836
2018-02-12 09:35,1849
2018-02-12 09:40,1869
2018-02-12 09:45,1857
2018-02-12 09:50,1861
2018-02-12 09:55,1881
2018-02-12 10:00,1910
2018-02-12 10:05,1939
2018-02-12 10:10,1987
2018-02-12 10:15,2016
2018-02-12 10:20,2040
2018-02-12 10:25,2080
2018-02-12 10:30,2101
2018-02-12 10:35,2126
2018-02-12 10:40,2146
2018-02-12 10:45,2165
2018-02-12 10:50,2184
2018-02-12 10:55,2210
2018-02-12 11:00,2206
2018-02-12 11:05,2226
2018-02-12 11:10,2243
2018-02-12 11:15,2244
2018-02-12 11:20,2289
2018-02-12 11:25,2302
2018-02-12 11:30,2329
2018-02-12 11:35,2355
2018-02-12 11:40,2381
2018-02-12 11:45,2394
2018-02-12 11:50,2401
2018-02-12 11:55,2418
2018-02-12 12:00,2436
2018-02-12 12:05,2446
2018-02-12 12:10,2467
2018-02-12 12:15,2462
2018-02-12 12:20,2475
2018-02-12 12:25,2488
2018-02-12 12:30,2517
2018-02-12 12:35,2535
2018-02-12 12:40,2557
2018-02-12 12:45,2574
2018-02-12 12:50,2574
2018-02-12 12:55,2615
2018-02-12 13:00,2637
2018-02-12 13:05,2644
2018-02-12 13:10,2641
2018-02-12 13:15,2672
2018-02-12 13:20,2696
2018-02-12 13:25,2718
2018-02-12 13:30,2728
2018-02-12 13:35,2755
2018-02-12 13:40,2779
2018-02-12 13:45,2815
2018-02-12 13:50,2844
2018-02-12 13:55,2845
2018-02-12 14:00,2882
2018-02-12 14:05,2925
2018-02-12 14:10,2934
2018-02-12 14:15,2945
2018-02-12 14:20,2940
2018-02-12 14:25,2966
2018-02-12 14:30,3015
2018-02-12 14:35,3054
2018-02-12 14:40,3072
2018-02-12 14:45,3111
2018-02-12 14:50,3115
2018-02-12 14:55,3119
2018-02-12 15:00,3142
2018-02-12 15:05,3155
2018-02-12 15:10,3180
2018-02-12 15:15,3192
2018-02-12 15:20,3206
2018-02-12 15:25,3213
2018-02-12 15:30,3225
2018-02-12 15:35,3244
2018-02-12 15:40,3279
2018-02-12 15:45,3283
2018-02-12 15:50,3291
2018-02-12 15:55,3321
2018-02-12 16:00,3348
2018-02-12 16:05,3355
2018-02-12 16:10,3395
2018-02-12 16:15,3393
2018-02-12 16:20,3449
2018-02-12 16:25,3487
2018-02-12 16:30,3511
2018-02-12 16:35,3538
2018-02-12 16:40,3558
2018-02-12 16:45,3580
2018-02-12 16:50,3646
2018-02-12 16:55,3653
2018-02-12 17:00,3695
2018-02-12 17:05,3722
2018-02-12 17:10,3745
2018-02-12 17:15,3789
2018-02-12 17:20,3817
2018-02-12 17:25,3792
2018-02-12 17:30,3827
2018-02-12 17:35,3860
2018-02-12 17:40,3847
2018-02-12 17:45,3876
2018-02-12 17:50,3866
2018-02-12 17:55,3899
2018-02-12 18:00,3902
2018-02-12 18:05,3909
2018-02-12 18:10,3890
2018-02-12 18:15,3902
2018-02-12 18:20,3876
2018-02-12 18:25,3841
2018-02-12 18:30,3869
2018-02-12 18:35,3919
2018-02-12 18:40,3922
2018-02-12 18:45,3928
2018-02-12 18:50,3935
2018-02-12 18:55,3941
2018-02-12 19:00,3978
2018-02-12 19:05,3951
2018-02-12 19:10,3933
2018-02-12 19:15,3943
2018-02-12 19:20,3927
2018-02-12 19:25,3942
2018-02-12 19:30,3943
2018-02-12 19:35,3923
2018-02-12 19:40,3904
2018-02-12 19:45,3882
2018-02-12 19:50,3883
2018-02-12 19:55,3898
2018-02-12 20:00,3885
2018-02-12 20:05,3847
2018-02-12 20:10,3830
2018-02-12 20:15,3822
2018-02-12 20:20,3791
2018-02-12 20:25,3785
2018-02-12 20:30,3781
2018-02-12 20:35,3735
2018-02-12 20:40,3718
2018-02-12 20:45,3716
2018-02-12 20:50,3726
2018-02-12 20:55,3703
2018-02-12 21:00,3686
2018-02-12 21:05,3637
2018-02-12 21:10,3584
2018-02-12 21:15,3530
2018-02-12 21:20,3525
2018-02-12 21:25,3504
2018-02-12 21:30,3450
2018-02-12 21:35,3434
2018-02-12 21:40,3415
2018-02-12 21:45,3360
2018-02-12 21:50,3308
2018-02-12 21:55,3295
2018-02-12 22:00,3283
2018-02-12 22:05,3259
2018-02-12 22:10,3208
2018-02-12 22:15,3151
2018-02-12 22:20,3125
2018-02-12 22:25,3098
2018-02-12 22:30,3071
2018-02-12 22:35,3024
2018-02-12 22:40,3002
2018-02-12 22:45,2963
2018-02-12 22:50,2951
2018-02-12 22:55,2909
2018-02-12 23:00,2869
2018-02-12 23:05,2856
2018-02-12 23:10,2847
2018-02-12 23:15,2820
2018-02-12 23:20,2775
2018-02-12 23:25,2757
2018-02-12 23:30,2717
2018-02-12 23:35,2663
2018-02-12 23:40,2680
2018-02-12 23:45,2648
2018-02-12 23:50,2607
2018-02-12 23:55,2575
2018-02-13 00:00,2567
2018-02-13 00:05,2553
2018-02-13 00:10,2560
2018-02-13 00:15,2548
2018-02-13 00:20,2506
2018-02-13 00:25,2505
2018-02-13 00:30,2471
2018-02-13 00:35,2457
2018-02-13 00:40,2431
2018-02-13 00:45,2422
2018-02-13 00:50,2422
2018-02-13 00:55,2407
2018-02-13 01:00,2401
2018-02-13 01:05,2378
2018-02-13 01:10,2364
2018-02-13 01:15,2379
2018-02-13 01:20,2326
2018-02-13 01:25,2328
2018-02-13 01:30,2298
2018-02-13 01:35,2279
2018-02-13 01:40,2262
2018-02-13 01:45,2223
2018-02-13 01:50,2221
2018-02-13 01:55,2211
2018-02-13 02:00,2205
2018-02-13 02:05,2213
2018-02-13 02:10,2215
2018-02-13 02:15,2205
2018-02-13 02:20,2188
2018-02-13 02:25,2169
2018-02-13 02:30,2169
2018-02-13 02:35,2144
2018-02-13 02:40,2136
2018-02-13 02:45,2150
2018-02-13 02:50,2145
2018-02-13 02:55,2142
2018-02-13 03:00,2138
2018-02-13 03:05,2121
2018-02-13 03:10,2118
2018-02-13 03:15,2113
2018-02-13 03:20,2106
2018-02-13 03:25,2102
2018-02-13 03:30,1991
2018-02-13 03:35,1964
2018-02-13 03:40,1995
2018-02-13 03:45,2002
2018-02-13 03:50,1992
2018-02-13 03:55,1825
2018-02-13 04:00,1827
2018-02-13 04:05,1730
2018-02-13 04:10,1732
2018-02-13 04:15,1717
2018-02-13 04:20,1724
2018-02-13 04:25,1731
2018-02-13 04:30,1731
2018-02-13 04:35,1733
2018-02-13 04:40,1728
2018-02-13 04:45,1745
2018-02-13 04:50,1723
2018-02-13 04:55,1721
2018-02-13 05:00,1701
2018-02-13 05:05,1710
2018-02-13 05:10,1702
2018-02-13 05:15,1692
2018-02-13 05:20,1711
2018-02-13 05:25,1705
2018-02-13 05:30,1716
2018-02-13 05:35,1682
2018-02-13 05:40,1669
2018-02-13 05:45,1671
2018-02-13 05:50,1662
2018-02-13 05:55,1655
2018-02-13 06:00,1644
2018-02-13 06:05,1639
2018-02-13 06:10,1643
2018-02-13 06:15,1621
2018-02-13 06:20,1613
2018-02-13 06:25,1614
2018-02-13 06:30,1610
2018-02-13 06:35,1610
2018-02-13 06:40,1623
2018-02-13 06:45,1623
2018-02-13 06:50,1601
2018-02-13 06:55,1601
2018-02-13 07:00,1592
2018-02-13 07:05,1592
2018-02-13 07:10,1587
2018-02-13 07:15,1605
2018-02-13 07:20,1590
2018-02-13 07:25,1606
2018-02-13 07:30,1613
2018-02-13 07:35,1621
2018-02-13 07:40,1635
2018-02-13 07:45,1639
2018-02-13 07:50,1618
2018-02-13 07:55,1618
2018-02-13 08:00,1638
2018-02-13 08:05,1630
2018-02-13 08:10,1636
2018-02-13 08:15,1662
2018-02-13 08:20,1684
2018-02-13 08:25,1701
2018-02-13 08:30,1721
2018-02-13 08:35,1742
2018-02-13 08:40,1732
2018-02-13 08:45,1746
2018-02-13 08:50,1776
2018-02-13 08:55,1795
2018-02-13 09:00,1815
2018-02-13 09:05,1821
2018-02-13 09:10,1817
2018-02-13 09:15,1807
2018-02-13 09:20,1824
2018-02-13 09:25,1837
2018-02-13 09:30,1837
2018-02-13 09:35,1859
2018-02-13 09:40,1882
2018-02-13 09:45,1910
2018-02-13 09:50,1930
2018-02-13 09:55,1942
2018-02-13 10:00,1937
2018-02-13 10:05,1953
2018-02-13 10:10,1986
2018-02-13 10:15,2007
2018-02-13 10:20,2012
2018-02-13 10:25,2035
2018-02-13 10:30,2045
2018-02-13 10:35,2080
2018-02-13 10:40,2076
2018-02-13 10:45,2103
2018-02-13 10:50,2122
2018-02-13 10:55,2132
2018-02-13 11:00,2146
2018-02-13 11:05,2145
2018-02-13 11:10,2156
2018-02-13 11:15,2150
2018-02-13 11:20,2180
2018-02-13 11:25,2196
2018-02-13 11:30,2209
2018-02-13 11:35,2196
2018-02-13 11:40,2210
2018-02-13 11:45,2241
2018-02-13 11:50,2256
2018-02-13 11:55,2282
2018-02-13 12:00,2302
2018-02-13 12:05,2334
2018-02-13 12:10,2349
2018-02-13 12:15,2344
2018-02-13 12:20,2359
2018-02-13 12:25,2380
2018-02-13 12:30,2417
2018-02-13 12:35,2432
2018-02-13 12:40,2430
2018-02-13 12:45,2445
2018-02-13 12:50,2471
2018-02-13 12:55,2492
2018-02-13 13:00,2550
2018-02-13 13:05,2556
2018-02-13 13:10,2561
2018-02-13 13:15,2564
2018-02-13 13:20,2569
2018-02-13 13:25,2597
2018-02-13 13:30,2593
2018-02-13 13:35,2603
2018-02-13 13:40,2633
2018-02-13 13:45,2662
2018-02-13 13:50,2665
2018-02-13 13:55,2677
2018-02-13 14:00,2722
2018-02-13 14:05,2742
2018-02-13 14:10,2749
2018-02-13 14:15,2756
2018-02-13 14:20,2767
2018-02-13 14:25,2822
2018-02-13 14:30,2839
2018-02-13 14:35,2856
2018-02-13 14:40,2898
2018-02-13 14:45,2936
2018-02-13 14:50,2947
2018-02-13 14:55,2961
2018-02-13 15:00,2970
2018-02-13 15:05,2986
2018-02-13 15:10,3013
2018-02-13 15:15,3043
2018-02-13 15:20,3049
2018-02-13 15:25,3053
2018-02-13 15:30,3110
2018-02-13 15:35,3122
2018-02-13 15:40,3160
2018-02-13 15:45,3196
2018-02-13 15:50,3192
2018-02-13 15:55,3211
2018-02-13 16:00,3231
2018-02-13 16:05,3275
2018-02-13 16:10,3308
2018-02-13 16:15,3326
2018-02-13 16:20,3320
2018-02-13 16:25,3309
2018-02-13 16:30,3359
2018-02-13 16:35,3398
2018-02-13 16:40,3422
2018-02-13 16:45,3448
2018-02-13 16:50,3450
2018-02-13 16:55,3477
2018-02-13 17:00,3503
2018-02-13 17:05,3521
2018-02-13 17:10,3540
2018-02-13 17:15,3524
2018-02-13 17:20,3566
2018-02-13 17:25,3583
2018-02-13 17:30,3578
2018-02-13 17:35,3575
2018-02-13 17:40,3618
2018-02-13 17:45,3631
2018-02-13 17:50,3671
2018-02-13 17:55,3678
2018-02-13 18:00,3695
2018-02-13 18:05,3686
2018-02-13 18:10,3693
2018-02-13 18:15,3723
2018-02-13 18:20,3718
2018-02-13 18:25,3715
2018-02-13 18:30,3729
2018-02-13 18:35,3763
2018-02-13 18:40,3771
2018-02-13 18:45,3758
2018-02-13 18:50,3772
2018-02-13 18:55,3739
2018-02-13 19:00,3751
2018-02-13 19:05,3768
2018-02-13 19:10,3755
2018-02-13 19:15,3735
2018-02-13 19:20,3730
2018-02-13 19:25,3720
2018-02-13 19:30,3730
2018-02-13 19:35,3726
2018-02-13 19:40,3695
2018-02-13 19:45,3671
2018-02-13 19:50,3681
2018-02-13 19:55,3651
2018-02-13 20:00,3637
2018-02-13 20:05,3622
2018-02-13 20:10,3604
2018-02-13 20:15,3578
2018-02-13 20:20,3574
2018-02-13 20:25,3550
2018-02-13 20:30,3551
2018-02-13 20:35,3563
2018-02-13 20:40,3538
2018-02-13 20:45,3522
2018-02-13 20:50,3518
2018-02-13 20:55,3517
2018-02-13 21:00,3479
2018-02-13 21:05,3442
2018-02-13 21:10,3416
2018-02-13 21:15,3408
2018-02-13 21:20,3379
2018-02-13 21:25,3366
2018-02-13 21:30,3332
2018-02-13 21:35,3303
2018-02-13 21:40,3273
2018-02-13 21:45,3264
2018-02-13 21:50,3233
2018-02-13 21:55,3230
2018-02-13 22:00,3195
2018-02-13 22:05,3129
2018-02-13 22:10,3058
2018-02-13 22:15,3038
2018-02-13 22:20,3003
2018-02-13 22:25,2976
2018-02-13 22:30,2960
2018-02-13 22:35,2961
2018-02-13 22:40,2921
2018-02-13 22:45,2891
2018-02-13 22:50,2869
2018-02-13 22:55,2825
2018-02-13 23:00,2796
2018-02-13 23:05,2759
2018-02-13 23:10,2735
2018-02-13 23:15,2713
2018-02-13 23:20,2676
2018-02-13 23:25,2654
2018-02-13 23:30,2643
2018-02-13 23:35,0
2018-02-13 23:40,1590
2018-02-13 23:45,2442
2018-02-13 23:50,2560
2018-02-13 23:55,2544
2018-02-14 00:00,2513
2018-02-14 00:05,2501
2018-02-14 00:10,2474
2018-02-14 00:15,2468
2018-02-14 00:20,2469
2018-02-14 00:25,2470
2018-02-14 00:30,2453
2018-02-14 00:35,2429
2018-02-14 00:40,2406
2018-02-14 00:45,2377
2018-02-14 00:50,2361
2018-02-14 00:55,2350
2018-02-14 01:00,2352
2018-02-14 01:05,2344
2018-02-14 01:10,2325
2018-02-14 01:15,2313
2018-02-14 01:20,2300
2018-02-14 01:25,2301
2018-02-14 01:30,2289
2018-02-14 01:35,2303
2018-02-14 01:40,2294
2018-02-14 01:45,2288
2018-02-14 01:50,2279
2018-02-14 01:55,2283
2018-02-14 02:00,2275
2018-02-14 02:05,2260
2018-02-14 02:10,2251
2018-02-14 02:15,2253
2018-02-14 02:20,2241
2018-02-14 02:25,2220
2018-02-14 02:30,2189
2018-02-14 02:35,2170
2018-02-14 02:40,2158
2018-02-14 02:45,2119
2018-02-14 02:50,2107
2018-02-14 02:55,2105
2018-02-14 03:00,2098
2018-02-14 03:05,2065
2018-02-14 03:10,2058
2018-02-14 03:15,2037
2018-02-14 03:20,2021
2018-02-14 03:25,1991
2018-02-14 03:30,1973
2018-02-14 03:35,1962
2018-02-14 03:40,1926
2018-02-14 03:45,1937
2018-02-14 03:50,1938
2018-02-14 03:55,1932
2018-02-14 04:00,1894
2018-02-14 04:05,1892
2018-02-14 04:10,1892
2018-02-14 04:15,1887
2018-02-14 04:20,1865
2018-02-14 04:25,1841
2018-02-14 04:30,1814
2018-02-14 04:35,1783
2018-02-14 04:40,1742
2018-02-14 04:45,1735
2018-02-14 04:50,1732
2018-02-14 04:55,1711
2018-02-14 05:00,1700
2018-02-14 05:05,1674
2018-02-14 05:10,1674
2018-02-14 05:15,1652
2018-02-14 05:20,1659
2018-02-14 05:25,1656
2018-02-14 05:30,1633
2018-02-14 05:35,1599
2018-02-14 05:40,1579
2018-02-14 05:45,1572
2018-02-14 05:50,1551
2018-02-14 05:55,1542
2018-02-14 06:00,1531
2018-02-14 06:05,1503
2018-02-14 06:10,1492
2018-02-14 06:15,1483
2018-02-14 06:20,1479
2018-02-14 06:25,1460
2018-02-14 06:30,1452
2018-02-14 06:35,1457
2018-02-14 06:40,1455
2018-02-14 06:45,1477
2018-02-14 06:50,1502
2018-02-14 06:55,1495
2018-02-14 07:00,1491
2018-02-14 07:05,1493
2018-02-14 07:10,1481
2018-02-14 07:15,1451
2018-02-14 07:20,1463
2018-02-14 07:25,1487
2018-02-14 07:30,1503
2018-02-14 07:35,1505
2018-02-14 07:40,1504
2018-02-14 07:45,1508
2018-02-14 07:50,1512
2018-02-14 07:55,1525
2018-02-14 08:00,1529
2018-02-14 08:05,1532
2018-02-14 08:10,1549
2018-02-14 08:15,1558
2018-02-14 08:20,1565
2018-02-14 08:25,1594
2018-02-14 08:30,1607
2018-02-14 08:35,1635
2018-02-14 08:40,1650
2018-02-14 08:45,1636
2018-02-14 08:50,1650
2018-02-14 08:55,1651
2018-02-14 09:00,1654
2018-02-14 09:05,1673
2018-02-14 09:10,1677
2018-02-14 09:15,1692
2018-02-14 09:20,1726
2018-02-14 09:25,1735
2018-02-14 09:30,1755
2018-02-14 09:35,1763
2018-02-14 09:40,1772
2018-02-14 09:45,1793
2018-02-14 09:50,1837
2018-02-14 09:55,1856
2018-02-14 10:00,1873
2018-02-14 10:05,1899
2018-02-14 10:10,1930
2018-02-14 10:15,1956
2018-02-14 10:20,1994
2018-02-14 10:25,2019
2018-02-14 10:30,2031
2018-02-14 10:35,2038
2018-02-14 10:40,2048
2018-02-14 10:45,2039
2018-02-14 10:50,2045
2018-02-14 10:55,2036
2018-02-14 11:00,2028
2018-02-14 11:05,2045
2018-02-14 11:10,2074
2018-02-14 11:15,2086
2018-02-14 11:20,2083
2018-02-14 11:25,2106
2018-02-14 11:30,2120
2018-02-14 11:35,2121
2018-02-14 11:40,2137
2018-02-14 11:45,2139
2018-02-14 11:50,2181
2018-02-14 11:55,2191
2018-02-14 12:00,2198
2018-02-14 12:05,2226
2018-02-14 12:10,2243
2018-02-14 12:15,2266
2018-02-14 12:20,2285
2018-02-14 12:25,2319
2018-02-14 12:30,2335
2018-02-14 12:35,2353
2018-02-14 12:40,2383
2018-02-14 12:45,2400
2018-02-14 12:50,2399
2018-02-14 12:55,2443
2018-02-14 13:00,2460
2018-02-14 13:05,2484
2018-02-14 13:10,2490
2018-02-14 13:15,2501
2018-02-14 13:20,2521
2018-02-14 13:25,2537
2018-02-14 13:30,2558
2018-02-14 13:35,2591
2018-02-14 13:40,2630
2018-02-14 13:45,2617
2018-02-14 13:50,2617
2018-02-14 13:55,2628
2018-02-14 14:00,2644
2018-02-14 14:05,2676
2018-02-14 14:10,2703
2018-02-14 14:15,2740
2018-02-14 14:20,2782
2018-02-14 14:25,2789
2018-02-14 14:30,2828
2018-02-14 14:35,2870
2018-02-14 14:40,2869
2018-02-14 14:45,2892
2018-02-14 14:50,2879
2018-02-14 14:55,2888
2018-02-14 15:00,2898
2018-02-14 15:05,2918
2018-02-14 15:10,2958
2018-02-14 15:15,2986
2018-02-14 15:20,2969
2018-02-14 15:25,3000
2018-02-14 15:30,3014
2018-02-14 15:35,3057
2018-02-14 15:40,3082
2018-02-14 15:45,3098
2018-02-14 15:50,3133
2018-02-14 15:55,3171
2018-02-14 16:00,3179
2018-02-14 16:05,3197
2018-02-14 16:10,3226
2018-02-14 16:15,3234
2018-02-14 16:20,3248
2018-02-14 16:25,3281
2018-02-14 16:30,3321
2018-02-14 16:35,3324
2018-02-14 16:40,3363
2018-02-14 16:45,3376
2018-02-14 16:50,3364
2018-02-14 16:55,3413
2018-02-14 17:00,3433
2018-02-14 17:05,3451
2018-02-14 17:10,3468
2018-02-14 17:15,3491
2018-02-14 17:20,3532
2018-02-14 17:25,3564
2018-02-14 17:30,3566
2018-02-14 17:35,3555
2018-02-14 17:40,3545
2018-02-14 17:45,3575
2018-02-14 17:50,3573
2018-02-14 17:55,3576
2018-02-14 18:00,3611
2018-02-14 18:05,3618
2018-02-14 18:10,3627
2018-02-14 18:15,3637
2018-02-14 18:20,3647
2018-02-14 18:25,3659
2018-02-14 18:30,3664
2018-02-14 18:35,3644
2018-02-14 18:40,3656
2018-02-14 18:45,3669
2018-02-14 18:50,3669
2018-02-14 18:55,3671
2018-02-14 19:00,3664
2018-02-14 19:05,3634
2018-02-14 19:10,3628
2018-02-14 19:15,3619
2018-02-14 19:20,3626
2018-02-14 19:25,3650
2018-02-14 19:30,3628
2018-02-14 19:35,3609
2018-02-14 19:40,3606
2018-02-14 19:45,3593
2018-02-14 19:50,3563
2018-02-14 19:55,3563
2018-02-14 20:00,3548
2018-02-14 20:05,3561
2018-02-14 20:10,3549
2018-02-14 20:15,3549
2018-02-14 20:20,3533
2018-02-14 20:25,3483
2018-02-14 20:30,3473
2018-02-14 20:35,3475
2018-02-14 20:40,3473
2018-02-14 20:45,3438
2018-02-14 20:50,3457
2018-02-14 20:55,3434
2018-02-14 21:00,3397
2018-02-14 21:05,3374
2018-02-14 21:10,3326
2018-02-14 21:15,3301
2018-02-14 21:20,3255
2018-02-14 21:25,3215
2018-02-14 21:30,3176
2018-02-14 21:35,3159
2018-02-14 21:40,3157
2018-02-14 21:45,3123
2018-02-14 21:50,3090
2018-02-14 21:55,3084
2018-02-14 22:00,3049
2018-02-14 22:05,3007
2018-02-14 22:10,2970
2018-02-14 22:15,2952
2018-02-14 22:20,2947
2018-02-14 22:25,2923
2018-02-14 22:30,2907
2018-02-14 22:35,2856
2018-02-14 22:40,2831
2018-02-14 22:45,2825
2018-02-14 22:50,2825
2018-02-14 22:55,2787
2018-02-14 23:00,
2018-02-14 23:05,
2018-02-14 23:10,
2018-02-14 23:15,
2018-02-14 23:20,
2018-02-14 23:25,
2018-02-14 23:30,
2018-02-14 23:35,2580
2018-02-14 23:40,
2018-02-14 23:45,
2018-02-14 23:50,2532
2018-02-14 23:55,
2018-02-15 00:00,
2018-02-15 00:05,
2018-02-15 00:10,
2018-02-15 00:15,
2018-02-15 00:20,
2018-02-15 00:25,2429
2018-02-15 00:30,2447
2018-02-15 00:35,2434
2018-02-15 00:40,2412
2018-02-15 00:45,2374
2018-02-15 00:50,2364
2018-02-15 00:55,2351
2018-02-15 01:00,2361
2018-02-15 01:05,2334
2018-02-15 01:10,2304
2018-02-15 01:15,2312
2018-02-15 01:20,2292
2018-02-15 01:25,2270
2018-02-15 01:30,2252
2018-02-15 01:35,2233
2018-02-15 01:40,2210
2018-02-15 01:45,2188
2018-02-15 01:50,2201
2018-02-15 01:55,2200
2018-02-15 02:00,2207
2018-02-15 02:05,2189
2018-02-15 02:10,2195
2018-02-15 02:15,2194
2018-02-15 02:20,2170
2018-02-15 02:25,2161
2018-02-15 02:30,2124
2018-02-15 02:35,2123
2018-02-15 02:40,2105
2018-02-15 02:45,2063
2018-02-15 02:50,2059
2018-02-15 02:55,2036
2018-02-15 03:00,2041
2018-02-15 03:05,2009
2018-02-15 03:10,1988
2018-02-15 03:15,1982
2018-02-15 03:20,1974
2018-02-15 03:25,1958
2018-02-15 03:30,1963
2018-02-15 03:35,1947
2018-02-15 03:40,1940
2018-02-15 03:45,1914
2018-02-15 03:50,1891
2018-02-15 03:55,1874
2018-02-15 04:00,1864
2018-02-15 04:05,1809
2018-02-15 04:10,1804
2018-02-15 04:15,1793
2018-02-15 04:20,1799
2018-02-15 04:25,1782
2018-02-15 04:30,1761
2018-02-15 04:35,1760
2018-02-15 04:40,1744
2018-02-15 04:45,1725
2018-02-15 04:50,1721
2018-02-15 04:55,1721
2018-02-15 05:00,1726
2018-02-15 05:05,1713
2018-02-15 05:10,1704
2018-02-15 05:15,1693
2018-02-15 05:20,1671
2018-02-15 05:25,1665
2018-02-15 05:30,1662
2018-02-15 05:35,1660
2018-02-15 05:40,1669
2018-02-15 05:45,1651
2018-02-15 05:50,1662
2018-02-15 05:55,1662
2018-02-15 06:00,1642
2018-02-15 06:05,1636
2018-02-15 06:10,1628
2018-02-15 06:15,1613
2018-02-15 06:20,1589
2018-02-15 06:25,1572
2018-02-15 06:30,1580
2018-02-15 06:35,1580
2018-02-15 06:40,1567
2018-02-15 06:45,1567
2018-02-15 06:50,1537
2018-02-15 06:55,1546
2018-02-15 07:00,1555
2018-02-15 07:05,1559
2018-02-15 07:10,1562
2018-02-15 07:15,1565
2018-02-15 07:20,1568
2018-02-15 07:25,1580
2018-02-15 07:30,1570
2018-02-15 07:35,1571
2018-02-15 07:40,1572
2018-02-15 07:45,1586
2018-02-15 07:50,1608
2018-02-15 07:55,1616
2018-02-15 08:00,1610
2018-02-15 08:05,1626
2018-02-15 08:10,1631
2018-02-15 08:15,1636
2018-02-15 08:20,1636
2018-02-15 08:25,1636
2018-02-15 08:30,1658
2018-02-15 08:35,1678
2018-02-15 08:40,1705
2018-02-15 08:45,1700
2018-02-15 08:50,1714
2018-02-15 08:55,1716
2018-02-15 09:00,1735
2018-02-15 09:05,1764
2018-02-15 09:10,1795
2018-02-15 09:15,1795
2018-02-15 09:20,1822
2018-02-15 09:25,1822
2018-02-15 09:30,1825
2018-02-15 09:35,1838
2018-02-15 09:40,1856
2018-02-15 09:45,1863
2018-02-15 09:50,1873
2018-02-15 09:55,
2018-02-15 10:00,1930
2018-02-15 10:05,1957
2018-02-15 10:10,1981
2018-02-15 10:15,2007
2018-02-15 10:20,2029
2018-02-15 10:25,2037
2018-02-15 10:30,2031
2018-02-15 10:35,2037
2018-02-15 10:40,2068
2018-02-15 10:45,2081
2018-02-15 10:50,2098
2018-02-15 10:55,2102
2018-02-15 11:00,2107
2018-02-15 11:05,2111
2018-02-15 11:10,2128
2018-02-15 11:15,2154
2018-02-15 11:20,2177
2018-02-15 11:25,2187
2018-02-15 11:30,2227
2018-02-15 11:35,2242
2018-02-15 11:40,2238
2018-02-15 11:45,2268
2018-02-15 11:50,2263
2018-02-15 11:55,2323
2018-02-15 12:00,2341
2018-02-15 12:05,2338
2018-02-15 12:10,2347
2018-02-15 12:15,2344
2018-02-15 12:20,2362
2018-02-15 12:25,2389
2018-02-15 12:30,2411
2018-02-15 12:35,2450
2018-02-15 12:40,2456
2018-02-15 12:45,2489
2018-02-15 12:50,2508
2018-02-15 12:55,2525
2018-02-15 13:00,2535
2018-02-15 13:05,2561
2018-02-15 13:10,2581
2018-02-15 13:15,2596
2018-02-15 13:20,2611
2018-02-15 13:25,2640
2018-02-15 13:30,2679
2018-02-15 13:35,2705
2018-02-15 13:40,2736
2018-02-15 13:45,2748
2018-02-15 13:50,2762
2018-02-15 13:55,2758
2018-02-15 14:00,2770
2018-02-15 14:05,2780
2018-02-15 14:10,2804
2018-02-15 14:15,2828
2018-02-15 14:20,2843
2018-02-15 14:25,2848
2018-02-15 14:30,2871
2018-02-15 14:35,2870
2018-02-15 14:40,2871
2018-02-15 14:45,2849
2018-02-15 14:50,2829
2018-02-15 14:55,2799
2018-02-15 15:00,2641
2018-02-15 15:05,1831
2018-02-15 15:10,1734
2018-02-15 15:15,1726
2018-02-15 15:20,1734
2018-02-15 15:25,1766
2018-02-15 15:30,1807
2018-02-15 15:35,1818
2018-02-15 15:40,1831
2018-02-15 15:45,1859
2018-02-15 15:50,1861
2018-02-15 15:55,1848
2018-02-15 16:00,1870
2018-02-15 16:05,1896
2018-02-15 16:10,1927
2018-02-15 16:15,1959
2018-02-15 16:20,1961
2018-02-15 16:25,1983
2018-02-15 16:30,2004
2018-02-15 16:35,2162
2018-02-15 16:40,2343
2018-02-15 16:45,2473
2018-02-15 16:50,2648
2018-02-15 16:55,2756
2018-02-15 17:00,2906
2018-02-15 17:05,3023
2018-02-15 17:10,3153
2018-02-15 17:15,3273
2018-02-15 17:20,3368
2018-02-15 17:25,3464
2018-02-15 17:30,3517
2018-02-15 17:35,3555
2018-02-15 17:40,3609
2018-02-15 17:45,3671
2018-02-15 17:50,3704
2018-02-15 17:55,3744
2018-02-15 18:00,3803
2018-02-15 18:05,3814
2018-02-15 18:10,3815
2018-02-15 18:15,3824
2018-02-15 18:20,3825
2018-02-15 18:25,3853
2018-02-15 18:30,3893
2018-02-15 18:35,3909
2018-02-15 18:40,3924
2018-02-15 18:45,3959
2018-02-15 18:50,3931
2018-02-15 18:55,3939
2018-02-15 19:00,3935
2018-02-15 19:05,3929
2018-02-15 19:10,3909
2018-02-15 19:15,3868
2018-02-15 19:20,3845
2018-02-15 19:25,3835
2018-02-15 19:30,3860
2018-02-15 19:35,3845
2018-02-15 19:40,3837
2018-02-15 19:45,3804
2018-02-15 19:50,3826
2018-02-15 19:55,3790
2018-02-15 20:00,3792
2018-02-15 20:05,3793
2018-02-15 20:10,3820
2018-02-15 20:15,3810
2018-02-15 20:20,3814
2018-02-15 20:25,3784
2018-02-15 20:30,3773
2018-02-15 20:35,3765
2018-02-15 20:40,3761
2018-02-15 20:45,3733
2018-02-15 20:50,3704
2018-02-15 20:55,3699
2018-02-15 21:00,3661
2018-02-15 21:05,3609
2018-02-15 21:10,3586
2018-02-15 21:15,3521
2018-02-15 21:20,3468
2018-02-15 21:25,3432
2018-02-15 21:30,3427
2018-02-15 21:35,3431
2018-02-15 21:40,3426
2018-02-15 21:45,3416
2018-02-15 21:50,3364
2018-02-15 21:55,3337
2018-02-15 22:00,3309
2018-02-15 22:05,3250
2018-02-15 22:10,3211
2018-02-15 22:15,3171
2018-02-15 22:20,3130
2018-02-15 22:25,3084
2018-02-15 22:30,3043
2018-02-15 22:35,3012
2018-02-15 22:40,2973
2018-02-15 22:45,2972
2018-02-15 22:50,2946
2018-02-15 22:55,2926
2018-02-15 23:00,2882
2018-02-15 23:05,2896
2018-02-15 23:10,2865
2018-02-15 23:15,2823
2018-02-15 23:20,2786
2018-02-15 23:25,2758
2018-02-15 23:30,2737
2018-02-15 23:35,2686
2018-02-15 23:40,2663
2018-02-15 23:45,2648
2018-02-15 23:50,2642
2018-02-15 23:55,2619
2018-02-16 00:00,2579
2018-02-16 00:05,2534
2018-02-16 00:10,2504
2018-02-16 00:15,2466
2018-02-16 00:20,2453
2018-02-16 00:25,2425
2018-02-16 00:30,2411
2018-02-16 00:35,2411
2018-02-16 00:40,2399
2018-02-16 00:45,2396
2018-02-16 00:50,2403
2018-02-16 00:55,2391
2018-02-16 01:00,2393
2018-02-16 01:05,2273
2018-02-16 01:10,2267
2018-02-16 01:15,2277
2018-02-16 01:20,2278
2018-02-16 01:25,2258
2018-02-16 01:30,2253
2018-02-16 01:35,2252
2018-02-16 01:40,2230
2018-02-16 01:45,2232
2018-02-16 01:50,2206
2018-02-16 01:55,2194
2018-02-16 02:00,2177
2018-02-16 02:05,2179
2018-02-16 02:10,2175
2018-02-16 02:15,2179
2018-02-16 02:20,2156
2018-02-16 02:25,2145
2018-02-16 02:30,2123
2018-02-16 02:35,2102
2018-02-16 02:40,2090
2018-02-16 02:45,2076
2018-02-16 02:50,2057
2018-02-16 02:55,2048
2018-02-16 03:00,2064
2018-02-16 03:05,2068
2018-02-16 03:10,2039
2018-02-16 03:15,2028
2018-02-16 03:20,2021
2018-02-16 03:25,1996
2018-02-16 03:30,1979
2018-02-16 03:35,1957
2018-02-16 03:40,1958
2018-02-16 03:45,1932
2018-02-16 03:50,1929
2018-02-16 03:55,1911
2018-02-16 04:00,1892
2018-02-16 04:05,1881
2018-02-16 04:10,1888
2018-02-16 04:15,1857
2018-02-16 04:20,1841
2018-02-16 04:25,1823
2018-02-16 04:30,1809
2018-02-16 04:35,1798
2018-02-16 04:40,1798
2018-02-16 04:45,1791
2018-02-16 04:50,1789
2018-02-16 04:55,1800
2018-02-16 05:00,1767
2018-02-16 05:05,1764
2018-02-16 05:10,1753
2018-02-16 05:15,1742
2018-02-16 05:20,1722
2018-02-16 05:25,1733
2018-02-16 05:30,1727
2018-02-16 05:35,1719
2018-02-16 05:40,1723
2018-02-16 05:45,1702
2018-02-16 05:50,1688
2018-02-16 05:55,1679
2018-02-16 06:00,1674
2018-02-16 06:05,1655
2018-02-16 06:10,1643
2018-02-16 06:15,1645
2018-02-16 06:20,1633
2018-02-16 06:25,1637
2018-02-16 06:30,1617
2018-02-16 06:35,1600
2018-02-16 06:40,1588
2018-02-16 06:45,1590
2018-02-16 06:50,1587
2018-02-16 06:55,1585
2018-02-16 07:00,1582
2018-02-16 07:05,1619
2018-02-16 07:10,1634
2018-02-16 07:15,1642
2018-02-16 07:20,1667
2018-02-16 07:25,1657
2018-02-16 07:30,1657
2018-02-16 07:35,1669
2018-02-16 07:40,1679
2018-02-16 07:45,1694
2018-02-16 07:50,1708
2018-02-16 07:55,1718
2018-02-16 08:00,1731
2018-02-16 08:05,1742
2018-02-16 08:10,1754
2018-02-16 08:15,1746
2018-02-16 08:20,1733
2018-02-16 08:25,1732
2018-02-16 08:30,1741
2018-02-16 08:35,1768
2018-02-16 08:40,1798
2018-02-16 08:45,1787
2018-02-16 08:50,1791
2018-02-16 08:55,1819
2018-02-16 09:00,1807
2018-02-16 09:05,1844
2018-02-16 09:10,1854
2018-02-16 09:15,1858
2018-02-16 09:20,1873
2018-02-16 09:25,1883
2018-02-16 09:30,1890
2018-02-16 09:35,1901
2018-02-16 09:40,1912
2018-02-16 09:45,1926
2018-02-16 09:50,1948
2018-02-16 09:55,1937
2018-02-16 10:00,1988
2018-02-16 10:05,2027
2018-02-16 10:10,2051
2018-02-16 10:15,2072
2018-02-16 10:20,2085
2018-02-16 10:25,2103
2018-02-16 10:30,2146
2018-02-16 10:35,2139
2018-02-16 10:40,2146
2018-02-16 10:45,2171
2018-02-16 10:50,2192
2018-02-16 10:55,2219
2018-02-16 11:00,2243
2018-02-16 11:05,2249
2018-02-16 11:10,2247
2018-02-16 11:15,2255
2018-02-16 11:20,2292
2018-02-16 11:25,2292
2018-02-16 11:30,2304
2018-02-16 11:35,2333
2018-02-16 11:40,2324
2018-02-16 11:45,2356
2018-02-16 11:50,2372
2018-02-16 11:55,2377
2018-02-16 12:00,2375
2018-02-16 12:05,2398
2018-02-16 12:10,2430
2018-02-16 12:15,2448
2018-02-16 12:20,2449
2018-02-16 12:25,2452
2018-02-16 12:30,2441
2018-02-16 12:35,2464
2018-02-16 12:40,2485
2018-02-16 12:45,2501
2018-02-16 12:50,2510
2018-02-16 12:55,2518
2018-02-16 13:00,2550
2018-02-16 13:05,2579
2018-02-16 13:10,2636
2018-02-16 13:15,2646
2018-02-16 13:20,2670
2018-02-16 13:25,2678
2018-02-16 13:30,2730
2018-02-16 13:35,2777
2018-02-16 13:40,2793
2018-02-16 13:45,2846
2018-02-16 13:50,2848
2018-02-16 13:55,2865
2018-02-16 14:00,2883
2018-02-16 14:05,2910
2018-02-16 14:10,2897
2018-02-16 14:15,2911
2018-02-16 14:20,2928
2018-02-16 14:25,2944
2018-02-16 14:30,2969
2018-02-16 14:35,2997
2018-02-16 14:40,2991
2018-02-16 14:45,3024
2018-02-16 14:50,3064
2018-02-16 14:55,3066
2018-02-16 15:00,3085
2018-02-16 15:05,3128
2018-02-16 15:10,3151
2018-02-16 15:15,3137
2018-02-16 15:20,3174
2018-02-16 15:25,3194
2018-02-16 15:30,3200
2018-02-16 15:35,3207
2018-02-16 15:40,3224
2018-02-16 15:45,3254
2018-02-16 15:50,0
2018-02-16 15:55,3264
2018-02-16 16:00,3291
2018-02-16 16:05,3339
2018-02-16 16:10,3355
2018-02-16 16:15,3373
2018-02-16 16:20,3351
2018-02-16 16:25,3363
2018-02-16 16:30,3414
2018-02-16 16:35,3420
2018-02-16 16:40,3410
2018-02-16 16:45,3399
2018-02-16 16:50,3421
2018-02-16 16:55,3408
2018-02-16 17:00,3412
2018-02-16 17:05,3417
2018-02-16 17:10,3453
2018-02-16 17:15,3495
2018-02-16 17:20,3503
2018-02-16 17:25,3533
2018-02-16 17:30,3546
2018-02-16 17:35,3554
2018-02-16 17:40,3584
2018-02-16 17:45,3603
2018-02-16 17:50,3565
2018-02-16 17:55,3541
2018-02-16 18:00,3557
2018-02-16 18:05,3562
2018-02-16 18:10,3563
2018-02-16 18:15,3596
2018-02-16 18:20,3597
2018-02-16 18:25,3614
2018-02-16 18:30,3646
2018-02-16 18:35,3669
2018-02-16 18:40,3679
2018-02-16 18:45,3690
2018-02-16 18:50,3689
2018-02-16 18:55,3716
2018-02-16 19:00,3724
2018-02-16 19:05,3731
2018-02-16 19:10,3734
2018-02-16 19:15,3718
2018-02-16 19:20,3717
2018-02-16 19:25,3736
2018-02-16 19:30,3733
2018-02-16 19:35,3730
2018-02-16 19:40,3756
2018-02-16 19:45,3781
2018-02-16 19:50,3764
2018-02-16 19:55,3757
2018-02-16 20:00,3749
2018-02-16 20:05,3766
2018-02-16 20:10,3779
2018-02-16 20:15,3805
2018-02-16 20:20,3774
2018-02-16 20:25,3782
2018-02-16 20:30,3772
2018-02-16 20:35,3761
2018-02-16 20:40,3757
2018-02-16 20:45,3761
2018-02-16 20:50,3771
2018-02-16 20:55,3755
2018-02-16 21:00,3715
2018-02-16 21:05,3673
2018-02-16 21:10,3638
2018-02-16 21:15,3643
2018-02-16 21:20,3642
2018-02-16 21:25,3631
2018-02-16 21:30,3597
2018-02-16 21:35,3597
2018-02-16 21:40,3576
2018-02-16 21:45,3541
2018-02-16 21:50,3553
2018-02-16 21:55,3526
2018-02-16 22:00,3484
2018-02-16 22:05,3447
2018-02-16 22:10,3426
2018-02-16 22:15,3384
2018-02-16 22:20,3355
2018-02-16 22:25,3327
2018-02-16 22:30,3313
2018-02-16 22:35,3323
2018-02-16 22:40,3305
2018-02-16 22:45,3278
2018-02-16 22:50,3226
2018-02-16 22:55,3172
2018-02-16 23:00,3159
2018-02-16 23:05,3130
2018-02-16 23:10,3100
2018-02-16 23:15,3066
2018-02-16 23:20,3063
2018-02-16 23:25,3034
2018-02-16 23:30,2991
2018-02-16 23:35,2955
2018-02-16 23:40,2919
2018-02-16 23:45,2914
2018-02-16 23:50,2877
2018-02-16 23:55,2851
2018-02-17 00:00,2799
2018-02-17 00:05,2751
2018-02-17 00:10,2735
2018-02-17 00:15,2718
2018-02-17 00:20,2703
2018-02-17 00:25,2672
2018-02-17 00:30,2648
2018-02-17 00:35,2624
2018-02-17 00:40,2628
2018-02-17 00:45,2594
2018-02-17 00:50,2596
2018-02-17 00:55,2559
2018-02-17 01:00,2537
2018-02-17 01:05,2504
2018-02-17 01:10,2491
2018-02-17 01:15,2479
2018-02-17 01:20,2483
2018-02-17 01:25,2479
2018-02-17 01:30,2510
2018-02-17 01:35,2483
2018-02-17 01:40,2494
2018-02-17 01:45,2478
2018-02-17 01:50,2476
2018-02-17 01:55,2465
2018-02-17 02:00,2463
2018-02-17 02:05,2459
2018-02-17 02:10,2438
2018-02-17 02:15,2434
2018-02-17 02:20,2412
2018-02-17 02:25,2402
2018-02-17 02:30,2400
2018-02-17 02:35,2387
2018-02-17 02:40,2387
2018-02-17 02:45,2352
2018-02-17 02:50,2344
2018-02-17 02:55,2348
2018-02-17 03:00,2333
2018-02-17 03:05,2302
2018-02-17 03:10,2303
2018-02-17 03:15,2278
2018-02-17 03:20,2261
2018-02-17 03:25,2271
2018-02-17 03:30,2264
2018-02-17 03:35,2240
2018-02-17 03:40,2228
2018-02-17 03:45,2195
2018-02-17 03:50,2184
2018-02-17 03:55,2180
2018-02-17 04:00,2168
2018-02-17 04:05,2170
2018-02-17 04:10,2154
2018-02-17 04:15,2135
2018-02-17 04:20,2113
2018-02-17 04:25,2104
2018-02-17 04:30,2081
2018-02-17 04:35,2043
2018-02-17 04:40,2035
2018-02-17 04:45,2019
2018-02-17 04:50,2021
2018-02-17 04:55,2012
2018-02-17 05:00,2001
2018-02-17 05:05,1986
2018-02-17 05:10,1991
2018-02-17 05:15,1997
2018-02-17 05:20,1985
2018-02-17 05:25,1955
2018-02-17 05:30,1969
2018-02-17 05:35,1966
2018-02-17 05:40,1967
2018-02-17 05:45,1963
2018-02-17 05:50,1955
2018-02-17 05:55,1949
2018-02-17 06:00,1946
2018-02-17 06:05,1959
2018-02-17 06:10,1939
2018-02-17 06:15,1930
2018-02-17 06:20,1952
2018-02-17 06:25,1940
2018-02-17 06:30,1932
2018-02-17 06:35,1954
2018-02-17 06:40,1952
2018-02-17 06:45,1952
2018-02-17 06:50,1973
2018-02-17 06:55,1939
2018-02-17 07:00,1956
2018-02-17 07:05,1959
2018-02-17 07:10,1980
2018-02-17 07:15,1962
2018-02-17 07:20,1948
2018-02-17 07:25,1963
2018-02-17 07:30,1973
2018-02-17 07:35,1991
2018-02-17 07:40,2018
2018-02-17 07:45,1998
2018-02-17 07:50,2023
2018-02-17 07:55,2033
2018-02-17 08:00,2050
2018-02-17 08:05,2066
2018-02-17 08:10,2096
2018-02-17 08:15,2139
2018-02-17 08:20,2150
2018-02-17 08:25,2169
2018-02-17 08:30,2213
2018-02-17 08:35,2234
2018-02-17 08:40,2243
2018-02-17 08:45,2256
2018-02-17 08:50,2271
2018-02-17 08:55,2276
2018-02-17 09:00,2286
2018-02-17 09:05,2317
2018-02-17 09:10,2313
2018-02-17 09:15,2337
2018-02-17 09:20,2349
2018-02-17 09:25,2389
2018-02-17 09:30,2393
2018-02-17 09:35,2436
2018-02-17 09:40,2471
2018-02-17 09:45,2462
2018-02-17 09:50,2478
2018-02-17 09:55,2518
2018-02-17 10:00,2562
2018-02-17 10:05,2602
2018-02-17 10:10,2601
2018-02-17 10:15,2632
2018-02-17 10:20,2671
2018-02-17 10:25,2702
2018-02-17 10:30,2726
2018-02-17 10:35,2757
2018-02-17 10:40,2786
2018-02-17 10:45,2815
2018-02-17 10:50,2821
2018-02-17 10:55,2858
2018-02-17 11:00,2866
2018-02-17 11:05,2883
2018-02-17 11:10,2898
2018-02-17 11:15,2928
2018-02-17 11:20,2938
2018-02-17 11:25,2969
2018-02-17 11:30,2950
2018-02-17 11:35,2980
2018-02-17 11:40,2985
2018-02-17 11:45,3008
2018-02-17 11:50,3038
2018-02-17 11:55,3060
2018-02-17 12:00,3058
2018-02-17 12:05,3082
2018-02-17 12:10,3088
2018-02-17 12:15,3113
2018-02-17 12:20,3133
2018-02-17 12:25,3163
2018-02-17 12:30,3198
2018-02-17 12:35,3201
2018-02-17 12:40,3256
2018-02-17 12:45,3284
2018-02-17 12:50,3292
2018-02-17 12:55,3356
2018-02-17 13:00,3360
2018-02-17 13:05,3382
2018-02-17 13:10,3407
2018-02-17 13:15,3402
2018-02-17 13:20,3421
2018-02-17 13:25,3438
2018-02-17 13:30,3479
2018-02-17 13:35,3499
2018-02-17 13:40,3513
2018-02-17 13:45,3522
2018-02-17 13:50,3539
2018-02-17 13:55,3565
2018-02-17 14:00,3580
2018-02-17 14:05,3616
2018-02-17 14:10,3594
2018-02-17 14:15,3645
2018-02-17 14:20,3655
2018-02-17 14:25,3658
2018-02-17 14:30,3702
2018-02-17 14:35,3700
2018-02-17 14:40,3725
2018-02-17 14:45,3752
2018-02-17 14:50,3813
2018-02-17 14:55,3808
2018-02-17 15:00,3808
2018-02-17 15:05,3825
2018-02-17 15:10,3840
2018-02-17 15:15,3854
2018-02-17 15:20,3854
2018-02-17 15:25,3821
2018-02-17 15:30,3826
2018-02-17 15:35,3822
2018-02-17 15:40,3840
2018-02-17 15:45,3872
2018-02-17 15:50,3888
2018-02-17 15:55,3877
2018-02-17 16:00,3924
2018-02-17 16:05,3903
2018-02-17 16:10,3916
2018-02-17 16:15,3924
2018-02-17 16:20,3938
2018-02-17 16:25,3926
2018-02-17 16:30,3917
2018-02-17 16:35,3904
2018-02-17 16:40,3928
2018-02-17 16:45,3939
2018-02-17 16:50,3938
2018-02-17 16:55,3962
2018-02-17 17:00,3983
2018-02-17 17:05,3984
2018-02-17 17:10,3972
2018-02-17 17:15,3975
2018-02-17 17:20,3989
2018-02-17 17:25,3976
2018-02-17 17:30,4000
2018-02-17 17:35,3973
2018-02-17 17:40,0
2018-02-17 17:45,3982
2018-02-17 17:50,3963
2018-02-17 17:55,3986
2018-02-17 18:00,4010
2018-02-17 18:05,4005
2018-02-17 18:10,3991
2018-02-17 18:15,4016
2018-02-17 18:20,4005
2018-02-17 18:25,4030
2018-02-17 18:30,4059
2018-02-17 18:35,4035
2018-02-17 18:40,4003
2018-02-17 18:45,4003
2018-02-17 18:50,4022
2018-02-17 18:55,4011
2018-02-17 19:00,4017
2018-02-17 19:05,4032
2018-02-17 19:10,4025
2018-02-17 19:15,4039
2018-02-17 19:20,4030
2018-02-17 19:25,4026
2018-02-17 19:30,4061
2018-02-17 19:35,4070
2018-02-17 19:40,4076
2018-02-17 19:45,4075
2018-02-17 19:50,4070
2018-02-17 19:55,4064
2018-02-17 20:00,4065
2018-02-17 20:05,4084
2018-02-17 20:10,4101
2018-02-17 20:15,4067
2018-02-17 20:20,4077
2018-02-17 20:25,4063
2018-02-17 20:30,4042
2018-02-17 20:35,4060
2018-02-17 20:40,4061
2018-02-17 20:45,4055
2018-02-17 20:50,4069
2018-02-17 20:55,4054
2018-02-17 21:00,4020
2018-02-17 21:05,3986
2018-02-17 21:10,4032
2018-02-17 21:15,4012
2018-02-17 21:20,3986
2018-02-17 21:25,3988
2018-02-17 21:30,3957
2018-02-17 21:35,3961
2018-02-17 21:40,3947
2018-02-17 21:45,3910
2018-02-17 21:50,3904
2018-02-17 21:55,3868
2018-02-17 22:00,3880
2018-02-17 22:05,3829
2018-02-17 22:10,3806
2018-02-17 22:15,3791
2018-02-17 22:20,3776
2018-02-17 22:25,3732
2018-02-17 22:30,3708
2018-02-17 22:35,3660
2018-02-17 22:40,3655
2018-02-17 22:45,3623
2018-02-17 22:50,3595
2018-02-17 22:55,3555
2018-02-17 23:00,3509
2018-02-17 23:05,3439
2018-02-17 23:10,3406
2018-02-17 23:15,3399
2018-02-17 23:20,3372
2018-02-17 23:25,3358
2018-02-17 23:30,3315
2018-02-17 23:35,3262
2018-02-17 23:40,3222
2018-02-17 23:45,3200
2018-02-17 23:50,3166
2018-02-17 23:55,3145
2018-02-18 00:00,3114
2018-02-18 00:05,3079
2018-02-18 00:10,3032
2018-02-18 00:15,2998
2018-02-18 00:20,2978
2018-02-18 00:25,2947
2018-02-18 00:30,2935
2018-02-18 00:35,2901
2018-02-18 00:40,2880
2018-02-18 00:45,2857
2018-02-18 00:50,2831
2018-02-18 00:55,2803
2018-02-18 01:00,2788
2018-02-18 01:05,2757
2018-02-18 01:10,2752
2018-02-18 01:15,2722
2018-02-18 01:20,2717
2018-02-18 01:25,2718
2018-02-18 01:30,2723
2018-02-18 01:35,2710
2018-02-18 01:40,2698
2018-02-18 01:45,2692
2018-02-18 01:50,2691
2018-02-18 01:55,2660
2018-02-18 02:00,2652
2018-02-18 02:05,2609
2018-02-18 02:10,2597
2018-02-18 02:15,2576
2018-02-18 02:20,2570
2018-02-18 02:25,2564
2018-02-18 02:30,2562
2018-02-18 02:35,2540
2018-02-18 02:40,2525
2018-02-18 02:45,2497
2018-02-18 02:50,2478
2018-02-18 02:55,2468
2018-02-18 03:00,2466
2018-02-18 03:05,2405
2018-02-18 03:10,2423
2018-02-18 03:15,2424
2018-02-18 03:20,2415
2018-02-18 03:25,2395
2018-02-18 03:30,2371
2018-02-18 03:35,2363
2018-02-18 03:40,2350
2018-02-18 03:45,2338
2018-02-18 03:50,2330
2018-02-18 03:55,2314
2018-02-18 04:00,2279
2018-02-18 04:05,2289
2018-02-18 04:10,2256
2018-02-18 04:15,2285
2018-02-18 04:20,2283
2018-02-18 04:25,2276
2018-02-18 04:30,2263
2018-02-18 04:35,2244
2018-02-18 04:40,2237
2018-02-18 04:45,2211
2018-02-18 04:50,2209
2018-02-18 04:55,2222
2018-02-18 05:00,2230
2018-02-18 05:05,2188
2018-02-18 05:10,2195
2018-02-18 05:15,2195
2018-02-18 05:20,2182
2018-02-18 05:25,2146
2018-02-18 05:30,2137
2018-02-18 05:35,2096
2018-02-18 05:40,2105
2018-02-18 05:45,2095
2018-02-18 05:50,2074
2018-02-18 05:55,2063
2018-02-18 06:00,2071
2018-02-18 06:05,2075
2018-02-18 06:10,2079
2018-02-18 06:15,2062
2018-02-18 06:20,2068
2018-02-18 06:25,2069
2018-02-18 06:30,2076
2018-02-18 06:35,2090
2018-02-18 06:40,2083
2018-02-18 06:45,2089
2018-02-18 06:50,2080
2018-02-18 06:55,2095
2018-02-18 07:00,2081
2018-02-18 07:05,2063
2018-02-18 07:10,2103
2018-02-18 07:15,2110
2018-02-18 07:20,2121
2018-02-18 07:25,2144
2018-02-18 07:30,2149
2018-02-18 07:35,2142
2018-02-18 07:40,2122
2018-02-18 07:45,2124
2018-02-18 07:50,2141
2018-02-18 07:55,2152
2018-02-18 08:00,2148
2018-02-18 08:05,2165
2018-02-18 08:10,2186
2018-02-18 08:15,2229
2018-02-18 08:20,2262
2018-02-18 08:25,2307
2018-02-18 08:30,2339
2018-02-18 08:35,2355
2018-02-18 08:40,2392
2018-02-18 08:45,2402
2018-02-18 08:50,2415
2018-02-18 08:55,2455
2018-02-18 09:00,2479
2018-02-18 09:05,2478
2018-02-18 09:10,2524
2018-02-18 09:15,2574
2018-02-18 09:20,2591
2018-02-18 09:25,2621
2018-02-18 09:30,2639
2018-02-18 09:35,2682
2018-02-18 09:40,2700
2018-02-18 09:45,2680
2018-02-18 09:50,2686
2018-02-18 09:55,2748
2018-02-18 10:00,2781
2018-02-18 10:05,2797
2018-02-18 10:10,2843
2018-02-18 10:15,2893
2018-02-18 10:20,2914
2018-02-18 10:25,2956
2018-02-18 10:30,2989
2018-02-18 10:35,3025
2018-02-18 10:40,3053
2018-02-18 10:45,3094
2018-02-18 10:50,3148
2018-02-18 10:55,3154
2018-02-18 11:00,3158
2018-02-18 11:05,3155
2018-02-18 11:10,3214
2018-02-18 11:15,3214
2018-02-18 11:20,3208
2018-02-18 11:25,3206
2018-02-18 11:30,3226
2018-02-18 11:35,3234
2018-02-18 11:40,3233
2018-02-18 11:45,3266
2018-02-18 11:50,3288
2018-02-18 11:55,3287
2018-02-18 12:00,3303
2018-02-18 12:05,3303
2018-02-18 12:10,3324
2018-02-18 12:15,3310
2018-02-18 12:20,3341
2018-02-18 12:25,3373
2018-02-18 12:30,3392
2018-02-18 12:35,3433
2018-02-18 12:40,3422
2018-02-18 12:45,3431
2018-02-18 12:50,3440
2018-02-18 12:55,3470
2018-02-18 13:00,3501
2018-02-18 13:05,3508
2018-02-18 13:10,3556
2018-02-18 13:15,3578
2018-02-18 13:20,3575
2018-02-18 13:25,3590
2018-02-18 13:30,3596
2018-02-18 13:35,3640
2018-02-18 13:40,3674
2018-02-18 13:45,3698
2018-02-18 13:50,3731
2018-02-18 13:55,3761
2018-02-18 14:00,3778
2018-02-18 14:05,3811
2018-02-18 14:10,3792
2018-02-18 14:15,3828
2018-02-18 14:20,3853
2018-02-18 14:25,3890
2018-02-18 14:30,3896
2018-02-18 14:35,3936
2018-02-18 14:40,3948
2018-02-18 14:45,3967
2018-02-18 14:50,4011
2018-02-18 14:55,4037
2018-02-18 15:00,4055
2018-02-18 15:05,4007
2018-02-18 15:10,4051
2018-02-18 15:15,4080
2018-02-18 15:20,4081
2018-02-18 15:25,4096
2018-02-18 15:30,0
2018-02-18 15:35,4119
2018-02-18 15:40,4132
2018-02-18 15:45,4138
2018-02-18 15:50,4145
2018-02-18 15:55,4154
2018-02-18 16:00,4158
2018-02-18 16:05,4137
2018-02-18 16:10,4140
2018-02-18 16:15,4136
2018-02-18 16:20,4117
2018-02-18 16:25,4142
2018-02-18 16:30,4169
2018-02-18 16:35,4191
2018-02-18 16:40,4208
2018-02-18 16:45,4240
2018-02-18 16:50,4300
2018-02-18 16:55,4328
2018-02-18 17:00,4327
2018-02-18 17:05,4312
2018-02-18 17:10,4355
2018-02-18 17:15,4371
2018-02-18 17:20,4385
2018-02-18 17:25,4381
2018-02-18 17:30,4385
2018-02-18 17:35,4397
2018-02-18 17:40,4396
2018-02-18 17:45,4373
2018-02-18 17:50,4365
2018-02-18 17:55,4381
2018-02-18 18:00,4382
2018-02-18 18:05,4365
2018-02-18 18:10,4382
2018-02-18 18:15,4426
2018-02-18 18:20,4416
2018-02-18 18:25,4432
2018-02-18 18:30,4411
2018-02-18 18:35,4419
2018-02-18 18:40,4435
2018-02-18 18:45,4439
2018-02-18 18:50,4441
2018-02-18 18:55,4416
2018-02-18 19:00,4409
2018-02-18 19:05,4379
2018-02-18 19:10,4382
2018-02-18 19:15,4378
2018-02-18 19:20,4347
2018-02-18 19:25,4353
2018-02-18 19:30,4369
2018-02-18 19:35,4365
2018-02-18 19:40,4348
2018-02-18 19:45,4338
2018-02-18 19:50,4324
2018-02-18 19:55,4299
2018-02-18 20:00,4274
2018-02-18 20:05,4278
2018-02-18 20:10,4252
2018-02-18 20:15,4233
2018-02-18 20:20,4216
2018-02-18 20:25,4194
2018-02-18 20:30,4154
2018-02-18 20:35,4133
2018-02-18 20:40,4166
2018-02-18 20:45,4155
2018-02-18 20:50,4158
2018-02-18 20:55,4149
2018-02-18 21:00,4102
2018-02-18 21:05,4062
2018-02-18 21:10,4019
2018-02-18 21:15,3983
2018-02-18 21:20,3976
2018-02-18 21:25,3930
2018-02-18 21:30,3917
2018-02-18 21:35,3877
2018-02-18 21:40,3819
2018-02-18 21:45,3781
2018-02-18 21:50,3740
2018-02-18 21:55,3710
2018-02-18 22:00,3703
2018-02-18 22:05,3648
2018-02-18 22:10,3593
2018-02-18 22:15,3524
2018-02-18 22:20,3494
2018-02-18 22:25,3481
2018-02-18 22:30,3457
2018-02-18 22:35,3416
2018-02-18 22:40,3373
2018-02-18 22:45,3341
2018-02-18 22:50,3309
2018-02-18 22:55,3299
2018-02-18 23:00,3252
2018-02-18 23:05,3192
2018-02-18 23:10,3156
2018-02-18 23:15,3107
2018-02-18 23:20,3059
2018-02-18 23:25,3051
2018-02-18 23:30,3006
2018-02-18 23:35,2968
2018-02-18 23:40,2956
2018-02-18 23:45,2917
2018-02-18 23:50,2871
2018-02-18 23:55,2831
2018-02-19 00:00,2843
2018-02-19 00:05,2831
2018-02-19 00:10,2812
2018-02-19 00:15,2782
2018-02-19 00:20,2770
2018-02-19 00:25,2756
2018-02-19 00:30,2760
2018-02-19 00:35,2715
2018-02-19 00:40,2682
2018-02-19 00:45,2654
2018-02-19 00:50,2634
2018-02-19 00:55,2624
2018-02-19 01:00,2602
2018-02-19 01:05,2571
2018-02-19 01:10,2601
2018-02-19 01:15,2553
2018-02-19 01:20,2544
2018-02-19 01:25,2545
2018-02-19 01:30,2523
2018-02-19 01:35,2493
2018-02-19 01:40,2489
2018-02-19 01:45,2449
2018-02-19 01:50,2447
2018-02-19 01:55,2455
2018-02-19 02:00,2428
2018-02-19 02:05,2425
2018-02-19 02:10,2419
2018-02-19 02:15,2410
2018-02-19 02:20,2431
2018-02-19 02:25,2404
2018-02-19 02:30,2395
2018-02-19 02:35,2375
2018-02-19 02:40,2346
2018-02-19 02:45,2352
2018-02-19 02:50,2331
2018-02-19 02:55,2313
2018-02-19 03:00,2294
2018-02-19 03:05,2268
2018-02-19 03:10,2263
2018-02-19 03:15,2255
2018-02-19 03:20,2236
2018-02-19 03:25,2227
2018-02-19 03:30,2226
2018-02-19 03:35,2210
2018-02-19 03:40,2192
2018-02-19 03:45,2204
2018-02-19 03:50,2190
2018-02-19 03:55,2165
2018-02-19 04:00,2137
2018-02-19 04:05,2091
2018-02-19 04:10,2063
2018-02-19 04:15,2049
2018-02-19 04:20,2042
2018-02-19 04:25,2030
2018-02-19 04:30,2029
2018-02-19 04:35,2038
2018-02-19 04:40,2024
2018-02-19 04:45,2021
2018-02-19 04:50,2008
2018-02-19 04:55,1991
2018-02-19 05:00,1988
2018-02-19 05:05,1968
2018-02-19 05:10,1951
2018-02-19 05:15,1965
2018-02-19 05:20,1924
2018-02-19 05:25,1910
2018-02-19 05:30,1911
2018-02-19 05:35,1885
2018-02-19 05:40,1869
2018-02-19 05:45,1861
2018-02-19 05:50,1862
2018-02-19 05:55,1844
2018-02-19 06:00,1829
2018-02-19 06:05,1829
2018-02-19 06:10,1829
2018-02-19 06:15,1795
2018-02-19 06:20,1797
2018-02-19 06:25,1791
2018-02-19 06:30,1786
2018-02-19 06:35,1780
2018-02-19 06:40,1779
2018-02-19 06:45,1768
2018-02-19 06:50,1747
2018-02-19 06:55,1729
2018-02-19 07:00,1731
2018-02-19 07:05,1721
2018-02-19 07:10,1751
2018-02-19 07:15,1763
2018-02-19 07:20,1754
2018-02-19 07:25,1756
2018-02-19 07:30,1764
2018-02-19 07:35,1747
2018-02-19 07:40,1751
2018-02-19 07:45,1749
2018-02-19 07:50,1743
2018-02-19 07:55,1750
2018-02-19 08:00,1758
2018-02-19 08:05,1765
2018-02-19 08:10,1758
2018-02-19 08:15,1756
2018-02-19 08:20,1739
2018-02-19 08:25,1746
2018-02-19 08:30,1770
2018-02-19 08:35,1773
2018-02-19 08:40,1780
2018-02-19 08:45,1788
2018-02-19 08:50,1774
2018-02-19 08:55,1797
2018-02-19 09:00,1803
2018-02-19 09:05,1819
2018-02-19 09:10,1838
2018-02-19 09:15,1847
2018-02-19 09:20,1857
2018-02-19 09:25,1867
2018-02-19 09:30,1867
2018-02-19 09:35,1872
2018-02-19 09:40,1901
2018-02-19 09:45,1911
2018-02-19 09:50,1926
2018-02-19 09:55,1929
2018-02-19 10:00,1938
2018-02-19 10:05,1975
2018-02-19 10:10,2004
2018-02-19 10:15,2031
2018-02-19 10:20,2044
2018-02-19 10:25,2063
2018-02-19 10:30,2059
2018-02-19 10:35,2073
2018-02-19 10:40,2096
2018-02-19 10:45,2116
2018-02-19 10:50,2146
2018-02-19 10:55,2150
2018-02-19 11:00,2160
2018-02-19 11:05,2139
2018-02-19 11:10,2163
2018-02-19 11:15,2185
2018-02-19 11:20,2193
2018-02-19 11:25,2207
2018-02-19 11:30,2202
2018-02-19 11:35,2228
2018-02-19 11:40,2250
2018-02-19 11:45,2257
2018-02-19 11:50,2311
2018-02-19 11:55,2324
2018-02-19 12:00,2339
2018-02-19 12:05,2343
2018-02-19 12:10,2348
2018-02-19 12:15,2368
2018-02-19 12:20,2384
2018-02-19 12:25,2381
2018-02-19 12:30,2393
2018-02-19 12:35,2426
2018-02-19 12:40,2449
2018-02-19 12:45,2435
2018-02-19 12:50,2452
2018-02-19 12:55,2480
2018-02-19 13:00,2492
2018-02-19 13:05,2479
2018-02-19 13:10,2511
2018-02-19 13:15,2566
2018-02-19 13:20,2613
2018-02-19 13:25,2603
2018-02-19 13:30,2604
2018-02-19 13:35,2651
2018-02-19 13:40,2672
2018-02-19 13:45,2684
2018-02-19 13:50,2711
2018-02-19 13:55,2740
2018-02-19 14:00,2756
2018-02-19 14:05,2774
2018-02-19 14:10,2810
2018-02-19 14:15,2844
2018-02-19 14:20,2834
2018-02-19 14:25,2882
2018-02-19 14:30,2912
2018-02-19 14:35,2932
2018-02-19 14:40,2965
2018-02-19 14:45,2959
2018-02-19 14:50,2969
2018-02-19 14:55,2997
2018-02-19 15:00,3001
2018-02-19 15:05,3023
2018-02-19 15:10,3028
2018-02-19 15:15,3072
2018-02-19 15:20,3086
2018-02-19 15:25,3105
2018-02-19 15:30,3134
2018-02-19 15:35,3161
2018-02-19 15:40,3167
2018-02-19 15:45,3200
2018-02-19 15:50,3202
2018-02-19 15:55,3273
2018-02-19 16:00,3316
2018-02-19 16:05,3376
2018-02-19 16:10,3421
2018-02-19 16:15,3443
2018-02-19 16:20,3476
2018-02-19 16:25,3508
2018-02-19 16:30,3551
2018-02-19 16:35,3583
2018-02-19 16:40,3596
2018-02-19 16:45,3641
2018-02-19 16:50,3680
2018-02-19 16:55,3686
2018-02-19 17:00,3734
2018-02-19 17:05,3750
2018-02-19 17:10,3838
2018-02-19 17:15,3904
2018-02-19 17:20,3912
2018-02-19 17:25,3919
2018-02-19 17:30,3941
2018-02-19 17:35,3961
2018-02-19 17:40,4005
2018-02-19 17:45,4001
2018-02-19 17:50,3994
2018-02-19 17:55,4009
2018-02-19 18:00,4005
2018-02-19 18:05,4018
2018-02-19 18:10,4017
2018-02-19 18:15,4037
2018-02-19 18:20,4024
2018-02-19 18:25,4004
2018-02-19 18:30,4037
2018-02-19 18:35,4048
2018-02-19 18:40,4060
2018-02-19 18:45,4076
2018-02-19 18:50,4074
2018-02-19 18:55,4074
2018-02-19 19:00,4070
2018-02-19 19:05,4029
2018-02-19 19:10,4056
2018-02-19 19:15,4059
2018-02-19 19:20,4047
2018-02-19 19:25,4051
2018-02-19 19:30,4041
2018-02-19 19:35,4025
2018-02-19 19:40,4045
2018-02-19 19:45,4049
2018-02-19 19:50,4044
2018-02-19 19:55,4040
2018-02-19 20:00,4044
2018-02-19 20:05,4029
2018-02-19 20:10,4002
2018-02-19 20:15,3966
2018-02-19 20:20,3978
2018-02-19 20:25,3987
2018-02-19 20:30,3987
2018-02-19 20:35,3989
2018-02-19 20:40,3949
2018-02-19 20:45,3932
2018-02-19 20:50,3919
2018-02-19 20:55,3896
2018-02-19 21:00,3826
2018-02-19 21:05,3772
2018-02-19 21:10,3742
2018-02-19 21:15,3722
2018-02-19 21:20,3693
2018-02-19 21:25,3663
2018-02-19 21:30,3617
2018-02-19 21:35,3580
2018-02-19 21:40,3554
2018-02-19 21:45,3539
2018-02-19 21:50,3482
2018-02-19 21:55,3456
2018-02-19 22:00,3434
2018-02-19 22:05,3361
2018-02-19 22:10,3312
2018-02-19 22:15,3309
2018-02-19 22:20,0
2018-02-19 22:25,3237
2018-02-19 22:30,3228
2018-02-19 22:35,3211
2018-02-19 22:40,3176
2018-02-19 22:45,3163
2018-02-19 22:50,3147
2018-02-19 22:55,3148
2018-02-19 23:00,3126
2018-02-19 23:05,3068
2018-02-19 23:10,3048
2018-02-19 23:15,3014
2018-02-19 23:20,2968
2018-02-19 23:25,2930
2018-02-19 23:30,2915
2018-02-19 23:35,2887
2018-02-19 23:40,2863
2018-02-19 23:45,2879
2018-02-19 23:50,2841
2018-02-19 23:55,2799
2018-02-20 00:00,2775
2018-02-20 00:05,2753
2018-02-20 00:10,2724
2018-02-20 00:15,2677
2018-02-20 00:20,2661
2018-02-20 00:25,2650
2018-02-20 00:30,2640
2018-02-20 00:35,2618
2018-02-20 00:40,2579
2018-02-20 00:45,2593
2018-02-20 00:50,2585
2018-02-20 00:55,2571
2018-02-20 01:00,2564
2018-02-20 01:05,2544
2018-02-20 01:10,2565
2018-02-20 01:15,2546
2018-02-20 01:20,2521
2018-02-20 01:25,2522
2018-02-20 01:30,2507
2018-02-20 01:35,2516
2018-02-20 01:40,2520
2018-02-20 01:45,2509
2018-02-20 01:50,2497
2018-02-20 01:55,2504
2018-02-20 02:00,2471
2018-02-20 02:05,2465
2018-02-20 02:10,2431
2018-02-20 02:15,2398
2018-02-20 02:20,2369
2018-02-20 02:25,2355
2018-02-20 02:30,2343
2018-02-20 02:35,2321
2018-02-20 02:40,2323
2018-02-20 02:45,2300
2018-02-20 02:50,2277
2018-02-20 02:55,2259
2018-02-20 03:00,2247
2018-02-20 03:05,2203
2018-02-20 03:10,2211
2018-02-20 03:15,2197
2018-02-20 03:20,2194
2018-02-20 03:25,2145
2018-02-20 03:30,2130
2018-02-20 03:35,2116
2018-02-20 03:40,2113
2018-02-20 03:45,2107
2018-02-20 03:50,2078
2018-02-20 03:55,2066
2018-02-20 04:00,2051
2018-02-20 04:05,2009
2018-02-20 04:10,1988
2018-02-20 04:15,1975
2018-02-20 04:20,1965
2018-02-20 04:25,1945
2018-02-20 04:30,1929
2018-02-20 04:35,1918
2018-02-20 04:40,1896
2018-02-20 04:45,1842
2018-02-20 04:50,1816
2018-02-20 04:55,1782
2018-02-20 05:00,1760
2018-02-20 05:05,1723
2018-02-20 05:10,1741
2018-02-20 05:15,1723
2018-02-20 05:20,1716
2018-02-20 05:25,1702
2018-02-20 05:30,1712
2018-02-20 05:35,1709
2018-02-20 05:40,1691
2018-02-20 05:45,1674
2018-02-20 05:50,1689
2018-02-20 05:55,1675
2018-02-20 06:00,1677
2018-02-20 06:05,1661
2018-02-20 06:10,1660
2018-02-20 06:15,1667
2018-02-20 06:20,1666
2018-02-20 06:25,1662
2018-02-20 06:30,1661
2018-02-20 06:35,1681
2018-02-20 06:40,1653
2018-02-20 06:45,1629
2018-02-20 06:50,1642
2018-02-20 06:55,1650
2018-02-20 07:00,1661
2018-02-20 07:05,1631
2018-02-20 07:10,1684
2018-02-20 07:15,1679
2018-02-20 07:20,1673
2018-02-20 07:25,1658
2018-02-20 07:30,1674
2018-02-20 07:35,1683
2018-02-20 07:40,1670
2018-02-20 07:45,1676
2018-02-20 07:50,1695
2018-02-20 07:55,1685
2018-02-20 08:00,1690
2018-02-20 08:05,1682
2018-02-20 08:10,1685
2018-02-20 08:15,1685
2018-02-20 08:20,1684
2018-02-20 08:25,1694
2018-02-20 08:30,1698
2018-02-20 08:35,1711
2018-02-20 08:40,1725
2018-02-20 08:45,1739
2018-02-20 08:50,1744
2018-02-20 08:55,1753
2018-02-20 09:00,1765
2018-02-20 09:05,1741
2018-02-20 09:10,1792
2018-02-20 09:15,1815
2018-02-20 09:20,1838
2018-02-20 09:25,1848
2018-02-20 09:30,1861
2018-02-20 09:35,1873
2018-02-20 09:40,1876
2018-02-20 09:45,1893
2018-02-20 09:50,1897
2018-02-20 09:55,1903
2018-02-20 10:00,1907
2018-02-20 10:05,1922
2018-02-20 10:10,1940
2018-02-20 10:15,1970
2018-02-20 10:20,1981
2018-02-20 10:25,2000
2018-02-20 10:30,2043
2018-02-20 10:35,2040
2018-02-20 10:40,2040
2018-02-20 10:45,2072
2018-02-20 10:50,2098
2018-02-20 10:55,2122
2018-02-20 11:00,2124
2018-02-20 11:05,2094
2018-02-20 11:10,2113
2018-02-20 11:15,2134
2018-02-20 11:20,2145
2018-02-20 11:25,2163
2018-02-20 11:30,2198
2018-02-20 11:35,2207
2018-02-20 11:40,2241
2018-02-20 11:45,2236
2018-02-20 11:50,2256
2018-02-20 11:55,2268
2018-02-20 12:00,2260
2018-02-20 12:05,2268
2018-02-20 12:10,2279
2018-02-20 12:15,2277
2018-02-20 12:20,2305
2018-02-20 12:25,2306
2018-02-20 12:30,2319
2018-02-20 12:35,2354
2018-02-20 12:40,2354
2018-02-20 12:45,2377
2018-02-20 12:50,2388
2018-02-20 12:55,2403
2018-02-20 13:00,2424
2018-02-20 13:05,2436
2018-02-20 13:10,2493
2018-02-20 13:15,2524
2018-02-20 13:20,2523
2018-02-20 13:25,2536
2018-02-20 13:30,2571
2018-02-20 13:35,2591
2018-02-20 13:40,2615
2018-02-20 13:45,2648
2018-02-20 13:50,2684
2018-02-20 13:55,2667
2018-02-20 14:00,2707
2018-02-20 14:05,2735
2018-02-20 14:10,2742
2018-02-20 14:15,2756
2018-02-20 14:20,2785
2018-02-20 14:25,2806
2018-02-20 14:30,2795
2018-02-20 14:35,2820
2018-02-20 14:40,2817
2018-02-20 14:45,2823
2018-02-20 14:50,2880
2018-02-20 14:55,2874
2018-02-20 15:00,2885
2018-02-20 15:05,2855
2018-02-20 15:10,2899
2018-02-20 15:15,2887
2018-02-20 15:20,2925
2018-02-20 15:25,2949
2018-02-20 15:30,2974
2018-02-20 15:35,3000
2018-02-20 15:40,2997
2018-02-20 15:45,3000
2018-02-20 15:50,3038
2018-02-20 15:55,3064
2018-02-20 16:00,3079
2018-02-20 16:05,3099
2018-02-20 16:10,3108
2018-02-20 16:15,3138
2018-02-20 16:20,3172
2018-02-20 16:25,3185
2018-02-20 16:30,3191
2018-02-20 16:35,3200
2018-02-20 16:40,3218
2018-02-20 16:45,3270
2018-02-20 16:50,3298
2018-02-20 16:55,3327
2018-02-20 17:00,3351
2018-02-20 17:05,3388
2018-02-20 17:10,3424
2018-02-20 17:15,3443
2018-02-20 17:20,3491
2018-02-20 17:25,3500
2018-02-20 17:30,3526
2018-02-20 17:35,3568
2018-02-20 17:40,3555
2018-02-20 17:45,3555
2018-02-20 17:50,3558
2018-02-20 17:55,3573
2018-02-20 18:00,3562
2018-02-20 18:05,3571
2018-02-20 18:10,3568
2018-02-20 18:15,3591
2018-02-20 18:20,3602
2018-02-20 18:25,3595
2018-02-20 18:30,3607
2018-02-20 18:35,3639
2018-02-20 18:40,3657
2018-02-20 18:45,3679
2018-02-20 18:50,3689
2018-02-20 18:55,3682
2018-02-20 19:00,3662
2018-02-20 19:05,3622
2018-02-20 19:10,3661
2018-02-20 19:15,3694
2018-02-20 19:20,3661
2018-02-20 19:25,3684
2018-02-20 19:30,3675
2018-02-20 19:35,3678
2018-02-20 19:40,3666
2018-02-20 19:45,3646
2018-02-20 19:50,3617
2018-02-20 19:55,3601
2018-02-20 20:00,3590
2018-02-20 20:05,3525
2018-02-20 20:10,3492
2018-02-20 20:15,3466
2018-02-20 20:20,3460
2018-02-20 20:25,3465
2018-02-20 20:30,3471
2018-02-20 20:35,3459
2018-02-20 20:40,3448
2018-02-20 20:45,3416
2018-02-20 20:50,3408
2018-02-20 20:55,3373
2018-02-20 21:00,3311
2018-02-20 21:05,3257
2018-02-20 21:10,3292
2018-02-20 21:15,3290
2018-02-20 21:20,3272
2018-02-20 21:25,3242
2018-02-20 21:30,3197
2018-02-20 21:35,3175
2018-02-20 21:40,3135
2018-02-20 21:45,3112
2018-02-20 21:50,3079
2018-02-20 21:55,3063
2018-02-20 22:00,3052
2018-02-20 22:05,3037
2018-02-20 22:10,3008
2018-02-20 22:15,2988
2018-02-20 22:20,2943
2018-02-20 22:25,2912
2018-02-20 22:30,2880
2018-02-20 22:35,2830
2018-02-20 22:40,2791
2018-02-20 22:45,2767
2018-02-20 22:50,2734
2018-02-20 22:55,2712
2018-02-20 23:00,2677
2018-02-20 23:05,2648
2018-02-20 23:10,2650
2018-02-20 23:15,2621
2018-02-20 23:20,0
2018-02-20 23:25,0
2018-02-20 23:30,1869
2018-02-20 23:35,2469
2018-02-20 23:40,2555
2018-02-20 23:45,2502
2018-02-20 23:50,2473
2018-02-20 23:55,2446
2018-02-21 00:00,2443
2018-02-21 00:05,2416
2018-02-21 00:10,2405
2018-02-21 00:15,2405
2018-02-21 00:20,2391
2018-02-21 00:25,2388
2018-02-21 00:30,2381
2018-02-21 00:35,2388
2018-02-21 00:40,2390
2018-02-21 00:45,2392
2018-02-21 00:50,2389
2018-02-21 00:55,2353
2018-02-21 01:00,2367
2018-02-21 01:05,2356
2018-02-21 01:10,2354
2018-02-21 01:15,2355
2018-02-21 01:20,2346
2018-02-21 01:25,2355
2018-02-21 01:30,2366
2018-02-21 01:35,2355
2018-02-21 01:40,2336
2018-02-21 01:45,2319
2018-02-21 01:50,2319
2018-02-21 01:55,2299
2018-02-21 02:00,2301
2018-02-21 02:05,2292
2018-02-21 02:10,2275
2018-02-21 02:15,2273
2018-02-21 02:20,2238
2018-02-21 02:25,2246
2018-02-21 02:30,2237
2018-02-21 02:35,2226
2018-02-21 02:40,2216
2018-02-21 02:45,2214
2018-02-21 02:50,2202
2018-02-21 02:55,2205
2018-02-21 03:00,2207
2018-02-21 03:05,2174
2018-02-21 03:10,2161
2018-02-21 03:15,2151
2018-02-21 03:20,2122
2018-02-21 03:25,2095
2018-02-21 03:30,2063
2018-02-21 03:35,2037
2018-02-21 03:40,2037
2018-02-21 03:45,2016
2018-02-21 03:50,1993
2018-02-21 03:55,1964
2018-02-21 04:00,1945
2018-02-21 04:05,1912
2018-02-21 04:10,1897
2018-02-21 04:15,1902
2018-02-21 04:20,1877
2018-02-21 04:25,1866
2018-02-21 04:30,1886
2018-02-21 04:35,1868
2018-02-21 04:40,1861
2018-02-21 04:45,1874
2018-02-21 04:50,1844
2018-02-21 04:55,1820
2018-02-21 05:00,1810
2018-02-21 05:05,1790
2018-02-21 05:10,1757
2018-02-21 05:15,1749
2018-02-21 05:20,1732
2018-02-21 05:25,1697
2018-02-21 05:30,1701
2018-02-21 05:35,1706
2018-02-21 05:40,1699
2018-02-21 05:45,1683
2018-02-21 05:50,1673
2018-02-21 05:55,1664
2018-02-21 06:00,1653
2018-02-21 06:05,1664
2018-02-21 06:10,1649
2018-02-21 06:15,1623
2018-02-21 06:20,1624
2018-02-21 06:25,1627
2018-02-21 06:30,1628
2018-02-21 06:35,1615
2018-02-21 06:40,1617
2018-02-21 06:45,1612
2018-02-21 06:50,1610
2018-02-21 06:55,1592
2018-02-21 07:00,1612
2018-02-21 07:05,1605
2018-02-21 07:10,1590
2018-02-21 07:15,1600
2018-02-21 07:20,1593
2018-02-21 07:25,1576
2018-02-21 07:30,1594
2018-02-21 07:35,1587
2018-02-21 07:40,1593
2018-02-21 07:45,1600
2018-02-21 07:50,1587
2018-02-21 07:55,1604
2018-02-21 08:00,1600
2018-02-21 08:05,1604
2018-02-21 08:10,1608
2018-02-21 08:15,1630
2018-02-21 08:20,1639
2018-02-21 08:25,1643
2018-02-21 08:30,1650
2018-02-21 08:35,1667
2018-02-21 08:40,1677
2018-02-21 08:45,1672
2018-02-21 08:50,1688
2018-02-21 08:55,1694
2018-02-21 09:00,1717
2018-02-21 09:05,1722
2018-02-21 09:10,1766
2018-02-21 09:15,1771
2018-02-21 09:20,1760
2018-02-21 09:25,1766
2018-02-21 09:30,1789
2018-02-21 09:35,1769
2018-02-21 09:40,1775
2018-02-21 09:45,1794
2018-02-21 09:50,1797
2018-02-21 09:55,1832
2018-02-21 10:00,1850
2018-02-21 10:05,1879
2018-02-21 10:10,1906
2018-02-21 10:15,1906
2018-02-21 10:20,1944
2018-02-21 10:25,1944
2018-02-21 10:30,1935
2018-02-21 10:35,1947
2018-02-21 10:40,1953
2018-02-21 10:45,1989
2018-02-21 10:50,2021
2018-02-21 10:55,2048
2018-02-21 11:00,2046
2018-02-21 11:05,2040
2018-02-21 11:10,2043
2018-02-21 11:15,2046
2018-02-21 11:20,2079
2018-02-21 11:25,2092
2018-02-21 11:30,2103
2018-02-21 11:35,2112
2018-02-21 11:40,2126
2018-02-21 11:45,2149
2018-02-21 11:50,2134
2018-02-21 11:55,2143
2018-02-21 12:00,2187
2018-02-21 12:05,2184
2018-02-21 12:10,2212
2018-02-21 12:15,2229
2018-02-21 12:20,2250
2018-02-21 12:25,2282
2018-02-21 12:30,2288
2018-02-21 12:35,2300
2018-02-21 12:40,2303
2018-02-21 12:45,2331
2018-02-21 12:50,2345
2018-02-21 12:55,2354
2018-02-21 13:00,2378
2018-02-21 13:05,2409
2018-02-21 13:10,2430
2018-02-21 13:15,2446
2018-02-21 13:20,2459
2018-02-21 13:25,2504
2018-02-21 13:30,2517
2018-02-21 13:35,2549
2018-02-21 13:40,2566
2018-02-21 13:45,2589
2018-02-21 13:50,2602
2018-02-21 13:55,2624
2018-02-21 14:00,2649
2018-02-21 14:05,2666
2018-02-21 14:10,2660
2018-02-21 14:15,2678
2018-02-21 14:20,2706
2018-02-21 14:25,2680
2018-02-21 14:30,2704
2018-02-21 14:35,2743
2018-02-21 14:40,2766
2018-02-21 14:45,2772
2018-02-21 14:50,2766
2018-02-21 14:55,2797
2018-02-21 15:00,2795
2018-02-21 15:05,2805
2018-02-21 15:10,2840
2018-02-21 15:15,2856
2018-02-21 15:20,2866
2018-02-21 15:25,2868
2018-02-21 15:30,2893
2018-02-21 15:35,2927
2018-02-21 15:40,2951
2018-02-21 15:45,2986
2018-02-21 15:50,2986
2018-02-21 15:55,2973
2018-02-21 16:00,3018
2018-02-21 16:05,3010
2018-02-21 16:10,3027
2018-02-21 16:15,3059
2018-02-21 16:20,3091
2018-02-21 16:25,3098
2018-02-21 16:30,3128
2018-02-21 16:35,3161
2018-02-21 16:40,3184
2018-02-21 16:45,3210
2018-02-21 16:50,3250
2018-02-21 16:55,3290
2018-02-21 17:00,3279
2018-02-21 17:05,3301
2018-02-21 17:10,3326
2018-02-21 17:15,3364
2018-02-21 17:20,3379
2018-02-21 17:25,3392
2018-02-21 17:30,3383
2018-02-21 17:35,3414
2018-02-21 17:40,3425
2018-02-21 17:45,3408
2018-02-21 17:50,3408
2018-02-21 17:55,3435
2018-02-21 18:00,3462
2018-02-21 18:05,3460
2018-02-21 18:10,3451
2018-02-21 18:15,3470
2018-02-21 18:20,3469
2018-02-21 18:25,3501
2018-02-21 18:30,3487
2018-02-21 18:35,3508
2018-02-21 18:40,3537
2018-02-21 18:45,3565
2018-02-21 18:50,3574
2018-02-21 18:55,3573
2018-02-21 19:00,3580
2018-02-21 19:05,3556
2018-02-21 19:10,3544
2018-02-21 19:15,3547
2018-02-21 19:20,3563
2018-02-21 19:25,3584
2018-02-21 19:30,3553
2018-02-21 19:35,3530
2018-02-21 19:40,3504
2018-02-21 19:45,3538
2018-02-21 19:50,3530
2018-02-21 19:55,3514
2018-02-21 20:00,3509
2018-02-21 20:05,3484
2018-02-21 20:10,3463
2018-02-21 20:15,3459
2018-02-21 20:20,3412
2018-02-21 20:25,3413
2018-02-21 20:30,3394
2018-02-21 20:35,3350
2018-02-21 20:40,3334
2018-02-21 20:45,3348
2018-02-21 20:50,3296
2018-02-21 20:55,3288
2018-02-21 21:00,3256
2018-02-21 21:05,3216
2018-02-21 21:10,3212
2018-02-21 21:15,3168
2018-02-21 21:20,3173
2018-02-21 21:25,3138
2018-02-21 21:30,3142
2018-02-21 21:35,3120
2018-02-21 21:40,3093
2018-02-21 21:45,3053
2018-02-21 21:50,3018
2018-02-21 21:55,2999
2018-02-21 22:00,2972
2018-02-21 22:05,2949
2018-02-21 22:10,2934
2018-02-21 22:15,2906
2018-02-21 22:20,2900
2018-02-21 22:25,2887
2018-02-21 22:30,2842
2018-02-21 22:35,2820
2018-02-21 22:40,2778
2018-02-21 22:45,2767
2018-02-21 22:50,2765
2018-02-21 22:55,2709
2018-02-21 23:00,2713
2018-02-21 23:05,2697
2018-02-21 23:10,2624
2018-02-21 23:15,2610
2018-02-21 23:20,2590
2018-02-21 23:25,2576
2018-02-21 23:30,2583
2018-02-21 23:35,2526
2018-02-21 23:40,2535
2018-02-21 23:45,2515
2018-02-21 23:50,2482
2018-02-21 23:55,2476
2018-02-22 00:00,2465
2018-02-22 00:05,2423
2018-02-22 00:10,2411
2018-02-22 00:15,2402
2018-02-22 00:20,2375
2018-02-22 00:25,2378
2018-02-22 00:30,2353
2018-02-22 00:35,2321
2018-02-22 00:40,2305
2018-02-22 00:45,2281
2018-02-22 00:50,2258
2018-02-22 00:55,2257
2018-02-22 01:00,2257
2018-02-22 01:05,2255
2018-02-22 01:10,2224
2018-02-22 01:15,2234
2018-02-22 01:20,2250
2018-02-22 01:25,2218
2018-02-22 01:30,2211
2018-02-22 01:35,2197
2018-02-22 01:40,2208
2018-02-22 01:45,2203
2018-02-22 01:50,2182
2018-02-22 01:55,2178
2018-02-22 02:00,2159
2018-02-22 02:05,2149
2018-02-22 02:10,2120
2018-02-22 02:15,2112
2018-02-22 02:20,2111
2018-02-22 02:25,2119
2018-02-22 02:30,2104
2018-02-22 02:35,2096
2018-02-22 02:40,2077
2018-02-22 02:45,2082
2018-02-22 02:50,2057
2018-02-22 02:55,2045
2018-02-22 03:00,2025
2018-02-22 03:05,2005
2018-02-22 03:10,1981
2018-02-22 03:15,1962
2018-02-22 03:20,1942
2018-02-22 03:25,1933
2018-02-22 03:30,1932
2018-02-22 03:35,1927
2018-02-22 03:40,1911
2018-02-22 03:45,1889
2018-02-22 03:50,1863
2018-02-22 03:55,1860
2018-02-22 04:00,1858
2018-02-22 04:05,1844
2018-02-22 04:10,1820
2018-02-22 04:15,1795
2018-02-22 04:20,1783
2018-02-22 04:25,1752
2018-02-22 04:30,1753
2018-02-22 04:35,1748
2018-02-22 04:40,1745
2018-02-22 04:45,1734
2018-02-22 04:50,1725
2018-02-22 04:55,1727
2018-02-22 05:00,1716
2018-02-22 05:05,1711
2018-02-22 05:10,1690
2018-02-22 05:15,1664
2018-02-22 05:20,1678
2018-02-22 05:25,1653
2018-02-22 05:30,1649
2018-02-22 05:35,1625
2018-02-22 05:40,1607
2018-02-22 05:45,1618
2018-02-22 05:50,1620
2018-02-22 05:55,1607
2018-02-22 06:00,1581
2018-02-22 06:05,1553
2018-02-22 06:10,1559
2018-02-22 06:15,1555
2018-02-22 06:20,1553
2018-02-22 06:25,1544
2018-02-22 06:30,1550
2018-02-22 06:35,1533
2018-02-22 06:40,1522
2018-02-22 06:45,1525
2018-02-22 06:50,1516
2018-02-22 06:55,1510
2018-02-22 07:00,1518
2018-02-22 07:05,1504
2018-02-22 07:10,1510
2018-02-22 07:15,1516
2018-02-22 07:20,1515
2018-02-22 07:25,1519
2018-02-22 07:30,1523
2018-02-22 07:35,1517
2018-02-22 07:40,1514
2018-02-22 07:45,1511
2018-02-22 07:50,1515
2018-02-22 07:55,1517
2018-02-22 08:00,1530
2018-02-22 08:05,1545
2018-02-22 08:10,1556
2018-02-22 08:15,1586
2018-02-22 08:20,1584
2018-02-22 08:25,1596
2018-02-22 08:30,1615
2018-02-22 08:35,1623
2018-02-22 08:40,1638
2018-02-22 08:45,1669
2018-02-22 08:50,1684
2018-02-22 08:55,1708
2018-02-22 09:00,1701
2018-02-22 09:05,1706
2018-02-22 09:10,1717
2018-02-22 09:15,1727
2018-02-22 09:20,1728
2018-02-22 09:25,1740
2018-02-22 09:30,1754
2018-02-22 09:35,1782
2018-02-22 09:40,1794
2018-02-22 09:45,1818
2018-02-22 09:50,1845
2018-02-22 09:55,1843
2018-02-22 10:00,1877
2018-02-22 10:05,1905
2018-02-22 10:10,1927
2018-02-22 10:15,1956
2018-02-22 10:20,1969
2018-02-22 10:25,2004
2018-02-22 10:30,2010
2018-02-22 10:35,2025
2018-02-22 10:40,2035
2018-02-22 10:45,2055
2018-02-22 10:50,2057
2018-02-22 10:55,2087
2018-02-22 11:00,2089
2018-02-22 11:05,2094
2018-02-22 11:10,2116
2018-02-22 11:15,2105
2018-02-22 11:20,2091
2018-02-22 11:25,2126
2018-02-22 11:30,2127
2018-02-22 11:35,2144
2018-02-22 11:40,2154
2018-02-22 11:45,2179
2018-02-22 11:50,2198
2018-02-22 11:55,2206
2018-02-22 12:00,2211
2018-02-22 12:05,2217
2018-02-22 12:10,2210
2018-02-22 12:15,2221
2018-02-22 12:20,2226
2018-02-22 12:25,2248
2018-02-22 12:30,2235
2018-02-22 12:35,2258
2018-02-22 12:40,0
2018-02-22 12:45,2353
2018-02-22 12:50,2362
2018-02-22 12:55,2406
2018-02-22 13:00,2401
2018-02-22 13:05,2416
2018-02-22 13:10,2429
2018-02-22 13:15,2429
2018-02-22 13:20,2434
2018-02-22 13:25,2472
2018-02-22 13:30,2486
2018-02-22 13:35,2523
2018-02-22 13:40,2540
2018-02-22 13:45,2553
2018-02-22 13:50,2552
2018-02-22 13:55,2556
2018-02-22 14:00,2580
2018-02-22 14:05,2590
2018-02-22 14:10,2631
2018-02-22 14:15,2638
2018-02-22 14:20,2667
2018-02-22 14:25,2670
2018-02-22 14:30,2655
2018-02-22 14:35,2637
2018-02-22 14:40,2602
2018-02-22 14:45,2596
2018-02-22 14:50,2558
2018-02-22 14:55,2484
2018-02-22 15:00,2365
2018-02-22 15:05,1775
2018-02-22 15:10,1607
2018-02-22 15:15,1609
2018-02-22 15:20,1592
2018-02-22 15:25,1594
2018-02-22 15:30,1614
2018-02-22 15:35,1618
2018-02-22 15:40,1627
2018-02-22 15:45,1643
2018-02-22 15:50,1662
2018-02-22 15:55,1671
2018-02-22 16:00,1687
2018-02-22 16:05,1691
2018-02-22 16:10,1701
2018-02-22 16:15,1741
2018-02-22 16:20,1865
2018-02-22 16:25,2028
2018-02-22 16:30,2156
2018-02-22 16:35,2296
2018-02-22 16:40,2388
2018-02-22 16:45,2505
2018-02-22 16:50,2587
2018-02-22 16:55,2689
2018-02-22 17:00,2797
2018-02-22 17:05,2865
2018-02-22 17:10,3011
2018-02-22 17:15,3094
2018-02-22 17:20,3201
2018-02-22 17:25,3289
2018-02-22 17:30,3391
2018-02-22 17:35,3475
2018-02-22 17:40,3498
2018-02-22 17:45,3521
2018-02-22 17:50,3552
2018-02-22 17:55,3604
2018-02-22 18:00,3609
2018-02-22 18:05,3654
2018-02-22 18:10,3671
2018-02-22 18:15,3699
2018-02-22 18:20,3700
2018-02-22 18:25,3720
2018-02-22 18:30,3725
2018-02-22 18:35,3736
2018-02-22 18:40,3712
2018-02-22 18:45,3709
2018-02-22 18:50,3694
2018-02-22 18:55,3698
2018-02-22 19:00,3720
2018-02-22 19:05,3697
2018-02-22 19:10,3705
2018-02-22 19:15,3715
2018-02-22 19:20,3685
2018-02-22 19:25,3698
2018-02-22 19:30,3721
2018-02-22 19:35,3734
2018-02-22 19:40,3738
2018-02-22 19:45,3757
2018-02-22 19:50,3734
2018-02-22 19:55,3735
2018-02-22 20:00,3678
2018-02-22 20:05,3658
2018-02-22 20:10,3666
2018-02-22 20:15,3623
2018-02-22 20:20,3622
2018-02-22 20:25,3590
2018-02-22 20:30,3593
2018-02-22 20:35,3597
2018-02-22 20:40,3568
2018-02-22 20:45,3560
2018-02-22 20:50,3531
2018-02-22 20:55,3504
2018-02-22 21:00,3484
2018-02-22 21:05,3449
2018-02-22 21:10,3429
2018-02-22 21:15,3393
2018-02-22 21:20,3356
2018-02-22 21:25,3328
2018-02-22 21:30,3301
2018-02-22 21:35,3274
2018-02-22 21:40,3229
2018-02-22 21:45,3219
2018-02-22 21:50,3197
2018-02-22 21:55,3165
2018-02-22 22:00,3147
2018-02-22 22:05,3083
2018-02-22 22:10,3060
2018-02-22 22:15,3006
2018-02-22 22:20,3007
2018-02-22 22:25,2972
2018-02-22 22:30,2926
2018-02-22 22:35,2874
2018-02-22 22:40,2853
2018-02-22 22:45,2826
2018-02-22 22:50,2776
2018-02-22 22:55,2772
2018-02-22 23:00,2736
2018-02-22 23:05,2673
2018-02-22 23:10,2693
2018-02-22 23:15,2675
2018-02-22 23:20,2629
2018-02-22 23:25,2620
2018-02-22 23:30,2569
2018-02-22 23:35,2546
2018-02-22 23:40,2513
2018-02-22 23:45,2498
2018-02-22 23:50,2477
2018-02-22 23:55,2476
2018-02-23 00:00,2474
2018-02-23 00:05,2470
2018-02-23 00:10,2450
2018-02-23 00:15,2464
2018-02-23 00:20,2467
2018-02-23 00:25,2433
2018-02-23 00:30,2420
2018-02-23 00:35,2398
2018-02-23 00:40,2379
2018-02-23 00:45,2382
2018-02-23 00:50,2351
2018-02-23 00:55,2373
2018-02-23 01:00,2354
2018-02-23 01:05,2328
2018-02-23 01:10,2266
2018-02-23 01:15,2270
2018-02-23 01:20,2251
2018-02-23 01:25,2248
2018-02-23 01:30,2234
2018-02-23 01:35,2238
2018-02-23 01:40,2236
2018-02-23 01:45,2227
2018-02-23 01:50,2212
2018-02-23 01:55,2199
2018-02-23 02:00,2189
2018-02-23 02:05,2188
2018-02-23 02:10,2165
2018-02-23 02:15,2161
2018-02-23 02:20,2164
2018-02-23 02:25,2138
2018-02-23 02:30,2151
2018-02-23 02:35,2136
2018-02-23 02:40,2142
2018-02-23 02:45,2139
2018-02-23 02:50,2149
2018-02-23 02:55,2132
2018-02-23 03:00,2125
2018-02-23 03:05,2104
2018-02-23 03:10,2105
2018-02-23 03:15,2095
2018-02-23 03:20,2084
2018-02-23 03:25,2086
2018-02-23 03:30,2089
2018-02-23 03:35,2070
2018-02-23 03:40,2065
2018-02-23 03:45,2057
2018-02-23 03:50,2054
2018-02-23 03:55,2032
2018-02-23 04:00,2026
2018-02-23 04:05,2009
2018-02-23 04:10,1996
2018-02-23 04:15,1952
2018-02-23 04:20,1914
2018-02-23 04:25,1889
2018-02-23 04:30,1860
2018-02-23 04:35,1825
2018-02-23 04:40,1812
2018-02-23 04:45,1788
2018-02-23 04:50,1793
2018-02-23 04:55,1764
2018-02-23 05:00,1753
2018-02-23 05:05,1734
2018-02-23 05:10,1782
2018-02-23 05:15,1775
2018-02-23 05:20,1767
2018-02-23 05:25,1767
2018-02-23 05:30,1753
2018-02-23 05:35,1742
2018-02-23 05:40,1742
2018-02-23 05:45,1739
2018-02-23 05:50,1735
2018-02-23 05:55,1756
2018-02-23 06:00,1747
2018-02-23 06:05,1744
2018-02-23 06:10,1748
2018-02-23 06:15,1764
2018-02-23 06:20,1750
2018-02-23 06:25,1731
2018-02-23 06:30,1733
2018-02-23 06:35,1734
2018-02-23 06:40,1735
2018-02-23 06:45,1753
2018-02-23 06:50,1764
2018-02-23 06:55,1769
2018-02-23 07:00,1781
2018-02-23 07:05,1763
2018-02-23 07:10,1783
2018-02-23 07:15,1787
2018-02-23 07:20,1773
2018-02-23 07:25,1788
2018-02-23 07:30,1797
2018-02-23 07:35,1788
2018-02-23 07:40,1813
2018-02-23 07:45,1802
2018-02-23 07:50,1791
2018-02-23 07:55,1796
2018-02-23 08:00,1797
2018-02-23 08:05,1814
2018-02-23 08:10,1827
2018-02-23 08:15,1843
2018-02-23 08:20,1863
2018-02-23 08:25,1875
2018-02-23 08:30,1889
2018-02-23 08:35,1905
2018-02-23 08:40,1917
2018-02-23 08:45,1950
2018-02-23 08:50,1968
2018-02-23 08:55,1972
2018-02-23 09:00,1993
2018-02-23 09:05,1995
2018-02-23 09:10,2034
2018-02-23 09:15,2053
2018-02-23 09:20,2044
2018-02-23 09:25,2056
2018-02-23 09:30,2092
2018-02-23 09:35,2119
2018-02-23 09:40,2128
2018-02-23 09:45,2126
2018-02-23 09:50,2149
2018-02-23 09:55,2169
2018-02-23 10:00,2160
2018-02-23 10:05,2183
2018-02-23 10:10,2238
2018-02-23 10:15,2278
2018-02-23 10:20,2280
2018-02-23 10:25,2312
2018-02-23 10:30,2322
2018-02-23 10:35,2357
2018-02-23 10:40,2358
2018-02-23 10:45,2374
2018-02-23 10:50,2386
2018-02-23 10:55,2383
2018-02-23 11:00,2365
2018-02-23 11:05,2336
2018-02-23 11:10,2374
2018-02-23 11:15,2384
2018-02-23 11:20,2403
2018-02-23 11:25,2408
2018-02-23 11:30,2388
2018-02-23 11:35,2385
2018-02-23 11:40,2395
2018-02-23 11:45,2404
2018-02-23 11:50,2420
2018-02-23 11:55,2424
2018-02-23 12:00,2460
2018-02-23 12:05,2461
2018-02-23 12:10,2461
2018-02-23 12:15,2469
2018-02-23 12:20,2486
2018-02-23 12:25,2491
2018-02-23 12:30,2503
2018-02-23 12:35,2509
2018-02-23 12:40,2523
2018-02-23 12:45,2550
2018-02-23 12:50,2556
2018-02-23 12:55,2596
2018-02-23 13:00,2599
2018-02-23 13:05,2579
2018-02-23 13:10,2614
2018-02-23 13:15,2619
2018-02-23 13:20,2648
2018-02-23 13:25,2661
2018-02-23 13:30,2711
2018-02-23 13:35,2716
2018-02-23 13:40,2747
2018-02-23 13:45,2775
2018-02-23 13:50,2815
2018-02-23 13:55,2862
2018-02-23 14:00,2862
2018-02-23 14:05,2893
2018-02-23 14:10,2892
2018-02-23 14:15,2885
2018-02-23 14:20,2927
2018-02-23 14:25,2931
2018-02-23 14:30,2966
2018-02-23 14:35,2960
2018-02-23 14:40,2982
2018-02-23 14:45,2999
2018-02-23 14:50,3034
2018-02-23 14:55,3032
2018-02-23 15:00,3032
2018-02-23 15:05,3030
2018-02-23 15:10,3079
2018-02-23 15:15,3095
2018-02-23 15:20,3104
2018-02-23 15:25,3125
2018-02-23 15:30,3147
2018-02-23 15:35,3163
2018-02-23 15:40,3202
2018-02-23 15:45,3238
2018-02-23 15:50,3232
2018-02-23 15:55,3218
2018-02-23 16:00,3237
2018-02-23 16:05,0
2018-02-23 16:10,3265
2018-02-23 16:15,3262
2018-02-23 16:20,3291
2018-02-23 16:25,3303
2018-02-23 16:30,3345
2018-02-23 16:35,3340
2018-02-23 16:40,3339
2018-02-23 16:45,3374
2018-02-23 16:50,3382
2018-02-23 16:55,3393
2018-02-23 17:00,3389
2018-02-23 17:05,3358
2018-02-23 17:10,3377
2018-02-23 17:15,3393
2018-02-23 17:20,3402
2018-02-23 17:25,3416
2018-02-23 17:30,3439
2018-02-23 17:35,3479
2018-02-23 17:40,3501
2018-02-23 17:45,3493
2018-02-23 17:50,3510
2018-02-23 17:55,0
2018-02-23 18:00,3528
2018-02-23 18:05,3526
2018-02-23 18:10,3531
2018-02-23 18:15,3547
2018-02-23 18:20,3562
2018-02-23 18:25,3576
2018-02-23 18:30,3598
2018-02-23 18:35,3602
2018-02-23 18:40,3592
2018-02-23 18:45,3585
2018-02-23 18:50,3588
2018-02-23 18:55,3543
2018-02-23 19:00,3553
2018-02-23 19:05,3528
2018-02-23 19:10,3514
2018-02-23 19:15,3530
2018-02-23 19:20,3550
2018-02-23 19:25,3550
2018-02-23 19:30,3560
2018-02-23 19:35,3547
2018-02-23 19:40,3562
2018-02-23 19:45,0
2018-02-23 19:50,3564
2018-02-23 19:55,3565
2018-02-23 20:00,3578
2018-02-23 20:05,3595
2018-02-23 20:10,3582
2018-02-23 20:15,3593
2018-02-23 20:20,3596
2018-02-23 20:25,3591
2018-02-23 20:30,3566
2018-02-23 20:35,3582
2018-02-23 20:40,3565
2018-02-23 20:45,3572
2018-02-23 20:50,3567
2018-02-23 20:55,3561
2018-02-23 21:00,3548
2018-02-23 21:05,3515
2018-02-23 21:10,3494
2018-02-23 21:15,3452
2018-02-23 21:20,3475
2018-02-23 21:25,3510
2018-02-23 21:30,3489
2018-02-23 21:35,3441
2018-02-23 21:40,3420
2018-02-23 21:45,3389
2018-02-23 21:50,3368
2018-02-23 21:55,3424
2018-02-23 22:00,3389
2018-02-23 22:05,3352
2018-02-23 22:10,3335
2018-02-23 22:15,3313
2018-02-23 22:20,3307
2018-02-23 22:25,3262
2018-02-23 22:30,3262
2018-02-23 22:35,3258
2018-02-23 22:40,3223
2018-02-23 22:45,3168
2018-02-23 22:50,3112
2018-02-23 22:55,3108
2018-02-23 23:00,3086
2018-02-23 23:05,3022
2018-02-23 23:10,2991
2018-02-23 23:15,2952
2018-02-23 23:20,2922
2018-02-23 23:25,2887
2018-02-23 23:30,2875
2018-02-23 23:35,2864
2018-02-23 23:40,2831
2018-02-23 23:45,2793
2018-02-23 23:50,2776
2018-02-23 23:55,2773
2018-02-24 00:00,2761
2018-02-24 00:05,2733
2018-02-24 00:10,2706
2018-02-24 00:15,2643
2018-02-24 00:20,2628
2018-02-24 00:25,2615
2018-02-24 00:30,2593
2018-02-24 00:35,2567
2018-02-24 00:40,2543
2018-02-24 00:45,2551
2018-02-24 00:50,2536
2018-02-24 00:55,2537
2018-02-24 01:00,2510
2018-02-24 01:05,2484
2018-02-24 01:10,2515
2018-02-24 01:15,2507
2018-02-24 01:20,2474
2018-02-24 01:25,2452
2018-02-24 01:30,2450
2018-02-24 01:35,2427
2018-02-24 01:40,2416
2018-02-24 01:45,2418
2018-02-24 01:50,2402
2018-02-24 01:55,2398
2018-02-24 02:00,2372
2018-02-24 02:05,2353
2018-02-24 02:10,2340
2018-02-24 02:15,2330
2018-02-24 02:20,2351
2018-02-24 02:25,2335
2018-02-24 02:30,2329
2018-02-24 02:35,2343
2018-02-24 02:40,2358
2018-02-24 02:45,2326
2018-02-24 02:50,2346
2018-02-24 02:55,2345
2018-02-24 03:00,2327
2018-02-24 03:05,2332
2018-02-24 03:10,2343
2018-02-24 03:15,2308
2018-02-24 03:20,2295
2018-02-24 03:25,2280
2018-02-24 03:30,2266
2018-02-24 03:35,2257
2018-02-24 03:40,2263
2018-02-24 03:45,2238
2018-02-24 03:50,2217
2018-02-24 03:55,2192
2018-02-24 04:00,2187
2018-02-24 04:05,2181
2018-02-24 04:10,2162
2018-02-24 04:15,2163
2018-02-24 04:20,2125
2018-02-24 04:25,2093
2018-02-24 04:30,2093
2018-02-24 04:35,2089
2018-02-24 04:40,2066
2018-02-24 04:45,2057
2018-02-24 04:50,2073
2018-02-24 04:55,2063
2018-02-24 05:00,2029
2018-02-24 05:05,1987
2018-02-24 05:10,1996
2018-02-24 05:15,1970
2018-02-24 05:20,1967
2018-02-24 05:25,1982
2018-02-24 05:30,1985
2018-02-24 05:35,1979
2018-02-24 05:40,1961
2018-02-24 05:45,1953
2018-02-24 05:50,1945
2018-02-24 05:55,1948
2018-02-24 06:00,1948
2018-02-24 06:05,1958
2018-02-24 06:10,1949
2018-02-24 06:15,1964
2018-02-24 06:20,1978
2018-02-24 06:25,1991
2018-02-24 06:30,1992
2018-02-24 06:35,1985
2018-02-24 06:40,2003
2018-02-24 06:45,1998
2018-02-24 06:50,1989
2018-02-24 06:55,2016
2018-02-24 07:00,2019
2018-02-24 07:05,1999
2018-02-24 07:10,2028
2018-02-24 07:15,2037
2018-02-24 07:20,2046
2018-02-24 07:25,2082
2018-02-24 07:30,2090
2018-02-24 07:35,2113
2018-02-24 07:40,2133
2018-02-24 07:45,2134
2018-02-24 07:50,2177
2018-02-24 07:55,2207
2018-02-24 08:00,2228
2018-02-24 08:05,2228
2018-02-24 08:10,2246
2018-02-24 08:15,2243
2018-02-24 08:20,2260
2018-02-24 08:25,2288
2018-02-24 08:30,2316
2018-02-24 08:35,2312
2018-02-24 08:40,2337
2018-02-24 08:45,2334
2018-02-24 08:50,2344
2018-02-24 08:55,2373
2018-02-24 09:00,2403
2018-02-24 09:05,2421
2018-02-24 09:10,2457
2018-02-24 09:15,2483
2018-02-24 09:20,2520
2018-02-24 09:25,2557
2018-02-24 09:30,2594
2018-02-24 09:35,2630
2018-02-24 09:40,2670
2018-02-24 09:45,2700
2018-02-24 09:50,2732
2018-02-24 09:55,2742
2018-02-24 10:00,2792
2018-02-24 10:05,2834
2018-02-24 10:10,2868
2018-02-24 10:15,2906
2018-02-24 10:20,2925
2018-02-24 10:25,2942
2018-02-24 10:30,2937
2018-02-24 10:35,2949
2018-02-24 10:40,2982
2018-02-24 10:45,3021
2018-02-24 10:50,3034
2018-02-24 10:55,3056
2018-02-24 11:00,3053
2018-02-24 11:05,3040
2018-02-24 11:10,3093
2018-02-24 11:15,3104
2018-02-24 11:20,3124
2018-02-24 11:25,3136
2018-02-24 11:30,3162
2018-02-24 11:35,3175
2018-02-24 11:40,3209
2018-02-24 11:45,3233
2018-02-24 11:50,3246
2018-02-24 11:55,3261
2018-02-24 12:00,3234
2018-02-24 12:05,3214
2018-02-24 12:10,3222
2018-02-24 12:15,3275
2018-02-24 12:20,3289
2018-02-24 12:25,3297
2018-02-24 12:30,3321
2018-02-24 12:35,3354
2018-02-24 12:40,3374
2018-02-24 12:45,3421
2018-02-24 12:50,3458
2018-02-24 12:55,3490
2018-02-24 13:00,3541
2018-02-24 13:05,3566
2018-02-24 13:10,3599
2018-02-24 13:15,3608
2018-02-24 13:20,3609
2018-02-24 13:25,3619
2018-02-24 13:30,3630
2018-02-24 13:35,3698
2018-02-24 13:40,3715
2018-02-24 13:45,3717
2018-02-24 13:50,3722
2018-02-24 13:55,3738
2018-02-24 14:00,3785
2018-02-24 14:05,3818
2018-02-24 14:10,3822
2018-02-24 14:15,3816
2018-02-24 14:20,3862
2018-02-24 14:25,3889
2018-02-24 14:30,3899
2018-02-24 14:35,3910
2018-02-24 14:40,3919
2018-02-24 14:45,3934
2018-02-24 14:50,0
2018-02-24 14:55,3943
2018-02-24 15:00,3982
2018-02-24 15:05,4014
2018-02-24 15:10,4046
2018-02-24 15:15,4066
2018-02-24 15:20,4065
2018-02-24 15:25,4087
2018-02-24 15:30,4130
2018-02-24 15:35,4127
2018-02-24 15:40,4165
2018-02-24 15:45,4152
2018-02-24 15:50,4189
2018-02-24 15:55,4174
2018-02-24 16:00,4208
2018-02-24 16:05,4208
2018-02-24 16:10,4196
2018-02-24 16:15,4206
2018-02-24 16:20,4224
2018-02-24 16:25,4221
2018-02-24 16:30,4257
2018-02-24 16:35,4264
2018-02-24 16:40,4277
2018-02-24 16:45,4291
2018-02-24 16:50,4304
2018-02-24 16:55,4300
2018-02-24 17:00,4313
2018-02-24 17:05,4343
2018-02-24 17:10,4331
2018-02-24 17:15,4334
2018-02-24 17:20,4321
2018-02-24 17:25,4300
2018-02-24 17:30,4319
2018-02-24 17:35,4320
2018-02-24 17:40,4356
2018-02-24 17:45,4372
2018-02-24 17:50,4412
2018-02-24 17:55,4419
2018-02-24 18:00,4446
2018-02-24 18:05,4477
2018-02-24 18:10,4487
2018-02-24 18:15,4468
2018-02-24 18:20,4466
2018-02-24 18:25,4442
2018-02-24 18:30,4461
2018-02-24 18:35,4457
2018-02-24 18:40,4479
2018-02-24 18:45,4476
2018-02-24 18:50,4496
2018-02-24 18:55,4491
2018-02-24 19:00,4509
2018-02-24 19:05,4512
2018-02-24 19:10,4489
2018-02-24 19:15,4502
2018-02-24 19:20,4460
2018-02-24 19:25,4474
2018-02-24 19:30,4493
2018-02-24 19:35,4469
2018-02-24 19:40,4481
2018-02-24 19:45,4487
2018-02-24 19:50,4487
2018-02-24 19:55,4445
2018-02-24 20:00,4445
2018-02-24 20:05,4424
2018-02-24 20:10,4422
2018-02-24 20:15,4384
2018-02-24 20:20,4376
2018-02-24 20:25,4372
2018-02-24 20:30,4381
2018-02-24 20:35,4373
2018-02-24 20:40,4363
2018-02-24 20:45,4370
2018-02-24 20:50,4342
2018-02-24 20:55,4329
2018-02-24 21:00,4324
2018-02-24 21:05,4326
2018-02-24 21:10,4317
2018-02-24 21:15,4285
2018-02-24 21:20,4262
2018-02-24 21:25,4237
2018-02-24 21:30,4203
2018-02-24 21:35,4158
2018-02-24 21:40,4125
2018-02-24 21:45,4094
2018-02-24 21:50,3995
2018-02-24 21:55,4041
2018-02-24 22:00,4032
2018-02-24 22:05,4027
2018-02-24 22:10,4005
2018-02-24 22:15,4001
2018-02-24 22:20,3967
2018-02-24 22:25,3931
2018-02-24 22:30,3925
2018-02-24 22:35,3933
2018-02-24 22:40,3909
2018-02-24 22:45,3869
2018-02-24 22:50,3802
2018-02-24 22:55,3767
2018-02-24 23:00,3724
2018-02-24 23:05,3672
2018-02-24 23:10,3642
2018-02-24 23:15,3625
2018-02-24 23:20,3581
2018-02-24 23:25,3532
2018-02-24 23:30,3497
2018-02-24 23:35,3478
2018-02-24 23:40,3456
2018-02-24 23:45,3425
2018-02-24 23:50,3376
2018-02-24 23:55,3342
2018-02-25 00:00,3290
2018-02-25 00:05,3249
2018-02-25 00:10,3199
2018-02-25 00:15,3165
2018-02-25 00:20,3120
2018-02-25 00:25,3096
2018-02-25 00:30,3057
2018-02-25 00:35,3047
2018-02-25 00:40,3021
2018-02-25 00:45,3013
2018-02-25 00:50,2985
2018-02-25 00:55,2967
2018-02-25 01:00,2960
2018-02-25 01:05,2949
2018-02-25 01:10,2925
2018-02-25 01:15,2916
2018-02-25 01:20,2887
2018-02-25 01:25,2883
2018-02-25 01:30,2864
2018-02-25 01:35,2849
2018-02-25 01:40,2857
2018-02-25 01:45,2855
2018-02-25 01:50,2832
2018-02-25 01:55,2816
2018-02-25 02:00,2801
2018-02-25 02:05,2800
2018-02-25 02:10,2791
2018-02-25 02:15,2776
2018-02-25 02:20,2747
2018-02-25 02:25,2746
2018-02-25 02:30,2743
2018-02-25 02:35,2759
2018-02-25 02:40,2740
2018-02-25 02:45,2718
2018-02-25 02:50,2702
2018-02-25 02:55,2707
2018-02-25 03:00,2709
2018-02-25 03:05,2707
2018-02-25 03:10,2693
2018-02-25 03:15,2684
2018-02-25 03:20,2674
2018-02-25 03:25,2662
2018-02-25 03:30,2656
2018-02-25 03:35,2629
2018-02-25 03:40,2596
2018-02-25 03:45,2580
2018-02-25 03:50,2570
2018-02-25 03:55,2552
2018-02-25 04:00,2515
2018-02-25 04:05,2512
2018-02-25 04:10,2484
2018-02-25 04:15,2471
2018-02-25 04:20,2433
2018-02-25 04:25,2430
2018-02-25 04:30,2376
2018-02-25 04:35,2355
2018-02-25 04:40,2363
2018-02-25 04:45,2375
2018-02-25 04:50,2363
2018-02-25 04:55,2363
2018-02-25 05:00,2346
2018-02-25 05:05,2369
2018-02-25 05:10,2341
2018-02-25 05:15,2329
2018-02-25 05:20,2323
2018-02-25 05:25,2326
2018-02-25 05:30,2320
2018-02-25 05:35,2322
2018-02-25 05:40,2306
2018-02-25 05:45,2322
2018-02-25 05:50,2337
2018-02-25 05:55,2326
2018-02-25 06:00,2314
2018-02-25 06:05,2304
2018-02-25 06:10,2308
2018-02-25 06:15,2296
2018-02-25 06:20,2295
2018-02-25 06:25,2314
2018-02-25 06:30,2328
2018-02-25 06:35,2308
2018-02-25 06:40,2321
2018-02-25 06:45,2336
2018-02-25 06:50,2338
2018-02-25 06:55,2306
2018-02-25 07:00,2320
2018-02-25 07:05,2301
2018-02-25 07:10,2311
2018-02-25 07:15,2310
2018-02-25 07:20,2317
2018-02-25 07:25,2327
2018-02-25 07:30,2340
2018-02-25 07:35,2345
2018-02-25 07:40,2381
2018-02-25 07:45,2407
2018-02-25 07:50,2417
2018-02-25 07:55,2420
2018-02-25 08:00,2461
2018-02-25 08:05,2487
2018-02-25 08:10,2497
2018-02-25 08:15,2544
2018-02-25 08:20,2566
2018-02-25 08:25,2604
2018-02-25 08:30,2627
2018-02-25 08:35,2640
2018-02-25 08:40,2643
2018-02-25 08:45,2676
2018-02-25 08:50,2694
2018-02-25 08:55,2699
2018-02-25 09:00,2735
2018-02-25 09:05,2785
2018-02-25 09:10,2818
2018-02-25 09:15,2826
2018-02-25 09:20,2885
2018-02-25 09:25,2920
2018-02-25 09:30,2947
2018-02-25 09:35,2975
2018-02-25 09:40,2964
2018-02-25 09:45,2992
2018-02-25 09:50,3015
2018-02-25 09:55,3067
2018-02-25 10:00,3107
2018-02-25 10:05,3175
2018-02-25 10:10,3205
2018-02-25 10:15,3225
2018-02-25 10:20,3251
2018-02-25 10:25,3289
2018-02-25 10:30,3313
2018-02-25 10:35,3320
2018-02-25 10:40,3347
2018-02-25 10:45,3382
2018-02-25 10:50,3414
2018-02-25 10:55,3442
2018-02-25 11:00,3442
2018-02-25 11:05,3482
2018-02-25 11:10,3490
2018-02-25 11:15,3500
2018-02-25 11:20,3516
2018-02-25 11:25,3542
2018-02-25 11:30,3578
2018-02-25 11:35,3600
2018-02-25 11:40,3634
2018-02-25 11:45,3639
2018-02-25 11:50,3669
2018-02-25 11:55,3672
2018-02-25 12:00,3708
2018-02-25 12:05,3725
2018-02-25 12:10,3739
2018-02-25 12:15,3764
2018-02-25 12:20,3769
2018-02-25 12:25,3791
2018-02-25 12:30,3824
2018-02-25 12:35,3856
2018-02-25 12:40,3848
2018-02-25 12:45,3840
2018-02-25 12:50,0
2018-02-25 12:55,3880
2018-02-25 13:00,3886
2018-02-25 13:05,3916
2018-02-25 13:10,3910
2018-02-25 13:15,3909
2018-02-25 13:20,3922
2018-02-25 13:25,3925
2018-02-25 13:30,3954
2018-02-25 13:35,3981
2018-02-25 13:40,3996
2018-02-25 13:45,4012
2018-02-25 13:50,4043
2018-02-25 13:55,4074
2018-02-25 14:00,4048
2018-02-25 14:05,4084
2018-02-25 14:10,4111
2018-02-25 14:15,4130
2018-02-25 14:20,4147
2018-02-25 14:25,4153
2018-02-25 14:30,4166
2018-02-25 14:35,4181
2018-02-25 14:40,4188
2018-02-25 14:45,4218
2018-02-25 14:50,4250
2018-02-25 14:55,4278
2018-02-25 15:00,4302
2018-02-25 15:05,4320
2018-02-25 15:10,4345
2018-02-25 15:15,4378
2018-02-25 15:20,4410
2018-02-25 15:25,4420
2018-02-25 15:30,4430
2018-02-25 15:35,4425
2018-02-25 15:40,4456
2018-02-25 15:45,4480
2018-02-25 15:50,4475
2018-02-25 15:55,4486
2018-02-25 16:00,4484
2018-02-25 16:05,4493
2018-02-25 16:10,4475
2018-02-25 16:15,4503
2018-02-25 16:20,4518
2018-02-25 16:25,4538
2018-02-25 16:30,4533
2018-02-25 16:35,4530
2018-02-25 16:40,4538
2018-02-25 16:45,4573
2018-02-25 16:50,4556
2018-02-25 16:55,4575
2018-02-25 17:00,4553
2018-02-25 17:05,4563
2018-02-25 17:10,4584
2018-02-25 17:15,4605
2018-02-25 17:20,4580
2018-02-25 17:25,4574
2018-02-25 17:30,4600
2018-02-25 17:35,4534
2018-02-25 17:40,4553
2018-02-25 17:45,4595
2018-02-25 17:50,4609
2018-02-25 17:55,4620
2018-02-25 18:00,4607
2018-02-25 18:05,4605
2018-02-25 18:10,4588
2018-02-25 18:15,4586
2018-02-25 18:20,4585
2018-02-25 18:25,4608
2018-02-25 18:30,4659
2018-02-25 18:35,4691
2018-02-25 18:40,4679
2018-02-25 18:45,4673
2018-02-25 18:50,4659
2018-02-25 18:55,4650
2018-02-25 19:00,4649
2018-02-25 19:05,4635
2018-02-25 19:10,4597
2018-02-25 19:15,4570
2018-02-25 19:20,4556
2018-02-25 19:25,4557
2018-02-25 19:30,4526
2018-02-25 19:35,4516
2018-02-25 19:40,4502
2018-02-25 19:45,4517
2018-02-25 19:50,4503
2018-02-25 19:55,4494
2018-02-25 20:00,4484
2018-02-25 20:05,4454
2018-02-25 20:10,4456
2018-02-25 20:15,4461
2018-02-25 20:20,4394
2018-02-25 20:25,4373
2018-02-25 20:30,4351
2018-02-25 20:35,4300
2018-02-25 20:40,4277
2018-02-25 20:45,4256
2018-02-25 20:50,4241
2018-02-25 20:55,4213
2018-02-25 21:00,4196
2018-02-25 21:05,4185
2018-02-25 21:10,4133
2018-02-25 21:15,4131
2018-02-25 21:20,4088
2018-02-25 21:25,4053
2018-02-25 21:30,4032
2018-02-25 21:35,3969
2018-02-25 21:40,3972
2018-02-25 21:45,3931
2018-02-25 21:50,3889
2018-02-25 21:55,3847
2018-02-25 22:00,3777
2018-02-25 22:05,3698
2018-02-25 22:10,3661
2018-02-25 22:15,3624
2018-02-25 22:20,3578
2018-02-25 22:25,3559
2018-02-25 22:30,3537
2018-02-25 22:35,3487
2018-02-25 22:40,3445
2018-02-25 22:45,3439
2018-02-25 22:50,3393
2018-02-25 22:55,3357
2018-02-25 23:00,3320
2018-02-25 23:05,3311
2018-02-25 23:10,3272
2018-02-25 23:15,3232
2018-02-25 23:20,3192
2018-02-25 23:25,3140
2018-02-25 23:30,3121
2018-02-25 23:35,3111
2018-02-25 23:40,3086
2018-02-25 23:45,3047
2018-02-25 23:50,3028
2018-02-25 23:55,3008
2018-02-26 00:00,2993
2018-02-26 00:05,2974
2018-02-26 00:10,2960
2018-02-26 00:15,2963
2018-02-26 00:20,2947
2018-02-26 00:25,2898
2018-02-26 00:30,2861
2018-02-26 00:35,2858
2018-02-26 00:40,2850
2018-02-26 00:45,2827
2018-02-26 00:50,2806
2018-02-26 00:55,2773
2018-02-26 01:00,2749
2018-02-26 01:05,2753
2018-02-26 01:10,2726
2018-02-26 01:15,2693
2018-02-26 01:20,2681
2018-02-26 01:25,2673
2018-02-26 01:30,2690
2018-02-26 01:35,2674
2018-02-26 01:40,2649
2018-02-26 01:45,2621
2018-02-26 01:50,2598
2018-02-26 01:55,2573
2018-02-26 02:00,2562
2018-02-26 02:05,2522
2018-02-26 02:10,2493
2018-02-26 02:15,2498
2018-02-26 02:20,2483
2018-02-26 02:25,2487
2018-02-26 02:30,2472
2018-02-26 02:35,2431
2018-02-26 02:40,2422
2018-02-26 02:45,2426
2018-02-26 02:50,2393
2018-02-26 02:55,2391
2018-02-26 03:00,2356
2018-02-26 03:05,2353
2018-02-26 03:10,2362
2018-02-26 03:15,2361
2018-02-26 03:20,2346
2018-02-26 03:25,2325
2018-02-26 03:30,2305
2018-02-26 03:35,2271
2018-02-26 03:40,2245
2018-02-26 03:45,2241
2018-02-26 03:50,2236
2018-02-26 03:55,2195
2018-02-26 04:00,2155
2018-02-26 04:05,2092
2018-02-26 04:10,2085
2018-02-26 04:15,2054
2018-02-26 04:20,2039
2018-02-26 04:25,2028
2018-02-26 04:30,1994
2018-02-26 04:35,1994
2018-02-26 04:40,1979
2018-02-26 04:45,1961
2018-02-26 04:50,1956
2018-02-26 04:55,1925
2018-02-26 05:00,1919
2018-02-26 05:05,1879
2018-02-26 05:10,1858
2018-02-26 05:15,1851
2018-02-26 05:20,1833
2018-02-26 05:25,1822
2018-02-26 05:30,1840
2018-02-26 05:35,1821
2018-02-26 05:40,1821
2018-02-26 05:45,1795
2018-02-26 05:50,1804
2018-02-26 05:55,1795
2018-02-26 06:00,1789
2018-02-26 06:05,1765
2018-02-26 06:10,1754
2018-02-26 06:15,1732
2018-02-26 06:20,1728
2018-02-26 06:25,1709
2018-02-26 06:30,1710
2018-02-26 06:35,1692
2018-02-26 06:40,1683
2018-02-26 06:45,1671
2018-02-26 06:50,1660
2018-02-26 06:55,1637
2018-02-26 07:00,1638
2018-02-26 07:05,1639
2018-02-26 07:10,1632
2018-02-26 07:15,1620
2018-02-26 07:20,1630
2018-02-26 07:25,1636
2018-02-26 07:30,1631
2018-02-26 07:35,1632
2018-02-26 07:40,1664
2018-02-26 07:45,1684
2018-02-26 07:50,1659
2018-02-26 07:55,1646
2018-02-26 08:00,1674
2018-02-26 08:05,1676
2018-02-26 08:10,1705
2018-02-26 08:15,1709
2018-02-26 08:20,1711
2018-02-26 08:25,1734
2018-02-26 08:30,1754
2018-02-26 08:35,1755
2018-02-26 08:40,1757
2018-02-26 08:45,1765
2018-02-26 08:50,1772
2018-02-26 08:55,1801
2018-02-26 09:00,1816
2018-02-26 09:05,1813
2018-02-26 09:10,1832
2018-02-26 09:15,1841
2018-02-26 09:20,1865
2018-02-26 09:25,1925
2018-02-26 09:30,1920
2018-02-26 09:35,1932
2018-02-26 09:40,1942
2018-02-26 09:45,1956
2018-02-26 09:50,1973
2018-02-26 09:55,2016
2018-02-26 10:00,2048
2018-02-26 10:05,2098
2018-02-26 10:10,2119
2018-02-26 10:15,2107
2018-02-26 10:20,2131
2018-02-26 10:25,2152
2018-02-26 10:30,2199
2018-02-26 10:35,2227
2018-02-26 10:40,2243
2018-02-26 10:45,2263
2018-02-26 10:50,2287
2018-02-26 10:55,2320
2018-02-26 11:00,2348
2018-02-26 11:05,2388
2018-02-26 11:10,2407
2018-02-26 11:15,2450
2018-02-26 11:20,2448
2018-02-26 11:25,2466
2018-02-26 11:30,2475
2018-02-26 11:35,2482
2018-02-26 11:40,2509
2018-02-26 11:45,2529
2018-02-26 11:50,2528
2018-02-26 11:55,2537
2018-02-26 12:00,2559
2018-02-26 12:05,2554
2018-02-26 12:10,2566
2018-02-26 12:15,2575
2018-02-26 12:20,2584
2018-02-26 12:25,2579
2018-02-26 12:30,2611
2018-02-26 12:35,2624
2018-02-26 12:40,2630
2018-02-26 12:45,2654
2018-02-26 12:50,2670
2018-02-26 12:55,2678
2018-02-26 13:00,2684
2018-02-26 13:05,2699
2018-02-26 13:10,2724
2018-02-26 13:15,2745
2018-02-26 13:20,2748
2018-02-26 13:25,2800
2018-02-26 13:30,2835
2018-02-26 13:35,2840
2018-02-26 13:40,2857
2018-02-26 13:45,2883
2018-02-26 13:50,2898
2018-02-26 13:55,2897
2018-02-26 14:00,2895
2018-02-26 14:05,2893
2018-02-26 14:10,2891
2018-02-26 14:15,2899
2018-02-26 14:20,2929
2018-02-26 14:25,2957
2018-02-26 14:30,2994
2018-02-26 14:35,2997
2018-02-26 14:40,3029
2018-02-26 14:45,3046
2018-02-26 14:50,3064
2018-02-26 14:55,3082
2018-02-26 15:00,3111
2018-02-26 15:05,3159
2018-02-26 15:10,3152
2018-02-26 15:15,3178
2018-02-26 15:20,3203
2018-02-26 15:25,3217
2018-02-26 15:30,3229
2018-02-26 15:35,3247
2018-02-26 15:40,3292
2018-02-26 15:45,3325
2018-02-26 15:50,3326
2018-02-26 15:55,3348
2018-02-26 16:00,3352
2018-02-26 16:05,3405
2018-02-26 16:10,3433
2018-02-26 16:15,3450
2018-02-26 16:20,3471
2018-02-26 16:25,3499
2018-02-26 16:30,3517
2018-02-26 16:35,3519
2018-02-26 16:40,3569
2018-02-26 16:45,3605
2018-02-26 16:50,3607
2018-02-26 16:55,3541
2018-02-26 17:00,3597
2018-02-26 17:05,3626
2018-02-26 17:10,3640
2018-02-26 17:15,3664
2018-02-26 17:20,3671
2018-02-26 17:25,3719
2018-02-26 17:30,3716
2018-02-26 17:35,3717
2018-02-26 17:40,3738
2018-02-26 17:45,3747
2018-02-26 17:50,3760
2018-02-26 17:55,3778
2018-02-26 18:00,3816
2018-02-26 18:05,0
2018-02-26 18:10,3819
2018-02-26 18:15,3862
2018-02-26 18:20,3840
2018-02-26 18:25,3836
2018-02-26 18:30,3855
2018-02-26 18:35,3874
2018-02-26 18:40,3906
2018-02-26 18:45,3920
2018-02-26 18:50,3904
2018-02-26 18:55,3905
2018-02-26 19:00,3886
2018-02-26 19:05,3898
2018-02-26 19:10,3878
2018-02-26 19:15,3868
2018-02-26 19:20,3904
2018-02-26 19:25,3891
2018-02-26 19:30,3885
2018-02-26 19:35,3889
2018-02-26 19:40,3914
2018-02-26 19:45,3912
2018-02-26 19:50,3916
2018-02-26 19:55,3884
2018-02-26 20:00,3829
2018-02-26 20:05,3806
2018-02-26 20:10,3779
2018-02-26 20:15,3758
2018-02-26 20:20,3755
2018-02-26 20:25,3746
2018-02-26 20:30,3683
2018-02-26 20:35,3659
2018-02-26 20:40,3655
2018-02-26 20:45,3643
2018-02-26 20:50,3608
2018-02-26 20:55,3586
2018-02-26 21:00,3614
2018-02-26 21:05,3582
2018-02-26 21:10,3538
2018-02-26 21:15,3477
2018-02-26 21:20,3475
2018-02-26 21:25,3431
2018-02-26 21:30,3393
2018-02-26 21:35,3413
2018-02-26 21:40,3378
2018-02-26 21:45,3334
2018-02-26 21:50,3302
2018-02-26 21:55,3292
2018-02-26 22:00,3253
2018-02-26 22:05,3251
2018-02-26 22:10,3205
2018-02-26 22:15,3172
2018-02-26 22:20,3142
2018-02-26 22:25,3087
2018-02-26 22:30,3070
2018-02-26 22:35,3038
2018-02-26 22:40,2986
2018-02-26 22:45,2957
2018-02-26 22:50,2897
2018-02-26 22:55,2884
2018-02-26 23:00,2899
2018-02-26 23:05,2834
2018-02-26 23:10,2784
2018-02-26 23:15,2722
2018-02-26 23:20,2704
2018-02-26 23:25,2667
2018-02-26 23:30,2646
2018-02-26 23:35,2630
2018-02-26 23:40,2612
2018-02-26 23:45,2594
2018-02-26 23:50,2575
2018-02-26 23:55,2561
2018-02-27 00:00,2539
2018-02-27 00:05,2530
2018-02-27 00:10,2489
2018-02-27 00:15,2483
2018-02-27 00:20,2430
2018-02-27 00:25,2437
2018-02-27 00:30,2428
2018-02-27 00:35,2424
2018-02-27 00:40,2410
2018-02-27 00:45,2416
2018-02-27 00:50,2418
2018-02-27 00:55,2413
2018-02-27 01:00,2406
2018-02-27 01:05,2382
2018-02-27 01:10,2378
2018-02-27 01:15,2378
2018-02-27 01:20,2374
2018-02-27 01:25,2370
2018-02-27 01:30,2361
2018-02-27 01:35,2348
2018-02-27 01:40,2336
2018-02-27 01:45,2332
2018-02-27 01:50,2319
2018-02-27 01:55,2290
2018-02-27 02:00,2281
2018-02-27 02:05,2259
2018-02-27 02:10,2267
2018-02-27 02:15,2258
2018-02-27 02:20,2233
2018-02-27 02:25,2211
2018-02-27 02:30,2210
2018-02-27 02:35,2189
2018-02-27 02:40,2164
2018-02-27 02:45,2165
2018-02-27 02:50,2177
2018-02-27 02:55,2175
2018-02-27 03:00,2182
2018-02-27 03:05,2140
2018-02-27 03:10,2143
2018-02-27 03:15,2136
2018-02-27 03:20,2116
2018-02-27 03:25,2092
2018-02-27 03:30,2087
2018-02-27 03:35,2059
2018-02-27 03:40,2033
2018-02-27 03:45,2030
2018-02-27 03:50,2022
2018-02-27 03:55,2015
2018-02-27 04:00,2005
2018-02-27 04:05,1993
2018-02-27 04:10,1947
2018-02-27 04:15,1930
2018-02-27 04:20,1912
2018-02-27 04:25,1876
2018-02-27 04:30,1885
2018-02-27 04:35,1867
2018-02-27 04:40,1838
2018-02-27 04:45,1826
2018-02-27 04:50,1811
2018-02-27 04:55,1796
2018-02-27 05:00,1798
2018-02-27 05:05,1788
2018-02-27 05:10,1774
2018-02-27 05:15,1750
2018-02-27 05:20,1753
2018-02-27 05:25,1736
2018-02-27 05:30,1739
2018-02-27 05:35,1742
2018-02-27 05:40,1713
2018-02-27 05:45,1708
2018-02-27 05:50,1692
2018-02-27 05:55,1697
2018-02-27 06:00,1704
2018-02-27 06:05,1705
2018-02-27 06:10,1671
2018-02-27 06:15,1661
2018-02-27 06:20,1657
2018-02-27 06:25,1647
2018-02-27 06:30,1651
2018-02-27 06:35,1641
2018-02-27 06:40,1658
2018-02-27 06:45,1663
2018-02-27 06:50,1658
2018-02-27 06:55,1677
2018-02-27 07:00,1683
2018-02-27 07:05,1684
2018-02-27 07:10,1698
2018-02-27 07:15,1679
2018-02-27 07:20,1680
2018-02-27 07:25,1692
2018-02-27 07:30,1699
2018-02-27 07:35,1718
2018-02-27 07:40,1687
2018-02-27 07:45,1684
2018-02-27 07:50,1672
2018-02-27 07:55,1671
2018-02-27 08:00,1678
2018-02-27 08:05,1690
2018-02-27 08:10,1695
2018-02-27 08:15,1689
2018-02-27 08:20,1708
2018-02-27 08:25,1711
2018-02-27 08:30,1715
2018-02-27 08:35,1724
2018-02-27 08:40,1740
2018-02-27 08:45,1729
2018-02-27 08:50,1742
2018-02-27 08:55,1766
2018-02-27 09:00,1778
2018-02-27 09:05,1789
2018-02-27 09:10,1802
2018-02-27 09:15,1836
2018-02-27 09:20,1835
2018-02-27 09:25,1854
2018-02-27 09:30,1869
2018-02-27 09:35,1903
2018-02-27 09:40,1899
2018-02-27 09:45,1914
2018-02-27 09:50,1931
2018-02-27 09:55,1958
2018-02-27 10:00,1968
2018-02-27 10:05,1996
2018-02-27 10:10,2023
2018-02-27 10:15,2043
2018-02-27 10:20,2078
2018-02-27 10:25,2123
2018-02-27 10:30,2135
2018-02-27 10:35,2143
2018-02-27 10:40,2170
2018-02-27 10:45,2191
2018-02-27 10:50,2208
2018-02-27 10:55,2236
2018-02-27 11:00,2241
2018-02-27 11:05,2257
2018-02-27 11:10,2276
2018-02-27 11:15,2281
2018-02-27 11:20,2324
2018-02-27 11:25,2332
2018-02-27 11:30,2351
2018-02-27 11:35,2367
2018-02-27 11:40,2372
2018-02-27 11:45,2393
2018-02-27 11:50,2382
2018-02-27 11:55,2417
2018-02-27 12:00,2442
2018-02-27 12:05,2433
2018-02-27 12:10,2447
2018-02-27 12:15,2457
2018-02-27 12:20,2479
2018-02-27 12:25,2513
2018-02-27 12:30,2521
2018-02-27 12:35,2535
2018-02-27 12:40,2548
2018-02-27 12:45,2572
2018-02-27 12:50,2592
2018-02-27 12:55,2593
2018-02-27 13:00,2655
2018-02-27 13:05,2653
2018-02-27 13:10,2694
2018-02-27 13:15,2716
2018-02-27 13:20,2736
2018-02-27 13:25,2765
2018-02-27 13:30,2783
2018-02-27 13:35,2794
2018-02-27 13:40,2815
2018-02-27 13:45,2810
2018-02-27 13:50,2820
2018-02-27 13:55,2843
2018-02-27 14:00,2844
2018-02-27 14:05,2862
2018-02-27 14:10,2881
2018-02-27 14:15,2905
2018-02-27 14:20,2919
2018-02-27 14:25,2927
2018-02-27 14:30,2949
2018-02-27 14:35,2940
2018-02-27 14:40,2930
2018-02-27 14:45,2930
2018-02-27 14:50,2916
2018-02-27 14:55,2842
2018-02-27 15:00,2747
2018-02-27 15:05,2465
2018-02-27 15:10,1947
2018-02-27 15:15,1912
2018-02-27 15:20,1904
2018-02-27 15:25,1864
2018-02-27 15:30,1874
2018-02-27 15:35,1887
2018-02-27 15:40,1889
2018-02-27 15:45,1908
2018-02-27 15:50,1927
2018-02-27 15:55,1921
2018-02-27 16:00,1946
2018-02-27 16:05,1968
2018-02-27 16:10,1969
2018-02-27 16:15,1978
2018-02-27 16:20,1991
2018-02-27 16:25,1965
2018-02-27 16:30,1967
2018-02-27 16:35,2018
2018-02-27 16:40,2063
2018-02-27 16:45,2110
2018-02-27 16:50,2137
2018-02-27 16:55,2188
2018-02-27 17:00,2221
2018-02-27 17:05,2232
2018-02-27 17:10,2280
2018-02-27 17:15,2312
2018-02-27 17:20,2337
2018-02-27 17:25,2344
2018-02-27 17:30,2367
2018-02-27 17:35,2391
2018-02-27 17:40,2420
2018-02-27 17:45,2438
2018-02-27 17:50,2432
2018-02-27 17:55,2438
2018-02-27 18:00,2495
2018-02-27 18:05,2520
2018-02-27 18:10,2546
2018-02-27 18:15,2572
2018-02-27 18:20,2566
2018-02-27 18:25,2563
2018-02-27 18:30,2578
2018-02-27 18:35,2602
2018-02-27 18:40,2625
2018-02-27 18:45,2676
2018-02-27 18:50,2697
2018-02-27 18:55,2965
2018-02-27 19:00,3179
2018-02-27 19:05,3375
2018-02-27 19:10,3602
2018-02-27 19:15,3796
2018-02-27 19:20,3930
2018-02-27 19:25,4051
2018-02-27 19:30,4097
2018-02-27 19:35,4167
2018-02-27 19:40,4215
2018-02-27 19:45,4280
2018-02-27 19:50,4296
2018-02-27 19:55,4329
2018-02-27 20:00,4343
2018-02-27 20:05,4361
2018-02-27 20:10,4371
2018-02-27 20:15,4368
2018-02-27 20:20,4360
2018-02-27 20:25,4340
2018-02-27 20:30,4356
2018-02-27 20:35,4324
2018-02-27 20:40,4291
2018-02-27 20:45,4261
2018-02-27 20:50,4270
2018-02-27 20:55,4238
2018-02-27 21:00,4246
2018-02-27 21:05,4223
2018-02-27 21:10,4190
2018-02-27 21:15,4173
2018-02-27 21:20,4155
2018-02-27 21:25,4117
2018-02-27 21:30,4069
2018-02-27 21:35,4013
2018-02-27 21:40,3973
2018-02-27 21:45,3926
2018-02-27 21:50,3906
2018-02-27 21:55,3855
2018-02-27 22:00,3833
2018-02-27 22:05,3794
2018-02-27 22:10,3752
2018-02-27 22:15,3720
2018-02-27 22:20,3713
2018-02-27 22:25,3660
2018-02-27 22:30,3643
2018-02-27 22:35,3602
2018-02-27 22:40,3564
2018-02-27 22:45,3540
2018-02-27 22:50,3482
2018-02-27 22:55,3476
2018-02-27 23:00,3452
2018-02-27 23:05,3409
2018-02-27 23:10,3398
2018-02-27 23:15,3358
2018-02-27 23:20,0
2018-02-27 23:25,2045
2018-02-27 23:30,3152
2018-02-27 23:35,3182
2018-02-27 23:40,3166
2018-02-27 23:45,3139
2018-02-27 23:50,3102
2018-02-27 23:55,3093
2018-02-28 00:00,3058
2018-02-28 00:05,3009
2018-02-28 00:10,3015
2018-02-28 00:15,3011
2018-02-28 00:20,2988
2018-02-28 00:25,2976
2018-02-28 00:30,2954
2018-02-28 00:35,2950
2018-02-28 00:40,2931
2018-02-28 00:45,2933
2018-02-28 00:50,2912
2018-02-28 00:55,2910
2018-02-28 01:00,2883
2018-02-28 01:05,2843
2018-02-28 01:10,2833
2018-02-28 01:15,2830
2018-02-28 01:20,2791
2018-02-28 01:25,2778
2018-02-28 01:30,2763
2018-02-28 01:35,2775
2018-02-28 01:40,2733
2018-02-28 01:45,2741
2018-02-28 01:50,2746
2018-02-28 01:55,2754
2018-02-28 02:00,2749
2018-02-28 02:05,2747
2018-02-28 02:10,2718
2018-02-28 02:15,2698
2018-02-28 02:20,2701
2018-02-28 02:25,2699
2018-02-28 02:30,2716
2018-02-28 02:35,2699
2018-02-28 02:40,2687
2018-02-28 02:45,2680
2018-02-28 02:50,2686
2018-02-28 02:55,2689
2018-02-28 03:00,2630
2018-02-28 03:05,2598
2018-02-28 03:10,2571
2018-02-28 03:15,2558
2018-02-28 03:20,2527
2018-02-28 03:25,2521
2018-02-28 03:30,2478
2018-02-28 03:35,2449
2018-02-28 03:40,2431
2018-02-28 03:45,2403
2018-02-28 03:50,2381
2018-02-28 03:55,2372
2018-02-28 04:00,2343
2018-02-28 04:05,2339
2018-02-28 04:10,2307
2018-02-28 04:15,2281
2018-02-28 04:20,2244
2018-02-28 04:25,2218
2018-02-28 04:30,2211
2018-02-28 04:35,2194
2018-02-28 04:40,2173
2018-02-28 04:45,2134
2018-02-28 04:50,2125
2018-02-28 04:55,2095
2018-02-28 05:00,2106
2018-02-28 05:05,2111
2018-02-28 05:10,2107
2018-02-28 05:15,2105
2018-02-28 05:20,2096
2018-02-28 05:25,2097
2018-02-28 05:30,2093
2018-02-28 05:35,2103
2018-02-28 05:40,2071
2018-02-28 05:45,2055
2018-02-28 05:50,2048
2018-02-28 05:55,2031
2018-02-28 06:00,2034
2018-02-28 06:05,2009
2018-02-28 06:10,2011
2018-02-28 06:15,2016
2018-02-28 06:20,2019
2018-02-28 06:25,2010
2018-02-28 06:30,1999
2018-02-28 06:35,1979
2018-02-28 06:40,1995
2018-02-28 06:45,1993
2018-02-28 06:50,1990
2018-02-28 06:55,1996
2018-02-28 07:00,1979
2018-02-28 07:05,1982
2018-02-28 07:10,1972
2018-02-28 07:15,1990
2018-02-28 07:20,1967
2018-02-28 07:25,1994
2018-02-28 07:30,1998
2018-02-28 07:35,1998
2018-02-28 07:40,1999
2018-02-28 07:45,2003
2018-02-28 07:50,2030
2018-02-28 07:55,2058
2018-02-28 08:00,2068
2018-02-28 08:05,2081
2018-02-28 08:10,2089
2018-02-28 08:15,2103
2018-02-28 08:20,2125
2018-02-28 08:25,2134
2018-02-28 08:30,2151
2018-02-28 08:35,2167
2018-02-28 08:40,2189
2018-02-28 08:45,2193
2018-02-28 08:50,2217
2018-02-28 08:55,2223
2018-02-28 09:00,2232
2018-02-28 09:05,2225
2018-02-28 09:10,2249
2018-02-28 09:15,2271
2018-02-28 09:20,2280
2018-02-28 09:25,2315
2018-02-28 09:30,2308
2018-02-28 09:35,2332
2018-02-28 09:40,2317
2018-02-28 09:45,2358
2018-02-28 09:50,2383
2018-02-28 09:55,2412
2018-02-28 10:00,2435
2018-02-28 10:05,2471
2018-02-28 10:10,2518
2018-02-28 10:15,2521
2018-02-28 10:20,2527
2018-02-28 10:25,2549
2018-02-28 10:30,2582
2018-02-28 10:35,2588
2018-02-28 10:40,2590
2018-02-28 10:45,2609
2018-02-28 10:50,2625
2018-02-28 10:55,2623
2018-02-28 11:00,2634
2018-02-28 11:05,2661
2018-02-28 11:10,2673
2018-02-28 11:15,2706
2018-02-28 11:20,2727
2018-02-28 11:25,2730
2018-02-28 11:30,2728
2018-02-28 11:35,2773
2018-02-28 11:40,2774
2018-02-28 11:45,2814
2018-02-28 11:50,2867
2018-02-28 11:55,2870
2018-02-28 12:00,2871
2018-02-28 12:05,2898
2018-02-28 12:10,2895
2018-02-28 12:15,2898
2018-02-28 12:20,2938
2018-02-28 12:25,2948
2018-02-28 12:30,2983
2018-02-28 12:35,3014
2018-02-28 12:40,3022
2018-02-28 12:45,2992
2018-02-28 12:50,3001
2018-02-28 12:55,3037
2018-02-28 13:00,3089
2018-02-28 13:05,3124
2018-02-28 13:10,3144
2018-02-28 13:15,3155
2018-02-28 13:20,3178
2018-02-28 13:25,3193
2018-02-28 13:30,3209
2018-02-28 13:35,3237
2018-02-28 13:40,3261
2018-02-28 13:45,3266
2018-02-28 13:50,3257
2018-02-28 13:55,3262
2018-02-28 14:00,3292
2018-02-28 14:05,3325
2018-02-28 14:10,3343
2018-02-28 14:15,3353
2018-02-28 14:20,3358
2018-02-28 14:25,3381
2018-02-28 14:30,3395
2018-02-28 14:35,3447
2018-02-28 14:40,3461
2018-02-28 14:45,3480
2018-02-28 14:50,3470
2018-02-28 14:55,3481
2018-02-28 15:00,3488
2018-02-28 15:05,3504
2018-02-28 15:10,3509
2018-02-28 15:15,3536
2018-02-28 15:20,3561
2018-02-28 15:25,3571
2018-02-28 15:30,3609
2018-02-28 15:35,3639
2018-02-28 15:40,3667
2018-02-28 15:45,3651
2018-02-28 15:50,3690
2018-02-28 15:55,3710
2018-02-28 16:00,3711
2018-02-28 16:05,3767
2018-02-28 16:10,3796
2018-02-28 16:15,3787
2018-02-28 16:20,3805
2018-02-28 16:25,3801
2018-02-28 16:30,3832
2018-02-28 16:35,3859
2018-02-28 16:40,3883
2018-02-28 16:45,3894
2018-02-28 16:50,3948
2018-02-28 16:55,3957
2018-02-28 17:00,3954
2018-02-28 17:05,3975
2018-02-28 17:10,4018
2018-02-28 17:15,4039
2018-02-28 17:20,4089
2018-02-28 17:25,4104
2018-02-28 17:30,4111
2018-02-28 17:35,4119
2018-02-28 17:40,4149
2018-02-28 17:45,4150
2018-02-28 17:50,4145
2018-02-28 17:55,4136
2018-02-28 18:00,4150
2018-02-28 18:05,4149
2018-02-28 18:10,4159
2018-02-28 18:15,4168
2018-02-28 18:20,4141
2018-02-28 18:25,4120
2018-02-28 18:30,4120
2018-02-28 18:35,4150
2018-02-28 18:40,4128
2018-02-28 18:45,4160
2018-02-28 18:50,4170
2018-02-28 18:55,4161
2018-02-28 19:00,4156
2018-02-28 19:05,4136
2018-02-28 19:10,4104
2018-02-28 19:15,4087
2018-02-28 19:20,4093
2018-02-28 19:25,4113
2018-02-28 19:30,4096
2018-02-28 19:35,4098
2018-02-28 19:40,4087
2018-02-28 19:45,4084
2018-02-28 19:50,4091
2018-02-28 19:55,4045
2018-02-28 20:00,4044
2018-02-28 20:05,4040
2018-02-28 20:10,4017
2018-02-28 20:15,4003
2018-02-28 20:20,3975
2018-02-28 20:25,3944
2018-02-28 20:30,3908
2018-02-28 20:35,3915
2018-02-28 20:40,3899
2018-02-28 20:45,3876
2018-02-28 20:50,3852
2018-02-28 20:55,3845
2018-02-28 21:00,3814
2018-02-28 21:05,3765
2018-02-28 21:10,3747
2018-02-28 21:15,3743
2018-02-28 21:20,3720
2018-02-28 21:25,3682
2018-02-28 21:30,3656
2018-02-28 21:35,3603
2018-02-28 21:40,3589
2018-02-28 21:45,3600
2018-02-28 21:50,3563
2018-02-28 21:55,3528
2018-02-28 22:00,3505
2018-02-28 22:05,3473
2018-02-28 22:10,3429
2018-02-28 22:15,3414
2018-02-28 22:20,3387
2018-02-28 22:25,3355
2018-02-28 22:30,3303
2018-02-28 22:35,3269
2018-02-28 22:40,3214
2018-02-28 22:45,3173
2018-02-28 22:50,3141
2018-02-28 22:55,3127
2018-02-28 23:00,3102
2018-02-28 23:05,3106
2018-02-28 23:10,3052
2018-02-28 23:15,3014
2018-02-28 23:20,2959
2018-02-28 23:25,2920
2018-02-28 23:30,2831
2018-02-28 23:35,2820
2018-02-28 23:40,2829
2018-02-28 23:45,2813
2018-02-28 23:50,2783
2018-02-28 23:55,2748
2018-03-01 00:00,2709
2018-03-01 00:05,2731
2018-03-01 00:10,2713
2018-03-01 00:15,2697
2018-03-01 00:20,2701
2018-03-01 00:25,2671
2018-03-01 00:30,2665
2018-03-01 00:35,2655
2018-03-01 00:40,2642
2018-03-01 00:45,2636
2018-03-01 00:50,2635
2018-03-01 00:55,2653
2018-03-01 01:00,2643
2018-03-01 01:05,2636
2018-03-01 01:10,2613
2018-03-01 01:15,2596
2018-03-01 01:20,2567
2018-03-01 01:25,2554
2018-03-01 01:30,2537
2018-03-01 01:35,2528
2018-03-01 01:40,2517
2018-03-01 01:45,2519
2018-03-01 01:50,2507
2018-03-01 01:55,2499
2018-03-01 02:00,2496
2018-03-01 02:05,2480
2018-03-01 02:10,2463
2018-03-01 02:15,2461
2018-03-01 02:20,2443
2018-03-01 02:25,2447
2018-03-01 02:30,2419
2018-03-01 02:35,2389
2018-03-01 02:40,2388
2018-03-01 02:45,2364
2018-03-01 02:50,2348
2018-03-01 02:55,2334
2018-03-01 03:00,2334
2018-03-01 03:05,2333
2018-03-01 03:10,2333
2018-03-01 03:15,2306
2018-03-01 03:20,2275
2018-03-01 03:25,2251
2018-03-01 03:30,2226
2018-03-01 03:35,2211
2018-03-01 03:40,2188
2018-03-01 03:45,2161
2018-03-01 03:50,2122
2018-03-01 03:55,2116
2018-03-01 04:00,2108
2018-03-01 04:05,2100
2018-03-01 04:10,2089
2018-03-01 04:15,2052
2018-03-01 04:20,2035
2018-03-01 04:25,2039
2018-03-01 04:30,2007
2018-03-01 04:35,1992
2018-03-01 04:40,1963
2018-03-01 04:45,1940
2018-03-01 04:50,1943
2018-03-01 04:55,1950
2018-03-01 05:00,1935
2018-03-01 05:05,1926
2018-03-01 05:10,1919
2018-03-01 05:15,1906
2018-03-01 05:20,1885
2018-03-01 05:25,1895
2018-03-01 05:30,1871
2018-03-01 05:35,1879
2018-03-01 05:40,1891
2018-03-01 05:45,1885
2018-03-01 05:50,1876
2018-03-01 05:55,1866
2018-03-01 06:00,1872
2018-03-01 06:05,1862
2018-03-01 06:10,1854
2018-03-01 06:15,1850
2018-03-01 06:20,1862
2018-03-01 06:25,1856
2018-03-01 06:30,1854
2018-03-01 06:35,1857
2018-03-01 06:40,1836
2018-03-01 06:45,1855
2018-03-01 06:50,0
2018-03-01 06:55,1865
2018-03-01 07:00,1855
2018-03-01 07:05,1822
2018-03-01 07:10,1840
2018-03-01 07:15,1848
2018-03-01 07:20,1839
2018-03-01 07:25,1855
2018-03-01 07:30,1869
2018-03-01 07:35,1856
2018-03-01 07:40,1859
2018-03-01 07:45,1875
2018-03-01 07:50,1867
2018-03-01 07:55,1869
2018-03-01 08:00,1873
2018-03-01 08:05,1884
2018-03-01 08:10,1899
2018-03-01 08:15,1912
2018-03-01 08:20,1901
2018-03-01 08:25,1899
2018-03-01 08:30,1910
2018-03-01 08:35,1939
2018-03-01 08:40,1944
2018-03-01 08:45,1972
2018-03-01 08:50,1985
2018-03-01 08:55,2007
2018-03-01 09:00,2014
2018-03-01 09:05,2026
2018-03-01 09:10,2053
2018-03-01 09:15,2063
2018-03-01 09:20,2084
2018-03-01 09:25,2106
2018-03-01 09:30,2104
2018-03-01 09:35,2103
2018-03-01 09:40,2136
2018-03-01 09:45,2144
2018-03-01 09:50,2158
2018-03-01 09:55,2166
2018-03-01 10:00,2198
2018-03-01 10:05,2238
2018-03-01 10:10,2257
2018-03-01 10:15,2268
2018-03-01 10:20,2306
2018-03-01 10:25,2333
2018-03-01 10:30,2353
2018-03-01 10:35,2391
2018-03-01 10:40,2423
2018-03-01 10:45,2427
2018-03-01 10:50,2414
2018-03-01 10:55,2442
2018-03-01 11:00,2461
2018-03-01 11:05,2490
2018-03-01 11:10,2506
2018-03-01 11:15,2516
2018-03-01 11:20,2552
2018-03-01 11:25,2574
2018-03-01 11:30,2602
2018-03-01 11:35,2645
2018-03-01 11:40,2667
2018-03-01 11:45,2686
2018-03-01 11:50,2715
2018-03-01 11:55,2717
2018-03-01 12:00,2746
2018-03-01 12:05,2724
2018-03-01 12:10,2743
2018-03-01 12:15,2750
2018-03-01 12:20,2743
2018-03-01 12:25,2717
2018-03-01 12:30,2725
2018-03-01 12:35,2773
2018-03-01 12:40,2792
2018-03-01 12:45,2799
2018-03-01 12:50,2801
2018-03-01 12:55,2829
2018-03-01 13:00,2842
2018-03-01 13:05,2887
2018-03-01 13:10,2899
2018-03-01 13:15,2894
2018-03-01 13:20,2937
2018-03-01 13:25,2932
2018-03-01 13:30,2953
2018-03-01 13:35,3010
2018-03-01 13:40,3031
2018-03-01 13:45,3046
2018-03-01 13:50,3094
2018-03-01 13:55,3091
2018-03-01 14:00,3093
2018-03-01 14:05,3113
2018-03-01 14:10,3123
2018-03-01 14:15,3131
2018-03-01 14:20,3160
2018-03-01 14:25,3196
2018-03-01 14:30,3187
2018-03-01 14:35,3201
2018-03-01 14:40,3208
2018-03-01 14:45,3229
2018-03-01 14:50,3230
2018-03-01 14:55,3239
2018-03-01 15:00,3248
2018-03-01 15:05,3278
2018-03-01 15:10,3290
2018-03-01 15:15,3319
2018-03-01 15:20,3356
2018-03-01 15:25,3369
2018-03-01 15:30,3368
2018-03-01 15:35,3397
2018-03-01 15:40,3427
2018-03-01 15:45,3441
2018-03-01 15:50,3470
2018-03-01 15:55,3466
2018-03-01 16:00,3506
2018-03-01 16:05,3532
2018-03-01 16:10,3540
2018-03-01 16:15,3557
2018-03-01 16:20,3575
2018-03-01 16:25,3564
2018-03-01 16:30,3564
2018-03-01 16:35,3558
2018-03-01 16:40,3592
2018-03-01 16:45,3614
2018-03-01 16:50,3664
2018-03-01 16:55,3696
2018-03-01 17:00,3688
2018-03-01 17:05,3735
2018-03-01 17:10,3768
2018-03-01 17:15,3775
2018-03-01 17:20,3810
2018-03-01 17:25,3841
2018-03-01 17:30,3835
2018-03-01 17:35,3849
2018-03-01 17:40,3884
2018-03-01 17:45,3893
2018-03-01 17:50,3892
2018-03-01 17:55,3892
2018-03-01 18:00,3883
2018-03-01 18:05,3888
2018-03-01 18:10,3881
2018-03-01 18:15,3839
2018-03-01 18:20,3843
2018-03-01 18:25,3852
2018-03-01 18:30,3847
2018-03-01 18:35,3858
2018-03-01 18:40,3844
2018-03-01 18:45,3853
2018-03-01 18:50,3839
2018-03-01 18:55,3850
2018-03-01 19:00,3838
2018-03-01 19:05,3884
2018-03-01 19:10,3846
2018-03-01 19:15,3832
2018-03-01 19:20,3850
2018-03-01 19:25,3840
2018-03-01 19:30,3840
2018-03-01 19:35,3843
2018-03-01 19:40,3825
2018-03-01 19:45,3798
2018-03-01 19:50,3803
2018-03-01 19:55,3812
2018-03-01 20:00,3855
2018-03-01 20:05,3849
2018-03-01 20:10,3855
2018-03-01 20:15,3851
2018-03-01 20:20,3847
2018-03-01 20:25,3814
2018-03-01 20:30,3757
2018-03-01 20:35,3730
2018-03-01 20:40,3726
2018-03-01 20:45,3709
2018-03-01 20:50,3698
2018-03-01 20:55,3682
2018-03-01 21:00,3641
2018-03-01 21:05,3606
2018-03-01 21:10,3587
2018-03-01 21:15,3553
2018-03-01 21:20,3510
2018-03-01 21:25,3505
2018-03-01 21:30,3471
2018-03-01 21:35,3458
2018-03-01 21:40,3433
2018-03-01 21:45,3408
2018-03-01 21:50,3374
2018-03-01 21:55,3350
2018-03-01 22:00,3345
2018-03-01 22:05,3316
2018-03-01 22:10,3273
2018-03-01 22:15,3242
2018-03-01 22:20,3209
2018-03-01 22:25,3169
2018-03-01 22:30,3137
2018-03-01 22:35,3099
2018-03-01 22:40,3072
2018-03-01 22:45,3037
2018-03-01 22:50,3003
2018-03-01 22:55,2968
2018-03-01 23:00,2943
2018-03-01 23:05,2913
2018-03-01 23:10,2868
2018-03-01 23:15,2839
2018-03-01 23:20,2827
2018-03-01 23:25,2801
2018-03-01 23:30,2782
2018-03-01 23:35,2752
2018-03-01 23:40,2734
2018-03-01 23:45,2731
2018-03-01 23:50,2691
2018-03-01 23:55,2667
2018-03-02 00:00,2642
2018-03-02 00:05,2625
2018-03-02 00:10,2601
2018-03-02 00:15,2593
2018-03-02 00:20,2585
2018-03-02 00:25,2572
2018-03-02 00:30,2567
2018-03-02 00:35,2562
2018-03-02 00:40,2558
2018-03-02 00:45,2527
2018-03-02 00:50,2524
2018-03-02 00:55,2522
2018-03-02 01:00,2495
2018-03-02 01:05,2470
2018-03-02 01:10,2442
2018-03-02 01:15,2450
2018-03-02 01:20,2446
2018-03-02 01:25,2440
2018-03-02 01:30,2418
2018-03-02 01:35,2426
2018-03-02 01:40,2414
2018-03-02 01:45,2410
2018-03-02 01:50,2400
2018-03-02 01:55,2403
2018-03-02 02:00,2390
2018-03-02 02:05,2391
2018-03-02 02:10,2356
2018-03-02 02:15,2384
2018-03-02 02:20,2372
2018-03-02 02:25,2379
2018-03-02 02:30,2358
2018-03-02 02:35,2345
2018-03-02 02:40,2335
2018-03-02 02:45,2307
2018-03-02 02:50,2312
2018-03-02 02:55,0
2018-03-02 03:00,2298
2018-03-02 03:05,2280
2018-03-02 03:10,2256
2018-03-02 03:15,2275
2018-03-02 03:20,2251
2018-03-02 03:25,2230
2018-03-02 03:30,2205
2018-03-02 03:35,2181
2018-03-02 03:40,2182
2018-03-02 03:45,2147
2018-03-02 03:50,2116
2018-03-02 03:55,2097
2018-03-02 04:00,2080
2018-03-02 04:05,2039
2018-03-02 04:10,2042
2018-03-02 04:15,2022
2018-03-02 04:20,1989
2018-03-02 04:25,1967
2018-03-02 04:30,1957
2018-03-02 04:35,1942
2018-03-02 04:40,1931
2018-03-02 04:45,1919
2018-03-02 04:50,1919
2018-03-02 04:55,1901
2018-03-02 05:00,1881
2018-03-02 05:05,1839
2018-03-02 05:10,1831
2018-03-02 05:15,1797
2018-03-02 05:20,1796
2018-03-02 05:25,1774
2018-03-02 05:30,1758
2018-03-02 05:35,1743
2018-03-02 05:40,1741
2018-03-02 05:45,1762
2018-03-02 05:50,1750
2018-03-02 05:55,1762
2018-03-02 06:00,1751
2018-03-02 06:05,1748
2018-03-02 06:10,1726
2018-03-02 06:15,1726
2018-03-02 06:20,1726
2018-03-02 06:25,1716
2018-03-02 06:30,1701
2018-03-02 06:35,1702
2018-03-02 06:40,1704
2018-03-02 06:45,1710
2018-03-02 06:50,1714
2018-03-02 06:55,1710
2018-03-02 07:00,1712
2018-03-02 07:05,1728
2018-03-02 07:10,1743
2018-03-02 07:15,1719
2018-03-02 07:20,1735
2018-03-02 07:25,1736
2018-03-02 07:30,1751
2018-03-02 07:35,1761
2018-03-02 07:40,1770
2018-03-02 07:45,1779
2018-03-02 07:50,1788
2018-03-02 07:55,1809
2018-03-02 08:00,1835
2018-03-02 08:05,1809
2018-03-02 08:10,1831
2018-03-02 08:15,1830
2018-03-02 08:20,1842
2018-03-02 08:25,1831
2018-03-02 08:30,1868
2018-03-02 08:35,1867
2018-03-02 08:40,1892
2018-03-02 08:45,1901
2018-03-02 08:50,1893
2018-03-02 08:55,1909
2018-03-02 09:00,1929
2018-03-02 09:05,1954
2018-03-02 09:10,1983
2018-03-02 09:15,1997
2018-03-02 09:20,2013
2018-03-02 09:25,2035
2018-03-02 09:30,2073
2018-03-02 09:35,2085
2018-03-02 09:40,2080
2018-03-02 09:45,2091
2018-03-02 09:50,2121
2018-03-02 09:55,2145
2018-03-02 10:00,2168
2018-03-02 10:05,2211
2018-03-02 10:10,2247
2018-03-02 10:15,2298
2018-03-02 10:20,2295
2018-03-02 10:25,2310
2018-03-02 10:30,2296
2018-03-02 10:35,2305
2018-03-02 10:40,2329
2018-03-02 10:45,2340
2018-03-02 10:50,2361
2018-03-02 10:55,2373
2018-03-02 11:00,2384
2018-03-02 11:05,2424
2018-03-02 11:10,2448
2018-03-02 11:15,2477
2018-03-02 11:20,2483
2018-03-02 11:25,2490
2018-03-02 11:30,2482
2018-03-02 11:35,2507
2018-03-02 11:40,2530
2018-03-02 11:45,2550
2018-03-02 11:50,2578
2018-03-02 11:55,2585
2018-03-02 12:00,2597
2018-03-02 12:05,2616
2018-03-02 12:10,2638
2018-03-02 12:15,2663
2018-03-02 12:20,2648
2018-03-02 12:25,2657
2018-03-02 12:30,2710
2018-03-02 12:35,2701
2018-03-02 12:40,2725
2018-03-02 12:45,2724
2018-03-02 12:50,2779
2018-03-02 12:55,2772
2018-03-02 13:00,2808
2018-03-02 13:05,2817
2018-03-02 13:10,2835
2018-03-02 13:15,2881
2018-03-02 13:20,2907
2018-03-02 13:25,2935
2018-03-02 13:30,2936
2018-03-02 13:35,2954
2018-03-02 13:40,2984
2018-03-02 13:45,3018
2018-03-02 13:50,3038
2018-03-02 13:55,3043
2018-03-02 14:00,3055
2018-03-02 14:05,3059
2018-03-02 14:10,3077
2018-03-02 14:15,3099
2018-03-02 14:20,3106
2018-03-02 14:25,3159
2018-03-02 14:30,3167
2018-03-02 14:35,3182
2018-03-02 14:40,3179
2018-03-02 14:45,3182
2018-03-02 14:50,3128
2018-03-02 14:55,3042
2018-03-02 15:00,2802
2018-03-02 15:05,1978
2018-03-02 15:10,1942
2018-03-02 15:15,1937
2018-03-02 15:20,1980
2018-03-02 15:25,1994
2018-03-02 15:30,1981
2018-03-02 15:35,1982
2018-03-02 15:40,2014
2018-03-02 15:45,2050
2018-03-02 15:50,2065
2018-03-02 15:55,2059
2018-03-02 16:00,2047
2018-03-02 16:05,2072
2018-03-02 16:10,2088
2018-03-02 16:15,2091
2018-03-02 16:20,2127
2018-03-02 16:25,2147
2018-03-02 16:30,2338
2018-03-02 16:35,2486
2018-03-02 16:40,2643
2018-03-02 16:45,2777
2018-03-02 16:50,2907
2018-03-02 16:55,3072
2018-03-02 17:00,3165
2018-03-02 17:05,3302
2018-03-02 17:10,3414
2018-03-02 17:15,3520
2018-03-02 17:20,3601
2018-03-02 17:25,3676
2018-03-02 17:30,3762
2018-03-02 17:35,3802
2018-03-02 17:40,3850
2018-03-02 17:45,3867
2018-03-02 17:50,3910
2018-03-02 17:55,3922
2018-03-02 18:00,3961
2018-03-02 18:05,4003
2018-03-02 18:10,4009
2018-03-02 18:15,4022
2018-03-02 18:20,4073
2018-03-02 18:25,4097
2018-03-02 18:30,4083
2018-03-02 18:35,4080
2018-03-02 18:40,4112
2018-03-02 18:45,4091
2018-03-02 18:50,4084
2018-03-02 18:55,4087
2018-03-02 19:00,
2018-03-02 19:05,
2018-03-02 19:10,
2018-03-02 19:15,
2018-03-02 19:20,4037
2018-03-02 19:25,4056
2018-03-02 19:30,4021
2018-03-02 19:35,4056
2018-03-02 19:40,4083
2018-03-02 19:45,4073
2018-03-02 19:50,4062
2018-03-02 19:55,4071
2018-03-02 20:00,4058
2018-03-02 20:05,4029
2018-03-02 20:10,4027
2018-03-02 20:15,4001
2018-03-02 20:20,3959
2018-03-02 20:25,3932
2018-03-02 20:30,3894
2018-03-02 20:35,3897
2018-03-02 20:40,3902
2018-03-02 20:45,3914
2018-03-02 20:50,3890
2018-03-02 20:55,3855
2018-03-02 21:00,3834
2018-03-02 21:05,3800
2018-03-02 21:10,3802
2018-03-02 21:15,3783
2018-03-02 21:20,3772
2018-03-02 21:25,3751
2018-03-02 21:30,3763
2018-03-02 21:35,3696
2018-03-02 21:40,3674
2018-03-02 21:45,3656
2018-03-02 21:50,3652
2018-03-02 21:55,3638
2018-03-02 22:00,3598
2018-03-02 22:05,3554
2018-03-02 22:10,3537
2018-03-02 22:15,3484
2018-03-02 22:20,3466
2018-03-02 22:25,3451
2018-03-02 22:30,3417
2018-03-02 22:35,3415
2018-03-02 22:40,3388
2018-03-02 22:45,3330
2018-03-02 22:50,3286
2018-03-02 22:55,3228
2018-03-02 23:00,3221
2018-03-02 23:05,3184
2018-03-02 23:10,3136
2018-03-02 23:15,3125
2018-03-02 23:20,3102
2018-03-02 23:25,3053
2018-03-02 23:30,3029
2018-03-02 23:35,3008
2018-03-02 23:40,2983
2018-03-02 23:45,2931
2018-03-02 23:50,2923
2018-03-02 23:55,2887
2018-03-03 00:00,2851
2018-03-03 00:05,2845
2018-03-03 00:10,2809
2018-03-03 00:15,2793
2018-03-03 00:20,2778
2018-03-03 00:25,2763
2018-03-03 00:30,2757
2018-03-03 00:35,2776
2018-03-03 00:40,2756
2018-03-03 00:45,2714
2018-03-03 00:50,2686
2018-03-03 00:55,2665
2018-03-03 01:00,2579
2018-03-03 01:05,2586
2018-03-03 01:10,2551
2018-03-03 01:15,2548
2018-03-03 01:20,2527
2018-03-03 01:25,2529
2018-03-03 01:30,2522
2018-03-03 01:35,2524
2018-03-03 01:40,2507
2018-03-03 01:45,2518
2018-03-03 01:50,2526
2018-03-03 01:55,2523
2018-03-03 02:00,2511
2018-03-03 02:05,2523
2018-03-03 02:10,2503
2018-03-03 02:15,2525
2018-03-03 02:20,2519
2018-03-03 02:25,2511
2018-03-03 02:30,2519
2018-03-03 02:35,2518
2018-03-03 02:40,2506
2018-03-03 02:45,2476
2018-03-03 02:50,2460
2018-03-03 02:55,2456
2018-03-03 03:00,2440
2018-03-03 03:05,2449
2018-03-03 03:10,2447
2018-03-03 03:15,2452
2018-03-03 03:20,2436
2018-03-03 03:25,0
2018-03-03 03:30,2408
2018-03-03 03:35,2415
2018-03-03 03:40,2382
2018-03-03 03:45,2354
2018-03-03 03:50,2346
2018-03-03 03:55,2332
2018-03-03 04:00,2347
2018-03-03 04:05,2335
2018-03-03 04:10,2329
2018-03-03 04:15,2295
2018-03-03 04:20,2280
2018-03-03 04:25,2273
2018-03-03 04:30,2260
2018-03-03 04:35,2241
2018-03-03 04:40,2236
2018-03-03 04:45,2230
2018-03-03 04:50,2216
2018-03-03 04:55,2193
2018-03-03 05:00,2195
2018-03-03 05:05,2182
2018-03-03 05:10,2173
2018-03-03 05:15,2192
2018-03-03 05:20,2181
2018-03-03 05:25,2182
2018-03-03 05:30,2149
2018-03-03 05:35,2148
2018-03-03 05:40,2142
2018-03-03 05:45,2124
2018-03-03 05:50,2102
2018-03-03 05:55,2087
2018-03-03 06:00,2077
2018-03-03 06:05,2059
2018-03-03 06:10,2067
2018-03-03 06:15,2074
2018-03-03 06:20,2074
2018-03-03 06:25,2085
2018-03-03 06:30,2090
2018-03-03 06:35,2084
2018-03-03 06:40,2100
2018-03-03 06:45,2093
2018-03-03 06:50,2098
2018-03-03 06:55,2084
2018-03-03 07:00,2091
2018-03-03 07:05,2128
2018-03-03 07:10,2117
2018-03-03 07:15,2129
2018-03-03 07:20,2151
2018-03-03 07:25,2161
2018-03-03 07:30,2178
2018-03-03 07:35,2202
2018-03-03 07:40,2203
2018-03-03 07:45,2238
2018-03-03 07:50,2265
2018-03-03 07:55,2281
2018-03-03 08:00,2303
2018-03-03 08:05,2330
2018-03-03 08:10,2344
2018-03-03 08:15,2353
2018-03-03 08:20,2366
2018-03-03 08:25,2397
2018-03-03 08:30,2417
2018-03-03 08:35,2450
2018-03-03 08:40,2474
2018-03-03 08:45,2480
2018-03-03 08:50,2497
2018-03-03 08:55,2518
2018-03-03 09:00,2531
2018-03-03 09:05,2540
2018-03-03 09:10,2569
2018-03-03 09:15,2574
2018-03-03 09:20,2611
2018-03-03 09:25,2656
2018-03-03 09:30,2693
2018-03-03 09:35,2714
2018-03-03 09:40,2735
2018-03-03 09:45,2745
2018-03-03 09:50,2780
2018-03-03 09:55,2789
2018-03-03 10:00,2809
2018-03-03 10:05,2826
2018-03-03 10:10,2873
2018-03-03 10:15,2901
2018-03-03 10:20,2938
2018-03-03 10:25,2971
2018-03-03 10:30,3005
2018-03-03 10:35,3024
2018-03-03 10:40,3022
2018-03-03 10:45,3039
2018-03-03 10:50,3053
2018-03-03 10:55,3086
2018-03-03 11:00,3089
2018-03-03 11:05,3092
2018-03-03 11:10,3114
2018-03-03 11:15,3140
2018-03-03 11:20,3155
2018-03-03 11:25,3150
2018-03-03 11:30,3185
2018-03-03 11:35,3242
2018-03-03 11:40,3270
2018-03-03 11:45,3257
2018-03-03 11:50,3280
2018-03-03 11:55,3265
2018-03-03 12:00,3322
2018-03-03 12:05,3365
2018-03-03 12:10,3334
2018-03-03 12:15,3370
2018-03-03 12:20,3402
2018-03-03 12:25,3418
2018-03-03 12:30,3442
2018-03-03 12:35,3467
2018-03-03 12:40,3508
2018-03-03 12:45,3535
2018-03-03 12:50,3566
2018-03-03 12:55,3587
2018-03-03 13:00,3609
2018-03-03 13:05,3594
2018-03-03 13:10,3641
2018-03-03 13:15,3664
2018-03-03 13:20,3683
2018-03-03 13:25,3685
2018-03-03 13:30,3706
2018-03-03 13:35,3714
2018-03-03 13:40,3746
2018-03-03 13:45,0
2018-03-03 13:50,3776
2018-03-03 13:55,3771
2018-03-03 14:00,3798
2018-03-03 14:05,3793
2018-03-03 14:10,3834
2018-03-03 14:15,3858
2018-03-03 14:20,3936
2018-03-03 14:25,3946
2018-03-03 14:30,3990
2018-03-03 14:35,4001
2018-03-03 14:40,4018
2018-03-03 14:45,4042
2018-03-03 14:50,4089
2018-03-03 14:55,4085
2018-03-03 15:00,4069
2018-03-03 15:05,4109
2018-03-03 15:10,4121
2018-03-03 15:15,4142
2018-03-03 15:20,4152
2018-03-03 15:25,4150
2018-03-03 15:30,4188
2018-03-03 15:35,4189
2018-03-03 15:40,4182
2018-03-03 15:45,4221
2018-03-03 15:50,4247
2018-03-03 15:55,4239
2018-03-03 16:00,4241
2018-03-03 16:05,4247
2018-03-03 16:10,4252
2018-03-03 16:15,4253
2018-03-03 16:20,4268
2018-03-03 16:25,4240
2018-03-03 16:30,4221
2018-03-03 16:35,4242
2018-03-03 16:40,4245
2018-03-03 16:45,4260
2018-03-03 16:50,4254
2018-03-03 16:55,4277
2018-03-03 17:00,4253
2018-03-03 17:05,4294
2018-03-03 17:10,4301
2018-03-03 17:15,4300
2018-03-03 17:20,4318
2018-03-03 17:25,4344
2018-03-03 17:30,4364
2018-03-03 17:35,4378
2018-03-03 17:40,4395
2018-03-03 17:45,4394
2018-03-03 17:50,4452
2018-03-03 17:55,4486
2018-03-03 18:00,4476
2018-03-03 18:05,4468
2018-03-03 18:10,4472
2018-03-03 18:15,4472
2018-03-03 18:20,4481
2018-03-03 18:25,4485
2018-03-03 18:30,4494
2018-03-03 18:35,4497
2018-03-03 18:40,4478
2018-03-03 18:45,4438
2018-03-03 18:50,4410
2018-03-03 18:55,4406
2018-03-03 19:00,4390
2018-03-03 19:05,4427
2018-03-03 19:10,4401
2018-03-03 19:15,4404
2018-03-03 19:20,4380
2018-03-03 19:25,4371
2018-03-03 19:30,4361
2018-03-03 19:35,4374
2018-03-03 19:40,4338
2018-03-03 19:45,4357
2018-03-03 19:50,4337
2018-03-03 19:55,4345
2018-03-03 20:00,4379
2018-03-03 20:05,4375
2018-03-03 20:10,4397
2018-03-03 20:15,4382
2018-03-03 20:20,4385
2018-03-03 20:25,4364
2018-03-03 20:30,4338
2018-03-03 20:35,4304
2018-03-03 20:40,4288
2018-03-03 20:45,4272
2018-03-03 20:50,4280
2018-03-03 20:55,4250
2018-03-03 21:00,4244
2018-03-03 21:05,4242
2018-03-03 21:10,4244
2018-03-03 21:15,4205
2018-03-03 21:20,4199
2018-03-03 21:25,4139
2018-03-03 21:30,4070
2018-03-03 21:35,4038
2018-03-03 21:40,4011
2018-03-03 21:45,3987
2018-03-03 21:50,3948
2018-03-03 21:55,3946
2018-03-03 22:00,3909
2018-03-03 22:05,3904
2018-03-03 22:10,3871
2018-03-03 22:15,3796
2018-03-03 22:20,3776
2018-03-03 22:25,3761
2018-03-03 22:30,3697
2018-03-03 22:35,3700
2018-03-03 22:40,3633
2018-03-03 22:45,3578
2018-03-03 22:50,3558
2018-03-03 22:55,3530
2018-03-03 23:00,3503
2018-03-03 23:05,3457
2018-03-03 23:10,3449
2018-03-03 23:15,3430
2018-03-03 23:20,3392
2018-03-03 23:25,3332
2018-03-03 23:30,3309
2018-03-03 23:35,3256
2018-03-03 23:40,3229
2018-03-03 23:45,3206
2018-03-03 23:50,3166
2018-03-03 23:55,3103
2018-03-04 00:00,3084
2018-03-04 00:05,3058
2018-03-04 00:10,3034
2018-03-04 00:15,3015
2018-03-04 00:20,3018
2018-03-04 00:25,3000
2018-03-04 00:30,2948
2018-03-04 00:35,2923
2018-03-04 00:40,2923
2018-03-04 00:45,2911
2018-03-04 00:50,2907
2018-03-04 00:55,2893
2018-03-04 01:00,2860
2018-03-04 01:05,2836
2018-03-04 01:10,2790
2018-03-04 01:15,2778
2018-03-04 01:20,2757
2018-03-04 01:25,2724
2018-03-04 01:30,2697
2018-03-04 01:35,2718
2018-03-04 01:40,2701
2018-03-04 01:45,2711
2018-03-04 01:50,2701
2018-03-04 01:55,2700
2018-03-04 02:00,2680
2018-03-04 02:05,2660
2018-03-04 02:10,2617
2018-03-04 02:15,2623
2018-03-04 02:20,2623
2018-03-04 02:25,2625
2018-03-04 02:30,2604
2018-03-04 02:35,2599
2018-03-04 02:40,2581
2018-03-04 02:45,2586
2018-03-04 02:50,2591
2018-03-04 02:55,2592
2018-03-04 03:00,2574
2018-03-04 03:05,2573
2018-03-04 03:10,2548
2018-03-04 03:15,2529
2018-03-04 03:20,2543
2018-03-04 03:25,2515
2018-03-04 03:30,2482
2018-03-04 03:35,2487
2018-03-04 03:40,2482
2018-03-04 03:45,2494
2018-03-04 03:50,2454
2018-03-04 03:55,2433
2018-03-04 04:00,2404
2018-03-04 04:05,2408
2018-03-04 04:10,2388
2018-03-04 04:15,2390
2018-03-04 04:20,2384
2018-03-04 04:25,2370
2018-03-04 04:30,2364
2018-03-04 04:35,2356
2018-03-04 04:40,2333
2018-03-04 04:45,2333
2018-03-04 04:50,2311
2018-03-04 04:55,2325
2018-03-04 05:00,2304
2018-03-04 05:05,2284
2018-03-04 05:10,2273
2018-03-04 05:15,2255
2018-03-04 05:20,2268
2018-03-04 05:25,2274
2018-03-04 05:30,2239
2018-03-04 05:35,2228
2018-03-04 05:40,2222
2018-03-04 05:45,2233
2018-03-04 05:50,2246
2018-03-04 05:55,2247
2018-03-04 06:00,2228
2018-03-04 06:05,2238
2018-03-04 06:10,2226
2018-03-04 06:15,2232
2018-03-04 06:20,2244
2018-03-04 06:25,2252
2018-03-04 06:30,2260
2018-03-04 06:35,2261
2018-03-04 06:40,2278
2018-03-04 06:45,2272
2018-03-04 06:50,2279
2018-03-04 06:55,2286
2018-03-04 07:00,2287
2018-03-04 07:05,2278
2018-03-04 07:10,2297
2018-03-04 07:15,2292
2018-03-04 07:20,2300
2018-03-04 07:25,2326
2018-03-04 07:30,2343
2018-03-04 07:35,2341
2018-03-04 07:40,2370
2018-03-04 07:45,2392
2018-03-04 07:50,2413
2018-03-04 07:55,2410
2018-03-04 08:00,2396
2018-03-04 08:05,2412
2018-03-04 08:10,2415
2018-03-04 08:15,2440
2018-03-04 08:20,2472
2018-03-04 08:25,2498
2018-03-04 08:30,2525
2018-03-04 08:35,2557
2018-03-04 08:40,2568
2018-03-04 08:45,2596
2018-03-04 08:50,2628
2018-03-04 08:55,2661
2018-03-04 09:00,2685
2018-03-04 09:05,2720
2018-03-04 09:10,2725
2018-03-04 09:15,2740
2018-03-04 09:20,2771
2018-03-04 09:25,2804
2018-03-04 09:30,2851
2018-03-04 09:35,2862
2018-03-04 09:40,2894
2018-03-04 09:45,2940
2018-03-04 09:50,2978
2018-03-04 09:55,3005
2018-03-04 10:00,3040
2018-03-04 10:05,3073
2018-03-04 10:10,3098
2018-03-04 10:15,3180
2018-03-04 10:20,3215
2018-03-04 10:25,3235
2018-03-04 10:30,3272
2018-03-04 10:35,3307
2018-03-04 10:40,3340
2018-03-04 10:45,3364
2018-03-04 10:50,3384
2018-03-04 10:55,3415
2018-03-04 11:00,3436
2018-03-04 11:05,3429
2018-03-04 11:10,3458
2018-03-04 11:15,3471
2018-03-04 11:20,3454
2018-03-04 11:25,3442
2018-03-04 11:30,3460
2018-03-04 11:35,3490
2018-03-04 11:40,3513
2018-03-04 11:45,3571
2018-03-04 11:50,3566
2018-03-04 11:55,3586
2018-03-04 12:00,3611
2018-03-04 12:05,3622
2018-03-04 12:10,0
2018-03-04 12:15,3601
2018-03-04 12:20,3631
2018-03-04 12:25,3636
2018-03-04 12:30,3696
2018-03-04 12:35,3735
2018-03-04 12:40,3725
2018-03-04 12:45,3764
2018-03-04 12:50,3756
2018-03-04 12:55,3765
2018-03-04 13:00,3781
2018-03-04 13:05,3802
2018-03-04 13:10,3757
2018-03-04 13:15,3645
2018-03-04 13:20,3748
2018-03-04 13:25,3804
2018-03-04 13:30,3875
2018-03-04 13:35,3878
2018-03-04 13:40,3937
2018-03-04 13:45,3935
2018-03-04 13:50,3952
2018-03-04 13:55,3979
2018-03-04 14:00,3984
2018-03-04 14:05,4002
2018-03-04 14:10,4053
2018-03-04 14:15,4046
2018-03-04 14:20,4019
2018-03-04 14:25,4023
2018-03-04 14:30,4046
2018-03-04 14:35,4089
2018-03-04 14:40,4146
2018-03-04 14:45,4174
2018-03-04 14:50,4176
2018-03-04 14:55,4224
2018-03-04 15:00,4231
2018-03-04 15:05,4263
2018-03-04 15:10,4280
2018-03-04 15:15,4285
2018-03-04 15:20,4319
2018-03-04 15:25,4333
2018-03-04 15:30,4364
2018-03-04 15:35,4375
2018-03-04 15:40,4393
2018-03-04 15:45,4438
2018-03-04 15:50,4414
2018-03-04 15:55,4429
2018-03-04 16:00,4390
2018-03-04 16:05,4430
2018-03-04 16:10,4450
2018-03-04 16:15,4478
2018-03-04 16:20,4473
2018-03-04 16:25,4503
2018-03-04 16:30,4533
2018-03-04 16:35,4545
2018-03-04 16:40,4542
2018-03-04 16:45,4522
2018-03-04 16:50,4517
2018-03-04 16:55,4551
2018-03-04 17:00,4532
2018-03-04 17:05,4538
2018-03-04 17:10,4545
2018-03-04 17:15,4557
2018-03-04 17:20,4568
2018-03-04 17:25,4591
2018-03-04 17:30,4601
2018-03-04 17:35,4615
2018-03-04 17:40,4627
2018-03-04 17:45,4597
2018-03-04 17:50,4581
2018-03-04 17:55,4577
2018-03-04 18:00,4583
2018-03-04 18:05,4588
2018-03-04 18:10,4581
2018-03-04 18:15,4589
2018-03-04 18:20,4608
2018-03-04 18:25,4642
2018-03-04 18:30,4640
2018-03-04 18:35,4629
2018-03-04 18:40,4629
2018-03-04 18:45,4600
2018-03-04 18:50,4603
2018-03-04 18:55,4596
2018-03-04 19:00,4584
2018-03-04 19:05,4556
2018-03-04 19:10,4510
2018-03-04 19:15,4529
2018-03-04 19:20,4546
2018-03-04 19:25,4554
2018-03-04 19:30,4555
2018-03-04 19:35,4548
2018-03-04 19:40,4521
2018-03-04 19:45,4509
2018-03-04 19:50,4491
2018-03-04 19:55,4514
2018-03-04 20:00,4502
2018-03-04 20:05,4442
2018-03-04 20:10,4413
2018-03-04 20:15,4380
2018-03-04 20:20,4360
2018-03-04 20:25,4330
2018-03-04 20:30,4339
2018-03-04 20:35,4339
2018-03-04 20:40,4285
2018-03-04 20:45,4269
2018-03-04 20:50,4243
2018-03-04 20:55,4229
2018-03-04 21:00,4169
2018-03-04 21:05,4127
2018-03-04 21:10,4088
2018-03-04 21:15,4047
2018-03-04 21:20,4016
2018-03-04 21:25,3978
2018-03-04 21:30,3953
2018-03-04 21:35,3935
2018-03-04 21:40,3888
2018-03-04 21:45,3860
2018-03-04 21:50,3830
2018-03-04 21:55,3823
2018-03-04 22:00,3771
2018-03-04 22:05,3714
2018-03-04 22:10,3683
2018-03-04 22:15,3672
2018-03-04 22:20,3629
2018-03-04 22:25,3563
2018-03-04 22:30,3495
2018-03-04 22:35,3429
2018-03-04 22:40,3379
2018-03-04 22:45,3358
2018-03-04 22:50,3331
2018-03-04 22:55,3283
2018-03-04 23:00,3260
2018-03-04 23:05,3222
2018-03-04 23:10,3195
2018-03-04 23:15,3189
2018-03-04 23:20,3187
2018-03-04 23:25,3167
2018-03-04 23:30,3135
2018-03-04 23:35,3101
2018-03-04 23:40,3083
2018-03-04 23:45,3035
2018-03-04 23:50,3018
2018-03-04 23:55,2986
2018-03-05 00:00,2956
2018-03-05 00:05,2932
2018-03-05 00:10,2925
2018-03-05 00:15,2906
2018-03-05 00:20,2887
2018-03-05 00:25,2869
2018-03-05 00:30,2852
2018-03-05 00:35,2805
2018-03-05 00:40,2796
2018-03-05 00:45,2793
2018-03-05 00:50,2769
2018-03-05 00:55,2744
2018-03-05 01:00,2718
2018-03-05 01:05,2682
2018-03-05 01:10,2660
2018-03-05 01:15,2663
2018-03-05 01:20,2645
2018-03-05 01:25,2637
2018-03-05 01:30,2601
2018-03-05 01:35,2588
2018-03-05 01:40,2580
2018-03-05 01:45,2563
2018-03-05 01:50,2537
2018-03-05 01:55,2512
2018-03-05 02:00,2494
2018-03-05 02:05,2475
2018-03-05 02:10,2475
2018-03-05 02:15,2454
2018-03-05 02:20,2471
2018-03-05 02:25,2461
2018-03-05 02:30,2448
2018-03-05 02:35,2425
2018-03-05 02:40,2401
2018-03-05 02:45,2376
2018-03-05 02:50,2365
2018-03-05 02:55,2358
2018-03-05 03:00,2327
2018-03-05 03:05,2311
2018-03-05 03:10,2292
2018-03-05 03:15,2262
2018-03-05 03:20,2250
2018-03-05 03:25,2228
2018-03-05 03:30,2200
2018-03-05 03:35,2187
2018-03-05 03:40,2167
2018-03-05 03:45,2115
2018-03-05 03:50,2126
2018-03-05 03:55,2112
2018-03-05 04:00,2081
2018-03-05 04:05,2069
2018-03-05 04:10,2044
2018-03-05 04:15,2032
2018-03-05 04:20,2013
2018-03-05 04:25,1990
2018-03-05 04:30,1981
2018-03-05 04:35,1964
2018-03-05 04:40,1942
2018-03-05 04:45,1909
2018-03-05 04:50,1892
2018-03-05 04:55,1879
2018-03-05 05:00,1834
2018-03-05 05:05,1788
2018-03-05 05:10,1811
2018-03-05 05:15,1756
2018-03-05 05:20,1791
2018-03-05 05:25,1762
2018-03-05 05:30,1705
2018-03-05 05:35,1727
2018-03-05 05:40,1719
2018-03-05 05:45,1701
2018-03-05 05:50,1707
2018-03-05 05:55,1678
2018-03-05 06:00,1652
2018-03-05 06:05,1646
2018-03-05 06:10,1646
2018-03-05 06:15,1580
2018-03-05 06:20,1626
2018-03-05 06:25,1650
2018-03-05 06:30,1632
2018-03-05 06:35,1641
2018-03-05 06:40,1661
2018-03-05 06:45,1644
2018-03-05 06:50,1669
2018-03-05 06:55,1667
2018-03-05 07:00,1676
2018-03-05 07:05,1668
2018-03-05 07:10,1699
2018-03-05 07:15,1711
2018-03-05 07:20,1702
2018-03-05 07:25,1708
2018-03-05 07:30,1705
2018-03-05 07:35,1708
2018-03-05 07:40,1705
2018-03-05 07:45,1703
2018-03-05 07:50,1715
2018-03-05 07:55,1716
2018-03-05 08:00,1664
2018-03-05 08:05,1707
2018-03-05 08:10,1732
2018-03-05 08:15,1691
2018-03-05 08:20,1730
2018-03-05 08:25,1750
2018-03-05 08:30,1718
2018-03-05 08:35,1744
2018-03-05 08:40,1768
2018-03-05 08:45,1739
2018-03-05 08:50,1780
2018-03-05 08:55,1816
2018-03-05 09:00,1798
2018-03-05 09:05,1826
2018-03-05 09:10,1842
2018-03-05 09:15,1795
2018-03-05 09:20,1841
2018-03-05 09:25,1826
2018-03-05 09:30,1846
2018-03-05 09:35,1873
2018-03-05 09:40,1893
2018-03-05 09:45,1902
2018-03-05 09:50,1920
2018-03-05 09:55,1964
2018-03-05 10:00,2006
2018-03-05 10:05,2045
2018-03-05 10:10,2088
2018-03-05 10:15,2105
2018-03-05 10:20,2150
2018-03-05 10:25,2168
2018-03-05 10:30,2161
2018-03-05 10:35,2186
2018-03-05 10:40,2204
2018-03-05 10:45,2121
2018-03-05 10:50,2185
2018-03-05 10:55,2198
2018-03-05 11:00,2127
2018-03-05 11:05,2224
2018-03-05 11:10,2267
2018-03-05 11:15,2219
2018-03-05 11:20,2274
2018-03-05 11:25,2332
2018-03-05 11:30,2313
2018-03-05 11:35,2324
2018-03-05 11:40,2363
2018-03-05 11:45,2344
2018-03-05 11:50,2398
2018-03-05 11:55,2436
2018-03-05 12:00,2446
2018-03-05 12:05,2458
2018-03-05 12:10,2471
2018-03-05 12:15,2381
2018-03-05 12:20,2453
2018-03-05 12:25,2466
2018-03-05 12:30,2480
2018-03-05 12:35,2504
2018-03-05 12:40,2537
2018-03-05 12:45,2563
2018-03-05 12:50,2574
2018-03-05 12:55,2603
2018-03-05 13:00,2628
2018-03-05 13:05,2642
2018-03-05 13:10,2673
2018-03-05 13:15,2701
2018-03-05 13:20,2725
2018-03-05 13:25,2769
2018-03-05 13:30,2775
2018-03-05 13:35,2774
2018-03-05 13:40,2794
2018-03-05 13:45,2818
2018-03-05 13:50,2834
2018-03-05 13:55,2847
2018-03-05 14:00,2882
2018-03-05 14:05,2885
2018-03-05 14:10,2930
2018-03-05 14:15,2931
2018-03-05 14:20,2960
2018-03-05 14:25,2972
2018-03-05 14:30,3025
2018-03-05 14:35,3057
2018-03-05 14:40,3072
2018-03-05 14:45,3097
2018-03-05 14:50,3110
2018-03-05 14:55,3139
2018-03-05 15:00,3143
2018-03-05 15:05,3155
2018-03-05 15:10,3150
2018-03-05 15:15,3196
2018-03-05 15:20,3206
2018-03-05 15:25,3217
2018-03-05 15:30,3255
2018-03-05 15:35,3275
2018-03-05 15:40,3297
2018-03-05 15:45,3305
2018-03-05 15:50,3339
2018-03-05 15:55,3356
2018-03-05 16:00,3400
2018-03-05 16:05,3412
2018-03-05 16:10,3420
2018-03-05 16:15,3422
2018-03-05 16:20,3463
2018-03-05 16:25,3470
2018-03-05 16:30,3507
2018-03-05 16:35,3542
2018-03-05 16:40,3575
2018-03-05 16:45,3608
2018-03-05 16:50,3639
2018-03-05 16:55,3630
2018-03-05 17:00,3673
2018-03-05 17:05,0
2018-03-05 17:10,3706
2018-03-05 17:15,3699
2018-03-05 17:20,3727
2018-03-05 17:25,3715
2018-03-05 17:30,3751
2018-03-05 17:35,3771
2018-03-05 17:40,3801
2018-03-05 17:45,3815
2018-03-05 17:50,3819
2018-03-05 17:55,3831
2018-03-05 18:00,3833
2018-03-05 18:05,3832
2018-03-05 18:10,3851
2018-03-05 18:15,3869
2018-03-05 18:20,3861
2018-03-05 18:25,3858
2018-03-05 18:30,3873
2018-03-05 18:35,3877
2018-03-05 18:40,3879
2018-03-05 18:45,3880
2018-03-05 18:50,3896
2018-03-05 18:55,3913
2018-03-05 19:00,3928
2018-03-05 19:05,3937
2018-03-05 19:10,3927
2018-03-05 19:15,3852
2018-03-05 19:20,3854
2018-03-05 19:25,3863
2018-03-05 19:30,3891
2018-03-05 19:35,3891
2018-03-05 19:40,3871
2018-03-05 19:45,3743
2018-03-05 19:50,3763
2018-03-05 19:55,3803
2018-03-05 20:00,3669
2018-03-05 20:05,3733
2018-03-05 20:10,3762
2018-03-05 20:15,3647
2018-03-05 20:20,3701
2018-03-05 20:25,3687
2018-03-05 20:30,3548
2018-03-05 20:35,3559
2018-03-05 20:40,3564
2018-03-05 20:45,3471
2018-03-05 20:50,3532
2018-03-05 20:55,3549
2018-03-05 21:00,3511
2018-03-05 21:05,3489
2018-03-05 21:10,3438
2018-03-05 21:15,3437
2018-03-05 21:20,3416
2018-03-05 21:25,3407
2018-03-05 21:30,3367
2018-03-05 21:35,3343
2018-03-05 21:40,3328
2018-03-05 21:45,3280
2018-03-05 21:50,3223
2018-03-05 21:55,3199
2018-03-05 22:00,3151
2018-03-05 22:05,3133
2018-03-05 22:10,3091
2018-03-05 22:15,3044
2018-03-05 22:20,3016
2018-03-05 22:25,2980
2018-03-05 22:30,2946
2018-03-05 22:35,2915
2018-03-05 22:40,2880
2018-03-05 22:45,2838
2018-03-05 22:50,2807
2018-03-05 22:55,2797
2018-03-05 23:00,2772
2018-03-05 23:05,2745
2018-03-05 23:10,2742
2018-03-05 23:15,2702
2018-03-05 23:20,2683
2018-03-05 23:25,2664
2018-03-05 23:30,2647
2018-03-05 23:35,2624
2018-03-05 23:40,2603
2018-03-05 23:45,2590
2018-03-05 23:50,2592
2018-03-05 23:55,2556
2018-03-06 00:00,2564
2018-03-06 00:05,2568
2018-03-06 00:10,2548
2018-03-06 00:15,2495
2018-03-06 00:20,2486
2018-03-06 00:25,2476
2018-03-06 00:30,2389
2018-03-06 00:35,2406
2018-03-06 00:40,2410
2018-03-06 00:45,2380
2018-03-06 00:50,2373
2018-03-06 00:55,2368
2018-03-06 01:00,2362
2018-03-06 01:05,2386
2018-03-06 01:10,2359
2018-03-06 01:15,2288
2018-03-06 01:20,2337
2018-03-06 01:25,2338
2018-03-06 01:30,2248
2018-03-06 01:35,2280
2018-03-06 01:40,2272
2018-03-06 01:45,2234
2018-03-06 01:50,2266
2018-03-06 01:55,2266
2018-03-06 02:00,2248
2018-03-06 02:05,2254
2018-03-06 02:10,2263
2018-03-06 02:15,2240
2018-03-06 02:20,2243
2018-03-06 02:25,2258
2018-03-06 02:30,2219
2018-03-06 02:35,2218
2018-03-06 02:40,2222
2018-03-06 02:45,2185
2018-03-06 02:50,2210
2018-03-06 02:55,2207
2018-03-06 03:00,2210
2018-03-06 03:05,2182
2018-03-06 03:10,2146
2018-03-06 03:15,2156
2018-03-06 03:20,2159
2018-03-06 03:25,2128
2018-03-06 03:30,2053
2018-03-06 03:35,2001
2018-03-06 03:40,1898
2018-03-06 03:45,1841
2018-03-06 03:50,1734
2018-03-06 03:55,1824
2018-03-06 04:00,1842
2018-03-06 04:05,1846
2018-03-06 04:10,1770
2018-03-06 04:15,1675
2018-03-06 04:20,1610
2018-03-06 04:25,1539
2018-03-06 04:30,1465
2018-03-06 04:35,1380
2018-03-06 04:40,1315
2018-03-06 04:45,1239
2018-03-06 04:50,1183
2018-03-06 04:55,1134
2018-03-06 05:00,1085
2018-03-06 05:05,1028
2018-03-06 05:10,985
2018-03-06 05:15,954
2018-03-06 05:20,921
2018-03-06 05:25,912
2018-03-06 05:30,897
2018-03-06 05:35,852
2018-03-06 05:40,848
2018-03-06 05:45,837
2018-03-06 05:50,814
2018-03-06 05:55,806
2018-03-06 06:00,795
2018-03-06 06:05,788
2018-03-06 06:10,983
2018-03-06 06:15,1109
2018-03-06 06:20,1172
2018-03-06 06:25,1249
2018-03-06 06:30,1316
2018-03-06 06:35,1351
2018-03-06 06:40,1364
2018-03-06 06:45,1388
2018-03-06 06:50,1416
2018-03-06 06:55,1433
2018-03-06 07:00,1470
2018-03-06 07:05,1490
2018-03-06 07:10,1511
2018-03-06 07:15,1529
2018-03-06 07:20,1532
2018-03-06 07:25,1541
2018-03-06 07:30,1564
2018-03-06 07:35,1599
2018-03-06 07:40,1603
2018-03-06 07:45,1608
2018-03-06 07:50,1619
2018-03-06 07:55,1635
2018-03-06 08:00,1649
2018-03-06 08:05,1661
2018-03-06 08:10,1661
2018-03-06 08:15,1640
2018-03-06 08:20,1643
2018-03-06 08:25,1648
2018-03-06 08:30,1665
2018-03-06 08:35,1676
2018-03-06 08:40,1695
2018-03-06 08:45,1709
2018-03-06 08:50,1721
2018-03-06 08:55,1738
2018-03-06 09:00,1747
2018-03-06 09:05,1786
2018-03-06 09:10,1805
2018-03-06 09:15,1823
2018-03-06 09:20,1845
2018-03-06 09:25,1849
2018-03-06 09:30,1859
2018-03-06 09:35,1838
2018-03-06 09:40,1845
2018-03-06 09:45,1849
2018-03-06 09:50,1877
2018-03-06 09:55,1889
2018-03-06 10:00,1914
2018-03-06 10:05,1942
2018-03-06 10:10,1970
2018-03-06 10:15,1998
2018-03-06 10:20,2024
2018-03-06 10:25,2070
2018-03-06 10:30,2085
2018-03-06 10:35,2116
2018-03-06 10:40,2114
2018-03-06 10:45,2114
2018-03-06 10:50,2149
2018-03-06 10:55,2159
2018-03-06 11:00,2178
2018-03-06 11:05,2195
2018-03-06 11:10,2189
2018-03-06 11:15,2197
2018-03-06 11:20,2230
2018-03-06 11:25,2262
2018-03-06 11:30,2271
2018-03-06 11:35,2285
2018-03-06 11:40,2304
2018-03-06 11:45,2338
2018-03-06 11:50,2362
2018-03-06 11:55,2372
2018-03-06 12:00,2371
2018-03-06 12:05,2402
2018-03-06 12:10,2418
2018-03-06 12:15,2414
2018-03-06 12:20,2447
2018-03-06 12:25,2452
2018-03-06 12:30,2471
2018-03-06 12:35,2490
2018-03-06 12:40,2513
2018-03-06 12:45,2533
2018-03-06 12:50,2550
2018-03-06 12:55,2538
2018-03-06 13:00,2550
2018-03-06 13:05,2603
2018-03-06 13:10,2614
2018-03-06 13:15,2626
2018-03-06 13:20,2614
2018-03-06 13:25,2668
2018-03-06 13:30,2677
2018-03-06 13:35,2706
2018-03-06 13:40,2721
2018-03-06 13:45,2756
2018-03-06 13:50,2776
2018-03-06 13:55,2790
2018-03-06 14:00,2814
2018-03-06 14:05,2849
2018-03-06 14:10,2871
2018-03-06 14:15,2868
2018-03-06 14:20,2913
2018-03-06 14:25,2922
2018-03-06 14:30,2949
2018-03-06 14:35,2990
2018-03-06 14:40,3014
2018-03-06 14:45,3018
2018-03-06 14:50,3060
2018-03-06 14:55,3089
2018-03-06 15:00,3106
2018-03-06 15:05,3073
2018-03-06 15:10,3080
2018-03-06 15:15,3098
2018-03-06 15:20,3100
2018-03-06 15:25,3145
2018-03-06 15:30,3174
2018-03-06 15:35,3190
2018-03-06 15:40,3238
2018-03-06 15:45,3252
2018-03-06 15:50,3294
2018-03-06 15:55,3306
2018-03-06 16:00,3309
2018-03-06 16:05,3328
2018-03-06 16:10,3361
2018-03-06 16:15,3385
2018-03-06 16:20,3401
2018-03-06 16:25,3418
2018-03-06 16:30,3430
2018-03-06 16:35,3453
2018-03-06 16:40,3482
2018-03-06 16:45,3491
2018-03-06 16:50,3507
2018-03-06 16:55,3523
2018-03-06 17:00,3541
2018-03-06 17:05,3565
2018-03-06 17:10,3602
2018-03-06 17:15,3642
2018-03-06 17:20,3678
2018-03-06 17:25,3705
2018-03-06 17:30,3721
2018-03-06 17:35,3711
2018-03-06 17:40,3712
2018-03-06 17:45,3721
2018-03-06 17:50,3755
2018-03-06 17:55,3788
2018-03-06 18:00,3808
2018-03-06 18:05,3796
2018-03-06 18:10,3789
2018-03-06 18:15,3827
2018-03-06 18:20,3835
2018-03-06 18:25,3833
2018-03-06 18:30,3843
2018-03-06 18:35,3838
2018-03-06 18:40,3866
2018-03-06 18:45,3856
2018-03-06 18:50,3857
2018-03-06 18:55,3824
2018-03-06 19:00,3814
2018-03-06 19:05,3852
2018-03-06 19:10,3873
2018-03-06 19:15,3884
2018-03-06 19:20,3870
2018-03-06 19:25,3829
2018-03-06 19:30,3806
2018-03-06 19:35,3821
2018-03-06 19:40,3806
2018-03-06 19:45,3816
2018-03-06 19:50,3811
2018-03-06 19:55,3777
2018-03-06 20:00,3766
2018-03-06 20:05,3746
2018-03-06 20:10,3731
2018-03-06 20:15,3705
2018-03-06 20:20,3686
2018-03-06 20:25,3649
2018-03-06 20:30,3664
2018-03-06 20:35,3647
2018-03-06 20:40,3620
2018-03-06 20:45,3594
2018-03-06 20:50,3572
2018-03-06 20:55,3534
2018-03-06 21:00,3513
2018-03-06 21:05,3458
2018-03-06 21:10,3403
2018-03-06 21:15,3399
2018-03-06 21:20,3379
2018-03-06 21:25,3361
2018-03-06 21:30,3315
2018-03-06 21:35,3286
2018-03-06 21:40,3274
2018-03-06 21:45,3250
2018-03-06 21:50,3244
2018-03-06 21:55,3218
2018-03-06 22:00,3176
2018-03-06 22:05,3146
2018-03-06 22:10,3099
2018-03-06 22:15,3081
2018-03-06 22:20,3057
2018-03-06 22:25,3027
2018-03-06 22:30,2994
2018-03-06 22:35,2969
2018-03-06 22:40,2951
2018-03-06 22:45,2933
2018-03-06 22:50,2907
2018-03-06 22:55,
2018-03-06 23:00,143
2018-03-06 23:05,1752
2018-03-06 23:10,2617
2018-03-06 23:15,2695
2018-03-06 23:20,2687
2018-03-06 23:25,2662
2018-03-06 23:30,2662
2018-03-06 23:35,2629
2018-03-06 23:40,2598
2018-03-06 23:45,2588
2018-03-06 23:50,2565
2018-03-06 23:55,2565
2018-03-07 00:00,2480
2018-03-07 00:05,2470
2018-03-07 00:10,2459
2018-03-07 00:15,2433
2018-03-07 00:20,2438
2018-03-07 00:25,2423
2018-03-07 00:30,2422
2018-03-07 00:35,2420
2018-03-07 00:40,2385
2018-03-07 00:45,2394
2018-03-07 00:50,2407
2018-03-07 00:55,2407
2018-03-07 01:00,2366
2018-03-07 01:05,2344
2018-03-07 01:10,2329
2018-03-07 01:15,2324
2018-03-07 01:20,2316
2018-03-07 01:25,2316
2018-03-07 01:30,2318
2018-03-07 01:35,2332
2018-03-07 01:40,2323
2018-03-07 01:45,2327
2018-03-07 01:50,2327
2018-03-07 01:55,2301
2018-03-07 02:00,2291
2018-03-07 02:05,2294
2018-03-07 02:10,2279
2018-03-07 02:15,2280
2018-03-07 02:20,2284
2018-03-07 02:25,2272
2018-03-07 02:30,2248
2018-03-07 02:35,2269
2018-03-07 02:40,2269
2018-03-07 02:45,2261
2018-03-07 02:50,2228
2018-03-07 02:55,2228
2018-03-07 03:00,2194
2018-03-07 03:05,2178
2018-03-07 03:10,2183
2018-03-07 03:15,2145
2018-03-07 03:20,2145
2018-03-07 03:25,2088
2018-03-07 03:30,2088
2018-03-07 03:35,2063
2018-03-07 03:40,2055
2018-03-07 03:45,2064
2018-03-07 03:50,2021
2018-03-07 03:55,2027
2018-03-07 04:00,2005
2018-03-07 04:05,1974
2018-03-07 04:10,1944
2018-03-07 04:15,1925
2018-03-07 04:20,1880
2018-03-07 04:25,1880
2018-03-07 04:30,1859
2018-03-07 04:35,1842
2018-03-07 04:40,1812
2018-03-07 04:45,1802
2018-03-07 04:50,1775
2018-03-07 04:55,1740
2018-03-07 05:00,1750
2018-03-07 05:05,1738
2018-03-07 05:10,1720
2018-03-07 05:15,1698
2018-03-07 05:20,1676
2018-03-07 05:25,1691
2018-03-07 05:30,1694
2018-03-07 05:35,1686
2018-03-07 05:40,1711
2018-03-07 05:45,1698
2018-03-07 05:50,1694
2018-03-07 05:55,1665
2018-03-07 06:00,1652
2018-03-07 06:05,1624
2018-03-07 06:10,1610
2018-03-07 06:15,1597
2018-03-07 06:20,1599
2018-03-07 06:25,1593
2018-03-07 06:30,1592
2018-03-07 06:35,1602
2018-03-07 06:40,1593
2018-03-07 06:45,1591
2018-03-07 06:50,1597
2018-03-07 06:55,1607
2018-03-07 07:00,1614
2018-03-07 07:05,1622
2018-03-07 07:10,1627
2018-03-07 07:15,1632
2018-03-07 07:20,1619
2018-03-07 07:25,1637
2018-03-07 07:30,1637
2018-03-07 07:35,1645
2018-03-07 07:40,1636
2018-03-07 07:45,1646
2018-03-07 07:50,1655
2018-03-07 07:55,1655
2018-03-07 08:00,1675
2018-03-07 08:05,1674
2018-03-07 08:10,1692
2018-03-07 08:15,1690
2018-03-07 08:20,1699
2018-03-07 08:25,1700
2018-03-07 08:30,1717
2018-03-07 08:35,1726
2018-03-07 08:40,1734
2018-03-07 08:45,1730
2018-03-07 08:50,1734
2018-03-07 08:55,1763
2018-03-07 09:00,1788
2018-03-07 09:05,1800
2018-03-07 09:10,1816
2018-03-07 09:15,1844
2018-03-07 09:20,1853
2018-03-07 09:25,1865
2018-03-07 09:30,1876
2018-03-07 09:35,1876
2018-03-07 09:40,1902
2018-03-07 09:45,1900
2018-03-07 09:50,1910
2018-03-07 09:55,1938
2018-03-07 10:00,1957
2018-03-07 10:05,1998
2018-03-07 10:10,2021
2018-03-07 10:15,2033
2018-03-07 10:20,2055
2018-03-07 10:25,2096
2018-03-07 10:30,2085
2018-03-07 10:35,2095
2018-03-07 10:40,2121
2018-03-07 10:45,2134
2018-03-07 10:50,2159
2018-03-07 10:55,2133
2018-03-07 11:00,2143
2018-03-07 11:05,2160
2018-03-07 11:10,2167
2018-03-07 11:15,2166
2018-03-07 11:20,2224
2018-03-07 11:25,2220
2018-03-07 11:30,2226
2018-03-07 11:35,2251
2018-03-07 11:40,2277
2018-03-07 11:45,2318
2018-03-07 11:50,2322
2018-03-07 11:55,2324
2018-03-07 12:00,2332
2018-03-07 12:05,2367
2018-03-07 12:10,2379
2018-03-07 12:15,2380
2018-03-07 12:20,2380
2018-03-07 12:25,2414
2018-03-07 12:30,2412
2018-03-07 12:35,2435
2018-03-07 12:40,2455
2018-03-07 12:45,2466
2018-03-07 12:50,2473
2018-03-07 12:55,2474
2018-03-07 13:00,2484
2018-03-07 13:05,2490
2018-03-07 13:10,2518
2018-03-07 13:15,2527
2018-03-07 13:20,2545
2018-03-07 13:25,2563
2018-03-07 13:30,2590
2018-03-07 13:35,2602
2018-03-07 13:40,2628
2018-03-07 13:45,2633
2018-03-07 13:50,2648
2018-03-07 13:55,2657
2018-03-07 14:00,2682
2018-03-07 14:05,2668
2018-03-07 14:10,2680
2018-03-07 14:15,2716
2018-03-07 14:20,2736
2018-03-07 14:25,2767
2018-03-07 14:30,2786
2018-03-07 14:35,2817
2018-03-07 14:40,2842
2018-03-07 14:45,2877
2018-03-07 14:50,2871
2018-03-07 14:55,2895
2018-03-07 15:00,2884
2018-03-07 15:05,2919
2018-03-07 15:10,2959
2018-03-07 15:15,2962
2018-03-07 15:20,3005
2018-03-07 15:25,3046
2018-03-07 15:30,3042
2018-03-07 15:35,3056
2018-03-07 15:40,3079
2018-03-07 15:45,3104
2018-03-07 15:50,3100
2018-03-07 15:55,3139
2018-03-07 16:00,3180
2018-03-07 16:05,3209
2018-03-07 16:10,3205
2018-03-07 16:15,3236
2018-03-07 16:20,3258
2018-03-07 16:25,3258
2018-03-07 16:30,3298
2018-03-07 16:35,3316
2018-03-07 16:40,3347
2018-03-07 16:45,3380
2018-03-07 16:50,3397
2018-03-07 16:55,3406
2018-03-07 17:00,3387
2018-03-07 17:05,3386
2018-03-07 17:10,3407
2018-03-07 17:15,3437
2018-03-07 17:20,3457
2018-03-07 17:25,3460
2018-03-07 17:30,3484
2018-03-07 17:35,3477
2018-03-07 17:40,3471
2018-03-07 17:45,3478
2018-03-07 17:50,3468
2018-03-07 17:55,3488
2018-03-07 18:00,3491
2018-03-07 18:05,3491
2018-03-07 18:10,3504
2018-03-07 18:15,3524
2018-03-07 18:20,3542
2018-03-07 18:25,3565
2018-03-07 18:30,3589
2018-03-07 18:35,3579
2018-03-07 18:40,3602
2018-03-07 18:45,3617
2018-03-07 18:50,3665
2018-03-07 18:55,3692
2018-03-07 19:00,3730
2018-03-07 19:05,3725
2018-03-07 19:10,3695
2018-03-07 19:15,3688
2018-03-07 19:20,3683
2018-03-07 19:25,3710
2018-03-07 19:30,3695
2018-03-07 19:35,3694
2018-03-07 19:40,3711
2018-03-07 19:45,3707
2018-03-07 19:50,3728
2018-03-07 19:55,3734
2018-03-07 20:00,3719
2018-03-07 20:05,3698
2018-03-07 20:10,3693
2018-03-07 20:15,3688
2018-03-07 20:20,3682
2018-03-07 20:25,3681
2018-03-07 20:30,3666
2018-03-07 20:35,3678
2018-03-07 20:40,3641
2018-03-07 20:45,3643
2018-03-07 20:50,3633
2018-03-07 20:55,3574
2018-03-07 21:00,3550
2018-03-07 21:05,3523
2018-03-07 21:10,3492
2018-03-07 21:15,3478
2018-03-07 21:20,3445
2018-03-07 21:25,3409
2018-03-07 21:30,3374
2018-03-07 21:35,3356
2018-03-07 21:40,3329
2018-03-07 21:45,3289
2018-03-07 21:50,3273
2018-03-07 21:55,3226
2018-03-07 22:00,3214
2018-03-07 22:05,3167
2018-03-07 22:10,3132
2018-03-07 22:15,3109
2018-03-07 22:20,3073
2018-03-07 22:25,3053
2018-03-07 22:30,2989
2018-03-07 22:35,2952
2018-03-07 22:40,2930
2018-03-07 22:45,2894
2018-03-07 22:50,2834
2018-03-07 22:55,2790
2018-03-07 23:00,2765
2018-03-07 23:05,2747
2018-03-07 23:10,2721
2018-03-07 23:15,2696
2018-03-07 23:20,2681
2018-03-07 23:25,2656
2018-03-07 23:30,2620
2018-03-07 23:35,2601
2018-03-07 23:40,2572
2018-03-07 23:45,2591
2018-03-07 23:50,2549
2018-03-07 23:55,2539
2018-03-08 00:00,2516
2018-03-08 00:05,2482
2018-03-08 00:10,2461
2018-03-08 00:15,2437
2018-03-08 00:20,2418
2018-03-08 00:25,2414
2018-03-08 00:30,2387
2018-03-08 00:35,2395
2018-03-08 00:40,2394
2018-03-08 00:45,2382
2018-03-08 00:50,2358
2018-03-08 00:55,2328
2018-03-08 01:00,2322
2018-03-08 01:05,2312
2018-03-08 01:10,2293
2018-03-08 01:15,2286
2018-03-08 01:20,2274
2018-03-08 01:25,2256
2018-03-08 01:30,2268
2018-03-08 01:35,2263
2018-03-08 01:40,2258
2018-03-08 01:45,2250
2018-03-08 01:50,2245
2018-03-08 01:55,2221
2018-03-08 02:00,2212
2018-03-08 02:05,2205
2018-03-08 02:10,2216
2018-03-08 02:15,2219
2018-03-08 02:20,2205
2018-03-08 02:25,2200
2018-03-08 02:30,2189
2018-03-08 02:35,2196
2018-03-08 02:40,2204
2018-03-08 02:45,2216
2018-03-08 02:50,2202
2018-03-08 02:55,2177
2018-03-08 03:00,2165
2018-03-08 03:05,2143
2018-03-08 03:10,2119
2018-03-08 03:15,2124
2018-03-08 03:20,2097
2018-03-08 03:25,2088
2018-03-08 03:30,2081
2018-03-08 03:35,2067
2018-03-08 03:40,2046
2018-03-08 03:45,2004
2018-03-08 03:50,1996
2018-03-08 03:55,1988
2018-03-08 04:00,1950
2018-03-08 04:05,1944
2018-03-08 04:10,1908
2018-03-08 04:15,1880
2018-03-08 04:20,1880
2018-03-08 04:25,1861
2018-03-08 04:30,1838
2018-03-08 04:35,1824
2018-03-08 04:40,1814
2018-03-08 04:45,1796
2018-03-08 04:50,1792
2018-03-08 04:55,1787
2018-03-08 05:00,1770
2018-03-08 05:05,1771
2018-03-08 05:10,1770
2018-03-08 05:15,1741
2018-03-08 05:20,1743
2018-03-08 05:25,1739
2018-03-08 05:30,1719
2018-03-08 05:35,1709
2018-03-08 05:40,1706
2018-03-08 05:45,1698
2018-03-08 05:50,1694
2018-03-08 05:55,1704
2018-03-08 06:00,1697
2018-03-08 06:05,1711
2018-03-08 06:10,1728
2018-03-08 06:15,1704
2018-03-08 06:20,1706
2018-03-08 06:25,1689
2018-03-08 06:30,1720
2018-03-08 06:35,1734
2018-03-08 06:40,1726
2018-03-08 06:45,1736
2018-03-08 06:50,1743
2018-03-08 06:55,1736
2018-03-08 07:00,1751
2018-03-08 07:05,1743
2018-03-08 07:10,1756
2018-03-08 07:15,1778
2018-03-08 07:20,1781
2018-03-08 07:25,1782
2018-03-08 07:30,1794
2018-03-08 07:35,1802
2018-03-08 07:40,1814
2018-03-08 07:45,1848
2018-03-08 07:50,1866
2018-03-08 07:55,1882
2018-03-08 08:00,1881
2018-03-08 08:05,1895
2018-03-08 08:10,1893
2018-03-08 08:15,1913
2018-03-08 08:20,1916
2018-03-08 08:25,1899
2018-03-08 08:30,1914
2018-03-08 08:35,1924
2018-03-08 08:40,1934
2018-03-08 08:45,1945
2018-03-08 08:50,1963
2018-03-08 08:55,1969
2018-03-08 09:00,1973
2018-03-08 09:05,1995
2018-03-08 09:10,1996
2018-03-08 09:15,2009
2018-03-08 09:20,2012
2018-03-08 09:25,2027
2018-03-08 09:30,2057
2018-03-08 09:35,2070
2018-03-08 09:40,2092
2018-03-08 09:45,2101
2018-03-08 09:50,2111
2018-03-08 09:55,2127
2018-03-08 10:00,2142
2018-03-08 10:05,2149
2018-03-08 10:10,2178
2018-03-08 10:15,2177
2018-03-08 10:20,2204
2018-03-08 10:25,2230
2018-03-08 10:30,2234
2018-03-08 10:35,2251
2018-03-08 10:40,2278
2018-03-08 10:45,2278
2018-03-08 10:50,2294
2018-03-08 10:55,2309
2018-03-08 11:00,2328
2018-03-08 11:05,2334
2018-03-08 11:10,2346
2018-03-08 11:15,2363
2018-03-08 11:20,2423
2018-03-08 11:25,2421
2018-03-08 11:30,2418
2018-03-08 11:35,2422
2018-03-08 11:40,2449
2018-03-08 11:45,2419
2018-03-08 11:50,2440
2018-03-08 11:55,2442
2018-03-08 12:00,2471
2018-03-08 12:05,2470
2018-03-08 12:10,2463
2018-03-08 12:15,2464
2018-03-08 12:20,2501
2018-03-08 12:25,2505
2018-03-08 12:30,2536
2018-03-08 12:35,2520
2018-03-08 12:40,2546
2018-03-08 12:45,2530
2018-03-08 12:50,2565
2018-03-08 12:55,2575
2018-03-08 13:00,2600
2018-03-08 13:05,2619
2018-03-08 13:10,2644
2018-03-08 13:15,2649
2018-03-08 13:20,2640
2018-03-08 13:25,2659
2018-03-08 13:30,2696
2018-03-08 13:35,2682
2018-03-08 13:40,2718
2018-03-08 13:45,2712
2018-03-08 13:50,2720
2018-03-08 13:55,2713
2018-03-08 14:00,2749
2018-03-08 14:05,2785
2018-03-08 14:10,2769
2018-03-08 14:15,2801
2018-03-08 14:20,2804
2018-03-08 14:25,2827
2018-03-08 14:30,2815
2018-03-08 14:35,2809
2018-03-08 14:40,2819
2018-03-08 14:45,2814
2018-03-08 14:50,2778
2018-03-08 14:55,2736
2018-03-08 15:00,2612
2018-03-08 15:05,2309
2018-03-08 15:10,1800
2018-03-08 15:15,1771
2018-03-08 15:20,1763
2018-03-08 15:25,1776
2018-03-08 15:30,1798
2018-03-08 15:35,1825
2018-03-08 15:40,1812
2018-03-08 15:45,1810
2018-03-08 15:50,1825
2018-03-08 15:55,1856
2018-03-08 16:00,1883
2018-03-08 16:05,1901
2018-03-08 16:10,1905
2018-03-08 16:15,1894
2018-03-08 16:20,1901
2018-03-08 16:25,1903
2018-03-08 16:30,1959
2018-03-08 16:35,1967
2018-03-08 16:40,2002
2018-03-08 16:45,2024
2018-03-08 16:50,2067
2018-03-08 16:55,2100
2018-03-08 17:00,2165
2018-03-08 17:05,2250
2018-03-08 17:10,2350
2018-03-08 17:15,2412
2018-03-08 17:20,2397
2018-03-08 17:25,2420
2018-03-08 17:30,2453
2018-03-08 17:35,2471
2018-03-08 17:40,2710
2018-03-08 17:45,3019
2018-03-08 17:50,3175
2018-03-08 17:55,3334
2018-03-08 18:00,3478
2018-03-08 18:05,3565
2018-03-08 18:10,3647
2018-03-08 18:15,3711
2018-03-08 18:20,3754
2018-03-08 18:25,3816
2018-03-08 18:30,3853
2018-03-08 18:35,3918
2018-03-08 18:40,3960
2018-03-08 18:45,4005
2018-03-08 18:50,3988
2018-03-08 18:55,3986
2018-03-08 19:00,3982
2018-03-08 19:05,3965
2018-03-08 19:10,3950
2018-03-08 19:15,3951
2018-03-08 19:20,3954
2018-03-08 19:25,3937
2018-03-08 19:30,3915
2018-03-08 19:35,3922
2018-03-08 19:40,3898
2018-03-08 19:45,3887
2018-03-08 19:50,3906
2018-03-08 19:55,3884
2018-03-08 20:00,3860
2018-03-08 20:05,3853
2018-03-08 20:10,3824
2018-03-08 20:15,3847
2018-03-08 20:20,3827
2018-03-08 20:25,3801
2018-03-08 20:30,3793
2018-03-08 20:35,3780
2018-03-08 20:40,3753
2018-03-08 20:45,3732
2018-03-08 20:50,3727
2018-03-08 20:55,3706
2018-03-08 21:00,3668
2018-03-08 21:05,3619
2018-03-08 21:10,3632
2018-03-08 21:15,3593
2018-03-08 21:20,3571
2018-03-08 21:25,3546
2018-03-08 21:30,3514
2018-03-08 21:35,3452
2018-03-08 21:40,3421
2018-03-08 21:45,3396
2018-03-08 21:50,3399
2018-03-08 21:55,3356
2018-03-08 22:00,3307
2018-03-08 22:05,3266
2018-03-08 22:10,3221
2018-03-08 22:15,3190
2018-03-08 22:20,3176
2018-03-08 22:25,3131
2018-03-08 22:30,3093
2018-03-08 22:35,3052
2018-03-08 22:40,3008
2018-03-08 22:45,2939
2018-03-08 22:50,2907
2018-03-08 22:55,2898
2018-03-08 23:00,2897
2018-03-08 23:05,2865
2018-03-08 23:10,2853
2018-03-08 23:15,2814
2018-03-08 23:20,2791
2018-03-08 23:25,2768
2018-03-08 23:30,2731
2018-03-08 23:35,2739
2018-03-08 23:40,2683
2018-03-08 23:45,2657
2018-03-08 23:50,2620
2018-03-08 23:55,2618
2018-03-09 00:00,2600
2018-03-09 00:05,2589
2018-03-09 00:10,2553
2018-03-09 00:15,2558
2018-03-09 00:20,2530
2018-03-09 00:25,2518
2018-03-09 00:30,2510
2018-03-09 00:35,2521
2018-03-09 00:40,2513
2018-03-09 00:45,2498
2018-03-09 00:50,2480
2018-03-09 00:55,2462
2018-03-09 01:00,2442
2018-03-09 01:05,2392
2018-03-09 01:10,2318
2018-03-09 01:15,2310
2018-03-09 01:20,2319
2018-03-09 01:25,2302
2018-03-09 01:30,2293
2018-03-09 01:35,2297
2018-03-09 01:40,2279
2018-03-09 01:45,2271
2018-03-09 01:50,2272
2018-03-09 01:55,2271
2018-03-09 02:00,2293
2018-03-09 02:05,2267
2018-03-09 02:10,2247
2018-03-09 02:15,2245
2018-03-09 02:20,2243
2018-03-09 02:25,2252
2018-03-09 02:30,2242
2018-03-09 02:35,2225
2018-03-09 02:40,2235
2018-03-09 02:45,2211
2018-03-09 02:50,2213
2018-03-09 02:55,2187
2018-03-09 03:00,2181
2018-03-09 03:05,2156
2018-03-09 03:10,2154
2018-03-09 03:15,2141
2018-03-09 03:20,2128
2018-03-09 03:25,2122
2018-03-09 03:30,2111
2018-03-09 03:35,2128
2018-03-09 03:40,2088
2018-03-09 03:45,2071
2018-03-09 03:50,2063
2018-03-09 03:55,2039
2018-03-09 04:00,2039
2018-03-09 04:05,2022
2018-03-09 04:10,1987
2018-03-09 04:15,1966
2018-03-09 04:20,1944
2018-03-09 04:25,1938
2018-03-09 04:30,1923
2018-03-09 04:35,1914
2018-03-09 04:40,1902
2018-03-09 04:45,1895
2018-03-09 04:50,1893
2018-03-09 04:55,1884
2018-03-09 05:00,1896
2018-03-09 05:05,1859
2018-03-09 05:10,1854
2018-03-09 05:15,1847
2018-03-09 05:20,1833
2018-03-09 05:25,1820
2018-03-09 05:30,1827
2018-03-09 05:35,1822
2018-03-09 05:40,1809
2018-03-09 05:45,1801
2018-03-09 05:50,1811
2018-03-09 05:55,1804
2018-03-09 06:00,1795
2018-03-09 06:05,1797
2018-03-09 06:10,1793
2018-03-09 06:15,1778
2018-03-09 06:20,0
2018-03-09 06:25,1804
2018-03-09 06:30,1818
2018-03-09 06:35,1826
2018-03-09 06:40,1815
2018-03-09 06:45,1814
2018-03-09 06:50,1832
2018-03-09 06:55,1840
2018-03-09 07:00,1846
2018-03-09 07:05,1830
2018-03-09 07:10,1848
2018-03-09 07:15,1856
2018-03-09 07:20,1868
2018-03-09 07:25,1842
2018-03-09 07:30,1852
2018-03-09 07:35,1866
2018-03-09 07:40,1847
2018-03-09 07:45,1877
2018-03-09 07:50,1855
2018-03-09 07:55,1865
2018-03-09 08:00,1880
2018-03-09 08:05,1869
2018-03-09 08:10,1896
2018-03-09 08:15,1892
2018-03-09 08:20,1904
2018-03-09 08:25,1939
2018-03-09 08:30,1953
2018-03-09 08:35,1969
2018-03-09 08:40,1993
2018-03-09 08:45,2008
2018-03-09 08:50,2036
2018-03-09 08:55,2051
2018-03-09 09:00,2028
2018-03-09 09:05,2032
2018-03-09 09:10,2037
2018-03-09 09:15,2063
2018-03-09 09:20,2090
2018-03-09 09:25,2109
2018-03-09 09:30,2127
2018-03-09 09:35,2151
2018-03-09 09:40,2166
2018-03-09 09:45,2177
2018-03-09 09:50,2211
2018-03-09 09:55,2216
2018-03-09 10:00,2234
2018-03-09 10:05,2292
2018-03-09 10:10,2318
2018-03-09 10:15,2314
2018-03-09 10:20,2335
2018-03-09 10:25,2337
2018-03-09 10:30,2338
2018-03-09 10:35,2346
2018-03-09 10:40,2376
2018-03-09 10:45,2391
2018-03-09 10:50,2395
2018-03-09 10:55,2399
2018-03-09 11:00,2452
2018-03-09 11:05,2459
2018-03-09 11:10,2503
2018-03-09 11:15,2529
2018-03-09 11:20,2536
2018-03-09 11:25,2561
2018-03-09 11:30,2551
2018-03-09 11:35,2560
2018-03-09 11:40,2583
2018-03-09 11:45,2571
2018-03-09 11:50,2587
2018-03-09 11:55,2610
2018-03-09 12:00,2619
2018-03-09 12:05,2633
2018-03-09 12:10,2659
2018-03-09 12:15,2687
2018-03-09 12:20,2701
2018-03-09 12:25,2718
2018-03-09 12:30,2726
2018-03-09 12:35,2755
2018-03-09 12:40,2728
2018-03-09 12:45,2762
2018-03-09 12:50,2751
2018-03-09 12:55,2749
2018-03-09 13:00,2773
2018-03-09 13:05,2811
2018-03-09 13:10,2803
2018-03-09 13:15,2823
2018-03-09 13:20,2859
2018-03-09 13:25,2863
2018-03-09 13:30,2879
2018-03-09 13:35,2908
2018-03-09 13:40,2925
2018-03-09 13:45,2960
2018-03-09 13:50,2942
2018-03-09 13:55,2967
2018-03-09 14:00,2963
2018-03-09 14:05,2994
2018-03-09 14:10,3012
2018-03-09 14:15,3044
2018-03-09 14:20,3063
2018-03-09 14:25,3061
2018-03-09 14:30,3099
2018-03-09 14:35,3113
2018-03-09 14:40,3138
2018-03-09 14:45,3159
2018-03-09 14:50,3189
2018-03-09 14:55,3199
2018-03-09 15:00,3219
2018-03-09 15:05,3247
2018-03-09 15:10,3252
2018-03-09 15:15,3251
2018-03-09 15:20,3241
2018-03-09 15:25,3267
2018-03-09 15:30,3280
2018-03-09 15:35,3302
2018-03-09 15:40,3321
2018-03-09 15:45,3326
2018-03-09 15:50,3316
2018-03-09 15:55,3312
2018-03-09 16:00,3322
2018-03-09 16:05,3350
2018-03-09 16:10,3397
2018-03-09 16:15,3449
2018-03-09 16:20,3461
2018-03-09 16:25,3461
2018-03-09 16:30,3477
2018-03-09 16:35,3510
2018-03-09 16:40,3521
2018-03-09 16:45,3514
2018-03-09 16:50,3499
2018-03-09 16:55,3519
2018-03-09 17:00,3524
2018-03-09 17:05,3559
2018-03-09 17:10,3579
2018-03-09 17:15,3586
2018-03-09 17:20,3578
2018-03-09 17:25,3556
2018-03-09 17:30,3545
2018-03-09 17:35,3540
2018-03-09 17:40,3552
2018-03-09 17:45,3593
2018-03-09 17:50,3606
2018-03-09 17:55,3601
2018-03-09 18:00,3598
2018-03-09 18:05,3593
2018-03-09 18:10,3587
2018-03-09 18:15,3589
2018-03-09 18:20,3609
2018-03-09 18:25,3605
2018-03-09 18:30,3631
2018-03-09 18:35,3639
2018-03-09 18:40,3651
2018-03-09 18:45,3653
2018-03-09 18:50,3634
2018-03-09 18:55,3623
2018-03-09 19:00,3632
2018-03-09 19:05,3627
2018-03-09 19:10,3639
2018-03-09 19:15,3638
2018-03-09 19:20,3645
2018-03-09 19:25,3677
2018-03-09 19:30,3705
2018-03-09 19:35,3710
2018-03-09 19:40,3723
2018-03-09 19:45,3732
2018-03-09 19:50,3738
2018-03-09 19:55,3725
2018-03-09 20:00,3724
2018-03-09 20:05,3706
2018-03-09 20:10,3694
2018-03-09 20:15,3692
2018-03-09 20:20,3714
2018-03-09 20:25,3701
2018-03-09 20:30,3693
2018-03-09 20:35,3705
2018-03-09 20:40,3712
2018-03-09 20:45,3710
2018-03-09 20:50,3713
2018-03-09 20:55,3709
2018-03-09 21:00,3702
2018-03-09 21:05,3697
2018-03-09 21:10,3686
2018-03-09 21:15,0
2018-03-09 21:20,3647
2018-03-09 21:25,3623
2018-03-09 21:30,3614
2018-03-09 21:35,3600
2018-03-09 21:40,3581
2018-03-09 21:45,3589
2018-03-09 21:50,3561
2018-03-09 21:55,3514
2018-03-09 22:00,3504
2018-03-09 22:05,3487
2018-03-09 22:10,3460
2018-03-09 22:15,3431
2018-03-09 22:20,3417
2018-03-09 22:25,3386
2018-03-09 22:30,3368
2018-03-09 22:35,3305
2018-03-09 22:40,3283
2018-03-09 22:45,3287
2018-03-09 22:50,3236
2018-03-09 22:55,3236
2018-03-09 23:00,3222
2018-03-09 23:05,3181
2018-03-09 23:10,3142
2018-03-09 23:15,3091
2018-03-09 23:20,3067
2018-03-09 23:25,3058
2018-03-09 23:30,3033
2018-03-09 23:35,3008
2018-03-09 23:40,2946
2018-03-09 23:45,2896
2018-03-09 23:50,2888
2018-03-09 23:55,2854
2018-03-10 00:00,2859
2018-03-10 00:05,2803
2018-03-10 00:10,2799
2018-03-10 00:15,2792
2018-03-10 00:20,2767
2018-03-10 00:25,2732
2018-03-10 00:30,2727
2018-03-10 00:35,2695
2018-03-10 00:40,2661
2018-03-10 00:45,2623
2018-03-10 00:50,2595
2018-03-10 00:55,2566
2018-03-10 01:00,2538
2018-03-10 01:05,2529
2018-03-10 01:10,2520
2018-03-10 01:15,2511
2018-03-10 01:20,2506
2018-03-10 01:25,2516
2018-03-10 01:30,2490
2018-03-10 01:35,2479
2018-03-10 01:40,2466
2018-03-10 01:45,2461
2018-03-10 01:50,2424
2018-03-10 01:55,2386
2018-03-10 02:00,2375
2018-03-10 02:05,2378
2018-03-10 02:10,2371
2018-03-10 02:15,2341
2018-03-10 02:20,2335
2018-03-10 02:25,2331
2018-03-10 02:30,2336
2018-03-10 02:35,2321
2018-03-10 02:40,2321
2018-03-10 02:45,2305
2018-03-10 02:50,2320
2018-03-10 02:55,2297
2018-03-10 03:00,2293
2018-03-10 03:05,2279
2018-03-10 03:10,2310
2018-03-10 03:15,2302
2018-03-10 03:20,2282
2018-03-10 03:25,2260
2018-03-10 03:30,2233
2018-03-10 03:35,2214
2018-03-10 03:40,2214
2018-03-10 03:45,2197
2018-03-10 03:50,2181
2018-03-10 03:55,2162
2018-03-10 04:00,2180
2018-03-10 04:05,2147
2018-03-10 04:10,2127
2018-03-10 04:15,2119
2018-03-10 04:20,2136
2018-03-10 04:25,2133
2018-03-10 04:30,2112
2018-03-10 04:35,2124
2018-03-10 04:40,2103
2018-03-10 04:45,2099
2018-03-10 04:50,2080
2018-03-10 04:55,2053
2018-03-10 05:00,2030
2018-03-10 05:05,1994
2018-03-10 05:10,2015
2018-03-10 05:15,2002
2018-03-10 05:20,1997
2018-03-10 05:25,1997
2018-03-10 05:30,1992
2018-03-10 05:35,2009
2018-03-10 05:40,1996
2018-03-10 05:45,1996
2018-03-10 05:50,1983
2018-03-10 05:55,1987
2018-03-10 06:00,1977
2018-03-10 06:05,1963
2018-03-10 06:10,1963
2018-03-10 06:15,1969
2018-03-10 06:20,1968
2018-03-10 06:25,1950
2018-03-10 06:30,1964
2018-03-10 06:35,1953
2018-03-10 06:40,1963
2018-03-10 06:45,1990
2018-03-10 06:50,1999
2018-03-10 06:55,2012
2018-03-10 07:00,2022
2018-03-10 07:05,2007
2018-03-10 07:10,2053
2018-03-10 07:15,2064
2018-03-10 07:20,2073
2018-03-10 07:25,2098
2018-03-10 07:30,2118
2018-03-10 07:35,2158
2018-03-10 07:40,2146
2018-03-10 07:45,2169
2018-03-10 07:50,2192
2018-03-10 07:55,2201
2018-03-10 08:00,2226
2018-03-10 08:05,2238
2018-03-10 08:10,2267
2018-03-10 08:15,2270
2018-03-10 08:20,2302
2018-03-10 08:25,2325
2018-03-10 08:30,2357
2018-03-10 08:35,2392
2018-03-10 08:40,2420
2018-03-10 08:45,2446
2018-03-10 08:50,2460
2018-03-10 08:55,2478
2018-03-10 09:00,2475
2018-03-10 09:05,2481
2018-03-10 09:10,2490
2018-03-10 09:15,2493
2018-03-10 09:20,2543
2018-03-10 09:25,2565
2018-03-10 09:30,2543
2018-03-10 09:35,2561
2018-03-10 09:40,2574
2018-03-10 09:45,2599
2018-03-10 09:50,2607
2018-03-10 09:55,2639
2018-03-10 10:00,2685
2018-03-10 10:05,2698
2018-03-10 10:10,2717
2018-03-10 10:15,2749
2018-03-10 10:20,2788
2018-03-10 10:25,2821
2018-03-10 10:30,2823
2018-03-10 10:35,2867
2018-03-10 10:40,2870
2018-03-10 10:45,2902
2018-03-10 10:50,2949
2018-03-10 10:55,2952
2018-03-10 11:00,2973
2018-03-10 11:05,2998
2018-03-10 11:10,3032
2018-03-10 11:15,3062
2018-03-10 11:20,3097
2018-03-10 11:25,3119
2018-03-10 11:30,3164
2018-03-10 11:35,3157
2018-03-10 11:40,3174
2018-03-10 11:45,3202
2018-03-10 11:50,3194
2018-03-10 11:55,3200
2018-03-10 12:00,3222
2018-03-10 12:05,3248
2018-03-10 12:10,3228
2018-03-10 12:15,3316
2018-03-10 12:20,3341
2018-03-10 12:25,3325
2018-03-10 12:30,3366
2018-03-10 12:35,3393
2018-03-10 12:40,3421
2018-03-10 12:45,3399
2018-03-10 12:50,3399
2018-03-10 12:55,3398
2018-03-10 13:00,3417
2018-03-10 13:05,3417
2018-03-10 13:10,3434
2018-03-10 13:15,3443
2018-03-10 13:20,3476
2018-03-10 13:25,3516
2018-03-10 13:30,3512
2018-03-10 13:35,3565
2018-03-10 13:40,3582
2018-03-10 13:45,3580
2018-03-10 13:50,0
2018-03-10 13:55,3634
2018-03-10 14:00,3645
2018-03-10 14:05,3677
2018-03-10 14:10,3679
2018-03-10 14:15,3677
2018-03-10 14:20,3697
2018-03-10 14:25,3703
2018-03-10 14:30,3693
2018-03-10 14:35,3696
2018-03-10 14:40,3737
2018-03-10 14:45,3803
2018-03-10 14:50,3820
2018-03-10 14:55,3829
2018-03-10 15:00,3841
2018-03-10 15:05,3851
2018-03-10 15:10,3869
2018-03-10 15:15,3855
2018-03-10 15:20,3861
2018-03-10 15:25,3879
2018-03-10 15:30,3905
2018-03-10 15:35,3889
2018-03-10 15:40,3900
2018-03-10 15:45,3873
2018-03-10 15:50,3875
2018-03-10 15:55,3873
2018-03-10 16:00,3869
2018-03-10 16:05,3863
2018-03-10 16:10,3887
2018-03-10 16:15,3872
2018-03-10 16:20,3882
2018-03-10 16:25,3923
2018-03-10 16:30,3958
2018-03-10 16:35,3974
2018-03-10 16:40,3980
2018-03-10 16:45,3975
2018-03-10 16:50,3963
2018-03-10 16:55,3953
2018-03-10 17:00,3956
2018-03-10 17:05,3995
2018-03-10 17:10,4015
2018-03-10 17:15,4032
2018-03-10 17:20,4032
2018-03-10 17:25,4076
2018-03-10 17:30,4056
2018-03-10 17:35,4064
2018-03-10 17:40,4038
2018-03-10 17:45,4023
2018-03-10 17:50,3996
2018-03-10 17:55,3980
2018-03-10 18:00,3968
2018-03-10 18:05,3997
2018-03-10 18:10,3983
2018-03-10 18:15,3978
2018-03-10 18:20,3982
2018-03-10 18:25,4017
2018-03-10 18:30,4023
2018-03-10 18:35,4032
2018-03-10 18:40,4061
2018-03-10 18:45,4069
2018-03-10 18:50,4052
2018-03-10 18:55,4053
2018-03-10 19:00,4068
2018-03-10 19:05,4080
2018-03-10 19:10,4083
2018-03-10 19:15,4064
2018-03-10 19:20,4062
2018-03-10 19:25,4059
2018-03-10 19:30,4057
2018-03-10 19:35,4037
2018-03-10 19:40,4041
2018-03-10 19:45,4044
2018-03-10 19:50,4037
2018-03-10 19:55,4018
2018-03-10 20:00,4006
2018-03-10 20:05,4025
2018-03-10 20:10,4040
2018-03-10 20:15,4027
2018-03-10 20:20,4018
2018-03-10 20:25,4029
2018-03-10 20:30,4029
2018-03-10 20:35,4043
2018-03-10 20:40,4043
2018-03-10 20:45,4015
2018-03-10 20:50,4009
2018-03-10 20:55,4002
2018-03-10 21:00,3962
2018-03-10 21:05,3945
2018-03-10 21:10,3941
2018-03-10 21:15,3958
2018-03-10 21:20,3943
2018-03-10 21:25,3902
2018-03-10 21:30,3889
2018-03-10 21:35,3863
2018-03-10 21:40,3858
2018-03-10 21:45,3850
2018-03-10 21:50,3824
2018-03-10 21:55,3793
2018-03-10 22:00,3766
2018-03-10 22:05,3734
2018-03-10 22:10,3701
2018-03-10 22:15,3661
2018-03-10 22:20,3616
2018-03-10 22:25,3582
2018-03-10 22:30,3556
2018-03-10 22:35,3507
2018-03-10 22:40,3515
2018-03-10 22:45,3498
2018-03-10 22:50,3458
2018-03-10 22:55,3421
2018-03-10 23:00,3384
2018-03-10 23:05,3324
2018-03-10 23:10,3290
2018-03-10 23:15,3274
2018-03-10 23:20,3235
2018-03-10 23:25,3235
2018-03-10 23:30,3205
2018-03-10 23:35,3201
2018-03-10 23:40,3182
2018-03-10 23:45,3160
2018-03-10 23:50,3126
2018-03-10 23:55,3072
2018-03-11 00:00,3058
2018-03-11 00:05,3018
2018-03-11 00:10,2985
2018-03-11 00:15,2949
2018-03-11 00:20,2919
2018-03-11 00:25,2882
2018-03-11 00:30,2844
2018-03-11 00:35,2826
2018-03-11 00:40,2815
2018-03-11 00:45,2773
2018-03-11 00:50,2754
2018-03-11 00:55,2733
2018-03-11 01:00,2738
2018-03-11 01:05,2724
2018-03-11 01:10,2678
2018-03-11 01:15,2667
2018-03-11 01:20,2634
2018-03-11 01:25,2640
2018-03-11 01:30,2655
2018-03-11 01:35,2656
2018-03-11 01:40,2645
2018-03-11 01:45,2629
2018-03-11 01:50,2627
2018-03-11 01:55,2623
2018-03-11 02:00,2608
2018-03-11 02:05,2615
2018-03-11 02:10,2604
2018-03-11 02:15,2585
2018-03-11 02:20,2557
2018-03-11 02:25,2528
2018-03-11 02:30,2519
2018-03-11 02:35,2504
2018-03-11 02:40,2501
2018-03-11 02:45,2497
2018-03-11 02:50,2472
2018-03-11 02:55,2461
2018-03-11 03:00,2441
2018-03-11 03:05,2433
2018-03-11 03:10,2422
2018-03-11 03:15,2414
2018-03-11 03:20,2412
2018-03-11 03:25,2415
2018-03-11 03:30,2371
2018-03-11 03:35,2342
2018-03-11 03:40,2358
2018-03-11 03:45,2359
2018-03-11 03:50,2328
2018-03-11 03:55,2314
2018-03-11 04:00,2301
2018-03-11 04:05,2288
2018-03-11 04:10,2296
2018-03-11 04:15,2287
2018-03-11 04:20,2253
2018-03-11 04:25,2278
2018-03-11 04:30,2252
2018-03-11 04:35,2222
2018-03-11 04:40,2198
2018-03-11 04:45,2155
2018-03-11 04:50,2119
2018-03-11 04:55,2092
2018-03-11 05:00,2064
2018-03-11 05:05,2046
2018-03-11 05:10,2028
2018-03-11 05:15,2018
2018-03-11 05:20,2025
2018-03-11 05:25,1994
2018-03-11 05:30,2002
2018-03-11 05:35,1993
2018-03-11 05:40,1983
2018-03-11 05:45,1974
2018-03-11 05:50,1976
2018-03-11 05:55,1999
2018-03-11 06:00,2010
2018-03-11 06:05,1985
2018-03-11 06:10,1999
2018-03-11 06:15,1974
2018-03-11 06:20,1961
2018-03-11 06:25,1975
2018-03-11 06:30,1988
2018-03-11 06:35,1984
2018-03-11 06:40,1979
2018-03-11 06:45,1991
2018-03-11 06:50,1999
2018-03-11 06:55,2024
2018-03-11 07:00,2036
2018-03-11 07:05,2049
2018-03-11 07:10,2063
2018-03-11 07:15,2071
2018-03-11 07:20,2074
2018-03-11 07:25,2069
2018-03-11 07:30,2088
2018-03-11 07:35,2098
2018-03-11 07:40,2125
2018-03-11 07:45,2159
2018-03-11 07:50,2173
2018-03-11 07:55,2200
2018-03-11 08:00,2229
2018-03-11 08:05,2240
2018-03-11 08:10,2273
2018-03-11 08:15,2282
2018-03-11 08:20,2317
2018-03-11 08:25,2321
2018-03-11 08:30,2339
2018-03-11 08:35,2388
2018-03-11 08:40,2440
2018-03-11 08:45,2496
2018-03-11 08:50,2523
2018-03-11 08:55,2551
2018-03-11 09:00,2606
2018-03-11 09:05,2623
2018-03-11 09:10,2643
2018-03-11 09:15,2676
2018-03-11 09:20,2686
2018-03-11 09:25,2736
2018-03-11 09:30,2776
2018-03-11 09:35,2807
2018-03-11 09:40,2832
2018-03-11 09:45,2867
2018-03-11 09:50,2891
2018-03-11 09:55,2915
2018-03-11 10:00,2918
2018-03-11 10:05,2968
2018-03-11 10:10,2970
2018-03-11 10:15,3000
2018-03-11 10:20,3041
2018-03-11 10:25,3057
2018-03-11 10:30,3095
2018-03-11 10:35,3133
2018-03-11 10:40,3163
2018-03-11 10:45,3198
2018-03-11 10:50,3179
2018-03-11 10:55,3213
2018-03-11 11:00,3250
2018-03-11 11:05,3255
2018-03-11 11:10,3278
2018-03-11 11:15,3279
2018-03-11 11:20,3283
2018-03-11 11:25,3285
2018-03-11 11:30,3294
2018-03-11 11:35,3291
2018-03-11 11:40,3317
2018-03-11 11:45,3322
2018-03-11 11:50,3351
2018-03-11 11:55,3345
2018-03-11 12:00,3375
2018-03-11 12:05,3403
2018-03-11 12:10,3396
2018-03-11 12:15,3416
2018-03-11 12:20,3432
2018-03-11 12:25,3442
2018-03-11 12:30,3423
2018-03-11 12:35,3447
2018-03-11 12:40,3472
2018-03-11 12:45,3471
2018-03-11 12:50,3498
2018-03-11 12:55,3508
2018-03-11 13:00,3532
2018-03-11 13:05,3530
2018-03-11 13:10,3517
2018-03-11 13:15,3526
2018-03-11 13:20,3556
2018-03-11 13:25,3545
2018-03-11 13:30,3564
2018-03-11 13:35,3580
2018-03-11 13:40,0
2018-03-11 13:45,3611
2018-03-11 13:50,3637
2018-03-11 13:55,3673
2018-03-11 14:00,3671
2018-03-11 14:05,3678
2018-03-11 14:10,3721
2018-03-11 14:15,3708
2018-03-11 14:20,3728
2018-03-11 14:25,3705
2018-03-11 14:30,3711
2018-03-11 14:35,3739
2018-03-11 14:40,3784
2018-03-11 14:45,3795
2018-03-11 14:50,3830
2018-03-11 14:55,3838
2018-03-11 15:00,3805
2018-03-11 15:05,3810
2018-03-11 15:10,3883
2018-03-11 15:15,3905
2018-03-11 15:20,3944
2018-03-11 15:25,3930
2018-03-11 15:30,3928
2018-03-11 15:35,3925
2018-03-11 15:40,3953
2018-03-11 15:45,3957
2018-03-11 15:50,3977
2018-03-11 15:55,4021
2018-03-11 16:00,4017
2018-03-11 16:05,4054
2018-03-11 16:10,4087
2018-03-11 16:15,4129
2018-03-11 16:20,4137
2018-03-11 16:25,4148
2018-03-11 16:30,4143
2018-03-11 16:35,4194
2018-03-11 16:40,4200
2018-03-11 16:45,4166
2018-03-11 16:50,4202
2018-03-11 16:55,4187
2018-03-11 17:00,4233
2018-03-11 17:05,4240
2018-03-11 17:10,4256
2018-03-11 17:15,4263
2018-03-11 17:20,4307
2018-03-11 17:25,4335
2018-03-11 17:30,4372
2018-03-11 17:35,4390
2018-03-11 17:40,4386
2018-03-11 17:45,4387
2018-03-11 17:50,4431
2018-03-11 17:55,4437
2018-03-11 18:00,4449
2018-03-11 18:05,4456
2018-03-11 18:10,4433
2018-03-11 18:15,4456
2018-03-11 18:20,4473
2018-03-11 18:25,4495
2018-03-11 18:30,4495
2018-03-11 18:35,4510
2018-03-11 18:40,4526
2018-03-11 18:45,4515
2018-03-11 18:50,4507
2018-03-11 18:55,4519
2018-03-11 19:00,4512
2018-03-11 19:05,4503
2018-03-11 19:10,4465
2018-03-11 19:15,4445
2018-03-11 19:20,4456
2018-03-11 19:25,4436
2018-03-11 19:30,4445
2018-03-11 19:35,4408
2018-03-11 19:40,4381
2018-03-11 19:45,4359
2018-03-11 19:50,4364
2018-03-11 19:55,4351
2018-03-11 20:00,4371
2018-03-11 20:05,4337
2018-03-11 20:10,4336
2018-03-11 20:15,4314
2018-03-11 20:20,4315
2018-03-11 20:25,4286
2018-03-11 20:30,4264
2018-03-11 20:35,4232
2018-03-11 20:40,4178
2018-03-11 20:45,4142
2018-03-11 20:50,4110
2018-03-11 20:55,4078
2018-03-11 21:00,4029
2018-03-11 21:05,4010
2018-03-11 21:10,3992
2018-03-11 21:15,3943
2018-03-11 21:20,3919
2018-03-11 21:25,3874
2018-03-11 21:30,3828
2018-03-11 21:35,3765
2018-03-11 21:40,3747
2018-03-11 21:45,3721
2018-03-11 21:50,3655
2018-03-11 21:55,3619
2018-03-11 22:00,3566
2018-03-11 22:05,3529
2018-03-11 22:10,3488
2018-03-11 22:15,3456
2018-03-11 22:20,3393
2018-03-11 22:25,3370
2018-03-11 22:30,3351
2018-03-11 22:35,3326
2018-03-11 22:40,3274
2018-03-11 22:45,3239
2018-03-11 22:50,3201
2018-03-11 22:55,3161
2018-03-11 23:00,3143
2018-03-11 23:05,3126
2018-03-11 23:10,3094
2018-03-11 23:15,3049
2018-03-11 23:20,3036
2018-03-11 23:25,3008
2018-03-11 23:30,2974
2018-03-11 23:35,2957
2018-03-11 23:40,2920
2018-03-11 23:45,2902
2018-03-11 23:50,2875
2018-03-11 23:55,2833
2018-03-12 00:00,2773
2018-03-12 00:05,2760
2018-03-12 00:10,2729
2018-03-12 00:15,2705
2018-03-12 00:20,2661
2018-03-12 00:25,2631
2018-03-12 00:30,2623
2018-03-12 00:35,2617
2018-03-12 00:40,2593
2018-03-12 00:45,2568
2018-03-12 00:50,2532
2018-03-12 00:55,2509
2018-03-12 01:00,2527
2018-03-12 01:05,2511
2018-03-12 01:10,2543
2018-03-12 01:15,2557
2018-03-12 01:20,2528
2018-03-12 01:25,2515
2018-03-12 01:30,2483
2018-03-12 01:35,2444
2018-03-12 01:40,2441
2018-03-12 01:45,2424
2018-03-12 01:50,2381
2018-03-12 01:55,2361
2018-03-12 02:00,2333
2018-03-12 02:05,2326
2018-03-12 02:10,2327
2018-03-12 02:15,2299
2018-03-12 02:20,2268
2018-03-12 02:25,2260
2018-03-12 02:30,2239
2018-03-12 02:35,2217
2018-03-12 02:40,2209
2018-03-12 02:45,2212
2018-03-12 02:50,2171
2018-03-12 02:55,2160
2018-03-12 03:00,2133
2018-03-12 03:05,2124
2018-03-12 03:10,2086
2018-03-12 03:15,2072
2018-03-12 03:20,2054
2018-03-12 03:25,2020
2018-03-12 03:30,1991
2018-03-12 03:35,1966
2018-03-12 03:40,1952
2018-03-12 03:45,1962
2018-03-12 03:50,1945
2018-03-12 03:55,1919
2018-03-12 04:00,1909
2018-03-12 04:05,1906
2018-03-12 04:10,1873
2018-03-12 04:15,1849
2018-03-12 04:20,1849
2018-03-12 04:25,1826
2018-03-12 04:30,1822
2018-03-12 04:35,1800
2018-03-12 04:40,1778
2018-03-12 04:45,1756
2018-03-12 04:50,1735
2018-03-12 04:55,1725
2018-03-12 05:00,1719
2018-03-12 05:05,1709
2018-03-12 05:10,1687
2018-03-12 05:15,1668
2018-03-12 05:20,1657
2018-03-12 05:25,1642
2018-03-12 05:30,1650
2018-03-12 05:35,1665
2018-03-12 05:40,1653
2018-03-12 05:45,1646
2018-03-12 05:50,1596
2018-03-12 05:55,1563
2018-03-12 06:00,1541
2018-03-12 06:05,1531
2018-03-12 06:10,1527
2018-03-12 06:15,1526
2018-03-12 06:20,1553
2018-03-12 06:25,1542
2018-03-12 06:30,1515
2018-03-12 06:35,1516
2018-03-12 06:40,1533
2018-03-12 06:45,1535
2018-03-12 06:50,1513
2018-03-12 06:55,1533
2018-03-12 07:00,1535
2018-03-12 07:05,1558
2018-03-12 07:10,1576
2018-03-12 07:15,1585
2018-03-12 07:20,1576
2018-03-12 07:25,1564
2018-03-12 07:30,1581
2018-03-12 07:35,1576
2018-03-12 07:40,1564
2018-03-12 07:45,1592
2018-03-12 07:50,1597
2018-03-12 07:55,1590
2018-03-12 08:00,1590
2018-03-12 08:05,1577
2018-03-12 08:10,1590
2018-03-12 08:15,1595
2018-03-12 08:20,1629
2018-03-12 08:25,1639
2018-03-12 08:30,1656
2018-03-12 08:35,1675
2018-03-12 08:40,1696
2018-03-12 08:45,1702
2018-03-12 08:50,1724
2018-03-12 08:55,1728
2018-03-12 09:00,1744
2018-03-12 09:05,1761
2018-03-12 09:10,1774
2018-03-12 09:15,1814
2018-03-12 09:20,1810
2018-03-12 09:25,1828
2018-03-12 09:30,1844
2018-03-12 09:35,1852
2018-03-12 09:40,1871
2018-03-12 09:45,1861
2018-03-12 09:50,1885
2018-03-12 09:55,1920
2018-03-12 10:00,1933
2018-03-12 10:05,1969
2018-03-12 10:10,2000
2018-03-12 10:15,2012
2018-03-12 10:20,2040
2018-03-12 10:25,2065
2018-03-12 10:30,2081
2018-03-12 10:35,2113
2018-03-12 10:40,2149
2018-03-12 10:45,2163
2018-03-12 10:50,2181
2018-03-12 10:55,2184
2018-03-12 11:00,2205
2018-03-12 11:05,2219
2018-03-12 11:10,2240
2018-03-12 11:15,2260
2018-03-12 11:20,2296
2018-03-12 11:25,2259
2018-03-12 11:30,2292
2018-03-12 11:35,2300
2018-03-12 11:40,2306
2018-03-12 11:45,2312
2018-03-12 11:50,2324
2018-03-12 11:55,2351
2018-03-12 12:00,2359
2018-03-12 12:05,2389
2018-03-12 12:10,2409
2018-03-12 12:15,2437
2018-03-12 12:20,2442
2018-03-12 12:25,2438
2018-03-12 12:30,2478
2018-03-12 12:35,2471
2018-03-12 12:40,2473
2018-03-12 12:45,2492
2018-03-12 12:50,2518
2018-03-12 12:55,2543
2018-03-12 13:00,2560
2018-03-12 13:05,2557
2018-03-12 13:10,2587
2018-03-12 13:15,2614
2018-03-12 13:20,2664
2018-03-12 13:25,2695
2018-03-12 13:30,2693
2018-03-12 13:35,2682
2018-03-12 13:40,2716
2018-03-12 13:45,2722
2018-03-12 13:50,2751
2018-03-12 13:55,2792
2018-03-12 14:00,2797
2018-03-12 14:05,2801
2018-03-12 14:10,2817
2018-03-12 14:15,2838
2018-03-12 14:20,2869
2018-03-12 14:25,2854
2018-03-12 14:30,2876
2018-03-12 14:35,2878
2018-03-12 14:40,2873
2018-03-12 14:45,2873
2018-03-12 14:50,2887
2018-03-12 14:55,2924
2018-03-12 15:00,2933
2018-03-12 15:05,2988
2018-03-12 15:10,3011
2018-03-12 15:15,3060
2018-03-12 15:20,3090
2018-03-12 15:25,3181
2018-03-12 15:30,3205
2018-03-12 15:35,3220
2018-03-12 15:40,3214
2018-03-12 15:45,3246
2018-03-12 15:50,3266
2018-03-12 15:55,3264
2018-03-12 16:00,3280
2018-03-12 16:05,3286
2018-03-12 16:10,3310
2018-03-12 16:15,3330
2018-03-12 16:20,3344
2018-03-12 16:25,3393
2018-03-12 16:30,3389
2018-03-12 16:35,3402
2018-03-12 16:40,3431
2018-03-12 16:45,3445
2018-03-12 16:50,3438
2018-03-12 16:55,3489
2018-03-12 17:00,3478
2018-03-12 17:05,3499
2018-03-12 17:10,3509
2018-03-12 17:15,3518
2018-03-12 17:20,3567
2018-03-12 17:25,3592
2018-03-12 17:30,3624
2018-03-12 17:35,3627
2018-03-12 17:40,3665
2018-03-12 17:45,3663
2018-03-12 17:50,3658
2018-03-12 17:55,3648
2018-03-12 18:00,3660
2018-03-12 18:05,3715
2018-03-12 18:10,3696
2018-03-12 18:15,3677
2018-03-12 18:20,3703
2018-03-12 18:25,3703
2018-03-12 18:30,3701
2018-03-12 18:35,3736
2018-03-12 18:40,3725
2018-03-12 18:45,3715
2018-03-12 18:50,3702
2018-03-12 18:55,3701
2018-03-12 19:00,3717
2018-03-12 19:05,3727
2018-03-12 19:10,3719
2018-03-12 19:15,3727
2018-03-12 19:20,3726
2018-03-12 19:25,3729
2018-03-12 19:30,3706
2018-03-12 19:35,3693
2018-03-12 19:40,3719
2018-03-12 19:45,3734
2018-03-12 19:50,3723
2018-03-12 19:55,3714
2018-03-12 20:00,3716
2018-03-12 20:05,3691
2018-03-12 20:10,3684
2018-03-12 20:15,3677
2018-03-12 20:20,3629
2018-03-12 20:25,3591
2018-03-12 20:30,3616
2018-03-12 20:35,3602
2018-03-12 20:40,3561
2018-03-12 20:45,3514
2018-03-12 20:50,3501
2018-03-12 20:55,3482
2018-03-12 21:00,3476
2018-03-12 21:05,3426
2018-03-12 21:10,3393
2018-03-12 21:15,3340
2018-03-12 21:20,3290
2018-03-12 21:25,3292
2018-03-12 21:30,3277
2018-03-12 21:35,3233
2018-03-12 21:40,3206
2018-03-12 21:45,3175
2018-03-12 21:50,3154
2018-03-12 21:55,3093
2018-03-12 22:00,3076
2018-03-12 22:05,3072
2018-03-12 22:10,3060
2018-03-12 22:15,3032
2018-03-12 22:20,3025
2018-03-12 22:25,2985
2018-03-12 22:30,2968
2018-03-12 22:35,0
2018-03-12 22:40,2938
2018-03-12 22:45,2927
2018-03-12 22:50,2917
2018-03-12 22:55,2866
2018-03-12 23:00,2862
2018-03-12 23:05,2862
2018-03-12 23:10,2864
2018-03-12 23:15,2805
2018-03-12 23:20,2803
2018-03-12 23:25,2794
2018-03-12 23:30,2774
2018-03-12 23:35,2766
2018-03-12 23:40,2706
2018-03-12 23:45,2691
2018-03-12 23:50,2672
2018-03-12 23:55,2630
2018-03-13 00:00,2602
2018-03-13 00:05,2548
2018-03-13 00:10,2541
2018-03-13 00:15,2547
2018-03-13 00:20,2520
2018-03-13 00:25,2511
2018-03-13 00:30,2505
2018-03-13 00:35,2503
2018-03-13 00:40,2493
2018-03-13 00:45,2500
2018-03-13 00:50,2486
2018-03-13 00:55,2475
2018-03-13 01:00,2461
2018-03-13 01:05,2442
2018-03-13 01:10,2441
2018-03-13 01:15,2426
2018-03-13 01:20,2427
2018-03-13 01:25,2431
2018-03-13 01:30,2431
2018-03-13 01:35,2426
2018-03-13 01:40,2433
2018-03-13 01:45,2420
2018-03-13 01:50,2392
2018-03-13 01:55,2368
2018-03-13 02:00,2333
2018-03-13 02:05,2275
2018-03-13 02:10,2267
2018-03-13 02:15,2236
2018-03-13 02:20,2218
2018-03-13 02:25,2195
2018-03-13 02:30,2203
2018-03-13 02:35,2167
2018-03-13 02:40,2145
2018-03-13 02:45,2118
2018-03-13 02:50,2113
2018-03-13 02:55,2094
2018-03-13 03:00,2053
2018-03-13 03:05,2043
2018-03-13 03:10,2012
2018-03-13 03:15,1966
2018-03-13 03:20,1961
2018-03-13 03:25,1955
2018-03-13 03:30,1920
2018-03-13 03:35,1909
2018-03-13 03:40,1903
2018-03-13 03:45,1882
2018-03-13 03:50,1888
2018-03-13 03:55,1871
2018-03-13 04:00,1838
2018-03-13 04:05,1821
2018-03-13 04:10,1798
2018-03-13 04:15,1784
2018-03-13 04:20,1767
2018-03-13 04:25,1748
2018-03-13 04:30,1709
2018-03-13 04:35,1715
2018-03-13 04:40,1725
2018-03-13 04:45,1720
2018-03-13 04:50,1702
2018-03-13 04:55,1689
2018-03-13 05:00,1672
2018-03-13 05:05,1661
2018-03-13 05:10,1658
2018-03-13 05:15,1646
2018-03-13 05:20,1658
2018-03-13 05:25,1654
2018-03-13 05:30,1636
2018-03-13 05:35,1616
2018-03-13 05:40,1591
2018-03-13 05:45,1598
2018-03-13 05:50,1581
2018-03-13 05:55,1565
2018-03-13 06:00,1549
2018-03-13 06:05,1543
2018-03-13 06:10,1535
2018-03-13 06:15,1524
2018-03-13 06:20,1527
2018-03-13 06:25,1520
2018-03-13 06:30,1521
2018-03-13 06:35,1520
2018-03-13 06:40,1531
2018-03-13 06:45,1539
2018-03-13 06:50,1542
2018-03-13 06:55,1532
2018-03-13 07:00,1545
2018-03-13 07:05,1534
2018-03-13 07:10,1543
2018-03-13 07:15,1545
2018-03-13 07:20,1540
2018-03-13 07:25,1553
2018-03-13 07:30,1564
2018-03-13 07:35,1554
2018-03-13 07:40,1565
2018-03-13 07:45,1576
2018-03-13 07:50,1573
2018-03-13 07:55,1577
2018-03-13 08:00,1592
2018-03-13 08:05,1587
2018-03-13 08:10,1634
2018-03-13 08:15,1634
2018-03-13 08:20,1639
2018-03-13 08:25,1649
2018-03-13 08:30,1634
2018-03-13 08:35,1647
2018-03-13 08:40,1661
2018-03-13 08:45,1660
2018-03-13 08:50,1677
2018-03-13 08:55,1706
2018-03-13 09:00,1712
2018-03-13 09:05,1717
2018-03-13 09:10,1747
2018-03-13 09:15,1767
2018-03-13 09:20,1785
2018-03-13 09:25,1813
2018-03-13 09:30,1832
2018-03-13 09:35,1827
2018-03-13 09:40,1816
2018-03-13 09:45,1809
2018-03-13 09:50,1808
2018-03-13 09:55,1847
2018-03-13 10:00,1865
2018-03-13 10:05,1885
2018-03-13 10:10,1899
2018-03-13 10:15,1945
2018-03-13 10:20,1962
2018-03-13 10:25,1990
2018-03-13 10:30,2012
2018-03-13 10:35,2029
2018-03-13 10:40,2046
2018-03-13 10:45,2057
2018-03-13 10:50,2061
2018-03-13 10:55,2064
2018-03-13 11:00,2070
2018-03-13 11:05,2110
2018-03-13 11:10,2131
2018-03-13 11:15,2143
2018-03-13 11:20,2144
2018-03-13 11:25,2163
2018-03-13 11:30,2174
2018-03-13 11:35,2200
2018-03-13 11:40,2221
2018-03-13 11:45,2227
2018-03-13 11:50,2234
2018-03-13 11:55,2244
2018-03-13 12:00,2267
2018-03-13 12:05,2241
2018-03-13 12:10,2260
2018-03-13 12:15,2285
2018-03-13 12:20,2313
2018-03-13 12:25,2326
2018-03-13 12:30,2351
2018-03-13 12:35,2387
2018-03-13 12:40,2371
2018-03-13 12:45,2402
2018-03-13 12:50,2418
2018-03-13 12:55,2413
2018-03-13 13:00,2446
2018-03-13 13:05,2466
2018-03-13 13:10,2487
2018-03-13 13:15,2510
2018-03-13 13:20,2508
2018-03-13 13:25,2547
2018-03-13 13:30,2545
2018-03-13 13:35,2567
2018-03-13 13:40,2606
2018-03-13 13:45,2642
2018-03-13 13:50,2662
2018-03-13 13:55,2665
2018-03-13 14:00,2683
2018-03-13 14:05,2694
2018-03-13 14:10,2739
2018-03-13 14:15,2749
2018-03-13 14:20,2772
2018-03-13 14:25,2784
2018-03-13 14:30,2806
2018-03-13 14:35,2824
2018-03-13 14:40,2835
2018-03-13 14:45,2857
2018-03-13 14:50,2894
2018-03-13 14:55,2917
2018-03-13 15:00,2943
2018-03-13 15:05,2957
2018-03-13 15:10,2989
2018-03-13 15:15,3009
2018-03-13 15:20,3020
2018-03-13 15:25,3039
2018-03-13 15:30,3059
2018-03-13 15:35,3088
2018-03-13 15:40,3109
2018-03-13 15:45,3146
2018-03-13 15:50,3155
2018-03-13 15:55,3168
2018-03-13 16:00,3205
2018-03-13 16:05,3203
2018-03-13 16:10,3222
2018-03-13 16:15,3220
2018-03-13 16:20,3256
2018-03-13 16:25,3285
2018-03-13 16:30,3306
2018-03-13 16:35,3308
2018-03-13 16:40,3341
2018-03-13 16:45,3384
2018-03-13 16:50,3402
2018-03-13 16:55,3413
2018-03-13 17:00,3415
2018-03-13 17:05,3428
2018-03-13 17:10,3423
2018-03-13 17:15,3443
2018-03-13 17:20,3468
2018-03-13 17:25,3471
2018-03-13 17:30,3481
2018-03-13 17:35,3501
2018-03-13 17:40,3509
2018-03-13 17:45,3498
2018-03-13 17:50,3516
2018-03-13 17:55,3561
2018-03-13 18:00,3597
2018-03-13 18:05,3601
2018-03-13 18:10,3596
2018-03-13 18:15,3593
2018-03-13 18:20,3631
2018-03-13 18:25,3632
2018-03-13 18:30,3650
2018-03-13 18:35,3650
2018-03-13 18:40,3650
2018-03-13 18:45,3647
2018-03-13 18:50,3622
2018-03-13 18:55,3591
2018-03-13 19:00,3602
2018-03-13 19:05,3594
2018-03-13 19:10,3562
2018-03-13 19:15,3577
2018-03-13 19:20,3585
2018-03-13 19:25,3592
2018-03-13 19:30,3596
2018-03-13 19:35,3604
2018-03-13 19:40,3629
2018-03-13 19:45,3616
2018-03-13 19:50,3619
2018-03-13 19:55,3597
2018-03-13 20:00,3592
2018-03-13 20:05,3560
2018-03-13 20:10,3520
2018-03-13 20:15,3505
2018-03-13 20:20,3491
2018-03-13 20:25,3483
2018-03-13 20:30,3444
2018-03-13 20:35,3451
2018-03-13 20:40,3467
2018-03-13 20:45,3432
2018-03-13 20:50,3432
2018-03-13 20:55,3404
2018-03-13 21:00,3377
2018-03-13 21:05,3369
2018-03-13 21:10,3327
2018-03-13 21:15,3305
2018-03-13 21:20,3271
2018-03-13 21:25,3236
2018-03-13 21:30,3237
2018-03-13 21:35,3225
2018-03-13 21:40,3195
2018-03-13 21:45,3176
2018-03-13 21:50,3136
2018-03-13 21:55,3124
2018-03-13 22:00,3117
2018-03-13 22:05,3100
2018-03-13 22:10,3036
2018-03-13 22:15,3008
2018-03-13 22:20,2965
2018-03-13 22:25,2945
2018-03-13 22:30,2928
2018-03-13 22:35,2906
2018-03-13 22:40,2904
2018-03-13 22:45,2853
2018-03-13 22:50,2825
2018-03-13 22:55,2782
2018-03-13 23:00,2768
2018-03-13 23:05,2721
2018-03-13 23:10,2688
2018-03-13 23:15,0
2018-03-13 23:20,1198
2018-03-13 23:25,2275
2018-03-13 23:30,2651
2018-03-13 23:35,2626
2018-03-13 23:40,2617
2018-03-13 23:45,2605
2018-03-13 23:50,2551
2018-03-13 23:55,2518
2018-03-14 00:00,2538
2018-03-14 00:05,2497
2018-03-14 00:10,2468
2018-03-14 00:15,2460
2018-03-14 00:20,2438
2018-03-14 00:25,2447
2018-03-14 00:30,2416
2018-03-14 00:35,2380
2018-03-14 00:40,2381
2018-03-14 00:45,2401
2018-03-14 00:50,2390
2018-03-14 00:55,2382
2018-03-14 01:00,2384
2018-03-14 01:05,2375
2018-03-14 01:10,2364
2018-03-14 01:15,2319
2018-03-14 01:20,2327
2018-03-14 01:25,2302
2018-03-14 01:30,2304
2018-03-14 01:35,2298
2018-03-14 01:40,2279
2018-03-14 01:45,2264
2018-03-14 01:50,2245
2018-03-14 01:55,2212
2018-03-14 02:00,2213
2018-03-14 02:05,2187
2018-03-14 02:10,2179
2018-03-14 02:15,2161
2018-03-14 02:20,2138
2018-03-14 02:25,2146
2018-03-14 02:30,2128
2018-03-14 02:35,2110
2018-03-14 02:40,2079
2018-03-14 02:45,2056
2018-03-14 02:50,2019
2018-03-14 02:55,1998
2018-03-14 03:00,1969
2018-03-14 03:05,1960
2018-03-14 03:10,1912
2018-03-14 03:15,1888
2018-03-14 03:20,1859
2018-03-14 03:25,1861
2018-03-14 03:30,1837
2018-03-14 03:35,1823
2018-03-14 03:40,1819
2018-03-14 03:45,1800
2018-03-14 03:50,1794
2018-03-14 03:55,1811
2018-03-14 04:00,1793
2018-03-14 04:05,1767
2018-03-14 04:10,1743
2018-03-14 04:15,1705
2018-03-14 04:20,1691
2018-03-14 04:25,1693
2018-03-14 04:30,1691
2018-03-14 04:35,1684
2018-03-14 04:40,1663
2018-03-14 04:45,1637
2018-03-14 04:50,1613
2018-03-14 04:55,1608
2018-03-14 05:00,1591
2018-03-14 05:05,1568
2018-03-14 05:10,1558
2018-03-14 05:15,1551
2018-03-14 05:20,1531
2018-03-14 05:25,1523
2018-03-14 05:30,1519
2018-03-14 05:35,1504
2018-03-14 05:40,1478
2018-03-14 05:45,1465
2018-03-14 05:50,1463
2018-03-14 05:55,1486
2018-03-14 06:00,1471
2018-03-14 06:05,1470
2018-03-14 06:10,1463
2018-03-14 06:15,1452
2018-03-14 06:20,1427
2018-03-14 06:25,1432
2018-03-14 06:30,1419
2018-03-14 06:35,1408
2018-03-14 06:40,1422
2018-03-14 06:45,1405
2018-03-14 06:50,1420
2018-03-14 06:55,1429
2018-03-14 07:00,1433
2018-03-14 07:05,1425
2018-03-14 07:10,1437
2018-03-14 07:15,1435
2018-03-14 07:20,1434
2018-03-14 07:25,1421
2018-03-14 07:30,1417
2018-03-14 07:35,1433
2018-03-14 07:40,1436
2018-03-14 07:45,1441
2018-03-14 07:50,1432
2018-03-14 07:55,1466
2018-03-14 08:00,1466
2018-03-14 08:05,1477
2018-03-14 08:10,1483
2018-03-14 08:15,1524
2018-03-14 08:20,1532
2018-03-14 08:25,1528
2018-03-14 08:30,1535
2018-03-14 08:35,1562
2018-03-14 08:40,1561
2018-03-14 08:45,1577
2018-03-14 08:50,1600
2018-03-14 08:55,1602
2018-03-14 09:00,1600
2018-03-14 09:05,1609
2018-03-14 09:10,1620
2018-03-14 09:15,1634
2018-03-14 09:20,1650
2018-03-14 09:25,1679
2018-03-14 09:30,1684
2018-03-14 09:35,1702
2018-03-14 09:40,1732
2018-03-14 09:45,1747
2018-03-14 09:50,1774
2018-03-14 09:55,1777
2018-03-14 10:00,1791
2018-03-14 10:05,1812
2018-03-14 10:10,1820
2018-03-14 10:15,1849
2018-03-14 10:20,1863
2018-03-14 10:25,1898
2018-03-14 10:30,1918
2018-03-14 10:35,1934
2018-03-14 10:40,1937
2018-03-14 10:45,1968
2018-03-14 10:50,1968
2018-03-14 10:55,1976
2018-03-14 11:00,1952
2018-03-14 11:05,1963
2018-03-14 11:10,1982
2018-03-14 11:15,1997
2018-03-14 11:20,2018
2018-03-14 11:25,2032
2018-03-14 11:30,2040
2018-03-14 11:35,2041
2018-03-14 11:40,2047
2018-03-14 11:45,2051
2018-03-14 11:50,2073
2018-03-14 11:55,2114
2018-03-14 12:00,2105
2018-03-14 12:05,2146
2018-03-14 12:10,2185
2018-03-14 12:15,2206
2018-03-14 12:20,2228
2018-03-14 12:25,2256
2018-03-14 12:30,2259
2018-03-14 12:35,2278
2018-03-14 12:40,2339
2018-03-14 12:45,2349
2018-03-14 12:50,2340
2018-03-14 12:55,2365
2018-03-14 13:00,2371
2018-03-14 13:05,2383
2018-03-14 13:10,2392
2018-03-14 13:15,2432
2018-03-14 13:20,2455
2018-03-14 13:25,2461
2018-03-14 13:30,2506
2018-03-14 13:35,2523
2018-03-14 13:40,2513
2018-03-14 13:45,2539
2018-03-14 13:50,2576
2018-03-14 13:55,2594
2018-03-14 14:00,2614
2018-03-14 14:05,2619
2018-03-14 14:10,2639
2018-03-14 14:15,2661
2018-03-14 14:20,2678
2018-03-14 14:25,2692
2018-03-14 14:30,2694
2018-03-14 14:35,2706
2018-03-14 14:40,2719
2018-03-14 14:45,2731
2018-03-14 14:50,2757
2018-03-14 14:55,2767
2018-03-14 15:00,2759
2018-03-14 15:05,2772
2018-03-14 15:10,2788
2018-03-14 15:15,2839
2018-03-14 15:20,2838
2018-03-14 15:25,2864
2018-03-14 15:30,2884
2018-03-14 15:35,2892
2018-03-14 15:40,2913
2018-03-14 15:45,2967
2018-03-14 15:50,2992
2018-03-14 15:55,3002
2018-03-14 16:00,3016
2018-03-14 16:05,3016
2018-03-14 16:10,3064
2018-03-14 16:15,3071
2018-03-14 16:20,3096
2018-03-14 16:25,3120
2018-03-14 16:30,3161
2018-03-14 16:35,3157
2018-03-14 16:40,3187
2018-03-14 16:45,3174
2018-03-14 16:50,3191
2018-03-14 16:55,3220
2018-03-14 17:00,3233
2018-03-14 17:05,3246
2018-03-14 17:10,3261
2018-03-14 17:15,3258
2018-03-14 17:20,3268
2018-03-14 17:25,3314
2018-03-14 17:30,3345
2018-03-14 17:35,3366
2018-03-14 17:40,3360
2018-03-14 17:45,3368
2018-03-14 17:50,3379
2018-03-14 17:55,3409
2018-03-14 18:00,3367
2018-03-14 18:05,3400
2018-03-14 18:10,3413
2018-03-14 18:15,3421
2018-03-14 18:20,3430
2018-03-14 18:25,3432
2018-03-14 18:30,3399
2018-03-14 18:35,3436
2018-03-14 18:40,3428
2018-03-14 18:45,3431
2018-03-14 18:50,3406
2018-03-14 18:55,3435
2018-03-14 19:00,3432
2018-03-14 19:05,3448
2018-03-14 19:10,3486
2018-03-14 19:15,3440
2018-03-14 19:20,3454
2018-03-14 19:25,3473
2018-03-14 19:30,3447
2018-03-14 19:35,3432
2018-03-14 19:40,3447
2018-03-14 19:45,3419
2018-03-14 19:50,3424
2018-03-14 19:55,3393
2018-03-14 20:00,3372
2018-03-14 20:05,3393
2018-03-14 20:10,3385
2018-03-14 20:15,3365
2018-03-14 20:20,3327
2018-03-14 20:25,3303
2018-03-14 20:30,3297
2018-03-14 20:35,3304
2018-03-14 20:40,3264
2018-03-14 20:45,3240
2018-03-14 20:50,3224
2018-03-14 20:55,3205
2018-03-14 21:00,3176
2018-03-14 21:05,3173
2018-03-14 21:10,3125
2018-03-14 21:15,3107
2018-03-14 21:20,3062
2018-03-14 21:25,3043
2018-03-14 21:30,3021
2018-03-14 21:35,3000
2018-03-14 21:40,2999
2018-03-14 21:45,2997
2018-03-14 21:50,2983
2018-03-14 21:55,2936
2018-03-14 22:00,2930
2018-03-14 22:05,2887
2018-03-14 22:10,2843
2018-03-14 22:15,2817
2018-03-14 22:20,2810
2018-03-14 22:25,2780
2018-03-14 22:30,2774
2018-03-14 22:35,2759
2018-03-14 22:40,2737
2018-03-14 22:45,2735
2018-03-14 22:50,2732
2018-03-14 22:55,2693
2018-03-14 23:00,2676
2018-03-14 23:05,2648
2018-03-14 23:10,2600
2018-03-14 23:15,2565
2018-03-14 23:20,2571
2018-03-14 23:25,2549
2018-03-14 23:30,2537
2018-03-14 23:35,2529
2018-03-14 23:40,2503
2018-03-14 23:45,2500
2018-03-14 23:50,2460
2018-03-14 23:55,2423
2018-03-15 00:00,2410
2018-03-15 00:05,2398
2018-03-15 00:10,2405
2018-03-15 00:15,2362
2018-03-15 00:20,2363
2018-03-15 00:25,2363
2018-03-15 00:30,2327
2018-03-15 00:35,2339
2018-03-15 00:40,2331
2018-03-15 00:45,2311
2018-03-15 00:50,2294
2018-03-15 00:55,2263
2018-03-15 01:00,2254
2018-03-15 01:05,2221
2018-03-15 01:10,2197
2018-03-15 01:15,2167
2018-03-15 01:20,2171
2018-03-15 01:25,2161
2018-03-15 01:30,2146
2018-03-15 01:35,2118
2018-03-15 01:40,2106
2018-03-15 01:45,2095
2018-03-15 01:50,2093
2018-03-15 01:55,2066
2018-03-15 02:00,2014
2018-03-15 02:05,2005
2018-03-15 02:10,1986
2018-03-15 02:15,1997
2018-03-15 02:20,1985
2018-03-15 02:25,1952
2018-03-15 02:30,1948
2018-03-15 02:35,1917
2018-03-15 02:40,1904
2018-03-15 02:45,1885
2018-03-15 02:50,1884
2018-03-15 02:55,1870
2018-03-15 03:00,1847
2018-03-15 03:05,1827
2018-03-15 03:10,1798
2018-03-15 03:15,1789
2018-03-15 03:20,1798
2018-03-15 03:25,1788
2018-03-15 03:30,1781
2018-03-15 03:35,1738
2018-03-15 03:40,1748
2018-03-15 03:45,1729
2018-03-15 03:50,1725
2018-03-15 03:55,1699
2018-03-15 04:00,1696
2018-03-15 04:05,1692
2018-03-15 04:10,1677
2018-03-15 04:15,1651
2018-03-15 04:20,1650
2018-03-15 04:25,1649
2018-03-15 04:30,1638
2018-03-15 04:35,1634
2018-03-15 04:40,1614
2018-03-15 04:45,1597
2018-03-15 04:50,1575
2018-03-15 04:55,1551
2018-03-15 05:00,1530
2018-03-15 05:05,1493
2018-03-15 05:10,1479
2018-03-15 05:15,1473
2018-03-15 05:20,1472
2018-03-15 05:25,1471
2018-03-15 05:30,1454
2018-03-15 05:35,1434
2018-03-15 05:40,1424
2018-03-15 05:45,1417
2018-03-15 05:50,1426
2018-03-15 05:55,1413
2018-03-15 06:00,1412
2018-03-15 06:05,1409
2018-03-15 06:10,1429
2018-03-15 06:15,1417
2018-03-15 06:20,1418
2018-03-15 06:25,1383
2018-03-15 06:30,1392
2018-03-15 06:35,1383
2018-03-15 06:40,1387
2018-03-15 06:45,1381
2018-03-15 06:50,1394
2018-03-15 06:55,1394
2018-03-15 07:00,1396
2018-03-15 07:05,1403
2018-03-15 07:10,1398
2018-03-15 07:15,1394
2018-03-15 07:20,1381
2018-03-15 07:25,1377
2018-03-15 07:30,1376
2018-03-15 07:35,1381
2018-03-15 07:40,1365
2018-03-15 07:45,1380
2018-03-15 07:50,1390
2018-03-15 07:55,1401
2018-03-15 08:00,1419
2018-03-15 08:05,1417
2018-03-15 08:10,1426
2018-03-15 08:15,1457
2018-03-15 08:20,1455
2018-03-15 08:25,1477
2018-03-15 08:30,1478
2018-03-15 08:35,1497
2018-03-15 08:40,1508
2018-03-15 08:45,1523
2018-03-15 08:50,1526
2018-03-15 08:55,1534
2018-03-15 09:00,1569
2018-03-15 09:05,1583
2018-03-15 09:10,1579
2018-03-15 09:15,1593
2018-03-15 09:20,1593
2018-03-15 09:25,1613
2018-03-15 09:30,1622
2018-03-15 09:35,1645
2018-03-15 09:40,1660
2018-03-15 09:45,1668
2018-03-15 09:50,1697
2018-03-15 09:55,1717
2018-03-15 10:00,1742
2018-03-15 10:05,1778
2018-03-15 10:10,1785
2018-03-15 10:15,1839
2018-03-15 10:20,1855
2018-03-15 10:25,1907
2018-03-15 10:30,1924
2018-03-15 10:35,1952
2018-03-15 10:40,1960
2018-03-15 10:45,1964
2018-03-15 10:50,1973
2018-03-15 10:55,1981
2018-03-15 11:00,1979
2018-03-15 11:05,2004
2018-03-15 11:10,2008
2018-03-15 11:15,2010
2018-03-15 11:20,2019
2018-03-15 11:25,2041
2018-03-15 11:30,2085
2018-03-15 11:35,2082
2018-03-15 11:40,2116
2018-03-15 11:45,2135
2018-03-15 11:50,2148
2018-03-15 11:55,2159
2018-03-15 12:00,2140
2018-03-15 12:05,2172
2018-03-15 12:10,2168
2018-03-15 12:15,2206
2018-03-15 12:20,2222
2018-03-15 12:25,2202
2018-03-15 12:30,2207
2018-03-15 12:35,2213
2018-03-15 12:40,2196
2018-03-15 12:45,2202
2018-03-15 12:50,2167
2018-03-15 12:55,2062
2018-03-15 13:00,1863
2018-03-15 13:05,1038
2018-03-15 13:10,926
2018-03-15 13:15,885
2018-03-15 13:20,863
2018-03-15 13:25,836
2018-03-15 13:30,832
2018-03-15 13:35,807
2018-03-15 13:40,788
2018-03-15 13:45,786
2018-03-15 13:50,783
2018-03-15 13:55,768
2018-03-15 14:00,780
2018-03-15 14:05,823
2018-03-15 14:10,825
2018-03-15 14:15,825
2018-03-15 14:20,852
2018-03-15 14:25,829
2018-03-15 14:30,829
2018-03-15 14:35,860
2018-03-15 14:40,889
2018-03-15 14:45,932
2018-03-15 14:50,928
2018-03-15 14:55,931
2018-03-15 15:00,950
2018-03-15 15:05,986
2018-03-15 15:10,1001
2018-03-15 15:15,1034
2018-03-15 15:20,1050
2018-03-15 15:25,1068
2018-03-15 15:30,1092
2018-03-15 15:35,1290
2018-03-15 15:40,1475
2018-03-15 15:45,1661
2018-03-15 15:50,1852
2018-03-15 15:55,2002
2018-03-15 16:00,2159
2018-03-15 16:05,2341
2018-03-15 16:10,2526
2018-03-15 16:15,2669
2018-03-15 16:20,2802
2018-03-15 16:25,2896
2018-03-15 16:30,2997
2018-03-15 16:35,3141
2018-03-15 16:40,3228
2018-03-15 16:45,3290
2018-03-15 16:50,3355
2018-03-15 16:55,3385
2018-03-15 17:00,3402
2018-03-15 17:05,3454
2018-03-15 17:10,3502
2018-03-15 17:15,3514
2018-03-15 17:20,3564
2018-03-15 17:25,3610
2018-03-15 17:30,3619
2018-03-15 17:35,3564
2018-03-15 17:40,0
2018-03-15 17:45,3674
2018-03-15 17:50,3658
2018-03-15 17:55,3430
2018-03-15 18:00,3725
2018-03-15 18:05,3709
2018-03-15 18:10,3717
2018-03-15 18:15,3545
2018-03-15 18:20,3748
2018-03-15 18:25,3735
2018-03-15 18:30,3742
2018-03-15 18:35,3753
2018-03-15 18:40,3740
2018-03-15 18:45,3710
2018-03-15 18:50,3683
2018-03-15 18:55,3700
2018-03-15 19:00,3728
2018-03-15 19:05,3719
2018-03-15 19:10,3702
2018-03-15 19:15,3689
2018-03-15 19:20,3678
2018-03-15 19:25,3696
2018-03-15 19:30,3730
2018-03-15 19:35,3730
2018-03-15 19:40,3754
2018-03-15 19:45,3754
2018-03-15 19:50,3769
2018-03-15 19:55,3733
2018-03-15 20:00,3714
2018-03-15 20:05,3696
2018-03-15 20:10,3688
2018-03-15 20:15,3701
2018-03-15 20:20,3221
2018-03-15 20:25,2025
2018-03-15 20:30,3280
2018-03-15 20:35,3661
2018-03-15 20:40,3633
2018-03-15 20:45,3614
2018-03-15 20:50,3600
2018-03-15 20:55,3583
2018-03-15 21:00,3573
2018-03-15 21:05,3534
2018-03-15 21:10,3503
2018-03-15 21:15,3485
2018-03-15 21:20,3457
2018-03-15 21:25,3443
2018-03-15 21:30,3407
2018-03-15 21:35,3374
2018-03-15 21:40,3333
2018-03-15 21:45,3293
2018-03-15 21:50,3254
2018-03-15 21:55,3214
2018-03-15 22:00,3172
2018-03-15 22:05,3126
2018-03-15 22:10,3124
2018-03-15 22:15,3075
2018-03-15 22:20,3050
2018-03-15 22:25,3039
2018-03-15 22:30,3004
2018-03-15 22:35,2959
2018-03-15 22:40,2910
2018-03-15 22:45,2879
2018-03-15 22:50,2853
2018-03-15 22:55,2826
2018-03-15 23:00,2800
2018-03-15 23:05,2798
2018-03-15 23:10,2752
2018-03-15 23:15,2719
2018-03-15 23:20,2709
2018-03-15 23:25,2687
2018-03-15 23:30,2670
2018-03-15 23:35,2626
2018-03-15 23:40,2622
2018-03-15 23:45,2582
2018-03-15 23:50,2544
2018-03-15 23:55,2528
2018-03-16 00:00,2522
2018-03-16 00:05,2482
2018-03-16 00:10,2486
2018-03-16 00:15,2463
2018-03-16 00:20,2437
2018-03-16 00:25,2442
2018-03-16 00:30,2428
2018-03-16 00:35,2403
2018-03-16 00:40,2412
2018-03-16 00:45,2411
2018-03-16 00:50,2383
2018-03-16 00:55,2368
2018-03-16 01:00,2350
2018-03-16 01:05,2325
2018-03-16 01:10,2300
2018-03-16 01:15,2288
2018-03-16 01:20,2279
2018-03-16 01:25,2259
2018-03-16 01:30,2244
2018-03-16 01:35,2224
2018-03-16 01:40,2217
2018-03-16 01:45,2186
2018-03-16 01:50,2185
2018-03-16 01:55,2183
2018-03-16 02:00,2169
2018-03-16 02:05,2117
2018-03-16 02:10,2111
2018-03-16 02:15,2096
2018-03-16 02:20,2080
2018-03-16 02:25,2054
2018-03-16 02:30,2040
2018-03-16 02:35,2016
2018-03-16 02:40,2006
2018-03-16 02:45,1982
2018-03-16 02:50,1974
2018-03-16 02:55,1994
2018-03-16 03:00,1991
2018-03-16 03:05,1962
2018-03-16 03:10,1950
2018-03-16 03:15,1940
2018-03-16 03:20,1913
2018-03-16 03:25,1888
2018-03-16 03:30,1873
2018-03-16 03:35,1848
2018-03-16 03:40,1820
2018-03-16 03:45,1811
2018-03-16 03:50,1781
2018-03-16 03:55,1772
2018-03-16 04:00,1740
2018-03-16 04:05,1697
2018-03-16 04:10,1699
2018-03-16 04:15,1692
2018-03-16 04:20,1665
2018-03-16 04:25,1651
2018-03-16 04:30,1636
2018-03-16 04:35,1641
2018-03-16 04:40,1637
2018-03-16 04:45,1636
2018-03-16 04:50,1622
2018-03-16 04:55,1615
2018-03-16 05:00,1605
2018-03-16 05:05,1584
2018-03-16 05:10,1566
2018-03-16 05:15,1565
2018-03-16 05:20,1563
2018-03-16 05:25,1554
2018-03-16 05:30,1552
2018-03-16 05:35,1548
2018-03-16 05:40,1528
2018-03-16 05:45,1524
2018-03-16 05:50,1498
2018-03-16 05:55,1479
2018-03-16 06:00,1465
2018-03-16 06:05,1438
2018-03-16 06:10,1447
2018-03-16 06:15,1441
2018-03-16 06:20,1437
2018-03-16 06:25,1432
2018-03-16 06:30,1444
2018-03-16 06:35,1435
2018-03-16 06:40,1452
2018-03-16 06:45,1439
2018-03-16 06:50,1449
2018-03-16 06:55,1436
2018-03-16 07:00,1445
2018-03-16 07:05,1450
2018-03-16 07:10,1465
2018-03-16 07:15,1465
2018-03-16 07:20,1479
2018-03-16 07:25,1486
2018-03-16 07:30,1481
2018-03-16 07:35,1484
2018-03-16 07:40,1483
2018-03-16 07:45,1495
2018-03-16 07:50,1513
2018-03-16 07:55,1518
2018-03-16 08:00,1513
2018-03-16 08:05,1499
2018-03-16 08:10,1531
2018-03-16 08:15,1538
2018-03-16 08:20,1554
2018-03-16 08:25,1573
2018-03-16 08:30,1565
2018-03-16 08:35,1580
2018-03-16 08:40,1580
2018-03-16 08:45,1592
2018-03-16 08:50,1618
2018-03-16 08:55,1628
2018-03-16 09:00,1644
2018-03-16 09:05,1643
2018-03-16 09:10,1654
2018-03-16 09:15,1660
2018-03-16 09:20,1672
2018-03-16 09:25,1683
2018-03-16 09:30,1699
2018-03-16 09:35,1752
2018-03-16 09:40,1751
2018-03-16 09:45,1771
2018-03-16 09:50,1787
2018-03-16 09:55,1826
2018-03-16 10:00,1849
2018-03-16 10:05,1885
2018-03-16 10:10,1901
2018-03-16 10:15,1926
2018-03-16 10:20,1943
2018-03-16 10:25,1944
2018-03-16 10:30,1978
2018-03-16 10:35,1989
2018-03-16 10:40,1990
2018-03-16 10:45,2009
2018-03-16 10:50,2042
2018-03-16 10:55,2059
2018-03-16 11:00,2072
2018-03-16 11:05,2071
2018-03-16 11:10,2083
2018-03-16 11:15,2112
2018-03-16 11:20,2113
2018-03-16 11:25,2119
2018-03-16 11:30,2126
2018-03-16 11:35,2152
2018-03-16 11:40,2181
2018-03-16 11:45,2220
2018-03-16 11:50,2212
2018-03-16 11:55,2229
2018-03-16 12:00,2245
2018-03-16 12:05,2229
2018-03-16 12:10,2253
2018-03-16 12:15,2278
2018-03-16 12:20,2296
2018-03-16 12:25,2320
2018-03-16 12:30,2354
2018-03-16 12:35,2367
2018-03-16 12:40,2390
2018-03-16 12:45,2400
2018-03-16 12:50,2399
2018-03-16 12:55,2419
2018-03-16 13:00,2451
2018-03-16 13:05,2475
2018-03-16 13:10,2468
2018-03-16 13:15,2471
2018-03-16 13:20,2465
2018-03-16 13:25,2451
2018-03-16 13:30,2449
2018-03-16 13:35,2479
2018-03-16 13:40,2490
2018-03-16 13:45,2475
2018-03-16 13:50,2443
2018-03-16 13:55,2400
2018-03-16 14:00,2241
2018-03-16 14:05,1575
2018-03-16 14:10,1538
2018-03-16 14:15,1538
2018-03-16 14:20,1564
2018-03-16 14:25,1585
2018-03-16 14:30,1605
2018-03-16 14:35,1626
2018-03-16 14:40,1639
2018-03-16 14:45,1625
2018-03-16 14:50,1619
2018-03-16 14:55,1664
2018-03-16 15:00,1665
2018-03-16 15:05,1675
2018-03-16 15:10,1706
2018-03-16 15:15,1719
2018-03-16 15:20,1713
2018-03-16 15:25,1790
2018-03-16 15:30,1924
2018-03-16 15:35,2096
2018-03-16 15:40,2241
2018-03-16 15:45,2369
2018-03-16 15:50,2479
2018-03-16 15:55,2572
2018-03-16 16:00,2685
2018-03-16 16:05,2770
2018-03-16 16:10,2911
2018-03-16 16:15,3018
2018-03-16 16:20,3053
2018-03-16 16:25,3124
2018-03-16 16:30,3179
2018-03-16 16:35,3209
2018-03-16 16:40,3276
2018-03-16 16:45,3317
2018-03-16 16:50,3336
2018-03-16 16:55,3366
2018-03-16 17:00,3402
2018-03-16 17:05,3441
2018-03-16 17:10,3456
2018-03-16 17:15,3494
2018-03-16 17:20,3531
2018-03-16 17:25,3572
2018-03-16 17:30,3581
2018-03-16 17:35,3618
2018-03-16 17:40,3648
2018-03-16 17:45,3667
2018-03-16 17:50,3687
2018-03-16 17:55,3675
2018-03-16 18:00,3660
2018-03-16 18:05,3650
2018-03-16 18:10,3670
2018-03-16 18:15,3680
2018-03-16 18:20,3674
2018-03-16 18:25,3680
2018-03-16 18:30,3714
2018-03-16 18:35,3724
2018-03-16 18:40,3703
2018-03-16 18:45,3684
2018-03-16 18:50,3715
2018-03-16 18:55,3730
2018-03-16 19:00,3737
2018-03-16 19:05,3690
2018-03-16 19:10,3700
2018-03-16 19:15,3738
2018-03-16 19:20,3710
2018-03-16 19:25,3686
2018-03-16 19:30,3702
2018-03-16 19:35,3699
2018-03-16 19:40,3712
2018-03-16 19:45,3699
2018-03-16 19:50,3693
2018-03-16 19:55,3730
2018-03-16 20:00,3755
2018-03-16 20:05,3739
2018-03-16 20:10,3709
2018-03-16 20:15,3723
2018-03-16 20:20,3715
2018-03-16 20:25,3712
2018-03-16 20:30,3698
2018-03-16 20:35,3692
2018-03-16 20:40,3678
2018-03-16 20:45,3674
2018-03-16 20:50,3673
2018-03-16 20:55,3685
2018-03-16 21:00,3690
2018-03-16 21:05,3665
2018-03-16 21:10,3664
2018-03-16 21:15,3632
2018-03-16 21:20,3630
2018-03-16 21:25,3578
2018-03-16 21:30,3570
2018-03-16 21:35,3536
2018-03-16 21:40,3494
2018-03-16 21:45,0
2018-03-16 21:50,3407
2018-03-16 21:55,3367
2018-03-16 22:00,3358
2018-03-16 22:05,3316
2018-03-16 22:10,3352
2018-03-16 22:15,3335
2018-03-16 22:20,3291
2018-03-16 22:25,3297
2018-03-16 22:30,3296
2018-03-16 22:35,3297
2018-03-16 22:40,3258
2018-03-16 22:45,3210
2018-03-16 22:50,3180
2018-03-16 22:55,3159
2018-03-16 23:00,3145
2018-03-16 23:05,3081
2018-03-16 23:10,3036
2018-03-16 23:15,2990
2018-03-16 23:20,2945
2018-03-16 23:25,2914
2018-03-16 23:30,2874
2018-03-16 23:35,2822
2018-03-16 23:40,2810
2018-03-16 23:45,2767
2018-03-16 23:50,2737
2018-03-16 23:55,2706
2018-03-17 00:00,2663
2018-03-17 00:05,2589
2018-03-17 00:10,2529
2018-03-17 00:15,2497
2018-03-17 00:20,2490
2018-03-17 00:25,2463
2018-03-17 00:30,2457
2018-03-17 00:35,2446
2018-03-17 00:40,2451
2018-03-17 00:45,2462
2018-03-17 00:50,2452
2018-03-17 00:55,2419
2018-03-17 01:00,2396
2018-03-17 01:05,2377
2018-03-17 01:10,2372
2018-03-17 01:15,2363
2018-03-17 01:20,2357
2018-03-17 01:25,2369
2018-03-17 01:30,2380
2018-03-17 01:35,2345
2018-03-17 01:40,2334
2018-03-17 01:45,2327
2018-03-17 01:50,2331
2018-03-17 01:55,2311
2018-03-17 02:00,2299
2018-03-17 02:05,2234
2018-03-17 02:10,2274
2018-03-17 02:15,2271
2018-03-17 02:20,2258
2018-03-17 02:25,2245
2018-03-17 02:30,2227
2018-03-17 02:35,2214
2018-03-17 02:40,2218
2018-03-17 02:45,2185
2018-03-17 02:50,2180
2018-03-17 02:55,2180
2018-03-17 03:00,2194
2018-03-17 03:05,2198
2018-03-17 03:10,2191
2018-03-17 03:15,2195
2018-03-17 03:20,2179
2018-03-17 03:25,2185
2018-03-17 03:30,2175
2018-03-17 03:35,2156
2018-03-17 03:40,2113
2018-03-17 03:45,2089
2018-03-17 03:50,2096
2018-03-17 03:55,2070
2018-03-17 04:00,2050
2018-03-17 04:05,2029
2018-03-17 04:10,2016
2018-03-17 04:15,1990
2018-03-17 04:20,1964
2018-03-17 04:25,1967
2018-03-17 04:30,1942
2018-03-17 04:35,1928
2018-03-17 04:40,1932
2018-03-17 04:45,1886
2018-03-17 04:50,1886
2018-03-17 04:55,1886
2018-03-17 05:00,1872
2018-03-17 05:05,1878
2018-03-17 05:10,1878
2018-03-17 05:15,1883
2018-03-17 05:20,1893
2018-03-17 05:25,1872
2018-03-17 05:30,1861
2018-03-17 05:35,1861
2018-03-17 05:40,1850
2018-03-17 05:45,1838
2018-03-17 05:50,1833
2018-03-17 05:55,1823
2018-03-17 06:00,1819
2018-03-17 06:05,1805
2018-03-17 06:10,1852
2018-03-17 06:15,1844
2018-03-17 06:20,1853
2018-03-17 06:25,1860
2018-03-17 06:30,1861
2018-03-17 06:35,1875
2018-03-17 06:40,1869
2018-03-17 06:45,1886
2018-03-17 06:50,1884
2018-03-17 06:55,1877
2018-03-17 07:00,1903
2018-03-17 07:05,1913
2018-03-17 07:10,1915
2018-03-17 07:15,1936
2018-03-17 07:20,1967
2018-03-17 07:25,1974
2018-03-17 07:30,2006
2018-03-17 07:35,2002
2018-03-17 07:40,2010
2018-03-17 07:45,2009
2018-03-17 07:50,2034
2018-03-17 07:55,2065
2018-03-17 08:00,2108
2018-03-17 08:05,2071
2018-03-17 08:10,2118
2018-03-17 08:15,2142
2018-03-17 08:20,2136
2018-03-17 08:25,2172
2018-03-17 08:30,2193
2018-03-17 08:35,2215
2018-03-17 08:40,2226
2018-03-17 08:45,2239
2018-03-17 08:50,2259
2018-03-17 08:55,2287
2018-03-17 09:00,2308
2018-03-17 09:05,2351
2018-03-17 09:10,2394
2018-03-17 09:15,2427
2018-03-17 09:20,2453
2018-03-17 09:25,2459
2018-03-17 09:30,2479
2018-03-17 09:35,2497
2018-03-17 09:40,2505
2018-03-17 09:45,2517
2018-03-17 09:50,2532
2018-03-17 09:55,2565
2018-03-17 10:00,2591
2018-03-17 10:05,2594
2018-03-17 10:10,2641
2018-03-17 10:15,2701
2018-03-17 10:20,2710
2018-03-17 10:25,2760
2018-03-17 10:30,2809
2018-03-17 10:35,2863
2018-03-17 10:40,2894
2018-03-17 10:45,2904
2018-03-17 10:50,2935
2018-03-17 10:55,2939
2018-03-17 11:00,2977
2018-03-17 11:05,3008
2018-03-17 11:10,3031
2018-03-17 11:15,3044
2018-03-17 11:20,3089
2018-03-17 11:25,3061
2018-03-17 11:30,3077
2018-03-17 11:35,3098
2018-03-17 11:40,3093
2018-03-17 11:45,3094
2018-03-17 11:50,3110
2018-03-17 11:55,3138
2018-03-17 12:00,3176
2018-03-17 12:05,3185
2018-03-17 12:10,3238
2018-03-17 12:15,3314
2018-03-17 12:20,3320
2018-03-17 12:25,3369
2018-03-17 12:30,3392
2018-03-17 12:35,3405
2018-03-17 12:40,3406
2018-03-17 12:45,3440
2018-03-17 12:50,3447
2018-03-17 12:55,3473
2018-03-17 13:00,3488
2018-03-17 13:05,3546
2018-03-17 13:10,3560
2018-03-17 13:15,3561
2018-03-17 13:20,3558
2018-03-17 13:25,3595
2018-03-17 13:30,3588
2018-03-17 13:35,3582
2018-03-17 13:40,3587
2018-03-17 13:45,3596
2018-03-17 13:50,0
2018-03-17 13:55,3686
2018-03-17 14:00,3686
2018-03-17 14:05,3673
2018-03-17 14:10,3675
2018-03-17 14:15,3678
2018-03-17 14:20,3663
2018-03-17 14:25,3718
2018-03-17 14:30,3759
2018-03-17 14:35,3769
2018-03-17 14:40,3770
2018-03-17 14:45,3807
2018-03-17 14:50,3816
2018-03-17 14:55,3844
2018-03-17 15:00,3863
2018-03-17 15:05,3866
2018-03-17 15:10,3893
2018-03-17 15:15,3871
2018-03-17 15:20,3879
2018-03-17 15:25,3902
2018-03-17 15:30,3897
2018-03-17 15:35,3919
2018-03-17 15:40,3951
2018-03-17 15:45,3942
2018-03-17 15:50,3936
2018-03-17 15:55,3946
2018-03-17 16:00,3930
2018-03-17 16:05,3959
2018-03-17 16:10,3932
2018-03-17 16:15,3946
2018-03-17 16:20,3986
2018-03-17 16:25,3998
2018-03-17 16:30,3991
2018-03-17 16:35,3990
2018-03-17 16:40,4034
2018-03-17 16:45,4070
2018-03-17 16:50,4064
2018-03-17 16:55,4062
2018-03-17 17:00,4035
2018-03-17 17:05,4060
2018-03-17 17:10,4088
2018-03-17 17:15,4087
2018-03-17 17:20,4087
2018-03-17 17:25,4098
2018-03-17 17:30,4104
2018-03-17 17:35,4115
2018-03-17 17:40,4143
2018-03-17 17:45,4177
2018-03-17 17:50,4172
2018-03-17 17:55,4174
2018-03-17 18:00,4166
2018-03-17 18:05,4148
2018-03-17 18:10,4144
2018-03-17 18:15,4126
2018-03-17 18:20,4124
2018-03-17 18:25,4108
2018-03-17 18:30,4123
2018-03-17 18:35,4113
2018-03-17 18:40,4118
2018-03-17 18:45,4119
2018-03-17 18:50,4103
2018-03-17 18:55,4106
2018-03-17 19:00,4099
2018-03-17 19:05,4078
2018-03-17 19:10,4068
2018-03-17 19:15,4056
2018-03-17 19:20,4014
2018-03-17 19:25,4031
2018-03-17 19:30,4072
2018-03-17 19:35,4048
2018-03-17 19:40,4038
2018-03-17 19:45,4025
2018-03-17 19:50,4001
2018-03-17 19:55,4013
2018-03-17 20:00,3996
2018-03-17 20:05,4022
2018-03-17 20:10,4010
2018-03-17 20:15,4034
2018-03-17 20:20,4057
2018-03-17 20:25,4057
2018-03-17 20:30,4054
2018-03-17 20:35,4051
2018-03-17 20:40,4032
2018-03-17 20:45,4030
2018-03-17 20:50,4017
2018-03-17 20:55,3985
2018-03-17 21:00,3991
2018-03-17 21:05,3967
2018-03-17 21:10,3946
2018-03-17 21:15,3927
2018-03-17 21:20,3917
2018-03-17 21:25,3924
2018-03-17 21:30,3876
2018-03-17 21:35,3897
2018-03-17 21:40,3886
2018-03-17 21:45,3834
2018-03-17 21:50,3826
2018-03-17 21:55,3777
2018-03-17 22:00,3742
2018-03-17 22:05,3726
2018-03-17 22:10,3681
2018-03-17 22:15,3621
2018-03-17 22:20,3598
2018-03-17 22:25,3569
2018-03-17 22:30,3547
2018-03-17 22:35,3552
2018-03-17 22:40,3529
2018-03-17 22:45,3495
2018-03-17 22:50,3475
2018-03-17 22:55,3438
2018-03-17 23:00,3405
2018-03-17 23:05,3367
2018-03-17 23:10,3351
2018-03-17 23:15,3310
2018-03-17 23:20,3232
2018-03-17 23:25,3198
2018-03-17 23:30,3161
2018-03-17 23:35,3122
2018-03-17 23:40,3071
2018-03-17 23:45,3037
2018-03-17 23:50,3001
2018-03-17 23:55,2955
2018-03-18 00:00,2930
2018-03-18 00:05,2908
2018-03-18 00:10,2877
2018-03-18 00:15,2859
2018-03-18 00:20,2843
2018-03-18 00:25,2821
2018-03-18 00:30,2808
2018-03-18 00:35,2789
2018-03-18 00:40,2787
2018-03-18 00:45,2759
2018-03-18 00:50,2738
2018-03-18 00:55,2724
2018-03-18 01:00,2696
2018-03-18 01:05,2645
2018-03-18 01:10,2625
2018-03-18 01:15,2600
2018-03-18 01:20,2568
2018-03-18 01:25,2548
2018-03-18 01:30,2544
2018-03-18 01:35,2522
2018-03-18 01:40,2513
2018-03-18 01:45,2510
2018-03-18 01:50,2488
2018-03-18 01:55,2471
2018-03-18 02:00,2479
2018-03-18 02:05,2464
2018-03-18 02:10,2429
2018-03-18 02:15,2444
2018-03-18 02:20,2418
2018-03-18 02:25,2401
2018-03-18 02:30,2389
2018-03-18 02:35,2378
2018-03-18 02:40,2357
2018-03-18 02:45,2356
2018-03-18 02:50,2339
2018-03-18 02:55,2352
2018-03-18 03:00,2349
2018-03-18 03:05,2349
2018-03-18 03:10,2336
2018-03-18 03:15,2318
2018-03-18 03:20,2291
2018-03-18 03:25,2288
2018-03-18 03:30,2265
2018-03-18 03:35,2263
2018-03-18 03:40,2228
2018-03-18 03:45,2211
2018-03-18 03:50,2185
2018-03-18 03:55,2192
2018-03-18 04:00,2186
2018-03-18 04:05,2166
2018-03-18 04:10,2163
2018-03-18 04:15,2148
2018-03-18 04:20,2158
2018-03-18 04:25,2128
2018-03-18 04:30,2141
2018-03-18 04:35,2117
2018-03-18 04:40,2107
2018-03-18 04:45,2101
2018-03-18 04:50,2095
2018-03-18 04:55,2084
2018-03-18 05:00,2049
2018-03-18 05:05,2042
2018-03-18 05:10,2010
2018-03-18 05:15,2002
2018-03-18 05:20,1978
2018-03-18 05:25,1988
2018-03-18 05:30,1991
2018-03-18 05:35,1972
2018-03-18 05:40,1957
2018-03-18 05:45,1944
2018-03-18 05:50,1939
2018-03-18 05:55,1935
2018-03-18 06:00,1931
2018-03-18 06:05,1914
2018-03-18 06:10,1935
2018-03-18 06:15,1964
2018-03-18 06:20,1970
2018-03-18 06:25,1967
2018-03-18 06:30,1963
2018-03-18 06:35,1959
2018-03-18 06:40,1975
2018-03-18 06:45,2005
2018-03-18 06:50,2028
2018-03-18 06:55,2018
2018-03-18 07:00,2034
2018-03-18 07:05,2043
2018-03-18 07:10,2048
2018-03-18 07:15,2067
2018-03-18 07:20,2073
2018-03-18 07:25,2082
2018-03-18 07:30,2098
2018-03-18 07:35,2093
2018-03-18 07:40,2136
2018-03-18 07:45,2142
2018-03-18 07:50,2166
2018-03-18 07:55,2191
2018-03-18 08:00,2192
2018-03-18 08:05,2217
2018-03-18 08:10,2240
2018-03-18 08:15,2254
2018-03-18 08:20,2294
2018-03-18 08:25,2320
2018-03-18 08:30,2347
2018-03-18 08:35,2340
2018-03-18 08:40,2346
2018-03-18 08:45,2363
2018-03-18 08:50,2427
2018-03-18 08:55,2446
2018-03-18 09:00,2465
2018-03-18 09:05,2492
2018-03-18 09:10,2497
2018-03-18 09:15,2516
2018-03-18 09:20,2542
2018-03-18 09:25,2578
2018-03-18 09:30,2605
2018-03-18 09:35,2653
2018-03-18 09:40,2689
2018-03-18 09:45,2715
2018-03-18 09:50,2742
2018-03-18 09:55,2780
2018-03-18 10:00,2835
2018-03-18 10:05,2859
2018-03-18 10:10,2898
2018-03-18 10:15,2920
2018-03-18 10:20,2962
2018-03-18 10:25,2996
2018-03-18 10:30,3039
2018-03-18 10:35,3059
2018-03-18 10:40,3072
2018-03-18 10:45,3126
2018-03-18 10:50,3134
2018-03-18 10:55,3152
2018-03-18 11:00,3154
2018-03-18 11:05,3175
2018-03-18 11:10,3196
2018-03-18 11:15,3247
2018-03-18 11:20,3267
2018-03-18 11:25,3281
2018-03-18 11:30,3305
2018-03-18 11:35,3304
2018-03-18 11:40,3315
2018-03-18 11:45,3347
2018-03-18 11:50,3363
2018-03-18 11:55,3394
2018-03-18 12:00,3410
2018-03-18 12:05,3438
2018-03-18 12:10,3475
2018-03-18 12:15,3483
2018-03-18 12:20,3498
2018-03-18 12:25,3516
2018-03-18 12:30,3548
2018-03-18 12:35,3542
2018-03-18 12:40,3551
2018-03-18 12:45,3568
2018-03-18 12:50,3572
2018-03-18 12:55,3592
2018-03-18 13:00,3616
2018-03-18 13:05,3625
2018-03-18 13:10,3657
2018-03-18 13:15,3688
2018-03-18 13:20,3690
2018-03-18 13:25,3713
2018-03-18 13:30,3755
2018-03-18 13:35,3784
2018-03-18 13:40,3815
2018-03-18 13:45,3841
2018-03-18 13:50,3885
2018-03-18 13:55,3873
2018-03-18 14:00,3927
2018-03-18 14:05,3986
2018-03-18 14:10,3995
2018-03-18 14:15,4013
2018-03-18 14:20,4032
2018-03-18 14:25,4040
2018-03-18 14:30,4052
2018-03-18 14:35,4077
2018-03-18 14:40,4118
2018-03-18 14:45,4122
2018-03-18 14:50,4151
2018-03-18 14:55,4176
2018-03-18 15:00,4173
2018-03-18 15:05,4200
2018-03-18 15:10,4225
2018-03-18 15:15,4231
2018-03-18 15:20,4252
2018-03-18 15:25,4264
2018-03-18 15:30,4257
2018-03-18 15:35,4279
2018-03-18 15:40,0
2018-03-18 15:45,4302
2018-03-18 15:50,4293
2018-03-18 15:55,4298
2018-03-18 16:00,4327
2018-03-18 16:05,4339
2018-03-18 16:10,4334
2018-03-18 16:15,4306
2018-03-18 16:20,4316
2018-03-18 16:25,4320
2018-03-18 16:30,4349
2018-03-18 16:35,4381
2018-03-18 16:40,4381
2018-03-18 16:45,4420
2018-03-18 16:50,4420
2018-03-18 16:55,4406
2018-03-18 17:00,4422
2018-03-18 17:05,4422
2018-03-18 17:10,4450
2018-03-18 17:15,4472
2018-03-18 17:20,4473
2018-03-18 17:25,4492
2018-03-18 17:30,4478
2018-03-18 17:35,4489
2018-03-18 17:40,4489
2018-03-18 17:45,4493
2018-03-18 17:50,4491
2018-03-18 17:55,4496
2018-03-18 18:00,4495
2018-03-18 18:05,4489
2018-03-18 18:10,4445
2018-03-18 18:15,4411
2018-03-18 18:20,4419
2018-03-18 18:25,4408
2018-03-18 18:30,4421
2018-03-18 18:35,4397
2018-03-18 18:40,4397
2018-03-18 18:45,4364
2018-03-18 18:50,4369
2018-03-18 18:55,4389
2018-03-18 19:00,4395
2018-03-18 19:05,4423
2018-03-18 19:10,4349
2018-03-18 19:15,4381
2018-03-18 19:20,4393
2018-03-18 19:25,4373
2018-03-18 19:30,4360
2018-03-18 19:35,4387
2018-03-18 19:40,4387
2018-03-18 19:45,4390
2018-03-18 19:50,4386
2018-03-18 19:55,4367
2018-03-18 20:00,4336
2018-03-18 20:05,4303
2018-03-18 20:10,4294
2018-03-18 20:15,4267
2018-03-18 20:20,4227
2018-03-18 20:25,4204
2018-03-18 20:30,4167
2018-03-18 20:35,4177
2018-03-18 20:40,4177
2018-03-18 20:45,4132
2018-03-18 20:50,4132
2018-03-18 20:55,4121
2018-03-18 21:00,4024
2018-03-18 21:05,4024
2018-03-18 21:10,3945
2018-03-18 21:15,3902
2018-03-18 21:20,3902
2018-03-18 21:25,3840
2018-03-18 21:30,3809
2018-03-18 21:35,3802
2018-03-18 21:40,3802
2018-03-18 21:45,3786
2018-03-18 21:50,3677
2018-03-18 21:55,3677
2018-03-18 22:00,3619
2018-03-18 22:05,3566
2018-03-18 22:10,3566
2018-03-18 22:15,3502
2018-03-18 22:20,3502
2018-03-18 22:25,3450
2018-03-18 22:30,3352
2018-03-18 22:35,3333
2018-03-18 22:40,3333
2018-03-18 22:45,3268
2018-03-18 22:50,3268
2018-03-18 22:55,3231
2018-03-18 23:00,3193
2018-03-18 23:05,3178
2018-03-18 23:10,3139
2018-03-18 23:15,3008
2018-03-18 23:20,3008
2018-03-18 23:25,2990
2018-03-18 23:30,2975
2018-03-18 23:35,2948
2018-03-18 23:40,2916
2018-03-18 23:45,2889
2018-03-18 23:50,2859
2018-03-18 23:55,2814
2018-03-19 00:00,2794
2018-03-19 00:05,2788
2018-03-19 00:10,2752
2018-03-19 00:15,2705
2018-03-19 00:20,2629
2018-03-19 00:25,2629
2018-03-19 00:30,2597
2018-03-19 00:35,2597
2018-03-19 00:40,2591
2018-03-19 00:45,2573
2018-03-19 00:50,2552
2018-03-19 00:55,2532
2018-03-19 01:00,2546
2018-03-19 01:05,2505
2018-03-19 01:10,2505
2018-03-19 01:15,2478
2018-03-19 01:20,2457
2018-03-19 01:25,2448
2018-03-19 01:30,2424
2018-03-19 01:35,2396
2018-03-19 01:40,2387
2018-03-19 01:45,2370
2018-03-19 01:50,2357
2018-03-19 01:55,2319
2018-03-19 02:00,2294
2018-03-19 02:05,2277
2018-03-19 02:10,2255
2018-03-19 02:15,2237
2018-03-19 02:20,2223
2018-03-19 02:25,2206
2018-03-19 02:30,2177
2018-03-19 02:35,2177
2018-03-19 02:40,2161
2018-03-19 02:45,2144
2018-03-19 02:50,2121
2018-03-19 02:55,2108
2018-03-19 03:00,2079
2018-03-19 03:05,2060
2018-03-19 03:10,2024
2018-03-19 03:15,1992
2018-03-19 03:20,1955
2018-03-19 03:25,1924
2018-03-19 03:30,1922
2018-03-19 03:35,1903
2018-03-19 03:40,1872
2018-03-19 03:45,1844
2018-03-19 03:50,1808
2018-03-19 03:55,1795
2018-03-19 04:00,1797
2018-03-19 04:05,1770
2018-03-19 04:10,1750
2018-03-19 04:15,1754
2018-03-19 04:20,1731
2018-03-19 04:25,1715
2018-03-19 04:30,1704
2018-03-19 04:35,1699
2018-03-19 04:40,1695
2018-03-19 04:45,1682
2018-03-19 04:50,1668
2018-03-19 04:55,1661
2018-03-19 05:00,1652
2018-03-19 05:05,1655
2018-03-19 05:10,1640
2018-03-19 05:15,1632
2018-03-19 05:20,1640
2018-03-19 05:25,1631
2018-03-19 05:30,1604
2018-03-19 05:35,1594
2018-03-19 05:40,1616
2018-03-19 05:45,1614
2018-03-19 05:50,1601
2018-03-19 05:55,1588
2018-03-19 06:00,1586
2018-03-19 06:05,1569
2018-03-19 06:10,1576
2018-03-19 06:15,1574
2018-03-19 06:20,1551
2018-03-19 06:25,1566
2018-03-19 06:30,1576
2018-03-19 06:35,1550
2018-03-19 06:40,1544
2018-03-19 06:45,1553
2018-03-19 06:50,1561
2018-03-19 06:55,1553
2018-03-19 07:00,1555
2018-03-19 07:05,1559
2018-03-19 07:10,1557
2018-03-19 07:15,1548
2018-03-19 07:20,1547
2018-03-19 07:25,1539
2018-03-19 07:30,1559
2018-03-19 07:35,1569
2018-03-19 07:40,1573
2018-03-19 07:45,1585
2018-03-19 07:50,1596
2018-03-19 07:55,1601
2018-03-19 08:00,1605
2018-03-19 08:05,1617
2018-03-19 08:10,1613
2018-03-19 08:15,1635
2018-03-19 08:20,1643
2018-03-19 08:25,1643
2018-03-19 08:30,1640
2018-03-19 08:35,1657
2018-03-19 08:40,1650
2018-03-19 08:45,1658
2018-03-19 08:50,1678
2018-03-19 08:55,1720
2018-03-19 09:00,1740
2018-03-19 09:05,1749
2018-03-19 09:10,1788
2018-03-19 09:15,1781
2018-03-19 09:20,1790
2018-03-19 09:25,1797
2018-03-19 09:30,1835
2018-03-19 09:35,1841
2018-03-19 09:40,1879
2018-03-19 09:45,1889
2018-03-19 09:50,1903
2018-03-19 09:55,1885
2018-03-19 10:00,1896
2018-03-19 10:05,1937
2018-03-19 10:10,1982
2018-03-19 10:15,1999
2018-03-19 10:20,2027
2018-03-19 10:25,2062
2018-03-19 10:30,2090
2018-03-19 10:35,2096
2018-03-19 10:40,2117
2018-03-19 10:45,2143
2018-03-19 10:50,2157
2018-03-19 10:55,2174
2018-03-19 11:00,2208
2018-03-19 11:05,2244
2018-03-19 11:10,2242
2018-03-19 11:15,2252
2018-03-19 11:20,2289
2018-03-19 11:25,2304
2018-03-19 11:30,2298
2018-03-19 11:35,2318
2018-03-19 11:40,2326
2018-03-19 11:45,2349
2018-03-19 11:50,2351
2018-03-19 11:55,2357
2018-03-19 12:00,2391
2018-03-19 12:05,2380
2018-03-19 12:10,2395
2018-03-19 12:15,2401
2018-03-19 12:20,2399
2018-03-19 12:25,2408
2018-03-19 12:30,2444
2018-03-19 12:35,2444
2018-03-19 12:40,2451
2018-03-19 12:45,2487
2018-03-19 12:50,2496
2018-03-19 12:55,2504
2018-03-19 13:00,2521
2018-03-19 13:05,2558
2018-03-19 13:10,2575
2018-03-19 13:15,2552
2018-03-19 13:20,2554
2018-03-19 13:25,2578
2018-03-19 13:30,2619
2018-03-19 13:35,2645
2018-03-19 13:40,2642
2018-03-19 13:45,2661
2018-03-19 13:50,2670
2018-03-19 13:55,2701
2018-03-19 14:00,2721
2018-03-19 14:05,2711
2018-03-19 14:10,2738
2018-03-19 14:15,2769
2018-03-19 14:20,2775
2018-03-19 14:25,2812
2018-03-19 14:30,2820
2018-03-19 14:35,2859
2018-03-19 14:40,2915
2018-03-19 14:45,2948
2018-03-19 14:50,2980
2018-03-19 14:55,3007
2018-03-19 15:00,3020
2018-03-19 15:05,3024
2018-03-19 15:10,2987
2018-03-19 15:15,3041
2018-03-19 15:20,3062
2018-03-19 15:25,3072
2018-03-19 15:30,3088
2018-03-19 15:35,3087
2018-03-19 15:40,3103
2018-03-19 15:45,3139
2018-03-19 15:50,3127
2018-03-19 15:55,3142
2018-03-19 16:00,3202
2018-03-19 16:05,3242
2018-03-19 16:10,3246
2018-03-19 16:15,3267
2018-03-19 16:20,3301
2018-03-19 16:25,3350
2018-03-19 16:30,3358
2018-03-19 16:35,3420
2018-03-19 16:40,3460
2018-03-19 16:45,3466
2018-03-19 16:50,3486
2018-03-19 16:55,3505
2018-03-19 17:00,3522
2018-03-19 17:05,3549
2018-03-19 17:10,3548
2018-03-19 17:15,3597
2018-03-19 17:20,3615
2018-03-19 17:25,3647
2018-03-19 17:30,3678
2018-03-19 17:35,3723
2018-03-19 17:40,3730
2018-03-19 17:45,3756
2018-03-19 17:50,3741
2018-03-19 17:55,3784
2018-03-19 18:00,3793
2018-03-19 18:05,3811
2018-03-19 18:10,3810
2018-03-19 18:15,3811
2018-03-19 18:20,3817
2018-03-19 18:25,3817
2018-03-19 18:30,3827
2018-03-19 18:35,3846
2018-03-19 18:40,3842
2018-03-19 18:45,3859
2018-03-19 18:50,3848
2018-03-19 18:55,3845
2018-03-19 19:00,3836
2018-03-19 19:05,3805
2018-03-19 19:10,3804
2018-03-19 19:15,3786
2018-03-19 19:20,3759
2018-03-19 19:25,3763
2018-03-19 19:30,3757
2018-03-19 19:35,3782
2018-03-19 19:40,3817
2018-03-19 19:45,3819
2018-03-19 19:50,3810
2018-03-19 19:55,3767
2018-03-19 20:00,3766
2018-03-19 20:05,3725
2018-03-19 20:10,3746
2018-03-19 20:15,3739
2018-03-19 20:20,3715
2018-03-19 20:25,3700
2018-03-19 20:30,3667
2018-03-19 20:35,3649
2018-03-19 20:40,3605
2018-03-19 20:45,3616
2018-03-19 20:50,3622
2018-03-19 20:55,3597
2018-03-19 21:00,3564
2018-03-19 21:05,3518
2018-03-19 21:10,3473
2018-03-19 21:15,3456
2018-03-19 21:20,3426
2018-03-19 21:25,3415
2018-03-19 21:30,3384
2018-03-19 21:35,3358
2018-03-19 21:40,3317
2018-03-19 21:45,3265
2018-03-19 21:50,3239
2018-03-19 21:55,3200
2018-03-19 22:00,3159
2018-03-19 22:05,3127
2018-03-19 22:10,3114
2018-03-19 22:15,3075
2018-03-19 22:20,3034
2018-03-19 22:25,3039
2018-03-19 22:30,2996
2018-03-19 22:35,2957
2018-03-19 22:40,2925
2018-03-19 22:45,2877
2018-03-19 22:50,2871
2018-03-19 22:55,2876
2018-03-19 23:00,2821
2018-03-19 23:05,2792
2018-03-19 23:10,2745
2018-03-19 23:15,2712
2018-03-19 23:20,0
2018-03-19 23:25,2645
2018-03-19 23:30,2629
2018-03-19 23:35,2599
2018-03-19 23:40,2579
2018-03-19 23:45,2578
2018-03-19 23:50,2566
2018-03-19 23:55,2554
2018-03-20 00:00,2537
2018-03-20 00:05,2529
2018-03-20 00:10,2522
2018-03-20 00:15,2518
2018-03-20 00:20,2514
2018-03-20 00:25,2509
2018-03-20 00:30,2512
2018-03-20 00:35,2503
2018-03-20 00:40,2490
2018-03-20 00:45,2483
2018-03-20 00:50,2476
2018-03-20 00:55,2456
2018-03-20 01:00,2429
2018-03-20 01:05,2402
2018-03-20 01:10,2370
2018-03-20 01:15,2350
2018-03-20 01:20,2344
2018-03-20 01:25,2341
2018-03-20 01:30,2300
2018-03-20 01:35,2304
2018-03-20 01:40,2296
2018-03-20 01:45,2265
2018-03-20 01:50,2261
2018-03-20 01:55,2258
2018-03-20 02:00,2251
2018-03-20 02:05,2248
2018-03-20 02:10,2235
2018-03-20 02:15,2216
2018-03-20 02:20,2206
2018-03-20 02:25,2167
2018-03-20 02:30,2147
2018-03-20 02:35,2119
2018-03-20 02:40,2094
2018-03-20 02:45,2064
2018-03-20 02:50,2051
2018-03-20 02:55,2031
2018-03-20 03:00,2012
2018-03-20 03:05,1990
2018-03-20 03:10,1963
2018-03-20 03:15,1923
2018-03-20 03:20,1916
2018-03-20 03:25,1902
2018-03-20 03:30,1884
2018-03-20 03:35,1880
2018-03-20 03:40,1856
2018-03-20 03:45,1853
2018-03-20 03:50,1829
2018-03-20 03:55,1803
2018-03-20 04:00,1768
2018-03-20 04:05,1759
2018-03-20 04:10,1732
2018-03-20 04:15,1717
2018-03-20 04:20,1687
2018-03-20 04:25,1663
2018-03-20 04:30,1638
2018-03-20 04:35,1623
2018-03-20 04:40,1605
2018-03-20 04:45,1598
2018-03-20 04:50,1594
2018-03-20 04:55,1596
2018-03-20 05:00,1587
2018-03-20 05:05,1587
2018-03-20 05:10,1583
2018-03-20 05:15,1577
2018-03-20 05:20,1563
2018-03-20 05:25,1540
2018-03-20 05:30,1524
2018-03-20 05:35,1499
2018-03-20 05:40,1485
2018-03-20 05:45,1467
2018-03-20 05:50,1446
2018-03-20 05:55,1455
2018-03-20 06:00,1440
2018-03-20 06:05,1463
2018-03-20 06:10,1452
2018-03-20 06:15,1470
2018-03-20 06:20,1458
2018-03-20 06:25,1473
2018-03-20 06:30,1467
2018-03-20 06:35,1465
2018-03-20 06:40,1476
2018-03-20 06:45,1482
2018-03-20 06:50,1481
2018-03-20 06:55,1502
2018-03-20 07:00,1493
2018-03-20 07:05,1495
2018-03-20 07:10,1486
2018-03-20 07:15,1476
2018-03-20 07:20,1483
2018-03-20 07:25,1501
2018-03-20 07:30,1512
2018-03-20 07:35,1515
2018-03-20 07:40,1504
2018-03-20 07:45,1532
2018-03-20 07:50,1551
2018-03-20 07:55,1573
2018-03-20 08:00,1567
2018-03-20 08:05,1574
2018-03-20 08:10,1577
2018-03-20 08:15,1592
2018-03-20 08:20,1601
2018-03-20 08:25,1601
2018-03-20 08:30,1580
2018-03-20 08:35,1599
2018-03-20 08:40,1620
2018-03-20 08:45,1632
2018-03-20 08:50,1647
2018-03-20 08:55,1662
2018-03-20 09:00,1668
2018-03-20 09:05,1680
2018-03-20 09:10,1696
2018-03-20 09:15,1695
2018-03-20 09:20,1712
2018-03-20 09:25,1748
2018-03-20 09:30,1762
2018-03-20 09:35,1765
2018-03-20 09:40,1777
2018-03-20 09:45,1764
2018-03-20 09:50,1787
2018-03-20 09:55,1799
2018-03-20 10:00,1844
2018-03-20 10:05,1866
2018-03-20 10:10,1884
2018-03-20 10:15,1896
2018-03-20 10:20,1946
2018-03-20 10:25,1943
2018-03-20 10:30,1946
2018-03-20 10:35,1972
2018-03-20 10:40,1994
2018-03-20 10:45,2009
2018-03-20 10:50,2025
2018-03-20 10:55,2035
2018-03-20 11:00,2048
2018-03-20 11:05,2040
2018-03-20 11:10,2063
2018-03-20 11:15,2099
2018-03-20 11:20,2109
2018-03-20 11:25,2107
2018-03-20 11:30,2133
2018-03-20 11:35,2179
2018-03-20 11:40,2194
2018-03-20 11:45,2213
2018-03-20 11:50,2230
2018-03-20 11:55,2234
2018-03-20 12:00,2232
2018-03-20 12:05,2256
2018-03-20 12:10,2263
2018-03-20 12:15,2279
2018-03-20 12:20,2293
2018-03-20 12:25,2307
2018-03-20 12:30,2311
2018-03-20 12:35,2328
2018-03-20 12:40,2367
2018-03-20 12:45,2372
2018-03-20 12:50,2379
2018-03-20 12:55,2376
2018-03-20 13:00,2378
2018-03-20 13:05,2388
2018-03-20 13:10,2390
2018-03-20 13:15,2421
2018-03-20 13:20,2452
2018-03-20 13:25,2482
2018-03-20 13:30,2503
2018-03-20 13:35,2499
2018-03-20 13:40,2450
2018-03-20 13:45,2496
2018-03-20 13:50,2468
2018-03-20 13:55,2412
2018-03-20 14:00,2185
2018-03-20 14:05,1603
2018-03-20 14:10,1561
2018-03-20 14:15,1510
2018-03-20 14:20,1526
2018-03-20 14:25,1536
2018-03-20 14:30,1556
2018-03-20 14:35,1552
2018-03-20 14:40,1588
2018-03-20 14:45,1582
2018-03-20 14:50,1596
2018-03-20 14:55,1608
2018-03-20 15:00,1632
2018-03-20 15:05,1646
2018-03-20 15:10,1647
2018-03-20 15:15,1656
2018-03-20 15:20,1657
2018-03-20 15:25,1667
2018-03-20 15:30,1676
2018-03-20 15:35,1824
2018-03-20 15:40,1971
2018-03-20 15:45,2095
2018-03-20 15:50,2212
2018-03-20 15:55,2331
2018-03-20 16:00,2437
2018-03-20 16:05,2555
2018-03-20 16:10,2712
2018-03-20 16:15,2807
2018-03-20 16:20,2867
2018-03-20 16:25,2939
2018-03-20 16:30,2986
2018-03-20 16:35,3046
2018-03-20 16:40,3089
2018-03-20 16:45,3127
2018-03-20 16:50,3146
2018-03-20 16:55,3213
2018-03-20 17:00,3256
2018-03-20 17:05,3299
2018-03-20 17:10,3350
2018-03-20 17:15,3400
2018-03-20 17:20,3437
2018-03-20 17:25,3494
2018-03-20 17:30,3500
2018-03-20 17:35,3512
2018-03-20 17:40,3553
2018-03-20 17:45,3580
2018-03-20 17:50,3624
2018-03-20 17:55,3646
2018-03-20 18:00,3663
2018-03-20 18:05,3664
2018-03-20 18:10,3691
2018-03-20 18:15,3702
2018-03-20 18:20,3693
2018-03-20 18:25,3650
2018-03-20 18:30,3646
2018-03-20 18:35,3687
2018-03-20 18:40,3666
2018-03-20 18:45,3683
2018-03-20 18:50,3678
2018-03-20 18:55,3660
2018-03-20 19:00,3672
2018-03-20 19:05,3666
2018-03-20 19:10,3658
2018-03-20 19:15,3645
2018-03-20 19:20,3653
2018-03-20 19:25,3646
2018-03-20 19:30,3664
2018-03-20 19:35,3643
2018-03-20 19:40,3632
2018-03-20 19:45,3613
2018-03-20 19:50,3597
2018-03-20 19:55,3573
2018-03-20 20:00,3551
2018-03-20 20:05,3550
2018-03-20 20:10,3545
2018-03-20 20:15,3516
2018-03-20 20:20,3477
2018-03-20 20:25,3474
2018-03-20 20:30,3482
2018-03-20 20:35,3510
2018-03-20 20:40,3516
2018-03-20 20:45,3506
2018-03-20 20:50,3470
2018-03-20 20:55,3440
2018-03-20 21:00,3427
2018-03-20 21:05,3416
2018-03-20 21:10,3387
2018-03-20 21:15,3338
2018-03-20 21:20,3301
2018-03-20 21:25,3290
2018-03-20 21:30,3260
2018-03-20 21:35,3249
2018-03-20 21:40,3241
2018-03-20 21:45,3232
2018-03-20 21:50,3229
2018-03-20 21:55,3214
2018-03-20 22:00,3203
2018-03-20 22:05,3157
2018-03-20 22:10,3130
2018-03-20 22:15,3130
2018-03-20 22:20,3095
2018-03-20 22:25,3041
2018-03-20 22:30,2998
2018-03-20 22:35,2966
2018-03-20 22:40,2928
2018-03-20 22:45,2888
2018-03-20 22:50,2841
2018-03-20 22:55,2816
2018-03-20 23:00,2824
2018-03-20 23:05,2809
2018-03-20 23:10,
2018-03-20 23:15,0
2018-03-20 23:20,1
2018-03-20 23:25,1584
2018-03-20 23:30,2511
2018-03-20 23:35,2676
2018-03-20 23:40,2676
2018-03-20 23:45,2655
2018-03-20 23:50,2635
2018-03-20 23:55,2622
2018-03-21 00:00,2564
2018-03-21 00:05,2532
2018-03-21 00:10,2519
2018-03-21 00:15,2487
2018-03-21 00:20,2477
2018-03-21 00:25,2466
2018-03-21 00:30,2460
2018-03-21 00:35,2463
2018-03-21 00:40,2425
2018-03-21 00:45,2411
2018-03-21 00:50,2397
2018-03-21 00:55,2385
2018-03-21 01:00,2375
2018-03-21 01:05,2354
2018-03-21 01:10,2327
2018-03-21 01:15,2297
2018-03-21 01:20,2280
2018-03-21 01:25,2252
2018-03-21 01:30,2255
2018-03-21 01:35,2259
2018-03-21 01:40,2232
2018-03-21 01:45,2224
2018-03-21 01:50,2212
2018-03-21 01:55,2191
2018-03-21 02:00,2180
2018-03-21 02:05,2161
2018-03-21 02:10,2143
2018-03-21 02:15,2133
2018-03-21 02:20,2112
2018-03-21 02:25,2075
2018-03-21 02:30,2078
2018-03-21 02:35,2083
2018-03-21 02:40,2062
2018-03-21 02:45,2023
2018-03-21 02:50,2027
2018-03-21 02:55,2000
2018-03-21 03:00,1949
2018-03-21 03:05,1930
2018-03-21 03:10,1910
2018-03-21 03:15,1890
2018-03-21 03:20,1873
2018-03-21 03:25,1867
2018-03-21 03:30,1855
2018-03-21 03:35,1841
2018-03-21 03:40,1821
2018-03-21 03:45,1779
2018-03-21 03:50,1768
2018-03-21 03:55,1759
2018-03-21 04:00,1746
2018-03-21 04:05,1733
2018-03-21 04:10,1718
2018-03-21 04:15,1691
2018-03-21 04:20,1664
2018-03-21 04:25,1655
2018-03-21 04:30,1628
2018-03-21 04:35,1636
2018-03-21 04:40,1599
2018-03-21 04:45,1606
2018-03-21 04:50,1596
2018-03-21 04:55,1613
2018-03-21 05:00,1593
2018-03-21 05:05,1569
2018-03-21 05:10,1568
2018-03-21 05:15,1549
2018-03-21 05:20,1534
2018-03-21 05:25,1519
2018-03-21 05:30,1515
2018-03-21 05:35,1518
2018-03-21 05:40,1527
2018-03-21 05:45,1522
2018-03-21 05:50,1511
2018-03-21 05:55,1494
2018-03-21 06:00,1472
2018-03-21 06:05,1471
2018-03-21 06:10,1490
2018-03-21 06:15,1483
2018-03-21 06:20,1463
2018-03-21 06:25,1453
2018-03-21 06:30,1442
2018-03-21 06:35,1439
2018-03-21 06:40,1437
2018-03-21 06:45,1442
2018-03-21 06:50,1454
2018-03-21 06:55,1469
2018-03-21 07:00,1454
2018-03-21 07:05,1447
2018-03-21 07:10,1463
2018-03-21 07:15,1494
2018-03-21 07:20,1507
2018-03-21 07:25,1519
2018-03-21 07:30,1525
2018-03-21 07:35,1534
2018-03-21 07:40,1545
2018-03-21 07:45,1557
2018-03-21 07:50,1551
2018-03-21 07:55,1544
2018-03-21 08:00,1558
2018-03-21 08:05,1556
2018-03-21 08:10,1581
2018-03-21 08:15,1595
2018-03-21 08:20,1605
2018-03-21 08:25,1603
2018-03-21 08:30,1618
2018-03-21 08:35,1634
2018-03-21 08:40,1646
2018-03-21 08:45,1647
2018-03-21 08:50,1659
2018-03-21 08:55,1668
2018-03-21 09:00,1674
2018-03-21 09:05,1677
2018-03-21 09:10,1686
2018-03-21 09:15,1700
2018-03-21 09:20,1707
2018-03-21 09:25,1720
2018-03-21 09:30,1733
2018-03-21 09:35,1742
2018-03-21 09:40,1743
2018-03-21 09:45,1771
2018-03-21 09:50,1801
2018-03-21 09:55,1819
2018-03-21 10:00,1853
2018-03-21 10:05,1892
2018-03-21 10:10,1889
2018-03-21 10:15,1907
2018-03-21 10:20,1943
2018-03-21 10:25,1961
2018-03-21 10:30,1977
2018-03-21 10:35,1995
2018-03-21 10:40,2013
2018-03-21 10:45,2006
2018-03-21 10:50,2028
2018-03-21 10:55,2041
2018-03-21 11:00,2052
2018-03-21 11:05,2071
2018-03-21 11:10,2071
2018-03-21 11:15,2086
2018-03-21 11:20,2105
2018-03-21 11:25,2107
2018-03-21 11:30,2119
2018-03-21 11:35,2125
2018-03-21 11:40,2133
2018-03-21 11:45,2146
2018-03-21 11:50,2156
2018-03-21 11:55,2182
2018-03-21 12:00,2200
2018-03-21 12:05,2194
2018-03-21 12:10,2211
2018-03-21 12:15,2240
2018-03-21 12:20,2265
2018-03-21 12:25,2270
2018-03-21 12:30,2306
2018-03-21 12:35,2322
2018-03-21 12:40,2327
2018-03-21 12:45,2346
2018-03-21 12:50,2351
2018-03-21 12:55,2378
2018-03-21 13:00,2411
2018-03-21 13:05,2413
2018-03-21 13:10,2448
2018-03-21 13:15,2477
2018-03-21 13:20,2485
2018-03-21 13:25,2513
2018-03-21 13:30,2525
2018-03-21 13:35,2522
2018-03-21 13:40,2572
2018-03-21 13:45,2607
2018-03-21 13:50,2613
2018-03-21 13:55,2639
2018-03-21 14:00,2638
2018-03-21 14:05,2631
2018-03-21 14:10,2709
2018-03-21 14:15,2728
2018-03-21 14:20,2742
2018-03-21 14:25,2755
2018-03-21 14:30,2741
2018-03-21 14:35,2755
2018-03-21 14:40,2772
2018-03-21 14:45,2795
2018-03-21 14:50,2814
2018-03-21 14:55,2843
2018-03-21 15:00,2887
2018-03-21 15:05,2895
2018-03-21 15:10,2891
2018-03-21 15:15,2919
2018-03-21 15:20,2950
2018-03-21 15:25,2983
2018-03-21 15:30,3023
2018-03-21 15:35,3044
2018-03-21 15:40,3070
2018-03-21 15:45,3099
2018-03-21 15:50,3105
2018-03-21 15:55,3119
2018-03-21 16:00,3143
2018-03-21 16:05,3110
2018-03-21 16:10,3150
2018-03-21 16:15,3166
2018-03-21 16:20,3190
2018-03-21 16:25,3233
2018-03-21 16:30,3226
2018-03-21 16:35,3232
2018-03-21 16:40,3257
2018-03-21 16:45,3279
2018-03-21 16:50,3282
2018-03-21 16:55,3284
2018-03-21 17:00,3286
2018-03-21 17:05,3298
2018-03-21 17:10,3356
2018-03-21 17:15,3361
2018-03-21 17:20,3360
2018-03-21 17:25,3379
2018-03-21 17:30,3389
2018-03-21 17:35,3396
2018-03-21 17:40,3426
2018-03-21 17:45,3469
2018-03-21 17:50,3486
2018-03-21 17:55,3495
2018-03-21 18:00,3476
2018-03-21 18:05,3471
2018-03-21 18:10,3498
2018-03-21 18:15,3518
2018-03-21 18:20,3535
2018-03-21 18:25,3546
2018-03-21 18:30,3564
2018-03-21 18:35,3582
2018-03-21 18:40,3594
2018-03-21 18:45,3615
2018-03-21 18:50,3608
2018-03-21 18:55,3543
2018-03-21 19:00,3536
2018-03-21 19:05,3552
2018-03-21 19:10,3586
2018-03-21 19:15,3601
2018-03-21 19:20,3598
2018-03-21 19:25,3578
2018-03-21 19:30,3573
2018-03-21 19:35,3549
2018-03-21 19:40,3552
2018-03-21 19:45,3568
2018-03-21 19:50,3576
2018-03-21 19:55,3556
2018-03-21 20:00,3539
2018-03-21 20:05,3504
2018-03-21 20:10,3498
2018-03-21 20:15,3487
2018-03-21 20:20,3481
2018-03-21 20:25,3466
2018-03-21 20:30,3461
2018-03-21 20:35,3447
2018-03-21 20:40,3426
2018-03-21 20:45,3397
2018-03-21 20:50,3386
2018-03-21 20:55,3384
2018-03-21 21:00,3366
2018-03-21 21:05,3343
2018-03-21 21:10,3291
2018-03-21 21:15,3257
2018-03-21 21:20,3242
2018-03-21 21:25,3211
2018-03-21 21:30,3201
2018-03-21 21:35,3181
2018-03-21 21:40,3170
2018-03-21 21:45,3145
2018-03-21 21:50,3100
2018-03-21 21:55,3088
2018-03-21 22:00,3061
2018-03-21 22:05,3019
2018-03-21 22:10,2994
2018-03-21 22:15,2985
2018-03-21 22:20,2962
2018-03-21 22:25,2944
2018-03-21 22:30,2934
2018-03-21 22:35,2919
2018-03-21 22:40,2883
2018-03-21 22:45,2867
2018-03-21 22:50,2883
2018-03-21 22:55,2883
2018-03-21 23:00,2860
2018-03-21 23:05,2830
2018-03-21 23:10,2806
2018-03-21 23:15,2766
2018-03-21 23:20,2732
2018-03-21 23:25,2710
2018-03-21 23:30,2680
2018-03-21 23:35,2624
2018-03-21 23:40,2608
2018-03-21 23:45,2589
2018-03-21 23:50,2549
2018-03-21 23:55,2535
2018-03-22 00:00,2545
2018-03-22 00:05,2501
2018-03-22 00:10,2494
2018-03-22 00:15,2493
2018-03-22 00:20,2466
2018-03-22 00:25,2452
2018-03-22 00:30,2421
2018-03-22 00:35,2418
2018-03-22 00:40,2404
2018-03-22 00:45,2396
2018-03-22 00:50,2386
2018-03-22 00:55,2376
2018-03-22 01:00,2376
2018-03-22 01:05,2341
2018-03-22 01:10,2336
2018-03-22 01:15,2323
2018-03-22 01:20,2315
2018-03-22 01:25,2323
2018-03-22 01:30,2315
2018-03-22 01:35,2322
2018-03-22 01:40,2323
2018-03-22 01:45,2299
2018-03-22 01:50,2276
2018-03-22 01:55,2240
2018-03-22 02:00,2232
2018-03-22 02:05,2207
2018-03-22 02:10,2181
2018-03-22 02:15,2202
2018-03-22 02:20,2187
2018-03-22 02:25,2171
2018-03-22 02:30,2165
2018-03-22 02:35,2157
2018-03-22 02:40,2112
2018-03-22 02:45,2089
2018-03-22 02:50,2053
2018-03-22 02:55,2003
2018-03-22 03:00,1988
2018-03-22 03:05,1957
2018-03-22 03:10,1934
2018-03-22 03:15,1914
2018-03-22 03:20,1888
2018-03-22 03:25,1862
2018-03-22 03:30,1858
2018-03-22 03:35,1840
2018-03-22 03:40,1838
2018-03-22 03:45,1824
2018-03-22 03:50,1817
2018-03-22 03:55,1800
2018-03-22 04:00,1807
2018-03-22 04:05,1764
2018-03-22 04:10,1805
2018-03-22 04:15,1787
2018-03-22 04:20,1778
2018-03-22 04:25,1766
2018-03-22 04:30,1748
2018-03-22 04:35,1741
2018-03-22 04:40,1727
2018-03-22 04:45,1683
2018-03-22 04:50,1673
2018-03-22 04:55,1655
2018-03-22 05:00,1658
2018-03-22 05:05,1634
2018-03-22 05:10,1622
2018-03-22 05:15,1622
2018-03-22 05:20,1628
2018-03-22 05:25,1612
2018-03-22 05:30,1607
2018-03-22 05:35,1587
2018-03-22 05:40,1574
2018-03-22 05:45,1559
2018-03-22 05:50,1563
2018-03-22 05:55,1570
2018-03-22 06:00,1568
2018-03-22 06:05,1562
2018-03-22 06:10,1556
2018-03-22 06:15,1558
2018-03-22 06:20,1549
2018-03-22 06:25,1541
2018-03-22 06:30,1553
2018-03-22 06:35,1540
2018-03-22 06:40,1530
2018-03-22 06:45,1507
2018-03-22 06:50,1501
2018-03-22 06:55,1518
2018-03-22 07:00,1503
2018-03-22 07:05,1512
2018-03-22 07:10,1519
2018-03-22 07:15,1524
2018-03-22 07:20,1526
2018-03-22 07:25,1520
2018-03-22 07:30,1538
2018-03-22 07:35,1546
2018-03-22 07:40,1562
2018-03-22 07:45,1577
2018-03-22 07:50,1571
2018-03-22 07:55,1573
2018-03-22 08:00,1598
2018-03-22 08:05,1589
2018-03-22 08:10,1590
2018-03-22 08:15,1595
2018-03-22 08:20,1597
2018-03-22 08:25,1602
2018-03-22 08:30,1618
2018-03-22 08:35,1641
2018-03-22 08:40,1651
2018-03-22 08:45,1679
2018-03-22 08:50,1706
2018-03-22 08:55,1715
2018-03-22 09:00,1732
2018-03-22 09:05,1729
2018-03-22 09:10,1739
2018-03-22 09:15,1733
2018-03-22 09:20,1748
2018-03-22 09:25,1760
2018-03-22 09:30,1774
2018-03-22 09:35,1805
2018-03-22 09:40,1810
2018-03-22 09:45,1790
2018-03-22 09:50,1797
2018-03-22 09:55,1831
2018-03-22 10:00,1850
2018-03-22 10:05,1855
2018-03-22 10:10,1919
2018-03-22 10:15,1948
2018-03-22 10:20,1968
2018-03-22 10:25,1983
2018-03-22 10:30,2014
2018-03-22 10:35,2025
2018-03-22 10:40,2043
2018-03-22 10:45,2058
2018-03-22 10:50,2075
2018-03-22 10:55,2097
2018-03-22 11:00,2091
2018-03-22 11:05,2079
2018-03-22 11:10,2091
2018-03-22 11:15,2096
2018-03-22 11:20,2125
2018-03-22 11:25,2138
2018-03-22 11:30,2174
2018-03-22 11:35,2196
2018-03-22 11:40,2200
2018-03-22 11:45,2222
2018-03-22 11:50,2243
2018-03-22 11:55,2274
2018-03-22 12:00,2297
2018-03-22 12:05,2313
2018-03-22 12:10,2382
2018-03-22 12:15,2388
2018-03-22 12:20,2394
2018-03-22 12:25,2393
2018-03-22 12:30,2432
2018-03-22 12:35,2409
2018-03-22 12:40,2396
2018-03-22 12:45,2393
2018-03-22 12:50,2418
2018-03-22 12:55,2434
2018-03-22 13:00,2455
2018-03-22 13:05,2450
2018-03-22 13:10,2480
2018-03-22 13:15,2450
2018-03-22 13:20,2467
2018-03-22 13:25,0
2018-03-22 13:30,2486
2018-03-22 13:35,2482
2018-03-22 13:40,2479
2018-03-22 13:45,2448
2018-03-22 13:50,2439
2018-03-22 13:55,2382
2018-03-22 14:00,2122
2018-03-22 14:05,1515
2018-03-22 14:10,1464
2018-03-22 14:15,1477
2018-03-22 14:20,1501
2018-03-22 14:25,1543
2018-03-22 14:30,1539
2018-03-22 14:35,1545
2018-03-22 14:40,1547
2018-03-22 14:45,1575
2018-03-22 14:50,1620
2018-03-22 14:55,1621
2018-03-22 15:00,1612
2018-03-22 15:05,1623
2018-03-22 15:10,1661
2018-03-22 15:15,1669
2018-03-22 15:20,1719
2018-03-22 15:25,1710
2018-03-22 15:30,1751
2018-03-22 15:35,1759
2018-03-22 15:40,1809
2018-03-22 15:45,1915
2018-03-22 15:50,2090
2018-03-22 15:55,2244
2018-03-22 16:00,2370
2018-03-22 16:05,2527
2018-03-22 16:10,2680
2018-03-22 16:15,2777
2018-03-22 16:20,2863
2018-03-22 16:25,2969
2018-03-22 16:30,3054
2018-03-22 16:35,3127
2018-03-22 16:40,3205
2018-03-22 16:45,3273
2018-03-22 16:50,3295
2018-03-22 16:55,3330
2018-03-22 17:00,3357
2018-03-22 17:05,3341
2018-03-22 17:10,3373
2018-03-22 17:15,3380
2018-03-22 17:20,3422
2018-03-22 17:25,3433
2018-03-22 17:30,3511
2018-03-22 17:35,3526
2018-03-22 17:40,3548
2018-03-22 17:45,3550
2018-03-22 17:50,3576
2018-03-22 17:55,3583
2018-03-22 18:00,3585
2018-03-22 18:05,3614
2018-03-22 18:10,3600
2018-03-22 18:15,3620
2018-03-22 18:20,3679
2018-03-22 18:25,3703
2018-03-22 18:30,3697
2018-03-22 18:35,3685
2018-03-22 18:40,3690
2018-03-22 18:45,3712
2018-03-22 18:50,3722
2018-03-22 18:55,3734
2018-03-22 19:00,3725
2018-03-22 19:05,3737
2018-03-22 19:10,3752
2018-03-22 19:15,3733
2018-03-22 19:20,3732
2018-03-22 19:25,3720
2018-03-22 19:30,3717
2018-03-22 19:35,3728
2018-03-22 19:40,3743
2018-03-22 19:45,3739
2018-03-22 19:50,3725
2018-03-22 19:55,3693
2018-03-22 20:00,3712
2018-03-22 20:05,3663
2018-03-22 20:10,3604
2018-03-22 20:15,3584
2018-03-22 20:20,3549
2018-03-22 20:25,3547
2018-03-22 20:30,3521
2018-03-22 20:35,3515
2018-03-22 20:40,3488
2018-03-22 20:45,3486
2018-03-22 20:50,3471
2018-03-22 20:55,3474
2018-03-22 21:00,3448
2018-03-22 21:05,3406
2018-03-22 21:10,3387
2018-03-22 21:15,3356
2018-03-22 21:20,3316
2018-03-22 21:25,3253
2018-03-22 21:30,3221
2018-03-22 21:35,3189
2018-03-22 21:40,3165
2018-03-22 21:45,3130
2018-03-22 21:50,3086
2018-03-22 21:55,3066
2018-03-22 22:00,3049
2018-03-22 22:05,3019
2018-03-22 22:10,3003
2018-03-22 22:15,2979
2018-03-22 22:20,2959
2018-03-22 22:25,2934
2018-03-22 22:30,2916
2018-03-22 22:35,2890
2018-03-22 22:40,2875
2018-03-22 22:45,2858
2018-03-22 22:50,2837
2018-03-22 22:55,2806
2018-03-22 23:00,2780
2018-03-22 23:05,2762
2018-03-22 23:10,2730
2018-03-22 23:15,2688
2018-03-22 23:20,2682
2018-03-22 23:25,2670
2018-03-22 23:30,2664
2018-03-22 23:35,2649
2018-03-22 23:40,2635
2018-03-22 23:45,2615
2018-03-22 23:50,2598
2018-03-22 23:55,2593
2018-03-23 00:00,2578
2018-03-23 00:05,2484
2018-03-23 00:10,2430
2018-03-23 00:15,2412
2018-03-23 00:20,2366
2018-03-23 00:25,2362
2018-03-23 00:30,2372
2018-03-23 00:35,2371
2018-03-23 00:40,2351
2018-03-23 00:45,2343
2018-03-23 00:50,2337
2018-03-23 00:55,2331
2018-03-23 01:00,2304
2018-03-23 01:05,2310
2018-03-23 01:10,2291
2018-03-23 01:15,2306
2018-03-23 01:20,2314
2018-03-23 01:25,2274
2018-03-23 01:30,2272
2018-03-23 01:35,2239
2018-03-23 01:40,2220
2018-03-23 01:45,2224
2018-03-23 01:50,2195
2018-03-23 01:55,2204
2018-03-23 02:00,2186
2018-03-23 02:05,2157
2018-03-23 02:10,2190
2018-03-23 02:15,2154
2018-03-23 02:20,2143
2018-03-23 02:25,2148
2018-03-23 02:30,2127
2018-03-23 02:35,2130
2018-03-23 02:40,2093
2018-03-23 02:45,2086
2018-03-23 02:50,2070
2018-03-23 02:55,2034
2018-03-23 03:00,2025
2018-03-23 03:05,2009
2018-03-23 03:10,2020
2018-03-23 03:15,2011
2018-03-23 03:20,1998
2018-03-23 03:25,1986
2018-03-23 03:30,1954
2018-03-23 03:35,1957
2018-03-23 03:40,1933
2018-03-23 03:45,1921
2018-03-23 03:50,1912
2018-03-23 03:55,1906
2018-03-23 04:00,1898
2018-03-23 04:05,1841
2018-03-23 04:10,1866
2018-03-23 04:15,1847
2018-03-23 04:20,1845
2018-03-23 04:25,1814
2018-03-23 04:30,1799
2018-03-23 04:35,1757
2018-03-23 04:40,1739
2018-03-23 04:45,1710
2018-03-23 04:50,1706
2018-03-23 04:55,1713
2018-03-23 05:00,1673
2018-03-23 05:05,1676
2018-03-23 05:10,1674
2018-03-23 05:15,1666
2018-03-23 05:20,1660
2018-03-23 05:25,1652
2018-03-23 05:30,1635
2018-03-23 05:35,1630
2018-03-23 05:40,1613
2018-03-23 05:45,1606
2018-03-23 05:50,1587
2018-03-23 05:55,1584
2018-03-23 06:00,1590
2018-03-23 06:05,1571
2018-03-23 06:10,1578
2018-03-23 06:15,1567
2018-03-23 06:20,1557
2018-03-23 06:25,1567
2018-03-23 06:30,1570
2018-03-23 06:35,1565
2018-03-23 06:40,1565
2018-03-23 06:45,1546
2018-03-23 06:50,1549
2018-03-23 06:55,1553
2018-03-23 07:00,1548
2018-03-23 07:05,1547
2018-03-23 07:10,1573
2018-03-23 07:15,1574
2018-03-23 07:20,1576
2018-03-23 07:25,1594
2018-03-23 07:30,1632
2018-03-23 07:35,1648
2018-03-23 07:40,1660
2018-03-23 07:45,1668
2018-03-23 07:50,1672
2018-03-23 07:55,1686
2018-03-23 08:00,1707
2018-03-23 08:05,1703
2018-03-23 08:10,1757
2018-03-23 08:15,1753
2018-03-23 08:20,1746
2018-03-23 08:25,1737
2018-03-23 08:30,1764
2018-03-23 08:35,1794
2018-03-23 08:40,1784
2018-03-23 08:45,1783
2018-03-23 08:50,1804
2018-03-23 08:55,1808
2018-03-23 09:00,1816
2018-03-23 09:05,1828
2018-03-23 09:10,1847
2018-03-23 09:15,1865
2018-03-23 09:20,1903
2018-03-23 09:25,1893
2018-03-23 09:30,1901
2018-03-23 09:35,1880
2018-03-23 09:40,1875
2018-03-23 09:45,1896
2018-03-23 09:50,1930
2018-03-23 09:55,1945
2018-03-23 10:00,1988
2018-03-23 10:05,1992
2018-03-23 10:10,2023
2018-03-23 10:15,2029
2018-03-23 10:20,2039
2018-03-23 10:25,2031
2018-03-23 10:30,2057
2018-03-23 10:35,2086
2018-03-23 10:40,2105
2018-03-23 10:45,2096
2018-03-23 10:50,2111
2018-03-23 10:55,2111
2018-03-23 11:00,2114
2018-03-23 11:05,2151
2018-03-23 11:10,2154
2018-03-23 11:15,2177
2018-03-23 11:20,2176
2018-03-23 11:25,2233
2018-03-23 11:30,2239
2018-03-23 11:35,2268
2018-03-23 11:40,2274
2018-03-23 11:45,2308
2018-03-23 11:50,2306
2018-03-23 11:55,2318
2018-03-23 12:00,2327
2018-03-23 12:05,2349
2018-03-23 12:10,2355
2018-03-23 12:15,2390
2018-03-23 12:20,2390
2018-03-23 12:25,2419
2018-03-23 12:30,2431
2018-03-23 12:35,2437
2018-03-23 12:40,2441
2018-03-23 12:45,2469
2018-03-23 12:50,2488
2018-03-23 12:55,2512
2018-03-23 13:00,2553
2018-03-23 13:05,2564
2018-03-23 13:10,2588
2018-03-23 13:15,2599
2018-03-23 13:20,2571
2018-03-23 13:25,2583
2018-03-23 13:30,2584
2018-03-23 13:35,2595
2018-03-23 13:40,2630
2018-03-23 13:45,2628
2018-03-23 13:50,2645
2018-03-23 13:55,2684
2018-03-23 14:00,2683
2018-03-23 14:05,2688
2018-03-23 14:10,2719
2018-03-23 14:15,2761
2018-03-23 14:20,2779
2018-03-23 14:25,2791
2018-03-23 14:30,2807
2018-03-23 14:35,2832
2018-03-23 14:40,2829
2018-03-23 14:45,2851
2018-03-23 14:50,2879
2018-03-23 14:55,2893
2018-03-23 15:00,2906
2018-03-23 15:05,2958
2018-03-23 15:10,2976
2018-03-23 15:15,2995
2018-03-23 15:20,3006
2018-03-23 15:25,3046
2018-03-23 15:30,3079
2018-03-23 15:35,3094
2018-03-23 15:40,3099
2018-03-23 15:45,3129
2018-03-23 15:50,3148
2018-03-23 15:55,3177
2018-03-23 16:00,3173
2018-03-23 16:05,3185
2018-03-23 16:10,3216
2018-03-23 16:15,3229
2018-03-23 16:20,3264
2018-03-23 16:25,3266
2018-03-23 16:30,3274
2018-03-23 16:35,3276
2018-03-23 16:40,3294
2018-03-23 16:45,3307
2018-03-23 16:50,3326
2018-03-23 16:55,3327
2018-03-23 17:00,3321
2018-03-23 17:05,3331
2018-03-23 17:10,3338
2018-03-23 17:15,3372
2018-03-23 17:20,3364
2018-03-23 17:25,3371
2018-03-23 17:30,3398
2018-03-23 17:35,3415
2018-03-23 17:40,3440
2018-03-23 17:45,3476
2018-03-23 17:50,3504
2018-03-23 17:55,3516
2018-03-23 18:00,3540
2018-03-23 18:05,3555
2018-03-23 18:10,3544
2018-03-23 18:15,3571
2018-03-23 18:20,3590
2018-03-23 18:25,3607
2018-03-23 18:30,3628
2018-03-23 18:35,3620
2018-03-23 18:40,3614
2018-03-23 18:45,3626
2018-03-23 18:50,3622
2018-03-23 18:55,3614
2018-03-23 19:00,3623
2018-03-23 19:05,3646
2018-03-23 19:10,3629
2018-03-23 19:15,3651
2018-03-23 19:20,3649
2018-03-23 19:25,3634
2018-03-23 19:30,3608
2018-03-23 19:35,3642
2018-03-23 19:40,3678
2018-03-23 19:45,3680
2018-03-23 19:50,3710
2018-03-23 19:55,3689
2018-03-23 20:00,3689
2018-03-23 20:05,3697
2018-03-23 20:10,3668
2018-03-23 20:15,3630
2018-03-23 20:20,3652
2018-03-23 20:25,3630
2018-03-23 20:30,3668
2018-03-23 20:35,3661
2018-03-23 20:40,3646
2018-03-23 20:45,3641
2018-03-23 20:50,3618
2018-03-23 20:55,3625
2018-03-23 21:00,3625
2018-03-23 21:05,3597
2018-03-23 21:10,3589
2018-03-23 21:15,3601
2018-03-23 21:20,3564
2018-03-23 21:25,3546
2018-03-23 21:30,3521
2018-03-23 21:35,3478
2018-03-23 21:40,3478
2018-03-23 21:45,3447
2018-03-23 21:50,3403
2018-03-23 21:55,3409
2018-03-23 22:00,3410
2018-03-23 22:05,0
2018-03-23 22:10,3338
2018-03-23 22:15,3325
2018-03-23 22:20,3297
2018-03-23 22:25,3281
2018-03-23 22:30,3283
2018-03-23 22:35,3252
2018-03-23 22:40,3213
2018-03-23 22:45,3166
2018-03-23 22:50,3124
2018-03-23 22:55,3097
2018-03-23 23:00,3080
2018-03-23 23:05,3040
2018-03-23 23:10,2992
2018-03-23 23:15,2975
2018-03-23 23:20,2936
2018-03-23 23:25,2909
2018-03-23 23:30,2887
2018-03-23 23:35,2844
2018-03-23 23:40,2845
2018-03-23 23:45,2784
2018-03-23 23:50,2739
2018-03-23 23:55,2732
2018-03-24 00:00,2691
2018-03-24 00:05,2639
2018-03-24 00:10,2640
2018-03-24 00:15,2623
2018-03-24 00:20,2608
2018-03-24 00:25,2591
2018-03-24 00:30,2573
2018-03-24 00:35,2569
2018-03-24 00:40,2543
2018-03-24 00:45,2558
2018-03-24 00:50,2533
2018-03-24 00:55,2522
2018-03-24 01:00,2515
2018-03-24 01:05,2525
2018-03-24 01:10,2495
2018-03-24 01:15,2494
2018-03-24 01:20,2459
2018-03-24 01:25,2437
2018-03-24 01:30,2422
2018-03-24 01:35,2411
2018-03-24 01:40,2385
2018-03-24 01:45,2380
2018-03-24 01:50,2381
2018-03-24 01:55,2375
2018-03-24 02:00,2312
2018-03-24 02:05,2273
2018-03-24 02:10,2278
2018-03-24 02:15,2269
2018-03-24 02:20,2246
2018-03-24 02:25,2228
2018-03-24 02:30,2237
2018-03-24 02:35,2216
2018-03-24 02:40,2203
2018-03-24 02:45,2180
2018-03-24 02:50,2163
2018-03-24 02:55,2153
2018-03-24 03:00,2156
2018-03-24 03:05,2153
2018-03-24 03:10,2138
2018-03-24 03:15,2104
2018-03-24 03:20,2097
2018-03-24 03:25,2092
2018-03-24 03:30,2076
2018-03-24 03:35,2049
2018-03-24 03:40,2028
2018-03-24 03:45,2004
2018-03-24 03:50,1988
2018-03-24 03:55,1990
2018-03-24 04:00,1987
2018-03-24 04:05,1945
2018-03-24 04:10,1971
2018-03-24 04:15,1950
2018-03-24 04:20,1942
2018-03-24 04:25,1916
2018-03-24 04:30,1914
2018-03-24 04:35,1906
2018-03-24 04:40,1901
2018-03-24 04:45,1885
2018-03-24 04:50,1877
2018-03-24 04:55,1884
2018-03-24 05:00,1885
2018-03-24 05:05,1881
2018-03-24 05:10,1864
2018-03-24 05:15,1862
2018-03-24 05:20,1865
2018-03-24 05:25,1864
2018-03-24 05:30,1857
2018-03-24 05:35,1845
2018-03-24 05:40,1856
2018-03-24 05:45,1839
2018-03-24 05:50,1845
2018-03-24 05:55,1804
2018-03-24 06:00,1800
2018-03-24 06:05,1789
2018-03-24 06:10,1789
2018-03-24 06:15,1797
2018-03-24 06:20,1805
2018-03-24 06:25,1802
2018-03-24 06:30,1830
2018-03-24 06:35,1849
2018-03-24 06:40,1845
2018-03-24 06:45,1835
2018-03-24 06:50,1833
2018-03-24 06:55,1853
2018-03-24 07:00,1873
2018-03-24 07:05,1891
2018-03-24 07:10,1907
2018-03-24 07:15,1922
2018-03-24 07:20,1932
2018-03-24 07:25,1924
2018-03-24 07:30,1920
2018-03-24 07:35,1935
2018-03-24 07:40,1937
2018-03-24 07:45,1938
2018-03-24 07:50,1960
2018-03-24 07:55,1972
2018-03-24 08:00,2011
2018-03-24 08:05,2027
2018-03-24 08:10,2041
2018-03-24 08:15,2045
2018-03-24 08:20,2078
2018-03-24 08:25,2104
2018-03-24 08:30,2137
2018-03-24 08:35,2154
2018-03-24 08:40,2173
2018-03-24 08:45,2200
2018-03-24 08:50,2220
2018-03-24 08:55,2246
2018-03-24 09:00,2252
2018-03-24 09:05,2276
2018-03-24 09:10,2311
2018-03-24 09:15,2313
2018-03-24 09:20,2347
2018-03-24 09:25,2378
2018-03-24 09:30,2380
2018-03-24 09:35,2405
2018-03-24 09:40,2423
2018-03-24 09:45,2448
2018-03-24 09:50,2482
2018-03-24 09:55,2508
2018-03-24 10:00,2561
2018-03-24 10:05,2594
2018-03-24 10:10,2630
2018-03-24 10:15,2668
2018-03-24 10:20,2671
2018-03-24 10:25,2698
2018-03-24 10:30,2709
2018-03-24 10:35,2754
2018-03-24 10:40,2754
2018-03-24 10:45,2763
2018-03-24 10:50,2776
2018-03-24 10:55,2803
2018-03-24 11:00,2802
2018-03-24 11:05,2835
2018-03-24 11:10,2841
2018-03-24 11:15,2878
2018-03-24 11:20,2908
2018-03-24 11:25,2944
2018-03-24 11:30,2940
2018-03-24 11:35,2958
2018-03-24 11:40,2989
2018-03-24 11:45,3018
2018-03-24 11:50,3051
2018-03-24 11:55,3051
2018-03-24 12:00,3059
2018-03-24 12:05,3081
2018-03-24 12:10,3114
2018-03-24 12:15,3127
2018-03-24 12:20,3131
2018-03-24 12:25,3164
2018-03-24 12:30,3191
2018-03-24 12:35,3201
2018-03-24 12:40,3209
2018-03-24 12:45,3242
2018-03-24 12:50,3235
2018-03-24 12:55,3241
2018-03-24 13:00,3311
2018-03-24 13:05,3328
2018-03-24 13:10,3336
2018-03-24 13:15,3339
2018-03-24 13:20,3369
2018-03-24 13:25,3406
2018-03-24 13:30,3435
2018-03-24 13:35,3446
2018-03-24 13:40,3472
2018-03-24 13:45,3477
2018-03-24 13:50,3507
2018-03-24 13:55,3513
2018-03-24 14:00,3510
2018-03-24 14:05,3504
2018-03-24 14:10,3550
2018-03-24 14:15,3559
2018-03-24 14:20,3553
2018-03-24 14:25,3600
2018-03-24 14:30,3636
2018-03-24 14:35,3685
2018-03-24 14:40,3709
2018-03-24 14:45,3748
2018-03-24 14:50,3758
2018-03-24 14:55,3730
2018-03-24 15:00,3743
2018-03-24 15:05,3748
2018-03-24 15:10,3786
2018-03-24 15:15,3806
2018-03-24 15:20,3825
2018-03-24 15:25,3852
2018-03-24 15:30,3882
2018-03-24 15:35,3886
2018-03-24 15:40,3924
2018-03-24 15:45,3926
2018-03-24 15:50,3914
2018-03-24 15:55,3914
2018-03-24 16:00,3992
2018-03-24 16:05,4011
2018-03-24 16:10,3977
2018-03-24 16:15,4028
2018-03-24 16:20,4018
2018-03-24 16:25,4013
2018-03-24 16:30,4015
2018-03-24 16:35,4024
2018-03-24 16:40,4023
2018-03-24 16:45,4058
2018-03-24 16:50,4073
2018-03-24 16:55,4018
2018-03-24 17:00,4016
2018-03-24 17:05,4028
2018-03-24 17:10,4006
2018-03-24 17:15,4018
2018-03-24 17:20,4049
2018-03-24 17:25,4043
2018-03-24 17:30,4054
2018-03-24 17:35,4082
2018-03-24 17:40,4075
2018-03-24 17:45,4076
2018-03-24 17:50,4068
2018-03-24 17:55,4060
2018-03-24 18:00,4054
2018-03-24 18:05,4023
2018-03-24 18:10,4001
2018-03-24 18:15,4018
2018-03-24 18:20,4022
2018-03-24 18:25,4029
2018-03-24 18:30,4074
2018-03-24 18:35,4074
2018-03-24 18:40,4082
2018-03-24 18:45,4112
2018-03-24 18:50,4101
2018-03-24 18:55,4131
2018-03-24 19:00,4150
2018-03-24 19:05,4146
2018-03-24 19:10,4127
2018-03-24 19:15,4102
2018-03-24 19:20,4139
2018-03-24 19:25,4107
2018-03-24 19:30,4076
2018-03-24 19:35,4075
2018-03-24 19:40,4060
2018-03-24 19:45,4055
2018-03-24 19:50,4054
2018-03-24 19:55,4068
2018-03-24 20:00,4084
2018-03-24 20:05,4077
2018-03-24 20:10,4087
2018-03-24 20:15,4081
2018-03-24 20:20,4082
2018-03-24 20:25,4060
2018-03-24 20:30,4032
2018-03-24 20:35,3996
2018-03-24 20:40,4004
2018-03-24 20:45,4000
2018-03-24 20:50,3995
2018-03-24 20:55,4002
2018-03-24 21:00,3995
2018-03-24 21:05,3966
2018-03-24 21:10,3925
2018-03-24 21:15,3879
2018-03-24 21:20,3822
2018-03-24 21:25,3838
2018-03-24 21:30,3806
2018-03-24 21:35,3772
2018-03-24 21:40,3753
2018-03-24 21:45,3732
2018-03-24 21:50,3727
2018-03-24 21:55,3712
2018-03-24 22:00,3708
2018-03-24 22:05,3670
2018-03-24 22:10,3650
2018-03-24 22:15,3632
2018-03-24 22:20,3602
2018-03-24 22:25,3585
2018-03-24 22:30,3541
2018-03-24 22:35,3526
2018-03-24 22:40,3509
2018-03-24 22:45,3473
2018-03-24 22:50,3440
2018-03-24 22:55,3423
2018-03-24 23:00,3371
2018-03-24 23:05,3355
2018-03-24 23:10,3332
2018-03-24 23:15,3278
2018-03-24 23:20,3257
2018-03-24 23:25,3207
2018-03-24 23:30,3170
2018-03-24 23:35,3131
2018-03-24 23:40,3098
2018-03-24 23:45,3066
2018-03-24 23:50,3044
2018-03-24 23:55,3026
2018-03-25 00:00,3015
2018-03-25 00:05,2985
2018-03-25 00:10,2962
2018-03-25 00:15,0
2018-03-25 00:20,2912
2018-03-25 00:25,2888
2018-03-25 00:30,2868
2018-03-25 00:35,2840
2018-03-25 00:40,2821
2018-03-25 00:45,2781
2018-03-25 00:50,2744
2018-03-25 00:55,2730
2018-03-25 01:00,2735
2018-03-25 01:05,2720
2018-03-25 01:10,2697
2018-03-25 01:15,2664
2018-03-25 01:20,2644
2018-03-25 01:25,2611
2018-03-25 01:30,2600
2018-03-25 01:35,2586
2018-03-25 01:40,2583
2018-03-25 01:45,2535
2018-03-25 01:50,2539
2018-03-25 01:55,2505
2018-03-25 02:00,2488
2018-03-25 02:05,2456
2018-03-25 02:10,2459
2018-03-25 02:15,2440
2018-03-25 02:20,2424
2018-03-25 02:25,2418
2018-03-25 02:30,2408
2018-03-25 02:35,2400
2018-03-25 02:40,2383
2018-03-25 02:45,2362
2018-03-25 02:50,2361
2018-03-25 02:55,2360
2018-03-25 03:00,2331
2018-03-25 03:05,2334
2018-03-25 03:10,2316
2018-03-25 03:15,2293
2018-03-25 03:20,2289
2018-03-25 03:25,2279
2018-03-25 03:30,2257
2018-03-25 03:35,2262
2018-03-25 03:40,2248
2018-03-25 03:45,2248
2018-03-25 03:50,2236
2018-03-25 03:55,2246
2018-03-25 04:00,2213
2018-03-25 04:05,2198
2018-03-25 04:10,2204
2018-03-25 04:15,2173
2018-03-25 04:20,2167
2018-03-25 04:25,2173
2018-03-25 04:30,2175
2018-03-25 04:35,2173
2018-03-25 04:40,2138
2018-03-25 04:45,2121
2018-03-25 04:50,2103
2018-03-25 04:55,2106
2018-03-25 05:00,2118
2018-03-25 05:05,2079
2018-03-25 05:10,2076
2018-03-25 05:15,2051
2018-03-25 05:20,2040
2018-03-25 05:25,2031
2018-03-25 05:30,2026
2018-03-25 05:35,2032
2018-03-25 05:40,2021
2018-03-25 05:45,2030
2018-03-25 05:50,2025
2018-03-25 05:55,2003
2018-03-25 06:00,1993
2018-03-25 06:05,1986
2018-03-25 06:10,2002
2018-03-25 06:15,2023
2018-03-25 06:20,2048
2018-03-25 06:25,2030
2018-03-25 06:30,2048
2018-03-25 06:35,2068
2018-03-25 06:40,2081
2018-03-25 06:45,2096
2018-03-25 06:50,2133
2018-03-25 06:55,2134
2018-03-25 07:00,2133
2018-03-25 07:05,2135
2018-03-25 07:10,2148
2018-03-25 07:15,2163
2018-03-25 07:20,2194
2018-03-25 07:25,2206
2018-03-25 07:30,2213
2018-03-25 07:35,2250
2018-03-25 07:40,2274
2018-03-25 07:45,2267
2018-03-25 07:50,2287
2018-03-25 07:55,2294
2018-03-25 08:00,2345
2018-03-25 08:05,2394
2018-03-25 08:10,2411
2018-03-25 08:15,2422
2018-03-25 08:20,2457
2018-03-25 08:25,2490
2018-03-25 08:30,2510
2018-03-25 08:35,2530
2018-03-25 08:40,2545
2018-03-25 08:45,2543
2018-03-25 08:50,2586
2018-03-25 08:55,2634
2018-03-25 09:00,2665
2018-03-25 09:05,2700
2018-03-25 09:10,2717
2018-03-25 09:15,2742
2018-03-25 09:20,2764
2018-03-25 09:25,2781
2018-03-25 09:30,2790
2018-03-25 09:35,2801
2018-03-25 09:40,2833
2018-03-25 09:45,2873
2018-03-25 09:50,2881
2018-03-25 09:55,2897
2018-03-25 10:00,2918
2018-03-25 10:05,2965
2018-03-25 10:10,3005
2018-03-25 10:15,3031
2018-03-25 10:20,3034
2018-03-25 10:25,3040
2018-03-25 10:30,3083
2018-03-25 10:35,3120
2018-03-25 10:40,3144
2018-03-25 10:45,3150
2018-03-25 10:50,3167
2018-03-25 10:55,3178
2018-03-25 11:00,3181
2018-03-25 11:05,3203
2018-03-25 11:10,3217
2018-03-25 11:15,3232
2018-03-25 11:20,3250
2018-03-25 11:25,3245
2018-03-25 11:30,3271
2018-03-25 11:35,3286
2018-03-25 11:40,3279
2018-03-25 11:45,3321
2018-03-25 11:50,3321
2018-03-25 11:55,3340
2018-03-25 12:00,3352
2018-03-25 12:05,3335
2018-03-25 12:10,3389
2018-03-25 12:15,3383
2018-03-25 12:20,3416
2018-03-25 12:25,3448
2018-03-25 12:30,3482
2018-03-25 12:35,3502
2018-03-25 12:40,3523
2018-03-25 12:45,3542
2018-03-25 12:50,3531
2018-03-25 12:55,3550
2018-03-25 13:00,3570
2018-03-25 13:05,3592
2018-03-25 13:10,3593
2018-03-25 13:15,3606
2018-03-25 13:20,3635
2018-03-25 13:25,3663
2018-03-25 13:30,3683
2018-03-25 13:35,3711
2018-03-25 13:40,3710
2018-03-25 13:45,3728
2018-03-25 13:50,3765
2018-03-25 13:55,3778
2018-03-25 14:00,3825
2018-03-25 14:05,3827
2018-03-25 14:10,3826
2018-03-25 14:15,3837
2018-03-25 14:20,3850
2018-03-25 14:25,3879
2018-03-25 14:30,3886
2018-03-25 14:35,3920
2018-03-25 14:40,3965
2018-03-25 14:45,3987
2018-03-25 14:50,3998
2018-03-25 14:55,4025
2018-03-25 15:00,4042
2018-03-25 15:05,4035
2018-03-25 15:10,4030
2018-03-25 15:15,4060
2018-03-25 15:20,4073
2018-03-25 15:25,4086
2018-03-25 15:30,4139
2018-03-25 15:35,4123
2018-03-25 15:40,4121
2018-03-25 15:45,4154
2018-03-25 15:50,4167
2018-03-25 15:55,4169
2018-03-25 16:00,4180
2018-03-25 16:05,4178
2018-03-25 16:10,4181
2018-03-25 16:15,4227
2018-03-25 16:20,4202
2018-03-25 16:25,4207
2018-03-25 16:30,4217
2018-03-25 16:35,4250
2018-03-25 16:40,4283
2018-03-25 16:45,4262
2018-03-25 16:50,4263
2018-03-25 16:55,4263
2018-03-25 17:00,4287
2018-03-25 17:05,4309
2018-03-25 17:10,4321
2018-03-25 17:15,4328
2018-03-25 17:20,4319
2018-03-25 17:25,4355
2018-03-25 17:30,4368
2018-03-25 17:35,4398
2018-03-25 17:40,4408
2018-03-25 17:45,4382
2018-03-25 17:50,4379
2018-03-25 17:55,4366
2018-03-25 18:00,4326
2018-03-25 18:05,4354
2018-03-25 18:10,4369
2018-03-25 18:15,4373
2018-03-25 18:20,4397
2018-03-25 18:25,4371
2018-03-25 18:30,4356
2018-03-25 18:35,4354
2018-03-25 18:40,4375
2018-03-25 18:45,4374
2018-03-25 18:50,4384
2018-03-25 18:55,4440
2018-03-25 19:00,4443
2018-03-25 19:05,4420
2018-03-25 19:10,4393
2018-03-25 19:15,4371
2018-03-25 19:20,4361
2018-03-25 19:25,4357
2018-03-25 19:30,4342
2018-03-25 19:35,4336
2018-03-25 19:40,4328
2018-03-25 19:45,4327
2018-03-25 19:50,4315
2018-03-25 19:55,4329
2018-03-25 20:00,4277
2018-03-25 20:05,4222
2018-03-25 20:10,4203
2018-03-25 20:15,4180
2018-03-25 20:20,4138
2018-03-25 20:25,4084
2018-03-25 20:30,4064
2018-03-25 20:35,4050
2018-03-25 20:40,3975
2018-03-25 20:45,3935
2018-03-25 20:50,3902
2018-03-25 20:55,3839
2018-03-25 21:00,3818
2018-03-25 21:05,3760
2018-03-25 21:10,3721
2018-03-25 21:15,3680
2018-03-25 21:20,3635
2018-03-25 21:25,3627
2018-03-25 21:30,3565
2018-03-25 21:35,3533
2018-03-25 21:40,3468
2018-03-25 21:45,3419
2018-03-25 21:50,3381
2018-03-25 21:55,3365
2018-03-25 22:00,3369
2018-03-25 22:05,3312
2018-03-25 22:10,3302
2018-03-25 22:15,3241
2018-03-25 22:20,3201
2018-03-25 22:25,3165
2018-03-25 22:30,3141
2018-03-25 22:35,3126
2018-03-25 22:40,3080
2018-03-25 22:45,3035
2018-03-25 22:50,3041
2018-03-25 22:55,2999
2018-03-25 23:00,2963
2018-03-25 23:05,2899
2018-03-25 23:10,2874
2018-03-25 23:15,2854
2018-03-25 23:20,2821
2018-03-25 23:25,2790
2018-03-25 23:30,2747
2018-03-25 23:35,2716
2018-03-25 23:40,2710
2018-03-25 23:45,2684
2018-03-25 23:50,2666
2018-03-25 23:55,2639
2018-03-26 00:00,2637
2018-03-26 00:05,2599
2018-03-26 00:10,2611
2018-03-26 00:15,2568
2018-03-26 00:20,2551
2018-03-26 00:25,2552
2018-03-26 00:30,2559
2018-03-26 00:35,2556
2018-03-26 00:40,2547
2018-03-26 00:45,2512
2018-03-26 00:50,2504
2018-03-26 00:55,2510
2018-03-26 01:00,2482
2018-03-26 01:05,2455
2018-03-26 01:10,2458
2018-03-26 01:15,2436
2018-03-26 01:20,2423
2018-03-26 01:25,2412
2018-03-26 01:30,2391
2018-03-26 01:35,2381
2018-03-26 01:40,2375
2018-03-26 01:45,2367
2018-03-26 01:50,2348
2018-03-26 01:55,2306
2018-03-26 02:00,2296
2018-03-26 02:05,2251
2018-03-26 02:10,2282
2018-03-26 02:15,2263
2018-03-26 02:20,2248
2018-03-26 02:25,2222
2018-03-26 02:30,2183
2018-03-26 02:35,2167
2018-03-26 02:40,2147
2018-03-26 02:45,2136
2018-03-26 02:50,2123
2018-03-26 02:55,2105
2018-03-26 03:00,2103
2018-03-26 03:05,2089
2018-03-26 03:10,2055
2018-03-26 03:15,2046
2018-03-26 03:20,2025
2018-03-26 03:25,2007
2018-03-26 03:30,1992
2018-03-26 03:35,1968
2018-03-26 03:40,1968
2018-03-26 03:45,1932
2018-03-26 03:50,1933
2018-03-26 03:55,1912
2018-03-26 04:00,1895
2018-03-26 04:05,1872
2018-03-26 04:10,1871
2018-03-26 04:15,1860
2018-03-26 04:20,0
2018-03-26 04:25,1845
2018-03-26 04:30,1808
2018-03-26 04:35,1786
2018-03-26 04:40,1776
2018-03-26 04:45,1778
2018-03-26 04:50,1760
2018-03-26 04:55,1735
2018-03-26 05:00,1715
2018-03-26 05:05,1735
2018-03-26 05:10,1712
2018-03-26 05:15,1698
2018-03-26 05:20,1683
2018-03-26 05:25,1678
2018-03-26 05:30,1659
2018-03-26 05:35,1660
2018-03-26 05:40,1656
2018-03-26 05:45,1651
2018-03-26 05:50,1641
2018-03-26 05:55,1653
2018-03-26 06:00,1647
2018-03-26 06:05,1615
2018-03-26 06:10,1662
2018-03-26 06:15,1664
2018-03-26 06:20,1665
2018-03-26 06:25,1680
2018-03-26 06:30,1691
2018-03-26 06:35,1679
2018-03-26 06:40,1668
2018-03-26 06:45,1657
2018-03-26 06:50,1661
2018-03-26 06:55,1656
2018-03-26 07:00,1646
2018-03-26 07:05,1673
2018-03-26 07:10,1698
2018-03-26 07:15,1707
2018-03-26 07:20,1711
2018-03-26 07:25,1735
2018-03-26 07:30,1735
2018-03-26 07:35,1716
2018-03-26 07:40,1730
2018-03-26 07:45,1726
2018-03-26 07:50,1724
2018-03-26 07:55,1724
2018-03-26 08:00,1728
2018-03-26 08:05,1712
2018-03-26 08:10,1773
2018-03-26 08:15,1774
2018-03-26 08:20,1766
2018-03-26 08:25,1781
2018-03-26 08:30,1792
2018-03-26 08:35,1822
2018-03-26 08:40,1840
2018-03-26 08:45,1847
2018-03-26 08:50,1853
2018-03-26 08:55,1871
2018-03-26 09:00,1903
2018-03-26 09:05,1921
2018-03-26 09:10,1921
2018-03-26 09:15,1957
2018-03-26 09:20,1972
2018-03-26 09:25,1978
2018-03-26 09:30,1985
2018-03-26 09:35,1999
2018-03-26 09:40,2003
2018-03-26 09:45,2004
2018-03-26 09:50,2023
2018-03-26 09:55,2050
2018-03-26 10:00,2071
2018-03-26 10:05,2071
2018-03-26 10:10,2116
2018-03-26 10:15,2159
2018-03-26 10:20,2185
2018-03-26 10:25,2206
2018-03-26 10:30,2205
2018-03-26 10:35,2235
2018-03-26 10:40,2236
2018-03-26 10:45,2255
2018-03-26 10:50,2263
2018-03-26 10:55,2257
2018-03-26 11:00,2281
2018-03-26 11:05,2286
2018-03-26 11:10,2306
2018-03-26 11:15,2335
2018-03-26 11:20,2356
2018-03-26 11:25,2391
2018-03-26 11:30,2416
2018-03-26 11:35,2424
2018-03-26 11:40,2415
2018-03-26 11:45,2422
2018-03-26 11:50,2430
2018-03-26 11:55,2452
2018-03-26 12:00,2443
2018-03-26 12:05,2423
2018-03-26 12:10,2450
2018-03-26 12:15,2471
2018-03-26 12:20,2479
2018-03-26 12:25,2500
2018-03-26 12:30,2532
2018-03-26 12:35,2525
2018-03-26 12:40,2578
2018-03-26 12:45,2609
2018-03-26 12:50,2612
2018-03-26 12:55,2618
2018-03-26 13:00,2627
2018-03-26 13:05,2655
2018-03-26 13:10,2669
2018-03-26 13:15,2692
2018-03-26 13:20,2719
2018-03-26 13:25,2737
2018-03-26 13:30,2752
2018-03-26 13:35,2763
2018-03-26 13:40,2756
2018-03-26 13:45,2779
2018-03-26 13:50,2777
2018-03-26 13:55,2818
2018-03-26 14:00,2830
2018-03-26 14:05,2818
2018-03-26 14:10,2853
2018-03-26 14:15,2835
2018-03-26 14:20,2875
2018-03-26 14:25,2890
2018-03-26 14:30,2898
2018-03-26 14:35,2951
2018-03-26 14:40,2951
2018-03-26 14:45,2964
2018-03-26 14:50,2992
2018-03-26 14:55,3013
2018-03-26 15:00,3018
2018-03-26 15:05,3081
2018-03-26 15:10,3106
2018-03-26 15:15,3108
2018-03-26 15:20,3132
2018-03-26 15:25,3200
2018-03-26 15:30,3238
2018-03-26 15:35,3266
2018-03-26 15:40,3325
2018-03-26 15:45,3372
2018-03-26 15:50,3399
2018-03-26 15:55,3438
2018-03-26 16:00,3416
2018-03-26 16:05,3420
2018-03-26 16:10,3468
2018-03-26 16:15,3468
2018-03-26 16:20,3471
2018-03-26 16:25,3479
2018-03-26 16:30,3487
2018-03-26 16:35,3518
2018-03-26 16:40,3526
2018-03-26 16:45,3524
2018-03-26 16:50,3540
2018-03-26 16:55,3569
2018-03-26 17:00,3593
2018-03-26 17:05,3605
2018-03-26 17:10,3622
2018-03-26 17:15,3615
2018-03-26 17:20,3630
2018-03-26 17:25,3668
2018-03-26 17:30,3692
2018-03-26 17:35,3685
2018-03-26 17:40,3683
2018-03-26 17:45,3700
2018-03-26 17:50,3688
2018-03-26 17:55,3693
2018-03-26 18:00,3719
2018-03-26 18:05,3703
2018-03-26 18:10,3753
2018-03-26 18:15,3783
2018-03-26 18:20,3786
2018-03-26 18:25,3768
2018-03-26 18:30,3776
2018-03-26 18:35,3779
2018-03-26 18:40,3769
2018-03-26 18:45,3754
2018-03-26 18:50,3764
2018-03-26 18:55,3750
2018-03-26 19:00,3731
2018-03-26 19:05,3713
2018-03-26 19:10,3722
2018-03-26 19:15,3760
2018-03-26 19:20,3811
2018-03-26 19:25,3813
2018-03-26 19:30,3828
2018-03-26 19:35,3828
2018-03-26 19:40,3774
2018-03-26 19:45,3776
2018-03-26 19:50,3769
2018-03-26 19:55,3770
2018-03-26 20:00,3761
2018-03-26 20:05,3743
2018-03-26 20:10,3725
2018-03-26 20:15,3745
2018-03-26 20:20,3723
2018-03-26 20:25,3679
2018-03-26 20:30,3653
2018-03-26 20:35,3623
2018-03-26 20:40,3563
2018-03-26 20:45,3539
2018-03-26 20:50,3494
2018-03-26 20:55,3456
2018-03-26 21:00,3425
2018-03-26 21:05,3395
2018-03-26 21:10,3357
2018-03-26 21:15,3331
2018-03-26 21:20,3268
2018-03-26 21:25,3233
2018-03-26 21:30,3203
2018-03-26 21:35,3193
2018-03-26 21:40,3184
2018-03-26 21:45,3162
2018-03-26 21:50,3140
2018-03-26 21:55,3095
2018-03-26 22:00,3053
2018-03-26 22:05,2990
2018-03-26 22:10,2985
2018-03-26 22:15,2939
2018-03-26 22:20,2906
2018-03-26 22:25,2873
2018-03-26 22:30,2845
2018-03-26 22:35,2803
2018-03-26 22:40,2823
2018-03-26 22:45,2802
2018-03-26 22:50,2789
2018-03-26 22:55,2776
2018-03-26 23:00,2718
2018-03-26 23:05,2695
2018-03-26 23:10,2683
2018-03-26 23:15,2667
2018-03-26 23:20,2668
2018-03-26 23:25,2661
2018-03-26 23:30,2637
2018-03-26 23:35,2624
2018-03-26 23:40,2609
2018-03-26 23:45,2589
2018-03-26 23:50,2586
2018-03-26 23:55,2547
2018-03-27 00:00,2516
2018-03-27 00:05,2476
2018-03-27 00:10,2501
2018-03-27 00:15,2482
2018-03-27 00:20,2498
2018-03-27 00:25,2476
2018-03-27 00:30,2449
2018-03-27 00:35,2424
2018-03-27 00:40,2413
2018-03-27 00:45,2407
2018-03-27 00:50,2407
2018-03-27 00:55,2406
2018-03-27 01:00,2373
2018-03-27 01:05,2373
2018-03-27 01:10,2356
2018-03-27 01:15,2343
2018-03-27 01:20,2319
2018-03-27 01:25,2319
2018-03-27 01:30,2298
2018-03-27 01:35,2292
2018-03-27 01:40,2277
2018-03-27 01:45,2277
2018-03-27 01:50,2252
2018-03-27 01:55,2253
2018-03-27 02:00,2249
2018-03-27 02:05,2184
2018-03-27 02:10,2204
2018-03-27 02:15,2204
2018-03-27 02:20,2202
2018-03-27 02:25,2194
2018-03-27 02:30,2177
2018-03-27 02:35,2162
2018-03-27 02:40,2154
2018-03-27 02:45,2159
2018-03-27 02:50,2144
2018-03-27 02:55,2135
2018-03-27 03:00,2104
2018-03-27 03:05,2109
2018-03-27 03:10,2071
2018-03-27 03:15,2046
2018-03-27 03:20,2042
2018-03-27 03:25,2022
2018-03-27 03:30,1994
2018-03-27 03:35,1981
2018-03-27 03:40,1953
2018-03-27 03:45,1924
2018-03-27 03:50,1900
2018-03-27 03:55,1894
2018-03-27 04:00,1875
2018-03-27 04:05,1829
2018-03-27 04:10,1834
2018-03-27 04:15,1826
2018-03-27 04:20,1812
2018-03-27 04:25,1782
2018-03-27 04:30,1777
2018-03-27 04:35,1766
2018-03-27 04:40,1754
2018-03-27 04:45,1719
2018-03-27 04:50,1696
2018-03-27 04:55,1701
2018-03-27 05:00,1702
2018-03-27 05:05,1685
2018-03-27 05:10,1671
2018-03-27 05:15,1667
2018-03-27 05:20,1634
2018-03-27 05:25,1641
2018-03-27 05:30,1627
2018-03-27 05:35,1629
2018-03-27 05:40,1619
2018-03-27 05:45,1610
2018-03-27 05:50,1608
2018-03-27 05:55,1597
2018-03-27 06:00,1585
2018-03-27 06:05,1581
2018-03-27 06:10,1593
2018-03-27 06:15,1604
2018-03-27 06:20,1591
2018-03-27 06:25,1586
2018-03-27 06:30,1597
2018-03-27 06:35,1604
2018-03-27 06:40,1602
2018-03-27 06:45,1586
2018-03-27 06:50,1589
2018-03-27 06:55,1584
2018-03-27 07:00,1585
2018-03-27 07:05,1596
2018-03-27 07:10,1609
2018-03-27 07:15,1629
2018-03-27 07:20,1620
2018-03-27 07:25,1627
2018-03-27 07:30,1648
2018-03-27 07:35,1659
2018-03-27 07:40,1665
2018-03-27 07:45,1669
2018-03-27 07:50,1667
2018-03-27 07:55,1683
2018-03-27 08:00,1692
2018-03-27 08:05,1674
2018-03-27 08:10,1720
2018-03-27 08:15,1748
2018-03-27 08:20,1762
2018-03-27 08:25,1791
2018-03-27 08:30,1812
2018-03-27 08:35,1818
2018-03-27 08:40,1815
2018-03-27 08:45,1854
2018-03-27 08:50,1861
2018-03-27 08:55,1884
2018-03-27 09:00,1894
2018-03-27 09:05,1915
2018-03-27 09:10,1918
2018-03-27 09:15,1923
2018-03-27 09:20,1929
2018-03-27 09:25,1926
2018-03-27 09:30,1933
2018-03-27 09:35,1953
2018-03-27 09:40,1951
2018-03-27 09:45,1959
2018-03-27 09:50,1978
2018-03-27 09:55,1994
2018-03-27 10:00,2003
2018-03-27 10:05,1989
2018-03-27 10:10,2026
2018-03-27 10:15,2052
2018-03-27 10:20,2091
2018-03-27 10:25,2123
2018-03-27 10:30,2118
2018-03-27 10:35,2130
2018-03-27 10:40,2163
2018-03-27 10:45,2160
2018-03-27 10:50,2176
2018-03-27 10:55,2199
2018-03-27 11:00,2209
2018-03-27 11:05,2226
2018-03-27 11:10,2239
2018-03-27 11:15,2251
2018-03-27 11:20,2247
2018-03-27 11:25,2266
2018-03-27 11:30,2257
2018-03-27 11:35,2285
2018-03-27 11:40,2296
2018-03-27 11:45,2332
2018-03-27 11:50,2362
2018-03-27 11:55,2380
2018-03-27 12:00,2387
2018-03-27 12:05,2402
2018-03-27 12:10,2418
2018-03-27 12:15,2418
2018-03-27 12:20,2430
2018-03-27 12:25,2451
2018-03-27 12:30,2468
2018-03-27 12:35,2504
2018-03-27 12:40,2523
2018-03-27 12:45,2543
2018-03-27 12:50,2553
2018-03-27 12:55,2586
2018-03-27 13:00,2604
2018-03-27 13:05,2623
2018-03-27 13:10,2639
2018-03-27 13:15,2686
2018-03-27 13:20,2682
2018-03-27 13:25,2707
2018-03-27 13:30,2727
2018-03-27 13:35,2734
2018-03-27 13:40,2732
2018-03-27 13:45,2735
2018-03-27 13:50,2785
2018-03-27 13:55,2803
2018-03-27 14:00,2814
2018-03-27 14:05,2786
2018-03-27 14:10,2822
2018-03-27 14:15,2860
2018-03-27 14:20,2864
2018-03-27 14:25,2898
2018-03-27 14:30,2932
2018-03-27 14:35,2962
2018-03-27 14:40,2992
2018-03-27 14:45,3008
2018-03-27 14:50,3017
2018-03-27 14:55,3048
2018-03-27 15:00,3092
2018-03-27 15:05,3062
2018-03-27 15:10,3064
2018-03-27 15:15,3099
2018-03-27 15:20,3115
2018-03-27 15:25,3138
2018-03-27 15:30,3172
2018-03-27 15:35,3198
2018-03-27 15:40,3205
2018-03-27 15:45,3215
2018-03-27 15:50,3224
2018-03-27 15:55,3263
2018-03-27 16:00,3296
2018-03-27 16:05,3262
2018-03-27 16:10,3306
2018-03-27 16:15,3325
2018-03-27 16:20,3334
2018-03-27 16:25,3351
2018-03-27 16:30,3374
2018-03-27 16:35,0
2018-03-27 16:40,3452
2018-03-27 16:45,3478
2018-03-27 16:50,3506
2018-03-27 16:55,3518
2018-03-27 17:00,3523
2018-03-27 17:05,3526
2018-03-27 17:10,3579
2018-03-27 17:15,3607
2018-03-27 17:20,3630
2018-03-27 17:25,3619
2018-03-27 17:30,3639
2018-03-27 17:35,3647
2018-03-27 17:40,3645
2018-03-27 17:45,3635
2018-03-27 17:50,3661
2018-03-27 17:55,3676
2018-03-27 18:00,3696
2018-03-27 18:05,3706
2018-03-27 18:10,3713
2018-03-27 18:15,3730
2018-03-27 18:20,3710
2018-03-27 18:25,3722
2018-03-27 18:30,3769
2018-03-27 18:35,3751
2018-03-27 18:40,3761
2018-03-27 18:45,3769
2018-03-27 18:50,3741
2018-03-27 18:55,3745
2018-03-27 19:00,3715
2018-03-27 19:05,3706
2018-03-27 19:10,3721
2018-03-27 19:15,3716
2018-03-27 19:20,3722
2018-03-27 19:25,3736
2018-03-27 19:30,3689
2018-03-27 19:35,3685
2018-03-27 19:40,3643
2018-03-27 19:45,3616
2018-03-27 19:50,3620
2018-03-27 19:55,3588
2018-03-27 20:00,3566
2018-03-27 20:05,3559
2018-03-27 20:10,3544
2018-03-27 20:15,3533
2018-03-27 20:20,3514
2018-03-27 20:25,3493
2018-03-27 20:30,3475
2018-03-27 20:35,3464
2018-03-27 20:40,3443
2018-03-27 20:45,3411
2018-03-27 20:50,3390
2018-03-27 20:55,3369
2018-03-27 21:00,3317
2018-03-27 21:05,3271
2018-03-27 21:10,3232
2018-03-27 21:15,3190
2018-03-27 21:20,3170
2018-03-27 21:25,3126
2018-03-27 21:30,3090
2018-03-27 21:35,3084
2018-03-27 21:40,3059
2018-03-27 21:45,3020
2018-03-27 21:50,2967
2018-03-27 21:55,2933
2018-03-27 22:00,2905
2018-03-27 22:05,2885
2018-03-27 22:10,2879
2018-03-27 22:15,2850
2018-03-27 22:20,2838
2018-03-27 22:25,2806
2018-03-27 22:30,2781
2018-03-27 22:35,2751
2018-03-27 22:40,2739
2018-03-27 22:45,2701
2018-03-27 22:50,2691
2018-03-27 22:55,2669
2018-03-27 23:00,2624
2018-03-27 23:05,2597
2018-03-27 23:10,2589
2018-03-27 23:15,2585
2018-03-27 23:20,2554
2018-03-27 23:25,2538
2018-03-27 23:30,2524
2018-03-27 23:35,2497
2018-03-27 23:40,2478
2018-03-27 23:45,2433
2018-03-27 23:50,2440
2018-03-27 23:55,2432
2018-03-28 00:00,2404
2018-03-28 00:05,2407
2018-03-28 00:10,2375
2018-03-28 00:15,2392
2018-03-28 00:20,2389
2018-03-28 00:25,2364
2018-03-28 00:30,2347
2018-03-28 00:35,2328
2018-03-28 00:40,2334
2018-03-28 00:45,2321
2018-03-28 00:50,
2018-03-28 00:55,2275
2018-03-28 01:00,2268
2018-03-28 01:05,2238
2018-03-28 01:10,2235
2018-03-28 01:15,2234
2018-03-28 01:20,2213
2018-03-28 01:25,2222
2018-03-28 01:30,2210
2018-03-28 01:35,2176
2018-03-28 01:40,2157
2018-03-28 01:45,2155
2018-03-28 01:50,2141
2018-03-28 01:55,2135
2018-03-28 02:00,2114
2018-03-28 02:05,2112
2018-03-28 02:10,2080
2018-03-28 02:15,2071
2018-03-28 02:20,2053
2018-03-28 02:25,2056
2018-03-28 02:30,2022
2018-03-28 02:35,1997
2018-03-28 02:40,1985
2018-03-28 02:45,1977
2018-03-28 02:50,1985
2018-03-28 02:55,1971
2018-03-28 03:00,1979
2018-03-28 03:05,1935
2018-03-28 03:10,1920
2018-03-28 03:15,1915
2018-03-28 03:20,1908
2018-03-28 03:25,1881
2018-03-28 03:30,1878
2018-03-28 03:35,1875
2018-03-28 03:40,1851
2018-03-28 03:45,1824
2018-03-28 03:50,1820
2018-03-28 03:55,1796
2018-03-28 04:00,1784
2018-03-28 04:05,1765
2018-03-28 04:10,1746
2018-03-28 04:15,1728
2018-03-28 04:20,1760
2018-03-28 04:25,1745
2018-03-28 04:30,1734
2018-03-28 04:35,1724
2018-03-28 04:40,1698
2018-03-28 04:45,1690
2018-03-28 04:50,1702
2018-03-28 04:55,1687
2018-03-28 05:00,1666
2018-03-28 05:05,1638
2018-03-28 05:10,1611
2018-03-28 05:15,1601
2018-03-28 05:20,1591
2018-03-28 05:25,1595
2018-03-28 05:30,1587
2018-03-28 05:35,1595
2018-03-28 05:40,1591
2018-03-28 05:45,1590
2018-03-28 05:50,1601
2018-03-28 05:55,1621
2018-03-28 06:00,1630
2018-03-28 06:05,1623
2018-03-28 06:10,1626
2018-03-28 06:15,1642
2018-03-28 06:20,1663
2018-03-28 06:25,1652
2018-03-28 06:30,1636
2018-03-28 06:35,1645
2018-03-28 06:40,1631
2018-03-28 06:45,1631
2018-03-28 06:50,1621
2018-03-28 06:55,1613
2018-03-28 07:00,1633
2018-03-28 07:05,1649
2018-03-28 07:10,1656
2018-03-28 07:15,1667
2018-03-28 07:20,1692
2018-03-28 07:25,1701
2018-03-28 07:30,1707
2018-03-28 07:35,1711
2018-03-28 07:40,1723
2018-03-28 07:45,1729
2018-03-28 07:50,1742
2018-03-28 07:55,1749
2018-03-28 08:00,1759
2018-03-28 08:05,1775
2018-03-28 08:10,1767
2018-03-28 08:15,1770
2018-03-28 08:20,1776
2018-03-28 08:25,1777
2018-03-28 08:30,1789
2018-03-28 08:35,1815
2018-03-28 08:40,1824
2018-03-28 08:45,1847
2018-03-28 08:50,1873
2018-03-28 08:55,1892
2018-03-28 09:00,1895
2018-03-28 09:05,1888
2018-03-28 09:10,1928
2018-03-28 09:15,1922
2018-03-28 09:20,1920
2018-03-28 09:25,1944
2018-03-28 09:30,1951
2018-03-28 09:35,1964
2018-03-28 09:40,1980
2018-03-28 09:45,2002
2018-03-28 09:50,2003
2018-03-28 09:55,2028
2018-03-28 10:00,2037
2018-03-28 10:05,2061
2018-03-28 10:10,2101
2018-03-28 10:15,2146
2018-03-28 10:20,2153
2018-03-28 10:25,2174
2018-03-28 10:30,2196
2018-03-28 10:35,2171
2018-03-28 10:40,2215
2018-03-28 10:45,2231
2018-03-28 10:50,2244
2018-03-28 10:55,2262
2018-03-28 11:00,2260
2018-03-28 11:05,2271
2018-03-28 11:10,2303
2018-03-28 11:15,2323
2018-03-28 11:20,2337
2018-03-28 11:25,2348
2018-03-28 11:30,2371
2018-03-28 11:35,2370
2018-03-28 11:40,2375
2018-03-28 11:45,2388
2018-03-28 11:50,2391
2018-03-28 11:55,2413
2018-03-28 12:00,2421
2018-03-28 12:05,2432
2018-03-28 12:10,2451
2018-03-28 12:15,2484
2018-03-28 12:20,2494
2018-03-28 12:25,2518
2018-03-28 12:30,2526
2018-03-28 12:35,2541
2018-03-28 12:40,2555
2018-03-28 12:45,2579
2018-03-28 12:50,2596
2018-03-28 12:55,2600
2018-03-28 13:00,2606
2018-03-28 13:05,2617
2018-03-28 13:10,2633
2018-03-28 13:15,2649
2018-03-28 13:20,2680
2018-03-28 13:25,2720
2018-03-28 13:30,2737
2018-03-28 13:35,2736
2018-03-28 13:40,2742
2018-03-28 13:45,2757
2018-03-28 13:50,2777
2018-03-28 13:55,2793
2018-03-28 14:00,2795
2018-03-28 14:05,2781
2018-03-28 14:10,2801
2018-03-28 14:15,2819
2018-03-28 14:20,2821
2018-03-28 14:25,2833
2018-03-28 14:30,2855
2018-03-28 14:35,2864
2018-03-28 14:40,2918
2018-03-28 14:45,2939
2018-03-28 14:50,2977
2018-03-28 14:55,2965
2018-03-28 15:00,2993
2018-03-28 15:05,3013
2018-03-28 15:10,3030
2018-03-28 15:15,3054
2018-03-28 15:20,3073
2018-03-28 15:25,3080
2018-03-28 15:30,3111
2018-03-28 15:35,3136
2018-03-28 15:40,3144
2018-03-28 15:45,3150
2018-03-28 15:50,3184
2018-03-28 15:55,3195
2018-03-28 16:00,3201
2018-03-28 16:05,3210
2018-03-28 16:10,3227
2018-03-28 16:15,3240
2018-03-28 16:20,3273
2018-03-28 16:25,3309
2018-03-28 16:30,3343
2018-03-28 16:35,3352
2018-03-28 16:40,3391
2018-03-28 16:45,3412
2018-03-28 16:50,3424
2018-03-28 16:55,3461
2018-03-28 17:00,3488
2018-03-28 17:05,3505
2018-03-28 17:10,3511
2018-03-28 17:15,3552
2018-03-28 17:20,3556
2018-03-28 17:25,3542
2018-03-28 17:30,3558
2018-03-28 17:35,3569
2018-03-28 17:40,3577
2018-03-28 17:45,3598
2018-03-28 17:50,3602
2018-03-28 17:55,3627
2018-03-28 18:00,3644
2018-03-28 18:05,3667
2018-03-28 18:10,3677
2018-03-28 18:15,3681
2018-03-28 18:20,3687
2018-03-28 18:25,3658
2018-03-28 18:30,3665
2018-03-28 18:35,3661
2018-03-28 18:40,3666
2018-03-28 18:45,3661
2018-03-28 18:50,3700
2018-03-28 18:55,3660
2018-03-28 19:00,3643
2018-03-28 19:05,3625
2018-03-28 19:10,3627
2018-03-28 19:15,3589
2018-03-28 19:20,3630
2018-03-28 19:25,3576
2018-03-28 19:30,3580
2018-03-28 19:35,3565
2018-03-28 19:40,3542
2018-03-28 19:45,3530
2018-03-28 19:50,3491
2018-03-28 19:55,3469
2018-03-28 20:00,3468
2018-03-28 20:05,3442
2018-03-28 20:10,3406
2018-03-28 20:15,3359
2018-03-28 20:20,3368
2018-03-28 20:25,3347
2018-03-28 20:30,3344
2018-03-28 20:35,3322
2018-03-28 20:40,3339
2018-03-28 20:45,3320
2018-03-28 20:50,3314
2018-03-28 20:55,3297
2018-03-28 21:00,3270
2018-03-28 21:05,3226
2018-03-28 21:10,3181
2018-03-28 21:15,3138
2018-03-28 21:20,3081
2018-03-28 21:25,3063
2018-03-28 21:30,3023
2018-03-28 21:35,2999
2018-03-28 21:40,2970
2018-03-28 21:45,2943
2018-03-28 21:50,2911
2018-03-28 21:55,2895
2018-03-28 22:00,2856
2018-03-28 22:05,2850
2018-03-28 22:10,2805
2018-03-28 22:15,2745
2018-03-28 22:20,2731
2018-03-28 22:25,2735
2018-03-28 22:30,2689
2018-03-28 22:35,2685
2018-03-28 22:40,2648
2018-03-28 22:45,2610
2018-03-28 22:50,2589
2018-03-28 22:55,2569
2018-03-28 23:00,2526
2018-03-28 23:05,2500
2018-03-28 23:10,2499
2018-03-28 23:15,2490
2018-03-28 23:20,2501
2018-03-28 23:25,0
2018-03-28 23:30,71
2018-03-28 23:35,1658
2018-03-28 23:40,2425
2018-03-28 23:45,2446
2018-03-28 23:50,2431
2018-03-28 23:55,2411
2018-03-29 00:00,2394
2018-03-29 00:05,2373
2018-03-29 00:10,2336
2018-03-29 00:15,2316
2018-03-29 00:20,2303
2018-03-29 00:25,2283
2018-03-29 00:30,2265
2018-03-29 00:35,2283
2018-03-29 00:40,2276
2018-03-29 00:45,2262
2018-03-29 00:50,2216
2018-03-29 00:55,2179
2018-03-29 01:00,2192
2018-03-29 01:05,2174
2018-03-29 01:10,2174
2018-03-29 01:15,2165
2018-03-29 01:20,2154
2018-03-29 01:25,2155
2018-03-29 01:30,2139
2018-03-29 01:35,2139
2018-03-29 01:40,2123
2018-03-29 01:45,2126
2018-03-29 01:50,2118
2018-03-29 01:55,2109
2018-03-29 02:00,2095
2018-03-29 02:05,2072
2018-03-29 02:10,2067
2018-03-29 02:15,2057
2018-03-29 02:20,2051
2018-03-29 02:25,2033
2018-03-29 02:30,2007
2018-03-29 02:35,1980
2018-03-29 02:40,1978
2018-03-29 02:45,1953
2018-03-29 02:50,1967
2018-03-29 02:55,1932
2018-03-29 03:00,1937
2018-03-29 03:05,1926
2018-03-29 03:10,1917
2018-03-29 03:15,1902
2018-03-29 03:20,1894
2018-03-29 03:25,1881
2018-03-29 03:30,1833
2018-03-29 03:35,1837
2018-03-29 03:40,1816
2018-03-29 03:45,1795
2018-03-29 03:50,1780
2018-03-29 03:55,1783
2018-03-29 04:00,1785
2018-03-29 04:05,1753
2018-03-29 04:10,1735
2018-03-29 04:15,1734
2018-03-29 04:20,1721
2018-03-29 04:25,1718
2018-03-29 04:30,1701
2018-03-29 04:35,1694
2018-03-29 04:40,1657
2018-03-29 04:45,1647
2018-03-29 04:50,1635
2018-03-29 04:55,1620
2018-03-29 05:00,1611
2018-03-29 05:05,1612
2018-03-29 05:10,1597
2018-03-29 05:15,1601
2018-03-29 05:20,1593
2018-03-29 05:25,1587
2018-03-29 05:30,1574
2018-03-29 05:35,1578
2018-03-29 05:40,1576
2018-03-29 05:45,1601
2018-03-29 05:50,1600
2018-03-29 05:55,1599
2018-03-29 06:00,1597
2018-03-29 06:05,1570
2018-03-29 06:10,1569
2018-03-29 06:15,1560
2018-03-29 06:20,1555
2018-03-29 06:25,1561
2018-03-29 06:30,1572
2018-03-29 06:35,1555
2018-03-29 06:40,1549
2018-03-29 06:45,1563
2018-03-29 06:50,1589
2018-03-29 06:55,1605
2018-03-29 07:00,1625
2018-03-29 07:05,1617
2018-03-29 07:10,1622
2018-03-29 07:15,1641
2018-03-29 07:20,1667
2018-03-29 07:25,1670
2018-03-29 07:30,1678
2018-03-29 07:35,1686
2018-03-29 07:40,1693
2018-03-29 07:45,1698
2018-03-29 07:50,1696
2018-03-29 07:55,1717
2018-03-29 08:00,1735
2018-03-29 08:05,1745
2018-03-29 08:10,1771
2018-03-29 08:15,1785
2018-03-29 08:20,1806
2018-03-29 08:25,1826
2018-03-29 08:30,1831
2018-03-29 08:35,1830
2018-03-29 08:40,1863
2018-03-29 08:45,1895
2018-03-29 08:50,1888
2018-03-29 08:55,1894
2018-03-29 09:00,1920
2018-03-29 09:05,1932
2018-03-29 09:10,1955
2018-03-29 09:15,1972
2018-03-29 09:20,2006
2018-03-29 09:25,2039
2018-03-29 09:30,2062
2018-03-29 09:35,2069
2018-03-29 09:40,2079
2018-03-29 09:45,2085
2018-03-29 09:50,2114
2018-03-29 09:55,2120
2018-03-29 10:00,2152
2018-03-29 10:05,2173
2018-03-29 10:10,2202
2018-03-29 10:15,2240
2018-03-29 10:20,2252
2018-03-29 10:25,2284
2018-03-29 10:30,2269
2018-03-29 10:35,2276
2018-03-29 10:40,2307
2018-03-29 10:45,2330
2018-03-29 10:50,2331
2018-03-29 10:55,2333
2018-03-29 11:00,2346
2018-03-29 11:05,2338
2018-03-29 11:10,2352
2018-03-29 11:15,2387
2018-03-29 11:20,2373
2018-03-29 11:25,2367
2018-03-29 11:30,2402
2018-03-29 11:35,2420
2018-03-29 11:40,2429
2018-03-29 11:45,2436
2018-03-29 11:50,2467
2018-03-29 11:55,2484
2018-03-29 12:00,2504
2018-03-29 12:05,2514
2018-03-29 12:10,2530
2018-03-29 12:15,2523
2018-03-29 12:20,2531
2018-03-29 12:25,2547
2018-03-29 12:30,2558
2018-03-29 12:35,2569
2018-03-29 12:40,2579
2018-03-29 12:45,2593
2018-03-29 12:50,2621
2018-03-29 12:55,2633
2018-03-29 13:00,2626
2018-03-29 13:05,2619
2018-03-29 13:10,2616
2018-03-29 13:15,2610
2018-03-29 13:20,2634
2018-03-29 13:25,2621
2018-03-29 13:30,2617
2018-03-29 13:35,2601
2018-03-29 13:40,2581
2018-03-29 13:45,2588
2018-03-29 13:50,2539
2018-03-29 13:55,2428
2018-03-29 14:00,2146
2018-03-29 14:05,1216
2018-03-29 14:10,1149
2018-03-29 14:15,1103
2018-03-29 14:20,1081
2018-03-29 14:25,1077
2018-03-29 14:30,1081
2018-03-29 14:35,1050
2018-03-29 14:40,1055
2018-03-29 14:45,1057
2018-03-29 14:50,1066
2018-03-29 14:55,1059
2018-03-29 15:00,1077
2018-03-29 15:05,1086
2018-03-29 15:10,1104
2018-03-29 15:15,1111
2018-03-29 15:20,1147
2018-03-29 15:25,1157
2018-03-29 15:30,1178
2018-03-29 15:35,1181
2018-03-29 15:40,1174
2018-03-29 15:45,1202
2018-03-29 15:50,1229
2018-03-29 15:55,1251
2018-03-29 16:00,1276
2018-03-29 16:05,1311
2018-03-29 16:10,1323
2018-03-29 16:15,1390
2018-03-29 16:20,1554
2018-03-29 16:25,1743
2018-03-29 16:30,1876
2018-03-29 16:35,2016
2018-03-29 16:40,2119
2018-03-29 16:45,2287
2018-03-29 16:50,2389
2018-03-29 16:55,2594
2018-03-29 17:00,2741
2018-03-29 17:05,2935
2018-03-29 17:10,3131
2018-03-29 17:15,3272
2018-03-29 17:20,3410
2018-03-29 17:25,3501
2018-03-29 17:30,3598
2018-03-29 17:35,3653
2018-03-29 17:40,3677
2018-03-29 17:45,3709
2018-03-29 17:50,3790
2018-03-29 17:55,3855
2018-03-29 18:00,3864
2018-03-29 18:05,3894
2018-03-29 18:10,3917
2018-03-29 18:15,3894
2018-03-29 18:20,3937
2018-03-29 18:25,3938
2018-03-29 18:30,3937
2018-03-29 18:35,3933
2018-03-29 18:40,3938
2018-03-29 18:45,3947
2018-03-29 18:50,3940
2018-03-29 18:55,3944
2018-03-29 19:00,3947
2018-03-29 19:05,3922
2018-03-29 19:10,3908
2018-03-29 19:15,3905
2018-03-29 19:20,3909
2018-03-29 19:25,3893
2018-03-29 19:30,3900
2018-03-29 19:35,3871
2018-03-29 19:40,3842
2018-03-29 19:45,3827
2018-03-29 19:50,3803
2018-03-29 19:55,3761
2018-03-29 20:00,3735
2018-03-29 20:05,3713
2018-03-29 20:10,3704
2018-03-29 20:15,3663
2018-03-29 20:20,3604
2018-03-29 20:25,3590
2018-03-29 20:30,3567
2018-03-29 20:35,3526
2018-03-29 20:40,3516
2018-03-29 20:45,3485
2018-03-29 20:50,3471
2018-03-29 20:55,3455
2018-03-29 21:00,3431
2018-03-29 21:05,3377
2018-03-29 21:10,3365
2018-03-29 21:15,3336
2018-03-29 21:20,3307
2018-03-29 21:25,3264
2018-03-29 21:30,3259
2018-03-29 21:35,3207
2018-03-29 21:40,3196
2018-03-29 21:45,3174
2018-03-29 21:50,3135
2018-03-29 21:55,3114
2018-03-29 22:00,3074
2018-03-29 22:05,3036
2018-03-29 22:10,3005
2018-03-29 22:15,2990
2018-03-29 22:20,2970
2018-03-29 22:25,2931
2018-03-29 22:30,2887
2018-03-29 22:35,2878
2018-03-29 22:40,2825
2018-03-29 22:45,2789
2018-03-29 22:50,2749
2018-03-29 22:55,2702
2018-03-29 23:00,2696
2018-03-29 23:05,2656
2018-03-29 23:10,2612
2018-03-29 23:15,2625
2018-03-29 23:20,2603
2018-03-29 23:25,2580
2018-03-29 23:30,2554
2018-03-29 23:35,2550
2018-03-29 23:40,0
2018-03-29 23:45,2524
2018-03-29 23:50,2494
2018-03-29 23:55,2482
2018-03-30 00:00,2452
2018-03-30 00:05,2459
2018-03-30 00:10,2471
2018-03-30 00:15,2431
2018-03-30 00:20,2418
2018-03-30 00:25,2404
2018-03-30 00:30,2399
2018-03-30 00:35,2406
2018-03-30 00:40,2375
2018-03-30 00:45,2384
2018-03-30 00:50,2390
2018-03-30 00:55,2382
2018-03-30 01:00,2364
2018-03-30 01:05,2382
2018-03-30 01:10,2360
2018-03-30 01:15,2334
2018-03-30 01:20,2337
2018-03-30 01:25,2312
2018-03-30 01:30,2308
2018-03-30 01:35,2312
2018-03-30 01:40,2293
2018-03-30 01:45,2262
2018-03-30 01:50,2262
2018-03-30 01:55,2246
2018-03-30 02:00,2270
2018-03-30 02:05,2274
2018-03-30 02:10,2287
2018-03-30 02:15,2269
2018-03-30 02:20,2240
2018-03-30 02:25,2245
2018-03-30 02:30,2251
2018-03-30 02:35,2249
2018-03-30 02:40,2235
2018-03-30 02:45,2234
2018-03-30 02:50,2224
2018-03-30 02:55,2209
2018-03-30 03:00,2164
2018-03-30 03:05,2137
2018-03-30 03:10,2125
2018-03-30 03:15,2120
2018-03-30 03:20,2095
2018-03-30 03:25,2075
2018-03-30 03:30,2076
2018-03-30 03:35,2054
2018-03-30 03:40,2040
2018-03-30 03:45,2014
2018-03-30 03:50,1992
2018-03-30 03:55,1996
2018-03-30 04:00,1973
2018-03-30 04:05,1976
2018-03-30 04:10,1971
2018-03-30 04:15,1942
2018-03-30 04:20,1930
2018-03-30 04:25,1899
2018-03-30 04:30,1884
2018-03-30 04:35,1871
2018-03-30 04:40,1872
2018-03-30 04:45,1861
2018-03-30 04:50,1860
2018-03-30 04:55,1860
2018-03-30 05:00,1835
2018-03-30 05:05,1833
2018-03-30 05:10,1839
2018-03-30 05:15,1824
2018-03-30 05:20,1808
2018-03-30 05:25,1825
2018-03-30 05:30,1823
2018-03-30 05:35,1818
2018-03-30 05:40,1815
2018-03-30 05:45,1793
2018-03-30 05:50,1785
2018-03-30 05:55,1801
2018-03-30 06:00,1780
2018-03-30 06:05,1769
2018-03-30 06:10,1772
2018-03-30 06:15,1775
2018-03-30 06:20,1778
2018-03-30 06:25,1791
2018-03-30 06:30,1798
2018-03-30 06:35,1818
2018-03-30 06:40,1826
2018-03-30 06:45,1829
2018-03-30 06:50,1814
2018-03-30 06:55,1841
2018-03-30 07:00,1851
2018-03-30 07:05,1858
2018-03-30 07:10,1849
2018-03-30 07:15,1856
2018-03-30 07:20,1860
2018-03-30 07:25,1881
2018-03-30 07:30,1909
2018-03-30 07:35,1910
2018-03-30 07:40,1901
2018-03-30 07:45,1908
2018-03-30 07:50,1926
2018-03-30 07:55,1937
2018-03-30 08:00,1952
2018-03-30 08:05,1974
2018-03-30 08:10,1990
2018-03-30 08:15,1998
2018-03-30 08:20,2029
2018-03-30 08:25,2047
2018-03-30 08:30,2072
2018-03-30 08:35,2087
2018-03-30 08:40,2099
2018-03-30 08:45,2128
2018-03-30 08:50,2155
2018-03-30 08:55,2161
2018-03-30 09:00,2170
2018-03-30 09:05,2188
2018-03-30 09:10,2211
2018-03-30 09:15,2230
2018-03-30 09:20,2239
2018-03-30 09:25,2240
2018-03-30 09:30,2247
2018-03-30 09:35,2248
2018-03-30 09:40,2281
2018-03-30 09:45,2318
2018-03-30 09:50,2315
2018-03-30 09:55,2329
2018-03-30 10:00,2353
2018-03-30 10:05,2357
2018-03-30 10:10,2394
2018-03-30 10:15,2389
2018-03-30 10:20,2418
2018-03-30 10:25,2432
2018-03-30 10:30,2454
2018-03-30 10:35,2488
2018-03-30 10:40,2496
2018-03-30 10:45,2539
2018-03-30 10:50,2589
2018-03-30 10:55,2601
2018-03-30 11:00,2619
2018-03-30 11:05,2638
2018-03-30 11:10,2684
2018-03-30 11:15,2687
2018-03-30 11:20,2709
2018-03-30 11:25,2694
2018-03-30 11:30,2696
2018-03-30 11:35,2705
2018-03-30 11:40,2740
2018-03-30 11:45,2759
2018-03-30 11:50,2777
2018-03-30 11:55,2795
2018-03-30 12:00,2812
2018-03-30 12:05,2838
2018-03-30 12:10,2835
2018-03-30 12:15,2850
2018-03-30 12:20,2869
2018-03-30 12:25,2886
2018-03-30 12:30,2889
2018-03-30 12:35,2882
2018-03-30 12:40,2912
2018-03-30 12:45,2935
2018-03-30 12:50,2956
2018-03-30 12:55,2992
2018-03-30 13:00,3023
2018-03-30 13:05,3037
2018-03-30 13:10,3056
2018-03-30 13:15,3077
2018-03-30 13:20,3104
2018-03-30 13:25,3128
2018-03-30 13:30,3140
2018-03-30 13:35,3156
2018-03-30 13:40,3169
2018-03-30 13:45,3173
2018-03-30 13:50,3205
2018-03-30 13:55,3211
2018-03-30 14:00,3241
2018-03-30 14:05,3243
2018-03-30 14:10,3265
2018-03-30 14:15,3266
2018-03-30 14:20,3272
2018-03-30 14:25,3279
2018-03-30 14:30,3289
2018-03-30 14:35,3307
2018-03-30 14:40,3348
2018-03-30 14:45,3332
2018-03-30 14:50,3361
2018-03-30 14:55,3383
2018-03-30 15:00,3425
2018-03-30 15:05,3428
2018-03-30 15:10,3420
2018-03-30 15:15,3437
2018-03-30 15:20,3409
2018-03-30 15:25,3403
2018-03-30 15:30,3439
2018-03-30 15:35,3459
2018-03-30 15:40,3486
2018-03-30 15:45,3492
2018-03-30 15:50,3525
2018-03-30 15:55,3515
2018-03-30 16:00,3528
2018-03-30 16:05,3525
2018-03-30 16:10,3527
2018-03-30 16:15,3575
2018-03-30 16:20,3596
2018-03-30 16:25,3612
2018-03-30 16:30,3622
2018-03-30 16:35,3628
2018-03-30 16:40,3651
2018-03-30 16:45,3679
2018-03-30 16:50,3660
2018-03-30 16:55,3670
2018-03-30 17:00,3651
2018-03-30 17:05,3652
2018-03-30 17:10,3660
2018-03-30 17:15,3661
2018-03-30 17:20,3664
2018-03-30 17:25,3667
2018-03-30 17:30,3668
2018-03-30 17:35,3718
2018-03-30 17:40,3708
2018-03-30 17:45,3714
2018-03-30 17:50,3727
2018-03-30 17:55,3723
2018-03-30 18:00,3728
2018-03-30 18:05,3792
2018-03-30 18:10,3767
2018-03-30 18:15,3783
2018-03-30 18:20,3761
2018-03-30 18:25,3794
2018-03-30 18:30,3775
2018-03-30 18:35,3782
2018-03-30 18:40,3824
2018-03-30 18:45,3805
2018-03-30 18:50,3824
2018-03-30 18:55,3840
2018-03-30 19:00,3852
2018-03-30 19:05,3845
2018-03-30 19:10,3839
2018-03-30 19:15,3837
2018-03-30 19:20,3834
2018-03-30 19:25,3870
2018-03-30 19:30,3864
2018-03-30 19:35,3867
2018-03-30 19:40,3923
2018-03-30 19:45,3907
2018-03-30 19:50,3917
2018-03-30 19:55,3890
2018-03-30 20:00,3862
2018-03-30 20:05,3841
2018-03-30 20:10,3832
2018-03-30 20:15,3808
2018-03-30 20:20,3778
2018-03-30 20:25,3802
2018-03-30 20:30,3759
2018-03-30 20:35,3743
2018-03-30 20:40,3697
2018-03-30 20:45,3678
2018-03-30 20:50,3633
2018-03-30 20:55,3582
2018-03-30 21:00,3567
2018-03-30 21:05,3550
2018-03-30 21:10,3521
2018-03-30 21:15,3503
2018-03-30 21:20,3500
2018-03-30 21:25,3450
2018-03-30 21:30,3449
2018-03-30 21:35,3405
2018-03-30 21:40,3374
2018-03-30 21:45,3337
2018-03-30 21:50,3322
2018-03-30 21:55,3280
2018-03-30 22:00,3250
2018-03-30 22:05,3218
2018-03-30 22:10,3146
2018-03-30 22:15,3103
2018-03-30 22:20,3079
2018-03-30 22:25,3033
2018-03-30 22:30,2982
2018-03-30 22:35,2929
2018-03-30 22:40,2900
2018-03-30 22:45,2862
2018-03-30 22:50,2831
2018-03-30 22:55,2794
2018-03-30 23:00,2752
2018-03-30 23:05,2719
2018-03-30 23:10,2698
2018-03-30 23:15,2687
2018-03-30 23:20,2649
2018-03-30 23:25,2630
2018-03-30 23:30,2623
2018-03-30 23:35,2608
2018-03-30 23:40,2608
2018-03-30 23:45,2577
2018-03-30 23:50,2567
2018-03-30 23:55,2527
2018-03-31 00:00,2521
2018-03-31 00:05,2518
2018-03-31 00:10,2499
2018-03-31 00:15,2473
2018-03-31 00:20,2433
2018-03-31 00:25,2405
2018-03-31 00:30,2382
2018-03-31 00:35,2363
2018-03-31 00:40,2355
2018-03-31 00:45,2324
2018-03-31 00:50,2322
2018-03-31 00:55,2321
2018-03-31 01:00,2312
2018-03-31 01:05,2320
2018-03-31 01:10,2292
2018-03-31 01:15,2292
2018-03-31 01:20,2298
2018-03-31 01:25,2311
2018-03-31 01:30,2291
2018-03-31 01:35,2272
2018-03-31 01:40,2281
2018-03-31 01:45,2308
2018-03-31 01:50,2272
2018-03-31 01:55,2245
2018-03-31 02:00,2230
2018-03-31 02:05,2233
2018-03-31 02:10,2229
2018-03-31 02:15,2220
2018-03-31 02:20,2211
2018-03-31 02:25,2219
2018-03-31 02:30,2216
2018-03-31 02:35,2204
2018-03-31 02:40,2198
2018-03-31 02:45,2210
2018-03-31 02:50,2187
2018-03-31 02:55,2167
2018-03-31 03:00,2162
2018-03-31 03:05,2154
2018-03-31 03:10,2144
2018-03-31 03:15,2142
2018-03-31 03:20,2146
2018-03-31 03:25,2139
2018-03-31 03:30,2111
2018-03-31 03:35,2109
2018-03-31 03:40,2084
2018-03-31 03:45,2068
2018-03-31 03:50,2064
2018-03-31 03:55,2052
2018-03-31 04:00,2047
2018-03-31 04:05,2023
2018-03-31 04:10,2010
2018-03-31 04:15,1996
2018-03-31 04:20,2004
2018-03-31 04:25,1986
2018-03-31 04:30,1983
2018-03-31 04:35,1980
2018-03-31 04:40,1980
2018-03-31 04:45,1966
2018-03-31 04:50,1946
2018-03-31 04:55,1945
2018-03-31 05:00,1929
2018-03-31 05:05,1933
2018-03-31 05:10,1925
2018-03-31 05:15,1929
2018-03-31 05:20,1920
2018-03-31 05:25,1910
2018-03-31 05:30,1909
2018-03-31 05:35,0
2018-03-31 05:40,1905
2018-03-31 05:45,1890
2018-03-31 05:50,1893
2018-03-31 05:55,1909
2018-03-31 06:00,1908
2018-03-31 06:05,1933
2018-03-31 06:10,1937
2018-03-31 06:15,1930
2018-03-31 06:20,1913
2018-03-31 06:25,1928
2018-03-31 06:30,1939
2018-03-31 06:35,1941
2018-03-31 06:40,1975
2018-03-31 06:45,1975
2018-03-31 06:50,1997
2018-03-31 06:55,1991
2018-03-31 07:00,2004
2018-03-31 07:05,2022
2018-03-31 07:10,2022
2018-03-31 07:15,2036
2018-03-31 07:20,2044
2018-03-31 07:25,2056
2018-03-31 07:30,2084
2018-03-31 07:35,2111
2018-03-31 07:40,2148
2018-03-31 07:45,2150
2018-03-31 07:50,2168
2018-03-31 07:55,2172
2018-03-31 08:00,2184
2018-03-31 08:05,2188
2018-03-31 08:10,2232
2018-03-31 08:15,2267
2018-03-31 08:20,2291
2018-03-31 08:25,2311
2018-03-31 08:30,2341
2018-03-31 08:35,2344
2018-03-31 08:40,2366
2018-03-31 08:45,2397
2018-03-31 08:50,2401
2018-03-31 08:55,2443
2018-03-31 09:00,2434
2018-03-31 09:05,2440
2018-03-31 09:10,2462
2018-03-31 09:15,2478
2018-03-31 09:20,2511
2018-03-31 09:25,2540
2018-03-31 09:30,2578
2018-03-31 09:35,2603
2018-03-31 09:40,2626
2018-03-31 09:45,2659
2018-03-31 09:50,2660
2018-03-31 09:55,2652
2018-03-31 10:00,2670
2018-03-31 10:05,2704
2018-03-31 10:10,2719
2018-03-31 10:15,2737
2018-03-31 10:20,2764
2018-03-31 10:25,2810
2018-03-31 10:30,2820
2018-03-31 10:35,2825
2018-03-31 10:40,2801
2018-03-31 10:45,2817
2018-03-31 10:50,2843
2018-03-31 10:55,2860
2018-03-31 11:00,2843
2018-03-31 11:05,2852
2018-03-31 11:10,2866
2018-03-31 11:15,2878
2018-03-31 11:20,2876
2018-03-31 11:25,2905
2018-03-31 11:30,2923
2018-03-31 11:35,2971
2018-03-31 11:40,2988
2018-03-31 11:45,2996
2018-03-31 11:50,3022
2018-03-31 11:55,3043
2018-03-31 12:00,3033
2018-03-31 12:05,3063
2018-03-31 12:10,3082
2018-03-31 12:15,3083
2018-03-31 12:20,3119
2018-03-31 12:25,3151
2018-03-31 12:30,3187
2018-03-31 12:35,3199
2018-03-31 12:40,3200
2018-03-31 12:45,3200
2018-03-31 12:50,3213
2018-03-31 12:55,3213
2018-03-31 13:00,3225
2018-03-31 13:05,3220
2018-03-31 13:10,3246
2018-03-31 13:15,3242
2018-03-31 13:20,3279
2018-03-31 13:25,3299
2018-03-31 13:30,3312
2018-03-31 13:35,3322
2018-03-31 13:40,3334
2018-03-31 13:45,3341
2018-03-31 13:50,3330
2018-03-31 13:55,3404
2018-03-31 14:00,3426
2018-03-31 14:05,3468
2018-03-31 14:10,3482
2018-03-31 14:15,3508
2018-03-31 14:20,3522
2018-03-31 14:25,3533
2018-03-31 14:30,3562
2018-03-31 14:35,3594
2018-03-31 14:40,3614
2018-03-31 14:45,3639
2018-03-31 14:50,3634
2018-03-31 14:55,3625
2018-03-31 15:00,3618
2018-03-31 15:05,3597
2018-03-31 15:10,3599
2018-03-31 15:15,3625
2018-03-31 15:20,3655
2018-03-31 15:25,3638
2018-03-31 15:30,3635
2018-03-31 15:35,3690
2018-03-31 15:40,3685
2018-03-31 15:45,3717
2018-03-31 15:50,3770
2018-03-31 15:55,3793
2018-03-31 16:00,3789
2018-03-31 16:05,3793
2018-03-31 16:10,3808
2018-03-31 16:15,3812
2018-03-31 16:20,3817
2018-03-31 16:25,3813
2018-03-31 16:30,3820
2018-03-31 16:35,3819
2018-03-31 16:40,3833
2018-03-31 16:45,3825
2018-03-31 16:50,3811
2018-03-31 16:55,3813
2018-03-31 17:00,3796
2018-03-31 17:05,3830
2018-03-31 17:10,3825
2018-03-31 17:15,3833
2018-03-31 17:20,3851
2018-03-31 17:25,3849
2018-03-31 17:30,3855
2018-03-31 17:35,3827
2018-03-31 17:40,3858
2018-03-31 17:45,3841
2018-03-31 17:50,3875
2018-03-31 17:55,3901
2018-03-31 18:00,3928
2018-03-31 18:05,3936
2018-03-31 18:10,3927
2018-03-31 18:15,3941
2018-03-31 18:20,3954
2018-03-31 18:25,3979
2018-03-31 18:30,3965
2018-03-31 18:35,3933
2018-03-31 18:40,3949
2018-03-31 18:45,3938
2018-03-31 18:50,3951
2018-03-31 18:55,3942
2018-03-31 19:00,3910
2018-03-31 19:05,3911
2018-03-31 19:10,3923
2018-03-31 19:15,3921
2018-03-31 19:20,3923
2018-03-31 19:25,3928
2018-03-31 19:30,3905
2018-03-31 19:35,3902
2018-03-31 19:40,3897
2018-03-31 19:45,3902
2018-03-31 19:50,3885
2018-03-31 19:55,3850
2018-03-31 20:00,3861
2018-03-31 20:05,3830
2018-03-31 20:10,3776
2018-03-31 20:15,3745
2018-03-31 20:20,3744
2018-03-31 20:25,3754
2018-03-31 20:30,3760
2018-03-31 20:35,3753
2018-03-31 20:40,3745
2018-03-31 20:45,3742
2018-03-31 20:50,3740
2018-03-31 20:55,3716
2018-03-31 21:00,3698
2018-03-31 21:05,3685
2018-03-31 21:10,3658
2018-03-31 21:15,3627
2018-03-31 21:20,3594
2018-03-31 21:25,3568
2018-03-31 21:30,3562
2018-03-31 21:35,3513
2018-03-31 21:40,3484
2018-03-31 21:45,3454
2018-03-31 21:50,3466
2018-03-31 21:55,3465
2018-03-31 22:00,3422
2018-03-31 22:05,3374
2018-03-31 22:10,3330
2018-03-31 22:15,3308
2018-03-31 22:20,3248
2018-03-31 22:25,3224
2018-03-31 22:30,3199
2018-03-31 22:35,3167
2018-03-31 22:40,3128
2018-03-31 22:45,3097
2018-03-31 22:50,3082
2018-03-31 22:55,3033
2018-03-31 23:00,3006
2018-03-31 23:05,2976
2018-03-31 23:10,2929
2018-03-31 23:15,2899
2018-03-31 23:20,2886
2018-03-31 23:25,2860
2018-03-31 23:30,2810
2018-03-31 23:35,2786
2018-03-31 23:40,2741
2018-03-31 23:45,2683
2018-03-31 23:50,2668
2018-03-31 23:55,2646
2018-04-01 00:00,2644
2018-04-01 00:05,2621
2018-04-01 00:10,2605
2018-04-01 00:15,2595
2018-04-01 00:20,2580
2018-04-01 00:25,2537
2018-04-01 00:30,2542
2018-04-01 00:35,2506
2018-04-01 00:40,2503
2018-04-01 00:45,2462
2018-04-01 00:50,2460
2018-04-01 00:55,2441
2018-04-01 01:00,2423
2018-04-01 01:05,2396
2018-04-01 01:10,2383
2018-04-01 01:15,2356
2018-04-01 01:20,2351
2018-04-01 01:25,2349
2018-04-01 01:30,2339
2018-04-01 01:35,2366
2018-04-01 01:40,2331
2018-04-01 01:45,2313
2018-04-01 01:50,2295
2018-04-01 01:55,2274
2018-04-01 02:00,2253
2018-04-01 02:05,2228
2018-04-01 02:10,2234
2018-04-01 02:15,2206
2018-04-01 02:20,2206
2018-04-01 02:25,2199
2018-04-01 02:30,2169
2018-04-01 02:35,2189
2018-04-01 02:40,2188
2018-04-01 02:45,2180
2018-04-01 02:50,2156
2018-04-01 02:55,2156
2018-04-01 03:00,2155
2018-04-01 03:05,2155
2018-04-01 03:10,2139
2018-04-01 03:15,2137
2018-04-01 03:20,2115
2018-04-01 03:25,2099
2018-04-01 03:30,2099
2018-04-01 03:35,2079
2018-04-01 03:40,2062
2018-04-01 03:45,2039
2018-04-01 03:50,2020
2018-04-01 03:55,2002
2018-04-01 04:00,1989
2018-04-01 04:05,1990
2018-04-01 04:10,1968
2018-04-01 04:15,1981
2018-04-01 04:20,1969
2018-04-01 04:25,1966
2018-04-01 04:30,1951
2018-04-01 04:35,1936
2018-04-01 04:40,1926
2018-04-01 04:45,1933
2018-04-01 04:50,1923
2018-04-01 04:55,1907
2018-04-01 05:00,1893
2018-04-01 05:05,1905
2018-04-01 05:10,1898
2018-04-01 05:15,1915
2018-04-01 05:20,0
2018-04-01 05:25,1876
2018-04-01 05:30,1890
2018-04-01 05:35,0
2018-04-01 05:40,1903
2018-04-01 05:45,1905
2018-04-01 05:50,1899
2018-04-01 05:55,1886
2018-04-01 06:00,1892
2018-04-01 06:05,1893
2018-04-01 06:10,1903
2018-04-01 06:15,1884
2018-04-01 06:20,1897
2018-04-01 06:25,1926
2018-04-01 06:30,1949
2018-04-01 06:35,1949
2018-04-01 06:40,1956
2018-04-01 06:45,1980
2018-04-01 06:50,1988
2018-04-01 06:55,2018
2018-04-01 07:00,2035
2018-04-01 07:05,2044
2018-04-01 07:10,2061
2018-04-01 07:15,2060
2018-04-01 07:20,2077
2018-04-01 07:25,2091
2018-04-01 07:30,2120
2018-04-01 07:35,2136
2018-04-01 07:40,2155
2018-04-01 07:45,2154
2018-04-01 07:50,2166
2018-04-01 07:55,2185
2018-04-01 08:00,2212
2018-04-01 08:05,2231
2018-04-01 08:10,2264
2018-04-01 08:15,2269
2018-04-01 08:20,2288
2018-04-01 08:25,2316
2018-04-01 08:30,2338
2018-04-01 08:35,2335
2018-04-01 08:40,2358
2018-04-01 08:45,2387
2018-04-01 08:50,2402
2018-04-01 08:55,2427
2018-04-01 09:00,2450
2018-04-01 09:05,2485
2018-04-01 09:10,2526
2018-04-01 09:15,2570
2018-04-01 09:20,2587
2018-04-01 09:25,2603
2018-04-01 09:30,2623
2018-04-01 09:35,2638
2018-04-01 09:40,2660
2018-04-01 09:45,2679
2018-04-01 09:50,2707
2018-04-01 09:55,2740
2018-04-01 10:00,2761
2018-04-01 10:05,2789
2018-04-01 10:10,2823
2018-04-01 10:15,2828
2018-04-01 10:20,2857
2018-04-01 10:25,2887
2018-04-01 10:30,2889
2018-04-01 10:35,2894
2018-04-01 10:40,2894
2018-04-01 10:45,2923
2018-04-01 10:50,2933
2018-04-01 10:55,2957
2018-04-01 11:00,2966
2018-04-01 11:05,2986
2018-04-01 11:10,3001
2018-04-01 11:15,3016
2018-04-01 11:20,3015
2018-04-01 11:25,3022
2018-04-01 11:30,3024
2018-04-01 11:35,3005
2018-04-01 11:40,3062
2018-04-01 11:45,3056
2018-04-01 11:50,3061
2018-04-01 11:55,3085
2018-04-01 12:00,3123
2018-04-01 12:05,3125
2018-04-01 12:10,3161
2018-04-01 12:15,3193
2018-04-01 12:20,3220
2018-04-01 12:25,3219
2018-04-01 12:30,3213
2018-04-01 12:35,3231
2018-04-01 12:40,3250
2018-04-01 12:45,3258
2018-04-01 12:50,3296
2018-04-01 12:55,3331
2018-04-01 13:00,3333
2018-04-01 13:05,3374
2018-04-01 13:10,3397
2018-04-01 13:15,3409
2018-04-01 13:20,3440
2018-04-01 13:25,3460
2018-04-01 13:30,3462
2018-04-01 13:35,3472
2018-04-01 13:40,3480
2018-04-01 13:45,3529
2018-04-01 13:50,3496
2018-04-01 13:55,3504
2018-04-01 14:00,3540
2018-04-01 14:05,3554
2018-04-01 14:10,3580
2018-04-01 14:15,3601
2018-04-01 14:20,3630
2018-04-01 14:25,3654
2018-04-01 14:30,3673
2018-04-01 14:35,3674
2018-04-01 14:40,3714
2018-04-01 14:45,3736
2018-04-01 14:50,3743
2018-04-01 14:55,3767
2018-04-01 15:00,3769
2018-04-01 15:05,3759
2018-04-01 15:10,3765
2018-04-01 15:15,3760
2018-04-01 15:20,3771
2018-04-01 15:25,3771
2018-04-01 15:30,3774
2018-04-01 15:35,3788
2018-04-01 15:40,3816
2018-04-01 15:45,3808
2018-04-01 15:50,3813
2018-04-01 15:55,3813
2018-04-01 16:00,3820
2018-04-01 16:05,3812
2018-04-01 16:10,3852
2018-04-01 16:15,3873
2018-04-01 16:20,3877
2018-04-01 16:25,3887
2018-04-01 16:30,3905
2018-04-01 16:35,3908
2018-04-01 16:40,3907
2018-04-01 16:45,3963
2018-04-01 16:50,3997
2018-04-01 16:55,3997
2018-04-01 17:00,4006
2018-04-01 17:05,4010
2018-04-01 17:10,4004
2018-04-01 17:15,3990
2018-04-01 17:20,4016
2018-04-01 17:25,4030
2018-04-01 17:30,4025
2018-04-01 17:35,4017
2018-04-01 17:40,4041
2018-04-01 17:45,4021
2018-04-01 17:50,4031
2018-04-01 17:55,4025
2018-04-01 18:00,3995
2018-04-01 18:05,4035
2018-04-01 18:10,4052
2018-04-01 18:15,4089
2018-04-01 18:20,4070
2018-04-01 18:25,4085
2018-04-01 18:30,4081
2018-04-01 18:35,4080
2018-04-01 18:40,4058
2018-04-01 18:45,4077
2018-04-01 18:50,4066
2018-04-01 18:55,4049
2018-04-01 19:00,4062
2018-04-01 19:05,4054
2018-04-01 19:10,4061
2018-04-01 19:15,4099
2018-04-01 19:20,4097
2018-04-01 19:25,4090
2018-04-01 19:30,4059
2018-04-01 19:35,4053
2018-04-01 19:40,4073
2018-04-01 19:45,4110
2018-04-01 19:50,4073
2018-04-01 19:55,4064
2018-04-01 20:00,4057
2018-04-01 20:05,4018
2018-04-01 20:10,4012
2018-04-01 20:15,3981
2018-04-01 20:20,3971
2018-04-01 20:25,3920
2018-04-01 20:30,3908
2018-04-01 20:35,3887
2018-04-01 20:40,3861
2018-04-01 20:45,3867
2018-04-01 20:50,3824
2018-04-01 20:55,3838
2018-04-01 21:00,3841
2018-04-01 21:05,3787
2018-04-01 21:10,3737
2018-04-01 21:15,3726
2018-04-01 21:20,3710
2018-04-01 21:25,3668
2018-04-01 21:30,3650
2018-04-01 21:35,3625
2018-04-01 21:40,3577
2018-04-01 21:45,3536
2018-04-01 21:50,3527
2018-04-01 21:55,3505
2018-04-01 22:00,3454
2018-04-01 22:05,3389
2018-04-01 22:10,3315
2018-04-01 22:15,3274
2018-04-01 22:20,3240
2018-04-01 22:25,3202
2018-04-01 22:30,3183
2018-04-01 22:35,3170
2018-04-01 22:40,3107
2018-04-01 22:45,3069
2018-04-01 22:50,3062
2018-04-01 22:55,3057
2018-04-01 23:00,3026
2018-04-01 23:05,2998
2018-04-01 23:10,2985
2018-04-01 23:15,2971
2018-04-01 23:20,2949
2018-04-01 23:25,2917
2018-04-01 23:30,2880
2018-04-01 23:35,2855
2018-04-01 23:40,2830
2018-04-01 23:45,2804
2018-04-01 23:50,2769
2018-04-01 23:55,2736
2018-04-02 00:00,2709
2018-04-02 00:05,2683
2018-04-02 00:10,2664
2018-04-02 00:15,2618
2018-04-02 00:20,2594
2018-04-02 00:25,2577
2018-04-02 00:30,2554
2018-04-02 00:35,2559
2018-04-02 00:40,2552
2018-04-02 00:45,2545
2018-04-02 00:50,2538
2018-04-02 00:55,2526
2018-04-02 01:00,2517
2018-04-02 01:05,2485
2018-04-02 01:10,2453
2018-04-02 01:15,2428
2018-04-02 01:20,2418
2018-04-02 01:25,2404
2018-04-02 01:30,2394
2018-04-02 01:35,2388
2018-04-02 01:40,2365
2018-04-02 01:45,2359
2018-04-02 01:50,2343
2018-04-02 01:55,2333
2018-04-02 02:00,2324
2018-04-02 02:05,2311
2018-04-02 02:10,2327
2018-04-02 02:15,2312
2018-04-02 02:20,2277
2018-04-02 02:25,2265
2018-04-02 02:30,2232
2018-04-02 02:35,2213
2018-04-02 02:40,2183
2018-04-02 02:45,2151
2018-04-02 02:50,2120
2018-04-02 02:55,2103
2018-04-02 03:00,2107
2018-04-02 03:05,2082
2018-04-02 03:10,2057
2018-04-02 03:15,2036
2018-04-02 03:20,2019
2018-04-02 03:25,1973
2018-04-02 03:30,1937
2018-04-02 03:35,1921
2018-04-02 03:40,1919
2018-04-02 03:45,1900
2018-04-02 03:50,1907
2018-04-02 03:55,1879
2018-04-02 04:00,1855
2018-04-02 04:05,1832
2018-04-02 04:10,1827
2018-04-02 04:15,1823
2018-04-02 04:20,1812
2018-04-02 04:25,1788
2018-04-02 04:30,1802
2018-04-02 04:35,1786
2018-04-02 04:40,1763
2018-04-02 04:45,1772
2018-04-02 04:50,1754
2018-04-02 04:55,1739
2018-04-02 05:00,1732
2018-04-02 05:05,1734
2018-04-02 05:10,1748
2018-04-02 05:15,1756
2018-04-02 05:20,1750
2018-04-02 05:25,1748
2018-04-02 05:30,1749
2018-04-02 05:35,1744
2018-04-02 05:40,1753
2018-04-02 05:45,1736
2018-04-02 05:50,1741
2018-04-02 05:55,1721
2018-04-02 06:00,1719
2018-04-02 06:05,1732
2018-04-02 06:10,1761
2018-04-02 06:15,1767
2018-04-02 06:20,1760
2018-04-02 06:25,1751
2018-04-02 06:30,1738
2018-04-02 06:35,1739
2018-04-02 06:40,1731
2018-04-02 06:45,1720
2018-04-02 06:50,1734
2018-04-02 06:55,1742
2018-04-02 07:00,1736
2018-04-02 07:05,1748
2018-04-02 07:10,1751
2018-04-02 07:15,1753
2018-04-02 07:20,1757
2018-04-02 07:25,1775
2018-04-02 07:30,1804
2018-04-02 07:35,1807
2018-04-02 07:40,1818
2018-04-02 07:45,1839
2018-04-02 07:50,1846
2018-04-02 07:55,1851
2018-04-02 08:00,1871
2018-04-02 08:05,1859
2018-04-02 08:10,1894
2018-04-02 08:15,1928
2018-04-02 08:20,1953
2018-04-02 08:25,1988
2018-04-02 08:30,1982
2018-04-02 08:35,2002
2018-04-02 08:40,2035
2018-04-02 08:45,2081
2018-04-02 08:50,2090
2018-04-02 08:55,2118
2018-04-02 09:00,2122
2018-04-02 09:05,2158
2018-04-02 09:10,2196
2018-04-02 09:15,2238
2018-04-02 09:20,2255
2018-04-02 09:25,2272
2018-04-02 09:30,2291
2018-04-02 09:35,2323
2018-04-02 09:40,2336
2018-04-02 09:45,2362
2018-04-02 09:50,2401
2018-04-02 09:55,2428
2018-04-02 10:00,2455
2018-04-02 10:05,2487
2018-04-02 10:10,2512
2018-04-02 10:15,2506
2018-04-02 10:20,2546
2018-04-02 10:25,2555
2018-04-02 10:30,2569
2018-04-02 10:35,2588
2018-04-02 10:40,2609
2018-04-02 10:45,2615
2018-04-02 10:50,2653
2018-04-02 10:55,2674
2018-04-02 11:00,2703
2018-04-02 11:05,2706
2018-04-02 11:10,2683
2018-04-02 11:15,2692
2018-04-02 11:20,2708
2018-04-02 11:25,2730
2018-04-02 11:30,2760
2018-04-02 11:35,2776
2018-04-02 11:40,2797
2018-04-02 11:45,2830
2018-04-02 11:50,2859
2018-04-02 11:55,2871
2018-04-02 12:00,2884
2018-04-02 12:05,2904
2018-04-02 12:10,2909
2018-04-02 12:15,2928
2018-04-02 12:20,2916
2018-04-02 12:25,2934
2018-04-02 12:30,2960
2018-04-02 12:35,2982
2018-04-02 12:40,2972
2018-04-02 12:45,3003
2018-04-02 12:50,3008
2018-04-02 12:55,3045
2018-04-02 13:00,3053
2018-04-02 13:05,3067
2018-04-02 13:10,3087
2018-04-02 13:15,3129
2018-04-02 13:20,3154
2018-04-02 13:25,3162
2018-04-02 13:30,3191
2018-04-02 13:35,3207
2018-04-02 13:40,3226
2018-04-02 13:45,3220
2018-04-02 13:50,3216
2018-04-02 13:55,3241
2018-04-02 14:00,3270
2018-04-02 14:05,3295
2018-04-02 14:10,3311
2018-04-02 14:15,3340
2018-04-02 14:20,3360
2018-04-02 14:25,3374
2018-04-02 14:30,3403
2018-04-02 14:35,3412
2018-04-02 14:40,3425
2018-04-02 14:45,3441
2018-04-02 14:50,3443
2018-04-02 14:55,3458
2018-04-02 15:00,3490
2018-04-02 15:05,3516
2018-04-02 15:10,3528
2018-04-02 15:15,0
2018-04-02 15:20,3519
2018-04-02 15:25,3536
2018-04-02 15:30,3545
2018-04-02 15:35,3574
2018-04-02 15:40,3570
2018-04-02 15:45,3584
2018-04-02 15:50,3587
2018-04-02 15:55,3615
2018-04-02 16:00,3596
2018-04-02 16:05,3581
2018-04-02 16:10,3571
2018-04-02 16:15,3617
2018-04-02 16:20,3654
2018-04-02 16:25,3644
2018-04-02 16:30,3660
2018-04-02 16:35,3682
2018-04-02 16:40,3672
2018-04-02 16:45,3656
2018-04-02 16:50,3685
2018-04-02 16:55,
2018-04-02 17:00,3701
2018-04-02 17:05,3702
2018-04-02 17:10,3702
2018-04-02 17:15,3735
2018-04-02 17:20,3749
2018-04-02 17:25,3759
2018-04-02 17:30,3798
2018-04-02 17:35,3775
2018-04-02 17:40,3764
2018-04-02 17:45,3781
2018-04-02 17:50,3785
2018-04-02 17:55,3780
2018-04-02 18:00,3780
2018-04-02 18:05,3776
2018-04-02 18:10,3831
2018-04-02 18:15,3862
2018-04-02 18:20,3880
2018-04-02 18:25,3886
2018-04-02 18:30,3858
2018-04-02 18:35,3862
2018-04-02 18:40,3869
2018-04-02 18:45,3891
2018-04-02 18:50,3891
2018-04-02 18:55,3909
2018-04-02 19:00,3903
2018-04-02 19:05,3880
2018-04-02 19:10,3860
2018-04-02 19:15,3832
2018-04-02 19:20,3829
2018-04-02 19:25,3789
2018-04-02 19:30,3813
2018-04-02 19:35,3826
2018-04-02 19:40,3767
2018-04-02 19:45,3776
2018-04-02 19:50,3745
2018-04-02 19:55,3731
2018-04-02 20:00,3708
2018-04-02 20:05,3672
2018-04-02 20:10,3644
2018-04-02 20:15,3588
2018-04-02 20:20,3562
2018-04-02 20:25,3528
2018-04-02 20:30,3469
2018-04-02 20:35,3447
2018-04-02 20:40,3384
2018-04-02 20:45,3349
2018-04-02 20:50,3318
2018-04-02 20:55,3295
2018-04-02 21:00,3228
2018-04-02 21:05,3179
2018-04-02 21:10,3134
2018-04-02 21:15,3105
2018-04-02 21:20,3085
2018-04-02 21:25,3058
2018-04-02 21:30,3026
2018-04-02 21:35,3023
2018-04-02 21:40,2990
2018-04-02 21:45,2962
2018-04-02 21:50,2946
2018-04-02 21:55,2933
2018-04-02 22:00,2891
2018-04-02 22:05,2869
2018-04-02 22:10,2853
2018-04-02 22:15,2829
2018-04-02 22:20,2784
2018-04-02 22:25,2756
2018-04-02 22:30,2745
2018-04-02 22:35,2724
2018-04-02 22:40,2692
2018-04-02 22:45,2656
2018-04-02 22:50,2631
2018-04-02 22:55,2606
2018-04-02 23:00,2564
2018-04-02 23:05,2566
2018-04-02 23:10,2550
2018-04-02 23:15,2555
2018-04-02 23:20,2521
2018-04-02 23:25,2480
2018-04-02 23:30,2452
2018-04-02 23:35,2438
2018-04-02 23:40,2427
2018-04-02 23:45,2439
2018-04-02 23:50,2445
2018-04-02 23:55,2427
2018-04-03 00:00,2402
2018-04-03 00:05,2379
2018-04-03 00:10,2400
2018-04-03 00:15,2377
2018-04-03 00:20,2386
2018-04-03 00:25,2368
2018-04-03 00:30,2347
2018-04-03 00:35,2346
2018-04-03 00:40,2363
2018-04-03 00:45,2340
2018-04-03 00:50,2338
2018-04-03 00:55,2313
2018-04-03 01:00,2284
2018-04-03 01:05,2287
2018-04-03 01:10,2272
2018-04-03 01:15,2270
2018-04-03 01:20,2261
2018-04-03 01:25,2238
2018-04-03 01:30,2228
2018-04-03 01:35,2214
2018-04-03 01:40,2190
2018-04-03 01:45,2169
2018-04-03 01:50,2162
2018-04-03 01:55,2136
2018-04-03 02:00,2115
2018-04-03 02:05,2113
2018-04-03 02:10,2083
2018-04-03 02:15,2064
2018-04-03 02:20,2059
2018-04-03 02:25,2030
2018-04-03 02:30,2006
2018-04-03 02:35,1976
2018-04-03 02:40,1981
2018-04-03 02:45,1978
2018-04-03 02:50,1959
2018-04-03 02:55,1944
2018-04-03 03:00,1924
2018-04-03 03:05,1901
2018-04-03 03:10,1880
2018-04-03 03:15,1875
2018-04-03 03:20,1857
2018-04-03 03:25,1827
2018-04-03 03:30,1832
2018-04-03 03:35,1819
2018-04-03 03:40,1830
2018-04-03 03:45,1801
2018-04-03 03:50,1788
2018-04-03 03:55,1782
2018-04-03 04:00,1761
2018-04-03 04:05,1745
2018-04-03 04:10,1734
2018-04-03 04:15,1713
2018-04-03 04:20,1693
2018-04-03 04:25,1689
2018-04-03 04:30,1680
2018-04-03 04:35,1673
2018-04-03 04:40,1658
2018-04-03 04:45,1646
2018-04-03 04:50,1638
2018-04-03 04:55,1621
2018-04-03 05:00,1593
2018-04-03 05:05,1567
2018-04-03 05:10,1586
2018-04-03 05:15,1572
2018-04-03 05:20,1561
2018-04-03 05:25,1557
2018-04-03 05:30,1564
2018-04-03 05:35,1555
2018-04-03 05:40,1544
2018-04-03 05:45,1525
2018-04-03 05:50,1528
2018-04-03 05:55,1516
2018-04-03 06:00,1515
2018-04-03 06:05,1522
2018-04-03 06:10,1515
2018-04-03 06:15,1531
2018-04-03 06:20,1513
2018-04-03 06:25,1518
2018-04-03 06:30,1519
2018-04-03 06:35,1522
2018-04-03 06:40,1508
2018-04-03 06:45,1515
2018-04-03 06:50,1518
2018-04-03 06:55,1516
2018-04-03 07:00,1523
2018-04-03 07:05,1534
2018-04-03 07:10,1548
2018-04-03 07:15,1547
2018-04-03 07:20,1543
2018-04-03 07:25,1552
2018-04-03 07:30,1579
2018-04-03 07:35,1572
2018-04-03 07:40,1592
2018-04-03 07:45,1609
2018-04-03 07:50,1612
2018-04-03 07:55,1625
2018-04-03 08:00,1613
2018-04-03 08:05,1615
2018-04-03 08:10,1633
2018-04-03 08:15,1647
2018-04-03 08:20,1650
2018-04-03 08:25,1690
2018-04-03 08:30,1714
2018-04-03 08:35,1727
2018-04-03 08:40,1735
2018-04-03 08:45,1757
2018-04-03 08:50,1768
2018-04-03 08:55,1784
2018-04-03 09:00,1793
2018-04-03 09:05,1782
2018-04-03 09:10,1788
2018-04-03 09:15,1802
2018-04-03 09:20,1795
2018-04-03 09:25,1813
2018-04-03 09:30,1824
2018-04-03 09:35,1842
2018-04-03 09:40,1871
2018-04-03 09:45,1910
2018-04-03 09:50,1922
2018-04-03 09:55,1938
2018-04-03 10:00,1953
2018-04-03 10:05,1958
2018-04-03 10:10,1989
2018-04-03 10:15,2027
2018-04-03 10:20,2047
2018-04-03 10:25,2064
2018-04-03 10:30,2110
2018-04-03 10:35,2109
2018-04-03 10:40,2144
2018-04-03 10:45,2185
2018-04-03 10:50,2173
2018-04-03 10:55,2203
2018-04-03 11:00,2239
2018-04-03 11:05,2259
2018-04-03 11:10,2247
2018-04-03 11:15,2250
2018-04-03 11:20,2282
2018-04-03 11:25,2293
2018-04-03 11:30,2298
2018-04-03 11:35,2313
2018-04-03 11:40,2326
2018-04-03 11:45,2330
2018-04-03 11:50,2333
2018-04-03 11:55,2355
2018-04-03 12:00,2370
2018-04-03 12:05,2378
2018-04-03 12:10,2399
2018-04-03 12:15,2403
2018-04-03 12:20,2393
2018-04-03 12:25,2406
2018-04-03 12:30,2397
2018-04-03 12:35,2394
2018-04-03 12:40,2435
2018-04-03 12:45,2448
2018-04-03 12:50,2470
2018-04-03 12:55,2491
2018-04-03 13:00,2512
2018-04-03 13:05,2529
2018-04-03 13:10,2527
2018-04-03 13:15,2543
2018-04-03 13:20,2542
2018-04-03 13:25,2552
2018-04-03 13:30,2599
2018-04-03 13:35,2600
2018-04-03 13:40,2601
2018-04-03 13:45,2613
2018-04-03 13:50,2649
2018-04-03 13:55,2661
2018-04-03 14:00,2673
2018-04-03 14:05,2691
2018-04-03 14:10,2691
2018-04-03 14:15,2681
2018-04-03 14:20,2677
2018-04-03 14:25,2674
2018-04-03 14:30,2702
2018-04-03 14:35,2715
2018-04-03 14:40,2740
2018-04-03 14:45,2761
2018-04-03 14:50,2776
2018-04-03 14:55,2815
2018-04-03 15:00,2839
2018-04-03 15:05,2874
2018-04-03 15:10,2881
2018-04-03 15:15,2881
2018-04-03 15:20,2901
2018-04-03 15:25,2932
2018-04-03 15:30,2939
2018-04-03 15:35,2973
2018-04-03 15:40,3011
2018-04-03 15:45,3026
2018-04-03 15:50,3071
2018-04-03 15:55,3081
2018-04-03 16:00,3104
2018-04-03 16:05,3142
2018-04-03 16:10,3159
2018-04-03 16:15,3196
2018-04-03 16:20,3204
2018-04-03 16:25,3228
2018-04-03 16:30,3257
2018-04-03 16:35,3289
2018-04-03 16:40,3286
2018-04-03 16:45,3260
2018-04-03 16:50,3298
2018-04-03 16:55,3292
2018-04-03 17:00,3299
2018-04-03 17:05,3313
2018-04-03 17:10,3336
2018-04-03 17:15,3357
2018-04-03 17:20,3392
2018-04-03 17:25,3393
2018-04-03 17:30,3347
2018-04-03 17:35,3344
2018-04-03 17:40,3345
2018-04-03 17:45,3340
2018-04-03 17:50,3341
2018-04-03 17:55,3350
2018-04-03 18:00,3369
2018-04-03 18:05,3403
2018-04-03 18:10,3383
2018-04-03 18:15,3407
2018-04-03 18:20,3437
2018-04-03 18:25,3464
2018-04-03 18:30,3454
2018-04-03 18:35,3466
2018-04-03 18:40,3480
2018-04-03 18:45,3461
2018-04-03 18:50,3438
2018-04-03 18:55,3465
2018-04-03 19:00,3453
2018-04-03 19:05,3449
2018-04-03 19:10,3436
2018-04-03 19:15,3434
2018-04-03 19:20,3441
2018-04-03 19:25,3436
2018-04-03 19:30,3454
2018-04-03 19:35,3437
2018-04-03 19:40,3446
2018-04-03 19:45,3439
2018-04-03 19:50,3432
2018-04-03 19:55,3412
2018-04-03 20:00,3375
2018-04-03 20:05,3362
2018-04-03 20:10,3330
2018-04-03 20:15,3332
2018-04-03 20:20,3301
2018-04-03 20:25,3251
2018-04-03 20:30,3235
2018-04-03 20:35,3208
2018-04-03 20:40,3233
2018-04-03 20:45,3221
2018-04-03 20:50,3159
2018-04-03 20:55,3125
2018-04-03 21:00,3103
2018-04-03 21:05,3078
2018-04-03 21:10,3050
2018-04-03 21:15,3050
2018-04-03 21:20,0
2018-04-03 21:25,2974
2018-04-03 21:30,2921
2018-04-03 21:35,2909
2018-04-03 21:40,2892
2018-04-03 21:45,2858
2018-04-03 21:50,2811
2018-04-03 21:55,2777
2018-04-03 22:00,2745
2018-04-03 22:05,2678
2018-04-03 22:10,2682
2018-04-03 22:15,2664
2018-04-03 22:20,2616
2018-04-03 22:25,2612
2018-04-03 22:30,2588
2018-04-03 22:35,2574
2018-04-03 22:40,2545
2018-04-03 22:45,2521
2018-04-03 22:50,2498
2018-04-03 22:55,2504
2018-04-03 23:00,2491
2018-04-03 23:05,2490
2018-04-03 23:10,2451
2018-04-03 23:15,0
2018-04-03 23:20,1066
2018-04-03 23:25,2077
2018-04-03 23:30,2384
2018-04-03 23:35,2364
2018-04-03 23:40,2329
2018-04-03 23:45,2302
2018-04-03 23:50,2281
2018-04-03 23:55,2261
2018-04-04 00:00,2230
2018-04-04 00:05,2232
2018-04-04 00:10,2244
2018-04-04 00:15,2241
2018-04-04 00:20,2233
2018-04-04 00:25,2212
2018-04-04 00:30,2210
2018-04-04 00:35,2218
2018-04-04 00:40,2212
2018-04-04 00:45,2213
2018-04-04 00:50,2194
2018-04-04 00:55,2182
2018-04-04 01:00,2160
2018-04-04 01:05,2133
2018-04-04 01:10,2116
2018-04-04 01:15,2111
2018-04-04 01:20,2120
2018-04-04 01:25,2123
2018-04-04 01:30,2100
2018-04-04 01:35,2091
2018-04-04 01:40,2075
2018-04-04 01:45,2066
2018-04-04 01:50,2029
2018-04-04 01:55,2016
2018-04-04 02:00,2001
2018-04-04 02:05,1982
2018-04-04 02:10,1974
2018-04-04 02:15,1950
2018-04-04 02:20,1928
2018-04-04 02:25,1909
2018-04-04 02:30,1895
2018-04-04 02:35,1854
2018-04-04 02:40,1836
2018-04-04 02:45,1816
2018-04-04 02:50,1783
2018-04-04 02:55,1769
2018-04-04 03:00,1758
2018-04-04 03:05,1745
2018-04-04 03:10,1721
2018-04-04 03:15,1720
2018-04-04 03:20,1703
2018-04-04 03:25,1698
2018-04-04 03:30,1678
2018-04-04 03:35,1645
2018-04-04 03:40,1658
2018-04-04 03:45,1649
2018-04-04 03:50,1644
2018-04-04 03:55,1625
2018-04-04 04:00,1611
2018-04-04 04:05,1585
2018-04-04 04:10,1572
2018-04-04 04:15,1569
2018-04-04 04:20,1559
2018-04-04 04:25,1546
2018-04-04 04:30,1530
2018-04-04 04:35,1503
2018-04-04 04:40,1508
2018-04-04 04:45,1505
2018-04-04 04:50,1487
2018-04-04 04:55,1476
2018-04-04 05:00,1482
2018-04-04 05:05,1480
2018-04-04 05:10,1468
2018-04-04 05:15,1458
2018-04-04 05:20,1453
2018-04-04 05:25,1462
2018-04-04 05:30,1470
2018-04-04 05:35,1478
2018-04-04 05:40,1460
2018-04-04 05:45,1441
2018-04-04 05:50,1433
2018-04-04 05:55,1436
2018-04-04 06:00,1425
2018-04-04 06:05,1441
2018-04-04 06:10,1426
2018-04-04 06:15,1424
2018-04-04 06:20,1399
2018-04-04 06:25,1406
2018-04-04 06:30,1424
2018-04-04 06:35,1433
2018-04-04 06:40,1441
2018-04-04 06:45,1447
2018-04-04 06:50,1455
2018-04-04 06:55,1442
2018-04-04 07:00,1447
2018-04-04 07:05,1462
2018-04-04 07:10,1460
2018-04-04 07:15,1458
2018-04-04 07:20,1461
2018-04-04 07:25,1458
2018-04-04 07:30,1462
2018-04-04 07:35,1449
2018-04-04 07:40,1446
2018-04-04 07:45,1446
2018-04-04 07:50,1463
2018-04-04 07:55,1492
2018-04-04 08:00,1501
2018-04-04 08:05,1520
2018-04-04 08:10,1543
2018-04-04 08:15,1541
2018-04-04 08:20,1554
2018-04-04 08:25,1559
2018-04-04 08:30,1576
2018-04-04 08:35,1584
2018-04-04 08:40,1574
2018-04-04 08:45,1567
2018-04-04 08:50,1593
2018-04-04 08:55,1607
2018-04-04 09:00,1646
2018-04-04 09:05,1642
2018-04-04 09:10,1665
2018-04-04 09:15,1681
2018-04-04 09:20,1685
2018-04-04 09:25,1696
2018-04-04 09:30,1693
2018-04-04 09:35,1712
2018-04-04 09:40,1714
2018-04-04 09:45,1725
2018-04-04 09:50,1757
2018-04-04 09:55,1777
2018-04-04 10:00,1796
2018-04-04 10:05,1805
2018-04-04 10:10,1836
2018-04-04 10:15,1860
2018-04-04 10:20,1879
2018-04-04 10:25,1905
2018-04-04 10:30,1931
2018-04-04 10:35,1950
2018-04-04 10:40,1932
2018-04-04 10:45,1933
2018-04-04 10:50,1964
2018-04-04 10:55,1955
2018-04-04 11:00,1961
2018-04-04 11:05,1974
2018-04-04 11:10,1973
2018-04-04 11:15,1974
2018-04-04 11:20,2017
2018-04-04 11:25,2057
2018-04-04 11:30,2083
2018-04-04 11:35,2078
2018-04-04 11:40,2096
2018-04-04 11:45,2100
2018-04-04 11:50,2116
2018-04-04 11:55,2172
2018-04-04 12:00,2206
2018-04-04 12:05,2182
2018-04-04 12:10,2243
2018-04-04 12:15,2237
2018-04-04 12:20,2238
2018-04-04 12:25,2257
2018-04-04 12:30,2267
2018-04-04 12:35,2266
2018-04-04 12:40,2277
2018-04-04 12:45,2301
2018-04-04 12:50,2317
2018-04-04 12:55,2331
2018-04-04 13:00,2352
2018-04-04 13:05,2393
2018-04-04 13:10,2409
2018-04-04 13:15,2433
2018-04-04 13:20,2457
2018-04-04 13:25,2466
2018-04-04 13:30,2479
2018-04-04 13:35,2481
2018-04-04 13:40,2499
2018-04-04 13:45,2508
2018-04-04 13:50,2538
2018-04-04 13:55,2559
2018-04-04 14:00,2574
2018-04-04 14:05,2576
2018-04-04 14:10,2585
2018-04-04 14:15,2596
2018-04-04 14:20,2626
2018-04-04 14:25,2643
2018-04-04 14:30,2652
2018-04-04 14:35,2665
2018-04-04 14:40,2675
2018-04-04 14:45,2694
2018-04-04 14:50,2681
2018-04-04 14:55,2705
2018-04-04 15:00,2705
2018-04-04 15:05,2717
2018-04-04 15:10,2740
2018-04-04 15:15,2776
2018-04-04 15:20,2802
2018-04-04 15:25,2823
2018-04-04 15:30,2882
2018-04-04 15:35,2896
2018-04-04 15:40,2905
2018-04-04 15:45,2919
2018-04-04 15:50,2943
2018-04-04 15:55,2980
2018-04-04 16:00,3035
2018-04-04 16:05,3052
2018-04-04 16:10,3096
2018-04-04 16:15,3109
2018-04-04 16:20,3128
2018-04-04 16:25,3184
2018-04-04 16:30,3194
2018-04-04 16:35,3214
2018-04-04 16:40,3218
2018-04-04 16:45,3222
2018-04-04 16:50,3201
2018-04-04 16:55,3207
2018-04-04 17:00,3248
2018-04-04 17:05,3267
2018-04-04 17:10,3309
2018-04-04 17:15,3317
2018-04-04 17:20,3350
2018-04-04 17:25,3338
2018-04-04 17:30,3348
2018-04-04 17:35,3363
2018-04-04 17:40,3387
2018-04-04 17:45,3387
2018-04-04 17:50,3391
2018-04-04 17:55,3401
2018-04-04 18:00,3391
2018-04-04 18:05,3392
2018-04-04 18:10,3418
2018-04-04 18:15,3412
2018-04-04 18:20,3380
2018-04-04 18:25,3369
2018-04-04 18:30,3381
2018-04-04 18:35,3388
2018-04-04 18:40,3404
2018-04-04 18:45,3217
2018-04-04 18:50,3161
2018-04-04 18:55,3237
2018-04-04 19:00,3196
2018-04-04 19:05,3415
2018-04-04 19:10,3425
2018-04-04 19:15,3414
2018-04-04 19:20,3384
2018-04-04 19:25,3388
2018-04-04 19:30,3365
2018-04-04 19:35,3374
2018-04-04 19:40,3360
2018-04-04 19:45,3361
2018-04-04 19:50,3343
2018-04-04 19:55,3349
2018-04-04 20:00,3322
2018-04-04 20:05,3333
2018-04-04 20:10,3301
2018-04-04 20:15,3307
2018-04-04 20:20,3266
2018-04-04 20:25,3225
2018-04-04 20:30,3222
2018-04-04 20:35,3200
2018-04-04 20:40,3209
2018-04-04 20:45,3193
2018-04-04 20:50,3188
2018-04-04 20:55,3150
2018-04-04 21:00,3127
2018-04-04 21:05,3083
2018-04-04 21:10,3076
2018-04-04 21:15,3038
2018-04-04 21:20,3023
2018-04-04 21:25,2984
2018-04-04 21:30,2939
2018-04-04 21:35,2958
2018-04-04 21:40,2955
2018-04-04 21:45,2914
2018-04-04 21:50,2896
2018-04-04 21:55,2883
2018-04-04 22:00,2869
2018-04-04 22:05,2842
2018-04-04 22:10,2790
2018-04-04 22:15,2746
2018-04-04 22:20,2710
2018-04-04 22:25,2712
2018-04-04 22:30,2693
2018-04-04 22:35,2634
2018-04-04 22:40,2616
2018-04-04 22:45,2601
2018-04-04 22:50,2572
2018-04-04 22:55,2541
2018-04-04 23:00,2539
2018-04-04 23:05,2539
2018-04-04 23:10,2450
2018-04-04 23:15,2454
2018-04-04 23:20,2437
2018-04-04 23:25,2422
2018-04-04 23:30,2416
2018-04-04 23:35,2398
2018-04-04 23:40,2391
2018-04-04 23:45,2373
2018-04-04 23:50,2353
2018-04-04 23:55,2337
2018-04-05 00:00,2336
2018-04-05 00:05,2302
2018-04-05 00:10,2295
2018-04-05 00:15,2274
2018-04-05 00:20,2266
2018-04-05 00:25,2256
2018-04-05 00:30,2248
2018-04-05 00:35,2235
2018-04-05 00:40,2240
2018-04-05 00:45,2214
2018-04-05 00:50,2171
2018-04-05 00:55,2152
2018-04-05 01:00,2122
2018-04-05 01:05,2114
2018-04-05 01:10,2099
2018-04-05 01:15,2090
2018-04-05 01:20,2088
2018-04-05 01:25,2072
2018-04-05 01:30,2079
2018-04-05 01:35,2073
2018-04-05 01:40,2069
2018-04-05 01:45,2067
2018-04-05 01:50,2054
2018-04-05 01:55,2041
2018-04-05 02:00,2037
2018-04-05 02:05,2047
2018-04-05 02:10,2033
2018-04-05 02:15,2021
2018-04-05 02:20,2018
2018-04-05 02:25,1993
2018-04-05 02:30,2004
2018-04-05 02:35,1999
2018-04-05 02:40,1959
2018-04-05 02:45,1947
2018-04-05 02:50,1938
2018-04-05 02:55,1914
2018-04-05 03:00,1892
2018-04-05 03:05,1869
2018-04-05 03:10,1866
2018-04-05 03:15,1866
2018-04-05 03:20,1856
2018-04-05 03:25,1840
2018-04-05 03:30,1816
2018-04-05 03:35,1790
2018-04-05 03:40,1780
2018-04-05 03:45,1754
2018-04-05 03:50,1731
2018-04-05 03:55,1712
2018-04-05 04:00,1691
2018-04-05 04:05,1661
2018-04-05 04:10,1651
2018-04-05 04:15,1638
2018-04-05 04:20,1625
2018-04-05 04:25,1616
2018-04-05 04:30,1596
2018-04-05 04:35,1596
2018-04-05 04:40,1593
2018-04-05 04:45,1573
2018-04-05 04:50,1567
2018-04-05 04:55,1556
2018-04-05 05:00,1530
2018-04-05 05:05,1509
2018-04-05 05:10,1517
2018-04-05 05:15,1522
2018-04-05 05:20,1532
2018-04-05 05:25,1530
2018-04-05 05:30,1501
2018-04-05 05:35,1511
2018-04-05 05:40,1530
2018-04-05 05:45,1538
2018-04-05 05:50,1542
2018-04-05 05:55,1542
2018-04-05 06:00,1534
2018-04-05 06:05,1542
2018-04-05 06:10,1531
2018-04-05 06:15,1522
2018-04-05 06:20,1528
2018-04-05 06:25,1530
2018-04-05 06:30,1533
2018-04-05 06:35,1535
2018-04-05 06:40,1536
2018-04-05 06:45,1550
2018-04-05 06:50,1562
2018-04-05 06:55,1594
2018-04-05 07:00,1577
2018-04-05 07:05,1574
2018-04-05 07:10,1586
2018-04-05 07:15,1567
2018-04-05 07:20,1576
2018-04-05 07:25,1573
2018-04-05 07:30,1581
2018-04-05 07:35,1581
2018-04-05 07:40,1565
2018-04-05 07:45,1564
2018-04-05 07:50,1570
2018-04-05 07:55,1579
2018-04-05 08:00,1595
2018-04-05 08:05,1612
2018-04-05 08:10,1617
2018-04-05 08:15,1633
2018-04-05 08:20,1660
2018-04-05 08:25,1673
2018-04-05 08:30,1664
2018-04-05 08:35,1674
2018-04-05 08:40,1679
2018-04-05 08:45,1702
2018-04-05 08:50,1708
2018-04-05 08:55,1720
2018-04-05 09:00,1726
2018-04-05 09:05,1746
2018-04-05 09:10,1761
2018-04-05 09:15,1769
2018-04-05 09:20,1775
2018-04-05 09:25,1795
2018-04-05 09:30,1793
2018-04-05 09:35,1793
2018-04-05 09:40,1812
2018-04-05 09:45,1828
2018-04-05 09:50,1839
2018-04-05 09:55,1858
2018-04-05 10:00,1883
2018-04-05 10:05,1934
2018-04-05 10:10,1944
2018-04-05 10:15,1958
2018-04-05 10:20,1988
2018-04-05 10:25,1994
2018-04-05 10:30,2001
2018-04-05 10:35,2012
2018-04-05 10:40,2036
2018-04-05 10:45,2035
2018-04-05 10:50,2061
2018-04-05 10:55,2061
2018-04-05 11:00,2059
2018-04-05 11:05,2058
2018-04-05 11:10,2075
2018-04-05 11:15,2091
2018-04-05 11:20,2122
2018-04-05 11:25,2113
2018-04-05 11:30,2136
2018-04-05 11:35,2156
2018-04-05 11:40,2176
2018-04-05 11:45,2208
2018-04-05 11:50,2195
2018-04-05 11:55,2213
2018-04-05 12:00,2231
2018-04-05 12:05,2259
2018-04-05 12:10,2277
2018-04-05 12:15,2291
2018-04-05 12:20,2290
2018-04-05 12:25,2326
2018-04-05 12:30,2320
2018-04-05 12:35,2343
2018-04-05 12:40,2332
2018-04-05 12:45,2320
2018-04-05 12:50,2341
2018-04-05 12:55,2361
2018-04-05 13:00,2364
2018-04-05 13:05,2371
2018-04-05 13:10,2399
2018-04-05 13:15,2416
2018-04-05 13:20,2427
2018-04-05 13:25,2438
2018-04-05 13:30,2457
2018-04-05 13:35,2442
2018-04-05 13:40,2426
2018-04-05 13:45,2407
2018-04-05 13:50,2369
2018-04-05 13:55,2272
2018-04-05 14:00,2029
2018-04-05 14:05,1515
2018-04-05 14:10,1482
2018-04-05 14:15,1498
2018-04-05 14:20,1476
2018-04-05 14:25,1487
2018-04-05 14:30,1493
2018-04-05 14:35,1510
2018-04-05 14:40,1537
2018-04-05 14:45,1564
2018-04-05 14:50,1597
2018-04-05 14:55,1640
2018-04-05 15:00,1680
2018-04-05 15:05,1731
2018-04-05 15:10,1755
2018-04-05 15:15,1788
2018-04-05 15:20,1774
2018-04-05 15:25,1796
2018-04-05 15:30,1850
2018-04-05 15:35,1865
2018-04-05 15:40,1873
2018-04-05 15:45,1911
2018-04-05 15:50,1943
2018-04-05 15:55,1990
2018-04-05 16:00,2109
2018-04-05 16:05,2350
2018-04-05 16:10,2535
2018-04-05 16:15,2686
2018-04-05 16:20,2785
2018-04-05 16:25,2885
2018-04-05 16:30,2997
2018-04-05 16:35,3077
2018-04-05 16:40,3142
2018-04-05 16:45,3189
2018-04-05 16:50,3255
2018-04-05 16:55,3322
2018-04-05 17:00,3353
2018-04-05 17:05,3381
2018-04-05 17:10,3423
2018-04-05 17:15,3463
2018-04-05 17:20,3482
2018-04-05 17:25,3536
2018-04-05 17:30,3593
2018-04-05 17:35,3620
2018-04-05 17:40,3660
2018-04-05 17:45,3669
2018-04-05 17:50,3672
2018-04-05 17:55,3683
2018-04-05 18:00,3684
2018-04-05 18:05,3717
2018-04-05 18:10,3712
2018-04-05 18:15,3691
2018-04-05 18:20,3689
2018-04-05 18:25,3706
2018-04-05 18:30,3715
2018-04-05 18:35,3742
2018-04-05 18:40,3740
2018-04-05 18:45,3748
2018-04-05 18:50,3721
2018-04-05 18:55,3711
2018-04-05 19:00,3698
2018-04-05 19:05,3700
2018-04-05 19:10,3685
2018-04-05 19:15,3658
2018-04-05 19:20,3663
2018-04-05 19:25,3640
2018-04-05 19:30,3612
2018-04-05 19:35,3603
2018-04-05 19:40,3605
2018-04-05 19:45,3566
2018-04-05 19:50,3545
2018-04-05 19:55,3530
2018-04-05 20:00,3520
2018-04-05 20:05,3491
2018-04-05 20:10,3455
2018-04-05 20:15,3455
2018-04-05 20:20,3403
2018-04-05 20:25,3364
2018-04-05 20:30,3341
2018-04-05 20:35,3311
2018-04-05 20:40,3313
2018-04-05 20:45,3283
2018-04-05 20:50,3263
2018-04-05 20:55,3218
2018-04-05 21:00,3174
2018-04-05 21:05,3140
2018-04-05 21:10,3116
2018-04-05 21:15,3085
2018-04-05 21:20,3025
2018-04-05 21:25,2966
2018-04-05 21:30,2921
2018-04-05 21:35,2868
2018-04-05 21:40,2838
2018-04-05 21:45,2809
2018-04-05 21:50,2771
2018-04-05 21:55,2761
2018-04-05 22:00,2717
2018-04-05 22:05,2671
2018-04-05 22:10,2654
2018-04-05 22:15,2618
2018-04-05 22:20,2575
2018-04-05 22:25,2560
2018-04-05 22:30,2568
2018-04-05 22:35,2537
2018-04-05 22:40,2500
2018-04-05 22:45,2478
2018-04-05 22:50,2455
2018-04-05 22:55,2442
2018-04-05 23:00,2453
2018-04-05 23:05,2442
2018-04-05 23:10,2423
2018-04-05 23:15,2423
2018-04-05 23:20,2407
2018-04-05 23:25,2388
2018-04-05 23:30,2327
2018-04-05 23:35,2327
2018-04-05 23:40,2304
2018-04-05 23:45,2304
2018-04-05 23:50,2269
2018-04-05 23:55,2276
2018-04-06 00:00,2235
2018-04-06 00:05,2153
2018-04-06 00:10,2112
2018-04-06 00:15,2123
2018-04-06 00:20,2102
2018-04-06 00:25,2090
2018-04-06 00:30,2090
2018-04-06 00:35,2088
2018-04-06 00:40,2097
2018-04-06 00:45,2097
2018-04-06 00:50,2107
2018-04-06 00:55,2105
2018-04-06 01:00,2105
2018-04-06 01:05,2101
2018-04-06 01:10,2106
2018-04-06 01:15,2106
2018-04-06 01:20,2112
2018-04-06 01:25,2101
2018-04-06 01:30,2101
2018-04-06 01:35,2087
2018-04-06 01:40,2079
2018-04-06 01:45,2077
2018-04-06 01:50,2079
2018-04-06 01:55,2063
2018-04-06 02:00,2063
2018-04-06 02:05,2042
2018-04-06 02:10,2004
2018-04-06 02:15,2004
2018-04-06 02:20,2001
2018-04-06 02:25,2010
2018-04-06 02:30,2003
2018-04-06 02:35,1964
2018-04-06 02:40,1943
2018-04-06 02:45,1943
2018-04-06 02:50,1901
2018-04-06 02:55,1872
2018-04-06 03:00,1872
2018-04-06 03:05,1828
2018-04-06 03:10,1832
2018-04-06 03:15,1832
2018-04-06 03:20,1798
2018-04-06 03:25,1785
2018-04-06 03:30,1785
2018-04-06 03:35,1735
2018-04-06 03:40,1713
2018-04-06 03:45,1713
2018-04-06 03:50,1712
2018-04-06 03:55,1693
2018-04-06 04:00,1693
2018-04-06 04:05,1676
2018-04-06 04:10,1639
2018-04-06 04:15,1645
2018-04-06 04:20,1645
2018-04-06 04:25,1654
2018-04-06 04:30,1648
2018-04-06 04:35,1645
2018-04-06 04:40,1639
2018-04-06 04:45,1634
2018-04-06 04:50,1623
2018-04-06 04:55,1596
2018-04-06 05:00,1598
2018-04-06 05:05,1589
2018-04-06 05:10,1580
2018-04-06 05:15,1562
2018-04-06 05:20,1558
2018-04-06 05:25,1566
2018-04-06 05:30,1553
2018-04-06 05:35,1535
2018-04-06 05:40,1552
2018-04-06 05:45,1544
2018-04-06 05:50,1541
2018-04-06 05:55,1543
2018-04-06 06:00,1538
2018-04-06 06:05,1529
2018-04-06 06:10,1557
2018-04-06 06:15,1558
2018-04-06 06:20,1570
2018-04-06 06:25,1579
2018-04-06 06:30,1568
2018-04-06 06:35,1566
2018-04-06 06:40,1566
2018-04-06 06:45,1571
2018-04-06 06:50,1567
2018-04-06 06:55,1555
2018-04-06 07:00,1570
2018-04-06 07:05,1580
2018-04-06 07:10,1588
2018-04-06 07:15,1604
2018-04-06 07:20,1633
2018-04-06 07:25,1632
2018-04-06 07:30,1643
2018-04-06 07:35,1662
2018-04-06 07:40,1662
2018-04-06 07:45,1649
2018-04-06 07:50,1639
2018-04-06 07:55,1650
2018-04-06 08:00,1661
2018-04-06 08:05,1672
2018-04-06 08:10,1719
2018-04-06 08:15,1719
2018-04-06 08:20,1733
2018-04-06 08:25,1754
2018-04-06 08:30,1769
2018-04-06 08:35,1782
2018-04-06 08:40,1793
2018-04-06 08:45,1803
2018-04-06 08:50,1838
2018-04-06 08:55,1848
2018-04-06 09:00,1848
2018-04-06 09:05,1849
2018-04-06 09:10,1854
2018-04-06 09:15,1866
2018-04-06 09:20,1868
2018-04-06 09:25,1890
2018-04-06 09:30,1915
2018-04-06 09:35,1929
2018-04-06 09:40,1943
2018-04-06 09:45,1944
2018-04-06 09:50,1953
2018-04-06 09:55,1974
2018-04-06 10:00,1990
2018-04-06 10:05,2017
2018-04-06 10:10,2051
2018-04-06 10:15,2057
2018-04-06 10:20,2082
2018-04-06 10:25,2097
2018-04-06 10:30,2111
2018-04-06 10:35,2119
2018-04-06 10:40,2126
2018-04-06 10:45,2181
2018-04-06 10:50,2190
2018-04-06 10:55,2196
2018-04-06 11:00,2186
2018-04-06 11:05,2222
2018-04-06 11:10,2240
2018-04-06 11:15,2257
2018-04-06 11:20,2304
2018-04-06 11:25,2295
2018-04-06 11:30,2325
2018-04-06 11:35,2336
2018-04-06 11:40,2338
2018-04-06 11:45,2345
2018-04-06 11:50,2375
2018-04-06 11:55,2372
2018-04-06 12:00,2383
2018-04-06 12:05,2374
2018-04-06 12:10,2405
2018-04-06 12:15,2408
2018-04-06 12:20,2445
2018-04-06 12:25,2481
2018-04-06 12:30,2502
2018-04-06 12:35,2528
2018-04-06 12:40,2541
2018-04-06 12:45,2573
2018-04-06 12:50,2595
2018-04-06 12:55,2622
2018-04-06 13:00,2634
2018-04-06 13:05,2640
2018-04-06 13:10,2631
2018-04-06 13:15,2632
2018-04-06 13:20,2652
2018-04-06 13:25,2681
2018-04-06 13:30,2691
2018-04-06 13:35,2721
2018-04-06 13:40,2723
2018-04-06 13:45,2763
2018-04-06 13:50,2752
2018-04-06 13:55,2746
2018-04-06 14:00,2776
2018-04-06 14:05,2783
2018-04-06 14:10,2785
2018-04-06 14:15,2790
2018-04-06 14:20,2780
2018-04-06 14:25,2801
2018-04-06 14:30,2807
2018-04-06 14:35,2814
2018-04-06 14:40,2824
2018-04-06 14:45,2858
2018-04-06 14:50,2833
2018-04-06 14:55,2852
2018-04-06 15:00,2848
2018-04-06 15:05,2861
2018-04-06 15:10,2864
2018-04-06 15:15,2862
2018-04-06 15:20,2873
2018-04-06 15:25,2902
2018-04-06 15:30,2921
2018-04-06 15:35,2958
2018-04-06 15:40,2960
2018-04-06 15:45,2995
2018-04-06 15:50,3023
2018-04-06 15:55,3039
2018-04-06 16:00,3054
2018-04-06 16:05,3053
2018-04-06 16:10,3093
2018-04-06 16:15,3091
2018-04-06 16:20,3113
2018-04-06 16:25,3142
2018-04-06 16:30,3165
2018-04-06 16:35,3148
2018-04-06 16:40,3161
2018-04-06 16:45,3183
2018-04-06 16:50,3209
2018-04-06 16:55,3207
2018-04-06 17:00,3246
2018-04-06 17:05,3236
2018-04-06 17:10,3261
2018-04-06 17:15,3303
2018-04-06 17:20,3333
2018-04-06 17:25,3373
2018-04-06 17:30,3397
2018-04-06 17:35,3405
2018-04-06 17:40,3397
2018-04-06 17:45,3406
2018-04-06 17:50,3439
2018-04-06 17:55,3450
2018-04-06 18:00,3453
2018-04-06 18:05,3435
2018-04-06 18:10,3459
2018-04-06 18:15,3449
2018-04-06 18:20,3482
2018-04-06 18:25,3488
2018-04-06 18:30,3497
2018-04-06 18:35,3516
2018-04-06 18:40,3549
2018-04-06 18:45,3557
2018-04-06 18:50,3565
2018-04-06 18:55,3582
2018-04-06 19:00,3574
2018-04-06 19:05,3545
2018-04-06 19:10,3556
2018-04-06 19:15,3595
2018-04-06 19:20,3606
2018-04-06 19:25,3611
2018-04-06 19:30,3600
2018-04-06 19:35,3618
2018-04-06 19:40,3629
2018-04-06 19:45,3598
2018-04-06 19:50,3598
2018-04-06 19:55,3599
2018-04-06 20:00,3607
2018-04-06 20:05,3560
2018-04-06 20:10,3570
2018-04-06 20:15,3554
2018-04-06 20:20,3550
2018-04-06 20:25,3544
2018-04-06 20:30,3523
2018-04-06 20:35,3505
2018-04-06 20:40,3462
2018-04-06 20:45,3438
2018-04-06 20:50,3425
2018-04-06 20:55,3435
2018-04-06 21:00,3419
2018-04-06 21:05,3389
2018-04-06 21:10,3363
2018-04-06 21:15,3356
2018-04-06 21:20,3356
2018-04-06 21:25,3339
2018-04-06 21:30,3326
2018-04-06 21:35,3320
2018-04-06 21:40,3267
2018-04-06 21:45,3238
2018-04-06 21:50,3192
2018-04-06 21:55,3136
2018-04-06 22:00,3115
2018-04-06 22:05,3050
2018-04-06 22:10,3043
2018-04-06 22:15,2988
2018-04-06 22:20,2944
2018-04-06 22:25,2908
2018-04-06 22:30,2901
2018-04-06 22:35,2863
2018-04-06 22:40,2843
2018-04-06 22:45,2817
2018-04-06 22:50,2812
2018-04-06 22:55,2791
2018-04-06 23:00,2754
2018-04-06 23:05,2736
2018-04-06 23:10,2710
2018-04-06 23:15,2687
2018-04-06 23:20,2669
2018-04-06 23:25,2665
2018-04-06 23:30,2636
2018-04-06 23:35,2600
2018-04-06 23:40,2575
2018-04-06 23:45,2556
2018-04-06 23:50,2551
2018-04-06 23:55,2516
2018-04-07 00:00,2495
2018-04-07 00:05,2483
2018-04-07 00:10,2480
2018-04-07 00:15,2447
2018-04-07 00:20,2442
2018-04-07 00:25,2445
2018-04-07 00:30,2444
2018-04-07 00:35,2422
2018-04-07 00:40,2424
2018-04-07 00:45,2409
2018-04-07 00:50,2404
2018-04-07 00:55,2364
2018-04-07 01:00,2367
2018-04-07 01:05,2366
2018-04-07 01:10,2370
2018-04-07 01:15,2369
2018-04-07 01:20,2367
2018-04-07 01:25,2367
2018-04-07 01:30,2344
2018-04-07 01:35,2346
2018-04-07 01:40,2347
2018-04-07 01:45,2349
2018-04-07 01:50,2343
2018-04-07 01:55,2332
2018-04-07 02:00,2313
2018-04-07 02:05,2284
2018-04-07 02:10,2315
2018-04-07 02:15,2313
2018-04-07 02:20,2310
2018-04-07 02:25,2288
2018-04-07 02:30,2290
2018-04-07 02:35,2280
2018-04-07 02:40,2241
2018-04-07 02:45,2228
2018-04-07 02:50,2200
2018-04-07 02:55,2210
2018-04-07 03:00,2188
2018-04-07 03:05,2161
2018-04-07 03:10,2146
2018-04-07 03:15,2130
2018-04-07 03:20,2136
2018-04-07 03:25,2147
2018-04-07 03:30,2164
2018-04-07 03:35,2155
2018-04-07 03:40,2143
2018-04-07 03:45,2133
2018-04-07 03:50,2113
2018-04-07 03:55,2089
2018-04-07 04:00,2079
2018-04-07 04:05,2030
2018-04-07 04:10,2036
2018-04-07 04:15,2016
2018-04-07 04:20,2009
2018-04-07 04:25,1990
2018-04-07 04:30,1986
2018-04-07 04:35,1987
2018-04-07 04:40,1948
2018-04-07 04:45,1930
2018-04-07 04:50,1917
2018-04-07 04:55,1907
2018-04-07 05:00,1897
2018-04-07 05:05,1913
2018-04-07 05:10,1911
2018-04-07 05:15,1901
2018-04-07 05:20,1906
2018-04-07 05:25,1926
2018-04-07 05:30,1913
2018-04-07 05:35,1894
2018-04-07 05:40,1907
2018-04-07 05:45,1901
2018-04-07 05:50,1911
2018-04-07 05:55,1932
2018-04-07 06:00,1940
2018-04-07 06:05,1929
2018-04-07 06:10,1955
2018-04-07 06:15,1949
2018-04-07 06:20,1949
2018-04-07 06:25,1946
2018-04-07 06:30,1965
2018-04-07 06:35,1981
2018-04-07 06:40,2002
2018-04-07 06:45,1981
2018-04-07 06:50,1992
2018-04-07 06:55,1999
2018-04-07 07:00,1992
2018-04-07 07:05,1997
2018-04-07 07:10,2017
2018-04-07 07:15,2030
2018-04-07 07:20,2040
2018-04-07 07:25,2046
2018-04-07 07:30,2055
2018-04-07 07:35,2058
2018-04-07 07:40,2086
2018-04-07 07:45,2091
2018-04-07 07:50,2122
2018-04-07 07:55,2156
2018-04-07 08:00,2183
2018-04-07 08:05,2169
2018-04-07 08:10,2181
2018-04-07 08:15,2204
2018-04-07 08:20,2205
2018-04-07 08:25,2209
2018-04-07 08:30,2221
2018-04-07 08:35,2236
2018-04-07 08:40,2270
2018-04-07 08:45,2293
2018-04-07 08:50,2331
2018-04-07 08:55,2341
2018-04-07 09:00,2347
2018-04-07 09:05,2362
2018-04-07 09:10,2385
2018-04-07 09:15,2404
2018-04-07 09:20,2403
2018-04-07 09:25,2420
2018-04-07 09:30,2442
2018-04-07 09:35,2436
2018-04-07 09:40,2457
2018-04-07 09:45,2497
2018-04-07 09:50,2518
2018-04-07 09:55,2547
2018-04-07 10:00,2570
2018-04-07 10:05,2576
2018-04-07 10:10,2657
2018-04-07 10:15,2684
2018-04-07 10:20,2724
2018-04-07 10:25,2719
2018-04-07 10:30,2738
2018-04-07 10:35,2753
2018-04-07 10:40,2766
2018-04-07 10:45,2795
2018-04-07 10:50,2817
2018-04-07 10:55,2813
2018-04-07 11:00,2837
2018-04-07 11:05,2823
2018-04-07 11:10,2850
2018-04-07 11:15,2877
2018-04-07 11:20,2896
2018-04-07 11:25,2890
2018-04-07 11:30,2897
2018-04-07 11:35,2911
2018-04-07 11:40,2926
2018-04-07 11:45,2941
2018-04-07 11:50,2963
2018-04-07 11:55,2959
2018-04-07 12:00,2973
2018-04-07 12:05,2968
2018-04-07 12:10,3003
2018-04-07 12:15,3027
2018-04-07 12:20,3039
2018-04-07 12:25,3060
2018-04-07 12:30,3061
2018-04-07 12:35,3072
2018-04-07 12:40,3076
2018-04-07 12:45,3112
2018-04-07 12:50,3111
2018-04-07 12:55,3142
2018-04-07 13:00,3144
2018-04-07 13:05,3189
2018-04-07 13:10,3175
2018-04-07 13:15,3181
2018-04-07 13:20,3211
2018-04-07 13:25,3223
2018-04-07 13:30,3266
2018-04-07 13:35,3314
2018-04-07 13:40,3329
2018-04-07 13:45,3331
2018-04-07 13:50,3337
2018-04-07 13:55,3356
2018-04-07 14:00,3374
2018-04-07 14:05,3366
2018-04-07 14:10,3415
2018-04-07 14:15,3427
2018-04-07 14:20,3481
2018-04-07 14:25,3511
2018-04-07 14:30,3534
2018-04-07 14:35,3539
2018-04-07 14:40,3567
2018-04-07 14:45,3565
2018-04-07 14:50,3563
2018-04-07 14:55,3589
2018-04-07 15:00,3615
2018-04-07 15:05,3636
2018-04-07 15:10,3619
2018-04-07 15:15,3656
2018-04-07 15:20,3672
2018-04-07 15:25,3665
2018-04-07 15:30,0
2018-04-07 15:35,3713
2018-04-07 15:40,3730
2018-04-07 15:45,3729
2018-04-07 15:50,3796
2018-04-07 15:55,3783
2018-04-07 16:00,3766
2018-04-07 16:05,3776
2018-04-07 16:10,3797
2018-04-07 16:15,3805
2018-04-07 16:20,3800
2018-04-07 16:25,3810
2018-04-07 16:30,3816
2018-04-07 16:35,3816
2018-04-07 16:40,3791
2018-04-07 16:45,3804
2018-04-07 16:50,3799
2018-04-07 16:55,3782
2018-04-07 17:00,3795
2018-04-07 17:05,3790
2018-04-07 17:10,3811
2018-04-07 17:15,3794
2018-04-07 17:20,3771
2018-04-07 17:25,3785
2018-04-07 17:30,3822
2018-04-07 17:35,3841
2018-04-07 17:40,3873
2018-04-07 17:45,3912
2018-04-07 17:50,3909
2018-04-07 17:55,3925
2018-04-07 18:00,3920
2018-04-07 18:05,3923
2018-04-07 18:10,3955
2018-04-07 18:15,3942
2018-04-07 18:20,3932
2018-04-07 18:25,3939
2018-04-07 18:30,3954
2018-04-07 18:35,3982
2018-04-07 18:40,4001
2018-04-07 18:45,4048
2018-04-07 18:50,4052
2018-04-07 18:55,4055
2018-04-07 19:00,4036
2018-04-07 19:05,4066
2018-04-07 19:10,4054
2018-04-07 19:15,4058
2018-04-07 19:20,4074
2018-04-07 19:25,4083
2018-04-07 19:30,4116
2018-04-07 19:35,4109
2018-04-07 19:40,4118
2018-04-07 19:45,4116
2018-04-07 19:50,4088
2018-04-07 19:55,4097
2018-04-07 20:00,4083
2018-04-07 20:05,4069
2018-04-07 20:10,4074
2018-04-07 20:15,4049
2018-04-07 20:20,4043
2018-04-07 20:25,4036
2018-04-07 20:30,4027
2018-04-07 20:35,3993
2018-04-07 20:40,3979
2018-04-07 20:45,3988
2018-04-07 20:50,3967
2018-04-07 20:55,3935
2018-04-07 21:00,3931
2018-04-07 21:05,3874
2018-04-07 21:10,3848
2018-04-07 21:15,3842
2018-04-07 21:20,3823
2018-04-07 21:25,3804
2018-04-07 21:30,3772
2018-04-07 21:35,3722
2018-04-07 21:40,3702
2018-04-07 21:45,3653
2018-04-07 21:50,3632
2018-04-07 21:55,3612
2018-04-07 22:00,3545
2018-04-07 22:05,3527
2018-04-07 22:10,3511
2018-04-07 22:15,3508
2018-04-07 22:20,3470
2018-04-07 22:25,3436
2018-04-07 22:30,3385
2018-04-07 22:35,3354
2018-04-07 22:40,3306
2018-04-07 22:45,3258
2018-04-07 22:50,3233
2018-04-07 22:55,3220
2018-04-07 23:00,3202
2018-04-07 23:05,3146
2018-04-07 23:10,3119
2018-04-07 23:15,3104
2018-04-07 23:20,3051
2018-04-07 23:25,3018
2018-04-07 23:30,3000
2018-04-07 23:35,2986
2018-04-07 23:40,2955
2018-04-07 23:45,2906
2018-04-07 23:50,2876
2018-04-07 23:55,2855
2018-04-08 00:00,2836
2018-04-08 00:05,2794
2018-04-08 00:10,2775
2018-04-08 00:15,2754
2018-04-08 00:20,2712
2018-04-08 00:25,2718
2018-04-08 00:30,2698
2018-04-08 00:35,2665
2018-04-08 00:40,2655
2018-04-08 00:45,2631
2018-04-08 00:50,2617
2018-04-08 00:55,2613
2018-04-08 01:00,2573
2018-04-08 01:05,2548
2018-04-08 01:10,2557
2018-04-08 01:15,2524
2018-04-08 01:20,2534
2018-04-08 01:25,2534
2018-04-08 01:30,2519
2018-04-08 01:35,2514
2018-04-08 01:40,2488
2018-04-08 01:45,2483
2018-04-08 01:50,2475
2018-04-08 01:55,2456
2018-04-08 02:00,2438
2018-04-08 02:05,2439
2018-04-08 02:10,2428
2018-04-08 02:15,2418
2018-04-08 02:20,2431
2018-04-08 02:25,2413
2018-04-08 02:30,2394
2018-04-08 02:35,2382
2018-04-08 02:40,2389
2018-04-08 02:45,2388
2018-04-08 02:50,2385
2018-04-08 02:55,2379
2018-04-08 03:00,2348
2018-04-08 03:05,2334
2018-04-08 03:10,2323
2018-04-08 03:15,2323
2018-04-08 03:20,2310
2018-04-08 03:25,2298
2018-04-08 03:30,2267
2018-04-08 03:35,2252
2018-04-08 03:40,2233
2018-04-08 03:45,2223
2018-04-08 03:50,2206
2018-04-08 03:55,2210
2018-04-08 04:00,2194
2018-04-08 04:05,2193
2018-04-08 04:10,2200
2018-04-08 04:15,2199
2018-04-08 04:20,2193
2018-04-08 04:25,2180
2018-04-08 04:30,2188
2018-04-08 04:35,2192
2018-04-08 04:40,2187
2018-04-08 04:45,2178
2018-04-08 04:50,2163
2018-04-08 04:55,2149
2018-04-08 05:00,2133
2018-04-08 05:05,2114
2018-04-08 05:10,2130
2018-04-08 05:15,2134
2018-04-08 05:20,2130
2018-04-08 05:25,2140
2018-04-08 05:30,2146
2018-04-08 05:35,2146
2018-04-08 05:40,2141
2018-04-08 05:45,2136
2018-04-08 05:50,2127
2018-04-08 05:55,2129
2018-04-08 06:00,2120
2018-04-08 06:05,2124
2018-04-08 06:10,2108
2018-04-08 06:15,2123
2018-04-08 06:20,2150
2018-04-08 06:25,2169
2018-04-08 06:30,2166
2018-04-08 06:35,2156
2018-04-08 06:40,2159
2018-04-08 06:45,2176
2018-04-08 06:50,2201
2018-04-08 06:55,2199
2018-04-08 07:00,2209
2018-04-08 07:05,2211
2018-04-08 07:10,2223
2018-04-08 07:15,2251
2018-04-08 07:20,2254
2018-04-08 07:25,2279
2018-04-08 07:30,2296
2018-04-08 07:35,2343
2018-04-08 07:40,2343
2018-04-08 07:45,2365
2018-04-08 07:50,2383
2018-04-08 07:55,2396
2018-04-08 08:00,2426
2018-04-08 08:05,2465
2018-04-08 08:10,2501
2018-04-08 08:15,2530
2018-04-08 08:20,2519
2018-04-08 08:25,2533
2018-04-08 08:30,2572
2018-04-08 08:35,2604
2018-04-08 08:40,2626
2018-04-08 08:45,2658
2018-04-08 08:50,2687
2018-04-08 08:55,2712
2018-04-08 09:00,2722
2018-04-08 09:05,2751
2018-04-08 09:10,2758
2018-04-08 09:15,2777
2018-04-08 09:20,2767
2018-04-08 09:25,2781
2018-04-08 09:30,2812
2018-04-08 09:35,2805
2018-04-08 09:40,2806
2018-04-08 09:45,2830
2018-04-08 09:50,2850
2018-04-08 09:55,2852
2018-04-08 10:00,2885
2018-04-08 10:05,2929
2018-04-08 10:10,2944
2018-04-08 10:15,2958
2018-04-08 10:20,2975
2018-04-08 10:25,3021
2018-04-08 10:30,3040
2018-04-08 10:35,3038
2018-04-08 10:40,3037
2018-04-08 10:45,3064
2018-04-08 10:50,3077
2018-04-08 10:55,3087
2018-04-08 11:00,3125
2018-04-08 11:05,3106
2018-04-08 11:10,3122
2018-04-08 11:15,3145
2018-04-08 11:20,3171
2018-04-08 11:25,3206
2018-04-08 11:30,3236
2018-04-08 11:35,3220
2018-04-08 11:40,3245
2018-04-08 11:45,3278
2018-04-08 11:50,3290
2018-04-08 11:55,3330
2018-04-08 12:00,3331
2018-04-08 12:05,3374
2018-04-08 12:10,3395
2018-04-08 12:15,3398
2018-04-08 12:20,3400
2018-04-08 12:25,3409
2018-04-08 12:30,3415
2018-04-08 12:35,3410
2018-04-08 12:40,3419
2018-04-08 12:45,3435
2018-04-08 12:50,3436
2018-04-08 12:55,3456
2018-04-08 13:00,3445
2018-04-08 13:05,3457
2018-04-08 13:10,3470
2018-04-08 13:15,3486
2018-04-08 13:20,3469
2018-04-08 13:25,3494
2018-04-08 13:30,3506
2018-04-08 13:35,3524
2018-04-08 13:40,3558
2018-04-08 13:45,3581
2018-04-08 13:50,3583
2018-04-08 13:55,3588
2018-04-08 14:00,3621
2018-04-08 14:05,3621
2018-04-08 14:10,3640
2018-04-08 14:15,3679
2018-04-08 14:20,3694
2018-04-08 14:25,3694
2018-04-08 14:30,3730
2018-04-08 14:35,3786
2018-04-08 14:40,3828
2018-04-08 14:45,3857
2018-04-08 14:50,3849
2018-04-08 14:55,3864
2018-04-08 15:00,3887
2018-04-08 15:05,3910
2018-04-08 15:10,3923
2018-04-08 15:15,3948
2018-04-08 15:20,3960
2018-04-08 15:25,3965
2018-04-08 15:30,3982
2018-04-08 15:35,4027
2018-04-08 15:40,4015
2018-04-08 15:45,4049
2018-04-08 15:50,4061
2018-04-08 15:55,4096
2018-04-08 16:00,4094
2018-04-08 16:05,4131
2018-04-08 16:10,4154
2018-04-08 16:15,4182
2018-04-08 16:20,4157
2018-04-08 16:25,4196
2018-04-08 16:30,4194
2018-04-08 16:35,4174
2018-04-08 16:40,4188
2018-04-08 16:45,4201
2018-04-08 16:50,4203
2018-04-08 16:55,4219
2018-04-08 17:00,4188
2018-04-08 17:05,4214
2018-04-08 17:10,4223
2018-04-08 17:15,4254
2018-04-08 17:20,4272
2018-04-08 17:25,4307
2018-04-08 17:30,4304
2018-04-08 17:35,4284
2018-04-08 17:40,4310
2018-04-08 17:45,4286
2018-04-08 17:50,4324
2018-04-08 17:55,4296
2018-04-08 18:00,4299
2018-04-08 18:05,4300
2018-04-08 18:10,4308
2018-04-08 18:15,4309
2018-04-08 18:20,4289
2018-04-08 18:25,4280
2018-04-08 18:30,4300
2018-04-08 18:35,4267
2018-04-08 18:40,4278
2018-04-08 18:45,4295
2018-04-08 18:50,4288
2018-04-08 18:55,4257
2018-04-08 19:00,4247
2018-04-08 19:05,4222
2018-04-08 19:10,4193
2018-04-08 19:15,4190
2018-04-08 19:20,4209
2018-04-08 19:25,4225
2018-04-08 19:30,4252
2018-04-08 19:35,4246
2018-04-08 19:40,4254
2018-04-08 19:45,4264
2018-04-08 19:50,4279
2018-04-08 19:55,4252
2018-04-08 20:00,4204
2018-04-08 20:05,4146
2018-04-08 20:10,4111
2018-04-08 20:15,4093
2018-04-08 20:20,4040
2018-04-08 20:25,4020
2018-04-08 20:30,3968
2018-04-08 20:35,3941
2018-04-08 20:40,3919
2018-04-08 20:45,3896
2018-04-08 20:50,3870
2018-04-08 20:55,3821
2018-04-08 21:00,3783
2018-04-08 21:05,3732
2018-04-08 21:10,3692
2018-04-08 21:15,3639
2018-04-08 21:20,3584
2018-04-08 21:25,3549
2018-04-08 21:30,3516
2018-04-08 21:35,3484
2018-04-08 21:40,3427
2018-04-08 21:45,3405
2018-04-08 21:50,3355
2018-04-08 21:55,3305
2018-04-08 22:00,3258
2018-04-08 22:05,3197
2018-04-08 22:10,3181
2018-04-08 22:15,3129
2018-04-08 22:20,3102
2018-04-08 22:25,3047
2018-04-08 22:30,2985
2018-04-08 22:35,2944
2018-04-08 22:40,2902
2018-04-08 22:45,2856
2018-04-08 22:50,2852
2018-04-08 22:55,2828
2018-04-08 23:00,2807
2018-04-08 23:05,2771
2018-04-08 23:10,2729
2018-04-08 23:15,2704
2018-04-08 23:20,2693
2018-04-08 23:25,2673
2018-04-08 23:30,2657
2018-04-08 23:35,2655
2018-04-08 23:40,2645
2018-04-08 23:45,2642
2018-04-08 23:50,2636
2018-04-08 23:55,2618
2018-04-09 00:00,2584
2018-04-09 00:05,2570
2018-04-09 00:10,2569
2018-04-09 00:15,2558
2018-04-09 00:20,2539
2018-04-09 00:25,2532
2018-04-09 00:30,2502
2018-04-09 00:35,2474
2018-04-09 00:40,2502
2018-04-09 00:45,2483
2018-04-09 00:50,2471
2018-04-09 00:55,2449
2018-04-09 01:00,2449
2018-04-09 01:05,2448
2018-04-09 01:10,2420
2018-04-09 01:15,2381
2018-04-09 01:20,2365
2018-04-09 01:25,2362
2018-04-09 01:30,2343
2018-04-09 01:35,2331
2018-04-09 01:40,2311
2018-04-09 01:45,2314
2018-04-09 01:50,2329
2018-04-09 01:55,2315
2018-04-09 02:00,2311
2018-04-09 02:05,2312
2018-04-09 02:10,2294
2018-04-09 02:15,2260
2018-04-09 02:20,2245
2018-04-09 02:25,2240
2018-04-09 02:30,2218
2018-04-09 02:35,2200
2018-04-09 02:40,2193
2018-04-09 02:45,2168
2018-04-09 02:50,2148
2018-04-09 02:55,2123
2018-04-09 03:00,2123
2018-04-09 03:05,2095
2018-04-09 03:10,2100
2018-04-09 03:15,2090
2018-04-09 03:20,2061
2018-04-09 03:25,2031
2018-04-09 03:30,2029
2018-04-09 03:35,1979
2018-04-09 03:40,1956
2018-04-09 03:45,1923
2018-04-09 03:50,1914
2018-04-09 03:55,1887
2018-04-09 04:00,1869
2018-04-09 04:05,1830
2018-04-09 04:10,1826
2018-04-09 04:15,1814
2018-04-09 04:20,1794
2018-04-09 04:25,1761
2018-04-09 04:30,1741
2018-04-09 04:35,1747
2018-04-09 04:40,1721
2018-04-09 04:45,1721
2018-04-09 04:50,1715
2018-04-09 04:55,1713
2018-04-09 05:00,1705
2018-04-09 05:05,1702
2018-04-09 05:10,1707
2018-04-09 05:15,1700
2018-04-09 05:20,1673
2018-04-09 05:25,1680
2018-04-09 05:30,1653
2018-04-09 05:35,1655
2018-04-09 05:40,1645
2018-04-09 05:45,1647
2018-04-09 05:50,1634
2018-04-09 05:55,1633
2018-04-09 06:00,1640
2018-04-09 06:05,1650
2018-04-09 06:10,1635
2018-04-09 06:15,1641
2018-04-09 06:20,1619
2018-04-09 06:25,1621
2018-04-09 06:30,1630
2018-04-09 06:35,1627
2018-04-09 06:40,1622
2018-04-09 06:45,1639
2018-04-09 06:50,1631
2018-04-09 06:55,1636
2018-04-09 07:00,1629
2018-04-09 07:05,1658
2018-04-09 07:10,1662
2018-04-09 07:15,1671
2018-04-09 07:20,1663
2018-04-09 07:25,1677
2018-04-09 07:30,1681
2018-04-09 07:35,1694
2018-04-09 07:40,1680
2018-04-09 07:45,1699
2018-04-09 07:50,1730
2018-04-09 07:55,1746
2018-04-09 08:00,1769
2018-04-09 08:05,1775
2018-04-09 08:10,1777
2018-04-09 08:15,1768
2018-04-09 08:20,1765
2018-04-09 08:25,1778
2018-04-09 08:30,1807
2018-04-09 08:35,1813
2018-04-09 08:40,1835
2018-04-09 08:45,1830
2018-04-09 08:50,1833
2018-04-09 08:55,1847
2018-04-09 09:00,1862
2018-04-09 09:05,1868
2018-04-09 09:10,1884
2018-04-09 09:15,1911
2018-04-09 09:20,1931
2018-04-09 09:25,1943
2018-04-09 09:30,1936
2018-04-09 09:35,1951
2018-04-09 09:40,1949
2018-04-09 09:45,1973
2018-04-09 09:50,1969
2018-04-09 09:55,2000
2018-04-09 10:00,2042
2018-04-09 10:05,2031
2018-04-09 10:10,2054
2018-04-09 10:15,2083
2018-04-09 10:20,2119
2018-04-09 10:25,2137
2018-04-09 10:30,2147
2018-04-09 10:35,2162
2018-04-09 10:40,2163
2018-04-09 10:45,2185
2018-04-09 10:50,2198
2018-04-09 10:55,2197
2018-04-09 11:00,2203
2018-04-09 11:05,2222
2018-04-09 11:10,2243
2018-04-09 11:15,2261
2018-04-09 11:20,2263
2018-04-09 11:25,2258
2018-04-09 11:30,2285
2018-04-09 11:35,2328
2018-04-09 11:40,2336
2018-04-09 11:45,2362
2018-04-09 11:50,2382
2018-04-09 11:55,2385
2018-04-09 12:00,2402
2018-04-09 12:05,2396
2018-04-09 12:10,2423
2018-04-09 12:15,2425
2018-04-09 12:20,2445
2018-04-09 12:25,2469
2018-04-09 12:30,2489
2018-04-09 12:35,2516
2018-04-09 12:40,2530
2018-04-09 12:45,2529
2018-04-09 12:50,2533
2018-04-09 12:55,2552
2018-04-09 13:00,2570
2018-04-09 13:05,2558
2018-04-09 13:10,2580
2018-04-09 13:15,2607
2018-04-09 13:20,2629
2018-04-09 13:25,2645
2018-04-09 13:30,2660
2018-04-09 13:35,2686
2018-04-09 13:40,2710
2018-04-09 13:45,2736
2018-04-09 13:50,2716
2018-04-09 13:55,2760
2018-04-09 14:00,2794
2018-04-09 14:05,2799
2018-04-09 14:10,2821
2018-04-09 14:15,2859
2018-04-09 14:20,2830
2018-04-09 14:25,2856
2018-04-09 14:30,2855
2018-04-09 14:35,2852
2018-04-09 14:40,2876
2018-04-09 14:45,2905
2018-04-09 14:50,2901
2018-04-09 14:55,2922
2018-04-09 15:00,2946
2018-04-09 15:05,2951
2018-04-09 15:10,2986
2018-04-09 15:15,2986
2018-04-09 15:20,3019
2018-04-09 15:25,3028
2018-04-09 15:30,3062
2018-04-09 15:35,3098
2018-04-09 15:40,3121
2018-04-09 15:45,3135
2018-04-09 15:50,3158
2018-04-09 15:55,3191
2018-04-09 16:00,3231
2018-04-09 16:05,3247
2018-04-09 16:10,3258
2018-04-09 16:15,3275
2018-04-09 16:20,3301
2018-04-09 16:25,3297
2018-04-09 16:30,3337
2018-04-09 16:35,3365
2018-04-09 16:40,3367
2018-04-09 16:45,3371
2018-04-09 16:50,3383
2018-04-09 16:55,3431
2018-04-09 17:00,3460
2018-04-09 17:05,3479
2018-04-09 17:10,3447
2018-04-09 17:15,3471
2018-04-09 17:20,3488
2018-04-09 17:25,3526
2018-04-09 17:30,3532
2018-04-09 17:35,3537
2018-04-09 17:40,3532
2018-04-09 17:45,3522
2018-04-09 17:50,3531
2018-04-09 17:55,3560
2018-04-09 18:00,3599
2018-04-09 18:05,3616
2018-04-09 18:10,3642
2018-04-09 18:15,3664
2018-04-09 18:20,3635
2018-04-09 18:25,3653
2018-04-09 18:30,3684
2018-04-09 18:35,3701
2018-04-09 18:40,3719
2018-04-09 18:45,3758
2018-04-09 18:50,3782
2018-04-09 18:55,3740
2018-04-09 19:00,3729
2018-04-09 19:05,3726
2018-04-09 19:10,3692
2018-04-09 19:15,3683
2018-04-09 19:20,3653
2018-04-09 19:25,3672
2018-04-09 19:30,3640
2018-04-09 19:35,3643
2018-04-09 19:40,3614
2018-04-09 19:45,3562
2018-04-09 19:50,3553
2018-04-09 19:55,3545
2018-04-09 20:00,3535
2018-04-09 20:05,3520
2018-04-09 20:10,3506
2018-04-09 20:15,3464
2018-04-09 20:20,3430
2018-04-09 20:25,3427
2018-04-09 20:30,3387
2018-04-09 20:35,3369
2018-04-09 20:40,3351
2018-04-09 20:45,3309
2018-04-09 20:50,3281
2018-04-09 20:55,3240
2018-04-09 21:00,3196
2018-04-09 21:05,3141
2018-04-09 21:10,3099
2018-04-09 21:15,3040
2018-04-09 21:20,3013
2018-04-09 21:25,3003
2018-04-09 21:30,2933
2018-04-09 21:35,2884
2018-04-09 21:40,2855
2018-04-09 21:45,2800
2018-04-09 21:50,2800
2018-04-09 21:55,2772
2018-04-09 22:00,2748
2018-04-09 22:05,2677
2018-04-09 22:10,2674
2018-04-09 22:15,2636
2018-04-09 22:20,2613
2018-04-09 22:25,2582
2018-04-09 22:30,2548
2018-04-09 22:35,2553
2018-04-09 22:40,2527
2018-04-09 22:45,2513
2018-04-09 22:50,2485
2018-04-09 22:55,2486
2018-04-09 23:00,2460
2018-04-09 23:05,2456
2018-04-09 23:10,2436
2018-04-09 23:15,2418
2018-04-09 23:20,2390
2018-04-09 23:25,2401
2018-04-09 23:30,2396
2018-04-09 23:35,2384
2018-04-09 23:40,2375
2018-04-09 23:45,2367
2018-04-09 23:50,2346
2018-04-09 23:55,2331
2018-04-10 00:00,2277
2018-04-10 00:05,2268
2018-04-10 00:10,2255
2018-04-10 00:15,2246
2018-04-10 00:20,2247
2018-04-10 00:25,2240
2018-04-10 00:30,2210
2018-04-10 00:35,2214
2018-04-10 00:40,2234
2018-04-10 00:45,2229
2018-04-10 00:50,2237
2018-04-10 00:55,2260
2018-04-10 01:00,2242
2018-04-10 01:05,2222
2018-04-10 01:10,2200
2018-04-10 01:15,2204
2018-04-10 01:20,2228
2018-04-10 01:25,2224
2018-04-10 01:30,2226
2018-04-10 01:35,2217
2018-04-10 01:40,2199
2018-04-10 01:45,2185
2018-04-10 01:50,2178
2018-04-10 01:55,2151
2018-04-10 02:00,2135
2018-04-10 02:05,2143
2018-04-10 02:10,2132
2018-04-10 02:15,2115
2018-04-10 02:20,2085
2018-04-10 02:25,2068
2018-04-10 02:30,2040
2018-04-10 02:35,2036
2018-04-10 02:40,2032
2018-04-10 02:45,2018
2018-04-10 02:50,2031
2018-04-10 02:55,2012
2018-04-10 03:00,2004
2018-04-10 03:05,1988
2018-04-10 03:10,1948
2018-04-10 03:15,1951
2018-04-10 03:20,1912
2018-04-10 03:25,1912
2018-04-10 03:30,1893
2018-04-10 03:35,1879
2018-04-10 03:40,1861
2018-04-10 03:45,1838
2018-04-10 03:50,1828
2018-04-10 03:55,1815
2018-04-10 04:00,1793
2018-04-10 04:05,1780
2018-04-10 04:10,1748
2018-04-10 04:15,1724
2018-04-10 04:20,1702
2018-04-10 04:25,1657
2018-04-10 04:30,1637
2018-04-10 04:35,1624
2018-04-10 04:40,1616
2018-04-10 04:45,1601
2018-04-10 04:50,1607
2018-04-10 04:55,1588
2018-04-10 05:00,1568
2018-04-10 05:05,1567
2018-04-10 05:10,1558
2018-04-10 05:15,1549
2018-04-10 05:20,1549
2018-04-10 05:25,1541
2018-04-10 05:30,1539
2018-04-10 05:35,1538
2018-04-10 05:40,1539
2018-04-10 05:45,1530
2018-04-10 05:50,1517
2018-04-10 05:55,1517
2018-04-10 06:00,1510
2018-04-10 06:05,1515
2018-04-10 06:10,1520
2018-04-10 06:15,1522
2018-04-10 06:20,1542
2018-04-10 06:25,1535
2018-04-10 06:30,1513
2018-04-10 06:35,1510
2018-04-10 06:40,1515
2018-04-10 06:45,1501
2018-04-10 06:50,1473
2018-04-10 06:55,1485
2018-04-10 07:00,1487
2018-04-10 07:05,1494
2018-04-10 07:10,1482
2018-04-10 07:15,1509
2018-04-10 07:20,1512
2018-04-10 07:25,1518
2018-04-10 07:30,1538
2018-04-10 07:35,1525
2018-04-10 07:40,1526
2018-04-10 07:45,1534
2018-04-10 07:50,1536
2018-04-10 07:55,1527
2018-04-10 08:00,1528
2018-04-10 08:05,1550
2018-04-10 08:10,1580
2018-04-10 08:15,1606
2018-04-10 08:20,1633
2018-04-10 08:25,1642
2018-04-10 08:30,1639
2018-04-10 08:35,1622
2018-04-10 08:40,1639
2018-04-10 08:45,1642
2018-04-10 08:50,1651
2018-04-10 08:55,1658
2018-04-10 09:00,1686
2018-04-10 09:05,1687
2018-04-10 09:10,1704
2018-04-10 09:15,1701
2018-04-10 09:20,1715
2018-04-10 09:25,1729
2018-04-10 09:30,1734
2018-04-10 09:35,1759
2018-04-10 09:40,1770
2018-04-10 09:45,1787
2018-04-10 09:50,1787
2018-04-10 09:55,1810
2018-04-10 10:00,1793
2018-04-10 10:05,1836
2018-04-10 10:10,1874
2018-04-10 10:15,1884
2018-04-10 10:20,1903
2018-04-10 10:25,1927
2018-04-10 10:30,1958
2018-04-10 10:35,1936
2018-04-10 10:40,1966
2018-04-10 10:45,1989
2018-04-10 10:50,1998
2018-04-10 10:55,2012
2018-04-10 11:00,2017
2018-04-10 11:05,2035
2018-04-10 11:10,2074
2018-04-10 11:15,2065
2018-04-10 11:20,2091
2018-04-10 11:25,2119
2018-04-10 11:30,2148
2018-04-10 11:35,2157
2018-04-10 11:40,2151
2018-04-10 11:45,2180
2018-04-10 11:50,2184
2018-04-10 11:55,2195
2018-04-10 12:00,2198
2018-04-10 12:05,2219
2018-04-10 12:10,2232
2018-04-10 12:15,2251
2018-04-10 12:20,2269
2018-04-10 12:25,2281
2018-04-10 12:30,2256
2018-04-10 12:35,2263
2018-04-10 12:40,2287
2018-04-10 12:45,2332
2018-04-10 12:50,2325
2018-04-10 12:55,2332
2018-04-10 13:00,2337
2018-04-10 13:05,2353
2018-04-10 13:10,2385
2018-04-10 13:15,2410
2018-04-10 13:20,2424
2018-04-10 13:25,2447
2018-04-10 13:30,2455
2018-04-10 13:35,2466
2018-04-10 13:40,2503
2018-04-10 13:45,2502
2018-04-10 13:50,2513
2018-04-10 13:55,2511
2018-04-10 14:00,2521
2018-04-10 14:05,2522
2018-04-10 14:10,2548
2018-04-10 14:15,2570
2018-04-10 14:20,2594
2018-04-10 14:25,2620
2018-04-10 14:30,2624
2018-04-10 14:35,2637
2018-04-10 14:40,2661
2018-04-10 14:45,2684
2018-04-10 14:50,2702
2018-04-10 14:55,2735
2018-04-10 15:00,2757
2018-04-10 15:05,2777
2018-04-10 15:10,2808
2018-04-10 15:15,2818
2018-04-10 15:20,2849
2018-04-10 15:25,2856
2018-04-10 15:30,2867
2018-04-10 15:35,2898
2018-04-10 15:40,2945
2018-04-10 15:45,2978
2018-04-10 15:50,2989
2018-04-10 15:55,3001
2018-04-10 16:00,3009
2018-04-10 16:05,3033
2018-04-10 16:10,3053
2018-04-10 16:15,3053
2018-04-10 16:20,3064
2018-04-10 16:25,3062
2018-04-10 16:30,3089
2018-04-10 16:35,3136
2018-04-10 16:40,3176
2018-04-10 16:45,3180
2018-04-10 16:50,3191
2018-04-10 16:55,3234
2018-04-10 17:00,3241
2018-04-10 17:05,3265
2018-04-10 17:10,3296
2018-04-10 17:15,3281
2018-04-10 17:20,3301
2018-04-10 17:25,3340
2018-04-10 17:30,3351
2018-04-10 17:35,3374
2018-04-10 17:40,3383
2018-04-10 17:45,3380
2018-04-10 17:50,3356
2018-04-10 17:55,3373
2018-04-10 18:00,3372
2018-04-10 18:05,3381
2018-04-10 18:10,3381
2018-04-10 18:15,3395
2018-04-10 18:20,3422
2018-04-10 18:25,3449
2018-04-10 18:30,3463
2018-04-10 18:35,3426
2018-04-10 18:40,3429
2018-04-10 18:45,3418
2018-04-10 18:50,3436
2018-04-10 18:55,3401
2018-04-10 19:00,3399
2018-04-10 19:05,3396
2018-04-10 19:10,3385
2018-04-10 19:15,3396
2018-04-10 19:20,3355
2018-04-10 19:25,3326
2018-04-10 19:30,3306
2018-04-10 19:35,3242
2018-04-10 19:40,3249
2018-04-10 19:45,3248
2018-04-10 19:50,3208
2018-04-10 19:55,3216
2018-04-10 20:00,3203
2018-04-10 20:05,3193
2018-04-10 20:10,3167
2018-04-10 20:15,3130
2018-04-10 20:20,3105
2018-04-10 20:25,3089
2018-04-10 20:30,3079
2018-04-10 20:35,3058
2018-04-10 20:40,3047
2018-04-10 20:45,3016
2018-04-10 20:50,2998
2018-04-10 20:55,3001
2018-04-10 21:00,2959
2018-04-10 21:05,2907
2018-04-10 21:10,2888
2018-04-10 21:15,2864
2018-04-10 21:20,2806
2018-04-10 21:25,2780
2018-04-10 21:30,2749
2018-04-10 21:35,2719
2018-04-10 21:40,2687
2018-04-10 21:45,2668
2018-04-10 21:50,2646
2018-04-10 21:55,2631
2018-04-10 22:00,2589
2018-04-10 22:05,2543
2018-04-10 22:10,2483
2018-04-10 22:15,2472
2018-04-10 22:20,2458
2018-04-10 22:25,2432
2018-04-10 22:30,2413
2018-04-10 22:35,2373
2018-04-10 22:40,2349
2018-04-10 22:45,2324
2018-04-10 22:50,2314
2018-04-10 22:55,
2018-04-10 23:00,0
2018-04-10 23:05,2036
2018-04-10 23:10,2193
2018-04-10 23:15,2226
2018-04-10 23:20,2223
2018-04-10 23:25,2191
2018-04-10 23:30,2168
2018-04-10 23:35,2173
2018-04-10 23:40,2159
2018-04-10 23:45,2163
2018-04-10 23:50,2158
2018-04-10 23:55,2132
2018-04-11 00:00,2123
2018-04-11 00:05,2112
2018-04-11 00:10,2114
2018-04-11 00:15,2118
2018-04-11 00:20,2076
2018-04-11 00:25,2053
2018-04-11 00:30,2041
2018-04-11 00:35,2050
2018-04-11 00:40,2058
2018-04-11 00:45,2052
2018-04-11 00:50,2048
2018-04-11 00:55,2030
2018-04-11 01:00,2018
2018-04-11 01:05,2023
2018-04-11 01:10,2029
2018-04-11 01:15,2029
2018-04-11 01:20,2044
2018-04-11 01:25,2033
2018-04-11 01:30,2043
2018-04-11 01:35,2039
2018-04-11 01:40,2050
2018-04-11 01:45,2048
2018-04-11 01:50,2036
2018-04-11 01:55,2027
2018-04-11 02:00,2031
2018-04-11 02:05,2003
2018-04-11 02:10,2012
2018-04-11 02:15,1984
2018-04-11 02:20,1979
2018-04-11 02:25,1956
2018-04-11 02:30,1949
2018-04-11 02:35,1919
2018-04-11 02:40,1909
2018-04-11 02:45,1903
2018-04-11 02:50,1891
2018-04-11 02:55,1875
2018-04-11 03:00,1859
2018-04-11 03:05,1852
2018-04-11 03:10,1827
2018-04-11 03:15,1815
2018-04-11 03:20,1787
2018-04-11 03:25,1775
2018-04-11 03:30,1773
2018-04-11 03:35,1741
2018-04-11 03:40,1738
2018-04-11 03:45,1734
2018-04-11 03:50,1706
2018-04-11 03:55,1687
2018-04-11 04:00,1662
2018-04-11 04:05,1626
2018-04-11 04:10,1629
2018-04-11 04:15,1641
2018-04-11 04:20,1609
2018-04-11 04:25,1589
2018-04-11 04:30,1572
2018-04-11 04:35,1564
2018-04-11 04:40,1568
2018-04-11 04:45,1564
2018-04-11 04:50,1569
2018-04-11 04:55,1553
2018-04-11 05:00,1562
2018-04-11 05:05,1558
2018-04-11 05:10,1518
2018-04-11 05:15,1534
2018-04-11 05:20,1512
2018-04-11 05:25,1531
2018-04-11 05:30,1528
2018-04-11 05:35,1525
2018-04-11 05:40,1516
2018-04-11 05:45,1512
2018-04-11 05:50,1509
2018-04-11 05:55,1512
2018-04-11 06:00,1513
2018-04-11 06:05,1477
2018-04-11 06:10,1498
2018-04-11 06:15,1488
2018-04-11 06:20,1509
2018-04-11 06:25,1501
2018-04-11 06:30,1494
2018-04-11 06:35,1489
2018-04-11 06:40,1493
2018-04-11 06:45,1503
2018-04-11 06:50,1493
2018-04-11 06:55,1490
2018-04-11 07:00,1488
2018-04-11 07:05,1492
2018-04-11 07:10,1482
2018-04-11 07:15,1467
2018-04-11 07:20,1466
2018-04-11 07:25,1490
2018-04-11 07:30,1509
2018-04-11 07:35,1503
2018-04-11 07:40,1504
2018-04-11 07:45,1487
2018-04-11 07:50,1509
2018-04-11 07:55,1543
2018-04-11 08:00,1556
2018-04-11 08:05,1536
2018-04-11 08:10,1549
2018-04-11 08:15,1570
2018-04-11 08:20,1574
2018-04-11 08:25,1583
2018-04-11 08:30,1599
2018-04-11 08:35,1607
2018-04-11 08:40,1617
2018-04-11 08:45,1612
2018-04-11 08:50,1622
2018-04-11 08:55,1624
2018-04-11 09:00,1633
2018-04-11 09:05,1645
2018-04-11 09:10,1652
2018-04-11 09:15,1649
2018-04-11 09:20,1635
2018-04-11 09:25,1649
2018-04-11 09:30,1639
2018-04-11 09:35,1636
2018-04-11 09:40,1657
2018-04-11 09:45,1652
2018-04-11 09:50,1676
2018-04-11 09:55,1687
2018-04-11 10:00,1724
2018-04-11 10:05,1750
2018-04-11 10:10,1792
2018-04-11 10:15,1798
2018-04-11 10:20,1792
2018-04-11 10:25,1808
2018-04-11 10:30,1809
2018-04-11 10:35,1823
2018-04-11 10:40,1837
2018-04-11 10:45,1855
2018-04-11 10:50,1849
2018-04-11 10:55,1854
2018-04-11 11:00,1908
2018-04-11 11:05,1921
2018-04-11 11:10,1919
2018-04-11 11:15,1921
2018-04-11 11:20,1920
2018-04-11 11:25,1950
2018-04-11 11:30,1942
2018-04-11 11:35,1966
2018-04-11 11:40,1988
2018-04-11 11:45,2016
2018-04-11 11:50,2042
2018-04-11 11:55,2050
2018-04-11 12:00,2061
2018-04-11 12:05,2027
2018-04-11 12:10,2028
2018-04-11 12:15,2059
2018-04-11 12:20,2087
2018-04-11 12:25,2080
2018-04-11 12:30,2119
2018-04-11 12:35,2145
2018-04-11 12:40,2169
2018-04-11 12:45,2189
2018-04-11 12:50,2183
2018-04-11 12:55,2197
2018-04-11 13:00,2202
2018-04-11 13:05,2239
2018-04-11 13:10,2240
2018-04-11 13:15,2285
2018-04-11 13:20,2280
2018-04-11 13:25,2324
2018-04-11 13:30,2352
2018-04-11 13:35,2398
2018-04-11 13:40,2424
2018-04-11 13:45,2417
2018-04-11 13:50,2448
2018-04-11 13:55,2449
2018-04-11 14:00,2447
2018-04-11 14:05,2437
2018-04-11 14:10,2450
2018-04-11 14:15,2478
2018-04-11 14:20,2479
2018-04-11 14:25,2477
2018-04-11 14:30,2518
2018-04-11 14:35,2541
2018-04-11 14:40,2557
2018-04-11 14:45,2582
2018-04-11 14:50,2612
2018-04-11 14:55,2638
2018-04-11 15:00,2671
2018-04-11 15:05,2684
2018-04-11 15:10,2698
2018-04-11 15:15,2728
2018-04-11 15:20,2750
2018-04-11 15:25,2762
2018-04-11 15:30,2771
2018-04-11 15:35,2814
2018-04-11 15:40,2834
2018-04-11 15:45,2864
2018-04-11 15:50,2880
2018-04-11 15:55,2911
2018-04-11 16:00,2903
2018-04-11 16:05,2900
2018-04-11 16:10,2941
2018-04-11 16:15,2940
2018-04-11 16:20,2953
2018-04-11 16:25,2961
2018-04-11 16:30,2995
2018-04-11 16:35,3038
2018-04-11 16:40,3060
2018-04-11 16:45,3080
2018-04-11 16:50,3111
2018-04-11 16:55,3130
2018-04-11 17:00,3142
2018-04-11 17:05,3142
2018-04-11 17:10,3142
2018-04-11 17:15,3148
2018-04-11 17:20,3163
2018-04-11 17:25,3179
2018-04-11 17:30,3222
2018-04-11 17:35,3234
2018-04-11 17:40,3246
2018-04-11 17:45,3250
2018-04-11 17:50,3266
2018-04-11 17:55,3273
2018-04-11 18:00,3283
2018-04-11 18:05,3271
2018-04-11 18:10,3259
2018-04-11 18:15,3264
2018-04-11 18:20,3257
2018-04-11 18:25,3252
2018-04-11 18:30,3264
2018-04-11 18:35,3267
2018-04-11 18:40,3259
2018-04-11 18:45,3270
2018-04-11 18:50,3263
2018-04-11 18:55,3251
2018-04-11 19:00,3228
2018-04-11 19:05,3222
2018-04-11 19:10,3244
2018-04-11 19:15,3226
2018-04-11 19:20,3220
2018-04-11 19:25,3192
2018-04-11 19:30,3176
2018-04-11 19:35,3203
2018-04-11 19:40,3201
2018-04-11 19:45,3174
2018-04-11 19:50,3200
2018-04-11 19:55,3213
2018-04-11 20:00,3192
2018-04-11 20:05,3160
2018-04-11 20:10,3146
2018-04-11 20:15,3111
2018-04-11 20:20,3100
2018-04-11 20:25,3059
2018-04-11 20:30,3034
2018-04-11 20:35,3015
2018-04-11 20:40,2973
2018-04-11 20:45,2935
2018-04-11 20:50,2913
2018-04-11 20:55,2886
2018-04-11 21:00,2879
2018-04-11 21:05,2837
2018-04-11 21:10,2792
2018-04-11 21:15,2782
2018-04-11 21:20,2758
2018-04-11 21:25,2732
2018-04-11 21:30,2743
2018-04-11 21:35,2709
2018-04-11 21:40,2690
2018-04-11 21:45,2632
2018-04-11 21:50,2599
2018-04-11 21:55,2598
2018-04-11 22:00,2582
2018-04-11 22:05,2521
2018-04-11 22:10,2487
2018-04-11 22:15,2475
2018-04-11 22:20,2473
2018-04-11 22:25,2421
2018-04-11 22:30,2403
2018-04-11 22:35,2385
2018-04-11 22:40,2351
2018-04-11 22:45,2329
2018-04-11 22:50,2289
2018-04-11 22:55,2254
2018-04-11 23:00,2251
2018-04-11 23:05,2229
2018-04-11 23:10,2212
2018-04-11 23:15,2208
2018-04-11 23:20,2190
2018-04-11 23:25,2170
2018-04-11 23:30,2152
2018-04-11 23:35,2152
2018-04-11 23:40,2160
2018-04-11 23:45,2131
2018-04-11 23:50,2137
2018-04-11 23:55,2133
2018-04-12 00:00,2141
2018-04-12 00:05,2113
2018-04-12 00:10,2113
2018-04-12 00:15,2109
2018-04-12 00:20,2106
2018-04-12 00:25,2123
2018-04-12 00:30,2113
2018-04-12 00:35,2109
2018-04-12 00:40,2092
2018-04-12 00:45,2090
2018-04-12 00:50,2094
2018-04-12 00:55,2104
2018-04-12 01:00,2077
2018-04-12 01:05,2085
2018-04-12 01:10,2064
2018-04-12 01:15,2060
2018-04-12 01:20,2041
2018-04-12 01:25,2026
2018-04-12 01:30,2009
2018-04-12 01:35,1991
2018-04-12 01:40,1983
2018-04-12 01:45,1983
2018-04-12 01:50,1982
2018-04-12 01:55,1950
2018-04-12 02:00,1933
2018-04-12 02:05,1872
2018-04-12 02:10,1890
2018-04-12 02:15,1880
2018-04-12 02:20,1869
2018-04-12 02:25,1832
2018-04-12 02:30,1818
2018-04-12 02:35,1794
2018-04-12 02:40,1784
2018-04-12 02:45,1777
2018-04-12 02:50,1762
2018-04-12 02:55,1760
2018-04-12 03:00,1751
2018-04-12 03:05,1752
2018-04-12 03:10,1742
2018-04-12 03:15,1729
2018-04-12 03:20,1711
2018-04-12 03:25,1680
2018-04-12 03:30,1678
2018-04-12 03:35,1674
2018-04-12 03:40,1657
2018-04-12 03:45,1645
2018-04-12 03:50,1632
2018-04-12 03:55,1615
2018-04-12 04:00,1623
2018-04-12 04:05,1593
2018-04-12 04:10,1606
2018-04-12 04:15,1601
2018-04-12 04:20,1590
2018-04-12 04:25,1592
2018-04-12 04:30,1583
2018-04-12 04:35,1576
2018-04-12 04:40,1561
2018-04-12 04:45,1546
2018-04-12 04:50,1550
2018-04-12 04:55,1542
2018-04-12 05:00,1560
2018-04-12 05:05,1562
2018-04-12 05:10,1540
2018-04-12 05:15,1514
2018-04-12 05:20,1504
2018-04-12 05:25,1480
2018-04-12 05:30,1460
2018-04-12 05:35,1455
2018-04-12 05:40,1458
2018-04-12 05:45,1441
2018-04-12 05:50,1442
2018-04-12 05:55,1447
2018-04-12 06:00,1448
2018-04-12 06:05,1433
2018-04-12 06:10,1451
2018-04-12 06:15,1442
2018-04-12 06:20,1449
2018-04-12 06:25,1443
2018-04-12 06:30,1439
2018-04-12 06:35,1465
2018-04-12 06:40,1478
2018-04-12 06:45,1471
2018-04-12 06:50,1468
2018-04-12 06:55,1451
2018-04-12 07:00,1439
2018-04-12 07:05,1436
2018-04-12 07:10,1439
2018-04-12 07:15,1437
2018-04-12 07:20,1440
2018-04-12 07:25,1442
2018-04-12 07:30,1451
2018-04-12 07:35,1461
2018-04-12 07:40,1479
2018-04-12 07:45,1475
2018-04-12 07:50,1486
2018-04-12 07:55,1491
2018-04-12 08:00,1501
2018-04-12 08:05,1487
2018-04-12 08:10,1519
2018-04-12 08:15,1532
2018-04-12 08:20,1541
2018-04-12 08:25,1562
2018-04-12 08:30,1553
2018-04-12 08:35,1557
2018-04-12 08:40,1578
2018-04-12 08:45,1578
2018-04-12 08:50,1583
2018-04-12 08:55,1597
2018-04-12 09:00,1607
2018-04-12 09:05,1625
2018-04-12 09:10,1606
2018-04-12 09:15,1610
2018-04-12 09:20,1605
2018-04-12 09:25,1616
2018-04-12 09:30,1627
2018-04-12 09:35,1639
2018-04-12 09:40,1663
2018-04-12 09:45,1682
2018-04-12 09:50,1726
2018-04-12 09:55,1743
2018-04-12 10:00,1773
2018-04-12 10:05,1757
2018-04-12 10:10,1792
2018-04-12 10:15,1789
2018-04-12 10:20,0
2018-04-12 10:25,1828
2018-04-12 10:30,1845
2018-04-12 10:35,1868
2018-04-12 10:40,1855
2018-04-12 10:45,1869
2018-04-12 10:50,1895
2018-04-12 10:55,1922
2018-04-12 11:00,1938
2018-04-12 11:05,1946
2018-04-12 11:10,1962
2018-04-12 11:15,1976
2018-04-12 11:20,1973
2018-04-12 11:25,1990
2018-04-12 11:30,2001
2018-04-12 11:35,2018
2018-04-12 11:40,2025
2018-04-12 11:45,2040
2018-04-12 11:50,2036
2018-04-12 11:55,2042
2018-04-12 12:00,2022
2018-04-12 12:05,2033
2018-04-12 12:10,2026
2018-04-12 12:15,2019
2018-04-12 12:20,2031
2018-04-12 12:25,2046
2018-04-12 12:30,2056
2018-04-12 12:35,2046
2018-04-12 12:40,2017
2018-04-12 12:45,1985
2018-04-12 12:50,1947
2018-04-12 12:55,1719
2018-04-12 13:00,1480
2018-04-12 13:05,982
2018-04-12 13:10,875
2018-04-12 13:15,826
2018-04-12 13:20,805
2018-04-12 13:25,782
2018-04-12 13:30,765
2018-04-12 13:35,768
2018-04-12 13:40,758
2018-04-12 13:45,752
2018-04-12 13:50,754
2018-04-12 13:55,746
2018-04-12 14:00,749
2018-04-12 14:05,759
2018-04-12 14:10,776
2018-04-12 14:15,815
2018-04-12 14:20,839
2018-04-12 14:25,853
2018-04-12 14:30,870
2018-04-12 14:35,886
2018-04-12 14:40,926
2018-04-12 14:45,953
2018-04-12 14:50,960
2018-04-12 14:55,993
2018-04-12 15:00,1018
2018-04-12 15:05,1035
2018-04-12 15:10,1065
2018-04-12 15:15,1115
2018-04-12 15:20,1117
2018-04-12 15:25,1113
2018-04-12 15:30,1140
2018-04-12 15:35,1255
2018-04-12 15:40,1433
2018-04-12 15:45,1587
2018-04-12 15:50,1753
2018-04-12 15:55,1944
2018-04-12 16:00,2149
2018-04-12 16:05,2353
2018-04-12 16:10,2504
2018-04-12 16:15,2671
2018-04-12 16:20,2775
2018-04-12 16:25,2897
2018-04-12 16:30,2985
2018-04-12 16:35,3063
2018-04-12 16:40,3165
2018-04-12 16:45,3222
2018-04-12 16:50,3263
2018-04-12 16:55,3306
2018-04-12 17:00,3342
2018-04-12 17:05,3375
2018-04-12 17:10,3432
2018-04-12 17:15,3438
2018-04-12 17:20,3443
2018-04-12 17:25,3449
2018-04-12 17:30,3479
2018-04-12 17:35,3492
2018-04-12 17:40,3514
2018-04-12 17:45,3531
2018-04-12 17:50,3513
2018-04-12 17:55,3486
2018-04-12 18:00,3513
2018-04-12 18:05,3490
2018-04-12 18:10,3475
2018-04-12 18:15,3477
2018-04-12 18:20,3482
2018-04-12 18:25,3478
2018-04-12 18:30,3471
2018-04-12 18:35,3471
2018-04-12 18:40,3497
2018-04-12 18:45,3477
2018-04-12 18:50,3479
2018-04-12 18:55,3483
2018-04-12 19:00,3452
2018-04-12 19:05,3437
2018-04-12 19:10,3436
2018-04-12 19:15,3428
2018-04-12 19:20,3408
2018-04-12 19:25,3398
2018-04-12 19:30,3396
2018-04-12 19:35,3392
2018-04-12 19:40,3418
2018-04-12 19:45,3390
2018-04-12 19:50,3398
2018-04-12 19:55,3370
2018-04-12 20:00,3355
2018-04-12 20:05,3340
2018-04-12 20:10,3312
2018-04-12 20:15,3262
2018-04-12 20:20,3240
2018-04-12 20:25,3246
2018-04-12 20:30,3199
2018-04-12 20:35,3199
2018-04-12 20:40,3107
2018-04-12 20:45,3072
2018-04-12 20:50,3037
2018-04-12 20:55,2990
2018-04-12 21:00,2962
2018-04-12 21:05,2921
2018-04-12 21:10,2899
2018-04-12 21:15,2876
2018-04-12 21:20,2847
2018-04-12 21:25,2819
2018-04-12 21:30,2778
2018-04-12 21:35,2763
2018-04-12 21:40,2742
2018-04-12 21:45,2718
2018-04-12 21:50,
2018-04-12 21:55,
2018-04-12 22:00,
2018-04-12 22:05,
2018-04-12 22:10,
2018-04-12 22:15,
2018-04-12 22:20,
2018-04-12 22:25,
2018-04-12 22:30,
2018-04-12 22:35,
2018-04-12 22:40,
2018-04-12 22:45,
2018-04-12 22:50,
2018-04-12 22:55,
2018-04-12 23:00,
2018-04-12 23:05,
2018-04-12 23:10,
2018-04-12 23:15,
2018-04-12 23:20,
2018-04-12 23:25,
2018-04-12 23:30,
2018-04-12 23:35,
2018-04-12 23:40,
2018-04-12 23:45,
2018-04-12 23:50,
2018-04-12 23:55,
2018-04-13 00:00,
2018-04-13 00:05,
2018-04-13 00:10,
2018-04-13 00:15,
2018-04-13 00:20,
2018-04-13 00:25,2155
2018-04-13 00:30,2146
2018-04-13 00:35,2141
2018-04-13 00:40,2164
2018-04-13 00:45,2150
2018-04-13 00:50,2173
2018-04-13 00:55,2172
2018-04-13 01:00,2181
2018-04-13 01:05,2163
2018-04-13 01:10,2161
2018-04-13 01:15,2138
2018-04-13 01:20,2136
2018-04-13 01:25,2124
2018-04-13 01:30,2111
2018-04-13 01:35,2107
2018-04-13 01:40,2109
2018-04-13 01:45,2076
2018-04-13 01:50,2076
2018-04-13 01:55,2059
2018-04-13 02:00,2045
2018-04-13 02:05,2006
2018-04-13 02:10,2042
2018-04-13 02:15,2035
2018-04-13 02:20,1991
2018-04-13 02:25,1999
2018-04-13 02:30,2009
2018-04-13 02:35,1993
2018-04-13 02:40,1980
2018-04-13 02:45,1952
2018-04-13 02:50,1928
2018-04-13 02:55,1922
2018-04-13 03:00,1927
2018-04-13 03:05,1896
2018-04-13 03:10,1883
2018-04-13 03:15,1882
2018-04-13 03:20,1868
2018-04-13 03:25,1853
2018-04-13 03:30,1825
2018-04-13 03:35,1816
2018-04-13 03:40,1803
2018-04-13 03:45,1802
2018-04-13 03:50,1796
2018-04-13 03:55,1782
2018-04-13 04:00,1787
2018-04-13 04:05,1723
2018-04-13 04:10,1726
2018-04-13 04:15,1720
2018-04-13 04:20,1697
2018-04-13 04:25,1686
2018-04-13 04:30,1678
2018-04-13 04:35,1665
2018-04-13 04:40,1662
2018-04-13 04:45,1638
2018-04-13 04:50,1626
2018-04-13 04:55,1631
2018-04-13 05:00,1628
2018-04-13 05:05,1611
2018-04-13 05:10,1591
2018-04-13 05:15,1578
2018-04-13 05:20,1569
2018-04-13 05:25,1562
2018-04-13 05:30,1549
2018-04-13 05:35,1563
2018-04-13 05:40,1547
2018-04-13 05:45,1550
2018-04-13 05:50,1547
2018-04-13 05:55,1526
2018-04-13 06:00,1519
2018-04-13 06:05,1500
2018-04-13 06:10,1535
2018-04-13 06:15,1534
2018-04-13 06:20,1533
2018-04-13 06:25,1540
2018-04-13 06:30,1533
2018-04-13 06:35,1532
2018-04-13 06:40,1527
2018-04-13 06:45,1534
2018-04-13 06:50,1543
2018-04-13 06:55,1536
2018-04-13 07:00,1522
2018-04-13 07:05,1531
2018-04-13 07:10,1535
2018-04-13 07:15,1552
2018-04-13 07:20,1571
2018-04-13 07:25,1567
2018-04-13 07:30,1589
2018-04-13 07:35,1590
2018-04-13 07:40,1587
2018-04-13 07:45,1598
2018-04-13 07:50,1597
2018-04-13 07:55,1598
2018-04-13 08:00,1592
2018-04-13 08:05,1568
2018-04-13 08:10,1593
2018-04-13 08:15,1609
2018-04-13 08:20,1620
2018-04-13 08:25,1625
2018-04-13 08:30,1637
2018-04-13 08:35,1655
2018-04-13 08:40,1652
2018-04-13 08:45,1676
2018-04-13 08:50,1683
2018-04-13 08:55,1699
2018-04-13 09:00,1719
2018-04-13 09:05,1734
2018-04-13 09:10,1729
2018-04-13 09:15,1744
2018-04-13 09:20,1730
2018-04-13 09:25,1726
2018-04-13 09:30,1730
2018-04-13 09:35,1742
2018-04-13 09:40,1747
2018-04-13 09:45,1760
2018-04-13 09:50,1774
2018-04-13 09:55,1797
2018-04-13 10:00,1813
2018-04-13 10:05,1818
2018-04-13 10:10,1863
2018-04-13 10:15,1870
2018-04-13 10:20,1884
2018-04-13 10:25,1898
2018-04-13 10:30,1901
2018-04-13 10:35,1870
2018-04-13 10:40,1876
2018-04-13 10:45,1898
2018-04-13 10:50,1914
2018-04-13 10:55,1943
2018-04-13 11:00,1953
2018-04-13 11:05,1984
2018-04-13 11:10,1985
2018-04-13 11:15,1993
2018-04-13 11:20,2007
2018-04-13 11:25,2012
2018-04-13 11:30,2028
2018-04-13 11:35,2064
2018-04-13 11:40,2068
2018-04-13 11:45,2100
2018-04-13 11:50,2091
2018-04-13 11:55,2118
2018-04-13 12:00,2144
2018-04-13 12:05,2150
2018-04-13 12:10,2189
2018-04-13 12:15,2213
2018-04-13 12:20,2217
2018-04-13 12:25,2251
2018-04-13 12:30,2260
2018-04-13 12:35,2269
2018-04-13 12:40,2272
2018-04-13 12:45,2296
2018-04-13 12:50,2324
2018-04-13 12:55,2347
2018-04-13 13:00,2363
2018-04-13 13:05,2390
2018-04-13 13:10,2425
2018-04-13 13:15,2454
2018-04-13 13:20,2448
2018-04-13 13:25,2441
2018-04-13 13:30,2471
2018-04-13 13:35,2465
2018-04-13 13:40,2479
2018-04-13 13:45,2499
2018-04-13 13:50,2522
2018-04-13 13:55,2522
2018-04-13 14:00,2535
2018-04-13 14:05,2557
2018-04-13 14:10,2607
2018-04-13 14:15,2610
2018-04-13 14:20,2667
2018-04-13 14:25,2677
2018-04-13 14:30,2713
2018-04-13 14:35,2722
2018-04-13 14:40,2748
2018-04-13 14:45,2758
2018-04-13 14:50,2773
2018-04-13 14:55,2780
2018-04-13 15:00,2770
2018-04-13 15:05,2791
2018-04-13 15:10,2811
2018-04-13 15:15,2830
2018-04-13 15:20,2839
2018-04-13 15:25,2849
2018-04-13 15:30,2890
2018-04-13 15:35,2880
2018-04-13 15:40,2898
2018-04-13 15:45,2934
2018-04-13 15:50,2966
2018-04-13 15:55,2966
2018-04-13 16:00,2999
2018-04-13 16:05,2988
2018-04-13 16:10,3023
2018-04-13 16:15,3009
2018-04-13 16:20,3032
2018-04-13 16:25,3061
2018-04-13 16:30,3051
2018-04-13 16:35,3075
2018-04-13 16:40,3122
2018-04-13 16:45,3150
2018-04-13 16:50,3157
2018-04-13 16:55,3202
2018-04-13 17:00,3207
2018-04-13 17:05,3213
2018-04-13 17:10,3216
2018-04-13 17:15,3204
2018-04-13 17:20,3193
2018-04-13 17:25,3216
2018-04-13 17:30,3226
2018-04-13 17:35,3249
2018-04-13 17:40,3232
2018-04-13 17:45,3267
2018-04-13 17:50,3312
2018-04-13 17:55,3306
2018-04-13 18:00,3301
2018-04-13 18:05,3280
2018-04-13 18:10,3286
2018-04-13 18:15,3290
2018-04-13 18:20,3297
2018-04-13 18:25,3313
2018-04-13 18:30,3325
2018-04-13 18:35,3319
2018-04-13 18:40,3333
2018-04-13 18:45,3361
2018-04-13 18:50,3352
2018-04-13 18:55,3345
2018-04-13 19:00,3369
2018-04-13 19:05,3338
2018-04-13 19:10,3343
2018-04-13 19:15,3329
2018-04-13 19:20,3336
2018-04-13 19:25,3337
2018-04-13 19:30,3357
2018-04-13 19:35,3344
2018-04-13 19:40,3376
2018-04-13 19:45,3393
2018-04-13 19:50,3380
2018-04-13 19:55,3371
2018-04-13 20:00,3380
2018-04-13 20:05,3353
2018-04-13 20:10,3361
2018-04-13 20:15,3345
2018-04-13 20:20,3337
2018-04-13 20:25,3323
2018-04-13 20:30,3287
2018-04-13 20:35,3256
2018-04-13 20:40,3249
2018-04-13 20:45,3229
2018-04-13 20:50,3204
2018-04-13 20:55,3181
2018-04-13 21:00,3169
2018-04-13 21:05,3163
2018-04-13 21:10,3154
2018-04-13 21:15,3129
2018-04-13 21:20,3083
2018-04-13 21:25,3054
2018-04-13 21:30,3055
2018-04-13 21:35,3019
2018-04-13 21:40,3001
2018-04-13 21:45,2951
2018-04-13 21:50,2945
2018-04-13 21:55,2914
2018-04-13 22:00,2870
2018-04-13 22:05,2830
2018-04-13 22:10,2817
2018-04-13 22:15,2795
2018-04-13 22:20,2756
2018-04-13 22:25,2735
2018-04-13 22:30,2720
2018-04-13 22:35,2701
2018-04-13 22:40,2683
2018-04-13 22:45,2648
2018-04-13 22:50,2620
2018-04-13 22:55,2609
2018-04-13 23:00,2589
2018-04-13 23:05,2581
2018-04-13 23:10,2561
2018-04-13 23:15,2535
2018-04-13 23:20,2526
2018-04-13 23:25,2520
2018-04-13 23:30,2489
2018-04-13 23:35,2477
2018-04-13 23:40,2459
2018-04-13 23:45,2460
2018-04-13 23:50,2427
2018-04-13 23:55,2412
2018-04-14 00:00,2421
2018-04-14 00:05,2395
2018-04-14 00:10,2370
2018-04-14 00:15,2336
2018-04-14 00:20,2331
2018-04-14 00:25,2293
2018-04-14 00:30,2271
2018-04-14 00:35,2261
2018-04-14 00:40,2248
2018-04-14 00:45,2218
2018-04-14 00:50,2213
2018-04-14 00:55,2196
2018-04-14 01:00,2182
2018-04-14 01:05,2170
2018-04-14 01:10,2172
2018-04-14 01:15,2169
2018-04-14 01:20,2163
2018-04-14 01:25,2181
2018-04-14 01:30,2186
2018-04-14 01:35,2198
2018-04-14 01:40,2175
2018-04-14 01:45,2190
2018-04-14 01:50,2182
2018-04-14 01:55,2157
2018-04-14 02:00,2166
2018-04-14 02:05,2164
2018-04-14 02:10,2146
2018-04-14 02:15,2130
2018-04-14 02:20,2134
2018-04-14 02:25,2099
2018-04-14 02:30,2102
2018-04-14 02:35,2081
2018-04-14 02:40,2076
2018-04-14 02:45,2050
2018-04-14 02:50,2008
2018-04-14 02:55,2012
2018-04-14 03:00,2033
2018-04-14 03:05,2032
2018-04-14 03:10,2032
2018-04-14 03:15,2026
2018-04-14 03:20,2022
2018-04-14 03:25,2012
2018-04-14 03:30,2007
2018-04-14 03:35,2003
2018-04-14 03:40,1990
2018-04-14 03:45,1994
2018-04-14 03:50,1976
2018-04-14 03:55,1978
2018-04-14 04:00,1992
2018-04-14 04:05,1996
2018-04-14 04:10,1982
2018-04-14 04:15,1974
2018-04-14 04:20,1971
2018-04-14 04:25,1950
2018-04-14 04:30,1936
2018-04-14 04:35,1922
2018-04-14 04:40,1912
2018-04-14 04:45,1900
2018-04-14 04:50,1871
2018-04-14 04:55,1871
2018-04-14 05:00,1852
2018-04-14 05:05,1846
2018-04-14 05:10,1866
2018-04-14 05:15,1855
2018-04-14 05:20,1832
2018-04-14 05:25,1828
2018-04-14 05:30,1823
2018-04-14 05:35,1807
2018-04-14 05:40,1802
2018-04-14 05:45,1824
2018-04-14 05:50,1811
2018-04-14 05:55,1827
2018-04-14 06:00,1832
2018-04-14 06:05,1850
2018-04-14 06:10,0
2018-04-14 06:15,1870
2018-04-14 06:20,1863
2018-04-14 06:25,1863
2018-04-14 06:30,1859
2018-04-14 06:35,1868
2018-04-14 06:40,1892
2018-04-14 06:45,1892
2018-04-14 06:50,1911
2018-04-14 06:55,1917
2018-04-14 07:00,1934
2018-04-14 07:05,1946
2018-04-14 07:10,1963
2018-04-14 07:15,1984
2018-04-14 07:20,1991
2018-04-14 07:25,2007
2018-04-14 07:30,2031
2018-04-14 07:35,2040
2018-04-14 07:40,2048
2018-04-14 07:45,2074
2018-04-14 07:50,2064
2018-04-14 07:55,2080
2018-04-14 08:00,2076
2018-04-14 08:05,2095
2018-04-14 08:10,2103
2018-04-14 08:15,2103
2018-04-14 08:20,2101
2018-04-14 08:25,2136
2018-04-14 08:30,2119
2018-04-14 08:35,2138
2018-04-14 08:40,2153
2018-04-14 08:45,2195
2018-04-14 08:50,2207
2018-04-14 08:55,2209
2018-04-14 09:00,2244
2018-04-14 09:05,2278
2018-04-14 09:10,2309
2018-04-14 09:15,2334
2018-04-14 09:20,2339
2018-04-14 09:25,2355
2018-04-14 09:30,2362
2018-04-14 09:35,2370
2018-04-14 09:40,2400
2018-04-14 09:45,2410
2018-04-14 09:50,2418
2018-04-14 09:55,2417
2018-04-14 10:00,2435
2018-04-14 10:05,2467
2018-04-14 10:10,2474
2018-04-14 10:15,2505
2018-04-14 10:20,2526
2018-04-14 10:25,2540
2018-04-14 10:30,2555
2018-04-14 10:35,2566
2018-04-14 10:40,2563
2018-04-14 10:45,2577
2018-04-14 10:50,2578
2018-04-14 10:55,2626
2018-04-14 11:00,2653
2018-04-14 11:05,2661
2018-04-14 11:10,2691
2018-04-14 11:15,2689
2018-04-14 11:20,2715
2018-04-14 11:25,2739
2018-04-14 11:30,2740
2018-04-14 11:35,2750
2018-04-14 11:40,2765
2018-04-14 11:45,2786
2018-04-14 11:50,2810
2018-04-14 11:55,2840
2018-04-14 12:00,2863
2018-04-14 12:05,2865
2018-04-14 12:10,2898
2018-04-14 12:15,2900
2018-04-14 12:20,2906
2018-04-14 12:25,2886
2018-04-14 12:30,2899
2018-04-14 12:35,2896
2018-04-14 12:40,2907
2018-04-14 12:45,2920
2018-04-14 12:50,2942
2018-04-14 12:55,2959
2018-04-14 13:00,2978
2018-04-14 13:05,3006
2018-04-14 13:10,3014
2018-04-14 13:15,3036
2018-04-14 13:20,3057
2018-04-14 13:25,3052
2018-04-14 13:30,3068
2018-04-14 13:35,3071
2018-04-14 13:40,3067
2018-04-14 13:45,3127
2018-04-14 13:50,3154
2018-04-14 13:55,3156
2018-04-14 14:00,3173
2018-04-14 14:05,3181
2018-04-14 14:10,3181
2018-04-14 14:15,3195
2018-04-14 14:20,3210
2018-04-14 14:25,3210
2018-04-14 14:30,3216
2018-04-14 14:35,3200
2018-04-14 14:40,3236
2018-04-14 14:45,3232
2018-04-14 14:50,3252
2018-04-14 14:55,3265
2018-04-14 15:00,3272
2018-04-14 15:05,3318
2018-04-14 15:10,3369
2018-04-14 15:15,3409
2018-04-14 15:20,3439
2018-04-14 15:25,3494
2018-04-14 15:30,3498
2018-04-14 15:35,3504
2018-04-14 15:40,3489
2018-04-14 15:45,3489
2018-04-14 15:50,3480
2018-04-14 15:55,3493
2018-04-14 16:00,3491
2018-04-14 16:05,3498
2018-04-14 16:10,3508
2018-04-14 16:15,3510
2018-04-14 16:20,3500
2018-04-14 16:25,3526
2018-04-14 16:30,3532
2018-04-14 16:35,3528
2018-04-14 16:40,3555
2018-04-14 16:45,3568
2018-04-14 16:50,3582
2018-04-14 16:55,3604
2018-04-14 17:00,3598
2018-04-14 17:05,3617
2018-04-14 17:10,3619
2018-04-14 17:15,3630
2018-04-14 17:20,3655
2018-04-14 17:25,3674
2018-04-14 17:30,3673
2018-04-14 17:35,3674
2018-04-14 17:40,3694
2018-04-14 17:45,3733
2018-04-14 17:50,3745
2018-04-14 17:55,3749
2018-04-14 18:00,3764
2018-04-14 18:05,3791
2018-04-14 18:10,3802
2018-04-14 18:15,3791
2018-04-14 18:20,3768
2018-04-14 18:25,3794
2018-04-14 18:30,3783
2018-04-14 18:35,3809
2018-04-14 18:40,3819
2018-04-14 18:45,3812
2018-04-14 18:50,3799
2018-04-14 18:55,3803
2018-04-14 19:00,3831
2018-04-14 19:05,3819
2018-04-14 19:10,3824
2018-04-14 19:15,3790
2018-04-14 19:20,3791
2018-04-14 19:25,3801
2018-04-14 19:30,3831
2018-04-14 19:35,3847
2018-04-14 19:40,3851
2018-04-14 19:45,3836
2018-04-14 19:50,3848
2018-04-14 19:55,3850
2018-04-14 20:00,3863
2018-04-14 20:05,3833
2018-04-14 20:10,3804
2018-04-14 20:15,3768
2018-04-14 20:20,3759
2018-04-14 20:25,3737
2018-04-14 20:30,3734
2018-04-14 20:35,3710
2018-04-14 20:40,3710
2018-04-14 20:45,3693
2018-04-14 20:50,3695
2018-04-14 20:55,3652
2018-04-14 21:00,3612
2018-04-14 21:05,3566
2018-04-14 21:10,3557
2018-04-14 21:15,3534
2018-04-14 21:20,3514
2018-04-14 21:25,3506
2018-04-14 21:30,3493
2018-04-14 21:35,3473
2018-04-14 21:40,3465
2018-04-14 21:45,3424
2018-04-14 21:50,3418
2018-04-14 21:55,3381
2018-04-14 22:00,3340
2018-04-14 22:05,3263
2018-04-14 22:10,3218
2018-04-14 22:15,3197
2018-04-14 22:20,3158
2018-04-14 22:25,3109
2018-04-14 22:30,3067
2018-04-14 22:35,3037
2018-04-14 22:40,3015
2018-04-14 22:45,2995
2018-04-14 22:50,2953
2018-04-14 22:55,2926
2018-04-14 23:00,2899
2018-04-14 23:05,2855
2018-04-14 23:10,2822
2018-04-14 23:15,2780
2018-04-14 23:20,2760
2018-04-14 23:25,2737
2018-04-14 23:30,2711
2018-04-14 23:35,2733
2018-04-14 23:40,2719
2018-04-14 23:45,2706
2018-04-14 23:50,2699
2018-04-14 23:55,2658
2018-04-15 00:00,2633
2018-04-15 00:05,2596
2018-04-15 00:10,2568
2018-04-15 00:15,2544
2018-04-15 00:20,2530
2018-04-15 00:25,2526
2018-04-15 00:30,2507
2018-04-15 00:35,2501
2018-04-15 00:40,2500
2018-04-15 00:45,2477
2018-04-15 00:50,2468
2018-04-15 00:55,2449
2018-04-15 01:00,2443
2018-04-15 01:05,2410
2018-04-15 01:10,2415
2018-04-15 01:15,2403
2018-04-15 01:20,2396
2018-04-15 01:25,2388
2018-04-15 01:30,2381
2018-04-15 01:35,2369
2018-04-15 01:40,2350
2018-04-15 01:45,2348
2018-04-15 01:50,2329
2018-04-15 01:55,2323
2018-04-15 02:00,2327
2018-04-15 02:05,2315
2018-04-15 02:10,2289
2018-04-15 02:15,2297
2018-04-15 02:20,2296
2018-04-15 02:25,2297
2018-04-15 02:30,2295
2018-04-15 02:35,2289
2018-04-15 02:40,2289
2018-04-15 02:45,2278
2018-04-15 02:50,2286
2018-04-15 02:55,2283
2018-04-15 03:00,2265
2018-04-15 03:05,2236
2018-04-15 03:10,2237
2018-04-15 03:15,2219
2018-04-15 03:20,2207
2018-04-15 03:25,2169
2018-04-15 03:30,2146
2018-04-15 03:35,2141
2018-04-15 03:40,2109
2018-04-15 03:45,2095
2018-04-15 03:50,2086
2018-04-15 03:55,2075
2018-04-15 04:00,2055
2018-04-15 04:05,2028
2018-04-15 04:10,2031
2018-04-15 04:15,2027
2018-04-15 04:20,2046
2018-04-15 04:25,2041
2018-04-15 04:30,2035
2018-04-15 04:35,2033
2018-04-15 04:40,2015
2018-04-15 04:45,2011
2018-04-15 04:50,2003
2018-04-15 04:55,1990
2018-04-15 05:00,1977
2018-04-15 05:05,1969
2018-04-15 05:10,1944
2018-04-15 05:15,1955
2018-04-15 05:20,1979
2018-04-15 05:25,1979
2018-04-15 05:30,1976
2018-04-15 05:35,1984
2018-04-15 05:40,1999
2018-04-15 05:45,2009
2018-04-15 05:50,1998
2018-04-15 05:55,2018
2018-04-15 06:00,2020
2018-04-15 06:05,2029
2018-04-15 06:10,2045
2018-04-15 06:15,2057
2018-04-15 06:20,2052
2018-04-15 06:25,2072
2018-04-15 06:30,2095
2018-04-15 06:35,2090
2018-04-15 06:40,2090
2018-04-15 06:45,2117
2018-04-15 06:50,2127
2018-04-15 06:55,2148
2018-04-15 07:00,2168
2018-04-15 07:05,2165
2018-04-15 07:10,2176
2018-04-15 07:15,2193
2018-04-15 07:20,2189
2018-04-15 07:25,2210
2018-04-15 07:30,2225
2018-04-15 07:35,2239
2018-04-15 07:40,2275
2018-04-15 07:45,2320
2018-04-15 07:50,2322
2018-04-15 07:55,2360
2018-04-15 08:00,2408
2018-04-15 08:05,2386
2018-04-15 08:10,2427
2018-04-15 08:15,2461
2018-04-15 08:20,2487
2018-04-15 08:25,2516
2018-04-15 08:30,2552
2018-04-15 08:35,2576
2018-04-15 08:40,2605
2018-04-15 08:45,2623
2018-04-15 08:50,2641
2018-04-15 08:55,2662
2018-04-15 09:00,2684
2018-04-15 09:05,2693
2018-04-15 09:10,2707
2018-04-15 09:15,2708
2018-04-15 09:20,2713
2018-04-15 09:25,2717
2018-04-15 09:30,2726
2018-04-15 09:35,2740
2018-04-15 09:40,2743
2018-04-15 09:45,2769
2018-04-15 09:50,2806
2018-04-15 09:55,2843
2018-04-15 10:00,2876
2018-04-15 10:05,2908
2018-04-15 10:10,2918
2018-04-15 10:15,2955
2018-04-15 10:20,2957
2018-04-15 10:25,2955
2018-04-15 10:30,3002
2018-04-15 10:35,3005
2018-04-15 10:40,3025
2018-04-15 10:45,3069
2018-04-15 10:50,3081
2018-04-15 10:55,3102
2018-04-15 11:00,3131
2018-04-15 11:05,3129
2018-04-15 11:10,3143
2018-04-15 11:15,3144
2018-04-15 11:20,3151
2018-04-15 11:25,3147
2018-04-15 11:30,3155
2018-04-15 11:35,3172
2018-04-15 11:40,3174
2018-04-15 11:45,3176
2018-04-15 11:50,3202
2018-04-15 11:55,3215
2018-04-15 12:00,3249
2018-04-15 12:05,3267
2018-04-15 12:10,3286
2018-04-15 12:15,3286
2018-04-15 12:20,3300
2018-04-15 12:25,3302
2018-04-15 12:30,3279
2018-04-15 12:35,3307
2018-04-15 12:40,3327
2018-04-15 12:45,3377
2018-04-15 12:50,3401
2018-04-15 12:55,3398
2018-04-15 13:00,3411
2018-04-15 13:05,3424
2018-04-15 13:10,3419
2018-04-15 13:15,3386
2018-04-15 13:20,3404
2018-04-15 13:25,3434
2018-04-15 13:30,3404
2018-04-15 13:35,3438
2018-04-15 13:40,3487
2018-04-15 13:45,3506
2018-04-15 13:50,3515
2018-04-15 13:55,3568
2018-04-15 14:00,3591
2018-04-15 14:05,3623
2018-04-15 14:10,3653
2018-04-15 14:15,3658
2018-04-15 14:20,3650
2018-04-15 14:25,3665
2018-04-15 14:30,3690
2018-04-15 14:35,3716
2018-04-15 14:40,3760
2018-04-15 14:45,3757
2018-04-15 14:50,3782
2018-04-15 14:55,3790
2018-04-15 15:00,3804
2018-04-15 15:05,3820
2018-04-15 15:10,3859
2018-04-15 15:15,3849
2018-04-15 15:20,3873
2018-04-15 15:25,3859
2018-04-15 15:30,3898
2018-04-15 15:35,3898
2018-04-15 15:40,3933
2018-04-15 15:45,0
2018-04-15 15:50,3972
2018-04-15 15:55,3961
2018-04-15 16:00,3992
2018-04-15 16:05,4014
2018-04-15 16:10,4008
2018-04-15 16:15,4038
2018-04-15 16:20,4033
2018-04-15 16:25,4030
2018-04-15 16:30,4075
2018-04-15 16:35,4081
2018-04-15 16:40,4052
2018-04-15 16:45,4043
2018-04-15 16:50,4041
2018-04-15 16:55,4047
2018-04-15 17:00,4078
2018-04-15 17:05,4075
2018-04-15 17:10,4083
2018-04-15 17:15,4091
2018-04-15 17:20,4118
2018-04-15 17:25,4134
2018-04-15 17:30,4120
2018-04-15 17:35,4110
2018-04-15 17:40,4125
2018-04-15 17:45,4141
2018-04-15 17:50,4141
2018-04-15 17:55,4145
2018-04-15 18:00,4179
2018-04-15 18:05,4183
2018-04-15 18:10,4158
2018-04-15 18:15,4164
2018-04-15 18:20,4166
2018-04-15 18:25,4151
2018-04-15 18:30,4167
2018-04-15 18:35,4168
2018-04-15 18:40,4157
2018-04-15 18:45,4187
2018-04-15 18:50,4144
2018-04-15 18:55,4156
2018-04-15 19:00,4167
2018-04-15 19:05,4149
2018-04-15 19:10,4122
2018-04-15 19:15,4125
2018-04-15 19:20,4117
2018-04-15 19:25,4100
2018-04-15 19:30,4085
2018-04-15 19:35,4059
2018-04-15 19:40,4058
2018-04-15 19:45,4042
2018-04-15 19:50,4039
2018-04-15 19:55,4028
2018-04-15 20:00,4011
2018-04-15 20:05,4002
2018-04-15 20:10,3973
2018-04-15 20:15,3973
2018-04-15 20:20,3966
2018-04-15 20:25,3923
2018-04-15 20:30,3904
2018-04-15 20:35,3892
2018-04-15 20:40,3830
2018-04-15 20:45,3791
2018-04-15 20:50,3773
2018-04-15 20:55,3715
2018-04-15 21:00,3692
2018-04-15 21:05,3627
2018-04-15 21:10,3588
2018-04-15 21:15,3543
2018-04-15 21:20,3518
2018-04-15 21:25,3445
2018-04-15 21:30,3389
2018-04-15 21:35,3342
2018-04-15 21:40,3311
2018-04-15 21:45,3280
2018-04-15 21:50,3224
2018-04-15 21:55,3210
2018-04-15 22:00,3177
2018-04-15 22:05,3131
2018-04-15 22:10,3079
2018-04-15 22:15,3066
2018-04-15 22:20,3058
2018-04-15 22:25,3013
2018-04-15 22:30,3010
2018-04-15 22:35,2974
2018-04-15 22:40,2923
2018-04-15 22:45,2870
2018-04-15 22:50,2823
2018-04-15 22:55,2790
2018-04-15 23:00,2767
2018-04-15 23:05,2770
2018-04-15 23:10,2739
2018-04-15 23:15,2732
2018-04-15 23:20,2716
2018-04-15 23:25,2698
2018-04-15 23:30,2668
2018-04-15 23:35,2662
2018-04-15 23:40,2634
2018-04-15 23:45,2608
2018-04-15 23:50,2567
2018-04-15 23:55,2559
2018-04-16 00:00,2552
2018-04-16 00:05,2542
2018-04-16 00:10,2528
2018-04-16 00:15,2513
2018-04-16 00:20,2531
2018-04-16 00:25,2519
2018-04-16 00:30,2516
2018-04-16 00:35,2496
2018-04-16 00:40,2495
2018-04-16 00:45,2488
2018-04-16 00:50,2485
2018-04-16 00:55,2475
2018-04-16 01:00,2456
2018-04-16 01:05,2440
2018-04-16 01:10,2425
2018-04-16 01:15,2406
2018-04-16 01:20,2378
2018-04-16 01:25,2344
2018-04-16 01:30,2334
2018-04-16 01:35,2300
2018-04-16 01:40,2316
2018-04-16 01:45,2277
2018-04-16 01:50,2258
2018-04-16 01:55,2235
2018-04-16 02:00,2214
2018-04-16 02:05,2205
2018-04-16 02:10,2193
2018-04-16 02:15,2201
2018-04-16 02:20,2165
2018-04-16 02:25,2152
2018-04-16 02:30,2134
2018-04-16 02:35,2094
2018-04-16 02:40,2092
2018-04-16 02:45,2064
2018-04-16 02:50,2053
2018-04-16 02:55,2028
2018-04-16 03:00,2012
2018-04-16 03:05,1995
2018-04-16 03:10,1966
2018-04-16 03:15,1938
2018-04-16 03:20,1943
2018-04-16 03:25,1940
2018-04-16 03:30,1925
2018-04-16 03:35,1904
2018-04-16 03:40,1908
2018-04-16 03:45,1862
2018-04-16 03:50,1861
2018-04-16 03:55,1840
2018-04-16 04:00,1808
2018-04-16 04:05,1786
2018-04-16 04:10,1774
2018-04-16 04:15,1755
2018-04-16 04:20,1730
2018-04-16 04:25,1713
2018-04-16 04:30,1710
2018-04-16 04:35,1700
2018-04-16 04:40,1696
2018-04-16 04:45,1691
2018-04-16 04:50,1695
2018-04-16 04:55,1678
2018-04-16 05:00,1667
2018-04-16 05:05,1653
2018-04-16 05:10,1649
2018-04-16 05:15,1620
2018-04-16 05:20,1626
2018-04-16 05:25,1624
2018-04-16 05:30,1596
2018-04-16 05:35,1578
2018-04-16 05:40,1584
2018-04-16 05:45,1582
2018-04-16 05:50,1578
2018-04-16 05:55,1587
2018-04-16 06:00,1578
2018-04-16 06:05,1573
2018-04-16 06:10,1573
2018-04-16 06:15,1564
2018-04-16 06:20,1555
2018-04-16 06:25,1551
2018-04-16 06:30,1548
2018-04-16 06:35,1553
2018-04-16 06:40,1550
2018-04-16 06:45,1544
2018-04-16 06:50,1531
2018-04-16 06:55,1528
2018-04-16 07:00,1533
2018-04-16 07:05,1537
2018-04-16 07:10,1520
2018-04-16 07:15,1529
2018-04-16 07:20,1540
2018-04-16 07:25,1544
2018-04-16 07:30,1543
2018-04-16 07:35,1556
2018-04-16 07:40,1572
2018-04-16 07:45,1588
2018-04-16 07:50,1599
2018-04-16 07:55,1609
2018-04-16 08:00,1615
2018-04-16 08:05,1583
2018-04-16 08:10,1591
2018-04-16 08:15,1591
2018-04-16 08:20,1599
2018-04-16 08:25,1611
2018-04-16 08:30,1625
2018-04-16 08:35,1635
2018-04-16 08:40,1653
2018-04-16 08:45,1678
2018-04-16 08:50,1683
2018-04-16 08:55,1685
2018-04-16 09:00,1696
2018-04-16 09:05,1703
2018-04-16 09:10,1710
2018-04-16 09:15,1731
2018-04-16 09:20,1746
2018-04-16 09:25,1747
2018-04-16 09:30,1770
2018-04-16 09:35,1777
2018-04-16 09:40,1787
2018-04-16 09:45,1794
2018-04-16 09:50,1826
2018-04-16 09:55,1846
2018-04-16 10:00,1866
2018-04-16 10:05,1884
2018-04-16 10:10,1881
2018-04-16 10:15,1921
2018-04-16 10:20,1944
2018-04-16 10:25,1965
2018-04-16 10:30,1977
2018-04-16 10:35,2010
2018-04-16 10:40,2009
2018-04-16 10:45,2049
2018-04-16 10:50,2045
2018-04-16 10:55,2037
2018-04-16 11:00,2036
2018-04-16 11:05,2056
2018-04-16 11:10,2078
2018-04-16 11:15,2075
2018-04-16 11:20,2080
2018-04-16 11:25,2099
2018-04-16 11:30,2115
2018-04-16 11:35,2128
2018-04-16 11:40,2164
2018-04-16 11:45,2189
2018-04-16 11:50,2218
2018-04-16 11:55,2210
2018-04-16 12:00,2224
2018-04-16 12:05,2238
2018-04-16 12:10,2238
2018-04-16 12:15,2274
2018-04-16 12:20,2285
2018-04-16 12:25,2279
2018-04-16 12:30,2286
2018-04-16 12:35,2281
2018-04-16 12:40,2293
2018-04-16 12:45,2299
2018-04-16 12:50,2326
2018-04-16 12:55,2384
2018-04-16 13:00,2413
2018-04-16 13:05,2428
2018-04-16 13:10,2455
2018-04-16 13:15,2475
2018-04-16 13:20,2480
2018-04-16 13:25,2496
2018-04-16 13:30,2504
2018-04-16 13:35,2526
2018-04-16 13:40,2565
2018-04-16 13:45,2599
2018-04-16 13:50,2628
2018-04-16 13:55,2640
2018-04-16 14:00,2656
2018-04-16 14:05,2656
2018-04-16 14:10,2644
2018-04-16 14:15,2673
2018-04-16 14:20,2690
2018-04-16 14:25,2705
2018-04-16 14:30,2723
2018-04-16 14:35,2728
2018-04-16 14:40,2740
2018-04-16 14:45,2786
2018-04-16 14:50,2805
2018-04-16 14:55,2827
2018-04-16 15:00,2847
2018-04-16 15:05,2857
2018-04-16 15:10,2862
2018-04-16 15:15,2888
2018-04-16 15:20,2876
2018-04-16 15:25,2897
2018-04-16 15:30,2945
2018-04-16 15:35,2959
2018-04-16 15:40,2970
2018-04-16 15:45,3004
2018-04-16 15:50,3033
2018-04-16 15:55,3030
2018-04-16 16:00,3024
2018-04-16 16:05,3043
2018-04-16 16:10,3059
2018-04-16 16:15,3086
2018-04-16 16:20,3131
2018-04-16 16:25,3164
2018-04-16 16:30,3223
2018-04-16 16:35,3267
2018-04-16 16:40,3296
2018-04-16 16:45,3330
2018-04-16 16:50,3325
2018-04-16 16:55,3354
2018-04-16 17:00,3361
2018-04-16 17:05,3374
2018-04-16 17:10,3411
2018-04-16 17:15,3413
2018-04-16 17:20,3442
2018-04-16 17:25,3482
2018-04-16 17:30,3489
2018-04-16 17:35,3512
2018-04-16 17:40,3547
2018-04-16 17:45,3573
2018-04-16 17:50,3594
2018-04-16 17:55,3580
2018-04-16 18:00,3567
2018-04-16 18:05,3592
2018-04-16 18:10,3590
2018-04-16 18:15,3610
2018-04-16 18:20,3615
2018-04-16 18:25,3592
2018-04-16 18:30,3602
2018-04-16 18:35,3627
2018-04-16 18:40,3617
2018-04-16 18:45,3604
2018-04-16 18:50,3616
2018-04-16 18:55,3627
2018-04-16 19:00,3618
2018-04-16 19:05,3601
2018-04-16 19:10,3547
2018-04-16 19:15,3540
2018-04-16 19:20,3548
2018-04-16 19:25,3533
2018-04-16 19:30,3502
2018-04-16 19:35,3508
2018-04-16 19:40,3518
2018-04-16 19:45,3503
2018-04-16 19:50,3487
2018-04-16 19:55,3466
2018-04-16 20:00,3466
2018-04-16 20:05,3464
2018-04-16 20:10,3422
2018-04-16 20:15,3408
2018-04-16 20:20,3376
2018-04-16 20:25,3370
2018-04-16 20:30,3327
2018-04-16 20:35,3312
2018-04-16 20:40,3286
2018-04-16 20:45,3257
2018-04-16 20:50,3222
2018-04-16 20:55,3155
2018-04-16 21:00,3103
2018-04-16 21:05,3035
2018-04-16 21:10,2994
2018-04-16 21:15,2954
2018-04-16 21:20,2945
2018-04-16 21:25,2930
2018-04-16 21:30,2893
2018-04-16 21:35,2873
2018-04-16 21:40,2834
2018-04-16 21:45,2812
2018-04-16 21:50,2790
2018-04-16 21:55,2757
2018-04-16 22:00,2729
2018-04-16 22:05,2710
2018-04-16 22:10,2675
2018-04-16 22:15,2631
2018-04-16 22:20,2602
2018-04-16 22:25,2574
2018-04-16 22:30,2553
2018-04-16 22:35,2544
2018-04-16 22:40,2550
2018-04-16 22:45,2543
2018-04-16 22:50,2523
2018-04-16 22:55,2493
2018-04-16 23:00,2438
2018-04-16 23:05,2426
2018-04-16 23:10,2386
2018-04-16 23:15,2367
2018-04-16 23:20,2360
2018-04-16 23:25,2344
2018-04-16 23:30,2352
2018-04-16 23:35,2334
2018-04-16 23:40,2329
2018-04-16 23:45,2348
2018-04-16 23:50,2338
2018-04-16 23:55,2335
2018-04-17 00:00,2328
2018-04-17 00:05,2300
2018-04-17 00:10,2309
2018-04-17 00:15,2306
2018-04-17 00:20,2282
2018-04-17 00:25,2245
2018-04-17 00:30,2253
2018-04-17 00:35,2269
2018-04-17 00:40,2247
2018-04-17 00:45,2236
2018-04-17 00:50,2243
2018-04-17 00:55,2246
2018-04-17 01:00,2226
2018-04-17 01:05,2202
2018-04-17 01:10,2193
2018-04-17 01:15,2193
2018-04-17 01:20,2177
2018-04-17 01:25,2158
2018-04-17 01:30,2162
2018-04-17 01:35,2134
2018-04-17 01:40,2148
2018-04-17 01:45,2138
2018-04-17 01:50,2137
2018-04-17 01:55,2122
2018-04-17 02:00,2117
2018-04-17 02:05,2128
2018-04-17 02:10,2126
2018-04-17 02:15,2103
2018-04-17 02:20,2100
2018-04-17 02:25,2080
2018-04-17 02:30,2067
2018-04-17 02:35,2059
2018-04-17 02:40,2060
2018-04-17 02:45,2045
2018-04-17 02:50,2033
2018-04-17 02:55,2035
2018-04-17 03:00,2035
2018-04-17 03:05,2015
2018-04-17 03:10,1999
2018-04-17 03:15,1996
2018-04-17 03:20,1979
2018-04-17 03:25,1956
2018-04-17 03:30,1941
2018-04-17 03:35,1898
2018-04-17 03:40,1867
2018-04-17 03:45,1853
2018-04-17 03:50,1833
2018-04-17 03:55,1829
2018-04-17 04:00,1810
2018-04-17 04:05,1788
2018-04-17 04:10,1773
2018-04-17 04:15,1754
2018-04-17 04:20,1743
2018-04-17 04:25,1738
2018-04-17 04:30,1734
2018-04-17 04:35,1726
2018-04-17 04:40,1689
2018-04-17 04:45,1685
2018-04-17 04:50,1680
2018-04-17 04:55,1675
2018-04-17 05:00,1670
2018-04-17 05:05,1663
2018-04-17 05:10,1635
2018-04-17 05:15,1619
2018-04-17 05:20,1607
2018-04-17 05:25,1620
2018-04-17 05:30,1606
2018-04-17 05:35,1589
2018-04-17 05:40,1570
2018-04-17 05:45,1545
2018-04-17 05:50,1533
2018-04-17 05:55,1533
2018-04-17 06:00,1505
2018-04-17 06:05,1494
2018-04-17 06:10,1493
2018-04-17 06:15,1503
2018-04-17 06:20,1496
2018-04-17 06:25,1492
2018-04-17 06:30,1484
2018-04-17 06:35,1462
2018-04-17 06:40,1468
2018-04-17 06:45,1460
2018-04-17 06:50,1469
2018-04-17 06:55,1464
2018-04-17 07:00,1492
2018-04-17 07:05,1491
2018-04-17 07:10,1502
2018-04-17 07:15,1500
2018-04-17 07:20,1486
2018-04-17 07:25,1476
2018-04-17 07:30,1479
2018-04-17 07:35,1485
2018-04-17 07:40,1488
2018-04-17 07:45,1485
2018-04-17 07:50,1497
2018-04-17 07:55,1493
2018-04-17 08:00,1506
2018-04-17 08:05,1528
2018-04-17 08:10,1547
2018-04-17 08:15,1558
2018-04-17 08:20,1568
2018-04-17 08:25,1582
2018-04-17 08:30,1578
2018-04-17 08:35,1581
2018-04-17 08:40,1572
2018-04-17 08:45,1590
2018-04-17 08:50,1597
2018-04-17 08:55,1613
2018-04-17 09:00,1604
2018-04-17 09:05,1619
2018-04-17 09:10,1644
2018-04-17 09:15,1664
2018-04-17 09:20,1678
2018-04-17 09:25,1694
2018-04-17 09:30,1712
2018-04-17 09:35,1700
2018-04-17 09:40,1708
2018-04-17 09:45,1724
2018-04-17 09:50,1740
2018-04-17 09:55,1770
2018-04-17 10:00,1795
2018-04-17 10:05,1818
2018-04-17 10:10,1842
2018-04-17 10:15,1851
2018-04-17 10:20,1879
2018-04-17 10:25,1905
2018-04-17 10:30,1920
2018-04-17 10:35,1930
2018-04-17 10:40,1912
2018-04-17 10:45,1944
2018-04-17 10:50,1962
2018-04-17 10:55,1960
2018-04-17 11:00,1963
2018-04-17 11:05,1981
2018-04-17 11:10,1983
2018-04-17 11:15,1997
2018-04-17 11:20,2003
2018-04-17 11:25,2007
2018-04-17 11:30,2027
2018-04-17 11:35,2025
2018-04-17 11:40,2051
2018-04-17 11:45,2057
2018-04-17 11:50,2071
2018-04-17 11:55,2088
2018-04-17 12:00,2098
2018-04-17 12:05,2110
2018-04-17 12:10,2107
2018-04-17 12:15,2132
2018-04-17 12:20,2125
2018-04-17 12:25,2162
2018-04-17 12:30,2170
2018-04-17 12:35,2183
2018-04-17 12:40,2218
2018-04-17 12:45,2233
2018-04-17 12:50,2236
2018-04-17 12:55,2236
2018-04-17 13:00,2255
2018-04-17 13:05,2282
2018-04-17 13:10,2272
2018-04-17 13:15,2284
2018-04-17 13:20,2301
2018-04-17 13:25,2331
2018-04-17 13:30,2363
2018-04-17 13:35,2372
2018-04-17 13:40,2419
2018-04-17 13:45,2438
2018-04-17 13:50,2454
2018-04-17 13:55,2480
2018-04-17 14:00,2482
2018-04-17 14:05,2508
2018-04-17 14:10,2521
2018-04-17 14:15,2580
2018-04-17 14:20,2608
2018-04-17 14:25,2611
2018-04-17 14:30,2631
2018-04-17 14:35,2658
2018-04-17 14:40,2680
2018-04-17 14:45,2685
2018-04-17 14:50,2705
2018-04-17 14:55,2716
2018-04-17 15:00,2714
2018-04-17 15:05,2733
2018-04-17 15:10,2731
2018-04-17 15:15,2722
2018-04-17 15:20,2757
2018-04-17 15:25,2798
2018-04-17 15:30,2821
2018-04-17 15:35,2825
2018-04-17 15:40,2818
2018-04-17 15:45,2819
2018-04-17 15:50,2850
2018-04-17 15:55,2875
2018-04-17 16:00,2887
2018-04-17 16:05,2890
2018-04-17 16:10,2910
2018-04-17 16:15,2950
2018-04-17 16:20,2973
2018-04-17 16:25,2980
2018-04-17 16:30,3027
2018-04-17 16:35,3057
2018-04-17 16:40,3078
2018-04-17 16:45,3083
2018-04-17 16:50,3101
2018-04-17 16:55,3099
2018-04-17 17:00,3105
2018-04-17 17:05,3119
2018-04-17 17:10,3148
2018-04-17 17:15,3182
2018-04-17 17:20,3204
2018-04-17 17:25,3205
2018-04-17 17:30,3209
2018-04-17 17:35,3229
2018-04-17 17:40,3207
2018-04-17 17:45,3210
2018-04-17 17:50,3228
2018-04-17 17:55,3254
2018-04-17 18:00,3251
2018-04-17 18:05,3252
2018-04-17 18:10,3274
2018-04-17 18:15,3276
2018-04-17 18:20,3296
2018-04-17 18:25,3301
2018-04-17 18:30,3289
2018-04-17 18:35,3277
2018-04-17 18:40,3285
2018-04-17 18:45,3291
2018-04-17 18:50,3259
2018-04-17 18:55,3274
2018-04-17 19:00,3261
2018-04-17 19:05,3268
2018-04-17 19:10,3278
2018-04-17 19:15,3263
2018-04-17 19:20,3272
2018-04-17 19:25,3307
2018-04-17 19:30,3298
2018-04-17 19:35,3315
2018-04-17 19:40,3332
2018-04-17 19:45,3311
2018-04-17 19:50,3307
2018-04-17 19:55,3281
2018-04-17 20:00,3244
2018-04-17 20:05,3266
2018-04-17 20:10,3242
2018-04-17 20:15,3183
2018-04-17 20:20,3163
2018-04-17 20:25,3120
2018-04-17 20:30,3097
2018-04-17 20:35,3078
2018-04-17 20:40,3035
2018-04-17 20:45,3010
2018-04-17 20:50,2991
2018-04-17 20:55,2944
2018-04-17 21:00,2919
2018-04-17 21:05,2850
2018-04-17 21:10,2816
2018-04-17 21:15,2772
2018-04-17 21:20,2779
2018-04-17 21:25,2763
2018-04-17 21:30,2752
2018-04-17 21:35,2683
2018-04-17 21:40,2648
2018-04-17 21:45,2577
2018-04-17 21:50,2538
2018-04-17 21:55,2517
2018-04-17 22:00,2491
2018-04-17 22:05,2476
2018-04-17 22:10,2462
2018-04-17 22:15,2435
2018-04-17 22:20,2417
2018-04-17 22:25,2386
2018-04-17 22:30,2356
2018-04-17 22:35,2348
2018-04-17 22:40,2327
2018-04-17 22:45,2306
2018-04-17 22:50,2299
2018-04-17 22:55,2303
2018-04-17 23:00,2279
2018-04-17 23:05,2254
2018-04-17 23:10,2226
2018-04-17 23:15,2212
2018-04-17 23:20,2232
2018-04-17 23:25,2222
2018-04-17 23:30,2174
2018-04-17 23:35,2171
2018-04-17 23:40,2173
2018-04-17 23:45,2169
2018-04-17 23:50,2158
2018-04-17 23:55,2150
2018-04-18 00:00,2150
2018-04-18 00:05,2127
2018-04-18 00:10,2133
2018-04-18 00:15,2141
2018-04-18 00:20,2120
2018-04-18 00:25,2131
2018-04-18 00:30,2131
2018-04-18 00:35,2122
2018-04-18 00:40,2127
2018-04-18 00:45,2129
2018-04-18 00:50,2124
2018-04-18 00:55,2107
2018-04-18 01:00,2083
2018-04-18 01:05,2068
2018-04-18 01:10,2074
2018-04-18 01:15,2064
2018-04-18 01:20,2059
2018-04-18 01:25,2026
2018-04-18 01:30,2034
2018-04-18 01:35,2030
2018-04-18 01:40,2037
2018-04-18 01:45,2025
2018-04-18 01:50,2001
2018-04-18 01:55,2000
2018-04-18 02:00,2014
2018-04-18 02:05,1998
2018-04-18 02:10,1975
2018-04-18 02:15,1969
2018-04-18 02:20,1982
2018-04-18 02:25,1967
2018-04-18 02:30,1966
2018-04-18 02:35,1967
2018-04-18 02:40,1967
2018-04-18 02:45,1940
2018-04-18 02:50,1885
2018-04-18 02:55,1871
2018-04-18 03:00,1854
2018-04-18 03:05,1815
2018-04-18 03:10,1812
2018-04-18 03:15,1795
2018-04-18 03:20,1807
2018-04-18 03:25,1773
2018-04-18 03:30,1765
2018-04-18 03:35,1743
2018-04-18 03:40,1722
2018-04-18 03:45,1708
2018-04-18 03:50,1694
2018-04-18 03:55,1662
2018-04-18 04:00,1635
2018-04-18 04:05,1614
2018-04-18 04:10,1620
2018-04-18 04:15,1598
2018-04-18 04:20,1607
2018-04-18 04:25,1584
2018-04-18 04:30,1580
2018-04-18 04:35,1584
2018-04-18 04:40,1577
2018-04-18 04:45,1566
2018-04-18 04:50,1569
2018-04-18 04:55,1569
2018-04-18 05:00,1544
2018-04-18 05:05,1532
2018-04-18 05:10,1512
2018-04-18 05:15,1518
2018-04-18 05:20,1490
2018-04-18 05:25,1478
2018-04-18 05:30,1466
2018-04-18 05:35,1463
2018-04-18 05:40,1459
2018-04-18 05:45,1452
2018-04-18 05:50,1452
2018-04-18 05:55,1453
2018-04-18 06:00,1458
2018-04-18 06:05,1445
2018-04-18 06:10,1441
2018-04-18 06:15,1431
2018-04-18 06:20,1433
2018-04-18 06:25,1444
2018-04-18 06:30,1443
2018-04-18 06:35,1436
2018-04-18 06:40,1446
2018-04-18 06:45,1438
2018-04-18 06:50,1442
2018-04-18 06:55,1435
2018-04-18 07:00,1433
2018-04-18 07:05,1442
2018-04-18 07:10,1442
2018-04-18 07:15,1452
2018-04-18 07:20,1447
2018-04-18 07:25,1452
2018-04-18 07:30,1446
2018-04-18 07:35,1455
2018-04-18 07:40,1464
2018-04-18 07:45,1471
2018-04-18 07:50,1476
2018-04-18 07:55,1485
2018-04-18 08:00,1485
2018-04-18 08:05,1492
2018-04-18 08:10,1494
2018-04-18 08:15,1502
2018-04-18 08:20,1526
2018-04-18 08:25,1533
2018-04-18 08:30,1546
2018-04-18 08:35,1537
2018-04-18 08:40,1551
2018-04-18 08:45,1554
2018-04-18 08:50,1564
2018-04-18 08:55,1576
2018-04-18 09:00,1564
2018-04-18 09:05,1587
2018-04-18 09:10,1602
2018-04-18 09:15,1598
2018-04-18 09:20,1590
2018-04-18 09:25,1620
2018-04-18 09:30,1621
2018-04-18 09:35,1624
2018-04-18 09:40,1621
2018-04-18 09:45,1607
2018-04-18 09:50,1609
2018-04-18 09:55,1602
2018-04-18 10:00,1614
2018-04-18 10:05,1678
2018-04-18 10:10,1696
2018-04-18 10:15,1714
2018-04-18 10:20,1739
2018-04-18 10:25,1763
2018-04-18 10:30,1769
2018-04-18 10:35,1785
2018-04-18 10:40,1807
2018-04-18 10:45,1828
2018-04-18 10:50,1842
2018-04-18 10:55,1856
2018-04-18 11:00,1854
2018-04-18 11:05,1866
2018-04-18 11:10,1879
2018-04-18 11:15,1909
2018-04-18 11:20,1906
2018-04-18 11:25,1908
2018-04-18 11:30,1930
2018-04-18 11:35,1959
2018-04-18 11:40,1988
2018-04-18 11:45,2008
2018-04-18 11:50,2016
2018-04-18 11:55,2025
2018-04-18 12:00,2066
2018-04-18 12:05,2085
2018-04-18 12:10,2083
2018-04-18 12:15,2104
2018-04-18 12:20,2115
2018-04-18 12:25,2129
2018-04-18 12:30,2159
2018-04-18 12:35,2169
2018-04-18 12:40,2170
2018-04-18 12:45,2195
2018-04-18 12:50,2207
2018-04-18 12:55,2217
2018-04-18 13:00,2221
2018-04-18 13:05,2230
2018-04-18 13:10,2251
2018-04-18 13:15,2275
2018-04-18 13:20,2277
2018-04-18 13:25,2287
2018-04-18 13:30,2330
2018-04-18 13:35,2342
2018-04-18 13:40,2375
2018-04-18 13:45,2382
2018-04-18 13:50,2393
2018-04-18 13:55,2402
2018-04-18 14:00,2427
2018-04-18 14:05,2437
2018-04-18 14:10,2462
2018-04-18 14:15,2458
2018-04-18 14:20,2491
2018-04-18 14:25,2534
2018-04-18 14:30,2555
2018-04-18 14:35,2578
2018-04-18 14:40,2587
2018-04-18 14:45,2640
2018-04-18 14:50,2661
2018-04-18 14:55,2659
2018-04-18 15:00,2678
2018-04-18 15:05,2679
2018-04-18 15:10,2694
2018-04-18 15:15,2709
2018-04-18 15:20,2729
2018-04-18 15:25,2741
2018-04-18 15:30,2730
2018-04-18 15:35,2759
2018-04-18 15:40,2748
2018-04-18 15:45,2769
2018-04-18 15:50,2797
2018-04-18 15:55,2834
2018-04-18 16:00,2845
2018-04-18 16:05,2877
2018-04-18 16:10,2900
2018-04-18 16:15,2895
2018-04-18 16:20,2926
2018-04-18 16:25,2948
2018-04-18 16:30,2989
2018-04-18 16:35,2997
2018-04-18 16:40,3040
2018-04-18 16:45,3048
2018-04-18 16:50,3046
2018-04-18 16:55,3065
2018-04-18 17:00,3069
2018-04-18 17:05,3091
2018-04-18 17:10,3102
2018-04-18 17:15,3137
2018-04-18 17:20,3154
2018-04-18 17:25,3181
2018-04-18 17:30,3204
2018-04-18 17:35,3211
2018-04-18 17:40,3223
2018-04-18 17:45,3220
2018-04-18 17:50,3223
2018-04-18 17:55,3218
2018-04-18 18:00,3205
2018-04-18 18:05,3198
2018-04-18 18:10,3191
2018-04-18 18:15,3161
2018-04-18 18:20,3148
2018-04-18 18:25,3124
2018-04-18 18:30,3132
2018-04-18 18:35,3159
2018-04-18 18:40,3177
2018-04-18 18:45,3186
2018-04-18 18:50,3228
2018-04-18 18:55,3201
2018-04-18 19:00,3221
2018-04-18 19:05,3217
2018-04-18 19:10,3191
2018-04-18 19:15,3191
2018-04-18 19:20,3200
2018-04-18 19:25,3205
2018-04-18 19:30,3201
2018-04-18 19:35,3202
2018-04-18 19:40,3175
2018-04-18 19:45,3189
2018-04-18 19:50,3193
2018-04-18 19:55,3148
2018-04-18 20:00,3137
2018-04-18 20:05,3126
2018-04-18 20:10,3099
2018-04-18 20:15,3068
2018-04-18 20:20,3027
2018-04-18 20:25,2997
2018-04-18 20:30,2975
2018-04-18 20:35,2941
2018-04-18 20:40,2929
2018-04-18 20:45,2902
2018-04-18 20:50,2876
2018-04-18 20:55,2875
2018-04-18 21:00,2836
2018-04-18 21:05,2799
2018-04-18 21:10,2766
2018-04-18 21:15,2724
2018-04-18 21:20,2667
2018-04-18 21:25,2648
2018-04-18 21:30,2623
2018-04-18 21:35,2574
2018-04-18 21:40,2542
2018-04-18 21:45,2511
2018-04-18 21:50,2497
2018-04-18 21:55,2481
2018-04-18 22:00,2464
2018-04-18 22:05,2415
2018-04-18 22:10,2392
2018-04-18 22:15,2366
2018-04-18 22:20,2363
2018-04-18 22:25,2348
2018-04-18 22:30,2312
2018-04-18 22:35,2293
2018-04-18 22:40,2275
2018-04-18 22:45,2278
2018-04-18 22:50,2244
2018-04-18 22:55,2233
2018-04-18 23:00,2225
2018-04-18 23:05,2218
2018-04-18 23:10,2233
2018-04-18 23:15,2209
2018-04-18 23:20,2194
2018-04-18 23:25,2181
2018-04-18 23:30,2167
2018-04-18 23:35,2149
2018-04-18 23:40,2141
2018-04-18 23:45,2148
2018-04-18 23:50,2126
2018-04-18 23:55,2116
2018-04-19 00:00,2123
2018-04-19 00:05,2130
2018-04-19 00:10,2131
2018-04-19 00:15,2126
2018-04-19 00:20,2124
2018-04-19 00:25,2114
2018-04-19 00:30,2104
2018-04-19 00:35,2083
2018-04-19 00:40,2086
2018-04-19 00:45,2096
2018-04-19 00:50,2090
2018-04-19 00:55,2098
2018-04-19 01:00,2075
2018-04-19 01:05,2052
2018-04-19 01:10,2042
2018-04-19 01:15,2041
2018-04-19 01:20,2019
2018-04-19 01:25,2011
2018-04-19 01:30,2024
2018-04-19 01:35,2027
2018-04-19 01:40,2030
2018-04-19 01:45,2021
2018-04-19 01:50,2012
2018-04-19 01:55,2017
2018-04-19 02:00,2000
2018-04-19 02:05,1967
2018-04-19 02:10,1935
2018-04-19 02:15,1935
2018-04-19 02:20,1915
2018-04-19 02:25,1872
2018-04-19 02:30,1829
2018-04-19 02:35,1826
2018-04-19 02:40,1793
2018-04-19 02:45,1795
2018-04-19 02:50,1773
2018-04-19 02:55,1755
2018-04-19 03:00,1738
2018-04-19 03:05,1725
2018-04-19 03:10,1711
2018-04-19 03:15,1694
2018-04-19 03:20,1691
2018-04-19 03:25,1670
2018-04-19 03:30,1667
2018-04-19 03:35,1645
2018-04-19 03:40,1647
2018-04-19 03:45,1647
2018-04-19 03:50,1658
2018-04-19 03:55,1645
2018-04-19 04:00,1628
2018-04-19 04:05,1611
2018-04-19 04:10,1596
2018-04-19 04:15,1586
2018-04-19 04:20,1601
2018-04-19 04:25,1577
2018-04-19 04:30,1571
2018-04-19 04:35,1556
2018-04-19 04:40,1562
2018-04-19 04:45,1574
2018-04-19 04:50,1564
2018-04-19 04:55,1557
2018-04-19 05:00,1569
2018-04-19 05:05,1547
2018-04-19 05:10,1549
2018-04-19 05:15,1532
2018-04-19 05:20,1522
2018-04-19 05:25,1497
2018-04-19 05:30,1480
2018-04-19 05:35,1475
2018-04-19 05:40,1487
2018-04-19 05:45,1482
2018-04-19 05:50,1483
2018-04-19 05:55,1462
2018-04-19 06:00,1463
2018-04-19 06:05,1450
2018-04-19 06:10,1451
2018-04-19 06:15,1470
2018-04-19 06:20,1492
2018-04-19 06:25,1488
2018-04-19 06:30,1485
2018-04-19 06:35,1495
2018-04-19 06:40,1491
2018-04-19 06:45,1481
2018-04-19 06:50,1475
2018-04-19 06:55,1479
2018-04-19 07:00,1473
2018-04-19 07:05,1470
2018-04-19 07:10,1475
2018-04-19 07:15,1478
2018-04-19 07:20,1479
2018-04-19 07:25,1472
2018-04-19 07:30,1481
2018-04-19 07:35,1494
2018-04-19 07:40,1489
2018-04-19 07:45,1478
2018-04-19 07:50,1504
2018-04-19 07:55,1512
2018-04-19 08:00,1519
2018-04-19 08:05,1523
2018-04-19 08:10,1505
2018-04-19 08:15,1494
2018-04-19 08:20,1483
2018-04-19 08:25,1480
2018-04-19 08:30,1475
2018-04-19 08:35,1496
2018-04-19 08:40,1514
2018-04-19 08:45,1549
2018-04-19 08:50,1556
2018-04-19 08:55,1561
2018-04-19 09:00,1583
2018-04-19 09:05,1595
2018-04-19 09:10,1612
2018-04-19 09:15,1615
2018-04-19 09:20,1610
2018-04-19 09:25,1621
2018-04-19 09:30,1657
2018-04-19 09:35,1671
2018-04-19 09:40,1679
2018-04-19 09:45,1689
2018-04-19 09:50,1696
2018-04-19 09:55,1704
2018-04-19 10:00,1737
2018-04-19 10:05,1745
2018-04-19 10:10,1765
2018-04-19 10:15,1797
2018-04-19 10:20,1804
2018-04-19 10:25,1819
2018-04-19 10:30,1815
2018-04-19 10:35,1813
2018-04-19 10:40,1802
2018-04-19 10:45,1804
2018-04-19 10:50,1832
2018-04-19 10:55,1827
2018-04-19 11:00,1841
2018-04-19 11:05,1846
2018-04-19 11:10,1857
2018-04-19 11:15,1851
2018-04-19 11:20,1875
2018-04-19 11:25,1878
2018-04-19 11:30,1873
2018-04-19 11:35,1888
2018-04-19 11:40,1897
2018-04-19 11:45,1907
2018-04-19 11:50,1919
2018-04-19 11:55,1952
2018-04-19 12:00,1966
2018-04-19 12:05,1972
2018-04-19 12:10,1986
2018-04-19 12:15,2012
2018-04-19 12:20,2023
2018-04-19 12:25,2043
2018-04-19 12:30,2063
2018-04-19 12:35,2037
2018-04-19 12:40,2020
2018-04-19 12:45,1998
2018-04-19 12:50,1935
2018-04-19 12:55,1767
2018-04-19 13:00,1581
2018-04-19 13:05,1270
2018-04-19 13:10,1224
2018-04-19 13:15,1211
2018-04-19 13:20,1206
2018-04-19 13:25,1217
2018-04-19 13:30,1224
2018-04-19 13:35,1217
2018-04-19 13:40,1221
2018-04-19 13:45,1233
2018-04-19 13:50,1232
2018-04-19 13:55,1239
2018-04-19 14:00,1239
2018-04-19 14:05,1259
2018-04-19 14:10,1278
2018-04-19 14:15,1293
2018-04-19 14:20,1291
2018-04-19 14:25,1280
2018-04-19 14:30,1307
2018-04-19 14:35,1280
2018-04-19 14:40,1302
2018-04-19 14:45,1320
2018-04-19 14:50,1350
2018-04-19 14:55,1386
2018-04-19 15:00,1462
2018-04-19 15:05,1600
2018-04-19 15:10,1718
2018-04-19 15:15,1830
2018-04-19 15:20,1929
2018-04-19 15:25,2014
2018-04-19 15:30,2097
2018-04-19 15:35,2161
2018-04-19 15:40,2251
2018-04-19 15:45,2345
2018-04-19 15:50,2387
2018-04-19 15:55,2475
2018-04-19 16:00,2554
2018-04-19 16:05,2660
2018-04-19 16:10,2725
2018-04-19 16:15,2784
2018-04-19 16:20,2800
2018-04-19 16:25,2852
2018-04-19 16:30,2898
2018-04-19 16:35,2931
2018-04-19 16:40,2959
2018-04-19 16:45,3008
2018-04-19 16:50,3012
2018-04-19 16:55,3019
2018-04-19 17:00,3061
2018-04-19 17:05,3077
2018-04-19 17:10,3113
2018-04-19 17:15,3137
2018-04-19 17:20,3135
2018-04-19 17:25,3156
2018-04-19 17:30,3147
2018-04-19 17:35,3138
2018-04-19 17:40,3133
2018-04-19 17:45,3150
2018-04-19 17:50,3171
2018-04-19 17:55,3203
2018-04-19 18:00,3184
2018-04-19 18:05,3204
2018-04-19 18:10,3234
2018-04-19 18:15,3216
2018-04-19 18:20,3217
2018-04-19 18:25,3239
2018-04-19 18:30,3206
2018-04-19 18:35,3220
2018-04-19 18:40,3236
2018-04-19 18:45,3261
2018-04-19 18:50,3269
2018-04-19 18:55,3268
2018-04-19 19:00,3239
2018-04-19 19:05,3253
2018-04-19 19:10,3269
2018-04-19 19:15,3275
2018-04-19 19:20,3282
2018-04-19 19:25,3299
2018-04-19 19:30,3290
2018-04-19 19:35,3301
2018-04-19 19:40,3284
2018-04-19 19:45,3267
2018-04-19 19:50,3248
2018-04-19 19:55,3215
2018-04-19 20:00,3191
2018-04-19 20:05,3175
2018-04-19 20:10,3145
2018-04-19 20:15,3105
2018-04-19 20:20,3070
2018-04-19 20:25,3049
2018-04-19 20:30,3049
2018-04-19 20:35,3031
2018-04-19 20:40,2997
2018-04-19 20:45,2985
2018-04-19 20:50,2926
2018-04-19 20:55,2880
2018-04-19 21:00,2857
2018-04-19 21:05,2800
2018-04-19 21:10,2759
2018-04-19 21:15,2706
2018-04-19 21:20,2665
2018-04-19 21:25,2647
2018-04-19 21:30,2608
2018-04-19 21:35,2586
2018-04-19 21:40,2558
2018-04-19 21:45,2524
2018-04-19 21:50,2495
2018-04-19 21:55,2460
2018-04-19 22:00,2433
2018-04-19 22:05,2420
2018-04-19 22:10,2388
2018-04-19 22:15,2371
2018-04-19 22:20,2332
2018-04-19 22:25,2324
2018-04-19 22:30,2297
2018-04-19 22:35,2287
2018-04-19 22:40,2276
2018-04-19 22:45,2269
2018-04-19 22:50,2272
2018-04-19 22:55,2275
2018-04-19 23:00,2268
2018-04-19 23:05,2236
2018-04-19 23:10,2232
2018-04-19 23:15,2238
2018-04-19 23:20,2197
2018-04-19 23:25,2193
2018-04-19 23:30,2178
2018-04-19 23:35,2135
2018-04-19 23:40,2138
2018-04-19 23:45,2132
2018-04-19 23:50,2118
2018-04-19 23:55,2077
2018-04-20 00:00,2054
2018-04-20 00:05,2018
2018-04-20 00:10,2020
2018-04-20 00:15,2014
2018-04-20 00:20,2004
2018-04-20 00:25,2011
2018-04-20 00:30,2012
2018-04-20 00:35,2010
2018-04-20 00:40,2004
2018-04-20 00:45,1988
2018-04-20 00:50,1979
2018-04-20 00:55,1972
2018-04-20 01:00,1968
2018-04-20 01:05,1967
2018-04-20 01:10,1964
2018-04-20 01:15,1973
2018-04-20 01:20,1971
2018-04-20 01:25,1963
2018-04-20 01:30,1957
2018-04-20 01:35,1939
2018-04-20 01:40,1932
2018-04-20 01:45,1931
2018-04-20 01:50,1910
2018-04-20 01:55,1900
2018-04-20 02:00,1907
2018-04-20 02:05,1870
2018-04-20 02:10,1871
2018-04-20 02:15,1857
2018-04-20 02:20,1847
2018-04-20 02:25,1849
2018-04-20 02:30,1845
2018-04-20 02:35,1825
2018-04-20 02:40,1811
2018-04-20 02:45,1794
2018-04-20 02:50,1791
2018-04-20 02:55,1807
2018-04-20 03:00,1778
2018-04-20 03:05,1759
2018-04-20 03:10,1740
2018-04-20 03:15,1736
2018-04-20 03:20,1726
2018-04-20 03:25,1713
2018-04-20 03:30,1699
2018-04-20 03:35,1686
2018-04-20 03:40,1665
2018-04-20 03:45,1651
2018-04-20 03:50,1634
2018-04-20 03:55,1616
2018-04-20 04:00,1596
2018-04-20 04:05,1590
2018-04-20 04:10,1590
2018-04-20 04:15,1567
2018-04-20 04:20,1560
2018-04-20 04:25,1554
2018-04-20 04:30,1546
2018-04-20 04:35,1527
2018-04-20 04:40,1528
2018-04-20 04:45,1535
2018-04-20 04:50,1521
2018-04-20 04:55,1531
2018-04-20 05:00,1507
2018-04-20 05:05,1483
2018-04-20 05:10,1481
2018-04-20 05:15,1481
2018-04-20 05:20,1463
2018-04-20 05:25,1467
2018-04-20 05:30,1437
2018-04-20 05:35,1435
2018-04-20 05:40,1445
2018-04-20 05:45,1440
2018-04-20 05:50,1442
2018-04-20 05:55,1440
2018-04-20 06:00,1443
2018-04-20 06:05,1441
2018-04-20 06:10,1446
2018-04-20 06:15,1451
2018-04-20 06:20,1459
2018-04-20 06:25,1450
2018-04-20 06:30,1456
2018-04-20 06:35,1445
2018-04-20 06:40,1448
2018-04-20 06:45,1426
2018-04-20 06:50,1419
2018-04-20 06:55,1424
2018-04-20 07:00,1411
2018-04-20 07:05,1398
2018-04-20 07:10,1409
2018-04-20 07:15,1396
2018-04-20 07:20,1403
2018-04-20 07:25,1411
2018-04-20 07:30,1439
2018-04-20 07:35,1450
2018-04-20 07:40,1443
2018-04-20 07:45,1462
2018-04-20 07:50,1446
2018-04-20 07:55,1458
2018-04-20 08:00,1481
2018-04-20 08:05,1490
2018-04-20 08:10,1505
2018-04-20 08:15,1514
2018-04-20 08:20,1528
2018-04-20 08:25,1507
2018-04-20 08:30,1521
2018-04-20 08:35,1527
2018-04-20 08:40,1543
2018-04-20 08:45,1565
2018-04-20 08:50,1571
2018-04-20 08:55,1586
2018-04-20 09:00,1583
2018-04-20 09:05,1574
2018-04-20 09:10,1587
2018-04-20 09:15,1609
2018-04-20 09:20,1608
2018-04-20 09:25,1612
2018-04-20 09:30,1606
2018-04-20 09:35,1626
2018-04-20 09:40,1645
2018-04-20 09:45,1656
2018-04-20 09:50,1644
2018-04-20 09:55,1659
2018-04-20 10:00,1718
2018-04-20 10:05,1762
2018-04-20 10:10,1785
2018-04-20 10:15,1814
2018-04-20 10:20,1840
2018-04-20 10:25,1842
2018-04-20 10:30,1837
2018-04-20 10:35,1857
2018-04-20 10:40,1865
2018-04-20 10:45,1886
2018-04-20 10:50,1888
2018-04-20 10:55,1904
2018-04-20 11:00,1908
2018-04-20 11:05,1894
2018-04-20 11:10,1909
2018-04-20 11:15,1934
2018-04-20 11:20,1980
2018-04-20 11:25,1982
2018-04-20 11:30,1991
2018-04-20 11:35,2017
2018-04-20 11:40,2033
2018-04-20 11:45,2050
2018-04-20 11:50,2019
2018-04-20 11:55,2009
2018-04-20 12:00,1992
2018-04-20 12:05,1991
2018-04-20 12:10,1985
2018-04-20 12:15,2015
2018-04-20 12:20,2026
2018-04-20 12:25,2055
2018-04-20 12:30,2077
2018-04-20 12:35,2088
2018-04-20 12:40,2116
2018-04-20 12:45,2126
2018-04-20 12:50,2155
2018-04-20 12:55,2156
2018-04-20 13:00,2176
2018-04-20 13:05,2187
2018-04-20 13:10,2214
2018-04-20 13:15,2220
2018-04-20 13:20,2270
2018-04-20 13:25,2291
2018-04-20 13:30,2290
2018-04-20 13:35,2310
2018-04-20 13:40,2329
2018-04-20 13:45,2335
2018-04-20 13:50,2350
2018-04-20 13:55,2362
2018-04-20 14:00,2418
2018-04-20 14:05,2412
2018-04-20 14:10,2429
2018-04-20 14:15,2429
2018-04-20 14:20,2436
2018-04-20 14:25,2454
2018-04-20 14:30,2467
2018-04-20 14:35,2479
2018-04-20 14:40,2508
2018-04-20 14:45,2531
2018-04-20 14:50,2547
2018-04-20 14:55,2553
2018-04-20 15:00,2579
2018-04-20 15:05,2597
2018-04-20 15:10,2606
2018-04-20 15:15,2627
2018-04-20 15:20,2650
2018-04-20 15:25,2690
2018-04-20 15:30,2707
2018-04-20 15:35,2716
2018-04-20 15:40,2721
2018-04-20 15:45,2730
2018-04-20 15:50,2725
2018-04-20 15:55,2748
2018-04-20 16:00,2761
2018-04-20 16:05,2780
2018-04-20 16:10,2758
2018-04-20 16:15,2789
2018-04-20 16:20,2821
2018-04-20 16:25,2837
2018-04-20 16:30,2881
2018-04-20 16:35,2914
2018-04-20 16:40,2923
2018-04-20 16:45,2945
2018-04-20 16:50,2944
2018-04-20 16:55,2985
2018-04-20 17:00,2997
2018-04-20 17:05,3009
2018-04-20 17:10,3036
2018-04-20 17:15,3035
2018-04-20 17:20,3049
2018-04-20 17:25,3046
2018-04-20 17:30,3066
2018-04-20 17:35,3061
2018-04-20 17:40,3059
2018-04-20 17:45,3057
2018-04-20 17:50,3057
2018-04-20 17:55,3051
2018-04-20 18:00,3068
2018-04-20 18:05,3084
2018-04-20 18:10,3085
2018-04-20 18:15,3071
2018-04-20 18:20,3071
2018-04-20 18:25,3084
2018-04-20 18:30,3088
2018-04-20 18:35,3092
2018-04-20 18:40,3095
2018-04-20 18:45,3124
2018-04-20 18:50,3116
2018-04-20 18:55,3137
2018-04-20 19:00,3138
2018-04-20 19:05,3115
2018-04-20 19:10,3122
2018-04-20 19:15,3135
2018-04-20 19:20,3154
2018-04-20 19:25,3167
2018-04-20 19:30,3175
2018-04-20 19:35,3207
2018-04-20 19:40,3198
2018-04-20 19:45,3224
2018-04-20 19:50,3211
2018-04-20 19:55,3172
2018-04-20 20:00,3142
2018-04-20 20:05,3120
2018-04-20 20:10,3121
2018-04-20 20:15,3104
2018-04-20 20:20,3099
2018-04-20 20:25,3056
2018-04-20 20:30,3066
2018-04-20 20:35,3055
2018-04-20 20:40,3030
2018-04-20 20:45,3028
2018-04-20 20:50,3031
2018-04-20 20:55,3002
2018-04-20 21:00,2950
2018-04-20 21:05,2948
2018-04-20 21:10,2949
2018-04-20 21:15,2910
2018-04-20 21:20,2877
2018-04-20 21:25,2877
2018-04-20 21:30,2842
2018-04-20 21:35,2846
2018-04-20 21:40,2810
2018-04-20 21:45,2775
2018-04-20 21:50,2772
2018-04-20 21:55,2721
2018-04-20 22:00,2698
2018-04-20 22:05,2653
2018-04-20 22:10,2627
2018-04-20 22:15,2586
2018-04-20 22:20,0
2018-04-20 22:25,2547
2018-04-20 22:30,2502
2018-04-20 22:35,2515
2018-04-20 22:40,2476
2018-04-20 22:45,2463
2018-04-20 22:50,2482
2018-04-20 22:55,2417
2018-04-20 23:00,2425
2018-04-20 23:05,2407
2018-04-20 23:10,2384
2018-04-20 23:15,2366
2018-04-20 23:20,2327
2018-04-20 23:25,2299
2018-04-20 23:30,2302
2018-04-20 23:35,2290
2018-04-20 23:40,2278
2018-04-20 23:45,2256
2018-04-20 23:50,2235
2018-04-20 23:55,2220
2018-04-21 00:00,2222
2018-04-21 00:05,2179
2018-04-21 00:10,2184
2018-04-21 00:15,2193
2018-04-21 00:20,2194
2018-04-21 00:25,2179
2018-04-21 00:30,2168
2018-04-21 00:35,2159
2018-04-21 00:40,2152
2018-04-21 00:45,2163
2018-04-21 00:50,2162
2018-04-21 00:55,2159
2018-04-21 01:00,2106
2018-04-21 01:05,2108
2018-04-21 01:10,2127
2018-04-21 01:15,2123
2018-04-21 01:20,2116
2018-04-21 01:25,2104
2018-04-21 01:30,2123
2018-04-21 01:35,2101
2018-04-21 01:40,2108
2018-04-21 01:45,2101
2018-04-21 01:50,2090
2018-04-21 01:55,2098
2018-04-21 02:00,2103
2018-04-21 02:05,2118
2018-04-21 02:10,2095
2018-04-21 02:15,2082
2018-04-21 02:20,2083
2018-04-21 02:25,2075
2018-04-21 02:30,2056
2018-04-21 02:35,2040
2018-04-21 02:40,2033
2018-04-21 02:45,2050
2018-04-21 02:50,2041
2018-04-21 02:55,2012
2018-04-21 03:00,2005
2018-04-21 03:05,1974
2018-04-21 03:10,1966
2018-04-21 03:15,1961
2018-04-21 03:20,1952
2018-04-21 03:25,1955
2018-04-21 03:30,1941
2018-04-21 03:35,1941
2018-04-21 03:40,1932
2018-04-21 03:45,1937
2018-04-21 03:50,1921
2018-04-21 03:55,1922
2018-04-21 04:00,1934
2018-04-21 04:05,1902
2018-04-21 04:10,1893
2018-04-21 04:15,1883
2018-04-21 04:20,1868
2018-04-21 04:25,1875
2018-04-21 04:30,1874
2018-04-21 04:35,1861
2018-04-21 04:40,1845
2018-04-21 04:45,1823
2018-04-21 04:50,1822
2018-04-21 04:55,1821
2018-04-21 05:00,1832
2018-04-21 05:05,1813
2018-04-21 05:10,1810
2018-04-21 05:15,1800
2018-04-21 05:20,1798
2018-04-21 05:25,1789
2018-04-21 05:30,1794
2018-04-21 05:35,1802
2018-04-21 05:40,1797
2018-04-21 05:45,1818
2018-04-21 05:50,1811
2018-04-21 05:55,1792
2018-04-21 06:00,1800
2018-04-21 06:05,1778
2018-04-21 06:10,1792
2018-04-21 06:15,1794
2018-04-21 06:20,1819
2018-04-21 06:25,1817
2018-04-21 06:30,1825
2018-04-21 06:35,1801
2018-04-21 06:40,1818
2018-04-21 06:45,1820
2018-04-21 06:50,1828
2018-04-21 06:55,1857
2018-04-21 07:00,1858
2018-04-21 07:05,1853
2018-04-21 07:10,1874
2018-04-21 07:15,1875
2018-04-21 07:20,1876
2018-04-21 07:25,1872
2018-04-21 07:30,1886
2018-04-21 07:35,1910
2018-04-21 07:40,1920
2018-04-21 07:45,1904
2018-04-21 07:50,1924
2018-04-21 07:55,1941
2018-04-21 08:00,1923
2018-04-21 08:05,1922
2018-04-21 08:10,1959
2018-04-21 08:15,1985
2018-04-21 08:20,1987
2018-04-21 08:25,2005
2018-04-21 08:30,2032
2018-04-21 08:35,2039
2018-04-21 08:40,2046
2018-04-21 08:45,2046
2018-04-21 08:50,2049
2018-04-21 08:55,2046
2018-04-21 09:00,2070
2018-04-21 09:05,2094
2018-04-21 09:10,2100
2018-04-21 09:15,2120
2018-04-21 09:20,2152
2018-04-21 09:25,2174
2018-04-21 09:30,2190
2018-04-21 09:35,2191
2018-04-21 09:40,2203
2018-04-21 09:45,2216
2018-04-21 09:50,2234
2018-04-21 09:55,2244
2018-04-21 10:00,2261
2018-04-21 10:05,2275
2018-04-21 10:10,2277
2018-04-21 10:15,2298
2018-04-21 10:20,2301
2018-04-21 10:25,2309
2018-04-21 10:30,2336
2018-04-21 10:35,2338
2018-04-21 10:40,2369
2018-04-21 10:45,2388
2018-04-21 10:50,2413
2018-04-21 10:55,2408
2018-04-21 11:00,2415
2018-04-21 11:05,2444
2018-04-21 11:10,2450
2018-04-21 11:15,2481
2018-04-21 11:20,2496
2018-04-21 11:25,2510
2018-04-21 11:30,2540
2018-04-21 11:35,2563
2018-04-21 11:40,2540
2018-04-21 11:45,2566
2018-04-21 11:50,2587
2018-04-21 11:55,2596
2018-04-21 12:00,2608
2018-04-21 12:05,2620
2018-04-21 12:10,2616
2018-04-21 12:15,2623
2018-04-21 12:20,2631
2018-04-21 12:25,2650
2018-04-21 12:30,2663
2018-04-21 12:35,2684
2018-04-21 12:40,2724
2018-04-21 12:45,2758
2018-04-21 12:50,2766
2018-04-21 12:55,2759
2018-04-21 13:00,2764
2018-04-21 13:05,2762
2018-04-21 13:10,2747
2018-04-21 13:15,2768
2018-04-21 13:20,2742
2018-04-21 13:25,2765
2018-04-21 13:30,2776
2018-04-21 13:35,2804
2018-04-21 13:40,2823
2018-04-21 13:45,2832
2018-04-21 13:50,2863
2018-04-21 13:55,2885
2018-04-21 14:00,2917
2018-04-21 14:05,2920
2018-04-21 14:10,2953
2018-04-21 14:15,2967
2018-04-21 14:20,2968
2018-04-21 14:25,3003
2018-04-21 14:30,3044
2018-04-21 14:35,3018
2018-04-21 14:40,3011
2018-04-21 14:45,3049
2018-04-21 14:50,3069
2018-04-21 14:55,3052
2018-04-21 15:00,3046
2018-04-21 15:05,3050
2018-04-21 15:10,3069
2018-04-21 15:15,3089
2018-04-21 15:20,3129
2018-04-21 15:25,3155
2018-04-21 15:30,3140
2018-04-21 15:35,3142
2018-04-21 15:40,3162
2018-04-21 15:45,3224
2018-04-21 15:50,3238
2018-04-21 15:55,3243
2018-04-21 16:00,3253
2018-04-21 16:05,3287
2018-04-21 16:10,3294
2018-04-21 16:15,3318
2018-04-21 16:20,3349
2018-04-21 16:25,3325
2018-04-21 16:30,3323
2018-04-21 16:35,3314
2018-04-21 16:40,3329
2018-04-21 16:45,3321
2018-04-21 16:50,3326
2018-04-21 16:55,3321
2018-04-21 17:00,3344
2018-04-21 17:05,3359
2018-04-21 17:10,3350
2018-04-21 17:15,3371
2018-04-21 17:20,3400
2018-04-21 17:25,3420
2018-04-21 17:30,3427
2018-04-21 17:35,3437
2018-04-21 17:40,3450
2018-04-21 17:45,3459
2018-04-21 17:50,3466
2018-04-21 17:55,3468
2018-04-21 18:00,3462
2018-04-21 18:05,3518
2018-04-21 18:10,3491
2018-04-21 18:15,3515
2018-04-21 18:20,3551
2018-04-21 18:25,3541
2018-04-21 18:30,3559
2018-04-21 18:35,3562
2018-04-21 18:40,3545
2018-04-21 18:45,3577
2018-04-21 18:50,3591
2018-04-21 18:55,3578
2018-04-21 19:00,3585
2018-04-21 19:05,3571
2018-04-21 19:10,3577
2018-04-21 19:15,3569
2018-04-21 19:20,3583
2018-04-21 19:25,3569
2018-04-21 19:30,3590
2018-04-21 19:35,3590
2018-04-21 19:40,3567
2018-04-21 19:45,3569
2018-04-21 19:50,3566
2018-04-21 19:55,3547
2018-04-21 20:00,3539
2018-04-21 20:05,3543
2018-04-21 20:10,3568
2018-04-21 20:15,3554
2018-04-21 20:20,3519
2018-04-21 20:25,3505
2018-04-21 20:30,3499
2018-04-21 20:35,3469
2018-04-21 20:40,3465
2018-04-21 20:45,3447
2018-04-21 20:50,3411
2018-04-21 20:55,3395
2018-04-21 21:00,3377
2018-04-21 21:05,3350
2018-04-21 21:10,3297
2018-04-21 21:15,3258
2018-04-21 21:20,3232
2018-04-21 21:25,3212
2018-04-21 21:30,3159
2018-04-21 21:35,3144
2018-04-21 21:40,3151
2018-04-21 21:45,3134
2018-04-21 21:50,3113
2018-04-21 21:55,3093
2018-04-21 22:00,3041
2018-04-21 22:05,3000
2018-04-21 22:10,2964
2018-04-21 22:15,2945
2018-04-21 22:20,2941
2018-04-21 22:25,2915
2018-04-21 22:30,2896
2018-04-21 22:35,2866
2018-04-21 22:40,2834
2018-04-21 22:45,2794
2018-04-21 22:50,2765
2018-04-21 22:55,2744
2018-04-21 23:00,2703
2018-04-21 23:05,2688
2018-04-21 23:10,2654
2018-04-21 23:15,2624
2018-04-21 23:20,2593
2018-04-21 23:25,2576
2018-04-21 23:30,2539
2018-04-21 23:35,2519
2018-04-21 23:40,2498
2018-04-21 23:45,2502
2018-04-21 23:50,2482
2018-04-21 23:55,2444
2018-04-22 00:00,2407
2018-04-22 00:05,2366
2018-04-22 00:10,2377
2018-04-22 00:15,2365
2018-04-22 00:20,2334
2018-04-22 00:25,2326
2018-04-22 00:30,2303
2018-04-22 00:35,2299
2018-04-22 00:40,2282
2018-04-22 00:45,2246
2018-04-22 00:50,2269
2018-04-22 00:55,2245
2018-04-22 01:00,2265
2018-04-22 01:05,2257
2018-04-22 01:10,2234
2018-04-22 01:15,2204
2018-04-22 01:20,2223
2018-04-22 01:25,2216
2018-04-22 01:30,2198
2018-04-22 01:35,2188
2018-04-22 01:40,2196
2018-04-22 01:45,2179
2018-04-22 01:50,2171
2018-04-22 01:55,2178
2018-04-22 02:00,2175
2018-04-22 02:05,2195
2018-04-22 02:10,2193
2018-04-22 02:15,2176
2018-04-22 02:20,2166
2018-04-22 02:25,2151
2018-04-22 02:30,2154
2018-04-22 02:35,2147
2018-04-22 02:40,2125
2018-04-22 02:45,2119
2018-04-22 02:50,2117
2018-04-22 02:55,2127
2018-04-22 03:00,2129
2018-04-22 03:05,2126
2018-04-22 03:10,2105
2018-04-22 03:15,2092
2018-04-22 03:20,2085
2018-04-22 03:25,2083
2018-04-22 03:30,2097
2018-04-22 03:35,2091
2018-04-22 03:40,2088
2018-04-22 03:45,2076
2018-04-22 03:50,2067
2018-04-22 03:55,2038
2018-04-22 04:00,2016
2018-04-22 04:05,2020
2018-04-22 04:10,2001
2018-04-22 04:15,1999
2018-04-22 04:20,2003
2018-04-22 04:25,2013
2018-04-22 04:30,1991
2018-04-22 04:35,1977
2018-04-22 04:40,1971
2018-04-22 04:45,1964
2018-04-22 04:50,1962
2018-04-22 04:55,1960
2018-04-22 05:00,1945
2018-04-22 05:05,1934
2018-04-22 05:10,1910
2018-04-22 05:15,1891
2018-04-22 05:20,1905
2018-04-22 05:25,1893
2018-04-22 05:30,1875
2018-04-22 05:35,1877
2018-04-22 05:40,1877
2018-04-22 05:45,1879
2018-04-22 05:50,1886
2018-04-22 05:55,1890
2018-04-22 06:00,1881
2018-04-22 06:05,1888
2018-04-22 06:10,1888
2018-04-22 06:15,1910
2018-04-22 06:20,1914
2018-04-22 06:25,1936
2018-04-22 06:30,1938
2018-04-22 06:35,1952
2018-04-22 06:40,1998
2018-04-22 06:45,2009
2018-04-22 06:50,1999
2018-04-22 06:55,1998
2018-04-22 07:00,2010
2018-04-22 07:05,2035
2018-04-22 07:10,2045
2018-04-22 07:15,2047
2018-04-22 07:20,2061
2018-04-22 07:25,2079
2018-04-22 07:30,2108
2018-04-22 07:35,2108
2018-04-22 07:40,2116
2018-04-22 07:45,2152
2018-04-22 07:50,2157
2018-04-22 07:55,2172
2018-04-22 08:00,2188
2018-04-22 08:05,2212
2018-04-22 08:10,2233
2018-04-22 08:15,2263
2018-04-22 08:20,2258
2018-04-22 08:25,2290
2018-04-22 08:30,2292
2018-04-22 08:35,2321
2018-04-22 08:40,2326
2018-04-22 08:45,2334
2018-04-22 08:50,2363
2018-04-22 08:55,2369
2018-04-22 09:00,2368
2018-04-22 09:05,2389
2018-04-22 09:10,2398
2018-04-22 09:15,2410
2018-04-22 09:20,2416
2018-04-22 09:25,2448
2018-04-22 09:30,2483
2018-04-22 09:35,2513
2018-04-22 09:40,2498
2018-04-22 09:45,2515
2018-04-22 09:50,2533
2018-04-22 09:55,2560
2018-04-22 10:00,2588
2018-04-22 10:05,2628
2018-04-22 10:10,2639
2018-04-22 10:15,2666
2018-04-22 10:20,2691
2018-04-22 10:25,2723
2018-04-22 10:30,2738
2018-04-22 10:35,2737
2018-04-22 10:40,2776
2018-04-22 10:45,2795
2018-04-22 10:50,2792
2018-04-22 10:55,2814
2018-04-22 11:00,2838
2018-04-22 11:05,2826
2018-04-22 11:10,2844
2018-04-22 11:15,2873
2018-04-22 11:20,2883
2018-04-22 11:25,2906
2018-04-22 11:30,2920
2018-04-22 11:35,2933
2018-04-22 11:40,2923
2018-04-22 11:45,2944
2018-04-22 11:50,2945
2018-04-22 11:55,2966
2018-04-22 12:00,2979
2018-04-22 12:05,2991
2018-04-22 12:10,3049
2018-04-22 12:15,3046
2018-04-22 12:20,3059
2018-04-22 12:25,3050
2018-04-22 12:30,3062
2018-04-22 12:35,3094
2018-04-22 12:40,3127
2018-04-22 12:45,3132
2018-04-22 12:50,3148
2018-04-22 12:55,3162
2018-04-22 13:00,3146
2018-04-22 13:05,3142
2018-04-22 13:10,3138
2018-04-22 13:15,3151
2018-04-22 13:20,3174
2018-04-22 13:25,3206
2018-04-22 13:30,3229
2018-04-22 13:35,3238
2018-04-22 13:40,3243
2018-04-22 13:45,3239
2018-04-22 13:50,3264
2018-04-22 13:55,3274
2018-04-22 14:00,3279
2018-04-22 14:05,3290
2018-04-22 14:10,3287
2018-04-22 14:15,3299
2018-04-22 14:20,3317
2018-04-22 14:25,3323
2018-04-22 14:30,3352
2018-04-22 14:35,3367
2018-04-22 14:40,3357
2018-04-22 14:45,3397
2018-04-22 14:50,3424
2018-04-22 14:55,3435
2018-04-22 15:00,3437
2018-04-22 15:05,3457
2018-04-22 15:10,3482
2018-04-22 15:15,3473
2018-04-22 15:20,3495
2018-04-22 15:25,3495
2018-04-22 15:30,3527
2018-04-22 15:35,3548
2018-04-22 15:40,3572
2018-04-22 15:45,3605
2018-04-22 15:50,3630
2018-04-22 15:55,3630
2018-04-22 16:00,3663
2018-04-22 16:05,3635
2018-04-22 16:10,3617
2018-04-22 16:15,3639
2018-04-22 16:20,3639
2018-04-22 16:25,3658
2018-04-22 16:30,3675
2018-04-22 16:35,3721
2018-04-22 16:40,3705
2018-04-22 16:45,3730
2018-04-22 16:50,3763
2018-04-22 16:55,3760
2018-04-22 17:00,3745
2018-04-22 17:05,3719
2018-04-22 17:10,3715
2018-04-22 17:15,3729
2018-04-22 17:20,3740
2018-04-22 17:25,3755
2018-04-22 17:30,3784
2018-04-22 17:35,3797
2018-04-22 17:40,3813
2018-04-22 17:45,3820
2018-04-22 17:50,3809
2018-04-22 17:55,3845
2018-04-22 18:00,3870
2018-04-22 18:05,3898
2018-04-22 18:10,3892
2018-04-22 18:15,3883
2018-04-22 18:20,3886
2018-04-22 18:25,3907
2018-04-22 18:30,3901
2018-04-22 18:35,3864
2018-04-22 18:40,3881
2018-04-22 18:45,3896
2018-04-22 18:50,3902
2018-04-22 18:55,3905
2018-04-22 19:00,3877
2018-04-22 19:05,3867
2018-04-22 19:10,3857
2018-04-22 19:15,3868
2018-04-22 19:20,3832
2018-04-22 19:25,3844
2018-04-22 19:30,3779
2018-04-22 19:35,3766
2018-04-22 19:40,3773
2018-04-22 19:45,3764
2018-04-22 19:50,3756
2018-04-22 19:55,3725
2018-04-22 20:00,3718
2018-04-22 20:05,3695
2018-04-22 20:10,3639
2018-04-22 20:15,3618
2018-04-22 20:20,3566
2018-04-22 20:25,3526
2018-04-22 20:30,3528
2018-04-22 20:35,3474
2018-04-22 20:40,3441
2018-04-22 20:45,3385
2018-04-22 20:50,3350
2018-04-22 20:55,3316
2018-04-22 21:00,3279
2018-04-22 21:05,3260
2018-04-22 21:10,3219
2018-04-22 21:15,3175
2018-04-22 21:20,3149
2018-04-22 21:25,3115
2018-04-22 21:30,3059
2018-04-22 21:35,3010
2018-04-22 21:40,2970
2018-04-22 21:45,2945
2018-04-22 21:50,2916
2018-04-22 21:55,2892
2018-04-22 22:00,2882
2018-04-22 22:05,2847
2018-04-22 22:10,2825
2018-04-22 22:15,2799
2018-04-22 22:20,2777
2018-04-22 22:25,2753
2018-04-22 22:30,2716
2018-04-22 22:35,2678
2018-04-22 22:40,2633
2018-04-22 22:45,2619
2018-04-22 22:50,2610
2018-04-22 22:55,2585
2018-04-22 23:00,2595
2018-04-22 23:05,2587
2018-04-22 23:10,2542
2018-04-22 23:15,2522
2018-04-22 23:20,2502
2018-04-22 23:25,2485
2018-04-22 23:30,2433
2018-04-22 23:35,2415
2018-04-22 23:40,2391
2018-04-22 23:45,2373
2018-04-22 23:50,2365
2018-04-22 23:55,2347
2018-04-23 00:00,2345
2018-04-23 00:05,2360
2018-04-23 00:10,2345
2018-04-23 00:15,2334
2018-04-23 00:20,2324
2018-04-23 00:25,2321
2018-04-23 00:30,2295
2018-04-23 00:35,2267
2018-04-23 00:40,2267
2018-04-23 00:45,2273
2018-04-23 00:50,2254
2018-04-23 00:55,2227
2018-04-23 01:00,2202
2018-04-23 01:05,2206
2018-04-23 01:10,2182
2018-04-23 01:15,2192
2018-04-23 01:20,2172
2018-04-23 01:25,2176
2018-04-23 01:30,2163
2018-04-23 01:35,2165
2018-04-23 01:40,2157
2018-04-23 01:45,2130
2018-04-23 01:50,2111
2018-04-23 01:55,2106
2018-04-23 02:00,2088
2018-04-23 02:05,2055
2018-04-23 02:10,2045
2018-04-23 02:15,2018
2018-04-23 02:20,1995
2018-04-23 02:25,1967
2018-04-23 02:30,1964
2018-04-23 02:35,1963
2018-04-23 02:40,1931
2018-04-23 02:45,1916
2018-04-23 02:50,1910
2018-04-23 02:55,1890
2018-04-23 03:00,1855
2018-04-23 03:05,1833
2018-04-23 03:10,1811
2018-04-23 03:15,1794
2018-04-23 03:20,1783
2018-04-23 03:25,1745
2018-04-23 03:30,1756
2018-04-23 03:35,1729
2018-04-23 03:40,1700
2018-04-23 03:45,1703
2018-04-23 03:50,1680
2018-04-23 03:55,1669
2018-04-23 04:00,1658
2018-04-23 04:05,1654
2018-04-23 04:10,1632
2018-04-23 04:15,1631
2018-04-23 04:20,1625
2018-04-23 04:25,1611
2018-04-23 04:30,1611
2018-04-23 04:35,1600
2018-04-23 04:40,1593
2018-04-23 04:45,1598
2018-04-23 04:50,1584
2018-04-23 04:55,1576
2018-04-23 05:00,1559
2018-04-23 05:05,1579
2018-04-23 05:10,1544
2018-04-23 05:15,1559
2018-04-23 05:20,1548
2018-04-23 05:25,1534
2018-04-23 05:30,1514
2018-04-23 05:35,1497
2018-04-23 05:40,1482
2018-04-23 05:45,1478
2018-04-23 05:50,1484
2018-04-23 05:55,1498
2018-04-23 06:00,1492
2018-04-23 06:05,1481
2018-04-23 06:10,1451
2018-04-23 06:15,1453
2018-04-23 06:20,1446
2018-04-23 06:25,1436
2018-04-23 06:30,1433
2018-04-23 06:35,0
2018-04-23 06:40,1452
2018-04-23 06:45,1454
2018-04-23 06:50,1468
2018-04-23 06:55,1474
2018-04-23 07:00,1474
2018-04-23 07:05,1467
2018-04-23 07:10,1465
2018-04-23 07:15,1455
2018-04-23 07:20,1453
2018-04-23 07:25,1469
2018-04-23 07:30,1467
2018-04-23 07:35,1488
2018-04-23 07:40,1501
2018-04-23 07:45,1500
2018-04-23 07:50,1517
2018-04-23 07:55,1525
2018-04-23 08:00,1536
2018-04-23 08:05,1524
2018-04-23 08:10,1514
2018-04-23 08:15,1499
2018-04-23 08:20,1495
2018-04-23 08:25,1505
2018-04-23 08:30,1527
2018-04-23 08:35,1540
2018-04-23 08:40,1533
2018-04-23 08:45,1544
2018-04-23 08:50,1563
2018-04-23 08:55,1575
2018-04-23 09:00,1587
2018-04-23 09:05,1611
2018-04-23 09:10,1594
2018-04-23 09:15,1626
2018-04-23 09:20,1635
2018-04-23 09:25,1654
2018-04-23 09:30,1647
2018-04-23 09:35,1658
2018-04-23 09:40,1658
2018-04-23 09:45,1668
2018-04-23 09:50,1686
2018-04-23 09:55,1707
2018-04-23 10:00,1731
2018-04-23 10:05,1778
2018-04-23 10:10,1803
2018-04-23 10:15,1817
2018-04-23 10:20,1847
2018-04-23 10:25,1858
2018-04-23 10:30,1865
2018-04-23 10:35,1854
2018-04-23 10:40,1877
2018-04-23 10:45,1892
2018-04-23 10:50,1914
2018-04-23 10:55,1900
2018-04-23 11:00,1927
2018-04-23 11:05,1925
2018-04-23 11:10,1945
2018-04-23 11:15,1970
2018-04-23 11:20,1982
2018-04-23 11:25,2001
2018-04-23 11:30,2017
2018-04-23 11:35,2053
2018-04-23 11:40,2074
2018-04-23 11:45,2116
2018-04-23 11:50,2139
2018-04-23 11:55,2150
2018-04-23 12:00,2148
2018-04-23 12:05,2147
2018-04-23 12:10,2168
2018-04-23 12:15,2187
2018-04-23 12:20,2194
2018-04-23 12:25,2200
2018-04-23 12:30,2239
2018-04-23 12:35,2253
2018-04-23 12:40,2288
2018-04-23 12:45,2299
2018-04-23 12:50,2294
2018-04-23 12:55,2277
2018-04-23 13:00,2307
2018-04-23 13:05,2324
2018-04-23 13:10,2344
2018-04-23 13:15,2362
2018-04-23 13:20,2359
2018-04-23 13:25,2401
2018-04-23 13:30,2406
2018-04-23 13:35,2416
2018-04-23 13:40,2407
2018-04-23 13:45,2409
2018-04-23 13:50,2431
2018-04-23 13:55,2452
2018-04-23 14:00,2494
2018-04-23 14:05,2538
2018-04-23 14:10,2562
2018-04-23 14:15,2565
2018-04-23 14:20,2586
2018-04-23 14:25,2602
2018-04-23 14:30,2633
2018-04-23 14:35,2653
2018-04-23 14:40,2688
2018-04-23 14:45,2724
2018-04-23 14:50,2733
2018-04-23 14:55,2743
2018-04-23 15:00,2741
2018-04-23 15:05,2774
2018-04-23 15:10,2771
2018-04-23 15:15,2795
2018-04-23 15:20,2827
2018-04-23 15:25,2857
2018-04-23 15:30,2875
2018-04-23 15:35,2876
2018-04-23 15:40,2913
2018-04-23 15:45,2938
2018-04-23 15:50,2945
2018-04-23 15:55,2939
2018-04-23 16:00,2957
2018-04-23 16:05,2962
2018-04-23 16:10,2983
2018-04-23 16:15,2977
2018-04-23 16:20,3026
2018-04-23 16:25,3045
2018-04-23 16:30,3045
2018-04-23 16:35,3052
2018-04-23 16:40,3065
2018-04-23 16:45,3091
2018-04-23 16:50,3112
2018-04-23 16:55,3144
2018-04-23 17:00,3130
2018-04-23 17:05,3129
2018-04-23 17:10,3151
2018-04-23 17:15,3175
2018-04-23 17:20,3208
2018-04-23 17:25,3188
2018-04-23 17:30,3190
2018-04-23 17:35,3203
2018-04-23 17:40,3239
2018-04-23 17:45,3252
2018-04-23 17:50,3272
2018-04-23 17:55,3264
2018-04-23 18:00,3281
2018-04-23 18:05,3276
2018-04-23 18:10,3299
2018-04-23 18:15,3334
2018-04-23 18:20,3345
2018-04-23 18:25,3383
2018-04-23 18:30,3369
2018-04-23 18:35,3378
2018-04-23 18:40,3373
2018-04-23 18:45,3369
2018-04-23 18:50,3386
2018-04-23 18:55,3424
2018-04-23 19:00,3434
2018-04-23 19:05,3438
2018-04-23 19:10,3402
2018-04-23 19:15,3397
2018-04-23 19:20,3398
2018-04-23 19:25,3406
2018-04-23 19:30,3386
2018-04-23 19:35,3387
2018-04-23 19:40,3387
2018-04-23 19:45,3361
2018-04-23 19:50,3339
2018-04-23 19:55,3300
2018-04-23 20:00,3280
2018-04-23 20:05,3254
2018-04-23 20:10,3205
2018-04-23 20:15,3172
2018-04-23 20:20,3150
2018-04-23 20:25,3140
2018-04-23 20:30,3101
2018-04-23 20:35,3069
2018-04-23 20:40,3030
2018-04-23 20:45,2990
2018-04-23 20:50,2963
2018-04-23 20:55,2944
2018-04-23 21:00,2911
2018-04-23 21:05,2878
2018-04-23 21:10,2840
2018-04-23 21:15,2807
2018-04-23 21:20,2766
2018-04-23 21:25,2738
2018-04-23 21:30,2684
2018-04-23 21:35,2625
2018-04-23 21:40,2579
2018-04-23 21:45,2553
2018-04-23 21:50,2542
2018-04-23 21:55,2488
2018-04-23 22:00,2454
2018-04-23 22:05,2440
2018-04-23 22:10,2373
2018-04-23 22:15,2346
2018-04-23 22:20,2357
2018-04-23 22:25,2333
2018-04-23 22:30,2318
2018-04-23 22:35,2292
2018-04-23 22:40,2291
2018-04-23 22:45,2279
2018-04-23 22:50,2259
2018-04-23 22:55,2250
2018-04-23 23:00,2223
2018-04-23 23:05,2198
2018-04-23 23:10,2217
2018-04-23 23:15,2208
2018-04-23 23:20,2177
2018-04-23 23:25,2165
2018-04-23 23:30,2166
2018-04-23 23:35,2173
2018-04-23 23:40,2147
2018-04-23 23:45,2163
2018-04-23 23:50,2161
2018-04-23 23:55,2163
2018-04-24 00:00,2166
2018-04-24 00:05,2159
2018-04-24 00:10,2151
2018-04-24 00:15,2143
2018-04-24 00:20,2129
2018-04-24 00:25,2139
2018-04-24 00:30,2130
2018-04-24 00:35,2131
2018-04-24 00:40,2134
2018-04-24 00:45,2136
2018-04-24 00:50,2141
2018-04-24 00:55,2135
2018-04-24 01:00,2141
2018-04-24 01:05,2139
2018-04-24 01:10,2133
2018-04-24 01:15,2127
2018-04-24 01:20,2107
2018-04-24 01:25,2091
2018-04-24 01:30,2066
2018-04-24 01:35,2047
2018-04-24 01:40,2057
2018-04-24 01:45,2047
2018-04-24 01:50,2055
2018-04-24 01:55,2024
2018-04-24 02:00,2028
2018-04-24 02:05,1995
2018-04-24 02:10,1996
2018-04-24 02:15,1991
2018-04-24 02:20,1960
2018-04-24 02:25,1934
2018-04-24 02:30,1917
2018-04-24 02:35,1904
2018-04-24 02:40,1880
2018-04-24 02:45,1844
2018-04-24 02:50,1825
2018-04-24 02:55,1792
2018-04-24 03:00,1784
2018-04-24 03:05,1758
2018-04-24 03:10,1737
2018-04-24 03:15,1729
2018-04-24 03:20,1707
2018-04-24 03:25,1696
2018-04-24 03:30,1669
2018-04-24 03:35,1658
2018-04-24 03:40,1644
2018-04-24 03:45,1632
2018-04-24 03:50,1620
2018-04-24 03:55,1617
2018-04-24 04:00,1607
2018-04-24 04:05,1588
2018-04-24 04:10,1571
2018-04-24 04:15,1553
2018-04-24 04:20,1538
2018-04-24 04:25,1525
2018-04-24 04:30,1517
2018-04-24 04:35,1506
2018-04-24 04:40,1474
2018-04-24 04:45,1466
2018-04-24 04:50,1449
2018-04-24 04:55,1443
2018-04-24 05:00,1433
2018-04-24 05:05,1421
2018-04-24 05:10,1409
2018-04-24 05:15,1391
2018-04-24 05:20,1386
2018-04-24 05:25,1384
2018-04-24 05:30,1390
2018-04-24 05:35,1372
2018-04-24 05:40,1374
2018-04-24 05:45,1384
2018-04-24 05:50,1372
2018-04-24 05:55,1368
2018-04-24 06:00,1363
2018-04-24 06:05,1372
2018-04-24 06:10,1367
2018-04-24 06:15,1389
2018-04-24 06:20,1394
2018-04-24 06:25,1367
2018-04-24 06:30,1350
2018-04-24 06:35,1352
2018-04-24 06:40,1342
2018-04-24 06:45,1351
2018-04-24 06:50,1358
2018-04-24 06:55,1352
2018-04-24 07:00,1335
2018-04-24 07:05,1352
2018-04-24 07:10,1366
2018-04-24 07:15,1381
2018-04-24 07:20,1363
2018-04-24 07:25,1361
2018-04-24 07:30,1366
2018-04-24 07:35,1385
2018-04-24 07:40,1371
2018-04-24 07:45,1411
2018-04-24 07:50,1410
2018-04-24 07:55,1418
2018-04-24 08:00,1428
2018-04-24 08:05,1439
2018-04-24 08:10,1467
2018-04-24 08:15,1467
2018-04-24 08:20,1491
2018-04-24 08:25,1474
2018-04-24 08:30,1458
2018-04-24 08:35,1466
2018-04-24 08:40,1474
2018-04-24 08:45,1486
2018-04-24 08:50,1506
2018-04-24 08:55,1515
2018-04-24 09:00,1514
2018-04-24 09:05,1540
2018-04-24 09:10,1559
2018-04-24 09:15,1552
2018-04-24 09:20,1557
2018-04-24 09:25,1594
2018-04-24 09:30,1601
2018-04-24 09:35,1608
2018-04-24 09:40,1606
2018-04-24 09:45,1601
2018-04-24 09:50,1601
2018-04-24 09:55,1609
2018-04-24 10:00,1662
2018-04-24 10:05,1677
2018-04-24 10:10,1683
2018-04-24 10:15,1695
2018-04-24 10:20,1724
2018-04-24 10:25,1744
2018-04-24 10:30,1749
2018-04-24 10:35,1743
2018-04-24 10:40,1765
2018-04-24 10:45,1796
2018-04-24 10:50,1817
2018-04-24 10:55,1834
2018-04-24 11:00,1830
2018-04-24 11:05,1842
2018-04-24 11:10,1868
2018-04-24 11:15,1905
2018-04-24 11:20,1915
2018-04-24 11:25,1922
2018-04-24 11:30,1954
2018-04-24 11:35,1973
2018-04-24 11:40,1974
2018-04-24 11:45,1972
2018-04-24 11:50,1967
2018-04-24 11:55,1985
2018-04-24 12:00,1956
2018-04-24 12:05,1989
2018-04-24 12:10,1994
2018-04-24 12:15,2001
2018-04-24 12:20,2030
2018-04-24 12:25,2027
2018-04-24 12:30,2051
2018-04-24 12:35,2073
2018-04-24 12:40,2092
2018-04-24 12:45,2080
2018-04-24 12:50,2082
2018-04-24 12:55,2095
2018-04-24 13:00,2122
2018-04-24 13:05,2131
2018-04-24 13:10,2134
2018-04-24 13:15,2153
2018-04-24 13:20,2180
2018-04-24 13:25,2190
2018-04-24 13:30,2237
2018-04-24 13:35,2260
2018-04-24 13:40,2284
2018-04-24 13:45,2309
2018-04-24 13:50,2320
2018-04-24 13:55,2338
2018-04-24 14:00,2353
2018-04-24 14:05,2351
2018-04-24 14:10,2391
2018-04-24 14:15,2399
2018-04-24 14:20,2396
2018-04-24 14:25,2423
2018-04-24 14:30,2432
2018-04-24 14:35,2427
2018-04-24 14:40,2442
2018-04-24 14:45,2451
2018-04-24 14:50,2480
2018-04-24 14:55,2494
2018-04-24 15:00,2498
2018-04-24 15:05,2531
2018-04-24 15:10,2575
2018-04-24 15:15,2622
2018-04-24 15:20,2625
2018-04-24 15:25,2634
2018-04-24 15:30,2663
2018-04-24 15:35,2691
2018-04-24 15:40,2689
2018-04-24 15:45,2728
2018-04-24 15:50,2748
2018-04-24 15:55,2771
2018-04-24 16:00,2771
2018-04-24 16:05,0
2018-04-24 16:10,2803
2018-04-24 16:15,2812
2018-04-24 16:20,2848
2018-04-24 16:25,2898
2018-04-24 16:30,2914
2018-04-24 16:35,2929
2018-04-24 16:40,2917
2018-04-24 16:45,2909
2018-04-24 16:50,2909
2018-04-24 16:55,2929
2018-04-24 17:00,2931
2018-04-24 17:05,2949
2018-04-24 17:10,2923
2018-04-24 17:15,2934
2018-04-24 17:20,2947
2018-04-24 17:25,2966
2018-04-24 17:30,2976
2018-04-24 17:35,2998
2018-04-24 17:40,3018
2018-04-24 17:45,3038
2018-04-24 17:50,3075
2018-04-24 17:55,3078
2018-04-24 18:00,3069
2018-04-24 18:05,3064
2018-04-24 18:10,3046
2018-04-24 18:15,3061
2018-04-24 18:20,3082
2018-04-24 18:25,3106
2018-04-24 18:30,3098
2018-04-24 18:35,3130
2018-04-24 18:40,3116
2018-04-24 18:45,3118
2018-04-24 18:50,3111
2018-04-24 18:55,3137
2018-04-24 19:00,3153
2018-04-24 19:05,3149
2018-04-24 19:10,3151
2018-04-24 19:15,3180
2018-04-24 19:20,3184
2018-04-24 19:25,3175
2018-04-24 19:30,3175
2018-04-24 19:35,3145
2018-04-24 19:40,3147
2018-04-24 19:45,3117
2018-04-24 19:50,3102
2018-04-24 19:55,3059
2018-04-24 20:00,3038
2018-04-24 20:05,3015
2018-04-24 20:10,2995
2018-04-24 20:15,2990
2018-04-24 20:20,2965
2018-04-24 20:25,2919
2018-04-24 20:30,2884
2018-04-24 20:35,2883
2018-04-24 20:40,2888
2018-04-24 20:45,2881
2018-04-24 20:50,2858
2018-04-24 20:55,2820
2018-04-24 21:00,2771
2018-04-24 21:05,2730
2018-04-24 21:10,2703
2018-04-24 21:15,2671
2018-04-24 21:20,2653
2018-04-24 21:25,2603
2018-04-24 21:30,2588
2018-04-24 21:35,2562
2018-04-24 21:40,2542
2018-04-24 21:45,2533
2018-04-24 21:50,2507
2018-04-24 21:55,2468
2018-04-24 22:00,2459
2018-04-24 22:05,2436
2018-04-24 22:10,2399
2018-04-24 22:15,2383
2018-04-24 22:20,2348
2018-04-24 22:25,2311
2018-04-24 22:30,2295
2018-04-24 22:35,2280
2018-04-24 22:40,2254
2018-04-24 22:45,2250
2018-04-24 22:50,2244
2018-04-24 22:55,2248
2018-04-24 23:00,2246
2018-04-24 23:05,2232
2018-04-24 23:10,0
2018-04-24 23:15,1960
2018-04-24 23:20,2111
2018-04-24 23:25,2152
2018-04-24 23:30,2136
2018-04-24 23:35,2148
2018-04-24 23:40,2136
2018-04-24 23:45,2120
2018-04-24 23:50,2119
2018-04-24 23:55,2134
2018-04-25 00:00,2099
2018-04-25 00:05,2090
2018-04-25 00:10,2095
2018-04-25 00:15,2088
2018-04-25 00:20,2099
2018-04-25 00:25,2108
2018-04-25 00:30,2105
2018-04-25 00:35,2123
2018-04-25 00:40,2114
2018-04-25 00:45,2096
2018-04-25 00:50,2092
2018-04-25 00:55,2082
2018-04-25 01:00,2101
2018-04-25 01:05,2101
2018-04-25 01:10,2091
2018-04-25 01:15,2069
2018-04-25 01:20,2056
2018-04-25 01:25,2033
2018-04-25 01:30,2051
2018-04-25 01:35,2047
2018-04-25 01:40,2031
2018-04-25 01:45,2033
2018-04-25 01:50,2017
2018-04-25 01:55,2002
2018-04-25 02:00,1997
2018-04-25 02:05,1954
2018-04-25 02:10,1938
2018-04-25 02:15,1910
2018-04-25 02:20,1875
2018-04-25 02:25,1869
2018-04-25 02:30,1863
2018-04-25 02:35,1840
2018-04-25 02:40,1813
2018-04-25 02:45,1820
2018-04-25 02:50,1799
2018-04-25 02:55,1802
2018-04-25 03:00,1784
2018-04-25 03:05,1760
2018-04-25 03:10,1721
2018-04-25 03:15,1711
2018-04-25 03:20,1689
2018-04-25 03:25,1688
2018-04-25 03:30,1666
2018-04-25 03:35,1650
2018-04-25 03:40,1642
2018-04-25 03:45,1658
2018-04-25 03:50,1649
2018-04-25 03:55,1639
2018-04-25 04:00,1633
2018-04-25 04:05,1607
2018-04-25 04:10,1605
2018-04-25 04:15,1599
2018-04-25 04:20,1578
2018-04-25 04:25,1557
2018-04-25 04:30,1552
2018-04-25 04:35,1547
2018-04-25 04:40,1542
2018-04-25 04:45,1523
2018-04-25 04:50,1496
2018-04-25 04:55,1474
2018-04-25 05:00,1466
2018-04-25 05:05,1463
2018-04-25 05:10,1449
2018-04-25 05:15,1445
2018-04-25 05:20,1434
2018-04-25 05:25,1436
2018-04-25 05:30,1422
2018-04-25 05:35,1407
2018-04-25 05:40,1412
2018-04-25 05:45,1410
2018-04-25 05:50,1395
2018-04-25 05:55,1379
2018-04-25 06:00,1347
2018-04-25 06:05,1259
2018-04-25 06:10,1242
2018-04-25 06:15,1261
2018-04-25 06:20,1273
2018-04-25 06:25,1270
2018-04-25 06:30,1258
2018-04-25 06:35,1258
2018-04-25 06:40,1249
2018-04-25 06:45,1253
2018-04-25 06:50,1261
2018-04-25 06:55,1287
2018-04-25 07:00,1293
2018-04-25 07:05,1302
2018-04-25 07:10,1310
2018-04-25 07:15,1319
2018-04-25 07:20,1345
2018-04-25 07:25,1362
2018-04-25 07:30,1374
2018-04-25 07:35,1392
2018-04-25 07:40,1402
2018-04-25 07:45,1408
2018-04-25 07:50,1413
2018-04-25 07:55,1435
2018-04-25 08:00,1437
2018-04-25 08:05,1443
2018-04-25 08:10,1470
2018-04-25 08:15,1468
2018-04-25 08:20,1482
2018-04-25 08:25,1468
2018-04-25 08:30,1485
2018-04-25 08:35,1493
2018-04-25 08:40,1491
2018-04-25 08:45,1486
2018-04-25 08:50,1499
2018-04-25 08:55,1524
2018-04-25 09:00,1526
2018-04-25 09:05,1538
2018-04-25 09:10,1554
2018-04-25 09:15,1550
2018-04-25 09:20,1578
2018-04-25 09:25,1570
2018-04-25 09:30,1582
2018-04-25 09:35,1581
2018-04-25 09:40,1587
2018-04-25 09:45,1602
2018-04-25 09:50,1629
2018-04-25 09:55,1642
2018-04-25 10:00,1669
2018-04-25 10:05,1687
2018-04-25 10:10,1725
2018-04-25 10:15,1752
2018-04-25 10:20,1765
2018-04-25 10:25,1790
2018-04-25 10:30,1803
2018-04-25 10:35,1829
2018-04-25 10:40,1824
2018-04-25 10:45,1840
2018-04-25 10:50,1859
2018-04-25 10:55,1862
2018-04-25 11:00,1856
2018-04-25 11:05,1866
2018-04-25 11:10,1868
2018-04-25 11:15,1880
2018-04-25 11:20,1909
2018-04-25 11:25,1907
2018-04-25 11:30,1932
2018-04-25 11:35,1934
2018-04-25 11:40,1948
2018-04-25 11:45,1963
2018-04-25 11:50,1980
2018-04-25 11:55,2003
2018-04-25 12:00,2019
2018-04-25 12:05,2013
2018-04-25 12:10,2053
2018-04-25 12:15,2069
2018-04-25 12:20,2086
2018-04-25 12:25,2105
2018-04-25 12:30,2109
2018-04-25 12:35,2110
2018-04-25 12:40,2094
2018-04-25 12:45,2113
2018-04-25 12:50,2134
2018-04-25 12:55,2151
2018-04-25 13:00,2179
2018-04-25 13:05,2201
2018-04-25 13:10,2231
2018-04-25 13:15,2239
2018-04-25 13:20,2250
2018-04-25 13:25,2270
2018-04-25 13:30,2268
2018-04-25 13:35,2285
2018-04-25 13:40,2304
2018-04-25 13:45,2314
2018-04-25 13:50,2315
2018-04-25 13:55,2333
2018-04-25 14:00,2337
2018-04-25 14:05,2358
2018-04-25 14:10,2374
2018-04-25 14:15,2410
2018-04-25 14:20,2427
2018-04-25 14:25,2460
2018-04-25 14:30,2472
2018-04-25 14:35,2458
2018-04-25 14:40,2478
2018-04-25 14:45,2484
2018-04-25 14:50,2513
2018-04-25 14:55,2539
2018-04-25 15:00,2557
2018-04-25 15:05,2532
2018-04-25 15:10,2545
2018-04-25 15:15,2564
2018-04-25 15:20,2584
2018-04-25 15:25,2601
2018-04-25 15:30,2617
2018-04-25 15:35,2659
2018-04-25 15:40,2674
2018-04-25 15:45,2691
2018-04-25 15:50,2712
2018-04-25 15:55,2727
2018-04-25 16:00,2742
2018-04-25 16:05,2745
2018-04-25 16:10,2805
2018-04-25 16:15,2846
2018-04-25 16:20,2861
2018-04-25 16:25,2879
2018-04-25 16:30,2892
2018-04-25 16:35,2913
2018-04-25 16:40,2936
2018-04-25 16:45,2946
2018-04-25 16:50,2973
2018-04-25 16:55,2986
2018-04-25 17:00,3000
2018-04-25 17:05,3007
2018-04-25 17:10,3005
2018-04-25 17:15,3020
2018-04-25 17:20,3044
2018-04-25 17:25,3067
2018-04-25 17:30,3095
2018-04-25 17:35,3110
2018-04-25 17:40,3123
2018-04-25 17:45,3110
2018-04-25 17:50,3113
2018-04-25 17:55,3129
2018-04-25 18:00,3130
2018-04-25 18:05,3140
2018-04-25 18:10,3138
2018-04-25 18:15,3116
2018-04-25 18:20,3124
2018-04-25 18:25,3100
2018-04-25 18:30,3086
2018-04-25 18:35,3076
2018-04-25 18:40,3055
2018-04-25 18:45,3088
2018-04-25 18:50,3083
2018-04-25 18:55,3066
2018-04-25 19:00,3057
2018-04-25 19:05,3029
2018-04-25 19:10,3033
2018-04-25 19:15,3031
2018-04-25 19:20,3053
2018-04-25 19:25,3041
2018-04-25 19:30,3026
2018-04-25 19:35,3043
2018-04-25 19:40,3043
2018-04-25 19:45,3031
2018-04-25 19:50,3018
2018-04-25 19:55,2959
2018-04-25 20:00,2966
2018-04-25 20:05,2931
2018-04-25 20:10,2893
2018-04-25 20:15,2871
2018-04-25 20:20,2858
2018-04-25 20:25,2829
2018-04-25 20:30,2793
2018-04-25 20:35,2749
2018-04-25 20:40,2749
2018-04-25 20:45,2731
2018-04-25 20:50,2717
2018-04-25 20:55,2693
2018-04-25 21:00,2673
2018-04-25 21:05,2645
2018-04-25 21:10,2608
2018-04-25 21:15,2609
2018-04-25 21:20,2582
2018-04-25 21:25,2539
2018-04-25 21:30,2497
2018-04-25 21:35,2471
2018-04-25 21:40,2442
2018-04-25 21:45,2397
2018-04-25 21:50,2362
2018-04-25 21:55,2350
2018-04-25 22:00,2342
2018-04-25 22:05,2317
2018-04-25 22:10,2301
2018-04-25 22:15,2275
2018-04-25 22:20,2258
2018-04-25 22:25,2263
2018-04-25 22:30,2256
2018-04-25 22:35,2250
2018-04-25 22:40,2240
2018-04-25 22:45,2222
2018-04-25 22:50,2193
2018-04-25 22:55,2196
2018-04-25 23:00,2171
2018-04-25 23:05,2134
2018-04-25 23:10,2141
2018-04-25 23:15,2120
2018-04-25 23:20,2093
2018-04-25 23:25,2082
2018-04-25 23:30,2079
2018-04-25 23:35,2086
2018-04-25 23:40,2082
2018-04-25 23:45,2056
2018-04-25 23:50,2061
2018-04-25 23:55,2044
2018-04-26 00:00,2034
2018-04-26 00:05,2048
2018-04-26 00:10,2046
2018-04-26 00:15,2038
2018-04-26 00:20,2027
2018-04-26 00:25,2021
2018-04-26 00:30,2025
2018-04-26 00:35,2011
2018-04-26 00:40,2007
2018-04-26 00:45,1996
2018-04-26 00:50,2000
2018-04-26 00:55,1998
2018-04-26 01:00,1979
2018-04-26 01:05,1971
2018-04-26 01:10,1971
2018-04-26 01:15,1950
2018-04-26 01:20,1945
2018-04-26 01:25,1944
2018-04-26 01:30,1927
2018-04-26 01:35,1902
2018-04-26 01:40,1891
2018-04-26 01:45,1868
2018-04-26 01:50,1852
2018-04-26 01:55,1855
2018-04-26 02:00,1855
2018-04-26 02:05,1844
2018-04-26 02:10,1854
2018-04-26 02:15,1849
2018-04-26 02:20,1826
2018-04-26 02:25,1840
2018-04-26 02:30,1817
2018-04-26 02:35,1816
2018-04-26 02:40,1820
2018-04-26 02:45,1819
2018-04-26 02:50,1806
2018-04-26 02:55,1810
2018-04-26 03:00,1780
2018-04-26 03:05,1754
2018-04-26 03:10,1739
2018-04-26 03:15,1722
2018-04-26 03:20,1715
2018-04-26 03:25,1698
2018-04-26 03:30,1660
2018-04-26 03:35,1632
2018-04-26 03:40,1602
2018-04-26 03:45,1587
2018-04-26 03:50,1578
2018-04-26 03:55,1579
2018-04-26 04:00,1565
2018-04-26 04:05,1532
2018-04-26 04:10,1542
2018-04-26 04:15,1514
2018-04-26 04:20,1518
2018-04-26 04:25,1486
2018-04-26 04:30,1466
2018-04-26 04:35,1471
2018-04-26 04:40,1469
2018-04-26 04:45,1465
2018-04-26 04:50,1438
2018-04-26 04:55,1428
2018-04-26 05:00,1416
2018-04-26 05:05,1398
2018-04-26 05:10,1371
2018-04-26 05:15,1369
2018-04-26 05:20,1357
2018-04-26 05:25,1344
2018-04-26 05:30,1346
2018-04-26 05:35,1328
2018-04-26 05:40,1357
2018-04-26 05:45,1352
2018-04-26 05:50,1334
2018-04-26 05:55,1333
2018-04-26 06:00,1315
2018-04-26 06:05,1339
2018-04-26 06:10,1337
2018-04-26 06:15,1326
2018-04-26 06:20,1326
2018-04-26 06:25,1328
2018-04-26 06:30,1303
2018-04-26 06:35,1304
2018-04-26 06:40,1309
2018-04-26 06:45,1311
2018-04-26 06:50,1317
2018-04-26 06:55,1328
2018-04-26 07:00,1318
2018-04-26 07:05,1308
2018-04-26 07:10,1316
2018-04-26 07:15,1334
2018-04-26 07:20,1342
2018-04-26 07:25,1346
2018-04-26 07:30,1352
2018-04-26 07:35,1345
2018-04-26 07:40,1366
2018-04-26 07:45,1377
2018-04-26 07:50,1392
2018-04-26 07:55,1406
2018-04-26 08:00,1441
2018-04-26 08:05,1437
2018-04-26 08:10,1443
2018-04-26 08:15,1440
2018-04-26 08:20,1458
2018-04-26 08:25,1450
2018-04-26 08:30,1442
2018-04-26 08:35,1458
2018-04-26 08:40,1459
2018-04-26 08:45,1478
2018-04-26 08:50,1493
2018-04-26 08:55,1503
2018-04-26 09:00,1502
2018-04-26 09:05,1506
2018-04-26 09:10,1516
2018-04-26 09:15,1520
2018-04-26 09:20,1523
2018-04-26 09:25,1534
2018-04-26 09:30,1557
2018-04-26 09:35,1559
2018-04-26 09:40,1573
2018-04-26 09:45,1589
2018-04-26 09:50,1582
2018-04-26 09:55,1592
2018-04-26 10:00,1611
2018-04-26 10:05,1662
2018-04-26 10:10,1688
2018-04-26 10:15,1713
2018-04-26 10:20,1725
2018-04-26 10:25,1770
2018-04-26 10:30,1758
2018-04-26 10:35,0
2018-04-26 10:40,1764
2018-04-26 10:45,1795
2018-04-26 10:50,1824
2018-04-26 10:55,1808
2018-04-26 11:00,1809
2018-04-26 11:05,1811
2018-04-26 11:10,1819
2018-04-26 11:15,1840
2018-04-26 11:20,1864
2018-04-26 11:25,1881
2018-04-26 11:30,1911
2018-04-26 11:35,1924
2018-04-26 11:40,1927
2018-04-26 11:45,1956
2018-04-26 11:50,1969
2018-04-26 11:55,1971
2018-04-26 12:00,1992
2018-04-26 12:05,1996
2018-04-26 12:10,2006
2018-04-26 12:15,2023
2018-04-26 12:20,2027
2018-04-26 12:25,2022
2018-04-26 12:30,2034
2018-04-26 12:35,2039
2018-04-26 12:40,2001
2018-04-26 12:45,1996
2018-04-26 12:50,1987
2018-04-26 12:55,1890
2018-04-26 13:00,1762
2018-04-26 13:05,1419
2018-04-26 13:10,879
2018-04-26 13:15,791
2018-04-26 13:20,735
2018-04-26 13:25,724
2018-04-26 13:30,724
2018-04-26 13:35,695
2018-04-26 13:40,694
2018-04-26 13:45,711
2018-04-26 13:50,726
2018-04-26 13:55,728
2018-04-26 14:00,751
2018-04-26 14:05,763
2018-04-26 14:10,800
2018-04-26 14:15,822
2018-04-26 14:20,828
2018-04-26 14:25,837
2018-04-26 14:30,858
2018-04-26 14:35,847
2018-04-26 14:40,861
2018-04-26 14:45,867
2018-04-26 14:50,886
2018-04-26 14:55,897
2018-04-26 15:00,908
2018-04-26 15:05,945
2018-04-26 15:10,951
2018-04-26 15:15,987
2018-04-26 15:20,1033
2018-04-26 15:25,1087
2018-04-26 15:30,1119
2018-04-26 15:35,1179
2018-04-26 15:40,1217
2018-04-26 15:45,1356
2018-04-26 15:50,1534
2018-04-26 15:55,1725
2018-04-26 16:00,1898
2018-04-26 16:05,2061
2018-04-26 16:10,2238
2018-04-26 16:15,2357
2018-04-26 16:20,2482
2018-04-26 16:25,2606
2018-04-26 16:30,2688
2018-04-26 16:35,2778
2018-04-26 16:40,2839
2018-04-26 16:45,2893
2018-04-26 16:50,2952
2018-04-26 16:55,2991
2018-04-26 17:00,3038
2018-04-26 17:05,3091
2018-04-26 17:10,3109
2018-04-26 17:15,3133
2018-04-26 17:20,3141
2018-04-26 17:25,3181
2018-04-26 17:30,3196
2018-04-26 17:35,3208
2018-04-26 17:40,3244
2018-04-26 17:45,3262
2018-04-26 17:50,3281
2018-04-26 17:55,3296
2018-04-26 18:00,3290
2018-04-26 18:05,3277
2018-04-26 18:10,3270
2018-04-26 18:15,3266
2018-04-26 18:20,3253
2018-04-26 18:25,3246
2018-04-26 18:30,3261
2018-04-26 18:35,3286
2018-04-26 18:40,3296
2018-04-26 18:45,3301
2018-04-26 18:50,3251
2018-04-26 18:55,3264
2018-04-26 19:00,3255
2018-04-26 19:05,3250
2018-04-26 19:10,3232
2018-04-26 19:15,3236
2018-04-26 19:20,3223
2018-04-26 19:25,3222
2018-04-26 19:30,3219
2018-04-26 19:35,3206
2018-04-26 19:40,3191
2018-04-26 19:45,3177
2018-04-26 19:50,3173
2018-04-26 19:55,3173
2018-04-26 20:00,3155
2018-04-26 20:05,3092
2018-04-26 20:10,3055
2018-04-26 20:15,3049
2018-04-26 20:20,3020
2018-04-26 20:25,2970
2018-04-26 20:30,2933
2018-04-26 20:35,2933
2018-04-26 20:40,2890
2018-04-26 20:45,2855
2018-04-26 20:50,2834
2018-04-26 20:55,2805
2018-04-26 21:00,2766
2018-04-26 21:05,2740
2018-04-26 21:10,2707
2018-04-26 21:15,2699
2018-04-26 21:20,2675
2018-04-26 21:25,2657
2018-04-26 21:30,2605
2018-04-26 21:35,2573
2018-04-26 21:40,2522
2018-04-26 21:45,2506
2018-04-26 21:50,2490
2018-04-26 21:55,2469
2018-04-26 22:00,2463
2018-04-26 22:05,2439
2018-04-26 22:10,2411
2018-04-26 22:15,2378
2018-04-26 22:20,2356
2018-04-26 22:25,2364
2018-04-26 22:30,2359
2018-04-26 22:35,2319
2018-04-26 22:40,2294
2018-04-26 22:45,2281
2018-04-26 22:50,2243
2018-04-26 22:55,2232
2018-04-26 23:00,2223
2018-04-26 23:05,2198
2018-04-26 23:10,2174
2018-04-26 23:15,2166
2018-04-26 23:20,2158
2018-04-26 23:25,2171
2018-04-26 23:30,2156
2018-04-26 23:35,2144
2018-04-26 23:40,2140
2018-04-26 23:45,2110
2018-04-26 23:50,2074
2018-04-26 23:55,2064
2018-04-27 00:00,2061
2018-04-27 00:05,2081
2018-04-27 00:10,2081
2018-04-27 00:15,2068
2018-04-27 00:20,2077
2018-04-27 00:25,2084
2018-04-27 00:30,2092
2018-04-27 00:35,2091
2018-04-27 00:40,2089
2018-04-27 00:45,2088
2018-04-27 00:50,2093
2018-04-27 00:55,2094
2018-04-27 01:00,2077
2018-04-27 01:05,2028
2018-04-27 01:10,2011
2018-04-27 01:15,2011
2018-04-27 01:20,1987
2018-04-27 01:25,1981
2018-04-27 01:30,1994
2018-04-27 01:35,2008
2018-04-27 01:40,1995
2018-04-27 01:45,1974
2018-04-27 01:50,1944
2018-04-27 01:55,1944
2018-04-27 02:00,1938
2018-04-27 02:05,1907
2018-04-27 02:10,1903
2018-04-27 02:15,1901
2018-04-27 02:20,1900
2018-04-27 02:25,1908
2018-04-27 02:30,1897
2018-04-27 02:35,1910
2018-04-27 02:40,1893
2018-04-27 02:45,1866
2018-04-27 02:50,1855
2018-04-27 02:55,1823
2018-04-27 03:00,1808
2018-04-27 03:05,1789
2018-04-27 03:10,1764
2018-04-27 03:15,1755
2018-04-27 03:20,1734
2018-04-27 03:25,1724
2018-04-27 03:30,1722
2018-04-27 03:35,1708
2018-04-27 03:40,1703
2018-04-27 03:45,1686
2018-04-27 03:50,1672
2018-04-27 03:55,1630
2018-04-27 04:00,1625
2018-04-27 04:05,1589
2018-04-27 04:10,1556
2018-04-27 04:15,1547
2018-04-27 04:20,1547
2018-04-27 04:25,1561
2018-04-27 04:30,1564
2018-04-27 04:35,1541
2018-04-27 04:40,1537
2018-04-27 04:45,1512
2018-04-27 04:50,1481
2018-04-27 04:55,1478
2018-04-27 05:00,1483
2018-04-27 05:05,1481
2018-04-27 05:10,1465
2018-04-27 05:15,1443
2018-04-27 05:20,1442
2018-04-27 05:25,1446
2018-04-27 05:30,1455
2018-04-27 05:35,1447
2018-04-27 05:40,1444
2018-04-27 05:45,1455
2018-04-27 05:50,1437
2018-04-27 05:55,1441
2018-04-27 06:00,1425
2018-04-27 06:05,1420
2018-04-27 06:10,1420
2018-04-27 06:15,1433
2018-04-27 06:20,1424
2018-04-27 06:25,1435
2018-04-27 06:30,1432
2018-04-27 06:35,1442
2018-04-27 06:40,1460
2018-04-27 06:45,1455
2018-04-27 06:50,1453
2018-04-27 06:55,1462
2018-04-27 07:00,1459
2018-04-27 07:05,1474
2018-04-27 07:10,1473
2018-04-27 07:15,1467
2018-04-27 07:20,1473
2018-04-27 07:25,1476
2018-04-27 07:30,1487
2018-04-27 07:35,1491
2018-04-27 07:40,1474
2018-04-27 07:45,1493
2018-04-27 07:50,1505
2018-04-27 07:55,1513
2018-04-27 08:00,1536
2018-04-27 08:05,1532
2018-04-27 08:10,1525
2018-04-27 08:15,1533
2018-04-27 08:20,1542
2018-04-27 08:25,1542
2018-04-27 08:30,1549
2018-04-27 08:35,1575
2018-04-27 08:40,1573
2018-04-27 08:45,1577
2018-04-27 08:50,1591
2018-04-27 08:55,1594
2018-04-27 09:00,1591
2018-04-27 09:05,1614
2018-04-27 09:10,1607
2018-04-27 09:15,1614
2018-04-27 09:20,1645
2018-04-27 09:25,1649
2018-04-27 09:30,1636
2018-04-27 09:35,1642
2018-04-27 09:40,1650
2018-04-27 09:45,1660
2018-04-27 09:50,1654
2018-04-27 09:55,1666
2018-04-27 10:00,1682
2018-04-27 10:05,1724
2018-04-27 10:10,1728
2018-04-27 10:15,1753
2018-04-27 10:20,1775
2018-04-27 10:25,1809
2018-04-27 10:30,1828
2018-04-27 10:35,1835
2018-04-27 10:40,1844
2018-04-27 10:45,1863
2018-04-27 10:50,1882
2018-04-27 10:55,1904
2018-04-27 11:00,1905
2018-04-27 11:05,1927
2018-04-27 11:10,1924
2018-04-27 11:15,1949
2018-04-27 11:20,1978
2018-04-27 11:25,2018
2018-04-27 11:30,2012
2018-04-27 11:35,2023
2018-04-27 11:40,2032
2018-04-27 11:45,2038
2018-04-27 11:50,2068
2018-04-27 11:55,2082
2018-04-27 12:00,2100
2018-04-27 12:05,2105
2018-04-27 12:10,2101
2018-04-27 12:15,2125
2018-04-27 12:20,2148
2018-04-27 12:25,2175
2018-04-27 12:30,2181
2018-04-27 12:35,2205
2018-04-27 12:40,2200
2018-04-27 12:45,2209
2018-04-27 12:50,2208
2018-04-27 12:55,2229
2018-04-27 13:00,2274
2018-04-27 13:05,2293
2018-04-27 13:10,2327
2018-04-27 13:15,2331
2018-04-27 13:20,2355
2018-04-27 13:25,2380
2018-04-27 13:30,2380
2018-04-27 13:35,2400
2018-04-27 13:40,2409
2018-04-27 13:45,2416
2018-04-27 13:50,2435
2018-04-27 13:55,2474
2018-04-27 14:00,2476
2018-04-27 14:05,2478
2018-04-27 14:10,2482
2018-04-27 14:15,2491
2018-04-27 14:20,2495
2018-04-27 14:25,2518
2018-04-27 14:30,2524
2018-04-27 14:35,2554
2018-04-27 14:40,2581
2018-04-27 14:45,2583
2018-04-27 14:50,2613
2018-04-27 14:55,2629
2018-04-27 15:00,2639
2018-04-27 15:05,2644
2018-04-27 15:10,2642
2018-04-27 15:15,2663
2018-04-27 15:20,2676
2018-04-27 15:25,2702
2018-04-27 15:30,2713
2018-04-27 15:35,2737
2018-04-27 15:40,2748
2018-04-27 15:45,2774
2018-04-27 15:50,2792
2018-04-27 15:55,2806
2018-04-27 16:00,2824
2018-04-27 16:05,2851
2018-04-27 16:10,2865
2018-04-27 16:15,2865
2018-04-27 16:20,2902
2018-04-27 16:25,2917
2018-04-27 16:30,2904
2018-04-27 16:35,2933
2018-04-27 16:40,2945
2018-04-27 16:45,2964
2018-04-27 16:50,2981
2018-04-27 16:55,2973
2018-04-27 17:00,2954
2018-04-27 17:05,2951
2018-04-27 17:10,2953
2018-04-27 17:15,2949
2018-04-27 17:20,2977
2018-04-27 17:25,3005
2018-04-27 17:30,3025
2018-04-27 17:35,3001
2018-04-27 17:40,3021
2018-04-27 17:45,3050
2018-04-27 17:50,3067
2018-04-27 17:55,3084
2018-04-27 18:00,3092
2018-04-27 18:05,3130
2018-04-27 18:10,3133
2018-04-27 18:15,3131
2018-04-27 18:20,3129
2018-04-27 18:25,3111
2018-04-27 18:30,3098
2018-04-27 18:35,3081
2018-04-27 18:40,3099
2018-04-27 18:45,3095
2018-04-27 18:50,3101
2018-04-27 18:55,3125
2018-04-27 19:00,3131
2018-04-27 19:05,3136
2018-04-27 19:10,3155
2018-04-27 19:15,0
2018-04-27 19:20,3192
2018-04-27 19:25,3193
2018-04-27 19:30,3203
2018-04-27 19:35,3205
2018-04-27 19:40,3190
2018-04-27 19:45,3169
2018-04-27 19:50,3195
2018-04-27 19:55,3197
2018-04-27 20:00,3196
2018-04-27 20:05,3187
2018-04-27 20:10,3144
2018-04-27 20:15,3127
2018-04-27 20:20,3083
2018-04-27 20:25,3075
2018-04-27 20:30,3082
2018-04-27 20:35,3083
2018-04-27 20:40,3065
2018-04-27 20:45,3063
2018-04-27 20:50,3080
2018-04-27 20:55,3028
2018-04-27 21:00,3008
2018-04-27 21:05,2988
2018-04-27 21:10,2979
2018-04-27 21:15,2942
2018-04-27 21:20,2937
2018-04-27 21:25,2914
2018-04-27 21:30,2907
2018-04-27 21:35,2883
2018-04-27 21:40,2863
2018-04-27 21:45,2859
2018-04-27 21:50,2839
2018-04-27 21:55,2783
2018-04-27 22:00,2758
2018-04-27 22:05,2682
2018-04-27 22:10,2664
2018-04-27 22:15,2658
2018-04-27 22:20,2604
2018-04-27 22:25,2586
2018-04-27 22:30,2561
2018-04-27 22:35,2511
2018-04-27 22:40,2500
2018-04-27 22:45,2488
2018-04-27 22:50,2471
2018-04-27 22:55,2466
2018-04-27 23:00,2443
2018-04-27 23:05,2415
2018-04-27 23:10,2379
2018-04-27 23:15,2349
2018-04-27 23:20,2315
2018-04-27 23:25,2284
2018-04-27 23:30,2264
2018-04-27 23:35,2258
2018-04-27 23:40,2244
2018-04-27 23:45,2237
2018-04-27 23:50,2215
2018-04-27 23:55,2186
2018-04-28 00:00,2165
2018-04-28 00:05,2142
2018-04-28 00:10,2140
2018-04-28 00:15,2150
2018-04-28 00:20,2148
2018-04-28 00:25,2132
2018-04-28 00:30,2111
2018-04-28 00:35,2112
2018-04-28 00:40,2092
2018-04-28 00:45,2090
2018-04-28 00:50,2103
2018-04-28 00:55,2092
2018-04-28 01:00,2070
2018-04-28 01:05,2056
2018-04-28 01:10,2065
2018-04-28 01:15,2058
2018-04-28 01:20,2070
2018-04-28 01:25,2063
2018-04-28 01:30,2054
2018-04-28 01:35,2048
2018-04-28 01:40,2027
2018-04-28 01:45,2008
2018-04-28 01:50,2026
2018-04-28 01:55,2017
2018-04-28 02:00,2018
2018-04-28 02:05,2016
2018-04-28 02:10,2037
2018-04-28 02:15,2007
2018-04-28 02:20,2007
2018-04-28 02:25,1989
2018-04-28 02:30,1987
2018-04-28 02:35,1993
2018-04-28 02:40,2000
2018-04-28 02:45,1978
2018-04-28 02:50,1954
2018-04-28 02:55,1976
2018-04-28 03:00,1960
2018-04-28 03:05,1945
2018-04-28 03:10,1914
2018-04-28 03:15,1907
2018-04-28 03:20,1877
2018-04-28 03:25,1861
2018-04-28 03:30,1826
2018-04-28 03:35,1834
2018-04-28 03:40,1828
2018-04-28 03:45,1816
2018-04-28 03:50,1801
2018-04-28 03:55,1781
2018-04-28 04:00,1769
2018-04-28 04:05,1757
2018-04-28 04:10,1764
2018-04-28 04:15,1777
2018-04-28 04:20,1765
2018-04-28 04:25,1769
2018-04-28 04:30,1763
2018-04-28 04:35,1773
2018-04-28 04:40,1774
2018-04-28 04:45,1793
2018-04-28 04:50,1788
2018-04-28 04:55,1788
2018-04-28 05:00,1794
2018-04-28 05:05,1785
2018-04-28 05:10,1773
2018-04-28 05:15,1764
2018-04-28 05:20,1771
2018-04-28 05:25,1772
2018-04-28 05:30,1777
2018-04-28 05:35,1770
2018-04-28 05:40,1764
2018-04-28 05:45,1774
2018-04-28 05:50,1768
2018-04-28 05:55,1755
2018-04-28 06:00,1751
2018-04-28 06:05,1760
2018-04-28 06:10,1742
2018-04-28 06:15,1742
2018-04-28 06:20,1746
2018-04-28 06:25,1748
2018-04-28 06:30,1732
2018-04-28 06:35,1753
2018-04-28 06:40,1766
2018-04-28 06:45,1787
2018-04-28 06:50,1795
2018-04-28 06:55,1783
2018-04-28 07:00,1778
2018-04-28 07:05,1779
2018-04-28 07:10,1782
2018-04-28 07:15,1781
2018-04-28 07:20,1773
2018-04-28 07:25,1783
2018-04-28 07:30,1796
2018-04-28 07:35,1787
2018-04-28 07:40,1796
2018-04-28 07:45,1816
2018-04-28 07:50,1820
2018-04-28 07:55,1819
2018-04-28 08:00,1844
2018-04-28 08:05,1859
2018-04-28 08:10,1869
2018-04-28 08:15,1884
2018-04-28 08:20,1891
2018-04-28 08:25,1910
2018-04-28 08:30,1913
2018-04-28 08:35,1933
2018-04-28 08:40,1942
2018-04-28 08:45,1959
2018-04-28 08:50,1954
2018-04-28 08:55,1973
2018-04-28 09:00,1982
2018-04-28 09:05,2001
2018-04-28 09:10,2031
2018-04-28 09:15,2065
2018-04-28 09:20,2080
2018-04-28 09:25,2109
2018-04-28 09:30,2139
2018-04-28 09:35,2169
2018-04-28 09:40,2164
2018-04-28 09:45,2159
2018-04-28 09:50,2163
2018-04-28 09:55,2150
2018-04-28 10:00,2180
2018-04-28 10:05,2232
2018-04-28 10:10,2251
2018-04-28 10:15,2253
2018-04-28 10:20,2293
2018-04-28 10:25,2310
2018-04-28 10:30,2337
2018-04-28 10:35,2348
2018-04-28 10:40,2400
2018-04-28 10:45,2407
2018-04-28 10:50,2425
2018-04-28 10:55,2455
2018-04-28 11:00,2442
2018-04-28 11:05,2451
2018-04-28 11:10,2459
2018-04-28 11:15,2472
2018-04-28 11:20,2484
2018-04-28 11:25,2486
2018-04-28 11:30,2534
2018-04-28 11:35,2560
2018-04-28 11:40,2573
2018-04-28 11:45,2593
2018-04-28 11:50,2619
2018-04-28 11:55,2629
2018-04-28 12:00,2620
2018-04-28 12:05,2651
2018-04-28 12:10,2650
2018-04-28 12:15,2652
2018-04-28 12:20,2689
2018-04-28 12:25,2722
2018-04-28 12:30,2749
2018-04-28 12:35,2783
2018-04-28 12:40,2756
2018-04-28 12:45,2757
2018-04-28 12:50,2781
2018-04-28 12:55,2794
2018-04-28 13:00,2819
2018-04-28 13:05,2820
2018-04-28 13:10,2826
2018-04-28 13:15,2858
2018-04-28 13:20,2882
2018-04-28 13:25,2916
2018-04-28 13:30,2930
2018-04-28 13:35,2942
2018-04-28 13:40,2968
2018-04-28 13:45,2956
2018-04-28 13:50,2985
2018-04-28 13:55,2988
2018-04-28 14:00,3006
2018-04-28 14:05,3032
2018-04-28 14:10,3042
2018-04-28 14:15,3023
2018-04-28 14:20,3074
2018-04-28 14:25,3073
2018-04-28 14:30,3107
2018-04-28 14:35,3104
2018-04-28 14:40,3094
2018-04-28 14:45,3102
2018-04-28 14:50,3095
2018-04-28 14:55,3109
2018-04-28 15:00,3122
2018-04-28 15:05,3141
2018-04-28 15:10,3131
2018-04-28 15:15,3151
2018-04-28 15:20,3177
2018-04-28 15:25,3180
2018-04-28 15:30,3178
2018-04-28 15:35,3188
2018-04-28 15:40,3217
2018-04-28 15:45,3193
2018-04-28 15:50,3245
2018-04-28 15:55,3237
2018-04-28 16:00,3224
2018-04-28 16:05,3264
2018-04-28 16:10,3275
2018-04-28 16:15,3278
2018-04-28 16:20,3279
2018-04-28 16:25,3279
2018-04-28 16:30,3287
2018-04-28 16:35,3287
2018-04-28 16:40,3280
2018-04-28 16:45,3304
2018-04-28 16:50,3326
2018-04-28 16:55,3317
2018-04-28 17:00,3329
2018-04-28 17:05,3350
2018-04-28 17:10,3365
2018-04-28 17:15,3349
2018-04-28 17:20,3369
2018-04-28 17:25,3407
2018-04-28 17:30,3423
2018-04-28 17:35,3425
2018-04-28 17:40,3434
2018-04-28 17:45,3467
2018-04-28 17:50,3477
2018-04-28 17:55,3494
2018-04-28 18:00,3489
2018-04-28 18:05,3496
2018-04-28 18:10,3498
2018-04-28 18:15,3503
2018-04-28 18:20,3502
2018-04-28 18:25,3521
2018-04-28 18:30,3512
2018-04-28 18:35,3504
2018-04-28 18:40,3509
2018-04-28 18:45,3521
2018-04-28 18:50,3522
2018-04-28 18:55,3524
2018-04-28 19:00,3529
2018-04-28 19:05,3542
2018-04-28 19:10,3566
2018-04-28 19:15,3546
2018-04-28 19:20,3557
2018-04-28 19:25,3563
2018-04-28 19:30,3536
2018-04-28 19:35,3548
2018-04-28 19:40,3570
2018-04-28 19:45,3544
2018-04-28 19:50,3558
2018-04-28 19:55,3535
2018-04-28 20:00,3489
2018-04-28 20:05,3471
2018-04-28 20:10,3440
2018-04-28 20:15,3463
2018-04-28 20:20,3467
2018-04-28 20:25,3470
2018-04-28 20:30,3442
2018-04-28 20:35,3402
2018-04-28 20:40,3408
2018-04-28 20:45,3404
2018-04-28 20:50,3400
2018-04-28 20:55,3395
2018-04-28 21:00,3354
2018-04-28 21:05,3328
2018-04-28 21:10,3269
2018-04-28 21:15,3245
2018-04-28 21:20,3241
2018-04-28 21:25,3214
2018-04-28 21:30,3170
2018-04-28 21:35,3132
2018-04-28 21:40,3092
2018-04-28 21:45,3074
2018-04-28 21:50,3057
2018-04-28 21:55,3063
2018-04-28 22:00,3033
2018-04-28 22:05,3013
2018-04-28 22:10,2959
2018-04-28 22:15,2945
2018-04-28 22:20,2934
2018-04-28 22:25,0
2018-04-28 22:30,2916
2018-04-28 22:35,2892
2018-04-28 22:40,2855
2018-04-28 22:45,2865
2018-04-28 22:50,2832
2018-04-28 22:55,2807
2018-04-28 23:00,2794
2018-04-28 23:05,2763
2018-04-28 23:10,2721
2018-04-28 23:15,2699
2018-04-28 23:20,2666
2018-04-28 23:25,2633
2018-04-28 23:30,2623
2018-04-28 23:35,2596
2018-04-28 23:40,2577
2018-04-28 23:45,2593
2018-04-28 23:50,2563
2018-04-28 23:55,2525
2018-04-29 00:00,2501
2018-04-29 00:05,2489
2018-04-29 00:10,2456
2018-04-29 00:15,2419
2018-04-29 00:20,2408
2018-04-29 00:25,2389
2018-04-29 00:30,2388
2018-04-29 00:35,2370
2018-04-29 00:40,
2018-04-29 00:45,
2018-04-29 00:50,
2018-04-29 00:55,2366
2018-04-29 01:00,2376
2018-04-29 01:05,2370
2018-04-29 01:10,2362
2018-04-29 01:15,2362
2018-04-29 01:20,2328
2018-04-29 01:25,2321
2018-04-29 01:30,2312
2018-04-29 01:35,2317
2018-04-29 01:40,2292
2018-04-29 01:45,2296
2018-04-29 01:50,2305
2018-04-29 01:55,2282
2018-04-29 02:00,2267
2018-04-29 02:05,2260
2018-04-29 02:10,2243
2018-04-29 02:15,2242
2018-04-29 02:20,2254
2018-04-29 02:25,2251
2018-04-29 02:30,2251
2018-04-29 02:35,2238
2018-04-29 02:40,2238
2018-04-29 02:45,2212
2018-04-29 02:50,2198
2018-04-29 02:55,2180
2018-04-29 03:00,2143
2018-04-29 03:05,2139
2018-04-29 03:10,2136
2018-04-29 03:15,2133
2018-04-29 03:20,2123
2018-04-29 03:25,2100
2018-04-29 03:30,2077
2018-04-29 03:35,2052
2018-04-29 03:40,2035
2018-04-29 03:45,2029
2018-04-29 03:50,2020
2018-04-29 03:55,2034
2018-04-29 04:00,2016
2018-04-29 04:05,1993
2018-04-29 04:10,1994
2018-04-29 04:15,2001
2018-04-29 04:20,1996
2018-04-29 04:25,2005
2018-04-29 04:30,2001
2018-04-29 04:35,2003
2018-04-29 04:40,1977
2018-04-29 04:45,1957
2018-04-29 04:50,1947
2018-04-29 04:55,1936
2018-04-29 05:00,1914
2018-04-29 05:05,1914
2018-04-29 05:10,1922
2018-04-29 05:15,1934
2018-04-29 05:20,1933
2018-04-29 05:25,1914
2018-04-29 05:30,1921
2018-04-29 05:35,1928
2018-04-29 05:40,1933
2018-04-29 05:45,1932
2018-04-29 05:50,1939
2018-04-29 05:55,1936
2018-04-29 06:00,1924
2018-04-29 06:05,1913
2018-04-29 06:10,1927
2018-04-29 06:15,1924
2018-04-29 06:20,1934
2018-04-29 06:25,1948
2018-04-29 06:30,1966
2018-04-29 06:35,1962
2018-04-29 06:40,1988
2018-04-29 06:45,1996
2018-04-29 06:50,2005
2018-04-29 06:55,2033
2018-04-29 07:00,2038
2018-04-29 07:05,2038
2018-04-29 07:10,2055
2018-04-29 07:15,2086
2018-04-29 07:20,2087
2018-04-29 07:25,2075
2018-04-29 07:30,2080
2018-04-29 07:35,2081
2018-04-29 07:40,2083
2018-04-29 07:45,2094
2018-04-29 07:50,2113
2018-04-29 07:55,2132
2018-04-29 08:00,2140
2018-04-29 08:05,2142
2018-04-29 08:10,2155
2018-04-29 08:15,2191
2018-04-29 08:20,2188
2018-04-29 08:25,2213
2018-04-29 08:30,2234
2018-04-29 08:35,2254
2018-04-29 08:40,2279
2018-04-29 08:45,2311
2018-04-29 08:50,2321
2018-04-29 08:55,2355
2018-04-29 09:00,2359
2018-04-29 09:05,2366
2018-04-29 09:10,2384
2018-04-29 09:15,2414
2018-04-29 09:20,2416
2018-04-29 09:25,2392
2018-04-29 09:30,2425
2018-04-29 09:35,2447
2018-04-29 09:40,2497
2018-04-29 09:45,2516
2018-04-29 09:50,2554
2018-04-29 09:55,2573
2018-04-29 10:00,2591
2018-04-29 10:05,2639
2018-04-29 10:10,2687
2018-04-29 10:15,2700
2018-04-29 10:20,2723
2018-04-29 10:25,2716
2018-04-29 10:30,2731
2018-04-29 10:35,2728
2018-04-29 10:40,2712
2018-04-29 10:45,2730
2018-04-29 10:50,2755
2018-04-29 10:55,2764
2018-04-29 11:00,2759
2018-04-29 11:05,2748
2018-04-29 11:10,2752
2018-04-29 11:15,2777
2018-04-29 11:20,2800
2018-04-29 11:25,2826
2018-04-29 11:30,2856
2018-04-29 11:35,2870
2018-04-29 11:40,2868
2018-04-29 11:45,2890
2018-04-29 11:50,2917
2018-04-29 11:55,2950
2018-04-29 12:00,2974
2018-04-29 12:05,2976
2018-04-29 12:10,3005
2018-04-29 12:15,3033
2018-04-29 12:20,3054
2018-04-29 12:25,3074
2018-04-29 12:30,3094
2018-04-29 12:35,3122
2018-04-29 12:40,3143
2018-04-29 12:45,3127
2018-04-29 12:50,3177
2018-04-29 12:55,3178
2018-04-29 13:00,3209
2018-04-29 13:05,3234
2018-04-29 13:10,3244
2018-04-29 13:15,3237
2018-04-29 13:20,3251
2018-04-29 13:25,3253
2018-04-29 13:30,3250
2018-04-29 13:35,3270
2018-04-29 13:40,3273
2018-04-29 13:45,3305
2018-04-29 13:50,3318
2018-04-29 13:55,3339
2018-04-29 14:00,3345
2018-04-29 14:05,3338
2018-04-29 14:10,3330
2018-04-29 14:15,3341
2018-04-29 14:20,3381
2018-04-29 14:25,3389
2018-04-29 14:30,3412
2018-04-29 14:35,3433
2018-04-29 14:40,3468
2018-04-29 14:45,3499
2018-04-29 14:50,3509
2018-04-29 14:55,3523
2018-04-29 15:00,3523
2018-04-29 15:05,3550
2018-04-29 15:10,3578
2018-04-29 15:15,3594
2018-04-29 15:20,3589
2018-04-29 15:25,3609
2018-04-29 15:30,3615
2018-04-29 15:35,3630
2018-04-29 15:40,3660
2018-04-29 15:45,3682
2018-04-29 15:50,3681
2018-04-29 15:55,3689
2018-04-29 16:00,3714
2018-04-29 16:05,3708
2018-04-29 16:10,3720
2018-04-29 16:15,3721
2018-04-29 16:20,3735
2018-04-29 16:25,3741
2018-04-29 16:30,3759
2018-04-29 16:35,3791
2018-04-29 16:40,3779
2018-04-29 16:45,3802
2018-04-29 16:50,3816
2018-04-29 16:55,3820
2018-04-29 17:00,3839
2018-04-29 17:05,3855
2018-04-29 17:10,3897
2018-04-29 17:15,3895
2018-04-29 17:20,3907
2018-04-29 17:25,3927
2018-04-29 17:30,3975
2018-04-29 17:35,3978
2018-04-29 17:40,3989
2018-04-29 17:45,3964
2018-04-29 17:50,3951
2018-04-29 17:55,3938
2018-04-29 18:00,3946
2018-04-29 18:05,3930
2018-04-29 18:10,3926
2018-04-29 18:15,3934
2018-04-29 18:20,3918
2018-04-29 18:25,3933
2018-04-29 18:30,3951
2018-04-29 18:35,3950
2018-04-29 18:40,3963
2018-04-29 18:45,3948
2018-04-29 18:50,3974
2018-04-29 18:55,3960
2018-04-29 19:00,3965
2018-04-29 19:05,3980
2018-04-29 19:10,3973
2018-04-29 19:15,3975
2018-04-29 19:20,3955
2018-04-29 19:25,3948
2018-04-29 19:30,3961
2018-04-29 19:35,3951
2018-04-29 19:40,3949
2018-04-29 19:45,3935
2018-04-29 19:50,3927
2018-04-29 19:55,3903
2018-04-29 20:00,3873
2018-04-29 20:05,3859
2018-04-29 20:10,3841
2018-04-29 20:15,3823
2018-04-29 20:20,3826
2018-04-29 20:25,3817
2018-04-29 20:30,3799
2018-04-29 20:35,3734
2018-04-29 20:40,3713
2018-04-29 20:45,3690
2018-04-29 20:50,3635
2018-04-29 20:55,3613
2018-04-29 21:00,3550
2018-04-29 21:05,3521
2018-04-29 21:10,3474
2018-04-29 21:15,3430
2018-04-29 21:20,3398
2018-04-29 21:25,3362
2018-04-29 21:30,3337
2018-04-29 21:35,3302
2018-04-29 21:40,3251
2018-04-29 21:45,3210
2018-04-29 21:50,3169
2018-04-29 21:55,3160
2018-04-29 22:00,3106
2018-04-29 22:05,3073
2018-04-29 22:10,3039
2018-04-29 22:15,3002
2018-04-29 22:20,2960
2018-04-29 22:25,2929
2018-04-29 22:30,2893
2018-04-29 22:35,2868
2018-04-29 22:40,2872
2018-04-29 22:45,2831
2018-04-29 22:50,2795
2018-04-29 22:55,2775
2018-04-29 23:00,2755
2018-04-29 23:05,2731
2018-04-29 23:10,2714
2018-04-29 23:15,2689
2018-04-29 23:20,2689
2018-04-29 23:25,2702
2018-04-29 23:30,2684
2018-04-29 23:35,2678
2018-04-29 23:40,2664
2018-04-29 23:45,2662
2018-04-29 23:50,2652
2018-04-29 23:55,2660
2018-04-30 00:00,2610
2018-04-30 00:05,2562
2018-04-30 00:10,2527
2018-04-30 00:15,2514
2018-04-30 00:20,2484
2018-04-30 00:25,2478
2018-04-30 00:30,2483
2018-04-30 00:35,2492
2018-04-30 00:40,2445
2018-04-30 00:45,2439
2018-04-30 00:50,2420
2018-04-30 00:55,2411
2018-04-30 01:00,2398
2018-04-30 01:05,2381
2018-04-30 01:10,2367
2018-04-30 01:15,2351
2018-04-30 01:20,2338
2018-04-30 01:25,2313
2018-04-30 01:30,2301
2018-04-30 01:35,2301
2018-04-30 01:40,2288
2018-04-30 01:45,2279
2018-04-30 01:50,2270
2018-04-30 01:55,2266
2018-04-30 02:00,2280
2018-04-30 02:05,2279
2018-04-30 02:10,2256
2018-04-30 02:15,2255
2018-04-30 02:20,2234
2018-04-30 02:25,2205
2018-04-30 02:30,2177
2018-04-30 02:35,2151
2018-04-30 02:40,2139
2018-04-30 02:45,2119
2018-04-30 02:50,2123
2018-04-30 02:55,2101
2018-04-30 03:00,2084
2018-04-30 03:05,2073
2018-04-30 03:10,2043
2018-04-30 03:15,2033
2018-04-30 03:20,2024
2018-04-30 03:25,2007
2018-04-30 03:30,2001
2018-04-30 03:35,1980
2018-04-30 03:40,1978
2018-04-30 03:45,0
2018-04-30 03:50,1944
2018-04-30 03:55,1919
2018-04-30 04:00,1919
2018-04-30 04:05,1880
2018-04-30 04:10,1854
2018-04-30 04:15,1826
2018-04-30 04:20,1834
2018-04-30 04:25,1810
2018-04-30 04:30,1783
2018-04-30 04:35,1768
2018-04-30 04:40,1766
2018-04-30 04:45,1766
2018-04-30 04:50,1772
2018-04-30 04:55,1735
2018-04-30 05:00,1735
2018-04-30 05:05,1711
2018-04-30 05:10,1690
2018-04-30 05:15,1668
2018-04-30 05:20,1663
2018-04-30 05:25,1669
2018-04-30 05:30,1693
2018-04-30 05:35,1693
2018-04-30 05:40,1684
2018-04-30 05:45,1696
2018-04-30 05:50,1700
2018-04-30 05:55,1699
2018-04-30 06:00,1697
2018-04-30 06:05,1682
2018-04-30 06:10,1682
2018-04-30 06:15,1687
2018-04-30 06:20,1705
2018-04-30 06:25,1703
2018-04-30 06:30,1716
2018-04-30 06:35,1741
2018-04-30 06:40,1765
2018-04-30 06:45,1765
2018-04-30 06:50,1778
2018-04-30 06:55,1776
2018-04-30 07:00,1804
2018-04-30 07:05,1789
2018-04-30 07:10,1788
2018-04-30 07:15,1803
2018-04-30 07:20,1785
2018-04-30 07:25,1813
2018-04-30 07:30,1838
2018-04-30 07:35,1841
2018-04-30 07:40,1855
2018-04-30 07:45,1889
2018-04-30 07:50,1895
2018-04-30 07:55,1885
2018-04-30 08:00,1882
2018-04-30 08:05,1890
2018-04-30 08:10,1920
2018-04-30 08:15,1930
2018-04-30 08:20,1955
2018-04-30 08:25,1974
2018-04-30 08:30,1982
2018-04-30 08:35,1996
2018-04-30 08:40,2017
2018-04-30 08:45,2037
2018-04-30 08:50,2034
2018-04-30 08:55,2046
2018-04-30 09:00,2059
2018-04-30 09:05,2081
2018-04-30 09:10,2104
2018-04-30 09:15,2127
2018-04-30 09:20,2165
2018-04-30 09:25,2165
2018-04-30 09:30,2182
2018-04-30 09:35,2181
2018-04-30 09:40,2198
2018-04-30 09:45,2225
2018-04-30 09:50,2225
2018-04-30 09:55,2233
2018-04-30 10:00,2230
2018-04-30 10:05,2245
2018-04-30 10:10,2298
2018-04-30 10:15,2326
2018-04-30 10:20,2355
2018-04-30 10:25,2385
2018-04-30 10:30,2385
2018-04-30 10:35,2431
2018-04-30 10:40,2456
2018-04-30 10:45,2475
2018-04-30 10:50,2492
2018-04-30 10:55,2489
2018-04-30 11:00,2504
2018-04-30 11:05,2526
2018-04-30 11:10,2552
2018-04-30 11:15,2556
2018-04-30 11:20,2568
2018-04-30 11:25,2589
2018-04-30 11:30,2617
2018-04-30 11:35,2637
2018-04-30 11:40,2641
2018-04-30 11:45,2646
2018-04-30 11:50,2658
2018-04-30 11:55,2651
2018-04-30 12:00,2656
2018-04-30 12:05,2672
2018-04-30 12:10,2673
2018-04-30 12:15,2695
2018-04-30 12:20,2717
2018-04-30 12:25,2727
2018-04-30 12:30,2734
2018-04-30 12:35,2733
2018-04-30 12:40,2748
2018-04-30 12:45,2765
2018-04-30 12:50,2761
2018-04-30 12:55,2782
2018-04-30 13:00,2793
2018-04-30 13:05,2800
2018-04-30 13:10,2844
2018-04-30 13:15,2855
2018-04-30 13:20,2882
2018-04-30 13:25,2880
2018-04-30 13:30,2871
2018-04-30 13:35,2886
2018-04-30 13:40,2905
2018-04-30 13:45,2912
2018-04-30 13:50,2917
2018-04-30 13:55,2926
2018-04-30 14:00,2950
2018-04-30 14:05,2939
2018-04-30 14:10,2984
2018-04-30 14:15,2995
2018-04-30 14:20,2995
2018-04-30 14:25,3016
2018-04-30 14:30,3029
2018-04-30 14:35,3054
2018-04-30 14:40,3073
2018-04-30 14:45,3062
2018-04-30 14:50,3068
2018-04-30 14:55,3085
2018-04-30 15:00,3079
2018-04-30 15:05,3079
2018-04-30 15:10,3093
2018-04-30 15:15,3106
2018-04-30 15:20,3122
2018-04-30 15:25,3135
2018-04-30 15:30,3116
2018-04-30 15:35,3112
2018-04-30 15:40,3136
2018-04-30 15:45,3146
2018-04-30 15:50,3164
2018-04-30 15:55,3168
2018-04-30 16:00,3202
2018-04-30 16:05,3224
2018-04-30 16:10,3215
2018-04-30 16:15,3217
2018-04-30 16:20,3232
2018-04-30 16:25,3280
2018-04-30 16:30,3302
2018-04-30 16:35,3287
2018-04-30 16:40,3299
2018-04-30 16:45,3308
2018-04-30 16:50,3300
2018-04-30 16:55,3311
2018-04-30 17:00,3326
2018-04-30 17:05,3355
2018-04-30 17:10,3348
2018-04-30 17:15,3371
2018-04-30 17:20,3383
2018-04-30 17:25,3425
2018-04-30 17:30,3436
2018-04-30 17:35,3417
2018-04-30 17:40,3430
2018-04-30 17:45,3439
2018-04-30 17:50,3439
2018-04-30 17:55,3465
2018-04-30 18:00,3458
2018-04-30 18:05,3462
2018-04-30 18:10,3460
2018-04-30 18:15,3471
2018-04-30 18:20,3476
2018-04-30 18:25,3461
2018-04-30 18:30,3487
2018-04-30 18:35,3470
2018-04-30 18:40,3493
2018-04-30 18:45,3503
2018-04-30 18:50,3490
2018-04-30 18:55,3503
2018-04-30 19:00,3519
2018-04-30 19:05,3505
2018-04-30 19:10,3507
2018-04-30 19:15,3509
2018-04-30 19:20,3505
2018-04-30 19:25,3505
2018-04-30 19:30,3499
2018-04-30 19:35,3497
2018-04-30 19:40,3485
2018-04-30 19:45,3477
2018-04-30 19:50,3478
2018-04-30 19:55,3493
2018-04-30 20:00,3497
2018-04-30 20:05,3512
2018-04-30 20:10,3464
2018-04-30 20:15,3466
2018-04-30 20:20,3449
2018-04-30 20:25,3458
2018-04-30 20:30,3438
2018-04-30 20:35,3416
2018-04-30 20:40,3403
2018-04-30 20:45,3383
2018-04-30 20:50,3378
2018-04-30 20:55,3353
2018-04-30 21:00,3330
2018-04-30 21:05,3304
2018-04-30 21:10,3272
2018-04-30 21:15,3256
2018-04-30 21:20,3234
2018-04-30 21:25,3203
2018-04-30 21:30,3166
2018-04-30 21:35,3167
2018-04-30 21:40,3135
2018-04-30 21:45,3112
2018-04-30 21:50,3072
2018-04-30 21:55,3029
2018-04-30 22:00,2981
2018-04-30 22:05,2960
2018-04-30 22:10,2940
2018-04-30 22:15,2892
2018-04-30 22:20,2857
2018-04-30 22:25,2855
2018-04-30 22:30,2838
2018-04-30 22:35,2807
2018-04-30 22:40,2785
2018-04-30 22:45,2774
2018-04-30 22:50,2747
2018-04-30 22:55,2728
2018-04-30 23:00,2699
2018-04-30 23:05,2657
2018-04-30 23:10,2632
2018-04-30 23:15,2588
2018-04-30 23:20,2563
2018-04-30 23:25,2549
2018-04-30 23:30,2549
2018-04-30 23:35,2538
2018-04-30 23:40,2521
2018-04-30 23:45,2509
2018-04-30 23:50,2480
2018-04-30 23:55,2469
2018-05-01 00:00,2463
2018-05-01 00:05,2439
2018-05-01 00:10,2429
2018-05-01 00:15,2430
2018-05-01 00:20,2400
2018-05-01 00:25,2369
2018-05-01 00:30,2347
2018-05-01 00:35,2332
2018-05-01 00:40,2330
2018-05-01 00:45,2332
2018-05-01 00:50,2331
2018-05-01 00:55,2319
2018-05-01 01:00,2316
2018-05-01 01:05,2307
2018-05-01 01:10,2293
2018-05-01 01:15,2295
2018-05-01 01:20,2280
2018-05-01 01:25,2282
2018-05-01 01:30,2265
2018-05-01 01:35,2257
2018-05-01 01:40,2247
2018-05-01 01:45,2223
2018-05-01 01:50,2217
2018-05-01 01:55,2208
2018-05-01 02:00,2210
2018-05-01 02:05,2192
2018-05-01 02:10,2175
2018-05-01 02:15,2171
2018-05-01 02:20,2161
2018-05-01 02:25,2141
2018-05-01 02:30,2118
2018-05-01 02:35,2102
2018-05-01 02:40,2088
2018-05-01 02:45,2071
2018-05-01 02:50,2058
2018-05-01 02:55,2058
2018-05-01 03:00,2031
2018-05-01 03:05,2019
2018-05-01 03:10,1982
2018-05-01 03:15,1972
2018-05-01 03:20,1954
2018-05-01 03:25,1935
2018-05-01 03:30,1933
2018-05-01 03:35,1923
2018-05-01 03:40,1923
2018-05-01 03:45,1920
2018-05-01 03:50,1903
2018-05-01 03:55,1897
2018-05-01 04:00,1890
2018-05-01 04:05,1889
2018-05-01 04:10,1885
2018-05-01 04:15,1882
2018-05-01 04:20,1877
2018-05-01 04:25,1874
2018-05-01 04:30,1855
2018-05-01 04:35,1835
2018-05-01 04:40,1851
2018-05-01 04:45,1838
2018-05-01 04:50,1819
2018-05-01 04:55,1814
2018-05-01 05:00,1801
2018-05-01 05:05,1793
2018-05-01 05:10,1803
2018-05-01 05:15,1787
2018-05-01 05:20,1785
2018-05-01 05:25,1776
2018-05-01 05:30,1764
2018-05-01 05:35,1774
2018-05-01 05:40,1766
2018-05-01 05:45,1751
2018-05-01 05:50,1756
2018-05-01 05:55,1758
2018-05-01 06:00,1755
2018-05-01 06:05,1753
2018-05-01 06:10,1771
2018-05-01 06:15,1773
2018-05-01 06:20,1776
2018-05-01 06:25,1777
2018-05-01 06:30,1798
2018-05-01 06:35,1811
2018-05-01 06:40,1827
2018-05-01 06:45,1837
2018-05-01 06:50,1865
2018-05-01 06:55,1868
2018-05-01 07:00,1874
2018-05-01 07:05,1893
2018-05-01 07:10,1895
2018-05-01 07:15,1911
2018-05-01 07:20,1923
2018-05-01 07:25,1936
2018-05-01 07:30,1966
2018-05-01 07:35,1992
2018-05-01 07:40,2023
2018-05-01 07:45,2046
2018-05-01 07:50,2066
2018-05-01 07:55,2095
2018-05-01 08:00,2117
2018-05-01 08:05,2129
2018-05-01 08:10,2157
2018-05-01 08:15,2200
2018-05-01 08:20,2201
2018-05-01 08:25,2230
2018-05-01 08:30,2253
2018-05-01 08:35,2256
2018-05-01 08:40,2279
2018-05-01 08:45,2307
2018-05-01 08:50,2316
2018-05-01 08:55,2342
2018-05-01 09:00,2360
2018-05-01 09:05,2392
2018-05-01 09:10,2399
2018-05-01 09:15,2419
2018-05-01 09:20,2420
2018-05-01 09:25,2419
2018-05-01 09:30,2420
2018-05-01 09:35,2441
2018-05-01 09:40,2474
2018-05-01 09:45,2499
2018-05-01 09:50,2519
2018-05-01 09:55,2536
2018-05-01 10:00,2553
2018-05-01 10:05,2573
2018-05-01 10:10,2577
2018-05-01 10:15,2586
2018-05-01 10:20,2620
2018-05-01 10:25,2629
2018-05-01 10:30,2643
2018-05-01 10:35,2677
2018-05-01 10:40,2709
2018-05-01 10:45,2714
2018-05-01 10:50,2735
2018-05-01 10:55,2728
2018-05-01 11:00,2735
2018-05-01 11:05,2744
2018-05-01 11:10,2750
2018-05-01 11:15,2757
2018-05-01 11:20,2779
2018-05-01 11:25,2788
2018-05-01 11:30,2800
2018-05-01 11:35,2806
2018-05-01 11:40,2848
2018-05-01 11:45,2836
2018-05-01 11:50,2828
2018-05-01 11:55,2832
2018-05-01 12:00,2852
2018-05-01 12:05,2867
2018-05-01 12:10,2880
2018-05-01 12:15,2874
2018-05-01 12:20,2897
2018-05-01 12:25,2911
2018-05-01 12:30,2913
2018-05-01 12:35,2938
2018-05-01 12:40,2978
2018-05-01 12:45,2985
2018-05-01 12:50,2993
2018-05-01 12:55,3029
2018-05-01 13:00,3067
2018-05-01 13:05,3070
2018-05-01 13:10,3079
2018-05-01 13:15,3104
2018-05-01 13:20,3109
2018-05-01 13:25,3114
2018-05-01 13:30,3139
2018-05-01 13:35,3147
2018-05-01 13:40,3149
2018-05-01 13:45,3175
2018-05-01 13:50,3187
2018-05-01 13:55,3195
2018-05-01 14:00,3203
2018-05-01 14:05,0
2018-05-01 14:10,3215
2018-05-01 14:15,3235
2018-05-01 14:20,3238
2018-05-01 14:25,3240
2018-05-01 14:30,3260
2018-05-01 14:35,3295
2018-05-01 14:40,3320
2018-05-01 14:45,3315
2018-05-01 14:50,3351
2018-05-01 14:55,3367
2018-05-01 15:00,3375
2018-05-01 15:05,3362
2018-05-01 15:10,3381
2018-05-01 15:15,3368
2018-05-01 15:20,3377
2018-05-01 15:25,3388
2018-05-01 15:30,3375
2018-05-01 15:35,3377
2018-05-01 15:40,3381
2018-05-01 15:45,3388
2018-05-01 15:50,3382
2018-05-01 15:55,3373
2018-05-01 16:00,3394
2018-05-01 16:05,3381
2018-05-01 16:10,0
2018-05-01 16:15,3483
2018-05-01 16:20,3454
2018-05-01 16:25,3474
2018-05-01 16:30,3495
2018-05-01 16:35,3507
2018-05-01 16:40,3510
2018-05-01 16:45,3485
2018-05-01 16:50,3471
2018-05-01 16:55,3483
2018-05-01 17:00,3491
2018-05-01 17:05,3496
2018-05-01 17:10,3481
2018-05-01 17:15,3460
2018-05-01 17:20,3466
2018-05-01 17:25,3498
2018-05-01 17:30,3510
2018-05-01 17:35,3540
2018-05-01 17:40,3530
2018-05-01 17:45,3524
2018-05-01 17:50,3538
2018-05-01 17:55,3529
2018-05-01 18:00,3541
2018-05-01 18:05,3535
2018-05-01 18:10,3552
2018-05-01 18:15,3535
2018-05-01 18:20,3515
2018-05-01 18:25,3526
2018-05-01 18:30,3544
2018-05-01 18:35,3529
2018-05-01 18:40,3539
2018-05-01 18:45,3566
2018-05-01 18:50,3573
2018-05-01 18:55,3571
2018-05-01 19:00,3533
2018-05-01 19:05,3530
2018-05-01 19:10,3513
2018-05-01 19:15,3512
2018-05-01 19:20,3482
2018-05-01 19:25,3465
2018-05-01 19:30,3438
2018-05-01 19:35,3441
2018-05-01 19:40,3451
2018-05-01 19:45,3452
2018-05-01 19:50,3450
2018-05-01 19:55,3451
2018-05-01 20:00,3426
2018-05-01 20:05,3403
2018-05-01 20:10,3380
2018-05-01 20:15,3342
2018-05-01 20:20,3322
2018-05-01 20:25,3294
2018-05-01 20:30,3262
2018-05-01 20:35,3247
2018-05-01 20:40,3215
2018-05-01 20:45,3203
2018-05-01 20:50,3196
2018-05-01 20:55,3158
2018-05-01 21:00,3130
2018-05-01 21:05,3092
2018-05-01 21:10,3057
2018-05-01 21:15,3016
2018-05-01 21:20,2964
2018-05-01 21:25,2954
2018-05-01 21:30,2930
2018-05-01 21:35,2896
2018-05-01 21:40,2887
2018-05-01 21:45,2847
2018-05-01 21:50,2825
2018-05-01 21:55,2785
2018-05-01 22:00,2724
2018-05-01 22:05,2692
2018-05-01 22:10,2679
2018-05-01 22:15,2620
2018-05-01 22:20,2586
2018-05-01 22:25,2549
2018-05-01 22:30,2549
2018-05-01 22:35,2520
2018-05-01 22:40,2483
2018-05-01 22:45,2479
2018-05-01 22:50,2463
2018-05-01 22:55,2458
2018-05-01 23:00,2457
2018-05-01 23:05,2443
2018-05-01 23:10,0
2018-05-01 23:15,1835
2018-05-01 23:20,2234
2018-05-01 23:25,2332
2018-05-01 23:30,2314
2018-05-01 23:35,2301
2018-05-01 23:40,2293
2018-05-01 23:45,2264
2018-05-01 23:50,2273
2018-05-01 23:55,2257
2018-05-02 00:00,2259
2018-05-02 00:05,2245
2018-05-02 00:10,2232
2018-05-02 00:15,2234
2018-05-02 00:20,2240
2018-05-02 00:25,2203
2018-05-02 00:30,2189
2018-05-02 00:35,2177
2018-05-02 00:40,2179
2018-05-02 00:45,2184
2018-05-02 00:50,2175
2018-05-02 00:55,2165
2018-05-02 01:00,2157
2018-05-02 01:05,2136
2018-05-02 01:10,2128
2018-05-02 01:15,2119
2018-05-02 01:20,2113
2018-05-02 01:25,2119
2018-05-02 01:30,2114
2018-05-02 01:35,2110
2018-05-02 01:40,2113
2018-05-02 01:45,2105
2018-05-02 01:50,2099
2018-05-02 01:55,2076
2018-05-02 02:00,2064
2018-05-02 02:05,2069
2018-05-02 02:10,2036
2018-05-02 02:15,2018
2018-05-02 02:20,2003
2018-05-02 02:25,1953
2018-05-02 02:30,1937
2018-05-02 02:35,1943
2018-05-02 02:40,1919
2018-05-02 02:45,1921
2018-05-02 02:50,1911
2018-05-02 02:55,1903
2018-05-02 03:00,1894
2018-05-02 03:05,1879
2018-05-02 03:10,1874
2018-05-02 03:15,1864
2018-05-02 03:20,1846
2018-05-02 03:25,1834
2018-05-02 03:30,1807
2018-05-02 03:35,1791
2018-05-02 03:40,1780
2018-05-02 03:45,1759
2018-05-02 03:50,1745
2018-05-02 03:55,1718
2018-05-02 04:00,1713
2018-05-02 04:05,1715
2018-05-02 04:10,1699
2018-05-02 04:15,1701
2018-05-02 04:20,1696
2018-05-02 04:25,1695
2018-05-02 04:30,1692
2018-05-02 04:35,1684
2018-05-02 04:40,1646
2018-05-02 04:45,1633
2018-05-02 04:50,1630
2018-05-02 04:55,1617
2018-05-02 05:00,1624
2018-05-02 05:05,1608
2018-05-02 05:10,1591
2018-05-02 05:15,1598
2018-05-02 05:20,1593
2018-05-02 05:25,1579
2018-05-02 05:30,1558
2018-05-02 05:35,1569
2018-05-02 05:40,1558
2018-05-02 05:45,1545
2018-05-02 05:50,1556
2018-05-02 05:55,1543
2018-05-02 06:00,1544
2018-05-02 06:05,1549
2018-05-02 06:10,1542
2018-05-02 06:15,1542
2018-05-02 06:20,1554
2018-05-02 06:25,1558
2018-05-02 06:30,1566
2018-05-02 06:35,1586
2018-05-02 06:40,1595
2018-05-02 06:45,1591
2018-05-02 06:50,1598
2018-05-02 06:55,1602
2018-05-02 07:00,1597
2018-05-02 07:05,1603
2018-05-02 07:10,1609
2018-05-02 07:15,1624
2018-05-02 07:20,1633
2018-05-02 07:25,1651
2018-05-02 07:30,1642
2018-05-02 07:35,1656
2018-05-02 07:40,1654
2018-05-02 07:45,1666
2018-05-02 07:50,1674
2018-05-02 07:55,1685
2018-05-02 08:00,1703
2018-05-02 08:05,1706
2018-05-02 08:10,1733
2018-05-02 08:15,1760
2018-05-02 08:20,1755
2018-05-02 08:25,1761
2018-05-02 08:30,1753
2018-05-02 08:35,1765
2018-05-02 08:40,1780
2018-05-02 08:45,1792
2018-05-02 08:50,1827
2018-05-02 08:55,1826
2018-05-02 09:00,1846
2018-05-02 09:05,1851
2018-05-02 09:10,1858
2018-05-02 09:15,1836
2018-05-02 09:20,1850
2018-05-02 09:25,1866
2018-05-02 09:30,1879
2018-05-02 09:35,1857
2018-05-02 09:40,1861
2018-05-02 09:45,1903
2018-05-02 09:50,1912
2018-05-02 09:55,1933
2018-05-02 10:00,1938
2018-05-02 10:05,1961
2018-05-02 10:10,1995
2018-05-02 10:15,2022
2018-05-02 10:20,2051
2018-05-02 10:25,2074
2018-05-02 10:30,2082
2018-05-02 10:35,2090
2018-05-02 10:40,2118
2018-05-02 10:45,2114
2018-05-02 10:50,2157
2018-05-02 10:55,2173
2018-05-02 11:00,2162
2018-05-02 11:05,2188
2018-05-02 11:10,2182
2018-05-02 11:15,2214
2018-05-02 11:20,2245
2018-05-02 11:25,2249
2018-05-02 11:30,2238
2018-05-02 11:35,2232
2018-05-02 11:40,2254
2018-05-02 11:45,2245
2018-05-02 11:50,2253
2018-05-02 11:55,2245
2018-05-02 12:00,2242
2018-05-02 12:05,2255
2018-05-02 12:10,2289
2018-05-02 12:15,2310
2018-05-02 12:20,2385
2018-05-02 12:25,2384
2018-05-02 12:30,2381
2018-05-02 12:35,2390
2018-05-02 12:40,2391
2018-05-02 12:45,2415
2018-05-02 12:50,2430
2018-05-02 12:55,2441
2018-05-02 13:00,2469
2018-05-02 13:05,2471
2018-05-02 13:10,2482
2018-05-02 13:15,2498
2018-05-02 13:20,2498
2018-05-02 13:25,2516
2018-05-02 13:30,2521
2018-05-02 13:35,2546
2018-05-02 13:40,2569
2018-05-02 13:45,2585
2018-05-02 13:50,2564
2018-05-02 13:55,2546
2018-05-02 14:00,2578
2018-05-02 14:05,2616
2018-05-02 14:10,2636
2018-05-02 14:15,2648
2018-05-02 14:20,2682
2018-05-02 14:25,2662
2018-05-02 14:30,2675
2018-05-02 14:35,2685
2018-05-02 14:40,2718
2018-05-02 14:45,2725
2018-05-02 14:50,2729
2018-05-02 14:55,2708
2018-05-02 15:00,2738
2018-05-02 15:05,2745
2018-05-02 15:10,2781
2018-05-02 15:15,2751
2018-05-02 15:20,2763
2018-05-02 15:25,2805
2018-05-02 15:30,2811
2018-05-02 15:35,2816
2018-05-02 15:40,2853
2018-05-02 15:45,2887
2018-05-02 15:50,2864
2018-05-02 15:55,2895
2018-05-02 16:00,2925
2018-05-02 16:05,2905
2018-05-02 16:10,2925
2018-05-02 16:15,2934
2018-05-02 16:20,2959
2018-05-02 16:25,2976
2018-05-02 16:30,2991
2018-05-02 16:35,3003
2018-05-02 16:40,3014
2018-05-02 16:45,3049
2018-05-02 16:50,3063
2018-05-02 16:55,3085
2018-05-02 17:00,3090
2018-05-02 17:05,3130
2018-05-02 17:10,3145
2018-05-02 17:15,3130
2018-05-02 17:20,3142
2018-05-02 17:25,3155
2018-05-02 17:30,3191
2018-05-02 17:35,3224
2018-05-02 17:40,3239
2018-05-02 17:45,3237
2018-05-02 17:50,3213
2018-05-02 17:55,3196
2018-05-02 18:00,3216
2018-05-02 18:05,3202
2018-05-02 18:10,3205
2018-05-02 18:15,3203
2018-05-02 18:20,3210
2018-05-02 18:25,3201
2018-05-02 18:30,3226
2018-05-02 18:35,3214
2018-05-02 18:40,3240
2018-05-02 18:45,3253
2018-05-02 18:50,3290
2018-05-02 18:55,3285
2018-05-02 19:00,3254
2018-05-02 19:05,3243
2018-05-02 19:10,3252
2018-05-02 19:15,3279
2018-05-02 19:20,3271
2018-05-02 19:25,3275
2018-05-02 19:30,3252
2018-05-02 19:35,3246
2018-05-02 19:40,3255
2018-05-02 19:45,3219
2018-05-02 19:50,3208
2018-05-02 19:55,3175
2018-05-02 20:00,3150
2018-05-02 20:05,3124
2018-05-02 20:10,3100
2018-05-02 20:15,3059
2018-05-02 20:20,3042
2018-05-02 20:25,3028
2018-05-02 20:30,2978
2018-05-02 20:35,2938
2018-05-02 20:40,2930
2018-05-02 20:45,2925
2018-05-02 20:50,2898
2018-05-02 20:55,2862
2018-05-02 21:00,2822
2018-05-02 21:05,2804
2018-05-02 21:10,2761
2018-05-02 21:15,2753
2018-05-02 21:20,2721
2018-05-02 21:25,2687
2018-05-02 21:30,2660
2018-05-02 21:35,2649
2018-05-02 21:40,2618
2018-05-02 21:45,2607
2018-05-02 21:50,2619
2018-05-02 21:55,2574
2018-05-02 22:00,2542
2018-05-02 22:05,2504
2018-05-02 22:10,2476
2018-05-02 22:15,2431
2018-05-02 22:20,2406
2018-05-02 22:25,2385
2018-05-02 22:30,2362
2018-05-02 22:35,2323
2018-05-02 22:40,2297
2018-05-02 22:45,2277
2018-05-02 22:50,2245
2018-05-02 22:55,2231
2018-05-02 23:00,2232
2018-05-02 23:05,2214
2018-05-02 23:10,2204
2018-05-02 23:15,2209
2018-05-02 23:20,2223
2018-05-02 23:25,2195
2018-05-02 23:30,2175
2018-05-02 23:35,2174
2018-05-02 23:40,2149
2018-05-02 23:45,2125
2018-05-02 23:50,2143
2018-05-02 23:55,2132
2018-05-03 00:00,2132
2018-05-03 00:05,2121
2018-05-03 00:10,2121
2018-05-03 00:15,2119
2018-05-03 00:20,2097
2018-05-03 00:25,2088
2018-05-03 00:30,2045
2018-05-03 00:35,2041
2018-05-03 00:40,2054
2018-05-03 00:45,2044
2018-05-03 00:50,2031
2018-05-03 00:55,2041
2018-05-03 01:00,2020
2018-05-03 01:05,2020
2018-05-03 01:10,1989
2018-05-03 01:15,1983
2018-05-03 01:20,1984
2018-05-03 01:25,1988
2018-05-03 01:30,1986
2018-05-03 01:35,1968
2018-05-03 01:40,1965
2018-05-03 01:45,1962
2018-05-03 01:50,1957
2018-05-03 01:55,1931
2018-05-03 02:00,1905
2018-05-03 02:05,1911
2018-05-03 02:10,1935
2018-05-03 02:15,1929
2018-05-03 02:20,1917
2018-05-03 02:25,1897
2018-05-03 02:30,1883
2018-05-03 02:35,1868
2018-05-03 02:40,1854
2018-05-03 02:45,1830
2018-05-03 02:50,1797
2018-05-03 02:55,1803
2018-05-03 03:00,1780
2018-05-03 03:05,1764
2018-05-03 03:10,1751
2018-05-03 03:15,1744
2018-05-03 03:20,1733
2018-05-03 03:25,1694
2018-05-03 03:30,1686
2018-05-03 03:35,1667
2018-05-03 03:40,1660
2018-05-03 03:45,1637
2018-05-03 03:50,1642
2018-05-03 03:55,1616
2018-05-03 04:00,1602
2018-05-03 04:05,1592
2018-05-03 04:10,1574
2018-05-03 04:15,1561
2018-05-03 04:20,1575
2018-05-03 04:25,1548
2018-05-03 04:30,1542
2018-05-03 04:35,1540
2018-05-03 04:40,1519
2018-05-03 04:45,1520
2018-05-03 04:50,1485
2018-05-03 04:55,1476
2018-05-03 05:00,1464
2018-05-03 05:05,1465
2018-05-03 05:10,1447
2018-05-03 05:15,1440
2018-05-03 05:20,1428
2018-05-03 05:25,1441
2018-05-03 05:30,1440
2018-05-03 05:35,1433
2018-05-03 05:40,1434
2018-05-03 05:45,1417
2018-05-03 05:50,1407
2018-05-03 05:55,1411
2018-05-03 06:00,1408
2018-05-03 06:05,1394
2018-05-03 06:10,1386
2018-05-03 06:15,1392
2018-05-03 06:20,1393
2018-05-03 06:25,1399
2018-05-03 06:30,1408
2018-05-03 06:35,1402
2018-05-03 06:40,1396
2018-05-03 06:45,1401
2018-05-03 06:50,1400
2018-05-03 06:55,1407
2018-05-03 07:00,1412
2018-05-03 07:05,1404
2018-05-03 07:10,1424
2018-05-03 07:15,1441
2018-05-03 07:20,1451
2018-05-03 07:25,1451
2018-05-03 07:30,1441
2018-05-03 07:35,1443
2018-05-03 07:40,1459
2018-05-03 07:45,1457
2018-05-03 07:50,1451
2018-05-03 07:55,1460
2018-05-03 08:00,1480
2018-05-03 08:05,1495
2018-05-03 08:10,1491
2018-05-03 08:15,1498
2018-05-03 08:20,1515
2018-05-03 08:25,1526
2018-05-03 08:30,1531
2018-05-03 08:35,1538
2018-05-03 08:40,1542
2018-05-03 08:45,1555
2018-05-03 08:50,1554
2018-05-03 08:55,1569
2018-05-03 09:00,1598
2018-05-03 09:05,1600
2018-05-03 09:10,1616
2018-05-03 09:15,1632
2018-05-03 09:20,1623
2018-05-03 09:25,1644
2018-05-03 09:30,1681
2018-05-03 09:35,1692
2018-05-03 09:40,1704
2018-05-03 09:45,1723
2018-05-03 09:50,1740
2018-05-03 09:55,1734
2018-05-03 10:00,1770
2018-05-03 10:05,1797
2018-05-03 10:10,1827
2018-05-03 10:15,1846
2018-05-03 10:20,1869
2018-05-03 10:25,1856
2018-05-03 10:30,1885
2018-05-03 10:35,1906
2018-05-03 10:40,1929
2018-05-03 10:45,1947
2018-05-03 10:50,1971
2018-05-03 10:55,1990
2018-05-03 11:00,0
2018-05-03 11:05,1979
2018-05-03 11:10,1974
2018-05-03 11:15,1977
2018-05-03 11:20,1990
2018-05-03 11:25,1978
2018-05-03 11:30,2003
2018-05-03 11:35,2012
2018-05-03 11:40,2045
2018-05-03 11:45,2069
2018-05-03 11:50,2079
2018-05-03 11:55,2100
2018-05-03 12:00,2101
2018-05-03 12:05,2135
2018-05-03 12:10,2148
2018-05-03 12:15,2151
2018-05-03 12:20,2141
2018-05-03 12:25,2150
2018-05-03 12:30,2147
2018-05-03 12:35,2145
2018-05-03 12:40,2180
2018-05-03 12:45,2225
2018-05-03 12:50,2233
2018-05-03 12:55,2242
2018-05-03 13:00,2247
2018-05-03 13:05,2234
2018-05-03 13:10,2238
2018-05-03 13:15,2256
2018-05-03 13:20,2277
2018-05-03 13:25,2293
2018-05-03 13:30,2308
2018-05-03 13:35,2292
2018-05-03 13:40,2292
2018-05-03 13:45,2248
2018-05-03 13:50,2222
2018-05-03 13:55,2152
2018-05-03 14:00,2046
2018-05-03 14:05,1513
2018-05-03 14:10,1406
2018-05-03 14:15,1403
2018-05-03 14:20,1408
2018-05-03 14:25,1392
2018-05-03 14:30,1396
2018-05-03 14:35,1421
2018-05-03 14:40,1443
2018-05-03 14:45,1486
2018-05-03 14:50,1471
2018-05-03 14:55,1500
2018-05-03 15:00,1513
2018-05-03 15:05,1536
2018-05-03 15:10,1522
2018-05-03 15:15,1529
2018-05-03 15:20,1543
2018-05-03 15:25,1559
2018-05-03 15:30,1569
2018-05-03 15:35,1653
2018-05-03 15:40,1819
2018-05-03 15:45,1949
2018-05-03 15:50,2052
2018-05-03 15:55,2173
2018-05-03 16:00,2285
2018-05-03 16:05,2423
2018-05-03 16:10,2550
2018-05-03 16:15,2622
2018-05-03 16:20,2704
2018-05-03 16:25,2774
2018-05-03 16:30,2830
2018-05-03 16:35,2892
2018-05-03 16:40,2945
2018-05-03 16:45,3003
2018-05-03 16:50,3058
2018-05-03 16:55,3098
2018-05-03 17:00,3114
2018-05-03 17:05,3103
2018-05-03 17:10,3112
2018-05-03 17:15,3145
2018-05-03 17:20,3185
2018-05-03 17:25,3214
2018-05-03 17:30,3247
2018-05-03 17:35,3266
2018-05-03 17:40,3290
2018-05-03 17:45,3285
2018-05-03 17:50,3297
2018-05-03 17:55,3322
2018-05-03 18:00,3310
2018-05-03 18:05,3294
2018-05-03 18:10,3308
2018-05-03 18:15,3311
2018-05-03 18:20,3314
2018-05-03 18:25,3318
2018-05-03 18:30,3314
2018-05-03 18:35,3312
2018-05-03 18:40,3339
2018-05-03 18:45,3347
2018-05-03 18:50,3337
2018-05-03 18:55,3324
2018-05-03 19:00,3316
2018-05-03 19:05,3321
2018-05-03 19:10,3312
2018-05-03 19:15,3285
2018-05-03 19:20,3289
2018-05-03 19:25,3276
2018-05-03 19:30,3248
2018-05-03 19:35,3253
2018-05-03 19:40,3238
2018-05-03 19:45,3229
2018-05-03 19:50,3243
2018-05-03 19:55,3230
2018-05-03 20:00,3209
2018-05-03 20:05,3186
2018-05-03 20:10,3191
2018-05-03 20:15,3178
2018-05-03 20:20,3160
2018-05-03 20:25,3126
2018-05-03 20:30,3133
2018-05-03 20:35,3087
2018-05-03 20:40,3040
2018-05-03 20:45,3004
2018-05-03 20:50,2973
2018-05-03 20:55,2949
2018-05-03 21:00,2935
2018-05-03 21:05,2880
2018-05-03 21:10,2847
2018-05-03 21:15,2777
2018-05-03 21:20,2731
2018-05-03 21:25,2694
2018-05-03 21:30,2661
2018-05-03 21:35,2634
2018-05-03 21:40,2617
2018-05-03 21:45,2610
2018-05-03 21:50,2596
2018-05-03 21:55,2571
2018-05-03 22:00,2520
2018-05-03 22:05,2496
2018-05-03 22:10,2437
2018-05-03 22:15,2414
2018-05-03 22:20,2384
2018-05-03 22:25,2371
2018-05-03 22:30,2353
2018-05-03 22:35,2354
2018-05-03 22:40,2340
2018-05-03 22:45,2328
2018-05-03 22:50,2295
2018-05-03 22:55,2280
2018-05-03 23:00,2273
2018-05-03 23:05,2255
2018-05-03 23:10,2237
2018-05-03 23:15,2208
2018-05-03 23:20,2185
2018-05-03 23:25,2150
2018-05-03 23:30,2135
2018-05-03 23:35,2128
2018-05-03 23:40,2125
2018-05-03 23:45,2104
2018-05-03 23:50,2093
2018-05-03 23:55,2077
2018-05-04 00:00,2055
2018-05-04 00:05,2012
2018-05-04 00:10,2010
2018-05-04 00:15,2028
2018-05-04 00:20,2030
2018-05-04 00:25,2043
2018-05-04 00:30,2032
2018-05-04 00:35,2046
2018-05-04 00:40,2064
2018-05-04 00:45,2058
2018-05-04 00:50,2059
2018-05-04 00:55,2056
2018-05-04 01:00,2047
2018-05-04 01:05,2061
2018-05-04 01:10,2052
2018-05-04 01:15,2040
2018-05-04 01:20,2027
2018-05-04 01:25,2025
2018-05-04 01:30,2043
2018-05-04 01:35,2025
2018-05-04 01:40,2038
2018-05-04 01:45,2014
2018-05-04 01:50,2011
2018-05-04 01:55,1996
2018-05-04 02:00,1989
2018-05-04 02:05,1982
2018-05-04 02:10,1972
2018-05-04 02:15,1945
2018-05-04 02:20,1935
2018-05-04 02:25,1925
2018-05-04 02:30,1901
2018-05-04 02:35,1881
2018-05-04 02:40,1882
2018-05-04 02:45,1875
2018-05-04 02:50,1854
2018-05-04 02:55,1849
2018-05-04 03:00,1844
2018-05-04 03:05,1830
2018-05-04 03:10,1802
2018-05-04 03:15,1808
2018-05-04 03:20,1782
2018-05-04 03:25,1763
2018-05-04 03:30,1766
2018-05-04 03:35,1756
2018-05-04 03:40,1759
2018-05-04 03:45,1745
2018-05-04 03:50,1722
2018-05-04 03:55,1701
2018-05-04 04:00,1659
2018-05-04 04:05,1641
2018-05-04 04:10,1640
2018-05-04 04:15,1630
2018-05-04 04:20,1623
2018-05-04 04:25,1622
2018-05-04 04:30,1600
2018-05-04 04:35,1595
2018-05-04 04:40,1591
2018-05-04 04:45,1561
2018-05-04 04:50,1537
2018-05-04 04:55,1526
2018-05-04 05:00,1529
2018-05-04 05:05,1507
2018-05-04 05:10,1493
2018-05-04 05:15,1471
2018-05-04 05:20,1461
2018-05-04 05:25,1440
2018-05-04 05:30,1445
2018-05-04 05:35,1438
2018-05-04 05:40,1435
2018-05-04 05:45,1440
2018-05-04 05:50,1434
2018-05-04 05:55,1421
2018-05-04 06:00,1416
2018-05-04 06:05,1412
2018-05-04 06:10,1425
2018-05-04 06:15,1440
2018-05-04 06:20,1440
2018-05-04 06:25,1456
2018-05-04 06:30,1456
2018-05-04 06:35,1468
2018-05-04 06:40,1454
2018-05-04 06:45,1475
2018-05-04 06:50,1448
2018-05-04 06:55,1456
2018-05-04 07:00,1467
2018-05-04 07:05,1454
2018-05-04 07:10,1448
2018-05-04 07:15,1446
2018-05-04 07:20,1453
2018-05-04 07:25,1459
2018-05-04 07:30,1465
2018-05-04 07:35,1473
2018-05-04 07:40,1488
2018-05-04 07:45,1511
2018-05-04 07:50,1522
2018-05-04 07:55,1525
2018-05-04 08:00,1520
2018-05-04 08:05,1525
2018-05-04 08:10,1540
2018-05-04 08:15,1547
2018-05-04 08:20,1545
2018-05-04 08:25,1568
2018-05-04 08:30,1588
2018-05-04 08:35,1597
2018-05-04 08:40,1588
2018-05-04 08:45,1585
2018-05-04 08:50,1592
2018-05-04 08:55,1610
2018-05-04 09:00,1602
2018-05-04 09:05,1612
2018-05-04 09:10,1625
2018-05-04 09:15,1645
2018-05-04 09:20,1670
2018-05-04 09:25,1678
2018-05-04 09:30,1690
2018-05-04 09:35,1697
2018-05-04 09:40,1717
2018-05-04 09:45,1718
2018-05-04 09:50,1729
2018-05-04 09:55,1747
2018-05-04 10:00,1766
2018-05-04 10:05,1811
2018-05-04 10:10,1822
2018-05-04 10:15,1842
2018-05-04 10:20,1850
2018-05-04 10:25,1863
2018-05-04 10:30,1870
2018-05-04 10:35,1888
2018-05-04 10:40,1910
2018-05-04 10:45,1933
2018-05-04 10:50,1947
2018-05-04 10:55,1954
2018-05-04 11:00,1968
2018-05-04 11:05,1988
2018-05-04 11:10,2005
2018-05-04 11:15,2028
2018-05-04 11:20,2034
2018-05-04 11:25,2045
2018-05-04 11:30,2081
2018-05-04 11:35,2106
2018-05-04 11:40,2140
2018-05-04 11:45,2142
2018-05-04 11:50,2148
2018-05-04 11:55,2160
2018-05-04 12:00,2142
2018-05-04 12:05,2142
2018-05-04 12:10,2141
2018-05-04 12:15,2166
2018-05-04 12:20,2175
2018-05-04 12:25,2216
2018-05-04 12:30,2215
2018-05-04 12:35,2243
2018-05-04 12:40,2270
2018-05-04 12:45,2271
2018-05-04 12:50,2296
2018-05-04 12:55,2335
2018-05-04 13:00,2348
2018-05-04 13:05,2361
2018-05-04 13:10,2381
2018-05-04 13:15,2383
2018-05-04 13:20,2409
2018-05-04 13:25,2424
2018-05-04 13:30,2417
2018-05-04 13:35,2394
2018-05-04 13:40,2411
2018-05-04 13:45,2405
2018-05-04 13:50,2420
2018-05-04 13:55,2426
2018-05-04 14:00,2450
2018-05-04 14:05,2452
2018-05-04 14:10,2483
2018-05-04 14:15,2494
2018-05-04 14:20,2532
2018-05-04 14:25,2546
2018-05-04 14:30,2563
2018-05-04 14:35,2604
2018-05-04 14:40,2628
2018-05-04 14:45,2643
2018-05-04 14:50,2650
2018-05-04 14:55,2678
2018-05-04 15:00,2706
2018-05-04 15:05,2759
2018-05-04 15:10,2765
2018-05-04 15:15,2752
2018-05-04 15:20,2739
2018-05-04 15:25,2743
2018-05-04 15:30,2760
2018-05-04 15:35,2778
2018-05-04 15:40,2813
2018-05-04 15:45,2813
2018-05-04 15:50,2838
2018-05-04 15:55,2846
2018-05-04 16:00,2862
2018-05-04 16:05,2863
2018-05-04 16:10,2861
2018-05-04 16:15,2853
2018-05-04 16:20,2879
2018-05-04 16:25,2889
2018-05-04 16:30,2914
2018-05-04 16:35,2920
2018-05-04 16:40,2918
2018-05-04 16:45,2916
2018-05-04 16:50,2951
2018-05-04 16:55,2946
2018-05-04 17:00,2987
2018-05-04 17:05,2996
2018-05-04 17:10,3038
2018-05-04 17:15,3065
2018-05-04 17:20,3073
2018-05-04 17:25,3100
2018-05-04 17:30,3105
2018-05-04 17:35,3112
2018-05-04 17:40,3113
2018-05-04 17:45,3131
2018-05-04 17:50,3119
2018-05-04 17:55,3137
2018-05-04 18:00,3137
2018-05-04 18:05,3142
2018-05-04 18:10,3154
2018-05-04 18:15,3168
2018-05-04 18:20,3163
2018-05-04 18:25,3183
2018-05-04 18:30,3203
2018-05-04 18:35,3206
2018-05-04 18:40,3228
2018-05-04 18:45,3222
2018-05-04 18:50,3240
2018-05-04 18:55,3268
2018-05-04 19:00,3263
2018-05-04 19:05,3278
2018-05-04 19:10,3270
2018-05-04 19:15,3272
2018-05-04 19:20,3285
2018-05-04 19:25,3272
2018-05-04 19:30,3280
2018-05-04 19:35,3268
2018-05-04 19:40,0
2018-05-04 19:45,3249
2018-05-04 19:50,3233
2018-05-04 19:55,3255
2018-05-04 20:00,3222
2018-05-04 20:05,3218
2018-05-04 20:10,3211
2018-05-04 20:15,3207
2018-05-04 20:20,3172
2018-05-04 20:25,3166
2018-05-04 20:30,3162
2018-05-04 20:35,3147
2018-05-04 20:40,3161
2018-05-04 20:45,3153
2018-05-04 20:50,3114
2018-05-04 20:55,3104
2018-05-04 21:00,3064
2018-05-04 21:05,3079
2018-05-04 21:10,3080
2018-05-04 21:15,3032
2018-05-04 21:20,3006
2018-05-04 21:25,2965
2018-05-04 21:30,2908
2018-05-04 21:35,2870
2018-05-04 21:40,2834
2018-05-04 21:45,2828
2018-05-04 21:50,2817
2018-05-04 21:55,2793
2018-05-04 22:00,2768
2018-05-04 22:05,2713
2018-05-04 22:10,2688
2018-05-04 22:15,2685
2018-05-04 22:20,2674
2018-05-04 22:25,2643
2018-05-04 22:30,2615
2018-05-04 22:35,2589
2018-05-04 22:40,2577
2018-05-04 22:45,2547
2018-05-04 22:50,2545
2018-05-04 22:55,2510
2018-05-04 23:00,2489
2018-05-04 23:05,2447
2018-05-04 23:10,2426
2018-05-04 23:15,2394
2018-05-04 23:20,2387
2018-05-04 23:25,2357
2018-05-04 23:30,2358
2018-05-04 23:35,2346
2018-05-04 23:40,2359
2018-05-04 23:45,2348
2018-05-04 23:50,2333
2018-05-04 23:55,2318
2018-05-05 00:00,2311
2018-05-05 00:05,2294
2018-05-05 00:10,2288
2018-05-05 00:15,2275
2018-05-05 00:20,2271
2018-05-05 00:25,2274
2018-05-05 00:30,2254
2018-05-05 00:35,2257
2018-05-05 00:40,2271
2018-05-05 00:45,2250
2018-05-05 00:50,2242
2018-05-05 00:55,2232
2018-05-05 01:00,2222
2018-05-05 01:05,2206
2018-05-05 01:10,2209
2018-05-05 01:15,2180
2018-05-05 01:20,2176
2018-05-05 01:25,2172
2018-05-05 01:30,2160
2018-05-05 01:35,2148
2018-05-05 01:40,2167
2018-05-05 01:45,2163
2018-05-05 01:50,2140
2018-05-05 01:55,2150
2018-05-05 02:00,2155
2018-05-05 02:05,2155
2018-05-05 02:10,2147
2018-05-05 02:15,2158
2018-05-05 02:20,2153
2018-05-05 02:25,2139
2018-05-05 02:30,2118
2018-05-05 02:35,2109
2018-05-05 02:40,2122
2018-05-05 02:45,2111
2018-05-05 02:50,2107
2018-05-05 02:55,2107
2018-05-05 03:00,2116
2018-05-05 03:05,2072
2018-05-05 03:10,2053
2018-05-05 03:15,2024
2018-05-05 03:20,1991
2018-05-05 03:25,1985
2018-05-05 03:30,1982
2018-05-05 03:35,1984
2018-05-05 03:40,1979
2018-05-05 03:45,1985
2018-05-05 03:50,1944
2018-05-05 03:55,1920
2018-05-05 04:00,1920
2018-05-05 04:05,1910
2018-05-05 04:10,1905
2018-05-05 04:15,1895
2018-05-05 04:20,1891
2018-05-05 04:25,1877
2018-05-05 04:30,1859
2018-05-05 04:35,1859
2018-05-05 04:40,1847
2018-05-05 04:45,1847
2018-05-05 04:50,1821
2018-05-05 04:55,1804
2018-05-05 05:00,1776
2018-05-05 05:05,1776
2018-05-05 05:10,1770
2018-05-05 05:15,1749
2018-05-05 05:20,1754
2018-05-05 05:25,1760
2018-05-05 05:30,1778
2018-05-05 05:35,1775
2018-05-05 05:40,1790
2018-05-05 05:45,1770
2018-05-05 05:50,1765
2018-05-05 05:55,1740
2018-05-05 06:00,1746
2018-05-05 06:05,1747
2018-05-05 06:10,1749
2018-05-05 06:15,1762
2018-05-05 06:20,1792
2018-05-05 06:25,1795
2018-05-05 06:30,1788
2018-05-05 06:35,1764
2018-05-05 06:40,1786
2018-05-05 06:45,1791
2018-05-05 06:50,1800
2018-05-05 06:55,1814
2018-05-05 07:00,1797
2018-05-05 07:05,1802
2018-05-05 07:10,1796
2018-05-05 07:15,1797
2018-05-05 07:20,1804
2018-05-05 07:25,1818
2018-05-05 07:30,1846
2018-05-05 07:35,1858
2018-05-05 07:40,1905
2018-05-05 07:45,1922
2018-05-05 07:50,1954
2018-05-05 07:55,1980
2018-05-05 08:00,1977
2018-05-05 08:05,1961
2018-05-05 08:10,1979
2018-05-05 08:15,1979
2018-05-05 08:20,1994
2018-05-05 08:25,1984
2018-05-05 08:30,2001
2018-05-05 08:35,2004
2018-05-05 08:40,2026
2018-05-05 08:45,2056
2018-05-05 08:50,2048
2018-05-05 08:55,2055
2018-05-05 09:00,2052
2018-05-05 09:05,2061
2018-05-05 09:10,2078
2018-05-05 09:15,2113
2018-05-05 09:20,2128
2018-05-05 09:25,2146
2018-05-05 09:30,2155
2018-05-05 09:35,2193
2018-05-05 09:40,2202
2018-05-05 09:45,2236
2018-05-05 09:50,2247
2018-05-05 09:55,2269
2018-05-05 10:00,2300
2018-05-05 10:05,2359
2018-05-05 10:10,2365
2018-05-05 10:15,2370
2018-05-05 10:20,2391
2018-05-05 10:25,2419
2018-05-05 10:30,2428
2018-05-05 10:35,2463
2018-05-05 10:40,2493
2018-05-05 10:45,2546
2018-05-05 10:50,2581
2018-05-05 10:55,2604
2018-05-05 11:00,2597
2018-05-05 11:05,2622
2018-05-05 11:10,2661
2018-05-05 11:15,2657
2018-05-05 11:20,2646
2018-05-05 11:25,2669
2018-05-05 11:30,2665
2018-05-05 11:35,2709
2018-05-05 11:40,2698
2018-05-05 11:45,2724
2018-05-05 11:50,2730
2018-05-05 11:55,2769
2018-05-05 12:00,2805
2018-05-05 12:05,2829
2018-05-05 12:10,2829
2018-05-05 12:15,2829
2018-05-05 12:20,2844
2018-05-05 12:25,2821
2018-05-05 12:30,2821
2018-05-05 12:35,2817
2018-05-05 12:40,2833
2018-05-05 12:45,2862
2018-05-05 12:50,2870
2018-05-05 12:55,2871
2018-05-05 13:00,2899
2018-05-05 13:05,2909
2018-05-05 13:10,2921
2018-05-05 13:15,2933
2018-05-05 13:20,2946
2018-05-05 13:25,2945
2018-05-05 13:30,2973
2018-05-05 13:35,2978
2018-05-05 13:40,2982
2018-05-05 13:45,3010
2018-05-05 13:50,3014
2018-05-05 13:55,3026
2018-05-05 14:00,3031
2018-05-05 14:05,3025
2018-05-05 14:10,3037
2018-05-05 14:15,3042
2018-05-05 14:20,3052
2018-05-05 14:25,3084
2018-05-05 14:30,3069
2018-05-05 14:35,3081
2018-05-05 14:40,3122
2018-05-05 14:45,3114
2018-05-05 14:50,3134
2018-05-05 14:55,3142
2018-05-05 15:00,3184
2018-05-05 15:05,3199
2018-05-05 15:10,3206
2018-05-05 15:15,3218
2018-05-05 15:20,3231
2018-05-05 15:25,3249
2018-05-05 15:30,3246
2018-05-05 15:35,3269
2018-05-05 15:40,3244
2018-05-05 15:45,3249
2018-05-05 15:50,3275
2018-05-05 15:55,3284
2018-05-05 16:00,3314
2018-05-05 16:05,3292
2018-05-05 16:10,3287
2018-05-05 16:15,3276
2018-05-05 16:20,3301
2018-05-05 16:25,3355
2018-05-05 16:30,3366
2018-05-05 16:35,3368
2018-05-05 16:40,3372
2018-05-05 16:45,3391
2018-05-05 16:50,3391
2018-05-05 16:55,3430
2018-05-05 17:00,3434
2018-05-05 17:05,3461
2018-05-05 17:10,3450
2018-05-05 17:15,3465
2018-05-05 17:20,3481
2018-05-05 17:25,3472
2018-05-05 17:30,3499
2018-05-05 17:35,3497
2018-05-05 17:40,3483
2018-05-05 17:45,3484
2018-05-05 17:50,3456
2018-05-05 17:55,3484
2018-05-05 18:00,3485
2018-05-05 18:05,3478
2018-05-05 18:10,0
2018-05-05 18:15,3509
2018-05-05 18:20,3527
2018-05-05 18:25,3571
2018-05-05 18:30,3561
2018-05-05 18:35,3583
2018-05-05 18:40,3597
2018-05-05 18:45,3614
2018-05-05 18:50,3627
2018-05-05 18:55,3631
2018-05-05 19:00,3640
2018-05-05 19:05,3660
2018-05-05 19:10,3695
2018-05-05 19:15,3710
2018-05-05 19:20,3694
2018-05-05 19:25,3681
2018-05-05 19:30,3702
2018-05-05 19:35,3728
2018-05-05 19:40,3724
2018-05-05 19:45,3743
2018-05-05 19:50,3731
2018-05-05 19:55,3730
2018-05-05 20:00,3719
2018-05-05 20:05,3701
2018-05-05 20:10,3690
2018-05-05 20:15,3682
2018-05-05 20:20,3652
2018-05-05 20:25,3631
2018-05-05 20:30,3625
2018-05-05 20:35,3585
2018-05-05 20:40,3570
2018-05-05 20:45,3538
2018-05-05 20:50,3546
2018-05-05 20:55,3556
2018-05-05 21:00,3542
2018-05-05 21:05,3521
2018-05-05 21:10,3478
2018-05-05 21:15,3439
2018-05-05 21:20,3406
2018-05-05 21:25,3381
2018-05-05 21:30,3332
2018-05-05 21:35,3278
2018-05-05 21:40,3242
2018-05-05 21:45,3187
2018-05-05 21:50,3152
2018-05-05 21:55,3103
2018-05-05 22:00,3087
2018-05-05 22:05,3047
2018-05-05 22:10,2985
2018-05-05 22:15,2953
2018-05-05 22:20,2903
2018-05-05 22:25,2875
2018-05-05 22:30,2832
2018-05-05 22:35,2791
2018-05-05 22:40,2746
2018-05-05 22:45,2736
2018-05-05 22:50,2734
2018-05-05 22:55,2679
2018-05-05 23:00,2672
2018-05-05 23:05,2671
2018-05-05 23:10,2640
2018-05-05 23:15,2624
2018-05-05 23:20,2598
2018-05-05 23:25,2533
2018-05-05 23:30,2539
2018-05-05 23:35,2531
2018-05-05 23:40,2504
2018-05-05 23:45,2504
2018-05-05 23:50,2491
2018-05-05 23:55,2474
2018-05-06 00:00,2458
2018-05-06 00:05,2432
2018-05-06 00:10,2432
2018-05-06 00:15,2427
2018-05-06 00:20,2424
2018-05-06 00:25,2404
2018-05-06 00:30,2403
2018-05-06 00:35,2371
2018-05-06 00:40,2347
2018-05-06 00:45,2359
2018-05-06 00:50,2353
2018-05-06 00:55,2322
2018-05-06 01:00,2305
2018-05-06 01:05,2280
2018-05-06 01:10,2278
2018-05-06 01:15,2260
2018-05-06 01:20,2241
2018-05-06 01:25,2246
2018-05-06 01:30,2241
2018-05-06 01:35,2214
2018-05-06 01:40,2217
2018-05-06 01:45,2209
2018-05-06 01:50,2217
2018-05-06 01:55,2203
2018-05-06 02:00,2200
2018-05-06 02:05,2208
2018-05-06 02:10,2189
2018-05-06 02:15,2165
2018-05-06 02:20,2152
2018-05-06 02:25,2149
2018-05-06 02:30,2142
2018-05-06 02:35,2145
2018-05-06 02:40,2126
2018-05-06 02:45,2128
2018-05-06 02:50,2128
2018-05-06 02:55,2134
2018-05-06 03:00,2121
2018-05-06 03:05,2107
2018-05-06 03:10,2106
2018-05-06 03:15,2081
2018-05-06 03:20,2051
2018-05-06 03:25,2036
2018-05-06 03:30,2046
2018-05-06 03:35,2048
2018-05-06 03:40,2044
2018-05-06 03:45,2052
2018-05-06 03:50,2053
2018-05-06 03:55,2043
2018-05-06 04:00,2022
2018-05-06 04:05,2032
2018-05-06 04:10,2026
2018-05-06 04:15,2004
2018-05-06 04:20,2005
2018-05-06 04:25,2009
2018-05-06 04:30,1995
2018-05-06 04:35,1990
2018-05-06 04:40,1982
2018-05-06 04:45,1974
2018-05-06 04:50,2006
2018-05-06 04:55,1992
2018-05-06 05:00,1979
2018-05-06 05:05,1958
2018-05-06 05:10,1949
2018-05-06 05:15,1943
2018-05-06 05:20,1930
2018-05-06 05:25,1948
2018-05-06 05:30,1918
2018-05-06 05:35,1927
2018-05-06 05:40,1900
2018-05-06 05:45,1898
2018-05-06 05:50,1878
2018-05-06 05:55,1878
2018-05-06 06:00,1876
2018-05-06 06:05,1887
2018-05-06 06:10,1890
2018-05-06 06:15,1880
2018-05-06 06:20,1882
2018-05-06 06:25,1906
2018-05-06 06:30,1922
2018-05-06 06:35,1935
2018-05-06 06:40,1936
2018-05-06 06:45,1928
2018-05-06 06:50,1949
2018-05-06 06:55,1962
2018-05-06 07:00,1971
2018-05-06 07:05,1987
2018-05-06 07:10,2013
2018-05-06 07:15,2012
2018-05-06 07:20,2024
2018-05-06 07:25,2045
2018-05-06 07:30,2043
2018-05-06 07:35,2032
2018-05-06 07:40,2048
2018-05-06 07:45,2069
2018-05-06 07:50,2096
2018-05-06 07:55,2116
2018-05-06 08:00,2147
2018-05-06 08:05,2160
2018-05-06 08:10,2192
2018-05-06 08:15,2201
2018-05-06 08:20,2218
2018-05-06 08:25,2237
2018-05-06 08:30,2257
2018-05-06 08:35,2292
2018-05-06 08:40,2283
2018-05-06 08:45,2324
2018-05-06 08:50,2349
2018-05-06 08:55,2366
2018-05-06 09:00,2373
2018-05-06 09:05,2386
2018-05-06 09:10,2394
2018-05-06 09:15,2418
2018-05-06 09:20,2473
2018-05-06 09:25,2494
2018-05-06 09:30,2503
2018-05-06 09:35,2536
2018-05-06 09:40,2579
2018-05-06 09:45,2588
2018-05-06 09:50,2607
2018-05-06 09:55,2610
2018-05-06 10:00,2636
2018-05-06 10:05,2665
2018-05-06 10:10,2683
2018-05-06 10:15,2698
2018-05-06 10:20,2715
2018-05-06 10:25,2745
2018-05-06 10:30,2740
2018-05-06 10:35,2762
2018-05-06 10:40,2764
2018-05-06 10:45,2754
2018-05-06 10:50,2759
2018-05-06 10:55,2783
2018-05-06 11:00,2785
2018-05-06 11:05,2800
2018-05-06 11:10,2805
2018-05-06 11:15,2811
2018-05-06 11:20,2812
2018-05-06 11:25,2820
2018-05-06 11:30,2826
2018-05-06 11:35,2837
2018-05-06 11:40,2839
2018-05-06 11:45,2865
2018-05-06 11:50,2882
2018-05-06 11:55,2904
2018-05-06 12:00,2911
2018-05-06 12:05,2930
2018-05-06 12:10,2945
2018-05-06 12:15,2942
2018-05-06 12:20,2963
2018-05-06 12:25,2969
2018-05-06 12:30,2996
2018-05-06 12:35,3036
2018-05-06 12:40,3087
2018-05-06 12:45,3124
2018-05-06 12:50,3148
2018-05-06 12:55,3172
2018-05-06 13:00,3175
2018-05-06 13:05,3212
2018-05-06 13:10,3225
2018-05-06 13:15,3241
2018-05-06 13:20,3247
2018-05-06 13:25,3282
2018-05-06 13:30,3310
2018-05-06 13:35,3351
2018-05-06 13:40,3345
2018-05-06 13:45,3352
2018-05-06 13:50,3347
2018-05-06 13:55,3342
2018-05-06 14:00,3346
2018-05-06 14:05,3371
2018-05-06 14:10,3386
2018-05-06 14:15,3415
2018-05-06 14:20,3423
2018-05-06 14:25,3417
2018-05-06 14:30,3484
2018-05-06 14:35,3494
2018-05-06 14:40,3500
2018-05-06 14:45,3495
2018-05-06 14:50,3497
2018-05-06 14:55,3498
2018-05-06 15:00,3530
2018-05-06 15:05,3531
2018-05-06 15:10,3520
2018-05-06 15:15,3533
2018-05-06 15:20,3549
2018-05-06 15:25,3573
2018-05-06 15:30,3578
2018-05-06 15:35,3620
2018-05-06 15:40,3618
2018-05-06 15:45,3622
2018-05-06 15:50,3614
2018-05-06 15:55,3629
2018-05-06 16:00,3647
2018-05-06 16:05,3667
2018-05-06 16:10,3708
2018-05-06 16:15,3706
2018-05-06 16:20,3729
2018-05-06 16:25,3750
2018-05-06 16:30,3772
2018-05-06 16:35,3797
2018-05-06 16:40,3789
2018-05-06 16:45,3807
2018-05-06 16:50,3799
2018-05-06 16:55,3791
2018-05-06 17:00,3814
2018-05-06 17:05,3823
2018-05-06 17:10,3823
2018-05-06 17:15,3818
2018-05-06 17:20,3838
2018-05-06 17:25,3850
2018-05-06 17:30,3839
2018-05-06 17:35,3866
2018-05-06 17:40,3865
2018-05-06 17:45,3853
2018-05-06 17:50,3866
2018-05-06 17:55,3862
2018-05-06 18:00,3851
2018-05-06 18:05,3849
2018-05-06 18:10,3853
2018-05-06 18:15,3826
2018-05-06 18:20,3819
2018-05-06 18:25,3831
2018-05-06 18:30,3826
2018-05-06 18:35,3844
2018-05-06 18:40,3865
2018-05-06 18:45,3863
2018-05-06 18:50,3854
2018-05-06 18:55,3828
2018-05-06 19:00,3833
2018-05-06 19:05,3826
2018-05-06 19:10,3826
2018-05-06 19:15,3787
2018-05-06 19:20,3775
2018-05-06 19:25,3756
2018-05-06 19:30,3764
2018-05-06 19:35,3768
2018-05-06 19:40,3775
2018-05-06 19:45,3761
2018-05-06 19:50,3724
2018-05-06 19:55,3718
2018-05-06 20:00,3699
2018-05-06 20:05,3719
2018-05-06 20:10,3690
2018-05-06 20:15,3691
2018-05-06 20:20,3632
2018-05-06 20:25,3610
2018-05-06 20:30,3577
2018-05-06 20:35,3515
2018-05-06 20:40,3510
2018-05-06 20:45,3466
2018-05-06 20:50,3411
2018-05-06 20:55,3393
2018-05-06 21:00,3354
2018-05-06 21:05,3314
2018-05-06 21:10,3289
2018-05-06 21:15,3281
2018-05-06 21:20,3242
2018-05-06 21:25,3219
2018-05-06 21:30,3199
2018-05-06 21:35,3150
2018-05-06 21:40,3106
2018-05-06 21:45,3095
2018-05-06 21:50,3040
2018-05-06 21:55,3022
2018-05-06 22:00,3003
2018-05-06 22:05,2978
2018-05-06 22:10,2945
2018-05-06 22:15,2917
2018-05-06 22:20,2868
2018-05-06 22:25,2849
2018-05-06 22:30,2804
2018-05-06 22:35,2769
2018-05-06 22:40,2719
2018-05-06 22:45,2703
2018-05-06 22:50,2668
2018-05-06 22:55,2639
2018-05-06 23:00,2614
2018-05-06 23:05,2609
2018-05-06 23:10,2578
2018-05-06 23:15,2574
2018-05-06 23:20,2566
2018-05-06 23:25,2544
2018-05-06 23:30,2533
2018-05-06 23:35,2490
2018-05-06 23:40,2484
2018-05-06 23:45,2460
2018-05-06 23:50,2421
2018-05-06 23:55,2393
2018-05-07 00:00,2369
2018-05-07 00:05,2361
2018-05-07 00:10,0
2018-05-07 00:15,2357
2018-05-07 00:20,2365
2018-05-07 00:25,2351
2018-05-07 00:30,2346
2018-05-07 00:35,2343
2018-05-07 00:40,2338
2018-05-07 00:45,2323
2018-05-07 00:50,2328
2018-05-07 00:55,2330
2018-05-07 01:00,2305
2018-05-07 01:05,2299
2018-05-07 01:10,2301
2018-05-07 01:15,2282
2018-05-07 01:20,2279
2018-05-07 01:25,2257
2018-05-07 01:30,2247
2018-05-07 01:35,2216
2018-05-07 01:40,2202
2018-05-07 01:45,2182
2018-05-07 01:50,2177
2018-05-07 01:55,2179
2018-05-07 02:00,2159
2018-05-07 02:05,2141
2018-05-07 02:10,2122
2018-05-07 02:15,2115
2018-05-07 02:20,2084
2018-05-07 02:25,2069
2018-05-07 02:30,2060
2018-05-07 02:35,2048
2018-05-07 02:40,2034
2018-05-07 02:45,2048
2018-05-07 02:50,2050
2018-05-07 02:55,2028
2018-05-07 03:00,2005
2018-05-07 03:05,1960
2018-05-07 03:10,1953
2018-05-07 03:15,1938
2018-05-07 03:20,1914
2018-05-07 03:25,1888
2018-05-07 03:30,1882
2018-05-07 03:35,1863
2018-05-07 03:40,1837
2018-05-07 03:45,1831
2018-05-07 03:50,1832
2018-05-07 03:55,1810
2018-05-07 04:00,1783
2018-05-07 04:05,1783
2018-05-07 04:10,1765
2018-05-07 04:15,1753
2018-05-07 04:20,1715
2018-05-07 04:25,1710
2018-05-07 04:30,1699
2018-05-07 04:35,1681
2018-05-07 04:40,1676
2018-05-07 04:45,1653
2018-05-07 04:50,1655
2018-05-07 04:55,1637
2018-05-07 05:00,1614
2018-05-07 05:05,1587
2018-05-07 05:10,1585
2018-05-07 05:15,1572
2018-05-07 05:20,1563
2018-05-07 05:25,1567
2018-05-07 05:30,1564
2018-05-07 05:35,1558
2018-05-07 05:40,1554
2018-05-07 05:45,1549
2018-05-07 05:50,1537
2018-05-07 05:55,1528
2018-05-07 06:00,1519
2018-05-07 06:05,1512
2018-05-07 06:10,1518
2018-05-07 06:15,1518
2018-05-07 06:20,1501
2018-05-07 06:25,1500
2018-05-07 06:30,1494
2018-05-07 06:35,1489
2018-05-07 06:40,1484
2018-05-07 06:45,1497
2018-05-07 06:50,1489
2018-05-07 06:55,1500
2018-05-07 07:00,1505
2018-05-07 07:05,1498
2018-05-07 07:10,1498
2018-05-07 07:15,1501
2018-05-07 07:20,1511
2018-05-07 07:25,1523
2018-05-07 07:30,1524
2018-05-07 07:35,1513
2018-05-07 07:40,1520
2018-05-07 07:45,1516
2018-05-07 07:50,1531
2018-05-07 07:55,1533
2018-05-07 08:00,1532
2018-05-07 08:05,1553
2018-05-07 08:10,1560
2018-05-07 08:15,1550
2018-05-07 08:20,1562
2018-05-07 08:25,1573
2018-05-07 08:30,1560
2018-05-07 08:35,1584
2018-05-07 08:40,1600
2018-05-07 08:45,1618
2018-05-07 08:50,1638
2018-05-07 08:55,1654
2018-05-07 09:00,1675
2018-05-07 09:05,1684
2018-05-07 09:10,1699
2018-05-07 09:15,1703
2018-05-07 09:20,1713
2018-05-07 09:25,1710
2018-05-07 09:30,1725
2018-05-07 09:35,1742
2018-05-07 09:40,1750
2018-05-07 09:45,1760
2018-05-07 09:50,1772
2018-05-07 09:55,1775
2018-05-07 10:00,1807
2018-05-07 10:05,1836
2018-05-07 10:10,1862
2018-05-07 10:15,1889
2018-05-07 10:20,1924
2018-05-07 10:25,1941
2018-05-07 10:30,1934
2018-05-07 10:35,1947
2018-05-07 10:40,1968
2018-05-07 10:45,1988
2018-05-07 10:50,1989
2018-05-07 10:55,1992
2018-05-07 11:00,2005
2018-05-07 11:05,2011
2018-05-07 11:10,2006
2018-05-07 11:15,2025
2018-05-07 11:20,2042
2018-05-07 11:25,2045
2018-05-07 11:30,2055
2018-05-07 11:35,2080
2018-05-07 11:40,2112
2018-05-07 11:45,2130
2018-05-07 11:50,2151
2018-05-07 11:55,2170
2018-05-07 12:00,2184
2018-05-07 12:05,2181
2018-05-07 12:10,2194
2018-05-07 12:15,2202
2018-05-07 12:20,2207
2018-05-07 12:25,2243
2018-05-07 12:30,2253
2018-05-07 12:35,2260
2018-05-07 12:40,2273
2018-05-07 12:45,2293
2018-05-07 12:50,2300
2018-05-07 12:55,2316
2018-05-07 13:00,2350
2018-05-07 13:05,2369
2018-05-07 13:10,2359
2018-05-07 13:15,2387
2018-05-07 13:20,2410
2018-05-07 13:25,2444
2018-05-07 13:30,2453
2018-05-07 13:35,2446
2018-05-07 13:40,2462
2018-05-07 13:45,2466
2018-05-07 13:50,2462
2018-05-07 13:55,2504
2018-05-07 14:00,2507
2018-05-07 14:05,2517
2018-05-07 14:10,2528
2018-05-07 14:15,2579
2018-05-07 14:20,2597
2018-05-07 14:25,2614
2018-05-07 14:30,2614
2018-05-07 14:35,2621
2018-05-07 14:40,2663
2018-05-07 14:45,2680
2018-05-07 14:50,2698
2018-05-07 14:55,2698
2018-05-07 15:00,2718
2018-05-07 15:05,2708
2018-05-07 15:10,2726
2018-05-07 15:15,2749
2018-05-07 15:20,2769
2018-05-07 15:25,2781
2018-05-07 15:30,2813
2018-05-07 15:35,2848
2018-05-07 15:40,2843
2018-05-07 15:45,2849
2018-05-07 15:50,2872
2018-05-07 15:55,2883
2018-05-07 16:00,2911
2018-05-07 16:05,2917
2018-05-07 16:10,2956
2018-05-07 16:15,2979
2018-05-07 16:20,2980
2018-05-07 16:25,3033
2018-05-07 16:30,3047
2018-05-07 16:35,3063
2018-05-07 16:40,3064
2018-05-07 16:45,3079
2018-05-07 16:50,3121
2018-05-07 16:55,3132
2018-05-07 17:00,3149
2018-05-07 17:05,3164
2018-05-07 17:10,3203
2018-05-07 17:15,3192
2018-05-07 17:20,3172
2018-05-07 17:25,3185
2018-05-07 17:30,3197
2018-05-07 17:35,3197
2018-05-07 17:40,3181
2018-05-07 17:45,3230
2018-05-07 17:50,3221
2018-05-07 17:55,3187
2018-05-07 18:00,3189
2018-05-07 18:05,3215
2018-05-07 18:10,3222
2018-05-07 18:15,3231
2018-05-07 18:20,3228
2018-05-07 18:25,3226
2018-05-07 18:30,3257
2018-05-07 18:35,3271
2018-05-07 18:40,3276
2018-05-07 18:45,3307
2018-05-07 18:50,3336
2018-05-07 18:55,3369
2018-05-07 19:00,3367
2018-05-07 19:05,3412
2018-05-07 19:10,3408
2018-05-07 19:15,3418
2018-05-07 19:20,3405
2018-05-07 19:25,3390
2018-05-07 19:30,3371
2018-05-07 19:35,3358
2018-05-07 19:40,3354
2018-05-07 19:45,3350
2018-05-07 19:50,3308
2018-05-07 19:55,3290
2018-05-07 20:00,3289
2018-05-07 20:05,3256
2018-05-07 20:10,3233
2018-05-07 20:15,3206
2018-05-07 20:20,3149
2018-05-07 20:25,3118
2018-05-07 20:30,3105
2018-05-07 20:35,3090
2018-05-07 20:40,3055
2018-05-07 20:45,3022
2018-05-07 20:50,3003
2018-05-07 20:55,2990
2018-05-07 21:00,2935
2018-05-07 21:05,2877
2018-05-07 21:10,2851
2018-05-07 21:15,2844
2018-05-07 21:20,2851
2018-05-07 21:25,2786
2018-05-07 21:30,2751
2018-05-07 21:35,2725
2018-05-07 21:40,2696
2018-05-07 21:45,2665
2018-05-07 21:50,2630
2018-05-07 21:55,2651
2018-05-07 22:00,2594
2018-05-07 22:05,2579
2018-05-07 22:10,2547
2018-05-07 22:15,2515
2018-05-07 22:20,2470
2018-05-07 22:25,2439
2018-05-07 22:30,2421
2018-05-07 22:35,2421
2018-05-07 22:40,2376
2018-05-07 22:45,2362
2018-05-07 22:50,2343
2018-05-07 22:55,2335
2018-05-07 23:00,2331
2018-05-07 23:05,2308
2018-05-07 23:10,2291
2018-05-07 23:15,2273
2018-05-07 23:20,2255
2018-05-07 23:25,2239
2018-05-07 23:30,2242
2018-05-07 23:35,2227
2018-05-07 23:40,2234
2018-05-07 23:45,2224
2018-05-07 23:50,2241
2018-05-07 23:55,2235
2018-05-08 00:00,2218
2018-05-08 00:05,2219
2018-05-08 00:10,2231
2018-05-08 00:15,2231
2018-05-08 00:20,2234
2018-05-08 00:25,2231
2018-05-08 00:30,2202
2018-05-08 00:35,2197
2018-05-08 00:40,2186
2018-05-08 00:45,2161
2018-05-08 00:50,2182
2018-05-08 00:55,2193
2018-05-08 01:00,2205
2018-05-08 01:05,2202
2018-05-08 01:10,2178
2018-05-08 01:15,2167
2018-05-08 01:20,2148
2018-05-08 01:25,2146
2018-05-08 01:30,2118
2018-05-08 01:35,2125
2018-05-08 01:40,2116
2018-05-08 01:45,2088
2018-05-08 01:50,2080
2018-05-08 01:55,2071
2018-05-08 02:00,2059
2018-05-08 02:05,2032
2018-05-08 02:10,2014
2018-05-08 02:15,1998
2018-05-08 02:20,1994
2018-05-08 02:25,1973
2018-05-08 02:30,1978
2018-05-08 02:35,1958
2018-05-08 02:40,1972
2018-05-08 02:45,1953
2018-05-08 02:50,1951
2018-05-08 02:55,1936
2018-05-08 03:00,1915
2018-05-08 03:05,1912
2018-05-08 03:10,1891
2018-05-08 03:15,1853
2018-05-08 03:20,1830
2018-05-08 03:25,1795
2018-05-08 03:30,1773
2018-05-08 03:35,1743
2018-05-08 03:40,1728
2018-05-08 03:45,1709
2018-05-08 03:50,1701
2018-05-08 03:55,1667
2018-05-08 04:00,1682
2018-05-08 04:05,1648
2018-05-08 04:10,1642
2018-05-08 04:15,1633
2018-05-08 04:20,1597
2018-05-08 04:25,1579
2018-05-08 04:30,1581
2018-05-08 04:35,1566
2018-05-08 04:40,1560
2018-05-08 04:45,1561
2018-05-08 04:50,1537
2018-05-08 04:55,1524
2018-05-08 05:00,1515
2018-05-08 05:05,1505
2018-05-08 05:10,1485
2018-05-08 05:15,1470
2018-05-08 05:20,1457
2018-05-08 05:25,1477
2018-05-08 05:30,1463
2018-05-08 05:35,1442
2018-05-08 05:40,1443
2018-05-08 05:45,1439
2018-05-08 05:50,1445
2018-05-08 05:55,1418
2018-05-08 06:00,1416
2018-05-08 06:05,1404
2018-05-08 06:10,1392
2018-05-08 06:15,1381
2018-05-08 06:20,1384
2018-05-08 06:25,1389
2018-05-08 06:30,1406
2018-05-08 06:35,1409
2018-05-08 06:40,1414
2018-05-08 06:45,1432
2018-05-08 06:50,1427
2018-05-08 06:55,1429
2018-05-08 07:00,1422
2018-05-08 07:05,1421
2018-05-08 07:10,1440
2018-05-08 07:15,1431
2018-05-08 07:20,1431
2018-05-08 07:25,1443
2018-05-08 07:30,1443
2018-05-08 07:35,1454
2018-05-08 07:40,1479
2018-05-08 07:45,1480
2018-05-08 07:50,1471
2018-05-08 07:55,1487
2018-05-08 08:00,1494
2018-05-08 08:05,1512
2018-05-08 08:10,1529
2018-05-08 08:15,1526
2018-05-08 08:20,1544
2018-05-08 08:25,1555
2018-05-08 08:30,1572
2018-05-08 08:35,1592
2018-05-08 08:40,1606
2018-05-08 08:45,1613
2018-05-08 08:50,1608
2018-05-08 08:55,1624
2018-05-08 09:00,1649
2018-05-08 09:05,1662
2018-05-08 09:10,1664
2018-05-08 09:15,1667
2018-05-08 09:20,1688
2018-05-08 09:25,1708
2018-05-08 09:30,1738
2018-05-08 09:35,1744
2018-05-08 09:40,1749
2018-05-08 09:45,1782
2018-05-08 09:50,1795
2018-05-08 09:55,1806
2018-05-08 10:00,1836
2018-05-08 10:05,1854
2018-05-08 10:10,1854
2018-05-08 10:15,1858
2018-05-08 10:20,1879
2018-05-08 10:25,1879
2018-05-08 10:30,1879
2018-05-08 10:35,0
2018-05-08 10:40,1914
2018-05-08 10:45,1952
2018-05-08 10:50,1976
2018-05-08 10:55,1979
2018-05-08 11:00,1991
2018-05-08 11:05,2016
2018-05-08 11:10,2031
2018-05-08 11:15,2024
2018-05-08 11:20,2052
2018-05-08 11:25,2063
2018-05-08 11:30,2082
2018-05-08 11:35,2097
2018-05-08 11:40,2111
2018-05-08 11:45,2107
2018-05-08 11:50,2140
2018-05-08 11:55,2157
2018-05-08 12:00,2165
2018-05-08 12:05,2177
2018-05-08 12:10,2185
2018-05-08 12:15,2197
2018-05-08 12:20,2215
2018-05-08 12:25,2230
2018-05-08 12:30,2264
2018-05-08 12:35,2287
2018-05-08 12:40,2308
2018-05-08 12:45,2317
2018-05-08 12:50,2347
2018-05-08 12:55,2344
2018-05-08 13:00,2359
2018-05-08 13:05,2385
2018-05-08 13:10,2381
2018-05-08 13:15,2381
2018-05-08 13:20,2384
2018-05-08 13:25,2402
2018-05-08 13:30,2420
2018-05-08 13:35,2438
2018-05-08 13:40,2476
2018-05-08 13:45,2492
2018-05-08 13:50,2522
2018-05-08 13:55,2534
2018-05-08 14:00,2571
2018-05-08 14:05,2580
2018-05-08 14:10,2589
2018-05-08 14:15,2620
2018-05-08 14:20,2584
2018-05-08 14:25,2578
2018-05-08 14:30,2593
2018-05-08 14:35,2589
2018-05-08 14:40,2584
2018-05-08 14:45,2617
2018-05-08 14:50,2659
2018-05-08 14:55,2692
2018-05-08 15:00,2715
2018-05-08 15:05,2713
2018-05-08 15:10,2755
2018-05-08 15:15,2760
2018-05-08 15:20,2778
2018-05-08 15:25,2809
2018-05-08 15:30,2857
2018-05-08 15:35,2876
2018-05-08 15:40,2900
2018-05-08 15:45,2909
2018-05-08 15:50,2914
2018-05-08 15:55,2911
2018-05-08 16:00,2935
2018-05-08 16:05,2940
2018-05-08 16:10,2956
2018-05-08 16:15,2959
2018-05-08 16:20,2990
2018-05-08 16:25,3023
2018-05-08 16:30,3043
2018-05-08 16:35,3061
2018-05-08 16:40,3048
2018-05-08 16:45,3063
2018-05-08 16:50,3078
2018-05-08 16:55,3108
2018-05-08 17:00,3125
2018-05-08 17:05,3098
2018-05-08 17:10,3136
2018-05-08 17:15,3161
2018-05-08 17:20,3164
2018-05-08 17:25,3176
2018-05-08 17:30,3198
2018-05-08 17:35,3220
2018-05-08 17:40,3216
2018-05-08 17:45,3230
2018-05-08 17:50,3232
2018-05-08 17:55,3206
2018-05-08 18:00,3209
2018-05-08 18:05,3222
2018-05-08 18:10,3218
2018-05-08 18:15,3236
2018-05-08 18:20,3242
2018-05-08 18:25,3244
2018-05-08 18:30,3260
2018-05-08 18:35,3304
2018-05-08 18:40,3301
2018-05-08 18:45,3276
2018-05-08 18:50,3277
2018-05-08 18:55,3296
2018-05-08 19:00,3303
2018-05-08 19:05,3334
2018-05-08 19:10,3325
2018-05-08 19:15,3332
2018-05-08 19:20,3313
2018-05-08 19:25,3313
2018-05-08 19:30,3353
2018-05-08 19:35,3367
2018-05-08 19:40,3363
2018-05-08 19:45,3337
2018-05-08 19:50,3312
2018-05-08 19:55,3279
2018-05-08 20:00,3274
2018-05-08 20:05,3226
2018-05-08 20:10,3206
2018-05-08 20:15,3177
2018-05-08 20:20,3168
2018-05-08 20:25,3156
2018-05-08 20:30,3127
2018-05-08 20:35,3103
2018-05-08 20:40,3087
2018-05-08 20:45,3058
2018-05-08 20:50,3021
2018-05-08 20:55,2986
2018-05-08 21:00,2939
2018-05-08 21:05,2916
2018-05-08 21:10,2860
2018-05-08 21:15,2826
2018-05-08 21:20,2819
2018-05-08 21:25,2784
2018-05-08 21:30,2735
2018-05-08 21:35,2721
2018-05-08 21:40,2692
2018-05-08 21:45,2674
2018-05-08 21:50,2665
2018-05-08 21:55,2652
2018-05-08 22:00,2605
2018-05-08 22:05,2545
2018-05-08 22:10,2516
2018-05-08 22:15,2492
2018-05-08 22:20,2443
2018-05-08 22:25,2387
2018-05-08 22:30,2393
2018-05-08 22:35,2378
2018-05-08 22:40,2347
2018-05-08 22:45,2321
2018-05-08 22:50,2305
2018-05-08 22:55,2295
2018-05-08 23:00,0
2018-05-08 23:05,0
2018-05-08 23:10,2178
2018-05-08 23:15,2263
2018-05-08 23:20,2269
2018-05-08 23:25,2263
2018-05-08 23:30,2250
2018-05-08 23:35,2217
2018-05-08 23:40,2211
2018-05-08 23:45,2207
2018-05-08 23:50,2168
2018-05-08 23:55,2171
2018-05-09 00:00,2174
2018-05-09 00:05,2163
2018-05-09 00:10,2139
2018-05-09 00:15,2107
2018-05-09 00:20,2099
2018-05-09 00:25,2092
2018-05-09 00:30,2091
2018-05-09 00:35,2097
2018-05-09 00:40,2109
2018-05-09 00:45,2106
2018-05-09 00:50,2085
2018-05-09 00:55,2091
2018-05-09 01:00,2102
2018-05-09 01:05,2096
2018-05-09 01:10,2116
2018-05-09 01:15,2114
2018-05-09 01:20,2116
2018-05-09 01:25,2117
2018-05-09 01:30,2126
2018-05-09 01:35,2109
2018-05-09 01:40,2078
2018-05-09 01:45,2071
2018-05-09 01:50,2061
2018-05-09 01:55,2057
2018-05-09 02:00,2024
2018-05-09 02:05,2018
2018-05-09 02:10,1994
2018-05-09 02:15,1969
2018-05-09 02:20,1937
2018-05-09 02:25,1936
2018-05-09 02:30,1922
2018-05-09 02:35,1908
2018-05-09 02:40,1918
2018-05-09 02:45,1903
2018-05-09 02:50,1869
2018-05-09 02:55,1849
2018-05-09 03:00,1836
2018-05-09 03:05,1832
2018-05-09 03:10,1800
2018-05-09 03:15,1784
2018-05-09 03:20,1770
2018-05-09 03:25,1742
2018-05-09 03:30,1750
2018-05-09 03:35,1718
2018-05-09 03:40,1696
2018-05-09 03:45,1690
2018-05-09 03:50,1677
2018-05-09 03:55,1662
2018-05-09 04:00,1631
2018-05-09 04:05,1605
2018-05-09 04:10,1591
2018-05-09 04:15,1570
2018-05-09 04:20,1557
2018-05-09 04:25,1558
2018-05-09 04:30,1545
2018-05-09 04:35,1528
2018-05-09 04:40,1531
2018-05-09 04:45,1530
2018-05-09 04:50,1544
2018-05-09 04:55,1524
2018-05-09 05:00,1519
2018-05-09 05:05,1518
2018-05-09 05:10,1511
2018-05-09 05:15,1516
2018-05-09 05:20,1525
2018-05-09 05:25,1510
2018-05-09 05:30,1508
2018-05-09 05:35,1484
2018-05-09 05:40,1487
2018-05-09 05:45,1467
2018-05-09 05:50,1463
2018-05-09 05:55,1461
2018-05-09 06:00,1466
2018-05-09 06:05,1442
2018-05-09 06:10,1433
2018-05-09 06:15,1432
2018-05-09 06:20,1441
2018-05-09 06:25,1445
2018-05-09 06:30,1454
2018-05-09 06:35,1471
2018-05-09 06:40,1473
2018-05-09 06:45,1488
2018-05-09 06:50,1513
2018-05-09 06:55,1507
2018-05-09 07:00,1507
2018-05-09 07:05,1484
2018-05-09 07:10,1492
2018-05-09 07:15,1508
2018-05-09 07:20,1517
2018-05-09 07:25,1524
2018-05-09 07:30,1545
2018-05-09 07:35,1553
2018-05-09 07:40,1565
2018-05-09 07:45,1589
2018-05-09 07:50,1588
2018-05-09 07:55,1599
2018-05-09 08:00,1610
2018-05-09 08:05,1629
2018-05-09 08:10,1656
2018-05-09 08:15,1658
2018-05-09 08:20,1664
2018-05-09 08:25,1683
2018-05-09 08:30,1693
2018-05-09 08:35,1695
2018-05-09 08:40,1718
2018-05-09 08:45,1744
2018-05-09 08:50,1740
2018-05-09 08:55,1759
2018-05-09 09:00,1759
2018-05-09 09:05,1767
2018-05-09 09:10,1778
2018-05-09 09:15,1758
2018-05-09 09:20,1789
2018-05-09 09:25,1790
2018-05-09 09:30,1802
2018-05-09 09:35,1802
2018-05-09 09:40,1828
2018-05-09 09:45,1839
2018-05-09 09:50,1834
2018-05-09 09:55,1847
2018-05-09 10:00,1870
2018-05-09 10:05,1911
2018-05-09 10:10,1925
2018-05-09 10:15,1949
2018-05-09 10:20,1943
2018-05-09 10:25,1953
2018-05-09 10:30,1961
2018-05-09 10:35,1976
2018-05-09 10:40,1965
2018-05-09 10:45,1973
2018-05-09 10:50,1975
2018-05-09 10:55,1992
2018-05-09 11:00,2007
2018-05-09 11:05,2019
2018-05-09 11:10,2030
2018-05-09 11:15,2026
2018-05-09 11:20,2049
2018-05-09 11:25,2059
2018-05-09 11:30,2057
2018-05-09 11:35,2080
2018-05-09 11:40,2115
2018-05-09 11:45,2129
2018-05-09 11:50,2116
2018-05-09 11:55,2148
2018-05-09 12:00,2176
2018-05-09 12:05,2151
2018-05-09 12:10,2160
2018-05-09 12:15,2177
2018-05-09 12:20,2195
2018-05-09 12:25,2232
2018-05-09 12:30,2226
2018-05-09 12:35,2228
2018-05-09 12:40,2246
2018-05-09 12:45,2247
2018-05-09 12:50,2264
2018-05-09 12:55,2280
2018-05-09 13:00,2290
2018-05-09 13:05,2307
2018-05-09 13:10,2321
2018-05-09 13:15,2353
2018-05-09 13:20,2368
2018-05-09 13:25,2403
2018-05-09 13:30,2416
2018-05-09 13:35,2410
2018-05-09 13:40,2422
2018-05-09 13:45,2421
2018-05-09 13:50,2458
2018-05-09 13:55,2465
2018-05-09 14:00,2454
2018-05-09 14:05,2438
2018-05-09 14:10,2450
2018-05-09 14:15,2459
2018-05-09 14:20,2462
2018-05-09 14:25,2460
2018-05-09 14:30,2467
2018-05-09 14:35,2478
2018-05-09 14:40,2483
2018-05-09 14:45,2485
2018-05-09 14:50,2501
2018-05-09 14:55,2525
2018-05-09 15:00,2536
2018-05-09 15:05,2550
2018-05-09 15:10,2565
2018-05-09 15:15,2614
2018-05-09 15:20,2648
2018-05-09 15:25,2671
2018-05-09 15:30,2705
2018-05-09 15:35,2721
2018-05-09 15:40,2737
2018-05-09 15:45,2753
2018-05-09 15:50,2771
2018-05-09 15:55,2757
2018-05-09 16:00,2793
2018-05-09 16:05,2782
2018-05-09 16:10,2771
2018-05-09 16:15,2799
2018-05-09 16:20,2839
2018-05-09 16:25,2860
2018-05-09 16:30,2877
2018-05-09 16:35,2890
2018-05-09 16:40,2919
2018-05-09 16:45,2915
2018-05-09 16:50,2905
2018-05-09 16:55,2914
2018-05-09 17:00,2935
2018-05-09 17:05,2949
2018-05-09 17:10,2954
2018-05-09 17:15,2960
2018-05-09 17:20,2965
2018-05-09 17:25,2941
2018-05-09 17:30,2934
2018-05-09 17:35,2913
2018-05-09 17:40,2925
2018-05-09 17:45,2927
2018-05-09 17:50,2932
2018-05-09 17:55,2953
2018-05-09 18:00,2976
2018-05-09 18:05,2984
2018-05-09 18:10,2981
2018-05-09 18:15,2997
2018-05-09 18:20,3008
2018-05-09 18:25,3015
2018-05-09 18:30,3045
2018-05-09 18:35,3026
2018-05-09 18:40,3033
2018-05-09 18:45,3050
2018-05-09 18:50,3043
2018-05-09 18:55,3035
2018-05-09 19:00,3036
2018-05-09 19:05,3024
2018-05-09 19:10,3034
2018-05-09 19:15,3049
2018-05-09 19:20,3023
2018-05-09 19:25,3008
2018-05-09 19:30,3002
2018-05-09 19:35,3015
2018-05-09 19:40,2997
2018-05-09 19:45,2981
2018-05-09 19:50,2981
2018-05-09 19:55,2977
2018-05-09 20:00,2944
2018-05-09 20:05,2933
2018-05-09 20:10,2922
2018-05-09 20:15,2906
2018-05-09 20:20,2895
2018-05-09 20:25,2889
2018-05-09 20:30,2868
2018-05-09 20:35,2854
2018-05-09 20:40,2830
2018-05-09 20:45,2826
2018-05-09 20:50,2800
2018-05-09 20:55,2769
2018-05-09 21:00,2744
2018-05-09 21:05,2700
2018-05-09 21:10,2698
2018-05-09 21:15,2675
2018-05-09 21:20,2664
2018-05-09 21:25,2620
2018-05-09 21:30,2584
2018-05-09 21:35,2579
2018-05-09 21:40,2560
2018-05-09 21:45,2542
2018-05-09 21:50,
2018-05-09 21:55,
2018-05-09 22:00,2467
2018-05-09 22:05,2449
2018-05-09 22:10,2432
2018-05-09 22:15,2376
2018-05-09 22:20,2361
2018-05-09 22:25,2379
2018-05-09 22:30,2369
2018-05-09 22:35,2337
2018-05-09 22:40,2315
2018-05-09 22:45,2278
2018-05-09 22:50,2158
2018-05-09 22:55,2262
2018-05-09 23:00,0
2018-05-09 23:05,2233
2018-05-09 23:10,2105
2018-05-09 23:15,2153
2018-05-09 23:20,0
2018-05-09 23:25,2159
2018-05-09 23:30,2166
2018-05-09 23:35,2156
2018-05-09 23:40,2144
2018-05-09 23:45,2144
2018-05-09 23:50,2120
2018-05-09 23:55,2088
2018-05-10 00:00,0
2018-05-10 00:05,2090
2018-05-10 00:10,2078
2018-05-10 00:15,2066
2018-05-10 00:20,2050
2018-05-10 00:25,2032
2018-05-10 00:30,2048
2018-05-10 00:35,2023
2018-05-10 00:40,2014
2018-05-10 00:45,1996
2018-05-10 00:50,1988
2018-05-10 00:55,1979
2018-05-10 01:00,1977
2018-05-10 01:05,1954
2018-05-10 01:10,1941
2018-05-10 01:15,1921
2018-05-10 01:20,1907
2018-05-10 01:25,1906
2018-05-10 01:30,1899
2018-05-10 01:35,1888
2018-05-10 01:40,1884
2018-05-10 01:45,1858
2018-05-10 01:50,1835
2018-05-10 01:55,1805
2018-05-10 02:00,1803
2018-05-10 02:05,1795
2018-05-10 02:10,1793
2018-05-10 02:15,1774
2018-05-10 02:20,1752
2018-05-10 02:25,1732
2018-05-10 02:30,1719
2018-05-10 02:35,1720
2018-05-10 02:40,1701
2018-05-10 02:45,1692
2018-05-10 02:50,1675
2018-05-10 02:55,1664
2018-05-10 03:00,1654
2018-05-10 03:05,1638
2018-05-10 03:10,1626
2018-05-10 03:15,1615
2018-05-10 03:20,1589
2018-05-10 03:25,1563
2018-05-10 03:30,1566
2018-05-10 03:35,1550
2018-05-10 03:40,1535
2018-05-10 03:45,1502
2018-05-10 03:50,1491
2018-05-10 03:55,1482
2018-05-10 04:00,1472
2018-05-10 04:05,1497
2018-05-10 04:10,1497
2018-05-10 04:15,1475
2018-05-10 04:20,1472
2018-05-10 04:25,1453
2018-05-10 04:30,1458
2018-05-10 04:35,1441
2018-05-10 04:40,1414
2018-05-10 04:45,1417
2018-05-10 04:50,1416
2018-05-10 04:55,1395
2018-05-10 05:00,1395
2018-05-10 05:05,1387
2018-05-10 05:10,1355
2018-05-10 05:15,1361
2018-05-10 05:20,1353
2018-05-10 05:25,1352
2018-05-10 05:30,1360
2018-05-10 05:35,1366
2018-05-10 05:40,1336
2018-05-10 05:45,1342
2018-05-10 05:50,1338
2018-05-10 05:55,
2018-05-10 06:00,1341
2018-05-10 06:05,
2018-05-10 06:10,1339
2018-05-10 06:15,1323
2018-05-10 06:20,1328
2018-05-10 06:25,1317
2018-05-10 06:30,1306
2018-05-10 06:35,1304
2018-05-10 06:40,1295
2018-05-10 06:45,1304
2018-05-10 06:50,1307
2018-05-10 06:55,1309
2018-05-10 07:00,1330
2018-05-10 07:05,1340
2018-05-10 07:10,1341
2018-05-10 07:15,1346
2018-05-10 07:20,1348
2018-05-10 07:25,1371
2018-05-10 07:30,1384
2018-05-10 07:35,1383
2018-05-10 07:40,1410
2018-05-10 07:45,1427
2018-05-10 07:50,1435
2018-05-10 07:55,1439
2018-05-10 08:00,1448
2018-05-10 08:05,1458
2018-05-10 08:10,1461
2018-05-10 08:15,1477
2018-05-10 08:20,1505
2018-05-10 08:25,1513
2018-05-10 08:30,1496
2018-05-10 08:35,1532
2018-05-10 08:40,1565
2018-05-10 08:45,1566
2018-05-10 08:50,1590
2018-05-10 08:55,1619
2018-05-10 09:00,1612
2018-05-10 09:05,1634
2018-05-10 09:10,1648
2018-05-10 09:15,1660
2018-05-10 09:20,1661
2018-05-10 09:25,1670
2018-05-10 09:30,1687
2018-05-10 09:35,1699
2018-05-10 09:40,1702
2018-05-10 09:45,1727
2018-05-10 09:50,1715
2018-05-10 09:55,1725
2018-05-10 10:00,1743
2018-05-10 10:05,1777
2018-05-10 10:10,1815
2018-05-10 10:15,1855
2018-05-10 10:20,1867
2018-05-10 10:25,1866
2018-05-10 10:30,1888
2018-05-10 10:35,1901
2018-05-10 10:40,1911
2018-05-10 10:45,1924
2018-05-10 10:50,1938
2018-05-10 10:55,1938
2018-05-10 11:00,1962
2018-05-10 11:05,1965
2018-05-10 11:10,1991
2018-05-10 11:15,2011
2018-05-10 11:20,2015
2018-05-10 11:25,2057
2018-05-10 11:30,2051
2018-05-10 11:35,2062
2018-05-10 11:40,2081
2018-05-10 11:45,2117
2018-05-10 11:50,2133
2018-05-10 11:55,2137
2018-05-10 12:00,2166
2018-05-10 12:05,2173
2018-05-10 12:10,2179
2018-05-10 12:15,2174
2018-05-10 12:20,2187
2018-05-10 12:25,2195
2018-05-10 12:30,2224
2018-05-10 12:35,2247
2018-05-10 12:40,2260
2018-05-10 12:45,2293
2018-05-10 12:50,2319
2018-05-10 12:55,2303
2018-05-10 13:00,2302
2018-05-10 13:05,2294
2018-05-10 13:10,2296
2018-05-10 13:15,2329
2018-05-10 13:20,2317
2018-05-10 13:25,2318
2018-05-10 13:30,2319
2018-05-10 13:35,2309
2018-05-10 13:40,2301
2018-05-10 13:45,2300
2018-05-10 13:50,2254
2018-05-10 13:55,2207
2018-05-10 14:00,2065
2018-05-10 14:05,1424
2018-05-10 14:10,1323
2018-05-10 14:15,1291
2018-05-10 14:20,1279
2018-05-10 14:25,1279
2018-05-10 14:30,1289
2018-05-10 14:35,1289
2018-05-10 14:40,1305
2018-05-10 14:45,1317
2018-05-10 14:50,1338
2018-05-10 14:55,1315
2018-05-10 15:00,1338
2018-05-10 15:05,1347
2018-05-10 15:10,1359
2018-05-10 15:15,1379
2018-05-10 15:20,1446
2018-05-10 15:25,1585
2018-05-10 15:30,1696
2018-05-10 15:35,1825
2018-05-10 15:40,1924
2018-05-10 15:45,2012
2018-05-10 15:50,2141
2018-05-10 15:55,2251
2018-05-10 16:00,2347
2018-05-10 16:05,2433
2018-05-10 16:10,2527
2018-05-10 16:15,2615
2018-05-10 16:20,2692
2018-05-10 16:25,2787
2018-05-10 16:30,2846
2018-05-10 16:35,2913
2018-05-10 16:40,2939
2018-05-10 16:45,2976
2018-05-10 16:50,2999
2018-05-10 16:55,3087
2018-05-10 17:00,3124
2018-05-10 17:05,3130
2018-05-10 17:10,3141
2018-05-10 17:15,3176
2018-05-10 17:20,3178
2018-05-10 17:25,3186
2018-05-10 17:30,3196
2018-05-10 17:35,3181
2018-05-10 17:40,3159
2018-05-10 17:45,3161
2018-05-10 17:50,3190
2018-05-10 17:55,3154
2018-05-10 18:00,3181
2018-05-10 18:05,3185
2018-05-10 18:10,3195
2018-05-10 18:15,3174
2018-05-10 18:20,3182
2018-05-10 18:25,3189
2018-05-10 18:30,3211
2018-05-10 18:35,3204
2018-05-10 18:40,3206
2018-05-10 18:45,3182
2018-05-10 18:50,3165
2018-05-10 18:55,3171
2018-05-10 19:00,3176
2018-05-10 19:05,3150
2018-05-10 19:10,3165
2018-05-10 19:15,3171
2018-05-10 19:20,3165
2018-05-10 19:25,3140
2018-05-10 19:30,3140
2018-05-10 19:35,3167
2018-05-10 19:40,3158
2018-05-10 19:45,3162
2018-05-10 19:50,3154
2018-05-10 19:55,3123
2018-05-10 20:00,3084
2018-05-10 20:05,3056
2018-05-10 20:10,3058
2018-05-10 20:15,3058
2018-05-10 20:20,3029
2018-05-10 20:25,3047
2018-05-10 20:30,3024
2018-05-10 20:35,3025
2018-05-10 20:40,3011
2018-05-10 20:45,2999
2018-05-10 20:50,2966
2018-05-10 20:55,2951
2018-05-10 21:00,2940
2018-05-10 21:05,2920
2018-05-10 21:10,2919
2018-05-10 21:15,2876
2018-05-10 21:20,2868
2018-05-10 21:25,2824
2018-05-10 21:30,2798
2018-05-10 21:35,2758
2018-05-10 21:40,2744
2018-05-10 21:45,2720
2018-05-10 21:50,2701
2018-05-10 21:55,2694
2018-05-10 22:00,2635
2018-05-10 22:05,2601
2018-05-10 22:10,2588
2018-05-10 22:15,2544
2018-05-10 22:20,2524
2018-05-10 22:25,2497
2018-05-10 22:30,2439
2018-05-10 22:35,2400
2018-05-10 22:40,2398
2018-05-10 22:45,2393
2018-05-10 22:50,2367
2018-05-10 22:55,2358
2018-05-10 23:00,2368
2018-05-10 23:05,2331
2018-05-10 23:10,2292
2018-05-10 23:15,2274
2018-05-10 23:20,2259
2018-05-10 23:25,2249
2018-05-10 23:30,2218
2018-05-10 23:35,2221
2018-05-10 23:40,2211
2018-05-10 23:45,2189
2018-05-10 23:50,2191
2018-05-10 23:55,2170
2018-05-11 00:00,2165
2018-05-11 00:05,2142
2018-05-11 00:10,2084
2018-05-11 00:15,2074
2018-05-11 00:20,2067
2018-05-11 00:25,2055
2018-05-11 00:30,2070
2018-05-11 00:35,2070
2018-05-11 00:40,2050
2018-05-11 00:45,2034
2018-05-11 00:50,2029
2018-05-11 00:55,2006
2018-05-11 01:00,2007
2018-05-11 01:05,2003
2018-05-11 01:10,2009
2018-05-11 01:15,2012
2018-05-11 01:20,2008
2018-05-11 01:25,2014
2018-05-11 01:30,2001
2018-05-11 01:35,2003
2018-05-11 01:40,2008
2018-05-11 01:45,1986
2018-05-11 01:50,1970
2018-05-11 01:55,1954
2018-05-11 02:00,1953
2018-05-11 02:05,1934
2018-05-11 02:10,1940
2018-05-11 02:15,1920
2018-05-11 02:20,1915
2018-05-11 02:25,1922
2018-05-11 02:30,1885
2018-05-11 02:35,1881
2018-05-11 02:40,1883
2018-05-11 02:45,1885
2018-05-11 02:50,1845
2018-05-11 02:55,1848
2018-05-11 03:00,1817
2018-05-11 03:05,1809
2018-05-11 03:10,1805
2018-05-11 03:15,1778
2018-05-11 03:20,1743
2018-05-11 03:25,1713
2018-05-11 03:30,1697
2018-05-11 03:35,1686
2018-05-11 03:40,1676
2018-05-11 03:45,1674
2018-05-11 03:50,1646
2018-05-11 03:55,1624
2018-05-11 04:00,1600
2018-05-11 04:05,1592
2018-05-11 04:10,1578
2018-05-11 04:15,1579
2018-05-11 04:20,1569
2018-05-11 04:25,1534
2018-05-11 04:30,1532
2018-05-11 04:35,1515
2018-05-11 04:40,1511
2018-05-11 04:45,1506
2018-05-11 04:50,1514
2018-05-11 04:55,1502
2018-05-11 05:00,1493
2018-05-11 05:05,1491
2018-05-11 05:10,1456
2018-05-11 05:15,1450
2018-05-11 05:20,1431
2018-05-11 05:25,1428
2018-05-11 05:30,1425
2018-05-11 05:35,1415
2018-05-11 05:40,1434
2018-05-11 05:45,1425
2018-05-11 05:50,1434
2018-05-11 05:55,1425
2018-05-11 06:00,1444
2018-05-11 06:05,1444
2018-05-11 06:10,1421
2018-05-11 06:15,1443
2018-05-11 06:20,1444
2018-05-11 06:25,1437
2018-05-11 06:30,1424
2018-05-11 06:35,1444
2018-05-11 06:40,1446
2018-05-11 06:45,1460
2018-05-11 06:50,1481
2018-05-11 06:55,1473
2018-05-11 07:00,1471
2018-05-11 07:05,1465
2018-05-11 07:10,1462
2018-05-11 07:15,1462
2018-05-11 07:20,1455
2018-05-11 07:25,1462
2018-05-11 07:30,1451
2018-05-11 07:35,1460
2018-05-11 07:40,1475
2018-05-11 07:45,1464
2018-05-11 07:50,1471
2018-05-11 07:55,1480
2018-05-11 08:00,1487
2018-05-11 08:05,1491
2018-05-11 08:10,1484
2018-05-11 08:15,1485
2018-05-11 08:20,1488
2018-05-11 08:25,1521
2018-05-11 08:30,1541
2018-05-11 08:35,1548
2018-05-11 08:40,1547
2018-05-11 08:45,1533
2018-05-11 08:50,1555
2018-05-11 08:55,1571
2018-05-11 09:00,1591
2018-05-11 09:05,1592
2018-05-11 09:10,1595
2018-05-11 09:15,1601
2018-05-11 09:20,1625
2018-05-11 09:25,1623
2018-05-11 09:30,1646
2018-05-11 09:35,1663
2018-05-11 09:40,1689
2018-05-11 09:45,1709
2018-05-11 09:50,1725
2018-05-11 09:55,1757
2018-05-11 10:00,1772
2018-05-11 10:05,1804
2018-05-11 10:10,1828
2018-05-11 10:15,1858
2018-05-11 10:20,1881
2018-05-11 10:25,1908
2018-05-11 10:30,1929
2018-05-11 10:35,1939
2018-05-11 10:40,1961
2018-05-11 10:45,1976
2018-05-11 10:50,2002
2018-05-11 10:55,2002
2018-05-11 11:00,2018
2018-05-11 11:05,2019
2018-05-11 11:10,2059
2018-05-11 11:15,2070
2018-05-11 11:20,2066
2018-05-11 11:25,2075
2018-05-11 11:30,2101
2018-05-11 11:35,2121
2018-05-11 11:40,2139
2018-05-11 11:45,2144
2018-05-11 11:50,2162
2018-05-11 11:55,2154
2018-05-11 12:00,2166
2018-05-11 12:05,2188
2018-05-11 12:10,2207
2018-05-11 12:15,2216
2018-05-11 12:20,2230
2018-05-11 12:25,2236
2018-05-11 12:30,2236
2018-05-11 12:35,2242
2018-05-11 12:40,2235
2018-05-11 12:45,2231
2018-05-11 12:50,2238
2018-05-11 12:55,2247
2018-05-11 13:00,2270
2018-05-11 13:05,2275
2018-05-11 13:10,2266
2018-05-11 13:15,2282
2018-05-11 13:20,2303
2018-05-11 13:25,2342
2018-05-11 13:30,2361
2018-05-11 13:35,2372
2018-05-11 13:40,2387
2018-05-11 13:45,2421
2018-05-11 13:50,2430
2018-05-11 13:55,2458
2018-05-11 14:00,2468
2018-05-11 14:05,2496
2018-05-11 14:10,2513
2018-05-11 14:15,2527
2018-05-11 14:20,2553
2018-05-11 14:25,2566
2018-05-11 14:30,2569
2018-05-11 14:35,2566
2018-05-11 14:40,2597
2018-05-11 14:45,2622
2018-05-11 14:50,2633
2018-05-11 14:55,2627
2018-05-11 15:00,2661
2018-05-11 15:05,2683
2018-05-11 15:10,2685
2018-05-11 15:15,2687
2018-05-11 15:20,2677
2018-05-11 15:25,2698
2018-05-11 15:30,2735
2018-05-11 15:35,2742
2018-05-11 15:40,2766
2018-05-11 15:45,2789
2018-05-11 15:50,2771
2018-05-11 15:55,2794
2018-05-11 16:00,2805
2018-05-11 16:05,2807
2018-05-11 16:10,2807
2018-05-11 16:15,2811
2018-05-11 16:20,2835
2018-05-11 16:25,2876
2018-05-11 16:30,2885
2018-05-11 16:35,2897
2018-05-11 16:40,2877
2018-05-11 16:45,2924
2018-05-11 16:50,2935
2018-05-11 16:55,2949
2018-05-11 17:00,2959
2018-05-11 17:05,2960
2018-05-11 17:10,3008
2018-05-11 17:15,3007
2018-05-11 17:20,3041
2018-05-11 17:25,3040
2018-05-11 17:30,3064
2018-05-11 17:35,3077
2018-05-11 17:40,3087
2018-05-11 17:45,3111
2018-05-11 17:50,3087
2018-05-11 17:55,3071
2018-05-11 18:00,3112
2018-05-11 18:05,3153
2018-05-11 18:10,3149
2018-05-11 18:15,3168
2018-05-11 18:20,3167
2018-05-11 18:25,3181
2018-05-11 18:30,3193
2018-05-11 18:35,3217
2018-05-11 18:40,3217
2018-05-11 18:45,3231
2018-05-11 18:50,3225
2018-05-11 18:55,3205
2018-05-11 19:00,3203
2018-05-11 19:05,3211
2018-05-11 19:10,3201
2018-05-11 19:15,3209
2018-05-11 19:20,3250
2018-05-11 19:25,3259
2018-05-11 19:30,3288
2018-05-11 19:35,3288
2018-05-11 19:40,3263
2018-05-11 19:45,3260
2018-05-11 19:50,3234
2018-05-11 19:55,3243
2018-05-11 20:00,3256
2018-05-11 20:05,3246
2018-05-11 20:10,3227
2018-05-11 20:15,3210
2018-05-11 20:20,3193
2018-05-11 20:25,3160
2018-05-11 20:30,3164
2018-05-11 20:35,3139
2018-05-11 20:40,3138
2018-05-11 20:45,3112
2018-05-11 20:50,3094
2018-05-11 20:55,3087
2018-05-11 21:00,3036
2018-05-11 21:05,2998
2018-05-11 21:10,2999
2018-05-11 21:15,2984
2018-05-11 21:20,2954
2018-05-11 21:25,2908
2018-05-11 21:30,2882
2018-05-11 21:35,2887
2018-05-11 21:40,2875
2018-05-11 21:45,2847
2018-05-11 21:50,2811
2018-05-11 21:55,2774
2018-05-11 22:00,2760
2018-05-11 22:05,2736
2018-05-11 22:10,2710
2018-05-11 22:15,2674
2018-05-11 22:20,2656
2018-05-11 22:25,2644
2018-05-11 22:30,2629
2018-05-11 22:35,2606
2018-05-11 22:40,2571
2018-05-11 22:45,2556
2018-05-11 22:50,2528
2018-05-11 22:55,2506
2018-05-11 23:00,2487
2018-05-11 23:05,2449
2018-05-11 23:10,2432
2018-05-11 23:15,2422
2018-05-11 23:20,2404
2018-05-11 23:25,2376
2018-05-11 23:30,2350
2018-05-11 23:35,2350
2018-05-11 23:40,2312
2018-05-11 23:45,2298
2018-05-11 23:50,2289
2018-05-11 23:55,2272
2018-05-12 00:00,2261
2018-05-12 00:05,2240
2018-05-12 00:10,2217
2018-05-12 00:15,2195
2018-05-12 00:20,2186
2018-05-12 00:25,2164
2018-05-12 00:30,2163
2018-05-12 00:35,2155
2018-05-12 00:40,2145
2018-05-12 00:45,2143
2018-05-12 00:50,2128
2018-05-12 00:55,2096
2018-05-12 01:00,2089
2018-05-12 01:05,2085
2018-05-12 01:10,2068
2018-05-12 01:15,2050
2018-05-12 01:20,2051
2018-05-12 01:25,2054
2018-05-12 01:30,2026
2018-05-12 01:35,2035
2018-05-12 01:40,2031
2018-05-12 01:45,2043
2018-05-12 01:50,2048
2018-05-12 01:55,2057
2018-05-12 02:00,2064
2018-05-12 02:05,2049
2018-05-12 02:10,2034
2018-05-12 02:15,2026
2018-05-12 02:20,2008
2018-05-12 02:25,2012
2018-05-12 02:30,2016
2018-05-12 02:35,2002
2018-05-12 02:40,1997
2018-05-12 02:45,1984
2018-05-12 02:50,1961
2018-05-12 02:55,1991
2018-05-12 03:00,1971
2018-05-12 03:05,1966
2018-05-12 03:10,1958
2018-05-12 03:15,1969
2018-05-12 03:20,1953
2018-05-12 03:25,1971
2018-05-12 03:30,1955
2018-05-12 03:35,1948
2018-05-12 03:40,1930
2018-05-12 03:45,1906
2018-05-12 03:50,1905
2018-05-12 03:55,1882
2018-05-12 04:00,1884
2018-05-12 04:05,1881
2018-05-12 04:10,1876
2018-05-12 04:15,1839
2018-05-12 04:20,1831
2018-05-12 04:25,1808
2018-05-12 04:30,1778
2018-05-12 04:35,1772
2018-05-12 04:40,1778
2018-05-12 04:45,1769
2018-05-12 04:50,0
2018-05-12 04:55,1770
2018-05-12 05:00,1785
2018-05-12 05:05,1764
2018-05-12 05:10,1768
2018-05-12 05:15,1773
2018-05-12 05:20,1765
2018-05-12 05:25,1778
2018-05-12 05:30,1754
2018-05-12 05:35,1746
2018-05-12 05:40,1759
2018-05-12 05:45,1748
2018-05-12 05:50,1736
2018-05-12 05:55,1753
2018-05-12 06:00,1752
2018-05-12 06:05,1746
2018-05-12 06:10,1747
2018-05-12 06:15,1750
2018-05-12 06:20,1768
2018-05-12 06:25,1760
2018-05-12 06:30,1763
2018-05-12 06:35,1779
2018-05-12 06:40,1787
2018-05-12 06:45,1798
2018-05-12 06:50,1798
2018-05-12 06:55,1777
2018-05-12 07:00,1797
2018-05-12 07:05,1818
2018-05-12 07:10,1811
2018-05-12 07:15,1813
2018-05-12 07:20,1837
2018-05-12 07:25,1851
2018-05-12 07:30,1863
2018-05-12 07:35,1862
2018-05-12 07:40,1873
2018-05-12 07:45,1880
2018-05-12 07:50,1897
2018-05-12 07:55,1906
2018-05-12 08:00,1953
2018-05-12 08:05,1943
2018-05-12 08:10,1982
2018-05-12 08:15,2002
2018-05-12 08:20,2002
2018-05-12 08:25,2029
2018-05-12 08:30,2048
2018-05-12 08:35,2092
2018-05-12 08:40,2094
2018-05-12 08:45,2103
2018-05-12 08:50,2122
2018-05-12 08:55,2123
2018-05-12 09:00,2115
2018-05-12 09:05,2111
2018-05-12 09:10,2118
2018-05-12 09:15,2152
2018-05-12 09:20,2151
2018-05-12 09:25,2164
2018-05-12 09:30,2167
2018-05-12 09:35,2170
2018-05-12 09:40,2194
2018-05-12 09:45,2221
2018-05-12 09:50,2232
2018-05-12 09:55,2244
2018-05-12 10:00,2253
2018-05-12 10:05,2290
2018-05-12 10:10,2311
2018-05-12 10:15,2325
2018-05-12 10:20,2374
2018-05-12 10:25,2424
2018-05-12 10:30,2442
2018-05-12 10:35,2457
2018-05-12 10:40,2463
2018-05-12 10:45,2475
2018-05-12 10:50,2513
2018-05-12 10:55,2525
2018-05-12 11:00,2552
2018-05-12 11:05,2565
2018-05-12 11:10,2582
2018-05-12 11:15,2583
2018-05-12 11:20,2587
2018-05-12 11:25,2586
2018-05-12 11:30,2607
2018-05-12 11:35,2654
2018-05-12 11:40,2649
2018-05-12 11:45,2652
2018-05-12 11:50,2698
2018-05-12 11:55,2688
2018-05-12 12:00,2706
2018-05-12 12:05,2730
2018-05-12 12:10,2748
2018-05-12 12:15,2762
2018-05-12 12:20,2762
2018-05-12 12:25,2754
2018-05-12 12:30,2759
2018-05-12 12:35,2797
2018-05-12 12:40,2816
2018-05-12 12:45,2841
2018-05-12 12:50,2845
2018-05-12 12:55,2871
2018-05-12 13:00,2911
2018-05-12 13:05,2932
2018-05-12 13:10,2939
2018-05-12 13:15,2970
2018-05-12 13:20,2961
2018-05-12 13:25,2968
2018-05-12 13:30,3000
2018-05-12 13:35,3035
2018-05-12 13:40,3065
2018-05-12 13:45,3105
2018-05-12 13:50,3104
2018-05-12 13:55,3104
2018-05-12 14:00,3128
2018-05-12 14:05,3115
2018-05-12 14:10,3114
2018-05-12 14:15,3119
2018-05-12 14:20,3107
2018-05-12 14:25,3141
2018-05-12 14:30,3163
2018-05-12 14:35,3157
2018-05-12 14:40,3173
2018-05-12 14:45,3184
2018-05-12 14:50,3193
2018-05-12 14:55,3220
2018-05-12 15:00,3207
2018-05-12 15:05,3218
2018-05-12 15:10,3222
2018-05-12 15:15,3228
2018-05-12 15:20,3269
2018-05-12 15:25,3296
2018-05-12 15:30,3300
2018-05-12 15:35,3334
2018-05-12 15:40,3380
2018-05-12 15:45,3385
2018-05-12 15:50,3408
2018-05-12 15:55,3398
2018-05-12 16:00,3404
2018-05-12 16:05,3357
2018-05-12 16:10,3369
2018-05-12 16:15,3379
2018-05-12 16:20,3378
2018-05-12 16:25,3388
2018-05-12 16:30,3408
2018-05-12 16:35,3399
2018-05-12 16:40,3396
2018-05-12 16:45,3438
2018-05-12 16:50,3441
2018-05-12 16:55,3451
2018-05-12 17:00,3467
2018-05-12 17:05,3457
2018-05-12 17:10,3458
2018-05-12 17:15,3463
2018-05-12 17:20,3474
2018-05-12 17:25,3475
2018-05-12 17:30,3471
2018-05-12 17:35,3470
2018-05-12 17:40,3468
2018-05-12 17:45,3480
2018-05-12 17:50,3479
2018-05-12 17:55,3493
2018-05-12 18:00,3509
2018-05-12 18:05,3493
2018-05-12 18:10,3476
2018-05-12 18:15,3485
2018-05-12 18:20,3489
2018-05-12 18:25,3509
2018-05-12 18:30,3528
2018-05-12 18:35,3557
2018-05-12 18:40,3564
2018-05-12 18:45,3583
2018-05-12 18:50,3609
2018-05-12 18:55,3635
2018-05-12 19:00,3638
2018-05-12 19:05,3611
2018-05-12 19:10,3610
2018-05-12 19:15,3618
2018-05-12 19:20,3616
2018-05-12 19:25,3622
2018-05-12 19:30,3619
2018-05-12 19:35,3602
2018-05-12 19:40,3593
2018-05-12 19:45,3591
2018-05-12 19:50,3574
2018-05-12 19:55,3559
2018-05-12 20:00,3537
2018-05-12 20:05,3540
2018-05-12 20:10,3505
2018-05-12 20:15,3476
2018-05-12 20:20,3468
2018-05-12 20:25,3466
2018-05-12 20:30,3483
2018-05-12 20:35,3462
2018-05-12 20:40,3457
2018-05-12 20:45,3441
2018-05-12 20:50,3430
2018-05-12 20:55,3423
2018-05-12 21:00,3410
2018-05-12 21:05,3401
2018-05-12 21:10,3409
2018-05-12 21:15,3401
2018-05-12 21:20,3364
2018-05-12 21:25,3355
2018-05-12 21:30,3310
2018-05-12 21:35,3279
2018-05-12 21:40,3224
2018-05-12 21:45,3181
2018-05-12 21:50,3157
2018-05-12 21:55,3157
2018-05-12 22:00,3116
2018-05-12 22:05,3116
2018-05-12 22:10,3050
2018-05-12 22:15,3050
2018-05-12 22:20,2998
2018-05-12 22:25,2971
2018-05-12 22:30,2923
2018-05-12 22:35,2923
2018-05-12 22:40,2895
2018-05-12 22:45,2876
2018-05-12 22:50,2809
2018-05-12 22:55,2796
2018-05-12 23:00,2796
2018-05-12 23:05,2781
2018-05-12 23:10,2742
2018-05-12 23:15,2687
2018-05-12 23:20,2687
2018-05-12 23:25,2644
2018-05-12 23:30,2578
2018-05-12 23:35,2572
2018-05-12 23:40,2540
2018-05-12 23:45,2527
2018-05-12 23:50,2474
2018-05-12 23:55,2475
2018-05-13 00:00,2447
2018-05-13 00:05,2447
2018-05-13 00:10,2383
2018-05-13 00:15,2368
2018-05-13 00:20,2376
2018-05-13 00:25,2365
2018-05-13 00:30,2338
2018-05-13 00:35,2336
2018-05-13 00:40,2305
2018-05-13 00:45,2305
2018-05-13 00:50,2296
2018-05-13 00:55,2296
2018-05-13 01:00,2289
2018-05-13 01:05,2288
2018-05-13 01:10,2264
2018-05-13 01:15,2260
2018-05-13 01:20,2260
2018-05-13 01:25,2247
2018-05-13 01:30,2246
2018-05-13 01:35,2247
2018-05-13 01:40,2242
2018-05-13 01:45,2257
2018-05-13 01:50,2263
2018-05-13 01:55,2236
2018-05-13 02:00,2232
2018-05-13 02:05,2244
2018-05-13 02:10,2229
2018-05-13 02:15,2219
2018-05-13 02:20,2221
2018-05-13 02:25,2202
2018-05-13 02:30,2193
2018-05-13 02:35,2188
2018-05-13 02:40,2180
2018-05-13 02:45,2184
2018-05-13 02:50,2172
2018-05-13 02:55,0
2018-05-13 03:00,2138
2018-05-13 03:05,2111
2018-05-13 03:10,2113
2018-05-13 03:15,2111
2018-05-13 03:20,2088
2018-05-13 03:25,2080
2018-05-13 03:30,2090
2018-05-13 03:35,2085
2018-05-13 03:40,2054
2018-05-13 03:45,2033
2018-05-13 03:50,2041
2018-05-13 03:55,2017
2018-05-13 04:00,2027
2018-05-13 04:05,2038
2018-05-13 04:10,2018
2018-05-13 04:15,2007
2018-05-13 04:20,2008
2018-05-13 04:25,1998
2018-05-13 04:30,2006
2018-05-13 04:35,2017
2018-05-13 04:40,2005
2018-05-13 04:45,2000
2018-05-13 04:50,1982
2018-05-13 04:55,1977
2018-05-13 05:00,1946
2018-05-13 05:05,1934
2018-05-13 05:10,1938
2018-05-13 05:15,1924
2018-05-13 05:20,1907
2018-05-13 05:25,1907
2018-05-13 05:30,1902
2018-05-13 05:35,1907
2018-05-13 05:40,1894
2018-05-13 05:45,1879
2018-05-13 05:50,1890
2018-05-13 05:55,1898
2018-05-13 06:00,1903
2018-05-13 06:05,1902
2018-05-13 06:10,1908
2018-05-13 06:15,1903
2018-05-13 06:20,1905
2018-05-13 06:25,1885
2018-05-13 06:30,1893
2018-05-13 06:35,1904
2018-05-13 06:40,1896
2018-05-13 06:45,1902
2018-05-13 06:50,1923
2018-05-13 06:55,1919
2018-05-13 07:00,1932
2018-05-13 07:05,1946
2018-05-13 07:10,1958
2018-05-13 07:15,1971
2018-05-13 07:20,1984
2018-05-13 07:25,1977
2018-05-13 07:30,1986
2018-05-13 07:35,1995
2018-05-13 07:40,2009
2018-05-13 07:45,2033
2018-05-13 07:50,2050
2018-05-13 07:55,2071
2018-05-13 08:00,2077
2018-05-13 08:05,2080
2018-05-13 08:10,2109
2018-05-13 08:15,2138
2018-05-13 08:20,2175
2018-05-13 08:25,2208
2018-05-13 08:30,2208
2018-05-13 08:35,2219
2018-05-13 08:40,2223
2018-05-13 08:45,2235
2018-05-13 08:50,2238
2018-05-13 08:55,2283
2018-05-13 09:00,2298
2018-05-13 09:05,2317
2018-05-13 09:10,2322
2018-05-13 09:15,2347
2018-05-13 09:20,2385
2018-05-13 09:25,2382
2018-05-13 09:30,2399
2018-05-13 09:35,2411
2018-05-13 09:40,2455
2018-05-13 09:45,2463
2018-05-13 09:50,2470
2018-05-13 09:55,2493
2018-05-13 10:00,2497
2018-05-13 10:05,2523
2018-05-13 10:10,2556
2018-05-13 10:15,2574
2018-05-13 10:20,2615
2018-05-13 10:25,2644
2018-05-13 10:30,2666
2018-05-13 10:35,2708
2018-05-13 10:40,2738
2018-05-13 10:45,2737
2018-05-13 10:50,2752
2018-05-13 10:55,2770
2018-05-13 11:00,2778
2018-05-13 11:05,2774
2018-05-13 11:10,2788
2018-05-13 11:15,2815
2018-05-13 11:20,2838
2018-05-13 11:25,2854
2018-05-13 11:30,2864
2018-05-13 11:35,2888
2018-05-13 11:40,2915
2018-05-13 11:45,2932
2018-05-13 11:50,2940
2018-05-13 11:55,2949
2018-05-13 12:00,2960
2018-05-13 12:05,2973
2018-05-13 12:10,2990
2018-05-13 12:15,2969
2018-05-13 12:20,2983
2018-05-13 12:25,3015
2018-05-13 12:30,3056
2018-05-13 12:35,3097
2018-05-13 12:40,3117
2018-05-13 12:45,3125
2018-05-13 12:50,3124
2018-05-13 12:55,3150
2018-05-13 13:00,3173
2018-05-13 13:05,3188
2018-05-13 13:10,3199
2018-05-13 13:15,3211
2018-05-13 13:20,3247
2018-05-13 13:25,3276
2018-05-13 13:30,3305
2018-05-13 13:35,3336
2018-05-13 13:40,3338
2018-05-13 13:45,3345
2018-05-13 13:50,3389
2018-05-13 13:55,3395
2018-05-13 14:00,3398
2018-05-13 14:05,3401
2018-05-13 14:10,3413
2018-05-13 14:15,3408
2018-05-13 14:20,3438
2018-05-13 14:25,3466
2018-05-13 14:30,3476
2018-05-13 14:35,3492
2018-05-13 14:40,3512
2018-05-13 14:45,3497
2018-05-13 14:50,3490
2018-05-13 14:55,3492
2018-05-13 15:00,3491
2018-05-13 15:05,3527
2018-05-13 15:10,3538
2018-05-13 15:15,3524
2018-05-13 15:20,3518
2018-05-13 15:25,3547
2018-05-13 15:30,3530
2018-05-13 15:35,3561
2018-05-13 15:40,3558
2018-05-13 15:45,3574
2018-05-13 15:50,3553
2018-05-13 15:55,3556
2018-05-13 16:00,3602
2018-05-13 16:05,3616
2018-05-13 16:10,3624
2018-05-13 16:15,3639
2018-05-13 16:20,3633
2018-05-13 16:25,3646
2018-05-13 16:30,3671
2018-05-13 16:35,3692
2018-05-13 16:40,3700
2018-05-13 16:45,3717
2018-05-13 16:50,3698
2018-05-13 16:55,3674
2018-05-13 17:00,3689
2018-05-13 17:05,3678
2018-05-13 17:10,3697
2018-05-13 17:15,3718
2018-05-13 17:20,3720
2018-05-13 17:25,3735
2018-05-13 17:30,3758
2018-05-13 17:35,3777
2018-05-13 17:40,3769
2018-05-13 17:45,3766
2018-05-13 17:50,3761
2018-05-13 17:55,3789
2018-05-13 18:00,3793
2018-05-13 18:05,3791
2018-05-13 18:10,3772
2018-05-13 18:15,3756
2018-05-13 18:20,3769
2018-05-13 18:25,3777
2018-05-13 18:30,3774
2018-05-13 18:35,3787
2018-05-13 18:40,3786
2018-05-13 18:45,3774
2018-05-13 18:50,3797
2018-05-13 18:55,3811
2018-05-13 19:00,3811
2018-05-13 19:05,3783
2018-05-13 19:10,3824
2018-05-13 19:15,3812
2018-05-13 19:20,3836
2018-05-13 19:25,3839
2018-05-13 19:30,3833
2018-05-13 19:35,3843
2018-05-13 19:40,3873
2018-05-13 19:45,3853
2018-05-13 19:50,3867
2018-05-13 19:55,3842
2018-05-13 20:00,3819
2018-05-13 20:05,3762
2018-05-13 20:10,3669
2018-05-13 20:15,3689
2018-05-13 20:20,3661
2018-05-13 20:25,3569
2018-05-13 20:30,3535
2018-05-13 20:35,3517
2018-05-13 20:40,3478
2018-05-13 20:45,3439
2018-05-13 20:50,3407
2018-05-13 20:55,3371
2018-05-13 21:00,3309
2018-05-13 21:05,3275
2018-05-13 21:10,3222
2018-05-13 21:15,3205
2018-05-13 21:20,3170
2018-05-13 21:25,3133
2018-05-13 21:30,3073
2018-05-13 21:35,3035
2018-05-13 21:40,3005
2018-05-13 21:45,2987
2018-05-13 21:50,2964
2018-05-13 21:55,2940
2018-05-13 22:00,2908
2018-05-13 22:05,2826
2018-05-13 22:10,2833
2018-05-13 22:15,2783
2018-05-13 22:20,2787
2018-05-13 22:25,2735
2018-05-13 22:30,2738
2018-05-13 22:35,2698
2018-05-13 22:40,2653
2018-05-13 22:45,2621
2018-05-13 22:50,2591
2018-05-13 22:55,2559
2018-05-13 23:00,2529
2018-05-13 23:05,2519
2018-05-13 23:10,2504
2018-05-13 23:15,2458
2018-05-13 23:20,2437
2018-05-13 23:25,2408
2018-05-13 23:30,2378
2018-05-13 23:35,2373
2018-05-13 23:40,2350
2018-05-13 23:45,2324
2018-05-13 23:50,2321
2018-05-13 23:55,2314
2018-05-14 00:00,2296
2018-05-14 00:05,2252
2018-05-14 00:10,2296
2018-05-14 00:15,2278
2018-05-14 00:20,2268
2018-05-14 00:25,2240
2018-05-14 00:30,2226
2018-05-14 00:35,2218
2018-05-14 00:40,2215
2018-05-14 00:45,2214
2018-05-14 00:50,2205
2018-05-14 00:55,2192
2018-05-14 01:00,2196
2018-05-14 01:05,2179
2018-05-14 01:10,2185
2018-05-14 01:15,2168
2018-05-14 01:20,2181
2018-05-14 01:25,2188
2018-05-14 01:30,2155
2018-05-14 01:35,2155
2018-05-14 01:40,2144
2018-05-14 01:45,2152
2018-05-14 01:50,2136
2018-05-14 01:55,2141
2018-05-14 02:00,2114
2018-05-14 02:05,2094
2018-05-14 02:10,2103
2018-05-14 02:15,2097
2018-05-14 02:20,2069
2018-05-14 02:25,2083
2018-05-14 02:30,2074
2018-05-14 02:35,2046
2018-05-14 02:40,1998
2018-05-14 02:45,1994
2018-05-14 02:50,1991
2018-05-14 02:55,1976
2018-05-14 03:00,1953
2018-05-14 03:05,1946
2018-05-14 03:10,1932
2018-05-14 03:15,1921
2018-05-14 03:20,1898
2018-05-14 03:25,1888
2018-05-14 03:30,1878
2018-05-14 03:35,1817
2018-05-14 03:40,1802
2018-05-14 03:45,1804
2018-05-14 03:50,1800
2018-05-14 03:55,1795
2018-05-14 04:00,1784
2018-05-14 04:05,1746
2018-05-14 04:10,1763
2018-05-14 04:15,1757
2018-05-14 04:20,1721
2018-05-14 04:25,1715
2018-05-14 04:30,1694
2018-05-14 04:35,1682
2018-05-14 04:40,1661
2018-05-14 04:45,1649
2018-05-14 04:50,1634
2018-05-14 04:55,1594
2018-05-14 05:00,1600
2018-05-14 05:05,1591
2018-05-14 05:10,1566
2018-05-14 05:15,1539
2018-05-14 05:20,1535
2018-05-14 05:25,1517
2018-05-14 05:30,1520
2018-05-14 05:35,1510
2018-05-14 05:40,1508
2018-05-14 05:45,1507
2018-05-14 05:50,1504
2018-05-14 05:55,1507
2018-05-14 06:00,1521
2018-05-14 06:05,1479
2018-05-14 06:10,1486
2018-05-14 06:15,1493
2018-05-14 06:20,1487
2018-05-14 06:25,1486
2018-05-14 06:30,1485
2018-05-14 06:35,0
2018-05-14 06:40,1481
2018-05-14 06:45,1476
2018-05-14 06:50,1482
2018-05-14 06:55,1485
2018-05-14 07:00,1466
2018-05-14 07:05,1456
2018-05-14 07:10,1462
2018-05-14 07:15,1468
2018-05-14 07:20,1468
2018-05-14 07:25,1478
2018-05-14 07:30,1483
2018-05-14 07:35,1472
2018-05-14 07:40,1487
2018-05-14 07:45,1468
2018-05-14 07:50,1484
2018-05-14 07:55,1494
2018-05-14 08:00,1476
2018-05-14 08:05,1518
2018-05-14 08:10,1505
2018-05-14 08:15,1512
2018-05-14 08:20,1518
2018-05-14 08:25,1520
2018-05-14 08:30,1513
2018-05-14 08:35,1529
2018-05-14 08:40,1537
2018-05-14 08:45,1567
2018-05-14 08:50,1577
2018-05-14 08:55,1596
2018-05-14 09:00,1616
2018-05-14 09:05,1626
2018-05-14 09:10,1607
2018-05-14 09:15,1623
2018-05-14 09:20,1620
2018-05-14 09:25,1630
2018-05-14 09:30,1655
2018-05-14 09:35,1668
2018-05-14 09:40,1661
2018-05-14 09:45,1669
2018-05-14 09:50,1684
2018-05-14 09:55,1698
2018-05-14 10:00,1730
2018-05-14 10:05,1746
2018-05-14 10:10,1758
2018-05-14 10:15,1770
2018-05-14 10:20,1807
2018-05-14 10:25,1825
2018-05-14 10:30,1842
2018-05-14 10:35,1838
2018-05-14 10:40,1853
2018-05-14 10:45,1869
2018-05-14 10:50,1884
2018-05-14 10:55,1910
2018-05-14 11:00,1911
2018-05-14 11:05,1922
2018-05-14 11:10,1953
2018-05-14 11:15,1970
2018-05-14 11:20,1988
2018-05-14 11:25,2019
2018-05-14 11:30,2009
2018-05-14 11:35,2040
2018-05-14 11:40,2058
2018-05-14 11:45,2079
2018-05-14 11:50,2084
2018-05-14 11:55,2092
2018-05-14 12:00,2130
2018-05-14 12:05,2144
2018-05-14 12:10,2156
2018-05-14 12:15,2183
2018-05-14 12:20,2185
2018-05-14 12:25,2178
2018-05-14 12:30,2178
2018-05-14 12:35,2183
2018-05-14 12:40,2204
2018-05-14 12:45,2203
2018-05-14 12:50,2245
2018-05-14 12:55,2270
2018-05-14 13:00,2281
2018-05-14 13:05,2294
2018-05-14 13:10,2288
2018-05-14 13:15,2302
2018-05-14 13:20,2312
2018-05-14 13:25,2329
2018-05-14 13:30,2374
2018-05-14 13:35,2388
2018-05-14 13:40,2405
2018-05-14 13:45,2411
2018-05-14 13:50,2425
2018-05-14 13:55,2420
2018-05-14 14:00,2434
2018-05-14 14:05,2444
2018-05-14 14:10,2458
2018-05-14 14:15,2449
2018-05-14 14:20,2469
2018-05-14 14:25,2506
2018-05-14 14:30,2534
2018-05-14 14:35,2548
2018-05-14 14:40,2566
2018-05-14 14:45,2574
2018-05-14 14:50,2578
2018-05-14 14:55,2613
2018-05-14 15:00,2619
2018-05-14 15:05,2637
2018-05-14 15:10,2678
2018-05-14 15:15,2707
2018-05-14 15:20,2727
2018-05-14 15:25,2748
2018-05-14 15:30,2784
2018-05-14 15:35,2796
2018-05-14 15:40,2837
2018-05-14 15:45,2853
2018-05-14 15:50,2881
2018-05-14 15:55,2896
2018-05-14 16:00,2901
2018-05-14 16:05,2938
2018-05-14 16:10,2950
2018-05-14 16:15,3005
2018-05-14 16:20,3020
2018-05-14 16:25,3019
2018-05-14 16:30,3037
2018-05-14 16:35,3043
2018-05-14 16:40,3039
2018-05-14 16:45,3057
2018-05-14 16:50,3046
2018-05-14 16:55,3058
2018-05-14 17:00,3081
2018-05-14 17:05,3128
2018-05-14 17:10,3124
2018-05-14 17:15,3143
2018-05-14 17:20,3157
2018-05-14 17:25,3179
2018-05-14 17:30,3205
2018-05-14 17:35,3210
2018-05-14 17:40,3221
2018-05-14 17:45,3256
2018-05-14 17:50,3264
2018-05-14 17:55,3290
2018-05-14 18:00,3313
2018-05-14 18:05,3324
2018-05-14 18:10,3337
2018-05-14 18:15,3338
2018-05-14 18:20,3352
2018-05-14 18:25,3350
2018-05-14 18:30,3348
2018-05-14 18:35,3349
2018-05-14 18:40,3324
2018-05-14 18:45,3335
2018-05-14 18:50,3337
2018-05-14 18:55,3333
2018-05-14 19:00,3332
2018-05-14 19:05,3320
2018-05-14 19:10,3304
2018-05-14 19:15,3322
2018-05-14 19:20,3317
2018-05-14 19:25,3320
2018-05-14 19:30,3322
2018-05-14 19:35,3294
2018-05-14 19:40,3305
2018-05-14 19:45,3290
2018-05-14 19:50,3255
2018-05-14 19:55,3240
2018-05-14 20:00,3198
2018-05-14 20:05,3135
2018-05-14 20:10,3144
2018-05-14 20:15,3129
2018-05-14 20:20,3107
2018-05-14 20:25,3057
2018-05-14 20:30,3062
2018-05-14 20:35,3048
2018-05-14 20:40,2992
2018-05-14 20:45,2984
2018-05-14 20:50,2943
2018-05-14 20:55,2909
2018-05-14 21:00,2896
2018-05-14 21:05,2850
2018-05-14 21:10,2823
2018-05-14 21:15,2764
2018-05-14 21:20,2721
2018-05-14 21:25,2682
2018-05-14 21:30,2652
2018-05-14 21:35,2626
2018-05-14 21:40,2592
2018-05-14 21:45,2583
2018-05-14 21:50,2543
2018-05-14 21:55,2529
2018-05-14 22:00,2496
2018-05-14 22:05,2503
2018-05-14 22:10,2498
2018-05-14 22:15,2452
2018-05-14 22:20,2421
2018-05-14 22:25,2415
2018-05-14 22:30,2399
2018-05-14 22:35,2368
2018-05-14 22:40,2353
2018-05-14 22:45,2339
2018-05-14 22:50,2303
2018-05-14 22:55,2268
2018-05-14 23:00,0
2018-05-14 23:05,2243
2018-05-14 23:10,2214
2018-05-14 23:15,2209
2018-05-14 23:20,2179
2018-05-14 23:25,2173
2018-05-14 23:30,2178
2018-05-14 23:35,2168
2018-05-14 23:40,2160
2018-05-14 23:45,2188
2018-05-14 23:50,2184
2018-05-14 23:55,2176
2018-05-15 00:00,2168
2018-05-15 00:05,2164
2018-05-15 00:10,2157
2018-05-15 00:15,2167
2018-05-15 00:20,2164
2018-05-15 00:25,2168
2018-05-15 00:30,2178
2018-05-15 00:35,2170
2018-05-15 00:40,2166
2018-05-15 00:45,2152
2018-05-15 00:50,2143
2018-05-15 00:55,2128
2018-05-15 01:00,2094
2018-05-15 01:05,2089
2018-05-15 01:10,2089
2018-05-15 01:15,2068
2018-05-15 01:20,2058
2018-05-15 01:25,2062
2018-05-15 01:30,2056
2018-05-15 01:35,2053
2018-05-15 01:40,2057
2018-05-15 01:45,2048
2018-05-15 01:50,2058
2018-05-15 01:55,2059
2018-05-15 02:00,2049
2018-05-15 02:05,2047
2018-05-15 02:10,2052
2018-05-15 02:15,2055
2018-05-15 02:20,2024
2018-05-15 02:25,2028
2018-05-15 02:30,2014
2018-05-15 02:35,1985
2018-05-15 02:40,1951
2018-05-15 02:45,1928
2018-05-15 02:50,1894
2018-05-15 02:55,1864
2018-05-15 03:00,1850
2018-05-15 03:05,1825
2018-05-15 03:10,1833
2018-05-15 03:15,1808
2018-05-15 03:20,1780
2018-05-15 03:25,1766
2018-05-15 03:30,1763
2018-05-15 03:35,1752
2018-05-15 03:40,1740
2018-05-15 03:45,1738
2018-05-15 03:50,1709
2018-05-15 03:55,1719
2018-05-15 04:00,1697
2018-05-15 04:05,1663
2018-05-15 04:10,1631
2018-05-15 04:15,1634
2018-05-15 04:20,1622
2018-05-15 04:25,1618
2018-05-15 04:30,1626
2018-05-15 04:35,1604
2018-05-15 04:40,1599
2018-05-15 04:45,1595
2018-05-15 04:50,1583
2018-05-15 04:55,1561
2018-05-15 05:00,1542
2018-05-15 05:05,1516
2018-05-15 05:10,1520
2018-05-15 05:15,1518
2018-05-15 05:20,1512
2018-05-15 05:25,1529
2018-05-15 05:30,1496
2018-05-15 05:35,1484
2018-05-15 05:40,1467
2018-05-15 05:45,1454
2018-05-15 05:50,1435
2018-05-15 05:55,1417
2018-05-15 06:00,1420
2018-05-15 06:05,1405
2018-05-15 06:10,1406
2018-05-15 06:15,1394
2018-05-15 06:20,1394
2018-05-15 06:25,1381
2018-05-15 06:30,1385
2018-05-15 06:35,1391
2018-05-15 06:40,1383
2018-05-15 06:45,1392
2018-05-15 06:50,1396
2018-05-15 06:55,1375
2018-05-15 07:00,1386
2018-05-15 07:05,1375
2018-05-15 07:10,1384
2018-05-15 07:15,1404
2018-05-15 07:20,1403
2018-05-15 07:25,1426
2018-05-15 07:30,1421
2018-05-15 07:35,1449
2018-05-15 07:40,1448
2018-05-15 07:45,1449
2018-05-15 07:50,1472
2018-05-15 07:55,1494
2018-05-15 08:00,1498
2018-05-15 08:05,1513
2018-05-15 08:10,1509
2018-05-15 08:15,1535
2018-05-15 08:20,1526
2018-05-15 08:25,1531
2018-05-15 08:30,1536
2018-05-15 08:35,1544
2018-05-15 08:40,1565
2018-05-15 08:45,1565
2018-05-15 08:50,1564
2018-05-15 08:55,1589
2018-05-15 09:00,1578
2018-05-15 09:05,1587
2018-05-15 09:10,1595
2018-05-15 09:15,1584
2018-05-15 09:20,1607
2018-05-15 09:25,1616
2018-05-15 09:30,1631
2018-05-15 09:35,1651
2018-05-15 09:40,1657
2018-05-15 09:45,1666
2018-05-15 09:50,1681
2018-05-15 09:55,1685
2018-05-15 10:00,1698
2018-05-15 10:05,1729
2018-05-15 10:10,1720
2018-05-15 10:15,1724
2018-05-15 10:20,1753
2018-05-15 10:25,1749
2018-05-15 10:30,1772
2018-05-15 10:35,1801
2018-05-15 10:40,1823
2018-05-15 10:45,1842
2018-05-15 10:50,1865
2018-05-15 10:55,1892
2018-05-15 11:00,1884
2018-05-15 11:05,1893
2018-05-15 11:10,1921
2018-05-15 11:15,1932
2018-05-15 11:20,1961
2018-05-15 11:25,1963
2018-05-15 11:30,1983
2018-05-15 11:35,2016
2018-05-15 11:40,2024
2018-05-15 11:45,2029
2018-05-15 11:50,2048
2018-05-15 11:55,2047
2018-05-15 12:00,2061
2018-05-15 12:05,2060
2018-05-15 12:10,2078
2018-05-15 12:15,2100
2018-05-15 12:20,2112
2018-05-15 12:25,2107
2018-05-15 12:30,2106
2018-05-15 12:35,2122
2018-05-15 12:40,2154
2018-05-15 12:45,2173
2018-05-15 12:50,2204
2018-05-15 12:55,2195
2018-05-15 13:00,2209
2018-05-15 13:05,2214
2018-05-15 13:10,2239
2018-05-15 13:15,2280
2018-05-15 13:20,2331
2018-05-15 13:25,2320
2018-05-15 13:30,2333
2018-05-15 13:35,2358
2018-05-15 13:40,2355
2018-05-15 13:45,2373
2018-05-15 13:50,2370
2018-05-15 13:55,2384
2018-05-15 14:00,2393
2018-05-15 14:05,2394
2018-05-15 14:10,2408
2018-05-15 14:15,2414
2018-05-15 14:20,2425
2018-05-15 14:25,2454
2018-05-15 14:30,2470
2018-05-15 14:35,2463
2018-05-15 14:40,2491
2018-05-15 14:45,2542
2018-05-15 14:50,2564
2018-05-15 14:55,2616
2018-05-15 15:00,2613
2018-05-15 15:05,2646
2018-05-15 15:10,2658
2018-05-15 15:15,2671
2018-05-15 15:20,2672
2018-05-15 15:25,2691
2018-05-15 15:30,2742
2018-05-15 15:35,2763
2018-05-15 15:40,2802
2018-05-15 15:45,2833
2018-05-15 15:50,2857
2018-05-15 15:55,2870
2018-05-15 16:00,2899
2018-05-15 16:05,2927
2018-05-15 16:10,2959
2018-05-15 16:15,2988
2018-05-15 16:20,3030
2018-05-15 16:25,3030
2018-05-15 16:30,3040
2018-05-15 16:35,3058
2018-05-15 16:40,3066
2018-05-15 16:45,3080
2018-05-15 16:50,3102
2018-05-15 16:55,3113
2018-05-15 17:00,3121
2018-05-15 17:05,3088
2018-05-15 17:10,3080
2018-05-15 17:15,3086
2018-05-15 17:20,3109
2018-05-15 17:25,3108
2018-05-15 17:30,3149
2018-05-15 17:35,3159
2018-05-15 17:40,3157
2018-05-15 17:45,3162
2018-05-15 17:50,3188
2018-05-15 17:55,3178
2018-05-15 18:00,3202
2018-05-15 18:05,3205
2018-05-15 18:10,3190
2018-05-15 18:15,3192
2018-05-15 18:20,3209
2018-05-15 18:25,3188
2018-05-15 18:30,3211
2018-05-15 18:35,3190
2018-05-15 18:40,3206
2018-05-15 18:45,3199
2018-05-15 18:50,3192
2018-05-15 18:55,3158
2018-05-15 19:00,3154
2018-05-15 19:05,3178
2018-05-15 19:10,3174
2018-05-15 19:15,3172
2018-05-15 19:20,3170
2018-05-15 19:25,3170
2018-05-15 19:30,3155
2018-05-15 19:35,3167
2018-05-15 19:40,3150
2018-05-15 19:45,3164
2018-05-15 19:50,3161
2018-05-15 19:55,3143
2018-05-15 20:00,3136
2018-05-15 20:05,3102
2018-05-15 20:10,3053
2018-05-15 20:15,3041
2018-05-15 20:20,3000
2018-05-15 20:25,3010
2018-05-15 20:30,2976
2018-05-15 20:35,2985
2018-05-15 20:40,2932
2018-05-15 20:45,2913
2018-05-15 20:50,2866
2018-05-15 20:55,2809
2018-05-15 21:00,2799
2018-05-15 21:05,2767
2018-05-15 21:10,2744
2018-05-15 21:15,2718
2018-05-15 21:20,2695
2018-05-15 21:25,2682
2018-05-15 21:30,2624
2018-05-15 21:35,2591
2018-05-15 21:40,2556
2018-05-15 21:45,2527
2018-05-15 21:50,2494
2018-05-15 21:55,2446
2018-05-15 22:00,2387
2018-05-15 22:05,2392
2018-05-15 22:10,2367
2018-05-15 22:15,2358
2018-05-15 22:20,2340
2018-05-15 22:25,2324
2018-05-15 22:30,2311
2018-05-15 22:35,2315
2018-05-15 22:40,2306
2018-05-15 22:45,2309
2018-05-15 22:50,2290
2018-05-15 22:55,2268
2018-05-15 23:00,2275
2018-05-15 23:05,2253
2018-05-15 23:10,2231
2018-05-15 23:15,2222
2018-05-15 23:20,2229
2018-05-15 23:25,0
2018-05-15 23:30,2044
2018-05-15 23:35,2133
2018-05-15 23:40,2151
2018-05-15 23:45,2136
2018-05-15 23:50,2117
2018-05-15 23:55,2098
2018-05-16 00:00,2110
2018-05-16 00:05,2111
2018-05-16 00:10,2122
2018-05-16 00:15,2109
2018-05-16 00:20,2131
2018-05-16 00:25,2139
2018-05-16 00:30,2132
2018-05-16 00:35,2120
2018-05-16 00:40,2098
2018-05-16 00:45,2112
2018-05-16 00:50,2118
2018-05-16 00:55,2107
2018-05-16 01:00,2110
2018-05-16 01:05,2110
2018-05-16 01:10,2104
2018-05-16 01:15,2114
2018-05-16 01:20,2107
2018-05-16 01:25,2084
2018-05-16 01:30,2057
2018-05-16 01:35,2059
2018-05-16 01:40,2050
2018-05-16 01:45,2060
2018-05-16 01:50,2075
2018-05-16 01:55,2064
2018-05-16 02:00,2072
2018-05-16 02:05,2001
2018-05-16 02:10,2018
2018-05-16 02:15,2007
2018-05-16 02:20,1992
2018-05-16 02:25,1993
2018-05-16 02:30,1993
2018-05-16 02:35,1961
2018-05-16 02:40,1962
2018-05-16 02:45,1950
2018-05-16 02:50,1932
2018-05-16 02:55,1902
2018-05-16 03:00,1874
2018-05-16 03:05,1869
2018-05-16 03:10,1828
2018-05-16 03:15,1828
2018-05-16 03:20,1818
2018-05-16 03:25,1788
2018-05-16 03:30,1743
2018-05-16 03:35,1718
2018-05-16 03:40,1713
2018-05-16 03:45,1714
2018-05-16 03:50,1709
2018-05-16 03:55,1697
2018-05-16 04:00,1676
2018-05-16 04:05,1669
2018-05-16 04:10,1656
2018-05-16 04:15,1652
2018-05-16 04:20,1618
2018-05-16 04:25,1596
2018-05-16 04:30,1572
2018-05-16 04:35,1573
2018-05-16 04:40,1573
2018-05-16 04:45,1566
2018-05-16 04:50,1563
2018-05-16 04:55,1557
2018-05-16 05:00,1535
2018-05-16 05:05,1511
2018-05-16 05:10,1506
2018-05-16 05:15,1484
2018-05-16 05:20,1487
2018-05-16 05:25,1492
2018-05-16 05:30,1484
2018-05-16 05:35,1454
2018-05-16 05:40,1450
2018-05-16 05:45,1447
2018-05-16 05:50,1434
2018-05-16 05:55,1424
2018-05-16 06:00,1433
2018-05-16 06:05,1405
2018-05-16 06:10,1410
2018-05-16 06:15,1402
2018-05-16 06:20,1397
2018-05-16 06:25,1376
2018-05-16 06:30,1379
2018-05-16 06:35,1388
2018-05-16 06:40,1387
2018-05-16 06:45,1379
2018-05-16 06:50,1380
2018-05-16 06:55,1375
2018-05-16 07:00,1376
2018-05-16 07:05,1349
2018-05-16 07:10,1342
2018-05-16 07:15,1338
2018-05-16 07:20,1349
2018-05-16 07:25,1343
2018-05-16 07:30,1347
2018-05-16 07:35,1364
2018-05-16 07:40,1368
2018-05-16 07:45,1358
2018-05-16 07:50,1376
2018-05-16 07:55,1390
2018-05-16 08:00,1408
2018-05-16 08:05,1408
2018-05-16 08:10,1411
2018-05-16 08:15,1418
2018-05-16 08:20,1449
2018-05-16 08:25,1468
2018-05-16 08:30,1487
2018-05-16 08:35,1489
2018-05-16 08:40,1507
2018-05-16 08:45,1522
2018-05-16 08:50,1526
2018-05-16 08:55,1530
2018-05-16 09:00,1533
2018-05-16 09:05,1537
2018-05-16 09:10,1538
2018-05-16 09:15,1544
2018-05-16 09:20,1542
2018-05-16 09:25,1545
2018-05-16 09:30,1568
2018-05-16 09:35,1586
2018-05-16 09:40,1594
2018-05-16 09:45,1611
2018-05-16 09:50,1629
2018-05-16 09:55,1651
2018-05-16 10:00,1658
2018-05-16 10:05,1670
2018-05-16 10:10,1700
2018-05-16 10:15,1699
2018-05-16 10:20,1717
2018-05-16 10:25,1731
2018-05-16 10:30,1756
2018-05-16 10:35,1780
2018-05-16 10:40,1784
2018-05-16 10:45,1781
2018-05-16 10:50,1814
2018-05-16 10:55,1808
2018-05-16 11:00,1803
2018-05-16 11:05,1804
2018-05-16 11:10,1801
2018-05-16 11:15,1816
2018-05-16 11:20,1836
2018-05-16 11:25,1855
2018-05-16 11:30,1883
2018-05-16 11:35,1908
2018-05-16 11:40,1909
2018-05-16 11:45,1937
2018-05-16 11:50,1949
2018-05-16 11:55,1971
2018-05-16 12:00,1999
2018-05-16 12:05,2014
2018-05-16 12:10,2028
2018-05-16 12:15,2036
2018-05-16 12:20,2040
2018-05-16 12:25,2083
2018-05-16 12:30,2110
2018-05-16 12:35,2126
2018-05-16 12:40,2119
2018-05-16 12:45,2134
2018-05-16 12:50,2133
2018-05-16 12:55,2143
2018-05-16 13:00,2166
2018-05-16 13:05,2181
2018-05-16 13:10,2202
2018-05-16 13:15,2216
2018-05-16 13:20,2214
2018-05-16 13:25,2230
2018-05-16 13:30,2253
2018-05-16 13:35,2235
2018-05-16 13:40,2240
2018-05-16 13:45,2243
2018-05-16 13:50,2286
2018-05-16 13:55,2306
2018-05-16 14:00,2316
2018-05-16 14:05,2330
2018-05-16 14:10,2333
2018-05-16 14:15,2349
2018-05-16 14:20,2387
2018-05-16 14:25,2423
2018-05-16 14:30,2446
2018-05-16 14:35,2473
2018-05-16 14:40,2487
2018-05-16 14:45,2504
2018-05-16 14:50,2506
2018-05-16 14:55,2545
2018-05-16 15:00,2563
2018-05-16 15:05,2605
2018-05-16 15:10,2637
2018-05-16 15:15,2656
2018-05-16 15:20,2690
2018-05-16 15:25,2703
2018-05-16 15:30,2722
2018-05-16 15:35,2752
2018-05-16 15:40,2732
2018-05-16 15:45,2763
2018-05-16 15:50,2765
2018-05-16 15:55,2794
2018-05-16 16:00,2829
2018-05-16 16:05,2824
2018-05-16 16:10,2830
2018-05-16 16:15,2857
2018-05-16 16:20,2893
2018-05-16 16:25,2901
2018-05-16 16:30,2916
2018-05-16 16:35,2928
2018-05-16 16:40,2952
2018-05-16 16:45,2990
2018-05-16 16:50,2988
2018-05-16 16:55,3014
2018-05-16 17:00,3034
2018-05-16 17:05,3033
2018-05-16 17:10,3057
2018-05-16 17:15,3078
2018-05-16 17:20,3068
2018-05-16 17:25,3086
2018-05-16 17:30,3098
2018-05-16 17:35,3092
2018-05-16 17:40,3098
2018-05-16 17:45,3122
2018-05-16 17:50,3117
2018-05-16 17:55,3133
2018-05-16 18:00,3147
2018-05-16 18:05,3161
2018-05-16 18:10,3182
2018-05-16 18:15,3196
2018-05-16 18:20,3188
2018-05-16 18:25,3142
2018-05-16 18:30,3134
2018-05-16 18:35,3146
2018-05-16 18:40,3141
2018-05-16 18:45,3120
2018-05-16 18:50,3133
2018-05-16 18:55,3123
2018-05-16 19:00,3116
2018-05-16 19:05,3121
2018-05-16 19:10,3129
2018-05-16 19:15,3140
2018-05-16 19:20,3136
2018-05-16 19:25,3127
2018-05-16 19:30,3128
2018-05-16 19:35,3100
2018-05-16 19:40,3084
2018-05-16 19:45,3073
2018-05-16 19:50,3049
2018-05-16 19:55,3058
2018-05-16 20:00,3036
2018-05-16 20:05,3024
2018-05-16 20:10,3004
2018-05-16 20:15,2980
2018-05-16 20:20,2950
2018-05-16 20:25,2955
2018-05-16 20:30,2924
2018-05-16 20:35,2941
2018-05-16 20:40,2912
2018-05-16 20:45,2876
2018-05-16 20:50,2849
2018-05-16 20:55,2802
2018-05-16 21:00,2777
2018-05-16 21:05,2777
2018-05-16 21:10,2737
2018-05-16 21:15,2729
2018-05-16 21:20,2690
2018-05-16 21:25,2696
2018-05-16 21:30,2682
2018-05-16 21:35,2646
2018-05-16 21:40,2614
2018-05-16 21:45,2621
2018-05-16 21:50,2617
2018-05-16 21:55,2597
2018-05-16 22:00,2568
2018-05-16 22:05,2534
2018-05-16 22:10,2499
2018-05-16 22:15,2467
2018-05-16 22:20,2461
2018-05-16 22:25,2442
2018-05-16 22:30,2386
2018-05-16 22:35,2364
2018-05-16 22:40,2335
2018-05-16 22:45,2325
2018-05-16 22:50,2305
2018-05-16 22:55,2311
2018-05-16 23:00,2297
2018-05-16 23:05,2286
2018-05-16 23:10,2269
2018-05-16 23:15,2235
2018-05-16 23:20,2223
2018-05-16 23:25,2184
2018-05-16 23:30,2188
2018-05-16 23:35,2194
2018-05-16 23:40,2161
2018-05-16 23:45,2140
2018-05-16 23:50,2125
2018-05-16 23:55,2131
2018-05-17 00:00,2118
2018-05-17 00:05,2120
2018-05-17 00:10,2128
2018-05-17 00:15,2096
2018-05-17 00:20,2097
2018-05-17 00:25,2087
2018-05-17 00:30,2088
2018-05-17 00:35,2081
2018-05-17 00:40,2075
2018-05-17 00:45,2048
2018-05-17 00:50,2075
2018-05-17 00:55,2058
2018-05-17 01:00,2040
2018-05-17 01:05,2047
2018-05-17 01:10,2049
2018-05-17 01:15,2040
2018-05-17 01:20,2041
2018-05-17 01:25,2039
2018-05-17 01:30,2047
2018-05-17 01:35,2072
2018-05-17 01:40,2068
2018-05-17 01:45,2031
2018-05-17 01:50,2027
2018-05-17 01:55,1999
2018-05-17 02:00,1996
2018-05-17 02:05,1955
2018-05-17 02:10,1926
2018-05-17 02:15,1904
2018-05-17 02:20,1896
2018-05-17 02:25,1871
2018-05-17 02:30,1876
2018-05-17 02:35,1859
2018-05-17 02:40,1846
2018-05-17 02:45,1841
2018-05-17 02:50,1816
2018-05-17 02:55,1799
2018-05-17 03:00,1802
2018-05-17 03:05,1774
2018-05-17 03:10,1774
2018-05-17 03:15,1789
2018-05-17 03:20,1778
2018-05-17 03:25,1771
2018-05-17 03:30,1746
2018-05-17 03:35,1751
2018-05-17 03:40,1733
2018-05-17 03:45,1714
2018-05-17 03:50,1717
2018-05-17 03:55,1695
2018-05-17 04:00,1705
2018-05-17 04:05,1693
2018-05-17 04:10,1700
2018-05-17 04:15,1694
2018-05-17 04:20,1688
2018-05-17 04:25,1677
2018-05-17 04:30,1659
2018-05-17 04:35,1660
2018-05-17 04:40,1632
2018-05-17 04:45,1606
2018-05-17 04:50,1600
2018-05-17 04:55,1574
2018-05-17 05:00,1558
2018-05-17 05:05,1572
2018-05-17 05:10,1546
2018-05-17 05:15,1542
2018-05-17 05:20,1537
2018-05-17 05:25,1528
2018-05-17 05:30,1517
2018-05-17 05:35,1503
2018-05-17 05:40,1509
2018-05-17 05:45,1499
2018-05-17 05:50,1488
2018-05-17 05:55,1477
2018-05-17 06:00,1471
2018-05-17 06:05,1477
2018-05-17 06:10,1475
2018-05-17 06:15,1450
2018-05-17 06:20,1452
2018-05-17 06:25,1454
2018-05-17 06:30,1446
2018-05-17 06:35,1423
2018-05-17 06:40,1416
2018-05-17 06:45,0
2018-05-17 06:50,1421
2018-05-17 06:55,1416
2018-05-17 07:00,1428
2018-05-17 07:05,1434
2018-05-17 07:10,1420
2018-05-17 07:15,1397
2018-05-17 07:20,1391
2018-05-17 07:25,1384
2018-05-17 07:30,1394
2018-05-17 07:35,1403
2018-05-17 07:40,1431
2018-05-17 07:45,1450
2018-05-17 07:50,1453
2018-05-17 07:55,1464
2018-05-17 08:00,1466
2018-05-17 08:05,1465
2018-05-17 08:10,1467
2018-05-17 08:15,1486
2018-05-17 08:20,1472
2018-05-17 08:25,1482
2018-05-17 08:30,1494
2018-05-17 08:35,1489
2018-05-17 08:40,1480
2018-05-17 08:45,1486
2018-05-17 08:50,1490
2018-05-17 08:55,1496
2018-05-17 09:00,1510
2018-05-17 09:05,1508
2018-05-17 09:10,1512
2018-05-17 09:15,1524
2018-05-17 09:20,1540
2018-05-17 09:25,1545
2018-05-17 09:30,1550
2018-05-17 09:35,1552
2018-05-17 09:40,1557
2018-05-17 09:45,1571
2018-05-17 09:50,1575
2018-05-17 09:55,1620
2018-05-17 10:00,1638
2018-05-17 10:05,1627
2018-05-17 10:10,1661
2018-05-17 10:15,1699
2018-05-17 10:20,1716
2018-05-17 10:25,1731
2018-05-17 10:30,1743
2018-05-17 10:35,1749
2018-05-17 10:40,1775
2018-05-17 10:45,1771
2018-05-17 10:50,1788
2018-05-17 10:55,1809
2018-05-17 11:00,1800
2018-05-17 11:05,1816
2018-05-17 11:10,1826
2018-05-17 11:15,1857
2018-05-17 11:20,1867
2018-05-17 11:25,1863
2018-05-17 11:30,1862
2018-05-17 11:35,1870
2018-05-17 11:40,1905
2018-05-17 11:45,1886
2018-05-17 11:50,1890
2018-05-17 11:55,1907
2018-05-17 12:00,1928
2018-05-17 12:05,1914
2018-05-17 12:10,1964
2018-05-17 12:15,1984
2018-05-17 12:20,1976
2018-05-17 12:25,1989
2018-05-17 12:30,2008
2018-05-17 12:35,2007
2018-05-17 12:40,1994
2018-05-17 12:45,1996
2018-05-17 12:50,2016
2018-05-17 12:55,2011
2018-05-17 13:00,2025
2018-05-17 13:05,2047
2018-05-17 13:10,2073
2018-05-17 13:15,2092
2018-05-17 13:20,2120
2018-05-17 13:25,2149
2018-05-17 13:30,2144
2018-05-17 13:35,2158
2018-05-17 13:40,2180
2018-05-17 13:45,2132
2018-05-17 13:50,2127
2018-05-17 13:55,2089
2018-05-17 14:00,1929
2018-05-17 14:05,1673
2018-05-17 14:10,1283
2018-05-17 14:15,1272
2018-05-17 14:20,1301
2018-05-17 14:25,1315
2018-05-17 14:30,1343
2018-05-17 14:35,1337
2018-05-17 14:40,1365
2018-05-17 14:45,1374
2018-05-17 14:50,1402
2018-05-17 14:55,1402
2018-05-17 15:00,1422
2018-05-17 15:05,1411
2018-05-17 15:10,1436
2018-05-17 15:15,1435
2018-05-17 15:20,1486
2018-05-17 15:25,1606
2018-05-17 15:30,1730
2018-05-17 15:35,1870
2018-05-17 15:40,1995
2018-05-17 15:45,2127
2018-05-17 15:50,2220
2018-05-17 15:55,2329
2018-05-17 16:00,2417
2018-05-17 16:05,2511
2018-05-17 16:10,2640
2018-05-17 16:15,2726
2018-05-17 16:20,2771
2018-05-17 16:25,2815
2018-05-17 16:30,2897
2018-05-17 16:35,2947
2018-05-17 16:40,3004
2018-05-17 16:45,3035
2018-05-17 16:50,3104
2018-05-17 16:55,3145
2018-05-17 17:00,3164
2018-05-17 17:05,3210
2018-05-17 17:10,3198
2018-05-17 17:15,3222
2018-05-17 17:20,3235
2018-05-17 17:25,3235
2018-05-17 17:30,3227
2018-05-17 17:35,3232
2018-05-17 17:40,3243
2018-05-17 17:45,3228
2018-05-17 17:50,3241
2018-05-17 17:55,3259
2018-05-17 18:00,3249
2018-05-17 18:05,3218
2018-05-17 18:10,3258
2018-05-17 18:15,3290
2018-05-17 18:20,3297
2018-05-17 18:25,3309
2018-05-17 18:30,3323
2018-05-17 18:35,3311
2018-05-17 18:40,3310
2018-05-17 18:45,3298
2018-05-17 18:50,3330
2018-05-17 18:55,3335
2018-05-17 19:00,3349
2018-05-17 19:05,3375
2018-05-17 19:10,3373
2018-05-17 19:15,3376
2018-05-17 19:20,3361
2018-05-17 19:25,3342
2018-05-17 19:30,3357
2018-05-17 19:35,3347
2018-05-17 19:40,3353
2018-05-17 19:45,3337
2018-05-17 19:50,3311
2018-05-17 19:55,3276
2018-05-17 20:00,3259
2018-05-17 20:05,3216
2018-05-17 20:10,3212
2018-05-17 20:15,3225
2018-05-17 20:20,3218
2018-05-17 20:25,3212
2018-05-17 20:30,3184
2018-05-17 20:35,3171
2018-05-17 20:40,3127
2018-05-17 20:45,3101
2018-05-17 20:50,3059
2018-05-17 20:55,3049
2018-05-17 21:00,3014
2018-05-17 21:05,2979
2018-05-17 21:10,2962
2018-05-17 21:15,2933
2018-05-17 21:20,2910
2018-05-17 21:25,2906
2018-05-17 21:30,2876
2018-05-17 21:35,2850
2018-05-17 21:40,2834
2018-05-17 21:45,2816
2018-05-17 21:50,2779
2018-05-17 21:55,2745
2018-05-17 22:00,2710
2018-05-17 22:05,2638
2018-05-17 22:10,2623
2018-05-17 22:15,2586
2018-05-17 22:20,2566
2018-05-17 22:25,2540
2018-05-17 22:30,2501
2018-05-17 22:35,2488
2018-05-17 22:40,2475
2018-05-17 22:45,2443
2018-05-17 22:50,2427
2018-05-17 22:55,1527
2018-05-17 23:00,2388
2018-05-17 23:05,2409
2018-05-17 23:10,2388
2018-05-17 23:15,2334
2018-05-17 23:20,2308
2018-05-17 23:25,2302
2018-05-17 23:30,2277
2018-05-17 23:35,2271
2018-05-17 23:40,2266
2018-05-17 23:45,2249
2018-05-17 23:50,2233
2018-05-17 23:55,2245
2018-05-18 00:00,2229
2018-05-18 00:05,2183
2018-05-18 00:10,2131
2018-05-18 00:15,2131
2018-05-18 00:20,2122
2018-05-18 00:25,2122
2018-05-18 00:30,2148
2018-05-18 00:35,2147
2018-05-18 00:40,2148
2018-05-18 00:45,2125
2018-05-18 00:50,2111
2018-05-18 00:55,2103
2018-05-18 01:00,2090
2018-05-18 01:05,2073
2018-05-18 01:10,2057
2018-05-18 01:15,2060
2018-05-18 01:20,2058
2018-05-18 01:25,2068
2018-05-18 01:30,2044
2018-05-18 01:35,2055
2018-05-18 01:40,2069
2018-05-18 01:45,2050
2018-05-18 01:50,2042
2018-05-18 01:55,2048
2018-05-18 02:00,2049
2018-05-18 02:05,2003
2018-05-18 02:10,2020
2018-05-18 02:15,2024
2018-05-18 02:20,2012
2018-05-18 02:25,2022
2018-05-18 02:30,2007
2018-05-18 02:35,1996
2018-05-18 02:40,1953
2018-05-18 02:45,1963
2018-05-18 02:50,1935
2018-05-18 02:55,1922
2018-05-18 03:00,1911
2018-05-18 03:05,1887
2018-05-18 03:10,1874
2018-05-18 03:15,1878
2018-05-18 03:20,1870
2018-05-18 03:25,1858
2018-05-18 03:30,1834
2018-05-18 03:35,1806
2018-05-18 03:40,1786
2018-05-18 03:45,1793
2018-05-18 03:50,1756
2018-05-18 03:55,1709
2018-05-18 04:00,1720
2018-05-18 04:05,1678
2018-05-18 04:10,1671
2018-05-18 04:15,1645
2018-05-18 04:20,1640
2018-05-18 04:25,1638
2018-05-18 04:30,1609
2018-05-18 04:35,1604
2018-05-18 04:40,1599
2018-05-18 04:45,1593
2018-05-18 04:50,1581
2018-05-18 04:55,1564
2018-05-18 05:00,1549
2018-05-18 05:05,1546
2018-05-18 05:10,1532
2018-05-18 05:15,1530
2018-05-18 05:20,1509
2018-05-18 05:25,1509
2018-05-18 05:30,1492
2018-05-18 05:35,1482
2018-05-18 05:40,1480
2018-05-18 05:45,1483
2018-05-18 05:50,1465
2018-05-18 05:55,1461
2018-05-18 06:00,1459
2018-05-18 06:05,1448
2018-05-18 06:10,1471
2018-05-18 06:15,1465
2018-05-18 06:20,1442
2018-05-18 06:25,1429
2018-05-18 06:30,1420
2018-05-18 06:35,1412
2018-05-18 06:40,1405
2018-05-18 06:45,1425
2018-05-18 06:50,1433
2018-05-18 06:55,1446
2018-05-18 07:00,1443
2018-05-18 07:05,1445
2018-05-18 07:10,1444
2018-05-18 07:15,1434
2018-05-18 07:20,1446
2018-05-18 07:25,1443
2018-05-18 07:30,1431
2018-05-18 07:35,1416
2018-05-18 07:40,1415
2018-05-18 07:45,1420
2018-05-18 07:50,1419
2018-05-18 07:55,1412
2018-05-18 08:00,1423
2018-05-18 08:05,1399
2018-05-18 08:10,1412
2018-05-18 08:15,1431
2018-05-18 08:20,1466
2018-05-18 08:25,1494
2018-05-18 08:30,1495
2018-05-18 08:35,1512
2018-05-18 08:40,1523
2018-05-18 08:45,1538
2018-05-18 08:50,1559
2018-05-18 08:55,1564
2018-05-18 09:00,1563
2018-05-18 09:05,1572
2018-05-18 09:10,1580
2018-05-18 09:15,1575
2018-05-18 09:20,1584
2018-05-18 09:25,1599
2018-05-18 09:30,1610
2018-05-18 09:35,1614
2018-05-18 09:40,1624
2018-05-18 09:45,1622
2018-05-18 09:50,1628
2018-05-18 09:55,1658
2018-05-18 10:00,1675
2018-05-18 10:05,1675
2018-05-18 10:10,1725
2018-05-18 10:15,1787
2018-05-18 10:20,1800
2018-05-18 10:25,1812
2018-05-18 10:30,1830
2018-05-18 10:35,1854
2018-05-18 10:40,1879
2018-05-18 10:45,1910
2018-05-18 10:50,1923
2018-05-18 10:55,1942
2018-05-18 11:00,1952
2018-05-18 11:05,1950
2018-05-18 11:10,1956
2018-05-18 11:15,1980
2018-05-18 11:20,1994
2018-05-18 11:25,2016
2018-05-18 11:30,2032
2018-05-18 11:35,2038
2018-05-18 11:40,2068
2018-05-18 11:45,2086
2018-05-18 11:50,2091
2018-05-18 11:55,2113
2018-05-18 12:00,2125
2018-05-18 12:05,2095
2018-05-18 12:10,2115
2018-05-18 12:15,2139
2018-05-18 12:20,2138
2018-05-18 12:25,2160
2018-05-18 12:30,2164
2018-05-18 12:35,2159
2018-05-18 12:40,2182
2018-05-18 12:45,2210
2018-05-18 12:50,2234
2018-05-18 12:55,2267
2018-05-18 13:00,2269
2018-05-18 13:05,2305
2018-05-18 13:10,2339
2018-05-18 13:15,2361
2018-05-18 13:20,2391
2018-05-18 13:25,2420
2018-05-18 13:30,2461
2018-05-18 13:35,2455
2018-05-18 13:40,2438
2018-05-18 13:45,2452
2018-05-18 13:50,0
2018-05-18 13:55,2472
2018-05-18 14:00,2465
2018-05-18 14:05,2480
2018-05-18 14:10,0
2018-05-18 14:15,2489
2018-05-18 14:20,2461
2018-05-18 14:25,0
2018-05-18 14:30,2546
2018-05-18 14:35,2582
2018-05-18 14:40,2601
2018-05-18 14:45,2623
2018-05-18 14:50,2635
2018-05-18 14:55,2667
2018-05-18 15:00,2678
2018-05-18 15:05,2693
2018-05-18 15:10,2692
2018-05-18 15:15,2717
2018-05-18 15:20,2728
2018-05-18 15:25,2728
2018-05-18 15:30,2737
2018-05-18 15:35,2743
2018-05-18 15:40,2780
2018-05-18 15:45,2805
2018-05-18 15:50,2805
2018-05-18 15:55,2816
2018-05-18 16:00,2837
2018-05-18 16:05,2804
2018-05-18 16:10,2867
2018-05-18 16:15,2898
2018-05-18 16:20,2910
2018-05-18 16:25,2943
2018-05-18 16:30,2954
2018-05-18 16:35,2987
2018-05-18 16:40,3009
2018-05-18 16:45,3009
2018-05-18 16:50,3012
2018-05-18 16:55,3039
2018-05-18 17:00,3034
2018-05-18 17:05,3048
2018-05-18 17:10,3058
2018-05-18 17:15,3059
2018-05-18 17:20,3088
2018-05-18 17:25,3073
2018-05-18 17:30,3073
2018-05-18 17:35,3102
2018-05-18 17:40,3089
2018-05-18 17:45,3085
2018-05-18 17:50,3110
2018-05-18 17:55,3144
2018-05-18 18:00,3146
2018-05-18 18:05,3159
2018-05-18 18:10,3200
2018-05-18 18:15,3196
2018-05-18 18:20,3175
2018-05-18 18:25,3192
2018-05-18 18:30,3170
2018-05-18 18:35,3195
2018-05-18 18:40,3185
2018-05-18 18:45,3189
2018-05-18 18:50,3200
2018-05-18 18:55,3230
2018-05-18 19:00,3221
2018-05-18 19:05,3228
2018-05-18 19:10,3223
2018-05-18 19:15,3265
2018-05-18 19:20,3307
2018-05-18 19:25,3289
2018-05-18 19:30,3284
2018-05-18 19:35,3302
2018-05-18 19:40,3276
2018-05-18 19:45,3268
2018-05-18 19:50,3276
2018-05-18 19:55,3277
2018-05-18 20:00,3255
2018-05-18 20:05,3193
2018-05-18 20:10,3204
2018-05-18 20:15,3213
2018-05-18 20:20,3228
2018-05-18 20:25,3229
2018-05-18 20:30,3223
2018-05-18 20:35,3214
2018-05-18 20:40,3208
2018-05-18 20:45,3160
2018-05-18 20:50,3164
2018-05-18 20:55,3130
2018-05-18 21:00,3091
2018-05-18 21:05,3075
2018-05-18 21:10,3019
2018-05-18 21:15,3020
2018-05-18 21:20,2986
2018-05-18 21:25,2951
2018-05-18 21:30,2948
2018-05-18 21:35,2928
2018-05-18 21:40,2890
2018-05-18 21:45,2859
2018-05-18 21:50,2826
2018-05-18 21:55,2801
2018-05-18 22:00,2741
2018-05-18 22:05,2734
2018-05-18 22:10,2741
2018-05-18 22:15,2733
2018-05-18 22:20,2716
2018-05-18 22:25,2703
2018-05-18 22:30,2698
2018-05-18 22:35,2678
2018-05-18 22:40,2664
2018-05-18 22:45,2631
2018-05-18 22:50,2603
2018-05-18 22:55,2567
2018-05-18 23:00,2546
2018-05-18 23:05,2516
2018-05-18 23:10,2497
2018-05-18 23:15,2479
2018-05-18 23:20,2465
2018-05-18 23:25,2420
2018-05-18 23:30,2403
2018-05-18 23:35,2379
2018-05-18 23:40,2362
2018-05-18 23:45,2342
2018-05-18 23:50,2331
2018-05-18 23:55,2297
2018-05-19 00:00,2305
2018-05-19 00:05,2281
2018-05-19 00:10,2281
2018-05-19 00:15,2266
2018-05-19 00:20,2252
2018-05-19 00:25,2258
2018-05-19 00:30,2248
2018-05-19 00:35,2250
2018-05-19 00:40,2245
2018-05-19 00:45,2236
2018-05-19 00:50,2238
2018-05-19 00:55,2216
2018-05-19 01:00,2218
2018-05-19 01:05,2211
2018-05-19 01:10,2213
2018-05-19 01:15,2184
2018-05-19 01:20,2174
2018-05-19 01:25,2181
2018-05-19 01:30,2153
2018-05-19 01:35,2135
2018-05-19 01:40,2126
2018-05-19 01:45,2134
2018-05-19 01:50,2130
2018-05-19 01:55,2121
2018-05-19 02:00,2132
2018-05-19 02:05,2103
2018-05-19 02:10,2120
2018-05-19 02:15,2120
2018-05-19 02:20,2132
2018-05-19 02:25,2141
2018-05-19 02:30,2144
2018-05-19 02:35,2130
2018-05-19 02:40,2146
2018-05-19 02:45,2135
2018-05-19 02:50,2113
2018-05-19 02:55,2095
2018-05-19 03:00,2080
2018-05-19 03:05,2064
2018-05-19 03:10,2047
2018-05-19 03:15,2033
2018-05-19 03:20,2010
2018-05-19 03:25,2007
2018-05-19 03:30,2011
2018-05-19 03:35,2015
2018-05-19 03:40,1996
2018-05-19 03:45,1992
2018-05-19 03:50,1988
2018-05-19 03:55,1991
2018-05-19 04:00,1972
2018-05-19 04:05,1923
2018-05-19 04:10,1935
2018-05-19 04:15,1906
2018-05-19 04:20,1912
2018-05-19 04:25,1883
2018-05-19 04:30,1862
2018-05-19 04:35,1850
2018-05-19 04:40,1846
2018-05-19 04:45,1831
2018-05-19 04:50,1836
2018-05-19 04:55,1851
2018-05-19 05:00,1825
2018-05-19 05:05,1834
2018-05-19 05:10,1831
2018-05-19 05:15,1820
2018-05-19 05:20,1815
2018-05-19 05:25,1813
2018-05-19 05:30,1809
2018-05-19 05:35,1797
2018-05-19 05:40,1788
2018-05-19 05:45,1786
2018-05-19 05:50,1795
2018-05-19 05:55,1788
2018-05-19 06:00,1795
2018-05-19 06:05,1780
2018-05-19 06:10,1770
2018-05-19 06:15,1784
2018-05-19 06:20,1800
2018-05-19 06:25,1829
2018-05-19 06:30,1848
2018-05-19 06:35,1827
2018-05-19 06:40,1820
2018-05-19 06:45,1829
2018-05-19 06:50,1831
2018-05-19 06:55,1853
2018-05-19 07:00,1864
2018-05-19 07:05,1880
2018-05-19 07:10,1904
2018-05-19 07:15,1912
2018-05-19 07:20,1917
2018-05-19 07:25,1942
2018-05-19 07:30,1976
2018-05-19 07:35,1985
2018-05-19 07:40,1994
2018-05-19 07:45,1987
2018-05-19 07:50,1997
2018-05-19 07:55,2009
2018-05-19 08:00,2021
2018-05-19 08:05,2053
2018-05-19 08:10,2058
2018-05-19 08:15,2079
2018-05-19 08:20,2073
2018-05-19 08:25,2108
2018-05-19 08:30,2125
2018-05-19 08:35,2130
2018-05-19 08:40,2143
2018-05-19 08:45,2166
2018-05-19 08:50,2195
2018-05-19 08:55,2174
2018-05-19 09:00,2182
2018-05-19 09:05,2179
2018-05-19 09:10,2201
2018-05-19 09:15,2199
2018-05-19 09:20,2217
2018-05-19 09:25,2233
2018-05-19 09:30,2262
2018-05-19 09:35,2275
2018-05-19 09:40,2281
2018-05-19 09:45,2299
2018-05-19 09:50,2328
2018-05-19 09:55,2349
2018-05-19 10:00,2364
2018-05-19 10:05,2412
2018-05-19 10:10,2479
2018-05-19 10:15,2521
2018-05-19 10:20,2554
2018-05-19 10:25,2570
2018-05-19 10:30,2588
2018-05-19 10:35,2615
2018-05-19 10:40,2630
2018-05-19 10:45,2630
2018-05-19 10:50,2630
2018-05-19 10:55,2629
2018-05-19 11:00,2637
2018-05-19 11:05,2617
2018-05-19 11:10,2627
2018-05-19 11:15,2640
2018-05-19 11:20,2648
2018-05-19 11:25,2651
2018-05-19 11:30,2654
2018-05-19 11:35,2690
2018-05-19 11:40,2716
2018-05-19 11:45,2738
2018-05-19 11:50,2714
2018-05-19 11:55,2715
2018-05-19 12:00,2727
2018-05-19 12:05,2747
2018-05-19 12:10,2771
2018-05-19 12:15,2775
2018-05-19 12:20,2816
2018-05-19 12:25,2824
2018-05-19 12:30,2839
2018-05-19 12:35,2871
2018-05-19 12:40,2873
2018-05-19 12:45,2882
2018-05-19 12:50,2903
2018-05-19 12:55,2901
2018-05-19 13:00,2925
2018-05-19 13:05,2968
2018-05-19 13:10,2952
2018-05-19 13:15,2976
2018-05-19 13:20,2983
2018-05-19 13:25,3020
2018-05-19 13:30,3040
2018-05-19 13:35,3051
2018-05-19 13:40,3056
2018-05-19 13:45,3084
2018-05-19 13:50,3104
2018-05-19 13:55,3114
2018-05-19 14:00,3142
2018-05-19 14:05,3121
2018-05-19 14:10,3138
2018-05-19 14:15,3168
2018-05-19 14:20,3154
2018-05-19 14:25,3166
2018-05-19 14:30,3188
2018-05-19 14:35,3209
2018-05-19 14:40,3237
2018-05-19 14:45,3265
2018-05-19 14:50,3274
2018-05-19 14:55,3319
2018-05-19 15:00,3334
2018-05-19 15:05,3341
2018-05-19 15:10,3357
2018-05-19 15:15,3376
2018-05-19 15:20,3371
2018-05-19 15:25,3377
2018-05-19 15:30,3377
2018-05-19 15:35,3377
2018-05-19 15:40,0
2018-05-19 15:45,3402
2018-05-19 15:50,3405
2018-05-19 15:55,3401
2018-05-19 16:00,3432
2018-05-19 16:05,3423
2018-05-19 16:10,3442
2018-05-19 16:15,3458
2018-05-19 16:20,3472
2018-05-19 16:25,3455
2018-05-19 16:30,3440
2018-05-19 16:35,3475
2018-05-19 16:40,3464
2018-05-19 16:45,3486
2018-05-19 16:50,3509
2018-05-19 16:55,3533
2018-05-19 17:00,3519
2018-05-19 17:05,3530
2018-05-19 17:10,3520
2018-05-19 17:15,3545
2018-05-19 17:20,0
2018-05-19 17:25,3578
2018-05-19 17:30,3550
2018-05-19 17:35,3561
2018-05-19 17:40,3564
2018-05-19 17:45,3565
2018-05-19 17:50,3554
2018-05-19 17:55,3538
2018-05-19 18:00,3548
2018-05-19 18:05,3558
2018-05-19 18:10,3575
2018-05-19 18:15,3591
2018-05-19 18:20,3616
2018-05-19 18:25,3623
2018-05-19 18:30,3623
2018-05-19 18:35,3635
2018-05-19 18:40,3658
2018-05-19 18:45,3683
2018-05-19 18:50,3694
2018-05-19 18:55,3696
2018-05-19 19:00,3687
2018-05-19 19:05,3665
2018-05-19 19:10,3702
2018-05-19 19:15,3702
2018-05-19 19:20,3705
2018-05-19 19:25,3693
2018-05-19 19:30,3697
2018-05-19 19:35,3694
2018-05-19 19:40,3683
2018-05-19 19:45,3689
2018-05-19 19:50,3673
2018-05-19 19:55,3684
2018-05-19 20:00,3663
2018-05-19 20:05,3636
2018-05-19 20:10,3634
2018-05-19 20:15,3633
2018-05-19 20:20,3618
2018-05-19 20:25,3644
2018-05-19 20:30,3608
2018-05-19 20:35,3607
2018-05-19 20:40,3587
2018-05-19 20:45,3555
2018-05-19 20:50,3552
2018-05-19 20:55,3541
2018-05-19 21:00,3509
2018-05-19 21:05,3481
2018-05-19 21:10,3438
2018-05-19 21:15,3428
2018-05-19 21:20,3380
2018-05-19 21:25,3371
2018-05-19 21:30,3331
2018-05-19 21:35,3300
2018-05-19 21:40,3278
2018-05-19 21:45,3251
2018-05-19 21:50,3210
2018-05-19 21:55,3216
2018-05-19 22:00,3211
2018-05-19 22:05,3194
2018-05-19 22:10,3162
2018-05-19 22:15,3136
2018-05-19 22:20,3078
2018-05-19 22:25,3058
2018-05-19 22:30,3030
2018-05-19 22:35,3028
2018-05-19 22:40,3008
2018-05-19 22:45,2976
2018-05-19 22:50,2956
2018-05-19 22:55,2941
2018-05-19 23:00,2901
2018-05-19 23:05,2868
2018-05-19 23:10,2847
2018-05-19 23:15,2820
2018-05-19 23:20,2776
2018-05-19 23:25,2749
2018-05-19 23:30,2733
2018-05-19 23:35,2705
2018-05-19 23:40,2664
2018-05-19 23:45,2657
2018-05-19 23:50,2634
2018-05-19 23:55,2631
2018-05-20 00:00,2614
2018-05-20 00:05,2604
2018-05-20 00:10,2586
2018-05-20 00:15,2564
2018-05-20 00:20,2524
2018-05-20 00:25,2516
2018-05-20 00:30,2510
2018-05-20 00:35,2474
2018-05-20 00:40,2457
2018-05-20 00:45,2455
2018-05-20 00:50,2447
2018-05-20 00:55,2407
2018-05-20 01:00,2405
2018-05-20 01:05,2404
2018-05-20 01:10,2408
2018-05-20 01:15,2381
2018-05-20 01:20,2368
2018-05-20 01:25,2366
2018-05-20 01:30,2355
2018-05-20 01:35,2328
2018-05-20 01:40,2348
2018-05-20 01:45,2342
2018-05-20 01:50,2312
2018-05-20 01:55,2301
2018-05-20 02:00,2300
2018-05-20 02:05,2285
2018-05-20 02:10,2275
2018-05-20 02:15,2266
2018-05-20 02:20,2241
2018-05-20 02:25,2239
2018-05-20 02:30,2246
2018-05-20 02:35,2221
2018-05-20 02:40,2222
2018-05-20 02:45,2208
2018-05-20 02:50,2200
2018-05-20 02:55,2216
2018-05-20 03:00,2189
2018-05-20 03:05,2175
2018-05-20 03:10,2167
2018-05-20 03:15,2174
2018-05-20 03:20,2174
2018-05-20 03:25,2186
2018-05-20 03:30,2200
2018-05-20 03:35,2162
2018-05-20 03:40,2144
2018-05-20 03:45,2134
2018-05-20 03:50,2121
2018-05-20 03:55,2111
2018-05-20 04:00,2091
2018-05-20 04:05,2092
2018-05-20 04:10,2086
2018-05-20 04:15,2055
2018-05-20 04:20,2022
2018-05-20 04:25,1988
2018-05-20 04:30,1978
2018-05-20 04:35,1975
2018-05-20 04:40,1980
2018-05-20 04:45,1984
2018-05-20 04:50,1983
2018-05-20 04:55,1980
2018-05-20 05:00,1950
2018-05-20 05:05,1953
2018-05-20 05:10,1937
2018-05-20 05:15,1942
2018-05-20 05:20,1932
2018-05-20 05:25,1916
2018-05-20 05:30,1921
2018-05-20 05:35,1908
2018-05-20 05:40,1926
2018-05-20 05:45,1897
2018-05-20 05:50,1900
2018-05-20 05:55,1897
2018-05-20 06:00,1888
2018-05-20 06:05,1892
2018-05-20 06:10,1887
2018-05-20 06:15,1878
2018-05-20 06:20,1893
2018-05-20 06:25,1904
2018-05-20 06:30,1910
2018-05-20 06:35,1922
2018-05-20 06:40,1932
2018-05-20 06:45,1936
2018-05-20 06:50,1962
2018-05-20 06:55,1966
2018-05-20 07:00,1987
2018-05-20 07:05,1980
2018-05-20 07:10,2008
2018-05-20 07:15,2013
2018-05-20 07:20,2020
2018-05-20 07:25,2031
2018-05-20 07:30,2053
2018-05-20 07:35,2054
2018-05-20 07:40,2071
2018-05-20 07:45,2067
2018-05-20 07:50,2097
2018-05-20 07:55,2091
2018-05-20 08:00,2100
2018-05-20 08:05,2143
2018-05-20 08:10,2164
2018-05-20 08:15,2206
2018-05-20 08:20,2236
2018-05-20 08:25,2275
2018-05-20 08:30,2290
2018-05-20 08:35,2300
2018-05-20 08:40,2307
2018-05-20 08:45,2323
2018-05-20 08:50,2324
2018-05-20 08:55,2339
2018-05-20 09:00,2362
2018-05-20 09:05,2372
2018-05-20 09:10,2398
2018-05-20 09:15,2411
2018-05-20 09:20,2438
2018-05-20 09:25,2480
2018-05-20 09:30,2494
2018-05-20 09:35,2490
2018-05-20 09:40,2542
2018-05-20 09:45,2555
2018-05-20 09:50,2555
2018-05-20 09:55,2597
2018-05-20 10:00,2631
2018-05-20 10:05,2668
2018-05-20 10:10,2698
2018-05-20 10:15,2705
2018-05-20 10:20,2744
2018-05-20 10:25,2784
2018-05-20 10:30,2814
2018-05-20 10:35,2831
2018-05-20 10:40,2858
2018-05-20 10:45,2871
2018-05-20 10:50,2847
2018-05-20 10:55,2841
2018-05-20 11:00,2861
2018-05-20 11:05,2868
2018-05-20 11:10,2871
2018-05-20 11:15,2874
2018-05-20 11:20,2888
2018-05-20 11:25,2874
2018-05-20 11:30,2915
2018-05-20 11:35,2937
2018-05-20 11:40,2947
2018-05-20 11:45,2960
2018-05-20 11:50,2976
2018-05-20 11:55,3020
2018-05-20 12:00,3018
2018-05-20 12:05,3026
2018-05-20 12:10,3036
2018-05-20 12:15,3078
2018-05-20 12:20,3107
2018-05-20 12:25,3084
2018-05-20 12:30,3094
2018-05-20 12:35,3106
2018-05-20 12:40,3105
2018-05-20 12:45,3151
2018-05-20 12:50,3144
2018-05-20 12:55,3176
2018-05-20 13:00,3202
2018-05-20 13:05,3199
2018-05-20 13:10,3218
2018-05-20 13:15,3214
2018-05-20 13:20,3210
2018-05-20 13:25,3253
2018-05-20 13:30,3253
2018-05-20 13:35,3242
2018-05-20 13:40,3226
2018-05-20 13:45,3267
2018-05-20 13:50,3265
2018-05-20 13:55,3315
2018-05-20 14:00,3342
2018-05-20 14:05,3365
2018-05-20 14:10,3365
2018-05-20 14:15,3400
2018-05-20 14:20,3414
2018-05-20 14:25,3435
2018-05-20 14:30,3420
2018-05-20 14:35,3416
2018-05-20 14:40,3430
2018-05-20 14:45,3443
2018-05-20 14:50,3452
2018-05-20 14:55,3469
2018-05-20 15:00,3461
2018-05-20 15:05,3489
2018-05-20 15:10,3508
2018-05-20 15:15,3516
2018-05-20 15:20,3519
2018-05-20 15:25,3528
2018-05-20 15:30,3525
2018-05-20 15:35,3566
2018-05-20 15:40,3591
2018-05-20 15:45,3611
2018-05-20 15:50,3627
2018-05-20 15:55,3632
2018-05-20 16:00,3657
2018-05-20 16:05,3676
2018-05-20 16:10,3680
2018-05-20 16:15,3672
2018-05-20 16:20,3693
2018-05-20 16:25,3742
2018-05-20 16:30,3742
2018-05-20 16:35,3749
2018-05-20 16:40,3770
2018-05-20 16:45,3782
2018-05-20 16:50,3765
2018-05-20 16:55,3753
2018-05-20 17:00,3752
2018-05-20 17:05,3750
2018-05-20 17:10,3743
2018-05-20 17:15,3778
2018-05-20 17:20,3800
2018-05-20 17:25,3801
2018-05-20 17:30,3802
2018-05-20 17:35,3805
2018-05-20 17:40,3797
2018-05-20 17:45,3782
2018-05-20 17:50,3774
2018-05-20 17:55,3775
2018-05-20 18:00,3784
2018-05-20 18:05,3828
2018-05-20 18:10,3793
2018-05-20 18:15,3777
2018-05-20 18:20,3814
2018-05-20 18:25,3862
2018-05-20 18:30,3853
2018-05-20 18:35,3874
2018-05-20 18:40,3869
2018-05-20 18:45,3891
2018-05-20 18:50,3888
2018-05-20 18:55,3892
2018-05-20 19:00,3918
2018-05-20 19:05,3900
2018-05-20 19:10,3887
2018-05-20 19:15,3880
2018-05-20 19:20,3888
2018-05-20 19:25,3897
2018-05-20 19:30,3900
2018-05-20 19:35,3898
2018-05-20 19:40,3897
2018-05-20 19:45,3869
2018-05-20 19:50,3908
2018-05-20 19:55,3891
2018-05-20 20:00,3856
2018-05-20 20:05,3852
2018-05-20 20:10,3821
2018-05-20 20:15,3797
2018-05-20 20:20,3732
2018-05-20 20:25,3695
2018-05-20 20:30,3692
2018-05-20 20:35,3680
2018-05-20 20:40,3655
2018-05-20 20:45,3633
2018-05-20 20:50,3598
2018-05-20 20:55,3532
2018-05-20 21:00,3510
2018-05-20 21:05,3482
2018-05-20 21:10,3474
2018-05-20 21:15,3427
2018-05-20 21:20,3410
2018-05-20 21:25,3359
2018-05-20 21:30,3335
2018-05-20 21:35,3269
2018-05-20 21:40,3248
2018-05-20 21:45,3223
2018-05-20 21:50,3186
2018-05-20 21:55,3152
2018-05-20 22:00,3087
2018-05-20 22:05,3062
2018-05-20 22:10,3029
2018-05-20 22:15,2967
2018-05-20 22:20,2932
2018-05-20 22:25,2922
2018-05-20 22:30,2906
2018-05-20 22:35,2897
2018-05-20 22:40,2892
2018-05-20 22:45,2859
2018-05-20 22:50,2833
2018-05-20 22:55,2803
2018-05-20 23:00,2761
2018-05-20 23:05,2736
2018-05-20 23:10,2700
2018-05-20 23:15,2685
2018-05-20 23:20,2647
2018-05-20 23:25,0
2018-05-20 23:30,2598
2018-05-20 23:35,2561
2018-05-20 23:40,2544
2018-05-20 23:45,2525
2018-05-20 23:50,2495
2018-05-20 23:55,2476
2018-05-21 00:00,2456
2018-05-21 00:05,2416
2018-05-21 00:10,2394
2018-05-21 00:15,2410
2018-05-21 00:20,2394
2018-05-21 00:25,2389
2018-05-21 00:30,2367
2018-05-21 00:35,2376
2018-05-21 00:40,2375
2018-05-21 00:45,2374
2018-05-21 00:50,2359
2018-05-21 00:55,2344
2018-05-21 01:00,2330
2018-05-21 01:05,2316
2018-05-21 01:10,2309
2018-05-21 01:15,2281
2018-05-21 01:20,2280
2018-05-21 01:25,2277
2018-05-21 01:30,2268
2018-05-21 01:35,2249
2018-05-21 01:40,2208
2018-05-21 01:45,2197
2018-05-21 01:50,2190
2018-05-21 01:55,2180
2018-05-21 02:00,2171
2018-05-21 02:05,2150
2018-05-21 02:10,2129
2018-05-21 02:15,2129
2018-05-21 02:20,2123
2018-05-21 02:25,2123
2018-05-21 02:30,2107
2018-05-21 02:35,2092
2018-05-21 02:40,2086
2018-05-21 02:45,2100
2018-05-21 02:50,2081
2018-05-21 02:55,2055
2018-05-21 03:00,2046
2018-05-21 03:05,2025
2018-05-21 03:10,1992
2018-05-21 03:15,1983
2018-05-21 03:20,1933
2018-05-21 03:25,1910
2018-05-21 03:30,1906
2018-05-21 03:35,1895
2018-05-21 03:40,1875
2018-05-21 03:45,1860
2018-05-21 03:50,1838
2018-05-21 03:55,1805
2018-05-21 04:00,1782
2018-05-21 04:05,1738
2018-05-21 04:10,1720
2018-05-21 04:15,1726
2018-05-21 04:20,1713
2018-05-21 04:25,1690
2018-05-21 04:30,1674
2018-05-21 04:35,1676
2018-05-21 04:40,1692
2018-05-21 04:45,1663
2018-05-21 04:50,1660
2018-05-21 04:55,1659
2018-05-21 05:00,1654
2018-05-21 05:05,1653
2018-05-21 05:10,1647
2018-05-21 05:15,1630
2018-05-21 05:20,1631
2018-05-21 05:25,1626
2018-05-21 05:30,1620
2018-05-21 05:35,1597
2018-05-21 05:40,1584
2018-05-21 05:45,1587
2018-05-21 05:50,1571
2018-05-21 05:55,1557
2018-05-21 06:00,1569
2018-05-21 06:05,1561
2018-05-21 06:10,1558
2018-05-21 06:15,1565
2018-05-21 06:20,1555
2018-05-21 06:25,1565
2018-05-21 06:30,1566
2018-05-21 06:35,1576
2018-05-21 06:40,1578
2018-05-21 06:45,1574
2018-05-21 06:50,1584
2018-05-21 06:55,1584
2018-05-21 07:00,1597
2018-05-21 07:05,1601
2018-05-21 07:10,1613
2018-05-21 07:15,1619
2018-05-21 07:20,1611
2018-05-21 07:25,1620
2018-05-21 07:30,1609
2018-05-21 07:35,1627
2018-05-21 07:40,1643
2018-05-21 07:45,1649
2018-05-21 07:50,1684
2018-05-21 07:55,1698
2018-05-21 08:00,1688
2018-05-21 08:05,1712
2018-05-21 08:10,1716
2018-05-21 08:15,1733
2018-05-21 08:20,1718
2018-05-21 08:25,1718
2018-05-21 08:30,1752
2018-05-21 08:35,1789
2018-05-21 08:40,1800
2018-05-21 08:45,1817
2018-05-21 08:50,1823
2018-05-21 08:55,1821
2018-05-21 09:00,1834
2018-05-21 09:05,1835
2018-05-21 09:10,1869
2018-05-21 09:15,1900
2018-05-21 09:20,1904
2018-05-21 09:25,1913
2018-05-21 09:30,1943
2018-05-21 09:35,1950
2018-05-21 09:40,1956
2018-05-21 09:45,1977
2018-05-21 09:50,1995
2018-05-21 09:55,1997
2018-05-21 10:00,2037
2018-05-21 10:05,2091
2018-05-21 10:10,2098
2018-05-21 10:15,2137
2018-05-21 10:20,2152
2018-05-21 10:25,2172
2018-05-21 10:30,2184
2018-05-21 10:35,2188
2018-05-21 10:40,2234
2018-05-21 10:45,2267
2018-05-21 10:50,2279
2018-05-21 10:55,2299
2018-05-21 11:00,2316
2018-05-21 11:05,2310
2018-05-21 11:10,2334
2018-05-21 11:15,2342
2018-05-21 11:20,2354
2018-05-21 11:25,2354
2018-05-21 11:30,2360
2018-05-21 11:35,2385
2018-05-21 11:40,2401
2018-05-21 11:45,2453
2018-05-21 11:50,2453
2018-05-21 11:55,2491
2018-05-21 12:00,2523
2018-05-21 12:05,2523
2018-05-21 12:10,2527
2018-05-21 12:15,2502
2018-05-21 12:20,2514
2018-05-21 12:25,2525
2018-05-21 12:30,2536
2018-05-21 12:35,2560
2018-05-21 12:40,2579
2018-05-21 12:45,2589
2018-05-21 12:50,2622
2018-05-21 12:55,2641
2018-05-21 13:00,2628
2018-05-21 13:05,2660
2018-05-21 13:10,2694
2018-05-21 13:15,2723
2018-05-21 13:20,2752
2018-05-21 13:25,2776
2018-05-21 13:30,2778
2018-05-21 13:35,2793
2018-05-21 13:40,2812
2018-05-21 13:45,2828
2018-05-21 13:50,2830
2018-05-21 13:55,2831
2018-05-21 14:00,2856
2018-05-21 14:05,2895
2018-05-21 14:10,2900
2018-05-21 14:15,2928
2018-05-21 14:20,2922
2018-05-21 14:25,2917
2018-05-21 14:30,2932
2018-05-21 14:35,2941
2018-05-21 14:40,2967
2018-05-21 14:45,3008
2018-05-21 14:50,3020
2018-05-21 14:55,3052
2018-05-21 15:00,3081
2018-05-21 15:05,3062
2018-05-21 15:10,3083
2018-05-21 15:15,3100
2018-05-21 15:20,3126
2018-05-21 15:25,3117
2018-05-21 15:30,3123
2018-05-21 15:35,3142
2018-05-21 15:40,3131
2018-05-21 15:45,3130
2018-05-21 15:50,3155
2018-05-21 15:55,3182
2018-05-21 16:00,3181
2018-05-21 16:05,3160
2018-05-21 16:10,3164
2018-05-21 16:15,3162
2018-05-21 16:20,3183
2018-05-21 16:25,3184
2018-05-21 16:30,3227
2018-05-21 16:35,3236
2018-05-21 16:40,3272
2018-05-21 16:45,3274
2018-05-21 16:50,3282
2018-05-21 16:55,3321
2018-05-21 17:00,3333
2018-05-21 17:05,3331
2018-05-21 17:10,3371
2018-05-21 17:15,3421
2018-05-21 17:20,3422
2018-05-21 17:25,3440
2018-05-21 17:30,3427
2018-05-21 17:35,3439
2018-05-21 17:40,3433
2018-05-21 17:45,3441
2018-05-21 17:50,3448
2018-05-21 17:55,3468
2018-05-21 18:00,3482
2018-05-21 18:05,3455
2018-05-21 18:10,3483
2018-05-21 18:15,3453
2018-05-21 18:20,3473
2018-05-21 18:25,3470
2018-05-21 18:30,3467
2018-05-21 18:35,3490
2018-05-21 18:40,3514
2018-05-21 18:45,3518
2018-05-21 18:50,3565
2018-05-21 18:55,3594
2018-05-21 19:00,3593
2018-05-21 19:05,3584
2018-05-21 19:10,3561
2018-05-21 19:15,3545
2018-05-21 19:20,3565
2018-05-21 19:25,3554
2018-05-21 19:30,3560
2018-05-21 19:35,3561
2018-05-21 19:40,3548
2018-05-21 19:45,3539
2018-05-21 19:50,3519
2018-05-21 19:55,3487
2018-05-21 20:00,3466
2018-05-21 20:05,3435
2018-05-21 20:10,3439
2018-05-21 20:15,3407
2018-05-21 20:20,3368
2018-05-21 20:25,3328
2018-05-21 20:30,3330
2018-05-21 20:35,3296
2018-05-21 20:40,3256
2018-05-21 20:45,3237
2018-05-21 20:50,3216
2018-05-21 20:55,3181
2018-05-21 21:00,3142
2018-05-21 21:05,3101
2018-05-21 21:10,3062
2018-05-21 21:15,2991
2018-05-21 21:20,2940
2018-05-21 21:25,2909
2018-05-21 21:30,2896
2018-05-21 21:35,2864
2018-05-21 21:40,2846
2018-05-21 21:45,2831
2018-05-21 21:50,2791
2018-05-21 21:55,2773
2018-05-21 22:00,2722
2018-05-21 22:05,2675
2018-05-21 22:10,2681
2018-05-21 22:15,2644
2018-05-21 22:20,2632
2018-05-21 22:25,2598
2018-05-21 22:30,2575
2018-05-21 22:35,2562
2018-05-21 22:40,2563
2018-05-21 22:45,2547
2018-05-21 22:50,2525
2018-05-21 22:55,2486
2018-05-21 23:00,2465
2018-05-21 23:05,2440
2018-05-21 23:10,2413
2018-05-21 23:15,2392
2018-05-21 23:20,2368
2018-05-21 23:25,2391
2018-05-21 23:30,2374
2018-05-21 23:35,2371
2018-05-21 23:40,2372
2018-05-21 23:45,2351
2018-05-21 23:50,2347
2018-05-21 23:55,2314
2018-05-22 00:00,2302
2018-05-22 00:05,2280
2018-05-22 00:10,2278
2018-05-22 00:15,2296
2018-05-22 00:20,2285
2018-05-22 00:25,2295
2018-05-22 00:30,2290
2018-05-22 00:35,2288
2018-05-22 00:40,2291
2018-05-22 00:45,2271
2018-05-22 00:50,2269
2018-05-22 00:55,2258
2018-05-22 01:00,2251
2018-05-22 01:05,2254
2018-05-22 01:10,2237
2018-05-22 01:15,2242
2018-05-22 01:20,2224
2018-05-22 01:25,2214
2018-05-22 01:30,2201
2018-05-22 01:35,2213
2018-05-22 01:40,2204
2018-05-22 01:45,2197
2018-05-22 01:50,2202
2018-05-22 01:55,2189
2018-05-22 02:00,2154
2018-05-22 02:05,2122
2018-05-22 02:10,2132
2018-05-22 02:15,2130
2018-05-22 02:20,2130
2018-05-22 02:25,2101
2018-05-22 02:30,2086
2018-05-22 02:35,2083
2018-05-22 02:40,2056
2018-05-22 02:45,2047
2018-05-22 02:50,2023
2018-05-22 02:55,2002
2018-05-22 03:00,2012
2018-05-22 03:05,1973
2018-05-22 03:10,1931
2018-05-22 03:15,1925
2018-05-22 03:20,1918
2018-05-22 03:25,1903
2018-05-22 03:30,1905
2018-05-22 03:35,1873
2018-05-22 03:40,1846
2018-05-22 03:45,1828
2018-05-22 03:50,1802
2018-05-22 03:55,1774
2018-05-22 04:00,1754
2018-05-22 04:05,1695
2018-05-22 04:10,1719
2018-05-22 04:15,1709
2018-05-22 04:20,1696
2018-05-22 04:25,1673
2018-05-22 04:30,1660
2018-05-22 04:35,1636
2018-05-22 04:40,1614
2018-05-22 04:45,1600
2018-05-22 04:50,1600
2018-05-22 04:55,1584
2018-05-22 05:00,1585
2018-05-22 05:05,1578
2018-05-22 05:10,1569
2018-05-22 05:15,1552
2018-05-22 05:20,1542
2018-05-22 05:25,1550
2018-05-22 05:30,1550
2018-05-22 05:35,1540
2018-05-22 05:40,1543
2018-05-22 05:45,1523
2018-05-22 05:50,0
2018-05-22 05:55,1531
2018-05-22 06:00,1518
2018-05-22 06:05,1481
2018-05-22 06:10,1495
2018-05-22 06:15,1481
2018-05-22 06:20,1485
2018-05-22 06:25,1481
2018-05-22 06:30,1476
2018-05-22 06:35,1483
2018-05-22 06:40,1456
2018-05-22 06:45,1446
2018-05-22 06:50,1443
2018-05-22 06:55,1453
2018-05-22 07:00,1460
2018-05-22 07:05,1441
2018-05-22 07:10,1435
2018-05-22 07:15,1445
2018-05-22 07:20,1439
2018-05-22 07:25,1450
2018-05-22 07:30,1437
2018-05-22 07:35,1444
2018-05-22 07:40,1442
2018-05-22 07:45,1453
2018-05-22 07:50,1482
2018-05-22 07:55,1472
2018-05-22 08:00,1463
2018-05-22 08:05,1450
2018-05-22 08:10,1460
2018-05-22 08:15,1459
2018-05-22 08:20,1467
2018-05-22 08:25,1482
2018-05-22 08:30,1484
2018-05-22 08:35,1497
2018-05-22 08:40,1520
2018-05-22 08:45,1508
2018-05-22 08:50,1517
2018-05-22 08:55,1514
2018-05-22 09:00,1528
2018-05-22 09:05,1563
2018-05-22 09:10,1568
2018-05-22 09:15,1571
2018-05-22 09:20,1585
2018-05-22 09:25,1582
2018-05-22 09:30,1584
2018-05-22 09:35,1611
2018-05-22 09:40,1613
2018-05-22 09:45,1636
2018-05-22 09:50,1656
2018-05-22 09:55,1672
2018-05-22 10:00,1681
2018-05-22 10:05,1714
2018-05-22 10:10,1734
2018-05-22 10:15,1733
2018-05-22 10:20,1747
2018-05-22 10:25,1751
2018-05-22 10:30,1764
2018-05-22 10:35,1808
2018-05-22 10:40,1826
2018-05-22 10:45,1854
2018-05-22 10:50,1866
2018-05-22 10:55,1892
2018-05-22 11:00,1900
2018-05-22 11:05,1909
2018-05-22 11:10,1904
2018-05-22 11:15,1934
2018-05-22 11:20,1942
2018-05-22 11:25,1976
2018-05-22 11:30,1974
2018-05-22 11:35,1999
2018-05-22 11:40,1987
2018-05-22 11:45,2018
2018-05-22 11:50,2034
2018-05-22 11:55,2045
2018-05-22 12:00,2049
2018-05-22 12:05,2062
2018-05-22 12:10,2082
2018-05-22 12:15,2104
2018-05-22 12:20,2110
2018-05-22 12:25,2121
2018-05-22 12:30,2121
2018-05-22 12:35,2141
2018-05-22 12:40,2092
2018-05-22 12:45,2115
2018-05-22 12:50,2146
2018-05-22 12:55,2152
2018-05-22 13:00,2172
2018-05-22 13:05,2217
2018-05-22 13:10,2253
2018-05-22 13:15,2254
2018-05-22 13:20,2262
2018-05-22 13:25,2282
2018-05-22 13:30,2307
2018-05-22 13:35,2331
2018-05-22 13:40,2345
2018-05-22 13:45,2364
2018-05-22 13:50,2434
2018-05-22 13:55,2438
2018-05-22 14:00,2427
2018-05-22 14:05,2435
2018-05-22 14:10,2444
2018-05-22 14:15,2464
2018-05-22 14:20,2486
2018-05-22 14:25,2519
2018-05-22 14:30,2521
2018-05-22 14:35,2548
2018-05-22 14:40,2536
2018-05-22 14:45,2558
2018-05-22 14:50,2572
2018-05-22 14:55,2587
2018-05-22 15:00,2582
2018-05-22 15:05,2589
2018-05-22 15:10,2587
2018-05-22 15:15,2615
2018-05-22 15:20,2610
2018-05-22 15:25,2624
2018-05-22 15:30,2633
2018-05-22 15:35,2668
2018-05-22 15:40,2681
2018-05-22 15:45,2710
2018-05-22 15:50,2751
2018-05-22 15:55,2799
2018-05-22 16:00,2827
2018-05-22 16:05,2815
2018-05-22 16:10,2859
2018-05-22 16:15,2900
2018-05-22 16:20,2903
2018-05-22 16:25,2927
2018-05-22 16:30,2923
2018-05-22 16:35,2946
2018-05-22 16:40,2950
2018-05-22 16:45,2957
2018-05-22 16:50,2990
2018-05-22 16:55,2993
2018-05-22 17:00,3005
2018-05-22 17:05,3030
2018-05-22 17:10,3006
2018-05-22 17:15,3021
2018-05-22 17:20,3067
2018-05-22 17:25,3109
2018-05-22 17:30,3118
2018-05-22 17:35,3114
2018-05-22 17:40,3121
2018-05-22 17:45,3137
2018-05-22 17:50,3118
2018-05-22 17:55,3132
2018-05-22 18:00,3139
2018-05-22 18:05,3152
2018-05-22 18:10,3164
2018-05-22 18:15,3180
2018-05-22 18:20,3216
2018-05-22 18:25,3220
2018-05-22 18:30,3221
2018-05-22 18:35,3224
2018-05-22 18:40,3218
2018-05-22 18:45,3221
2018-05-22 18:50,3243
2018-05-22 18:55,3278
2018-05-22 19:00,3283
2018-05-22 19:05,3287
2018-05-22 19:10,3268
2018-05-22 19:15,3261
2018-05-22 19:20,3250
2018-05-22 19:25,3250
2018-05-22 19:30,3243
2018-05-22 19:35,3235
2018-05-22 19:40,3213
2018-05-22 19:45,3220
2018-05-22 19:50,3208
2018-05-22 19:55,3216
2018-05-22 20:00,3212
2018-05-22 20:05,3202
2018-05-22 20:10,3194
2018-05-22 20:15,3172
2018-05-22 20:20,3181
2018-05-22 20:25,3158
2018-05-22 20:30,3125
2018-05-22 20:35,3107
2018-05-22 20:40,3093
2018-05-22 20:45,3070
2018-05-22 20:50,3021
2018-05-22 20:55,2997
2018-05-22 21:00,2953
2018-05-22 21:05,2946
2018-05-22 21:10,2895
2018-05-22 21:15,2840
2018-05-22 21:20,2816
2018-05-22 21:25,2795
2018-05-22 21:30,2744
2018-05-22 21:35,2709
2018-05-22 21:40,2651
2018-05-22 21:45,2643
2018-05-22 21:50,2601
2018-05-22 21:55,2579
2018-05-22 22:00,2560
2018-05-22 22:05,2532
2018-05-22 22:10,2496
2018-05-22 22:15,2459
2018-05-22 22:20,2426
2018-05-22 22:25,2395
2018-05-22 22:30,2401
2018-05-22 22:35,2380
2018-05-22 22:40,2390
2018-05-22 22:45,2383
2018-05-22 22:50,2376
2018-05-22 22:55,2324
2018-05-22 23:00,2294
2018-05-22 23:05,2296
2018-05-22 23:10,2281
2018-05-22 23:15,0
2018-05-22 23:20,2026
2018-05-22 23:25,2201
2018-05-22 23:30,2237
2018-05-22 23:35,2208
2018-05-22 23:40,2200
2018-05-22 23:45,2205
2018-05-22 23:50,2182
2018-05-22 23:55,2187
2018-05-23 00:00,2149
2018-05-23 00:05,2150
2018-05-23 00:10,2194
2018-05-23 00:15,2168
2018-05-23 00:20,2169
2018-05-23 00:25,2147
2018-05-23 00:30,2146
2018-05-23 00:35,2135
2018-05-23 00:40,2134
2018-05-23 00:45,2135
2018-05-23 00:50,2145
2018-05-23 00:55,2137
2018-05-23 01:00,2116
2018-05-23 01:05,2098
2018-05-23 01:10,2116
2018-05-23 01:15,2104
2018-05-23 01:20,2094
2018-05-23 01:25,2052
2018-05-23 01:30,2052
2018-05-23 01:35,2061
2018-05-23 01:40,2070
2018-05-23 01:45,2063
2018-05-23 01:50,2058
2018-05-23 01:55,2058
2018-05-23 02:00,2061
2018-05-23 02:05,2058
2018-05-23 02:10,2035
2018-05-23 02:15,2009
2018-05-23 02:20,1977
2018-05-23 02:25,1953
2018-05-23 02:30,1945
2018-05-23 02:35,1940
2018-05-23 02:40,1910
2018-05-23 02:45,1894
2018-05-23 02:50,1888
2018-05-23 02:55,1874
2018-05-23 03:00,1868
2018-05-23 03:05,1865
2018-05-23 03:10,1833
2018-05-23 03:15,1827
2018-05-23 03:20,1793
2018-05-23 03:25,1776
2018-05-23 03:30,1779
2018-05-23 03:35,1755
2018-05-23 03:40,1728
2018-05-23 03:45,1717
2018-05-23 03:50,1704
2018-05-23 03:55,1682
2018-05-23 04:00,1663
2018-05-23 04:05,1655
2018-05-23 04:10,1646
2018-05-23 04:15,1616
2018-05-23 04:20,1594
2018-05-23 04:25,1587
2018-05-23 04:30,1566
2018-05-23 04:35,1553
2018-05-23 04:40,1546
2018-05-23 04:45,1553
2018-05-23 04:50,1532
2018-05-23 04:55,1519
2018-05-23 05:00,1495
2018-05-23 05:05,1484
2018-05-23 05:10,1473
2018-05-23 05:15,1463
2018-05-23 05:20,1468
2018-05-23 05:25,1462
2018-05-23 05:30,1441
2018-05-23 05:35,1434
2018-05-23 05:40,1425
2018-05-23 05:45,1430
2018-05-23 05:50,1427
2018-05-23 05:55,1427
2018-05-23 06:00,1430
2018-05-23 06:05,1429
2018-05-23 06:10,1416
2018-05-23 06:15,1418
2018-05-23 06:20,1406
2018-05-23 06:25,1406
2018-05-23 06:30,1399
2018-05-23 06:35,1403
2018-05-23 06:40,1407
2018-05-23 06:45,1399
2018-05-23 06:50,1394
2018-05-23 06:55,1393
2018-05-23 07:00,1395
2018-05-23 07:05,1375
2018-05-23 07:10,1374
2018-05-23 07:15,1385
2018-05-23 07:20,1386
2018-05-23 07:25,1389
2018-05-23 07:30,1395
2018-05-23 07:35,1378
2018-05-23 07:40,1374
2018-05-23 07:45,1384
2018-05-23 07:50,1379
2018-05-23 07:55,1404
2018-05-23 08:00,1427
2018-05-23 08:05,1441
2018-05-23 08:10,1467
2018-05-23 08:15,1467
2018-05-23 08:20,1484
2018-05-23 08:25,1502
2018-05-23 08:30,1507
2018-05-23 08:35,1525
2018-05-23 08:40,1524
2018-05-23 08:45,1527
2018-05-23 08:50,1532
2018-05-23 08:55,1553
2018-05-23 09:00,1558
2018-05-23 09:05,1577
2018-05-23 09:10,1585
2018-05-23 09:15,1596
2018-05-23 09:20,1582
2018-05-23 09:25,1601
2018-05-23 09:30,1624
2018-05-23 09:35,1619
2018-05-23 09:40,1632
2018-05-23 09:45,1634
2018-05-23 09:50,1635
2018-05-23 09:55,1669
2018-05-23 10:00,1709
2018-05-23 10:05,1722
2018-05-23 10:10,1762
2018-05-23 10:15,1759
2018-05-23 10:20,1784
2018-05-23 10:25,1797
2018-05-23 10:30,1792
2018-05-23 10:35,1805
2018-05-23 10:40,1803
2018-05-23 10:45,1850
2018-05-23 10:50,1849
2018-05-23 10:55,1848
2018-05-23 11:00,1861
2018-05-23 11:05,1866
2018-05-23 11:10,1889
2018-05-23 11:15,1928
2018-05-23 11:20,1939
2018-05-23 11:25,1943
2018-05-23 11:30,1953
2018-05-23 11:35,1984
2018-05-23 11:40,1989
2018-05-23 11:45,2014
2018-05-23 11:50,2030
2018-05-23 11:55,2032
2018-05-23 12:00,2044
2018-05-23 12:05,2054
2018-05-23 12:10,2061
2018-05-23 12:15,2074
2018-05-23 12:20,2094
2018-05-23 12:25,2122
2018-05-23 12:30,2170
2018-05-23 12:35,2198
2018-05-23 12:40,2202
2018-05-23 12:45,2200
2018-05-23 12:50,2224
2018-05-23 12:55,2224
2018-05-23 13:00,2235
2018-05-23 13:05,2239
2018-05-23 13:10,2241
2018-05-23 13:15,2231
2018-05-23 13:20,2256
2018-05-23 13:25,2279
2018-05-23 13:30,2274
2018-05-23 13:35,2305
2018-05-23 13:40,2328
2018-05-23 13:45,2351
2018-05-23 13:50,2358
2018-05-23 13:55,2359
2018-05-23 14:00,2359
2018-05-23 14:05,2383
2018-05-23 14:10,2403
2018-05-23 14:15,2414
2018-05-23 14:20,2430
2018-05-23 14:25,2462
2018-05-23 14:30,2463
2018-05-23 14:35,2486
2018-05-23 14:40,2493
2018-05-23 14:45,2524
2018-05-23 14:50,2536
2018-05-23 14:55,2548
2018-05-23 15:00,2578
2018-05-23 15:05,2605
2018-05-23 15:10,2609
2018-05-23 15:15,2650
2018-05-23 15:20,2672
2018-05-23 15:25,2693
2018-05-23 15:30,2704
2018-05-23 15:35,2701
2018-05-23 15:40,2706
2018-05-23 15:45,2727
2018-05-23 15:50,2743
2018-05-23 15:55,2755
2018-05-23 16:00,2757
2018-05-23 16:05,2781
2018-05-23 16:10,2804
2018-05-23 16:15,2790
2018-05-23 16:20,2851
2018-05-23 16:25,2887
2018-05-23 16:30,2915
2018-05-23 16:35,2903
2018-05-23 16:40,2963
2018-05-23 16:45,2960
2018-05-23 16:50,3001
2018-05-23 16:55,2976
2018-05-23 17:00,2980
2018-05-23 17:05,2994
2018-05-23 17:10,3040
2018-05-23 17:15,3032
2018-05-23 17:20,3040
2018-05-23 17:25,3055
2018-05-23 17:30,3071
2018-05-23 17:35,3077
2018-05-23 17:40,3108
2018-05-23 17:45,3117
2018-05-23 17:50,3118
2018-05-23 17:55,3146
2018-05-23 18:00,3142
2018-05-23 18:05,3123
2018-05-23 18:10,3112
2018-05-23 18:15,3148
2018-05-23 18:20,3164
2018-05-23 18:25,3163
2018-05-23 18:30,3188
2018-05-23 18:35,3194
2018-05-23 18:40,3210
2018-05-23 18:45,3221
2018-05-23 18:50,3205
2018-05-23 18:55,3224
2018-05-23 19:00,3211
2018-05-23 19:05,3197
2018-05-23 19:10,3225
2018-05-23 19:15,3168
2018-05-23 19:20,3192
2018-05-23 19:25,3201
2018-05-23 19:30,3178
2018-05-23 19:35,3159
2018-05-23 19:40,3141
2018-05-23 19:45,3142
2018-05-23 19:50,3140
2018-05-23 19:55,3169
2018-05-23 20:00,3150
2018-05-23 20:05,3122
2018-05-23 20:10,3085
2018-05-23 20:15,3063
2018-05-23 20:20,3042
2018-05-23 20:25,3019
2018-05-23 20:30,2982
2018-05-23 20:35,2942
2018-05-23 20:40,2927
2018-05-23 20:45,2915
2018-05-23 20:50,2905
2018-05-23 20:55,2888
2018-05-23 21:00,2868
2018-05-23 21:05,2839
2018-05-23 21:10,2821
2018-05-23 21:15,2789
2018-05-23 21:20,2755
2018-05-23 21:25,2731
2018-05-23 21:30,2732
2018-05-23 21:35,2686
2018-05-23 21:40,2672
2018-05-23 21:45,2642
2018-05-23 21:50,2612
2018-05-23 21:55,2600
2018-05-23 22:00,2577
2018-05-23 22:05,2548
2018-05-23 22:10,2524
2018-05-23 22:15,2501
2018-05-23 22:20,2452
2018-05-23 22:25,2418
2018-05-23 22:30,2394
2018-05-23 22:35,2376
2018-05-23 22:40,2363
2018-05-23 22:45,2327
2018-05-23 22:50,2330
2018-05-23 22:55,2320
2018-05-23 23:00,2309
2018-05-23 23:05,2256
2018-05-23 23:10,2258
2018-05-23 23:15,2293
2018-05-23 23:20,2266
2018-05-23 23:25,2245
2018-05-23 23:30,2258
2018-05-23 23:35,2266
2018-05-23 23:40,2251
2018-05-23 23:45,2234
2018-05-23 23:50,2212
2018-05-23 23:55,2203
2018-05-24 00:00,2157
2018-05-24 00:05,2141
2018-05-24 00:10,2117
2018-05-24 00:15,2124
2018-05-24 00:20,2121
2018-05-24 00:25,2112
2018-05-24 00:30,2116
2018-05-24 00:35,2105
2018-05-24 00:40,2100
2018-05-24 00:45,2080
2018-05-24 00:50,2062
2018-05-24 00:55,2070
2018-05-24 01:00,2042
2018-05-24 01:05,2051
2018-05-24 01:10,2040
2018-05-24 01:15,2021
2018-05-24 01:20,2014
2018-05-24 01:25,2006
2018-05-24 01:30,1983
2018-05-24 01:35,1979
2018-05-24 01:40,2001
2018-05-24 01:45,2000
2018-05-24 01:50,2004
2018-05-24 01:55,1994
2018-05-24 02:00,1988
2018-05-24 02:05,1976
2018-05-24 02:10,1980
2018-05-24 02:15,
2018-05-24 02:20,1902
2018-05-24 02:25,1924
2018-05-24 02:30,1929
2018-05-24 02:35,1911
2018-05-24 02:40,1912
2018-05-24 02:45,1896
2018-05-24 02:50,1867
2018-05-24 02:55,1868
2018-05-24 03:00,1852
2018-05-24 03:05,1855
2018-05-24 03:10,1813
2018-05-24 03:15,1804
2018-05-24 03:20,1759
2018-05-24 03:25,1749
2018-05-24 03:30,1723
2018-05-24 03:35,1706
2018-05-24 03:40,1685
2018-05-24 03:45,1688
2018-05-24 03:50,1673
2018-05-24 03:55,1676
2018-05-24 04:00,1644
2018-05-24 04:05,1627
2018-05-24 04:10,1595
2018-05-24 04:15,1576
2018-05-24 04:20,1560
2018-05-24 04:25,1539
2018-05-24 04:30,1535
2018-05-24 04:35,1538
2018-05-24 04:40,1516
2018-05-24 04:45,1511
2018-05-24 04:50,0
2018-05-24 04:55,1485
2018-05-24 05:00,1458
2018-05-24 05:05,1452
2018-05-24 05:10,1456
2018-05-24 05:15,1456
2018-05-24 05:20,1455
2018-05-24 05:25,1458
2018-05-24 05:30,1468
2018-05-24 05:35,1465
2018-05-24 05:40,1460
2018-05-24 05:45,1466
2018-05-24 05:50,1469
2018-05-24 05:55,1444
2018-05-24 06:00,1442
2018-05-24 06:05,1433
2018-05-24 06:10,1418
2018-05-24 06:15,1413
2018-05-24 06:20,1418
2018-05-24 06:25,1414
2018-05-24 06:30,1403
2018-05-24 06:35,1393
2018-05-24 06:40,1384
2018-05-24 06:45,1395
2018-05-24 06:50,1396
2018-05-24 06:55,1404
2018-05-24 07:00,1390
2018-05-24 07:05,1395
2018-05-24 07:10,1381
2018-05-24 07:15,1371
2018-05-24 07:20,1370
2018-05-24 07:25,1372
2018-05-24 07:30,1370
2018-05-24 07:35,1380
2018-05-24 07:40,1390
2018-05-24 07:45,1396
2018-05-24 07:50,1396
2018-05-24 07:55,1416
2018-05-24 08:00,1398
2018-05-24 08:05,1391
2018-05-24 08:10,1405
2018-05-24 08:15,1424
2018-05-24 08:20,1442
2018-05-24 08:25,1449
2018-05-24 08:30,1466
2018-05-24 08:35,1477
2018-05-24 08:40,1477
2018-05-24 08:45,1479
2018-05-24 08:50,1481
2018-05-24 08:55,1489
2018-05-24 09:00,1493
2018-05-24 09:05,1508
2018-05-24 09:10,1512
2018-05-24 09:15,1521
2018-05-24 09:20,1554
2018-05-24 09:25,1562
2018-05-24 09:30,1574
2018-05-24 09:35,1587
2018-05-24 09:40,1610
2018-05-24 09:45,1638
2018-05-24 09:50,1638
2018-05-24 09:55,1729
2018-05-24 10:00,1745
2018-05-24 10:05,1791
2018-05-24 10:10,1789
2018-05-24 10:15,1812
2018-05-24 10:20,1819
2018-05-24 10:25,1801
2018-05-24 10:30,1806
2018-05-24 10:35,1814
2018-05-24 10:40,1822
2018-05-24 10:45,1844
2018-05-24 10:50,1844
2018-05-24 10:55,1846
2018-05-24 11:00,1860
2018-05-24 11:05,1860
2018-05-24 11:10,1877
2018-05-24 11:15,1909
2018-05-24 11:20,1917
2018-05-24 11:25,1942
2018-05-24 11:30,1964
2018-05-24 11:35,1964
2018-05-24 11:40,2005
2018-05-24 11:45,2006
2018-05-24 11:50,2006
2018-05-24 11:55,2036
2018-05-24 12:00,2047
2018-05-24 12:05,2049
2018-05-24 12:10,2047
2018-05-24 12:15,2066
2018-05-24 12:20,2089
2018-05-24 12:25,2081
2018-05-24 12:30,2075
2018-05-24 12:35,2085
2018-05-24 12:40,2081
2018-05-24 12:45,2103
2018-05-24 12:50,2103
2018-05-24 12:55,2069
2018-05-24 13:00,2076
2018-05-24 13:05,2096
2018-05-24 13:10,2112
2018-05-24 13:15,2129
2018-05-24 13:20,2139
2018-05-24 13:25,2148
2018-05-24 13:30,2162
2018-05-24 13:35,2162
2018-05-24 13:40,2174
2018-05-24 13:45,2176
2018-05-24 13:50,2176
2018-05-24 13:55,2101
2018-05-24 14:00,1888
2018-05-24 14:05,1691
2018-05-24 14:10,1283
2018-05-24 14:15,1298
2018-05-24 14:20,1303
2018-05-24 14:25,1326
2018-05-24 14:30,1328
2018-05-24 14:35,1348
2018-05-24 14:40,1358
2018-05-24 14:45,1372
2018-05-24 14:50,1359
2018-05-24 14:55,1395
2018-05-24 15:00,1447
2018-05-24 15:05,1482
2018-05-24 15:10,1521
2018-05-24 15:15,1572
2018-05-24 15:20,1612
2018-05-24 15:25,1634
2018-05-24 15:30,1616
2018-05-24 15:35,1627
2018-05-24 15:40,1654
2018-05-24 15:45,1698
2018-05-24 15:50,1677
2018-05-24 15:55,1695
2018-05-24 16:00,1756
2018-05-24 16:05,1860
2018-05-24 16:10,2026
2018-05-24 16:15,2255
2018-05-24 16:20,2453
2018-05-24 16:25,2568
2018-05-24 16:30,2702
2018-05-24 16:35,2801
2018-05-24 16:40,2878
2018-05-24 16:45,2938
2018-05-24 16:50,3017
2018-05-24 16:55,3068
2018-05-24 17:00,3110
2018-05-24 17:05,3149
2018-05-24 17:10,3166
2018-05-24 17:15,3219
2018-05-24 17:20,3255
2018-05-24 17:25,3236
2018-05-24 17:30,3251
2018-05-24 17:35,3283
2018-05-24 17:40,3286
2018-05-24 17:45,3298
2018-05-24 17:50,3293
2018-05-24 17:55,3311
2018-05-24 18:00,3334
2018-05-24 18:05,3331
2018-05-24 18:10,3336
2018-05-24 18:15,3330
2018-05-24 18:20,3320
2018-05-24 18:25,3340
2018-05-24 18:30,3347
2018-05-24 18:35,3356
2018-05-24 18:40,3352
2018-05-24 18:45,3384
2018-05-24 18:50,3395
2018-05-24 18:55,3393
2018-05-24 19:00,3377
2018-05-24 19:05,3385
2018-05-24 19:10,3358
2018-05-24 19:15,3362
2018-05-24 19:20,3370
2018-05-24 19:25,3392
2018-05-24 19:30,3391
2018-05-24 19:35,3381
2018-05-24 19:40,3363
2018-05-24 19:45,3337
2018-05-24 19:50,3337
2018-05-24 19:55,3321
2018-05-24 20:00,3320
2018-05-24 20:05,3294
2018-05-24 20:10,3261
2018-05-24 20:15,3224
2018-05-24 20:20,3167
2018-05-24 20:25,3161
2018-05-24 20:30,3121
2018-05-24 20:35,3115
2018-05-24 20:40,3071
2018-05-24 20:45,3055
2018-05-24 20:50,3046
2018-05-24 20:55,3029
2018-05-24 21:00,3006
2018-05-24 21:05,3004
2018-05-24 21:10,2963
2018-05-24 21:15,2912
2018-05-24 21:20,2908
2018-05-24 21:25,2869
2018-05-24 21:30,2835
2018-05-24 21:35,2829
2018-05-24 21:40,2780
2018-05-24 21:45,2761
2018-05-24 21:50,2706
2018-05-24 21:55,2705
2018-05-24 22:00,2672
2018-05-24 22:05,2633
2018-05-24 22:10,2611
2018-05-24 22:15,2566
2018-05-24 22:20,2560
2018-05-24 22:25,2558
2018-05-24 22:30,2508
2018-05-24 22:35,2493
2018-05-24 22:40,2458
2018-05-24 22:45,2434
2018-05-24 22:50,2433
2018-05-24 22:55,2388
2018-05-24 23:00,2463
2018-05-24 23:05,2352
2018-05-24 23:10,2325
2018-05-24 23:15,0
2018-05-24 23:20,
2018-05-24 23:25,2215
2018-05-24 23:30,2256
2018-05-24 23:35,2266
2018-05-24 23:40,2273
2018-05-24 23:45,2145
2018-05-24 23:50,2091
2018-05-24 23:55,2223
2018-05-25 00:00,2195
2018-05-25 00:05,2114
2018-05-25 00:10,2126
2018-05-25 00:15,2125
2018-05-25 00:20,2127
2018-05-25 00:25,2125
2018-05-25 00:30,2121
2018-05-25 00:35,2106
2018-05-25 00:40,2115
2018-05-25 00:45,2107
2018-05-25 00:50,2092
2018-05-25 00:55,2092
2018-05-25 01:00,2075
2018-05-25 01:05,2080
2018-05-25 01:10,2063
2018-05-25 01:15,2028
2018-05-25 01:20,2031
2018-05-25 01:25,2015
2018-05-25 01:30,2017
2018-05-25 01:35,2023
2018-05-25 01:40,2009
2018-05-25 01:45,2011
2018-05-25 01:50,1987
2018-05-25 01:55,1977
2018-05-25 02:00,1958
2018-05-25 02:05,1923
2018-05-25 02:10,1964
2018-05-25 02:15,1957
2018-05-25 02:20,1952
2018-05-25 02:25,1951
2018-05-25 02:30,1948
2018-05-25 02:35,1953
2018-05-25 02:40,1935
2018-05-25 02:45,1933
2018-05-25 02:50,1918
2018-05-25 02:55,1926
2018-05-25 03:00,1929
2018-05-25 03:05,1922
2018-05-25 03:10,1924
2018-05-25 03:15,1893
2018-05-25 03:20,1872
2018-05-25 03:25,1849
2018-05-25 03:30,1828
2018-05-25 03:35,1809
2018-05-25 03:40,1802
2018-05-25 03:45,1777
2018-05-25 03:50,1759
2018-05-25 03:55,1754
2018-05-25 04:00,1733
2018-05-25 04:05,1691
2018-05-25 04:10,1728
2018-05-25 04:15,1703
2018-05-25 04:20,1711
2018-05-25 04:25,1705
2018-05-25 04:30,1692
2018-05-25 04:35,1682
2018-05-25 04:40,1692
2018-05-25 04:45,1699
2018-05-25 04:50,1675
2018-05-25 04:55,1683
2018-05-25 05:00,1674
2018-05-25 05:05,1633
2018-05-25 05:10,1620
2018-05-25 05:15,1598
2018-05-25 05:20,1579
2018-05-25 05:25,1598
2018-05-25 05:30,1596
2018-05-25 05:35,1567
2018-05-25 05:40,1567
2018-05-25 05:45,1582
2018-05-25 05:50,1587
2018-05-25 05:55,1589
2018-05-25 06:00,1589
2018-05-25 06:05,1536
2018-05-25 06:10,1546
2018-05-25 06:15,1539
2018-05-25 06:20,1549
2018-05-25 06:25,1540
2018-05-25 06:30,1515
2018-05-25 06:35,1559
2018-05-25 06:40,1555
2018-05-25 06:45,1542
2018-05-25 06:50,1540
2018-05-25 06:55,1539
2018-05-25 07:00,1521
2018-05-25 07:05,1502
2018-05-25 07:10,1505
2018-05-25 07:15,1504
2018-05-25 07:20,1491
2018-05-25 07:25,1487
2018-05-25 07:30,1490
2018-05-25 07:35,1503
2018-05-25 07:40,1504
2018-05-25 07:45,1513
2018-05-25 07:50,1500
2018-05-25 07:55,1524
2018-05-25 08:00,1525
2018-05-25 08:05,1511
2018-05-25 08:10,1545
2018-05-25 08:15,1566
2018-05-25 08:20,1569
2018-05-25 08:25,1588
2018-05-25 08:30,1612
2018-05-25 08:35,1613
2018-05-25 08:40,1633
2018-05-25 08:45,1634
2018-05-25 08:50,1645
2018-05-25 08:55,1647
2018-05-25 09:00,1671
2018-05-25 09:05,1661
2018-05-25 09:10,1658
2018-05-25 09:15,1666
2018-05-25 09:20,1678
2018-05-25 09:25,1706
2018-05-25 09:30,1695
2018-05-25 09:35,1714
2018-05-25 09:40,1715
2018-05-25 09:45,1723
2018-05-25 09:50,1708
2018-05-25 09:55,1727
2018-05-25 10:00,1759
2018-05-25 10:05,1745
2018-05-25 10:10,1789
2018-05-25 10:15,1800
2018-05-25 10:20,1817
2018-05-25 10:25,1844
2018-05-25 10:30,1839
2018-05-25 10:35,1880
2018-05-25 10:40,1893
2018-05-25 10:45,1914
2018-05-25 10:50,1915
2018-05-25 10:55,1918
2018-05-25 11:00,1943
2018-05-25 11:05,1948
2018-05-25 11:10,1967
2018-05-25 11:15,1975
2018-05-25 11:20,1961
2018-05-25 11:25,1985
2018-05-25 11:30,1985
2018-05-25 11:35,2024
2018-05-25 11:40,2049
2018-05-25 11:45,2073
2018-05-25 11:50,2088
2018-05-25 11:55,2124
2018-05-25 12:00,2132
2018-05-25 12:05,2100
2018-05-25 12:10,2164
2018-05-25 12:15,2185
2018-05-25 12:20,2189
2018-05-25 12:25,2218
2018-05-25 12:30,2250
2018-05-25 12:35,2269
2018-05-25 12:40,2280
2018-05-25 12:45,2293
2018-05-25 12:50,2306
2018-05-25 12:55,2320
2018-05-25 13:00,2327
2018-05-25 13:05,2337
2018-05-25 13:10,2350
2018-05-25 13:15,2347
2018-05-25 13:20,2379
2018-05-25 13:25,2405
2018-05-25 13:30,2414
2018-05-25 13:35,2423
2018-05-25 13:40,2435
2018-05-25 13:45,2474
2018-05-25 13:50,2471
2018-05-25 13:55,2487
2018-05-25 14:00,2503
2018-05-25 14:05,2484
2018-05-25 14:10,2522
2018-05-25 14:15,2525
2018-05-25 14:20,2546
2018-05-25 14:25,2564
2018-05-25 14:30,2578
2018-05-25 14:35,2588
2018-05-25 14:40,2598
2018-05-25 14:45,2646
2018-05-25 14:50,2657
2018-05-25 14:55,2659
2018-05-25 15:00,2666
2018-05-25 15:05,2688
2018-05-25 15:10,2710
2018-05-25 15:15,2714
2018-05-25 15:20,2724
2018-05-25 15:25,2758
2018-05-25 15:30,2752
2018-05-25 15:35,2757
2018-05-25 15:40,2806
2018-05-25 15:45,2820
2018-05-25 15:50,2843
2018-05-25 15:55,2842
2018-05-25 16:00,2843
2018-05-25 16:05,2851
2018-05-25 16:10,2863
2018-05-25 16:15,2884
2018-05-25 16:20,2909
2018-05-25 16:25,2940
2018-05-25 16:30,2986
2018-05-25 16:35,2994
2018-05-25 16:40,3020
2018-05-25 16:45,3029
2018-05-25 16:50,3042
2018-05-25 16:55,3041
2018-05-25 17:00,3039
2018-05-25 17:05,3037
2018-05-25 17:10,3060
2018-05-25 17:15,3039
2018-05-25 17:20,3060
2018-05-25 17:25,3046
2018-05-25 17:30,3057
2018-05-25 17:35,3066
2018-05-25 17:40,3091
2018-05-25 17:45,0
2018-05-25 17:50,3145
2018-05-25 17:55,3150
2018-05-25 18:00,3171
2018-05-25 18:05,3211
2018-05-25 18:10,3208
2018-05-25 18:15,3209
2018-05-25 18:20,3169
2018-05-25 18:25,3196
2018-05-25 18:30,3179
2018-05-25 18:35,3217
2018-05-25 18:40,3212
2018-05-25 18:45,3244
2018-05-25 18:50,3248
2018-05-25 18:55,3241
2018-05-25 19:00,3272
2018-05-25 19:05,3283
2018-05-25 19:10,3279
2018-05-25 19:15,3286
2018-05-25 19:20,3271
2018-05-25 19:25,3254
2018-05-25 19:30,3242
2018-05-25 19:35,3266
2018-05-25 19:40,3246
2018-05-25 19:45,3250
2018-05-25 19:50,3283
2018-05-25 19:55,3268
2018-05-25 20:00,3263
2018-05-25 20:05,3254
2018-05-25 20:10,3235
2018-05-25 20:15,3217
2018-05-25 20:20,3231
2018-05-25 20:25,3223
2018-05-25 20:30,3230
2018-05-25 20:35,3221
2018-05-25 20:40,3227
2018-05-25 20:45,3208
2018-05-25 20:50,3212
2018-05-25 20:55,3177
2018-05-25 21:00,3162
2018-05-25 21:05,3132
2018-05-25 21:10,3117
2018-05-25 21:15,3082
2018-05-25 21:20,3068
2018-05-25 21:25,3043
2018-05-25 21:30,3013
2018-05-25 21:35,2999
2018-05-25 21:40,2960
2018-05-25 21:45,2943
2018-05-25 21:50,2905
2018-05-25 21:55,2870
2018-05-25 22:00,2846
2018-05-25 22:05,2823
2018-05-25 22:10,2787
2018-05-25 22:15,2762
2018-05-25 22:20,2730
2018-05-25 22:25,2737
2018-05-25 22:30,2708
2018-05-25 22:35,2704
2018-05-25 22:40,2672
2018-05-25 22:45,2638
2018-05-25 22:50,2606
2018-05-25 22:55,2600
2018-05-25 23:00,2611
2018-05-25 23:05,2551
2018-05-25 23:10,2527
2018-05-25 23:15,2487
2018-05-25 23:20,2440
2018-05-25 23:25,2404
2018-05-25 23:30,2356
2018-05-25 23:35,2325
2018-05-25 23:40,2339
2018-05-25 23:45,2318
2018-05-25 23:50,2298
2018-05-25 23:55,2285
2018-05-26 00:00,2255
2018-05-26 00:05,2283
2018-05-26 00:10,2269
2018-05-26 00:15,2249
2018-05-26 00:20,2245
2018-05-26 00:25,2243
2018-05-26 00:30,2244
2018-05-26 00:35,2238
2018-05-26 00:40,2223
2018-05-26 00:45,2235
2018-05-26 00:50,2223
2018-05-26 00:55,2241
2018-05-26 01:00,2219
2018-05-26 01:05,2210
2018-05-26 01:10,2195
2018-05-26 01:15,2194
2018-05-26 01:20,2191
2018-05-26 01:25,2192
2018-05-26 01:30,2205
2018-05-26 01:35,2198
2018-05-26 01:40,2194
2018-05-26 01:45,2207
2018-05-26 01:50,2199
2018-05-26 01:55,2193
2018-05-26 02:00,2178
2018-05-26 02:05,2186
2018-05-26 02:10,2189
2018-05-26 02:15,2177
2018-05-26 02:20,2170
2018-05-26 02:25,2168
2018-05-26 02:30,2155
2018-05-26 02:35,2141
2018-05-26 02:40,2144
2018-05-26 02:45,2137
2018-05-26 02:50,2131
2018-05-26 02:55,2106
2018-05-26 03:00,2105
2018-05-26 03:05,2096
2018-05-26 03:10,2054
2018-05-26 03:15,2041
2018-05-26 03:20,2036
2018-05-26 03:25,2031
2018-05-26 03:30,2021
2018-05-26 03:35,2000
2018-05-26 03:40,1991
2018-05-26 03:45,1987
2018-05-26 03:50,1996
2018-05-26 03:55,1999
2018-05-26 04:00,2006
2018-05-26 04:05,1976
2018-05-26 04:10,1956
2018-05-26 04:15,1947
2018-05-26 04:20,1910
2018-05-26 04:25,1906
2018-05-26 04:30,1893
2018-05-26 04:35,1893
2018-05-26 04:40,1891
2018-05-26 04:45,1898
2018-05-26 04:50,1885
2018-05-26 04:55,1869
2018-05-26 05:00,1858
2018-05-26 05:05,1847
2018-05-26 05:10,1836
2018-05-26 05:15,1840
2018-05-26 05:20,1848
2018-05-26 05:25,1841
2018-05-26 05:30,1834
2018-05-26 05:35,1845
2018-05-26 05:40,1833
2018-05-26 05:45,1853
2018-05-26 05:50,1840
2018-05-26 05:55,1829
2018-05-26 06:00,1810
2018-05-26 06:05,1796
2018-05-26 06:10,1786
2018-05-26 06:15,1786
2018-05-26 06:20,1782
2018-05-26 06:25,1777
2018-05-26 06:30,1777
2018-05-26 06:35,1774
2018-05-26 06:40,1785
2018-05-26 06:45,1821
2018-05-26 06:50,1848
2018-05-26 06:55,1832
2018-05-26 07:00,1846
2018-05-26 07:05,1869
2018-05-26 07:10,1855
2018-05-26 07:15,1860
2018-05-26 07:20,1880
2018-05-26 07:25,1897
2018-05-26 07:30,1905
2018-05-26 07:35,1945
2018-05-26 07:40,1950
2018-05-26 07:45,1966
2018-05-26 07:50,1983
2018-05-26 07:55,2005
2018-05-26 08:00,2020
2018-05-26 08:05,2000
2018-05-26 08:10,2034
2018-05-26 08:15,2048
2018-05-26 08:20,2058
2018-05-26 08:25,2079
2018-05-26 08:30,2072
2018-05-26 08:35,2083
2018-05-26 08:40,2103
2018-05-26 08:45,2103
2018-05-26 08:50,2113
2018-05-26 08:55,2154
2018-05-26 09:00,2169
2018-05-26 09:05,2171
2018-05-26 09:10,2170
2018-05-26 09:15,2197
2018-05-26 09:20,2196
2018-05-26 09:25,2204
2018-05-26 09:30,2205
2018-05-26 09:35,2229
2018-05-26 09:40,2255
2018-05-26 09:45,2280
2018-05-26 09:50,2281
2018-05-26 09:55,2283
2018-05-26 10:00,2324
2018-05-26 10:05,2366
2018-05-26 10:10,2390
2018-05-26 10:15,2423
2018-05-26 10:20,2452
2018-05-26 10:25,2470
2018-05-26 10:30,2497
2018-05-26 10:35,2522
2018-05-26 10:40,2523
2018-05-26 10:45,2530
2018-05-26 10:50,2522
2018-05-26 10:55,2534
2018-05-26 11:00,0
2018-05-26 11:05,2547
2018-05-26 11:10,2570
2018-05-26 11:15,2564
2018-05-26 11:20,2583
2018-05-26 11:25,2596
2018-05-26 11:30,2618
2018-05-26 11:35,2636
2018-05-26 11:40,2685
2018-05-26 11:45,2682
2018-05-26 11:50,2677
2018-05-26 11:55,2702
2018-05-26 12:00,2702
2018-05-26 12:05,2690
2018-05-26 12:10,2704
2018-05-26 12:15,2727
2018-05-26 12:20,2721
2018-05-26 12:25,2745
2018-05-26 12:30,2764
2018-05-26 12:35,2769
2018-05-26 12:40,2763
2018-05-26 12:45,2754
2018-05-26 12:50,2765
2018-05-26 12:55,2764
2018-05-26 13:00,2769
2018-05-26 13:05,2816
2018-05-26 13:10,2830
2018-05-26 13:15,2841
2018-05-26 13:20,2863
2018-05-26 13:25,2895
2018-05-26 13:30,2897
2018-05-26 13:35,2927
2018-05-26 13:40,2951
2018-05-26 13:45,2953
2018-05-26 13:50,2962
2018-05-26 13:55,2984
2018-05-26 14:00,2997
2018-05-26 14:05,3020
2018-05-26 14:10,3054
2018-05-26 14:15,3059
2018-05-26 14:20,3087
2018-05-26 14:25,3090
2018-05-26 14:30,3102
2018-05-26 14:35,3110
2018-05-26 14:40,3109
2018-05-26 14:45,3110
2018-05-26 14:50,3116
2018-05-26 14:55,3113
2018-05-26 15:00,3152
2018-05-26 15:05,3151
2018-05-26 15:10,3140
2018-05-26 15:15,3124
2018-05-26 15:20,3161
2018-05-26 15:25,3172
2018-05-26 15:30,3178
2018-05-26 15:35,3185
2018-05-26 15:40,3198
2018-05-26 15:45,3212
2018-05-26 15:50,3207
2018-05-26 15:55,3199
2018-05-26 16:00,3204
2018-05-26 16:05,3223
2018-05-26 16:10,3219
2018-05-26 16:15,3225
2018-05-26 16:20,3255
2018-05-26 16:25,3307
2018-05-26 16:30,3315
2018-05-26 16:35,3343
2018-05-26 16:40,3335
2018-05-26 16:45,3349
2018-05-26 16:50,3334
2018-05-26 16:55,3344
2018-05-26 17:00,3358
2018-05-26 17:05,3348
2018-05-26 17:10,3332
2018-05-26 17:15,3348
2018-05-26 17:20,3357
2018-05-26 17:25,3364
2018-05-26 17:30,3366
2018-05-26 17:35,3389
2018-05-26 17:40,3413
2018-05-26 17:45,3403
2018-05-26 17:50,3428
2018-05-26 17:55,3440
2018-05-26 18:00,3437
2018-05-26 18:05,3438
2018-05-26 18:10,3446
2018-05-26 18:15,3416
2018-05-26 18:20,3447
2018-05-26 18:25,3467
2018-05-26 18:30,3433
2018-05-26 18:35,3426
2018-05-26 18:40,3442
2018-05-26 18:45,3456
2018-05-26 18:50,3429
2018-05-26 18:55,3416
2018-05-26 19:00,3430
2018-05-26 19:05,3441
2018-05-26 19:10,3462
2018-05-26 19:15,3454
2018-05-26 19:20,3440
2018-05-26 19:25,3438
2018-05-26 19:30,3460
2018-05-26 19:35,3446
2018-05-26 19:40,3451
2018-05-26 19:45,3473
2018-05-26 19:50,3491
2018-05-26 19:55,3496
2018-05-26 20:00,3477
2018-05-26 20:05,3478
2018-05-26 20:10,3456
2018-05-26 20:15,3437
2018-05-26 20:20,3441
2018-05-26 20:25,3405
2018-05-26 20:30,3379
2018-05-26 20:35,3374
2018-05-26 20:40,3379
2018-05-26 20:45,3360
2018-05-26 20:50,3389
2018-05-26 20:55,3351
2018-05-26 21:00,3339
2018-05-26 21:05,3337
2018-05-26 21:10,3300
2018-05-26 21:15,3276
2018-05-26 21:20,3267
2018-05-26 21:25,3226
2018-05-26 21:30,3180
2018-05-26 21:35,3165
2018-05-26 21:40,3140
2018-05-26 21:45,3135
2018-05-26 21:50,3090
2018-05-26 21:55,3096
2018-05-26 22:00,3057
2018-05-26 22:05,3042
2018-05-26 22:10,3008
2018-05-26 22:15,2965
2018-05-26 22:20,2940
2018-05-26 22:25,2907
2018-05-26 22:30,2874
2018-05-26 22:35,2833
2018-05-26 22:40,2826
2018-05-26 22:45,2812
2018-05-26 22:50,2781
2018-05-26 22:55,2751
2018-05-26 23:00,2724
2018-05-26 23:05,2701
2018-05-26 23:10,2660
2018-05-26 23:15,2647
2018-05-26 23:20,2634
2018-05-26 23:25,2612
2018-05-26 23:30,2588
2018-05-26 23:35,2587
2018-05-26 23:40,2579
2018-05-26 23:45,2558
2018-05-26 23:50,2538
2018-05-26 23:55,2496
2018-05-27 00:00,2496
2018-05-27 00:05,2463
2018-05-27 00:10,2435
2018-05-27 00:15,2426
2018-05-27 00:20,2421
2018-05-27 00:25,2397
2018-05-27 00:30,2367
2018-05-27 00:35,2354
2018-05-27 00:40,2357
2018-05-27 00:45,2333
2018-05-27 00:50,2313
2018-05-27 00:55,2294
2018-05-27 01:00,2253
2018-05-27 01:05,2251
2018-05-27 01:10,2246
2018-05-27 01:15,2223
2018-05-27 01:20,2229
2018-05-27 01:25,2223
2018-05-27 01:30,2208
2018-05-27 01:35,2201
2018-05-27 01:40,2207
2018-05-27 01:45,2201
2018-05-27 01:50,2203
2018-05-27 01:55,2184
2018-05-27 02:00,2173
2018-05-27 02:05,2159
2018-05-27 02:10,2163
2018-05-27 02:15,2170
2018-05-27 02:20,2168
2018-05-27 02:25,2154
2018-05-27 02:30,2168
2018-05-27 02:35,2152
2018-05-27 02:40,2148
2018-05-27 02:45,2160
2018-05-27 02:50,2150
2018-05-27 02:55,2136
2018-05-27 03:00,2124
2018-05-27 03:05,2129
2018-05-27 03:10,2122
2018-05-27 03:15,2116
2018-05-27 03:20,2084
2018-05-27 03:25,2085
2018-05-27 03:30,2090
2018-05-27 03:35,2091
2018-05-27 03:40,2090
2018-05-27 03:45,2095
2018-05-27 03:50,2094
2018-05-27 03:55,2055
2018-05-27 04:00,2043
2018-05-27 04:05,2045
2018-05-27 04:10,2055
2018-05-27 04:15,2037
2018-05-27 04:20,2039
2018-05-27 04:25,2052
2018-05-27 04:30,2046
2018-05-27 04:35,2058
2018-05-27 04:40,2056
2018-05-27 04:45,2042
2018-05-27 04:50,2045
2018-05-27 04:55,2027
2018-05-27 05:00,2015
2018-05-27 05:05,1998
2018-05-27 05:10,1999
2018-05-27 05:15,1989
2018-05-27 05:20,1984
2018-05-27 05:25,0
2018-05-27 05:30,1977
2018-05-27 05:35,1970
2018-05-27 05:40,1960
2018-05-27 05:45,1959
2018-05-27 05:50,1955
2018-05-27 05:55,1962
2018-05-27 06:00,1955
2018-05-27 06:05,1939
2018-05-27 06:10,1953
2018-05-27 06:15,1969
2018-05-27 06:20,1957
2018-05-27 06:25,1968
2018-05-27 06:30,1977
2018-05-27 06:35,1995
2018-05-27 06:40,2004
2018-05-27 06:45,2016
2018-05-27 06:50,2023
2018-05-27 06:55,2009
2018-05-27 07:00,2038
2018-05-27 07:05,2040
2018-05-27 07:10,2057
2018-05-27 07:15,2063
2018-05-27 07:20,2072
2018-05-27 07:25,2061
2018-05-27 07:30,2084
2018-05-27 07:35,2087
2018-05-27 07:40,2107
2018-05-27 07:45,2102
2018-05-27 07:50,2115
2018-05-27 07:55,2151
2018-05-27 08:00,2163
2018-05-27 08:05,2172
2018-05-27 08:10,2200
2018-05-27 08:15,2188
2018-05-27 08:20,2188
2018-05-27 08:25,2224
2018-05-27 08:30,2237
2018-05-27 08:35,2259
2018-05-27 08:40,2297
2018-05-27 08:45,2299
2018-05-27 08:50,2316
2018-05-27 08:55,2335
2018-05-27 09:00,2339
2018-05-27 09:05,2339
2018-05-27 09:10,2353
2018-05-27 09:15,2358
2018-05-27 09:20,2401
2018-05-27 09:25,2437
2018-05-27 09:30,2408
2018-05-27 09:35,2429
2018-05-27 09:40,2464
2018-05-27 09:45,2467
2018-05-27 09:50,2484
2018-05-27 09:55,2508
2018-05-27 10:00,2542
2018-05-27 10:05,2574
2018-05-27 10:10,2588
2018-05-27 10:15,2622
2018-05-27 10:20,2644
2018-05-27 10:25,2642
2018-05-27 10:30,2647
2018-05-27 10:35,2657
2018-05-27 10:40,2667
2018-05-27 10:45,2682
2018-05-27 10:50,2663
2018-05-27 10:55,2674
2018-05-27 11:00,2686
2018-05-27 11:05,2711
2018-05-27 11:10,2717
2018-05-27 11:15,2707
2018-05-27 11:20,2694
2018-05-27 11:25,2712
2018-05-27 11:30,2736
2018-05-27 11:35,2779
2018-05-27 11:40,2806
2018-05-27 11:45,2814
2018-05-27 11:50,2848
2018-05-27 11:55,2868
2018-05-27 12:00,2858
2018-05-27 12:05,2895
2018-05-27 12:10,2924
2018-05-27 12:15,2927
2018-05-27 12:20,2973
2018-05-27 12:25,2963
2018-05-27 12:30,2965
2018-05-27 12:35,2989
2018-05-27 12:40,3043
2018-05-27 12:45,3059
2018-05-27 12:50,3048
2018-05-27 12:55,3081
2018-05-27 13:00,3108
2018-05-27 13:05,3133
2018-05-27 13:10,3124
2018-05-27 13:15,3105
2018-05-27 13:20,3104
2018-05-27 13:25,3155
2018-05-27 13:30,3178
2018-05-27 13:35,3200
2018-05-27 13:40,3205
2018-05-27 13:45,3227
2018-05-27 13:50,3244
2018-05-27 13:55,3289
2018-05-27 14:00,3279
2018-05-27 14:05,3251
2018-05-27 14:10,3264
2018-05-27 14:15,3271
2018-05-27 14:20,3292
2018-05-27 14:25,3331
2018-05-27 14:30,3320
2018-05-27 14:35,3358
2018-05-27 14:40,3368
2018-05-27 14:45,3395
2018-05-27 14:50,3422
2018-05-27 14:55,3427
2018-05-27 15:00,3438
2018-05-27 15:05,3450
2018-05-27 15:10,3447
2018-05-27 15:15,3515
2018-05-27 15:20,3487
2018-05-27 15:25,3517
2018-05-27 15:30,3513
2018-05-27 15:35,3537
2018-05-27 15:40,3567
2018-05-27 15:45,3555
2018-05-27 15:50,3580
2018-05-27 15:55,3576
2018-05-27 16:00,3613
2018-05-27 16:05,3633
2018-05-27 16:10,3650
2018-05-27 16:15,3669
2018-05-27 16:20,3638
2018-05-27 16:25,3690
2018-05-27 16:30,3716
2018-05-27 16:35,3725
2018-05-27 16:40,3723
2018-05-27 16:45,3748
2018-05-27 16:50,3766
2018-05-27 16:55,3767
2018-05-27 17:00,3773
2018-05-27 17:05,3788
2018-05-27 17:10,3789
2018-05-27 17:15,3804
2018-05-27 17:20,3816
2018-05-27 17:25,3795
2018-05-27 17:30,0
2018-05-27 17:35,3808
2018-05-27 17:40,3802
2018-05-27 17:45,3792
2018-05-27 17:50,3791
2018-05-27 17:55,3782
2018-05-27 18:00,3758
2018-05-27 18:05,3755
2018-05-27 18:10,3763
2018-05-27 18:15,3754
2018-05-27 18:20,3776
2018-05-27 18:25,3794
2018-05-27 18:30,3784
2018-05-27 18:35,3758
2018-05-27 18:40,3760
2018-05-27 18:45,3757
2018-05-27 18:50,3756
2018-05-27 18:55,3786
2018-05-27 19:00,3786
2018-05-27 19:05,3783
2018-05-27 19:10,3819
2018-05-27 19:15,3786
2018-05-27 19:20,3787
2018-05-27 19:25,3757
2018-05-27 19:30,3754
2018-05-27 19:35,3753
2018-05-27 19:40,3736
2018-05-27 19:45,3736
2018-05-27 19:50,3724
2018-05-27 19:55,3698
2018-05-27 20:00,3676
2018-05-27 20:05,3650
2018-05-27 20:10,3656
2018-05-27 20:15,3606
2018-05-27 20:20,3589
2018-05-27 20:25,3547
2018-05-27 20:30,3525
2018-05-27 20:35,3501
2018-05-27 20:40,3470
2018-05-27 20:45,3461
2018-05-27 20:50,3414
2018-05-27 20:55,3380
2018-05-27 21:00,3338
2018-05-27 21:05,3304
2018-05-27 21:10,3240
2018-05-27 21:15,3214
2018-05-27 21:20,3178
2018-05-27 21:25,3136
2018-05-27 21:30,3122
2018-05-27 21:35,3106
2018-05-27 21:40,3078
2018-05-27 21:45,3066
2018-05-27 21:50,3026
2018-05-27 21:55,2962
2018-05-27 22:00,2934
2018-05-27 22:05,2902
2018-05-27 22:10,2877
2018-05-27 22:15,2860
2018-05-27 22:20,2838
2018-05-27 22:25,2799
2018-05-27 22:30,2756
2018-05-27 22:35,2706
2018-05-27 22:40,2705
2018-05-27 22:45,2695
2018-05-27 22:50,2648
2018-05-27 22:55,2637
2018-05-27 23:00,2636
2018-05-27 23:05,2591
2018-05-27 23:10,2567
2018-05-27 23:15,2528
2018-05-27 23:20,2478
2018-05-27 23:25,2446
2018-05-27 23:30,2446
2018-05-27 23:35,2443
2018-05-27 23:40,2428
2018-05-27 23:45,2404
2018-05-27 23:50,2407
2018-05-27 23:55,2398
2018-05-28 00:00,2370
2018-05-28 00:05,2367
2018-05-28 00:10,2348
2018-05-28 00:15,2335
2018-05-28 00:20,2330
2018-05-28 00:25,2324
2018-05-28 00:30,2305
2018-05-28 00:35,2311
2018-05-28 00:40,2300
2018-05-28 00:45,2308
2018-05-28 00:50,2330
2018-05-28 00:55,2303
2018-05-28 01:00,2299
2018-05-28 01:05,2283
2018-05-28 01:10,2289
2018-05-28 01:15,2282
2018-05-28 01:20,2277
2018-05-28 01:25,2248
2018-05-28 01:30,2241
2018-05-28 01:35,2222
2018-05-28 01:40,2199
2018-05-28 01:45,2209
2018-05-28 01:50,2183
2018-05-28 01:55,2174
2018-05-28 02:00,2157
2018-05-28 02:05,2131
2018-05-28 02:10,2117
2018-05-28 02:15,2117
2018-05-28 02:20,2107
2018-05-28 02:25,2109
2018-05-28 02:30,2110
2018-05-28 02:35,2108
2018-05-28 02:40,2111
2018-05-28 02:45,2088
2018-05-28 02:50,2073
2018-05-28 02:55,2054
2018-05-28 03:00,2045
2018-05-28 03:05,2034
2018-05-28 03:10,2005
2018-05-28 03:15,2013
2018-05-28 03:20,1977
2018-05-28 03:25,1964
2018-05-28 03:30,1956
2018-05-28 03:35,1940
2018-05-28 03:40,1917
2018-05-28 03:45,1926
2018-05-28 03:50,1905
2018-05-28 03:55,1867
2018-05-28 04:00,1842
2018-05-28 04:05,1853
2018-05-28 04:10,1846
2018-05-28 04:15,1837
2018-05-28 04:20,1833
2018-05-28 04:25,1843
2018-05-28 04:30,1811
2018-05-28 04:35,1788
2018-05-28 04:40,1769
2018-05-28 04:45,1748
2018-05-28 04:50,1762
2018-05-28 04:55,1765
2018-05-28 05:00,1749
2018-05-28 05:05,1746
2018-05-28 05:10,1744
2018-05-28 05:15,1725
2018-05-28 05:20,1722
2018-05-28 05:25,1687
2018-05-28 05:30,1689
2018-05-28 05:35,1689
2018-05-28 05:40,1698
2018-05-28 05:45,1715
2018-05-28 05:50,1704
2018-05-28 05:55,1696
2018-05-28 06:00,1668
2018-05-28 06:05,1666
2018-05-28 06:10,1663
2018-05-28 06:15,1647
2018-05-28 06:20,1650
2018-05-28 06:25,1656
2018-05-28 06:30,1644
2018-05-28 06:35,1646
2018-05-28 06:40,1635
2018-05-28 06:45,1651
2018-05-28 06:50,1648
2018-05-28 06:55,1652
2018-05-28 07:00,1641
2018-05-28 07:05,1626
2018-05-28 07:10,1632
2018-05-28 07:15,1666
2018-05-28 07:20,1666
2018-05-28 07:25,1687
2018-05-28 07:30,1681
2018-05-28 07:35,1680
2018-05-28 07:40,1662
2018-05-28 07:45,1671
2018-05-28 07:50,1671
2018-05-28 07:55,1692
2018-05-28 08:00,1663
2018-05-28 08:05,1672
2018-05-28 08:10,1667
2018-05-28 08:15,1677
2018-05-28 08:20,1680
2018-05-28 08:25,1690
2018-05-28 08:30,1692
2018-05-28 08:35,1661
2018-05-28 08:40,1702
2018-05-28 08:45,1728
2018-05-28 08:50,1744
2018-05-28 08:55,1737
2018-05-28 09:00,1747
2018-05-28 09:05,1766
2018-05-28 09:10,1782
2018-05-28 09:15,1790
2018-05-28 09:20,1802
2018-05-28 09:25,1835
2018-05-28 09:30,1844
2018-05-28 09:35,1843
2018-05-28 09:40,1855
2018-05-28 09:45,1879
2018-05-28 09:50,1877
2018-05-28 09:55,1902
2018-05-28 10:00,1938
2018-05-28 10:05,1957
2018-05-28 10:10,1991
2018-05-28 10:15,2001
2018-05-28 10:20,2027
2018-05-28 10:25,2039
2018-05-28 10:30,2063
2018-05-28 10:35,2067
2018-05-28 10:40,2073
2018-05-28 10:45,2091
2018-05-28 10:50,2091
2018-05-28 10:55,2135
2018-05-28 11:00,2178
2018-05-28 11:05,2206
2018-05-28 11:10,2206
2018-05-28 11:15,2218
2018-05-28 11:20,2226
2018-05-28 11:25,2217
2018-05-28 11:30,2236
2018-05-28 11:35,2271
2018-05-28 11:40,2286
2018-05-28 11:45,2300
2018-05-28 11:50,2316
2018-05-28 11:55,2352
2018-05-28 12:00,2345
2018-05-28 12:05,2383
2018-05-28 12:10,2389
2018-05-28 12:15,2394
2018-05-28 12:20,2399
2018-05-28 12:25,2404
2018-05-28 12:30,2436
2018-05-28 12:35,2436
2018-05-28 12:40,2446
2018-05-28 12:45,2458
2018-05-28 12:50,2456
2018-05-28 12:55,2482
2018-05-28 13:00,2496
2018-05-28 13:05,2482
2018-05-28 13:10,2519
2018-05-28 13:15,2540
2018-05-28 13:20,2563
2018-05-28 13:25,2579
2018-05-28 13:30,2607
2018-05-28 13:35,2620
2018-05-28 13:40,2639
2018-05-28 13:45,2668
2018-05-28 13:50,2681
2018-05-28 13:55,2709
2018-05-28 14:00,2738
2018-05-28 14:05,2754
2018-05-28 14:10,0
2018-05-28 14:15,2810
2018-05-28 14:20,2861
2018-05-28 14:25,2865
2018-05-28 14:30,2872
2018-05-28 14:35,2882
2018-05-28 14:40,2906
2018-05-28 14:45,2880
2018-05-28 14:50,2881
2018-05-28 14:55,2909
2018-05-28 15:00,2976
2018-05-28 15:05,2972
2018-05-28 15:10,3006
2018-05-28 15:15,3005
2018-05-28 15:20,3067
2018-05-28 15:25,3098
2018-05-28 15:30,3137
2018-05-28 15:35,3144
2018-05-28 15:40,3186
2018-05-28 15:45,3196
2018-05-28 15:50,3197
2018-05-28 15:55,3246
2018-05-28 16:00,3253
2018-05-28 16:05,3299
2018-05-28 16:10,3303
2018-05-28 16:15,3326
2018-05-28 16:20,3359
2018-05-28 16:25,3402
2018-05-28 16:30,3430
2018-05-28 16:35,3459
2018-05-28 16:40,3466
2018-05-28 16:45,3477
2018-05-28 16:50,3481
2018-05-28 16:55,3481
2018-05-28 17:00,3473
2018-05-28 17:05,3477
2018-05-28 17:10,3502
2018-05-28 17:15,3528
2018-05-28 17:20,3549
2018-05-28 17:25,3535
2018-05-28 17:30,3525
2018-05-28 17:35,3518
2018-05-28 17:40,3551
2018-05-28 17:45,3555
2018-05-28 17:50,3570
2018-05-28 17:55,3566
2018-05-28 18:00,3596
2018-05-28 18:05,3601
2018-05-28 18:10,3627
2018-05-28 18:15,3628
2018-05-28 18:20,3659
2018-05-28 18:25,3672
2018-05-28 18:30,3678
2018-05-28 18:35,3687
2018-05-28 18:40,3689
2018-05-28 18:45,3698
2018-05-28 18:50,3711
2018-05-28 18:55,3704
2018-05-28 19:00,3727
2018-05-28 19:05,3713
2018-05-28 19:10,3725
2018-05-28 19:15,3733
2018-05-28 19:20,3745
2018-05-28 19:25,3785
2018-05-28 19:30,3755
2018-05-28 19:35,3752
2018-05-28 19:40,3766
2018-05-28 19:45,3763
2018-05-28 19:50,3764
2018-05-28 19:55,3760
2018-05-28 20:00,3748
2018-05-28 20:05,3695
2018-05-28 20:10,3654
2018-05-28 20:15,3617
2018-05-28 20:20,3599
2018-05-28 20:25,3580
2018-05-28 20:30,3544
2018-05-28 20:35,3521
2018-05-28 20:40,3488
2018-05-28 20:45,3447
2018-05-28 20:50,3434
2018-05-28 20:55,3428
2018-05-28 21:00,3417
2018-05-28 21:05,3383
2018-05-28 21:10,3373
2018-05-28 21:15,3323
2018-05-28 21:20,3250
2018-05-28 21:25,3248
2018-05-28 21:30,3254
2018-05-28 21:35,3219
2018-05-28 21:40,3183
2018-05-28 21:45,3145
2018-05-28 21:50,3098
2018-05-28 21:55,3078
2018-05-28 22:00,3034
2018-05-28 22:05,2993
2018-05-28 22:10,2944
2018-05-28 22:15,2911
2018-05-28 22:20,2903
2018-05-28 22:25,2903
2018-05-28 22:30,2879
2018-05-28 22:35,2861
2018-05-28 22:40,2859
2018-05-28 22:45,2844
2018-05-28 22:50,2834
2018-05-28 22:55,2802
2018-05-28 23:00,2747
2018-05-28 23:05,2739
2018-05-28 23:10,2714
2018-05-28 23:15,2668
2018-05-28 23:20,2645
2018-05-28 23:25,2645
2018-05-28 23:30,2612
2018-05-28 23:35,2591
2018-05-28 23:40,2566
2018-05-28 23:45,2537
2018-05-28 23:50,2530
2018-05-28 23:55,2498
2018-05-29 00:00,2487
2018-05-29 00:05,2487
2018-05-29 00:10,2468
2018-05-29 00:15,2448
2018-05-29 00:20,2463
2018-05-29 00:25,2445
2018-05-29 00:30,2451
2018-05-29 00:35,2436
2018-05-29 00:40,2445
2018-05-29 00:45,2430
2018-05-29 00:50,2403
2018-05-29 00:55,2387
2018-05-29 01:00,2386
2018-05-29 01:05,2375
2018-05-29 01:10,2343
2018-05-29 01:15,2350
2018-05-29 01:20,2328
2018-05-29 01:25,2298
2018-05-29 01:30,2291
2018-05-29 01:35,2294
2018-05-29 01:40,2281
2018-05-29 01:45,2294
2018-05-29 01:50,2258
2018-05-29 01:55,2250
2018-05-29 02:00,2235
2018-05-29 02:05,2231
2018-05-29 02:10,2210
2018-05-29 02:15,2170
2018-05-29 02:20,2154
2018-05-29 02:25,2146
2018-05-29 02:30,2119
2018-05-29 02:35,2111
2018-05-29 02:40,2062
2018-05-29 02:45,2067
2018-05-29 02:50,2048
2018-05-29 02:55,2026
2018-05-29 03:00,2022
2018-05-29 03:05,2006
2018-05-29 03:10,2016
2018-05-29 03:15,2004
2018-05-29 03:20,1982
2018-05-29 03:25,1962
2018-05-29 03:30,1932
2018-05-29 03:35,1927
2018-05-29 03:40,1896
2018-05-29 03:45,1882
2018-05-29 03:50,1891
2018-05-29 03:55,1894
2018-05-29 04:00,1866
2018-05-29 04:05,1828
2018-05-29 04:10,1790
2018-05-29 04:15,1773
2018-05-29 04:20,1766
2018-05-29 04:25,1750
2018-05-29 04:30,1737
2018-05-29 04:35,1708
2018-05-29 04:40,1725
2018-05-29 04:45,1709
2018-05-29 04:50,1702
2018-05-29 04:55,1697
2018-05-29 05:00,1699
2018-05-29 05:05,1680
2018-05-29 05:10,1679
2018-05-29 05:15,1654
2018-05-29 05:20,1645
2018-05-29 05:25,1651
2018-05-29 05:30,1635
2018-05-29 05:35,1653
2018-05-29 05:40,1651
2018-05-29 05:45,1638
2018-05-29 05:50,1645
2018-05-29 05:55,1643
2018-05-29 06:00,1643
2018-05-29 06:05,1614
2018-05-29 06:10,1628
2018-05-29 06:15,1616
2018-05-29 06:20,1599
2018-05-29 06:25,1608
2018-05-29 06:30,1587
2018-05-29 06:35,1580
2018-05-29 06:40,1580
2018-05-29 06:45,1575
2018-05-29 06:50,1568
2018-05-29 06:55,1571
2018-05-29 07:00,1567
2018-05-29 07:05,1566
2018-05-29 07:10,1564
2018-05-29 07:15,1573
2018-05-29 07:20,1568
2018-05-29 07:25,1550
2018-05-29 07:30,1561
2018-05-29 07:35,1565
2018-05-29 07:40,1582
2018-05-29 07:45,1584
2018-05-29 07:50,1607
2018-05-29 07:55,1612
2018-05-29 08:00,1619
2018-05-29 08:05,1600
2018-05-29 08:10,1603
2018-05-29 08:15,1612
2018-05-29 08:20,1618
2018-05-29 08:25,1635
2018-05-29 08:30,1628
2018-05-29 08:35,1630
2018-05-29 08:40,1641
2018-05-29 08:45,1646
2018-05-29 08:50,1661
2018-05-29 08:55,1682
2018-05-29 09:00,1698
2018-05-29 09:05,1709
2018-05-29 09:10,1718
2018-05-29 09:15,1732
2018-05-29 09:20,1747
2018-05-29 09:25,1739
2018-05-29 09:30,1771
2018-05-29 09:35,1783
2018-05-29 09:40,1786
2018-05-29 09:45,1801
2018-05-29 09:50,1811
2018-05-29 09:55,1837
2018-05-29 10:00,1883
2018-05-29 10:05,1940
2018-05-29 10:10,1952
2018-05-29 10:15,1919
2018-05-29 10:20,1940
2018-05-29 10:25,1972
2018-05-29 10:30,1968
2018-05-29 10:35,1966
2018-05-29 10:40,1999
2018-05-29 10:45,2018
2018-05-29 10:50,2041
2018-05-29 10:55,2053
2018-05-29 11:00,2069
2018-05-29 11:05,2088
2018-05-29 11:10,2064
2018-05-29 11:15,2082
2018-05-29 11:20,2079
2018-05-29 11:25,2072
2018-05-29 11:30,2074
2018-05-29 11:35,2072
2018-05-29 11:40,2076
2018-05-29 11:45,2081
2018-05-29 11:50,2088
2018-05-29 11:55,2123
2018-05-29 12:00,2155
2018-05-29 12:05,2178
2018-05-29 12:10,2183
2018-05-29 12:15,2209
2018-05-29 12:20,2221
2018-05-29 12:25,2242
2018-05-29 12:30,2242
2018-05-29 12:35,2266
2018-05-29 12:40,2282
2018-05-29 12:45,2288
2018-05-29 12:50,2320
2018-05-29 12:55,2345
2018-05-29 13:00,2359
2018-05-29 13:05,2377
2018-05-29 13:10,0
2018-05-29 13:15,2417
2018-05-29 13:20,2417
2018-05-29 13:25,2447
2018-05-29 13:30,2476
2018-05-29 13:35,2514
2018-05-29 13:40,2526
2018-05-29 13:45,2546
2018-05-29 13:50,2563
2018-05-29 13:55,2532
2018-05-29 14:00,2565
2018-05-29 14:05,2588
2018-05-29 14:10,2642
2018-05-29 14:15,2671
2018-05-29 14:20,2672
2018-05-29 14:25,2659
2018-05-29 14:30,2673
2018-05-29 14:35,2716
2018-05-29 14:40,2728
2018-05-29 14:45,2738
2018-05-29 14:50,2736
2018-05-29 14:55,2757
2018-05-29 15:00,2787
2018-05-29 15:05,2781
2018-05-29 15:10,2763
2018-05-29 15:15,2779
2018-05-29 15:20,2791
2018-05-29 15:25,2824
2018-05-29 15:30,2854
2018-05-29 15:35,2869
2018-05-29 15:40,2895
2018-05-29 15:45,2913
2018-05-29 15:50,2896
2018-05-29 15:55,2938
2018-05-29 16:00,2900
2018-05-29 16:05,2934
2018-05-29 16:10,2995
2018-05-29 16:15,2968
2018-05-29 16:20,3000
2018-05-29 16:25,2999
2018-05-29 16:30,3039
2018-05-29 16:35,3088
2018-05-29 16:40,3144
2018-05-29 16:45,3149
2018-05-29 16:50,3170
2018-05-29 16:55,3204
2018-05-29 17:00,3212
2018-05-29 17:05,3200
2018-05-29 17:10,3187
2018-05-29 17:15,3210
2018-05-29 17:20,3233
2018-05-29 17:25,3225
2018-05-29 17:30,3257
2018-05-29 17:35,3279
2018-05-29 17:40,3286
2018-05-29 17:45,3299
2018-05-29 17:50,3323
2018-05-29 17:55,3308
2018-05-29 18:00,3317
2018-05-29 18:05,3273
2018-05-29 18:10,3342
2018-05-29 18:15,3361
2018-05-29 18:20,3342
2018-05-29 18:25,3360
2018-05-29 18:30,3363
2018-05-29 18:35,3355
2018-05-29 18:40,3362
2018-05-29 18:45,3390
2018-05-29 18:50,3382
2018-05-29 18:55,3390
2018-05-29 19:00,3391
2018-05-29 19:05,3372
2018-05-29 19:10,3393
2018-05-29 19:15,3388
2018-05-29 19:20,3411
2018-05-29 19:25,3416
2018-05-29 19:30,3401
2018-05-29 19:35,3394
2018-05-29 19:40,3383
2018-05-29 19:45,3385
2018-05-29 19:50,3358
2018-05-29 19:55,3324
2018-05-29 20:00,3324
2018-05-29 20:05,3307
2018-05-29 20:10,3314
2018-05-29 20:15,3286
2018-05-29 20:20,3250
2018-05-29 20:25,3246
2018-05-29 20:30,3207
2018-05-29 20:35,3192
2018-05-29 20:40,3191
2018-05-29 20:45,3160
2018-05-29 20:50,3104
2018-05-29 20:55,3079
2018-05-29 21:00,3015
2018-05-29 21:05,2971
2018-05-29 21:10,2949
2018-05-29 21:15,2920
2018-05-29 21:20,2894
2018-05-29 21:25,2870
2018-05-29 21:30,2849
2018-05-29 21:35,2828
2018-05-29 21:40,2788
2018-05-29 21:45,2772
2018-05-29 21:50,2724
2018-05-29 21:55,2714
2018-05-29 22:00,2671
2018-05-29 22:05,2658
2018-05-29 22:10,2662
2018-05-29 22:15,2639
2018-05-29 22:20,2596
2018-05-29 22:25,2581
2018-05-29 22:30,
2018-05-29 22:35,2539
2018-05-29 22:40,2518
2018-05-29 22:45,2481
2018-05-29 22:50,2465
2018-05-29 22:55,2434
2018-05-29 23:00,2416
2018-05-29 23:05,
2018-05-29 23:10,
2018-05-29 23:15,
2018-05-29 23:20,1974
2018-05-29 23:25,2320
2018-05-29 23:30,2338
2018-05-29 23:35,2321
2018-05-29 23:40,2311
2018-05-29 23:45,2301
2018-05-29 23:50,2295
2018-05-29 23:55,2262
2018-05-30 00:00,2277
2018-05-30 00:05,2291
2018-05-30 00:10,2294
2018-05-30 00:15,2275
2018-05-30 00:20,2253
2018-05-30 00:25,2266
2018-05-30 00:30,2251
2018-05-30 00:35,2245
2018-05-30 00:40,2253
2018-05-30 00:45,2282
2018-05-30 00:50,2293
2018-05-30 00:55,2307
2018-05-30 01:00,2297
2018-05-30 01:05,2291
2018-05-30 01:10,2253
2018-05-30 01:15,2238
2018-05-30 01:20,2248
2018-05-30 01:25,2257
2018-05-30 01:30,2245
2018-05-30 01:35,2232
2018-05-30 01:40,2233
2018-05-30 01:45,2219
2018-05-30 01:50,2196
2018-05-30 01:55,2160
2018-05-30 02:00,2150
2018-05-30 02:05,2111
2018-05-30 02:10,2106
2018-05-30 02:15,2096
2018-05-30 02:20,2075
2018-05-30 02:25,2049
2018-05-30 02:30,2050
2018-05-30 02:35,2038
2018-05-30 02:40,2002
2018-05-30 02:45,1984
2018-05-30 02:50,1980
2018-05-30 02:55,1963
2018-05-30 03:00,1961
2018-05-30 03:05,1940
2018-05-30 03:10,1930
2018-05-30 03:15,1883
2018-05-30 03:20,1871
2018-05-30 03:25,1873
2018-05-30 03:30,1855
2018-05-30 03:35,1851
2018-05-30 03:40,1835
2018-05-30 03:45,1827
2018-05-30 03:50,1809
2018-05-30 03:55,1790
2018-05-30 04:00,1765
2018-05-30 04:05,1739
2018-05-30 04:10,1752
2018-05-30 04:15,1739
2018-05-30 04:20,1714
2018-05-30 04:25,1695
2018-05-30 04:30,1700
2018-05-30 04:35,1655
2018-05-30 04:40,1655
2018-05-30 04:45,1657
2018-05-30 04:50,1650
2018-05-30 04:55,1622
2018-05-30 05:00,1619
2018-05-30 05:05,1595
2018-05-30 05:10,1589
2018-05-30 05:15,1560
2018-05-30 05:20,1563
2018-05-30 05:25,1566
2018-05-30 05:30,1551
2018-05-30 05:35,1538
2018-05-30 05:40,1550
2018-05-30 05:45,1587
2018-05-30 05:50,1571
2018-05-30 05:55,1539
2018-05-30 06:00,1509
2018-05-30 06:05,1518
2018-05-30 06:10,1496
2018-05-30 06:15,1489
2018-05-30 06:20,1506
2018-05-30 06:25,1499
2018-05-30 06:30,1516
2018-05-30 06:35,1517
2018-05-30 06:40,1518
2018-05-30 06:45,1525
2018-05-30 06:50,1528
2018-05-30 06:55,1521
2018-05-30 07:00,1539
2018-05-30 07:05,1534
2018-05-30 07:10,1529
2018-05-30 07:15,1540
2018-05-30 07:20,1548
2018-05-30 07:25,1566
2018-05-30 07:30,1570
2018-05-30 07:35,1573
2018-05-30 07:40,1569
2018-05-30 07:45,1578
2018-05-30 07:50,1578
2018-05-30 07:55,1581
2018-05-30 08:00,1574
2018-05-30 08:05,1582
2018-05-30 08:10,1578
2018-05-30 08:15,1604
2018-05-30 08:20,1611
2018-05-30 08:25,1632
2018-05-30 08:30,1637
2018-05-30 08:35,1645
2018-05-30 08:40,1650
2018-05-30 08:45,1657
2018-05-30 08:50,1650
2018-05-30 08:55,1663
2018-05-30 09:00,1661
2018-05-30 09:05,1678
2018-05-30 09:10,1678
2018-05-30 09:15,1699
2018-05-30 09:20,1705
2018-05-30 09:25,1723
2018-05-30 09:30,1719
2018-05-30 09:35,1747
2018-05-30 09:40,1774
2018-05-30 09:45,1774
2018-05-30 09:50,1808
2018-05-30 09:55,1817
2018-05-30 10:00,1869
2018-05-30 10:05,1910
2018-05-30 10:10,1955
2018-05-30 10:15,1977
2018-05-30 10:20,1995
2018-05-30 10:25,2030
2018-05-30 10:30,2051
2018-05-30 10:35,2040
2018-05-30 10:40,2039
2018-05-30 10:45,2040
2018-05-30 10:50,2062
2018-05-30 10:55,2078
2018-05-30 11:00,2086
2018-05-30 11:05,2088
2018-05-30 11:10,2089
2018-05-30 11:15,2075
2018-05-30 11:20,2081
2018-05-30 11:25,2092
2018-05-30 11:30,2101
2018-05-30 11:35,2104
2018-05-30 11:40,2130
2018-05-30 11:45,2139
2018-05-30 11:50,2131
2018-05-30 11:55,2146
2018-05-30 12:00,2189
2018-05-30 12:05,2217
2018-05-30 12:10,2233
2018-05-30 12:15,2200
2018-05-30 12:20,2219
2018-05-30 12:25,2229
2018-05-30 12:30,2213
2018-05-30 12:35,2222
2018-05-30 12:40,2234
2018-05-30 12:45,2249
2018-05-30 12:50,2269
2018-05-30 12:55,2314
2018-05-30 13:00,2314
2018-05-30 13:05,2335
2018-05-30 13:10,2352
2018-05-30 13:15,2370
2018-05-30 13:20,2381
2018-05-30 13:25,2380
2018-05-30 13:30,2427
2018-05-30 13:35,2432
2018-05-30 13:40,2466
2018-05-30 13:45,2478
2018-05-30 13:50,2480
2018-05-30 13:55,2480
2018-05-30 14:00,2558
2018-05-30 14:05,2547
2018-05-30 14:10,2562
2018-05-30 14:15,2586
2018-05-30 14:20,2599
2018-05-30 14:25,2615
2018-05-30 14:30,2629
2018-05-30 14:35,2644
2018-05-30 14:40,2661
2018-05-30 14:45,2683
2018-05-30 14:50,2709
2018-05-30 14:55,2729
2018-05-30 15:00,2741
2018-05-30 15:05,2751
2018-05-30 15:10,2792
2018-05-30 15:15,2778
2018-05-30 15:20,2782
2018-05-30 15:25,2788
2018-05-30 15:30,2784
2018-05-30 15:35,2805
2018-05-30 15:40,2816
2018-05-30 15:45,2854
2018-05-30 15:50,2889
2018-05-30 15:55,2907
2018-05-30 16:00,2915
2018-05-30 16:05,2917
2018-05-30 16:10,2939
2018-05-30 16:15,2936
2018-05-30 16:20,2953
2018-05-30 16:25,2994
2018-05-30 16:30,2999
2018-05-30 16:35,2998
2018-05-30 16:40,3031
2018-05-30 16:45,3065
2018-05-30 16:50,3068
2018-05-30 16:55,3055
2018-05-30 17:00,3063
2018-05-30 17:05,3070
2018-05-30 17:10,3092
2018-05-30 17:15,3110
2018-05-30 17:20,3109
2018-05-30 17:25,3140
2018-05-30 17:30,3140
2018-05-30 17:35,3134
2018-05-30 17:40,3144
2018-05-30 17:45,3154
2018-05-30 17:50,3160
2018-05-30 17:55,3158
2018-05-30 18:00,3201
2018-05-30 18:05,3211
2018-05-30 18:10,3190
2018-05-30 18:15,3214
2018-05-30 18:20,3203
2018-05-30 18:25,3242
2018-05-30 18:30,3262
2018-05-30 18:35,3279
2018-05-30 18:40,3265
2018-05-30 18:45,3311
2018-05-30 18:50,3328
2018-05-30 18:55,3351
2018-05-30 19:00,3370
2018-05-30 19:05,3346
2018-05-30 19:10,3391
2018-05-30 19:15,3390
2018-05-30 19:20,3410
2018-05-30 19:25,3391
2018-05-30 19:30,3408
2018-05-30 19:35,3399
2018-05-30 19:40,3391
2018-05-30 19:45,3362
2018-05-30 19:50,3333
2018-05-30 19:55,3326
2018-05-30 20:00,3298
2018-05-30 20:05,3245
2018-05-30 20:10,3228
2018-05-30 20:15,3202
2018-05-30 20:20,3175
2018-05-30 20:25,3174
2018-05-30 20:30,3174
2018-05-30 20:35,3173
2018-05-30 20:40,3178
2018-05-30 20:45,3155
2018-05-30 20:50,3128
2018-05-30 20:55,3106
2018-05-30 21:00,3110
2018-05-30 21:05,3107
2018-05-30 21:10,3076
2018-05-30 21:15,3035
2018-05-30 21:20,3012
2018-05-30 21:25,2998
2018-05-30 21:30,2968
2018-05-30 21:35,2955
2018-05-30 21:40,2911
2018-05-30 21:45,2888
2018-05-30 21:50,2864
2018-05-30 21:55,2851
2018-05-30 22:00,2797
2018-05-30 22:05,2771
2018-05-30 22:10,2743
2018-05-30 22:15,2699
2018-05-30 22:20,2660
2018-05-30 22:25,2622
2018-05-30 22:30,2612
2018-05-30 22:35,2594
2018-05-30 22:40,2571
2018-05-30 22:45,2530
2018-05-30 22:50,2538
2018-05-30 22:55,2529
2018-05-30 23:00,2548
2018-05-30 23:05,2540
2018-05-30 23:10,2515
2018-05-30 23:15,2495
2018-05-30 23:20,2474
2018-05-30 23:25,2436
2018-05-30 23:30,2450
2018-05-30 23:35,2417
2018-05-30 23:40,2414
2018-05-30 23:45,2386
2018-05-30 23:50,2357
2018-05-30 23:55,2366
2018-05-31 00:00,2346
2018-05-31 00:05,2351
2018-05-31 00:10,2358
2018-05-31 00:15,2358
2018-05-31 00:20,2344
2018-05-31 00:25,2353
2018-05-31 00:30,2345
2018-05-31 00:35,2318
2018-05-31 00:40,2330
2018-05-31 00:45,2334
2018-05-31 00:50,2326
2018-05-31 00:55,2303
2018-05-31 01:00,2301
2018-05-31 01:05,2294
2018-05-31 01:10,2255
2018-05-31 01:15,2219
2018-05-31 01:20,2207
2018-05-31 01:25,2177
2018-05-31 01:30,2149
2018-05-31 01:35,2151
2018-05-31 01:40,2146
2018-05-31 01:45,2132
2018-05-31 01:50,2120
2018-05-31 01:55,2081
2018-05-31 02:00,2068
2018-05-31 02:05,2069
2018-05-31 02:10,2082
2018-05-31 02:15,2072
2018-05-31 02:20,2045
2018-05-31 02:25,2021
2018-05-31 02:30,2001
2018-05-31 02:35,1999
2018-05-31 02:40,1990
2018-05-31 02:45,1989
2018-05-31 02:50,1979
2018-05-31 02:55,1959
2018-05-31 03:00,1977
2018-05-31 03:05,1959
2018-05-31 03:10,1951
2018-05-31 03:15,1927
2018-05-31 03:20,1895
2018-05-31 03:25,1874
2018-05-31 03:30,1865
2018-05-31 03:35,1866
2018-05-31 03:40,1857
2018-05-31 03:45,1830
2018-05-31 03:50,1822
2018-05-31 03:55,1805
2018-05-31 04:00,1804
2018-05-31 04:05,1781
2018-05-31 04:10,1790
2018-05-31 04:15,1763
2018-05-31 04:20,1754
2018-05-31 04:25,1765
2018-05-31 04:30,1745
2018-05-31 04:35,1746
2018-05-31 04:40,1741
2018-05-31 04:45,1726
2018-05-31 04:50,1701
2018-05-31 04:55,1701
2018-05-31 05:00,1700
2018-05-31 05:05,1684
2018-05-31 05:10,1677
2018-05-31 05:15,1669
2018-05-31 05:20,1646
2018-05-31 05:25,1640
2018-05-31 05:30,1616
2018-05-31 05:35,1604
2018-05-31 05:40,1574
2018-05-31 05:45,1577
2018-05-31 05:50,1556
2018-05-31 05:55,1536
2018-05-31 06:00,1531
2018-05-31 06:05,1525
2018-05-31 06:10,1526
2018-05-31 06:15,1546
2018-05-31 06:20,1540
2018-05-31 06:25,1546
2018-05-31 06:30,1522
2018-05-31 06:35,1519
2018-05-31 06:40,1524
2018-05-31 06:45,1543
2018-05-31 06:50,1563
2018-05-31 06:55,1565
2018-05-31 07:00,1570
2018-05-31 07:05,1565
2018-05-31 07:10,1568
2018-05-31 07:15,1595
2018-05-31 07:20,1606
2018-05-31 07:25,1617
2018-05-31 07:30,1634
2018-05-31 07:35,1607
2018-05-31 07:40,1611
2018-05-31 07:45,1619
2018-05-31 07:50,1637
2018-05-31 07:55,1663
2018-05-31 08:00,1675
2018-05-31 08:05,1688
2018-05-31 08:10,1694
2018-05-31 08:15,1711
2018-05-31 08:20,1756
2018-05-31 08:25,1787
2018-05-31 08:30,1768
2018-05-31 08:35,1762
2018-05-31 08:40,1788
2018-05-31 08:45,1802
2018-05-31 08:50,1818
2018-05-31 08:55,1846
2018-05-31 09:00,1832
2018-05-31 09:05,1835
2018-05-31 09:10,1863
2018-05-31 09:15,1887
2018-05-31 09:20,1899
2018-05-31 09:25,1897
2018-05-31 09:30,1914
2018-05-31 09:35,1917
2018-05-31 09:40,1955
2018-05-31 09:45,1960
2018-05-31 09:50,1952
2018-05-31 09:55,1993
2018-05-31 10:00,2053
2018-05-31 10:05,2110
2018-05-31 10:10,2121
2018-05-31 10:15,2155
2018-05-31 10:20,2173
2018-05-31 10:25,2186
2018-05-31 10:30,2217
2018-05-31 10:35,2229
2018-05-31 10:40,2240
2018-05-31 10:45,2261
2018-05-31 10:50,2265
2018-05-31 10:55,2261
2018-05-31 11:00,2261
2018-05-31 11:05,2268
2018-05-31 11:10,2284
2018-05-31 11:15,2298
2018-05-31 11:20,2321
2018-05-31 11:25,2349
2018-05-31 11:30,2383
2018-05-31 11:35,2369
2018-05-31 11:40,2365
2018-05-31 11:45,2370
2018-05-31 11:50,2355
2018-05-31 11:55,2321
2018-05-31 12:00,2330
2018-05-31 12:05,2337
2018-05-31 12:10,2333
2018-05-31 12:15,2366
2018-05-31 12:20,2400
2018-05-31 12:25,2422
2018-05-31 12:30,2423
2018-05-31 12:35,2438
2018-05-31 12:40,2423
2018-05-31 12:45,2436
2018-05-31 12:50,2442
2018-05-31 12:55,2464
2018-05-31 13:00,2463
2018-05-31 13:05,2515
2018-05-31 13:10,2538
2018-05-31 13:15,2579
2018-05-31 13:20,2589
2018-05-31 13:25,2600
2018-05-31 13:30,2602
2018-05-31 13:35,2591
2018-05-31 13:40,2578
2018-05-31 13:45,2593
2018-05-31 13:50,2625
2018-05-31 13:55,2610
2018-05-31 14:00,2610
2018-05-31 14:05,2628
2018-05-31 14:10,2672
2018-05-31 14:15,2677
2018-05-31 14:20,2686
2018-05-31 14:25,2687
2018-05-31 14:30,2705
2018-05-31 14:35,2722
2018-05-31 14:40,2733
2018-05-31 14:45,2764
2018-05-31 14:50,2764
2018-05-31 14:55,2796
2018-05-31 15:00,2795
2018-05-31 15:05,2789
2018-05-31 15:10,2852
2018-05-31 15:15,2861
2018-05-31 15:20,2859
2018-05-31 15:25,2889
2018-05-31 15:30,2911
2018-05-31 15:35,2931
2018-05-31 15:40,2957
2018-05-31 15:45,2974
2018-05-31 15:50,2992
2018-05-31 15:55,2973
2018-05-31 16:00,2990
2018-05-31 16:05,3008
2018-05-31 16:10,3019
2018-05-31 16:15,3052
2018-05-31 16:20,3066
2018-05-31 16:25,3084
2018-05-31 16:30,3114
2018-05-31 16:35,3103
2018-05-31 16:40,3110
2018-05-31 16:45,3119
2018-05-31 16:50,3121
2018-05-31 16:55,3142
2018-05-31 17:00,3146
2018-05-31 17:05,3171
2018-05-31 17:10,3212
2018-05-31 17:15,3238
2018-05-31 17:20,3231
2018-05-31 17:25,3198
2018-05-31 17:30,3229
2018-05-31 17:35,3231
2018-05-31 17:40,3248
2018-05-31 17:45,3274
2018-05-31 17:50,3274
2018-05-31 17:55,3300
2018-05-31 18:00,3299
2018-05-31 18:05,3286
2018-05-31 18:10,3287
2018-05-31 18:15,3303
2018-05-31 18:20,3281
2018-05-31 18:25,3276
2018-05-31 18:30,3255
2018-05-31 18:35,3285
2018-05-31 18:40,3282
2018-05-31 18:45,3300
2018-05-31 18:50,3307
2018-05-31 18:55,3318
2018-05-31 19:00,3302
2018-05-31 19:05,3296
2018-05-31 19:10,3313
2018-05-31 19:15,3326
2018-05-31 19:20,3341
2018-05-31 19:25,3339
2018-05-31 19:30,3328
2018-05-31 19:35,3345
2018-05-31 19:40,3341
2018-05-31 19:45,3306
2018-05-31 19:50,3304
2018-05-31 19:55,3246
2018-05-31 20:00,3250
2018-05-31 20:05,3267
2018-05-31 20:10,3268
2018-05-31 20:15,3247
2018-05-31 20:20,3221
2018-05-31 20:25,3191
2018-05-31 20:30,3152
2018-05-31 20:35,3125
2018-05-31 20:40,3107
2018-05-31 20:45,3116
2018-05-31 20:50,3088
2018-05-31 20:55,3095
2018-05-31 21:00,3066
2018-05-31 21:05,3030
2018-05-31 21:10,3013
2018-05-31 21:15,2972
2018-05-31 21:20,2973
2018-05-31 21:25,2941
2018-05-31 21:30,2913
2018-05-31 21:35,2904
2018-05-31 21:40,2881
2018-05-31 21:45,2865
2018-05-31 21:50,2818
2018-05-31 21:55,2798
2018-05-31 22:00,2800
2018-05-31 22:05,2774
2018-05-31 22:10,2718
2018-05-31 22:15,2676
2018-05-31 22:20,2654
2018-05-31 22:25,2621
2018-05-31 22:30,2611
2018-05-31 22:35,2576
2018-05-31 22:40,2567
2018-05-31 22:45,2541
2018-05-31 22:50,2521
2018-05-31 22:55,2513
2018-05-31 23:00,2468
2018-05-31 23:05,2457
2018-05-31 23:10,2425
2018-05-31 23:15,2419
2018-05-31 23:20,2400
2018-05-31 23:25,2372
2018-05-31 23:30,2368
2018-05-31 23:35,2366
2018-05-31 23:40,2354
2018-05-31 23:45,2358
2018-05-31 23:50,2373
2018-05-31 23:55,2363
2018-06-01 00:00,2336
2018-06-01 00:05,2322
2018-06-01 00:10,2291
2018-06-01 00:15,2293
2018-06-01 00:20,2265
2018-06-01 00:25,2236
2018-06-01 00:30,2226
2018-06-01 00:35,2219
2018-06-01 00:40,2196
2018-06-01 00:45,2206
2018-06-01 00:50,2173
2018-06-01 00:55,2173
2018-06-01 01:00,2181
2018-06-01 01:05,2172
2018-06-01 01:10,2155
2018-06-01 01:15,2148
2018-06-01 01:20,2146
2018-06-01 01:25,2137
2018-06-01 01:30,2108
2018-06-01 01:35,2084
2018-06-01 01:40,2082
2018-06-01 01:45,2091
2018-06-01 01:50,2086
2018-06-01 01:55,2083
2018-06-01 02:00,2066
2018-06-01 02:05,2063
2018-06-01 02:10,2044
2018-06-01 02:15,2049
2018-06-01 02:20,2029
2018-06-01 02:25,2047
2018-06-01 02:30,2053
2018-06-01 02:35,2061
2018-06-01 02:40,2050
2018-06-01 02:45,2036
2018-06-01 02:50,2012
2018-06-01 02:55,1989
2018-06-01 03:00,1968
2018-06-01 03:05,1935
2018-06-01 03:10,1914
2018-06-01 03:15,1915
2018-06-01 03:20,1889
2018-06-01 03:25,1868
2018-06-01 03:30,1841
2018-06-01 03:35,1814
2018-06-01 03:40,1813
2018-06-01 03:45,1808
2018-06-01 03:50,1783
2018-06-01 03:55,1788
2018-06-01 04:00,1773
2018-06-01 04:05,1767
2018-06-01 04:10,1755
2018-06-01 04:15,1757
2018-06-01 04:20,1720
2018-06-01 04:25,1709
2018-06-01 04:30,1694
2018-06-01 04:35,1693
2018-06-01 04:40,1686
2018-06-01 04:45,1668
2018-06-01 04:50,1662
2018-06-01 04:55,1654
2018-06-01 05:00,1628
2018-06-01 05:05,1627
2018-06-01 05:10,1621
2018-06-01 05:15,1616
2018-06-01 05:20,1607
2018-06-01 05:25,1601
2018-06-01 05:30,1598
2018-06-01 05:35,1575
2018-06-01 05:40,1571
2018-06-01 05:45,1578
2018-06-01 05:50,1574
2018-06-01 05:55,1567
2018-06-01 06:00,1563
2018-06-01 06:05,1548
2018-06-01 06:10,1542
2018-06-01 06:15,1524
2018-06-01 06:20,1512
2018-06-01 06:25,1496
2018-06-01 06:30,1498
2018-06-01 06:35,1489
2018-06-01 06:40,1506
2018-06-01 06:45,1516
2018-06-01 06:50,1511
2018-06-01 06:55,1526
2018-06-01 07:00,1515
2018-06-01 07:05,1516
2018-06-01 07:10,1517
2018-06-01 07:15,1484
2018-06-01 07:20,1487
2018-06-01 07:25,1494
2018-06-01 07:30,1503
2018-06-01 07:35,1514
2018-06-01 07:40,1523
2018-06-01 07:45,1522
2018-06-01 07:50,1539
2018-06-01 07:55,1540
2018-06-01 08:00,1566
2018-06-01 08:05,1566
2018-06-01 08:10,1577
2018-06-01 08:15,1579
2018-06-01 08:20,1599
2018-06-01 08:25,1603
2018-06-01 08:30,1625
2018-06-01 08:35,1624
2018-06-01 08:40,1641
2018-06-01 08:45,1646
2018-06-01 08:50,1637
2018-06-01 08:55,1661
2018-06-01 09:00,1672
2018-06-01 09:05,1748
2018-06-01 09:10,1760
2018-06-01 09:15,1793
2018-06-01 09:20,1800
2018-06-01 09:25,1796
2018-06-01 09:30,1791
2018-06-01 09:35,1818
2018-06-01 09:40,1839
2018-06-01 09:45,1857
2018-06-01 09:50,1866
2018-06-01 09:55,1868
2018-06-01 10:00,1882
2018-06-01 10:05,1893
2018-06-01 10:10,1895
2018-06-01 10:15,1899
2018-06-01 10:20,1934
2018-06-01 10:25,1968
2018-06-01 10:30,2009
2018-06-01 10:35,2030
2018-06-01 10:40,2031
2018-06-01 10:45,2053
2018-06-01 10:50,2092
2018-06-01 10:55,2088
2018-06-01 11:00,2083
2018-06-01 11:05,2111
2018-06-01 11:10,2129
2018-06-01 11:15,2159
2018-06-01 11:20,2196
2018-06-01 11:25,2180
2018-06-01 11:30,2169
2018-06-01 11:35,2200
2018-06-01 11:40,2212
2018-06-01 11:45,2197
2018-06-01 11:50,2208
2018-06-01 11:55,2212
2018-06-01 12:00,2192
2018-06-01 12:05,2191
2018-06-01 12:10,2213
2018-06-01 12:15,2227
2018-06-01 12:20,2228
2018-06-01 12:25,2247
2018-06-01 12:30,2251
2018-06-01 12:35,2251
2018-06-01 12:40,2263
2018-06-01 12:45,2269
2018-06-01 12:50,2283
2018-06-01 12:55,2299
2018-06-01 13:00,2311
2018-06-01 13:05,2330
2018-06-01 13:10,2335
2018-06-01 13:15,2354
2018-06-01 13:20,2340
2018-06-01 13:25,2338
2018-06-01 13:30,2320
2018-06-01 13:35,2291
2018-06-01 13:40,2273
2018-06-01 13:45,2256
2018-06-01 13:50,2222
2018-06-01 13:55,2107
2018-06-01 14:00,1846
2018-06-01 14:05,1093
2018-06-01 14:10,1028
2018-06-01 14:15,989
2018-06-01 14:20,983
2018-06-01 14:25,961
2018-06-01 14:30,953
2018-06-01 14:35,939
2018-06-01 14:40,917
2018-06-01 14:45,919
2018-06-01 14:50,930
2018-06-01 14:55,956
2018-06-01 15:00,966
2018-06-01 15:05,997
2018-06-01 15:10,0
2018-06-01 15:15,1053
2018-06-01 15:20,1183
2018-06-01 15:25,1361
2018-06-01 15:30,1495
2018-06-01 15:35,1614
2018-06-01 15:40,1762
2018-06-01 15:45,1864
2018-06-01 15:50,1965
2018-06-01 15:55,2074
2018-06-01 16:00,2185
2018-06-01 16:05,2326
2018-06-01 16:10,2495
2018-06-01 16:15,2614
2018-06-01 16:20,2681
2018-06-01 16:25,2798
2018-06-01 16:30,2842
2018-06-01 16:35,2872
2018-06-01 16:40,2925
2018-06-01 16:45,2953
2018-06-01 16:50,2994
2018-06-01 16:55,3025
2018-06-01 17:00,3049
2018-06-01 17:05,3077
2018-06-01 17:10,3141
2018-06-01 17:15,3169
2018-06-01 17:20,3186
2018-06-01 17:25,3218
2018-06-01 17:30,3234
2018-06-01 17:35,3265
2018-06-01 17:40,3289
2018-06-01 17:45,3284
2018-06-01 17:50,3317
2018-06-01 17:55,3332
2018-06-01 18:00,3349
2018-06-01 18:05,3344
2018-06-01 18:10,3325
2018-06-01 18:15,3338
2018-06-01 18:20,3338
2018-06-01 18:25,3344
2018-06-01 18:30,3347
2018-06-01 18:35,3350
2018-06-01 18:40,3366
2018-06-01 18:45,3380
2018-06-01 18:50,3376
2018-06-01 18:55,3381
2018-06-01 19:00,3380
2018-06-01 19:05,3415
2018-06-01 19:10,3409
2018-06-01 19:15,3394
2018-06-01 19:20,3390
2018-06-01 19:25,3384
2018-06-01 19:30,3386
2018-06-01 19:35,3397
2018-06-01 19:40,3394
2018-06-01 19:45,3403
2018-06-01 19:50,3398
2018-06-01 19:55,3398
2018-06-01 20:00,3407
2018-06-01 20:05,3416
2018-06-01 20:10,3404
2018-06-01 20:15,3375
2018-06-01 20:20,3356
2018-06-01 20:25,3335
2018-06-01 20:30,3334
2018-06-01 20:35,3310
2018-06-01 20:40,3277
2018-06-01 20:45,3232
2018-06-01 20:50,3244
2018-06-01 20:55,3232
2018-06-01 21:00,3171
2018-06-01 21:05,3154
2018-06-01 21:10,3124
2018-06-01 21:15,3116
2018-06-01 21:20,3100
2018-06-01 21:25,3082
2018-06-01 21:30,3091
2018-06-01 21:35,3058
2018-06-01 21:40,3052
2018-06-01 21:45,3037
2018-06-01 21:50,2988
2018-06-01 21:55,2962
2018-06-01 22:00,2940
2018-06-01 22:05,2920
2018-06-01 22:10,2884
2018-06-01 22:15,2816
2018-06-01 22:20,2780
2018-06-01 22:25,2760
2018-06-01 22:30,2723
2018-06-01 22:35,2688
2018-06-01 22:40,2653
2018-06-01 22:45,2619
2018-06-01 22:50,2597
2018-06-01 22:55,2594
2018-06-01 23:00,2592
2018-06-01 23:05,2578
2018-06-01 23:10,2532
2018-06-01 23:15,2518
2018-06-01 23:20,2509
2018-06-01 23:25,2503
2018-06-01 23:30,2487
2018-06-01 23:35,2464
2018-06-01 23:40,2471
2018-06-01 23:45,2446
2018-06-01 23:50,2421
2018-06-01 23:55,2394
2018-06-02 00:00,2376
2018-06-02 00:05,2380
2018-06-02 00:10,2373
2018-06-02 00:15,2371
2018-06-02 00:20,2348
2018-06-02 00:25,2346
2018-06-02 00:30,2327
2018-06-02 00:35,2315
2018-06-02 00:40,2293
2018-06-02 00:45,2277
2018-06-02 00:50,2295
2018-06-02 00:55,2298
2018-06-02 01:00,2291
2018-06-02 01:05,2286
2018-06-02 01:10,2264
2018-06-02 01:15,2253
2018-06-02 01:20,2248
2018-06-02 01:25,2240
2018-06-02 01:30,2231
2018-06-02 01:35,2231
2018-06-02 01:40,2221
2018-06-02 01:45,2208
2018-06-02 01:50,2192
2018-06-02 01:55,2183
2018-06-02 02:00,2170
2018-06-02 02:05,2162
2018-06-02 02:10,2166
2018-06-02 02:15,2146
2018-06-02 02:20,2177
2018-06-02 02:25,2164
2018-06-02 02:30,2163
2018-06-02 02:35,2157
2018-06-02 02:40,2170
2018-06-02 02:45,2146
2018-06-02 02:50,2160
2018-06-02 02:55,2132
2018-06-02 03:00,2153
2018-06-02 03:05,2146
2018-06-02 03:10,2116
2018-06-02 03:15,2115
2018-06-02 03:20,2065
2018-06-02 03:25,2058
2018-06-02 03:30,2055
2018-06-02 03:35,2057
2018-06-02 03:40,2027
2018-06-02 03:45,2020
2018-06-02 03:50,2024
2018-06-02 03:55,2002
2018-06-02 04:00,1988
2018-06-02 04:05,1986
2018-06-02 04:10,1970
2018-06-02 04:15,1953
2018-06-02 04:20,1949
2018-06-02 04:25,1936
2018-06-02 04:30,1929
2018-06-02 04:35,1913
2018-06-02 04:40,1908
2018-06-02 04:45,1891
2018-06-02 04:50,1882
2018-06-02 04:55,1897
2018-06-02 05:00,1881
2018-06-02 05:05,1891
2018-06-02 05:10,1890
2018-06-02 05:15,1899
2018-06-02 05:20,1873
2018-06-02 05:25,1855
2018-06-02 05:30,1832
2018-06-02 05:35,1823
2018-06-02 05:40,1819
2018-06-02 05:45,1799
2018-06-02 05:50,1799
2018-06-02 05:55,1806
2018-06-02 06:00,1814
2018-06-02 06:05,1837
2018-06-02 06:10,1830
2018-06-02 06:15,1839
2018-06-02 06:20,1853
2018-06-02 06:25,1852
2018-06-02 06:30,1861
2018-06-02 06:35,1868
2018-06-02 06:40,1876
2018-06-02 06:45,1877
2018-06-02 06:50,1850
2018-06-02 06:55,1867
2018-06-02 07:00,1875
2018-06-02 07:05,1880
2018-06-02 07:10,1868
2018-06-02 07:15,1927
2018-06-02 07:20,1938
2018-06-02 07:25,1929
2018-06-02 07:30,1949
2018-06-02 07:35,1971
2018-06-02 07:40,1999
2018-06-02 07:45,1981
2018-06-02 07:50,1999
2018-06-02 07:55,2016
2018-06-02 08:00,2026
2018-06-02 08:05,2018
2018-06-02 08:10,2055
2018-06-02 08:15,2065
2018-06-02 08:20,2062
2018-06-02 08:25,2070
2018-06-02 08:30,2078
2018-06-02 08:35,2116
2018-06-02 08:40,2146
2018-06-02 08:45,2171
2018-06-02 08:50,2167
2018-06-02 08:55,2194
2018-06-02 09:00,2203
2018-06-02 09:05,2194
2018-06-02 09:10,2209
2018-06-02 09:15,2243
2018-06-02 09:20,2240
2018-06-02 09:25,2235
2018-06-02 09:30,2273
2018-06-02 09:35,2308
2018-06-02 09:40,2316
2018-06-02 09:45,2353
2018-06-02 09:50,2362
2018-06-02 09:55,2394
2018-06-02 10:00,2417
2018-06-02 10:05,2467
2018-06-02 10:10,2478
2018-06-02 10:15,2494
2018-06-02 10:20,2551
2018-06-02 10:25,2560
2018-06-02 10:30,2553
2018-06-02 10:35,2570
2018-06-02 10:40,2572
2018-06-02 10:45,2558
2018-06-02 10:50,2576
2018-06-02 10:55,2598
2018-06-02 11:00,2596
2018-06-02 11:05,2663
2018-06-02 11:10,2662
2018-06-02 11:15,2674
2018-06-02 11:20,2689
2018-06-02 11:25,2693
2018-06-02 11:30,2711
2018-06-02 11:35,2713
2018-06-02 11:40,2751
2018-06-02 11:45,2760
2018-06-02 11:50,2755
2018-06-02 11:55,2748
2018-06-02 12:00,2765
2018-06-02 12:05,2766
2018-06-02 12:10,2804
2018-06-02 12:15,2816
2018-06-02 12:20,2802
2018-06-02 12:25,2851
2018-06-02 12:30,2864
2018-06-02 12:35,2890
2018-06-02 12:40,2918
2018-06-02 12:45,2929
2018-06-02 12:50,2940
2018-06-02 12:55,2942
2018-06-02 13:00,2955
2018-06-02 13:05,2961
2018-06-02 13:10,2993
2018-06-02 13:15,3018
2018-06-02 13:20,3021
2018-06-02 13:25,3042
2018-06-02 13:30,3080
2018-06-02 13:35,3103
2018-06-02 13:40,3072
2018-06-02 13:45,3137
2018-06-02 13:50,3157
2018-06-02 13:55,3163
2018-06-02 14:00,3173
2018-06-02 14:05,3161
2018-06-02 14:10,3172
2018-06-02 14:15,3178
2018-06-02 14:20,3200
2018-06-02 14:25,3227
2018-06-02 14:30,3253
2018-06-02 14:35,3267
2018-06-02 14:40,3280
2018-06-02 14:45,3306
2018-06-02 14:50,3315
2018-06-02 14:55,3331
2018-06-02 15:00,3322
2018-06-02 15:05,3358
2018-06-02 15:10,3369
2018-06-02 15:15,3410
2018-06-02 15:20,3442
2018-06-02 15:25,3448
2018-06-02 15:30,3453
2018-06-02 15:35,3462
2018-06-02 15:40,3478
2018-06-02 15:45,3478
2018-06-02 15:50,3492
2018-06-02 15:55,3500
2018-06-02 16:00,3510
2018-06-02 16:05,3516
2018-06-02 16:10,3523
2018-06-02 16:15,3527
2018-06-02 16:20,3546
2018-06-02 16:25,3590
2018-06-02 16:30,3589
2018-06-02 16:35,3615
2018-06-02 16:40,3645
2018-06-02 16:45,3610
2018-06-02 16:50,3624
2018-06-02 16:55,3617
2018-06-02 17:00,3592
2018-06-02 17:05,3591
2018-06-02 17:10,3603
2018-06-02 17:15,3584
2018-06-02 17:20,3580
2018-06-02 17:25,3578
2018-06-02 17:30,3573
2018-06-02 17:35,3580
2018-06-02 17:40,3583
2018-06-02 17:45,3576
2018-06-02 17:50,3596
2018-06-02 17:55,3618
2018-06-02 18:00,3600
2018-06-02 18:05,3550
2018-06-02 18:10,0
2018-06-02 18:15,3586
2018-06-02 18:20,3620
2018-06-02 18:25,3603
2018-06-02 18:30,3629
2018-06-02 18:35,3620
2018-06-02 18:40,3637
2018-06-02 18:45,3644
2018-06-02 18:50,3647
2018-06-02 18:55,3645
2018-06-02 19:00,3639
2018-06-02 19:05,3672
2018-06-02 19:10,3675
2018-06-02 19:15,3687
2018-06-02 19:20,3689
2018-06-02 19:25,3687
2018-06-02 19:30,3684
2018-06-02 19:35,3701
2018-06-02 19:40,3703
2018-06-02 19:45,3699
2018-06-02 19:50,3717
2018-06-02 19:55,3678
2018-06-02 20:00,3681
2018-06-02 20:05,3650
2018-06-02 20:10,3651
2018-06-02 20:15,3671
2018-06-02 20:20,3668
2018-06-02 20:25,3650
2018-06-02 20:30,3650
2018-06-02 20:35,3649
2018-06-02 20:40,3651
2018-06-02 20:45,3677
2018-06-02 20:50,3682
2018-06-02 20:55,3661
2018-06-02 21:00,3629
2018-06-02 21:05,3623
2018-06-02 21:10,3597
2018-06-02 21:15,3576
2018-06-02 21:20,3573
2018-06-02 21:25,3508
2018-06-02 21:30,3519
2018-06-02 21:35,3492
2018-06-02 21:40,3492
2018-06-02 21:45,3434
2018-06-02 21:50,3407
2018-06-02 21:55,3334
2018-06-02 22:00,3299
2018-06-02 22:05,3273
2018-06-02 22:10,3246
2018-06-02 22:15,3216
2018-06-02 22:20,3197
2018-06-02 22:25,3144
2018-06-02 22:30,3126
2018-06-02 22:35,3079
2018-06-02 22:40,3077
2018-06-02 22:45,3048
2018-06-02 22:50,3000
2018-06-02 22:55,2962
2018-06-02 23:00,2899
2018-06-02 23:05,2855
2018-06-02 23:10,2803
2018-06-02 23:15,2762
2018-06-02 23:20,2782
2018-06-02 23:25,2768
2018-06-02 23:30,2749
2018-06-02 23:35,2743
2018-06-02 23:40,2719
2018-06-02 23:45,2700
2018-06-02 23:50,2664
2018-06-02 23:55,2635
2018-06-03 00:00,2624
2018-06-03 00:05,2606
2018-06-03 00:10,2597
2018-06-03 00:15,2582
2018-06-03 00:20,2594
2018-06-03 00:25,2575
2018-06-03 00:30,2542
2018-06-03 00:35,2553
2018-06-03 00:40,2525
2018-06-03 00:45,2520
2018-06-03 00:50,2509
2018-06-03 00:55,2502
2018-06-03 01:00,2491
2018-06-03 01:05,2462
2018-06-03 01:10,2429
2018-06-03 01:15,2408
2018-06-03 01:20,2370
2018-06-03 01:25,2356
2018-06-03 01:30,2366
2018-06-03 01:35,2349
2018-06-03 01:40,2326
2018-06-03 01:45,2327
2018-06-03 01:50,2309
2018-06-03 01:55,2300
2018-06-03 02:00,2280
2018-06-03 02:05,2284
2018-06-03 02:10,2277
2018-06-03 02:15,2266
2018-06-03 02:20,2253
2018-06-03 02:25,2268
2018-06-03 02:30,2242
2018-06-03 02:35,2256
2018-06-03 02:40,2246
2018-06-03 02:45,2240
2018-06-03 02:50,2213
2018-06-03 02:55,2206
2018-06-03 03:00,2206
2018-06-03 03:05,2204
2018-06-03 03:10,2194
2018-06-03 03:15,2180
2018-06-03 03:20,2176
2018-06-03 03:25,2185
2018-06-03 03:30,2180
2018-06-03 03:35,2167
2018-06-03 03:40,2167
2018-06-03 03:45,2146
2018-06-03 03:50,2115
2018-06-03 03:55,2113
2018-06-03 04:00,2108
2018-06-03 04:05,2095
2018-06-03 04:10,2087
2018-06-03 04:15,2067
2018-06-03 04:20,2052
2018-06-03 04:25,2040
2018-06-03 04:30,2024
2018-06-03 04:35,2013
2018-06-03 04:40,2009
2018-06-03 04:45,2001
2018-06-03 04:50,2015
2018-06-03 04:55,2014
2018-06-03 05:00,2000
2018-06-03 05:05,1997
2018-06-03 05:10,1994
2018-06-03 05:15,1991
2018-06-03 05:20,1991
2018-06-03 05:25,1991
2018-06-03 05:30,1991
2018-06-03 05:35,2001
2018-06-03 05:40,1990
2018-06-03 05:45,1991
2018-06-03 05:50,2007
2018-06-03 05:55,2001
2018-06-03 06:00,2013
2018-06-03 06:05,2026
2018-06-03 06:10,2041
2018-06-03 06:15,2027
2018-06-03 06:20,2042
2018-06-03 06:25,2046
2018-06-03 06:30,2031
2018-06-03 06:35,2039
2018-06-03 06:40,2055
2018-06-03 06:45,2060
2018-06-03 06:50,2061
2018-06-03 06:55,2092
2018-06-03 07:00,2116
2018-06-03 07:05,2129
2018-06-03 07:10,2157
2018-06-03 07:15,2155
2018-06-03 07:20,2180
2018-06-03 07:25,2191
2018-06-03 07:30,2198
2018-06-03 07:35,2209
2018-06-03 07:40,2211
2018-06-03 07:45,2222
2018-06-03 07:50,2241
2018-06-03 07:55,2255
2018-06-03 08:00,2274
2018-06-03 08:05,2282
2018-06-03 08:10,2285
2018-06-03 08:15,2321
2018-06-03 08:20,2336
2018-06-03 08:25,2374
2018-06-03 08:30,2388
2018-06-03 08:35,2409
2018-06-03 08:40,2450
2018-06-03 08:45,2444
2018-06-03 08:50,2484
2018-06-03 08:55,2486
2018-06-03 09:00,2499
2018-06-03 09:05,2518
2018-06-03 09:10,2519
2018-06-03 09:15,2530
2018-06-03 09:20,2527
2018-06-03 09:25,2550
2018-06-03 09:30,2582
2018-06-03 09:35,2594
2018-06-03 09:40,2621
2018-06-03 09:45,2670
2018-06-03 09:50,2690
2018-06-03 09:55,2713
2018-06-03 10:00,2722
2018-06-03 10:05,2765
2018-06-03 10:10,2793
2018-06-03 10:15,2802
2018-06-03 10:20,2795
2018-06-03 10:25,2805
2018-06-03 10:30,2841
2018-06-03 10:35,2852
2018-06-03 10:40,2838
2018-06-03 10:45,2861
2018-06-03 10:50,2892
2018-06-03 10:55,2890
2018-06-03 11:00,2885
2018-06-03 11:05,2880
2018-06-03 11:10,2917
2018-06-03 11:15,2927
2018-06-03 11:20,2965
2018-06-03 11:25,2973
2018-06-03 11:30,3002
2018-06-03 11:35,3006
2018-06-03 11:40,3014
2018-06-03 11:45,3037
2018-06-03 11:50,3047
2018-06-03 11:55,3071
2018-06-03 12:00,3105
2018-06-03 12:05,3128
2018-06-03 12:10,3122
2018-06-03 12:15,3143
2018-06-03 12:20,3151
2018-06-03 12:25,3142
2018-06-03 12:30,3163
2018-06-03 12:35,3178
2018-06-03 12:40,3193
2018-06-03 12:45,3216
2018-06-03 12:50,3243
2018-06-03 12:55,3259
2018-06-03 13:00,3247
2018-06-03 13:05,3281
2018-06-03 13:10,3299
2018-06-03 13:15,3323
2018-06-03 13:20,3357
2018-06-03 13:25,3398
2018-06-03 13:30,3430
2018-06-03 13:35,3461
2018-06-03 13:40,3476
2018-06-03 13:45,3500
2018-06-03 13:50,3527
2018-06-03 13:55,3554
2018-06-03 14:00,3553
2018-06-03 14:05,3556
2018-06-03 14:10,3557
2018-06-03 14:15,3535
2018-06-03 14:20,3553
2018-06-03 14:25,3552
2018-06-03 14:30,3527
2018-06-03 14:35,3575
2018-06-03 14:40,3599
2018-06-03 14:45,3623
2018-06-03 14:50,3653
2018-06-03 14:55,3673
2018-06-03 15:00,3682
2018-06-03 15:05,3691
2018-06-03 15:10,3669
2018-06-03 15:15,3678
2018-06-03 15:20,3675
2018-06-03 15:25,3698
2018-06-03 15:30,3702
2018-06-03 15:35,3729
2018-06-03 15:40,3748
2018-06-03 15:45,3745
2018-06-03 15:50,3758
2018-06-03 15:55,3750
2018-06-03 16:00,3762
2018-06-03 16:05,3807
2018-06-03 16:10,3846
2018-06-03 16:15,3883
2018-06-03 16:20,3904
2018-06-03 16:25,3938
2018-06-03 16:30,3947
2018-06-03 16:35,3960
2018-06-03 16:40,3985
2018-06-03 16:45,3981
2018-06-03 16:50,3934
2018-06-03 16:55,3923
2018-06-03 17:00,3936
2018-06-03 17:05,3937
2018-06-03 17:10,3919
2018-06-03 17:15,3903
2018-06-03 17:20,3901
2018-06-03 17:25,3933
2018-06-03 17:30,3929
2018-06-03 17:35,3934
2018-06-03 17:40,3922
2018-06-03 17:45,3918
2018-06-03 17:50,3939
2018-06-03 17:55,3933
2018-06-03 18:00,3924
2018-06-03 18:05,3887
2018-06-03 18:10,3929
2018-06-03 18:15,3935
2018-06-03 18:20,3937
2018-06-03 18:25,3945
2018-06-03 18:30,3966
2018-06-03 18:35,3947
2018-06-03 18:40,3953
2018-06-03 18:45,3952
2018-06-03 18:50,3948
2018-06-03 18:55,3913
2018-06-03 19:00,3907
2018-06-03 19:05,3902
2018-06-03 19:10,3889
2018-06-03 19:15,3874
2018-06-03 19:20,3872
2018-06-03 19:25,3892
2018-06-03 19:30,3899
2018-06-03 19:35,3891
2018-06-03 19:40,3866
2018-06-03 19:45,3877
2018-06-03 19:50,3848
2018-06-03 19:55,3844
2018-06-03 20:00,3816
2018-06-03 20:05,3802
2018-06-03 20:10,3785
2018-06-03 20:15,3762
2018-06-03 20:20,3739
2018-06-03 20:25,3691
2018-06-03 20:30,3685
2018-06-03 20:35,3662
2018-06-03 20:40,3605
2018-06-03 20:45,3571
2018-06-03 20:50,3542
2018-06-03 20:55,3497
2018-06-03 21:00,3485
2018-06-03 21:05,3425
2018-06-03 21:10,3375
2018-06-03 21:15,3328
2018-06-03 21:20,3315
2018-06-03 21:25,3288
2018-06-03 21:30,3239
2018-06-03 21:35,3186
2018-06-03 21:40,3147
2018-06-03 21:45,3108
2018-06-03 21:50,3097
2018-06-03 21:55,3063
2018-06-03 22:00,3059
2018-06-03 22:05,3022
2018-06-03 22:10,3010
2018-06-03 22:15,0
2018-06-03 22:20,2949
2018-06-03 22:25,2927
2018-06-03 22:30,2903
2018-06-03 22:35,2874
2018-06-03 22:40,2864
2018-06-03 22:45,2812
2018-06-03 22:50,2784
2018-06-03 22:55,2762
2018-06-03 23:00,2728
2018-06-03 23:05,2708
2018-06-03 23:10,2697
2018-06-03 23:15,2659
2018-06-03 23:20,2638
2018-06-03 23:25,2597
2018-06-03 23:30,2598
2018-06-03 23:35,2590
2018-06-03 23:40,2585
2018-06-03 23:45,2551
2018-06-03 23:50,2533
2018-06-03 23:55,2542
2018-06-04 00:00,2509
2018-06-04 00:05,2491
2018-06-04 00:10,2441
2018-06-04 00:15,2449
2018-06-04 00:20,2414
2018-06-04 00:25,2416
2018-06-04 00:30,2393
2018-06-04 00:35,2401
2018-06-04 00:40,2424
2018-06-04 00:45,2399
2018-06-04 00:50,2384
2018-06-04 00:55,2380
2018-06-04 01:00,2367
2018-06-04 01:05,2333
2018-06-04 01:10,2327
2018-06-04 01:15,2280
2018-06-04 01:20,2264
2018-06-04 01:25,2259
2018-06-04 01:30,2247
2018-06-04 01:35,2236
2018-06-04 01:40,2227
2018-06-04 01:45,2205
2018-06-04 01:50,2186
2018-06-04 01:55,2204
2018-06-04 02:00,2206
2018-06-04 02:05,2200
2018-06-04 02:10,2218
2018-06-04 02:15,2168
2018-06-04 02:20,2149
2018-06-04 02:25,2116
2018-06-04 02:30,2119
2018-06-04 02:35,2112
2018-06-04 02:40,2096
2018-06-04 02:45,2092
2018-06-04 02:50,2092
2018-06-04 02:55,2064
2018-06-04 03:00,2055
2018-06-04 03:05,2029
2018-06-04 03:10,2007
2018-06-04 03:15,2003
2018-06-04 03:20,1973
2018-06-04 03:25,1928
2018-06-04 03:30,1913
2018-06-04 03:35,1907
2018-06-04 03:40,1896
2018-06-04 03:45,1883
2018-06-04 03:50,1870
2018-06-04 03:55,1843
2018-06-04 04:00,1830
2018-06-04 04:05,1806
2018-06-04 04:10,1791
2018-06-04 04:15,1767
2018-06-04 04:20,1750
2018-06-04 04:25,1735
2018-06-04 04:30,1743
2018-06-04 04:35,1721
2018-06-04 04:40,1691
2018-06-04 04:45,1668
2018-06-04 04:50,1666
2018-06-04 04:55,1661
2018-06-04 05:00,1658
2018-06-04 05:05,1652
2018-06-04 05:10,1656
2018-06-04 05:15,1637
2018-06-04 05:20,1649
2018-06-04 05:25,1664
2018-06-04 05:30,1650
2018-06-04 05:35,1625
2018-06-04 05:40,1613
2018-06-04 05:45,1620
2018-06-04 05:50,1622
2018-06-04 05:55,1601
2018-06-04 06:00,1586
2018-06-04 06:05,1584
2018-06-04 06:10,1579
2018-06-04 06:15,1566
2018-06-04 06:20,1543
2018-06-04 06:25,1550
2018-06-04 06:30,1567
2018-06-04 06:35,1559
2018-06-04 06:40,1564
2018-06-04 06:45,1555
2018-06-04 06:50,1555
2018-06-04 06:55,1552
2018-06-04 07:00,1545
2018-06-04 07:05,1555
2018-06-04 07:10,1572
2018-06-04 07:15,1580
2018-06-04 07:20,1579
2018-06-04 07:25,1597
2018-06-04 07:30,1610
2018-06-04 07:35,1605
2018-06-04 07:40,1598
2018-06-04 07:45,1612
2018-06-04 07:50,1626
2018-06-04 07:55,1647
2018-06-04 08:00,1656
2018-06-04 08:05,1674
2018-06-04 08:10,1682
2018-06-04 08:15,1694
2018-06-04 08:20,1736
2018-06-04 08:25,1760
2018-06-04 08:30,1759
2018-06-04 08:35,1771
2018-06-04 08:40,1800
2018-06-04 08:45,1813
2018-06-04 08:50,1823
2018-06-04 08:55,1808
2018-06-04 09:00,1804
2018-06-04 09:05,1797
2018-06-04 09:10,1813
2018-06-04 09:15,1838
2018-06-04 09:20,1856
2018-06-04 09:25,1858
2018-06-04 09:30,1869
2018-06-04 09:35,1872
2018-06-04 09:40,1868
2018-06-04 09:45,1889
2018-06-04 09:50,1882
2018-06-04 09:55,1899
2018-06-04 10:00,1918
2018-06-04 10:05,1907
2018-06-04 10:10,1934
2018-06-04 10:15,1988
2018-06-04 10:20,2011
2018-06-04 10:25,2012
2018-06-04 10:30,2002
2018-06-04 10:35,2043
2018-06-04 10:40,2052
2018-06-04 10:45,2070
2018-06-04 10:50,2066
2018-06-04 10:55,2071
2018-06-04 11:00,2085
2018-06-04 11:05,2097
2018-06-04 11:10,2100
2018-06-04 11:15,2127
2018-06-04 11:20,2122
2018-06-04 11:25,2143
2018-06-04 11:30,2143
2018-06-04 11:35,2165
2018-06-04 11:40,2164
2018-06-04 11:45,2199
2018-06-04 11:50,2203
2018-06-04 11:55,2212
2018-06-04 12:00,2231
2018-06-04 12:05,2241
2018-06-04 12:10,2251
2018-06-04 12:15,2257
2018-06-04 12:20,2266
2018-06-04 12:25,2287
2018-06-04 12:30,2292
2018-06-04 12:35,2316
2018-06-04 12:40,2328
2018-06-04 12:45,2349
2018-06-04 12:50,2365
2018-06-04 12:55,2392
2018-06-04 13:00,2414
2018-06-04 13:05,2443
2018-06-04 13:10,2437
2018-06-04 13:15,2459
2018-06-04 13:20,2453
2018-06-04 13:25,2450
2018-06-04 13:30,2479
2018-06-04 13:35,2488
2018-06-04 13:40,2511
2018-06-04 13:45,2506
2018-06-04 13:50,2497
2018-06-04 13:55,2496
2018-06-04 14:00,2529
2018-06-04 14:05,2559
2018-06-04 14:10,2602
2018-06-04 14:15,2605
2018-06-04 14:20,2644
2018-06-04 14:25,2690
2018-06-04 14:30,2699
2018-06-04 14:35,2695
2018-06-04 14:40,2719
2018-06-04 14:45,2735
2018-06-04 14:50,2724
2018-06-04 14:55,2740
2018-06-04 15:00,2764
2018-06-04 15:05,2778
2018-06-04 15:10,2822
2018-06-04 15:15,2812
2018-06-04 15:20,2843
2018-06-04 15:25,2875
2018-06-04 15:30,2868
2018-06-04 15:35,2873
2018-06-04 15:40,2930
2018-06-04 15:45,2953
2018-06-04 15:50,3013
2018-06-04 15:55,3014
2018-06-04 16:00,3025
2018-06-04 16:05,3050
2018-06-04 16:10,3078
2018-06-04 16:15,3092
2018-06-04 16:20,3151
2018-06-04 16:25,3177
2018-06-04 16:30,3194
2018-06-04 16:35,3213
2018-06-04 16:40,3238
2018-06-04 16:45,3262
2018-06-04 16:50,3258
2018-06-04 16:55,3254
2018-06-04 17:00,3289
2018-06-04 17:05,3280
2018-06-04 17:10,3276
2018-06-04 17:15,3298
2018-06-04 17:20,3276
2018-06-04 17:25,3316
2018-06-04 17:30,3323
2018-06-04 17:35,3336
2018-06-04 17:40,3344
2018-06-04 17:45,3360
2018-06-04 17:50,3340
2018-06-04 17:55,3369
2018-06-04 18:00,3380
2018-06-04 18:05,3399
2018-06-04 18:10,3404
2018-06-04 18:15,3425
2018-06-04 18:20,3440
2018-06-04 18:25,3434
2018-06-04 18:30,3458
2018-06-04 18:35,3468
2018-06-04 18:40,3476
2018-06-04 18:45,3491
2018-06-04 18:50,3486
2018-06-04 18:55,3487
2018-06-04 19:00,3476
2018-06-04 19:05,3457
2018-06-04 19:10,3456
2018-06-04 19:15,3447
2018-06-04 19:20,3440
2018-06-04 19:25,3429
2018-06-04 19:30,3417
2018-06-04 19:35,3417
2018-06-04 19:40,3395
2018-06-04 19:45,3392
2018-06-04 19:50,3373
2018-06-04 19:55,3366
2018-06-04 20:00,3311
2018-06-04 20:05,3290
2018-06-04 20:10,3297
2018-06-04 20:15,3262
2018-06-04 20:20,3232
2018-06-04 20:25,3242
2018-06-04 20:30,3222
2018-06-04 20:35,3181
2018-06-04 20:40,3150
2018-06-04 20:45,3146
2018-06-04 20:50,3105
2018-06-04 20:55,3049
2018-06-04 21:00,3022
2018-06-04 21:05,2983
2018-06-04 21:10,2957
2018-06-04 21:15,2933
2018-06-04 21:20,2904
2018-06-04 21:25,2903
2018-06-04 21:30,2901
2018-06-04 21:35,2877
2018-06-04 21:40,2847
2018-06-04 21:45,2822
2018-06-04 21:50,2803
2018-06-04 21:55,2767
2018-06-04 22:00,2748
2018-06-04 22:05,2709
2018-06-04 22:10,2710
2018-06-04 22:15,2656
2018-06-04 22:20,2639
2018-06-04 22:25,2617
2018-06-04 22:30,2596
2018-06-04 22:35,2569
2018-06-04 22:40,2568
2018-06-04 22:45,2514
2018-06-04 22:50,2500
2018-06-04 22:55,2495
2018-06-04 23:00,2467
2018-06-04 23:05,2473
2018-06-04 23:10,2471
2018-06-04 23:15,2475
2018-06-04 23:20,2452
2018-06-04 23:25,2441
2018-06-04 23:30,2422
2018-06-04 23:35,2389
2018-06-04 23:40,2374
2018-06-04 23:45,2368
2018-06-04 23:50,2335
2018-06-04 23:55,2337
2018-06-05 00:00,2321
2018-06-05 00:05,2302
2018-06-05 00:10,2265
2018-06-05 00:15,2268
2018-06-05 00:20,2251
2018-06-05 00:25,2246
2018-06-05 00:30,2232
2018-06-05 00:35,2252
2018-06-05 00:40,2258
2018-06-05 00:45,2252
2018-06-05 00:50,2235
2018-06-05 00:55,2216
2018-06-05 01:00,2228
2018-06-05 01:05,2204
2018-06-05 01:10,2202
2018-06-05 01:15,2208
2018-06-05 01:20,2206
2018-06-05 01:25,2209
2018-06-05 01:30,2217
2018-06-05 01:35,2219
2018-06-05 01:40,2207
2018-06-05 01:45,2183
2018-06-05 01:50,2187
2018-06-05 01:55,2155
2018-06-05 02:00,2121
2018-06-05 02:05,2120
2018-06-05 02:10,2115
2018-06-05 02:15,2086
2018-06-05 02:20,2061
2018-06-05 02:25,2059
2018-06-05 02:30,2062
2018-06-05 02:35,2028
2018-06-05 02:40,2040
2018-06-05 02:45,2023
2018-06-05 02:50,2011
2018-06-05 02:55,1983
2018-06-05 03:00,1940
2018-06-05 03:05,1937
2018-06-05 03:10,1930
2018-06-05 03:15,1904
2018-06-05 03:20,1909
2018-06-05 03:25,1870
2018-06-05 03:30,1843
2018-06-05 03:35,1833
2018-06-05 03:40,1820
2018-06-05 03:45,1803
2018-06-05 03:50,1784
2018-06-05 03:55,1768
2018-06-05 04:00,1764
2018-06-05 04:05,1764
2018-06-05 04:10,1768
2018-06-05 04:15,1762
2018-06-05 04:20,1755
2018-06-05 04:25,1745
2018-06-05 04:30,1729
2018-06-05 04:35,1736
2018-06-05 04:40,1707
2018-06-05 04:45,1671
2018-06-05 04:50,1657
2018-06-05 04:55,1635
2018-06-05 05:00,1616
2018-06-05 05:05,1611
2018-06-05 05:10,1609
2018-06-05 05:15,1611
2018-06-05 05:20,1597
2018-06-05 05:25,1586
2018-06-05 05:30,1593
2018-06-05 05:35,1585
2018-06-05 05:40,1574
2018-06-05 05:45,1573
2018-06-05 05:50,1570
2018-06-05 05:55,1549
2018-06-05 06:00,1546
2018-06-05 06:05,1529
2018-06-05 06:10,1523
2018-06-05 06:15,1512
2018-06-05 06:20,1515
2018-06-05 06:25,1507
2018-06-05 06:30,1500
2018-06-05 06:35,1483
2018-06-05 06:40,1486
2018-06-05 06:45,1497
2018-06-05 06:50,1500
2018-06-05 06:55,1521
2018-06-05 07:00,1522
2018-06-05 07:05,1508
2018-06-05 07:10,1514
2018-06-05 07:15,1537
2018-06-05 07:20,1559
2018-06-05 07:25,1569
2018-06-05 07:30,1545
2018-06-05 07:35,1559
2018-06-05 07:40,1566
2018-06-05 07:45,1583
2018-06-05 07:50,1564
2018-06-05 07:55,1576
2018-06-05 08:00,1581
2018-06-05 08:05,1594
2018-06-05 08:10,1623
2018-06-05 08:15,1620
2018-06-05 08:20,1628
2018-06-05 08:25,1639
2018-06-05 08:30,1655
2018-06-05 08:35,1648
2018-06-05 08:40,1659
2018-06-05 08:45,1669
2018-06-05 08:50,1670
2018-06-05 08:55,1678
2018-06-05 09:00,1700
2018-06-05 09:05,1683
2018-06-05 09:10,1703
2018-06-05 09:15,1720
2018-06-05 09:20,1731
2018-06-05 09:25,1715
2018-06-05 09:30,1743
2018-06-05 09:35,1761
2018-06-05 09:40,1781
2018-06-05 09:45,1785
2018-06-05 09:50,1796
2018-06-05 09:55,1809
2018-06-05 10:00,1805
2018-06-05 10:05,1816
2018-06-05 10:10,1837
2018-06-05 10:15,1855
2018-06-05 10:20,1886
2018-06-05 10:25,1904
2018-06-05 10:30,1922
2018-06-05 10:35,1940
2018-06-05 10:40,1951
2018-06-05 10:45,1965
2018-06-05 10:50,1948
2018-06-05 10:55,1939
2018-06-05 11:00,1939
2018-06-05 11:05,1954
2018-06-05 11:10,1978
2018-06-05 11:15,1975
2018-06-05 11:20,1975
2018-06-05 11:25,1993
2018-06-05 11:30,1983
2018-06-05 11:35,2014
2018-06-05 11:40,2028
2018-06-05 11:45,2023
2018-06-05 11:50,2066
2018-06-05 11:55,2085
2018-06-05 12:00,2101
2018-06-05 12:05,2118
2018-06-05 12:10,2138
2018-06-05 12:15,2137
2018-06-05 12:20,2165
2018-06-05 12:25,2183
2018-06-05 12:30,2206
2018-06-05 12:35,2214
2018-06-05 12:40,2246
2018-06-05 12:45,2278
2018-06-05 12:50,2293
2018-06-05 12:55,2283
2018-06-05 13:00,2298
2018-06-05 13:05,2313
2018-06-05 13:10,2325
2018-06-05 13:15,2328
2018-06-05 13:20,2346
2018-06-05 13:25,2363
2018-06-05 13:30,2364
2018-06-05 13:35,2368
2018-06-05 13:40,2369
2018-06-05 13:45,2383
2018-06-05 13:50,2396
2018-06-05 13:55,2413
2018-06-05 14:00,2443
2018-06-05 14:05,2476
2018-06-05 14:10,2485
2018-06-05 14:15,2473
2018-06-05 14:20,2514
2018-06-05 14:25,2562
2018-06-05 14:30,2568
2018-06-05 14:35,2605
2018-06-05 14:40,2621
2018-06-05 14:45,2638
2018-06-05 14:50,2689
2018-06-05 14:55,2680
2018-06-05 15:00,2684
2018-06-05 15:05,2702
2018-06-05 15:10,2709
2018-06-05 15:15,2740
2018-06-05 15:20,2751
2018-06-05 15:25,2770
2018-06-05 15:30,2775
2018-06-05 15:35,2792
2018-06-05 15:40,2820
2018-06-05 15:45,2813
2018-06-05 15:50,2835
2018-06-05 15:55,2861
2018-06-05 16:00,2900
2018-06-05 16:05,2914
2018-06-05 16:10,2957
2018-06-05 16:15,2971
2018-06-05 16:20,2996
2018-06-05 16:25,3023
2018-06-05 16:30,3040
2018-06-05 16:35,3041
2018-06-05 16:40,3092
2018-06-05 16:45,3098
2018-06-05 16:50,3077
2018-06-05 16:55,3048
2018-06-05 17:00,3039
2018-06-05 17:05,3054
2018-06-05 17:10,3070
2018-06-05 17:15,3038
2018-06-05 17:20,3043
2018-06-05 17:25,3052
2018-06-05 17:30,3122
2018-06-05 17:35,3108
2018-06-05 17:40,3127
2018-06-05 17:45,3129
2018-06-05 17:50,3134
2018-06-05 17:55,3126
2018-06-05 18:00,3129
2018-06-05 18:05,3118
2018-06-05 18:10,3111
2018-06-05 18:15,3143
2018-06-05 18:20,3152
2018-06-05 18:25,3199
2018-06-05 18:30,3200
2018-06-05 18:35,3218
2018-06-05 18:40,3212
2018-06-05 18:45,3203
2018-06-05 18:50,3216
2018-06-05 18:55,3225
2018-06-05 19:00,3241
2018-06-05 19:05,3213
2018-06-05 19:10,3196
2018-06-05 19:15,3174
2018-06-05 19:20,3177
2018-06-05 19:25,3192
2018-06-05 19:30,3196
2018-06-05 19:35,3193
2018-06-05 19:40,3200
2018-06-05 19:45,3186
2018-06-05 19:50,3170
2018-06-05 19:55,3178
2018-06-05 20:00,3173
2018-06-05 20:05,3165
2018-06-05 20:10,3155
2018-06-05 20:15,3110
2018-06-05 20:20,3084
2018-06-05 20:25,3102
2018-06-05 20:30,3055
2018-06-05 20:35,3051
2018-06-05 20:40,3041
2018-06-05 20:45,3013
2018-06-05 20:50,2942
2018-06-05 20:55,2914
2018-06-05 21:00,2914
2018-06-05 21:05,2898
2018-06-05 21:10,2882
2018-06-05 21:15,2831
2018-06-05 21:20,2781
2018-06-05 21:25,2755
2018-06-05 21:30,2745
2018-06-05 21:35,2738
2018-06-05 21:40,2720
2018-06-05 21:45,2692
2018-06-05 21:50,2665
2018-06-05 21:55,2627
2018-06-05 22:00,2594
2018-06-05 22:05,2570
2018-06-05 22:10,2522
2018-06-05 22:15,2506
2018-06-05 22:20,2475
2018-06-05 22:25,2476
2018-06-05 22:30,2445
2018-06-05 22:35,2417
2018-06-05 22:40,2381
2018-06-05 22:45,2380
2018-06-05 22:50,2356
2018-06-05 22:55,2335
2018-06-05 23:00,2325
2018-06-05 23:05,2328
2018-06-05 23:10,0
2018-06-05 23:15,1943
2018-06-05 23:20,2244
2018-06-05 23:25,2311
2018-06-05 23:30,2304
2018-06-05 23:35,2298
2018-06-05 23:40,2282
2018-06-05 23:45,2252
2018-06-05 23:50,2237
2018-06-05 23:55,2243
2018-06-06 00:00,2233
2018-06-06 00:05,2220
2018-06-06 00:10,2209
2018-06-06 00:15,2218
2018-06-06 00:20,2219
2018-06-06 00:25,2227
2018-06-06 00:30,2222
2018-06-06 00:35,2227
2018-06-06 00:40,2238
2018-06-06 00:45,2222
2018-06-06 00:50,2224
2018-06-06 00:55,2214
2018-06-06 01:00,2219
2018-06-06 01:05,2198
2018-06-06 01:10,2192
2018-06-06 01:15,2152
2018-06-06 01:20,2148
2018-06-06 01:25,2145
2018-06-06 01:30,2145
2018-06-06 01:35,2115
2018-06-06 01:40,2104
2018-06-06 01:45,2105
2018-06-06 01:50,2094
2018-06-06 01:55,2053
2018-06-06 02:00,2049
2018-06-06 02:05,2052
2018-06-06 02:10,2004
2018-06-06 02:15,1979
2018-06-06 02:20,1969
2018-06-06 02:25,1951
2018-06-06 02:30,1940
2018-06-06 02:35,1940
2018-06-06 02:40,1925
2018-06-06 02:45,1903
2018-06-06 02:50,1904
2018-06-06 02:55,1897
2018-06-06 03:00,1894
2018-06-06 03:05,1846
2018-06-06 03:10,1822
2018-06-06 03:15,1803
2018-06-06 03:20,1791
2018-06-06 03:25,1766
2018-06-06 03:30,1739
2018-06-06 03:35,1723
2018-06-06 03:40,1705
2018-06-06 03:45,1685
2018-06-06 03:50,1668
2018-06-06 03:55,1642
2018-06-06 04:00,1645
2018-06-06 04:05,1634
2018-06-06 04:10,1637
2018-06-06 04:15,1643
2018-06-06 04:20,1613
2018-06-06 04:25,1600
2018-06-06 04:30,1577
2018-06-06 04:35,1544
2018-06-06 04:40,1530
2018-06-06 04:45,1512
2018-06-06 04:50,1504
2018-06-06 04:55,1521
2018-06-06 05:00,1523
2018-06-06 05:05,1526
2018-06-06 05:10,1504
2018-06-06 05:15,1490
2018-06-06 05:20,1490
2018-06-06 05:25,1487
2018-06-06 05:30,1505
2018-06-06 05:35,1488
2018-06-06 05:40,1480
2018-06-06 05:45,1475
2018-06-06 05:50,1472
2018-06-06 05:55,1470
2018-06-06 06:00,1452
2018-06-06 06:05,1442
2018-06-06 06:10,1423
2018-06-06 06:15,1433
2018-06-06 06:20,1437
2018-06-06 06:25,1443
2018-06-06 06:30,1443
2018-06-06 06:35,1433
2018-06-06 06:40,1409
2018-06-06 06:45,1400
2018-06-06 06:50,1427
2018-06-06 06:55,1421
2018-06-06 07:00,1416
2018-06-06 07:05,1413
2018-06-06 07:10,1417
2018-06-06 07:15,1408
2018-06-06 07:20,1432
2018-06-06 07:25,1432
2018-06-06 07:30,1435
2018-06-06 07:35,1431
2018-06-06 07:40,1443
2018-06-06 07:45,1461
2018-06-06 07:50,1461
2018-06-06 07:55,1453
2018-06-06 08:00,1445
2018-06-06 08:05,1475
2018-06-06 08:10,1476
2018-06-06 08:15,1477
2018-06-06 08:20,1501
2018-06-06 08:25,1521
2018-06-06 08:30,1544
2018-06-06 08:35,1556
2018-06-06 08:40,1568
2018-06-06 08:45,1565
2018-06-06 08:50,1584
2018-06-06 08:55,1587
2018-06-06 09:00,1608
2018-06-06 09:05,1629
2018-06-06 09:10,1631
2018-06-06 09:15,1653
2018-06-06 09:20,1652
2018-06-06 09:25,1680
2018-06-06 09:30,1687
2018-06-06 09:35,1694
2018-06-06 09:40,1703
2018-06-06 09:45,1713
2018-06-06 09:50,1714
2018-06-06 09:55,1731
2018-06-06 10:00,1758
2018-06-06 10:05,1760
2018-06-06 10:10,1812
2018-06-06 10:15,1825
2018-06-06 10:20,1872
2018-06-06 10:25,1878
2018-06-06 10:30,1906
2018-06-06 10:35,1916
2018-06-06 10:40,1935
2018-06-06 10:45,1938
2018-06-06 10:50,1949
2018-06-06 10:55,1976
2018-06-06 11:00,1984
2018-06-06 11:05,2007
2018-06-06 11:10,2014
2018-06-06 11:15,2023
2018-06-06 11:20,2027
2018-06-06 11:25,2038
2018-06-06 11:30,2047
2018-06-06 11:35,2034
2018-06-06 11:40,2047
2018-06-06 11:45,2069
2018-06-06 11:50,2096
2018-06-06 11:55,2122
2018-06-06 12:00,2115
2018-06-06 12:05,2124
2018-06-06 12:10,2111
2018-06-06 12:15,2145
2018-06-06 12:20,2149
2018-06-06 12:25,2161
2018-06-06 12:30,2152
2018-06-06 12:35,2169
2018-06-06 12:40,2186
2018-06-06 12:45,2206
2018-06-06 12:50,2204
2018-06-06 12:55,2217
2018-06-06 13:00,2223
2018-06-06 13:05,2227
2018-06-06 13:10,2223
2018-06-06 13:15,2239
2018-06-06 13:20,2247
2018-06-06 13:25,2250
2018-06-06 13:30,2277
2018-06-06 13:35,2289
2018-06-06 13:40,2287
2018-06-06 13:45,2300
2018-06-06 13:50,2308
2018-06-06 13:55,2302
2018-06-06 14:00,2315
2018-06-06 14:05,2323
2018-06-06 14:10,2352
2018-06-06 14:15,2366
2018-06-06 14:20,2402
2018-06-06 14:25,2411
2018-06-06 14:30,2440
2018-06-06 14:35,2480
2018-06-06 14:40,2504
2018-06-06 14:45,2519
2018-06-06 14:50,2542
2018-06-06 14:55,2590
2018-06-06 15:00,2579
2018-06-06 15:05,2617
2018-06-06 15:10,2613
2018-06-06 15:15,2628
2018-06-06 15:20,2622
2018-06-06 15:25,2665
2018-06-06 15:30,2695
2018-06-06 15:35,2705
2018-06-06 15:40,2734
2018-06-06 15:45,2767
2018-06-06 15:50,2791
2018-06-06 15:55,2809
2018-06-06 16:00,2822
2018-06-06 16:05,2836
2018-06-06 16:10,2836
2018-06-06 16:15,2836
2018-06-06 16:20,2851
2018-06-06 16:25,2877
2018-06-06 16:30,2913
2018-06-06 16:35,2926
2018-06-06 16:40,2954
2018-06-06 16:45,2963
2018-06-06 16:50,3002
2018-06-06 16:55,2993
2018-06-06 17:00,3010
2018-06-06 17:05,3021
2018-06-06 17:10,3053
2018-06-06 17:15,3055
2018-06-06 17:20,3090
2018-06-06 17:25,3112
2018-06-06 17:30,3129
2018-06-06 17:35,3148
2018-06-06 17:40,3118
2018-06-06 17:45,3123
2018-06-06 17:50,3114
2018-06-06 17:55,3118
2018-06-06 18:00,3177
2018-06-06 18:05,3187
2018-06-06 18:10,3188
2018-06-06 18:15,3191
2018-06-06 18:20,3207
2018-06-06 18:25,3208
2018-06-06 18:30,3238
2018-06-06 18:35,3244
2018-06-06 18:40,3208
2018-06-06 18:45,3222
2018-06-06 18:50,3232
2018-06-06 18:55,3189
2018-06-06 19:00,3183
2018-06-06 19:05,3171
2018-06-06 19:10,3178
2018-06-06 19:15,3189
2018-06-06 19:20,3185
2018-06-06 19:25,3136
2018-06-06 19:30,3152
2018-06-06 19:35,3146
2018-06-06 19:40,3134
2018-06-06 19:45,3130
2018-06-06 19:50,3137
2018-06-06 19:55,3104
2018-06-06 20:00,3075
2018-06-06 20:05,3071
2018-06-06 20:10,3053
2018-06-06 20:15,3076
2018-06-06 20:20,3037
2018-06-06 20:25,3010
2018-06-06 20:30,2967
2018-06-06 20:35,2949
2018-06-06 20:40,2931
2018-06-06 20:45,2906
2018-06-06 20:50,2888
2018-06-06 20:55,2876
2018-06-06 21:00,2840
2018-06-06 21:05,2794
2018-06-06 21:10,2753
2018-06-06 21:15,2726
2018-06-06 21:20,2693
2018-06-06 21:25,2657
2018-06-06 21:30,2627
2018-06-06 21:35,2578
2018-06-06 21:40,2582
2018-06-06 21:45,2563
2018-06-06 21:50,2556
2018-06-06 21:55,2543
2018-06-06 22:00,2518
2018-06-06 22:05,2484
2018-06-06 22:10,2445
2018-06-06 22:15,2439
2018-06-06 22:20,2416
2018-06-06 22:25,2388
2018-06-06 22:30,2386
2018-06-06 22:35,2378
2018-06-06 22:40,2344
2018-06-06 22:45,2332
2018-06-06 22:50,2324
2018-06-06 22:55,2310
2018-06-06 23:00,2282
2018-06-06 23:05,2260
2018-06-06 23:10,2238
2018-06-06 23:15,2226
2018-06-06 23:20,2203
2018-06-06 23:25,2194
2018-06-06 23:30,2191
2018-06-06 23:35,2191
2018-06-06 23:40,2208
2018-06-06 23:45,2206
2018-06-06 23:50,2178
2018-06-06 23:55,2144
2018-06-07 00:00,2160
2018-06-07 00:05,2133
2018-06-07 00:10,2129
2018-06-07 00:15,2104
2018-06-07 00:20,2091
2018-06-07 00:25,2080
2018-06-07 00:30,2068
2018-06-07 00:35,2078
2018-06-07 00:40,2062
2018-06-07 00:45,2055
2018-06-07 00:50,2066
2018-06-07 00:55,2074
2018-06-07 01:00,2087
2018-06-07 01:05,2066
2018-06-07 01:10,2062
2018-06-07 01:15,2044
2018-06-07 01:20,2032
2018-06-07 01:25,2016
2018-06-07 01:30,1992
2018-06-07 01:35,1981
2018-06-07 01:40,1976
2018-06-07 01:45,1985
2018-06-07 01:50,1981
2018-06-07 01:55,1966
2018-06-07 02:00,1956
2018-06-07 02:05,1943
2018-06-07 02:10,0
2018-06-07 02:15,1915
2018-06-07 02:20,1906
2018-06-07 02:25,1870
2018-06-07 02:30,1864
2018-06-07 02:35,1855
2018-06-07 02:40,1834
2018-06-07 02:45,1808
2018-06-07 02:50,1808
2018-06-07 02:55,1789
2018-06-07 03:00,1778
2018-06-07 03:05,1751
2018-06-07 03:10,1722
2018-06-07 03:15,1699
2018-06-07 03:20,1685
2018-06-07 03:25,1667
2018-06-07 03:30,1664
2018-06-07 03:35,1664
2018-06-07 03:40,1661
2018-06-07 03:45,1658
2018-06-07 03:50,1636
2018-06-07 03:55,1614
2018-06-07 04:00,1582
2018-06-07 04:05,1564
2018-06-07 04:10,1558
2018-06-07 04:15,1551
2018-06-07 04:20,1530
2018-06-07 04:25,1519
2018-06-07 04:30,1496
2018-06-07 04:35,1481
2018-06-07 04:40,1470
2018-06-07 04:45,1444
2018-06-07 04:50,1452
2018-06-07 04:55,1439
2018-06-07 05:00,1432
2018-06-07 05:05,1417
2018-06-07 05:10,1417
2018-06-07 05:15,1405
2018-06-07 05:20,1384
2018-06-07 05:25,1374
2018-06-07 05:30,1377
2018-06-07 05:35,1380
2018-06-07 05:40,1380
2018-06-07 05:45,1383
2018-06-07 05:50,1370
2018-06-07 05:55,1365
2018-06-07 06:00,1353
2018-06-07 06:05,1365
2018-06-07 06:10,1355
2018-06-07 06:15,1338
2018-06-07 06:20,1333
2018-06-07 06:25,1354
2018-06-07 06:30,1365
2018-06-07 06:35,1375
2018-06-07 06:40,1381
2018-06-07 06:45,1390
2018-06-07 06:50,1398
2018-06-07 06:55,1399
2018-06-07 07:00,1386
2018-06-07 07:05,1371
2018-06-07 07:10,1371
2018-06-07 07:15,1364
2018-06-07 07:20,1367
2018-06-07 07:25,1367
2018-06-07 07:30,1384
2018-06-07 07:35,1384
2018-06-07 07:40,1431
2018-06-07 07:45,1448
2018-06-07 07:50,1468
2018-06-07 07:55,1467
2018-06-07 08:00,1469
2018-06-07 08:05,1476
2018-06-07 08:10,1476
2018-06-07 08:15,1473
2018-06-07 08:20,1475
2018-06-07 08:25,1482
2018-06-07 08:30,1525
2018-06-07 08:35,1538
2018-06-07 08:40,1558
2018-06-07 08:45,1579
2018-06-07 08:50,1588
2018-06-07 08:55,1588
2018-06-07 09:00,1587
2018-06-07 09:05,1595
2018-06-07 09:10,1595
2018-06-07 09:15,1622
2018-06-07 09:20,1622
2018-06-07 09:25,1646
2018-06-07 09:30,1646
2018-06-07 09:35,1646
2018-06-07 09:40,1647
2018-06-07 09:45,1674
2018-06-07 09:50,1674
2018-06-07 09:55,1689
2018-06-07 10:00,1720
2018-06-07 10:05,1720
2018-06-07 10:10,1742
2018-06-07 10:15,1754
2018-06-07 10:20,1779
2018-06-07 10:25,1791
2018-06-07 10:30,1796
2018-06-07 10:35,1801
2018-06-07 10:40,1791
2018-06-07 10:45,1797
2018-06-07 10:50,1824
2018-06-07 10:55,1847
2018-06-07 11:00,1846
2018-06-07 11:05,1853
2018-06-07 11:10,1877
2018-06-07 11:15,1917
2018-06-07 11:20,1902
2018-06-07 11:25,1901
2018-06-07 11:30,1896
2018-06-07 11:35,1914
2018-06-07 11:40,1920
2018-06-07 11:45,1920
2018-06-07 11:50,1929
2018-06-07 11:55,1939
2018-06-07 12:00,1973
2018-06-07 12:05,1991
2018-06-07 12:10,1994
2018-06-07 12:15,2022
2018-06-07 12:20,2023
2018-06-07 12:25,2029
2018-06-07 12:30,2044
2018-06-07 12:35,2078
2018-06-07 12:40,2081
2018-06-07 12:45,2084
2018-06-07 12:50,2096
2018-06-07 12:55,2126
2018-06-07 13:00,2126
2018-06-07 13:05,2124
2018-06-07 13:10,2122
2018-06-07 13:15,2137
2018-06-07 13:20,2152
2018-06-07 13:25,2157
2018-06-07 13:30,2191
2018-06-07 13:35,2189
2018-06-07 13:40,2179
2018-06-07 13:45,2150
2018-06-07 13:50,2135
2018-06-07 13:55,2119
2018-06-07 14:00,2068
2018-06-07 14:05,1860
2018-06-07 14:10,1339
2018-06-07 14:15,1330
2018-06-07 14:20,1312
2018-06-07 14:25,1307
2018-06-07 14:30,1314
2018-06-07 14:35,1347
2018-06-07 14:40,1356
2018-06-07 14:45,1359
2018-06-07 14:50,1386
2018-06-07 14:55,1392
2018-06-07 15:00,1379
2018-06-07 15:05,1392
2018-06-07 15:10,1420
2018-06-07 15:15,1420
2018-06-07 15:20,1442
2018-06-07 15:25,1550
2018-06-07 15:30,1676
2018-06-07 15:35,1796
2018-06-07 15:40,1936
2018-06-07 15:45,2038
2018-06-07 15:50,2133
2018-06-07 15:55,2247
2018-06-07 16:00,2348
2018-06-07 16:05,2400
2018-06-07 16:10,2515
2018-06-07 16:15,2581
2018-06-07 16:20,2674
2018-06-07 16:25,2727
2018-06-07 16:30,2788
2018-06-07 16:35,2853
2018-06-07 16:40,2877
2018-06-07 16:45,2938
2018-06-07 16:50,2940
2018-06-07 16:55,2960
2018-06-07 17:00,3004
2018-06-07 17:05,3009
2018-06-07 17:10,3034
2018-06-07 17:15,3071
2018-06-07 17:20,3084
2018-06-07 17:25,3099
2018-06-07 17:30,3108
2018-06-07 17:35,3109
2018-06-07 17:40,3097
2018-06-07 17:45,3118
2018-06-07 17:50,3111
2018-06-07 17:55,3138
2018-06-07 18:00,3163
2018-06-07 18:05,3173
2018-06-07 18:10,3216
2018-06-07 18:15,3228
2018-06-07 18:20,3243
2018-06-07 18:25,3254
2018-06-07 18:30,3244
2018-06-07 18:35,3238
2018-06-07 18:40,3263
2018-06-07 18:45,3292
2018-06-07 18:50,3285
2018-06-07 18:55,3255
2018-06-07 19:00,3242
2018-06-07 19:05,3275
2018-06-07 19:10,3283
2018-06-07 19:15,3279
2018-06-07 19:20,3277
2018-06-07 19:25,3287
2018-06-07 19:30,3306
2018-06-07 19:35,3315
2018-06-07 19:40,3289
2018-06-07 19:45,3294
2018-06-07 19:50,3295
2018-06-07 19:55,3288
2018-06-07 20:00,3281
2018-06-07 20:05,3225
2018-06-07 20:10,3180
2018-06-07 20:15,3189
2018-06-07 20:20,3148
2018-06-07 20:25,3108
2018-06-07 20:30,3087
2018-06-07 20:35,3062
2018-06-07 20:40,3027
2018-06-07 20:45,3004
2018-06-07 20:50,2983
2018-06-07 20:55,2956
2018-06-07 21:00,2941
2018-06-07 21:05,2917
2018-06-07 21:10,2878
2018-06-07 21:15,2846
2018-06-07 21:20,2797
2018-06-07 21:25,2785
2018-06-07 21:30,2778
2018-06-07 21:35,2745
2018-06-07 21:40,2705
2018-06-07 21:45,2655
2018-06-07 21:50,2645
2018-06-07 21:55,2623
2018-06-07 22:00,2626
2018-06-07 22:05,2548
2018-06-07 22:10,2518
2018-06-07 22:15,2494
2018-06-07 22:20,2461
2018-06-07 22:25,2482
2018-06-07 22:30,2469
2018-06-07 22:35,2439
2018-06-07 22:40,2410
2018-06-07 22:45,2405
2018-06-07 22:50,2353
2018-06-07 22:55,2345
2018-06-07 23:00,2324
2018-06-07 23:05,2311
2018-06-07 23:10,2290
2018-06-07 23:15,2275
2018-06-07 23:20,2269
2018-06-07 23:25,2257
2018-06-07 23:30,2263
2018-06-07 23:35,2252
2018-06-07 23:40,2243
2018-06-07 23:45,2210
2018-06-07 23:50,2185
2018-06-07 23:55,2162
2018-06-08 00:00,2152
2018-06-08 00:05,2102
2018-06-08 00:10,2088
2018-06-08 00:15,2046
2018-06-08 00:20,2027
2018-06-08 00:25,2019
2018-06-08 00:30,2008
2018-06-08 00:35,1993
2018-06-08 00:40,1996
2018-06-08 00:45,2013
2018-06-08 00:50,2007
2018-06-08 00:55,2013
2018-06-08 01:00,2018
2018-06-08 01:05,2024
2018-06-08 01:10,2036
2018-06-08 01:15,2039
2018-06-08 01:20,2039
2018-06-08 01:25,2052
2018-06-08 01:30,2046
2018-06-08 01:35,2050
2018-06-08 01:40,2050
2018-06-08 01:45,2043
2018-06-08 01:50,2017
2018-06-08 01:55,2015
2018-06-08 02:00,2028
2018-06-08 02:05,1978
2018-06-08 02:10,1987
2018-06-08 02:15,1969
2018-06-08 02:20,1956
2018-06-08 02:25,1957
2018-06-08 02:30,1957
2018-06-08 02:35,1924
2018-06-08 02:40,1925
2018-06-08 02:45,1906
2018-06-08 02:50,1885
2018-06-08 02:55,1852
2018-06-08 03:00,1873
2018-06-08 03:05,1870
2018-06-08 03:10,1843
2018-06-08 03:15,1841
2018-06-08 03:20,1843
2018-06-08 03:25,1810
2018-06-08 03:30,1795
2018-06-08 03:35,1773
2018-06-08 03:40,1744
2018-06-08 03:45,1742
2018-06-08 03:50,1736
2018-06-08 03:55,1727
2018-06-08 04:00,1707
2018-06-08 04:05,1666
2018-06-08 04:10,1663
2018-06-08 04:15,1624
2018-06-08 04:20,1617
2018-06-08 04:25,1605
2018-06-08 04:30,1602
2018-06-08 04:35,1607
2018-06-08 04:40,1594
2018-06-08 04:45,1582
2018-06-08 04:50,1560
2018-06-08 04:55,0
2018-06-08 05:00,1556
2018-06-08 05:05,1552
2018-06-08 05:10,1540
2018-06-08 05:15,1526
2018-06-08 05:20,1533
2018-06-08 05:25,1528
2018-06-08 05:30,1539
2018-06-08 05:35,1557
2018-06-08 05:40,1540
2018-06-08 05:45,1534
2018-06-08 05:50,1512
2018-06-08 05:55,1507
2018-06-08 06:00,1479
2018-06-08 06:05,1481
2018-06-08 06:10,1503
2018-06-08 06:15,1499
2018-06-08 06:20,1503
2018-06-08 06:25,1477
2018-06-08 06:30,1472
2018-06-08 06:35,1482
2018-06-08 06:40,1484
2018-06-08 06:45,1488
2018-06-08 06:50,1479
2018-06-08 06:55,1492
2018-06-08 07:00,1498
2018-06-08 07:05,1501
2018-06-08 07:10,1510
2018-06-08 07:15,1503
2018-06-08 07:20,1496
2018-06-08 07:25,1490
2018-06-08 07:30,1488
2018-06-08 07:35,1502
2018-06-08 07:40,1489
2018-06-08 07:45,1484
2018-06-08 07:50,1478
2018-06-08 07:55,1498
2018-06-08 08:00,1508
2018-06-08 08:05,1472
2018-06-08 08:10,1526
2018-06-08 08:15,1518
2018-06-08 08:20,1530
2018-06-08 08:25,1554
2018-06-08 08:30,1582
2018-06-08 08:35,1607
2018-06-08 08:40,1611
2018-06-08 08:45,1620
2018-06-08 08:50,1634
2018-06-08 08:55,1655
2018-06-08 09:00,1653
2018-06-08 09:05,1662
2018-06-08 09:10,1685
2018-06-08 09:15,1689
2018-06-08 09:20,1691
2018-06-08 09:25,1708
2018-06-08 09:30,1728
2018-06-08 09:35,1755
2018-06-08 09:40,1728
2018-06-08 09:45,1711
2018-06-08 09:50,1735
2018-06-08 09:55,1759
2018-06-08 10:00,1787
2018-06-08 10:05,1772
2018-06-08 10:10,1834
2018-06-08 10:15,1851
2018-06-08 10:20,1871
2018-06-08 10:25,1879
2018-06-08 10:30,1890
2018-06-08 10:35,1900
2018-06-08 10:40,1930
2018-06-08 10:45,1945
2018-06-08 10:50,1956
2018-06-08 10:55,1961
2018-06-08 11:00,1980
2018-06-08 11:05,1982
2018-06-08 11:10,2004
2018-06-08 11:15,1993
2018-06-08 11:20,1959
2018-06-08 11:25,1967
2018-06-08 11:30,2015
2018-06-08 11:35,2035
2018-06-08 11:40,2048
2018-06-08 11:45,2050
2018-06-08 11:50,2056
2018-06-08 11:55,2078
2018-06-08 12:00,2086
2018-06-08 12:05,2065
2018-06-08 12:10,2111
2018-06-08 12:15,2096
2018-06-08 12:20,2104
2018-06-08 12:25,2133
2018-06-08 12:30,2168
2018-06-08 12:35,2205
2018-06-08 12:40,2227
2018-06-08 12:45,2245
2018-06-08 12:50,2261
2018-06-08 12:55,2298
2018-06-08 13:00,2302
2018-06-08 13:05,2319
2018-06-08 13:10,2334
2018-06-08 13:15,2355
2018-06-08 13:20,2343
2018-06-08 13:25,2359
2018-06-08 13:30,2404
2018-06-08 13:35,2412
2018-06-08 13:40,2427
2018-06-08 13:45,2455
2018-06-08 13:50,2451
2018-06-08 13:55,2464
2018-06-08 14:00,2477
2018-06-08 14:05,2432
2018-06-08 14:10,2496
2018-06-08 14:15,2497
2018-06-08 14:20,2489
2018-06-08 14:25,2509
2018-06-08 14:30,2509
2018-06-08 14:35,2524
2018-06-08 14:40,2557
2018-06-08 14:45,2561
2018-06-08 14:50,2604
2018-06-08 14:55,2653
2018-06-08 15:00,2657
2018-06-08 15:05,2661
2018-06-08 15:10,2664
2018-06-08 15:15,2666
2018-06-08 15:20,2683
2018-06-08 15:25,2707
2018-06-08 15:30,2714
2018-06-08 15:35,2730
2018-06-08 15:40,2776
2018-06-08 15:45,2784
2018-06-08 15:50,2781
2018-06-08 15:55,2781
2018-06-08 16:00,2790
2018-06-08 16:05,2773
2018-06-08 16:10,2782
2018-06-08 16:15,2788
2018-06-08 16:20,2777
2018-06-08 16:25,2793
2018-06-08 16:30,2821
2018-06-08 16:35,2821
2018-06-08 16:40,2847
2018-06-08 16:45,2890
2018-06-08 16:50,2882
2018-06-08 16:55,2892
2018-06-08 17:00,2907
2018-06-08 17:05,2901
2018-06-08 17:10,2912
2018-06-08 17:15,2940
2018-06-08 17:20,2967
2018-06-08 17:25,3001
2018-06-08 17:30,3015
2018-06-08 17:35,3020
2018-06-08 17:40,3005
2018-06-08 17:45,3003
2018-06-08 17:50,3012
2018-06-08 17:55,3033
2018-06-08 18:00,3055
2018-06-08 18:05,3059
2018-06-08 18:10,3098
2018-06-08 18:15,3075
2018-06-08 18:20,3063
2018-06-08 18:25,3072
2018-06-08 18:30,3088
2018-06-08 18:35,3081
2018-06-08 18:40,3080
2018-06-08 18:45,3077
2018-06-08 18:50,3101
2018-06-08 18:55,3124
2018-06-08 19:00,3123
2018-06-08 19:05,3117
2018-06-08 19:10,3116
2018-06-08 19:15,3147
2018-06-08 19:20,3164
2018-06-08 19:25,3200
2018-06-08 19:30,3168
2018-06-08 19:35,3172
2018-06-08 19:40,3201
2018-06-08 19:45,3208
2018-06-08 19:50,3223
2018-06-08 19:55,3208
2018-06-08 20:00,3166
2018-06-08 20:05,3145
2018-06-08 20:10,3152
2018-06-08 20:15,3115
2018-06-08 20:20,3093
2018-06-08 20:25,3072
2018-06-08 20:30,3069
2018-06-08 20:35,3040
2018-06-08 20:40,3047
2018-06-08 20:45,3042
2018-06-08 20:50,3055
2018-06-08 20:55,3058
2018-06-08 21:00,3011
2018-06-08 21:05,3018
2018-06-08 21:10,2994
2018-06-08 21:15,2952
2018-06-08 21:20,2912
2018-06-08 21:25,2876
2018-06-08 21:30,2835
2018-06-08 21:35,2813
2018-06-08 21:40,2797
2018-06-08 21:45,2775
2018-06-08 21:50,2776
2018-06-08 21:55,2742
2018-06-08 22:00,2704
2018-06-08 22:05,2661
2018-06-08 22:10,2678
2018-06-08 22:15,2617
2018-06-08 22:20,2600
2018-06-08 22:25,2582
2018-06-08 22:30,2573
2018-06-08 22:35,2536
2018-06-08 22:40,2493
2018-06-08 22:45,2471
2018-06-08 22:50,2440
2018-06-08 22:55,2415
2018-06-08 23:00,2367
2018-06-08 23:05,2360
2018-06-08 23:10,2336
2018-06-08 23:15,2309
2018-06-08 23:20,2277
2018-06-08 23:25,2275
2018-06-08 23:30,2272
2018-06-08 23:35,2257
2018-06-08 23:40,2234
2018-06-08 23:45,2186
2018-06-08 23:50,2176
2018-06-08 23:55,2171
2018-06-09 00:00,2158
2018-06-09 00:05,2117
2018-06-09 00:10,2143
2018-06-09 00:15,2143
2018-06-09 00:20,2133
2018-06-09 00:25,2114
2018-06-09 00:30,2104
2018-06-09 00:35,2119
2018-06-09 00:40,2095
2018-06-09 00:45,2126
2018-06-09 00:50,2092
2018-06-09 00:55,2118
2018-06-09 01:00,2099
2018-06-09 01:05,2095
2018-06-09 01:10,2093
2018-06-09 01:15,2100
2018-06-09 01:20,2098
2018-06-09 01:25,2088
2018-06-09 01:30,2054
2018-06-09 01:35,2042
2018-06-09 01:40,2044
2018-06-09 01:45,2069
2018-06-09 01:50,2080
2018-06-09 01:55,2084
2018-06-09 02:00,2086
2018-06-09 02:05,2041
2018-06-09 02:10,2070
2018-06-09 02:15,2073
2018-06-09 02:20,2055
2018-06-09 02:25,2058
2018-06-09 02:30,2050
2018-06-09 02:35,2029
2018-06-09 02:40,2020
2018-06-09 02:45,2020
2018-06-09 02:50,1992
2018-06-09 02:55,1981
2018-06-09 03:00,1950
2018-06-09 03:05,1960
2018-06-09 03:10,1967
2018-06-09 03:15,1973
2018-06-09 03:20,1973
2018-06-09 03:25,1969
2018-06-09 03:30,1966
2018-06-09 03:35,1943
2018-06-09 03:40,1918
2018-06-09 03:45,1900
2018-06-09 03:50,1914
2018-06-09 03:55,1908
2018-06-09 04:00,1903
2018-06-09 04:05,1841
2018-06-09 04:10,1855
2018-06-09 04:15,1836
2018-06-09 04:20,1809
2018-06-09 04:25,1805
2018-06-09 04:30,1800
2018-06-09 04:35,1798
2018-06-09 04:40,1786
2018-06-09 04:45,1781
2018-06-09 04:50,1763
2018-06-09 04:55,1774
2018-06-09 05:00,1753
2018-06-09 05:05,1755
2018-06-09 05:10,1757
2018-06-09 05:15,1736
2018-06-09 05:20,1745
2018-06-09 05:25,1735
2018-06-09 05:30,1716
2018-06-09 05:35,1709
2018-06-09 05:40,1724
2018-06-09 05:45,1706
2018-06-09 05:50,0
2018-06-09 05:55,1701
2018-06-09 06:00,1701
2018-06-09 06:05,1676
2018-06-09 06:10,1721
2018-06-09 06:15,1709
2018-06-09 06:20,1699
2018-06-09 06:25,1717
2018-06-09 06:30,1724
2018-06-09 06:35,1732
2018-06-09 06:40,1744
2018-06-09 06:45,1763
2018-06-09 06:50,1754
2018-06-09 06:55,1769
2018-06-09 07:00,1775
2018-06-09 07:05,1785
2018-06-09 07:10,1804
2018-06-09 07:15,1824
2018-06-09 07:20,1821
2018-06-09 07:25,1804
2018-06-09 07:30,1805
2018-06-09 07:35,1805
2018-06-09 07:40,1806
2018-06-09 07:45,1823
2018-06-09 07:50,1834
2018-06-09 07:55,1841
2018-06-09 08:00,1861
2018-06-09 08:05,1837
2018-06-09 08:10,1894
2018-06-09 08:15,1920
2018-06-09 08:20,1946
2018-06-09 08:25,1984
2018-06-09 08:30,2003
2018-06-09 08:35,2004
2018-06-09 08:40,2030
2018-06-09 08:45,2035
2018-06-09 08:50,2087
2018-06-09 08:55,2088
2018-06-09 09:00,2089
2018-06-09 09:05,2091
2018-06-09 09:10,2114
2018-06-09 09:15,2156
2018-06-09 09:20,2166
2018-06-09 09:25,2172
2018-06-09 09:30,2168
2018-06-09 09:35,2187
2018-06-09 09:40,2227
2018-06-09 09:45,2245
2018-06-09 09:50,2232
2018-06-09 09:55,2266
2018-06-09 10:00,2260
2018-06-09 10:05,2258
2018-06-09 10:10,2274
2018-06-09 10:15,2352
2018-06-09 10:20,2382
2018-06-09 10:25,2377
2018-06-09 10:30,2402
2018-06-09 10:35,2421
2018-06-09 10:40,2425
2018-06-09 10:45,2462
2018-06-09 10:50,2463
2018-06-09 10:55,2469
2018-06-09 11:00,2486
2018-06-09 11:05,2491
2018-06-09 11:10,2498
2018-06-09 11:15,2484
2018-06-09 11:20,2500
2018-06-09 11:25,2510
2018-06-09 11:30,2497
2018-06-09 11:35,2517
2018-06-09 11:40,2531
2018-06-09 11:45,2552
2018-06-09 11:50,2545
2018-06-09 11:55,2581
2018-06-09 12:00,2596
2018-06-09 12:05,2552
2018-06-09 12:10,2567
2018-06-09 12:15,2597
2018-06-09 12:20,2624
2018-06-09 12:25,2635
2018-06-09 12:30,2629
2018-06-09 12:35,2636
2018-06-09 12:40,2667
2018-06-09 12:45,2675
2018-06-09 12:50,2700
2018-06-09 12:55,2706
2018-06-09 13:00,2718
2018-06-09 13:05,2721
2018-06-09 13:10,2744
2018-06-09 13:15,2763
2018-06-09 13:20,2781
2018-06-09 13:25,2831
2018-06-09 13:30,2865
2018-06-09 13:35,2887
2018-06-09 13:40,2904
2018-06-09 13:45,2934
2018-06-09 13:50,2940
2018-06-09 13:55,2931
2018-06-09 14:00,2939
2018-06-09 14:05,2925
2018-06-09 14:10,2982
2018-06-09 14:15,2993
2018-06-09 14:20,3025
2018-06-09 14:25,3024
2018-06-09 14:30,3009
2018-06-09 14:35,3021
2018-06-09 14:40,3048
2018-06-09 14:45,3051
2018-06-09 14:50,3050
2018-06-09 14:55,3096
2018-06-09 15:00,3119
2018-06-09 15:05,3125
2018-06-09 15:10,3145
2018-06-09 15:15,3159
2018-06-09 15:20,3168
2018-06-09 15:25,3200
2018-06-09 15:30,3221
2018-06-09 15:35,3243
2018-06-09 15:40,3259
2018-06-09 15:45,3261
2018-06-09 15:50,3250
2018-06-09 15:55,3260
2018-06-09 16:00,3235
2018-06-09 16:05,3187
2018-06-09 16:10,3235
2018-06-09 16:15,3224
2018-06-09 16:20,3241
2018-06-09 16:25,3255
2018-06-09 16:30,3269
2018-06-09 16:35,3251
2018-06-09 16:40,3261
2018-06-09 16:45,3264
2018-06-09 16:50,3254
2018-06-09 16:55,3244
2018-06-09 17:00,3268
2018-06-09 17:05,3283
2018-06-09 17:10,3281
2018-06-09 17:15,3315
2018-06-09 17:20,3307
2018-06-09 17:25,3313
2018-06-09 17:30,3328
2018-06-09 17:35,3329
2018-06-09 17:40,3354
2018-06-09 17:45,3360
2018-06-09 17:50,3357
2018-06-09 17:55,3383
2018-06-09 18:00,3358
2018-06-09 18:05,3335
2018-06-09 18:10,3360
2018-06-09 18:15,3346
2018-06-09 18:20,3353
2018-06-09 18:25,3356
2018-06-09 18:30,3368
2018-06-09 18:35,
2018-06-09 18:40,
2018-06-09 18:45,
2018-06-09 18:50,3269
2018-06-09 18:55,3367
2018-06-09 19:00,3362
2018-06-09 19:05,3404
2018-06-09 19:10,3413
2018-06-09 19:15,3417
2018-06-09 19:20,3427
2018-06-09 19:25,3423
2018-06-09 19:30,3432
2018-06-09 19:35,3462
2018-06-09 19:40,3461
2018-06-09 19:45,3455
2018-06-09 19:50,3443
2018-06-09 19:55,3444
2018-06-09 20:00,3445
2018-06-09 20:05,
2018-06-09 20:10,
2018-06-09 20:15,
2018-06-09 20:20,3426
2018-06-09 20:25,3417
2018-06-09 20:30,3394
2018-06-09 20:35,3341
2018-06-09 20:40,3356
2018-06-09 20:45,3352
2018-06-09 20:50,3317
2018-06-09 20:55,3298
2018-06-09 21:00,3261
2018-06-09 21:05,3256
2018-06-09 21:10,3219
2018-06-09 21:15,3192
2018-06-09 21:20,3201
2018-06-09 21:25,3164
2018-06-09 21:30,3166
2018-06-09 21:35,3143
2018-06-09 21:40,3118
2018-06-09 21:45,3120
2018-06-09 21:50,3092
2018-06-09 21:55,3096
2018-06-09 22:00,3095
2018-06-09 22:05,3039
2018-06-09 22:10,3048
2018-06-09 22:15,3024
2018-06-09 22:20,2976
2018-06-09 22:25,2972
2018-06-09 22:30,2956
2018-06-09 22:35,2914
2018-06-09 22:40,2877
2018-06-09 22:45,2844
2018-06-09 22:50,2810
2018-06-09 22:55,2777
2018-06-09 23:00,2691
2018-06-09 23:05,2647
2018-06-09 23:10,2646
2018-06-09 23:15,2651
2018-06-09 23:20,2653
2018-06-09 23:25,2611
2018-06-09 23:30,2620
2018-06-09 23:35,2608
2018-06-09 23:40,2573
2018-06-09 23:45,2569
2018-06-09 23:50,2538
2018-06-09 23:55,2505
2018-06-10 00:00,2492
2018-06-10 00:05,2449
2018-06-10 00:10,2442
2018-06-10 00:15,2415
2018-06-10 00:20,2391
2018-06-10 00:25,2365
2018-06-10 00:30,2366
2018-06-10 00:35,2375
2018-06-10 00:40,2342
2018-06-10 00:45,2341
2018-06-10 00:50,2332
2018-06-10 00:55,2317
2018-06-10 01:00,2328
2018-06-10 01:05,2323
2018-06-10 01:10,2303
2018-06-10 01:15,2298
2018-06-10 01:20,2281
2018-06-10 01:25,2254
2018-06-10 01:30,2232
2018-06-10 01:35,2227
2018-06-10 01:40,2195
2018-06-10 01:45,2199
2018-06-10 01:50,2207
2018-06-10 01:55,2180
2018-06-10 02:00,2162
2018-06-10 02:05,2128
2018-06-10 02:10,2137
2018-06-10 02:15,2131
2018-06-10 02:20,2129
2018-06-10 02:25,2116
2018-06-10 02:30,2120
2018-06-10 02:35,2096
2018-06-10 02:40,2079
2018-06-10 02:45,2089
2018-06-10 02:50,2115
2018-06-10 02:55,2113
2018-06-10 03:00,2108
2018-06-10 03:05,2104
2018-06-10 03:10,2093
2018-06-10 03:15,2067
2018-06-10 03:20,2054
2018-06-10 03:25,2042
2018-06-10 03:30,2047
2018-06-10 03:35,2043
2018-06-10 03:40,2016
2018-06-10 03:45,1998
2018-06-10 03:50,1990
2018-06-10 03:55,1984
2018-06-10 04:00,1965
2018-06-10 04:05,1933
2018-06-10 04:10,1953
2018-06-10 04:15,1925
2018-06-10 04:20,1898
2018-06-10 04:25,1878
2018-06-10 04:30,1877
2018-06-10 04:35,1892
2018-06-10 04:40,1890
2018-06-10 04:45,1884
2018-06-10 04:50,1883
2018-06-10 04:55,1851
2018-06-10 05:00,1853
2018-06-10 05:05,1856
2018-06-10 05:10,1859
2018-06-10 05:15,1836
2018-06-10 05:20,1830
2018-06-10 05:25,1809
2018-06-10 05:30,1804
2018-06-10 05:35,1772
2018-06-10 05:40,1770
2018-06-10 05:45,1771
2018-06-10 05:50,1759
2018-06-10 05:55,1774
2018-06-10 06:00,0
2018-06-10 06:05,0
2018-06-10 06:10,1775
2018-06-10 06:15,1754
2018-06-10 06:20,1744
2018-06-10 06:25,1767
2018-06-10 06:30,1789
2018-06-10 06:35,1810
2018-06-10 06:40,1793
2018-06-10 06:45,1800
2018-06-10 06:50,1818
2018-06-10 06:55,1831
2018-06-10 07:00,1832
2018-06-10 07:05,1834
2018-06-10 07:10,1840
2018-06-10 07:15,1839
2018-06-10 07:20,1866
2018-06-10 07:25,1862
2018-06-10 07:30,1878
2018-06-10 07:35,1887
2018-06-10 07:40,1904
2018-06-10 07:45,1916
2018-06-10 07:50,1940
2018-06-10 07:55,1962
2018-06-10 08:00,1983
2018-06-10 08:05,2009
2018-06-10 08:10,2053
2018-06-10 08:15,2064
2018-06-10 08:20,2085
2018-06-10 08:25,2104
2018-06-10 08:30,2092
2018-06-10 08:35,2085
2018-06-10 08:40,2104
2018-06-10 08:45,2121
2018-06-10 08:50,2141
2018-06-10 08:55,2170
2018-06-10 09:00,2178
2018-06-10 09:05,2219
2018-06-10 09:10,2220
2018-06-10 09:15,2256
2018-06-10 09:20,2261
2018-06-10 09:25,2294
2018-06-10 09:30,2333
2018-06-10 09:35,2343
2018-06-10 09:40,2363
2018-06-10 09:45,2352
2018-06-10 09:50,2372
2018-06-10 09:55,2381
2018-06-10 10:00,2417
2018-06-10 10:05,2442
2018-06-10 10:10,2486
2018-06-10 10:15,2492
2018-06-10 10:20,2527
2018-06-10 10:25,2553
2018-06-10 10:30,2563
2018-06-10 10:35,2573
2018-06-10 10:40,2580
2018-06-10 10:45,2597
2018-06-10 10:50,2609
2018-06-10 10:55,2625
2018-06-10 11:00,2645
2018-06-10 11:05,2670
2018-06-10 11:10,2657
2018-06-10 11:15,2651
2018-06-10 11:20,2671
2018-06-10 11:25,2680
2018-06-10 11:30,2691
2018-06-10 11:35,2719
2018-06-10 11:40,2747
2018-06-10 11:45,2768
2018-06-10 11:50,2774
2018-06-10 11:55,2804
2018-06-10 12:00,2842
2018-06-10 12:05,2862
2018-06-10 12:10,2912
2018-06-10 12:15,2905
2018-06-10 12:20,2929
2018-06-10 12:25,2964
2018-06-10 12:30,2994
2018-06-10 12:35,3023
2018-06-10 12:40,3009
2018-06-10 12:45,3034
2018-06-10 12:50,3072
2018-06-10 12:55,3086
2018-06-10 13:00,3105
2018-06-10 13:05,3113
2018-06-10 13:10,3094
2018-06-10 13:15,3122
2018-06-10 13:20,3123
2018-06-10 13:25,3167
2018-06-10 13:30,3185
2018-06-10 13:35,3208
2018-06-10 13:40,3196
2018-06-10 13:45,3233
2018-06-10 13:50,3231
2018-06-10 13:55,3218
2018-06-10 14:00,3243
2018-06-10 14:05,3244
2018-06-10 14:10,3244
2018-06-10 14:15,3238
2018-06-10 14:20,3225
2018-06-10 14:25,3262
2018-06-10 14:30,3294
2018-06-10 14:35,3293
2018-06-10 14:40,3307
2018-06-10 14:45,3347
2018-06-10 14:50,3372
2018-06-10 14:55,3358
2018-06-10 15:00,3367
2018-06-10 15:05,3390
2018-06-10 15:10,3410
2018-06-10 15:15,3430
2018-06-10 15:20,3431
2018-06-10 15:25,3467
2018-06-10 15:30,3475
2018-06-10 15:35,3479
2018-06-10 15:40,3483
2018-06-10 15:45,3505
2018-06-10 15:50,3516
2018-06-10 15:55,3508
2018-06-10 16:00,3529
2018-06-10 16:05,3530
2018-06-10 16:10,3568
2018-06-10 16:15,3560
2018-06-10 16:20,3578
2018-06-10 16:25,3587
2018-06-10 16:30,3582
2018-06-10 16:35,3595
2018-06-10 16:40,3591
2018-06-10 16:45,3580
2018-06-10 16:50,3611
2018-06-10 16:55,3602
2018-06-10 17:00,3645
2018-06-10 17:05,3676
2018-06-10 17:10,3696
2018-06-10 17:15,3666
2018-06-10 17:20,3672
2018-06-10 17:25,3693
2018-06-10 17:30,3700
2018-06-10 17:35,3703
2018-06-10 17:40,3727
2018-06-10 17:45,3733
2018-06-10 17:50,3740
2018-06-10 17:55,3713
2018-06-10 18:00,3720
2018-06-10 18:05,3707
2018-06-10 18:10,3701
2018-06-10 18:15,3695
2018-06-10 18:20,3705
2018-06-10 18:25,3715
2018-06-10 18:30,3732
2018-06-10 18:35,3738
2018-06-10 18:40,3738
2018-06-10 18:45,3733
2018-06-10 18:50,3749
2018-06-10 18:55,3731
2018-06-10 19:00,3732
2018-06-10 19:05,3746
2018-06-10 19:10,3740
2018-06-10 19:15,3725
2018-06-10 19:20,3739
2018-06-10 19:25,3755
2018-06-10 19:30,3734
2018-06-10 19:35,3718
2018-06-10 19:40,3727
2018-06-10 19:45,3718
2018-06-10 19:50,3696
2018-06-10 19:55,3709
2018-06-10 20:00,3710
2018-06-10 20:05,3661
2018-06-10 20:10,3657
2018-06-10 20:15,3657
2018-06-10 20:20,3628
2018-06-10 20:25,3614
2018-06-10 20:30,3597
2018-06-10 20:35,3550
2018-06-10 20:40,3511
2018-06-10 20:45,3476
2018-06-10 20:50,3449
2018-06-10 20:55,3449
2018-06-10 21:00,3431
2018-06-10 21:05,3381
2018-06-10 21:10,3303
2018-06-10 21:15,3285
2018-06-10 21:20,3266
2018-06-10 21:25,3238
2018-06-10 21:30,3215
2018-06-10 21:35,3190
2018-06-10 21:40,3146
2018-06-10 21:45,3109
2018-06-10 21:50,3094
2018-06-10 21:55,3076
2018-06-10 22:00,3024
2018-06-10 22:05,2990
2018-06-10 22:10,2952
2018-06-10 22:15,2920
2018-06-10 22:20,2880
2018-06-10 22:25,2878
2018-06-10 22:30,2838
2018-06-10 22:35,2807
2018-06-10 22:40,2782
2018-06-10 22:45,2775
2018-06-10 22:50,2740
2018-06-10 22:55,2717
2018-06-10 23:00,2675
2018-06-10 23:05,2659
2018-06-10 23:10,2636
2018-06-10 23:15,2589
2018-06-10 23:20,2583
2018-06-10 23:25,2551
2018-06-10 23:30,2513
2018-06-10 23:35,2511
2018-06-10 23:40,2490
2018-06-10 23:45,2471
2018-06-10 23:50,2444
2018-06-10 23:55,2422
2018-06-11 00:00,2397
2018-06-11 00:05,2407
2018-06-11 00:10,2399
2018-06-11 00:15,2392
2018-06-11 00:20,2389
2018-06-11 00:25,2389
2018-06-11 00:30,2413
2018-06-11 00:35,2399
2018-06-11 00:40,2398
2018-06-11 00:45,2385
2018-06-11 00:50,2379
2018-06-11 00:55,2365
2018-06-11 01:00,2354
2018-06-11 01:05,2343
2018-06-11 01:10,2320
2018-06-11 01:15,2314
2018-06-11 01:20,2316
2018-06-11 01:25,2284
2018-06-11 01:30,2277
2018-06-11 01:35,2303
2018-06-11 01:40,2281
2018-06-11 01:45,2263
2018-06-11 01:50,2232
2018-06-11 01:55,2228
2018-06-11 02:00,2208
2018-06-11 02:05,2178
2018-06-11 02:10,2183
2018-06-11 02:15,2163
2018-06-11 02:20,2125
2018-06-11 02:25,2116
2018-06-11 02:30,2086
2018-06-11 02:35,2063
2018-06-11 02:40,2019
2018-06-11 02:45,1992
2018-06-11 02:50,1961
2018-06-11 02:55,1995
2018-06-11 03:00,1973
2018-06-11 03:05,1984
2018-06-11 03:10,1974
2018-06-11 03:15,1957
2018-06-11 03:20,1932
2018-06-11 03:25,1902
2018-06-11 03:30,1884
2018-06-11 03:35,1871
2018-06-11 03:40,1874
2018-06-11 03:45,1859
2018-06-11 03:50,1859
2018-06-11 03:55,1846
2018-06-11 04:00,1805
2018-06-11 04:05,1774
2018-06-11 04:10,1766
2018-06-11 04:15,1741
2018-06-11 04:20,1740
2018-06-11 04:25,1715
2018-06-11 04:30,1702
2018-06-11 04:35,1703
2018-06-11 04:40,1691
2018-06-11 04:45,1700
2018-06-11 04:50,1690
2018-06-11 04:55,1673
2018-06-11 05:00,1655
2018-06-11 05:05,1649
2018-06-11 05:10,1645
2018-06-11 05:15,1651
2018-06-11 05:20,1634
2018-06-11 05:25,1626
2018-06-11 05:30,1619
2018-06-11 05:35,1610
2018-06-11 05:40,1620
2018-06-11 05:45,1607
2018-06-11 05:50,1609
2018-06-11 05:55,1604
2018-06-11 06:00,1616
2018-06-11 06:05,1584
2018-06-11 06:10,1593
2018-06-11 06:15,1571
2018-06-11 06:20,1551
2018-06-11 06:25,1563
2018-06-11 06:30,1540
2018-06-11 06:35,1528
2018-06-11 06:40,1533
2018-06-11 06:45,1536
2018-06-11 06:50,1539
2018-06-11 06:55,1543
2018-06-11 07:00,1534
2018-06-11 07:05,1540
2018-06-11 07:10,1538
2018-06-11 07:15,1546
2018-06-11 07:20,1556
2018-06-11 07:25,1557
2018-06-11 07:30,1578
2018-06-11 07:35,1584
2018-06-11 07:40,1577
2018-06-11 07:45,1583
2018-06-11 07:50,1608
2018-06-11 07:55,1615
2018-06-11 08:00,1621
2018-06-11 08:05,1627
2018-06-11 08:10,1674
2018-06-11 08:15,1669
2018-06-11 08:20,1672
2018-06-11 08:25,1684
2018-06-11 08:30,1699
2018-06-11 08:35,1729
2018-06-11 08:40,1741
2018-06-11 08:45,1761
2018-06-11 08:50,1771
2018-06-11 08:55,1794
2018-06-11 09:00,1805
2018-06-11 09:05,1815
2018-06-11 09:10,1814
2018-06-11 09:15,1826
2018-06-11 09:20,1830
2018-06-11 09:25,1860
2018-06-11 09:30,1879
2018-06-11 09:35,1892
2018-06-11 09:40,1903
2018-06-11 09:45,1899
2018-06-11 09:50,1892
2018-06-11 09:55,1918
2018-06-11 10:00,1934
2018-06-11 10:05,1923
2018-06-11 10:10,1931
2018-06-11 10:15,1964
2018-06-11 10:20,2011
2018-06-11 10:25,2028
2018-06-11 10:30,2039
2018-06-11 10:35,2030
2018-06-11 10:40,2028
2018-06-11 10:45,2039
2018-06-11 10:50,0
2018-06-11 10:55,2068
2018-06-11 11:00,2072
2018-06-11 11:05,2088
2018-06-11 11:10,2097
2018-06-11 11:15,2136
2018-06-11 11:20,2137
2018-06-11 11:25,2132
2018-06-11 11:30,2142
2018-06-11 11:35,2150
2018-06-11 11:40,2153
2018-06-11 11:45,2163
2018-06-11 11:50,2193
2018-06-11 11:55,2206
2018-06-11 12:00,2220
2018-06-11 12:05,2227
2018-06-11 12:10,2218
2018-06-11 12:15,2215
2018-06-11 12:20,2225
2018-06-11 12:25,2217
2018-06-11 12:30,2251
2018-06-11 12:35,2298
2018-06-11 12:40,2322
2018-06-11 12:45,2366
2018-06-11 12:50,2374
2018-06-11 12:55,2412
2018-06-11 13:00,2408
2018-06-11 13:05,2432
2018-06-11 13:10,2445
2018-06-11 13:15,2481
2018-06-11 13:20,2494
2018-06-11 13:25,2534
2018-06-11 13:30,2536
2018-06-11 13:35,2559
2018-06-11 13:40,2585
2018-06-11 13:45,2582
2018-06-11 13:50,2563
2018-06-11 13:55,2555
2018-06-11 14:00,2579
2018-06-11 14:05,2618
2018-06-11 14:10,2627
2018-06-11 14:15,2643
2018-06-11 14:20,2641
2018-06-11 14:25,2667
2018-06-11 14:30,2667
2018-06-11 14:35,2678
2018-06-11 14:40,2683
2018-06-11 14:45,2699
2018-06-11 14:50,2693
2018-06-11 14:55,2702
2018-06-11 15:00,2718
2018-06-11 15:05,2725
2018-06-11 15:10,2768
2018-06-11 15:15,2783
2018-06-11 15:20,2758
2018-06-11 15:25,2782
2018-06-11 15:30,2804
2018-06-11 15:35,2835
2018-06-11 15:40,2865
2018-06-11 15:45,2886
2018-06-11 15:50,2938
2018-06-11 15:55,2946
2018-06-11 16:00,2953
2018-06-11 16:05,2979
2018-06-11 16:10,2961
2018-06-11 16:15,2954
2018-06-11 16:20,2993
2018-06-11 16:25,3013
2018-06-11 16:30,3008
2018-06-11 16:35,3038
2018-06-11 16:40,3074
2018-06-11 16:45,3096
2018-06-11 16:50,3125
2018-06-11 16:55,3145
2018-06-11 17:00,3137
2018-06-11 17:05,3134
2018-06-11 17:10,3155
2018-06-11 17:15,3186
2018-06-11 17:20,3221
2018-06-11 17:25,3237
2018-06-11 17:30,3235
2018-06-11 17:35,3251
2018-06-11 17:40,3231
2018-06-11 17:45,3240
2018-06-11 17:50,3250
2018-06-11 17:55,3239
2018-06-11 18:00,3245
2018-06-11 18:05,3245
2018-06-11 18:10,3261
2018-06-11 18:15,3255
2018-06-11 18:20,3271
2018-06-11 18:25,3284
2018-06-11 18:30,3321
2018-06-11 18:35,3324
2018-06-11 18:40,3294
2018-06-11 18:45,3289
2018-06-11 18:50,3321
2018-06-11 18:55,3309
2018-06-11 19:00,3323
2018-06-11 19:05,3306
2018-06-11 19:10,3302
2018-06-11 19:15,3289
2018-06-11 19:20,3287
2018-06-11 19:25,3295
2018-06-11 19:30,3294
2018-06-11 19:35,3285
2018-06-11 19:40,3273
2018-06-11 19:45,3282
2018-06-11 19:50,3276
2018-06-11 19:55,3229
2018-06-11 20:00,3194
2018-06-11 20:05,3188
2018-06-11 20:10,3147
2018-06-11 20:15,3125
2018-06-11 20:20,3112
2018-06-11 20:25,3086
2018-06-11 20:30,3108
2018-06-11 20:35,3094
2018-06-11 20:40,3043
2018-06-11 20:45,3007
2018-06-11 20:50,2960
2018-06-11 20:55,2936
2018-06-11 21:00,2914
2018-06-11 21:05,2900
2018-06-11 21:10,2855
2018-06-11 21:15,2841
2018-06-11 21:20,2809
2018-06-11 21:25,2808
2018-06-11 21:30,2800
2018-06-11 21:35,2771
2018-06-11 21:40,2748
2018-06-11 21:45,2743
2018-06-11 21:50,2698
2018-06-11 21:55,2659
2018-06-11 22:00,2627
2018-06-11 22:05,2601
2018-06-11 22:10,2551
2018-06-11 22:15,2518
2018-06-11 22:20,2482
2018-06-11 22:25,2487
2018-06-11 22:30,2465
2018-06-11 22:35,2459
2018-06-11 22:40,2437
2018-06-11 22:45,2409
2018-06-11 22:50,2396
2018-06-11 22:55,2396
2018-06-11 23:00,2377
2018-06-11 23:05,2362
2018-06-11 23:10,2338
2018-06-11 23:15,2303
2018-06-11 23:20,2279
2018-06-11 23:25,2276
2018-06-11 23:30,2265
2018-06-11 23:35,2263
2018-06-11 23:40,2271
2018-06-11 23:45,2274
2018-06-11 23:50,2234
2018-06-11 23:55,2223
2018-06-12 00:00,2234
2018-06-12 00:05,2202
2018-06-12 00:10,2220
2018-06-12 00:15,2226
2018-06-12 00:20,2200
2018-06-12 00:25,2221
2018-06-12 00:30,2224
2018-06-12 00:35,2215
2018-06-12 00:40,2221
2018-06-12 00:45,2237
2018-06-12 00:50,2218
2018-06-12 00:55,2228
2018-06-12 01:00,2215
2018-06-12 01:05,2214
2018-06-12 01:10,2192
2018-06-12 01:15,2187
2018-06-12 01:20,2170
2018-06-12 01:25,2157
2018-06-12 01:30,2165
2018-06-12 01:35,2145
2018-06-12 01:40,2135
2018-06-12 01:45,2127
2018-06-12 01:50,2150
2018-06-12 01:55,2162
2018-06-12 02:00,2154
2018-06-12 02:05,2144
2018-06-12 02:10,2122
2018-06-12 02:15,2091
2018-06-12 02:20,2086
2018-06-12 02:25,2084
2018-06-12 02:30,2081
2018-06-12 02:35,2060
2018-06-12 02:40,2030
2018-06-12 02:45,2012
2018-06-12 02:50,1983
2018-06-12 02:55,1965
2018-06-12 03:00,1970
2018-06-12 03:05,1955
2018-06-12 03:10,1948
2018-06-12 03:15,1929
2018-06-12 03:20,1906
2018-06-12 03:25,1894
2018-06-12 03:30,1854
2018-06-12 03:35,1830
2018-06-12 03:40,1813
2018-06-12 03:45,1811
2018-06-12 03:50,1788
2018-06-12 03:55,1761
2018-06-12 04:00,1736
2018-06-12 04:05,1724
2018-06-12 04:10,1704
2018-06-12 04:15,1685
2018-06-12 04:20,1667
2018-06-12 04:25,1657
2018-06-12 04:30,1644
2018-06-12 04:35,1625
2018-06-12 04:40,1596
2018-06-12 04:45,1622
2018-06-12 04:50,1614
2018-06-12 04:55,1584
2018-06-12 05:00,1590
2018-06-12 05:05,1585
2018-06-12 05:10,1571
2018-06-12 05:15,1543
2018-06-12 05:20,1528
2018-06-12 05:25,1524
2018-06-12 05:30,1528
2018-06-12 05:35,1527
2018-06-12 05:40,1517
2018-06-12 05:45,1517
2018-06-12 05:50,1515
2018-06-12 05:55,1518
2018-06-12 06:00,1529
2018-06-12 06:05,1541
2018-06-12 06:10,1537
2018-06-12 06:15,1534
2018-06-12 06:20,1529
2018-06-12 06:25,1523
2018-06-12 06:30,1539
2018-06-12 06:35,1533
2018-06-12 06:40,1523
2018-06-12 06:45,1524
2018-06-12 06:50,1535
2018-06-12 06:55,1548
2018-06-12 07:00,1545
2018-06-12 07:05,1550
2018-06-12 07:10,1561
2018-06-12 07:15,1573
2018-06-12 07:20,1594
2018-06-12 07:25,1607
2018-06-12 07:30,1622
2018-06-12 07:35,1630
2018-06-12 07:40,1627
2018-06-12 07:45,1632
2018-06-12 07:50,1629
2018-06-12 07:55,1647
2018-06-12 08:00,1670
2018-06-12 08:05,1678
2018-06-12 08:10,1690
2018-06-12 08:15,1692
2018-06-12 08:20,1704
2018-06-12 08:25,1744
2018-06-12 08:30,1761
2018-06-12 08:35,1777
2018-06-12 08:40,1800
2018-06-12 08:45,1802
2018-06-12 08:50,1799
2018-06-12 08:55,1806
2018-06-12 09:00,1797
2018-06-12 09:05,1798
2018-06-12 09:10,1799
2018-06-12 09:15,1797
2018-06-12 09:20,1788
2018-06-12 09:25,1817
2018-06-12 09:30,1834
2018-06-12 09:35,1827
2018-06-12 09:40,1853
2018-06-12 09:45,1881
2018-06-12 09:50,1891
2018-06-12 09:55,1905
2018-06-12 10:00,1933
2018-06-12 10:05,1938
2018-06-12 10:10,1947
2018-06-12 10:15,1967
2018-06-12 10:20,1982
2018-06-12 10:25,2006
2018-06-12 10:30,2024
2018-06-12 10:35,2043
2018-06-12 10:40,2044
2018-06-12 10:45,2055
2018-06-12 10:50,2055
2018-06-12 10:55,2035
2018-06-12 11:00,2070
2018-06-12 11:05,2069
2018-06-12 11:10,2089
2018-06-12 11:15,2110
2018-06-12 11:20,2109
2018-06-12 11:25,2128
2018-06-12 11:30,2114
2018-06-12 11:35,2109
2018-06-12 11:40,2108
2018-06-12 11:45,2129
2018-06-12 11:50,2146
2018-06-12 11:55,2148
2018-06-12 12:00,2142
2018-06-12 12:05,2173
2018-06-12 12:10,2146
2018-06-12 12:15,2195
2018-06-12 12:20,2205
2018-06-12 12:25,2207
2018-06-12 12:30,2198
2018-06-12 12:35,2257
2018-06-12 12:40,2262
2018-06-12 12:45,2306
2018-06-12 12:50,2322
2018-06-12 12:55,2329
2018-06-12 13:00,2332
2018-06-12 13:05,2333
2018-06-12 13:10,2346
2018-06-12 13:15,2365
2018-06-12 13:20,2381
2018-06-12 13:25,2369
2018-06-12 13:30,2374
2018-06-12 13:35,2368
2018-06-12 13:40,2382
2018-06-12 13:45,2398
2018-06-12 13:50,2398
2018-06-12 13:55,2419
2018-06-12 14:00,2414
2018-06-12 14:05,2414
2018-06-12 14:10,2426
2018-06-12 14:15,2450
2018-06-12 14:20,2469
2018-06-12 14:25,2487
2018-06-12 14:30,2499
2018-06-12 14:35,0
2018-06-12 14:40,2565
2018-06-12 14:45,2580
2018-06-12 14:50,2614
2018-06-12 14:55,2621
2018-06-12 15:00,2626
2018-06-12 15:05,2673
2018-06-12 15:10,2692
2018-06-12 15:15,2719
2018-06-12 15:20,2721
2018-06-12 15:25,2763
2018-06-12 15:30,2753
2018-06-12 15:35,2741
2018-06-12 15:40,2748
2018-06-12 15:45,2773
2018-06-12 15:50,2775
2018-06-12 15:55,2783
2018-06-12 16:00,2794
2018-06-12 16:05,2828
2018-06-12 16:10,2827
2018-06-12 16:15,2868
2018-06-12 16:20,2893
2018-06-12 16:25,2903
2018-06-12 16:30,2927
2018-06-12 16:35,2931
2018-06-12 16:40,2944
2018-06-12 16:45,2969
2018-06-12 16:50,3000
2018-06-12 16:55,2953
2018-06-12 17:00,2974
2018-06-12 17:05,3032
2018-06-12 17:10,3040
2018-06-12 17:15,3054
2018-06-12 17:20,3105
2018-06-12 17:25,3093
2018-06-12 17:30,3087
2018-06-12 17:35,3117
2018-06-12 17:40,3115
2018-06-12 17:45,3118
2018-06-12 17:50,3128
2018-06-12 17:55,3163
2018-06-12 18:00,3168
2018-06-12 18:05,3162
2018-06-12 18:10,3165
2018-06-12 18:15,3159
2018-06-12 18:20,3183
2018-06-12 18:25,3176
2018-06-12 18:30,3190
2018-06-12 18:35,3193
2018-06-12 18:40,3211
2018-06-12 18:45,3202
2018-06-12 18:50,3197
2018-06-12 18:55,3199
2018-06-12 19:00,3200
2018-06-12 19:05,3208
2018-06-12 19:10,3207
2018-06-12 19:15,3182
2018-06-12 19:20,3178
2018-06-12 19:25,3173
2018-06-12 19:30,3161
2018-06-12 19:35,3171
2018-06-12 19:40,3168
2018-06-12 19:45,3163
2018-06-12 19:50,3167
2018-06-12 19:55,3146
2018-06-12 20:00,3148
2018-06-12 20:05,3083
2018-06-12 20:10,3074
2018-06-12 20:15,3071
2018-06-12 20:20,3049
2018-06-12 20:25,3035
2018-06-12 20:30,3002
2018-06-12 20:35,2970
2018-06-12 20:40,2962
2018-06-12 20:45,2934
2018-06-12 20:50,2914
2018-06-12 20:55,2897
2018-06-12 21:00,2872
2018-06-12 21:05,2848
2018-06-12 21:10,2834
2018-06-12 21:15,2837
2018-06-12 21:20,2817
2018-06-12 21:25,2782
2018-06-12 21:30,2755
2018-06-12 21:35,2738
2018-06-12 21:40,2721
2018-06-12 21:45,2698
2018-06-12 21:50,2657
2018-06-12 21:55,2649
2018-06-12 22:00,2619
2018-06-12 22:05,2622
2018-06-12 22:10,2579
2018-06-12 22:15,
2018-06-12 22:20,
2018-06-12 22:25,
2018-06-12 22:30,2336
2018-06-12 22:35,2399
2018-06-12 22:40,2408
2018-06-12 22:45,2379
2018-06-12 22:50,2369
2018-06-12 22:55,2332
2018-06-12 23:00,2310
2018-06-12 23:05,2289
2018-06-12 23:10,2251
2018-06-12 23:15,2220
2018-06-12 23:20,2207
2018-06-12 23:25,2198
2018-06-12 23:30,2181
2018-06-12 23:35,2178
2018-06-12 23:40,2158
2018-06-12 23:45,2142
2018-06-12 23:50,2137
2018-06-12 23:55,2133
2018-06-13 00:00,2083
2018-06-13 00:05,2064
2018-06-13 00:10,2066
2018-06-13 00:15,2037
2018-06-13 00:20,2040
2018-06-13 00:25,2019
2018-06-13 00:30,2027
2018-06-13 00:35,2042
2018-06-13 00:40,2025
2018-06-13 00:45,2013
2018-06-13 00:50,1999
2018-06-13 00:55,1988
2018-06-13 01:00,1989
2018-06-13 01:05,1967
2018-06-13 01:10,1955
2018-06-13 01:15,1958
2018-06-13 01:20,1972
2018-06-13 01:25,1964
2018-06-13 01:30,1922
2018-06-13 01:35,1940
2018-06-13 01:40,1953
2018-06-13 01:45,1945
2018-06-13 01:50,1923
2018-06-13 01:55,1897
2018-06-13 02:00,1890
2018-06-13 02:05,1883
2018-06-13 02:10,1858
2018-06-13 02:15,1844
2018-06-13 02:20,1839
2018-06-13 02:25,1835
2018-06-13 02:30,1828
2018-06-13 02:35,1812
2018-06-13 02:40,1792
2018-06-13 02:45,1773
2018-06-13 02:50,1762
2018-06-13 02:55,1773
2018-06-13 03:00,1756
2018-06-13 03:05,1736
2018-06-13 03:10,1698
2018-06-13 03:15,1702
2018-06-13 03:20,1703
2018-06-13 03:25,1688
2018-06-13 03:30,1659
2018-06-13 03:35,1638
2018-06-13 03:40,1637
2018-06-13 03:45,1619
2018-06-13 03:50,1603
2018-06-13 03:55,1590
2018-06-13 04:00,1590
2018-06-13 04:05,1556
2018-06-13 04:10,1555
2018-06-13 04:15,1547
2018-06-13 04:20,1517
2018-06-13 04:25,1516
2018-06-13 04:30,1499
2018-06-13 04:35,1488
2018-06-13 04:40,1479
2018-06-13 04:45,1451
2018-06-13 04:50,1443
2018-06-13 04:55,1445
2018-06-13 05:00,1458
2018-06-13 05:05,1437
2018-06-13 05:10,1425
2018-06-13 05:15,1416
2018-06-13 05:20,1396
2018-06-13 05:25,1373
2018-06-13 05:30,1350
2018-06-13 05:35,1339
2018-06-13 05:40,1347
2018-06-13 05:45,1345
2018-06-13 05:50,1357
2018-06-13 05:55,1341
2018-06-13 06:00,1348
2018-06-13 06:05,1359
2018-06-13 06:10,1349
2018-06-13 06:15,1344
2018-06-13 06:20,1340
2018-06-13 06:25,1329
2018-06-13 06:30,1330
2018-06-13 06:35,1335
2018-06-13 06:40,1339
2018-06-13 06:45,1353
2018-06-13 06:50,1376
2018-06-13 06:55,1401
2018-06-13 07:00,1389
2018-06-13 07:05,1384
2018-06-13 07:10,1367
2018-06-13 07:15,1373
2018-06-13 07:20,1377
2018-06-13 07:25,1357
2018-06-13 07:30,1371
2018-06-13 07:35,1401
2018-06-13 07:40,1394
2018-06-13 07:45,1411
2018-06-13 07:50,1429
2018-06-13 07:55,1438
2018-06-13 08:00,1449
2018-06-13 08:05,1449
2018-06-13 08:10,1474
2018-06-13 08:15,1477
2018-06-13 08:20,1479
2018-06-13 08:25,1469
2018-06-13 08:30,1489
2018-06-13 08:35,1496
2018-06-13 08:40,1513
2018-06-13 08:45,1536
2018-06-13 08:50,1551
2018-06-13 08:55,1560
2018-06-13 09:00,1568
2018-06-13 09:05,1580
2018-06-13 09:10,1589
2018-06-13 09:15,1604
2018-06-13 09:20,1616
2018-06-13 09:25,1618
2018-06-13 09:30,1635
2018-06-13 09:35,1654
2018-06-13 09:40,1631
2018-06-13 09:45,1637
2018-06-13 09:50,1617
2018-06-13 09:55,1652
2018-06-13 10:00,1715
2018-06-13 10:05,1727
2018-06-13 10:10,1723
2018-06-13 10:15,1747
2018-06-13 10:20,1776
2018-06-13 10:25,1790
2018-06-13 10:30,1813
2018-06-13 10:35,1811
2018-06-13 10:40,1854
2018-06-13 10:45,1862
2018-06-13 10:50,1873
2018-06-13 10:55,1865
2018-06-13 11:00,1878
2018-06-13 11:05,1883
2018-06-13 11:10,1881
2018-06-13 11:15,1878
2018-06-13 11:20,1887
2018-06-13 11:25,1865
2018-06-13 11:30,1856
2018-06-13 11:35,1876
2018-06-13 11:40,1878
2018-06-13 11:45,1895
2018-06-13 11:50,1907
2018-06-13 11:55,1928
2018-06-13 12:00,1946
2018-06-13 12:05,1960
2018-06-13 12:10,1980
2018-06-13 12:15,1985
2018-06-13 12:20,1969
2018-06-13 12:25,1995
2018-06-13 12:30,2014
2018-06-13 12:35,2006
2018-06-13 12:40,2031
2018-06-13 12:45,2060
2018-06-13 12:50,2094
2018-06-13 12:55,2099
2018-06-13 13:00,2147
2018-06-13 13:05,2163
2018-06-13 13:10,2180
2018-06-13 13:15,2174
2018-06-13 13:20,2172
2018-06-13 13:25,2177
2018-06-13 13:30,2189
2018-06-13 13:35,2218
2018-06-13 13:40,2218
2018-06-13 13:45,2230
2018-06-13 13:50,2268
2018-06-13 13:55,2297
2018-06-13 14:00,2319
2018-06-13 14:05,2351
2018-06-13 14:10,2363
2018-06-13 14:15,2383
2018-06-13 14:20,2401
2018-06-13 14:25,2419
2018-06-13 14:30,2425
2018-06-13 14:35,2434
2018-06-13 14:40,2439
2018-06-13 14:45,2460
2018-06-13 14:50,2497
2018-06-13 14:55,2517
2018-06-13 15:00,2526
2018-06-13 15:05,2575
2018-06-13 15:10,2611
2018-06-13 15:15,2613
2018-06-13 15:20,2624
2018-06-13 15:25,2651
2018-06-13 15:30,2656
2018-06-13 15:35,2654
2018-06-13 15:40,2670
2018-06-13 15:45,2651
2018-06-13 15:50,2658
2018-06-13 15:55,2687
2018-06-13 16:00,2682
2018-06-13 16:05,2697
2018-06-13 16:10,2715
2018-06-13 16:15,2722
2018-06-13 16:20,2723
2018-06-13 16:25,2736
2018-06-13 16:30,2765
2018-06-13 16:35,2770
2018-06-13 16:40,2794
2018-06-13 16:45,2817
2018-06-13 16:50,2829
2018-06-13 16:55,2847
2018-06-13 17:00,2863
2018-06-13 17:05,2869
2018-06-13 17:10,2888
2018-06-13 17:15,2910
2018-06-13 17:20,2937
2018-06-13 17:25,2951
2018-06-13 17:30,2959
2018-06-13 17:35,2978
2018-06-13 17:40,2985
2018-06-13 17:45,2995
2018-06-13 17:50,2981
2018-06-13 17:55,2953
2018-06-13 18:00,2964
2018-06-13 18:05,2964
2018-06-13 18:10,2990
2018-06-13 18:15,3006
2018-06-13 18:20,3029
2018-06-13 18:25,3017
2018-06-13 18:30,3043
2018-06-13 18:35,3055
2018-06-13 18:40,3058
2018-06-13 18:45,3075
2018-06-13 18:50,3090
2018-06-13 18:55,3085
2018-06-13 19:00,3062
2018-06-13 19:05,3051
2018-06-13 19:10,3058
2018-06-13 19:15,3037
2018-06-13 19:20,3034
2018-06-13 19:25,3055
2018-06-13 19:30,3095
2018-06-13 19:35,3078
2018-06-13 19:40,3091
2018-06-13 19:45,3081
2018-06-13 19:50,3081
2018-06-13 19:55,3061
2018-06-13 20:00,3038
2018-06-13 20:05,3032
2018-06-13 20:10,3014
2018-06-13 20:15,2980
2018-06-13 20:20,2919
2018-06-13 20:25,2886
2018-06-13 20:30,2891
2018-06-13 20:35,2865
2018-06-13 20:40,2860
2018-06-13 20:45,2852
2018-06-13 20:50,2828
2018-06-13 20:55,2810
2018-06-13 21:00,2790
2018-06-13 21:05,2724
2018-06-13 21:10,2689
2018-06-13 21:15,2662
2018-06-13 21:20,2664
2018-06-13 21:25,2611
2018-06-13 21:30,2570
2018-06-13 21:35,2561
2018-06-13 21:40,2529
2018-06-13 21:45,2503
2018-06-13 21:50,2495
2018-06-13 21:55,2468
2018-06-13 22:00,2455
2018-06-13 22:05,2401
2018-06-13 22:10,2399
2018-06-13 22:15,2372
2018-06-13 22:20,2341
2018-06-13 22:25,2309
2018-06-13 22:30,2293
2018-06-13 22:35,2278
2018-06-13 22:40,2254
2018-06-13 22:45,2247
2018-06-13 22:50,0
2018-06-13 22:55,2214
2018-06-13 23:00,2188
2018-06-13 23:05,2183
2018-06-13 23:10,2169
2018-06-13 23:15,2141
2018-06-13 23:20,2147
2018-06-13 23:25,2108
2018-06-13 23:30,2121
2018-06-13 23:35,0
2018-06-13 23:40,2074
2018-06-13 23:45,2073
2018-06-13 23:50,2071
2018-06-13 23:55,2054
2018-06-14 00:00,2035
2018-06-14 00:05,2026
2018-06-14 00:10,2045
2018-06-14 00:15,2018
2018-06-14 00:20,2044
2018-06-14 00:25,2052
2018-06-14 00:30,2036
2018-06-14 00:35,2029
2018-06-14 00:40,2019
2018-06-14 00:45,2033
2018-06-14 00:50,2028
2018-06-14 00:55,0
2018-06-14 01:00,2031
2018-06-14 01:05,2030
2018-06-14 01:10,2032
2018-06-14 01:15,2025
2018-06-14 01:20,2018
2018-06-14 01:25,2007
2018-06-14 01:30,1983
2018-06-14 01:35,1970
2018-06-14 01:40,1967
2018-06-14 01:45,1941
2018-06-14 01:50,1928
2018-06-14 01:55,1938
2018-06-14 02:00,1922
2018-06-14 02:05,1886
2018-06-14 02:10,1910
2018-06-14 02:15,1885
2018-06-14 02:20,1880
2018-06-14 02:25,1840
2018-06-14 02:30,1843
2018-06-14 02:35,1814
2018-06-14 02:40,1802
2018-06-14 02:45,1803
2018-06-14 02:50,1786
2018-06-14 02:55,1781
2018-06-14 03:00,1783
2018-06-14 03:05,1764
2018-06-14 03:10,1731
2018-06-14 03:15,1717
2018-06-14 03:20,1718
2018-06-14 03:25,1705
2018-06-14 03:30,1701
2018-06-14 03:35,1683
2018-06-14 03:40,1657
2018-06-14 03:45,1631
2018-06-14 03:50,1620
2018-06-14 03:55,1603
2018-06-14 04:00,1570
2018-06-14 04:05,1533
2018-06-14 04:10,1553
2018-06-14 04:15,1552
2018-06-14 04:20,1531
2018-06-14 04:25,1503
2018-06-14 04:30,1507
2018-06-14 04:35,1490
2018-06-14 04:40,1458
2018-06-14 04:45,1439
2018-06-14 04:50,1417
2018-06-14 04:55,1415
2018-06-14 05:00,1418
2018-06-14 05:05,1389
2018-06-14 05:10,1375
2018-06-14 05:15,1364
2018-06-14 05:20,1362
2018-06-14 05:25,1343
2018-06-14 05:30,1334
2018-06-14 05:35,1327
2018-06-14 05:40,1316
2018-06-14 05:45,1303
2018-06-14 05:50,1312
2018-06-14 05:55,1305
2018-06-14 06:00,1305
2018-06-14 06:05,1276
2018-06-14 06:10,1307
2018-06-14 06:15,1316
2018-06-14 06:20,1302
2018-06-14 06:25,1300
2018-06-14 06:30,1302
2018-06-14 06:35,1303
2018-06-14 06:40,1303
2018-06-14 06:45,1307
2018-06-14 06:50,1328
2018-06-14 06:55,1330
2018-06-14 07:00,1331
2018-06-14 07:05,1321
2018-06-14 07:10,1334
2018-06-14 07:15,1356
2018-06-14 07:20,1360
2018-06-14 07:25,1350
2018-06-14 07:30,1367
2018-06-14 07:35,1376
2018-06-14 07:40,1390
2018-06-14 07:45,1405
2018-06-14 07:50,1392
2018-06-14 07:55,1406
2018-06-14 08:00,1414
2018-06-14 08:05,1398
2018-06-14 08:10,1435
2018-06-14 08:15,1451
2018-06-14 08:20,1453
2018-06-14 08:25,1478
2018-06-14 08:30,1495
2018-06-14 08:35,1513
2018-06-14 08:40,1504
2018-06-14 08:45,1508
2018-06-14 08:50,1511
2018-06-14 08:55,1512
2018-06-14 09:00,1529
2018-06-14 09:05,1529
2018-06-14 09:10,1531
2018-06-14 09:15,1570
2018-06-14 09:20,1588
2018-06-14 09:25,1601
2018-06-14 09:30,1616
2018-06-14 09:35,1635
2018-06-14 09:40,1652
2018-06-14 09:45,1665
2018-06-14 09:50,1688
2018-06-14 09:55,1688
2018-06-14 10:00,1700
2018-06-14 10:05,1708
2018-06-14 10:10,1754
2018-06-14 10:15,1755
2018-06-14 10:20,1753
2018-06-14 10:25,1786
2018-06-14 10:30,1801
2018-06-14 10:35,1816
2018-06-14 10:40,1839
2018-06-14 10:45,1836
2018-06-14 10:50,1828
2018-06-14 10:55,1845
2018-06-14 11:00,1870
2018-06-14 11:05,1867
2018-06-14 11:10,1885
2018-06-14 11:15,1905
2018-06-14 11:20,1926
2018-06-14 11:25,1935
2018-06-14 11:30,1959
2018-06-14 11:35,1975
2018-06-14 11:40,1987
2018-06-14 11:45,2003
2018-06-14 11:50,2006
2018-06-14 11:55,2029
2018-06-14 12:00,2018
2018-06-14 12:05,1999
2018-06-14 12:10,2049
2018-06-14 12:15,2045
2018-06-14 12:20,2046
2018-06-14 12:25,2080
2018-06-14 12:30,2101
2018-06-14 12:35,2129
2018-06-14 12:40,2146
2018-06-14 12:45,2132
2018-06-14 12:50,2146
2018-06-14 12:55,2138
2018-06-14 13:00,2139
2018-06-14 13:05,2127
2018-06-14 13:10,2139
2018-06-14 13:15,2150
2018-06-14 13:20,2174
2018-06-14 13:25,2187
2018-06-14 13:30,2194
2018-06-14 13:35,2182
2018-06-14 13:40,2161
2018-06-14 13:45,2126
2018-06-14 13:50,2132
2018-06-14 13:55,2101
2018-06-14 14:00,1945
2018-06-14 14:05,1589
2018-06-14 14:10,1279
2018-06-14 14:15,1287
2018-06-14 14:20,1290
2018-06-14 14:25,1302
2018-06-14 14:30,1289
2018-06-14 14:35,1335
2018-06-14 14:40,1357
2018-06-14 14:45,1370
2018-06-14 14:50,1354
2018-06-14 14:55,1386
2018-06-14 15:00,1395
2018-06-14 15:05,1409
2018-06-14 15:10,1446
2018-06-14 15:15,1504
2018-06-14 15:20,1669
2018-06-14 15:25,1816
2018-06-14 15:30,1942
2018-06-14 15:35,2090
2018-06-14 15:40,2192
2018-06-14 15:45,2330
2018-06-14 15:50,2451
2018-06-14 15:55,2563
2018-06-14 16:00,2682
2018-06-14 16:05,2788
2018-06-14 16:10,2923
2018-06-14 16:15,3002
2018-06-14 16:20,3109
2018-06-14 16:25,3179
2018-06-14 16:30,3226
2018-06-14 16:35,3240
2018-06-14 16:40,3306
2018-06-14 16:45,3361
2018-06-14 16:50,3393
2018-06-14 16:55,3400
2018-06-14 17:00,3431
2018-06-14 17:05,3499
2018-06-14 17:10,3533
2018-06-14 17:15,3562
2018-06-14 17:20,3567
2018-06-14 17:25,3579
2018-06-14 17:30,3603
2018-06-14 17:35,3605
2018-06-14 17:40,3621
2018-06-14 17:45,3657
2018-06-14 17:50,3661
2018-06-14 17:55,3693
2018-06-14 18:00,3689
2018-06-14 18:05,3709
2018-06-14 18:10,3709
2018-06-14 18:15,3709
2018-06-14 18:20,3712
2018-06-14 18:25,3691
2018-06-14 18:30,3703
2018-06-14 18:35,3705
2018-06-14 18:40,3708
2018-06-14 18:45,3726
2018-06-14 18:50,3718
2018-06-14 18:55,3685
2018-06-14 19:00,3677
2018-06-14 19:05,3690
2018-06-14 19:10,3689
2018-06-14 19:15,3679
2018-06-14 19:20,3686
2018-06-14 19:25,3708
2018-06-14 19:30,3687
2018-06-14 19:35,3675
2018-06-14 19:40,3661
2018-06-14 19:45,3649
2018-06-14 19:50,3612
2018-06-14 19:55,3620
2018-06-14 20:00,3611
2018-06-14 20:05,3588
2018-06-14 20:10,3553
2018-06-14 20:15,3526
2018-06-14 20:20,3490
2018-06-14 20:25,3452
2018-06-14 20:30,3440
2018-06-14 20:35,3432
2018-06-14 20:40,3403
2018-06-14 20:45,3384
2018-06-14 20:50,3358
2018-06-14 20:55,3333
2018-06-14 21:00,3314
2018-06-14 21:05,3291
2018-06-14 21:10,3234
2018-06-14 21:15,3206
2018-06-14 21:20,3200
2018-06-14 21:25,3148
2018-06-14 21:30,3106
2018-06-14 21:35,3059
2018-06-14 21:40,3027
2018-06-14 21:45,2987
2018-06-14 21:50,2958
2018-06-14 21:55,2953
2018-06-14 22:00,2964
2018-06-14 22:05,2921
2018-06-14 22:10,2943
2018-06-14 22:15,2917
2018-06-14 22:20,2874
2018-06-14 22:25,2852
2018-06-14 22:30,2826
2018-06-14 22:35,2836
2018-06-14 22:40,2787
2018-06-14 22:45,2740
2018-06-14 22:50,2715
2018-06-14 22:55,2694
2018-06-14 23:00,2655
2018-06-14 23:05,2618
2018-06-14 23:10,2591
2018-06-14 23:15,2558
2018-06-14 23:20,2532
2018-06-14 23:25,2528
2018-06-14 23:30,2529
2018-06-14 23:35,2509
2018-06-14 23:40,2496
2018-06-14 23:45,2462
2018-06-14 23:50,2451
2018-06-14 23:55,2415
2018-06-15 00:00,2407
2018-06-15 00:05,2303
2018-06-15 00:10,2319
2018-06-15 00:15,2304
2018-06-15 00:20,2291
2018-06-15 00:25,2276
2018-06-15 00:30,2271
2018-06-15 00:35,2273
2018-06-15 00:40,2252
2018-06-15 00:45,2248
2018-06-15 00:50,2239
2018-06-15 00:55,2254
2018-06-15 01:00,2238
2018-06-15 01:05,2217
2018-06-15 01:10,2220
2018-06-15 01:15,2211
2018-06-15 01:20,2210
2018-06-15 01:25,2197
2018-06-15 01:30,2185
2018-06-15 01:35,2177
2018-06-15 01:40,2176
2018-06-15 01:45,2181
2018-06-15 01:50,2164
2018-06-15 01:55,2134
2018-06-15 02:00,2134
2018-06-15 02:05,2104
2018-06-15 02:10,2119
2018-06-15 02:15,2130
2018-06-15 02:20,2140
2018-06-15 02:25,2151
2018-06-15 02:30,2142
2018-06-15 02:35,2116
2018-06-15 02:40,2103
2018-06-15 02:45,2092
2018-06-15 02:50,2083
2018-06-15 02:55,2062
2018-06-15 03:00,2056
2018-06-15 03:05,2026
2018-06-15 03:10,2006
2018-06-15 03:15,2002
2018-06-15 03:20,1976
2018-06-15 03:25,1976
2018-06-15 03:30,1926
2018-06-15 03:35,1898
2018-06-15 03:40,1886
2018-06-15 03:45,1867
2018-06-15 03:50,1851
2018-06-15 03:55,1836
2018-06-15 04:00,1842
2018-06-15 04:05,1805
2018-06-15 04:10,1831
2018-06-15 04:15,1815
2018-06-15 04:20,1820
2018-06-15 04:25,1817
2018-06-15 04:30,1792
2018-06-15 04:35,1786
2018-06-15 04:40,1780
2018-06-15 04:45,1752
2018-06-15 04:50,1745
2018-06-15 04:55,1736
2018-06-15 05:00,1739
2018-06-15 05:05,1719
2018-06-15 05:10,1705
2018-06-15 05:15,1714
2018-06-15 05:20,1674
2018-06-15 05:25,1640
2018-06-15 05:30,1639
2018-06-15 05:35,1657
2018-06-15 05:40,1654
2018-06-15 05:45,1653
2018-06-15 05:50,1670
2018-06-15 05:55,1674
2018-06-15 06:00,1665
2018-06-15 06:05,1621
2018-06-15 06:10,1666
2018-06-15 06:15,1667
2018-06-15 06:20,1657
2018-06-15 06:25,1660
2018-06-15 06:30,0
2018-06-15 06:35,1663
2018-06-15 06:40,1674
2018-06-15 06:45,1673
2018-06-15 06:50,1677
2018-06-15 06:55,1672
2018-06-15 07:00,1677
2018-06-15 07:05,1657
2018-06-15 07:10,1662
2018-06-15 07:15,1697
2018-06-15 07:20,1693
2018-06-15 07:25,1678
2018-06-15 07:30,1700
2018-06-15 07:35,1718
2018-06-15 07:40,1690
2018-06-15 07:45,1685
2018-06-15 07:50,1708
2018-06-15 07:55,1706
2018-06-15 08:00,1709
2018-06-15 08:05,1710
2018-06-15 08:10,1716
2018-06-15 08:15,1749
2018-06-15 08:20,1781
2018-06-15 08:25,1801
2018-06-15 08:30,1821
2018-06-15 08:35,1820
2018-06-15 08:40,1826
2018-06-15 08:45,1845
2018-06-15 08:50,1854
2018-06-15 08:55,1860
2018-06-15 09:00,1883
2018-06-15 09:05,1886
2018-06-15 09:10,1904
2018-06-15 09:15,1920
2018-06-15 09:20,1923
2018-06-15 09:25,1931
2018-06-15 09:30,1960
2018-06-15 09:35,1950
2018-06-15 09:40,1951
2018-06-15 09:45,1969
2018-06-15 09:50,1985
2018-06-15 09:55,2000
2018-06-15 10:00,2022
2018-06-15 10:05,2072
2018-06-15 10:10,2100
2018-06-15 10:15,2135
2018-06-15 10:20,2179
2018-06-15 10:25,2197
2018-06-15 10:30,2179
2018-06-15 10:35,2174
2018-06-15 10:40,2170
2018-06-15 10:45,2179
2018-06-15 10:50,2187
2018-06-15 10:55,2186
2018-06-15 11:00,2184
2018-06-15 11:05,2188
2018-06-15 11:10,2209
2018-06-15 11:15,2237
2018-06-15 11:20,2241
2018-06-15 11:25,2249
2018-06-15 11:30,2283
2018-06-15 11:35,2288
2018-06-15 11:40,2308
2018-06-15 11:45,2307
2018-06-15 11:50,2307
2018-06-15 11:55,2316
2018-06-15 12:00,2322
2018-06-15 12:05,2345
2018-06-15 12:10,2344
2018-06-15 12:15,2378
2018-06-15 12:20,2377
2018-06-15 12:25,2395
2018-06-15 12:30,2403
2018-06-15 12:35,2421
2018-06-15 12:40,2450
2018-06-15 12:45,2455
2018-06-15 12:50,2491
2018-06-15 12:55,2529
2018-06-15 13:00,2545
2018-06-15 13:05,2570
2018-06-15 13:10,2564
2018-06-15 13:15,2575
2018-06-15 13:20,2598
2018-06-15 13:25,2625
2018-06-15 13:30,2613
2018-06-15 13:35,2634
2018-06-15 13:40,2630
2018-06-15 13:45,2644
2018-06-15 13:50,2651
2018-06-15 13:55,2654
2018-06-15 14:00,2677
2018-06-15 14:05,2699
2018-06-15 14:10,2708
2018-06-15 14:15,2725
2018-06-15 14:20,2734
2018-06-15 14:25,2738
2018-06-15 14:30,2764
2018-06-15 14:35,2777
2018-06-15 14:40,2790
2018-06-15 14:45,2795
2018-06-15 14:50,2797
2018-06-15 14:55,2826
2018-06-15 15:00,2829
2018-06-15 15:05,2826
2018-06-15 15:10,2828
2018-06-15 15:15,2883
2018-06-15 15:20,2902
2018-06-15 15:25,2928
2018-06-15 15:30,2940
2018-06-15 15:35,2946
2018-06-15 15:40,2968
2018-06-15 15:45,2985
2018-06-15 15:50,2991
2018-06-15 15:55,3026
2018-06-15 16:00,3056
2018-06-15 16:05,3083
2018-06-15 16:10,3095
2018-06-15 16:15,3095
2018-06-15 16:20,3104
2018-06-15 16:25,3107
2018-06-15 16:30,3118
2018-06-15 16:35,3150
2018-06-15 16:40,3126
2018-06-15 16:45,3151
2018-06-15 16:50,3156
2018-06-15 16:55,3182
2018-06-15 17:00,3177
2018-06-15 17:05,3190
2018-06-15 17:10,3226
2018-06-15 17:15,3223
2018-06-15 17:20,3252
2018-06-15 17:25,3270
2018-06-15 17:30,3305
2018-06-15 17:35,3306
2018-06-15 17:40,3369
2018-06-15 17:45,3366
2018-06-15 17:50,3352
2018-06-15 17:55,3360
2018-06-15 18:00,3326
2018-06-15 18:05,3305
2018-06-15 18:10,3295
2018-06-15 18:15,3297
2018-06-15 18:20,3307
2018-06-15 18:25,3285
2018-06-15 18:30,3276
2018-06-15 18:35,3284
2018-06-15 18:40,3315
2018-06-15 18:45,3314
2018-06-15 18:50,3317
2018-06-15 18:55,3331
2018-06-15 19:00,3346
2018-06-15 19:05,3352
2018-06-15 19:10,3379
2018-06-15 19:15,3375
2018-06-15 19:20,3381
2018-06-15 19:25,3373
2018-06-15 19:30,3364
2018-06-15 19:35,3374
2018-06-15 19:40,3366
2018-06-15 19:45,3356
2018-06-15 19:50,3351
2018-06-15 19:55,3347
2018-06-15 20:00,3337
2018-06-15 20:05,3326
2018-06-15 20:10,3333
2018-06-15 20:15,3342
2018-06-15 20:20,3329
2018-06-15 20:25,3350
2018-06-15 20:30,3346
2018-06-15 20:35,3335
2018-06-15 20:40,3331
2018-06-15 20:45,3314
2018-06-15 20:50,3291
2018-06-15 20:55,3253
2018-06-15 21:00,3240
2018-06-15 21:05,3227
2018-06-15 21:10,3201
2018-06-15 21:15,3188
2018-06-15 21:20,3170
2018-06-15 21:25,3156
2018-06-15 21:30,3142
2018-06-15 21:35,3121
2018-06-15 21:40,3090
2018-06-15 21:45,3035
2018-06-15 21:50,3024
2018-06-15 21:55,3010
2018-06-15 22:00,2957
2018-06-15 22:05,2894
2018-06-15 22:10,2871
2018-06-15 22:15,2824
2018-06-15 22:20,2810
2018-06-15 22:25,2800
2018-06-15 22:30,2801
2018-06-15 22:35,2755
2018-06-15 22:40,2749
2018-06-15 22:45,2730
2018-06-15 22:50,2709
2018-06-15 22:55,2659
2018-06-15 23:00,2616
2018-06-15 23:05,2595
2018-06-15 23:10,2580
2018-06-15 23:15,2566
2018-06-15 23:20,2543
2018-06-15 23:25,2532
2018-06-15 23:30,2512
2018-06-15 23:35,2464
2018-06-15 23:40,2473
2018-06-15 23:45,2452
2018-06-15 23:50,2457
2018-06-15 23:55,2427
2018-06-16 00:00,2414
2018-06-16 00:05,2402
2018-06-16 00:10,2393
2018-06-16 00:15,2370
2018-06-16 00:20,2338
2018-06-16 00:25,2324
2018-06-16 00:30,2337
2018-06-16 00:35,2346
2018-06-16 00:40,2338
2018-06-16 00:45,2336
2018-06-16 00:50,2319
2018-06-16 00:55,2321
2018-06-16 01:00,2307
2018-06-16 01:05,2303
2018-06-16 01:10,2293
2018-06-16 01:15,2284
2018-06-16 01:20,2288
2018-06-16 01:25,2287
2018-06-16 01:30,2278
2018-06-16 01:35,2278
2018-06-16 01:40,2257
2018-06-16 01:45,2245
2018-06-16 01:50,2217
2018-06-16 01:55,2232
2018-06-16 02:00,2228
2018-06-16 02:05,2204
2018-06-16 02:10,2209
2018-06-16 02:15,2215
2018-06-16 02:20,2197
2018-06-16 02:25,2204
2018-06-16 02:30,2189
2018-06-16 02:35,2181
2018-06-16 02:40,2172
2018-06-16 02:45,2159
2018-06-16 02:50,2139
2018-06-16 02:55,2160
2018-06-16 03:00,2157
2018-06-16 03:05,2158
2018-06-16 03:10,2142
2018-06-16 03:15,2119
2018-06-16 03:20,2106
2018-06-16 03:25,2111
2018-06-16 03:30,2090
2018-06-16 03:35,2061
2018-06-16 03:40,2064
2018-06-16 03:45,2042
2018-06-16 03:50,2028
2018-06-16 03:55,2032
2018-06-16 04:00,2032
2018-06-16 04:05,2024
2018-06-16 04:10,2009
2018-06-16 04:15,2000
2018-06-16 04:20,1984
2018-06-16 04:25,1956
2018-06-16 04:30,1979
2018-06-16 04:35,1979
2018-06-16 04:40,1978
2018-06-16 04:45,1980
2018-06-16 04:50,1980
2018-06-16 04:55,1966
2018-06-16 05:00,1954
2018-06-16 05:05,1939
2018-06-16 05:10,1932
2018-06-16 05:15,1930
2018-06-16 05:20,1917
2018-06-16 05:25,1903
2018-06-16 05:30,1906
2018-06-16 05:35,1904
2018-06-16 05:40,1897
2018-06-16 05:45,1892
2018-06-16 05:50,1878
2018-06-16 05:55,1882
2018-06-16 06:00,1884
2018-06-16 06:05,1880
2018-06-16 06:10,1874
2018-06-16 06:15,1872
2018-06-16 06:20,1865
2018-06-16 06:25,1869
2018-06-16 06:30,1866
2018-06-16 06:35,1891
2018-06-16 06:40,1911
2018-06-16 06:45,1912
2018-06-16 06:50,1897
2018-06-16 06:55,1932
2018-06-16 07:00,1918
2018-06-16 07:05,1906
2018-06-16 07:10,1913
2018-06-16 07:15,1917
2018-06-16 07:20,1935
2018-06-16 07:25,1978
2018-06-16 07:30,1994
2018-06-16 07:35,2015
2018-06-16 07:40,2033
2018-06-16 07:45,2022
2018-06-16 07:50,2036
2018-06-16 07:55,2033
2018-06-16 08:00,2051
2018-06-16 08:05,2055
2018-06-16 08:10,2080
2018-06-16 08:15,2087
2018-06-16 08:20,2111
2018-06-16 08:25,2133
2018-06-16 08:30,2157
2018-06-16 08:35,2172
2018-06-16 08:40,2201
2018-06-16 08:45,2228
2018-06-16 08:50,2235
2018-06-16 08:55,2229
2018-06-16 09:00,2244
2018-06-16 09:05,2245
2018-06-16 09:10,2275
2018-06-16 09:15,2298
2018-06-16 09:20,2327
2018-06-16 09:25,2348
2018-06-16 09:30,2363
2018-06-16 09:35,2357
2018-06-16 09:40,2357
2018-06-16 09:45,2379
2018-06-16 09:50,2393
2018-06-16 09:55,2403
2018-06-16 10:00,2444
2018-06-16 10:05,2533
2018-06-16 10:10,2574
2018-06-16 10:15,2591
2018-06-16 10:20,2611
2018-06-16 10:25,2619
2018-06-16 10:30,2633
2018-06-16 10:35,2638
2018-06-16 10:40,2640
2018-06-16 10:45,2660
2018-06-16 10:50,2702
2018-06-16 10:55,2711
2018-06-16 11:00,2739
2018-06-16 11:05,2745
2018-06-16 11:10,0
2018-06-16 11:15,2757
2018-06-16 11:20,2768
2018-06-16 11:25,2781
2018-06-16 11:30,2801
2018-06-16 11:35,2811
2018-06-16 11:40,2826
2018-06-16 11:45,2827
2018-06-16 11:50,2872
2018-06-16 11:55,2867
2018-06-16 12:00,2864
2018-06-16 12:05,2837
2018-06-16 12:10,2912
2018-06-16 12:15,2910
2018-06-16 12:20,2915
2018-06-16 12:25,2926
2018-06-16 12:30,2963
2018-06-16 12:35,3012
2018-06-16 12:40,3018
2018-06-16 12:45,3048
2018-06-16 12:50,3087
2018-06-16 12:55,3112
2018-06-16 13:00,3111
2018-06-16 13:05,3126
2018-06-16 13:10,3117
2018-06-16 13:15,3126
2018-06-16 13:20,3131
2018-06-16 13:25,3133
2018-06-16 13:30,3121
2018-06-16 13:35,3141
2018-06-16 13:40,3152
2018-06-16 13:45,3156
2018-06-16 13:50,3152
2018-06-16 13:55,3154
2018-06-16 14:00,3178
2018-06-16 14:05,3153
2018-06-16 14:10,3154
2018-06-16 14:15,3142
2018-06-16 14:20,3153
2018-06-16 14:25,3137
2018-06-16 14:30,3146
2018-06-16 14:35,3135
2018-06-16 14:40,3092
2018-06-16 14:45,3073
2018-06-16 14:50,3042
2018-06-16 14:55,2913
2018-06-16 15:00,2754
2018-06-16 15:05,1885
2018-06-16 15:10,1340
2018-06-16 15:15,1325
2018-06-16 15:20,1325
2018-06-16 15:25,1340
2018-06-16 15:30,1336
2018-06-16 15:35,1304
2018-06-16 15:40,1320
2018-06-16 15:45,1329
2018-06-16 15:50,1313
2018-06-16 15:55,1282
2018-06-16 16:00,1317
2018-06-16 16:05,1327
2018-06-16 16:10,1371
2018-06-16 16:15,1420
2018-06-16 16:20,1455
2018-06-16 16:25,1485
2018-06-16 16:30,1507
2018-06-16 16:35,1567
2018-06-16 16:40,1791
2018-06-16 16:45,1987
2018-06-16 16:50,2160
2018-06-16 16:55,2317
2018-06-16 17:00,2512
2018-06-16 17:05,2694
2018-06-16 17:10,2855
2018-06-16 17:15,3034
2018-06-16 17:20,3176
2018-06-16 17:25,3279
2018-06-16 17:30,3343
2018-06-16 17:35,3428
2018-06-16 17:40,3497
2018-06-16 17:45,3567
2018-06-16 17:50,3597
2018-06-16 17:55,3619
2018-06-16 18:00,3654
2018-06-16 18:05,3619
2018-06-16 18:10,3701
2018-06-16 18:15,3715
2018-06-16 18:20,3748
2018-06-16 18:25,3769
2018-06-16 18:30,3793
2018-06-16 18:35,3810
2018-06-16 18:40,3800
2018-06-16 18:45,3830
2018-06-16 18:50,3838
2018-06-16 18:55,3818
2018-06-16 19:00,3824
2018-06-16 19:05,3825
2018-06-16 19:10,3825
2018-06-16 19:15,3830
2018-06-16 19:20,3823
2018-06-16 19:25,3833
2018-06-16 19:30,3821
2018-06-16 19:35,3850
2018-06-16 19:40,3837
2018-06-16 19:45,3823
2018-06-16 19:50,3827
2018-06-16 19:55,3822
2018-06-16 20:00,3800
2018-06-16 20:05,3736
2018-06-16 20:10,3769
2018-06-16 20:15,3742
2018-06-16 20:20,3702
2018-06-16 20:25,3686
2018-06-16 20:30,3675
2018-06-16 20:35,3656
2018-06-16 20:40,3616
2018-06-16 20:45,3619
2018-06-16 20:50,3585
2018-06-16 20:55,3563
2018-06-16 21:00,3504
2018-06-16 21:05,3503
2018-06-16 21:10,3476
2018-06-16 21:15,3472
2018-06-16 21:20,3442
2018-06-16 21:25,3418
2018-06-16 21:30,3399
2018-06-16 21:35,3390
2018-06-16 21:40,3389
2018-06-16 21:45,3377
2018-06-16 21:50,3357
2018-06-16 21:55,3311
2018-06-16 22:00,3280
2018-06-16 22:05,3240
2018-06-16 22:10,3252
2018-06-16 22:15,3206
2018-06-16 22:20,3173
2018-06-16 22:25,3101
2018-06-16 22:30,3057
2018-06-16 22:35,3051
2018-06-16 22:40,3039
2018-06-16 22:45,3019
2018-06-16 22:50,3001
2018-06-16 22:55,2955
2018-06-16 23:00,2941
2018-06-16 23:05,2902
2018-06-16 23:10,2872
2018-06-16 23:15,2850
2018-06-16 23:20,2814
2018-06-16 23:25,2759
2018-06-16 23:30,2745
2018-06-16 23:35,2719
2018-06-16 23:40,2719
2018-06-16 23:45,2702
2018-06-16 23:50,2688
2018-06-16 23:55,2670
2018-06-17 00:00,2642
2018-06-17 00:05,2597
2018-06-17 00:10,2572
2018-06-17 00:15,2516
2018-06-17 00:20,2496
2018-06-17 00:25,2486
2018-06-17 00:30,2468
2018-06-17 00:35,2434
2018-06-17 00:40,2449
2018-06-17 00:45,2438
2018-06-17 00:50,2450
2018-06-17 00:55,2429
2018-06-17 01:00,2417
2018-06-17 01:05,2414
2018-06-17 01:10,2407
2018-06-17 01:15,2392
2018-06-17 01:20,2366
2018-06-17 01:25,2365
2018-06-17 01:30,2350
2018-06-17 01:35,2335
2018-06-17 01:40,2334
2018-06-17 01:45,2336
2018-06-17 01:50,2337
2018-06-17 01:55,2333
2018-06-17 02:00,2321
2018-06-17 02:05,2305
2018-06-17 02:10,2344
2018-06-17 02:15,2348
2018-06-17 02:20,2314
2018-06-17 02:25,2284
2018-06-17 02:30,2274
2018-06-17 02:35,2260
2018-06-17 02:40,2222
2018-06-17 02:45,2229
2018-06-17 02:50,2203
2018-06-17 02:55,2206
2018-06-17 03:00,2211
2018-06-17 03:05,2215
2018-06-17 03:10,2190
2018-06-17 03:15,2165
2018-06-17 03:20,2151
2018-06-17 03:25,2131
2018-06-17 03:30,2116
2018-06-17 03:35,2107
2018-06-17 03:40,2106
2018-06-17 03:45,2093
2018-06-17 03:50,2101
2018-06-17 03:55,2100
2018-06-17 04:00,2094
2018-06-17 04:05,2055
2018-06-17 04:10,2067
2018-06-17 04:15,2057
2018-06-17 04:20,2035
2018-06-17 04:25,2037
2018-06-17 04:30,2041
2018-06-17 04:35,2011
2018-06-17 04:40,2017
2018-06-17 04:45,2018
2018-06-17 04:50,2012
2018-06-17 04:55,1987
2018-06-17 05:00,1970
2018-06-17 05:05,1959
2018-06-17 05:10,1942
2018-06-17 05:15,1942
2018-06-17 05:20,1938
2018-06-17 05:25,1928
2018-06-17 05:30,1961
2018-06-17 05:35,1933
2018-06-17 05:40,1929
2018-06-17 05:45,1909
2018-06-17 05:50,1910
2018-06-17 05:55,1922
2018-06-17 06:00,1916
2018-06-17 06:05,1895
2018-06-17 06:10,1941
2018-06-17 06:15,1933
2018-06-17 06:20,1932
2018-06-17 06:25,1955
2018-06-17 06:30,1960
2018-06-17 06:35,1954
2018-06-17 06:40,1967
2018-06-17 06:45,1981
2018-06-17 06:50,2002
2018-06-17 06:55,2024
2018-06-17 07:00,2031
2018-06-17 07:05,2051
2018-06-17 07:10,2061
2018-06-17 07:15,2090
2018-06-17 07:20,2116
2018-06-17 07:25,2146
2018-06-17 07:30,2152
2018-06-17 07:35,2155
2018-06-17 07:40,2166
2018-06-17 07:45,2205
2018-06-17 07:50,2205
2018-06-17 07:55,2227
2018-06-17 08:00,2253
2018-06-17 08:05,2242
2018-06-17 08:10,2280
2018-06-17 08:15,2294
2018-06-17 08:20,2320
2018-06-17 08:25,2337
2018-06-17 08:30,2347
2018-06-17 08:35,2383
2018-06-17 08:40,2411
2018-06-17 08:45,2453
2018-06-17 08:50,2473
2018-06-17 08:55,2486
2018-06-17 09:00,2485
2018-06-17 09:05,2505
2018-06-17 09:10,2519
2018-06-17 09:15,2546
2018-06-17 09:20,2578
2018-06-17 09:25,2596
2018-06-17 09:30,2621
2018-06-17 09:35,2634
2018-06-17 09:40,2648
2018-06-17 09:45,2664
2018-06-17 09:50,2697
2018-06-17 09:55,2724
2018-06-17 10:00,2768
2018-06-17 10:05,2802
2018-06-17 10:10,2907
2018-06-17 10:15,2919
2018-06-17 10:20,2970
2018-06-17 10:25,3004
2018-06-17 10:30,3014
2018-06-17 10:35,3003
2018-06-17 10:40,3040
2018-06-17 10:45,3064
2018-06-17 10:50,3094
2018-06-17 10:55,3122
2018-06-17 11:00,3125
2018-06-17 11:05,3112
2018-06-17 11:10,3127
2018-06-17 11:15,3153
2018-06-17 11:20,3144
2018-06-17 11:25,3130
2018-06-17 11:30,3171
2018-06-17 11:35,3179
2018-06-17 11:40,3190
2018-06-17 11:45,3190
2018-06-17 11:50,3222
2018-06-17 11:55,3258
2018-06-17 12:00,3279
2018-06-17 12:05,3240
2018-06-17 12:10,3305
2018-06-17 12:15,3293
2018-06-17 12:20,3294
2018-06-17 12:25,3317
2018-06-17 12:30,3342
2018-06-17 12:35,3368
2018-06-17 12:40,3366
2018-06-17 12:45,3384
2018-06-17 12:50,3399
2018-06-17 12:55,3423
2018-06-17 13:00,3463
2018-06-17 13:05,3472
2018-06-17 13:10,3492
2018-06-17 13:15,3497
2018-06-17 13:20,3519
2018-06-17 13:25,3532
2018-06-17 13:30,3557
2018-06-17 13:35,3584
2018-06-17 13:40,3581
2018-06-17 13:45,3573
2018-06-17 13:50,3586
2018-06-17 13:55,3574
2018-06-17 14:00,3563
2018-06-17 14:05,3554
2018-06-17 14:10,3584
2018-06-17 14:15,3612
2018-06-17 14:20,3645
2018-06-17 14:25,3641
2018-06-17 14:30,3662
2018-06-17 14:35,3663
2018-06-17 14:40,3671
2018-06-17 14:45,3687
2018-06-17 14:50,3696
2018-06-17 14:55,3704
2018-06-17 15:00,3681
2018-06-17 15:05,3683
2018-06-17 15:10,3674
2018-06-17 15:15,3672
2018-06-17 15:20,3668
2018-06-17 15:25,3668
2018-06-17 15:30,3686
2018-06-17 15:35,3703
2018-06-17 15:40,3695
2018-06-17 15:45,3695
2018-06-17 15:50,3702
2018-06-17 15:55,3726
2018-06-17 16:00,3741
2018-06-17 16:05,3688
2018-06-17 16:10,3736
2018-06-17 16:15,3712
2018-06-17 16:20,3707
2018-06-17 16:25,3715
2018-06-17 16:30,3741
2018-06-17 16:35,3732
2018-06-17 16:40,3732
2018-06-17 16:45,3748
2018-06-17 16:50,0
2018-06-17 16:55,3788
2018-06-17 17:00,3828
2018-06-17 17:05,3873
2018-06-17 17:10,3881
2018-06-17 17:15,3911
2018-06-17 17:20,3937
2018-06-17 17:25,3940
2018-06-17 17:30,3940
2018-06-17 17:35,3966
2018-06-17 17:40,3987
2018-06-17 17:45,3991
2018-06-17 17:50,3987
2018-06-17 17:55,3997
2018-06-17 18:00,3954
2018-06-17 18:05,3907
2018-06-17 18:10,3921
2018-06-17 18:15,3919
2018-06-17 18:20,3889
2018-06-17 18:25,3917
2018-06-17 18:30,3931
2018-06-17 18:35,3929
2018-06-17 18:40,3938
2018-06-17 18:45,3936
2018-06-17 18:50,3951
2018-06-17 18:55,3950
2018-06-17 19:00,3940
2018-06-17 19:05,3953
2018-06-17 19:10,3967
2018-06-17 19:15,3977
2018-06-17 19:20,3939
2018-06-17 19:25,3934
2018-06-17 19:30,3903
2018-06-17 19:35,3886
2018-06-17 19:40,3899
2018-06-17 19:45,3846
2018-06-17 19:50,3848
2018-06-17 19:55,3842
2018-06-17 20:00,3812
2018-06-17 20:05,3816
2018-06-17 20:10,3790
2018-06-17 20:15,3813
2018-06-17 20:20,3805
2018-06-17 20:25,3801
2018-06-17 20:30,3797
2018-06-17 20:35,3775
2018-06-17 20:40,3717
2018-06-17 20:45,3679
2018-06-17 20:50,3633
2018-06-17 20:55,3585
2018-06-17 21:00,3551
2018-06-17 21:05,3491
2018-06-17 21:10,3453
2018-06-17 21:15,3439
2018-06-17 21:20,3397
2018-06-17 21:25,3357
2018-06-17 21:30,3341
2018-06-17 21:35,3306
2018-06-17 21:40,3268
2018-06-17 21:45,3218
2018-06-17 21:50,3190
2018-06-17 21:55,3151
2018-06-17 22:00,3077
2018-06-17 22:05,3014
2018-06-17 22:10,2970
2018-06-17 22:15,2934
2018-06-17 22:20,2891
2018-06-17 22:25,2862
2018-06-17 22:30,2825
2018-06-17 22:35,2772
2018-06-17 22:40,2741
2018-06-17 22:45,2726
2018-06-17 22:50,2713
2018-06-17 22:55,2686
2018-06-17 23:00,2671
2018-06-17 23:05,2639
2018-06-17 23:10,2616
2018-06-17 23:15,2586
2018-06-17 23:20,2564
2018-06-17 23:25,2575
2018-06-17 23:30,2564
2018-06-17 23:35,2554
2018-06-17 23:40,2542
2018-06-17 23:45,2512
2018-06-17 23:50,2501
2018-06-17 23:55,2497
2018-06-18 00:00,2505
2018-06-18 00:05,2505
2018-06-18 00:10,2492
2018-06-18 00:15,2482
2018-06-18 00:20,2479
2018-06-18 00:25,2462
2018-06-18 00:30,2441
2018-06-18 00:35,2424
2018-06-18 00:40,2398
2018-06-18 00:45,2394
2018-06-18 00:50,2395
2018-06-18 00:55,2398
2018-06-18 01:00,2418
2018-06-18 01:05,2405
2018-06-18 01:10,2395
2018-06-18 01:15,2373
2018-06-18 01:20,2353
2018-06-18 01:25,2333
2018-06-18 01:30,2321
2018-06-18 01:35,2301
2018-06-18 01:40,2279
2018-06-18 01:45,2276
2018-06-18 01:50,2254
2018-06-18 01:55,2231
2018-06-18 02:00,2226
2018-06-18 02:05,2239
2018-06-18 02:10,2229
2018-06-18 02:15,2194
2018-06-18 02:20,2182
2018-06-18 02:25,2161
2018-06-18 02:30,2163
2018-06-18 02:35,2161
2018-06-18 02:40,2161
2018-06-18 02:45,2142
2018-06-18 02:50,2124
2018-06-18 02:55,2114
2018-06-18 03:00,2089
2018-06-18 03:05,2065
2018-06-18 03:10,2044
2018-06-18 03:15,2019
2018-06-18 03:20,2009
2018-06-18 03:25,2005
2018-06-18 03:30,1967
2018-06-18 03:35,1944
2018-06-18 03:40,1939
2018-06-18 03:45,1924
2018-06-18 03:50,1906
2018-06-18 03:55,1884
2018-06-18 04:00,1860
2018-06-18 04:05,1822
2018-06-18 04:10,1809
2018-06-18 04:15,1814
2018-06-18 04:20,1795
2018-06-18 04:25,1785
2018-06-18 04:30,1768
2018-06-18 04:35,1756
2018-06-18 04:40,1763
2018-06-18 04:45,1753
2018-06-18 04:50,1745
2018-06-18 04:55,1730
2018-06-18 05:00,1725
2018-06-18 05:05,1711
2018-06-18 05:10,1702
2018-06-18 05:15,1693
2018-06-18 05:20,1690
2018-06-18 05:25,1675
2018-06-18 05:30,1688
2018-06-18 05:35,1677
2018-06-18 05:40,1660
2018-06-18 05:45,1670
2018-06-18 05:50,1654
2018-06-18 05:55,1648
2018-06-18 06:00,1664
2018-06-18 06:05,1646
2018-06-18 06:10,1645
2018-06-18 06:15,1647
2018-06-18 06:20,1632
2018-06-18 06:25,1625
2018-06-18 06:30,1629
2018-06-18 06:35,1635
2018-06-18 06:40,1631
2018-06-18 06:45,1640
2018-06-18 06:50,1661
2018-06-18 06:55,1658
2018-06-18 07:00,1638
2018-06-18 07:05,1636
2018-06-18 07:10,1654
2018-06-18 07:15,1654
2018-06-18 07:20,1665
2018-06-18 07:25,1682
2018-06-18 07:30,1680
2018-06-18 07:35,1692
2018-06-18 07:40,1715
2018-06-18 07:45,1717
2018-06-18 07:50,1741
2018-06-18 07:55,1743
2018-06-18 08:00,1758
2018-06-18 08:05,1743
2018-06-18 08:10,1755
2018-06-18 08:15,1752
2018-06-18 08:20,1745
2018-06-18 08:25,1751
2018-06-18 08:30,1759
2018-06-18 08:35,1782
2018-06-18 08:40,1802
2018-06-18 08:45,1815
2018-06-18 08:50,1828
2018-06-18 08:55,1844
2018-06-18 09:00,1848
2018-06-18 09:05,1849
2018-06-18 09:10,1860
2018-06-18 09:15,1871
2018-06-18 09:20,1898
2018-06-18 09:25,1912
2018-06-18 09:30,1923
2018-06-18 09:35,1948
2018-06-18 09:40,1938
2018-06-18 09:45,1960
2018-06-18 09:50,1966
2018-06-18 09:55,2009
2018-06-18 10:00,2030
2018-06-18 10:05,2125
2018-06-18 10:10,2149
2018-06-18 10:15,2188
2018-06-18 10:20,2206
2018-06-18 10:25,2227
2018-06-18 10:30,2210
2018-06-18 10:35,2262
2018-06-18 10:40,2257
2018-06-18 10:45,2272
2018-06-18 10:50,2291
2018-06-18 10:55,2319
2018-06-18 11:00,2344
2018-06-18 11:05,2344
2018-06-18 11:10,2350
2018-06-18 11:15,2350
2018-06-18 11:20,2368
2018-06-18 11:25,2369
2018-06-18 11:30,2364
2018-06-18 11:35,2375
2018-06-18 11:40,2408
2018-06-18 11:45,2411
2018-06-18 11:50,2420
2018-06-18 11:55,2421
2018-06-18 12:00,2439
2018-06-18 12:05,2464
2018-06-18 12:10,2450
2018-06-18 12:15,2465
2018-06-18 12:20,2449
2018-06-18 12:25,2463
2018-06-18 12:30,2523
2018-06-18 12:35,2526
2018-06-18 12:40,2541
2018-06-18 12:45,2560
2018-06-18 12:50,2594
2018-06-18 12:55,2606
2018-06-18 13:00,2627
2018-06-18 13:05,2634
2018-06-18 13:10,2662
2018-06-18 13:15,2636
2018-06-18 13:20,2670
2018-06-18 13:25,2685
2018-06-18 13:30,2706
2018-06-18 13:35,2711
2018-06-18 13:40,2722
2018-06-18 13:45,2755
2018-06-18 13:50,2796
2018-06-18 13:55,2809
2018-06-18 14:00,2814
2018-06-18 14:05,2847
2018-06-18 14:10,2856
2018-06-18 14:15,2921
2018-06-18 14:20,2927
2018-06-18 14:25,2932
2018-06-18 14:30,2942
2018-06-18 14:35,2970
2018-06-18 14:40,2984
2018-06-18 14:45,2996
2018-06-18 14:50,3035
2018-06-18 14:55,3046
2018-06-18 15:00,3069
2018-06-18 15:05,3051
2018-06-18 15:10,3045
2018-06-18 15:15,3083
2018-06-18 15:20,3113
2018-06-18 15:25,3126
2018-06-18 15:30,3132
2018-06-18 15:35,3131
2018-06-18 15:40,3163
2018-06-18 15:45,3186
2018-06-18 15:50,3200
2018-06-18 15:55,3242
2018-06-18 16:00,3246
2018-06-18 16:05,3260
2018-06-18 16:10,3300
2018-06-18 16:15,3295
2018-06-18 16:20,3332
2018-06-18 16:25,3355
2018-06-18 16:30,3396
2018-06-18 16:35,3400
2018-06-18 16:40,3447
2018-06-18 16:45,3459
2018-06-18 16:50,3454
2018-06-18 16:55,3471
2018-06-18 17:00,3511
2018-06-18 17:05,3554
2018-06-18 17:10,3558
2018-06-18 17:15,3553
2018-06-18 17:20,3558
2018-06-18 17:25,3586
2018-06-18 17:30,3606
2018-06-18 17:35,3596
2018-06-18 17:40,3617
2018-06-18 17:45,3638
2018-06-18 17:50,3636
2018-06-18 17:55,3614
2018-06-18 18:00,3621
2018-06-18 18:05,3615
2018-06-18 18:10,3618
2018-06-18 18:15,3622
2018-06-18 18:20,3642
2018-06-18 18:25,3658
2018-06-18 18:30,3670
2018-06-18 18:35,3679
2018-06-18 18:40,3677
2018-06-18 18:45,3692
2018-06-18 18:50,3678
2018-06-18 18:55,3688
2018-06-18 19:00,3700
2018-06-18 19:05,3702
2018-06-18 19:10,3704
2018-06-18 19:15,3682
2018-06-18 19:20,3685
2018-06-18 19:25,3674
2018-06-18 19:30,3676
2018-06-18 19:35,3678
2018-06-18 19:40,3681
2018-06-18 19:45,3659
2018-06-18 19:50,3669
2018-06-18 19:55,3646
2018-06-18 20:00,3649
2018-06-18 20:05,3628
2018-06-18 20:10,3616
2018-06-18 20:15,0
2018-06-18 20:20,3605
2018-06-18 20:25,3589
2018-06-18 20:30,3573
2018-06-18 20:35,3501
2018-06-18 20:40,3486
2018-06-18 20:45,3459
2018-06-18 20:50,3422
2018-06-18 20:55,3399
2018-06-18 21:00,3339
2018-06-18 21:05,3274
2018-06-18 21:10,3258
2018-06-18 21:15,3196
2018-06-18 21:20,3142
2018-06-18 21:25,3094
2018-06-18 21:30,3070
2018-06-18 21:35,3052
2018-06-18 21:40,3036
2018-06-18 21:45,3001
2018-06-18 21:50,2958
2018-06-18 21:55,2952
2018-06-18 22:00,2906
2018-06-18 22:05,2895
2018-06-18 22:10,2895
2018-06-18 22:15,2895
2018-06-18 22:20,2895
2018-06-18 22:25,2895
2018-06-18 22:30,2895
2018-06-18 22:35,2895
2018-06-18 22:40,2895
2018-06-18 22:45,2895
2018-06-18 22:50,2895
2018-06-18 22:55,2895
2018-06-18 23:00,2664
2018-06-18 23:05,2643
2018-06-18 23:10,2616
2018-06-18 23:15,2613
2018-06-18 23:20,2583
2018-06-18 23:25,2574
2018-06-18 23:30,2576
2018-06-18 23:35,2537
2018-06-18 23:40,2501
2018-06-18 23:45,2482
2018-06-18 23:50,2461
2018-06-18 23:55,2456
2018-06-19 00:00,2446
2018-06-19 00:05,2428
2018-06-19 00:10,2414
2018-06-19 00:15,2418
2018-06-19 00:20,2435
2018-06-19 00:25,2432
2018-06-19 00:30,2439
2018-06-19 00:35,2449
2018-06-19 00:40,2438
2018-06-19 00:45,2428
2018-06-19 00:50,2422
2018-06-19 00:55,2412
2018-06-19 01:00,2387
2018-06-19 01:05,2381
2018-06-19 01:10,2352
2018-06-19 01:15,2327
2018-06-19 01:20,2335
2018-06-19 01:25,2332
2018-06-19 01:30,2303
2018-06-19 01:35,2298
2018-06-19 01:40,2291
2018-06-19 01:45,2281
2018-06-19 01:50,2261
2018-06-19 01:55,2265
2018-06-19 02:00,2230
2018-06-19 02:05,2216
2018-06-19 02:10,2194
2018-06-19 02:15,2192
2018-06-19 02:20,2158
2018-06-19 02:25,2160
2018-06-19 02:30,2147
2018-06-19 02:35,2148
2018-06-19 02:40,2138
2018-06-19 02:45,2131
2018-06-19 02:50,2115
2018-06-19 02:55,2095
2018-06-19 03:00,2097
2018-06-19 03:05,2076
2018-06-19 03:10,2072
2018-06-19 03:15,2072
2018-06-19 03:20,2051
2018-06-19 03:25,2028
2018-06-19 03:30,2032
2018-06-19 03:35,1993
2018-06-19 03:40,1997
2018-06-19 03:45,1969
2018-06-19 03:50,1947
2018-06-19 03:55,1928
2018-06-19 04:00,1916
2018-06-19 04:05,1916
2018-06-19 04:10,1896
2018-06-19 04:15,1889
2018-06-19 04:20,1887
2018-06-19 04:25,1867
2018-06-19 04:30,1853
2018-06-19 04:35,1860
2018-06-19 04:40,1838
2018-06-19 04:45,1841
2018-06-19 04:50,1844
2018-06-19 04:55,1830
2018-06-19 05:00,1837
2018-06-19 05:05,1822
2018-06-19 05:10,1833
2018-06-19 05:15,1809
2018-06-19 05:20,1790
2018-06-19 05:25,1782
2018-06-19 05:30,1772
2018-06-19 05:35,1781
2018-06-19 05:40,1780
2018-06-19 05:45,1769
2018-06-19 05:50,1761
2018-06-19 05:55,1726
2018-06-19 06:00,1740
2018-06-19 06:05,1729
2018-06-19 06:10,1725
2018-06-19 06:15,1705
2018-06-19 06:20,1717
2018-06-19 06:25,1712
2018-06-19 06:30,1714
2018-06-19 06:35,1704
2018-06-19 06:40,1696
2018-06-19 06:45,1697
2018-06-19 06:50,1706
2018-06-19 06:55,1711
2018-06-19 07:00,1692
2018-06-19 07:05,1675
2018-06-19 07:10,1671
2018-06-19 07:15,1685
2018-06-19 07:20,1692
2018-06-19 07:25,1692
2018-06-19 07:30,1715
2018-06-19 07:35,1728
2018-06-19 07:40,1721
2018-06-19 07:45,1732
2018-06-19 07:50,1754
2018-06-19 07:55,1763
2018-06-19 08:00,1783
2018-06-19 08:05,1777
2018-06-19 08:10,1789
2018-06-19 08:15,1820
2018-06-19 08:20,1830
2018-06-19 08:25,1819
2018-06-19 08:30,1847
2018-06-19 08:35,1853
2018-06-19 08:40,1844
2018-06-19 08:45,1855
2018-06-19 08:50,1871
2018-06-19 08:55,1885
2018-06-19 09:00,1895
2018-06-19 09:05,1894
2018-06-19 09:10,1883
2018-06-19 09:15,1891
2018-06-19 09:20,1922
2018-06-19 09:25,1927
2018-06-19 09:30,1950
2018-06-19 09:35,1998
2018-06-19 09:40,2013
2018-06-19 09:45,2041
2018-06-19 09:50,2048
2018-06-19 09:55,2055
2018-06-19 10:00,2091
2018-06-19 10:05,2118
2018-06-19 10:10,2178
2018-06-19 10:15,2208
2018-06-19 10:20,2239
2018-06-19 10:25,2265
2018-06-19 10:30,2263
2018-06-19 10:35,2270
2018-06-19 10:40,2289
2018-06-19 10:45,2306
2018-06-19 10:50,2332
2018-06-19 10:55,2348
2018-06-19 11:00,2354
2018-06-19 11:05,2372
2018-06-19 11:10,2370
2018-06-19 11:15,2379
2018-06-19 11:20,2382
2018-06-19 11:25,2392
2018-06-19 11:30,2386
2018-06-19 11:35,2387
2018-06-19 11:40,2395
2018-06-19 11:45,2393
2018-06-19 11:50,2398
2018-06-19 11:55,2416
2018-06-19 12:00,2417
2018-06-19 12:05,2419
2018-06-19 12:10,2409
2018-06-19 12:15,2454
2018-06-19 12:20,2442
2018-06-19 12:25,2472
2018-06-19 12:30,2457
2018-06-19 12:35,2470
2018-06-19 12:40,2458
2018-06-19 12:45,2480
2018-06-19 12:50,2512
2018-06-19 12:55,2530
2018-06-19 13:00,2534
2018-06-19 13:05,2539
2018-06-19 13:10,2553
2018-06-19 13:15,2585
2018-06-19 13:20,2591
2018-06-19 13:25,2599
2018-06-19 13:30,2597
2018-06-19 13:35,2567
2018-06-19 13:40,2538
2018-06-19 13:45,2510
2018-06-19 13:50,2452
2018-06-19 13:55,2332
2018-06-19 14:00,2041
2018-06-19 14:05,1029
2018-06-19 14:10,985
2018-06-19 14:15,961
2018-06-19 14:20,970
2018-06-19 14:25,950
2018-06-19 14:30,974
2018-06-19 14:35,970
2018-06-19 14:40,995
2018-06-19 14:45,1003
2018-06-19 14:50,1042
2018-06-19 14:55,1042
2018-06-19 15:00,1062
2018-06-19 15:05,1081
2018-06-19 15:10,1152
2018-06-19 15:15,1287
2018-06-19 15:20,1419
2018-06-19 15:25,1537
2018-06-19 15:30,1692
2018-06-19 15:35,1837
2018-06-19 15:40,1973
2018-06-19 15:45,2065
2018-06-19 15:50,2187
2018-06-19 15:55,2275
2018-06-19 16:00,2414
2018-06-19 16:05,2613
2018-06-19 16:10,2766
2018-06-19 16:15,2903
2018-06-19 16:20,2997
2018-06-19 16:25,3079
2018-06-19 16:30,3165
2018-06-19 16:35,3195
2018-06-19 16:40,3293
2018-06-19 16:45,3339
2018-06-19 16:50,3400
2018-06-19 16:55,3439
2018-06-19 17:00,3462
2018-06-19 17:05,3536
2018-06-19 17:10,3577
2018-06-19 17:15,3636
2018-06-19 17:20,3691
2018-06-19 17:25,3694
2018-06-19 17:30,3692
2018-06-19 17:35,3712
2018-06-19 17:40,3708
2018-06-19 17:45,3742
2018-06-19 17:50,3721
2018-06-19 17:55,3735
2018-06-19 18:00,3697
2018-06-19 18:05,3692
2018-06-19 18:10,3708
2018-06-19 18:15,3706
2018-06-19 18:20,3701
2018-06-19 18:25,3716
2018-06-19 18:30,3671
2018-06-19 18:35,3656
2018-06-19 18:40,3639
2018-06-19 18:45,3662
2018-06-19 18:50,3663
2018-06-19 18:55,3691
2018-06-19 19:00,3712
2018-06-19 19:05,3703
2018-06-19 19:10,3700
2018-06-19 19:15,3696
2018-06-19 19:20,3751
2018-06-19 19:25,3757
2018-06-19 19:30,3749
2018-06-19 19:35,3734
2018-06-19 19:40,3725
2018-06-19 19:45,3699
2018-06-19 19:50,3665
2018-06-19 19:55,3651
2018-06-19 20:00,3650
2018-06-19 20:05,3664
2018-06-19 20:10,3620
2018-06-19 20:15,3587
2018-06-19 20:20,3566
2018-06-19 20:25,3555
2018-06-19 20:30,3525
2018-06-19 20:35,3498
2018-06-19 20:40,3496
2018-06-19 20:45,3464
2018-06-19 20:50,3437
2018-06-19 20:55,3396
2018-06-19 21:00,3341
2018-06-19 21:05,3281
2018-06-19 21:10,3268
2018-06-19 21:15,3208
2018-06-19 21:20,3177
2018-06-19 21:25,3139
2018-06-19 21:30,3115
2018-06-19 21:35,3062
2018-06-19 21:40,3064
2018-06-19 21:45,3009
2018-06-19 21:50,2970
2018-06-19 21:55,2948
2018-06-19 22:00,2921
2018-06-19 22:05,2892
2018-06-19 22:10,2859
2018-06-19 22:15,2845
2018-06-19 22:20,2809
2018-06-19 22:25,2805
2018-06-19 22:30,2773
2018-06-19 22:35,2751
2018-06-19 22:40,
2018-06-19 22:45,
2018-06-19 22:50,2611
2018-06-19 22:55,2679
2018-06-19 23:00,2668
2018-06-19 23:05,2661
2018-06-19 23:10,2643
2018-06-19 23:15,2621
2018-06-19 23:20,2616
2018-06-19 23:25,2563
2018-06-19 23:30,2528
2018-06-19 23:35,2496
2018-06-19 23:40,2475
2018-06-19 23:45,2468
2018-06-19 23:50,2460
2018-06-19 23:55,2453
2018-06-20 00:00,2429
2018-06-20 00:05,2395
2018-06-20 00:10,2418
2018-06-20 00:15,2416
2018-06-20 00:20,2411
2018-06-20 00:25,2422
2018-06-20 00:30,2404
2018-06-20 00:35,2378
2018-06-20 00:40,2398
2018-06-20 00:45,2398
2018-06-20 00:50,2389
2018-06-20 00:55,2367
2018-06-20 01:00,2366
2018-06-20 01:05,2348
2018-06-20 01:10,2359
2018-06-20 01:15,2343
2018-06-20 01:20,2349
2018-06-20 01:25,2338
2018-06-20 01:30,2335
2018-06-20 01:35,2298
2018-06-20 01:40,2304
2018-06-20 01:45,2290
2018-06-20 01:50,2293
2018-06-20 01:55,2272
2018-06-20 02:00,2269
2018-06-20 02:05,2219
2018-06-20 02:10,2239
2018-06-20 02:15,2238
2018-06-20 02:20,2241
2018-06-20 02:25,2202
2018-06-20 02:30,2210
2018-06-20 02:35,2210
2018-06-20 02:40,2188
2018-06-20 02:45,2156
2018-06-20 02:50,2137
2018-06-20 02:55,2109
2018-06-20 03:00,2099
2018-06-20 03:05,2060
2018-06-20 03:10,2035
2018-06-20 03:15,2021
2018-06-20 03:20,2025
2018-06-20 03:25,2002
2018-06-20 03:30,1994
2018-06-20 03:35,1962
2018-06-20 03:40,1954
2018-06-20 03:45,1950
2018-06-20 03:50,1940
2018-06-20 03:55,1921
2018-06-20 04:00,1902
2018-06-20 04:05,1833
2018-06-20 04:10,1851
2018-06-20 04:15,1841
2018-06-20 04:20,1815
2018-06-20 04:25,1791
2018-06-20 04:30,1776
2018-06-20 04:35,1751
2018-06-20 04:40,1737
2018-06-20 04:45,1740
2018-06-20 04:50,1731
2018-06-20 04:55,1721
2018-06-20 05:00,1702
2018-06-20 05:05,1694
2018-06-20 05:10,1669
2018-06-20 05:15,1663
2018-06-20 05:20,1653
2018-06-20 05:25,1644
2018-06-20 05:30,1626
2018-06-20 05:35,1622
2018-06-20 05:40,1601
2018-06-20 05:45,1584
2018-06-20 05:50,1576
2018-06-20 05:55,1567
2018-06-20 06:00,1581
2018-06-20 06:05,1554
2018-06-20 06:10,1585
2018-06-20 06:15,1603
2018-06-20 06:20,1621
2018-06-20 06:25,1626
2018-06-20 06:30,1634
2018-06-20 06:35,1635
2018-06-20 06:40,1624
2018-06-20 06:45,1628
2018-06-20 06:50,1616
2018-06-20 06:55,1604
2018-06-20 07:00,1602
2018-06-20 07:05,1609
2018-06-20 07:10,1610
2018-06-20 07:15,1604
2018-06-20 07:20,1610
2018-06-20 07:25,1637
2018-06-20 07:30,1667
2018-06-20 07:35,1669
2018-06-20 07:40,1674
2018-06-20 07:45,1669
2018-06-20 07:50,1673
2018-06-20 07:55,1691
2018-06-20 08:00,1721
2018-06-20 08:05,1702
2018-06-20 08:10,1733
2018-06-20 08:15,1762
2018-06-20 08:20,1772
2018-06-20 08:25,1781
2018-06-20 08:30,1793
2018-06-20 08:35,1793
2018-06-20 08:40,1818
2018-06-20 08:45,1828
2018-06-20 08:50,1850
2018-06-20 08:55,1870
2018-06-20 09:00,1865
2018-06-20 09:05,1884
2018-06-20 09:10,1886
2018-06-20 09:15,1884
2018-06-20 09:20,1896
2018-06-20 09:25,1921
2018-06-20 09:30,1950
2018-06-20 09:35,1955
2018-06-20 09:40,1981
2018-06-20 09:45,2004
2018-06-20 09:50,2019
2018-06-20 09:55,2036
2018-06-20 10:00,2063
2018-06-20 10:05,2075
2018-06-20 10:10,2138
2018-06-20 10:15,2174
2018-06-20 10:20,2206
2018-06-20 10:25,2193
2018-06-20 10:30,2201
2018-06-20 10:35,2256
2018-06-20 10:40,2262
2018-06-20 10:45,2280
2018-06-20 10:50,2313
2018-06-20 10:55,2299
2018-06-20 11:00,2321
2018-06-20 11:05,2331
2018-06-20 11:10,2332
2018-06-20 11:15,2323
2018-06-20 11:20,2335
2018-06-20 11:25,2368
2018-06-20 11:30,2367
2018-06-20 11:35,2377
2018-06-20 11:40,2383
2018-06-20 11:45,2413
2018-06-20 11:50,2410
2018-06-20 11:55,2435
2018-06-20 12:00,2430
2018-06-20 12:05,2395
2018-06-20 12:10,2428
2018-06-20 12:15,2450
2018-06-20 12:20,2442
2018-06-20 12:25,2461
2018-06-20 12:30,2439
2018-06-20 12:35,2441
2018-06-20 12:40,2466
2018-06-20 12:45,2469
2018-06-20 12:50,2473
2018-06-20 12:55,2474
2018-06-20 13:00,2501
2018-06-20 13:05,2513
2018-06-20 13:10,2533
2018-06-20 13:15,2558
2018-06-20 13:20,2559
2018-06-20 13:25,2580
2018-06-20 13:30,2591
2018-06-20 13:35,2594
2018-06-20 13:40,2599
2018-06-20 13:45,2612
2018-06-20 13:50,2612
2018-06-20 13:55,2616
2018-06-20 14:00,2642
2018-06-20 14:05,2622
2018-06-20 14:10,2693
2018-06-20 14:15,2733
2018-06-20 14:20,2742
2018-06-20 14:25,2738
2018-06-20 14:30,2753
2018-06-20 14:35,2794
2018-06-20 14:40,2824
2018-06-20 14:45,2845
2018-06-20 14:50,2857
2018-06-20 14:55,2871
2018-06-20 15:00,2897
2018-06-20 15:05,2892
2018-06-20 15:10,2922
2018-06-20 15:15,2915
2018-06-20 15:20,2930
2018-06-20 15:25,2963
2018-06-20 15:30,2955
2018-06-20 15:35,2963
2018-06-20 15:40,2976
2018-06-20 15:45,3022
2018-06-20 15:50,3055
2018-06-20 15:55,3073
2018-06-20 16:00,3091
2018-06-20 16:05,3105
2018-06-20 16:10,3163
2018-06-20 16:15,3145
2018-06-20 16:20,3133
2018-06-20 16:25,3129
2018-06-20 16:30,3137
2018-06-20 16:35,3134
2018-06-20 16:40,3181
2018-06-20 16:45,3190
2018-06-20 16:50,3233
2018-06-20 16:55,3273
2018-06-20 17:00,3270
2018-06-20 17:05,3313
2018-06-20 17:10,3331
2018-06-20 17:15,3359
2018-06-20 17:20,3376
2018-06-20 17:25,3406
2018-06-20 17:30,3432
2018-06-20 17:35,3421
2018-06-20 17:40,3439
2018-06-20 17:45,3461
2018-06-20 17:50,3459
2018-06-20 17:55,3481
2018-06-20 18:00,3491
2018-06-20 18:05,3439
2018-06-20 18:10,3486
2018-06-20 18:15,3479
2018-06-20 18:20,3465
2018-06-20 18:25,3472
2018-06-20 18:30,3488
2018-06-20 18:35,3505
2018-06-20 18:40,3522
2018-06-20 18:45,3521
2018-06-20 18:50,3502
2018-06-20 18:55,3522
2018-06-20 19:00,3556
2018-06-20 19:05,3538
2018-06-20 19:10,3532
2018-06-20 19:15,3507
2018-06-20 19:20,3493
2018-06-20 19:25,3505
2018-06-20 19:30,3507
2018-06-20 19:35,3523
2018-06-20 19:40,3530
2018-06-20 19:45,3490
2018-06-20 19:50,3457
2018-06-20 19:55,3457
2018-06-20 20:00,3429
2018-06-20 20:05,3391
2018-06-20 20:10,3412
2018-06-20 20:15,3396
2018-06-20 20:20,3352
2018-06-20 20:25,3334
2018-06-20 20:30,3347
2018-06-20 20:35,3335
2018-06-20 20:40,3306
2018-06-20 20:45,3292
2018-06-20 20:50,3253
2018-06-20 20:55,3213
2018-06-20 21:00,3171
2018-06-20 21:05,3130
2018-06-20 21:10,3090
2018-06-20 21:15,3043
2018-06-20 21:20,3039
2018-06-20 21:25,2989
2018-06-20 21:30,2978
2018-06-20 21:35,2953
2018-06-20 21:40,2930
2018-06-20 21:45,2904
2018-06-20 21:50,2872
2018-06-20 21:55,2859
2018-06-20 22:00,2808
2018-06-20 22:05,2776
2018-06-20 22:10,2773
2018-06-20 22:15,2761
2018-06-20 22:20,2739
2018-06-20 22:25,2700
2018-06-20 22:30,2695
2018-06-20 22:35,2677
2018-06-20 22:40,2655
2018-06-20 22:45,2633
2018-06-20 22:50,2617
2018-06-20 22:55,2611
2018-06-20 23:00,2607
2018-06-20 23:05,2604
2018-06-20 23:10,2576
2018-06-20 23:15,2575
2018-06-20 23:20,2557
2018-06-20 23:25,2530
2018-06-20 23:30,2528
2018-06-20 23:35,2511
2018-06-20 23:40,2495
2018-06-20 23:45,2476
2018-06-20 23:50,2456
2018-06-20 23:55,2424
2018-06-21 00:00,2407
2018-06-21 00:05,2358
2018-06-21 00:10,2366
2018-06-21 00:15,2329
2018-06-21 00:20,2287
2018-06-21 00:25,2274
2018-06-21 00:30,2262
2018-06-21 00:35,2256
2018-06-21 00:40,2252
2018-06-21 00:45,2259
2018-06-21 00:50,2248
2018-06-21 00:55,2241
2018-06-21 01:00,2245
2018-06-21 01:05,2246
2018-06-21 01:10,2240
2018-06-21 01:15,2260
2018-06-21 01:20,2254
2018-06-21 01:25,2250
2018-06-21 01:30,2255
2018-06-21 01:35,2255
2018-06-21 01:40,2251
2018-06-21 01:45,2254
2018-06-21 01:50,2256
2018-06-21 01:55,2249
2018-06-21 02:00,2258
2018-06-21 02:05,2215
2018-06-21 02:10,2238
2018-06-21 02:15,2235
2018-06-21 02:20,2221
2018-06-21 02:25,2193
2018-06-21 02:30,2175
2018-06-21 02:35,2155
2018-06-21 02:40,2141
2018-06-21 02:45,2115
2018-06-21 02:50,2107
2018-06-21 02:55,2086
2018-06-21 03:00,2065
2018-06-21 03:05,2042
2018-06-21 03:10,2022
2018-06-21 03:15,1998
2018-06-21 03:20,1974
2018-06-21 03:25,1967
2018-06-21 03:30,1964
2018-06-21 03:35,1950
2018-06-21 03:40,1939
2018-06-21 03:45,1925
2018-06-21 03:50,1910
2018-06-21 03:55,1914
2018-06-21 04:00,1904
2018-06-21 04:05,1817
2018-06-21 04:10,1836
2018-06-21 04:15,1825
2018-06-21 04:20,1810
2018-06-21 04:25,1807
2018-06-21 04:30,1783
2018-06-21 04:35,1770
2018-06-21 04:40,1762
2018-06-21 04:45,1739
2018-06-21 04:50,1750
2018-06-21 04:55,1752
2018-06-21 05:00,1732
2018-06-21 05:05,1719
2018-06-21 05:10,1712
2018-06-21 05:15,1688
2018-06-21 05:20,1696
2018-06-21 05:25,1694
2018-06-21 05:30,1697
2018-06-21 05:35,1711
2018-06-21 05:40,1715
2018-06-21 05:45,1713
2018-06-21 05:50,1705
2018-06-21 05:55,1706
2018-06-21 06:00,1676
2018-06-21 06:05,1639
2018-06-21 06:10,1662
2018-06-21 06:15,1650
2018-06-21 06:20,1649
2018-06-21 06:25,1643
2018-06-21 06:30,1640
2018-06-21 06:35,1637
2018-06-21 06:40,1634
2018-06-21 06:45,1642
2018-06-21 06:50,1634
2018-06-21 06:55,1628
2018-06-21 07:00,1627
2018-06-21 07:05,1636
2018-06-21 07:10,1651
2018-06-21 07:15,1674
2018-06-21 07:20,1698
2018-06-21 07:25,1714
2018-06-21 07:30,1705
2018-06-21 07:35,1720
2018-06-21 07:40,1721
2018-06-21 07:45,1737
2018-06-21 07:50,1748
2018-06-21 07:55,1739
2018-06-21 08:00,1745
2018-06-21 08:05,1720
2018-06-21 08:10,1793
2018-06-21 08:15,1798
2018-06-21 08:20,1809
2018-06-21 08:25,1821
2018-06-21 08:30,1827
2018-06-21 08:35,1825
2018-06-21 08:40,1840
2018-06-21 08:45,1862
2018-06-21 08:50,1837
2018-06-21 08:55,1870
2018-06-21 09:00,1893
2018-06-21 09:05,1899
2018-06-21 09:10,1925
2018-06-21 09:15,1923
2018-06-21 09:20,1927
2018-06-21 09:25,1929
2018-06-21 09:30,1970
2018-06-21 09:35,1985
2018-06-21 09:40,1987
2018-06-21 09:45,2005
2018-06-21 09:50,2032
2018-06-21 09:55,2037
2018-06-21 10:00,2054
2018-06-21 10:05,2050
2018-06-21 10:10,2134
2018-06-21 10:15,2157
2018-06-21 10:20,2172
2018-06-21 10:25,2192
2018-06-21 10:30,2190
2018-06-21 10:35,2205
2018-06-21 10:40,2238
2018-06-21 10:45,2284
2018-06-21 10:50,2318
2018-06-21 10:55,2333
2018-06-21 11:00,2315
2018-06-21 11:05,2292
2018-06-21 11:10,2308
2018-06-21 11:15,2298
2018-06-21 11:20,2299
2018-06-21 11:25,2298
2018-06-21 11:30,2279
2018-06-21 11:35,2290
2018-06-21 11:40,2326
2018-06-21 11:45,2315
2018-06-21 11:50,2342
2018-06-21 11:55,2337
2018-06-21 12:00,2323
2018-06-21 12:05,2316
2018-06-21 12:10,2362
2018-06-21 12:15,2370
2018-06-21 12:20,2370
2018-06-21 12:25,2392
2018-06-21 12:30,2399
2018-06-21 12:35,2419
2018-06-21 12:40,2409
2018-06-21 12:45,2398
2018-06-21 12:50,2390
2018-06-21 12:55,2321
2018-06-21 13:00,2154
2018-06-21 13:05,1710
2018-06-21 13:10,1006
2018-06-21 13:15,919
2018-06-21 13:20,887
2018-06-21 13:25,860
2018-06-21 13:30,848
2018-06-21 13:35,823
2018-06-21 13:40,805
2018-06-21 13:45,839
2018-06-21 13:50,869
2018-06-21 13:55,884
2018-06-21 14:00,879
2018-06-21 14:05,884
2018-06-21 14:10,942
2018-06-21 14:15,929
2018-06-21 14:20,943
2018-06-21 14:25,915
2018-06-21 14:30,917
2018-06-21 14:35,911
2018-06-21 14:40,945
2018-06-21 14:45,991
2018-06-21 14:50,1015
2018-06-21 14:55,1030
2018-06-21 15:00,1073
2018-06-21 15:05,1102
2018-06-21 15:10,1236
2018-06-21 15:15,1432
2018-06-21 15:20,1621
2018-06-21 15:25,1785
2018-06-21 15:30,1906
2018-06-21 15:35,2043
2018-06-21 15:40,2189
2018-06-21 15:45,2287
2018-06-21 15:50,2386
2018-06-21 15:55,2509
2018-06-21 16:00,2652
2018-06-21 16:05,2798
2018-06-21 16:10,2931
2018-06-21 16:15,3034
2018-06-21 16:20,3108
2018-06-21 16:25,3181
2018-06-21 16:30,3240
2018-06-21 16:35,3269
2018-06-21 16:40,3328
2018-06-21 16:45,3371
2018-06-21 16:50,3401
2018-06-21 16:55,3426
2018-06-21 17:00,3452
2018-06-21 17:05,3468
2018-06-21 17:10,3450
2018-06-21 17:15,3462
2018-06-21 17:20,3499
2018-06-21 17:25,3533
2018-06-21 17:30,3523
2018-06-21 17:35,3509
2018-06-21 17:40,3511
2018-06-21 17:45,3519
2018-06-21 17:50,3510
2018-06-21 17:55,3523
2018-06-21 18:00,3482
2018-06-21 18:05,3479
2018-06-21 18:10,3454
2018-06-21 18:15,3424
2018-06-21 18:20,3433
2018-06-21 18:25,3441
2018-06-21 18:30,3418
2018-06-21 18:35,3423
2018-06-21 18:40,3420
2018-06-21 18:45,3430
2018-06-21 18:50,3411
2018-06-21 18:55,3444
2018-06-21 19:00,3438
2018-06-21 19:05,3453
2018-06-21 19:10,3442
2018-06-21 19:15,3431
2018-06-21 19:20,3410
2018-06-21 19:25,3389
2018-06-21 19:30,3367
2018-06-21 19:35,3339
2018-06-21 19:40,3337
2018-06-21 19:45,3299
2018-06-21 19:50,3278
2018-06-21 19:55,3278
2018-06-21 20:00,3267
2018-06-21 20:05,3187
2018-06-21 20:10,3226
2018-06-21 20:15,3215
2018-06-21 20:20,3219
2018-06-21 20:25,3195
2018-06-21 20:30,3177
2018-06-21 20:35,3171
2018-06-21 20:40,3158
2018-06-21 20:45,3123
2018-06-21 20:50,3087
2018-06-21 20:55,3040
2018-06-21 21:00,3008
2018-06-21 21:05,3003
2018-06-21 21:10,2987
2018-06-21 21:15,2976
2018-06-21 21:20,2964
2018-06-21 21:25,2948
2018-06-21 21:30,2923
2018-06-21 21:35,2890
2018-06-21 21:40,2859
2018-06-21 21:45,2840
2018-06-21 21:50,2807
2018-06-21 21:55,2748
2018-06-21 22:00,2691
2018-06-21 22:05,2651
2018-06-21 22:10,2649
2018-06-21 22:15,2628
2018-06-21 22:20,2604
2018-06-21 22:25,2593
2018-06-21 22:30,2581
2018-06-21 22:35,2575
2018-06-21 22:40,2559
2018-06-21 22:45,2512
2018-06-21 22:50,2493
2018-06-21 22:55,2469
2018-06-21 23:00,2433
2018-06-21 23:05,2434
2018-06-21 23:10,2440
2018-06-21 23:15,2436
2018-06-21 23:20,2439
2018-06-21 23:25,2424
2018-06-21 23:30,2419
2018-06-21 23:35,2427
2018-06-21 23:40,2421
2018-06-21 23:45,2387
2018-06-21 23:50,2363
2018-06-21 23:55,2344
2018-06-22 00:00,2355
2018-06-22 00:05,2330
2018-06-22 00:10,2297
2018-06-22 00:15,2248
2018-06-22 00:20,2243
2018-06-22 00:25,2233
2018-06-22 00:30,2226
2018-06-22 00:35,2208
2018-06-22 00:40,2201
2018-06-22 00:45,2205
2018-06-22 00:50,2203
2018-06-22 00:55,2190
2018-06-22 01:00,2195
2018-06-22 01:05,2183
2018-06-22 01:10,2186
2018-06-22 01:15,2178
2018-06-22 01:20,2173
2018-06-22 01:25,2165
2018-06-22 01:30,2136
2018-06-22 01:35,2138
2018-06-22 01:40,2126
2018-06-22 01:45,2101
2018-06-22 01:50,2091
2018-06-22 01:55,2090
2018-06-22 02:00,2075
2018-06-22 02:05,2039
2018-06-22 02:10,2021
2018-06-22 02:15,1988
2018-06-22 02:20,1979
2018-06-22 02:25,1946
2018-06-22 02:30,1921
2018-06-22 02:35,1886
2018-06-22 02:40,1883
2018-06-22 02:45,1851
2018-06-22 02:50,1827
2018-06-22 02:55,1824
2018-06-22 03:00,1818
2018-06-22 03:05,1816
2018-06-22 03:10,1810
2018-06-22 03:15,1794
2018-06-22 03:20,1787
2018-06-22 03:25,1761
2018-06-22 03:30,1752
2018-06-22 03:35,1740
2018-06-22 03:40,1739
2018-06-22 03:45,1708
2018-06-22 03:50,1695
2018-06-22 03:55,1694
2018-06-22 04:00,1668
2018-06-22 04:05,1645
2018-06-22 04:10,1658
2018-06-22 04:15,1662
2018-06-22 04:20,1573
2018-06-22 04:25,1535
2018-06-22 04:30,1547
2018-06-22 04:35,1565
2018-06-22 04:40,1559
2018-06-22 04:45,1571
2018-06-22 04:50,1557
2018-06-22 04:55,1554
2018-06-22 05:00,1539
2018-06-22 05:05,
2018-06-22 05:10,
2018-06-22 05:15,
2018-06-22 05:20,1543
2018-06-22 05:25,1518
2018-06-22 05:30,1524
2018-06-22 05:35,1509
2018-06-22 05:40,1517
2018-06-22 05:45,1522
2018-06-22 05:50,1521
2018-06-22 05:55,1510
2018-06-22 06:00,1507
2018-06-22 06:05,1515
2018-06-22 06:10,1496
2018-06-22 06:15,1472
2018-06-22 06:20,1500
2018-06-22 06:25,1502
2018-06-22 06:30,1540
2018-06-22 06:35,1542
2018-06-22 06:40,1546
2018-06-22 06:45,1531
2018-06-22 06:50,1532
2018-06-22 06:55,1546
2018-06-22 07:00,1529
2018-06-22 07:05,1526
2018-06-22 07:10,1525
2018-06-22 07:15,1532
2018-06-22 07:20,1538
2018-06-22 07:25,1549
2018-06-22 07:30,1575
2018-06-22 07:35,1606
2018-06-22 07:40,1620
2018-06-22 07:45,1614
2018-06-22 07:50,1629
2018-06-22 07:55,1629
2018-06-22 08:00,1635
2018-06-22 08:05,1628
2018-06-22 08:10,1652
2018-06-22 08:15,1659
2018-06-22 08:20,1683
2018-06-22 08:25,1674
2018-06-22 08:30,1682
2018-06-22 08:35,1685
2018-06-22 08:40,1702
2018-06-22 08:45,1734
2018-06-22 08:50,1760
2018-06-22 08:55,1772
2018-06-22 09:00,1789
2018-06-22 09:05,1793
2018-06-22 09:10,1803
2018-06-22 09:15,1801
2018-06-22 09:20,1836
2018-06-22 09:25,1831
2018-06-22 09:30,1864
2018-06-22 09:35,1859
2018-06-22 09:40,1848
2018-06-22 09:45,1847
2018-06-22 09:50,1866
2018-06-22 09:55,1880
2018-06-22 10:00,1922
2018-06-22 10:05,1932
2018-06-22 10:10,1990
2018-06-22 10:15,2013
2018-06-22 10:20,2019
2018-06-22 10:25,2027
2018-06-22 10:30,2061
2018-06-22 10:35,2067
2018-06-22 10:40,2092
2018-06-22 10:45,2110
2018-06-22 10:50,2099
2018-06-22 10:55,2130
2018-06-22 11:00,2123
2018-06-22 11:05,2143
2018-06-22 11:10,2167
2018-06-22 11:15,2195
2018-06-22 11:20,2207
2018-06-22 11:25,2226
2018-06-22 11:30,2229
2018-06-22 11:35,2256
2018-06-22 11:40,2278
2018-06-22 11:45,2292
2018-06-22 11:50,2326
2018-06-22 11:55,2327
2018-06-22 12:00,2329
2018-06-22 12:05,2292
2018-06-22 12:10,2333
2018-06-22 12:15,2333
2018-06-22 12:20,2354
2018-06-22 12:25,2407
2018-06-22 12:30,2435
2018-06-22 12:35,2439
2018-06-22 12:40,2456
2018-06-22 12:45,2464
2018-06-22 12:50,2449
2018-06-22 12:55,2447
2018-06-22 13:00,2459
2018-06-22 13:05,2505
2018-06-22 13:10,2521
2018-06-22 13:15,2523
2018-06-22 13:20,2529
2018-06-22 13:25,2551
2018-06-22 13:30,2553
2018-06-22 13:35,2572
2018-06-22 13:40,2578
2018-06-22 13:45,2536
2018-06-22 13:50,2516
2018-06-22 13:55,2552
2018-06-22 14:00,2582
2018-06-22 14:05,2586
2018-06-22 14:10,2631
2018-06-22 14:15,2654
2018-06-22 14:20,2654
2018-06-22 14:25,2688
2018-06-22 14:30,2723
2018-06-22 14:35,2706
2018-06-22 14:40,2723
2018-06-22 14:45,2753
2018-06-22 14:50,2764
2018-06-22 14:55,2741
2018-06-22 15:00,2766
2018-06-22 15:05,2772
2018-06-22 15:10,2793
2018-06-22 15:15,2791
2018-06-22 15:20,2789
2018-06-22 15:25,2810
2018-06-22 15:30,2825
2018-06-22 15:35,2820
2018-06-22 15:40,2850
2018-06-22 15:45,2874
2018-06-22 15:50,2892
2018-06-22 15:55,2891
2018-06-22 16:00,2935
2018-06-22 16:05,2885
2018-06-22 16:10,2905
2018-06-22 16:15,2921
2018-06-22 16:20,2921
2018-06-22 16:25,2898
2018-06-22 16:30,2895
2018-06-22 16:35,2929
2018-06-22 16:40,2933
2018-06-22 16:45,2979
2018-06-22 16:50,2989
2018-06-22 16:55,3016
2018-06-22 17:00,3029
2018-06-22 17:05,3052
2018-06-22 17:10,3048
2018-06-22 17:15,3060
2018-06-22 17:20,3080
2018-06-22 17:25,3106
2018-06-22 17:30,3110
2018-06-22 17:35,3107
2018-06-22 17:40,3109
2018-06-22 17:45,3119
2018-06-22 17:50,3147
2018-06-22 17:55,0
2018-06-22 18:00,3164
2018-06-22 18:05,3146
2018-06-22 18:10,3187
2018-06-22 18:15,3183
2018-06-22 18:20,3169
2018-06-22 18:25,3182
2018-06-22 18:30,3203
2018-06-22 18:35,3182
2018-06-22 18:40,3184
2018-06-22 18:45,3181
2018-06-22 18:50,3186
2018-06-22 18:55,3175
2018-06-22 19:00,3153
2018-06-22 19:05,3160
2018-06-22 19:10,3167
2018-06-22 19:15,3169
2018-06-22 19:20,3186
2018-06-22 19:25,3166
2018-06-22 19:30,3173
2018-06-22 19:35,3145
2018-06-22 19:40,3146
2018-06-22 19:45,3164
2018-06-22 19:50,3154
2018-06-22 19:55,3174
2018-06-22 20:00,3159
2018-06-22 20:05,3143
2018-06-22 20:10,3129
2018-06-22 20:15,3103
2018-06-22 20:20,3102
2018-06-22 20:25,3072
2018-06-22 20:30,3071
2018-06-22 20:35,3079
2018-06-22 20:40,3060
2018-06-22 20:45,3073
2018-06-22 20:50,3033
2018-06-22 20:55,3017
2018-06-22 21:00,3004
2018-06-22 21:05,3009
2018-06-22 21:10,2984
2018-06-22 21:15,2980
2018-06-22 21:20,2995
2018-06-22 21:25,2950
2018-06-22 21:30,2898
2018-06-22 21:35,2875
2018-06-22 21:40,2835
2018-06-22 21:45,2775
2018-06-22 21:50,2742
2018-06-22 21:55,2744
2018-06-22 22:00,2728
2018-06-22 22:05,2705
2018-06-22 22:10,2694
2018-06-22 22:15,2683
2018-06-22 22:20,2669
2018-06-22 22:25,2628
2018-06-22 22:30,2607
2018-06-22 22:35,2616
2018-06-22 22:40,2585
2018-06-22 22:45,2561
2018-06-22 22:50,2550
2018-06-22 22:55,2538
2018-06-22 23:00,2408
2018-06-22 23:05,2429
2018-06-22 23:10,2430
2018-06-22 23:15,2410
2018-06-22 23:20,2405
2018-06-22 23:25,2395
2018-06-22 23:30,2373
2018-06-22 23:35,2355
2018-06-22 23:40,2337
2018-06-22 23:45,2325
2018-06-22 23:50,2325
2018-06-22 23:55,2310
2018-06-23 00:00,2291
2018-06-23 00:05,2268
2018-06-23 00:10,2266
2018-06-23 00:15,2273
2018-06-23 00:20,2267
2018-06-23 00:25,2255
2018-06-23 00:30,2249
2018-06-23 00:35,2227
2018-06-23 00:40,2215
2018-06-23 00:45,2204
2018-06-23 00:50,2195
2018-06-23 00:55,2183
2018-06-23 01:00,2171
2018-06-23 01:05,2169
2018-06-23 01:10,2174
2018-06-23 01:15,2168
2018-06-23 01:20,2157
2018-06-23 01:25,2139
2018-06-23 01:30,2126
2018-06-23 01:35,2131
2018-06-23 01:40,2127
2018-06-23 01:45,2123
2018-06-23 01:50,2110
2018-06-23 01:55,2126
2018-06-23 02:00,2121
2018-06-23 02:05,2109
2018-06-23 02:10,2118
2018-06-23 02:15,2105
2018-06-23 02:20,2079
2018-06-23 02:25,2063
2018-06-23 02:30,2061
2018-06-23 02:35,2066
2018-06-23 02:40,2051
2018-06-23 02:45,2039
2018-06-23 02:50,2045
2018-06-23 02:55,2031
2018-06-23 03:00,2017
2018-06-23 03:05,2015
2018-06-23 03:10,2010
2018-06-23 03:15,1998
2018-06-23 03:20,1996
2018-06-23 03:25,1978
2018-06-23 03:30,1973
2018-06-23 03:35,1948
2018-06-23 03:40,1935
2018-06-23 03:45,1922
2018-06-23 03:50,1914
2018-06-23 03:55,1938
2018-06-23 04:00,1904
2018-06-23 04:05,1907
2018-06-23 04:10,1910
2018-06-23 04:15,1895
2018-06-23 04:20,1889
2018-06-23 04:25,1881
2018-06-23 04:30,1861
2018-06-23 04:35,1854
2018-06-23 04:40,1845
2018-06-23 04:45,1835
2018-06-23 04:50,1814
2018-06-23 04:55,1816
2018-06-23 05:00,1811
2018-06-23 05:05,1794
2018-06-23 05:10,1782
2018-06-23 05:15,1796
2018-06-23 05:20,1792
2018-06-23 05:25,1779
2018-06-23 05:30,1766
2018-06-23 05:35,1769
2018-06-23 05:40,1753
2018-06-23 05:45,1760
2018-06-23 05:50,1749
2018-06-23 05:55,1761
2018-06-23 06:00,1775
2018-06-23 06:05,1789
2018-06-23 06:10,1790
2018-06-23 06:15,1773
2018-06-23 06:20,1789
2018-06-23 06:25,1776
2018-06-23 06:30,1785
2018-06-23 06:35,1785
2018-06-23 06:40,1786
2018-06-23 06:45,1794
2018-06-23 06:50,1826
2018-06-23 06:55,1818
2018-06-23 07:00,1829
2018-06-23 07:05,1848
2018-06-23 07:10,1874
2018-06-23 07:15,1877
2018-06-23 07:20,1883
2018-06-23 07:25,1887
2018-06-23 07:30,1903
2018-06-23 07:35,1923
2018-06-23 07:40,1931
2018-06-23 07:45,1950
2018-06-23 07:50,1981
2018-06-23 07:55,1989
2018-06-23 08:00,2017
2018-06-23 08:05,2021
2018-06-23 08:10,2052
2018-06-23 08:15,2058
2018-06-23 08:20,2064
2018-06-23 08:25,2090
2018-06-23 08:30,2111
2018-06-23 08:35,2126
2018-06-23 08:40,2110
2018-06-23 08:45,2145
2018-06-23 08:50,2174
2018-06-23 08:55,2158
2018-06-23 09:00,2168
2018-06-23 09:05,2173
2018-06-23 09:10,2172
2018-06-23 09:15,2208
2018-06-23 09:20,2233
2018-06-23 09:25,2256
2018-06-23 09:30,2260
2018-06-23 09:35,2297
2018-06-23 09:40,2304
2018-06-23 09:45,2305
2018-06-23 09:50,2319
2018-06-23 09:55,2359
2018-06-23 10:00,2392
2018-06-23 10:05,2446
2018-06-23 10:10,2488
2018-06-23 10:15,2514
2018-06-23 10:20,2568
2018-06-23 10:25,2582
2018-06-23 10:30,2623
2018-06-23 10:35,2622
2018-06-23 10:40,2662
2018-06-23 10:45,2677
2018-06-23 10:50,2678
2018-06-23 10:55,2684
2018-06-23 11:00,2721
2018-06-23 11:05,2736
2018-06-23 11:10,2741
2018-06-23 11:15,2774
2018-06-23 11:20,2760
2018-06-23 11:25,2765
2018-06-23 11:30,2774
2018-06-23 11:35,2809
2018-06-23 11:40,2828
2018-06-23 11:45,2874
2018-06-23 11:50,2854
2018-06-23 11:55,2857
2018-06-23 12:00,0
2018-06-23 12:05,2905
2018-06-23 12:10,2899
2018-06-23 12:15,2937
2018-06-23 12:20,2967
2018-06-23 12:25,2998
2018-06-23 12:30,3032
2018-06-23 12:35,3050
2018-06-23 12:40,3054
2018-06-23 12:45,3095
2018-06-23 12:50,3100
2018-06-23 12:55,3110
2018-06-23 13:00,3117
2018-06-23 13:05,3133
2018-06-23 13:10,3119
2018-06-23 13:15,3138
2018-06-23 13:20,3129
2018-06-23 13:25,3152
2018-06-23 13:30,3185
2018-06-23 13:35,3177
2018-06-23 13:40,3186
2018-06-23 13:45,3189
2018-06-23 13:50,3210
2018-06-23 13:55,3274
2018-06-23 14:00,3266
2018-06-23 14:05,3272
2018-06-23 14:10,3304
2018-06-23 14:15,3324
2018-06-23 14:20,3352
2018-06-23 14:25,3401
2018-06-23 14:30,3434
2018-06-23 14:35,3468
2018-06-23 14:40,3527
2018-06-23 14:45,3584
2018-06-23 14:50,3589
2018-06-23 14:55,3614
2018-06-23 15:00,3644
2018-06-23 15:05,3650
2018-06-23 15:10,3659
2018-06-23 15:15,3716
2018-06-23 15:20,3714
2018-06-23 15:25,3716
2018-06-23 15:30,3701
2018-06-23 15:35,3716
2018-06-23 15:40,3724
2018-06-23 15:45,3738
2018-06-23 15:50,3756
2018-06-23 15:55,3757
2018-06-23 16:00,3775
2018-06-23 16:05,3768
2018-06-23 16:10,3769
2018-06-23 16:15,3759
2018-06-23 16:20,3744
2018-06-23 16:25,3737
2018-06-23 16:30,3713
2018-06-23 16:35,3710
2018-06-23 16:40,3750
2018-06-23 16:45,3727
2018-06-23 16:50,3725
2018-06-23 16:55,3712
2018-06-23 17:00,3740
2018-06-23 17:05,3722
2018-06-23 17:10,3714
2018-06-23 17:15,3737
2018-06-23 17:20,3702
2018-06-23 17:25,3716
2018-06-23 17:30,3736
2018-06-23 17:35,3737
2018-06-23 17:40,3692
2018-06-23 17:45,3692
2018-06-23 17:50,3694
2018-06-23 17:55,3655
2018-06-23 18:00,3655
2018-06-23 18:05,3636
2018-06-23 18:10,3601
2018-06-23 18:15,3602
2018-06-23 18:20,3590
2018-06-23 18:25,3608
2018-06-23 18:30,3596
2018-06-23 18:35,3571
2018-06-23 18:40,3556
2018-06-23 18:45,3551
2018-06-23 18:50,3579
2018-06-23 18:55,3611
2018-06-23 19:00,3609
2018-06-23 19:05,3614
2018-06-23 19:10,3622
2018-06-23 19:15,3586
2018-06-23 19:20,3619
2018-06-23 19:25,3592
2018-06-23 19:30,3571
2018-06-23 19:35,3573
2018-06-23 19:40,3553
2018-06-23 19:45,3535
2018-06-23 19:50,3525
2018-06-23 19:55,3540
2018-06-23 20:00,3559
2018-06-23 20:05,3559
2018-06-23 20:10,3571
2018-06-23 20:15,3564
2018-06-23 20:20,3588
2018-06-23 20:25,3613
2018-06-23 20:30,3618
2018-06-23 20:35,3598
2018-06-23 20:40,3605
2018-06-23 20:45,3563
2018-06-23 20:50,3544
2018-06-23 20:55,3536
2018-06-23 21:00,3512
2018-06-23 21:05,3463
2018-06-23 21:10,3450
2018-06-23 21:15,3441
2018-06-23 21:20,3407
2018-06-23 21:25,3390
2018-06-23 21:30,3376
2018-06-23 21:35,3357
2018-06-23 21:40,3350
2018-06-23 21:45,3322
2018-06-23 21:50,3311
2018-06-23 21:55,3301
2018-06-23 22:00,3271
2018-06-23 22:05,3240
2018-06-23 22:10,3201
2018-06-23 22:15,3157
2018-06-23 22:20,3117
2018-06-23 22:25,3066
2018-06-23 22:30,3052
2018-06-23 22:35,3015
2018-06-23 22:40,2985
2018-06-23 22:45,2963
2018-06-23 22:50,2961
2018-06-23 22:55,2934
2018-06-23 23:00,0
2018-06-23 23:05,2882
2018-06-23 23:10,2847
2018-06-23 23:15,2816
2018-06-23 23:20,2801
2018-06-23 23:25,2785
2018-06-23 23:30,2773
2018-06-23 23:35,2754
2018-06-23 23:40,2701
2018-06-23 23:45,2674
2018-06-23 23:50,2646
2018-06-23 23:55,2619
2018-06-24 00:00,2566
2018-06-24 00:05,2512
2018-06-24 00:10,2541
2018-06-24 00:15,2517
2018-06-24 00:20,2504
2018-06-24 00:25,0
2018-06-24 00:30,2461
2018-06-24 00:35,2438
2018-06-24 00:40,2436
2018-06-24 00:45,2410
2018-06-24 00:50,2415
2018-06-24 00:55,2399
2018-06-24 01:00,2357
2018-06-24 01:05,2351
2018-06-24 01:10,2334
2018-06-24 01:15,2318
2018-06-24 01:20,2311
2018-06-24 01:25,2307
2018-06-24 01:30,2305
2018-06-24 01:35,2289
2018-06-24 01:40,2288
2018-06-24 01:45,2275
2018-06-24 01:50,2291
2018-06-24 01:55,2274
2018-06-24 02:00,2244
2018-06-24 02:05,2269
2018-06-24 02:10,2279
2018-06-24 02:15,2271
2018-06-24 02:20,2252
2018-06-24 02:25,2267
2018-06-24 02:30,2276
2018-06-24 02:35,2245
2018-06-24 02:40,2253
2018-06-24 02:45,2248
2018-06-24 02:50,2231
2018-06-24 02:55,2220
2018-06-24 03:00,2207
2018-06-24 03:05,2201
2018-06-24 03:10,2209
2018-06-24 03:15,2188
2018-06-24 03:20,2174
2018-06-24 03:25,2158
2018-06-24 03:30,2155
2018-06-24 03:35,2163
2018-06-24 03:40,2154
2018-06-24 03:45,2152
2018-06-24 03:50,2138
2018-06-24 03:55,2133
2018-06-24 04:00,2133
2018-06-24 04:05,2115
2018-06-24 04:10,2112
2018-06-24 04:15,2090
2018-06-24 04:20,2087
2018-06-24 04:25,2073
2018-06-24 04:30,2082
2018-06-24 04:35,2066
2018-06-24 04:40,2063
2018-06-24 04:45,2055
2018-06-24 04:50,2053
2018-06-24 04:55,2035
2018-06-24 05:00,2037
2018-06-24 05:05,1996
2018-06-24 05:10,1999
2018-06-24 05:15,1983
2018-06-24 05:20,1986
2018-06-24 05:25,1978
2018-06-24 05:30,1979
2018-06-24 05:35,1965
2018-06-24 05:40,1969
2018-06-24 05:45,1961
2018-06-24 05:50,1969
2018-06-24 05:55,1970
2018-06-24 06:00,1969
2018-06-24 06:05,1956
2018-06-24 06:10,1958
2018-06-24 06:15,1963
2018-06-24 06:20,1965
2018-06-24 06:25,1993
2018-06-24 06:30,2019
2018-06-24 06:35,2037
2018-06-24 06:40,2033
2018-06-24 06:45,2050
2018-06-24 06:50,2058
2018-06-24 06:55,2075
2018-06-24 07:00,2069
2018-06-24 07:05,2076
2018-06-24 07:10,2096
2018-06-24 07:15,2113
2018-06-24 07:20,2148
2018-06-24 07:25,2151
2018-06-24 07:30,2162
2018-06-24 07:35,2165
2018-06-24 07:40,2186
2018-06-24 07:45,2200
2018-06-24 07:50,2243
2018-06-24 07:55,2270
2018-06-24 08:00,2273
2018-06-24 08:05,2283
2018-06-24 08:10,2292
2018-06-24 08:15,2301
2018-06-24 08:20,2310
2018-06-24 08:25,2338
2018-06-24 08:30,2358
2018-06-24 08:35,2369
2018-06-24 08:40,2395
2018-06-24 08:45,2438
2018-06-24 08:50,2463
2018-06-24 08:55,2492
2018-06-24 09:00,2509
2018-06-24 09:05,2540
2018-06-24 09:10,2516
2018-06-24 09:15,2551
2018-06-24 09:20,2586
2018-06-24 09:25,2619
2018-06-24 09:30,2633
2018-06-24 09:35,2645
2018-06-24 09:40,2667
2018-06-24 09:45,2700
2018-06-24 09:50,2702
2018-06-24 09:55,2723
2018-06-24 10:00,2745
2018-06-24 10:05,2791
2018-06-24 10:10,2824
2018-06-24 10:15,2847
2018-06-24 10:20,2848
2018-06-24 10:25,2872
2018-06-24 10:30,2889
2018-06-24 10:35,2907
2018-06-24 10:40,2903
2018-06-24 10:45,2937
2018-06-24 10:50,2930
2018-06-24 10:55,2927
2018-06-24 11:00,2915
2018-06-24 11:05,2910
2018-06-24 11:10,2907
2018-06-24 11:15,2943
2018-06-24 11:20,2970
2018-06-24 11:25,2985
2018-06-24 11:30,2996
2018-06-24 11:35,3015
2018-06-24 11:40,3039
2018-06-24 11:45,3053
2018-06-24 11:50,3057
2018-06-24 11:55,3042
2018-06-24 12:00,3062
2018-06-24 12:05,3058
2018-06-24 12:10,3071
2018-06-24 12:15,3072
2018-06-24 12:20,3091
2018-06-24 12:25,3114
2018-06-24 12:30,3119
2018-06-24 12:35,3166
2018-06-24 12:40,3209
2018-06-24 12:45,3244
2018-06-24 12:50,3263
2018-06-24 12:55,3295
2018-06-24 13:00,3257
2018-06-24 13:05,3277
2018-06-24 13:10,3266
2018-06-24 13:15,3262
2018-06-24 13:20,3283
2018-06-24 13:25,3331
2018-06-24 13:30,3368
2018-06-24 13:35,3357
2018-06-24 13:40,3371
2018-06-24 13:45,3376
2018-06-24 13:50,3387
2018-06-24 13:55,3413
2018-06-24 14:00,3441
2018-06-24 14:05,0
2018-06-24 14:10,3488
2018-06-24 14:15,3500
2018-06-24 14:20,3513
2018-06-24 14:25,3559
2018-06-24 14:30,3592
2018-06-24 14:35,3587
2018-06-24 14:40,3605
2018-06-24 14:45,3638
2018-06-24 14:50,3679
2018-06-24 14:55,3699
2018-06-24 15:00,3682
2018-06-24 15:05,3675
2018-06-24 15:10,3687
2018-06-24 15:15,3702
2018-06-24 15:20,3723
2018-06-24 15:25,3739
2018-06-24 15:30,3753
2018-06-24 15:35,3776
2018-06-24 15:40,3772
2018-06-24 15:45,3796
2018-06-24 15:50,3766
2018-06-24 15:55,3779
2018-06-24 16:00,3801
2018-06-24 16:05,3839
2018-06-24 16:10,3826
2018-06-24 16:15,3811
2018-06-24 16:20,3802
2018-06-24 16:25,3828
2018-06-24 16:30,3847
2018-06-24 16:35,3864
2018-06-24 16:40,3874
2018-06-24 16:45,3886
2018-06-24 16:50,3876
2018-06-24 16:55,3860
2018-06-24 17:00,3849
2018-06-24 17:05,3885
2018-06-24 17:10,3842
2018-06-24 17:15,3837
2018-06-24 17:20,3840
2018-06-24 17:25,3865
2018-06-24 17:30,3914
2018-06-24 17:35,3914
2018-06-24 17:40,3905
2018-06-24 17:45,3930
2018-06-24 17:50,3917
2018-06-24 17:55,3921
2018-06-24 18:00,3946
2018-06-24 18:05,3901
2018-06-24 18:10,3902
2018-06-24 18:15,3935
2018-06-24 18:20,3940
2018-06-24 18:25,3930
2018-06-24 18:30,3906
2018-06-24 18:35,3920
2018-06-24 18:40,3926
2018-06-24 18:45,3932
2018-06-24 18:50,3929
2018-06-24 18:55,3941
2018-06-24 19:00,3956
2018-06-24 19:05,3932
2018-06-24 19:10,3921
2018-06-24 19:15,3904
2018-06-24 19:20,3862
2018-06-24 19:25,3892
2018-06-24 19:30,3871
2018-06-24 19:35,3880
2018-06-24 19:40,3849
2018-06-24 19:45,3843
2018-06-24 19:50,3860
2018-06-24 19:55,3863
2018-06-24 20:00,3798
2018-06-24 20:05,3783
2018-06-24 20:10,3764
2018-06-24 20:15,3737
2018-06-24 20:20,3727
2018-06-24 20:25,3714
2018-06-24 20:30,3698
2018-06-24 20:35,3671
2018-06-24 20:40,3644
2018-06-24 20:45,3578
2018-06-24 20:50,3546
2018-06-24 20:55,3524
2018-06-24 21:00,3489
2018-06-24 21:05,3450
2018-06-24 21:10,3424
2018-06-24 21:15,3410
2018-06-24 21:20,3363
2018-06-24 21:25,3320
2018-06-24 21:30,3321
2018-06-24 21:35,3267
2018-06-24 21:40,3227
2018-06-24 21:45,3192
2018-06-24 21:50,3134
2018-06-24 21:55,3115
2018-06-24 22:00,3084
2018-06-24 22:05,3049
2018-06-24 22:10,2986
2018-06-24 22:15,2948
2018-06-24 22:20,2919
2018-06-24 22:25,2903
2018-06-24 22:30,2838
2018-06-24 22:35,2824
2018-06-24 22:40,2811
2018-06-24 22:45,2786
2018-06-24 22:50,2769
2018-06-24 22:55,2741
2018-06-24 23:00,2744
2018-06-24 23:05,2726
2018-06-24 23:10,2691
2018-06-24 23:15,2660
2018-06-24 23:20,2628
2018-06-24 23:25,2607
2018-06-24 23:30,2586
2018-06-24 23:35,2558
2018-06-24 23:40,2576
2018-06-24 23:45,2551
2018-06-24 23:50,2535
2018-06-24 23:55,2508
2018-06-25 00:00,2502
2018-06-25 00:05,2523
2018-06-25 00:10,2509
2018-06-25 00:15,2505
2018-06-25 00:20,2464
2018-06-25 00:25,2457
2018-06-25 00:30,2479
2018-06-25 00:35,2464
2018-06-25 00:40,2475
2018-06-25 00:45,2458
2018-06-25 00:50,2433
2018-06-25 00:55,2397
2018-06-25 01:00,2365
2018-06-25 01:05,2347
2018-06-25 01:10,2327
2018-06-25 01:15,2306
2018-06-25 01:20,2283
2018-06-25 01:25,2269
2018-06-25 01:30,2267
2018-06-25 01:35,2253
2018-06-25 01:40,2244
2018-06-25 01:45,2244
2018-06-25 01:50,2235
2018-06-25 01:55,2217
2018-06-25 02:00,2195
2018-06-25 02:05,2157
2018-06-25 02:10,2163
2018-06-25 02:15,2136
2018-06-25 02:20,2134
2018-06-25 02:25,2121
2018-06-25 02:30,2123
2018-06-25 02:35,2094
2018-06-25 02:40,2081
2018-06-25 02:45,2062
2018-06-25 02:50,2020
2018-06-25 02:55,2008
2018-06-25 03:00,2020
2018-06-25 03:05,1992
2018-06-25 03:10,1987
2018-06-25 03:15,1972
2018-06-25 03:20,1961
2018-06-25 03:25,1936
2018-06-25 03:30,1908
2018-06-25 03:35,1883
2018-06-25 03:40,1859
2018-06-25 03:45,1854
2018-06-25 03:50,1829
2018-06-25 03:55,1801
2018-06-25 04:00,1787
2018-06-25 04:05,1730
2018-06-25 04:10,1740
2018-06-25 04:15,1708
2018-06-25 04:20,1695
2018-06-25 04:25,1701
2018-06-25 04:30,1697
2018-06-25 04:35,1701
2018-06-25 04:40,1673
2018-06-25 04:45,1671
2018-06-25 04:50,1695
2018-06-25 04:55,1686
2018-06-25 05:00,1679
2018-06-25 05:05,1689
2018-06-25 05:10,1669
2018-06-25 05:15,1654
2018-06-25 05:20,1628
2018-06-25 05:25,1635
2018-06-25 05:30,1631
2018-06-25 05:35,1626
2018-06-25 05:40,1618
2018-06-25 05:45,1596
2018-06-25 05:50,1604
2018-06-25 05:55,1597
2018-06-25 06:00,1588
2018-06-25 06:05,1553
2018-06-25 06:10,1546
2018-06-25 06:15,1552
2018-06-25 06:20,1564
2018-06-25 06:25,1551
2018-06-25 06:30,1541
2018-06-25 06:35,1529
2018-06-25 06:40,1531
2018-06-25 06:45,1545
2018-06-25 06:50,1533
2018-06-25 06:55,1548
2018-06-25 07:00,1575
2018-06-25 07:05,1573
2018-06-25 07:10,1588
2018-06-25 07:15,1587
2018-06-25 07:20,1587
2018-06-25 07:25,1613
2018-06-25 07:30,1637
2018-06-25 07:35,1640
2018-06-25 07:40,1646
2018-06-25 07:45,1669
2018-06-25 07:50,1687
2018-06-25 07:55,1699
2018-06-25 08:00,1720
2018-06-25 08:05,1750
2018-06-25 08:10,1769
2018-06-25 08:15,1804
2018-06-25 08:20,1823
2018-06-25 08:25,1811
2018-06-25 08:30,1802
2018-06-25 08:35,1842
2018-06-25 08:40,1851
2018-06-25 08:45,1864
2018-06-25 08:50,1880
2018-06-25 08:55,1885
2018-06-25 09:00,1892
2018-06-25 09:05,1889
2018-06-25 09:10,1897
2018-06-25 09:15,1919
2018-06-25 09:20,1943
2018-06-25 09:25,1934
2018-06-25 09:30,1949
2018-06-25 09:35,1959
2018-06-25 09:40,1970
2018-06-25 09:45,1988
2018-06-25 09:50,1987
2018-06-25 09:55,2013
2018-06-25 10:00,2039
2018-06-25 10:05,2041
2018-06-25 10:10,2068
2018-06-25 10:15,2113
2018-06-25 10:20,2167
2018-06-25 10:25,2198
2018-06-25 10:30,2211
2018-06-25 10:35,2228
2018-06-25 10:40,2249
2018-06-25 10:45,2278
2018-06-25 10:50,2310
2018-06-25 10:55,2311
2018-06-25 11:00,2320
2018-06-25 11:05,2300
2018-06-25 11:10,2307
2018-06-25 11:15,2295
2018-06-25 11:20,2301
2018-06-25 11:25,2317
2018-06-25 11:30,2323
2018-06-25 11:35,2347
2018-06-25 11:40,2339
2018-06-25 11:45,2359
2018-06-25 11:50,2382
2018-06-25 11:55,2380
2018-06-25 12:00,2394
2018-06-25 12:05,2407
2018-06-25 12:10,2461
2018-06-25 12:15,2438
2018-06-25 12:20,2471
2018-06-25 12:25,2482
2018-06-25 12:30,2475
2018-06-25 12:35,2494
2018-06-25 12:40,2503
2018-06-25 12:45,2545
2018-06-25 12:50,2545
2018-06-25 12:55,2558
2018-06-25 13:00,2554
2018-06-25 13:05,2565
2018-06-25 13:10,2568
2018-06-25 13:15,2565
2018-06-25 13:20,2585
2018-06-25 13:25,2618
2018-06-25 13:30,2637
2018-06-25 13:35,2624
2018-06-25 13:40,2613
2018-06-25 13:45,2611
2018-06-25 13:50,2654
2018-06-25 13:55,2646
2018-06-25 14:00,2680
2018-06-25 14:05,2652
2018-06-25 14:10,2675
2018-06-25 14:15,2708
2018-06-25 14:20,2707
2018-06-25 14:25,2701
2018-06-25 14:30,2707
2018-06-25 14:35,2748
2018-06-25 14:40,2773
2018-06-25 14:45,2815
2018-06-25 14:50,2847
2018-06-25 14:55,2868
2018-06-25 15:00,2896
2018-06-25 15:05,2930
2018-06-25 15:10,2921
2018-06-25 15:15,2942
2018-06-25 15:20,2949
2018-06-25 15:25,2960
2018-06-25 15:30,2992
2018-06-25 15:35,3003
2018-06-25 15:40,3032
2018-06-25 15:45,3042
2018-06-25 15:50,3052
2018-06-25 15:55,3061
2018-06-25 16:00,3082
2018-06-25 16:05,3113
2018-06-25 16:10,3110
2018-06-25 16:15,3140
2018-06-25 16:20,3168
2018-06-25 16:25,3195
2018-06-25 16:30,3229
2018-06-25 16:35,3226
2018-06-25 16:40,3257
2018-06-25 16:45,3272
2018-06-25 16:50,3306
2018-06-25 16:55,3325
2018-06-25 17:00,3308
2018-06-25 17:05,3308
2018-06-25 17:10,3351
2018-06-25 17:15,3389
2018-06-25 17:20,0
2018-06-25 17:25,3413
2018-06-25 17:30,3418
2018-06-25 17:35,3445
2018-06-25 17:40,3458
2018-06-25 17:45,3483
2018-06-25 17:50,3479
2018-06-25 17:55,3478
2018-06-25 18:00,3487
2018-06-25 18:05,3468
2018-06-25 18:10,3468
2018-06-25 18:15,3455
2018-06-25 18:20,3477
2018-06-25 18:25,3476
2018-06-25 18:30,3470
2018-06-25 18:35,3437
2018-06-25 18:40,0
2018-06-25 18:45,3489
2018-06-25 18:50,3478
2018-06-25 18:55,3500
2018-06-25 19:00,3504
2018-06-25 19:05,3520
2018-06-25 19:10,3507
2018-06-25 19:15,3505
2018-06-25 19:20,3469
2018-06-25 19:25,3487
2018-06-25 19:30,3483
2018-06-25 19:35,3480
2018-06-25 19:40,3496
2018-06-25 19:45,3483
2018-06-25 19:50,3485
2018-06-25 19:55,3454
2018-06-25 20:00,3421
2018-06-25 20:05,3418
2018-06-25 20:10,3389
2018-06-25 20:15,3389
2018-06-25 20:20,3368
2018-06-25 20:25,3353
2018-06-25 20:30,3357
2018-06-25 20:35,3318
2018-06-25 20:40,3314
2018-06-25 20:45,3314
2018-06-25 20:50,3285
2018-06-25 20:55,3237
2018-06-25 21:00,3190
2018-06-25 21:05,3176
2018-06-25 21:10,3156
2018-06-25 21:15,3134
2018-06-25 21:20,3087
2018-06-25 21:25,3032
2018-06-25 21:30,3025
2018-06-25 21:35,3006
2018-06-25 21:40,2984
2018-06-25 21:45,2965
2018-06-25 21:50,2929
2018-06-25 21:55,2923
2018-06-25 22:00,2861
2018-06-25 22:05,2841
2018-06-25 22:10,2799
2018-06-25 22:15,2793
2018-06-25 22:20,2759
2018-06-25 22:25,2745
2018-06-25 22:30,2726
2018-06-25 22:35,2693
2018-06-25 22:40,2654
2018-06-25 22:45,2627
2018-06-25 22:50,2593
2018-06-25 22:55,2597
2018-06-25 23:00,2609
2018-06-25 23:05,2578
2018-06-25 23:10,2567
2018-06-25 23:15,2556
2018-06-25 23:20,2544
2018-06-25 23:25,2543
2018-06-25 23:30,2512
2018-06-25 23:35,2495
2018-06-25 23:40,2484
2018-06-25 23:45,2495
2018-06-25 23:50,2481
2018-06-25 23:55,2480
2018-06-26 00:00,2471
2018-06-26 00:05,2480
2018-06-26 00:10,2471
2018-06-26 00:15,2442
2018-06-26 00:20,2443
2018-06-26 00:25,2415
2018-06-26 00:30,2413
2018-06-26 00:35,2402
2018-06-26 00:40,2378
2018-06-26 00:45,2368
2018-06-26 00:50,2366
2018-06-26 00:55,2356
2018-06-26 01:00,2346
2018-06-26 01:05,2334
2018-06-26 01:10,2321
2018-06-26 01:15,2307
2018-06-26 01:20,2291
2018-06-26 01:25,2290
2018-06-26 01:30,2300
2018-06-26 01:35,2273
2018-06-26 01:40,2278
2018-06-26 01:45,2259
2018-06-26 01:50,2254
2018-06-26 01:55,2251
2018-06-26 02:00,2247
2018-06-26 02:05,2239
2018-06-26 02:10,2218
2018-06-26 02:15,2195
2018-06-26 02:20,2155
2018-06-26 02:25,2150
2018-06-26 02:30,2150
2018-06-26 02:35,2146
2018-06-26 02:40,2140
2018-06-26 02:45,2099
2018-06-26 02:50,2101
2018-06-26 02:55,2075
2018-06-26 03:00,2058
2018-06-26 03:05,2048
2018-06-26 03:10,2020
2018-06-26 03:15,2014
2018-06-26 03:20,1988
2018-06-26 03:25,1996
2018-06-26 03:30,1982
2018-06-26 03:35,1965
2018-06-26 03:40,1951
2018-06-26 03:45,1932
2018-06-26 03:50,1906
2018-06-26 03:55,1911
2018-06-26 04:00,1895
2018-06-26 04:05,1864
2018-06-26 04:10,1860
2018-06-26 04:15,1834
2018-06-26 04:20,1801
2018-06-26 04:25,1788
2018-06-26 04:30,1777
2018-06-26 04:35,1780
2018-06-26 04:40,1777
2018-06-26 04:45,1781
2018-06-26 04:50,1755
2018-06-26 04:55,1742
2018-06-26 05:00,1713
2018-06-26 05:05,1691
2018-06-26 05:10,1668
2018-06-26 05:15,1657
2018-06-26 05:20,1641
2018-06-26 05:25,1639
2018-06-26 05:30,1615
2018-06-26 05:35,1600
2018-06-26 05:40,1608
2018-06-26 05:45,1610
2018-06-26 05:50,1611
2018-06-26 05:55,1605
2018-06-26 06:00,1601
2018-06-26 06:05,1580
2018-06-26 06:10,1599
2018-06-26 06:15,1607
2018-06-26 06:20,1623
2018-06-26 06:25,1607
2018-06-26 06:30,1602
2018-06-26 06:35,1611
2018-06-26 06:40,1591
2018-06-26 06:45,1588
2018-06-26 06:50,1582
2018-06-26 06:55,1597
2018-06-26 07:00,1591
2018-06-26 07:05,1587
2018-06-26 07:10,1586
2018-06-26 07:15,1593
2018-06-26 07:20,1588
2018-06-26 07:25,1610
2018-06-26 07:30,1620
2018-06-26 07:35,1631
2018-06-26 07:40,1640
2018-06-26 07:45,1641
2018-06-26 07:50,1651
2018-06-26 07:55,1656
2018-06-26 08:00,1658
2018-06-26 08:05,1670
2018-06-26 08:10,1687
2018-06-26 08:15,1705
2018-06-26 08:20,1729
2018-06-26 08:25,1777
2018-06-26 08:30,1786
2018-06-26 08:35,1802
2018-06-26 08:40,1805
2018-06-26 08:45,1820
2018-06-26 08:50,1825
2018-06-26 08:55,1865
2018-06-26 09:00,1893
2018-06-26 09:05,1920
2018-06-26 09:10,1925
2018-06-26 09:15,1907
2018-06-26 09:20,1899
2018-06-26 09:25,1917
2018-06-26 09:30,1941
2018-06-26 09:35,1955
2018-06-26 09:40,1965
2018-06-26 09:45,1978
2018-06-26 09:50,1996
2018-06-26 09:55,2025
2018-06-26 10:00,2045
2018-06-26 10:05,2082
2018-06-26 10:10,2102
2018-06-26 10:15,2124
2018-06-26 10:20,2149
2018-06-26 10:25,2171
2018-06-26 10:30,2186
2018-06-26 10:35,2199
2018-06-26 10:40,2218
2018-06-26 10:45,2234
2018-06-26 10:50,2243
2018-06-26 10:55,2262
2018-06-26 11:00,2238
2018-06-26 11:05,2252
2018-06-26 11:10,2250
2018-06-26 11:15,2277
2018-06-26 11:20,2293
2018-06-26 11:25,2291
2018-06-26 11:30,2300
2018-06-26 11:35,2324
2018-06-26 11:40,2319
2018-06-26 11:45,2341
2018-06-26 11:50,2360
2018-06-26 11:55,2384
2018-06-26 12:00,2388
2018-06-26 12:05,2373
2018-06-26 12:10,2401
2018-06-26 12:15,2402
2018-06-26 12:20,2446
2018-06-26 12:25,2436
2018-06-26 12:30,2457
2018-06-26 12:35,2457
2018-06-26 12:40,2462
2018-06-26 12:45,2455
2018-06-26 12:50,2464
2018-06-26 12:55,2468
2018-06-26 13:00,2466
2018-06-26 13:05,2461
2018-06-26 13:10,2457
2018-06-26 13:15,2440
2018-06-26 13:20,2466
2018-06-26 13:25,2475
2018-06-26 13:30,2506
2018-06-26 13:35,2502
2018-06-26 13:40,2511
2018-06-26 13:45,2503
2018-06-26 13:50,2464
2018-06-26 13:55,2373
2018-06-26 14:00,2261
2018-06-26 14:05,1701
2018-06-26 14:10,1623
2018-06-26 14:15,1604
2018-06-26 14:20,1619
2018-06-26 14:25,1613
2018-06-26 14:30,1618
2018-06-26 14:35,1672
2018-06-26 14:40,1674
2018-06-26 14:45,1698
2018-06-26 14:50,1763
2018-06-26 14:55,1770
2018-06-26 15:00,1791
2018-06-26 15:05,1819
2018-06-26 15:10,1834
2018-06-26 15:15,1886
2018-06-26 15:20,1917
2018-06-26 15:25,1916
2018-06-26 15:30,1939
2018-06-26 15:35,1939
2018-06-26 15:40,0
2018-06-26 15:45,1983
2018-06-26 15:50,2007
2018-06-26 15:55,2037
2018-06-26 16:00,2069
2018-06-26 16:05,2093
2018-06-26 16:10,2120
2018-06-26 16:15,2152
2018-06-26 16:20,2194
2018-06-26 16:25,2395
2018-06-26 16:30,2608
2018-06-26 16:35,2771
2018-06-26 16:40,2906
2018-06-26 16:45,3031
2018-06-26 16:50,3150
2018-06-26 16:55,3262
2018-06-26 17:00,3391
2018-06-26 17:05,3470
2018-06-26 17:10,3554
2018-06-26 17:15,3635
2018-06-26 17:20,3686
2018-06-26 17:25,3768
2018-06-26 17:30,3837
2018-06-26 17:35,3887
2018-06-26 17:40,3942
2018-06-26 17:45,4008
2018-06-26 17:50,4078
2018-06-26 17:55,4137
2018-06-26 18:00,4200
2018-06-26 18:05,4222
2018-06-26 18:10,4348
2018-06-26 18:15,4410
2018-06-26 18:20,4416
2018-06-26 18:25,4432
2018-06-26 18:30,4491
2018-06-26 18:35,4554
2018-06-26 18:40,4606
2018-06-26 18:45,4653
2018-06-26 18:50,4701
2018-06-26 18:55,4769
2018-06-26 19:00,4805
2018-06-26 19:05,4821
2018-06-26 19:10,4852
2018-06-26 19:15,4874
2018-06-26 19:20,4885
2018-06-26 19:25,4881
2018-06-26 19:30,4884
2018-06-26 19:35,4923
2018-06-26 19:40,4928
2018-06-26 19:45,4948
2018-06-26 19:50,4946
2018-06-26 19:55,4967
2018-06-26 20:00,4978
2018-06-26 20:05,4937
2018-06-26 20:10,4936
2018-06-26 20:15,4917
2018-06-26 20:20,4875
2018-06-26 20:25,4857
2018-06-26 20:30,4802
2018-06-26 20:35,4812
2018-06-26 20:40,4778
2018-06-26 20:45,4778
2018-06-26 20:50,4738
2018-06-26 20:55,4745
2018-06-26 21:00,4710
2018-06-26 21:05,4708
2018-06-26 21:10,4698
2018-06-26 21:15,4659
2018-06-26 21:20,4635
2018-06-26 21:25,4616
2018-06-26 21:30,4585
2018-06-26 21:35,4521
2018-06-26 21:40,4516
2018-06-26 21:45,4459
2018-06-26 21:50,4432
2018-06-26 21:55,4416
2018-06-26 22:00,4415
2018-06-26 22:05,4340
2018-06-26 22:10,4318
2018-06-26 22:15,4263
2018-06-26 22:20,4232
2018-06-26 22:25,4186
2018-06-26 22:30,4165
2018-06-26 22:35,4128
2018-06-26 22:40,4076
2018-06-26 22:45,4028
2018-06-26 22:50,4019
2018-06-26 22:55,3983
2018-06-26 23:00,3930
2018-06-26 23:05,3872
2018-06-26 23:10,3851
2018-06-26 23:15,3832
2018-06-26 23:20,3809
2018-06-26 23:25,3791
2018-06-26 23:30,3762
2018-06-26 23:35,3748
2018-06-26 23:40,3728
2018-06-26 23:45,3726
2018-06-26 23:50,729
2018-06-26 23:55,3169
2018-06-27 00:00,3706
2018-06-27 00:05,3702
2018-06-27 00:10,3630
2018-06-27 00:15,3611
2018-06-27 00:20,3594
2018-06-27 00:25,3576
2018-06-27 00:30,3550
2018-06-27 00:35,3543
2018-06-27 00:40,3516
2018-06-27 00:45,3508
2018-06-27 00:50,3468
2018-06-27 00:55,3463
2018-06-27 01:00,3453
2018-06-27 01:05,3448
2018-06-27 01:10,3446
2018-06-27 01:15,3422
2018-06-27 01:20,3391
2018-06-27 01:25,3374
2018-06-27 01:30,3384
2018-06-27 01:35,3388
2018-06-27 01:40,3371
2018-06-27 01:45,3322
2018-06-27 01:50,3327
2018-06-27 01:55,3302
2018-06-27 02:00,3272
2018-06-27 02:05,3250
2018-06-27 02:10,3287
2018-06-27 02:15,3301
2018-06-27 02:20,3271
2018-06-27 02:25,3236
2018-06-27 02:30,3223
2018-06-27 02:35,3210
2018-06-27 02:40,3204
2018-06-27 02:45,3215
2018-06-27 02:50,3195
2018-06-27 02:55,3174
2018-06-27 03:00,3149
2018-06-27 03:05,3145
2018-06-27 03:10,3128
2018-06-27 03:15,3089
2018-06-27 03:20,3063
2018-06-27 03:25,3057
2018-06-27 03:30,3035
2018-06-27 03:35,3038
2018-06-27 03:40,3046
2018-06-27 03:45,3016
2018-06-27 03:50,3009
2018-06-27 03:55,3012
2018-06-27 04:00,3017
2018-06-27 04:05,3010
2018-06-27 04:10,2995
2018-06-27 04:15,2985
2018-06-27 04:20,2952
2018-06-27 04:25,2960
2018-06-27 04:30,2950
2018-06-27 04:35,2923
2018-06-27 04:40,2928
2018-06-27 04:45,2896
2018-06-27 04:50,2879
2018-06-27 04:55,2853
2018-06-27 05:00,2864
2018-06-27 05:05,2843
2018-06-27 05:10,2835
2018-06-27 05:15,2834
2018-06-27 05:20,2823
2018-06-27 05:25,2792
2018-06-27 05:30,2789
2018-06-27 05:35,2797
2018-06-27 05:40,2787
2018-06-27 05:45,2765
2018-06-27 05:50,2740
2018-06-27 05:55,2745
2018-06-27 06:00,2747
2018-06-27 06:05,2751
2018-06-27 06:10,2753
2018-06-27 06:15,2731
2018-06-27 06:20,2733
2018-06-27 06:25,2732
2018-06-27 06:30,2756
2018-06-27 06:35,2742
2018-06-27 06:40,2745
2018-06-27 06:45,2749
2018-06-27 06:50,2727
2018-06-27 06:55,2715
2018-06-27 07:00,2719
2018-06-27 07:05,2720
2018-06-27 07:10,2725
2018-06-27 07:15,2733
2018-06-27 07:20,2729
2018-06-27 07:25,2740
2018-06-27 07:30,2756
2018-06-27 07:35,2765
2018-06-27 07:40,2786
2018-06-27 07:45,2818
2018-06-27 07:50,2837
2018-06-27 07:55,2848
2018-06-27 08:00,2820
2018-06-27 08:05,2832
2018-06-27 08:10,2826
2018-06-27 08:15,2841
2018-06-27 08:20,2879
2018-06-27 08:25,2897
2018-06-27 08:30,2927
2018-06-27 08:35,2942
2018-06-27 08:40,2974
2018-06-27 08:45,2981
2018-06-27 08:50,3022
2018-06-27 08:55,3046
2018-06-27 09:00,3061
2018-06-27 09:05,3071
2018-06-27 09:10,3101
2018-06-27 09:15,3138
2018-06-27 09:20,3156
2018-06-27 09:25,3172
2018-06-27 09:30,3190
2018-06-27 09:35,3207
2018-06-27 09:40,3242
2018-06-27 09:45,3283
2018-06-27 09:50,3274
2018-06-27 09:55,3272
2018-06-27 10:00,3258
2018-06-27 10:05,3270
2018-06-27 10:10,3319
2018-06-27 10:15,3321
2018-06-27 10:20,3314
2018-06-27 10:25,3330
2018-06-27 10:30,3357
2018-06-27 10:35,3369
2018-06-27 10:40,3376
2018-06-27 10:45,3394
2018-06-27 10:50,3414
2018-06-27 10:55,3427
2018-06-27 11:00,3456
2018-06-27 11:05,3471
2018-06-27 11:10,3515
2018-06-27 11:15,3552
2018-06-27 11:20,3544
2018-06-27 11:25,3544
2018-06-27 11:30,3570
2018-06-27 11:35,3585
2018-06-27 11:40,3599
2018-06-27 11:45,3604
2018-06-27 11:50,3621
2018-06-27 11:55,3614
2018-06-27 12:00,3632
2018-06-27 12:05,0
2018-06-27 12:10,3723
2018-06-27 12:15,3721
2018-06-27 12:20,3732
2018-06-27 12:25,3760
2018-06-27 12:30,3805
2018-06-27 12:35,3825
2018-06-27 12:40,3878
2018-06-27 12:45,3926
2018-06-27 12:50,3903
2018-06-27 12:55,3937
2018-06-27 13:00,3942
2018-06-27 13:05,3961
2018-06-27 13:10,3960
2018-06-27 13:15,3972
2018-06-27 13:20,3996
2018-06-27 13:25,3998
2018-06-27 13:30,4033
2018-06-27 13:35,4066
2018-06-27 13:40,4101
2018-06-27 13:45,4135
2018-06-27 13:50,4162
2018-06-27 13:55,4138
2018-06-27 14:00,4168
2018-06-27 14:05,4141
2018-06-27 14:10,4160
2018-06-27 14:15,4162
2018-06-27 14:20,4135
2018-06-27 14:25,4149
2018-06-27 14:30,4151
2018-06-27 14:35,4157
2018-06-27 14:40,4143
2018-06-27 14:45,4152
2018-06-27 14:50,4169
2018-06-27 14:55,4210
2018-06-27 15:00,4226
2018-06-27 15:05,4230
2018-06-27 15:10,4271
2018-06-27 15:15,4283
2018-06-27 15:20,4293
2018-06-27 15:25,4327
2018-06-27 15:30,4342
2018-06-27 15:35,4365
2018-06-27 15:40,4367
2018-06-27 15:45,4394
2018-06-27 15:50,4413
2018-06-27 15:55,4419
2018-06-27 16:00,4428
2018-06-27 16:05,4460
2018-06-27 16:10,4526
2018-06-27 16:15,4527
2018-06-27 16:20,4581
2018-06-27 16:25,4631
2018-06-27 16:30,4673
2018-06-27 16:35,4689
2018-06-27 16:40,4685
2018-06-27 16:45,4705
2018-06-27 16:50,4732
2018-06-27 16:55,4736
2018-06-27 17:00,4737
2018-06-27 17:05,4784
2018-06-27 17:10,4779
2018-06-27 17:15,4780
2018-06-27 17:20,4789
2018-06-27 17:25,4787
2018-06-27 17:30,4802
2018-06-27 17:35,4820
2018-06-27 17:40,4857
2018-06-27 17:45,4842
2018-06-27 17:50,4838
2018-06-27 17:55,4785
2018-06-27 18:00,4747
2018-06-27 18:05,4750
2018-06-27 18:10,4741
2018-06-27 18:15,4742
2018-06-27 18:20,4727
2018-06-27 18:25,4750
2018-06-27 18:30,4747
2018-06-27 18:35,4753
2018-06-27 18:40,4772
2018-06-27 18:45,4776
2018-06-27 18:50,4823
2018-06-27 18:55,4862
2018-06-27 19:00,4882
2018-06-27 19:05,4903
2018-06-27 19:10,4898
2018-06-27 19:15,4908
2018-06-27 19:20,4900
2018-06-27 19:25,4901
2018-06-27 19:30,4885
2018-06-27 19:35,4899
2018-06-27 19:40,4886
2018-06-27 19:45,4862
2018-06-27 19:50,4862
2018-06-27 19:55,4870
2018-06-27 20:00,4850
2018-06-27 20:05,4892
2018-06-27 20:10,4844
2018-06-27 20:15,4818
2018-06-27 20:20,4832
2018-06-27 20:25,4798
2018-06-27 20:30,4778
2018-06-27 20:35,4738
2018-06-27 20:40,4677
2018-06-27 20:45,4664
2018-06-27 20:50,4610
2018-06-27 20:55,4576
2018-06-27 21:00,4556
2018-06-27 21:05,4501
2018-06-27 21:10,4461
2018-06-27 21:15,4422
2018-06-27 21:20,4417
2018-06-27 21:25,4358
2018-06-27 21:30,4332
2018-06-27 21:35,4262
2018-06-27 21:40,4226
2018-06-27 21:45,4169
2018-06-27 21:50,4114
2018-06-27 21:55,4121
2018-06-27 22:00,4071
2018-06-27 22:05,4039
2018-06-27 22:10,3996
2018-06-27 22:15,3965
2018-06-27 22:20,3936
2018-06-27 22:25,3908
2018-06-27 22:30,3858
2018-06-27 22:35,3837
2018-06-27 22:40,3800
2018-06-27 22:45,3744
2018-06-27 22:50,3713
2018-06-27 22:55,3670
2018-06-27 23:00,3665
2018-06-27 23:05,3609
2018-06-27 23:10,3581
2018-06-27 23:15,3543
2018-06-27 23:20,3536
2018-06-27 23:25,3498
2018-06-27 23:30,0
2018-06-27 23:35,3438
2018-06-27 23:40,3430
2018-06-27 23:45,3435
2018-06-27 23:50,3425
2018-06-27 23:55,3390
2018-06-28 00:00,3376
2018-06-28 00:05,3364
2018-06-28 00:10,3375
2018-06-28 00:15,3361
2018-06-28 00:20,3359
2018-06-28 00:25,3349
2018-06-28 00:30,3323
2018-06-28 00:35,3328
2018-06-28 00:40,3334
2018-06-28 00:45,3332
2018-06-28 00:50,3352
2018-06-28 00:55,3335
2018-06-28 01:00,3313
2018-06-28 01:05,3305
2018-06-28 01:10,3293
2018-06-28 01:15,3272
2018-06-28 01:20,3258
2018-06-28 01:25,3233
2018-06-28 01:30,3221
2018-06-28 01:35,3201
2018-06-28 01:40,3173
2018-06-28 01:45,3147
2018-06-28 01:50,3120
2018-06-28 01:55,3105
2018-06-28 02:00,3105
2018-06-28 02:05,3083
2018-06-28 02:10,3047
2018-06-28 02:15,3027
2018-06-28 02:20,3027
2018-06-28 02:25,3018
2018-06-28 02:30,3012
2018-06-28 02:35,3008
2018-06-28 02:40,2972
2018-06-28 02:45,2944
2018-06-28 02:50,2941
2018-06-28 02:55,2934
2018-06-28 03:00,2915
2018-06-28 03:05,2861
2018-06-28 03:10,2869
2018-06-28 03:15,2870
2018-06-28 03:20,2861
2018-06-28 03:25,2839
2018-06-28 03:30,2822
2018-06-28 03:35,2799
2018-06-28 03:40,2776
2018-06-28 03:45,2758
2018-06-28 03:50,2761
2018-06-28 03:55,2756
2018-06-28 04:00,2742
2018-06-28 04:05,2724
2018-06-28 04:10,2695
2018-06-28 04:15,2675
2018-06-28 04:20,2642
2018-06-28 04:25,2609
2018-06-28 04:30,2595
2018-06-28 04:35,2575
2018-06-28 04:40,2544
2018-06-28 04:45,2538
2018-06-28 04:50,2522
2018-06-28 04:55,2515
2018-06-28 05:00,2487
2018-06-28 05:05,2491
2018-06-28 05:10,2490
2018-06-28 05:15,2470
2018-06-28 05:20,2469
2018-06-28 05:25,2456
2018-06-28 05:30,2450
2018-06-28 05:35,2440
2018-06-28 05:40,2436
2018-06-28 05:45,2435
2018-06-28 05:50,2442
2018-06-28 05:55,2455
2018-06-28 06:00,2452
2018-06-28 06:05,2455
2018-06-28 06:10,2436
2018-06-28 06:15,2422
2018-06-28 06:20,2438
2018-06-28 06:25,2443
2018-06-28 06:30,2440
2018-06-28 06:35,2441
2018-06-28 06:40,2449
2018-06-28 06:45,2458
2018-06-28 06:50,2466
2018-06-28 06:55,2475
2018-06-28 07:00,2474
2018-06-28 07:05,2456
2018-06-28 07:10,2429
2018-06-28 07:15,2429
2018-06-28 07:20,2442
2018-06-28 07:25,2452
2018-06-28 07:30,2438
2018-06-28 07:35,2465
2018-06-28 07:40,2482
2018-06-28 07:45,2505
2018-06-28 07:50,2526
2018-06-28 07:55,2547
2018-06-28 08:00,2578
2018-06-28 08:05,2573
2018-06-28 08:10,2576
2018-06-28 08:15,2595
2018-06-28 08:20,2609
2018-06-28 08:25,2618
2018-06-28 08:30,2647
2018-06-28 08:35,2672
2018-06-28 08:40,2678
2018-06-28 08:45,2692
2018-06-28 08:50,2701
2018-06-28 08:55,2707
2018-06-28 09:00,2722
2018-06-28 09:05,2742
2018-06-28 09:10,2767
2018-06-28 09:15,2781
2018-06-28 09:20,2802
2018-06-28 09:25,2815
2018-06-28 09:30,2853
2018-06-28 09:35,2888
2018-06-28 09:40,2919
2018-06-28 09:45,2913
2018-06-28 09:50,2934
2018-06-28 09:55,2944
2018-06-28 10:00,2977
2018-06-28 10:05,2996
2018-06-28 10:10,3026
2018-06-28 10:15,3044
2018-06-28 10:20,3072
2018-06-28 10:25,3089
2018-06-28 10:30,3115
2018-06-28 10:35,3144
2018-06-28 10:40,3124
2018-06-28 10:45,3152
2018-06-28 10:50,3152
2018-06-28 10:55,3155
2018-06-28 11:00,3185
2018-06-28 11:05,3178
2018-06-28 11:10,3183
2018-06-28 11:15,3185
2018-06-28 11:20,3189
2018-06-28 11:25,3212
2018-06-28 11:30,3215
2018-06-28 11:35,3249
2018-06-28 11:40,3253
2018-06-28 11:45,3257
2018-06-28 11:50,3269
2018-06-28 11:55,3297
2018-06-28 12:00,3288
2018-06-28 12:05,3318
2018-06-28 12:10,3322
2018-06-28 12:15,3336
2018-06-28 12:20,3377
2018-06-28 12:25,3405
2018-06-28 12:30,3399
2018-06-28 12:35,3470
2018-06-28 12:40,3479
2018-06-28 12:45,3480
2018-06-28 12:50,3497
2018-06-28 12:55,3503
2018-06-28 13:00,3526
2018-06-28 13:05,3533
2018-06-28 13:10,3519
2018-06-28 13:15,3528
2018-06-28 13:20,3542
2018-06-28 13:25,3560
2018-06-28 13:30,3556
2018-06-28 13:35,3602
2018-06-28 13:40,3621
2018-06-28 13:45,3635
2018-06-28 13:50,3614
2018-06-28 13:55,3674
2018-06-28 14:00,3675
2018-06-28 14:05,3663
2018-06-28 14:10,3686
2018-06-28 14:15,3719
2018-06-28 14:20,3692
2018-06-28 14:25,3688
2018-06-28 14:30,3725
2018-06-28 14:35,3764
2018-06-28 14:40,3790
2018-06-28 14:45,3818
2018-06-28 14:50,3843
2018-06-28 14:55,3901
2018-06-28 15:00,3899
2018-06-28 15:05,3933
2018-06-28 15:10,3922
2018-06-28 15:15,3942
2018-06-28 15:20,3988
2018-06-28 15:25,4019
2018-06-28 15:30,4038
2018-06-28 15:35,4066
2018-06-28 15:40,4077
2018-06-28 15:45,4114
2018-06-28 15:50,4124
2018-06-28 15:55,4130
2018-06-28 16:00,4168
2018-06-28 16:05,4193
2018-06-28 16:10,4228
2018-06-28 16:15,4296
2018-06-28 16:20,4350
2018-06-28 16:25,4372
2018-06-28 16:30,4383
2018-06-28 16:35,4403
2018-06-28 16:40,4405
2018-06-28 16:45,4471
2018-06-28 16:50,4485
2018-06-28 16:55,4518
2018-06-28 17:00,4538
2018-06-28 17:05,4559
2018-06-28 17:10,4561
2018-06-28 17:15,4581
2018-06-28 17:20,4658
2018-06-28 17:25,4691
2018-06-28 17:30,4734
2018-06-28 17:35,4743
2018-06-28 17:40,4727
2018-06-28 17:45,4729
2018-06-28 17:50,4702
2018-06-28 17:55,4741
2018-06-28 18:00,4727
2018-06-28 18:05,4699
2018-06-28 18:10,4710
2018-06-28 18:15,4723
2018-06-28 18:20,4749
2018-06-28 18:25,4739
2018-06-28 18:30,4754
2018-06-28 18:35,4723
2018-06-28 18:40,4719
2018-06-28 18:45,4690
2018-06-28 18:50,4662
2018-06-28 18:55,4702
2018-06-28 19:00,4690
2018-06-28 19:05,4696
2018-06-28 19:10,4679
2018-06-28 19:15,4699
2018-06-28 19:20,4707
2018-06-28 19:25,4712
2018-06-28 19:30,4722
2018-06-28 19:35,4716
2018-06-28 19:40,4716
2018-06-28 19:45,4704
2018-06-28 19:50,4666
2018-06-28 19:55,4673
2018-06-28 20:00,4676
2018-06-28 20:05,4659
2018-06-28 20:10,4636
2018-06-28 20:15,4604
2018-06-28 20:20,4594
2018-06-28 20:25,4571
2018-06-28 20:30,4613
2018-06-28 20:35,4586
2018-06-28 20:40,4542
2018-06-28 20:45,4506
2018-06-28 20:50,4471
2018-06-28 20:55,4425
2018-06-28 21:00,0
2018-06-28 21:05,4400
2018-06-28 21:10,4351
2018-06-28 21:15,4307
2018-06-28 21:20,4263
2018-06-28 21:25,4245
2018-06-28 21:30,4202
2018-06-28 21:35,4177
2018-06-28 21:40,4136
2018-06-28 21:45,4088
2018-06-28 21:50,4023
2018-06-28 21:55,3999
2018-06-28 22:00,3936
2018-06-28 22:05,3887
2018-06-28 22:10,3874
2018-06-28 22:15,3849
2018-06-28 22:20,3800
2018-06-28 22:25,3765
2018-06-28 22:30,3738
2018-06-28 22:35,3712
2018-06-28 22:40,3725
2018-06-28 22:45,3723
2018-06-28 22:50,3693
2018-06-28 22:55,3688
2018-06-28 23:00,3633
2018-06-28 23:05,3623
2018-06-28 23:10,3584
2018-06-28 23:15,3572
2018-06-28 23:20,3535
2018-06-28 23:25,3522
2018-06-28 23:30,3505
2018-06-28 23:35,3488
2018-06-28 23:40,3457
2018-06-28 23:45,3456
2018-06-28 23:50,3455
2018-06-28 23:55,3448
2018-06-29 00:00,3413
2018-06-29 00:05,3380
2018-06-29 00:10,3382
2018-06-29 00:15,3298
2018-06-29 00:20,3315
2018-06-29 00:25,3306
2018-06-29 00:30,3281
2018-06-29 00:35,3289
2018-06-29 00:40,3263
2018-06-29 00:45,3235
2018-06-29 00:50,3199
2018-06-29 00:55,3230
2018-06-29 01:00,3218
2018-06-29 01:05,3203
2018-06-29 01:10,3205
2018-06-29 01:15,3224
2018-06-29 01:20,3232
2018-06-29 01:25,3203
2018-06-29 01:30,3215
2018-06-29 01:35,3191
2018-06-29 01:40,3179
2018-06-29 01:45,3149
2018-06-29 01:50,3157
2018-06-29 01:55,3150
2018-06-29 02:00,3133
2018-06-29 02:05,3082
2018-06-29 02:10,3104
2018-06-29 02:15,3102
2018-06-29 02:20,3070
2018-06-29 02:25,3088
2018-06-29 02:30,3069
2018-06-29 02:35,3050
2018-06-29 02:40,3024
2018-06-29 02:45,2974
2018-06-29 02:50,2958
2018-06-29 02:55,2951
2018-06-29 03:00,2896
2018-06-29 03:05,2866
2018-06-29 03:10,2828
2018-06-29 03:15,2814
2018-06-29 03:20,2827
2018-06-29 03:25,2788
2018-06-29 03:30,2777
2018-06-29 03:35,2773
2018-06-29 03:40,2752
2018-06-29 03:45,2727
2018-06-29 03:50,2705
2018-06-29 03:55,2705
2018-06-29 04:00,2657
2018-06-29 04:05,2631
2018-06-29 04:10,2665
2018-06-29 04:15,2657
2018-06-29 04:20,2648
2018-06-29 04:25,2622
2018-06-29 04:30,2619
2018-06-29 04:35,2601
2018-06-29 04:40,2593
2018-06-29 04:45,2587
2018-06-29 04:50,2575
2018-06-29 04:55,2573
2018-06-29 05:00,2528
2018-06-29 05:05,2515
2018-06-29 05:10,2510
2018-06-29 05:15,2512
2018-06-29 05:20,2477
2018-06-29 05:25,2452
2018-06-29 05:30,2445
2018-06-29 05:35,2425
2018-06-29 05:40,2418
2018-06-29 05:45,2418
2018-06-29 05:50,2413
2018-06-29 05:55,2416
2018-06-29 06:00,2395
2018-06-29 06:05,2346
2018-06-29 06:10,2401
2018-06-29 06:15,2389
2018-06-29 06:20,2384
2018-06-29 06:25,2362
2018-06-29 06:30,2348
2018-06-29 06:35,2350
2018-06-29 06:40,2356
2018-06-29 06:45,2383
2018-06-29 06:50,2404
2018-06-29 06:55,2409
2018-06-29 07:00,2408
2018-06-29 07:05,2410
2018-06-29 07:10,2416
2018-06-29 07:15,2397
2018-06-29 07:20,2413
2018-06-29 07:25,2411
2018-06-29 07:30,2424
2018-06-29 07:35,2427
2018-06-29 07:40,2441
2018-06-29 07:45,2473
2018-06-29 07:50,2480
2018-06-29 07:55,2505
2018-06-29 08:00,2529
2018-06-29 08:05,2520
2018-06-29 08:10,2567
2018-06-29 08:15,2579
2018-06-29 08:20,2591
2018-06-29 08:25,2627
2018-06-29 08:30,2628
2018-06-29 08:35,2640
2018-06-29 08:40,2650
2018-06-29 08:45,2683
2018-06-29 08:50,2700
2018-06-29 08:55,2693
2018-06-29 09:00,2719
2018-06-29 09:05,2735
2018-06-29 09:10,2753
2018-06-29 09:15,2751
2018-06-29 09:20,2739
2018-06-29 09:25,2750
2018-06-29 09:30,2751
2018-06-29 09:35,2774
2018-06-29 09:40,2792
2018-06-29 09:45,2797
2018-06-29 09:50,2826
2018-06-29 09:55,2836
2018-06-29 10:00,2856
2018-06-29 10:05,2845
2018-06-29 10:10,2908
2018-06-29 10:15,2940
2018-06-29 10:20,2950
2018-06-29 10:25,2985
2018-06-29 10:30,3010
2018-06-29 10:35,3025
2018-06-29 10:40,3040
2018-06-29 10:45,3041
2018-06-29 10:50,3058
2018-06-29 10:55,3041
2018-06-29 11:00,3055
2018-06-29 11:05,3077
2018-06-29 11:10,3126
2018-06-29 11:15,3114
2018-06-29 11:20,3154
2018-06-29 11:25,3184
2018-06-29 11:30,3217
2018-06-29 11:35,3222
2018-06-29 11:40,3238
2018-06-29 11:45,3253
2018-06-29 11:50,3269
2018-06-29 11:55,3275
2018-06-29 12:00,3288
2018-06-29 12:05,3233
2018-06-29 12:10,3336
2018-06-29 12:15,3331
2018-06-29 12:20,3297
2018-06-29 12:25,3308
2018-06-29 12:30,3343
2018-06-29 12:35,3357
2018-06-29 12:40,3380
2018-06-29 12:45,3376
2018-06-29 12:50,3402
2018-06-29 12:55,3433
2018-06-29 13:00,3459
2018-06-29 13:05,3465
2018-06-29 13:10,3493
2018-06-29 13:15,3511
2018-06-29 13:20,3543
2018-06-29 13:25,3565
2018-06-29 13:30,3545
2018-06-29 13:35,3543
2018-06-29 13:40,3519
2018-06-29 13:45,3525
2018-06-29 13:50,3475
2018-06-29 13:55,3452
2018-06-29 14:00,3284
2018-06-29 14:05,2495
2018-06-29 14:10,2143
2018-06-29 14:15,2126
2018-06-29 14:20,2169
2018-06-29 14:25,2162
2018-06-29 14:30,2181
2018-06-29 14:35,2178
2018-06-29 14:40,2192
2018-06-29 14:45,2207
2018-06-29 14:50,2197
2018-06-29 14:55,2222
2018-06-29 15:00,2244
2018-06-29 15:05,2263
2018-06-29 15:10,2327
2018-06-29 15:15,2351
2018-06-29 15:20,2495
2018-06-29 15:25,2637
2018-06-29 15:30,2828
2018-06-29 15:35,3015
2018-06-29 15:40,3145
2018-06-29 15:45,3266
2018-06-29 15:50,3402
2018-06-29 15:55,3491
2018-06-29 16:00,3597
2018-06-29 16:05,3629
2018-06-29 16:10,3796
2018-06-29 16:15,3914
2018-06-29 16:20,4024
2018-06-29 16:25,4113
2018-06-29 16:30,4166
2018-06-29 16:35,4208
2018-06-29 16:40,4233
2018-06-29 16:45,4260
2018-06-29 16:50,4299
2018-06-29 16:55,4348
2018-06-29 17:00,4366
2018-06-29 17:05,4385
2018-06-29 17:10,4409
2018-06-29 17:15,4450
2018-06-29 17:20,4455
2018-06-29 17:25,4466
2018-06-29 17:30,4465
2018-06-29 17:35,4480
2018-06-29 17:40,4467
2018-06-29 17:45,4499
2018-06-29 17:50,4517
2018-06-29 17:55,4519
2018-06-29 18:00,4533
2018-06-29 18:05,4533
2018-06-29 18:10,4609
2018-06-29 18:15,4615
2018-06-29 18:20,4610
2018-06-29 18:25,4643
2018-06-29 18:30,0
2018-06-29 18:35,4737
2018-06-29 18:40,4745
2018-06-29 18:45,4751
2018-06-29 18:50,4760
2018-06-29 18:55,4753
2018-06-29 19:00,4760
2018-06-29 19:05,4759
2018-06-29 19:10,4797
2018-06-29 19:15,4811
2018-06-29 19:20,4823
2018-06-29 19:25,4800
2018-06-29 19:30,4797
2018-06-29 19:35,4800
2018-06-29 19:40,4787
2018-06-29 19:45,4771
2018-06-29 19:50,4750
2018-06-29 19:55,4704
2018-06-29 20:00,4685
2018-06-29 20:05,4654
2018-06-29 20:10,4689
2018-06-29 20:15,4663
2018-06-29 20:20,4652
2018-06-29 20:25,4669
2018-06-29 20:30,4670
2018-06-29 20:35,4645
2018-06-29 20:40,4627
2018-06-29 20:45,4564
2018-06-29 20:50,4564
2018-06-29 20:55,4522
2018-06-29 21:00,4513
2018-06-29 21:05,4475
2018-06-29 21:10,4426
2018-06-29 21:15,4401
2018-06-29 21:20,4355
2018-06-29 21:25,4331
2018-06-29 21:30,4319
2018-06-29 21:35,4319
2018-06-29 21:40,4278
2018-06-29 21:45,4260
2018-06-29 21:50,4217
2018-06-29 21:55,4161
2018-06-29 22:00,4134
2018-06-29 22:05,4089
2018-06-29 22:10,4071
2018-06-29 22:15,4029
2018-06-29 22:20,4000
2018-06-29 22:25,4000
2018-06-29 22:30,3975
2018-06-29 22:35,3929
2018-06-29 22:40,3869
2018-06-29 22:45,3853
2018-06-29 22:50,3809
2018-06-29 22:55,3798
2018-06-29 23:00,3761
2018-06-29 23:05,3712
2018-06-29 23:10,3671
2018-06-29 23:15,3640
2018-06-29 23:20,3594
2018-06-29 23:25,3594
2018-06-29 23:30,3543
2018-06-29 23:35,3531
2018-06-29 23:40,3516
2018-06-29 23:45,3471
2018-06-29 23:50,3453
2018-06-29 23:55,3421
2018-06-30 00:00,3380
2018-06-30 00:05,3283
2018-06-30 00:10,3273
2018-06-30 00:15,3245
2018-06-30 00:20,3262
2018-06-30 00:25,3249
2018-06-30 00:30,3244
2018-06-30 00:35,3253
2018-06-30 00:40,3230
2018-06-30 00:45,3232
2018-06-30 00:50,3229
2018-06-30 00:55,3227
2018-06-30 01:00,3217
2018-06-30 01:05,3205
2018-06-30 01:10,3192
2018-06-30 01:15,3206
2018-06-30 01:20,3206
2018-06-30 01:25,3195
2018-06-30 01:30,3210
2018-06-30 01:35,3222
2018-06-30 01:40,3214
2018-06-30 01:45,3189
2018-06-30 01:50,3147
2018-06-30 01:55,3145
2018-06-30 02:00,3144
2018-06-30 02:05,3133
2018-06-30 02:10,3132
2018-06-30 02:15,3113
2018-06-30 02:20,3073
2018-06-30 02:25,3083
2018-06-30 02:30,3086
2018-06-30 02:35,3082
2018-06-30 02:40,3078
2018-06-30 02:45,3078
2018-06-30 02:50,3117
2018-06-30 02:55,3120
2018-06-30 03:00,3109
2018-06-30 03:05,3081
2018-06-30 03:10,3052
2018-06-30 03:15,3030
2018-06-30 03:20,3056
2018-06-30 03:25,2999
2018-06-30 03:30,2998
2018-06-30 03:35,2997
2018-06-30 03:40,2976
2018-06-30 03:45,2958
2018-06-30 03:50,2939
2018-06-30 03:55,2936
2018-06-30 04:00,2918
2018-06-30 04:05,2909
2018-06-30 04:10,2900
2018-06-30 04:15,2897
2018-06-30 04:20,2907
2018-06-30 04:25,2894
2018-06-30 04:30,2882
2018-06-30 04:35,2881
2018-06-30 04:40,2860
2018-06-30 04:45,2848
2018-06-30 04:50,2839
2018-06-30 04:55,2806
2018-06-30 05:00,2789
2018-06-30 05:05,2797
2018-06-30 05:10,2807
2018-06-30 05:15,2770
2018-06-30 05:20,2775
2018-06-30 05:25,2766
2018-06-30 05:30,2770
2018-06-30 05:35,2775
2018-06-30 05:40,2760
2018-06-30 05:45,2768
2018-06-30 05:50,2740
2018-06-30 05:55,2741
2018-06-30 06:00,2716
2018-06-30 06:05,2734
2018-06-30 06:10,2698
2018-06-30 06:15,2727
2018-06-30 06:20,2722
2018-06-30 06:25,2738
2018-06-30 06:30,2732
2018-06-30 06:35,2722
2018-06-30 06:40,2732
2018-06-30 06:45,2753
2018-06-30 06:50,2759
2018-06-30 06:55,2766
2018-06-30 07:00,2754
2018-06-30 07:05,2760
2018-06-30 07:10,2777
2018-06-30 07:15,2785
2018-06-30 07:20,2815
2018-06-30 07:25,2840
2018-06-30 07:30,2854
2018-06-30 07:35,2868
2018-06-30 07:40,2887
2018-06-30 07:45,2895
2018-06-30 07:50,2932
2018-06-30 07:55,2945
2018-06-30 08:00,2955
2018-06-30 08:05,2935
2018-06-30 08:10,2966
2018-06-30 08:15,2945
2018-06-30 08:20,2979
2018-06-30 08:25,2987
2018-06-30 08:30,3014
2018-06-30 08:35,3020
2018-06-30 08:40,3051
2018-06-30 08:45,3068
2018-06-30 08:50,3090
2018-06-30 08:55,3105
2018-06-30 09:00,3137
2018-06-30 09:05,3144
2018-06-30 09:10,3167
2018-06-30 09:15,3203
2018-06-30 09:20,3230
2018-06-30 09:25,3261
2018-06-30 09:30,3284
2018-06-30 09:35,3304
2018-06-30 09:40,3338
2018-06-30 09:45,3374
2018-06-30 09:50,3435
2018-06-30 09:55,3466
2018-06-30 10:00,3520
2018-06-30 10:05,3585
2018-06-30 10:10,3658
2018-06-30 10:15,3676
2018-06-30 10:20,3718
2018-06-30 10:25,3724
2018-06-30 10:30,3739
2018-06-30 10:35,3748
2018-06-30 10:40,3787
2018-06-30 10:45,3798
2018-06-30 10:50,3823
2018-06-30 10:55,3857
2018-06-30 11:00,3827
2018-06-30 11:05,3864
2018-06-30 11:10,3864
2018-06-30 11:15,3878
2018-06-30 11:20,3914
2018-06-30 11:25,3947
2018-06-30 11:30,3950
2018-06-30 11:35,3926
2018-06-30 11:40,3970
2018-06-30 11:45,3976
2018-06-30 11:50,3984
2018-06-30 11:55,4009
2018-06-30 12:00,4015
2018-06-30 12:05,4061
2018-06-30 12:10,4090
2018-06-30 12:15,4117
2018-06-30 12:20,4136
2018-06-30 12:25,4147
2018-06-30 12:30,4155
2018-06-30 12:35,4150
2018-06-30 12:40,4166
2018-06-30 12:45,4200
2018-06-30 12:50,4190
2018-06-30 12:55,4216
2018-06-30 13:00,4228
2018-06-30 13:05,4259
2018-06-30 13:10,4261
2018-06-30 13:15,4291
2018-06-30 13:20,4291
2018-06-30 13:25,4304
2018-06-30 13:30,4333
2018-06-30 13:35,4335
2018-06-30 13:40,4372
2018-06-30 13:45,4391
2018-06-30 13:50,4428
2018-06-30 13:55,4403
2018-06-30 14:00,4403
2018-06-30 14:05,4408
2018-06-30 14:10,4437
2018-06-30 14:15,4458
2018-06-30 14:20,4468
2018-06-30 14:25,4494
2018-06-30 14:30,4513
2018-06-30 14:35,4504
2018-06-30 14:40,4531
2018-06-30 14:45,4546
2018-06-30 14:50,4573
2018-06-30 14:55,4584
2018-06-30 15:00,4614
2018-06-30 15:05,4600
2018-06-30 15:10,4606
2018-06-30 15:15,0
2018-06-30 15:20,4671
2018-06-30 15:25,4695
2018-06-30 15:30,4722
2018-06-30 15:35,4736
2018-06-30 15:40,4700
2018-06-30 15:45,4714
2018-06-30 15:50,4731
2018-06-30 15:55,4731
2018-06-30 16:00,4749
2018-06-30 16:05,4762
2018-06-30 16:10,4795
2018-06-30 16:15,4812
2018-06-30 16:20,4843
2018-06-30 16:25,4844
2018-06-30 16:30,4827
2018-06-30 16:35,4859
2018-06-30 16:40,4881
2018-06-30 16:45,4901
2018-06-30 16:50,4881
2018-06-30 16:55,4899
2018-06-30 17:00,4882
2018-06-30 17:05,4897
2018-06-30 17:10,4918
2018-06-30 17:15,4923
2018-06-30 17:20,4941
2018-06-30 17:25,4959
2018-06-30 17:30,4975
2018-06-30 17:35,4973
2018-06-30 17:40,5009
2018-06-30 17:45,5029
2018-06-30 17:50,5030
2018-06-30 17:55,5045
2018-06-30 18:00,5038
2018-06-30 18:05,5023
2018-06-30 18:10,5027
2018-06-30 18:15,5050
2018-06-30 18:20,5073
2018-06-30 18:25,5083
2018-06-30 18:30,5089
2018-06-30 18:35,5094
2018-06-30 18:40,5086
2018-06-30 18:45,5120
2018-06-30 18:50,5157
2018-06-30 18:55,5150
2018-06-30 19:00,5140
2018-06-30 19:05,5116
2018-06-30 19:10,5112
2018-06-30 19:15,5095
2018-06-30 19:20,5094
2018-06-30 19:25,5105
2018-06-30 19:30,5111
2018-06-30 19:35,5104
2018-06-30 19:40,5109
2018-06-30 19:45,5130
2018-06-30 19:50,5120
2018-06-30 19:55,5120
2018-06-30 20:00,5136
2018-06-30 20:05,5158
2018-06-30 20:10,5156
2018-06-30 20:15,5151
2018-06-30 20:20,5153
2018-06-30 20:25,5152
2018-06-30 20:30,5176
2018-06-30 20:35,5152
2018-06-30 20:40,5151
2018-06-30 20:45,5132
2018-06-30 20:50,5136
2018-06-30 20:55,5126
2018-06-30 21:00,5066
2018-06-30 21:05,5055
2018-06-30 21:10,5053
2018-06-30 21:15,5014
2018-06-30 21:20,4956
2018-06-30 21:25,4946
2018-06-30 21:30,4924
2018-06-30 21:35,4897
2018-06-30 21:40,4852
2018-06-30 21:45,4828
2018-06-30 21:50,4762
2018-06-30 21:55,4761
2018-06-30 22:00,4739
2018-06-30 22:05,4720
2018-06-30 22:10,4731
2018-06-30 22:15,4705
2018-06-30 22:20,4637
2018-06-30 22:25,4579
2018-06-30 22:30,4523
2018-06-30 22:35,4461
2018-06-30 22:40,4422
2018-06-30 22:45,4355
2018-06-30 22:50,4306
2018-06-30 22:55,4268
2018-06-30 23:00,4243
2018-06-30 23:05,4212
2018-06-30 23:10,4178
2018-06-30 23:15,4153
2018-06-30 23:20,4129
2018-06-30 23:25,4073
2018-06-30 23:30,4032
2018-06-30 23:35,4011
2018-06-30 23:40,3998
2018-06-30 23:45,3976
2018-06-30 23:50,3973
2018-06-30 23:55,3919
2018-07-01 00:00,3906
2018-07-01 00:05,3878
2018-07-01 00:10,3855
2018-07-01 00:15,3841
2018-07-01 00:20,3810
2018-07-01 00:25,3801
2018-07-01 00:30,3767
2018-07-01 00:35,3736
2018-07-01 00:40,3721
2018-07-01 00:45,3681
2018-07-01 00:50,3668
2018-07-01 00:55,3642
2018-07-01 01:00,3619
2018-07-01 01:05,3615
2018-07-01 01:10,3582
2018-07-01 01:15,3589
2018-07-01 01:20,3567
2018-07-01 01:25,3553
2018-07-01 01:30,3570
2018-07-01 01:35,3551
2018-07-01 01:40,3562
2018-07-01 01:45,3551
2018-07-01 01:50,3524
2018-07-01 01:55,3496
2018-07-01 02:00,3446
2018-07-01 02:05,3445
2018-07-01 02:10,3431
2018-07-01 02:15,3397
2018-07-01 02:20,3361
2018-07-01 02:25,3374
2018-07-01 02:30,3371
2018-07-01 02:35,3381
2018-07-01 02:40,3379
2018-07-01 02:45,3381
2018-07-01 02:50,3403
2018-07-01 02:55,3386
2018-07-01 03:00,3373
2018-07-01 03:05,3365
2018-07-01 03:10,3352
2018-07-01 03:15,3316
2018-07-01 03:20,3299
2018-07-01 03:25,3263
2018-07-01 03:30,3244
2018-07-01 03:35,3212
2018-07-01 03:40,3217
2018-07-01 03:45,3202
2018-07-01 03:50,3194
2018-07-01 03:55,3177
2018-07-01 04:00,3168
2018-07-01 04:05,3144
2018-07-01 04:10,3129
2018-07-01 04:15,3101
2018-07-01 04:20,3093
2018-07-01 04:25,3071
2018-07-01 04:30,3054
2018-07-01 04:35,3069
2018-07-01 04:40,3050
2018-07-01 04:45,3069
2018-07-01 04:50,3048
2018-07-01 04:55,2999
2018-07-01 05:00,2974
2018-07-01 05:05,2943
2018-07-01 05:10,2942
2018-07-01 05:15,2932
2018-07-01 05:20,2937
2018-07-01 05:25,2946
2018-07-01 05:30,2914
2018-07-01 05:35,2930
2018-07-01 05:40,2905
2018-07-01 05:45,2892
2018-07-01 05:50,2904
2018-07-01 05:55,2881
2018-07-01 06:00,2866
2018-07-01 06:05,2866
2018-07-01 06:10,2879
2018-07-01 06:15,2878
2018-07-01 06:20,2876
2018-07-01 06:25,2865
2018-07-01 06:30,2880
2018-07-01 06:35,2889
2018-07-01 06:40,2899
2018-07-01 06:45,2889
2018-07-01 06:50,2916
2018-07-01 06:55,2943
2018-07-01 07:00,2956
2018-07-01 07:05,2986
2018-07-01 07:10,2967
2018-07-01 07:15,2986
2018-07-01 07:20,3033
2018-07-01 07:25,3031
2018-07-01 07:30,3043
2018-07-01 07:35,3068
2018-07-01 07:40,3090
2018-07-01 07:45,3127
2018-07-01 07:50,3131
2018-07-01 07:55,3188
2018-07-01 08:00,3208
2018-07-01 08:05,3223
2018-07-01 08:10,3280
2018-07-01 08:15,3314
2018-07-01 08:20,3328
2018-07-01 08:25,3358
2018-07-01 08:30,3422
2018-07-01 08:35,3432
2018-07-01 08:40,3445
2018-07-01 08:45,3447
2018-07-01 08:50,3459
2018-07-01 08:55,3470
2018-07-01 09:00,3540
2018-07-01 09:05,3586
2018-07-01 09:10,3598
2018-07-01 09:15,3627
2018-07-01 09:20,3662
2018-07-01 09:25,3647
2018-07-01 09:30,3668
2018-07-01 09:35,3678
2018-07-01 09:40,3698
2018-07-01 09:45,3721
2018-07-01 09:50,3754
2018-07-01 09:55,3751
2018-07-01 10:00,3784
2018-07-01 10:05,3798
2018-07-01 10:10,3832
2018-07-01 10:15,3851
2018-07-01 10:20,3886
2018-07-01 10:25,3941
2018-07-01 10:30,3993
2018-07-01 10:35,4018
2018-07-01 10:40,4024
2018-07-01 10:45,4053
2018-07-01 10:50,4083
2018-07-01 10:55,4125
2018-07-01 11:00,4160
2018-07-01 11:05,4176
2018-07-01 11:10,4200
2018-07-01 11:15,4218
2018-07-01 11:20,4250
2018-07-01 11:25,4267
2018-07-01 11:30,4302
2018-07-01 11:35,4314
2018-07-01 11:40,4368
2018-07-01 11:45,4407
2018-07-01 11:50,4422
2018-07-01 11:55,4445
2018-07-01 12:00,4451
2018-07-01 12:05,4444
2018-07-01 12:10,4469
2018-07-01 12:15,4476
2018-07-01 12:20,4528
2018-07-01 12:25,4555
2018-07-01 12:30,4587
2018-07-01 12:35,4599
2018-07-01 12:40,4623
2018-07-01 12:45,4631
2018-07-01 12:50,4656
2018-07-01 12:55,4677
2018-07-01 13:00,4709
2018-07-01 13:05,4728
2018-07-01 13:10,4767
2018-07-01 13:15,4807
2018-07-01 13:20,4839
2018-07-01 13:25,4846
2018-07-01 13:30,4847
2018-07-01 13:35,4854
2018-07-01 13:40,0
2018-07-01 13:45,4940
2018-07-01 13:50,4942
2018-07-01 13:55,4956
2018-07-01 14:00,4960
2018-07-01 14:05,4938
2018-07-01 14:10,4959
2018-07-01 14:15,4975
2018-07-01 14:20,4989
2018-07-01 14:25,5006
2018-07-01 14:30,5020
2018-07-01 14:35,5065
2018-07-01 14:40,5070
2018-07-01 14:45,5070
2018-07-01 14:50,5071
2018-07-01 14:55,5113
2018-07-01 15:00,5154
2018-07-01 15:05,5157
2018-07-01 15:10,5171
2018-07-01 15:15,5181
2018-07-01 15:20,5188
2018-07-01 15:25,5239
2018-07-01 15:30,5245
2018-07-01 15:35,5231
2018-07-01 15:40,5266
2018-07-01 15:45,5296
2018-07-01 15:50,5318
2018-07-01 15:55,5321
2018-07-01 16:00,5331
2018-07-01 16:05,5345
2018-07-01 16:10,5355
2018-07-01 16:15,5341
2018-07-01 16:20,5342
2018-07-01 16:25,5364
2018-07-01 16:30,5366
2018-07-01 16:35,5366
2018-07-01 16:40,5380
2018-07-01 16:45,5378
2018-07-01 16:50,5425
2018-07-01 16:55,5434
2018-07-01 17:00,5500
2018-07-01 17:05,5490
2018-07-01 17:10,5497
2018-07-01 17:15,5511
2018-07-01 17:20,5552
2018-07-01 17:25,5569
2018-07-01 17:30,5552
2018-07-01 17:35,5542
2018-07-01 17:40,5541
2018-07-01 17:45,5574
2018-07-01 17:50,5604
2018-07-01 17:55,5604
2018-07-01 18:00,5636
2018-07-01 18:05,5617
2018-07-01 18:10,5614
2018-07-01 18:15,5625
2018-07-01 18:20,5625
2018-07-01 18:25,5608
2018-07-01 18:30,5606
2018-07-01 18:35,5629
2018-07-01 18:40,5620
2018-07-01 18:45,5585
2018-07-01 18:50,5601
2018-07-01 18:55,5618
2018-07-01 19:00,5662
2018-07-01 19:05,5685
2018-07-01 19:10,5704
2018-07-01 19:15,5726
2018-07-01 19:20,5721
2018-07-01 19:25,5712
2018-07-01 19:30,5707
2018-07-01 19:35,5691
2018-07-01 19:40,5643
2018-07-01 19:45,5636
2018-07-01 19:50,5630
2018-07-01 19:55,5611
2018-07-01 20:00,5597
2018-07-01 20:05,5543
2018-07-01 20:10,5519
2018-07-01 20:15,5471
2018-07-01 20:20,5413
2018-07-01 20:25,5397
2018-07-01 20:30,5362
2018-07-01 20:35,5290
2018-07-01 20:40,5269
2018-07-01 20:45,5237
2018-07-01 20:50,5191
2018-07-01 20:55,5204
2018-07-01 21:00,5195
2018-07-01 21:05,5173
2018-07-01 21:10,5152
2018-07-01 21:15,5133
2018-07-01 21:20,5116
2018-07-01 21:25,5097
2018-07-01 21:30,5049
2018-07-01 21:35,5019
2018-07-01 21:40,4997
2018-07-01 21:45,4952
2018-07-01 21:50,4923
2018-07-01 21:55,4852
2018-07-01 22:00,4836
2018-07-01 22:05,4734
2018-07-01 22:10,4749
2018-07-01 22:15,4701
2018-07-01 22:20,4642
2018-07-01 22:25,4581
2018-07-01 22:30,4554
2018-07-01 22:35,4511
2018-07-01 22:40,4466
2018-07-01 22:45,4430
2018-07-01 22:50,4404
2018-07-01 22:55,4373
2018-07-01 23:00,4340
2018-07-01 23:05,4304
2018-07-01 23:10,4267
2018-07-01 23:15,4250
2018-07-01 23:20,4235
2018-07-01 23:25,4191
2018-07-01 23:30,4143
2018-07-01 23:35,4093
2018-07-01 23:40,4046
2018-07-01 23:45,3987
2018-07-01 23:50,3956
2018-07-01 23:55,3938
2018-07-02 00:00,3934
2018-07-02 00:05,3933
2018-07-02 00:10,3868
2018-07-02 00:15,3866
2018-07-02 00:20,3865
2018-07-02 00:25,3837
2018-07-02 00:30,3832
2018-07-02 00:35,3830
2018-07-02 00:40,3841
2018-07-02 00:45,3812
2018-07-02 00:50,3785
2018-07-02 00:55,3749
2018-07-02 01:00,3732
2018-07-02 01:05,3696
2018-07-02 01:10,3679
2018-07-02 01:15,3695
2018-07-02 01:20,3691
2018-07-02 01:25,3694
2018-07-02 01:30,3678
2018-07-02 01:35,3646
2018-07-02 01:40,3629
2018-07-02 01:45,3606
2018-07-02 01:50,3592
2018-07-02 01:55,3565
2018-07-02 02:00,3555
2018-07-02 02:05,3527
2018-07-02 02:10,3516
2018-07-02 02:15,3546
2018-07-02 02:20,3514
2018-07-02 02:25,3510
2018-07-02 02:30,3496
2018-07-02 02:35,3482
2018-07-02 02:40,3470
2018-07-02 02:45,3425
2018-07-02 02:50,3416
2018-07-02 02:55,3402
2018-07-02 03:00,3378
2018-07-02 03:05,3339
2018-07-02 03:10,3315
2018-07-02 03:15,3270
2018-07-02 03:20,3246
2018-07-02 03:25,3231
2018-07-02 03:30,3215
2018-07-02 03:35,3186
2018-07-02 03:40,3149
2018-07-02 03:45,3105
2018-07-02 03:50,3067
2018-07-02 03:55,3063
2018-07-02 04:00,3047
2018-07-02 04:05,3014
2018-07-02 04:10,2968
2018-07-02 04:15,2946
2018-07-02 04:20,2923
2018-07-02 04:25,2899
2018-07-02 04:30,2882
2018-07-02 04:35,2854
2018-07-02 04:40,2829
2018-07-02 04:45,2801
2018-07-02 04:50,2799
2018-07-02 04:55,2790
2018-07-02 05:00,2769
2018-07-02 05:05,2760
2018-07-02 05:10,2734
2018-07-02 05:15,2725
2018-07-02 05:20,2718
2018-07-02 05:25,2697
2018-07-02 05:30,2686
2018-07-02 05:35,2693
2018-07-02 05:40,2688
2018-07-02 05:45,2661
2018-07-02 05:50,2656
2018-07-02 05:55,2623
2018-07-02 06:00,2632
2018-07-02 06:05,2604
2018-07-02 06:10,2602
2018-07-02 06:15,2606
2018-07-02 06:20,2613
2018-07-02 06:25,2627
2018-07-02 06:30,2618
2018-07-02 06:35,2626
2018-07-02 06:40,2611
2018-07-02 06:45,2595
2018-07-02 06:50,2580
2018-07-02 06:55,2582
2018-07-02 07:00,2553
2018-07-02 07:05,2552
2018-07-02 07:10,2563
2018-07-02 07:15,2580
2018-07-02 07:20,2590
2018-07-02 07:25,2616
2018-07-02 07:30,2639
2018-07-02 07:35,2657
2018-07-02 07:40,2689
2018-07-02 07:45,2692
2018-07-02 07:50,2687
2018-07-02 07:55,2720
2018-07-02 08:00,2739
2018-07-02 08:05,2753
2018-07-02 08:10,2779
2018-07-02 08:15,2775
2018-07-02 08:20,2774
2018-07-02 08:25,2779
2018-07-02 08:30,2815
2018-07-02 08:35,2846
2018-07-02 08:40,2824
2018-07-02 08:45,2816
2018-07-02 08:50,2828
2018-07-02 08:55,2847
2018-07-02 09:00,2862
2018-07-02 09:05,2875
2018-07-02 09:10,2867
2018-07-02 09:15,2883
2018-07-02 09:20,2908
2018-07-02 09:25,2909
2018-07-02 09:30,2931
2018-07-02 09:35,2959
2018-07-02 09:40,2969
2018-07-02 09:45,2987
2018-07-02 09:50,3027
2018-07-02 09:55,3048
2018-07-02 10:00,3077
2018-07-02 10:05,3153
2018-07-02 10:10,3187
2018-07-02 10:15,3245
2018-07-02 10:20,3305
2018-07-02 10:25,3338
2018-07-02 10:30,3394
2018-07-02 10:35,3406
2018-07-02 10:40,3416
2018-07-02 10:45,3413
2018-07-02 10:50,3426
2018-07-02 10:55,3436
2018-07-02 11:00,3450
2018-07-02 11:05,3456
2018-07-02 11:10,0
2018-07-02 11:15,3496
2018-07-02 11:20,3500
2018-07-02 11:25,3528
2018-07-02 11:30,3576
2018-07-02 11:35,3583
2018-07-02 11:40,3622
2018-07-02 11:45,3654
2018-07-02 11:50,3696
2018-07-02 11:55,3719
2018-07-02 12:00,3731
2018-07-02 12:05,3731
2018-07-02 12:10,3772
2018-07-02 12:15,3764
2018-07-02 12:20,3776
2018-07-02 12:25,3807
2018-07-02 12:30,3831
2018-07-02 12:35,3849
2018-07-02 12:40,3861
2018-07-02 12:45,3902
2018-07-02 12:50,3908
2018-07-02 12:55,3904
2018-07-02 13:00,3944
2018-07-02 13:05,3976
2018-07-02 13:10,3979
2018-07-02 13:15,3980
2018-07-02 13:20,4005
2018-07-02 13:25,4044
2018-07-02 13:30,4030
2018-07-02 13:35,4054
2018-07-02 13:40,4108
2018-07-02 13:45,4125
2018-07-02 13:50,4152
2018-07-02 13:55,4161
2018-07-02 14:00,4169
2018-07-02 14:05,4147
2018-07-02 14:10,4157
2018-07-02 14:15,4176
2018-07-02 14:20,4190
2018-07-02 14:25,4216
2018-07-02 14:30,4262
2018-07-02 14:35,4302
2018-07-02 14:40,4299
2018-07-02 14:45,4288
2018-07-02 14:50,4301
2018-07-02 14:55,4362
2018-07-02 15:00,4393
2018-07-02 15:05,4416
2018-07-02 15:10,4404
2018-07-02 15:15,4417
2018-07-02 15:20,4431
2018-07-02 15:25,4423
2018-07-02 15:30,4462
2018-07-02 15:35,4491
2018-07-02 15:40,4496
2018-07-02 15:45,4484
2018-07-02 15:50,4550
2018-07-02 15:55,4567
2018-07-02 16:00,4569
2018-07-02 16:05,4604
2018-07-02 16:10,4640
2018-07-02 16:15,4685
2018-07-02 16:20,4724
2018-07-02 16:25,4766
2018-07-02 16:30,4793
2018-07-02 16:35,4814
2018-07-02 16:40,4842
2018-07-02 16:45,4887
2018-07-02 16:50,4934
2018-07-02 16:55,4955
2018-07-02 17:00,5028
2018-07-02 17:05,5043
2018-07-02 17:10,5073
2018-07-02 17:15,5102
2018-07-02 17:20,5137
2018-07-02 17:25,5180
2018-07-02 17:30,5223
2018-07-02 17:35,5173
2018-07-02 17:40,5215
2018-07-02 17:45,5210
2018-07-02 17:50,5177
2018-07-02 17:55,5179
2018-07-02 18:00,5179
2018-07-02 18:05,5152
2018-07-02 18:10,5205
2018-07-02 18:15,5201
2018-07-02 18:20,5235
2018-07-02 18:25,5216
2018-07-02 18:30,5245
2018-07-02 18:35,5239
2018-07-02 18:40,5255
2018-07-02 18:45,5236
2018-07-02 18:50,5222
2018-07-02 18:55,5248
2018-07-02 19:00,5254
2018-07-02 19:05,5262
2018-07-02 19:10,5235
2018-07-02 19:15,5225
2018-07-02 19:20,5235
2018-07-02 19:25,5201
2018-07-02 19:30,5198
2018-07-02 19:35,5184
2018-07-02 19:40,5189
2018-07-02 19:45,5192
2018-07-02 19:50,5192
2018-07-02 19:55,5190
2018-07-02 20:00,5175
2018-07-02 20:05,5164
2018-07-02 20:10,5176
2018-07-02 20:15,5151
2018-07-02 20:20,5136
2018-07-02 20:25,5098
2018-07-02 20:30,5089
2018-07-02 20:35,5064
2018-07-02 20:40,4985
2018-07-02 20:45,4932
2018-07-02 20:50,4923
2018-07-02 20:55,4908
2018-07-02 21:00,4857
2018-07-02 21:05,4823
2018-07-02 21:10,4764
2018-07-02 21:15,4701
2018-07-02 21:20,4645
2018-07-02 21:25,4611
2018-07-02 21:30,4569
2018-07-02 21:35,4549
2018-07-02 21:40,4520
2018-07-02 21:45,4466
2018-07-02 21:50,4422
2018-07-02 21:55,4378
2018-07-02 22:00,4344
2018-07-02 22:05,4240
2018-07-02 22:10,4256
2018-07-02 22:15,4232
2018-07-02 22:20,4194
2018-07-02 22:25,4168
2018-07-02 22:30,4131
2018-07-02 22:35,4111
2018-07-02 22:40,4064
2018-07-02 22:45,4033
2018-07-02 22:50,4000
2018-07-02 22:55,3959
2018-07-02 23:00,3952
2018-07-02 23:05,3891
2018-07-02 23:10,3879
2018-07-02 23:15,3847
2018-07-02 23:20,3816
2018-07-02 23:25,3794
2018-07-02 23:30,3751
2018-07-02 23:35,3740
2018-07-02 23:40,3708
2018-07-02 23:45,3704
2018-07-02 23:50,3664
2018-07-02 23:55,3678
2018-07-03 00:00,3640
2018-07-03 00:05,3577
2018-07-03 00:10,3569
2018-07-03 00:15,3575
2018-07-03 00:20,3554
2018-07-03 00:25,3552
2018-07-03 00:30,3531
2018-07-03 00:35,3514
2018-07-03 00:40,3509
2018-07-03 00:45,3530
2018-07-03 00:50,3535
2018-07-03 00:55,3519
2018-07-03 01:00,3504
2018-07-03 01:05,3503
2018-07-03 01:10,3467
2018-07-03 01:15,3470
2018-07-03 01:20,3459
2018-07-03 01:25,3466
2018-07-03 01:30,3483
2018-07-03 01:35,3466
2018-07-03 01:40,3436
2018-07-03 01:45,3460
2018-07-03 01:50,3424
2018-07-03 01:55,3408
2018-07-03 02:00,3402
2018-07-03 02:05,3345
2018-07-03 02:10,3348
2018-07-03 02:15,3342
2018-07-03 02:20,3301
2018-07-03 02:25,3246
2018-07-03 02:30,3214
2018-07-03 02:35,3192
2018-07-03 02:40,3181
2018-07-03 02:45,3141
2018-07-03 02:50,3132
2018-07-03 02:55,3123
2018-07-03 03:00,3095
2018-07-03 03:05,3083
2018-07-03 03:10,3048
2018-07-03 03:15,3022
2018-07-03 03:20,3000
2018-07-03 03:25,2988
2018-07-03 03:30,2961
2018-07-03 03:35,2932
2018-07-03 03:40,2895
2018-07-03 03:45,2867
2018-07-03 03:50,2838
2018-07-03 03:55,2819
2018-07-03 04:00,2775
2018-07-03 04:05,2718
2018-07-03 04:10,2741
2018-07-03 04:15,2707
2018-07-03 04:20,2674
2018-07-03 04:25,2669
2018-07-03 04:30,2691
2018-07-03 04:35,2670
2018-07-03 04:40,2659
2018-07-03 04:45,2634
2018-07-03 04:50,2640
2018-07-03 04:55,2617
2018-07-03 05:00,2571
2018-07-03 05:05,2568
2018-07-03 05:10,2525
2018-07-03 05:15,2514
2018-07-03 05:20,2518
2018-07-03 05:25,2493
2018-07-03 05:30,2458
2018-07-03 05:35,2477
2018-07-03 05:40,2468
2018-07-03 05:45,2454
2018-07-03 05:50,2424
2018-07-03 05:55,2417
2018-07-03 06:00,2422
2018-07-03 06:05,2393
2018-07-03 06:10,2430
2018-07-03 06:15,2412
2018-07-03 06:20,2428
2018-07-03 06:25,2420
2018-07-03 06:30,2405
2018-07-03 06:35,2407
2018-07-03 06:40,2424
2018-07-03 06:45,2448
2018-07-03 06:50,2455
2018-07-03 06:55,2446
2018-07-03 07:00,2433
2018-07-03 07:05,2460
2018-07-03 07:10,2459
2018-07-03 07:15,2470
2018-07-03 07:20,2486
2018-07-03 07:25,2492
2018-07-03 07:30,2485
2018-07-03 07:35,2512
2018-07-03 07:40,2528
2018-07-03 07:45,2525
2018-07-03 07:50,2523
2018-07-03 07:55,2551
2018-07-03 08:00,2538
2018-07-03 08:05,2501
2018-07-03 08:10,2532
2018-07-03 08:15,2555
2018-07-03 08:20,2565
2018-07-03 08:25,2586
2018-07-03 08:30,2606
2018-07-03 08:35,2634
2018-07-03 08:40,2664
2018-07-03 08:45,2698
2018-07-03 08:50,2698
2018-07-03 08:55,2724
2018-07-03 09:00,2748
2018-07-03 09:05,2782
2018-07-03 09:10,2776
2018-07-03 09:15,2769
2018-07-03 09:20,2776
2018-07-03 09:25,2777
2018-07-03 09:30,2816
2018-07-03 09:35,2820
2018-07-03 09:40,2830
2018-07-03 09:45,2861
2018-07-03 09:50,2896
2018-07-03 09:55,2893
2018-07-03 10:00,2890
2018-07-03 10:05,2868
2018-07-03 10:10,2951
2018-07-03 10:15,2975
2018-07-03 10:20,3020
2018-07-03 10:25,3045
2018-07-03 10:30,3068
2018-07-03 10:35,3080
2018-07-03 10:40,3088
2018-07-03 10:45,3117
2018-07-03 10:50,3129
2018-07-03 10:55,3153
2018-07-03 11:00,3143
2018-07-03 11:05,3192
2018-07-03 11:10,3214
2018-07-03 11:15,3234
2018-07-03 11:20,3261
2018-07-03 11:25,3289
2018-07-03 11:30,3283
2018-07-03 11:35,3297
2018-07-03 11:40,3302
2018-07-03 11:45,3304
2018-07-03 11:50,3300
2018-07-03 11:55,3323
2018-07-03 12:00,3345
2018-07-03 12:05,3317
2018-07-03 12:10,3354
2018-07-03 12:15,3400
2018-07-03 12:20,3439
2018-07-03 12:25,3442
2018-07-03 12:30,3466
2018-07-03 12:35,3485
2018-07-03 12:40,3508
2018-07-03 12:45,3521
2018-07-03 12:50,3526
2018-07-03 12:55,3517
2018-07-03 13:00,3502
2018-07-03 13:05,3503
2018-07-03 13:10,3520
2018-07-03 13:15,3542
2018-07-03 13:20,3565
2018-07-03 13:25,3578
2018-07-03 13:30,3612
2018-07-03 13:35,3606
2018-07-03 13:40,3587
2018-07-03 13:45,3557
2018-07-03 13:50,3510
2018-07-03 13:55,3462
2018-07-03 14:00,3217
2018-07-03 14:05,2802
2018-07-03 14:10,2267
2018-07-03 14:15,2205
2018-07-03 14:20,2204
2018-07-03 14:25,2241
2018-07-03 14:30,2269
2018-07-03 14:35,2289
2018-07-03 14:40,2280
2018-07-03 14:45,2270
2018-07-03 14:50,2293
2018-07-03 14:55,2305
2018-07-03 15:00,2334
2018-07-03 15:05,2372
2018-07-03 15:10,2382
2018-07-03 15:15,2592
2018-07-03 15:20,2770
2018-07-03 15:25,2935
2018-07-03 15:30,3080
2018-07-03 15:35,3231
2018-07-03 15:40,3337
2018-07-03 15:45,3471
2018-07-03 15:50,3584
2018-07-03 15:55,3695
2018-07-03 16:00,3790
2018-07-03 16:05,3881
2018-07-03 16:10,4028
2018-07-03 16:15,4190
2018-07-03 16:20,4236
2018-07-03 16:25,4334
2018-07-03 16:30,4397
2018-07-03 16:35,4466
2018-07-03 16:40,4527
2018-07-03 16:45,4616
2018-07-03 16:50,4635
2018-07-03 16:55,4728
2018-07-03 17:00,4769
2018-07-03 17:05,4787
2018-07-03 17:10,4847
2018-07-03 17:15,4879
2018-07-03 17:20,4887
2018-07-03 17:25,4879
2018-07-03 17:30,4892
2018-07-03 17:35,4930
2018-07-03 17:40,4948
2018-07-03 17:45,4954
2018-07-03 17:50,4973
2018-07-03 17:55,4985
2018-07-03 18:00,4967
2018-07-03 18:05,4960
2018-07-03 18:10,4960
2018-07-03 18:15,4976
2018-07-03 18:20,4921
2018-07-03 18:25,4905
2018-07-03 18:30,4913
2018-07-03 18:35,4896
2018-07-03 18:40,4936
2018-07-03 18:45,4932
2018-07-03 18:50,4960
2018-07-03 18:55,4985
2018-07-03 19:00,5018
2018-07-03 19:05,5068
2018-07-03 19:10,5100
2018-07-03 19:15,5060
2018-07-03 19:20,5071
2018-07-03 19:25,5049
2018-07-03 19:30,5032
2018-07-03 19:35,5019
2018-07-03 19:40,4996
2018-07-03 19:45,4986
2018-07-03 19:50,4976
2018-07-03 19:55,4973
2018-07-03 20:00,4946
2018-07-03 20:05,4894
2018-07-03 20:10,4908
2018-07-03 20:15,4885
2018-07-03 20:20,4834
2018-07-03 20:25,4784
2018-07-03 20:30,4795
2018-07-03 20:35,4754
2018-07-03 20:40,0
2018-07-03 20:45,4668
2018-07-03 20:50,4619
2018-07-03 20:55,4572
2018-07-03 21:00,4555
2018-07-03 21:05,4556
2018-07-03 21:10,4529
2018-07-03 21:15,4481
2018-07-03 21:20,4445
2018-07-03 21:25,4417
2018-07-03 21:30,4359
2018-07-03 21:35,4341
2018-07-03 21:40,4321
2018-07-03 21:45,4318
2018-07-03 21:50,4296
2018-07-03 21:55,4270
2018-07-03 22:00,4225
2018-07-03 22:05,4172
2018-07-03 22:10,4136
2018-07-03 22:15,4088
2018-07-03 22:20,4045
2018-07-03 22:25,3700
2018-07-03 22:30,2922
2018-07-03 22:35,2687
2018-07-03 22:40,2584
2018-07-03 22:45,2491
2018-07-03 22:50,2459
2018-07-03 22:55,2394
2018-07-03 23:00,2283
2018-07-03 23:05,2265
2018-07-03 23:10,2217
2018-07-03 23:15,2176
2018-07-03 23:20,2340
2018-07-03 23:25,2568
2018-07-03 23:30,2704
2018-07-03 23:35,2837
2018-07-03 23:40,2929
2018-07-03 23:45,2997
2018-07-03 23:50,3046
2018-07-03 23:55,3102
2018-07-04 00:00,3118
2018-07-04 00:05,3052
2018-07-04 00:10,3108
2018-07-04 00:15,3185
2018-07-04 00:20,3175
2018-07-04 00:25,3205
2018-07-04 00:30,3242
2018-07-04 00:35,3260
2018-07-04 00:40,3292
2018-07-04 00:45,3279
2018-07-04 00:50,3281
2018-07-04 00:55,3299
2018-07-04 01:00,3317
2018-07-04 01:05,3303
2018-07-04 01:10,3305
2018-07-04 01:15,3321
2018-07-04 01:20,3336
2018-07-04 01:25,3314
2018-07-04 01:30,3286
2018-07-04 01:35,3294
2018-07-04 01:40,3305
2018-07-04 01:45,3273
2018-07-04 01:50,3245
2018-07-04 01:55,3239
2018-07-04 02:00,3244
2018-07-04 02:05,3259
2018-07-04 02:10,3260
2018-07-04 02:15,3262
2018-07-04 02:20,3254
2018-07-04 02:25,3255
2018-07-04 02:30,3248
2018-07-04 02:35,3230
2018-07-04 02:40,3224
2018-07-04 02:45,3196
2018-07-04 02:50,3185
2018-07-04 02:55,3150
2018-07-04 03:00,3106
2018-07-04 03:05,3061
2018-07-04 03:10,3066
2018-07-04 03:15,3038
2018-07-04 03:20,3020
2018-07-04 03:25,3017
2018-07-04 03:30,2999
2018-07-04 03:35,2974
2018-07-04 03:40,2973
2018-07-04 03:45,2968
2018-07-04 03:50,2948
2018-07-04 03:55,2915
2018-07-04 04:00,2897
2018-07-04 04:05,2872
2018-07-04 04:10,2841
2018-07-04 04:15,2814
2018-07-04 04:20,2810
2018-07-04 04:25,2793
2018-07-04 04:30,2789
2018-07-04 04:35,2772
2018-07-04 04:40,2754
2018-07-04 04:45,2741
2018-07-04 04:50,2747
2018-07-04 04:55,2736
2018-07-04 05:00,2711
2018-07-04 05:05,2718
2018-07-04 05:10,2726
2018-07-04 05:15,2697
2018-07-04 05:20,2677
2018-07-04 05:25,2662
2018-07-04 05:30,2618
2018-07-04 05:35,2595
2018-07-04 05:40,2623
2018-07-04 05:45,2603
2018-07-04 05:50,2598
2018-07-04 05:55,2566
2018-07-04 06:00,2571
2018-07-04 06:05,2562
2018-07-04 06:10,2555
2018-07-04 06:15,2547
2018-07-04 06:20,2540
2018-07-04 06:25,2533
2018-07-04 06:30,2524
2018-07-04 06:35,2523
2018-07-04 06:40,2535
2018-07-04 06:45,2525
2018-07-04 06:50,2522
2018-07-04 06:55,2539
2018-07-04 07:00,2569
2018-07-04 07:05,2573
2018-07-04 07:10,2572
2018-07-04 07:15,2551
2018-07-04 07:20,2531
2018-07-04 07:25,2529
2018-07-04 07:30,2549
2018-07-04 07:35,2564
2018-07-04 07:40,2601
2018-07-04 07:45,2609
2018-07-04 07:50,2624
2018-07-04 07:55,2623
2018-07-04 08:00,2641
2018-07-04 08:05,2646
2018-07-04 08:10,2671
2018-07-04 08:15,2669
2018-07-04 08:20,2691
2018-07-04 08:25,2713
2018-07-04 08:30,2725
2018-07-04 08:35,2754
2018-07-04 08:40,2754
2018-07-04 08:45,2762
2018-07-04 08:50,2780
2018-07-04 08:55,2796
2018-07-04 09:00,2808
2018-07-04 09:05,2826
2018-07-04 09:10,2847
2018-07-04 09:15,2861
2018-07-04 09:20,2871
2018-07-04 09:25,2889
2018-07-04 09:30,2900
2018-07-04 09:35,2926
2018-07-04 09:40,2914
2018-07-04 09:45,2930
2018-07-04 09:50,2947
2018-07-04 09:55,2979
2018-07-04 10:00,3032
2018-07-04 10:05,3072
2018-07-04 10:10,3091
2018-07-04 10:15,3108
2018-07-04 10:20,3130
2018-07-04 10:25,3179
2018-07-04 10:30,3166
2018-07-04 10:35,3194
2018-07-04 10:40,3202
2018-07-04 10:45,3202
2018-07-04 10:50,3246
2018-07-04 10:55,3241
2018-07-04 11:00,3271
2018-07-04 11:05,3265
2018-07-04 11:10,3275
2018-07-04 11:15,3284
2018-07-04 11:20,3283
2018-07-04 11:25,3289
2018-07-04 11:30,3289
2018-07-04 11:35,3326
2018-07-04 11:40,3352
2018-07-04 11:45,3349
2018-07-04 11:50,3392
2018-07-04 11:55,3409
2018-07-04 12:00,3440
2018-07-04 12:05,3478
2018-07-04 12:10,3501
2018-07-04 12:15,3506
2018-07-04 12:20,3518
2018-07-04 12:25,3548
2018-07-04 12:30,3584
2018-07-04 12:35,3611
2018-07-04 12:40,3661
2018-07-04 12:45,3690
2018-07-04 12:50,3682
2018-07-04 12:55,3710
2018-07-04 13:00,3733
2018-07-04 13:05,3767
2018-07-04 13:10,
2018-07-04 13:15,
2018-07-04 13:20,3795
2018-07-04 13:25,3823
2018-07-04 13:30,3882
2018-07-04 13:35,3893
2018-07-04 13:40,3905
2018-07-04 13:45,3950
2018-07-04 13:50,3973
2018-07-04 13:55,3961
2018-07-04 14:00,3999
2018-07-04 14:05,4019
2018-07-04 14:10,4020
2018-07-04 14:15,4022
2018-07-04 14:20,4043
2018-07-04 14:25,4067
2018-07-04 14:30,4112
2018-07-04 14:35,4173
2018-07-04 14:40,4209
2018-07-04 14:45,4241
2018-07-04 14:50,4229
2018-07-04 14:55,4249
2018-07-04 15:00,4321
2018-07-04 15:05,4338
2018-07-04 15:10,4376
2018-07-04 15:15,4426
2018-07-04 15:20,4450
2018-07-04 15:25,4492
2018-07-04 15:30,4513
2018-07-04 15:35,4533
2018-07-04 15:40,4594
2018-07-04 15:45,4599
2018-07-04 15:50,4651
2018-07-04 15:55,4674
2018-07-04 16:00,4694
2018-07-04 16:05,4748
2018-07-04 16:10,4759
2018-07-04 16:15,4773
2018-07-04 16:20,4808
2018-07-04 16:25,4797
2018-07-04 16:30,4832
2018-07-04 16:35,4867
2018-07-04 16:40,4847
2018-07-04 16:45,4872
2018-07-04 16:50,4919
2018-07-04 16:55,4952
2018-07-04 17:00,4953
2018-07-04 17:05,
2018-07-04 17:10,
2018-07-04 17:15,
2018-07-04 17:20,5028
2018-07-04 17:25,5016
2018-07-04 17:30,5015
2018-07-04 17:35,5058
2018-07-04 17:40,5065
2018-07-04 17:45,5111
2018-07-04 17:50,5110
2018-07-04 17:55,5111
2018-07-04 18:00,5092
2018-07-04 18:05,5071
2018-07-04 18:10,5111
2018-07-04 18:15,5151
2018-07-04 18:20,5199
2018-07-04 18:25,5206
2018-07-04 18:30,5213
2018-07-04 18:35,5244
2018-07-04 18:40,5189
2018-07-04 18:45,5205
2018-07-04 18:50,5199
2018-07-04 18:55,5167
2018-07-04 19:00,5187
2018-07-04 19:05,5183
2018-07-04 19:10,5177
2018-07-04 19:15,5174
2018-07-04 19:20,5154
2018-07-04 19:25,5169
2018-07-04 19:30,5149
2018-07-04 19:35,5168
2018-07-04 19:40,5162
2018-07-04 19:45,5198
2018-07-04 19:50,5194
2018-07-04 19:55,5174
2018-07-04 20:00,5182
2018-07-04 20:05,5168
2018-07-04 20:10,5137
2018-07-04 20:15,5079
2018-07-04 20:20,5026
2018-07-04 20:25,4985
2018-07-04 20:30,4976
2018-07-04 20:35,4934
2018-07-04 20:40,4914
2018-07-04 20:45,4899
2018-07-04 20:50,4854
2018-07-04 20:55,4798
2018-07-04 21:00,4758
2018-07-04 21:05,4727
2018-07-04 21:10,4655
2018-07-04 21:15,4604
2018-07-04 21:20,4513
2018-07-04 21:25,4492
2018-07-04 21:30,4463
2018-07-04 21:35,4443
2018-07-04 21:40,4401
2018-07-04 21:45,4368
2018-07-04 21:50,4313
2018-07-04 21:55,4264
2018-07-04 22:00,4236
2018-07-04 22:05,4204
2018-07-04 22:10,4170
2018-07-04 22:15,4137
2018-07-04 22:20,4088
2018-07-04 22:25,4049
2018-07-04 22:30,4010
2018-07-04 22:35,3959
2018-07-04 22:40,3932
2018-07-04 22:45,3872
2018-07-04 22:50,3819
2018-07-04 22:55,3809
2018-07-04 23:00,3799
2018-07-04 23:05,3778
2018-07-04 23:10,3756
2018-07-04 23:15,3734
2018-07-04 23:20,3712
2018-07-04 23:25,3690
2018-07-04 23:30,3653
2018-07-04 23:35,3645
2018-07-04 23:40,3630
2018-07-04 23:45,3637
2018-07-04 23:50,3606
2018-07-04 23:55,3586
2018-07-05 00:00,3521
2018-07-05 00:05,3497
2018-07-05 00:10,3484
2018-07-05 00:15,3469
2018-07-05 00:20,3417
2018-07-05 00:25,3381
2018-07-05 00:30,3390
2018-07-05 00:35,3391
2018-07-05 00:40,3364
2018-07-05 00:45,3360
2018-07-05 00:50,3317
2018-07-05 00:55,3309
2018-07-05 01:00,3291
2018-07-05 01:05,3291
2018-07-05 01:10,3248
2018-07-05 01:15,3258
2018-07-05 01:20,3231
2018-07-05 01:25,3221
2018-07-05 01:30,3166
2018-07-05 01:35,3154
2018-07-05 01:40,3163
2018-07-05 01:45,3147
2018-07-05 01:50,3130
2018-07-05 01:55,3130
2018-07-05 02:00,3116
2018-07-05 02:05,3101
2018-07-05 02:10,3080
2018-07-05 02:15,3070
2018-07-05 02:20,3050
2018-07-05 02:25,3054
2018-07-05 02:30,3041
2018-07-05 02:35,3011
2018-07-05 02:40,2994
2018-07-05 02:45,2987
2018-07-05 02:50,2981
2018-07-05 02:55,2946
2018-07-05 03:00,2923
2018-07-05 03:05,2916
2018-07-05 03:10,2879
2018-07-05 03:15,2845
2018-07-05 03:20,2809
2018-07-05 03:25,2781
2018-07-05 03:30,2738
2018-07-05 03:35,2687
2018-07-05 03:40,2689
2018-07-05 03:45,2656
2018-07-05 03:50,2654
2018-07-05 03:55,2649
2018-07-05 04:00,2636
2018-07-05 04:05,2624
2018-07-05 04:10,2603
2018-07-05 04:15,2576
2018-07-05 04:20,2554
2018-07-05 04:25,2516
2018-07-05 04:30,2495
2018-07-05 04:35,2476
2018-07-05 04:40,2470
2018-07-05 04:45,2434
2018-07-05 04:50,2422
2018-07-05 04:55,2397
2018-07-05 05:00,2381
2018-07-05 05:05,2349
2018-07-05 05:10,2328
2018-07-05 05:15,2322
2018-07-05 05:20,2317
2018-07-05 05:25,2322
2018-07-05 05:30,2316
2018-07-05 05:35,2333
2018-07-05 05:40,2316
2018-07-05 05:45,2311
2018-07-05 05:50,2300
2018-07-05 05:55,2298
2018-07-05 06:00,2303
2018-07-05 06:05,2291
2018-07-05 06:10,2293
2018-07-05 06:15,2310
2018-07-05 06:20,2273
2018-07-05 06:25,2275
2018-07-05 06:30,2262
2018-07-05 06:35,2279
2018-07-05 06:40,2295
2018-07-05 06:45,2311
2018-07-05 06:50,2320
2018-07-05 06:55,2322
2018-07-05 07:00,2307
2018-07-05 07:05,2316
2018-07-05 07:10,2312
2018-07-05 07:15,2316
2018-07-05 07:20,2299
2018-07-05 07:25,2296
2018-07-05 07:30,2305
2018-07-05 07:35,2321
2018-07-05 07:40,2337
2018-07-05 07:45,2362
2018-07-05 07:50,2355
2018-07-05 07:55,2379
2018-07-05 08:00,2440
2018-07-05 08:05,2445
2018-07-05 08:10,2479
2018-07-05 08:15,2498
2018-07-05 08:20,2502
2018-07-05 08:25,2490
2018-07-05 08:30,2512
2018-07-05 08:35,2526
2018-07-05 08:40,2563
2018-07-05 08:45,2573
2018-07-05 08:50,2564
2018-07-05 08:55,2581
2018-07-05 09:00,2584
2018-07-05 09:05,2622
2018-07-05 09:10,2629
2018-07-05 09:15,2657
2018-07-05 09:20,2687
2018-07-05 09:25,2711
2018-07-05 09:30,2736
2018-07-05 09:35,2771
2018-07-05 09:40,2785
2018-07-05 09:45,2808
2018-07-05 09:50,2801
2018-07-05 09:55,2813
2018-07-05 10:00,2851
2018-07-05 10:05,2865
2018-07-05 10:10,2900
2018-07-05 10:15,2944
2018-07-05 10:20,2957
2018-07-05 10:25,2957
2018-07-05 10:30,2979
2018-07-05 10:35,2960
2018-07-05 10:40,3004
2018-07-05 10:45,3025
2018-07-05 10:50,3028
2018-07-05 10:55,3021
2018-07-05 11:00,3021
2018-07-05 11:05,3040
2018-07-05 11:10,3080
2018-07-05 11:15,3086
2018-07-05 11:20,3096
2018-07-05 11:25,3119
2018-07-05 11:30,3127
2018-07-05 11:35,3157
2018-07-05 11:40,3183
2018-07-05 11:45,3235
2018-07-05 11:50,3245
2018-07-05 11:55,3279
2018-07-05 12:00,3303
2018-07-05 12:05,3292
2018-07-05 12:10,3348
2018-07-05 12:15,3375
2018-07-05 12:20,3393
2018-07-05 12:25,3395
2018-07-05 12:30,3417
2018-07-05 12:35,3408
2018-07-05 12:40,3407
2018-07-05 12:45,3418
2018-07-05 12:50,3416
2018-07-05 12:55,3422
2018-07-05 13:00,3444
2018-07-05 13:05,3478
2018-07-05 13:10,3504
2018-07-05 13:15,3526
2018-07-05 13:20,3523
2018-07-05 13:25,3531
2018-07-05 13:30,3527
2018-07-05 13:35,3562
2018-07-05 13:40,3609
2018-07-05 13:45,3596
2018-07-05 13:50,3607
2018-07-05 13:55,3610
2018-07-05 14:00,3628
2018-07-05 14:05,3624
2018-07-05 14:10,3633
2018-07-05 14:15,3704
2018-07-05 14:20,3714
2018-07-05 14:25,3735
2018-07-05 14:30,3774
2018-07-05 14:35,3787
2018-07-05 14:40,3803
2018-07-05 14:45,3837
2018-07-05 14:50,3835
2018-07-05 14:55,3849
2018-07-05 15:00,3877
2018-07-05 15:05,3882
2018-07-05 15:10,3914
2018-07-05 15:15,3960
2018-07-05 15:20,3968
2018-07-05 15:25,3991
2018-07-05 15:30,4024
2018-07-05 15:35,4031
2018-07-05 15:40,4083
2018-07-05 15:45,4110
2018-07-05 15:50,4125
2018-07-05 15:55,4100
2018-07-05 16:00,4102
2018-07-05 16:05,4123
2018-07-05 16:10,4191
2018-07-05 16:15,4213
2018-07-05 16:20,4215
2018-07-05 16:25,4201
2018-07-05 16:30,4207
2018-07-05 16:35,4234
2018-07-05 16:40,4233
2018-07-05 16:45,4257
2018-07-05 16:50,4263
2018-07-05 16:55,4268
2018-07-05 17:00,4291
2018-07-05 17:05,4282
2018-07-05 17:10,4303
2018-07-05 17:15,4251
2018-07-05 17:20,4256
2018-07-05 17:25,4296
2018-07-05 17:30,4326
2018-07-05 17:35,4330
2018-07-05 17:40,4372
2018-07-05 17:45,4406
2018-07-05 17:50,4424
2018-07-05 17:55,4451
2018-07-05 18:00,4480
2018-07-05 18:05,4496
2018-07-05 18:10,4545
2018-07-05 18:15,4566
2018-07-05 18:20,4534
2018-07-05 18:25,4518
2018-07-05 18:30,4516
2018-07-05 18:35,4527
2018-07-05 18:40,4559
2018-07-05 18:45,4552
2018-07-05 18:50,4547
2018-07-05 18:55,4511
2018-07-05 19:00,4526
2018-07-05 19:05,4558
2018-07-05 19:10,4593
2018-07-05 19:15,4619
2018-07-05 19:20,4660
2018-07-05 19:25,4667
2018-07-05 19:30,4674
2018-07-05 19:35,4688
2018-07-05 19:40,4675
2018-07-05 19:45,4680
2018-07-05 19:50,4685
2018-07-05 19:55,4676
2018-07-05 20:00,4667
2018-07-05 20:05,4610
2018-07-05 20:10,4613
2018-07-05 20:15,4591
2018-07-05 20:20,4539
2018-07-05 20:25,4526
2018-07-05 20:30,4517
2018-07-05 20:35,4518
2018-07-05 20:40,4464
2018-07-05 20:45,4464
2018-07-05 20:50,4442
2018-07-05 20:55,4422
2018-07-05 21:00,4381
2018-07-05 21:05,4346
2018-07-05 21:10,4316
2018-07-05 21:15,4304
2018-07-05 21:20,4247
2018-07-05 21:25,4197
2018-07-05 21:30,4160
2018-07-05 21:35,4138
2018-07-05 21:40,4110
2018-07-05 21:45,4067
2018-07-05 21:50,4006
2018-07-05 21:55,3960
2018-07-05 22:00,3937
2018-07-05 22:05,3873
2018-07-05 22:10,3884
2018-07-05 22:15,3834
2018-07-05 22:20,3769
2018-07-05 22:25,3730
2018-07-05 22:30,3730
2018-07-05 22:35,3687
2018-07-05 22:40,3655
2018-07-05 22:45,3646
2018-07-05 22:50,3627
2018-07-05 22:55,3600
2018-07-05 23:00,3584
2018-07-05 23:05,3561
2018-07-05 23:10,3558
2018-07-05 23:15,3519
2018-07-05 23:20,3479
2018-07-05 23:25,3466
2018-07-05 23:30,3469
2018-07-05 23:35,3443
2018-07-05 23:40,3456
2018-07-05 23:45,3433
2018-07-05 23:50,3417
2018-07-05 23:55,3400
2018-07-06 00:00,3390
2018-07-06 00:05,3366
2018-07-06 00:10,3394
2018-07-06 00:15,3390
2018-07-06 00:20,3332
2018-07-06 00:25,3340
2018-07-06 00:30,3359
2018-07-06 00:35,3365
2018-07-06 00:40,3356
2018-07-06 00:45,3352
2018-07-06 00:50,3351
2018-07-06 00:55,3326
2018-07-06 01:00,3300
2018-07-06 01:05,3288
2018-07-06 01:10,3238
2018-07-06 01:15,3220
2018-07-06 01:20,3208
2018-07-06 01:25,3189
2018-07-06 01:30,3202
2018-07-06 01:35,3209
2018-07-06 01:40,3209
2018-07-06 01:45,3186
2018-07-06 01:50,3169
2018-07-06 01:55,3176
2018-07-06 02:00,3121
2018-07-06 02:05,3056
2018-07-06 02:10,3074
2018-07-06 02:15,3085
2018-07-06 02:20,3071
2018-07-06 02:25,3017
2018-07-06 02:30,2982
2018-07-06 02:35,2967
2018-07-06 02:40,2961
2018-07-06 02:45,2937
2018-07-06 02:50,2918
2018-07-06 02:55,2889
2018-07-06 03:00,2884
2018-07-06 03:05,2872
2018-07-06 03:10,2879
2018-07-06 03:15,2864
2018-07-06 03:20,2841
2018-07-06 03:25,2813
2018-07-06 03:30,2782
2018-07-06 03:35,2751
2018-07-06 03:40,2761
2018-07-06 03:45,2733
2018-07-06 03:50,2729
2018-07-06 03:55,2716
2018-07-06 04:00,2684
2018-07-06 04:05,2650
2018-07-06 04:10,2650
2018-07-06 04:15,2615
2018-07-06 04:20,2582
2018-07-06 04:25,2545
2018-07-06 04:30,2533
2018-07-06 04:35,2525
2018-07-06 04:40,2512
2018-07-06 04:45,2493
2018-07-06 04:50,2462
2018-07-06 04:55,2484
2018-07-06 05:00,2458
2018-07-06 05:05,2428
2018-07-06 05:10,2408
2018-07-06 05:15,2429
2018-07-06 05:20,2404
2018-07-06 05:25,2378
2018-07-06 05:30,2367
2018-07-06 05:35,2381
2018-07-06 05:40,2345
2018-07-06 05:45,2357
2018-07-06 05:50,2321
2018-07-06 05:55,2297
2018-07-06 06:00,2296
2018-07-06 06:05,2278
2018-07-06 06:10,2286
2018-07-06 06:15,2339
2018-07-06 06:20,2325
2018-07-06 06:25,2325
2018-07-06 06:30,2316
2018-07-06 06:35,2296
2018-07-06 06:40,2287
2018-07-06 06:45,2290
2018-07-06 06:50,2272
2018-07-06 06:55,2283
2018-07-06 07:00,2294
2018-07-06 07:05,2309
2018-07-06 07:10,2322
2018-07-06 07:15,2337
2018-07-06 07:20,2340
2018-07-06 07:25,2322
2018-07-06 07:30,2353
2018-07-06 07:35,2378
2018-07-06 07:40,2394
2018-07-06 07:45,2421
2018-07-06 07:50,2418
2018-07-06 07:55,2436
2018-07-06 08:00,2432
2018-07-06 08:05,2432
2018-07-06 08:10,2461
2018-07-06 08:15,2486
2018-07-06 08:20,2492
2018-07-06 08:25,2509
2018-07-06 08:30,2535
2018-07-06 08:35,2547
2018-07-06 08:40,2557
2018-07-06 08:45,2582
2018-07-06 08:50,2591
2018-07-06 08:55,2621
2018-07-06 09:00,2627
2018-07-06 09:05,2648
2018-07-06 09:10,2638
2018-07-06 09:15,2638
2018-07-06 09:20,2658
2018-07-06 09:25,2680
2018-07-06 09:30,2733
2018-07-06 09:35,2743
2018-07-06 09:40,2742
2018-07-06 09:45,2722
2018-07-06 09:50,2729
2018-07-06 09:55,2700
2018-07-06 10:00,2714
2018-07-06 10:05,2756
2018-07-06 10:10,2786
2018-07-06 10:15,2832
2018-07-06 10:20,2814
2018-07-06 10:25,2861
2018-07-06 10:30,2865
2018-07-06 10:35,2901
2018-07-06 10:40,2937
2018-07-06 10:45,2976
2018-07-06 10:50,2983
2018-07-06 10:55,3007
2018-07-06 11:00,3039
2018-07-06 11:05,3048
2018-07-06 11:10,3072
2018-07-06 11:15,3092
2018-07-06 11:20,3098
2018-07-06 11:25,3103
2018-07-06 11:30,3114
2018-07-06 11:35,3116
2018-07-06 11:40,3138
2018-07-06 11:45,3151
2018-07-06 11:50,3153
2018-07-06 11:55,3192
2018-07-06 12:00,3218
2018-07-06 12:05,3216
2018-07-06 12:10,3233
2018-07-06 12:15,3245
2018-07-06 12:20,3232
2018-07-06 12:25,3261
2018-07-06 12:30,3346
2018-07-06 12:35,3387
2018-07-06 12:40,3448
2018-07-06 12:45,3460
2018-07-06 12:50,3474
2018-07-06 12:55,3486
2018-07-06 13:00,3523
2018-07-06 13:05,3528
2018-07-06 13:10,3519
2018-07-06 13:15,3526
2018-07-06 13:20,3532
2018-07-06 13:25,3549
2018-07-06 13:30,3555
2018-07-06 13:35,3583
2018-07-06 13:40,3574
2018-07-06 13:45,3585
2018-07-06 13:50,3555
2018-07-06 13:55,3479
2018-07-06 14:00,3347
2018-07-06 14:05,2950
2018-07-06 14:10,2265
2018-07-06 14:15,2198
2018-07-06 14:20,2180
2018-07-06 14:25,2199
2018-07-06 14:30,2192
2018-07-06 14:35,2215
2018-07-06 14:40,2202
2018-07-06 14:45,2200
2018-07-06 14:50,2223
2018-07-06 14:55,2162
2018-07-06 15:00,2191
2018-07-06 15:05,2225
2018-07-06 15:10,2391
2018-07-06 15:15,2550
2018-07-06 15:20,2687
2018-07-06 15:25,2812
2018-07-06 15:30,2926
2018-07-06 15:35,3038
2018-07-06 15:40,3144
2018-07-06 15:45,3247
2018-07-06 15:50,3348
2018-07-06 15:55,3445
2018-07-06 16:00,3550
2018-07-06 16:05,3611
2018-07-06 16:10,3826
2018-07-06 16:15,3980
2018-07-06 16:20,4039
2018-07-06 16:25,4091
2018-07-06 16:30,4129
2018-07-06 16:35,4195
2018-07-06 16:40,4249
2018-07-06 16:45,4300
2018-07-06 16:50,4360
2018-07-06 16:55,4407
2018-07-06 17:00,4475
2018-07-06 17:05,4506
2018-07-06 17:10,4574
2018-07-06 17:15,4618
2018-07-06 17:20,4639
2018-07-06 17:25,4657
2018-07-06 17:30,4704
2018-07-06 17:35,4735
2018-07-06 17:40,4761
2018-07-06 17:45,4790
2018-07-06 17:50,4792
2018-07-06 17:55,4778
2018-07-06 18:00,4784
2018-07-06 18:05,4762
2018-07-06 18:10,4772
2018-07-06 18:15,4786
2018-07-06 18:20,4781
2018-07-06 18:25,4768
2018-07-06 18:30,4760
2018-07-06 18:35,4798
2018-07-06 18:40,4808
2018-07-06 18:45,4828
2018-07-06 18:50,4812
2018-07-06 18:55,4834
2018-07-06 19:00,4866
2018-07-06 19:05,4864
2018-07-06 19:10,4872
2018-07-06 19:15,4872
2018-07-06 19:20,4830
2018-07-06 19:25,4867
2018-07-06 19:30,4896
2018-07-06 19:35,4831
2018-07-06 19:40,4794
2018-07-06 19:45,4788
2018-07-06 19:50,4770
2018-07-06 19:55,4745
2018-07-06 20:00,4680
2018-07-06 20:05,4696
2018-07-06 20:10,4738
2018-07-06 20:15,4759
2018-07-06 20:20,4764
2018-07-06 20:25,4782
2018-07-06 20:30,4756
2018-07-06 20:35,4761
2018-07-06 20:40,4759
2018-07-06 20:45,4724
2018-07-06 20:50,4704
2018-07-06 20:55,4685
2018-07-06 21:00,4664
2018-07-06 21:05,4655
2018-07-06 21:10,4654
2018-07-06 21:15,4615
2018-07-06 21:20,4577
2018-07-06 21:25,4512
2018-07-06 21:30,4477
2018-07-06 21:35,4431
2018-07-06 21:40,4365
2018-07-06 21:45,4369
2018-07-06 21:50,4308
2018-07-06 21:55,4257
2018-07-06 22:00,4242
2018-07-06 22:05,4178
2018-07-06 22:10,4143
2018-07-06 22:15,4121
2018-07-06 22:20,4078
2018-07-06 22:25,4074
2018-07-06 22:30,4062
2018-07-06 22:35,4038
2018-07-06 22:40,4012
2018-07-06 22:45,3967
2018-07-06 22:50,3959
2018-07-06 22:55,3929
2018-07-06 23:00,3875
2018-07-06 23:05,3848
2018-07-06 23:10,3816
2018-07-06 23:15,3773
2018-07-06 23:20,3731
2018-07-06 23:25,3722
2018-07-06 23:30,3676
2018-07-06 23:35,3653
2018-07-06 23:40,3628
2018-07-06 23:45,3627
2018-07-06 23:50,3578
2018-07-06 23:55,3531
2018-07-07 00:00,3482
2018-07-07 00:05,3410
2018-07-07 00:10,3348
2018-07-07 00:15,3339
2018-07-07 00:20,3306
2018-07-07 00:25,3316
2018-07-07 00:30,3285
2018-07-07 00:35,3303
2018-07-07 00:40,3313
2018-07-07 00:45,3330
2018-07-07 00:50,3317
2018-07-07 00:55,3300
2018-07-07 01:00,3300
2018-07-07 01:05,3273
2018-07-07 01:10,3247
2018-07-07 01:15,3246
2018-07-07 01:20,3230
2018-07-07 01:25,3236
2018-07-07 01:30,3235
2018-07-07 01:35,3249
2018-07-07 01:40,3250
2018-07-07 01:45,3230
2018-07-07 01:50,3222
2018-07-07 01:55,3218
2018-07-07 02:00,3226
2018-07-07 02:05,3191
2018-07-07 02:10,3204
2018-07-07 02:15,3197
2018-07-07 02:20,3205
2018-07-07 02:25,3175
2018-07-07 02:30,3166
2018-07-07 02:35,3174
2018-07-07 02:40,3162
2018-07-07 02:45,3186
2018-07-07 02:50,3187
2018-07-07 02:55,3177
2018-07-07 03:00,3155
2018-07-07 03:05,3136
2018-07-07 03:10,3121
2018-07-07 03:15,0
2018-07-07 03:20,3052
2018-07-07 03:25,3043
2018-07-07 03:30,3033
2018-07-07 03:35,3015
2018-07-07 03:40,3011
2018-07-07 03:45,3037
2018-07-07 03:50,2997
2018-07-07 03:55,2971
2018-07-07 04:00,2959
2018-07-07 04:05,2937
2018-07-07 04:10,2958
2018-07-07 04:15,2943
2018-07-07 04:20,2896
2018-07-07 04:25,2893
2018-07-07 04:30,2916
2018-07-07 04:35,2885
2018-07-07 04:40,2867
2018-07-07 04:45,2859
2018-07-07 04:50,2835
2018-07-07 04:55,2820
2018-07-07 05:00,2812
2018-07-07 05:05,2801
2018-07-07 05:10,2773
2018-07-07 05:15,2797
2018-07-07 05:20,2795
2018-07-07 05:25,2798
2018-07-07 05:30,2797
2018-07-07 05:35,2775
2018-07-07 05:40,2776
2018-07-07 05:45,2758
2018-07-07 05:50,2740
2018-07-07 05:55,2739
2018-07-07 06:00,2722
2018-07-07 06:05,2721
2018-07-07 06:10,2791
2018-07-07 06:15,2827
2018-07-07 06:20,2828
2018-07-07 06:25,2843
2018-07-07 06:30,2745
2018-07-07 06:35,2735
2018-07-07 06:40,2755
2018-07-07 06:45,2747
2018-07-07 06:50,2746
2018-07-07 06:55,2744
2018-07-07 07:00,2753
2018-07-07 07:05,2754
2018-07-07 07:10,2757
2018-07-07 07:15,2753
2018-07-07 07:20,2794
2018-07-07 07:25,2800
2018-07-07 07:30,2815
2018-07-07 07:35,2818
2018-07-07 07:40,2818
2018-07-07 07:45,2811
2018-07-07 07:50,2836
2018-07-07 07:55,2856
2018-07-07 08:00,2885
2018-07-07 08:05,2865
2018-07-07 08:10,2897
2018-07-07 08:15,2937
2018-07-07 08:20,2946
2018-07-07 08:25,2983
2018-07-07 08:30,3021
2018-07-07 08:35,3066
2018-07-07 08:40,3074
2018-07-07 08:45,3114
2018-07-07 08:50,3134
2018-07-07 08:55,3159
2018-07-07 09:00,3193
2018-07-07 09:05,3207
2018-07-07 09:10,3223
2018-07-07 09:15,3243
2018-07-07 09:20,3223
2018-07-07 09:25,3239
2018-07-07 09:30,3273
2018-07-07 09:35,3289
2018-07-07 09:40,3335
2018-07-07 09:45,3328
2018-07-07 09:50,3324
2018-07-07 09:55,3333
2018-07-07 10:00,3375
2018-07-07 10:05,3400
2018-07-07 10:10,3474
2018-07-07 10:15,3529
2018-07-07 10:20,3566
2018-07-07 10:25,3580
2018-07-07 10:30,3596
2018-07-07 10:35,3601
2018-07-07 10:40,3605
2018-07-07 10:45,3638
2018-07-07 10:50,3623
2018-07-07 10:55,3666
2018-07-07 11:00,3681
2018-07-07 11:05,3685
2018-07-07 11:10,3733
2018-07-07 11:15,3736
2018-07-07 11:20,3736
2018-07-07 11:25,3728
2018-07-07 11:30,3759
2018-07-07 11:35,3786
2018-07-07 11:40,3841
2018-07-07 11:45,3877
2018-07-07 11:50,3884
2018-07-07 11:55,3929
2018-07-07 12:00,3953
2018-07-07 12:05,3933
2018-07-07 12:10,3995
2018-07-07 12:15,3980
2018-07-07 12:20,3987
2018-07-07 12:25,4020
2018-07-07 12:30,4034
2018-07-07 12:35,4058
2018-07-07 12:40,4094
2018-07-07 12:45,4122
2018-07-07 12:50,4132
2018-07-07 12:55,4140
2018-07-07 13:00,4172
2018-07-07 13:05,4202
2018-07-07 13:10,4209
2018-07-07 13:15,4166
2018-07-07 13:20,4246
2018-07-07 13:25,4287
2018-07-07 13:30,4287
2018-07-07 13:35,4320
2018-07-07 13:40,4335
2018-07-07 13:45,4324
2018-07-07 13:50,4321
2018-07-07 13:55,4368
2018-07-07 14:00,4387
2018-07-07 14:05,4337
2018-07-07 14:10,4385
2018-07-07 14:15,4395
2018-07-07 14:20,4394
2018-07-07 14:25,4401
2018-07-07 14:30,4432
2018-07-07 14:35,4447
2018-07-07 14:40,4443
2018-07-07 14:45,4455
2018-07-07 14:50,4439
2018-07-07 14:55,4487
2018-07-07 15:00,4514
2018-07-07 15:05,4545
2018-07-07 15:10,4568
2018-07-07 15:15,4592
2018-07-07 15:20,4586
2018-07-07 15:25,4585
2018-07-07 15:30,4630
2018-07-07 15:35,4659
2018-07-07 15:40,4715
2018-07-07 15:45,4736
2018-07-07 15:50,4728
2018-07-07 15:55,4739
2018-07-07 16:00,4746
2018-07-07 16:05,4742
2018-07-07 16:10,4814
2018-07-07 16:15,4823
2018-07-07 16:20,4868
2018-07-07 16:25,4871
2018-07-07 16:30,4916
2018-07-07 16:35,4957
2018-07-07 16:40,4960
2018-07-07 16:45,5000
2018-07-07 16:50,4982
2018-07-07 16:55,4996
2018-07-07 17:00,5005
2018-07-07 17:05,5005
2018-07-07 17:10,4995
2018-07-07 17:15,4999
2018-07-07 17:20,5006
2018-07-07 17:25,5016
2018-07-07 17:30,5043
2018-07-07 17:35,5026
2018-07-07 17:40,5043
2018-07-07 17:45,5052
2018-07-07 17:50,5054
2018-07-07 17:55,5045
2018-07-07 18:00,5010
2018-07-07 18:05,4971
2018-07-07 18:10,5000
2018-07-07 18:15,4974
2018-07-07 18:20,4957
2018-07-07 18:25,4986
2018-07-07 18:30,4958
2018-07-07 18:35,4996
2018-07-07 18:40,5012
2018-07-07 18:45,4936
2018-07-07 18:50,4947
2018-07-07 18:55,4965
2018-07-07 19:00,4991
2018-07-07 19:05,5017
2018-07-07 19:10,5031
2018-07-07 19:15,5016
2018-07-07 19:20,5021
2018-07-07 19:25,5009
2018-07-07 19:30,5035
2018-07-07 19:35,5045
2018-07-07 19:40,5042
2018-07-07 19:45,5015
2018-07-07 19:50,5007
2018-07-07 19:55,5003
2018-07-07 20:00,4978
2018-07-07 20:05,4943
2018-07-07 20:10,4981
2018-07-07 20:15,4958
2018-07-07 20:20,4925
2018-07-07 20:25,4942
2018-07-07 20:30,4926
2018-07-07 20:35,4875
2018-07-07 20:40,4865
2018-07-07 20:45,4832
2018-07-07 20:50,4771
2018-07-07 20:55,4763
2018-07-07 21:00,4762
2018-07-07 21:05,4791
2018-07-07 21:10,4804
2018-07-07 21:15,4840
2018-07-07 21:20,4807
2018-07-07 21:25,4779
2018-07-07 21:30,4772
2018-07-07 21:35,4701
2018-07-07 21:40,4696
2018-07-07 21:45,4690
2018-07-07 21:50,4628
2018-07-07 21:55,4596
2018-07-07 22:00,4567
2018-07-07 22:05,4473
2018-07-07 22:10,4495
2018-07-07 22:15,4463
2018-07-07 22:20,4427
2018-07-07 22:25,4415
2018-07-07 22:30,4406
2018-07-07 22:35,4357
2018-07-07 22:40,4310
2018-07-07 22:45,4239
2018-07-07 22:50,4186
2018-07-07 22:55,4150
2018-07-07 23:00,4102
2018-07-07 23:05,4044
2018-07-07 23:10,4007
2018-07-07 23:15,3965
2018-07-07 23:20,3924
2018-07-07 23:25,3896
2018-07-07 23:30,3857
2018-07-07 23:35,3859
2018-07-07 23:40,3827
2018-07-07 23:45,3827
2018-07-07 23:50,3765
2018-07-07 23:55,3711
2018-07-08 00:00,3683
2018-07-08 00:05,3640
2018-07-08 00:10,3606
2018-07-08 00:15,3581
2018-07-08 00:20,3543
2018-07-08 00:25,3535
2018-07-08 00:30,3512
2018-07-08 00:35,3499
2018-07-08 00:40,3470
2018-07-08 00:45,3458
2018-07-08 00:50,3440
2018-07-08 00:55,0
2018-07-08 01:00,3410
2018-07-08 01:05,3367
2018-07-08 01:10,3344
2018-07-08 01:15,3314
2018-07-08 01:20,3314
2018-07-08 01:25,3312
2018-07-08 01:30,3309
2018-07-08 01:35,3331
2018-07-08 01:40,3363
2018-07-08 01:45,3358
2018-07-08 01:50,3333
2018-07-08 01:55,3329
2018-07-08 02:00,3311
2018-07-08 02:05,3314
2018-07-08 02:10,3334
2018-07-08 02:15,3323
2018-07-08 02:20,3308
2018-07-08 02:25,3308
2018-07-08 02:30,3317
2018-07-08 02:35,3313
2018-07-08 02:40,3307
2018-07-08 02:45,3283
2018-07-08 02:50,3267
2018-07-08 02:55,3251
2018-07-08 03:00,3243
2018-07-08 03:05,3196
2018-07-08 03:10,3202
2018-07-08 03:15,3166
2018-07-08 03:20,3141
2018-07-08 03:25,3130
2018-07-08 03:30,3117
2018-07-08 03:35,3124
2018-07-08 03:40,3099
2018-07-08 03:45,3052
2018-07-08 03:50,3052
2018-07-08 03:55,3037
2018-07-08 04:00,3012
2018-07-08 04:05,3018
2018-07-08 04:10,3016
2018-07-08 04:15,2988
2018-07-08 04:20,2977
2018-07-08 04:25,2959
2018-07-08 04:30,2956
2018-07-08 04:35,2946
2018-07-08 04:40,2909
2018-07-08 04:45,2912
2018-07-08 04:50,2891
2018-07-08 04:55,2871
2018-07-08 05:00,2855
2018-07-08 05:05,2832
2018-07-08 05:10,2830
2018-07-08 05:15,2783
2018-07-08 05:20,2778
2018-07-08 05:25,2789
2018-07-08 05:30,2804
2018-07-08 05:35,2786
2018-07-08 05:40,2805
2018-07-08 05:45,2798
2018-07-08 05:50,2813
2018-07-08 05:55,2801
2018-07-08 06:00,2818
2018-07-08 06:05,2798
2018-07-08 06:10,2790
2018-07-08 06:15,2772
2018-07-08 06:20,2774
2018-07-08 06:25,2789
2018-07-08 06:30,2795
2018-07-08 06:35,2833
2018-07-08 06:40,2814
2018-07-08 06:45,2826
2018-07-08 06:50,2842
2018-07-08 06:55,2847
2018-07-08 07:00,2839
2018-07-08 07:05,2846
2018-07-08 07:10,2868
2018-07-08 07:15,2876
2018-07-08 07:20,2896
2018-07-08 07:25,2916
2018-07-08 07:30,2930
2018-07-08 07:35,2959
2018-07-08 07:40,2974
2018-07-08 07:45,3005
2018-07-08 07:50,2984
2018-07-08 07:55,3005
2018-07-08 08:00,3055
2018-07-08 08:05,3063
2018-07-08 08:10,3117
2018-07-08 08:15,3118
2018-07-08 08:20,3137
2018-07-08 08:25,3140
2018-07-08 08:30,3156
2018-07-08 08:35,3232
2018-07-08 08:40,3284
2018-07-08 08:45,3337
2018-07-08 08:50,3359
2018-07-08 08:55,3405
2018-07-08 09:00,3451
2018-07-08 09:05,3475
2018-07-08 09:10,3526
2018-07-08 09:15,3554
2018-07-08 09:20,3592
2018-07-08 09:25,3599
2018-07-08 09:30,3613
2018-07-08 09:35,3610
2018-07-08 09:40,3635
2018-07-08 09:45,3649
2018-07-08 09:50,3658
2018-07-08 09:55,3685
2018-07-08 10:00,3715
2018-07-08 10:05,3732
2018-07-08 10:10,3766
2018-07-08 10:15,3792
2018-07-08 10:20,3827
2018-07-08 10:25,3884
2018-07-08 10:30,3901
2018-07-08 10:35,3945
2018-07-08 10:40,3945
2018-07-08 10:45,3959
2018-07-08 10:50,3978
2018-07-08 10:55,4001
2018-07-08 11:00,4022
2018-07-08 11:05,4027
2018-07-08 11:10,4046
2018-07-08 11:15,4078
2018-07-08 11:20,4081
2018-07-08 11:25,4116
2018-07-08 11:30,4141
2018-07-08 11:35,4193
2018-07-08 11:40,4199
2018-07-08 11:45,4217
2018-07-08 11:50,4257
2018-07-08 11:55,4279
2018-07-08 12:00,4294
2018-07-08 12:05,4359
2018-07-08 12:10,4400
2018-07-08 12:15,4404
2018-07-08 12:20,4446
2018-07-08 12:25,4424
2018-07-08 12:30,4442
2018-07-08 12:35,4485
2018-07-08 12:40,4478
2018-07-08 12:45,4504
2018-07-08 12:50,4507
2018-07-08 12:55,4517
2018-07-08 13:00,4528
2018-07-08 13:05,4552
2018-07-08 13:10,4575
2018-07-08 13:15,4584
2018-07-08 13:20,4592
2018-07-08 13:25,4633
2018-07-08 13:30,4667
2018-07-08 13:35,4685
2018-07-08 13:40,4733
2018-07-08 13:45,4726
2018-07-08 13:50,4736
2018-07-08 13:55,4768
2018-07-08 14:00,4765
2018-07-08 14:05,4796
2018-07-08 14:10,4829
2018-07-08 14:15,4908
2018-07-08 14:20,4933
2018-07-08 14:25,4966
2018-07-08 14:30,5024
2018-07-08 14:35,5046
2018-07-08 14:40,5065
2018-07-08 14:45,5080
2018-07-08 14:50,5093
2018-07-08 14:55,5098
2018-07-08 15:00,5105
2018-07-08 15:05,5168
2018-07-08 15:10,5207
2018-07-08 15:15,5211
2018-07-08 15:20,5249
2018-07-08 15:25,5275
2018-07-08 15:30,5284
2018-07-08 15:35,5292
2018-07-08 15:40,5303
2018-07-08 15:45,5332
2018-07-08 15:50,5344
2018-07-08 15:55,5351
2018-07-08 16:00,5384
2018-07-08 16:05,5393
2018-07-08 16:10,5420
2018-07-08 16:15,5410
2018-07-08 16:20,5425
2018-07-08 16:25,5455
2018-07-08 16:30,5480
2018-07-08 16:35,5513
2018-07-08 16:40,5507
2018-07-08 16:45,5529
2018-07-08 16:50,5564
2018-07-08 16:55,5537
2018-07-08 17:00,5538
2018-07-08 17:05,5551
2018-07-08 17:10,5569
2018-07-08 17:15,5566
2018-07-08 17:20,5579
2018-07-08 17:25,5580
2018-07-08 17:30,5570
2018-07-08 17:35,5557
2018-07-08 17:40,5554
2018-07-08 17:45,5533
2018-07-08 17:50,5590
2018-07-08 17:55,5636
2018-07-08 18:00,5607
2018-07-08 18:05,5575
2018-07-08 18:10,5619
2018-07-08 18:15,5629
2018-07-08 18:20,5621
2018-07-08 18:25,5633
2018-07-08 18:30,5630
2018-07-08 18:35,5647
2018-07-08 18:40,5640
2018-07-08 18:45,5658
2018-07-08 18:50,5641
2018-07-08 18:55,5643
2018-07-08 19:00,5640
2018-07-08 19:05,5672
2018-07-08 19:10,5687
2018-07-08 19:15,5641
2018-07-08 19:20,5629
2018-07-08 19:25,5639
2018-07-08 19:30,5613
2018-07-08 19:35,5641
2018-07-08 19:40,5649
2018-07-08 19:45,5652
2018-07-08 19:50,5548
2018-07-08 19:55,5569
2018-07-08 20:00,5555
2018-07-08 20:05,5533
2018-07-08 20:10,5523
2018-07-08 20:15,5484
2018-07-08 20:20,5466
2018-07-08 20:25,5406
2018-07-08 20:30,5374
2018-07-08 20:35,5358
2018-07-08 20:40,5345
2018-07-08 20:45,5297
2018-07-08 20:50,5210
2018-07-08 20:55,5199
2018-07-08 21:00,5149
2018-07-08 21:05,5061
2018-07-08 21:10,5021
2018-07-08 21:15,4981
2018-07-08 21:20,4960
2018-07-08 21:25,4914
2018-07-08 21:30,4895
2018-07-08 21:35,4867
2018-07-08 21:40,4797
2018-07-08 21:45,4738
2018-07-08 21:50,4664
2018-07-08 21:55,4646
2018-07-08 22:00,4568
2018-07-08 22:05,4535
2018-07-08 22:10,4464
2018-07-08 22:15,4414
2018-07-08 22:20,4339
2018-07-08 22:25,4318
2018-07-08 22:30,4304
2018-07-08 22:35,4269
2018-07-08 22:40,4224
2018-07-08 22:45,4175
2018-07-08 22:50,4124
2018-07-08 22:55,4054
2018-07-08 23:00,4016
2018-07-08 23:05,4019
2018-07-08 23:10,4020
2018-07-08 23:15,3999
2018-07-08 23:20,3957
2018-07-08 23:25,3926
2018-07-08 23:30,3902
2018-07-08 23:35,3862
2018-07-08 23:40,3872
2018-07-08 23:45,0
2018-07-08 23:50,3859
2018-07-08 23:55,3811
2018-07-09 00:00,3795
2018-07-09 00:05,3710
2018-07-09 00:10,3734
2018-07-09 00:15,3708
2018-07-09 00:20,3678
2018-07-09 00:25,3668
2018-07-09 00:30,3656
2018-07-09 00:35,3664
2018-07-09 00:40,3634
2018-07-09 00:45,3660
2018-07-09 00:50,3645
2018-07-09 00:55,3611
2018-07-09 01:00,3621
2018-07-09 01:05,3608
2018-07-09 01:10,3597
2018-07-09 01:15,3599
2018-07-09 01:20,3582
2018-07-09 01:25,3579
2018-07-09 01:30,3556
2018-07-09 01:35,3549
2018-07-09 01:40,3555
2018-07-09 01:45,3539
2018-07-09 01:50,3499
2018-07-09 01:55,3474
2018-07-09 02:00,3447
2018-07-09 02:05,3380
2018-07-09 02:10,3408
2018-07-09 02:15,3388
2018-07-09 02:20,3387
2018-07-09 02:25,3362
2018-07-09 02:30,3329
2018-07-09 02:35,3326
2018-07-09 02:40,3291
2018-07-09 02:45,3288
2018-07-09 02:50,3232
2018-07-09 02:55,3214
2018-07-09 03:00,3189
2018-07-09 03:05,3141
2018-07-09 03:10,3141
2018-07-09 03:15,3103
2018-07-09 03:20,3090
2018-07-09 03:25,3051
2018-07-09 03:30,3039
2018-07-09 03:35,3018
2018-07-09 03:40,3005
2018-07-09 03:45,2982
2018-07-09 03:50,2978
2018-07-09 03:55,2966
2018-07-09 04:00,2964
2018-07-09 04:05,2907
2018-07-09 04:10,2892
2018-07-09 04:15,2868
2018-07-09 04:20,2848
2018-07-09 04:25,2838
2018-07-09 04:30,2826
2018-07-09 04:35,2808
2018-07-09 04:40,2771
2018-07-09 04:45,2785
2018-07-09 04:50,2732
2018-07-09 04:55,2698
2018-07-09 05:00,2661
2018-07-09 05:05,2632
2018-07-09 05:10,2618
2018-07-09 05:15,2590
2018-07-09 05:20,2532
2018-07-09 05:25,2544
2018-07-09 05:30,2537
2018-07-09 05:35,2528
2018-07-09 05:40,2515
2018-07-09 05:45,2491
2018-07-09 05:50,2451
2018-07-09 05:55,2424
2018-07-09 06:00,2412
2018-07-09 06:05,2371
2018-07-09 06:10,2427
2018-07-09 06:15,2411
2018-07-09 06:20,2390
2018-07-09 06:25,2387
2018-07-09 06:30,2365
2018-07-09 06:35,2384
2018-07-09 06:40,2371
2018-07-09 06:45,2368
2018-07-09 06:50,2364
2018-07-09 06:55,2402
2018-07-09 07:00,2439
2018-07-09 07:05,2437
2018-07-09 07:10,2428
2018-07-09 07:15,2430
2018-07-09 07:20,2438
2018-07-09 07:25,2454
2018-07-09 07:30,2445
2018-07-09 07:35,2443
2018-07-09 07:40,2469
2018-07-09 07:45,2485
2018-07-09 07:50,2495
2018-07-09 07:55,2498
2018-07-09 08:00,2504
2018-07-09 08:05,2491
2018-07-09 08:10,2551
2018-07-09 08:15,2603
2018-07-09 08:20,2635
2018-07-09 08:25,2682
2018-07-09 08:30,2729
2018-07-09 08:35,2748
2018-07-09 08:40,2770
2018-07-09 08:45,2812
2018-07-09 08:50,2815
2018-07-09 08:55,2817
2018-07-09 09:00,2830
2018-07-09 09:05,2860
2018-07-09 09:10,2875
2018-07-09 09:15,2883
2018-07-09 09:20,2870
2018-07-09 09:25,2876
2018-07-09 09:30,2893
2018-07-09 09:35,2909
2018-07-09 09:40,2944
2018-07-09 09:45,2962
2018-07-09 09:50,2974
2018-07-09 09:55,3024
2018-07-09 10:00,3057
2018-07-09 10:05,3108
2018-07-09 10:10,3196
2018-07-09 10:15,3226
2018-07-09 10:20,3233
2018-07-09 10:25,3251
2018-07-09 10:30,3286
2018-07-09 10:35,3300
2018-07-09 10:40,3304
2018-07-09 10:45,3368
2018-07-09 10:50,3385
2018-07-09 10:55,3416
2018-07-09 11:00,3441
2018-07-09 11:05,3475
2018-07-09 11:10,3499
2018-07-09 11:15,3541
2018-07-09 11:20,3562
2018-07-09 11:25,3564
2018-07-09 11:30,3574
2018-07-09 11:35,3621
2018-07-09 11:40,3633
2018-07-09 11:45,3670
2018-07-09 11:50,3643
2018-07-09 11:55,3649
2018-07-09 12:00,3660
2018-07-09 12:05,3649
2018-07-09 12:10,3697
2018-07-09 12:15,3719
2018-07-09 12:20,3729
2018-07-09 12:25,3737
2018-07-09 12:30,3771
2018-07-09 12:35,3804
2018-07-09 12:40,3831
2018-07-09 12:45,3836
2018-07-09 12:50,3872
2018-07-09 12:55,3874
2018-07-09 13:00,3906
2018-07-09 13:05,3947
2018-07-09 13:10,3968
2018-07-09 13:15,3981
2018-07-09 13:20,3979
2018-07-09 13:25,4003
2018-07-09 13:30,3992
2018-07-09 13:35,3978
2018-07-09 13:40,3989
2018-07-09 13:45,4025
2018-07-09 13:50,4015
2018-07-09 13:55,4015
2018-07-09 14:00,4065
2018-07-09 14:05,4054
2018-07-09 14:10,4092
2018-07-09 14:15,4071
2018-07-09 14:20,4106
2018-07-09 14:25,4113
2018-07-09 14:30,4128
2018-07-09 14:35,4175
2018-07-09 14:40,4214
2018-07-09 14:45,4240
2018-07-09 14:50,4263
2018-07-09 14:55,4296
2018-07-09 15:00,4295
2018-07-09 15:05,4300
2018-07-09 15:10,4340
2018-07-09 15:15,4358
2018-07-09 15:20,4385
2018-07-09 15:25,4435
2018-07-09 15:30,4349
2018-07-09 15:35,4395
2018-07-09 15:40,4427
2018-07-09 15:45,4472
2018-07-09 15:50,4470
2018-07-09 15:55,4509
2018-07-09 16:00,4512
2018-07-09 16:05,4488
2018-07-09 16:10,4543
2018-07-09 16:15,4579
2018-07-09 16:20,4600
2018-07-09 16:25,4591
2018-07-09 16:30,4644
2018-07-09 16:35,4650
2018-07-09 16:40,4671
2018-07-09 16:45,4742
2018-07-09 16:50,4775
2018-07-09 16:55,4791
2018-07-09 17:00,4815
2018-07-09 17:05,4812
2018-07-09 17:10,4808
2018-07-09 17:15,4830
2018-07-09 17:20,4846
2018-07-09 17:25,4868
2018-07-09 17:30,4856
2018-07-09 17:35,4890
2018-07-09 17:40,4925
2018-07-09 17:45,4936
2018-07-09 17:50,4959
2018-07-09 17:55,4986
2018-07-09 18:00,4975
2018-07-09 18:05,4975
2018-07-09 18:10,5025
2018-07-09 18:15,5034
2018-07-09 18:20,5046
2018-07-09 18:25,5047
2018-07-09 18:30,5053
2018-07-09 18:35,5057
2018-07-09 18:40,5068
2018-07-09 18:45,5087
2018-07-09 18:50,5111
2018-07-09 18:55,5127
2018-07-09 19:00,5130
2018-07-09 19:05,5148
2018-07-09 19:10,5170
2018-07-09 19:15,5194
2018-07-09 19:20,5156
2018-07-09 19:25,5161
2018-07-09 19:30,5160
2018-07-09 19:35,5137
2018-07-09 19:40,5152
2018-07-09 19:45,5150
2018-07-09 19:50,5182
2018-07-09 19:55,5188
2018-07-09 20:00,5170
2018-07-09 20:05,5106
2018-07-09 20:10,5112
2018-07-09 20:15,5098
2018-07-09 20:20,5070
2018-07-09 20:25,5056
2018-07-09 20:30,4996
2018-07-09 20:35,4979
2018-07-09 20:40,4918
2018-07-09 20:45,4895
2018-07-09 20:50,4835
2018-07-09 20:55,4828
2018-07-09 21:00,4808
2018-07-09 21:05,4749
2018-07-09 21:10,4701
2018-07-09 21:15,4671
2018-07-09 21:20,4651
2018-07-09 21:25,4597
2018-07-09 21:30,0
2018-07-09 21:35,4484
2018-07-09 21:40,4444
2018-07-09 21:45,4391
2018-07-09 21:50,4335
2018-07-09 21:55,4326
2018-07-09 22:00,4281
2018-07-09 22:05,4201
2018-07-09 22:10,4192
2018-07-09 22:15,4079
2018-07-09 22:20,4102
2018-07-09 22:25,4090
2018-07-09 22:30,4091
2018-07-09 22:35,4118
2018-07-09 22:40,4088
2018-07-09 22:45,4048
2018-07-09 22:50,4024
2018-07-09 22:55,4008
2018-07-09 23:00,3969
2018-07-09 23:05,3962
2018-07-09 23:10,3924
2018-07-09 23:15,3914
2018-07-09 23:20,3888
2018-07-09 23:25,3886
2018-07-09 23:30,3885
2018-07-09 23:35,3859
2018-07-09 23:40,3860
2018-07-09 23:45,3826
2018-07-09 23:50,3782
2018-07-09 23:55,3752
2018-07-10 00:00,3731
2018-07-10 00:05,3679
2018-07-10 00:10,3659
2018-07-10 00:15,3657
2018-07-10 00:20,3633
2018-07-10 00:25,3619
2018-07-10 00:30,3650
2018-07-10 00:35,3623
2018-07-10 00:40,3620
2018-07-10 00:45,3600
2018-07-10 00:50,3583
2018-07-10 00:55,3536
2018-07-10 01:00,3534
2018-07-10 01:05,3500
2018-07-10 01:10,3481
2018-07-10 01:15,3455
2018-07-10 01:20,3444
2018-07-10 01:25,3455
2018-07-10 01:30,3440
2018-07-10 01:35,3454
2018-07-10 01:40,3453
2018-07-10 01:45,3419
2018-07-10 01:50,3420
2018-07-10 01:55,3415
2018-07-10 02:00,3369
2018-07-10 02:05,3334
2018-07-10 02:10,3325
2018-07-10 02:15,3278
2018-07-10 02:20,3248
2018-07-10 02:25,3236
2018-07-10 02:30,3219
2018-07-10 02:35,3183
2018-07-10 02:40,3180
2018-07-10 02:45,3152
2018-07-10 02:50,3128
2018-07-10 02:55,3083
2018-07-10 03:00,3055
2018-07-10 03:05,3035
2018-07-10 03:10,3021
2018-07-10 03:15,2982
2018-07-10 03:20,2978
2018-07-10 03:25,2988
2018-07-10 03:30,2975
2018-07-10 03:35,2952
2018-07-10 03:40,2912
2018-07-10 03:45,2896
2018-07-10 03:50,2854
2018-07-10 03:55,2852
2018-07-10 04:00,2837
2018-07-10 04:05,2830
2018-07-10 04:10,2809
2018-07-10 04:15,2767
2018-07-10 04:20,2747
2018-07-10 04:25,2729
2018-07-10 04:30,2690
2018-07-10 04:35,2698
2018-07-10 04:40,2655
2018-07-10 04:45,2596
2018-07-10 04:50,2609
2018-07-10 04:55,2596
2018-07-10 05:00,2576
2018-07-10 05:05,2557
2018-07-10 05:10,2528
2018-07-10 05:15,2516
2018-07-10 05:20,2516
2018-07-10 05:25,2488
2018-07-10 05:30,2471
2018-07-10 05:35,2471
2018-07-10 05:40,2451
2018-07-10 05:45,2443
2018-07-10 05:50,2434
2018-07-10 05:55,2428
2018-07-10 06:00,2422
2018-07-10 06:05,2412
2018-07-10 06:10,2406
2018-07-10 06:15,2386
2018-07-10 06:20,2372
2018-07-10 06:25,2390
2018-07-10 06:30,2393
2018-07-10 06:35,2387
2018-07-10 06:40,2382
2018-07-10 06:45,2397
2018-07-10 06:50,2401
2018-07-10 06:55,2393
2018-07-10 07:00,2394
2018-07-10 07:05,2395
2018-07-10 07:10,2396
2018-07-10 07:15,2419
2018-07-10 07:20,2436
2018-07-10 07:25,2456
2018-07-10 07:30,2460
2018-07-10 07:35,2452
2018-07-10 07:40,2482
2018-07-10 07:45,2489
2018-07-10 07:50,2512
2018-07-10 07:55,2517
2018-07-10 08:00,2515
2018-07-10 08:05,2520
2018-07-10 08:10,2548
2018-07-10 08:15,2569
2018-07-10 08:20,2575
2018-07-10 08:25,2610
2018-07-10 08:30,2622
2018-07-10 08:35,2630
2018-07-10 08:40,2660
2018-07-10 08:45,2659
2018-07-10 08:50,2676
2018-07-10 08:55,2698
2018-07-10 09:00,2726
2018-07-10 09:05,2736
2018-07-10 09:10,2742
2018-07-10 09:15,2756
2018-07-10 09:20,2768
2018-07-10 09:25,2781
2018-07-10 09:30,2797
2018-07-10 09:35,2774
2018-07-10 09:40,2796
2018-07-10 09:45,2785
2018-07-10 09:50,2784
2018-07-10 09:55,2820
2018-07-10 10:00,2856
2018-07-10 10:05,2876
2018-07-10 10:10,2901
2018-07-10 10:15,2931
2018-07-10 10:20,2995
2018-07-10 10:25,3000
2018-07-10 10:30,3025
2018-07-10 10:35,3057
2018-07-10 10:40,3079
2018-07-10 10:45,3075
2018-07-10 10:50,3109
2018-07-10 10:55,3138
2018-07-10 11:00,3148
2018-07-10 11:05,3158
2018-07-10 11:10,3156
2018-07-10 11:15,3142
2018-07-10 11:20,3196
2018-07-10 11:25,3221
2018-07-10 11:30,3221
2018-07-10 11:35,3263
2018-07-10 11:40,3319
2018-07-10 11:45,3366
2018-07-10 11:50,3428
2018-07-10 11:55,3475
2018-07-10 12:00,3462
2018-07-10 12:05,3493
2018-07-10 12:10,3503
2018-07-10 12:15,3526
2018-07-10 12:20,3543
2018-07-10 12:25,3544
2018-07-10 12:30,3535
2018-07-10 12:35,3528
2018-07-10 12:40,3534
2018-07-10 12:45,3550
2018-07-10 12:50,3537
2018-07-10 12:55,3542
2018-07-10 13:00,3547
2018-07-10 13:05,3553
2018-07-10 13:10,3595
2018-07-10 13:15,3491
2018-07-10 13:20,3516
2018-07-10 13:25,3563
2018-07-10 13:30,3618
2018-07-10 13:35,3631
2018-07-10 13:40,3646
2018-07-10 13:45,3660
2018-07-10 13:50,3714
2018-07-10 13:55,3764
2018-07-10 14:00,3779
2018-07-10 14:05,3762
2018-07-10 14:10,3788
2018-07-10 14:15,3775
2018-07-10 14:20,3800
2018-07-10 14:25,3811
2018-07-10 14:30,3806
2018-07-10 14:35,3802
2018-07-10 14:40,3846
2018-07-10 14:45,3886
2018-07-10 14:50,3883
2018-07-10 14:55,3900
2018-07-10 15:00,3921
2018-07-10 15:05,3942
2018-07-10 15:10,3996
2018-07-10 15:15,3993
2018-07-10 15:20,4031
2018-07-10 15:25,4073
2018-07-10 15:30,4115
2018-07-10 15:35,4115
2018-07-10 15:40,4136
2018-07-10 15:45,4177
2018-07-10 15:50,4244
2018-07-10 15:55,4222
2018-07-10 16:00,4258
2018-07-10 16:05,4243
2018-07-10 16:10,4282
2018-07-10 16:15,4325
2018-07-10 16:20,4359
2018-07-10 16:25,4399
2018-07-10 16:30,4414
2018-07-10 16:35,4413
2018-07-10 16:40,4331
2018-07-10 16:45,4389
2018-07-10 16:50,4460
2018-07-10 16:55,4494
2018-07-10 17:00,4474
2018-07-10 17:05,4459
2018-07-10 17:10,4485
2018-07-10 17:15,4495
2018-07-10 17:20,4516
2018-07-10 17:25,4529
2018-07-10 17:30,4544
2018-07-10 17:35,4567
2018-07-10 17:40,4573
2018-07-10 17:45,4532
2018-07-10 17:50,4545
2018-07-10 17:55,4587
2018-07-10 18:00,4582
2018-07-10 18:05,4523
2018-07-10 18:10,4498
2018-07-10 18:15,4495
2018-07-10 18:20,4518
2018-07-10 18:25,4513
2018-07-10 18:30,4530
2018-07-10 18:35,4543
2018-07-10 18:40,4555
2018-07-10 18:45,4555
2018-07-10 18:50,4594
2018-07-10 18:55,4644
2018-07-10 19:00,4636
2018-07-10 19:05,4636
2018-07-10 19:10,4650
2018-07-10 19:15,4626
2018-07-10 19:20,4651
2018-07-10 19:25,4618
2018-07-10 19:30,4630
2018-07-10 19:35,4662
2018-07-10 19:40,4666
2018-07-10 19:45,4653
2018-07-10 19:50,4633
2018-07-10 19:55,4600
2018-07-10 20:00,4614
2018-07-10 20:05,4629
2018-07-10 20:10,4451
2018-07-10 20:15,3711
2018-07-10 20:20,2944
2018-07-10 20:25,3539
2018-07-10 20:30,4610
2018-07-10 20:35,4627
2018-07-10 20:40,4596
2018-07-10 20:45,4579
2018-07-10 20:50,4552
2018-07-10 20:55,4535
2018-07-10 21:00,4516
2018-07-10 21:05,4484
2018-07-10 21:10,4462
2018-07-10 21:15,4415
2018-07-10 21:20,4403
2018-07-10 21:25,4342
2018-07-10 21:30,4314
2018-07-10 21:35,4264
2018-07-10 21:40,4258
2018-07-10 21:45,4205
2018-07-10 21:50,4150
2018-07-10 21:55,4114
2018-07-10 22:00,4062
2018-07-10 22:05,4027
2018-07-10 22:10,3964
2018-07-10 22:15,3929
2018-07-10 22:20,3909
2018-07-10 22:25,3877
2018-07-10 22:30,3868
2018-07-10 22:35,3815
2018-07-10 22:40,3782
2018-07-10 22:45,3738
2018-07-10 22:50,3715
2018-07-10 22:55,3685
2018-07-10 23:00,3664
2018-07-10 23:05,3645
2018-07-10 23:10,3639
2018-07-10 23:15,
2018-07-10 23:20,
2018-07-10 23:25,2113
2018-07-10 23:30,3472
2018-07-10 23:35,3548
2018-07-10 23:40,3542
2018-07-10 23:45,3530
2018-07-10 23:50,3507
2018-07-10 23:55,3501
2018-07-11 00:00,3467
2018-07-11 00:05,3450
2018-07-11 00:10,3419
2018-07-11 00:15,3419
2018-07-11 00:20,3373
2018-07-11 00:25,3372
2018-07-11 00:30,3346
2018-07-11 00:35,3345
2018-07-11 00:40,3314
2018-07-11 00:45,3315
2018-07-11 00:50,3287
2018-07-11 00:55,3277
2018-07-11 01:00,3288
2018-07-11 01:05,3278
2018-07-11 01:10,3260
2018-07-11 01:15,3260
2018-07-11 01:20,
2018-07-11 01:25,
2018-07-11 01:30,3163
2018-07-11 01:35,3165
2018-07-11 01:40,3165
2018-07-11 01:45,3122
2018-07-11 01:50,3134
2018-07-11 01:55,3119
2018-07-11 02:00,3094
2018-07-11 02:05,3067
2018-07-11 02:10,3038
2018-07-11 02:15,3038
2018-07-11 02:20,3018
2018-07-11 02:25,2912
2018-07-11 02:30,2991
2018-07-11 02:35,2976
2018-07-11 02:40,2949
2018-07-11 02:45,2943
2018-07-11 02:50,2864
2018-07-11 02:55,2864
2018-07-11 03:00,2824
2018-07-11 03:05,2824
2018-07-11 03:10,2867
2018-07-11 03:15,2846
2018-07-11 03:20,2792
2018-07-11 03:25,2792
2018-07-11 03:30,2743
2018-07-11 03:35,2728
2018-07-11 03:40,2720
2018-07-11 03:45,2699
2018-07-11 03:50,2671
2018-07-11 03:55,2629
2018-07-11 04:00,2625
2018-07-11 04:05,2625
2018-07-11 04:10,2561
2018-07-11 04:15,2561
2018-07-11 04:20,2527
2018-07-11 04:25,2529
2018-07-11 04:30,2505
2018-07-11 04:35,2485
2018-07-11 04:40,2485
2018-07-11 04:45,2457
2018-07-11 04:50,2439
2018-07-11 04:55,2397
2018-07-11 05:00,2374
2018-07-11 05:05,2374
2018-07-11 05:10,2365
2018-07-11 05:15,2355
2018-07-11 05:20,2328
2018-07-11 05:25,2308
2018-07-11 05:30,2292
2018-07-11 05:35,2288
2018-07-11 05:40,2298
2018-07-11 05:45,2308
2018-07-11 05:50,2310
2018-07-11 05:55,2297
2018-07-11 06:00,2283
2018-07-11 06:05,2283
2018-07-11 06:10,2270
2018-07-11 06:15,2267
2018-07-11 06:20,2266
2018-07-11 06:25,2275
2018-07-11 06:30,2265
2018-07-11 06:35,2244
2018-07-11 06:40,2245
2018-07-11 06:45,2266
2018-07-11 06:50,2295
2018-07-11 06:55,2302
2018-07-11 07:00,2312
2018-07-11 07:05,2329
2018-07-11 07:10,2313
2018-07-11 07:15,2318
2018-07-11 07:20,2314
2018-07-11 07:25,2294
2018-07-11 07:30,2316
2018-07-11 07:35,2319
2018-07-11 07:40,2353
2018-07-11 07:45,2358
2018-07-11 07:50,2373
2018-07-11 07:55,2380
2018-07-11 08:00,2393
2018-07-11 08:05,2393
2018-07-11 08:10,2405
2018-07-11 08:15,2432
2018-07-11 08:20,2445
2018-07-11 08:25,2472
2018-07-11 08:30,2507
2018-07-11 08:35,2496
2018-07-11 08:40,2540
2018-07-11 08:45,2577
2018-07-11 08:50,2574
2018-07-11 08:55,2611
2018-07-11 09:00,2600
2018-07-11 09:05,2625
2018-07-11 09:10,2604
2018-07-11 09:15,2620
2018-07-11 09:20,2654
2018-07-11 09:25,2641
2018-07-11 09:30,2662
2018-07-11 09:35,2689
2018-07-11 09:40,2682
2018-07-11 09:45,2702
2018-07-11 09:50,2713
2018-07-11 09:55,2741
2018-07-11 10:00,2775
2018-07-11 10:05,2788
2018-07-11 10:10,2816
2018-07-11 10:15,2834
2018-07-11 10:20,2865
2018-07-11 10:25,2877
2018-07-11 10:30,2917
2018-07-11 10:35,2961
2018-07-11 10:40,2975
2018-07-11 10:45,2998
2018-07-11 10:50,3005
2018-07-11 10:55,3051
2018-07-11 11:00,3053
2018-07-11 11:05,3076
2018-07-11 11:10,3075
2018-07-11 11:15,3110
2018-07-11 11:20,3098
2018-07-11 11:25,3135
2018-07-11 11:30,3166
2018-07-11 11:35,3149
2018-07-11 11:40,3194
2018-07-11 11:45,3247
2018-07-11 11:50,3238
2018-07-11 11:55,3231
2018-07-11 12:00,3272
2018-07-11 12:05,3269
2018-07-11 12:10,3239
2018-07-11 12:15,3286
2018-07-11 12:20,3315
2018-07-11 12:25,3315
2018-07-11 12:30,3322
2018-07-11 12:35,3327
2018-07-11 12:40,3330
2018-07-11 12:45,3368
2018-07-11 12:50,3399
2018-07-11 12:55,3403
2018-07-11 13:00,3411
2018-07-11 13:05,3443
2018-07-11 13:10,3470
2018-07-11 13:15,3430
2018-07-11 13:20,3467
2018-07-11 13:25,3499
2018-07-11 13:30,3500
2018-07-11 13:35,3498
2018-07-11 13:40,3506
2018-07-11 13:45,3525
2018-07-11 13:50,3540
2018-07-11 13:55,3590
2018-07-11 14:00,3609
2018-07-11 14:05,3615
2018-07-11 14:10,3598
2018-07-11 14:15,3607
2018-07-11 14:20,3631
2018-07-11 14:25,3668
2018-07-11 14:30,3686
2018-07-11 14:35,3712
2018-07-11 14:40,3757
2018-07-11 14:45,3766
2018-07-11 14:50,3815
2018-07-11 14:55,3817
2018-07-11 15:00,3820
2018-07-11 15:05,3807
2018-07-11 15:10,3840
2018-07-11 15:15,3850
2018-07-11 15:20,3880
2018-07-11 15:25,3891
2018-07-11 15:30,3923
2018-07-11 15:35,3952
2018-07-11 15:40,3979
2018-07-11 15:45,3981
2018-07-11 15:50,4005
2018-07-11 15:55,4077
2018-07-11 16:00,4116
2018-07-11 16:05,4121
2018-07-11 16:10,4104
2018-07-11 16:15,4153
2018-07-11 16:20,4198
2018-07-11 16:25,4198
2018-07-11 16:30,4251
2018-07-11 16:35,4281
2018-07-11 16:40,4305
2018-07-11 16:45,4307
2018-07-11 16:50,4320
2018-07-11 16:55,4346
2018-07-11 17:00,4407
2018-07-11 17:05,4436
2018-07-11 17:10,4417
2018-07-11 17:15,4411
2018-07-11 17:20,4418
2018-07-11 17:25,4441
2018-07-11 17:30,4458
2018-07-11 17:35,4481
2018-07-11 17:40,4477
2018-07-11 17:45,4484
2018-07-11 17:50,4478
2018-07-11 17:55,4481
2018-07-11 18:00,4465
2018-07-11 18:05,4454
2018-07-11 18:10,4473
2018-07-11 18:15,4477
2018-07-11 18:20,4481
2018-07-11 18:25,4469
2018-07-11 18:30,4466
2018-07-11 18:35,4469
2018-07-11 18:40,4458
2018-07-11 18:45,4457
2018-07-11 18:50,4490
2018-07-11 18:55,4537
2018-07-11 19:00,4569
2018-07-11 19:05,4590
2018-07-11 19:10,4576
2018-07-11 19:15,4539
2018-07-11 19:20,4585
2018-07-11 19:25,4615
2018-07-11 19:30,4614
2018-07-11 19:35,4636
2018-07-11 19:40,4678
2018-07-11 19:45,4667
2018-07-11 19:50,4664
2018-07-11 19:55,4651
2018-07-11 20:00,4655
2018-07-11 20:05,4629
2018-07-11 20:10,4582
2018-07-11 20:15,4538
2018-07-11 20:20,4507
2018-07-11 20:25,4464
2018-07-11 20:30,4457
2018-07-11 20:35,4435
2018-07-11 20:40,4403
2018-07-11 20:45,4358
2018-07-11 20:50,4335
2018-07-11 20:55,4312
2018-07-11 21:00,4282
2018-07-11 21:05,4304
2018-07-11 21:10,4291
2018-07-11 21:15,4274
2018-07-11 21:20,4238
2018-07-11 21:25,4204
2018-07-11 21:30,4217
2018-07-11 21:35,4161
2018-07-11 21:40,4112
2018-07-11 21:45,4084
2018-07-11 21:50,4021
2018-07-11 21:55,0
2018-07-11 22:00,3976
2018-07-11 22:05,3918
2018-07-11 22:10,3930
2018-07-11 22:15,3898
2018-07-11 22:20,3876
2018-07-11 22:25,3865
2018-07-11 22:30,3837
2018-07-11 22:35,3834
2018-07-11 22:40,3756
2018-07-11 22:45,3786
2018-07-11 22:50,3751
2018-07-11 22:55,3722
2018-07-11 23:00,3689
2018-07-11 23:05,3658
2018-07-11 23:10,3659
2018-07-11 23:15,3634
2018-07-11 23:20,3570
2018-07-11 23:25,3502
2018-07-11 23:30,3486
2018-07-11 23:35,3461
2018-07-11 23:40,3461
2018-07-11 23:45,3426
2018-07-11 23:50,3397
2018-07-11 23:55,3396
2018-07-12 00:00,3363
2018-07-12 00:05,3333
2018-07-12 00:10,3316
2018-07-12 00:15,3275
2018-07-12 00:20,3270
2018-07-12 00:25,3229
2018-07-12 00:30,3240
2018-07-12 00:35,3237
2018-07-12 00:40,3178
2018-07-12 00:45,0
2018-07-12 00:50,3200
2018-07-12 00:55,3200
2018-07-12 01:00,3177
2018-07-12 01:05,3139
2018-07-12 01:10,3151
2018-07-12 01:15,3142
2018-07-12 01:20,3142
2018-07-12 01:25,3127
2018-07-12 01:30,3102
2018-07-12 01:35,3077
2018-07-12 01:40,3044
2018-07-12 01:45,3036
2018-07-12 01:50,3032
2018-07-12 01:55,3047
2018-07-12 02:00,3016
2018-07-12 02:05,2986
2018-07-12 02:10,2964
2018-07-12 02:15,2934
2018-07-12 02:20,2920
2018-07-12 02:25,2924
2018-07-12 02:30,2892
2018-07-12 02:35,2884
2018-07-12 02:40,2861
2018-07-12 02:45,2847
2018-07-12 02:50,2815
2018-07-12 02:55,2805
2018-07-12 03:00,2793
2018-07-12 03:05,2752
2018-07-12 03:10,2744
2018-07-12 03:15,2731
2018-07-12 03:20,2717
2018-07-12 03:25,2719
2018-07-12 03:30,2698
2018-07-12 03:35,2659
2018-07-12 03:40,2641
2018-07-12 03:45,2636
2018-07-12 03:50,2643
2018-07-12 03:55,2620
2018-07-12 04:00,2564
2018-07-12 04:05,2553
2018-07-12 04:10,2523
2018-07-12 04:15,2508
2018-07-12 04:20,2464
2018-07-12 04:25,2454
2018-07-12 04:30,2412
2018-07-12 04:35,2384
2018-07-12 04:40,2374
2018-07-12 04:45,2370
2018-07-12 04:50,2364
2018-07-12 04:55,2349
2018-07-12 05:00,2322
2018-07-12 05:05,2304
2018-07-12 05:10,2314
2018-07-12 05:15,2291
2018-07-12 05:20,2285
2018-07-12 05:25,2275
2018-07-12 05:30,2274
2018-07-12 05:35,2278
2018-07-12 05:40,2295
2018-07-12 05:45,2283
2018-07-12 05:50,2268
2018-07-12 05:55,2255
2018-07-12 06:00,2235
2018-07-12 06:05,2240
2018-07-12 06:10,2245
2018-07-12 06:15,2246
2018-07-12 06:20,2255
2018-07-12 06:25,2248
2018-07-12 06:30,2254
2018-07-12 06:35,2252
2018-07-12 06:40,2256
2018-07-12 06:45,2248
2018-07-12 06:50,2233
2018-07-12 06:55,2223
2018-07-12 07:00,2224
2018-07-12 07:05,2212
2018-07-12 07:10,2217
2018-07-12 07:15,2263
2018-07-12 07:20,2261
2018-07-12 07:25,2275
2018-07-12 07:30,2265
2018-07-12 07:35,2266
2018-07-12 07:40,2267
2018-07-12 07:45,2297
2018-07-12 07:50,2333
2018-07-12 07:55,2348
2018-07-12 08:00,2356
2018-07-12 08:05,2358
2018-07-12 08:10,2377
2018-07-12 08:15,2363
2018-07-12 08:20,2375
2018-07-12 08:25,2388
2018-07-12 08:30,2384
2018-07-12 08:35,2411
2018-07-12 08:40,2405
2018-07-12 08:45,2397
2018-07-12 08:50,2411
2018-07-12 08:55,2398
2018-07-12 09:00,2392
2018-07-12 09:05,2399
2018-07-12 09:10,2418
2018-07-12 09:15,2418
2018-07-12 09:20,2459
2018-07-12 09:25,2468
2018-07-12 09:30,2521
2018-07-12 09:35,2524
2018-07-12 09:40,2531
2018-07-12 09:45,2578
2018-07-12 09:50,2577
2018-07-12 09:55,2636
2018-07-12 10:00,2649
2018-07-12 10:05,2642
2018-07-12 10:10,2690
2018-07-12 10:15,2709
2018-07-12 10:20,2699
2018-07-12 10:25,2697
2018-07-12 10:30,2751
2018-07-12 10:35,2787
2018-07-12 10:40,2797
2018-07-12 10:45,2844
2018-07-12 10:50,2810
2018-07-12 10:55,2804
2018-07-12 11:00,2805
2018-07-12 11:05,2798
2018-07-12 11:10,2818
2018-07-12 11:15,2819
2018-07-12 11:20,2842
2018-07-12 11:25,2859
2018-07-12 11:30,2894
2018-07-12 11:35,2922
2018-07-12 11:40,2953
2018-07-12 11:45,2972
2018-07-12 11:50,2981
2018-07-12 11:55,2963
2018-07-12 12:00,2997
2018-07-12 12:05,3025
2018-07-12 12:10,3052
2018-07-12 12:15,2981
2018-07-12 12:20,2925
2018-07-12 12:25,2915
2018-07-12 12:30,3052
2018-07-12 12:35,3136
2018-07-12 12:40,3159
2018-07-12 12:45,3168
2018-07-12 12:50,3199
2018-07-12 12:55,3221
2018-07-12 13:00,3211
2018-07-12 13:05,3199
2018-07-12 13:10,3222
2018-07-12 13:15,3247
2018-07-12 13:20,3235
2018-07-12 13:25,3239
2018-07-12 13:30,3261
2018-07-12 13:35,3259
2018-07-12 13:40,3239
2018-07-12 13:45,3247
2018-07-12 13:50,3188
2018-07-12 13:55,3117
2018-07-12 14:00,2897
2018-07-12 14:05,2057
2018-07-12 14:10,2010
2018-07-12 14:15,2005
2018-07-12 14:20,2048
2018-07-12 14:25,2039
2018-07-12 14:30,2063
2018-07-12 14:35,2092
2018-07-12 14:40,2108
2018-07-12 14:45,2063
2018-07-12 14:50,2104
2018-07-12 14:55,2099
2018-07-12 15:00,2118
2018-07-12 15:05,2200
2018-07-12 15:10,2176
2018-07-12 15:15,2293
2018-07-12 15:20,2503
2018-07-12 15:25,2681
2018-07-12 15:30,2857
2018-07-12 15:35,2963
2018-07-12 15:40,3120
2018-07-12 15:45,3245
2018-07-12 15:50,3394
2018-07-12 15:55,3500
2018-07-12 16:00,3612
2018-07-12 16:05,3776
2018-07-12 16:10,3909
2018-07-12 16:15,3996
2018-07-12 16:20,4117
2018-07-12 16:25,4221
2018-07-12 16:30,4303
2018-07-12 16:35,4345
2018-07-12 16:40,4421
2018-07-12 16:45,4487
2018-07-12 16:50,4548
2018-07-12 16:55,4617
2018-07-12 17:00,4684
2018-07-12 17:05,4723
2018-07-12 17:10,4734
2018-07-12 17:15,4727
2018-07-12 17:20,4779
2018-07-12 17:25,4770
2018-07-12 17:30,4791
2018-07-12 17:35,4776
2018-07-12 17:40,4779
2018-07-12 17:45,4768
2018-07-12 17:50,4785
2018-07-12 17:55,4797
2018-07-12 18:00,4800
2018-07-12 18:05,4804
2018-07-12 18:10,4791
2018-07-12 18:15,4821
2018-07-12 18:20,4830
2018-07-12 18:25,4815
2018-07-12 18:30,4831
2018-07-12 18:35,4831
2018-07-12 18:40,4855
2018-07-12 18:45,4839
2018-07-12 18:50,4832
2018-07-12 18:55,4827
2018-07-12 19:00,4803
2018-07-12 19:05,4798
2018-07-12 19:10,4800
2018-07-12 19:15,4832
2018-07-12 19:20,4868
2018-07-12 19:25,4880
2018-07-12 19:30,4871
2018-07-12 19:35,4866
2018-07-12 19:40,4838
2018-07-12 19:45,4863
2018-07-12 19:50,4849
2018-07-12 19:55,4837
2018-07-12 20:00,4848
2018-07-12 20:05,4838
2018-07-12 20:10,4884
2018-07-12 20:15,4793
2018-07-12 20:20,4768
2018-07-12 20:25,4733
2018-07-12 20:30,4688
2018-07-12 20:35,4704
2018-07-12 20:40,4689
2018-07-12 20:45,4703
2018-07-12 20:50,4694
2018-07-12 20:55,4634
2018-07-12 21:00,4632
2018-07-12 21:05,4567
2018-07-12 21:10,4546
2018-07-12 21:15,4519
2018-07-12 21:20,4457
2018-07-12 21:25,4434
2018-07-12 21:30,4393
2018-07-12 21:35,4348
2018-07-12 21:40,4299
2018-07-12 21:45,4267
2018-07-12 21:50,4217
2018-07-12 21:55,4165
2018-07-12 22:00,4127
2018-07-12 22:05,4075
2018-07-12 22:10,4038
2018-07-12 22:15,3975
2018-07-12 22:20,3928
2018-07-12 22:25,3913
2018-07-12 22:30,3867
2018-07-12 22:35,3852
2018-07-12 22:40,3830
2018-07-12 22:45,3825
2018-07-12 22:50,3795
2018-07-12 22:55,3752
2018-07-12 23:00,3712
2018-07-12 23:05,3674
2018-07-12 23:10,3654
2018-07-12 23:15,3642
2018-07-12 23:20,3641
2018-07-12 23:25,3614
2018-07-12 23:30,3610
2018-07-12 23:35,3581
2018-07-12 23:40,3555
2018-07-12 23:45,
2018-07-12 23:50,
2018-07-12 23:55,
2018-07-13 00:00,3423
2018-07-13 00:05,3325
2018-07-13 00:10,3288
2018-07-13 00:15,3267
2018-07-13 00:20,3273
2018-07-13 00:25,3266
2018-07-13 00:30,3251
2018-07-13 00:35,3257
2018-07-13 00:40,3254
2018-07-13 00:45,3227
2018-07-13 00:50,3203
2018-07-13 00:55,3223
2018-07-13 01:00,3222
2018-07-13 01:05,3223
2018-07-13 01:10,3197
2018-07-13 01:15,3217
2018-07-13 01:20,3272
2018-07-13 01:25,3282
2018-07-13 01:30,3268
2018-07-13 01:35,3250
2018-07-13 01:40,3251
2018-07-13 01:45,3231
2018-07-13 01:50,3225
2018-07-13 01:55,3239
2018-07-13 02:00,3247
2018-07-13 02:05,3250
2018-07-13 02:10,3248
2018-07-13 02:15,3203
2018-07-13 02:20,3206
2018-07-13 02:25,3207
2018-07-13 02:30,3178
2018-07-13 02:35,3136
2018-07-13 02:40,3111
2018-07-13 02:45,3109
2018-07-13 02:50,3069
2018-07-13 02:55,3065
2018-07-13 03:00,3067
2018-07-13 03:05,3042
2018-07-13 03:10,3031
2018-07-13 03:15,3023
2018-07-13 03:20,2985
2018-07-13 03:25,2947
2018-07-13 03:30,2894
2018-07-13 03:35,2866
2018-07-13 03:40,2824
2018-07-13 03:45,2804
2018-07-13 03:50,2791
2018-07-13 03:55,2751
2018-07-13 04:00,2736
2018-07-13 04:05,2754
2018-07-13 04:10,2723
2018-07-13 04:15,2696
2018-07-13 04:20,2674
2018-07-13 04:25,2656
2018-07-13 04:30,2635
2018-07-13 04:35,2627
2018-07-13 04:40,2608
2018-07-13 04:45,2593
2018-07-13 04:50,2610
2018-07-13 04:55,2602
2018-07-13 05:00,2562
2018-07-13 05:05,2536
2018-07-13 05:10,2476
2018-07-13 05:15,2466
2018-07-13 05:20,2478
2018-07-13 05:25,2477
2018-07-13 05:30,2446
2018-07-13 05:35,2426
2018-07-13 05:40,2437
2018-07-13 05:45,2419
2018-07-13 05:50,2428
2018-07-13 05:55,2432
2018-07-13 06:00,2430
2018-07-13 06:05,2409
2018-07-13 06:10,2369
2018-07-13 06:15,2363
2018-07-13 06:20,2365
2018-07-13 06:25,2384
2018-07-13 06:30,2393
2018-07-13 06:35,2392
2018-07-13 06:40,2403
2018-07-13 06:45,2401
2018-07-13 06:50,2387
2018-07-13 06:55,2402
2018-07-13 07:00,2417
2018-07-13 07:05,2387
2018-07-13 07:10,2427
2018-07-13 07:15,2423
2018-07-13 07:20,2443
2018-07-13 07:25,2462
2018-07-13 07:30,2482
2018-07-13 07:35,2487
2018-07-13 07:40,2495
2018-07-13 07:45,2508
2018-07-13 07:50,2537
2018-07-13 07:55,2576
2018-07-13 08:00,2578
2018-07-13 08:05,2561
2018-07-13 08:10,2550
2018-07-13 08:15,2563
2018-07-13 08:20,2579
2018-07-13 08:25,2625
2018-07-13 08:30,2541
2018-07-13 08:35,2534
2018-07-13 08:40,2540
2018-07-13 08:45,2545
2018-07-13 08:50,2561
2018-07-13 08:55,2575
2018-07-13 09:00,2563
2018-07-13 09:05,2566
2018-07-13 09:10,2606
2018-07-13 09:15,2636
2018-07-13 09:20,2653
2018-07-13 09:25,2673
2018-07-13 09:30,2689
2018-07-13 09:35,2695
2018-07-13 09:40,2717
2018-07-13 09:45,2765
2018-07-13 09:50,2771
2018-07-13 09:55,2809
2018-07-13 10:00,2822
2018-07-13 10:05,2833
2018-07-13 10:10,2861
2018-07-13 10:15,2913
2018-07-13 10:20,2918
2018-07-13 10:25,2930
2018-07-13 10:30,2997
2018-07-13 10:35,3042
2018-07-13 10:40,3072
2018-07-13 10:45,3071
2018-07-13 10:50,3105
2018-07-13 10:55,3123
2018-07-13 11:00,3135
2018-07-13 11:05,3157
2018-07-13 11:10,3185
2018-07-13 11:15,3196
2018-07-13 11:20,3198
2018-07-13 11:25,3195
2018-07-13 11:30,3240
2018-07-13 11:35,3276
2018-07-13 11:40,3324
2018-07-13 11:45,3351
2018-07-13 11:50,3340
2018-07-13 11:55,3345
2018-07-13 12:00,3360
2018-07-13 12:05,3328
2018-07-13 12:10,3342
2018-07-13 12:15,3343
2018-07-13 12:20,3345
2018-07-13 12:25,3391
2018-07-13 12:30,3398
2018-07-13 12:35,3414
2018-07-13 12:40,3417
2018-07-13 12:45,3414
2018-07-13 12:50,3442
2018-07-13 12:55,3456
2018-07-13 13:00,3485
2018-07-13 13:05,3531
2018-07-13 13:10,3565
2018-07-13 13:15,3547
2018-07-13 13:20,3604
2018-07-13 13:25,3625
2018-07-13 13:30,3634
2018-07-13 13:35,3666
2018-07-13 13:40,3657
2018-07-13 13:45,3693
2018-07-13 13:50,3727
2018-07-13 13:55,3758
2018-07-13 14:00,3754
2018-07-13 14:05,3786
2018-07-13 14:10,3802
2018-07-13 14:15,3813
2018-07-13 14:20,3831
2018-07-13 14:25,3860
2018-07-13 14:30,3835
2018-07-13 14:35,3883
2018-07-13 14:40,3882
2018-07-13 14:45,3957
2018-07-13 14:50,3981
2018-07-13 14:55,3970
2018-07-13 15:00,3994
2018-07-13 15:05,4023
2018-07-13 15:10,4010
2018-07-13 15:15,4034
2018-07-13 15:20,4069
2018-07-13 15:25,4099
2018-07-13 15:30,4062
2018-07-13 15:35,4098
2018-07-13 15:40,4108
2018-07-13 15:45,4140
2018-07-13 15:50,4154
2018-07-13 15:55,4183
2018-07-13 16:00,4226
2018-07-13 16:05,4221
2018-07-13 16:10,4230
2018-07-13 16:15,4243
2018-07-13 16:20,4207
2018-07-13 16:25,4238
2018-07-13 16:30,4244
2018-07-13 16:35,4264
2018-07-13 16:40,4279
2018-07-13 16:45,4269
2018-07-13 16:50,4277
2018-07-13 16:55,4280
2018-07-13 17:00,4313
2018-07-13 17:05,4328
2018-07-13 17:10,4327
2018-07-13 17:15,4361
2018-07-13 17:20,4380
2018-07-13 17:25,4401
2018-07-13 17:30,4397
2018-07-13 17:35,4388
2018-07-13 17:40,4400
2018-07-13 17:45,4417
2018-07-13 17:50,4417
2018-07-13 17:55,4419
2018-07-13 18:00,4453
2018-07-13 18:05,4443
2018-07-13 18:10,4447
2018-07-13 18:15,4471
2018-07-13 18:20,4483
2018-07-13 18:25,4499
2018-07-13 18:30,4516
2018-07-13 18:35,4521
2018-07-13 18:40,4538
2018-07-13 18:45,4545
2018-07-13 18:50,4553
2018-07-13 18:55,4564
2018-07-13 19:00,4564
2018-07-13 19:05,4560
2018-07-13 19:10,4573
2018-07-13 19:15,4618
2018-07-13 19:20,4627
2018-07-13 19:25,4621
2018-07-13 19:30,4671
2018-07-13 19:35,4641
2018-07-13 19:40,4623
2018-07-13 19:45,4627
2018-07-13 19:50,4627
2018-07-13 19:55,4658
2018-07-13 20:00,4660
2018-07-13 20:05,4668
2018-07-13 20:10,4645
2018-07-13 20:15,4638
2018-07-13 20:20,4639
2018-07-13 20:25,4661
2018-07-13 20:30,4623
2018-07-13 20:35,4610
2018-07-13 20:40,4588
2018-07-13 20:45,4572
2018-07-13 20:50,4572
2018-07-13 20:55,4555
2018-07-13 21:00,4510
2018-07-13 21:05,4481
2018-07-13 21:10,4481
2018-07-13 21:15,4392
2018-07-13 21:20,4323
2018-07-13 21:25,4308
2018-07-13 21:30,4276
2018-07-13 21:35,4276
2018-07-13 21:40,4193
2018-07-13 21:45,4160
2018-07-13 21:50,4119
2018-07-13 21:55,4050
2018-07-13 22:00,4007
2018-07-13 22:05,3956
2018-07-13 22:10,3940
2018-07-13 22:15,3891
2018-07-13 22:20,3847
2018-07-13 22:25,3801
2018-07-13 22:30,3768
2018-07-13 22:35,3768
2018-07-13 22:40,3716
2018-07-13 22:45,3682
2018-07-13 22:50,
2018-07-13 22:55,
2018-07-13 23:00,3603
2018-07-13 23:05,3571
2018-07-13 23:10,3542
2018-07-13 23:15,3523
2018-07-13 23:20,3483
2018-07-13 23:25,3493
2018-07-13 23:30,3467
2018-07-13 23:35,3434
2018-07-13 23:40,3420
2018-07-13 23:45,3393
2018-07-13 23:50,3356
2018-07-13 23:55,3369
2018-07-14 00:00,3351
2018-07-14 00:05,3328
2018-07-14 00:10,3334
2018-07-14 00:15,3317
2018-07-14 00:20,3316
2018-07-14 00:25,3292
2018-07-14 00:30,3262
2018-07-14 00:35,3243
2018-07-14 00:40,0
2018-07-14 00:45,3237
2018-07-14 00:50,3197
2018-07-14 00:55,3200
2018-07-14 01:00,3194
2018-07-14 01:05,3185
2018-07-14 01:10,3169
2018-07-14 01:15,3143
2018-07-14 01:20,3129
2018-07-14 01:25,3127
2018-07-14 01:30,3112
2018-07-14 01:35,3109
2018-07-14 01:40,3109
2018-07-14 01:45,3119
2018-07-14 01:50,3109
2018-07-14 01:55,3104
2018-07-14 02:00,3109
2018-07-14 02:05,3095
2018-07-14 02:10,3071
2018-07-14 02:15,3049
2018-07-14 02:20,3040
2018-07-14 02:25,3037
2018-07-14 02:30,3012
2018-07-14 02:35,2969
2018-07-14 02:40,2969
2018-07-14 02:45,2952
2018-07-14 02:50,2933
2018-07-14 02:55,2926
2018-07-14 03:00,2916
2018-07-14 03:05,2879
2018-07-14 03:10,2885
2018-07-14 03:15,2876
2018-07-14 03:20,2874
2018-07-14 03:25,2840
2018-07-14 03:30,2826
2018-07-14 03:35,2830
2018-07-14 03:40,2830
2018-07-14 03:45,2826
2018-07-14 03:50,2788
2018-07-14 03:55,2771
2018-07-14 04:00,2750
2018-07-14 04:05,2755
2018-07-14 04:10,2731
2018-07-14 04:15,2730
2018-07-14 04:20,2718
2018-07-14 04:25,2733
2018-07-14 04:30,2735
2018-07-14 04:35,2693
2018-07-14 04:40,2693
2018-07-14 04:45,2676
2018-07-14 04:50,2682
2018-07-14 04:55,2669
2018-07-14 05:00,2654
2018-07-14 05:05,2646
2018-07-14 05:10,2626
2018-07-14 05:15,2604
2018-07-14 05:20,2604
2018-07-14 05:25,2604
2018-07-14 05:30,2604
2018-07-14 05:35,2606
2018-07-14 05:40,2606
2018-07-14 05:45,2584
2018-07-14 05:50,2589
2018-07-14 05:55,2579
2018-07-14 06:00,2583
2018-07-14 06:05,2571
2018-07-14 06:10,2564
2018-07-14 06:15,2543
2018-07-14 06:20,2546
2018-07-14 06:25,2546
2018-07-14 06:30,2549
2018-07-14 06:35,2549
2018-07-14 06:40,2563
2018-07-14 06:45,2559
2018-07-14 06:50,2549
2018-07-14 06:55,2550
2018-07-14 07:00,2578
2018-07-14 07:05,2578
2018-07-14 07:10,2605
2018-07-14 07:15,2605
2018-07-14 07:20,2631
2018-07-14 07:25,2631
2018-07-14 07:30,2669
2018-07-14 07:35,2674
2018-07-14 07:40,2699
2018-07-14 07:45,2746
2018-07-14 07:50,2746
2018-07-14 07:55,2770
2018-07-14 08:00,2782
2018-07-14 08:05,2782
2018-07-14 08:10,2815
2018-07-14 08:15,2815
2018-07-14 08:20,2862
2018-07-14 08:25,2862
2018-07-14 08:30,2881
2018-07-14 08:35,2889
2018-07-14 08:40,2930
2018-07-14 08:45,2933
2018-07-14 08:50,2947
2018-07-14 08:55,2963
2018-07-14 09:00,2984
2018-07-14 09:05,2984
2018-07-14 09:10,3008
2018-07-14 09:15,3049
2018-07-14 09:20,3078
2018-07-14 09:25,3112
2018-07-14 09:30,3153
2018-07-14 09:35,3155
2018-07-14 09:40,3173
2018-07-14 09:45,3204
2018-07-14 09:50,3226
2018-07-14 09:55,3246
2018-07-14 10:00,3255
2018-07-14 10:05,3255
2018-07-14 10:10,3317
2018-07-14 10:15,3361
2018-07-14 10:20,3410
2018-07-14 10:25,3475
2018-07-14 10:30,3514
2018-07-14 10:35,3592
2018-07-14 10:40,3614
2018-07-14 10:45,3648
2018-07-14 10:50,3577
2018-07-14 10:55,3595
2018-07-14 11:00,3619
2018-07-14 11:05,3612
2018-07-14 11:10,3654
2018-07-14 11:15,3661
2018-07-14 11:20,3654
2018-07-14 11:25,3670
2018-07-14 11:30,3701
2018-07-14 11:35,3727
2018-07-14 11:40,3763
2018-07-14 11:45,3767
2018-07-14 11:50,3794
2018-07-14 11:55,3811
2018-07-14 12:00,3805
2018-07-14 12:05,3797
2018-07-14 12:10,3840
2018-07-14 12:15,3860
2018-07-14 12:20,3868
2018-07-14 12:25,3895
2018-07-14 12:30,3895
2018-07-14 12:35,3954
2018-07-14 12:40,4011
2018-07-14 12:45,4022
2018-07-14 12:50,4067
2018-07-14 12:55,4104
2018-07-14 13:00,4127
2018-07-14 13:05,4100
2018-07-14 13:10,4116
2018-07-14 13:15,4135
2018-07-14 13:20,4169
2018-07-14 13:25,4213
2018-07-14 13:30,4254
2018-07-14 13:35,4240
2018-07-14 13:40,4233
2018-07-14 13:45,4275
2018-07-14 13:50,4282
2018-07-14 13:55,4287
2018-07-14 14:00,4273
2018-07-14 14:05,4248
2018-07-14 14:10,4299
2018-07-14 14:15,4331
2018-07-14 14:20,4352
2018-07-14 14:25,4345
2018-07-14 14:30,4364
2018-07-14 14:35,4366
2018-07-14 14:40,4380
2018-07-14 14:45,4394
2018-07-14 14:50,4399
2018-07-14 14:55,4418
2018-07-14 15:00,4456
2018-07-14 15:05,4441
2018-07-14 15:10,4469
2018-07-14 15:15,4502
2018-07-14 15:20,4502
2018-07-14 15:25,4516
2018-07-14 15:30,4534
2018-07-14 15:35,4547
2018-07-14 15:40,4530
2018-07-14 15:45,4570
2018-07-14 15:50,4570
2018-07-14 15:55,4567
2018-07-14 16:00,4557
2018-07-14 16:05,4577
2018-07-14 16:10,4614
2018-07-14 16:15,4627
2018-07-14 16:20,4665
2018-07-14 16:25,4682
2018-07-14 16:30,4721
2018-07-14 16:35,4721
2018-07-14 16:40,4741
2018-07-14 16:45,4750
2018-07-14 16:50,4727
2018-07-14 16:55,4740
2018-07-14 17:00,4751
2018-07-14 17:05,4750
2018-07-14 17:10,4750
2018-07-14 17:15,4747
2018-07-14 17:20,4749
2018-07-14 17:25,4759
2018-07-14 17:30,4717
2018-07-14 17:35,4767
2018-07-14 17:40,4782
2018-07-14 17:45,4800
2018-07-14 17:50,4808
2018-07-14 17:55,4793
2018-07-14 18:00,4804
2018-07-14 18:05,4834
2018-07-14 18:10,4884
2018-07-14 18:15,4884
2018-07-14 18:20,4897
2018-07-14 18:25,4925
2018-07-14 18:30,4935
2018-07-14 18:35,4966
2018-07-14 18:40,4954
2018-07-14 18:45,4985
2018-07-14 18:50,4994
2018-07-14 18:55,4975
2018-07-14 19:00,4995
2018-07-14 19:05,4981
2018-07-14 19:10,4947
2018-07-14 19:15,4930
2018-07-14 19:20,4929
2018-07-14 19:25,4933
2018-07-14 19:30,4935
2018-07-14 19:35,4967
2018-07-14 19:40,4981
2018-07-14 19:45,5008
2018-07-14 19:50,5002
2018-07-14 19:55,5002
2018-07-14 20:00,4983
2018-07-14 20:05,4969
2018-07-14 20:10,4962
2018-07-14 20:15,4968
2018-07-14 20:20,4869
2018-07-14 20:25,4868
2018-07-14 20:30,4850
2018-07-14 20:35,4809
2018-07-14 20:40,4772
2018-07-14 20:45,4736
2018-07-14 20:50,4715
2018-07-14 20:55,4662
2018-07-14 21:00,4646
2018-07-14 21:05,4625
2018-07-14 21:10,4601
2018-07-14 21:15,4575
2018-07-14 21:20,4527
2018-07-14 21:25,4576
2018-07-14 21:30,4548
2018-07-14 21:35,4530
2018-07-14 21:40,4476
2018-07-14 21:45,4442
2018-07-14 21:50,4435
2018-07-14 21:55,4399
2018-07-14 22:00,4339
2018-07-14 22:05,4280
2018-07-14 22:10,4302
2018-07-14 22:15,4282
2018-07-14 22:20,4219
2018-07-14 22:25,4166
2018-07-14 22:30,4149
2018-07-14 22:35,4073
2018-07-14 22:40,4049
2018-07-14 22:45,4000
2018-07-14 22:50,3961
2018-07-14 22:55,3907
2018-07-14 23:00,3899
2018-07-14 23:05,3864
2018-07-14 23:10,3815
2018-07-14 23:15,3764
2018-07-14 23:20,3741
2018-07-14 23:25,3738
2018-07-14 23:30,3708
2018-07-14 23:35,3684
2018-07-14 23:40,3677
2018-07-14 23:45,3612
2018-07-14 23:50,3593
2018-07-14 23:55,3572
2018-07-15 00:00,3552
2018-07-15 00:05,3472
2018-07-15 00:10,3467
2018-07-15 00:15,3405
2018-07-15 00:20,3402
2018-07-15 00:25,3393
2018-07-15 00:30,3372
2018-07-15 00:35,3378
2018-07-15 00:40,3374
2018-07-15 00:45,3369
2018-07-15 00:50,3354
2018-07-15 00:55,3302
2018-07-15 01:00,3291
2018-07-15 01:05,3268
2018-07-15 01:10,3262
2018-07-15 01:15,
2018-07-15 01:20,
2018-07-15 01:25,
2018-07-15 01:30,3239
2018-07-15 01:35,3203
2018-07-15 01:40,3178
2018-07-15 01:45,3155
2018-07-15 01:50,3156
2018-07-15 01:55,3145
2018-07-15 02:00,3150
2018-07-15 02:05,3103
2018-07-15 02:10,3147
2018-07-15 02:15,3136
2018-07-15 02:20,3136
2018-07-15 02:25,3117
2018-07-15 02:30,3143
2018-07-15 02:35,3103
2018-07-15 02:40,3088
2018-07-15 02:45,3062
2018-07-15 02:50,3041
2018-07-15 02:55,3047
2018-07-15 03:00,3070
2018-07-15 03:05,3025
2018-07-15 03:10,3006
2018-07-15 03:15,3002
2018-07-15 03:20,3008
2018-07-15 03:25,2975
2018-07-15 03:30,2975
2018-07-15 03:35,2939
2018-07-15 03:40,2946
2018-07-15 03:45,2902
2018-07-15 03:50,2890
2018-07-15 03:55,2885
2018-07-15 04:00,2895
2018-07-15 04:05,2842
2018-07-15 04:10,2872
2018-07-15 04:15,2845
2018-07-15 04:20,2823
2018-07-15 04:25,2825
2018-07-15 04:30,2808
2018-07-15 04:35,2788
2018-07-15 04:40,2778
2018-07-15 04:45,2761
2018-07-15 04:50,2750
2018-07-15 04:55,2736
2018-07-15 05:00,2727
2018-07-15 05:05,2730
2018-07-15 05:10,2727
2018-07-15 05:15,2693
2018-07-15 05:20,2677
2018-07-15 05:25,2685
2018-07-15 05:30,2677
2018-07-15 05:35,2666
2018-07-15 05:40,2676
2018-07-15 05:45,2700
2018-07-15 05:50,2689
2018-07-15 05:55,2693
2018-07-15 06:00,2686
2018-07-15 06:05,2656
2018-07-15 06:10,2677
2018-07-15 06:15,2715
2018-07-15 06:20,2704
2018-07-15 06:25,2675
2018-07-15 06:30,2694
2018-07-15 06:35,2694
2018-07-15 06:40,2716
2018-07-15 06:45,2698
2018-07-15 06:50,2683
2018-07-15 06:55,2717
2018-07-15 07:00,2751
2018-07-15 07:05,2744
2018-07-15 07:10,2759
2018-07-15 07:15,2748
2018-07-15 07:20,2781
2018-07-15 07:25,2796
2018-07-15 07:30,2813
2018-07-15 07:35,2827
2018-07-15 07:40,2838
2018-07-15 07:45,2853
2018-07-15 07:50,2868
2018-07-15 07:55,2888
2018-07-15 08:00,2924
2018-07-15 08:05,2914
2018-07-15 08:10,2959
2018-07-15 08:15,3012
2018-07-15 08:20,3051
2018-07-15 08:25,3081
2018-07-15 08:30,3110
2018-07-15 08:35,3142
2018-07-15 08:40,3188
2018-07-15 08:45,3223
2018-07-15 08:50,3238
2018-07-15 08:55,3250
2018-07-15 09:00,3280
2018-07-15 09:05,3304
2018-07-15 09:10,3327
2018-07-15 09:15,3357
2018-07-15 09:20,3349
2018-07-15 09:25,3368
2018-07-15 09:30,3391
2018-07-15 09:35,3421
2018-07-15 09:40,3407
2018-07-15 09:45,3405
2018-07-15 09:50,3428
2018-07-15 09:55,3453
2018-07-15 10:00,3493
2018-07-15 10:05,3489
2018-07-15 10:10,3569
2018-07-15 10:15,3600
2018-07-15 10:20,3643
2018-07-15 10:25,3654
2018-07-15 10:30,3704
2018-07-15 10:35,3719
2018-07-15 10:40,3772
2018-07-15 10:45,3783
2018-07-15 10:50,3803
2018-07-15 10:55,3843
2018-07-15 11:00,3874
2018-07-15 11:05,3892
2018-07-15 11:10,3920
2018-07-15 11:15,3959
2018-07-15 11:20,3962
2018-07-15 11:25,3974
2018-07-15 11:30,4002
2018-07-15 11:35,4016
2018-07-15 11:40,4033
2018-07-15 11:45,4031
2018-07-15 11:50,4031
2018-07-15 11:55,4035
2018-07-15 12:00,4058
2018-07-15 12:05,4054
2018-07-15 12:10,4094
2018-07-15 12:15,4102
2018-07-15 12:20,4114
2018-07-15 12:25,4137
2018-07-15 12:30,4160
2018-07-15 12:35,4177
2018-07-15 12:40,4195
2018-07-15 12:45,4207
2018-07-15 12:50,4235
2018-07-15 12:55,4242
2018-07-15 13:00,4270
2018-07-15 13:05,4281
2018-07-15 13:10,4307
2018-07-15 13:15,4290
2018-07-15 13:20,4291
2018-07-15 13:25,4324
2018-07-15 13:30,4330
2018-07-15 13:35,4374
2018-07-15 13:40,4375
2018-07-15 13:45,4420
2018-07-15 13:50,4428
2018-07-15 13:55,4421
2018-07-15 14:00,4493
2018-07-15 14:05,4458
2018-07-15 14:10,4508
2018-07-15 14:15,4551
2018-07-15 14:20,4569
2018-07-15 14:25,4616
2018-07-15 14:30,4620
2018-07-15 14:35,4652
2018-07-15 14:40,4664
2018-07-15 14:45,4650
2018-07-15 14:50,4660
2018-07-15 14:55,4665
2018-07-15 15:00,4621
2018-07-15 15:05,4570
2018-07-15 15:10,4547
2018-07-15 15:15,4546
2018-07-15 15:20,4543
2018-07-15 15:25,4585
2018-07-15 15:30,4584
2018-07-15 15:35,4604
2018-07-15 15:40,4608
2018-07-15 15:45,4616
2018-07-15 15:50,4641
2018-07-15 15:55,4663
2018-07-15 16:00,4757
2018-07-15 16:05,4753
2018-07-15 16:10,4818
2018-07-15 16:15,4818
2018-07-15 16:20,4828
2018-07-15 16:25,4827
2018-07-15 16:30,4856
2018-07-15 16:35,4867
2018-07-15 16:40,4881
2018-07-15 16:45,4864
2018-07-15 16:50,4890
2018-07-15 16:55,4876
2018-07-15 17:00,4868
2018-07-15 17:05,4919
2018-07-15 17:10,4992
2018-07-15 17:15,5041
2018-07-15 17:20,5088
2018-07-15 17:25,5105
2018-07-15 17:30,5115
2018-07-15 17:35,5134
2018-07-15 17:40,5167
2018-07-15 17:45,5169
2018-07-15 17:50,5229
2018-07-15 17:55,5208
2018-07-15 18:00,5250
2018-07-15 18:05,5246
2018-07-15 18:10,5342
2018-07-15 18:15,5345
2018-07-15 18:20,5344
2018-07-15 18:25,5391
2018-07-15 18:30,5392
2018-07-15 18:35,5395
2018-07-15 18:40,5429
2018-07-15 18:45,5439
2018-07-15 18:50,5419
2018-07-15 18:55,5421
2018-07-15 19:00,5393
2018-07-15 19:05,5375
2018-07-15 19:10,5359
2018-07-15 19:15,5357
2018-07-15 19:20,5357
2018-07-15 19:25,5331
2018-07-15 19:30,5316
2018-07-15 19:35,5327
2018-07-15 19:40,5357
2018-07-15 19:45,5345
2018-07-15 19:50,5335
2018-07-15 19:55,5342
2018-07-15 20:00,5350
2018-07-15 20:05,5302
2018-07-15 20:10,5324
2018-07-15 20:15,5277
2018-07-15 20:20,5273
2018-07-15 20:25,5212
2018-07-15 20:30,5178
2018-07-15 20:35,5120
2018-07-15 20:40,5082
2018-07-15 20:45,5046
2018-07-15 20:50,5013
2018-07-15 20:55,4941
2018-07-15 21:00,4955
2018-07-15 21:05,4902
2018-07-15 21:10,4864
2018-07-15 21:15,4803
2018-07-15 21:20,4776
2018-07-15 21:25,4756
2018-07-15 21:30,4694
2018-07-15 21:35,4631
2018-07-15 21:40,4548
2018-07-15 21:45,4502
2018-07-15 21:50,4506
2018-07-15 21:55,4429
2018-07-15 22:00,4362
2018-07-15 22:05,4270
2018-07-15 22:10,4261
2018-07-15 22:15,4224
2018-07-15 22:20,4187
2018-07-15 22:25,4171
2018-07-15 22:30,4124
2018-07-15 22:35,4057
2018-07-15 22:40,4013
2018-07-15 22:45,3977
2018-07-15 22:50,3909
2018-07-15 22:55,3890
2018-07-15 23:00,3871
2018-07-15 23:05,3849
2018-07-15 23:10,3814
2018-07-15 23:15,3762
2018-07-15 23:20,3728
2018-07-15 23:25,3719
2018-07-15 23:30,3685
2018-07-15 23:35,3676
2018-07-15 23:40,3669
2018-07-15 23:45,3654
2018-07-15 23:50,3647
2018-07-15 23:55,3602
2018-07-16 00:00,3578
2018-07-16 00:05,3542
2018-07-16 00:10,3534
2018-07-16 00:15,3507
2018-07-16 00:20,3514
2018-07-16 00:25,3496
2018-07-16 00:30,3468
2018-07-16 00:35,3432
2018-07-16 00:40,3426
2018-07-16 00:45,3391
2018-07-16 00:50,3371
2018-07-16 00:55,3345
2018-07-16 01:00,3297
2018-07-16 01:05,3300
2018-07-16 01:10,3309
2018-07-16 01:15,3303
2018-07-16 01:20,3274
2018-07-16 01:25,3242
2018-07-16 01:30,3203
2018-07-16 01:35,3179
2018-07-16 01:40,3193
2018-07-16 01:45,3196
2018-07-16 01:50,3177
2018-07-16 01:55,3163
2018-07-16 02:00,3152
2018-07-16 02:05,3103
2018-07-16 02:10,3106
2018-07-16 02:15,3122
2018-07-16 02:20,3101
2018-07-16 02:25,3096
2018-07-16 02:30,3072
2018-07-16 02:35,3042
2018-07-16 02:40,3017
2018-07-16 02:45,3013
2018-07-16 02:50,2997
2018-07-16 02:55,2977
2018-07-16 03:00,
2018-07-16 03:05,
2018-07-16 03:10,
2018-07-16 03:15,2824
2018-07-16 03:20,2819
2018-07-16 03:25,2828
2018-07-16 03:30,2794
2018-07-16 03:35,2796
2018-07-16 03:40,2759
2018-07-16 03:45,2757
2018-07-16 03:50,2739
2018-07-16 03:55,2717
2018-07-16 04:00,2690
2018-07-16 04:05,2655
2018-07-16 04:10,2644
2018-07-16 04:15,2629
2018-07-16 04:20,2616
2018-07-16 04:25,2614
2018-07-16 04:30,2590
2018-07-16 04:35,2550
2018-07-16 04:40,2503
2018-07-16 04:45,2488
2018-07-16 04:50,2485
2018-07-16 04:55,2451
2018-07-16 05:00,2413
2018-07-16 05:05,2377
2018-07-16 05:10,2374
2018-07-16 05:15,2367
2018-07-16 05:20,2338
2018-07-16 05:25,2318
2018-07-16 05:30,2327
2018-07-16 05:35,2294
2018-07-16 05:40,2278
2018-07-16 05:45,2298
2018-07-16 05:50,2288
2018-07-16 05:55,2286
2018-07-16 06:00,2283
2018-07-16 06:05,2264
2018-07-16 06:10,2240
2018-07-16 06:15,2233
2018-07-16 06:20,2241
2018-07-16 06:25,2262
2018-07-16 06:30,2272
2018-07-16 06:35,2272
2018-07-16 06:40,2289
2018-07-16 06:45,2290
2018-07-16 06:50,2287
2018-07-16 06:55,2285
2018-07-16 07:00,2296
2018-07-16 07:05,2335
2018-07-16 07:10,2342
2018-07-16 07:15,2353
2018-07-16 07:20,2345
2018-07-16 07:25,2345
2018-07-16 07:30,2372
2018-07-16 07:35,2357
2018-07-16 07:40,2374
2018-07-16 07:45,2390
2018-07-16 07:50,2397
2018-07-16 07:55,2409
2018-07-16 08:00,2423
2018-07-16 08:05,2441
2018-07-16 08:10,2457
2018-07-16 08:15,2491
2018-07-16 08:20,2531
2018-07-16 08:25,2540
2018-07-16 08:30,2550
2018-07-16 08:35,2575
2018-07-16 08:40,2572
2018-07-16 08:45,2602
2018-07-16 08:50,2624
2018-07-16 08:55,2642
2018-07-16 09:00,2665
2018-07-16 09:05,2693
2018-07-16 09:10,2705
2018-07-16 09:15,2716
2018-07-16 09:20,2727
2018-07-16 09:25,2739
2018-07-16 09:30,2759
2018-07-16 09:35,2763
2018-07-16 09:40,2756
2018-07-16 09:45,2776
2018-07-16 09:50,2786
2018-07-16 09:55,2803
2018-07-16 10:00,2798
2018-07-16 10:05,2855
2018-07-16 10:10,2928
2018-07-16 10:15,2946
2018-07-16 10:20,2980
2018-07-16 10:25,2995
2018-07-16 10:30,3009
2018-07-16 10:35,3053
2018-07-16 10:40,3075
2018-07-16 10:45,3084
2018-07-16 10:50,3129
2018-07-16 10:55,3154
2018-07-16 11:00,3178
2018-07-16 11:05,3197
2018-07-16 11:10,3228
2018-07-16 11:15,3271
2018-07-16 11:20,3283
2018-07-16 11:25,3304
2018-07-16 11:30,3309
2018-07-16 11:35,3309
2018-07-16 11:40,3329
2018-07-16 11:45,3364
2018-07-16 11:50,3419
2018-07-16 11:55,3411
2018-07-16 12:00,3426
2018-07-16 12:05,3411
2018-07-16 12:10,3476
2018-07-16 12:15,3483
2018-07-16 12:20,3506
2018-07-16 12:25,3499
2018-07-16 12:30,3497
2018-07-16 12:35,3504
2018-07-16 12:40,3522
2018-07-16 12:45,3565
2018-07-16 12:50,3580
2018-07-16 12:55,3597
2018-07-16 13:00,3596
2018-07-16 13:05,3626
2018-07-16 13:10,3644
2018-07-16 13:15,3654
2018-07-16 13:20,3679
2018-07-16 13:25,3689
2018-07-16 13:30,3717
2018-07-16 13:35,3726
2018-07-16 13:40,3745
2018-07-16 13:45,3772
2018-07-16 13:50,3819
2018-07-16 13:55,3812
2018-07-16 14:00,3828
2018-07-16 14:05,3806
2018-07-16 14:10,3825
2018-07-16 14:15,3837
2018-07-16 14:20,3864
2018-07-16 14:25,3866
2018-07-16 14:30,3914
2018-07-16 14:35,3906
2018-07-16 14:40,3943
2018-07-16 14:45,3953
2018-07-16 14:50,3985
2018-07-16 14:55,4011
2018-07-16 15:00,4031
2018-07-16 15:05,4049
2018-07-16 15:10,4043
2018-07-16 15:15,4093
2018-07-16 15:20,4125
2018-07-16 15:25,4187
2018-07-16 15:30,4178
2018-07-16 15:35,4224
2018-07-16 15:40,4227
2018-07-16 15:45,4266
2018-07-16 15:50,4271
2018-07-16 15:55,4282
2018-07-16 16:00,4319
2018-07-16 16:05,4365
2018-07-16 16:10,4392
2018-07-16 16:15,4421
2018-07-16 16:20,4454
2018-07-16 16:25,4478
2018-07-16 16:30,4522
2018-07-16 16:35,4565
2018-07-16 16:40,4584
2018-07-16 16:45,4624
2018-07-16 16:50,4628
2018-07-16 16:55,4634
2018-07-16 17:00,4653
2018-07-16 17:05,4637
2018-07-16 17:10,4635
2018-07-16 17:15,4656
2018-07-16 17:20,4671
2018-07-16 17:25,4664
2018-07-16 17:30,4700
2018-07-16 17:35,4691
2018-07-16 17:40,4681
2018-07-16 17:45,4685
2018-07-16 17:50,4709
2018-07-16 17:55,4728
2018-07-16 18:00,4731
2018-07-16 18:05,4766
2018-07-16 18:10,4780
2018-07-16 18:15,4748
2018-07-16 18:20,4738
2018-07-16 18:25,4791
2018-07-16 18:30,4783
2018-07-16 18:35,4773
2018-07-16 18:40,4811
2018-07-16 18:45,4818
2018-07-16 18:50,4828
2018-07-16 18:55,4823
2018-07-16 19:00,4820
2018-07-16 19:05,4836
2018-07-16 19:10,4853
2018-07-16 19:15,4864
2018-07-16 19:20,4866
2018-07-16 19:25,4902
2018-07-16 19:30,4916
2018-07-16 19:35,4917
2018-07-16 19:40,4928
2018-07-16 19:45,4941
2018-07-16 19:50,4917
2018-07-16 19:55,4906
2018-07-16 20:00,4887
2018-07-16 20:05,4865
2018-07-16 20:10,4880
2018-07-16 20:15,4840
2018-07-16 20:20,4839
2018-07-16 20:25,4841
2018-07-16 20:30,4821
2018-07-16 20:35,4820
2018-07-16 20:40,4806
2018-07-16 20:45,4758
2018-07-16 20:50,4719
2018-07-16 20:55,4696
2018-07-16 21:00,4654
2018-07-16 21:05,4607
2018-07-16 21:10,4599
2018-07-16 21:15,4570
2018-07-16 21:20,4549
2018-07-16 21:25,4506
2018-07-16 21:30,4434
2018-07-16 21:35,4350
2018-07-16 21:40,4306
2018-07-16 21:45,4259
2018-07-16 21:50,4238
2018-07-16 21:55,4158
2018-07-16 22:00,4122
2018-07-16 22:05,4062
2018-07-16 22:10,4054
2018-07-16 22:15,4012
2018-07-16 22:20,3966
2018-07-16 22:25,3938
2018-07-16 22:30,3936
2018-07-16 22:35,3918
2018-07-16 22:40,3896
2018-07-16 22:45,3882
2018-07-16 22:50,3856
2018-07-16 22:55,3836
2018-07-16 23:00,3825
2018-07-16 23:05,3840
2018-07-16 23:10,3808
2018-07-16 23:15,3788
2018-07-16 23:20,3783
2018-07-16 23:25,3745
2018-07-16 23:30,3763
2018-07-16 23:35,3716
2018-07-16 23:40,3713
2018-07-16 23:45,3686
2018-07-16 23:50,3661
2018-07-16 23:55,3638
2018-07-17 00:00,3611
2018-07-17 00:05,3593
2018-07-17 00:10,3603
2018-07-17 00:15,3594
2018-07-17 00:20,3590
2018-07-17 00:25,3543
2018-07-17 00:30,3509
2018-07-17 00:35,3501
2018-07-17 00:40,3479
2018-07-17 00:45,3436
2018-07-17 00:50,3416
2018-07-17 00:55,3382
2018-07-17 01:00,3381
2018-07-17 01:05,3361
2018-07-17 01:10,3331
2018-07-17 01:15,3314
2018-07-17 01:20,3319
2018-07-17 01:25,3279
2018-07-17 01:30,3243
2018-07-17 01:35,3263
2018-07-17 01:40,
2018-07-17 01:45,
2018-07-17 01:50,
2018-07-17 01:55,3193
2018-07-17 02:00,3183
2018-07-17 02:05,3145
2018-07-17 02:10,3146
2018-07-17 02:15,3110
2018-07-17 02:20,3085
2018-07-17 02:25,3074
2018-07-17 02:30,3067
2018-07-17 02:35,3079
2018-07-17 02:40,3052
2018-07-17 02:45,3021
2018-07-17 02:50,3008
2018-07-17 02:55,2998
2018-07-17 03:00,2950
2018-07-17 03:05,2940
2018-07-17 03:10,2938
2018-07-17 03:15,2885
2018-07-17 03:20,2871
2018-07-17 03:25,2851
2018-07-17 03:30,2810
2018-07-17 03:35,2777
2018-07-17 03:40,2779
2018-07-17 03:45,2786
2018-07-17 03:50,2768
2018-07-17 03:55,2740
2018-07-17 04:00,2755
2018-07-17 04:05,2698
2018-07-17 04:10,2688
2018-07-17 04:15,2671
2018-07-17 04:20,
2018-07-17 04:25,2678
2018-07-17 04:30,2657
2018-07-17 04:35,2641
2018-07-17 04:40,2614
2018-07-17 04:45,2585
2018-07-17 04:50,2576
2018-07-17 04:55,2512
2018-07-17 05:00,2474
2018-07-17 05:05,2440
2018-07-17 05:10,2438
2018-07-17 05:15,2425
2018-07-17 05:20,2401
2018-07-17 05:25,2415
2018-07-17 05:30,2411
2018-07-17 05:35,2398
2018-07-17 05:40,2366
2018-07-17 05:45,2342
2018-07-17 05:50,2321
2018-07-17 05:55,2314
2018-07-17 06:00,2315
2018-07-17 06:05,2325
2018-07-17 06:10,2313
2018-07-17 06:15,2313
2018-07-17 06:20,2314
2018-07-17 06:25,2321
2018-07-17 06:30,2320
2018-07-17 06:35,2324
2018-07-17 06:40,2316
2018-07-17 06:45,2316
2018-07-17 06:50,2305
2018-07-17 06:55,2317
2018-07-17 07:00,2326
2018-07-17 07:05,2340
2018-07-17 07:10,2350
2018-07-17 07:15,2346
2018-07-17 07:20,2351
2018-07-17 07:25,2355
2018-07-17 07:30,2372
2018-07-17 07:35,2371
2018-07-17 07:40,2391
2018-07-17 07:45,2390
2018-07-17 07:50,2401
2018-07-17 07:55,2416
2018-07-17 08:00,2450
2018-07-17 08:05,2463
2018-07-17 08:10,2486
2018-07-17 08:15,2479
2018-07-17 08:20,2490
2018-07-17 08:25,2523
2018-07-17 08:30,2552
2018-07-17 08:35,2579
2018-07-17 08:40,2610
2018-07-17 08:45,2607
2018-07-17 08:50,2631
2018-07-17 08:55,2633
2018-07-17 09:00,2685
2018-07-17 09:05,2713
2018-07-17 09:10,2743
2018-07-17 09:15,2767
2018-07-17 09:20,2775
2018-07-17 09:25,2778
2018-07-17 09:30,2829
2018-07-17 09:35,2840
2018-07-17 09:40,2862
2018-07-17 09:45,2883
2018-07-17 09:50,2901
2018-07-17 09:55,2919
2018-07-17 10:00,2930
2018-07-17 10:05,2952
2018-07-17 10:10,2968
2018-07-17 10:15,3013
2018-07-17 10:20,3019
2018-07-17 10:25,3031
2018-07-17 10:30,3058
2018-07-17 10:35,3063
2018-07-17 10:40,3064
2018-07-17 10:45,3067
2018-07-17 10:50,3081
2018-07-17 10:55,3102
2018-07-17 11:00,3126
2018-07-17 11:05,3167
2018-07-17 11:10,3212
2018-07-17 11:15,3280
2018-07-17 11:20,3331
2018-07-17 11:25,3339
2018-07-17 11:30,3303
2018-07-17 11:35,3296
2018-07-17 11:40,3284
2018-07-17 11:45,3345
2018-07-17 11:50,3382
2018-07-17 11:55,3400
2018-07-17 12:00,3424
2018-07-17 12:05,3412
2018-07-17 12:10,3403
2018-07-17 12:15,3434
2018-07-17 12:20,3446
2018-07-17 12:25,3459
2018-07-17 12:30,3501
2018-07-17 12:35,3517
2018-07-17 12:40,3527
2018-07-17 12:45,3549
2018-07-17 12:50,3564
2018-07-17 12:55,3584
2018-07-17 13:00,3593
2018-07-17 13:05,3585
2018-07-17 13:10,3601
2018-07-17 13:15,3606
2018-07-17 13:20,3645
2018-07-17 13:25,3667
2018-07-17 13:30,3679
2018-07-17 13:35,3674
2018-07-17 13:40,3726
2018-07-17 13:45,3744
2018-07-17 13:50,3763
2018-07-17 13:55,3775
2018-07-17 14:00,3779
2018-07-17 14:05,3806
2018-07-17 14:10,3838
2018-07-17 14:15,3883
2018-07-17 14:20,3902
2018-07-17 14:25,3920
2018-07-17 14:30,3925
2018-07-17 14:35,3945
2018-07-17 14:40,3979
2018-07-17 14:45,4008
2018-07-17 14:50,4016
2018-07-17 14:55,4033
2018-07-17 15:00,4030
2018-07-17 15:05,4083
2018-07-17 15:10,4098
2018-07-17 15:15,4131
2018-07-17 15:20,4179
2018-07-17 15:25,4227
2018-07-17 15:30,4255
2018-07-17 15:35,4292
2018-07-17 15:40,4345
2018-07-17 15:45,4357
2018-07-17 15:50,4375
2018-07-17 15:55,4356
2018-07-17 16:00,4373
2018-07-17 16:05,4367
2018-07-17 16:10,4421
2018-07-17 16:15,4461
2018-07-17 16:20,4458
2018-07-17 16:25,4524
2018-07-17 16:30,4532
2018-07-17 16:35,4575
2018-07-17 16:40,4624
2018-07-17 16:45,4633
2018-07-17 16:50,4655
2018-07-17 16:55,4656
2018-07-17 17:00,4633
2018-07-17 17:05,4668
2018-07-17 17:10,4688
2018-07-17 17:15,4703
2018-07-17 17:20,4725
2018-07-17 17:25,4734
2018-07-17 17:30,4704
2018-07-17 17:35,4741
2018-07-17 17:40,4759
2018-07-17 17:45,4790
2018-07-17 17:50,4804
2018-07-17 17:55,4835
2018-07-17 18:00,4851
2018-07-17 18:05,4794
2018-07-17 18:10,4692
2018-07-17 18:15,4704
2018-07-17 18:20,4718
2018-07-17 18:25,4730
2018-07-17 18:30,4740
2018-07-17 18:35,4773
2018-07-17 18:40,4765
2018-07-17 18:45,4767
2018-07-17 18:50,4750
2018-07-17 18:55,4778
2018-07-17 19:00,4789
2018-07-17 19:05,4777
2018-07-17 19:10,4808
2018-07-17 19:15,4853
2018-07-17 19:20,4803
2018-07-17 19:25,4755
2018-07-17 19:30,4760
2018-07-17 19:35,4778
2018-07-17 19:40,4780
2018-07-17 19:45,4769
2018-07-17 19:50,4779
2018-07-17 19:55,4764
2018-07-17 20:00,4732
2018-07-17 20:05,4681
2018-07-17 20:10,4673
2018-07-17 20:15,4624
2018-07-17 20:20,4600
2018-07-17 20:25,4578
2018-07-17 20:30,4542
2018-07-17 20:35,
2018-07-17 20:40,
2018-07-17 20:45,4449
2018-07-17 20:50,4395
2018-07-17 20:55,4210
2018-07-17 21:00,4274
2018-07-17 21:05,4248
2018-07-17 21:10,4232
2018-07-17 21:15,4173
2018-07-17 21:20,4147
2018-07-17 21:25,4123
2018-07-17 21:30,4111
2018-07-17 21:35,4041
2018-07-17 21:40,3997
2018-07-17 21:45,3979
2018-07-17 21:50,
2018-07-17 21:55,
2018-07-17 22:00,
2018-07-17 22:05,0
2018-07-17 22:10,3834
2018-07-17 22:15,3807
2018-07-17 22:20,3770
2018-07-17 22:25,3767
2018-07-17 22:30,3739
2018-07-17 22:35,3707
2018-07-17 22:40,3670
2018-07-17 22:45,3637
2018-07-17 22:50,3589
2018-07-17 22:55,3556
2018-07-17 23:00,3564
2018-07-17 23:05,3512
2018-07-17 23:10,3491
2018-07-17 23:15,3498
2018-07-17 23:20,3481
2018-07-17 23:25,0
2018-07-17 23:30,935
2018-07-17 23:35,1550
2018-07-17 23:40,2089
2018-07-17 23:45,2666
2018-07-17 23:50,3160
2018-07-17 23:55,3271
2018-07-18 00:00,3355
2018-07-18 00:05,3341
2018-07-18 00:10,3341
2018-07-18 00:15,3352
2018-07-18 00:20,3303
2018-07-18 00:25,3273
2018-07-18 00:30,3241
2018-07-18 00:35,3239
2018-07-18 00:40,3209
2018-07-18 00:45,3194
2018-07-18 00:50,3187
2018-07-18 00:55,3184
2018-07-18 01:00,3176
2018-07-18 01:05,3170
2018-07-18 01:10,3173
2018-07-18 01:15,3161
2018-07-18 01:20,3193
2018-07-18 01:25,3191
2018-07-18 01:30,3178
2018-07-18 01:35,3140
2018-07-18 01:40,3131
2018-07-18 01:45,3141
2018-07-18 01:50,3144
2018-07-18 01:55,3140
2018-07-18 02:00,3137
2018-07-18 02:05,3100
2018-07-18 02:10,3099
2018-07-18 02:15,3077
2018-07-18 02:20,3068
2018-07-18 02:25,3020
2018-07-18 02:30,3004
2018-07-18 02:35,2986
2018-07-18 02:40,2937
2018-07-18 02:45,2938
2018-07-18 02:50,2941
2018-07-18 02:55,2909
2018-07-18 03:00,2880
2018-07-18 03:05,2839
2018-07-18 03:10,2802
2018-07-18 03:15,2802
2018-07-18 03:20,2761
2018-07-18 03:25,2756
2018-07-18 03:30,2732
2018-07-18 03:35,2729
2018-07-18 03:40,2711
2018-07-18 03:45,2687
2018-07-18 03:50,2659
2018-07-18 03:55,2613
2018-07-18 04:00,2581
2018-07-18 04:05,2582
2018-07-18 04:10,2558
2018-07-18 04:15,2560
2018-07-18 04:20,2533
2018-07-18 04:25,2525
2018-07-18 04:30,2511
2018-07-18 04:35,2501
2018-07-18 04:40,2485
2018-07-18 04:45,2459
2018-07-18 04:50,2452
2018-07-18 04:55,2421
2018-07-18 05:00,2423
2018-07-18 05:05,2397
2018-07-18 05:10,2372
2018-07-18 05:15,2370
2018-07-18 05:20,2369
2018-07-18 05:25,2362
2018-07-18 05:30,2341
2018-07-18 05:35,2328
2018-07-18 05:40,2309
2018-07-18 05:45,2306
2018-07-18 05:50,2306
2018-07-18 05:55,2284
2018-07-18 06:00,2283
2018-07-18 06:05,2280
2018-07-18 06:10,2283
2018-07-18 06:15,2276
2018-07-18 06:20,2276
2018-07-18 06:25,2279
2018-07-18 06:30,2272
2018-07-18 06:35,2272
2018-07-18 06:40,2282
2018-07-18 06:45,2274
2018-07-18 06:50,2251
2018-07-18 06:55,2247
2018-07-18 07:00,2288
2018-07-18 07:05,2273
2018-07-18 07:10,2260
2018-07-18 07:15,2260
2018-07-18 07:20,2267
2018-07-18 07:25,2291
2018-07-18 07:30,2290
2018-07-18 07:35,2303
2018-07-18 07:40,2314
2018-07-18 07:45,2308
2018-07-18 07:50,2323
2018-07-18 07:55,2338
2018-07-18 08:00,2347
2018-07-18 08:05,2366
2018-07-18 08:10,2360
2018-07-18 08:15,2410
2018-07-18 08:20,2419
2018-07-18 08:25,2443
2018-07-18 08:30,2494
2018-07-18 08:35,2530
2018-07-18 08:40,2548
2018-07-18 08:45,2540
2018-07-18 08:50,2575
2018-07-18 08:55,2609
2018-07-18 09:00,2611
2018-07-18 09:05,2622
2018-07-18 09:10,2621
2018-07-18 09:15,2619
2018-07-18 09:20,2633
2018-07-18 09:25,2649
2018-07-18 09:30,2652
2018-07-18 09:35,2686
2018-07-18 09:40,2716
2018-07-18 09:45,2725
2018-07-18 09:50,2767
2018-07-18 09:55,2769
2018-07-18 10:00,2789
2018-07-18 10:05,2814
2018-07-18 10:10,2829
2018-07-18 10:15,2854
2018-07-18 10:20,2856
2018-07-18 10:25,2879
2018-07-18 10:30,2908
2018-07-18 10:35,2930
2018-07-18 10:40,2922
2018-07-18 10:45,2919
2018-07-18 10:50,2970
2018-07-18 10:55,2980
2018-07-18 11:00,2963
2018-07-18 11:05,2968
2018-07-18 11:10,2992
2018-07-18 11:15,3005
2018-07-18 11:20,3023
2018-07-18 11:25,3049
2018-07-18 11:30,3054
2018-07-18 11:35,3094
2018-07-18 11:40,3102
2018-07-18 11:45,3142
2018-07-18 11:50,3172
2018-07-18 11:55,3187
2018-07-18 12:00,3200
2018-07-18 12:05,3160
2018-07-18 12:10,3205
2018-07-18 12:15,3228
2018-07-18 12:20,3257
2018-07-18 12:25,3266
2018-07-18 12:30,3265
2018-07-18 12:35,3277
2018-07-18 12:40,3299
2018-07-18 12:45,3300
2018-07-18 12:50,3316
2018-07-18 12:55,3332
2018-07-18 13:00,3328
2018-07-18 13:05,3286
2018-07-18 13:10,3231
2018-07-18 13:15,3184
2018-07-18 13:20,3114
2018-07-18 13:25,2960
2018-07-18 13:30,2524
2018-07-18 13:35,1527
2018-07-18 13:40,1387
2018-07-18 13:45,1351
2018-07-18 13:50,1334
2018-07-18 13:55,1338
2018-07-18 14:00,1319
2018-07-18 14:05,1322
2018-07-18 14:10,1367
2018-07-18 14:15,1375
2018-07-18 14:20,1407
2018-07-18 14:25,1442
2018-07-18 14:30,1467
2018-07-18 14:35,1506
2018-07-18 14:40,1512
2018-07-18 14:45,1551
2018-07-18 14:50,1585
2018-07-18 14:55,1573
2018-07-18 15:00,1581
2018-07-18 15:05,1614
2018-07-18 15:10,1629
2018-07-18 15:15,1612
2018-07-18 15:20,1645
2018-07-18 15:25,1740
2018-07-18 15:30,2009
2018-07-18 15:35,2238
2018-07-18 15:40,2474
2018-07-18 15:45,2685
2018-07-18 15:50,2899
2018-07-18 15:55,3062
2018-07-18 16:00,3237
2018-07-18 16:05,3466
2018-07-18 16:10,3661
2018-07-18 16:15,3844
2018-07-18 16:20,3973
2018-07-18 16:25,4093
2018-07-18 16:30,4170
2018-07-18 16:35,4273
2018-07-18 16:40,4353
2018-07-18 16:45,4426
2018-07-18 16:50,4424
2018-07-18 16:55,4495
2018-07-18 17:00,4530
2018-07-18 17:05,4575
2018-07-18 17:10,4600
2018-07-18 17:15,4625
2018-07-18 17:20,4646
2018-07-18 17:25,4674
2018-07-18 17:30,4690
2018-07-18 17:35,4721
2018-07-18 17:40,4713
2018-07-18 17:45,4747
2018-07-18 17:50,4771
2018-07-18 17:55,4751
2018-07-18 18:00,4747
2018-07-18 18:05,4738
2018-07-18 18:10,4739
2018-07-18 18:15,4704
2018-07-18 18:20,4670
2018-07-18 18:25,4672
2018-07-18 18:30,4648
2018-07-18 18:35,4688
2018-07-18 18:40,4707
2018-07-18 18:45,4696
2018-07-18 18:50,4696
2018-07-18 18:55,4688
2018-07-18 19:00,4717
2018-07-18 19:05,4671
2018-07-18 19:10,4682
2018-07-18 19:15,4674
2018-07-18 19:20,4713
2018-07-18 19:25,4728
2018-07-18 19:30,4709
2018-07-18 19:35,4716
2018-07-18 19:40,4716
2018-07-18 19:45,4717
2018-07-18 19:50,4681
2018-07-18 19:55,4586
2018-07-18 20:00,4583
2018-07-18 20:05,4549
2018-07-18 20:10,4568
2018-07-18 20:15,4537
2018-07-18 20:20,4503
2018-07-18 20:25,4486
2018-07-18 20:30,4435
2018-07-18 20:35,4426
2018-07-18 20:40,4376
2018-07-18 20:45,4330
2018-07-18 20:50,4322
2018-07-18 20:55,4295
2018-07-18 21:00,4227
2018-07-18 21:05,4184
2018-07-18 21:10,4146
2018-07-18 21:15,4145
2018-07-18 21:20,4087
2018-07-18 21:25,4020
2018-07-18 21:30,3982
2018-07-18 21:35,3941
2018-07-18 21:40,3896
2018-07-18 21:45,3875
2018-07-18 21:50,3826
2018-07-18 21:55,3804
2018-07-18 22:00,3785
2018-07-18 22:05,3690
2018-07-18 22:10,3704
2018-07-18 22:15,3649
2018-07-18 22:20,3630
2018-07-18 22:25,3599
2018-07-18 22:30,3589
2018-07-18 22:35,3572
2018-07-18 22:40,3557
2018-07-18 22:45,3503
2018-07-18 22:50,3478
2018-07-18 22:55,3448
2018-07-18 23:00,3426
2018-07-18 23:05,3373
2018-07-18 23:10,3328
2018-07-18 23:15,3312
2018-07-18 23:20,3299
2018-07-18 23:25,3266
2018-07-18 23:30,3257
2018-07-18 23:35,3220
2018-07-18 23:40,3239
2018-07-18 23:45,3205
2018-07-18 23:50,3207
2018-07-18 23:55,3188
2018-07-19 00:00,3154
2018-07-19 00:05,3145
2018-07-19 00:10,3145
2018-07-19 00:15,3117
2018-07-19 00:20,3119
2018-07-19 00:25,3087
2018-07-19 00:30,3079
2018-07-19 00:35,3070
2018-07-19 00:40,3070
2018-07-19 00:45,3054
2018-07-19 00:50,3034
2018-07-19 00:55,3012
2018-07-19 01:00,2994
2018-07-19 01:05,2989
2018-07-19 01:10,2998
2018-07-19 01:15,2993
2018-07-19 01:20,2995
2018-07-19 01:25,3004
2018-07-19 01:30,3005
2018-07-19 01:35,2977
2018-07-19 01:40,2963
2018-07-19 01:45,2943
2018-07-19 01:50,2942
2018-07-19 01:55,2924
2018-07-19 02:00,2888
2018-07-19 02:05,2890
2018-07-19 02:10,2886
2018-07-19 02:15,2862
2018-07-19 02:20,2842
2018-07-19 02:25,2828
2018-07-19 02:30,2805
2018-07-19 02:35,2778
2018-07-19 02:40,2769
2018-07-19 02:45,2740
2018-07-19 02:50,2713
2018-07-19 02:55,2738
2018-07-19 03:00,2723
2018-07-19 03:05,2715
2018-07-19 03:10,2706
2018-07-19 03:15,2661
2018-07-19 03:20,2635
2018-07-19 03:25,2634
2018-07-19 03:30,2653
2018-07-19 03:35,2617
2018-07-19 03:40,2612
2018-07-19 03:45,2550
2018-07-19 03:50,2543
2018-07-19 03:55,2535
2018-07-19 04:00,2515
2018-07-19 04:05,2478
2018-07-19 04:10,2442
2018-07-19 04:15,2423
2018-07-19 04:20,2399
2018-07-19 04:25,2380
2018-07-19 04:30,2364
2018-07-19 04:35,2340
2018-07-19 04:40,2317
2018-07-19 04:45,2271
2018-07-19 04:50,2276
2018-07-19 04:55,2286
2018-07-19 05:00,2264
2018-07-19 05:05,2240
2018-07-19 05:10,2216
2018-07-19 05:15,2218
2018-07-19 05:20,2219
2018-07-19 05:25,2202
2018-07-19 05:30,2190
2018-07-19 05:35,2174
2018-07-19 05:40,2178
2018-07-19 05:45,2201
2018-07-19 05:50,2216
2018-07-19 05:55,2200
2018-07-19 06:00,2187
2018-07-19 06:05,2195
2018-07-19 06:10,2197
2018-07-19 06:15,2202
2018-07-19 06:20,2199
2018-07-19 06:25,2219
2018-07-19 06:30,2220
2018-07-19 06:35,2212
2018-07-19 06:40,2194
2018-07-19 06:45,2186
2018-07-19 06:50,2206
2018-07-19 06:55,2204
2018-07-19 07:00,2201
2018-07-19 07:05,2208
2018-07-19 07:10,2220
2018-07-19 07:15,2238
2018-07-19 07:20,2255
2018-07-19 07:25,2265
2018-07-19 07:30,2250
2018-07-19 07:35,2253
2018-07-19 07:40,2283
2018-07-19 07:45,2282
2018-07-19 07:50,2292
2018-07-19 07:55,2309
2018-07-19 08:00,2336
2018-07-19 08:05,2333
2018-07-19 08:10,2346
2018-07-19 08:15,2366
2018-07-19 08:20,2389
2018-07-19 08:25,2388
2018-07-19 08:30,2412
2018-07-19 08:35,2410
2018-07-19 08:40,2428
2018-07-19 08:45,2443
2018-07-19 08:50,2481
2018-07-19 08:55,2514
2018-07-19 09:00,2530
2018-07-19 09:05,2563
2018-07-19 09:10,2565
2018-07-19 09:15,2589
2018-07-19 09:20,2599
2018-07-19 09:25,2615
2018-07-19 09:30,2628
2018-07-19 09:35,2651
2018-07-19 09:40,2686
2018-07-19 09:45,2702
2018-07-19 09:50,2717
2018-07-19 09:55,2738
2018-07-19 10:00,2745
2018-07-19 10:05,2765
2018-07-19 10:10,2800
2018-07-19 10:15,2854
2018-07-19 10:20,2878
2018-07-19 10:25,2886
2018-07-19 10:30,2912
2018-07-19 10:35,2950
2018-07-19 10:40,2961
2018-07-19 10:45,2997
2018-07-19 10:50,3011
2018-07-19 10:55,3018
2018-07-19 11:00,3036
2018-07-19 11:05,3056
2018-07-19 11:10,3082
2018-07-19 11:15,3067
2018-07-19 11:20,3087
2018-07-19 11:25,3081
2018-07-19 11:30,3096
2018-07-19 11:35,3136
2018-07-19 11:40,3128
2018-07-19 11:45,3148
2018-07-19 11:50,3129
2018-07-19 11:55,3133
2018-07-19 12:00,3133
2018-07-19 12:05,3136
2018-07-19 12:10,3129
2018-07-19 12:15,3137
2018-07-19 12:20,3164
2018-07-19 12:25,3168
2018-07-19 12:30,3188
2018-07-19 12:35,3218
2018-07-19 12:40,3242
2018-07-19 12:45,3250
2018-07-19 12:50,3280
2018-07-19 12:55,3288
2018-07-19 13:00,3330
2018-07-19 13:05,3352
2018-07-19 13:10,3351
2018-07-19 13:15,3381
2018-07-19 13:20,3436
2018-07-19 13:25,3435
2018-07-19 13:30,3459
2018-07-19 13:35,3469
2018-07-19 13:40,3476
2018-07-19 13:45,3462
2018-07-19 13:50,3480
2018-07-19 13:55,3519
2018-07-19 14:00,3514
2018-07-19 14:05,3513
2018-07-19 14:10,3537
2018-07-19 14:15,3540
2018-07-19 14:20,3533
2018-07-19 14:25,3533
2018-07-19 14:30,3558
2018-07-19 14:35,3642
2018-07-19 14:40,3662
2018-07-19 14:45,3699
2018-07-19 14:50,3699
2018-07-19 14:55,3736
2018-07-19 15:00,3753
2018-07-19 15:05,3774
2018-07-19 15:10,3779
2018-07-19 15:15,3805
2018-07-19 15:20,3848
2018-07-19 15:25,3898
2018-07-19 15:30,3906
2018-07-19 15:35,3944
2018-07-19 15:40,3946
2018-07-19 15:45,3958
2018-07-19 15:50,3975
2018-07-19 15:55,3975
2018-07-19 16:00,4000
2018-07-19 16:05,3987
2018-07-19 16:10,4030
2018-07-19 16:15,4058
2018-07-19 16:20,4108
2018-07-19 16:25,4121
2018-07-19 16:30,4167
2018-07-19 16:35,4174
2018-07-19 16:40,4188
2018-07-19 16:45,4198
2018-07-19 16:50,4185
2018-07-19 16:55,4194
2018-07-19 17:00,4213
2018-07-19 17:05,4240
2018-07-19 17:10,4264
2018-07-19 17:15,4275
2018-07-19 17:20,4272
2018-07-19 17:25,4272
2018-07-19 17:30,4269
2018-07-19 17:35,4275
2018-07-19 17:40,4262
2018-07-19 17:45,4288
2018-07-19 17:50,4298
2018-07-19 17:55,4293
2018-07-19 18:00,4312
2018-07-19 18:05,4336
2018-07-19 18:10,4336
2018-07-19 18:15,4315
2018-07-19 18:20,4304
2018-07-19 18:25,4304
2018-07-19 18:30,4325
2018-07-19 18:35,4342
2018-07-19 18:40,4395
2018-07-19 18:45,4413
2018-07-19 18:50,4423
2018-07-19 18:55,4423
2018-07-19 19:00,4388
2018-07-19 19:05,4400
2018-07-19 19:10,4400
2018-07-19 19:15,4426
2018-07-19 19:20,4426
2018-07-19 19:25,4426
2018-07-19 19:30,4436
2018-07-19 19:35,4378
2018-07-19 19:40,4378
2018-07-19 19:45,4421
2018-07-19 19:50,4421
2018-07-19 19:55,4399
2018-07-19 20:00,4407
2018-07-19 20:05,4368
2018-07-19 20:10,4368
2018-07-19 20:15,4290
2018-07-19 20:20,4284
2018-07-19 20:25,4284
2018-07-19 20:30,4253
2018-07-19 20:35,4255
2018-07-19 20:40,4221
2018-07-19 20:45,4201
2018-07-19 20:50,4136
2018-07-19 20:55,4136
2018-07-19 21:00,4062
2018-07-19 21:05,4029
2018-07-19 21:10,4029
2018-07-19 21:15,3956
2018-07-19 21:20,3956
2018-07-19 21:25,3949
2018-07-19 21:30,3899
2018-07-19 21:35,3832
2018-07-19 21:40,3832
2018-07-19 21:45,3790
2018-07-19 21:50,3748
2018-07-19 21:55,3748
2018-07-19 22:00,3734
2018-07-19 22:05,3702
2018-07-19 22:10,3702
2018-07-19 22:15,3655
2018-07-19 22:20,3605
2018-07-19 22:25,3605
2018-07-19 22:30,3518
2018-07-19 22:35,3518
2018-07-19 22:40,3482
2018-07-19 22:45,3470
2018-07-19 22:50,3470
2018-07-19 22:55,3431
2018-07-19 23:00,3386
2018-07-19 23:05,3386
2018-07-19 23:10,3370
2018-07-19 23:15,3343
2018-07-19 23:20,3343
2018-07-19 23:25,3311
2018-07-19 23:30,3296
2018-07-19 23:35,3279
2018-07-19 23:40,3255
2018-07-19 23:45,3249
2018-07-19 23:50,3232
2018-07-19 23:55,3207
2018-07-20 00:00,3209
2018-07-20 00:05,3205
2018-07-20 00:10,3171
2018-07-20 00:15,3165
2018-07-20 00:20,3128
2018-07-20 00:25,3094
2018-07-20 00:30,3127
2018-07-20 00:35,3112
2018-07-20 00:40,3115
2018-07-20 00:45,3101
2018-07-20 00:50,3102
2018-07-20 00:55,3102
2018-07-20 01:00,3119
2018-07-20 01:05,3098
2018-07-20 01:10,3049
2018-07-20 01:15,3020
2018-07-20 01:20,3000
2018-07-20 01:25,2976
2018-07-20 01:30,2919
2018-07-20 01:35,2919
2018-07-20 01:40,2901
2018-07-20 01:45,2902
2018-07-20 01:50,2900
2018-07-20 01:55,2882
2018-07-20 02:00,2854
2018-07-20 02:05,2854
2018-07-20 02:10,2864
2018-07-20 02:15,2849
2018-07-20 02:20,2819
2018-07-20 02:25,2799
2018-07-20 02:30,2789
2018-07-20 02:35,2786
2018-07-20 02:40,2779
2018-07-20 02:45,2763
2018-07-20 02:50,2737
2018-07-20 02:55,2739
2018-07-20 03:00,2685
2018-07-20 03:05,2685
2018-07-20 03:10,2678
2018-07-20 03:15,2649
2018-07-20 03:20,2620
2018-07-20 03:25,2590
2018-07-20 03:30,2549
2018-07-20 03:35,2531
2018-07-20 03:40,2476
2018-07-20 03:45,2445
2018-07-20 03:50,2435
2018-07-20 03:55,2437
2018-07-20 04:00,2425
2018-07-20 04:05,2409
2018-07-20 04:10,2375
2018-07-20 04:15,2364
2018-07-20 04:20,2349
2018-07-20 04:25,2355
2018-07-20 04:30,2336
2018-07-20 04:35,2319
2018-07-20 04:40,2310
2018-07-20 04:45,2310
2018-07-20 04:50,2274
2018-07-20 04:55,2264
2018-07-20 05:00,2245
2018-07-20 05:05,2234
2018-07-20 05:10,2205
2018-07-20 05:15,2218
2018-07-20 05:20,2217
2018-07-20 05:25,2199
2018-07-20 05:30,2186
2018-07-20 05:35,2182
2018-07-20 05:40,2186
2018-07-20 05:45,2183
2018-07-20 05:50,2195
2018-07-20 05:55,2187
2018-07-20 06:00,2153
2018-07-20 06:05,2173
2018-07-20 06:10,2156
2018-07-20 06:15,2158
2018-07-20 06:20,2147
2018-07-20 06:25,2169
2018-07-20 06:30,2157
2018-07-20 06:35,2162
2018-07-20 06:40,2172
2018-07-20 06:45,2153
2018-07-20 06:50,2146
2018-07-20 06:55,2159
2018-07-20 07:00,2170
2018-07-20 07:05,2183
2018-07-20 07:10,2191
2018-07-20 07:15,2189
2018-07-20 07:20,2206
2018-07-20 07:25,2242
2018-07-20 07:30,2244
2018-07-20 07:35,2259
2018-07-20 07:40,2255
2018-07-20 07:45,2281
2018-07-20 07:50,2297
2018-07-20 07:55,2311
2018-07-20 08:00,2316
2018-07-20 08:05,2328
2018-07-20 08:10,2364
2018-07-20 08:15,2359
2018-07-20 08:20,2364
2018-07-20 08:25,2372
2018-07-20 08:30,2376
2018-07-20 08:35,2384
2018-07-20 08:40,2397
2018-07-20 08:45,2401
2018-07-20 08:50,2408
2018-07-20 08:55,2430
2018-07-20 09:00,2447
2018-07-20 09:05,2479
2018-07-20 09:10,2477
2018-07-20 09:15,2481
2018-07-20 09:20,2493
2018-07-20 09:25,2524
2018-07-20 09:30,2539
2018-07-20 09:35,2555
2018-07-20 09:40,2563
2018-07-20 09:45,2574
2018-07-20 09:50,2599
2018-07-20 09:55,2601
2018-07-20 10:00,2635
2018-07-20 10:05,2677
2018-07-20 10:10,2717
2018-07-20 10:15,2719
2018-07-20 10:20,2757
2018-07-20 10:25,2786
2018-07-20 10:30,2830
2018-07-20 10:35,2841
2018-07-20 10:40,2867
2018-07-20 10:45,2867
2018-07-20 10:50,2882
2018-07-20 10:55,2882
2018-07-20 11:00,2878
2018-07-20 11:05,2931
2018-07-20 11:10,2994
2018-07-20 11:15,3004
2018-07-20 11:20,3004
2018-07-20 11:25,3011
2018-07-20 11:30,3054
2018-07-20 11:35,3049
2018-07-20 11:40,3054
2018-07-20 11:45,3066
2018-07-20 11:50,3075
2018-07-20 11:55,3097
2018-07-20 12:00,3098
2018-07-20 12:05,3120
2018-07-20 12:10,3142
2018-07-20 12:15,3139
2018-07-20 12:20,3148
2018-07-20 12:25,3187
2018-07-20 12:30,3225
2018-07-20 12:35,3249
2018-07-20 12:40,3271
2018-07-20 12:45,3278
2018-07-20 12:50,3294
2018-07-20 12:55,3305
2018-07-20 13:00,3356
2018-07-20 13:05,3358
2018-07-20 13:10,3392
2018-07-20 13:15,3407
2018-07-20 13:20,3425
2018-07-20 13:25,3428
2018-07-20 13:30,3501
2018-07-20 13:35,3472
2018-07-20 13:40,3491
2018-07-20 13:45,3487
2018-07-20 13:50,3481
2018-07-20 13:55,3492
2018-07-20 14:00,3521
2018-07-20 14:05,3559
2018-07-20 14:10,3593
2018-07-20 14:15,3612
2018-07-20 14:20,3657
2018-07-20 14:25,3665
2018-07-20 14:30,3689
2018-07-20 14:35,3678
2018-07-20 14:40,3680
2018-07-20 14:45,3691
2018-07-20 14:50,3690
2018-07-20 14:55,3704
2018-07-20 15:00,3732
2018-07-20 15:05,3759
2018-07-20 15:10,3787
2018-07-20 15:15,3773
2018-07-20 15:20,3787
2018-07-20 15:25,3790
2018-07-20 15:30,3814
2018-07-20 15:35,3848
2018-07-20 15:40,3848
2018-07-20 15:45,3854
2018-07-20 15:50,3895
2018-07-20 15:55,3914
2018-07-20 16:00,3960
2018-07-20 16:05,3992
2018-07-20 16:10,3993
2018-07-20 16:15,4021
2018-07-20 16:20,4038
2018-07-20 16:25,4067
2018-07-20 16:30,4078
2018-07-20 16:35,4083
2018-07-20 16:40,4089
2018-07-20 16:45,4090
2018-07-20 16:50,4107
2018-07-20 16:55,4089
2018-07-20 17:00,4099
2018-07-20 17:05,4117
2018-07-20 17:10,4116
2018-07-20 17:15,4120
2018-07-20 17:20,4136
2018-07-20 17:25,4113
2018-07-20 17:30,4135
2018-07-20 17:35,4144
2018-07-20 17:40,4165
2018-07-20 17:45,4154
2018-07-20 17:50,4165
2018-07-20 17:55,4169
2018-07-20 18:00,4194
2018-07-20 18:05,4238
2018-07-20 18:10,4238
2018-07-20 18:15,4246
2018-07-20 18:20,4289
2018-07-20 18:25,4310
2018-07-20 18:30,4320
2018-07-20 18:35,4341
2018-07-20 18:40,4354
2018-07-20 18:45,4307
2018-07-20 18:50,4347
2018-07-20 18:55,4373
2018-07-20 19:00,4356
2018-07-20 19:05,4371
2018-07-20 19:10,4374
2018-07-20 19:15,4370
2018-07-20 19:20,4376
2018-07-20 19:25,4367
2018-07-20 19:30,4383
2018-07-20 19:35,4414
2018-07-20 19:40,4397
2018-07-20 19:45,4391
2018-07-20 19:50,4416
2018-07-20 19:55,4389
2018-07-20 20:00,4376
2018-07-20 20:05,4362
2018-07-20 20:10,4352
2018-07-20 20:15,4333
2018-07-20 20:20,4341
2018-07-20 20:25,4322
2018-07-20 20:30,4336
2018-07-20 20:35,4323
2018-07-20 20:40,4293
2018-07-20 20:45,4271
2018-07-20 20:50,4240
2018-07-20 20:55,4211
2018-07-20 21:00,4206
2018-07-20 21:05,4198
2018-07-20 21:10,4172
2018-07-20 21:15,4162
2018-07-20 21:20,4121
2018-07-20 21:25,4100
2018-07-20 21:30,4074
2018-07-20 21:35,4015
2018-07-20 21:40,3996
2018-07-20 21:45,3986
2018-07-20 21:50,3947
2018-07-20 21:55,3926
2018-07-20 22:00,3914
2018-07-20 22:05,3863
2018-07-20 22:10,3806
2018-07-20 22:15,3781
2018-07-20 22:20,3762
2018-07-20 22:25,3721
2018-07-20 22:30,3686
2018-07-20 22:35,3644
2018-07-20 22:40,3587
2018-07-20 22:45,3541
2018-07-20 22:50,3508
2018-07-20 22:55,3455
2018-07-20 23:00,3452
2018-07-20 23:05,3421
2018-07-20 23:10,3395
2018-07-20 23:15,3330
2018-07-20 23:20,3297
2018-07-20 23:25,3266
2018-07-20 23:30,3270
2018-07-20 23:35,3278
2018-07-20 23:40,3247
2018-07-20 23:45,3210
2018-07-20 23:50,3217
2018-07-20 23:55,3181
2018-07-21 00:00,3135
2018-07-21 00:05,3131
2018-07-21 00:10,3101
2018-07-21 00:15,3079
2018-07-21 00:20,3040
2018-07-21 00:25,2992
2018-07-21 00:30,2958
2018-07-21 00:35,2944
2018-07-21 00:40,2907
2018-07-21 00:45,2893
2018-07-21 00:50,2903
2018-07-21 00:55,2915
2018-07-21 01:00,2908
2018-07-21 01:05,2897
2018-07-21 01:10,2893
2018-07-21 01:15,2898
2018-07-21 01:20,2887
2018-07-21 01:25,2896
2018-07-21 01:30,2888
2018-07-21 01:35,2873
2018-07-21 01:40,2882
2018-07-21 01:45,2866
2018-07-21 01:50,2885
2018-07-21 01:55,2859
2018-07-21 02:00,2828
2018-07-21 02:05,2819
2018-07-21 02:10,2816
2018-07-21 02:15,2834
2018-07-21 02:20,2801
2018-07-21 02:25,2759
2018-07-21 02:30,2758
2018-07-21 02:35,2744
2018-07-21 02:40,2704
2018-07-21 02:45,2711
2018-07-21 02:50,2714
2018-07-21 02:55,2689
2018-07-21 03:00,2696
2018-07-21 03:05,2702
2018-07-21 03:10,2702
2018-07-21 03:15,2696
2018-07-21 03:20,2703
2018-07-21 03:25,2695
2018-07-21 03:30,2672
2018-07-21 03:35,2674
2018-07-21 03:40,2675
2018-07-21 03:45,2671
2018-07-21 03:50,2685
2018-07-21 03:55,2672
2018-07-21 04:00,2629
2018-07-21 04:05,2634
2018-07-21 04:10,2617
2018-07-21 04:15,2621
2018-07-21 04:20,2594
2018-07-21 04:25,2572
2018-07-21 04:30,2560
2018-07-21 04:35,2523
2018-07-21 04:40,2514
2018-07-21 04:45,2513
2018-07-21 04:50,2518
2018-07-21 04:55,2494
2018-07-21 05:00,2516
2018-07-21 05:05,2516
2018-07-21 05:10,0
2018-07-21 05:15,2495
2018-07-21 05:20,2486
2018-07-21 05:25,2465
2018-07-21 05:30,2468
2018-07-21 05:35,2450
2018-07-21 05:40,2456
2018-07-21 05:45,2439
2018-07-21 05:50,2465
2018-07-21 05:55,2454
2018-07-21 06:00,2435
2018-07-21 06:05,2422
2018-07-21 06:10,2450
2018-07-21 06:15,2448
2018-07-21 06:20,2468
2018-07-21 06:25,2491
2018-07-21 06:30,2520
2018-07-21 06:35,2522
2018-07-21 06:40,2553
2018-07-21 06:45,2556
2018-07-21 06:50,2529
2018-07-21 06:55,2540
2018-07-21 07:00,2526
2018-07-21 07:05,2522
2018-07-21 07:10,2515
2018-07-21 07:15,2489
2018-07-21 07:20,2490
2018-07-21 07:25,2503
2018-07-21 07:30,2503
2018-07-21 07:35,2510
2018-07-21 07:40,2532
2018-07-21 07:45,2559
2018-07-21 07:50,2589
2018-07-21 07:55,2604
2018-07-21 08:00,2651
2018-07-21 08:05,2631
2018-07-21 08:10,2642
2018-07-21 08:15,2660
2018-07-21 08:20,2685
2018-07-21 08:25,2708
2018-07-21 08:30,2718
2018-07-21 08:35,2774
2018-07-21 08:40,2800
2018-07-21 08:45,2829
2018-07-21 08:50,2863
2018-07-21 08:55,2874
2018-07-21 09:00,2893
2018-07-21 09:05,2915
2018-07-21 09:10,2940
2018-07-21 09:15,2960
2018-07-21 09:20,2968
2018-07-21 09:25,3019
2018-07-21 09:30,3041
2018-07-21 09:35,3038
2018-07-21 09:40,3051
2018-07-21 09:45,3073
2018-07-21 09:50,3094
2018-07-21 09:55,3116
2018-07-21 10:00,3163
2018-07-21 10:05,3181
2018-07-21 10:10,3215
2018-07-21 10:15,3242
2018-07-21 10:20,3305
2018-07-21 10:25,3360
2018-07-21 10:30,3377
2018-07-21 10:35,3386
2018-07-21 10:40,3403
2018-07-21 10:45,3426
2018-07-21 10:50,3430
2018-07-21 10:55,3428
2018-07-21 11:00,3459
2018-07-21 11:05,3453
2018-07-21 11:10,3463
2018-07-21 11:15,3482
2018-07-21 11:20,3477
2018-07-21 11:25,3528
2018-07-21 11:30,3529
2018-07-21 11:35,3567
2018-07-21 11:40,3568
2018-07-21 11:45,3602
2018-07-21 11:50,3601
2018-07-21 11:55,3626
2018-07-21 12:00,3652
2018-07-21 12:05,3648
2018-07-21 12:10,3647
2018-07-21 12:15,3697
2018-07-21 12:20,3695
2018-07-21 12:25,3714
2018-07-21 12:30,3746
2018-07-21 12:35,3782
2018-07-21 12:40,3801
2018-07-21 12:45,3806
2018-07-21 12:50,3823
2018-07-21 12:55,3839
2018-07-21 13:00,3839
2018-07-21 13:05,3858
2018-07-21 13:10,3890
2018-07-21 13:15,3911
2018-07-21 13:20,3940
2018-07-21 13:25,3958
2018-07-21 13:30,3946
2018-07-21 13:35,3961
2018-07-21 13:40,3999
2018-07-21 13:45,4036
2018-07-21 13:50,4082
2018-07-21 13:55,4116
2018-07-21 14:00,4119
2018-07-21 14:05,4132
2018-07-21 14:10,4132
2018-07-21 14:15,4185
2018-07-21 14:20,4233
2018-07-21 14:25,4260
2018-07-21 14:30,4260
2018-07-21 14:35,4255
2018-07-21 14:40,4295
2018-07-21 14:45,4312
2018-07-21 14:50,4337
2018-07-21 14:55,4346
2018-07-21 15:00,4357
2018-07-21 15:05,4313
2018-07-21 15:10,4322
2018-07-21 15:15,4332
2018-07-21 15:20,4342
2018-07-21 15:25,4360
2018-07-21 15:30,4382
2018-07-21 15:35,4374
2018-07-21 15:40,4406
2018-07-21 15:45,4446
2018-07-21 15:50,4460
2018-07-21 15:55,4470
2018-07-21 16:00,4475
2018-07-21 16:05,4519
2018-07-21 16:10,4558
2018-07-21 16:15,4592
2018-07-21 16:20,4545
2018-07-21 16:25,4568
2018-07-21 16:30,4595
2018-07-21 16:35,4617
2018-07-21 16:40,4599
2018-07-21 16:45,4646
2018-07-21 16:50,4665
2018-07-21 16:55,4679
2018-07-21 17:00,4718
2018-07-21 17:05,4715
2018-07-21 17:10,4701
2018-07-21 17:15,4688
2018-07-21 17:20,4687
2018-07-21 17:25,4700
2018-07-21 17:30,4682
2018-07-21 17:35,4686
2018-07-21 17:40,4722
2018-07-21 17:45,4709
2018-07-21 17:50,4711
2018-07-21 17:55,4690
2018-07-21 18:00,4697
2018-07-21 18:05,4700
2018-07-21 18:10,4679
2018-07-21 18:15,4664
2018-07-21 18:20,4696
2018-07-21 18:25,4678
2018-07-21 18:30,4695
2018-07-21 18:35,4712
2018-07-21 18:40,4731
2018-07-21 18:45,4730
2018-07-21 18:50,4715
2018-07-21 18:55,4716
2018-07-21 19:00,4701
2018-07-21 19:05,4725
2018-07-21 19:10,4763
2018-07-21 19:15,4798
2018-07-21 19:20,4798
2018-07-21 19:25,4836
2018-07-21 19:30,4853
2018-07-21 19:35,4883
2018-07-21 19:40,4836
2018-07-21 19:45,4824
2018-07-21 19:50,4790
2018-07-21 19:55,4805
2018-07-21 20:00,4767
2018-07-21 20:05,4779
2018-07-21 20:10,4736
2018-07-21 20:15,4728
2018-07-21 20:20,4714
2018-07-21 20:25,4679
2018-07-21 20:30,4693
2018-07-21 20:35,4671
2018-07-21 20:40,4665
2018-07-21 20:45,4670
2018-07-21 20:50,4652
2018-07-21 20:55,4631
2018-07-21 21:00,4638
2018-07-21 21:05,4618
2018-07-21 21:10,4562
2018-07-21 21:15,4514
2018-07-21 21:20,4477
2018-07-21 21:25,4465
2018-07-21 21:30,4425
2018-07-21 21:35,4398
2018-07-21 21:40,4365
2018-07-21 21:45,4325
2018-07-21 21:50,4269
2018-07-21 21:55,4260
2018-07-21 22:00,4239
2018-07-21 22:05,4183
2018-07-21 22:10,4157
2018-07-21 22:15,4128
2018-07-21 22:20,4084
2018-07-21 22:25,4066
2018-07-21 22:30,4000
2018-07-21 22:35,3975
2018-07-21 22:40,3959
2018-07-21 22:45,3921
2018-07-21 22:50,3886
2018-07-21 22:55,3864
2018-07-21 23:00,3830
2018-07-21 23:05,3779
2018-07-21 23:10,3742
2018-07-21 23:15,3715
2018-07-21 23:20,3649
2018-07-21 23:25,3628
2018-07-21 23:30,3590
2018-07-21 23:35,3559
2018-07-21 23:40,3544
2018-07-21 23:45,3528
2018-07-21 23:50,3495
2018-07-21 23:55,3447
2018-07-22 00:00,3432
2018-07-22 00:05,3429
2018-07-22 00:10,3401
2018-07-22 00:15,3374
2018-07-22 00:20,3336
2018-07-22 00:25,3303
2018-07-22 00:30,3285
2018-07-22 00:35,3272
2018-07-22 00:40,3224
2018-07-22 00:45,3237
2018-07-22 00:50,3198
2018-07-22 00:55,3200
2018-07-22 01:00,3160
2018-07-22 01:05,3207
2018-07-22 01:10,3167
2018-07-22 01:15,3159
2018-07-22 01:20,3138
2018-07-22 01:25,3092
2018-07-22 01:30,3078
2018-07-22 01:35,3072
2018-07-22 01:40,3039
2018-07-22 01:45,3034
2018-07-22 01:50,2996
2018-07-22 01:55,2973
2018-07-22 02:00,2964
2018-07-22 02:05,2951
2018-07-22 02:10,2947
2018-07-22 02:15,2938
2018-07-22 02:20,2941
2018-07-22 02:25,2935
2018-07-22 02:30,2918
2018-07-22 02:35,2911
2018-07-22 02:40,2913
2018-07-22 02:45,2910
2018-07-22 02:50,2902
2018-07-22 02:55,2892
2018-07-22 03:00,2878
2018-07-22 03:05,2899
2018-07-22 03:10,2881
2018-07-22 03:15,2872
2018-07-22 03:20,2864
2018-07-22 03:25,2849
2018-07-22 03:30,2837
2018-07-22 03:35,2825
2018-07-22 03:40,2808
2018-07-22 03:45,2801
2018-07-22 03:50,2780
2018-07-22 03:55,2792
2018-07-22 04:00,2781
2018-07-22 04:05,2767
2018-07-22 04:10,2738
2018-07-22 04:15,2713
2018-07-22 04:20,2696
2018-07-22 04:25,2664
2018-07-22 04:30,2660
2018-07-22 04:35,2666
2018-07-22 04:40,2654
2018-07-22 04:45,2665
2018-07-22 04:50,2655
2018-07-22 04:55,2641
2018-07-22 05:00,2649
2018-07-22 05:05,2646
2018-07-22 05:10,2631
2018-07-22 05:15,2613
2018-07-22 05:20,2613
2018-07-22 05:25,2625
2018-07-22 05:30,2611
2018-07-22 05:35,2610
2018-07-22 05:40,2621
2018-07-22 05:45,2617
2018-07-22 05:50,2610
2018-07-22 05:55,2589
2018-07-22 06:00,2592
2018-07-22 06:05,2601
2018-07-22 06:10,2612
2018-07-22 06:15,2607
2018-07-22 06:20,2632
2018-07-22 06:25,2651
2018-07-22 06:30,2621
2018-07-22 06:35,2636
2018-07-22 06:40,2620
2018-07-22 06:45,2614
2018-07-22 06:50,2618
2018-07-22 06:55,2639
2018-07-22 07:00,2658
2018-07-22 07:05,2673
2018-07-22 07:10,2672
2018-07-22 07:15,2709
2018-07-22 07:20,0
2018-07-22 07:25,2733
2018-07-22 07:30,2784
2018-07-22 07:35,2814
2018-07-22 07:40,2847
2018-07-22 07:45,2856
2018-07-22 07:50,2871
2018-07-22 07:55,2909
2018-07-22 08:00,2932
2018-07-22 08:05,2927
2018-07-22 08:10,2954
2018-07-22 08:15,2985
2018-07-22 08:20,2975
2018-07-22 08:25,3003
2018-07-22 08:30,3029
2018-07-22 08:35,3049
2018-07-22 08:40,3071
2018-07-22 08:45,3087
2018-07-22 08:50,3134
2018-07-22 08:55,3169
2018-07-22 09:00,3203
2018-07-22 09:05,3254
2018-07-22 09:10,3269
2018-07-22 09:15,3303
2018-07-22 09:20,3335
2018-07-22 09:25,3381
2018-07-22 09:30,3410
2018-07-22 09:35,3428
2018-07-22 09:40,3423
2018-07-22 09:45,3448
2018-07-22 09:50,3470
2018-07-22 09:55,3487
2018-07-22 10:00,3509
2018-07-22 10:05,3517
2018-07-22 10:10,3576
2018-07-22 10:15,3597
2018-07-22 10:20,3616
2018-07-22 10:25,3667
2018-07-22 10:30,3670
2018-07-22 10:35,3692
2018-07-22 10:40,3720
2018-07-22 10:45,3732
2018-07-22 10:50,3764
2018-07-22 10:55,3800
2018-07-22 11:00,3806
2018-07-22 11:05,3820
2018-07-22 11:10,3822
2018-07-22 11:15,3823
2018-07-22 11:20,3854
2018-07-22 11:25,3882
2018-07-22 11:30,3932
2018-07-22 11:35,3996
2018-07-22 11:40,3991
2018-07-22 11:45,4011
2018-07-22 11:50,4028
2018-07-22 11:55,4048
2018-07-22 12:00,4060
2018-07-22 12:05,4040
2018-07-22 12:10,4058
2018-07-22 12:15,4058
2018-07-22 12:20,4104
2018-07-22 12:25,4100
2018-07-22 12:30,4134
2018-07-22 12:35,4145
2018-07-22 12:40,4189
2018-07-22 12:45,4214
2018-07-22 12:50,4221
2018-07-22 12:55,4224
2018-07-22 13:00,4238
2018-07-22 13:05,4251
2018-07-22 13:10,4264
2018-07-22 13:15,4257
2018-07-22 13:20,4300
2018-07-22 13:25,4307
2018-07-22 13:30,4299
2018-07-22 13:35,4303
2018-07-22 13:40,4350
2018-07-22 13:45,4401
2018-07-22 13:50,4421
2018-07-22 13:55,4430
2018-07-22 14:00,4465
2018-07-22 14:05,4479
2018-07-22 14:10,4497
2018-07-22 14:15,4508
2018-07-22 14:20,4533
2018-07-22 14:25,4581
2018-07-22 14:30,4591
2018-07-22 14:35,4608
2018-07-22 14:40,4621
2018-07-22 14:45,4671
2018-07-22 14:50,4657
2018-07-22 14:55,4684
2018-07-22 15:00,4711
2018-07-22 15:05,4700
2018-07-22 15:10,4711
2018-07-22 15:15,4736
2018-07-22 15:20,4748
2018-07-22 15:25,4784
2018-07-22 15:30,4835
2018-07-22 15:35,4862
2018-07-22 15:40,4849
2018-07-22 15:45,4859
2018-07-22 15:50,4902
2018-07-22 15:55,4921
2018-07-22 16:00,4907
2018-07-22 16:05,4884
2018-07-22 16:10,4946
2018-07-22 16:15,4944
2018-07-22 16:20,4966
2018-07-22 16:25,4987
2018-07-22 16:30,4989
2018-07-22 16:35,4979
2018-07-22 16:40,5012
2018-07-22 16:45,5064
2018-07-22 16:50,5104
2018-07-22 16:55,5127
2018-07-22 17:00,5138
2018-07-22 17:05,5130
2018-07-22 17:10,5122
2018-07-22 17:15,5133
2018-07-22 17:20,5140
2018-07-22 17:25,5154
2018-07-22 17:30,5188
2018-07-22 17:35,5176
2018-07-22 17:40,5158
2018-07-22 17:45,5161
2018-07-22 17:50,5169
2018-07-22 17:55,5165
2018-07-22 18:00,5193
2018-07-22 18:05,5212
2018-07-22 18:10,5207
2018-07-22 18:15,5226
2018-07-22 18:20,5243
2018-07-22 18:25,5266
2018-07-22 18:30,5244
2018-07-22 18:35,5255
2018-07-22 18:40,5252
2018-07-22 18:45,5247
2018-07-22 18:50,5266
2018-07-22 18:55,5274
2018-07-22 19:00,5246
2018-07-22 19:05,5252
2018-07-22 19:10,5256
2018-07-22 19:15,5259
2018-07-22 19:20,5242
2018-07-22 19:25,5253
2018-07-22 19:30,5271
2018-07-22 19:35,5250
2018-07-22 19:40,5231
2018-07-22 19:45,5229
2018-07-22 19:50,5194
2018-07-22 19:55,5212
2018-07-22 20:00,5181
2018-07-22 20:05,5139
2018-07-22 20:10,5122
2018-07-22 20:15,5079
2018-07-22 20:20,5052
2018-07-22 20:25,5012
2018-07-22 20:30,4978
2018-07-22 20:35,4941
2018-07-22 20:40,4914
2018-07-22 20:45,4907
2018-07-22 20:50,4836
2018-07-22 20:55,4845
2018-07-22 21:00,4802
2018-07-22 21:05,4708
2018-07-22 21:10,4653
2018-07-22 21:15,4679
2018-07-22 21:20,4612
2018-07-22 21:25,4566
2018-07-22 21:30,4527
2018-07-22 21:35,4477
2018-07-22 21:40,4445
2018-07-22 21:45,4381
2018-07-22 21:50,4326
2018-07-22 21:55,4289
2018-07-22 22:00,4247
2018-07-22 22:05,4182
2018-07-22 22:10,4174
2018-07-22 22:15,4151
2018-07-22 22:20,4114
2018-07-22 22:25,4038
2018-07-22 22:30,3990
2018-07-22 22:35,3951
2018-07-22 22:40,3918
2018-07-22 22:45,3888
2018-07-22 22:50,3871
2018-07-22 22:55,3845
2018-07-22 23:00,3798
2018-07-22 23:05,3780
2018-07-22 23:10,3726
2018-07-22 23:15,3727
2018-07-22 23:20,3695
2018-07-22 23:25,3675
2018-07-22 23:30,3632
2018-07-22 23:35,3605
2018-07-22 23:40,3571
2018-07-22 23:45,3535
2018-07-22 23:50,3503
2018-07-22 23:55,3465
2018-07-23 00:00,3447
2018-07-23 00:05,3439
2018-07-23 00:10,3458
2018-07-23 00:15,3444
2018-07-23 00:20,3432
2018-07-23 00:25,3436
2018-07-23 00:30,3413
2018-07-23 00:35,3444
2018-07-23 00:40,3427
2018-07-23 00:45,3436
2018-07-23 00:50,3416
2018-07-23 00:55,3370
2018-07-23 01:00,3347
2018-07-23 01:05,3327
2018-07-23 01:10,3300
2018-07-23 01:15,3264
2018-07-23 01:20,3237
2018-07-23 01:25,3257
2018-07-23 01:30,3201
2018-07-23 01:35,3186
2018-07-23 01:40,3172
2018-07-23 01:45,3154
2018-07-23 01:50,3108
2018-07-23 01:55,3097
2018-07-23 02:00,3095
2018-07-23 02:05,3046
2018-07-23 02:10,3056
2018-07-23 02:15,3052
2018-07-23 02:20,3060
2018-07-23 02:25,3049
2018-07-23 02:30,3028
2018-07-23 02:35,3029
2018-07-23 02:40,2997
2018-07-23 02:45,2960
2018-07-23 02:50,2921
2018-07-23 02:55,2908
2018-07-23 03:00,2886
2018-07-23 03:05,2849
2018-07-23 03:10,2836
2018-07-23 03:15,2773
2018-07-23 03:20,2789
2018-07-23 03:25,2785
2018-07-23 03:30,2739
2018-07-23 03:35,2719
2018-07-23 03:40,2700
2018-07-23 03:45,2695
2018-07-23 03:50,2686
2018-07-23 03:55,2621
2018-07-23 04:00,2609
2018-07-23 04:05,2573
2018-07-23 04:10,2560
2018-07-23 04:15,2541
2018-07-23 04:20,2527
2018-07-23 04:25,2516
2018-07-23 04:30,2459
2018-07-23 04:35,2458
2018-07-23 04:40,2417
2018-07-23 04:45,2395
2018-07-23 04:50,2376
2018-07-23 04:55,2355
2018-07-23 05:00,2328
2018-07-23 05:05,2303
2018-07-23 05:10,2295
2018-07-23 05:15,2272
2018-07-23 05:20,2289
2018-07-23 05:25,2272
2018-07-23 05:30,2270
2018-07-23 05:35,2251
2018-07-23 05:40,2237
2018-07-23 05:45,2229
2018-07-23 05:50,2238
2018-07-23 05:55,2251
2018-07-23 06:00,2247
2018-07-23 06:05,2233
2018-07-23 06:10,2233
2018-07-23 06:15,2226
2018-07-23 06:20,2220
2018-07-23 06:25,2212
2018-07-23 06:30,2203
2018-07-23 06:35,2195
2018-07-23 06:40,2194
2018-07-23 06:45,2184
2018-07-23 06:50,2210
2018-07-23 06:55,2227
2018-07-23 07:00,2234
2018-07-23 07:05,2238
2018-07-23 07:10,2226
2018-07-23 07:15,2239
2018-07-23 07:20,2266
2018-07-23 07:25,2273
2018-07-23 07:30,2281
2018-07-23 07:35,2297
2018-07-23 07:40,2334
2018-07-23 07:45,2330
2018-07-23 07:50,2348
2018-07-23 07:55,2375
2018-07-23 08:00,2362
2018-07-23 08:05,2359
2018-07-23 08:10,2370
2018-07-23 08:15,2377
2018-07-23 08:20,2409
2018-07-23 08:25,2461
2018-07-23 08:30,2450
2018-07-23 08:35,2491
2018-07-23 08:40,2491
2018-07-23 08:45,2512
2018-07-23 08:50,2495
2018-07-23 08:55,2508
2018-07-23 09:00,2517
2018-07-23 09:05,2526
2018-07-23 09:10,2559
2018-07-23 09:15,2589
2018-07-23 09:20,2601
2018-07-23 09:25,2634
2018-07-23 09:30,2657
2018-07-23 09:35,2657
2018-07-23 09:40,2675
2018-07-23 09:45,2694
2018-07-23 09:50,2739
2018-07-23 09:55,2772
2018-07-23 10:00,2800
2018-07-23 10:05,2840
2018-07-23 10:10,2923
2018-07-23 10:15,2918
2018-07-23 10:20,2965
2018-07-23 10:25,2998
2018-07-23 10:30,3017
2018-07-23 10:35,3031
2018-07-23 10:40,3045
2018-07-23 10:45,3057
2018-07-23 10:50,3078
2018-07-23 10:55,3111
2018-07-23 11:00,3143
2018-07-23 11:05,3137
2018-07-23 11:10,3153
2018-07-23 11:15,3169
2018-07-23 11:20,3181
2018-07-23 11:25,3184
2018-07-23 11:30,3197
2018-07-23 11:35,3231
2018-07-23 11:40,3235
2018-07-23 11:45,3251
2018-07-23 11:50,3276
2018-07-23 11:55,3290
2018-07-23 12:00,3278
2018-07-23 12:05,3314
2018-07-23 12:10,3357
2018-07-23 12:15,3325
2018-07-23 12:20,3364
2018-07-23 12:25,3382
2018-07-23 12:30,3374
2018-07-23 12:35,3398
2018-07-23 12:40,3422
2018-07-23 12:45,3475
2018-07-23 12:50,3482
2018-07-23 12:55,3469
2018-07-23 13:00,3471
2018-07-23 13:05,3502
2018-07-23 13:10,3488
2018-07-23 13:15,3496
2018-07-23 13:20,3512
2018-07-23 13:25,3511
2018-07-23 13:30,3532
2018-07-23 13:35,3560
2018-07-23 13:40,3581
2018-07-23 13:45,3587
2018-07-23 13:50,3632
2018-07-23 13:55,3654
2018-07-23 14:00,3700
2018-07-23 14:05,3680
2018-07-23 14:10,3728
2018-07-23 14:15,3750
2018-07-23 14:20,3787
2018-07-23 14:25,3802
2018-07-23 14:30,3818
2018-07-23 14:35,3841
2018-07-23 14:40,3839
2018-07-23 14:45,3834
2018-07-23 14:50,3883
2018-07-23 14:55,3906
2018-07-23 15:00,3929
2018-07-23 15:05,3958
2018-07-23 15:10,3994
2018-07-23 15:15,4014
2018-07-23 15:20,4021
2018-07-23 15:25,4036
2018-07-23 15:30,4049
2018-07-23 15:35,4085
2018-07-23 15:40,4119
2018-07-23 15:45,4164
2018-07-23 15:50,4211
2018-07-23 15:55,4260
2018-07-23 16:00,4272
2018-07-23 16:05,4299
2018-07-23 16:10,4317
2018-07-23 16:15,4337
2018-07-23 16:20,4392
2018-07-23 16:25,4362
2018-07-23 16:30,4401
2018-07-23 16:35,4460
2018-07-23 16:40,4450
2018-07-23 16:45,4477
2018-07-23 16:50,4494
2018-07-23 16:55,4528
2018-07-23 17:00,4530
2018-07-23 17:05,4553
2018-07-23 17:10,4556
2018-07-23 17:15,4623
2018-07-23 17:20,4625
2018-07-23 17:25,4671
2018-07-23 17:30,4727
2018-07-23 17:35,4733
2018-07-23 17:40,4738
2018-07-23 17:45,4768
2018-07-23 17:50,4809
2018-07-23 17:55,4771
2018-07-23 18:00,4749
2018-07-23 18:05,4741
2018-07-23 18:10,4772
2018-07-23 18:15,4809
2018-07-23 18:20,4810
2018-07-23 18:25,4811
2018-07-23 18:30,4799
2018-07-23 18:35,4791
2018-07-23 18:40,4791
2018-07-23 18:45,4779
2018-07-23 18:50,4805
2018-07-23 18:55,4838
2018-07-23 19:00,4862
2018-07-23 19:05,4894
2018-07-23 19:10,4888
2018-07-23 19:15,4929
2018-07-23 19:20,4908
2018-07-23 19:25,4929
2018-07-23 19:30,4934
2018-07-23 19:35,4924
2018-07-23 19:40,4912
2018-07-23 19:45,4906
2018-07-23 19:50,4855
2018-07-23 19:55,4872
2018-07-23 20:00,4823
2018-07-23 20:05,4757
2018-07-23 20:10,4753
2018-07-23 20:15,4731
2018-07-23 20:20,4717
2018-07-23 20:25,4714
2018-07-23 20:30,4686
2018-07-23 20:35,4678
2018-07-23 20:40,4678
2018-07-23 20:45,4660
2018-07-23 20:50,4608
2018-07-23 20:55,4562
2018-07-23 21:00,4482
2018-07-23 21:05,4448
2018-07-23 21:10,4405
2018-07-23 21:15,4355
2018-07-23 21:20,4317
2018-07-23 21:25,4322
2018-07-23 21:30,4284
2018-07-23 21:35,4241
2018-07-23 21:40,4260
2018-07-23 21:45,4264
2018-07-23 21:50,4200
2018-07-23 21:55,4141
2018-07-23 22:00,4122
2018-07-23 22:05,4083
2018-07-23 22:10,4031
2018-07-23 22:15,3999
2018-07-23 22:20,3961
2018-07-23 22:25,3940
2018-07-23 22:30,3929
2018-07-23 22:35,3877
2018-07-23 22:40,3850
2018-07-23 22:45,3811
2018-07-23 22:50,3752
2018-07-23 22:55,3735
2018-07-23 23:00,3708
2018-07-23 23:05,3687
2018-07-23 23:10,3632
2018-07-23 23:15,
2018-07-23 23:20,
2018-07-23 23:25,
2018-07-23 23:30,1199
2018-07-23 23:35,2710
2018-07-23 23:40,3328
2018-07-23 23:45,3391
2018-07-23 23:50,3375
2018-07-23 23:55,3340
2018-07-24 00:00,3341
2018-07-24 00:05,3363
2018-07-24 00:10,3307
2018-07-24 00:15,3267
2018-07-24 00:20,3282
2018-07-24 00:25,3242
2018-07-24 00:30,3215
2018-07-24 00:35,3250
2018-07-24 00:40,3229
2018-07-24 00:45,3233
2018-07-24 00:50,3264
2018-07-24 00:55,3258
2018-07-24 01:00,3264
2018-07-24 01:05,3247
2018-07-24 01:10,3248
2018-07-24 01:15,3222
2018-07-24 01:20,3228
2018-07-24 01:25,3205
2018-07-24 01:30,3188
2018-07-24 01:35,3169
2018-07-24 01:40,3164
2018-07-24 01:45,3138
2018-07-24 01:50,3123
2018-07-24 01:55,3079
2018-07-24 02:00,3071
2018-07-24 02:05,3032
2018-07-24 02:10,3012
2018-07-24 02:15,2990
2018-07-24 02:20,2981
2018-07-24 02:25,2947
2018-07-24 02:30,2934
2018-07-24 02:35,2932
2018-07-24 02:40,2934
2018-07-24 02:45,2883
2018-07-24 02:50,2855
2018-07-24 02:55,2838
2018-07-24 03:00,2807
2018-07-24 03:05,2802
2018-07-24 03:10,2786
2018-07-24 03:15,2759
2018-07-24 03:20,2752
2018-07-24 03:25,2745
2018-07-24 03:30,2709
2018-07-24 03:35,2707
2018-07-24 03:40,2690
2018-07-24 03:45,2679
2018-07-24 03:50,2667
2018-07-24 03:55,2634
2018-07-24 04:00,2624
2018-07-24 04:05,2568
2018-07-24 04:10,2544
2018-07-24 04:15,2552
2018-07-24 04:20,2554
2018-07-24 04:25,2527
2018-07-24 04:30,2498
2018-07-24 04:35,2469
2018-07-24 04:40,2470
2018-07-24 04:45,2444
2018-07-24 04:50,2426
2018-07-24 04:55,2410
2018-07-24 05:00,2364
2018-07-24 05:05,2371
2018-07-24 05:10,2343
2018-07-24 05:15,2340
2018-07-24 05:20,2328
2018-07-24 05:25,2327
2018-07-24 05:30,2297
2018-07-24 05:35,2273
2018-07-24 05:40,2262
2018-07-24 05:45,2268
2018-07-24 05:50,2273
2018-07-24 05:55,2298
2018-07-24 06:00,2293
2018-07-24 06:05,2284
2018-07-24 06:10,2277
2018-07-24 06:15,2286
2018-07-24 06:20,2288
2018-07-24 06:25,2270
2018-07-24 06:30,2282
2018-07-24 06:35,2273
2018-07-24 06:40,2254
2018-07-24 06:45,2252
2018-07-24 06:50,2270
2018-07-24 06:55,2252
2018-07-24 07:00,2263
2018-07-24 07:05,2252
2018-07-24 07:10,2278
2018-07-24 07:15,2273
2018-07-24 07:20,2271
2018-07-24 07:25,2306
2018-07-24 07:30,2309
2018-07-24 07:35,2329
2018-07-24 07:40,2342
2018-07-24 07:45,2353
2018-07-24 07:50,2402
2018-07-24 07:55,2426
2018-07-24 08:00,2439
2018-07-24 08:05,2458
2018-07-24 08:10,2470
2018-07-24 08:15,2485
2018-07-24 08:20,2509
2018-07-24 08:25,2507
2018-07-24 08:30,2510
2018-07-24 08:35,2492
2018-07-24 08:40,2513
2018-07-24 08:45,2551
2018-07-24 08:50,2548
2018-07-24 08:55,2563
2018-07-24 09:00,2601
2018-07-24 09:05,2599
2018-07-24 09:10,2612
2018-07-24 09:15,2604
2018-07-24 09:20,2621
2018-07-24 09:25,2627
2018-07-24 09:30,2627
2018-07-24 09:35,2631
2018-07-24 09:40,2639
2018-07-24 09:45,2664
2018-07-24 09:50,2671
2018-07-24 09:55,2658
2018-07-24 10:00,2687
2018-07-24 10:05,2723
2018-07-24 10:10,2763
2018-07-24 10:15,2779
2018-07-24 10:20,2798
2018-07-24 10:25,2807
2018-07-24 10:30,2847
2018-07-24 10:35,2859
2018-07-24 10:40,2890
2018-07-24 10:45,2922
2018-07-24 10:50,2918
2018-07-24 10:55,2934
2018-07-24 11:00,2955
2018-07-24 11:05,2963
2018-07-24 11:10,2984
2018-07-24 11:15,2996
2018-07-24 11:20,3002
2018-07-24 11:25,3047
2018-07-24 11:30,3049
2018-07-24 11:35,3044
2018-07-24 11:40,3089
2018-07-24 11:45,3092
2018-07-24 11:50,3090
2018-07-24 11:55,3122
2018-07-24 12:00,3137
2018-07-24 12:05,3139
2018-07-24 12:10,3149
2018-07-24 12:15,3181
2018-07-24 12:20,3216
2018-07-24 12:25,3220
2018-07-24 12:30,3210
2018-07-24 12:35,3210
2018-07-24 12:40,3203
2018-07-24 12:45,3223
2018-07-24 12:50,3245
2018-07-24 12:55,3301
2018-07-24 13:00,3292
2018-07-24 13:05,3281
2018-07-24 13:10,3331
2018-07-24 13:15,3342
2018-07-24 13:20,3369
2018-07-24 13:25,3410
2018-07-24 13:30,3444
2018-07-24 13:35,3482
2018-07-24 13:40,3499
2018-07-24 13:45,3531
2018-07-24 13:50,3557
2018-07-24 13:55,3571
2018-07-24 14:00,3608
2018-07-24 14:05,3635
2018-07-24 14:10,3647
2018-07-24 14:15,3641
2018-07-24 14:20,3641
2018-07-24 14:25,3653
2018-07-24 14:30,3718
2018-07-24 14:35,3731
2018-07-24 14:40,3745
2018-07-24 14:45,3738
2018-07-24 14:50,3784
2018-07-24 14:55,3819
2018-07-24 15:00,3820
2018-07-24 15:05,3804
2018-07-24 15:10,3821
2018-07-24 15:15,3854
2018-07-24 15:20,3881
2018-07-24 15:25,3872
2018-07-24 15:30,3895
2018-07-24 15:35,3921
2018-07-24 15:40,3969
2018-07-24 15:45,3965
2018-07-24 15:50,4024
2018-07-24 15:55,4041
2018-07-24 16:00,4047
2018-07-24 16:05,4076
2018-07-24 16:10,4067
2018-07-24 16:15,4088
2018-07-24 16:20,4140
2018-07-24 16:25,4152
2018-07-24 16:30,4196
2018-07-24 16:35,4206
2018-07-24 16:40,4223
2018-07-24 16:45,4235
2018-07-24 16:50,4259
2018-07-24 16:55,4290
2018-07-24 17:00,4304
2018-07-24 17:05,4300
2018-07-24 17:10,4304
2018-07-24 17:15,4344
2018-07-24 17:20,4371
2018-07-24 17:25,4403
2018-07-24 17:30,4413
2018-07-24 17:35,4376
2018-07-24 17:40,4391
2018-07-24 17:45,4388
2018-07-24 17:50,4410
2018-07-24 17:55,4423
2018-07-24 18:00,4441
2018-07-24 18:05,4436
2018-07-24 18:10,4497
2018-07-24 18:15,4485
2018-07-24 18:20,4480
2018-07-24 18:25,4503
2018-07-24 18:30,4504
2018-07-24 18:35,4509
2018-07-24 18:40,4524
2018-07-24 18:45,4546
2018-07-24 18:50,4571
2018-07-24 18:55,4567
2018-07-24 19:00,4562
2018-07-24 19:05,4562
2018-07-24 19:10,4602
2018-07-24 19:15,4577
2018-07-24 19:20,4601
2018-07-24 19:25,4584
2018-07-24 19:30,4570
2018-07-24 19:35,4558
2018-07-24 19:40,4556
2018-07-24 19:45,4534
2018-07-24 19:50,4492
2018-07-24 19:55,4491
2018-07-24 20:00,4476
2018-07-24 20:05,4462
2018-07-24 20:10,4428
2018-07-24 20:15,4430
2018-07-24 20:20,4394
2018-07-24 20:25,4357
2018-07-24 20:30,4301
2018-07-24 20:35,4276
2018-07-24 20:40,4261
2018-07-24 20:45,4257
2018-07-24 20:50,4207
2018-07-24 20:55,4193
2018-07-24 21:00,4163
2018-07-24 21:05,4149
2018-07-24 21:10,4113
2018-07-24 21:15,4076
2018-07-24 21:20,4042
2018-07-24 21:25,4021
2018-07-24 21:30,3983
2018-07-24 21:35,3974
2018-07-24 21:40,3940
2018-07-24 21:45,3930
2018-07-24 21:50,3925
2018-07-24 21:55,3914
2018-07-24 22:00,3885
2018-07-24 22:05,3840
2018-07-24 22:10,3803
2018-07-24 22:15,3755
2018-07-24 22:20,3713
2018-07-24 22:25,3672
2018-07-24 22:30,3638
2018-07-24 22:35,3632
2018-07-24 22:40,3608
2018-07-24 22:45,3589
2018-07-24 22:50,3533
2018-07-24 22:55,3492
2018-07-24 23:00,3480
2018-07-24 23:05,3451
2018-07-24 23:10,3432
2018-07-24 23:15,3425
2018-07-24 23:20,3409
2018-07-24 23:25,3360
2018-07-24 23:30,3334
2018-07-24 23:35,3314
2018-07-24 23:40,3325
2018-07-24 23:45,3322
2018-07-24 23:50,3268
2018-07-24 23:55,3247
2018-07-25 00:00,3247
2018-07-25 00:05,3214
2018-07-25 00:10,3174
2018-07-25 00:15,3165
2018-07-25 00:20,3142
2018-07-25 00:25,3149
2018-07-25 00:30,3136
2018-07-25 00:35,3107
2018-07-25 00:40,3065
2018-07-25 00:45,3062
2018-07-25 00:50,3046
2018-07-25 00:55,3024
2018-07-25 01:00,3031
2018-07-25 01:05,3006
2018-07-25 01:10,3030
2018-07-25 01:15,3035
2018-07-25 01:20,3034
2018-07-25 01:25,3024
2018-07-25 01:30,3008
2018-07-25 01:35,3011
2018-07-25 01:40,3009
2018-07-25 01:45,2998
2018-07-25 01:50,2996
2018-07-25 01:55,2987
2018-07-25 02:00,2996
2018-07-25 02:05,2921
2018-07-25 02:10,2894
2018-07-25 02:15,2848
2018-07-25 02:20,2843
2018-07-25 02:25,2834
2018-07-25 02:30,2830
2018-07-25 02:35,2834
2018-07-25 02:40,2786
2018-07-25 02:45,2769
2018-07-25 02:50,2733
2018-07-25 02:55,2738
2018-07-25 03:00,2732
2018-07-25 03:05,2731
2018-07-25 03:10,2708
2018-07-25 03:15,2689
2018-07-25 03:20,2670
2018-07-25 03:25,2656
2018-07-25 03:30,2630
2018-07-25 03:35,2602
2018-07-25 03:40,2570
2018-07-25 03:45,2547
2018-07-25 03:50,2533
2018-07-25 03:55,2518
2018-07-25 04:00,2491
2018-07-25 04:05,2476
2018-07-25 04:10,2492
2018-07-25 04:15,2466
2018-07-25 04:20,2426
2018-07-25 04:25,2409
2018-07-25 04:30,2395
2018-07-25 04:35,2374
2018-07-25 04:40,2348
2018-07-25 04:45,2358
2018-07-25 04:50,2335
2018-07-25 04:55,2311
2018-07-25 05:00,2281
2018-07-25 05:05,2242
2018-07-25 05:10,2235
2018-07-25 05:15,2218
2018-07-25 05:20,2205
2018-07-25 05:25,2195
2018-07-25 05:30,2176
2018-07-25 05:35,2151
2018-07-25 05:40,2133
2018-07-25 05:45,2134
2018-07-25 05:50,2142
2018-07-25 05:55,2129
2018-07-25 06:00,2115
2018-07-25 06:05,2091
2018-07-25 06:10,2101
2018-07-25 06:15,2102
2018-07-25 06:20,2094
2018-07-25 06:25,2092
2018-07-25 06:30,2086
2018-07-25 06:35,2082
2018-07-25 06:40,2088
2018-07-25 06:45,2101
2018-07-25 06:50,2096
2018-07-25 06:55,2105
2018-07-25 07:00,2123
2018-07-25 07:05,2107
2018-07-25 07:10,2107
2018-07-25 07:15,2126
2018-07-25 07:20,2107
2018-07-25 07:25,2112
2018-07-25 07:30,2130
2018-07-25 07:35,2133
2018-07-25 07:40,2173
2018-07-25 07:45,2171
2018-07-25 07:50,2188
2018-07-25 07:55,2189
2018-07-25 08:00,2185
2018-07-25 08:05,2192
2018-07-25 08:10,2192
2018-07-25 08:15,2184
2018-07-25 08:20,2227
2018-07-25 08:25,2229
2018-07-25 08:30,2253
2018-07-25 08:35,2277
2018-07-25 08:40,2337
2018-07-25 08:45,2378
2018-07-25 08:50,2417
2018-07-25 08:55,2459
2018-07-25 09:00,2474
2018-07-25 09:05,2492
2018-07-25 09:10,2511
2018-07-25 09:15,2505
2018-07-25 09:20,2568
2018-07-25 09:25,2579
2018-07-25 09:30,2591
2018-07-25 09:35,2616
2018-07-25 09:40,2631
2018-07-25 09:45,2636
2018-07-25 09:50,2654
2018-07-25 09:55,2674
2018-07-25 10:00,2710
2018-07-25 10:05,2765
2018-07-25 10:10,2781
2018-07-25 10:15,2788
2018-07-25 10:20,2791
2018-07-25 10:25,2860
2018-07-25 10:30,2900
2018-07-25 10:35,2935
2018-07-25 10:40,2948
2018-07-25 10:45,2990
2018-07-25 10:50,2969
2018-07-25 10:55,2988
2018-07-25 11:00,2998
2018-07-25 11:05,3028
2018-07-25 11:10,3048
2018-07-25 11:15,3071
2018-07-25 11:20,3044
2018-07-25 11:25,3102
2018-07-25 11:30,3097
2018-07-25 11:35,3036
2018-07-25 11:40,3090
2018-07-25 11:45,3123
2018-07-25 11:50,3108
2018-07-25 11:55,3136
2018-07-25 12:00,3149
2018-07-25 12:05,3152
2018-07-25 12:10,3195
2018-07-25 12:15,3192
2018-07-25 12:20,3227
2018-07-25 12:25,3254
2018-07-25 12:30,3261
2018-07-25 12:35,3265
2018-07-25 12:40,3277
2018-07-25 12:45,3296
2018-07-25 12:50,3300
2018-07-25 12:55,3312
2018-07-25 13:00,3342
2018-07-25 13:05,3385
2018-07-25 13:10,3387
2018-07-25 13:15,3410
2018-07-25 13:20,3417
2018-07-25 13:25,3408
2018-07-25 13:30,3421
2018-07-25 13:35,3411
2018-07-25 13:40,3438
2018-07-25 13:45,3474
2018-07-25 13:50,3507
2018-07-25 13:55,3534
2018-07-25 14:00,3549
2018-07-25 14:05,3536
2018-07-25 14:10,3566
2018-07-25 14:15,3574
2018-07-25 14:20,3606
2018-07-25 14:25,3620
2018-07-25 14:30,3637
2018-07-25 14:35,3663
2018-07-25 14:40,3667
2018-07-25 14:45,3727
2018-07-25 14:50,3768
2018-07-25 14:55,3794
2018-07-25 15:00,3824
2018-07-25 15:05,3801
2018-07-25 15:10,3797
2018-07-25 15:15,3819
2018-07-25 15:20,3864
2018-07-25 15:25,3912
2018-07-25 15:30,3926
2018-07-25 15:35,3956
2018-07-25 15:40,3966
2018-07-25 15:45,3986
2018-07-25 15:50,4034
2018-07-25 15:55,4047
2018-07-25 16:00,4051
2018-07-25 16:05,4080
2018-07-25 16:10,4107
2018-07-25 16:15,4148
2018-07-25 16:20,4180
2018-07-25 16:25,4184
2018-07-25 16:30,4209
2018-07-25 16:35,4259
2018-07-25 16:40,4288
2018-07-25 16:45,4282
2018-07-25 16:50,4286
2018-07-25 16:55,4305
2018-07-25 17:00,4291
2018-07-25 17:05,4336
2018-07-25 17:10,4341
2018-07-25 17:15,4334
2018-07-25 17:20,4374
2018-07-25 17:25,4399
2018-07-25 17:30,4393
2018-07-25 17:35,4435
2018-07-25 17:40,4429
2018-07-25 17:45,4436
2018-07-25 17:50,4434
2018-07-25 17:55,4448
2018-07-25 18:00,4457
2018-07-25 18:05,4450
2018-07-25 18:10,4472
2018-07-25 18:15,4478
2018-07-25 18:20,4460
2018-07-25 18:25,4488
2018-07-25 18:30,4464
2018-07-25 18:35,4490
2018-07-25 18:40,4511
2018-07-25 18:45,4533
2018-07-25 18:50,4559
2018-07-25 18:55,4464
2018-07-25 19:00,4449
2018-07-25 19:05,4435
2018-07-25 19:10,4438
2018-07-25 19:15,4444
2018-07-25 19:20,4459
2018-07-25 19:25,4487
2018-07-25 19:30,4453
2018-07-25 19:35,4479
2018-07-25 19:40,4453
2018-07-25 19:45,4459
2018-07-25 19:50,4472
2018-07-25 19:55,4477
2018-07-25 20:00,4469
2018-07-25 20:05,4434
2018-07-25 20:10,4434
2018-07-25 20:15,4418
2018-07-25 20:20,4387
2018-07-25 20:25,4348
2018-07-25 20:30,4333
2018-07-25 20:35,4308
2018-07-25 20:40,4267
2018-07-25 20:45,4228
2018-07-25 20:50,4202
2018-07-25 20:55,4169
2018-07-25 21:00,4130
2018-07-25 21:05,0
2018-07-25 21:10,4052
2018-07-25 21:15,4046
2018-07-25 21:20,4032
2018-07-25 21:25,3988
2018-07-25 21:30,3957
2018-07-25 21:35,3937
2018-07-25 21:40,3881
2018-07-25 21:45,3853
2018-07-25 21:50,3816
2018-07-25 21:55,3802
2018-07-25 22:00,3758
2018-07-25 22:05,3691
2018-07-25 22:10,3680
2018-07-25 22:15,3642
2018-07-25 22:20,3593
2018-07-25 22:25,3571
2018-07-25 22:30,3534
2018-07-25 22:35,3510
2018-07-25 22:40,3483
2018-07-25 22:45,3457
2018-07-25 22:50,3425
2018-07-25 22:55,3355
2018-07-25 23:00,3352
2018-07-25 23:05,3320
2018-07-25 23:10,3275
2018-07-25 23:15,3270
2018-07-25 23:20,3248
2018-07-25 23:25,3225
2018-07-25 23:30,3195
2018-07-25 23:35,3172
2018-07-25 23:40,3155
2018-07-25 23:45,3141
2018-07-25 23:50,3136
2018-07-25 23:55,3111
2018-07-26 00:00,1173
2018-07-26 00:05,2679
2018-07-26 00:10,3064
2018-07-26 00:15,3055
2018-07-26 00:20,3065
2018-07-26 00:25,3084
2018-07-26 00:30,3061
2018-07-26 00:35,3040
2018-07-26 00:40,3039
2018-07-26 00:45,3005
2018-07-26 00:50,3017
2018-07-26 00:55,3034
2018-07-26 01:00,3024
2018-07-26 01:05,3001
2018-07-26 01:10,3012
2018-07-26 01:15,2969
2018-07-26 01:20,2972
2018-07-26 01:25,2963
2018-07-26 01:30,2913
2018-07-26 01:35,2901
2018-07-26 01:40,2900
2018-07-26 01:45,2895
2018-07-26 01:50,2859
2018-07-26 01:55,2824
2018-07-26 02:00,2810
2018-07-26 02:05,2773
2018-07-26 02:10,2783
2018-07-26 02:15,2777
2018-07-26 02:20,2791
2018-07-26 02:25,2774
2018-07-26 02:30,2769
2018-07-26 02:35,2752
2018-07-26 02:40,2735
2018-07-26 02:45,2725
2018-07-26 02:50,2718
2018-07-26 02:55,2704
2018-07-26 03:00,2694
2018-07-26 03:05,2674
2018-07-26 03:10,2658
2018-07-26 03:15,2615
2018-07-26 03:20,2603
2018-07-26 03:25,2565
2018-07-26 03:30,2547
2018-07-26 03:35,2505
2018-07-26 03:40,2480
2018-07-26 03:45,2478
2018-07-26 03:50,2469
2018-07-26 03:55,2446
2018-07-26 04:00,2439
2018-07-26 04:05,2418
2018-07-26 04:10,2414
2018-07-26 04:15,2392
2018-07-26 04:20,2371
2018-07-26 04:25,2377
2018-07-26 04:30,2360
2018-07-26 04:35,2325
2018-07-26 04:40,2284
2018-07-26 04:45,2282
2018-07-26 04:50,2268
2018-07-26 04:55,2264
2018-07-26 05:00,2237
2018-07-26 05:05,2245
2018-07-26 05:10,2221
2018-07-26 05:15,2213
2018-07-26 05:20,2167
2018-07-26 05:25,2140
2018-07-26 05:30,2133
2018-07-26 05:35,2128
2018-07-26 05:40,2124
2018-07-26 05:45,2135
2018-07-26 05:50,2118
2018-07-26 05:55,2091
2018-07-26 06:00,2077
2018-07-26 06:05,2041
2018-07-26 06:10,2036
2018-07-26 06:15,2063
2018-07-26 06:20,2034
2018-07-26 06:25,2052
2018-07-26 06:30,2068
2018-07-26 06:35,2070
2018-07-26 06:40,2079
2018-07-26 06:45,2094
2018-07-26 06:50,2099
2018-07-26 06:55,2093
2018-07-26 07:00,2091
2018-07-26 07:05,2095
2018-07-26 07:10,2096
2018-07-26 07:15,2099
2018-07-26 07:20,2102
2018-07-26 07:25,2113
2018-07-26 07:30,2100
2018-07-26 07:35,2125
2018-07-26 07:40,2140
2018-07-26 07:45,2138
2018-07-26 07:50,2161
2018-07-26 07:55,2164
2018-07-26 08:00,2159
2018-07-26 08:05,2135
2018-07-26 08:10,2196
2018-07-26 08:15,2186
2018-07-26 08:20,2202
2018-07-26 08:25,2236
2018-07-26 08:30,2253
2018-07-26 08:35,2286
2018-07-26 08:40,2335
2018-07-26 08:45,2346
2018-07-26 08:50,2352
2018-07-26 08:55,2325
2018-07-26 09:00,2312
2018-07-26 09:05,2351
2018-07-26 09:10,2382
2018-07-26 09:15,2396
2018-07-26 09:20,2405
2018-07-26 09:25,2428
2018-07-26 09:30,2458
2018-07-26 09:35,2492
2018-07-26 09:40,2477
2018-07-26 09:45,2481
2018-07-26 09:50,2510
2018-07-26 09:55,2524
2018-07-26 10:00,2562
2018-07-26 10:05,2582
2018-07-26 10:10,2647
2018-07-26 10:15,2686
2018-07-26 10:20,2719
2018-07-26 10:25,2743
2018-07-26 10:30,2787
2018-07-26 10:35,2815
2018-07-26 10:40,2851
2018-07-26 10:45,2877
2018-07-26 10:50,2894
2018-07-26 10:55,2917
2018-07-26 11:00,2915
2018-07-26 11:05,2949
2018-07-26 11:10,2983
2018-07-26 11:15,2981
2018-07-26 11:20,2992
2018-07-26 11:25,2974
2018-07-26 11:30,2993
2018-07-26 11:35,2967
2018-07-26 11:40,2982
2018-07-26 11:45,3019
2018-07-26 11:50,3003
2018-07-26 11:55,2982
2018-07-26 12:00,2977
2018-07-26 12:05,2950
2018-07-26 12:10,3016
2018-07-26 12:15,3035
2018-07-26 12:20,3078
2018-07-26 12:25,3070
2018-07-26 12:30,3106
2018-07-26 12:35,3114
2018-07-26 12:40,3094
2018-07-26 12:45,3105
2018-07-26 12:50,3123
2018-07-26 12:55,3153
2018-07-26 13:00,3158
2018-07-26 13:05,3096
2018-07-26 13:10,3060
2018-07-26 13:15,3035
2018-07-26 13:20,2995
2018-07-26 13:25,2955
2018-07-26 13:30,2933
2018-07-26 13:35,2925
2018-07-26 13:40,2905
2018-07-26 13:45,2857
2018-07-26 13:50,2886
2018-07-26 13:55,2818
2018-07-26 14:00,2663
2018-07-26 14:05,2155
2018-07-26 14:10,1789
2018-07-26 14:15,1786
2018-07-26 14:20,1830
2018-07-26 14:25,1900
2018-07-26 14:30,1983
2018-07-26 14:35,1992
2018-07-26 14:40,2050
2018-07-26 14:45,2082
2018-07-26 14:50,2112
2018-07-26 14:55,2133
2018-07-26 15:00,2183
2018-07-26 15:05,2264
2018-07-26 15:10,2321
2018-07-26 15:15,2367
2018-07-26 15:20,2441
2018-07-26 15:25,2466
2018-07-26 15:30,2503
2018-07-26 15:35,2557
2018-07-26 15:40,2753
2018-07-26 15:45,2927
2018-07-26 15:50,3081
2018-07-26 15:55,3248
2018-07-26 16:00,3380
2018-07-26 16:05,3436
2018-07-26 16:10,3607
2018-07-26 16:15,3755
2018-07-26 16:20,3887
2018-07-26 16:25,3964
2018-07-26 16:30,4086
2018-07-26 16:35,4147
2018-07-26 16:40,4221
2018-07-26 16:45,4254
2018-07-26 16:50,4290
2018-07-26 16:55,4332
2018-07-26 17:00,4398
2018-07-26 17:05,4394
2018-07-26 17:10,4450
2018-07-26 17:15,4489
2018-07-26 17:20,4498
2018-07-26 17:25,4534
2018-07-26 17:30,4612
2018-07-26 17:35,4625
2018-07-26 17:40,4635
2018-07-26 17:45,4689
2018-07-26 17:50,4700
2018-07-26 17:55,4692
2018-07-26 18:00,4704
2018-07-26 18:05,4692
2018-07-26 18:10,4741
2018-07-26 18:15,4745
2018-07-26 18:20,4743
2018-07-26 18:25,4737
2018-07-26 18:30,4761
2018-07-26 18:35,4763
2018-07-26 18:40,4792
2018-07-26 18:45,4771
2018-07-26 18:50,4802
2018-07-26 18:55,4815
2018-07-26 19:00,4809
2018-07-26 19:05,4820
2018-07-26 19:10,4828
2018-07-26 19:15,4809
2018-07-26 19:20,4827
2018-07-26 19:25,4849
2018-07-26 19:30,4815
2018-07-26 19:35,4826
2018-07-26 19:40,4847
2018-07-26 19:45,4835
2018-07-26 19:50,4825
2018-07-26 19:55,4801
2018-07-26 20:00,4755
2018-07-26 20:05,4721
2018-07-26 20:10,4720
2018-07-26 20:15,4710
2018-07-26 20:20,4683
2018-07-26 20:25,4657
2018-07-26 20:30,4639
2018-07-26 20:35,4568
2018-07-26 20:40,4596
2018-07-26 20:45,4576
2018-07-26 20:50,4557
2018-07-26 20:55,4510
2018-07-26 21:00,4463
2018-07-26 21:05,4405
2018-07-26 21:10,4347
2018-07-26 21:15,4247
2018-07-26 21:20,4182
2018-07-26 21:25,4159
2018-07-26 21:30,4146
2018-07-26 21:35,4137
2018-07-26 21:40,4121
2018-07-26 21:45,4097
2018-07-26 21:50,4079
2018-07-26 21:55,4024
2018-07-26 22:00,3943
2018-07-26 22:05,3863
2018-07-26 22:10,3850
2018-07-26 22:15,3825
2018-07-26 22:20,3803
2018-07-26 22:25,3765
2018-07-26 22:30,3745
2018-07-26 22:35,3725
2018-07-26 22:40,3710
2018-07-26 22:45,3683
2018-07-26 22:50,3654
2018-07-26 22:55,3644
2018-07-26 23:00,3611
2018-07-26 23:05,3617
2018-07-26 23:10,3558
2018-07-26 23:15,3543
2018-07-26 23:20,3513
2018-07-26 23:25,3506
2018-07-26 23:30,3462
2018-07-26 23:35,3464
2018-07-26 23:40,3448
2018-07-26 23:45,3412
2018-07-26 23:50,3380
2018-07-26 23:55,3340
2018-07-27 00:00,3296
2018-07-27 00:05,3221
2018-07-27 00:10,3195
2018-07-27 00:15,3134
2018-07-27 00:20,3088
2018-07-27 00:25,3117
2018-07-27 00:30,3116
2018-07-27 00:35,3098
2018-07-27 00:40,3064
2018-07-27 00:45,3111
2018-07-27 00:50,3101
2018-07-27 00:55,3119
2018-07-27 01:00,3129
2018-07-27 01:05,3133
2018-07-27 01:10,3114
2018-07-27 01:15,3126
2018-07-27 01:20,3127
2018-07-27 01:25,3131
2018-07-27 01:30,3130
2018-07-27 01:35,3125
2018-07-27 01:40,3130
2018-07-27 01:45,3104
2018-07-27 01:50,3077
2018-07-27 01:55,3069
2018-07-27 02:00,3039
2018-07-27 02:05,3058
2018-07-27 02:10,3102
2018-07-27 02:15,3092
2018-07-27 02:20,3089
2018-07-27 02:25,3087
2018-07-27 02:30,3029
2018-07-27 02:35,3025
2018-07-27 02:40,3014
2018-07-27 02:45,2981
2018-07-27 02:50,2981
2018-07-27 02:55,2932
2018-07-27 03:00,2880
2018-07-27 03:05,2869
2018-07-27 03:10,2887
2018-07-27 03:15,2865
2018-07-27 03:20,2834
2018-07-27 03:25,2798
2018-07-27 03:30,2786
2018-07-27 03:35,2780
2018-07-27 03:40,2750
2018-07-27 03:45,2726
2018-07-27 03:50,2706
2018-07-27 03:55,2696
2018-07-27 04:00,2691
2018-07-27 04:05,2636
2018-07-27 04:10,2665
2018-07-27 04:15,2667
2018-07-27 04:20,2641
2018-07-27 04:25,2610
2018-07-27 04:30,2596
2018-07-27 04:35,2569
2018-07-27 04:40,2547
2018-07-27 04:45,2526
2018-07-27 04:50,2530
2018-07-27 04:55,2523
2018-07-27 05:00,2504
2018-07-27 05:05,2478
2018-07-27 05:10,2482
2018-07-27 05:15,2455
2018-07-27 05:20,2449
2018-07-27 05:25,2415
2018-07-27 05:30,2398
2018-07-27 05:35,2380
2018-07-27 05:40,2396
2018-07-27 05:45,2379
2018-07-27 05:50,2359
2018-07-27 05:55,2359
2018-07-27 06:00,2369
2018-07-27 06:05,2309
2018-07-27 06:10,2339
2018-07-27 06:15,2318
2018-07-27 06:20,2348
2018-07-27 06:25,2371
2018-07-27 06:30,2361
2018-07-27 06:35,2340
2018-07-27 06:40,2335
2018-07-27 06:45,2309
2018-07-27 06:50,2340
2018-07-27 06:55,2345
2018-07-27 07:00,2345
2018-07-27 07:05,2355
2018-07-27 07:10,2351
2018-07-27 07:15,2324
2018-07-27 07:20,2331
2018-07-27 07:25,2320
2018-07-27 07:30,2301
2018-07-27 07:35,2310
2018-07-27 07:40,2325
2018-07-27 07:45,2325
2018-07-27 07:50,2332
2018-07-27 07:55,2344
2018-07-27 08:00,2369
2018-07-27 08:05,2369
2018-07-27 08:10,2429
2018-07-27 08:15,2430
2018-07-27 08:20,2459
2018-07-27 08:25,2495
2018-07-27 08:30,2526
2018-07-27 08:35,2522
2018-07-27 08:40,2535
2018-07-27 08:45,2562
2018-07-27 08:50,2566
2018-07-27 08:55,2599
2018-07-27 09:00,2631
2018-07-27 09:05,2643
2018-07-27 09:10,2660
2018-07-27 09:15,2689
2018-07-27 09:20,2701
2018-07-27 09:25,2748
2018-07-27 09:30,2760
2018-07-27 09:35,2785
2018-07-27 09:40,2799
2018-07-27 09:45,2800
2018-07-27 09:50,2790
2018-07-27 09:55,2816
2018-07-27 10:00,2826
2018-07-27 10:05,2810
2018-07-27 10:10,2898
2018-07-27 10:15,2893
2018-07-27 10:20,2899
2018-07-27 10:25,2921
2018-07-27 10:30,2936
2018-07-27 10:35,2919
2018-07-27 10:40,2951
2018-07-27 10:45,2981
2018-07-27 10:50,3003
2018-07-27 10:55,3012
2018-07-27 11:00,2994
2018-07-27 11:05,3010
2018-07-27 11:10,3021
2018-07-27 11:15,3024
2018-07-27 11:20,3075
2018-07-27 11:25,3102
2018-07-27 11:30,3099
2018-07-27 11:35,3134
2018-07-27 11:40,3143
2018-07-27 11:45,3185
2018-07-27 11:50,3162
2018-07-27 11:55,3178
2018-07-27 12:00,3175
2018-07-27 12:05,3145
2018-07-27 12:10,3199
2018-07-27 12:15,3240
2018-07-27 12:20,3257
2018-07-27 12:25,3275
2018-07-27 12:30,3303
2018-07-27 12:35,3333
2018-07-27 12:40,3359
2018-07-27 12:45,3400
2018-07-27 12:50,3450
2018-07-27 12:55,3463
2018-07-27 13:00,3468
2018-07-27 13:05,3493
2018-07-27 13:10,3508
2018-07-27 13:15,3525
2018-07-27 13:20,3538
2018-07-27 13:25,3555
2018-07-27 13:30,3556
2018-07-27 13:35,3554
2018-07-27 13:40,3580
2018-07-27 13:45,3603
2018-07-27 13:50,3628
2018-07-27 13:55,3633
2018-07-27 14:00,3643
2018-07-27 14:05,3633
2018-07-27 14:10,3703
2018-07-27 14:15,3732
2018-07-27 14:20,3713
2018-07-27 14:25,3747
2018-07-27 14:30,3776
2018-07-27 14:35,3814
2018-07-27 14:40,3844
2018-07-27 14:45,3867
2018-07-27 14:50,3856
2018-07-27 14:55,3884
2018-07-27 15:00,3898
2018-07-27 15:05,3910
2018-07-27 15:10,3897
2018-07-27 15:15,3905
2018-07-27 15:20,3917
2018-07-27 15:25,3926
2018-07-27 15:30,3947
2018-07-27 15:35,3966
2018-07-27 15:40,3952
2018-07-27 15:45,3938
2018-07-27 15:50,3956
2018-07-27 15:55,3959
2018-07-27 16:00,3992
2018-07-27 16:05,3966
2018-07-27 16:10,4015
2018-07-27 16:15,4020
2018-07-27 16:20,4022
2018-07-27 16:25,4041
2018-07-27 16:30,4050
2018-07-27 16:35,4089
2018-07-27 16:40,4059
2018-07-27 16:45,4097
2018-07-27 16:50,4104
2018-07-27 16:55,4116
2018-07-27 17:00,4144
2018-07-27 17:05,4168
2018-07-27 17:10,4188
2018-07-27 17:15,4164
2018-07-27 17:20,4168
2018-07-27 17:25,4162
2018-07-27 17:30,4160
2018-07-27 17:35,4170
2018-07-27 17:40,4166
2018-07-27 17:45,4206
2018-07-27 17:50,4196
2018-07-27 17:55,4185
2018-07-27 18:00,4221
2018-07-27 18:05,4197
2018-07-27 18:10,4238
2018-07-27 18:15,4238
2018-07-27 18:20,4269
2018-07-27 18:25,4258
2018-07-27 18:30,4252
2018-07-27 18:35,4244
2018-07-27 18:40,
2018-07-27 18:45,
2018-07-27 18:50,4296
2018-07-27 18:55,4298
2018-07-27 19:00,4274
2018-07-27 19:05,4260
2018-07-27 19:10,4243
2018-07-27 19:15,4214
2018-07-27 19:20,4197
2018-07-27 19:25,4219
2018-07-27 19:30,4213
2018-07-27 19:35,4216
2018-07-27 19:40,4228
2018-07-27 19:45,4247
2018-07-27 19:50,4256
2018-07-27 19:55,4241
2018-07-27 20:00,4223
2018-07-27 20:05,4196
2018-07-27 20:10,4252
2018-07-27 20:15,4235
2018-07-27 20:20,4274
2018-07-27 20:25,4244
2018-07-27 20:30,4222
2018-07-27 20:35,4189
2018-07-27 20:40,4172
2018-07-27 20:45,4186
2018-07-27 20:50,4168
2018-07-27 20:55,4138
2018-07-27 21:00,4113
2018-07-27 21:05,4086
2018-07-27 21:10,4072
2018-07-27 21:15,4057
2018-07-27 21:20,4043
2018-07-27 21:25,4049
2018-07-27 21:30,4062
2018-07-27 21:35,4026
2018-07-27 21:40,3999
2018-07-27 21:45,3986
2018-07-27 21:50,3940
2018-07-27 21:55,3866
2018-07-27 22:00,3836
2018-07-27 22:05,3816
2018-07-27 22:10,3828
2018-07-27 22:15,3737
2018-07-27 22:20,3762
2018-07-27 22:25,3694
2018-07-27 22:30,3659
2018-07-27 22:35,3678
2018-07-27 22:40,3634
2018-07-27 22:45,3655
2018-07-27 22:50,3628
2018-07-27 22:55,3584
2018-07-27 23:00,3549
2018-07-27 23:05,3505
2018-07-27 23:10,3453
2018-07-27 23:15,3476
2018-07-27 23:20,3447
2018-07-27 23:25,3399
2018-07-27 23:30,3391
2018-07-27 23:35,3373
2018-07-27 23:40,3369
2018-07-27 23:45,3341
2018-07-27 23:50,3336
2018-07-27 23:55,3310
2018-07-28 00:00,3309
2018-07-28 00:05,3241
2018-07-28 00:10,3261
2018-07-28 00:15,3234
2018-07-28 00:20,3220
2018-07-28 00:25,3201
2018-07-28 00:30,3171
2018-07-28 00:35,3163
2018-07-28 00:40,3146
2018-07-28 00:45,3136
2018-07-28 00:50,3115
2018-07-28 00:55,3105
2018-07-28 01:00,3093
2018-07-28 01:05,3082
2018-07-28 01:10,3035
2018-07-28 01:15,3026
2018-07-28 01:20,3007
2018-07-28 01:25,2981
2018-07-28 01:30,2944
2018-07-28 01:35,2943
2018-07-28 01:40,2933
2018-07-28 01:45,2916
2018-07-28 01:50,2905
2018-07-28 01:55,2894
2018-07-28 02:00,2884
2018-07-28 02:05,2868
2018-07-28 02:10,2907
2018-07-28 02:15,2887
2018-07-28 02:20,2875
2018-07-28 02:25,2875
2018-07-28 02:30,2902
2018-07-28 02:35,2880
2018-07-28 02:40,2878
2018-07-28 02:45,2881
2018-07-28 02:50,2865
2018-07-28 02:55,2852
2018-07-28 03:00,2839
2018-07-28 03:05,2826
2018-07-28 03:10,2802
2018-07-28 03:15,2803
2018-07-28 03:20,2784
2018-07-28 03:25,2783
2018-07-28 03:30,2793
2018-07-28 03:35,2742
2018-07-28 03:40,2742
2018-07-28 03:45,2717
2018-07-28 03:50,2712
2018-07-28 03:55,2691
2018-07-28 04:00,2678
2018-07-28 04:05,2618
2018-07-28 04:10,2647
2018-07-28 04:15,2637
2018-07-28 04:20,0
2018-07-28 04:25,2584
2018-07-28 04:30,2587
2018-07-28 04:35,2567
2018-07-28 04:40,2546
2018-07-28 04:45,2538
2018-07-28 04:50,2524
2018-07-28 04:55,2519
2018-07-28 05:00,2504
2018-07-28 05:05,2493
2018-07-28 05:10,2456
2018-07-28 05:15,2439
2018-07-28 05:20,2435
2018-07-28 05:25,2442
2018-07-28 05:30,2424
2018-07-28 05:35,2421
2018-07-28 05:40,2420
2018-07-28 05:45,2419
2018-07-28 05:50,2413
2018-07-28 05:55,2409
2018-07-28 06:00,2393
2018-07-28 06:05,2379
2018-07-28 06:10,2376
2018-07-28 06:15,2372
2018-07-28 06:20,2380
2018-07-28 06:25,2362
2018-07-28 06:30,2394
2018-07-28 06:35,2398
2018-07-28 06:40,2439
2018-07-28 06:45,2426
2018-07-28 06:50,2436
2018-07-28 06:55,2453
2018-07-28 07:00,2456
2018-07-28 07:05,2474
2018-07-28 07:10,2479
2018-07-28 07:15,2482
2018-07-28 07:20,2482
2018-07-28 07:25,2509
2018-07-28 07:30,2513
2018-07-28 07:35,2515
2018-07-28 07:40,2498
2018-07-28 07:45,2537
2018-07-28 07:50,2563
2018-07-28 07:55,2574
2018-07-28 08:00,2587
2018-07-28 08:05,2579
2018-07-28 08:10,2662
2018-07-28 08:15,2682
2018-07-28 08:20,2719
2018-07-28 08:25,2734
2018-07-28 08:30,2752
2018-07-28 08:35,2753
2018-07-28 08:40,2775
2018-07-28 08:45,2809
2018-07-28 08:50,2819
2018-07-28 08:55,2834
2018-07-28 09:00,2864
2018-07-28 09:05,2881
2018-07-28 09:10,2930
2018-07-28 09:15,2959
2018-07-28 09:20,2959
2018-07-28 09:25,2985
2018-07-28 09:30,2978
2018-07-28 09:35,3000
2018-07-28 09:40,3016
2018-07-28 09:45,3025
2018-07-28 09:50,3043
2018-07-28 09:55,3083
2018-07-28 10:00,3083
2018-07-28 10:05,3109
2018-07-28 10:10,3157
2018-07-28 10:15,3163
2018-07-28 10:20,3208
2018-07-28 10:25,3247
2018-07-28 10:30,3257
2018-07-28 10:35,3283
2018-07-28 10:40,3290
2018-07-28 10:45,3287
2018-07-28 10:50,3307
2018-07-28 10:55,3338
2018-07-28 11:00,3339
2018-07-28 11:05,3355
2018-07-28 11:10,3391
2018-07-28 11:15,3393
2018-07-28 11:20,3421
2018-07-28 11:25,3451
2018-07-28 11:30,3464
2018-07-28 11:35,3480
2018-07-28 11:40,3469
2018-07-28 11:45,3483
2018-07-28 11:50,3519
2018-07-28 11:55,3557
2018-07-28 12:00,3596
2018-07-28 12:05,3592
2018-07-28 12:10,3604
2018-07-28 12:15,3638
2018-07-28 12:20,3675
2018-07-28 12:25,3690
2018-07-28 12:30,3726
2018-07-28 12:35,3756
2018-07-28 12:40,3761
2018-07-28 12:45,3776
2018-07-28 12:50,3817
2018-07-28 12:55,3831
2018-07-28 13:00,3858
2018-07-28 13:05,3860
2018-07-28 13:10,3905
2018-07-28 13:15,3886
2018-07-28 13:20,3936
2018-07-28 13:25,3958
2018-07-28 13:30,3980
2018-07-28 13:35,4014
2018-07-28 13:40,4029
2018-07-28 13:45,4061
2018-07-28 13:50,4087
2018-07-28 13:55,4100
2018-07-28 14:00,4126
2018-07-28 14:05,4102
2018-07-28 14:10,4147
2018-07-28 14:15,4132
2018-07-28 14:20,4124
2018-07-28 14:25,4145
2018-07-28 14:30,4167
2018-07-28 14:35,4210
2018-07-28 14:40,4225
2018-07-28 14:45,4234
2018-07-28 14:50,4262
2018-07-28 14:55,4240
2018-07-28 15:00,4264
2018-07-28 15:05,4261
2018-07-28 15:10,4272
2018-07-28 15:15,4276
2018-07-28 15:20,4233
2018-07-28 15:25,4285
2018-07-28 15:30,4313
2018-07-28 15:35,4306
2018-07-28 15:40,4317
2018-07-28 15:45,4331
2018-07-28 15:50,4330
2018-07-28 15:55,4337
2018-07-28 16:00,4404
2018-07-28 16:05,4384
2018-07-28 16:10,4415
2018-07-28 16:15,4462
2018-07-28 16:20,4487
2018-07-28 16:25,4477
2018-07-28 16:30,4473
2018-07-28 16:35,4464
2018-07-28 16:40,4478
2018-07-28 16:45,4479
2018-07-28 16:50,4514
2018-07-28 16:55,4508
2018-07-28 17:00,4539
2018-07-28 17:05,4508
2018-07-28 17:10,4499
2018-07-28 17:15,4489
2018-07-28 17:20,4534
2018-07-28 17:25,4575
2018-07-28 17:30,4562
2018-07-28 17:35,4533
2018-07-28 17:40,4545
2018-07-28 17:45,4559
2018-07-28 17:50,4543
2018-07-28 17:55,4550
2018-07-28 18:00,4517
2018-07-28 18:05,4512
2018-07-28 18:10,4538
2018-07-28 18:15,4530
2018-07-28 18:20,4538
2018-07-28 18:25,4572
2018-07-28 18:30,4572
2018-07-28 18:35,4524
2018-07-28 18:40,4557
2018-07-28 18:45,4551
2018-07-28 18:50,4557
2018-07-28 18:55,4523
2018-07-28 19:00,4555
2018-07-28 19:05,4545
2018-07-28 19:10,4563
2018-07-28 19:15,4586
2018-07-28 19:20,4587
2018-07-28 19:25,4632
2018-07-28 19:30,4638
2018-07-28 19:35,4640
2018-07-28 19:40,4616
2018-07-28 19:45,4622
2018-07-28 19:50,4605
2018-07-28 19:55,4588
2018-07-28 20:00,4606
2018-07-28 20:05,4575
2018-07-28 20:10,4604
2018-07-28 20:15,4621
2018-07-28 20:20,4594
2018-07-28 20:25,4599
2018-07-28 20:30,4592
2018-07-28 20:35,4584
2018-07-28 20:40,4612
2018-07-28 20:45,4598
2018-07-28 20:50,4612
2018-07-28 20:55,4602
2018-07-28 21:00,4595
2018-07-28 21:05,4558
2018-07-28 21:10,4534
2018-07-28 21:15,4522
2018-07-28 21:20,4506
2018-07-28 21:25,4457
2018-07-28 21:30,4433
2018-07-28 21:35,4367
2018-07-28 21:40,4350
2018-07-28 21:45,4318
2018-07-28 21:50,4293
2018-07-28 21:55,4251
2018-07-28 22:00,
2018-07-28 22:05,
2018-07-28 22:10,
2018-07-28 22:15,4120
2018-07-28 22:20,4080
2018-07-28 22:25,4051
2018-07-28 22:30,4043
2018-07-28 22:35,3986
2018-07-28 22:40,3960
2018-07-28 22:45,3934
2018-07-28 22:50,3903
2018-07-28 22:55,3860
2018-07-28 23:00,3817
2018-07-28 23:05,3762
2018-07-28 23:10,3727
2018-07-28 23:15,3682
2018-07-28 23:20,3662
2018-07-28 23:25,3606
2018-07-28 23:30,3572
2018-07-28 23:35,3540
2018-07-28 23:40,3537
2018-07-28 23:45,3541
2018-07-28 23:50,3519
2018-07-28 23:55,3481
2018-07-29 00:00,3453
2018-07-29 00:05,3415
2018-07-29 00:10,3374
2018-07-29 00:15,3400
2018-07-29 00:20,3370
2018-07-29 00:25,3345
2018-07-29 00:30,3306
2018-07-29 00:35,3294
2018-07-29 00:40,3270
2018-07-29 00:45,3242
2018-07-29 00:50,3220
2018-07-29 00:55,3215
2018-07-29 01:00,3210
2018-07-29 01:05,3194
2018-07-29 01:10,3198
2018-07-29 01:15,3186
2018-07-29 01:20,3171
2018-07-29 01:25,3187
2018-07-29 01:30,3168
2018-07-29 01:35,3163
2018-07-29 01:40,3173
2018-07-29 01:45,3184
2018-07-29 01:50,3146
2018-07-29 01:55,3148
2018-07-29 02:00,3119
2018-07-29 02:05,3095
2018-07-29 02:10,3081
2018-07-29 02:15,3028
2018-07-29 02:20,3016
2018-07-29 02:25,2991
2018-07-29 02:30,2965
2018-07-29 02:35,2941
2018-07-29 02:40,2954
2018-07-29 02:45,2965
2018-07-29 02:50,2980
2018-07-29 02:55,2949
2018-07-29 03:00,2941
2018-07-29 03:05,2926
2018-07-29 03:10,2928
2018-07-29 03:15,2929
2018-07-29 03:20,2906
2018-07-29 03:25,2895
2018-07-29 03:30,2877
2018-07-29 03:35,2865
2018-07-29 03:40,2869
2018-07-29 03:45,2854
2018-07-29 03:50,2846
2018-07-29 03:55,2826
2018-07-29 04:00,2825
2018-07-29 04:05,2798
2018-07-29 04:10,2786
2018-07-29 04:15,2759
2018-07-29 04:20,2714
2018-07-29 04:25,2700
2018-07-29 04:30,2672
2018-07-29 04:35,2662
2018-07-29 04:40,2652
2018-07-29 04:45,2653
2018-07-29 04:50,2633
2018-07-29 04:55,2616
2018-07-29 05:00,2604
2018-07-29 05:05,2605
2018-07-29 05:10,2613
2018-07-29 05:15,2604
2018-07-29 05:20,2580
2018-07-29 05:25,2577
2018-07-29 05:30,2556
2018-07-29 05:35,2550
2018-07-29 05:40,2537
2018-07-29 05:45,2552
2018-07-29 05:50,2545
2018-07-29 05:55,
2018-07-29 06:00,
2018-07-29 06:05,2537
2018-07-29 06:10,2540
2018-07-29 06:15,2568
2018-07-29 06:20,2559
2018-07-29 06:25,2571
2018-07-29 06:30,2612
2018-07-29 06:35,2626
2018-07-29 06:40,2600
2018-07-29 06:45,2628
2018-07-29 06:50,2645
2018-07-29 06:55,2648
2018-07-29 07:00,2666
2018-07-29 07:05,2694
2018-07-29 07:10,2692
2018-07-29 07:15,2701
2018-07-29 07:20,2720
2018-07-29 07:25,2713
2018-07-29 07:30,2718
2018-07-29 07:35,2726
2018-07-29 07:40,2743
2018-07-29 07:45,2735
2018-07-29 07:50,2749
2018-07-29 07:55,2787
2018-07-29 08:00,2794
2018-07-29 08:05,2796
2018-07-29 08:10,2778
2018-07-29 08:15,2797
2018-07-29 08:20,2821
2018-07-29 08:25,2837
2018-07-29 08:30,2857
2018-07-29 08:35,
2018-07-29 08:40,
2018-07-29 08:45,
2018-07-29 08:50,2989
2018-07-29 08:55,3006
2018-07-29 09:00,3020
2018-07-29 09:05,3036
2018-07-29 09:10,3057
2018-07-29 09:15,3090
2018-07-29 09:20,3094
2018-07-29 09:25,3084
2018-07-29 09:30,3109
2018-07-29 09:35,3148
2018-07-29 09:40,3170
2018-07-29 09:45,3190
2018-07-29 09:50,3214
2018-07-29 09:55,3247
2018-07-29 10:00,3282
2018-07-29 10:05,3321
2018-07-29 10:10,3381
2018-07-29 10:15,3448
2018-07-29 10:20,3468
2018-07-29 10:25,3475
2018-07-29 10:30,3482
2018-07-29 10:35,3472
2018-07-29 10:40,3502
2018-07-29 10:45,3545
2018-07-29 10:50,3591
2018-07-29 10:55,3610
2018-07-29 11:00,3628
2018-07-29 11:05,3663
2018-07-29 11:10,3701
2018-07-29 11:15,3704
2018-07-29 11:20,3710
2018-07-29 11:25,3711
2018-07-29 11:30,3735
2018-07-29 11:35,3754
2018-07-29 11:40,3788
2018-07-29 11:45,3804
2018-07-29 11:50,3861
2018-07-29 11:55,3872
2018-07-29 12:00,3876
2018-07-29 12:05,3872
2018-07-29 12:10,3875
2018-07-29 12:15,3861
2018-07-29 12:20,3871
2018-07-29 12:25,3886
2018-07-29 12:30,3912
2018-07-29 12:35,3921
2018-07-29 12:40,3931
2018-07-29 12:45,3970
2018-07-29 12:50,3991
2018-07-29 12:55,4021
2018-07-29 13:00,4027
2018-07-29 13:05,4056
2018-07-29 13:10,4083
2018-07-29 13:15,4098
2018-07-29 13:20,4096
2018-07-29 13:25,4131
2018-07-29 13:30,4160
2018-07-29 13:35,4185
2018-07-29 13:40,4206
2018-07-29 13:45,4257
2018-07-29 13:50,4262
2018-07-29 13:55,4293
2018-07-29 14:00,4310
2018-07-29 14:05,4346
2018-07-29 14:10,4401
2018-07-29 14:15,4410
2018-07-29 14:20,4424
2018-07-29 14:25,4430
2018-07-29 14:30,4461
2018-07-29 14:35,4496
2018-07-29 14:40,4493
2018-07-29 14:45,4489
2018-07-29 14:50,4526
2018-07-29 14:55,4553
2018-07-29 15:00,4582
2018-07-29 15:05,4578
2018-07-29 15:10,4557
2018-07-29 15:15,4586
2018-07-29 15:20,4614
2018-07-29 15:25,4620
2018-07-29 15:30,4650
2018-07-29 15:35,4660
2018-07-29 15:40,4675
2018-07-29 15:45,4658
2018-07-29 15:50,4654
2018-07-29 15:55,4633
2018-07-29 16:00,4638
2018-07-29 16:05,4633
2018-07-29 16:10,4622
2018-07-29 16:15,4651
2018-07-29 16:20,4687
2018-07-29 16:25,4702
2018-07-29 16:30,4737
2018-07-29 16:35,4769
2018-07-29 16:40,4784
2018-07-29 16:45,4800
2018-07-29 16:50,4783
2018-07-29 16:55,4792
2018-07-29 17:00,4840
2018-07-29 17:05,4860
2018-07-29 17:10,4907
2018-07-29 17:15,4931
2018-07-29 17:20,4948
2018-07-29 17:25,4974
2018-07-29 17:30,5000
2018-07-29 17:35,5032
2018-07-29 17:40,5055
2018-07-29 17:45,5077
2018-07-29 17:50,5067
2018-07-29 17:55,5051
2018-07-29 18:00,5019
2018-07-29 18:05,5018
2018-07-29 18:10,5027
2018-07-29 18:15,5004
2018-07-29 18:20,5006
2018-07-29 18:25,4980
2018-07-29 18:30,4972
2018-07-29 18:35,4964
2018-07-29 18:40,4977
2018-07-29 18:45,4989
2018-07-29 18:50,5000
2018-07-29 18:55,5021
2018-07-29 19:00,5048
2018-07-29 19:05,5047
2018-07-29 19:10,5043
2018-07-29 19:15,5032
2018-07-29 19:20,5059
2018-07-29 19:25,5049
2018-07-29 19:30,5052
2018-07-29 19:35,5056
2018-07-29 19:40,5041
2018-07-29 19:45,5025
2018-07-29 19:50,5027
2018-07-29 19:55,5004
2018-07-29 20:00,5018
2018-07-29 20:05,4993
2018-07-29 20:10,4926
2018-07-29 20:15,4939
2018-07-29 20:20,4912
2018-07-29 20:25,4922
2018-07-29 20:30,4905
2018-07-29 20:35,4919
2018-07-29 20:40,4854
2018-07-29 20:45,4803
2018-07-29 20:50,4807
2018-07-29 20:55,4779
2018-07-29 21:00,4732
2018-07-29 21:05,4698
2018-07-29 21:10,4633
2018-07-29 21:15,4576
2018-07-29 21:20,4556
2018-07-29 21:25,4546
2018-07-29 21:30,4526
2018-07-29 21:35,4479
2018-07-29 21:40,4401
2018-07-29 21:45,4342
2018-07-29 21:50,4311
2018-07-29 21:55,4267
2018-07-29 22:00,4225
2018-07-29 22:05,4158
2018-07-29 22:10,4108
2018-07-29 22:15,4041
2018-07-29 22:20,3981
2018-07-29 22:25,3919
2018-07-29 22:30,3899
2018-07-29 22:35,3827
2018-07-29 22:40,3811
2018-07-29 22:45,3797
2018-07-29 22:50,3753
2018-07-29 22:55,3719
2018-07-29 23:00,0
2018-07-29 23:05,3631
2018-07-29 23:10,3617
2018-07-29 23:15,3577
2018-07-29 23:20,3568
2018-07-29 23:25,3538
2018-07-29 23:30,3528
2018-07-29 23:35,3513
2018-07-29 23:40,3475
2018-07-29 23:45,3451
2018-07-29 23:50,3442
2018-07-29 23:55,3412
2018-07-30 00:00,3387
2018-07-30 00:05,3331
2018-07-30 00:10,3343
2018-07-30 00:15,3310
2018-07-30 00:20,3304
2018-07-30 00:25,3282
2018-07-30 00:30,3251
2018-07-30 00:35,3261
2018-07-30 00:40,3255
2018-07-30 00:45,3255
2018-07-30 00:50,3260
2018-07-30 00:55,3239
2018-07-30 01:00,3187
2018-07-30 01:05,3173
2018-07-30 01:10,3163
2018-07-30 01:15,3108
2018-07-30 01:20,3089
2018-07-30 01:25,3108
2018-07-30 01:30,3096
2018-07-30 01:35,3083
2018-07-30 01:40,3070
2018-07-30 01:45,3080
2018-07-30 01:50,3073
2018-07-30 01:55,3043
2018-07-30 02:00,3025
2018-07-30 02:05,2948
2018-07-30 02:10,2992
2018-07-30 02:15,2988
2018-07-30 02:20,3006
2018-07-30 02:25,2978
2018-07-30 02:30,2974
2018-07-30 02:35,2966
2018-07-30 02:40,2951
2018-07-30 02:45,2914
2018-07-30 02:50,2888
2018-07-30 02:55,2861
2018-07-30 03:00,2850
2018-07-30 03:05,2800
2018-07-30 03:10,2778
2018-07-30 03:15,2741
2018-07-30 03:20,2711
2018-07-30 03:25,2689
2018-07-30 03:30,2659
2018-07-30 03:35,2652
2018-07-30 03:40,2636
2018-07-30 03:45,2610
2018-07-30 03:50,2557
2018-07-30 03:55,2529
2018-07-30 04:00,2538
2018-07-30 04:05,2475
2018-07-30 04:10,2465
2018-07-30 04:15,2457
2018-07-30 04:20,2430
2018-07-30 04:25,2411
2018-07-30 04:30,2384
2018-07-30 04:35,2335
2018-07-30 04:40,2298
2018-07-30 04:45,2275
2018-07-30 04:50,2266
2018-07-30 04:55,2242
2018-07-30 05:00,2225
2018-07-30 05:05,2205
2018-07-30 05:10,2195
2018-07-30 05:15,2184
2018-07-30 05:20,2184
2018-07-30 05:25,2203
2018-07-30 05:30,2194
2018-07-30 05:35,2204
2018-07-30 05:40,2188
2018-07-30 05:45,2179
2018-07-30 05:50,2141
2018-07-30 05:55,2142
2018-07-30 06:00,2144
2018-07-30 06:05,2113
2018-07-30 06:10,2134
2018-07-30 06:15,2120
2018-07-30 06:20,2120
2018-07-30 06:25,2133
2018-07-30 06:30,2144
2018-07-30 06:35,2148
2018-07-30 06:40,2145
2018-07-30 06:45,2141
2018-07-30 06:50,2142
2018-07-30 06:55,2183
2018-07-30 07:00,2180
2018-07-30 07:05,2176
2018-07-30 07:10,2176
2018-07-30 07:15,2157
2018-07-30 07:20,2174
2018-07-30 07:25,2215
2018-07-30 07:30,2224
2018-07-30 07:35,2221
2018-07-30 07:40,2241
2018-07-30 07:45,2252
2018-07-30 07:50,2260
2018-07-30 07:55,2270
2018-07-30 08:00,2277
2018-07-30 08:05,2288
2018-07-30 08:10,2322
2018-07-30 08:15,2332
2018-07-30 08:20,2355
2018-07-30 08:25,2387
2018-07-30 08:30,2389
2018-07-30 08:35,2421
2018-07-30 08:40,2437
2018-07-30 08:45,2461
2018-07-30 08:50,2453
2018-07-30 08:55,2461
2018-07-30 09:00,2512
2018-07-30 09:05,2516
2018-07-30 09:10,2537
2018-07-30 09:15,2558
2018-07-30 09:20,2570
2018-07-30 09:25,2571
2018-07-30 09:30,2585
2018-07-30 09:35,2598
2018-07-30 09:40,2607
2018-07-30 09:45,2631
2018-07-30 09:50,2670
2018-07-30 09:55,2707
2018-07-30 10:00,2715
2018-07-30 10:05,2745
2018-07-30 10:10,2795
2018-07-30 10:15,2831
2018-07-30 10:20,2849
2018-07-30 10:25,2870
2018-07-30 10:30,2877
2018-07-30 10:35,2935
2018-07-30 10:40,
2018-07-30 10:45,
2018-07-30 10:50,
2018-07-30 10:55,3010
2018-07-30 11:00,3042
2018-07-30 11:05,3078
2018-07-30 11:10,3095
2018-07-30 11:15,3101
2018-07-30 11:20,3108
2018-07-30 11:25,3104
2018-07-30 11:30,3124
2018-07-30 11:35,3135
2018-07-30 11:40,3151
2018-07-30 11:45,3176
2018-07-30 11:50,3194
2018-07-30 11:55,3205
2018-07-30 12:00,3226
2018-07-30 12:05,3223
2018-07-30 12:10,3234
2018-07-30 12:15,3243
2018-07-30 12:20,3238
2018-07-30 12:25,3233
2018-07-30 12:30,3271
2018-07-30 12:35,3301
2018-07-30 12:40,3301
2018-07-30 12:45,3308
2018-07-30 12:50,3317
2018-07-30 12:55,3346
2018-07-30 13:00,3382
2018-07-30 13:05,3357
2018-07-30 13:10,3374
2018-07-30 13:15,3371
2018-07-30 13:20,3415
2018-07-30 13:25,3425
2018-07-30 13:30,3472
2018-07-30 13:35,3501
2018-07-30 13:40,3503
2018-07-30 13:45,3539
2018-07-30 13:50,3553
2018-07-30 13:55,3566
2018-07-30 14:00,3591
2018-07-30 14:05,3547
2018-07-30 14:10,3589
2018-07-30 14:15,3622
2018-07-30 14:20,3643
2018-07-30 14:25,3678
2018-07-30 14:30,3685
2018-07-30 14:35,3705
2018-07-30 14:40,3729
2018-07-30 14:45,3782
2018-07-30 14:50,3774
2018-07-30 14:55,3812
2018-07-30 15:00,3814
2018-07-30 15:05,3826
2018-07-30 15:10,3880
2018-07-30 15:15,3915
2018-07-30 15:20,3909
2018-07-30 15:25,3954
2018-07-30 15:30,3960
2018-07-30 15:35,3962
2018-07-30 15:40,3958
2018-07-30 15:45,4008
2018-07-30 15:50,4036
2018-07-30 15:55,4029
2018-07-30 16:00,4041
2018-07-30 16:05,4072
2018-07-30 16:10,4093
2018-07-30 16:15,4139
2018-07-30 16:20,4138
2018-07-30 16:25,4163
2018-07-30 16:30,4196
2018-07-30 16:35,4231
2018-07-30 16:40,4271
2018-07-30 16:45,4278
2018-07-30 16:50,4291
2018-07-30 16:55,4306
2018-07-30 17:00,4326
2018-07-30 17:05,4333
2018-07-30 17:10,4335
2018-07-30 17:15,4354
2018-07-30 17:20,4372
2018-07-30 17:25,4362
2018-07-30 17:30,4382
2018-07-30 17:35,4397
2018-07-30 17:40,4438
2018-07-30 17:45,4412
2018-07-30 17:50,4414
2018-07-30 17:55,4450
2018-07-30 18:00,4454
2018-07-30 18:05,4425
2018-07-30 18:10,4458
2018-07-30 18:15,4471
2018-07-30 18:20,4503
2018-07-30 18:25,4524
2018-07-30 18:30,4525
2018-07-30 18:35,4519
2018-07-30 18:40,4528
2018-07-30 18:45,4526
2018-07-30 18:50,4523
2018-07-30 18:55,4551
2018-07-30 19:00,4531
2018-07-30 19:05,4564
2018-07-30 19:10,4560
2018-07-30 19:15,4542
2018-07-30 19:20,4579
2018-07-30 19:25,4548
2018-07-30 19:30,4530
2018-07-30 19:35,4533
2018-07-30 19:40,4530
2018-07-30 19:45,4533
2018-07-30 19:50,4530
2018-07-30 19:55,4566
2018-07-30 20:00,4570
2018-07-30 20:05,4517
2018-07-30 20:10,4518
2018-07-30 20:15,4532
2018-07-30 20:20,4470
2018-07-30 20:25,4421
2018-07-30 20:30,4393
2018-07-30 20:35,4360
2018-07-30 20:40,4337
2018-07-30 20:45,4323
2018-07-30 20:50,4278
2018-07-30 20:55,4257
2018-07-30 21:00,4214
2018-07-30 21:05,4174
2018-07-30 21:10,4168
2018-07-30 21:15,4139
2018-07-30 21:20,4124
2018-07-30 21:25,4099
2018-07-30 21:30,4056
2018-07-30 21:35,3998
2018-07-30 21:40,3966
2018-07-30 21:45,3912
2018-07-30 21:50,3906
2018-07-30 21:55,3846
2018-07-30 22:00,3804
2018-07-30 22:05,3737
2018-07-30 22:10,3731
2018-07-30 22:15,3725
2018-07-30 22:20,3676
2018-07-30 22:25,3661
2018-07-30 22:30,3622
2018-07-30 22:35,3607
2018-07-30 22:40,3575
2018-07-30 22:45,3566
2018-07-30 22:50,3563
2018-07-30 22:55,3530
2018-07-30 23:00,3525
2018-07-30 23:05,3501
2018-07-30 23:10,3436
2018-07-30 23:15,3420
2018-07-30 23:20,3393
2018-07-30 23:25,3392
2018-07-30 23:30,3356
2018-07-30 23:35,3321
2018-07-30 23:40,3285
2018-07-30 23:45,3267
2018-07-30 23:50,3251
2018-07-30 23:55,3242
2018-07-31 00:00,3226
2018-07-31 00:05,3152
2018-07-31 00:10,3163
2018-07-31 00:15,3170
2018-07-31 00:20,3152
2018-07-31 00:25,3124
2018-07-31 00:30,3110
2018-07-31 00:35,3116
2018-07-31 00:40,3119
2018-07-31 00:45,3118
2018-07-31 00:50,3130
2018-07-31 00:55,3140
2018-07-31 01:00,3108
2018-07-31 01:05,3086
2018-07-31 01:10,3076
2018-07-31 01:15,3047
2018-07-31 01:20,3049
2018-07-31 01:25,3019
2018-07-31 01:30,3000
2018-07-31 01:35,2973
2018-07-31 01:40,2977
2018-07-31 01:45,2956
2018-07-31 01:50,2936
2018-07-31 01:55,2926
2018-07-31 02:00,2896
2018-07-31 02:05,2851
2018-07-31 02:10,2865
2018-07-31 02:15,2862
2018-07-31 02:20,2833
2018-07-31 02:25,2822
2018-07-31 02:30,2806
2018-07-31 02:35,2796
2018-07-31 02:40,2765
2018-07-31 02:45,2742
2018-07-31 02:50,2733
2018-07-31 02:55,2732
2018-07-31 03:00,2686
2018-07-31 03:05,2667
2018-07-31 03:10,2641
2018-07-31 03:15,2626
2018-07-31 03:20,2606
2018-07-31 03:25,2589
2018-07-31 03:30,2559
2018-07-31 03:35,2537
2018-07-31 03:40,2511
2018-07-31 03:45,2497
2018-07-31 03:50,2471
2018-07-31 03:55,2457
2018-07-31 04:00,2446
2018-07-31 04:05,2388
2018-07-31 04:10,2405
2018-07-31 04:15,2373
2018-07-31 04:20,2359
2018-07-31 04:25,2348
2018-07-31 04:30,2353
2018-07-31 04:35,2333
2018-07-31 04:40,2323
2018-07-31 04:45,2303
2018-07-31 04:50,2272
2018-07-31 04:55,2260
2018-07-31 05:00,2237
2018-07-31 05:05,2239
2018-07-31 05:10,2239
2018-07-31 05:15,2183
2018-07-31 05:20,2179
2018-07-31 05:25,2158
2018-07-31 05:30,2131
2018-07-31 05:35,2106
2018-07-31 05:40,2093
2018-07-31 05:45,2112
2018-07-31 05:50,2116
2018-07-31 05:55,2085
2018-07-31 06:00,2091
2018-07-31 06:05,2052
2018-07-31 06:10,2051
2018-07-31 06:15,2067
2018-07-31 06:20,2079
2018-07-31 06:25,2086
2018-07-31 06:30,2081
2018-07-31 06:35,2089
2018-07-31 06:40,2080
2018-07-31 06:45,2077
2018-07-31 06:50,2086
2018-07-31 06:55,2092
2018-07-31 07:00,2081
2018-07-31 07:05,2097
2018-07-31 07:10,2096
2018-07-31 07:15,2128
2018-07-31 07:20,2131
2018-07-31 07:25,2125
2018-07-31 07:30,2121
2018-07-31 07:35,2118
2018-07-31 07:40,2134
2018-07-31 07:45,2163
2018-07-31 07:50,2167
2018-07-31 07:55,2161
2018-07-31 08:00,2194
2018-07-31 08:05,2192
2018-07-31 08:10,2241
2018-07-31 08:15,2237
2018-07-31 08:20,2238
2018-07-31 08:25,2256
2018-07-31 08:30,2271
2018-07-31 08:35,2276
2018-07-31 08:40,2304
2018-07-31 08:45,2323
2018-07-31 08:50,2337
2018-07-31 08:55,0
2018-07-31 09:00,2329
2018-07-31 09:05,2352
2018-07-31 09:10,2356
2018-07-31 09:15,2380
2018-07-31 09:20,2401
2018-07-31 09:25,2436
2018-07-31 09:30,2447
2018-07-31 09:35,2478
2018-07-31 09:40,2479
2018-07-31 09:45,2487
2018-07-31 09:50,2535
2018-07-31 09:55,2561
2018-07-31 10:00,2585
2018-07-31 10:05,2622
2018-07-31 10:10,2642
2018-07-31 10:15,2649
2018-07-31 10:20,2656
2018-07-31 10:25,2680
2018-07-31 10:30,2678
2018-07-31 10:35,2693
2018-07-31 10:40,2718
2018-07-31 10:45,2751
2018-07-31 10:50,2755
2018-07-31 10:55,2745
2018-07-31 11:00,2772
2018-07-31 11:05,2794
2018-07-31 11:10,2817
2018-07-31 11:15,2832
2018-07-31 11:20,2858
2018-07-31 11:25,2899
2018-07-31 11:30,2875
2018-07-31 11:35,2908
2018-07-31 11:40,2937
2018-07-31 11:45,2941
2018-07-31 11:50,2940
2018-07-31 11:55,2961
2018-07-31 12:00,2950
2018-07-31 12:05,2947
2018-07-31 12:10,2987
2018-07-31 12:15,3005
2018-07-31 12:20,3011
2018-07-31 12:25,3016
2018-07-31 12:30,3045
2018-07-31 12:35,3046
2018-07-31 12:40,3053
2018-07-31 12:45,3049
2018-07-31 12:50,3058
2018-07-31 12:55,3087
2018-07-31 13:00,3107
2018-07-31 13:05,3132
2018-07-31 13:10,3129
2018-07-31 13:15,3163
2018-07-31 13:20,3204
2018-07-31 13:25,3243
2018-07-31 13:30,3260
2018-07-31 13:35,3293
2018-07-31 13:40,3350
2018-07-31 13:45,3337
2018-07-31 13:50,3353
2018-07-31 13:55,3332
2018-07-31 14:00,3336
2018-07-31 14:05,3349
2018-07-31 14:10,3343
2018-07-31 14:15,3382
2018-07-31 14:20,3367
2018-07-31 14:25,3399
2018-07-31 14:30,3438
2018-07-31 14:35,3471
2018-07-31 14:40,3495
2018-07-31 14:45,3506
2018-07-31 14:50,3518
2018-07-31 14:55,3574
2018-07-31 15:00,3604
2018-07-31 15:05,3613
2018-07-31 15:10,3638
2018-07-31 15:15,3627
2018-07-31 15:20,3645
2018-07-31 15:25,3659
2018-07-31 15:30,3695
2018-07-31 15:35,3702
2018-07-31 15:40,3710
2018-07-31 15:45,3702
2018-07-31 15:50,3729
2018-07-31 15:55,3730
2018-07-31 16:00,3785
2018-07-31 16:05,3762
2018-07-31 16:10,3773
2018-07-31 16:15,3799
2018-07-31 16:20,3807
2018-07-31 16:25,3839
2018-07-31 16:30,3874
2018-07-31 16:35,3914
2018-07-31 16:40,3895
2018-07-31 16:45,3930
2018-07-31 16:50,3931
2018-07-31 16:55,3963
2018-07-31 17:00,3981
2018-07-31 17:05,4010
2018-07-31 17:10,4042
2018-07-31 17:15,4064
2018-07-31 17:20,4078
2018-07-31 17:25,4110
2018-07-31 17:30,4105
2018-07-31 17:35,4142
2018-07-31 17:40,4143
2018-07-31 17:45,4170
2018-07-31 17:50,4209
2018-07-31 17:55,4237
2018-07-31 18:00,4237
2018-07-31 18:05,4183
2018-07-31 18:10,4207
2018-07-31 18:15,4210
2018-07-31 18:20,4220
2018-07-31 18:25,4215
2018-07-31 18:30,4222
2018-07-31 18:35,4235
2018-07-31 18:40,4223
2018-07-31 18:45,4255
2018-07-31 18:50,4272
2018-07-31 18:55,4267
2018-07-31 19:00,4302
2018-07-31 19:05,4277
2018-07-31 19:10,4279
2018-07-31 19:15,4295
2018-07-31 19:20,4300
2018-07-31 19:25,4306
2018-07-31 19:30,4314
2018-07-31 19:35,4303
2018-07-31 19:40,4298
2018-07-31 19:45,4305
2018-07-31 19:50,4280
2018-07-31 19:55,4245
2018-07-31 20:00,4226
2018-07-31 20:05,4184
2018-07-31 20:10,4191
2018-07-31 20:15,4176
2018-07-31 20:20,4157
2018-07-31 20:25,4121
2018-07-31 20:30,4124
2018-07-31 20:35,4148
2018-07-31 20:40,4131
2018-07-31 20:45,4101
2018-07-31 20:50,4077
2018-07-31 20:55,4068
2018-07-31 21:00,4015
2018-07-31 21:05,4005
2018-07-31 21:10,3946
2018-07-31 21:15,3903
2018-07-31 21:20,3878
2018-07-31 21:25,3822
2018-07-31 21:30,3820
2018-07-31 21:35,3778
2018-07-31 21:40,3693
2018-07-31 21:45,3641
2018-07-31 21:50,3585
2018-07-31 21:55,3557
2018-07-31 22:00,3504
2018-07-31 22:05,3502
2018-07-31 22:10,3475
2018-07-31 22:15,3418
2018-07-31 22:20,3384
2018-07-31 22:25,3393
2018-07-31 22:30,3374
2018-07-31 22:35,3337
2018-07-31 22:40,3326
2018-07-31 22:45,3270
2018-07-31 22:50,3256
2018-07-31 22:55,3243
2018-07-31 23:00,3235
2018-07-31 23:05,3195
2018-07-31 23:10,0
2018-07-31 23:15,790
2018-07-31 23:20,2441
2018-07-31 23:25,3052
2018-07-31 23:30,3046
2018-07-31 23:35,3032
2018-07-31 23:40,3019
2018-07-31 23:45,2977
2018-07-31 23:50,2971
2018-07-31 23:55,2971
2018-08-01 00:00,2951
2018-08-01 00:05,2926
2018-08-01 00:10,2922
2018-08-01 00:15,2898
2018-08-01 00:20,2879
2018-08-01 00:25,2883
2018-08-01 00:30,2885
2018-08-01 00:35,2870
2018-08-01 00:40,2863
2018-08-01 00:45,2836
2018-08-01 00:50,2814
2018-08-01 00:55,2809
2018-08-01 01:00,2801
2018-08-01 01:05,2814
2018-08-01 01:10,2824
2018-08-01 01:15,2808
2018-08-01 01:20,2781
2018-08-01 01:25,2773
2018-08-01 01:30,2757
2018-08-01 01:35,2757
2018-08-01 01:40,2734
2018-08-01 01:45,2745
2018-08-01 01:50,2719
2018-08-01 01:55,2731
2018-08-01 02:00,2699
2018-08-01 02:05,2650
2018-08-01 02:10,2599
2018-08-01 02:15,2611
2018-08-01 02:20,2584
2018-08-01 02:25,2569
2018-08-01 02:30,2535
2018-08-01 02:35,2532
2018-08-01 02:40,2512
2018-08-01 02:45,2490
2018-08-01 02:50,2487
2018-08-01 02:55,2461
2018-08-01 03:00,2444
2018-08-01 03:05,2420
2018-08-01 03:10,2421
2018-08-01 03:15,2385
2018-08-01 03:20,2388
2018-08-01 03:25,2369
2018-08-01 03:30,2375
2018-08-01 03:35,2317
2018-08-01 03:40,2323
2018-08-01 03:45,2304
2018-08-01 03:50,2262
2018-08-01 03:55,2262
2018-08-01 04:00,2273
2018-08-01 04:05,2196
2018-08-01 04:10,2216
2018-08-01 04:15,2164
2018-08-01 04:20,2152
2018-08-01 04:25,2170
2018-08-01 04:30,2143
2018-08-01 04:35,2141
2018-08-01 04:40,2122
2018-08-01 04:45,2101
2018-08-01 04:50,2083
2018-08-01 04:55,2077
2018-08-01 05:00,2056
2018-08-01 05:05,2027
2018-08-01 05:10,2025
2018-08-01 05:15,2018
2018-08-01 05:20,2019
2018-08-01 05:25,2013
2018-08-01 05:30,1973
2018-08-01 05:35,1982
2018-08-01 05:40,1993
2018-08-01 05:45,1981
2018-08-01 05:50,1960
2018-08-01 05:55,1976
2018-08-01 06:00,1927
2018-08-01 06:05,1907
2018-08-01 06:10,1935
2018-08-01 06:15,1960
2018-08-01 06:20,1941
2018-08-01 06:25,1943
2018-08-01 06:30,1949
2018-08-01 06:35,1926
2018-08-01 06:40,1930
2018-08-01 06:45,1929
2018-08-01 06:50,1907
2018-08-01 06:55,1914
2018-08-01 07:00,1918
2018-08-01 07:05,1657
2018-08-01 07:10,1898
2018-08-01 07:15,1918
2018-08-01 07:20,1941
2018-08-01 07:25,1940
2018-08-01 07:30,1957
2018-08-01 07:35,1977
2018-08-01 07:40,1980
2018-08-01 07:45,1989
2018-08-01 07:50,1978
2018-08-01 07:55,1983
2018-08-01 08:00,1991
2018-08-01 08:05,1992
2018-08-01 08:10,2040
2018-08-01 08:15,2072
2018-08-01 08:20,2095
2018-08-01 08:25,2105
2018-08-01 08:30,2115
2018-08-01 08:35,2151
2018-08-01 08:40,2177
2018-08-01 08:45,2197
2018-08-01 08:50,2209
2018-08-01 08:55,2232
2018-08-01 09:00,2238
2018-08-01 09:05,2255
2018-08-01 09:10,2291
2018-08-01 09:15,2307
2018-08-01 09:20,2329
2018-08-01 09:25,2356
2018-08-01 09:30,2350
2018-08-01 09:35,2366
2018-08-01 09:40,2283
2018-08-01 09:45,2430
2018-08-01 09:50,2438
2018-08-01 09:55,2455
2018-08-01 10:00,2480
2018-08-01 10:05,2479
2018-08-01 10:10,2563
2018-08-01 10:15,2599
2018-08-01 10:20,2608
2018-08-01 10:25,2626
2018-08-01 10:30,2633
2018-08-01 10:35,2657
2018-08-01 10:40,2674
2018-08-01 10:45,2715
2018-08-01 10:50,2721
2018-08-01 10:55,2715
2018-08-01 11:00,2718
2018-08-01 11:05,2724
2018-08-01 11:10,2744
2018-08-01 11:15,2782
2018-08-01 11:20,2759
2018-08-01 11:25,2774
2018-08-01 11:30,2771
2018-08-01 11:35,2817
2018-08-01 11:40,2809
2018-08-01 11:45,2811
2018-08-01 11:50,2838
2018-08-01 11:55,2824
2018-08-01 12:00,2852
2018-08-01 12:05,2818
2018-08-01 12:10,2831
2018-08-01 12:15,2854
2018-08-01 12:20,2866
2018-08-01 12:25,2874
2018-08-01 12:30,2866
2018-08-01 12:35,2849
2018-08-01 12:40,2853
2018-08-01 12:45,2899
2018-08-01 12:50,2916
2018-08-01 12:55,2945
2018-08-01 13:00,2980
2018-08-01 13:05,2981
2018-08-01 13:10,2990
2018-08-01 13:15,3030
2018-08-01 13:20,3054
2018-08-01 13:25,3060
2018-08-01 13:30,3091
2018-08-01 13:35,3090
2018-08-01 13:40,3133
2018-08-01 13:45,3137
2018-08-01 13:50,3177
2018-08-01 13:55,3191
2018-08-01 14:00,3212
2018-08-01 14:05,3144
2018-08-01 14:10,3250
2018-08-01 14:15,3260
2018-08-01 14:20,3257
2018-08-01 14:25,3257
2018-08-01 14:30,3287
2018-08-01 14:35,3313
2018-08-01 14:40,3339
2018-08-01 14:45,3359
2018-08-01 14:50,3380
2018-08-01 14:55,3401
2018-08-01 15:00,3414
2018-08-01 15:05,3411
2018-08-01 15:10,3436
2018-08-01 15:15,3421
2018-08-01 15:20,3416
2018-08-01 15:25,3439
2018-08-01 15:30,3464
2018-08-01 15:35,3488
2018-08-01 15:40,3502
2018-08-01 15:45,3542
2018-08-01 15:50,3552
2018-08-01 15:55,3552
2018-08-01 16:00,3565
2018-08-01 16:05,3516
2018-08-01 16:10,3595
2018-08-01 16:15,3618
2018-08-01 16:20,3644
2018-08-01 16:25,3694
2018-08-01 16:30,3710
2018-08-01 16:35,3745
2018-08-01 16:40,3797
2018-08-01 16:45,3802
2018-08-01 16:50,3813
2018-08-01 16:55,3813
2018-08-01 17:00,3814
2018-08-01 17:05,3853
2018-08-01 17:10,3844
2018-08-01 17:15,3855
2018-08-01 17:20,3909
2018-08-01 17:25,3928
2018-08-01 17:30,3947
2018-08-01 17:35,3977
2018-08-01 17:40,4011
2018-08-01 17:45,4006
2018-08-01 17:50,4003
2018-08-01 17:55,3998
2018-08-01 18:00,4010
2018-08-01 18:05,3954
2018-08-01 18:10,4027
2018-08-01 18:15,4059
2018-08-01 18:20,4044
2018-08-01 18:25,4073
2018-08-01 18:30,4082
2018-08-01 18:35,4061
2018-08-01 18:40,4072
2018-08-01 18:45,4087
2018-08-01 18:50,4102
2018-08-01 18:55,4144
2018-08-01 19:00,4118
2018-08-01 19:05,4133
2018-08-01 19:10,4170
2018-08-01 19:15,4170
2018-08-01 19:20,4166
2018-08-01 19:25,4216
2018-08-01 19:30,4226
2018-08-01 19:35,4208
2018-08-01 19:40,4213
2018-08-01 19:45,4202
2018-08-01 19:50,4185
2018-08-01 19:55,4165
2018-08-01 20:00,4115
2018-08-01 20:05,4056
2018-08-01 20:10,4056
2018-08-01 20:15,4046
2018-08-01 20:20,4036
2018-08-01 20:25,4005
2018-08-01 20:30,3963
2018-08-01 20:35,3926
2018-08-01 20:40,3893
2018-08-01 20:45,3869
2018-08-01 20:50,3839
2018-08-01 20:55,3839
2018-08-01 21:00,3819
2018-08-01 21:05,3771
2018-08-01 21:10,3747
2018-08-01 21:15,3709
2018-08-01 21:20,3648
2018-08-01 21:25,3665
2018-08-01 21:30,3614
2018-08-01 21:35,3589
2018-08-01 21:40,3556
2018-08-01 21:45,3542
2018-08-01 21:50,3514
2018-08-01 21:55,3458
2018-08-01 22:00,3417
2018-08-01 22:05,3392
2018-08-01 22:10,3370
2018-08-01 22:15,3345
2018-08-01 22:20,3312
2018-08-01 22:25,3259
2018-08-01 22:30,3246
2018-08-01 22:35,3210
2018-08-01 22:40,3186
2018-08-01 22:45,3148
2018-08-01 22:50,3141
2018-08-01 22:55,3137
2018-08-01 23:00,3129
2018-08-01 23:05,3134
2018-08-01 23:10,3116
2018-08-01 23:15,3081
2018-08-01 23:20,3067
2018-08-01 23:25,3041
2018-08-01 23:30,3053
2018-08-01 23:35,3035
2018-08-01 23:40,3021
2018-08-01 23:45,3003
2018-08-01 23:50,3002
2018-08-01 23:55,3030
2018-08-02 00:00,2995
2018-08-02 00:05,2942
2018-08-02 00:10,2954
2018-08-02 00:15,2905
2018-08-02 00:20,2889
2018-08-02 00:25,2890
2018-08-02 00:30,2891
2018-08-02 00:35,2866
2018-08-02 00:40,2821
2018-08-02 00:45,2823
2018-08-02 00:50,2817
2018-08-02 00:55,2805
2018-08-02 01:00,2804
2018-08-02 01:05,2793
2018-08-02 01:10,2778
2018-08-02 01:15,2755
2018-08-02 01:20,0
2018-08-02 01:25,2695
2018-08-02 01:30,2686
2018-08-02 01:35,2642
2018-08-02 01:40,
2018-08-02 01:45,2597
2018-08-02 01:50,2583
2018-08-02 01:55,2565
2018-08-02 02:00,2552
2018-08-02 02:05,2525
2018-08-02 02:10,2546
2018-08-02 02:15,2550
2018-08-02 02:20,2528
2018-08-02 02:25,2504
2018-08-02 02:30,2520
2018-08-02 02:35,2489
2018-08-02 02:40,2485
2018-08-02 02:45,2481
2018-08-02 02:50,2465
2018-08-02 02:55,2441
2018-08-02 03:00,2392
2018-08-02 03:05,2366
2018-08-02 03:10,2375
2018-08-02 03:15,2374
2018-08-02 03:20,2356
2018-08-02 03:25,2349
2018-08-02 03:30,2319
2018-08-02 03:35,2311
2018-08-02 03:40,2304
2018-08-02 03:45,2269
2018-08-02 03:50,2263
2018-08-02 03:55,2259
2018-08-02 04:00,2233
2018-08-02 04:05,2214
2018-08-02 04:10,2211
2018-08-02 04:15,2215
2018-08-02 04:20,2217
2018-08-02 04:25,2221
2018-08-02 04:30,2228
2018-08-02 04:35,2228
2018-08-02 04:40,2205
2018-08-02 04:45,2165
2018-08-02 04:50,2152
2018-08-02 04:55,2130
2018-08-02 05:00,2098
2018-08-02 05:05,2063
2018-08-02 05:10,2034
2018-08-02 05:15,2018
2018-08-02 05:20,1995
2018-08-02 05:25,1973
2018-08-02 05:30,1955
2018-08-02 05:35,1951
2018-08-02 05:40,1943
2018-08-02 05:45,1932
2018-08-02 05:50,1916
2018-08-02 05:55,1898
2018-08-02 06:00,1904
2018-08-02 06:05,1847
2018-08-02 06:10,1891
2018-08-02 06:15,1874
2018-08-02 06:20,1874
2018-08-02 06:25,1875
2018-08-02 06:30,1870
2018-08-02 06:35,1866
2018-08-02 06:40,1865
2018-08-02 06:45,1872
2018-08-02 06:50,1892
2018-08-02 06:55,1889
2018-08-02 07:00,1913
2018-08-02 07:05,1935
2018-08-02 07:10,1937
2018-08-02 07:15,1941
2018-08-02 07:20,1960
2018-08-02 07:25,1960
2018-08-02 07:30,1961
2018-08-02 07:35,1962
2018-08-02 07:40,2008
2018-08-02 07:45,2048
2018-08-02 07:50,2060
2018-08-02 07:55,2067
2018-08-02 08:00,2065
2018-08-02 08:05,2056
2018-08-02 08:10,2084
2018-08-02 08:15,2094
2018-08-02 08:20,2082
2018-08-02 08:25,2108
2018-08-02 08:30,2145
2018-08-02 08:35,2171
2018-08-02 08:40,2191
2018-08-02 08:45,2193
2018-08-02 08:50,2220
2018-08-02 08:55,2233
2018-08-02 09:00,2241
2018-08-02 09:05,2248
2018-08-02 09:10,2242
2018-08-02 09:15,2268
2018-08-02 09:20,2274
2018-08-02 09:25,2308
2018-08-02 09:30,2346
2018-08-02 09:35,2359
2018-08-02 09:40,2371
2018-08-02 09:45,2373
2018-08-02 09:50,2399
2018-08-02 09:55,2414
2018-08-02 10:00,2459
2018-08-02 10:05,2489
2018-08-02 10:10,2555
2018-08-02 10:15,2554
2018-08-02 10:20,2580
2018-08-02 10:25,2610
2018-08-02 10:30,2653
2018-08-02 10:35,2675
2018-08-02 10:40,2667
2018-08-02 10:45,2695
2018-08-02 10:50,2725
2018-08-02 10:55,2750
2018-08-02 11:00,2759
2018-08-02 11:05,2783
2018-08-02 11:10,2806
2018-08-02 11:15,2808
2018-08-02 11:20,2825
2018-08-02 11:25,2842
2018-08-02 11:30,2841
2018-08-02 11:35,2861
2018-08-02 11:40,2859
2018-08-02 11:45,2884
2018-08-02 11:50,2899
2018-08-02 11:55,2913
2018-08-02 12:00,2922
2018-08-02 12:05,2899
2018-08-02 12:10,2920
2018-08-02 12:15,2928
2018-08-02 12:20,2964
2018-08-02 12:25,2962
2018-08-02 12:30,2974
2018-08-02 12:35,2970
2018-08-02 12:40,2995
2018-08-02 12:45,3007
2018-08-02 12:50,2998
2018-08-02 12:55,2997
2018-08-02 13:00,2984
2018-08-02 13:05,2997
2018-08-02 13:10,3015
2018-08-02 13:15,3032
2018-08-02 13:20,3016
2018-08-02 13:25,3033
2018-08-02 13:30,3043
2018-08-02 13:35,3038
2018-08-02 13:40,3047
2018-08-02 13:45,3015
2018-08-02 13:50,2944
2018-08-02 13:55,2837
2018-08-02 14:00,2672
2018-08-02 14:05,1854
2018-08-02 14:10,1792
2018-08-02 14:15,1799
2018-08-02 14:20,1793
2018-08-02 14:25,1787
2018-08-02 14:30,1817
2018-08-02 14:35,1831
2018-08-02 14:40,1842
2018-08-02 14:45,1849
2018-08-02 14:50,1861
2018-08-02 14:55,1896
2018-08-02 15:00,1899
2018-08-02 15:05,1930
2018-08-02 15:10,1983
2018-08-02 15:15,2065
2018-08-02 15:20,2200
2018-08-02 15:25,2343
2018-08-02 15:30,2439
2018-08-02 15:35,2536
2018-08-02 15:40,2654
2018-08-02 15:45,2749
2018-08-02 15:50,2847
2018-08-02 15:55,2935
2018-08-02 16:00,2977
2018-08-02 16:05,3112
2018-08-02 16:10,3209
2018-08-02 16:15,3312
2018-08-02 16:20,3359
2018-08-02 16:25,3458
2018-08-02 16:30,3532
2018-08-02 16:35,3595
2018-08-02 16:40,3638
2018-08-02 16:45,3708
2018-08-02 16:50,3748
2018-08-02 16:55,3788
2018-08-02 17:00,3825
2018-08-02 17:05,0
2018-08-02 17:10,3891
2018-08-02 17:15,3918
2018-08-02 17:20,3934
2018-08-02 17:25,3963
2018-08-02 17:30,3983
2018-08-02 17:35,3996
2018-08-02 17:40,3983
2018-08-02 17:45,3988
2018-08-02 17:50,3986
2018-08-02 17:55,3976
2018-08-02 18:00,3979
2018-08-02 18:05,3990
2018-08-02 18:10,3993
2018-08-02 18:15,4010
2018-08-02 18:20,4027
2018-08-02 18:25,4026
2018-08-02 18:30,4025
2018-08-02 18:35,4038
2018-08-02 18:40,4041
2018-08-02 18:45,4079
2018-08-02 18:50,4032
2018-08-02 18:55,4034
2018-08-02 19:00,4061
2018-08-02 19:05,4012
2018-08-02 19:10,4024
2018-08-02 19:15,4013
2018-08-02 19:20,4025
2018-08-02 19:25,4032
2018-08-02 19:30,4072
2018-08-02 19:35,4079
2018-08-02 19:40,4073
2018-08-02 19:45,4090
2018-08-02 19:50,4067
2018-08-02 19:55,4055
2018-08-02 20:00,4057
2018-08-02 20:05,3998
2018-08-02 20:10,3945
2018-08-02 20:15,3921
2018-08-02 20:20,3870
2018-08-02 20:25,3846
2018-08-02 20:30,3812
2018-08-02 20:35,3806
2018-08-02 20:40,3795
2018-08-02 20:45,3741
2018-08-02 20:50,3768
2018-08-02 20:55,3733
2018-08-02 21:00,3679
2018-08-02 21:05,3613
2018-08-02 21:10,3583
2018-08-02 21:15,3560
2018-08-02 21:20,3517
2018-08-02 21:25,3497
2018-08-02 21:30,3475
2018-08-02 21:35,3455
2018-08-02 21:40,3415
2018-08-02 21:45,3378
2018-08-02 21:50,3366
2018-08-02 21:55,3344
2018-08-02 22:00,3330
2018-08-02 22:05,3274
2018-08-02 22:10,3262
2018-08-02 22:15,3243
2018-08-02 22:20,3209
2018-08-02 22:25,3193
2018-08-02 22:30,3151
2018-08-02 22:35,3121
2018-08-02 22:40,3106
2018-08-02 22:45,3084
2018-08-02 22:50,3054
2018-08-02 22:55,3024
2018-08-02 23:00,3001
2018-08-02 23:05,2988
2018-08-02 23:10,2946
2018-08-02 23:15,2914
2018-08-02 23:20,2913
2018-08-02 23:25,
2018-08-02 23:30,
2018-08-02 23:35,
2018-08-02 23:40,2833
2018-08-02 23:45,2828
2018-08-02 23:50,2830
2018-08-02 23:55,2788
2018-08-03 00:00,2768
2018-08-03 00:05,2673
2018-08-03 00:10,2641
2018-08-03 00:15,2632
2018-08-03 00:20,2619
2018-08-03 00:25,2603
2018-08-03 00:30,2602
2018-08-03 00:35,2584
2018-08-03 00:40,2570
2018-08-03 00:45,2552
2018-08-03 00:50,2588
2018-08-03 00:55,2592
2018-08-03 01:00,2589
2018-08-03 01:05,2563
2018-08-03 01:10,2548
2018-08-03 01:15,2538
2018-08-03 01:20,2529
2018-08-03 01:25,2534
2018-08-03 01:30,2510
2018-08-03 01:35,2501
2018-08-03 01:40,2516
2018-08-03 01:45,2507
2018-08-03 01:50,2491
2018-08-03 01:55,2498
2018-08-03 02:00,2541
2018-08-03 02:05,2487
2018-08-03 02:10,2531
2018-08-03 02:15,2515
2018-08-03 02:20,2415
2018-08-03 02:25,2503
2018-08-03 02:30,2501
2018-08-03 02:35,2472
2018-08-03 02:40,2465
2018-08-03 02:45,2467
2018-08-03 02:50,2459
2018-08-03 02:55,2449
2018-08-03 03:00,2436
2018-08-03 03:05,2399
2018-08-03 03:10,2363
2018-08-03 03:15,2339
2018-08-03 03:20,2320
2018-08-03 03:25,2280
2018-08-03 03:30,2261
2018-08-03 03:35,2253
2018-08-03 03:40,2207
2018-08-03 03:45,2192
2018-08-03 03:50,2176
2018-08-03 03:55,2166
2018-08-03 04:00,2147
2018-08-03 04:05,2071
2018-08-03 04:10,2074
2018-08-03 04:15,2040
2018-08-03 04:20,2044
2018-08-03 04:25,2032
2018-08-03 04:30,2037
2018-08-03 04:35,2037
2018-08-03 04:40,2045
2018-08-03 04:45,2044
2018-08-03 04:50,2029
2018-08-03 04:55,2060
2018-08-03 05:00,2048
2018-08-03 05:05,2027
2018-08-03 05:10,2024
2018-08-03 05:15,2015
2018-08-03 05:20,2017
2018-08-03 05:25,2008
2018-08-03 05:30,1979
2018-08-03 05:35,1983
2018-08-03 05:40,1995
2018-08-03 05:45,1985
2018-08-03 05:50,1958
2018-08-03 05:55,1942
2018-08-03 06:00,1947
2018-08-03 06:05,1905
2018-08-03 06:10,1903
2018-08-03 06:15,1906
2018-08-03 06:20,1890
2018-08-03 06:25,1870
2018-08-03 06:30,1845
2018-08-03 06:35,1850
2018-08-03 06:40,1855
2018-08-03 06:45,1857
2018-08-03 06:50,1862
2018-08-03 06:55,1857
2018-08-03 07:00,1871
2018-08-03 07:05,1886
2018-08-03 07:10,1875
2018-08-03 07:15,1880
2018-08-03 07:20,1886
2018-08-03 07:25,1903
2018-08-03 07:30,1908
2018-08-03 07:35,1929
2018-08-03 07:40,1927
2018-08-03 07:45,1934
2018-08-03 07:50,1936
2018-08-03 07:55,1960
2018-08-03 08:00,1973
2018-08-03 08:05,1971
2018-08-03 08:10,1982
2018-08-03 08:15,1996
2018-08-03 08:20,2004
2018-08-03 08:25,2013
2018-08-03 08:30,2022
2018-08-03 08:35,2043
2018-08-03 08:40,2038
2018-08-03 08:45,2078
2018-08-03 08:50,2067
2018-08-03 08:55,2111
2018-08-03 09:00,2130
2018-08-03 09:05,2121
2018-08-03 09:10,2125
2018-08-03 09:15,2140
2018-08-03 09:20,2162
2018-08-03 09:25,2182
2018-08-03 09:30,2210
2018-08-03 09:35,2237
2018-08-03 09:40,2281
2018-08-03 09:45,2288
2018-08-03 09:50,2309
2018-08-03 09:55,2331
2018-08-03 10:00,2360
2018-08-03 10:05,2356
2018-08-03 10:10,2414
2018-08-03 10:15,2429
2018-08-03 10:20,2436
2018-08-03 10:25,2432
2018-08-03 10:30,2463
2018-08-03 10:35,2459
2018-08-03 10:40,2455
2018-08-03 10:45,2499
2018-08-03 10:50,2502
2018-08-03 10:55,2517
2018-08-03 11:00,2539
2018-08-03 11:05,2573
2018-08-03 11:10,2579
2018-08-03 11:15,2571
2018-08-03 11:20,2563
2018-08-03 11:25,2588
2018-08-03 11:30,2607
2018-08-03 11:35,2605
2018-08-03 11:40,2624
2018-08-03 11:45,2632
2018-08-03 11:50,2678
2018-08-03 11:55,2696
2018-08-03 12:00,2706
2018-08-03 12:05,2684
2018-08-03 12:10,2690
2018-08-03 12:15,2730
2018-08-03 12:20,2734
2018-08-03 12:25,2754
2018-08-03 12:30,2785
2018-08-03 12:35,2807
2018-08-03 12:40,2838
2018-08-03 12:45,2872
2018-08-03 12:50,2893
2018-08-03 12:55,2881
2018-08-03 13:00,2867
2018-08-03 13:05,2888
2018-08-03 13:10,2891
2018-08-03 13:15,2875
2018-08-03 13:20,2912
2018-08-03 13:25,2933
2018-08-03 13:30,2941
2018-08-03 13:35,2959
2018-08-03 13:40,2963
2018-08-03 13:45,2939
2018-08-03 13:50,2959
2018-08-03 13:55,2979
2018-08-03 14:00,3008
2018-08-03 14:05,2992
2018-08-03 14:10,3025
2018-08-03 14:15,3046
2018-08-03 14:20,3075
2018-08-03 14:25,3101
2018-08-03 14:30,3133
2018-08-03 14:35,3155
2018-08-03 14:40,3150
2018-08-03 14:45,3176
2018-08-03 14:50,3210
2018-08-03 14:55,3225
2018-08-03 15:00,3244
2018-08-03 15:05,3252
2018-08-03 15:10,3275
2018-08-03 15:15,3298
2018-08-03 15:20,3309
2018-08-03 15:25,3343
2018-08-03 15:30,3346
2018-08-03 15:35,3318
2018-08-03 15:40,3314
2018-08-03 15:45,3359
2018-08-03 15:50,3390
2018-08-03 15:55,3369
2018-08-03 16:00,3373
2018-08-03 16:05,3375
2018-08-03 16:10,3425
2018-08-03 16:15,3448
2018-08-03 16:20,3456
2018-08-03 16:25,3469
2018-08-03 16:30,3477
2018-08-03 16:35,3481
2018-08-03 16:40,3499
2018-08-03 16:45,3533
2018-08-03 16:50,3548
2018-08-03 16:55,3539
2018-08-03 17:00,3544
2018-08-03 17:05,3583
2018-08-03 17:10,3606
2018-08-03 17:15,3608
2018-08-03 17:20,3624
2018-08-03 17:25,3620
2018-08-03 17:30,3628
2018-08-03 17:35,3663
2018-08-03 17:40,3690
2018-08-03 17:45,3718
2018-08-03 17:50,3737
2018-08-03 17:55,3727
2018-08-03 18:00,3757
2018-08-03 18:05,3742
2018-08-03 18:10,3773
2018-08-03 18:15,3820
2018-08-03 18:20,3866
2018-08-03 18:25,3866
2018-08-03 18:30,3857
2018-08-03 18:35,3848
2018-08-03 18:40,3815
2018-08-03 18:45,3800
2018-08-03 18:50,3825
2018-08-03 18:55,3813
2018-08-03 19:00,3802
2018-08-03 19:05,3787
2018-08-03 19:10,3799
2018-08-03 19:15,3803
2018-08-03 19:20,3783
2018-08-03 19:25,3780
2018-08-03 19:30,3785
2018-08-03 19:35,3766
2018-08-03 19:40,3746
2018-08-03 19:45,3779
2018-08-03 19:50,3778
2018-08-03 19:55,3796
2018-08-03 20:00,3769
2018-08-03 20:05,3715
2018-08-03 20:10,3720
2018-08-03 20:15,3737
2018-08-03 20:20,3751
2018-08-03 20:25,3744
2018-08-03 20:30,3721
2018-08-03 20:35,3716
2018-08-03 20:40,3730
2018-08-03 20:45,3702
2018-08-03 20:50,3688
2018-08-03 20:55,3680
2018-08-03 21:00,3655
2018-08-03 21:05,3626
2018-08-03 21:10,3628
2018-08-03 21:15,3577
2018-08-03 21:20,3545
2018-08-03 21:25,3523
2018-08-03 21:30,3512
2018-08-03 21:35,3497
2018-08-03 21:40,3475
2018-08-03 21:45,3434
2018-08-03 21:50,3383
2018-08-03 21:55,3375
2018-08-03 22:00,3349
2018-08-03 22:05,3291
2018-08-03 22:10,0
2018-08-03 22:15,3216
2018-08-03 22:20,3218
2018-08-03 22:25,3209
2018-08-03 22:30,3201
2018-08-03 22:35,3166
2018-08-03 22:40,3119
2018-08-03 22:45,3064
2018-08-03 22:50,3064
2018-08-03 22:55,3050
2018-08-03 23:00,2996
2018-08-03 23:05,2995
2018-08-03 23:10,2962
2018-08-03 23:15,2953
2018-08-03 23:20,2938
2018-08-03 23:25,2900
2018-08-03 23:30,2898
2018-08-03 23:35,2878
2018-08-03 23:40,2825
2018-08-03 23:45,2804
2018-08-03 23:50,2803
2018-08-03 23:55,2794
2018-08-04 00:00,2760
2018-08-04 00:05,2723
2018-08-04 00:10,2741
2018-08-04 00:15,2729
2018-08-04 00:20,2737
2018-08-04 00:25,2703
2018-08-04 00:30,2692
2018-08-04 00:35,2702
2018-08-04 00:40,2710
2018-08-04 00:45,2707
2018-08-04 00:50,2705
2018-08-04 00:55,2688
2018-08-04 01:00,2670
2018-08-04 01:05,2674
2018-08-04 01:10,2624
2018-08-04 01:15,2621
2018-08-04 01:20,2606
2018-08-04 01:25,2633
2018-08-04 01:30,2647
2018-08-04 01:35,2628
2018-08-04 01:40,2610
2018-08-04 01:45,2625
2018-08-04 01:50,2634
2018-08-04 01:55,2616
2018-08-04 02:00,2614
2018-08-04 02:05,2588
2018-08-04 02:10,2588
2018-08-04 02:15,2586
2018-08-04 02:20,2583
2018-08-04 02:25,2569
2018-08-04 02:30,2571
2018-08-04 02:35,2564
2018-08-04 02:40,2574
2018-08-04 02:45,2557
2018-08-04 02:50,2553
2018-08-04 02:55,2533
2018-08-04 03:00,2505
2018-08-04 03:05,2468
2018-08-04 03:10,2456
2018-08-04 03:15,2435
2018-08-04 03:20,2452
2018-08-04 03:25,2469
2018-08-04 03:30,2443
2018-08-04 03:35,2442
2018-08-04 03:40,2404
2018-08-04 03:45,2417
2018-08-04 03:50,2377
2018-08-04 03:55,2345
2018-08-04 04:00,2348
2018-08-04 04:05,2296
2018-08-04 04:10,2311
2018-08-04 04:15,2311
2018-08-04 04:20,2303
2018-08-04 04:25,2300
2018-08-04 04:30,2278
2018-08-04 04:35,2256
2018-08-04 04:40,2254
2018-08-04 04:45,2278
2018-08-04 04:50,2272
2018-08-04 04:55,2236
2018-08-04 05:00,2222
2018-08-04 05:05,2204
2018-08-04 05:10,2201
2018-08-04 05:15,2203
2018-08-04 05:20,2200
2018-08-04 05:25,2170
2018-08-04 05:30,2156
2018-08-04 05:35,2132
2018-08-04 05:40,2138
2018-08-04 05:45,2128
2018-08-04 05:50,2138
2018-08-04 05:55,2144
2018-08-04 06:00,2136
2018-08-04 06:05,2098
2018-08-04 06:10,2122
2018-08-04 06:15,2121
2018-08-04 06:20,2105
2018-08-04 06:25,2121
2018-08-04 06:30,2143
2018-08-04 06:35,2143
2018-08-04 06:40,2128
2018-08-04 06:45,2135
2018-08-04 06:50,2143
2018-08-04 06:55,2154
2018-08-04 07:00,2126
2018-08-04 07:05,2136
2018-08-04 07:10,2143
2018-08-04 07:15,2165
2018-08-04 07:20,2191
2018-08-04 07:25,2191
2018-08-04 07:30,2182
2018-08-04 07:35,2179
2018-08-04 07:40,2196
2018-08-04 07:45,2213
2018-08-04 07:50,2222
2018-08-04 07:55,2236
2018-08-04 08:00,2248
2018-08-04 08:05,2216
2018-08-04 08:10,2235
2018-08-04 08:15,2285
2018-08-04 08:20,2287
2018-08-04 08:25,2291
2018-08-04 08:30,2324
2018-08-04 08:35,2351
2018-08-04 08:40,2362
2018-08-04 08:45,2387
2018-08-04 08:50,2406
2018-08-04 08:55,2423
2018-08-04 09:00,2437
2018-08-04 09:05,2448
2018-08-04 09:10,2464
2018-08-04 09:15,2484
2018-08-04 09:20,2526
2018-08-04 09:25,2543
2018-08-04 09:30,2552
2018-08-04 09:35,2562
2018-08-04 09:40,2562
2018-08-04 09:45,2576
2018-08-04 09:50,2612
2018-08-04 09:55,2657
2018-08-04 10:00,2696
2018-08-04 10:05,2715
2018-08-04 10:10,2780
2018-08-04 10:15,2811
2018-08-04 10:20,2819
2018-08-04 10:25,2832
2018-08-04 10:30,2840
2018-08-04 10:35,2851
2018-08-04 10:40,2851
2018-08-04 10:45,2829
2018-08-04 10:50,2851
2018-08-04 10:55,2851
2018-08-04 11:00,2858
2018-08-04 11:05,2859
2018-08-04 11:10,2887
2018-08-04 11:15,2900
2018-08-04 11:20,2894
2018-08-04 11:25,2914
2018-08-04 11:30,2940
2018-08-04 11:35,2924
2018-08-04 11:40,2971
2018-08-04 11:45,2980
2018-08-04 11:50,2989
2018-08-04 11:55,3032
2018-08-04 12:00,3064
2018-08-04 12:05,3046
2018-08-04 12:10,3048
2018-08-04 12:15,3120
2018-08-04 12:20,3139
2018-08-04 12:25,3150
2018-08-04 12:30,3181
2018-08-04 12:35,3195
2018-08-04 12:40,3197
2018-08-04 12:45,3201
2018-08-04 12:50,3205
2018-08-04 12:55,3221
2018-08-04 13:00,3240
2018-08-04 13:05,3249
2018-08-04 13:10,3257
2018-08-04 13:15,3261
2018-08-04 13:20,3281
2018-08-04 13:25,3317
2018-08-04 13:30,3330
2018-08-04 13:35,3343
2018-08-04 13:40,3351
2018-08-04 13:45,3384
2018-08-04 13:50,3417
2018-08-04 13:55,3424
2018-08-04 14:00,3459
2018-08-04 14:05,3442
2018-08-04 14:10,3432
2018-08-04 14:15,3515
2018-08-04 14:20,3553
2018-08-04 14:25,3601
2018-08-04 14:30,3612
2018-08-04 14:35,3620
2018-08-04 14:40,3645
2018-08-04 14:45,3658
2018-08-04 14:50,3698
2018-08-04 14:55,3683
2018-08-04 15:00,3685
2018-08-04 15:05,3715
2018-08-04 15:10,3697
2018-08-04 15:15,3725
2018-08-04 15:20,3742
2018-08-04 15:25,3786
2018-08-04 15:30,3821
2018-08-04 15:35,3820
2018-08-04 15:40,3803
2018-08-04 15:45,3826
2018-08-04 15:50,3823
2018-08-04 15:55,3806
2018-08-04 16:00,3801
2018-08-04 16:05,3791
2018-08-04 16:10,3833
2018-08-04 16:15,3846
2018-08-04 16:20,3850
2018-08-04 16:25,3872
2018-08-04 16:30,0
2018-08-04 16:35,3890
2018-08-04 16:40,3908
2018-08-04 16:45,3916
2018-08-04 16:50,3932
2018-08-04 16:55,3906
2018-08-04 17:00,3921
2018-08-04 17:05,3962
2018-08-04 17:10,3989
2018-08-04 17:15,3974
2018-08-04 17:20,3962
2018-08-04 17:25,3973
2018-08-04 17:30,3973
2018-08-04 17:35,4015
2018-08-04 17:40,4003
2018-08-04 17:45,4002
2018-08-04 17:50,4008
2018-08-04 17:55,4021
2018-08-04 18:00,4033
2018-08-04 18:05,4017
2018-08-04 18:10,4020
2018-08-04 18:15,4063
2018-08-04 18:20,4083
2018-08-04 18:25,4062
2018-08-04 18:30,4075
2018-08-04 18:35,4078
2018-08-04 18:40,4068
2018-08-04 18:45,4065
2018-08-04 18:50,4060
2018-08-04 18:55,4073
2018-08-04 19:00,4101
2018-08-04 19:05,4087
2018-08-04 19:10,4104
2018-08-04 19:15,4104
2018-08-04 19:20,4124
2018-08-04 19:25,4113
2018-08-04 19:30,4111
2018-08-04 19:35,4102
2018-08-04 19:40,4079
2018-08-04 19:45,4076
2018-08-04 19:50,4077
2018-08-04 19:55,4051
2018-08-04 20:00,4029
2018-08-04 20:05,3995
2018-08-04 20:10,3963
2018-08-04 20:15,3962
2018-08-04 20:20,3967
2018-08-04 20:25,3959
2018-08-04 20:30,3952
2018-08-04 20:35,3920
2018-08-04 20:40,3887
2018-08-04 20:45,3853
2018-08-04 20:50,3836
2018-08-04 20:55,3810
2018-08-04 21:00,3791
2018-08-04 21:05,3781
2018-08-04 21:10,3767
2018-08-04 21:15,3733
2018-08-04 21:20,3713
2018-08-04 21:25,3687
2018-08-04 21:30,3655
2018-08-04 21:35,3639
2018-08-04 21:40,3617
2018-08-04 21:45,3608
2018-08-04 21:50,3586
2018-08-04 21:55,3535
2018-08-04 22:00,3502
2018-08-04 22:05,3458
2018-08-04 22:10,3476
2018-08-04 22:15,3483
2018-08-04 22:20,3440
2018-08-04 22:25,3402
2018-08-04 22:30,3378
2018-08-04 22:35,3337
2018-08-04 22:40,3343
2018-08-04 22:45,3312
2018-08-04 22:50,3269
2018-08-04 22:55,3231
2018-08-04 23:00,3217
2018-08-04 23:05,3196
2018-08-04 23:10,3161
2018-08-04 23:15,3166
2018-08-04 23:20,3148
2018-08-04 23:25,3118
2018-08-04 23:30,3120
2018-08-04 23:35,3086
2018-08-04 23:40,3048
2018-08-04 23:45,3010
2018-08-04 23:50,2967
2018-08-04 23:55,2965
2018-08-05 00:00,2956
2018-08-05 00:05,2911
2018-08-05 00:10,2899
2018-08-05 00:15,2899
2018-08-05 00:20,2921
2018-08-05 00:25,2881
2018-08-05 00:30,2897
2018-08-05 00:35,2885
2018-08-05 00:40,2870
2018-08-05 00:45,2850
2018-08-05 00:50,2854
2018-08-05 00:55,2820
2018-08-05 01:00,2806
2018-08-05 01:05,2772
2018-08-05 01:10,2730
2018-08-05 01:15,2731
2018-08-05 01:20,2709
2018-08-05 01:25,2715
2018-08-05 01:30,2696
2018-08-05 01:35,2685
2018-08-05 01:40,2669
2018-08-05 01:45,2677
2018-08-05 01:50,2698
2018-08-05 01:55,2670
2018-08-05 02:00,2670
2018-08-05 02:05,2611
2018-08-05 02:10,2593
2018-08-05 02:15,2606
2018-08-05 02:20,2619
2018-08-05 02:25,2611
2018-08-05 02:30,2615
2018-08-05 02:35,2594
2018-08-05 02:40,2561
2018-08-05 02:45,2554
2018-08-05 02:50,2542
2018-08-05 02:55,2509
2018-08-05 03:00,2482
2018-08-05 03:05,2480
2018-08-05 03:10,2486
2018-08-05 03:15,2474
2018-08-05 03:20,2486
2018-08-05 03:25,2478
2018-08-05 03:30,2458
2018-08-05 03:35,2440
2018-08-05 03:40,2450
2018-08-05 03:45,2430
2018-08-05 03:50,2417
2018-08-05 03:55,2394
2018-08-05 04:00,2384
2018-08-05 04:05,2353
2018-08-05 04:10,2349
2018-08-05 04:15,2351
2018-08-05 04:20,2347
2018-08-05 04:25,2341
2018-08-05 04:30,2334
2018-08-05 04:35,2309
2018-08-05 04:40,2292
2018-08-05 04:45,2273
2018-08-05 04:50,2255
2018-08-05 04:55,2246
2018-08-05 05:00,2223
2018-08-05 05:05,2231
2018-08-05 05:10,2216
2018-08-05 05:15,2195
2018-08-05 05:20,2183
2018-08-05 05:25,2196
2018-08-05 05:30,2201
2018-08-05 05:35,2183
2018-08-05 05:40,2172
2018-08-05 05:45,2152
2018-08-05 05:50,2162
2018-08-05 05:55,2151
2018-08-05 06:00,2150
2018-08-05 06:05,2131
2018-08-05 06:10,2165
2018-08-05 06:15,2156
2018-08-05 06:20,2154
2018-08-05 06:25,2165
2018-08-05 06:30,2171
2018-08-05 06:35,2171
2018-08-05 06:40,2175
2018-08-05 06:45,2197
2018-08-05 06:50,2204
2018-08-05 06:55,2217
2018-08-05 07:00,2213
2018-08-05 07:05,2209
2018-08-05 07:10,2227
2018-08-05 07:15,2250
2018-08-05 07:20,2261
2018-08-05 07:25,2292
2018-08-05 07:30,2332
2018-08-05 07:35,2347
2018-08-05 07:40,2373
2018-08-05 07:45,2405
2018-08-05 07:50,2415
2018-08-05 07:55,2451
2018-08-05 08:00,2456
2018-08-05 08:05,2426
2018-08-05 08:10,2495
2018-08-05 08:15,2533
2018-08-05 08:20,2546
2018-08-05 08:25,2556
2018-08-05 08:30,2594
2018-08-05 08:35,2611
2018-08-05 08:40,2629
2018-08-05 08:45,2654
2018-08-05 08:50,2654
2018-08-05 08:55,2702
2018-08-05 09:00,2697
2018-08-05 09:05,2737
2018-08-05 09:10,2740
2018-08-05 09:15,2737
2018-08-05 09:20,2763
2018-08-05 09:25,2763
2018-08-05 09:30,2801
2018-08-05 09:35,2820
2018-08-05 09:40,2841
2018-08-05 09:45,2898
2018-08-05 09:50,2924
2018-08-05 09:55,2963
2018-08-05 10:00,2990
2018-08-05 10:05,2990
2018-08-05 10:10,3019
2018-08-05 10:15,3057
2018-08-05 10:20,3075
2018-08-05 10:25,3083
2018-08-05 10:30,3107
2018-08-05 10:35,3089
2018-08-05 10:40,3105
2018-08-05 10:45,3125
2018-08-05 10:50,3139
2018-08-05 10:55,3149
2018-08-05 11:00,3174
2018-08-05 11:05,3192
2018-08-05 11:10,3186
2018-08-05 11:15,3231
2018-08-05 11:20,3276
2018-08-05 11:25,3285
2018-08-05 11:30,3305
2018-08-05 11:35,3301
2018-08-05 11:40,3307
2018-08-05 11:45,3330
2018-08-05 11:50,3347
2018-08-05 11:55,3363
2018-08-05 12:00,3383
2018-08-05 12:05,3372
2018-08-05 12:10,3366
2018-08-05 12:15,3372
2018-08-05 12:20,3424
2018-08-05 12:25,3426
2018-08-05 12:30,3439
2018-08-05 12:35,3432
2018-08-05 12:40,3453
2018-08-05 12:45,3476
2018-08-05 12:50,3498
2018-08-05 12:55,3507
2018-08-05 13:00,3528
2018-08-05 13:05,3552
2018-08-05 13:10,3573
2018-08-05 13:15,3598
2018-08-05 13:20,3611
2018-08-05 13:25,3610
2018-08-05 13:30,3633
2018-08-05 13:35,3675
2018-08-05 13:40,3678
2018-08-05 13:45,3720
2018-08-05 13:50,3747
2018-08-05 13:55,3757
2018-08-05 14:00,3782
2018-08-05 14:05,3749
2018-08-05 14:10,3787
2018-08-05 14:15,3809
2018-08-05 14:20,0
2018-08-05 14:25,0
2018-08-05 14:30,3878
2018-08-05 14:35,3896
2018-08-05 14:40,3924
2018-08-05 14:45,3939
2018-08-05 14:50,3965
2018-08-05 14:55,3995
2018-08-05 15:00,4024
2018-08-05 15:05,4050
2018-08-05 15:10,4015
2018-08-05 15:15,4023
2018-08-05 15:20,4052
2018-08-05 15:25,4065
2018-08-05 15:30,4043
2018-08-05 15:35,4085
2018-08-05 15:40,4111
2018-08-05 15:45,4129
2018-08-05 15:50,4125
2018-08-05 15:55,4171
2018-08-05 16:00,4174
2018-08-05 16:05,4177
2018-08-05 16:10,4168
2018-08-05 16:15,4185
2018-08-05 16:20,4212
2018-08-05 16:25,4244
2018-08-05 16:30,4277
2018-08-05 16:35,4271
2018-08-05 16:40,4267
2018-08-05 16:45,4305
2018-08-05 16:50,4294
2018-08-05 16:55,4335
2018-08-05 17:00,4346
2018-08-05 17:05,4347
2018-08-05 17:10,4353
2018-08-05 17:15,4367
2018-08-05 17:20,4415
2018-08-05 17:25,4447
2018-08-05 17:30,4435
2018-08-05 17:35,4473
2018-08-05 17:40,4484
2018-08-05 17:45,4476
2018-08-05 17:50,4467
2018-08-05 17:55,4451
2018-08-05 18:00,4460
2018-08-05 18:05,4424
2018-08-05 18:10,4396
2018-08-05 18:15,4404
2018-08-05 18:20,4432
2018-08-05 18:25,4463
2018-08-05 18:30,4450
2018-08-05 18:35,4435
2018-08-05 18:40,4434
2018-08-05 18:45,4462
2018-08-05 18:50,4466
2018-08-05 18:55,4481
2018-08-05 19:00,4492
2018-08-05 19:05,4484
2018-08-05 19:10,4483
2018-08-05 19:15,4483
2018-08-05 19:20,4463
2018-08-05 19:25,4457
2018-08-05 19:30,4463
2018-08-05 19:35,4481
2018-08-05 19:40,4516
2018-08-05 19:45,4491
2018-08-05 19:50,4484
2018-08-05 19:55,4472
2018-08-05 20:00,4428
2018-08-05 20:05,4408
2018-08-05 20:10,4324
2018-08-05 20:15,4344
2018-08-05 20:20,4337
2018-08-05 20:25,4288
2018-08-05 20:30,4292
2018-08-05 20:35,4281
2018-08-05 20:40,4257
2018-08-05 20:45,4269
2018-08-05 20:50,4263
2018-08-05 20:55,4211
2018-08-05 21:00,4176
2018-08-05 21:05,4144
2018-08-05 21:10,4072
2018-08-05 21:15,4010
2018-08-05 21:20,3959
2018-08-05 21:25,3942
2018-08-05 21:30,3908
2018-08-05 21:35,3864
2018-08-05 21:40,3839
2018-08-05 21:45,3802
2018-08-05 21:50,3746
2018-08-05 21:55,3695
2018-08-05 22:00,3651
2018-08-05 22:05,3620
2018-08-05 22:10,3566
2018-08-05 22:15,3537
2018-08-05 22:20,3498
2018-08-05 22:25,3489
2018-08-05 22:30,3454
2018-08-05 22:35,3435
2018-08-05 22:40,3391
2018-08-05 22:45,3368
2018-08-05 22:50,3329
2018-08-05 22:55,3292
2018-08-05 23:00,
2018-08-05 23:05,3245
2018-08-05 23:10,3255
2018-08-05 23:15,3239
2018-08-05 23:20,3242
2018-08-05 23:25,3217
2018-08-05 23:30,3179
2018-08-05 23:35,3163
2018-08-05 23:40,3112
2018-08-05 23:45,3089
2018-08-05 23:50,3078
2018-08-05 23:55,3040
2018-08-06 00:00,2993
2018-08-06 00:05,2962
2018-08-06 00:10,2980
2018-08-06 00:15,2962
2018-08-06 00:20,2962
2018-08-06 00:25,2959
2018-08-06 00:30,2976
2018-08-06 00:35,2960
2018-08-06 00:40,2946
2018-08-06 00:45,2906
2018-08-06 00:50,2917
2018-08-06 00:55,2893
2018-08-06 01:00,2892
2018-08-06 01:05,2883
2018-08-06 01:10,2854
2018-08-06 01:15,2835
2018-08-06 01:20,2823
2018-08-06 01:25,2788
2018-08-06 01:30,2760
2018-08-06 01:35,2752
2018-08-06 01:40,2745
2018-08-06 01:45,2725
2018-08-06 01:50,2693
2018-08-06 01:55,2701
2018-08-06 02:00,2664
2018-08-06 02:05,2619
2018-08-06 02:10,2600
2018-08-06 02:15,2584
2018-08-06 02:20,2570
2018-08-06 02:25,2551
2018-08-06 02:30,2536
2018-08-06 02:35,2531
2018-08-06 02:40,2538
2018-08-06 02:45,2535
2018-08-06 02:50,2518
2018-08-06 02:55,2506
2018-08-06 03:00,2475
2018-08-06 03:05,2462
2018-08-06 03:10,2401
2018-08-06 03:15,2388
2018-08-06 03:20,2382
2018-08-06 03:25,2355
2018-08-06 03:30,2326
2018-08-06 03:35,2304
2018-08-06 03:40,2284
2018-08-06 03:45,2267
2018-08-06 03:50,2259
2018-08-06 03:55,2240
2018-08-06 04:00,2191
2018-08-06 04:05,2174
2018-08-06 04:10,2160
2018-08-06 04:15,2153
2018-08-06 04:20,2141
2018-08-06 04:25,2111
2018-08-06 04:30,2112
2018-08-06 04:35,2104
2018-08-06 04:40,2096
2018-08-06 04:45,2089
2018-08-06 04:50,2080
2018-08-06 04:55,2078
2018-08-06 05:00,2038
2018-08-06 05:05,2015
2018-08-06 05:10,2001
2018-08-06 05:15,1973
2018-08-06 05:20,1948
2018-08-06 05:25,1935
2018-08-06 05:30,1911
2018-08-06 05:35,1877
2018-08-06 05:40,1861
2018-08-06 05:45,1850
2018-08-06 05:50,1851
2018-08-06 05:55,1864
2018-08-06 06:00,1872
2018-08-06 06:05,1856
2018-08-06 06:10,1864
2018-08-06 06:15,1888
2018-08-06 06:20,1911
2018-08-06 06:25,1939
2018-08-06 06:30,1959
2018-08-06 06:35,1960
2018-08-06 06:40,1965
2018-08-06 06:45,1941
2018-08-06 06:50,1938
2018-08-06 06:55,1942
2018-08-06 07:00,1932
2018-08-06 07:05,1952
2018-08-06 07:10,1942
2018-08-06 07:15,1941
2018-08-06 07:20,1970
2018-08-06 07:25,1983
2018-08-06 07:30,1993
2018-08-06 07:35,2017
2018-08-06 07:40,2031
2018-08-06 07:45,2057
2018-08-06 07:50,2065
2018-08-06 07:55,2064
2018-08-06 08:00,2080
2018-08-06 08:05,2107
2018-08-06 08:10,2098
2018-08-06 08:15,2104
2018-08-06 08:20,2123
2018-08-06 08:25,2141
2018-08-06 08:30,2175
2018-08-06 08:35,2184
2018-08-06 08:40,2222
2018-08-06 08:45,2242
2018-08-06 08:50,2241
2018-08-06 08:55,2276
2018-08-06 09:00,2290
2018-08-06 09:05,2282
2018-08-06 09:10,2284
2018-08-06 09:15,2296
2018-08-06 09:20,2326
2018-08-06 09:25,2360
2018-08-06 09:30,2388
2018-08-06 09:35,2401
2018-08-06 09:40,2433
2018-08-06 09:45,2468
2018-08-06 09:50,2462
2018-08-06 09:55,2454
2018-08-06 10:00,2482
2018-08-06 10:05,2506
2018-08-06 10:10,2530
2018-08-06 10:15,2543
2018-08-06 10:20,2578
2018-08-06 10:25,2616
2018-08-06 10:30,2665
2018-08-06 10:35,2665
2018-08-06 10:40,2698
2018-08-06 10:45,2736
2018-08-06 10:50,2763
2018-08-06 10:55,2788
2018-08-06 11:00,2798
2018-08-06 11:05,2793
2018-08-06 11:10,2803
2018-08-06 11:15,2793
2018-08-06 11:20,2819
2018-08-06 11:25,2836
2018-08-06 11:30,2859
2018-08-06 11:35,2829
2018-08-06 11:40,2828
2018-08-06 11:45,2823
2018-08-06 11:50,2821
2018-08-06 11:55,2839
2018-08-06 12:00,2839
2018-08-06 12:05,2868
2018-08-06 12:10,2910
2018-08-06 12:15,2912
2018-08-06 12:20,2922
2018-08-06 12:25,2920
2018-08-06 12:30,2944
2018-08-06 12:35,2950
2018-08-06 12:40,2948
2018-08-06 12:45,2977
2018-08-06 12:50,3010
2018-08-06 12:55,3023
2018-08-06 13:00,3018
2018-08-06 13:05,3023
2018-08-06 13:10,3054
2018-08-06 13:15,3063
2018-08-06 13:20,3069
2018-08-06 13:25,3087
2018-08-06 13:30,3113
2018-08-06 13:35,3114
2018-08-06 13:40,3145
2018-08-06 13:45,3167
2018-08-06 13:50,3176
2018-08-06 13:55,3200
2018-08-06 14:00,3195
2018-08-06 14:05,3219
2018-08-06 14:10,3281
2018-08-06 14:15,3314
2018-08-06 14:20,3318
2018-08-06 14:25,3360
2018-08-06 14:30,3396
2018-08-06 14:35,3399
2018-08-06 14:40,3405
2018-08-06 14:45,3286
2018-08-06 14:50,3347
2018-08-06 14:55,3346
2018-08-06 15:00,3379
2018-08-06 15:05,3415
2018-08-06 15:10,3453
2018-08-06 15:15,3488
2018-08-06 15:20,3499
2018-08-06 15:25,3511
2018-08-06 15:30,3546
2018-08-06 15:35,3557
2018-08-06 15:40,3599
2018-08-06 15:45,3598
2018-08-06 15:50,3592
2018-08-06 15:55,3631
2018-08-06 16:00,3649
2018-08-06 16:05,3624
2018-08-06 16:10,3665
2018-08-06 16:15,3688
2018-08-06 16:20,3724
2018-08-06 16:25,3745
2018-08-06 16:30,3741
2018-08-06 16:35,3770
2018-08-06 16:40,3814
2018-08-06 16:45,3843
2018-08-06 16:50,3853
2018-08-06 16:55,3890
2018-08-06 17:00,3922
2018-08-06 17:05,3923
2018-08-06 17:10,3927
2018-08-06 17:15,3930
2018-08-06 17:20,3956
2018-08-06 17:25,3990
2018-08-06 17:30,4010
2018-08-06 17:35,4021
2018-08-06 17:40,4026
2018-08-06 17:45,4024
2018-08-06 17:50,4013
2018-08-06 17:55,4040
2018-08-06 18:00,4049
2018-08-06 18:05,4032
2018-08-06 18:10,4054
2018-08-06 18:15,4071
2018-08-06 18:20,4081
2018-08-06 18:25,4101
2018-08-06 18:30,4097
2018-08-06 18:35,4087
2018-08-06 18:40,4055
2018-08-06 18:45,4069
2018-08-06 18:50,4075
2018-08-06 18:55,4070
2018-08-06 19:00,4076
2018-08-06 19:05,4048
2018-08-06 19:10,4047
2018-08-06 19:15,4066
2018-08-06 19:20,4047
2018-08-06 19:25,4059
2018-08-06 19:30,4048
2018-08-06 19:35,4052
2018-08-06 19:40,4066
2018-08-06 19:45,4056
2018-08-06 19:50,4042
2018-08-06 19:55,4029
2018-08-06 20:00,4010
2018-08-06 20:05,3969
2018-08-06 20:10,3942
2018-08-06 20:15,3914
2018-08-06 20:20,3890
2018-08-06 20:25,3881
2018-08-06 20:30,3867
2018-08-06 20:35,3836
2018-08-06 20:40,3791
2018-08-06 20:45,3789
2018-08-06 20:50,3783
2018-08-06 20:55,3763
2018-08-06 21:00,3755
2018-08-06 21:05,3697
2018-08-06 21:10,3669
2018-08-06 21:15,3636
2018-08-06 21:20,3594
2018-08-06 21:25,3595
2018-08-06 21:30,3573
2018-08-06 21:35,3542
2018-08-06 21:40,3512
2018-08-06 21:45,3493
2018-08-06 21:50,3454
2018-08-06 21:55,3422
2018-08-06 22:00,3399
2018-08-06 22:05,3352
2018-08-06 22:10,3354
2018-08-06 22:15,3374
2018-08-06 22:20,3347
2018-08-06 22:25,3313
2018-08-06 22:30,3307
2018-08-06 22:35,3273
2018-08-06 22:40,3244
2018-08-06 22:45,3214
2018-08-06 22:50,3193
2018-08-06 22:55,3172
2018-08-06 23:00,3153
2018-08-06 23:05,3127
2018-08-06 23:10,3088
2018-08-06 23:15,3077
2018-08-06 23:20,3081
2018-08-06 23:25,3057
2018-08-06 23:30,3021
2018-08-06 23:35,2984
2018-08-06 23:40,2955
2018-08-06 23:45,2929
2018-08-06 23:50,2927
2018-08-06 23:55,2956
2018-08-07 00:00,2937
2018-08-07 00:05,2871
2018-08-07 00:10,2884
2018-08-07 00:15,2842
2018-08-07 00:20,2814
2018-08-07 00:25,2797
2018-08-07 00:30,2809
2018-08-07 00:35,2814
2018-08-07 00:40,2788
2018-08-07 00:45,2805
2018-08-07 00:50,2815
2018-08-07 00:55,2813
2018-08-07 01:00,2825
2018-08-07 01:05,2775
2018-08-07 01:10,2745
2018-08-07 01:15,2746
2018-08-07 01:20,2732
2018-08-07 01:25,2686
2018-08-07 01:30,2678
2018-08-07 01:35,2678
2018-08-07 01:40,2651
2018-08-07 01:45,2631
2018-08-07 01:50,2622
2018-08-07 01:55,2602
2018-08-07 02:00,2595
2018-08-07 02:05,2536
2018-08-07 02:10,2533
2018-08-07 02:15,2552
2018-08-07 02:20,2542
2018-08-07 02:25,2533
2018-08-07 02:30,2519
2018-08-07 02:35,2522
2018-08-07 02:40,2517
2018-08-07 02:45,2509
2018-08-07 02:50,2484
2018-08-07 02:55,2459
2018-08-07 03:00,2401
2018-08-07 03:05,2371
2018-08-07 03:10,2337
2018-08-07 03:15,2310
2018-08-07 03:20,2304
2018-08-07 03:25,2308
2018-08-07 03:30,2291
2018-08-07 03:35,2261
2018-08-07 03:40,2227
2018-08-07 03:45,2219
2018-08-07 03:50,2191
2018-08-07 03:55,2159
2018-08-07 04:00,2152
2018-08-07 04:05,2096
2018-08-07 04:10,2111
2018-08-07 04:15,2111
2018-08-07 04:20,2102
2018-08-07 04:25,2072
2018-08-07 04:30,2061
2018-08-07 04:35,2050
2018-08-07 04:40,2018
2018-08-07 04:45,2004
2018-08-07 04:50,2000
2018-08-07 04:55,1972
2018-08-07 05:00,1917
2018-08-07 05:05,1904
2018-08-07 05:10,1912
2018-08-07 05:15,1895
2018-08-07 05:20,1884
2018-08-07 05:25,1877
2018-08-07 05:30,1870
2018-08-07 05:35,1874
2018-08-07 05:40,1847
2018-08-07 05:45,1831
2018-08-07 05:50,1832
2018-08-07 05:55,1837
2018-08-07 06:00,1840
2018-08-07 06:05,1785
2018-08-07 06:10,1779
2018-08-07 06:15,1780
2018-08-07 06:20,1794
2018-08-07 06:25,1789
2018-08-07 06:30,1784
2018-08-07 06:35,1790
2018-08-07 06:40,1796
2018-08-07 06:45,1789
2018-08-07 06:50,1804
2018-08-07 06:55,1810
2018-08-07 07:00,0
2018-08-07 07:05,1826
2018-08-07 07:10,1820
2018-08-07 07:15,1823
2018-08-07 07:20,1838
2018-08-07 07:25,1863
2018-08-07 07:30,1856
2018-08-07 07:35,1858
2018-08-07 07:40,1897
2018-08-07 07:45,1906
2018-08-07 07:50,1925
2018-08-07 07:55,1936
2018-08-07 08:00,1979
2018-08-07 08:05,1954
2018-08-07 08:10,1984
2018-08-07 08:15,2012
2018-08-07 08:20,2037
2018-08-07 08:25,2036
2018-08-07 08:30,2051
2018-08-07 08:35,2073
2018-08-07 08:40,2070
2018-08-07 08:45,2085
2018-08-07 08:50,2089
2018-08-07 08:55,2065
2018-08-07 09:00,2103
2018-08-07 09:05,2114
2018-08-07 09:10,2125
2018-08-07 09:15,2165
2018-08-07 09:20,2177
2018-08-07 09:25,2187
2018-08-07 09:30,2201
2018-08-07 09:35,2239
2018-08-07 09:40,2269
2018-08-07 09:45,2269
2018-08-07 09:50,2284
2018-08-07 09:55,2287
2018-08-07 10:00,2313
2018-08-07 10:05,2321
2018-08-07 10:10,2324
2018-08-07 10:15,2367
2018-08-07 10:20,2351
2018-08-07 10:25,2377
2018-08-07 10:30,2398
2018-08-07 10:35,2391
2018-08-07 10:40,2400
2018-08-07 10:45,2427
2018-08-07 10:50,2439
2018-08-07 10:55,2458
2018-08-07 11:00,2475
2018-08-07 11:05,2491
2018-08-07 11:10,2478
2018-08-07 11:15,2473
2018-08-07 11:20,2471
2018-08-07 11:25,2498
2018-08-07 11:30,2502
2018-08-07 11:35,2487
2018-08-07 11:40,2485
2018-08-07 11:45,2451
2018-08-07 11:50,2407
2018-08-07 11:55,2284
2018-08-07 12:00,1996
2018-08-07 12:05,1336
2018-08-07 12:10,1277
2018-08-07 12:15,1332
2018-08-07 12:20,1309
2018-08-07 12:25,1314
2018-08-07 12:30,1346
2018-08-07 12:35,1352
2018-08-07 12:40,1344
2018-08-07 12:45,1357
2018-08-07 12:50,1381
2018-08-07 12:55,1407
2018-08-07 13:00,1459
2018-08-07 13:05,1478
2018-08-07 13:10,1546
2018-08-07 13:15,1636
2018-08-07 13:20,1734
2018-08-07 13:25,1809
2018-08-07 13:30,1903
2018-08-07 13:35,1953
2018-08-07 13:40,2004
2018-08-07 13:45,2088
2018-08-07 13:50,2129
2018-08-07 13:55,2184
2018-08-07 14:00,2207
2018-08-07 14:05,2262
2018-08-07 14:10,2335
2018-08-07 14:15,2401
2018-08-07 14:20,2460
2018-08-07 14:25,2523
2018-08-07 14:30,2580
2018-08-07 14:35,2618
2018-08-07 14:40,2683
2018-08-07 14:45,2753
2018-08-07 14:50,2806
2018-08-07 14:55,2825
2018-08-07 15:00,2861
2018-08-07 15:05,2905
2018-08-07 15:10,2942
2018-08-07 15:15,2968
2018-08-07 15:20,2994
2018-08-07 15:25,3024
2018-08-07 15:30,3073
2018-08-07 15:35,3087
2018-08-07 15:40,3116
2018-08-07 15:45,3165
2018-08-07 15:50,3233
2018-08-07 15:55,3298
2018-08-07 16:00,3341
2018-08-07 16:05,3387
2018-08-07 16:10,3439
2018-08-07 16:15,3507
2018-08-07 16:20,3558
2018-08-07 16:25,3625
2018-08-07 16:30,3628
2018-08-07 16:35,3660
2018-08-07 16:40,3656
2018-08-07 16:45,3693
2018-08-07 16:50,3722
2018-08-07 16:55,3745
2018-08-07 17:00,3762
2018-08-07 17:05,3774
2018-08-07 17:10,3781
2018-08-07 17:15,3799
2018-08-07 17:20,3821
2018-08-07 17:25,3832
2018-08-07 17:30,3839
2018-08-07 17:35,3879
2018-08-07 17:40,3908
2018-08-07 17:45,3908
2018-08-07 17:50,3926
2018-08-07 17:55,3926
2018-08-07 18:00,3915
2018-08-07 18:05,3924
2018-08-07 18:10,3936
2018-08-07 18:15,3980
2018-08-07 18:20,3992
2018-08-07 18:25,3991
2018-08-07 18:30,3955
2018-08-07 18:35,3958
2018-08-07 18:40,3948
2018-08-07 18:45,3946
2018-08-07 18:50,3934
2018-08-07 18:55,3885
2018-08-07 19:00,3894
2018-08-07 19:05,3910
2018-08-07 19:10,3912
2018-08-07 19:15,3926
2018-08-07 19:20,3898
2018-08-07 19:25,3896
2018-08-07 19:30,3928
2018-08-07 19:35,3900
2018-08-07 19:40,3858
2018-08-07 19:45,3845
2018-08-07 19:50,3794
2018-08-07 19:55,3742
2018-08-07 20:00,3716
2018-08-07 20:05,3692
2018-08-07 20:10,3654
2018-08-07 20:15,3653
2018-08-07 20:20,3637
2018-08-07 20:25,3631
2018-08-07 20:30,3630
2018-08-07 20:35,3600
2018-08-07 20:40,3564
2018-08-07 20:45,3539
2018-08-07 20:50,3522
2018-08-07 20:55,3489
2018-08-07 21:00,3496
2018-08-07 21:05,3452
2018-08-07 21:10,3443
2018-08-07 21:15,3425
2018-08-07 21:20,3388
2018-08-07 21:25,3343
2018-08-07 21:30,3282
2018-08-07 21:35,3266
2018-08-07 21:40,3263
2018-08-07 21:45,3211
2018-08-07 21:50,3200
2018-08-07 21:55,3165
2018-08-07 22:00,3129
2018-08-07 22:05,3135
2018-08-07 22:10,3112
2018-08-07 22:15,3075
2018-08-07 22:20,3036
2018-08-07 22:25,3020
2018-08-07 22:30,3004
2018-08-07 22:35,2994
2018-08-07 22:40,2958
2018-08-07 22:45,2938
2018-08-07 22:50,2912
2018-08-07 22:55,2909
2018-08-07 23:00,2887
2018-08-07 23:05,2850
2018-08-07 23:10,
2018-08-07 23:15,
2018-08-07 23:20,1792
2018-08-07 23:25,2692
2018-08-07 23:30,2746
2018-08-07 23:35,2716
2018-08-07 23:40,2713
2018-08-07 23:45,2728
2018-08-07 23:50,2718
2018-08-07 23:55,2713
2018-08-08 00:00,2701
2018-08-08 00:05,2647
2018-08-08 00:10,2669
2018-08-08 00:15,2659
2018-08-08 00:20,2641
2018-08-08 00:25,2621
2018-08-08 00:30,2635
2018-08-08 00:35,2625
2018-08-08 00:40,2624
2018-08-08 00:45,2609
2018-08-08 00:50,2607
2018-08-08 00:55,2572
2018-08-08 01:00,2578
2018-08-08 01:05,2568
2018-08-08 01:10,2570
2018-08-08 01:15,2551
2018-08-08 01:20,2548
2018-08-08 01:25,2537
2018-08-08 01:30,2530
2018-08-08 01:35,2528
2018-08-08 01:40,2554
2018-08-08 01:45,2530
2018-08-08 01:50,2524
2018-08-08 01:55,2518
2018-08-08 02:00,2500
2018-08-08 02:05,2452
2018-08-08 02:10,2441
2018-08-08 02:15,2469
2018-08-08 02:20,2465
2018-08-08 02:25,2442
2018-08-08 02:30,2421
2018-08-08 02:35,2400
2018-08-08 02:40,2392
2018-08-08 02:45,2371
2018-08-08 02:50,2349
2018-08-08 02:55,2342
2018-08-08 03:00,2317
2018-08-08 03:05,2277
2018-08-08 03:10,2257
2018-08-08 03:15,2241
2018-08-08 03:20,2232
2018-08-08 03:25,2236
2018-08-08 03:30,2211
2018-08-08 03:35,2185
2018-08-08 03:40,2169
2018-08-08 03:45,2144
2018-08-08 03:50,2124
2018-08-08 03:55,2127
2018-08-08 04:00,2101
2018-08-08 04:05,2046
2018-08-08 04:10,2063
2018-08-08 04:15,2039
2018-08-08 04:20,2044
2018-08-08 04:25,2030
2018-08-08 04:30,2032
2018-08-08 04:35,2009
2018-08-08 04:40,1975
2018-08-08 04:45,1956
2018-08-08 04:50,1943
2018-08-08 04:55,1920
2018-08-08 05:00,1906
2018-08-08 05:05,1901
2018-08-08 05:10,1874
2018-08-08 05:15,1862
2018-08-08 05:20,1840
2018-08-08 05:25,1847
2018-08-08 05:30,1836
2018-08-08 05:35,1832
2018-08-08 05:40,1825
2018-08-08 05:45,1814
2018-08-08 05:50,1806
2018-08-08 05:55,1791
2018-08-08 06:00,1807
2018-08-08 06:05,1762
2018-08-08 06:10,1773
2018-08-08 06:15,1781
2018-08-08 06:20,1789
2018-08-08 06:25,1805
2018-08-08 06:30,1823
2018-08-08 06:35,1826
2018-08-08 06:40,1842
2018-08-08 06:45,1820
2018-08-08 06:50,1825
2018-08-08 06:55,1851
2018-08-08 07:00,1852
2018-08-08 07:05,1830
2018-08-08 07:10,1836
2018-08-08 07:15,1854
2018-08-08 07:20,1881
2018-08-08 07:25,1896
2018-08-08 07:30,1906
2018-08-08 07:35,1914
2018-08-08 07:40,1928
2018-08-08 07:45,1933
2018-08-08 07:50,1937
2018-08-08 07:55,1949
2018-08-08 08:00,1954
2018-08-08 08:05,1923
2018-08-08 08:10,1957
2018-08-08 08:15,1987
2018-08-08 08:20,2019
2018-08-08 08:25,2035
2018-08-08 08:30,2061
2018-08-08 08:35,2065
2018-08-08 08:40,2094
2018-08-08 08:45,2096
2018-08-08 08:50,2103
2018-08-08 08:55,2115
2018-08-08 09:00,2139
2018-08-08 09:05,2152
2018-08-08 09:10,2194
2018-08-08 09:15,2211
2018-08-08 09:20,2228
2018-08-08 09:25,2245
2018-08-08 09:30,2243
2018-08-08 09:35,2278
2018-08-08 09:40,2318
2018-08-08 09:45,2340
2018-08-08 09:50,2344
2018-08-08 09:55,2367
2018-08-08 10:00,2382
2018-08-08 10:05,2399
2018-08-08 10:10,2436
2018-08-08 10:15,2421
2018-08-08 10:20,2433
2018-08-08 10:25,2465
2018-08-08 10:30,2502
2018-08-08 10:35,2508
2018-08-08 10:40,2524
2018-08-08 10:45,2526
2018-08-08 10:50,2531
2018-08-08 10:55,2542
2018-08-08 11:00,2552
2018-08-08 11:05,2546
2018-08-08 11:10,2571
2018-08-08 11:15,2600
2018-08-08 11:20,2609
2018-08-08 11:25,2645
2018-08-08 11:30,2647
2018-08-08 11:35,2659
2018-08-08 11:40,2664
2018-08-08 11:45,2691
2018-08-08 11:50,2695
2018-08-08 11:55,2702
2018-08-08 12:00,2707
2018-08-08 12:05,2690
2018-08-08 12:10,2680
2018-08-08 12:15,2691
2018-08-08 12:20,2682
2018-08-08 12:25,2671
2018-08-08 12:30,2687
2018-08-08 12:35,2700
2018-08-08 12:40,2722
2018-08-08 12:45,2728
2018-08-08 12:50,2720
2018-08-08 12:55,2724
2018-08-08 13:00,2762
2018-08-08 13:05,2737
2018-08-08 13:10,2781
2018-08-08 13:15,2800
2018-08-08 13:20,2821
2018-08-08 13:25,2842
2018-08-08 13:30,2852
2018-08-08 13:35,2855
2018-08-08 13:40,2848
2018-08-08 13:45,2885
2018-08-08 13:50,2878
2018-08-08 13:55,2904
2018-08-08 14:00,2959
2018-08-08 14:05,2953
2018-08-08 14:10,2999
2018-08-08 14:15,3039
2018-08-08 14:20,3023
2018-08-08 14:25,3041
2018-08-08 14:30,3047
2018-08-08 14:35,3070
2018-08-08 14:40,3087
2018-08-08 14:45,3126
2018-08-08 14:50,3153
2018-08-08 14:55,3184
2018-08-08 15:00,3203
2018-08-08 15:05,3189
2018-08-08 15:10,3200
2018-08-08 15:15,3214
2018-08-08 15:20,3207
2018-08-08 15:25,3193
2018-08-08 15:30,3208
2018-08-08 15:35,3242
2018-08-08 15:40,3253
2018-08-08 15:45,3271
2018-08-08 15:50,3303
2018-08-08 15:55,3327
2018-08-08 16:00,3325
2018-08-08 16:05,3292
2018-08-08 16:10,3328
2018-08-08 16:15,3372
2018-08-08 16:20,3415
2018-08-08 16:25,3423
2018-08-08 16:30,3447
2018-08-08 16:35,3488
2018-08-08 16:40,3553
2018-08-08 16:45,3570
2018-08-08 16:50,3579
2018-08-08 16:55,3599
2018-08-08 17:00,3626
2018-08-08 17:05,3619
2018-08-08 17:10,3665
2018-08-08 17:15,3663
2018-08-08 17:20,3658
2018-08-08 17:25,3664
2018-08-08 17:30,3666
2018-08-08 17:35,3716
2018-08-08 17:40,3727
2018-08-08 17:45,3721
2018-08-08 17:50,3746
2018-08-08 17:55,3716
2018-08-08 18:00,3733
2018-08-08 18:05,3726
2018-08-08 18:10,3752
2018-08-08 18:15,3783
2018-08-08 18:20,3780
2018-08-08 18:25,3745
2018-08-08 18:30,3766
2018-08-08 18:35,3774
2018-08-08 18:40,3770
2018-08-08 18:45,3784
2018-08-08 18:50,3796
2018-08-08 18:55,3795
2018-08-08 19:00,3771
2018-08-08 19:05,3790
2018-08-08 19:10,3803
2018-08-08 19:15,3833
2018-08-08 19:20,3857
2018-08-08 19:25,3895
2018-08-08 19:30,3845
2018-08-08 19:35,3819
2018-08-08 19:40,3824
2018-08-08 19:45,3797
2018-08-08 19:50,3775
2018-08-08 19:55,3784
2018-08-08 20:00,3716
2018-08-08 20:05,3702
2018-08-08 20:10,3748
2018-08-08 20:15,3714
2018-08-08 20:20,3705
2018-08-08 20:25,3677
2018-08-08 20:30,3649
2018-08-08 20:35,3597
2018-08-08 20:40,3580
2018-08-08 20:45,3567
2018-08-08 20:50,3543
2018-08-08 20:55,3501
2018-08-08 21:00,3455
2018-08-08 21:05,3422
2018-08-08 21:10,3387
2018-08-08 21:15,3364
2018-08-08 21:20,3317
2018-08-08 21:25,3289
2018-08-08 21:30,3263
2018-08-08 21:35,3233
2018-08-08 21:40,3181
2018-08-08 21:45,3139
2018-08-08 21:50,3111
2018-08-08 21:55,3097
2018-08-08 22:00,3082
2018-08-08 22:05,2996
2018-08-08 22:10,2985
2018-08-08 22:15,2958
2018-08-08 22:20,2945
2018-08-08 22:25,2919
2018-08-08 22:30,2890
2018-08-08 22:35,2911
2018-08-08 22:40,2882
2018-08-08 22:45,2879
2018-08-08 22:50,2866
2018-08-08 22:55,2837
2018-08-08 23:00,2820
2018-08-08 23:05,2805
2018-08-08 23:10,2806
2018-08-08 23:15,2768
2018-08-08 23:20,2769
2018-08-08 23:25,2754
2018-08-08 23:30,2730
2018-08-08 23:35,2712
2018-08-08 23:40,2685
2018-08-08 23:45,2664
2018-08-08 23:50,2650
2018-08-08 23:55,2640
2018-08-09 00:00,2614
2018-08-09 00:05,2540
2018-08-09 00:10,2551
2018-08-09 00:15,2565
2018-08-09 00:20,2584
2018-08-09 00:25,2581
2018-08-09 00:30,2569
2018-08-09 00:35,2549
2018-08-09 00:40,2532
2018-08-09 00:45,2526
2018-08-09 00:50,2509
2018-08-09 00:55,2496
2018-08-09 01:00,2472
2018-08-09 01:05,2429
2018-08-09 01:10,2410
2018-08-09 01:15,2415
2018-08-09 01:20,2413
2018-08-09 01:25,2420
2018-08-09 01:30,2403
2018-08-09 01:35,2413
2018-08-09 01:40,2427
2018-08-09 01:45,2411
2018-08-09 01:50,2418
2018-08-09 01:55,2431
2018-08-09 02:00,2417
2018-08-09 02:05,2388
2018-08-09 02:10,2384
2018-08-09 02:15,2378
2018-08-09 02:20,2388
2018-08-09 02:25,2376
2018-08-09 02:30,2346
2018-08-09 02:35,2328
2018-08-09 02:40,2323
2018-08-09 02:45,2301
2018-08-09 02:50,2287
2018-08-09 02:55,2231
2018-08-09 03:00,2184
2018-08-09 03:05,2172
2018-08-09 03:10,2160
2018-08-09 03:15,2135
2018-08-09 03:20,2139
2018-08-09 03:25,2171
2018-08-09 03:30,2137
2018-08-09 03:35,2108
2018-08-09 03:40,2091
2018-08-09 03:45,2058
2018-08-09 03:50,2037
2018-08-09 03:55,2016
2018-08-09 04:00,2004
2018-08-09 04:05,1968
2018-08-09 04:10,1940
2018-08-09 04:15,1931
2018-08-09 04:20,1930
2018-08-09 04:25,1889
2018-08-09 04:30,1890
2018-08-09 04:35,1882
2018-08-09 04:40,1881
2018-08-09 04:45,1837
2018-08-09 04:50,1819
2018-08-09 04:55,1804
2018-08-09 05:00,1803
2018-08-09 05:05,1790
2018-08-09 05:10,1771
2018-08-09 05:15,1772
2018-08-09 05:20,1761
2018-08-09 05:25,1757
2018-08-09 05:30,1748
2018-08-09 05:35,1727
2018-08-09 05:40,1725
2018-08-09 05:45,1725
2018-08-09 05:50,1720
2018-08-09 05:55,1706
2018-08-09 06:00,1694
2018-08-09 06:05,1699
2018-08-09 06:10,1742
2018-08-09 06:15,1731
2018-08-09 06:20,1738
2018-08-09 06:25,1742
2018-08-09 06:30,1742
2018-08-09 06:35,1705
2018-08-09 06:40,1710
2018-08-09 06:45,1698
2018-08-09 06:50,1682
2018-08-09 06:55,1700
2018-08-09 07:00,1725
2018-08-09 07:05,1727
2018-08-09 07:10,1727
2018-08-09 07:15,1761
2018-08-09 07:20,1778
2018-08-09 07:25,1796
2018-08-09 07:30,1792
2018-08-09 07:35,1803
2018-08-09 07:40,1819
2018-08-09 07:45,1824
2018-08-09 07:50,1854
2018-08-09 07:55,1896
2018-08-09 08:00,1910
2018-08-09 08:05,1878
2018-08-09 08:10,1930
2018-08-09 08:15,1957
2018-08-09 08:20,1992
2018-08-09 08:25,1981
2018-08-09 08:30,2001
2018-08-09 08:35,2006
2018-08-09 08:40,2028
2018-08-09 08:45,2020
2018-08-09 08:50,2025
2018-08-09 08:55,2034
2018-08-09 09:00,2054
2018-08-09 09:05,2059
2018-08-09 09:10,2097
2018-08-09 09:15,2107
2018-08-09 09:20,2125
2018-08-09 09:25,2131
2018-08-09 09:30,2148
2018-08-09 09:35,2165
2018-08-09 09:40,2196
2018-08-09 09:45,2204
2018-08-09 09:50,2211
2018-08-09 09:55,2228
2018-08-09 10:00,2251
2018-08-09 10:05,2268
2018-08-09 10:10,2332
2018-08-09 10:15,2335
2018-08-09 10:20,2355
2018-08-09 10:25,2384
2018-08-09 10:30,2402
2018-08-09 10:35,2427
2018-08-09 10:40,2438
2018-08-09 10:45,2456
2018-08-09 10:50,2457
2018-08-09 10:55,2480
2018-08-09 11:00,2484
2018-08-09 11:05,2487
2018-08-09 11:10,2497
2018-08-09 11:15,2484
2018-08-09 11:20,2501
2018-08-09 11:25,2529
2018-08-09 11:30,2523
2018-08-09 11:35,2523
2018-08-09 11:40,2479
2018-08-09 11:45,2458
2018-08-09 11:50,2422
2018-08-09 11:55,2355
2018-08-09 12:00,2181
2018-08-09 12:05,1743
2018-08-09 12:10,1068
2018-08-09 12:15,1054
2018-08-09 12:20,1038
2018-08-09 12:25,1024
2018-08-09 12:30,1011
2018-08-09 12:35,1005
2018-08-09 12:40,1020
2018-08-09 12:45,1019
2018-08-09 12:50,1016
2018-08-09 12:55,1016
2018-08-09 13:00,1009
2018-08-09 13:05,1004
2018-08-09 13:10,1004
2018-08-09 13:15,1016
2018-08-09 13:20,1014
2018-08-09 13:25,1028
2018-08-09 13:30,1037
2018-08-09 13:35,1027
2018-08-09 13:40,1014
2018-08-09 13:45,1015
2018-08-09 13:50,1019
2018-08-09 13:55,1065
2018-08-09 14:00,1046
2018-08-09 14:05,1011
2018-08-09 14:10,1046
2018-08-09 14:15,1042
2018-08-09 14:20,1035
2018-08-09 14:25,1036
2018-08-09 14:30,1056
2018-08-09 14:35,1063
2018-08-09 14:40,1065
2018-08-09 14:45,1098
2018-08-09 14:50,1089
2018-08-09 14:55,1084
2018-08-09 15:00,1105
2018-08-09 15:05,1108
2018-08-09 15:10,1131
2018-08-09 15:15,1129
2018-08-09 15:20,1155
2018-08-09 15:25,1171
2018-08-09 15:30,1203
2018-08-09 15:35,1232
2018-08-09 15:40,1217
2018-08-09 15:45,1221
2018-08-09 15:50,1222
2018-08-09 15:55,1208
2018-08-09 16:00,1211
2018-08-09 16:05,1235
2018-08-09 16:10,1239
2018-08-09 16:15,1260
2018-08-09 16:20,1266
2018-08-09 16:25,1276
2018-08-09 16:30,1319
2018-08-09 16:35,1537
2018-08-09 16:40,1698
2018-08-09 16:45,1875
2018-08-09 16:50,2055
2018-08-09 16:55,2187
2018-08-09 17:00,2323
2018-08-09 17:05,2459
2018-08-09 17:10,2591
2018-08-09 17:15,2690
2018-08-09 17:20,2800
2018-08-09 17:25,2908
2018-08-09 17:30,2977
2018-08-09 17:35,3058
2018-08-09 17:40,3131
2018-08-09 17:45,3206
2018-08-09 17:50,3257
2018-08-09 17:55,3305
2018-08-09 18:00,3347
2018-08-09 18:05,3376
2018-08-09 18:10,3419
2018-08-09 18:15,3469
2018-08-09 18:20,3526
2018-08-09 18:25,3590
2018-08-09 18:30,3619
2018-08-09 18:35,3676
2018-08-09 18:40,3701
2018-08-09 18:45,3736
2018-08-09 18:50,3749
2018-08-09 18:55,3793
2018-08-09 19:00,3814
2018-08-09 19:05,3858
2018-08-09 19:10,3918
2018-08-09 19:15,3914
2018-08-09 19:20,3919
2018-08-09 19:25,3957
2018-08-09 19:30,3973
2018-08-09 19:35,3951
2018-08-09 19:40,3959
2018-08-09 19:45,3975
2018-08-09 19:50,3971
2018-08-09 19:55,3970
2018-08-09 20:00,3966
2018-08-09 20:05,3962
2018-08-09 20:10,3925
2018-08-09 20:15,3891
2018-08-09 20:20,3902
2018-08-09 20:25,3865
2018-08-09 20:30,3822
2018-08-09 20:35,3771
2018-08-09 20:40,3759
2018-08-09 20:45,3715
2018-08-09 20:50,3679
2018-08-09 20:55,3628
2018-08-09 21:00,3608
2018-08-09 21:05,3556
2018-08-09 21:10,3530
2018-08-09 21:15,3540
2018-08-09 21:20,3494
2018-08-09 21:25,3471
2018-08-09 21:30,3433
2018-08-09 21:35,3384
2018-08-09 21:40,3351
2018-08-09 21:45,3324
2018-08-09 21:50,3300
2018-08-09 21:55,3259
2018-08-09 22:00,3224
2018-08-09 22:05,3177
2018-08-09 22:10,3169
2018-08-09 22:15,3133
2018-08-09 22:20,3084
2018-08-09 22:25,3064
2018-08-09 22:30,3037
2018-08-09 22:35,3011
2018-08-09 22:40,2987
2018-08-09 22:45,2931
2018-08-09 22:50,2928
2018-08-09 22:55,2902
2018-08-09 23:00,2864
2018-08-09 23:05,2851
2018-08-09 23:10,2835
2018-08-09 23:15,2816
2018-08-09 23:20,2816
2018-08-09 23:25,2374
2018-08-09 23:30,2785
2018-08-09 23:35,2788
2018-08-09 23:40,2777
2018-08-09 23:45,2788
2018-08-09 23:50,2731
2018-08-09 23:55,2735
2018-08-10 00:00,2708
2018-08-10 00:05,2665
2018-08-10 00:10,2677
2018-08-10 00:15,2642
2018-08-10 00:20,2632
2018-08-10 00:25,2640
2018-08-10 00:30,2618
2018-08-10 00:35,2597
2018-08-10 00:40,2581
2018-08-10 00:45,2547
2018-08-10 00:50,2530
2018-08-10 00:55,2537
2018-08-10 01:00,2550
2018-08-10 01:05,2537
2018-08-10 01:10,2545
2018-08-10 01:15,2516
2018-08-10 01:20,2508
2018-08-10 01:25,2480
2018-08-10 01:30,2460
2018-08-10 01:35,2457
2018-08-10 01:40,2437
2018-08-10 01:45,2410
2018-08-10 01:50,2400
2018-08-10 01:55,2397
2018-08-10 02:00,2379
2018-08-10 02:05,2346
2018-08-10 02:10,2360
2018-08-10 02:15,2328
2018-08-10 02:20,2306
2018-08-10 02:25,2295
2018-08-10 02:30,2283
2018-08-10 02:35,2275
2018-08-10 02:40,2268
2018-08-10 02:45,2256
2018-08-10 02:50,2234
2018-08-10 02:55,2224
2018-08-10 03:00,2215
2018-08-10 03:05,2192
2018-08-10 03:10,2174
2018-08-10 03:15,2167
2018-08-10 03:20,2131
2018-08-10 03:25,2120
2018-08-10 03:30,2107
2018-08-10 03:35,2091
2018-08-10 03:40,2089
2018-08-10 03:45,2065
2018-08-10 03:50,2053
2018-08-10 03:55,2053
2018-08-10 04:00,2039
2018-08-10 04:05,2016
2018-08-10 04:10,2006
2018-08-10 04:15,1980
2018-08-10 04:20,1981
2018-08-10 04:25,1955
2018-08-10 04:30,1941
2018-08-10 04:35,1916
2018-08-10 04:40,1912
2018-08-10 04:45,1880
2018-08-10 04:50,1854
2018-08-10 04:55,1837
2018-08-10 05:00,1842
2018-08-10 05:05,1808
2018-08-10 05:10,1797
2018-08-10 05:15,1790
2018-08-10 05:20,1811
2018-08-10 05:25,1834
2018-08-10 05:30,1828
2018-08-10 05:35,1814
2018-08-10 05:40,1803
2018-08-10 05:45,1771
2018-08-10 05:50,1772
2018-08-10 05:55,1769
2018-08-10 06:00,1777
2018-08-10 06:05,1769
2018-08-10 06:10,1787
2018-08-10 06:15,1779
2018-08-10 06:20,1776
2018-08-10 06:25,1785
2018-08-10 06:30,1780
2018-08-10 06:35,1789
2018-08-10 06:40,1795
2018-08-10 06:45,1776
2018-08-10 06:50,1770
2018-08-10 06:55,1779
2018-08-10 07:00,1782
2018-08-10 07:05,1773
2018-08-10 07:10,1785
2018-08-10 07:15,1776
2018-08-10 07:20,1809
2018-08-10 07:25,1829
2018-08-10 07:30,1869
2018-08-10 07:35,1872
2018-08-10 07:40,1868
2018-08-10 07:45,1902
2018-08-10 07:50,1917
2018-08-10 07:55,1924
2018-08-10 08:00,1956
2018-08-10 08:05,1961
2018-08-10 08:10,2024
2018-08-10 08:15,2055
2018-08-10 08:20,2074
2018-08-10 08:25,2094
2018-08-10 08:30,2081
2018-08-10 08:35,2105
2018-08-10 08:40,2107
2018-08-10 08:45,2105
2018-08-10 08:50,2113
2018-08-10 08:55,2122
2018-08-10 09:00,2135
2018-08-10 09:05,2144
2018-08-10 09:10,2154
2018-08-10 09:15,2163
2018-08-10 09:20,2211
2018-08-10 09:25,2239
2018-08-10 09:30,2231
2018-08-10 09:35,2262
2018-08-10 09:40,2296
2018-08-10 09:45,2310
2018-08-10 09:50,2314
2018-08-10 09:55,2338
2018-08-10 10:00,2368
2018-08-10 10:05,
2018-08-10 10:10,2413
2018-08-10 10:15,2459
2018-08-10 10:20,2469
2018-08-10 10:25,2478
2018-08-10 10:30,2495
2018-08-10 10:35,2511
2018-08-10 10:40,2520
2018-08-10 10:45,2517
2018-08-10 10:50,2553
2018-08-10 10:55,2559
2018-08-10 11:00,2601
2018-08-10 11:05,2586
2018-08-10 11:10,2590
2018-08-10 11:15,2617
2018-08-10 11:20,2642
2018-08-10 11:25,2662
2018-08-10 11:30,2653
2018-08-10 11:35,2668
2018-08-10 11:40,2688
2018-08-10 11:45,2753
2018-08-10 11:50,2734
2018-08-10 11:55,2775
2018-08-10 12:00,2779
2018-08-10 12:05,2747
2018-08-10 12:10,2771
2018-08-10 12:15,2808
2018-08-10 12:20,2831
2018-08-10 12:25,2839
2018-08-10 12:30,2815
2018-08-10 12:35,2809
2018-08-10 12:40,2819
2018-08-10 12:45,2871
2018-08-10 12:50,2898
2018-08-10 12:55,2866
2018-08-10 13:00,2861
2018-08-10 13:05,2863
2018-08-10 13:10,2898
2018-08-10 13:15,2906
2018-08-10 13:20,2907
2018-08-10 13:25,2920
2018-08-10 13:30,2925
2018-08-10 13:35,2937
2018-08-10 13:40,2936
2018-08-10 13:45,2925
2018-08-10 13:50,2902
2018-08-10 13:55,2927
2018-08-10 14:00,2888
2018-08-10 14:05,2898
2018-08-10 14:10,2916
2018-08-10 14:15,2938
2018-08-10 14:20,2953
2018-08-10 14:25,2963
2018-08-10 14:30,2968
2018-08-10 14:35,2989
2018-08-10 14:40,2992
2018-08-10 14:45,3037
2018-08-10 14:50,3045
2018-08-10 14:55,3070
2018-08-10 15:00,3078
2018-08-10 15:05,3061
2018-08-10 15:10,3072
2018-08-10 15:15,3096
2018-08-10 15:20,3122
2018-08-10 15:25,3124
2018-08-10 15:30,3151
2018-08-10 15:35,3168
2018-08-10 15:40,3193
2018-08-10 15:45,3213
2018-08-10 15:50,3244
2018-08-10 15:55,3251
2018-08-10 16:00,3281
2018-08-10 16:05,3269
2018-08-10 16:10,3327
2018-08-10 16:15,3336
2018-08-10 16:20,3373
2018-08-10 16:25,3407
2018-08-10 16:30,3409
2018-08-10 16:35,3444
2018-08-10 16:40,3444
2018-08-10 16:45,3419
2018-08-10 16:50,3415
2018-08-10 16:55,3440
2018-08-10 17:00,3443
2018-08-10 17:05,3400
2018-08-10 17:10,3393
2018-08-10 17:15,3396
2018-08-10 17:20,3421
2018-08-10 17:25,3391
2018-08-10 17:30,3454
2018-08-10 17:35,3454
2018-08-10 17:40,3460
2018-08-10 17:45,3486
2018-08-10 17:50,3503
2018-08-10 17:55,3530
2018-08-10 18:00,3555
2018-08-10 18:05,3527
2018-08-10 18:10,3515
2018-08-10 18:15,3529
2018-08-10 18:20,3513
2018-08-10 18:25,3510
2018-08-10 18:30,3544
2018-08-10 18:35,3551
2018-08-10 18:40,3549
2018-08-10 18:45,3558
2018-08-10 18:50,3575
2018-08-10 18:55,3584
2018-08-10 19:00,3604
2018-08-10 19:05,3601
2018-08-10 19:10,3613
2018-08-10 19:15,3640
2018-08-10 19:20,3675
2018-08-10 19:25,3684
2018-08-10 19:30,3698
2018-08-10 19:35,3679
2018-08-10 19:40,3679
2018-08-10 19:45,3650
2018-08-10 19:50,3668
2018-08-10 19:55,3664
2018-08-10 20:00,3621
2018-08-10 20:05,3593
2018-08-10 20:10,3583
2018-08-10 20:15,3584
2018-08-10 20:20,3579
2018-08-10 20:25,3546
2018-08-10 20:30,3549
2018-08-10 20:35,3542
2018-08-10 20:40,3524
2018-08-10 20:45,3487
2018-08-10 20:50,3487
2018-08-10 20:55,3464
2018-08-10 21:00,3451
2018-08-10 21:05,3426
2018-08-10 21:10,
2018-08-10 21:15,
2018-08-10 21:20,3357
2018-08-10 21:25,3316
2018-08-10 21:30,3284
2018-08-10 21:35,3226
2018-08-10 21:40,3239
2018-08-10 21:45,3213
2018-08-10 21:50,3171
2018-08-10 21:55,3170
2018-08-10 22:00,3157
2018-08-10 22:05,3109
2018-08-10 22:10,3109
2018-08-10 22:15,3071
2018-08-10 22:20,3034
2018-08-10 22:25,3004
2018-08-10 22:30,2976
2018-08-10 22:35,2923
2018-08-10 22:40,2893
2018-08-10 22:45,2858
2018-08-10 22:50,2833
2018-08-10 22:55,2816
2018-08-10 23:00,2829
2018-08-10 23:05,2815
2018-08-10 23:10,2794
2018-08-10 23:15,2763
2018-08-10 23:20,2748
2018-08-10 23:25,2719
2018-08-10 23:30,2700
2018-08-10 23:35,2687
2018-08-10 23:40,2668
2018-08-10 23:45,2668
2018-08-10 23:50,2644
2018-08-10 23:55,2608
2018-08-11 00:00,2619
2018-08-11 00:05,2574
2018-08-11 00:10,2581
2018-08-11 00:15,2559
2018-08-11 00:20,2545
2018-08-11 00:25,2553
2018-08-11 00:30,2546
2018-08-11 00:35,2525
2018-08-11 00:40,2519
2018-08-11 00:45,2523
2018-08-11 00:50,2515
2018-08-11 00:55,2519
2018-08-11 01:00,2509
2018-08-11 01:05,2486
2018-08-11 01:10,2506
2018-08-11 01:15,2499
2018-08-11 01:20,2483
2018-08-11 01:25,2469
2018-08-11 01:30,2464
2018-08-11 01:35,2452
2018-08-11 01:40,2447
2018-08-11 01:45,2460
2018-08-11 01:50,2458
2018-08-11 01:55,2461
2018-08-11 02:00,2458
2018-08-11 02:05,2455
2018-08-11 02:10,2454
2018-08-11 02:15,2433
2018-08-11 02:20,2425
2018-08-11 02:25,2433
2018-08-11 02:30,2402
2018-08-11 02:35,2390
2018-08-11 02:40,2353
2018-08-11 02:45,2355
2018-08-11 02:50,2335
2018-08-11 02:55,2341
2018-08-11 03:00,2339
2018-08-11 03:05,2326
2018-08-11 03:10,2301
2018-08-11 03:15,2289
2018-08-11 03:20,2253
2018-08-11 03:25,2265
2018-08-11 03:30,2264
2018-08-11 03:35,2234
2018-08-11 03:40,2200
2018-08-11 03:45,2184
2018-08-11 03:50,2166
2018-08-11 03:55,2142
2018-08-11 04:00,1690
2018-08-11 04:05,1466
2018-08-11 04:10,1377
2018-08-11 04:15,1374
2018-08-11 04:20,1346
2018-08-11 04:25,1318
2018-08-11 04:30,1317
2018-08-11 04:35,1324
2018-08-11 04:40,1275
2018-08-11 04:45,1245
2018-08-11 04:50,1218
2018-08-11 04:55,1202
2018-08-11 05:00,1327
2018-08-11 05:05,1403
2018-08-11 05:10,1484
2018-08-11 05:15,1535
2018-08-11 05:20,1589
2018-08-11 05:25,1650
2018-08-11 05:30,1688
2018-08-11 05:35,1704
2018-08-11 05:40,1762
2018-08-11 05:45,1795
2018-08-11 05:50,1811
2018-08-11 05:55,1847
2018-08-11 06:00,1862
2018-08-11 06:05,1848
2018-08-11 06:10,1898
2018-08-11 06:15,1907
2018-08-11 06:20,1917
2018-08-11 06:25,1926
2018-08-11 06:30,1925
2018-08-11 06:35,1940
2018-08-11 06:40,1967
2018-08-11 06:45,1977
2018-08-11 06:50,1974
2018-08-11 06:55,1985
2018-08-11 07:00,1993
2018-08-11 07:05,2003
2018-08-11 07:10,2023
2018-08-11 07:15,2049
2018-08-11 07:20,2064
2018-08-11 07:25,2093
2018-08-11 07:30,2120
2018-08-11 07:35,2139
2018-08-11 07:40,2145
2018-08-11 07:45,2175
2018-08-11 07:50,2189
2018-08-11 07:55,2187
2018-08-11 08:00,2203
2018-08-11 08:05,2153
2018-08-11 08:10,2189
2018-08-11 08:15,2196
2018-08-11 08:20,2230
2018-08-11 08:25,2257
2018-08-11 08:30,2286
2018-08-11 08:35,2296
2018-08-11 08:40,2302
2018-08-11 08:45,2358
2018-08-11 08:50,2383
2018-08-11 08:55,2424
2018-08-11 09:00,2438
2018-08-11 09:05,2437
2018-08-11 09:10,2445
2018-08-11 09:15,2478
2018-08-11 09:20,2494
2018-08-11 09:25,2494
2018-08-11 09:30,2531
2018-08-11 09:35,2538
2018-08-11 09:40,2544
2018-08-11 09:45,2566
2018-08-11 09:50,2586
2018-08-11 09:55,2580
2018-08-11 10:00,2608
2018-08-11 10:05,2604
2018-08-11 10:10,2616
2018-08-11 10:15,2659
2018-08-11 10:20,2687
2018-08-11 10:25,2717
2018-08-11 10:30,2733
2018-08-11 10:35,2742
2018-08-11 10:40,2764
2018-08-11 10:45,2789
2018-08-11 10:50,2784
2018-08-11 10:55,2810
2018-08-11 11:00,2831
2018-08-11 11:05,2848
2018-08-11 11:10,2844
2018-08-11 11:15,2862
2018-08-11 11:20,2886
2018-08-11 11:25,2898
2018-08-11 11:30,2931
2018-08-11 11:35,2957
2018-08-11 11:40,2966
2018-08-11 11:45,2978
2018-08-11 11:50,2980
2018-08-11 11:55,3011
2018-08-11 12:00,2998
2018-08-11 12:05,3013
2018-08-11 12:10,3006
2018-08-11 12:15,3050
2018-08-11 12:20,3069
2018-08-11 12:25,3064
2018-08-11 12:30,3060
2018-08-11 12:35,3073
2018-08-11 12:40,3099
2018-08-11 12:45,3134
2018-08-11 12:50,3149
2018-08-11 12:55,3169
2018-08-11 13:00,3138
2018-08-11 13:05,3152
2018-08-11 13:10,3169
2018-08-11 13:15,3154
2018-08-11 13:20,3159
2018-08-11 13:25,3142
2018-08-11 13:30,3141
2018-08-11 13:35,3123
2018-08-11 13:40,3134
2018-08-11 13:45,3144
2018-08-11 13:50,3179
2018-08-11 13:55,3182
2018-08-11 14:00,3165
2018-08-11 14:05,3154
2018-08-11 14:10,3192
2018-08-11 14:15,3226
2018-08-11 14:20,3227
2018-08-11 14:25,3261
2018-08-11 14:30,3272
2018-08-11 14:35,3303
2018-08-11 14:40,3326
2018-08-11 14:45,3351
2018-08-11 14:50,3359
2018-08-11 14:55,3376
2018-08-11 15:00,3385
2018-08-11 15:05,3394
2018-08-11 15:10,3375
2018-08-11 15:15,3361
2018-08-11 15:20,3332
2018-08-11 15:25,3353
2018-08-11 15:30,3339
2018-08-11 15:35,3359
2018-08-11 15:40,3388
2018-08-11 15:45,3358
2018-08-11 15:50,3379
2018-08-11 15:55,3362
2018-08-11 16:00,3401
2018-08-11 16:05,3391
2018-08-11 16:10,3427
2018-08-11 16:15,3471
2018-08-11 16:20,3453
2018-08-11 16:25,3477
2018-08-11 16:30,3490
2018-08-11 16:35,3499
2018-08-11 16:40,3473
2018-08-11 16:45,3466
2018-08-11 16:50,3510
2018-08-11 16:55,3510
2018-08-11 17:00,3532
2018-08-11 17:05,3534
2018-08-11 17:10,3549
2018-08-11 17:15,3551
2018-08-11 17:20,3576
2018-08-11 17:25,3589
2018-08-11 17:30,3607
2018-08-11 17:35,3602
2018-08-11 17:40,3605
2018-08-11 17:45,3602
2018-08-11 17:50,3610
2018-08-11 17:55,3627
2018-08-11 18:00,3656
2018-08-11 18:05,3644
2018-08-11 18:10,3589
2018-08-11 18:15,3589
2018-08-11 18:20,3580
2018-08-11 18:25,3564
2018-08-11 18:30,3571
2018-08-11 18:35,3594
2018-08-11 18:40,3600
2018-08-11 18:45,3638
2018-08-11 18:50,3667
2018-08-11 18:55,3694
2018-08-11 19:00,3682
2018-08-11 19:05,3693
2018-08-11 19:10,3734
2018-08-11 19:15,3759
2018-08-11 19:20,3797
2018-08-11 19:25,3826
2018-08-11 19:30,3858
2018-08-11 19:35,3850
2018-08-11 19:40,3850
2018-08-11 19:45,3859
2018-08-11 19:50,3870
2018-08-11 19:55,3884
2018-08-11 20:00,3876
2018-08-11 20:05,3842
2018-08-11 20:10,3838
2018-08-11 20:15,3852
2018-08-11 20:20,3849
2018-08-11 20:25,3842
2018-08-11 20:30,3822
2018-08-11 20:35,3797
2018-08-11 20:40,3794
2018-08-11 20:45,3786
2018-08-11 20:50,3772
2018-08-11 20:55,3736
2018-08-11 21:00,3725
2018-08-11 21:05,3730
2018-08-11 21:10,3747
2018-08-11 21:15,3720
2018-08-11 21:20,3698
2018-08-11 21:25,3646
2018-08-11 21:30,3613
2018-08-11 21:35,3573
2018-08-11 21:40,3548
2018-08-11 21:45,3484
2018-08-11 21:50,3478
2018-08-11 21:55,3451
2018-08-11 22:00,3430
2018-08-11 22:05,3390
2018-08-11 22:10,3378
2018-08-11 22:15,3314
2018-08-11 22:20,3318
2018-08-11 22:25,3265
2018-08-11 22:30,3202
2018-08-11 22:35,3164
2018-08-11 22:40,3137
2018-08-11 22:45,3111
2018-08-11 22:50,3083
2018-08-11 22:55,3057
2018-08-11 23:00,3020
2018-08-11 23:05,2998
2018-08-11 23:10,3003
2018-08-11 23:15,2965
2018-08-11 23:20,2960
2018-08-11 23:25,2944
2018-08-11 23:30,2904
2018-08-11 23:35,2865
2018-08-11 23:40,2864
2018-08-11 23:45,2868
2018-08-11 23:50,2834
2018-08-11 23:55,2816
2018-08-12 00:00,2801
2018-08-12 00:05,2783
2018-08-12 00:10,2776
2018-08-12 00:15,2738
2018-08-12 00:20,2728
2018-08-12 00:25,2707
2018-08-12 00:30,2654
2018-08-12 00:35,2623
2018-08-12 00:40,2622
2018-08-12 00:45,2616
2018-08-12 00:50,2585
2018-08-12 00:55,2582
2018-08-12 01:00,2553
2018-08-12 01:05,2546
2018-08-12 01:10,2520
2018-08-12 01:15,2520
2018-08-12 01:20,2518
2018-08-12 01:25,2521
2018-08-12 01:30,2520
2018-08-12 01:35,2510
2018-08-12 01:40,2501
2018-08-12 01:45,2512
2018-08-12 01:50,2488
2018-08-12 01:55,2496
2018-08-12 02:00,2498
2018-08-12 02:05,2480
2018-08-12 02:10,2497
2018-08-12 02:15,2479
2018-08-12 02:20,2474
2018-08-12 02:25,2479
2018-08-12 02:30,2464
2018-08-12 02:35,2445
2018-08-12 02:40,2435
2018-08-12 02:45,2402
2018-08-12 02:50,2400
2018-08-12 02:55,2387
2018-08-12 03:00,2388
2018-08-12 03:05,2345
2018-08-12 03:10,2320
2018-08-12 03:15,2337
2018-08-12 03:20,2341
2018-08-12 03:25,2367
2018-08-12 03:30,2340
2018-08-12 03:35,2326
2018-08-12 03:40,2290
2018-08-12 03:45,2266
2018-08-12 03:50,2273
2018-08-12 03:55,2263
2018-08-12 04:00,2254
2018-08-12 04:05,2218
2018-08-12 04:10,2250
2018-08-12 04:15,2237
2018-08-12 04:20,2249
2018-08-12 04:25,2246
2018-08-12 04:30,2244
2018-08-12 04:35,2223
2018-08-12 04:40,2221
2018-08-12 04:45,2205
2018-08-12 04:50,2191
2018-08-12 04:55,2190
2018-08-12 05:00,2166
2018-08-12 05:05,2164
2018-08-12 05:10,2163
2018-08-12 05:15,2158
2018-08-12 05:20,2173
2018-08-12 05:25,2148
2018-08-12 05:30,2143
2018-08-12 05:35,2143
2018-08-12 05:40,2130
2018-08-12 05:45,2122
2018-08-12 05:50,2097
2018-08-12 05:55,2078
2018-08-12 06:00,2087
2018-08-12 06:05,2061
2018-08-12 06:10,2113
2018-08-12 06:15,2103
2018-08-12 06:20,2106
2018-08-12 06:25,2117
2018-08-12 06:30,2098
2018-08-12 06:35,2104
2018-08-12 06:40,2114
2018-08-12 06:45,2108
2018-08-12 06:50,2088
2018-08-12 06:55,2089
2018-08-12 07:00,2095
2018-08-12 07:05,2081
2018-08-12 07:10,2092
2018-08-12 07:15,2115
2018-08-12 07:20,2145
2018-08-12 07:25,2169
2018-08-12 07:30,2194
2018-08-12 07:35,2205
2018-08-12 07:40,2227
2018-08-12 07:45,2255
2018-08-12 07:50,2267
2018-08-12 07:55,2292
2018-08-12 08:00,2303
2018-08-12 08:05,2281
2018-08-12 08:10,2302
2018-08-12 08:15,2373
2018-08-12 08:20,2365
2018-08-12 08:25,2403
2018-08-12 08:30,2412
2018-08-12 08:35,2424
2018-08-12 08:40,2433
2018-08-12 08:45,2445
2018-08-12 08:50,2461
2018-08-12 08:55,2478
2018-08-12 09:00,2511
2018-08-12 09:05,2533
2018-08-12 09:10,2551
2018-08-12 09:15,2591
2018-08-12 09:20,2608
2018-08-12 09:25,2635
2018-08-12 09:30,2644
2018-08-12 09:35,2669
2018-08-12 09:40,2671
2018-08-12 09:45,2694
2018-08-12 09:50,2714
2018-08-12 09:55,2755
2018-08-12 10:00,2778
2018-08-12 10:05,2774
2018-08-12 10:10,2819
2018-08-12 10:15,2838
2018-08-12 10:20,2852
2018-08-12 10:25,2842
2018-08-12 10:30,2870
2018-08-12 10:35,2908
2018-08-12 10:40,2929
2018-08-12 10:45,2911
2018-08-12 10:50,2949
2018-08-12 10:55,2945
2018-08-12 11:00,2956
2018-08-12 11:05,2940
2018-08-12 11:10,2986
2018-08-12 11:15,2995
2018-08-12 11:20,3002
2018-08-12 11:25,3046
2018-08-12 11:30,3046
2018-08-12 11:35,3069
2018-08-12 11:40,3105
2018-08-12 11:45,3128
2018-08-12 11:50,3130
2018-08-12 11:55,3160
2018-08-12 12:00,3180
2018-08-12 12:05,3157
2018-08-12 12:10,3162
2018-08-12 12:15,3172
2018-08-12 12:20,3218
2018-08-12 12:25,3254
2018-08-12 12:30,3279
2018-08-12 12:35,3299
2018-08-12 12:40,3318
2018-08-12 12:45,3340
2018-08-12 12:50,3327
2018-08-12 12:55,3328
2018-08-12 13:00,3364
2018-08-12 13:05,3413
2018-08-12 13:10,3451
2018-08-12 13:15,3486
2018-08-12 13:20,3502
2018-08-12 13:25,3525
2018-08-12 13:30,3528
2018-08-12 13:35,3537
2018-08-12 13:40,3564
2018-08-12 13:45,3566
2018-08-12 13:50,3581
2018-08-12 13:55,3621
2018-08-12 14:00,3618
2018-08-12 14:05,3642
2018-08-12 14:10,3640
2018-08-12 14:15,3667
2018-08-12 14:20,3682
2018-08-12 14:25,3704
2018-08-12 14:30,3730
2018-08-12 14:35,3739
2018-08-12 14:40,3771
2018-08-12 14:45,3809
2018-08-12 14:50,3813
2018-08-12 14:55,3812
2018-08-12 15:00,3802
2018-08-12 15:05,3784
2018-08-12 15:10,3774
2018-08-12 15:15,3825
2018-08-12 15:20,3843
2018-08-12 15:25,3839
2018-08-12 15:30,3870
2018-08-12 15:35,3848
2018-08-12 15:40,3856
2018-08-12 15:45,3879
2018-08-12 15:50,3901
2018-08-12 15:55,3909
2018-08-12 16:00,3921
2018-08-12 16:05,3910
2018-08-12 16:10,3897
2018-08-12 16:15,3915
2018-08-12 16:20,3942
2018-08-12 16:25,3973
2018-08-12 16:30,3957
2018-08-12 16:35,3956
2018-08-12 16:40,3972
2018-08-12 16:45,3960
2018-08-12 16:50,3964
2018-08-12 16:55,3951
2018-08-12 17:00,3950
2018-08-12 17:05,3982
2018-08-12 17:10,3982
2018-08-12 17:15,3980
2018-08-12 17:20,4002
2018-08-12 17:25,4001
2018-08-12 17:30,4003
2018-08-12 17:35,3993
2018-08-12 17:40,3990
2018-08-12 17:45,3987
2018-08-12 17:50,3989
2018-08-12 17:55,4004
2018-08-12 18:00,4008
2018-08-12 18:05,4002
2018-08-12 18:10,4045
2018-08-12 18:15,4097
2018-08-12 18:20,4079
2018-08-12 18:25,4089
2018-08-12 18:30,4060
2018-08-12 18:35,4073
2018-08-12 18:40,4085
2018-08-12 18:45,4052
2018-08-12 18:50,4070
2018-08-12 18:55,4084
2018-08-12 19:00,4086
2018-08-12 19:05,4134
2018-08-12 19:10,4154
2018-08-12 19:15,4143
2018-08-12 19:20,4131
2018-08-12 19:25,4122
2018-08-12 19:30,4101
2018-08-12 19:35,4134
2018-08-12 19:40,4116
2018-08-12 19:45,4098
2018-08-12 19:50,4097
2018-08-12 19:55,4082
2018-08-12 20:00,4060
2018-08-12 20:05,4017
2018-08-12 20:10,3992
2018-08-12 20:15,3985
2018-08-12 20:20,3946
2018-08-12 20:25,3936
2018-08-12 20:30,3915
2018-08-12 20:35,3923
2018-08-12 20:40,3902
2018-08-12 20:45,3883
2018-08-12 20:50,3858
2018-08-12 20:55,3836
2018-08-12 21:00,3819
2018-08-12 21:05,3793
2018-08-12 21:10,3794
2018-08-12 21:15,3750
2018-08-12 21:20,3714
2018-08-12 21:25,3681
2018-08-12 21:30,3628
2018-08-12 21:35,3603
2018-08-12 21:40,3587
2018-08-12 21:45,3558
2018-08-12 21:50,3536
2018-08-12 21:55,3475
2018-08-12 22:00,3444
2018-08-12 22:05,3401
2018-08-12 22:10,3373
2018-08-12 22:15,3374
2018-08-12 22:20,3354
2018-08-12 22:25,3313
2018-08-12 22:30,3276
2018-08-12 22:35,3254
2018-08-12 22:40,3232
2018-08-12 22:45,3181
2018-08-12 22:50,3159
2018-08-12 22:55,3131
2018-08-12 23:00,3107
2018-08-12 23:05,3110
2018-08-12 23:10,3070
2018-08-12 23:15,3045
2018-08-12 23:20,3017
2018-08-12 23:25,2983
2018-08-12 23:30,2952
2018-08-12 23:35,2963
2018-08-12 23:40,2955
2018-08-12 23:45,2900
2018-08-12 23:50,2887
2018-08-12 23:55,2841
2018-08-13 00:00,2826
2018-08-13 00:05,2786
2018-08-13 00:10,2791
2018-08-13 00:15,2788
2018-08-13 00:20,2790
2018-08-13 00:25,2776
2018-08-13 00:30,2760
2018-08-13 00:35,2757
2018-08-13 00:40,2761
2018-08-13 00:45,2746
2018-08-13 00:50,2756
2018-08-13 00:55,2751
2018-08-13 01:00,2724
2018-08-13 01:05,2717
2018-08-13 01:10,2692
2018-08-13 01:15,2664
2018-08-13 01:20,2636
2018-08-13 01:25,2615
2018-08-13 01:30,2602
2018-08-13 01:35,2553
2018-08-13 01:40,2555
2018-08-13 01:45,2542
2018-08-13 01:50,2518
2018-08-13 01:55,2512
2018-08-13 02:00,2507
2018-08-13 02:05,2470
2018-08-13 02:10,2472
2018-08-13 02:15,2424
2018-08-13 02:20,2405
2018-08-13 02:25,2397
2018-08-13 02:30,2366
2018-08-13 02:35,2337
2018-08-13 02:40,2326
2018-08-13 02:45,2325
2018-08-13 02:50,2297
2018-08-13 02:55,2268
2018-08-13 03:00,2241
2018-08-13 03:05,2229
2018-08-13 03:10,2207
2018-08-13 03:15,2163
2018-08-13 03:20,2129
2018-08-13 03:25,2130
2018-08-13 03:30,2105
2018-08-13 03:35,2086
2018-08-13 03:40,2048
2018-08-13 03:45,2045
2018-08-13 03:50,2021
2018-08-13 03:55,2009
2018-08-13 04:00,1974
2018-08-13 04:05,1962
2018-08-13 04:10,1948
2018-08-13 04:15,1943
2018-08-13 04:20,1906
2018-08-13 04:25,1888
2018-08-13 04:30,1873
2018-08-13 04:35,1869
2018-08-13 04:40,1843
2018-08-13 04:45,1825
2018-08-13 04:50,1812
2018-08-13 04:55,1813
2018-08-13 05:00,1804
2018-08-13 05:05,1772
2018-08-13 05:10,1749
2018-08-13 05:15,1763
2018-08-13 05:20,1749
2018-08-13 05:25,1710
2018-08-13 05:30,1715
2018-08-13 05:35,1711
2018-08-13 05:40,1702
2018-08-13 05:45,1694
2018-08-13 05:50,1691
2018-08-13 05:55,1674
2018-08-13 06:00,1665
2018-08-13 06:05,1667
2018-08-13 06:10,1716
2018-08-13 06:15,1726
2018-08-13 06:20,1725
2018-08-13 06:25,1726
2018-08-13 06:30,1707
2018-08-13 06:35,1708
2018-08-13 06:40,1712
2018-08-13 06:45,1726
2018-08-13 06:50,1717
2018-08-13 06:55,1705
2018-08-13 07:00,1680
2018-08-13 07:05,1674
2018-08-13 07:10,1700
2018-08-13 07:15,1724
2018-08-13 07:20,1736
2018-08-13 07:25,1760
2018-08-13 07:30,1772
2018-08-13 07:35,1774
2018-08-13 07:40,1811
2018-08-13 07:45,1830
2018-08-13 07:50,1848
2018-08-13 07:55,1848
2018-08-13 08:00,1864
2018-08-13 08:05,1854
2018-08-13 08:10,1863
2018-08-13 08:15,1882
2018-08-13 08:20,1896
2018-08-13 08:25,1912
2018-08-13 08:30,1937
2018-08-13 08:35,1963
2018-08-13 08:40,1969
2018-08-13 08:45,2003
2018-08-13 08:50,2051
2018-08-13 08:55,2098
2018-08-13 09:00,2124
2018-08-13 09:05,2138
2018-08-13 09:10,2141
2018-08-13 09:15,2171
2018-08-13 09:20,2182
2018-08-13 09:25,2200
2018-08-13 09:30,2202
2018-08-13 09:35,2219
2018-08-13 09:40,2215
2018-08-13 09:45,2243
2018-08-13 09:50,2276
2018-08-13 09:55,2291
2018-08-13 10:00,2323
2018-08-13 10:05,2342
2018-08-13 10:10,2375
2018-08-13 10:15,2394
2018-08-13 10:20,2415
2018-08-13 10:25,2418
2018-08-13 10:30,2462
2018-08-13 10:35,2477
2018-08-13 10:40,2484
2018-08-13 10:45,2530
2018-08-13 10:50,2554
2018-08-13 10:55,2601
2018-08-13 11:00,2608
2018-08-13 11:05,2632
2018-08-13 11:10,2650
2018-08-13 11:15,2658
2018-08-13 11:20,2688
2018-08-13 11:25,2702
2018-08-13 11:30,2708
2018-08-13 11:35,2723
2018-08-13 11:40,2747
2018-08-13 11:45,2749
2018-08-13 11:50,2730
2018-08-13 11:55,2755
2018-08-13 12:00,2748
2018-08-13 12:05,2732
2018-08-13 12:10,2744
2018-08-13 12:15,2791
2018-08-13 12:20,2810
2018-08-13 12:25,2828
2018-08-13 12:30,2830
2018-08-13 12:35,2829
2018-08-13 12:40,2862
2018-08-13 12:45,2865
2018-08-13 12:50,2847
2018-08-13 12:55,2806
2018-08-13 13:00,2744
2018-08-13 13:05,2746
2018-08-13 13:10,2756
2018-08-13 13:15,2744
2018-08-13 13:20,2738
2018-08-13 13:25,2726
2018-08-13 13:30,2737
2018-08-13 13:35,2745
2018-08-13 13:40,2745
2018-08-13 13:45,2769
2018-08-13 13:50,2813
2018-08-13 13:55,2797
2018-08-13 14:00,2818
2018-08-13 14:05,2772
2018-08-13 14:10,2806
2018-08-13 14:15,2826
2018-08-13 14:20,2864
2018-08-13 14:25,2881
2018-08-13 14:30,2861
2018-08-13 14:35,2879
2018-08-13 14:40,2887
2018-08-13 14:45,2887
2018-08-13 14:50,2967
2018-08-13 14:55,3026
2018-08-13 15:00,3100
2018-08-13 15:05,3147
2018-08-13 15:10,3174
2018-08-13 15:15,3192
2018-08-13 15:20,3247
2018-08-13 15:25,3285
2018-08-13 15:30,3216
2018-08-13 15:35,3251
2018-08-13 15:40,3267
2018-08-13 15:45,3303
2018-08-13 15:50,3329
2018-08-13 15:55,3338
2018-08-13 16:00,3367
2018-08-13 16:05,3357
2018-08-13 16:10,3428
2018-08-13 16:15,3446
2018-08-13 16:20,3450
2018-08-13 16:25,3452
2018-08-13 16:30,3436
2018-08-13 16:35,3477
2018-08-13 16:40,3512
2018-08-13 16:45,3548
2018-08-13 16:50,3574
2018-08-13 16:55,3554
2018-08-13 17:00,3540
2018-08-13 17:05,3566
2018-08-13 17:10,3572
2018-08-13 17:15,3555
2018-08-13 17:20,3565
2018-08-13 17:25,3557
2018-08-13 17:30,3584
2018-08-13 17:35,3599
2018-08-13 17:40,3638
2018-08-13 17:45,3646
2018-08-13 17:50,3664
2018-08-13 17:55,3665
2018-08-13 18:00,3650
2018-08-13 18:05,3613
2018-08-13 18:10,3617
2018-08-13 18:15,3617
2018-08-13 18:20,3652
2018-08-13 18:25,3668
2018-08-13 18:30,3692
2018-08-13 18:35,3717
2018-08-13 18:40,3742
2018-08-13 18:45,3734
2018-08-13 18:50,3741
2018-08-13 18:55,3732
2018-08-13 19:00,3739
2018-08-13 19:05,3722
2018-08-13 19:10,3728
2018-08-13 19:15,3744
2018-08-13 19:20,3749
2018-08-13 19:25,3747
2018-08-13 19:30,3743
2018-08-13 19:35,3746
2018-08-13 19:40,3731
2018-08-13 19:45,3734
2018-08-13 19:50,3747
2018-08-13 19:55,3745
2018-08-13 20:00,3752
2018-08-13 20:05,3690
2018-08-13 20:10,3673
2018-08-13 20:15,3648
2018-08-13 20:20,3599
2018-08-13 20:25,3563
2018-08-13 20:30,3560
2018-08-13 20:35,3530
2018-08-13 20:40,3492
2018-08-13 20:45,3458
2018-08-13 20:50,3448
2018-08-13 20:55,3420
2018-08-13 21:00,3392
2018-08-13 21:05,3358
2018-08-13 21:10,3294
2018-08-13 21:15,3301
2018-08-13 21:20,3273
2018-08-13 21:25,3241
2018-08-13 21:30,3254
2018-08-13 21:35,3222
2018-08-13 21:40,3186
2018-08-13 21:45,3140
2018-08-13 21:50,3108
2018-08-13 21:55,3082
2018-08-13 22:00,3056
2018-08-13 22:05,3018
2018-08-13 22:10,3026
2018-08-13 22:15,2965
2018-08-13 22:20,2939
2018-08-13 22:25,2923
2018-08-13 22:30,2883
2018-08-13 22:35,2880
2018-08-13 22:40,2859
2018-08-13 22:45,2830
2018-08-13 22:50,2808
2018-08-13 22:55,2784
2018-08-13 23:00,2807
2018-08-13 23:05,2739
2018-08-13 23:10,2719
2018-08-13 23:15,2692
2018-08-13 23:20,2672
2018-08-13 23:25,2644
2018-08-13 23:30,2652
2018-08-13 23:35,2638
2018-08-13 23:40,2618
2018-08-13 23:45,2624
2018-08-13 23:50,2629
2018-08-13 23:55,2602
2018-08-14 00:00,2574
2018-08-14 00:05,2581
2018-08-14 00:10,2575
2018-08-14 00:15,2586
2018-08-14 00:20,2568
2018-08-14 00:25,2555
2018-08-14 00:30,2546
2018-08-14 00:35,2545
2018-08-14 00:40,2522
2018-08-14 00:45,2482
2018-08-14 00:50,2487
2018-08-14 00:55,2509
2018-08-14 01:00,2497
2018-08-14 01:05,2471
2018-08-14 01:10,2476
2018-08-14 01:15,2477
2018-08-14 01:20,2457
2018-08-14 01:25,2430
2018-08-14 01:30,2437
2018-08-14 01:35,2431
2018-08-14 01:40,2413
2018-08-14 01:45,2421
2018-08-14 01:50,2418
2018-08-14 01:55,2381
2018-08-14 02:00,2354
2018-08-14 02:05,2324
2018-08-14 02:10,2293
2018-08-14 02:15,2315
2018-08-14 02:20,2308
2018-08-14 02:25,2299
2018-08-14 02:30,2273
2018-08-14 02:35,2282
2018-08-14 02:40,2258
2018-08-14 02:45,2255
2018-08-14 02:50,2236
2018-08-14 02:55,2215
2018-08-14 03:00,2174
2018-08-14 03:05,2165
2018-08-14 03:10,2173
2018-08-14 03:15,2154
2018-08-14 03:20,2146
2018-08-14 03:25,2102
2018-08-14 03:30,2065
2018-08-14 03:35,2056
2018-08-14 03:40,2041
2018-08-14 03:45,2034
2018-08-14 03:50,2029
2018-08-14 03:55,2027
2018-08-14 04:00,2027
2018-08-14 04:05,1983
2018-08-14 04:10,1961
2018-08-14 04:15,1949
2018-08-14 04:20,1935
2018-08-14 04:25,1905
2018-08-14 04:30,1904
2018-08-14 04:35,1906
2018-08-14 04:40,1898
2018-08-14 04:45,1880
2018-08-14 04:50,1854
2018-08-14 04:55,1823
2018-08-14 05:00,1825
2018-08-14 05:05,1821
2018-08-14 05:10,1791
2018-08-14 05:15,1788
2018-08-14 05:20,1775
2018-08-14 05:25,1774
2018-08-14 05:30,1781
2018-08-14 05:35,1771
2018-08-14 05:40,1771
2018-08-14 05:45,1764
2018-08-14 05:50,1761
2018-08-14 05:55,1753
2018-08-14 06:00,1775
2018-08-14 06:05,1751
2018-08-14 06:10,1803
2018-08-14 06:15,1783
2018-08-14 06:20,1799
2018-08-14 06:25,1805
2018-08-14 06:30,1810
2018-08-14 06:35,1805
2018-08-14 06:40,1824
2018-08-14 06:45,1820
2018-08-14 06:50,1812
2018-08-14 06:55,1826
2018-08-14 07:00,1831
2018-08-14 07:05,1819
2018-08-14 07:10,1819
2018-08-14 07:15,1825
2018-08-14 07:20,1819
2018-08-14 07:25,1833
2018-08-14 07:30,1839
2018-08-14 07:35,1845
2018-08-14 07:40,1894
2018-08-14 07:45,1927
2018-08-14 07:50,1971
2018-08-14 07:55,2006
2018-08-14 08:00,2021
2018-08-14 08:05,1966
2018-08-14 08:10,1951
2018-08-14 08:15,1956
2018-08-14 08:20,1965
2018-08-14 08:25,1968
2018-08-14 08:30,1989
2018-08-14 08:35,2007
2018-08-14 08:40,2023
2018-08-14 08:45,2041
2018-08-14 08:50,2066
2018-08-14 08:55,2095
2018-08-14 09:00,2097
2018-08-14 09:05,2089
2018-08-14 09:10,2124
2018-08-14 09:15,2135
2018-08-14 09:20,2145
2018-08-14 09:25,2170
2018-08-14 09:30,2188
2018-08-14 09:35,2185
2018-08-14 09:40,2173
2018-08-14 09:45,2209
2018-08-14 09:50,2216
2018-08-14 09:55,2227
2018-08-14 10:00,2227
2018-08-14 10:05,2265
2018-08-14 10:10,2308
2018-08-14 10:15,2327
2018-08-14 10:20,2359
2018-08-14 10:25,2384
2018-08-14 10:30,2398
2018-08-14 10:35,2428
2018-08-14 10:40,2422
2018-08-14 10:45,2440
2018-08-14 10:50,2497
2018-08-14 10:55,2491
2018-08-14 11:00,2485
2018-08-14 11:05,2501
2018-08-14 11:10,2507
2018-08-14 11:15,2503
2018-08-14 11:20,2520
2018-08-14 11:25,2555
2018-08-14 11:30,2571
2018-08-14 11:35,2590
2018-08-14 11:40,2575
2018-08-14 11:45,2565
2018-08-14 11:50,2598
2018-08-14 11:55,2606
2018-08-14 12:00,2627
2018-08-14 12:05,2649
2018-08-14 12:10,2677
2018-08-14 12:15,2738
2018-08-14 12:20,2755
2018-08-14 12:25,2745
2018-08-14 12:30,2736
2018-08-14 12:35,2760
2018-08-14 12:40,2782
2018-08-14 12:45,2778
2018-08-14 12:50,2765
2018-08-14 12:55,2779
2018-08-14 13:00,2721
2018-08-14 13:05,2705
2018-08-14 13:10,2726
2018-08-14 13:15,2750
2018-08-14 13:20,2749
2018-08-14 13:25,2764
2018-08-14 13:30,2792
2018-08-14 13:35,2808
2018-08-14 13:40,2814
2018-08-14 13:45,2837
2018-08-14 13:50,2852
2018-08-14 13:55,2867
2018-08-14 14:00,2885
2018-08-14 14:05,2871
2018-08-14 14:10,2896
2018-08-14 14:15,2943
2018-08-14 14:20,2948
2018-08-14 14:25,2986
2018-08-14 14:30,3011
2018-08-14 14:35,3019
2018-08-14 14:40,3016
2018-08-14 14:45,3024
2018-08-14 14:50,3036
2018-08-14 14:55,3081
2018-08-14 15:00,3071
2018-08-14 15:05,3099
2018-08-14 15:10,3119
2018-08-14 15:15,3100
2018-08-14 15:20,3102
2018-08-14 15:25,3134
2018-08-14 15:30,3166
2018-08-14 15:35,3203
2018-08-14 15:40,3226
2018-08-14 15:45,3275
2018-08-14 15:50,3314
2018-08-14 15:55,3310
2018-08-14 16:00,3332
2018-08-14 16:05,3311
2018-08-14 16:10,3303
2018-08-14 16:15,3328
2018-08-14 16:20,3338
2018-08-14 16:25,3369
2018-08-14 16:30,3373
2018-08-14 16:35,3390
2018-08-14 16:40,3442
2018-08-14 16:45,3440
2018-08-14 16:50,3444
2018-08-14 16:55,3453
2018-08-14 17:00,3464
2018-08-14 17:05,3467
2018-08-14 17:10,3440
2018-08-14 17:15,3454
2018-08-14 17:20,3464
2018-08-14 17:25,3470
2018-08-14 17:30,3496
2018-08-14 17:35,3491
2018-08-14 17:40,3510
2018-08-14 17:45,3558
2018-08-14 17:50,3550
2018-08-14 17:55,3543
2018-08-14 18:00,3544
2018-08-14 18:05,3540
2018-08-14 18:10,3548
2018-08-14 18:15,3543
2018-08-14 18:20,3560
2018-08-14 18:25,3590
2018-08-14 18:30,3611
2018-08-14 18:35,3622
2018-08-14 18:40,3651
2018-08-14 18:45,3638
2018-08-14 18:50,3650
2018-08-14 18:55,3687
2018-08-14 19:00,3693
2018-08-14 19:05,3704
2018-08-14 19:10,3674
2018-08-14 19:15,3665
2018-08-14 19:20,3642
2018-08-14 19:25,3681
2018-08-14 19:30,3676
2018-08-14 19:35,3653
2018-08-14 19:40,3646
2018-08-14 19:45,3643
2018-08-14 19:50,3630
2018-08-14 19:55,3642
2018-08-14 20:00,3622
2018-08-14 20:05,3578
2018-08-14 20:10,3552
2018-08-14 20:15,3529
2018-08-14 20:20,3504
2018-08-14 20:25,3505
2018-08-14 20:30,3457
2018-08-14 20:35,3457
2018-08-14 20:40,3451
2018-08-14 20:45,3429
2018-08-14 20:50,3355
2018-08-14 20:55,3325
2018-08-14 21:00,3293
2018-08-14 21:05,3278
2018-08-14 21:10,3266
2018-08-14 21:15,3218
2018-08-14 21:20,3230
2018-08-14 21:25,3199
2018-08-14 21:30,3215
2018-08-14 21:35,3197
2018-08-14 21:40,3161
2018-08-14 21:45,3111
2018-08-14 21:50,3086
2018-08-14 21:55,3045
2018-08-14 22:00,3007
2018-08-14 22:05,2958
2018-08-14 22:10,2940
2018-08-14 22:15,2914
2018-08-14 22:20,2908
2018-08-14 22:25,2921
2018-08-14 22:30,2884
2018-08-14 22:35,2838
2018-08-14 22:40,2807
2018-08-14 22:45,2772
2018-08-14 22:50,2747
2018-08-14 22:55,2744
2018-08-14 23:00,2701
2018-08-14 23:05,2679
2018-08-14 23:10,
2018-08-14 23:15,
2018-08-14 23:20,
2018-08-14 23:25,2559
2018-08-14 23:30,2590
2018-08-14 23:35,2603
2018-08-14 23:40,2587
2018-08-14 23:45,2574
2018-08-14 23:50,2586
2018-08-14 23:55,2589
2018-08-15 00:00,2572
2018-08-15 00:05,2535
2018-08-15 00:10,2540
2018-08-15 00:15,2529
2018-08-15 00:20,2506
2018-08-15 00:25,2478
2018-08-15 00:30,2495
2018-08-15 00:35,2501
2018-08-15 00:40,2479
2018-08-15 00:45,2492
2018-08-15 00:50,2493
2018-08-15 00:55,2470
2018-08-15 01:00,2448
2018-08-15 01:05,2435
2018-08-15 01:10,2409
2018-08-15 01:15,2389
2018-08-15 01:20,2367
2018-08-15 01:25,2375
2018-08-15 01:30,2353
2018-08-15 01:35,2336
2018-08-15 01:40,2331
2018-08-15 01:45,2327
2018-08-15 01:50,2297
2018-08-15 01:55,2293
2018-08-15 02:00,2284
2018-08-15 02:05,2268
2018-08-15 02:10,2258
2018-08-15 02:15,2230
2018-08-15 02:20,2222
2018-08-15 02:25,2178
2018-08-15 02:30,2166
2018-08-15 02:35,2158
2018-08-15 02:40,2128
2018-08-15 02:45,2123
2018-08-15 02:50,2125
2018-08-15 02:55,2107
2018-08-15 03:00,2078
2018-08-15 03:05,2053
2018-08-15 03:10,2036
2018-08-15 03:15,2007
2018-08-15 03:20,1999
2018-08-15 03:25,1992
2018-08-15 03:30,1961
2018-08-15 03:35,1934
2018-08-15 03:40,1924
2018-08-15 03:45,1911
2018-08-15 03:50,1892
2018-08-15 03:55,1870
2018-08-15 04:00,1866
2018-08-15 04:05,1828
2018-08-15 04:10,1805
2018-08-15 04:15,1796
2018-08-15 04:20,1781
2018-08-15 04:25,1778
2018-08-15 04:30,1777
2018-08-15 04:35,1776
2018-08-15 04:40,1778
2018-08-15 04:45,1764
2018-08-15 04:50,1752
2018-08-15 04:55,1737
2018-08-15 05:00,1738
2018-08-15 05:05,1718
2018-08-15 05:10,1687
2018-08-15 05:15,1682
2018-08-15 05:20,1686
2018-08-15 05:25,1673
2018-08-15 05:30,1683
2018-08-15 05:35,1681
2018-08-15 05:40,1699
2018-08-15 05:45,1711
2018-08-15 05:50,1678
2018-08-15 05:55,1668
2018-08-15 06:00,1671
2018-08-15 06:05,1634
2018-08-15 06:10,1668
2018-08-15 06:15,1675
2018-08-15 06:20,1679
2018-08-15 06:25,1664
2018-08-15 06:30,1669
2018-08-15 06:35,1673
2018-08-15 06:40,1655
2018-08-15 06:45,1658
2018-08-15 06:50,1703
2018-08-15 06:55,1708
2018-08-15 07:00,1734
2018-08-15 07:05,1744
2018-08-15 07:10,1760
2018-08-15 07:15,1767
2018-08-15 07:20,1782
2018-08-15 07:25,1781
2018-08-15 07:30,1806
2018-08-15 07:35,1820
2018-08-15 07:40,1834
2018-08-15 07:45,1833
2018-08-15 07:50,1860
2018-08-15 07:55,1864
2018-08-15 08:00,1892
2018-08-15 08:05,1852
2018-08-15 08:10,1901
2018-08-15 08:15,1907
2018-08-15 08:20,1927
2018-08-15 08:25,1949
2018-08-15 08:30,1966
2018-08-15 08:35,1988
2018-08-15 08:40,2006
2018-08-15 08:45,1982
2018-08-15 08:50,1990
2018-08-15 08:55,2011
2018-08-15 09:00,2017
2018-08-15 09:05,2037
2018-08-15 09:10,2043
2018-08-15 09:15,2071
2018-08-15 09:20,2077
2018-08-15 09:25,2114
2018-08-15 09:30,2175
2018-08-15 09:35,2196
2018-08-15 09:40,2188
2018-08-15 09:45,2209
2018-08-15 09:50,2219
2018-08-15 09:55,2221
2018-08-15 10:00,2251
2018-08-15 10:05,2230
2018-08-15 10:10,2250
2018-08-15 10:15,2277
2018-08-15 10:20,2306
2018-08-15 10:25,2313
2018-08-15 10:30,2315
2018-08-15 10:35,2341
2018-08-15 10:40,2318
2018-08-15 10:45,2328
2018-08-15 10:50,2372
2018-08-15 10:55,2405
2018-08-15 11:00,2407
2018-08-15 11:05,2416
2018-08-15 11:10,2417
2018-08-15 11:15,2421
2018-08-15 11:20,2418
2018-08-15 11:25,2419
2018-08-15 11:30,2438
2018-08-15 11:35,2440
2018-08-15 11:40,2431
2018-08-15 11:45,2453
2018-08-15 11:50,2475
2018-08-15 11:55,2490
2018-08-15 12:00,2518
2018-08-15 12:05,2523
2018-08-15 12:10,2540
2018-08-15 12:15,2568
2018-08-15 12:20,2573
2018-08-15 12:25,2545
2018-08-15 12:30,2621
2018-08-15 12:35,2592
2018-08-15 12:40,2659
2018-08-15 12:45,2679
2018-08-15 12:50,2696
2018-08-15 12:55,2705
2018-08-15 13:00,2726
2018-08-15 13:05,2726
2018-08-15 13:10,2751
2018-08-15 13:15,2763
2018-08-15 13:20,2802
2018-08-15 13:25,2825
2018-08-15 13:30,2826
2018-08-15 13:35,2871
2018-08-15 13:40,2881
2018-08-15 13:45,2883
2018-08-15 13:50,2909
2018-08-15 13:55,2924
2018-08-15 14:00,2956
2018-08-15 14:05,2951
2018-08-15 14:10,2961
2018-08-15 14:15,2992
2018-08-15 14:20,3014
2018-08-15 14:25,3026
2018-08-15 14:30,3041
2018-08-15 14:35,3066
2018-08-15 14:40,3057
2018-08-15 14:45,3075
2018-08-15 14:50,3082
2018-08-15 14:55,3122
2018-08-15 15:00,3142
2018-08-15 15:05,3207
2018-08-15 15:10,3191
2018-08-15 15:15,3194
2018-08-15 15:20,3194
2018-08-15 15:25,3196
2018-08-15 15:30,3212
2018-08-15 15:35,3246
2018-08-15 15:40,3252
2018-08-15 15:45,3245
2018-08-15 15:50,3268
2018-08-15 15:55,3300
2018-08-15 16:00,3319
2018-08-15 16:05,3275
2018-08-15 16:10,3290
2018-08-15 16:15,3322
2018-08-15 16:20,3357
2018-08-15 16:25,3370
2018-08-15 16:30,3380
2018-08-15 16:35,3392
2018-08-15 16:40,3411
2018-08-15 16:45,3435
2018-08-15 16:50,3444
2018-08-15 16:55,3451
2018-08-15 17:00,3465
2018-08-15 17:05,3442
2018-08-15 17:10,3407
2018-08-15 17:15,3400
2018-08-15 17:20,3438
2018-08-15 17:25,3440
2018-08-15 17:30,3451
2018-08-15 17:35,3444
2018-08-15 17:40,3457
2018-08-15 17:45,3468
2018-08-15 17:50,3481
2018-08-15 17:55,3502
2018-08-15 18:00,3513
2018-08-15 18:05,3526
2018-08-15 18:10,3538
2018-08-15 18:15,3547
2018-08-15 18:20,3558
2018-08-15 18:25,3552
2018-08-15 18:30,3566
2018-08-15 18:35,3587
2018-08-15 18:40,3587
2018-08-15 18:45,3612
2018-08-15 18:50,3628
2018-08-15 18:55,3639
2018-08-15 19:00,3638
2018-08-15 19:05,3627
2018-08-15 19:10,3611
2018-08-15 19:15,3577
2018-08-15 19:20,3567
2018-08-15 19:25,3541
2018-08-15 19:30,3536
2018-08-15 19:35,3506
2018-08-15 19:40,3481
2018-08-15 19:45,3493
2018-08-15 19:50,3466
2018-08-15 19:55,3440
2018-08-15 20:00,3410
2018-08-15 20:05,3398
2018-08-15 20:10,3386
2018-08-15 20:15,3364
2018-08-15 20:20,3329
2018-08-15 20:25,3295
2018-08-15 20:30,3284
2018-08-15 20:35,3254
2018-08-15 20:40,3248
2018-08-15 20:45,3215
2018-08-15 20:50,3233
2018-08-15 20:55,3249
2018-08-15 21:00,3202
2018-08-15 21:05,3152
2018-08-15 21:10,3110
2018-08-15 21:15,3098
2018-08-15 21:20,3038
2018-08-15 21:25,3027
2018-08-15 21:30,2989
2018-08-15 21:35,2965
2018-08-15 21:40,2943
2018-08-15 21:45,2913
2018-08-15 21:50,2891
2018-08-15 21:55,2887
2018-08-15 22:00,2851
2018-08-15 22:05,2799
2018-08-15 22:10,2761
2018-08-15 22:15,2731
2018-08-15 22:20,2712
2018-08-15 22:25,2691
2018-08-15 22:30,2694
2018-08-15 22:35,2684
2018-08-15 22:40,2673
2018-08-15 22:45,2672
2018-08-15 22:50,2639
2018-08-15 22:55,2616
2018-08-15 23:00,2582
2018-08-15 23:05,2557
2018-08-15 23:10,2519
2018-08-15 23:15,2501
2018-08-15 23:20,2492
2018-08-15 23:25,2449
2018-08-15 23:30,2425
2018-08-15 23:35,2431
2018-08-15 23:40,2433
2018-08-15 23:45,2434
2018-08-15 23:50,2447
2018-08-15 23:55,2449
2018-08-16 00:00,2437
2018-08-16 00:05,2394
2018-08-16 00:10,2384
2018-08-16 00:15,2402
2018-08-16 00:20,2381
2018-08-16 00:25,2357
2018-08-16 00:30,2367
2018-08-16 00:35,2350
2018-08-16 00:40,2346
2018-08-16 00:45,2340
2018-08-16 00:50,2321
2018-08-16 00:55,2308
2018-08-16 01:00,2294
2018-08-16 01:05,2303
2018-08-16 01:10,2275
2018-08-16 01:15,2264
2018-08-16 01:20,2253
2018-08-16 01:25,2267
2018-08-16 01:30,2254
2018-08-16 01:35,2240
2018-08-16 01:40,2227
2018-08-16 01:45,2217
2018-08-16 01:50,2226
2018-08-16 01:55,2219
2018-08-16 02:00,2222
2018-08-16 02:05,2191
2018-08-16 02:10,2170
2018-08-16 02:15,2162
2018-08-16 02:20,2141
2018-08-16 02:25,2116
2018-08-16 02:30,2106
2018-08-16 02:35,2103
2018-08-16 02:40,2104
2018-08-16 02:45,2053
2018-08-16 02:50,2022
2018-08-16 02:55,2004
2018-08-16 03:00,1985
2018-08-16 03:05,2000
2018-08-16 03:10,1981
2018-08-16 03:15,1940
2018-08-16 03:20,1935
2018-08-16 03:25,1913
2018-08-16 03:30,1905
2018-08-16 03:35,1900
2018-08-16 03:40,1875
2018-08-16 03:45,1868
2018-08-16 03:50,1844
2018-08-16 03:55,1842
2018-08-16 04:00,1821
2018-08-16 04:05,1772
2018-08-16 04:10,1750
2018-08-16 04:15,1754
2018-08-16 04:20,1743
2018-08-16 04:25,1735
2018-08-16 04:30,1721
2018-08-16 04:35,1722
2018-08-16 04:40,1686
2018-08-16 04:45,1670
2018-08-16 04:50,1644
2018-08-16 04:55,1630
2018-08-16 05:00,1634
2018-08-16 05:05,1624
2018-08-16 05:10,1616
2018-08-16 05:15,1586
2018-08-16 05:20,1571
2018-08-16 05:25,1551
2018-08-16 05:30,1543
2018-08-16 05:35,1539
2018-08-16 05:40,1550
2018-08-16 05:45,1555
2018-08-16 05:50,1560
2018-08-16 05:55,1545
2018-08-16 06:00,1535
2018-08-16 06:05,1489
2018-08-16 06:10,1530
2018-08-16 06:15,1521
2018-08-16 06:20,1520
2018-08-16 06:25,1510
2018-08-16 06:30,1516
2018-08-16 06:35,1517
2018-08-16 06:40,1512
2018-08-16 06:45,1516
2018-08-16 06:50,1521
2018-08-16 06:55,1519
2018-08-16 07:00,1519
2018-08-16 07:05,1523
2018-08-16 07:10,1532
2018-08-16 07:15,1547
2018-08-16 07:20,1553
2018-08-16 07:25,1556
2018-08-16 07:30,1552
2018-08-16 07:35,1588
2018-08-16 07:40,1601
2018-08-16 07:45,1630
2018-08-16 07:50,1639
2018-08-16 07:55,1661
2018-08-16 08:00,1680
2018-08-16 08:05,1664
2018-08-16 08:10,1711
2018-08-16 08:15,1725
2018-08-16 08:20,1754
2018-08-16 08:25,1759
2018-08-16 08:30,1773
2018-08-16 08:35,1760
2018-08-16 08:40,1761
2018-08-16 08:45,1777
2018-08-16 08:50,1806
2018-08-16 08:55,1830
2018-08-16 09:00,1839
2018-08-16 09:05,1858
2018-08-16 09:10,1880
2018-08-16 09:15,1886
2018-08-16 09:20,1911
2018-08-16 09:25,1941
2018-08-16 09:30,1942
2018-08-16 09:35,1960
2018-08-16 09:40,1983
2018-08-16 09:45,1976
2018-08-16 09:50,1996
2018-08-16 09:55,2030
2018-08-16 10:00,2058
2018-08-16 10:05,2055
2018-08-16 10:10,2114
2018-08-16 10:15,2133
2018-08-16 10:20,2123
2018-08-16 10:25,2137
2018-08-16 10:30,2131
2018-08-16 10:35,2190
2018-08-16 10:40,2210
2018-08-16 10:45,2195
2018-08-16 10:50,2208
2018-08-16 10:55,2218
2018-08-16 11:00,2231
2018-08-16 11:05,2222
2018-08-16 11:10,2244
2018-08-16 11:15,2257
2018-08-16 11:20,2276
2018-08-16 11:25,2303
2018-08-16 11:30,2341
2018-08-16 11:35,2351
2018-08-16 11:40,2345
2018-08-16 11:45,2360
2018-08-16 11:50,2381
2018-08-16 11:55,2407
2018-08-16 12:00,2421
2018-08-16 12:05,2408
2018-08-16 12:10,2436
2018-08-16 12:15,2484
2018-08-16 12:20,2469
2018-08-16 12:25,2480
2018-08-16 12:30,2516
2018-08-16 12:35,2502
2018-08-16 12:40,2498
2018-08-16 12:45,2505
2018-08-16 12:50,2484
2018-08-16 12:55,2502
2018-08-16 13:00,2517
2018-08-16 13:05,2498
2018-08-16 13:10,2495
2018-08-16 13:15,2502
2018-08-16 13:20,2524
2018-08-16 13:25,2552
2018-08-16 13:30,2541
2018-08-16 13:35,2550
2018-08-16 13:40,2519
2018-08-16 13:45,2489
2018-08-16 13:50,2448
2018-08-16 13:55,2354
2018-08-16 14:00,2151
2018-08-16 14:05,1723
2018-08-16 14:10,993
2018-08-16 14:15,919
2018-08-16 14:20,903
2018-08-16 14:25,881
2018-08-16 14:30,880
2018-08-16 14:35,887
2018-08-16 14:40,881
2018-08-16 14:45,921
2018-08-16 14:50,936
2018-08-16 14:55,950
2018-08-16 15:00,992
2018-08-16 15:05,1051
2018-08-16 15:10,1079
2018-08-16 15:15,1090
2018-08-16 15:20,1076
2018-08-16 15:25,1149
2018-08-16 15:30,1110
2018-08-16 15:35,1113
2018-08-16 15:40,1136
2018-08-16 15:45,1142
2018-08-16 15:50,1142
2018-08-16 15:55,1188
2018-08-16 16:00,1208
2018-08-16 16:05,1226
2018-08-16 16:10,1294
2018-08-16 16:15,1313
2018-08-16 16:20,1334
2018-08-16 16:25,1355
2018-08-16 16:30,1357
2018-08-16 16:35,1396
2018-08-16 16:40,1445
2018-08-16 16:45,1473
2018-08-16 16:50,1529
2018-08-16 16:55,1556
2018-08-16 17:00,1637
2018-08-16 17:05,1993
2018-08-16 17:10,2372
2018-08-16 17:15,2566
2018-08-16 17:20,2770
2018-08-16 17:25,2932
2018-08-16 17:30,3014
2018-08-16 17:35,3172
2018-08-16 17:40,3291
2018-08-16 17:45,3333
2018-08-16 17:50,3397
2018-08-16 17:55,3466
2018-08-16 18:00,3532
2018-08-16 18:05,3555
2018-08-16 18:10,3590
2018-08-16 18:15,3603
2018-08-16 18:20,3652
2018-08-16 18:25,3679
2018-08-16 18:30,3707
2018-08-16 18:35,3708
2018-08-16 18:40,3747
2018-08-16 18:45,3780
2018-08-16 18:50,3772
2018-08-16 18:55,3792
2018-08-16 19:00,3782
2018-08-16 19:05,3797
2018-08-16 19:10,3805
2018-08-16 19:15,3834
2018-08-16 19:20,3808
2018-08-16 19:25,3796
2018-08-16 19:30,3803
2018-08-16 19:35,3798
2018-08-16 19:40,3806
2018-08-16 19:45,3768
2018-08-16 19:50,3737
2018-08-16 19:55,3728
2018-08-16 20:00,3763
2018-08-16 20:05,3700
2018-08-16 20:10,3698
2018-08-16 20:15,3672
2018-08-16 20:20,3653
2018-08-16 20:25,3623
2018-08-16 20:30,3610
2018-08-16 20:35,3527
2018-08-16 20:40,3459
2018-08-16 20:45,3471
2018-08-16 20:50,3430
2018-08-16 20:55,3386
2018-08-16 21:00,3365
2018-08-16 21:05,3323
2018-08-16 21:10,3281
2018-08-16 21:15,3290
2018-08-16 21:20,3259
2018-08-16 21:25,3245
2018-08-16 21:30,3227
2018-08-16 21:35,3206
2018-08-16 21:40,3186
2018-08-16 21:45,3112
2018-08-16 21:50,3073
2018-08-16 21:55,3041
2018-08-16 22:00,2981
2018-08-16 22:05,2952
2018-08-16 22:10,2894
2018-08-16 22:15,2888
2018-08-16 22:20,2851
2018-08-16 22:25,2812
2018-08-16 22:30,2785
2018-08-16 22:35,2771
2018-08-16 22:40,2761
2018-08-16 22:45,2735
2018-08-16 22:50,2727
2018-08-16 22:55,2719
2018-08-16 23:00,2707
2018-08-16 23:05,2666
2018-08-16 23:10,2610
2018-08-16 23:15,2573
2018-08-16 23:20,2580
2018-08-16 23:25,2560
2018-08-16 23:30,2553
2018-08-16 23:35,2557
2018-08-16 23:40,2524
2018-08-16 23:45,2514
2018-08-16 23:50,2515
2018-08-16 23:55,2506
2018-08-17 00:00,2494
2018-08-17 00:05,2468
2018-08-17 00:10,2478
2018-08-17 00:15,2466
2018-08-17 00:20,2496
2018-08-17 00:25,2488
2018-08-17 00:30,2494
2018-08-17 00:35,2473
2018-08-17 00:40,2491
2018-08-17 00:45,2489
2018-08-17 00:50,2481
2018-08-17 00:55,2466
2018-08-17 01:00,2456
2018-08-17 01:05,2451
2018-08-17 01:10,2437
2018-08-17 01:15,2418
2018-08-17 01:20,2400
2018-08-17 01:25,2384
2018-08-17 01:30,2376
2018-08-17 01:35,2384
2018-08-17 01:40,2361
2018-08-17 01:45,2347
2018-08-17 01:50,2336
2018-08-17 01:55,2323
2018-08-17 02:00,2317
2018-08-17 02:05,2291
2018-08-17 02:10,2282
2018-08-17 02:15,2266
2018-08-17 02:20,2246
2018-08-17 02:25,2241
2018-08-17 02:30,2209
2018-08-17 02:35,2191
2018-08-17 02:40,2155
2018-08-17 02:45,2168
2018-08-17 02:50,2152
2018-08-17 02:55,2137
2018-08-17 03:00,2111
2018-08-17 03:05,2062
2018-08-17 03:10,2036
2018-08-17 03:15,2020
2018-08-17 03:20,2009
2018-08-17 03:25,1971
2018-08-17 03:30,1969
2018-08-17 03:35,1958
2018-08-17 03:40,1931
2018-08-17 03:45,1914
2018-08-17 03:50,1882
2018-08-17 03:55,1871
2018-08-17 04:00,1870
2018-08-17 04:05,1828
2018-08-17 04:10,1809
2018-08-17 04:15,1775
2018-08-17 04:20,1749
2018-08-17 04:25,1748
2018-08-17 04:30,1730
2018-08-17 04:35,1705
2018-08-17 04:40,1685
2018-08-17 04:45,1668
2018-08-17 04:50,1663
2018-08-17 04:55,1662
2018-08-17 05:00,1645
2018-08-17 05:05,1630
2018-08-17 05:10,1620
2018-08-17 05:15,1620
2018-08-17 05:20,1615
2018-08-17 05:25,1601
2018-08-17 05:30,1585
2018-08-17 05:35,1562
2018-08-17 05:40,1549
2018-08-17 05:45,1531
2018-08-17 05:50,1539
2018-08-17 05:55,1523
2018-08-17 06:00,1541
2018-08-17 06:05,1540
2018-08-17 06:10,1593
2018-08-17 06:15,1608
2018-08-17 06:20,1605
2018-08-17 06:25,1621
2018-08-17 06:30,1619
2018-08-17 06:35,1623
2018-08-17 06:40,1633
2018-08-17 06:45,1626
2018-08-17 06:50,1634
2018-08-17 06:55,1617
2018-08-17 07:00,1629
2018-08-17 07:05,1645
2018-08-17 07:10,1661
2018-08-17 07:15,1675
2018-08-17 07:20,1698
2018-08-17 07:25,1735
2018-08-17 07:30,1736
2018-08-17 07:35,1738
2018-08-17 07:40,1749
2018-08-17 07:45,1741
2018-08-17 07:50,1782
2018-08-17 07:55,1802
2018-08-17 08:00,1817
2018-08-17 08:05,1765
2018-08-17 08:10,1786
2018-08-17 08:15,1802
2018-08-17 08:20,1827
2018-08-17 08:25,1859
2018-08-17 08:30,1877
2018-08-17 08:35,1895
2018-08-17 08:40,1911
2018-08-17 08:45,1923
2018-08-17 08:50,1920
2018-08-17 08:55,1932
2018-08-17 09:00,1978
2018-08-17 09:05,2006
2018-08-17 09:10,2043
2018-08-17 09:15,2061
2018-08-17 09:20,2090
2018-08-17 09:25,2104
2018-08-17 09:30,2115
2018-08-17 09:35,2145
2018-08-17 09:40,2157
2018-08-17 09:45,2182
2018-08-17 09:50,2189
2018-08-17 09:55,2207
2018-08-17 10:00,2234
2018-08-17 10:05,2232
2018-08-17 10:10,2299
2018-08-17 10:15,2302
2018-08-17 10:20,2309
2018-08-17 10:25,2320
2018-08-17 10:30,2331
2018-08-17 10:35,2366
2018-08-17 10:40,2335
2018-08-17 10:45,2370
2018-08-17 10:50,2366
2018-08-17 10:55,2359
2018-08-17 11:00,2349
2018-08-17 11:05,2338
2018-08-17 11:10,2367
2018-08-17 11:15,2381
2018-08-17 11:20,2367
2018-08-17 11:25,2393
2018-08-17 11:30,2408
2018-08-17 11:35,2445
2018-08-17 11:40,2476
2018-08-17 11:45,2506
2018-08-17 11:50,2507
2018-08-17 11:55,2535
2018-08-17 12:00,2520
2018-08-17 12:05,2513
2018-08-17 12:10,2500
2018-08-17 12:15,2542
2018-08-17 12:20,2568
2018-08-17 12:25,2557
2018-08-17 12:30,2601
2018-08-17 12:35,2619
2018-08-17 12:40,2633
2018-08-17 12:45,2648
2018-08-17 12:50,2664
2018-08-17 12:55,2658
2018-08-17 13:00,2668
2018-08-17 13:05,2682
2018-08-17 13:10,2663
2018-08-17 13:15,2661
2018-08-17 13:20,2658
2018-08-17 13:25,2738
2018-08-17 13:30,2747
2018-08-17 13:35,2765
2018-08-17 13:40,2790
2018-08-17 13:45,2808
2018-08-17 13:50,2815
2018-08-17 13:55,2825
2018-08-17 14:00,2819
2018-08-17 14:05,2820
2018-08-17 14:10,2819
2018-08-17 14:15,2839
2018-08-17 14:20,2861
2018-08-17 14:25,2903
2018-08-17 14:30,2934
2018-08-17 14:35,2931
2018-08-17 14:40,2936
2018-08-17 14:45,2955
2018-08-17 14:50,2962
2018-08-17 14:55,2984
2018-08-17 15:00,2988
2018-08-17 15:05,2995
2018-08-17 15:10,3017
2018-08-17 15:15,3030
2018-08-17 15:20,3061
2018-08-17 15:25,3071
2018-08-17 15:30,3059
2018-08-17 15:35,3003
2018-08-17 15:40,2958
2018-08-17 15:45,3007
2018-08-17 15:50,3035
2018-08-17 15:55,3050
2018-08-17 16:00,3151
2018-08-17 16:05,3157
2018-08-17 16:10,3161
2018-08-17 16:15,3201
2018-08-17 16:20,3210
2018-08-17 16:25,3245
2018-08-17 16:30,3264
2018-08-17 16:35,3261
2018-08-17 16:40,3253
2018-08-17 16:45,3273
2018-08-17 16:50,3268
2018-08-17 16:55,3305
2018-08-17 17:00,3302
2018-08-17 17:05,3334
2018-08-17 17:10,3179
2018-08-17 17:15,3332
2018-08-17 17:20,3336
2018-08-17 17:25,3338
2018-08-17 17:30,3366
2018-08-17 17:35,3368
2018-08-17 17:40,3369
2018-08-17 17:45,3388
2018-08-17 17:50,3395
2018-08-17 17:55,3387
2018-08-17 18:00,3416
2018-08-17 18:05,3427
2018-08-17 18:10,3450
2018-08-17 18:15,3435
2018-08-17 18:20,3439
2018-08-17 18:25,3468
2018-08-17 18:30,3471
2018-08-17 18:35,3500
2018-08-17 18:40,3551
2018-08-17 18:45,3561
2018-08-17 18:50,3552
2018-08-17 18:55,3572
2018-08-17 19:00,3584
2018-08-17 19:05,3559
2018-08-17 19:10,3538
2018-08-17 19:15,3517
2018-08-17 19:20,3529
2018-08-17 19:25,3506
2018-08-17 19:30,3478
2018-08-17 19:35,3492
2018-08-17 19:40,3494
2018-08-17 19:45,3475
2018-08-17 19:50,3468
2018-08-17 19:55,3500
2018-08-17 20:00,3521
2018-08-17 20:05,3500
2018-08-17 20:10,3506
2018-08-17 20:15,3498
2018-08-17 20:20,3486
2018-08-17 20:25,3464
2018-08-17 20:30,3447
2018-08-17 20:35,3442
2018-08-17 20:40,3417
2018-08-17 20:45,3409
2018-08-17 20:50,3363
2018-08-17 20:55,3362
2018-08-17 21:00,3333
2018-08-17 21:05,3302
2018-08-17 21:10,3270
2018-08-17 21:15,3248
2018-08-17 21:20,3246
2018-08-17 21:25,3213
2018-08-17 21:30,3207
2018-08-17 21:35,3143
2018-08-17 21:40,3104
2018-08-17 21:45,3072
2018-08-17 21:50,3025
2018-08-17 21:55,2987
2018-08-17 22:00,2964
2018-08-17 22:05,2961
2018-08-17 22:10,2929
2018-08-17 22:15,2885
2018-08-17 22:20,2880
2018-08-17 22:25,2862
2018-08-17 22:30,2855
2018-08-17 22:35,2848
2018-08-17 22:40,2840
2018-08-17 22:45,2803
2018-08-17 22:50,2795
2018-08-17 22:55,2785
2018-08-17 23:00,2804
2018-08-17 23:05,2787
2018-08-17 23:10,2786
2018-08-17 23:15,2750
2018-08-17 23:20,2748
2018-08-17 23:25,2708
2018-08-17 23:30,2656
2018-08-17 23:35,2655
2018-08-17 23:40,2632
2018-08-17 23:45,2623
2018-08-17 23:50,2630
2018-08-17 23:55,2612
2018-08-18 00:00,2550
2018-08-18 00:05,2501
2018-08-18 00:10,2512
2018-08-18 00:15,2487
2018-08-18 00:20,2480
2018-08-18 00:25,2476
2018-08-18 00:30,2463
2018-08-18 00:35,2444
2018-08-18 00:40,2435
2018-08-18 00:45,2416
2018-08-18 00:50,2410
2018-08-18 00:55,2421
2018-08-18 01:00,2424
2018-08-18 01:05,2403
2018-08-18 01:10,2425
2018-08-18 01:15,2419
2018-08-18 01:20,2415
2018-08-18 01:25,2415
2018-08-18 01:30,2402
2018-08-18 01:35,2408
2018-08-18 01:40,2390
2018-08-18 01:45,2372
2018-08-18 01:50,2354
2018-08-18 01:55,2315
2018-08-18 02:00,2321
2018-08-18 02:05,2265
2018-08-18 02:10,2271
2018-08-18 02:15,2245
2018-08-18 02:20,2234
2018-08-18 02:25,2208
2018-08-18 02:30,2199
2018-08-18 02:35,2199
2018-08-18 02:40,2196
2018-08-18 02:45,2197
2018-08-18 02:50,2183
2018-08-18 02:55,2162
2018-08-18 03:00,2172
2018-08-18 03:05,2172
2018-08-18 03:10,2207
2018-08-18 03:15,2184
2018-08-18 03:20,2178
2018-08-18 03:25,2178
2018-08-18 03:30,2157
2018-08-18 03:35,2145
2018-08-18 03:40,2130
2018-08-18 03:45,2117
2018-08-18 03:50,2119
2018-08-18 03:55,2124
2018-08-18 04:00,2128
2018-08-18 04:05,2102
2018-08-18 04:10,2096
2018-08-18 04:15,2103
2018-08-18 04:20,2088
2018-08-18 04:25,2083
2018-08-18 04:30,2054
2018-08-18 04:35,2020
2018-08-18 04:40,2017
2018-08-18 04:45,1994
2018-08-18 04:50,1984
2018-08-18 04:55,1981
2018-08-18 05:00,1983
2018-08-18 05:05,1976
2018-08-18 05:10,1970
2018-08-18 05:15,1971
2018-08-18 05:20,1963
2018-08-18 05:25,1937
2018-08-18 05:30,1944
2018-08-18 05:35,1943
2018-08-18 05:40,1935
2018-08-18 05:45,1944
2018-08-18 05:50,1931
2018-08-18 05:55,1937
2018-08-18 06:00,1928
2018-08-18 06:05,1911
2018-08-18 06:10,1901
2018-08-18 06:15,1893
2018-08-18 06:20,1886
2018-08-18 06:25,1886
2018-08-18 06:30,1890
2018-08-18 06:35,1889
2018-08-18 06:40,1865
2018-08-18 06:45,1870
2018-08-18 06:50,1888
2018-08-18 06:55,1909
2018-08-18 07:00,1909
2018-08-18 07:05,1924
2018-08-18 07:10,1929
2018-08-18 07:15,1934
2018-08-18 07:20,1934
2018-08-18 07:25,1949
2018-08-18 07:30,1948
2018-08-18 07:35,1947
2018-08-18 07:40,1959
2018-08-18 07:45,1964
2018-08-18 07:50,1983
2018-08-18 07:55,1990
2018-08-18 08:00,2012
2018-08-18 08:05,2029
2018-08-18 08:10,2049
2018-08-18 08:15,2042
2018-08-18 08:20,2033
2018-08-18 08:25,2056
2018-08-18 08:30,2068
2018-08-18 08:35,2086
2018-08-18 08:40,2084
2018-08-18 08:45,2101
2018-08-18 08:50,2142
2018-08-18 08:55,2172
2018-08-18 09:00,2201
2018-08-18 09:05,2211
2018-08-18 09:10,2235
2018-08-18 09:15,2243
2018-08-18 09:20,2268
2018-08-18 09:25,2269
2018-08-18 09:30,2281
2018-08-18 09:35,2312
2018-08-18 09:40,2360
2018-08-18 09:45,2374
2018-08-18 09:50,2390
2018-08-18 09:55,2418
2018-08-18 10:00,2459
2018-08-18 10:05,2502
2018-08-18 10:10,2543
2018-08-18 10:15,2579
2018-08-18 10:20,2630
2018-08-18 10:25,2658
2018-08-18 10:30,2678
2018-08-18 10:35,2677
2018-08-18 10:40,2672
2018-08-18 10:45,2685
2018-08-18 10:50,2702
2018-08-18 10:55,2719
2018-08-18 11:00,2718
2018-08-18 11:05,2711
2018-08-18 11:10,2714
2018-08-18 11:15,2737
2018-08-18 11:20,2738
2018-08-18 11:25,2748
2018-08-18 11:30,2765
2018-08-18 11:35,2786
2018-08-18 11:40,2815
2018-08-18 11:45,2810
2018-08-18 11:50,2816
2018-08-18 11:55,2852
2018-08-18 12:00,2872
2018-08-18 12:05,2901
2018-08-18 12:10,2926
2018-08-18 12:15,2939
2018-08-18 12:20,2951
2018-08-18 12:25,3000
2018-08-18 12:30,2987
2018-08-18 12:35,3016
2018-08-18 12:40,3017
2018-08-18 12:45,3003
2018-08-18 12:50,3013
2018-08-18 12:55,3031
2018-08-18 13:00,3078
2018-08-18 13:05,3089
2018-08-18 13:10,3078
2018-08-18 13:15,3101
2018-08-18 13:20,3117
2018-08-18 13:25,3123
2018-08-18 13:30,3174
2018-08-18 13:35,3202
2018-08-18 13:40,3253
2018-08-18 13:45,3259
2018-08-18 13:50,3271
2018-08-18 13:55,3270
2018-08-18 14:00,3292
2018-08-18 14:05,3303
2018-08-18 14:10,3317
2018-08-18 14:15,3325
2018-08-18 14:20,3350
2018-08-18 14:25,3386
2018-08-18 14:30,3406
2018-08-18 14:35,3413
2018-08-18 14:40,3456
2018-08-18 14:45,3475
2018-08-18 14:50,3471
2018-08-18 14:55,3463
2018-08-18 15:00,3481
2018-08-18 15:05,3495
2018-08-18 15:10,3510
2018-08-18 15:15,3508
2018-08-18 15:20,3537
2018-08-18 15:25,3533
2018-08-18 15:30,3534
2018-08-18 15:35,3565
2018-08-18 15:40,3564
2018-08-18 15:45,3569
2018-08-18 15:50,3598
2018-08-18 15:55,3621
2018-08-18 16:00,3619
2018-08-18 16:05,3599
2018-08-18 16:10,3606
2018-08-18 16:15,3587
2018-08-18 16:20,3588
2018-08-18 16:25,3587
2018-08-18 16:30,3590
2018-08-18 16:35,3582
2018-08-18 16:40,3598
2018-08-18 16:45,3576
2018-08-18 16:50,3579
2018-08-18 16:55,3597
2018-08-18 17:00,3602
2018-08-18 17:05,3621
2018-08-18 17:10,3653
2018-08-18 17:15,3673
2018-08-18 17:20,3655
2018-08-18 17:25,3709
2018-08-18 17:30,3703
2018-08-18 17:35,3714
2018-08-18 17:40,3718
2018-08-18 17:45,3748
2018-08-18 17:50,3743
2018-08-18 17:55,3770
2018-08-18 18:00,3772
2018-08-18 18:05,3783
2018-08-18 18:10,3812
2018-08-18 18:15,3854
2018-08-18 18:20,3868
2018-08-18 18:25,3887
2018-08-18 18:30,3888
2018-08-18 18:35,3902
2018-08-18 18:40,3916
2018-08-18 18:45,3908
2018-08-18 18:50,3910
2018-08-18 18:55,3904
2018-08-18 19:00,3889
2018-08-18 19:05,3886
2018-08-18 19:10,3895
2018-08-18 19:15,3904
2018-08-18 19:20,3907
2018-08-18 19:25,3930
2018-08-18 19:30,3927
2018-08-18 19:35,3943
2018-08-18 19:40,3927
2018-08-18 19:45,3942
2018-08-18 19:50,3977
2018-08-18 19:55,3958
2018-08-18 20:00,3943
2018-08-18 20:05,3891
2018-08-18 20:10,3907
2018-08-18 20:15,3897
2018-08-18 20:20,3908
2018-08-18 20:25,3877
2018-08-18 20:30,3887
2018-08-18 20:35,3866
2018-08-18 20:40,3860
2018-08-18 20:45,3834
2018-08-18 20:50,3812
2018-08-18 20:55,3786
2018-08-18 21:00,3777
2018-08-18 21:05,3778
2018-08-18 21:10,3764
2018-08-18 21:15,3758
2018-08-18 21:20,3753
2018-08-18 21:25,3719
2018-08-18 21:30,3674
2018-08-18 21:35,3624
2018-08-18 21:40,3581
2018-08-18 21:45,3534
2018-08-18 21:50,3496
2018-08-18 21:55,3435
2018-08-18 22:00,3385
2018-08-18 22:05,3292
2018-08-18 22:10,3271
2018-08-18 22:15,3250
2018-08-18 22:20,3215
2018-08-18 22:25,3199
2018-08-18 22:30,3193
2018-08-18 22:35,3143
2018-08-18 22:40,3141
2018-08-18 22:45,3090
2018-08-18 22:50,3071
2018-08-18 22:55,3050
2018-08-18 23:00,3011
2018-08-18 23:05,2993
2018-08-18 23:10,2959
2018-08-18 23:15,2926
2018-08-18 23:20,2888
2018-08-18 23:25,2883
2018-08-18 23:30,2869
2018-08-18 23:35,2874
2018-08-18 23:40,2857
2018-08-18 23:45,2846
2018-08-18 23:50,2813
2018-08-18 23:55,2780
2018-08-19 00:00,2745
2018-08-19 00:05,2714
2018-08-19 00:10,2703
2018-08-19 00:15,2676
2018-08-19 00:20,2643
2018-08-19 00:25,2641
2018-08-19 00:30,2644
2018-08-19 00:35,2603
2018-08-19 00:40,2598
2018-08-19 00:45,2610
2018-08-19 00:50,2589
2018-08-19 00:55,2582
2018-08-19 01:00,2556
2018-08-19 01:05,2532
2018-08-19 01:10,2544
2018-08-19 01:15,2527
2018-08-19 01:20,2523
2018-08-19 01:25,2508
2018-08-19 01:30,2504
2018-08-19 01:35,2520
2018-08-19 01:40,2498
2018-08-19 01:45,2480
2018-08-19 01:50,2474
2018-08-19 01:55,2475
2018-08-19 02:00,2456
2018-08-19 02:05,2426
2018-08-19 02:10,2393
2018-08-19 02:15,2420
2018-08-19 02:20,2403
2018-08-19 02:25,2382
2018-08-19 02:30,2396
2018-08-19 02:35,2362
2018-08-19 02:40,2364
2018-08-19 02:45,2379
2018-08-19 02:50,2376
2018-08-19 02:55,2356
2018-08-19 03:00,2348
2018-08-19 03:05,2325
2018-08-19 03:10,2313
2018-08-19 03:15,2312
2018-08-19 03:20,2308
2018-08-19 03:25,2329
2018-08-19 03:30,2320
2018-08-19 03:35,2311
2018-08-19 03:40,2301
2018-08-19 03:45,2282
2018-08-19 03:50,2265
2018-08-19 03:55,2253
2018-08-19 04:00,2242
2018-08-19 04:05,2213
2018-08-19 04:10,2212
2018-08-19 04:15,2217
2018-08-19 04:20,2203
2018-08-19 04:25,2186
2018-08-19 04:30,2174
2018-08-19 04:35,2150
2018-08-19 04:40,2145
2018-08-19 04:45,2121
2018-08-19 04:50,2131
2018-08-19 04:55,2101
2018-08-19 05:00,2088
2018-08-19 05:05,2058
2018-08-19 05:10,2020
2018-08-19 05:15,2008
2018-08-19 05:20,1987
2018-08-19 05:25,1984
2018-08-19 05:30,1969
2018-08-19 05:35,1968
2018-08-19 05:40,1971
2018-08-19 05:45,1961
2018-08-19 05:50,1962
2018-08-19 05:55,1961
2018-08-19 06:00,1967
2018-08-19 06:05,1956
2018-08-19 06:10,1944
2018-08-19 06:15,1936
2018-08-19 06:20,1947
2018-08-19 06:25,1954
2018-08-19 06:30,1986
2018-08-19 06:35,1987
2018-08-19 06:40,2001
2018-08-19 06:45,2022
2018-08-19 06:50,2036
2018-08-19 06:55,2039
2018-08-19 07:00,2047
2018-08-19 07:05,2058
2018-08-19 07:10,2050
2018-08-19 07:15,2062
2018-08-19 07:20,2059
2018-08-19 07:25,2076
2018-08-19 07:30,2089
2018-08-19 07:35,2111
2018-08-19 07:40,2159
2018-08-19 07:45,2183
2018-08-19 07:50,2210
2018-08-19 07:55,2220
2018-08-19 08:00,2245
2018-08-19 08:05,2238
2018-08-19 08:10,2282
2018-08-19 08:15,2284
2018-08-19 08:20,2282
2018-08-19 08:25,2308
2018-08-19 08:30,2341
2018-08-19 08:35,2356
2018-08-19 08:40,2404
2018-08-19 08:45,2428
2018-08-19 08:50,2466
2018-08-19 08:55,2483
2018-08-19 09:00,2501
2018-08-19 09:05,2494
2018-08-19 09:10,2513
2018-08-19 09:15,2542
2018-08-19 09:20,2568
2018-08-19 09:25,2593
2018-08-19 09:30,2599
2018-08-19 09:35,2625
2018-08-19 09:40,2648
2018-08-19 09:45,2656
2018-08-19 09:50,2695
2018-08-19 09:55,2742
2018-08-19 10:00,2768
2018-08-19 10:05,2833
2018-08-19 10:10,2863
2018-08-19 10:15,2877
2018-08-19 10:20,2910
2018-08-19 10:25,2939
2018-08-19 10:30,2953
2018-08-19 10:35,2974
2018-08-19 10:40,2990
2018-08-19 10:45,3005
2018-08-19 10:50,2999
2018-08-19 10:55,3021
2018-08-19 11:00,3054
2018-08-19 11:05,3052
2018-08-19 11:10,3056
2018-08-19 11:15,3075
2018-08-19 11:20,3094
2018-08-19 11:25,3140
2018-08-19 11:30,3120
2018-08-19 11:35,3153
2018-08-19 11:40,3162
2018-08-19 11:45,3175
2018-08-19 11:50,3199
2018-08-19 11:55,3222
2018-08-19 12:00,3240
2018-08-19 12:05,3260
2018-08-19 12:10,3300
2018-08-19 12:15,3326
2018-08-19 12:20,3342
2018-08-19 12:25,3380
2018-08-19 12:30,3401
2018-08-19 12:35,3405
2018-08-19 12:40,3403
2018-08-19 12:45,3448
2018-08-19 12:50,3470
2018-08-19 12:55,3463
2018-08-19 13:00,3506
2018-08-19 13:05,3521
2018-08-19 13:10,3537
2018-08-19 13:15,3567
2018-08-19 13:20,3567
2018-08-19 13:25,3555
2018-08-19 13:30,3580
2018-08-19 13:35,3606
2018-08-19 13:40,3629
2018-08-19 13:45,3685
2018-08-19 13:50,3708
2018-08-19 13:55,3693
2018-08-19 14:00,3706
2018-08-19 14:05,3735
2018-08-19 14:10,3758
2018-08-19 14:15,3755
2018-08-19 14:20,3777
2018-08-19 14:25,3768
2018-08-19 14:30,3775
2018-08-19 14:35,3792
2018-08-19 14:40,3847
2018-08-19 14:45,3872
2018-08-19 14:50,3886
2018-08-19 14:55,3907
2018-08-19 15:00,3942
2018-08-19 15:05,3923
2018-08-19 15:10,3940
2018-08-19 15:15,3941
2018-08-19 15:20,3974
2018-08-19 15:25,3974
2018-08-19 15:30,3981
2018-08-19 15:35,4006
2018-08-19 15:40,3992
2018-08-19 15:45,4035
2018-08-19 15:50,4017
2018-08-19 15:55,4028
2018-08-19 16:00,4051
2018-08-19 16:05,4063
2018-08-19 16:10,4072
2018-08-19 16:15,4074
2018-08-19 16:20,4100
2018-08-19 16:25,4107
2018-08-19 16:30,4104
2018-08-19 16:35,4114
2018-08-19 16:40,4127
2018-08-19 16:45,4167
2018-08-19 16:50,4197
2018-08-19 16:55,4200
2018-08-19 17:00,4185
2018-08-19 17:05,4159
2018-08-19 17:10,4173
2018-08-19 17:15,4196
2018-08-19 17:20,4195
2018-08-19 17:25,4209
2018-08-19 17:30,4204
2018-08-19 17:35,4214
2018-08-19 17:40,4219
2018-08-19 17:45,4215
2018-08-19 17:50,4187
2018-08-19 17:55,4189
2018-08-19 18:00,4181
2018-08-19 18:05,4166
2018-08-19 18:10,4184
2018-08-19 18:15,4202
2018-08-19 18:20,4194
2018-08-19 18:25,4201
2018-08-19 18:30,4190
2018-08-19 18:35,4198
2018-08-19 18:40,4235
2018-08-19 18:45,4258
2018-08-19 18:50,4250
2018-08-19 18:55,4271
2018-08-19 19:00,4287
2018-08-19 19:05,4258
2018-08-19 19:10,4235
2018-08-19 19:15,4245
2018-08-19 19:20,4250
2018-08-19 19:25,4253
2018-08-19 19:30,4235
2018-08-19 19:35,4272
2018-08-19 19:40,4249
2018-08-19 19:45,4248
2018-08-19 19:50,4236
2018-08-19 19:55,4214
2018-08-19 20:00,4186
2018-08-19 20:05,4136
2018-08-19 20:10,4142
2018-08-19 20:15,4116
2018-08-19 20:20,4106
2018-08-19 20:25,4089
2018-08-19 20:30,4092
2018-08-19 20:35,4075
2018-08-19 20:40,4045
2018-08-19 20:45,4019
2018-08-19 20:50,4025
2018-08-19 20:55,3999
2018-08-19 21:00,3980
2018-08-19 21:05,3922
2018-08-19 21:10,3891
2018-08-19 21:15,3847
2018-08-19 21:20,3797
2018-08-19 21:25,3728
2018-08-19 21:30,3667
2018-08-19 21:35,3668
2018-08-19 21:40,3619
2018-08-19 21:45,3595
2018-08-19 21:50,3567
2018-08-19 21:55,3518
2018-08-19 22:00,3477
2018-08-19 22:05,3450
2018-08-19 22:10,3433
2018-08-19 22:15,3397
2018-08-19 22:20,3352
2018-08-19 22:25,3304
2018-08-19 22:30,3274
2018-08-19 22:35,3249
2018-08-19 22:40,3225
2018-08-19 22:45,3200
2018-08-19 22:50,3163
2018-08-19 22:55,3143
2018-08-19 23:00,3118
2018-08-19 23:05,3078
2018-08-19 23:10,3049
2018-08-19 23:15,2993
2018-08-19 23:20,2968
2018-08-19 23:25,2941
2018-08-19 23:30,2913
2018-08-19 23:35,2898
2018-08-19 23:40,2869
2018-08-19 23:45,2866
2018-08-19 23:50,2849
2018-08-19 23:55,2814
2018-08-20 00:00,2831
2018-08-20 00:05,2833
2018-08-20 00:10,2811
2018-08-20 00:15,2813
2018-08-20 00:20,2795
2018-08-20 00:25,2800
2018-08-20 00:30,2764
2018-08-20 00:35,2739
2018-08-20 00:40,2717
2018-08-20 00:45,2711
2018-08-20 00:50,2710
2018-08-20 00:55,2700
2018-08-20 01:00,2699
2018-08-20 01:05,2668
2018-08-20 01:10,2655
2018-08-20 01:15,2640
2018-08-20 01:20,2611
2018-08-20 01:25,2604
2018-08-20 01:30,2580
2018-08-20 01:35,2551
2018-08-20 01:40,2526
2018-08-20 01:45,2506
2018-08-20 01:50,2512
2018-08-20 01:55,2473
2018-08-20 02:00,2452
2018-08-20 02:05,2427
2018-08-20 02:10,2408
2018-08-20 02:15,2398
2018-08-20 02:20,2376
2018-08-20 02:25,2364
2018-08-20 02:30,2350
2018-08-20 02:35,2355
2018-08-20 02:40,2340
2018-08-20 02:45,2339
2018-08-20 02:50,2310
2018-08-20 02:55,2278
2018-08-20 03:00,2242
2018-08-20 03:05,2202
2018-08-20 03:10,2178
2018-08-20 03:15,2145
2018-08-20 03:20,2133
2018-08-20 03:25,2104
2018-08-20 03:30,2082
2018-08-20 03:35,2064
2018-08-20 03:40,2052
2018-08-20 03:45,2019
2018-08-20 03:50,1976
2018-08-20 03:55,1981
2018-08-20 04:00,1978
2018-08-20 04:05,1951
2018-08-20 04:10,1920
2018-08-20 04:15,1917
2018-08-20 04:20,1900
2018-08-20 04:25,1874
2018-08-20 04:30,1870
2018-08-20 04:35,1876
2018-08-20 04:40,1852
2018-08-20 04:45,1833
2018-08-20 04:50,1834
2018-08-20 04:55,1815
2018-08-20 05:00,1817
2018-08-20 05:05,1811
2018-08-20 05:10,1816
2018-08-20 05:15,1801
2018-08-20 05:20,1805
2018-08-20 05:25,1781
2018-08-20 05:30,1774
2018-08-20 05:35,1774
2018-08-20 05:40,1769
2018-08-20 05:45,1757
2018-08-20 05:50,1755
2018-08-20 05:55,1738
2018-08-20 06:00,1747
2018-08-20 06:05,1732
2018-08-20 06:10,1749
2018-08-20 06:15,1725
2018-08-20 06:20,1747
2018-08-20 06:25,1746
2018-08-20 06:30,1761
2018-08-20 06:35,1769
2018-08-20 06:40,1774
2018-08-20 06:45,1761
2018-08-20 06:50,1784
2018-08-20 06:55,1770
2018-08-20 07:00,1778
2018-08-20 07:05,1773
2018-08-20 07:10,1767
2018-08-20 07:15,1766
2018-08-20 07:20,1778
2018-08-20 07:25,1802
2018-08-20 07:30,1805
2018-08-20 07:35,1808
2018-08-20 07:40,1827
2018-08-20 07:45,1848
2018-08-20 07:50,1841
2018-08-20 07:55,1839
2018-08-20 08:00,1883
2018-08-20 08:05,1891
2018-08-20 08:10,1901
2018-08-20 08:15,1917
2018-08-20 08:20,1936
2018-08-20 08:25,1967
2018-08-20 08:30,1981
2018-08-20 08:35,1990
2018-08-20 08:40,1998
2018-08-20 08:45,1997
2018-08-20 08:50,2018
2018-08-20 08:55,2037
2018-08-20 09:00,2006
2018-08-20 09:05,2039
2018-08-20 09:10,2055
2018-08-20 09:15,2067
2018-08-20 09:20,2079
2018-08-20 09:25,2099
2018-08-20 09:30,2112
2018-08-20 09:35,2139
2018-08-20 09:40,2156
2018-08-20 09:45,2184
2018-08-20 09:50,2199
2018-08-20 09:55,2239
2018-08-20 10:00,2274
2018-08-20 10:05,2316
2018-08-20 10:10,2339
2018-08-20 10:15,2359
2018-08-20 10:20,2388
2018-08-20 10:25,2442
2018-08-20 10:30,2470
2018-08-20 10:35,2489
2018-08-20 10:40,2480
2018-08-20 10:45,2508
2018-08-20 10:50,2503
2018-08-20 10:55,2515
2018-08-20 11:00,2528
2018-08-20 11:05,2553
2018-08-20 11:10,2571
2018-08-20 11:15,2592
2018-08-20 11:20,2636
2018-08-20 11:25,2663
2018-08-20 11:30,2673
2018-08-20 11:35,2675
2018-08-20 11:40,2689
2018-08-20 11:45,2698
2018-08-20 11:50,2701
2018-08-20 11:55,2719
2018-08-20 12:00,2731
2018-08-20 12:05,2688
2018-08-20 12:10,2709
2018-08-20 12:15,2685
2018-08-20 12:20,2740
2018-08-20 12:25,2741
2018-08-20 12:30,2738
2018-08-20 12:35,2714
2018-08-20 12:40,2702
2018-08-20 12:45,2715
2018-08-20 12:50,2763
2018-08-20 12:55,2772
2018-08-20 13:00,2799
2018-08-20 13:05,2845
2018-08-20 13:10,2871
2018-08-20 13:15,2887
2018-08-20 13:20,2930
2018-08-20 13:25,2947
2018-08-20 13:30,2971
2018-08-20 13:35,2992
2018-08-20 13:40,3039
2018-08-20 13:45,3034
2018-08-20 13:50,3017
2018-08-20 13:55,3022
2018-08-20 14:00,3023
2018-08-20 14:05,3039
2018-08-20 14:10,3058
2018-08-20 14:15,3077
2018-08-20 14:20,3091
2018-08-20 14:25,3115
2018-08-20 14:30,3168
2018-08-20 14:35,3177
2018-08-20 14:40,3181
2018-08-20 14:45,3205
2018-08-20 14:50,3223
2018-08-20 14:55,3241
2018-08-20 15:00,3275
2018-08-20 15:05,3305
2018-08-20 15:10,3292
2018-08-20 15:15,3300
2018-08-20 15:20,3312
2018-08-20 15:25,3343
2018-08-20 15:30,3314
2018-08-20 15:35,3352
2018-08-20 15:40,3390
2018-08-20 15:45,3418
2018-08-20 15:50,3468
2018-08-20 15:55,3504
2018-08-20 16:00,3518
2018-08-20 16:05,3523
2018-08-20 16:10,3537
2018-08-20 16:15,3538
2018-08-20 16:20,3556
2018-08-20 16:25,3605
2018-08-20 16:30,3619
2018-08-20 16:35,3642
2018-08-20 16:40,3673
2018-08-20 16:45,3695
2018-08-20 16:50,3714
2018-08-20 16:55,3743
2018-08-20 17:00,3753
2018-08-20 17:05,3764
2018-08-20 17:10,3746
2018-08-20 17:15,3799
2018-08-20 17:20,3786
2018-08-20 17:25,3841
2018-08-20 17:30,3846
2018-08-20 17:35,3864
2018-08-20 17:40,3817
2018-08-20 17:45,3801
2018-08-20 17:50,3818
2018-08-20 17:55,3841
2018-08-20 18:00,3849
2018-08-20 18:05,3842
2018-08-20 18:10,3872
2018-08-20 18:15,3860
2018-08-20 18:20,3889
2018-08-20 18:25,3908
2018-08-20 18:30,3941
2018-08-20 18:35,3935
2018-08-20 18:40,3934
2018-08-20 18:45,3951
2018-08-20 18:50,3948
2018-08-20 18:55,3957
2018-08-20 19:00,3947
2018-08-20 19:05,3918
2018-08-20 19:10,3925
2018-08-20 19:15,3909
2018-08-20 19:20,3897
2018-08-20 19:25,3897
2018-08-20 19:30,3888
2018-08-20 19:35,3860
2018-08-20 19:40,3837
2018-08-20 19:45,3821
2018-08-20 19:50,3824
2018-08-20 19:55,3813
2018-08-20 20:00,3794
2018-08-20 20:05,3761
2018-08-20 20:10,3724
2018-08-20 20:15,3711
2018-08-20 20:20,3713
2018-08-20 20:25,3690
2018-08-20 20:30,3684
2018-08-20 20:35,3619
2018-08-20 20:40,3617
2018-08-20 20:45,3583
2018-08-20 20:50,3545
2018-08-20 20:55,3480
2018-08-20 21:00,3464
2018-08-20 21:05,3430
2018-08-20 21:10,3416
2018-08-20 21:15,3394
2018-08-20 21:20,3384
2018-08-20 21:25,3366
2018-08-20 21:30,3332
2018-08-20 21:35,3322
2018-08-20 21:40,3292
2018-08-20 21:45,3291
2018-08-20 21:50,3284
2018-08-20 21:55,3262
2018-08-20 22:00,3233
2018-08-20 22:05,3205
2018-08-20 22:10,3192
2018-08-20 22:15,3154
2018-08-20 22:20,3108
2018-08-20 22:25,3061
2018-08-20 22:30,3029
2018-08-20 22:35,3016
2018-08-20 22:40,2984
2018-08-20 22:45,2956
2018-08-20 22:50,2932
2018-08-20 22:55,2936
2018-08-20 23:00,2905
2018-08-20 23:05,2874
2018-08-20 23:10,2834
2018-08-20 23:15,2800
2018-08-20 23:20,2765
2018-08-20 23:25,2741
2018-08-20 23:30,2759
2018-08-20 23:35,2756
2018-08-20 23:40,2735
2018-08-20 23:45,2722
2018-08-20 23:50,2705
2018-08-20 23:55,2673
2018-08-21 00:00,2662
2018-08-21 00:05,2671
2018-08-21 00:10,2653
2018-08-21 00:15,2645
2018-08-21 00:20,2625
2018-08-21 00:25,2630
2018-08-21 00:30,2634
2018-08-21 00:35,2626
2018-08-21 00:40,2612
2018-08-21 00:45,2604
2018-08-21 00:50,2578
2018-08-21 00:55,2561
2018-08-21 01:00,2549
2018-08-21 01:05,2552
2018-08-21 01:10,2527
2018-08-21 01:15,2511
2018-08-21 01:20,2488
2018-08-21 01:25,2468
2018-08-21 01:30,2459
2018-08-21 01:35,2448
2018-08-21 01:40,2435
2018-08-21 01:45,
2018-08-21 01:50,
2018-08-21 01:55,
2018-08-21 02:00,2344
2018-08-21 02:05,2333
2018-08-21 02:10,2329
2018-08-21 02:15,2323
2018-08-21 02:20,2328
2018-08-21 02:25,2319
2018-08-21 02:30,2300
2018-08-21 02:35,2262
2018-08-21 02:40,2268
2018-08-21 02:45,2227
2018-08-21 02:50,2197
2018-08-21 02:55,2163
2018-08-21 03:00,2134
2018-08-21 03:05,2115
2018-08-21 03:10,2077
2018-08-21 03:15,2059
2018-08-21 03:20,2051
2018-08-21 03:25,2041
2018-08-21 03:30,2025
2018-08-21 03:35,1996
2018-08-21 03:40,1982
2018-08-21 03:45,1965
2018-08-21 03:50,1943
2018-08-21 03:55,1938
2018-08-21 04:00,1913
2018-08-21 04:05,1889
2018-08-21 04:10,1883
2018-08-21 04:15,1866
2018-08-21 04:20,1857
2018-08-21 04:25,1847
2018-08-21 04:30,1847
2018-08-21 04:35,1833
2018-08-21 04:40,1813
2018-08-21 04:45,1822
2018-08-21 04:50,1834
2018-08-21 04:55,1824
2018-08-21 05:00,1811
2018-08-21 05:05,1791
2018-08-21 05:10,1766
2018-08-21 05:15,1768
2018-08-21 05:20,1759
2018-08-21 05:25,1745
2018-08-21 05:30,1728
2018-08-21 05:35,1713
2018-08-21 05:40,1715
2018-08-21 05:45,1705
2018-08-21 05:50,1716
2018-08-21 05:55,1703
2018-08-21 06:00,1718
2018-08-21 06:05,1711
2018-08-21 06:10,1723
2018-08-21 06:15,1695
2018-08-21 06:20,1694
2018-08-21 06:25,1700
2018-08-21 06:30,1711
2018-08-21 06:35,1688
2018-08-21 06:40,1708
2018-08-21 06:45,1717
2018-08-21 06:50,1700
2018-08-21 06:55,1709
2018-08-21 07:00,1738
2018-08-21 07:05,1727
2018-08-21 07:10,1732
2018-08-21 07:15,1752
2018-08-21 07:20,1764
2018-08-21 07:25,1780
2018-08-21 07:30,1799
2018-08-21 07:35,1807
2018-08-21 07:40,1827
2018-08-21 07:45,1818
2018-08-21 07:50,1829
2018-08-21 07:55,1839
2018-08-21 08:00,1864
2018-08-21 08:05,1877
2018-08-21 08:10,1896
2018-08-21 08:15,1941
2018-08-21 08:20,1941
2018-08-21 08:25,1958
2018-08-21 08:30,1972
2018-08-21 08:35,1974
2018-08-21 08:40,1983
2018-08-21 08:45,1987
2018-08-21 08:50,2003
2018-08-21 08:55,2020
2018-08-21 09:00,2038
2018-08-21 09:05,2053
2018-08-21 09:10,2091
2018-08-21 09:15,2109
2018-08-21 09:20,2135
2018-08-21 09:25,2149
2018-08-21 09:30,2158
2018-08-21 09:35,2195
2018-08-21 09:40,2188
2018-08-21 09:45,2199
2018-08-21 09:50,2222
2018-08-21 09:55,2261
2018-08-21 10:00,2308
2018-08-21 10:05,2327
2018-08-21 10:10,2343
2018-08-21 10:15,2374
2018-08-21 10:20,2391
2018-08-21 10:25,2414
2018-08-21 10:30,2438
2018-08-21 10:35,2476
2018-08-21 10:40,2485
2018-08-21 10:45,2491
2018-08-21 10:50,2501
2018-08-21 10:55,2550
2018-08-21 11:00,2572
2018-08-21 11:05,2579
2018-08-21 11:10,2581
2018-08-21 11:15,2607
2018-08-21 11:20,2621
2018-08-21 11:25,2641
2018-08-21 11:30,2639
2018-08-21 11:35,2647
2018-08-21 11:40,2661
2018-08-21 11:45,2686
2018-08-21 11:50,2695
2018-08-21 11:55,2727
2018-08-21 12:00,2715
2018-08-21 12:05,2692
2018-08-21 12:10,2715
2018-08-21 12:15,2744
2018-08-21 12:20,2763
2018-08-21 12:25,2768
2018-08-21 12:30,2801
2018-08-21 12:35,2785
2018-08-21 12:40,2798
2018-08-21 12:45,2803
2018-08-21 12:50,2848
2018-08-21 12:55,2817
2018-08-21 13:00,2847
2018-08-21 13:05,2851
2018-08-21 13:10,2857
2018-08-21 13:15,2856
2018-08-21 13:20,2850
2018-08-21 13:25,2855
2018-08-21 13:30,2858
2018-08-21 13:35,2871
2018-08-21 13:40,2900
2018-08-21 13:45,2899
2018-08-21 13:50,2887
2018-08-21 13:55,2903
2018-08-21 14:00,2921
2018-08-21 14:05,2933
2018-08-21 14:10,2968
2018-08-21 14:15,2980
2018-08-21 14:20,2981
2018-08-21 14:25,2969
2018-08-21 14:30,2975
2018-08-21 14:35,2986
2018-08-21 14:40,2966
2018-08-21 14:45,3000
2018-08-21 14:50,3029
2018-08-21 14:55,3041
2018-08-21 15:00,3082
2018-08-21 15:05,3102
2018-08-21 15:10,3126
2018-08-21 15:15,3143
2018-08-21 15:20,3174
2018-08-21 15:25,3168
2018-08-21 15:30,3213
2018-08-21 15:35,3229
2018-08-21 15:40,3223
2018-08-21 15:45,3233
2018-08-21 15:50,3265
2018-08-21 15:55,3249
2018-08-21 16:00,3266
2018-08-21 16:05,3301
2018-08-21 16:10,3350
2018-08-21 16:15,3405
2018-08-21 16:20,3417
2018-08-21 16:25,3458
2018-08-21 16:30,3493
2018-08-21 16:35,3524
2018-08-21 16:40,3548
2018-08-21 16:45,3566
2018-08-21 16:50,3573
2018-08-21 16:55,3580
2018-08-21 17:00,3596
2018-08-21 17:05,3629
2018-08-21 17:10,3608
2018-08-21 17:15,3641
2018-08-21 17:20,3629
2018-08-21 17:25,3599
2018-08-21 17:30,3579
2018-08-21 17:35,3562
2018-08-21 17:40,3574
2018-08-21 17:45,3591
2018-08-21 17:50,3569
2018-08-21 17:55,3539
2018-08-21 18:00,3587
2018-08-21 18:05,3593
2018-08-21 18:10,3640
2018-08-21 18:15,3650
2018-08-21 18:20,3657
2018-08-21 18:25,3673
2018-08-21 18:30,3679
2018-08-21 18:35,3673
2018-08-21 18:40,3698
2018-08-21 18:45,3721
2018-08-21 18:50,3737
2018-08-21 18:55,3772
2018-08-21 19:00,3765
2018-08-21 19:05,3766
2018-08-21 19:10,3729
2018-08-21 19:15,3742
2018-08-21 19:20,3714
2018-08-21 19:25,3732
2018-08-21 19:30,3719
2018-08-21 19:35,3699
2018-08-21 19:40,3713
2018-08-21 19:45,3698
2018-08-21 19:50,3696
2018-08-21 19:55,3664
2018-08-21 20:00,3670
2018-08-21 20:05,3644
2018-08-21 20:10,3649
2018-08-21 20:15,3630
2018-08-21 20:20,3626
2018-08-21 20:25,3594
2018-08-21 20:30,3563
2018-08-21 20:35,3551
2018-08-21 20:40,3523
2018-08-21 20:45,3500
2018-08-21 20:50,3463
2018-08-21 20:55,3438
2018-08-21 21:00,3398
2018-08-21 21:05,3375
2018-08-21 21:10,3349
2018-08-21 21:15,3309
2018-08-21 21:20,3316
2018-08-21 21:25,3239
2018-08-21 21:30,3218
2018-08-21 21:35,3187
2018-08-21 21:40,3151
2018-08-21 21:45,3146
2018-08-21 21:50,3122
2018-08-21 21:55,3074
2018-08-21 22:00,3025
2018-08-21 22:05,3015
2018-08-21 22:10,2993
2018-08-21 22:15,2948
2018-08-21 22:20,2922
2018-08-21 22:25,2903
2018-08-21 22:30,2877
2018-08-21 22:35,2844
2018-08-21 22:40,2829
2018-08-21 22:45,2801
2018-08-21 22:50,2797
2018-08-21 22:55,2780
2018-08-21 23:00,2780
2018-08-21 23:05,2764
2018-08-21 23:10,2749
2018-08-21 23:15,2752
2018-08-21 23:20,2732
2018-08-21 23:25,2700
2018-08-21 23:30,2670
2018-08-21 23:35,2636
2018-08-21 23:40,2655
2018-08-21 23:45,2637
2018-08-21 23:50,2616
2018-08-21 23:55,2634
2018-08-22 00:00,2632
2018-08-22 00:05,2601
2018-08-22 00:10,2587
2018-08-22 00:15,2612
2018-08-22 00:20,2590
2018-08-22 00:25,2577
2018-08-22 00:30,2546
2018-08-22 00:35,2553
2018-08-22 00:40,2593
2018-08-22 00:45,2585
2018-08-22 00:50,2560
2018-08-22 00:55,2548
2018-08-22 01:00,2529
2018-08-22 01:05,2506
2018-08-22 01:10,2486
2018-08-22 01:15,2455
2018-08-22 01:20,2454
2018-08-22 01:25,2436
2018-08-22 01:30,2403
2018-08-22 01:35,2394
2018-08-22 01:40,2391
2018-08-22 01:45,2364
2018-08-22 01:50,2362
2018-08-22 01:55,2328
2018-08-22 02:00,2317
2018-08-22 02:05,2280
2018-08-22 02:10,2272
2018-08-22 02:15,2259
2018-08-22 02:20,2235
2018-08-22 02:25,2225
2018-08-22 02:30,2213
2018-08-22 02:35,2204
2018-08-22 02:40,2192
2018-08-22 02:45,2188
2018-08-22 02:50,2165
2018-08-22 02:55,2166
2018-08-22 03:00,2171
2018-08-22 03:05,2118
2018-08-22 03:10,2096
2018-08-22 03:15,2061
2018-08-22 03:20,2040
2018-08-22 03:25,2062
2018-08-22 03:30,2054
2018-08-22 03:35,2044
2018-08-22 03:40,2036
2018-08-22 03:45,2030
2018-08-22 03:50,2026
2018-08-22 03:55,1997
2018-08-22 04:00,1985
2018-08-22 04:05,1936
2018-08-22 04:10,1955
2018-08-22 04:15,1920
2018-08-22 04:20,1893
2018-08-22 04:25,1874
2018-08-22 04:30,1833
2018-08-22 04:35,1817
2018-08-22 04:40,1811
2018-08-22 04:45,1791
2018-08-22 04:50,1773
2018-08-22 04:55,1792
2018-08-22 05:00,1777
2018-08-22 05:05,1755
2018-08-22 05:10,1739
2018-08-22 05:15,1715
2018-08-22 05:20,1714
2018-08-22 05:25,1721
2018-08-22 05:30,1710
2018-08-22 05:35,1706
2018-08-22 05:40,1707
2018-08-22 05:45,1725
2018-08-22 05:50,1727
2018-08-22 05:55,1720
2018-08-22 06:00,1743
2018-08-22 06:05,1726
2018-08-22 06:10,1725
2018-08-22 06:15,1731
2018-08-22 06:20,1748
2018-08-22 06:25,1748
2018-08-22 06:30,1739
2018-08-22 06:35,1739
2018-08-22 06:40,1765
2018-08-22 06:45,1773
2018-08-22 06:50,1780
2018-08-22 06:55,1777
2018-08-22 07:00,1772
2018-08-22 07:05,1784
2018-08-22 07:10,1787
2018-08-22 07:15,1790
2018-08-22 07:20,1802
2018-08-22 07:25,1818
2018-08-22 07:30,1827
2018-08-22 07:35,1845
2018-08-22 07:40,1872
2018-08-22 07:45,1891
2018-08-22 07:50,1903
2018-08-22 07:55,1917
2018-08-22 08:00,1913
2018-08-22 08:05,1933
2018-08-22 08:10,1964
2018-08-22 08:15,1972
2018-08-22 08:20,1968
2018-08-22 08:25,1981
2018-08-22 08:30,1985
2018-08-22 08:35,2018
2018-08-22 08:40,2034
2018-08-22 08:45,2046
2018-08-22 08:50,2056
2018-08-22 08:55,2075
2018-08-22 09:00,2082
2018-08-22 09:05,2109
2018-08-22 09:10,2137
2018-08-22 09:15,2169
2018-08-22 09:20,2185
2018-08-22 09:25,2172
2018-08-22 09:30,2166
2018-08-22 09:35,2173
2018-08-22 09:40,2167
2018-08-22 09:45,2186
2018-08-22 09:50,2223
2018-08-22 09:55,2237
2018-08-22 10:00,2263
2018-08-22 10:05,2300
2018-08-22 10:10,2308
2018-08-22 10:15,2340
2018-08-22 10:20,2356
2018-08-22 10:25,2381
2018-08-22 10:30,2376
2018-08-22 10:35,2397
2018-08-22 10:40,2431
2018-08-22 10:45,2454
2018-08-22 10:50,2449
2018-08-22 10:55,2437
2018-08-22 11:00,2443
2018-08-22 11:05,2448
2018-08-22 11:10,2466
2018-08-22 11:15,2476
2018-08-22 11:20,2494
2018-08-22 11:25,2496
2018-08-22 11:30,2523
2018-08-22 11:35,2531
2018-08-22 11:40,2553
2018-08-22 11:45,2560
2018-08-22 11:50,2567
2018-08-22 11:55,2590
2018-08-22 12:00,2644
2018-08-22 12:05,2624
2018-08-22 12:10,2643
2018-08-22 12:15,2683
2018-08-22 12:20,2701
2018-08-22 12:25,2716
2018-08-22 12:30,2718
2018-08-22 12:35,2742
2018-08-22 12:40,2751
2018-08-22 12:45,2750
2018-08-22 12:50,2762
2018-08-22 12:55,2758
2018-08-22 13:00,2768
2018-08-22 13:05,2779
2018-08-22 13:10,2802
2018-08-22 13:15,2772
2018-08-22 13:20,2799
2018-08-22 13:25,2823
2018-08-22 13:30,2860
2018-08-22 13:35,2846
2018-08-22 13:40,2857
2018-08-22 13:45,2894
2018-08-22 13:50,2915
2018-08-22 13:55,2907
2018-08-22 14:00,2897
2018-08-22 14:05,2906
2018-08-22 14:10,2921
2018-08-22 14:15,2965
2018-08-22 14:20,2991
2018-08-22 14:25,2991
2018-08-22 14:30,2978
2018-08-22 14:35,2993
2018-08-22 14:40,3043
2018-08-22 14:45,3034
2018-08-22 14:50,3039
2018-08-22 14:55,3039
2018-08-22 15:00,3046
2018-08-22 15:05,3049
2018-08-22 15:10,3056
2018-08-22 15:15,3084
2018-08-22 15:20,3105
2018-08-22 15:25,3146
2018-08-22 15:30,3183
2018-08-22 15:35,3167
2018-08-22 15:40,3176
2018-08-22 15:45,3212
2018-08-22 15:50,3233
2018-08-22 15:55,3240
2018-08-22 16:00,3241
2018-08-22 16:05,3205
2018-08-22 16:10,3253
2018-08-22 16:15,3294
2018-08-22 16:20,3324
2018-08-22 16:25,3312
2018-08-22 16:30,3326
2018-08-22 16:35,3339
2018-08-22 16:40,3363
2018-08-22 16:45,3398
2018-08-22 16:50,3361
2018-08-22 16:55,3364
2018-08-22 17:00,3357
2018-08-22 17:05,3385
2018-08-22 17:10,3412
2018-08-22 17:15,3445
2018-08-22 17:20,3467
2018-08-22 17:25,3514
2018-08-22 17:30,3533
2018-08-22 17:35,3528
2018-08-22 17:40,3550
2018-08-22 17:45,3592
2018-08-22 17:50,3606
2018-08-22 17:55,3580
2018-08-22 18:00,3599
2018-08-22 18:05,3618
2018-08-22 18:10,3614
2018-08-22 18:15,3622
2018-08-22 18:20,3610
2018-08-22 18:25,3623
2018-08-22 18:30,3632
2018-08-22 18:35,3609
2018-08-22 18:40,3667
2018-08-22 18:45,3623
2018-08-22 18:50,3644
2018-08-22 18:55,3657
2018-08-22 19:00,3652
2018-08-22 19:05,3644
2018-08-22 19:10,3646
2018-08-22 19:15,3658
2018-08-22 19:20,3678
2018-08-22 19:25,3669
2018-08-22 19:30,3661
2018-08-22 19:35,3657
2018-08-22 19:40,3668
2018-08-22 19:45,3649
2018-08-22 19:50,3624
2018-08-22 19:55,3626
2018-08-22 20:00,3607
2018-08-22 20:05,3563
2018-08-22 20:10,3552
2018-08-22 20:15,3550
2018-08-22 20:20,3529
2018-08-22 20:25,3497
2018-08-22 20:30,3481
2018-08-22 20:35,3440
2018-08-22 20:40,3436
2018-08-22 20:45,3432
2018-08-22 20:50,3423
2018-08-22 20:55,3394
2018-08-22 21:00,3360
2018-08-22 21:05,3328
2018-08-22 21:10,3294
2018-08-22 21:15,3265
2018-08-22 21:20,3255
2018-08-22 21:25,3257
2018-08-22 21:30,3227
2018-08-22 21:35,3185
2018-08-22 21:40,3176
2018-08-22 21:45,3134
2018-08-22 21:50,3088
2018-08-22 21:55,3070
2018-08-22 22:00,3048
2018-08-22 22:05,2988
2018-08-22 22:10,2958
2018-08-22 22:15,2918
2018-08-22 22:20,2898
2018-08-22 22:25,2889
2018-08-22 22:30,2845
2018-08-22 22:35,2821
2018-08-22 22:40,2806
2018-08-22 22:45,2763
2018-08-22 22:50,2728
2018-08-22 22:55,2707
2018-08-22 23:00,2713
2018-08-22 23:05,2710
2018-08-22 23:10,2692
2018-08-22 23:15,2670
2018-08-22 23:20,2635
2018-08-22 23:25,2601
2018-08-22 23:30,2587
2018-08-22 23:35,2579
2018-08-22 23:40,2586
2018-08-22 23:45,2583
2018-08-22 23:50,2546
2018-08-22 23:55,2518
2018-08-23 00:00,2507
2018-08-23 00:05,2479
2018-08-23 00:10,2463
2018-08-23 00:15,2467
2018-08-23 00:20,2467
2018-08-23 00:25,2467
2018-08-23 00:30,2464
2018-08-23 00:35,2469
2018-08-23 00:40,2465
2018-08-23 00:45,2456
2018-08-23 00:50,2470
2018-08-23 00:55,2447
2018-08-23 01:00,2412
2018-08-23 01:05,2379
2018-08-23 01:10,2369
2018-08-23 01:15,2346
2018-08-23 01:20,2342
2018-08-23 01:25,2335
2018-08-23 01:30,2333
2018-08-23 01:35,2331
2018-08-23 01:40,2337
2018-08-23 01:45,2314
2018-08-23 01:50,2304
2018-08-23 01:55,2292
2018-08-23 02:00,2258
2018-08-23 02:05,2238
2018-08-23 02:10,2207
2018-08-23 02:15,2182
2018-08-23 02:20,2162
2018-08-23 02:25,2131
2018-08-23 02:30,2114
2018-08-23 02:35,2086
2018-08-23 02:40,2079
2018-08-23 02:45,2067
2018-08-23 02:50,2065
2018-08-23 02:55,2071
2018-08-23 03:00,2047
2018-08-23 03:05,2057
2018-08-23 03:10,2049
2018-08-23 03:15,1996
2018-08-23 03:20,1974
2018-08-23 03:25,1954
2018-08-23 03:30,1947
2018-08-23 03:35,1961
2018-08-23 03:40,1961
2018-08-23 03:45,1945
2018-08-23 03:50,1923
2018-08-23 03:55,1922
2018-08-23 04:00,1914
2018-08-23 04:05,1884
2018-08-23 04:10,1854
2018-08-23 04:15,1845
2018-08-23 04:20,1816
2018-08-23 04:25,1800
2018-08-23 04:30,1790
2018-08-23 04:35,1762
2018-08-23 04:40,1742
2018-08-23 04:45,1734
2018-08-23 04:50,1717
2018-08-23 04:55,1701
2018-08-23 05:00,1708
2018-08-23 05:05,1704
2018-08-23 05:10,1682
2018-08-23 05:15,1694
2018-08-23 05:20,1686
2018-08-23 05:25,1714
2018-08-23 05:30,1694
2018-08-23 05:35,1659
2018-08-23 05:40,1656
2018-08-23 05:45,1661
2018-08-23 05:50,1658
2018-08-23 05:55,1623
2018-08-23 06:00,1635
2018-08-23 06:05,1617
2018-08-23 06:10,1637
2018-08-23 06:15,1648
2018-08-23 06:20,1654
2018-08-23 06:25,1650
2018-08-23 06:30,1673
2018-08-23 06:35,1658
2018-08-23 06:40,1688
2018-08-23 06:45,1675
2018-08-23 06:50,1651
2018-08-23 06:55,1645
2018-08-23 07:00,1654
2018-08-23 07:05,1670
2018-08-23 07:10,1703
2018-08-23 07:15,1729
2018-08-23 07:20,1762
2018-08-23 07:25,1782
2018-08-23 07:30,1803
2018-08-23 07:35,1817
2018-08-23 07:40,1854
2018-08-23 07:45,1872
2018-08-23 07:50,1876
2018-08-23 07:55,1891
2018-08-23 08:00,1906
2018-08-23 08:05,1906
2018-08-23 08:10,1925
2018-08-23 08:15,1927
2018-08-23 08:20,1943
2018-08-23 08:25,1957
2018-08-23 08:30,1978
2018-08-23 08:35,2007
2018-08-23 08:40,1982
2018-08-23 08:45,1999
2018-08-23 08:50,2002
2018-08-23 08:55,2010
2018-08-23 09:00,2030
2018-08-23 09:05,2049
2018-08-23 09:10,2061
2018-08-23 09:15,2048
2018-08-23 09:20,2059
2018-08-23 09:25,2079
2018-08-23 09:30,2077
2018-08-23 09:35,2118
2018-08-23 09:40,2120
2018-08-23 09:45,2134
2018-08-23 09:50,2153
2018-08-23 09:55,2164
2018-08-23 10:00,2188
2018-08-23 10:05,2206
2018-08-23 10:10,2223
2018-08-23 10:15,2243
2018-08-23 10:20,2243
2018-08-23 10:25,2256
2018-08-23 10:30,2293
2018-08-23 10:35,2284
2018-08-23 10:40,2316
2018-08-23 10:45,2342
2018-08-23 10:50,2362
2018-08-23 10:55,2373
2018-08-23 11:00,2384
2018-08-23 11:05,2390
2018-08-23 11:10,2413
2018-08-23 11:15,2441
2018-08-23 11:20,2441
2018-08-23 11:25,2444
2018-08-23 11:30,2457
2018-08-23 11:35,2478
2018-08-23 11:40,2499
2018-08-23 11:45,2507
2018-08-23 11:50,2522
2018-08-23 11:55,2546
2018-08-23 12:00,2533
2018-08-23 12:05,2519
2018-08-23 12:10,2531
2018-08-23 12:15,2551
2018-08-23 12:20,2563
2018-08-23 12:25,2559
2018-08-23 12:30,2562
2018-08-23 12:35,2585
2018-08-23 12:40,2599
2018-08-23 12:45,2625
2018-08-23 12:50,2623
2018-08-23 12:55,2653
2018-08-23 13:00,2646
2018-08-23 13:05,2634
2018-08-23 13:10,2654
2018-08-23 13:15,2671
2018-08-23 13:20,2704
2018-08-23 13:25,2688
2018-08-23 13:30,2694
2018-08-23 13:35,2695
2018-08-23 13:40,2683
2018-08-23 13:45,2668
2018-08-23 13:50,2655
2018-08-23 13:55,2594
2018-08-23 14:00,2399
2018-08-23 14:05,1683
2018-08-23 14:10,1633
2018-08-23 14:15,1646
2018-08-23 14:20,1647
2018-08-23 14:25,1677
2018-08-23 14:30,1652
2018-08-23 14:35,1662
2018-08-23 14:40,1668
2018-08-23 14:45,1690
2018-08-23 14:50,1689
2018-08-23 14:55,1683
2018-08-23 15:00,1718
2018-08-23 15:05,1734
2018-08-23 15:10,1756
2018-08-23 15:15,1781
2018-08-23 15:20,1807
2018-08-23 15:25,1904
2018-08-23 15:30,2059
2018-08-23 15:35,2201
2018-08-23 15:40,2340
2018-08-23 15:45,2465
2018-08-23 15:50,2561
2018-08-23 15:55,2653
2018-08-23 16:00,2755
2018-08-23 16:05,2859
2018-08-23 16:10,2978
2018-08-23 16:15,3105
2018-08-23 16:20,3179
2018-08-23 16:25,3280
2018-08-23 16:30,3342
2018-08-23 16:35,3388
2018-08-23 16:40,3453
2018-08-23 16:45,3511
2018-08-23 16:50,3589
2018-08-23 16:55,3629
2018-08-23 17:00,3668
2018-08-23 17:05,3695
2018-08-23 17:10,3703
2018-08-23 17:15,3671
2018-08-23 17:20,3715
2018-08-23 17:25,3731
2018-08-23 17:30,3741
2018-08-23 17:35,3773
2018-08-23 17:40,3786
2018-08-23 17:45,3799
2018-08-23 17:50,3774
2018-08-23 17:55,3758
2018-08-23 18:00,3765
2018-08-23 18:05,3797
2018-08-23 18:10,3784
2018-08-23 18:15,3791
2018-08-23 18:20,3773
2018-08-23 18:25,3777
2018-08-23 18:30,3783
2018-08-23 18:35,3783
2018-08-23 18:40,3776
2018-08-23 18:45,3781
2018-08-23 18:50,3743
2018-08-23 18:55,3734
2018-08-23 19:00,3739
2018-08-23 19:05,3734
2018-08-23 19:10,3710
2018-08-23 19:15,3666
2018-08-23 19:20,3703
2018-08-23 19:25,3725
2018-08-23 19:30,3686
2018-08-23 19:35,3680
2018-08-23 19:40,3662
2018-08-23 19:45,3666
2018-08-23 19:50,3650
2018-08-23 19:55,3608
2018-08-23 20:00,3614
2018-08-23 20:05,3543
2018-08-23 20:10,3535
2018-08-23 20:15,3513
2018-08-23 20:20,3487
2018-08-23 20:25,3471
2018-08-23 20:30,3477
2018-08-23 20:35,3476
2018-08-23 20:40,3460
2018-08-23 20:45,3419
2018-08-23 20:50,3386
2018-08-23 20:55,3362
2018-08-23 21:00,3355
2018-08-23 21:05,3304
2018-08-23 21:10,3297
2018-08-23 21:15,3273
2018-08-23 21:20,3259
2018-08-23 21:25,3226
2018-08-23 21:30,3218
2018-08-23 21:35,3161
2018-08-23 21:40,3123
2018-08-23 21:45,3134
2018-08-23 21:50,3090
2018-08-23 21:55,3059
2018-08-23 22:00,3007
2018-08-23 22:05,2971
2018-08-23 22:10,2936
2018-08-23 22:15,2903
2018-08-23 22:20,2872
2018-08-23 22:25,2858
2018-08-23 22:30,2833
2018-08-23 22:35,2829
2018-08-23 22:40,2763
2018-08-23 22:45,2757
2018-08-23 22:50,2749
2018-08-23 22:55,2751
2018-08-23 23:00,2739
2018-08-23 23:05,2692
2018-08-23 23:10,2679
2018-08-23 23:15,2669
2018-08-23 23:20,2665
2018-08-23 23:25,2639
2018-08-23 23:30,2609
2018-08-23 23:35,2589
2018-08-23 23:40,2591
2018-08-23 23:45,2575
2018-08-23 23:50,2531
2018-08-23 23:55,2518
2018-08-24 00:00,2510
2018-08-24 00:05,2413
2018-08-24 00:10,2396
2018-08-24 00:15,2402
2018-08-24 00:20,2409
2018-08-24 00:25,2416
2018-08-24 00:30,2402
2018-08-24 00:35,2368
2018-08-24 00:40,2365
2018-08-24 00:45,2342
2018-08-24 00:50,2343
2018-08-24 00:55,2339
2018-08-24 01:00,2314
2018-08-24 01:05,2316
2018-08-24 01:10,2312
2018-08-24 01:15,2313
2018-08-24 01:20,2311
2018-08-24 01:25,2296
2018-08-24 01:30,2299
2018-08-24 01:35,2296
2018-08-24 01:40,2335
2018-08-24 01:45,2336
2018-08-24 01:50,2335
2018-08-24 01:55,2306
2018-08-24 02:00,2279
2018-08-24 02:05,2246
2018-08-24 02:10,2238
2018-08-24 02:15,2236
2018-08-24 02:20,2229
2018-08-24 02:25,2232
2018-08-24 02:30,2196
2018-08-24 02:35,2194
2018-08-24 02:40,2188
2018-08-24 02:45,2172
2018-08-24 02:50,2144
2018-08-24 02:55,2124
2018-08-24 03:00,2116
2018-08-24 03:05,2075
2018-08-24 03:10,2082
2018-08-24 03:15,2071
2018-08-24 03:20,2062
2018-08-24 03:25,2072
2018-08-24 03:30,2028
2018-08-24 03:35,2016
2018-08-24 03:40,2003
2018-08-24 03:45,1977
2018-08-24 03:50,1949
2018-08-24 03:55,1932
2018-08-24 04:00,1916
2018-08-24 04:05,1875
2018-08-24 04:10,1859
2018-08-24 04:15,1865
2018-08-24 04:20,1862
2018-08-24 04:25,1876
2018-08-24 04:30,1855
2018-08-24 04:35,1833
2018-08-24 04:40,1826
2018-08-24 04:45,1810
2018-08-24 04:50,1789
2018-08-24 04:55,1762
2018-08-24 05:00,1770
2018-08-24 05:05,1743
2018-08-24 05:10,1744
2018-08-24 05:15,1745
2018-08-24 05:20,1765
2018-08-24 05:25,1762
2018-08-24 05:30,1740
2018-08-24 05:35,1726
2018-08-24 05:40,1709
2018-08-24 05:45,1725
2018-08-24 05:50,1708
2018-08-24 05:55,1706
2018-08-24 06:00,1693
2018-08-24 06:05,1688
2018-08-24 06:10,1672
2018-08-24 06:15,1693
2018-08-24 06:20,1719
2018-08-24 06:25,1720
2018-08-24 06:30,1705
2018-08-24 06:35,1708
2018-08-24 06:40,1716
2018-08-24 06:45,1721
2018-08-24 06:50,1731
2018-08-24 06:55,1738
2018-08-24 07:00,1730
2018-08-24 07:05,1764
2018-08-24 07:10,1784
2018-08-24 07:15,1801
2018-08-24 07:20,1795
2018-08-24 07:25,1803
2018-08-24 07:30,1829
2018-08-24 07:35,1827
2018-08-24 07:40,1861
2018-08-24 07:45,1848
2018-08-24 07:50,1863
2018-08-24 07:55,1875
2018-08-24 08:00,1892
2018-08-24 08:05,1882
2018-08-24 08:10,1903
2018-08-24 08:15,1957
2018-08-24 08:20,1975
2018-08-24 08:25,1977
2018-08-24 08:30,2002
2018-08-24 08:35,2013
2018-08-24 08:40,2026
2018-08-24 08:45,2018
2018-08-24 08:50,2041
2018-08-24 08:55,2049
2018-08-24 09:00,2063
2018-08-24 09:05,2099
2018-08-24 09:10,2124
2018-08-24 09:15,2143
2018-08-24 09:20,2164
2018-08-24 09:25,2186
2018-08-24 09:30,2214
2018-08-24 09:35,2231
2018-08-24 09:40,2235
2018-08-24 09:45,2253
2018-08-24 09:50,2263
2018-08-24 09:55,2284
2018-08-24 10:00,2312
2018-08-24 10:05,2338
2018-08-24 10:10,2350
2018-08-24 10:15,2359
2018-08-24 10:20,2387
2018-08-24 10:25,2402
2018-08-24 10:30,2430
2018-08-24 10:35,2419
2018-08-24 10:40,2429
2018-08-24 10:45,2426
2018-08-24 10:50,2438
2018-08-24 10:55,2449
2018-08-24 11:00,2440
2018-08-24 11:05,2453
2018-08-24 11:10,2509
2018-08-24 11:15,2509
2018-08-24 11:20,2511
2018-08-24 11:25,2515
2018-08-24 11:30,2540
2018-08-24 11:35,2586
2018-08-24 11:40,2570
2018-08-24 11:45,2589
2018-08-24 11:50,2592
2018-08-24 11:55,2603
2018-08-24 12:00,2630
2018-08-24 12:05,2618
2018-08-24 12:10,2654
2018-08-24 12:15,2661
2018-08-24 12:20,2708
2018-08-24 12:25,2701
2018-08-24 12:30,2729
2018-08-24 12:35,2726
2018-08-24 12:40,2733
2018-08-24 12:45,2738
2018-08-24 12:50,2756
2018-08-24 12:55,2776
2018-08-24 13:00,2786
2018-08-24 13:05,2809
2018-08-24 13:10,2828
2018-08-24 13:15,2828
2018-08-24 13:20,2839
2018-08-24 13:25,2857
2018-08-24 13:30,2866
2018-08-24 13:35,2872
2018-08-24 13:40,2879
2018-08-24 13:45,2886
2018-08-24 13:50,2904
2018-08-24 13:55,2920
2018-08-24 14:00,2925
2018-08-24 14:05,2980
2018-08-24 14:10,2999
2018-08-24 14:15,3005
2018-08-24 14:20,3036
2018-08-24 14:25,3028
2018-08-24 14:30,3041
2018-08-24 14:35,3025
2018-08-24 14:40,3048
2018-08-24 14:45,3043
2018-08-24 14:50,3054
2018-08-24 14:55,3071
2018-08-24 15:00,3062
2018-08-24 15:05,3095
2018-08-24 15:10,3111
2018-08-24 15:15,3115
2018-08-24 15:20,3129
2018-08-24 15:25,3148
2018-08-24 15:30,3150
2018-08-24 15:35,3186
2018-08-24 15:40,3195
2018-08-24 15:45,3185
2018-08-24 15:50,3208
2018-08-24 15:55,3203
2018-08-24 16:00,3216
2018-08-24 16:05,3224
2018-08-24 16:10,3258
2018-08-24 16:15,3273
2018-08-24 16:20,3306
2018-08-24 16:25,3339
2018-08-24 16:30,3361
2018-08-24 16:35,3375
2018-08-24 16:40,3379
2018-08-24 16:45,3404
2018-08-24 16:50,3448
2018-08-24 16:55,3430
2018-08-24 17:00,3437
2018-08-24 17:05,3416
2018-08-24 17:10,3424
2018-08-24 17:15,3415
2018-08-24 17:20,3451
2018-08-24 17:25,3464
2018-08-24 17:30,3475
2018-08-24 17:35,3485
2018-08-24 17:40,3489
2018-08-24 17:45,3467
2018-08-24 17:50,3495
2018-08-24 17:55,3490
2018-08-24 18:00,3489
2018-08-24 18:05,3499
2018-08-24 18:10,3504
2018-08-24 18:15,3547
2018-08-24 18:20,3552
2018-08-24 18:25,3527
2018-08-24 18:30,3531
2018-08-24 18:35,3528
2018-08-24 18:40,3561
2018-08-24 18:45,3557
2018-08-24 18:50,3545
2018-08-24 18:55,3560
2018-08-24 19:00,3578
2018-08-24 19:05,3588
2018-08-24 19:10,3588
2018-08-24 19:15,3596
2018-08-24 19:20,3584
2018-08-24 19:25,3596
2018-08-24 19:30,3592
2018-08-24 19:35,3582
2018-08-24 19:40,3570
2018-08-24 19:45,3552
2018-08-24 19:50,3536
2018-08-24 19:55,3531
2018-08-24 20:00,3526
2018-08-24 20:05,3492
2018-08-24 20:10,3471
2018-08-24 20:15,3471
2018-08-24 20:20,3476
2018-08-24 20:25,3466
2018-08-24 20:30,3438
2018-08-24 20:35,3445
2018-08-24 20:40,3436
2018-08-24 20:45,3443
2018-08-24 20:50,3426
2018-08-24 20:55,3402
2018-08-24 21:00,3371
2018-08-24 21:05,3332
2018-08-24 21:10,3322
2018-08-24 21:15,3321
2018-08-24 21:20,3297
2018-08-24 21:25,3296
2018-08-24 21:30,3268
2018-08-24 21:35,3238
2018-08-24 21:40,3204
2018-08-24 21:45,3162
2018-08-24 21:50,3141
2018-08-24 21:55,3123
2018-08-24 22:00,3101
2018-08-24 22:05,3084
2018-08-24 22:10,3047
2018-08-24 22:15,3030
2018-08-24 22:20,2959
2018-08-24 22:25,2925
2018-08-24 22:30,2927
2018-08-24 22:35,2904
2018-08-24 22:40,2877
2018-08-24 22:45,2837
2018-08-24 22:50,2805
2018-08-24 22:55,2770
2018-08-24 23:00,2736
2018-08-24 23:05,2748
2018-08-24 23:10,2730
2018-08-24 23:15,2710
2018-08-24 23:20,2698
2018-08-24 23:25,2668
2018-08-24 23:30,2663
2018-08-24 23:35,2660
2018-08-24 23:40,2637
2018-08-24 23:45,2626
2018-08-24 23:50,2634
2018-08-24 23:55,2647
2018-08-25 00:00,2627
2018-08-25 00:05,2590
2018-08-25 00:10,2558
2018-08-25 00:15,2543
2018-08-25 00:20,2522
2018-08-25 00:25,2537
2018-08-25 00:30,2513
2018-08-25 00:35,2507
2018-08-25 00:40,2501
2018-08-25 00:45,2474
2018-08-25 00:50,2472
2018-08-25 00:55,2469
2018-08-25 01:00,2458
2018-08-25 01:05,2446
2018-08-25 01:10,2408
2018-08-25 01:15,2411
2018-08-25 01:20,2403
2018-08-25 01:25,2399
2018-08-25 01:30,2403
2018-08-25 01:35,2397
2018-08-25 01:40,2375
2018-08-25 01:45,2374
2018-08-25 01:50,2382
2018-08-25 01:55,2379
2018-08-25 02:00,2336
2018-08-25 02:05,2314
2018-08-25 02:10,2309
2018-08-25 02:15,2317
2018-08-25 02:20,2298
2018-08-25 02:25,2299
2018-08-25 02:30,2306
2018-08-25 02:35,2287
2018-08-25 02:40,2261
2018-08-25 02:45,2252
2018-08-25 02:50,2252
2018-08-25 02:55,2243
2018-08-25 03:00,2221
2018-08-25 03:05,2198
2018-08-25 03:10,2196
2018-08-25 03:15,2175
2018-08-25 03:20,2173
2018-08-25 03:25,2160
2018-08-25 03:30,2164
2018-08-25 03:35,2174
2018-08-25 03:40,2164
2018-08-25 03:45,2157
2018-08-25 03:50,2160
2018-08-25 03:55,2126
2018-08-25 04:00,2112
2018-08-25 04:05,2081
2018-08-25 04:10,2087
2018-08-25 04:15,2097
2018-08-25 04:20,2082
2018-08-25 04:25,2060
2018-08-25 04:30,2064
2018-08-25 04:35,2067
2018-08-25 04:40,2019
2018-08-25 04:45,2036
2018-08-25 04:50,2010
2018-08-25 04:55,2000
2018-08-25 05:00,1975
2018-08-25 05:05,1968
2018-08-25 05:10,1961
2018-08-25 05:15,1929
2018-08-25 05:20,1923
2018-08-25 05:25,1930
2018-08-25 05:30,1931
2018-08-25 05:35,1925
2018-08-25 05:40,1941
2018-08-25 05:45,1946
2018-08-25 05:50,1945
2018-08-25 05:55,1946
2018-08-25 06:00,1931
2018-08-25 06:05,1942
2018-08-25 06:10,1935
2018-08-25 06:15,1942
2018-08-25 06:20,1912
2018-08-25 06:25,1909
2018-08-25 06:30,1909
2018-08-25 06:35,1939
2018-08-25 06:40,1950
2018-08-25 06:45,1950
2018-08-25 06:50,1964
2018-08-25 06:55,1973
2018-08-25 07:00,1988
2018-08-25 07:05,2007
2018-08-25 07:10,2014
2018-08-25 07:15,2024
2018-08-25 07:20,2029
2018-08-25 07:25,2065
2018-08-25 07:30,2093
2018-08-25 07:35,2093
2018-08-25 07:40,2110
2018-08-25 07:45,2112
2018-08-25 07:50,2122
2018-08-25 07:55,2120
2018-08-25 08:00,2142
2018-08-25 08:05,2161
2018-08-25 08:10,2217
2018-08-25 08:15,2224
2018-08-25 08:20,2211
2018-08-25 08:25,2217
2018-08-25 08:30,2243
2018-08-25 08:35,2264
2018-08-25 08:40,2295
2018-08-25 08:45,2313
2018-08-25 08:50,2322
2018-08-25 08:55,2335
2018-08-25 09:00,2305
2018-08-25 09:05,2338
2018-08-25 09:10,2362
2018-08-25 09:15,2405
2018-08-25 09:20,2425
2018-08-25 09:25,2473
2018-08-25 09:30,2503
2018-08-25 09:35,2512
2018-08-25 09:40,2527
2018-08-25 09:45,2580
2018-08-25 09:50,2604
2018-08-25 09:55,2610
2018-08-25 10:00,2638
2018-08-25 10:05,2672
2018-08-25 10:10,2675
2018-08-25 10:15,2689
2018-08-25 10:20,2719
2018-08-25 10:25,2730
2018-08-25 10:30,2747
2018-08-25 10:35,2764
2018-08-25 10:40,2796
2018-08-25 10:45,2818
2018-08-25 10:50,2857
2018-08-25 10:55,2863
2018-08-25 11:00,2859
2018-08-25 11:05,2856
2018-08-25 11:10,2898
2018-08-25 11:15,2896
2018-08-25 11:20,2933
2018-08-25 11:25,2944
2018-08-25 11:30,2954
2018-08-25 11:35,2977
2018-08-25 11:40,2999
2018-08-25 11:45,3011
2018-08-25 11:50,3032
2018-08-25 11:55,3065
2018-08-25 12:00,3090
2018-08-25 12:05,3088
2018-08-25 12:10,3155
2018-08-25 12:15,3178
2018-08-25 12:20,3225
2018-08-25 12:25,3240
2018-08-25 12:30,3266
2018-08-25 12:35,3274
2018-08-25 12:40,3303
2018-08-25 12:45,3336
2018-08-25 12:50,3358
2018-08-25 12:55,3383
2018-08-25 13:00,3376
2018-08-25 13:05,3396
2018-08-25 13:10,3386
2018-08-25 13:15,3387
2018-08-25 13:20,3403
2018-08-25 13:25,3398
2018-08-25 13:30,3397
2018-08-25 13:35,3404
2018-08-25 13:40,3412
2018-08-25 13:45,3434
2018-08-25 13:50,3474
2018-08-25 13:55,3505
2018-08-25 14:00,3562
2018-08-25 14:05,3538
2018-08-25 14:10,3575
2018-08-25 14:15,3579
2018-08-25 14:20,3606
2018-08-25 14:25,3620
2018-08-25 14:30,3663
2018-08-25 14:35,3679
2018-08-25 14:40,3671
2018-08-25 14:45,3698
2018-08-25 14:50,3742
2018-08-25 14:55,3741
2018-08-25 15:00,3755
2018-08-25 15:05,3757
2018-08-25 15:10,3780
2018-08-25 15:15,3798
2018-08-25 15:20,3820
2018-08-25 15:25,3817
2018-08-25 15:30,3842
2018-08-25 15:35,3832
2018-08-25 15:40,3859
2018-08-25 15:45,3842
2018-08-25 15:50,3874
2018-08-25 15:55,3892
2018-08-25 16:00,3867
2018-08-25 16:05,3849
2018-08-25 16:10,3833
2018-08-25 16:15,3840
2018-08-25 16:20,3838
2018-08-25 16:25,3840
2018-08-25 16:30,3880
2018-08-25 16:35,3887
2018-08-25 16:40,3920
2018-08-25 16:45,3921
2018-08-25 16:50,3900
2018-08-25 16:55,3917
2018-08-25 17:00,3929
2018-08-25 17:05,3951
2018-08-25 17:10,3956
2018-08-25 17:15,3967
2018-08-25 17:20,3981
2018-08-25 17:25,3993
2018-08-25 17:30,3979
2018-08-25 17:35,3981
2018-08-25 17:40,3956
2018-08-25 17:45,3986
2018-08-25 17:50,3971
2018-08-25 17:55,3965
2018-08-25 18:00,3932
2018-08-25 18:05,3951
2018-08-25 18:10,3972
2018-08-25 18:15,3978
2018-08-25 18:20,4012
2018-08-25 18:25,4032
2018-08-25 18:30,4082
2018-08-25 18:35,4102
2018-08-25 18:40,4120
2018-08-25 18:45,4116
2018-08-25 18:50,4119
2018-08-25 18:55,4126
2018-08-25 19:00,4140
2018-08-25 19:05,4129
2018-08-25 19:10,4148
2018-08-25 19:15,4138
2018-08-25 19:20,4137
2018-08-25 19:25,4116
2018-08-25 19:30,4102
2018-08-25 19:35,4018
2018-08-25 19:40,4014
2018-08-25 19:45,4010
2018-08-25 19:50,3991
2018-08-25 19:55,4021
2018-08-25 20:00,4046
2018-08-25 20:05,4025
2018-08-25 20:10,4007
2018-08-25 20:15,3990
2018-08-25 20:20,3984
2018-08-25 20:25,3967
2018-08-25 20:30,3965
2018-08-25 20:35,3979
2018-08-25 20:40,3948
2018-08-25 20:45,3939
2018-08-25 20:50,3937
2018-08-25 20:55,3922
2018-08-25 21:00,3884
2018-08-25 21:05,3865
2018-08-25 21:10,3855
2018-08-25 21:15,3810
2018-08-25 21:20,3784
2018-08-25 21:25,3779
2018-08-25 21:30,3749
2018-08-25 21:35,3723
2018-08-25 21:40,3721
2018-08-25 21:45,3685
2018-08-25 21:50,3648
2018-08-25 21:55,3620
2018-08-25 22:00,3562
2018-08-25 22:05,3529
2018-08-25 22:10,3498
2018-08-25 22:15,3440
2018-08-25 22:20,3405
2018-08-25 22:25,3389
2018-08-25 22:30,3359
2018-08-25 22:35,3336
2018-08-25 22:40,3315
2018-08-25 22:45,3285
2018-08-25 22:50,3243
2018-08-25 22:55,3212
2018-08-25 23:00,3177
2018-08-25 23:05,3142
2018-08-25 23:10,3129
2018-08-25 23:15,3112
2018-08-25 23:20,3091
2018-08-25 23:25,3041
2018-08-25 23:30,3005
2018-08-25 23:35,3000
2018-08-25 23:40,2954
2018-08-25 23:45,2926
2018-08-25 23:50,2923
2018-08-25 23:55,2897
2018-08-26 00:00,2901
2018-08-26 00:05,2857
2018-08-26 00:10,2828
2018-08-26 00:15,2812
2018-08-26 00:20,2787
2018-08-26 00:25,2787
2018-08-26 00:30,2765
2018-08-26 00:35,2751
2018-08-26 00:40,2754
2018-08-26 00:45,2718
2018-08-26 00:50,2704
2018-08-26 00:55,2686
2018-08-26 01:00,2670
2018-08-26 01:05,2634
2018-08-26 01:10,2628
2018-08-26 01:15,2629
2018-08-26 01:20,2603
2018-08-26 01:25,2608
2018-08-26 01:30,2593
2018-08-26 01:35,2597
2018-08-26 01:40,2608
2018-08-26 01:45,2566
2018-08-26 01:50,2553
2018-08-26 01:55,2550
2018-08-26 02:00,2520
2018-08-26 02:05,2522
2018-08-26 02:10,2504
2018-08-26 02:15,2498
2018-08-26 02:20,2483
2018-08-26 02:25,2452
2018-08-26 02:30,2442
2018-08-26 02:35,2441
2018-08-26 02:40,2439
2018-08-26 02:45,2426
2018-08-26 02:50,2423
2018-08-26 02:55,2402
2018-08-26 03:00,2371
2018-08-26 03:05,2374
2018-08-26 03:10,2351
2018-08-26 03:15,2349
2018-08-26 03:20,2334
2018-08-26 03:25,2335
2018-08-26 03:30,2312
2018-08-26 03:35,2295
2018-08-26 03:40,2252
2018-08-26 03:45,2238
2018-08-26 03:50,2231
2018-08-26 03:55,2215
2018-08-26 04:00,2218
2018-08-26 04:05,2193
2018-08-26 04:10,2188
2018-08-26 04:15,2170
2018-08-26 04:20,2157
2018-08-26 04:25,2163
2018-08-26 04:30,2161
2018-08-26 04:35,2170
2018-08-26 04:40,2166
2018-08-26 04:45,2139
2018-08-26 04:50,2142
2018-08-26 04:55,2144
2018-08-26 05:00,2134
2018-08-26 05:05,2126
2018-08-26 05:10,2132
2018-08-26 05:15,2097
2018-08-26 05:20,2091
2018-08-26 05:25,2081
2018-08-26 05:30,2082
2018-08-26 05:35,2082
2018-08-26 05:40,2094
2018-08-26 05:45,2082
2018-08-26 05:50,2056
2018-08-26 05:55,2085
2018-08-26 06:00,2079
2018-08-26 06:05,2073
2018-08-26 06:10,2066
2018-08-26 06:15,2069
2018-08-26 06:20,2093
2018-08-26 06:25,2093
2018-08-26 06:30,2103
2018-08-26 06:35,2134
2018-08-26 06:40,2137
2018-08-26 06:45,2152
2018-08-26 06:50,2138
2018-08-26 06:55,2139
2018-08-26 07:00,2158
2018-08-26 07:05,2165
2018-08-26 07:10,2162
2018-08-26 07:15,2180
2018-08-26 07:20,2206
2018-08-26 07:25,2216
2018-08-26 07:30,2258
2018-08-26 07:35,2270
2018-08-26 07:40,2281
2018-08-26 07:45,2292
2018-08-26 07:50,2302
2018-08-26 07:55,2333
2018-08-26 08:00,2344
2018-08-26 08:05,2341
2018-08-26 08:10,2377
2018-08-26 08:15,2409
2018-08-26 08:20,2439
2018-08-26 08:25,2471
2018-08-26 08:30,2502
2018-08-26 08:35,2535
2018-08-26 08:40,2550
2018-08-26 08:45,2557
2018-08-26 08:50,2589
2018-08-26 08:55,2611
2018-08-26 09:00,2638
2018-08-26 09:05,2668
2018-08-26 09:10,2697
2018-08-26 09:15,2709
2018-08-26 09:20,2750
2018-08-26 09:25,2780
2018-08-26 09:30,2786
2018-08-26 09:35,2827
2018-08-26 09:40,2850
2018-08-26 09:45,2888
2018-08-26 09:50,2921
2018-08-26 09:55,2948
2018-08-26 10:00,2989
2018-08-26 10:05,3046
2018-08-26 10:10,3091
2018-08-26 10:15,3123
2018-08-26 10:20,3133
2018-08-26 10:25,3131
2018-08-26 10:30,3148
2018-08-26 10:35,3155
2018-08-26 10:40,3173
2018-08-26 10:45,3178
2018-08-26 10:50,3169
2018-08-26 10:55,3208
2018-08-26 11:00,3235
2018-08-26 11:05,3227
2018-08-26 11:10,3243
2018-08-26 11:15,3236
2018-08-26 11:20,3260
2018-08-26 11:25,3291
2018-08-26 11:30,3318
2018-08-26 11:35,3337
2018-08-26 11:40,3352
2018-08-26 11:45,3372
2018-08-26 11:50,3393
2018-08-26 11:55,3384
2018-08-26 12:00,3392
2018-08-26 12:05,3405
2018-08-26 12:10,3426
2018-08-26 12:15,3447
2018-08-26 12:20,3486
2018-08-26 12:25,3503
2018-08-26 12:30,3528
2018-08-26 12:35,3545
2018-08-26 12:40,3559
2018-08-26 12:45,3553
2018-08-26 12:50,3590
2018-08-26 12:55,3616
2018-08-26 13:00,3636
2018-08-26 13:05,3635
2018-08-26 13:10,3671
2018-08-26 13:15,3704
2018-08-26 13:20,3740
2018-08-26 13:25,3747
2018-08-26 13:30,3759
2018-08-26 13:35,3815
2018-08-26 13:40,3837
2018-08-26 13:45,3866
2018-08-26 13:50,3893
2018-08-26 13:55,3917
2018-08-26 14:00,3916
2018-08-26 14:05,3906
2018-08-26 14:10,3926
2018-08-26 14:15,3952
2018-08-26 14:20,3951
2018-08-26 14:25,4000
2018-08-26 14:30,3980
2018-08-26 14:35,3981
2018-08-26 14:40,4035
2018-08-26 14:45,4038
2018-08-26 14:50,4041
2018-08-26 14:55,4063
2018-08-26 15:00,4100
2018-08-26 15:05,4130
2018-08-26 15:10,4153
2018-08-26 15:15,4188
2018-08-26 15:20,4187
2018-08-26 15:25,4216
2018-08-26 15:30,4218
2018-08-26 15:35,4231
2018-08-26 15:40,4241
2018-08-26 15:45,4263
2018-08-26 15:50,4288
2018-08-26 15:55,4326
2018-08-26 16:00,4333
2018-08-26 16:05,4349
2018-08-26 16:10,4329
2018-08-26 16:15,4335
2018-08-26 16:20,4357
2018-08-26 16:25,4331
2018-08-26 16:30,4330
2018-08-26 16:35,4364
2018-08-26 16:40,4367
2018-08-26 16:45,4369
2018-08-26 16:50,4400
2018-08-26 16:55,4409
2018-08-26 17:00,4395
2018-08-26 17:05,4384
2018-08-26 17:10,4389
2018-08-26 17:15,4434
2018-08-26 17:20,4418
2018-08-26 17:25,4402
2018-08-26 17:30,4377
2018-08-26 17:35,4364
2018-08-26 17:40,4358
2018-08-26 17:45,4360
2018-08-26 17:50,4330
2018-08-26 17:55,4315
2018-08-26 18:00,4345
2018-08-26 18:05,4339
2018-08-26 18:10,4328
2018-08-26 18:15,4344
2018-08-26 18:20,4359
2018-08-26 18:25,4404
2018-08-26 18:30,4430
2018-08-26 18:35,4427
2018-08-26 18:40,4444
2018-08-26 18:45,4443
2018-08-26 18:50,4438
2018-08-26 18:55,4386
2018-08-26 19:00,4374
2018-08-26 19:05,4372
2018-08-26 19:10,4356
2018-08-26 19:15,4336
2018-08-26 19:20,4349
2018-08-26 19:25,4326
2018-08-26 19:30,4304
2018-08-26 19:35,4258
2018-08-26 19:40,4254
2018-08-26 19:45,4249
2018-08-26 19:50,4254
2018-08-26 19:55,4251
2018-08-26 20:00,4244
2018-08-26 20:05,4223
2018-08-26 20:10,4174
2018-08-26 20:15,4153
2018-08-26 20:20,4124
2018-08-26 20:25,4100
2018-08-26 20:30,4086
2018-08-26 20:35,4060
2018-08-26 20:40,4036
2018-08-26 20:45,4001
2018-08-26 20:50,3972
2018-08-26 20:55,3926
2018-08-26 21:00,3867
2018-08-26 21:05,3873
2018-08-26 21:10,3826
2018-08-26 21:15,3771
2018-08-26 21:20,3764
2018-08-26 21:25,3704
2018-08-26 21:30,3684
2018-08-26 21:35,3659
2018-08-26 21:40,3620
2018-08-26 21:45,3592
2018-08-26 21:50,3524
2018-08-26 21:55,3485
2018-08-26 22:00,3444
2018-08-26 22:05,3418
2018-08-26 22:10,3383
2018-08-26 22:15,3323
2018-08-26 22:20,3296
2018-08-26 22:25,3266
2018-08-26 22:30,3241
2018-08-26 22:35,3236
2018-08-26 22:40,3211
2018-08-26 22:45,3196
2018-08-26 22:50,3177
2018-08-26 22:55,3138
2018-08-26 23:00,3113
2018-08-26 23:05,3104
2018-08-26 23:10,3091
2018-08-26 23:15,3079
2018-08-26 23:20,3065
2018-08-26 23:25,3014
2018-08-26 23:30,3009
2018-08-26 23:35,2993
2018-08-26 23:40,2960
2018-08-26 23:45,2937
2018-08-26 23:50,2929
2018-08-26 23:55,2924
2018-08-27 00:00,2909
2018-08-27 00:05,2881
2018-08-27 00:10,2894
2018-08-27 00:15,2899
2018-08-27 00:20,2872
2018-08-27 00:25,2871
2018-08-27 00:30,2864
2018-08-27 00:35,2853
2018-08-27 00:40,2836
2018-08-27 00:45,2814
2018-08-27 00:50,2786
2018-08-27 00:55,2788
2018-08-27 01:00,2771
2018-08-27 01:05,2755
2018-08-27 01:10,2744
2018-08-27 01:15,2711
2018-08-27 01:20,2716
2018-08-27 01:25,2712
2018-08-27 01:30,2678
2018-08-27 01:35,2646
2018-08-27 01:40,2637
2018-08-27 01:45,2634
2018-08-27 01:50,2606
2018-08-27 01:55,2573
2018-08-27 02:00,2553
2018-08-27 02:05,2505
2018-08-27 02:10,2488
2018-08-27 02:15,2463
2018-08-27 02:20,2439
2018-08-27 02:25,2404
2018-08-27 02:30,2386
2018-08-27 02:35,2352
2018-08-27 02:40,2337
2018-08-27 02:45,2304
2018-08-27 02:50,2266
2018-08-27 02:55,2248
2018-08-27 03:00,2225
2018-08-27 03:05,2200
2018-08-27 03:10,2178
2018-08-27 03:15,2168
2018-08-27 03:20,2129
2018-08-27 03:25,2135
2018-08-27 03:30,2116
2018-08-27 03:35,2097
2018-08-27 03:40,2071
2018-08-27 03:45,2055
2018-08-27 03:50,2042
2018-08-27 03:55,2011
2018-08-27 04:00,1988
2018-08-27 04:05,1947
2018-08-27 04:10,1933
2018-08-27 04:15,1907
2018-08-27 04:20,1876
2018-08-27 04:25,1885
2018-08-27 04:30,1873
2018-08-27 04:35,1859
2018-08-27 04:40,1841
2018-08-27 04:45,1826
2018-08-27 04:50,1817
2018-08-27 04:55,1799
2018-08-27 05:00,1763
2018-08-27 05:05,1762
2018-08-27 05:10,1767
2018-08-27 05:15,1766
2018-08-27 05:20,1747
2018-08-27 05:25,1769
2018-08-27 05:30,1752
2018-08-27 05:35,1745
2018-08-27 05:40,1738
2018-08-27 05:45,1743
2018-08-27 05:50,1714
2018-08-27 05:55,1724
2018-08-27 06:00,1715
2018-08-27 06:05,1712
2018-08-27 06:10,1706
2018-08-27 06:15,1700
2018-08-27 06:20,1706
2018-08-27 06:25,1696
2018-08-27 06:30,1687
2018-08-27 06:35,1685
2018-08-27 06:40,1689
2018-08-27 06:45,1683
2018-08-27 06:50,1687
2018-08-27 06:55,1685
2018-08-27 07:00,1691
2018-08-27 07:05,1715
2018-08-27 07:10,1714
2018-08-27 07:15,1727
2018-08-27 07:20,1747
2018-08-27 07:25,1759
2018-08-27 07:30,1786
2018-08-27 07:35,1807
2018-08-27 07:40,1815
2018-08-27 07:45,1844
2018-08-27 07:50,1844
2018-08-27 07:55,1822
2018-08-27 08:00,1856
2018-08-27 08:05,1886
2018-08-27 08:10,1907
2018-08-27 08:15,1927
2018-08-27 08:20,1927
2018-08-27 08:25,1958
2018-08-27 08:30,1986
2018-08-27 08:35,1978
2018-08-27 08:40,2016
2018-08-27 08:45,2027
2018-08-27 08:50,2046
2018-08-27 08:55,2057
2018-08-27 09:00,2095
2018-08-27 09:05,2117
2018-08-27 09:10,2129
2018-08-27 09:15,2165
2018-08-27 09:20,2171
2018-08-27 09:25,2160
2018-08-27 09:30,2179
2018-08-27 09:35,2207
2018-08-27 09:40,2226
2018-08-27 09:45,2264
2018-08-27 09:50,2275
2018-08-27 09:55,2270
2018-08-27 10:00,2315
2018-08-27 10:05,2366
2018-08-27 10:10,2390
2018-08-27 10:15,2428
2018-08-27 10:20,2453
2018-08-27 10:25,2452
2018-08-27 10:30,2467
2018-08-27 10:35,2492
2018-08-27 10:40,2500
2018-08-27 10:45,2523
2018-08-27 10:50,2557
2018-08-27 10:55,2567
2018-08-27 11:00,2578
2018-08-27 11:05,2594
2018-08-27 11:10,2596
2018-08-27 11:15,2581
2018-08-27 11:20,2588
2018-08-27 11:25,2580
2018-08-27 11:30,2592
2018-08-27 11:35,2617
2018-08-27 11:40,2627
2018-08-27 11:45,2653
2018-08-27 11:50,2669
2018-08-27 11:55,2676
2018-08-27 12:00,2687
2018-08-27 12:05,2711
2018-08-27 12:10,2726
2018-08-27 12:15,2723
2018-08-27 12:20,2757
2018-08-27 12:25,2789
2018-08-27 12:30,0
2018-08-27 12:35,0
2018-08-27 12:40,2819
2018-08-27 12:45,2847
2018-08-27 12:50,2863
2018-08-27 12:55,2871
2018-08-27 13:00,2910
2018-08-27 13:05,2908
2018-08-27 13:10,2930
2018-08-27 13:15,2961
2018-08-27 13:20,2980
2018-08-27 13:25,2999
2018-08-27 13:30,3032
2018-08-27 13:35,3049
2018-08-27 13:40,3064
2018-08-27 13:45,3045
2018-08-27 13:50,3065
2018-08-27 13:55,3079
2018-08-27 14:00,3064
2018-08-27 14:05,3063
2018-08-27 14:10,3083
2018-08-27 14:15,3133
2018-08-27 14:20,3165
2018-08-27 14:25,3179
2018-08-27 14:30,3187
2018-08-27 14:35,3213
2018-08-27 14:40,3199
2018-08-27 14:45,3248
2018-08-27 14:50,3269
2018-08-27 14:55,3291
2018-08-27 15:00,3315
2018-08-27 15:05,3306
2018-08-27 15:10,3331
2018-08-27 15:15,3310
2018-08-27 15:20,3337
2018-08-27 15:25,3345
2018-08-27 15:30,3381
2018-08-27 15:35,3391
2018-08-27 15:40,3434
2018-08-27 15:45,3436
2018-08-27 15:50,3480
2018-08-27 15:55,3477
2018-08-27 16:00,3507
2018-08-27 16:05,3514
2018-08-27 16:10,3525
2018-08-27 16:15,3503
2018-08-27 16:20,3571
2018-08-27 16:25,3595
2018-08-27 16:30,3572
2018-08-27 16:35,3589
2018-08-27 16:40,3621
2018-08-27 16:45,3595
2018-08-27 16:50,3630
2018-08-27 16:55,3619
2018-08-27 17:00,3648
2018-08-27 17:05,3660
2018-08-27 17:10,3678
2018-08-27 17:15,3702
2018-08-27 17:20,3749
2018-08-27 17:25,3734
2018-08-27 17:30,3756
2018-08-27 17:35,3756
2018-08-27 17:40,3766
2018-08-27 17:45,3762
2018-08-27 17:50,3753
2018-08-27 17:55,3791
2018-08-27 18:00,3815
2018-08-27 18:05,2185
2018-08-27 18:10,3171
2018-08-27 18:15,2686
2018-08-27 18:20,3724
2018-08-27 18:25,3804
2018-08-27 18:30,3821
2018-08-27 18:35,3839
2018-08-27 18:40,3849
2018-08-27 18:45,3846
2018-08-27 18:50,3843
2018-08-27 18:55,3859
2018-08-27 19:00,3895
2018-08-27 19:05,3924
2018-08-27 19:10,3930
2018-08-27 19:15,3931
2018-08-27 19:20,3936
2018-08-27 19:25,3922
2018-08-27 19:30,3901
2018-08-27 19:35,3883
2018-08-27 19:40,3886
2018-08-27 19:45,3884
2018-08-27 19:50,3881
2018-08-27 19:55,3844
2018-08-27 20:00,3825
2018-08-27 20:05,3794
2018-08-27 20:10,3772
2018-08-27 20:15,3750
2018-08-27 20:20,3741
2018-08-27 20:25,3733
2018-08-27 20:30,3735
2018-08-27 20:35,3731
2018-08-27 20:40,3686
2018-08-27 20:45,3679
2018-08-27 20:50,3659
2018-08-27 20:55,3620
2018-08-27 21:00,3587
2018-08-27 21:05,3539
2018-08-27 21:10,3496
2018-08-27 21:15,3461
2018-08-27 21:20,3403
2018-08-27 21:25,3371
2018-08-27 21:30,3317
2018-08-27 21:35,3300
2018-08-27 21:40,3244
2018-08-27 21:45,3233
2018-08-27 21:50,3195
2018-08-27 21:55,3159
2018-08-27 22:00,3129
2018-08-27 22:05,3105
2018-08-27 22:10,3070
2018-08-27 22:15,3034
2018-08-27 22:20,3013
2018-08-27 22:25,2967
2018-08-27 22:30,2929
2018-08-27 22:35,2905
2018-08-27 22:40,2861
2018-08-27 22:45,2850
2018-08-27 22:50,2833
2018-08-27 22:55,2834
2018-08-27 23:00,2829
2018-08-27 23:05,2823
2018-08-27 23:10,2823
2018-08-27 23:15,2827
2018-08-27 23:20,2819
2018-08-27 23:25,2799
2018-08-27 23:30,2790
2018-08-27 23:35,2767
2018-08-27 23:40,2727
2018-08-27 23:45,2704
2018-08-27 23:50,2682
2018-08-27 23:55,2667
2018-08-28 00:00,2654
2018-08-28 00:05,2652
2018-08-28 00:10,2637
2018-08-28 00:15,2633
2018-08-28 00:20,2644
2018-08-28 00:25,2649
2018-08-28 00:30,2664
2018-08-28 00:35,2655
2018-08-28 00:40,2612
2018-08-28 00:45,2579
2018-08-28 00:50,2562
2018-08-28 00:55,2530
2018-08-28 01:00,2548
2018-08-28 01:05,2551
2018-08-28 01:10,2540
2018-08-28 01:15,2521
2018-08-28 01:20,2521
2018-08-28 01:25,2516
2018-08-28 01:30,2515
2018-08-28 01:35,2493
2018-08-28 01:40,2473
2018-08-28 01:45,2476
2018-08-28 01:50,2426
2018-08-28 01:55,2405
2018-08-28 02:00,2400
2018-08-28 02:05,2397
2018-08-28 02:10,2341
2018-08-28 02:15,2324
2018-08-28 02:20,2306
2018-08-28 02:25,2296
2018-08-28 02:30,2265
2018-08-28 02:35,2261
2018-08-28 02:40,2216
2018-08-28 02:45,2189
2018-08-28 02:50,2172
2018-08-28 02:55,2168
2018-08-28 03:00,2137
2018-08-28 03:05,2101
2018-08-28 03:10,2087
2018-08-28 03:15,2071
2018-08-28 03:20,2052
2018-08-28 03:25,2034
2018-08-28 03:30,2023
2018-08-28 03:35,2029
2018-08-28 03:40,1990
2018-08-28 03:45,1966
2018-08-28 03:50,1933
2018-08-28 03:55,1915
2018-08-28 04:00,1906
2018-08-28 04:05,1865
2018-08-28 04:10,1837
2018-08-28 04:15,1834
2018-08-28 04:20,1830
2018-08-28 04:25,1812
2018-08-28 04:30,1806
2018-08-28 04:35,1807
2018-08-28 04:40,1794
2018-08-28 04:45,1782
2018-08-28 04:50,1780
2018-08-28 04:55,1763
2018-08-28 05:00,1748
2018-08-28 05:05,1729
2018-08-28 05:10,1718
2018-08-28 05:15,1705
2018-08-28 05:20,1698
2018-08-28 05:25,1708
2018-08-28 05:30,1698
2018-08-28 05:35,1706
2018-08-28 05:40,1687
2018-08-28 05:45,1683
2018-08-28 05:50,1682
2018-08-28 05:55,1679
2018-08-28 06:00,1682
2018-08-28 06:05,1675
2018-08-28 06:10,1693
2018-08-28 06:15,1694
2018-08-28 06:20,1690
2018-08-28 06:25,1692
2018-08-28 06:30,1691
2018-08-28 06:35,1707
2018-08-28 06:40,1704
2018-08-28 06:45,1697
2018-08-28 06:50,1693
2018-08-28 06:55,1681
2018-08-28 07:00,1675
2018-08-28 07:05,1713
2018-08-28 07:10,1729
2018-08-28 07:15,1744
2018-08-28 07:20,1757
2018-08-28 07:25,1759
2018-08-28 07:30,1780
2018-08-28 07:35,1786
2018-08-28 07:40,1816
2018-08-28 07:45,1822
2018-08-28 07:50,1840
2018-08-28 07:55,1859
2018-08-28 08:00,1876
2018-08-28 08:05,1894
2018-08-28 08:10,1897
2018-08-28 08:15,1888
2018-08-28 08:20,1902
2018-08-28 08:25,1931
2018-08-28 08:30,1951
2018-08-28 08:35,1969
2018-08-28 08:40,1959
2018-08-28 08:45,1978
2018-08-28 08:50,2001
2018-08-28 08:55,2024
2018-08-28 09:00,2023
2018-08-28 09:05,2025
2018-08-28 09:10,2035
2018-08-28 09:15,2062
2018-08-28 09:20,2069
2018-08-28 09:25,2090
2018-08-28 09:30,2122
2018-08-28 09:35,2122
2018-08-28 09:40,2134
2018-08-28 09:45,2134
2018-08-28 09:50,2144
2018-08-28 09:55,2147
2018-08-28 10:00,2173
2018-08-28 10:05,2209
2018-08-28 10:10,2235
2018-08-28 10:15,2282
2018-08-28 10:20,2311
2018-08-28 10:25,2330
2018-08-28 10:30,2322
2018-08-28 10:35,2312
2018-08-28 10:40,2328
2018-08-28 10:45,2350
2018-08-28 10:50,2361
2018-08-28 10:55,2347
2018-08-28 11:00,2348
2018-08-28 11:05,2374
2018-08-28 11:10,2400
2018-08-28 11:15,2397
2018-08-28 11:20,2412
2018-08-28 11:25,2434
2018-08-28 11:30,2459
2018-08-28 11:35,2473
2018-08-28 11:40,2495
2018-08-28 11:45,2512
2018-08-28 11:50,2510
2018-08-28 11:55,2520
2018-08-28 12:00,2545
2018-08-28 12:05,2548
2018-08-28 12:10,2579
2018-08-28 12:15,2626
2018-08-28 12:20,2635
2018-08-28 12:25,2631
2018-08-28 12:30,2660
2018-08-28 12:35,2682
2018-08-28 12:40,2694
2018-08-28 12:45,2697
2018-08-28 12:50,2702
2018-08-28 12:55,2719
2018-08-28 13:00,2757
2018-08-28 13:05,2759
2018-08-28 13:10,2756
2018-08-28 13:15,2749
2018-08-28 13:20,2779
2018-08-28 13:25,2820
2018-08-28 13:30,2842
2018-08-28 13:35,2848
2018-08-28 13:40,2871
2018-08-28 13:45,2904
2018-08-28 13:50,2895
2018-08-28 13:55,2911
2018-08-28 14:00,2920
2018-08-28 14:05,2924
2018-08-28 14:10,2902
2018-08-28 14:15,2900
2018-08-28 14:20,2923
2018-08-28 14:25,2940
2018-08-28 14:30,2957
2018-08-28 14:35,2978
2018-08-28 14:40,3011
2018-08-28 14:45,3053
2018-08-28 14:50,3071
2018-08-28 14:55,3067
2018-08-28 15:00,3087
2018-08-28 15:05,3087
2018-08-28 15:10,3075
2018-08-28 15:15,3106
2018-08-28 15:20,3123
2018-08-28 15:25,3143
2018-08-28 15:30,3181
2018-08-28 15:35,3194
2018-08-28 15:40,3220
2018-08-28 15:45,3233
2018-08-28 15:50,3267
2018-08-28 15:55,3274
2018-08-28 16:00,3270
2018-08-28 16:05,3285
2018-08-28 16:10,3252
2018-08-28 16:15,3317
2018-08-28 16:20,3351
2018-08-28 16:25,3334
2018-08-28 16:30,3381
2018-08-28 16:35,3375
2018-08-28 16:40,3421
2018-08-28 16:45,3446
2018-08-28 16:50,3462
2018-08-28 16:55,3497
2018-08-28 17:00,3492
2018-08-28 17:05,3528
2018-08-28 17:10,3553
2018-08-28 17:15,3559
2018-08-28 17:20,3593
2018-08-28 17:25,3602
2018-08-28 17:30,3605
2018-08-28 17:35,3638
2018-08-28 17:40,3665
2018-08-28 17:45,3674
2018-08-28 17:50,3689
2018-08-28 17:55,3678
2018-08-28 18:00,3711
2018-08-28 18:05,3673
2018-08-28 18:10,3692
2018-08-28 18:15,3682
2018-08-28 18:20,3694
2018-08-28 18:25,3700
2018-08-28 18:30,3710
2018-08-28 18:35,3695
2018-08-28 18:40,3712
2018-08-28 18:45,3741
2018-08-28 18:50,3763
2018-08-28 18:55,3789
2018-08-28 19:00,3792
2018-08-28 19:05,3776
2018-08-28 19:10,3792
2018-08-28 19:15,3811
2018-08-28 19:20,3817
2018-08-28 19:25,3834
2018-08-28 19:30,3826
2018-08-28 19:35,3830
2018-08-28 19:40,3822
2018-08-28 19:45,3810
2018-08-28 19:50,3767
2018-08-28 19:55,3735
2018-08-28 20:00,3734
2018-08-28 20:05,3668
2018-08-28 20:10,3649
2018-08-28 20:15,3586
2018-08-28 20:20,3567
2018-08-28 20:25,3531
2018-08-28 20:30,3514
2018-08-28 20:35,3482
2018-08-28 20:40,3463
2018-08-28 20:45,3432
2018-08-28 20:50,3410
2018-08-28 20:55,3386
2018-08-28 21:00,3380
2018-08-28 21:05,3350
2018-08-28 21:10,3320
2018-08-28 21:15,3284
2018-08-28 21:20,3260
2018-08-28 21:25,3242
2018-08-28 21:30,3228
2018-08-28 21:35,3217
2018-08-28 21:40,3204
2018-08-28 21:45,3202
2018-08-28 21:50,3180
2018-08-28 21:55,3169
2018-08-28 22:00,3142
2018-08-28 22:05,3107
2018-08-28 22:10,3041
2018-08-28 22:15,3024
2018-08-28 22:20,3003
2018-08-28 22:25,2984
2018-08-28 22:30,2957
2018-08-28 22:35,2943
2018-08-28 22:40,2902
2018-08-28 22:45,2883
2018-08-28 22:50,2847
2018-08-28 22:55,2787
2018-08-28 23:00,0
2018-08-28 23:05,1799
2018-08-28 23:10,2520
2018-08-28 23:15,2688
2018-08-28 23:20,2669
2018-08-28 23:25,2698
2018-08-28 23:30,2696
2018-08-28 23:35,2686
2018-08-28 23:40,2680
2018-08-28 23:45,2651
2018-08-28 23:50,2652
2018-08-28 23:55,2622
2018-08-29 00:00,2623
2018-08-29 00:05,2585
2018-08-29 00:10,2554
2018-08-29 00:15,2565
2018-08-29 00:20,2561
2018-08-29 00:25,2568
2018-08-29 00:30,2546
2018-08-29 00:35,2508
2018-08-29 00:40,2513
2018-08-29 00:45,2493
2018-08-29 00:50,2496
2018-08-29 00:55,2490
2018-08-29 01:00,2476
2018-08-29 01:05,2484
2018-08-29 01:10,2448
2018-08-29 01:15,2448
2018-08-29 01:20,2436
2018-08-29 01:25,2414
2018-08-29 01:30,2376
2018-08-29 01:35,2361
2018-08-29 01:40,2374
2018-08-29 01:45,2336
2018-08-29 01:50,2339
2018-08-29 01:55,2322
2018-08-29 02:00,2314
2018-08-29 02:05,2312
2018-08-29 02:10,2300
2018-08-29 02:15,2281
2018-08-29 02:20,2275
2018-08-29 02:25,2264
2018-08-29 02:30,2242
2018-08-29 02:35,2238
2018-08-29 02:40,2217
2018-08-29 02:45,2226
2018-08-29 02:50,2186
2018-08-29 02:55,2174
2018-08-29 03:00,2153
2018-08-29 03:05,2131
2018-08-29 03:10,2117
2018-08-29 03:15,2111
2018-08-29 03:20,2097
2018-08-29 03:25,2082
2018-08-29 03:30,2036
2018-08-29 03:35,2018
2018-08-29 03:40,2018
2018-08-29 03:45,1981
2018-08-29 03:50,1980
2018-08-29 03:55,1968
2018-08-29 04:00,1948
2018-08-29 04:05,1954
2018-08-29 04:10,1940
2018-08-29 04:15,1930
2018-08-29 04:20,1927
2018-08-29 04:25,1917
2018-08-29 04:30,1884
2018-08-29 04:35,1862
2018-08-29 04:40,1857
2018-08-29 04:45,1850
2018-08-29 04:50,1856
2018-08-29 04:55,1849
2018-08-29 05:00,1833
2018-08-29 05:05,1791
2018-08-29 05:10,1763
2018-08-29 05:15,1740
2018-08-29 05:20,1741
2018-08-29 05:25,1710
2018-08-29 05:30,1689
2018-08-29 05:35,1677
2018-08-29 05:40,1685
2018-08-29 05:45,1663
2018-08-29 05:50,1672
2018-08-29 05:55,1651
2018-08-29 06:00,1668
2018-08-29 06:05,1670
2018-08-29 06:10,1662
2018-08-29 06:15,1665
2018-08-29 06:20,1671
2018-08-29 06:25,1675
2018-08-29 06:30,1693
2018-08-29 06:35,1719
2018-08-29 06:40,1700
2018-08-29 06:45,1704
2018-08-29 06:50,1726
2018-08-29 06:55,1738
2018-08-29 07:00,1749
2018-08-29 07:05,1762
2018-08-29 07:10,1778
2018-08-29 07:15,1796
2018-08-29 07:20,1820
2018-08-29 07:25,1808
2018-08-29 07:30,1821
2018-08-29 07:35,1833
2018-08-29 07:40,1866
2018-08-29 07:45,1871
2018-08-29 07:50,1888
2018-08-29 07:55,1890
2018-08-29 08:00,1905
2018-08-29 08:05,1936
2018-08-29 08:10,1953
2018-08-29 08:15,1954
2018-08-29 08:20,1967
2018-08-29 08:25,1990
2018-08-29 08:30,1999
2018-08-29 08:35,2017
2018-08-29 08:40,2046
2018-08-29 08:45,2054
2018-08-29 08:50,2071
2018-08-29 08:55,2070
2018-08-29 09:00,2075
2018-08-29 09:05,2078
2018-08-29 09:10,2121
2018-08-29 09:15,2151
2018-08-29 09:20,2151
2018-08-29 09:25,2155
2018-08-29 09:30,2146
2018-08-29 09:35,2177
2018-08-29 09:40,2206
2018-08-29 09:45,2201
2018-08-29 09:50,2215
2018-08-29 09:55,2210
2018-08-29 10:00,2259
2018-08-29 10:05,2292
2018-08-29 10:10,2288
2018-08-29 10:15,2317
2018-08-29 10:20,2316
2018-08-29 10:25,2311
2018-08-29 10:30,2346
2018-08-29 10:35,2369
2018-08-29 10:40,2376
2018-08-29 10:45,2391
2018-08-29 10:50,2390
2018-08-29 10:55,2406
2018-08-29 11:00,2387
2018-08-29 11:05,2430
2018-08-29 11:10,2452
2018-08-29 11:15,2463
2018-08-29 11:20,2454
2018-08-29 11:25,2498
2018-08-29 11:30,2526
2018-08-29 11:35,2525
2018-08-29 11:40,2546
2018-08-29 11:45,2571
2018-08-29 11:50,2569
2018-08-29 11:55,2566
2018-08-29 12:00,2586
2018-08-29 12:05,2594
2018-08-29 12:10,2560
2018-08-29 12:15,2581
2018-08-29 12:20,2612
2018-08-29 12:25,2632
2018-08-29 12:30,2602
2018-08-29 12:35,2639
2018-08-29 12:40,2672
2018-08-29 12:45,2667
2018-08-29 12:50,2724
2018-08-29 12:55,2730
2018-08-29 13:00,2738
2018-08-29 13:05,2748
2018-08-29 13:10,2793
2018-08-29 13:15,2812
2018-08-29 13:20,2841
2018-08-29 13:25,2826
2018-08-29 13:30,2841
2018-08-29 13:35,2844
2018-08-29 13:40,2873
2018-08-29 13:45,2867
2018-08-29 13:50,2875
2018-08-29 13:55,2855
2018-08-29 14:00,2890
2018-08-29 14:05,2894
2018-08-29 14:10,2890
2018-08-29 14:15,2902
2018-08-29 14:20,2916
2018-08-29 14:25,2935
2018-08-29 14:30,2953
2018-08-29 14:35,2969
2018-08-29 14:40,2967
2018-08-29 14:45,2982
2018-08-29 14:50,3024
2018-08-29 14:55,3047
2018-08-29 15:00,3053
2018-08-29 15:05,3076
2018-08-29 15:10,3083
2018-08-29 15:15,3109
2018-08-29 15:20,3137
2018-08-29 15:25,3148
2018-08-29 15:30,3170
2018-08-29 15:35,3164
2018-08-29 15:40,3211
2018-08-29 15:45,3242
2018-08-29 15:50,3232
2018-08-29 15:55,3209
2018-08-29 16:00,3211
2018-08-29 16:05,3226
2018-08-29 16:10,3212
2018-08-29 16:15,3236
2018-08-29 16:20,3262
2018-08-29 16:25,3272
2018-08-29 16:30,3279
2018-08-29 16:35,3302
2018-08-29 16:40,3324
2018-08-29 16:45,3353
2018-08-29 16:50,3383
2018-08-29 16:55,3422
2018-08-29 17:00,3435
2018-08-29 17:05,3459
2018-08-29 17:10,3452
2018-08-29 17:15,3474
2018-08-29 17:20,3500
2018-08-29 17:25,3514
2018-08-29 17:30,3518
2018-08-29 17:35,3526
2018-08-29 17:40,3536
2018-08-29 17:45,3562
2018-08-29 17:50,3581
2018-08-29 17:55,3560
2018-08-29 18:00,3554
2018-08-29 18:05,3539
2018-08-29 18:10,3558
2018-08-29 18:15,3551
2018-08-29 18:20,3544
2018-08-29 18:25,3604
2018-08-29 18:30,3622
2018-08-29 18:35,3609
2018-08-29 18:40,3629
2018-08-29 18:45,3670
2018-08-29 18:50,3663
2018-08-29 18:55,3687
2018-08-29 19:00,3701
2018-08-29 19:05,3688
2018-08-29 19:10,3705
2018-08-29 19:15,3742
2018-08-29 19:20,3751
2018-08-29 19:25,3743
2018-08-29 19:30,3727
2018-08-29 19:35,3698
2018-08-29 19:40,3702
2018-08-29 19:45,3696
2018-08-29 19:50,3674
2018-08-29 19:55,3676
2018-08-29 20:00,3635
2018-08-29 20:05,3591
2018-08-29 20:10,3556
2018-08-29 20:15,3544
2018-08-29 20:20,3513
2018-08-29 20:25,3536
2018-08-29 20:30,3512
2018-08-29 20:35,3488
2018-08-29 20:40,3441
2018-08-29 20:45,3416
2018-08-29 20:50,3380
2018-08-29 20:55,3331
2018-08-29 21:00,3298
2018-08-29 21:05,3303
2018-08-29 21:10,3280
2018-08-29 21:15,3249
2018-08-29 21:20,3248
2018-08-29 21:25,3215
2018-08-29 21:30,3176
2018-08-29 21:35,3166
2018-08-29 21:40,3135
2018-08-29 21:45,3105
2018-08-29 21:50,3044
2018-08-29 21:55,3011
2018-08-29 22:00,2984
2018-08-29 22:05,2933
2018-08-29 22:10,2914
2018-08-29 22:15,2861
2018-08-29 22:20,2844
2018-08-29 22:25,2795
2018-08-29 22:30,2771
2018-08-29 22:35,2767
2018-08-29 22:40,2751
2018-08-29 22:45,2721
2018-08-29 22:50,2711
2018-08-29 22:55,2712
2018-08-29 23:00,2699
2018-08-29 23:05,2718
2018-08-29 23:10,2685
2018-08-29 23:15,2673
2018-08-29 23:20,2655
2018-08-29 23:25,2645
2018-08-29 23:30,2640
2018-08-29 23:35,2610
2018-08-29 23:40,2612
2018-08-29 23:45,2592
2018-08-29 23:50,2595
2018-08-29 23:55,2567
2018-08-30 00:00,2567
2018-08-30 00:05,2546
2018-08-30 00:10,2494
2018-08-30 00:15,2475
2018-08-30 00:20,2469
2018-08-30 00:25,2434
2018-08-30 00:30,2428
2018-08-30 00:35,2406
2018-08-30 00:40,2416
2018-08-30 00:45,2410
2018-08-30 00:50,2391
2018-08-30 00:55,2377
2018-08-30 01:00,2365
2018-08-30 01:05,2358
2018-08-30 01:10,2359
2018-08-30 01:15,2349
2018-08-30 01:20,2342
2018-08-30 01:25,2315
2018-08-30 01:30,2301
2018-08-30 01:35,2309
2018-08-30 01:40,2339
2018-08-30 01:45,2335
2018-08-30 01:50,2312
2018-08-30 01:55,2288
2018-08-30 02:00,2271
2018-08-30 02:05,2256
2018-08-30 02:10,2275
2018-08-30 02:15,2269
2018-08-30 02:20,2271
2018-08-30 02:25,2244
2018-08-30 02:30,2236
2018-08-30 02:35,2223
2018-08-30 02:40,2203
2018-08-30 02:45,2182
2018-08-30 02:50,2183
2018-08-30 02:55,2165
2018-08-30 03:00,2171
2018-08-30 03:05,2145
2018-08-30 03:10,2152
2018-08-30 03:15,2133
2018-08-30 03:20,2107
2018-08-30 03:25,2076
2018-08-30 03:30,2031
2018-08-30 03:35,2006
2018-08-30 03:40,1979
2018-08-30 03:45,1952
2018-08-30 03:50,1939
2018-08-30 03:55,1898
2018-08-30 04:00,1879
2018-08-30 04:05,1825
2018-08-30 04:10,1809
2018-08-30 04:15,1813
2018-08-30 04:20,1815
2018-08-30 04:25,1795
2018-08-30 04:30,1780
2018-08-30 04:35,1758
2018-08-30 04:40,1735
2018-08-30 04:45,1722
2018-08-30 04:50,1710
2018-08-30 04:55,1707
2018-08-30 05:00,1706
2018-08-30 05:05,1706
2018-08-30 05:10,1704
2018-08-30 05:15,1705
2018-08-30 05:20,1697
2018-08-30 05:25,1681
2018-08-30 05:30,1668
2018-08-30 05:35,1676
2018-08-30 05:40,1659
2018-08-30 05:45,1660
2018-08-30 05:50,1663
2018-08-30 05:55,1654
2018-08-30 06:00,1649
2018-08-30 06:05,1663
2018-08-30 06:10,1658
2018-08-30 06:15,1657
2018-08-30 06:20,1645
2018-08-30 06:25,1652
2018-08-30 06:30,1661
2018-08-30 06:35,1665
2018-08-30 06:40,1653
2018-08-30 06:45,1662
2018-08-30 06:50,1660
2018-08-30 06:55,1672
2018-08-30 07:00,1680
2018-08-30 07:05,1675
2018-08-30 07:10,1717
2018-08-30 07:15,1733
2018-08-30 07:20,1745
2018-08-30 07:25,1759
2018-08-30 07:30,1788
2018-08-30 07:35,1806
2018-08-30 07:40,1828
2018-08-30 07:45,1851
2018-08-30 07:50,1862
2018-08-30 07:55,1875
2018-08-30 08:00,1887
2018-08-30 08:05,1903
2018-08-30 08:10,1905
2018-08-30 08:15,1907
2018-08-30 08:20,1965
2018-08-30 08:25,1967
2018-08-30 08:30,1982
2018-08-30 08:35,2017
2018-08-30 08:40,2020
2018-08-30 08:45,2029
2018-08-30 08:50,2033
2018-08-30 08:55,2055
2018-08-30 09:00,2053
2018-08-30 09:05,2075
2018-08-30 09:10,2110
2018-08-30 09:15,2152
2018-08-30 09:20,2193
2018-08-30 09:25,2204
2018-08-30 09:30,2227
2018-08-30 09:35,2245
2018-08-30 09:40,2271
2018-08-30 09:45,2272
2018-08-30 09:50,2276
2018-08-30 09:55,2268
2018-08-30 10:00,2307
2018-08-30 10:05,2275
2018-08-30 10:10,2319
2018-08-30 10:15,2358
2018-08-30 10:20,2374
2018-08-30 10:25,2395
2018-08-30 10:30,2416
2018-08-30 10:35,2430
2018-08-30 10:40,2430
2018-08-30 10:45,2425
2018-08-30 10:50,2461
2018-08-30 10:55,2453
2018-08-30 11:00,2444
2018-08-30 11:05,2478
2018-08-30 11:10,2488
2018-08-30 11:15,2517
2018-08-30 11:20,2546
2018-08-30 11:25,2577
2018-08-30 11:30,2599
2018-08-30 11:35,2600
2018-08-30 11:40,2594
2018-08-30 11:45,2629
2018-08-30 11:50,2635
2018-08-30 11:55,2614
2018-08-30 12:00,2627
2018-08-30 12:05,2655
2018-08-30 12:10,2689
2018-08-30 12:15,2692
2018-08-30 12:20,2720
2018-08-30 12:25,2749
2018-08-30 12:30,2753
2018-08-30 12:35,2766
2018-08-30 12:40,2756
2018-08-30 12:45,2750
2018-08-30 12:50,2749
2018-08-30 12:55,2737
2018-08-30 13:00,2717
2018-08-30 13:05,2739
2018-08-30 13:10,2739
2018-08-30 13:15,2738
2018-08-30 13:20,2727
2018-08-30 13:25,2735
2018-08-30 13:30,2723
2018-08-30 13:35,2714
2018-08-30 13:40,2697
2018-08-30 13:45,2673
2018-08-30 13:50,2650
2018-08-30 13:55,2528
2018-08-30 14:00,2345
2018-08-30 14:05,2184
2018-08-30 14:10,2168
2018-08-30 14:15,2182
2018-08-30 14:20,2240
2018-08-30 14:25,2278
2018-08-30 14:30,2331
2018-08-30 14:35,1927
2018-08-30 14:40,1786
2018-08-30 14:45,1765
2018-08-30 14:50,1791
2018-08-30 14:55,1789
2018-08-30 15:00,1817
2018-08-30 15:05,1866
2018-08-30 15:10,1902
2018-08-30 15:15,1929
2018-08-30 15:20,1923
2018-08-30 15:25,1928
2018-08-30 15:30,1962
2018-08-30 15:35,1963
2018-08-30 15:40,1954
2018-08-30 15:45,
2018-08-30 15:50,2330
2018-08-30 15:55,2499
2018-08-30 16:00,2650
2018-08-30 16:05,2832
2018-08-30 16:10,2972
2018-08-30 16:15,3093
2018-08-30 16:20,3222
2018-08-30 16:25,3331
2018-08-30 16:30,3417
2018-08-30 16:35,3476
2018-08-30 16:40,3565
2018-08-30 16:45,3603
2018-08-30 16:50,3674
2018-08-30 16:55,3713
2018-08-30 17:00,3746
2018-08-30 17:05,3788
2018-08-30 17:10,3807
2018-08-30 17:15,3842
2018-08-30 17:20,3848
2018-08-30 17:25,3895
2018-08-30 17:30,3936
2018-08-30 17:35,3931
2018-08-30 17:40,3947
2018-08-30 17:45,3983
2018-08-30 17:50,3977
2018-08-30 17:55,3975
2018-08-30 18:00,4015
2018-08-30 18:05,4000
2018-08-30 18:10,4028
2018-08-30 18:15,4028
2018-08-30 18:20,4057
2018-08-30 18:25,4041
2018-08-30 18:30,4037
2018-08-30 18:35,4016
2018-08-30 18:40,4058
2018-08-30 18:45,4074
2018-08-30 18:50,4038
2018-08-30 18:55,4008
2018-08-30 19:00,4014
2018-08-30 19:05,4025
2018-08-30 19:10,4003
2018-08-30 19:15,3997
2018-08-30 19:20,4010
2018-08-30 19:25,4004
2018-08-30 19:30,3968
2018-08-30 19:35,3969
2018-08-30 19:40,3968
2018-08-30 19:45,3980
2018-08-30 19:50,3965
2018-08-30 19:55,3926
2018-08-30 20:00,3913
2018-08-30 20:05,3881
2018-08-30 20:10,3863
2018-08-30 20:15,3827
2018-08-30 20:20,3790
2018-08-30 20:25,3775
2018-08-30 20:30,3753
2018-08-30 20:35,3693
2018-08-30 20:40,3647
2018-08-30 20:45,3644
2018-08-30 20:50,3638
2018-08-30 20:55,3628
2018-08-30 21:00,3589
2018-08-30 21:05,3558
2018-08-30 21:10,3527
2018-08-30 21:15,3468
2018-08-30 21:20,3424
2018-08-30 21:25,3410
2018-08-30 21:30,3369
2018-08-30 21:35,3316
2018-08-30 21:40,3293
2018-08-30 21:45,3237
2018-08-30 21:50,3213
2018-08-30 21:55,3178
2018-08-30 22:00,3173
2018-08-30 22:05,3135
2018-08-30 22:10,3106
2018-08-30 22:15,3071
2018-08-30 22:20,3024
2018-08-30 22:25,2996
2018-08-30 22:30,2975
2018-08-30 22:35,2938
2018-08-30 22:40,2916
2018-08-30 22:45,2899
2018-08-30 22:50,2896
2018-08-30 22:55,2870
2018-08-30 23:00,2833
2018-08-30 23:05,2799
2018-08-30 23:10,2785
2018-08-30 23:15,2765
2018-08-30 23:20,2758
2018-08-30 23:25,2741
2018-08-30 23:30,2711
2018-08-30 23:35,2688
2018-08-30 23:40,2671
2018-08-30 23:45,2634
2018-08-30 23:50,2640
2018-08-30 23:55,2628
2018-08-31 00:00,2579
2018-08-31 00:05,2509
2018-08-31 00:10,2517
2018-08-31 00:15,2520
2018-08-31 00:20,2506
2018-08-31 00:25,2503
2018-08-31 00:30,2513
2018-08-31 00:35,2497
2018-08-31 00:40,2475
2018-08-31 00:45,2477
2018-08-31 00:50,2450
2018-08-31 00:55,2448
2018-08-31 01:00,2442
2018-08-31 01:05,2440
2018-08-31 01:10,2448
2018-08-31 01:15,2433
2018-08-31 01:20,2410
2018-08-31 01:25,2399
2018-08-31 01:30,2397
2018-08-31 01:35,2373
2018-08-31 01:40,2379
2018-08-31 01:45,2373
2018-08-31 01:50,2356
2018-08-31 01:55,2331
2018-08-31 02:00,2335
2018-08-31 02:05,2312
2018-08-31 02:10,2315
2018-08-31 02:15,2294
2018-08-31 02:20,2286
2018-08-31 02:25,2297
2018-08-31 02:30,2292
2018-08-31 02:35,2289
2018-08-31 02:40,2278
2018-08-31 02:45,2308
2018-08-31 02:50,2292
2018-08-31 02:55,2275
2018-08-31 03:00,2243
2018-08-31 03:05,2208
2018-08-31 03:10,2192
2018-08-31 03:15,2183
2018-08-31 03:20,2183
2018-08-31 03:25,2137
2018-08-31 03:30,2128
2018-08-31 03:35,2118
2018-08-31 03:40,2123
2018-08-31 03:45,2105
2018-08-31 03:50,2096
2018-08-31 03:55,2076
2018-08-31 04:00,2080
2018-08-31 04:05,2058
2018-08-31 04:10,2038
2018-08-31 04:15,2039
2018-08-31 04:20,2005
2018-08-31 04:25,1991
2018-08-31 04:30,1986
2018-08-31 04:35,1962
2018-08-31 04:40,1923
2018-08-31 04:45,1895
2018-08-31 04:50,1887
2018-08-31 04:55,1885
2018-08-31 05:00,1889
2018-08-31 05:05,1884
2018-08-31 05:10,1861
2018-08-31 05:15,1848
2018-08-31 05:20,1859
2018-08-31 05:25,1816
2018-08-31 05:30,1821
2018-08-31 05:35,1803
2018-08-31 05:40,1813
2018-08-31 05:45,1786
2018-08-31 05:50,1783
2018-08-31 05:55,1781
2018-08-31 06:00,1769
2018-08-31 06:05,1764
2018-08-31 06:10,1761
2018-08-31 06:15,1746
2018-08-31 06:20,1750
2018-08-31 06:25,1776
2018-08-31 06:30,1790
2018-08-31 06:35,1801
2018-08-31 06:40,1816
2018-08-31 06:45,1814
2018-08-31 06:50,1855
2018-08-31 06:55,1860
2018-08-31 07:00,1852
2018-08-31 07:05,1854
2018-08-31 07:10,1862
2018-08-31 07:15,1861
2018-08-31 07:20,1868
2018-08-31 07:25,1883
2018-08-31 07:30,1896
2018-08-31 07:35,1905
2018-08-31 07:40,1938
2018-08-31 07:45,1950
2018-08-31 07:50,1973
2018-08-31 07:55,1995
2018-08-31 08:00,2026
2018-08-31 08:05,2058
2018-08-31 08:10,2073
2018-08-31 08:15,2087
2018-08-31 08:20,2096
2018-08-31 08:25,2121
2018-08-31 08:30,2120
2018-08-31 08:35,2130
2018-08-31 08:40,2144
2018-08-31 08:45,2159
2018-08-31 08:50,2168
2018-08-31 08:55,2198
2018-08-31 09:00,2215
2018-08-31 09:05,2238
2018-08-31 09:10,2238
2018-08-31 09:15,2251
2018-08-31 09:20,2283
2018-08-31 09:25,2298
2018-08-31 09:30,2263
2018-08-31 09:35,2300
2018-08-31 09:40,2323
2018-08-31 09:45,2358
2018-08-31 09:50,2368
2018-08-31 09:55,2393
2018-08-31 10:00,2431
2018-08-31 10:05,2479
2018-08-31 10:10,2498
2018-08-31 10:15,2516
2018-08-31 10:20,2527
2018-08-31 10:25,2543
2018-08-31 10:30,2564
2018-08-31 10:35,2594
2018-08-31 10:40,2622
2018-08-31 10:45,2648
2018-08-31 10:50,2649
2018-08-31 10:55,2648
2018-08-31 11:00,2648
2018-08-31 11:05,2647
2018-08-31 11:10,2653
2018-08-31 11:15,2682
2018-08-31 11:20,2692
2018-08-31 11:25,2701
2018-08-31 11:30,2675
2018-08-31 11:35,2677
2018-08-31 11:40,2691
2018-08-31 11:45,2698
2018-08-31 11:50,2716
2018-08-31 11:55,2706
2018-08-31 12:00,2730
2018-08-31 12:05,2735
2018-08-31 12:10,2759
2018-08-31 12:15,2790
2018-08-31 12:20,2819
2018-08-31 12:25,2851
2018-08-31 12:30,2854
2018-08-31 12:35,2900
2018-08-31 12:40,2912
2018-08-31 12:45,2930
2018-08-31 12:50,2933
2018-08-31 12:55,2936
2018-08-31 13:00,2947
2018-08-31 13:05,2965
2018-08-31 13:10,2979
2018-08-31 13:15,3001
2018-08-31 13:20,3013
2018-08-31 13:25,3023
2018-08-31 13:30,3034
2018-08-31 13:35,3042
2018-08-31 13:40,3055
2018-08-31 13:45,3061
2018-08-31 13:50,3078
2018-08-31 13:55,3126
2018-08-31 14:00,3151
2018-08-31 14:05,3148
2018-08-31 14:10,3141
2018-08-31 14:15,3148
2018-08-31 14:20,3147
2018-08-31 14:25,3133
2018-08-31 14:30,3175
2018-08-31 14:35,3199
2018-08-31 14:40,3206
2018-08-31 14:45,3198
2018-08-31 14:50,3247
2018-08-31 14:55,3223
2018-08-31 15:00,3238
2018-08-31 15:05,3267
2018-08-31 15:10,3258
2018-08-31 15:15,3274
2018-08-31 15:20,3306
2018-08-31 15:25,3338
2018-08-31 15:30,3367
2018-08-31 15:35,3363
2018-08-31 15:40,3375
2018-08-31 15:45,3397
2018-08-31 15:50,3412
2018-08-31 15:55,3445
2018-08-31 16:00,3439
2018-08-31 16:05,3435
2018-08-31 16:10,3439
2018-08-31 16:15,3473
2018-08-31 16:20,3503
2018-08-31 16:25,3537
2018-08-31 16:30,3536
2018-08-31 16:35,3536
2018-08-31 16:40,3554
2018-08-31 16:45,3591
2018-08-31 16:50,3585
2018-08-31 16:55,3589
2018-08-31 17:00,3601
2018-08-31 17:05,3616
2018-08-31 17:10,3595
2018-08-31 17:15,3619
2018-08-31 17:20,3620
2018-08-31 17:25,3637
2018-08-31 17:30,3651
2018-08-31 17:35,3638
2018-08-31 17:40,3680
2018-08-31 17:45,3690
2018-08-31 17:50,3683
2018-08-31 17:55,3700
2018-08-31 18:00,3725
2018-08-31 18:05,3709
2018-08-31 18:10,3716
2018-08-31 18:15,3734
2018-08-31 18:20,3755
2018-08-31 18:25,3776
2018-08-31 18:30,3793
2018-08-31 18:35,3819
2018-08-31 18:40,3845
2018-08-31 18:45,3856
2018-08-31 18:50,3872
2018-08-31 18:55,3852
2018-08-31 19:00,3846
2018-08-31 19:05,3826
2018-08-31 19:10,3820
2018-08-31 19:15,3814
2018-08-31 19:20,3788
2018-08-31 19:25,3832
2018-08-31 19:30,3837
2018-08-31 19:35,3828
2018-08-31 19:40,3833
2018-08-31 19:45,3828
2018-08-31 19:50,3817
2018-08-31 19:55,3833
2018-08-31 20:00,3819
2018-08-31 20:05,3798
2018-08-31 20:10,3796
2018-08-31 20:15,3829
2018-08-31 20:20,3830
2018-08-31 20:25,3825
2018-08-31 20:30,3813
2018-08-31 20:35,3809
2018-08-31 20:40,3774
2018-08-31 20:45,3743
2018-08-31 20:50,3710
2018-08-31 20:55,3665
2018-08-31 21:00,3653
2018-08-31 21:05,3588
2018-08-31 21:10,3583
2018-08-31 21:15,3582
2018-08-31 21:20,3561
2018-08-31 21:25,3548
2018-08-31 21:30,3521
2018-08-31 21:35,3496
2018-08-31 21:40,3438
2018-08-31 21:45,3441
2018-08-31 21:50,3409
2018-08-31 21:55,3391
2018-08-31 22:00,3343
2018-08-31 22:05,3301
2018-08-31 22:10,3253
2018-08-31 22:15,3209
2018-08-31 22:20,3197
2018-08-31 22:25,3156
2018-08-31 22:30,3116
2018-08-31 22:35,3081
2018-08-31 22:40,3061
2018-08-31 22:45,3032
2018-08-31 22:50,2999
2018-08-31 22:55,
2018-08-31 23:00,2966
2018-08-31 23:05,2951
2018-08-31 23:10,2949
2018-08-31 23:15,2917
2018-08-31 23:20,2896
2018-08-31 23:25,2871
2018-08-31 23:30,2780
2018-08-31 23:35,2833
2018-08-31 23:40,2819
2018-08-31 23:45,2811
2018-08-31 23:50,2778
2018-08-31 23:55,2750
2018-09-01 00:00,2746
2018-09-01 00:05,2750
2018-09-01 00:10,2726
2018-09-01 00:15,2719
2018-09-01 00:20,2689
2018-09-01 00:25,2680
2018-09-01 00:30,2671
2018-09-01 00:35,2662
2018-09-01 00:40,2643
2018-09-01 00:45,2649
2018-09-01 00:50,2649
2018-09-01 00:55,2606
2018-09-01 01:00,2596
2018-09-01 01:05,2583
2018-09-01 01:10,2560
2018-09-01 01:15,2555
2018-09-01 01:20,2545
2018-09-01 01:25,2549
2018-09-01 01:30,2540
2018-09-01 01:35,2548
2018-09-01 01:40,2529
2018-09-01 01:45,2538
2018-09-01 01:50,2515
2018-09-01 01:55,2527
2018-09-01 02:00,2531
2018-09-01 02:05,2512
2018-09-01 02:10,2520
2018-09-01 02:15,2517
2018-09-01 02:20,2496
2018-09-01 02:25,2463
2018-09-01 02:30,2452
2018-09-01 02:35,2427
2018-09-01 02:40,2430
2018-09-01 02:45,2419
2018-09-01 02:50,2409
2018-09-01 02:55,2384
2018-09-01 03:00,2361
2018-09-01 03:05,2363
2018-09-01 03:10,2362
2018-09-01 03:15,2350
2018-09-01 03:20,2339
2018-09-01 03:25,2331
2018-09-01 03:30,2326
2018-09-01 03:35,2295
2018-09-01 03:40,2297
2018-09-01 03:45,2282
2018-09-01 03:50,2289
2018-09-01 03:55,2272
2018-09-01 04:00,2261
2018-09-01 04:05,2251
2018-09-01 04:10,2204
2018-09-01 04:15,2172
2018-09-01 04:20,2147
2018-09-01 04:25,2149
2018-09-01 04:30,2136
2018-09-01 04:35,2121
2018-09-01 04:40,2102
2018-09-01 04:45,2089
2018-09-01 04:50,2108
2018-09-01 04:55,2090
2018-09-01 05:00,2060
2018-09-01 05:05,2035
2018-09-01 05:10,2026
2018-09-01 05:15,2036
2018-09-01 05:20,2032
2018-09-01 05:25,2037
2018-09-01 05:30,2004
2018-09-01 05:35,1996
2018-09-01 05:40,1987
2018-09-01 05:45,1992
2018-09-01 05:50,1984
2018-09-01 05:55,1977
2018-09-01 06:00,1994
2018-09-01 06:05,1984
2018-09-01 06:10,1997
2018-09-01 06:15,1997
2018-09-01 06:20,2019
2018-09-01 06:25,2043
2018-09-01 06:30,2033
2018-09-01 06:35,2051
2018-09-01 06:40,2042
2018-09-01 06:45,2045
2018-09-01 06:50,2072
2018-09-01 06:55,2074
2018-09-01 07:00,2076
2018-09-01 07:05,2100
2018-09-01 07:10,2116
2018-09-01 07:15,2117
2018-09-01 07:20,2124
2018-09-01 07:25,2138
2018-09-01 07:30,2148
2018-09-01 07:35,2174
2018-09-01 07:40,2183
2018-09-01 07:45,2205
2018-09-01 07:50,2230
2018-09-01 07:55,2252
2018-09-01 08:00,2287
2018-09-01 08:05,2301
2018-09-01 08:10,2322
2018-09-01 08:15,2320
2018-09-01 08:20,2357
2018-09-01 08:25,2385
2018-09-01 08:30,2420
2018-09-01 08:35,
2018-09-01 08:40,2472
2018-09-01 08:45,2487
2018-09-01 08:50,2529
2018-09-01 08:55,2543
2018-09-01 09:00,2569
2018-09-01 09:05,2581
2018-09-01 09:10,2605
2018-09-01 09:15,2618
2018-09-01 09:20,2606
2018-09-01 09:25,2596
2018-09-01 09:30,2602
2018-09-01 09:35,2606
2018-09-01 09:40,2644
2018-09-01 09:45,2683
2018-09-01 09:50,2712
2018-09-01 09:55,2725
2018-09-01 10:00,2733
2018-09-01 10:05,2778
2018-09-01 10:10,2815
2018-09-01 10:15,2847
2018-09-01 10:20,2888
2018-09-01 10:25,2894
2018-09-01 10:30,2910
2018-09-01 10:35,2909
2018-09-01 10:40,2968
2018-09-01 10:45,2971
2018-09-01 10:50,2993
2018-09-01 10:55,2973
2018-09-01 11:00,2951
2018-09-01 11:05,2961
2018-09-01 11:10,2999
2018-09-01 11:15,3029
2018-09-01 11:20,3024
2018-09-01 11:25,3074
2018-09-01 11:30,3105
2018-09-01 11:35,3112
2018-09-01 11:40,3136
2018-09-01 11:45,3199
2018-09-01 11:50,3221
2018-09-01 11:55,3255
2018-09-01 12:00,3253
2018-09-01 12:05,3244
2018-09-01 12:10,3237
2018-09-01 12:15,3234
2018-09-01 12:20,3286
2018-09-01 12:25,3325
2018-09-01 12:30,3365
2018-09-01 12:35,3394
2018-09-01 12:40,3411
2018-09-01 12:45,3424
2018-09-01 12:50,3438
2018-09-01 12:55,3458
2018-09-01 13:00,3486
2018-09-01 13:05,3506
2018-09-01 13:10,3523
2018-09-01 13:15,3543
2018-09-01 13:20,3550
2018-09-01 13:25,3557
2018-09-01 13:30,3577
2018-09-01 13:35,3586
2018-09-01 13:40,3605
2018-09-01 13:45,3647
2018-09-01 13:50,3627
2018-09-01 13:55,3667
2018-09-01 14:00,3701
2018-09-01 14:05,3725
2018-09-01 14:10,3739
2018-09-01 14:15,3765
2018-09-01 14:20,3755
2018-09-01 14:25,3776
2018-09-01 14:30,3792
2018-09-01 14:35,3791
2018-09-01 14:40,3809
2018-09-01 14:45,3805
2018-09-01 14:50,3807
2018-09-01 14:55,3828
2018-09-01 15:00,3831
2018-09-01 15:05,3858
2018-09-01 15:10,3868
2018-09-01 15:15,3889
2018-09-01 15:20,3908
2018-09-01 15:25,3903
2018-09-01 15:30,3898
2018-09-01 15:35,3904
2018-09-01 15:40,3920
2018-09-01 15:45,3905
2018-09-01 15:50,3912
2018-09-01 15:55,3897
2018-09-01 16:00,3925
2018-09-01 16:05,3939
2018-09-01 16:10,3941
2018-09-01 16:15,3965
2018-09-01 16:20,3994
2018-09-01 16:25,3965
2018-09-01 16:30,3945
2018-09-01 16:35,3974
2018-09-01 16:40,3994
2018-09-01 16:45,3986
2018-09-01 16:50,3985
2018-09-01 16:55,3996
2018-09-01 17:00,4018
2018-09-01 17:05,4061
2018-09-01 17:10,4070
2018-09-01 17:15,4089
2018-09-01 17:20,4103
2018-09-01 17:25,4131
2018-09-01 17:30,4141
2018-09-01 17:35,4167
2018-09-01 17:40,4139
2018-09-01 17:45,4160
2018-09-01 17:50,4178
2018-09-01 17:55,4179
2018-09-01 18:00,4163
2018-09-01 18:05,4168
2018-09-01 18:10,4159
2018-09-01 18:15,4169
2018-09-01 18:20,4196
2018-09-01 18:25,4212
2018-09-01 18:30,4213
2018-09-01 18:35,4238
2018-09-01 18:40,4235
2018-09-01 18:45,4229
2018-09-01 18:50,4244
2018-09-01 18:55,4227
2018-09-01 19:00,4251
2018-09-01 19:05,4257
2018-09-01 19:10,4250
2018-09-01 19:15,4249
2018-09-01 19:20,4284
2018-09-01 19:25,4270
2018-09-01 19:30,4297
2018-09-01 19:35,4267
2018-09-01 19:40,4250
2018-09-01 19:45,4292
2018-09-01 19:50,4278
2018-09-01 19:55,4289
2018-09-01 20:00,4255
2018-09-01 20:05,4248
2018-09-01 20:10,4229
2018-09-01 20:15,4209
2018-09-01 20:20,4226
2018-09-01 20:25,4168
2018-09-01 20:30,4149
2018-09-01 20:35,4134
2018-09-01 20:40,4114
2018-09-01 20:45,4093
2018-09-01 20:50,4068
2018-09-01 20:55,4054
2018-09-01 21:00,4023
2018-09-01 21:05,3976
2018-09-01 21:10,3937
2018-09-01 21:15,3910
2018-09-01 21:20,3862
2018-09-01 21:25,3841
2018-09-01 21:30,3824
2018-09-01 21:35,3799
2018-09-01 21:40,3769
2018-09-01 21:45,3713
2018-09-01 21:50,3722
2018-09-01 21:55,3686
2018-09-01 22:00,3665
2018-09-01 22:05,3606
2018-09-01 22:10,3593
2018-09-01 22:15,3564
2018-09-01 22:20,3540
2018-09-01 22:25,3511
2018-09-01 22:30,3493
2018-09-01 22:35,3456
2018-09-01 22:40,3438
2018-09-01 22:45,3388
2018-09-01 22:50,3366
2018-09-01 22:55,3351
2018-09-01 23:00,3339
2018-09-01 23:05,3288
2018-09-01 23:10,3238
2018-09-01 23:15,3216
2018-09-01 23:20,3205
2018-09-01 23:25,3178
2018-09-01 23:30,3151
2018-09-01 23:35,3154
2018-09-01 23:40,3145
2018-09-01 23:45,3117
2018-09-01 23:50,3094
2018-09-01 23:55,3055
2018-09-02 00:00,3021
2018-09-02 00:05,2981
2018-09-02 00:10,2953
2018-09-02 00:15,2911
2018-09-02 00:20,2870
2018-09-02 00:25,2839
2018-09-02 00:30,2816
2018-09-02 00:35,2806
2018-09-02 00:40,2773
2018-09-02 00:45,2763
2018-09-02 00:50,2763
2018-09-02 00:55,2765
2018-09-02 01:00,2772
2018-09-02 01:05,2750
2018-09-02 01:10,2744
2018-09-02 01:15,2733
2018-09-02 01:20,2708
2018-09-02 01:25,2684
2018-09-02 01:30,2674
2018-09-02 01:35,2647
2018-09-02 01:40,2632
2018-09-02 01:45,2620
2018-09-02 01:50,2621
2018-09-02 01:55,2596
2018-09-02 02:00,2587
2018-09-02 02:05,2558
2018-09-02 02:10,2572
2018-09-02 02:15,2563
2018-09-02 02:20,2556
2018-09-02 02:25,2548
2018-09-02 02:30,2527
2018-09-02 02:35,2524
2018-09-02 02:40,2540
2018-09-02 02:45,2525
2018-09-02 02:50,2525
2018-09-02 02:55,2526
2018-09-02 03:00,2525
2018-09-02 03:05,2515
2018-09-02 03:10,2500
2018-09-02 03:15,2496
2018-09-02 03:20,2484
2018-09-02 03:25,2450
2018-09-02 03:30,2430
2018-09-02 03:35,2419
2018-09-02 03:40,2410
2018-09-02 03:45,2389
2018-09-02 03:50,2385
2018-09-02 03:55,2351
2018-09-02 04:00,2351
2018-09-02 04:05,2304
2018-09-02 04:10,2284
2018-09-02 04:15,2267
2018-09-02 04:20,2269
2018-09-02 04:25,2253
2018-09-02 04:30,2246
2018-09-02 04:35,2231
2018-09-02 04:40,2223
2018-09-02 04:45,2240
2018-09-02 04:50,2190
2018-09-02 04:55,2183
2018-09-02 05:00,2174
2018-09-02 05:05,2147
2018-09-02 05:10,2153
2018-09-02 05:15,2157
2018-09-02 05:20,2138
2018-09-02 05:25,2127
2018-09-02 05:30,2117
2018-09-02 05:35,2112
2018-09-02 05:40,2115
2018-09-02 05:45,2108
2018-09-02 05:50,2111
2018-09-02 05:55,2118
2018-09-02 06:00,2102
2018-09-02 06:05,2109
2018-09-02 06:10,2123
2018-09-02 06:15,2133
2018-09-02 06:20,2160
2018-09-02 06:25,2158
2018-09-02 06:30,2182
2018-09-02 06:35,2174
2018-09-02 06:40,2202
2018-09-02 06:45,2213
2018-09-02 06:50,2215
2018-09-02 06:55,2254
2018-09-02 07:00,2262
2018-09-02 07:05,2236
2018-09-02 07:10,2228
2018-09-02 07:15,2223
2018-09-02 07:20,2229
2018-09-02 07:25,2257
2018-09-02 07:30,2254
2018-09-02 07:35,2294
2018-09-02 07:40,2329
2018-09-02 07:45,2345
2018-09-02 07:50,2359
2018-09-02 07:55,2373
2018-09-02 08:00,2398
2018-09-02 08:05,2398
2018-09-02 08:10,2474
2018-09-02 08:15,2474
2018-09-02 08:20,2562
2018-09-02 08:25,2572
2018-09-02 08:30,2609
2018-09-02 08:35,2634
2018-09-02 08:40,2675
2018-09-02 08:45,2675
2018-09-02 08:50,2711
2018-09-02 08:55,2768
2018-09-02 09:00,2764
2018-09-02 09:05,2774
2018-09-02 09:10,2804
2018-09-02 09:15,2827
2018-09-02 09:20,2837
2018-09-02 09:25,2872
2018-09-02 09:30,2872
2018-09-02 09:35,2925
2018-09-02 09:40,2963
2018-09-02 09:45,2963
2018-09-02 09:50,3005
2018-09-02 09:55,3034
2018-09-02 10:00,3034
2018-09-02 10:05,3163
2018-09-02 10:10,3178
2018-09-02 10:15,3178
2018-09-02 10:20,3205
2018-09-02 10:25,3231
2018-09-02 10:30,3231
2018-09-02 10:35,3232
2018-09-02 10:40,3231
2018-09-02 10:45,3231
2018-09-02 10:50,3285
2018-09-02 10:55,3285
2018-09-02 11:00,3302
2018-09-02 11:05,3299
2018-09-02 11:10,3316
2018-09-02 11:15,3338
2018-09-02 11:20,3348
2018-09-02 11:25,3358
2018-09-02 11:30,3394
2018-09-02 11:35,3439
2018-09-02 11:40,3420
2018-09-02 11:45,3420
2018-09-02 11:50,3440
2018-09-02 11:55,3477
2018-09-02 12:00,3477
2018-09-02 12:05,3497
2018-09-02 12:10,3501
2018-09-02 12:15,3532
2018-09-02 12:20,3559
2018-09-02 12:25,3626
2018-09-02 12:30,3626
2018-09-02 12:35,3658
2018-09-02 12:40,3679
2018-09-02 12:45,3680
2018-09-02 12:50,3694
2018-09-02 12:55,3715
2018-09-02 13:00,3737
2018-09-02 13:05,3747
2018-09-02 13:10,3762
2018-09-02 13:15,3772
2018-09-02 13:20,3796
2018-09-02 13:25,3843
2018-09-02 13:30,3839
2018-09-02 13:35,3880
2018-09-02 13:40,3897
2018-09-02 13:45,3948
2018-09-02 13:50,3951
2018-09-02 13:55,3974
2018-09-02 14:00,4029
2018-09-02 14:05,4044
2018-09-02 14:10,4045
2018-09-02 14:15,4063
2018-09-02 14:20,4080
2018-09-02 14:25,4084
2018-09-02 14:30,4119
2018-09-02 14:35,4156
2018-09-02 14:40,4163
2018-09-02 14:45,4182
2018-09-02 14:50,4193
2018-09-02 14:55,4244
2018-09-02 15:00,4254
2018-09-02 15:05,4277
2018-09-02 15:10,4282
2018-09-02 15:15,4285
2018-09-02 15:20,4297
2018-09-02 15:25,4302
2018-09-02 15:30,4281
2018-09-02 15:35,4300
2018-09-02 15:40,4304
2018-09-02 15:45,4318
2018-09-02 15:50,4335
2018-09-02 15:55,4353
2018-09-02 16:00,4376
2018-09-02 16:05,4381
2018-09-02 16:10,4353
2018-09-02 16:15,4375
2018-09-02 16:20,4395
2018-09-02 16:25,4422
2018-09-02 16:30,4427
2018-09-02 16:35,4454
2018-09-02 16:40,4440
2018-09-02 16:45,4431
2018-09-02 16:50,4453
2018-09-02 16:55,4510
2018-09-02 17:00,4520
2018-09-02 17:05,4524
2018-09-02 17:10,4495
2018-09-02 17:15,4472
2018-09-02 17:20,4483
2018-09-02 17:25,4472
2018-09-02 17:30,4466
2018-09-02 17:35,4479
2018-09-02 17:40,4426
2018-09-02 17:45,4459
2018-09-02 17:50,4437
2018-09-02 17:55,4406
2018-09-02 18:00,4396
2018-09-02 18:05,4410
2018-09-02 18:10,4400
2018-09-02 18:15,4406
2018-09-02 18:20,4385
2018-09-02 18:25,4354
2018-09-02 18:30,4388
2018-09-02 18:35,4382
2018-09-02 18:40,4374
2018-09-02 18:45,4377
2018-09-02 18:50,4389
2018-09-02 18:55,4405
2018-09-02 19:00,4398
2018-09-02 19:05,4421
2018-09-02 19:10,4404
2018-09-02 19:15,4410
2018-09-02 19:20,4422
2018-09-02 19:25,4419
2018-09-02 19:30,4397
2018-09-02 19:35,4401
2018-09-02 19:40,4379
2018-09-02 19:45,4389
2018-09-02 19:50,4362
2018-09-02 19:55,4316
2018-09-02 20:00,4320
2018-09-02 20:05,4277
2018-09-02 20:10,4223
2018-09-02 20:15,4256
2018-09-02 20:20,4201
2018-09-02 20:25,4190
2018-09-02 20:30,4160
2018-09-02 20:35,4116
2018-09-02 20:40,4090
2018-09-02 20:45,4084
2018-09-02 20:50,4040
2018-09-02 20:55,3972
2018-09-02 21:00,3924
2018-09-02 21:05,3881
2018-09-02 21:10,3845
2018-09-02 21:15,3813
2018-09-02 21:20,3777
2018-09-02 21:25,3716
2018-09-02 21:30,3715
2018-09-02 21:35,3690
2018-09-02 21:40,3655
2018-09-02 21:45,3624
2018-09-02 21:50,3576
2018-09-02 21:55,3535
2018-09-02 22:00,3496
2018-09-02 22:05,3479
2018-09-02 22:10,3419
2018-09-02 22:15,3377
2018-09-02 22:20,3323
2018-09-02 22:25,3286
2018-09-02 22:30,3216
2018-09-02 22:35,3184
2018-09-02 22:40,3173
2018-09-02 22:45,3132
2018-09-02 22:50,3101
2018-09-02 22:55,3086
2018-09-02 23:00,3060
2018-09-02 23:05,3017
2018-09-02 23:10,2999
2018-09-02 23:15,2957
2018-09-02 23:20,2929
2018-09-02 23:25,2918
2018-09-02 23:30,2876
2018-09-02 23:35,2853
2018-09-02 23:40,2832
2018-09-02 23:45,2811
2018-09-02 23:50,2803
2018-09-02 23:55,2787
2018-09-03 00:00,2785
2018-09-03 00:05,2789
2018-09-03 00:10,2777
2018-09-03 00:15,2749
2018-09-03 00:20,2722
2018-09-03 00:25,2711
2018-09-03 00:30,2719
2018-09-03 00:35,2708
2018-09-03 00:40,2711
2018-09-03 00:45,2708
2018-09-03 00:50,2699
2018-09-03 00:55,2672
2018-09-03 01:00,2662
2018-09-03 01:05,2640
2018-09-03 01:10,2639
2018-09-03 01:15,2647
2018-09-03 01:20,2642
2018-09-03 01:25,2642
2018-09-03 01:30,2623
2018-09-03 01:35,2617
2018-09-03 01:40,2599
2018-09-03 01:45,2592
2018-09-03 01:50,2566
2018-09-03 01:55,2570
2018-09-03 02:00,2558
2018-09-03 02:05,2553
2018-09-03 02:10,2549
2018-09-03 02:15,2531
2018-09-03 02:20,2503
2018-09-03 02:25,2482
2018-09-03 02:30,2484
2018-09-03 02:35,2483
2018-09-03 02:40,2473
2018-09-03 02:45,2464
2018-09-03 02:50,2470
2018-09-03 02:55,2442
2018-09-03 03:00,2431
2018-09-03 03:05,2432
2018-09-03 03:10,2421
2018-09-03 03:15,2398
2018-09-03 03:20,2397
2018-09-03 03:25,2368
2018-09-03 03:30,2342
2018-09-03 03:35,2346
2018-09-03 03:40,2340
2018-09-03 03:45,2329
2018-09-03 03:50,2296
2018-09-03 03:55,2261
2018-09-03 04:00,2248
2018-09-03 04:05,2221
2018-09-03 04:10,2189
2018-09-03 04:15,2185
2018-09-03 04:20,2160
2018-09-03 04:25,2148
2018-09-03 04:30,2105
2018-09-03 04:35,2086
2018-09-03 04:40,2090
2018-09-03 04:45,2064
2018-09-03 04:50,2036
2018-09-03 04:55,2025
2018-09-03 05:00,2023
2018-09-03 05:05,2017
2018-09-03 05:10,2006
2018-09-03 05:15,2010
2018-09-03 05:20,1995
2018-09-03 05:25,2021
2018-09-03 05:30,2014
2018-09-03 05:35,1997
2018-09-03 05:40,1981
2018-09-03 05:45,1982
2018-09-03 05:50,1978
2018-09-03 05:55,1966
2018-09-03 06:00,1948
2018-09-03 06:05,1939
2018-09-03 06:10,1953
2018-09-03 06:15,1935
2018-09-03 06:20,1922
2018-09-03 06:25,1906
2018-09-03 06:30,1914
2018-09-03 06:35,1912
2018-09-03 06:40,1903
2018-09-03 06:45,1892
2018-09-03 06:50,1889
2018-09-03 06:55,1863
2018-09-03 07:00,1876
2018-09-03 07:05,1847
2018-09-03 07:10,1848
2018-09-03 07:15,1837
2018-09-03 07:20,1834
2018-09-03 07:25,1837
2018-09-03 07:30,1868
2018-09-03 07:35,1882
2018-09-03 07:40,1885
2018-09-03 07:45,1885
2018-09-03 07:50,1907
2018-09-03 07:55,1922
2018-09-03 08:00,1925
2018-09-03 08:05,1922
2018-09-03 08:10,1933
2018-09-03 08:15,1951
2018-09-03 08:20,1949
2018-09-03 08:25,1970
2018-09-03 08:30,1986
2018-09-03 08:35,1997
2018-09-03 08:40,1985
2018-09-03 08:45,1975
2018-09-03 08:50,1972
2018-09-03 08:55,2004
2018-09-03 09:00,2026
2018-09-03 09:05,2036
2018-09-03 09:10,2048
2018-09-03 09:15,2040
2018-09-03 09:20,2034
2018-09-03 09:25,2038
2018-09-03 09:30,2067
2018-09-03 09:35,2051
2018-09-03 09:40,2077
2018-09-03 09:45,2084
2018-09-03 09:50,2093
2018-09-03 09:55,2121
2018-09-03 10:00,2155
2018-09-03 10:05,2191
2018-09-03 10:10,2201
2018-09-03 10:15,2231
2018-09-03 10:20,2241
2018-09-03 10:25,2266
2018-09-03 10:30,2289
2018-09-03 10:35,2300
2018-09-03 10:40,2307
2018-09-03 10:45,2318
2018-09-03 10:50,2344
2018-09-03 10:55,2347
2018-09-03 11:00,2371
2018-09-03 11:05,2386
2018-09-03 11:10,2405
2018-09-03 11:15,2428
2018-09-03 11:20,2425
2018-09-03 11:25,2443
2018-09-03 11:30,2454
2018-09-03 11:35,2465
2018-09-03 11:40,2507
2018-09-03 11:45,2536
2018-09-03 11:50,2544
2018-09-03 11:55,2558
2018-09-03 12:00,2603
2018-09-03 12:05,2601
2018-09-03 12:10,2631
2018-09-03 12:15,2639
2018-09-03 12:20,2669
2018-09-03 12:25,2722
2018-09-03 12:30,2768
2018-09-03 12:35,2770
2018-09-03 12:40,2806
2018-09-03 12:45,2823
2018-09-03 12:50,2835
2018-09-03 12:55,2829
2018-09-03 13:00,2832
2018-09-03 13:05,2869
2018-09-03 13:10,2904
2018-09-03 13:15,2887
2018-09-03 13:20,2954
2018-09-03 13:25,2988
2018-09-03 13:30,2987
2018-09-03 13:35,3051
2018-09-03 13:40,3081
2018-09-03 13:45,3100
2018-09-03 13:50,3134
2018-09-03 13:55,3185
2018-09-03 14:00,3199
2018-09-03 14:05,3238
2018-09-03 14:10,3265
2018-09-03 14:15,3283
2018-09-03 14:20,3331
2018-09-03 14:25,3367
2018-09-03 14:30,3379
2018-09-03 14:35,3425
2018-09-03 14:40,3453
2018-09-03 14:45,3487
2018-09-03 14:50,3502
2018-09-03 14:55,3526
2018-09-03 15:00,3538
2018-09-03 15:05,3555
2018-09-03 15:10,3608
2018-09-03 15:15,3638
2018-09-03 15:20,3640
2018-09-03 15:25,3679
2018-09-03 15:30,3725
2018-09-03 15:35,3706
2018-09-03 15:40,3765
2018-09-03 15:45,3824
2018-09-03 15:50,3854
2018-09-03 15:55,3877
2018-09-03 16:00,3862
2018-09-03 16:05,3903
2018-09-03 16:10,3918
2018-09-03 16:15,3913
2018-09-03 16:20,3916
2018-09-03 16:25,3927
2018-09-03 16:30,3960
2018-09-03 16:35,4006
2018-09-03 16:40,3977
2018-09-03 16:45,4008
2018-09-03 16:50,4035
2018-09-03 16:55,4027
2018-09-03 17:00,4084
2018-09-03 17:05,4083
2018-09-03 17:10,4119
2018-09-03 17:15,4141
2018-09-03 17:20,4153
2018-09-03 17:25,4182
2018-09-03 17:30,4209
2018-09-03 17:35,4230
2018-09-03 17:40,4215
2018-09-03 17:45,4260
2018-09-03 17:50,4272
2018-09-03 17:55,4292
2018-09-03 18:00,4293
2018-09-03 18:05,4292
2018-09-03 18:10,4273
2018-09-03 18:15,4283
2018-09-03 18:20,4286
2018-09-03 18:25,4308
2018-09-03 18:30,4324
2018-09-03 18:35,4337
2018-09-03 18:40,4363
2018-09-03 18:45,4379
2018-09-03 18:50,4365
2018-09-03 18:55,4388
2018-09-03 19:00,4376
2018-09-03 19:05,4392
2018-09-03 19:10,4405
2018-09-03 19:15,4425
2018-09-03 19:20,4441
2018-09-03 19:25,4446
2018-09-03 19:30,4447
2018-09-03 19:35,4450
2018-09-03 19:40,4437
2018-09-03 19:45,4410
2018-09-03 19:50,4405
2018-09-03 19:55,4414
2018-09-03 20:00,4375
2018-09-03 20:05,4380
2018-09-03 20:10,4337
2018-09-03 20:15,4316
2018-09-03 20:20,4302
2018-09-03 20:25,4234
2018-09-03 20:30,4218
2018-09-03 20:35,4128
2018-09-03 20:40,4106
2018-09-03 20:45,4042
2018-09-03 20:50,4016
2018-09-03 20:55,4015
2018-09-03 21:00,3979
2018-09-03 21:05,3928
2018-09-03 21:10,3839
2018-09-03 21:15,3783
2018-09-03 21:20,3724
2018-09-03 21:25,3699
2018-09-03 21:30,3628
2018-09-03 21:35,3567
2018-09-03 21:40,3537
2018-09-03 21:45,3496
2018-09-03 21:50,3482
2018-09-03 21:55,3428
2018-09-03 22:00,3382
2018-09-03 22:05,3325
2018-09-03 22:10,3307
2018-09-03 22:15,3245
2018-09-03 22:20,3198
2018-09-03 22:25,3180
2018-09-03 22:30,3174
2018-09-03 22:35,3154
2018-09-03 22:40,3145
2018-09-03 22:45,3072
2018-09-03 22:50,3067
2018-09-03 22:55,3045
2018-09-03 23:00,3018
2018-09-03 23:05,2998
2018-09-03 23:10,2964
2018-09-03 23:15,2935
2018-09-03 23:20,2930
2018-09-03 23:25,2926
2018-09-03 23:30,2915
2018-09-03 23:35,2904
2018-09-03 23:40,2874
2018-09-03 23:45,2893
2018-09-03 23:50,2884
2018-09-03 23:55,2869
2018-09-04 00:00,2842
2018-09-04 00:05,2835
2018-09-04 00:10,2823
2018-09-04 00:15,2822
2018-09-04 00:20,2807
2018-09-04 00:25,2795
2018-09-04 00:30,2777
2018-09-04 00:35,2783
2018-09-04 00:40,2762
2018-09-04 00:45,2755
2018-09-04 00:50,2738
2018-09-04 00:55,2732
2018-09-04 01:00,2726
2018-09-04 01:05,2675
2018-09-04 01:10,2657
2018-09-04 01:15,2645
2018-09-04 01:20,2643
2018-09-04 01:25,2623
2018-09-04 01:30,2616
2018-09-04 01:35,2615
2018-09-04 01:40,2593
2018-09-04 01:45,2588
2018-09-04 01:50,2570
2018-09-04 01:55,2542
2018-09-04 02:00,2546
2018-09-04 02:05,2538
2018-09-04 02:10,2538
2018-09-04 02:15,2506
2018-09-04 02:20,2474
2018-09-04 02:25,2451
2018-09-04 02:30,2450
2018-09-04 02:35,2415
2018-09-04 02:40,2417
2018-09-04 02:45,2416
2018-09-04 02:50,2389
2018-09-04 02:55,2373
2018-09-04 03:00,2363
2018-09-04 03:05,2354
2018-09-04 03:10,2302
2018-09-04 03:15,2302
2018-09-04 03:20,2287
2018-09-04 03:25,2279
2018-09-04 03:30,2254
2018-09-04 03:35,2227
2018-09-04 03:40,2190
2018-09-04 03:45,2179
2018-09-04 03:50,2148
2018-09-04 03:55,2142
2018-09-04 04:00,2106
2018-09-04 04:05,2065
2018-09-04 04:10,2056
2018-09-04 04:15,2033
2018-09-04 04:20,2006
2018-09-04 04:25,2020
2018-09-04 04:30,2013
2018-09-04 04:35,2002
2018-09-04 04:40,1963
2018-09-04 04:45,1961
2018-09-04 04:50,1918
2018-09-04 04:55,1917
2018-09-04 05:00,1868
2018-09-04 05:05,1859
2018-09-04 05:10,1833
2018-09-04 05:15,1810
2018-09-04 05:20,1789
2018-09-04 05:25,1786
2018-09-04 05:30,1778
2018-09-04 05:35,1758
2018-09-04 05:40,1766
2018-09-04 05:45,1758
2018-09-04 05:50,1759
2018-09-04 05:55,1752
2018-09-04 06:00,1756
2018-09-04 06:05,1758
2018-09-04 06:10,1750
2018-09-04 06:15,1746
2018-09-04 06:20,1761
2018-09-04 06:25,1746
2018-09-04 06:30,1725
2018-09-04 06:35,1732
2018-09-04 06:40,1721
2018-09-04 06:45,1719
2018-09-04 06:50,1713
2018-09-04 06:55,1708
2018-09-04 07:00,1697
2018-09-04 07:05,1703
2018-09-04 07:10,1708
2018-09-04 07:15,1704
2018-09-04 07:20,1704
2018-09-04 07:25,1704
2018-09-04 07:30,1714
2018-09-04 07:35,1740
2018-09-04 07:40,1746
2018-09-04 07:45,1746
2018-09-04 07:50,1737
2018-09-04 07:55,1742
2018-09-04 08:00,1714
2018-09-04 08:05,1735
2018-09-04 08:10,1741
2018-09-04 08:15,1756
2018-09-04 08:20,1751
2018-09-04 08:25,1773
2018-09-04 08:30,1770
2018-09-04 08:35,1775
2018-09-04 08:40,1798
2018-09-04 08:45,1823
2018-09-04 08:50,1837
2018-09-04 08:55,1840
2018-09-04 09:00,1852
2018-09-04 09:05,1880
2018-09-04 09:10,1897
2018-09-04 09:15,1909
2018-09-04 09:20,1934
2018-09-04 09:25,1956
2018-09-04 09:30,1951
2018-09-04 09:35,1963
2018-09-04 09:40,1981
2018-09-04 09:45,1995
2018-09-04 09:50,2036
2018-09-04 09:55,2040
2018-09-04 10:00,2066
2018-09-04 10:05,2110
2018-09-04 10:10,2105
2018-09-04 10:15,2137
2018-09-04 10:20,2174
2018-09-04 10:25,2188
2018-09-04 10:30,2210
2018-09-04 10:35,2220
2018-09-04 10:40,2232
2018-09-04 10:45,2247
2018-09-04 10:50,2257
2018-09-04 10:55,2255
2018-09-04 11:00,2252
2018-09-04 11:05,2267
2018-09-04 11:10,2275
2018-09-04 11:15,2276
2018-09-04 11:20,2297
2018-09-04 11:25,2313
2018-09-04 11:30,2311
2018-09-04 11:35,2346
2018-09-04 11:40,2372
2018-09-04 11:45,2390
2018-09-04 11:50,2397
2018-09-04 11:55,2387
2018-09-04 12:00,2401
2018-09-04 12:05,2409
2018-09-04 12:10,2432
2018-09-04 12:15,2465
2018-09-04 12:20,2466
2018-09-04 12:25,2478
2018-09-04 12:30,2487
2018-09-04 12:35,2511
2018-09-04 12:40,2517
2018-09-04 12:45,2523
2018-09-04 12:50,2570
2018-09-04 12:55,2599
2018-09-04 13:00,2618
2018-09-04 13:05,2653
2018-09-04 13:10,2639
2018-09-04 13:15,2687
2018-09-04 13:20,2728
2018-09-04 13:25,2726
2018-09-04 13:30,2752
2018-09-04 13:35,2756
2018-09-04 13:40,2792
2018-09-04 13:45,2777
2018-09-04 13:50,2790
2018-09-04 13:55,2790
2018-09-04 14:00,2786
2018-09-04 14:05,2812
2018-09-04 14:10,2828
2018-09-04 14:15,2823
2018-09-04 14:20,2878
2018-09-04 14:25,2911
2018-09-04 14:30,2926
2018-09-04 14:35,2924
2018-09-04 14:40,2930
2018-09-04 14:45,2950
2018-09-04 14:50,2953
2018-09-04 14:55,3005
2018-09-04 15:00,3028
2018-09-04 15:05,3025
2018-09-04 15:10,3010
2018-09-04 15:15,3011
2018-09-04 15:20,3022
2018-09-04 15:25,3028
2018-09-04 15:30,3042
2018-09-04 15:35,3064
2018-09-04 15:40,3097
2018-09-04 15:45,3106
2018-09-04 15:50,3132
2018-09-04 15:55,3148
2018-09-04 16:00,3122
2018-09-04 16:05,3150
2018-09-04 16:10,3145
2018-09-04 16:15,3203
2018-09-04 16:20,3227
2018-09-04 16:25,3291
2018-09-04 16:30,3301
2018-09-04 16:35,3315
2018-09-04 16:40,3318
2018-09-04 16:45,3348
2018-09-04 16:50,3365
2018-09-04 16:55,3373
2018-09-04 17:00,3394
2018-09-04 17:05,3434
2018-09-04 17:10,3464
2018-09-04 17:15,3439
2018-09-04 17:20,3452
2018-09-04 17:25,3457
2018-09-04 17:30,3489
2018-09-04 17:35,3491
2018-09-04 17:40,3487
2018-09-04 17:45,3496
2018-09-04 17:50,3496
2018-09-04 17:55,3472
2018-09-04 18:00,3497
2018-09-04 18:05,3515
2018-09-04 18:10,3510
2018-09-04 18:15,3507
2018-09-04 18:20,3514
2018-09-04 18:25,3535
2018-09-04 18:30,3546
2018-09-04 18:35,3586
2018-09-04 18:40,3622
2018-09-04 18:45,3646
2018-09-04 18:50,3612
2018-09-04 18:55,3605
2018-09-04 19:00,3600
2018-09-04 19:05,3585
2018-09-04 19:10,3605
2018-09-04 19:15,3633
2018-09-04 19:20,3638
2018-09-04 19:25,3644
2018-09-04 19:30,3640
2018-09-04 19:35,3655
2018-09-04 19:40,3656
2018-09-04 19:45,3646
2018-09-04 19:50,3629
2018-09-04 19:55,3584
2018-09-04 20:00,3561
2018-09-04 20:05,3510
2018-09-04 20:10,3462
2018-09-04 20:15,3443
2018-09-04 20:20,3427
2018-09-04 20:25,3368
2018-09-04 20:30,3381
2018-09-04 20:35,3358
2018-09-04 20:40,3295
2018-09-04 20:45,3256
2018-09-04 20:50,3221
2018-09-04 20:55,3171
2018-09-04 21:00,3144
2018-09-04 21:05,3136
2018-09-04 21:10,3099
2018-09-04 21:15,3079
2018-09-04 21:20,3053
2018-09-04 21:25,3037
2018-09-04 21:30,3020
2018-09-04 21:35,2973
2018-09-04 21:40,2927
2018-09-04 21:45,2920
2018-09-04 21:50,2900
2018-09-04 21:55,2884
2018-09-04 22:00,2882
2018-09-04 22:05,2850
2018-09-04 22:10,2804
2018-09-04 22:15,2763
2018-09-04 22:20,2740
2018-09-04 22:25,2727
2018-09-04 22:30,2690
2018-09-04 22:35,2647
2018-09-04 22:40,2616
2018-09-04 22:45,2601
2018-09-04 22:50,2590
2018-09-04 22:55,2583
2018-09-04 23:00,2558
2018-09-04 23:05,
2018-09-04 23:10,
2018-09-04 23:15,2363
2018-09-04 23:20,2513
2018-09-04 23:25,2542
2018-09-04 23:30,2533
2018-09-04 23:35,2542
2018-09-04 23:40,2516
2018-09-04 23:45,2523
2018-09-04 23:50,2501
2018-09-04 23:55,2458
2018-09-05 00:00,2413
2018-09-05 00:05,2413
2018-09-05 00:10,2386
2018-09-05 00:15,2378
2018-09-05 00:20,2394
2018-09-05 00:25,2403
2018-09-05 00:30,2383
2018-09-05 00:35,2389
2018-09-05 00:40,2376
2018-09-05 00:45,2377
2018-09-05 00:50,2356
2018-09-05 00:55,2351
2018-09-05 01:00,2348
2018-09-05 01:05,2348
2018-09-05 01:10,2322
2018-09-05 01:15,2319
2018-09-05 01:20,2281
2018-09-05 01:25,2277
2018-09-05 01:30,2271
2018-09-05 01:35,2254
2018-09-05 01:40,2243
2018-09-05 01:45,2245
2018-09-05 01:50,2238
2018-09-05 01:55,2232
2018-09-05 02:00,2240
2018-09-05 02:05,2240
2018-09-05 02:10,2221
2018-09-05 02:15,2224
2018-09-05 02:20,2192
2018-09-05 02:25,2149
2018-09-05 02:30,2130
2018-09-05 02:35,2108
2018-09-05 02:40,2104
2018-09-05 02:45,2086
2018-09-05 02:50,2066
2018-09-05 02:55,2033
2018-09-05 03:00,2018
2018-09-05 03:05,2018
2018-09-05 03:10,1974
2018-09-05 03:15,1978
2018-09-05 03:20,1973
2018-09-05 03:25,1923
2018-09-05 03:30,1900
2018-09-05 03:35,1891
2018-09-05 03:40,1861
2018-09-05 03:45,1835
2018-09-05 03:50,1808
2018-09-05 03:55,1808
2018-09-05 04:00,1792
2018-09-05 04:05,1792
2018-09-05 04:10,1737
2018-09-05 04:15,1731
2018-09-05 04:20,1706
2018-09-05 04:25,1692
2018-09-05 04:30,1670
2018-09-05 04:35,1659
2018-09-05 04:40,1659
2018-09-05 04:45,1642
2018-09-05 04:50,1635
2018-09-05 04:55,1621
2018-09-05 05:00,1600
2018-09-05 05:05,1600
2018-09-05 05:10,1591
2018-09-05 05:15,1564
2018-09-05 05:20,1554
2018-09-05 05:25,1535
2018-09-05 05:30,1522
2018-09-05 05:35,1504
2018-09-05 05:40,1504
2018-09-05 05:45,1490
2018-09-05 05:50,1497
2018-09-05 05:55,1497
2018-09-05 06:00,1507
2018-09-05 06:05,1507
2018-09-05 06:10,1478
2018-09-05 06:15,1507
2018-09-05 06:20,1507
2018-09-05 06:25,1512
2018-09-05 06:30,1498
2018-09-05 06:35,1503
2018-09-05 06:40,1486
2018-09-05 06:45,1480
2018-09-05 06:50,1476
2018-09-05 06:55,1477
2018-09-05 07:00,1459
2018-09-05 07:05,1459
2018-09-05 07:10,1474
2018-09-05 07:15,1489
2018-09-05 07:20,1493
2018-09-05 07:25,1495
2018-09-05 07:30,1495
2018-09-05 07:35,1501
2018-09-05 07:40,1509
2018-09-05 07:45,1513
2018-09-05 07:50,1497
2018-09-05 07:55,1492
2018-09-05 08:00,1513
2018-09-05 08:05,1513
2018-09-05 08:10,1501
2018-09-05 08:15,1505
2018-09-05 08:20,1524
2018-09-05 08:25,1546
2018-09-05 08:30,1564
2018-09-05 08:35,1586
2018-09-05 08:40,1594
2018-09-05 08:45,1620
2018-09-05 08:50,1633
2018-09-05 08:55,1638
2018-09-05 09:00,1632
2018-09-05 09:05,1667
2018-09-05 09:10,1689
2018-09-05 09:15,1692
2018-09-05 09:20,1716
2018-09-05 09:25,1714
2018-09-05 09:30,1731
2018-09-05 09:35,1739
2018-09-05 09:40,1752
2018-09-05 09:45,1754
2018-09-05 09:50,1789
2018-09-05 09:55,1815
2018-09-05 10:00,1888
2018-09-05 10:05,1888
2018-09-05 10:10,1910
2018-09-05 10:15,1917
2018-09-05 10:20,1948
2018-09-05 10:25,1945
2018-09-05 10:30,1958
2018-09-05 10:35,1950
2018-09-05 10:40,1991
2018-09-05 10:45,2003
2018-09-05 10:50,2016
2018-09-05 10:55,2042
2018-09-05 11:00,2068
2018-09-05 11:05,2090
2018-09-05 11:10,2095
2018-09-05 11:15,2128
2018-09-05 11:20,2144
2018-09-05 11:25,2145
2018-09-05 11:30,2157
2018-09-05 11:35,2192
2018-09-05 11:40,2198
2018-09-05 11:45,2206
2018-09-05 11:50,2207
2018-09-05 11:55,2188
2018-09-05 12:00,2205
2018-09-05 12:05,2205
2018-09-05 12:10,2200
2018-09-05 12:15,2218
2018-09-05 12:20,2236
2018-09-05 12:25,2251
2018-09-05 12:30,2290
2018-09-05 12:35,2306
2018-09-05 12:40,2338
2018-09-05 12:45,2340
2018-09-05 12:50,2362
2018-09-05 12:55,2386
2018-09-05 13:00,2383
2018-09-05 13:05,2420
2018-09-05 13:10,2422
2018-09-05 13:15,2465
2018-09-05 13:20,2469
2018-09-05 13:25,2491
2018-09-05 13:30,2491
2018-09-05 13:35,2538
2018-09-05 13:40,2564
2018-09-05 13:45,2594
2018-09-05 13:50,2613
2018-09-05 13:55,2622
2018-09-05 14:00,2640
2018-09-05 14:05,2676
2018-09-05 14:10,2682
2018-09-05 14:15,2681
2018-09-05 14:20,2733
2018-09-05 14:25,2745
2018-09-05 14:30,2765
2018-09-05 14:35,2783
2018-09-05 14:40,2804
2018-09-05 14:45,2793
2018-09-05 14:50,2818
2018-09-05 14:55,2845
2018-09-05 15:00,2834
2018-09-05 15:05,2821
2018-09-05 15:10,2845
2018-09-05 15:15,2859
2018-09-05 15:20,2888
2018-09-05 15:25,2906
2018-09-05 15:30,2926
2018-09-05 15:35,2929
2018-09-05 15:40,2967
2018-09-05 15:45,2982
2018-09-05 15:50,3017
2018-09-05 15:55,3025
2018-09-05 16:00,3028
2018-09-05 16:05,3017
2018-09-05 16:10,3029
2018-09-05 16:15,3058
2018-09-05 16:20,3079
2018-09-05 16:25,3098
2018-09-05 16:30,3128
2018-09-05 16:35,3130
2018-09-05 16:40,3141
2018-09-05 16:45,3171
2018-09-05 16:50,3200
2018-09-05 16:55,3217
2018-09-05 17:00,3235
2018-09-05 17:05,3269
2018-09-05 17:10,3272
2018-09-05 17:15,3300
2018-09-05 17:20,3309
2018-09-05 17:25,3335
2018-09-05 17:30,3329
2018-09-05 17:35,3357
2018-09-05 17:40,3398
2018-09-05 17:45,3415
2018-09-05 17:50,3433
2018-09-05 17:55,3457
2018-09-05 18:00,3476
2018-09-05 18:05,3447
2018-09-05 18:10,3451
2018-09-05 18:15,3467
2018-09-05 18:20,3481
2018-09-05 18:25,3511
2018-09-05 18:30,3498
2018-09-05 18:35,3515
2018-09-05 18:40,3511
2018-09-05 18:45,3539
2018-09-05 18:50,3543
2018-09-05 18:55,3554
2018-09-05 19:00,3590
2018-09-05 19:05,3556
2018-09-05 19:10,3544
2018-09-05 19:15,3552
2018-09-05 19:20,3506
2018-09-05 19:25,3529
2018-09-05 19:30,3508
2018-09-05 19:35,3533
2018-09-05 19:40,3521
2018-09-05 19:45,3503
2018-09-05 19:50,3462
2018-09-05 19:55,3444
2018-09-05 20:00,3398
2018-09-05 20:05,3363
2018-09-05 20:10,3355
2018-09-05 20:15,3312
2018-09-05 20:20,3271
2018-09-05 20:25,3219
2018-09-05 20:30,3168
2018-09-05 20:35,3146
2018-09-05 20:40,3103
2018-09-05 20:45,3090
2018-09-05 20:50,3063
2018-09-05 20:55,3035
2018-09-05 21:00,2984
2018-09-05 21:05,2959
2018-09-05 21:10,2909
2018-09-05 21:15,2896
2018-09-05 21:20,2870
2018-09-05 21:25,2830
2018-09-05 21:30,2822
2018-09-05 21:35,2788
2018-09-05 21:40,2764
2018-09-05 21:45,2747
2018-09-05 21:50,2702
2018-09-05 21:55,2677
2018-09-05 22:00,2642
2018-09-05 22:05,2631
2018-09-05 22:10,2585
2018-09-05 22:15,2580
2018-09-05 22:20,2524
2018-09-05 22:25,2526
2018-09-05 22:30,2480
2018-09-05 22:35,2446
2018-09-05 22:40,2410
2018-09-05 22:45,2406
2018-09-05 22:50,2392
2018-09-05 22:55,2368
2018-09-05 23:00,2369
2018-09-05 23:05,2351
2018-09-05 23:10,2343
2018-09-05 23:15,2330
2018-09-05 23:20,2340
2018-09-05 23:25,2312
2018-09-05 23:30,2308
2018-09-05 23:35,2296
2018-09-05 23:40,2294
2018-09-05 23:45,2291
2018-09-05 23:50,2266
2018-09-05 23:55,2261
2018-09-06 00:00,2260
2018-09-06 00:05,2240
2018-09-06 00:10,2241
2018-09-06 00:15,2227
2018-09-06 00:20,2218
2018-09-06 00:25,2221
2018-09-06 00:30,2227
2018-09-06 00:35,2232
2018-09-06 00:40,2216
2018-09-06 00:45,2211
2018-09-06 00:50,2222
2018-09-06 00:55,2204
2018-09-06 01:00,2187
2018-09-06 01:05,2193
2018-09-06 01:10,2191
2018-09-06 01:15,2192
2018-09-06 01:20,2208
2018-09-06 01:25,2213
2018-09-06 01:30,2213
2018-09-06 01:35,2178
2018-09-06 01:40,2162
2018-09-06 01:45,2154
2018-09-06 01:50,2134
2018-09-06 01:55,2124
2018-09-06 02:00,2087
2018-09-06 02:05,2055
2018-09-06 02:10,2031
2018-09-06 02:15,2027
2018-09-06 02:20,2006
2018-09-06 02:25,1794
2018-09-06 02:30,2007
2018-09-06 02:35,1987
2018-09-06 02:40,1990
2018-09-06 02:45,1982
2018-09-06 02:50,1967
2018-09-06 02:55,1963
2018-09-06 03:00,1951
2018-09-06 03:05,1940
2018-09-06 03:10,1941
2018-09-06 03:15,1910
2018-09-06 03:20,1902
2018-09-06 03:25,1875
2018-09-06 03:30,1864
2018-09-06 03:35,1853
2018-09-06 03:40,1843
2018-09-06 03:45,1827
2018-09-06 03:50,1794
2018-09-06 03:55,1785
2018-09-06 04:00,1773
2018-09-06 04:05,1754
2018-09-06 04:10,1742
2018-09-06 04:15,1724
2018-09-06 04:20,1730
2018-09-06 04:25,1708
2018-09-06 04:30,1698
2018-09-06 04:35,1660
2018-09-06 04:40,1647
2018-09-06 04:45,1637
2018-09-06 04:50,1611
2018-09-06 04:55,1619
2018-09-06 05:00,1611
2018-09-06 05:05,1609
2018-09-06 05:10,1605
2018-09-06 05:15,1562
2018-09-06 05:20,1560
2018-09-06 05:25,1550
2018-09-06 05:30,1532
2018-09-06 05:35,1536
2018-09-06 05:40,1536
2018-09-06 05:45,1533
2018-09-06 05:50,1527
2018-09-06 05:55,1511
2018-09-06 06:00,1494
2018-09-06 06:05,1478
2018-09-06 06:10,1464
2018-09-06 06:15,1457
2018-09-06 06:20,1457
2018-09-06 06:25,1473
2018-09-06 06:30,1484
2018-09-06 06:35,1468
2018-09-06 06:40,1464
2018-09-06 06:45,1467
2018-09-06 06:50,1457
2018-09-06 06:55,1461
2018-09-06 07:00,1486
2018-09-06 07:05,1489
2018-09-06 07:10,1511
2018-09-06 07:15,1509
2018-09-06 07:20,1493
2018-09-06 07:25,1496
2018-09-06 07:30,1485
2018-09-06 07:35,1493
2018-09-06 07:40,1518
2018-09-06 07:45,1529
2018-09-06 07:50,1545
2018-09-06 07:55,1569
2018-09-06 08:00,1577
2018-09-06 08:05,1596
2018-09-06 08:10,1607
2018-09-06 08:15,1622
2018-09-06 08:20,1615
2018-09-06 08:25,1619
2018-09-06 08:30,1607
2018-09-06 08:35,1609
2018-09-06 08:40,1620
2018-09-06 08:45,1636
2018-09-06 08:50,1630
2018-09-06 08:55,1639
2018-09-06 09:00,1653
2018-09-06 09:05,1671
2018-09-06 09:10,1680
2018-09-06 09:15,1690
2018-09-06 09:20,1716
2018-09-06 09:25,1719
2018-09-06 09:30,1726
2018-09-06 09:35,1732
2018-09-06 09:40,1749
2018-09-06 09:45,1739
2018-09-06 09:50,1756
2018-09-06 09:55,1765
2018-09-06 10:00,1801
2018-09-06 10:05,1815
2018-09-06 10:10,1853
2018-09-06 10:15,1876
2018-09-06 10:20,1883
2018-09-06 10:25,1885
2018-09-06 10:30,1913
2018-09-06 10:35,1930
2018-09-06 10:40,1944
2018-09-06 10:45,1959
2018-09-06 10:50,1956
2018-09-06 10:55,1969
2018-09-06 11:00,1972
2018-09-06 11:05,1982
2018-09-06 11:10,1992
2018-09-06 11:15,2011
2018-09-06 11:20,2042
2018-09-06 11:25,2055
2018-09-06 11:30,2079
2018-09-06 11:35,2089
2018-09-06 11:40,2099
2018-09-06 11:45,2110
2018-09-06 11:50,2118
2018-09-06 11:55,2124
2018-09-06 12:00,2142
2018-09-06 12:05,2155
2018-09-06 12:10,2192
2018-09-06 12:15,2228
2018-09-06 12:20,2240
2018-09-06 12:25,2247
2018-09-06 12:30,2268
2018-09-06 12:35,2302
2018-09-06 12:40,2337
2018-09-06 12:45,2326
2018-09-06 12:50,2335
2018-09-06 12:55,2333
2018-09-06 13:00,2358
2018-09-06 13:05,2349
2018-09-06 13:10,2339
2018-09-06 13:15,2349
2018-09-06 13:20,2358
2018-09-06 13:25,2365
2018-09-06 13:30,2374
2018-09-06 13:35,2394
2018-09-06 13:40,2379
2018-09-06 13:45,2385
2018-09-06 13:50,2364
2018-09-06 13:55,2303
2018-09-06 14:00,2189
2018-09-06 14:05,1927
2018-09-06 14:10,1435
2018-09-06 14:15,1390
2018-09-06 14:20,1391
2018-09-06 14:25,1402
2018-09-06 14:30,1409
2018-09-06 14:35,1432
2018-09-06 14:40,1482
2018-09-06 14:45,1490
2018-09-06 14:50,1489
2018-09-06 14:55,1506
2018-09-06 15:00,1535
2018-09-06 15:05,1543
2018-09-06 15:10,1558
2018-09-06 15:15,1580
2018-09-06 15:20,1594
2018-09-06 15:25,1615
2018-09-06 15:30,1661
2018-09-06 15:35,1678
2018-09-06 15:40,1723
2018-09-06 15:45,1865
2018-09-06 15:50,2047
2018-09-06 15:55,2163
2018-09-06 16:00,2284
2018-09-06 16:05,2404
2018-09-06 16:10,2557
2018-09-06 16:15,2698
2018-09-06 16:20,2804
2018-09-06 16:25,2933
2018-09-06 16:30,3027
2018-09-06 16:35,3080
2018-09-06 16:40,3169
2018-09-06 16:45,3196
2018-09-06 16:50,3226
2018-09-06 16:55,3294
2018-09-06 17:00,3338
2018-09-06 17:05,3361
2018-09-06 17:10,3367
2018-09-06 17:15,3351
2018-09-06 17:20,3381
2018-09-06 17:25,3410
2018-09-06 17:30,3423
2018-09-06 17:35,3452
2018-09-06 17:40,3466
2018-09-06 17:45,3465
2018-09-06 17:50,3509
2018-09-06 17:55,3507
2018-09-06 18:00,3553
2018-09-06 18:05,3582
2018-09-06 18:10,3573
2018-09-06 18:15,3551
2018-09-06 18:20,3559
2018-09-06 18:25,3596
2018-09-06 18:30,3571
2018-09-06 18:35,3576
2018-09-06 18:40,3535
2018-09-06 18:45,3483
2018-09-06 18:50,3506
2018-09-06 18:55,3507
2018-09-06 19:00,3496
2018-09-06 19:05,3475
2018-09-06 19:10,3483
2018-09-06 19:15,3465
2018-09-06 19:20,3481
2018-09-06 19:25,3458
2018-09-06 19:30,3459
2018-09-06 19:35,3454
2018-09-06 19:40,3460
2018-09-06 19:45,3450
2018-09-06 19:50,3437
2018-09-06 19:55,3422
2018-09-06 20:00,3384
2018-09-06 20:05,3368
2018-09-06 20:10,3331
2018-09-06 20:15,3291
2018-09-06 20:20,3272
2018-09-06 20:25,3258
2018-09-06 20:30,3239
2018-09-06 20:35,3212
2018-09-06 20:40,3174
2018-09-06 20:45,3158
2018-09-06 20:50,3140
2018-09-06 20:55,3092
2018-09-06 21:00,3055
2018-09-06 21:05,3002
2018-09-06 21:10,2990
2018-09-06 21:15,2969
2018-09-06 21:20,2929
2018-09-06 21:25,2916
2018-09-06 21:30,2897
2018-09-06 21:35,2872
2018-09-06 21:40,2843
2018-09-06 21:45,2845
2018-09-06 21:50,2833
2018-09-06 21:55,2823
2018-09-06 22:00,2778
2018-09-06 22:05,2731
2018-09-06 22:10,2694
2018-09-06 22:15,2670
2018-09-06 22:20,2636
2018-09-06 22:25,2599
2018-09-06 22:30,2569
2018-09-06 22:35,2562
2018-09-06 22:40,2549
2018-09-06 22:45,2518
2018-09-06 22:50,2495
2018-09-06 22:55,2468
2018-09-06 23:00,2413
2018-09-06 23:05,2410
2018-09-06 23:10,2386
2018-09-06 23:15,2370
2018-09-06 23:20,2387
2018-09-06 23:25,2369
2018-09-06 23:30,2360
2018-09-06 23:35,2347
2018-09-06 23:40,2340
2018-09-06 23:45,2309
2018-09-06 23:50,2309
2018-09-06 23:55,2275
2018-09-07 00:00,2253
2018-09-07 00:05,2224
2018-09-07 00:10,2187
2018-09-07 00:15,2198
2018-09-07 00:20,2179
2018-09-07 00:25,2167
2018-09-07 00:30,2168
2018-09-07 00:35,2188
2018-09-07 00:40,2171
2018-09-07 00:45,2172
2018-09-07 00:50,2169
2018-09-07 00:55,2159
2018-09-07 01:00,2156
2018-09-07 01:05,2149
2018-09-07 01:10,2125
2018-09-07 01:15,2100
2018-09-07 01:20,2114
2018-09-07 01:25,2104
2018-09-07 01:30,2113
2018-09-07 01:35,2119
2018-09-07 01:40,2117
2018-09-07 01:45,2109
2018-09-07 01:50,2123
2018-09-07 01:55,2124
2018-09-07 02:00,2119
2018-09-07 02:05,2139
2018-09-07 02:10,2158
2018-09-07 02:15,2161
2018-09-07 02:20,2159
2018-09-07 02:25,2136
2018-09-07 02:30,2097
2018-09-07 02:35,2078
2018-09-07 02:40,2080
2018-09-07 02:45,2058
2018-09-07 02:50,2065
2018-09-07 02:55,2064
2018-09-07 03:00,2071
2018-09-07 03:05,2047
2018-09-07 03:10,2019
2018-09-07 03:15,2004
2018-09-07 03:20,1973
2018-09-07 03:25,1947
2018-09-07 03:30,1915
2018-09-07 03:35,1885
2018-09-07 03:40,1873
2018-09-07 03:45,1863
2018-09-07 03:50,1860
2018-09-07 03:55,1857
2018-09-07 04:00,1843
2018-09-07 04:05,1822
2018-09-07 04:10,1784
2018-09-07 04:15,1772
2018-09-07 04:20,1751
2018-09-07 04:25,1748
2018-09-07 04:30,1719
2018-09-07 04:35,1711
2018-09-07 04:40,1696
2018-09-07 04:45,1673
2018-09-07 04:50,1669
2018-09-07 04:55,1645
2018-09-07 05:00,1623
2018-09-07 05:05,1603
2018-09-07 05:10,1572
2018-09-07 05:15,1559
2018-09-07 05:20,1569
2018-09-07 05:25,1563
2018-09-07 05:30,1565
2018-09-07 05:35,1559
2018-09-07 05:40,1559
2018-09-07 05:45,1561
2018-09-07 05:50,1552
2018-09-07 05:55,1558
2018-09-07 06:00,1541
2018-09-07 06:05,1525
2018-09-07 06:10,1507
2018-09-07 06:15,1489
2018-09-07 06:20,1511
2018-09-07 06:25,1525
2018-09-07 06:30,1521
2018-09-07 06:35,1539
2018-09-07 06:40,1533
2018-09-07 06:45,1528
2018-09-07 06:50,1527
2018-09-07 06:55,1538
2018-09-07 07:00,1545
2018-09-07 07:05,1556
2018-09-07 07:10,1564
2018-09-07 07:15,1574
2018-09-07 07:20,1575
2018-09-07 07:25,1566
2018-09-07 07:30,1586
2018-09-07 07:35,1581
2018-09-07 07:40,1591
2018-09-07 07:45,1589
2018-09-07 07:50,1591
2018-09-07 07:55,1566
2018-09-07 08:00,1595
2018-09-07 08:05,1609
2018-09-07 08:10,1642
2018-09-07 08:15,1664
2018-09-07 08:20,1662
2018-09-07 08:25,1683
2018-09-07 08:30,1670
2018-09-07 08:35,1685
2018-09-07 08:40,1684
2018-09-07 08:45,1683
2018-09-07 08:50,1715
2018-09-07 08:55,1741
2018-09-07 09:00,1741
2018-09-07 09:05,1754
2018-09-07 09:10,1771
2018-09-07 09:15,1774
2018-09-07 09:20,1780
2018-09-07 09:25,1776
2018-09-07 09:30,1799
2018-09-07 09:35,1799
2018-09-07 09:40,1805
2018-09-07 09:45,1812
2018-09-07 09:50,1811
2018-09-07 09:55,1812
2018-09-07 10:00,1825
2018-09-07 10:05,1856
2018-09-07 10:10,1899
2018-09-07 10:15,1960
2018-09-07 10:20,1976
2018-09-07 10:25,1990
2018-09-07 10:30,2018
2018-09-07 10:35,2027
2018-09-07 10:40,2007
2018-09-07 10:45,2034
2018-09-07 10:50,2058
2018-09-07 10:55,2055
2018-09-07 11:00,2070
2018-09-07 11:05,2098
2018-09-07 11:10,2117
2018-09-07 11:15,2162
2018-09-07 11:20,2176
2018-09-07 11:25,2222
2018-09-07 11:30,2221
2018-09-07 11:35,2229
2018-09-07 11:40,2259
2018-09-07 11:45,2270
2018-09-07 11:50,2279
2018-09-07 11:55,2269
2018-09-07 12:00,2303
2018-09-07 12:05,2294
2018-09-07 12:10,2312
2018-09-07 12:15,2322
2018-09-07 12:20,2377
2018-09-07 12:25,2406
2018-09-07 12:30,2434
2018-09-07 12:35,2445
2018-09-07 12:40,2482
2018-09-07 12:45,2510
2018-09-07 12:50,2504
2018-09-07 12:55,2517
2018-09-07 13:00,2530
2018-09-07 13:05,2558
2018-09-07 13:10,2557
2018-09-07 13:15,2593
2018-09-07 13:20,2602
2018-09-07 13:25,2629
2018-09-07 13:30,2664
2018-09-07 13:35,2693
2018-09-07 13:40,2694
2018-09-07 13:45,2674
2018-09-07 13:50,2696
2018-09-07 13:55,2728
2018-09-07 14:00,2738
2018-09-07 14:05,2723
2018-09-07 14:10,2719
2018-09-07 14:15,2756
2018-09-07 14:20,2782
2018-09-07 14:25,2789
2018-09-07 14:30,2800
2018-09-07 14:35,2845
2018-09-07 14:40,2865
2018-09-07 14:45,2888
2018-09-07 14:50,2906
2018-09-07 14:55,2928
2018-09-07 15:00,2930
2018-09-07 15:05,2976
2018-09-07 15:10,3014
2018-09-07 15:15,3033
2018-09-07 15:20,3064
2018-09-07 15:25,3065
2018-09-07 15:30,3093
2018-09-07 15:35,3091
2018-09-07 15:40,3125
2018-09-07 15:45,3153
2018-09-07 15:50,3160
2018-09-07 15:55,3155
2018-09-07 16:00,3154
2018-09-07 16:05,3183
2018-09-07 16:10,3194
2018-09-07 16:15,3222
2018-09-07 16:20,3238
2018-09-07 16:25,3251
2018-09-07 16:30,3294
2018-09-07 16:35,3293
2018-09-07 16:40,3283
2018-09-07 16:45,3313
2018-09-07 16:50,3341
2018-09-07 16:55,3349
2018-09-07 17:00,3352
2018-09-07 17:05,3369
2018-09-07 17:10,3404
2018-09-07 17:15,3406
2018-09-07 17:20,3446
2018-09-07 17:25,3429
2018-09-07 17:30,3421
2018-09-07 17:35,3419
2018-09-07 17:40,3414
2018-09-07 17:45,3420
2018-09-07 17:50,3418
2018-09-07 17:55,3418
2018-09-07 18:00,3420
2018-09-07 18:05,3421
2018-09-07 18:10,3439
2018-09-07 18:15,3430
2018-09-07 18:20,3486
2018-09-07 18:25,3521
2018-09-07 18:30,3557
2018-09-07 18:35,3547
2018-09-07 18:40,3577
2018-09-07 18:45,3587
2018-09-07 18:50,3590
2018-09-07 18:55,3588
2018-09-07 19:00,3559
2018-09-07 19:05,3528
2018-09-07 19:10,3562
2018-09-07 19:15,3564
2018-09-07 19:20,3590
2018-09-07 19:25,3590
2018-09-07 19:30,3580
2018-09-07 19:35,3595
2018-09-07 19:40,3628
2018-09-07 19:45,3609
2018-09-07 19:50,3599
2018-09-07 19:55,3575
2018-09-07 20:00,3546
2018-09-07 20:05,3535
2018-09-07 20:10,3535
2018-09-07 20:15,3539
2018-09-07 20:20,3523
2018-09-07 20:25,3529
2018-09-07 20:30,3511
2018-09-07 20:35,3480
2018-09-07 20:40,3447
2018-09-07 20:45,3430
2018-09-07 20:50,3405
2018-09-07 20:55,3386
2018-09-07 21:00,3346
2018-09-07 21:05,3356
2018-09-07 21:10,3336
2018-09-07 21:15,3290
2018-09-07 21:20,3257
2018-09-07 21:25,3214
2018-09-07 21:30,3195
2018-09-07 21:35,3161
2018-09-07 21:40,3131
2018-09-07 21:45,3051
2018-09-07 21:50,3003
2018-09-07 21:55,2995
2018-09-07 22:00,3008
2018-09-07 22:05,2961
2018-09-07 22:10,2941
2018-09-07 22:15,2905
2018-09-07 22:20,2868
2018-09-07 22:25,2831
2018-09-07 22:30,2786
2018-09-07 22:35,2765
2018-09-07 22:40,2749
2018-09-07 22:45,2754
2018-09-07 22:50,2739
2018-09-07 22:55,2722
2018-09-07 23:00,2697
2018-09-07 23:05,2663
2018-09-07 23:10,2598
2018-09-07 23:15,2566
2018-09-07 23:20,2553
2018-09-07 23:25,2522
2018-09-07 23:30,2526
2018-09-07 23:35,2514
2018-09-07 23:40,2494
2018-09-07 23:45,2460
2018-09-07 23:50,2456
2018-09-07 23:55,2450
2018-09-08 00:00,2436
2018-09-08 00:05,2434
2018-09-08 00:10,2392
2018-09-08 00:15,2402
2018-09-08 00:20,2419
2018-09-08 00:25,2430
2018-09-08 00:30,2436
2018-09-08 00:35,2437
2018-09-08 00:40,2444
2018-09-08 00:45,2445
2018-09-08 00:50,2413
2018-09-08 00:55,2402
2018-09-08 01:00,2411
2018-09-08 01:05,2395
2018-09-08 01:10,2375
2018-09-08 01:15,2365
2018-09-08 01:20,2358
2018-09-08 01:25,2359
2018-09-08 01:30,2348
2018-09-08 01:35,2341
2018-09-08 01:40,2328
2018-09-08 01:45,2332
2018-09-08 01:50,2322
2018-09-08 01:55,2311
2018-09-08 02:00,2303
2018-09-08 02:05,2288
2018-09-08 02:10,2255
2018-09-08 02:15,2259
2018-09-08 02:20,2237
2018-09-08 02:25,2249
2018-09-08 02:30,2224
2018-09-08 02:35,2222
2018-09-08 02:40,2176
2018-09-08 02:45,2164
2018-09-08 02:50,2164
2018-09-08 02:55,2142
2018-09-08 03:00,2151
2018-09-08 03:05,2137
2018-09-08 03:10,2122
2018-09-08 03:15,2115
2018-09-08 03:20,2094
2018-09-08 03:25,2087
2018-09-08 03:30,2095
2018-09-08 03:35,2081
2018-09-08 03:40,2082
2018-09-08 03:45,2066
2018-09-08 03:50,2044
2018-09-08 03:55,2012
2018-09-08 04:00,1989
2018-09-08 04:05,1969
2018-09-08 04:10,1971
2018-09-08 04:15,1930
2018-09-08 04:20,1922
2018-09-08 04:25,1905
2018-09-08 04:30,1894
2018-09-08 04:35,1892
2018-09-08 04:40,1880
2018-09-08 04:45,1882
2018-09-08 04:50,1852
2018-09-08 04:55,1865
2018-09-08 05:00,1855
2018-09-08 05:05,1841
2018-09-08 05:10,1834
2018-09-08 05:15,1836
2018-09-08 05:20,1817
2018-09-08 05:25,1809
2018-09-08 05:30,1826
2018-09-08 05:35,1829
2018-09-08 05:40,1821
2018-09-08 05:45,1806
2018-09-08 05:50,1789
2018-09-08 05:55,1787
2018-09-08 06:00,1788
2018-09-08 06:05,1796
2018-09-08 06:10,1783
2018-09-08 06:15,1760
2018-09-08 06:20,1758
2018-09-08 06:25,1778
2018-09-08 06:30,1803
2018-09-08 06:35,1819
2018-09-08 06:40,1832
2018-09-08 06:45,1820
2018-09-08 06:50,1849
2018-09-08 06:55,1843
2018-09-08 07:00,1857
2018-09-08 07:05,1856
2018-09-08 07:10,1854
2018-09-08 07:15,1870
2018-09-08 07:20,1897
2018-09-08 07:25,1931
2018-09-08 07:30,1943
2018-09-08 07:35,1948
2018-09-08 07:40,1973
2018-09-08 07:45,1991
2018-09-08 07:50,2009
2018-09-08 07:55,2026
2018-09-08 08:00,2023
2018-09-08 08:05,2023
2018-09-08 08:10,2013
2018-09-08 08:15,2035
2018-09-08 08:20,2041
2018-09-08 08:25,2033
2018-09-08 08:30,2072
2018-09-08 08:35,2100
2018-09-08 08:40,2133
2018-09-08 08:45,2132
2018-09-08 08:50,2148
2018-09-08 08:55,2186
2018-09-08 09:00,2200
2018-09-08 09:05,2236
2018-09-08 09:10,2237
2018-09-08 09:15,2259
2018-09-08 09:20,2273
2018-09-08 09:25,2275
2018-09-08 09:30,2299
2018-09-08 09:35,2338
2018-09-08 09:40,2341
2018-09-08 09:45,2363
2018-09-08 09:50,2369
2018-09-08 09:55,2387
2018-09-08 10:00,2420
2018-09-08 10:05,2452
2018-09-08 10:10,2497
2018-09-08 10:15,2512
2018-09-08 10:20,2533
2018-09-08 10:25,2538
2018-09-08 10:30,2560
2018-09-08 10:35,2581
2018-09-08 10:40,2619
2018-09-08 10:45,2628
2018-09-08 10:50,2645
2018-09-08 10:55,2664
2018-09-08 11:00,2670
2018-09-08 11:05,2696
2018-09-08 11:10,2708
2018-09-08 11:15,2696
2018-09-08 11:20,2727
2018-09-08 11:25,2740
2018-09-08 11:30,2761
2018-09-08 11:35,2780
2018-09-08 11:40,2804
2018-09-08 11:45,2818
2018-09-08 11:50,2845
2018-09-08 11:55,2853
2018-09-08 12:00,2891
2018-09-08 12:05,2895
2018-09-08 12:10,2916
2018-09-08 12:15,2922
2018-09-08 12:20,2956
2018-09-08 12:25,2964
2018-09-08 12:30,2991
2018-09-08 12:35,2992
2018-09-08 12:40,3034
2018-09-08 12:45,3039
2018-09-08 12:50,3043
2018-09-08 12:55,3062
2018-09-08 13:00,3116
2018-09-08 13:05,3127
2018-09-08 13:10,3145
2018-09-08 13:15,3183
2018-09-08 13:20,3181
2018-09-08 13:25,3204
2018-09-08 13:30,3224
2018-09-08 13:35,3255
2018-09-08 13:40,3269
2018-09-08 13:45,3274
2018-09-08 13:50,3304
2018-09-08 13:55,3307
2018-09-08 14:00,3338
2018-09-08 14:05,3369
2018-09-08 14:10,3364
2018-09-08 14:15,3365
2018-09-08 14:20,3375
2018-09-08 14:25,3405
2018-09-08 14:30,3417
2018-09-08 14:35,3437
2018-09-08 14:40,3494
2018-09-08 14:45,3492
2018-09-08 14:50,3552
2018-09-08 14:55,3574
2018-09-08 15:00,3580
2018-09-08 15:05,3597
2018-09-08 15:10,3601
2018-09-08 15:15,3612
2018-09-08 15:20,3648
2018-09-08 15:25,3661
2018-09-08 15:30,3642
2018-09-08 15:35,3671
2018-09-08 15:40,3670
2018-09-08 15:45,3677
2018-09-08 15:50,3701
2018-09-08 15:55,3688
2018-09-08 16:00,3703
2018-09-08 16:05,3734
2018-09-08 16:10,3737
2018-09-08 16:15,3742
2018-09-08 16:20,3754
2018-09-08 16:25,3793
2018-09-08 16:30,3820
2018-09-08 16:35,3791
2018-09-08 16:40,3774
2018-09-08 16:45,3770
2018-09-08 16:50,3760
2018-09-08 16:55,3763
2018-09-08 17:00,3756
2018-09-08 17:05,3781
2018-09-08 17:10,3787
2018-09-08 17:15,3805
2018-09-08 17:20,3814
2018-09-08 17:25,3838
2018-09-08 17:30,3849
2018-09-08 17:35,3856
2018-09-08 17:40,3862
2018-09-08 17:45,3876
2018-09-08 17:50,3863
2018-09-08 17:55,3877
2018-09-08 18:00,3877
2018-09-08 18:05,3872
2018-09-08 18:10,3873
2018-09-08 18:15,3851
2018-09-08 18:20,3827
2018-09-08 18:25,3825
2018-09-08 18:30,3801
2018-09-08 18:35,3837
2018-09-08 18:40,3877
2018-09-08 18:45,3871
2018-09-08 18:50,3880
2018-09-08 18:55,3877
2018-09-08 19:00,3890
2018-09-08 19:05,3918
2018-09-08 19:10,3893
2018-09-08 19:15,3899
2018-09-08 19:20,3888
2018-09-08 19:25,3912
2018-09-08 19:30,3919
2018-09-08 19:35,3907
2018-09-08 19:40,3868
2018-09-08 19:45,3878
2018-09-08 19:50,3900
2018-09-08 19:55,3892
2018-09-08 20:00,3889
2018-09-08 20:05,3870
2018-09-08 20:10,3866
2018-09-08 20:15,3871
2018-09-08 20:20,3862
2018-09-08 20:25,3854
2018-09-08 20:30,3828
2018-09-08 20:35,3830
2018-09-08 20:40,3788
2018-09-08 20:45,3770
2018-09-08 20:50,3781
2018-09-08 20:55,3749
2018-09-08 21:00,3723
2018-09-08 21:05,3711
2018-09-08 21:10,3651
2018-09-08 21:15,3621
2018-09-08 21:20,3557
2018-09-08 21:25,3533
2018-09-08 21:30,3511
2018-09-08 21:35,3484
2018-09-08 21:40,3470
2018-09-08 21:45,3437
2018-09-08 21:50,3416
2018-09-08 21:55,3405
2018-09-08 22:00,3358
2018-09-08 22:05,3320
2018-09-08 22:10,3298
2018-09-08 22:15,3282
2018-09-08 22:20,3260
2018-09-08 22:25,3185
2018-09-08 22:30,3157
2018-09-08 22:35,3122
2018-09-08 22:40,3086
2018-09-08 22:45,3079
2018-09-08 22:50,3046
2018-09-08 22:55,3003
2018-09-08 23:00,2956
2018-09-08 23:05,2947
2018-09-08 23:10,2906
2018-09-08 23:15,2893
2018-09-08 23:20,2861
2018-09-08 23:25,2844
2018-09-08 23:30,2813
2018-09-08 23:35,2809
2018-09-08 23:40,2782
2018-09-08 23:45,2763
2018-09-08 23:50,2753
2018-09-08 23:55,2749
2018-09-09 00:00,2731
2018-09-09 00:05,2708
2018-09-09 00:10,2676
2018-09-09 00:15,2660
2018-09-09 00:20,2661
2018-09-09 00:25,2652
2018-09-09 00:30,2643
2018-09-09 00:35,2627
2018-09-09 00:40,2606
2018-09-09 00:45,2597
2018-09-09 00:50,2601
2018-09-09 00:55,2548
2018-09-09 01:00,2539
2018-09-09 01:05,2526
2018-09-09 01:10,2519
2018-09-09 01:15,2530
2018-09-09 01:20,2509
2018-09-09 01:25,2504
2018-09-09 01:30,2500
2018-09-09 01:35,2494
2018-09-09 01:40,2497
2018-09-09 01:45,2455
2018-09-09 01:50,2448
2018-09-09 01:55,2426
2018-09-09 02:00,2405
2018-09-09 02:05,2381
2018-09-09 02:10,2383
2018-09-09 02:15,2385
2018-09-09 02:20,2348
2018-09-09 02:25,2361
2018-09-09 02:30,2360
2018-09-09 02:35,2344
2018-09-09 02:40,2349
2018-09-09 02:45,2324
2018-09-09 02:50,2319
2018-09-09 02:55,2309
2018-09-09 03:00,2310
2018-09-09 03:05,2285
2018-09-09 03:10,2260
2018-09-09 03:15,2254
2018-09-09 03:20,2223
2018-09-09 03:25,2212
2018-09-09 03:30,2180
2018-09-09 03:35,2173
2018-09-09 03:40,2165
2018-09-09 03:45,2163
2018-09-09 03:50,2160
2018-09-09 03:55,2136
2018-09-09 04:00,2135
2018-09-09 04:05,2109
2018-09-09 04:10,2104
2018-09-09 04:15,2074
2018-09-09 04:20,2066
2018-09-09 04:25,2079
2018-09-09 04:30,2056
2018-09-09 04:35,2063
2018-09-09 04:40,2026
2018-09-09 04:45,2019
2018-09-09 04:50,2013
2018-09-09 04:55,2014
2018-09-09 05:00,1989
2018-09-09 05:05,1974
2018-09-09 05:10,1971
2018-09-09 05:15,1985
2018-09-09 05:20,1992
2018-09-09 05:25,2009
2018-09-09 05:30,1999
2018-09-09 05:35,2006
2018-09-09 05:40,1993
2018-09-09 05:45,1993
2018-09-09 05:50,2005
2018-09-09 05:55,1997
2018-09-09 06:00,2012
2018-09-09 06:05,2009
2018-09-09 06:10,2016
2018-09-09 06:15,2032
2018-09-09 06:20,2042
2018-09-09 06:25,2047
2018-09-09 06:30,2043
2018-09-09 06:35,2034
2018-09-09 06:40,2052
2018-09-09 06:45,2067
2018-09-09 06:50,2050
2018-09-09 06:55,2043
2018-09-09 07:00,2061
2018-09-09 07:05,2062
2018-09-09 07:10,2086
2018-09-09 07:15,2100
2018-09-09 07:20,2109
2018-09-09 07:25,2124
2018-09-09 07:30,2120
2018-09-09 07:35,2137
2018-09-09 07:40,2126
2018-09-09 07:45,2156
2018-09-09 07:50,2175
2018-09-09 07:55,2196
2018-09-09 08:00,2221
2018-09-09 08:05,2249
2018-09-09 08:10,2269
2018-09-09 08:15,2281
2018-09-09 08:20,2301
2018-09-09 08:25,2323
2018-09-09 08:30,2370
2018-09-09 08:35,2382
2018-09-09 08:40,2406
2018-09-09 08:45,2433
2018-09-09 08:50,2468
2018-09-09 08:55,2490
2018-09-09 09:00,2523
2018-09-09 09:05,2536
2018-09-09 09:10,2572
2018-09-09 09:15,2603
2018-09-09 09:20,2631
2018-09-09 09:25,2643
2018-09-09 09:30,2687
2018-09-09 09:35,2693
2018-09-09 09:40,2724
2018-09-09 09:45,2775
2018-09-09 09:50,2784
2018-09-09 09:55,2798
2018-09-09 10:00,2810
2018-09-09 10:05,2849
2018-09-09 10:10,2870
2018-09-09 10:15,2902
2018-09-09 10:20,2972
2018-09-09 10:25,2977
2018-09-09 10:30,2996
2018-09-09 10:35,3008
2018-09-09 10:40,3018
2018-09-09 10:45,3041
2018-09-09 10:50,3064
2018-09-09 10:55,3090
2018-09-09 11:00,3102
2018-09-09 11:05,3144
2018-09-09 11:10,3143
2018-09-09 11:15,3171
2018-09-09 11:20,3183
2018-09-09 11:25,3197
2018-09-09 11:30,3200
2018-09-09 11:35,3207
2018-09-09 11:40,3225
2018-09-09 11:45,3226
2018-09-09 11:50,3275
2018-09-09 11:55,3315
2018-09-09 12:00,3319
2018-09-09 12:05,3325
2018-09-09 12:10,3346
2018-09-09 12:15,3378
2018-09-09 12:20,3391
2018-09-09 12:25,3422
2018-09-09 12:30,3435
2018-09-09 12:35,3457
2018-09-09 12:40,3459
2018-09-09 12:45,3478
2018-09-09 12:50,3518
2018-09-09 12:55,3512
2018-09-09 13:00,3492
2018-09-09 13:05,3508
2018-09-09 13:10,3532
2018-09-09 13:15,3551
2018-09-09 13:20,3561
2018-09-09 13:25,3580
2018-09-09 13:30,3595
2018-09-09 13:35,3620
2018-09-09 13:40,3655
2018-09-09 13:45,3650
2018-09-09 13:50,3661
2018-09-09 13:55,3697
2018-09-09 14:00,3701
2018-09-09 14:05,3687
2018-09-09 14:10,3696
2018-09-09 14:15,3715
2018-09-09 14:20,3739
2018-09-09 14:25,3779
2018-09-09 14:30,3810
2018-09-09 14:35,3831
2018-09-09 14:40,3862
2018-09-09 14:45,3903
2018-09-09 14:50,3906
2018-09-09 14:55,3895
2018-09-09 15:00,3874
2018-09-09 15:05,3893
2018-09-09 15:10,3900
2018-09-09 15:15,3885
2018-09-09 15:20,3893
2018-09-09 15:25,3897
2018-09-09 15:30,3916
2018-09-09 15:35,3943
2018-09-09 15:40,3951
2018-09-09 15:45,3984
2018-09-09 15:50,4011
2018-09-09 15:55,4025
2018-09-09 16:00,4039
2018-09-09 16:05,4064
2018-09-09 16:10,4052
2018-09-09 16:15,4046
2018-09-09 16:20,4065
2018-09-09 16:25,4057
2018-09-09 16:30,4082
2018-09-09 16:35,4090
2018-09-09 16:40,4107
2018-09-09 16:45,4139
2018-09-09 16:50,4138
2018-09-09 16:55,4181
2018-09-09 17:00,4206
2018-09-09 17:05,4185
2018-09-09 17:10,4166
2018-09-09 17:15,4194
2018-09-09 17:20,4186
2018-09-09 17:25,4190
2018-09-09 17:30,4191
2018-09-09 17:35,4211
2018-09-09 17:40,4209
2018-09-09 17:45,4256
2018-09-09 17:50,4221
2018-09-09 17:55,4235
2018-09-09 18:00,4239
2018-09-09 18:05,4248
2018-09-09 18:10,4259
2018-09-09 18:15,4235
2018-09-09 18:20,4205
2018-09-09 18:25,4182
2018-09-09 18:30,4143
2018-09-09 18:35,4173
2018-09-09 18:40,4223
2018-09-09 18:45,4206
2018-09-09 18:50,4207
2018-09-09 18:55,4198
2018-09-09 19:00,4207
2018-09-09 19:05,4213
2018-09-09 19:10,4201
2018-09-09 19:15,4209
2018-09-09 19:20,4216
2018-09-09 19:25,4159
2018-09-09 19:30,4138
2018-09-09 19:35,4152
2018-09-09 19:40,4126
2018-09-09 19:45,4091
2018-09-09 19:50,4053
2018-09-09 19:55,4035
2018-09-09 20:00,3992
2018-09-09 20:05,3980
2018-09-09 20:10,3947
2018-09-09 20:15,3896
2018-09-09 20:20,3882
2018-09-09 20:25,3865
2018-09-09 20:30,3836
2018-09-09 20:35,3828
2018-09-09 20:40,3782
2018-09-09 20:45,3738
2018-09-09 20:50,3704
2018-09-09 20:55,3636
2018-09-09 21:00,3613
2018-09-09 21:05,3565
2018-09-09 21:10,3528
2018-09-09 21:15,3490
2018-09-09 21:20,3464
2018-09-09 21:25,3411
2018-09-09 21:30,3380
2018-09-09 21:35,3363
2018-09-09 21:40,3347
2018-09-09 21:45,3304
2018-09-09 21:50,3251
2018-09-09 21:55,3210
2018-09-09 22:00,3199
2018-09-09 22:05,3134
2018-09-09 22:10,3095
2018-09-09 22:15,3048
2018-09-09 22:20,3022
2018-09-09 22:25,2961
2018-09-09 22:30,2915
2018-09-09 22:35,2881
2018-09-09 22:40,2856
2018-09-09 22:45,2837
2018-09-09 22:50,2813
2018-09-09 22:55,2801
2018-09-09 23:00,2766
2018-09-09 23:05,2747
2018-09-09 23:10,2735
2018-09-09 23:15,2705
2018-09-09 23:20,2677
2018-09-09 23:25,2671
2018-09-09 23:30,2669
2018-09-09 23:35,2660
2018-09-09 23:40,2663
2018-09-09 23:45,2666
2018-09-09 23:50,2653
2018-09-09 23:55,2636
2018-09-10 00:00,2612
2018-09-10 00:05,2599
2018-09-10 00:10,2586
2018-09-10 00:15,2560
2018-09-10 00:20,2547
2018-09-10 00:25,2555
2018-09-10 00:30,2550
2018-09-10 00:35,2525
2018-09-10 00:40,2505
2018-09-10 00:45,2481
2018-09-10 00:50,2460
2018-09-10 00:55,2442
2018-09-10 01:00,2439
2018-09-10 01:05,2448
2018-09-10 01:10,2428
2018-09-10 01:15,2406
2018-09-10 01:20,2394
2018-09-10 01:25,2386
2018-09-10 01:30,2370
2018-09-10 01:35,2356
2018-09-10 01:40,2359
2018-09-10 01:45,2348
2018-09-10 01:50,2314
2018-09-10 01:55,2285
2018-09-10 02:00,2278
2018-09-10 02:05,2250
2018-09-10 02:10,2242
2018-09-10 02:15,2251
2018-09-10 02:20,2219
2018-09-10 02:25,2217
2018-09-10 02:30,2195
2018-09-10 02:35,2196
2018-09-10 02:40,2192
2018-09-10 02:45,2167
2018-09-10 02:50,2138
2018-09-10 02:55,2114
2018-09-10 03:00,2098
2018-09-10 03:05,2081
2018-09-10 03:10,2042
2018-09-10 03:15,2023
2018-09-10 03:20,1987
2018-09-10 03:25,1973
2018-09-10 03:30,1956
2018-09-10 03:35,1931
2018-09-10 03:40,1912
2018-09-10 03:45,1898
2018-09-10 03:50,1868
2018-09-10 03:55,1842
2018-09-10 04:00,1830
2018-09-10 04:05,1800
2018-09-10 04:10,1772
2018-09-10 04:15,1750
2018-09-10 04:20,1729
2018-09-10 04:25,1720
2018-09-10 04:30,1717
2018-09-10 04:35,1737
2018-09-10 04:40,1729
2018-09-10 04:45,1708
2018-09-10 04:50,1691
2018-09-10 04:55,1676
2018-09-10 05:00,1646
2018-09-10 05:05,1632
2018-09-10 05:10,1599
2018-09-10 05:15,1593
2018-09-10 05:20,1576
2018-09-10 05:25,1566
2018-09-10 05:30,1563
2018-09-10 05:35,1580
2018-09-10 05:40,1584
2018-09-10 05:45,1589
2018-09-10 05:50,1587
2018-09-10 05:55,1578
2018-09-10 06:00,1581
2018-09-10 06:05,1565
2018-09-10 06:10,1564
2018-09-10 06:15,1565
2018-09-10 06:20,1541
2018-09-10 06:25,1533
2018-09-10 06:30,1524
2018-09-10 06:35,1522
2018-09-10 06:40,1527
2018-09-10 06:45,1526
2018-09-10 06:50,1522
2018-09-10 06:55,1533
2018-09-10 07:00,1554
2018-09-10 07:05,1546
2018-09-10 07:10,1555
2018-09-10 07:15,1551
2018-09-10 07:20,1545
2018-09-10 07:25,1549
2018-09-10 07:30,1541
2018-09-10 07:35,1537
2018-09-10 07:40,1558
2018-09-10 07:45,1568
2018-09-10 07:50,1586
2018-09-10 07:55,1585
2018-09-10 08:00,1595
2018-09-10 08:05,1611
2018-09-10 08:10,1635
2018-09-10 08:15,1635
2018-09-10 08:20,1656
2018-09-10 08:25,1673
2018-09-10 08:30,1686
2018-09-10 08:35,1690
2018-09-10 08:40,1697
2018-09-10 08:45,1718
2018-09-10 08:50,1725
2018-09-10 08:55,1731
2018-09-10 09:00,1725
2018-09-10 09:05,1733
2018-09-10 09:10,1756
2018-09-10 09:15,1753
2018-09-10 09:20,1749
2018-09-10 09:25,1762
2018-09-10 09:30,1770
2018-09-10 09:35,1787
2018-09-10 09:40,1796
2018-09-10 09:45,1804
2018-09-10 09:50,1819
2018-09-10 09:55,1822
2018-09-10 10:00,1860
2018-09-10 10:05,1872
2018-09-10 10:10,1904
2018-09-10 10:15,1930
2018-09-10 10:20,1936
2018-09-10 10:25,1933
2018-09-10 10:30,1918
2018-09-10 10:35,1948
2018-09-10 10:40,1972
2018-09-10 10:45,1985
2018-09-10 10:50,2016
2018-09-10 10:55,2025
2018-09-10 11:00,2029
2018-09-10 11:05,2059
2018-09-10 11:10,2082
2018-09-10 11:15,2095
2018-09-10 11:20,2113
2018-09-10 11:25,2155
2018-09-10 11:30,2162
2018-09-10 11:35,2178
2018-09-10 11:40,2182
2018-09-10 11:45,2202
2018-09-10 11:50,2190
2018-09-10 11:55,2204
2018-09-10 12:00,2224
2018-09-10 12:05,2255
2018-09-10 12:10,2267
2018-09-10 12:15,2286
2018-09-10 12:20,2288
2018-09-10 12:25,2317
2018-09-10 12:30,2324
2018-09-10 12:35,2362
2018-09-10 12:40,2377
2018-09-10 12:45,2371
2018-09-10 12:50,2428
2018-09-10 12:55,2449
2018-09-10 13:00,2469
2018-09-10 13:05,2479
2018-09-10 13:10,2470
2018-09-10 13:15,2483
2018-09-10 13:20,2513
2018-09-10 13:25,2547
2018-09-10 13:30,2570
2018-09-10 13:35,2580
2018-09-10 13:40,2567
2018-09-10 13:45,2599
2018-09-10 13:50,2626
2018-09-10 13:55,2623
2018-09-10 14:00,2643
2018-09-10 14:05,2639
2018-09-10 14:10,2656
2018-09-10 14:15,2664
2018-09-10 14:20,2691
2018-09-10 14:25,2714
2018-09-10 14:30,2756
2018-09-10 14:35,2756
2018-09-10 14:40,2784
2018-09-10 14:45,2811
2018-09-10 14:50,2811
2018-09-10 14:55,2814
2018-09-10 15:00,2841
2018-09-10 15:05,2843
2018-09-10 15:10,2875
2018-09-10 15:15,2914
2018-09-10 15:20,2942
2018-09-10 15:25,2980
2018-09-10 15:30,2988
2018-09-10 15:35,3016
2018-09-10 15:40,3040
2018-09-10 15:45,3085
2018-09-10 15:50,3104
2018-09-10 15:55,3094
2018-09-10 16:00,3090
2018-09-10 16:05,3105
2018-09-10 16:10,3159
2018-09-10 16:15,3151
2018-09-10 16:20,3165
2018-09-10 16:25,3169
2018-09-10 16:30,3229
2018-09-10 16:35,3243
2018-09-10 16:40,3250
2018-09-10 16:45,3279
2018-09-10 16:50,3289
2018-09-10 16:55,3303
2018-09-10 17:00,3337
2018-09-10 17:05,3392
2018-09-10 17:10,3398
2018-09-10 17:15,3384
2018-09-10 17:20,3419
2018-09-10 17:25,3431
2018-09-10 17:30,3437
2018-09-10 17:35,3444
2018-09-10 17:40,3459
2018-09-10 17:45,3490
2018-09-10 17:50,3485
2018-09-10 17:55,3494
2018-09-10 18:00,3511
2018-09-10 18:05,3539
2018-09-10 18:10,3541
2018-09-10 18:15,3543
2018-09-10 18:20,3553
2018-09-10 18:25,3555
2018-09-10 18:30,3568
2018-09-10 18:35,3568
2018-09-10 18:40,3561
2018-09-10 18:45,3593
2018-09-10 18:50,3571
2018-09-10 18:55,3567
2018-09-10 19:00,3548
2018-09-10 19:05,3551
2018-09-10 19:10,3519
2018-09-10 19:15,3521
2018-09-10 19:20,3528
2018-09-10 19:25,3526
2018-09-10 19:30,3506
2018-09-10 19:35,3518
2018-09-10 19:40,3503
2018-09-10 19:45,3513
2018-09-10 19:50,3486
2018-09-10 19:55,3451
2018-09-10 20:00,3437
2018-09-10 20:05,3414
2018-09-10 20:10,3398
2018-09-10 20:15,3378
2018-09-10 20:20,3380
2018-09-10 20:25,3362
2018-09-10 20:30,3338
2018-09-10 20:35,3307
2018-09-10 20:40,3288
2018-09-10 20:45,3256
2018-09-10 20:50,3221
2018-09-10 20:55,3198
2018-09-10 21:00,3179
2018-09-10 21:05,3153
2018-09-10 21:10,3104
2018-09-10 21:15,3066
2018-09-10 21:20,3017
2018-09-10 21:25,2984
2018-09-10 21:30,2925
2018-09-10 21:35,2882
2018-09-10 21:40,2862
2018-09-10 21:45,2842
2018-09-10 21:50,2807
2018-09-10 21:55,2772
2018-09-10 22:00,2751
2018-09-10 22:05,2707
2018-09-10 22:10,2674
2018-09-10 22:15,2634
2018-09-10 22:20,2602
2018-09-10 22:25,2594
2018-09-10 22:30,2567
2018-09-10 22:35,2548
2018-09-10 22:40,2516
2018-09-10 22:45,2502
2018-09-10 22:50,2477
2018-09-10 22:55,2457
2018-09-10 23:00,2471
2018-09-10 23:05,2458
2018-09-10 23:10,2451
2018-09-10 23:15,2426
2018-09-10 23:20,2426
2018-09-10 23:25,2419
2018-09-10 23:30,2386
2018-09-10 23:35,2351
2018-09-10 23:40,2321
2018-09-10 23:45,2329
2018-09-10 23:50,2314
2018-09-10 23:55,2293
2018-09-11 00:00,2317
2018-09-11 00:05,2307
2018-09-11 00:10,2310
2018-09-11 00:15,2309
2018-09-11 00:20,2303
2018-09-11 00:25,2318
2018-09-11 00:30,2319
2018-09-11 00:35,2316
2018-09-11 00:40,2313
2018-09-11 00:45,2299
2018-09-11 00:50,2295
2018-09-11 00:55,2278
2018-09-11 01:00,2268
2018-09-11 01:05,2234
2018-09-11 01:10,2236
2018-09-11 01:15,2236
2018-09-11 01:20,2234
2018-09-11 01:25,2217
2018-09-11 01:30,2202
2018-09-11 01:35,2209
2018-09-11 01:40,2197
2018-09-11 01:45,2186
2018-09-11 01:50,2182
2018-09-11 01:55,2157
2018-09-11 02:00,2126
2018-09-11 02:05,2129
2018-09-11 02:10,2111
2018-09-11 02:15,2080
2018-09-11 02:20,2070
2018-09-11 02:25,2056
2018-09-11 02:30,2036
2018-09-11 02:35,2019
2018-09-11 02:40,1990
2018-09-11 02:45,1994
2018-09-11 02:50,1974
2018-09-11 02:55,1952
2018-09-11 03:00,1951
2018-09-11 03:05,1939
2018-09-11 03:10,1925
2018-09-11 03:15,1916
2018-09-11 03:20,1894
2018-09-11 03:25,1875
2018-09-11 03:30,1849
2018-09-11 03:35,1823
2018-09-11 03:40,1813
2018-09-11 03:45,1772
2018-09-11 03:50,1769
2018-09-11 03:55,1757
2018-09-11 04:00,1724
2018-09-11 04:05,1692
2018-09-11 04:10,1669
2018-09-11 04:15,1649
2018-09-11 04:20,1621
2018-09-11 04:25,1602
2018-09-11 04:30,1580
2018-09-11 04:35,1587
2018-09-11 04:40,1560
2018-09-11 04:45,1554
2018-09-11 04:50,1533
2018-09-11 04:55,1528
2018-09-11 05:00,1523
2018-09-11 05:05,1518
2018-09-11 05:10,1495
2018-09-11 05:15,1497
2018-09-11 05:20,1477
2018-09-11 05:25,1482
2018-09-11 05:30,1488
2018-09-11 05:35,1482
2018-09-11 05:40,1497
2018-09-11 05:45,1494
2018-09-11 05:50,1492
2018-09-11 05:55,1473
2018-09-11 06:00,1463
2018-09-11 06:05,1452
2018-09-11 06:10,1444
2018-09-11 06:15,1453
2018-09-11 06:20,1451
2018-09-11 06:25,1440
2018-09-11 06:30,1449
2018-09-11 06:35,1432
2018-09-11 06:40,1420
2018-09-11 06:45,1417
2018-09-11 06:50,1383
2018-09-11 06:55,1380
2018-09-11 07:00,1389
2018-09-11 07:05,1397
2018-09-11 07:10,1412
2018-09-11 07:15,1423
2018-09-11 07:20,1413
2018-09-11 07:25,1408
2018-09-11 07:30,1405
2018-09-11 07:35,1392
2018-09-11 07:40,1413
2018-09-11 07:45,1429
2018-09-11 07:50,1447
2018-09-11 07:55,1456
2018-09-11 08:00,1486
2018-09-11 08:05,1497
2018-09-11 08:10,1496
2018-09-11 08:15,1517
2018-09-11 08:20,1537
2018-09-11 08:25,1535
2018-09-11 08:30,1559
2018-09-11 08:35,1547
2018-09-11 08:40,1563
2018-09-11 08:45,1565
2018-09-11 08:50,1568
2018-09-11 08:55,1590
2018-09-11 09:00,1600
2018-09-11 09:05,1606
2018-09-11 09:10,1611
2018-09-11 09:15,1616
2018-09-11 09:20,1633
2018-09-11 09:25,1641
2018-09-11 09:30,1652
2018-09-11 09:35,1668
2018-09-11 09:40,1671
2018-09-11 09:45,1697
2018-09-11 09:50,1702
2018-09-11 09:55,1709
2018-09-11 10:00,1722
2018-09-11 10:05,1768
2018-09-11 10:10,1792
2018-09-11 10:15,1797
2018-09-11 10:20,1834
2018-09-11 10:25,1853
2018-09-11 10:30,1870
2018-09-11 10:35,1887
2018-09-11 10:40,1884
2018-09-11 10:45,1897
2018-09-11 10:50,1918
2018-09-11 10:55,1919
2018-09-11 11:00,1926
2018-09-11 11:05,1945
2018-09-11 11:10,1944
2018-09-11 11:15,1968
2018-09-11 11:20,1951
2018-09-11 11:25,1944
2018-09-11 11:30,1944
2018-09-11 11:35,1949
2018-09-11 11:40,1929
2018-09-11 11:45,1951
2018-09-11 11:50,1964
2018-09-11 11:55,1878
2018-09-11 12:00,1592
2018-09-11 12:05,1012
2018-09-11 12:10,877
2018-09-11 12:15,847
2018-09-11 12:20,823
2018-09-11 12:25,833
2018-09-11 12:30,823
2018-09-11 12:35,809
2018-09-11 12:40,803
2018-09-11 12:45,802
2018-09-11 12:50,822
2018-09-11 12:55,830
2018-09-11 13:00,814
2018-09-11 13:05,821
2018-09-11 13:10,825
2018-09-11 13:15,843
2018-09-11 13:20,822
2018-09-11 13:25,845
2018-09-11 13:30,857
2018-09-11 13:35,871
2018-09-11 13:40,871
2018-09-11 13:45,861
2018-09-11 13:50,871
2018-09-11 13:55,893
2018-09-11 14:00,895
2018-09-11 14:05,870
2018-09-11 14:10,882
2018-09-11 14:15,882
2018-09-11 14:20,918
2018-09-11 14:25,931
2018-09-11 14:30,947
2018-09-11 14:35,954
2018-09-11 14:40,953
2018-09-11 14:45,944
2018-09-11 14:50,942
2018-09-11 14:55,966
2018-09-11 15:00,983
2018-09-11 15:05,1005
2018-09-11 15:10,1023
2018-09-11 15:15,1023
2018-09-11 15:20,1026
2018-09-11 15:25,1026
2018-09-11 15:30,1044
2018-09-11 15:35,1070
2018-09-11 15:40,1083
2018-09-11 15:45,1090
2018-09-11 15:50,1121
2018-09-11 15:55,1143
2018-09-11 16:00,1165
2018-09-11 16:05,1187
2018-09-11 16:10,1239
2018-09-11 16:15,1204
2018-09-11 16:20,1247
2018-09-11 16:25,1223
2018-09-11 16:30,1251
2018-09-11 16:35,1282
2018-09-11 16:40,1349
2018-09-11 16:45,1410
2018-09-11 16:50,1468
2018-09-11 16:55,1545
2018-09-11 17:00,1819
2018-09-11 17:05,2191
2018-09-11 17:10,2502
2018-09-11 17:15,2730
2018-09-11 17:20,2888
2018-09-11 17:25,3044
2018-09-11 17:30,3185
2018-09-11 17:35,3279
2018-09-11 17:40,3370
2018-09-11 17:45,3448
2018-09-11 17:50,3511
2018-09-11 17:55,3587
2018-09-11 18:00,3618
2018-09-11 18:05,3637
2018-09-11 18:10,3685
2018-09-11 18:15,3698
2018-09-11 18:20,3682
2018-09-11 18:25,3704
2018-09-11 18:30,3703
2018-09-11 18:35,3719
2018-09-11 18:40,3719
2018-09-11 18:45,3725
2018-09-11 18:50,3737
2018-09-11 18:55,3760
2018-09-11 19:00,3757
2018-09-11 19:05,3729
2018-09-11 19:10,3686
2018-09-11 19:15,3686
2018-09-11 19:20,3647
2018-09-11 19:25,3634
2018-09-11 19:30,3631
2018-09-11 19:35,3629
2018-09-11 19:40,3632
2018-09-11 19:45,3621
2018-09-11 19:50,3586
2018-09-11 19:55,3593
2018-09-11 20:00,3556
2018-09-11 20:05,3519
2018-09-11 20:10,3470
2018-09-11 20:15,3440
2018-09-11 20:20,3382
2018-09-11 20:25,3371
2018-09-11 20:30,3329
2018-09-11 20:35,3285
2018-09-11 20:40,3236
2018-09-11 20:45,3219
2018-09-11 20:50,3209
2018-09-11 20:55,3153
2018-09-11 21:00,3102
2018-09-11 21:05,3070
2018-09-11 21:10,3039
2018-09-11 21:15,3016
2018-09-11 21:20,3010
2018-09-11 21:25,2962
2018-09-11 21:30,2916
2018-09-11 21:35,2870
2018-09-11 21:40,2850
2018-09-11 21:45,2821
2018-09-11 21:50,2818
2018-09-11 21:55,2774
2018-09-11 22:00,2734
2018-09-11 22:05,2693
2018-09-11 22:10,2666
2018-09-11 22:15,2626
2018-09-11 22:20,2582
2018-09-11 22:25,2564
2018-09-11 22:30,2515
2018-09-11 22:35,2500
2018-09-11 22:40,2482
2018-09-11 22:45,2485
2018-09-11 22:50,2471
2018-09-11 22:55,2464
2018-09-11 23:00,2468
2018-09-11 23:05,2474
2018-09-11 23:10,2452
2018-09-11 23:15,2404
2018-09-11 23:20,2387
2018-09-11 23:25,2376
2018-09-11 23:30,2352
2018-09-11 23:35,2368
2018-09-11 23:40,0
2018-09-11 23:45,354
2018-09-11 23:50,1936
2018-09-11 23:55,2296
2018-09-12 00:00,2280
2018-09-12 00:05,2265
2018-09-12 00:10,2238
2018-09-12 00:15,2224
2018-09-12 00:20,2233
2018-09-12 00:25,2227
2018-09-12 00:30,2233
2018-09-12 00:35,2217
2018-09-12 00:40,2189
2018-09-12 00:45,2184
2018-09-12 00:50,2169
2018-09-12 00:55,2111
2018-09-12 01:00,2198
2018-09-12 01:05,2202
2018-09-12 01:10,2191
2018-09-12 01:15,2187
2018-09-12 01:20,2196
2018-09-12 01:25,2159
2018-09-12 01:30,2137
2018-09-12 01:35,2140
2018-09-12 01:40,2140
2018-09-12 01:45,2143
2018-09-12 01:50,2133
2018-09-12 01:55,2114
2018-09-12 02:00,2086
2018-09-12 02:05,2076
2018-09-12 02:10,2056
2018-09-12 02:15,2032
2018-09-12 02:20,2003
2018-09-12 02:25,1995
2018-09-12 02:30,1995
2018-09-12 02:35,2001
2018-09-12 02:40,1994
2018-09-12 02:45,1974
2018-09-12 02:50,1950
2018-09-12 02:55,1936
2018-09-12 03:00,1897
2018-09-12 03:05,1864
2018-09-12 03:10,1852
2018-09-12 03:15,1819
2018-09-12 03:20,1791
2018-09-12 03:25,1776
2018-09-12 03:30,1762
2018-09-12 03:35,1764
2018-09-12 03:40,1771
2018-09-12 03:45,1769
2018-09-12 03:50,1756
2018-09-12 03:55,1734
2018-09-12 04:00,1708
2018-09-12 04:05,1685
2018-09-12 04:10,1667
2018-09-12 04:15,1678
2018-09-12 04:20,1658
2018-09-12 04:25,1643
2018-09-12 04:30,1632
2018-09-12 04:35,1619
2018-09-12 04:40,1577
2018-09-12 04:45,1583
2018-09-12 04:50,1560
2018-09-12 04:55,1562
2018-09-12 05:00,1559
2018-09-12 05:05,1537
2018-09-12 05:10,1529
2018-09-12 05:15,1514
2018-09-12 05:20,1498
2018-09-12 05:25,1496
2018-09-12 05:30,1487
2018-09-12 05:35,1451
2018-09-12 05:40,1463
2018-09-12 05:45,1471
2018-09-12 05:50,1452
2018-09-12 05:55,1460
2018-09-12 06:00,1465
2018-09-12 06:05,1478
2018-09-12 06:10,1478
2018-09-12 06:15,1473
2018-09-12 06:20,1470
2018-09-12 06:25,1476
2018-09-12 06:30,1488
2018-09-12 06:35,1481
2018-09-12 06:40,1488
2018-09-12 06:45,1485
2018-09-12 06:50,1469
2018-09-12 06:55,1468
2018-09-12 07:00,1455
2018-09-12 07:05,1468
2018-09-12 07:10,1471
2018-09-12 07:15,1480
2018-09-12 07:20,1500
2018-09-12 07:25,1511
2018-09-12 07:30,1515
2018-09-12 07:35,1534
2018-09-12 07:40,1534
2018-09-12 07:45,1546
2018-09-12 07:50,1548
2018-09-12 07:55,1549
2018-09-12 08:00,1555
2018-09-12 08:05,1550
2018-09-12 08:10,1560
2018-09-12 08:15,1561
2018-09-12 08:20,1572
2018-09-12 08:25,1572
2018-09-12 08:30,1573
2018-09-12 08:35,1582
2018-09-12 08:40,1560
2018-09-12 08:45,1570
2018-09-12 08:50,1602
2018-09-12 08:55,1606
2018-09-12 09:00,1631
2018-09-12 09:05,1627
2018-09-12 09:10,1644
2018-09-12 09:15,1656
2018-09-12 09:20,1652
2018-09-12 09:25,1654
2018-09-12 09:30,1655
2018-09-12 09:35,1649
2018-09-12 09:40,1667
2018-09-12 09:45,1681
2018-09-12 09:50,1686
2018-09-12 09:55,1681
2018-09-12 10:00,1693
2018-09-12 10:05,1747
2018-09-12 10:10,1753
2018-09-12 10:15,1776
2018-09-12 10:20,1787
2018-09-12 10:25,1819
2018-09-12 10:30,1841
2018-09-12 10:35,1870
2018-09-12 10:40,1887
2018-09-12 10:45,1900
2018-09-12 10:50,1894
2018-09-12 10:55,1894
2018-09-12 11:00,1905
2018-09-12 11:05,1886
2018-09-12 11:10,1909
2018-09-12 11:15,1939
2018-09-12 11:20,1937
2018-09-12 11:25,1969
2018-09-12 11:30,1982
2018-09-12 11:35,1991
2018-09-12 11:40,2018
2018-09-12 11:45,2026
2018-09-12 11:50,2060
2018-09-12 11:55,2040
2018-09-12 12:00,2086
2018-09-12 12:05,2104
2018-09-12 12:10,2105
2018-09-12 12:15,2093
2018-09-12 12:20,2111
2018-09-12 12:25,2153
2018-09-12 12:30,2162
2018-09-12 12:35,2187
2018-09-12 12:40,2198
2018-09-12 12:45,2224
2018-09-12 12:50,2259
2018-09-12 12:55,2277
2018-09-12 13:00,2285
2018-09-12 13:05,2291
2018-09-12 13:10,2286
2018-09-12 13:15,2306
2018-09-12 13:20,2340
2018-09-12 13:25,2370
2018-09-12 13:30,2376
2018-09-12 13:35,2397
2018-09-12 13:40,2446
2018-09-12 13:45,2457
2018-09-12 13:50,2482
2018-09-12 13:55,2461
2018-09-12 14:00,2490
2018-09-12 14:05,2491
2018-09-12 14:10,2516
2018-09-12 14:15,2536
2018-09-12 14:20,2557
2018-09-12 14:25,2585
2018-09-12 14:30,2614
2018-09-12 14:35,2620
2018-09-12 14:40,2622
2018-09-12 14:45,2640
2018-09-12 14:50,2642
2018-09-12 14:55,2657
2018-09-12 15:00,2659
2018-09-12 15:05,2678
2018-09-12 15:10,2697
2018-09-12 15:15,2719
2018-09-12 15:20,2752
2018-09-12 15:25,2767
2018-09-12 15:30,2789
2018-09-12 15:35,2818
2018-09-12 15:40,2775
2018-09-12 15:45,2877
2018-09-12 15:50,2881
2018-09-12 15:55,2862
2018-09-12 16:00,2884
2018-09-12 16:05,2907
2018-09-12 16:10,2907
2018-09-12 16:15,2920
2018-09-12 16:20,2953
2018-09-12 16:25,2964
2018-09-12 16:30,2965
2018-09-12 16:35,2983
2018-09-12 16:40,2975
2018-09-12 16:45,2990
2018-09-12 16:50,3001
2018-09-12 16:55,3031
2018-09-12 17:00,3039
2018-09-12 17:05,3056
2018-09-12 17:10,3079
2018-09-12 17:15,3093
2018-09-12 17:20,3124
2018-09-12 17:25,3120
2018-09-12 17:30,3146
2018-09-12 17:35,3154
2018-09-12 17:40,3174
2018-09-12 17:45,3177
2018-09-12 17:50,3174
2018-09-12 17:55,3218
2018-09-12 18:00,3216
2018-09-12 18:05,3205
2018-09-12 18:10,3199
2018-09-12 18:15,3165
2018-09-12 18:20,
2018-09-12 18:25,
2018-09-12 18:30,3165
2018-09-12 18:35,3165
2018-09-12 18:40,3180
2018-09-12 18:45,0
2018-09-12 18:50,3228
2018-09-12 18:55,3227
2018-09-12 19:00,3238
2018-09-12 19:05,3241
2018-09-12 19:10,3273
2018-09-12 19:15,3298
2018-09-12 19:20,3263
2018-09-12 19:25,3282
2018-09-12 19:30,3270
2018-09-12 19:35,3226
2018-09-12 19:40,3201
2018-09-12 19:45,3179
2018-09-12 19:50,3185
2018-09-12 19:55,3160
2018-09-12 20:00,3100
2018-09-12 20:05,3059
2018-09-12 20:10,3042
2018-09-12 20:15,3011
2018-09-12 20:20,2991
2018-09-12 20:25,2956
2018-09-12 20:30,2922
2018-09-12 20:35,2924
2018-09-12 20:40,2877
2018-09-12 20:45,2828
2018-09-12 20:50,2825
2018-09-12 20:55,2807
2018-09-12 21:00,2787
2018-09-12 21:05,2765
2018-09-12 21:10,0
2018-09-12 21:15,2722
2018-09-12 21:20,0
2018-09-12 21:25,2630
2018-09-12 21:30,2601
2018-09-12 21:35,2562
2018-09-12 21:40,2534
2018-09-12 21:45,2506
2018-09-12 21:50,2476
2018-09-12 21:55,2442
2018-09-12 22:00,2433
2018-09-12 22:05,2400
2018-09-12 22:10,2381
2018-09-12 22:15,2337
2018-09-12 22:20,2289
2018-09-12 22:25,2283
2018-09-12 22:30,2259
2018-09-12 22:35,2225
2018-09-12 22:40,2209
2018-09-12 22:45,2221
2018-09-12 22:50,2211
2018-09-12 22:55,2227
2018-09-12 23:00,2226
2018-09-12 23:05,2217
2018-09-12 23:10,2203
2018-09-12 23:15,2195
2018-09-12 23:20,2182
2018-09-12 23:25,2199
2018-09-12 23:30,2210
2018-09-12 23:35,2202
2018-09-12 23:40,2187
2018-09-12 23:45,2186
2018-09-12 23:50,2173
2018-09-12 23:55,2181
2018-09-13 00:00,2185
2018-09-13 00:05,2150
2018-09-13 00:10,2127
2018-09-13 00:15,2111
2018-09-13 00:20,2088
2018-09-13 00:25,2085
2018-09-13 00:30,2095
2018-09-13 00:35,2070
2018-09-13 00:40,2061
2018-09-13 00:45,2061
2018-09-13 00:50,2044
2018-09-13 00:55,2042
2018-09-13 01:00,2052
2018-09-13 01:05,2077
2018-09-13 01:10,2060
2018-09-13 01:15,2026
2018-09-13 01:20,2036
2018-09-13 01:25,2019
2018-09-13 01:30,2037
2018-09-13 01:35,2020
2018-09-13 01:40,1997
2018-09-13 01:45,1985
2018-09-13 01:50,1970
2018-09-13 01:55,1973
2018-09-13 02:00,1953
2018-09-13 02:05,1952
2018-09-13 02:10,1931
2018-09-13 02:15,1916
2018-09-13 02:20,1898
2018-09-13 02:25,1887
2018-09-13 02:30,1869
2018-09-13 02:35,1852
2018-09-13 02:40,1834
2018-09-13 02:45,1838
2018-09-13 02:50,1839
2018-09-13 02:55,1811
2018-09-13 03:00,1769
2018-09-13 03:05,1763
2018-09-13 03:10,1737
2018-09-13 03:15,1725
2018-09-13 03:20,1692
2018-09-13 03:25,1685
2018-09-13 03:30,1649
2018-09-13 03:35,1627
2018-09-13 03:40,1612
2018-09-13 03:45,1606
2018-09-13 03:50,1589
2018-09-13 03:55,1567
2018-09-13 04:00,1550
2018-09-13 04:05,1533
2018-09-13 04:10,1517
2018-09-13 04:15,1503
2018-09-13 04:20,1482
2018-09-13 04:25,1472
2018-09-13 04:30,1467
2018-09-13 04:35,1464
2018-09-13 04:40,1440
2018-09-13 04:45,1445
2018-09-13 04:50,1436
2018-09-13 04:55,1420
2018-09-13 05:00,1418
2018-09-13 05:05,1398
2018-09-13 05:10,1366
2018-09-13 05:15,1345
2018-09-13 05:20,1344
2018-09-13 05:25,1331
2018-09-13 05:30,1327
2018-09-13 05:35,1319
2018-09-13 05:40,1328
2018-09-13 05:45,1328
2018-09-13 05:50,1333
2018-09-13 05:55,1330
2018-09-13 06:00,1332
2018-09-13 06:05,1319
2018-09-13 06:10,1315
2018-09-13 06:15,1316
2018-09-13 06:20,1319
2018-09-13 06:25,1304
2018-09-13 06:30,1293
2018-09-13 06:35,1297
2018-09-13 06:40,1300
2018-09-13 06:45,1277
2018-09-13 06:50,1270
2018-09-13 06:55,1286
2018-09-13 07:00,1291
2018-09-13 07:05,1300
2018-09-13 07:10,1304
2018-09-13 07:15,1316
2018-09-13 07:20,1336
2018-09-13 07:25,1357
2018-09-13 07:30,1380
2018-09-13 07:35,1373
2018-09-13 07:40,1372
2018-09-13 07:45,1358
2018-09-13 07:50,1380
2018-09-13 07:55,1389
2018-09-13 08:00,1398
2018-09-13 08:05,1409
2018-09-13 08:10,1418
2018-09-13 08:15,1417
2018-09-13 08:20,1405
2018-09-13 08:25,1415
2018-09-13 08:30,1418
2018-09-13 08:35,1427
2018-09-13 08:40,1445
2018-09-13 08:45,1464
2018-09-13 08:50,1483
2018-09-13 08:55,1499
2018-09-13 09:00,1528
2018-09-13 09:05,1547
2018-09-13 09:10,1555
2018-09-13 09:15,1567
2018-09-13 09:20,1600
2018-09-13 09:25,1599
2018-09-13 09:30,1606
2018-09-13 09:35,1621
2018-09-13 09:40,1624
2018-09-13 09:45,1620
2018-09-13 09:50,1629
2018-09-13 09:55,1666
2018-09-13 10:00,1700
2018-09-13 10:05,1724
2018-09-13 10:10,1711
2018-09-13 10:15,1724
2018-09-13 10:20,1742
2018-09-13 10:25,1762
2018-09-13 10:30,1777
2018-09-13 10:35,1786
2018-09-13 10:40,1792
2018-09-13 10:45,1794
2018-09-13 10:50,1809
2018-09-13 10:55,1848
2018-09-13 11:00,1852
2018-09-13 11:05,1848
2018-09-13 11:10,1857
2018-09-13 11:15,1867
2018-09-13 11:20,1861
2018-09-13 11:25,1868
2018-09-13 11:30,1885
2018-09-13 11:35,1880
2018-09-13 11:40,1881
2018-09-13 11:45,1857
2018-09-13 11:50,1819
2018-09-13 11:55,1731
2018-09-13 12:00,1414
2018-09-13 12:05,778
2018-09-13 12:10,699
2018-09-13 12:15,667
2018-09-13 12:20,652
2018-09-13 12:25,648
2018-09-13 12:30,624
2018-09-13 12:35,615
2018-09-13 12:40,611
2018-09-13 12:45,621
2018-09-13 12:50,612
2018-09-13 12:55,606
2018-09-13 13:00,605
2018-09-13 13:05,601
2018-09-13 13:10,605
2018-09-13 13:15,586
2018-09-13 13:20,595
2018-09-13 13:25,590
2018-09-13 13:30,585
2018-09-13 13:35,584
2018-09-13 13:40,601
2018-09-13 13:45,580
2018-09-13 13:50,589
2018-09-13 13:55,604
2018-09-13 14:00,600
2018-09-13 14:05,584
2018-09-13 14:10,580
2018-09-13 14:15,572
2018-09-13 14:20,575
2018-09-13 14:25,565
2018-09-13 14:30,578
2018-09-13 14:35,583
2018-09-13 14:40,598
2018-09-13 14:45,596
2018-09-13 14:50,607
2018-09-13 14:55,620
2018-09-13 15:00,646
2018-09-13 15:05,638
2018-09-13 15:10,629
2018-09-13 15:15,637
2018-09-13 15:20,659
2018-09-13 15:25,662
2018-09-13 15:30,664
2018-09-13 15:35,678
2018-09-13 15:40,681
2018-09-13 15:45,699
2018-09-13 15:50,712
2018-09-13 15:55,694
2018-09-13 16:00,708
2018-09-13 16:05,705
2018-09-13 16:10,724
2018-09-13 16:15,730
2018-09-13 16:20,738
2018-09-13 16:25,739
2018-09-13 16:30,757
2018-09-13 16:35,773
2018-09-13 16:40,800
2018-09-13 16:45,808
2018-09-13 16:50,839
2018-09-13 16:55,844
2018-09-13 17:00,858
2018-09-13 17:05,904
2018-09-13 17:10,918
2018-09-13 17:15,933
2018-09-13 17:20,952
2018-09-13 17:25,954
2018-09-13 17:30,943
2018-09-13 17:35,945
2018-09-13 17:40,973
2018-09-13 17:45,986
2018-09-13 17:50,1012
2018-09-13 17:55,1026
2018-09-13 18:00,1023
2018-09-13 18:05,1009
2018-09-13 18:10,993
2018-09-13 18:15,967
2018-09-13 18:20,963
2018-09-13 18:25,956
2018-09-13 18:30,954
2018-09-13 18:35,966
2018-09-13 18:40,975
2018-09-13 18:45,978
2018-09-13 18:50,980
2018-09-13 18:55,983
2018-09-13 19:00,1011
2018-09-13 19:05,1013
2018-09-13 19:10,1034
2018-09-13 19:15,1033
2018-09-13 19:20,1026
2018-09-13 19:25,1040
2018-09-13 19:30,1046
2018-09-13 19:35,1079
2018-09-13 19:40,1124
2018-09-13 19:45,1138
2018-09-13 19:50,1122
2018-09-13 19:55,1123
2018-09-13 20:00,1123
2018-09-13 20:05,1131
2018-09-13 20:10,1096
2018-09-13 20:15,1060
2018-09-13 20:20,1008
2018-09-13 20:25,997
2018-09-13 20:30,1005
2018-09-13 20:35,1029
2018-09-13 20:40,1055
2018-09-13 20:45,1112
2018-09-13 20:50,1145
2018-09-13 20:55,1193
2018-09-13 21:00,1218
2018-09-13 21:05,1240
2018-09-13 21:10,1215
2018-09-13 21:15,1197
2018-09-13 21:20,1205
2018-09-13 21:25,1216
2018-09-13 21:30,1257
2018-09-13 21:35,1373
2018-09-13 21:40,1358
2018-09-13 21:45,1392
2018-09-13 21:50,1699
2018-09-13 21:55,1895
2018-09-13 22:00,2025
2018-09-13 22:05,2146
2018-09-13 22:10,2218
2018-09-13 22:15,2260
2018-09-13 22:20,2300
2018-09-13 22:25,2309
2018-09-13 22:30,2320
2018-09-13 22:35,2331
2018-09-13 22:40,2333
2018-09-13 22:45,2354
2018-09-13 22:50,2352
2018-09-13 22:55,2341
2018-09-13 23:00,2361
2018-09-13 23:05,2358
2018-09-13 23:10,2356
2018-09-13 23:15,2322
2018-09-13 23:20,2332
2018-09-13 23:25,2301
2018-09-13 23:30,2277
2018-09-13 23:35,2235
2018-09-13 23:40,2247
2018-09-13 23:45,2235
2018-09-13 23:50,2240
2018-09-13 23:55,2235
2018-09-14 00:00,2230
2018-09-14 00:05,2204
2018-09-14 00:10,2208
2018-09-14 00:15,2191
2018-09-14 00:20,2195
2018-09-14 00:25,2184
2018-09-14 00:30,2169
2018-09-14 00:35,2159
2018-09-14 00:40,2152
2018-09-14 00:45,2135
2018-09-14 00:50,2127
2018-09-14 00:55,2116
2018-09-14 01:00,2102
2018-09-14 01:05,2114
2018-09-14 01:10,2085
2018-09-14 01:15,2074
2018-09-14 01:20,2034
2018-09-14 01:25,2050
2018-09-14 01:30,2038
2018-09-14 01:35,2023
2018-09-14 01:40,2009
2018-09-14 01:45,1997
2018-09-14 01:50,1982
2018-09-14 01:55,1968
2018-09-14 02:00,1958
2018-09-14 02:05,1937
2018-09-14 02:10,1924
2018-09-14 02:15,1911
2018-09-14 02:20,1916
2018-09-14 02:25,1911
2018-09-14 02:30,1890
2018-09-14 02:35,1865
2018-09-14 02:40,1841
2018-09-14 02:45,1822
2018-09-14 02:50,1819
2018-09-14 02:55,1799
2018-09-14 03:00,1754
2018-09-14 03:05,1761
2018-09-14 03:10,1763
2018-09-14 03:15,1741
2018-09-14 03:20,1729
2018-09-14 03:25,1710
2018-09-14 03:30,1720
2018-09-14 03:35,1707
2018-09-14 03:40,1708
2018-09-14 03:45,1675
2018-09-14 03:50,1669
2018-09-14 03:55,1655
2018-09-14 04:00,1644
2018-09-14 04:05,1639
2018-09-14 04:10,1646
2018-09-14 04:15,1609
2018-09-14 04:20,1585
2018-09-14 04:25,1595
2018-09-14 04:30,1585
2018-09-14 04:35,1573
2018-09-14 04:40,1557
2018-09-14 04:45,1556
2018-09-14 04:50,1523
2018-09-14 04:55,1524
2018-09-14 05:00,1511
2018-09-14 05:05,1491
2018-09-14 05:10,1503
2018-09-14 05:15,1492
2018-09-14 05:20,1465
2018-09-14 05:25,1467
2018-09-14 05:30,1461
2018-09-14 05:35,1438
2018-09-14 05:40,1458
2018-09-14 05:45,1447
2018-09-14 05:50,1442
2018-09-14 05:55,1444
2018-09-14 06:00,1435
2018-09-14 06:05,1423
2018-09-14 06:10,1429
2018-09-14 06:15,1433
2018-09-14 06:20,1451
2018-09-14 06:25,1442
2018-09-14 06:30,1442
2018-09-14 06:35,1431
2018-09-14 06:40,1462
2018-09-14 06:45,1449
2018-09-14 06:50,1451
2018-09-14 06:55,1439
2018-09-14 07:00,1445
2018-09-14 07:05,1438
2018-09-14 07:10,1449
2018-09-14 07:15,1451
2018-09-14 07:20,1459
2018-09-14 07:25,1475
2018-09-14 07:30,1482
2018-09-14 07:35,1465
2018-09-14 07:40,1485
2018-09-14 07:45,1508
2018-09-14 07:50,1496
2018-09-14 07:55,1524
2018-09-14 08:00,1515
2018-09-14 08:05,1510
2018-09-14 08:10,1549
2018-09-14 08:15,1558
2018-09-14 08:20,1565
2018-09-14 08:25,1587
2018-09-14 08:30,1621
2018-09-14 08:35,1631
2018-09-14 08:40,1660
2018-09-14 08:45,1670
2018-09-14 08:50,1699
2018-09-14 08:55,1708
2018-09-14 09:00,1713
2018-09-14 09:05,1715
2018-09-14 09:10,1729
2018-09-14 09:15,1727
2018-09-14 09:20,1735
2018-09-14 09:25,1750
2018-09-14 09:30,1744
2018-09-14 09:35,1770
2018-09-14 09:40,1772
2018-09-14 09:45,1822
2018-09-14 09:50,1814
2018-09-14 09:55,1832
2018-09-14 10:00,1846
2018-09-14 10:05,1880
2018-09-14 10:10,1908
2018-09-14 10:15,1907
2018-09-14 10:20,1922
2018-09-14 10:25,1928
2018-09-14 10:30,1955
2018-09-14 10:35,1966
2018-09-14 10:40,1981
2018-09-14 10:45,1991
2018-09-14 10:50,2007
2018-09-14 10:55,2026
2018-09-14 11:00,2032
2018-09-14 11:05,2037
2018-09-14 11:10,2067
2018-09-14 11:15,2057
2018-09-14 11:20,2094
2018-09-14 11:25,2131
2018-09-14 11:30,2140
2018-09-14 11:35,2160
2018-09-14 11:40,2177
2018-09-14 11:45,2186
2018-09-14 11:50,2176
2018-09-14 11:55,2204
2018-09-14 12:00,2231
2018-09-14 12:05,2233
2018-09-14 12:10,2245
2018-09-14 12:15,2274
2018-09-14 12:20,2258
2018-09-14 12:25,2293
2018-09-14 12:30,2314
2018-09-14 12:35,2338
2018-09-14 12:40,2360
2018-09-14 12:45,2377
2018-09-14 12:50,2404
2018-09-14 12:55,2423
2018-09-14 13:00,2457
2018-09-14 13:05,2464
2018-09-14 13:10,2468
2018-09-14 13:15,2505
2018-09-14 13:20,2522
2018-09-14 13:25,2575
2018-09-14 13:30,2567
2018-09-14 13:35,2577
2018-09-14 13:40,2580
2018-09-14 13:45,2590
2018-09-14 13:50,2615
2018-09-14 13:55,2649
2018-09-14 14:00,2666
2018-09-14 14:05,2667
2018-09-14 14:10,2647
2018-09-14 14:15,2669
2018-09-14 14:20,2689
2018-09-14 14:25,2693
2018-09-14 14:30,2700
2018-09-14 14:35,2712
2018-09-14 14:40,2723
2018-09-14 14:45,2753
2018-09-14 14:50,2739
2018-09-14 14:55,2763
2018-09-14 15:00,2766
2018-09-14 15:05,2801
2018-09-14 15:10,2830
2018-09-14 15:15,2837
2018-09-14 15:20,2849
2018-09-14 15:25,2863
2018-09-14 15:30,2866
2018-09-14 15:35,2894
2018-09-14 15:40,2913
2018-09-14 15:45,2938
2018-09-14 15:50,2967
2018-09-14 15:55,2973
2018-09-14 16:00,2977
2018-09-14 16:05,3000
2018-09-14 16:10,3004
2018-09-14 16:15,3010
2018-09-14 16:20,3053
2018-09-14 16:25,3083
2018-09-14 16:30,3097
2018-09-14 16:35,3099
2018-09-14 16:40,3110
2018-09-14 16:45,0
2018-09-14 16:50,3119
2018-09-14 16:55,3122
2018-09-14 17:00,3127
2018-09-14 17:05,3121
2018-09-14 17:10,3134
2018-09-14 17:15,3151
2018-09-14 17:20,3183
2018-09-14 17:25,3192
2018-09-14 17:30,3196
2018-09-14 17:35,3235
2018-09-14 17:40,3256
2018-09-14 17:45,3253
2018-09-14 17:50,3275
2018-09-14 17:55,3272
2018-09-14 18:00,3271
2018-09-14 18:05,3239
2018-09-14 18:10,3244
2018-09-14 18:15,3235
2018-09-14 18:20,3234
2018-09-14 18:25,3264
2018-09-14 18:30,3291
2018-09-14 18:35,3304
2018-09-14 18:40,3283
2018-09-14 18:45,3303
2018-09-14 18:50,3317
2018-09-14 18:55,3344
2018-09-14 19:00,3334
2018-09-14 19:05,3356
2018-09-14 19:10,3344
2018-09-14 19:15,3328
2018-09-14 19:20,3346
2018-09-14 19:25,3370
2018-09-14 19:30,3385
2018-09-14 19:35,3375
2018-09-14 19:40,3367
2018-09-14 19:45,3353
2018-09-14 19:50,3303
2018-09-14 19:55,3333
2018-09-14 20:00,3325
2018-09-14 20:05,3326
2018-09-14 20:10,3325
2018-09-14 20:15,3323
2018-09-14 20:20,3313
2018-09-14 20:25,3295
2018-09-14 20:30,3275
2018-09-14 20:35,3279
2018-09-14 20:40,3275
2018-09-14 20:45,3244
2018-09-14 20:50,3226
2018-09-14 20:55,3199
2018-09-14 21:00,3197
2018-09-14 21:05,3149
2018-09-14 21:10,3131
2018-09-14 21:15,3109
2018-09-14 21:20,3079
2018-09-14 21:25,3047
2018-09-14 21:30,3009
2018-09-14 21:35,2982
2018-09-14 21:40,2939
2018-09-14 21:45,2896
2018-09-14 21:50,2863
2018-09-14 21:55,2841
2018-09-14 22:00,2784
2018-09-14 22:05,2756
2018-09-14 22:10,2722
2018-09-14 22:15,2701
2018-09-14 22:20,2670
2018-09-14 22:25,2629
2018-09-14 22:30,2586
2018-09-14 22:35,2555
2018-09-14 22:40,2530
2018-09-14 22:45,2515
2018-09-14 22:50,2488
2018-09-14 22:55,2458
2018-09-14 23:00,2423
2018-09-14 23:05,2421
2018-09-14 23:10,2399
2018-09-14 23:15,2372
2018-09-14 23:20,2359
2018-09-14 23:25,2360
2018-09-14 23:30,2345
2018-09-14 23:35,2329
2018-09-14 23:40,2289
2018-09-14 23:45,2275
2018-09-14 23:50,2264
2018-09-14 23:55,2270
2018-09-15 00:00,2228
2018-09-15 00:05,2236
2018-09-15 00:10,2227
2018-09-15 00:15,2216
2018-09-15 00:20,2218
2018-09-15 00:25,2218
2018-09-15 00:30,2201
2018-09-15 00:35,2189
2018-09-15 00:40,2195
2018-09-15 00:45,2196
2018-09-15 00:50,2179
2018-09-15 00:55,2177
2018-09-15 01:00,2144
2018-09-15 01:05,2145
2018-09-15 01:10,2123
2018-09-15 01:15,2123
2018-09-15 01:20,2114
2018-09-15 01:25,2100
2018-09-15 01:30,2106
2018-09-15 01:35,2118
2018-09-15 01:40,2115
2018-09-15 01:45,2109
2018-09-15 01:50,2118
2018-09-15 01:55,2128
2018-09-15 02:00,2129
2018-09-15 02:05,2127
2018-09-15 02:10,2115
2018-09-15 02:15,2088
2018-09-15 02:20,2055
2018-09-15 02:25,2030
2018-09-15 02:30,2037
2018-09-15 02:35,2028
2018-09-15 02:40,2022
2018-09-15 02:45,2029
2018-09-15 02:50,2009
2018-09-15 02:55,1982
2018-09-15 03:00,1969
2018-09-15 03:05,1975
2018-09-15 03:10,1953
2018-09-15 03:15,1952
2018-09-15 03:20,1926
2018-09-15 03:25,1931
2018-09-15 03:30,1919
2018-09-15 03:35,1915
2018-09-15 03:40,1921
2018-09-15 03:45,1905
2018-09-15 03:50,1894
2018-09-15 03:55,1871
2018-09-15 04:00,1855
2018-09-15 04:05,1823
2018-09-15 04:10,1808
2018-09-15 04:15,1799
2018-09-15 04:20,1786
2018-09-15 04:25,1784
2018-09-15 04:30,1764
2018-09-15 04:35,1769
2018-09-15 04:40,1770
2018-09-15 04:45,1753
2018-09-15 04:50,1737
2018-09-15 04:55,1728
2018-09-15 05:00,1730
2018-09-15 05:05,1739
2018-09-15 05:10,1739
2018-09-15 05:15,1722
2018-09-15 05:20,1727
2018-09-15 05:25,1720
2018-09-15 05:30,1709
2018-09-15 05:35,1716
2018-09-15 05:40,1719
2018-09-15 05:45,1728
2018-09-15 05:50,1719
2018-09-15 05:55,1721
2018-09-15 06:00,1732
2018-09-15 06:05,1748
2018-09-15 06:10,1732
2018-09-15 06:15,1734
2018-09-15 06:20,1780
2018-09-15 06:25,1784
2018-09-15 06:30,1764
2018-09-15 06:35,1750
2018-09-15 06:40,1737
2018-09-15 06:45,1751
2018-09-15 06:50,1751
2018-09-15 06:55,1747
2018-09-15 07:00,1766
2018-09-15 07:05,1787
2018-09-15 07:10,1816
2018-09-15 07:15,1805
2018-09-15 07:20,1829
2018-09-15 07:25,1821
2018-09-15 07:30,1816
2018-09-15 07:35,1842
2018-09-15 07:40,1862
2018-09-15 07:45,1895
2018-09-15 07:50,1919
2018-09-15 07:55,1943
2018-09-15 08:00,1959
2018-09-15 08:05,1971
2018-09-15 08:10,1989
2018-09-15 08:15,2001
2018-09-15 08:20,2029
2018-09-15 08:25,2060
2018-09-15 08:30,2059
2018-09-15 08:35,2074
2018-09-15 08:40,2074
2018-09-15 08:45,2120
2018-09-15 08:50,2119
2018-09-15 08:55,2137
2018-09-15 09:00,2171
2018-09-15 09:05,2189
2018-09-15 09:10,2212
2018-09-15 09:15,2250
2018-09-15 09:20,2260
2018-09-15 09:25,2287
2018-09-15 09:30,2313
2018-09-15 09:35,2334
2018-09-15 09:40,2363
2018-09-15 09:45,2406
2018-09-15 09:50,2419
2018-09-15 09:55,2423
2018-09-15 10:00,2433
2018-09-15 10:05,2462
2018-09-15 10:10,2483
2018-09-15 10:15,2510
2018-09-15 10:20,2522
2018-09-15 10:25,2507
2018-09-15 10:30,2518
2018-09-15 10:35,2516
2018-09-15 10:40,2532
2018-09-15 10:45,2531
2018-09-15 10:50,2548
2018-09-15 10:55,2575
2018-09-15 11:00,2588
2018-09-15 11:05,2596
2018-09-15 11:10,2607
2018-09-15 11:15,2626
2018-09-15 11:20,2639
2018-09-15 11:25,2658
2018-09-15 11:30,2682
2018-09-15 11:35,2695
2018-09-15 11:40,2729
2018-09-15 11:45,2748
2018-09-15 11:50,2739
2018-09-15 11:55,2751
2018-09-15 12:00,2784
2018-09-15 12:05,2767
2018-09-15 12:10,2775
2018-09-15 12:15,2775
2018-09-15 12:20,2779
2018-09-15 12:25,2800
2018-09-15 12:30,2844
2018-09-15 12:35,2867
2018-09-15 12:40,2862
2018-09-15 12:45,2873
2018-09-15 12:50,2880
2018-09-15 12:55,2880
2018-09-15 13:00,2879
2018-09-15 13:05,2885
2018-09-15 13:10,2907
2018-09-15 13:15,2944
2018-09-15 13:20,2939
2018-09-15 13:25,2964
2018-09-15 13:30,2980
2018-09-15 13:35,2998
2018-09-15 13:40,3036
2018-09-15 13:45,3059
2018-09-15 13:50,3078
2018-09-15 13:55,3117
2018-09-15 14:00,3131
2018-09-15 14:05,3156
2018-09-15 14:10,3174
2018-09-15 14:15,3206
2018-09-15 14:20,3238
2018-09-15 14:25,3254
2018-09-15 14:30,3253
2018-09-15 14:35,3296
2018-09-15 14:40,3300
2018-09-15 14:45,3311
2018-09-15 14:50,3360
2018-09-15 14:55,3394
2018-09-15 15:00,3413
2018-09-15 15:05,3392
2018-09-15 15:10,3383
2018-09-15 15:15,3404
2018-09-15 15:20,3431
2018-09-15 15:25,3437
2018-09-15 15:30,3436
2018-09-15 15:35,3468
2018-09-15 15:40,3475
2018-09-15 15:45,3469
2018-09-15 15:50,3481
2018-09-15 15:55,3479
2018-09-15 16:00,3503
2018-09-15 16:05,3481
2018-09-15 16:10,3515
2018-09-15 16:15,3501
2018-09-15 16:20,3499
2018-09-15 16:25,3498
2018-09-15 16:30,3518
2018-09-15 16:35,3520
2018-09-15 16:40,3506
2018-09-15 16:45,3525
2018-09-15 16:50,3530
2018-09-15 16:55,3506
2018-09-15 17:00,3493
2018-09-15 17:05,3511
2018-09-15 17:10,3505
2018-09-15 17:15,3488
2018-09-15 17:20,3516
2018-09-15 17:25,3547
2018-09-15 17:30,3552
2018-09-15 17:35,3543
2018-09-15 17:40,3546
2018-09-15 17:45,3531
2018-09-15 17:50,3546
2018-09-15 17:55,3561
2018-09-15 18:00,3576
2018-09-15 18:05,3592
2018-09-15 18:10,3594
2018-09-15 18:15,3587
2018-09-15 18:20,3594
2018-09-15 18:25,3592
2018-09-15 18:30,3628
2018-09-15 18:35,3631
2018-09-15 18:40,3659
2018-09-15 18:45,3670
2018-09-15 18:50,3683
2018-09-15 18:55,3668
2018-09-15 19:00,3682
2018-09-15 19:05,3698
2018-09-15 19:10,3705
2018-09-15 19:15,3685
2018-09-15 19:20,3667
2018-09-15 19:25,3668
2018-09-15 19:30,3665
2018-09-15 19:35,3676
2018-09-15 19:40,3658
2018-09-15 19:45,3636
2018-09-15 19:50,3657
2018-09-15 19:55,3664
2018-09-15 20:00,3642
2018-09-15 20:05,3624
2018-09-15 20:10,3610
2018-09-15 20:15,3573
2018-09-15 20:20,3540
2018-09-15 20:25,3515
2018-09-15 20:30,3517
2018-09-15 20:35,3488
2018-09-15 20:40,3468
2018-09-15 20:45,3483
2018-09-15 20:50,3429
2018-09-15 20:55,3434
2018-09-15 21:00,3423
2018-09-15 21:05,3415
2018-09-15 21:10,3407
2018-09-15 21:15,3406
2018-09-15 21:20,3379
2018-09-15 21:25,3354
2018-09-15 21:30,3320
2018-09-15 21:35,3292
2018-09-15 21:40,3281
2018-09-15 21:45,3246
2018-09-15 21:50,3235
2018-09-15 21:55,3186
2018-09-15 22:00,3155
2018-09-15 22:05,3145
2018-09-15 22:10,3093
2018-09-15 22:15,3072
2018-09-15 22:20,3042
2018-09-15 22:25,2991
2018-09-15 22:30,2931
2018-09-15 22:35,2899
2018-09-15 22:40,2855
2018-09-15 22:45,2833
2018-09-15 22:50,2805
2018-09-15 22:55,2774
2018-09-15 23:00,2742
2018-09-15 23:05,2711
2018-09-15 23:10,2679
2018-09-15 23:15,2666
2018-09-15 23:20,2641
2018-09-15 23:25,2632
2018-09-15 23:30,2601
2018-09-15 23:35,2575
2018-09-15 23:40,2549
2018-09-15 23:45,2550
2018-09-15 23:50,2515
2018-09-15 23:55,2507
2018-09-16 00:00,2494
2018-09-16 00:05,2457
2018-09-16 00:10,2439
2018-09-16 00:15,2446
2018-09-16 00:20,2411
2018-09-16 00:25,2404
2018-09-16 00:30,2409
2018-09-16 00:35,2409
2018-09-16 00:40,2407
2018-09-16 00:45,2374
2018-09-16 00:50,2362
2018-09-16 00:55,2369
2018-09-16 01:00,2332
2018-09-16 01:05,2301
2018-09-16 01:10,2281
2018-09-16 01:15,2296
2018-09-16 01:20,2309
2018-09-16 01:25,2277
2018-09-16 01:30,2254
2018-09-16 01:35,2231
2018-09-16 01:40,2236
2018-09-16 01:45,2220
2018-09-16 01:50,2229
2018-09-16 01:55,2235
2018-09-16 02:00,2227
2018-09-16 02:05,2236
2018-09-16 02:10,2202
2018-09-16 02:15,2190
2018-09-16 02:20,2193
2018-09-16 02:25,2189
2018-09-16 02:30,2184
2018-09-16 02:35,2192
2018-09-16 02:40,2196
2018-09-16 02:45,2189
2018-09-16 02:50,2170
2018-09-16 02:55,2168
2018-09-16 03:00,2153
2018-09-16 03:05,2137
2018-09-16 03:10,2107
2018-09-16 03:15,2092
2018-09-16 03:20,2067
2018-09-16 03:25,2054
2018-09-16 03:30,2040
2018-09-16 03:35,2049
2018-09-16 03:40,2025
2018-09-16 03:45,2010
2018-09-16 03:50,1984
2018-09-16 03:55,1970
2018-09-16 04:00,1954
2018-09-16 04:05,1954
2018-09-16 04:10,1935
2018-09-16 04:15,1920
2018-09-16 04:20,1901
2018-09-16 04:25,1897
2018-09-16 04:30,1881
2018-09-16 04:35,1858
2018-09-16 04:40,1835
2018-09-16 04:45,1825
2018-09-16 04:50,1818
2018-09-16 04:55,1805
2018-09-16 05:00,1795
2018-09-16 05:05,1802
2018-09-16 05:10,1782
2018-09-16 05:15,1790
2018-09-16 05:20,1790
2018-09-16 05:25,1783
2018-09-16 05:30,1779
2018-09-16 05:35,1779
2018-09-16 05:40,1796
2018-09-16 05:45,1800
2018-09-16 05:50,1816
2018-09-16 05:55,1800
2018-09-16 06:00,1783
2018-09-16 06:05,1794
2018-09-16 06:10,1792
2018-09-16 06:15,1802
2018-09-16 06:20,1794
2018-09-16 06:25,1799
2018-09-16 06:30,1817
2018-09-16 06:35,1838
2018-09-16 06:40,1843
2018-09-16 06:45,1849
2018-09-16 06:50,1877
2018-09-16 06:55,1888
2018-09-16 07:00,1910
2018-09-16 07:05,1916
2018-09-16 07:10,1913
2018-09-16 07:15,1943
2018-09-16 07:20,1959
2018-09-16 07:25,1993
2018-09-16 07:30,2008
2018-09-16 07:35,2044
2018-09-16 07:40,2073
2018-09-16 07:45,2096
2018-09-16 07:50,2106
2018-09-16 07:55,2108
2018-09-16 08:00,2131
2018-09-16 08:05,2166
2018-09-16 08:10,2232
2018-09-16 08:15,2253
2018-09-16 08:20,2275
2018-09-16 08:25,2305
2018-09-16 08:30,2304
2018-09-16 08:35,2321
2018-09-16 08:40,2329
2018-09-16 08:45,2341
2018-09-16 08:50,2362
2018-09-16 08:55,2377
2018-09-16 09:00,2396
2018-09-16 09:05,2412
2018-09-16 09:10,2445
2018-09-16 09:15,2464
2018-09-16 09:20,2491
2018-09-16 09:25,2548
2018-09-16 09:30,2575
2018-09-16 09:35,2600
2018-09-16 09:40,2646
2018-09-16 09:45,2674
2018-09-16 09:50,2692
2018-09-16 09:55,2688
2018-09-16 10:00,2700
2018-09-16 10:05,2749
2018-09-16 10:10,2765
2018-09-16 10:15,2792
2018-09-16 10:20,2815
2018-09-16 10:25,2857
2018-09-16 10:30,2864
2018-09-16 10:35,2868
2018-09-16 10:40,2869
2018-09-16 10:45,2879
2018-09-16 10:50,2909
2018-09-16 10:55,2903
2018-09-16 11:00,2930
2018-09-16 11:05,2937
2018-09-16 11:10,2954
2018-09-16 11:15,2941
2018-09-16 11:20,2950
2018-09-16 11:25,2948
2018-09-16 11:30,3004
2018-09-16 11:35,3024
2018-09-16 11:40,3034
2018-09-16 11:45,3068
2018-09-16 11:50,3065
2018-09-16 11:55,3068
2018-09-16 12:00,3085
2018-09-16 12:05,3117
2018-09-16 12:10,3137
2018-09-16 12:15,3170
2018-09-16 12:20,3183
2018-09-16 12:25,3236
2018-09-16 12:30,3259
2018-09-16 12:35,3270
2018-09-16 12:40,3265
2018-09-16 12:45,3308
2018-09-16 12:50,3320
2018-09-16 12:55,3301
2018-09-16 13:00,3305
2018-09-16 13:05,3263
2018-09-16 13:10,3288
2018-09-16 13:15,3351
2018-09-16 13:20,3367
2018-09-16 13:25,3405
2018-09-16 13:30,3412
2018-09-16 13:35,3432
2018-09-16 13:40,3430
2018-09-16 13:45,3473
2018-09-16 13:50,3502
2018-09-16 13:55,3531
2018-09-16 14:00,3555
2018-09-16 14:05,3625
2018-09-16 14:10,3646
2018-09-16 14:15,3652
2018-09-16 14:20,3667
2018-09-16 14:25,3684
2018-09-16 14:30,3693
2018-09-16 14:35,3728
2018-09-16 14:40,3726
2018-09-16 14:45,3729
2018-09-16 14:50,3731
2018-09-16 14:55,3747
2018-09-16 15:00,3754
2018-09-16 15:05,3771
2018-09-16 15:10,3797
2018-09-16 15:15,3838
2018-09-16 15:20,3865
2018-09-16 15:25,3879
2018-09-16 15:30,3891
2018-09-16 15:35,3879
2018-09-16 15:40,3892
2018-09-16 15:45,3912
2018-09-16 15:50,3921
2018-09-16 15:55,3924
2018-09-16 16:00,3948
2018-09-16 16:05,3938
2018-09-16 16:10,3934
2018-09-16 16:15,3933
2018-09-16 16:20,3944
2018-09-16 16:25,3932
2018-09-16 16:30,3937
2018-09-16 16:35,3973
2018-09-16 16:40,3962
2018-09-16 16:45,3990
2018-09-16 16:50,4027
2018-09-16 16:55,4010
2018-09-16 17:00,4022
2018-09-16 17:05,4035
2018-09-16 17:10,4035
2018-09-16 17:15,4039
2018-09-16 17:20,4026
2018-09-16 17:25,4019
2018-09-16 17:30,4008
2018-09-16 17:35,4032
2018-09-16 17:40,4052
2018-09-16 17:45,4081
2018-09-16 17:50,4072
2018-09-16 17:55,4053
2018-09-16 18:00,4064
2018-09-16 18:05,4094
2018-09-16 18:10,4071
2018-09-16 18:15,4082
2018-09-16 18:20,4039
2018-09-16 18:25,4030
2018-09-16 18:30,4028
2018-09-16 18:35,3973
2018-09-16 18:40,3985
2018-09-16 18:45,3990
2018-09-16 18:50,3987
2018-09-16 18:55,3950
2018-09-16 19:00,3959
2018-09-16 19:05,3933
2018-09-16 19:10,3933
2018-09-16 19:15,3942
2018-09-16 19:20,3927
2018-09-16 19:25,3898
2018-09-16 19:30,3911
2018-09-16 19:35,3909
2018-09-16 19:40,3883
2018-09-16 19:45,3882
2018-09-16 19:50,3869
2018-09-16 19:55,3844
2018-09-16 20:00,3828
2018-09-16 20:05,3813
2018-09-16 20:10,3778
2018-09-16 20:15,3737
2018-09-16 20:20,3688
2018-09-16 20:25,3660
2018-09-16 20:30,3646
2018-09-16 20:35,3604
2018-09-16 20:40,3557
2018-09-16 20:45,3535
2018-09-16 20:50,3503
2018-09-16 20:55,3485
2018-09-16 21:00,3436
2018-09-16 21:05,3398
2018-09-16 21:10,3364
2018-09-16 21:15,3306
2018-09-16 21:20,3267
2018-09-16 21:25,3261
2018-09-16 21:30,3225
2018-09-16 21:35,3231
2018-09-16 21:40,3176
2018-09-16 21:45,3140
2018-09-16 21:50,3084
2018-09-16 21:55,3062
2018-09-16 22:00,3040
2018-09-16 22:05,2999
2018-09-16 22:10,2940
2018-09-16 22:15,2887
2018-09-16 22:20,2848
2018-09-16 22:25,2829
2018-09-16 22:30,2806
2018-09-16 22:35,2782
2018-09-16 22:40,2753
2018-09-16 22:45,2736
2018-09-16 22:50,2706
2018-09-16 22:55,2683
2018-09-16 23:00,2665
2018-09-16 23:05,2662
2018-09-16 23:10,2653
2018-09-16 23:15,2633
2018-09-16 23:20,2618
2018-09-16 23:25,2617
2018-09-16 23:30,2603
2018-09-16 23:35,2592
2018-09-16 23:40,2585
2018-09-16 23:45,2589
2018-09-16 23:50,2549
2018-09-16 23:55,2538
2018-09-17 00:00,2496
2018-09-17 00:05,2478
2018-09-17 00:10,2483
2018-09-17 00:15,2463
2018-09-17 00:20,2456
2018-09-17 00:25,2427
2018-09-17 00:30,2416
2018-09-17 00:35,2395
2018-09-17 00:40,2382
2018-09-17 00:45,2393
2018-09-17 00:50,2393
2018-09-17 00:55,2366
2018-09-17 01:00,2366
2018-09-17 01:05,2373
2018-09-17 01:10,2366
2018-09-17 01:15,2317
2018-09-17 01:20,2295
2018-09-17 01:25,2284
2018-09-17 01:30,2274
2018-09-17 01:35,2256
2018-09-17 01:40,2221
2018-09-17 01:45,2211
2018-09-17 01:50,2185
2018-09-17 01:55,2177
2018-09-17 02:00,2140
2018-09-17 02:05,2128
2018-09-17 02:10,2105
2018-09-17 02:15,2081
2018-09-17 02:20,2084
2018-09-17 02:25,2057
2018-09-17 02:30,2044
2018-09-17 02:35,2031
2018-09-17 02:40,2006
2018-09-17 02:45,1986
2018-09-17 02:50,1955
2018-09-17 02:55,1937
2018-09-17 03:00,1919
2018-09-17 03:05,1894
2018-09-17 03:10,1894
2018-09-17 03:15,1878
2018-09-17 03:20,1874
2018-09-17 03:25,1865
2018-09-17 03:30,1837
2018-09-17 03:35,1814
2018-09-17 03:40,1800
2018-09-17 03:45,1789
2018-09-17 03:50,1779
2018-09-17 03:55,1764
2018-09-17 04:00,1752
2018-09-17 04:05,1734
2018-09-17 04:10,1703
2018-09-17 04:15,1689
2018-09-17 04:20,1658
2018-09-17 04:25,1646
2018-09-17 04:30,1655
2018-09-17 04:35,1633
2018-09-17 04:40,1596
2018-09-17 04:45,1585
2018-09-17 04:50,1573
2018-09-17 04:55,1549
2018-09-17 05:00,1528
2018-09-17 05:05,1530
2018-09-17 05:10,1522
2018-09-17 05:15,1514
2018-09-17 05:20,1496
2018-09-17 05:25,1494
2018-09-17 05:30,1485
2018-09-17 05:35,1505
2018-09-17 05:40,1487
2018-09-17 05:45,1478
2018-09-17 05:50,1482
2018-09-17 05:55,1490
2018-09-17 06:00,1492
2018-09-17 06:05,1492
2018-09-17 06:10,1495
2018-09-17 06:15,1481
2018-09-17 06:20,1481
2018-09-17 06:25,1491
2018-09-17 06:30,1473
2018-09-17 06:35,1464
2018-09-17 06:40,1477
2018-09-17 06:45,1482
2018-09-17 06:50,1491
2018-09-17 06:55,1496
2018-09-17 07:00,1496
2018-09-17 07:05,1505
2018-09-17 07:10,1517
2018-09-17 07:15,1517
2018-09-17 07:20,1515
2018-09-17 07:25,1525
2018-09-17 07:30,1539
2018-09-17 07:35,1531
2018-09-17 07:40,1538
2018-09-17 07:45,1564
2018-09-17 07:50,1546
2018-09-17 07:55,1541
2018-09-17 08:00,1561
2018-09-17 08:05,1566
2018-09-17 08:10,1568
2018-09-17 08:15,1564
2018-09-17 08:20,1571
2018-09-17 08:25,1578
2018-09-17 08:30,1585
2018-09-17 08:35,1583
2018-09-17 08:40,1593
2018-09-17 08:45,1631
2018-09-17 08:50,1642
2018-09-17 08:55,1655
2018-09-17 09:00,1655
2018-09-17 09:05,1674
2018-09-17 09:10,1681
2018-09-17 09:15,1684
2018-09-17 09:20,1685
2018-09-17 09:25,1687
2018-09-17 09:30,1713
2018-09-17 09:35,1731
2018-09-17 09:40,1742
2018-09-17 09:45,1745
2018-09-17 09:50,1747
2018-09-17 09:55,1742
2018-09-17 10:00,1782
2018-09-17 10:05,1826
2018-09-17 10:10,1870
2018-09-17 10:15,1896
2018-09-17 10:20,1910
2018-09-17 10:25,1931
2018-09-17 10:30,1953
2018-09-17 10:35,1972
2018-09-17 10:40,1978
2018-09-17 10:45,1992
2018-09-17 10:50,1996
2018-09-17 10:55,2002
2018-09-17 11:00,2000
2018-09-17 11:05,2020
2018-09-17 11:10,2029
2018-09-17 11:15,2042
2018-09-17 11:20,2050
2018-09-17 11:25,2053
2018-09-17 11:30,2083
2018-09-17 11:35,2096
2018-09-17 11:40,2114
2018-09-17 11:45,2102
2018-09-17 11:50,2104
2018-09-17 11:55,2102
2018-09-17 12:00,2110
2018-09-17 12:05,2114
2018-09-17 12:10,2123
2018-09-17 12:15,2153
2018-09-17 12:20,2173
2018-09-17 12:25,2196
2018-09-17 12:30,2232
2018-09-17 12:35,2262
2018-09-17 12:40,2297
2018-09-17 12:45,2312
2018-09-17 12:50,2313
2018-09-17 12:55,2340
2018-09-17 13:00,2338
2018-09-17 13:05,2340
2018-09-17 13:10,2378
2018-09-17 13:15,2399
2018-09-17 13:20,2394
2018-09-17 13:25,2406
2018-09-17 13:30,2409
2018-09-17 13:35,2424
2018-09-17 13:40,2471
2018-09-17 13:45,2502
2018-09-17 13:50,2524
2018-09-17 13:55,2517
2018-09-17 14:00,2570
2018-09-17 14:05,2609
2018-09-17 14:10,2615
2018-09-17 14:15,2624
2018-09-17 14:20,2613
2018-09-17 14:25,2612
2018-09-17 14:30,2637
2018-09-17 14:35,2648
2018-09-17 14:40,2675
2018-09-17 14:45,2689
2018-09-17 14:50,2723
2018-09-17 14:55,2758
2018-09-17 15:00,2779
2018-09-17 15:05,2780
2018-09-17 15:10,2778
2018-09-17 15:15,2823
2018-09-17 15:20,2833
2018-09-17 15:25,2856
2018-09-17 15:30,2863
2018-09-17 15:35,2908
2018-09-17 15:40,2936
2018-09-17 15:45,2969
2018-09-17 15:50,2987
2018-09-17 15:55,2995
2018-09-17 16:00,3041
2018-09-17 16:05,3080
2018-09-17 16:10,3103
2018-09-17 16:15,3144
2018-09-17 16:20,3159
2018-09-17 16:25,3174
2018-09-17 16:30,3203
2018-09-17 16:35,3226
2018-09-17 16:40,3231
2018-09-17 16:45,3279
2018-09-17 16:50,3284
2018-09-17 16:55,3303
2018-09-17 17:00,3318
2018-09-17 17:05,3324
2018-09-17 17:10,3335
2018-09-17 17:15,3355
2018-09-17 17:20,3369
2018-09-17 17:25,3368
2018-09-17 17:30,3371
2018-09-17 17:35,3392
2018-09-17 17:40,3424
2018-09-17 17:45,3426
2018-09-17 17:50,3421
2018-09-17 17:55,3430
2018-09-17 18:00,3427
2018-09-17 18:05,3450
2018-09-17 18:10,3496
2018-09-17 18:15,3507
2018-09-17 18:20,3520
2018-09-17 18:25,3529
2018-09-17 18:30,3519
2018-09-17 18:35,3525
2018-09-17 18:40,3533
2018-09-17 18:45,3535
2018-09-17 18:50,3537
2018-09-17 18:55,3531
2018-09-17 19:00,3527
2018-09-17 19:05,3540
2018-09-17 19:10,3524
2018-09-17 19:15,3526
2018-09-17 19:20,3519
2018-09-17 19:25,3522
2018-09-17 19:30,3526
2018-09-17 19:35,3487
2018-09-17 19:40,3464
2018-09-17 19:45,3442
2018-09-17 19:50,3417
2018-09-17 19:55,3429
2018-09-17 20:00,3403
2018-09-17 20:05,3379
2018-09-17 20:10,3350
2018-09-17 20:15,3317
2018-09-17 20:20,3288
2018-09-17 20:25,3273
2018-09-17 20:30,3253
2018-09-17 20:35,3221
2018-09-17 20:40,3165
2018-09-17 20:45,3150
2018-09-17 20:50,3084
2018-09-17 20:55,3066
2018-09-17 21:00,3052
2018-09-17 21:05,3007
2018-09-17 21:10,2936
2018-09-17 21:15,2894
2018-09-17 21:20,2851
2018-09-17 21:25,2853
2018-09-17 21:30,2823
2018-09-17 21:35,2779
2018-09-17 21:40,2736
2018-09-17 21:45,2726
2018-09-17 21:50,2693
2018-09-17 21:55,2673
2018-09-17 22:00,2635
2018-09-17 22:05,2578
2018-09-17 22:10,2548
2018-09-17 22:15,2526
2018-09-17 22:20,2495
2018-09-17 22:25,2496
2018-09-17 22:30,2491
2018-09-17 22:35,2468
2018-09-17 22:40,2440
2018-09-17 22:45,2405
2018-09-17 22:50,2375
2018-09-17 22:55,2379
2018-09-17 23:00,2389
2018-09-17 23:05,2368
2018-09-17 23:10,2354
2018-09-17 23:15,2341
2018-09-17 23:20,2360
2018-09-17 23:25,2345
2018-09-17 23:30,2350
2018-09-17 23:35,2354
2018-09-17 23:40,2336
2018-09-17 23:45,2329
2018-09-17 23:50,2337
2018-09-17 23:55,2313
2018-09-18 00:00,2307
2018-09-18 00:05,2317
2018-09-18 00:10,2311
2018-09-18 00:15,2305
2018-09-18 00:20,2286
2018-09-18 00:25,2290
2018-09-18 00:30,2292
2018-09-18 00:35,2258
2018-09-18 00:40,2282
2018-09-18 00:45,2267
2018-09-18 00:50,2274
2018-09-18 00:55,2275
2018-09-18 01:00,2295
2018-09-18 01:05,2277
2018-09-18 01:10,2272
2018-09-18 01:15,2264
2018-09-18 01:20,2244
2018-09-18 01:25,2214
2018-09-18 01:30,2200
2018-09-18 01:35,2200
2018-09-18 01:40,2180
2018-09-18 01:45,2178
2018-09-18 01:50,2163
2018-09-18 01:55,2164
2018-09-18 02:00,2131
2018-09-18 02:05,2119
2018-09-18 02:10,2125
2018-09-18 02:15,2090
2018-09-18 02:20,2061
2018-09-18 02:25,2031
2018-09-18 02:30,2008
2018-09-18 02:35,2003
2018-09-18 02:40,1968
2018-09-18 02:45,1971
2018-09-18 02:50,1946
2018-09-18 02:55,1935
2018-09-18 03:00,1930
2018-09-18 03:05,1915
2018-09-18 03:10,1887
2018-09-18 03:15,1865
2018-09-18 03:20,1853
2018-09-18 03:25,1832
2018-09-18 03:30,1823
2018-09-18 03:35,1823
2018-09-18 03:40,1816
2018-09-18 03:45,1789
2018-09-18 03:50,1775
2018-09-18 03:55,1777
2018-09-18 04:00,1764
2018-09-18 04:05,1738
2018-09-18 04:10,1710
2018-09-18 04:15,1688
2018-09-18 04:20,1661
2018-09-18 04:25,1614
2018-09-18 04:30,1614
2018-09-18 04:35,1598
2018-09-18 04:40,1584
2018-09-18 04:45,1570
2018-09-18 04:50,1530
2018-09-18 04:55,1508
2018-09-18 05:00,1484
2018-09-18 05:05,1479
2018-09-18 05:10,1466
2018-09-18 05:15,1475
2018-09-18 05:20,1470
2018-09-18 05:25,1467
2018-09-18 05:30,1468
2018-09-18 05:35,1437
2018-09-18 05:40,1432
2018-09-18 05:45,1426
2018-09-18 05:50,1411
2018-09-18 05:55,1403
2018-09-18 06:00,1403
2018-09-18 06:05,1411
2018-09-18 06:10,1395
2018-09-18 06:15,
2018-09-18 06:20,1403
2018-09-18 06:25,1399
2018-09-18 06:30,1416
2018-09-18 06:35,1417
2018-09-18 06:40,1422
2018-09-18 06:45,1422
2018-09-18 06:50,1429
2018-09-18 06:55,1427
2018-09-18 07:00,1447
2018-09-18 07:05,1454
2018-09-18 07:10,1447
2018-09-18 07:15,1458
2018-09-18 07:20,1453
2018-09-18 07:25,1461
2018-09-18 07:30,1463
2018-09-18 07:35,1465
2018-09-18 07:40,1464
2018-09-18 07:45,1459
2018-09-18 07:50,1453
2018-09-18 07:55,1469
2018-09-18 08:00,1452
2018-09-18 08:05,1452
2018-09-18 08:10,1451
2018-09-18 08:15,1449
2018-09-18 08:20,1461
2018-09-18 08:25,1483
2018-09-18 08:30,1501
2018-09-18 08:35,1519
2018-09-18 08:40,1536
2018-09-18 08:45,1548
2018-09-18 08:50,1563
2018-09-18 08:55,1588
2018-09-18 09:00,1595
2018-09-18 09:05,1605
2018-09-18 09:10,1622
2018-09-18 09:15,1629
2018-09-18 09:20,1632
2018-09-18 09:25,1635
2018-09-18 09:30,1655
2018-09-18 09:35,1669
2018-09-18 09:40,1676
2018-09-18 09:45,1677
2018-09-18 09:50,1692
2018-09-18 09:55,1715
2018-09-18 10:00,1743
2018-09-18 10:05,1787
2018-09-18 10:10,1799
2018-09-18 10:15,1827
2018-09-18 10:20,1808
2018-09-18 10:25,1824
2018-09-18 10:30,1857
2018-09-18 10:35,1855
2018-09-18 10:40,1877
2018-09-18 10:45,1900
2018-09-18 10:50,1926
2018-09-18 10:55,1961
2018-09-18 11:00,1957
2018-09-18 11:05,1946
2018-09-18 11:10,1958
2018-09-18 11:15,1973
2018-09-18 11:20,1995
2018-09-18 11:25,2011
2018-09-18 11:30,2019
2018-09-18 11:35,2030
2018-09-18 11:40,2042
2018-09-18 11:45,2050
2018-09-18 11:50,2074
2018-09-18 11:55,2083
2018-09-18 12:00,2106
2018-09-18 12:05,2105
2018-09-18 12:10,2098
2018-09-18 12:15,2128
2018-09-18 12:20,2131
2018-09-18 12:25,2148
2018-09-18 12:30,2161
2018-09-18 12:35,2190
2018-09-18 12:40,2204
2018-09-18 12:45,2203
2018-09-18 12:50,2220
2018-09-18 12:55,2202
2018-09-18 13:00,2217
2018-09-18 13:05,2231
2018-09-18 13:10,2263
2018-09-18 13:15,2278
2018-09-18 13:20,2309
2018-09-18 13:25,2320
2018-09-18 13:30,2328
2018-09-18 13:35,2345
2018-09-18 13:40,2377
2018-09-18 13:45,2403
2018-09-18 13:50,2393
2018-09-18 13:55,2413
2018-09-18 14:00,2432
2018-09-18 14:05,2431
2018-09-18 14:10,2451
2018-09-18 14:15,2459
2018-09-18 14:20,2466
2018-09-18 14:25,2474
2018-09-18 14:30,2488
2018-09-18 14:35,2471
2018-09-18 14:40,2528
2018-09-18 14:45,2572
2018-09-18 14:50,2586
2018-09-18 14:55,2595
2018-09-18 15:00,2630
2018-09-18 15:05,2654
2018-09-18 15:10,2675
2018-09-18 15:15,2697
2018-09-18 15:20,2698
2018-09-18 15:25,2717
2018-09-18 15:30,2740
2018-09-18 15:35,2771
2018-09-18 15:40,2773
2018-09-18 15:45,2813
2018-09-18 15:50,2837
2018-09-18 15:55,2863
2018-09-18 16:00,2911
2018-09-18 16:05,
2018-09-18 16:10,2928
2018-09-18 16:15,2940
2018-09-18 16:20,2962
2018-09-18 16:25,3010
2018-09-18 16:30,3052
2018-09-18 16:35,3061
2018-09-18 16:40,3083
2018-09-18 16:45,3110
2018-09-18 16:50,3141
2018-09-18 16:55,3135
2018-09-18 17:00,3173
2018-09-18 17:05,3194
2018-09-18 17:10,3192
2018-09-18 17:15,3264
2018-09-18 17:20,3256
2018-09-18 17:25,3278
2018-09-18 17:30,3283
2018-09-18 17:35,3273
2018-09-18 17:40,3278
2018-09-18 17:45,3296
2018-09-18 17:50,3262
2018-09-18 17:55,3264
2018-09-18 18:00,3269
2018-09-18 18:05,3267
2018-09-18 18:10,3249
2018-09-18 18:15,3277
2018-09-18 18:20,3308
2018-09-18 18:25,3326
2018-09-18 18:30,3342
2018-09-18 18:35,3324
2018-09-18 18:40,3332
2018-09-18 18:45,3318
2018-09-18 18:50,3315
2018-09-18 18:55,3326
2018-09-18 19:00,3315
2018-09-18 19:05,3319
2018-09-18 19:10,3288
2018-09-18 19:15,3277
2018-09-18 19:20,3281
2018-09-18 19:25,3306
2018-09-18 19:30,3315
2018-09-18 19:35,3323
2018-09-18 19:40,3331
2018-09-18 19:45,3319
2018-09-18 19:50,3303
2018-09-18 19:55,3271
2018-09-18 20:00,3248
2018-09-18 20:05,3227
2018-09-18 20:10,3207
2018-09-18 20:15,3154
2018-09-18 20:20,3106
2018-09-18 20:25,3092
2018-09-18 20:30,3066
2018-09-18 20:35,3030
2018-09-18 20:40,2996
2018-09-18 20:45,2982
2018-09-18 20:50,2956
2018-09-18 20:55,2921
2018-09-18 21:00,2884
2018-09-18 21:05,2873
2018-09-18 21:10,2874
2018-09-18 21:15,2838
2018-09-18 21:20,2783
2018-09-18 21:25,2740
2018-09-18 21:30,2723
2018-09-18 21:35,2711
2018-09-18 21:40,2652
2018-09-18 21:45,2645
2018-09-18 21:50,2604
2018-09-18 21:55,2583
2018-09-18 22:00,2569
2018-09-18 22:05,2553
2018-09-18 22:10,2488
2018-09-18 22:15,2463
2018-09-18 22:20,2440
2018-09-18 22:25,2427
2018-09-18 22:30,2406
2018-09-18 22:35,2395
2018-09-18 22:40,2407
2018-09-18 22:45,2383
2018-09-18 22:50,2386
2018-09-18 22:55,2375
2018-09-18 23:00,2363
2018-09-18 23:05,2361
2018-09-18 23:10,2344
2018-09-18 23:15,2322
2018-09-18 23:20,2295
2018-09-18 23:25,2279
2018-09-18 23:30,
2018-09-18 23:35,
2018-09-18 23:40,
2018-09-18 23:45,2204
2018-09-18 23:50,2234
2018-09-18 23:55,2229
2018-09-19 00:00,2244
2018-09-19 00:05,2230
2018-09-19 00:10,2225
2018-09-19 00:15,2194
2018-09-19 00:20,2206
2018-09-19 00:25,2204
2018-09-19 00:30,2205
2018-09-19 00:35,2208
2018-09-19 00:40,2231
2018-09-19 00:45,2244
2018-09-19 00:50,2221
2018-09-19 00:55,2228
2018-09-19 01:00,2225
2018-09-19 01:05,2205
2018-09-19 01:10,2195
2018-09-19 01:15,2173
2018-09-19 01:20,2147
2018-09-19 01:25,2125
2018-09-19 01:30,2129
2018-09-19 01:35,2131
2018-09-19 01:40,2111
2018-09-19 01:45,2087
2018-09-19 01:50,2063
2018-09-19 01:55,2049
2018-09-19 02:00,2040
2018-09-19 02:05,2017
2018-09-19 02:10,2003
2018-09-19 02:15,2001
2018-09-19 02:20,1992
2018-09-19 02:25,1995
2018-09-19 02:30,1965
2018-09-19 02:35,1952
2018-09-19 02:40,1921
2018-09-19 02:45,1895
2018-09-19 02:50,1888
2018-09-19 02:55,1860
2018-09-19 03:00,1819
2018-09-19 03:05,1798
2018-09-19 03:10,1771
2018-09-19 03:15,1761
2018-09-19 03:20,1740
2018-09-19 03:25,1727
2018-09-19 03:30,1711
2018-09-19 03:35,1698
2018-09-19 03:40,1677
2018-09-19 03:45,1656
2018-09-19 03:50,1660
2018-09-19 03:55,1633
2018-09-19 04:00,1645
2018-09-19 04:05,1629
2018-09-19 04:10,1609
2018-09-19 04:15,1594
2018-09-19 04:20,1572
2018-09-19 04:25,1562
2018-09-19 04:30,1546
2018-09-19 04:35,1535
2018-09-19 04:40,1530
2018-09-19 04:45,1493
2018-09-19 04:50,1491
2018-09-19 04:55,1473
2018-09-19 05:00,1467
2018-09-19 05:05,1447
2018-09-19 05:10,1444
2018-09-19 05:15,1435
2018-09-19 05:20,1416
2018-09-19 05:25,1403
2018-09-19 05:30,1413
2018-09-19 05:35,1393
2018-09-19 05:40,1401
2018-09-19 05:45,1380
2018-09-19 05:50,1387
2018-09-19 05:55,1375
2018-09-19 06:00,1377
2018-09-19 06:05,1387
2018-09-19 06:10,1401
2018-09-19 06:15,1393
2018-09-19 06:20,1387
2018-09-19 06:25,1382
2018-09-19 06:30,1381
2018-09-19 06:35,1383
2018-09-19 06:40,1393
2018-09-19 06:45,1389
2018-09-19 06:50,1388
2018-09-19 06:55,1388
2018-09-19 07:00,1404
2018-09-19 07:05,1400
2018-09-19 07:10,1396
2018-09-19 07:15,1413
2018-09-19 07:20,1434
2018-09-19 07:25,1440
2018-09-19 07:30,1461
2018-09-19 07:35,1470
2018-09-19 07:40,1478
2018-09-19 07:45,1476
2018-09-19 07:50,1482
2018-09-19 07:55,1483
2018-09-19 08:00,1499
2018-09-19 08:05,1501
2018-09-19 08:10,1526
2018-09-19 08:15,1522
2018-09-19 08:20,1527
2018-09-19 08:25,1541
2018-09-19 08:30,1556
2018-09-19 08:35,1565
2018-09-19 08:40,1571
2018-09-19 08:45,1583
2018-09-19 08:50,1590
2018-09-19 08:55,1596
2018-09-19 09:00,1617
2018-09-19 09:05,1620
2018-09-19 09:10,1639
2018-09-19 09:15,1622
2018-09-19 09:20,1636
2018-09-19 09:25,1650
2018-09-19 09:30,1663
2018-09-19 09:35,1674
2018-09-19 09:40,1673
2018-09-19 09:45,1681
2018-09-19 09:50,1684
2018-09-19 09:55,1704
2018-09-19 10:00,1718
2018-09-19 10:05,1739
2018-09-19 10:10,1760
2018-09-19 10:15,1780
2018-09-19 10:20,1803
2018-09-19 10:25,1824
2018-09-19 10:30,1824
2018-09-19 10:35,1845
2018-09-19 10:40,1814
2018-09-19 10:45,1852
2018-09-19 10:50,1868
2018-09-19 10:55,
2018-09-19 11:00,
2018-09-19 11:05,1908
2018-09-19 11:10,1921
2018-09-19 11:15,1960
2018-09-19 11:20,1975
2018-09-19 11:25,1991
2018-09-19 11:30,1981
2018-09-19 11:35,1966
2018-09-19 11:40,1989
2018-09-19 11:45,1981
2018-09-19 11:50,1965
2018-09-19 11:55,2007
2018-09-19 12:00,2000
2018-09-19 12:05,1999
2018-09-19 12:10,2000
2018-09-19 12:15,2001
2018-09-19 12:20,2000
2018-09-19 12:25,2028
2018-09-19 12:30,2053
2018-09-19 12:35,2067
2018-09-19 12:40,2101
2018-09-19 12:45,2117
2018-09-19 12:50,2108
2018-09-19 12:55,2130
2018-09-19 13:00,2142
2018-09-19 13:05,2144
2018-09-19 13:10,2168
2018-09-19 13:15,2175
2018-09-19 13:20,2203
2018-09-19 13:25,2227
2018-09-19 13:30,2242
2018-09-19 13:35,2267
2018-09-19 13:40,2305
2018-09-19 13:45,2341
2018-09-19 13:50,2367
2018-09-19 13:55,2402
2018-09-19 14:00,2441
2018-09-19 14:05,2447
2018-09-19 14:10,2474
2018-09-19 14:15,2519
2018-09-19 14:20,2531
2018-09-19 14:25,2554
2018-09-19 14:30,2566
2018-09-19 14:35,2570
2018-09-19 14:40,2594
2018-09-19 14:45,2613
2018-09-19 14:50,2626
2018-09-19 14:55,2639
2018-09-19 15:00,2661
2018-09-19 15:05,2679
2018-09-19 15:10,2699
2018-09-19 15:15,2686
2018-09-19 15:20,2739
2018-09-19 15:25,2740
2018-09-19 15:30,2774
2018-09-19 15:35,2800
2018-09-19 15:40,2843
2018-09-19 15:45,2830
2018-09-19 15:50,2838
2018-09-19 15:55,2834
2018-09-19 16:00,2826
2018-09-19 16:05,2863
2018-09-19 16:10,2885
2018-09-19 16:15,2900
2018-09-19 16:20,2913
2018-09-19 16:25,2941
2018-09-19 16:30,2965
2018-09-19 16:35,2966
2018-09-19 16:40,2986
2018-09-19 16:45,3027
2018-09-19 16:50,3042
2018-09-19 16:55,3090
2018-09-19 17:00,3115
2018-09-19 17:05,3118
2018-09-19 17:10,3174
2018-09-19 17:15,3175
2018-09-19 17:20,3187
2018-09-19 17:25,3199
2018-09-19 17:30,3201
2018-09-19 17:35,3210
2018-09-19 17:40,3213
2018-09-19 17:45,3217
2018-09-19 17:50,3213
2018-09-19 17:55,3203
2018-09-19 18:00,3206
2018-09-19 18:05,3205
2018-09-19 18:10,3202
2018-09-19 18:15,3207
2018-09-19 18:20,3229
2018-09-19 18:25,3258
2018-09-19 18:30,3258
2018-09-19 18:35,3271
2018-09-19 18:40,3278
2018-09-19 18:45,3283
2018-09-19 18:50,3279
2018-09-19 18:55,3293
2018-09-19 19:00,3290
2018-09-19 19:05,3257
2018-09-19 19:10,3269
2018-09-19 19:15,3279
2018-09-19 19:20,3265
2018-09-19 19:25,3296
2018-09-19 19:30,3268
2018-09-19 19:35,3277
2018-09-19 19:40,3244
2018-09-19 19:45,3221
2018-09-19 19:50,3213
2018-09-19 19:55,3189
2018-09-19 20:00,3165
2018-09-19 20:05,3122
2018-09-19 20:10,3117
2018-09-19 20:15,3105
2018-09-19 20:20,3070
2018-09-19 20:25,3060
2018-09-19 20:30,3056
2018-09-19 20:35,3001
2018-09-19 20:40,2964
2018-09-19 20:45,2935
2018-09-19 20:50,2911
2018-09-19 20:55,2893
2018-09-19 21:00,2871
2018-09-19 21:05,2856
2018-09-19 21:10,2838
2018-09-19 21:15,2801
2018-09-19 21:20,2748
2018-09-19 21:25,2705
2018-09-19 21:30,2679
2018-09-19 21:35,2663
2018-09-19 21:40,2647
2018-09-19 21:45,2618
2018-09-19 21:50,2583
2018-09-19 21:55,2563
2018-09-19 22:00,2512
2018-09-19 22:05,2479
2018-09-19 22:10,2441
2018-09-19 22:15,2414
2018-09-19 22:20,2405
2018-09-19 22:25,2361
2018-09-19 22:30,2364
2018-09-19 22:35,2358
2018-09-19 22:40,2323
2018-09-19 22:45,2312
2018-09-19 22:50,2300
2018-09-19 22:55,2309
2018-09-19 23:00,2275
2018-09-19 23:05,2264
2018-09-19 23:10,2271
2018-09-19 23:15,2262
2018-09-19 23:20,2243
2018-09-19 23:25,2227
2018-09-19 23:30,2185
2018-09-19 23:35,2183
2018-09-19 23:40,2174
2018-09-19 23:45,2170
2018-09-19 23:50,2144
2018-09-19 23:55,2159
2018-09-20 00:00,2173
2018-09-20 00:05,2179
2018-09-20 00:10,2168
2018-09-20 00:15,2165
2018-09-20 00:20,2161
2018-09-20 00:25,2138
2018-09-20 00:30,2121
2018-09-20 00:35,2146
2018-09-20 00:40,2133
2018-09-20 00:45,2145
2018-09-20 00:50,2130
2018-09-20 00:55,2133
2018-09-20 01:00,2114
2018-09-20 01:05,2108
2018-09-20 01:10,2106
2018-09-20 01:15,2101
2018-09-20 01:20,2081
2018-09-20 01:25,2076
2018-09-20 01:30,2075
2018-09-20 01:35,2063
2018-09-20 01:40,2052
2018-09-20 01:45,2046
2018-09-20 01:50,2032
2018-09-20 01:55,2011
2018-09-20 02:00,1983
2018-09-20 02:05,1983
2018-09-20 02:10,1968
2018-09-20 02:15,1964
2018-09-20 02:20,1928
2018-09-20 02:25,1911
2018-09-20 02:30,1888
2018-09-20 02:35,1888
2018-09-20 02:40,1851
2018-09-20 02:45,1842
2018-09-20 02:50,1831
2018-09-20 02:55,1812
2018-09-20 03:00,1793
2018-09-20 03:05,1761
2018-09-20 03:10,1738
2018-09-20 03:15,1726
2018-09-20 03:20,1714
2018-09-20 03:25,1717
2018-09-20 03:30,1692
2018-09-20 03:35,1668
2018-09-20 03:40,1662
2018-09-20 03:45,1653
2018-09-20 03:50,1641
2018-09-20 03:55,1627
2018-09-20 04:00,1599
2018-09-20 04:05,1581
2018-09-20 04:10,1582
2018-09-20 04:15,1568
2018-09-20 04:20,1548
2018-09-20 04:25,1523
2018-09-20 04:30,1497
2018-09-20 04:35,1467
2018-09-20 04:40,1460
2018-09-20 04:45,1446
2018-09-20 04:50,1419
2018-09-20 04:55,1425
2018-09-20 05:00,1402
2018-09-20 05:05,1382
2018-09-20 05:10,1369
2018-09-20 05:15,1364
2018-09-20 05:20,1377
2018-09-20 05:25,1352
2018-09-20 05:30,1361
2018-09-20 05:35,1363
2018-09-20 05:40,1372
2018-09-20 05:45,1374
2018-09-20 05:50,1363
2018-09-20 05:55,1346
2018-09-20 06:00,1338
2018-09-20 06:05,1341
2018-09-20 06:10,1325
2018-09-20 06:15,1331
2018-09-20 06:20,1346
2018-09-20 06:25,1335
2018-09-20 06:30,1324
2018-09-20 06:35,1337
2018-09-20 06:40,1345
2018-09-20 06:45,1358
2018-09-20 06:50,1351
2018-09-20 06:55,1363
2018-09-20 07:00,1385
2018-09-20 07:05,1378
2018-09-20 07:10,1379
2018-09-20 07:15,1382
2018-09-20 07:20,1394
2018-09-20 07:25,1392
2018-09-20 07:30,1381
2018-09-20 07:35,1380
2018-09-20 07:40,1400
2018-09-20 07:45,1415
2018-09-20 07:50,1435
2018-09-20 07:55,1430
2018-09-20 08:00,1423
2018-09-20 08:05,1422
2018-09-20 08:10,1413
2018-09-20 08:15,1408
2018-09-20 08:20,1426
2018-09-20 08:25,1433
2018-09-20 08:30,1449
2018-09-20 08:35,1454
2018-09-20 08:40,1460
2018-09-20 08:45,1457
2018-09-20 08:50,1476
2018-09-20 08:55,1475
2018-09-20 09:00,1479
2018-09-20 09:05,1487
2018-09-20 09:10,1481
2018-09-20 09:15,1491
2018-09-20 09:20,1518
2018-09-20 09:25,1535
2018-09-20 09:30,1542
2018-09-20 09:35,1540
2018-09-20 09:40,1546
2018-09-20 09:45,1572
2018-09-20 09:50,1582
2018-09-20 09:55,1600
2018-09-20 10:00,1609
2018-09-20 10:05,1655
2018-09-20 10:10,1665
2018-09-20 10:15,1690
2018-09-20 10:20,1709
2018-09-20 10:25,1734
2018-09-20 10:30,1726
2018-09-20 10:35,1724
2018-09-20 10:40,1730
2018-09-20 10:45,1758
2018-09-20 10:50,1789
2018-09-20 10:55,1824
2018-09-20 11:00,1825
2018-09-20 11:05,1828
2018-09-20 11:10,1847
2018-09-20 11:15,1861
2018-09-20 11:20,1857
2018-09-20 11:25,1888
2018-09-20 11:30,1908
2018-09-20 11:35,1932
2018-09-20 11:40,1942
2018-09-20 11:45,1974
2018-09-20 11:50,1983
2018-09-20 11:55,1984
2018-09-20 12:00,2000
2018-09-20 12:05,2020
2018-09-20 12:10,2018
2018-09-20 12:15,2022
2018-09-20 12:20,2030
2018-09-20 12:25,2029
2018-09-20 12:30,2052
2018-09-20 12:35,2046
2018-09-20 12:40,2029
2018-09-20 12:45,2047
2018-09-20 12:50,2032
2018-09-20 12:55,2035
2018-09-20 13:00,2049
2018-09-20 13:05,2046
2018-09-20 13:10,2040
2018-09-20 13:15,2050
2018-09-20 13:20,2061
2018-09-20 13:25,2046
2018-09-20 13:30,2078
2018-09-20 13:35,2066
2018-09-20 13:40,2058
2018-09-20 13:45,2060
2018-09-20 13:50,2020
2018-09-20 13:55,1918
2018-09-20 14:00,1742
2018-09-20 14:05,1087
2018-09-20 14:10,1036
2018-09-20 14:15,1020
2018-09-20 14:20,1023
2018-09-20 14:25,1038
2018-09-20 14:30,1038
2018-09-20 14:35,1063
2018-09-20 14:40,1074
2018-09-20 14:45,1086
2018-09-20 14:50,1087
2018-09-20 14:55,1103
2018-09-20 15:00,1123
2018-09-20 15:05,1139
2018-09-20 15:10,1169
2018-09-20 15:15,1197
2018-09-20 15:20,1234
2018-09-20 15:25,1258
2018-09-20 15:30,1284
2018-09-20 15:35,1325
2018-09-20 15:40,1369
2018-09-20 15:45,1518
2018-09-20 15:50,1662
2018-09-20 15:55,1817
2018-09-20 16:00,1947
2018-09-20 16:05,2122
2018-09-20 16:10,2283
2018-09-20 16:15,2445
2018-09-20 16:20,2538
2018-09-20 16:25,2599
2018-09-20 16:30,2684
2018-09-20 16:35,2759
2018-09-20 16:40,2815
2018-09-20 16:45,2889
2018-09-20 16:50,2958
2018-09-20 16:55,2999
2018-09-20 17:00,3050
2018-09-20 17:05,3080
2018-09-20 17:10,3112
2018-09-20 17:15,3113
2018-09-20 17:20,3144
2018-09-20 17:25,3167
2018-09-20 17:30,3190
2018-09-20 17:35,3217
2018-09-20 17:40,3216
2018-09-20 17:45,3257
2018-09-20 17:50,3271
2018-09-20 17:55,3260
2018-09-20 18:00,3245
2018-09-20 18:05,3228
2018-09-20 18:10,3247
2018-09-20 18:15,3283
2018-09-20 18:20,3277
2018-09-20 18:25,3287
2018-09-20 18:30,3298
2018-09-20 18:35,3325
2018-09-20 18:40,3335
2018-09-20 18:45,3357
2018-09-20 18:50,3337
2018-09-20 18:55,3361
2018-09-20 19:00,3400
2018-09-20 19:05,3410
2018-09-20 19:10,3398
2018-09-20 19:15,3392
2018-09-20 19:20,3389
2018-09-20 19:25,3378
2018-09-20 19:30,3384
2018-09-20 19:35,3341
2018-09-20 19:40,3317
2018-09-20 19:45,3313
2018-09-20 19:50,3297
2018-09-20 19:55,3315
2018-09-20 20:00,3271
2018-09-20 20:05,3215
2018-09-20 20:10,3187
2018-09-20 20:15,3175
2018-09-20 20:20,3153
2018-09-20 20:25,3113
2018-09-20 20:30,3093
2018-09-20 20:35,3057
2018-09-20 20:40,3011
2018-09-20 20:45,3005
2018-09-20 20:50,2955
2018-09-20 20:55,2916
2018-09-20 21:00,2903
2018-09-20 21:05,2874
2018-09-20 21:10,2848
2018-09-20 21:15,2826
2018-09-20 21:20,2768
2018-09-20 21:25,2702
2018-09-20 21:30,2687
2018-09-20 21:35,2683
2018-09-20 21:40,2651
2018-09-20 21:45,2629
2018-09-20 21:50,2581
2018-09-20 21:55,2546
2018-09-20 22:00,2531
2018-09-20 22:05,2508
2018-09-20 22:10,
2018-09-20 22:15,2429
2018-09-20 22:20,2386
2018-09-20 22:25,2388
2018-09-20 22:30,2371
2018-09-20 22:35,2340
2018-09-20 22:40,2322
2018-09-20 22:45,2306
2018-09-20 22:50,2303
2018-09-20 22:55,2284
2018-09-20 23:00,2276
2018-09-20 23:05,2250
2018-09-20 23:10,2239
2018-09-20 23:15,2225
2018-09-20 23:20,2209
2018-09-20 23:25,2226
2018-09-20 23:30,2227
2018-09-20 23:35,2207
2018-09-20 23:40,2208
2018-09-20 23:45,2230
2018-09-20 23:50,2212
2018-09-20 23:55,2233
2018-09-21 00:00,2199
2018-09-21 00:05,2119
2018-09-21 00:10,2121
2018-09-21 00:15,2092
2018-09-21 00:20,2094
2018-09-21 00:25,2081
2018-09-21 00:30,2099
2018-09-21 00:35,2067
2018-09-21 00:40,2070
2018-09-21 00:45,2055
2018-09-21 00:50,2079
2018-09-21 00:55,2075
2018-09-21 01:00,2046
2018-09-21 01:05,2043
2018-09-21 01:10,2031
2018-09-21 01:15,2038
2018-09-21 01:20,2041
2018-09-21 01:25,2045
2018-09-21 01:30,2049
2018-09-21 01:35,2022
2018-09-21 01:40,2001
2018-09-21 01:45,1997
2018-09-21 01:50,1991
2018-09-21 01:55,2016
2018-09-21 02:00,1978
2018-09-21 02:05,1973
2018-09-21 02:10,1967
2018-09-21 02:15,1983
2018-09-21 02:20,1949
2018-09-21 02:25,1939
2018-09-21 02:30,1936
2018-09-21 02:35,1922
2018-09-21 02:40,1898
2018-09-21 02:45,1889
2018-09-21 02:50,1877
2018-09-21 02:55,1873
2018-09-21 03:00,1846
2018-09-21 03:05,1822
2018-09-21 03:10,1805
2018-09-21 03:15,1792
2018-09-21 03:20,1784
2018-09-21 03:25,1748
2018-09-21 03:30,1711
2018-09-21 03:35,1688
2018-09-21 03:40,1667
2018-09-21 03:45,1630
2018-09-21 03:50,1617
2018-09-21 03:55,1613
2018-09-21 04:00,1624
2018-09-21 04:05,1627
2018-09-21 04:10,1594
2018-09-21 04:15,1585
2018-09-21 04:20,1572
2018-09-21 04:25,1589
2018-09-21 04:30,1568
2018-09-21 04:35,1556
2018-09-21 04:40,1534
2018-09-21 04:45,1515
2018-09-21 04:50,1491
2018-09-21 04:55,1498
2018-09-21 05:00,1484
2018-09-21 05:05,1450
2018-09-21 05:10,1425
2018-09-21 05:15,1429
2018-09-21 05:20,1436
2018-09-21 05:25,1430
2018-09-21 05:30,1446
2018-09-21 05:35,1438
2018-09-21 05:40,1430
2018-09-21 05:45,1423
2018-09-21 05:50,1423
2018-09-21 05:55,1428
2018-09-21 06:00,1434
2018-09-21 06:05,1430
2018-09-21 06:10,1414
2018-09-21 06:15,1412
2018-09-21 06:20,1401
2018-09-21 06:25,1409
2018-09-21 06:30,1398
2018-09-21 06:35,1424
2018-09-21 06:40,1414
2018-09-21 06:45,1435
2018-09-21 06:50,1435
2018-09-21 06:55,1450
2018-09-21 07:00,1446
2018-09-21 07:05,1426
2018-09-21 07:10,1447
2018-09-21 07:15,1454
2018-09-21 07:20,1461
2018-09-21 07:25,1461
2018-09-21 07:30,1477
2018-09-21 07:35,1481
2018-09-21 07:40,1475
2018-09-21 07:45,1473
2018-09-21 07:50,1503
2018-09-21 07:55,1518
2018-09-21 08:00,1520
2018-09-21 08:05,1510
2018-09-21 08:10,1510
2018-09-21 08:15,1519
2018-09-21 08:20,1530
2018-09-21 08:25,1537
2018-09-21 08:30,1548
2018-09-21 08:35,1549
2018-09-21 08:40,1574
2018-09-21 08:45,1581
2018-09-21 08:50,1594
2018-09-21 08:55,1579
2018-09-21 09:00,1598
2018-09-21 09:05,1608
2018-09-21 09:10,1614
2018-09-21 09:15,1603
2018-09-21 09:20,1614
2018-09-21 09:25,1630
2018-09-21 09:30,1655
2018-09-21 09:35,1668
2018-09-21 09:40,1681
2018-09-21 09:45,1689
2018-09-21 09:50,1707
2018-09-21 09:55,1738
2018-09-21 10:00,1765
2018-09-21 10:05,1789
2018-09-21 10:10,1787
2018-09-21 10:15,1797
2018-09-21 10:20,1807
2018-09-21 10:25,1816
2018-09-21 10:30,1837
2018-09-21 10:35,1849
2018-09-21 10:40,1849
2018-09-21 10:45,1876
2018-09-21 10:50,1877
2018-09-21 10:55,1880
2018-09-21 11:00,1911
2018-09-21 11:05,1912
2018-09-21 11:10,1918
2018-09-21 11:15,1952
2018-09-21 11:20,1972
2018-09-21 11:25,1990
2018-09-21 11:30,1993
2018-09-21 11:35,2043
2018-09-21 11:40,2046
2018-09-21 11:45,2101
2018-09-21 11:50,2079
2018-09-21 11:55,2099
2018-09-21 12:00,2113
2018-09-21 12:05,2135
2018-09-21 12:10,2130
2018-09-21 12:15,2146
2018-09-21 12:20,2148
2018-09-21 12:25,2161
2018-09-21 12:30,2169
2018-09-21 12:35,2178
2018-09-21 12:40,2200
2018-09-21 12:45,2217
2018-09-21 12:50,2230
2018-09-21 12:55,2269
2018-09-21 13:00,2308
2018-09-21 13:05,2326
2018-09-21 13:10,2340
2018-09-21 13:15,2365
2018-09-21 13:20,2376
2018-09-21 13:25,2406
2018-09-21 13:30,2444
2018-09-21 13:35,2482
2018-09-21 13:40,2470
2018-09-21 13:45,2489
2018-09-21 13:50,2504
2018-09-21 13:55,2520
2018-09-21 14:00,2538
2018-09-21 14:05,2546
2018-09-21 14:10,2563
2018-09-21 14:15,2576
2018-09-21 14:20,2592
2018-09-21 14:25,2629
2018-09-21 14:30,2672
2018-09-21 14:35,2663
2018-09-21 14:40,2683
2018-09-21 14:45,2699
2018-09-21 14:50,2695
2018-09-21 14:55,2680
2018-09-21 15:00,2668
2018-09-21 15:05,2692
2018-09-21 15:10,2692
2018-09-21 15:15,2695
2018-09-21 15:20,2743
2018-09-21 15:25,2771
2018-09-21 15:30,2779
2018-09-21 15:35,2797
2018-09-21 15:40,2802
2018-09-21 15:45,2801
2018-09-21 15:50,2827
2018-09-21 15:55,2843
2018-09-21 16:00,2835
2018-09-21 16:05,2835
2018-09-21 16:10,2833
2018-09-21 16:15,2865
2018-09-21 16:20,2906
2018-09-21 16:25,2919
2018-09-21 16:30,2949
2018-09-21 16:35,2971
2018-09-21 16:40,2975
2018-09-21 16:45,3007
2018-09-21 16:50,3028
2018-09-21 16:55,3045
2018-09-21 17:00,3050
2018-09-21 17:05,3066
2018-09-21 17:10,3072
2018-09-21 17:15,3076
2018-09-21 17:20,3099
2018-09-21 17:25,3124
2018-09-21 17:30,3112
2018-09-21 17:35,3130
2018-09-21 17:40,3140
2018-09-21 17:45,3181
2018-09-21 17:50,3179
2018-09-21 17:55,3182
2018-09-21 18:00,3208
2018-09-21 18:05,3217
2018-09-21 18:10,3203
2018-09-21 18:15,3244
2018-09-21 18:20,3246
2018-09-21 18:25,3256
2018-09-21 18:30,3257
2018-09-21 18:35,
2018-09-21 18:40,
2018-09-21 18:45,3296
2018-09-21 18:50,3283
2018-09-21 18:55,3282
2018-09-21 19:00,3295
2018-09-21 19:05,3303
2018-09-21 19:10,3307
2018-09-21 19:15,3311
2018-09-21 19:20,3316
2018-09-21 19:25,3323
2018-09-21 19:30,3298
2018-09-21 19:35,3292
2018-09-21 19:40,3291
2018-09-21 19:45,3288
2018-09-21 19:50,3298
2018-09-21 19:55,3300
2018-09-21 20:00,3300
2018-09-21 20:05,3305
2018-09-21 20:10,3311
2018-09-21 20:15,3296
2018-09-21 20:20,3286
2018-09-21 20:25,3255
2018-09-21 20:30,3206
2018-09-21 20:35,3196
2018-09-21 20:40,3195
2018-09-21 20:45,3179
2018-09-21 20:50,3184
2018-09-21 20:55,3165
2018-09-21 21:00,3138
2018-09-21 21:05,3079
2018-09-21 21:10,3072
2018-09-21 21:15,3064
2018-09-21 21:20,3027
2018-09-21 21:25,3028
2018-09-21 21:30,2985
2018-09-21 21:35,2957
2018-09-21 21:40,2911
2018-09-21 21:45,2892
2018-09-21 21:50,2860
2018-09-21 21:55,2841
2018-09-21 22:00,2812
2018-09-21 22:05,2772
2018-09-21 22:10,2730
2018-09-21 22:15,2708
2018-09-21 22:20,2657
2018-09-21 22:25,2624
2018-09-21 22:30,2595
2018-09-21 22:35,2572
2018-09-21 22:40,2550
2018-09-21 22:45,2521
2018-09-21 22:50,2489
2018-09-21 22:55,2498
2018-09-21 23:00,2508
2018-09-21 23:05,2478
2018-09-21 23:10,2474
2018-09-21 23:15,2461
2018-09-21 23:20,2429
2018-09-21 23:25,2383
2018-09-21 23:30,2371
2018-09-21 23:35,2383
2018-09-21 23:40,2342
2018-09-21 23:45,2339
2018-09-21 23:50,2326
2018-09-21 23:55,2317
2018-09-22 00:00,2313
2018-09-22 00:05,2302
2018-09-22 00:10,2313
2018-09-22 00:15,2296
2018-09-22 00:20,2300
2018-09-22 00:25,2270
2018-09-22 00:30,2281
2018-09-22 00:35,2253
2018-09-22 00:40,2257
2018-09-22 00:45,2280
2018-09-22 00:50,2295
2018-09-22 00:55,2290
2018-09-22 01:00,2295
2018-09-22 01:05,2306
2018-09-22 01:10,2299
2018-09-22 01:15,2303
2018-09-22 01:20,2308
2018-09-22 01:25,2294
2018-09-22 01:30,2285
2018-09-22 01:35,2266
2018-09-22 01:40,2250
2018-09-22 01:45,2237
2018-09-22 01:50,2234
2018-09-22 01:55,2224
2018-09-22 02:00,2206
2018-09-22 02:05,2205
2018-09-22 02:10,2217
2018-09-22 02:15,2175
2018-09-22 02:20,2171
2018-09-22 02:25,2163
2018-09-22 02:30,2170
2018-09-22 02:35,2166
2018-09-22 02:40,2152
2018-09-22 02:45,2128
2018-09-22 02:50,2112
2018-09-22 02:55,2107
2018-09-22 03:00,2107
2018-09-22 03:05,2081
2018-09-22 03:10,2078
2018-09-22 03:15,2055
2018-09-22 03:20,2041
2018-09-22 03:25,2028
2018-09-22 03:30,2034
2018-09-22 03:35,2020
2018-09-22 03:40,1999
2018-09-22 03:45,1987
2018-09-22 03:50,1968
2018-09-22 03:55,1962
2018-09-22 04:00,1944
2018-09-22 04:05,1904
2018-09-22 04:10,1901
2018-09-22 04:15,1900
2018-09-22 04:20,1876
2018-09-22 04:25,1849
2018-09-22 04:30,1845
2018-09-22 04:35,1842
2018-09-22 04:40,1847
2018-09-22 04:45,1833
2018-09-22 04:50,1828
2018-09-22 04:55,1834
2018-09-22 05:00,1828
2018-09-22 05:05,1809
2018-09-22 05:10,1794
2018-09-22 05:15,1788
2018-09-22 05:20,1794
2018-09-22 05:25,1790
2018-09-22 05:30,1798
2018-09-22 05:35,1804
2018-09-22 05:40,1783
2018-09-22 05:45,1786
2018-09-22 05:50,1782
2018-09-22 05:55,1793
2018-09-22 06:00,1792
2018-09-22 06:05,1797
2018-09-22 06:10,1792
2018-09-22 06:15,1788
2018-09-22 06:20,1766
2018-09-22 06:25,1777
2018-09-22 06:30,1784
2018-09-22 06:35,1805
2018-09-22 06:40,1804
2018-09-22 06:45,1831
2018-09-22 06:50,1842
2018-09-22 06:55,1857
2018-09-22 07:00,1872
2018-09-22 07:05,1904
2018-09-22 07:10,1912
2018-09-22 07:15,1912
2018-09-22 07:20,1914
2018-09-22 07:25,1925
2018-09-22 07:30,1951
2018-09-22 07:35,1960
2018-09-22 07:40,1955
2018-09-22 07:45,1961
2018-09-22 07:50,1990
2018-09-22 07:55,2019
2018-09-22 08:00,2031
2018-09-22 08:05,2031
2018-09-22 08:10,2051
2018-09-22 08:15,2068
2018-09-22 08:20,2092
2018-09-22 08:25,2114
2018-09-22 08:30,2136
2018-09-22 08:35,2140
2018-09-22 08:40,2151
2018-09-22 08:45,2171
2018-09-22 08:50,2190
2018-09-22 08:55,2217
2018-09-22 09:00,2236
2018-09-22 09:05,2267
2018-09-22 09:10,2300
2018-09-22 09:15,2306
2018-09-22 09:20,2313
2018-09-22 09:25,2348
2018-09-22 09:30,2374
2018-09-22 09:35,2375
2018-09-22 09:40,2396
2018-09-22 09:45,2413
2018-09-22 09:50,2436
2018-09-22 09:55,2484
2018-09-22 10:00,2474
2018-09-22 10:05,2496
2018-09-22 10:10,2503
2018-09-22 10:15,2513
2018-09-22 10:20,2535
2018-09-22 10:25,2528
2018-09-22 10:30,2564
2018-09-22 10:35,2563
2018-09-22 10:40,2571
2018-09-22 10:45,2620
2018-09-22 10:50,2636
2018-09-22 10:55,2665
2018-09-22 11:00,2672
2018-09-22 11:05,2694
2018-09-22 11:10,2710
2018-09-22 11:15,2714
2018-09-22 11:20,2705
2018-09-22 11:25,2697
2018-09-22 11:30,2711
2018-09-22 11:35,2721
2018-09-22 11:40,2710
2018-09-22 11:45,2724
2018-09-22 11:50,2725
2018-09-22 11:55,2728
2018-09-22 12:00,2740
2018-09-22 12:05,2749
2018-09-22 12:10,2786
2018-09-22 12:15,2809
2018-09-22 12:20,2848
2018-09-22 12:25,2871
2018-09-22 12:30,2906
2018-09-22 12:35,2925
2018-09-22 12:40,2931
2018-09-22 12:45,2952
2018-09-22 12:50,2953
2018-09-22 12:55,2981
2018-09-22 13:00,3012
2018-09-22 13:05,3026
2018-09-22 13:10,3058
2018-09-22 13:15,3072
2018-09-22 13:20,3092
2018-09-22 13:25,3107
2018-09-22 13:30,3102
2018-09-22 13:35,3132
2018-09-22 13:40,3168
2018-09-22 13:45,3193
2018-09-22 13:50,3236
2018-09-22 13:55,3264
2018-09-22 14:00,3276
2018-09-22 14:05,3276
2018-09-22 14:10,3280
2018-09-22 14:15,3302
2018-09-22 14:20,3330
2018-09-22 14:25,3338
2018-09-22 14:30,3368
2018-09-22 14:35,3388
2018-09-22 14:40,3366
2018-09-22 14:45,3411
2018-09-22 14:50,3403
2018-09-22 14:55,3414
2018-09-22 15:00,3432
2018-09-22 15:05,3466
2018-09-22 15:10,3485
2018-09-22 15:15,3482
2018-09-22 15:20,3508
2018-09-22 15:25,3515
2018-09-22 15:30,3486
2018-09-22 15:35,3518
2018-09-22 15:40,3523
2018-09-22 15:45,3503
2018-09-22 15:50,3508
2018-09-22 15:55,3537
2018-09-22 16:00,3548
2018-09-22 16:05,3565
2018-09-22 16:10,3554
2018-09-22 16:15,3575
2018-09-22 16:20,3603
2018-09-22 16:25,3613
2018-09-22 16:30,3644
2018-09-22 16:35,3668
2018-09-22 16:40,3680
2018-09-22 16:45,3638
2018-09-22 16:50,3649
2018-09-22 16:55,3676
2018-09-22 17:00,3689
2018-09-22 17:05,3695
2018-09-22 17:10,3668
2018-09-22 17:15,3650
2018-09-22 17:20,3664
2018-09-22 17:25,3661
2018-09-22 17:30,3704
2018-09-22 17:35,3713
2018-09-22 17:40,3698
2018-09-22 17:45,3702
2018-09-22 17:50,3717
2018-09-22 17:55,3736
2018-09-22 18:00,3726
2018-09-22 18:05,3755
2018-09-22 18:10,3768
2018-09-22 18:15,3789
2018-09-22 18:20,3790
2018-09-22 18:25,3763
2018-09-22 18:30,3793
2018-09-22 18:35,3802
2018-09-22 18:40,3778
2018-09-22 18:45,3771
2018-09-22 18:50,3797
2018-09-22 18:55,3785
2018-09-22 19:00,3765
2018-09-22 19:05,3746
2018-09-22 19:10,3759
2018-09-22 19:15,3766
2018-09-22 19:20,3789
2018-09-22 19:25,3783
2018-09-22 19:30,3758
2018-09-22 19:35,3743
2018-09-22 19:40,3724
2018-09-22 19:45,3718
2018-09-22 19:50,3707
2018-09-22 19:55,3662
2018-09-22 20:00,3685
2018-09-22 20:05,3711
2018-09-22 20:10,3724
2018-09-22 20:15,3707
2018-09-22 20:20,3710
2018-09-22 20:25,3718
2018-09-22 20:30,3710
2018-09-22 20:35,3708
2018-09-22 20:40,3690
2018-09-22 20:45,3692
2018-09-22 20:50,3651
2018-09-22 20:55,3640
2018-09-22 21:00,3620
2018-09-22 21:05,3591
2018-09-22 21:10,3557
2018-09-22 21:15,3540
2018-09-22 21:20,3532
2018-09-22 21:25,3520
2018-09-22 21:30,3457
2018-09-22 21:35,3428
2018-09-22 21:40,3394
2018-09-22 21:45,3353
2018-09-22 21:50,3309
2018-09-22 21:55,3287
2018-09-22 22:00,3245
2018-09-22 22:05,3222
2018-09-22 22:10,3165
2018-09-22 22:15,3132
2018-09-22 22:20,3104
2018-09-22 22:25,3042
2018-09-22 22:30,3019
2018-09-22 22:35,3000
2018-09-22 22:40,2983
2018-09-22 22:45,2956
2018-09-22 22:50,2925
2018-09-22 22:55,2895
2018-09-22 23:00,2880
2018-09-22 23:05,2854
2018-09-22 23:10,2832
2018-09-22 23:15,2795
2018-09-22 23:20,2773
2018-09-22 23:25,2770
2018-09-22 23:30,2738
2018-09-22 23:35,2724
2018-09-22 23:40,2702
2018-09-22 23:45,2700
2018-09-22 23:50,2674
2018-09-22 23:55,2633
2018-09-23 00:00,2606
2018-09-23 00:05,2581
2018-09-23 00:10,2566
2018-09-23 00:15,2577
2018-09-23 00:20,2554
2018-09-23 00:25,2531
2018-09-23 00:30,2495
2018-09-23 00:35,2489
2018-09-23 00:40,2481
2018-09-23 00:45,2451
2018-09-23 00:50,2441
2018-09-23 00:55,2449
2018-09-23 01:00,2424
2018-09-23 01:05,2416
2018-09-23 01:10,2411
2018-09-23 01:15,2400
2018-09-23 01:20,2361
2018-09-23 01:25,2372
2018-09-23 01:30,2351
2018-09-23 01:35,2342
2018-09-23 01:40,2308
2018-09-23 01:45,2295
2018-09-23 01:50,2268
2018-09-23 01:55,2249
2018-09-23 02:00,2253
2018-09-23 02:05,2244
2018-09-23 02:10,2249
2018-09-23 02:15,2248
2018-09-23 02:20,2238
2018-09-23 02:25,2236
2018-09-23 02:30,2223
2018-09-23 02:35,2234
2018-09-23 02:40,2242
2018-09-23 02:45,2213
2018-09-23 02:50,2211
2018-09-23 02:55,2191
2018-09-23 03:00,2178
2018-09-23 03:05,2180
2018-09-23 03:10,2195
2018-09-23 03:15,2199
2018-09-23 03:20,2205
2018-09-23 03:25,2209
2018-09-23 03:30,2203
2018-09-23 03:35,2189
2018-09-23 03:40,2183
2018-09-23 03:45,2162
2018-09-23 03:50,2154
2018-09-23 03:55,2127
2018-09-23 04:00,2127
2018-09-23 04:05,2084
2018-09-23 04:10,2089
2018-09-23 04:15,2077
2018-09-23 04:20,2061
2018-09-23 04:25,2028
2018-09-23 04:30,1987
2018-09-23 04:35,1983
2018-09-23 04:40,1980
2018-09-23 04:45,1983
2018-09-23 04:50,1956
2018-09-23 04:55,1966
2018-09-23 05:00,1955
2018-09-23 05:05,1940
2018-09-23 05:10,1911
2018-09-23 05:15,1924
2018-09-23 05:20,1928
2018-09-23 05:25,1919
2018-09-23 05:30,1908
2018-09-23 05:35,1902
2018-09-23 05:40,1915
2018-09-23 05:45,1915
2018-09-23 05:50,1907
2018-09-23 05:55,1896
2018-09-23 06:00,1903
2018-09-23 06:05,1894
2018-09-23 06:10,1916
2018-09-23 06:15,1919
2018-09-23 06:20,1929
2018-09-23 06:25,1940
2018-09-23 06:30,1962
2018-09-23 06:35,1957
2018-09-23 06:40,1944
2018-09-23 06:45,1946
2018-09-23 06:50,1958
2018-09-23 06:55,1955
2018-09-23 07:00,1966
2018-09-23 07:05,1957
2018-09-23 07:10,1971
2018-09-23 07:15,2022
2018-09-23 07:20,2020
2018-09-23 07:25,2045
2018-09-23 07:30,2064
2018-09-23 07:35,2097
2018-09-23 07:40,2113
2018-09-23 07:45,2124
2018-09-23 07:50,2135
2018-09-23 07:55,2158
2018-09-23 08:00,2166
2018-09-23 08:05,2192
2018-09-23 08:10,2245
2018-09-23 08:15,2267
2018-09-23 08:20,2260
2018-09-23 08:25,2282
2018-09-23 08:30,2309
2018-09-23 08:35,2337
2018-09-23 08:40,2371
2018-09-23 08:45,2395
2018-09-23 08:50,2433
2018-09-23 08:55,2449
2018-09-23 09:00,2477
2018-09-23 09:05,2495
2018-09-23 09:10,2517
2018-09-23 09:15,2550
2018-09-23 09:20,2582
2018-09-23 09:25,2626
2018-09-23 09:30,2666
2018-09-23 09:35,2673
2018-09-23 09:40,2685
2018-09-23 09:45,2725
2018-09-23 09:50,2730
2018-09-23 09:55,2759
2018-09-23 10:00,2782
2018-09-23 10:05,2828
2018-09-23 10:10,2869
2018-09-23 10:15,2888
2018-09-23 10:20,2887
2018-09-23 10:25,2871
2018-09-23 10:30,2868
2018-09-23 10:35,2927
2018-09-23 10:40,2961
2018-09-23 10:45,2978
2018-09-23 10:50,2988
2018-09-23 10:55,3014
2018-09-23 11:00,3023
2018-09-23 11:05,3022
2018-09-23 11:10,3044
2018-09-23 11:15,3070
2018-09-23 11:20,3073
2018-09-23 11:25,3065
2018-09-23 11:30,3066
2018-09-23 11:35,3094
2018-09-23 11:40,3100
2018-09-23 11:45,3105
2018-09-23 11:50,3115
2018-09-23 11:55,3136
2018-09-23 12:00,3137
2018-09-23 12:05,3165
2018-09-23 12:10,3196
2018-09-23 12:15,3201
2018-09-23 12:20,3217
2018-09-23 12:25,3213
2018-09-23 12:30,3216
2018-09-23 12:35,3232
2018-09-23 12:40,3262
2018-09-23 12:45,3278
2018-09-23 12:50,3296
2018-09-23 12:55,3330
2018-09-23 13:00,3359
2018-09-23 13:05,3409
2018-09-23 13:10,3412
2018-09-23 13:15,3438
2018-09-23 13:20,3453
2018-09-23 13:25,3448
2018-09-23 13:30,3505
2018-09-23 13:35,3540
2018-09-23 13:40,3567
2018-09-23 13:45,3562
2018-09-23 13:50,3579
2018-09-23 13:55,3609
2018-09-23 14:00,3615
2018-09-23 14:05,3618
2018-09-23 14:10,3625
2018-09-23 14:15,3631
2018-09-23 14:20,3642
2018-09-23 14:25,3647
2018-09-23 14:30,3678
2018-09-23 14:35,3679
2018-09-23 14:40,3675
2018-09-23 14:45,3705
2018-09-23 14:50,3712
2018-09-23 14:55,3700
2018-09-23 15:00,3689
2018-09-23 15:05,3732
2018-09-23 15:10,3747
2018-09-23 15:15,3786
2018-09-23 15:20,3780
2018-09-23 15:25,3829
2018-09-23 15:30,3844
2018-09-23 15:35,3849
2018-09-23 15:40,3846
2018-09-23 15:45,3850
2018-09-23 15:50,3866
2018-09-23 15:55,3871
2018-09-23 16:00,3865
2018-09-23 16:05,3864
2018-09-23 16:10,3867
2018-09-23 16:15,3881
2018-09-23 16:20,3887
2018-09-23 16:25,3882
2018-09-23 16:30,3894
2018-09-23 16:35,3932
2018-09-23 16:40,3941
2018-09-23 16:45,3962
2018-09-23 16:50,3983
2018-09-23 16:55,3985
2018-09-23 17:00,3970
2018-09-23 17:05,3975
2018-09-23 17:10,3968
2018-09-23 17:15,3967
2018-09-23 17:20,3983
2018-09-23 17:25,4000
2018-09-23 17:30,4011
2018-09-23 17:35,4016
2018-09-23 17:40,4024
2018-09-23 17:45,4016
2018-09-23 17:50,4045
2018-09-23 17:55,4067
2018-09-23 18:00,4055
2018-09-23 18:05,4032
2018-09-23 18:10,4000
2018-09-23 18:15,4044
2018-09-23 18:20,4043
2018-09-23 18:25,4048
2018-09-23 18:30,4036
2018-09-23 18:35,4058
2018-09-23 18:40,4027
2018-09-23 18:45,4035
2018-09-23 18:50,4029
2018-09-23 18:55,4048
2018-09-23 19:00,4077
2018-09-23 19:05,4044
2018-09-23 19:10,4028
2018-09-23 19:15,4002
2018-09-23 19:20,3997
2018-09-23 19:25,3983
2018-09-23 19:30,3963
2018-09-23 19:35,3954
2018-09-23 19:40,3942
2018-09-23 19:45,3897
2018-09-23 19:50,3872
2018-09-23 19:55,3847
2018-09-23 20:00,3855
2018-09-23 20:05,3845
2018-09-23 20:10,3796
2018-09-23 20:15,3747
2018-09-23 20:20,3703
2018-09-23 20:25,3681
2018-09-23 20:30,3640
2018-09-23 20:35,3605
2018-09-23 20:40,3595
2018-09-23 20:45,3562
2018-09-23 20:50,3518
2018-09-23 20:55,3487
2018-09-23 21:00,3444
2018-09-23 21:05,3401
2018-09-23 21:10,3369
2018-09-23 21:15,3314
2018-09-23 21:20,3265
2018-09-23 21:25,3239
2018-09-23 21:30,3183
2018-09-23 21:35,3141
2018-09-23 21:40,3129
2018-09-23 21:45,3119
2018-09-23 21:50,3053
2018-09-23 21:55,3020
2018-09-23 22:00,2974
2018-09-23 22:05,2935
2018-09-23 22:10,2898
2018-09-23 22:15,2873
2018-09-23 22:20,2849
2018-09-23 22:25,2827
2018-09-23 22:30,2822
2018-09-23 22:35,2795
2018-09-23 22:40,2738
2018-09-23 22:45,2685
2018-09-23 22:50,2650
2018-09-23 22:55,2650
2018-09-23 23:00,2638
2018-09-23 23:05,2636
2018-09-23 23:10,2601
2018-09-23 23:15,2585
2018-09-23 23:20,2566
2018-09-23 23:25,2560
2018-09-23 23:30,2547
2018-09-23 23:35,2525
2018-09-23 23:40,2549
2018-09-23 23:45,2496
2018-09-23 23:50,2501
2018-09-23 23:55,2488
2018-09-24 00:00,2458
2018-09-24 00:05,2473
2018-09-24 00:10,2439
2018-09-24 00:15,2469
2018-09-24 00:20,2448
2018-09-24 00:25,2478
2018-09-24 00:30,2449
2018-09-24 00:35,2462
2018-09-24 00:40,2437
2018-09-24 00:45,2436
2018-09-24 00:50,2415
2018-09-24 00:55,2384
2018-09-24 01:00,2369
2018-09-24 01:05,2355
2018-09-24 01:10,2350
2018-09-24 01:15,2316
2018-09-24 01:20,2266
2018-09-24 01:25,2271
2018-09-24 01:30,2249
2018-09-24 01:35,2227
2018-09-24 01:40,2229
2018-09-24 01:45,2214
2018-09-24 01:50,2220
2018-09-24 01:55,2180
2018-09-24 02:00,2150
2018-09-24 02:05,2121
2018-09-24 02:10,2108
2018-09-24 02:15,2075
2018-09-24 02:20,2083
2018-09-24 02:25,2103
2018-09-24 02:30,2090
2018-09-24 02:35,2096
2018-09-24 02:40,2062
2018-09-24 02:45,2045
2018-09-24 02:50,2030
2018-09-24 02:55,2000
2018-09-24 03:00,1977
2018-09-24 03:05,1948
2018-09-24 03:10,1948
2018-09-24 03:15,1926
2018-09-24 03:20,1889
2018-09-24 03:25,1864
2018-09-24 03:30,1842
2018-09-24 03:35,1825
2018-09-24 03:40,1819
2018-09-24 03:45,1800
2018-09-24 03:50,1789
2018-09-24 03:55,1754
2018-09-24 04:00,1723
2018-09-24 04:05,1696
2018-09-24 04:10,1685
2018-09-24 04:15,1697
2018-09-24 04:20,1670
2018-09-24 04:25,1636
2018-09-24 04:30,1622
2018-09-24 04:35,1611
2018-09-24 04:40,1604
2018-09-24 04:45,1583
2018-09-24 04:50,1546
2018-09-24 04:55,1551
2018-09-24 05:00,1555
2018-09-24 05:05,1550
2018-09-24 05:10,1540
2018-09-24 05:15,1518
2018-09-24 05:20,1529
2018-09-24 05:25,1520
2018-09-24 05:30,1506
2018-09-24 05:35,1485
2018-09-24 05:40,1482
2018-09-24 05:45,1477
2018-09-24 05:50,1473
2018-09-24 05:55,1483
2018-09-24 06:00,1477
2018-09-24 06:05,1467
2018-09-24 06:10,1469
2018-09-24 06:15,1469
2018-09-24 06:20,1489
2018-09-24 06:25,1486
2018-09-24 06:30,1487
2018-09-24 06:35,1490
2018-09-24 06:40,1480
2018-09-24 06:45,1463
2018-09-24 06:50,1462
2018-09-24 06:55,1485
2018-09-24 07:00,1473
2018-09-24 07:05,1464
2018-09-24 07:10,1443
2018-09-24 07:15,1451
2018-09-24 07:20,1461
2018-09-24 07:25,1465
2018-09-24 07:30,1457
2018-09-24 07:35,1480
2018-09-24 07:40,1491
2018-09-24 07:45,1499
2018-09-24 07:50,1505
2018-09-24 07:55,1508
2018-09-24 08:00,1526
2018-09-24 08:05,1534
2018-09-24 08:10,1524
2018-09-24 08:15,1500
2018-09-24 08:20,1519
2018-09-24 08:25,1520
2018-09-24 08:30,1536
2018-09-24 08:35,1556
2018-09-24 08:40,1597
2018-09-24 08:45,1601
2018-09-24 08:50,1603
2018-09-24 08:55,1596
2018-09-24 09:00,1596
2018-09-24 09:05,1610
2018-09-24 09:10,1636
2018-09-24 09:15,1633
2018-09-24 09:20,1656
2018-09-24 09:25,1662
2018-09-24 09:30,1660
2018-09-24 09:35,1665
2018-09-24 09:40,1687
2018-09-24 09:45,1679
2018-09-24 09:50,1696
2018-09-24 09:55,1708
2018-09-24 10:00,1731
2018-09-24 10:05,1773
2018-09-24 10:10,1805
2018-09-24 10:15,1809
2018-09-24 10:20,1828
2018-09-24 10:25,1845
2018-09-24 10:30,1867
2018-09-24 10:35,1870
2018-09-24 10:40,1879
2018-09-24 10:45,1916
2018-09-24 10:50,1911
2018-09-24 10:55,1940
2018-09-24 11:00,1965
2018-09-24 11:05,1988
2018-09-24 11:10,2007
2018-09-24 11:15,2000
2018-09-24 11:20,2017
2018-09-24 11:25,2045
2018-09-24 11:30,2068
2018-09-24 11:35,2063
2018-09-24 11:40,2089
2018-09-24 11:45,2093
2018-09-24 11:50,2119
2018-09-24 11:55,2119
2018-09-24 12:00,2157
2018-09-24 12:05,2169
2018-09-24 12:10,2174
2018-09-24 12:15,2198
2018-09-24 12:20,2214
2018-09-24 12:25,2211
2018-09-24 12:30,2223
2018-09-24 12:35,2229
2018-09-24 12:40,2245
2018-09-24 12:45,2266
2018-09-24 12:50,2295
2018-09-24 12:55,2326
2018-09-24 13:00,2362
2018-09-24 13:05,2389
2018-09-24 13:10,2393
2018-09-24 13:15,2419
2018-09-24 13:20,2420
2018-09-24 13:25,2419
2018-09-24 13:30,2421
2018-09-24 13:35,2449
2018-09-24 13:40,2438
2018-09-24 13:45,2460
2018-09-24 13:50,2467
2018-09-24 13:55,2487
2018-09-24 14:00,2520
2018-09-24 14:05,2531
2018-09-24 14:10,2553
2018-09-24 14:15,2589
2018-09-24 14:20,2585
2018-09-24 14:25,2582
2018-09-24 14:30,2584
2018-09-24 14:35,2619
2018-09-24 14:40,2635
2018-09-24 14:45,2670
2018-09-24 14:50,2695
2018-09-24 14:55,2734
2018-09-24 15:00,2740
2018-09-24 15:05,2757
2018-09-24 15:10,2795
2018-09-24 15:15,2820
2018-09-24 15:20,2845
2018-09-24 15:25,2898
2018-09-24 15:30,2911
2018-09-24 15:35,2967
2018-09-24 15:40,2977
2018-09-24 15:45,3016
2018-09-24 15:50,3014
2018-09-24 15:55,3040
2018-09-24 16:00,3077
2018-09-24 16:05,3062
2018-09-24 16:10,3065
2018-09-24 16:15,3080
2018-09-24 16:20,3096
2018-09-24 16:25,3093
2018-09-24 16:30,3143
2018-09-24 16:35,3154
2018-09-24 16:40,3157
2018-09-24 16:45,3198
2018-09-24 16:50,3225
2018-09-24 16:55,3254
2018-09-24 17:00,3258
2018-09-24 17:05,3290
2018-09-24 17:10,3298
2018-09-24 17:15,3310
2018-09-24 17:20,3327
2018-09-24 17:25,3353
2018-09-24 17:30,3376
2018-09-24 17:35,3404
2018-09-24 17:40,3400
2018-09-24 17:45,3393
2018-09-24 17:50,3386
2018-09-24 17:55,3399
2018-09-24 18:00,3428
2018-09-24 18:05,3395
2018-09-24 18:10,3388
2018-09-24 18:15,3391
2018-09-24 18:20,3379
2018-09-24 18:25,3390
2018-09-24 18:30,3401
2018-09-24 18:35,3431
2018-09-24 18:40,3420
2018-09-24 18:45,3411
2018-09-24 18:50,3431
2018-09-24 18:55,3467
2018-09-24 19:00,3476
2018-09-24 19:05,3472
2018-09-24 19:10,3475
2018-09-24 19:15,3473
2018-09-24 19:20,3496
2018-09-24 19:25,3481
2018-09-24 19:30,3490
2018-09-24 19:35,3463
2018-09-24 19:40,3457
2018-09-24 19:45,3452
2018-09-24 19:50,3436
2018-09-24 19:55,3433
2018-09-24 20:00,3401
2018-09-24 20:05,3383
2018-09-24 20:10,3345
2018-09-24 20:15,3300
2018-09-24 20:20,3259
2018-09-24 20:25,3238
2018-09-24 20:30,3186
2018-09-24 20:35,3145
2018-09-24 20:40,3139
2018-09-24 20:45,3102
2018-09-24 20:50,3068
2018-09-24 20:55,3040
2018-09-24 21:00,3028
2018-09-24 21:05,3029
2018-09-24 21:10,2965
2018-09-24 21:15,2954
2018-09-24 21:20,2906
2018-09-24 21:25,2862
2018-09-24 21:30,2851
2018-09-24 21:35,2826
2018-09-24 21:40,2796
2018-09-24 21:45,2772
2018-09-24 21:50,2716
2018-09-24 21:55,2688
2018-09-24 22:00,2669
2018-09-24 22:05,2639
2018-09-24 22:10,2628
2018-09-24 22:15,2597
2018-09-24 22:20,2590
2018-09-24 22:25,2583
2018-09-24 22:30,2562
2018-09-24 22:35,2546
2018-09-24 22:40,2521
2018-09-24 22:45,2470
2018-09-24 22:50,2453
2018-09-24 22:55,2455
2018-09-24 23:00,2426
2018-09-24 23:05,2382
2018-09-24 23:10,2382
2018-09-24 23:15,2361
2018-09-24 23:20,2373
2018-09-24 23:25,2376
2018-09-24 23:30,2393
2018-09-24 23:35,2385
2018-09-24 23:40,2380
2018-09-24 23:45,2355
2018-09-24 23:50,2334
2018-09-24 23:55,2333
2018-09-25 00:00,2322
2018-09-25 00:05,2303
2018-09-25 00:10,2288
2018-09-25 00:15,2274
2018-09-25 00:20,2294
2018-09-25 00:25,2277
2018-09-25 00:30,2258
2018-09-25 00:35,2243
2018-09-25 00:40,2259
2018-09-25 00:45,2236
2018-09-25 00:50,2239
2018-09-25 00:55,2215
2018-09-25 01:00,2211
2018-09-25 01:05,2182
2018-09-25 01:10,2169
2018-09-25 01:15,2189
2018-09-25 01:20,2226
2018-09-25 01:25,2200
2018-09-25 01:30,2191
2018-09-25 01:35,2183
2018-09-25 01:40,2184
2018-09-25 01:45,2175
2018-09-25 01:50,2162
2018-09-25 01:55,2146
2018-09-25 02:00,2121
2018-09-25 02:05,2095
2018-09-25 02:10,2090
2018-09-25 02:15,2063
2018-09-25 02:20,2039
2018-09-25 02:25,2024
2018-09-25 02:30,2012
2018-09-25 02:35,1992
2018-09-25 02:40,1983
2018-09-25 02:45,1969
2018-09-25 02:50,1954
2018-09-25 02:55,1928
2018-09-25 03:00,1916
2018-09-25 03:05,1888
2018-09-25 03:10,1876
2018-09-25 03:15,1854
2018-09-25 03:20,1847
2018-09-25 03:25,1830
2018-09-25 03:30,1781
2018-09-25 03:35,1749
2018-09-25 03:40,1723
2018-09-25 03:45,1719
2018-09-25 03:50,1711
2018-09-25 03:55,1693
2018-09-25 04:00,1677
2018-09-25 04:05,1660
2018-09-25 04:10,1635
2018-09-25 04:15,1626
2018-09-25 04:20,1634
2018-09-25 04:25,1609
2018-09-25 04:30,1575
2018-09-25 04:35,1560
2018-09-25 04:40,1547
2018-09-25 04:45,1523
2018-09-25 04:50,1513
2018-09-25 04:55,1511
2018-09-25 05:00,1494
2018-09-25 05:05,1474
2018-09-25 05:10,1466
2018-09-25 05:15,1454
2018-09-25 05:20,1435
2018-09-25 05:25,1438
2018-09-25 05:30,1412
2018-09-25 05:35,1411
2018-09-25 05:40,1407
2018-09-25 05:45,1402
2018-09-25 05:50,1401
2018-09-25 05:55,1400
2018-09-25 06:00,1401
2018-09-25 06:05,1402
2018-09-25 06:10,1390
2018-09-25 06:15,1387
2018-09-25 06:20,1379
2018-09-25 06:25,1379
2018-09-25 06:30,1384
2018-09-25 06:35,1390
2018-09-25 06:40,1391
2018-09-25 06:45,1388
2018-09-25 06:50,1379
2018-09-25 06:55,1375
2018-09-25 07:00,1372
2018-09-25 07:05,1387
2018-09-25 07:10,1370
2018-09-25 07:15,1373
2018-09-25 07:20,1381
2018-09-25 07:25,1396
2018-09-25 07:30,1379
2018-09-25 07:35,1382
2018-09-25 07:40,1400
2018-09-25 07:45,1400
2018-09-25 07:50,1402
2018-09-25 07:55,1433
2018-09-25 08:00,1444
2018-09-25 08:05,1458
2018-09-25 08:10,1467
2018-09-25 08:15,1487
2018-09-25 08:20,1497
2018-09-25 08:25,1505
2018-09-25 08:30,1532
2018-09-25 08:35,1520
2018-09-25 08:40,1526
2018-09-25 08:45,1524
2018-09-25 08:50,1521
2018-09-25 08:55,1531
2018-09-25 09:00,1551
2018-09-25 09:05,1563
2018-09-25 09:10,1581
2018-09-25 09:15,1598
2018-09-25 09:20,1608
2018-09-25 09:25,1612
2018-09-25 09:30,1612
2018-09-25 09:35,1624
2018-09-25 09:40,1629
2018-09-25 09:45,1645
2018-09-25 09:50,1663
2018-09-25 09:55,1694
2018-09-25 10:00,1696
2018-09-25 10:05,1715
2018-09-25 10:10,1751
2018-09-25 10:15,1798
2018-09-25 10:20,1818
2018-09-25 10:25,1817
2018-09-25 10:30,1835
2018-09-25 10:35,1834
2018-09-25 10:40,1826
2018-09-25 10:45,1837
2018-09-25 10:50,1870
2018-09-25 10:55,1868
2018-09-25 11:00,1876
2018-09-25 11:05,1885
2018-09-25 11:10,1884
2018-09-25 11:15,1899
2018-09-25 11:20,1913
2018-09-25 11:25,1910
2018-09-25 11:30,1890
2018-09-25 11:35,1894
2018-09-25 11:40,1887
2018-09-25 11:45,1856
2018-09-25 11:50,1824
2018-09-25 11:55,1700
2018-09-25 12:00,1416
2018-09-25 12:05,863
2018-09-25 12:10,796
2018-09-25 12:15,790
2018-09-25 12:20,782
2018-09-25 12:25,797
2018-09-25 12:30,775
2018-09-25 12:35,763
2018-09-25 12:40,788
2018-09-25 12:45,766
2018-09-25 12:50,768
2018-09-25 12:55,767
2018-09-25 13:00,776
2018-09-25 13:05,776
2018-09-25 13:10,764
2018-09-25 13:15,767
2018-09-25 13:20,784
2018-09-25 13:25,795
2018-09-25 13:30,766
2018-09-25 13:35,729
2018-09-25 13:40,683
2018-09-25 13:45,680
2018-09-25 13:50,653
2018-09-25 13:55,651
2018-09-25 14:00,642
2018-09-25 14:05,655
2018-09-25 14:10,655
2018-09-25 14:15,636
2018-09-25 14:20,640
2018-09-25 14:25,647
2018-09-25 14:30,630
2018-09-25 14:35,657
2018-09-25 14:40,631
2018-09-25 14:45,647
2018-09-25 14:50,606
2018-09-25 14:55,621
2018-09-25 15:00,633
2018-09-25 15:05,655
2018-09-25 15:10,645
2018-09-25 15:15,665
2018-09-25 15:20,636
2018-09-25 15:25,620
2018-09-25 15:30,633
2018-09-25 15:35,620
2018-09-25 15:40,635
2018-09-25 15:45,630
2018-09-25 15:50,612
2018-09-25 15:55,608
2018-09-25 16:00,617
2018-09-25 16:05,631
2018-09-25 16:10,643
2018-09-25 16:15,619
2018-09-25 16:20,636
2018-09-25 16:25,636
2018-09-25 16:30,644
2018-09-25 16:35,672
2018-09-25 16:40,666
2018-09-25 16:45,652
2018-09-25 16:50,646
2018-09-25 16:55,652
2018-09-25 17:00,674
2018-09-25 17:05,774
2018-09-25 17:10,763
2018-09-25 17:15,731
2018-09-25 17:20,739
2018-09-25 17:25,731
2018-09-25 17:30,719
2018-09-25 17:35,964
2018-09-25 17:40,1126
2018-09-25 17:45,1203
2018-09-25 17:50,1274
2018-09-25 17:55,1347
2018-09-25 18:00,1414
2018-09-25 18:05,
2018-09-25 18:10,
2018-09-25 18:15,1495
2018-09-25 18:20,1524
2018-09-25 18:25,1540
2018-09-25 18:30,1609
2018-09-25 18:35,1780
2018-09-25 18:40,1893
2018-09-25 18:45,2249
2018-09-25 18:50,2568
2018-09-25 18:55,2786
2018-09-25 19:00,2982
2018-09-25 19:05,3098
2018-09-25 19:10,3213
2018-09-25 19:15,3296
2018-09-25 19:20,3375
2018-09-25 19:25,3446
2018-09-25 19:30,3499
2018-09-25 19:35,3540
2018-09-25 19:40,3540
2018-09-25 19:45,3555
2018-09-25 19:50,3548
2018-09-25 19:55,3557
2018-09-25 20:00,3550
2018-09-25 20:05,3511
2018-09-25 20:10,3486
2018-09-25 20:15,3475
2018-09-25 20:20,3437
2018-09-25 20:25,3427
2018-09-25 20:30,3377
2018-09-25 20:35,3365
2018-09-25 20:40,3326
2018-09-25 20:45,3301
2018-09-25 20:50,3270
2018-09-25 20:55,3211
2018-09-25 21:00,3140
2018-09-25 21:05,3113
2018-09-25 21:10,3070
2018-09-25 21:15,3024
2018-09-25 21:20,2986
2018-09-25 21:25,2960
2018-09-25 21:30,2887
2018-09-25 21:35,2847
2018-09-25 21:40,2815
2018-09-25 21:45,2790
2018-09-25 21:50,2746
2018-09-25 21:55,2715
2018-09-25 22:00,2689
2018-09-25 22:05,2638
2018-09-25 22:10,2591
2018-09-25 22:15,2574
2018-09-25 22:20,2539
2018-09-25 22:25,2526
2018-09-25 22:30,2507
2018-09-25 22:35,2488
2018-09-25 22:40,2469
2018-09-25 22:45,2439
2018-09-25 22:50,2417
2018-09-25 22:55,2391
2018-09-25 23:00,2375
2018-09-25 23:05,2373
2018-09-25 23:10,2351
2018-09-25 23:15,
2018-09-25 23:20,172
2018-09-25 23:25,574
2018-09-25 23:30,1038
2018-09-25 23:35,1523
2018-09-25 23:40,1952
2018-09-25 23:45,2178
2018-09-25 23:50,2297
2018-09-25 23:55,2319
2018-09-26 00:00,2299
2018-09-26 00:05,2289
2018-09-26 00:10,2272
2018-09-26 00:15,2244
2018-09-26 00:20,2248
2018-09-26 00:25,2230
2018-09-26 00:30,2231
2018-09-26 00:35,2198
2018-09-26 00:40,2180
2018-09-26 00:45,2174
2018-09-26 00:50,2147
2018-09-26 00:55,2150
2018-09-26 01:00,2163
2018-09-26 01:05,2163
2018-09-26 01:10,2124
2018-09-26 01:15,2120
2018-09-26 01:20,2094
2018-09-26 01:25,2103
2018-09-26 01:30,2100
2018-09-26 01:35,2096
2018-09-26 01:40,2097
2018-09-26 01:45,2074
2018-09-26 01:50,2040
2018-09-26 01:55,2026
2018-09-26 02:00,2008
2018-09-26 02:05,2011
2018-09-26 02:10,1999
2018-09-26 02:15,2008
2018-09-26 02:20,2004
2018-09-26 02:25,1990
2018-09-26 02:30,1980
2018-09-26 02:35,1954
2018-09-26 02:40,1915
2018-09-26 02:45,1913
2018-09-26 02:50,1875
2018-09-26 02:55,1858
2018-09-26 03:00,1864
2018-09-26 03:05,1833
2018-09-26 03:10,1825
2018-09-26 03:15,1816
2018-09-26 03:20,1807
2018-09-26 03:25,1804
2018-09-26 03:30,1777
2018-09-26 03:35,1750
2018-09-26 03:40,1745
2018-09-26 03:45,1737
2018-09-26 03:50,1712
2018-09-26 03:55,1668
2018-09-26 04:00,1664
2018-09-26 04:05,1646
2018-09-26 04:10,1627
2018-09-26 04:15,1618
2018-09-26 04:20,1613
2018-09-26 04:25,1573
2018-09-26 04:30,1560
2018-09-26 04:35,1541
2018-09-26 04:40,1541
2018-09-26 04:45,1529
2018-09-26 04:50,1517
2018-09-26 04:55,1481
2018-09-26 05:00,1470
2018-09-26 05:05,1469
2018-09-26 05:10,1457
2018-09-26 05:15,1472
2018-09-26 05:20,1460
2018-09-26 05:25,1446
2018-09-26 05:30,1440
2018-09-26 05:35,1440
2018-09-26 05:40,1431
2018-09-26 05:45,1432
2018-09-26 05:50,1418
2018-09-26 05:55,1422
2018-09-26 06:00,1413
2018-09-26 06:05,1410
2018-09-26 06:10,1407
2018-09-26 06:15,1417
2018-09-26 06:20,1415
2018-09-26 06:25,1431
2018-09-26 06:30,1438
2018-09-26 06:35,1451
2018-09-26 06:40,1459
2018-09-26 06:45,1444
2018-09-26 06:50,1434
2018-09-26 06:55,1428
2018-09-26 07:00,1437
2018-09-26 07:05,1439
2018-09-26 07:10,1447
2018-09-26 07:15,1456
2018-09-26 07:20,1467
2018-09-26 07:25,1471
2018-09-26 07:30,1458
2018-09-26 07:35,1470
2018-09-26 07:40,1476
2018-09-26 07:45,1478
2018-09-26 07:50,1497
2018-09-26 07:55,1492
2018-09-26 08:00,1487
2018-09-26 08:05,1493
2018-09-26 08:10,1520
2018-09-26 08:15,1535
2018-09-26 08:20,1536
2018-09-26 08:25,1547
2018-09-26 08:30,1542
2018-09-26 08:35,1551
2018-09-26 08:40,1549
2018-09-26 08:45,1565
2018-09-26 08:50,1591
2018-09-26 08:55,1603
2018-09-26 09:00,1612
2018-09-26 09:05,1613
2018-09-26 09:10,1610
2018-09-26 09:15,1607
2018-09-26 09:20,1639
2018-09-26 09:25,1644
2018-09-26 09:30,1656
2018-09-26 09:35,1662
2018-09-26 09:40,1684
2018-09-26 09:45,1701
2018-09-26 09:50,1698
2018-09-26 09:55,1722
2018-09-26 10:00,1743
2018-09-26 10:05,1756
2018-09-26 10:10,1768
2018-09-26 10:15,1796
2018-09-26 10:20,1797
2018-09-26 10:25,1828
2018-09-26 10:30,1820
2018-09-26 10:35,1810
2018-09-26 10:40,1820
2018-09-26 10:45,1853
2018-09-26 10:50,1866
2018-09-26 10:55,1871
2018-09-26 11:00,1880
2018-09-26 11:05,1870
2018-09-26 11:10,1878
2018-09-26 11:15,1903
2018-09-26 11:20,1921
2018-09-26 11:25,1929
2018-09-26 11:30,1914
2018-09-26 11:35,1871
2018-09-26 11:40,1842
2018-09-26 11:45,1813
2018-09-26 11:50,1734
2018-09-26 11:55,1614
2018-09-26 12:00,1322
2018-09-26 12:05,868
2018-09-26 12:10,776
2018-09-26 12:15,730
2018-09-26 12:20,720
2018-09-26 12:25,713
2018-09-26 12:30,685
2018-09-26 12:35,692
2018-09-26 12:40,688
2018-09-26 12:45,683
2018-09-26 12:50,663
2018-09-26 12:55,641
2018-09-26 13:00,645
2018-09-26 13:05,660
2018-09-26 13:10,639
2018-09-26 13:15,632
2018-09-26 13:20,637
2018-09-26 13:25,632
2018-09-26 13:30,628
2018-09-26 13:35,637
2018-09-26 13:40,620
2018-09-26 13:45,619
2018-09-26 13:50,614
2018-09-26 13:55,600
2018-09-26 14:00,612
2018-09-26 14:05,609
2018-09-26 14:10,633
2018-09-26 14:15,631
2018-09-26 14:20,617
2018-09-26 14:25,633
2018-09-26 14:30,635
2018-09-26 14:35,624
2018-09-26 14:40,628
2018-09-26 14:45,638
2018-09-26 14:50,649
2018-09-26 14:55,623
2018-09-26 15:00,644
2018-09-26 15:05,654
2018-09-26 15:10,656
2018-09-26 15:15,661
2018-09-26 15:20,656
2018-09-26 15:25,719
2018-09-26 15:30,745
2018-09-26 15:35,749
2018-09-26 15:40,759
2018-09-26 15:45,761
2018-09-26 15:50,768
2018-09-26 15:55,780
2018-09-26 16:00,792
2018-09-26 16:05,804
2018-09-26 16:10,814
2018-09-26 16:15,813
2018-09-26 16:20,799
2018-09-26 16:25,806
2018-09-26 16:30,799
2018-09-26 16:35,812
2018-09-26 16:40,853
2018-09-26 16:45,861
2018-09-26 16:50,837
2018-09-26 16:55,855
2018-09-26 17:00,849
2018-09-26 17:05,864
2018-09-26 17:10,851
2018-09-26 17:15,890
2018-09-26 17:20,885
2018-09-26 17:25,903
2018-09-26 17:30,923
2018-09-26 17:35,943
2018-09-26 17:40,918
2018-09-26 17:45,898
2018-09-26 17:50,904
2018-09-26 17:55,912
2018-09-26 18:00,1033
2018-09-26 18:05,1220
2018-09-26 18:10,1390
2018-09-26 18:15,1491
2018-09-26 18:20,1633
2018-09-26 18:25,1770
2018-09-26 18:30,1877
2018-09-26 18:35,1983
2018-09-26 18:40,2086
2018-09-26 18:45,2182
2018-09-26 18:50,2286
2018-09-26 18:55,2385
2018-09-26 19:00,2434
2018-09-26 19:05,2474
2018-09-26 19:10,2511
2018-09-26 19:15,2547
2018-09-26 19:20,2569
2018-09-26 19:25,2628
2018-09-26 19:30,2669
2018-09-26 19:35,2715
2018-09-26 19:40,2740
2018-09-26 19:45,2737
2018-09-26 19:50,2756
2018-09-26 19:55,2778
2018-09-26 20:00,2792
2018-09-26 20:05,2797
2018-09-26 20:10,2796
2018-09-26 20:15,2781
2018-09-26 20:20,2755
2018-09-26 20:25,2767
2018-09-26 20:30,2798
2018-09-26 20:35,2823
2018-09-26 20:40,2805
2018-09-26 20:45,2773
2018-09-26 20:50,2787
2018-09-26 20:55,2774
2018-09-26 21:00,2763
2018-09-26 21:05,2787
2018-09-26 21:10,2766
2018-09-26 21:15,2771
2018-09-26 21:20,2712
2018-09-26 21:25,2710
2018-09-26 21:30,2676
2018-09-26 21:35,2653
2018-09-26 21:40,2636
2018-09-26 21:45,2604
2018-09-26 21:50,2595
2018-09-26 21:55,2582
2018-09-26 22:00,2537
2018-09-26 22:05,2518
2018-09-26 22:10,2480
2018-09-26 22:15,2453
2018-09-26 22:20,2410
2018-09-26 22:25,2384
2018-09-26 22:30,2392
2018-09-26 22:35,2395
2018-09-26 22:40,2397
2018-09-26 22:45,2383
2018-09-26 22:50,2367
2018-09-26 22:55,2359
2018-09-26 23:00,2327
2018-09-26 23:05,2325
2018-09-26 23:10,2305
2018-09-26 23:15,2310
2018-09-26 23:20,2285
2018-09-26 23:25,2266
2018-09-26 23:30,2251
2018-09-26 23:35,2255
2018-09-26 23:40,2263
2018-09-26 23:45,2249
2018-09-26 23:50,2222
2018-09-26 23:55,2195
2018-09-27 00:00,2190
2018-09-27 00:05,2160
2018-09-27 00:10,2160
2018-09-27 00:15,2161
2018-09-27 00:20,2155
2018-09-27 00:25,2156
2018-09-27 00:30,2141
2018-09-27 00:35,2127
2018-09-27 00:40,2142
2018-09-27 00:45,2135
2018-09-27 00:50,2144
2018-09-27 00:55,2136
2018-09-27 01:00,2132
2018-09-27 01:05,2119
2018-09-27 01:10,2109
2018-09-27 01:15,2121
2018-09-27 01:20,2130
2018-09-27 01:25,2122
2018-09-27 01:30,2114
2018-09-27 01:35,2100
2018-09-27 01:40,2114
2018-09-27 01:45,2108
2018-09-27 01:50,2085
2018-09-27 01:55,2071
2018-09-27 02:00,2034
2018-09-27 02:05,2011
2018-09-27 02:10,1994
2018-09-27 02:15,1984
2018-09-27 02:20,1961
2018-09-27 02:25,1963
2018-09-27 02:30,1953
2018-09-27 02:35,1928
2018-09-27 02:40,1887
2018-09-27 02:45,1861
2018-09-27 02:50,1868
2018-09-27 02:55,1860
2018-09-27 03:00,1835
2018-09-27 03:05,1823
2018-09-27 03:10,1803
2018-09-27 03:15,1765
2018-09-27 03:20,1750
2018-09-27 03:25,1775
2018-09-27 03:30,1746
2018-09-27 03:35,1721
2018-09-27 03:40,1717
2018-09-27 03:45,1702
2018-09-27 03:50,1682
2018-09-27 03:55,1660
2018-09-27 04:00,1653
2018-09-27 04:05,1640
2018-09-27 04:10,1624
2018-09-27 04:15,1594
2018-09-27 04:20,1575
2018-09-27 04:25,1585
2018-09-27 04:30,1562
2018-09-27 04:35,1542
2018-09-27 04:40,1523
2018-09-27 04:45,1510
2018-09-27 04:50,1490
2018-09-27 04:55,1486
2018-09-27 05:00,1476
2018-09-27 05:05,1455
2018-09-27 05:10,1443
2018-09-27 05:15,1441
2018-09-27 05:20,1409
2018-09-27 05:25,1400
2018-09-27 05:30,1402
2018-09-27 05:35,1394
2018-09-27 05:40,1392
2018-09-27 05:45,1391
2018-09-27 05:50,1399
2018-09-27 05:55,1397
2018-09-27 06:00,1393
2018-09-27 06:05,1395
2018-09-27 06:10,1391
2018-09-27 06:15,1402
2018-09-27 06:20,1412
2018-09-27 06:25,1411
2018-09-27 06:30,1403
2018-09-27 06:35,1408
2018-09-27 06:40,1432
2018-09-27 06:45,1434
2018-09-27 06:50,1415
2018-09-27 06:55,1438
2018-09-27 07:00,1426
2018-09-27 07:05,1444
2018-09-27 07:10,1436
2018-09-27 07:15,1443
2018-09-27 07:20,1451
2018-09-27 07:25,1463
2018-09-27 07:30,1475
2018-09-27 07:35,1475
2018-09-27 07:40,1480
2018-09-27 07:45,1475
2018-09-27 07:50,1465
2018-09-27 07:55,1521
2018-09-27 08:00,1531
2018-09-27 08:05,1546
2018-09-27 08:10,1559
2018-09-27 08:15,1586
2018-09-27 08:20,1583
2018-09-27 08:25,1596
2018-09-27 08:30,1580
2018-09-27 08:35,1566
2018-09-27 08:40,1590
2018-09-27 08:45,1590
2018-09-27 08:50,1605
2018-09-27 08:55,1603
2018-09-27 09:00,1620
2018-09-27 09:05,1643
2018-09-27 09:10,1660
2018-09-27 09:15,1674
2018-09-27 09:20,1675
2018-09-27 09:25,1673
2018-09-27 09:30,1681
2018-09-27 09:35,1694
2018-09-27 09:40,1706
2018-09-27 09:45,1696
2018-09-27 09:50,1699
2018-09-27 09:55,1712
2018-09-27 10:00,1754
2018-09-27 10:05,1793
2018-09-27 10:10,1789
2018-09-27 10:15,1812
2018-09-27 10:20,1837
2018-09-27 10:25,1863
2018-09-27 10:30,1886
2018-09-27 10:35,1904
2018-09-27 10:40,1899
2018-09-27 10:45,1905
2018-09-27 10:50,1922
2018-09-27 10:55,1918
2018-09-27 11:00,1950
2018-09-27 11:05,1945
2018-09-27 11:10,1955
2018-09-27 11:15,1967
2018-09-27 11:20,1982
2018-09-27 11:25,2007
2018-09-27 11:30,2036
2018-09-27 11:35,2066
2018-09-27 11:40,2054
2018-09-27 11:45,2070
2018-09-27 11:50,2083
2018-09-27 11:55,2093
2018-09-27 12:00,2086
2018-09-27 12:05,2096
2018-09-27 12:10,2091
2018-09-27 12:15,2100
2018-09-27 12:20,2110
2018-09-27 12:25,2133
2018-09-27 12:30,2163
2018-09-27 12:35,2182
2018-09-27 12:40,2192
2018-09-27 12:45,2192
2018-09-27 12:50,2213
2018-09-27 12:55,2214
2018-09-27 13:00,2217
2018-09-27 13:05,2238
2018-09-27 13:10,2257
2018-09-27 13:15,2282
2018-09-27 13:20,2285
2018-09-27 13:25,2306
2018-09-27 13:30,2329
2018-09-27 13:35,2328
2018-09-27 13:40,2335
2018-09-27 13:45,2345
2018-09-27 13:50,2342
2018-09-27 13:55,2376
2018-09-27 14:00,2409
2018-09-27 14:05,2424
2018-09-27 14:10,2454
2018-09-27 14:15,2483
2018-09-27 14:20,2472
2018-09-27 14:25,2501
2018-09-27 14:30,2540
2018-09-27 14:35,2543
2018-09-27 14:40,2556
2018-09-27 14:45,2568
2018-09-27 14:50,2575
2018-09-27 14:55,2575
2018-09-27 15:00,2575
2018-09-27 15:05,2586
2018-09-27 15:10,2595
2018-09-27 15:15,2614
2018-09-27 15:20,2631
2018-09-27 15:25,2637
2018-09-27 15:30,2646
2018-09-27 15:35,2692
2018-09-27 15:40,2708
2018-09-27 15:45,2726
2018-09-27 15:50,2735
2018-09-27 15:55,2721
2018-09-27 16:00,2721
2018-09-27 16:05,2753
2018-09-27 16:10,2784
2018-09-27 16:15,2784
2018-09-27 16:20,0
2018-09-27 16:25,2858
2018-09-27 16:30,2888
2018-09-27 16:35,2919
2018-09-27 16:40,2939
2018-09-27 16:45,2937
2018-09-27 16:50,2954
2018-09-27 16:55,2976
2018-09-27 17:00,2994
2018-09-27 17:05,3000
2018-09-27 17:10,3024
2018-09-27 17:15,3050
2018-09-27 17:20,3064
2018-09-27 17:25,3060
2018-09-27 17:30,3066
2018-09-27 17:35,3085
2018-09-27 17:40,3104
2018-09-27 17:45,3113
2018-09-27 17:50,3110
2018-09-27 17:55,3106
2018-09-27 18:00,3103
2018-09-27 18:05,3113
2018-09-27 18:10,3129
2018-09-27 18:15,3116
2018-09-27 18:20,3147
2018-09-27 18:25,3159
2018-09-27 18:30,3151
2018-09-27 18:35,3152
2018-09-27 18:40,3177
2018-09-27 18:45,3156
2018-09-27 18:50,3179
2018-09-27 18:55,3198
2018-09-27 19:00,3191
2018-09-27 19:05,3180
2018-09-27 19:10,3144
2018-09-27 19:15,3146
2018-09-27 19:20,3152
2018-09-27 19:25,3172
2018-09-27 19:30,3167
2018-09-27 19:35,3163
2018-09-27 19:40,3146
2018-09-27 19:45,3130
2018-09-27 19:50,3103
2018-09-27 19:55,3062
2018-09-27 20:00,3025
2018-09-27 20:05,3012
2018-09-27 20:10,2992
2018-09-27 20:15,2992
2018-09-27 20:20,
2018-09-27 20:25,2934
2018-09-27 20:30,2929
2018-09-27 20:35,2870
2018-09-27 20:40,2849
2018-09-27 20:45,2839
2018-09-27 20:50,2811
2018-09-27 20:55,2806
2018-09-27 21:00,2757
2018-09-27 21:05,2738
2018-09-27 21:10,2700
2018-09-27 21:15,2705
2018-09-27 21:20,2681
2018-09-27 21:25,2648
2018-09-27 21:30,2609
2018-09-27 21:35,2545
2018-09-27 21:40,2520
2018-09-27 21:45,2494
2018-09-27 21:50,2489
2018-09-27 21:55,2463
2018-09-27 22:00,2436
2018-09-27 22:05,2415
2018-09-27 22:10,2379
2018-09-27 22:15,2353
2018-09-27 22:20,2324
2018-09-27 22:25,2301
2018-09-27 22:30,2288
2018-09-27 22:35,2302
2018-09-27 22:40,0
2018-09-27 22:45,2260
2018-09-27 22:50,2247
2018-09-27 22:55,2236
2018-09-27 23:00,2217
2018-09-27 23:05,2214
2018-09-27 23:10,2215
2018-09-27 23:15,2197
2018-09-27 23:20,2193
2018-09-27 23:25,2181
2018-09-27 23:30,2158
2018-09-27 23:35,2112
2018-09-27 23:40,2121
2018-09-27 23:45,2090
2018-09-27 23:50,2103
2018-09-27 23:55,2099
2018-09-28 00:00,2084
2018-09-28 00:05,2062
2018-09-28 00:10,2081
2018-09-28 00:15,2063
2018-09-28 00:20,2085
2018-09-28 00:25,2070
2018-09-28 00:30,2042
2018-09-28 00:35,2028
2018-09-28 00:40,2008
2018-09-28 00:45,1993
2018-09-28 00:50,2003
2018-09-28 00:55,2005
2018-09-28 01:00,1996
2018-09-28 01:05,2017
2018-09-28 01:10,2040
2018-09-28 01:15,2047
2018-09-28 01:20,2041
2018-09-28 01:25,2043
2018-09-28 01:30,2028
2018-09-28 01:35,2021
2018-09-28 01:40,0
2018-09-28 01:45,2017
2018-09-28 01:50,2003
2018-09-28 01:55,1982
2018-09-28 02:00,1962
2018-09-28 02:05,1952
2018-09-28 02:10,1944
2018-09-28 02:15,1920
2018-09-28 02:20,1900
2018-09-28 02:25,1878
2018-09-28 02:30,1862
2018-09-28 02:35,1857
2018-09-28 02:40,1855
2018-09-28 02:45,1845
2018-09-28 02:50,1820
2018-09-28 02:55,1785
2018-09-28 03:00,1780
2018-09-28 03:05,1765
2018-09-28 03:10,1754
2018-09-28 03:15,1731
2018-09-28 03:20,1723
2018-09-28 03:25,1703
2018-09-28 03:30,1711
2018-09-28 03:35,1692
2018-09-28 03:40,1699
2018-09-28 03:45,1699
2018-09-28 03:50,1663
2018-09-28 03:55,1643
2018-09-28 04:00,1631
2018-09-28 04:05,1595
2018-09-28 04:10,1584
2018-09-28 04:15,1568
2018-09-28 04:20,1550
2018-09-28 04:25,1530
2018-09-28 04:30,1546
2018-09-28 04:35,1531
2018-09-28 04:40,1508
2018-09-28 04:45,1493
2018-09-28 04:50,1493
2018-09-28 04:55,1491
2018-09-28 05:00,1464
2018-09-28 05:05,1454
2018-09-28 05:10,1446
2018-09-28 05:15,1444
2018-09-28 05:20,1421
2018-09-28 05:25,1415
2018-09-28 05:30,1406
2018-09-28 05:35,1405
2018-09-28 05:40,1394
2018-09-28 05:45,1390
2018-09-28 05:50,1382
2018-09-28 05:55,1390
2018-09-28 06:00,1382
2018-09-28 06:05,1386
2018-09-28 06:10,1378
2018-09-28 06:15,1374
2018-09-28 06:20,1382
2018-09-28 06:25,1390
2018-09-28 06:30,1395
2018-09-28 06:35,1381
2018-09-28 06:40,1375
2018-09-28 06:45,1381
2018-09-28 06:50,1365
2018-09-28 06:55,1362
2018-09-28 07:00,1356
2018-09-28 07:05,1351
2018-09-28 07:10,1350
2018-09-28 07:15,1355
2018-09-28 07:20,1365
2018-09-28 07:25,1374
2018-09-28 07:30,1366
2018-09-28 07:35,1371
2018-09-28 07:40,1369
2018-09-28 07:45,1394
2018-09-28 07:50,1409
2018-09-28 07:55,1410
2018-09-28 08:00,1423
2018-09-28 08:05,1435
2018-09-28 08:10,1443
2018-09-28 08:15,1458
2018-09-28 08:20,1472
2018-09-28 08:25,1480
2018-09-28 08:30,1487
2018-09-28 08:35,1504
2018-09-28 08:40,1533
2018-09-28 08:45,1553
2018-09-28 08:50,1564
2018-09-28 08:55,1559
2018-09-28 09:00,1562
2018-09-28 09:05,1565
2018-09-28 09:10,1589
2018-09-28 09:15,1583
2018-09-28 09:20,1579
2018-09-28 09:25,1598
2018-09-28 09:30,1607
2018-09-28 09:35,1612
2018-09-28 09:40,1629
2018-09-28 09:45,1649
2018-09-28 09:50,1672
2018-09-28 09:55,1679
2018-09-28 10:00,1696
2018-09-28 10:05,1735
2018-09-28 10:10,1762
2018-09-28 10:15,1772
2018-09-28 10:20,1791
2018-09-28 10:25,1815
2018-09-28 10:30,1829
2018-09-28 10:35,1827
2018-09-28 10:40,1824
2018-09-28 10:45,1828
2018-09-28 10:50,1848
2018-09-28 10:55,1858
2018-09-28 11:00,1859
2018-09-28 11:05,1864
2018-09-28 11:10,1884
2018-09-28 11:15,1893
2018-09-28 11:20,1909
2018-09-28 11:25,1925
2018-09-28 11:30,1943
2018-09-28 11:35,1969
2018-09-28 11:40,1991
2018-09-28 11:45,1986
2018-09-28 11:50,2007
2018-09-28 11:55,2023
2018-09-28 12:00,2042
2018-09-28 12:05,2024
2018-09-28 12:10,2037
2018-09-28 12:15,2062
2018-09-28 12:20,2064
2018-09-28 12:25,2066
2018-09-28 12:30,2090
2018-09-28 12:35,2096
2018-09-28 12:40,2096
2018-09-28 12:45,2131
2018-09-28 12:50,2133
2018-09-28 12:55,2160
2018-09-28 13:00,2179
2018-09-28 13:05,2169
2018-09-28 13:10,2211
2018-09-28 13:15,2251
2018-09-28 13:20,2257
2018-09-28 13:25,2277
2018-09-28 13:30,2289
2018-09-28 13:35,2288
2018-09-28 13:40,2301
2018-09-28 13:45,2319
2018-09-28 13:50,2338
2018-09-28 13:55,2367
2018-09-28 14:00,2376
2018-09-28 14:05,2377
2018-09-28 14:10,2369
2018-09-28 14:15,2400
2018-09-28 14:20,2421
2018-09-28 14:25,2449
2018-09-28 14:30,2465
2018-09-28 14:35,2498
2018-09-28 14:40,2504
2018-09-28 14:45,2513
2018-09-28 14:50,2539
2018-09-28 14:55,2551
2018-09-28 15:00,2547
2018-09-28 15:05,2565
2018-09-28 15:10,2577
2018-09-28 15:15,2581
2018-09-28 15:20,2599
2018-09-28 15:25,2618
2018-09-28 15:30,2637
2018-09-28 15:35,2673
2018-09-28 15:40,2660
2018-09-28 15:45,2689
2018-09-28 15:50,2747
2018-09-28 15:55,2753
2018-09-28 16:00,2750
2018-09-28 16:05,2757
2018-09-28 16:10,2791
2018-09-28 16:15,2795
2018-09-28 16:20,2792
2018-09-28 16:25,2802
2018-09-28 16:30,2837
2018-09-28 16:35,2827
2018-09-28 16:40,2842
2018-09-28 16:45,2862
2018-09-28 16:50,2885
2018-09-28 16:55,2884
2018-09-28 17:00,2905
2018-09-28 17:05,2917
2018-09-28 17:10,2963
2018-09-28 17:15,2985
2018-09-28 17:20,2977
2018-09-28 17:25,2981
2018-09-28 17:30,3010
2018-09-28 17:35,3023
2018-09-28 17:40,3037
2018-09-28 17:45,3064
2018-09-28 17:50,3082
2018-09-28 17:55,3097
2018-09-28 18:00,3106
2018-09-28 18:05,3080
2018-09-28 18:10,3088
2018-09-28 18:15,3093
2018-09-28 18:20,3080
2018-09-28 18:25,3096
2018-09-28 18:30,3102
2018-09-28 18:35,3103
2018-09-28 18:40,3133
2018-09-28 18:45,3148
2018-09-28 18:50,3172
2018-09-28 18:55,3161
2018-09-28 19:00,3164
2018-09-28 19:05,3178
2018-09-28 19:10,3189
2018-09-28 19:15,3185
2018-09-28 19:20,3186
2018-09-28 19:25,3187
2018-09-28 19:30,3194
2018-09-28 19:35,3183
2018-09-28 19:40,3226
2018-09-28 19:45,3194
2018-09-28 19:50,3201
2018-09-28 19:55,3217
2018-09-28 20:00,3209
2018-09-28 20:05,3186
2018-09-28 20:10,3136
2018-09-28 20:15,3127
2018-09-28 20:20,3117
2018-09-28 20:25,3081
2018-09-28 20:30,3073
2018-09-28 20:35,3080
2018-09-28 20:40,3066
2018-09-28 20:45,3049
2018-09-28 20:50,3021
2018-09-28 20:55,2992
2018-09-28 21:00,2991
2018-09-28 21:05,2942
2018-09-28 21:10,2909
2018-09-28 21:15,2879
2018-09-28 21:20,2877
2018-09-28 21:25,2844
2018-09-28 21:30,2796
2018-09-28 21:35,2781
2018-09-28 21:40,2776
2018-09-28 21:45,2734
2018-09-28 21:50,2739
2018-09-28 21:55,2706
2018-09-28 22:00,2680
2018-09-28 22:05,2684
2018-09-28 22:10,2646
2018-09-28 22:15,2636
2018-09-28 22:20,2594
2018-09-28 22:25,2580
2018-09-28 22:30,2521
2018-09-28 22:35,2496
2018-09-28 22:40,2485
2018-09-28 22:45,2463
2018-09-28 22:50,2442
2018-09-28 22:55,2428
2018-09-28 23:00,2405
2018-09-28 23:05,2405
2018-09-28 23:10,2368
2018-09-28 23:15,2334
2018-09-28 23:20,2328
2018-09-28 23:25,2301
2018-09-28 23:30,2277
2018-09-28 23:35,2272
2018-09-28 23:40,2268
2018-09-28 23:45,2248
2018-09-28 23:50,2244
2018-09-28 23:55,2249
2018-09-29 00:00,2254
2018-09-29 00:05,2248
2018-09-29 00:10,2203
2018-09-29 00:15,2204
2018-09-29 00:20,2195
2018-09-29 00:25,2147
2018-09-29 00:30,2135
2018-09-29 00:35,2150
2018-09-29 00:40,2168
2018-09-29 00:45,2163
2018-09-29 00:50,2162
2018-09-29 00:55,2152
2018-09-29 01:00,2130
2018-09-29 01:05,2133
2018-09-29 01:10,2119
2018-09-29 01:15,2131
2018-09-29 01:20,2126
2018-09-29 01:25,2112
2018-09-29 01:30,2101
2018-09-29 01:35,2106
2018-09-29 01:40,2090
2018-09-29 01:45,2093
2018-09-29 01:50,2093
2018-09-29 01:55,2095
2018-09-29 02:00,2085
2018-09-29 02:05,2071
2018-09-29 02:10,2068
2018-09-29 02:15,2047
2018-09-29 02:20,2054
2018-09-29 02:25,2060
2018-09-29 02:30,2066
2018-09-29 02:35,2056
2018-09-29 02:40,2022
2018-09-29 02:45,2010
2018-09-29 02:50,1995
2018-09-29 02:55,2000
2018-09-29 03:00,2005
2018-09-29 03:05,1983
2018-09-29 03:10,1977
2018-09-29 03:15,1953
2018-09-29 03:20,1929
2018-09-29 03:25,1924
2018-09-29 03:30,1917
2018-09-29 03:35,1908
2018-09-29 03:40,1901
2018-09-29 03:45,1896
2018-09-29 03:50,1871
2018-09-29 03:55,1867
2018-09-29 04:00,1856
2018-09-29 04:05,1837
2018-09-29 04:10,1823
2018-09-29 04:15,1794
2018-09-29 04:20,1797
2018-09-29 04:25,1785
2018-09-29 04:30,1765
2018-09-29 04:35,1782
2018-09-29 04:40,1762
2018-09-29 04:45,1734
2018-09-29 04:50,1708
2018-09-29 04:55,1698
2018-09-29 05:00,1714
2018-09-29 05:05,1711
2018-09-29 05:10,1704
2018-09-29 05:15,1688
2018-09-29 05:20,1687
2018-09-29 05:25,1661
2018-09-29 05:30,1664
2018-09-29 05:35,1661
2018-09-29 05:40,1674
2018-09-29 05:45,1668
2018-09-29 05:50,1650
2018-09-29 05:55,1651
2018-09-29 06:00,1654
2018-09-29 06:05,1649
2018-09-29 06:10,1634
2018-09-29 06:15,1655
2018-09-29 06:20,1650
2018-09-29 06:25,1650
2018-09-29 06:30,1649
2018-09-29 06:35,1660
2018-09-29 06:40,1681
2018-09-29 06:45,1716
2018-09-29 06:50,1735
2018-09-29 06:55,1763
2018-09-29 07:00,1767
2018-09-29 07:05,1759
2018-09-29 07:10,1757
2018-09-29 07:15,1766
2018-09-29 07:20,1763
2018-09-29 07:25,1775
2018-09-29 07:30,1818
2018-09-29 07:35,1813
2018-09-29 07:40,1823
2018-09-29 07:45,1827
2018-09-29 07:50,1824
2018-09-29 07:55,1845
2018-09-29 08:00,1863
2018-09-29 08:05,1870
2018-09-29 08:10,1914
2018-09-29 08:15,1921
2018-09-29 08:20,1933
2018-09-29 08:25,1926
2018-09-29 08:30,1943
2018-09-29 08:35,1951
2018-09-29 08:40,1974
2018-09-29 08:45,1999
2018-09-29 08:50,2019
2018-09-29 08:55,2031
2018-09-29 09:00,2038
2018-09-29 09:05,2059
2018-09-29 09:10,2092
2018-09-29 09:15,2121
2018-09-29 09:20,2122
2018-09-29 09:25,2135
2018-09-29 09:30,2138
2018-09-29 09:35,2149
2018-09-29 09:40,2164
2018-09-29 09:45,2191
2018-09-29 09:50,2221
2018-09-29 09:55,2266
2018-09-29 10:00,2285
2018-09-29 10:05,2317
2018-09-29 10:10,2360
2018-09-29 10:15,2373
2018-09-29 10:20,2400
2018-09-29 10:25,2407
2018-09-29 10:30,2405
2018-09-29 10:35,2384
2018-09-29 10:40,2394
2018-09-29 10:45,2394
2018-09-29 10:50,2430
2018-09-29 10:55,2483
2018-09-29 11:00,2514
2018-09-29 11:05,2531
2018-09-29 11:10,2557
2018-09-29 11:15,2585
2018-09-29 11:20,2576
2018-09-29 11:25,2586
2018-09-29 11:30,2611
2018-09-29 11:35,2623
2018-09-29 11:40,2649
2018-09-29 11:45,2636
2018-09-29 11:50,2656
2018-09-29 11:55,2673
2018-09-29 12:00,2689
2018-09-29 12:05,2702
2018-09-29 12:10,2735
2018-09-29 12:15,2763
2018-09-29 12:20,2785
2018-09-29 12:25,2795
2018-09-29 12:30,2809
2018-09-29 12:35,2854
2018-09-29 12:40,2864
2018-09-29 12:45,2847
2018-09-29 12:50,2860
2018-09-29 12:55,2860
2018-09-29 13:00,2874
2018-09-29 13:05,2883
2018-09-29 13:10,2912
2018-09-29 13:15,2913
2018-09-29 13:20,2907
2018-09-29 13:25,2905
2018-09-29 13:30,2915
2018-09-29 13:35,2919
2018-09-29 13:40,2964
2018-09-29 13:45,2975
2018-09-29 13:50,2960
2018-09-29 13:55,2957
2018-09-29 14:00,2976
2018-09-29 14:05,3030
2018-09-29 14:10,3052
2018-09-29 14:15,3064
2018-09-29 14:20,3087
2018-09-29 14:25,3115
2018-09-29 14:30,3113
2018-09-29 14:35,3151
2018-09-29 14:40,3187
2018-09-29 14:45,3202
2018-09-29 14:50,3196
2018-09-29 14:55,3181
2018-09-29 15:00,3181
2018-09-29 15:05,3190
2018-09-29 15:10,3248
2018-09-29 15:15,3257
2018-09-29 15:20,3278
2018-09-29 15:25,3277
2018-09-29 15:30,3255
2018-09-29 15:35,3290
2018-09-29 15:40,3304
2018-09-29 15:45,3310
2018-09-29 15:50,3328
2018-09-29 15:55,3325
2018-09-29 16:00,3336
2018-09-29 16:05,3337
2018-09-29 16:10,3345
2018-09-29 16:15,3352
2018-09-29 16:20,3360
2018-09-29 16:25,3394
2018-09-29 16:30,3412
2018-09-29 16:35,3422
2018-09-29 16:40,3417
2018-09-29 16:45,3404
2018-09-29 16:50,3429
2018-09-29 16:55,3422
2018-09-29 17:00,3408
2018-09-29 17:05,3409
2018-09-29 17:10,3413
2018-09-29 17:15,3434
2018-09-29 17:20,3453
2018-09-29 17:25,3450
2018-09-29 17:30,3476
2018-09-29 17:35,3472
2018-09-29 17:40,3518
2018-09-29 17:45,3536
2018-09-29 17:50,3518
2018-09-29 17:55,3548
2018-09-29 18:00,3523
2018-09-29 18:05,3531
2018-09-29 18:10,3541
2018-09-29 18:15,3551
2018-09-29 18:20,3559
2018-09-29 18:25,3578
2018-09-29 18:30,3568
2018-09-29 18:35,3565
2018-09-29 18:40,3567
2018-09-29 18:45,3579
2018-09-29 18:50,3598
2018-09-29 18:55,3598
2018-09-29 19:00,3622
2018-09-29 19:05,3622
2018-09-29 19:10,3607
2018-09-29 19:15,3591
2018-09-29 19:20,3605
2018-09-29 19:25,3595
2018-09-29 19:30,3596
2018-09-29 19:35,3595
2018-09-29 19:40,3601
2018-09-29 19:45,3619
2018-09-29 19:50,3602
2018-09-29 19:55,3596
2018-09-29 20:00,3592
2018-09-29 20:05,3564
2018-09-29 20:10,3553
2018-09-29 20:15,3552
2018-09-29 20:20,3544
2018-09-29 20:25,3566
2018-09-29 20:30,3565
2018-09-29 20:35,3536
2018-09-29 20:40,3489
2018-09-29 20:45,3448
2018-09-29 20:50,3426
2018-09-29 20:55,3388
2018-09-29 21:00,3364
2018-09-29 21:05,3340
2018-09-29 21:10,3322
2018-09-29 21:15,3312
2018-09-29 21:20,3292
2018-09-29 21:25,3262
2018-09-29 21:30,3236
2018-09-29 21:35,3184
2018-09-29 21:40,3127
2018-09-29 21:45,3121
2018-09-29 21:50,3092
2018-09-29 21:55,3065
2018-09-29 22:00,3017
2018-09-29 22:05,3005
2018-09-29 22:10,2959
2018-09-29 22:15,2935
2018-09-29 22:20,2884
2018-09-29 22:25,2864
2018-09-29 22:30,2835
2018-09-29 22:35,2816
2018-09-29 22:40,2797
2018-09-29 22:45,2784
2018-09-29 22:50,2766
2018-09-29 22:55,2731
2018-09-29 23:00,2690
2018-09-29 23:05,2683
2018-09-29 23:10,2640
2018-09-29 23:15,2601
2018-09-29 23:20,2591
2018-09-29 23:25,2583
2018-09-29 23:30,2565
2018-09-29 23:35,2549
2018-09-29 23:40,2525
2018-09-29 23:45,2493
2018-09-29 23:50,2487
2018-09-29 23:55,2452
2018-09-30 00:00,2425
2018-09-30 00:05,2419
2018-09-30 00:10,2410
2018-09-30 00:15,2361
2018-09-30 00:20,2373
2018-09-30 00:25,2365
2018-09-30 00:30,2356
2018-09-30 00:35,2354
2018-09-30 00:40,2354
2018-09-30 00:45,2318
2018-09-30 00:50,2309
2018-09-30 00:55,2316
2018-09-30 01:00,2300
2018-09-30 01:05,2298
2018-09-30 01:10,2298
2018-09-30 01:15,2270
2018-09-30 01:20,2278
2018-09-30 01:25,2269
2018-09-30 01:30,2270
2018-09-30 01:35,2285
2018-09-30 01:40,2284
2018-09-30 01:45,2290
2018-09-30 01:50,2260
2018-09-30 01:55,2244
2018-09-30 02:00,2231
2018-09-30 02:05,2227
2018-09-30 02:10,2220
2018-09-30 02:15,2213
2018-09-30 02:20,2193
2018-09-30 02:25,2179
2018-09-30 02:30,2169
2018-09-30 02:35,2173
2018-09-30 02:40,2173
2018-09-30 02:45,2167
2018-09-30 02:50,2173
2018-09-30 02:55,2148
2018-09-30 03:00,2135
2018-09-30 03:05,2126
2018-09-30 03:10,2120
2018-09-30 03:15,2123
2018-09-30 03:20,2119
2018-09-30 03:25,2101
2018-09-30 03:30,2101
2018-09-30 03:35,2101
2018-09-30 03:40,2093
2018-09-30 03:45,2077
2018-09-30 03:50,2065
2018-09-30 03:55,2043
2018-09-30 04:00,2019
2018-09-30 04:05,2002
2018-09-30 04:10,1972
2018-09-30 04:15,1952
2018-09-30 04:20,1945
2018-09-30 04:25,1941
2018-09-30 04:30,1922
2018-09-30 04:35,1880
2018-09-30 04:40,1843
2018-09-30 04:45,1850
2018-09-30 04:50,1847
2018-09-30 04:55,1820
2018-09-30 05:00,1809
2018-09-30 05:05,1780
2018-09-30 05:10,1779
2018-09-30 05:15,1759
2018-09-30 05:20,1763
2018-09-30 05:25,1780
2018-09-30 05:30,1774
2018-09-30 05:35,1776
2018-09-30 05:40,1752
2018-09-30 05:45,1756
2018-09-30 05:50,1759
2018-09-30 05:55,1751
2018-09-30 06:00,1741
2018-09-30 06:05,1736
2018-09-30 06:10,1755
2018-09-30 06:15,1749
2018-09-30 06:20,1747
2018-09-30 06:25,1764
2018-09-30 06:30,1756
2018-09-30 06:35,1767
2018-09-30 06:40,1753
2018-09-30 06:45,1779
2018-09-30 06:50,1801
2018-09-30 06:55,1815
2018-09-30 07:00,1841
2018-09-30 07:05,1869
2018-09-30 07:10,1866
2018-09-30 07:15,1878
2018-09-30 07:20,1894
2018-09-30 07:25,1921
2018-09-30 07:30,1930
2018-09-30 07:35,1962
2018-09-30 07:40,1972
2018-09-30 07:45,1997
2018-09-30 07:50,2030
2018-09-30 07:55,2066
2018-09-30 08:00,2074
2018-09-30 08:05,2099
2018-09-30 08:10,2103
2018-09-30 08:15,2107
2018-09-30 08:20,2117
2018-09-30 08:25,2135
2018-09-30 08:30,2179
2018-09-30 08:35,2185
2018-09-30 08:40,2203
2018-09-30 08:45,2229
2018-09-30 08:50,2257
2018-09-30 08:55,2279
2018-09-30 09:00,2265
2018-09-30 09:05,2288
2018-09-30 09:10,2305
2018-09-30 09:15,2328
2018-09-30 09:20,2368
2018-09-30 09:25,2400
2018-09-30 09:30,2400
2018-09-30 09:35,2412
2018-09-30 09:40,2435
2018-09-30 09:45,2455
2018-09-30 09:50,2458
2018-09-30 09:55,2487
2018-09-30 10:00,2530
2018-09-30 10:05,2570
2018-09-30 10:10,2565
2018-09-30 10:15,2600
2018-09-30 10:20,2621
2018-09-30 10:25,2615
2018-09-30 10:30,2668
2018-09-30 10:35,2706
2018-09-30 10:40,2715
2018-09-30 10:45,2729
2018-09-30 10:50,2748
2018-09-30 10:55,2777
2018-09-30 11:00,2780
2018-09-30 11:05,2810
2018-09-30 11:10,2835
2018-09-30 11:15,2837
2018-09-30 11:20,2861
2018-09-30 11:25,2890
2018-09-30 11:30,2881
2018-09-30 11:35,2904
2018-09-30 11:40,2906
2018-09-30 11:45,2926
2018-09-30 11:50,2958
2018-09-30 11:55,2958
2018-09-30 12:00,2966
2018-09-30 12:05,2986
2018-09-30 12:10,3031
2018-09-30 12:15,3016
2018-09-30 12:20,3018
2018-09-30 12:25,3017
2018-09-30 12:30,3038
2018-09-30 12:35,3064
2018-09-30 12:40,3066
2018-09-30 12:45,3065
2018-09-30 12:50,3107
2018-09-30 12:55,3132
2018-09-30 13:00,3135
2018-09-30 13:05,3130
2018-09-30 13:10,3147
2018-09-30 13:15,3158
2018-09-30 13:20,3174
2018-09-30 13:25,3173
2018-09-30 13:30,3203
2018-09-30 13:35,3214
2018-09-30 13:40,3211
2018-09-30 13:45,3203
2018-09-30 13:50,3208
2018-09-30 13:55,3230
2018-09-30 14:00,3258
2018-09-30 14:05,3277
2018-09-30 14:10,3299
2018-09-30 14:15,3317
2018-09-30 14:20,3358
2018-09-30 14:25,3406
2018-09-30 14:30,3440
2018-09-30 14:35,3474
2018-09-30 14:40,3498
2018-09-30 14:45,3497
2018-09-30 14:50,3515
2018-09-30 14:55,3545
2018-09-30 15:00,3589
2018-09-30 15:05,3600
2018-09-30 15:10,3604
2018-09-30 15:15,3634
2018-09-30 15:20,3645
2018-09-30 15:25,3660
2018-09-30 15:30,3670
2018-09-30 15:35,3675
2018-09-30 15:40,3692
2018-09-30 15:45,3706
2018-09-30 15:50,3719
2018-09-30 15:55,3733
2018-09-30 16:00,3739
2018-09-30 16:05,3767
2018-09-30 16:10,3767
2018-09-30 16:15,3771
2018-09-30 16:20,3768
2018-09-30 16:25,3801
2018-09-30 16:30,3796
2018-09-30 16:35,3832
2018-09-30 16:40,3834
2018-09-30 16:45,3837
2018-09-30 16:50,3858
2018-09-30 16:55,3874
2018-09-30 17:00,3855
2018-09-30 17:05,3877
2018-09-30 17:10,3872
2018-09-30 17:15,3876
2018-09-30 17:20,3865
2018-09-30 17:25,3876
2018-09-30 17:30,3880
2018-09-30 17:35,3909
2018-09-30 17:40,3906
2018-09-30 17:45,3906
2018-09-30 17:50,3910
2018-09-30 17:55,3920
2018-09-30 18:00,3928
2018-09-30 18:05,3971
2018-09-30 18:10,3944
2018-09-30 18:15,3962
2018-09-30 18:20,3955
2018-09-30 18:25,3954
2018-09-30 18:30,3962
2018-09-30 18:35,3969
2018-09-30 18:40,
2018-09-30 18:45,
2018-09-30 18:50,
2018-09-30 18:55,3948
2018-09-30 19:00,3911
2018-09-30 19:05,3891
2018-09-30 19:10,3889
2018-09-30 19:15,3851
2018-09-30 19:20,3866
2018-09-30 19:25,3852
2018-09-30 19:30,3833
2018-09-30 19:35,3803
2018-09-30 19:40,3793
2018-09-30 19:45,3795
2018-09-30 19:50,3771
2018-09-30 19:55,3753
2018-09-30 20:00,3731
2018-09-30 20:05,3730
2018-09-30 20:10,3691
2018-09-30 20:15,3675
2018-09-30 20:20,3655
2018-09-30 20:25,3626
2018-09-30 20:30,3588
2018-09-30 20:35,3552
2018-09-30 20:40,3522
2018-09-30 20:45,3491
2018-09-30 20:50,3490
2018-09-30 20:55,3403
2018-09-30 21:00,3362
2018-09-30 21:05,3315
2018-09-30 21:10,3250
2018-09-30 21:15,3221
2018-09-30 21:20,3209
2018-09-30 21:25,3181
2018-09-30 21:30,3121
2018-09-30 21:35,3099
2018-09-30 21:40,3071
2018-09-30 21:45,3037
2018-09-30 21:50,3027
2018-09-30 21:55,3012
2018-09-30 22:00,2985
2018-09-30 22:05,2934
2018-09-30 22:10,2901
2018-09-30 22:15,2872
2018-09-30 22:20,2842
2018-09-30 22:25,2814
2018-09-30 22:30,2753
2018-09-30 22:35,2723
2018-09-30 22:40,2702
2018-09-30 22:45,2687
2018-09-30 22:50,2685
2018-09-30 22:55,2648
2018-09-30 23:00,2636
2018-09-30 23:05,2644
2018-09-30 23:10,2600
2018-09-30 23:15,2569
2018-09-30 23:20,2545
2018-09-30 23:25,2514
2018-09-30 23:30,2484
2018-09-30 23:35,2454
2018-09-30 23:40,2468
2018-09-30 23:45,2464
2018-09-30 23:50,2422
2018-09-30 23:55,2419
2018-10-01 00:00,2410
2018-10-01 00:05,2402
2018-10-01 00:10,2393
2018-10-01 00:15,2391
2018-10-01 00:20,2377
2018-10-01 00:25,2339
2018-10-01 00:30,2324
2018-10-01 00:35,2336
2018-10-01 00:40,2350
2018-10-01 00:45,2321
2018-10-01 00:50,2312
2018-10-01 00:55,2322
2018-10-01 01:00,2337
2018-10-01 01:05,2320
2018-10-01 01:10,2298
2018-10-01 01:15,2267
2018-10-01 01:20,2263
2018-10-01 01:25,2256
2018-10-01 01:30,2248
2018-10-01 01:35,2229
2018-10-01 01:40,2226
2018-10-01 01:45,2204
2018-10-01 01:50,2195
2018-10-01 01:55,2165
2018-10-01 02:00,2125
2018-10-01 02:05,2099
2018-10-01 02:10,2075
2018-10-01 02:15,2032
2018-10-01 02:20,2032
2018-10-01 02:25,2020
2018-10-01 02:30,2005
2018-10-01 02:35,2011
2018-10-01 02:40,2004
2018-10-01 02:45,1986
2018-10-01 02:50,1978
2018-10-01 02:55,1973
2018-10-01 03:00,1933
2018-10-01 03:05,1902
2018-10-01 03:10,1868
2018-10-01 03:15,1857
2018-10-01 03:20,1842
2018-10-01 03:25,1857
2018-10-01 03:30,1838
2018-10-01 03:35,1803
2018-10-01 03:40,1788
2018-10-01 03:45,1763
2018-10-01 03:50,1746
2018-10-01 03:55,1722
2018-10-01 04:00,1727
2018-10-01 04:05,1710
2018-10-01 04:10,1683
2018-10-01 04:15,1670
2018-10-01 04:20,1647
2018-10-01 04:25,1645
2018-10-01 04:30,1629
2018-10-01 04:35,1610
2018-10-01 04:40,1603
2018-10-01 04:45,1597
2018-10-01 04:50,1598
2018-10-01 04:55,1574
2018-10-01 05:00,1557
2018-10-01 05:05,1529
2018-10-01 05:10,1531
2018-10-01 05:15,1502
2018-10-01 05:20,1475
2018-10-01 05:25,1462
2018-10-01 05:30,1449
2018-10-01 05:35,1451
2018-10-01 05:40,1451
2018-10-01 05:45,1428
2018-10-01 05:50,1410
2018-10-01 05:55,1414
2018-10-01 06:00,1398
2018-10-01 06:05,1394
2018-10-01 06:10,1389
2018-10-01 06:15,1376
2018-10-01 06:20,1371
2018-10-01 06:25,1363
2018-10-01 06:30,1357
2018-10-01 06:35,1375
2018-10-01 06:40,1382
2018-10-01 06:45,1381
2018-10-01 06:50,1379
2018-10-01 06:55,1388
2018-10-01 07:00,1385
2018-10-01 07:05,1401
2018-10-01 07:10,1413
2018-10-01 07:15,1408
2018-10-01 07:20,1422
2018-10-01 07:25,1447
2018-10-01 07:30,1444
2018-10-01 07:35,1453
2018-10-01 07:40,1447
2018-10-01 07:45,1446
2018-10-01 07:50,1461
2018-10-01 07:55,1465
2018-10-01 08:00,1463
2018-10-01 08:05,1446
2018-10-01 08:10,1430
2018-10-01 08:15,1454
2018-10-01 08:20,1445
2018-10-01 08:25,1466
2018-10-01 08:30,1470
2018-10-01 08:35,1490
2018-10-01 08:40,1508
2018-10-01 08:45,1536
2018-10-01 08:50,1541
2018-10-01 08:55,1542
2018-10-01 09:00,1564
2018-10-01 09:05,1566
2018-10-01 09:10,1577
2018-10-01 09:15,1591
2018-10-01 09:20,1576
2018-10-01 09:25,1576
2018-10-01 09:30,1577
2018-10-01 09:35,1600
2018-10-01 09:40,1584
2018-10-01 09:45,1616
2018-10-01 09:50,1625
2018-10-01 09:55,1646
2018-10-01 10:00,1707
2018-10-01 10:05,1740
2018-10-01 10:10,1776
2018-10-01 10:15,1794
2018-10-01 10:20,1824
2018-10-01 10:25,1828
2018-10-01 10:30,1834
2018-10-01 10:35,1844
2018-10-01 10:40,1864
2018-10-01 10:45,1871
2018-10-01 10:50,1891
2018-10-01 10:55,1888
2018-10-01 11:00,1903
2018-10-01 11:05,1910
2018-10-01 11:10,1927
2018-10-01 11:15,1949
2018-10-01 11:20,1951
2018-10-01 11:25,1962
2018-10-01 11:30,1983
2018-10-01 11:35,2025
2018-10-01 11:40,2045
2018-10-01 11:45,2062
2018-10-01 11:50,2083
2018-10-01 11:55,2081
2018-10-01 12:00,2117
2018-10-01 12:05,2119
2018-10-01 12:10,2142
2018-10-01 12:15,2126
2018-10-01 12:20,2156
2018-10-01 12:25,2153
2018-10-01 12:30,2191
2018-10-01 12:35,2197
2018-10-01 12:40,2187
2018-10-01 12:45,2212
2018-10-01 12:50,2245
2018-10-01 12:55,2267
2018-10-01 13:00,2300
2018-10-01 13:05,2310
2018-10-01 13:10,2321
2018-10-01 13:15,2334
2018-10-01 13:20,2350
2018-10-01 13:25,2362
2018-10-01 13:30,2388
2018-10-01 13:35,2407
2018-10-01 13:40,2434
2018-10-01 13:45,2426
2018-10-01 13:50,2449
2018-10-01 13:55,2444
2018-10-01 14:00,2443
2018-10-01 14:05,2447
2018-10-01 14:10,2471
2018-10-01 14:15,2490
2018-10-01 14:20,2497
2018-10-01 14:25,2507
2018-10-01 14:30,2521
2018-10-01 14:35,2535
2018-10-01 14:40,2541
2018-10-01 14:45,2540
2018-10-01 14:50,2576
2018-10-01 14:55,2612
2018-10-01 15:00,2633
2018-10-01 15:05,2631
2018-10-01 15:10,2650
2018-10-01 15:15,2656
2018-10-01 15:20,2693
2018-10-01 15:25,2711
2018-10-01 15:30,2742
2018-10-01 15:35,2769
2018-10-01 15:40,2786
2018-10-01 15:45,2800
2018-10-01 15:50,2840
2018-10-01 15:55,2881
2018-10-01 16:00,2900
2018-10-01 16:05,2926
2018-10-01 16:10,2916
2018-10-01 16:15,2914
2018-10-01 16:20,2969
2018-10-01 16:25,2956
2018-10-01 16:30,2981
2018-10-01 16:35,3018
2018-10-01 16:40,3051
2018-10-01 16:45,3059
2018-10-01 16:50,3096
2018-10-01 16:55,3129
2018-10-01 17:00,3150
2018-10-01 17:05,3161
2018-10-01 17:10,3154
2018-10-01 17:15,3172
2018-10-01 17:20,3178
2018-10-01 17:25,3171
2018-10-01 17:30,3201
2018-10-01 17:35,3206
2018-10-01 17:40,3216
2018-10-01 17:45,3237
2018-10-01 17:50,3246
2018-10-01 17:55,3245
2018-10-01 18:00,3260
2018-10-01 18:05,3279
2018-10-01 18:10,3304
2018-10-01 18:15,3303
2018-10-01 18:20,3317
2018-10-01 18:25,3338
2018-10-01 18:30,3344
2018-10-01 18:35,3375
2018-10-01 18:40,3347
2018-10-01 18:45,3389
2018-10-01 18:50,3390
2018-10-01 18:55,3405
2018-10-01 19:00,3390
2018-10-01 19:05,3394
2018-10-01 19:10,3377
2018-10-01 19:15,3390
2018-10-01 19:20,3405
2018-10-01 19:25,3400
2018-10-01 19:30,3405
2018-10-01 19:35,3400
2018-10-01 19:40,3380
2018-10-01 19:45,3386
2018-10-01 19:50,3386
2018-10-01 19:55,3345
2018-10-01 20:00,3309
2018-10-01 20:05,3264
2018-10-01 20:10,3255
2018-10-01 20:15,3250
2018-10-01 20:20,3187
2018-10-01 20:25,3154
2018-10-01 20:30,3120
2018-10-01 20:35,3071
2018-10-01 20:40,3029
2018-10-01 20:45,2983
2018-10-01 20:50,2934
2018-10-01 20:55,2902
2018-10-01 21:00,2887
2018-10-01 21:05,2857
2018-10-01 21:10,2809
2018-10-01 21:15,2785
2018-10-01 21:20,2738
2018-10-01 21:25,2697
2018-10-01 21:30,2664
2018-10-01 21:35,2665
2018-10-01 21:40,2634
2018-10-01 21:45,2585
2018-10-01 21:50,2592
2018-10-01 21:55,2579
2018-10-01 22:00,2548
2018-10-01 22:05,2513
2018-10-01 22:10,2492
2018-10-01 22:15,2459
2018-10-01 22:20,2437
2018-10-01 22:25,2404
2018-10-01 22:30,2365
2018-10-01 22:35,2325
2018-10-01 22:40,2296
2018-10-01 22:45,2292
2018-10-01 22:50,2262
2018-10-01 22:55,2256
2018-10-01 23:00,2258
2018-10-01 23:05,2234
2018-10-01 23:10,2217
2018-10-01 23:15,2194
2018-10-01 23:20,2180
2018-10-01 23:25,2167
2018-10-01 23:30,2153
2018-10-01 23:35,2119
2018-10-01 23:40,2090
2018-10-01 23:45,2114
2018-10-01 23:50,2116
2018-10-01 23:55,2104
2018-10-02 00:00,2109
2018-10-02 00:05,2120
2018-10-02 00:10,2113
2018-10-02 00:15,2111
2018-10-02 00:20,2138
2018-10-02 00:25,2120
2018-10-02 00:30,2126
2018-10-02 00:35,2122
2018-10-02 00:40,2123
2018-10-02 00:45,2123
2018-10-02 00:50,2124
2018-10-02 00:55,2133
2018-10-02 01:00,2135
2018-10-02 01:05,2111
2018-10-02 01:10,2098
2018-10-02 01:15,2100
2018-10-02 01:20,2129
2018-10-02 01:25,2107
2018-10-02 01:30,2087
2018-10-02 01:35,2066
2018-10-02 01:40,2073
2018-10-02 01:45,2083
2018-10-02 01:50,2064
2018-10-02 01:55,2048
2018-10-02 02:00,2013
2018-10-02 02:05,1996
2018-10-02 02:10,1989
2018-10-02 02:15,1983
2018-10-02 02:20,1961
2018-10-02 02:25,1963
2018-10-02 02:30,1962
2018-10-02 02:35,1941
2018-10-02 02:40,1919
2018-10-02 02:45,1901
2018-10-02 02:50,1888
2018-10-02 02:55,1862
2018-10-02 03:00,1841
2018-10-02 03:05,1814
2018-10-02 03:10,1789
2018-10-02 03:15,1762
2018-10-02 03:20,1759
2018-10-02 03:25,1773
2018-10-02 03:30,1769
2018-10-02 03:35,1741
2018-10-02 03:40,1706
2018-10-02 03:45,1690
2018-10-02 03:50,1677
2018-10-02 03:55,1659
2018-10-02 04:00,1642
2018-10-02 04:05,1611
2018-10-02 04:10,1574
2018-10-02 04:15,1546
2018-10-02 04:20,1542
2018-10-02 04:25,1537
2018-10-02 04:30,1521
2018-10-02 04:35,1499
2018-10-02 04:40,1478
2018-10-02 04:45,1480
2018-10-02 04:50,1461
2018-10-02 04:55,1462
2018-10-02 05:00,1460
2018-10-02 05:05,1454
2018-10-02 05:10,1437
2018-10-02 05:15,1434
2018-10-02 05:20,1422
2018-10-02 05:25,1417
2018-10-02 05:30,1423
2018-10-02 05:35,1404
2018-10-02 05:40,1393
2018-10-02 05:45,
2018-10-02 05:50,1381
2018-10-02 05:55,1382
2018-10-02 06:00,1376
2018-10-02 06:05,1365
2018-10-02 06:10,1350
2018-10-02 06:15,1344
2018-10-02 06:20,1340
2018-10-02 06:25,1361
2018-10-02 06:30,1352
2018-10-02 06:35,1361
2018-10-02 06:40,1361
2018-10-02 06:45,1346
2018-10-02 06:50,1346
2018-10-02 06:55,1346
2018-10-02 07:00,1363
2018-10-02 07:05,1366
2018-10-02 07:10,1373
2018-10-02 07:15,1383
2018-10-02 07:20,1381
2018-10-02 07:25,1377
2018-10-02 07:30,1399
2018-10-02 07:35,1401
2018-10-02 07:40,1404
2018-10-02 07:45,1420
2018-10-02 07:50,1426
2018-10-02 07:55,1442
2018-10-02 08:00,1426
2018-10-02 08:05,1449
2018-10-02 08:10,1449
2018-10-02 08:15,1451
2018-10-02 08:20,1468
2018-10-02 08:25,1486
2018-10-02 08:30,1483
2018-10-02 08:35,1479
2018-10-02 08:40,1482
2018-10-02 08:45,1486
2018-10-02 08:50,1487
2018-10-02 08:55,1501
2018-10-02 09:00,1496
2018-10-02 09:05,1512
2018-10-02 09:10,1512
2018-10-02 09:15,1515
2018-10-02 09:20,1527
2018-10-02 09:25,1535
2018-10-02 09:30,1547
2018-10-02 09:35,1558
2018-10-02 09:40,1565
2018-10-02 09:45,1575
2018-10-02 09:50,1595
2018-10-02 09:55,1618
2018-10-02 10:00,1617
2018-10-02 10:05,1663
2018-10-02 10:10,1680
2018-10-02 10:15,1703
2018-10-02 10:20,1731
2018-10-02 10:25,1737
2018-10-02 10:30,1743
2018-10-02 10:35,1751
2018-10-02 10:40,1765
2018-10-02 10:45,1780
2018-10-02 10:50,1792
2018-10-02 10:55,1820
2018-10-02 11:00,1811
2018-10-02 11:05,1838
2018-10-02 11:10,1847
2018-10-02 11:15,1882
2018-10-02 11:20,1901
2018-10-02 11:25,1909
2018-10-02 11:30,1934
2018-10-02 11:35,1947
2018-10-02 11:40,1959
2018-10-02 11:45,1982
2018-10-02 11:50,2002
2018-10-02 11:55,2009
2018-10-02 12:00,2019
2018-10-02 12:05,2049
2018-10-02 12:10,2055
2018-10-02 12:15,2071
2018-10-02 12:20,2076
2018-10-02 12:25,2079
2018-10-02 12:30,2124
2018-10-02 12:35,2157
2018-10-02 12:40,2153
2018-10-02 12:45,2171
2018-10-02 12:50,2193
2018-10-02 12:55,2186
2018-10-02 13:00,2186
2018-10-02 13:05,2181
2018-10-02 13:10,2220
2018-10-02 13:15,2230
2018-10-02 13:20,2252
2018-10-02 13:25,2257
2018-10-02 13:30,2275
2018-10-02 13:35,2286
2018-10-02 13:40,2308
2018-10-02 13:45,2318
2018-10-02 13:50,2333
2018-10-02 13:55,2334
2018-10-02 14:00,2343
2018-10-02 14:05,2363
2018-10-02 14:10,2377
2018-10-02 14:15,2405
2018-10-02 14:20,2425
2018-10-02 14:25,2448
2018-10-02 14:30,2460
2018-10-02 14:35,2470
2018-10-02 14:40,2505
2018-10-02 14:45,2496
2018-10-02 14:50,2514
2018-10-02 14:55,2521
2018-10-02 15:00,2540
2018-10-02 15:05,2561
2018-10-02 15:10,2596
2018-10-02 15:15,2621
2018-10-02 15:20,2655
2018-10-02 15:25,2660
2018-10-02 15:30,2684
2018-10-02 15:35,2724
2018-10-02 15:40,2737
2018-10-02 15:45,2779
2018-10-02 15:50,2821
2018-10-02 15:55,2816
2018-10-02 16:00,2832
2018-10-02 16:05,2859
2018-10-02 16:10,2884
2018-10-02 16:15,2880
2018-10-02 16:20,2885
2018-10-02 16:25,2903
2018-10-02 16:30,2929
2018-10-02 16:35,2962
2018-10-02 16:40,2984
2018-10-02 16:45,2998
2018-10-02 16:50,2988
2018-10-02 16:55,3035
2018-10-02 17:00,3031
2018-10-02 17:05,3076
2018-10-02 17:10,3059
2018-10-02 17:15,3078
2018-10-02 17:20,3102
2018-10-02 17:25,3145
2018-10-02 17:30,3153
2018-10-02 17:35,3155
2018-10-02 17:40,3169
2018-10-02 17:45,3182
2018-10-02 17:50,3185
2018-10-02 17:55,3162
2018-10-02 18:00,3172
2018-10-02 18:05,3151
2018-10-02 18:10,3175
2018-10-02 18:15,3190
2018-10-02 18:20,3202
2018-10-02 18:25,3194
2018-10-02 18:30,3198
2018-10-02 18:35,3209
2018-10-02 18:40,3239
2018-10-02 18:45,3215
2018-10-02 18:50,3246
2018-10-02 18:55,3267
2018-10-02 19:00,3284
2018-10-02 19:05,3265
2018-10-02 19:10,3261
2018-10-02 19:15,3268
2018-10-02 19:20,3262
2018-10-02 19:25,3257
2018-10-02 19:30,3238
2018-10-02 19:35,3236
2018-10-02 19:40,3230
2018-10-02 19:45,3209
2018-10-02 19:50,3203
2018-10-02 19:55,3170
2018-10-02 20:00,3151
2018-10-02 20:05,3137
2018-10-02 20:10,3127
2018-10-02 20:15,3105
2018-10-02 20:20,3081
2018-10-02 20:25,3045
2018-10-02 20:30,3025
2018-10-02 20:35,2971
2018-10-02 20:40,2918
2018-10-02 20:45,2888
2018-10-02 20:50,2849
2018-10-02 20:55,2808
2018-10-02 21:00,2796
2018-10-02 21:05,2756
2018-10-02 21:10,2736
2018-10-02 21:15,2698
2018-10-02 21:20,2669
2018-10-02 21:25,2653
2018-10-02 21:30,2637
2018-10-02 21:35,2656
2018-10-02 21:40,2629
2018-10-02 21:45,2575
2018-10-02 21:50,2539
2018-10-02 21:55,2515
2018-10-02 22:00,2495
2018-10-02 22:05,2469
2018-10-02 22:10,2461
2018-10-02 22:15,2413
2018-10-02 22:20,2382
2018-10-02 22:25,2377
2018-10-02 22:30,2343
2018-10-02 22:35,2345
2018-10-02 22:40,2332
2018-10-02 22:45,2319
2018-10-02 22:50,2307
2018-10-02 22:55,2282
2018-10-02 23:00,2277
2018-10-02 23:05,2277
2018-10-02 23:10,2250
2018-10-02 23:15,2221
2018-10-02 23:20,0
2018-10-02 23:25,1921
2018-10-02 23:30,2154
2018-10-02 23:35,2209
2018-10-02 23:40,2184
2018-10-02 23:45,2149
2018-10-02 23:50,2135
2018-10-02 23:55,2107
2018-10-03 00:00,2075
2018-10-03 00:05,2066
2018-10-03 00:10,2076
2018-10-03 00:15,2062
2018-10-03 00:20,2059
2018-10-03 00:25,2076
2018-10-03 00:30,2081
2018-10-03 00:35,2090
2018-10-03 00:40,2105
2018-10-03 00:45,2106
2018-10-03 00:50,2095
2018-10-03 00:55,2070
2018-10-03 01:00,2031
2018-10-03 01:05,2041
2018-10-03 01:10,1992
2018-10-03 01:15,1983
2018-10-03 01:20,1997
2018-10-03 01:25,2004
2018-10-03 01:30,1984
2018-10-03 01:35,1988
2018-10-03 01:40,1983
2018-10-03 01:45,1998
2018-10-03 01:50,1983
2018-10-03 01:55,1980
2018-10-03 02:00,1974
2018-10-03 02:05,1953
2018-10-03 02:10,1943
2018-10-03 02:15,1914
2018-10-03 02:20,1886
2018-10-03 02:25,1852
2018-10-03 02:30,1821
2018-10-03 02:35,1817
2018-10-03 02:40,1790
2018-10-03 02:45,1795
2018-10-03 02:50,1790
2018-10-03 02:55,1757
2018-10-03 03:00,1737
2018-10-03 03:05,1723
2018-10-03 03:10,1714
2018-10-03 03:15,1711
2018-10-03 03:20,1707
2018-10-03 03:25,1697
2018-10-03 03:30,1671
2018-10-03 03:35,1658
2018-10-03 03:40,1644
2018-10-03 03:45,1637
2018-10-03 03:50,1634
2018-10-03 03:55,1626
2018-10-03 04:00,1623
2018-10-03 04:05,1602
2018-10-03 04:10,1617
2018-10-03 04:15,1606
2018-10-03 04:20,1597
2018-10-03 04:25,1588
2018-10-03 04:30,1589
2018-10-03 04:35,1558
2018-10-03 04:40,1548
2018-10-03 04:45,1538
2018-10-03 04:50,1540
2018-10-03 04:55,1530
2018-10-03 05:00,1502
2018-10-03 05:05,1485
2018-10-03 05:10,1468
2018-10-03 05:15,1450
2018-10-03 05:20,1441
2018-10-03 05:25,1405
2018-10-03 05:30,1406
2018-10-03 05:35,1412
2018-10-03 05:40,1395
2018-10-03 05:45,1408
2018-10-03 05:50,1394
2018-10-03 05:55,1382
2018-10-03 06:00,1385
2018-10-03 06:05,1385
2018-10-03 06:10,1380
2018-10-03 06:15,1384
2018-10-03 06:20,1386
2018-10-03 06:25,1375
2018-10-03 06:30,1373
2018-10-03 06:35,1372
2018-10-03 06:40,1354
2018-10-03 06:45,1358
2018-10-03 06:50,1362
2018-10-03 06:55,1359
2018-10-03 07:00,1361
2018-10-03 07:05,1356
2018-10-03 07:10,1367
2018-10-03 07:15,1391
2018-10-03 07:20,1398
2018-10-03 07:25,1406
2018-10-03 07:30,1429
2018-10-03 07:35,1446
2018-10-03 07:40,1459
2018-10-03 07:45,1442
2018-10-03 07:50,1452
2018-10-03 07:55,1463
2018-10-03 08:00,1505
2018-10-03 08:05,1520
2018-10-03 08:10,1532
2018-10-03 08:15,1549
2018-10-03 08:20,1556
2018-10-03 08:25,1564
2018-10-03 08:30,1581
2018-10-03 08:35,1593
2018-10-03 08:40,1601
2018-10-03 08:45,1662
2018-10-03 08:50,1674
2018-10-03 08:55,1699
2018-10-03 09:00,1695
2018-10-03 09:05,1712
2018-10-03 09:10,1717
2018-10-03 09:15,1710
2018-10-03 09:20,1728
2018-10-03 09:25,1764
2018-10-03 09:30,1749
2018-10-03 09:35,1781
2018-10-03 09:40,1787
2018-10-03 09:45,1809
2018-10-03 09:50,1831
2018-10-03 09:55,1846
2018-10-03 10:00,1879
2018-10-03 10:05,1907
2018-10-03 10:10,1930
2018-10-03 10:15,1952
2018-10-03 10:20,1936
2018-10-03 10:25,1940
2018-10-03 10:30,1955
2018-10-03 10:35,1974
2018-10-03 10:40,1995
2018-10-03 10:45,2018
2018-10-03 10:50,2028
2018-10-03 10:55,2027
2018-10-03 11:00,2039
2018-10-03 11:05,2054
2018-10-03 11:10,2063
2018-10-03 11:15,2098
2018-10-03 11:20,2080
2018-10-03 11:25,2083
2018-10-03 11:30,2085
2018-10-03 11:35,2081
2018-10-03 11:40,2107
2018-10-03 11:45,2121
2018-10-03 11:50,2138
2018-10-03 11:55,2184
2018-10-03 12:00,2187
2018-10-03 12:05,2200
2018-10-03 12:10,2212
2018-10-03 12:15,2229
2018-10-03 12:20,2244
2018-10-03 12:25,2254
2018-10-03 12:30,2318
2018-10-03 12:35,2346
2018-10-03 12:40,2353
2018-10-03 12:45,2355
2018-10-03 12:50,2369
2018-10-03 12:55,2404
2018-10-03 13:00,2427
2018-10-03 13:05,2403
2018-10-03 13:10,2422
2018-10-03 13:15,2427
2018-10-03 13:20,2458
2018-10-03 13:25,2454
2018-10-03 13:30,2467
2018-10-03 13:35,2487
2018-10-03 13:40,2524
2018-10-03 13:45,2552
2018-10-03 13:50,2560
2018-10-03 13:55,2570
2018-10-03 14:00,2596
2018-10-03 14:05,2599
2018-10-03 14:10,2615
2018-10-03 14:15,2603
2018-10-03 14:20,2604
2018-10-03 14:25,2609
2018-10-03 14:30,2618
2018-10-03 14:35,2662
2018-10-03 14:40,2680
2018-10-03 14:45,2693
2018-10-03 14:50,2702
2018-10-03 14:55,2729
2018-10-03 15:00,2774
2018-10-03 15:05,2787
2018-10-03 15:10,2810
2018-10-03 15:15,2848
2018-10-03 15:20,2884
2018-10-03 15:25,2894
2018-10-03 15:30,2889
2018-10-03 15:35,2887
2018-10-03 15:40,2876
2018-10-03 15:45,2897
2018-10-03 15:50,2927
2018-10-03 15:55,2937
2018-10-03 16:00,2970
2018-10-03 16:05,2966
2018-10-03 16:10,2985
2018-10-03 16:15,2963
2018-10-03 16:20,3011
2018-10-03 16:25,3050
2018-10-03 16:30,3081
2018-10-03 16:35,3094
2018-10-03 16:40,3078
2018-10-03 16:45,3064
2018-10-03 16:50,3074
2018-10-03 16:55,3043
2018-10-03 17:00,3046
2018-10-03 17:05,3055
2018-10-03 17:10,3067
2018-10-03 17:15,3087
2018-10-03 17:20,3081
2018-10-03 17:25,3133
2018-10-03 17:30,3156
2018-10-03 17:35,3148
2018-10-03 17:40,3144
2018-10-03 17:45,3143
2018-10-03 17:50,3131
2018-10-03 17:55,3138
2018-10-03 18:00,3173
2018-10-03 18:05,3186
2018-10-03 18:10,3214
2018-10-03 18:15,3209
2018-10-03 18:20,3183
2018-10-03 18:25,3200
2018-10-03 18:30,3204
2018-10-03 18:35,3222
2018-10-03 18:40,3236
2018-10-03 18:45,3229
2018-10-03 18:50,3205
2018-10-03 18:55,3214
2018-10-03 19:00,3210
2018-10-03 19:05,3223
2018-10-03 19:10,3234
2018-10-03 19:15,3233
2018-10-03 19:20,3217
2018-10-03 19:25,3217
2018-10-03 19:30,3191
2018-10-03 19:35,3192
2018-10-03 19:40,3175
2018-10-03 19:45,3161
2018-10-03 19:50,3139
2018-10-03 19:55,3155
2018-10-03 20:00,3133
2018-10-03 20:05,3112
2018-10-03 20:10,3085
2018-10-03 20:15,3046
2018-10-03 20:20,3003
2018-10-03 20:25,2969
2018-10-03 20:30,2947
2018-10-03 20:35,2910
2018-10-03 20:40,2907
2018-10-03 20:45,2881
2018-10-03 20:50,2828
2018-10-03 20:55,2781
2018-10-03 21:00,2727
2018-10-03 21:05,2698
2018-10-03 21:10,2663
2018-10-03 21:15,2638
2018-10-03 21:20,2609
2018-10-03 21:25,2565
2018-10-03 21:30,2519
2018-10-03 21:35,2502
2018-10-03 21:40,2492
2018-10-03 21:45,2457
2018-10-03 21:50,2427
2018-10-03 21:55,2424
2018-10-03 22:00,2405
2018-10-03 22:05,2371
2018-10-03 22:10,2329
2018-10-03 22:15,2343
2018-10-03 22:20,2302
2018-10-03 22:25,2274
2018-10-03 22:30,2267
2018-10-03 22:35,2280
2018-10-03 22:40,2262
2018-10-03 22:45,2236
2018-10-03 22:50,2208
2018-10-03 22:55,2186
2018-10-03 23:00,2172
2018-10-03 23:05,2151
2018-10-03 23:10,2161
2018-10-03 23:15,2136
2018-10-03 23:20,2115
2018-10-03 23:25,2096
2018-10-03 23:30,2097
2018-10-03 23:35,2107
2018-10-03 23:40,2104
2018-10-03 23:45,2091
2018-10-03 23:50,2071
2018-10-03 23:55,2054
2018-10-04 00:00,2047
2018-10-04 00:05,2065
2018-10-04 00:10,2063
2018-10-04 00:15,2045
2018-10-04 00:20,2053
2018-10-04 00:25,2038
2018-10-04 00:30,2038
2018-10-04 00:35,2028
2018-10-04 00:40,2028
2018-10-04 00:45,2034
2018-10-04 00:50,2037
2018-10-04 00:55,2038
2018-10-04 01:00,2023
2018-10-04 01:05,1989
2018-10-04 01:10,1992
2018-10-04 01:15,1992
2018-10-04 01:20,1977
2018-10-04 01:25,1978
2018-10-04 01:30,1964
2018-10-04 01:35,1952
2018-10-04 01:40,1936
2018-10-04 01:45,1915
2018-10-04 01:50,1888
2018-10-04 01:55,1900
2018-10-04 02:00,1891
2018-10-04 02:05,1867
2018-10-04 02:10,1847
2018-10-04 02:15,1836
2018-10-04 02:20,1819
2018-10-04 02:25,1797
2018-10-04 02:30,1791
2018-10-04 02:35,1765
2018-10-04 02:40,1766
2018-10-04 02:45,1759
2018-10-04 02:50,1747
2018-10-04 02:55,1737
2018-10-04 03:00,1722
2018-10-04 03:05,1711
2018-10-04 03:10,1702
2018-10-04 03:15,1696
2018-10-04 03:20,1685
2018-10-04 03:25,1670
2018-10-04 03:30,1647
2018-10-04 03:35,1639
2018-10-04 03:40,1607
2018-10-04 03:45,1597
2018-10-04 03:50,1585
2018-10-04 03:55,1562
2018-10-04 04:00,1559
2018-10-04 04:05,1538
2018-10-04 04:10,1519
2018-10-04 04:15,1501
2018-10-04 04:20,1477
2018-10-04 04:25,1455
2018-10-04 04:30,1448
2018-10-04 04:35,1420
2018-10-04 04:40,1405
2018-10-04 04:45,1412
2018-10-04 04:50,1404
2018-10-04 04:55,1389
2018-10-04 05:00,1394
2018-10-04 05:05,1379
2018-10-04 05:10,1372
2018-10-04 05:15,1350
2018-10-04 05:20,1358
2018-10-04 05:25,1337
2018-10-04 05:30,1326
2018-10-04 05:35,1335
2018-10-04 05:40,1330
2018-10-04 05:45,1301
2018-10-04 05:50,1303
2018-10-04 05:55,1315
2018-10-04 06:00,1319
2018-10-04 06:05,1332
2018-10-04 06:10,1333
2018-10-04 06:15,1315
2018-10-04 06:20,1301
2018-10-04 06:25,1307
2018-10-04 06:30,1319
2018-10-04 06:35,1325
2018-10-04 06:40,1346
2018-10-04 06:45,1350
2018-10-04 06:50,1349
2018-10-04 06:55,1352
2018-10-04 07:00,1354
2018-10-04 07:05,1353
2018-10-04 07:10,1351
2018-10-04 07:15,1356
2018-10-04 07:20,1366
2018-10-04 07:25,1369
2018-10-04 07:30,1384
2018-10-04 07:35,1377
2018-10-04 07:40,1356
2018-10-04 07:45,1392
2018-10-04 07:50,1384
2018-10-04 07:55,1404
2018-10-04 08:00,1411
2018-10-04 08:05,1431
2018-10-04 08:10,1444
2018-10-04 08:15,1448
2018-10-04 08:20,1448
2018-10-04 08:25,1474
2018-10-04 08:30,1494
2018-10-04 08:35,1517
2018-10-04 08:40,1517
2018-10-04 08:45,1512
2018-10-04 08:50,1543
2018-10-04 08:55,1558
2018-10-04 09:00,1566
2018-10-04 09:05,1566
2018-10-04 09:10,1563
2018-10-04 09:15,1582
2018-10-04 09:20,1600
2018-10-04 09:25,1615
2018-10-04 09:30,1627
2018-10-04 09:35,1639
2018-10-04 09:40,1646
2018-10-04 09:45,1650
2018-10-04 09:50,1663
2018-10-04 09:55,1668
2018-10-04 10:00,1693
2018-10-04 10:05,1710
2018-10-04 10:10,1706
2018-10-04 10:15,1733
2018-10-04 10:20,1741
2018-10-04 10:25,1765
2018-10-04 10:30,1785
2018-10-04 10:35,1794
2018-10-04 10:40,1794
2018-10-04 10:45,1823
2018-10-04 10:50,1836
2018-10-04 10:55,1860
2018-10-04 11:00,1889
2018-10-04 11:05,1885
2018-10-04 11:10,1883
2018-10-04 11:15,1868
2018-10-04 11:20,1884
2018-10-04 11:25,1893
2018-10-04 11:30,1889
2018-10-04 11:35,1907
2018-10-04 11:40,1929
2018-10-04 11:45,1952
2018-10-04 11:50,1938
2018-10-04 11:55,1988
2018-10-04 12:00,1980
2018-10-04 12:05,1983
2018-10-04 12:10,2005
2018-10-04 12:15,2025
2018-10-04 12:20,2037
2018-10-04 12:25,2058
2018-10-04 12:30,2085
2018-10-04 12:35,2110
2018-10-04 12:40,2124
2018-10-04 12:45,2124
2018-10-04 12:50,2158
2018-10-04 12:55,2159
2018-10-04 13:00,2166
2018-10-04 13:05,2167
2018-10-04 13:10,2174
2018-10-04 13:15,2192
2018-10-04 13:20,2202
2018-10-04 13:25,2215
2018-10-04 13:30,2216
2018-10-04 13:35,2218
2018-10-04 13:40,2195
2018-10-04 13:45,2169
2018-10-04 13:50,2120
2018-10-04 13:55,2038
2018-10-04 14:00,1863
2018-10-04 14:05,1312
2018-10-04 14:10,1283
2018-10-04 14:15,1311
2018-10-04 14:20,1308
2018-10-04 14:25,1330
2018-10-04 14:30,1321
2018-10-04 14:35,1334
2018-10-04 14:40,1329
2018-10-04 14:45,1365
2018-10-04 14:50,1353
2018-10-04 14:55,1356
2018-10-04 15:00,1367
2018-10-04 15:05,1413
2018-10-04 15:10,1429
2018-10-04 15:15,1446
2018-10-04 15:20,1464
2018-10-04 15:25,1565
2018-10-04 15:30,1665
2018-10-04 15:35,1796
2018-10-04 15:40,1901
2018-10-04 15:45,2018
2018-10-04 15:50,2128
2018-10-04 15:55,2210
2018-10-04 16:00,2307
2018-10-04 16:05,2384
2018-10-04 16:10,2503
2018-10-04 16:15,2578
2018-10-04 16:20,2640
2018-10-04 16:25,2716
2018-10-04 16:30,2786
2018-10-04 16:35,2834
2018-10-04 16:40,2875
2018-10-04 16:45,2912
2018-10-04 16:50,2964
2018-10-04 16:55,2979
2018-10-04 17:00,3015
2018-10-04 17:05,3046
2018-10-04 17:10,3066
2018-10-04 17:15,3090
2018-10-04 17:20,3123
2018-10-04 17:25,3114
2018-10-04 17:30,3145
2018-10-04 17:35,3144
2018-10-04 17:40,3153
2018-10-04 17:45,3192
2018-10-04 17:50,3205
2018-10-04 17:55,3233
2018-10-04 18:00,3230
2018-10-04 18:05,3228
2018-10-04 18:10,3200
2018-10-04 18:15,3223
2018-10-04 18:20,3229
2018-10-04 18:25,3260
2018-10-04 18:30,3250
2018-10-04 18:35,3246
2018-10-04 18:40,3248
2018-10-04 18:45,3240
2018-10-04 18:50,3282
2018-10-04 18:55,3266
2018-10-04 19:00,3275
2018-10-04 19:05,3278
2018-10-04 19:10,3268
2018-10-04 19:15,3265
2018-10-04 19:20,3263
2018-10-04 19:25,3229
2018-10-04 19:30,3234
2018-10-04 19:35,3218
2018-10-04 19:40,3236
2018-10-04 19:45,3215
2018-10-04 19:50,3191
2018-10-04 19:55,3175
2018-10-04 20:00,3133
2018-10-04 20:05,3122
2018-10-04 20:10,3071
2018-10-04 20:15,3054
2018-10-04 20:20,3018
2018-10-04 20:25,3005
2018-10-04 20:30,2956
2018-10-04 20:35,2950
2018-10-04 20:40,2897
2018-10-04 20:45,2869
2018-10-04 20:50,2816
2018-10-04 20:55,2770
2018-10-04 21:00,2754
2018-10-04 21:05,2717
2018-10-04 21:10,2687
2018-10-04 21:15,2659
2018-10-04 21:20,2642
2018-10-04 21:25,2621
2018-10-04 21:30,2609
2018-10-04 21:35,2593
2018-10-04 21:40,2560
2018-10-04 21:45,2559
2018-10-04 21:50,2538
2018-10-04 21:55,2526
2018-10-04 22:00,2501
2018-10-04 22:05,2470
2018-10-04 22:10,2450
2018-10-04 22:15,2404
2018-10-04 22:20,2381
2018-10-04 22:25,2384
2018-10-04 22:30,2347
2018-10-04 22:35,2318
2018-10-04 22:40,2312
2018-10-04 22:45,2303
2018-10-04 22:50,2284
2018-10-04 22:55,2267
2018-10-04 23:00,2267
2018-10-04 23:05,2242
2018-10-04 23:10,2213
2018-10-04 23:15,2197
2018-10-04 23:20,2185
2018-10-04 23:25,2154
2018-10-04 23:30,2129
2018-10-04 23:35,2121
2018-10-04 23:40,2098
2018-10-04 23:45,2105
2018-10-04 23:50,2102
2018-10-04 23:55,2086
2018-10-05 00:00,2053
2018-10-05 00:05,2015
2018-10-05 00:10,2002
2018-10-05 00:15,1967
2018-10-05 00:20,1986
2018-10-05 00:25,1973
2018-10-05 00:30,1958
2018-10-05 00:35,1960
2018-10-05 00:40,1964
2018-10-05 00:45,1974
2018-10-05 00:50,1964
2018-10-05 00:55,1975
2018-10-05 01:00,1950
2018-10-05 01:05,1944
2018-10-05 01:10,1947
2018-10-05 01:15,1928
2018-10-05 01:20,1905
2018-10-05 01:25,1916
2018-10-05 01:30,1897
2018-10-05 01:35,1885
2018-10-05 01:40,1863
2018-10-05 01:45,1852
2018-10-05 01:50,1851
2018-10-05 01:55,1838
2018-10-05 02:00,1833
2018-10-05 02:05,1836
2018-10-05 02:10,1829
2018-10-05 02:15,1845
2018-10-05 02:20,1837
2018-10-05 02:25,1827
2018-10-05 02:30,1813
2018-10-05 02:35,1796
2018-10-05 02:40,1776
2018-10-05 02:45,1773
2018-10-05 02:50,1766
2018-10-05 02:55,1753
2018-10-05 03:00,1742
2018-10-05 03:05,1745
2018-10-05 03:10,1721
2018-10-05 03:15,1714
2018-10-05 03:20,1731
2018-10-05 03:25,1729
2018-10-05 03:30,1705
2018-10-05 03:35,1683
2018-10-05 03:40,1681
2018-10-05 03:45,1652
2018-10-05 03:50,1632
2018-10-05 03:55,1619
2018-10-05 04:00,1601
2018-10-05 04:05,1577
2018-10-05 04:10,1535
2018-10-05 04:15,1532
2018-10-05 04:20,1541
2018-10-05 04:25,1554
2018-10-05 04:30,1544
2018-10-05 04:35,1522
2018-10-05 04:40,1498
2018-10-05 04:45,1487
2018-10-05 04:50,1452
2018-10-05 04:55,1438
2018-10-05 05:00,1427
2018-10-05 05:05,1407
2018-10-05 05:10,1400
2018-10-05 05:15,1402
2018-10-05 05:20,1393
2018-10-05 05:25,1408
2018-10-05 05:30,1401
2018-10-05 05:35,1400
2018-10-05 05:40,1402
2018-10-05 05:45,1408
2018-10-05 05:50,1401
2018-10-05 05:55,1398
2018-10-05 06:00,1386
2018-10-05 06:05,1384
2018-10-05 06:10,1372
2018-10-05 06:15,1385
2018-10-05 06:20,1374
2018-10-05 06:25,1366
2018-10-05 06:30,1358
2018-10-05 06:35,1356
2018-10-05 06:40,1356
2018-10-05 06:45,1361
2018-10-05 06:50,1357
2018-10-05 06:55,1374
2018-10-05 07:00,1374
2018-10-05 07:05,1383
2018-10-05 07:10,1398
2018-10-05 07:15,1410
2018-10-05 07:20,1424
2018-10-05 07:25,1425
2018-10-05 07:30,1415
2018-10-05 07:35,1430
2018-10-05 07:40,1431
2018-10-05 07:45,1418
2018-10-05 07:50,1435
2018-10-05 07:55,1436
2018-10-05 08:00,1458
2018-10-05 08:05,1471
2018-10-05 08:10,1468
2018-10-05 08:15,1481
2018-10-05 08:20,1489
2018-10-05 08:25,1496
2018-10-05 08:30,1516
2018-10-05 08:35,1518
2018-10-05 08:40,1538
2018-10-05 08:45,1567
2018-10-05 08:50,1588
2018-10-05 08:55,1607
2018-10-05 09:00,1619
2018-10-05 09:05,1619
2018-10-05 09:10,1619
2018-10-05 09:15,1621
2018-10-05 09:20,1648
2018-10-05 09:25,1648
2018-10-05 09:30,1658
2018-10-05 09:35,1670
2018-10-05 09:40,1682
2018-10-05 09:45,1685
2018-10-05 09:50,1704
2018-10-05 09:55,1728
2018-10-05 10:00,1732
2018-10-05 10:05,1748
2018-10-05 10:10,1762
2018-10-05 10:15,1768
2018-10-05 10:20,1794
2018-10-05 10:25,1783
2018-10-05 10:30,1797
2018-10-05 10:35,1819
2018-10-05 10:40,1858
2018-10-05 10:45,1874
2018-10-05 10:50,1880
2018-10-05 10:55,1892
2018-10-05 11:00,1904
2018-10-05 11:05,1914
2018-10-05 11:10,1925
2018-10-05 11:15,1930
2018-10-05 11:20,1944
2018-10-05 11:25,1935
2018-10-05 11:30,1970
2018-10-05 11:35,1991
2018-10-05 11:40,2005
2018-10-05 11:45,2003
2018-10-05 11:50,2029
2018-10-05 11:55,2041
2018-10-05 12:00,2079
2018-10-05 12:05,2130
2018-10-05 12:10,2168
2018-10-05 12:15,2183
2018-10-05 12:20,2215
2018-10-05 12:25,2234
2018-10-05 12:30,2248
2018-10-05 12:35,2272
2018-10-05 12:40,2282
2018-10-05 12:45,2299
2018-10-05 12:50,2332
2018-10-05 12:55,2342
2018-10-05 13:00,2361
2018-10-05 13:05,2377
2018-10-05 13:10,2397
2018-10-05 13:15,2425
2018-10-05 13:20,2445
2018-10-05 13:25,2431
2018-10-05 13:30,2442
2018-10-05 13:35,2440
2018-10-05 13:40,2439
2018-10-05 13:45,2447
2018-10-05 13:50,2477
2018-10-05 13:55,2479
2018-10-05 14:00,2487
2018-10-05 14:05,2506
2018-10-05 14:10,2466
2018-10-05 14:15,2506
2018-10-05 14:20,2498
2018-10-05 14:25,2505
2018-10-05 14:30,2503
2018-10-05 14:35,2523
2018-10-05 14:40,2546
2018-10-05 14:45,2565
2018-10-05 14:50,2591
2018-10-05 14:55,2589
2018-10-05 15:00,2620
2018-10-05 15:05,2617
2018-10-05 15:10,2641
2018-10-05 15:15,2649
2018-10-05 15:20,2665
2018-10-05 15:25,2676
2018-10-05 15:30,2696
2018-10-05 15:35,2730
2018-10-05 15:40,2730
2018-10-05 15:45,2769
2018-10-05 15:50,2789
2018-10-05 15:55,2818
2018-10-05 16:00,2830
2018-10-05 16:05,2822
2018-10-05 16:10,2862
2018-10-05 16:15,2852
2018-10-05 16:20,2843
2018-10-05 16:25,2876
2018-10-05 16:30,2901
2018-10-05 16:35,2923
2018-10-05 16:40,2938
2018-10-05 16:45,2966
2018-10-05 16:50,2981
2018-10-05 16:55,3021
2018-10-05 17:00,3056
2018-10-05 17:05,3063
2018-10-05 17:10,3081
2018-10-05 17:15,3089
2018-10-05 17:20,3086
2018-10-05 17:25,3083
2018-10-05 17:30,3093
2018-10-05 17:35,3131
2018-10-05 17:40,3135
2018-10-05 17:45,3143
2018-10-05 17:50,3160
2018-10-05 17:55,3161
2018-10-05 18:00,3179
2018-10-05 18:05,3184
2018-10-05 18:10,3210
2018-10-05 18:15,3168
2018-10-05 18:20,3218
2018-10-05 18:25,3211
2018-10-05 18:30,3205
2018-10-05 18:35,3218
2018-10-05 18:40,3199
2018-10-05 18:45,3216
2018-10-05 18:50,3204
2018-10-05 18:55,3212
2018-10-05 19:00,3216
2018-10-05 19:05,3201
2018-10-05 19:10,3215
2018-10-05 19:15,3215
2018-10-05 19:20,3219
2018-10-05 19:25,3227
2018-10-05 19:30,3252
2018-10-05 19:35,3245
2018-10-05 19:40,3249
2018-10-05 19:45,3229
2018-10-05 19:50,3216
2018-10-05 19:55,3208
2018-10-05 20:00,3215
2018-10-05 20:05,3178
2018-10-05 20:10,3173
2018-10-05 20:15,3170
2018-10-05 20:20,3158
2018-10-05 20:25,3174
2018-10-05 20:30,3162
2018-10-05 20:35,3130
2018-10-05 20:40,3119
2018-10-05 20:45,3096
2018-10-05 20:50,3068
2018-10-05 20:55,3046
2018-10-05 21:00,3000
2018-10-05 21:05,2969
2018-10-05 21:10,2923
2018-10-05 21:15,2897
2018-10-05 21:20,2844
2018-10-05 21:25,2799
2018-10-05 21:30,2768
2018-10-05 21:35,2739
2018-10-05 21:40,2719
2018-10-05 21:45,2704
2018-10-05 21:50,2677
2018-10-05 21:55,2664
2018-10-05 22:00,2637
2018-10-05 22:05,2621
2018-10-05 22:10,2589
2018-10-05 22:15,2559
2018-10-05 22:20,2566
2018-10-05 22:25,2566
2018-10-05 22:30,2538
2018-10-05 22:35,2534
2018-10-05 22:40,2500
2018-10-05 22:45,2490
2018-10-05 22:50,2438
2018-10-05 22:55,2421
2018-10-05 23:00,2397
2018-10-05 23:05,2388
2018-10-05 23:10,2391
2018-10-05 23:15,2399
2018-10-05 23:20,2384
2018-10-05 23:25,2353
2018-10-05 23:30,2315
2018-10-05 23:35,2293
2018-10-05 23:40,2272
2018-10-05 23:45,2259
2018-10-05 23:50,2249
2018-10-05 23:55,2244
2018-10-06 00:00,2216
2018-10-06 00:05,2205
2018-10-06 00:10,2194
2018-10-06 00:15,2191
2018-10-06 00:20,2173
2018-10-06 00:25,2155
2018-10-06 00:30,2138
2018-10-06 00:35,2102
2018-10-06 00:40,2101
2018-10-06 00:45,2084
2018-10-06 00:50,2062
2018-10-06 00:55,2046
2018-10-06 01:00,2047
2018-10-06 01:05,2027
2018-10-06 01:10,2033
2018-10-06 01:15,2051
2018-10-06 01:20,2036
2018-10-06 01:25,2032
2018-10-06 01:30,2037
2018-10-06 01:35,2020
2018-10-06 01:40,2017
2018-10-06 01:45,2016
2018-10-06 01:50,2010
2018-10-06 01:55,1997
2018-10-06 02:00,1968
2018-10-06 02:05,1940
2018-10-06 02:10,1926
2018-10-06 02:15,1929
2018-10-06 02:20,1910
2018-10-06 02:25,1907
2018-10-06 02:30,1898
2018-10-06 02:35,1888
2018-10-06 02:40,1910
2018-10-06 02:45,1897
2018-10-06 02:50,1888
2018-10-06 02:55,1888
2018-10-06 03:00,1878
2018-10-06 03:05,1848
2018-10-06 03:10,1837
2018-10-06 03:15,1849
2018-10-06 03:20,1840
2018-10-06 03:25,1826
2018-10-06 03:30,1826
2018-10-06 03:35,1813
2018-10-06 03:40,1794
2018-10-06 03:45,1787
2018-10-06 03:50,1795
2018-10-06 03:55,1783
2018-10-06 04:00,1760
2018-10-06 04:05,1745
2018-10-06 04:10,1746
2018-10-06 04:15,1732
2018-10-06 04:20,1713
2018-10-06 04:25,1711
2018-10-06 04:30,1723
2018-10-06 04:35,1711
2018-10-06 04:40,1708
2018-10-06 04:45,1694
2018-10-06 04:50,1700
2018-10-06 04:55,1702
2018-10-06 05:00,1710
2018-10-06 05:05,1703
2018-10-06 05:10,1686
2018-10-06 05:15,1687
2018-10-06 05:20,1661
2018-10-06 05:25,1643
2018-10-06 05:30,1646
2018-10-06 05:35,1645
2018-10-06 05:40,1646
2018-10-06 05:45,1653
2018-10-06 05:50,1652
2018-10-06 05:55,1653
2018-10-06 06:00,1662
2018-10-06 06:05,1675
2018-10-06 06:10,1663
2018-10-06 06:15,1673
2018-10-06 06:20,1671
2018-10-06 06:25,1665
2018-10-06 06:30,1652
2018-10-06 06:35,1658
2018-10-06 06:40,1648
2018-10-06 06:45,1676
2018-10-06 06:50,1686
2018-10-06 06:55,1715
2018-10-06 07:00,1740
2018-10-06 07:05,1716
2018-10-06 07:10,1719
2018-10-06 07:15,1727
2018-10-06 07:20,1762
2018-10-06 07:25,1792
2018-10-06 07:30,1799
2018-10-06 07:35,1788
2018-10-06 07:40,1795
2018-10-06 07:45,1816
2018-10-06 07:50,1841
2018-10-06 07:55,1861
2018-10-06 08:00,1862
2018-10-06 08:05,1865
2018-10-06 08:10,1870
2018-10-06 08:15,1891
2018-10-06 08:20,1895
2018-10-06 08:25,1919
2018-10-06 08:30,1930
2018-10-06 08:35,1969
2018-10-06 08:40,1969
2018-10-06 08:45,1979
2018-10-06 08:50,2000
2018-10-06 08:55,2039
2018-10-06 09:00,2056
2018-10-06 09:05,2101
2018-10-06 09:10,2112
2018-10-06 09:15,2142
2018-10-06 09:20,2161
2018-10-06 09:25,2166
2018-10-06 09:30,2186
2018-10-06 09:35,2200
2018-10-06 09:40,2227
2018-10-06 09:45,2232
2018-10-06 09:50,2241
2018-10-06 09:55,2257
2018-10-06 10:00,2293
2018-10-06 10:05,2345
2018-10-06 10:10,2356
2018-10-06 10:15,2370
2018-10-06 10:20,2388
2018-10-06 10:25,2383
2018-10-06 10:30,2366
2018-10-06 10:35,2375
2018-10-06 10:40,2397
2018-10-06 10:45,2409
2018-10-06 10:50,2445
2018-10-06 10:55,2447
2018-10-06 11:00,2483
2018-10-06 11:05,2462
2018-10-06 11:10,2487
2018-10-06 11:15,2506
2018-10-06 11:20,2551
2018-10-06 11:25,2533
2018-10-06 11:30,2545
2018-10-06 11:35,2570
2018-10-06 11:40,2601
2018-10-06 11:45,2637
2018-10-06 11:50,2663
2018-10-06 11:55,2665
2018-10-06 12:00,2673
2018-10-06 12:05,2699
2018-10-06 12:10,2680
2018-10-06 12:15,2687
2018-10-06 12:20,2709
2018-10-06 12:25,2730
2018-10-06 12:30,2768
2018-10-06 12:35,2788
2018-10-06 12:40,2805
2018-10-06 12:45,2823
2018-10-06 12:50,2837
2018-10-06 12:55,2840
2018-10-06 13:00,2871
2018-10-06 13:05,2861
2018-10-06 13:10,2863
2018-10-06 13:15,2873
2018-10-06 13:20,2891
2018-10-06 13:25,2906
2018-10-06 13:30,2933
2018-10-06 13:35,2935
2018-10-06 13:40,2958
2018-10-06 13:45,2974
2018-10-06 13:50,2986
2018-10-06 13:55,3016
2018-10-06 14:00,3027
2018-10-06 14:05,3030
2018-10-06 14:10,3052
2018-10-06 14:15,3068
2018-10-06 14:20,3098
2018-10-06 14:25,3118
2018-10-06 14:30,3119
2018-10-06 14:35,3118
2018-10-06 14:40,3138
2018-10-06 14:45,3165
2018-10-06 14:50,3191
2018-10-06 14:55,3218
2018-10-06 15:00,3253
2018-10-06 15:05,3247
2018-10-06 15:10,3271
2018-10-06 15:15,3284
2018-10-06 15:20,3280
2018-10-06 15:25,3278
2018-10-06 15:30,3274
2018-10-06 15:35,3298
2018-10-06 15:40,3316
2018-10-06 15:45,3327
2018-10-06 15:50,3336
2018-10-06 15:55,3354
2018-10-06 16:00,3356
2018-10-06 16:05,3358
2018-10-06 16:10,3357
2018-10-06 16:15,3399
2018-10-06 16:20,3398
2018-10-06 16:25,3391
2018-10-06 16:30,3387
2018-10-06 16:35,3411
2018-10-06 16:40,3444
2018-10-06 16:45,3445
2018-10-06 16:50,3476
2018-10-06 16:55,3481
2018-10-06 17:00,3479
2018-10-06 17:05,3478
2018-10-06 17:10,3490
2018-10-06 17:15,3481
2018-10-06 17:20,3489
2018-10-06 17:25,3500
2018-10-06 17:30,3493
2018-10-06 17:35,3519
2018-10-06 17:40,3521
2018-10-06 17:45,3539
2018-10-06 17:50,3560
2018-10-06 17:55,3560
2018-10-06 18:00,3576
2018-10-06 18:05,3559
2018-10-06 18:10,3573
2018-10-06 18:15,3591
2018-10-06 18:20,3604
2018-10-06 18:25,3629
2018-10-06 18:30,3634
2018-10-06 18:35,3646
2018-10-06 18:40,3657
2018-10-06 18:45,3651
2018-10-06 18:50,3669
2018-10-06 18:55,3679
2018-10-06 19:00,3662
2018-10-06 19:05,3675
2018-10-06 19:10,3648
2018-10-06 19:15,3652
2018-10-06 19:20,3652
2018-10-06 19:25,3669
2018-10-06 19:30,3673
2018-10-06 19:35,3659
2018-10-06 19:40,3656
2018-10-06 19:45,3648
2018-10-06 19:50,3641
2018-10-06 19:55,3613
2018-10-06 20:00,3620
2018-10-06 20:05,3592
2018-10-06 20:10,3592
2018-10-06 20:15,3570
2018-10-06 20:20,3587
2018-10-06 20:25,3578
2018-10-06 20:30,3530
2018-10-06 20:35,3557
2018-10-06 20:40,3556
2018-10-06 20:45,3523
2018-10-06 20:50,3523
2018-10-06 20:55,3492
2018-10-06 21:00,3454
2018-10-06 21:05,3437
2018-10-06 21:10,3415
2018-10-06 21:15,3384
2018-10-06 21:20,3343
2018-10-06 21:25,3295
2018-10-06 21:30,3278
2018-10-06 21:35,3258
2018-10-06 21:40,3250
2018-10-06 21:45,3210
2018-10-06 21:50,3160
2018-10-06 21:55,3151
2018-10-06 22:00,3120
2018-10-06 22:05,3103
2018-10-06 22:10,3082
2018-10-06 22:15,3052
2018-10-06 22:20,3015
2018-10-06 22:25,2979
2018-10-06 22:30,2959
2018-10-06 22:35,2906
2018-10-06 22:40,2855
2018-10-06 22:45,2832
2018-10-06 22:50,2801
2018-10-06 22:55,2781
2018-10-06 23:00,2797
2018-10-06 23:05,2751
2018-10-06 23:10,2732
2018-10-06 23:15,2706
2018-10-06 23:20,2680
2018-10-06 23:25,2641
2018-10-06 23:30,2610
2018-10-06 23:35,2592
2018-10-06 23:40,2559
2018-10-06 23:45,2532
2018-10-06 23:50,2489
2018-10-06 23:55,2468
2018-10-07 00:00,2457
2018-10-07 00:05,2447
2018-10-07 00:10,2432
2018-10-07 00:15,2433
2018-10-07 00:20,2408
2018-10-07 00:25,2386
2018-10-07 00:30,2396
2018-10-07 00:35,2388
2018-10-07 00:40,2369
2018-10-07 00:45,2363
2018-10-07 00:50,2321
2018-10-07 00:55,2311
2018-10-07 01:00,2288
2018-10-07 01:05,2293
2018-10-07 01:10,2290
2018-10-07 01:15,2281
2018-10-07 01:20,2260
2018-10-07 01:25,2260
2018-10-07 01:30,2252
2018-10-07 01:35,2247
2018-10-07 01:40,2238
2018-10-07 01:45,2235
2018-10-07 01:50,2216
2018-10-07 01:55,2216
2018-10-07 02:00,2211
2018-10-07 02:05,2187
2018-10-07 02:10,2177
2018-10-07 02:15,2147
2018-10-07 02:20,2157
2018-10-07 02:25,2153
2018-10-07 02:30,2139
2018-10-07 02:35,2132
2018-10-07 02:40,2131
2018-10-07 02:45,2151
2018-10-07 02:50,2134
2018-10-07 02:55,2123
2018-10-07 03:00,2124
2018-10-07 03:05,2118
2018-10-07 03:10,2127
2018-10-07 03:15,2115
2018-10-07 03:20,2088
2018-10-07 03:25,2078
2018-10-07 03:30,2048
2018-10-07 03:35,2040
2018-10-07 03:40,2032
2018-10-07 03:45,2030
2018-10-07 03:50,2007
2018-10-07 03:55,2010
2018-10-07 04:00,1977
2018-10-07 04:05,1968
2018-10-07 04:10,1957
2018-10-07 04:15,1929
2018-10-07 04:20,1912
2018-10-07 04:25,1918
2018-10-07 04:30,1923
2018-10-07 04:35,1918
2018-10-07 04:40,1897
2018-10-07 04:45,1901
2018-10-07 04:50,1890
2018-10-07 04:55,1873
2018-10-07 05:00,1865
2018-10-07 05:05,1844
2018-10-07 05:10,1834
2018-10-07 05:15,1831
2018-10-07 05:20,1834
2018-10-07 05:25,1842
2018-10-07 05:30,1853
2018-10-07 05:35,1850
2018-10-07 05:40,1835
2018-10-07 05:45,1846
2018-10-07 05:50,1837
2018-10-07 05:55,1839
2018-10-07 06:00,1850
2018-10-07 06:05,1863
2018-10-07 06:10,1861
2018-10-07 06:15,1860
2018-10-07 06:20,1852
2018-10-07 06:25,1864
2018-10-07 06:30,1885
2018-10-07 06:35,1894
2018-10-07 06:40,1882
2018-10-07 06:45,1901
2018-10-07 06:50,1908
2018-10-07 06:55,1921
2018-10-07 07:00,1913
2018-10-07 07:05,1946
2018-10-07 07:10,1930
2018-10-07 07:15,1949
2018-10-07 07:20,1958
2018-10-07 07:25,1977
2018-10-07 07:30,2001
2018-10-07 07:35,2011
2018-10-07 07:40,2033
2018-10-07 07:45,2049
2018-10-07 07:50,2084
2018-10-07 07:55,2074
2018-10-07 08:00,2096
2018-10-07 08:05,2113
2018-10-07 08:10,2142
2018-10-07 08:15,2130
2018-10-07 08:20,2162
2018-10-07 08:25,2166
2018-10-07 08:30,2170
2018-10-07 08:35,2209
2018-10-07 08:40,2226
2018-10-07 08:45,2251
2018-10-07 08:50,2295
2018-10-07 08:55,2311
2018-10-07 09:00,2333
2018-10-07 09:05,2352
2018-10-07 09:10,2367
2018-10-07 09:15,2383
2018-10-07 09:20,2406
2018-10-07 09:25,2430
2018-10-07 09:30,2447
2018-10-07 09:35,2461
2018-10-07 09:40,2459
2018-10-07 09:45,2494
2018-10-07 09:50,2494
2018-10-07 09:55,2497
2018-10-07 10:00,2559
2018-10-07 10:05,2605
2018-10-07 10:10,2620
2018-10-07 10:15,2657
2018-10-07 10:20,2661
2018-10-07 10:25,2700
2018-10-07 10:30,2706
2018-10-07 10:35,2702
2018-10-07 10:40,2713
2018-10-07 10:45,2715
2018-10-07 10:50,2734
2018-10-07 10:55,2758
2018-10-07 11:00,2785
2018-10-07 11:05,2786
2018-10-07 11:10,2796
2018-10-07 11:15,2812
2018-10-07 11:20,2843
2018-10-07 11:25,2842
2018-10-07 11:30,2851
2018-10-07 11:35,2861
2018-10-07 11:40,2881
2018-10-07 11:45,2901
2018-10-07 11:50,2898
2018-10-07 11:55,2914
2018-10-07 12:00,2920
2018-10-07 12:05,2934
2018-10-07 12:10,2949
2018-10-07 12:15,2982
2018-10-07 12:20,2986
2018-10-07 12:25,3015
2018-10-07 12:30,3034
2018-10-07 12:35,3079
2018-10-07 12:40,3076
2018-10-07 12:45,3109
2018-10-07 12:50,3124
2018-10-07 12:55,3154
2018-10-07 13:00,3169
2018-10-07 13:05,3185
2018-10-07 13:10,3177
2018-10-07 13:15,3187
2018-10-07 13:20,3225
2018-10-07 13:25,3229
2018-10-07 13:30,3233
2018-10-07 13:35,3277
2018-10-07 13:40,3278
2018-10-07 13:45,3300
2018-10-07 13:50,3308
2018-10-07 13:55,3343
2018-10-07 14:00,3354
2018-10-07 14:05,3363
2018-10-07 14:10,3368
2018-10-07 14:15,3394
2018-10-07 14:20,3399
2018-10-07 14:25,3386
2018-10-07 14:30,3429
2018-10-07 14:35,3470
2018-10-07 14:40,3451
2018-10-07 14:45,3483
2018-10-07 14:50,3482
2018-10-07 14:55,3471
2018-10-07 15:00,3472
2018-10-07 15:05,3450
2018-10-07 15:10,3449
2018-10-07 15:15,3486
2018-10-07 15:20,3491
2018-10-07 15:25,3529
2018-10-07 15:30,3562
2018-10-07 15:35,3559
2018-10-07 15:40,3551
2018-10-07 15:45,3508
2018-10-07 15:50,3546
2018-10-07 15:55,3569
2018-10-07 16:00,3579
2018-10-07 16:05,3533
2018-10-07 16:10,3555
2018-10-07 16:15,3580
2018-10-07 16:20,3627
2018-10-07 16:25,3682
2018-10-07 16:30,3690
2018-10-07 16:35,3713
2018-10-07 16:40,3734
2018-10-07 16:45,3745
2018-10-07 16:50,3749
2018-10-07 16:55,3745
2018-10-07 17:00,3766
2018-10-07 17:05,3754
2018-10-07 17:10,3778
2018-10-07 17:15,3802
2018-10-07 17:20,3784
2018-10-07 17:25,3784
2018-10-07 17:30,3787
2018-10-07 17:35,3790
2018-10-07 17:40,3815
2018-10-07 17:45,3851
2018-10-07 17:50,3833
2018-10-07 17:55,3849
2018-10-07 18:00,3886
2018-10-07 18:05,3893
2018-10-07 18:10,3879
2018-10-07 18:15,3877
2018-10-07 18:20,3854
2018-10-07 18:25,3852
2018-10-07 18:30,3883
2018-10-07 18:35,3898
2018-10-07 18:40,3893
2018-10-07 18:45,3884
2018-10-07 18:50,3853
2018-10-07 18:55,3865
2018-10-07 19:00,3871
2018-10-07 19:05,3880
2018-10-07 19:10,3871
2018-10-07 19:15,3875
2018-10-07 19:20,3879
2018-10-07 19:25,3881
2018-10-07 19:30,3864
2018-10-07 19:35,3862
2018-10-07 19:40,3835
2018-10-07 19:45,3802
2018-10-07 19:50,3752
2018-10-07 19:55,3706
2018-10-07 20:00,3571
2018-10-07 20:05,3376
2018-10-07 20:10,3432
2018-10-07 20:15,3447
2018-10-07 20:20,3440
2018-10-07 20:25,3474
2018-10-07 20:30,3432
2018-10-07 20:35,3399
2018-10-07 20:40,3398
2018-10-07 20:45,3369
2018-10-07 20:50,3350
2018-10-07 20:55,3340
2018-10-07 21:00,3296
2018-10-07 21:05,3256
2018-10-07 21:10,3238
2018-10-07 21:15,3219
2018-10-07 21:20,3204
2018-10-07 21:25,3210
2018-10-07 21:30,3175
2018-10-07 21:35,3175
2018-10-07 21:40,3131
2018-10-07 21:45,3113
2018-10-07 21:50,3057
2018-10-07 21:55,3022
2018-10-07 22:00,2986
2018-10-07 22:05,2931
2018-10-07 22:10,2890
2018-10-07 22:15,2848
2018-10-07 22:20,2842
2018-10-07 22:25,2797
2018-10-07 22:30,2772
2018-10-07 22:35,2726
2018-10-07 22:40,2700
2018-10-07 22:45,2671
2018-10-07 22:50,2639
2018-10-07 22:55,2607
2018-10-07 23:00,2589
2018-10-07 23:05,2570
2018-10-07 23:10,2536
2018-10-07 23:15,2527
2018-10-07 23:20,2501
2018-10-07 23:25,2460
2018-10-07 23:30,2442
2018-10-07 23:35,2426
2018-10-07 23:40,2408
2018-10-07 23:45,2384
2018-10-07 23:50,2373
2018-10-07 23:55,2377
2018-10-08 00:00,2386
2018-10-08 00:05,2364
2018-10-08 00:10,2343
2018-10-08 00:15,2334
2018-10-08 00:20,2329
2018-10-08 00:25,2297
2018-10-08 00:30,2266
2018-10-08 00:35,2263
2018-10-08 00:40,2254
2018-10-08 00:45,2265
2018-10-08 00:50,2264
2018-10-08 00:55,2248
2018-10-08 01:00,2257
2018-10-08 01:05,2231
2018-10-08 01:10,2227
2018-10-08 01:15,2222
2018-10-08 01:20,2227
2018-10-08 01:25,2189
2018-10-08 01:30,2193
2018-10-08 01:35,2178
2018-10-08 01:40,2174
2018-10-08 01:45,2156
2018-10-08 01:50,2140
2018-10-08 01:55,2125
2018-10-08 02:00,2113
2018-10-08 02:05,2096
2018-10-08 02:10,2082
2018-10-08 02:15,2083
2018-10-08 02:20,2060
2018-10-08 02:25,2057
2018-10-08 02:30,2032
2018-10-08 02:35,2022
2018-10-08 02:40,2026
2018-10-08 02:45,2019
2018-10-08 02:50,1978
2018-10-08 02:55,1956
2018-10-08 03:00,1949
2018-10-08 03:05,1937
2018-10-08 03:10,1907
2018-10-08 03:15,1884
2018-10-08 03:20,1872
2018-10-08 03:25,1877
2018-10-08 03:30,1860
2018-10-08 03:35,1844
2018-10-08 03:40,1821
2018-10-08 03:45,1805
2018-10-08 03:50,1825
2018-10-08 03:55,1800
2018-10-08 04:00,1784
2018-10-08 04:05,1770
2018-10-08 04:10,1754
2018-10-08 04:15,1740
2018-10-08 04:20,1717
2018-10-08 04:25,1688
2018-10-08 04:30,1694
2018-10-08 04:35,1683
2018-10-08 04:40,1666
2018-10-08 04:45,1660
2018-10-08 04:50,1648
2018-10-08 04:55,1629
2018-10-08 05:00,1621
2018-10-08 05:05,1608
2018-10-08 05:10,1611
2018-10-08 05:15,1617
2018-10-08 05:20,1625
2018-10-08 05:25,1604
2018-10-08 05:30,1587
2018-10-08 05:35,1562
2018-10-08 05:40,1553
2018-10-08 05:45,1539
2018-10-08 05:50,1552
2018-10-08 05:55,1542
2018-10-08 06:00,1541
2018-10-08 06:05,1532
2018-10-08 06:10,1533
2018-10-08 06:15,1520
2018-10-08 06:20,1506
2018-10-08 06:25,1494
2018-10-08 06:30,1501
2018-10-08 06:35,1508
2018-10-08 06:40,1485
2018-10-08 06:45,1485
2018-10-08 06:50,1473
2018-10-08 06:55,1465
2018-10-08 07:00,1476
2018-10-08 07:05,1458
2018-10-08 07:10,1456
2018-10-08 07:15,1470
2018-10-08 07:20,1459
2018-10-08 07:25,1469
2018-10-08 07:30,1472
2018-10-08 07:35,1482
2018-10-08 07:40,1460
2018-10-08 07:45,1468
2018-10-08 07:50,1492
2018-10-08 07:55,1496
2018-10-08 08:00,1481
2018-10-08 08:05,1497
2018-10-08 08:10,1487
2018-10-08 08:15,1490
2018-10-08 08:20,1510
2018-10-08 08:25,1520
2018-10-08 08:30,1530
2018-10-08 08:35,1539
2018-10-08 08:40,1566
2018-10-08 08:45,1572
2018-10-08 08:50,1572
2018-10-08 08:55,1579
2018-10-08 09:00,1585
2018-10-08 09:05,1591
2018-10-08 09:10,1594
2018-10-08 09:15,1605
2018-10-08 09:20,1641
2018-10-08 09:25,1648
2018-10-08 09:30,1652
2018-10-08 09:35,1664
2018-10-08 09:40,1664
2018-10-08 09:45,1680
2018-10-08 09:50,1686
2018-10-08 09:55,1713
2018-10-08 10:00,1738
2018-10-08 10:05,1780
2018-10-08 10:10,1760
2018-10-08 10:15,1806
2018-10-08 10:20,1810
2018-10-08 10:25,1810
2018-10-08 10:30,1864
2018-10-08 10:35,1881
2018-10-08 10:40,1900
2018-10-08 10:45,1916
2018-10-08 10:50,1943
2018-10-08 10:55,1963
2018-10-08 11:00,1993
2018-10-08 11:05,2006
2018-10-08 11:10,2006
2018-10-08 11:15,2018
2018-10-08 11:20,2037
2018-10-08 11:25,2060
2018-10-08 11:30,2074
2018-10-08 11:35,2100
2018-10-08 11:40,2082
2018-10-08 11:45,2086
2018-10-08 11:50,2130
2018-10-08 11:55,2134
2018-10-08 12:00,2159
2018-10-08 12:05,2173
2018-10-08 12:10,2167
2018-10-08 12:15,2160
2018-10-08 12:20,2160
2018-10-08 12:25,2193
2018-10-08 12:30,2216
2018-10-08 12:35,2223
2018-10-08 12:40,2257
2018-10-08 12:45,2260
2018-10-08 12:50,2280
2018-10-08 12:55,2288
2018-10-08 13:00,2296
2018-10-08 13:05,2296
2018-10-08 13:10,2301
2018-10-08 13:15,2332
2018-10-08 13:20,2332
2018-10-08 13:25,2366
2018-10-08 13:30,2399
2018-10-08 13:35,2399
2018-10-08 13:40,2424
2018-10-08 13:45,2443
2018-10-08 13:50,2443
2018-10-08 13:55,2480
2018-10-08 14:00,2481
2018-10-08 14:05,2490
2018-10-08 14:10,2506
2018-10-08 14:15,2527
2018-10-08 14:20,2527
2018-10-08 14:25,2554
2018-10-08 14:30,2579
2018-10-08 14:35,2620
2018-10-08 14:40,2620
2018-10-08 14:45,2635
2018-10-08 14:50,2636
2018-10-08 14:55,2668
2018-10-08 15:00,2709
2018-10-08 15:05,2709
2018-10-08 15:10,2726
2018-10-08 15:15,2758
2018-10-08 15:20,2758
2018-10-08 15:25,2789
2018-10-08 15:30,2845
2018-10-08 15:35,2845
2018-10-08 15:40,2931
2018-10-08 15:45,2956
2018-10-08 15:50,2956
2018-10-08 15:55,2992
2018-10-08 16:00,3024
2018-10-08 16:05,3024
2018-10-08 16:10,3052
2018-10-08 16:15,3086
2018-10-08 16:20,3086
2018-10-08 16:25,3108
2018-10-08 16:30,3150
2018-10-08 16:35,3150
2018-10-08 16:40,3166
2018-10-08 16:45,3208
2018-10-08 16:50,3208
2018-10-08 16:55,3275
2018-10-08 17:00,3283
2018-10-08 17:05,3283
2018-10-08 17:10,3333
2018-10-08 17:15,3333
2018-10-08 17:20,3393
2018-10-08 17:25,3428
2018-10-08 17:30,3419
2018-10-08 17:35,3412
2018-10-08 17:40,3434
2018-10-08 17:45,3442
2018-10-08 17:50,3442
2018-10-08 17:55,3466
2018-10-08 18:00,3481
2018-10-08 18:05,3481
2018-10-08 18:10,3528
2018-10-08 18:15,3528
2018-10-08 18:20,3521
2018-10-08 18:25,3518
2018-10-08 18:30,3531
2018-10-08 18:35,3531
2018-10-08 18:40,3548
2018-10-08 18:45,3548
2018-10-08 18:50,3556
2018-10-08 18:55,3558
2018-10-08 19:00,3565
2018-10-08 19:05,3565
2018-10-08 19:10,3554
2018-10-08 19:15,3547
2018-10-08 19:20,3535
2018-10-08 19:25,3508
2018-10-08 19:30,3535
2018-10-08 19:35,3530
2018-10-08 19:40,3519
2018-10-08 19:45,3500
2018-10-08 19:50,3493
2018-10-08 19:55,3460
2018-10-08 20:00,3427
2018-10-08 20:05,3405
2018-10-08 20:10,3391
2018-10-08 20:15,3327
2018-10-08 20:20,3328
2018-10-08 20:25,3285
2018-10-08 20:30,3250
2018-10-08 20:35,3196
2018-10-08 20:40,3188
2018-10-08 20:45,3187
2018-10-08 20:50,3148
2018-10-08 20:55,3131
2018-10-08 21:00,3071
2018-10-08 21:05,3071
2018-10-08 21:10,3009
2018-10-08 21:15,3009
2018-10-08 21:20,2953
2018-10-08 21:25,2936
2018-10-08 21:30,2900
2018-10-08 21:35,2853
2018-10-08 21:40,2830
2018-10-08 21:45,2809
2018-10-08 21:50,2763
2018-10-08 21:55,2738
2018-10-08 22:00,2717
2018-10-08 22:05,2690
2018-10-08 22:10,2649
2018-10-08 22:15,2643
2018-10-08 22:20,2633
2018-10-08 22:25,2611
2018-10-08 22:30,2604
2018-10-08 22:35,2597
2018-10-08 22:40,2556
2018-10-08 22:45,2541
2018-10-08 22:50,2530
2018-10-08 22:55,2485
2018-10-08 23:00,2449
2018-10-08 23:05,2440
2018-10-08 23:10,2421
2018-10-08 23:15,2421
2018-10-08 23:20,2440
2018-10-08 23:25,2401
2018-10-08 23:30,2397
2018-10-08 23:35,2385
2018-10-08 23:40,2360
2018-10-08 23:45,2364
2018-10-08 23:50,2328
2018-10-08 23:55,2320
2018-10-09 00:00,2314
2018-10-09 00:05,2295
2018-10-09 00:10,2304
2018-10-09 00:15,2297
2018-10-09 00:20,2293
2018-10-09 00:25,2307
2018-10-09 00:30,2297
2018-10-09 00:35,2275
2018-10-09 00:40,2268
2018-10-09 00:45,2243
2018-10-09 00:50,2221
2018-10-09 00:55,2210
2018-10-09 01:00,2204
2018-10-09 01:05,2211
2018-10-09 01:10,2180
2018-10-09 01:15,2178
2018-10-09 01:20,2167
2018-10-09 01:25,2145
2018-10-09 01:30,2142
2018-10-09 01:35,2127
2018-10-09 01:40,2132
2018-10-09 01:45,2102
2018-10-09 01:50,2108
2018-10-09 01:55,2094
2018-10-09 02:00,2059
2018-10-09 02:05,2044
2018-10-09 02:10,2032
2018-10-09 02:15,2014
2018-10-09 02:20,1998
2018-10-09 02:25,1983
2018-10-09 02:30,1947
2018-10-09 02:35,1938
2018-10-09 02:40,1907
2018-10-09 02:45,1907
2018-10-09 02:50,1921
2018-10-09 02:55,1888
2018-10-09 03:00,1884
2018-10-09 03:05,1844
2018-10-09 03:10,1813
2018-10-09 03:15,1785
2018-10-09 03:20,1771
2018-10-09 03:25,1735
2018-10-09 03:30,1722
2018-10-09 03:35,1669
2018-10-09 03:40,1669
2018-10-09 03:45,1648
2018-10-09 03:50,1624
2018-10-09 03:55,1617
2018-10-09 04:00,1592
2018-10-09 04:05,1567
2018-10-09 04:10,1555
2018-10-09 04:15,1539
2018-10-09 04:20,1521
2018-10-09 04:25,1528
2018-10-09 04:30,1501
2018-10-09 04:35,1482
2018-10-09 04:40,1483
2018-10-09 04:45,1465
2018-10-09 04:50,1439
2018-10-09 04:55,1422
2018-10-09 05:00,1401
2018-10-09 05:05,1397
2018-10-09 05:10,1395
2018-10-09 05:15,1392
2018-10-09 05:20,1409
2018-10-09 05:25,1393
2018-10-09 05:30,1399
2018-10-09 05:35,1390
2018-10-09 05:40,1386
2018-10-09 05:45,1400
2018-10-09 05:50,1408
2018-10-09 05:55,1399
2018-10-09 06:00,1399
2018-10-09 06:05,1402
2018-10-09 06:10,1401
2018-10-09 06:15,1404
2018-10-09 06:20,1388
2018-10-09 06:25,1387
2018-10-09 06:30,1386
2018-10-09 06:35,1398
2018-10-09 06:40,1380
2018-10-09 06:45,1376
2018-10-09 06:50,1380
2018-10-09 06:55,1389
2018-10-09 07:00,1391
2018-10-09 07:05,1387
2018-10-09 07:10,1375
2018-10-09 07:15,1392
2018-10-09 07:20,1401
2018-10-09 07:25,1390
2018-10-09 07:30,1413
2018-10-09 07:35,1416
2018-10-09 07:40,1411
2018-10-09 07:45,1411
2018-10-09 07:50,1416
2018-10-09 07:55,1414
2018-10-09 08:00,1414
2018-10-09 08:05,1418
2018-10-09 08:10,1438
2018-10-09 08:15,1437
2018-10-09 08:20,1429
2018-10-09 08:25,1439
2018-10-09 08:30,1445
2018-10-09 08:35,1455
2018-10-09 08:40,1463
2018-10-09 08:45,1473
2018-10-09 08:50,1483
2018-10-09 08:55,1481
2018-10-09 09:00,1512
2018-10-09 09:05,1519
2018-10-09 09:10,1537
2018-10-09 09:15,1558
2018-10-09 09:20,1561
2018-10-09 09:25,1584
2018-10-09 09:30,1607
2018-10-09 09:35,1610
2018-10-09 09:40,1613
2018-10-09 09:45,1613
2018-10-09 09:50,1624
2018-10-09 09:55,1645
2018-10-09 10:00,1653
2018-10-09 10:05,1680
2018-10-09 10:10,1707
2018-10-09 10:15,1725
2018-10-09 10:20,1732
2018-10-09 10:25,1741
2018-10-09 10:30,1743
2018-10-09 10:35,1775
2018-10-09 10:40,1760
2018-10-09 10:45,1797
2018-10-09 10:50,1834
2018-10-09 10:55,1847
2018-10-09 11:00,1859
2018-10-09 11:05,1876
2018-10-09 11:10,1874
2018-10-09 11:15,1876
2018-10-09 11:20,1880
2018-10-09 11:25,1909
2018-10-09 11:30,1927
2018-10-09 11:35,1950
2018-10-09 11:40,1966
2018-10-09 11:45,1984
2018-10-09 11:50,1993
2018-10-09 11:55,2005
2018-10-09 12:00,2015
2018-10-09 12:05,2022
2018-10-09 12:10,2020
2018-10-09 12:15,2040
2018-10-09 12:20,2061
2018-10-09 12:25,2063
2018-10-09 12:30,2071
2018-10-09 12:35,2084
2018-10-09 12:40,2108
2018-10-09 12:45,2130
2018-10-09 12:50,2143
2018-10-09 12:55,2140
2018-10-09 13:00,2125
2018-10-09 13:05,2124
2018-10-09 13:10,2143
2018-10-09 13:15,2148
2018-10-09 13:20,2150
2018-10-09 13:25,2159
2018-10-09 13:30,2177
2018-10-09 13:35,2184
2018-10-09 13:40,2215
2018-10-09 13:45,2229
2018-10-09 13:50,2242
2018-10-09 13:55,2263
2018-10-09 14:00,2280
2018-10-09 14:05,2305
2018-10-09 14:10,2313
2018-10-09 14:15,2354
2018-10-09 14:20,2339
2018-10-09 14:25,2355
2018-10-09 14:30,2379
2018-10-09 14:35,2399
2018-10-09 14:40,2417
2018-10-09 14:45,2422
2018-10-09 14:50,2443
2018-10-09 14:55,2460
2018-10-09 15:00,2449
2018-10-09 15:05,2464
2018-10-09 15:10,2485
2018-10-09 15:15,2523
2018-10-09 15:20,2563
2018-10-09 15:25,2596
2018-10-09 15:30,2635
2018-10-09 15:35,2626
2018-10-09 15:40,2633
2018-10-09 15:45,2669
2018-10-09 15:50,2700
2018-10-09 15:55,2693
2018-10-09 16:00,2703
2018-10-09 16:05,2695
2018-10-09 16:10,2702
2018-10-09 16:15,2716
2018-10-09 16:20,2728
2018-10-09 16:25,2768
2018-10-09 16:30,2771
2018-10-09 16:35,2827
2018-10-09 16:40,2847
2018-10-09 16:45,2877
2018-10-09 16:50,2907
2018-10-09 16:55,2930
2018-10-09 17:00,2946
2018-10-09 17:05,2970
2018-10-09 17:10,2972
2018-10-09 17:15,2955
2018-10-09 17:20,2973
2018-10-09 17:25,3000
2018-10-09 17:30,3014
2018-10-09 17:35,3045
2018-10-09 17:40,3075
2018-10-09 17:45,3102
2018-10-09 17:50,3116
2018-10-09 17:55,3142
2018-10-09 18:00,3200
2018-10-09 18:05,3229
2018-10-09 18:10,3200
2018-10-09 18:15,3195
2018-10-09 18:20,3189
2018-10-09 18:25,3194
2018-10-09 18:30,3180
2018-10-09 18:35,3205
2018-10-09 18:40,3207
2018-10-09 18:45,3240
2018-10-09 18:50,3226
2018-10-09 18:55,3239
2018-10-09 19:00,3235
2018-10-09 19:05,3216
2018-10-09 19:10,3209
2018-10-09 19:15,3234
2018-10-09 19:20,3248
2018-10-09 19:25,3243
2018-10-09 19:30,3217
2018-10-09 19:35,3253
2018-10-09 19:40,3245
2018-10-09 19:45,3220
2018-10-09 19:50,3200
2018-10-09 19:55,3195
2018-10-09 20:00,3164
2018-10-09 20:05,3144
2018-10-09 20:10,3117
2018-10-09 20:15,3084
2018-10-09 20:20,3050
2018-10-09 20:25,3012
2018-10-09 20:30,2993
2018-10-09 20:35,2940
2018-10-09 20:40,2910
2018-10-09 20:45,2933
2018-10-09 20:50,2917
2018-10-09 20:55,2886
2018-10-09 21:00,2840
2018-10-09 21:05,2771
2018-10-09 21:10,2725
2018-10-09 21:15,2688
2018-10-09 21:20,2674
2018-10-09 21:25,2657
2018-10-09 21:30,2617
2018-10-09 21:35,2613
2018-10-09 21:40,2569
2018-10-09 21:45,2527
2018-10-09 21:50,2491
2018-10-09 21:55,2464
2018-10-09 22:00,2431
2018-10-09 22:05,2391
2018-10-09 22:10,2392
2018-10-09 22:15,2376
2018-10-09 22:20,2367
2018-10-09 22:25,2322
2018-10-09 22:30,2323
2018-10-09 22:35,2290
2018-10-09 22:40,2282
2018-10-09 22:45,2256
2018-10-09 22:50,2243
2018-10-09 22:55,2226
2018-10-09 23:00,2209
2018-10-09 23:05,2186
2018-10-09 23:10,2157
2018-10-09 23:15,0
2018-10-09 23:20,708
2018-10-09 23:25,1647
2018-10-09 23:30,1988
2018-10-09 23:35,2079
2018-10-09 23:40,2074
2018-10-09 23:45,2073
2018-10-09 23:50,2066
2018-10-09 23:55,2064
2018-10-10 00:00,2034
2018-10-10 00:05,1998
2018-10-10 00:10,1988
2018-10-10 00:15,1969
2018-10-10 00:20,1974
2018-10-10 00:25,1980
2018-10-10 00:30,1977
2018-10-10 00:35,1969
2018-10-10 00:40,1961
2018-10-10 00:45,1964
2018-10-10 00:50,1962
2018-10-10 00:55,1979
2018-10-10 01:00,1984
2018-10-10 01:05,1997
2018-10-10 01:10,1993
2018-10-10 01:15,1979
2018-10-10 01:20,1993
2018-10-10 01:25,1977
2018-10-10 01:30,1978
2018-10-10 01:35,1970
2018-10-10 01:40,1974
2018-10-10 01:45,1964
2018-10-10 01:50,1954
2018-10-10 01:55,1949
2018-10-10 02:00,1924
2018-10-10 02:05,1909
2018-10-10 02:10,1877
2018-10-10 02:15,1903
2018-10-10 02:20,1853
2018-10-10 02:25,1855
2018-10-10 02:30,1849
2018-10-10 02:35,1831
2018-10-10 02:40,1818
2018-10-10 02:45,1808
2018-10-10 02:50,1787
2018-10-10 02:55,1783
2018-10-10 03:00,1760
2018-10-10 03:05,1728
2018-10-10 03:10,1723
2018-10-10 03:15,1704
2018-10-10 03:20,1693
2018-10-10 03:25,1691
2018-10-10 03:30,1681
2018-10-10 03:35,1671
2018-10-10 03:40,1659
2018-10-10 03:45,1626
2018-10-10 03:50,1611
2018-10-10 03:55,1583
2018-10-10 04:00,1563
2018-10-10 04:05,1548
2018-10-10 04:10,1526
2018-10-10 04:15,1478
2018-10-10 04:20,1481
2018-10-10 04:25,1485
2018-10-10 04:30,1484
2018-10-10 04:35,1478
2018-10-10 04:40,1436
2018-10-10 04:45,1419
2018-10-10 04:50,1411
2018-10-10 04:55,1409
2018-10-10 05:00,1402
2018-10-10 05:05,1387
2018-10-10 05:10,1377
2018-10-10 05:15,1349
2018-10-10 05:20,1321
2018-10-10 05:25,1306
2018-10-10 05:30,1301
2018-10-10 05:35,1281
2018-10-10 05:40,1272
2018-10-10 05:45,1261
2018-10-10 05:50,1251
2018-10-10 05:55,1259
2018-10-10 06:00,1248
2018-10-10 06:05,1256
2018-10-10 06:10,1256
2018-10-10 06:15,1249
2018-10-10 06:20,1268
2018-10-10 06:25,1260
2018-10-10 06:30,1259
2018-10-10 06:35,1257
2018-10-10 06:40,1266
2018-10-10 06:45,1244
2018-10-10 06:50,1254
2018-10-10 06:55,1272
2018-10-10 07:00,1283
2018-10-10 07:05,1286
2018-10-10 07:10,1293
2018-10-10 07:15,1292
2018-10-10 07:20,1291
2018-10-10 07:25,1310
2018-10-10 07:30,1282
2018-10-10 07:35,1288
2018-10-10 07:40,1290
2018-10-10 07:45,1287
2018-10-10 07:50,1302
2018-10-10 07:55,1314
2018-10-10 08:00,1323
2018-10-10 08:05,1328
2018-10-10 08:10,1319
2018-10-10 08:15,1324
2018-10-10 08:20,1347
2018-10-10 08:25,1341
2018-10-10 08:30,1325
2018-10-10 08:35,1340
2018-10-10 08:40,1357
2018-10-10 08:45,1360
2018-10-10 08:50,1367
2018-10-10 08:55,1350
2018-10-10 09:00,1363
2018-10-10 09:05,1361
2018-10-10 09:10,1375
2018-10-10 09:15,1403
2018-10-10 09:20,1427
2018-10-10 09:25,1434
2018-10-10 09:30,1450
2018-10-10 09:35,1423
2018-10-10 09:40,1455
2018-10-10 09:45,1486
2018-10-10 09:50,1502
2018-10-10 09:55,1511
2018-10-10 10:00,1548
2018-10-10 10:05,1579
2018-10-10 10:10,1588
2018-10-10 10:15,1600
2018-10-10 10:20,1633
2018-10-10 10:25,1644
2018-10-10 10:30,1661
2018-10-10 10:35,1675
2018-10-10 10:40,1699
2018-10-10 10:45,1724
2018-10-10 10:50,1729
2018-10-10 10:55,1753
2018-10-10 11:00,1756
2018-10-10 11:05,1741
2018-10-10 11:10,1765
2018-10-10 11:15,1797
2018-10-10 11:20,1792
2018-10-10 11:25,1800
2018-10-10 11:30,1820
2018-10-10 11:35,1833
2018-10-10 11:40,1832
2018-10-10 11:45,1846
2018-10-10 11:50,1841
2018-10-10 11:55,1844
2018-10-10 12:00,1870
2018-10-10 12:05,1859
2018-10-10 12:10,1883
2018-10-10 12:15,1895
2018-10-10 12:20,1936
2018-10-10 12:25,1965
2018-10-10 12:30,1982
2018-10-10 12:35,2004
2018-10-10 12:40,2000
2018-10-10 12:45,2028
2018-10-10 12:50,2035
2018-10-10 12:55,2049
2018-10-10 13:00,2064
2018-10-10 13:05,2071
2018-10-10 13:10,2089
2018-10-10 13:15,2093
2018-10-10 13:20,2085
2018-10-10 13:25,2075
2018-10-10 13:30,2113
2018-10-10 13:35,2114
2018-10-10 13:40,2134
2018-10-10 13:45,2149
2018-10-10 13:50,2153
2018-10-10 13:55,2183
2018-10-10 14:00,2189
2018-10-10 14:05,2200
2018-10-10 14:10,2198
2018-10-10 14:15,2221
2018-10-10 14:20,2234
2018-10-10 14:25,2238
2018-10-10 14:30,2284
2018-10-10 14:35,2270
2018-10-10 14:40,2287
2018-10-10 14:45,2306
2018-10-10 14:50,2332
2018-10-10 14:55,2338
2018-10-10 15:00,2348
2018-10-10 15:05,2352
2018-10-10 15:10,2381
2018-10-10 15:15,2424
2018-10-10 15:20,2452
2018-10-10 15:25,2459
2018-10-10 15:30,2472
2018-10-10 15:35,2507
2018-10-10 15:40,2524
2018-10-10 15:45,2540
2018-10-10 15:50,2535
2018-10-10 15:55,2575
2018-10-10 16:00,2584
2018-10-10 16:05,2574
2018-10-10 16:10,2609
2018-10-10 16:15,2610
2018-10-10 16:20,2620
2018-10-10 16:25,2625
2018-10-10 16:30,2644
2018-10-10 16:35,2689
2018-10-10 16:40,2724
2018-10-10 16:45,2745
2018-10-10 16:50,2772
2018-10-10 16:55,2808
2018-10-10 17:00,2807
2018-10-10 17:05,2834
2018-10-10 17:10,2833
2018-10-10 17:15,2842
2018-10-10 17:20,2872
2018-10-10 17:25,2882
2018-10-10 17:30,2917
2018-10-10 17:35,2907
2018-10-10 17:40,2910
2018-10-10 17:45,2928
2018-10-10 17:50,2936
2018-10-10 17:55,2921
2018-10-10 18:00,2971
2018-10-10 18:05,2975
2018-10-10 18:10,2999
2018-10-10 18:15,3019
2018-10-10 18:20,3054
2018-10-10 18:25,3071
2018-10-10 18:30,3085
2018-10-10 18:35,3103
2018-10-10 18:40,3101
2018-10-10 18:45,3105
2018-10-10 18:50,3096
2018-10-10 18:55,3092
2018-10-10 19:00,3089
2018-10-10 19:05,3075
2018-10-10 19:10,3085
2018-10-10 19:15,3092
2018-10-10 19:20,3094
2018-10-10 19:25,3089
2018-10-10 19:30,3081
2018-10-10 19:35,3064
2018-10-10 19:40,3037
2018-10-10 19:45,3008
2018-10-10 19:50,2989
2018-10-10 19:55,2959
2018-10-10 20:00,2961
2018-10-10 20:05,2919
2018-10-10 20:10,2930
2018-10-10 20:15,2900
2018-10-10 20:20,2868
2018-10-10 20:25,2851
2018-10-10 20:30,2806
2018-10-10 20:35,2791
2018-10-10 20:40,2759
2018-10-10 20:45,2731
2018-10-10 20:50,2704
2018-10-10 20:55,2715
2018-10-10 21:00,2672
2018-10-10 21:05,2667
2018-10-10 21:10,2633
2018-10-10 21:15,2616
2018-10-10 21:20,2568
2018-10-10 21:25,2549
2018-10-10 21:30,2507
2018-10-10 21:35,2496
2018-10-10 21:40,2469
2018-10-10 21:45,2429
2018-10-10 21:50,2403
2018-10-10 21:55,2362
2018-10-10 22:00,2320
2018-10-10 22:05,2292
2018-10-10 22:10,2280
2018-10-10 22:15,2265
2018-10-10 22:20,2246
2018-10-10 22:25,2238
2018-10-10 22:30,2196
2018-10-10 22:35,2171
2018-10-10 22:40,2159
2018-10-10 22:45,0
2018-10-10 22:50,2116
2018-10-10 22:55,2105
2018-10-10 23:00,2067
2018-10-10 23:05,2037
2018-10-10 23:10,2017
2018-10-10 23:15,1993
2018-10-10 23:20,1995
2018-10-10 23:25,1984
2018-10-10 23:30,1952
2018-10-10 23:35,1953
2018-10-10 23:40,1969
2018-10-10 23:45,1938
2018-10-10 23:50,1934
2018-10-10 23:55,1942
2018-10-11 00:00,1963
2018-10-11 00:05,1964
2018-10-11 00:10,1931
2018-10-11 00:15,1927
2018-10-11 00:20,1905
2018-10-11 00:25,1902
2018-10-11 00:30,1899
2018-10-11 00:35,1902
2018-10-11 00:40,1912
2018-10-11 00:45,1892
2018-10-11 00:50,1904
2018-10-11 00:55,1885
2018-10-11 01:00,1899
2018-10-11 01:05,1905
2018-10-11 01:10,1888
2018-10-11 01:15,1884
2018-10-11 01:20,1874
2018-10-11 01:25,1865
2018-10-11 01:30,1856
2018-10-11 01:35,1834
2018-10-11 01:40,1812
2018-10-11 01:45,1797
2018-10-11 01:50,1781
2018-10-11 01:55,1772
2018-10-11 02:00,1759
2018-10-11 02:05,1775
2018-10-11 02:10,1727
2018-10-11 02:15,1717
2018-10-11 02:20,1697
2018-10-11 02:25,1677
2018-10-11 02:30,1666
2018-10-11 02:35,1657
2018-10-11 02:40,1661
2018-10-11 02:45,1683
2018-10-11 02:50,1666
2018-10-11 02:55,1667
2018-10-11 03:00,1677
2018-10-11 03:05,1638
2018-10-11 03:10,1640
2018-10-11 03:15,1649
2018-10-11 03:20,1622
2018-10-11 03:25,1621
2018-10-11 03:30,1626
2018-10-11 03:35,1598
2018-10-11 03:40,1587
2018-10-11 03:45,1602
2018-10-11 03:50,1580
2018-10-11 03:55,1572
2018-10-11 04:00,1549
2018-10-11 04:05,1527
2018-10-11 04:10,1509
2018-10-11 04:15,1500
2018-10-11 04:20,1481
2018-10-11 04:25,1482
2018-10-11 04:30,1489
2018-10-11 04:35,1483
2018-10-11 04:40,1461
2018-10-11 04:45,1426
2018-10-11 04:50,1395
2018-10-11 04:55,1394
2018-10-11 05:00,1394
2018-10-11 05:05,1381
2018-10-11 05:10,1345
2018-10-11 05:15,1320
2018-10-11 05:20,1326
2018-10-11 05:25,1317
2018-10-11 05:30,1338
2018-10-11 05:35,1335
2018-10-11 05:40,1332
2018-10-11 05:45,1321
2018-10-11 05:50,1317
2018-10-11 05:55,1310
2018-10-11 06:00,1309
2018-10-11 06:05,1299
2018-10-11 06:10,1294
2018-10-11 06:15,1280
2018-10-11 06:20,1262
2018-10-11 06:25,1264
2018-10-11 06:30,1267
2018-10-11 06:35,1263
2018-10-11 06:40,1267
2018-10-11 06:45,1270
2018-10-11 06:50,1285
2018-10-11 06:55,1259
2018-10-11 07:00,1276
2018-10-11 07:05,1274
2018-10-11 07:10,1283
2018-10-11 07:15,1277
2018-10-11 07:20,1269
2018-10-11 07:25,1273
2018-10-11 07:30,1272
2018-10-11 07:35,1257
2018-10-11 07:40,1274
2018-10-11 07:45,1298
2018-10-11 07:50,1307
2018-10-11 07:55,1308
2018-10-11 08:00,1316
2018-10-11 08:05,1319
2018-10-11 08:10,1328
2018-10-11 08:15,1335
2018-10-11 08:20,1353
2018-10-11 08:25,1347
2018-10-11 08:30,1360
2018-10-11 08:35,1373
2018-10-11 08:40,1397
2018-10-11 08:45,1375
2018-10-11 08:50,1377
2018-10-11 08:55,1404
2018-10-11 09:00,1426
2018-10-11 09:05,1413
2018-10-11 09:10,1422
2018-10-11 09:15,1457
2018-10-11 09:20,1456
2018-10-11 09:25,1462
2018-10-11 09:30,1471
2018-10-11 09:35,1496
2018-10-11 09:40,1509
2018-10-11 09:45,1520
2018-10-11 09:50,1545
2018-10-11 09:55,1541
2018-10-11 10:00,1571
2018-10-11 10:05,1590
2018-10-11 10:10,1583
2018-10-11 10:15,1616
2018-10-11 10:20,1637
2018-10-11 10:25,1645
2018-10-11 10:30,1659
2018-10-11 10:35,1672
2018-10-11 10:40,1663
2018-10-11 10:45,1678
2018-10-11 10:50,1707
2018-10-11 10:55,1717
2018-10-11 11:00,1706
2018-10-11 11:05,1702
2018-10-11 11:10,1730
2018-10-11 11:15,1743
2018-10-11 11:20,1736
2018-10-11 11:25,1756
2018-10-11 11:30,1743
2018-10-11 11:35,1757
2018-10-11 11:40,1767
2018-10-11 11:45,1780
2018-10-11 11:50,1784
2018-10-11 11:55,1793
2018-10-11 12:00,1816
2018-10-11 12:05,1831
2018-10-11 12:10,1824
2018-10-11 12:15,1818
2018-10-11 12:20,1836
2018-10-11 12:25,1844
2018-10-11 12:30,1849
2018-10-11 12:35,1844
2018-10-11 12:40,1860
2018-10-11 12:45,1882
2018-10-11 12:50,1903
2018-10-11 12:55,1897
2018-10-11 13:00,1916
2018-10-11 13:05,1912
2018-10-11 13:10,1915
2018-10-11 13:15,1947
2018-10-11 13:20,1959
2018-10-11 13:25,1971
2018-10-11 13:30,1967
2018-10-11 13:35,1957
2018-10-11 13:40,1961
2018-10-11 13:45,1934
2018-10-11 13:50,1908
2018-10-11 13:55,1886
2018-10-11 14:00,1789
2018-10-11 14:05,1473
2018-10-11 14:10,1190
2018-10-11 14:15,1163
2018-10-11 14:20,1172
2018-10-11 14:25,1185
2018-10-11 14:30,1188
2018-10-11 14:35,1187
2018-10-11 14:40,1190
2018-10-11 14:45,1183
2018-10-11 14:50,1180
2018-10-11 14:55,1199
2018-10-11 15:00,1226
2018-10-11 15:05,1245
2018-10-11 15:10,1278
2018-10-11 15:15,1304
2018-10-11 15:20,1311
2018-10-11 15:25,1332
2018-10-11 15:30,1345
2018-10-11 15:35,1515
2018-10-11 15:40,1630
2018-10-11 15:45,1744
2018-10-11 15:50,1866
2018-10-11 15:55,1971
2018-10-11 16:00,2026
2018-10-11 16:05,2129
2018-10-11 16:10,2271
2018-10-11 16:15,2388
2018-10-11 16:20,2488
2018-10-11 16:25,2548
2018-10-11 16:30,2613
2018-10-11 16:35,2646
2018-10-11 16:40,2700
2018-10-11 16:45,2739
2018-10-11 16:50,2787
2018-10-11 16:55,2845
2018-10-11 17:00,2846
2018-10-11 17:05,2889
2018-10-11 17:10,2913
2018-10-11 17:15,2931
2018-10-11 17:20,2980
2018-10-11 17:25,3004
2018-10-11 17:30,3023
2018-10-11 17:35,3038
2018-10-11 17:40,3079
2018-10-11 17:45,3079
2018-10-11 17:50,3096
2018-10-11 17:55,3111
2018-10-11 18:00,3113
2018-10-11 18:05,3160
2018-10-11 18:10,3173
2018-10-11 18:15,3191
2018-10-11 18:20,3193
2018-10-11 18:25,3198
2018-10-11 18:30,3219
2018-10-11 18:35,3232
2018-10-11 18:40,3242
2018-10-11 18:45,3226
2018-10-11 18:50,3239
2018-10-11 18:55,3264
2018-10-11 19:00,3262
2018-10-11 19:05,3243
2018-10-11 19:10,3251
2018-10-11 19:15,3229
2018-10-11 19:20,3231
2018-10-11 19:25,3225
2018-10-11 19:30,3207
2018-10-11 19:35,3206
2018-10-11 19:40,3233
2018-10-11 19:45,3233
2018-10-11 19:50,3210
2018-10-11 19:55,3209
2018-10-11 20:00,3201
2018-10-11 20:05,3159
2018-10-11 20:10,3121
2018-10-11 20:15,3104
2018-10-11 20:20,3072
2018-10-11 20:25,3056
2018-10-11 20:30,3010
2018-10-11 20:35,2988
2018-10-11 20:40,2933
2018-10-11 20:45,2907
2018-10-11 20:50,2882
2018-10-11 20:55,2856
2018-10-11 21:00,2821
2018-10-11 21:05,2779
2018-10-11 21:10,2755
2018-10-11 21:15,2702
2018-10-11 21:20,2665
2018-10-11 21:25,2642
2018-10-11 21:30,2611
2018-10-11 21:35,2598
2018-10-11 21:40,2559
2018-10-11 21:45,2532
2018-10-11 21:50,2525
2018-10-11 21:55,2500
2018-10-11 22:00,2492
2018-10-11 22:05,2451
2018-10-11 22:10,2411
2018-10-11 22:15,2402
2018-10-11 22:20,2365
2018-10-11 22:25,2343
2018-10-11 22:30,2321
2018-10-11 22:35,2289
2018-10-11 22:40,2261
2018-10-11 22:45,2242
2018-10-11 22:50,2224
2018-10-11 22:55,2210
2018-10-11 23:00,2182
2018-10-11 23:05,2162
2018-10-11 23:10,2121
2018-10-11 23:15,2125
2018-10-11 23:20,2097
2018-10-11 23:25,2079
2018-10-11 23:30,2071
2018-10-11 23:35,2067
2018-10-11 23:40,2043
2018-10-11 23:45,2037
2018-10-11 23:50,2045
2018-10-11 23:55,2034
2018-10-12 00:00,2038
2018-10-12 00:05,2023
2018-10-12 00:10,1963
2018-10-12 00:15,1956
2018-10-12 00:20,1941
2018-10-12 00:25,1927
2018-10-12 00:30,1934
2018-10-12 00:35,1952
2018-10-12 00:40,1927
2018-10-12 00:45,1906
2018-10-12 00:50,1925
2018-10-12 00:55,1925
2018-10-12 01:00,1909
2018-10-12 01:05,1890
2018-10-12 01:10,1901
2018-10-12 01:15,1913
2018-10-12 01:20,1932
2018-10-12 01:25,1927
2018-10-12 01:30,1919
2018-10-12 01:35,1933
2018-10-12 01:40,1940
2018-10-12 01:45,1944
2018-10-12 01:50,1946
2018-10-12 01:55,1927
2018-10-12 02:00,1928
2018-10-12 02:05,1907
2018-10-12 02:10,1925
2018-10-12 02:15,1922
2018-10-12 02:20,1910
2018-10-12 02:25,1918
2018-10-12 02:30,1885
2018-10-12 02:35,1858
2018-10-12 02:40,1838
2018-10-12 02:45,1827
2018-10-12 02:50,1826
2018-10-12 02:55,1822
2018-10-12 03:00,1786
2018-10-12 03:05,1789
2018-10-12 03:10,1765
2018-10-12 03:15,1767
2018-10-12 03:20,1740
2018-10-12 03:25,1735
2018-10-12 03:30,1713
2018-10-12 03:35,1712
2018-10-12 03:40,1705
2018-10-12 03:45,1711
2018-10-12 03:50,1714
2018-10-12 03:55,1690
2018-10-12 04:00,1679
2018-10-12 04:05,1658
2018-10-12 04:10,1649
2018-10-12 04:15,1623
2018-10-12 04:20,1608
2018-10-12 04:25,1597
2018-10-12 04:30,1561
2018-10-12 04:35,1581
2018-10-12 04:40,1558
2018-10-12 04:45,1532
2018-10-12 04:50,1534
2018-10-12 04:55,1503
2018-10-12 05:00,1480
2018-10-12 05:05,1457
2018-10-12 05:10,1435
2018-10-12 05:15,1422
2018-10-12 05:20,1425
2018-10-12 05:25,1418
2018-10-12 05:30,1422
2018-10-12 05:35,1412
2018-10-12 05:40,1398
2018-10-12 05:45,1389
2018-10-12 05:50,1378
2018-10-12 05:55,1401
2018-10-12 06:00,1415
2018-10-12 06:05,1412
2018-10-12 06:10,1404
2018-10-12 06:15,1407
2018-10-12 06:20,1433
2018-10-12 06:25,1436
2018-10-12 06:30,1434
2018-10-12 06:35,1415
2018-10-12 06:40,1394
2018-10-12 06:45,1382
2018-10-12 06:50,1376
2018-10-12 06:55,1383
2018-10-12 07:00,1379
2018-10-12 07:05,1392
2018-10-12 07:10,1396
2018-10-12 07:15,1402
2018-10-12 07:20,1409
2018-10-12 07:25,1409
2018-10-12 07:30,1403
2018-10-12 07:35,1395
2018-10-12 07:40,1409
2018-10-12 07:45,1434
2018-10-12 07:50,1458
2018-10-12 07:55,1451
2018-10-12 08:00,1456
2018-10-12 08:05,1463
2018-10-12 08:10,1463
2018-10-12 08:15,1458
2018-10-12 08:20,1467
2018-10-12 08:25,1482
2018-10-12 08:30,1486
2018-10-12 08:35,1524
2018-10-12 08:40,1541
2018-10-12 08:45,1560
2018-10-12 08:50,1567
2018-10-12 08:55,1572
2018-10-12 09:00,1588
2018-10-12 09:05,1568
2018-10-12 09:10,1567
2018-10-12 09:15,1573
2018-10-12 09:20,1586
2018-10-12 09:25,1614
2018-10-12 09:30,1627
2018-10-12 09:35,1613
2018-10-12 09:40,1621
2018-10-12 09:45,1637
2018-10-12 09:50,1662
2018-10-12 09:55,1666
2018-10-12 10:00,1680
2018-10-12 10:05,1717
2018-10-12 10:10,1726
2018-10-12 10:15,1742
2018-10-12 10:20,1771
2018-10-12 10:25,1766
2018-10-12 10:30,1778
2018-10-12 10:35,1779
2018-10-12 10:40,1806
2018-10-12 10:45,1832
2018-10-12 10:50,1854
2018-10-12 10:55,1876
2018-10-12 11:00,1891
2018-10-12 11:05,1907
2018-10-12 11:10,1929
2018-10-12 11:15,1947
2018-10-12 11:20,1961
2018-10-12 11:25,1968
2018-10-12 11:30,1995
2018-10-12 11:35,1993
2018-10-12 11:40,2024
2018-10-12 11:45,2039
2018-10-12 11:50,2048
2018-10-12 11:55,2034
2018-10-12 12:00,2065
2018-10-12 12:05,2069
2018-10-12 12:10,2080
2018-10-12 12:15,2097
2018-10-12 12:20,2102
2018-10-12 12:25,2110
2018-10-12 12:30,2141
2018-10-12 12:35,2165
2018-10-12 12:40,2188
2018-10-12 12:45,2200
2018-10-12 12:50,2212
2018-10-12 12:55,2217
2018-10-12 13:00,2229
2018-10-12 13:05,2265
2018-10-12 13:10,2274
2018-10-12 13:15,2292
2018-10-12 13:20,2287
2018-10-12 13:25,2318
2018-10-12 13:30,2317
2018-10-12 13:35,2346
2018-10-12 13:40,2367
2018-10-12 13:45,2396
2018-10-12 13:50,2416
2018-10-12 13:55,2451
2018-10-12 14:00,2494
2018-10-12 14:05,2507
2018-10-12 14:10,2532
2018-10-12 14:15,2560
2018-10-12 14:20,2560
2018-10-12 14:25,2571
2018-10-12 14:30,2597
2018-10-12 14:35,2593
2018-10-12 14:40,2626
2018-10-12 14:45,2623
2018-10-12 14:50,2649
2018-10-12 14:55,2633
2018-10-12 15:00,2660
2018-10-12 15:05,2681
2018-10-12 15:10,2701
2018-10-12 15:15,2702
2018-10-12 15:20,2727
2018-10-12 15:25,2748
2018-10-12 15:30,2787
2018-10-12 15:35,2798
2018-10-12 15:40,2807
2018-10-12 15:45,2820
2018-10-12 15:50,2855
2018-10-12 15:55,2877
2018-10-12 16:00,2870
2018-10-12 16:05,2884
2018-10-12 16:10,2911
2018-10-12 16:15,2951
2018-10-12 16:20,2948
2018-10-12 16:25,2954
2018-10-12 16:30,2975
2018-10-12 16:35,2984
2018-10-12 16:40,2982
2018-10-12 16:45,3029
2018-10-12 16:50,3043
2018-10-12 16:55,3045
2018-10-12 17:00,3019
2018-10-12 17:05,3053
2018-10-12 17:10,3078
2018-10-12 17:15,3116
2018-10-12 17:20,3120
2018-10-12 17:25,3158
2018-10-12 17:30,3193
2018-10-12 17:35,3205
2018-10-12 17:40,3204
2018-10-12 17:45,3214
2018-10-12 17:50,3219
2018-10-12 17:55,3242
2018-10-12 18:00,3228
2018-10-12 18:05,3247
2018-10-12 18:10,3246
2018-10-12 18:15,3224
2018-10-12 18:20,3203
2018-10-12 18:25,3221
2018-10-12 18:30,3224
2018-10-12 18:35,3229
2018-10-12 18:40,3248
2018-10-12 18:45,3253
2018-10-12 18:50,3281
2018-10-12 18:55,3256
2018-10-12 19:00,3284
2018-10-12 19:05,3284
2018-10-12 19:10,3284
2018-10-12 19:15,3293
2018-10-12 19:20,3311
2018-10-12 19:25,3308
2018-10-12 19:30,3326
2018-10-12 19:35,3312
2018-10-12 19:40,3282
2018-10-12 19:45,3279
2018-10-12 19:50,3287
2018-10-12 19:55,3271
2018-10-12 20:00,3247
2018-10-12 20:05,3246
2018-10-12 20:10,3235
2018-10-12 20:15,3202
2018-10-12 20:20,3207
2018-10-12 20:25,3189
2018-10-12 20:30,3163
2018-10-12 20:35,3148
2018-10-12 20:40,3131
2018-10-12 20:45,3140
2018-10-12 20:50,3131
2018-10-12 20:55,3099
2018-10-12 21:00,3096
2018-10-12 21:05,3057
2018-10-12 21:10,3073
2018-10-12 21:15,3064
2018-10-12 21:20,3011
2018-10-12 21:25,2993
2018-10-12 21:30,2972
2018-10-12 21:35,2938
2018-10-12 21:40,2932
2018-10-12 21:45,2907
2018-10-12 21:50,2879
2018-10-12 21:55,2862
2018-10-12 22:00,2828
2018-10-12 22:05,2809
2018-10-12 22:10,2780
2018-10-12 22:15,2772
2018-10-12 22:20,2760
2018-10-12 22:25,2697
2018-10-12 22:30,2679
2018-10-12 22:35,2624
2018-10-12 22:40,2581
2018-10-12 22:45,2567
2018-10-12 22:50,2541
2018-10-12 22:55,2533
2018-10-12 23:00,2532
2018-10-12 23:05,2492
2018-10-12 23:10,2462
2018-10-12 23:15,2456
2018-10-12 23:20,2426
2018-10-12 23:25,2417
2018-10-12 23:30,2424
2018-10-12 23:35,2418
2018-10-12 23:40,2412
2018-10-12 23:45,2396
2018-10-12 23:50,2372
2018-10-12 23:55,2362
2018-10-13 00:00,2361
2018-10-13 00:05,2364
2018-10-13 00:10,2336
2018-10-13 00:15,2316
2018-10-13 00:20,2300
2018-10-13 00:25,2263
2018-10-13 00:30,2255
2018-10-13 00:35,2252
2018-10-13 00:40,2249
2018-10-13 00:45,2231
2018-10-13 00:50,2206
2018-10-13 00:55,2197
2018-10-13 01:00,2187
2018-10-13 01:05,2166
2018-10-13 01:10,2163
2018-10-13 01:15,2141
2018-10-13 01:20,2150
2018-10-13 01:25,2136
2018-10-13 01:30,2133
2018-10-13 01:35,2103
2018-10-13 01:40,2105
2018-10-13 01:45,2113
2018-10-13 01:50,2098
2018-10-13 01:55,2069
2018-10-13 02:00,2074
2018-10-13 02:05,2092
2018-10-13 02:10,2110
2018-10-13 02:15,2097
2018-10-13 02:20,2091
2018-10-13 02:25,2088
2018-10-13 02:30,2066
2018-10-13 02:35,2072
2018-10-13 02:40,2067
2018-10-13 02:45,2057
2018-10-13 02:50,2059
2018-10-13 02:55,2030
2018-10-13 03:00,2004
2018-10-13 03:05,1988
2018-10-13 03:10,1974
2018-10-13 03:15,1964
2018-10-13 03:20,1957
2018-10-13 03:25,1956
2018-10-13 03:30,1938
2018-10-13 03:35,1905
2018-10-13 03:40,1888
2018-10-13 03:45,1864
2018-10-13 03:50,1851
2018-10-13 03:55,1838
2018-10-13 04:00,1826
2018-10-13 04:05,1809
2018-10-13 04:10,1821
2018-10-13 04:15,1823
2018-10-13 04:20,1816
2018-10-13 04:25,1795
2018-10-13 04:30,1801
2018-10-13 04:35,1767
2018-10-13 04:40,1767
2018-10-13 04:45,1757
2018-10-13 04:50,1755
2018-10-13 04:55,1760
2018-10-13 05:00,1745
2018-10-13 05:05,1717
2018-10-13 05:10,1700
2018-10-13 05:15,1705
2018-10-13 05:20,1721
2018-10-13 05:25,1727
2018-10-13 05:30,1719
2018-10-13 05:35,1706
2018-10-13 05:40,1702
2018-10-13 05:45,1708
2018-10-13 05:50,1696
2018-10-13 05:55,1700
2018-10-13 06:00,1711
2018-10-13 06:05,1704
2018-10-13 06:10,1732
2018-10-13 06:15,1708
2018-10-13 06:20,1719
2018-10-13 06:25,1719
2018-10-13 06:30,1731
2018-10-13 06:35,1736
2018-10-13 06:40,1732
2018-10-13 06:45,1733
2018-10-13 06:50,1748
2018-10-13 06:55,1757
2018-10-13 07:00,1784
2018-10-13 07:05,1784
2018-10-13 07:10,1775
2018-10-13 07:15,1813
2018-10-13 07:20,1821
2018-10-13 07:25,1839
2018-10-13 07:30,1826
2018-10-13 07:35,1830
2018-10-13 07:40,1832
2018-10-13 07:45,1831
2018-10-13 07:50,1843
2018-10-13 07:55,1865
2018-10-13 08:00,1874
2018-10-13 08:05,1890
2018-10-13 08:10,1883
2018-10-13 08:15,1911
2018-10-13 08:20,1937
2018-10-13 08:25,1951
2018-10-13 08:30,1969
2018-10-13 08:35,1965
2018-10-13 08:40,1962
2018-10-13 08:45,2014
2018-10-13 08:50,2038
2018-10-13 08:55,2055
2018-10-13 09:00,2079
2018-10-13 09:05,2087
2018-10-13 09:10,2106
2018-10-13 09:15,2138
2018-10-13 09:20,2169
2018-10-13 09:25,2187
2018-10-13 09:30,2180
2018-10-13 09:35,2193
2018-10-13 09:40,2206
2018-10-13 09:45,2238
2018-10-13 09:50,2258
2018-10-13 09:55,2272
2018-10-13 10:00,2278
2018-10-13 10:05,2329
2018-10-13 10:10,2385
2018-10-13 10:15,2407
2018-10-13 10:20,2408
2018-10-13 10:25,2431
2018-10-13 10:30,2426
2018-10-13 10:35,2453
2018-10-13 10:40,2489
2018-10-13 10:45,2484
2018-10-13 10:50,2496
2018-10-13 10:55,2505
2018-10-13 11:00,2507
2018-10-13 11:05,2518
2018-10-13 11:10,2534
2018-10-13 11:15,2553
2018-10-13 11:20,2584
2018-10-13 11:25,2612
2018-10-13 11:30,2630
2018-10-13 11:35,2644
2018-10-13 11:40,2690
2018-10-13 11:45,2675
2018-10-13 11:50,2677
2018-10-13 11:55,2689
2018-10-13 12:00,2690
2018-10-13 12:05,2709
2018-10-13 12:10,2728
2018-10-13 12:15,2722
2018-10-13 12:20,2720
2018-10-13 12:25,2735
2018-10-13 12:30,2747
2018-10-13 12:35,2788
2018-10-13 12:40,2795
2018-10-13 12:45,2812
2018-10-13 12:50,2843
2018-10-13 12:55,2857
2018-10-13 13:00,2883
2018-10-13 13:05,2915
2018-10-13 13:10,2940
2018-10-13 13:15,2954
2018-10-13 13:20,2977
2018-10-13 13:25,2981
2018-10-13 13:30,2996
2018-10-13 13:35,3002
2018-10-13 13:40,3014
2018-10-13 13:45,3032
2018-10-13 13:50,3038
2018-10-13 13:55,3048
2018-10-13 14:00,3066
2018-10-13 14:05,3070
2018-10-13 14:10,3088
2018-10-13 14:15,3103
2018-10-13 14:20,3152
2018-10-13 14:25,3152
2018-10-13 14:30,3162
2018-10-13 14:35,3187
2018-10-13 14:40,3204
2018-10-13 14:45,3240
2018-10-13 14:50,3260
2018-10-13 14:55,3295
2018-10-13 15:00,3292
2018-10-13 15:05,3317
2018-10-13 15:10,3310
2018-10-13 15:15,3336
2018-10-13 15:20,3341
2018-10-13 15:25,3388
2018-10-13 15:30,3429
2018-10-13 15:35,3444
2018-10-13 15:40,3449
2018-10-13 15:45,3461
2018-10-13 15:50,3463
2018-10-13 15:55,3477
2018-10-13 16:00,3485
2018-10-13 16:05,3455
2018-10-13 16:10,3458
2018-10-13 16:15,3482
2018-10-13 16:20,3468
2018-10-13 16:25,3491
2018-10-13 16:30,3519
2018-10-13 16:35,3516
2018-10-13 16:40,3545
2018-10-13 16:45,3555
2018-10-13 16:50,3544
2018-10-13 16:55,3568
2018-10-13 17:00,3607
2018-10-13 17:05,0
2018-10-13 17:10,0
2018-10-13 17:15,0
2018-10-13 17:20,0
2018-10-13 17:25,0
2018-10-13 17:30,3622
2018-10-13 17:35,3636
2018-10-13 17:40,3622
2018-10-13 17:45,3648
2018-10-13 17:50,3626
2018-10-13 17:55,3633
2018-10-13 18:00,3632
2018-10-13 18:05,3640
2018-10-13 18:10,3659
2018-10-13 18:15,3640
2018-10-13 18:20,3652
2018-10-13 18:25,3627
2018-10-13 18:30,3644
2018-10-13 18:35,3662
2018-10-13 18:40,3666
2018-10-13 18:45,3648
2018-10-13 18:50,3655
2018-10-13 18:55,3659
2018-10-13 19:00,3668
2018-10-13 19:05,3670
2018-10-13 19:10,3674
2018-10-13 19:15,3630
2018-10-13 19:20,3668
2018-10-13 19:25,3690
2018-10-13 19:30,3706
2018-10-13 19:35,3724
2018-10-13 19:40,3714
2018-10-13 19:45,3695
2018-10-13 19:50,3695
2018-10-13 19:55,3711
2018-10-13 20:00,3685
2018-10-13 20:05,3682
2018-10-13 20:10,3654
2018-10-13 20:15,3624
2018-10-13 20:20,3617
2018-10-13 20:25,3584
2018-10-13 20:30,3565
2018-10-13 20:35,3552
2018-10-13 20:40,3545
2018-10-13 20:45,3524
2018-10-13 20:50,3509
2018-10-13 20:55,3469
2018-10-13 21:00,3421
2018-10-13 21:05,3396
2018-10-13 21:10,3410
2018-10-13 21:15,3389
2018-10-13 21:20,3367
2018-10-13 21:25,3372
2018-10-13 21:30,3364
2018-10-13 21:35,3348
2018-10-13 21:40,3280
2018-10-13 21:45,3233
2018-10-13 21:50,3238
2018-10-13 21:55,3184
2018-10-13 22:00,3152
2018-10-13 22:05,3123
2018-10-13 22:10,3100
2018-10-13 22:15,3064
2018-10-13 22:20,3027
2018-10-13 22:25,2971
2018-10-13 22:30,2952
2018-10-13 22:35,2915
2018-10-13 22:40,2888
2018-10-13 22:45,2881
2018-10-13 22:50,2861
2018-10-13 22:55,2824
2018-10-13 23:00,2820
2018-10-13 23:05,2784
2018-10-13 23:10,2752
2018-10-13 23:15,2725
2018-10-13 23:20,2728
2018-10-13 23:25,2713
2018-10-13 23:30,2687
2018-10-13 23:35,2657
2018-10-13 23:40,2650
2018-10-13 23:45,2623
2018-10-13 23:50,2593
2018-10-13 23:55,2573
2018-10-14 00:00,2554
2018-10-14 00:05,2533
2018-10-14 00:10,2519
2018-10-14 00:15,2490
2018-10-14 00:20,2466
2018-10-14 00:25,2441
2018-10-14 00:30,2441
2018-10-14 00:35,2449
2018-10-14 00:40,2447
2018-10-14 00:45,2456
2018-10-14 00:50,2432
2018-10-14 00:55,2437
2018-10-14 01:00,2401
2018-10-14 01:05,2386
2018-10-14 01:10,2366
2018-10-14 01:15,2365
2018-10-14 01:20,2341
2018-10-14 01:25,2326
2018-10-14 01:30,2304
2018-10-14 01:35,2284
2018-10-14 01:40,2261
2018-10-14 01:45,2254
2018-10-14 01:50,2271
2018-10-14 01:55,2266
2018-10-14 02:00,2256
2018-10-14 02:05,2229
2018-10-14 02:10,2216
2018-10-14 02:15,2201
2018-10-14 02:20,2210
2018-10-14 02:25,2195
2018-10-14 02:30,2190
2018-10-14 02:35,2163
2018-10-14 02:40,2150
2018-10-14 02:45,2127
2018-10-14 02:50,2129
2018-10-14 02:55,2118
2018-10-14 03:00,2114
2018-10-14 03:05,2116
2018-10-14 03:10,2105
2018-10-14 03:15,2091
2018-10-14 03:20,2057
2018-10-14 03:25,2055
2018-10-14 03:30,2055
2018-10-14 03:35,2041
2018-10-14 03:40,2013
2018-10-14 03:45,2012
2018-10-14 03:50,1988
2018-10-14 03:55,1997
2018-10-14 04:00,1988
2018-10-14 04:05,1969
2018-10-14 04:10,1949
2018-10-14 04:15,1947
2018-10-14 04:20,1955
2018-10-14 04:25,1931
2018-10-14 04:30,1905
2018-10-14 04:35,1897
2018-10-14 04:40,1880
2018-10-14 04:45,1874
2018-10-14 04:50,1873
2018-10-14 04:55,1843
2018-10-14 05:00,1836
2018-10-14 05:05,1815
2018-10-14 05:10,1819
2018-10-14 05:15,1814
2018-10-14 05:20,1798
2018-10-14 05:25,1793
2018-10-14 05:30,1797
2018-10-14 05:35,1798
2018-10-14 05:40,1771
2018-10-14 05:45,1764
2018-10-14 05:50,1769
2018-10-14 05:55,1783
2018-10-14 06:00,1781
2018-10-14 06:05,1773
2018-10-14 06:10,1785
2018-10-14 06:15,1794
2018-10-14 06:20,1819
2018-10-14 06:25,1826
2018-10-14 06:30,1839
2018-10-14 06:35,1851
2018-10-14 06:40,1859
2018-10-14 06:45,1877
2018-10-14 06:50,1888
2018-10-14 06:55,1917
2018-10-14 07:00,1922
2018-10-14 07:05,1937
2018-10-14 07:10,1962
2018-10-14 07:15,1967
2018-10-14 07:20,1973
2018-10-14 07:25,2000
2018-10-14 07:30,2039
2018-10-14 07:35,2067
2018-10-14 07:40,2074
2018-10-14 07:45,2085
2018-10-14 07:50,2114
2018-10-14 07:55,2148
2018-10-14 08:00,2157
2018-10-14 08:05,2212
2018-10-14 08:10,2219
2018-10-14 08:15,2227
2018-10-14 08:20,2238
2018-10-14 08:25,2266
2018-10-14 08:30,2321
2018-10-14 08:35,2342
2018-10-14 08:40,2357
2018-10-14 08:45,2372
2018-10-14 08:50,2408
2018-10-14 08:55,2437
2018-10-14 09:00,2432
2018-10-14 09:05,2450
2018-10-14 09:10,2463
2018-10-14 09:15,2483
2018-10-14 09:20,2518
2018-10-14 09:25,2533
2018-10-14 09:30,2544
2018-10-14 09:35,2560
2018-10-14 09:40,2573
2018-10-14 09:45,2621
2018-10-14 09:50,2637
2018-10-14 09:55,2682
2018-10-14 10:00,2728
2018-10-14 10:05,2759
2018-10-14 10:10,2749
2018-10-14 10:15,2743
2018-10-14 10:20,2775
2018-10-14 10:25,2787
2018-10-14 10:30,2789
2018-10-14 10:35,2830
2018-10-14 10:40,2839
2018-10-14 10:45,2853
2018-10-14 10:50,2873
2018-10-14 10:55,2897
2018-10-14 11:00,2891
2018-10-14 11:05,2941
2018-10-14 11:10,2980
2018-10-14 11:15,2987
2018-10-14 11:20,2993
2018-10-14 11:25,3015
2018-10-14 11:30,3033
2018-10-14 11:35,3045
2018-10-14 11:40,3059
2018-10-14 11:45,3070
2018-10-14 11:50,3067
2018-10-14 11:55,3067
2018-10-14 12:00,3036
2018-10-14 12:05,3074
2018-10-14 12:10,3085
2018-10-14 12:15,3072
2018-10-14 12:20,3089
2018-10-14 12:25,3121
2018-10-14 12:30,3139
2018-10-14 12:35,3168
2018-10-14 12:40,3149
2018-10-14 12:45,3151
2018-10-14 12:50,3138
2018-10-14 12:55,3158
2018-10-14 13:00,3159
2018-10-14 13:05,3157
2018-10-14 13:10,3186
2018-10-14 13:15,3197
2018-10-14 13:20,3236
2018-10-14 13:25,3270
2018-10-14 13:30,3277
2018-10-14 13:35,3303
2018-10-14 13:40,3336
2018-10-14 13:45,3364
2018-10-14 13:50,3371
2018-10-14 13:55,3379
2018-10-14 14:00,3409
2018-10-14 14:05,3430
2018-10-14 14:10,3426
2018-10-14 14:15,3440
2018-10-14 14:20,3492
2018-10-14 14:25,3516
2018-10-14 14:30,3546
2018-10-14 14:35,3556
2018-10-14 14:40,3575
2018-10-14 14:45,3582
2018-10-14 14:50,3591
2018-10-14 14:55,3601
2018-10-14 15:00,3634
2018-10-14 15:05,3612
2018-10-14 15:10,3610
2018-10-14 15:15,3619
2018-10-14 15:20,3636
2018-10-14 15:25,3641
2018-10-14 15:30,3641
2018-10-14 15:35,3674
2018-10-14 15:40,3684
2018-10-14 15:45,3693
2018-10-14 15:50,3713
2018-10-14 15:55,3746
2018-10-14 16:00,3766
2018-10-14 16:05,3756
2018-10-14 16:10,3762
2018-10-14 16:15,3772
2018-10-14 16:20,3793
2018-10-14 16:25,3772
2018-10-14 16:30,3794
2018-10-14 16:35,3798
2018-10-14 16:40,3866
2018-10-14 16:45,3866
2018-10-14 16:50,3877
2018-10-14 16:55,3894
2018-10-14 17:00,3878
2018-10-14 17:05,3896
2018-10-14 17:10,3888
2018-10-14 17:15,3910
2018-10-14 17:20,3905
2018-10-14 17:25,3937
2018-10-14 17:30,3958
2018-10-14 17:35,3953
2018-10-14 17:40,3962
2018-10-14 17:45,3980
2018-10-14 17:50,3975
2018-10-14 17:55,3971
2018-10-14 18:00,3951
2018-10-14 18:05,3927
2018-10-14 18:10,3915
2018-10-14 18:15,3927
2018-10-14 18:20,3929
2018-10-14 18:25,3976
2018-10-14 18:30,3981
2018-10-14 18:35,3969
2018-10-14 18:40,3949
2018-10-14 18:45,3933
2018-10-14 18:50,3943
2018-10-14 18:55,3917
2018-10-14 19:00,3920
2018-10-14 19:05,3910
2018-10-14 19:10,3944
2018-10-14 19:15,3932
2018-10-14 19:20,3933
2018-10-14 19:25,3906
2018-10-14 19:30,3908
2018-10-14 19:35,3901
2018-10-14 19:40,3881
2018-10-14 19:45,3868
2018-10-14 19:50,3861
2018-10-14 19:55,3841
2018-10-14 20:00,3816
2018-10-14 20:05,3790
2018-10-14 20:10,3745
2018-10-14 20:15,3731
2018-10-14 20:20,3729
2018-10-14 20:25,3709
2018-10-14 20:30,3660
2018-10-14 20:35,3628
2018-10-14 20:40,3575
2018-10-14 20:45,3538
2018-10-14 20:50,3514
2018-10-14 20:55,3494
2018-10-14 21:00,3448
2018-10-14 21:05,3395
2018-10-14 21:10,3351
2018-10-14 21:15,3299
2018-10-14 21:20,3245
2018-10-14 21:25,3211
2018-10-14 21:30,3160
2018-10-14 21:35,3132
2018-10-14 21:40,3086
2018-10-14 21:45,3068
2018-10-14 21:50,3047
2018-10-14 21:55,3010
2018-10-14 22:00,2982
2018-10-14 22:05,2912
2018-10-14 22:10,2882
2018-10-14 22:15,2836
2018-10-14 22:20,2807
2018-10-14 22:25,2796
2018-10-14 22:30,2774
2018-10-14 22:35,2774
2018-10-14 22:40,2735
2018-10-14 22:45,2703
2018-10-14 22:50,2668
2018-10-14 22:55,2631
2018-10-14 23:00,2606
2018-10-14 23:05,2569
2018-10-14 23:10,2536
2018-10-14 23:15,2532
2018-10-14 23:20,2512
2018-10-14 23:25,2506
2018-10-14 23:30,2506
2018-10-14 23:35,2464
2018-10-14 23:40,2434
2018-10-14 23:45,2418
2018-10-14 23:50,2389
2018-10-14 23:55,2363
2018-10-15 00:00,2354
2018-10-15 00:05,2339
2018-10-15 00:10,2313
2018-10-15 00:15,2310
2018-10-15 00:20,2305
2018-10-15 00:25,2304
2018-10-15 00:30,2305
2018-10-15 00:35,2316
2018-10-15 00:40,2307
2018-10-15 00:45,2297
2018-10-15 00:50,2275
2018-10-15 00:55,2237
2018-10-15 01:00,2217
2018-10-15 01:05,2232
2018-10-15 01:10,2236
2018-10-15 01:15,2229
2018-10-15 01:20,2229
2018-10-15 01:25,2209
2018-10-15 01:30,2205
2018-10-15 01:35,2182
2018-10-15 01:40,2154
2018-10-15 01:45,2144
2018-10-15 01:50,2130
2018-10-15 01:55,2132
2018-10-15 02:00,2128
2018-10-15 02:05,2106
2018-10-15 02:10,2099
2018-10-15 02:15,2083
2018-10-15 02:20,2060
2018-10-15 02:25,2043
2018-10-15 02:30,2024
2018-10-15 02:35,1990
2018-10-15 02:40,1984
2018-10-15 02:45,1980
2018-10-15 02:50,1983
2018-10-15 02:55,1986
2018-10-15 03:00,1969
2018-10-15 03:05,1919
2018-10-15 03:10,1922
2018-10-15 03:15,1889
2018-10-15 03:20,1860
2018-10-15 03:25,1837
2018-10-15 03:30,1796
2018-10-15 03:35,1777
2018-10-15 03:40,1772
2018-10-15 03:45,1768
2018-10-15 03:50,1747
2018-10-15 03:55,1712
2018-10-15 04:00,1703
2018-10-15 04:05,1676
2018-10-15 04:10,1665
2018-10-15 04:15,1664
2018-10-15 04:20,1644
2018-10-15 04:25,1633
2018-10-15 04:30,1619
2018-10-15 04:35,1595
2018-10-15 04:40,1564
2018-10-15 04:45,1558
2018-10-15 04:50,1501
2018-10-15 04:55,1508
2018-10-15 05:00,1501
2018-10-15 05:05,1483
2018-10-15 05:10,1469
2018-10-15 05:15,1463
2018-10-15 05:20,1469
2018-10-15 05:25,1454
2018-10-15 05:30,1437
2018-10-15 05:35,1418
2018-10-15 05:40,1425
2018-10-15 05:45,1443
2018-10-15 05:50,1429
2018-10-15 05:55,1428
2018-10-15 06:00,1426
2018-10-15 06:05,1420
2018-10-15 06:10,1420
2018-10-15 06:15,1408
2018-10-15 06:20,1419
2018-10-15 06:25,1425
2018-10-15 06:30,1404
2018-10-15 06:35,1419
2018-10-15 06:40,1411
2018-10-15 06:45,1415
2018-10-15 06:50,1418
2018-10-15 06:55,1403
2018-10-15 07:00,1405
2018-10-15 07:05,1403
2018-10-15 07:10,1400
2018-10-15 07:15,1392
2018-10-15 07:20,1397
2018-10-15 07:25,1413
2018-10-15 07:30,1422
2018-10-15 07:35,1433
2018-10-15 07:40,1442
2018-10-15 07:45,1432
2018-10-15 07:50,1438
2018-10-15 07:55,1433
2018-10-15 08:00,1458
2018-10-15 08:05,1471
2018-10-15 08:10,1483
2018-10-15 08:15,1496
2018-10-15 08:20,1514
2018-10-15 08:25,1522
2018-10-15 08:30,1538
2018-10-15 08:35,1554
2018-10-15 08:40,1572
2018-10-15 08:45,1593
2018-10-15 08:50,1592
2018-10-15 08:55,1618
2018-10-15 09:00,1629
2018-10-15 09:05,1620
2018-10-15 09:10,1622
2018-10-15 09:15,1632
2018-10-15 09:20,1657
2018-10-15 09:25,1677
2018-10-15 09:30,1675
2018-10-15 09:35,1653
2018-10-15 09:40,1653
2018-10-15 09:45,1662
2018-10-15 09:50,1671
2018-10-15 09:55,1688
2018-10-15 10:00,1692
2018-10-15 10:05,1705
2018-10-15 10:10,1724
2018-10-15 10:15,1761
2018-10-15 10:20,1792
2018-10-15 10:25,1793
2018-10-15 10:30,1818
2018-10-15 10:35,1836
2018-10-15 10:40,1845
2018-10-15 10:45,1870
2018-10-15 10:50,1899
2018-10-15 10:55,1920
2018-10-15 11:00,1939
2018-10-15 11:05,1957
2018-10-15 11:10,1958
2018-10-15 11:15,1960
2018-10-15 11:20,1953
2018-10-15 11:25,1966
2018-10-15 11:30,1968
2018-10-15 11:35,2006
2018-10-15 11:40,2026
2018-10-15 11:45,2040
2018-10-15 11:50,2052
2018-10-15 11:55,2051
2018-10-15 12:00,2056
2018-10-15 12:05,2085
2018-10-15 12:10,2084
2018-10-15 12:15,2087
2018-10-15 12:20,2117
2018-10-15 12:25,2136
2018-10-15 12:30,2142
2018-10-15 12:35,2159
2018-10-15 12:40,2166
2018-10-15 12:45,2196
2018-10-15 12:50,2226
2018-10-15 12:55,2244
2018-10-15 13:00,2259
2018-10-15 13:05,2250
2018-10-15 13:10,2234
2018-10-15 13:15,2250
2018-10-15 13:20,2281
2018-10-15 13:25,2285
2018-10-15 13:30,2298
2018-10-15 13:35,2289
2018-10-15 13:40,2337
2018-10-15 13:45,2331
2018-10-15 13:50,2342
2018-10-15 13:55,2344
2018-10-15 14:00,2367
2018-10-15 14:05,2397
2018-10-15 14:10,2398
2018-10-15 14:15,2410
2018-10-15 14:20,2428
2018-10-15 14:25,2475
2018-10-15 14:30,2499
2018-10-15 14:35,2511
2018-10-15 14:40,2531
2018-10-15 14:45,2542
2018-10-15 14:50,2555
2018-10-15 14:55,2567
2018-10-15 15:00,2610
2018-10-15 15:05,2626
2018-10-15 15:10,2643
2018-10-15 15:15,2690
2018-10-15 15:20,2729
2018-10-15 15:25,2760
2018-10-15 15:30,2777
2018-10-15 15:35,2823
2018-10-15 15:40,2828
2018-10-15 15:45,2866
2018-10-15 15:50,2883
2018-10-15 15:55,2886
2018-10-15 16:00,2919
2018-10-15 16:05,2949
2018-10-15 16:10,2983
2018-10-15 16:15,2994
2018-10-15 16:20,2988
2018-10-15 16:25,3031
2018-10-15 16:30,3047
2018-10-15 16:35,3076
2018-10-15 16:40,3035
2018-10-15 16:45,3117
2018-10-15 16:50,3115
2018-10-15 16:55,3131
2018-10-15 17:00,3154
2018-10-15 17:05,3174
2018-10-15 17:10,3171
2018-10-15 17:15,3218
2018-10-15 17:20,3231
2018-10-15 17:25,3283
2018-10-15 17:30,3300
2018-10-15 17:35,3286
2018-10-15 17:40,3292
2018-10-15 17:45,3302
2018-10-15 17:50,3311
2018-10-15 17:55,3307
2018-10-15 18:00,3297
2018-10-15 18:05,3318
2018-10-15 18:10,3282
2018-10-15 18:15,3294
2018-10-15 18:20,3298
2018-10-15 18:25,3294
2018-10-15 18:30,3305
2018-10-15 18:35,3334
2018-10-15 18:40,3354
2018-10-15 18:45,3350
2018-10-15 18:50,3365
2018-10-15 18:55,3348
2018-10-15 19:00,3350
2018-10-15 19:05,3338
2018-10-15 19:10,3318
2018-10-15 19:15,3316
2018-10-15 19:20,3323
2018-10-15 19:25,3340
2018-10-15 19:30,3342
2018-10-15 19:35,3338
2018-10-15 19:40,3344
2018-10-15 19:45,3327
2018-10-15 19:50,3295
2018-10-15 19:55,3295
2018-10-15 20:00,3247
2018-10-15 20:05,3240
2018-10-15 20:10,3208
2018-10-15 20:15,3184
2018-10-15 20:20,3180
2018-10-15 20:25,3152
2018-10-15 20:30,3116
2018-10-15 20:35,3066
2018-10-15 20:40,3055
2018-10-15 20:45,3016
2018-10-15 20:50,2986
2018-10-15 20:55,2957
2018-10-15 21:00,2922
2018-10-15 21:05,2868
2018-10-15 21:10,2837
2018-10-15 21:15,2815
2018-10-15 21:20,2783
2018-10-15 21:25,2748
2018-10-15 21:30,2708
2018-10-15 21:35,2694
2018-10-15 21:40,2630
2018-10-15 21:45,2610
2018-10-15 21:50,2592
2018-10-15 21:55,2555
2018-10-15 22:00,2521
2018-10-15 22:05,2458
2018-10-15 22:10,2431
2018-10-15 22:15,2403
2018-10-15 22:20,2375
2018-10-15 22:25,2341
2018-10-15 22:30,2310
2018-10-15 22:35,2275
2018-10-15 22:40,2274
2018-10-15 22:45,2276
2018-10-15 22:50,2260
2018-10-15 22:55,2267
2018-10-15 23:00,2246
2018-10-15 23:05,2234
2018-10-15 23:10,2212
2018-10-15 23:15,2191
2018-10-15 23:20,2198
2018-10-15 23:25,2183
2018-10-15 23:30,2190
2018-10-15 23:35,2189
2018-10-15 23:40,2189
2018-10-15 23:45,2179
2018-10-15 23:50,2192
2018-10-15 23:55,2168
2018-10-16 00:00,2142
2018-10-16 00:05,2114
2018-10-16 00:10,2112
2018-10-16 00:15,2097
2018-10-16 00:20,2086
2018-10-16 00:25,2112
2018-10-16 00:30,2114
2018-10-16 00:35,2082
2018-10-16 00:40,2047
2018-10-16 00:45,2050
2018-10-16 00:50,2051
2018-10-16 00:55,2048
2018-10-16 01:00,2011
2018-10-16 01:05,1998
2018-10-16 01:10,1992
2018-10-16 01:15,1989
2018-10-16 01:20,1996
2018-10-16 01:25,1969
2018-10-16 01:30,1937
2018-10-16 01:35,1924
2018-10-16 01:40,1920
2018-10-16 01:45,1925
2018-10-16 01:50,1894
2018-10-16 01:55,1887
2018-10-16 02:00,1883
2018-10-16 02:05,1854
2018-10-16 02:10,1824
2018-10-16 02:15,1818
2018-10-16 02:20,1808
2018-10-16 02:25,1821
2018-10-16 02:30,1809
2018-10-16 02:35,1788
2018-10-16 02:40,1767
2018-10-16 02:45,1765
2018-10-16 02:50,1733
2018-10-16 02:55,1699
2018-10-16 03:00,1677
2018-10-16 03:05,1659
2018-10-16 03:10,1643
2018-10-16 03:15,1639
2018-10-16 03:20,1632
2018-10-16 03:25,1606
2018-10-16 03:30,1584
2018-10-16 03:35,1541
2018-10-16 03:40,1537
2018-10-16 03:45,1522
2018-10-16 03:50,1515
2018-10-16 03:55,1501
2018-10-16 04:00,1490
2018-10-16 04:05,1464
2018-10-16 04:10,1464
2018-10-16 04:15,1478
2018-10-16 04:20,1467
2018-10-16 04:25,1457
2018-10-16 04:30,1453
2018-10-16 04:35,1451
2018-10-16 04:40,1436
2018-10-16 04:45,1414
2018-10-16 04:50,1389
2018-10-16 04:55,1384
2018-10-16 05:00,1384
2018-10-16 05:05,1344
2018-10-16 05:10,1345
2018-10-16 05:15,1327
2018-10-16 05:20,1337
2018-10-16 05:25,1328
2018-10-16 05:30,1336
2018-10-16 05:35,1314
2018-10-16 05:40,1321
2018-10-16 05:45,1330
2018-10-16 05:50,1355
2018-10-16 05:55,1343
2018-10-16 06:00,1323
2018-10-16 06:05,1321
2018-10-16 06:10,1311
2018-10-16 06:15,1315
2018-10-16 06:20,1288
2018-10-16 06:25,1282
2018-10-16 06:30,1281
2018-10-16 06:35,1271
2018-10-16 06:40,1278
2018-10-16 06:45,1289
2018-10-16 06:50,1296
2018-10-16 06:55,1311
2018-10-16 07:00,1282
2018-10-16 07:05,1280
2018-10-16 07:10,1289
2018-10-16 07:15,1315
2018-10-16 07:20,1324
2018-10-16 07:25,1321
2018-10-16 07:30,1323
2018-10-16 07:35,1324
2018-10-16 07:40,1339
2018-10-16 07:45,1353
2018-10-16 07:50,1362
2018-10-16 07:55,1353
2018-10-16 08:00,1390
2018-10-16 08:05,
2018-10-16 08:10,1386
2018-10-16 08:15,1392
2018-10-16 08:20,1392
2018-10-16 08:25,1404
2018-10-16 08:30,1409
2018-10-16 08:35,1409
2018-10-16 08:40,1418
2018-10-16 08:45,1418
2018-10-16 08:50,1416
2018-10-16 08:55,1415
2018-10-16 09:00,1427
2018-10-16 09:05,1423
2018-10-16 09:10,1434
2018-10-16 09:15,1441
2018-10-16 09:20,1435
2018-10-16 09:25,1445
2018-10-16 09:30,1447
2018-10-16 09:35,1463
2018-10-16 09:40,1471
2018-10-16 09:45,1469
2018-10-16 09:50,1481
2018-10-16 09:55,1501
2018-10-16 10:00,1536
2018-10-16 10:05,1543
2018-10-16 10:10,1559
2018-10-16 10:15,1589
2018-10-16 10:20,1604
2018-10-16 10:25,1641
2018-10-16 10:30,1654
2018-10-16 10:35,1661
2018-10-16 10:40,1669
2018-10-16 10:45,1693
2018-10-16 10:50,1721
2018-10-16 10:55,1722
2018-10-16 11:00,1722
2018-10-16 11:05,1718
2018-10-16 11:10,1731
2018-10-16 11:15,1733
2018-10-16 11:20,1766
2018-10-16 11:25,1777
2018-10-16 11:30,1795
2018-10-16 11:35,1797
2018-10-16 11:40,1805
2018-10-16 11:45,1818
2018-10-16 11:50,1843
2018-10-16 11:55,1855
2018-10-16 12:00,1851
2018-10-16 12:05,1848
2018-10-16 12:10,1865
2018-10-16 12:15,1872
2018-10-16 12:20,1889
2018-10-16 12:25,1922
2018-10-16 12:30,1934
2018-10-16 12:35,1925
2018-10-16 12:40,1950
2018-10-16 12:45,1957
2018-10-16 12:50,1968
2018-10-16 12:55,1988
2018-10-16 13:00,2005
2018-10-16 13:05,2020
2018-10-16 13:10,2056
2018-10-16 13:15,2059
2018-10-16 13:20,2052
2018-10-16 13:25,2058
2018-10-16 13:30,2085
2018-10-16 13:35,2097
2018-10-16 13:40,2129
2018-10-16 13:45,2110
2018-10-16 13:50,2122
2018-10-16 13:55,2136
2018-10-16 14:00,2139
2018-10-16 14:05,2156
2018-10-16 14:10,2203
2018-10-16 14:15,2182
2018-10-16 14:20,2177
2018-10-16 14:25,2201
2018-10-16 14:30,2239
2018-10-16 14:35,2276
2018-10-16 14:40,2294
2018-10-16 14:45,2311
2018-10-16 14:50,2321
2018-10-16 14:55,2329
2018-10-16 15:00,2352
2018-10-16 15:05,2393
2018-10-16 15:10,2412
2018-10-16 15:15,2439
2018-10-16 15:20,2459
2018-10-16 15:25,2477
2018-10-16 15:30,2498
2018-10-16 15:35,2539
2018-10-16 15:40,2564
2018-10-16 15:45,2612
2018-10-16 15:50,2634
2018-10-16 15:55,2656
2018-10-16 16:00,2689
2018-10-16 16:05,2711
2018-10-16 16:10,2740
2018-10-16 16:15,2751
2018-10-16 16:20,2783
2018-10-16 16:25,2817
2018-10-16 16:30,2838
2018-10-16 16:35,2855
2018-10-16 16:40,2881
2018-10-16 16:45,2885
2018-10-16 16:50,2913
2018-10-16 16:55,2932
2018-10-16 17:00,2929
2018-10-16 17:05,2919
2018-10-16 17:10,2952
2018-10-16 17:15,2977
2018-10-16 17:20,2993
2018-10-16 17:25,3006
2018-10-16 17:30,3002
2018-10-16 17:35,2998
2018-10-16 17:40,3003
2018-10-16 17:45,3061
2018-10-16 17:50,3107
2018-10-16 17:55,3108
2018-10-16 18:00,3150
2018-10-16 18:05,3156
2018-10-16 18:10,3179
2018-10-16 18:15,3196
2018-10-16 18:20,3212
2018-10-16 18:25,3190
2018-10-16 18:30,3194
2018-10-16 18:35,3188
2018-10-16 18:40,3180
2018-10-16 18:45,3177
2018-10-16 18:50,3195
2018-10-16 18:55,3156
2018-10-16 19:00,3161
2018-10-16 19:05,3150
2018-10-16 19:10,3164
2018-10-16 19:15,3153
2018-10-16 19:20,3144
2018-10-16 19:25,3138
2018-10-16 19:30,3136
2018-10-16 19:35,3130
2018-10-16 19:40,3127
2018-10-16 19:45,3131
2018-10-16 19:50,3103
2018-10-16 19:55,3090
2018-10-16 20:00,3073
2018-10-16 20:05,3028
2018-10-16 20:10,2979
2018-10-16 20:15,2948
2018-10-16 20:20,2912
2018-10-16 20:25,2890
2018-10-16 20:30,2849
2018-10-16 20:35,2841
2018-10-16 20:40,2800
2018-10-16 20:45,2774
2018-10-16 20:50,2754
2018-10-16 20:55,2711
2018-10-16 21:00,2687
2018-10-16 21:05,2624
2018-10-16 21:10,2599
2018-10-16 21:15,2576
2018-10-16 21:20,2570
2018-10-16 21:25,2562
2018-10-16 21:30,2543
2018-10-16 21:35,2528
2018-10-16 21:40,2518
2018-10-16 21:45,2494
2018-10-16 21:50,2461
2018-10-16 21:55,2413
2018-10-16 22:00,2400
2018-10-16 22:05,2374
2018-10-16 22:10,2354
2018-10-16 22:15,2296
2018-10-16 22:20,2274
2018-10-16 22:25,2252
2018-10-16 22:30,2252
2018-10-16 22:35,2230
2018-10-16 22:40,2219
2018-10-16 22:45,2195
2018-10-16 22:50,2175
2018-10-16 22:55,2168
2018-10-16 23:00,2164
2018-10-16 23:05,2162
2018-10-16 23:10,2154
2018-10-16 23:15,2151
2018-10-16 23:20,2131
2018-10-16 23:25,2124
2018-10-16 23:30,2100
2018-10-16 23:35,2089
2018-10-16 23:40,0
2018-10-16 23:45,
2018-10-16 23:50,2076
2018-10-16 23:55,2082
2018-10-17 00:00,0
2018-10-17 00:05,2078
2018-10-17 00:10,2056
2018-10-17 00:15,2040
2018-10-17 00:20,2048
2018-10-17 00:25,2065
2018-10-17 00:30,2056
2018-10-17 00:35,2044
2018-10-17 00:40,2035
2018-10-17 00:45,2029
2018-10-17 00:50,2022
2018-10-17 00:55,2042
2018-10-17 01:00,2036
2018-10-17 01:05,2021
2018-10-17 01:10,2004
2018-10-17 01:15,1978
2018-10-17 01:20,1970
2018-10-17 01:25,1940
2018-10-17 01:30,1933
2018-10-17 01:35,1922
2018-10-17 01:40,1928
2018-10-17 01:45,1914
2018-10-17 01:50,1914
2018-10-17 01:55,1907
2018-10-17 02:00,1911
2018-10-17 02:05,1904
2018-10-17 02:10,1889
2018-10-17 02:15,1862
2018-10-17 02:20,1847
2018-10-17 02:25,1842
2018-10-17 02:30,1837
2018-10-17 02:35,1821
2018-10-17 02:40,1819
2018-10-17 02:45,1786
2018-10-17 02:50,1776
2018-10-17 02:55,1763
2018-10-17 03:00,1738
2018-10-17 03:05,1731
2018-10-17 03:10,1717
2018-10-17 03:15,1683
2018-10-17 03:20,1650
2018-10-17 03:25,1624
2018-10-17 03:30,1614
2018-10-17 03:35,1612
2018-10-17 03:40,1585
2018-10-17 03:45,1573
2018-10-17 03:50,1574
2018-10-17 03:55,1562
2018-10-17 04:00,1560
2018-10-17 04:05,1532
2018-10-17 04:10,1505
2018-10-17 04:15,1497
2018-10-17 04:20,1495
2018-10-17 04:25,1483
2018-10-17 04:30,1478
2018-10-17 04:35,1476
2018-10-17 04:40,1453
2018-10-17 04:45,1419
2018-10-17 04:50,1400
2018-10-17 04:55,1388
2018-10-17 05:00,1393
2018-10-17 05:05,1387
2018-10-17 05:10,1377
2018-10-17 05:15,1351
2018-10-17 05:20,1363
2018-10-17 05:25,1346
2018-10-17 05:30,1346
2018-10-17 05:35,1344
2018-10-17 05:40,1333
2018-10-17 05:45,1320
2018-10-17 05:50,1323
2018-10-17 05:55,1329
2018-10-17 06:00,1330
2018-10-17 06:05,1317
2018-10-17 06:10,1316
2018-10-17 06:15,1312
2018-10-17 06:20,1318
2018-10-17 06:25,1319
2018-10-17 06:30,1317
2018-10-17 06:35,1323
2018-10-17 06:40,1310
2018-10-17 06:45,1324
2018-10-17 06:50,1326
2018-10-17 06:55,1341
2018-10-17 07:00,1314
2018-10-17 07:05,1330
2018-10-17 07:10,1294
2018-10-17 07:15,1295
2018-10-17 07:20,1297
2018-10-17 07:25,1309
2018-10-17 07:30,1297
2018-10-17 07:35,1293
2018-10-17 07:40,1307
2018-10-17 07:45,1321
2018-10-17 07:50,1313
2018-10-17 07:55,1306
2018-10-17 08:00,1291
2018-10-17 08:05,1296
2018-10-17 08:10,1310
2018-10-17 08:15,1327
2018-10-17 08:20,1339
2018-10-17 08:25,1361
2018-10-17 08:30,1349
2018-10-17 08:35,1371
2018-10-17 08:40,1371
2018-10-17 08:45,1404
2018-10-17 08:50,1421
2018-10-17 08:55,1457
2018-10-17 09:00,1451
2018-10-17 09:05,1459
2018-10-17 09:10,1469
2018-10-17 09:15,1497
2018-10-17 09:20,1514
2018-10-17 09:25,1535
2018-10-17 09:30,1554
2018-10-17 09:35,1566
2018-10-17 09:40,1566
2018-10-17 09:45,1574
2018-10-17 09:50,1598
2018-10-17 09:55,1613
2018-10-17 10:00,1615
2018-10-17 10:05,1648
2018-10-17 10:10,1666
2018-10-17 10:15,1692
2018-10-17 10:20,1717
2018-10-17 10:25,1719
2018-10-17 10:30,1720
2018-10-17 10:35,1755
2018-10-17 10:40,1764
2018-10-17 10:45,1764
2018-10-17 10:50,1789
2018-10-17 10:55,1762
2018-10-17 11:00,1789
2018-10-17 11:05,1795
2018-10-17 11:10,1796
2018-10-17 11:15,1815
2018-10-17 11:20,1838
2018-10-17 11:25,1855
2018-10-17 11:30,1854
2018-10-17 11:35,1874
2018-10-17 11:40,1882
2018-10-17 11:45,1900
2018-10-17 11:50,1887
2018-10-17 11:55,1914
2018-10-17 12:00,1918
2018-10-17 12:05,1928
2018-10-17 12:10,1954
2018-10-17 12:15,1951
2018-10-17 12:20,1960
2018-10-17 12:25,1980
2018-10-17 12:30,1993
2018-10-17 12:35,2002
2018-10-17 12:40,2007
2018-10-17 12:45,2038
2018-10-17 12:50,2044
2018-10-17 12:55,2068
2018-10-17 13:00,2071
2018-10-17 13:05,2103
2018-10-17 13:10,2096
2018-10-17 13:15,2093
2018-10-17 13:20,2102
2018-10-17 13:25,2132
2018-10-17 13:30,2126
2018-10-17 13:35,2146
2018-10-17 13:40,2170
2018-10-17 13:45,2175
2018-10-17 13:50,2164
2018-10-17 13:55,2172
2018-10-17 14:00,2177
2018-10-17 14:05,2216
2018-10-17 14:10,2230
2018-10-17 14:15,2266
2018-10-17 14:20,2311
2018-10-17 14:25,2311
2018-10-17 14:30,2335
2018-10-17 14:35,2380
2018-10-17 14:40,2407
2018-10-17 14:45,2415
2018-10-17 14:50,2442
2018-10-17 14:55,2474
2018-10-17 15:00,2492
2018-10-17 15:05,2501
2018-10-17 15:10,2526
2018-10-17 15:15,2548
2018-10-17 15:20,2554
2018-10-17 15:25,2612
2018-10-17 15:30,2620
2018-10-17 15:35,2657
2018-10-17 15:40,2657
2018-10-17 15:45,2703
2018-10-17 15:50,2714
2018-10-17 15:55,
2018-10-17 16:00,2756
2018-10-17 16:05,2775
2018-10-17 16:10,2808
2018-10-17 16:15,2825
2018-10-17 16:20,2862
2018-10-17 16:25,2894
2018-10-17 16:30,2933
2018-10-17 16:35,2946
2018-10-17 16:40,2959
2018-10-17 16:45,2983
2018-10-17 16:50,3020
2018-10-17 16:55,3044
2018-10-17 17:00,3043
2018-10-17 17:05,3028
2018-10-17 17:10,3019
2018-10-17 17:15,3062
2018-10-17 17:20,3077
2018-10-17 17:25,3107
2018-10-17 17:30,3107
2018-10-17 17:35,3110
2018-10-17 17:40,3150
2018-10-17 17:45,3156
2018-10-17 17:50,3146
2018-10-17 17:55,3136
2018-10-17 18:00,3161
2018-10-17 18:05,3156
2018-10-17 18:10,3146
2018-10-17 18:15,3150
2018-10-17 18:20,3143
2018-10-17 18:25,3149
2018-10-17 18:30,3148
2018-10-17 18:35,3144
2018-10-17 18:40,3155
2018-10-17 18:45,3143
2018-10-17 18:50,3161
2018-10-17 18:55,3168
2018-10-17 19:00,3159
2018-10-17 19:05,3156
2018-10-17 19:10,3175
2018-10-17 19:15,3181
2018-10-17 19:20,3163
2018-10-17 19:25,3152
2018-10-17 19:30,3184
2018-10-17 19:35,3139
2018-10-17 19:40,3174
2018-10-17 19:45,3165
2018-10-17 19:50,3140
2018-10-17 19:55,3121
2018-10-17 20:00,3108
2018-10-17 20:05,3100
2018-10-17 20:10,3066
2018-10-17 20:15,3048
2018-10-17 20:20,3008
2018-10-17 20:25,2967
2018-10-17 20:30,2950
2018-10-17 20:35,2903
2018-10-17 20:40,2883
2018-10-17 20:45,2871
2018-10-17 20:50,2820
2018-10-17 20:55,2799
2018-10-17 21:00,2771
2018-10-17 21:05,
2018-10-17 21:10,
2018-10-17 21:15,
2018-10-17 21:20,2672
2018-10-17 21:25,2654
2018-10-17 21:30,2626
2018-10-17 21:35,2600
2018-10-17 21:40,2586
2018-10-17 21:45,2560
2018-10-17 21:50,2524
2018-10-17 21:55,2509
2018-10-17 22:00,2473
2018-10-17 22:05,2417
2018-10-17 22:10,2389
2018-10-17 22:15,2333
2018-10-17 22:20,2287
2018-10-17 22:25,2253
2018-10-17 22:30,2238
2018-10-17 22:35,2210
2018-10-17 22:40,2199
2018-10-17 22:45,2177
2018-10-17 22:50,2136
2018-10-17 22:55,2063
2018-10-17 23:00,2120
2018-10-17 23:05,2133
2018-10-17 23:10,2140
2018-10-17 23:15,2123
2018-10-17 23:20,2117
2018-10-17 23:25,2100
2018-10-17 23:30,2097
2018-10-17 23:35,2083
2018-10-17 23:40,2056
2018-10-17 23:45,2059
2018-10-17 23:50,2034
2018-10-17 23:55,2035
2018-10-18 00:00,2039
2018-10-18 00:05,2027
2018-10-18 00:10,2021
2018-10-18 00:15,2015
2018-10-18 00:20,2010
2018-10-18 00:25,2006
2018-10-18 00:30,1980
2018-10-18 00:35,1982
2018-10-18 00:40,1971
2018-10-18 00:45,1983
2018-10-18 00:50,1975
2018-10-18 00:55,1986
2018-10-18 01:00,1996
2018-10-18 01:05,1989
2018-10-18 01:10,1967
2018-10-18 01:15,1969
2018-10-18 01:20,1972
2018-10-18 01:25,1973
2018-10-18 01:30,1951
2018-10-18 01:35,1947
2018-10-18 01:40,1943
2018-10-18 01:45,1944
2018-10-18 01:50,1931
2018-10-18 01:55,1928
2018-10-18 02:00,1924
2018-10-18 02:05,1928
2018-10-18 02:10,1922
2018-10-18 02:15,1909
2018-10-18 02:20,1896
2018-10-18 02:25,1876
2018-10-18 02:30,
2018-10-18 02:35,1857
2018-10-18 02:40,1828
2018-10-18 02:45,1800
2018-10-18 02:50,1795
2018-10-18 02:55,1795
2018-10-18 03:00,1793
2018-10-18 03:05,1760
2018-10-18 03:10,1735
2018-10-18 03:15,1714
2018-10-18 03:20,1704
2018-10-18 03:25,1698
2018-10-18 03:30,1684
2018-10-18 03:35,1646
2018-10-18 03:40,1625
2018-10-18 03:45,1591
2018-10-18 03:50,1580
2018-10-18 03:55,1559
2018-10-18 04:00,1552
2018-10-18 04:05,1529
2018-10-18 04:10,1512
2018-10-18 04:15,1509
2018-10-18 04:20,1511
2018-10-18 04:25,1491
2018-10-18 04:30,1481
2018-10-18 04:35,1479
2018-10-18 04:40,1466
2018-10-18 04:45,1440
2018-10-18 04:50,1432
2018-10-18 04:55,1410
2018-10-18 05:00,1412
2018-10-18 05:05,1394
2018-10-18 05:10,1381
2018-10-18 05:15,1360
2018-10-18 05:20,1360
2018-10-18 05:25,1345
2018-10-18 05:30,1343
2018-10-18 05:35,1355
2018-10-18 05:40,1340
2018-10-18 05:45,1358
2018-10-18 05:50,1351
2018-10-18 05:55,1342
2018-10-18 06:00,1327
2018-10-18 06:05,1328
2018-10-18 06:10,1359
2018-10-18 06:15,1353
2018-10-18 06:20,1334
2018-10-18 06:25,1336
2018-10-18 06:30,1320
2018-10-18 06:35,1320
2018-10-18 06:40,1314
2018-10-18 06:45,1312
2018-10-18 06:50,1319
2018-10-18 06:55,1336
2018-10-18 07:00,1336
2018-10-18 07:05,1328
2018-10-18 07:10,1320
2018-10-18 07:15,1311
2018-10-18 07:20,1296
2018-10-18 07:25,1294
2018-10-18 07:30,1317
2018-10-18 07:35,1308
2018-10-18 07:40,1316
2018-10-18 07:45,1330
2018-10-18 07:50,1339
2018-10-18 07:55,1358
2018-10-18 08:00,1366
2018-10-18 08:05,1372
2018-10-18 08:10,1380
2018-10-18 08:15,1391
2018-10-18 08:20,1388
2018-10-18 08:25,1401
2018-10-18 08:30,1401
2018-10-18 08:35,1410
2018-10-18 08:40,1420
2018-10-18 08:45,1421
2018-10-18 08:50,1448
2018-10-18 08:55,1432
2018-10-18 09:00,1442
2018-10-18 09:05,1452
2018-10-18 09:10,1471
2018-10-18 09:15,1489
2018-10-18 09:20,1498
2018-10-18 09:25,1528
2018-10-18 09:30,1536
2018-10-18 09:35,1529
2018-10-18 09:40,1552
2018-10-18 09:45,1555
2018-10-18 09:50,1579
2018-10-18 09:55,1589
2018-10-18 10:00,1633
2018-10-18 10:05,1660
2018-10-18 10:10,1683
2018-10-18 10:15,1707
2018-10-18 10:20,1729
2018-10-18 10:25,1739
2018-10-18 10:30,1732
2018-10-18 10:35,1733
2018-10-18 10:40,1755
2018-10-18 10:45,1759
2018-10-18 10:50,1772
2018-10-18 10:55,1774
2018-10-18 11:00,1764
2018-10-18 11:05,1786
2018-10-18 11:10,1787
2018-10-18 11:15,1802
2018-10-18 11:20,1813
2018-10-18 11:25,1824
2018-10-18 11:30,1829
2018-10-18 11:35,1854
2018-10-18 11:40,1857
2018-10-18 11:45,1867
2018-10-18 11:50,1867
2018-10-18 11:55,1882
2018-10-18 12:00,1916
2018-10-18 12:05,1907
2018-10-18 12:10,1900
2018-10-18 12:15,1925
2018-10-18 12:20,1939
2018-10-18 12:25,1937
2018-10-18 12:30,1964
2018-10-18 12:35,1972
2018-10-18 12:40,1980
2018-10-18 12:45,1991
2018-10-18 12:50,2009
2018-10-18 12:55,1997
2018-10-18 13:00,2015
2018-10-18 13:05,2040
2018-10-18 13:10,2051
2018-10-18 13:15,2059
2018-10-18 13:20,2057
2018-10-18 13:25,2073
2018-10-18 13:30,2070
2018-10-18 13:35,2072
2018-10-18 13:40,2083
2018-10-18 13:45,2080
2018-10-18 13:50,2048
2018-10-18 13:55,2008
2018-10-18 14:00,1909
2018-10-18 14:05,1463
2018-10-18 14:10,1267
2018-10-18 14:15,1260
2018-10-18 14:20,1293
2018-10-18 14:25,1271
2018-10-18 14:30,1285
2018-10-18 14:35,1317
2018-10-18 14:40,1325
2018-10-18 14:45,1310
2018-10-18 14:50,1330
2018-10-18 14:55,1325
2018-10-18 15:00,1342
2018-10-18 15:05,1408
2018-10-18 15:10,1512
2018-10-18 15:15,1627
2018-10-18 15:20,1745
2018-10-18 15:25,1841
2018-10-18 15:30,1905
2018-10-18 15:35,1984
2018-10-18 15:40,2101
2018-10-18 15:45,2177
2018-10-18 15:50,
2018-10-18 15:55,
2018-10-18 16:00,
2018-10-18 16:05,2468
2018-10-18 16:10,2549
2018-10-18 16:15,2628
2018-10-18 16:20,
2018-10-18 16:25,
2018-10-18 16:30,
2018-10-18 16:35,
2018-10-18 16:40,
2018-10-18 16:45,
2018-10-18 16:50,3039
2018-10-18 16:55,3059
2018-10-18 17:00,3093
2018-10-18 17:05,3099
2018-10-18 17:10,3099
2018-10-18 17:15,3143
2018-10-18 17:20,3161
2018-10-18 17:25,3172
2018-10-18 17:30,3197
2018-10-18 17:35,3228
2018-10-18 17:40,3248
2018-10-18 17:45,3251
2018-10-18 17:50,3228
2018-10-18 17:55,3256
2018-10-18 18:00,3246
2018-10-18 18:05,3254
2018-10-18 18:10,3252
2018-10-18 18:15,3268
2018-10-18 18:20,3281
2018-10-18 18:25,3303
2018-10-18 18:30,3345
2018-10-18 18:35,3366
2018-10-18 18:40,3358
2018-10-18 18:45,3372
2018-10-18 18:50,3402
2018-10-18 18:55,3405
2018-10-18 19:00,3388
2018-10-18 19:05,3368
2018-10-18 19:10,3368
2018-10-18 19:15,3345
2018-10-18 19:20,3331
2018-10-18 19:25,3360
2018-10-18 19:30,3336
2018-10-18 19:35,3311
2018-10-18 19:40,3287
2018-10-18 19:45,3269
2018-10-18 19:50,3265
2018-10-18 19:55,3238
2018-10-18 20:00,3227
2018-10-18 20:05,3190
2018-10-18 20:10,3150
2018-10-18 20:15,3123
2018-10-18 20:20,3125
2018-10-18 20:25,3078
2018-10-18 20:30,3053
2018-10-18 20:35,3038
2018-10-18 20:40,3011
2018-10-18 20:45,2977
2018-10-18 20:50,2950
2018-10-18 20:55,2897
2018-10-18 21:00,2866
2018-10-18 21:05,2846
2018-10-18 21:10,2818
2018-10-18 21:15,2764
2018-10-18 21:20,2723
2018-10-18 21:25,2709
2018-10-18 21:30,2701
2018-10-18 21:35,2700
2018-10-18 21:40,2657
2018-10-18 21:45,2613
2018-10-18 21:50,2582
2018-10-18 21:55,2533
2018-10-18 22:00,2485
2018-10-18 22:05,2470
2018-10-18 22:10,2448
2018-10-18 22:15,2394
2018-10-18 22:20,2389
2018-10-18 22:25,2358
2018-10-18 22:30,2331
2018-10-18 22:35,2293
2018-10-18 22:40,2231
2018-10-18 22:45,2220
2018-10-18 22:50,2221
2018-10-18 22:55,2208
2018-10-18 23:00,2235
2018-10-18 23:05,2239
2018-10-18 23:10,2212
2018-10-18 23:15,2196
2018-10-18 23:20,2198
2018-10-18 23:25,2204
2018-10-18 23:30,2189
2018-10-18 23:35,2193
2018-10-18 23:40,2173
2018-10-18 23:45,2170
2018-10-18 23:50,2158
2018-10-18 23:55,2128
2018-10-19 00:00,2096
2018-10-19 00:05,2082
2018-10-19 00:10,2044
2018-10-19 00:15,2052
2018-10-19 00:20,2051
2018-10-19 00:25,2037
2018-10-19 00:30,2001
2018-10-19 00:35,2005
2018-10-19 00:40,1997
2018-10-19 00:45,2039
2018-10-19 00:50,2014
2018-10-19 00:55,1993
2018-10-19 01:00,1993
2018-10-19 01:05,1985
2018-10-19 01:10,1941
2018-10-19 01:15,1944
2018-10-19 01:20,1946
2018-10-19 01:25,1943
2018-10-19 01:30,1947
2018-10-19 01:35,1933
2018-10-19 01:40,1915
2018-10-19 01:45,1905
2018-10-19 01:50,1891
2018-10-19 01:55,1916
2018-10-19 02:00,1907
2018-10-19 02:05,1901
2018-10-19 02:10,1890
2018-10-19 02:15,1880
2018-10-19 02:20,1890
2018-10-19 02:25,1885
2018-10-19 02:30,1864
2018-10-19 02:35,1862
2018-10-19 02:40,1853
2018-10-19 02:45,1835
2018-10-19 02:50,1808
2018-10-19 02:55,1794
2018-10-19 03:00,1777
2018-10-19 03:05,1771
2018-10-19 03:10,1754
2018-10-19 03:15,1747
2018-10-19 03:20,1731
2018-10-19 03:25,1710
2018-10-19 03:30,1723
2018-10-19 03:35,1702
2018-10-19 03:40,1723
2018-10-19 03:45,1701
2018-10-19 03:50,1700
2018-10-19 03:55,1677
2018-10-19 04:00,1661
2018-10-19 04:05,1629
2018-10-19 04:10,1622
2018-10-19 04:15,1623
2018-10-19 04:20,1602
2018-10-19 04:25,1576
2018-10-19 04:30,1553
2018-10-19 04:35,1548
2018-10-19 04:40,1541
2018-10-19 04:45,1529
2018-10-19 04:50,1509
2018-10-19 04:55,1484
2018-10-19 05:00,1466
2018-10-19 05:05,1449
2018-10-19 05:10,1440
2018-10-19 05:15,1450
2018-10-19 05:20,1441
2018-10-19 05:25,1452
2018-10-19 05:30,1432
2018-10-19 05:35,1417
2018-10-19 05:40,1421
2018-10-19 05:45,1421
2018-10-19 05:50,1419
2018-10-19 05:55,1422
2018-10-19 06:00,1409
2018-10-19 06:05,1412
2018-10-19 06:10,1427
2018-10-19 06:15,1421
2018-10-19 06:20,1448
2018-10-19 06:25,1442
2018-10-19 06:30,1425
2018-10-19 06:35,1423
2018-10-19 06:40,1385
2018-10-19 06:45,1375
2018-10-19 06:50,1358
2018-10-19 06:55,1363
2018-10-19 07:00,1378
2018-10-19 07:05,1363
2018-10-19 07:10,1365
2018-10-19 07:15,1377
2018-10-19 07:20,1377
2018-10-19 07:25,1389
2018-10-19 07:30,1401
2018-10-19 07:35,1393
2018-10-19 07:40,1395
2018-10-19 07:45,1393
2018-10-19 07:50,1426
2018-10-19 07:55,1421
2018-10-19 08:00,1437
2018-10-19 08:05,1459
2018-10-19 08:10,1476
2018-10-19 08:15,1483
2018-10-19 08:20,1502
2018-10-19 08:25,1543
2018-10-19 08:30,1537
2018-10-19 08:35,1552
2018-10-19 08:40,1564
2018-10-19 08:45,1571
2018-10-19 08:50,1579
2018-10-19 08:55,1575
2018-10-19 09:00,1592
2018-10-19 09:05,1608
2018-10-19 09:10,1634
2018-10-19 09:15,1648
2018-10-19 09:20,1664
2018-10-19 09:25,1669
2018-10-19 09:30,1670
2018-10-19 09:35,1697
2018-10-19 09:40,1698
2018-10-19 09:45,1736
2018-10-19 09:50,1741
2018-10-19 09:55,1750
2018-10-19 10:00,1764
2018-10-19 10:05,1814
2018-10-19 10:10,1821
2018-10-19 10:15,1848
2018-10-19 10:20,1868
2018-10-19 10:25,1869
2018-10-19 10:30,1881
2018-10-19 10:35,1895
2018-10-19 10:40,1913
2018-10-19 10:45,1938
2018-10-19 10:50,1944
2018-10-19 10:55,1969
2018-10-19 11:00,1971
2018-10-19 11:05,1997
2018-10-19 11:10,1988
2018-10-19 11:15,1979
2018-10-19 11:20,1968
2018-10-19 11:25,1984
2018-10-19 11:30,2027
2018-10-19 11:35,2035
2018-10-19 11:40,2055
2018-10-19 11:45,2073
2018-10-19 11:50,2080
2018-10-19 11:55,2085
2018-10-19 12:00,2094
2018-10-19 12:05,2113
2018-10-19 12:10,2138
2018-10-19 12:15,2127
2018-10-19 12:20,2128
2018-10-19 12:25,2131
2018-10-19 12:30,2162
2018-10-19 12:35,2204
2018-10-19 12:40,2238
2018-10-19 12:45,2230
2018-10-19 12:50,2271
2018-10-19 12:55,2282
2018-10-19 13:00,2271
2018-10-19 13:05,2287
2018-10-19 13:10,2265
2018-10-19 13:15,2294
2018-10-19 13:20,2329
2018-10-19 13:25,2361
2018-10-19 13:30,2361
2018-10-19 13:35,2376
2018-10-19 13:40,2383
2018-10-19 13:45,2390
2018-10-19 13:50,2409
2018-10-19 13:55,2433
2018-10-19 14:00,2433
2018-10-19 14:05,2434
2018-10-19 14:10,2460
2018-10-19 14:15,2487
2018-10-19 14:20,2487
2018-10-19 14:25,2510
2018-10-19 14:30,2534
2018-10-19 14:35,2547
2018-10-19 14:40,2582
2018-10-19 14:45,2604
2018-10-19 14:50,2625
2018-10-19 14:55,2650
2018-10-19 15:00,2674
2018-10-19 15:05,2722
2018-10-19 15:10,2757
2018-10-19 15:15,2790
2018-10-19 15:20,2821
2018-10-19 15:25,2841
2018-10-19 15:30,2830
2018-10-19 15:35,2842
2018-10-19 15:40,2878
2018-10-19 15:45,2888
2018-10-19 15:50,2905
2018-10-19 15:55,2907
2018-10-19 16:00,2909
2018-10-19 16:05,2937
2018-10-19 16:10,2940
2018-10-19 16:15,2943
2018-10-19 16:20,2972
2018-10-19 16:25,2997
2018-10-19 16:30,3007
2018-10-19 16:35,3009
2018-10-19 16:40,3028
2018-10-19 16:45,3059
2018-10-19 16:50,3068
2018-10-19 16:55,3088
2018-10-19 17:00,3081
2018-10-19 17:05,3105
2018-10-19 17:10,3123
2018-10-19 17:15,3130
2018-10-19 17:20,3142
2018-10-19 17:25,3162
2018-10-19 17:30,3155
2018-10-19 17:35,3202
2018-10-19 17:40,3206
2018-10-19 17:45,3208
2018-10-19 17:50,3180
2018-10-19 17:55,3203
2018-10-19 18:00,3197
2018-10-19 18:05,3220
2018-10-19 18:10,3235
2018-10-19 18:15,3257
2018-10-19 18:20,3268
2018-10-19 18:25,3291
2018-10-19 18:30,3306
2018-10-19 18:35,3290
2018-10-19 18:40,0
2018-10-19 18:45,3311
2018-10-19 18:50,3339
2018-10-19 18:55,3343
2018-10-19 19:00,3329
2018-10-19 19:05,3315
2018-10-19 19:10,3315
2018-10-19 19:15,3327
2018-10-19 19:20,3321
2018-10-19 19:25,3326
2018-10-19 19:30,3344
2018-10-19 19:35,3358
2018-10-19 19:40,3379
2018-10-19 19:45,3368
2018-10-19 19:50,3348
2018-10-19 19:55,3353
2018-10-19 20:00,3341
2018-10-19 20:05,3329
2018-10-19 20:10,3309
2018-10-19 20:15,3310
2018-10-19 20:20,3296
2018-10-19 20:25,3295
2018-10-19 20:30,3286
2018-10-19 20:35,3266
2018-10-19 20:40,3242
2018-10-19 20:45,3188
2018-10-19 20:50,3147
2018-10-19 20:55,3128
2018-10-19 21:00,3091
2018-10-19 21:05,3076
2018-10-19 21:10,3059
2018-10-19 21:15,3031
2018-10-19 21:20,3019
2018-10-19 21:25,2982
2018-10-19 21:30,2944
2018-10-19 21:35,2941
2018-10-19 21:40,2905
2018-10-19 21:45,2862
2018-10-19 21:50,2844
2018-10-19 21:55,2816
2018-10-19 22:00,2807
2018-10-19 22:05,2769
2018-10-19 22:10,2731
2018-10-19 22:15,2730
2018-10-19 22:20,2699
2018-10-19 22:25,2658
2018-10-19 22:30,2628
2018-10-19 22:35,2589
2018-10-19 22:40,2547
2018-10-19 22:45,2520
2018-10-19 22:50,2497
2018-10-19 22:55,2474
2018-10-19 23:00,2460
2018-10-19 23:05,2429
2018-10-19 23:10,2400
2018-10-19 23:15,2386
2018-10-19 23:20,2388
2018-10-19 23:25,2373
2018-10-19 23:30,2368
2018-10-19 23:35,2360
2018-10-19 23:40,2328
2018-10-19 23:45,2287
2018-10-19 23:50,2286
2018-10-19 23:55,2273
2018-10-20 00:00,2259
2018-10-20 00:05,2243
2018-10-20 00:10,2230
2018-10-20 00:15,2208
2018-10-20 00:20,2187
2018-10-20 00:25,2149
2018-10-20 00:30,2152
2018-10-20 00:35,2161
2018-10-20 00:40,2141
2018-10-20 00:45,2143
2018-10-20 00:50,2142
2018-10-20 00:55,2112
2018-10-20 01:00,2125
2018-10-20 01:05,2145
2018-10-20 01:10,2123
2018-10-20 01:15,2098
2018-10-20 01:20,2071
2018-10-20 01:25,2081
2018-10-20 01:30,2053
2018-10-20 01:35,2068
2018-10-20 01:40,2062
2018-10-20 01:45,2056
2018-10-20 01:50,2042
2018-10-20 01:55,2040
2018-10-20 02:00,2022
2018-10-20 02:05,2011
2018-10-20 02:10,2013
2018-10-20 02:15,1993
2018-10-20 02:20,1998
2018-10-20 02:25,2008
2018-10-20 02:30,1990
2018-10-20 02:35,1974
2018-10-20 02:40,1964
2018-10-20 02:45,1965
2018-10-20 02:50,1952
2018-10-20 02:55,1957
2018-10-20 03:00,1943
2018-10-20 03:05,1930
2018-10-20 03:10,1926
2018-10-20 03:15,1911
2018-10-20 03:20,1916
2018-10-20 03:25,1905
2018-10-20 03:30,1892
2018-10-20 03:35,1882
2018-10-20 03:40,1868
2018-10-20 03:45,1868
2018-10-20 03:50,1859
2018-10-20 03:55,1837
2018-10-20 04:00,1837
2018-10-20 04:05,1822
2018-10-20 04:10,1813
2018-10-20 04:15,1801
2018-10-20 04:20,1803
2018-10-20 04:25,1790
2018-10-20 04:30,1776
2018-10-20 04:35,1763
2018-10-20 04:40,1756
2018-10-20 04:45,1729
2018-10-20 04:50,1716
2018-10-20 04:55,1692
2018-10-20 05:00,1667
2018-10-20 05:05,1671
2018-10-20 05:10,1685
2018-10-20 05:15,1683
2018-10-20 05:20,1681
2018-10-20 05:25,1683
2018-10-20 05:30,1688
2018-10-20 05:35,1695
2018-10-20 05:40,1670
2018-10-20 05:45,1657
2018-10-20 05:50,1674
2018-10-20 05:55,1685
2018-10-20 06:00,1703
2018-10-20 06:05,1698
2018-10-20 06:10,1716
2018-10-20 06:15,1714
2018-10-20 06:20,1709
2018-10-20 06:25,1718
2018-10-20 06:30,1737
2018-10-20 06:35,1730
2018-10-20 06:40,1740
2018-10-20 06:45,1736
2018-10-20 06:50,1741
2018-10-20 06:55,1743
2018-10-20 07:00,1749
2018-10-20 07:05,1763
2018-10-20 07:10,1773
2018-10-20 07:15,1774
2018-10-20 07:20,1790
2018-10-20 07:25,1813
2018-10-20 07:30,1844
2018-10-20 07:35,1867
2018-10-20 07:40,1880
2018-10-20 07:45,1919
2018-10-20 07:50,1901
2018-10-20 07:55,1917
2018-10-20 08:00,1944
2018-10-20 08:05,1937
2018-10-20 08:10,1970
2018-10-20 08:15,1985
2018-10-20 08:20,2011
2018-10-20 08:25,2016
2018-10-20 08:30,2043
2018-10-20 08:35,2075
2018-10-20 08:40,2100
2018-10-20 08:45,2117
2018-10-20 08:50,2133
2018-10-20 08:55,2137
2018-10-20 09:00,2164
2018-10-20 09:05,2190
2018-10-20 09:10,2197
2018-10-20 09:15,2216
2018-10-20 09:20,2241
2018-10-20 09:25,2269
2018-10-20 09:30,2272
2018-10-20 09:35,2295
2018-10-20 09:40,2302
2018-10-20 09:45,2320
2018-10-20 09:50,2338
2018-10-20 09:55,2371
2018-10-20 10:00,2419
2018-10-20 10:05,2436
2018-10-20 10:10,2476
2018-10-20 10:15,2511
2018-10-20 10:20,2545
2018-10-20 10:25,2558
2018-10-20 10:30,2569
2018-10-20 10:35,2557
2018-10-20 10:40,2533
2018-10-20 10:45,2547
2018-10-20 10:50,2582
2018-10-20 10:55,2593
2018-10-20 11:00,2600
2018-10-20 11:05,2602
2018-10-20 11:10,2604
2018-10-20 11:15,2628
2018-10-20 11:20,2655
2018-10-20 11:25,2665
2018-10-20 11:30,2705
2018-10-20 11:35,2732
2018-10-20 11:40,2770
2018-10-20 11:45,2776
2018-10-20 11:50,2801
2018-10-20 11:55,2815
2018-10-20 12:00,2838
2018-10-20 12:05,2840
2018-10-20 12:10,2865
2018-10-20 12:15,2875
2018-10-20 12:20,2899
2018-10-20 12:25,2926
2018-10-20 12:30,2950
2018-10-20 12:35,2980
2018-10-20 12:40,2988
2018-10-20 12:45,3002
2018-10-20 12:50,3030
2018-10-20 12:55,3080
2018-10-20 13:00,3070
2018-10-20 13:05,3086
2018-10-20 13:10,3097
2018-10-20 13:15,3119
2018-10-20 13:20,3131
2018-10-20 13:25,3137
2018-10-20 13:30,3166
2018-10-20 13:35,3182
2018-10-20 13:40,3187
2018-10-20 13:45,3208
2018-10-20 13:50,3244
2018-10-20 13:55,3270
2018-10-20 14:00,3283
2018-10-20 14:05,3297
2018-10-20 14:10,3312
2018-10-20 14:15,3332
2018-10-20 14:20,3336
2018-10-20 14:25,3329
2018-10-20 14:30,3355
2018-10-20 14:35,3395
2018-10-20 14:40,3430
2018-10-20 14:45,3423
2018-10-20 14:50,3425
2018-10-20 14:55,3426
2018-10-20 15:00,3434
2018-10-20 15:05,3429
2018-10-20 15:10,3435
2018-10-20 15:15,3466
2018-10-20 15:20,3461
2018-10-20 15:25,3498
2018-10-20 15:30,3527
2018-10-20 15:35,3550
2018-10-20 15:40,3571
2018-10-20 15:45,3599
2018-10-20 15:50,3616
2018-10-20 15:55,3601
2018-10-20 16:00,3592
2018-10-20 16:05,3630
2018-10-20 16:10,3651
2018-10-20 16:15,3654
2018-10-20 16:20,3689
2018-10-20 16:25,3706
2018-10-20 16:30,3703
2018-10-20 16:35,3691
2018-10-20 16:40,3695
2018-10-20 16:45,3723
2018-10-20 16:50,3721
2018-10-20 16:55,3742
2018-10-20 17:00,3726
2018-10-20 17:05,3723
2018-10-20 17:10,3738
2018-10-20 17:15,3731
2018-10-20 17:20,3728
2018-10-20 17:25,3729
2018-10-20 17:30,3726
2018-10-20 17:35,3738
2018-10-20 17:40,3752
2018-10-20 17:45,3759
2018-10-20 17:50,3771
2018-10-20 17:55,3760
2018-10-20 18:00,3750
2018-10-20 18:05,3773
2018-10-20 18:10,3783
2018-10-20 18:15,3812
2018-10-20 18:20,3820
2018-10-20 18:25,3809
2018-10-20 18:30,3816
2018-10-20 18:35,3819
2018-10-20 18:40,3840
2018-10-20 18:45,3817
2018-10-20 18:50,3801
2018-10-20 18:55,3812
2018-10-20 19:00,3822
2018-10-20 19:05,3862
2018-10-20 19:10,3825
2018-10-20 19:15,3812
2018-10-20 19:20,3820
2018-10-20 19:25,3819
2018-10-20 19:30,3850
2018-10-20 19:35,3837
2018-10-20 19:40,3839
2018-10-20 19:45,3848
2018-10-20 19:50,3834
2018-10-20 19:55,3802
2018-10-20 20:00,3797
2018-10-20 20:05,3786
2018-10-20 20:10,3772
2018-10-20 20:15,3759
2018-10-20 20:20,3709
2018-10-20 20:25,3702
2018-10-20 20:30,3682
2018-10-20 20:35,3675
2018-10-20 20:40,3645
2018-10-20 20:45,3661
2018-10-20 20:50,3628
2018-10-20 20:55,3616
2018-10-20 21:00,3602
2018-10-20 21:05,3586
2018-10-20 21:10,3542
2018-10-20 21:15,3505
2018-10-20 21:20,3463
2018-10-20 21:25,3418
2018-10-20 21:30,3393
2018-10-20 21:35,3367
2018-10-20 21:40,3342
2018-10-20 21:45,3327
2018-10-20 21:50,3294
2018-10-20 21:55,3258
2018-10-20 22:00,3188
2018-10-20 22:05,3155
2018-10-20 22:10,3112
2018-10-20 22:15,3065
2018-10-20 22:20,3026
2018-10-20 22:25,3016
2018-10-20 22:30,2967
2018-10-20 22:35,2952
2018-10-20 22:40,2915
2018-10-20 22:45,2889
2018-10-20 22:50,2876
2018-10-20 22:55,2851
2018-10-20 23:00,2811
2018-10-20 23:05,2803
2018-10-20 23:10,2753
2018-10-20 23:15,2729
2018-10-20 23:20,2705
2018-10-20 23:25,2677
2018-10-20 23:30,2626
2018-10-20 23:35,2588
2018-10-20 23:40,2548
2018-10-20 23:45,2520
2018-10-20 23:50,2448
2018-10-20 23:55,2445
2018-10-21 00:00,2456
2018-10-21 00:05,2442
2018-10-21 00:10,2396
2018-10-21 00:15,2398
2018-10-21 00:20,2409
2018-10-21 00:25,2411
2018-10-21 00:30,2413
2018-10-21 00:35,2416
2018-10-21 00:40,2418
2018-10-21 00:45,2405
2018-10-21 00:50,2391
2018-10-21 00:55,2407
2018-10-21 01:00,2389
2018-10-21 01:05,2372
2018-10-21 01:10,2352
2018-10-21 01:15,2344
2018-10-21 01:20,2327
2018-10-21 01:25,2305
2018-10-21 01:30,2319
2018-10-21 01:35,2300
2018-10-21 01:40,2289
2018-10-21 01:45,2269
2018-10-21 01:50,2250
2018-10-21 01:55,2241
2018-10-21 02:00,2220
2018-10-21 02:05,2211
2018-10-21 02:10,2205
2018-10-21 02:15,2216
2018-10-21 02:20,2193
2018-10-21 02:25,2165
2018-10-21 02:30,2138
2018-10-21 02:35,2122
2018-10-21 02:40,2120
2018-10-21 02:45,2114
2018-10-21 02:50,2109
2018-10-21 02:55,2110
2018-10-21 03:00,2102
2018-10-21 03:05,2097
2018-10-21 03:10,2079
2018-10-21 03:15,2077
2018-10-21 03:20,2077
2018-10-21 03:25,2026
2018-10-21 03:30,2036
2018-10-21 03:35,2032
2018-10-21 03:40,2010
2018-10-21 03:45,1990
2018-10-21 03:50,1979
2018-10-21 03:55,1969
2018-10-21 04:00,1968
2018-10-21 04:05,1961
2018-10-21 04:10,1932
2018-10-21 04:15,1929
2018-10-21 04:20,1934
2018-10-21 04:25,1928
2018-10-21 04:30,1919
2018-10-21 04:35,1910
2018-10-21 04:40,1899
2018-10-21 04:45,1886
2018-10-21 04:50,1885
2018-10-21 04:55,1873
2018-10-21 05:00,1885
2018-10-21 05:05,1887
2018-10-21 05:10,1861
2018-10-21 05:15,1862
2018-10-21 05:20,1865
2018-10-21 05:25,1864
2018-10-21 05:30,1859
2018-10-21 05:35,1891
2018-10-21 05:40,1896
2018-10-21 05:45,1903
2018-10-21 05:50,1911
2018-10-21 05:55,1905
2018-10-21 06:00,1906
2018-10-21 06:05,1898
2018-10-21 06:10,1901
2018-10-21 06:15,1912
2018-10-21 06:20,1918
2018-10-21 06:25,1921
2018-10-21 06:30,1933
2018-10-21 06:35,1936
2018-10-21 06:40,1945
2018-10-21 06:45,1969
2018-10-21 06:50,1983
2018-10-21 06:55,2013
2018-10-21 07:00,2028
2018-10-21 07:05,2026
2018-10-21 07:10,2042
2018-10-21 07:15,2077
2018-10-21 07:20,2097
2018-10-21 07:25,2120
2018-10-21 07:30,2154
2018-10-21 07:35,2177
2018-10-21 07:40,2191
2018-10-21 07:45,2235
2018-10-21 07:50,2240
2018-10-21 07:55,2291
2018-10-21 08:00,2299
2018-10-21 08:05,2327
2018-10-21 08:10,2343
2018-10-21 08:15,2396
2018-10-21 08:20,2405
2018-10-21 08:25,2412
2018-10-21 08:30,2457
2018-10-21 08:35,2500
2018-10-21 08:40,2509
2018-10-21 08:45,2525
2018-10-21 08:50,2560
2018-10-21 08:55,2573
2018-10-21 09:00,2605
2018-10-21 09:05,2631
2018-10-21 09:10,2657
2018-10-21 09:15,2670
2018-10-21 09:20,2705
2018-10-21 09:25,2740
2018-10-21 09:30,2734
2018-10-21 09:35,2754
2018-10-21 09:40,2771
2018-10-21 09:45,2780
2018-10-21 09:50,2788
2018-10-21 09:55,2826
2018-10-21 10:00,2862
2018-10-21 10:05,2905
2018-10-21 10:10,2909
2018-10-21 10:15,2935
2018-10-21 10:20,2984
2018-10-21 10:25,3014
2018-10-21 10:30,3043
2018-10-21 10:35,3049
2018-10-21 10:40,3059
2018-10-21 10:45,3065
2018-10-21 10:50,3088
2018-10-21 10:55,3083
2018-10-21 11:00,3108
2018-10-21 11:05,3102
2018-10-21 11:10,3098
2018-10-21 11:15,3095
2018-10-21 11:20,3107
2018-10-21 11:25,3135
2018-10-21 11:30,3155
2018-10-21 11:35,3166
2018-10-21 11:40,3179
2018-10-21 11:45,3197
2018-10-21 11:50,3212
2018-10-21 11:55,3217
2018-10-21 12:00,3220
2018-10-21 12:05,3242
2018-10-21 12:10,3257
2018-10-21 12:15,3292
2018-10-21 12:20,3287
2018-10-21 12:25,3321
2018-10-21 12:30,3307
2018-10-21 12:35,3324
2018-10-21 12:40,3358
2018-10-21 12:45,3367
2018-10-21 12:50,3369
2018-10-21 12:55,3377
2018-10-21 13:00,3381
2018-10-21 13:05,3390
2018-10-21 13:10,3424
2018-10-21 13:15,3460
2018-10-21 13:20,3497
2018-10-21 13:25,3500
2018-10-21 13:30,3504
2018-10-21 13:35,3494
2018-10-21 13:40,3539
2018-10-21 13:45,3541
2018-10-21 13:50,3583
2018-10-21 13:55,3601
2018-10-21 14:00,3591
2018-10-21 14:05,3599
2018-10-21 14:10,3640
2018-10-21 14:15,3669
2018-10-21 14:20,3714
2018-10-21 14:25,3713
2018-10-21 14:30,3726
2018-10-21 14:35,3742
2018-10-21 14:40,3771
2018-10-21 14:45,3795
2018-10-21 14:50,3800
2018-10-21 14:55,3812
2018-10-21 15:00,3856
2018-10-21 15:05,3861
2018-10-21 15:10,3826
2018-10-21 15:15,3829
2018-10-21 15:20,3841
2018-10-21 15:25,3843
2018-10-21 15:30,3883
2018-10-21 15:35,3873
2018-10-21 15:40,3874
2018-10-21 15:45,3911
2018-10-21 15:50,3936
2018-10-21 15:55,3936
2018-10-21 16:00,3937
2018-10-21 16:05,3953
2018-10-21 16:10,3972
2018-10-21 16:15,3984
2018-10-21 16:20,3996
2018-10-21 16:25,3982
2018-10-21 16:30,4008
2018-10-21 16:35,4037
2018-10-21 16:40,4003
2018-10-21 16:45,4025
2018-10-21 16:50,4023
2018-10-21 16:55,4035
2018-10-21 17:00,4052
2018-10-21 17:05,4066
2018-10-21 17:10,4068
2018-10-21 17:15,4070
2018-10-21 17:20,4090
2018-10-21 17:25,4082
2018-10-21 17:30,4098
2018-10-21 17:35,4085
2018-10-21 17:40,4071
2018-10-21 17:45,4064
2018-10-21 17:50,4043
2018-10-21 17:55,4036
2018-10-21 18:00,4058
2018-10-21 18:05,4054
2018-10-21 18:10,4067
2018-10-21 18:15,4060
2018-10-21 18:20,4084
2018-10-21 18:25,4083
2018-10-21 18:30,4087
2018-10-21 18:35,4074
2018-10-21 18:40,4098
2018-10-21 18:45,4099
2018-10-21 18:50,4075
2018-10-21 18:55,4060
2018-10-21 19:00,4039
2018-10-21 19:05,4007
2018-10-21 19:10,4008
2018-10-21 19:15,3989
2018-10-21 19:20,4007
2018-10-21 19:25,4002
2018-10-21 19:30,3982
2018-10-21 19:35,3979
2018-10-21 19:40,3945
2018-10-21 19:45,3925
2018-10-21 19:50,3870
2018-10-21 19:55,3873
2018-10-21 20:00,3859
2018-10-21 20:05,3830
2018-10-21 20:10,3786
2018-10-21 20:15,3737
2018-10-21 20:20,3692
2018-10-21 20:25,3662
2018-10-21 20:30,3620
2018-10-21 20:35,3578
2018-10-21 20:40,3532
2018-10-21 20:45,3496
2018-10-21 20:50,3483
2018-10-21 20:55,3476
2018-10-21 21:00,3435
2018-10-21 21:05,3373
2018-10-21 21:10,3334
2018-10-21 21:15,3312
2018-10-21 21:20,3302
2018-10-21 21:25,3263
2018-10-21 21:30,3259
2018-10-21 21:35,3191
2018-10-21 21:40,3142
2018-10-21 21:45,3108
2018-10-21 21:50,3084
2018-10-21 21:55,3058
2018-10-21 22:00,3004
2018-10-21 22:05,2934
2018-10-21 22:10,2899
2018-10-21 22:15,2881
2018-10-21 22:20,2826
2018-10-21 22:25,2781
2018-10-21 22:30,2766
2018-10-21 22:35,2738
2018-10-21 22:40,2714
2018-10-21 22:45,2693
2018-10-21 22:50,2640
2018-10-21 22:55,2624
2018-10-21 23:00,2606
2018-10-21 23:05,2570
2018-10-21 23:10,2539
2018-10-21 23:15,2519
2018-10-21 23:20,2524
2018-10-21 23:25,2495
2018-10-21 23:30,2488
2018-10-21 23:35,2473
2018-10-21 23:40,2470
2018-10-21 23:45,2468
2018-10-21 23:50,2427
2018-10-21 23:55,2399
2018-10-22 00:00,2385
2018-10-22 00:05,2361
2018-10-22 00:10,2332
2018-10-22 00:15,2328
2018-10-22 00:20,2339
2018-10-22 00:25,2324
2018-10-22 00:30,2332
2018-10-22 00:35,2322
2018-10-22 00:40,2323
2018-10-22 00:45,2298
2018-10-22 00:50,2301
2018-10-22 00:55,2300
2018-10-22 01:00,2271
2018-10-22 01:05,2262
2018-10-22 01:10,2245
2018-10-22 01:15,2229
2018-10-22 01:20,2215
2018-10-22 01:25,2195
2018-10-22 01:30,2183
2018-10-22 01:35,2149
2018-10-22 01:40,2131
2018-10-22 01:45,2127
2018-10-22 01:50,2116
2018-10-22 01:55,2102
2018-10-22 02:00,2102
2018-10-22 02:05,2096
2018-10-22 02:10,2088
2018-10-22 02:15,2052
2018-10-22 02:20,2034
2018-10-22 02:25,2014
2018-10-22 02:30,2005
2018-10-22 02:35,1983
2018-10-22 02:40,1956
2018-10-22 02:45,1933
2018-10-22 02:50,1910
2018-10-22 02:55,1876
2018-10-22 03:00,1851
2018-10-22 03:05,1826
2018-10-22 03:10,1809
2018-10-22 03:15,1805
2018-10-22 03:20,1771
2018-10-22 03:25,1742
2018-10-22 03:30,1740
2018-10-22 03:35,1729
2018-10-22 03:40,1718
2018-10-22 03:45,1693
2018-10-22 03:50,1689
2018-10-22 03:55,1668
2018-10-22 04:00,1662
2018-10-22 04:05,1643
2018-10-22 04:10,1619
2018-10-22 04:15,1597
2018-10-22 04:20,1578
2018-10-22 04:25,1546
2018-10-22 04:30,1523
2018-10-22 04:35,1513
2018-10-22 04:40,1512
2018-10-22 04:45,1520
2018-10-22 04:50,1529
2018-10-22 04:55,1503
2018-10-22 05:00,1511
2018-10-22 05:05,1501
2018-10-22 05:10,1493
2018-10-22 05:15,1505
2018-10-22 05:20,1495
2018-10-22 05:25,1473
2018-10-22 05:30,1458
2018-10-22 05:35,1450
2018-10-22 05:40,1462
2018-10-22 05:45,1479
2018-10-22 05:50,1473
2018-10-22 05:55,1455
2018-10-22 06:00,1439
2018-10-22 06:05,1456
2018-10-22 06:10,1451
2018-10-22 06:15,1432
2018-10-22 06:20,1435
2018-10-22 06:25,1407
2018-10-22 06:30,1410
2018-10-22 06:35,1405
2018-10-22 06:40,1394
2018-10-22 06:45,1401
2018-10-22 06:50,1411
2018-10-22 06:55,1416
2018-10-22 07:00,1417
2018-10-22 07:05,1410
2018-10-22 07:10,1417
2018-10-22 07:15,1424
2018-10-22 07:20,1433
2018-10-22 07:25,1446
2018-10-22 07:30,1461
2018-10-22 07:35,1473
2018-10-22 07:40,1477
2018-10-22 07:45,1493
2018-10-22 07:50,1518
2018-10-22 07:55,1504
2018-10-22 08:00,1501
2018-10-22 08:05,1511
2018-10-22 08:10,1514
2018-10-22 08:15,1555
2018-10-22 08:20,1562
2018-10-22 08:25,1590
2018-10-22 08:30,1611
2018-10-22 08:35,1619
2018-10-22 08:40,1638
2018-10-22 08:45,1647
2018-10-22 08:50,1673
2018-10-22 08:55,1702
2018-10-22 09:00,1697
2018-10-22 09:05,1708
2018-10-22 09:10,1723
2018-10-22 09:15,1726
2018-10-22 09:20,1717
2018-10-22 09:25,1725
2018-10-22 09:30,1754
2018-10-22 09:35,1752
2018-10-22 09:40,1759
2018-10-22 09:45,1778
2018-10-22 09:50,1799
2018-10-22 09:55,1817
2018-10-22 10:00,1833
2018-10-22 10:05,1861
2018-10-22 10:10,1856
2018-10-22 10:15,1889
2018-10-22 10:20,1908
2018-10-22 10:25,1911
2018-10-22 10:30,1927
2018-10-22 10:35,1953
2018-10-22 10:40,1960
2018-10-22 10:45,2014
2018-10-22 10:50,2032
2018-10-22 10:55,2046
2018-10-22 11:00,2044
2018-10-22 11:05,2061
2018-10-22 11:10,2089
2018-10-22 11:15,2094
2018-10-22 11:20,2116
2018-10-22 11:25,2140
2018-10-22 11:30,2145
2018-10-22 11:35,2155
2018-10-22 11:40,2146
2018-10-22 11:45,2168
2018-10-22 11:50,2207
2018-10-22 11:55,2219
2018-10-22 12:00,2213
2018-10-22 12:05,2221
2018-10-22 12:10,2242
2018-10-22 12:15,2242
2018-10-22 12:20,2251
2018-10-22 12:25,2255
2018-10-22 12:30,2262
2018-10-22 12:35,2271
2018-10-22 12:40,2293
2018-10-22 12:45,2292
2018-10-22 12:50,2296
2018-10-22 12:55,2315
2018-10-22 13:00,2339
2018-10-22 13:05,2360
2018-10-22 13:10,2408
2018-10-22 13:15,2424
2018-10-22 13:20,2446
2018-10-22 13:25,2476
2018-10-22 13:30,2481
2018-10-22 13:35,2477
2018-10-22 13:40,2492
2018-10-22 13:45,2512
2018-10-22 13:50,2521
2018-10-22 13:55,2521
2018-10-22 14:00,2531
2018-10-22 14:05,2543
2018-10-22 14:10,2551
2018-10-22 14:15,2563
2018-10-22 14:20,2576
2018-10-22 14:25,2606
2018-10-22 14:30,2609
2018-10-22 14:35,2614
2018-10-22 14:40,2635
2018-10-22 14:45,2634
2018-10-22 14:50,2678
2018-10-22 14:55,2692
2018-10-22 15:00,2752
2018-10-22 15:05,2762
2018-10-22 15:10,2800
2018-10-22 15:15,2813
2018-10-22 15:20,2816
2018-10-22 15:25,2823
2018-10-22 15:30,2864
2018-10-22 15:35,2851
2018-10-22 15:40,2895
2018-10-22 15:45,2959
2018-10-22 15:50,2979
2018-10-22 15:55,3021
2018-10-22 16:00,3033
2018-10-22 16:05,3039
2018-10-22 16:10,3045
2018-10-22 16:15,3067
2018-10-22 16:20,3113
2018-10-22 16:25,3125
2018-10-22 16:30,3160
2018-10-22 16:35,3190
2018-10-22 16:40,3192
2018-10-22 16:45,3217
2018-10-22 16:50,3216
2018-10-22 16:55,3236
2018-10-22 17:00,3253
2018-10-22 17:05,3258
2018-10-22 17:10,3272
2018-10-22 17:15,3306
2018-10-22 17:20,3376
2018-10-22 17:25,3381
2018-10-22 17:30,3394
2018-10-22 17:35,3423
2018-10-22 17:40,3434
2018-10-22 17:45,3405
2018-10-22 17:50,3409
2018-10-22 17:55,3426
2018-10-22 18:00,3448
2018-10-22 18:05,3437
2018-10-22 18:10,3460
2018-10-22 18:15,3473
2018-10-22 18:20,3460
2018-10-22 18:25,3483
2018-10-22 18:30,3505
2018-10-22 18:35,3509
2018-10-22 18:40,3509
2018-10-22 18:45,3516
2018-10-22 18:50,3503
2018-10-22 18:55,3503
2018-10-22 19:00,3452
2018-10-22 19:05,3446
2018-10-22 19:10,3438
2018-10-22 19:15,3417
2018-10-22 19:20,3422
2018-10-22 19:25,3432
2018-10-22 19:30,3449
2018-10-22 19:35,3432
2018-10-22 19:40,3442
2018-10-22 19:45,3401
2018-10-22 19:50,3373
2018-10-22 19:55,3359
2018-10-22 20:00,3333
2018-10-22 20:05,3309
2018-10-22 20:10,3256
2018-10-22 20:15,3209
2018-10-22 20:20,3195
2018-10-22 20:25,3152
2018-10-22 20:30,3142
2018-10-22 20:35,3097
2018-10-22 20:40,3097
2018-10-22 20:45,3050
2018-10-22 20:50,3014
2018-10-22 20:55,2977
2018-10-22 21:00,2960
2018-10-22 21:05,2960
2018-10-22 21:10,2940
2018-10-22 21:15,2861
2018-10-22 21:20,2846
2018-10-22 21:25,2846
2018-10-22 21:30,2766
2018-10-22 21:35,2720
2018-10-22 21:40,2720
2018-10-22 21:45,2702
2018-10-22 21:50,2624
2018-10-22 21:55,2593
2018-10-22 22:00,2572
2018-10-22 22:05,2542
2018-10-22 22:10,2503
2018-10-22 22:15,2482
2018-10-22 22:20,2490
2018-10-22 22:25,2462
2018-10-22 22:30,2429
2018-10-22 22:35,2392
2018-10-22 22:40,2373
2018-10-22 22:45,2386
2018-10-22 22:50,2389
2018-10-22 22:55,2389
2018-10-22 23:00,2373
2018-10-22 23:05,2373
2018-10-22 23:10,2373
2018-10-22 23:15,2332
2018-10-22 23:20,2340
2018-10-22 23:25,2340
2018-10-22 23:30,2299
2018-10-22 23:35,2295
2018-10-22 23:40,2295
2018-10-22 23:45,2263
2018-10-22 23:50,2251
2018-10-22 23:55,2251
2018-10-23 00:00,2249
2018-10-23 00:05,2240
2018-10-23 00:10,2240
2018-10-23 00:15,2190
2018-10-23 00:20,2194
2018-10-23 00:25,2194
2018-10-23 00:30,2182
2018-10-23 00:35,2187
2018-10-23 00:40,2187
2018-10-23 00:45,2188
2018-10-23 00:50,2169
2018-10-23 00:55,2158
2018-10-23 01:00,2128
2018-10-23 01:05,2096
2018-10-23 01:10,2096
2018-10-23 01:15,2077
2018-10-23 01:20,2054
2018-10-23 01:25,2054
2018-10-23 01:30,2040
2018-10-23 01:35,1999
2018-10-23 01:40,1999
2018-10-23 01:45,1973
2018-10-23 01:50,1973
2018-10-23 01:55,1949
2018-10-23 02:00,1949
2018-10-23 02:05,1949
2018-10-23 02:10,1945
2018-10-23 02:15,1938
2018-10-23 02:20,1910
2018-10-23 02:25,1910
2018-10-23 02:30,1888
2018-10-23 02:35,1888
2018-10-23 02:40,1864
2018-10-23 02:45,1862
2018-10-23 02:50,1815
2018-10-23 02:55,1815
2018-10-23 03:00,1790
2018-10-23 03:05,1790
2018-10-23 03:10,1771
2018-10-23 03:15,1735
2018-10-23 03:20,1735
2018-10-23 03:25,1722
2018-10-23 03:30,1714
2018-10-23 03:35,1714
2018-10-23 03:40,1701
2018-10-23 03:45,1689
2018-10-23 03:50,1658
2018-10-23 03:55,1636
2018-10-23 04:00,1607
2018-10-23 04:05,1580
2018-10-23 04:10,1580
2018-10-23 04:15,1564
2018-10-23 04:20,1531
2018-10-23 04:25,1531
2018-10-23 04:30,1501
2018-10-23 04:35,1501
2018-10-23 04:40,1496
2018-10-23 04:45,1500
2018-10-23 04:50,1479
2018-10-23 04:55,1457
2018-10-23 05:00,1420
2018-10-23 05:05,1415
2018-10-23 05:10,1415
2018-10-23 05:15,1406
2018-10-23 05:20,1401
2018-10-23 05:25,1398
2018-10-23 05:30,1409
2018-10-23 05:35,1397
2018-10-23 05:40,1385
2018-10-23 05:45,1383
2018-10-23 05:50,1379
2018-10-23 05:55,1378
2018-10-23 06:00,1379
2018-10-23 06:05,1384
2018-10-23 06:10,1367
2018-10-23 06:15,1384
2018-10-23 06:20,1369
2018-10-23 06:25,1374
2018-10-23 06:30,1383
2018-10-23 06:35,1380
2018-10-23 06:40,1377
2018-10-23 06:45,1374
2018-10-23 06:50,1377
2018-10-23 06:55,1388
2018-10-23 07:00,1403
2018-10-23 07:05,1403
2018-10-23 07:10,1390
2018-10-23 07:15,1388
2018-10-23 07:20,1408
2018-10-23 07:25,1419
2018-10-23 07:30,1429
2018-10-23 07:35,1449
2018-10-23 07:40,1451
2018-10-23 07:45,1465
2018-10-23 07:50,1483
2018-10-23 07:55,1491
2018-10-23 08:00,1489
2018-10-23 08:05,1492
2018-10-23 08:10,1485
2018-10-23 08:15,1501
2018-10-23 08:20,1506
2018-10-23 08:25,1513
2018-10-23 08:30,1530
2018-10-23 08:35,1566
2018-10-23 08:40,1568
2018-10-23 08:45,1566
2018-10-23 08:50,1576
2018-10-23 08:55,1583
2018-10-23 09:00,1607
2018-10-23 09:05,1635
2018-10-23 09:10,1643
2018-10-23 09:15,1661
2018-10-23 09:20,1681
2018-10-23 09:25,1694
2018-10-23 09:30,1729
2018-10-23 09:35,1748
2018-10-23 09:40,1738
2018-10-23 09:45,1766
2018-10-23 09:50,1778
2018-10-23 09:55,1786
2018-10-23 10:00,1810
2018-10-23 10:05,1842
2018-10-23 10:10,1846
2018-10-23 10:15,1861
2018-10-23 10:20,1887
2018-10-23 10:25,1892
2018-10-23 10:30,1911
2018-10-23 10:35,1925
2018-10-23 10:40,1921
2018-10-23 10:45,1953
2018-10-23 10:50,1953
2018-10-23 10:55,1981
2018-10-23 11:00,1986
2018-10-23 11:05,2011
2018-10-23 11:10,2013
2018-10-23 11:15,2033
2018-10-23 11:20,2028
2018-10-23 11:25,2036
2018-10-23 11:30,2033
2018-10-23 11:35,2054
2018-10-23 11:40,2063
2018-10-23 11:45,2059
2018-10-23 11:50,2065
2018-10-23 11:55,2084
2018-10-23 12:00,2110
2018-10-23 12:05,2121
2018-10-23 12:10,2104
2018-10-23 12:15,2128
2018-10-23 12:20,2157
2018-10-23 12:25,2168
2018-10-23 12:30,2198
2018-10-23 12:35,2204
2018-10-23 12:40,2204
2018-10-23 12:45,2211
2018-10-23 12:50,2222
2018-10-23 12:55,2216
2018-10-23 13:00,2229
2018-10-23 13:05,2232
2018-10-23 13:10,2249
2018-10-23 13:15,2272
2018-10-23 13:20,2273
2018-10-23 13:25,2296
2018-10-23 13:30,2310
2018-10-23 13:35,2337
2018-10-23 13:40,2369
2018-10-23 13:45,2382
2018-10-23 13:50,2409
2018-10-23 13:55,2400
2018-10-23 14:00,2413
2018-10-23 14:05,2458
2018-10-23 14:10,2458
2018-10-23 14:15,2489
2018-10-23 14:20,2498
2018-10-23 14:25,2535
2018-10-23 14:30,2547
2018-10-23 14:35,2595
2018-10-23 14:40,2633
2018-10-23 14:45,2684
2018-10-23 14:50,2712
2018-10-23 14:55,2744
2018-10-23 15:00,2761
2018-10-23 15:05,2793
2018-10-23 15:10,2823
2018-10-23 15:15,2848
2018-10-23 15:20,2890
2018-10-23 15:25,2919
2018-10-23 15:30,2941
2018-10-23 15:35,2984
2018-10-23 15:40,2988
2018-10-23 15:45,3038
2018-10-23 15:50,3087
2018-10-23 15:55,3131
2018-10-23 16:00,3157
2018-10-23 16:05,3179
2018-10-23 16:10,3214
2018-10-23 16:15,3235
2018-10-23 16:20,3229
2018-10-23 16:25,3243
2018-10-23 16:30,3295
2018-10-23 16:35,3310
2018-10-23 16:40,3310
2018-10-23 16:45,3325
2018-10-23 16:50,3324
2018-10-23 16:55,3341
2018-10-23 17:00,3381
2018-10-23 17:05,3396
2018-10-23 17:10,3413
2018-10-23 17:15,3434
2018-10-23 17:20,3443
2018-10-23 17:25,3459
2018-10-23 17:30,3490
2018-10-23 17:35,3516
2018-10-23 17:40,3540
2018-10-23 17:45,3499
2018-10-23 17:50,3479
2018-10-23 17:55,3485
2018-10-23 18:00,3512
2018-10-23 18:05,3519
2018-10-23 18:10,3526
2018-10-23 18:15,3532
2018-10-23 18:20,3521
2018-10-23 18:25,3536
2018-10-23 18:30,3537
2018-10-23 18:35,3538
2018-10-23 18:40,3536
2018-10-23 18:45,3554
2018-10-23 18:50,3563
2018-10-23 18:55,3551
2018-10-23 19:00,3548
2018-10-23 19:05,3534
2018-10-23 19:10,3541
2018-10-23 19:15,3547
2018-10-23 19:20,3551
2018-10-23 19:25,3512
2018-10-23 19:30,3506
2018-10-23 19:35,3514
2018-10-23 19:40,3505
2018-10-23 19:45,3492
2018-10-23 19:50,3452
2018-10-23 19:55,3447
2018-10-23 20:00,3414
2018-10-23 20:05,3398
2018-10-23 20:10,3369
2018-10-23 20:15,3352
2018-10-23 20:20,3341
2018-10-23 20:25,3327
2018-10-23 20:30,3312
2018-10-23 20:35,3305
2018-10-23 20:40,3260
2018-10-23 20:45,3242
2018-10-23 20:50,3227
2018-10-23 20:55,3184
2018-10-23 21:00,3151
2018-10-23 21:05,3105
2018-10-23 21:10,3031
2018-10-23 21:15,2976
2018-10-23 21:20,2943
2018-10-23 21:25,2898
2018-10-23 21:30,2889
2018-10-23 21:35,2868
2018-10-23 21:40,2869
2018-10-23 21:45,2871
2018-10-23 21:50,2850
2018-10-23 21:55,2830
2018-10-23 22:00,2809
2018-10-23 22:05,2762
2018-10-23 22:10,2745
2018-10-23 22:15,2720
2018-10-23 22:20,2685
2018-10-23 22:25,2635
2018-10-23 22:30,2615
2018-10-23 22:35,2586
2018-10-23 22:40,2562
2018-10-23 22:45,2553
2018-10-23 22:50,2523
2018-10-23 22:55,2480
2018-10-23 23:00,2476
2018-10-23 23:05,
2018-10-23 23:10,
2018-10-23 23:15,2365
2018-10-23 23:20,2398
2018-10-23 23:25,2375
2018-10-23 23:30,2361
2018-10-23 23:35,2360
2018-10-23 23:40,2347
2018-10-23 23:45,2326
2018-10-23 23:50,2312
2018-10-23 23:55,2309
2018-10-24 00:00,2302
2018-10-24 00:05,2301
2018-10-24 00:10,2285
2018-10-24 00:15,2271
2018-10-24 00:20,2261
2018-10-24 00:25,2238
2018-10-24 00:30,2259
2018-10-24 00:35,2275
2018-10-24 00:40,2249
2018-10-24 00:45,2229
2018-10-24 00:50,2239
2018-10-24 00:55,2216
2018-10-24 01:00,2187
2018-10-24 01:05,2169
2018-10-24 01:10,2146
2018-10-24 01:15,2160
2018-10-24 01:20,2172
2018-10-24 01:25,2175
2018-10-24 01:30,2161
2018-10-24 01:35,2152
2018-10-24 01:40,2158
2018-10-24 01:45,2160
2018-10-24 01:50,2154
2018-10-24 01:55,2147
2018-10-24 02:00,2139
2018-10-24 02:05,2108
2018-10-24 02:10,2078
2018-10-24 02:15,2081
2018-10-24 02:20,2092
2018-10-24 02:25,2092
2018-10-24 02:30,2053
2018-10-24 02:35,2022
2018-10-24 02:40,2009
2018-10-24 02:45,2001
2018-10-24 02:50,1974
2018-10-24 02:55,1958
2018-10-24 03:00,1944
2018-10-24 03:05,1937
2018-10-24 03:10,1928
2018-10-24 03:15,1922
2018-10-24 03:20,1934
2018-10-24 03:25,1908
2018-10-24 03:30,1885
2018-10-24 03:35,1863
2018-10-24 03:40,1840
2018-10-24 03:45,1830
2018-10-24 03:50,1805
2018-10-24 03:55,1791
2018-10-24 04:00,1776
2018-10-24 04:05,1742
2018-10-24 04:10,1747
2018-10-24 04:15,1717
2018-10-24 04:20,1702
2018-10-24 04:25,1669
2018-10-24 04:30,1659
2018-10-24 04:35,1647
2018-10-24 04:40,1626
2018-10-24 04:45,1611
2018-10-24 04:50,1610
2018-10-24 04:55,1588
2018-10-24 05:00,1575
2018-10-24 05:05,1566
2018-10-24 05:10,1550
2018-10-24 05:15,1535
2018-10-24 05:20,1517
2018-10-24 05:25,1515
2018-10-24 05:30,1515
2018-10-24 05:35,1510
2018-10-24 05:40,1514
2018-10-24 05:45,1519
2018-10-24 05:50,1498
2018-10-24 05:55,1505
2018-10-24 06:00,1498
2018-10-24 06:05,1489
2018-10-24 06:10,1473
2018-10-24 06:15,1486
2018-10-24 06:20,1485
2018-10-24 06:25,1494
2018-10-24 06:30,1483
2018-10-24 06:35,1480
2018-10-24 06:40,1477
2018-10-24 06:45,1483
2018-10-24 06:50,1493
2018-10-24 06:55,1494
2018-10-24 07:00,1487
2018-10-24 07:05,1499
2018-10-24 07:10,1497
2018-10-24 07:15,1503
2018-10-24 07:20,1507
2018-10-24 07:25,1512
2018-10-24 07:30,1514
2018-10-24 07:35,1520
2018-10-24 07:40,1537
2018-10-24 07:45,1556
2018-10-24 07:50,1568
2018-10-24 07:55,1575
2018-10-24 08:00,1578
2018-10-24 08:05,1585
2018-10-24 08:10,1588
2018-10-24 08:15,1609
2018-10-24 08:20,1618
2018-10-24 08:25,1635
2018-10-24 08:30,1611
2018-10-24 08:35,1642
2018-10-24 08:40,1638
2018-10-24 08:45,1640
2018-10-24 08:50,1664
2018-10-24 08:55,1687
2018-10-24 09:00,1696
2018-10-24 09:05,1712
2018-10-24 09:10,1715
2018-10-24 09:15,1733
2018-10-24 09:20,1751
2018-10-24 09:25,1761
2018-10-24 09:30,1743
2018-10-24 09:35,1739
2018-10-24 09:40,1764
2018-10-24 09:45,1779
2018-10-24 09:50,1797
2018-10-24 09:55,1802
2018-10-24 10:00,1817
2018-10-24 10:05,1864
2018-10-24 10:10,1909
2018-10-24 10:15,1898
2018-10-24 10:20,1902
2018-10-24 10:25,1898
2018-10-24 10:30,1915
2018-10-24 10:35,1935
2018-10-24 10:40,1953
2018-10-24 10:45,1979
2018-10-24 10:50,1989
2018-10-24 10:55,2006
2018-10-24 11:00,2022
2018-10-24 11:05,2010
2018-10-24 11:10,2025
2018-10-24 11:15,2027
2018-10-24 11:20,2033
2018-10-24 11:25,2039
2018-10-24 11:30,2057
2018-10-24 11:35,2045
2018-10-24 11:40,2034
2018-10-24 11:45,2003
2018-10-24 11:50,1962
2018-10-24 11:55,1888
2018-10-24 12:00,1743
2018-10-24 12:05,851
2018-10-24 12:10,799
2018-10-24 12:15,751
2018-10-24 12:20,723
2018-10-24 12:25,702
2018-10-24 12:30,676
2018-10-24 12:35,667
2018-10-24 12:40,678
2018-10-24 12:45,663
2018-10-24 12:50,655
2018-10-24 12:55,664
2018-10-24 13:00,660
2018-10-24 13:05,673
2018-10-24 13:10,656
2018-10-24 13:15,686
2018-10-24 13:20,676
2018-10-24 13:25,670
2018-10-24 13:30,655
2018-10-24 13:35,636
2018-10-24 13:40,631
2018-10-24 13:45,643
2018-10-24 13:50,647
2018-10-24 13:55,640
2018-10-24 14:00,643
2018-10-24 14:05,657
2018-10-24 14:10,663
2018-10-24 14:15,679
2018-10-24 14:20,675
2018-10-24 14:25,681
2018-10-24 14:30,681
2018-10-24 14:35,688
2018-10-24 14:40,705
2018-10-24 14:45,694
2018-10-24 14:50,713
2018-10-24 14:55,729
2018-10-24 15:00,747
2018-10-24 15:05,743
2018-10-24 15:10,749
2018-10-24 15:15,754
2018-10-24 15:20,750
2018-10-24 15:25,784
2018-10-24 15:30,794
2018-10-24 15:35,806
2018-10-24 15:40,810
2018-10-24 15:45,809
2018-10-24 15:50,817
2018-10-24 15:55,809
2018-10-24 16:00,832
2018-10-24 16:05,830
2018-10-24 16:10,852
2018-10-24 16:15,871
2018-10-24 16:20,886
2018-10-24 16:25,905
2018-10-24 16:30,898
2018-10-24 16:35,912
2018-10-24 16:40,936
2018-10-24 16:45,946
2018-10-24 16:50,968
2018-10-24 16:55,978
2018-10-24 17:00,979
2018-10-24 17:05,1017
2018-10-24 17:10,1024
2018-10-24 17:15,1036
2018-10-24 17:20,1046
2018-10-24 17:25,1062
2018-10-24 17:30,1147
2018-10-24 17:35,1257
2018-10-24 17:40,1309
2018-10-24 17:45,1346
2018-10-24 17:50,1313
2018-10-24 17:55,1352
2018-10-24 18:00,1345
2018-10-24 18:05,1383
2018-10-24 18:10,1396
2018-10-24 18:15,1421
2018-10-24 18:20,1444
2018-10-24 18:25,1468
2018-10-24 18:30,1474
2018-10-24 18:35,1448
2018-10-24 18:40,1484
2018-10-24 18:45,1507
2018-10-24 18:50,1553
2018-10-24 18:55,1603
2018-10-24 19:00,1726
2018-10-24 19:05,2147
2018-10-24 19:10,2576
2018-10-24 19:15,2832
2018-10-24 19:20,3047
2018-10-24 19:25,3204
2018-10-24 19:30,3328
2018-10-24 19:35,3431
2018-10-24 19:40,3550
2018-10-24 19:45,3631
2018-10-24 19:50,3678
2018-10-24 19:55,3689
2018-10-24 20:00,3718
2018-10-24 20:05,3727
2018-10-24 20:10,3740
2018-10-24 20:15,3714
2018-10-24 20:20,3675
2018-10-24 20:25,3654
2018-10-24 20:30,3630
2018-10-24 20:35,3599
2018-10-24 20:40,3576
2018-10-24 20:45,3532
2018-10-24 20:50,3497
2018-10-24 20:55,3474
2018-10-24 21:00,3424
2018-10-24 21:05,3381
2018-10-24 21:10,3335
2018-10-24 21:15,3321
2018-10-24 21:20,3288
2018-10-24 21:25,3250
2018-10-24 21:30,3198
2018-10-24 21:35,3152
2018-10-24 21:40,3121
2018-10-24 21:45,3099
2018-10-24 21:50,3041
2018-10-24 21:55,3002
2018-10-24 22:00,2984
2018-10-24 22:05,2921
2018-10-24 22:10,2861
2018-10-24 22:15,2821
2018-10-24 22:20,2800
2018-10-24 22:25,2742
2018-10-24 22:30,2725
2018-10-24 22:35,2700
2018-10-24 22:40,2647
2018-10-24 22:45,2624
2018-10-24 22:50,2595
2018-10-24 22:55,2570
2018-10-24 23:00,2553
2018-10-24 23:05,2545
2018-10-24 23:10,2516
2018-10-24 23:15,2517
2018-10-24 23:20,2479
2018-10-24 23:25,2476
2018-10-24 23:30,2475
2018-10-24 23:35,2468
2018-10-24 23:40,2455
2018-10-24 23:45,2441
2018-10-24 23:50,2406
2018-10-24 23:55,2404
2018-10-25 00:00,2392
2018-10-25 00:05,2357
2018-10-25 00:10,2334
2018-10-25 00:15,2345
2018-10-25 00:20,2336
2018-10-25 00:25,2300
2018-10-25 00:30,2289
2018-10-25 00:35,2276
2018-10-25 00:40,2285
2018-10-25 00:45,2266
2018-10-25 00:50,2258
2018-10-25 00:55,2238
2018-10-25 01:00,2225
2018-10-25 01:05,2226
2018-10-25 01:10,2214
2018-10-25 01:15,2198
2018-10-25 01:20,2183
2018-10-25 01:25,2146
2018-10-25 01:30,2139
2018-10-25 01:35,2137
2018-10-25 01:40,2101
2018-10-25 01:45,2092
2018-10-25 01:50,2092
2018-10-25 01:55,2081
2018-10-25 02:00,2078
2018-10-25 02:05,2064
2018-10-25 02:10,2043
2018-10-25 02:15,2020
2018-10-25 02:20,2017
2018-10-25 02:25,1992
2018-10-25 02:30,1981
2018-10-25 02:35,1959
2018-10-25 02:40,1937
2018-10-25 02:45,1910
2018-10-25 02:50,1889
2018-10-25 02:55,1897
2018-10-25 03:00,1885
2018-10-25 03:05,1874
2018-10-25 03:10,1866
2018-10-25 03:15,1844
2018-10-25 03:20,1816
2018-10-25 03:25,1813
2018-10-25 03:30,1800
2018-10-25 03:35,1762
2018-10-25 03:40,1745
2018-10-25 03:45,1752
2018-10-25 03:50,1751
2018-10-25 03:55,1715
2018-10-25 04:00,1692
2018-10-25 04:05,1664
2018-10-25 04:10,1663
2018-10-25 04:15,1641
2018-10-25 04:20,1644
2018-10-25 04:25,1629
2018-10-25 04:30,1612
2018-10-25 04:35,1597
2018-10-25 04:40,1591
2018-10-25 04:45,1581
2018-10-25 04:50,1569
2018-10-25 04:55,1558
2018-10-25 05:00,1540
2018-10-25 05:05,1537
2018-10-25 05:10,1525
2018-10-25 05:15,1514
2018-10-25 05:20,1520
2018-10-25 05:25,1516
2018-10-25 05:30,1517
2018-10-25 05:35,1502
2018-10-25 05:40,1506
2018-10-25 05:45,1503
2018-10-25 05:50,1509
2018-10-25 05:55,1491
2018-10-25 06:00,1482
2018-10-25 06:05,1466
2018-10-25 06:10,1463
2018-10-25 06:15,1470
2018-10-25 06:20,1478
2018-10-25 06:25,1469
2018-10-25 06:30,1468
2018-10-25 06:35,1467
2018-10-25 06:40,1491
2018-10-25 06:45,1476
2018-10-25 06:50,1494
2018-10-25 06:55,1504
2018-10-25 07:00,1492
2018-10-25 07:05,1509
2018-10-25 07:10,1505
2018-10-25 07:15,1492
2018-10-25 07:20,1497
2018-10-25 07:25,1503
2018-10-25 07:30,1516
2018-10-25 07:35,1546
2018-10-25 07:40,1571
2018-10-25 07:45,1578
2018-10-25 07:50,1621
2018-10-25 07:55,1641
2018-10-25 08:00,1648
2018-10-25 08:05,1657
2018-10-25 08:10,1669
2018-10-25 08:15,1675
2018-10-25 08:20,1688
2018-10-25 08:25,1692
2018-10-25 08:30,1705
2018-10-25 08:35,1715
2018-10-25 08:40,1737
2018-10-25 08:45,1757
2018-10-25 08:50,1773
2018-10-25 08:55,1783
2018-10-25 09:00,1798
2018-10-25 09:05,1807
2018-10-25 09:10,1816
2018-10-25 09:15,1837
2018-10-25 09:20,1842
2018-10-25 09:25,1857
2018-10-25 09:30,1859
2018-10-25 09:35,1850
2018-10-25 09:40,1882
2018-10-25 09:45,1896
2018-10-25 09:50,1911
2018-10-25 09:55,1931
2018-10-25 10:00,1963
2018-10-25 10:05,1977
2018-10-25 10:10,1983
2018-10-25 10:15,2014
2018-10-25 10:20,2035
2018-10-25 10:25,2037
2018-10-25 10:30,2062
2018-10-25 10:35,2087
2018-10-25 10:40,2093
2018-10-25 10:45,2114
2018-10-25 10:50,2118
2018-10-25 10:55,2127
2018-10-25 11:00,2134
2018-10-25 11:05,2142
2018-10-25 11:10,2149
2018-10-25 11:15,2150
2018-10-25 11:20,2157
2018-10-25 11:25,2151
2018-10-25 11:30,2167
2018-10-25 11:35,2186
2018-10-25 11:40,2187
2018-10-25 11:45,2181
2018-10-25 11:50,2206
2018-10-25 11:55,2233
2018-10-25 12:00,2230
2018-10-25 12:05,2248
2018-10-25 12:10,2265
2018-10-25 12:15,2291
2018-10-25 12:20,2328
2018-10-25 12:25,2333
2018-10-25 12:30,2374
2018-10-25 12:35,2386
2018-10-25 12:40,2403
2018-10-25 12:45,2425
2018-10-25 12:50,2421
2018-10-25 12:55,2424
2018-10-25 13:00,2440
2018-10-25 13:05,2457
2018-10-25 13:10,2445
2018-10-25 13:15,2455
2018-10-25 13:20,2450
2018-10-25 13:25,2445
2018-10-25 13:30,2479
2018-10-25 13:35,2506
2018-10-25 13:40,2517
2018-10-25 13:45,2558
2018-10-25 13:50,2565
2018-10-25 13:55,2547
2018-10-25 14:00,2572
2018-10-25 14:05,2582
2018-10-25 14:10,2600
2018-10-25 14:15,2608
2018-10-25 14:20,2626
2018-10-25 14:25,2642
2018-10-25 14:30,2660
2018-10-25 14:35,2680
2018-10-25 14:40,2707
2018-10-25 14:45,2720
2018-10-25 14:50,2739
2018-10-25 14:55,2762
2018-10-25 15:00,2773
2018-10-25 15:05,2826
2018-10-25 15:10,2852
2018-10-25 15:15,2857
2018-10-25 15:20,2875
2018-10-25 15:25,2889
2018-10-25 15:30,2896
2018-10-25 15:35,2929
2018-10-25 15:40,2949
2018-10-25 15:45,2950
2018-10-25 15:50,2990
2018-10-25 15:55,3008
2018-10-25 16:00,3039
2018-10-25 16:05,3059
2018-10-25 16:10,3077
2018-10-25 16:15,3087
2018-10-25 16:20,3095
2018-10-25 16:25,3105
2018-10-25 16:30,3137
2018-10-25 16:35,3178
2018-10-25 16:40,3210
2018-10-25 16:45,3259
2018-10-25 16:50,3293
2018-10-25 16:55,3320
2018-10-25 17:00,3323
2018-10-25 17:05,3323
2018-10-25 17:10,3319
2018-10-25 17:15,3313
2018-10-25 17:20,3333
2018-10-25 17:25,3343
2018-10-25 17:30,3362
2018-10-25 17:35,3395
2018-10-25 17:40,3406
2018-10-25 17:45,3403
2018-10-25 17:50,3428
2018-10-25 17:55,3458
2018-10-25 18:00,3467
2018-10-25 18:05,3488
2018-10-25 18:10,3501
2018-10-25 18:15,3514
2018-10-25 18:20,3505
2018-10-25 18:25,3499
2018-10-25 18:30,3516
2018-10-25 18:35,3514
2018-10-25 18:40,3524
2018-10-25 18:45,3520
2018-10-25 18:50,3508
2018-10-25 18:55,3480
2018-10-25 19:00,3439
2018-10-25 19:05,3427
2018-10-25 19:10,3396
2018-10-25 19:15,3376
2018-10-25 19:20,3372
2018-10-25 19:25,3384
2018-10-25 19:30,3373
2018-10-25 19:35,3354
2018-10-25 19:40,3336
2018-10-25 19:45,3332
2018-10-25 19:50,3333
2018-10-25 19:55,3322
2018-10-25 20:00,3313
2018-10-25 20:05,3304
2018-10-25 20:10,3260
2018-10-25 20:15,3208
2018-10-25 20:20,3205
2018-10-25 20:25,3192
2018-10-25 20:30,3174
2018-10-25 20:35,3153
2018-10-25 20:40,3117
2018-10-25 20:45,3077
2018-10-25 20:50,3075
2018-10-25 20:55,3061
2018-10-25 21:00,3005
2018-10-25 21:05,2994
2018-10-25 21:10,2981
2018-10-25 21:15,2911
2018-10-25 21:20,2874
2018-10-25 21:25,2834
2018-10-25 21:30,2795
2018-10-25 21:35,2774
2018-10-25 21:40,2719
2018-10-25 21:45,2685
2018-10-25 21:50,2638
2018-10-25 21:55,2617
2018-10-25 22:00,2590
2018-10-25 22:05,2576
2018-10-25 22:10,2555
2018-10-25 22:15,2530
2018-10-25 22:20,2521
2018-10-25 22:25,2495
2018-10-25 22:30,2480
2018-10-25 22:35,2445
2018-10-25 22:40,2417
2018-10-25 22:45,2397
2018-10-25 22:50,2419
2018-10-25 22:55,2395
2018-10-25 23:00,2374
2018-10-25 23:05,2377
2018-10-25 23:10,2352
2018-10-25 23:15,2355
2018-10-25 23:20,2342
2018-10-25 23:25,2314
2018-10-25 23:30,2314
2018-10-25 23:35,2299
2018-10-25 23:40,2289
2018-10-25 23:45,2286
2018-10-25 23:50,2255
2018-10-25 23:55,2242
2018-10-26 00:00,2211
2018-10-26 00:05,2206
2018-10-26 00:10,2183
2018-10-26 00:15,2192
2018-10-26 00:20,2187
2018-10-26 00:25,2186
2018-10-26 00:30,2154
2018-10-26 00:35,2169
2018-10-26 00:40,2174
2018-10-26 00:45,2165
2018-10-26 00:50,2182
2018-10-26 00:55,2186
2018-10-26 01:00,2185
2018-10-26 01:05,2181
2018-10-26 01:10,2186
2018-10-26 01:15,2180
2018-10-26 01:20,2155
2018-10-26 01:25,2149
2018-10-26 01:30,2126
2018-10-26 01:35,2097
2018-10-26 01:40,2112
2018-10-26 01:45,2080
2018-10-26 01:50,2080
2018-10-26 01:55,2063
2018-10-26 02:00,2049
2018-10-26 02:05,2026
2018-10-26 02:10,2018
2018-10-26 02:15,2001
2018-10-26 02:20,1980
2018-10-26 02:25,1968
2018-10-26 02:30,1946
2018-10-26 02:35,1925
2018-10-26 02:40,1916
2018-10-26 02:45,1904
2018-10-26 02:50,1899
2018-10-26 02:55,1870
2018-10-26 03:00,1874
2018-10-26 03:05,1830
2018-10-26 03:10,1793
2018-10-26 03:15,1772
2018-10-26 03:20,1765
2018-10-26 03:25,1739
2018-10-26 03:30,1731
2018-10-26 03:35,1712
2018-10-26 03:40,1705
2018-10-26 03:45,1701
2018-10-26 03:50,1687
2018-10-26 03:55,1661
2018-10-26 04:00,1641
2018-10-26 04:05,1623
2018-10-26 04:10,1588
2018-10-26 04:15,1584
2018-10-26 04:20,1570
2018-10-26 04:25,1538
2018-10-26 04:30,1527
2018-10-26 04:35,1526
2018-10-26 04:40,1509
2018-10-26 04:45,1503
2018-10-26 04:50,1488
2018-10-26 04:55,1482
2018-10-26 05:00,1479
2018-10-26 05:05,1478
2018-10-26 05:10,1472
2018-10-26 05:15,1475
2018-10-26 05:20,1456
2018-10-26 05:25,1451
2018-10-26 05:30,1458
2018-10-26 05:35,1459
2018-10-26 05:40,1450
2018-10-26 05:45,1457
2018-10-26 05:50,1456
2018-10-26 05:55,1465
2018-10-26 06:00,1461
2018-10-26 06:05,1470
2018-10-26 06:10,1459
2018-10-26 06:15,1462
2018-10-26 06:20,1489
2018-10-26 06:25,1481
2018-10-26 06:30,1482
2018-10-26 06:35,1481
2018-10-26 06:40,1492
2018-10-26 06:45,1482
2018-10-26 06:50,1497
2018-10-26 06:55,1499
2018-10-26 07:00,1519
2018-10-26 07:05,1521
2018-10-26 07:10,1517
2018-10-26 07:15,1514
2018-10-26 07:20,1502
2018-10-26 07:25,1483
2018-10-26 07:30,1492
2018-10-26 07:35,1495
2018-10-26 07:40,1488
2018-10-26 07:45,1502
2018-10-26 07:50,1500
2018-10-26 07:55,1511
2018-10-26 08:00,1527
2018-10-26 08:05,1546
2018-10-26 08:10,1573
2018-10-26 08:15,1592
2018-10-26 08:20,1606
2018-10-26 08:25,1628
2018-10-26 08:30,1635
2018-10-26 08:35,1644
2018-10-26 08:40,1677
2018-10-26 08:45,1685
2018-10-26 08:50,1702
2018-10-26 08:55,1732
2018-10-26 09:00,1734
2018-10-26 09:05,1737
2018-10-26 09:10,1751
2018-10-26 09:15,1753
2018-10-26 09:20,1756
2018-10-26 09:25,1785
2018-10-26 09:30,1787
2018-10-26 09:35,1809
2018-10-26 09:40,1820
2018-10-26 09:45,1843
2018-10-26 09:50,1850
2018-10-26 09:55,1877
2018-10-26 10:00,1885
2018-10-26 10:05,1889
2018-10-26 10:10,1884
2018-10-26 10:15,1923
2018-10-26 10:20,1953
2018-10-26 10:25,1942
2018-10-26 10:30,1959
2018-10-26 10:35,1971
2018-10-26 10:40,1970
2018-10-26 10:45,2002
2018-10-26 10:50,2036
2018-10-26 10:55,2071
2018-10-26 11:00,2075
2018-10-26 11:05,2073
2018-10-26 11:10,2074
2018-10-26 11:15,2080
2018-10-26 11:20,2075
2018-10-26 11:25,2081
2018-10-26 11:30,2101
2018-10-26 11:35,2153
2018-10-26 11:40,2155
2018-10-26 11:45,2146
2018-10-26 11:50,2157
2018-10-26 11:55,2180
2018-10-26 12:00,2196
2018-10-26 12:05,2192
2018-10-26 12:10,2193
2018-10-26 12:15,2183
2018-10-26 12:20,2197
2018-10-26 12:25,2202
2018-10-26 12:30,2225
2018-10-26 12:35,2237
2018-10-26 12:40,2262
2018-10-26 12:45,2293
2018-10-26 12:50,2303
2018-10-26 12:55,2322
2018-10-26 13:00,2331
2018-10-26 13:05,2325
2018-10-26 13:10,2344
2018-10-26 13:15,2350
2018-10-26 13:20,2365
2018-10-26 13:25,2373
2018-10-26 13:30,2373
2018-10-26 13:35,2351
2018-10-26 13:40,2354
2018-10-26 13:45,2353
2018-10-26 13:50,2320
2018-10-26 13:55,2271
2018-10-26 14:00,2132
2018-10-26 14:05,1635
2018-10-26 14:10,1473
2018-10-26 14:15,1465
2018-10-26 14:20,1463
2018-10-26 14:25,1457
2018-10-26 14:30,1466
2018-10-26 14:35,1448
2018-10-26 14:40,1448
2018-10-26 14:45,1478
2018-10-26 14:50,1473
2018-10-26 14:55,1492
2018-10-26 15:00,1483
2018-10-26 15:05,1526
2018-10-26 15:10,1516
2018-10-26 15:15,1548
2018-10-26 15:20,1620
2018-10-26 15:25,1778
2018-10-26 15:30,1930
2018-10-26 15:35,2077
2018-10-26 15:40,2208
2018-10-26 15:45,2327
2018-10-26 15:50,2432
2018-10-26 15:55,2507
2018-10-26 16:00,2592
2018-10-26 16:05,2678
2018-10-26 16:10,2794
2018-10-26 16:15,2851
2018-10-26 16:20,2919
2018-10-26 16:25,2968
2018-10-26 16:30,3022
2018-10-26 16:35,3057
2018-10-26 16:40,3118
2018-10-26 16:45,3157
2018-10-26 16:50,3195
2018-10-26 16:55,3237
2018-10-26 17:00,3292
2018-10-26 17:05,3304
2018-10-26 17:10,3334
2018-10-26 17:15,3346
2018-10-26 17:20,3380
2018-10-26 17:25,3419
2018-10-26 17:30,3422
2018-10-26 17:35,3465
2018-10-26 17:40,3480
2018-10-26 17:45,3492
2018-10-26 17:50,3489
2018-10-26 17:55,3495
2018-10-26 18:00,3465
2018-10-26 18:05,3479
2018-10-26 18:10,3470
2018-10-26 18:15,3464
2018-10-26 18:20,3479
2018-10-26 18:25,3511
2018-10-26 18:30,3522
2018-10-26 18:35,3520
2018-10-26 18:40,3525
2018-10-26 18:45,3515
2018-10-26 18:50,3496
2018-10-26 18:55,3497
2018-10-26 19:00,3504
2018-10-26 19:05,3519
2018-10-26 19:10,3546
2018-10-26 19:15,3536
2018-10-26 19:20,3532
2018-10-26 19:25,3538
2018-10-26 19:30,3549
2018-10-26 19:35,3552
2018-10-26 19:40,3565
2018-10-26 19:45,3570
2018-10-26 19:50,3553
2018-10-26 19:55,3530
2018-10-26 20:00,3515
2018-10-26 20:05,3292
2018-10-26 20:10,3309
2018-10-26 20:15,3344
2018-10-26 20:20,3333
2018-10-26 20:25,3339
2018-10-26 20:30,3323
2018-10-26 20:35,3318
2018-10-26 20:40,3290
2018-10-26 20:45,3305
2018-10-26 20:50,3312
2018-10-26 20:55,3268
2018-10-26 21:00,3248
2018-10-26 21:05,3203
2018-10-26 21:10,3205
2018-10-26 21:15,3195
2018-10-26 21:20,3177
2018-10-26 21:25,3137
2018-10-26 21:30,3142
2018-10-26 21:35,3119
2018-10-26 21:40,3072
2018-10-26 21:45,3035
2018-10-26 21:50,3017
2018-10-26 21:55,2959
2018-10-26 22:00,2948
2018-10-26 22:05,2911
2018-10-26 22:10,2879
2018-10-26 22:15,2835
2018-10-26 22:20,2791
2018-10-26 22:25,2759
2018-10-26 22:30,2764
2018-10-26 22:35,2725
2018-10-26 22:40,2687
2018-10-26 22:45,2666
2018-10-26 22:50,2660
2018-10-26 22:55,2632
2018-10-26 23:00,2578
2018-10-26 23:05,2547
2018-10-26 23:10,2488
2018-10-26 23:15,2467
2018-10-26 23:20,2451
2018-10-26 23:25,2426
2018-10-26 23:30,2423
2018-10-26 23:35,2415
2018-10-26 23:40,2394
2018-10-26 23:45,2381
2018-10-26 23:50,2334
2018-10-26 23:55,2294
2018-10-27 00:00,2284
2018-10-27 00:05,2277
2018-10-27 00:10,2185
2018-10-27 00:15,2190
2018-10-27 00:20,2154
2018-10-27 00:25,2120
2018-10-27 00:30,2113
2018-10-27 00:35,2104
2018-10-27 00:40,2121
2018-10-27 00:45,2126
2018-10-27 00:50,2116
2018-10-27 00:55,2119
2018-10-27 01:00,2102
2018-10-27 01:05,2096
2018-10-27 01:10,2091
2018-10-27 01:15,2100
2018-10-27 01:20,2099
2018-10-27 01:25,2107
2018-10-27 01:30,2098
2018-10-27 01:35,2096
2018-10-27 01:40,1796
2018-10-27 01:45,1853
2018-10-27 01:50,1882
2018-10-27 01:55,1899
2018-10-27 02:00,1913
2018-10-27 02:05,1943
2018-10-27 02:10,1969
2018-10-27 02:15,1992
2018-10-27 02:20,1992
2018-10-27 02:25,1993
2018-10-27 02:30,2001
2018-10-27 02:35,2021
2018-10-27 02:40,2012
2018-10-27 02:45,2019
2018-10-27 02:50,2021
2018-10-27 02:55,2020
2018-10-27 03:00,2016
2018-10-27 03:05,2021
2018-10-27 03:10,2005
2018-10-27 03:15,1990
2018-10-27 03:20,1976
2018-10-27 03:25,1970
2018-10-27 03:30,1965
2018-10-27 03:35,1975
2018-10-27 03:40,1954
2018-10-27 03:45,1963
2018-10-27 03:50,1950
2018-10-27 03:55,1911
2018-10-27 04:00,1896
2018-10-27 04:05,1894
2018-10-27 04:10,1879
2018-10-27 04:15,1865
2018-10-27 04:20,1850
2018-10-27 04:25,1825
2018-10-27 04:30,1816
2018-10-27 04:35,1812
2018-10-27 04:40,1813
2018-10-27 04:45,1787
2018-10-27 04:50,1756
2018-10-27 04:55,1280
2018-10-27 05:00,1068
2018-10-27 05:05,1291
2018-10-27 05:10,1397
2018-10-27 05:15,1433
2018-10-27 05:20,1493
2018-10-27 05:25,1532
2018-10-27 05:30,1565
2018-10-27 05:35,1281
2018-10-27 05:40,1387
2018-10-27 05:45,1458
2018-10-27 05:50,1497
2018-10-27 05:55,1523
2018-10-27 06:00,1556
2018-10-27 06:05,1589
2018-10-27 06:10,1609
2018-10-27 06:15,1647
2018-10-27 06:20,1635
2018-10-27 06:25,1667
2018-10-27 06:30,1687
2018-10-27 06:35,1723
2018-10-27 06:40,1759
2018-10-27 06:45,1789
2018-10-27 06:50,1801
2018-10-27 06:55,1810
2018-10-27 07:00,1823
2018-10-27 07:05,1839
2018-10-27 07:10,1845
2018-10-27 07:15,1866
2018-10-27 07:20,1894
2018-10-27 07:25,1920
2018-10-27 07:30,1938
2018-10-27 07:35,1964
2018-10-27 07:40,1968
2018-10-27 07:45,2001
2018-10-27 07:50,2043
2018-10-27 07:55,2070
2018-10-27 08:00,2084
2018-10-27 08:05,2107
2018-10-27 08:10,2136
2018-10-27 08:15,2157
2018-10-27 08:20,2188
2018-10-27 08:25,2199
2018-10-27 08:30,2220
2018-10-27 08:35,2237
2018-10-27 08:40,2268
2018-10-27 08:45,2283
2018-10-27 08:50,2306
2018-10-27 08:55,2335
2018-10-27 09:00,2362
2018-10-27 09:05,2361
2018-10-27 09:10,2414
2018-10-27 09:15,2440
2018-10-27 09:20,2447
2018-10-27 09:25,2476
2018-10-27 09:30,2475
2018-10-27 09:35,2483
2018-10-27 09:40,2503
2018-10-27 09:45,2516
2018-10-27 09:50,2548
2018-10-27 09:55,2566
2018-10-27 10:00,2565
2018-10-27 10:05,2613
2018-10-27 10:10,2629
2018-10-27 10:15,2656
2018-10-27 10:20,2701
2018-10-27 10:25,2721
2018-10-27 10:30,2740
2018-10-27 10:35,2751
2018-10-27 10:40,2756
2018-10-27 10:45,2775
2018-10-27 10:50,2791
2018-10-27 10:55,2801
2018-10-27 11:00,2822
2018-10-27 11:05,2850
2018-10-27 11:10,2830
2018-10-27 11:15,2810
2018-10-27 11:20,2817
2018-10-27 11:25,2832
2018-10-27 11:30,2850
2018-10-27 11:35,2884
2018-10-27 11:40,2904
2018-10-27 11:45,2931
2018-10-27 11:50,2963
2018-10-27 11:55,2960
2018-10-27 12:00,2962
2018-10-27 12:05,2952
2018-10-27 12:10,2978
2018-10-27 12:15,2990
2018-10-27 12:20,2994
2018-10-27 12:25,3016
2018-10-27 12:30,3010
2018-10-27 12:35,3033
2018-10-27 12:40,3043
2018-10-27 12:45,3059
2018-10-27 12:50,3067
2018-10-27 12:55,3102
2018-10-27 13:00,3151
2018-10-27 13:05,3160
2018-10-27 13:10,3174
2018-10-27 13:15,3197
2018-10-27 13:20,3204
2018-10-27 13:25,3173
2018-10-27 13:30,3180
2018-10-27 13:35,3198
2018-10-27 13:40,3263
2018-10-27 13:45,3268
2018-10-27 13:50,3277
2018-10-27 13:55,3278
2018-10-27 14:00,3290
2018-10-27 14:05,3272
2018-10-27 14:10,3281
2018-10-27 14:15,3308
2018-10-27 14:20,3318
2018-10-27 14:25,3349
2018-10-27 14:30,3367
2018-10-27 14:35,3397
2018-10-27 14:40,3373
2018-10-27 14:45,3403
2018-10-27 14:50,3441
2018-10-27 14:55,3437
2018-10-27 15:00,3459
2018-10-27 15:05,3492
2018-10-27 15:10,3527
2018-10-27 15:15,3564
2018-10-27 15:20,3580
2018-10-27 15:25,3461
2018-10-27 15:30,3504
2018-10-27 15:35,3516
2018-10-27 15:40,3546
2018-10-27 15:45,3586
2018-10-27 15:50,3612
2018-10-27 15:55,3610
2018-10-27 16:00,3653
2018-10-27 16:05,3612
2018-10-27 16:10,3623
2018-10-27 16:15,3682
2018-10-27 16:20,3729
2018-10-27 16:25,3727
2018-10-27 16:30,3740
2018-10-27 16:35,3763
2018-10-27 16:40,3780
2018-10-27 16:45,3770
2018-10-27 16:50,3793
2018-10-27 16:55,3784
2018-10-27 17:00,3829
2018-10-27 17:05,3858
2018-10-27 17:10,3845
2018-10-27 17:15,3838
2018-10-27 17:20,3857
2018-10-27 17:25,3845
2018-10-27 17:30,3843
2018-10-27 17:35,3843
2018-10-27 17:40,3877
2018-10-27 17:45,3880
2018-10-27 17:50,3870
2018-10-27 17:55,3860
2018-10-27 18:00,3903
2018-10-27 18:05,3928
2018-10-27 18:10,3915
2018-10-27 18:15,3937
2018-10-27 18:20,3952
2018-10-27 18:25,3938
2018-10-27 18:30,3942
2018-10-27 18:35,3956
2018-10-27 18:40,3982
2018-10-27 18:45,3954
2018-10-27 18:50,3937
2018-10-27 18:55,3965
2018-10-27 19:00,3932
2018-10-27 19:05,3917
2018-10-27 19:10,3904
2018-10-27 19:15,3883
2018-10-27 19:20,3877
2018-10-27 19:25,3889
2018-10-27 19:30,3874
2018-10-27 19:35,3870
2018-10-27 19:40,3826
2018-10-27 19:45,3840
2018-10-27 19:50,3793
2018-10-27 19:55,3782
2018-10-27 20:00,3769
2018-10-27 20:05,3764
2018-10-27 20:10,3755
2018-10-27 20:15,3730
2018-10-27 20:20,3703
2018-10-27 20:25,3689
2018-10-27 20:30,3674
2018-10-27 20:35,3676
2018-10-27 20:40,3652
2018-10-27 20:45,3623
2018-10-27 20:50,3608
2018-10-27 20:55,3571
2018-10-27 21:00,3548
2018-10-27 21:05,3511
2018-10-27 21:10,3486
2018-10-27 21:15,3460
2018-10-27 21:20,3423
2018-10-27 21:25,3381
2018-10-27 21:30,3367
2018-10-27 21:35,3328
2018-10-27 21:40,3307
2018-10-27 21:45,3284
2018-10-27 21:50,3252
2018-10-27 21:55,3230
2018-10-27 22:00,3212
2018-10-27 22:05,3169
2018-10-27 22:10,3121
2018-10-27 22:15,3118
2018-10-27 22:20,3106
2018-10-27 22:25,3081
2018-10-27 22:30,3046
2018-10-27 22:35,3036
2018-10-27 22:40,3013
2018-10-27 22:45,3009
2018-10-27 22:50,2960
2018-10-27 22:55,2959
2018-10-27 23:00,2881
2018-10-27 23:05,2849
2018-10-27 23:10,2819
2018-10-27 23:15,2779
2018-10-27 23:20,2753
2018-10-27 23:25,2722
2018-10-27 23:30,2710
2018-10-27 23:35,2699
2018-10-27 23:40,2712
2018-10-27 23:45,2681
2018-10-27 23:50,2652
2018-10-27 23:55,2640
2018-10-28 00:00,2639
2018-10-28 00:05,2593
2018-10-28 00:10,2575
2018-10-28 00:15,2545
2018-10-28 00:20,2538
2018-10-28 00:25,2519
2018-10-28 00:30,2485
2018-10-28 00:35,2456
2018-10-28 00:40,2446
2018-10-28 00:45,2431
2018-10-28 00:50,2409
2018-10-28 00:55,2388
2018-10-28 01:00,2356
2018-10-28 01:05,2331
2018-10-28 01:10,2304
2018-10-28 01:15,2309
2018-10-28 01:20,2299
2018-10-28 01:25,2283
2018-10-28 01:30,2276
2018-10-28 01:35,2251
2018-10-28 01:40,2225
2018-10-28 01:45,2228
2018-10-28 01:50,2242
2018-10-28 01:55,2232
2018-10-28 02:00,2223
2018-10-28 02:05,2228
2018-10-28 02:10,2221
2018-10-28 02:15,2216
2018-10-28 02:20,2197
2018-10-28 02:25,2167
2018-10-28 02:30,2166
2018-10-28 02:35,2156
2018-10-28 02:40,2163
2018-10-28 02:45,2149
2018-10-28 02:50,2127
2018-10-28 02:55,2114
2018-10-28 03:00,2106
2018-10-28 03:05,2093
2018-10-28 03:10,2095
2018-10-28 03:15,2100
2018-10-28 03:20,2090
2018-10-28 03:25,2059
2018-10-28 03:30,2041
2018-10-28 03:35,2042
2018-10-28 03:40,2038
2018-10-28 03:45,2036
2018-10-28 03:50,2017
2018-10-28 03:55,2003
2018-10-28 04:00,1990
2018-10-28 04:05,1978
2018-10-28 04:10,1975
2018-10-28 04:15,1980
2018-10-28 04:20,1969
2018-10-28 04:25,1969
2018-10-28 04:30,1957
2018-10-28 04:35,1935
2018-10-28 04:40,1924
2018-10-28 04:45,1921
2018-10-28 04:50,1946
2018-10-28 04:55,1930
2018-10-28 05:00,1918
2018-10-28 05:05,1903
2018-10-28 05:10,1907
2018-10-28 05:15,1909
2018-10-28 05:20,1903
2018-10-28 05:25,1887
2018-10-28 05:30,1882
2018-10-28 05:35,1868
2018-10-28 05:40,1876
2018-10-28 05:45,1881
2018-10-28 05:50,1876
2018-10-28 05:55,1864
2018-10-28 06:00,1882
2018-10-28 06:05,1881
2018-10-28 06:10,1900
2018-10-28 06:15,1886
2018-10-28 06:20,1900
2018-10-28 06:25,1918
2018-10-28 06:30,1940
2018-10-28 06:35,1956
2018-10-28 06:40,1962
2018-10-28 06:45,1962
2018-10-28 06:50,1960
2018-10-28 06:55,1954
2018-10-28 07:00,1954
2018-10-28 07:05,1976
2018-10-28 07:10,1980
2018-10-28 07:15,1987
2018-10-28 07:20,2003
2018-10-28 07:25,2016
2018-10-28 07:30,2065
2018-10-28 07:35,2102
2018-10-28 07:40,2128
2018-10-28 07:45,2173
2018-10-28 07:50,2198
2018-10-28 07:55,2217
2018-10-28 08:00,2228
2018-10-28 08:05,2250
2018-10-28 08:10,2254
2018-10-28 08:15,2279
2018-10-28 08:20,2292
2018-10-28 08:25,2337
2018-10-28 08:30,2382
2018-10-28 08:35,2385
2018-10-28 08:40,2396
2018-10-28 08:45,2419
2018-10-28 08:50,2431
2018-10-28 08:55,2451
2018-10-28 09:00,2465
2018-10-28 09:05,2474
2018-10-28 09:10,2522
2018-10-28 09:15,2541
2018-10-28 09:20,2563
2018-10-28 09:25,2611
2018-10-28 09:30,2665
2018-10-28 09:35,2683
2018-10-28 09:40,2690
2018-10-28 09:45,2678
2018-10-28 09:50,2714
2018-10-28 09:55,2733
2018-10-28 10:00,2770
2018-10-28 10:05,2809
2018-10-28 10:10,2826
2018-10-28 10:15,2881
2018-10-28 10:20,2927
2018-10-28 10:25,2920
2018-10-28 10:30,2946
2018-10-28 10:35,2981
2018-10-28 10:40,3009
2018-10-28 10:45,3052
2018-10-28 10:50,3077
2018-10-28 10:55,3095
2018-10-28 11:00,3122
2018-10-28 11:05,3125
2018-10-28 11:10,3138
2018-10-28 11:15,3130
2018-10-28 11:20,3095
2018-10-28 11:25,3126
2018-10-28 11:30,3165
2018-10-28 11:35,3178
2018-10-28 11:40,3192
2018-10-28 11:45,3190
2018-10-28 11:50,3188
2018-10-28 11:55,3208
2018-10-28 12:00,3204
2018-10-28 12:05,3198
2018-10-28 12:10,3173
2018-10-28 12:15,3205
2018-10-28 12:20,3208
2018-10-28 12:25,3218
2018-10-28 12:30,3249
2018-10-28 12:35,3295
2018-10-28 12:40,3287
2018-10-28 12:45,3310
2018-10-28 12:50,3332
2018-10-28 12:55,3307
2018-10-28 13:00,3338
2018-10-28 13:05,3336
2018-10-28 13:10,3367
2018-10-28 13:15,3378
2018-10-28 13:20,3420
2018-10-28 13:25,3417
2018-10-28 13:30,3448
2018-10-28 13:35,3491
2018-10-28 13:40,3501
2018-10-28 13:45,3536
2018-10-28 13:50,3566
2018-10-28 13:55,3586
2018-10-28 14:00,3630
2018-10-28 14:05,3639
2018-10-28 14:10,3667
2018-10-28 14:15,3702
2018-10-28 14:20,3721
2018-10-28 14:25,3754
2018-10-28 14:30,3767
2018-10-28 14:35,3771
2018-10-28 14:40,3770
2018-10-28 14:45,3770
2018-10-28 14:50,3793
2018-10-28 14:55,3811
2018-10-28 15:00,3801
2018-10-28 15:05,3832
2018-10-28 15:10,3847
2018-10-28 15:15,3831
2018-10-28 15:20,3849
2018-10-28 15:25,3851
2018-10-28 15:30,3860
2018-10-28 15:35,3887
2018-10-28 15:40,3931
2018-10-28 15:45,3925
2018-10-28 15:50,3961
2018-10-28 15:55,3980
2018-10-28 16:00,3956
2018-10-28 16:05,3943
2018-10-28 16:10,3949
2018-10-28 16:15,3968
2018-10-28 16:20,3976
2018-10-28 16:25,3979
2018-10-28 16:30,3964
2018-10-28 16:35,3959
2018-10-28 16:40,3964
2018-10-28 16:45,3971
2018-10-28 16:50,3992
2018-10-28 16:55,3988
2018-10-28 17:00,4025
2018-10-28 17:05,4033
2018-10-28 17:10,4001
2018-10-28 17:15,4030
2018-10-28 17:20,4056
2018-10-28 17:25,4066
2018-10-28 17:30,4095
2018-10-28 17:35,4124
2018-10-28 17:40,4125
2018-10-28 17:45,4145
2018-10-28 17:50,4100
2018-10-28 17:55,4125
2018-10-28 18:00,4124
2018-10-28 18:05,4107
2018-10-28 18:10,4126
2018-10-28 18:15,4174
2018-10-28 18:20,4175
2018-10-28 18:25,4179
2018-10-28 18:30,4186
2018-10-28 18:35,4185
2018-10-28 18:40,4173
2018-10-28 18:45,4166
2018-10-28 18:50,4158
2018-10-28 18:55,4162
2018-10-28 19:00,4118
2018-10-28 19:05,4085
2018-10-28 19:10,4113
2018-10-28 19:15,4097
2018-10-28 19:20,4088
2018-10-28 19:25,4111
2018-10-28 19:30,4105
2018-10-28 19:35,4111
2018-10-28 19:40,4098
2018-10-28 19:45,4090
2018-10-28 19:50,4054
2018-10-28 19:55,4023
2018-10-28 20:00,4029
2018-10-28 20:05,4031
2018-10-28 20:10,4002
2018-10-28 20:15,3976
2018-10-28 20:20,3961
2018-10-28 20:25,3957
2018-10-28 20:30,3932
2018-10-28 20:35,3921
2018-10-28 20:40,3913
2018-10-28 20:45,3881
2018-10-28 20:50,3862
2018-10-28 20:55,3825
2018-10-28 21:00,3817
2018-10-28 21:05,3760
2018-10-28 21:10,3750
2018-10-28 21:15,3714
2018-10-28 21:20,3663
2018-10-28 21:25,3652
2018-10-28 21:30,3618
2018-10-28 21:35,3580
2018-10-28 21:40,3552
2018-10-28 21:45,3505
2018-10-28 21:50,3492
2018-10-28 21:55,3435
2018-10-28 22:00,3376
2018-10-28 22:05,3322
2018-10-28 22:10,3273
2018-10-28 22:15,3234
2018-10-28 22:20,3180
2018-10-28 22:25,3143
2018-10-28 22:30,3122
2018-10-28 22:35,3065
2018-10-28 22:40,3019
2018-10-28 22:45,2993
2018-10-28 22:50,2979
2018-10-28 22:55,2957
2018-10-28 23:00,2906
2018-10-28 23:05,2881
2018-10-28 23:10,2869
2018-10-28 23:15,2825
2018-10-28 23:20,2801
2018-10-28 23:25,2788
2018-10-28 23:30,2782
2018-10-28 23:35,2742
2018-10-28 23:40,2714
2018-10-28 23:45,2703
2018-10-28 23:50,2674
2018-10-28 23:55,2654
2018-10-29 00:00,2628
2018-10-29 00:05,2591
2018-10-29 00:10,2550
2018-10-29 00:15,2541
2018-10-29 00:20,2516
2018-10-29 00:25,2490
2018-10-29 00:30,2477
2018-10-29 00:35,2444
2018-10-29 00:40,2427
2018-10-29 00:45,2418
2018-10-29 00:50,2396
2018-10-29 00:55,2368
2018-10-29 01:00,2346
2018-10-29 01:05,2331
2018-10-29 01:10,2294
2018-10-29 01:15,2293
2018-10-29 01:20,2259
2018-10-29 01:25,2245
2018-10-29 01:30,2232
2018-10-29 01:35,2241
2018-10-29 01:40,2205
2018-10-29 01:45,2199
2018-10-29 01:50,2177
2018-10-29 01:55,2162
2018-10-29 02:00,2158
2018-10-29 02:05,2130
2018-10-29 02:10,2124
2018-10-29 02:15,2100
2018-10-29 02:20,2089
2018-10-29 02:25,2069
2018-10-29 02:30,2046
2018-10-29 02:35,2030
2018-10-29 02:40,2016
2018-10-29 02:45,1997
2018-10-29 02:50,1979
2018-10-29 02:55,1951
2018-10-29 03:00,1931
2018-10-29 03:05,1918
2018-10-29 03:10,1882
2018-10-29 03:15,1865
2018-10-29 03:20,1841
2018-10-29 03:25,1821
2018-10-29 03:30,1805
2018-10-29 03:35,1776
2018-10-29 03:40,1772
2018-10-29 03:45,1767
2018-10-29 03:50,1750
2018-10-29 03:55,1724
2018-10-29 04:00,1717
2018-10-29 04:05,1690
2018-10-29 04:10,1657
2018-10-29 04:15,1637
2018-10-29 04:20,1593
2018-10-29 04:25,1607
2018-10-29 04:30,1600
2018-10-29 04:35,1568
2018-10-29 04:40,1552
2018-10-29 04:45,1541
2018-10-29 04:50,1537
2018-10-29 04:55,1524
2018-10-29 05:00,1543
2018-10-29 05:05,1532
2018-10-29 05:10,1522
2018-10-29 05:15,1511
2018-10-29 05:20,1505
2018-10-29 05:25,1499
2018-10-29 05:30,1493
2018-10-29 05:35,1492
2018-10-29 05:40,1470
2018-10-29 05:45,1467
2018-10-29 05:50,1478
2018-10-29 05:55,1466
2018-10-29 06:00,1481
2018-10-29 06:05,1486
2018-10-29 06:10,1475
2018-10-29 06:15,1481
2018-10-29 06:20,1490
2018-10-29 06:25,1487
2018-10-29 06:30,1488
2018-10-29 06:35,1464
2018-10-29 06:40,1472
2018-10-29 06:45,1469
2018-10-29 06:50,1477
2018-10-29 06:55,1489
2018-10-29 07:00,1498
2018-10-29 07:05,1506
2018-10-29 07:10,1488
2018-10-29 07:15,1477
2018-10-29 07:20,1484
2018-10-29 07:25,1473
2018-10-29 07:30,1480
2018-10-29 07:35,1474
2018-10-29 07:40,1486
2018-10-29 07:45,1479
2018-10-29 07:50,1489
2018-10-29 07:55,1486
2018-10-29 08:00,1499
2018-10-29 08:05,1537
2018-10-29 08:10,1539
2018-10-29 08:15,1553
2018-10-29 08:20,1546
2018-10-29 08:25,1557
2018-10-29 08:30,1589
2018-10-29 08:35,1602
2018-10-29 08:40,1624
2018-10-29 08:45,1626
2018-10-29 08:50,1631
2018-10-29 08:55,1633
2018-10-29 09:00,1646
2018-10-29 09:05,1655
2018-10-29 09:10,1682
2018-10-29 09:15,1694
2018-10-29 09:20,1707
2018-10-29 09:25,1718
2018-10-29 09:30,1736
2018-10-29 09:35,1767
2018-10-29 09:40,1778
2018-10-29 09:45,1800
2018-10-29 09:50,1807
2018-10-29 09:55,1825
2018-10-29 10:00,1849
2018-10-29 10:05,1879
2018-10-29 10:10,1910
2018-10-29 10:15,1949
2018-10-29 10:20,1957
2018-10-29 10:25,1980
2018-10-29 10:30,1979
2018-10-29 10:35,1999
2018-10-29 10:40,2016
2018-10-29 10:45,2024
2018-10-29 10:50,2042
2018-10-29 10:55,2046
2018-10-29 11:00,2069
2018-10-29 11:05,2076
2018-10-29 11:10,2083
2018-10-29 11:15,2110
2018-10-29 11:20,2142
2018-10-29 11:25,2164
2018-10-29 11:30,2166
2018-10-29 11:35,2188
2018-10-29 11:40,2197
2018-10-29 11:45,2199
2018-10-29 11:50,2191
2018-10-29 11:55,2203
2018-10-29 12:00,2203
2018-10-29 12:05,2227
2018-10-29 12:10,2226
2018-10-29 12:15,2235
2018-10-29 12:20,2247
2018-10-29 12:25,2270
2018-10-29 12:30,2295
2018-10-29 12:35,2318
2018-10-29 12:40,2313
2018-10-29 12:45,2310
2018-10-29 12:50,2324
2018-10-29 12:55,2334
2018-10-29 13:00,2331
2018-10-29 13:05,2342
2018-10-29 13:10,2379
2018-10-29 13:15,2413
2018-10-29 13:20,2415
2018-10-29 13:25,2417
2018-10-29 13:30,2428
2018-10-29 13:35,2444
2018-10-29 13:40,2437
2018-10-29 13:45,2471
2018-10-29 13:50,2478
2018-10-29 13:55,2475
2018-10-29 14:00,2481
2018-10-29 14:05,2522
2018-10-29 14:10,2555
2018-10-29 14:15,2574
2018-10-29 14:20,2598
2018-10-29 14:25,2628
2018-10-29 14:30,2644
2018-10-29 14:35,2639
2018-10-29 14:40,2658
2018-10-29 14:45,2687
2018-10-29 14:50,2699
2018-10-29 14:55,2699
2018-10-29 15:00,2718
2018-10-29 15:05,2729
2018-10-29 15:10,2768
2018-10-29 15:15,2768
2018-10-29 15:20,2790
2018-10-29 15:25,2810
2018-10-29 15:30,2752
2018-10-29 15:35,2779
2018-10-29 15:40,2826
2018-10-29 15:45,2847
2018-10-29 15:50,2862
2018-10-29 15:55,2902
2018-10-29 16:00,2891
2018-10-29 16:05,2915
2018-10-29 16:10,2933
2018-10-29 16:15,2970
2018-10-29 16:20,3012
2018-10-29 16:25,3016
2018-10-29 16:30,3048
2018-10-29 16:35,3061
2018-10-29 16:40,3121
2018-10-29 16:45,3140
2018-10-29 16:50,3178
2018-10-29 16:55,3206
2018-10-29 17:00,3226
2018-10-29 17:05,3232
2018-10-29 17:10,3253
2018-10-29 17:15,3297
2018-10-29 17:20,3308
2018-10-29 17:25,3304
2018-10-29 17:30,3329
2018-10-29 17:35,3342
2018-10-29 17:40,3378
2018-10-29 17:45,3408
2018-10-29 17:50,3413
2018-10-29 17:55,3404
2018-10-29 18:00,3412
2018-10-29 18:05,3412
2018-10-29 18:10,3435
2018-10-29 18:15,3441
2018-10-29 18:20,3444
2018-10-29 18:25,3438
2018-10-29 18:30,3451
2018-10-29 18:35,3455
2018-10-29 18:40,3463
2018-10-29 18:45,3456
2018-10-29 18:50,3489
2018-10-29 18:55,3493
2018-10-29 19:00,3508
2018-10-29 19:05,3516
2018-10-29 19:10,3506
2018-10-29 19:15,3486
2018-10-29 19:20,3475
2018-10-29 19:25,3493
2018-10-29 19:30,3539
2018-10-29 19:35,3517
2018-10-29 19:40,3488
2018-10-29 19:45,3475
2018-10-29 19:50,3457
2018-10-29 19:55,3467
2018-10-29 20:00,3484
2018-10-29 20:05,3463
2018-10-29 20:10,3447
2018-10-29 20:15,3425
2018-10-29 20:20,3409
2018-10-29 20:25,3424
2018-10-29 20:30,3410
2018-10-29 20:35,3417
2018-10-29 20:40,3414
2018-10-29 20:45,3414
2018-10-29 20:50,3361
2018-10-29 20:55,3355
2018-10-29 21:00,3336
2018-10-29 21:05,3335
2018-10-29 21:10,3293
2018-10-29 21:15,3255
2018-10-29 21:20,3229
2018-10-29 21:25,3181
2018-10-29 21:30,3144
2018-10-29 21:35,3098
2018-10-29 21:40,3072
2018-10-29 21:45,3043
2018-10-29 21:50,3014
2018-10-29 21:55,2997
2018-10-29 22:00,2972
2018-10-29 22:05,2947
2018-10-29 22:10,2924
2018-10-29 22:15,2898
2018-10-29 22:20,2849
2018-10-29 22:25,2819
2018-10-29 22:30,2786
2018-10-29 22:35,2746
2018-10-29 22:40,2726
2018-10-29 22:45,2709
2018-10-29 22:50,2659
2018-10-29 22:55,2672
2018-10-29 23:00,2622
2018-10-29 23:05,2599
2018-10-29 23:10,2575
2018-10-29 23:15,2553
2018-10-29 23:20,2536
2018-10-29 23:25,2531
2018-10-29 23:30,2509
2018-10-29 23:35,2518
2018-10-29 23:40,2472
2018-10-29 23:45,2433
2018-10-29 23:50,2396
2018-10-29 23:55,2362
2018-10-30 00:00,2341
2018-10-30 00:05,2322
2018-10-30 00:10,2318
2018-10-30 00:15,2306
2018-10-30 00:20,2298
2018-10-30 00:25,2291
2018-10-30 00:30,2275
2018-10-30 00:35,2272
2018-10-30 00:40,2284
2018-10-30 00:45,2263
2018-10-30 00:50,2242
2018-10-30 00:55,2221
2018-10-30 01:00,2200
2018-10-30 01:05,2203
2018-10-30 01:10,2189
2018-10-30 01:15,2183
2018-10-30 01:20,2193
2018-10-30 01:25,2179
2018-10-30 01:30,2179
2018-10-30 01:35,2154
2018-10-30 01:40,2142
2018-10-30 01:45,2140
2018-10-30 01:50,2114
2018-10-30 01:55,2093
2018-10-30 02:00,2069
2018-10-30 02:05,2051
2018-10-30 02:10,2057
2018-10-30 02:15,2037
2018-10-30 02:20,2023
2018-10-30 02:25,2018
2018-10-30 02:30,2010
2018-10-30 02:35,1979
2018-10-30 02:40,1952
2018-10-30 02:45,1933
2018-10-30 02:50,1925
2018-10-30 02:55,1912
2018-10-30 03:00,1876
2018-10-30 03:05,1858
2018-10-30 03:10,1832
2018-10-30 03:15,1814
2018-10-30 03:20,1803
2018-10-30 03:25,1766
2018-10-30 03:30,1750
2018-10-30 03:35,1719
2018-10-30 03:40,1706
2018-10-30 03:45,1681
2018-10-30 03:50,1659
2018-10-30 03:55,1639
2018-10-30 04:00,1630
2018-10-30 04:05,1597
2018-10-30 04:10,1595
2018-10-30 04:15,1581
2018-10-30 04:20,1571
2018-10-30 04:25,1576
2018-10-30 04:30,1576
2018-10-30 04:35,1563
2018-10-30 04:40,1545
2018-10-30 04:45,1542
2018-10-30 04:50,1504
2018-10-30 04:55,1476
2018-10-30 05:00,1466
2018-10-30 05:05,1458
2018-10-30 05:10,1454
2018-10-30 05:15,1442
2018-10-30 05:20,1443
2018-10-30 05:25,1427
2018-10-30 05:30,1421
2018-10-30 05:35,1422
2018-10-30 05:40,1415
2018-10-30 05:45,1400
2018-10-30 05:50,1402
2018-10-30 05:55,1394
2018-10-30 06:00,1387
2018-10-30 06:05,1373
2018-10-30 06:10,1369
2018-10-30 06:15,1385
2018-10-30 06:20,1419
2018-10-30 06:25,1400
2018-10-30 06:30,1404
2018-10-30 06:35,1376
2018-10-30 06:40,1385
2018-10-30 06:45,1385
2018-10-30 06:50,1379
2018-10-30 06:55,1374
2018-10-30 07:00,1379
2018-10-30 07:05,1363
2018-10-30 07:10,1364
2018-10-30 07:15,1379
2018-10-30 07:20,1368
2018-10-30 07:25,1367
2018-10-30 07:30,1382
2018-10-30 07:35,1403
2018-10-30 07:40,1425
2018-10-30 07:45,1410
2018-10-30 07:50,1425
2018-10-30 07:55,1434
2018-10-30 08:00,1426
2018-10-30 08:05,1451
2018-10-30 08:10,1460
2018-10-30 08:15,1469
2018-10-30 08:20,1462
2018-10-30 08:25,1490
2018-10-30 08:30,1495
2018-10-30 08:35,1502
2018-10-30 08:40,1531
2018-10-30 08:45,1544
2018-10-30 08:50,1574
2018-10-30 08:55,1566
2018-10-30 09:00,1586
2018-10-30 09:05,1582
2018-10-30 09:10,1581
2018-10-30 09:15,1604
2018-10-30 09:20,1624
2018-10-30 09:25,1630
2018-10-30 09:30,1640
2018-10-30 09:35,1654
2018-10-30 09:40,1662
2018-10-30 09:45,1666
2018-10-30 09:50,1670
2018-10-30 09:55,1671
2018-10-30 10:00,1687
2018-10-30 10:05,1714
2018-10-30 10:10,1729
2018-10-30 10:15,1771
2018-10-30 10:20,1796
2018-10-30 10:25,1803
2018-10-30 10:30,1809
2018-10-30 10:35,1828
2018-10-30 10:40,1853
2018-10-30 10:45,1857
2018-10-30 10:50,1863
2018-10-30 10:55,1850
2018-10-30 11:00,1860
2018-10-30 11:05,1875
2018-10-30 11:10,1897
2018-10-30 11:15,1890
2018-10-30 11:20,1910
2018-10-30 11:25,1917
2018-10-30 11:30,1926
2018-10-30 11:35,1920
2018-10-30 11:40,1908
2018-10-30 11:45,1866
2018-10-30 11:50,1837
2018-10-30 11:55,1755
2018-10-30 12:00,1493
2018-10-30 12:05,845
2018-10-30 12:10,790
2018-10-30 12:15,762
2018-10-30 12:20,739
2018-10-30 12:25,730
2018-10-30 12:30,728
2018-10-30 12:35,699
2018-10-30 12:40,718
2018-10-30 12:45,724
2018-10-30 12:50,716
2018-10-30 12:55,724
2018-10-30 13:00,716
2018-10-30 13:05,726
2018-10-30 13:10,719
2018-10-30 13:15,720
2018-10-30 13:20,733
2018-10-30 13:25,720
2018-10-30 13:30,738
2018-10-30 13:35,729
2018-10-30 13:40,717
2018-10-30 13:45,730
2018-10-30 13:50,731
2018-10-30 13:55,747
2018-10-30 14:00,751
2018-10-30 14:05,742
2018-10-30 14:10,748
2018-10-30 14:15,753
2018-10-30 14:20,734
2018-10-30 14:25,718
2018-10-30 14:30,716
2018-10-30 14:35,711
2018-10-30 14:40,714
2018-10-30 14:45,705
2018-10-30 14:50,720
2018-10-30 14:55,714
2018-10-30 15:00,745
2018-10-30 15:05,742
2018-10-30 15:10,754
2018-10-30 15:15,758
2018-10-30 15:20,776
2018-10-30 15:25,762
2018-10-30 15:30,748
2018-10-30 15:35,792
2018-10-30 15:40,806
2018-10-30 15:45,804
2018-10-30 15:50,794
2018-10-30 15:55,809
2018-10-30 16:00,817
2018-10-30 16:05,828
2018-10-30 16:10,815
2018-10-30 16:15,828
2018-10-30 16:20,867
2018-10-30 16:25,887
2018-10-30 16:30,934
2018-10-30 16:35,996
2018-10-30 16:40,1053
2018-10-30 16:45,1224
2018-10-30 16:50,1397
2018-10-30 16:55,1571
2018-10-30 17:00,1740
2018-10-30 17:05,1902
2018-10-30 17:10,2024
2018-10-30 17:15,2178
2018-10-30 17:20,2327
2018-10-30 17:25,2434
2018-10-30 17:30,2572
2018-10-30 17:35,2712
2018-10-30 17:40,2846
2018-10-30 17:45,2922
2018-10-30 17:50,2994
2018-10-30 17:55,3079
2018-10-30 18:00,3167
2018-10-30 18:05,3209
2018-10-30 18:10,3258
2018-10-30 18:15,3284
2018-10-30 18:20,3308
2018-10-30 18:25,3333
2018-10-30 18:30,3383
2018-10-30 18:35,3393
2018-10-30 18:40,3432
2018-10-30 18:45,3439
2018-10-30 18:50,3449
2018-10-30 18:55,3455
2018-10-30 19:00,3433
2018-10-30 19:05,
2018-10-30 19:10,
2018-10-30 19:15,
2018-10-30 19:20,3465
2018-10-30 19:25,3496
2018-10-30 19:30,3477
2018-10-30 19:35,3483
2018-10-30 19:40,3496
2018-10-30 19:45,3506
2018-10-30 19:50,3515
2018-10-30 19:55,3521
2018-10-30 20:00,3514
2018-10-30 20:05,3475
2018-10-30 20:10,3468
2018-10-30 20:15,3458
2018-10-30 20:20,3421
2018-10-30 20:25,3410
2018-10-30 20:30,3410
2018-10-30 20:35,3377
2018-10-30 20:40,3370
2018-10-30 20:45,3359
2018-10-30 20:50,3329
2018-10-30 20:55,3303
2018-10-30 21:00,3255
2018-10-30 21:05,3224
2018-10-30 21:10,3178
2018-10-30 21:15,3112
2018-10-30 21:20,3088
2018-10-30 21:25,3056
2018-10-30 21:30,3022
2018-10-30 21:35,3032
2018-10-30 21:40,3000
2018-10-30 21:45,2978
2018-10-30 21:50,2933
2018-10-30 21:55,2904
2018-10-30 22:00,2880
2018-10-30 22:05,2876
2018-10-30 22:10,2856
2018-10-30 22:15,2853
2018-10-30 22:20,2831
2018-10-30 22:25,2813
2018-10-30 22:30,2813
2018-10-30 22:35,2796
2018-10-30 22:40,2812
2018-10-30 22:45,2752
2018-10-30 22:50,2723
2018-10-30 22:55,2701
2018-10-30 23:00,2687
2018-10-30 23:05,
2018-10-30 23:10,
2018-10-30 23:15,0
2018-10-30 23:20,1679
2018-10-30 23:25,2482
2018-10-30 23:30,2473
2018-10-30 23:35,2462
2018-10-30 23:40,2456
2018-10-30 23:45,2443
2018-10-30 23:50,2414
2018-10-30 23:55,2386
2018-10-31 00:00,2362
2018-10-31 00:05,2356
2018-10-31 00:10,2329
2018-10-31 00:15,2304
2018-10-31 00:20,2268
2018-10-31 00:25,2282
2018-10-31 00:30,2289
2018-10-31 00:35,2266
2018-10-31 00:40,2266
2018-10-31 00:45,2244
2018-10-31 00:50,2225
2018-10-31 00:55,2197
2018-10-31 01:00,2170
2018-10-31 01:05,2153
2018-10-31 01:10,2120
2018-10-31 01:15,2143
2018-10-31 01:20,2091
2018-10-31 01:25,2097
2018-10-31 01:30,2097
2018-10-31 01:35,2069
2018-10-31 01:40,2071
2018-10-31 01:45,2081
2018-10-31 01:50,2074
2018-10-31 01:55,2062
2018-10-31 02:00,2037
2018-10-31 02:05,2006
2018-10-31 02:10,1983
2018-10-31 02:15,1976
2018-10-31 02:20,1960
2018-10-31 02:25,1928
2018-10-31 02:30,1919
2018-10-31 02:35,1896
2018-10-31 02:40,1891
2018-10-31 02:45,1878
2018-10-31 02:50,1880
2018-10-31 02:55,1850
2018-10-31 03:00,1845
2018-10-31 03:05,1822
2018-10-31 03:10,1797
2018-10-31 03:15,1793
2018-10-31 03:20,1774
2018-10-31 03:25,1745
2018-10-31 03:30,1733
2018-10-31 03:35,1700
2018-10-31 03:40,1660
2018-10-31 03:45,1659
2018-10-31 03:50,1646
2018-10-31 03:55,1641
2018-10-31 04:00,1630
2018-10-31 04:05,1600
2018-10-31 04:10,1579
2018-10-31 04:15,1556
2018-10-31 04:20,1532
2018-10-31 04:25,1517
2018-10-31 04:30,1520
2018-10-31 04:35,1502
2018-10-31 04:40,1492
2018-10-31 04:45,1481
2018-10-31 04:50,1474
2018-10-31 04:55,1445
2018-10-31 05:00,1433
2018-10-31 05:05,1420
2018-10-31 05:10,1408
2018-10-31 05:15,1428
2018-10-31 05:20,1428
2018-10-31 05:25,1425
2018-10-31 05:30,1403
2018-10-31 05:35,1396
2018-10-31 05:40,1394
2018-10-31 05:45,1383
2018-10-31 05:50,1381
2018-10-31 05:55,1388
2018-10-31 06:00,1369
2018-10-31 06:05,1370
2018-10-31 06:10,1358
2018-10-31 06:15,1350
2018-10-31 06:20,1331
2018-10-31 06:25,1332
2018-10-31 06:30,1336
2018-10-31 06:35,1329
2018-10-31 06:40,1322
2018-10-31 06:45,1314
2018-10-31 06:50,1324
2018-10-31 06:55,1338
2018-10-31 07:00,1343
2018-10-31 07:05,1344
2018-10-31 07:10,1337
2018-10-31 07:15,1341
2018-10-31 07:20,1359
2018-10-31 07:25,1367
2018-10-31 07:30,1362
2018-10-31 07:35,1378
2018-10-31 07:40,1403
2018-10-31 07:45,1423
2018-10-31 07:50,1432
2018-10-31 07:55,1436
2018-10-31 08:00,1444
2018-10-31 08:05,1451
2018-10-31 08:10,1479
2018-10-31 08:15,1482
2018-10-31 08:20,1483
2018-10-31 08:25,1510
2018-10-31 08:30,1524
2018-10-31 08:35,1531
2018-10-31 08:40,1537
2018-10-31 08:45,1539
2018-10-31 08:50,1543
2018-10-31 08:55,1544
2018-10-31 09:00,1553
2018-10-31 09:05,1560
2018-10-31 09:10,1581
2018-10-31 09:15,1592
2018-10-31 09:20,1616
2018-10-31 09:25,1650
2018-10-31 09:30,1652
2018-10-31 09:35,1659
2018-10-31 09:40,1672
2018-10-31 09:45,1696
2018-10-31 09:50,1716
2018-10-31 09:55,1726
2018-10-31 10:00,1745
2018-10-31 10:05,1768
2018-10-31 10:10,1770
2018-10-31 10:15,1784
2018-10-31 10:20,1812
2018-10-31 10:25,1837
2018-10-31 10:30,1849
2018-10-31 10:35,1896
2018-10-31 10:40,1918
2018-10-31 10:45,1904
2018-10-31 10:50,1919
2018-10-31 10:55,1920
2018-10-31 11:00,1928
2018-10-31 11:05,1926
2018-10-31 11:10,1920
2018-10-31 11:15,1929
2018-10-31 11:20,1962
2018-10-31 11:25,1972
2018-10-31 11:30,1988
2018-10-31 11:35,2008
2018-10-31 11:40,2042
2018-10-31 11:45,2047
2018-10-31 11:50,2070
2018-10-31 11:55,2078
2018-10-31 12:00,2073
2018-10-31 12:05,2078
2018-10-31 12:10,2070
2018-10-31 12:15,2081
2018-10-31 12:20,2077
2018-10-31 12:25,2086
2018-10-31 12:30,2094
2018-10-31 12:35,2124
2018-10-31 12:40,2122
2018-10-31 12:45,2139
2018-10-31 12:50,2150
2018-10-31 12:55,2168
2018-10-31 13:00,2194
2018-10-31 13:05,2185
2018-10-31 13:10,2219
2018-10-31 13:15,2236
2018-10-31 13:20,2260
2018-10-31 13:25,2249
2018-10-31 13:30,2262
2018-10-31 13:35,2278
2018-10-31 13:40,2263
2018-10-31 13:45,2286
2018-10-31 13:50,2300
2018-10-31 13:55,2292
2018-10-31 14:00,2317
2018-10-31 14:05,2295
2018-10-31 14:10,2317
2018-10-31 14:15,2324
2018-10-31 14:20,2344
2018-10-31 14:25,2358
2018-10-31 14:30,2392
2018-10-31 14:35,2405
2018-10-31 14:40,2451
2018-10-31 14:45,2461
2018-10-31 14:50,2476
2018-10-31 14:55,2474
2018-10-31 15:00,2486
2018-10-31 15:05,2505
2018-10-31 15:10,2540
2018-10-31 15:15,2567
2018-10-31 15:20,2559
2018-10-31 15:25,2599
2018-10-31 15:30,2637
2018-10-31 15:35,2628
2018-10-31 15:40,2636
2018-10-31 15:45,2650
2018-10-31 15:50,2656
2018-10-31 15:55,2665
2018-10-31 16:00,2660
2018-10-31 16:05,2695
2018-10-31 16:10,2715
2018-10-31 16:15,2741
2018-10-31 16:20,2771
2018-10-31 16:25,2786
2018-10-31 16:30,2778
2018-10-31 16:35,2781
2018-10-31 16:40,2800
2018-10-31 16:45,2858
2018-10-31 16:50,2864
2018-10-31 16:55,2897
2018-10-31 17:00,2929
2018-10-31 17:05,2947
2018-10-31 17:10,2964
2018-10-31 17:15,2963
2018-10-31 17:20,2992
2018-10-31 17:25,2986
2018-10-31 17:30,3001
2018-10-31 17:35,2980
2018-10-31 17:40,2981
2018-10-31 17:45,2981
2018-10-31 17:50,2969
2018-10-31 17:55,2959
2018-10-31 18:00,2953
2018-10-31 18:05,2942
2018-10-31 18:10,3000
2018-10-31 18:15,3029
2018-10-31 18:20,3041
2018-10-31 18:25,3037
2018-10-31 18:30,3041
2018-10-31 18:35,3074
2018-10-31 18:40,3088
2018-10-31 18:45,3082
2018-10-31 18:50,3081
2018-10-31 18:55,3070
2018-10-31 19:00,3055
2018-10-31 19:05,3083
2018-10-31 19:10,3076
2018-10-31 19:15,3085
2018-10-31 19:20,3107
2018-10-31 19:25,3108
2018-10-31 19:30,3119
2018-10-31 19:35,3098
2018-10-31 19:40,3043
2018-10-31 19:45,3063
2018-10-31 19:50,3090
2018-10-31 19:55,3098
2018-10-31 20:00,3132
2018-10-31 20:05,3119
2018-10-31 20:10,3108
2018-10-31 20:15,3092
2018-10-31 20:20,3076
2018-10-31 20:25,3066
2018-10-31 20:30,3051
2018-10-31 20:35,3025
2018-10-31 20:40,3056
2018-10-31 20:45,2999
2018-10-31 20:50,2982
2018-10-31 20:55,2984
2018-10-31 21:00,2976
2018-10-31 21:05,2960
2018-10-31 21:10,2906
2018-10-31 21:15,2897
2018-10-31 21:20,2860
2018-10-31 21:25,2856
2018-10-31 21:30,2837
2018-10-31 21:35,2830
2018-10-31 21:40,2813
2018-10-31 21:45,2777
2018-10-31 21:50,2754
2018-10-31 21:55,2731
2018-10-31 22:00,2720
2018-10-31 22:05,2686
2018-10-31 22:10,2674
2018-10-31 22:15,2645
2018-10-31 22:20,2606
2018-10-31 22:25,2576
2018-10-31 22:30,2578
2018-10-31 22:35,2554
2018-10-31 22:40,2541
2018-10-31 22:45,2515
2018-10-31 22:50,2488
2018-10-31 22:55,2461
2018-10-31 23:00,2458
2018-10-31 23:05,2449
2018-10-31 23:10,2419
2018-10-31 23:15,2412
2018-10-31 23:20,2401
2018-10-31 23:25,2374
2018-10-31 23:30,2350
2018-10-31 23:35,2308
2018-10-31 23:40,2301
2018-10-31 23:45,2275
2018-10-31 23:50,2255
2018-10-31 23:55,2220
2018-11-01 00:00,2201
2018-11-01 00:05,2180
2018-11-01 00:10,2171
2018-11-01 00:15,2148
2018-11-01 00:20,2132
2018-11-01 00:25,2109
2018-11-01 00:30,2115
2018-11-01 00:35,2091
2018-11-01 00:40,2079
2018-11-01 00:45,2056
2018-11-01 00:50,2041
2018-11-01 00:55,2014
2018-11-01 01:00,2027
2018-11-01 01:05,2004
2018-11-01 01:10,1970
2018-11-01 01:15,1975
2018-11-01 01:20,1972
2018-11-01 01:25,1956
2018-11-01 01:30,1929
2018-11-01 01:35,1932
2018-11-01 01:40,1933
2018-11-01 01:45,1939
2018-11-01 01:50,1919
2018-11-01 01:55,1915
2018-11-01 02:00,1902
2018-11-01 02:05,1886
2018-11-01 02:10,1858
2018-11-01 02:15,1832
2018-11-01 02:20,1815
2018-11-01 02:25,1813
2018-11-01 02:30,1820
2018-11-01 02:35,1818
2018-11-01 02:40,1802
2018-11-01 02:45,1773
2018-11-01 02:50,1754
2018-11-01 02:55,1739
2018-11-01 03:00,1716
2018-11-01 03:05,1718
2018-11-01 03:10,1707
2018-11-01 03:15,1703
2018-11-01 03:20,1680
2018-11-01 03:25,1665
2018-11-01 03:30,1649
2018-11-01 03:35,1643
2018-11-01 03:40,1624
2018-11-01 03:45,1613
2018-11-01 03:50,1577
2018-11-01 03:55,1569
2018-11-01 04:00,1565
2018-11-01 04:05,1552
2018-11-01 04:10,1525
2018-11-01 04:15,1535
2018-11-01 04:20,1521
2018-11-01 04:25,1525
2018-11-01 04:30,1511
2018-11-01 04:35,1480
2018-11-01 04:40,1492
2018-11-01 04:45,1464
2018-11-01 04:50,1464
2018-11-01 04:55,1438
2018-11-01 05:00,1431
2018-11-01 05:05,1413
2018-11-01 05:10,1386
2018-11-01 05:15,1376
2018-11-01 05:20,1376
2018-11-01 05:25,1380
2018-11-01 05:30,1362
2018-11-01 05:35,1370
2018-11-01 05:40,1375
2018-11-01 05:45,1372
2018-11-01 05:50,1356
2018-11-01 05:55,1355
2018-11-01 06:00,1355
2018-11-01 06:05,1344
2018-11-01 06:10,1345
2018-11-01 06:15,1350
2018-11-01 06:20,1351
2018-11-01 06:25,1348
2018-11-01 06:30,1353
2018-11-01 06:35,1326
2018-11-01 06:40,1329
2018-11-01 06:45,1320
2018-11-01 06:50,1328
2018-11-01 06:55,1328
2018-11-01 07:00,1352
2018-11-01 07:05,1350
2018-11-01 07:10,1360
2018-11-01 07:15,1374
2018-11-01 07:20,1401
2018-11-01 07:25,1412
2018-11-01 07:30,1411
2018-11-01 07:35,1435
2018-11-01 07:40,1444
2018-11-01 07:45,1454
2018-11-01 07:50,1470
2018-11-01 07:55,1474
2018-11-01 08:00,1509
2018-11-01 08:05,1515
2018-11-01 08:10,1544
2018-11-01 08:15,1549
2018-11-01 08:20,1542
2018-11-01 08:25,1566
2018-11-01 08:30,1568
2018-11-01 08:35,1573
2018-11-01 08:40,1591
2018-11-01 08:45,1618
2018-11-01 08:50,1670
2018-11-01 08:55,1690
2018-11-01 09:00,1694
2018-11-01 09:05,1711
2018-11-01 09:10,1712
2018-11-01 09:15,1730
2018-11-01 09:20,1748
2018-11-01 09:25,1756
2018-11-01 09:30,1764
2018-11-01 09:35,1774
2018-11-01 09:40,1787
2018-11-01 09:45,1803
2018-11-01 09:50,1798
2018-11-01 09:55,1814
2018-11-01 10:00,1858
2018-11-01 10:05,1890
2018-11-01 10:10,1922
2018-11-01 10:15,1951
2018-11-01 10:20,1967
2018-11-01 10:25,1974
2018-11-01 10:30,1989
2018-11-01 10:35,2009
2018-11-01 10:40,2031
2018-11-01 10:45,2038
2018-11-01 10:50,2044
2018-11-01 10:55,2071
2018-11-01 11:00,2089
2018-11-01 11:05,2100
2018-11-01 11:10,2118
2018-11-01 11:15,2140
2018-11-01 11:20,2140
2018-11-01 11:25,2142
2018-11-01 11:30,2161
2018-11-01 11:35,2207
2018-11-01 11:40,2227
2018-11-01 11:45,2231
2018-11-01 11:50,2229
2018-11-01 11:55,2239
2018-11-01 12:00,2250
2018-11-01 12:05,2236
2018-11-01 12:10,2247
2018-11-01 12:15,2269
2018-11-01 12:20,2279
2018-11-01 12:25,2280
2018-11-01 12:30,2285
2018-11-01 12:35,2294
2018-11-01 12:40,2303
2018-11-01 12:45,2309
2018-11-01 12:50,2348
2018-11-01 12:55,2358
2018-11-01 13:00,2382
2018-11-01 13:05,2383
2018-11-01 13:10,2387
2018-11-01 13:15,2396
2018-11-01 13:20,2420
2018-11-01 13:25,2417
2018-11-01 13:30,2429
2018-11-01 13:35,2429
2018-11-01 13:40,2467
2018-11-01 13:45,2463
2018-11-01 13:50,2496
2018-11-01 13:55,2506
2018-11-01 14:00,2539
2018-11-01 14:05,2555
2018-11-01 14:10,2585
2018-11-01 14:15,2572
2018-11-01 14:20,2567
2018-11-01 14:25,2546
2018-11-01 14:30,2564
2018-11-01 14:35,2595
2018-11-01 14:40,2605
2018-11-01 14:45,2636
2018-11-01 14:50,2624
2018-11-01 14:55,2683
2018-11-01 15:00,2705
2018-11-01 15:05,2710
2018-11-01 15:10,2724
2018-11-01 15:15,2744
2018-11-01 15:20,2763
2018-11-01 15:25,2775
2018-11-01 15:30,2825
2018-11-01 15:35,2852
2018-11-01 15:40,2869
2018-11-01 15:45,2871
2018-11-01 15:50,2881
2018-11-01 15:55,2875
2018-11-01 16:00,2899
2018-11-01 16:05,2895
2018-11-01 16:10,2921
2018-11-01 16:15,2908
2018-11-01 16:20,2924
2018-11-01 16:25,2937
2018-11-01 16:30,2936
2018-11-01 16:35,2944
2018-11-01 16:40,2976
2018-11-01 16:45,2998
2018-11-01 16:50,3024
2018-11-01 16:55,3022
2018-11-01 17:00,3010
2018-11-01 17:05,3060
2018-11-01 17:10,3072
2018-11-01 17:15,3099
2018-11-01 17:20,3115
2018-11-01 17:25,3156
2018-11-01 17:30,3167
2018-11-01 17:35,3190
2018-11-01 17:40,3211
2018-11-01 17:45,3255
2018-11-01 17:50,3262
2018-11-01 17:55,3264
2018-11-01 18:00,3261
2018-11-01 18:05,3246
2018-11-01 18:10,3155
2018-11-01 18:15,3220
2018-11-01 18:20,3213
2018-11-01 18:25,3200
2018-11-01 18:30,3176
2018-11-01 18:35,3171
2018-11-01 18:40,3197
2018-11-01 18:45,3188
2018-11-01 18:50,3217
2018-11-01 18:55,3237
2018-11-01 19:00,3219
2018-11-01 19:05,3255
2018-11-01 19:10,3256
2018-11-01 19:15,3274
2018-11-01 19:20,3294
2018-11-01 19:25,3262
2018-11-01 19:30,3261
2018-11-01 19:35,3256
2018-11-01 19:40,3252
2018-11-01 19:45,3250
2018-11-01 19:50,3235
2018-11-01 19:55,3196
2018-11-01 20:00,3193
2018-11-01 20:05,3190
2018-11-01 20:10,3184
2018-11-01 20:15,3161
2018-11-01 20:20,3171
2018-11-01 20:25,3141
2018-11-01 20:30,3118
2018-11-01 20:35,3103
2018-11-01 20:40,3102
2018-11-01 20:45,3086
2018-11-01 20:50,3043
2018-11-01 20:55,3053
2018-11-01 21:00,3054
2018-11-01 21:05,3003
2018-11-01 21:10,2988
2018-11-01 21:15,2979
2018-11-01 21:20,2962
2018-11-01 21:25,2927
2018-11-01 21:30,2900
2018-11-01 21:35,2873
2018-11-01 21:40,2857
2018-11-01 21:45,2835
2018-11-01 21:50,2809
2018-11-01 21:55,2785
2018-11-01 22:00,2742
2018-11-01 22:05,2728
2018-11-01 22:10,2721
2018-11-01 22:15,2707
2018-11-01 22:20,2688
2018-11-01 22:25,2657
2018-11-01 22:30,2668
2018-11-01 22:35,2639
2018-11-01 22:40,2615
2018-11-01 22:45,2592
2018-11-01 22:50,2586
2018-11-01 22:55,2590
2018-11-01 23:00,2550
2018-11-01 23:05,2542
2018-11-01 23:10,2505
2018-11-01 23:15,2490
2018-11-01 23:20,2477
2018-11-01 23:25,2428
2018-11-01 23:30,2415
2018-11-01 23:35,2386
2018-11-01 23:40,2241
2018-11-01 23:45,2349
2018-11-01 23:50,2330
2018-11-01 23:55,2331
2018-11-02 00:00,2312
2018-11-02 00:05,2287
2018-11-02 00:10,2267
2018-11-02 00:15,2258
2018-11-02 00:20,2250
2018-11-02 00:25,2233
2018-11-02 00:30,2221
2018-11-02 00:35,2199
2018-11-02 00:40,2171
2018-11-02 00:45,2153
2018-11-02 00:50,2136
2018-11-02 00:55,2118
2018-11-02 01:00,2102
2018-11-02 01:05,2086
2018-11-02 01:10,2081
2018-11-02 01:15,2071
2018-11-02 01:20,2026
2018-11-02 01:25,2007
2018-11-02 01:30,2019
2018-11-02 01:35,2004
2018-11-02 01:40,2010
2018-11-02 01:45,2023
2018-11-02 01:50,2015
2018-11-02 01:55,2005
2018-11-02 02:00,1995
2018-11-02 02:05,1965
2018-11-02 02:10,1961
2018-11-02 02:15,1925
2018-11-02 02:20,1913
2018-11-02 02:25,1889
2018-11-02 02:30,1872
2018-11-02 02:35,1870
2018-11-02 02:40,1845
2018-11-02 02:45,1820
2018-11-02 02:50,1797
2018-11-02 02:55,1787
2018-11-02 03:00,1764
2018-11-02 03:05,1753
2018-11-02 03:10,1734
2018-11-02 03:15,1728
2018-11-02 03:20,1719
2018-11-02 03:25,1709
2018-11-02 03:30,1704
2018-11-02 03:35,1672
2018-11-02 03:40,1637
2018-11-02 03:45,1615
2018-11-02 03:50,1591
2018-11-02 03:55,1592
2018-11-02 04:00,1586
2018-11-02 04:05,1564
2018-11-02 04:10,1552
2018-11-02 04:15,1548
2018-11-02 04:20,1540
2018-11-02 04:25,1520
2018-11-02 04:30,1511
2018-11-02 04:35,1499
2018-11-02 04:40,1488
2018-11-02 04:45,1486
2018-11-02 04:50,1465
2018-11-02 04:55,1440
2018-11-02 05:00,1416
2018-11-02 05:05,1410
2018-11-02 05:10,1387
2018-11-02 05:15,1390
2018-11-02 05:20,1354
2018-11-02 05:25,1348
2018-11-02 05:30,1354
2018-11-02 05:35,1349
2018-11-02 05:40,1345
2018-11-02 05:45,1364
2018-11-02 05:50,1368
2018-11-02 05:55,1372
2018-11-02 06:00,1375
2018-11-02 06:05,1372
2018-11-02 06:10,1375
2018-11-02 06:15,1382
2018-11-02 06:20,1398
2018-11-02 06:25,1399
2018-11-02 06:30,1410
2018-11-02 06:35,1402
2018-11-02 06:40,1381
2018-11-02 06:45,1383
2018-11-02 06:50,1401
2018-11-02 06:55,1402
2018-11-02 07:00,1394
2018-11-02 07:05,1401
2018-11-02 07:10,1403
2018-11-02 07:15,1398
2018-11-02 07:20,1413
2018-11-02 07:25,1431
2018-11-02 07:30,1440
2018-11-02 07:35,1450
2018-11-02 07:40,1472
2018-11-02 07:45,1476
2018-11-02 07:50,1510
2018-11-02 07:55,1522
2018-11-02 08:00,1528
2018-11-02 08:05,1542
2018-11-02 08:10,1541
2018-11-02 08:15,1536
2018-11-02 08:20,1540
2018-11-02 08:25,1555
2018-11-02 08:30,1564
2018-11-02 08:35,1583
2018-11-02 08:40,1596
2018-11-02 08:45,1610
2018-11-02 08:50,1642
2018-11-02 08:55,1648
2018-11-02 09:00,1675
2018-11-02 09:05,1690
2018-11-02 09:10,1706
2018-11-02 09:15,1716
2018-11-02 09:20,1715
2018-11-02 09:25,1714
2018-11-02 09:30,1730
2018-11-02 09:35,1749
2018-11-02 09:40,1743
2018-11-02 09:45,1743
2018-11-02 09:50,1758
2018-11-02 09:55,1776
2018-11-02 10:00,1800
2018-11-02 10:05,1816
2018-11-02 10:10,1858
2018-11-02 10:15,1865
2018-11-02 10:20,1904
2018-11-02 10:25,1915
2018-11-02 10:30,1947
2018-11-02 10:35,1963
2018-11-02 10:40,1974
2018-11-02 10:45,1985
2018-11-02 10:50,1978
2018-11-02 10:55,2026
2018-11-02 11:00,2038
2018-11-02 11:05,2080
2018-11-02 11:10,2088
2018-11-02 11:15,2115
2018-11-02 11:20,2139
2018-11-02 11:25,2144
2018-11-02 11:30,2147
2018-11-02 11:35,2153
2018-11-02 11:40,2166
2018-11-02 11:45,2184
2018-11-02 11:50,2178
2018-11-02 11:55,2185
2018-11-02 12:00,2204
2018-11-02 12:05,2214
2018-11-02 12:10,2199
2018-11-02 12:15,2200
2018-11-02 12:20,2232
2018-11-02 12:25,2244
2018-11-02 12:30,2276
2018-11-02 12:35,2305
2018-11-02 12:40,2305
2018-11-02 12:45,2317
2018-11-02 12:50,2339
2018-11-02 12:55,2343
2018-11-02 13:00,2370
2018-11-02 13:05,2372
2018-11-02 13:10,2372
2018-11-02 13:15,2405
2018-11-02 13:20,2419
2018-11-02 13:25,2418
2018-11-02 13:30,2441
2018-11-02 13:35,2440
2018-11-02 13:40,2440
2018-11-02 13:45,2419
2018-11-02 13:50,2447
2018-11-02 13:55,2423
2018-11-02 14:00,2290
2018-11-02 14:05,2043
2018-11-02 14:10,1432
2018-11-02 14:15,1424
2018-11-02 14:20,1413
2018-11-02 14:25,1402
2018-11-02 14:30,1420
2018-11-02 14:35,1390
2018-11-02 14:40,1395
2018-11-02 14:45,1389
2018-11-02 14:50,1379
2018-11-02 14:55,1412
2018-11-02 15:00,1413
2018-11-02 15:05,1459
2018-11-02 15:10,1585
2018-11-02 15:15,1682
2018-11-02 15:20,1804
2018-11-02 15:25,1878
2018-11-02 15:30,1963
2018-11-02 15:35,2052
2018-11-02 15:40,2112
2018-11-02 15:45,2197
2018-11-02 15:50,2299
2018-11-02 15:55,2364
2018-11-02 16:00,2468
2018-11-02 16:05,2541
2018-11-02 16:10,2641
2018-11-02 16:15,2696
2018-11-02 16:20,2782
2018-11-02 16:25,2833
2018-11-02 16:30,2889
2018-11-02 16:35,2917
2018-11-02 16:40,2965
2018-11-02 16:45,2975
2018-11-02 16:50,3034
2018-11-02 16:55,3078
2018-11-02 17:00,3100
2018-11-02 17:05,3143
2018-11-02 17:10,3154
2018-11-02 17:15,3164
2018-11-02 17:20,3193
2018-11-02 17:25,3236
2018-11-02 17:30,3281
2018-11-02 17:35,3286
2018-11-02 17:40,3323
2018-11-02 17:45,3331
2018-11-02 17:50,3310
2018-11-02 17:55,3304
2018-11-02 18:00,3314
2018-11-02 18:05,3326
2018-11-02 18:10,3293
2018-11-02 18:15,3294
2018-11-02 18:20,3298
2018-11-02 18:25,3294
2018-11-02 18:30,3302
2018-11-02 18:35,3326
2018-11-02 18:40,3319
2018-11-02 18:45,3327
2018-11-02 18:50,3315
2018-11-02 18:55,3299
2018-11-02 19:00,3283
2018-11-02 19:05,3301
2018-11-02 19:10,3308
2018-11-02 19:15,3320
2018-11-02 19:20,3321
2018-11-02 19:25,3289
2018-11-02 19:30,3307
2018-11-02 19:35,3333
2018-11-02 19:40,3332
2018-11-02 19:45,3312
2018-11-02 19:50,3327
2018-11-02 19:55,3343
2018-11-02 20:00,3312
2018-11-02 20:05,3321
2018-11-02 20:10,3325
2018-11-02 20:15,3336
2018-11-02 20:20,0
2018-11-02 20:25,3343
2018-11-02 20:30,3331
2018-11-02 20:35,3347
2018-11-02 20:40,3331
2018-11-02 20:45,3322
2018-11-02 20:50,3310
2018-11-02 20:55,3302
2018-11-02 21:00,3276
2018-11-02 21:05,3263
2018-11-02 21:10,3252
2018-11-02 21:15,3219
2018-11-02 21:20,3202
2018-11-02 21:25,3169
2018-11-02 21:30,3137
2018-11-02 21:35,3137
2018-11-02 21:40,3136
2018-11-02 21:45,3134
2018-11-02 21:50,3124
2018-11-02 21:55,3087
2018-11-02 22:00,3066
2018-11-02 22:05,3043
2018-11-02 22:10,3018
2018-11-02 22:15,3025
2018-11-02 22:20,2986
2018-11-02 22:25,2975
2018-11-02 22:30,2958
2018-11-02 22:35,2971
2018-11-02 22:40,2921
2018-11-02 22:45,2897
2018-11-02 22:50,2862
2018-11-02 22:55,2828
2018-11-02 23:00,2783
2018-11-02 23:05,2751
2018-11-02 23:10,2751
2018-11-02 23:15,2732
2018-11-02 23:20,2698
2018-11-02 23:25,2686
2018-11-02 23:30,2681
2018-11-02 23:35,2658
2018-11-02 23:40,2659
2018-11-02 23:45,2638
2018-11-02 23:50,2608
2018-11-02 23:55,2584
2018-11-03 00:00,2522
2018-11-03 00:05,2415
2018-11-03 00:10,2368
2018-11-03 00:15,2331
2018-11-03 00:20,2296
2018-11-03 00:25,2290
2018-11-03 00:30,2273
2018-11-03 00:35,2251
2018-11-03 00:40,2235
2018-11-03 00:45,2216
2018-11-03 00:50,2202
2018-11-03 00:55,2198
2018-11-03 01:00,2175
2018-11-03 01:05,2164
2018-11-03 01:10,2149
2018-11-03 01:15,2134
2018-11-03 01:20,2133
2018-11-03 01:25,2121
2018-11-03 01:30,2115
2018-11-03 01:35,2096
2018-11-03 01:40,2119
2018-11-03 01:45,2113
2018-11-03 01:50,2108
2018-11-03 01:55,2110
2018-11-03 02:00,2071
2018-11-03 02:05,2073
2018-11-03 02:10,2044
2018-11-03 02:15,2054
2018-11-03 02:20,2043
2018-11-03 02:25,2047
2018-11-03 02:30,2052
2018-11-03 02:35,2034
2018-11-03 02:40,2040
2018-11-03 02:45,2017
2018-11-03 02:50,2012
2018-11-03 02:55,2001
2018-11-03 03:00,2002
2018-11-03 03:05,1986
2018-11-03 03:10,1969
2018-11-03 03:15,1952
2018-11-03 03:20,1932
2018-11-03 03:25,1890
2018-11-03 03:30,1872
2018-11-03 03:35,1866
2018-11-03 03:40,1862
2018-11-03 03:45,1858
2018-11-03 03:50,1861
2018-11-03 03:55,1833
2018-11-03 04:00,1827
2018-11-03 04:05,1809
2018-11-03 04:10,1804
2018-11-03 04:15,1797
2018-11-03 04:20,1741
2018-11-03 04:25,1730
2018-11-03 04:30,1722
2018-11-03 04:35,1703
2018-11-03 04:40,1699
2018-11-03 04:45,1707
2018-11-03 04:50,1694
2018-11-03 04:55,1669
2018-11-03 05:00,1662
2018-11-03 05:05,1649
2018-11-03 05:10,1656
2018-11-03 05:15,1638
2018-11-03 05:20,1613
2018-11-03 05:25,1612
2018-11-03 05:30,1606
2018-11-03 05:35,1604
2018-11-03 05:40,1604
2018-11-03 05:45,1608
2018-11-03 05:50,1602
2018-11-03 05:55,1596
2018-11-03 06:00,1601
2018-11-03 06:05,1580
2018-11-03 06:10,1553
2018-11-03 06:15,1554
2018-11-03 06:20,1570
2018-11-03 06:25,1574
2018-11-03 06:30,1579
2018-11-03 06:35,1583
2018-11-03 06:40,1596
2018-11-03 06:45,1625
2018-11-03 06:50,1612
2018-11-03 06:55,1629
2018-11-03 07:00,1620
2018-11-03 07:05,1624
2018-11-03 07:10,1625
2018-11-03 07:15,1651
2018-11-03 07:20,1677
2018-11-03 07:25,1695
2018-11-03 07:30,1713
2018-11-03 07:35,1723
2018-11-03 07:40,1723
2018-11-03 07:45,1726
2018-11-03 07:50,1726
2018-11-03 07:55,1746
2018-11-03 08:00,1756
2018-11-03 08:05,1770
2018-11-03 08:10,1814
2018-11-03 08:15,1834
2018-11-03 08:20,1832
2018-11-03 08:25,1845
2018-11-03 08:30,1864
2018-11-03 08:35,1866
2018-11-03 08:40,1892
2018-11-03 08:45,1909
2018-11-03 08:50,1928
2018-11-03 08:55,1958
2018-11-03 09:00,1977
2018-11-03 09:05,1968
2018-11-03 09:10,1988
2018-11-03 09:15,1983
2018-11-03 09:20,1998
2018-11-03 09:25,2040
2018-11-03 09:30,2058
2018-11-03 09:35,2076
2018-11-03 09:40,2092
2018-11-03 09:45,2114
2018-11-03 09:50,2135
2018-11-03 09:55,2159
2018-11-03 10:00,2201
2018-11-03 10:05,2224
2018-11-03 10:10,2256
2018-11-03 10:15,2267
2018-11-03 10:20,2279
2018-11-03 10:25,2314
2018-11-03 10:30,2319
2018-11-03 10:35,2374
2018-11-03 10:40,2394
2018-11-03 10:45,2461
2018-11-03 10:50,2476
2018-11-03 10:55,2497
2018-11-03 11:00,2480
2018-11-03 11:05,2508
2018-11-03 11:10,2538
2018-11-03 11:15,2545
2018-11-03 11:20,2564
2018-11-03 11:25,2574
2018-11-03 11:30,2614
2018-11-03 11:35,2616
2018-11-03 11:40,2613
2018-11-03 11:45,2642
2018-11-03 11:50,2685
2018-11-03 11:55,2703
2018-11-03 12:00,2717
2018-11-03 12:05,2719
2018-11-03 12:10,2711
2018-11-03 12:15,2715
2018-11-03 12:20,2730
2018-11-03 12:25,2767
2018-11-03 12:30,2792
2018-11-03 12:35,2802
2018-11-03 12:40,2820
2018-11-03 12:45,2840
2018-11-03 12:50,2837
2018-11-03 12:55,2860
2018-11-03 13:00,2884
2018-11-03 13:05,2899
2018-11-03 13:10,2933
2018-11-03 13:15,2929
2018-11-03 13:20,2936
2018-11-03 13:25,2954
2018-11-03 13:30,2975
2018-11-03 13:35,3005
2018-11-03 13:40,2998
2018-11-03 13:45,3043
2018-11-03 13:50,3076
2018-11-03 13:55,3090
2018-11-03 14:00,3119
2018-11-03 14:05,3117
2018-11-03 14:10,3098
2018-11-03 14:15,3094
2018-11-03 14:20,3111
2018-11-03 14:25,3157
2018-11-03 14:30,3180
2018-11-03 14:35,3199
2018-11-03 14:40,3203
2018-11-03 14:45,3192
2018-11-03 14:50,3172
2018-11-03 14:55,3189
2018-11-03 15:00,3201
2018-11-03 15:05,3227
2018-11-03 15:10,3256
2018-11-03 15:15,3287
2018-11-03 15:20,3284
2018-11-03 15:25,3317
2018-11-03 15:30,3324
2018-11-03 15:35,3317
2018-11-03 15:40,3321
2018-11-03 15:45,3352
2018-11-03 15:50,3354
2018-11-03 15:55,3368
2018-11-03 16:00,3332
2018-11-03 16:05,3308
2018-11-03 16:10,3314
2018-11-03 16:15,3322
2018-11-03 16:20,3354
2018-11-03 16:25,3385
2018-11-03 16:30,3398
2018-11-03 16:35,3387
2018-11-03 16:40,3400
2018-11-03 16:45,3406
2018-11-03 16:50,3433
2018-11-03 16:55,3441
2018-11-03 17:00,3473
2018-11-03 17:05,3476
2018-11-03 17:10,3469
2018-11-03 17:15,3482
2018-11-03 17:20,3519
2018-11-03 17:25,3543
2018-11-03 17:30,3577
2018-11-03 17:35,3612
2018-11-03 17:40,3604
2018-11-03 17:45,3587
2018-11-03 17:50,3598
2018-11-03 17:55,3598
2018-11-03 18:00,3616
2018-11-03 18:05,3611
2018-11-03 18:10,3595
2018-11-03 18:15,3585
2018-11-03 18:20,3551
2018-11-03 18:25,3563
2018-11-03 18:30,3583
2018-11-03 18:35,3584
2018-11-03 18:40,3617
2018-11-03 18:45,3619
2018-11-03 18:50,3620
2018-11-03 18:55,3623
2018-11-03 19:00,3622
2018-11-03 19:05,3630
2018-11-03 19:10,3637
2018-11-03 19:15,3652
2018-11-03 19:20,3670
2018-11-03 19:25,3685
2018-11-03 19:30,3708
2018-11-03 19:35,3692
2018-11-03 19:40,3699
2018-11-03 19:45,3711
2018-11-03 19:50,3736
2018-11-03 19:55,3718
2018-11-03 20:00,3702
2018-11-03 20:05,3677
2018-11-03 20:10,3691
2018-11-03 20:15,3656
2018-11-03 20:20,3642
2018-11-03 20:25,3625
2018-11-03 20:30,3635
2018-11-03 20:35,3621
2018-11-03 20:40,3583
2018-11-03 20:45,3592
2018-11-03 20:50,3582
2018-11-03 20:55,3565
2018-11-03 21:00,3556
2018-11-03 21:05,3524
2018-11-03 21:10,3496
2018-11-03 21:15,3503
2018-11-03 21:20,3474
2018-11-03 21:25,3426
2018-11-03 21:30,3436
2018-11-03 21:35,3410
2018-11-03 21:40,3357
2018-11-03 21:45,3315
2018-11-03 21:50,3272
2018-11-03 21:55,3241
2018-11-03 22:00,3220
2018-11-03 22:05,3191
2018-11-03 22:10,3153
2018-11-03 22:15,3163
2018-11-03 22:20,3138
2018-11-03 22:25,3116
2018-11-03 22:30,3092
2018-11-03 22:35,3073
2018-11-03 22:40,3047
2018-11-03 22:45,3012
2018-11-03 22:50,2986
2018-11-03 22:55,2954
2018-11-03 23:00,2930
2018-11-03 23:05,2920
2018-11-03 23:10,2863
2018-11-03 23:15,2873
2018-11-03 23:20,2862
2018-11-03 23:25,2828
2018-11-03 23:30,2823
2018-11-03 23:35,2793
2018-11-03 23:40,2742
2018-11-03 23:45,2734
2018-11-03 23:50,2708
2018-11-03 23:55,2683
2018-11-04 00:00,2651
2018-11-04 00:05,2620
2018-11-04 00:10,2619
2018-11-04 00:15,2565
2018-11-04 00:20,2526
2018-11-04 00:25,2503
2018-11-04 00:30,2474
2018-11-04 00:35,2459
2018-11-04 00:40,2441
2018-11-04 00:45,2440
2018-11-04 00:50,2437
2018-11-04 00:55,2425
2018-11-04 01:00,2391
2018-11-04 01:05,2361
2018-11-04 01:10,2360
2018-11-04 01:15,2330
2018-11-04 01:20,2308
2018-11-04 01:25,2288
2018-11-04 01:30,2253
2018-11-04 01:35,2224
2018-11-04 01:40,2208
2018-11-04 01:45,2198
2018-11-04 01:50,2195
2018-11-04 01:55,2166
2018-11-04 02:00,2167
2018-11-04 02:05,2141
2018-11-04 02:10,2125
2018-11-04 02:15,2115
2018-11-04 02:20,2108
2018-11-04 02:25,2088
2018-11-04 02:30,2094
2018-11-04 02:35,2083
2018-11-04 02:40,2066
2018-11-04 02:45,2059
2018-11-04 02:50,2035
2018-11-04 02:55,2012
2018-11-04 03:00,2018
2018-11-04 03:05,2008
2018-11-04 03:10,1986
2018-11-04 03:15,1980
2018-11-04 03:20,1971
2018-11-04 03:25,1959
2018-11-04 03:30,1935
2018-11-04 03:35,1913
2018-11-04 03:40,1891
2018-11-04 03:45,1869
2018-11-04 03:50,1847
2018-11-04 03:55,1841
2018-11-04 04:00,1818
2018-11-04 04:05,1809
2018-11-04 04:10,1795
2018-11-04 04:15,1760
2018-11-04 04:20,1761
2018-11-04 04:25,1743
2018-11-04 04:30,1753
2018-11-04 04:35,1746
2018-11-04 04:40,1755
2018-11-04 04:45,1721
2018-11-04 04:50,1717
2018-11-04 04:55,1702
2018-11-04 05:00,1687
2018-11-04 05:05,1657
2018-11-04 05:10,1660
2018-11-04 05:15,1640
2018-11-04 05:20,1645
2018-11-04 05:25,1638
2018-11-04 05:30,1631
2018-11-04 05:35,1635
2018-11-04 05:40,1627
2018-11-04 05:45,1640
2018-11-04 05:50,1643
2018-11-04 05:55,1643
2018-11-04 06:00,1647
2018-11-04 06:05,1672
2018-11-04 06:10,1682
2018-11-04 06:15,1684
2018-11-04 06:20,1681
2018-11-04 06:25,1680
2018-11-04 06:30,1698
2018-11-04 06:35,1708
2018-11-04 06:40,1699
2018-11-04 06:45,1716
2018-11-04 06:50,1720
2018-11-04 06:55,1708
2018-11-04 07:00,1696
2018-11-04 07:05,1723
2018-11-04 07:10,1722
2018-11-04 07:15,1726
2018-11-04 07:20,1741
2018-11-04 07:25,1751
2018-11-04 07:30,1785
2018-11-04 07:35,1793
2018-11-04 07:40,1795
2018-11-04 07:45,1816
2018-11-04 07:50,1840
2018-11-04 07:55,1852
2018-11-04 08:00,1872
2018-11-04 08:05,1870
2018-11-04 08:10,1870
2018-11-04 08:15,1895
2018-11-04 08:20,1910
2018-11-04 08:25,1945
2018-11-04 08:30,1968
2018-11-04 08:35,1995
2018-11-04 08:40,2037
2018-11-04 08:45,2027
2018-11-04 08:50,2037
2018-11-04 08:55,2066
2018-11-04 09:00,2081
2018-11-04 09:05,2095
2018-11-04 09:10,2136
2018-11-04 09:15,2172
2018-11-04 09:20,2187
2018-11-04 09:25,2199
2018-11-04 09:30,2233
2018-11-04 09:35,2269
2018-11-04 09:40,2300
2018-11-04 09:45,2339
2018-11-04 09:50,2362
2018-11-04 09:55,2366
2018-11-04 10:00,2407
2018-11-04 10:05,2471
2018-11-04 10:10,2488
2018-11-04 10:15,2539
2018-11-04 10:20,2559
2018-11-04 10:25,2586
2018-11-04 10:30,2624
2018-11-04 10:35,2629
2018-11-04 10:40,2634
2018-11-04 10:45,2670
2018-11-04 10:50,2671
2018-11-04 10:55,2693
2018-11-04 11:00,2729
2018-11-04 11:05,2745
2018-11-04 11:10,2763
2018-11-04 11:15,2779
2018-11-04 11:20,2812
2018-11-04 11:25,2832
2018-11-04 11:30,2842
2018-11-04 11:35,2863
2018-11-04 11:40,2889
2018-11-04 11:45,2893
2018-11-04 11:50,2880
2018-11-04 11:55,2895
2018-11-04 12:00,2897
2018-11-04 12:05,2909
2018-11-04 12:10,2918
2018-11-04 12:15,2924
2018-11-04 12:20,2916
2018-11-04 12:25,2918
2018-11-04 12:30,2974
2018-11-04 12:35,2994
2018-11-04 12:40,3013
2018-11-04 12:45,3028
2018-11-04 12:50,3041
2018-11-04 12:55,3043
2018-11-04 13:00,3055
2018-11-04 13:05,3080
2018-11-04 13:10,3101
2018-11-04 13:15,3125
2018-11-04 13:20,3160
2018-11-04 13:25,3172
2018-11-04 13:30,3200
2018-11-04 13:35,3210
2018-11-04 13:40,3216
2018-11-04 13:45,3220
2018-11-04 13:50,3227
2018-11-04 13:55,3249
2018-11-04 14:00,3274
2018-11-04 14:05,3292
2018-11-04 14:10,3301
2018-11-04 14:15,3322
2018-11-04 14:20,3347
2018-11-04 14:25,3364
2018-11-04 14:30,3362
2018-11-04 14:35,3371
2018-11-04 14:40,3396
2018-11-04 14:45,3396
2018-11-04 14:50,3429
2018-11-04 14:55,3425
2018-11-04 15:00,3448
2018-11-04 15:05,3468
2018-11-04 15:10,3453
2018-11-04 15:15,3476
2018-11-04 15:20,3499
2018-11-04 15:25,3498
2018-11-04 15:30,3496
2018-11-04 15:35,3514
2018-11-04 15:40,3551
2018-11-04 15:45,3565
2018-11-04 15:50,3570
2018-11-04 15:55,3573
2018-11-04 16:00,3574
2018-11-04 16:05,3608
2018-11-04 16:10,3614
2018-11-04 16:15,3640
2018-11-04 16:20,3668
2018-11-04 16:25,3672
2018-11-04 16:30,3679
2018-11-04 16:35,3679
2018-11-04 16:40,3687
2018-11-04 16:45,3712
2018-11-04 16:50,3724
2018-11-04 16:55,3744
2018-11-04 17:00,3760
2018-11-04 17:05,3743
2018-11-04 17:10,3763
2018-11-04 17:15,3761
2018-11-04 17:20,3747
2018-11-04 17:25,3744
2018-11-04 17:30,3742
2018-11-04 17:35,3768
2018-11-04 17:40,3770
2018-11-04 17:45,3789
2018-11-04 17:50,3810
2018-11-04 17:55,3817
2018-11-04 18:00,3793
2018-11-04 18:05,3763
2018-11-04 18:10,3775
2018-11-04 18:15,3771
2018-11-04 18:20,3783
2018-11-04 18:25,3794
2018-11-04 18:30,3804
2018-11-04 18:35,3803
2018-11-04 18:40,3811
2018-11-04 18:45,3800
2018-11-04 18:50,3818
2018-11-04 18:55,3798
2018-11-04 19:00,3794
2018-11-04 19:05,3783
2018-11-04 19:10,3788
2018-11-04 19:15,3777
2018-11-04 19:20,3769
2018-11-04 19:25,3789
2018-11-04 19:30,3826
2018-11-04 19:35,3862
2018-11-04 19:40,3864
2018-11-04 19:45,3857
2018-11-04 19:50,3864
2018-11-04 19:55,3846
2018-11-04 20:00,3800
2018-11-04 20:05,3784
2018-11-04 20:10,3768
2018-11-04 20:15,3745
2018-11-04 20:20,3740
2018-11-04 20:25,3744
2018-11-04 20:30,3747
2018-11-04 20:35,3759
2018-11-04 20:40,3746
2018-11-04 20:45,3734
2018-11-04 20:50,3709
2018-11-04 20:55,3690
2018-11-04 21:00,3633
2018-11-04 21:05,3603
2018-11-04 21:10,3603
2018-11-04 21:15,3571
2018-11-04 21:20,3515
2018-11-04 21:25,3513
2018-11-04 21:30,3471
2018-11-04 21:35,3442
2018-11-04 21:40,3397
2018-11-04 21:45,3352
2018-11-04 21:50,3304
2018-11-04 21:55,3274
2018-11-04 22:00,3241
2018-11-04 22:05,3200
2018-11-04 22:10,3133
2018-11-04 22:15,3098
2018-11-04 22:20,3070
2018-11-04 22:25,3054
2018-11-04 22:30,3047
2018-11-04 22:35,3008
2018-11-04 22:40,2964
2018-11-04 22:45,2938
2018-11-04 22:50,2906
2018-11-04 22:55,2864
2018-11-04 23:00,2829
2018-11-04 23:05,2797
2018-11-04 23:10,2783
2018-11-04 23:15,2743
2018-11-04 23:20,2730
2018-11-04 23:25,2708
2018-11-04 23:30,2687
2018-11-04 23:35,2657
2018-11-04 23:40,2633
2018-11-04 23:45,2589
2018-11-04 23:50,2575
2018-11-04 23:55,2540
2018-11-05 00:00,2533
2018-11-05 00:05,2476
2018-11-05 00:10,2466
2018-11-05 00:15,2444
2018-11-05 00:20,2428
2018-11-05 00:25,2380
2018-11-05 00:30,2378
2018-11-05 00:35,2345
2018-11-05 00:40,2340
2018-11-05 00:45,2320
2018-11-05 00:50,2307
2018-11-05 00:55,2289
2018-11-05 01:00,2272
2018-11-05 01:05,2277
2018-11-05 01:10,2260
2018-11-05 01:15,2240
2018-11-05 01:20,2226
2018-11-05 01:25,2230
2018-11-05 01:30,2205
2018-11-05 01:35,2206
2018-11-05 01:40,2182
2018-11-05 01:45,2177
2018-11-05 01:50,2174
2018-11-05 01:55,2148
2018-11-05 02:00,2129
2018-11-05 02:05,2109
2018-11-05 02:10,2121
2018-11-05 02:15,2090
2018-11-05 02:20,2076
2018-11-05 02:25,2067
2018-11-05 02:30,2063
2018-11-05 02:35,2057
2018-11-05 02:40,2043
2018-11-05 02:45,2030
2018-11-05 02:50,2012
2018-11-05 02:55,1993
2018-11-05 03:00,1971
2018-11-05 03:05,1955
2018-11-05 03:10,1938
2018-11-05 03:15,1950
2018-11-05 03:20,1926
2018-11-05 03:25,1903
2018-11-05 03:30,1888
2018-11-05 03:35,1852
2018-11-05 03:40,1852
2018-11-05 03:45,1809
2018-11-05 03:50,1802
2018-11-05 03:55,1764
2018-11-05 04:00,1763
2018-11-05 04:05,1740
2018-11-05 04:10,1717
2018-11-05 04:15,1687
2018-11-05 04:20,1669
2018-11-05 04:25,1655
2018-11-05 04:30,1634
2018-11-05 04:35,1621
2018-11-05 04:40,1603
2018-11-05 04:45,1598
2018-11-05 04:50,1580
2018-11-05 04:55,1579
2018-11-05 05:00,1567
2018-11-05 05:05,1557
2018-11-05 05:10,1526
2018-11-05 05:15,1522
2018-11-05 05:20,1499
2018-11-05 05:25,1512
2018-11-05 05:30,1484
2018-11-05 05:35,1468
2018-11-05 05:40,1481
2018-11-05 05:45,1466
2018-11-05 05:50,1468
2018-11-05 05:55,1471
2018-11-05 06:00,1468
2018-11-05 06:05,1466
2018-11-05 06:10,1468
2018-11-05 06:15,1459
2018-11-05 06:20,1463
2018-11-05 06:25,1469
2018-11-05 06:30,1461
2018-11-05 06:35,1468
2018-11-05 06:40,1470
2018-11-05 06:45,1471
2018-11-05 06:50,1469
2018-11-05 06:55,1442
2018-11-05 07:00,1464
2018-11-05 07:05,1478
2018-11-05 07:10,1496
2018-11-05 07:15,1495
2018-11-05 07:20,1503
2018-11-05 07:25,1507
2018-11-05 07:30,1515
2018-11-05 07:35,1519
2018-11-05 07:40,1544
2018-11-05 07:45,1510
2018-11-05 07:50,1546
2018-11-05 07:55,1562
2018-11-05 08:00,1590
2018-11-05 08:05,1595
2018-11-05 08:10,1600
2018-11-05 08:15,1604
2018-11-05 08:20,1612
2018-11-05 08:25,1615
2018-11-05 08:30,1630
2018-11-05 08:35,1650
2018-11-05 08:40,1648
2018-11-05 08:45,1653
2018-11-05 08:50,1669
2018-11-05 08:55,1690
2018-11-05 09:00,1719
2018-11-05 09:05,1716
2018-11-05 09:10,1725
2018-11-05 09:15,1731
2018-11-05 09:20,1734
2018-11-05 09:25,1752
2018-11-05 09:30,1757
2018-11-05 09:35,1769
2018-11-05 09:40,1787
2018-11-05 09:45,1787
2018-11-05 09:50,1810
2018-11-05 09:55,1818
2018-11-05 10:00,1826
2018-11-05 10:05,1852
2018-11-05 10:10,1881
2018-11-05 10:15,1908
2018-11-05 10:20,1927
2018-11-05 10:25,1935
2018-11-05 10:30,1946
2018-11-05 10:35,1969
2018-11-05 10:40,1993
2018-11-05 10:45,2003
2018-11-05 10:50,2019
2018-11-05 10:55,2043
2018-11-05 11:00,2062
2018-11-05 11:05,2067
2018-11-05 11:10,2064
2018-11-05 11:15,2085
2018-11-05 11:20,2109
2018-11-05 11:25,2119
2018-11-05 11:30,2132
2018-11-05 11:35,2131
2018-11-05 11:40,2123
2018-11-05 11:45,2123
2018-11-05 11:50,2133
2018-11-05 11:55,2143
2018-11-05 12:00,2148
2018-11-05 12:05,2157
2018-11-05 12:10,2173
2018-11-05 12:15,2166
2018-11-05 12:20,2167
2018-11-05 12:25,2165
2018-11-05 12:30,2192
2018-11-05 12:35,2177
2018-11-05 12:40,2186
2018-11-05 12:45,2214
2018-11-05 12:50,2206
2018-11-05 12:55,2215
2018-11-05 13:00,2226
2018-11-05 13:05,2229
2018-11-05 13:10,2238
2018-11-05 13:15,2249
2018-11-05 13:20,2279
2018-11-05 13:25,2300
2018-11-05 13:30,2307
2018-11-05 13:35,2319
2018-11-05 13:40,2346
2018-11-05 13:45,2348
2018-11-05 13:50,2373
2018-11-05 13:55,2357
2018-11-05 14:00,2376
2018-11-05 14:05,2406
2018-11-05 14:10,2415
2018-11-05 14:15,2434
2018-11-05 14:20,2441
2018-11-05 14:25,2423
2018-11-05 14:30,2433
2018-11-05 14:35,2463
2018-11-05 14:40,2492
2018-11-05 14:45,2489
2018-11-05 14:50,2487
2018-11-05 14:55,2532
2018-11-05 15:00,2551
2018-11-05 15:05,2550
2018-11-05 15:10,2590
2018-11-05 15:15,2600
2018-11-05 15:20,2634
2018-11-05 15:25,2642
2018-11-05 15:30,2682
2018-11-05 15:35,2681
2018-11-05 15:40,2693
2018-11-05 15:45,2710
2018-11-05 15:50,2717
2018-11-05 15:55,2723
2018-11-05 16:00,2725
2018-11-05 16:05,2735
2018-11-05 16:10,2763
2018-11-05 16:15,2793
2018-11-05 16:20,2839
2018-11-05 16:25,2854
2018-11-05 16:30,2875
2018-11-05 16:35,2895
2018-11-05 16:40,2881
2018-11-05 16:45,2924
2018-11-05 16:50,2949
2018-11-05 16:55,2972
2018-11-05 17:00,2993
2018-11-05 17:05,3021
2018-11-05 17:10,3053
2018-11-05 17:15,3088
2018-11-05 17:20,3139
2018-11-05 17:25,3163
2018-11-05 17:30,3196
2018-11-05 17:35,3245
2018-11-05 17:40,3239
2018-11-05 17:45,3236
2018-11-05 17:50,3237
2018-11-05 17:55,3267
2018-11-05 18:00,3287
2018-11-05 18:05,3290
2018-11-05 18:10,3282
2018-11-05 18:15,3286
2018-11-05 18:20,3263
2018-11-05 18:25,3261
2018-11-05 18:30,3285
2018-11-05 18:35,3272
2018-11-05 18:40,3298
2018-11-05 18:45,3335
2018-11-05 18:50,3333
2018-11-05 18:55,3349
2018-11-05 19:00,3319
2018-11-05 19:05,3323
2018-11-05 19:10,3303
2018-11-05 19:15,3309
2018-11-05 19:20,3307
2018-11-05 19:25,3320
2018-11-05 19:30,3313
2018-11-05 19:35,3298
2018-11-05 19:40,3306
2018-11-05 19:45,3286
2018-11-05 19:50,3300
2018-11-05 19:55,3251
2018-11-05 20:00,3254
2018-11-05 20:05,3278
2018-11-05 20:10,3263
2018-11-05 20:15,3240
2018-11-05 20:20,3226
2018-11-05 20:25,3211
2018-11-05 20:30,3203
2018-11-05 20:35,3187
2018-11-05 20:40,3185
2018-11-05 20:45,3146
2018-11-05 20:50,3125
2018-11-05 20:55,3134
2018-11-05 21:00,3112
2018-11-05 21:05,3070
2018-11-05 21:10,3040
2018-11-05 21:15,2999
2018-11-05 21:20,3001
2018-11-05 21:25,2966
2018-11-05 21:30,2947
2018-11-05 21:35,2914
2018-11-05 21:40,2890
2018-11-05 21:45,2882
2018-11-05 21:50,2853
2018-11-05 21:55,2836
2018-11-05 22:00,
2018-11-05 22:05,2754
2018-11-05 22:10,2737
2018-11-05 22:15,2713
2018-11-05 22:20,2705
2018-11-05 22:25,2675
2018-11-05 22:30,2631
2018-11-05 22:35,2613
2018-11-05 22:40,2571
2018-11-05 22:45,2553
2018-11-05 22:50,2541
2018-11-05 22:55,2506
2018-11-05 23:00,2484
2018-11-05 23:05,2474
2018-11-05 23:10,2458
2018-11-05 23:15,2434
2018-11-05 23:20,2414
2018-11-05 23:25,2386
2018-11-05 23:30,2373
2018-11-05 23:35,2334
2018-11-05 23:40,2325
2018-11-05 23:45,2309
2018-11-05 23:50,2303
2018-11-05 23:55,2279
2018-11-06 00:00,2254
2018-11-06 00:05,2238
2018-11-06 00:10,2208
2018-11-06 00:15,2193
2018-11-06 00:20,2189
2018-11-06 00:25,2204
2018-11-06 00:30,2174
2018-11-06 00:35,2179
2018-11-06 00:40,2144
2018-11-06 00:45,2139
2018-11-06 00:50,2116
2018-11-06 00:55,2099
2018-11-06 01:00,2098
2018-11-06 01:05,2091
2018-11-06 01:10,2079
2018-11-06 01:15,2075
2018-11-06 01:20,2078
2018-11-06 01:25,2076
2018-11-06 01:30,2051
2018-11-06 01:35,2040
2018-11-06 01:40,2048
2018-11-06 01:45,2045
2018-11-06 01:50,2051
2018-11-06 01:55,2014
2018-11-06 02:00,2009
2018-11-06 02:05,1993
2018-11-06 02:10,2022
2018-11-06 02:15,2012
2018-11-06 02:20,1973
2018-11-06 02:25,1971
2018-11-06 02:30,1939
2018-11-06 02:35,1944
2018-11-06 02:40,1941
2018-11-06 02:45,1907
2018-11-06 02:50,1925
2018-11-06 02:55,1902
2018-11-06 03:00,1876
2018-11-06 03:05,1837
2018-11-06 03:10,1808
2018-11-06 03:15,1809
2018-11-06 03:20,1795
2018-11-06 03:25,1787
2018-11-06 03:30,1782
2018-11-06 03:35,1780
2018-11-06 03:40,1766
2018-11-06 03:45,1734
2018-11-06 03:50,1733
2018-11-06 03:55,1711
2018-11-06 04:00,1683
2018-11-06 04:05,1663
2018-11-06 04:10,1646
2018-11-06 04:15,1636
2018-11-06 04:20,1622
2018-11-06 04:25,1594
2018-11-06 04:30,1570
2018-11-06 04:35,1546
2018-11-06 04:40,1552
2018-11-06 04:45,1547
2018-11-06 04:50,1543
2018-11-06 04:55,1530
2018-11-06 05:00,1513
2018-11-06 05:05,1487
2018-11-06 05:10,1482
2018-11-06 05:15,1480
2018-11-06 05:20,1453
2018-11-06 05:25,1459
2018-11-06 05:30,1459
2018-11-06 05:35,1461
2018-11-06 05:40,1453
2018-11-06 05:45,1459
2018-11-06 05:50,1472
2018-11-06 05:55,1464
2018-11-06 06:00,1449
2018-11-06 06:05,1432
2018-11-06 06:10,1426
2018-11-06 06:15,1428
2018-11-06 06:20,1421
2018-11-06 06:25,1408
2018-11-06 06:30,1410
2018-11-06 06:35,1409
2018-11-06 06:40,1405
2018-11-06 06:45,1399
2018-11-06 06:50,1403
2018-11-06 06:55,1431
2018-11-06 07:00,1432
2018-11-06 07:05,1416
2018-11-06 07:10,1415
2018-11-06 07:15,1397
2018-11-06 07:20,1397
2018-11-06 07:25,1414
2018-11-06 07:30,1410
2018-11-06 07:35,1418
2018-11-06 07:40,1435
2018-11-06 07:45,1427
2018-11-06 07:50,1432
2018-11-06 07:55,1440
2018-11-06 08:00,1457
2018-11-06 08:05,1449
2018-11-06 08:10,1453
2018-11-06 08:15,1452
2018-11-06 08:20,1458
2018-11-06 08:25,1457
2018-11-06 08:30,1458
2018-11-06 08:35,1474
2018-11-06 08:40,1483
2018-11-06 08:45,1495
2018-11-06 08:50,1505
2018-11-06 08:55,1498
2018-11-06 09:00,1490
2018-11-06 09:05,1506
2018-11-06 09:10,1505
2018-11-06 09:15,1516
2018-11-06 09:20,1549
2018-11-06 09:25,1558
2018-11-06 09:30,1585
2018-11-06 09:35,1580
2018-11-06 09:40,1586
2018-11-06 09:45,1609
2018-11-06 09:50,1612
2018-11-06 09:55,1629
2018-11-06 10:00,1660
2018-11-06 10:05,1685
2018-11-06 10:10,1701
2018-11-06 10:15,1726
2018-11-06 10:20,1734
2018-11-06 10:25,1759
2018-11-06 10:30,1766
2018-11-06 10:35,1776
2018-11-06 10:40,1783
2018-11-06 10:45,1803
2018-11-06 10:50,1813
2018-11-06 10:55,1824
2018-11-06 11:00,1851
2018-11-06 11:05,1867
2018-11-06 11:10,1872
2018-11-06 11:15,1902
2018-11-06 11:20,1913
2018-11-06 11:25,1923
2018-11-06 11:30,1917
2018-11-06 11:35,1950
2018-11-06 11:40,1969
2018-11-06 11:45,1971
2018-11-06 11:50,1969
2018-11-06 11:55,1969
2018-11-06 12:00,1956
2018-11-06 12:05,1944
2018-11-06 12:10,1963
2018-11-06 12:15,1962
2018-11-06 12:20,1968
2018-11-06 12:25,1978
2018-11-06 12:30,1973
2018-11-06 12:35,1995
2018-11-06 12:40,1999
2018-11-06 12:45,2014
2018-11-06 12:50,2026
2018-11-06 12:55,2049
2018-11-06 13:00,2040
2018-11-06 13:05,2060
2018-11-06 13:10,2064
2018-11-06 13:15,2065
2018-11-06 13:20,2076
2018-11-06 13:25,2085
2018-11-06 13:30,2112
2018-11-06 13:35,2142
2018-11-06 13:40,2151
2018-11-06 13:45,2168
2018-11-06 13:50,2187
2018-11-06 13:55,2183
2018-11-06 14:00,2206
2018-11-06 14:05,2208
2018-11-06 14:10,2223
2018-11-06 14:15,2234
2018-11-06 14:20,2259
2018-11-06 14:25,2250
2018-11-06 14:30,2264
2018-11-06 14:35,2244
2018-11-06 14:40,2248
2018-11-06 14:45,2214
2018-11-06 14:50,2152
2018-11-06 14:55,2055
2018-11-06 15:00,1876
2018-11-06 15:05,1379
2018-11-06 15:10,1355
2018-11-06 15:15,1364
2018-11-06 15:20,1353
2018-11-06 15:25,1362
2018-11-06 15:30,1381
2018-11-06 15:35,1408
2018-11-06 15:40,1443
2018-11-06 15:45,1465
2018-11-06 15:50,1510
2018-11-06 15:55,1549
2018-11-06 16:00,1580
2018-11-06 16:05,1598
2018-11-06 16:10,1625
2018-11-06 16:15,1666
2018-11-06 16:20,1713
2018-11-06 16:25,1721
2018-11-06 16:30,1748
2018-11-06 16:35,1782
2018-11-06 16:40,1787
2018-11-06 16:45,1835
2018-11-06 16:50,1859
2018-11-06 16:55,1901
2018-11-06 17:00,1937
2018-11-06 17:05,1946
2018-11-06 17:10,2023
2018-11-06 17:15,2107
2018-11-06 17:20,2261
2018-11-06 17:25,2397
2018-11-06 17:30,2516
2018-11-06 17:35,2634
2018-11-06 17:40,2749
2018-11-06 17:45,2833
2018-11-06 17:50,2923
2018-11-06 17:55,2989
2018-11-06 18:00,3074
2018-11-06 18:05,3172
2018-11-06 18:10,3237
2018-11-06 18:15,3318
2018-11-06 18:20,3390
2018-11-06 18:25,3440
2018-11-06 18:30,3497
2018-11-06 18:35,3528
2018-11-06 18:40,3579
2018-11-06 18:45,3643
2018-11-06 18:50,3679
2018-11-06 18:55,3744
2018-11-06 19:00,3781
2018-11-06 19:05,3867
2018-11-06 19:10,3927
2018-11-06 19:15,4005
2018-11-06 19:20,4038
2018-11-06 19:25,4053
2018-11-06 19:30,4063
2018-11-06 19:35,4101
2018-11-06 19:40,4103
2018-11-06 19:45,4121
2018-11-06 19:50,4125
2018-11-06 19:55,4135
2018-11-06 20:00,4145
2018-11-06 20:05,4184
2018-11-06 20:10,4154
2018-11-06 20:15,4141
2018-11-06 20:20,4120
2018-11-06 20:25,4132
2018-11-06 20:30,4138
2018-11-06 20:35,4112
2018-11-06 20:40,4105
2018-11-06 20:45,4067
2018-11-06 20:50,4059
2018-11-06 20:55,4063
2018-11-06 21:00,4036
2018-11-06 21:05,4007
2018-11-06 21:10,3961
2018-11-06 21:15,3932
2018-11-06 21:20,3923
2018-11-06 21:25,3913
2018-11-06 21:30,3881
2018-11-06 21:35,3864
2018-11-06 21:40,3830
2018-11-06 21:45,3798
2018-11-06 21:50,3767
2018-11-06 21:55,3764
2018-11-06 22:00,3746
2018-11-06 22:05,3702
2018-11-06 22:10,3679
2018-11-06 22:15,3635
2018-11-06 22:20,3592
2018-11-06 22:25,3569
2018-11-06 22:30,3536
2018-11-06 22:35,3490
2018-11-06 22:40,3490
2018-11-06 22:45,3448
2018-11-06 22:50,3436
2018-11-06 22:55,3396
2018-11-06 23:00,3376
2018-11-06 23:05,3333
2018-11-06 23:10,
2018-11-06 23:15,
2018-11-06 23:20,
2018-11-06 23:25,
2018-11-06 23:30,3110
2018-11-06 23:35,3084
2018-11-06 23:40,3090
2018-11-06 23:45,3063
2018-11-06 23:50,3063
2018-11-06 23:55,3063
2018-11-07 00:00,3063
2018-11-07 00:05,3063
2018-11-07 00:10,3063
2018-11-07 00:15,2900
2018-11-07 00:20,2707
2018-11-07 00:25,2732
2018-11-07 00:30,2726
2018-11-07 00:35,2734
2018-11-07 00:40,2726
2018-11-07 00:45,2713
2018-11-07 00:50,2692
2018-11-07 00:55,2655
2018-11-07 01:00,2653
2018-11-07 01:05,2632
2018-11-07 01:10,2588
2018-11-07 01:15,2578
2018-11-07 01:20,2573
2018-11-07 01:25,2510
2018-11-07 01:30,2506
2018-11-07 01:35,2507
2018-11-07 01:40,2508
2018-11-07 01:45,2510
2018-11-07 01:50,2524
2018-11-07 01:55,2499
2018-11-07 02:00,2499
2018-11-07 02:05,2481
2018-11-07 02:10,2462
2018-11-07 02:15,2445
2018-11-07 02:20,2439
2018-11-07 02:25,2412
2018-11-07 02:30,2394
2018-11-07 02:35,2360
2018-11-07 02:40,2346
2018-11-07 02:45,2342
2018-11-07 02:50,2302
2018-11-07 02:55,2275
2018-11-07 03:00,2269
2018-11-07 03:05,2244
2018-11-07 03:10,2210
2018-11-07 03:15,2196
2018-11-07 03:20,2179
2018-11-07 03:25,2151
2018-11-07 03:30,2161
2018-11-07 03:35,2148
2018-11-07 03:40,2124
2018-11-07 03:45,2093
2018-11-07 03:50,2084
2018-11-07 03:55,2064
2018-11-07 04:00,2046
2018-11-07 04:05,2028
2018-11-07 04:10,2006
2018-11-07 04:15,1996
2018-11-07 04:20,2005
2018-11-07 04:25,2003
2018-11-07 04:30,2005
2018-11-07 04:35,1990
2018-11-07 04:40,1980
2018-11-07 04:45,1969
2018-11-07 04:50,1972
2018-11-07 04:55,1954
2018-11-07 05:00,1961
2018-11-07 05:05,1939
2018-11-07 05:10,1937
2018-11-07 05:15,1945
2018-11-07 05:20,1941
2018-11-07 05:25,1935
2018-11-07 05:30,1924
2018-11-07 05:35,1908
2018-11-07 05:40,1937
2018-11-07 05:45,1942
2018-11-07 05:50,1934
2018-11-07 05:55,1917
2018-11-07 06:00,1895
2018-11-07 06:05,1887
2018-11-07 06:10,1869
2018-11-07 06:15,1869
2018-11-07 06:20,1858
2018-11-07 06:25,1859
2018-11-07 06:30,1858
2018-11-07 06:35,1840
2018-11-07 06:40,1853
2018-11-07 06:45,1841
2018-11-07 06:50,1835
2018-11-07 06:55,1829
2018-11-07 07:00,1825
2018-11-07 07:05,1827
2018-11-07 07:10,1823
2018-11-07 07:15,1838
2018-11-07 07:20,1813
2018-11-07 07:25,1809
2018-11-07 07:30,1824
2018-11-07 07:35,1840
2018-11-07 07:40,1833
2018-11-07 07:45,1838
2018-11-07 07:50,1859
2018-11-07 07:55,1870
2018-11-07 08:00,1870
2018-11-07 08:05,1863
2018-11-07 08:10,1868
2018-11-07 08:15,1885
2018-11-07 08:20,1916
2018-11-07 08:25,1906
2018-11-07 08:30,1928
2018-11-07 08:35,1941
2018-11-07 08:40,1953
2018-11-07 08:45,1954
2018-11-07 08:50,1948
2018-11-07 08:55,1981
2018-11-07 09:00,1985
2018-11-07 09:05,1988
2018-11-07 09:10,1994
2018-11-07 09:15,2027
2018-11-07 09:20,2038
2018-11-07 09:25,2040
2018-11-07 09:30,2043
2018-11-07 09:35,2068
2018-11-07 09:40,2072
2018-11-07 09:45,2079
2018-11-07 09:50,2112
2018-11-07 09:55,2140
2018-11-07 10:00,2149
2018-11-07 10:05,2151
2018-11-07 10:10,2179
2018-11-07 10:15,2195
2018-11-07 10:20,2219
2018-11-07 10:25,2233
2018-11-07 10:30,2264
2018-11-07 10:35,2275
2018-11-07 10:40,2299
2018-11-07 10:45,2308
2018-11-07 10:50,2295
2018-11-07 10:55,2308
2018-11-07 11:00,2326
2018-11-07 11:05,2331
2018-11-07 11:10,2342
2018-11-07 11:15,2360
2018-11-07 11:20,2369
2018-11-07 11:25,2357
2018-11-07 11:30,2349
2018-11-07 11:35,2374
2018-11-07 11:40,2390
2018-11-07 11:45,2424
2018-11-07 11:50,2414
2018-11-07 11:55,2436
2018-11-07 12:00,2432
2018-11-07 12:05,2446
2018-11-07 12:10,2451
2018-11-07 12:15,2473
2018-11-07 12:20,2480
2018-11-07 12:25,2500
2018-11-07 12:30,2516
2018-11-07 12:35,2524
2018-11-07 12:40,2564
2018-11-07 12:45,2588
2018-11-07 12:50,2637
2018-11-07 12:55,2662
2018-11-07 13:00,2666
2018-11-07 13:05,2680
2018-11-07 13:10,2708
2018-11-07 13:15,2693
2018-11-07 13:20,2688
2018-11-07 13:25,2732
2018-11-07 13:30,2747
2018-11-07 13:35,2757
2018-11-07 13:40,2788
2018-11-07 13:45,2795
2018-11-07 13:50,2840
2018-11-07 13:55,2857
2018-11-07 14:00,2860
2018-11-07 14:05,2879
2018-11-07 14:10,2903
2018-11-07 14:15,2897
2018-11-07 14:20,2945
2018-11-07 14:25,2925
2018-11-07 14:30,2935
2018-11-07 14:35,2966
2018-11-07 14:40,2992
2018-11-07 14:45,3003
2018-11-07 14:50,3046
2018-11-07 14:55,3084
2018-11-07 15:00,3110
2018-11-07 15:05,3142
2018-11-07 15:10,3161
2018-11-07 15:15,3185
2018-11-07 15:20,3187
2018-11-07 15:25,3191
2018-11-07 15:30,3202
2018-11-07 15:35,3232
2018-11-07 15:40,3255
2018-11-07 15:45,3280
2018-11-07 15:50,3310
2018-11-07 15:55,3317
2018-11-07 16:00,3347
2018-11-07 16:05,3348
2018-11-07 16:10,3366
2018-11-07 16:15,3396
2018-11-07 16:20,3425
2018-11-07 16:25,3449
2018-11-07 16:30,3456
2018-11-07 16:35,3470
2018-11-07 16:40,3517
2018-11-07 16:45,3538
2018-11-07 16:50,3564
2018-11-07 16:55,3596
2018-11-07 17:00,3577
2018-11-07 17:05,3597
2018-11-07 17:10,3622
2018-11-07 17:15,3617
2018-11-07 17:20,3625
2018-11-07 17:25,3644
2018-11-07 17:30,3645
2018-11-07 17:35,3636
2018-11-07 17:40,3657
2018-11-07 17:45,3650
2018-11-07 17:50,3688
2018-11-07 17:55,3722
2018-11-07 18:00,3752
2018-11-07 18:05,3736
2018-11-07 18:10,3730
2018-11-07 18:15,3756
2018-11-07 18:20,3778
2018-11-07 18:25,3802
2018-11-07 18:30,3800
2018-11-07 18:35,3788
2018-11-07 18:40,3787
2018-11-07 18:45,3815
2018-11-07 18:50,3821
2018-11-07 18:55,3834
2018-11-07 19:00,3836
2018-11-07 19:05,3847
2018-11-07 19:10,3836
2018-11-07 19:15,3836
2018-11-07 19:20,3853
2018-11-07 19:25,3851
2018-11-07 19:30,3876
2018-11-07 19:35,3893
2018-11-07 19:40,3866
2018-11-07 19:45,3875
2018-11-07 19:50,3858
2018-11-07 19:55,3873
2018-11-07 20:00,3844
2018-11-07 20:05,3852
2018-11-07 20:10,3810
2018-11-07 20:15,3782
2018-11-07 20:20,3802
2018-11-07 20:25,3771
2018-11-07 20:30,3745
2018-11-07 20:35,3722
2018-11-07 20:40,3686
2018-11-07 20:45,3681
2018-11-07 20:50,3666
2018-11-07 20:55,3657
2018-11-07 21:00,3644
2018-11-07 21:05,3606
2018-11-07 21:10,3572
2018-11-07 21:15,3547
2018-11-07 21:20,3509
2018-11-07 21:25,3475
2018-11-07 21:30,3442
2018-11-07 21:35,3397
2018-11-07 21:40,3357
2018-11-07 21:45,3301
2018-11-07 21:50,3311
2018-11-07 21:55,3283
2018-11-07 22:00,3284
2018-11-07 22:05,3255
2018-11-07 22:10,3235
2018-11-07 22:15,3208
2018-11-07 22:20,3152
2018-11-07 22:25,3125
2018-11-07 22:30,3116
2018-11-07 22:35,3092
2018-11-07 22:40,3058
2018-11-07 22:45,3013
2018-11-07 22:50,3022
2018-11-07 22:55,2984
2018-11-07 23:00,2951
2018-11-07 23:05,2920
2018-11-07 23:10,2887
2018-11-07 23:15,2844
2018-11-07 23:20,2821
2018-11-07 23:25,2777
2018-11-07 23:30,2757
2018-11-07 23:35,2697
2018-11-07 23:40,2676
2018-11-07 23:45,2680
2018-11-07 23:50,2641
2018-11-07 23:55,2601
2018-11-08 00:00,2573
2018-11-08 00:05,2557
2018-11-08 00:10,2545
2018-11-08 00:15,2538
2018-11-08 00:20,2517
2018-11-08 00:25,2517
2018-11-08 00:30,2504
2018-11-08 00:35,2498
2018-11-08 00:40,2482
2018-11-08 00:45,2474
2018-11-08 00:50,2456
2018-11-08 00:55,2417
2018-11-08 01:00,2398
2018-11-08 01:05,2375
2018-11-08 01:10,2379
2018-11-08 01:15,2391
2018-11-08 01:20,2387
2018-11-08 01:25,2249
2018-11-08 01:30,2356
2018-11-08 01:35,2371
2018-11-08 01:40,2364
2018-11-08 01:45,2344
2018-11-08 01:50,2348
2018-11-08 01:55,2355
2018-11-08 02:00,2333
2018-11-08 02:05,2308
2018-11-08 02:10,2269
2018-11-08 02:15,2239
2018-11-08 02:20,2238
2018-11-08 02:25,2210
2018-11-08 02:30,2193
2018-11-08 02:35,2160
2018-11-08 02:40,2143
2018-11-08 02:45,2137
2018-11-08 02:50,2133
2018-11-08 02:55,2107
2018-11-08 03:00,2105
2018-11-08 03:05,2059
2018-11-08 03:10,2038
2018-11-08 03:15,2046
2018-11-08 03:20,2041
2018-11-08 03:25,2016
2018-11-08 03:30,2002
2018-11-08 03:35,1987
2018-11-08 03:40,1959
2018-11-08 03:45,1954
2018-11-08 03:50,1951
2018-11-08 03:55,1936
2018-11-08 04:00,1935
2018-11-08 04:05,1908
2018-11-08 04:10,1879
2018-11-08 04:15,1881
2018-11-08 04:20,1867
2018-11-08 04:25,1835
2018-11-08 04:30,1822
2018-11-08 04:35,1830
2018-11-08 04:40,1831
2018-11-08 04:45,1822
2018-11-08 04:50,1799
2018-11-08 04:55,1783
2018-11-08 05:00,1765
2018-11-08 05:05,1759
2018-11-08 05:10,1736
2018-11-08 05:15,1721
2018-11-08 05:20,1718
2018-11-08 05:25,1696
2018-11-08 05:30,1688
2018-11-08 05:35,1693
2018-11-08 05:40,1669
2018-11-08 05:45,1650
2018-11-08 05:50,1633
2018-11-08 05:55,1624
2018-11-08 06:00,1608
2018-11-08 06:05,1604
2018-11-08 06:10,1592
2018-11-08 06:15,1595
2018-11-08 06:20,1603
2018-11-08 06:25,1601
2018-11-08 06:30,1607
2018-11-08 06:35,1612
2018-11-08 06:40,1616
2018-11-08 06:45,1617
2018-11-08 06:50,1620
2018-11-08 06:55,1627
2018-11-08 07:00,1627
2018-11-08 07:05,1598
2018-11-08 07:10,1593
2018-11-08 07:15,1598
2018-11-08 07:20,1611
2018-11-08 07:25,1616
2018-11-08 07:30,1625
2018-11-08 07:35,1640
2018-11-08 07:40,1648
2018-11-08 07:45,1648
2018-11-08 07:50,1634
2018-11-08 07:55,1642
2018-11-08 08:00,1659
2018-11-08 08:05,1654
2018-11-08 08:10,1663
2018-11-08 08:15,1670
2018-11-08 08:20,1682
2018-11-08 08:25,1694
2018-11-08 08:30,1694
2018-11-08 08:35,1696
2018-11-08 08:40,1700
2018-11-08 08:45,1710
2018-11-08 08:50,1717
2018-11-08 08:55,1721
2018-11-08 09:00,1731
2018-11-08 09:05,1747
2018-11-08 09:10,1758
2018-11-08 09:15,1767
2018-11-08 09:20,1775
2018-11-08 09:25,1799
2018-11-08 09:30,1802
2018-11-08 09:35,1815
2018-11-08 09:40,1827
2018-11-08 09:45,1824
2018-11-08 09:50,1838
2018-11-08 09:55,1836
2018-11-08 10:00,1850
2018-11-08 10:05,1867
2018-11-08 10:10,1892
2018-11-08 10:15,1911
2018-11-08 10:20,1937
2018-11-08 10:25,1940
2018-11-08 10:30,1958
2018-11-08 10:35,1960
2018-11-08 10:40,1970
2018-11-08 10:45,1967
2018-11-08 10:50,1971
2018-11-08 10:55,1973
2018-11-08 11:00,1986
2018-11-08 11:05,2016
2018-11-08 11:10,2013
2018-11-08 11:15,2040
2018-11-08 11:20,2066
2018-11-08 11:25,2074
2018-11-08 11:30,2065
2018-11-08 11:35,2089
2018-11-08 11:40,2096
2018-11-08 11:45,2122
2018-11-08 11:50,2137
2018-11-08 11:55,2161
2018-11-08 12:00,2160
2018-11-08 12:05,2182
2018-11-08 12:10,2188
2018-11-08 12:15,2212
2018-11-08 12:20,2227
2018-11-08 12:25,2249
2018-11-08 12:30,2249
2018-11-08 12:35,2246
2018-11-08 12:40,2284
2018-11-08 12:45,2293
2018-11-08 12:50,2332
2018-11-08 12:55,2337
2018-11-08 13:00,2358
2018-11-08 13:05,2368
2018-11-08 13:10,2371
2018-11-08 13:15,2395
2018-11-08 13:20,2401
2018-11-08 13:25,2403
2018-11-08 13:30,2425
2018-11-08 13:35,2426
2018-11-08 13:40,2472
2018-11-08 13:45,2466
2018-11-08 13:50,2492
2018-11-08 13:55,2509
2018-11-08 14:00,2508
2018-11-08 14:05,2497
2018-11-08 14:10,2487
2018-11-08 14:15,2525
2018-11-08 14:20,2531
2018-11-08 14:25,2539
2018-11-08 14:30,2556
2018-11-08 14:35,2532
2018-11-08 14:40,2500
2018-11-08 14:45,2483
2018-11-08 14:50,2458
2018-11-08 14:55,2411
2018-11-08 15:00,2243
2018-11-08 15:05,1607
2018-11-08 15:10,1567
2018-11-08 15:15,1590
2018-11-08 15:20,1582
2018-11-08 15:25,1620
2018-11-08 15:30,1630
2018-11-08 15:35,1645
2018-11-08 15:40,1664
2018-11-08 15:45,1691
2018-11-08 15:50,1731
2018-11-08 15:55,1731
2018-11-08 16:00,1751
2018-11-08 16:05,1747
2018-11-08 16:10,1796
2018-11-08 16:15,1851
2018-11-08 16:20,2002
2018-11-08 16:25,2159
2018-11-08 16:30,2285
2018-11-08 16:35,2402
2018-11-08 16:40,2512
2018-11-08 16:45,2618
2018-11-08 16:50,2690
2018-11-08 16:55,2791
2018-11-08 17:00,2857
2018-11-08 17:05,2978
2018-11-08 17:10,3108
2018-11-08 17:15,3211
2018-11-08 17:20,3298
2018-11-08 17:25,3349
2018-11-08 17:30,3374
2018-11-08 17:35,3424
2018-11-08 17:40,3482
2018-11-08 17:45,3508
2018-11-08 17:50,3531
2018-11-08 17:55,3568
2018-11-08 18:00,3585
2018-11-08 18:05,3589
2018-11-08 18:10,3636
2018-11-08 18:15,3640
2018-11-08 18:20,3663
2018-11-08 18:25,3667
2018-11-08 18:30,3660
2018-11-08 18:35,3690
2018-11-08 18:40,3725
2018-11-08 18:45,3703
2018-11-08 18:50,3698
2018-11-08 18:55,3665
2018-11-08 19:00,3659
2018-11-08 19:05,3658
2018-11-08 19:10,3648
2018-11-08 19:15,3653
2018-11-08 19:20,3667
2018-11-08 19:25,3693
2018-11-08 19:30,3677
2018-11-08 19:35,3667
2018-11-08 19:40,3674
2018-11-08 19:45,3686
2018-11-08 19:50,3684
2018-11-08 19:55,3696
2018-11-08 20:00,3681
2018-11-08 20:05,3679
2018-11-08 20:10,3685
2018-11-08 20:15,3661
2018-11-08 20:20,3635
2018-11-08 20:25,3634
2018-11-08 20:30,3599
2018-11-08 20:35,3584
2018-11-08 20:40,3558
2018-11-08 20:45,3546
2018-11-08 20:50,3552
2018-11-08 20:55,3524
2018-11-08 21:00,3507
2018-11-08 21:05,3464
2018-11-08 21:10,3448
2018-11-08 21:15,3399
2018-11-08 21:20,3362
2018-11-08 21:25,3340
2018-11-08 21:30,3302
2018-11-08 21:35,3260
2018-11-08 21:40,0
2018-11-08 21:45,3184
2018-11-08 21:50,3167
2018-11-08 21:55,3112
2018-11-08 22:00,3102
2018-11-08 22:05,3044
2018-11-08 22:10,3011
2018-11-08 22:15,2976
2018-11-08 22:20,2928
2018-11-08 22:25,2901
2018-11-08 22:30,2897
2018-11-08 22:35,2881
2018-11-08 22:40,2876
2018-11-08 22:45,2844
2018-11-08 22:50,2823
2018-11-08 22:55,2796
2018-11-08 23:00,2735
2018-11-08 23:05,2713
2018-11-08 23:10,2684
2018-11-08 23:15,2660
2018-11-08 23:20,2650
2018-11-08 23:25,2612
2018-11-08 23:30,2581
2018-11-08 23:35,2582
2018-11-08 23:40,2556
2018-11-08 23:45,2524
2018-11-08 23:50,2539
2018-11-08 23:55,2527
2018-11-09 00:00,2510
2018-11-09 00:05,2500
2018-11-09 00:10,2449
2018-11-09 00:15,2424
2018-11-09 00:20,2396
2018-11-09 00:25,2373
2018-11-09 00:30,2362
2018-11-09 00:35,0
2018-11-09 00:40,2319
2018-11-09 00:45,2296
2018-11-09 00:50,2288
2018-11-09 00:55,2271
2018-11-09 01:00,2229
2018-11-09 01:05,2177
2018-11-09 01:10,2152
2018-11-09 01:15,2137
2018-11-09 01:20,2139
2018-11-09 01:25,2141
2018-11-09 01:30,2121
2018-11-09 01:35,2118
2018-11-09 01:40,2099
2018-11-09 01:45,2112
2018-11-09 01:50,2099
2018-11-09 01:55,2103
2018-11-09 02:00,2093
2018-11-09 02:05,2095
2018-11-09 02:10,2077
2018-11-09 02:15,2082
2018-11-09 02:20,2084
2018-11-09 02:25,2104
2018-11-09 02:30,2099
2018-11-09 02:35,2086
2018-11-09 02:40,2093
2018-11-09 02:45,2066
2018-11-09 02:50,2076
2018-11-09 02:55,2065
2018-11-09 03:00,2050
2018-11-09 03:05,2018
2018-11-09 03:10,1993
2018-11-09 03:15,1996
2018-11-09 03:20,1983
2018-11-09 03:25,1982
2018-11-09 03:30,1932
2018-11-09 03:35,1922
2018-11-09 03:40,1908
2018-11-09 03:45,1899
2018-11-09 03:50,1877
2018-11-09 03:55,1881
2018-11-09 04:00,1864
2018-11-09 04:05,1867
2018-11-09 04:10,1842
2018-11-09 04:15,1833
2018-11-09 04:20,1826
2018-11-09 04:25,1802
2018-11-09 04:30,1805
2018-11-09 04:35,1759
2018-11-09 04:40,1732
2018-11-09 04:45,1726
2018-11-09 04:50,1735
2018-11-09 04:55,1750
2018-11-09 05:00,1730
2018-11-09 05:05,1713
2018-11-09 05:10,1722
2018-11-09 05:15,1709
2018-11-09 05:20,1721
2018-11-09 05:25,1713
2018-11-09 05:30,1715
2018-11-09 05:35,1691
2018-11-09 05:40,1691
2018-11-09 05:45,1680
2018-11-09 05:50,1675
2018-11-09 05:55,1644
2018-11-09 06:00,1613
2018-11-09 06:05,1601
2018-11-09 06:10,1587
2018-11-09 06:15,1582
2018-11-09 06:20,1584
2018-11-09 06:25,1578
2018-11-09 06:30,1571
2018-11-09 06:35,1552
2018-11-09 06:40,1548
2018-11-09 06:45,1555
2018-11-09 06:50,1543
2018-11-09 06:55,1547
2018-11-09 07:00,1549
2018-11-09 07:05,1552
2018-11-09 07:10,1563
2018-11-09 07:15,1564
2018-11-09 07:20,1582
2018-11-09 07:25,1582
2018-11-09 07:30,1578
2018-11-09 07:35,1594
2018-11-09 07:40,1584
2018-11-09 07:45,1588
2018-11-09 07:50,1588
2018-11-09 07:55,1585
2018-11-09 08:00,1583
2018-11-09 08:05,1597
2018-11-09 08:10,1591
2018-11-09 08:15,1612
2018-11-09 08:20,1643
2018-11-09 08:25,1645
2018-11-09 08:30,1665
2018-11-09 08:35,1683
2018-11-09 08:40,1679
2018-11-09 08:45,1691
2018-11-09 08:50,1697
2018-11-09 08:55,1724
2018-11-09 09:00,1730
2018-11-09 09:05,1746
2018-11-09 09:10,1772
2018-11-09 09:15,1807
2018-11-09 09:20,1824
2018-11-09 09:25,1836
2018-11-09 09:30,1850
2018-11-09 09:35,1844
2018-11-09 09:40,1860
2018-11-09 09:45,1882
2018-11-09 09:50,1905
2018-11-09 09:55,1923
2018-11-09 10:00,1938
2018-11-09 10:05,1950
2018-11-09 10:10,1976
2018-11-09 10:15,1974
2018-11-09 10:20,1988
2018-11-09 10:25,2019
2018-11-09 10:30,2037
2018-11-09 10:35,2050
2018-11-09 10:40,2080
2018-11-09 10:45,2090
2018-11-09 10:50,2092
2018-11-09 10:55,2092
2018-11-09 11:00,2098
2018-11-09 11:05,2119
2018-11-09 11:10,2130
2018-11-09 11:15,2160
2018-11-09 11:20,2169
2018-11-09 11:25,2191
2018-11-09 11:30,2209
2018-11-09 11:35,2218
2018-11-09 11:40,2230
2018-11-09 11:45,2230
2018-11-09 11:50,2230
2018-11-09 11:55,2244
2018-11-09 12:00,2244
2018-11-09 12:05,2246
2018-11-09 12:10,2285
2018-11-09 12:15,2301
2018-11-09 12:20,2338
2018-11-09 12:25,2362
2018-11-09 12:30,2356
2018-11-09 12:35,2343
2018-11-09 12:40,2357
2018-11-09 12:45,2401
2018-11-09 12:50,2408
2018-11-09 12:55,2426
2018-11-09 13:00,2443
2018-11-09 13:05,2446
2018-11-09 13:10,2464
2018-11-09 13:15,2497
2018-11-09 13:20,2486
2018-11-09 13:25,2504
2018-11-09 13:30,2504
2018-11-09 13:35,2531
2018-11-09 13:40,2552
2018-11-09 13:45,2597
2018-11-09 13:50,2614
2018-11-09 13:55,2647
2018-11-09 14:00,2651
2018-11-09 14:05,2698
2018-11-09 14:10,2732
2018-11-09 14:15,2753
2018-11-09 14:20,2768
2018-11-09 14:25,2773
2018-11-09 14:30,2801
2018-11-09 14:35,2815
2018-11-09 14:40,2827
2018-11-09 14:45,2809
2018-11-09 14:50,2806
2018-11-09 14:55,2834
2018-11-09 15:00,2868
2018-11-09 15:05,2883
2018-11-09 15:10,2878
2018-11-09 15:15,2884
2018-11-09 15:20,2884
2018-11-09 15:25,2931
2018-11-09 15:30,2948
2018-11-09 15:35,2948
2018-11-09 15:40,2996
2018-11-09 15:45,3031
2018-11-09 15:50,3061
2018-11-09 15:55,3059
2018-11-09 16:00,3085
2018-11-09 16:05,3103
2018-11-09 16:10,3106
2018-11-09 16:15,3133
2018-11-09 16:20,3158
2018-11-09 16:25,3182
2018-11-09 16:30,3216
2018-11-09 16:35,3228
2018-11-09 16:40,3254
2018-11-09 16:45,3266
2018-11-09 16:50,3267
2018-11-09 16:55,3269
2018-11-09 17:00,3276
2018-11-09 17:05,3344
2018-11-09 17:10,3344
2018-11-09 17:15,3382
2018-11-09 17:20,3409
2018-11-09 17:25,3420
2018-11-09 17:30,3428
2018-11-09 17:35,3440
2018-11-09 17:40,3474
2018-11-09 17:45,3464
2018-11-09 17:50,3450
2018-11-09 17:55,3464
2018-11-09 18:00,3467
2018-11-09 18:05,3469
2018-11-09 18:10,3470
2018-11-09 18:15,3479
2018-11-09 18:20,3475
2018-11-09 18:25,3462
2018-11-09 18:30,3512
2018-11-09 18:35,3509
2018-11-09 18:40,3520
2018-11-09 18:45,3524
2018-11-09 18:50,3524
2018-11-09 18:55,3537
2018-11-09 19:00,3524
2018-11-09 19:05,3535
2018-11-09 19:10,3534
2018-11-09 19:15,3541
2018-11-09 19:20,3496
2018-11-09 19:25,3523
2018-11-09 19:30,3519
2018-11-09 19:35,3526
2018-11-09 19:40,3535
2018-11-09 19:45,3547
2018-11-09 19:50,3551
2018-11-09 19:55,3579
2018-11-09 20:00,3587
2018-11-09 20:05,3592
2018-11-09 20:10,3587
2018-11-09 20:15,3596
2018-11-09 20:20,3599
2018-11-09 20:25,3600
2018-11-09 20:30,3610
2018-11-09 20:35,3586
2018-11-09 20:40,3576
2018-11-09 20:45,3589
2018-11-09 20:50,3591
2018-11-09 20:55,3568
2018-11-09 21:00,3581
2018-11-09 21:05,3560
2018-11-09 21:10,3540
2018-11-09 21:15,3528
2018-11-09 21:20,3492
2018-11-09 21:25,3484
2018-11-09 21:30,3467
2018-11-09 21:35,3449
2018-11-09 21:40,3440
2018-11-09 21:45,3403
2018-11-09 21:50,3364
2018-11-09 21:55,3355
2018-11-09 22:00,3313
2018-11-09 22:05,3297
2018-11-09 22:10,3264
2018-11-09 22:15,3252
2018-11-09 22:20,3227
2018-11-09 22:25,3235
2018-11-09 22:30,3216
2018-11-09 22:35,3189
2018-11-09 22:40,3172
2018-11-09 22:45,3169
2018-11-09 22:50,3144
2018-11-09 22:55,3124
2018-11-09 23:00,3123
2018-11-09 23:05,3084
2018-11-09 23:10,3053
2018-11-09 23:15,3023
2018-11-09 23:20,3001
2018-11-09 23:25,2947
2018-11-09 23:30,2926
2018-11-09 23:35,2893
2018-11-09 23:40,2861
2018-11-09 23:45,2819
2018-11-09 23:50,2808
2018-11-09 23:55,2768
2018-11-10 00:00,2735
2018-11-10 00:05,2732
2018-11-10 00:10,2723
2018-11-10 00:15,2696
2018-11-10 00:20,2673
2018-11-10 00:25,2664
2018-11-10 00:30,2642
2018-11-10 00:35,2646
2018-11-10 00:40,2629
2018-11-10 00:45,2606
2018-11-10 00:50,2599
2018-11-10 00:55,2607
2018-11-10 01:00,2597
2018-11-10 01:05,2573
2018-11-10 01:10,2556
2018-11-10 01:15,2528
2018-11-10 01:20,2531
2018-11-10 01:25,2519
2018-11-10 01:30,2505
2018-11-10 01:35,2469
2018-11-10 01:40,2453
2018-11-10 01:45,2456
2018-11-10 01:50,2463
2018-11-10 01:55,2455
2018-11-10 02:00,2461
2018-11-10 02:05,2456
2018-11-10 02:10,2470
2018-11-10 02:15,2467
2018-11-10 02:20,2456
2018-11-10 02:25,2443
2018-11-10 02:30,2443
2018-11-10 02:35,2402
2018-11-10 02:40,2388
2018-11-10 02:45,2394
2018-11-10 02:50,2362
2018-11-10 02:55,2347
2018-11-10 03:00,2321
2018-11-10 03:05,2312
2018-11-10 03:10,2312
2018-11-10 03:15,2283
2018-11-10 03:20,2272
2018-11-10 03:25,2253
2018-11-10 03:30,2254
2018-11-10 03:35,2217
2018-11-10 03:40,2205
2018-11-10 03:45,2202
2018-11-10 03:50,2206
2018-11-10 03:55,2177
2018-11-10 04:00,2155
2018-11-10 04:05,2161
2018-11-10 04:10,2148
2018-11-10 04:15,2156
2018-11-10 04:20,2134
2018-11-10 04:25,2100
2018-11-10 04:30,2090
2018-11-10 04:35,2068
2018-11-10 04:40,2059
2018-11-10 04:45,2047
2018-11-10 04:50,2034
2018-11-10 04:55,2021
2018-11-10 05:00,2009
2018-11-10 05:05,2003
2018-11-10 05:10,2008
2018-11-10 05:15,1973
2018-11-10 05:20,1976
2018-11-10 05:25,1968
2018-11-10 05:30,1968
2018-11-10 05:35,1967
2018-11-10 05:40,1969
2018-11-10 05:45,1947
2018-11-10 05:50,1943
2018-11-10 05:55,1949
2018-11-10 06:00,1921
2018-11-10 06:05,1948
2018-11-10 06:10,1921
2018-11-10 06:15,1916
2018-11-10 06:20,1925
2018-11-10 06:25,1924
2018-11-10 06:30,1932
2018-11-10 06:35,1918
2018-11-10 06:40,1941
2018-11-10 06:45,1942
2018-11-10 06:50,1947
2018-11-10 06:55,1955
2018-11-10 07:00,1952
2018-11-10 07:05,1956
2018-11-10 07:10,1970
2018-11-10 07:15,1967
2018-11-10 07:20,1969
2018-11-10 07:25,2001
2018-11-10 07:30,2004
2018-11-10 07:35,2028
2018-11-10 07:40,2027
2018-11-10 07:45,2041
2018-11-10 07:50,2071
2018-11-10 07:55,2089
2018-11-10 08:00,2078
2018-11-10 08:05,2080
2018-11-10 08:10,2092
2018-11-10 08:15,2115
2018-11-10 08:20,2130
2018-11-10 08:25,2129
2018-11-10 08:30,2154
2018-11-10 08:35,2147
2018-11-10 08:40,2164
2018-11-10 08:45,2184
2018-11-10 08:50,2233
2018-11-10 08:55,2235
2018-11-10 09:00,2256
2018-11-10 09:05,2281
2018-11-10 09:10,2292
2018-11-10 09:15,2334
2018-11-10 09:20,2363
2018-11-10 09:25,2381
2018-11-10 09:30,2398
2018-11-10 09:35,2398
2018-11-10 09:40,2453
2018-11-10 09:45,2464
2018-11-10 09:50,2465
2018-11-10 09:55,2495
2018-11-10 10:00,2524
2018-11-10 10:05,2552
2018-11-10 10:10,2592
2018-11-10 10:15,2604
2018-11-10 10:20,2632
2018-11-10 10:25,2661
2018-11-10 10:30,2671
2018-11-10 10:35,2683
2018-11-10 10:40,2697
2018-11-10 10:45,2694
2018-11-10 10:50,2726
2018-11-10 10:55,2743
2018-11-10 11:00,2751
2018-11-10 11:05,2778
2018-11-10 11:10,2767
2018-11-10 11:15,2796
2018-11-10 11:20,2827
2018-11-10 11:25,2817
2018-11-10 11:30,2845
2018-11-10 11:35,2854
2018-11-10 11:40,2884
2018-11-10 11:45,2916
2018-11-10 11:50,2916
2018-11-10 11:55,2934
2018-11-10 12:00,2961
2018-11-10 12:05,2969
2018-11-10 12:10,2981
2018-11-10 12:15,3020
2018-11-10 12:20,3050
2018-11-10 12:25,3073
2018-11-10 12:30,3080
2018-11-10 12:35,3096
2018-11-10 12:40,3111
2018-11-10 12:45,3140
2018-11-10 12:50,3178
2018-11-10 12:55,3195
2018-11-10 13:00,3209
2018-11-10 13:05,3221
2018-11-10 13:10,3200
2018-11-10 13:15,3200
2018-11-10 13:20,3240
2018-11-10 13:25,3262
2018-11-10 13:30,3289
2018-11-10 13:35,3289
2018-11-10 13:40,3304
2018-11-10 13:45,3313
2018-11-10 13:50,3315
2018-11-10 13:55,3325
2018-11-10 14:00,3332
2018-11-10 14:05,3377
2018-11-10 14:10,3394
2018-11-10 14:15,3433
2018-11-10 14:20,3433
2018-11-10 14:25,3449
2018-11-10 14:30,3479
2018-11-10 14:35,3479
2018-11-10 14:40,3513
2018-11-10 14:45,3535
2018-11-10 14:50,3546
2018-11-10 14:55,3546
2018-11-10 15:00,3577
2018-11-10 15:05,3591
2018-11-10 15:10,3591
2018-11-10 15:15,3619
2018-11-10 15:20,3654
2018-11-10 15:25,3666
2018-11-10 15:30,3684
2018-11-10 15:35,3684
2018-11-10 15:40,3691
2018-11-10 15:45,3691
2018-11-10 15:50,3722
2018-11-10 15:55,3720
2018-11-10 16:00,3769
2018-11-10 16:05,3797
2018-11-10 16:10,3816
2018-11-10 16:15,3830
2018-11-10 16:20,3861
2018-11-10 16:25,3890
2018-11-10 16:30,3956
2018-11-10 16:35,3956
2018-11-10 16:40,3990
2018-11-10 16:45,3982
2018-11-10 16:50,3983
2018-11-10 16:55,3984
2018-11-10 17:00,3999
2018-11-10 17:05,4000
2018-11-10 17:10,3997
2018-11-10 17:15,4005
2018-11-10 17:20,4004
2018-11-10 17:25,4006
2018-11-10 17:30,4000
2018-11-10 17:35,3999
2018-11-10 17:40,4020
2018-11-10 17:45,4076
2018-11-10 17:50,4086
2018-11-10 17:55,4078
2018-11-10 18:00,4079
2018-11-10 18:05,4079
2018-11-10 18:10,4065
2018-11-10 18:15,4073
2018-11-10 18:20,4081
2018-11-10 18:25,4100
2018-11-10 18:30,4114
2018-11-10 18:35,4114
2018-11-10 18:40,4105
2018-11-10 18:45,4095
2018-11-10 18:50,4095
2018-11-10 18:55,4095
2018-11-10 19:00,4105
2018-11-10 19:05,4075
2018-11-10 19:10,4081
2018-11-10 19:15,4081
2018-11-10 19:20,4099
2018-11-10 19:25,4120
2018-11-10 19:30,4123
2018-11-10 19:35,4123
2018-11-10 19:40,4145
2018-11-10 19:45,4145
2018-11-10 19:50,4123
2018-11-10 19:55,4112
2018-11-10 20:00,4112
2018-11-10 20:05,4111
2018-11-10 20:10,4115
2018-11-10 20:15,4118
2018-11-10 20:20,4118
2018-11-10 20:25,4147
2018-11-10 20:30,4114
2018-11-10 20:35,4114
2018-11-10 20:40,4087
2018-11-10 20:45,4048
2018-11-10 20:50,4048
2018-11-10 20:55,4036
2018-11-10 21:00,4016
2018-11-10 21:05,4016
2018-11-10 21:10,3999
2018-11-10 21:15,3978
2018-11-10 21:20,3995
2018-11-10 21:25,3975
2018-11-10 21:30,3953
2018-11-10 21:35,3953
2018-11-10 21:40,3947
2018-11-10 21:45,3867
2018-11-10 21:50,3867
2018-11-10 21:55,3804
2018-11-10 22:00,3791
2018-11-10 22:05,3791
2018-11-10 22:10,3737
2018-11-10 22:15,3711
2018-11-10 22:20,3711
2018-11-10 22:25,3688
2018-11-10 22:30,3681
2018-11-10 22:35,3681
2018-11-10 22:40,3608
2018-11-10 22:45,3575
2018-11-10 22:50,3575
2018-11-10 22:55,3487
2018-11-10 23:00,3457
2018-11-10 23:05,3457
2018-11-10 23:10,3408
2018-11-10 23:15,3365
2018-11-10 23:20,3365
2018-11-10 23:25,3302
2018-11-10 23:30,3270
2018-11-10 23:35,3270
2018-11-10 23:40,3205
2018-11-10 23:45,3160
2018-11-10 23:50,3160
2018-11-10 23:55,3089
2018-11-11 00:00,3040
2018-11-11 00:05,3033
2018-11-11 00:10,2981
2018-11-11 00:15,2963
2018-11-11 00:20,2963
2018-11-11 00:25,2931
2018-11-11 00:30,2910
2018-11-11 00:35,2910
2018-11-11 00:40,2879
2018-11-11 00:45,2864
2018-11-11 00:50,2835
2018-11-11 00:55,2810
2018-11-11 01:00,2771
2018-11-11 01:05,2771
2018-11-11 01:10,2768
2018-11-11 01:15,2743
2018-11-11 01:20,2736
2018-11-11 01:25,2705
2018-11-11 01:30,2669
2018-11-11 01:35,2669
2018-11-11 01:40,2651
2018-11-11 01:45,2636
2018-11-11 01:50,2618
2018-11-11 01:55,2619
2018-11-11 02:00,2595
2018-11-11 02:05,2595
2018-11-11 02:10,2563
2018-11-11 02:15,2563
2018-11-11 02:20,2553
2018-11-11 02:25,2533
2018-11-11 02:30,2520
2018-11-11 02:35,2501
2018-11-11 02:40,2435
2018-11-11 02:45,2446
2018-11-11 02:50,2446
2018-11-11 02:55,2430
2018-11-11 03:00,2413
2018-11-11 03:05,2413
2018-11-11 03:10,2404
2018-11-11 03:15,2358
2018-11-11 03:20,2358
2018-11-11 03:25,2334
2018-11-11 03:30,2331
2018-11-11 03:35,2331
2018-11-11 03:40,2289
2018-11-11 03:45,2280
2018-11-11 03:50,2276
2018-11-11 03:55,2249
2018-11-11 04:00,2223
2018-11-11 04:05,2209
2018-11-11 04:10,2197
2018-11-11 04:15,2213
2018-11-11 04:20,2220
2018-11-11 04:25,2221
2018-11-11 04:30,2195
2018-11-11 04:35,2195
2018-11-11 04:40,2166
2018-11-11 04:45,2177
2018-11-11 04:50,2163
2018-11-11 04:55,2135
2018-11-11 05:00,2120
2018-11-11 05:05,2109
2018-11-11 05:10,2097
2018-11-11 05:15,2110
2018-11-11 05:20,2134
2018-11-11 05:25,2100
2018-11-11 05:30,2093
2018-11-11 05:35,2077
2018-11-11 05:40,2079
2018-11-11 05:45,2084
2018-11-11 05:50,2078
2018-11-11 05:55,2054
2018-11-11 06:00,2062
2018-11-11 06:05,2062
2018-11-11 06:10,2052
2018-11-11 06:15,2065
2018-11-11 06:20,2045
2018-11-11 06:25,2033
2018-11-11 06:30,2040
2018-11-11 06:35,2053
2018-11-11 06:40,2056
2018-11-11 06:45,2055
2018-11-11 06:50,2068
2018-11-11 06:55,2070
2018-11-11 07:00,2077
2018-11-11 07:05,2077
2018-11-11 07:10,2062
2018-11-11 07:15,2089
2018-11-11 07:20,2080
2018-11-11 07:25,2074
2018-11-11 07:30,2075
2018-11-11 07:35,2098
2018-11-11 07:40,2105
2018-11-11 07:45,2105
2018-11-11 07:50,2113
2018-11-11 07:55,2135
2018-11-11 08:00,2150
2018-11-11 08:05,2149
2018-11-11 08:10,2158
2018-11-11 08:15,2183
2018-11-11 08:20,2196
2018-11-11 08:25,2247
2018-11-11 08:30,2284
2018-11-11 08:35,2302
2018-11-11 08:40,2309
2018-11-11 08:45,2363
2018-11-11 08:50,2390
2018-11-11 08:55,2410
2018-11-11 09:00,2404
2018-11-11 09:05,2404
2018-11-11 09:10,2428
2018-11-11 09:15,2457
2018-11-11 09:20,2474
2018-11-11 09:25,2503
2018-11-11 09:30,2542
2018-11-11 09:35,2562
2018-11-11 09:40,2608
2018-11-11 09:45,2617
2018-11-11 09:50,2632
2018-11-11 09:55,2665
2018-11-11 10:00,2709
2018-11-11 10:05,2741
2018-11-11 10:10,2794
2018-11-11 10:15,2844
2018-11-11 10:20,2851
2018-11-11 10:25,2871
2018-11-11 10:30,2913
2018-11-11 10:35,2936
2018-11-11 10:40,2942
2018-11-11 10:45,2972
2018-11-11 10:50,3004
2018-11-11 10:55,3018
2018-11-11 11:00,3020
2018-11-11 11:05,3011
2018-11-11 11:10,3056
2018-11-11 11:15,3059
2018-11-11 11:20,3091
2018-11-11 11:25,3104
2018-11-11 11:30,3133
2018-11-11 11:35,3165
2018-11-11 11:40,3169
2018-11-11 11:45,3166
2018-11-11 11:50,3182
2018-11-11 11:55,3217
2018-11-11 12:00,3214
2018-11-11 12:05,3226
2018-11-11 12:10,3275
2018-11-11 12:15,3271
2018-11-11 12:20,3305
2018-11-11 12:25,3329
2018-11-11 12:30,3363
2018-11-11 12:35,3373
2018-11-11 12:40,3386
2018-11-11 12:45,3411
2018-11-11 12:50,3423
2018-11-11 12:55,3416
2018-11-11 13:00,3432
2018-11-11 13:05,3473
2018-11-11 13:10,3490
2018-11-11 13:15,3496
2018-11-11 13:20,3517
2018-11-11 13:25,3557
2018-11-11 13:30,3562
2018-11-11 13:35,3585
2018-11-11 13:40,3606
2018-11-11 13:45,3611
2018-11-11 13:50,3616
2018-11-11 13:55,3670
2018-11-11 14:00,3700
2018-11-11 14:05,3692
2018-11-11 14:10,3686
2018-11-11 14:15,3676
2018-11-11 14:20,3677
2018-11-11 14:25,3695
2018-11-11 14:30,3752
2018-11-11 14:35,3784
2018-11-11 14:40,3803
2018-11-11 14:45,3810
2018-11-11 14:50,3836
2018-11-11 14:55,3841
2018-11-11 15:00,3858
2018-11-11 15:05,3919
2018-11-11 15:10,3954
2018-11-11 15:15,3957
2018-11-11 15:20,3970
2018-11-11 15:25,3998
2018-11-11 15:30,4037
2018-11-11 15:35,4062
2018-11-11 15:40,4055
2018-11-11 15:45,4048
2018-11-11 15:50,4063
2018-11-11 15:55,4086
2018-11-11 16:00,4116
2018-11-11 16:05,4112
2018-11-11 16:10,4142
2018-11-11 16:15,4158
2018-11-11 16:20,4174
2018-11-11 16:25,4211
2018-11-11 16:30,4192
2018-11-11 16:35,4225
2018-11-11 16:40,4226
2018-11-11 16:45,4237
2018-11-11 16:50,4277
2018-11-11 16:55,4295
2018-11-11 17:00,4289
2018-11-11 17:05,4259
2018-11-11 17:10,4262
2018-11-11 17:15,4291
2018-11-11 17:20,4263
2018-11-11 17:25,4262
2018-11-11 17:30,4300
2018-11-11 17:35,4276
2018-11-11 17:40,4285
2018-11-11 17:45,4284
2018-11-11 17:50,4298
2018-11-11 17:55,4310
2018-11-11 18:00,4302
2018-11-11 18:05,4293
2018-11-11 18:10,4291
2018-11-11 18:15,4279
2018-11-11 18:20,4252
2018-11-11 18:25,4275
2018-11-11 18:30,4252
2018-11-11 18:35,4284
2018-11-11 18:40,4297
2018-11-11 18:45,4258
2018-11-11 18:50,4234
2018-11-11 18:55,4259
2018-11-11 19:00,4224
2018-11-11 19:05,4239
2018-11-11 19:10,4208
2018-11-11 19:15,4225
2018-11-11 19:20,4223
2018-11-11 19:25,4221
2018-11-11 19:30,4225
2018-11-11 19:35,4216
2018-11-11 19:40,4198
2018-11-11 19:45,4205
2018-11-11 19:50,4178
2018-11-11 19:55,4241
2018-11-11 20:00,4190
2018-11-11 20:05,4186
2018-11-11 20:10,4181
2018-11-11 20:15,4207
2018-11-11 20:20,4167
2018-11-11 20:25,4157
2018-11-11 20:30,4105
2018-11-11 20:35,4081
2018-11-11 20:40,4044
2018-11-11 20:45,4020
2018-11-11 20:50,4033
2018-11-11 20:55,3999
2018-11-11 21:00,3972
2018-11-11 21:05,3957
2018-11-11 21:10,3930
2018-11-11 21:15,3878
2018-11-11 21:20,3837
2018-11-11 21:25,3798
2018-11-11 21:30,3775
2018-11-11 21:35,3741
2018-11-11 21:40,3698
2018-11-11 21:45,3686
2018-11-11 21:50,3655
2018-11-11 21:55,3653
2018-11-11 22:00,3614
2018-11-11 22:05,3568
2018-11-11 22:10,3539
2018-11-11 22:15,3519
2018-11-11 22:20,3471
2018-11-11 22:25,3452
2018-11-11 22:30,3430
2018-11-11 22:35,3375
2018-11-11 22:40,3330
2018-11-11 22:45,3308
2018-11-11 22:50,3262
2018-11-11 22:55,3242
2018-11-11 23:00,3223
2018-11-11 23:05,3171
2018-11-11 23:10,3144
2018-11-11 23:15,3117
2018-11-11 23:20,3070
2018-11-11 23:25,3011
2018-11-11 23:30,2995
2018-11-11 23:35,2939
2018-11-11 23:40,2902
2018-11-11 23:45,2904
2018-11-11 23:50,2865
2018-11-11 23:55,2848
2018-11-12 00:00,2823
2018-11-12 00:05,2806
2018-11-12 00:10,2759
2018-11-12 00:15,2720
2018-11-12 00:20,2697
2018-11-12 00:25,2693
2018-11-12 00:30,2658
2018-11-12 00:35,2628
2018-11-12 00:40,2615
2018-11-12 00:45,2625
2018-11-12 00:50,2590
2018-11-12 00:55,2590
2018-11-12 01:00,2559
2018-11-12 01:05,2553
2018-11-12 01:10,2543
2018-11-12 01:15,2527
2018-11-12 01:20,2527
2018-11-12 01:25,2520
2018-11-12 01:30,2489
2018-11-12 01:35,2488
2018-11-12 01:40,2478
2018-11-12 01:45,2445
2018-11-12 01:50,2421
2018-11-12 01:55,2392
2018-11-12 02:00,2399
2018-11-12 02:05,2363
2018-11-12 02:10,2345
2018-11-12 02:15,2314
2018-11-12 02:20,2292
2018-11-12 02:25,2292
2018-11-12 02:30,2287
2018-11-12 02:35,2288
2018-11-12 02:40,2266
2018-11-12 02:45,2243
2018-11-12 02:50,2231
2018-11-12 02:55,2207
2018-11-12 03:00,2192
2018-11-12 03:05,2171
2018-11-12 03:10,2148
2018-11-12 03:15,2134
2018-11-12 03:20,2135
2018-11-12 03:25,2138
2018-11-12 03:30,2144
2018-11-12 03:35,2138
2018-11-12 03:40,2109
2018-11-12 03:45,2080
2018-11-12 03:50,2060
2018-11-12 03:55,2049
2018-11-12 04:00,2027
2018-11-12 04:05,2029
2018-11-12 04:10,2022
2018-11-12 04:15,2013
2018-11-12 04:20,2000
2018-11-12 04:25,1989
2018-11-12 04:30,1957
2018-11-12 04:35,1938
2018-11-12 04:40,1883
2018-11-12 04:45,1876
2018-11-12 04:50,1866
2018-11-12 04:55,1857
2018-11-12 05:00,1852
2018-11-12 05:05,1828
2018-11-12 05:10,1779
2018-11-12 05:15,1762
2018-11-12 05:20,1746
2018-11-12 05:25,1735
2018-11-12 05:30,1726
2018-11-12 05:35,1716
2018-11-12 05:40,1714
2018-11-12 05:45,1702
2018-11-12 05:50,1699
2018-11-12 05:55,1679
2018-11-12 06:00,1661
2018-11-12 06:05,1651
2018-11-12 06:10,1642
2018-11-12 06:15,1637
2018-11-12 06:20,1642
2018-11-12 06:25,1637
2018-11-12 06:30,1637
2018-11-12 06:35,1631
2018-11-12 06:40,1616
2018-11-12 06:45,1603
2018-11-12 06:50,1601
2018-11-12 06:55,1605
2018-11-12 07:00,1601
2018-11-12 07:05,1584
2018-11-12 07:10,1587
2018-11-12 07:15,1593
2018-11-12 07:20,1618
2018-11-12 07:25,1614
2018-11-12 07:30,1609
2018-11-12 07:35,1602
2018-11-12 07:40,1597
2018-11-12 07:45,1622
2018-11-12 07:50,1610
2018-11-12 07:55,1622
2018-11-12 08:00,1630
2018-11-12 08:05,1635
2018-11-12 08:10,1617
2018-11-12 08:15,1624
2018-11-12 08:20,1625
2018-11-12 08:25,1644
2018-11-12 08:30,1667
2018-11-12 08:35,1669
2018-11-12 08:40,1659
2018-11-12 08:45,1677
2018-11-12 08:50,1672
2018-11-12 08:55,1672
2018-11-12 09:00,1691
2018-11-12 09:05,1697
2018-11-12 09:10,1699
2018-11-12 09:15,1741
2018-11-12 09:20,1744
2018-11-12 09:25,1765
2018-11-12 09:30,1778
2018-11-12 09:35,1797
2018-11-12 09:40,1802
2018-11-12 09:45,1810
2018-11-12 09:50,1829
2018-11-12 09:55,1849
2018-11-12 10:00,1869
2018-11-12 10:05,1909
2018-11-12 10:10,1930
2018-11-12 10:15,1968
2018-11-12 10:20,1997
2018-11-12 10:25,2013
2018-11-12 10:30,2022
2018-11-12 10:35,2029
2018-11-12 10:40,2031
2018-11-12 10:45,2048
2018-11-12 10:50,2057
2018-11-12 10:55,2051
2018-11-12 11:00,2053
2018-11-12 11:05,2066
2018-11-12 11:10,2096
2018-11-12 11:15,2100
2018-11-12 11:20,2104
2018-11-12 11:25,2150
2018-11-12 11:30,2164
2018-11-12 11:35,2185
2018-11-12 11:40,2206
2018-11-12 11:45,2248
2018-11-12 11:50,2253
2018-11-12 11:55,2263
2018-11-12 12:00,2287
2018-11-12 12:05,2290
2018-11-12 12:10,2279
2018-11-12 12:15,2316
2018-11-12 12:20,2357
2018-11-12 12:25,2342
2018-11-12 12:30,2360
2018-11-12 12:35,2364
2018-11-12 12:40,2397
2018-11-12 12:45,2391
2018-11-12 12:50,2411
2018-11-12 12:55,2432
2018-11-12 13:00,2442
2018-11-12 13:05,2446
2018-11-12 13:10,2468
2018-11-12 13:15,2467
2018-11-12 13:20,2503
2018-11-12 13:25,2508
2018-11-12 13:30,2523
2018-11-12 13:35,2531
2018-11-12 13:40,2524
2018-11-12 13:45,2569
2018-11-12 13:50,2572
2018-11-12 13:55,2591
2018-11-12 14:00,2611
2018-11-12 14:05,2642
2018-11-12 14:10,2633
2018-11-12 14:15,2638
2018-11-12 14:20,2638
2018-11-12 14:25,2655
2018-11-12 14:30,2684
2018-11-12 14:35,2705
2018-11-12 14:40,2707
2018-11-12 14:45,2712
2018-11-12 14:50,2720
2018-11-12 14:55,2751
2018-11-12 15:00,2771
2018-11-12 15:05,2764
2018-11-12 15:10,2779
2018-11-12 15:15,2800
2018-11-12 15:20,2822
2018-11-12 15:25,2852
2018-11-12 15:30,2868
2018-11-12 15:35,2900
2018-11-12 15:40,2909
2018-11-12 15:45,2935
2018-11-12 15:50,2976
2018-11-12 15:55,2982
2018-11-12 16:00,3028
2018-11-12 16:05,3033
2018-11-12 16:10,3046
2018-11-12 16:15,3070
2018-11-12 16:20,3088
2018-11-12 16:25,3149
2018-11-12 16:30,3182
2018-11-12 16:35,3202
2018-11-12 16:40,3230
2018-11-12 16:45,3266
2018-11-12 16:50,3294
2018-11-12 16:55,3332
2018-11-12 17:00,3336
2018-11-12 17:05,3386
2018-11-12 17:10,3385
2018-11-12 17:15,3395
2018-11-12 17:20,3426
2018-11-12 17:25,3451
2018-11-12 17:30,3472
2018-11-12 17:35,3506
2018-11-12 17:40,3508
2018-11-12 17:45,3513
2018-11-12 17:50,3498
2018-11-12 17:55,3500
2018-11-12 18:00,3509
2018-11-12 18:05,3557
2018-11-12 18:10,3561
2018-11-12 18:15,3571
2018-11-12 18:20,3601
2018-11-12 18:25,3588
2018-11-12 18:30,3601
2018-11-12 18:35,3608
2018-11-12 18:40,3627
2018-11-12 18:45,3669
2018-11-12 18:50,3695
2018-11-12 18:55,3714
2018-11-12 19:00,3706
2018-11-12 19:05,3687
2018-11-12 19:10,3693
2018-11-12 19:15,3717
2018-11-12 19:20,3753
2018-11-12 19:25,3725
2018-11-12 19:30,3729
2018-11-12 19:35,3724
2018-11-12 19:40,3753
2018-11-12 19:45,3749
2018-11-12 19:50,3744
2018-11-12 19:55,3732
2018-11-12 20:00,3703
2018-11-12 20:05,3705
2018-11-12 20:10,3682
2018-11-12 20:15,3680
2018-11-12 20:20,3652
2018-11-12 20:25,3607
2018-11-12 20:30,3597
2018-11-12 20:35,3564
2018-11-12 20:40,3551
2018-11-12 20:45,3549
2018-11-12 20:50,3530
2018-11-12 20:55,3516
2018-11-12 21:00,3488
2018-11-12 21:05,3472
2018-11-12 21:10,3434
2018-11-12 21:15,3412
2018-11-12 21:20,3403
2018-11-12 21:25,3390
2018-11-12 21:30,3370
2018-11-12 21:35,3347
2018-11-12 21:40,3340
2018-11-12 21:45,3298
2018-11-12 21:50,3279
2018-11-12 21:55,3239
2018-11-12 22:00,3214
2018-11-12 22:05,3170
2018-11-12 22:10,3111
2018-11-12 22:15,3076
2018-11-12 22:20,3049
2018-11-12 22:25,2994
2018-11-12 22:30,2970
2018-11-12 22:35,2948
2018-11-12 22:40,2920
2018-11-12 22:45,2914
2018-11-12 22:50,2887
2018-11-12 22:55,2859
2018-11-12 23:00,2831
2018-11-12 23:05,2817
2018-11-12 23:10,2777
2018-11-12 23:15,2733
2018-11-12 23:20,2734
2018-11-12 23:25,2706
2018-11-12 23:30,2682
2018-11-12 23:35,2673
2018-11-12 23:40,2665
2018-11-12 23:45,2642
2018-11-12 23:50,2604
2018-11-12 23:55,2583
2018-11-13 00:00,2558
2018-11-13 00:05,2527
2018-11-13 00:10,2498
2018-11-13 00:15,2489
2018-11-13 00:20,2489
2018-11-13 00:25,2468
2018-11-13 00:30,2450
2018-11-13 00:35,2420
2018-11-13 00:40,2403
2018-11-13 00:45,2393
2018-11-13 00:50,2373
2018-11-13 00:55,2383
2018-11-13 01:00,2362
2018-11-13 01:05,2317
2018-11-13 01:10,2298
2018-11-13 01:15,2298
2018-11-13 01:20,2291
2018-11-13 01:25,2288
2018-11-13 01:30,2280
2018-11-13 01:35,2261
2018-11-13 01:40,2261
2018-11-13 01:45,2245
2018-11-13 01:50,2235
2018-11-13 01:55,2224
2018-11-13 02:00,2190
2018-11-13 02:05,2159
2018-11-13 02:10,2133
2018-11-13 02:15,2122
2018-11-13 02:20,2112
2018-11-13 02:25,2105
2018-11-13 02:30,2082
2018-11-13 02:35,2056
2018-11-13 02:40,2029
2018-11-13 02:45,2020
2018-11-13 02:50,1996
2018-11-13 02:55,1987
2018-11-13 03:00,1953
2018-11-13 03:05,1931
2018-11-13 03:10,1938
2018-11-13 03:15,1938
2018-11-13 03:20,1922
2018-11-13 03:25,1884
2018-11-13 03:30,1883
2018-11-13 03:35,1856
2018-11-13 03:40,1827
2018-11-13 03:45,1803
2018-11-13 03:50,1782
2018-11-13 03:55,1762
2018-11-13 04:00,1748
2018-11-13 04:05,1724
2018-11-13 04:10,1754
2018-11-13 04:15,1741
2018-11-13 04:20,1737
2018-11-13 04:25,1734
2018-11-13 04:30,1745
2018-11-13 04:35,1734
2018-11-13 04:40,1712
2018-11-13 04:45,1700
2018-11-13 04:50,1694
2018-11-13 04:55,1695
2018-11-13 05:00,1688
2018-11-13 05:05,1683
2018-11-13 05:10,1667
2018-11-13 05:15,1623
2018-11-13 05:20,1621
2018-11-13 05:25,1621
2018-11-13 05:30,1612
2018-11-13 05:35,1621
2018-11-13 05:40,1629
2018-11-13 05:45,1622
2018-11-13 05:50,1603
2018-11-13 05:55,1574
2018-11-13 06:00,1555
2018-11-13 06:05,1570
2018-11-13 06:10,1555
2018-11-13 06:15,1545
2018-11-13 06:20,1542
2018-11-13 06:25,1540
2018-11-13 06:30,1520
2018-11-13 06:35,1502
2018-11-13 06:40,1491
2018-11-13 06:45,1477
2018-11-13 06:50,1477
2018-11-13 06:55,1465
2018-11-13 07:00,1477
2018-11-13 07:05,1458
2018-11-13 07:10,1460
2018-11-13 07:15,1475
2018-11-13 07:20,1493
2018-11-13 07:25,1494
2018-11-13 07:30,1481
2018-11-13 07:35,1481
2018-11-13 07:40,1490
2018-11-13 07:45,1494
2018-11-13 07:50,1507
2018-11-13 07:55,1520
2018-11-13 08:00,1509
2018-11-13 08:05,1490
2018-11-13 08:10,1491
2018-11-13 08:15,1488
2018-11-13 08:20,1485
2018-11-13 08:25,1501
2018-11-13 08:30,1513
2018-11-13 08:35,1501
2018-11-13 08:40,1492
2018-11-13 08:45,1510
2018-11-13 08:50,1506
2018-11-13 08:55,1513
2018-11-13 09:00,1538
2018-11-13 09:05,1542
2018-11-13 09:10,1554
2018-11-13 09:15,1584
2018-11-13 09:20,1600
2018-11-13 09:25,1604
2018-11-13 09:30,1618
2018-11-13 09:35,1641
2018-11-13 09:40,1640
2018-11-13 09:45,0
2018-11-13 09:50,1652
2018-11-13 09:55,1668
2018-11-13 10:00,1709
2018-11-13 10:05,1744
2018-11-13 10:10,1767
2018-11-13 10:15,1783
2018-11-13 10:20,1784
2018-11-13 10:25,1788
2018-11-13 10:30,1769
2018-11-13 10:35,1757
2018-11-13 10:40,1778
2018-11-13 10:45,1804
2018-11-13 10:50,1819
2018-11-13 10:55,1813
2018-11-13 11:00,1815
2018-11-13 11:05,1817
2018-11-13 11:10,1835
2018-11-13 11:15,1821
2018-11-13 11:20,1830
2018-11-13 11:25,1822
2018-11-13 11:30,1836
2018-11-13 11:35,1867
2018-11-13 11:40,1874
2018-11-13 11:45,1877
2018-11-13 11:50,1888
2018-11-13 11:55,1913
2018-11-13 12:00,1917
2018-11-13 12:05,1925
2018-11-13 12:10,1940
2018-11-13 12:15,1942
2018-11-13 12:20,1943
2018-11-13 12:25,1979
2018-11-13 12:30,1998
2018-11-13 12:35,2013
2018-11-13 12:40,2019
2018-11-13 12:45,2038
2018-11-13 12:50,2054
2018-11-13 12:55,2077
2018-11-13 13:00,2099
2018-11-13 13:05,2111
2018-11-13 13:10,2139
2018-11-13 13:15,2158
2018-11-13 13:20,2190
2018-11-13 13:25,2216
2018-11-13 13:30,2262
2018-11-13 13:35,2279
2018-11-13 13:40,2296
2018-11-13 13:45,2306
2018-11-13 13:50,2293
2018-11-13 13:55,2301
2018-11-13 14:00,2318
2018-11-13 14:05,2340
2018-11-13 14:10,2334
2018-11-13 14:15,2344
2018-11-13 14:20,2358
2018-11-13 14:25,2388
2018-11-13 14:30,2406
2018-11-13 14:35,2408
2018-11-13 14:40,2438
2018-11-13 14:45,2459
2018-11-13 14:50,2477
2018-11-13 14:55,2480
2018-11-13 15:00,2519
2018-11-13 15:05,2511
2018-11-13 15:10,2521
2018-11-13 15:15,2530
2018-11-13 15:20,2575
2018-11-13 15:25,2628
2018-11-13 15:30,2652
2018-11-13 15:35,2700
2018-11-13 15:40,2725
2018-11-13 15:45,2750
2018-11-13 15:50,2757
2018-11-13 15:55,2794
2018-11-13 16:00,2802
2018-11-13 16:05,2864
2018-11-13 16:10,2886
2018-11-13 16:15,2886
2018-11-13 16:20,2904
2018-11-13 16:25,2906
2018-11-13 16:30,2933
2018-11-13 16:35,2962
2018-11-13 16:40,2987
2018-11-13 16:45,3008
2018-11-13 16:50,3034
2018-11-13 16:55,3044
2018-11-13 17:00,3061
2018-11-13 17:05,3080
2018-11-13 17:10,3093
2018-11-13 17:15,3098
2018-11-13 17:20,3143
2018-11-13 17:25,3171
2018-11-13 17:30,3177
2018-11-13 17:35,3191
2018-11-13 17:40,3209
2018-11-13 17:45,3220
2018-11-13 17:50,3233
2018-11-13 17:55,3195
2018-11-13 18:00,3197
2018-11-13 18:05,3243
2018-11-13 18:10,3257
2018-11-13 18:15,3270
2018-11-13 18:20,3281
2018-11-13 18:25,3279
2018-11-13 18:30,3278
2018-11-13 18:35,3291
2018-11-13 18:40,3330
2018-11-13 18:45,3313
2018-11-13 18:50,3317
2018-11-13 18:55,3331
2018-11-13 19:00,3309
2018-11-13 19:05,3302
2018-11-13 19:10,3297
2018-11-13 19:15,3267
2018-11-13 19:20,3280
2018-11-13 19:25,3269
2018-11-13 19:30,3281
2018-11-13 19:35,3281
2018-11-13 19:40,3300
2018-11-13 19:45,3306
2018-11-13 19:50,3321
2018-11-13 19:55,3319
2018-11-13 20:00,3312
2018-11-13 20:05,3310
2018-11-13 20:10,3330
2018-11-13 20:15,3314
2018-11-13 20:20,3288
2018-11-13 20:25,3301
2018-11-13 20:30,3282
2018-11-13 20:35,3288
2018-11-13 20:40,3261
2018-11-13 20:45,3238
2018-11-13 20:50,3246
2018-11-13 20:55,3222
2018-11-13 21:00,3228
2018-11-13 21:05,3207
2018-11-13 21:10,3149
2018-11-13 21:15,3134
2018-11-13 21:20,3073
2018-11-13 21:25,3044
2018-11-13 21:30,3027
2018-11-13 21:35,2991
2018-11-13 21:40,2967
2018-11-13 21:45,2932
2018-11-13 21:50,2884
2018-11-13 21:55,2832
2018-11-13 22:00,2809
2018-11-13 22:05,2792
2018-11-13 22:10,2771
2018-11-13 22:15,2751
2018-11-13 22:20,2728
2018-11-13 22:25,2739
2018-11-13 22:30,2717
2018-11-13 22:35,2671
2018-11-13 22:40,2681
2018-11-13 22:45,2633
2018-11-13 22:50,2608
2018-11-13 22:55,2565
2018-11-13 23:00,2553
2018-11-13 23:05,2511
2018-11-13 23:10,2487
2018-11-13 23:15,2449
2018-11-13 23:20,2427
2018-11-13 23:25,2417
2018-11-13 23:30,2401
2018-11-13 23:35,2372
2018-11-13 23:40,2362
2018-11-13 23:45,2343
2018-11-13 23:50,2323
2018-11-13 23:55,2316
2018-11-14 00:00,
2018-11-14 00:05,
2018-11-14 00:10,
2018-11-14 00:15,0
2018-11-14 00:20,1652
2018-11-14 00:25,2076
2018-11-14 00:30,2090
2018-11-14 00:35,2083
2018-11-14 00:40,2066
2018-11-14 00:45,2059
2018-11-14 00:50,2062
2018-11-14 00:55,2042
2018-11-14 01:00,2030
2018-11-14 01:05,2016
2018-11-14 01:10,2043
2018-11-14 01:15,2009
2018-11-14 01:20,2008
2018-11-14 01:25,1996
2018-11-14 01:30,1988
2018-11-14 01:35,1984
2018-11-14 01:40,1972
2018-11-14 01:45,1979
2018-11-14 01:50,1981
2018-11-14 01:55,1996
2018-11-14 02:00,1990
2018-11-14 02:05,1981
2018-11-14 02:10,1987
2018-11-14 02:15,1974
2018-11-14 02:20,1952
2018-11-14 02:25,1947
2018-11-14 02:30,1938
2018-11-14 02:35,1930
2018-11-14 02:40,1930
2018-11-14 02:45,1906
2018-11-14 02:50,1901
2018-11-14 02:55,1882
2018-11-14 03:00,1878
2018-11-14 03:05,1852
2018-11-14 03:10,1832
2018-11-14 03:15,1815
2018-11-14 03:20,1816
2018-11-14 03:25,1811
2018-11-14 03:30,1784
2018-11-14 03:35,1776
2018-11-14 03:40,1742
2018-11-14 03:45,1717
2018-11-14 03:50,1707
2018-11-14 03:55,1706
2018-11-14 04:00,1691
2018-11-14 04:05,1670
2018-11-14 04:10,1651
2018-11-14 04:15,1624
2018-11-14 04:20,1620
2018-11-14 04:25,1622
2018-11-14 04:30,1619
2018-11-14 04:35,1599
2018-11-14 04:40,1592
2018-11-14 04:45,1587
2018-11-14 04:50,1570
2018-11-14 04:55,1580
2018-11-14 05:00,1571
2018-11-14 05:05,1541
2018-11-14 05:10,1529
2018-11-14 05:15,1521
2018-11-14 05:20,1523
2018-11-14 05:25,1486
2018-11-14 05:30,1499
2018-11-14 05:35,1485
2018-11-14 05:40,1479
2018-11-14 05:45,1482
2018-11-14 05:50,1470
2018-11-14 05:55,1462
2018-11-14 06:00,1428
2018-11-14 06:05,1402
2018-11-14 06:10,1396
2018-11-14 06:15,1387
2018-11-14 06:20,1370
2018-11-14 06:25,1346
2018-11-14 06:30,1324
2018-11-14 06:35,1334
2018-11-14 06:40,1342
2018-11-14 06:45,1333
2018-11-14 06:50,1340
2018-11-14 06:55,1346
2018-11-14 07:00,1352
2018-11-14 07:05,1361
2018-11-14 07:10,1363
2018-11-14 07:15,1359
2018-11-14 07:20,1374
2018-11-14 07:25,1382
2018-11-14 07:30,1385
2018-11-14 07:35,1388
2018-11-14 07:40,1399
2018-11-14 07:45,1398
2018-11-14 07:50,1401
2018-11-14 07:55,1390
2018-11-14 08:00,1414
2018-11-14 08:05,1401
2018-11-14 08:10,1424
2018-11-14 08:15,1415
2018-11-14 08:20,1434
2018-11-14 08:25,1420
2018-11-14 08:30,1423
2018-11-14 08:35,1414
2018-11-14 08:40,1415
2018-11-14 08:45,1411
2018-11-14 08:50,1416
2018-11-14 08:55,1433
2018-11-14 09:00,1454
2018-11-14 09:05,1463
2018-11-14 09:10,1470
2018-11-14 09:15,1477
2018-11-14 09:20,1473
2018-11-14 09:25,1493
2018-11-14 09:30,1505
2018-11-14 09:35,1512
2018-11-14 09:40,1514
2018-11-14 09:45,1533
2018-11-14 09:50,1528
2018-11-14 09:55,1549
2018-11-14 10:00,1565
2018-11-14 10:05,1592
2018-11-14 10:10,1611
2018-11-14 10:15,1646
2018-11-14 10:20,1682
2018-11-14 10:25,1697
2018-11-14 10:30,1701
2018-11-14 10:35,1708
2018-11-14 10:40,1685
2018-11-14 10:45,1691
2018-11-14 10:50,1703
2018-11-14 10:55,1714
2018-11-14 11:00,1726
2018-11-14 11:05,1747
2018-11-14 11:10,1749
2018-11-14 11:15,1756
2018-11-14 11:20,1780
2018-11-14 11:25,1801
2018-11-14 11:30,1830
2018-11-14 11:35,1856
2018-11-14 11:40,1867
2018-11-14 11:45,1887
2018-11-14 11:50,1882
2018-11-14 11:55,1893
2018-11-14 12:00,1911
2018-11-14 12:05,1930
2018-11-14 12:10,1959
2018-11-14 12:15,1967
2018-11-14 12:20,1974
2018-11-14 12:25,1993
2018-11-14 12:30,1987
2018-11-14 12:35,1964
2018-11-14 12:40,1999
2018-11-14 12:45,2026
2018-11-14 12:50,2024
2018-11-14 12:55,2023
2018-11-14 13:00,2055
2018-11-14 13:05,2069
2018-11-14 13:10,2069
2018-11-14 13:15,2077
2018-11-14 13:20,2088
2018-11-14 13:25,2125
2018-11-14 13:30,2149
2018-11-14 13:35,2169
2018-11-14 13:40,2157
2018-11-14 13:45,2176
2018-11-14 13:50,2177
2018-11-14 13:55,2187
2018-11-14 14:00,2187
2018-11-14 14:05,2213
2018-11-14 14:10,2247
2018-11-14 14:15,2206
2018-11-14 14:20,2282
2018-11-14 14:25,2298
2018-11-14 14:30,2345
2018-11-14 14:35,2358
2018-11-14 14:40,2376
2018-11-14 14:45,2367
2018-11-14 14:50,2373
2018-11-14 14:55,2378
2018-11-14 15:00,2382
2018-11-14 15:05,2412
2018-11-14 15:10,2436
2018-11-14 15:15,2442
2018-11-14 15:20,2472
2018-11-14 15:25,2495
2018-11-14 15:30,2526
2018-11-14 15:35,2557
2018-11-14 15:40,2577
2018-11-14 15:45,2586
2018-11-14 15:50,2608
2018-11-14 15:55,2641
2018-11-14 16:00,2644
2018-11-14 16:05,2648
2018-11-14 16:10,2670
2018-11-14 16:15,2675
2018-11-14 16:20,2731
2018-11-14 16:25,2766
2018-11-14 16:30,2782
2018-11-14 16:35,2799
2018-11-14 16:40,2820
2018-11-14 16:45,2834
2018-11-14 16:50,2873
2018-11-14 16:55,2861
2018-11-14 17:00,2900
2018-11-14 17:05,2893
2018-11-14 17:10,2916
2018-11-14 17:15,2910
2018-11-14 17:20,2930
2018-11-14 17:25,2947
2018-11-14 17:30,2983
2018-11-14 17:35,3021
2018-11-14 17:40,3006
2018-11-14 17:45,3031
2018-11-14 17:50,3051
2018-11-14 17:55,3041
2018-11-14 18:00,3065
2018-11-14 18:05,3031
2018-11-14 18:10,3002
2018-11-14 18:15,2992
2018-11-14 18:20,3017
2018-11-14 18:25,3018
2018-11-14 18:30,3039
2018-11-14 18:35,3051
2018-11-14 18:40,3048
2018-11-14 18:45,3064
2018-11-14 18:50,3055
2018-11-14 18:55,3088
2018-11-14 19:00,3088
2018-11-14 19:05,3095
2018-11-14 19:10,3129
2018-11-14 19:15,3121
2018-11-14 19:20,3130
2018-11-14 19:25,3117
2018-11-14 19:30,3091
2018-11-14 19:35,3091
2018-11-14 19:40,3094
2018-11-14 19:45,3098
2018-11-14 19:50,3089
2018-11-14 19:55,3076
2018-11-14 20:00,3096
2018-11-14 20:05,3093
2018-11-14 20:10,3081
2018-11-14 20:15,3076
2018-11-14 20:20,3056
2018-11-14 20:25,3065
2018-11-14 20:30,3077
2018-11-14 20:35,3082
2018-11-14 20:40,3085
2018-11-14 20:45,3081
2018-11-14 20:50,3077
2018-11-14 20:55,3067
2018-11-14 21:00,3046
2018-11-14 21:05,3025
2018-11-14 21:10,3017
2018-11-14 21:15,2997
2018-11-14 21:20,2963
2018-11-14 21:25,2917
2018-11-14 21:30,2902
2018-11-14 21:35,2888
2018-11-14 21:40,2855
2018-11-14 21:45,2850
2018-11-14 21:50,2828
2018-11-14 21:55,2792
2018-11-14 22:00,2746
2018-11-14 22:05,2709
2018-11-14 22:10,2685
2018-11-14 22:15,2651
2018-11-14 22:20,2662
2018-11-14 22:25,2643
2018-11-14 22:30,2635
2018-11-14 22:35,2602
2018-11-14 22:40,2603
2018-11-14 22:45,2570
2018-11-14 22:50,2542
2018-11-14 22:55,2507
2018-11-14 23:00,2507
2018-11-14 23:05,2492
2018-11-14 23:10,2421
2018-11-14 23:15,2385
2018-11-14 23:20,2361
2018-11-14 23:25,2343
2018-11-14 23:30,2310
2018-11-14 23:35,2277
2018-11-14 23:40,2251
2018-11-14 23:45,2217
2018-11-14 23:50,2173
2018-11-14 23:55,2150
2018-11-15 00:00,2148
2018-11-15 00:05,2121
2018-11-15 00:10,2097
2018-11-15 00:15,2077
2018-11-15 00:20,2070
2018-11-15 00:25,2047
2018-11-15 00:30,2034
2018-11-15 00:35,2023
2018-11-15 00:40,1992
2018-11-15 00:45,1996
2018-11-15 00:50,1992
2018-11-15 00:55,0
2018-11-15 01:00,1973
2018-11-15 01:05,1946
2018-11-15 01:10,1962
2018-11-15 01:15,1954
2018-11-15 01:20,1955
2018-11-15 01:25,1961
2018-11-15 01:30,1971
2018-11-15 01:35,1985
2018-11-15 01:40,1962
2018-11-15 01:45,1957
2018-11-15 01:50,1939
2018-11-15 01:55,1948
2018-11-15 02:00,1962
2018-11-15 02:05,1964
2018-11-15 02:10,1956
2018-11-15 02:15,1938
2018-11-15 02:20,1924
2018-11-15 02:25,1936
2018-11-15 02:30,1944
2018-11-15 02:35,1919
2018-11-15 02:40,1915
2018-11-15 02:45,1905
2018-11-15 02:50,1882
2018-11-15 02:55,1890
2018-11-15 03:00,1866
2018-11-15 03:05,1853
2018-11-15 03:10,1836
2018-11-15 03:15,1812
2018-11-15 03:20,1819
2018-11-15 03:25,1811
2018-11-15 03:30,1804
2018-11-15 03:35,1783
2018-11-15 03:40,1762
2018-11-15 03:45,1760
2018-11-15 03:50,1749
2018-11-15 03:55,1735
2018-11-15 04:00,1733
2018-11-15 04:05,1699
2018-11-15 04:10,1678
2018-11-15 04:15,1663
2018-11-15 04:20,1641
2018-11-15 04:25,1620
2018-11-15 04:30,1620
2018-11-15 04:35,1619
2018-11-15 04:40,1600
2018-11-15 04:45,1569
2018-11-15 04:50,1539
2018-11-15 04:55,1525
2018-11-15 05:00,1531
2018-11-15 05:05,1501
2018-11-15 05:10,1484
2018-11-15 05:15,1492
2018-11-15 05:20,1483
2018-11-15 05:25,1465
2018-11-15 05:30,1449
2018-11-15 05:35,1438
2018-11-15 05:40,1415
2018-11-15 05:45,1408
2018-11-15 05:50,1396
2018-11-15 05:55,1392
2018-11-15 06:00,1365
2018-11-15 06:05,1347
2018-11-15 06:10,1356
2018-11-15 06:15,1346
2018-11-15 06:20,1363
2018-11-15 06:25,1381
2018-11-15 06:30,1380
2018-11-15 06:35,1372
2018-11-15 06:40,1378
2018-11-15 06:45,1395
2018-11-15 06:50,1381
2018-11-15 06:55,1366
2018-11-15 07:00,1362
2018-11-15 07:05,1356
2018-11-15 07:10,1369
2018-11-15 07:15,1382
2018-11-15 07:20,1358
2018-11-15 07:25,1368
2018-11-15 07:30,1383
2018-11-15 07:35,1384
2018-11-15 07:40,1379
2018-11-15 07:45,1377
2018-11-15 07:50,1367
2018-11-15 07:55,1360
2018-11-15 08:00,1366
2018-11-15 08:05,1347
2018-11-15 08:10,1386
2018-11-15 08:15,1394
2018-11-15 08:20,1390
2018-11-15 08:25,1405
2018-11-15 08:30,1389
2018-11-15 08:35,1412
2018-11-15 08:40,1414
2018-11-15 08:45,1429
2018-11-15 08:50,1457
2018-11-15 08:55,1475
2018-11-15 09:00,1471
2018-11-15 09:05,1471
2018-11-15 09:10,1468
2018-11-15 09:15,1489
2018-11-15 09:20,1505
2018-11-15 09:25,1494
2018-11-15 09:30,1500
2018-11-15 09:35,1510
2018-11-15 09:40,1510
2018-11-15 09:45,1527
2018-11-15 09:50,1541
2018-11-15 09:55,1557
2018-11-15 10:00,1559
2018-11-15 10:05,1597
2018-11-15 10:10,1611
2018-11-15 10:15,1629
2018-11-15 10:20,1643
2018-11-15 10:25,1661
2018-11-15 10:30,1659
2018-11-15 10:35,1687
2018-11-15 10:40,1714
2018-11-15 10:45,1718
2018-11-15 10:50,1733
2018-11-15 10:55,1751
2018-11-15 11:00,1758
2018-11-15 11:05,1749
2018-11-15 11:10,1762
2018-11-15 11:15,1777
2018-11-15 11:20,1806
2018-11-15 11:25,1830
2018-11-15 11:30,1838
2018-11-15 11:35,1883
2018-11-15 11:40,1892
2018-11-15 11:45,1907
2018-11-15 11:50,1919
2018-11-15 11:55,1949
2018-11-15 12:00,1945
2018-11-15 12:05,1960
2018-11-15 12:10,1962
2018-11-15 12:15,1981
2018-11-15 12:20,1990
2018-11-15 12:25,1991
2018-11-15 12:30,2022
2018-11-15 12:35,2020
2018-11-15 12:40,2056
2018-11-15 12:45,2093
2018-11-15 12:50,2119
2018-11-15 12:55,2144
2018-11-15 13:00,2127
2018-11-15 13:05,2123
2018-11-15 13:10,2126
2018-11-15 13:15,2125
2018-11-15 13:20,2131
2018-11-15 13:25,2138
2018-11-15 13:30,2162
2018-11-15 13:35,2162
2018-11-15 13:40,2192
2018-11-15 13:45,2217
2018-11-15 13:50,2235
2018-11-15 13:55,2232
2018-11-15 14:00,2235
2018-11-15 14:05,2256
2018-11-15 14:10,2249
2018-11-15 14:15,2271
2018-11-15 14:20,2258
2018-11-15 14:25,2246
2018-11-15 14:30,2272
2018-11-15 14:35,2275
2018-11-15 14:40,2262
2018-11-15 14:45,2277
2018-11-15 14:50,2272
2018-11-15 14:55,2240
2018-11-15 15:00,2140
2018-11-15 15:05,1699
2018-11-15 15:10,1352
2018-11-15 15:15,1352
2018-11-15 15:20,1359
2018-11-15 15:25,1371
2018-11-15 15:30,1389
2018-11-15 15:35,1419
2018-11-15 15:40,1424
2018-11-15 15:45,1441
2018-11-15 15:50,1450
2018-11-15 15:55,1460
2018-11-15 16:00,1472
2018-11-15 16:05,1506
2018-11-15 16:10,1631
2018-11-15 16:15,1732
2018-11-15 16:20,1829
2018-11-15 16:25,1926
2018-11-15 16:30,2040
2018-11-15 16:35,2136
2018-11-15 16:40,2229
2018-11-15 16:45,2348
2018-11-15 16:50,2431
2018-11-15 16:55,2500
2018-11-15 17:00,2576
2018-11-15 17:05,2696
2018-11-15 17:10,2773
2018-11-15 17:15,2820
2018-11-15 17:20,2912
2018-11-15 17:25,2979
2018-11-15 17:30,3014
2018-11-15 17:35,3081
2018-11-15 17:40,3122
2018-11-15 17:45,3157
2018-11-15 17:50,3183
2018-11-15 17:55,3209
2018-11-15 18:00,3242
2018-11-15 18:05,3296
2018-11-15 18:10,3294
2018-11-15 18:15,3309
2018-11-15 18:20,3326
2018-11-15 18:25,3299
2018-11-15 18:30,3336
2018-11-15 18:35,3351
2018-11-15 18:40,3386
2018-11-15 18:45,3365
2018-11-15 18:50,3374
2018-11-15 18:55,3420
2018-11-15 19:00,3438
2018-11-15 19:05,3448
2018-11-15 19:10,3469
2018-11-15 19:15,3468
2018-11-15 19:20,3448
2018-11-15 19:25,3456
2018-11-15 19:30,3424
2018-11-15 19:35,3422
2018-11-15 19:40,3422
2018-11-15 19:45,3445
2018-11-15 19:50,3437
2018-11-15 19:55,3457
2018-11-15 20:00,3471
2018-11-15 20:05,3474
2018-11-15 20:10,3473
2018-11-15 20:15,3441
2018-11-15 20:20,3448
2018-11-15 20:25,3450
2018-11-15 20:30,3437
2018-11-15 20:35,3399
2018-11-15 20:40,3364
2018-11-15 20:45,3374
2018-11-15 20:50,3371
2018-11-15 20:55,3367
2018-11-15 21:00,3340
2018-11-15 21:05,3294
2018-11-15 21:10,3282
2018-11-15 21:15,3257
2018-11-15 21:20,3212
2018-11-15 21:25,3189
2018-11-15 21:30,3168
2018-11-15 21:35,3147
2018-11-15 21:40,3132
2018-11-15 21:45,3101
2018-11-15 21:50,3063
2018-11-15 21:55,3027
2018-11-15 22:00,3015
2018-11-15 22:05,2996
2018-11-15 22:10,2942
2018-11-15 22:15,2931
2018-11-15 22:20,2906
2018-11-15 22:25,2901
2018-11-15 22:30,2862
2018-11-15 22:35,2842
2018-11-15 22:40,2809
2018-11-15 22:45,2754
2018-11-15 22:50,2720
2018-11-15 22:55,2695
2018-11-15 23:00,2649
2018-11-15 23:05,2660
2018-11-15 23:10,2641
2018-11-15 23:15,2617
2018-11-15 23:20,2595
2018-11-15 23:25,2565
2018-11-15 23:30,2538
2018-11-15 23:35,2500
2018-11-15 23:40,2485
2018-11-15 23:45,2453
2018-11-15 23:50,2409
2018-11-15 23:55,2400
2018-11-16 00:00,2365
2018-11-16 00:05,2362
2018-11-16 00:10,2352
2018-11-16 00:15,2296
2018-11-16 00:20,2280
2018-11-16 00:25,2246
2018-11-16 00:30,2219
2018-11-16 00:35,2221
2018-11-16 00:40,2204
2018-11-16 00:45,2175
2018-11-16 00:50,2190
2018-11-16 00:55,2188
2018-11-16 01:00,2165
2018-11-16 01:05,2104
2018-11-16 01:10,2106
2018-11-16 01:15,2087
2018-11-16 01:20,2085
2018-11-16 01:25,2075
2018-11-16 01:30,2072
2018-11-16 01:35,2071
2018-11-16 01:40,2077
2018-11-16 01:45,2088
2018-11-16 01:50,2090
2018-11-16 01:55,2088
2018-11-16 02:00,2049
2018-11-16 02:05,2025
2018-11-16 02:10,2009
2018-11-16 02:15,1993
2018-11-16 02:20,1982
2018-11-16 02:25,1987
2018-11-16 02:30,1958
2018-11-16 02:35,1929
2018-11-16 02:40,1915
2018-11-16 02:45,1937
2018-11-16 02:50,1933
2018-11-16 02:55,1926
2018-11-16 03:00,1932
2018-11-16 03:05,1928
2018-11-16 03:10,1895
2018-11-16 03:15,1875
2018-11-16 03:20,1863
2018-11-16 03:25,1846
2018-11-16 03:30,1838
2018-11-16 03:35,1832
2018-11-16 03:40,1818
2018-11-16 03:45,1788
2018-11-16 03:50,1787
2018-11-16 03:55,1791
2018-11-16 04:00,1782
2018-11-16 04:05,1766
2018-11-16 04:10,1740
2018-11-16 04:15,1727
2018-11-16 04:20,1686
2018-11-16 04:25,1672
2018-11-16 04:30,1678
2018-11-16 04:35,1665
2018-11-16 04:40,1628
2018-11-16 04:45,1606
2018-11-16 04:50,1603
2018-11-16 04:55,1571
2018-11-16 05:00,1539
2018-11-16 05:05,1541
2018-11-16 05:10,1528
2018-11-16 05:15,1529
2018-11-16 05:20,1529
2018-11-16 05:25,1528
2018-11-16 05:30,1519
2018-11-16 05:35,1514
2018-11-16 05:40,1503
2018-11-16 05:45,1519
2018-11-16 05:50,1528
2018-11-16 05:55,1538
2018-11-16 06:00,1533
2018-11-16 06:05,1522
2018-11-16 06:10,1527
2018-11-16 06:15,1516
2018-11-16 06:20,1505
2018-11-16 06:25,1507
2018-11-16 06:30,1495
2018-11-16 06:35,1493
2018-11-16 06:40,1502
2018-11-16 06:45,1511
2018-11-16 06:50,1516
2018-11-16 06:55,1521
2018-11-16 07:00,1515
2018-11-16 07:05,1517
2018-11-16 07:10,1503
2018-11-16 07:15,1492
2018-11-16 07:20,1488
2018-11-16 07:25,1485
2018-11-16 07:30,1492
2018-11-16 07:35,1496
2018-11-16 07:40,1507
2018-11-16 07:45,1507
2018-11-16 07:50,1526
2018-11-16 07:55,1517
2018-11-16 08:00,1506
2018-11-16 08:05,1490
2018-11-16 08:10,1504
2018-11-16 08:15,1515
2018-11-16 08:20,1525
2018-11-16 08:25,1537
2018-11-16 08:30,1546
2018-11-16 08:35,1566
2018-11-16 08:40,1583
2018-11-16 08:45,1593
2018-11-16 08:50,1612
2018-11-16 08:55,1624
2018-11-16 09:00,1618
2018-11-16 09:05,1615
2018-11-16 09:10,1628
2018-11-16 09:15,1630
2018-11-16 09:20,1645
2018-11-16 09:25,1663
2018-11-16 09:30,1656
2018-11-16 09:35,1673
2018-11-16 09:40,1698
2018-11-16 09:45,1707
2018-11-16 09:50,1710
2018-11-16 09:55,1715
2018-11-16 10:00,1733
2018-11-16 10:05,1758
2018-11-16 10:10,1764
2018-11-16 10:15,1777
2018-11-16 10:20,1793
2018-11-16 10:25,1802
2018-11-16 10:30,1829
2018-11-16 10:35,1817
2018-11-16 10:40,1837
2018-11-16 10:45,1853
2018-11-16 10:50,1870
2018-11-16 10:55,1870
2018-11-16 11:00,1883
2018-11-16 11:05,1894
2018-11-16 11:10,1906
2018-11-16 11:15,1962
2018-11-16 11:20,1976
2018-11-16 11:25,1961
2018-11-16 11:30,1971
2018-11-16 11:35,1999
2018-11-16 11:40,2021
2018-11-16 11:45,2043
2018-11-16 11:50,2063
2018-11-16 11:55,2070
2018-11-16 12:00,2069
2018-11-16 12:05,2096
2018-11-16 12:10,2096
2018-11-16 12:15,2115
2018-11-16 12:20,2119
2018-11-16 12:25,2142
2018-11-16 12:30,2133
2018-11-16 12:35,2172
2018-11-16 12:40,2188
2018-11-16 12:45,2200
2018-11-16 12:50,2213
2018-11-16 12:55,2205
2018-11-16 13:00,2233
2018-11-16 13:05,2258
2018-11-16 13:10,2284
2018-11-16 13:15,2297
2018-11-16 13:20,2279
2018-11-16 13:25,2304
2018-11-16 13:30,2336
2018-11-16 13:35,2355
2018-11-16 13:40,2386
2018-11-16 13:45,2393
2018-11-16 13:50,2418
2018-11-16 13:55,2453
2018-11-16 14:00,2490
2018-11-16 14:05,2490
2018-11-16 14:10,2523
2018-11-16 14:15,2538
2018-11-16 14:20,2581
2018-11-16 14:25,2572
2018-11-16 14:30,2570
2018-11-16 14:35,2604
2018-11-16 14:40,2605
2018-11-16 14:45,2634
2018-11-16 14:50,2638
2018-11-16 14:55,2654
2018-11-16 15:00,2667
2018-11-16 15:05,2683
2018-11-16 15:10,2713
2018-11-16 15:15,2718
2018-11-16 15:20,2728
2018-11-16 15:25,2746
2018-11-16 15:30,2760
2018-11-16 15:35,2783
2018-11-16 15:40,2791
2018-11-16 15:45,2802
2018-11-16 15:50,2829
2018-11-16 15:55,2862
2018-11-16 16:00,2902
2018-11-16 16:05,2931
2018-11-16 16:10,2924
2018-11-16 16:15,2944
2018-11-16 16:20,2951
2018-11-16 16:25,2971
2018-11-16 16:30,2984
2018-11-16 16:35,2995
2018-11-16 16:40,3019
2018-11-16 16:45,3038
2018-11-16 16:50,3064
2018-11-16 16:55,3076
2018-11-16 17:00,3080
2018-11-16 17:05,3130
2018-11-16 17:10,3142
2018-11-16 17:15,3140
2018-11-16 17:20,3140
2018-11-16 17:25,3168
2018-11-16 17:30,3175
2018-11-16 17:35,3182
2018-11-16 17:40,3199
2018-11-16 17:45,3201
2018-11-16 17:50,3207
2018-11-16 17:55,3228
2018-11-16 18:00,3233
2018-11-16 18:05,3229
2018-11-16 18:10,3241
2018-11-16 18:15,3235
2018-11-16 18:20,3235
2018-11-16 18:25,3241
2018-11-16 18:30,3260
2018-11-16 18:35,3251
2018-11-16 18:40,3269
2018-11-16 18:45,3251
2018-11-16 18:50,3256
2018-11-16 18:55,3259
2018-11-16 19:00,3238
2018-11-16 19:05,3241
2018-11-16 19:10,3230
2018-11-16 19:15,3228
2018-11-16 19:20,3254
2018-11-16 19:25,3277
2018-11-16 19:30,3282
2018-11-16 19:35,3294
2018-11-16 19:40,3269
2018-11-16 19:45,3285
2018-11-16 19:50,3279
2018-11-16 19:55,3259
2018-11-16 20:00,3258
2018-11-16 20:05,3281
2018-11-16 20:10,3274
2018-11-16 20:15,3287
2018-11-16 20:20,3282
2018-11-16 20:25,3267
2018-11-16 20:30,3302
2018-11-16 20:35,3303
2018-11-16 20:40,3336
2018-11-16 20:45,3302
2018-11-16 20:50,3310
2018-11-16 20:55,3285
2018-11-16 21:00,3274
2018-11-16 21:05,3291
2018-11-16 21:10,3299
2018-11-16 21:15,3288
2018-11-16 21:20,3258
2018-11-16 21:25,3247
2018-11-16 21:30,3229
2018-11-16 21:35,3227
2018-11-16 21:40,3230
2018-11-16 21:45,3226
2018-11-16 21:50,3187
2018-11-16 21:55,3185
2018-11-16 22:00,3195
2018-11-16 22:05,3138
2018-11-16 22:10,3142
2018-11-16 22:15,3138
2018-11-16 22:20,3111
2018-11-16 22:25,3073
2018-11-16 22:30,3051
2018-11-16 22:35,3026
2018-11-16 22:40,2988
2018-11-16 22:45,2941
2018-11-16 22:50,2934
2018-11-16 22:55,2927
2018-11-16 23:00,2888
2018-11-16 23:05,2854
2018-11-16 23:10,2866
2018-11-16 23:15,2849
2018-11-16 23:20,2817
2018-11-16 23:25,2787
2018-11-16 23:30,2767
2018-11-16 23:35,2718
2018-11-16 23:40,2699
2018-11-16 23:45,2687
2018-11-16 23:50,2668
2018-11-16 23:55,2657
2018-11-17 00:00,2642
2018-11-17 00:05,2606
2018-11-17 00:10,2569
2018-11-17 00:15,2557
2018-11-17 00:20,2554
2018-11-17 00:25,2538
2018-11-17 00:30,2517
2018-11-17 00:35,2509
2018-11-17 00:40,2489
2018-11-17 00:45,2469
2018-11-17 00:50,2448
2018-11-17 00:55,2420
2018-11-17 01:00,2388
2018-11-17 01:05,2352
2018-11-17 01:10,2333
2018-11-17 01:15,2328
2018-11-17 01:20,2340
2018-11-17 01:25,2308
2018-11-17 01:30,2301
2018-11-17 01:35,2288
2018-11-17 01:40,2259
2018-11-17 01:45,2229
2018-11-17 01:50,2246
2018-11-17 01:55,2217
2018-11-17 02:00,2196
2018-11-17 02:05,2186
2018-11-17 02:10,2194
2018-11-17 02:15,2183
2018-11-17 02:20,2185
2018-11-17 02:25,2190
2018-11-17 02:30,2184
2018-11-17 02:35,2170
2018-11-17 02:40,2126
2018-11-17 02:45,2127
2018-11-17 02:50,2108
2018-11-17 02:55,2088
2018-11-17 03:00,2076
2018-11-17 03:05,2072
2018-11-17 03:10,2057
2018-11-17 03:15,2033
2018-11-17 03:20,2008
2018-11-17 03:25,1992
2018-11-17 03:30,1983
2018-11-17 03:35,1958
2018-11-17 03:40,1941
2018-11-17 03:45,1920
2018-11-17 03:50,1894
2018-11-17 03:55,1890
2018-11-17 04:00,1887
2018-11-17 04:05,1871
2018-11-17 04:10,1852
2018-11-17 04:15,1850
2018-11-17 04:20,1808
2018-11-17 04:25,1802
2018-11-17 04:30,1806
2018-11-17 04:35,1780
2018-11-17 04:40,1787
2018-11-17 04:45,1793
2018-11-17 04:50,1801
2018-11-17 04:55,1805
2018-11-17 05:00,1799
2018-11-17 05:05,1813
2018-11-17 05:10,1776
2018-11-17 05:15,1753
2018-11-17 05:20,1732
2018-11-17 05:25,1714
2018-11-17 05:30,1732
2018-11-17 05:35,1712
2018-11-17 05:40,1684
2018-11-17 05:45,1687
2018-11-17 05:50,1676
2018-11-17 05:55,1685
2018-11-17 06:00,1686
2018-11-17 06:05,1666
2018-11-17 06:10,1659
2018-11-17 06:15,1657
2018-11-17 06:20,1658
2018-11-17 06:25,1658
2018-11-17 06:30,1666
2018-11-17 06:35,1660
2018-11-17 06:40,1682
2018-11-17 06:45,1714
2018-11-17 06:50,1700
2018-11-17 06:55,1718
2018-11-17 07:00,1741
2018-11-17 07:05,1753
2018-11-17 07:10,1757
2018-11-17 07:15,1769
2018-11-17 07:20,1780
2018-11-17 07:25,1803
2018-11-17 07:30,1821
2018-11-17 07:35,1847
2018-11-17 07:40,1860
2018-11-17 07:45,1885
2018-11-17 07:50,1883
2018-11-17 07:55,1930
2018-11-17 08:00,1928
2018-11-17 08:05,1915
2018-11-17 08:10,1930
2018-11-17 08:15,1936
2018-11-17 08:20,1955
2018-11-17 08:25,1956
2018-11-17 08:30,1975
2018-11-17 08:35,1993
2018-11-17 08:40,2008
2018-11-17 08:45,2039
2018-11-17 08:50,2050
2018-11-17 08:55,2063
2018-11-17 09:00,2076
2018-11-17 09:05,2079
2018-11-17 09:10,2090
2018-11-17 09:15,2089
2018-11-17 09:20,2102
2018-11-17 09:25,2093
2018-11-17 09:30,2095
2018-11-17 09:35,2119
2018-11-17 09:40,2126
2018-11-17 09:45,2185
2018-11-17 09:50,2193
2018-11-17 09:55,2246
2018-11-17 10:00,2271
2018-11-17 10:05,2301
2018-11-17 10:10,2330
2018-11-17 10:15,2363
2018-11-17 10:20,2387
2018-11-17 10:25,2424
2018-11-17 10:30,2448
2018-11-17 10:35,2484
2018-11-17 10:40,2508
2018-11-17 10:45,2553
2018-11-17 10:50,2552
2018-11-17 10:55,2585
2018-11-17 11:00,2611
2018-11-17 11:05,2629
2018-11-17 11:10,2635
2018-11-17 11:15,2648
2018-11-17 11:20,2657
2018-11-17 11:25,2675
2018-11-17 11:30,2696
2018-11-17 11:35,2696
2018-11-17 11:40,2722
2018-11-17 11:45,2723
2018-11-17 11:50,2724
2018-11-17 11:55,2726
2018-11-17 12:00,2730
2018-11-17 12:05,2746
2018-11-17 12:10,2760
2018-11-17 12:15,2803
2018-11-17 12:20,2817
2018-11-17 12:25,2813
2018-11-17 12:30,2843
2018-11-17 12:35,2837
2018-11-17 12:40,2883
2018-11-17 12:45,2909
2018-11-17 12:50,2945
2018-11-17 12:55,2971
2018-11-17 13:00,2984
2018-11-17 13:05,2995
2018-11-17 13:10,3016
2018-11-17 13:15,3019
2018-11-17 13:20,3019
2018-11-17 13:25,3061
2018-11-17 13:30,3102
2018-11-17 13:35,3132
2018-11-17 13:40,3139
2018-11-17 13:45,3143
2018-11-17 13:50,3175
2018-11-17 13:55,3176
2018-11-17 14:00,3176
2018-11-17 14:05,3171
2018-11-17 14:10,3160
2018-11-17 14:15,3170
2018-11-17 14:20,3183
2018-11-17 14:25,3202
2018-11-17 14:30,3227
2018-11-17 14:35,
2018-11-17 14:40,3303
2018-11-17 14:45,3330
2018-11-17 14:50,3347
2018-11-17 14:55,3370
2018-11-17 15:00,3371
2018-11-17 15:05,3389
2018-11-17 15:10,3431
2018-11-17 15:15,3450
2018-11-17 15:20,3455
2018-11-17 15:25,3460
2018-11-17 15:30,3481
2018-11-17 15:35,3503
2018-11-17 15:40,3539
2018-11-17 15:45,3553
2018-11-17 15:50,3576
2018-11-17 15:55,3563
2018-11-17 16:00,3548
2018-11-17 16:05,3577
2018-11-17 16:10,3601
2018-11-17 16:15,3622
2018-11-17 16:20,3631
2018-11-17 16:25,3639
2018-11-17 16:30,3664
2018-11-17 16:35,3690
2018-11-17 16:40,3665
2018-11-17 16:45,3676
2018-11-17 16:50,3681
2018-11-17 16:55,3678
2018-11-17 17:00,3697
2018-11-17 17:05,3673
2018-11-17 17:10,3703
2018-11-17 17:15,3723
2018-11-17 17:20,3735
2018-11-17 17:25,3741
2018-11-17 17:30,3769
2018-11-17 17:35,3760
2018-11-17 17:40,3772
2018-11-17 17:45,3752
2018-11-17 17:50,3751
2018-11-17 17:55,3754
2018-11-17 18:00,3764
2018-11-17 18:05,3780
2018-11-17 18:10,3774
2018-11-17 18:15,3780
2018-11-17 18:20,3815
2018-11-17 18:25,3789
2018-11-17 18:30,3783
2018-11-17 18:35,3780
2018-11-17 18:40,3813
2018-11-17 18:45,3816
2018-11-17 18:50,3814
2018-11-17 18:55,3809
2018-11-17 19:00,3794
2018-11-17 19:05,3779
2018-11-17 19:10,3793
2018-11-17 19:15,3781
2018-11-17 19:20,3785
2018-11-17 19:25,3781
2018-11-17 19:30,3791
2018-11-17 19:35,3801
2018-11-17 19:40,3804
2018-11-17 19:45,3820
2018-11-17 19:50,3822
2018-11-17 19:55,3814
2018-11-17 20:00,3811
2018-11-17 20:05,3806
2018-11-17 20:10,3819
2018-11-17 20:15,3799
2018-11-17 20:20,3798
2018-11-17 20:25,3798
2018-11-17 20:30,3767
2018-11-17 20:35,3753
2018-11-17 20:40,3751
2018-11-17 20:45,3753
2018-11-17 20:50,3747
2018-11-17 20:55,3738
2018-11-17 21:00,3730
2018-11-17 21:05,3728
2018-11-17 21:10,3698
2018-11-17 21:15,3685
2018-11-17 21:20,3636
2018-11-17 21:25,3623
2018-11-17 21:30,3606
2018-11-17 21:35,3579
2018-11-17 21:40,3585
2018-11-17 21:45,3557
2018-11-17 21:50,3546
2018-11-17 21:55,3532
2018-11-17 22:00,3511
2018-11-17 22:05,3491
2018-11-17 22:10,3478
2018-11-17 22:15,3464
2018-11-17 22:20,3447
2018-11-17 22:25,3409
2018-11-17 22:30,3419
2018-11-17 22:35,3373
2018-11-17 22:40,3357
2018-11-17 22:45,3319
2018-11-17 22:50,3265
2018-11-17 22:55,3212
2018-11-17 23:00,3195
2018-11-17 23:05,3118
2018-11-17 23:10,3112
2018-11-17 23:15,3099
2018-11-17 23:20,3064
2018-11-17 23:25,3042
2018-11-17 23:30,3031
2018-11-17 23:35,2996
2018-11-17 23:40,2939
2018-11-17 23:45,2914
2018-11-17 23:50,2854
2018-11-17 23:55,2795
2018-11-18 00:00,2758
2018-11-18 00:05,2746
2018-11-18 00:10,2675
2018-11-18 00:15,2665
2018-11-18 00:20,2658
2018-11-18 00:25,2632
2018-11-18 00:30,2609
2018-11-18 00:35,2590
2018-11-18 00:40,2577
2018-11-18 00:45,2561
2018-11-18 00:50,2544
2018-11-18 00:55,2527
2018-11-18 01:00,2499
2018-11-18 01:05,2487
2018-11-18 01:10,2463
2018-11-18 01:15,2439
2018-11-18 01:20,2436
2018-11-18 01:25,2406
2018-11-18 01:30,2379
2018-11-18 01:35,2365
2018-11-18 01:40,2363
2018-11-18 01:45,2359
2018-11-18 01:50,2337
2018-11-18 01:55,2319
2018-11-18 02:00,2319
2018-11-18 02:05,2323
2018-11-18 02:10,2336
2018-11-18 02:15,2321
2018-11-18 02:20,2305
2018-11-18 02:25,2297
2018-11-18 02:30,2270
2018-11-18 02:35,2252
2018-11-18 02:40,2246
2018-11-18 02:45,2231
2018-11-18 02:50,2214
2018-11-18 02:55,2204
2018-11-18 03:00,2193
2018-11-18 03:05,2165
2018-11-18 03:10,2147
2018-11-18 03:15,2140
2018-11-18 03:20,2131
2018-11-18 03:25,2118
2018-11-18 03:30,2120
2018-11-18 03:35,2118
2018-11-18 03:40,2108
2018-11-18 03:45,2108
2018-11-18 03:50,2088
2018-11-18 03:55,2082
2018-11-18 04:00,2052
2018-11-18 04:05,2049
2018-11-18 04:10,2048
2018-11-18 04:15,2043
2018-11-18 04:20,2020
2018-11-18 04:25,1998
2018-11-18 04:30,1981
2018-11-18 04:35,1993
2018-11-18 04:40,1985
2018-11-18 04:45,1964
2018-11-18 04:50,1950
2018-11-18 04:55,1938
2018-11-18 05:00,1946
2018-11-18 05:05,1948
2018-11-18 05:10,1937
2018-11-18 05:15,1927
2018-11-18 05:20,1907
2018-11-18 05:25,1906
2018-11-18 05:30,1893
2018-11-18 05:35,1887
2018-11-18 05:40,1880
2018-11-18 05:45,1865
2018-11-18 05:50,1872
2018-11-18 05:55,1851
2018-11-18 06:00,1837
2018-11-18 06:05,1821
2018-11-18 06:10,1837
2018-11-18 06:15,1849
2018-11-18 06:20,1854
2018-11-18 06:25,1851
2018-11-18 06:30,1885
2018-11-18 06:35,1845
2018-11-18 06:40,1850
2018-11-18 06:45,1855
2018-11-18 06:50,1861
2018-11-18 06:55,1875
2018-11-18 07:00,1875
2018-11-18 07:05,1885
2018-11-18 07:10,1900
2018-11-18 07:15,1909
2018-11-18 07:20,1922
2018-11-18 07:25,1930
2018-11-18 07:30,1949
2018-11-18 07:35,1952
2018-11-18 07:40,1955
2018-11-18 07:45,1968
2018-11-18 07:50,1981
2018-11-18 07:55,1981
2018-11-18 08:00,2020
2018-11-18 08:05,2047
2018-11-18 08:10,2055
2018-11-18 08:15,2069
2018-11-18 08:20,2081
2018-11-18 08:25,2095
2018-11-18 08:30,2124
2018-11-18 08:35,2151
2018-11-18 08:40,2152
2018-11-18 08:45,2188
2018-11-18 08:50,2238
2018-11-18 08:55,2268
2018-11-18 09:00,2290
2018-11-18 09:05,2334
2018-11-18 09:10,2360
2018-11-18 09:15,2352
2018-11-18 09:20,2396
2018-11-18 09:25,2430
2018-11-18 09:30,2469
2018-11-18 09:35,2491
2018-11-18 09:40,2496
2018-11-18 09:45,2518
2018-11-18 09:50,2548
2018-11-18 09:55,2585
2018-11-18 10:00,2623
2018-11-18 10:05,2663
2018-11-18 10:10,2710
2018-11-18 10:15,2735
2018-11-18 10:20,2757
2018-11-18 10:25,2828
2018-11-18 10:30,2838
2018-11-18 10:35,2859
2018-11-18 10:40,2878
2018-11-18 10:45,2915
2018-11-18 10:50,2922
2018-11-18 10:55,2949
2018-11-18 11:00,2949
2018-11-18 11:05,2964
2018-11-18 11:10,2971
2018-11-18 11:15,2974
2018-11-18 11:20,2976
2018-11-18 11:25,2980
2018-11-18 11:30,3007
2018-11-18 11:35,3009
2018-11-18 11:40,3032
2018-11-18 11:45,3046
2018-11-18 11:50,3076
2018-11-18 11:55,3070
2018-11-18 12:00,3039
2018-11-18 12:05,3045
2018-11-18 12:10,3070
2018-11-18 12:15,3094
2018-11-18 12:20,3136
2018-11-18 12:25,3160
2018-11-18 12:30,3163
2018-11-18 12:35,3203
2018-11-18 12:40,3217
2018-11-18 12:45,3249
2018-11-18 12:50,3276
2018-11-18 12:55,3275
2018-11-18 13:00,3310
2018-11-18 13:05,3322
2018-11-18 13:10,3309
2018-11-18 13:15,3332
2018-11-18 13:20,3379
2018-11-18 13:25,3400
2018-11-18 13:30,3414
2018-11-18 13:35,3424
2018-11-18 13:40,3447
2018-11-18 13:45,3484
2018-11-18 13:50,3504
2018-11-18 13:55,3496
2018-11-18 14:00,3529
2018-11-18 14:05,3531
2018-11-18 14:10,3554
2018-11-18 14:15,3557
2018-11-18 14:20,3580
2018-11-18 14:25,3580
2018-11-18 14:30,3603
2018-11-18 14:35,3617
2018-11-18 14:40,3613
2018-11-18 14:45,3624
2018-11-18 14:50,3646
2018-11-18 14:55,3670
2018-11-18 15:00,3674
2018-11-18 15:05,3704
2018-11-18 15:10,3726
2018-11-18 15:15,3744
2018-11-18 15:20,3741
2018-11-18 15:25,3768
2018-11-18 15:30,3771
2018-11-18 15:35,3798
2018-11-18 15:40,3815
2018-11-18 15:45,3833
2018-11-18 15:50,3860
2018-11-18 15:55,3877
2018-11-18 16:00,3892
2018-11-18 16:05,3909
2018-11-18 16:10,3896
2018-11-18 16:15,3931
2018-11-18 16:20,3963
2018-11-18 16:25,3940
2018-11-18 16:30,3938
2018-11-18 16:35,3961
2018-11-18 16:40,3999
2018-11-18 16:45,4025
2018-11-18 16:50,4032
2018-11-18 16:55,4029
2018-11-18 17:00,4013
2018-11-18 17:05,4043
2018-11-18 17:10,4039
2018-11-18 17:15,4023
2018-11-18 17:20,4025
2018-11-18 17:25,4053
2018-11-18 17:30,4049
2018-11-18 17:35,4030
2018-11-18 17:40,4028
2018-11-18 17:45,4024
2018-11-18 17:50,4012
2018-11-18 17:55,4007
2018-11-18 18:00,4034
2018-11-18 18:05,4020
2018-11-18 18:10,3990
2018-11-18 18:15,3990
2018-11-18 18:20,3999
2018-11-18 18:25,3980
2018-11-18 18:30,4006
2018-11-18 18:35,4040
2018-11-18 18:40,4073
2018-11-18 18:45,4059
2018-11-18 18:50,4081
2018-11-18 18:55,4098
2018-11-18 19:00,4097
2018-11-18 19:05,4075
2018-11-18 19:10,4082
2018-11-18 19:15,4065
2018-11-18 19:20,4053
2018-11-18 19:25,4057
2018-11-18 19:30,4041
2018-11-18 19:35,4068
2018-11-18 19:40,4064
2018-11-18 19:45,4030
2018-11-18 19:50,4017
2018-11-18 19:55,4018
2018-11-18 20:00,4005
2018-11-18 20:05,3992
2018-11-18 20:10,3965
2018-11-18 20:15,3928
2018-11-18 20:20,3924
2018-11-18 20:25,3895
2018-11-18 20:30,3867
2018-11-18 20:35,3871
2018-11-18 20:40,3852
2018-11-18 20:45,3800
2018-11-18 20:50,3780
2018-11-18 20:55,3761
2018-11-18 21:00,3714
2018-11-18 21:05,3677
2018-11-18 21:10,3627
2018-11-18 21:15,3627
2018-11-18 21:20,3613
2018-11-18 21:25,3614
2018-11-18 21:30,3599
2018-11-18 21:35,3536
2018-11-18 21:40,3499
2018-11-18 21:45,3456
2018-11-18 21:50,3430
2018-11-18 21:55,3385
2018-11-18 22:00,3316
2018-11-18 22:05,3272
2018-11-18 22:10,3223
2018-11-18 22:15,3181
2018-11-18 22:20,3157
2018-11-18 22:25,3118
2018-11-18 22:30,3096
2018-11-18 22:35,3041
2018-11-18 22:40,3022
2018-11-18 22:45,2984
2018-11-18 22:50,2946
2018-11-18 22:55,2946
2018-11-18 23:00,2936
2018-11-18 23:05,2902
2018-11-18 23:10,2878
2018-11-18 23:15,2832
2018-11-18 23:20,2783
2018-11-18 23:25,2731
2018-11-18 23:30,2698
2018-11-18 23:35,2657
2018-11-18 23:40,2644
2018-11-18 23:45,2626
2018-11-18 23:50,2630
2018-11-18 23:55,2614
2018-11-19 00:00,2591
2018-11-19 00:05,2547
2018-11-19 00:10,2525
2018-11-19 00:15,2521
2018-11-19 00:20,2493
2018-11-19 00:25,2460
2018-11-19 00:30,2447
2018-11-19 00:35,2428
2018-11-19 00:40,2413
2018-11-19 00:45,2398
2018-11-19 00:50,2367
2018-11-19 00:55,2354
2018-11-19 01:00,2347
2018-11-19 01:05,2340
2018-11-19 01:10,2317
2018-11-19 01:15,2282
2018-11-19 01:20,2272
2018-11-19 01:25,2243
2018-11-19 01:30,2249
2018-11-19 01:35,2226
2018-11-19 01:40,2220
2018-11-19 01:45,2208
2018-11-19 01:50,2187
2018-11-19 01:55,2177
2018-11-19 02:00,2162
2018-11-19 02:05,2160
2018-11-19 02:10,2147
2018-11-19 02:15,2124
2018-11-19 02:20,2117
2018-11-19 02:25,2090
2018-11-19 02:30,2092
2018-11-19 02:35,2077
2018-11-19 02:40,2065
2018-11-19 02:45,2047
2018-11-19 02:50,2054
2018-11-19 02:55,2036
2018-11-19 03:00,2019
2018-11-19 03:05,2024
2018-11-19 03:10,1991
2018-11-19 03:15,1983
2018-11-19 03:20,1965
2018-11-19 03:25,1966
2018-11-19 03:30,1965
2018-11-19 03:35,1945
2018-11-19 03:40,1922
2018-11-19 03:45,1908
2018-11-19 03:50,1906
2018-11-19 03:55,1867
2018-11-19 04:00,1847
2018-11-19 04:05,1843
2018-11-19 04:10,1824
2018-11-19 04:15,1806
2018-11-19 04:20,1772
2018-11-19 04:25,1749
2018-11-19 04:30,1728
2018-11-19 04:35,1719
2018-11-19 04:40,1690
2018-11-19 04:45,1701
2018-11-19 04:50,1682
2018-11-19 04:55,1665
2018-11-19 05:00,1658
2018-11-19 05:05,1655
2018-11-19 05:10,1640
2018-11-19 05:15,1608
2018-11-19 05:20,1586
2018-11-19 05:25,1581
2018-11-19 05:30,1587
2018-11-19 05:35,1577
2018-11-19 05:40,1570
2018-11-19 05:45,1580
2018-11-19 05:50,1564
2018-11-19 05:55,1552
2018-11-19 06:00,1538
2018-11-19 06:05,1522
2018-11-19 06:10,1532
2018-11-19 06:15,1512
2018-11-19 06:20,1499
2018-11-19 06:25,1505
2018-11-19 06:30,1495
2018-11-19 06:35,1508
2018-11-19 06:40,1506
2018-11-19 06:45,1514
2018-11-19 06:50,1522
2018-11-19 06:55,1516
2018-11-19 07:00,1512
2018-11-19 07:05,1489
2018-11-19 07:10,1483
2018-11-19 07:15,1463
2018-11-19 07:20,1457
2018-11-19 07:25,1462
2018-11-19 07:30,1460
2018-11-19 07:35,1459
2018-11-19 07:40,1460
2018-11-19 07:45,1455
2018-11-19 07:50,1471
2018-11-19 07:55,1470
2018-11-19 08:00,1467
2018-11-19 08:05,1465
2018-11-19 08:10,1463
2018-11-19 08:15,1484
2018-11-19 08:20,1491
2018-11-19 08:25,1478
2018-11-19 08:30,1461
2018-11-19 08:35,1463
2018-11-19 08:40,1485
2018-11-19 08:45,1483
2018-11-19 08:50,1487
2018-11-19 08:55,1494
2018-11-19 09:00,1504
2018-11-19 09:05,1528
2018-11-19 09:10,1519
2018-11-19 09:15,1530
2018-11-19 09:20,1534
2018-11-19 09:25,1539
2018-11-19 09:30,1557
2018-11-19 09:35,1581
2018-11-19 09:40,1589
2018-11-19 09:45,1619
2018-11-19 09:50,1648
2018-11-19 09:55,1663
2018-11-19 10:00,1679
2018-11-19 10:05,1720
2018-11-19 10:10,1757
2018-11-19 10:15,1778
2018-11-19 10:20,1796
2018-11-19 10:25,1820
2018-11-19 10:30,1846
2018-11-19 10:35,1859
2018-11-19 10:40,1874
2018-11-19 10:45,1887
2018-11-19 10:50,1901
2018-11-19 10:55,1885
2018-11-19 11:00,1878
2018-11-19 11:05,1883
2018-11-19 11:10,1890
2018-11-19 11:15,1902
2018-11-19 11:20,1913
2018-11-19 11:25,1935
2018-11-19 11:30,1948
2018-11-19 11:35,1975
2018-11-19 11:40,1981
2018-11-19 11:45,1996
2018-11-19 11:50,2019
2018-11-19 11:55,2028
2018-11-19 12:00,2042
2018-11-19 12:05,2045
2018-11-19 12:10,2065
2018-11-19 12:15,2068
2018-11-19 12:20,2094
2018-11-19 12:25,2117
2018-11-19 12:30,2126
2018-11-19 12:35,2137
2018-11-19 12:40,2145
2018-11-19 12:45,2147
2018-11-19 12:50,2152
2018-11-19 12:55,2166
2018-11-19 13:00,2184
2018-11-19 13:05,2185
2018-11-19 13:10,2202
2018-11-19 13:15,2207
2018-11-19 13:20,2224
2018-11-19 13:25,2268
2018-11-19 13:30,2295
2018-11-19 13:35,2311
2018-11-19 13:40,2328
2018-11-19 13:45,2343
2018-11-19 13:50,2334
2018-11-19 13:55,2363
2018-11-19 14:00,2361
2018-11-19 14:05,2402
2018-11-19 14:10,2410
2018-11-19 14:15,2400
2018-11-19 14:20,2408
2018-11-19 14:25,2454
2018-11-19 14:30,2503
2018-11-19 14:35,2525
2018-11-19 14:40,2567
2018-11-19 14:45,2597
2018-11-19 14:50,2599
2018-11-19 14:55,2612
2018-11-19 15:00,2615
2018-11-19 15:05,2643
2018-11-19 15:10,2667
2018-11-19 15:15,2689
2018-11-19 15:20,2721
2018-11-19 15:25,2756
2018-11-19 15:30,2762
2018-11-19 15:35,2792
2018-11-19 15:40,2830
2018-11-19 15:45,2852
2018-11-19 15:50,2878
2018-11-19 15:55,2898
2018-11-19 16:00,2911
2018-11-19 16:05,2914
2018-11-19 16:10,2963
2018-11-19 16:15,3007
2018-11-19 16:20,3001
2018-11-19 16:25,3026
2018-11-19 16:30,3065
2018-11-19 16:35,3076
2018-11-19 16:40,3094
2018-11-19 16:45,3110
2018-11-19 16:50,3106
2018-11-19 16:55,3149
2018-11-19 17:00,3148
2018-11-19 17:05,3153
2018-11-19 17:10,3130
2018-11-19 17:15,3148
2018-11-19 17:20,3153
2018-11-19 17:25,3197
2018-11-19 17:30,3249
2018-11-19 17:35,3266
2018-11-19 17:40,3267
2018-11-19 17:45,3244
2018-11-19 17:50,3286
2018-11-19 17:55,3288
2018-11-19 18:00,3296
2018-11-19 18:05,3313
2018-11-19 18:10,3325
2018-11-19 18:15,3343
2018-11-19 18:20,3354
2018-11-19 18:25,3365
2018-11-19 18:30,3375
2018-11-19 18:35,3390
2018-11-19 18:40,3404
2018-11-19 18:45,3427
2018-11-19 18:50,3419
2018-11-19 18:55,3430
2018-11-19 19:00,3438
2018-11-19 19:05,3437
2018-11-19 19:10,3424
2018-11-19 19:15,3400
2018-11-19 19:20,3406
2018-11-19 19:25,3412
2018-11-19 19:30,3444
2018-11-19 19:35,3456
2018-11-19 19:40,3469
2018-11-19 19:45,3466
2018-11-19 19:50,3439
2018-11-19 19:55,3453
2018-11-19 20:00,3427
2018-11-19 20:05,3434
2018-11-19 20:10,3385
2018-11-19 20:15,3388
2018-11-19 20:20,3390
2018-11-19 20:25,3388
2018-11-19 20:30,3408
2018-11-19 20:35,3385
2018-11-19 20:40,3391
2018-11-19 20:45,3351
2018-11-19 20:50,3334
2018-11-19 20:55,3302
2018-11-19 21:00,3280
2018-11-19 21:05,3252
2018-11-19 21:10,3229
2018-11-19 21:15,3196
2018-11-19 21:20,3177
2018-11-19 21:25,3159
2018-11-19 21:30,3124
2018-11-19 21:35,3105
2018-11-19 21:40,3057
2018-11-19 21:45,3024
2018-11-19 21:50,2978
2018-11-19 21:55,2948
2018-11-19 22:00,2938
2018-11-19 22:05,2911
2018-11-19 22:10,2877
2018-11-19 22:15,2875
2018-11-19 22:20,2832
2018-11-19 22:25,2802
2018-11-19 22:30,2766
2018-11-19 22:35,2722
2018-11-19 22:40,2714
2018-11-19 22:45,2679
2018-11-19 22:50,2652
2018-11-19 22:55,2642
2018-11-19 23:00,2624
2018-11-19 23:05,2595
2018-11-19 23:10,2569
2018-11-19 23:15,2555
2018-11-19 23:20,2530
2018-11-19 23:25,2482
2018-11-19 23:30,2462
2018-11-19 23:35,2433
2018-11-19 23:40,2381
2018-11-19 23:45,2358
2018-11-19 23:50,2344
2018-11-19 23:55,2348
2018-11-20 00:00,2336
2018-11-20 00:05,2318
2018-11-20 00:10,2288
2018-11-20 00:15,2287
2018-11-20 00:20,2259
2018-11-20 00:25,2234
2018-11-20 00:30,2224
2018-11-20 00:35,2193
2018-11-20 00:40,2182
2018-11-20 00:45,2154
2018-11-20 00:50,2132
2018-11-20 00:55,2132
2018-11-20 01:00,2145
2018-11-20 01:05,2136
2018-11-20 01:10,2106
2018-11-20 01:15,2075
2018-11-20 01:20,2075
2018-11-20 01:25,2059
2018-11-20 01:30,2069
2018-11-20 01:35,2055
2018-11-20 01:40,2038
2018-11-20 01:45,2030
2018-11-20 01:50,2018
2018-11-20 01:55,2013
2018-11-20 02:00,2008
2018-11-20 02:05,1988
2018-11-20 02:10,2001
2018-11-20 02:15,2012
2018-11-20 02:20,1980
2018-11-20 02:25,1982
2018-11-20 02:30,1988
2018-11-20 02:35,1968
2018-11-20 02:40,1966
2018-11-20 02:45,1957
2018-11-20 02:50,1935
2018-11-20 02:55,1924
2018-11-20 03:00,1928
2018-11-20 03:05,1908
2018-11-20 03:10,1895
2018-11-20 03:15,1901
2018-11-20 03:20,1881
2018-11-20 03:25,1859
2018-11-20 03:30,1856
2018-11-20 03:35,1858
2018-11-20 03:40,1824
2018-11-20 03:45,1826
2018-11-20 03:50,1817
2018-11-20 03:55,1793
2018-11-20 04:00,1776
2018-11-20 04:05,1756
2018-11-20 04:10,1738
2018-11-20 04:15,1723
2018-11-20 04:20,1701
2018-11-20 04:25,1683
2018-11-20 04:30,1672
2018-11-20 04:35,1654
2018-11-20 04:40,1637
2018-11-20 04:45,1632
2018-11-20 04:50,1621
2018-11-20 04:55,1606
2018-11-20 05:00,1588
2018-11-20 05:05,1582
2018-11-20 05:10,1579
2018-11-20 05:15,1588
2018-11-20 05:20,1574
2018-11-20 05:25,1574
2018-11-20 05:30,1550
2018-11-20 05:35,1548
2018-11-20 05:40,1537
2018-11-20 05:45,1520
2018-11-20 05:50,1513
2018-11-20 05:55,1498
2018-11-20 06:00,1479
2018-11-20 06:05,1474
2018-11-20 06:10,1466
2018-11-20 06:15,1453
2018-11-20 06:20,1450
2018-11-20 06:25,1444
2018-11-20 06:30,1419
2018-11-20 06:35,1410
2018-11-20 06:40,1412
2018-11-20 06:45,1421
2018-11-20 06:50,1411
2018-11-20 06:55,1415
2018-11-20 07:00,1418
2018-11-20 07:05,1394
2018-11-20 07:10,1398
2018-11-20 07:15,1388
2018-11-20 07:20,1399
2018-11-20 07:25,1406
2018-11-20 07:30,1411
2018-11-20 07:35,1402
2018-11-20 07:40,1393
2018-11-20 07:45,1395
2018-11-20 07:50,1400
2018-11-20 07:55,1414
2018-11-20 08:00,1426
2018-11-20 08:05,1435
2018-11-20 08:10,1430
2018-11-20 08:15,1437
2018-11-20 08:20,1433
2018-11-20 08:25,1450
2018-11-20 08:30,1454
2018-11-20 08:35,1446
2018-11-20 08:40,1467
2018-11-20 08:45,1481
2018-11-20 08:50,1490
2018-11-20 08:55,1501
2018-11-20 09:00,1513
2018-11-20 09:05,1513
2018-11-20 09:10,1517
2018-11-20 09:15,1540
2018-11-20 09:20,1551
2018-11-20 09:25,1579
2018-11-20 09:30,1576
2018-11-20 09:35,1590
2018-11-20 09:40,1603
2018-11-20 09:45,1609
2018-11-20 09:50,1618
2018-11-20 09:55,1647
2018-11-20 10:00,1669
2018-11-20 10:05,1708
2018-11-20 10:10,1735
2018-11-20 10:15,1744
2018-11-20 10:20,1791
2018-11-20 10:25,1829
2018-11-20 10:30,1839
2018-11-20 10:35,1859
2018-11-20 10:40,1881
2018-11-20 10:45,1906
2018-11-20 10:50,1906
2018-11-20 10:55,1912
2018-11-20 11:00,1936
2018-11-20 11:05,1938
2018-11-20 11:10,1947
2018-11-20 11:15,1976
2018-11-20 11:20,2002
2018-11-20 11:25,2003
2018-11-20 11:30,2028
2018-11-20 11:35,2015
2018-11-20 11:40,2035
2018-11-20 11:45,2047
2018-11-20 11:50,2035
2018-11-20 11:55,2068
2018-11-20 12:00,2078
2018-11-20 12:05,2091
2018-11-20 12:10,2082
2018-11-20 12:15,2096
2018-11-20 12:20,2113
2018-11-20 12:25,2113
2018-11-20 12:30,2109
2018-11-20 12:35,2121
2018-11-20 12:40,2121
2018-11-20 12:45,2147
2018-11-20 12:50,2158
2018-11-20 12:55,2178
2018-11-20 13:00,2179
2018-11-20 13:05,2211
2018-11-20 13:10,2191
2018-11-20 13:15,2188
2018-11-20 13:20,2221
2018-11-20 13:25,2236
2018-11-20 13:30,2255
2018-11-20 13:35,2246
2018-11-20 13:40,2275
2018-11-20 13:45,2319
2018-11-20 13:50,2332
2018-11-20 13:55,2363
2018-11-20 14:00,2357
2018-11-20 14:05,2363
2018-11-20 14:10,2374
2018-11-20 14:15,2370
2018-11-20 14:20,2388
2018-11-20 14:25,2417
2018-11-20 14:30,2435
2018-11-20 14:35,2431
2018-11-20 14:40,2414
2018-11-20 14:45,2403
2018-11-20 14:50,2373
2018-11-20 14:55,2276
2018-11-20 15:00,2149
2018-11-20 15:05,1546
2018-11-20 15:10,1492
2018-11-20 15:15,1487
2018-11-20 15:20,1482
2018-11-20 15:25,1476
2018-11-20 15:30,1506
2018-11-20 15:35,1533
2018-11-20 15:40,1526
2018-11-20 15:45,1538
2018-11-20 15:50,1539
2018-11-20 15:55,1557
2018-11-20 16:00,1593
2018-11-20 16:05,1618
2018-11-20 16:10,1641
2018-11-20 16:15,1676
2018-11-20 16:20,1814
2018-11-20 16:25,1938
2018-11-20 16:30,2046
2018-11-20 16:35,2180
2018-11-20 16:40,2282
2018-11-20 16:45,2389
2018-11-20 16:50,2486
2018-11-20 16:55,2581
2018-11-20 17:00,2671
2018-11-20 17:05,2778
2018-11-20 17:10,2869
2018-11-20 17:15,2918
2018-11-20 17:20,3023
2018-11-20 17:25,3043
2018-11-20 17:30,3120
2018-11-20 17:35,3169
2018-11-20 17:40,3215
2018-11-20 17:45,3278
2018-11-20 17:50,3314
2018-11-20 17:55,3351
2018-11-20 18:00,3397
2018-11-20 18:05,3424
2018-11-20 18:10,3453
2018-11-20 18:15,3489
2018-11-20 18:20,3486
2018-11-20 18:25,3508
2018-11-20 18:30,3531
2018-11-20 18:35,3565
2018-11-20 18:40,3566
2018-11-20 18:45,3565
2018-11-20 18:50,3549
2018-11-20 18:55,3533
2018-11-20 19:00,3533
2018-11-20 19:05,3556
2018-11-20 19:10,3563
2018-11-20 19:15,3555
2018-11-20 19:20,3533
2018-11-20 19:25,3531
2018-11-20 19:30,3522
2018-11-20 19:35,3543
2018-11-20 19:40,3540
2018-11-20 19:45,3541
2018-11-20 19:50,3502
2018-11-20 19:55,3507
2018-11-20 20:00,3511
2018-11-20 20:05,3523
2018-11-20 20:10,3508
2018-11-20 20:15,3493
2018-11-20 20:20,3496
2018-11-20 20:25,3477
2018-11-20 20:30,3445
2018-11-20 20:35,3442
2018-11-20 20:40,3443
2018-11-20 20:45,3416
2018-11-20 20:50,3372
2018-11-20 20:55,3333
2018-11-20 21:00,3327
2018-11-20 21:05,3296
2018-11-20 21:10,3270
2018-11-20 21:15,3268
2018-11-20 21:20,3229
2018-11-20 21:25,3183
2018-11-20 21:30,3164
2018-11-20 21:35,3146
2018-11-20 21:40,3099
2018-11-20 21:45,3075
2018-11-20 21:50,3080
2018-11-20 21:55,3028
2018-11-20 22:00,3005
2018-11-20 22:05,2978
2018-11-20 22:10,2950
2018-11-20 22:15,2910
2018-11-20 22:20,2879
2018-11-20 22:25,2871
2018-11-20 22:30,2821
2018-11-20 22:35,2808
2018-11-20 22:40,2783
2018-11-20 22:45,2766
2018-11-20 22:50,2730
2018-11-20 22:55,
2018-11-20 23:00,
2018-11-20 23:05,0
2018-11-20 23:10,2008
2018-11-20 23:15,2470
2018-11-20 23:20,2519
2018-11-20 23:25,2510
2018-11-20 23:30,2470
2018-11-20 23:35,2438
2018-11-20 23:40,2405
2018-11-20 23:45,2359
2018-11-20 23:50,2346
2018-11-20 23:55,2345
2018-11-21 00:00,2289
2018-11-21 00:05,2263
2018-11-21 00:10,2219
2018-11-21 00:15,2202
2018-11-21 00:20,2196
2018-11-21 00:25,2197
2018-11-21 00:30,2177
2018-11-21 00:35,2165
2018-11-21 00:40,2165
2018-11-21 00:45,2174
2018-11-21 00:50,2154
2018-11-21 00:55,2124
2018-11-21 01:00,2096
2018-11-21 01:05,2069
2018-11-21 01:10,2053
2018-11-21 01:15,2040
2018-11-21 01:20,2043
2018-11-21 01:25,2024
2018-11-21 01:30,2013
2018-11-21 01:35,2016
2018-11-21 01:40,2009
2018-11-21 01:45,2009
2018-11-21 01:50,2002
2018-11-21 01:55,2002
2018-11-21 02:00,1992
2018-11-21 02:05,1978
2018-11-21 02:10,1953
2018-11-21 02:15,1944
2018-11-21 02:20,1978
2018-11-21 02:25,1965
2018-11-21 02:30,1934
2018-11-21 02:35,1933
2018-11-21 02:40,1923
2018-11-21 02:45,1895
2018-11-21 02:50,1896
2018-11-21 02:55,1911
2018-11-21 03:00,1902
2018-11-21 03:05,1862
2018-11-21 03:10,1845
2018-11-21 03:15,1812
2018-11-21 03:20,1801
2018-11-21 03:25,1799
2018-11-21 03:30,1786
2018-11-21 03:35,1749
2018-11-21 03:40,1734
2018-11-21 03:45,1738
2018-11-21 03:50,1738
2018-11-21 03:55,1745
2018-11-21 04:00,1730
2018-11-21 04:05,1722
2018-11-21 04:10,1723
2018-11-21 04:15,1708
2018-11-21 04:20,1691
2018-11-21 04:25,1681
2018-11-21 04:30,1667
2018-11-21 04:35,1638
2018-11-21 04:40,1645
2018-11-21 04:45,1626
2018-11-21 04:50,1622
2018-11-21 04:55,1618
2018-11-21 05:00,1608
2018-11-21 05:05,1587
2018-11-21 05:10,1575
2018-11-21 05:15,1557
2018-11-21 05:20,1564
2018-11-21 05:25,1545
2018-11-21 05:30,1526
2018-11-21 05:35,1529
2018-11-21 05:40,1539
2018-11-21 05:45,1533
2018-11-21 05:50,1519
2018-11-21 05:55,1479
2018-11-21 06:00,1480
2018-11-21 06:05,1477
2018-11-21 06:10,1473
2018-11-21 06:15,1475
2018-11-21 06:20,1467
2018-11-21 06:25,1446
2018-11-21 06:30,1450
2018-11-21 06:35,1455
2018-11-21 06:40,1443
2018-11-21 06:45,1427
2018-11-21 06:50,1413
2018-11-21 06:55,1418
2018-11-21 07:00,1414
2018-11-21 07:05,1426
2018-11-21 07:10,1438
2018-11-21 07:15,1427
2018-11-21 07:20,1433
2018-11-21 07:25,1426
2018-11-21 07:30,1434
2018-11-21 07:35,1434
2018-11-21 07:40,1442
2018-11-21 07:45,1447
2018-11-21 07:50,1468
2018-11-21 07:55,1480
2018-11-21 08:00,1490
2018-11-21 08:05,1501
2018-11-21 08:10,1493
2018-11-21 08:15,1492
2018-11-21 08:20,1494
2018-11-21 08:25,1495
2018-11-21 08:30,1505
2018-11-21 08:35,1509
2018-11-21 08:40,1501
2018-11-21 08:45,1514
2018-11-21 08:50,1551
2018-11-21 08:55,1555
2018-11-21 09:00,1548
2018-11-21 09:05,1555
2018-11-21 09:10,1566
2018-11-21 09:15,1583
2018-11-21 09:20,1600
2018-11-21 09:25,1607
2018-11-21 09:30,1624
2018-11-21 09:35,1611
2018-11-21 09:40,1649
2018-11-21 09:45,1660
2018-11-21 09:50,1687
2018-11-21 09:55,1715
2018-11-21 10:00,1746
2018-11-21 10:05,1747
2018-11-21 10:10,1773
2018-11-21 10:15,1779
2018-11-21 10:20,1773
2018-11-21 10:25,1798
2018-11-21 10:30,1817
2018-11-21 10:35,1817
2018-11-21 10:40,1830
2018-11-21 10:45,1833
2018-11-21 10:50,1843
2018-11-21 10:55,1855
2018-11-21 11:00,1867
2018-11-21 11:05,1866
2018-11-21 11:10,1887
2018-11-21 11:15,1902
2018-11-21 11:20,1920
2018-11-21 11:25,1927
2018-11-21 11:30,1939
2018-11-21 11:35,1937
2018-11-21 11:40,1941
2018-11-21 11:45,1934
2018-11-21 11:50,1949
2018-11-21 11:55,1988
2018-11-21 12:00,1990
2018-11-21 12:05,2002
2018-11-21 12:10,2008
2018-11-21 12:15,2015
2018-11-21 12:20,2027
2018-11-21 12:25,2048
2018-11-21 12:30,2071
2018-11-21 12:35,2093
2018-11-21 12:40,2103
2018-11-21 12:45,2105
2018-11-21 12:50,2099
2018-11-21 12:55,2102
2018-11-21 13:00,2113
2018-11-21 13:05,2132
2018-11-21 13:10,2159
2018-11-21 13:15,2172
2018-11-21 13:20,2206
2018-11-21 13:25,2222
2018-11-21 13:30,2234
2018-11-21 13:35,2236
2018-11-21 13:40,2252
2018-11-21 13:45,2259
2018-11-21 13:50,2289
2018-11-21 13:55,2287
2018-11-21 14:00,2305
2018-11-21 14:05,2314
2018-11-21 14:10,2344
2018-11-21 14:15,2379
2018-11-21 14:20,2426
2018-11-21 14:25,2442
2018-11-21 14:30,2444
2018-11-21 14:35,2468
2018-11-21 14:40,2473
2018-11-21 14:45,2465
2018-11-21 14:50,2495
2018-11-21 14:55,2544
2018-11-21 15:00,2559
2018-11-21 15:05,2563
2018-11-21 15:10,2571
2018-11-21 15:15,2602
2018-11-21 15:20,2611
2018-11-21 15:25,2639
2018-11-21 15:30,2652
2018-11-21 15:35,2669
2018-11-21 15:40,2717
2018-11-21 15:45,2749
2018-11-21 15:50,2775
2018-11-21 15:55,2818
2018-11-21 16:00,2846
2018-11-21 16:05,2872
2018-11-21 16:10,2890
2018-11-21 16:15,2930
2018-11-21 16:20,2944
2018-11-21 16:25,2981
2018-11-21 16:30,2993
2018-11-21 16:35,3017
2018-11-21 16:40,3003
2018-11-21 16:45,3018
2018-11-21 16:50,3029
2018-11-21 16:55,3047
2018-11-21 17:00,3046
2018-11-21 17:05,3104
2018-11-21 17:10,3166
2018-11-21 17:15,3193
2018-11-21 17:20,3212
2018-11-21 17:25,3251
2018-11-21 17:30,3296
2018-11-21 17:35,3309
2018-11-21 17:40,3319
2018-11-21 17:45,3343
2018-11-21 17:50,3345
2018-11-21 17:55,3352
2018-11-21 18:00,3347
2018-11-21 18:05,3350
2018-11-21 18:10,3376
2018-11-21 18:15,3407
2018-11-21 18:20,3400
2018-11-21 18:25,3417
2018-11-21 18:30,3419
2018-11-21 18:35,3428
2018-11-21 18:40,3405
2018-11-21 18:45,3444
2018-11-21 18:50,3437
2018-11-21 18:55,3443
2018-11-21 19:00,3467
2018-11-21 19:05,3481
2018-11-21 19:10,3491
2018-11-21 19:15,3485
2018-11-21 19:20,3509
2018-11-21 19:25,3521
2018-11-21 19:30,3514
2018-11-21 19:35,3531
2018-11-21 19:40,3520
2018-11-21 19:45,3526
2018-11-21 19:50,3552
2018-11-21 19:55,3552
2018-11-21 20:00,3549
2018-11-21 20:05,3523
2018-11-21 20:10,3548
2018-11-21 20:15,3532
2018-11-21 20:20,3513
2018-11-21 20:25,3484
2018-11-21 20:30,3477
2018-11-21 20:35,3466
2018-11-21 20:40,3440
2018-11-21 20:45,3424
2018-11-21 20:50,3408
2018-11-21 20:55,3376
2018-11-21 21:00,3344
2018-11-21 21:05,3328
2018-11-21 21:10,3287
2018-11-21 21:15,3247
2018-11-21 21:20,3219
2018-11-21 21:25,3181
2018-11-21 21:30,3153
2018-11-21 21:35,3119
2018-11-21 21:40,3117
2018-11-21 21:45,3098
2018-11-21 21:50,3068
2018-11-21 21:55,3026
2018-11-21 22:00,3002
2018-11-21 22:05,3003
2018-11-21 22:10,2966
2018-11-21 22:15,2941
2018-11-21 22:20,2900
2018-11-21 22:25,2870
2018-11-21 22:30,2864
2018-11-21 22:35,2848
2018-11-21 22:40,2817
2018-11-21 22:45,2823
2018-11-21 22:50,2796
2018-11-21 22:55,2754
2018-11-21 23:00,2714
2018-11-21 23:05,2665
2018-11-21 23:10,2644
2018-11-21 23:15,2578
2018-11-21 23:20,2558
2018-11-21 23:25,2541
2018-11-21 23:30,2519
2018-11-21 23:35,2490
2018-11-21 23:40,2476
2018-11-21 23:45,2441
2018-11-21 23:50,2400
2018-11-21 23:55,2368
2018-11-22 00:00,2371
2018-11-22 00:05,2352
2018-11-22 00:10,2343
2018-11-22 00:15,2317
2018-11-22 00:20,2328
2018-11-22 00:25,2300
2018-11-22 00:30,2275
2018-11-22 00:35,2283
2018-11-22 00:40,2290
2018-11-22 00:45,2278
2018-11-22 00:50,2257
2018-11-22 00:55,2234
2018-11-22 01:00,2219
2018-11-22 01:05,2204
2018-11-22 01:10,2192
2018-11-22 01:15,2158
2018-11-22 01:20,2150
2018-11-22 01:25,2127
2018-11-22 01:30,2128
2018-11-22 01:35,2128
2018-11-22 01:40,2111
2018-11-22 01:45,2112
2018-11-22 01:50,2090
2018-11-22 01:55,2074
2018-11-22 02:00,2058
2018-11-22 02:05,2036
2018-11-22 02:10,2036
2018-11-22 02:15,2046
2018-11-22 02:20,2018
2018-11-22 02:25,2016
2018-11-22 02:30,2001
2018-11-22 02:35,1975
2018-11-22 02:40,1957
2018-11-22 02:45,1948
2018-11-22 02:50,1948
2018-11-22 02:55,1939
2018-11-22 03:00,1936
2018-11-22 03:05,1914
2018-11-22 03:10,1873
2018-11-22 03:15,1868
2018-11-22 03:20,1866
2018-11-22 03:25,1850
2018-11-22 03:30,1827
2018-11-22 03:35,1819
2018-11-22 03:40,1812
2018-11-22 03:45,1801
2018-11-22 03:50,1796
2018-11-22 03:55,1781
2018-11-22 04:00,1760
2018-11-22 04:05,1739
2018-11-22 04:10,1727
2018-11-22 04:15,1716
2018-11-22 04:20,1693
2018-11-22 04:25,1701
2018-11-22 04:30,1690
2018-11-22 04:35,1676
2018-11-22 04:40,1688
2018-11-22 04:45,1677
2018-11-22 04:50,1657
2018-11-22 04:55,1663
2018-11-22 05:00,1659
2018-11-22 05:05,1633
2018-11-22 05:10,1602
2018-11-22 05:15,1612
2018-11-22 05:20,1622
2018-11-22 05:25,1609
2018-11-22 05:30,1610
2018-11-22 05:35,1610
2018-11-22 05:40,1594
2018-11-22 05:45,1600
2018-11-22 05:50,1594
2018-11-22 05:55,1591
2018-11-22 06:00,1602
2018-11-22 06:05,1594
2018-11-22 06:10,1588
2018-11-22 06:15,1566
2018-11-22 06:20,1559
2018-11-22 06:25,1568
2018-11-22 06:30,1559
2018-11-22 06:35,1543
2018-11-22 06:40,1531
2018-11-22 06:45,1531
2018-11-22 06:50,1521
2018-11-22 06:55,1516
2018-11-22 07:00,1517
2018-11-22 07:05,1526
2018-11-22 07:10,1515
2018-11-22 07:15,1505
2018-11-22 07:20,1512
2018-11-22 07:25,1514
2018-11-22 07:30,1501
2018-11-22 07:35,1508
2018-11-22 07:40,1505
2018-11-22 07:45,1501
2018-11-22 07:50,1516
2018-11-22 07:55,1510
2018-11-22 08:00,1528
2018-11-22 08:05,1520
2018-11-22 08:10,1529
2018-11-22 08:15,1533
2018-11-22 08:20,1508
2018-11-22 08:25,1524
2018-11-22 08:30,1529
2018-11-22 08:35,1522
2018-11-22 08:40,1530
2018-11-22 08:45,1533
2018-11-22 08:50,1521
2018-11-22 08:55,1536
2018-11-22 09:00,1562
2018-11-22 09:05,1559
2018-11-22 09:10,1572
2018-11-22 09:15,1589
2018-11-22 09:20,1619
2018-11-22 09:25,1622
2018-11-22 09:30,1621
2018-11-22 09:35,1644
2018-11-22 09:40,1649
2018-11-22 09:45,1667
2018-11-22 09:50,1662
2018-11-22 09:55,1663
2018-11-22 10:00,1693
2018-11-22 10:05,1693
2018-11-22 10:10,1717
2018-11-22 10:15,1740
2018-11-22 10:20,1749
2018-11-22 10:25,1760
2018-11-22 10:30,1762
2018-11-22 10:35,1773
2018-11-22 10:40,1782
2018-11-22 10:45,1804
2018-11-22 10:50,1808
2018-11-22 10:55,1834
2018-11-22 11:00,1845
2018-11-22 11:05,1875
2018-11-22 11:10,1859
2018-11-22 11:15,1877
2018-11-22 11:20,1882
2018-11-22 11:25,1898
2018-11-22 11:30,1912
2018-11-22 11:35,1897
2018-11-22 11:40,1889
2018-11-22 11:45,1919
2018-11-22 11:50,1914
2018-11-22 11:55,1938
2018-11-22 12:00,1960
2018-11-22 12:05,1975
2018-11-22 12:10,1973
2018-11-22 12:15,1978
2018-11-22 12:20,2008
2018-11-22 12:25,2040
2018-11-22 12:30,2063
2018-11-22 12:35,2099
2018-11-22 12:40,2140
2018-11-22 12:45,2162
2018-11-22 12:50,2183
2018-11-22 12:55,2214
2018-11-22 13:00,2262
2018-11-22 13:05,2278
2018-11-22 13:10,2283
2018-11-22 13:15,2319
2018-11-22 13:20,2325
2018-11-22 13:25,2348
2018-11-22 13:30,2380
2018-11-22 13:35,2379
2018-11-22 13:40,2396
2018-11-22 13:45,2403
2018-11-22 13:50,2424
2018-11-22 13:55,2444
2018-11-22 14:00,2454
2018-11-22 14:05,2453
2018-11-22 14:10,2478
2018-11-22 14:15,2500
2018-11-22 14:20,2519
2018-11-22 14:25,2538
2018-11-22 14:30,2558
2018-11-22 14:35,2608
2018-11-22 14:40,2624
2018-11-22 14:45,2653
2018-11-22 14:50,2702
2018-11-22 14:55,2693
2018-11-22 15:00,2704
2018-11-22 15:05,2723
2018-11-22 15:10,2748
2018-11-22 15:15,2774
2018-11-22 15:20,2781
2018-11-22 15:25,2813
2018-11-22 15:30,2837
2018-11-22 15:35,2859
2018-11-22 15:40,2878
2018-11-22 15:45,2884
2018-11-22 15:50,2942
2018-11-22 15:55,2940
2018-11-22 16:00,2996
2018-11-22 16:05,3015
2018-11-22 16:10,3010
2018-11-22 16:15,3027
2018-11-22 16:20,3040
2018-11-22 16:25,3054
2018-11-22 16:30,3083
2018-11-22 16:35,3095
2018-11-22 16:40,3110
2018-11-22 16:45,3133
2018-11-22 16:50,3168
2018-11-22 16:55,3180
2018-11-22 17:00,3199
2018-11-22 17:05,3190
2018-11-22 17:10,3218
2018-11-22 17:15,3241
2018-11-22 17:20,3271
2018-11-22 17:25,3316
2018-11-22 17:30,3326
2018-11-22 17:35,3308
2018-11-22 17:40,3317
2018-11-22 17:45,3351
2018-11-22 17:50,3369
2018-11-22 17:55,3372
2018-11-22 18:00,3356
2018-11-22 18:05,3375
2018-11-22 18:10,3390
2018-11-22 18:15,3380
2018-11-22 18:20,3377
2018-11-22 18:25,3366
2018-11-22 18:30,3380
2018-11-22 18:35,3413
2018-11-22 18:40,3412
2018-11-22 18:45,3419
2018-11-22 18:50,3440
2018-11-22 18:55,3408
2018-11-22 19:00,3394
2018-11-22 19:05,3392
2018-11-22 19:10,3415
2018-11-22 19:15,3384
2018-11-22 19:20,3368
2018-11-22 19:25,3382
2018-11-22 19:30,3414
2018-11-22 19:35,3414
2018-11-22 19:40,3411
2018-11-22 19:45,3411
2018-11-22 19:50,3425
2018-11-22 19:55,3425
2018-11-22 20:00,3383
2018-11-22 20:05,3363
2018-11-22 20:10,3347
2018-11-22 20:15,3334
2018-11-22 20:20,3331
2018-11-22 20:25,3356
2018-11-22 20:30,3356
2018-11-22 20:35,3364
2018-11-22 20:40,3362
2018-11-22 20:45,3371
2018-11-22 20:50,3335
2018-11-22 20:55,3342
2018-11-22 21:00,3310
2018-11-22 21:05,3265
2018-11-22 21:10,3234
2018-11-22 21:15,3208
2018-11-22 21:20,3195
2018-11-22 21:25,3163
2018-11-22 21:30,3153
2018-11-22 21:35,3130
2018-11-22 21:40,3119
2018-11-22 21:45,3050
2018-11-22 21:50,3049
2018-11-22 21:55,2986
2018-11-22 22:00,2981
2018-11-22 22:05,2956
2018-11-22 22:10,2929
2018-11-22 22:15,2869
2018-11-22 22:20,2826
2018-11-22 22:25,2806
2018-11-22 22:30,2772
2018-11-22 22:35,2755
2018-11-22 22:40,2733
2018-11-22 22:45,2712
2018-11-22 22:50,2697
2018-11-22 22:55,2648
2018-11-22 23:00,2628
2018-11-22 23:05,2621
2018-11-22 23:10,2601
2018-11-22 23:15,2565
2018-11-22 23:20,2512
2018-11-22 23:25,2507
2018-11-22 23:30,2471
2018-11-22 23:35,2463
2018-11-22 23:40,2450
2018-11-22 23:45,2416
2018-11-22 23:50,2399
2018-11-22 23:55,2372
2018-11-23 00:00,2370
2018-11-23 00:05,2364
2018-11-23 00:10,2359
2018-11-23 00:15,2336
2018-11-23 00:20,2315
2018-11-23 00:25,2303
2018-11-23 00:30,2260
2018-11-23 00:35,2242
2018-11-23 00:40,2226
2018-11-23 00:45,2201
2018-11-23 00:50,2180
2018-11-23 00:55,2180
2018-11-23 01:00,2143
2018-11-23 01:05,2123
2018-11-23 01:10,2119
2018-11-23 01:15,2098
2018-11-23 01:20,2080
2018-11-23 01:25,2069
2018-11-23 01:30,2071
2018-11-23 01:35,2061
2018-11-23 01:40,2034
2018-11-23 01:45,2025
2018-11-23 01:50,2024
2018-11-23 01:55,2013
2018-11-23 02:00,2005
2018-11-23 02:05,1978
2018-11-23 02:10,1968
2018-11-23 02:15,1980
2018-11-23 02:20,1960
2018-11-23 02:25,1972
2018-11-23 02:30,1987
2018-11-23 02:35,1987
2018-11-23 02:40,1975
2018-11-23 02:45,1969
2018-11-23 02:50,1958
2018-11-23 02:55,1946
2018-11-23 03:00,1967
2018-11-23 03:05,1947
2018-11-23 03:10,1931
2018-11-23 03:15,1928
2018-11-23 03:20,1920
2018-11-23 03:25,1914
2018-11-23 03:30,1897
2018-11-23 03:35,1881
2018-11-23 03:40,1868
2018-11-23 03:45,1866
2018-11-23 03:50,1857
2018-11-23 03:55,1833
2018-11-23 04:00,1808
2018-11-23 04:05,1771
2018-11-23 04:10,1752
2018-11-23 04:15,1758
2018-11-23 04:20,1760
2018-11-23 04:25,1762
2018-11-23 04:30,1757
2018-11-23 04:35,1740
2018-11-23 04:40,1717
2018-11-23 04:45,1719
2018-11-23 04:50,1716
2018-11-23 04:55,1691
2018-11-23 05:00,1663
2018-11-23 05:05,1638
2018-11-23 05:10,1616
2018-11-23 05:15,1617
2018-11-23 05:20,1623
2018-11-23 05:25,1602
2018-11-23 05:30,1623
2018-11-23 05:35,1608
2018-11-23 05:40,1575
2018-11-23 05:45,1567
2018-11-23 05:50,1557
2018-11-23 05:55,1568
2018-11-23 06:00,1561
2018-11-23 06:05,1548
2018-11-23 06:10,1526
2018-11-23 06:15,1516
2018-11-23 06:20,1517
2018-11-23 06:25,1531
2018-11-23 06:30,1520
2018-11-23 06:35,1510
2018-11-23 06:40,1527
2018-11-23 06:45,1517
2018-11-23 06:50,1503
2018-11-23 06:55,1506
2018-11-23 07:00,1502
2018-11-23 07:05,1497
2018-11-23 07:10,1485
2018-11-23 07:15,1476
2018-11-23 07:20,1468
2018-11-23 07:25,1484
2018-11-23 07:30,1479
2018-11-23 07:35,1482
2018-11-23 07:40,1477
2018-11-23 07:45,1465
2018-11-23 07:50,1469
2018-11-23 07:55,1473
2018-11-23 08:00,1474
2018-11-23 08:05,1484
2018-11-23 08:10,1468
2018-11-23 08:15,1479
2018-11-23 08:20,1503
2018-11-23 08:25,1501
2018-11-23 08:30,1505
2018-11-23 08:35,1507
2018-11-23 08:40,1489
2018-11-23 08:45,1500
2018-11-23 08:50,1522
2018-11-23 08:55,1520
2018-11-23 09:00,1535
2018-11-23 09:05,1542
2018-11-23 09:10,1537
2018-11-23 09:15,1556
2018-11-23 09:20,1554
2018-11-23 09:25,1566
2018-11-23 09:30,1575
2018-11-23 09:35,1591
2018-11-23 09:40,1600
2018-11-23 09:45,1598
2018-11-23 09:50,1598
2018-11-23 09:55,1635
2018-11-23 10:00,1646
2018-11-23 10:05,1655
2018-11-23 10:10,1675
2018-11-23 10:15,1701
2018-11-23 10:20,1707
2018-11-23 10:25,1710
2018-11-23 10:30,1744
2018-11-23 10:35,1770
2018-11-23 10:40,1766
2018-11-23 10:45,1771
2018-11-23 10:50,1791
2018-11-23 10:55,1790
2018-11-23 11:00,1781
2018-11-23 11:05,1792
2018-11-23 11:10,1788
2018-11-23 11:15,1808
2018-11-23 11:20,1807
2018-11-23 11:25,1844
2018-11-23 11:30,1861
2018-11-23 11:35,1878
2018-11-23 11:40,1901
2018-11-23 11:45,1891
2018-11-23 11:50,1910
2018-11-23 11:55,1934
2018-11-23 12:00,1939
2018-11-23 12:05,1958
2018-11-23 12:10,1961
2018-11-23 12:15,1980
2018-11-23 12:20,1992
2018-11-23 12:25,2014
2018-11-23 12:30,2022
2018-11-23 12:35,2029
2018-11-23 12:40,2055
2018-11-23 12:45,2075
2018-11-23 12:50,2084
2018-11-23 12:55,2109
2018-11-23 13:00,2140
2018-11-23 13:05,2154
2018-11-23 13:10,2168
2018-11-23 13:15,2187
2018-11-23 13:20,2198
2018-11-23 13:25,2210
2018-11-23 13:30,2228
2018-11-23 13:35,2243
2018-11-23 13:40,2271
2018-11-23 13:45,2293
2018-11-23 13:50,2325
2018-11-23 13:55,2344
2018-11-23 14:00,2365
2018-11-23 14:05,2397
2018-11-23 14:10,2415
2018-11-23 14:15,2452
2018-11-23 14:20,2482
2018-11-23 14:25,2488
2018-11-23 14:30,2544
2018-11-23 14:35,2599
2018-11-23 14:40,2629
2018-11-23 14:45,2645
2018-11-23 14:50,2668
2018-11-23 14:55,2690
2018-11-23 15:00,2697
2018-11-23 15:05,2707
2018-11-23 15:10,2756
2018-11-23 15:15,2749
2018-11-23 15:20,2750
2018-11-23 15:25,2776
2018-11-23 15:30,2776
2018-11-23 15:35,2808
2018-11-23 15:40,2837
2018-11-23 15:45,2855
2018-11-23 15:50,2869
2018-11-23 15:55,2897
2018-11-23 16:00,2910
2018-11-23 16:05,2939
2018-11-23 16:10,2956
2018-11-23 16:15,2994
2018-11-23 16:20,3019
2018-11-23 16:25,3039
2018-11-23 16:30,3059
2018-11-23 16:35,3065
2018-11-23 16:40,3071
2018-11-23 16:45,3092
2018-11-23 16:50,3094
2018-11-23 16:55,3095
2018-11-23 17:00,3104
2018-11-23 17:05,3116
2018-11-23 17:10,3117
2018-11-23 17:15,3144
2018-11-23 17:20,3154
2018-11-23 17:25,3193
2018-11-23 17:30,3182
2018-11-23 17:35,3187
2018-11-23 17:40,3191
2018-11-23 17:45,3192
2018-11-23 17:50,3208
2018-11-23 17:55,3219
2018-11-23 18:00,3218
2018-11-23 18:05,3216
2018-11-23 18:10,3215
2018-11-23 18:15,3252
2018-11-23 18:20,3269
2018-11-23 18:25,3292
2018-11-23 18:30,3315
2018-11-23 18:35,3356
2018-11-23 18:40,3365
2018-11-23 18:45,3373
2018-11-23 18:50,3377
2018-11-23 18:55,3395
2018-11-23 19:00,3422
2018-11-23 19:05,3430
2018-11-23 19:10,3441
2018-11-23 19:15,3478
2018-11-23 19:20,3475
2018-11-23 19:25,3486
2018-11-23 19:30,3475
2018-11-23 19:35,3483
2018-11-23 19:40,3484
2018-11-23 19:45,3504
2018-11-23 19:50,3519
2018-11-23 19:55,3511
2018-11-23 20:00,3524
2018-11-23 20:05,3534
2018-11-23 20:10,3529
2018-11-23 20:15,3540
2018-11-23 20:20,3558
2018-11-23 20:25,3560
2018-11-23 20:30,3565
2018-11-23 20:35,3546
2018-11-23 20:40,3547
2018-11-23 20:45,3549
2018-11-23 20:50,3551
2018-11-23 20:55,3555
2018-11-23 21:00,3547
2018-11-23 21:05,3547
2018-11-23 21:10,3534
2018-11-23 21:15,3531
2018-11-23 21:20,3513
2018-11-23 21:25,3489
2018-11-23 21:30,3468
2018-11-23 21:35,3418
2018-11-23 21:40,3432
2018-11-23 21:45,3402
2018-11-23 21:50,3350
2018-11-23 21:55,3344
2018-11-23 22:00,3330
2018-11-23 22:05,3311
2018-11-23 22:10,3263
2018-11-23 22:15,3221
2018-11-23 22:20,3199
2018-11-23 22:25,3179
2018-11-23 22:30,3126
2018-11-23 22:35,3092
2018-11-23 22:40,3053
2018-11-23 22:45,3040
2018-11-23 22:50,3038
2018-11-23 22:55,2995
2018-11-23 23:00,2954
2018-11-23 23:05,2927
2018-11-23 23:10,2929
2018-11-23 23:15,2889
2018-11-23 23:20,2875
2018-11-23 23:25,2841
2018-11-23 23:30,2848
2018-11-23 23:35,2827
2018-11-23 23:40,2806
2018-11-23 23:45,2795
2018-11-23 23:50,2789
2018-11-23 23:55,2758
2018-11-24 00:00,2689
2018-11-24 00:05,2667
2018-11-24 00:10,2632
2018-11-24 00:15,2636
2018-11-24 00:20,2618
2018-11-24 00:25,2605
2018-11-24 00:30,2572
2018-11-24 00:35,2574
2018-11-24 00:40,2539
2018-11-24 00:45,2514
2018-11-24 00:50,2486
2018-11-24 00:55,2458
2018-11-24 01:00,2431
2018-11-24 01:05,2415
2018-11-24 01:10,2396
2018-11-24 01:15,2398
2018-11-24 01:20,2385
2018-11-24 01:25,2391
2018-11-24 01:30,2366
2018-11-24 01:35,2350
2018-11-24 01:40,2351
2018-11-24 01:45,2312
2018-11-24 01:50,2300
2018-11-24 01:55,2308
2018-11-24 02:00,2281
2018-11-24 02:05,2259
2018-11-24 02:10,2238
2018-11-24 02:15,2222
2018-11-24 02:20,2208
2018-11-24 02:25,2226
2018-11-24 02:30,2227
2018-11-24 02:35,2211
2018-11-24 02:40,2194
2018-11-24 02:45,2174
2018-11-24 02:50,2161
2018-11-24 02:55,2137
2018-11-24 03:00,2115
2018-11-24 03:05,2101
2018-11-24 03:10,2115
2018-11-24 03:15,2095
2018-11-24 03:20,2081
2018-11-24 03:25,2077
2018-11-24 03:30,2048
2018-11-24 03:35,2054
2018-11-24 03:40,2027
2018-11-24 03:45,2012
2018-11-24 03:50,2011
2018-11-24 03:55,2004
2018-11-24 04:00,1993
2018-11-24 04:05,1975
2018-11-24 04:10,1971
2018-11-24 04:15,1981
2018-11-24 04:20,1983
2018-11-24 04:25,1980
2018-11-24 04:30,1980
2018-11-24 04:35,1971
2018-11-24 04:40,1960
2018-11-24 04:45,1949
2018-11-24 04:50,1950
2018-11-24 04:55,1936
2018-11-24 05:00,1935
2018-11-24 05:05,1917
2018-11-24 05:10,1899
2018-11-24 05:15,1896
2018-11-24 05:20,1915
2018-11-24 05:25,1911
2018-11-24 05:30,1884
2018-11-24 05:35,1866
2018-11-24 05:40,1840
2018-11-24 05:45,1826
2018-11-24 05:50,1819
2018-11-24 05:55,1814
2018-11-24 06:00,1813
2018-11-24 06:05,1808
2018-11-24 06:10,1799
2018-11-24 06:15,1784
2018-11-24 06:20,1757
2018-11-24 06:25,1752
2018-11-24 06:30,1757
2018-11-24 06:35,1760
2018-11-24 06:40,1765
2018-11-24 06:45,1761
2018-11-24 06:50,1750
2018-11-24 06:55,1748
2018-11-24 07:00,1748
2018-11-24 07:05,1730
2018-11-24 07:10,1736
2018-11-24 07:15,1751
2018-11-24 07:20,1768
2018-11-24 07:25,1752
2018-11-24 07:30,1762
2018-11-24 07:35,1776
2018-11-24 07:40,1786
2018-11-24 07:45,1795
2018-11-24 07:50,1793
2018-11-24 07:55,1804
2018-11-24 08:00,1795
2018-11-24 08:05,1815
2018-11-24 08:10,1821
2018-11-24 08:15,1822
2018-11-24 08:20,1862
2018-11-24 08:25,1875
2018-11-24 08:30,1883
2018-11-24 08:35,1903
2018-11-24 08:40,1889
2018-11-24 08:45,1892
2018-11-24 08:50,1914
2018-11-24 08:55,1911
2018-11-24 09:00,1927
2018-11-24 09:05,1941
2018-11-24 09:10,1970
2018-11-24 09:15,1982
2018-11-24 09:20,1990
2018-11-24 09:25,2006
2018-11-24 09:30,2025
2018-11-24 09:35,2070
2018-11-24 09:40,2107
2018-11-24 09:45,2149
2018-11-24 09:50,2168
2018-11-24 09:55,2213
2018-11-24 10:00,2262
2018-11-24 10:05,2272
2018-11-24 10:10,2297
2018-11-24 10:15,2323
2018-11-24 10:20,2340
2018-11-24 10:25,2358
2018-11-24 10:30,2390
2018-11-24 10:35,2397
2018-11-24 10:40,2396
2018-11-24 10:45,2449
2018-11-24 10:50,2486
2018-11-24 10:55,2496
2018-11-24 11:00,2488
2018-11-24 11:05,2508
2018-11-24 11:10,2500
2018-11-24 11:15,2507
2018-11-24 11:20,2493
2018-11-24 11:25,2501
2018-11-24 11:30,2510
2018-11-24 11:35,2533
2018-11-24 11:40,2553
2018-11-24 11:45,2568
2018-11-24 11:50,2602
2018-11-24 11:55,2647
2018-11-24 12:00,2668
2018-11-24 12:05,2683
2018-11-24 12:10,2678
2018-11-24 12:15,2688
2018-11-24 12:20,2703
2018-11-24 12:25,2713
2018-11-24 12:30,2751
2018-11-24 12:35,2758
2018-11-24 12:40,2767
2018-11-24 12:45,2816
2018-11-24 12:50,2835
2018-11-24 12:55,2849
2018-11-24 13:00,2865
2018-11-24 13:05,2878
2018-11-24 13:10,2903
2018-11-24 13:15,2920
2018-11-24 13:20,2915
2018-11-24 13:25,2921
2018-11-24 13:30,2923
2018-11-24 13:35,2947
2018-11-24 13:40,2962
2018-11-24 13:45,3010
2018-11-24 13:50,3039
2018-11-24 13:55,3060
2018-11-24 14:00,3081
2018-11-24 14:05,3112
2018-11-24 14:10,3132
2018-11-24 14:15,3161
2018-11-24 14:20,3160
2018-11-24 14:25,3172
2018-11-24 14:30,3204
2018-11-24 14:35,3234
2018-11-24 14:40,3256
2018-11-24 14:45,3269
2018-11-24 14:50,3330
2018-11-24 14:55,3346
2018-11-24 15:00,3368
2018-11-24 15:05,3395
2018-11-24 15:10,3389
2018-11-24 15:15,3402
2018-11-24 15:20,3428
2018-11-24 15:25,3418
2018-11-24 15:30,3432
2018-11-24 15:35,3474
2018-11-24 15:40,3485
2018-11-24 15:45,3504
2018-11-24 15:50,3544
2018-11-24 15:55,3547
2018-11-24 16:00,3603
2018-11-24 16:05,3609
2018-11-24 16:10,3626
2018-11-24 16:15,3660
2018-11-24 16:20,3660
2018-11-24 16:25,3690
2018-11-24 16:30,3680
2018-11-24 16:35,3681
2018-11-24 16:40,3687
2018-11-24 16:45,3695
2018-11-24 16:50,3723
2018-11-24 16:55,3714
2018-11-24 17:00,3721
2018-11-24 17:05,3747
2018-11-24 17:10,3731
2018-11-24 17:15,3757
2018-11-24 17:20,3767
2018-11-24 17:25,3763
2018-11-24 17:30,3751
2018-11-24 17:35,3744
2018-11-24 17:40,3724
2018-11-24 17:45,3718
2018-11-24 17:50,3725
2018-11-24 17:55,3729
2018-11-24 18:00,3761
2018-11-24 18:05,3762
2018-11-24 18:10,3757
2018-11-24 18:15,3769
2018-11-24 18:20,3769
2018-11-24 18:25,3746
2018-11-24 18:30,3781
2018-11-24 18:35,3796
2018-11-24 18:40,3781
2018-11-24 18:45,3823
2018-11-24 18:50,3819
2018-11-24 18:55,3821
2018-11-24 19:00,3842
2018-11-24 19:05,3835
2018-11-24 19:10,3840
2018-11-24 19:15,3813
2018-11-24 19:20,3804
2018-11-24 19:25,3796
2018-11-24 19:30,3796
2018-11-24 19:35,3811
2018-11-24 19:40,3794
2018-11-24 19:45,3783
2018-11-24 19:50,3804
2018-11-24 19:55,3813
2018-11-24 20:00,3821
2018-11-24 20:05,3813
2018-11-24 20:10,3801
2018-11-24 20:15,3799
2018-11-24 20:20,3809
2018-11-24 20:25,3820
2018-11-24 20:30,3804
2018-11-24 20:35,3776
2018-11-24 20:40,3777
2018-11-24 20:45,3758
2018-11-24 20:50,3775
2018-11-24 20:55,3753
2018-11-24 21:00,3733
2018-11-24 21:05,3700
2018-11-24 21:10,3687
2018-11-24 21:15,3673
2018-11-24 21:20,3661
2018-11-24 21:25,3607
2018-11-24 21:30,3604
2018-11-24 21:35,3597
2018-11-24 21:40,3556
2018-11-24 21:45,3541
2018-11-24 21:50,3544
2018-11-24 21:55,3507
2018-11-24 22:00,3492
2018-11-24 22:05,3479
2018-11-24 22:10,3449
2018-11-24 22:15,3423
2018-11-24 22:20,3407
2018-11-24 22:25,3382
2018-11-24 22:30,3359
2018-11-24 22:35,3340
2018-11-24 22:40,3332
2018-11-24 22:45,3305
2018-11-24 22:50,3276
2018-11-24 22:55,3242
2018-11-24 23:00,3221
2018-11-24 23:05,3213
2018-11-24 23:10,3191
2018-11-24 23:15,3151
2018-11-24 23:20,3111
2018-11-24 23:25,3094
2018-11-24 23:30,3063
2018-11-24 23:35,3059
2018-11-24 23:40,3025
2018-11-24 23:45,3002
2018-11-24 23:50,2982
2018-11-24 23:55,2975
2018-11-25 00:00,2931
2018-11-25 00:05,2909
2018-11-25 00:10,2890
2018-11-25 00:15,2831
2018-11-25 00:20,2801
2018-11-25 00:25,2788
2018-11-25 00:30,2787
2018-11-25 00:35,2763
2018-11-25 00:40,2739
2018-11-25 00:45,2715
2018-11-25 00:50,2664
2018-11-25 00:55,2655
2018-11-25 01:00,2640
2018-11-25 01:05,2618
2018-11-25 01:10,2583
2018-11-25 01:15,2558
2018-11-25 01:20,2548
2018-11-25 01:25,2529
2018-11-25 01:30,2509
2018-11-25 01:35,2493
2018-11-25 01:40,2462
2018-11-25 01:45,2424
2018-11-25 01:50,2409
2018-11-25 01:55,2400
2018-11-25 02:00,2381
2018-11-25 02:05,2353
2018-11-25 02:10,2341
2018-11-25 02:15,2354
2018-11-25 02:20,2370
2018-11-25 02:25,2361
2018-11-25 02:30,2357
2018-11-25 02:35,2345
2018-11-25 02:40,2342
2018-11-25 02:45,2321
2018-11-25 02:50,2313
2018-11-25 02:55,2308
2018-11-25 03:00,2274
2018-11-25 03:05,2281
2018-11-25 03:10,2255
2018-11-25 03:15,2217
2018-11-25 03:20,2215
2018-11-25 03:25,2225
2018-11-25 03:30,2232
2018-11-25 03:35,2219
2018-11-25 03:40,2224
2018-11-25 03:45,2211
2018-11-25 03:50,2231
2018-11-25 03:55,2233
2018-11-25 04:00,2207
2018-11-25 04:05,2165
2018-11-25 04:10,2137
2018-11-25 04:15,2126
2018-11-25 04:20,2098
2018-11-25 04:25,2075
2018-11-25 04:30,2055
2018-11-25 04:35,2055
2018-11-25 04:40,2070
2018-11-25 04:45,2065
2018-11-25 04:50,2058
2018-11-25 04:55,2042
2018-11-25 05:00,1997
2018-11-25 05:05,1979
2018-11-25 05:10,1961
2018-11-25 05:15,1947
2018-11-25 05:20,1959
2018-11-25 05:25,1937
2018-11-25 05:30,1940
2018-11-25 05:35,1918
2018-11-25 05:40,1906
2018-11-25 05:45,1894
2018-11-25 05:50,1884
2018-11-25 05:55,1858
2018-11-25 06:00,1853
2018-11-25 06:05,1855
2018-11-25 06:10,1836
2018-11-25 06:15,1821
2018-11-25 06:20,1843
2018-11-25 06:25,1844
2018-11-25 06:30,1838
2018-11-25 06:35,1837
2018-11-25 06:40,1832
2018-11-25 06:45,1831
2018-11-25 06:50,1834
2018-11-25 06:55,1846
2018-11-25 07:00,1853
2018-11-25 07:05,1844
2018-11-25 07:10,1866
2018-11-25 07:15,1865
2018-11-25 07:20,1884
2018-11-25 07:25,1895
2018-11-25 07:30,1870
2018-11-25 07:35,1878
2018-11-25 07:40,1903
2018-11-25 07:45,1895
2018-11-25 07:50,1912
2018-11-25 07:55,1933
2018-11-25 08:00,1915
2018-11-25 08:05,1897
2018-11-25 08:10,1921
2018-11-25 08:15,1945
2018-11-25 08:20,1950
2018-11-25 08:25,1973
2018-11-25 08:30,1998
2018-11-25 08:35,2025
2018-11-25 08:40,2031
2018-11-25 08:45,2043
2018-11-25 08:50,2080
2018-11-25 08:55,2124
2018-11-25 09:00,2132
2018-11-25 09:05,2162
2018-11-25 09:10,2186
2018-11-25 09:15,2180
2018-11-25 09:20,2207
2018-11-25 09:25,2210
2018-11-25 09:30,2258
2018-11-25 09:35,2281
2018-11-25 09:40,2311
2018-11-25 09:45,2357
2018-11-25 09:50,2363
2018-11-25 09:55,2394
2018-11-25 10:00,2424
2018-11-25 10:05,2483
2018-11-25 10:10,2511
2018-11-25 10:15,2521
2018-11-25 10:20,2554
2018-11-25 10:25,2560
2018-11-25 10:30,2604
2018-11-25 10:35,2648
2018-11-25 10:40,2678
2018-11-25 10:45,2693
2018-11-25 10:50,2698
2018-11-25 10:55,2723
2018-11-25 11:00,2737
2018-11-25 11:05,2764
2018-11-25 11:10,2781
2018-11-25 11:15,2786
2018-11-25 11:20,2815
2018-11-25 11:25,2835
2018-11-25 11:30,2873
2018-11-25 11:35,2902
2018-11-25 11:40,2927
2018-11-25 11:45,2930
2018-11-25 11:50,2942
2018-11-25 11:55,2954
2018-11-25 12:00,2974
2018-11-25 12:05,2994
2018-11-25 12:10,3022
2018-11-25 12:15,3033
2018-11-25 12:20,3057
2018-11-25 12:25,3092
2018-11-25 12:30,3115
2018-11-25 12:35,3106
2018-11-25 12:40,3113
2018-11-25 12:45,3149
2018-11-25 12:50,3177
2018-11-25 12:55,3184
2018-11-25 13:00,3184
2018-11-25 13:05,3218
2018-11-25 13:10,3215
2018-11-25 13:15,3207
2018-11-25 13:20,3211
2018-11-25 13:25,3216
2018-11-25 13:30,3250
2018-11-25 13:35,3271
2018-11-25 13:40,3298
2018-11-25 13:45,3307
2018-11-25 13:50,3320
2018-11-25 13:55,3353
2018-11-25 14:00,3372
2018-11-25 14:05,3419
2018-11-25 14:10,3395
2018-11-25 14:15,3413
2018-11-25 14:20,3429
2018-11-25 14:25,3461
2018-11-25 14:30,3505
2018-11-25 14:35,3518
2018-11-25 14:40,3529
2018-11-25 14:45,3546
2018-11-25 14:50,3583
2018-11-25 14:55,3619
2018-11-25 15:00,3655
2018-11-25 15:05,3646
2018-11-25 15:10,3684
2018-11-25 15:15,3690
2018-11-25 15:20,3711
2018-11-25 15:25,3732
2018-11-25 15:30,3745
2018-11-25 15:35,3763
2018-11-25 15:40,3789
2018-11-25 15:45,3792
2018-11-25 15:50,3796
2018-11-25 15:55,3827
2018-11-25 16:00,3838
2018-11-25 16:05,3871
2018-11-25 16:10,3890
2018-11-25 16:15,3879
2018-11-25 16:20,3877
2018-11-25 16:25,3853
2018-11-25 16:30,3838
2018-11-25 16:35,3853
2018-11-25 16:40,3845
2018-11-25 16:45,3861
2018-11-25 16:50,3857
2018-11-25 16:55,3900
2018-11-25 17:00,3923
2018-11-25 17:05,3954
2018-11-25 17:10,3939
2018-11-25 17:15,3952
2018-11-25 17:20,3968
2018-11-25 17:25,3971
2018-11-25 17:30,4001
2018-11-25 17:35,4026
2018-11-25 17:40,4002
2018-11-25 17:45,4005
2018-11-25 17:50,3973
2018-11-25 17:55,3970
2018-11-25 18:00,3993
2018-11-25 18:05,3982
2018-11-25 18:10,3975
2018-11-25 18:15,3968
2018-11-25 18:20,3972
2018-11-25 18:25,3962
2018-11-25 18:30,3978
2018-11-25 18:35,3983
2018-11-25 18:40,3989
2018-11-25 18:45,4012
2018-11-25 18:50,3979
2018-11-25 18:55,3980
2018-11-25 19:00,3989
2018-11-25 19:05,3989
2018-11-25 19:10,3984
2018-11-25 19:15,3996
2018-11-25 19:20,3955
2018-11-25 19:25,3931
2018-11-25 19:30,3954
2018-11-25 19:35,3951
2018-11-25 19:40,3971
2018-11-25 19:45,3971
2018-11-25 19:50,3952
2018-11-25 19:55,3940
2018-11-25 20:00,3919
2018-11-25 20:05,3908
2018-11-25 20:10,3915
2018-11-25 20:15,3894
2018-11-25 20:20,3876
2018-11-25 20:25,3868
2018-11-25 20:30,3875
2018-11-25 20:35,3849
2018-11-25 20:40,3864
2018-11-25 20:45,3818
2018-11-25 20:50,3791
2018-11-25 20:55,3754
2018-11-25 21:00,3747
2018-11-25 21:05,3737
2018-11-25 21:10,3704
2018-11-25 21:15,3664
2018-11-25 21:20,3638
2018-11-25 21:25,3631
2018-11-25 21:30,3626
2018-11-25 21:35,3591
2018-11-25 21:40,3548
2018-11-25 21:45,3549
2018-11-25 21:50,3480
2018-11-25 21:55,3435
2018-11-25 22:00,3421
2018-11-25 22:05,3391
2018-11-25 22:10,3385
2018-11-25 22:15,3355
2018-11-25 22:20,3331
2018-11-25 22:25,3304
2018-11-25 22:30,3285
2018-11-25 22:35,3235
2018-11-25 22:40,3211
2018-11-25 22:45,3175
2018-11-25 22:50,3154
2018-11-25 22:55,3108
2018-11-25 23:00,3037
2018-11-25 23:05,3012
2018-11-25 23:10,2998
2018-11-25 23:15,2968
2018-11-25 23:20,2914
2018-11-25 23:25,2913
2018-11-25 23:30,2868
2018-11-25 23:35,2842
2018-11-25 23:40,2789
2018-11-25 23:45,2762
2018-11-25 23:50,2750
2018-11-25 23:55,2710
2018-11-26 00:00,2645
2018-11-26 00:05,2619
2018-11-26 00:10,2576
2018-11-26 00:15,2549
2018-11-26 00:20,2515
2018-11-26 00:25,2488
2018-11-26 00:30,2477
2018-11-26 00:35,2475
2018-11-26 00:40,2448
2018-11-26 00:45,2440
2018-11-26 00:50,2435
2018-11-26 00:55,2410
2018-11-26 01:00,2414
2018-11-26 01:05,2373
2018-11-26 01:10,2369
2018-11-26 01:15,2386
2018-11-26 01:20,2373
2018-11-26 01:25,2366
2018-11-26 01:30,2359
2018-11-26 01:35,2327
2018-11-26 01:40,2288
2018-11-26 01:45,2282
2018-11-26 01:50,2242
2018-11-26 01:55,2220
2018-11-26 02:00,2202
2018-11-26 02:05,2176
2018-11-26 02:10,2170
2018-11-26 02:15,2171
2018-11-26 02:20,2177
2018-11-26 02:25,2169
2018-11-26 02:30,2155
2018-11-26 02:35,2139
2018-11-26 02:40,2115
2018-11-26 02:45,2107
2018-11-26 02:50,2077
2018-11-26 02:55,2036
2018-11-26 03:00,2026
2018-11-26 03:05,1976
2018-11-26 03:10,1962
2018-11-26 03:15,1953
2018-11-26 03:20,1938
2018-11-26 03:25,1927
2018-11-26 03:30,1915
2018-11-26 03:35,1906
2018-11-26 03:40,1884
2018-11-26 03:45,1863
2018-11-26 03:50,1846
2018-11-26 03:55,1823
2018-11-26 04:00,1808
2018-11-26 04:05,1801
2018-11-26 04:10,1796
2018-11-26 04:15,1769
2018-11-26 04:20,1751
2018-11-26 04:25,1711
2018-11-26 04:30,1709
2018-11-26 04:35,1700
2018-11-26 04:40,1684
2018-11-26 04:45,1662
2018-11-26 04:50,1671
2018-11-26 04:55,1669
2018-11-26 05:00,1637
2018-11-26 05:05,1617
2018-11-26 05:10,1598
2018-11-26 05:15,1581
2018-11-26 05:20,1576
2018-11-26 05:25,1538
2018-11-26 05:30,1550
2018-11-26 05:35,1541
2018-11-26 05:40,1532
2018-11-26 05:45,1525
2018-11-26 05:50,1527
2018-11-26 05:55,1502
2018-11-26 06:00,1496
2018-11-26 06:05,1472
2018-11-26 06:10,1467
2018-11-26 06:15,1463
2018-11-26 06:20,1448
2018-11-26 06:25,1435
2018-11-26 06:30,1404
2018-11-26 06:35,1407
2018-11-26 06:40,1400
2018-11-26 06:45,1408
2018-11-26 06:50,1416
2018-11-26 06:55,1420
2018-11-26 07:00,1423
2018-11-26 07:05,1408
2018-11-26 07:10,1413
2018-11-26 07:15,1398
2018-11-26 07:20,1381
2018-11-26 07:25,1384
2018-11-26 07:30,1404
2018-11-26 07:35,1412
2018-11-26 07:40,1416
2018-11-26 07:45,1412
2018-11-26 07:50,1406
2018-11-26 07:55,1434
2018-11-26 08:00,1428
2018-11-26 08:05,1431
2018-11-26 08:10,1428
2018-11-26 08:15,1431
2018-11-26 08:20,1448
2018-11-26 08:25,1468
2018-11-26 08:30,1462
2018-11-26 08:35,1458
2018-11-26 08:40,1462
2018-11-26 08:45,1456
2018-11-26 08:50,1461
2018-11-26 08:55,1483
2018-11-26 09:00,1487
2018-11-26 09:05,1485
2018-11-26 09:10,1499
2018-11-26 09:15,1478
2018-11-26 09:20,1495
2018-11-26 09:25,1501
2018-11-26 09:30,1519
2018-11-26 09:35,1533
2018-11-26 09:40,1536
2018-11-26 09:45,1559
2018-11-26 09:50,1578
2018-11-26 09:55,1580
2018-11-26 10:00,1608
2018-11-26 10:05,1645
2018-11-26 10:10,1658
2018-11-26 10:15,1668
2018-11-26 10:20,1702
2018-11-26 10:25,1729
2018-11-26 10:30,1729
2018-11-26 10:35,1741
2018-11-26 10:40,1751
2018-11-26 10:45,1757
2018-11-26 10:50,1771
2018-11-26 10:55,1798
2018-11-26 11:00,1811
2018-11-26 11:05,1814
2018-11-26 11:10,1806
2018-11-26 11:15,1814
2018-11-26 11:20,1836
2018-11-26 11:25,1840
2018-11-26 11:30,1877
2018-11-26 11:35,1886
2018-11-26 11:40,1890
2018-11-26 11:45,1902
2018-11-26 11:50,1932
2018-11-26 11:55,1957
2018-11-26 12:00,1957
2018-11-26 12:05,1966
2018-11-26 12:10,1969
2018-11-26 12:15,1989
2018-11-26 12:20,1980
2018-11-26 12:25,2014
2018-11-26 12:30,2029
2018-11-26 12:35,2036
2018-11-26 12:40,2045
2018-11-26 12:45,2055
2018-11-26 12:50,2075
2018-11-26 12:55,2103
2018-11-26 13:00,2113
2018-11-26 13:05,2134
2018-11-26 13:10,2167
2018-11-26 13:15,2165
2018-11-26 13:20,2197
2018-11-26 13:25,2214
2018-11-26 13:30,2232
2018-11-26 13:35,2255
2018-11-26 13:40,2262
2018-11-26 13:45,2291
2018-11-26 13:50,2315
2018-11-26 13:55,2359
2018-11-26 14:00,2379
2018-11-26 14:05,2389
2018-11-26 14:10,2436
2018-11-26 14:15,2459
2018-11-26 14:20,2466
2018-11-26 14:25,2475
2018-11-26 14:30,2460
2018-11-26 14:35,2482
2018-11-26 14:40,2492
2018-11-26 14:45,2515
2018-11-26 14:50,2555
2018-11-26 14:55,2568
2018-11-26 15:00,2565
2018-11-26 15:05,2579
2018-11-26 15:10,2561
2018-11-26 15:15,2567
2018-11-26 15:20,2565
2018-11-26 15:25,2562
2018-11-26 15:30,2582
2018-11-26 15:35,2612
2018-11-26 15:40,2621
2018-11-26 15:45,2642
2018-11-26 15:50,2694
2018-11-26 15:55,2714
2018-11-26 16:00,2716
2018-11-26 16:05,2707
2018-11-26 16:10,2746
2018-11-26 16:15,2785
2018-11-26 16:20,2820
2018-11-26 16:25,2842
2018-11-26 16:30,2872
2018-11-26 16:35,2903
2018-11-26 16:40,2942
2018-11-26 16:45,2981
2018-11-26 16:50,2986
2018-11-26 16:55,2994
2018-11-26 17:00,3001
2018-11-26 17:05,3037
2018-11-26 17:10,3055
2018-11-26 17:15,3068
2018-11-26 17:20,3102
2018-11-26 17:25,3117
2018-11-26 17:30,3122
2018-11-26 17:35,3154
2018-11-26 17:40,3180
2018-11-26 17:45,3186
2018-11-26 17:50,3189
2018-11-26 17:55,3186
2018-11-26 18:00,3195
2018-11-26 18:05,3195
2018-11-26 18:10,3199
2018-11-26 18:15,3214
2018-11-26 18:20,3228
2018-11-26 18:25,3236
2018-11-26 18:30,3252
2018-11-26 18:35,3252
2018-11-26 18:40,3275
2018-11-26 18:45,3289
2018-11-26 18:50,3308
2018-11-26 18:55,3321
2018-11-26 19:00,3325
2018-11-26 19:05,3341
2018-11-26 19:10,3338
2018-11-26 19:15,3326
2018-11-26 19:20,3298
2018-11-26 19:25,3295
2018-11-26 19:30,3301
2018-11-26 19:35,3324
2018-11-26 19:40,3321
2018-11-26 19:45,3320
2018-11-26 19:50,3344
2018-11-26 19:55,3319
2018-11-26 20:00,3342
2018-11-26 20:05,3346
2018-11-26 20:10,3363
2018-11-26 20:15,3344
2018-11-26 20:20,3333
2018-11-26 20:25,3317
2018-11-26 20:30,3297
2018-11-26 20:35,3331
2018-11-26 20:40,3293
2018-11-26 20:45,3270
2018-11-26 20:50,3289
2018-11-26 20:55,3286
2018-11-26 21:00,3279
2018-11-26 21:05,3267
2018-11-26 21:10,3202
2018-11-26 21:15,3182
2018-11-26 21:20,3165
2018-11-26 21:25,3161
2018-11-26 21:30,3135
2018-11-26 21:35,3111
2018-11-26 21:40,3074
2018-11-26 21:45,3061
2018-11-26 21:50,3014
2018-11-26 21:55,2998
2018-11-26 22:00,2979
2018-11-26 22:05,2940
2018-11-26 22:10,2929
2018-11-26 22:15,2915
2018-11-26 22:20,2902
2018-11-26 22:25,2887
2018-11-26 22:30,2849
2018-11-26 22:35,2822
2018-11-26 22:40,2783
2018-11-26 22:45,2762
2018-11-26 22:50,2729
2018-11-26 22:55,2710
2018-11-26 23:00,2666
2018-11-26 23:05,2655
2018-11-26 23:10,2617
2018-11-26 23:15,2580
2018-11-26 23:20,2529
2018-11-26 23:25,2512
2018-11-26 23:30,2499
2018-11-26 23:35,2481
2018-11-26 23:40,2467
2018-11-26 23:45,2431
2018-11-26 23:50,2385
2018-11-26 23:55,2357
2018-11-27 00:00,2347
2018-11-27 00:05,2332
2018-11-27 00:10,2327
2018-11-27 00:15,2297
2018-11-27 00:20,2279
2018-11-27 00:25,2271
2018-11-27 00:30,2280
2018-11-27 00:35,2278
2018-11-27 00:40,2259
2018-11-27 00:45,2240
2018-11-27 00:50,2212
2018-11-27 00:55,2207
2018-11-27 01:00,2190
2018-11-27 01:05,2174
2018-11-27 01:10,2168
2018-11-27 01:15,2156
2018-11-27 01:20,2156
2018-11-27 01:25,2126
2018-11-27 01:30,2119
2018-11-27 01:35,2126
2018-11-27 01:40,2141
2018-11-27 01:45,2127
2018-11-27 01:50,2113
2018-11-27 01:55,2077
2018-11-27 02:00,2067
2018-11-27 02:05,2038
2018-11-27 02:10,2034
2018-11-27 02:15,2032
2018-11-27 02:20,2028
2018-11-27 02:25,2020
2018-11-27 02:30,2012
2018-11-27 02:35,1996
2018-11-27 02:40,1986
2018-11-27 02:45,1972
2018-11-27 02:50,1961
2018-11-27 02:55,1934
2018-11-27 03:00,1932
2018-11-27 03:05,1918
2018-11-27 03:10,1900
2018-11-27 03:15,1917
2018-11-27 03:20,1893
2018-11-27 03:25,1889
2018-11-27 03:30,1866
2018-11-27 03:35,1855
2018-11-27 03:40,1823
2018-11-27 03:45,1783
2018-11-27 03:50,1760
2018-11-27 03:55,1749
2018-11-27 04:00,1753
2018-11-27 04:05,1739
2018-11-27 04:10,1723
2018-11-27 04:15,1730
2018-11-27 04:20,1712
2018-11-27 04:25,1692
2018-11-27 04:30,1674
2018-11-27 04:35,1656
2018-11-27 04:40,1643
2018-11-27 04:45,1635
2018-11-27 04:50,1630
2018-11-27 04:55,1629
2018-11-27 05:00,1619
2018-11-27 05:05,1595
2018-11-27 05:10,1583
2018-11-27 05:15,1567
2018-11-27 05:20,1534
2018-11-27 05:25,1505
2018-11-27 05:30,1499
2018-11-27 05:35,1493
2018-11-27 05:40,1484
2018-11-27 05:45,1473
2018-11-27 05:50,1467
2018-11-27 05:55,1456
2018-11-27 06:00,1467
2018-11-27 06:05,1443
2018-11-27 06:10,1427
2018-11-27 06:15,1413
2018-11-27 06:20,1407
2018-11-27 06:25,1405
2018-11-27 06:30,1414
2018-11-27 06:35,1405
2018-11-27 06:40,1406
2018-11-27 06:45,1391
2018-11-27 06:50,1383
2018-11-27 06:55,1396
2018-11-27 07:00,1380
2018-11-27 07:05,1404
2018-11-27 07:10,1389
2018-11-27 07:15,1393
2018-11-27 07:20,1398
2018-11-27 07:25,1399
2018-11-27 07:30,1397
2018-11-27 07:35,1402
2018-11-27 07:40,1394
2018-11-27 07:45,1375
2018-11-27 07:50,1373
2018-11-27 07:55,1384
2018-11-27 08:00,1412
2018-11-27 08:05,1420
2018-11-27 08:10,1433
2018-11-27 08:15,1449
2018-11-27 08:20,1445
2018-11-27 08:25,1456
2018-11-27 08:30,1445
2018-11-27 08:35,1430
2018-11-27 08:40,1437
2018-11-27 08:45,1427
2018-11-27 08:50,1469
2018-11-27 08:55,1465
2018-11-27 09:00,1475
2018-11-27 09:05,1475
2018-11-27 09:10,1495
2018-11-27 09:15,1499
2018-11-27 09:20,1517
2018-11-27 09:25,1539
2018-11-27 09:30,1536
2018-11-27 09:35,1527
2018-11-27 09:40,1527
2018-11-27 09:45,1558
2018-11-27 09:50,1553
2018-11-27 09:55,1579
2018-11-27 10:00,1605
2018-11-27 10:05,1631
2018-11-27 10:10,1668
2018-11-27 10:15,1694
2018-11-27 10:20,1707
2018-11-27 10:25,1698
2018-11-27 10:30,1723
2018-11-27 10:35,1731
2018-11-27 10:40,1746
2018-11-27 10:45,1749
2018-11-27 10:50,1770
2018-11-27 10:55,1784
2018-11-27 11:00,1786
2018-11-27 11:05,1796
2018-11-27 11:10,1795
2018-11-27 11:15,1807
2018-11-27 11:20,1816
2018-11-27 11:25,1844
2018-11-27 11:30,1851
2018-11-27 11:35,1873
2018-11-27 11:40,1895
2018-11-27 11:45,1908
2018-11-27 11:50,1926
2018-11-27 11:55,1915
2018-11-27 12:00,1923
2018-11-27 12:05,1926
2018-11-27 12:10,1935
2018-11-27 12:15,1961
2018-11-27 12:20,1967
2018-11-27 12:25,1972
2018-11-27 12:30,1982
2018-11-27 12:35,1986
2018-11-27 12:40,1990
2018-11-27 12:45,2017
2018-11-27 12:50,2027
2018-11-27 12:55,2020
2018-11-27 13:00,2046
2018-11-27 13:05,2051
2018-11-27 13:10,2075
2018-11-27 13:15,2079
2018-11-27 13:20,2097
2018-11-27 13:25,2116
2018-11-27 13:30,2115
2018-11-27 13:35,2142
2018-11-27 13:40,2163
2018-11-27 13:45,2175
2018-11-27 13:50,2187
2018-11-27 13:55,2183
2018-11-27 14:00,2213
2018-11-27 14:05,2255
2018-11-27 14:10,2265
2018-11-27 14:15,2296
2018-11-27 14:20,2297
2018-11-27 14:25,2302
2018-11-27 14:30,2332
2018-11-27 14:35,2371
2018-11-27 14:40,2403
2018-11-27 14:45,2446
2018-11-27 14:50,2443
2018-11-27 14:55,2476
2018-11-27 15:00,2495
2018-11-27 15:05,2514
2018-11-27 15:10,2529
2018-11-27 15:15,2562
2018-11-27 15:20,2586
2018-11-27 15:25,2603
2018-11-27 15:30,2625
2018-11-27 15:35,2632
2018-11-27 15:40,2636
2018-11-27 15:45,2656
2018-11-27 15:50,2682
2018-11-27 15:55,2692
2018-11-27 16:00,2707
2018-11-27 16:05,2748
2018-11-27 16:10,2782
2018-11-27 16:15,2812
2018-11-27 16:20,2817
2018-11-27 16:25,2863
2018-11-27 16:30,2870
2018-11-27 16:35,2887
2018-11-27 16:40,2888
2018-11-27 16:45,2913
2018-11-27 16:50,2918
2018-11-27 16:55,2924
2018-11-27 17:00,2934
2018-11-27 17:05,2954
2018-11-27 17:10,2968
2018-11-27 17:15,2968
2018-11-27 17:20,2990
2018-11-27 17:25,3008
2018-11-27 17:30,3028
2018-11-27 17:35,3035
2018-11-27 17:40,3036
2018-11-27 17:45,3051
2018-11-27 17:50,3083
2018-11-27 17:55,3117
2018-11-27 18:00,3105
2018-11-27 18:05,3114
2018-11-27 18:10,3138
2018-11-27 18:15,3139
2018-11-27 18:20,3145
2018-11-27 18:25,3169
2018-11-27 18:30,3184
2018-11-27 18:35,3183
2018-11-27 18:40,3174
2018-11-27 18:45,3155
2018-11-27 18:50,3151
2018-11-27 18:55,3148
2018-11-27 19:00,3153
2018-11-27 19:05,3149
2018-11-27 19:10,3167
2018-11-27 19:15,3150
2018-11-27 19:20,3178
2018-11-27 19:25,3166
2018-11-27 19:30,3186
2018-11-27 19:35,3175
2018-11-27 19:40,3189
2018-11-27 19:45,3178
2018-11-27 19:50,3158
2018-11-27 19:55,3199
2018-11-27 20:00,3203
2018-11-27 20:05,3188
2018-11-27 20:10,3181
2018-11-27 20:15,3167
2018-11-27 20:20,3183
2018-11-27 20:25,3190
2018-11-27 20:30,3190
2018-11-27 20:35,3165
2018-11-27 20:40,3142
2018-11-27 20:45,3122
2018-11-27 20:50,3139
2018-11-27 20:55,3127
2018-11-27 21:00,3123
2018-11-27 21:05,3096
2018-11-27 21:10,3060
2018-11-27 21:15,3057
2018-11-27 21:20,3019
2018-11-27 21:25,2963
2018-11-27 21:30,2934
2018-11-27 21:35,2907
2018-11-27 21:40,2887
2018-11-27 21:45,2852
2018-11-27 21:50,2841
2018-11-27 21:55,2812
2018-11-27 22:00,2784
2018-11-27 22:05,2756
2018-11-27 22:10,2731
2018-11-27 22:15,2735
2018-11-27 22:20,2709
2018-11-27 22:25,2664
2018-11-27 22:30,2658
2018-11-27 22:35,2610
2018-11-27 22:40,2589
2018-11-27 22:45,2561
2018-11-27 22:50,2550
2018-11-27 22:55,2547
2018-11-27 23:00,2539
2018-11-27 23:05,0
2018-11-27 23:10,0
2018-11-27 23:15,1468
2018-11-27 23:20,2341
2018-11-27 23:25,2384
2018-11-27 23:30,2372
2018-11-27 23:35,2354
2018-11-27 23:40,2320
2018-11-27 23:45,2312
2018-11-27 23:50,2271
2018-11-27 23:55,2277
2018-11-28 00:00,2240
2018-11-28 00:05,2232
2018-11-28 00:10,2230
2018-11-28 00:15,2211
2018-11-28 00:20,2216
2018-11-28 00:25,2230
2018-11-28 00:30,2219
2018-11-28 00:35,2192
2018-11-28 00:40,2197
2018-11-28 00:45,2191
2018-11-28 00:50,2171
2018-11-28 00:55,2147
2018-11-28 01:00,2137
2018-11-28 01:05,2131
2018-11-28 01:10,2121
2018-11-28 01:15,2090
2018-11-28 01:20,2072
2018-11-28 01:25,2061
2018-11-28 01:30,2036
2018-11-28 01:35,2062
2018-11-28 01:40,2043
2018-11-28 01:45,2054
2018-11-28 01:50,2036
2018-11-28 01:55,2008
2018-11-28 02:00,2008
2018-11-28 02:05,1976
2018-11-28 02:10,1960
2018-11-28 02:15,1945
2018-11-28 02:20,1937
2018-11-28 02:25,1938
2018-11-28 02:30,1931
2018-11-28 02:35,1930
2018-11-28 02:40,1893
2018-11-28 02:45,1883
2018-11-28 02:50,1862
2018-11-28 02:55,1835
2018-11-28 03:00,1825
2018-11-28 03:05,1800
2018-11-28 03:10,1767
2018-11-28 03:15,1761
2018-11-28 03:20,1748
2018-11-28 03:25,1740
2018-11-28 03:30,1729
2018-11-28 03:35,1728
2018-11-28 03:40,1713
2018-11-28 03:45,1714
2018-11-28 03:50,1702
2018-11-28 03:55,1679
2018-11-28 04:00,1661
2018-11-28 04:05,1640
2018-11-28 04:10,1608
2018-11-28 04:15,1585
2018-11-28 04:20,1568
2018-11-28 04:25,1571
2018-11-28 04:30,1547
2018-11-28 04:35,1517
2018-11-28 04:40,1530
2018-11-28 04:45,1518
2018-11-28 04:50,1490
2018-11-28 04:55,1489
2018-11-28 05:00,1475
2018-11-28 05:05,1456
2018-11-28 05:10,1448
2018-11-28 05:15,1439
2018-11-28 05:20,1432
2018-11-28 05:25,1423
2018-11-28 05:30,1424
2018-11-28 05:35,1411
2018-11-28 05:40,1383
2018-11-28 05:45,1382
2018-11-28 05:50,1380
2018-11-28 05:55,1351
2018-11-28 06:00,1364
2018-11-28 06:05,1377
2018-11-28 06:10,1377
2018-11-28 06:15,1355
2018-11-28 06:20,1364
2018-11-28 06:25,1358
2018-11-28 06:30,1361
2018-11-28 06:35,1353
2018-11-28 06:40,1338
2018-11-28 06:45,1331
2018-11-28 06:50,1313
2018-11-28 06:55,1308
2018-11-28 07:00,1314
2018-11-28 07:05,1305
2018-11-28 07:10,1309
2018-11-28 07:15,1315
2018-11-28 07:20,1314
2018-11-28 07:25,1315
2018-11-28 07:30,1312
2018-11-28 07:35,1309
2018-11-28 07:40,1296
2018-11-28 07:45,1302
2018-11-28 07:50,1312
2018-11-28 07:55,1306
2018-11-28 08:00,1311
2018-11-28 08:05,1309
2018-11-28 08:10,1322
2018-11-28 08:15,1323
2018-11-28 08:20,1332
2018-11-28 08:25,1331
2018-11-28 08:30,1334
2018-11-28 08:35,1323
2018-11-28 08:40,1331
2018-11-28 08:45,1348
2018-11-28 08:50,1358
2018-11-28 08:55,1366
2018-11-28 09:00,1375
2018-11-28 09:05,1400
2018-11-28 09:10,1408
2018-11-28 09:15,1422
2018-11-28 09:20,1437
2018-11-28 09:25,1450
2018-11-28 09:30,1468
2018-11-28 09:35,1471
2018-11-28 09:40,1481
2018-11-28 09:45,1486
2018-11-28 09:50,1493
2018-11-28 09:55,1517
2018-11-28 10:00,1543
2018-11-28 10:05,1580
2018-11-28 10:10,1567
2018-11-28 10:15,1568
2018-11-28 10:20,1588
2018-11-28 10:25,1606
2018-11-28 10:30,1615
2018-11-28 10:35,1643
2018-11-28 10:40,1694
2018-11-28 10:45,1686
2018-11-28 10:50,1718
2018-11-28 10:55,1723
2018-11-28 11:00,1743
2018-11-28 11:05,1751
2018-11-28 11:10,1750
2018-11-28 11:15,1772
2018-11-28 11:20,1794
2018-11-28 11:25,1814
2018-11-28 11:30,1854
2018-11-28 11:35,1876
2018-11-28 11:40,1882
2018-11-28 11:45,1885
2018-11-28 11:50,1883
2018-11-28 11:55,1894
2018-11-28 12:00,1897
2018-11-28 12:05,1898
2018-11-28 12:10,1903
2018-11-28 12:15,1916
2018-11-28 12:20,1945
2018-11-28 12:25,1948
2018-11-28 12:30,1937
2018-11-28 12:35,1954
2018-11-28 12:40,1972
2018-11-28 12:45,1982
2018-11-28 12:50,2001
2018-11-28 12:55,2014
2018-11-28 13:00,2024
2018-11-28 13:05,2040
2018-11-28 13:10,2061
2018-11-28 13:15,2074
2018-11-28 13:20,2095
2018-11-28 13:25,2107
2018-11-28 13:30,2143
2018-11-28 13:35,2171
2018-11-28 13:40,2182
2018-11-28 13:45,2195
2018-11-28 13:50,2180
2018-11-28 13:55,2213
2018-11-28 14:00,2196
2018-11-28 14:05,2208
2018-11-28 14:10,2225
2018-11-28 14:15,2229
2018-11-28 14:20,2254
2018-11-28 14:25,2247
2018-11-28 14:30,2263
2018-11-28 14:35,2280
2018-11-28 14:40,2286
2018-11-28 14:45,2303
2018-11-28 14:50,2333
2018-11-28 14:55,2333
2018-11-28 15:00,2327
2018-11-28 15:05,2349
2018-11-28 15:10,2385
2018-11-28 15:15,2386
2018-11-28 15:20,2428
2018-11-28 15:25,2453
2018-11-28 15:30,2488
2018-11-28 15:35,2505
2018-11-28 15:40,2542
2018-11-28 15:45,2539
2018-11-28 15:50,2525
2018-11-28 15:55,2543
2018-11-28 16:00,2574
2018-11-28 16:05,2575
2018-11-28 16:10,2603
2018-11-28 16:15,2614
2018-11-28 16:20,2645
2018-11-28 16:25,2667
2018-11-28 16:30,2648
2018-11-28 16:35,2709
2018-11-28 16:40,2735
2018-11-28 16:45,2755
2018-11-28 16:50,2751
2018-11-28 16:55,2802
2018-11-28 17:00,2808
2018-11-28 17:05,2862
2018-11-28 17:10,2869
2018-11-28 17:15,2883
2018-11-28 17:20,2894
2018-11-28 17:25,2897
2018-11-28 17:30,2909
2018-11-28 17:35,2935
2018-11-28 17:40,2932
2018-11-28 17:45,2987
2018-11-28 17:50,2995
2018-11-28 17:55,2988
2018-11-28 18:00,2981
2018-11-28 18:05,3004
2018-11-28 18:10,3017
2018-11-28 18:15,3026
2018-11-28 18:20,3022
2018-11-28 18:25,3013
2018-11-28 18:30,3018
2018-11-28 18:35,3044
2018-11-28 18:40,3052
2018-11-28 18:45,3067
2018-11-28 18:50,3063
2018-11-28 18:55,3062
2018-11-28 19:00,3063
2018-11-28 19:05,3059
2018-11-28 19:10,3073
2018-11-28 19:15,3089
2018-11-28 19:20,3086
2018-11-28 19:25,3092
2018-11-28 19:30,3107
2018-11-28 19:35,3098
2018-11-28 19:40,3094
2018-11-28 19:45,3106
2018-11-28 19:50,3107
2018-11-28 19:55,3104
2018-11-28 20:00,3094
2018-11-28 20:05,3086
2018-11-28 20:10,3101
2018-11-28 20:15,3086
2018-11-28 20:20,3080
2018-11-28 20:25,3064
2018-11-28 20:30,3069
2018-11-28 20:35,3062
2018-11-28 20:40,3064
2018-11-28 20:45,3049
2018-11-28 20:50,3044
2018-11-28 20:55,3027
2018-11-28 21:00,3008
2018-11-28 21:05,2981
2018-11-28 21:10,2942
2018-11-28 21:15,2925
2018-11-28 21:20,2913
2018-11-28 21:25,2921
2018-11-28 21:30,2918
2018-11-28 21:35,
2018-11-28 21:40,2875
2018-11-28 21:45,2819
2018-11-28 21:50,2801
2018-11-28 21:55,2762
2018-11-28 22:00,2752
2018-11-28 22:05,2721
2018-11-28 22:10,2696
2018-11-28 22:15,2670
2018-11-28 22:20,2670
2018-11-28 22:25,2632
2018-11-28 22:30,2599
2018-11-28 22:35,2582
2018-11-28 22:40,2549
2018-11-28 22:45,2547
2018-11-28 22:50,2539
2018-11-28 22:55,2515
2018-11-28 23:00,2484
2018-11-28 23:05,2346
2018-11-28 23:10,2338
2018-11-28 23:15,2301
2018-11-28 23:20,2301
2018-11-28 23:25,2292
2018-11-28 23:30,2281
2018-11-28 23:35,2259
2018-11-28 23:40,2245
2018-11-28 23:45,2240
2018-11-28 23:50,2235
2018-11-28 23:55,2223
2018-11-29 00:00,2203
2018-11-29 00:05,2169
2018-11-29 00:10,2153
2018-11-29 00:15,2165
2018-11-29 00:20,2148
2018-11-29 00:25,2127
2018-11-29 00:30,2112
2018-11-29 00:35,2112
2018-11-29 00:40,2099
2018-11-29 00:45,2066
2018-11-29 00:50,2070
2018-11-29 00:55,2061
2018-11-29 01:00,0
2018-11-29 01:05,2058
2018-11-29 01:10,2059
2018-11-29 01:15,2061
2018-11-29 01:20,2014
2018-11-29 01:25,2002
2018-11-29 01:30,1989
2018-11-29 01:35,1992
2018-11-29 01:40,1983
2018-11-29 01:45,1970
2018-11-29 01:50,1955
2018-11-29 01:55,1950
2018-11-29 02:00,1938
2018-11-29 02:05,1901
2018-11-29 02:10,1907
2018-11-29 02:15,1896
2018-11-29 02:20,1895
2018-11-29 02:25,1883
2018-11-29 02:30,1869
2018-11-29 02:35,1850
2018-11-29 02:40,1838
2018-11-29 02:45,1818
2018-11-29 02:50,1818
2018-11-29 02:55,1783
2018-11-29 03:00,1756
2018-11-29 03:05,1748
2018-11-29 03:10,1744
2018-11-29 03:15,1723
2018-11-29 03:20,1713
2018-11-29 03:25,1702
2018-11-29 03:30,1696
2018-11-29 03:35,1692
2018-11-29 03:40,1673
2018-11-29 03:45,1658
2018-11-29 03:50,1648
2018-11-29 03:55,1637
2018-11-29 04:00,1619
2018-11-29 04:05,1598
2018-11-29 04:10,1592
2018-11-29 04:15,1589
2018-11-29 04:20,1589
2018-11-29 04:25,1581
2018-11-29 04:30,1570
2018-11-29 04:35,1561
2018-11-29 04:40,1566
2018-11-29 04:45,1562
2018-11-29 04:50,1569
2018-11-29 04:55,1559
2018-11-29 05:00,1538
2018-11-29 05:05,1508
2018-11-29 05:10,1505
2018-11-29 05:15,1489
2018-11-29 05:20,1476
2018-11-29 05:25,1478
2018-11-29 05:30,1463
2018-11-29 05:35,1447
2018-11-29 05:40,1422
2018-11-29 05:45,1405
2018-11-29 05:50,1417
2018-11-29 05:55,1395
2018-11-29 06:00,1395
2018-11-29 06:05,1373
2018-11-29 06:10,1384
2018-11-29 06:15,1373
2018-11-29 06:20,1371
2018-11-29 06:25,1368
2018-11-29 06:30,1375
2018-11-29 06:35,1373
2018-11-29 06:40,
2018-11-29 06:45,1374
2018-11-29 06:50,1363
2018-11-29 06:55,1341
2018-11-29 07:00,1315
2018-11-29 07:05,1318
2018-11-29 07:10,1317
2018-11-29 07:15,1312
2018-11-29 07:20,1350
2018-11-29 07:25,1350
2018-11-29 07:30,1344
2018-11-29 07:35,1347
2018-11-29 07:40,1356
2018-11-29 07:45,1349
2018-11-29 07:50,1346
2018-11-29 07:55,1345
2018-11-29 08:00,1344
2018-11-29 08:05,1337
2018-11-29 08:10,1327
2018-11-29 08:15,1332
2018-11-29 08:20,1340
2018-11-29 08:25,1345
2018-11-29 08:30,1363
2018-11-29 08:35,1368
2018-11-29 08:40,1398
2018-11-29 08:45,1411
2018-11-29 08:50,1423
2018-11-29 08:55,1424
2018-11-29 09:00,1444
2018-11-29 09:05,1455
2018-11-29 09:10,1462
2018-11-29 09:15,1467
2018-11-29 09:20,1479
2018-11-29 09:25,1481
2018-11-29 09:30,1505
2018-11-29 09:35,1519
2018-11-29 09:40,1503
2018-11-29 09:45,1516
2018-11-29 09:50,1556
2018-11-29 09:55,1578
2018-11-29 10:00,1590
2018-11-29 10:05,1618
2018-11-29 10:10,1621
2018-11-29 10:15,1623
2018-11-29 10:20,1639
2018-11-29 10:25,1653
2018-11-29 10:30,1649
2018-11-29 10:35,1656
2018-11-29 10:40,1677
2018-11-29 10:45,1673
2018-11-29 10:50,1695
2018-11-29 10:55,1708
2018-11-29 11:00,1710
2018-11-29 11:05,1706
2018-11-29 11:10,1704
2018-11-29 11:15,1691
2018-11-29 11:20,1698
2018-11-29 11:25,1715
2018-11-29 11:30,1725
2018-11-29 11:35,1726
2018-11-29 11:40,1743
2018-11-29 11:45,1733
2018-11-29 11:50,1741
2018-11-29 11:55,1774
2018-11-29 12:00,1781
2018-11-29 12:05,1783
2018-11-29 12:10,1805
2018-11-29 12:15,1835
2018-11-29 12:20,1868
2018-11-29 12:25,1862
2018-11-29 12:30,1899
2018-11-29 12:35,1903
2018-11-29 12:40,1952
2018-11-29 12:45,1956
2018-11-29 12:50,1962
2018-11-29 12:55,1978
2018-11-29 13:00,1997
2018-11-29 13:05,2001
2018-11-29 13:10,2008
2018-11-29 13:15,2005
2018-11-29 13:20,2036
2018-11-29 13:25,2037
2018-11-29 13:30,2046
2018-11-29 13:35,2067
2018-11-29 13:40,2095
2018-11-29 13:45,2139
2018-11-29 13:50,2154
2018-11-29 13:55,2173
2018-11-29 14:00,2182
2018-11-29 14:05,2155
2018-11-29 14:10,2156
2018-11-29 14:15,2172
2018-11-29 14:20,2171
2018-11-29 14:25,2171
2018-11-29 14:30,2181
2018-11-29 14:35,2199
2018-11-29 14:40,2194
2018-11-29 14:45,2169
2018-11-29 14:50,2154
2018-11-29 14:55,2091
2018-11-29 15:00,1972
2018-11-29 15:05,1363
2018-11-29 15:10,1328
2018-11-29 15:15,1330
2018-11-29 15:20,1345
2018-11-29 15:25,1347
2018-11-29 15:30,1373
2018-11-29 15:35,1346
2018-11-29 15:40,1364
2018-11-29 15:45,1371
2018-11-29 15:50,1388
2018-11-29 15:55,1396
2018-11-29 16:00,1419
2018-11-29 16:05,1458
2018-11-29 16:10,1578
2018-11-29 16:15,1706
2018-11-29 16:20,1836
2018-11-29 16:25,1935
2018-11-29 16:30,2043
2018-11-29 16:35,2168
2018-11-29 16:40,2257
2018-11-29 16:45,2366
2018-11-29 16:50,2442
2018-11-29 16:55,2505
2018-11-29 17:00,2593
2018-11-29 17:05,2662
2018-11-29 17:10,2730
2018-11-29 17:15,2809
2018-11-29 17:20,2842
2018-11-29 17:25,2901
2018-11-29 17:30,2960
2018-11-29 17:35,3028
2018-11-29 17:40,3059
2018-11-29 17:45,3105
2018-11-29 17:50,3130
2018-11-29 17:55,3148
2018-11-29 18:00,3181
2018-11-29 18:05,3193
2018-11-29 18:10,3200
2018-11-29 18:15,3198
2018-11-29 18:20,3198
2018-11-29 18:25,3187
2018-11-29 18:30,3184
2018-11-29 18:35,3211
2018-11-29 18:40,3202
2018-11-29 18:45,3203
2018-11-29 18:50,3203
2018-11-29 18:55,3228
2018-11-29 19:00,3262
2018-11-29 19:05,3269
2018-11-29 19:10,3265
2018-11-29 19:15,3294
2018-11-29 19:20,3295
2018-11-29 19:25,3287
2018-11-29 19:30,3302
2018-11-29 19:35,3292
2018-11-29 19:40,3277
2018-11-29 19:45,3286
2018-11-29 19:50,3266
2018-11-29 19:55,3268
2018-11-29 20:00,3285
2018-11-29 20:05,3278
2018-11-29 20:10,3253
2018-11-29 20:15,3249
2018-11-29 20:20,3229
2018-11-29 20:25,3237
2018-11-29 20:30,3223
2018-11-29 20:35,3223
2018-11-29 20:40,3198
2018-11-29 20:45,3165
2018-11-29 20:50,3156
2018-11-29 20:55,3171
2018-11-29 21:00,3179
2018-11-29 21:05,3154
2018-11-29 21:10,3133
2018-11-29 21:15,3096
2018-11-29 21:20,3087
2018-11-29 21:25,3052
2018-11-29 21:30,3024
2018-11-29 21:35,2996
2018-11-29 21:40,2982
2018-11-29 21:45,2953
2018-11-29 21:50,2932
2018-11-29 21:55,2904
2018-11-29 22:00,2881
2018-11-29 22:05,2841
2018-11-29 22:10,2815
2018-11-29 22:15,2751
2018-11-29 22:20,2734
2018-11-29 22:25,2725
2018-11-29 22:30,2714
2018-11-29 22:35,2705
2018-11-29 22:40,2688
2018-11-29 22:45,2694
2018-11-29 22:50,2656
2018-11-29 22:55,2624
2018-11-29 23:00,2584
2018-11-29 23:05,2559
2018-11-29 23:10,2532
2018-11-29 23:15,2525
2018-11-29 23:20,2497
2018-11-29 23:25,2481
2018-11-29 23:30,2470
2018-11-29 23:35,2443
2018-11-29 23:40,2421
2018-11-29 23:45,2397
2018-11-29 23:50,2394
2018-11-29 23:55,2371
2018-11-30 00:00,2363
2018-11-30 00:05,2332
2018-11-30 00:10,2327
2018-11-30 00:15,2301
2018-11-30 00:20,2267
2018-11-30 00:25,2261
2018-11-30 00:30,2262
2018-11-30 00:35,2232
2018-11-30 00:40,2245
2018-11-30 00:45,2229
2018-11-30 00:50,2203
2018-11-30 00:55,2209
2018-11-30 01:00,2167
2018-11-30 01:05,2098
2018-11-30 01:10,2061
2018-11-30 01:15,2029
2018-11-30 01:20,2041
2018-11-30 01:25,
2018-11-30 01:30,2014
2018-11-30 01:35,2023
2018-11-30 01:40,2006
2018-11-30 01:45,1976
2018-11-30 01:50,1973
2018-11-30 01:55,1959
2018-11-30 02:00,1970
2018-11-30 02:05,1966
2018-11-30 02:10,1964
2018-11-30 02:15,1950
2018-11-30 02:20,1928
2018-11-30 02:25,1951
2018-11-30 02:30,1962
2018-11-30 02:35,1955
2018-11-30 02:40,1951
2018-11-30 02:45,1952
2018-11-30 02:50,1970
2018-11-30 02:55,1947
2018-11-30 03:00,1936
2018-11-30 03:05,1922
2018-11-30 03:10,1876
2018-11-30 03:15,1877
2018-11-30 03:20,1861
2018-11-30 03:25,1867
2018-11-30 03:30,1864
2018-11-30 03:35,1849
2018-11-30 03:40,1841
2018-11-30 03:45,1807
2018-11-30 03:50,1784
2018-11-30 03:55,1776
2018-11-30 04:00,1756
2018-11-30 04:05,1750
2018-11-30 04:10,1713
2018-11-30 04:15,1701
2018-11-30 04:20,1688
2018-11-30 04:25,1670
2018-11-30 04:30,1662
2018-11-30 04:35,1641
2018-11-30 04:40,1634
2018-11-30 04:45,1627
2018-11-30 04:50,1624
2018-11-30 04:55,1625
2018-11-30 05:00,1605
2018-11-30 05:05,1582
2018-11-30 05:10,1571
2018-11-30 05:15,1558
2018-11-30 05:20,1544
2018-11-30 05:25,1524
2018-11-30 05:30,1530
2018-11-30 05:35,1504
2018-11-30 05:40,1509
2018-11-30 05:45,1496
2018-11-30 05:50,1485
2018-11-30 05:55,1470
2018-11-30 06:00,1472
2018-11-30 06:05,1471
2018-11-30 06:10,1460
2018-11-30 06:15,1461
2018-11-30 06:20,1446
2018-11-30 06:25,1429
2018-11-30 06:30,1418
2018-11-30 06:35,1410
2018-11-30 06:40,1414
2018-11-30 06:45,1392
2018-11-30 06:50,1394
2018-11-30 06:55,1386
2018-11-30 07:00,1382
2018-11-30 07:05,1385
2018-11-30 07:10,1402
2018-11-30 07:15,1397
2018-11-30 07:20,1404
2018-11-30 07:25,1396
2018-11-30 07:30,1391
2018-11-30 07:35,1390
2018-11-30 07:40,1397
2018-11-30 07:45,1401
2018-11-30 07:50,1404
2018-11-30 07:55,1418
2018-11-30 08:00,1427
2018-11-30 08:05,1419
2018-11-30 08:10,1437
2018-11-30 08:15,1435
2018-11-30 08:20,1451
2018-11-30 08:25,1478
2018-11-30 08:30,1478
2018-11-30 08:35,1493
2018-11-30 08:40,1517
2018-11-30 08:45,1513
2018-11-30 08:50,1521
2018-11-30 08:55,1527
2018-11-30 09:00,1538
2018-11-30 09:05,1537
2018-11-30 09:10,1539
2018-11-30 09:15,1561
2018-11-30 09:20,1575
2018-11-30 09:25,1566
2018-11-30 09:30,1583
2018-11-30 09:35,1601
2018-11-30 09:40,1593
2018-11-30 09:45,1603
2018-11-30 09:50,1645
2018-11-30 09:55,1651
2018-11-30 10:00,1652
2018-11-30 10:05,1687
2018-11-30 10:10,1705
2018-11-30 10:15,1728
2018-11-30 10:20,1767
2018-11-30 10:25,1777
2018-11-30 10:30,1784
2018-11-30 10:35,1826
2018-11-30 10:40,1832
2018-11-30 10:45,1855
2018-11-30 10:50,1841
2018-11-30 10:55,1858
2018-11-30 11:00,1876
2018-11-30 11:05,1890
2018-11-30 11:10,1902
2018-11-30 11:15,1915
2018-11-30 11:20,1913
2018-11-30 11:25,1941
2018-11-30 11:30,1952
2018-11-30 11:35,1975
2018-11-30 11:40,1953
2018-11-30 11:45,1965
2018-11-30 11:50,1978
2018-11-30 11:55,1999
2018-11-30 12:00,1998
2018-11-30 12:05,2029
2018-11-30 12:10,2026
2018-11-30 12:15,2028
2018-11-30 12:20,2040
2018-11-30 12:25,2072
2018-11-30 12:30,2071
2018-11-30 12:35,2091
2018-11-30 12:40,2107
2018-11-30 12:45,2117
2018-11-30 12:50,2122
2018-11-30 12:55,2120
2018-11-30 13:00,2126
2018-11-30 13:05,2127
2018-11-30 13:10,2157
2018-11-30 13:15,2172
2018-11-30 13:20,2190
2018-11-30 13:25,2225
2018-11-30 13:30,2230
2018-11-30 13:35,2232
2018-11-30 13:40,2241
2018-11-30 13:45,2279
2018-11-30 13:50,2283
2018-11-30 13:55,2295
2018-11-30 14:00,2309
2018-11-30 14:05,2328
2018-11-30 14:10,2340
2018-11-30 14:15,2351
2018-11-30 14:20,2394
2018-11-30 14:25,2406
2018-11-30 14:30,2403
2018-11-30 14:35,2423
2018-11-30 14:40,2453
2018-11-30 14:45,2464
2018-11-30 14:50,2463
2018-11-30 14:55,2512
2018-11-30 15:00,2557
2018-11-30 15:05,2565
2018-11-30 15:10,2576
2018-11-30 15:15,2577
2018-11-30 15:20,2600
2018-11-30 15:25,2612
2018-11-30 15:30,2627
2018-11-30 15:35,2650
2018-11-30 15:40,2663
2018-11-30 15:45,2670
2018-11-30 15:50,2661
2018-11-30 15:55,2686
2018-11-30 16:00,2734
2018-11-30 16:05,2737
2018-11-30 16:10,2753
2018-11-30 16:15,2737
2018-11-30 16:20,2762
2018-11-30 16:25,2761
2018-11-30 16:30,2774
2018-11-30 16:35,2788
2018-11-30 16:40,2800
2018-11-30 16:45,2807
2018-11-30 16:50,2829
2018-11-30 16:55,2845
2018-11-30 17:00,2845
2018-11-30 17:05,2878
2018-11-30 17:10,2890
2018-11-30 17:15,2915
2018-11-30 17:20,2917
2018-11-30 17:25,2939
2018-11-30 17:30,2961
2018-11-30 17:35,2960
2018-11-30 17:40,2964
2018-11-30 17:45,3005
2018-11-30 17:50,2980
2018-11-30 17:55,2975
2018-11-30 18:00,3007
2018-11-30 18:05,3031
2018-11-30 18:10,3060
2018-11-30 18:15,3094
2018-11-30 18:20,3087
2018-11-30 18:25,3121
2018-11-30 18:30,3100
2018-11-30 18:35,3103
2018-11-30 18:40,3130
2018-11-30 18:45,3141
2018-11-30 18:50,3145
2018-11-30 18:55,3195
2018-11-30 19:00,3181
2018-11-30 19:05,3172
2018-11-30 19:10,3191
2018-11-30 19:15,3156
2018-11-30 19:20,3207
2018-11-30 19:25,3239
2018-11-30 19:30,3217
2018-11-30 19:35,3215
2018-11-30 19:40,3221
2018-11-30 19:45,3246
2018-11-30 19:50,3239
2018-11-30 19:55,3243
2018-11-30 20:00,3247
2018-11-30 20:05,3252
2018-11-30 20:10,3266
2018-11-30 20:15,3256
2018-11-30 20:20,3255
2018-11-30 20:25,3254
2018-11-30 20:30,3284
2018-11-30 20:35,3263
2018-11-30 20:40,3264
2018-11-30 20:45,3245
2018-11-30 20:50,3226
2018-11-30 20:55,3233
2018-11-30 21:00,3211
2018-11-30 21:05,3177
2018-11-30 21:10,3190
2018-11-30 21:15,3182
2018-11-30 21:20,3159
2018-11-30 21:25,3169
2018-11-30 21:30,3127
2018-11-30 21:35,3092
2018-11-30 21:40,3068
2018-11-30 21:45,3041
2018-11-30 21:50,3065
2018-11-30 21:55,3038
2018-11-30 22:00,3029
2018-11-30 22:05,3009
2018-11-30 22:10,2972
2018-11-30 22:15,2958
2018-11-30 22:20,2932
2018-11-30 22:25,2881
2018-11-30 22:30,2862
2018-11-30 22:35,2848
2018-11-30 22:40,2814
2018-11-30 22:45,2771
2018-11-30 22:50,2764
2018-11-30 22:55,2720
2018-11-30 23:00,2696
2018-11-30 23:05,2635
2018-11-30 23:10,2586
2018-11-30 23:15,2574
2018-11-30 23:20,2533
2018-11-30 23:25,2502
2018-11-30 23:30,2522
2018-11-30 23:35,2503
2018-11-30 23:40,2483
2018-11-30 23:45,2462
2018-11-30 23:50,2455
2018-11-30 23:55,2439
2018-12-01 00:00,2429
2018-12-01 00:05,2395
2018-12-01 00:10,2360
2018-12-01 00:15,2332
2018-12-01 00:20,2349
2018-12-01 00:25,2345
2018-12-01 00:30,2302
2018-12-01 00:35,2331
2018-12-01 00:40,2316
2018-12-01 00:45,2292
2018-12-01 00:50,2281
2018-12-01 00:55,2258
2018-12-01 01:00,2237
2018-12-01 01:05,2207
2018-12-01 01:10,2204
2018-12-01 01:15,2166
2018-12-01 01:20,2146
2018-12-01 01:25,2129
2018-12-01 01:30,2120
2018-12-01 01:35,2116
2018-12-01 01:40,2092
2018-12-01 01:45,2110
2018-12-01 01:50,2106
2018-12-01 01:55,2093
2018-12-01 02:00,2088
2018-12-01 02:05,2088
2018-12-01 02:10,2079
2018-12-01 02:15,2072
2018-12-01 02:20,2064
2018-12-01 02:25,2065
2018-12-01 02:30,2054
2018-12-01 02:35,2064
2018-12-01 02:40,2058
2018-12-01 02:45,2038
2018-12-01 02:50,2059
2018-12-01 02:55,2060
2018-12-01 03:00,2061
2018-12-01 03:05,2025
2018-12-01 03:10,2024
2018-12-01 03:15,2024
2018-12-01 03:20,2008
2018-12-01 03:25,1997
2018-12-01 03:30,2005
2018-12-01 03:35,1980
2018-12-01 03:40,1964
2018-12-01 03:45,1943
2018-12-01 03:50,1921
2018-12-01 03:55,1921
2018-12-01 04:00,1914
2018-12-01 04:05,1898
2018-12-01 04:10,1893
2018-12-01 04:15,1869
2018-12-01 04:20,1868
2018-12-01 04:25,1842
2018-12-01 04:30,1821
2018-12-01 04:35,1824
2018-12-01 04:40,1809
2018-12-01 04:45,1794
2018-12-01 04:50,1802
2018-12-01 04:55,1802
2018-12-01 05:00,1780
2018-12-01 05:05,1760
2018-12-01 05:10,1735
2018-12-01 05:15,1718
2018-12-01 05:20,1727
2018-12-01 05:25,1707
2018-12-01 05:30,1699
2018-12-01 05:35,1707
2018-12-01 05:40,1708
2018-12-01 05:45,1708
2018-12-01 05:50,1700
2018-12-01 05:55,1689
2018-12-01 06:00,1672
2018-12-01 06:05,1659
2018-12-01 06:10,1660
2018-12-01 06:15,1646
2018-12-01 06:20,1652
2018-12-01 06:25,1657
2018-12-01 06:30,1660
2018-12-01 06:35,1657
2018-12-01 06:40,1648
2018-12-01 06:45,1645
2018-12-01 06:50,1642
2018-12-01 06:55,1642
2018-12-01 07:00,1649
2018-12-01 07:05,1650
2018-12-01 07:10,1665
2018-12-01 07:15,1685
2018-12-01 07:20,1708
2018-12-01 07:25,1691
2018-12-01 07:30,1697
2018-12-01 07:35,1679
2018-12-01 07:40,1705
2018-12-01 07:45,1703
2018-12-01 07:50,1699
2018-12-01 07:55,1724
2018-12-01 08:00,1745
2018-12-01 08:05,1749
2018-12-01 08:10,1756
2018-12-01 08:15,1770
2018-12-01 08:20,1792
2018-12-01 08:25,1807
2018-12-01 08:30,1800
2018-12-01 08:35,1801
2018-12-01 08:40,1828
2018-12-01 08:45,1850
2018-12-01 08:50,1875
2018-12-01 08:55,1906
2018-12-01 09:00,1923
2018-12-01 09:05,1949
2018-12-01 09:10,1964
2018-12-01 09:15,1978
2018-12-01 09:20,2010
2018-12-01 09:25,2042
2018-12-01 09:30,2048
2018-12-01 09:35,2068
2018-12-01 09:40,2076
2018-12-01 09:45,2067
2018-12-01 09:50,2088
2018-12-01 09:55,2114
2018-12-01 10:00,2116
2018-12-01 10:05,2144
2018-12-01 10:10,2164
2018-12-01 10:15,2181
2018-12-01 10:20,2222
2018-12-01 10:25,2256
2018-12-01 10:30,2275
2018-12-01 10:35,2298
2018-12-01 10:40,2319
2018-12-01 10:45,2347
2018-12-01 10:50,2359
2018-12-01 10:55,2393
2018-12-01 11:00,2398
2018-12-01 11:05,2394
2018-12-01 11:10,2444
2018-12-01 11:15,2446
2018-12-01 11:20,2459
2018-12-01 11:25,2481
2018-12-01 11:30,2497
2018-12-01 11:35,2513
2018-12-01 11:40,2519
2018-12-01 11:45,2516
2018-12-01 11:50,2542
2018-12-01 11:55,2570
2018-12-01 12:00,2593
2018-12-01 12:05,2598
2018-12-01 12:10,2592
2018-12-01 12:15,2615
2018-12-01 12:20,2631
2018-12-01 12:25,2657
2018-12-01 12:30,2669
2018-12-01 12:35,2685
2018-12-01 12:40,2699
2018-12-01 12:45,2716
2018-12-01 12:50,2761
2018-12-01 12:55,2781
2018-12-01 13:00,2786
2018-12-01 13:05,2811
2018-12-01 13:10,2834
2018-12-01 13:15,2847
2018-12-01 13:20,2879
2018-12-01 13:25,2886
2018-12-01 13:30,2892
2018-12-01 13:35,2916
2018-12-01 13:40,2959
2018-12-01 13:45,2976
2018-12-01 13:50,2982
2018-12-01 13:55,2984
2018-12-01 14:00,3011
2018-12-01 14:05,3016
2018-12-01 14:10,3046
2018-12-01 14:15,3062
2018-12-01 14:20,3056
2018-12-01 14:25,3103
2018-12-01 14:30,3128
2018-12-01 14:35,3134
2018-12-01 14:40,3145
2018-12-01 14:45,3170
2018-12-01 14:50,3192
2018-12-01 14:55,3214
2018-12-01 15:00,3251
2018-12-01 15:05,3251
2018-12-01 15:10,3268
2018-12-01 15:15,3299
2018-12-01 15:20,3300
2018-12-01 15:25,3318
2018-12-01 15:30,3344
2018-12-01 15:35,3364
2018-12-01 15:40,3378
2018-12-01 15:45,3371
2018-12-01 15:50,3376
2018-12-01 15:55,3412
2018-12-01 16:00,3445
2018-12-01 16:05,3445
2018-12-01 16:10,3455
2018-12-01 16:15,3473
2018-12-01 16:20,3480
2018-12-01 16:25,3494
2018-12-01 16:30,3526
2018-12-01 16:35,3533
2018-12-01 16:40,3567
2018-12-01 16:45,3555
2018-12-01 16:50,3595
2018-12-01 16:55,3594
2018-12-01 17:00,3617
2018-12-01 17:05,3622
2018-12-01 17:10,3628
2018-12-01 17:15,3615
2018-12-01 17:20,3622
2018-12-01 17:25,3648
2018-12-01 17:30,3623
2018-12-01 17:35,3620
2018-12-01 17:40,3611
2018-12-01 17:45,3627
2018-12-01 17:50,3635
2018-12-01 17:55,3658
2018-12-01 18:00,3653
2018-12-01 18:05,3626
2018-12-01 18:10,3617
2018-12-01 18:15,3600
2018-12-01 18:20,3617
2018-12-01 18:25,3626
2018-12-01 18:30,3659
2018-12-01 18:35,3672
2018-12-01 18:40,3649
2018-12-01 18:45,3628
2018-12-01 18:50,3658
2018-12-01 18:55,3644
2018-12-01 19:00,3661
2018-12-01 19:05,3664
2018-12-01 19:10,3686
2018-12-01 19:15,3665
2018-12-01 19:20,3657
2018-12-01 19:25,3638
2018-12-01 19:30,3659
2018-12-01 19:35,3664
2018-12-01 19:40,3630
2018-12-01 19:45,3642
2018-12-01 19:50,3643
2018-12-01 19:55,3645
2018-12-01 20:00,3653
2018-12-01 20:05,3643
2018-12-01 20:10,3646
2018-12-01 20:15,3618
2018-12-01 20:20,3620
2018-12-01 20:25,3600
2018-12-01 20:30,3583
2018-12-01 20:35,3586
2018-12-01 20:40,3589
2018-12-01 20:45,3591
2018-12-01 20:50,3593
2018-12-01 20:55,3601
2018-12-01 21:00,3564
2018-12-01 21:05,3561
2018-12-01 21:10,3563
2018-12-01 21:15,3534
2018-12-01 21:20,3528
2018-12-01 21:25,3513
2018-12-01 21:30,3481
2018-12-01 21:35,3473
2018-12-01 21:40,3463
2018-12-01 21:45,3457
2018-12-01 21:50,3433
2018-12-01 21:55,3439
2018-12-01 22:00,3426
2018-12-01 22:05,3418
2018-12-01 22:10,3412
2018-12-01 22:15,3410
2018-12-01 22:20,3377
2018-12-01 22:25,3334
2018-12-01 22:30,3301
2018-12-01 22:35,3290
2018-12-01 22:40,3265
2018-12-01 22:45,3243
2018-12-01 22:50,3215
2018-12-01 22:55,3165
2018-12-01 23:00,3118
2018-12-01 23:05,3125
2018-12-01 23:10,3114
2018-12-01 23:15,3088
2018-12-01 23:20,3055
2018-12-01 23:25,3001
2018-12-01 23:30,2970
2018-12-01 23:35,2934
2018-12-01 23:40,2904
2018-12-01 23:45,2903
2018-12-01 23:50,2871
2018-12-01 23:55,2834
2018-12-02 00:00,2832
2018-12-02 00:05,2806
2018-12-02 00:10,2771
2018-12-02 00:15,2736
2018-12-02 00:20,2734
2018-12-02 00:25,2697
2018-12-02 00:30,2661
2018-12-02 00:35,2647
2018-12-02 00:40,2619
2018-12-02 00:45,2582
2018-12-02 00:50,2570
2018-12-02 00:55,2552
2018-12-02 01:00,2556
2018-12-02 01:05,2539
2018-12-02 01:10,2534
2018-12-02 01:15,2504
2018-12-02 01:20,2479
2018-12-02 01:25,2473
2018-12-02 01:30,2465
2018-12-02 01:35,2452
2018-12-02 01:40,2451
2018-12-02 01:45,2433
2018-12-02 01:50,2438
2018-12-02 01:55,2424
2018-12-02 02:00,2418
2018-12-02 02:05,2381
2018-12-02 02:10,2375
2018-12-02 02:15,2372
2018-12-02 02:20,2370
2018-12-02 02:25,2365
2018-12-02 02:30,2358
2018-12-02 02:35,2342
2018-12-02 02:40,2344
2018-12-02 02:45,2343
2018-12-02 02:50,2309
2018-12-02 02:55,2305
2018-12-02 03:00,2279
2018-12-02 03:05,2273
2018-12-02 03:10,2257
2018-12-02 03:15,2247
2018-12-02 03:20,2226
2018-12-02 03:25,2236
2018-12-02 03:30,2234
2018-12-02 03:35,2220
2018-12-02 03:40,2192
2018-12-02 03:45,2179
2018-12-02 03:50,2176
2018-12-02 03:55,2129
2018-12-02 04:00,2116
2018-12-02 04:05,2096
2018-12-02 04:10,2088
2018-12-02 04:15,2063
2018-12-02 04:20,2038
2018-12-02 04:25,2036
2018-12-02 04:30,2029
2018-12-02 04:35,2025
2018-12-02 04:40,1997
2018-12-02 04:45,1981
2018-12-02 04:50,1979
2018-12-02 04:55,1972
2018-12-02 05:00,1966
2018-12-02 05:05,1955
2018-12-02 05:10,1941
2018-12-02 05:15,1922
2018-12-02 05:20,1914
2018-12-02 05:25,1906
2018-12-02 05:30,1902
2018-12-02 05:35,1893
2018-12-02 05:40,1893
2018-12-02 05:45,1899
2018-12-02 05:50,1875
2018-12-02 05:55,1852
2018-12-02 06:00,1852
2018-12-02 06:05,1849
2018-12-02 06:10,1884
2018-12-02 06:15,1881
2018-12-02 06:20,1890
2018-12-02 06:25,1876
2018-12-02 06:30,1875
2018-12-02 06:35,1885
2018-12-02 06:40,1907
2018-12-02 06:45,1933
2018-12-02 06:50,1922
2018-12-02 06:55,1928
2018-12-02 07:00,1917
2018-12-02 07:05,1917
2018-12-02 07:10,1920
2018-12-02 07:15,1910
2018-12-02 07:20,1903
2018-12-02 07:25,1902
2018-12-02 07:30,1898
2018-12-02 07:35,1927
2018-12-02 07:40,1907
2018-12-02 07:45,1900
2018-12-02 07:50,1914
2018-12-02 07:55,1922
2018-12-02 08:00,1919
2018-12-02 08:05,1920
2018-12-02 08:10,1924
2018-12-02 08:15,1923
2018-12-02 08:20,1949
2018-12-02 08:25,1971
2018-12-02 08:30,1997
2018-12-02 08:35,2041
2018-12-02 08:40,2064
2018-12-02 08:45,2096
2018-12-02 08:50,2107
2018-12-02 08:55,2122
2018-12-02 09:00,2152
2018-12-02 09:05,2163
2018-12-02 09:10,2201
2018-12-02 09:15,2243
2018-12-02 09:20,2276
2018-12-02 09:25,2319
2018-12-02 09:30,2325
2018-12-02 09:35,2358
2018-12-02 09:40,2377
2018-12-02 09:45,2393
2018-12-02 09:50,2415
2018-12-02 09:55,2451
2018-12-02 10:00,2498
2018-12-02 10:05,2537
2018-12-02 10:10,2596
2018-12-02 10:15,2627
2018-12-02 10:20,2654
2018-12-02 10:25,2681
2018-12-02 10:30,2711
2018-12-02 10:35,2719
2018-12-02 10:40,2742
2018-12-02 10:45,2738
2018-12-02 10:50,2782
2018-12-02 10:55,2765
2018-12-02 11:00,2768
2018-12-02 11:05,2785
2018-12-02 11:10,2815
2018-12-02 11:15,2796
2018-12-02 11:20,2789
2018-12-02 11:25,2793
2018-12-02 11:30,2812
2018-12-02 11:35,2839
2018-12-02 11:40,2853
2018-12-02 11:45,2897
2018-12-02 11:50,2904
2018-12-02 11:55,2907
2018-12-02 12:00,2915
2018-12-02 12:05,2929
2018-12-02 12:10,2966
2018-12-02 12:15,2965
2018-12-02 12:20,2969
2018-12-02 12:25,2977
2018-12-02 12:30,2995
2018-12-02 12:35,3039
2018-12-02 12:40,3043
2018-12-02 12:45,3054
2018-12-02 12:50,3068
2018-12-02 12:55,3096
2018-12-02 13:00,3097
2018-12-02 13:05,3119
2018-12-02 13:10,3109
2018-12-02 13:15,3143
2018-12-02 13:20,3161
2018-12-02 13:25,3179
2018-12-02 13:30,3210
2018-12-02 13:35,3240
2018-12-02 13:40,3255
2018-12-02 13:45,3275
2018-12-02 13:50,3310
2018-12-02 13:55,3332
2018-12-02 14:00,3320
2018-12-02 14:05,3317
2018-12-02 14:10,3338
2018-12-02 14:15,3367
2018-12-02 14:20,3408
2018-12-02 14:25,3415
2018-12-02 14:30,3442
2018-12-02 14:35,3448
2018-12-02 14:40,3450
2018-12-02 14:45,3463
2018-12-02 14:50,3471
2018-12-02 14:55,3500
2018-12-02 15:00,3523
2018-12-02 15:05,3495
2018-12-02 15:10,3497
2018-12-02 15:15,3514
2018-12-02 15:20,3530
2018-12-02 15:25,3540
2018-12-02 15:30,3532
2018-12-02 15:35,3534
2018-12-02 15:40,3560
2018-12-02 15:45,3559
2018-12-02 15:50,3565
2018-12-02 15:55,3556
2018-12-02 16:00,3568
2018-12-02 16:05,3611
2018-12-02 16:10,3647
2018-12-02 16:15,3652
2018-12-02 16:20,3676
2018-12-02 16:25,3705
2018-12-02 16:30,3717
2018-12-02 16:35,3698
2018-12-02 16:40,3739
2018-12-02 16:45,3721
2018-12-02 16:50,3724
2018-12-02 16:55,3754
2018-12-02 17:00,3772
2018-12-02 17:05,3744
2018-12-02 17:10,3747
2018-12-02 17:15,3749
2018-12-02 17:20,3756
2018-12-02 17:25,3774
2018-12-02 17:30,3808
2018-12-02 17:35,3796
2018-12-02 17:40,3801
2018-12-02 17:45,3811
2018-12-02 17:50,3863
2018-12-02 17:55,3833
2018-12-02 18:00,3840
2018-12-02 18:05,3857
2018-12-02 18:10,3861
2018-12-02 18:15,3856
2018-12-02 18:20,3859
2018-12-02 18:25,3877
2018-12-02 18:30,3853
2018-12-02 18:35,3850
2018-12-02 18:40,3845
2018-12-02 18:45,3874
2018-12-02 18:50,3872
2018-12-02 18:55,3886
2018-12-02 19:00,3888
2018-12-02 19:05,3875
2018-12-02 19:10,3870
2018-12-02 19:15,3885
2018-12-02 19:20,3878
2018-12-02 19:25,3875
2018-12-02 19:30,3866
2018-12-02 19:35,3861
2018-12-02 19:40,3865
2018-12-02 19:45,3874
2018-12-02 19:50,3845
2018-12-02 19:55,3854
2018-12-02 20:00,3843
2018-12-02 20:05,3841
2018-12-02 20:10,3829
2018-12-02 20:15,3816
2018-12-02 20:20,3804
2018-12-02 20:25,3787
2018-12-02 20:30,3770
2018-12-02 20:35,3746
2018-12-02 20:40,3761
2018-12-02 20:45,3755
2018-12-02 20:50,3732
2018-12-02 20:55,3703
2018-12-02 21:00,3632
2018-12-02 21:05,3625
2018-12-02 21:10,3589
2018-12-02 21:15,3539
2018-12-02 21:20,3506
2018-12-02 21:25,3481
2018-12-02 21:30,3476
2018-12-02 21:35,3446
2018-12-02 21:40,3427
2018-12-02 21:45,3365
2018-12-02 21:50,3339
2018-12-02 21:55,3294
2018-12-02 22:00,3280
2018-12-02 22:05,3223
2018-12-02 22:10,3186
2018-12-02 22:15,3178
2018-12-02 22:20,3142
2018-12-02 22:25,3110
2018-12-02 22:30,3086
2018-12-02 22:35,3037
2018-12-02 22:40,3021
2018-12-02 22:45,2984
2018-12-02 22:50,2972
2018-12-02 22:55,2927
2018-12-02 23:00,2899
2018-12-02 23:05,2870
2018-12-02 23:10,2822
2018-12-02 23:15,2782
2018-12-02 23:20,2764
2018-12-02 23:25,2739
2018-12-02 23:30,2703
2018-12-02 23:35,2675
2018-12-02 23:40,2676
2018-12-02 23:45,2640
2018-12-02 23:50,2631
2018-12-02 23:55,2592
2018-12-03 00:00,2557
2018-12-03 00:05,2509
2018-12-03 00:10,2474
2018-12-03 00:15,2450
2018-12-03 00:20,2426
2018-12-03 00:25,2434
2018-12-03 00:30,2415
2018-12-03 00:35,2396
2018-12-03 00:40,2369
2018-12-03 00:45,2364
2018-12-03 00:50,2341
2018-12-03 00:55,2309
2018-12-03 01:00,2297
2018-12-03 01:05,2298
2018-12-03 01:10,2284
2018-12-03 01:15,2289
2018-12-03 01:20,2261
2018-12-03 01:25,2245
2018-12-03 01:30,2230
2018-12-03 01:35,2237
2018-12-03 01:40,2206
2018-12-03 01:45,2202
2018-12-03 01:50,2175
2018-12-03 01:55,2141
2018-12-03 02:00,2146
2018-12-03 02:05,2139
2018-12-03 02:10,2105
2018-12-03 02:15,2089
2018-12-03 02:20,2072
2018-12-03 02:25,2058
2018-12-03 02:30,2025
2018-12-03 02:35,2003
2018-12-03 02:40,2007
2018-12-03 02:45,1998
2018-12-03 02:50,1995
2018-12-03 02:55,1996
2018-12-03 03:00,1970
2018-12-03 03:05,1961
2018-12-03 03:10,1933
2018-12-03 03:15,1911
2018-12-03 03:20,1915
2018-12-03 03:25,1922
2018-12-03 03:30,1906
2018-12-03 03:35,1886
2018-12-03 03:40,1878
2018-12-03 03:45,1854
2018-12-03 03:50,1856
2018-12-03 03:55,1851
2018-12-03 04:00,1824
2018-12-03 04:05,1819
2018-12-03 04:10,1789
2018-12-03 04:15,1764
2018-12-03 04:20,1749
2018-12-03 04:25,1726
2018-12-03 04:30,1684
2018-12-03 04:35,1693
2018-12-03 04:40,1688
2018-12-03 04:45,1686
2018-12-03 04:50,1663
2018-12-03 04:55,1635
2018-12-03 05:00,1636
2018-12-03 05:05,1612
2018-12-03 05:10,1622
2018-12-03 05:15,1623
2018-12-03 05:20,1605
2018-12-03 05:25,1582
2018-12-03 05:30,1580
2018-12-03 05:35,1563
2018-12-03 05:40,1544
2018-12-03 05:45,1546
2018-12-03 05:50,1566
2018-12-03 05:55,1564
2018-12-03 06:00,1531
2018-12-03 06:05,1504
2018-12-03 06:10,1502
2018-12-03 06:15,1501
2018-12-03 06:20,1499
2018-12-03 06:25,1493
2018-12-03 06:30,1488
2018-12-03 06:35,1490
2018-12-03 06:40,1475
2018-12-03 06:45,1458
2018-12-03 06:50,1450
2018-12-03 06:55,1451
2018-12-03 07:00,1444
2018-12-03 07:05,1428
2018-12-03 07:10,1422
2018-12-03 07:15,1415
2018-12-03 07:20,1425
2018-12-03 07:25,1421
2018-12-03 07:30,1426
2018-12-03 07:35,1426
2018-12-03 07:40,1424
2018-12-03 07:45,1441
2018-12-03 07:50,1442
2018-12-03 07:55,1456
2018-12-03 08:00,1462
2018-12-03 08:05,1460
2018-12-03 08:10,1457
2018-12-03 08:15,1478
2018-12-03 08:20,1478
2018-12-03 08:25,1476
2018-12-03 08:30,1464
2018-12-03 08:35,1493
2018-12-03 08:40,1492
2018-12-03 08:45,1502
2018-12-03 08:50,1521
2018-12-03 08:55,1517
2018-12-03 09:00,1534
2018-12-03 09:05,1529
2018-12-03 09:10,1553
2018-12-03 09:15,1554
2018-12-03 09:20,1567
2018-12-03 09:25,1557
2018-12-03 09:30,1562
2018-12-03 09:35,1582
2018-12-03 09:40,1583
2018-12-03 09:45,1611
2018-12-03 09:50,1617
2018-12-03 09:55,1629
2018-12-03 10:00,1663
2018-12-03 10:05,1712
2018-12-03 10:10,1737
2018-12-03 10:15,1746
2018-12-03 10:20,1766
2018-12-03 10:25,1781
2018-12-03 10:30,1800
2018-12-03 10:35,1809
2018-12-03 10:40,1817
2018-12-03 10:45,1825
2018-12-03 10:50,1842
2018-12-03 10:55,1861
2018-12-03 11:00,1855
2018-12-03 11:05,1882
2018-12-03 11:10,1886
2018-12-03 11:15,1885
2018-12-03 11:20,1881
2018-12-03 11:25,1897
2018-12-03 11:30,1907
2018-12-03 11:35,1917
2018-12-03 11:40,1929
2018-12-03 11:45,1936
2018-12-03 11:50,1954
2018-12-03 11:55,1956
2018-12-03 12:00,1945
2018-12-03 12:05,1951
2018-12-03 12:10,1957
2018-12-03 12:15,1989
2018-12-03 12:20,1992
2018-12-03 12:25,2051
2018-12-03 12:30,2079
2018-12-03 12:35,2080
2018-12-03 12:40,2097
2018-12-03 12:45,2094
2018-12-03 12:50,2126
2018-12-03 12:55,2152
2018-12-03 13:00,2166
2018-12-03 13:05,2194
2018-12-03 13:10,2213
2018-12-03 13:15,2205
2018-12-03 13:20,2204
2018-12-03 13:25,2224
2018-12-03 13:30,2239
2018-12-03 13:35,2259
2018-12-03 13:40,2276
2018-12-03 13:45,2317
2018-12-03 13:50,2339
2018-12-03 13:55,2354
2018-12-03 14:00,2342
2018-12-03 14:05,2390
2018-12-03 14:10,2394
2018-12-03 14:15,2412
2018-12-03 14:20,2428
2018-12-03 14:25,2432
2018-12-03 14:30,2426
2018-12-03 14:35,2441
2018-12-03 14:40,2471
2018-12-03 14:45,2480
2018-12-03 14:50,2500
2018-12-03 14:55,2516
2018-12-03 15:00,2517
2018-12-03 15:05,2517
2018-12-03 15:10,2546
2018-12-03 15:15,2551
2018-12-03 15:20,2583
2018-12-03 15:25,2611
2018-12-03 15:30,2630
2018-12-03 15:35,2675
2018-12-03 15:40,2707
2018-12-03 15:45,2737
2018-12-03 15:50,2770
2018-12-03 15:55,2777
2018-12-03 16:00,2807
2018-12-03 16:05,2797
2018-12-03 16:10,2818
2018-12-03 16:15,2862
2018-12-03 16:20,2881
2018-12-03 16:25,2896
2018-12-03 16:30,2929
2018-12-03 16:35,2949
2018-12-03 16:40,2971
2018-12-03 16:45,3000
2018-12-03 16:50,3036
2018-12-03 16:55,3047
2018-12-03 17:00,3049
2018-12-03 17:05,3067
2018-12-03 17:10,3084
2018-12-03 17:15,3115
2018-12-03 17:20,3130
2018-12-03 17:25,3140
2018-12-03 17:30,3140
2018-12-03 17:35,3174
2018-12-03 17:40,3182
2018-12-03 17:45,3187
2018-12-03 17:50,3201
2018-12-03 17:55,3204
2018-12-03 18:00,3204
2018-12-03 18:05,3190
2018-12-03 18:10,3191
2018-12-03 18:15,3174
2018-12-03 18:20,3182
2018-12-03 18:25,3178
2018-12-03 18:30,3197
2018-12-03 18:35,3205
2018-12-03 18:40,3196
2018-12-03 18:45,3203
2018-12-03 18:50,3253
2018-12-03 18:55,3268
2018-12-03 19:00,3270
2018-12-03 19:05,3278
2018-12-03 19:10,3288
2018-12-03 19:15,3291
2018-12-03 19:20,3293
2018-12-03 19:25,3280
2018-12-03 19:30,3291
2018-12-03 19:35,3292
2018-12-03 19:40,3274
2018-12-03 19:45,3291
2018-12-03 19:50,3291
2018-12-03 19:55,3280
2018-12-03 20:00,3290
2018-12-03 20:05,3298
2018-12-03 20:10,3315
2018-12-03 20:15,3299
2018-12-03 20:20,3300
2018-12-03 20:25,3313
2018-12-03 20:30,3299
2018-12-03 20:35,3296
2018-12-03 20:40,3303
2018-12-03 20:45,3272
2018-12-03 20:50,3280
2018-12-03 20:55,3254
2018-12-03 21:00,3220
2018-12-03 21:05,3195
2018-12-03 21:10,3165
2018-12-03 21:15,3124
2018-12-03 21:20,3082
2018-12-03 21:25,3064
2018-12-03 21:30,3024
2018-12-03 21:35,3014
2018-12-03 21:40,3012
2018-12-03 21:45,3006
2018-12-03 21:50,2974
2018-12-03 21:55,2949
2018-12-03 22:00,2942
2018-12-03 22:05,2925
2018-12-03 22:10,2903
2018-12-03 22:15,2878
2018-12-03 22:20,2868
2018-12-03 22:25,2833
2018-12-03 22:30,2774
2018-12-03 22:35,2749
2018-12-03 22:40,2707
2018-12-03 22:45,2679
2018-12-03 22:50,2641
2018-12-03 22:55,2606
2018-12-03 23:00,2594
2018-12-03 23:05,2569
2018-12-03 23:10,2551
2018-12-03 23:15,2533
2018-12-03 23:20,2504
2018-12-03 23:25,2480
2018-12-03 23:30,2480
2018-12-03 23:35,2463
2018-12-03 23:40,2467
2018-12-03 23:45,2459
2018-12-03 23:50,2423
2018-12-03 23:55,2396
2018-12-04 00:00,2369
2018-12-04 00:05,2362
2018-12-04 00:10,2333
2018-12-04 00:15,2315
2018-12-04 00:20,2296
2018-12-04 00:25,2266
2018-12-04 00:30,2237
2018-12-04 00:35,2219
2018-12-04 00:40,2216
2018-12-04 00:45,2205
2018-12-04 00:50,2188
2018-12-04 00:55,2169
2018-12-04 01:00,2168
2018-12-04 01:05,2164
2018-12-04 01:10,2157
2018-12-04 01:15,2129
2018-12-04 01:20,2103
2018-12-04 01:25,2095
2018-12-04 01:30,2088
2018-12-04 01:35,2081
2018-12-04 01:40,2077
2018-12-04 01:45,2093
2018-12-04 01:50,2086
2018-12-04 01:55,2049
2018-12-04 02:00,2022
2018-12-04 02:05,2028
2018-12-04 02:10,2018
2018-12-04 02:15,2002
2018-12-04 02:20,1995
2018-12-04 02:25,1982
2018-12-04 02:30,1981
2018-12-04 02:35,1985
2018-12-04 02:40,1988
2018-12-04 02:45,1997
2018-12-04 02:50,1989
2018-12-04 02:55,1966
2018-12-04 03:00,1943
2018-12-04 03:05,1919
2018-12-04 03:10,1903
2018-12-04 03:15,1885
2018-12-04 03:20,1885
2018-12-04 03:25,1868
2018-12-04 03:30,1852
2018-12-04 03:35,1830
2018-12-04 03:40,1814
2018-12-04 03:45,1792
2018-12-04 03:50,1776
2018-12-04 03:55,1739
2018-12-04 04:00,1709
2018-12-04 04:05,1684
2018-12-04 04:10,1678
2018-12-04 04:15,1671
2018-12-04 04:20,1676
2018-12-04 04:25,1662
2018-12-04 04:30,1646
2018-12-04 04:35,1641
2018-12-04 04:40,1630
2018-12-04 04:45,1642
2018-12-04 04:50,1630
2018-12-04 04:55,1606
2018-12-04 05:00,1587
2018-12-04 05:05,1567
2018-12-04 05:10,1542
2018-12-04 05:15,1522
2018-12-04 05:20,1512
2018-12-04 05:25,1486
2018-12-04 05:30,1466
2018-12-04 05:35,1459
2018-12-04 05:40,1465
2018-12-04 05:45,1477
2018-12-04 05:50,1453
2018-12-04 05:55,1455
2018-12-04 06:00,1429
2018-12-04 06:05,1420
2018-12-04 06:10,1410
2018-12-04 06:15,1419
2018-12-04 06:20,1411
2018-12-04 06:25,1401
2018-12-04 06:30,1400
2018-12-04 06:35,1380
2018-12-04 06:40,1367
2018-12-04 06:45,1362
2018-12-04 06:50,1355
2018-12-04 06:55,1335
2018-12-04 07:00,1324
2018-12-04 07:05,1325
2018-12-04 07:10,1336
2018-12-04 07:15,1349
2018-12-04 07:20,1351
2018-12-04 07:25,1352
2018-12-04 07:30,1360
2018-12-04 07:35,1368
2018-12-04 07:40,1368
2018-12-04 07:45,1369
2018-12-04 07:50,1380
2018-12-04 07:55,1396
2018-12-04 08:00,1410
2018-12-04 08:05,1419
2018-12-04 08:10,1413
2018-12-04 08:15,1411
2018-12-04 08:20,1420
2018-12-04 08:25,1419
2018-12-04 08:30,1423
2018-12-04 08:35,1450
2018-12-04 08:40,1460
2018-12-04 08:45,1455
2018-12-04 08:50,1460
2018-12-04 08:55,1484
2018-12-04 09:00,1495
2018-12-04 09:05,1505
2018-12-04 09:10,1526
2018-12-04 09:15,1512
2018-12-04 09:20,1521
2018-12-04 09:25,1514
2018-12-04 09:30,1519
2018-12-04 09:35,1528
2018-12-04 09:40,1522
2018-12-04 09:45,1546
2018-12-04 09:50,1540
2018-12-04 09:55,1570
2018-12-04 10:00,1596
2018-12-04 10:05,1624
2018-12-04 10:10,1650
2018-12-04 10:15,1653
2018-12-04 10:20,1680
2018-12-04 10:25,1698
2018-12-04 10:30,1729
2018-12-04 10:35,1735
2018-12-04 10:40,1744
2018-12-04 10:45,1740
2018-12-04 10:50,1762
2018-12-04 10:55,1782
2018-12-04 11:00,1797
2018-12-04 11:05,1820
2018-12-04 11:10,1831
2018-12-04 11:15,1848
2018-12-04 11:20,1848
2018-12-04 11:25,1861
2018-12-04 11:30,1872
2018-12-04 11:35,1880
2018-12-04 11:40,1893
2018-12-04 11:45,1885
2018-12-04 11:50,1891
2018-12-04 11:55,1913
2018-12-04 12:00,1942
2018-12-04 12:05,1940
2018-12-04 12:10,1937
2018-12-04 12:15,1941
2018-12-04 12:20,1948
2018-12-04 12:25,1958
2018-12-04 12:30,1964
2018-12-04 12:35,1994
2018-12-04 12:40,2000
2018-12-04 12:45,1998
2018-12-04 12:50,2008
2018-12-04 12:55,2032
2018-12-04 13:00,2051
2018-12-04 13:05,2070
2018-12-04 13:10,2072
2018-12-04 13:15,2078
2018-12-04 13:20,2091
2018-12-04 13:25,2116
2018-12-04 13:30,2123
2018-12-04 13:35,2151
2018-12-04 13:40,2150
2018-12-04 13:45,2159
2018-12-04 13:50,2178
2018-12-04 13:55,2185
2018-12-04 14:00,2191
2018-12-04 14:05,2202
2018-12-04 14:10,2197
2018-12-04 14:15,2246
2018-12-04 14:20,2267
2018-12-04 14:25,2296
2018-12-04 14:30,2312
2018-12-04 14:35,2317
2018-12-04 14:40,2343
2018-12-04 14:45,2373
2018-12-04 14:50,2387
2018-12-04 14:55,2418
2018-12-04 15:00,2483
2018-12-04 15:05,2462
2018-12-04 15:10,2503
2018-12-04 15:15,2523
2018-12-04 15:20,2532
2018-12-04 15:25,2574
2018-12-04 15:30,2569
2018-12-04 15:35,2595
2018-12-04 15:40,2629
2018-12-04 15:45,
2018-12-04 15:50,2609
2018-12-04 15:55,2631
2018-12-04 16:00,2678
2018-12-04 16:05,2677
2018-12-04 16:10,2700
2018-12-04 16:15,2709
2018-12-04 16:20,2715
2018-12-04 16:25,2741
2018-12-04 16:30,2742
2018-12-04 16:35,2773
2018-12-04 16:40,2776
2018-12-04 16:45,2789
2018-12-04 16:50,2833
2018-12-04 16:55,2835
2018-12-04 17:00,2874
2018-12-04 17:05,2881
2018-12-04 17:10,2884
2018-12-04 17:15,2880
2018-12-04 17:20,2922
2018-12-04 17:25,2943
2018-12-04 17:30,2980
2018-12-04 17:35,2991
2018-12-04 17:40,2998
2018-12-04 17:45,3039
2018-12-04 17:50,3051
2018-12-04 17:55,3043
2018-12-04 18:00,3080
2018-12-04 18:05,3081
2018-12-04 18:10,3092
2018-12-04 18:15,3094
2018-12-04 18:20,3144
2018-12-04 18:25,3137
2018-12-04 18:30,3104
2018-12-04 18:35,3119
2018-12-04 18:40,3113
2018-12-04 18:45,3153
2018-12-04 18:50,3171
2018-12-04 18:55,3196
2018-12-04 19:00,3185
2018-12-04 19:05,3190
2018-12-04 19:10,3204
2018-12-04 19:15,3190
2018-12-04 19:20,3171
2018-12-04 19:25,3176
2018-12-04 19:30,3193
2018-12-04 19:35,3220
2018-12-04 19:40,3230
2018-12-04 19:45,3242
2018-12-04 19:50,3227
2018-12-04 19:55,3227
2018-12-04 20:00,3244
2018-12-04 20:05,3233
2018-12-04 20:10,3240
2018-12-04 20:15,3242
2018-12-04 20:20,3259
2018-12-04 20:25,3269
2018-12-04 20:30,3247
2018-12-04 20:35,3211
2018-12-04 20:40,3199
2018-12-04 20:45,3190
2018-12-04 20:50,3187
2018-12-04 20:55,3162
2018-12-04 21:00,3134
2018-12-04 21:05,3120
2018-12-04 21:10,3077
2018-12-04 21:15,3052
2018-12-04 21:20,3011
2018-12-04 21:25,2984
2018-12-04 21:30,2958
2018-12-04 21:35,2943
2018-12-04 21:40,2931
2018-12-04 21:45,2928
2018-12-04 21:50,2889
2018-12-04 21:55,2853
2018-12-04 22:00,2834
2018-12-04 22:05,2791
2018-12-04 22:10,2762
2018-12-04 22:15,2757
2018-12-04 22:20,2740
2018-12-04 22:25,2713
2018-12-04 22:30,2691
2018-12-04 22:35,2652
2018-12-04 22:40,2641
2018-12-04 22:45,2633
2018-12-04 22:50,2595
2018-12-04 22:55,2579
2018-12-04 23:00,2566
2018-12-04 23:05,2523
2018-12-04 23:10,2489
2018-12-04 23:15,0
2018-12-04 23:20,851
2018-12-04 23:25,2325
2018-12-04 23:30,2415
2018-12-04 23:35,2402
2018-12-04 23:40,2366
2018-12-04 23:45,2346
2018-12-04 23:50,2341
2018-12-04 23:55,2348
2018-12-05 00:00,2324
2018-12-05 00:05,2272
2018-12-05 00:10,2282
2018-12-05 00:15,2247
2018-12-05 00:20,2251
2018-12-05 00:25,2257
2018-12-05 00:30,2243
2018-12-05 00:35,2231
2018-12-05 00:40,2207
2018-12-05 00:45,2196
2018-12-05 00:50,2169
2018-12-05 00:55,2145
2018-12-05 01:00,2157
2018-12-05 01:05,2142
2018-12-05 01:10,2134
2018-12-05 01:15,2135
2018-12-05 01:20,2125
2018-12-05 01:25,2101
2018-12-05 01:30,2081
2018-12-05 01:35,2045
2018-12-05 01:40,2029
2018-12-05 01:45,2000
2018-12-05 01:50,2001
2018-12-05 01:55,1988
2018-12-05 02:00,1966
2018-12-05 02:05,1964
2018-12-05 02:10,1946
2018-12-05 02:15,1937
2018-12-05 02:20,1945
2018-12-05 02:25,1940
2018-12-05 02:30,1919
2018-12-05 02:35,1928
2018-12-05 02:40,1914
2018-12-05 02:45,1903
2018-12-05 02:50,1923
2018-12-05 02:55,1907
2018-12-05 03:00,1895
2018-12-05 03:05,1892
2018-12-05 03:10,1888
2018-12-05 03:15,1883
2018-12-05 03:20,1884
2018-12-05 03:25,1867
2018-12-05 03:30,1844
2018-12-05 03:35,1828
2018-12-05 03:40,1815
2018-12-05 03:45,1784
2018-12-05 03:50,1760
2018-12-05 03:55,1764
2018-12-05 04:00,1753
2018-12-05 04:05,1714
2018-12-05 04:10,1676
2018-12-05 04:15,1660
2018-12-05 04:20,1644
2018-12-05 04:25,1635
2018-12-05 04:30,1630
2018-12-05 04:35,1609
2018-12-05 04:40,1616
2018-12-05 04:45,1609
2018-12-05 04:50,1599
2018-12-05 04:55,1595
2018-12-05 05:00,1580
2018-12-05 05:05,1552
2018-12-05 05:10,1557
2018-12-05 05:15,1556
2018-12-05 05:20,1535
2018-12-05 05:25,1514
2018-12-05 05:30,1516
2018-12-05 05:35,1498
2018-12-05 05:40,1502
2018-12-05 05:45,1512
2018-12-05 05:50,1515
2018-12-05 05:55,1512
2018-12-05 06:00,1501
2018-12-05 06:05,1487
2018-12-05 06:10,1477
2018-12-05 06:15,1454
2018-12-05 06:20,1442
2018-12-05 06:25,1431
2018-12-05 06:30,1429
2018-12-05 06:35,1419
2018-12-05 06:40,1416
2018-12-05 06:45,1417
2018-12-05 06:50,1420
2018-12-05 06:55,1415
2018-12-05 07:00,1405
2018-12-05 07:05,1383
2018-12-05 07:10,1374
2018-12-05 07:15,1388
2018-12-05 07:20,1391
2018-12-05 07:25,1390
2018-12-05 07:30,1396
2018-12-05 07:35,1390
2018-12-05 07:40,1399
2018-12-05 07:45,1404
2018-12-05 07:50,1403
2018-12-05 07:55,1408
2018-12-05 08:00,1399
2018-12-05 08:05,1387
2018-12-05 08:10,1404
2018-12-05 08:15,1420
2018-12-05 08:20,1434
2018-12-05 08:25,1431
2018-12-05 08:30,1442
2018-12-05 08:35,1445
2018-12-05 08:40,1437
2018-12-05 08:45,1443
2018-12-05 08:50,0
2018-12-05 08:55,1432
2018-12-05 09:00,1449
2018-12-05 09:05,1447
2018-12-05 09:10,1448
2018-12-05 09:15,1473
2018-12-05 09:20,1488
2018-12-05 09:25,1505
2018-12-05 09:30,1506
2018-12-05 09:35,0
2018-12-05 09:40,1540
2018-12-05 09:45,1545
2018-12-05 09:50,1563
2018-12-05 09:55,1569
2018-12-05 10:00,1585
2018-12-05 10:05,1599
2018-12-05 10:10,1622
2018-12-05 10:15,1637
2018-12-05 10:20,1661
2018-12-05 10:25,1682
2018-12-05 10:30,1693
2018-12-05 10:35,1703
2018-12-05 10:40,1726
2018-12-05 10:45,1733
2018-12-05 10:50,1761
2018-12-05 10:55,1769
2018-12-05 11:00,1799
2018-12-05 11:05,1816
2018-12-05 11:10,1818
2018-12-05 11:15,1828
2018-12-05 11:20,1827
2018-12-05 11:25,1843
2018-12-05 11:30,1855
2018-12-05 11:35,1880
2018-12-05 11:40,1908
2018-12-05 11:45,1921
2018-12-05 11:50,1920
2018-12-05 11:55,1934
2018-12-05 12:00,1952
2018-12-05 12:05,1943
2018-12-05 12:10,1939
2018-12-05 12:15,1941
2018-12-05 12:20,1946
2018-12-05 12:25,1974
2018-12-05 12:30,1986
2018-12-05 12:35,2001
2018-12-05 12:40,2003
2018-12-05 12:45,2037
2018-12-05 12:50,2058
2018-12-05 12:55,2053
2018-12-05 13:00,2073
2018-12-05 13:05,2111
2018-12-05 13:10,2108
2018-12-05 13:15,2118
2018-12-05 13:20,2146
2018-12-05 13:25,2167
2018-12-05 13:30,2168
2018-12-05 13:35,2192
2018-12-05 13:40,2201
2018-12-05 13:45,2235
2018-12-05 13:50,2257
2018-12-05 13:55,2273
2018-12-05 14:00,2291
2018-12-05 14:05,2289
2018-12-05 14:10,2288
2018-12-05 14:15,2295
2018-12-05 14:20,2313
2018-12-05 14:25,2332
2018-12-05 14:30,2352
2018-12-05 14:35,2366
2018-12-05 14:40,2393
2018-12-05 14:45,2414
2018-12-05 14:50,2434
2018-12-05 14:55,2466
2018-12-05 15:00,2477
2018-12-05 15:05,2479
2018-12-05 15:10,2499
2018-12-05 15:15,2517
2018-12-05 15:20,2535
2018-12-05 15:25,2568
2018-12-05 15:30,2579
2018-12-05 15:35,2591
2018-12-05 15:40,2598
2018-12-05 15:45,2649
2018-12-05 15:50,2646
2018-12-05 15:55,2665
2018-12-05 16:00,2673
2018-12-05 16:05,2693
2018-12-05 16:10,2718
2018-12-05 16:15,2726
2018-12-05 16:20,2738
2018-12-05 16:25,2755
2018-12-05 16:30,2739
2018-12-05 16:35,2746
2018-12-05 16:40,2760
2018-12-05 16:45,2786
2018-12-05 16:50,2833
2018-12-05 16:55,2839
2018-12-05 17:00,2866
2018-12-05 17:05,2854
2018-12-05 17:10,2862
2018-12-05 17:15,2874
2018-12-05 17:20,2897
2018-12-05 17:25,2931
2018-12-05 17:30,2964
2018-12-05 17:35,3016
2018-12-05 17:40,2975
2018-12-05 17:45,3008
2018-12-05 17:50,2996
2018-12-05 17:55,3027
2018-12-05 18:00,3017
2018-12-05 18:05,3033
2018-12-05 18:10,3045
2018-12-05 18:15,3055
2018-12-05 18:20,3060
2018-12-05 18:25,3079
2018-12-05 18:30,3094
2018-12-05 18:35,3112
2018-12-05 18:40,3105
2018-12-05 18:45,3122
2018-12-05 18:50,3138
2018-12-05 18:55,3126
2018-12-05 19:00,3137
2018-12-05 19:05,3136
2018-12-05 19:10,3127
2018-12-05 19:15,3117
2018-12-05 19:20,3122
2018-12-05 19:25,3141
2018-12-05 19:30,3135
2018-12-05 19:35,3117
2018-12-05 19:40,3149
2018-12-05 19:45,3138
2018-12-05 19:50,3146
2018-12-05 19:55,3120
2018-12-05 20:00,3126
2018-12-05 20:05,3115
2018-12-05 20:10,3119
2018-12-05 20:15,3111
2018-12-05 20:20,3111
2018-12-05 20:25,3138
2018-12-05 20:30,3122
2018-12-05 20:35,3092
2018-12-05 20:40,3078
2018-12-05 20:45,3067
2018-12-05 20:50,3051
2018-12-05 20:55,3031
2018-12-05 21:00,3011
2018-12-05 21:05,3004
2018-12-05 21:10,2979
2018-12-05 21:15,2968
2018-12-05 21:20,2961
2018-12-05 21:25,2938
2018-12-05 21:30,2944
2018-12-05 21:35,2918
2018-12-05 21:40,2902
2018-12-05 21:45,2892
2018-12-05 21:50,2860
2018-12-05 21:55,2824
2018-12-05 22:00,2827
2018-12-05 22:05,2786
2018-12-05 22:10,2756
2018-12-05 22:15,2736
2018-12-05 22:20,2726
2018-12-05 22:25,2687
2018-12-05 22:30,2681
2018-12-05 22:35,2644
2018-12-05 22:40,2635
2018-12-05 22:45,2608
2018-12-05 22:50,2563
2018-12-05 22:55,2526
2018-12-05 23:00,2523
2018-12-05 23:05,2499
2018-12-05 23:10,2484
2018-12-05 23:15,2450
2018-12-05 23:20,2400
2018-12-05 23:25,2397
2018-12-05 23:30,2405
2018-12-05 23:35,2381
2018-12-05 23:40,2346
2018-12-05 23:45,2326
2018-12-05 23:50,2327
2018-12-05 23:55,2297
2018-12-06 00:00,2300
2018-12-06 00:05,2286
2018-12-06 00:10,2254
2018-12-06 00:15,2193
2018-12-06 00:20,2223
2018-12-06 00:25,2197
2018-12-06 00:30,2168
2018-12-06 00:35,2081
2018-12-06 00:40,2053
2018-12-06 00:45,2105
2018-12-06 00:50,2095
2018-12-06 00:55,2081
2018-12-06 01:00,2077
2018-12-06 01:05,2063
2018-12-06 01:10,2071
2018-12-06 01:15,2057
2018-12-06 01:20,2051
2018-12-06 01:25,2033
2018-12-06 01:30,2029
2018-12-06 01:35,2031
2018-12-06 01:40,2055
2018-12-06 01:45,2028
2018-12-06 01:50,2017
2018-12-06 01:55,2013
2018-12-06 02:00,2002
2018-12-06 02:05,2011
2018-12-06 02:10,1996
2018-12-06 02:15,1980
2018-12-06 02:20,1983
2018-12-06 02:25,1981
2018-12-06 02:30,1958
2018-12-06 02:35,1940
2018-12-06 02:40,1938
2018-12-06 02:45,1948
2018-12-06 02:50,1943
2018-12-06 02:55,1927
2018-12-06 03:00,1910
2018-12-06 03:05,1882
2018-12-06 03:10,1857
2018-12-06 03:15,1832
2018-12-06 03:20,1831
2018-12-06 03:25,1791
2018-12-06 03:30,1789
2018-12-06 03:35,1749
2018-12-06 03:40,1731
2018-12-06 03:45,1721
2018-12-06 03:50,1712
2018-12-06 03:55,1712
2018-12-06 04:00,1689
2018-12-06 04:05,1654
2018-12-06 04:10,1656
2018-12-06 04:15,1630
2018-12-06 04:20,1617
2018-12-06 04:25,1613
2018-12-06 04:30,1604
2018-12-06 04:35,1588
2018-12-06 04:40,1566
2018-12-06 04:45,1576
2018-12-06 04:50,1567
2018-12-06 04:55,1549
2018-12-06 05:00,1549
2018-12-06 05:05,1525
2018-12-06 05:10,1507
2018-12-06 05:15,1521
2018-12-06 05:20,1505
2018-12-06 05:25,1489
2018-12-06 05:30,1474
2018-12-06 05:35,1489
2018-12-06 05:40,1485
2018-12-06 05:45,1473
2018-12-06 05:50,1465
2018-12-06 05:55,1430
2018-12-06 06:00,1442
2018-12-06 06:05,1446
2018-12-06 06:10,1453
2018-12-06 06:15,1451
2018-12-06 06:20,1439
2018-12-06 06:25,1422
2018-12-06 06:30,1412
2018-12-06 06:35,1405
2018-12-06 06:40,1375
2018-12-06 06:45,1374
2018-12-06 06:50,1372
2018-12-06 06:55,1380
2018-12-06 07:00,1379
2018-12-06 07:05,1376
2018-12-06 07:10,1376
2018-12-06 07:15,1377
2018-12-06 07:20,1373
2018-12-06 07:25,1381
2018-12-06 07:30,1386
2018-12-06 07:35,1387
2018-12-06 07:40,1391
2018-12-06 07:45,1395
2018-12-06 07:50,1386
2018-12-06 07:55,1392
2018-12-06 08:00,1382
2018-12-06 08:05,1401
2018-12-06 08:10,1395
2018-12-06 08:15,1411
2018-12-06 08:20,1410
2018-12-06 08:25,1406
2018-12-06 08:30,1427
2018-12-06 08:35,1427
2018-12-06 08:40,1437
2018-12-06 08:45,1437
2018-12-06 08:50,1460
2018-12-06 08:55,1468
2018-12-06 09:00,1472
2018-12-06 09:05,1479
2018-12-06 09:10,1498
2018-12-06 09:15,1488
2018-12-06 09:20,1511
2018-12-06 09:25,1511
2018-12-06 09:30,1522
2018-12-06 09:35,1524
2018-12-06 09:40,1524
2018-12-06 09:45,1553
2018-12-06 09:50,1561
2018-12-06 09:55,1578
2018-12-06 10:00,1590
2018-12-06 10:05,1618
2018-12-06 10:10,1619
2018-12-06 10:15,1628
2018-12-06 10:20,1648
2018-12-06 10:25,1657
2018-12-06 10:30,1679
2018-12-06 10:35,1680
2018-12-06 10:40,1686
2018-12-06 10:45,1691
2018-12-06 10:50,1717
2018-12-06 10:55,1731
2018-12-06 11:00,1764
2018-12-06 11:05,1777
2018-12-06 11:10,1785
2018-12-06 11:15,1792
2018-12-06 11:20,1789
2018-12-06 11:25,1836
2018-12-06 11:30,1827
2018-12-06 11:35,1844
2018-12-06 11:40,1831
2018-12-06 11:45,1842
2018-12-06 11:50,1836
2018-12-06 11:55,1860
2018-12-06 12:00,1887
2018-12-06 12:05,1881
2018-12-06 12:10,1882
2018-12-06 12:15,1869
2018-12-06 12:20,1890
2018-12-06 12:25,1904
2018-12-06 12:30,1896
2018-12-06 12:35,1922
2018-12-06 12:40,1947
2018-12-06 12:45,1937
2018-12-06 12:50,1961
2018-12-06 12:55,1953
2018-12-06 13:00,1949
2018-12-06 13:05,1959
2018-12-06 13:10,1966
2018-12-06 13:15,1978
2018-12-06 13:20,1998
2018-12-06 13:25,2015
2018-12-06 13:30,2037
2018-12-06 13:35,2025
2018-12-06 13:40,2041
2018-12-06 13:45,2062
2018-12-06 13:50,2079
2018-12-06 13:55,2094
2018-12-06 14:00,2112
2018-12-06 14:05,2114
2018-12-06 14:10,2123
2018-12-06 14:15,2128
2018-12-06 14:20,2124
2018-12-06 14:25,2119
2018-12-06 14:30,2104
2018-12-06 14:35,2088
2018-12-06 14:40,2062
2018-12-06 14:45,2055
2018-12-06 14:50,2000
2018-12-06 14:55,1947
2018-12-06 15:00,1799
2018-12-06 15:05,1512
2018-12-06 15:10,949
2018-12-06 15:15,907
2018-12-06 15:20,907
2018-12-06 15:25,936
2018-12-06 15:30,931
2018-12-06 15:35,955
2018-12-06 15:40,955
2018-12-06 15:45,975
2018-12-06 15:50,976
2018-12-06 15:55,1003
2018-12-06 16:00,993
2018-12-06 16:05,1046
2018-12-06 16:10,1070
2018-12-06 16:15,1075
2018-12-06 16:20,1106
2018-12-06 16:25,1132
2018-12-06 16:30,1223
2018-12-06 16:35,1406
2018-12-06 16:40,1568
2018-12-06 16:45,1704
2018-12-06 16:50,1825
2018-12-06 16:55,1933
2018-12-06 17:00,2070
2018-12-06 17:05,2214
2018-12-06 17:10,2376
2018-12-06 17:15,2475
2018-12-06 17:20,2574
2018-12-06 17:25,2668
2018-12-06 17:30,2771
2018-12-06 17:35,2844
2018-12-06 17:40,2910
2018-12-06 17:45,2959
2018-12-06 17:50,3010
2018-12-06 17:55,3037
2018-12-06 18:00,3053
2018-12-06 18:05,3075
2018-12-06 18:10,3114
2018-12-06 18:15,3134
2018-12-06 18:20,3143
2018-12-06 18:25,3169
2018-12-06 18:30,3206
2018-12-06 18:35,3204
2018-12-06 18:40,3210
2018-12-06 18:45,3243
2018-12-06 18:50,3260
2018-12-06 18:55,3270
2018-12-06 19:00,3298
2018-12-06 19:05,3313
2018-12-06 19:10,3296
2018-12-06 19:15,3333
2018-12-06 19:20,3301
2018-12-06 19:25,3305
2018-12-06 19:30,3302
2018-12-06 19:35,3275
2018-12-06 19:40,3285
2018-12-06 19:45,3288
2018-12-06 19:50,3289
2018-12-06 19:55,3244
2018-12-06 20:00,3246
2018-12-06 20:05,3249
2018-12-06 20:10,3250
2018-12-06 20:15,3227
2018-12-06 20:20,3234
2018-12-06 20:25,3196
2018-12-06 20:30,3163
2018-12-06 20:35,3153
2018-12-06 20:40,3159
2018-12-06 20:45,3143
2018-12-06 20:50,3140
2018-12-06 20:55,3110
2018-12-06 21:00,3112
2018-12-06 21:05,3073
2018-12-06 21:10,3047
2018-12-06 21:15,3018
2018-12-06 21:20,2987
2018-12-06 21:25,2954
2018-12-06 21:30,2910
2018-12-06 21:35,2845
2018-12-06 21:40,2840
2018-12-06 21:45,2836
2018-12-06 21:50,2817
2018-12-06 21:55,2788
2018-12-06 22:00,2789
2018-12-06 22:05,2774
2018-12-06 22:10,2751
2018-12-06 22:15,2748
2018-12-06 22:20,2719
2018-12-06 22:25,2693
2018-12-06 22:30,2673
2018-12-06 22:35,2666
2018-12-06 22:40,2631
2018-12-06 22:45,2595
2018-12-06 22:50,2569
2018-12-06 22:55,2553
2018-12-06 23:00,2517
2018-12-06 23:05,2499
2018-12-06 23:10,2473
2018-12-06 23:15,2465
2018-12-06 23:20,2435
2018-12-06 23:25,2407
2018-12-06 23:30,2371
2018-12-06 23:35,2350
2018-12-06 23:40,2316
2018-12-06 23:45,2294
2018-12-06 23:50,2273
2018-12-06 23:55,2256
2018-12-07 00:00,2235
2018-12-07 00:05,2206
2018-12-07 00:10,2180
2018-12-07 00:15,2177
2018-12-07 00:20,2172
2018-12-07 00:25,2163
2018-12-07 00:30,2144
2018-12-07 00:35,2127
2018-12-07 00:40,0
2018-12-07 00:45,2065
2018-12-07 00:50,2058
2018-12-07 00:55,2037
2018-12-07 01:00,2022
2018-12-07 01:05,2008
2018-12-07 01:10,2015
2018-12-07 01:15,1996
2018-12-07 01:20,1976
2018-12-07 01:25,1984
2018-12-07 01:30,1993
2018-12-07 01:35,1971
2018-12-07 01:40,1964
2018-12-07 01:45,1962
2018-12-07 01:50,1940
2018-12-07 01:55,1927
2018-12-07 02:00,1928
2018-12-07 02:05,1915
2018-12-07 02:10,1890
2018-12-07 02:15,1889
2018-12-07 02:20,1883
2018-12-07 02:25,1872
2018-12-07 02:30,1850
2018-12-07 02:35,1834
2018-12-07 02:40,1836
2018-12-07 02:45,1811
2018-12-07 02:50,1773
2018-12-07 02:55,1754
2018-12-07 03:00,1748
2018-12-07 03:05,1760
2018-12-07 03:10,1730
2018-12-07 03:15,1717
2018-12-07 03:20,1698
2018-12-07 03:25,1691
2018-12-07 03:30,1679
2018-12-07 03:35,1661
2018-12-07 03:40,1644
2018-12-07 03:45,1626
2018-12-07 03:50,1607
2018-12-07 03:55,1592
2018-12-07 04:00,1575
2018-12-07 04:05,1554
2018-12-07 04:10,1520
2018-12-07 04:15,1528
2018-12-07 04:20,1535
2018-12-07 04:25,1524
2018-12-07 04:30,1483
2018-12-07 04:35,1497
2018-12-07 04:40,1489
2018-12-07 04:45,1476
2018-12-07 04:50,1468
2018-12-07 04:55,1444
2018-12-07 05:00,1436
2018-12-07 05:05,1415
2018-12-07 05:10,1412
2018-12-07 05:15,1418
2018-12-07 05:20,1408
2018-12-07 05:25,1379
2018-12-07 05:30,1375
2018-12-07 05:35,1373
2018-12-07 05:40,1376
2018-12-07 05:45,1365
2018-12-07 05:50,1375
2018-12-07 05:55,1363
2018-12-07 06:00,1352
2018-12-07 06:05,1354
2018-12-07 06:10,1327
2018-12-07 06:15,1313
2018-12-07 06:20,1317
2018-12-07 06:25,1317
2018-12-07 06:30,1304
2018-12-07 06:35,1297
2018-12-07 06:40,1293
2018-12-07 06:45,1324
2018-12-07 06:50,1325
2018-12-07 06:55,1299
2018-12-07 07:00,1304
2018-12-07 07:05,1310
2018-12-07 07:10,1301
2018-12-07 07:15,1312
2018-12-07 07:20,1303
2018-12-07 07:25,1292
2018-12-07 07:30,1300
2018-12-07 07:35,1301
2018-12-07 07:40,1307
2018-12-07 07:45,1295
2018-12-07 07:50,1302
2018-12-07 07:55,1298
2018-12-07 08:00,1300
2018-12-07 08:05,1310
2018-12-07 08:10,1321
2018-12-07 08:15,1329
2018-12-07 08:20,1353
2018-12-07 08:25,1367
2018-12-07 08:30,1374
2018-12-07 08:35,1365
2018-12-07 08:40,1383
2018-12-07 08:45,1402
2018-12-07 08:50,1407
2018-12-07 08:55,1393
2018-12-07 09:00,1404
2018-12-07 09:05,1421
2018-12-07 09:10,1439
2018-12-07 09:15,1456
2018-12-07 09:20,1441
2018-12-07 09:25,1456
2018-12-07 09:30,1470
2018-12-07 09:35,1484
2018-12-07 09:40,1480
2018-12-07 09:45,1501
2018-12-07 09:50,1510
2018-12-07 09:55,1520
2018-12-07 10:00,1559
2018-12-07 10:05,1570
2018-12-07 10:10,1585
2018-12-07 10:15,1620
2018-12-07 10:20,1639
2018-12-07 10:25,1642
2018-12-07 10:30,1658
2018-12-07 10:35,1687
2018-12-07 10:40,1704
2018-12-07 10:45,1711
2018-12-07 10:50,1722
2018-12-07 10:55,1711
2018-12-07 11:00,1724
2018-12-07 11:05,1725
2018-12-07 11:10,1734
2018-12-07 11:15,1758
2018-12-07 11:20,1780
2018-12-07 11:25,1796
2018-12-07 11:30,1816
2018-12-07 11:35,1849
2018-12-07 11:40,1848
2018-12-07 11:45,1873
2018-12-07 11:50,1869
2018-12-07 11:55,1870
2018-12-07 12:00,1877
2018-12-07 12:05,1869
2018-12-07 12:10,1877
2018-12-07 12:15,1899
2018-12-07 12:20,1917
2018-12-07 12:25,1912
2018-12-07 12:30,1924
2018-12-07 12:35,1943
2018-12-07 12:40,1943
2018-12-07 12:45,1952
2018-12-07 12:50,1978
2018-12-07 12:55,2008
2018-12-07 13:00,2041
2018-12-07 13:05,2051
2018-12-07 13:10,2053
2018-12-07 13:15,2053
2018-12-07 13:20,2080
2018-12-07 13:25,2086
2018-12-07 13:30,2098
2018-12-07 13:35,2123
2018-12-07 13:40,2124
2018-12-07 13:45,2124
2018-12-07 13:50,2162
2018-12-07 13:55,2156
2018-12-07 14:00,2201
2018-12-07 14:05,2198
2018-12-07 14:10,2223
2018-12-07 14:15,2234
2018-12-07 14:20,2229
2018-12-07 14:25,2274
2018-12-07 14:30,2254
2018-12-07 14:35,2272
2018-12-07 14:40,2272
2018-12-07 14:45,2313
2018-12-07 14:50,2326
2018-12-07 14:55,2333
2018-12-07 15:00,2351
2018-12-07 15:05,2351
2018-12-07 15:10,2380
2018-12-07 15:15,2416
2018-12-07 15:20,2405
2018-12-07 15:25,2407
2018-12-07 15:30,2408
2018-12-07 15:35,2408
2018-12-07 15:40,2427
2018-12-07 15:45,2461
2018-12-07 15:50,2496
2018-12-07 15:55,2518
2018-12-07 16:00,2520
2018-12-07 16:05,2520
2018-12-07 16:10,2559
2018-12-07 16:15,2610
2018-12-07 16:20,2613
2018-12-07 16:25,2656
2018-12-07 16:30,2682
2018-12-07 16:35,2694
2018-12-07 16:40,2720
2018-12-07 16:45,2720
2018-12-07 16:50,2718
2018-12-07 16:55,2727
2018-12-07 17:00,2769
2018-12-07 17:05,2769
2018-12-07 17:10,2787
2018-12-07 17:15,2806
2018-12-07 17:20,2799
2018-12-07 17:25,2779
2018-12-07 17:30,2778
2018-12-07 17:35,2788
2018-12-07 17:40,2816
2018-12-07 17:45,2799
2018-12-07 17:50,2811
2018-12-07 17:55,2847
2018-12-07 18:00,2854
2018-12-07 18:05,2877
2018-12-07 18:10,2879
2018-12-07 18:15,2895
2018-12-07 18:20,2901
2018-12-07 18:25,2927
2018-12-07 18:30,2905
2018-12-07 18:35,2911
2018-12-07 18:40,2911
2018-12-07 18:45,2896
2018-12-07 18:50,2928
2018-12-07 18:55,2937
2018-12-07 19:00,2954
2018-12-07 19:05,2963
2018-12-07 19:10,2970
2018-12-07 19:15,2960
2018-12-07 19:20,2960
2018-12-07 19:25,2976
2018-12-07 19:30,3002
2018-12-07 19:35,3006
2018-12-07 19:40,3006
2018-12-07 19:45,2975
2018-12-07 19:50,2975
2018-12-07 19:55,3000
2018-12-07 20:00,2979
2018-12-07 20:05,2964
2018-12-07 20:10,2970
2018-12-07 20:15,2951
2018-12-07 20:20,2950
2018-12-07 20:25,2967
2018-12-07 20:30,2967
2018-12-07 20:35,2964
2018-12-07 20:40,2964
2018-12-07 20:45,2978
2018-12-07 20:50,2962
2018-12-07 20:55,2983
2018-12-07 21:00,2998
2018-12-07 21:05,2998
2018-12-07 21:10,3001
2018-12-07 21:15,2981
2018-12-07 21:20,2981
2018-12-07 21:25,2975
2018-12-07 21:30,2962
2018-12-07 21:35,2951
2018-12-07 21:40,2951
2018-12-07 21:45,2934
2018-12-07 21:50,2945
2018-12-07 21:55,2923
2018-12-07 22:00,2862
2018-12-07 22:05,2835
2018-12-07 22:10,2830
2018-12-07 22:15,2830
2018-12-07 22:20,2819
2018-12-07 22:25,2805
2018-12-07 22:30,2771
2018-12-07 22:35,2740
2018-12-07 22:40,2740
2018-12-07 22:45,2734
2018-12-07 22:50,2701
2018-12-07 22:55,2657
2018-12-07 23:00,2643
2018-12-07 23:05,2598
2018-12-07 23:10,2565
2018-12-07 23:15,2511
2018-12-07 23:20,2511
2018-12-07 23:25,2498
2018-12-07 23:30,2492
2018-12-07 23:35,2474
2018-12-07 23:40,2474
2018-12-07 23:45,2388
2018-12-07 23:50,2365
2018-12-07 23:55,2365
2018-12-08 00:00,2333
2018-12-08 00:05,2281
2018-12-08 00:10,2221
2018-12-08 00:15,2221
2018-12-08 00:20,2203
2018-12-08 00:25,2203
2018-12-08 00:30,2201
2018-12-08 00:35,2179
2018-12-08 00:40,2182
2018-12-08 00:45,2157
2018-12-08 00:50,2147
2018-12-08 00:55,2137
2018-12-08 01:00,2128
2018-12-08 01:05,2123
2018-12-08 01:10,2110
2018-12-08 01:15,2094
2018-12-08 01:20,2078
2018-12-08 01:25,2073
2018-12-08 01:30,2035
2018-12-08 01:35,2024
2018-12-08 01:40,2009
2018-12-08 01:45,2015
2018-12-08 01:50,2007
2018-12-08 01:55,2014
2018-12-08 02:00,2027
2018-12-08 02:05,2011
2018-12-08 02:10,2003
2018-12-08 02:15,1997
2018-12-08 02:20,1988
2018-12-08 02:25,1960
2018-12-08 02:30,1969
2018-12-08 02:35,1956
2018-12-08 02:40,1943
2018-12-08 02:45,1958
2018-12-08 02:50,1949
2018-12-08 02:55,1947
2018-12-08 03:00,1940
2018-12-08 03:05,1927
2018-12-08 03:10,1919
2018-12-08 03:15,1921
2018-12-08 03:20,1906
2018-12-08 03:25,1882
2018-12-08 03:30,1878
2018-12-08 03:35,1883
2018-12-08 03:40,1865
2018-12-08 03:45,1856
2018-12-08 03:50,1836
2018-12-08 03:55,1788
2018-12-08 04:00,1790
2018-12-08 04:05,1769
2018-12-08 04:10,1758
2018-12-08 04:15,1751
2018-12-08 04:20,1744
2018-12-08 04:25,1722
2018-12-08 04:30,1714
2018-12-08 04:35,1701
2018-12-08 04:40,1679
2018-12-08 04:45,1656
2018-12-08 04:50,1655
2018-12-08 04:55,1650
2018-12-08 05:00,1650
2018-12-08 05:05,1626
2018-12-08 05:10,1612
2018-12-08 05:15,1600
2018-12-08 05:20,1581
2018-12-08 05:25,1562
2018-12-08 05:30,1574
2018-12-08 05:35,1596
2018-12-08 05:40,1591
2018-12-08 05:45,1572
2018-12-08 05:50,1572
2018-12-08 05:55,1563
2018-12-08 06:00,1554
2018-12-08 06:05,1554
2018-12-08 06:10,1557
2018-12-08 06:15,1573
2018-12-08 06:20,1592
2018-12-08 06:25,1600
2018-12-08 06:30,1596
2018-12-08 06:35,1606
2018-12-08 06:40,1594
2018-12-08 06:45,1583
2018-12-08 06:50,1585
2018-12-08 06:55,1573
2018-12-08 07:00,1584
2018-12-08 07:05,1592
2018-12-08 07:10,1566
2018-12-08 07:15,1575
2018-12-08 07:20,1585
2018-12-08 07:25,1588
2018-12-08 07:30,1601
2018-12-08 07:35,1622
2018-12-08 07:40,1628
2018-12-08 07:45,1630
2018-12-08 07:50,1633
2018-12-08 07:55,1663
2018-12-08 08:00,1672
2018-12-08 08:05,1669
2018-12-08 08:10,1661
2018-12-08 08:15,1666
2018-12-08 08:20,1686
2018-12-08 08:25,1701
2018-12-08 08:30,1730
2018-12-08 08:35,1748
2018-12-08 08:40,1764
2018-12-08 08:45,1786
2018-12-08 08:50,1789
2018-12-08 08:55,1803
2018-12-08 09:00,1811
2018-12-08 09:05,1799
2018-12-08 09:10,1797
2018-12-08 09:15,1827
2018-12-08 09:20,1839
2018-12-08 09:25,1843
2018-12-08 09:30,1871
2018-12-08 09:35,1869
2018-12-08 09:40,1916
2018-12-08 09:45,1917
2018-12-08 09:50,1941
2018-12-08 09:55,1970
2018-12-08 10:00,2005
2018-12-08 10:05,2046
2018-12-08 10:10,2095
2018-12-08 10:15,2141
2018-12-08 10:20,2159
2018-12-08 10:25,2188
2018-12-08 10:30,2201
2018-12-08 10:35,2224
2018-12-08 10:40,2249
2018-12-08 10:45,2271
2018-12-08 10:50,2286
2018-12-08 10:55,2313
2018-12-08 11:00,2310
2018-12-08 11:05,2300
2018-12-08 11:10,2307
2018-12-08 11:15,2332
2018-12-08 11:20,2349
2018-12-08 11:25,2352
2018-12-08 11:30,2340
2018-12-08 11:35,2325
2018-12-08 11:40,2333
2018-12-08 11:45,2350
2018-12-08 11:50,2376
2018-12-08 11:55,2384
2018-12-08 12:00,2411
2018-12-08 12:05,2437
2018-12-08 12:10,2445
2018-12-08 12:15,2472
2018-12-08 12:20,2507
2018-12-08 12:25,2504
2018-12-08 12:30,2515
2018-12-08 12:35,2513
2018-12-08 12:40,2500
2018-12-08 12:45,2508
2018-12-08 12:50,2526
2018-12-08 12:55,2551
2018-12-08 13:00,2577
2018-12-08 13:05,2607
2018-12-08 13:10,2618
2018-12-08 13:15,2621
2018-12-08 13:20,2636
2018-12-08 13:25,2664
2018-12-08 13:30,2678
2018-12-08 13:35,2734
2018-12-08 13:40,2730
2018-12-08 13:45,2764
2018-12-08 13:50,2785
2018-12-08 13:55,2792
2018-12-08 14:00,2802
2018-12-08 14:05,2817
2018-12-08 14:10,2818
2018-12-08 14:15,2818
2018-12-08 14:20,2834
2018-12-08 14:25,2840
2018-12-08 14:30,2854
2018-12-08 14:35,2847
2018-12-08 14:40,2881
2018-12-08 14:45,2892
2018-12-08 14:50,2925
2018-12-08 14:55,2913
2018-12-08 15:00,2923
2018-12-08 15:05,2945
2018-12-08 15:10,2944
2018-12-08 15:15,2968
2018-12-08 15:20,2979
2018-12-08 15:25,3011
2018-12-08 15:30,3020
2018-12-08 15:35,3059
2018-12-08 15:40,3061
2018-12-08 15:45,3096
2018-12-08 15:50,3104
2018-12-08 15:55,3120
2018-12-08 16:00,3162
2018-12-08 16:05,3171
2018-12-08 16:10,3161
2018-12-08 16:15,3154
2018-12-08 16:20,3182
2018-12-08 16:25,3162
2018-12-08 16:30,3193
2018-12-08 16:35,3183
2018-12-08 16:40,3191
2018-12-08 16:45,3178
2018-12-08 16:50,3201
2018-12-08 16:55,3217
2018-12-08 17:00,3230
2018-12-08 17:05,3227
2018-12-08 17:10,3223
2018-12-08 17:15,3219
2018-12-08 17:20,3222
2018-12-08 17:25,3255
2018-12-08 17:30,3269
2018-12-08 17:35,3273
2018-12-08 17:40,3286
2018-12-08 17:45,3267
2018-12-08 17:50,3276
2018-12-08 17:55,3276
2018-12-08 18:00,3275
2018-12-08 18:05,3248
2018-12-08 18:10,3241
2018-12-08 18:15,3218
2018-12-08 18:20,3266
2018-12-08 18:25,3263
2018-12-08 18:30,3258
2018-12-08 18:35,3238
2018-12-08 18:40,3243
2018-12-08 18:45,3250
2018-12-08 18:50,3259
2018-12-08 18:55,3307
2018-12-08 19:00,3320
2018-12-08 19:05,3337
2018-12-08 19:10,3352
2018-12-08 19:15,3328
2018-12-08 19:20,3336
2018-12-08 19:25,3331
2018-12-08 19:30,3331
2018-12-08 19:35,3336
2018-12-08 19:40,3341
2018-12-08 19:45,3360
2018-12-08 19:50,3372
2018-12-08 19:55,3372
2018-12-08 20:00,3357
2018-12-08 20:05,3365
2018-12-08 20:10,3363
2018-12-08 20:15,3375
2018-12-08 20:20,3406
2018-12-08 20:25,3439
2018-12-08 20:30,3443
2018-12-08 20:35,3405
2018-12-08 20:40,3423
2018-12-08 20:45,3415
2018-12-08 20:50,3395
2018-12-08 20:55,3382
2018-12-08 21:00,3388
2018-12-08 21:05,3394
2018-12-08 21:10,3377
2018-12-08 21:15,3368
2018-12-08 21:20,3319
2018-12-08 21:25,3301
2018-12-08 21:30,3317
2018-12-08 21:35,3283
2018-12-08 21:40,3280
2018-12-08 21:45,3261
2018-12-08 21:50,3262
2018-12-08 21:55,3196
2018-12-08 22:00,3181
2018-12-08 22:05,3144
2018-12-08 22:10,3116
2018-12-08 22:15,3097
2018-12-08 22:20,3063
2018-12-08 22:25,3045
2018-12-08 22:30,3041
2018-12-08 22:35,3025
2018-12-08 22:40,3002
2018-12-08 22:45,2956
2018-12-08 22:50,2947
2018-12-08 22:55,2933
2018-12-08 23:00,2896
2018-12-08 23:05,2853
2018-12-08 23:10,2815
2018-12-08 23:15,2788
2018-12-08 23:20,2760
2018-12-08 23:25,2731
2018-12-08 23:30,2683
2018-12-08 23:35,2658
2018-12-08 23:40,2635
2018-12-08 23:45,2618
2018-12-08 23:50,2576
2018-12-08 23:55,2547
2018-12-09 00:00,2524
2018-12-09 00:05,2497
2018-12-09 00:10,2465
2018-12-09 00:15,2448
2018-12-09 00:20,2422
2018-12-09 00:25,2395
2018-12-09 00:30,2389
2018-12-09 00:35,2353
2018-12-09 00:40,2340
2018-12-09 00:45,2344
2018-12-09 00:50,2346
2018-12-09 00:55,2328
2018-12-09 01:00,2291
2018-12-09 01:05,2273
2018-12-09 01:10,2253
2018-12-09 01:15,2246
2018-12-09 01:20,2226
2018-12-09 01:25,2200
2018-12-09 01:30,2190
2018-12-09 01:35,2172
2018-12-09 01:40,2153
2018-12-09 01:45,2159
2018-12-09 01:50,2142
2018-12-09 01:55,2139
2018-12-09 02:00,2107
2018-12-09 02:05,2104
2018-12-09 02:10,2085
2018-12-09 02:15,2068
2018-12-09 02:20,2061
2018-12-09 02:25,2060
2018-12-09 02:30,2042
2018-12-09 02:35,2040
2018-12-09 02:40,2024
2018-12-09 02:45,2026
2018-12-09 02:50,2015
2018-12-09 02:55,2001
2018-12-09 03:00,1997
2018-12-09 03:05,1989
2018-12-09 03:10,1990
2018-12-09 03:15,1996
2018-12-09 03:20,1979
2018-12-09 03:25,1962
2018-12-09 03:30,1961
2018-12-09 03:35,1967
2018-12-09 03:40,1958
2018-12-09 03:45,1948
2018-12-09 03:50,1905
2018-12-09 03:55,1888
2018-12-09 04:00,1902
2018-12-09 04:05,1910
2018-12-09 04:10,1902
2018-12-09 04:15,1901
2018-12-09 04:20,1892
2018-12-09 04:25,1876
2018-12-09 04:30,1860
2018-12-09 04:35,1847
2018-12-09 04:40,1855
2018-12-09 04:45,1850
2018-12-09 04:50,1827
2018-12-09 04:55,1818
2018-12-09 05:00,1818
2018-12-09 05:05,1828
2018-12-09 05:10,1815
2018-12-09 05:15,1792
2018-12-09 05:20,1809
2018-12-09 05:25,1800
2018-12-09 05:30,1774
2018-12-09 05:35,1759
2018-12-09 05:40,1759
2018-12-09 05:45,1758
2018-12-09 05:50,1742
2018-12-09 05:55,1731
2018-12-09 06:00,1722
2018-12-09 06:05,1713
2018-12-09 06:10,1691
2018-12-09 06:15,1695
2018-12-09 06:20,1704
2018-12-09 06:25,1704
2018-12-09 06:30,1704
2018-12-09 06:35,1673
2018-12-09 06:40,1676
2018-12-09 06:45,1674
2018-12-09 06:50,1674
2018-12-09 06:55,1676
2018-12-09 07:00,1685
2018-12-09 07:05,1672
2018-12-09 07:10,1689
2018-12-09 07:15,1695
2018-12-09 07:20,1702
2018-12-09 07:25,1708
2018-12-09 07:30,1722
2018-12-09 07:35,1723
2018-12-09 07:40,1740
2018-12-09 07:45,1763
2018-12-09 07:50,1777
2018-12-09 07:55,1780
2018-12-09 08:00,1814
2018-12-09 08:05,1796
2018-12-09 08:10,1807
2018-12-09 08:15,1822
2018-12-09 08:20,1852
2018-12-09 08:25,1873
2018-12-09 08:30,1870
2018-12-09 08:35,1891
2018-12-09 08:40,1909
2018-12-09 08:45,1922
2018-12-09 08:50,1956
2018-12-09 08:55,1969
2018-12-09 09:00,2006
2018-12-09 09:05,2022
2018-12-09 09:10,2026
2018-12-09 09:15,2055
2018-12-09 09:20,2063
2018-12-09 09:25,2079
2018-12-09 09:30,2102
2018-12-09 09:35,2134
2018-12-09 09:40,2148
2018-12-09 09:45,2149
2018-12-09 09:50,2173
2018-12-09 09:55,2212
2018-12-09 10:00,2251
2018-12-09 10:05,2292
2018-12-09 10:10,2355
2018-12-09 10:15,2409
2018-12-09 10:20,2450
2018-12-09 10:25,2460
2018-12-09 10:30,2498
2018-12-09 10:35,2522
2018-12-09 10:40,2540
2018-12-09 10:45,2538
2018-12-09 10:50,2558
2018-12-09 10:55,2566
2018-12-09 11:00,2588
2018-12-09 11:05,2585
2018-12-09 11:10,2636
2018-12-09 11:15,2649
2018-12-09 11:20,2686
2018-12-09 11:25,2709
2018-12-09 11:30,2727
2018-12-09 11:35,2718
2018-12-09 11:40,2735
2018-12-09 11:45,2768
2018-12-09 11:50,2800
2018-12-09 11:55,2812
2018-12-09 12:00,2827
2018-12-09 12:05,2832
2018-12-09 12:10,2843
2018-12-09 12:15,2871
2018-12-09 12:20,2892
2018-12-09 12:25,2884
2018-12-09 12:30,2915
2018-12-09 12:35,2907
2018-12-09 12:40,2929
2018-12-09 12:45,2937
2018-12-09 12:50,2977
2018-12-09 12:55,2976
2018-12-09 13:00,3004
2018-12-09 13:05,3017
2018-12-09 13:10,3040
2018-12-09 13:15,3030
2018-12-09 13:20,3041
2018-12-09 13:25,3061
2018-12-09 13:30,3071
2018-12-09 13:35,3076
2018-12-09 13:40,3077
2018-12-09 13:45,3094
2018-12-09 13:50,3134
2018-12-09 13:55,3160
2018-12-09 14:00,3180
2018-12-09 14:05,3189
2018-12-09 14:10,3188
2018-12-09 14:15,3209
2018-12-09 14:20,3178
2018-12-09 14:25,3211
2018-12-09 14:30,3237
2018-12-09 14:35,3266
2018-12-09 14:40,3278
2018-12-09 14:45,3300
2018-12-09 14:50,3305
2018-12-09 14:55,3329
2018-12-09 15:00,3336
2018-12-09 15:05,3347
2018-12-09 15:10,3362
2018-12-09 15:15,3381
2018-12-09 15:20,3351
2018-12-09 15:25,3378
2018-12-09 15:30,3396
2018-12-09 15:35,3418
2018-12-09 15:40,3432
2018-12-09 15:45,3431
2018-12-09 15:50,3451
2018-12-09 15:55,3502
2018-12-09 16:00,3509
2018-12-09 16:05,3512
2018-12-09 16:10,3517
2018-12-09 16:15,3493
2018-12-09 16:20,3519
2018-12-09 16:25,3525
2018-12-09 16:30,3546
2018-12-09 16:35,3564
2018-12-09 16:40,3546
2018-12-09 16:45,3578
2018-12-09 16:50,3589
2018-12-09 16:55,3601
2018-12-09 17:00,3608
2018-12-09 17:05,3612
2018-12-09 17:10,3628
2018-12-09 17:15,3642
2018-12-09 17:20,3655
2018-12-09 17:25,3635
2018-12-09 17:30,3625
2018-12-09 17:35,3628
2018-12-09 17:40,3642
2018-12-09 17:45,3623
2018-12-09 17:50,3623
2018-12-09 17:55,3623
2018-12-09 18:00,3610
2018-12-09 18:05,3611
2018-12-09 18:10,3627
2018-12-09 18:15,3623
2018-12-09 18:20,3636
2018-12-09 18:25,3614
2018-12-09 18:30,3637
2018-12-09 18:35,3652
2018-12-09 18:40,3643
2018-12-09 18:45,3641
2018-12-09 18:50,3656
2018-12-09 18:55,3667
2018-12-09 19:00,3653
2018-12-09 19:05,3661
2018-12-09 19:10,3644
2018-12-09 19:15,3646
2018-12-09 19:20,3610
2018-12-09 19:25,3600
2018-12-09 19:30,3634
2018-12-09 19:35,3597
2018-12-09 19:40,3566
2018-12-09 19:45,3576
2018-12-09 19:50,3563
2018-12-09 19:55,3555
2018-12-09 20:00,3591
2018-12-09 20:05,3581
2018-12-09 20:10,3584
2018-12-09 20:15,3572
2018-12-09 20:20,3548
2018-12-09 20:25,3506
2018-12-09 20:30,3510
2018-12-09 20:35,3510
2018-12-09 20:40,3496
2018-12-09 20:45,3518
2018-12-09 20:50,3463
2018-12-09 20:55,3432
2018-12-09 21:00,3399
2018-12-09 21:05,3397
2018-12-09 21:10,3391
2018-12-09 21:15,3372
2018-12-09 21:20,3372
2018-12-09 21:25,3336
2018-12-09 21:30,3281
2018-12-09 21:35,3233
2018-12-09 21:40,3215
2018-12-09 21:45,3176
2018-12-09 21:50,3147
2018-12-09 21:55,3127
2018-12-09 22:00,3114
2018-12-09 22:05,3076
2018-12-09 22:10,3053
2018-12-09 22:15,3022
2018-12-09 22:20,2992
2018-12-09 22:25,2971
2018-12-09 22:30,2939
2018-12-09 22:35,2895
2018-12-09 22:40,2865
2018-12-09 22:45,2815
2018-12-09 22:50,2784
2018-12-09 22:55,2762
2018-12-09 23:00,2736
2018-12-09 23:05,2676
2018-12-09 23:10,2671
2018-12-09 23:15,2647
2018-12-09 23:20,2613
2018-12-09 23:25,2586
2018-12-09 23:30,2554
2018-12-09 23:35,2519
2018-12-09 23:40,2488
2018-12-09 23:45,2489
2018-12-09 23:50,2448
2018-12-09 23:55,2414
2018-12-10 00:00,2380
2018-12-10 00:05,2384
2018-12-10 00:10,2367
2018-12-10 00:15,2359
2018-12-10 00:20,2345
2018-12-10 00:25,2326
2018-12-10 00:30,2294
2018-12-10 00:35,2258
2018-12-10 00:40,2244
2018-12-10 00:45,2203
2018-12-10 00:50,2168
2018-12-10 00:55,2167
2018-12-10 01:00,2142
2018-12-10 01:05,2146
2018-12-10 01:10,2146
2018-12-10 01:15,2152
2018-12-10 01:20,2142
2018-12-10 01:25,2120
2018-12-10 01:30,2113
2018-12-10 01:35,2109
2018-12-10 01:40,2094
2018-12-10 01:45,2064
2018-12-10 01:50,2030
2018-12-10 01:55,2027
2018-12-10 02:00,2017
2018-12-10 02:05,1992
2018-12-10 02:10,1976
2018-12-10 02:15,1961
2018-12-10 02:20,1939
2018-12-10 02:25,1914
2018-12-10 02:30,1897
2018-12-10 02:35,1891
2018-12-10 02:40,1898
2018-12-10 02:45,1877
2018-12-10 02:50,1872
2018-12-10 02:55,1860
2018-12-10 03:00,1839
2018-12-10 03:05,1844
2018-12-10 03:10,1815
2018-12-10 03:15,1810
2018-12-10 03:20,1805
2018-12-10 03:25,1806
2018-12-10 03:30,1792
2018-12-10 03:35,1770
2018-12-10 03:40,1772
2018-12-10 03:45,1749
2018-12-10 03:50,1729
2018-12-10 03:55,1730
2018-12-10 04:00,1735
2018-12-10 04:05,1711
2018-12-10 04:10,1681
2018-12-10 04:15,1665
2018-12-10 04:20,1653
2018-12-10 04:25,1655
2018-12-10 04:30,1648
2018-12-10 04:35,1633
2018-12-10 04:40,1597
2018-12-10 04:45,1594
2018-12-10 04:50,1589
2018-12-10 04:55,1574
2018-12-10 05:00,1546
2018-12-10 05:05,1507
2018-12-10 05:10,1500
2018-12-10 05:15,1481
2018-12-10 05:20,1487
2018-12-10 05:25,1477
2018-12-10 05:30,1475
2018-12-10 05:35,1458
2018-12-10 05:40,1445
2018-12-10 05:45,1439
2018-12-10 05:50,1443
2018-12-10 05:55,1430
2018-12-10 06:00,1426
2018-12-10 06:05,1401
2018-12-10 06:10,1396
2018-12-10 06:15,1405
2018-12-10 06:20,1400
2018-12-10 06:25,1391
2018-12-10 06:30,1379
2018-12-10 06:35,1379
2018-12-10 06:40,1394
2018-12-10 06:45,1392
2018-12-10 06:50,1367
2018-12-10 06:55,1366
2018-12-10 07:00,1377
2018-12-10 07:05,1356
2018-12-10 07:10,1354
2018-12-10 07:15,1348
2018-12-10 07:20,1343
2018-12-10 07:25,1337
2018-12-10 07:30,1329
2018-12-10 07:35,1329
2018-12-10 07:40,1336
2018-12-10 07:45,1331
2018-12-10 07:50,1336
2018-12-10 07:55,1334
2018-12-10 08:00,1343
2018-12-10 08:05,1329
2018-12-10 08:10,1329
2018-12-10 08:15,1329
2018-12-10 08:20,1323
2018-12-10 08:25,1323
2018-12-10 08:30,1330
2018-12-10 08:35,1328
2018-12-10 08:40,1349
2018-12-10 08:45,1329
2018-12-10 08:50,1340
2018-12-10 08:55,1354
2018-12-10 09:00,1363
2018-12-10 09:05,1378
2018-12-10 09:10,1387
2018-12-10 09:15,1399
2018-12-10 09:20,1412
2018-12-10 09:25,1427
2018-12-10 09:30,1434
2018-12-10 09:35,1464
2018-12-10 09:40,1454
2018-12-10 09:45,1471
2018-12-10 09:50,1472
2018-12-10 09:55,1492
2018-12-10 10:00,1514
2018-12-10 10:05,1557
2018-12-10 10:10,1596
2018-12-10 10:15,1607
2018-12-10 10:20,1621
2018-12-10 10:25,1647
2018-12-10 10:30,1657
2018-12-10 10:35,1678
2018-12-10 10:40,1690
2018-12-10 10:45,1717
2018-12-10 10:50,1728
2018-12-10 10:55,1744
2018-12-10 11:00,1740
2018-12-10 11:05,1738
2018-12-10 11:10,1731
2018-12-10 11:15,1736
2018-12-10 11:20,1738
2018-12-10 11:25,1731
2018-12-10 11:30,1750
2018-12-10 11:35,1759
2018-12-10 11:40,1763
2018-12-10 11:45,1784
2018-12-10 11:50,1781
2018-12-10 11:55,1801
2018-12-10 12:00,1825
2018-12-10 12:05,1834
2018-12-10 12:10,1843
2018-12-10 12:15,1875
2018-12-10 12:20,1878
2018-12-10 12:25,1873
2018-12-10 12:30,1895
2018-12-10 12:35,1900
2018-12-10 12:40,1937
2018-12-10 12:45,1974
2018-12-10 12:50,1986
2018-12-10 12:55,1992
2018-12-10 13:00,1983
2018-12-10 13:05,1988
2018-12-10 13:10,2000
2018-12-10 13:15,2030
2018-12-10 13:20,2051
2018-12-10 13:25,2091
2018-12-10 13:30,2098
2018-12-10 13:35,2138
2018-12-10 13:40,2158
2018-12-10 13:45,2182
2018-12-10 13:50,2185
2018-12-10 13:55,2204
2018-12-10 14:00,2222
2018-12-10 14:05,2223
2018-12-10 14:10,2219
2018-12-10 14:15,2223
2018-12-10 14:20,2209
2018-12-10 14:25,2223
2018-12-10 14:30,2235
2018-12-10 14:35,2231
2018-12-10 14:40,2249
2018-12-10 14:45,2259
2018-12-10 14:50,2293
2018-12-10 14:55,2291
2018-12-10 15:00,2303
2018-12-10 15:05,2325
2018-12-10 15:10,2341
2018-12-10 15:15,2356
2018-12-10 15:20,
2018-12-10 15:25,2395
2018-12-10 15:30,2401
2018-12-10 15:35,2419
2018-12-10 15:40,2435
2018-12-10 15:45,2465
2018-12-10 15:50,2494
2018-12-10 15:55,2516
2018-12-10 16:00,2563
2018-12-10 16:05,2592
2018-12-10 16:10,2632
2018-12-10 16:15,2660
2018-12-10 16:20,2727
2018-12-10 16:25,2771
2018-12-10 16:30,
2018-12-10 16:35,2786
2018-12-10 16:40,2793
2018-12-10 16:45,2802
2018-12-10 16:50,2793
2018-12-10 16:55,2812
2018-12-10 17:00,2818
2018-12-10 17:05,2825
2018-12-10 17:10,2853
2018-12-10 17:15,2876
2018-12-10 17:20,2906
2018-12-10 17:25,2934
2018-12-10 17:30,2981
2018-12-10 17:35,3013
2018-12-10 17:40,3013
2018-12-10 17:45,3029
2018-12-10 17:50,3032
2018-12-10 17:55,3030
2018-12-10 18:00,3050
2018-12-10 18:05,3055
2018-12-10 18:10,3070
2018-12-10 18:15,3084
2018-12-10 18:20,3094
2018-12-10 18:25,3100
2018-12-10 18:30,3103
2018-12-10 18:35,3101
2018-12-10 18:40,3097
2018-12-10 18:45,3122
2018-12-10 18:50,3135
2018-12-10 18:55,3137
2018-12-10 19:00,3153
2018-12-10 19:05,3148
2018-12-10 19:10,3133
2018-12-10 19:15,3151
2018-12-10 19:20,3134
2018-12-10 19:25,3109
2018-12-10 19:30,3108
2018-12-10 19:35,3122
2018-12-10 19:40,3159
2018-12-10 19:45,3182
2018-12-10 19:50,3190
2018-12-10 19:55,3188
2018-12-10 20:00,3199
2018-12-10 20:05,3180
2018-12-10 20:10,3181
2018-12-10 20:15,3177
2018-12-10 20:20,3161
2018-12-10 20:25,3198
2018-12-10 20:30,3195
2018-12-10 20:35,3203
2018-12-10 20:40,3192
2018-12-10 20:45,3166
2018-12-10 20:50,3149
2018-12-10 20:55,3123
2018-12-10 21:00,3100
2018-12-10 21:05,3055
2018-12-10 21:10,3041
2018-12-10 21:15,2990
2018-12-10 21:20,2984
2018-12-10 21:25,2978
2018-12-10 21:30,2940
2018-12-10 21:35,2928
2018-12-10 21:40,2915
2018-12-10 21:45,2885
2018-12-10 21:50,2826
2018-12-10 21:55,2815
2018-12-10 22:00,2762
2018-12-10 22:05,2737
2018-12-10 22:10,2716
2018-12-10 22:15,2694
2018-12-10 22:20,2671
2018-12-10 22:25,2649
2018-12-10 22:30,2621
2018-12-10 22:35,2594
2018-12-10 22:40,2550
2018-12-10 22:45,2535
2018-12-10 22:50,2509
2018-12-10 22:55,2486
2018-12-10 23:00,2486
2018-12-10 23:05,2459
2018-12-10 23:10,2433
2018-12-10 23:15,2398
2018-12-10 23:20,2395
2018-12-10 23:25,2384
2018-12-10 23:30,2340
2018-12-10 23:35,2323
2018-12-10 23:40,2298
2018-12-10 23:45,2278
2018-12-10 23:50,2243
2018-12-10 23:55,2215
2018-12-11 00:00,2188
2018-12-11 00:05,2172
2018-12-11 00:10,2143
2018-12-11 00:15,2142
2018-12-11 00:20,2120
2018-12-11 00:25,2116
2018-12-11 00:30,2112
2018-12-11 00:35,2096
2018-12-11 00:40,2081
2018-12-11 00:45,2057
2018-12-11 00:50,2056
2018-12-11 00:55,2028
2018-12-11 01:00,2031
2018-12-11 01:05,2019
2018-12-11 01:10,2008
2018-12-11 01:15,2007
2018-12-11 01:20,2012
2018-12-11 01:25,2021
2018-12-11 01:30,2014
2018-12-11 01:35,2003
2018-12-11 01:40,1989
2018-12-11 01:45,2001
2018-12-11 01:50,2010
2018-12-11 01:55,2017
2018-12-11 02:00,1989
2018-12-11 02:05,1978
2018-12-11 02:10,1968
2018-12-11 02:15,1956
2018-12-11 02:20,1926
2018-12-11 02:25,1927
2018-12-11 02:30,1910
2018-12-11 02:35,1882
2018-12-11 02:40,1857
2018-12-11 02:45,1851
2018-12-11 02:50,1822
2018-12-11 02:55,1802
2018-12-11 03:00,1794
2018-12-11 03:05,1784
2018-12-11 03:10,1762
2018-12-11 03:15,1755
2018-12-11 03:20,1744
2018-12-11 03:25,1736
2018-12-11 03:30,1720
2018-12-11 03:35,1692
2018-12-11 03:40,1690
2018-12-11 03:45,1665
2018-12-11 03:50,1659
2018-12-11 03:55,1632
2018-12-11 04:00,1617
2018-12-11 04:05,1601
2018-12-11 04:10,1600
2018-12-11 04:15,1574
2018-12-11 04:20,1567
2018-12-11 04:25,1567
2018-12-11 04:30,1564
2018-12-11 04:35,1543
2018-12-11 04:40,1541
2018-12-11 04:45,1542
2018-12-11 04:50,1533
2018-12-11 04:55,1503
2018-12-11 05:00,1501
2018-12-11 05:05,1484
2018-12-11 05:10,1478
2018-12-11 05:15,1450
2018-12-11 05:20,1428
2018-12-11 05:25,1396
2018-12-11 05:30,1378
2018-12-11 05:35,1364
2018-12-11 05:40,1352
2018-12-11 05:45,1347
2018-12-11 05:50,1351
2018-12-11 05:55,1343
2018-12-11 06:00,1335
2018-12-11 06:05,1329
2018-12-11 06:10,1310
2018-12-11 06:15,1304
2018-12-11 06:20,1319
2018-12-11 06:25,1306
2018-12-11 06:30,1307
2018-12-11 06:35,1301
2018-12-11 06:40,1274
2018-12-11 06:45,1277
2018-12-11 06:50,1295
2018-12-11 06:55,1285
2018-12-11 07:00,1283
2018-12-11 07:05,1270
2018-12-11 07:10,1267
2018-12-11 07:15,1273
2018-12-11 07:20,1253
2018-12-11 07:25,1241
2018-12-11 07:30,1224
2018-12-11 07:35,1234
2018-12-11 07:40,1220
2018-12-11 07:45,1234
2018-12-11 07:50,1236
2018-12-11 07:55,1235
2018-12-11 08:00,1245
2018-12-11 08:05,1257
2018-12-11 08:10,1260
2018-12-11 08:15,1264
2018-12-11 08:20,1253
2018-12-11 08:25,1262
2018-12-11 08:30,1279
2018-12-11 08:35,1286
2018-12-11 08:40,1276
2018-12-11 08:45,1300
2018-12-11 08:50,1295
2018-12-11 08:55,1282
2018-12-11 09:00,1300
2018-12-11 09:05,1316
2018-12-11 09:10,1324
2018-12-11 09:15,1348
2018-12-11 09:20,1354
2018-12-11 09:25,1368
2018-12-11 09:30,1376
2018-12-11 09:35,1390
2018-12-11 09:40,1399
2018-12-11 09:45,1398
2018-12-11 09:50,1399
2018-12-11 09:55,1403
2018-12-11 10:00,1443
2018-12-11 10:05,1479
2018-12-11 10:10,1500
2018-12-11 10:15,1527
2018-12-11 10:20,1556
2018-12-11 10:25,1554
2018-12-11 10:30,1576
2018-12-11 10:35,1597
2018-12-11 10:40,1590
2018-12-11 10:45,1599
2018-12-11 10:50,1610
2018-12-11 10:55,1625
2018-12-11 11:00,1606
2018-12-11 11:05,1596
2018-12-11 11:10,1623
2018-12-11 11:15,1638
2018-12-11 11:20,1646
2018-12-11 11:25,1664
2018-12-11 11:30,1674
2018-12-11 11:35,1689
2018-12-11 11:40,1709
2018-12-11 11:45,1737
2018-12-11 11:50,1732
2018-12-11 11:55,1755
2018-12-11 12:00,1761
2018-12-11 12:05,1746
2018-12-11 12:10,1757
2018-12-11 12:15,1760
2018-12-11 12:20,1758
2018-12-11 12:25,1773
2018-12-11 12:30,1791
2018-12-11 12:35,1798
2018-12-11 12:40,1802
2018-12-11 12:45,1824
2018-12-11 12:50,1821
2018-12-11 12:55,1826
2018-12-11 13:00,1835
2018-12-11 13:05,1842
2018-12-11 13:10,1841
2018-12-11 13:15,1855
2018-12-11 13:20,1876
2018-12-11 13:25,1914
2018-12-11 13:30,1932
2018-12-11 13:35,1976
2018-12-11 13:40,1999
2018-12-11 13:45,1980
2018-12-11 13:50,2018
2018-12-11 13:55,2060
2018-12-11 14:00,2049
2018-12-11 14:05,2073
2018-12-11 14:10,2072
2018-12-11 14:15,2093
2018-12-11 14:20,2103
2018-12-11 14:25,2122
2018-12-11 14:30,2157
2018-12-11 14:35,2181
2018-12-11 14:40,2189
2018-12-11 14:45,2197
2018-12-11 14:50,2225
2018-12-11 14:55,2277
2018-12-11 15:00,2294
2018-12-11 15:05,2271
2018-12-11 15:10,2288
2018-12-11 15:15,2272
2018-12-11 15:20,2266
2018-12-11 15:25,2261
2018-12-11 15:30,2225
2018-12-11 15:35,2166
2018-12-11 15:40,2144
2018-12-11 15:45,2155
2018-12-11 15:50,2190
2018-12-11 15:55,2196
2018-12-11 16:00,2208
2018-12-11 16:05,2234
2018-12-11 16:10,2246
2018-12-11 16:15,2258
2018-12-11 16:20,2282
2018-12-11 16:25,2301
2018-12-11 16:30,2321
2018-12-11 16:35,2342
2018-12-11 16:40,2342
2018-12-11 16:45,2349
2018-12-11 16:50,2366
2018-12-11 16:55,2387
2018-12-11 17:00,2410
2018-12-11 17:05,2418
2018-12-11 17:10,2412
2018-12-11 17:15,2436
2018-12-11 17:20,2464
2018-12-11 17:25,2443
2018-12-11 17:30,2488
2018-12-11 17:35,2557
2018-12-11 17:40,2622
2018-12-11 17:45,2662
2018-12-11 17:50,2678
2018-12-11 17:55,2689
2018-12-11 18:00,2712
2018-12-11 18:05,2753
2018-12-11 18:10,2796
2018-12-11 18:15,2794
2018-12-11 18:20,2842
2018-12-11 18:25,2870
2018-12-11 18:30,2891
2018-12-11 18:35,2902
2018-12-11 18:40,2924
2018-12-11 18:45,2907
2018-12-11 18:50,2927
2018-12-11 18:55,2949
2018-12-11 19:00,2952
2018-12-11 19:05,2995
2018-12-11 19:10,3016
2018-12-11 19:15,3010
2018-12-11 19:20,3030
2018-12-11 19:25,3026
2018-12-11 19:30,3008
2018-12-11 19:35,2989
2018-12-11 19:40,2968
2018-12-11 19:45,2971
2018-12-11 19:50,3005
2018-12-11 19:55,3001
2018-12-11 20:00,2992
2018-12-11 20:05,2981
2018-12-11 20:10,2930
2018-12-11 20:15,2917
2018-12-11 20:20,2894
2018-12-11 20:25,2895
2018-12-11 20:30,2906
2018-12-11 20:35,2911
2018-12-11 20:40,2938
2018-12-11 20:45,2925
2018-12-11 20:50,2929
2018-12-11 20:55,2871
2018-12-11 21:00,2852
2018-12-11 21:05,2813
2018-12-11 21:10,2800
2018-12-11 21:15,2807
2018-12-11 21:20,2795
2018-12-11 21:25,2788
2018-12-11 21:30,2762
2018-12-11 21:35,2732
2018-12-11 21:40,2717
2018-12-11 21:45,2704
2018-12-11 21:50,2695
2018-12-11 21:55,2658
2018-12-11 22:00,2617
2018-12-11 22:05,2594
2018-12-11 22:10,2580
2018-12-11 22:15,2544
2018-12-11 22:20,2506
2018-12-11 22:25,2480
2018-12-11 22:30,2476
2018-12-11 22:35,2460
2018-12-11 22:40,2443
2018-12-11 22:45,2434
2018-12-11 22:50,2381
2018-12-11 22:55,2353
2018-12-11 23:00,2342
2018-12-11 23:05,2323
2018-12-11 23:10,
2018-12-11 23:15,
2018-12-11 23:20,1306
2018-12-11 23:25,2112
2018-12-11 23:30,2183
2018-12-11 23:35,2180
2018-12-11 23:40,2179
2018-12-11 23:45,2144
2018-12-11 23:50,2136
2018-12-11 23:55,2109
2018-12-12 00:00,2095
2018-12-12 00:05,2095
2018-12-12 00:10,2070
2018-12-12 00:15,2070
2018-12-12 00:20,2049
2018-12-12 00:25,2023
2018-12-12 00:30,2001
2018-12-12 00:35,2000
2018-12-12 00:40,2003
2018-12-12 00:45,1977
2018-12-12 00:50,1953
2018-12-12 00:55,1942
2018-12-12 01:00,1940
2018-12-12 01:05,1932
2018-12-12 01:10,1924
2018-12-12 01:15,1895
2018-12-12 01:20,1892
2018-12-12 01:25,1903
2018-12-12 01:30,1899
2018-12-12 01:35,1886
2018-12-12 01:40,1863
2018-12-12 01:45,1843
2018-12-12 01:50,1810
2018-12-12 01:55,1813
2018-12-12 02:00,1802
2018-12-12 02:05,1791
2018-12-12 02:10,1796
2018-12-12 02:15,1768
2018-12-12 02:20,1777
2018-12-12 02:25,1752
2018-12-12 02:30,1738
2018-12-12 02:35,1738
2018-12-12 02:40,1739
2018-12-12 02:45,1734
2018-12-12 02:50,1724
2018-12-12 02:55,1708
2018-12-12 03:00,1691
2018-12-12 03:05,1687
2018-12-12 03:10,1685
2018-12-12 03:15,1679
2018-12-12 03:20,1652
2018-12-12 03:25,1656
2018-12-12 03:30,1657
2018-12-12 03:35,1635
2018-12-12 03:40,1610
2018-12-12 03:45,1601
2018-12-12 03:50,1567
2018-12-12 03:55,1557
2018-12-12 04:00,1537
2018-12-12 04:05,1516
2018-12-12 04:10,1505
2018-12-12 04:15,1486
2018-12-12 04:20,1473
2018-12-12 04:25,1466
2018-12-12 04:30,1462
2018-12-12 04:35,1457
2018-12-12 04:40,1438
2018-12-12 04:45,1441
2018-12-12 04:50,1437
2018-12-12 04:55,1433
2018-12-12 05:00,1399
2018-12-12 05:05,1405
2018-12-12 05:10,1380
2018-12-12 05:15,1368
2018-12-12 05:20,1342
2018-12-12 05:25,1349
2018-12-12 05:30,1347
2018-12-12 05:35,1325
2018-12-12 05:40,1314
2018-12-12 05:45,1307
2018-12-12 05:50,1308
2018-12-12 05:55,1284
2018-12-12 06:00,1298
2018-12-12 06:05,1294
2018-12-12 06:10,1277
2018-12-12 06:15,1278
2018-12-12 06:20,1270
2018-12-12 06:25,1260
2018-12-12 06:30,1252
2018-12-12 06:35,1221
2018-12-12 06:40,1222
2018-12-12 06:45,1216
2018-12-12 06:50,1221
2018-12-12 06:55,1221
2018-12-12 07:00,1213
2018-12-12 07:05,1212
2018-12-12 07:10,1217
2018-12-12 07:15,1195
2018-12-12 07:20,1202
2018-12-12 07:25,1206
2018-12-12 07:30,1211
2018-12-12 07:35,1203
2018-12-12 07:40,1207
2018-12-12 07:45,1217
2018-12-12 07:50,1231
2018-12-12 07:55,1234
2018-12-12 08:00,1234
2018-12-12 08:05,1229
2018-12-12 08:10,1234
2018-12-12 08:15,1252
2018-12-12 08:20,1253
2018-12-12 08:25,1245
2018-12-12 08:30,1250
2018-12-12 08:35,1271
2018-12-12 08:40,1293
2018-12-12 08:45,1303
2018-12-12 08:50,1305
2018-12-12 08:55,1317
2018-12-12 09:00,1317
2018-12-12 09:05,1321
2018-12-12 09:10,1315
2018-12-12 09:15,1344
2018-12-12 09:20,1348
2018-12-12 09:25,1350
2018-12-12 09:30,1353
2018-12-12 09:35,1362
2018-12-12 09:40,1358
2018-12-12 09:45,1382
2018-12-12 09:50,1417
2018-12-12 09:55,1433
2018-12-12 10:00,1438
2018-12-12 10:05,1460
2018-12-12 10:10,1482
2018-12-12 10:15,1508
2018-12-12 10:20,1510
2018-12-12 10:25,1518
2018-12-12 10:30,1543
2018-12-12 10:35,1559
2018-12-12 10:40,1585
2018-12-12 10:45,1586
2018-12-12 10:50,1598
2018-12-12 10:55,1630
2018-12-12 11:00,1611
2018-12-12 11:05,1615
2018-12-12 11:10,1613
2018-12-12 11:15,1619
2018-12-12 11:20,1639
2018-12-12 11:25,1641
2018-12-12 11:30,1654
2018-12-12 11:35,1639
2018-12-12 11:40,1652
2018-12-12 11:45,1649
2018-12-12 11:50,1665
2018-12-12 11:55,1690
2018-12-12 12:00,1720
2018-12-12 12:05,1727
2018-12-12 12:10,1722
2018-12-12 12:15,1734
2018-12-12 12:20,1740
2018-12-12 12:25,1768
2018-12-12 12:30,1810
2018-12-12 12:35,1828
2018-12-12 12:40,1825
2018-12-12 12:45,1857
2018-12-12 12:50,1862
2018-12-12 12:55,1859
2018-12-12 13:00,1856
2018-12-12 13:05,1871
2018-12-12 13:10,1885
2018-12-12 13:15,1888
2018-12-12 13:20,1909
2018-12-12 13:25,1917
2018-12-12 13:30,1937
2018-12-12 13:35,1951
2018-12-12 13:40,1942
2018-12-12 13:45,1967
2018-12-12 13:50,1966
2018-12-12 13:55,1998
2018-12-12 14:00,2015
2018-12-12 14:05,2004
2018-12-12 14:10,2006
2018-12-12 14:15,2033
2018-12-12 14:20,2060
2018-12-12 14:25,2053
2018-12-12 14:30,2076
2018-12-12 14:35,2105
2018-12-12 14:40,2098
2018-12-12 14:45,2105
2018-12-12 14:50,2108
2018-12-12 14:55,2132
2018-12-12 15:00,2142
2018-12-12 15:05,2146
2018-12-12 15:10,2161
2018-12-12 15:15,2143
2018-12-12 15:20,2169
2018-12-12 15:25,2205
2018-12-12 15:30,2203
2018-12-12 15:35,2225
2018-12-12 15:40,2274
2018-12-12 15:45,2290
2018-12-12 15:50,2298
2018-12-12 15:55,2315
2018-12-12 16:00,2350
2018-12-12 16:05,2352
2018-12-12 16:10,2361
2018-12-12 16:15,2377
2018-12-12 16:20,2411
2018-12-12 16:25,2427
2018-12-12 16:30,2467
2018-12-12 16:35,2487
2018-12-12 16:40,2485
2018-12-12 16:45,2509
2018-12-12 16:50,2545
2018-12-12 16:55,2561
2018-12-12 17:00,2577
2018-12-12 17:05,2594
2018-12-12 17:10,2587
2018-12-12 17:15,2614
2018-12-12 17:20,2617
2018-12-12 17:25,2621
2018-12-12 17:30,2665
2018-12-12 17:35,2653
2018-12-12 17:40,2675
2018-12-12 17:45,2704
2018-12-12 17:50,2712
2018-12-12 17:55,2719
2018-12-12 18:00,2726
2018-12-12 18:05,2727
2018-12-12 18:10,2750
2018-12-12 18:15,2753
2018-12-12 18:20,2764
2018-12-12 18:25,2768
2018-12-12 18:30,2732
2018-12-12 18:35,2760
2018-12-12 18:40,2790
2018-12-12 18:45,2784
2018-12-12 18:50,2777
2018-12-12 18:55,2774
2018-12-12 19:00,2820
2018-12-12 19:05,2831
2018-12-12 19:10,2819
2018-12-12 19:15,2810
2018-12-12 19:20,2810
2018-12-12 19:25,2796
2018-12-12 19:30,2813
2018-12-12 19:35,2840
2018-12-12 19:40,2791
2018-12-12 19:45,2787
2018-12-12 19:50,2775
2018-12-12 19:55,2766
2018-12-12 20:00,2765
2018-12-12 20:05,2778
2018-12-12 20:10,2788
2018-12-12 20:15,2773
2018-12-12 20:20,2795
2018-12-12 20:25,2778
2018-12-12 20:30,2787
2018-12-12 20:35,2774
2018-12-12 20:40,2775
2018-12-12 20:45,2766
2018-12-12 20:50,2764
2018-12-12 20:55,2762
2018-12-12 21:00,2759
2018-12-12 21:05,2753
2018-12-12 21:10,2714
2018-12-12 21:15,2691
2018-12-12 21:20,2678
2018-12-12 21:25,2670
2018-12-12 21:30,2646
2018-12-12 21:35,2625
2018-12-12 21:40,2606
2018-12-12 21:45,2574
2018-12-12 21:50,2559
2018-12-12 21:55,2515
2018-12-12 22:00,2482
2018-12-12 22:05,2469
2018-12-12 22:10,2439
2018-12-12 22:15,2431
2018-12-12 22:20,2408
2018-12-12 22:25,2404
2018-12-12 22:30,2377
2018-12-12 22:35,2354
2018-12-12 22:40,2352
2018-12-12 22:45,2321
2018-12-12 22:50,2283
2018-12-12 22:55,2274
2018-12-12 23:00,2251
2018-12-12 23:05,2221
2018-12-12 23:10,2201
2018-12-12 23:15,2163
2018-12-12 23:20,2154
2018-12-12 23:25,2136
2018-12-12 23:30,2109
2018-12-12 23:35,2092
2018-12-12 23:40,2083
2018-12-12 23:45,2104
2018-12-12 23:50,2073
2018-12-12 23:55,2073
2018-12-13 00:00,2055
2018-12-13 00:05,2033
2018-12-13 00:10,2042
2018-12-13 00:15,2023
2018-12-13 00:20,1910
2018-12-13 00:25,1980
2018-12-13 00:30,1961
2018-12-13 00:35,1880
2018-12-13 00:40,1931
2018-12-13 00:45,0
2018-12-13 00:50,1914
2018-12-13 00:55,1917
2018-12-13 01:00,1893
2018-12-13 01:05,1898
2018-12-13 01:10,1879
2018-12-13 01:15,1857
2018-12-13 01:20,1854
2018-12-13 01:25,1836
2018-12-13 01:30,1837
2018-12-13 01:35,1836
2018-12-13 01:40,1838
2018-12-13 01:45,1839
2018-12-13 01:50,1822
2018-12-13 01:55,1796
2018-12-13 02:00,1775
2018-12-13 02:05,1763
2018-12-13 02:10,1744
2018-12-13 02:15,1731
2018-12-13 02:20,1731
2018-12-13 02:25,1728
2018-12-13 02:30,1713
2018-12-13 02:35,1701
2018-12-13 02:40,1705
2018-12-13 02:45,1687
2018-12-13 02:50,1676
2018-12-13 02:55,1665
2018-12-13 03:00,1673
2018-12-13 03:05,1660
2018-12-13 03:10,1660
2018-12-13 03:15,1647
2018-12-13 03:20,1636
2018-12-13 03:25,1603
2018-12-13 03:30,1583
2018-12-13 03:35,1579
2018-12-13 03:40,1564
2018-12-13 03:45,1551
2018-12-13 03:50,1542
2018-12-13 03:55,1536
2018-12-13 04:00,1528
2018-12-13 04:05,1485
2018-12-13 04:10,1461
2018-12-13 04:15,1450
2018-12-13 04:20,1428
2018-12-13 04:25,1423
2018-12-13 04:30,1403
2018-12-13 04:35,1401
2018-12-13 04:40,1389
2018-12-13 04:45,1369
2018-12-13 04:50,1360
2018-12-13 04:55,1347
2018-12-13 05:00,1347
2018-12-13 05:05,1342
2018-12-13 05:10,1315
2018-12-13 05:15,1307
2018-12-13 05:20,1283
2018-12-13 05:25,1287
2018-12-13 05:30,1279
2018-12-13 05:35,1270
2018-12-13 05:40,1263
2018-12-13 05:45,1232
2018-12-13 05:50,1245
2018-12-13 05:55,1239
2018-12-13 06:00,1253
2018-12-13 06:05,1240
2018-12-13 06:10,1222
2018-12-13 06:15,1215
2018-12-13 06:20,1219
2018-12-13 06:25,1206
2018-12-13 06:30,1201
2018-12-13 06:35,1218
2018-12-13 06:40,1210
2018-12-13 06:45,1204
2018-12-13 06:50,1208
2018-12-13 06:55,1215
2018-12-13 07:00,1224
2018-12-13 07:05,1212
2018-12-13 07:10,1194
2018-12-13 07:15,1185
2018-12-13 07:20,1172
2018-12-13 07:25,1191
2018-12-13 07:30,1190
2018-12-13 07:35,1199
2018-12-13 07:40,1202
2018-12-13 07:45,1186
2018-12-13 07:50,1183
2018-12-13 07:55,1181
2018-12-13 08:00,1168
2018-12-13 08:05,1183
2018-12-13 08:10,1169
2018-12-13 08:15,1175
2018-12-13 08:20,1173
2018-12-13 08:25,1178
2018-12-13 08:30,1194
2018-12-13 08:35,1188
2018-12-13 08:40,1191
2018-12-13 08:45,1194
2018-12-13 08:50,1218
2018-12-13 08:55,1238
2018-12-13 09:00,1239
2018-12-13 09:05,1233
2018-12-13 09:10,1253
2018-12-13 09:15,1250
2018-12-13 09:20,1263
2018-12-13 09:25,1274
2018-12-13 09:30,1288
2018-12-13 09:35,1300
2018-12-13 09:40,1325
2018-12-13 09:45,1331
2018-12-13 09:50,1328
2018-12-13 09:55,1351
2018-12-13 10:00,1368
2018-12-13 10:05,1423
2018-12-13 10:10,1466
2018-12-13 10:15,1486
2018-12-13 10:20,1507
2018-12-13 10:25,1513
2018-12-13 10:30,1509
2018-12-13 10:35,1527
2018-12-13 10:40,1546
2018-12-13 10:45,1557
2018-12-13 10:50,1563
2018-12-13 10:55,1558
2018-12-13 11:00,1561
2018-12-13 11:05,1561
2018-12-13 11:10,1562
2018-12-13 11:15,1573
2018-12-13 11:20,1578
2018-12-13 11:25,1600
2018-12-13 11:30,1622
2018-12-13 11:35,1619
2018-12-13 11:40,1632
2018-12-13 11:45,1618
2018-12-13 11:50,1619
2018-12-13 11:55,1611
2018-12-13 12:00,1615
2018-12-13 12:05,1619
2018-12-13 12:10,1628
2018-12-13 12:15,1653
2018-12-13 12:20,1675
2018-12-13 12:25,1677
2018-12-13 12:30,1707
2018-12-13 12:35,1717
2018-12-13 12:40,1760
2018-12-13 12:45,1732
2018-12-13 12:50,1760
2018-12-13 12:55,1776
2018-12-13 13:00,1784
2018-12-13 13:05,1784
2018-12-13 13:10,1807
2018-12-13 13:15,1841
2018-12-13 13:20,1851
2018-12-13 13:25,1855
2018-12-13 13:30,1872
2018-12-13 13:35,1855
2018-12-13 13:40,1848
2018-12-13 13:45,1853
2018-12-13 13:50,1878
2018-12-13 13:55,1893
2018-12-13 14:00,1951
2018-12-13 14:05,1935
2018-12-13 14:10,1938
2018-12-13 14:15,1939
2018-12-13 14:20,1951
2018-12-13 14:25,1946
2018-12-13 14:30,1944
2018-12-13 14:35,1939
2018-12-13 14:40,1927
2018-12-13 14:45,1922
2018-12-13 14:50,1856
2018-12-13 14:55,1773
2018-12-13 15:00,1542
2018-12-13 15:05,1108
2018-12-13 15:10,1101
2018-12-13 15:15,1108
2018-12-13 15:20,1101
2018-12-13 15:25,1125
2018-12-13 15:30,1132
2018-12-13 15:35,1127
2018-12-13 15:40,1122
2018-12-13 15:45,1145
2018-12-13 15:50,1191
2018-12-13 15:55,1216
2018-12-13 16:00,1218
2018-12-13 16:05,1235
2018-12-13 16:10,1340
2018-12-13 16:15,1450
2018-12-13 16:20,1583
2018-12-13 16:25,1684
2018-12-13 16:30,1772
2018-12-13 16:35,1855
2018-12-13 16:40,1927
2018-12-13 16:45,1978
2018-12-13 16:50,2060
2018-12-13 16:55,2151
2018-12-13 17:00,2201
2018-12-13 17:05,2252
2018-12-13 17:10,2319
2018-12-13 17:15,2374
2018-12-13 17:20,2405
2018-12-13 17:25,2473
2018-12-13 17:30,2534
2018-12-13 17:35,2571
2018-12-13 17:40,2637
2018-12-13 17:45,2673
2018-12-13 17:50,2671
2018-12-13 17:55,2693
2018-12-13 18:00,2728
2018-12-13 18:05,2750
2018-12-13 18:10,2767
2018-12-13 18:15,2754
2018-12-13 18:20,2753
2018-12-13 18:25,2770
2018-12-13 18:30,2804
2018-12-13 18:35,2809
2018-12-13 18:40,2794
2018-12-13 18:45,2806
2018-12-13 18:50,2813
2018-12-13 18:55,2825
2018-12-13 19:00,2818
2018-12-13 19:05,2821
2018-12-13 19:10,2793
2018-12-13 19:15,2799
2018-12-13 19:20,2802
2018-12-13 19:25,2826
2018-12-13 19:30,2842
2018-12-13 19:35,2865
2018-12-13 19:40,2858
2018-12-13 19:45,2844
2018-12-13 19:50,2829
2018-12-13 19:55,2830
2018-12-13 20:00,2853
2018-12-13 20:05,2863
2018-12-13 20:10,2850
2018-12-13 20:15,2821
2018-12-13 20:20,2774
2018-12-13 20:25,2781
2018-12-13 20:30,2751
2018-12-13 20:35,2744
2018-12-13 20:40,2737
2018-12-13 20:45,2723
2018-12-13 20:50,2707
2018-12-13 20:55,2714
2018-12-13 21:00,2716
2018-12-13 21:05,2697
2018-12-13 21:10,2677
2018-12-13 21:15,2658
2018-12-13 21:20,2642
2018-12-13 21:25,2633
2018-12-13 21:30,2623
2018-12-13 21:35,2600
2018-12-13 21:40,2571
2018-12-13 21:45,2545
2018-12-13 21:50,2516
2018-12-13 21:55,2490
2018-12-13 22:00,2475
2018-12-13 22:05,2462
2018-12-13 22:10,2435
2018-12-13 22:15,2417
2018-12-13 22:20,2420
2018-12-13 22:25,2396
2018-12-13 22:30,2378
2018-12-13 22:35,2361
2018-12-13 22:40,2352
2018-12-13 22:45,2348
2018-12-13 22:50,2321
2018-12-13 22:55,2278
2018-12-13 23:00,2252
2018-12-13 23:05,2232
2018-12-13 23:10,2184
2018-12-13 23:15,2176
2018-12-13 23:20,2147
2018-12-13 23:25,2116
2018-12-13 23:30,2079
2018-12-13 23:35,2048
2018-12-13 23:40,2026
2018-12-13 23:45,2027
2018-12-13 23:50,2019
2018-12-13 23:55,2006
2018-12-14 00:00,1999
2018-12-14 00:05,1991
2018-12-14 00:10,1994
2018-12-14 00:15,1977
2018-12-14 00:20,1943
2018-12-14 00:25,1941
2018-12-14 00:30,1930
2018-12-14 00:35,1923
2018-12-14 00:40,1908
2018-12-14 00:45,1871
2018-12-14 00:50,1880
2018-12-14 00:55,1873
2018-12-14 01:00,1852
2018-12-14 01:05,1818
2018-12-14 01:10,1816
2018-12-14 01:15,1796
2018-12-14 01:20,1794
2018-12-14 01:25,1780
2018-12-14 01:30,1785
2018-12-14 01:35,1757
2018-12-14 01:40,1726
2018-12-14 01:45,1726
2018-12-14 01:50,1719
2018-12-14 01:55,1704
2018-12-14 02:00,1691
2018-12-14 02:05,1702
2018-12-14 02:10,1696
2018-12-14 02:15,1675
2018-12-14 02:20,1693
2018-12-14 02:25,1661
2018-12-14 02:30,1676
2018-12-14 02:35,1676
2018-12-14 02:40,1664
2018-12-14 02:45,1670
2018-12-14 02:50,1665
2018-12-14 02:55,1642
2018-12-14 03:00,1647
2018-12-14 03:05,1635
2018-12-14 03:10,1612
2018-12-14 03:15,1611
2018-12-14 03:20,1614
2018-12-14 03:25,1609
2018-12-14 03:30,1582
2018-12-14 03:35,1586
2018-12-14 03:40,1573
2018-12-14 03:45,1554
2018-12-14 03:50,1547
2018-12-14 03:55,1537
2018-12-14 04:00,1536
2018-12-14 04:05,1509
2018-12-14 04:10,1478
2018-12-14 04:15,1479
2018-12-14 04:20,1452
2018-12-14 04:25,1429
2018-12-14 04:30,1425
2018-12-14 04:35,1420
2018-12-14 04:40,1413
2018-12-14 04:45,1405
2018-12-14 04:50,1384
2018-12-14 04:55,1370
2018-12-14 05:00,1367
2018-12-14 05:05,1346
2018-12-14 05:10,1337
2018-12-14 05:15,1332
2018-12-14 05:20,1321
2018-12-14 05:25,1301
2018-12-14 05:30,1315
2018-12-14 05:35,1315
2018-12-14 05:40,1292
2018-12-14 05:45,1286
2018-12-14 05:50,1275
2018-12-14 05:55,1260
2018-12-14 06:00,1273
2018-12-14 06:05,1273
2018-12-14 06:10,1254
2018-12-14 06:15,1245
2018-12-14 06:20,1237
2018-12-14 06:25,1217
2018-12-14 06:30,1214
2018-12-14 06:35,1225
2018-12-14 06:40,1252
2018-12-14 06:45,1261
2018-12-14 06:50,1255
2018-12-14 06:55,1259
2018-12-14 07:00,1272
2018-12-14 07:05,1250
2018-12-14 07:10,1253
2018-12-14 07:15,1238
2018-12-14 07:20,1239
2018-12-14 07:25,1241
2018-12-14 07:30,1254
2018-12-14 07:35,1250
2018-12-14 07:40,1258
2018-12-14 07:45,1255
2018-12-14 07:50,1274
2018-12-14 07:55,1263
2018-12-14 08:00,1236
2018-12-14 08:05,1223
2018-12-14 08:10,1215
2018-12-14 08:15,1235
2018-12-14 08:20,1244
2018-12-14 08:25,1258
2018-12-14 08:30,1280
2018-12-14 08:35,1271
2018-12-14 08:40,1295
2018-12-14 08:45,1326
2018-12-14 08:50,1330
2018-12-14 08:55,1318
2018-12-14 09:00,1329
2018-12-14 09:05,1343
2018-12-14 09:10,1363
2018-12-14 09:15,1370
2018-12-14 09:20,1370
2018-12-14 09:25,1382
2018-12-14 09:30,1401
2018-12-14 09:35,1401
2018-12-14 09:40,1411
2018-12-14 09:45,1431
2018-12-14 09:50,1438
2018-12-14 09:55,1467
2018-12-14 10:00,1467
2018-12-14 10:05,1509
2018-12-14 10:10,1531
2018-12-14 10:15,1551
2018-12-14 10:20,1560
2018-12-14 10:25,1566
2018-12-14 10:30,1570
2018-12-14 10:35,1591
2018-12-14 10:40,1597
2018-12-14 10:45,1606
2018-12-14 10:50,1616
2018-12-14 10:55,1634
2018-12-14 11:00,1647
2018-12-14 11:05,1640
2018-12-14 11:10,1641
2018-12-14 11:15,1636
2018-12-14 11:20,1654
2018-12-14 11:25,1662
2018-12-14 11:30,1644
2018-12-14 11:35,1666
2018-12-14 11:40,1687
2018-12-14 11:45,1707
2018-12-14 11:50,1721
2018-12-14 11:55,1731
2018-12-14 12:00,1742
2018-12-14 12:05,1751
2018-12-14 12:10,1759
2018-12-14 12:15,1762
2018-12-14 12:20,1773
2018-12-14 12:25,1788
2018-12-14 12:30,1775
2018-12-14 12:35,1789
2018-12-14 12:40,1806
2018-12-14 12:45,1820
2018-12-14 12:50,1807
2018-12-14 12:55,1836
2018-12-14 13:00,1863
2018-12-14 13:05,1892
2018-12-14 13:10,1903
2018-12-14 13:15,1927
2018-12-14 13:20,1940
2018-12-14 13:25,1943
2018-12-14 13:30,1947
2018-12-14 13:35,1975
2018-12-14 13:40,1977
2018-12-14 13:45,1977
2018-12-14 13:50,1981
2018-12-14 13:55,2000
2018-12-14 14:00,2008
2018-12-14 14:05,2010
2018-12-14 14:10,2011
2018-12-14 14:15,2026
2018-12-14 14:20,2032
2018-12-14 14:25,2051
2018-12-14 14:30,2053
2018-12-14 14:35,2067
2018-12-14 14:40,2091
2018-12-14 14:45,2121
2018-12-14 14:50,2145
2018-12-14 14:55,2169
2018-12-14 15:00,2172
2018-12-14 15:05,2169
2018-12-14 15:10,2198
2018-12-14 15:15,2219
2018-12-14 15:20,2233
2018-12-14 15:25,2245
2018-12-14 15:30,2257
2018-12-14 15:35,2277
2018-12-14 15:40,2295
2018-12-14 15:45,2295
2018-12-14 15:50,2329
2018-12-14 15:55,2329
2018-12-14 16:00,2378
2018-12-14 16:05,2392
2018-12-14 16:10,2416
2018-12-14 16:15,2416
2018-12-14 16:20,2422
2018-12-14 16:25,2433
2018-12-14 16:30,2434
2018-12-14 16:35,2459
2018-12-14 16:40,2474
2018-12-14 16:45,2478
2018-12-14 16:50,2516
2018-12-14 16:55,2522
2018-12-14 17:00,2530
2018-12-14 17:05,2567
2018-12-14 17:10,2588
2018-12-14 17:15,2557
2018-12-14 17:20,2577
2018-12-14 17:25,2597
2018-12-14 17:30,2597
2018-12-14 17:35,2600
2018-12-14 17:40,2617
2018-12-14 17:45,2617
2018-12-14 17:50,2637
2018-12-14 17:55,2652
2018-12-14 18:00,2648
2018-12-14 18:05,2640
2018-12-14 18:10,2660
2018-12-14 18:15,2667
2018-12-14 18:20,2664
2018-12-14 18:25,2666
2018-12-14 18:30,2666
2018-12-14 18:35,2669
2018-12-14 18:40,2711
2018-12-14 18:45,2711
2018-12-14 18:50,2711
2018-12-14 18:55,2689
2018-12-14 19:00,2720
2018-12-14 19:05,2696
2018-12-14 19:10,2711
2018-12-14 19:15,2707
2018-12-14 19:20,2723
2018-12-14 19:25,2715
2018-12-14 19:30,2699
2018-12-14 19:35,2700
2018-12-14 19:40,2705
2018-12-14 19:45,2696
2018-12-14 19:50,2708
2018-12-14 19:55,2720
2018-12-14 20:00,2751
2018-12-14 20:05,2762
2018-12-14 20:10,2762
2018-12-14 20:15,2762
2018-12-14 20:20,2766
2018-12-14 20:25,2775
2018-12-14 20:30,2785
2018-12-14 20:35,2763
2018-12-14 20:40,2739
2018-12-14 20:45,2728
2018-12-14 20:50,2714
2018-12-14 20:55,2706
2018-12-14 21:00,2718
2018-12-14 21:05,2697
2018-12-14 21:10,2697
2018-12-14 21:15,2725
2018-12-14 21:20,2718
2018-12-14 21:25,2736
2018-12-14 21:30,2745
2018-12-14 21:35,2709
2018-12-14 21:40,2700
2018-12-14 21:45,2700
2018-12-14 21:50,2690
2018-12-14 21:55,2663
2018-12-14 22:00,2658
2018-12-14 22:05,2648
2018-12-14 22:10,2648
2018-12-14 22:15,2611
2018-12-14 22:20,2589
2018-12-14 22:25,2553
2018-12-14 22:30,2550
2018-12-14 22:35,2517
2018-12-14 22:40,2488
2018-12-14 22:45,2466
2018-12-14 22:50,2461
2018-12-14 22:55,2437
2018-12-14 23:00,2434
2018-12-14 23:05,2424
2018-12-14 23:10,2400
2018-12-14 23:15,2345
2018-12-14 23:20,2330
2018-12-14 23:25,2316
2018-12-14 23:30,2316
2018-12-14 23:35,2285
2018-12-14 23:40,2244
2018-12-14 23:45,2244
2018-12-14 23:50,2189
2018-12-14 23:55,2176
2018-12-15 00:00,2163
2018-12-15 00:05,2146
2018-12-15 00:10,2128
2018-12-15 00:15,2128
2018-12-15 00:20,2083
2018-12-15 00:25,2089
2018-12-15 00:30,2089
2018-12-15 00:35,2077
2018-12-15 00:40,2065
2018-12-15 00:45,2065
2018-12-15 00:50,2073
2018-12-15 00:55,2048
2018-12-15 01:00,2049
2018-12-15 01:05,2049
2018-12-15 01:10,2023
2018-12-15 01:15,2008
2018-12-15 01:20,1979
2018-12-15 01:25,1972
2018-12-15 01:30,1956
2018-12-15 01:35,1951
2018-12-15 01:40,1937
2018-12-15 01:45,1934
2018-12-15 01:50,1945
2018-12-15 01:55,1920
2018-12-15 02:00,1920
2018-12-15 02:05,1888
2018-12-15 02:10,1885
2018-12-15 02:15,1881
2018-12-15 02:20,1882
2018-12-15 02:25,1860
2018-12-15 02:30,1854
2018-12-15 02:35,1838
2018-12-15 02:40,1832
2018-12-15 02:45,1823
2018-12-15 02:50,1785
2018-12-15 02:55,1785
2018-12-15 03:00,1766
2018-12-15 03:05,1755
2018-12-15 03:10,1752
2018-12-15 03:15,1741
2018-12-15 03:20,1725
2018-12-15 03:25,1718
2018-12-15 03:30,1709
2018-12-15 03:35,1693
2018-12-15 03:40,1684
2018-12-15 03:45,1682
2018-12-15 03:50,1697
2018-12-15 03:55,1682
2018-12-15 04:00,1676
2018-12-15 04:05,1684
2018-12-15 04:10,1671
2018-12-15 04:15,1660
2018-12-15 04:20,1643
2018-12-15 04:25,1643
2018-12-15 04:30,1639
2018-12-15 04:35,1639
2018-12-15 04:40,1642
2018-12-15 04:45,1637
2018-12-15 04:50,1630
2018-12-15 04:55,1623
2018-12-15 05:00,1613
2018-12-15 05:05,1566
2018-12-15 05:10,1556
2018-12-15 05:15,1545
2018-12-15 05:20,1542
2018-12-15 05:25,1540
2018-12-15 05:30,1533
2018-12-15 05:35,1521
2018-12-15 05:40,1508
2018-12-15 05:45,1496
2018-12-15 05:50,1496
2018-12-15 05:55,1496
2018-12-15 06:00,1506
2018-12-15 06:05,1512
2018-12-15 06:10,1511
2018-12-15 06:15,1507
2018-12-15 06:20,1505
2018-12-15 06:25,1478
2018-12-15 06:30,1457
2018-12-15 06:35,1468
2018-12-15 06:40,1452
2018-12-15 06:45,1458
2018-12-15 06:50,1453
2018-12-15 06:55,1455
2018-12-15 07:00,1446
2018-12-15 07:05,1471
2018-12-15 07:10,1468
2018-12-15 07:15,1473
2018-12-15 07:20,1471
2018-12-15 07:25,1475
2018-12-15 07:30,1481
2018-12-15 07:35,1484
2018-12-15 07:40,1525
2018-12-15 07:45,1523
2018-12-15 07:50,1515
2018-12-15 07:55,1520
2018-12-15 08:00,1529
2018-12-15 08:05,1529
2018-12-15 08:10,1540
2018-12-15 08:15,1533
2018-12-15 08:20,1535
2018-12-15 08:25,1549
2018-12-15 08:30,1554
2018-12-15 08:35,1555
2018-12-15 08:40,1587
2018-12-15 08:45,1604
2018-12-15 08:50,1615
2018-12-15 08:55,1634
2018-12-15 09:00,1651
2018-12-15 09:05,1670
2018-12-15 09:10,1698
2018-12-15 09:15,1715
2018-12-15 09:20,1729
2018-12-15 09:25,1743
2018-12-15 09:30,1769
2018-12-15 09:35,1788
2018-12-15 09:40,1805
2018-12-15 09:45,1812
2018-12-15 09:50,1839
2018-12-15 09:55,1860
2018-12-15 10:00,1875
2018-12-15 10:05,1899
2018-12-15 10:10,1952
2018-12-15 10:15,1968
2018-12-15 10:20,1992
2018-12-15 10:25,1998
2018-12-15 10:30,2029
2018-12-15 10:35,2059
2018-12-15 10:40,2070
2018-12-15 10:45,2050
2018-12-15 10:50,2057
2018-12-15 10:55,2060
2018-12-15 11:00,2070
2018-12-15 11:05,2093
2018-12-15 11:10,2091
2018-12-15 11:15,2104
2018-12-15 11:20,2128
2018-12-15 11:25,2146
2018-12-15 11:30,2141
2018-12-15 11:35,2144
2018-12-15 11:40,2160
2018-12-15 11:45,2191
2018-12-15 11:50,2200
2018-12-15 11:55,2221
2018-12-15 12:00,2250
2018-12-15 12:05,2250
2018-12-15 12:10,2275
2018-12-15 12:15,2287
2018-12-15 12:20,2291
2018-12-15 12:25,2312
2018-12-15 12:30,2346
2018-12-15 12:35,2339
2018-12-15 12:40,2362
2018-12-15 12:45,2385
2018-12-15 12:50,2411
2018-12-15 12:55,2398
2018-12-15 13:00,2403
2018-12-15 13:05,2423
2018-12-15 13:10,2429
2018-12-15 13:15,2455
2018-12-15 13:20,2473
2018-12-15 13:25,2495
2018-12-15 13:30,2496
2018-12-15 13:35,2519
2018-12-15 13:40,2526
2018-12-15 13:45,2504
2018-12-15 13:50,2526
2018-12-15 13:55,2517
2018-12-15 14:00,2526
2018-12-15 14:05,2546
2018-12-15 14:10,2572
2018-12-15 14:15,2576
2018-12-15 14:20,2580
2018-12-15 14:25,2598
2018-12-15 14:30,2636
2018-12-15 14:35,2658
2018-12-15 14:40,2678
2018-12-15 14:45,2693
2018-12-15 14:50,2733
2018-12-15 14:55,2739
2018-12-15 15:00,2737
2018-12-15 15:05,2751
2018-12-15 15:10,2752
2018-12-15 15:15,2744
2018-12-15 15:20,2750
2018-12-15 15:25,2760
2018-12-15 15:30,2753
2018-12-15 15:35,2784
2018-12-15 15:40,2814
2018-12-15 15:45,2824
2018-12-15 15:50,2847
2018-12-15 15:55,2872
2018-12-15 16:00,2894
2018-12-15 16:05,2883
2018-12-15 16:10,2913
2018-12-15 16:15,2896
2018-12-15 16:20,2917
2018-12-15 16:25,2932
2018-12-15 16:30,2942
2018-12-15 16:35,2971
2018-12-15 16:40,2967
2018-12-15 16:45,2997
2018-12-15 16:50,3006
2018-12-15 16:55,3041
2018-12-15 17:00,3028
2018-12-15 17:05,3033
2018-12-15 17:10,3044
2018-12-15 17:15,3072
2018-12-15 17:20,3056
2018-12-15 17:25,3078
2018-12-15 17:30,3086
2018-12-15 17:35,3083
2018-12-15 17:40,3089
2018-12-15 17:45,3086
2018-12-15 17:50,3083
2018-12-15 17:55,3107
2018-12-15 18:00,3110
2018-12-15 18:05,3097
2018-12-15 18:10,3092
2018-12-15 18:15,3086
2018-12-15 18:20,3076
2018-12-15 18:25,3078
2018-12-15 18:30,3084
2018-12-15 18:35,3082
2018-12-15 18:40,3101
2018-12-15 18:45,3111
2018-12-15 18:50,3106
2018-12-15 18:55,3101
2018-12-15 19:00,3112
2018-12-15 19:05,3136
2018-12-15 19:10,3109
2018-12-15 19:15,3100
2018-12-15 19:20,3113
2018-12-15 19:25,3125
2018-12-15 19:30,3111
2018-12-15 19:35,3119
2018-12-15 19:40,3104
2018-12-15 19:45,3117
2018-12-15 19:50,3141
2018-12-15 19:55,3146
2018-12-15 20:00,3156
2018-12-15 20:05,3135
2018-12-15 20:10,3148
2018-12-15 20:15,3132
2018-12-15 20:20,3127
2018-12-15 20:25,3145
2018-12-15 20:30,3139
2018-12-15 20:35,3139
2018-12-15 20:40,3121
2018-12-15 20:45,3123
2018-12-15 20:50,3121
2018-12-15 20:55,3131
2018-12-15 21:00,3091
2018-12-15 21:05,3092
2018-12-15 21:10,3069
2018-12-15 21:15,3075
2018-12-15 21:20,3060
2018-12-15 21:25,3062
2018-12-15 21:30,3046
2018-12-15 21:35,3025
2018-12-15 21:40,3019
2018-12-15 21:45,3026
2018-12-15 21:50,3015
2018-12-15 21:55,3025
2018-12-15 22:00,3025
2018-12-15 22:05,3010
2018-12-15 22:10,2980
2018-12-15 22:15,2940
2018-12-15 22:20,2905
2018-12-15 22:25,2879
2018-12-15 22:30,2881
2018-12-15 22:35,2848
2018-12-15 22:40,2814
2018-12-15 22:45,2772
2018-12-15 22:50,2757
2018-12-15 22:55,2737
2018-12-15 23:00,2716
2018-12-15 23:05,2710
2018-12-15 23:10,2657
2018-12-15 23:15,2630
2018-12-15 23:20,2620
2018-12-15 23:25,2611
2018-12-15 23:30,2601
2018-12-15 23:35,2594
2018-12-15 23:40,2575
2018-12-15 23:45,2555
2018-12-15 23:50,2534
2018-12-15 23:55,2507
2018-12-16 00:00,2446
2018-12-16 00:05,2446
2018-12-16 00:10,2394
2018-12-16 00:15,2385
2018-12-16 00:20,2382
2018-12-16 00:25,2364
2018-12-16 00:30,2317
2018-12-16 00:35,2291
2018-12-16 00:40,2282
2018-12-16 00:45,2247
2018-12-16 00:50,2227
2018-12-16 00:55,2193
2018-12-16 01:00,2176
2018-12-16 01:05,2156
2018-12-16 01:10,2145
2018-12-16 01:15,2134
2018-12-16 01:20,2122
2018-12-16 01:25,2121
2018-12-16 01:30,2088
2018-12-16 01:35,2068
2018-12-16 01:40,2053
2018-12-16 01:45,2033
2018-12-16 01:50,2035
2018-12-16 01:55,2023
2018-12-16 02:00,1991
2018-12-16 02:05,1988
2018-12-16 02:10,1976
2018-12-16 02:15,1964
2018-12-16 02:20,1960
2018-12-16 02:25,1966
2018-12-16 02:30,1958
2018-12-16 02:35,1946
2018-12-16 02:40,1930
2018-12-16 02:45,1950
2018-12-16 02:50,1933
2018-12-16 02:55,1919
2018-12-16 03:00,1910
2018-12-16 03:05,1914
2018-12-16 03:10,1916
2018-12-16 03:15,1908
2018-12-16 03:20,1898
2018-12-16 03:25,1897
2018-12-16 03:30,1882
2018-12-16 03:35,1863
2018-12-16 03:40,1851
2018-12-16 03:45,1853
2018-12-16 03:50,1833
2018-12-16 03:55,1833
2018-12-16 04:00,1826
2018-12-16 04:05,1807
2018-12-16 04:10,1790
2018-12-16 04:15,1799
2018-12-16 04:20,1775
2018-12-16 04:25,1750
2018-12-16 04:30,1746
2018-12-16 04:35,1737
2018-12-16 04:40,1721
2018-12-16 04:45,1721
2018-12-16 04:50,1716
2018-12-16 04:55,1691
2018-12-16 05:00,1675
2018-12-16 05:05,1665
2018-12-16 05:10,1664
2018-12-16 05:15,1664
2018-12-16 05:20,1670
2018-12-16 05:25,1648
2018-12-16 05:30,1646
2018-12-16 05:35,1636
2018-12-16 05:40,1639
2018-12-16 05:45,1615
2018-12-16 05:50,1620
2018-12-16 05:55,1611
2018-12-16 06:00,1596
2018-12-16 06:05,1588
2018-12-16 06:10,1587
2018-12-16 06:15,1596
2018-12-16 06:20,1601
2018-12-16 06:25,1594
2018-12-16 06:30,1600
2018-12-16 06:35,1603
2018-12-16 06:40,1602
2018-12-16 06:45,1605
2018-12-16 06:50,1619
2018-12-16 06:55,1619
2018-12-16 07:00,1636
2018-12-16 07:05,1647
2018-12-16 07:10,1633
2018-12-16 07:15,1646
2018-12-16 07:20,1657
2018-12-16 07:25,1656
2018-12-16 07:30,1655
2018-12-16 07:35,1661
2018-12-16 07:40,1661
2018-12-16 07:45,1667
2018-12-16 07:50,1678
2018-12-16 07:55,1676
2018-12-16 08:00,1669
2018-12-16 08:05,1684
2018-12-16 08:10,1695
2018-12-16 08:15,1710
2018-12-16 08:20,1718
2018-12-16 08:25,1751
2018-12-16 08:30,1773
2018-12-16 08:35,1807
2018-12-16 08:40,1824
2018-12-16 08:45,1850
2018-12-16 08:50,1880
2018-12-16 08:55,1900
2018-12-16 09:00,1915
2018-12-16 09:05,1936
2018-12-16 09:10,1970
2018-12-16 09:15,1982
2018-12-16 09:20,1972
2018-12-16 09:25,1991
2018-12-16 09:30,2011
2018-12-16 09:35,2002
2018-12-16 09:40,2013
2018-12-16 09:45,2029
2018-12-16 09:50,2046
2018-12-16 09:55,2061
2018-12-16 10:00,2075
2018-12-16 10:05,2089
2018-12-16 10:10,2105
2018-12-16 10:15,2140
2018-12-16 10:20,2183
2018-12-16 10:25,2190
2018-12-16 10:30,2202
2018-12-16 10:35,2224
2018-12-16 10:40,2241
2018-12-16 10:45,2261
2018-12-16 10:50,2296
2018-12-16 10:55,2324
2018-12-16 11:00,2353
2018-12-16 11:05,2381
2018-12-16 11:10,2365
2018-12-16 11:15,2374
2018-12-16 11:20,2398
2018-12-16 11:25,2390
2018-12-16 11:30,2416
2018-12-16 11:35,2433
2018-12-16 11:40,2453
2018-12-16 11:45,2432
2018-12-16 11:50,2428
2018-12-16 11:55,2437
2018-12-16 12:00,2447
2018-12-16 12:05,2458
2018-12-16 12:10,2464
2018-12-16 12:15,2476
2018-12-16 12:20,2504
2018-12-16 12:25,2496
2018-12-16 12:30,2522
2018-12-16 12:35,2560
2018-12-16 12:40,2564
2018-12-16 12:45,2600
2018-12-16 12:50,2614
2018-12-16 12:55,2631
2018-12-16 13:00,2638
2018-12-16 13:05,2636
2018-12-16 13:10,2657
2018-12-16 13:15,2667
2018-12-16 13:20,2698
2018-12-16 13:25,2729
2018-12-16 13:30,2719
2018-12-16 13:35,2741
2018-12-16 13:40,2760
2018-12-16 13:45,2757
2018-12-16 13:50,2774
2018-12-16 13:55,2793
2018-12-16 14:00,2795
2018-12-16 14:05,2807
2018-12-16 14:10,2817
2018-12-16 14:15,2856
2018-12-16 14:20,2875
2018-12-16 14:25,2880
2018-12-16 14:30,2902
2018-12-16 14:35,2907
2018-12-16 14:40,2906
2018-12-16 14:45,2929
2018-12-16 14:50,2961
2018-12-16 14:55,2978
2018-12-16 15:00,3007
2018-12-16 15:05,3026
2018-12-16 15:10,3031
2018-12-16 15:15,3062
2018-12-16 15:20,3086
2018-12-16 15:25,3102
2018-12-16 15:30,3124
2018-12-16 15:35,3142
2018-12-16 15:40,3171
2018-12-16 15:45,3181
2018-12-16 15:50,3220
2018-12-16 15:55,3213
2018-12-16 16:00,3211
2018-12-16 16:05,3205
2018-12-16 16:10,3240
2018-12-16 16:15,3245
2018-12-16 16:20,3254
2018-12-16 16:25,3262
2018-12-16 16:30,3265
2018-12-16 16:35,3288
2018-12-16 16:40,3299
2018-12-16 16:45,3303
2018-12-16 16:50,3330
2018-12-16 16:55,3364
2018-12-16 17:00,3356
2018-12-16 17:05,3330
2018-12-16 17:10,3346
2018-12-16 17:15,3381
2018-12-16 17:20,3404
2018-12-16 17:25,3387
2018-12-16 17:30,3389
2018-12-16 17:35,3376
2018-12-16 17:40,3365
2018-12-16 17:45,3382
2018-12-16 17:50,3371
2018-12-16 17:55,3394
2018-12-16 18:00,3387
2018-12-16 18:05,3385
2018-12-16 18:10,3391
2018-12-16 18:15,3362
2018-12-16 18:20,3373
2018-12-16 18:25,3388
2018-12-16 18:30,3373
2018-12-16 18:35,3371
2018-12-16 18:40,3349
2018-12-16 18:45,3330
2018-12-16 18:50,3331
2018-12-16 18:55,3353
2018-12-16 19:00,3352
2018-12-16 19:05,3351
2018-12-16 19:10,3343
2018-12-16 19:15,3369
2018-12-16 19:20,3351
2018-12-16 19:25,3350
2018-12-16 19:30,3344
2018-12-16 19:35,3337
2018-12-16 19:40,3318
2018-12-16 19:45,3332
2018-12-16 19:50,3334
2018-12-16 19:55,3322
2018-12-16 20:00,3328
2018-12-16 20:05,3314
2018-12-16 20:10,3305
2018-12-16 20:15,3287
2018-12-16 20:20,3272
2018-12-16 20:25,3262
2018-12-16 20:30,3269
2018-12-16 20:35,3266
2018-12-16 20:40,3216
2018-12-16 20:45,3182
2018-12-16 20:50,3166
2018-12-16 20:55,3152
2018-12-16 21:00,3166
2018-12-16 21:05,3150
2018-12-16 21:10,3112
2018-12-16 21:15,3096
2018-12-16 21:20,3069
2018-12-16 21:25,3039
2018-12-16 21:30,3008
2018-12-16 21:35,2972
2018-12-16 21:40,2983
2018-12-16 21:45,2981
2018-12-16 21:50,2955
2018-12-16 21:55,2937
2018-12-16 22:00,2905
2018-12-16 22:05,2882
2018-12-16 22:10,2839
2018-12-16 22:15,2797
2018-12-16 22:20,2769
2018-12-16 22:25,2722
2018-12-16 22:30,2690
2018-12-16 22:35,2690
2018-12-16 22:40,2650
2018-12-16 22:45,2647
2018-12-16 22:50,2627
2018-12-16 22:55,2594
2018-12-16 23:00,2554
2018-12-16 23:05,2518
2018-12-16 23:10,2479
2018-12-16 23:15,2427
2018-12-16 23:20,2411
2018-12-16 23:25,2393
2018-12-16 23:30,2345
2018-12-16 23:35,2336
2018-12-16 23:40,2323
2018-12-16 23:45,2290
2018-12-16 23:50,2270
2018-12-16 23:55,2233
2018-12-17 00:00,2209
2018-12-17 00:05,2191
2018-12-17 00:10,2179
2018-12-17 00:15,2164
2018-12-17 00:20,2157
2018-12-17 00:25,2155
2018-12-17 00:30,2147
2018-12-17 00:35,2146
2018-12-17 00:40,2134
2018-12-17 00:45,2136
2018-12-17 00:50,2122
2018-12-17 00:55,2096
2018-12-17 01:00,2058
2018-12-17 01:05,2026
2018-12-17 01:10,2020
2018-12-17 01:15,2005
2018-12-17 01:20,1973
2018-12-17 01:25,1951
2018-12-17 01:30,1949
2018-12-17 01:35,1933
2018-12-17 01:40,1933
2018-12-17 01:45,1932
2018-12-17 01:50,1921
2018-12-17 01:55,1915
2018-12-17 02:00,1908
2018-12-17 02:05,1886
2018-12-17 02:10,1859
2018-12-17 02:15,1837
2018-12-17 02:20,1816
2018-12-17 02:25,1819
2018-12-17 02:30,1815
2018-12-17 02:35,1792
2018-12-17 02:40,1795
2018-12-17 02:45,1790
2018-12-17 02:50,1762
2018-12-17 02:55,1743
2018-12-17 03:00,1722
2018-12-17 03:05,1722
2018-12-17 03:10,1725
2018-12-17 03:15,1717
2018-12-17 03:20,1704
2018-12-17 03:25,1709
2018-12-17 03:30,1685
2018-12-17 03:35,1673
2018-12-17 03:40,1653
2018-12-17 03:45,1641
2018-12-17 03:50,1657
2018-12-17 03:55,1642
2018-12-17 04:00,1615
2018-12-17 04:05,1610
2018-12-17 04:10,1594
2018-12-17 04:15,1576
2018-12-17 04:20,1567
2018-12-17 04:25,1542
2018-12-17 04:30,1518
2018-12-17 04:35,1504
2018-12-17 04:40,1500
2018-12-17 04:45,1485
2018-12-17 04:50,1479
2018-12-17 04:55,1447
2018-12-17 05:00,1442
2018-12-17 05:05,1439
2018-12-17 05:10,1418
2018-12-17 05:15,1413
2018-12-17 05:20,1414
2018-12-17 05:25,1390
2018-12-17 05:30,1367
2018-12-17 05:35,1348
2018-12-17 05:40,1346
2018-12-17 05:45,1338
2018-12-17 05:50,1331
2018-12-17 05:55,1321
2018-12-17 06:00,1298
2018-12-17 06:05,1287
2018-12-17 06:10,1279
2018-12-17 06:15,1287
2018-12-17 06:20,1267
2018-12-17 06:25,1269
2018-12-17 06:30,1255
2018-12-17 06:35,1263
2018-12-17 06:40,1256
2018-12-17 06:45,1254
2018-12-17 06:50,1263
2018-12-17 06:55,1258
2018-12-17 07:00,1240
2018-12-17 07:05,1243
2018-12-17 07:10,1236
2018-12-17 07:15,1234
2018-12-17 07:20,1233
2018-12-17 07:25,1230
2018-12-17 07:30,1228
2018-12-17 07:35,1222
2018-12-17 07:40,1213
2018-12-17 07:45,1208
2018-12-17 07:50,1202
2018-12-17 07:55,1198
2018-12-17 08:00,1194
2018-12-17 08:05,1215
2018-12-17 08:10,1212
2018-12-17 08:15,1224
2018-12-17 08:20,1242
2018-12-17 08:25,1244
2018-12-17 08:30,1241
2018-12-17 08:35,1250
2018-12-17 08:40,1264
2018-12-17 08:45,1283
2018-12-17 08:50,1288
2018-12-17 08:55,1309
2018-12-17 09:00,1337
2018-12-17 09:05,1348
2018-12-17 09:10,1329
2018-12-17 09:15,1336
2018-12-17 09:20,1338
2018-12-17 09:25,1364
2018-12-17 09:30,1385
2018-12-17 09:35,1381
2018-12-17 09:40,1397
2018-12-17 09:45,1424
2018-12-17 09:50,1417
2018-12-17 09:55,1433
2018-12-17 10:00,1443
2018-12-17 10:05,1484
2018-12-17 10:10,1510
2018-12-17 10:15,1538
2018-12-17 10:20,1558
2018-12-17 10:25,1571
2018-12-17 10:30,1576
2018-12-17 10:35,1596
2018-12-17 10:40,1597
2018-12-17 10:45,1602
2018-12-17 10:50,1639
2018-12-17 10:55,1645
2018-12-17 11:00,1641
2018-12-17 11:05,1631
2018-12-17 11:10,1652
2018-12-17 11:15,1657
2018-12-17 11:20,1679
2018-12-17 11:25,1674
2018-12-17 11:30,1688
2018-12-17 11:35,1710
2018-12-17 11:40,1720
2018-12-17 11:45,1725
2018-12-17 11:50,1743
2018-12-17 11:55,1761
2018-12-17 12:00,1784
2018-12-17 12:05,1778
2018-12-17 12:10,1791
2018-12-17 12:15,1804
2018-12-17 12:20,1800
2018-12-17 12:25,1806
2018-12-17 12:30,1823
2018-12-17 12:35,1849
2018-12-17 12:40,1876
2018-12-17 12:45,1889
2018-12-17 12:50,1917
2018-12-17 12:55,1897
2018-12-17 13:00,1906
2018-12-17 13:05,1919
2018-12-17 13:10,1930
2018-12-17 13:15,1935
2018-12-17 13:20,1967
2018-12-17 13:25,1969
2018-12-17 13:30,1995
2018-12-17 13:35,1985
2018-12-17 13:40,2002
2018-12-17 13:45,2027
2018-12-17 13:50,2040
2018-12-17 13:55,2042
2018-12-17 14:00,2057
2018-12-17 14:05,2078
2018-12-17 14:10,2095
2018-12-17 14:15,2109
2018-12-17 14:20,2107
2018-12-17 14:25,2118
2018-12-17 14:30,2149
2018-12-17 14:35,2183
2018-12-17 14:40,2196
2018-12-17 14:45,2209
2018-12-17 14:50,2233
2018-12-17 14:55,2256
2018-12-17 15:00,2282
2018-12-17 15:05,2291
2018-12-17 15:10,2307
2018-12-17 15:15,2317
2018-12-17 15:20,2315
2018-12-17 15:25,2321
2018-12-17 15:30,2356
2018-12-17 15:35,2376
2018-12-17 15:40,2391
2018-12-17 15:45,2404
2018-12-17 15:50,2429
2018-12-17 15:55,2445
2018-12-17 16:00,2444
2018-12-17 16:05,2465
2018-12-17 16:10,2501
2018-12-17 16:15,2511
2018-12-17 16:20,2526
2018-12-17 16:25,2572
2018-12-17 16:30,2585
2018-12-17 16:35,2599
2018-12-17 16:40,2614
2018-12-17 16:45,2639
2018-12-17 16:50,2650
2018-12-17 16:55,2667
2018-12-17 17:00,2681
2018-12-17 17:05,2700
2018-12-17 17:10,2701
2018-12-17 17:15,2723
2018-12-17 17:20,2727
2018-12-17 17:25,2746
2018-12-17 17:30,2747
2018-12-17 17:35,2775
2018-12-17 17:40,2776
2018-12-17 17:45,2811
2018-12-17 17:50,2801
2018-12-17 17:55,2824
2018-12-17 18:00,2844
2018-12-17 18:05,2876
2018-12-17 18:10,2849
2018-12-17 18:15,2868
2018-12-17 18:20,2895
2018-12-17 18:25,2926
2018-12-17 18:30,2947
2018-12-17 18:35,2930
2018-12-17 18:40,2945
2018-12-17 18:45,2957
2018-12-17 18:50,2976
2018-12-17 18:55,2973
2018-12-17 19:00,2962
2018-12-17 19:05,2997
2018-12-17 19:10,3013
2018-12-17 19:15,3033
2018-12-17 19:20,3019
2018-12-17 19:25,3032
2018-12-17 19:30,3037
2018-12-17 19:35,3047
2018-12-17 19:40,3015
2018-12-17 19:45,3002
2018-12-17 19:50,2999
2018-12-17 19:55,3009
2018-12-17 20:00,3008
2018-12-17 20:05,2990
2018-12-17 20:10,2988
2018-12-17 20:15,2970
2018-12-17 20:20,2964
2018-12-17 20:25,2974
2018-12-17 20:30,2983
2018-12-17 20:35,2969
2018-12-17 20:40,2974
2018-12-17 20:45,2953
2018-12-17 20:50,2940
2018-12-17 20:55,2913
2018-12-17 21:00,2878
2018-12-17 21:05,2846
2018-12-17 21:10,2811
2018-12-17 21:15,2777
2018-12-17 21:20,2782
2018-12-17 21:25,2757
2018-12-17 21:30,2748
2018-12-17 21:35,2744
2018-12-17 21:40,2758
2018-12-17 21:45,2767
2018-12-17 21:50,2719
2018-12-17 21:55,2712
2018-12-17 22:00,2680
2018-12-17 22:05,2660
2018-12-17 22:10,2631
2018-12-17 22:15,2601
2018-12-17 22:20,2558
2018-12-17 22:25,2495
2018-12-17 22:30,2482
2018-12-17 22:35,2471
2018-12-17 22:40,2453
2018-12-17 22:45,2420
2018-12-17 22:50,2414
2018-12-17 22:55,2386
2018-12-17 23:00,2387
2018-12-17 23:05,2386
2018-12-17 23:10,2353
2018-12-17 23:15,2310
2018-12-17 23:20,2312
2018-12-17 23:25,2302
2018-12-17 23:30,2272
2018-12-17 23:35,2232
2018-12-17 23:40,2209
2018-12-17 23:45,2197
2018-12-17 23:50,2196
2018-12-17 23:55,2164
2018-12-18 00:00,2148
2018-12-18 00:05,2134
2018-12-18 00:10,2105
2018-12-18 00:15,2082
2018-12-18 00:20,2058
2018-12-18 00:25,2061
2018-12-18 00:30,2055
2018-12-18 00:35,2034
2018-12-18 00:40,2008
2018-12-18 00:45,1992
2018-12-18 00:50,1989
2018-12-18 00:55,1984
2018-12-18 01:00,1973
2018-12-18 01:05,1964
2018-12-18 01:10,1939
2018-12-18 01:15,1912
2018-12-18 01:20,1931
2018-12-18 01:25,1913
2018-12-18 01:30,1921
2018-12-18 01:35,1910
2018-12-18 01:40,1893
2018-12-18 01:45,1876
2018-12-18 01:50,1875
2018-12-18 01:55,1873
2018-12-18 02:00,1873
2018-12-18 02:05,1838
2018-12-18 02:10,1831
2018-12-18 02:15,1823
2018-12-18 02:20,1817
2018-12-18 02:25,1800
2018-12-18 02:30,1802
2018-12-18 02:35,1784
2018-12-18 02:40,1779
2018-12-18 02:45,1770
2018-12-18 02:50,1760
2018-12-18 02:55,1769
2018-12-18 03:00,1773
2018-12-18 03:05,1762
2018-12-18 03:10,1745
2018-12-18 03:15,1734
2018-12-18 03:20,1726
2018-12-18 03:25,1703
2018-12-18 03:30,1677
2018-12-18 03:35,1652
2018-12-18 03:40,1635
2018-12-18 03:45,1626
2018-12-18 03:50,1620
2018-12-18 03:55,1608
2018-12-18 04:00,1590
2018-12-18 04:05,1583
2018-12-18 04:10,1566
2018-12-18 04:15,1570
2018-12-18 04:20,1557
2018-12-18 04:25,1536
2018-12-18 04:30,1538
2018-12-18 04:35,1522
2018-12-18 04:40,1506
2018-12-18 04:45,1481
2018-12-18 04:50,1477
2018-12-18 04:55,1468
2018-12-18 05:00,1458
2018-12-18 05:05,1440
2018-12-18 05:10,1423
2018-12-18 05:15,1400
2018-12-18 05:20,1376
2018-12-18 05:25,1369
2018-12-18 05:30,1371
2018-12-18 05:35,1359
2018-12-18 05:40,1376
2018-12-18 05:45,1359
2018-12-18 05:50,1351
2018-12-18 05:55,1350
2018-12-18 06:00,1353
2018-12-18 06:05,1344
2018-12-18 06:10,1345
2018-12-18 06:15,1339
2018-12-18 06:20,1346
2018-12-18 06:25,1339
2018-12-18 06:30,1330
2018-12-18 06:35,1330
2018-12-18 06:40,1312
2018-12-18 06:45,1315
2018-12-18 06:50,1321
2018-12-18 06:55,1317
2018-12-18 07:00,1308
2018-12-18 07:05,1302
2018-12-18 07:10,1277
2018-12-18 07:15,1273
2018-12-18 07:20,1267
2018-12-18 07:25,1286
2018-12-18 07:30,1269
2018-12-18 07:35,1277
2018-12-18 07:40,1268
2018-12-18 07:45,1272
2018-12-18 07:50,1264
2018-12-18 07:55,1261
2018-12-18 08:00,1252
2018-12-18 08:05,1251
2018-12-18 08:10,1239
2018-12-18 08:15,1243
2018-12-18 08:20,1243
2018-12-18 08:25,1237
2018-12-18 08:30,1227
2018-12-18 08:35,1226
2018-12-18 08:40,1241
2018-12-18 08:45,1267
2018-12-18 08:50,1265
2018-12-18 08:55,1271
2018-12-18 09:00,1285
2018-12-18 09:05,1280
2018-12-18 09:10,1306
2018-12-18 09:15,1317
2018-12-18 09:20,1315
2018-12-18 09:25,1332
2018-12-18 09:30,1350
2018-12-18 09:35,1378
2018-12-18 09:40,1400
2018-12-18 09:45,1416
2018-12-18 09:50,1450
2018-12-18 09:55,1459
2018-12-18 10:00,1484
2018-12-18 10:05,1505
2018-12-18 10:10,1536
2018-12-18 10:15,1560
2018-12-18 10:20,1577
2018-12-18 10:25,1582
2018-12-18 10:30,1604
2018-12-18 10:35,1607
2018-12-18 10:40,1614
2018-12-18 10:45,1630
2018-12-18 10:50,1637
2018-12-18 10:55,1631
2018-12-18 11:00,1631
2018-12-18 11:05,1629
2018-12-18 11:10,1629
2018-12-18 11:15,1636
2018-12-18 11:20,1663
2018-12-18 11:25,1643
2018-12-18 11:30,1641
2018-12-18 11:35,1664
2018-12-18 11:40,1675
2018-12-18 11:45,1680
2018-12-18 11:50,1685
2018-12-18 11:55,1701
2018-12-18 12:00,1700
2018-12-18 12:05,1702
2018-12-18 12:10,1715
2018-12-18 12:15,1728
2018-12-18 12:20,1730
2018-12-18 12:25,1764
2018-12-18 12:30,1760
2018-12-18 12:35,1782
2018-12-18 12:40,1783
2018-12-18 12:45,1806
2018-12-18 12:50,1821
2018-12-18 12:55,1821
2018-12-18 13:00,1830
2018-12-18 13:05,1859
2018-12-18 13:10,1860
2018-12-18 13:15,1868
2018-12-18 13:20,1885
2018-12-18 13:25,1924
2018-12-18 13:30,1914
2018-12-18 13:35,1920
2018-12-18 13:40,1925
2018-12-18 13:45,1954
2018-12-18 13:50,1978
2018-12-18 13:55,1980
2018-12-18 14:00,1990
2018-12-18 14:05,1986
2018-12-18 14:10,1986
2018-12-18 14:15,1984
2018-12-18 14:20,2001
2018-12-18 14:25,2060
2018-12-18 14:30,2067
2018-12-18 14:35,2094
2018-12-18 14:40,2112
2018-12-18 14:45,2141
2018-12-18 14:50,2148
2018-12-18 14:55,2150
2018-12-18 15:00,2172
2018-12-18 15:05,2186
2018-12-18 15:10,2195
2018-12-18 15:15,2208
2018-12-18 15:20,2230
2018-12-18 15:25,2259
2018-12-18 15:30,2259
2018-12-18 15:35,2273
2018-12-18 15:40,2316
2018-12-18 15:45,2352
2018-12-18 15:50,2382
2018-12-18 15:55,2391
2018-12-18 16:00,2404
2018-12-18 16:05,2418
2018-12-18 16:10,2425
2018-12-18 16:15,2438
2018-12-18 16:20,2468
2018-12-18 16:25,2452
2018-12-18 16:30,2468
2018-12-18 16:35,2485
2018-12-18 16:40,2495
2018-12-18 16:45,2517
2018-12-18 16:50,2529
2018-12-18 16:55,2553
2018-12-18 17:00,2560
2018-12-18 17:05,2591
2018-12-18 17:10,2603
2018-12-18 17:15,2643
2018-12-18 17:20,2665
2018-12-18 17:25,2652
2018-12-18 17:30,2652
2018-12-18 17:35,2645
2018-12-18 17:40,2665
2018-12-18 17:45,2707
2018-12-18 17:50,2718
2018-12-18 17:55,2722
2018-12-18 18:00,2723
2018-12-18 18:05,2736
2018-12-18 18:10,2767
2018-12-18 18:15,2789
2018-12-18 18:20,2818
2018-12-18 18:25,2828
2018-12-18 18:30,2819
2018-12-18 18:35,2844
2018-12-18 18:40,2846
2018-12-18 18:45,2872
2018-12-18 18:50,2875
2018-12-18 18:55,2872
2018-12-18 19:00,2868
2018-12-18 19:05,2866
2018-12-18 19:10,2859
2018-12-18 19:15,2845
2018-12-18 19:20,2847
2018-12-18 19:25,2845
2018-12-18 19:30,2830
2018-12-18 19:35,2852
2018-12-18 19:40,2889
2018-12-18 19:45,2902
2018-12-18 19:50,2910
2018-12-18 19:55,2936
2018-12-18 20:00,2938
2018-12-18 20:05,2941
2018-12-18 20:10,2963
2018-12-18 20:15,2960
2018-12-18 20:20,2964
2018-12-18 20:25,2939
2018-12-18 20:30,2957
2018-12-18 20:35,2942
2018-12-18 20:40,2917
2018-12-18 20:45,2941
2018-12-18 20:50,2908
2018-12-18 20:55,2910
2018-12-18 21:00,2911
2018-12-18 21:05,2857
2018-12-18 21:10,2827
2018-12-18 21:15,2813
2018-12-18 21:20,2785
2018-12-18 21:25,2765
2018-12-18 21:30,2769
2018-12-18 21:35,2756
2018-12-18 21:40,2751
2018-12-18 21:45,2689
2018-12-18 21:50,2684
2018-12-18 21:55,2644
2018-12-18 22:00,2635
2018-12-18 22:05,2608
2018-12-18 22:10,2601
2018-12-18 22:15,2568
2018-12-18 22:20,2536
2018-12-18 22:25,2523
2018-12-18 22:30,2493
2018-12-18 22:35,2466
2018-12-18 22:40,2453
2018-12-18 22:45,2421
2018-12-18 22:50,2397
2018-12-18 22:55,2370
2018-12-18 23:00,2329
2018-12-18 23:05,2295
2018-12-18 23:10,2261
2018-12-18 23:15,
2018-12-18 23:20,
2018-12-18 23:25,2059
2018-12-18 23:30,2121
2018-12-18 23:35,2108
2018-12-18 23:40,2124
2018-12-18 23:45,2110
2018-12-18 23:50,2075
2018-12-18 23:55,2057
2018-12-19 00:00,2027
2018-12-19 00:05,2020
2018-12-19 00:10,1991
2018-12-19 00:15,1980
2018-12-19 00:20,1970
2018-12-19 00:25,1965
2018-12-19 00:30,1957
2018-12-19 00:35,1960
2018-12-19 00:40,1953
2018-12-19 00:45,1958
2018-12-19 00:50,1954
2018-12-19 00:55,1957
2018-12-19 01:00,1947
2018-12-19 01:05,1934
2018-12-19 01:10,1929
2018-12-19 01:15,1926
2018-12-19 01:20,1900
2018-12-19 01:25,1913
2018-12-19 01:30,1903
2018-12-19 01:35,1923
2018-12-19 01:40,1922
2018-12-19 01:45,1910
2018-12-19 01:50,1910
2018-12-19 01:55,1898
2018-12-19 02:00,1883
2018-12-19 02:05,1865
2018-12-19 02:10,1846
2018-12-19 02:15,1858
2018-12-19 02:20,1840
2018-12-19 02:25,1826
2018-12-19 02:30,1811
2018-12-19 02:35,1796
2018-12-19 02:40,1784
2018-12-19 02:45,1775
2018-12-19 02:50,1765
2018-12-19 02:55,1729
2018-12-19 03:00,1698
2018-12-19 03:05,1706
2018-12-19 03:10,1686
2018-12-19 03:15,1671
2018-12-19 03:20,1684
2018-12-19 03:25,1671
2018-12-19 03:30,1650
2018-12-19 03:35,1628
2018-12-19 03:40,1612
2018-12-19 03:45,1594
2018-12-19 03:50,1585
2018-12-19 03:55,1554
2018-12-19 04:00,1548
2018-12-19 04:05,1514
2018-12-19 04:10,1505
2018-12-19 04:15,1489
2018-12-19 04:20,1477
2018-12-19 04:25,1492
2018-12-19 04:30,1469
2018-12-19 04:35,1470
2018-12-19 04:40,1462
2018-12-19 04:45,1454
2018-12-19 04:50,1448
2018-12-19 04:55,1448
2018-12-19 05:00,1431
2018-12-19 05:05,1421
2018-12-19 05:10,1396
2018-12-19 05:15,1389
2018-12-19 05:20,1373
2018-12-19 05:25,1366
2018-12-19 05:30,1365
2018-12-19 05:35,1336
2018-12-19 05:40,1341
2018-12-19 05:45,1342
2018-12-19 05:50,1327
2018-12-19 05:55,1325
2018-12-19 06:00,1334
2018-12-19 06:05,1335
2018-12-19 06:10,1316
2018-12-19 06:15,1312
2018-12-19 06:20,1314
2018-12-19 06:25,1308
2018-12-19 06:30,1304
2018-12-19 06:35,1310
2018-12-19 06:40,1308
2018-12-19 06:45,1294
2018-12-19 06:50,1285
2018-12-19 06:55,1287
2018-12-19 07:00,1271
2018-12-19 07:05,1273
2018-12-19 07:10,1266
2018-12-19 07:15,1257
2018-12-19 07:20,1271
2018-12-19 07:25,1262
2018-12-19 07:30,1254
2018-12-19 07:35,1250
2018-12-19 07:40,1260
2018-12-19 07:45,1263
2018-12-19 07:50,1277
2018-12-19 07:55,1258
2018-12-19 08:00,1259
2018-12-19 08:05,1274
2018-12-19 08:10,1283
2018-12-19 08:15,1291
2018-12-19 08:20,1289
2018-12-19 08:25,1289
2018-12-19 08:30,1302
2018-12-19 08:35,1310
2018-12-19 08:40,1316
2018-12-19 08:45,1319
2018-12-19 08:50,1299
2018-12-19 08:55,1299
2018-12-19 09:00,1285
2018-12-19 09:05,1296
2018-12-19 09:10,1315
2018-12-19 09:15,1323
2018-12-19 09:20,1323
2018-12-19 09:25,1336
2018-12-19 09:30,1351
2018-12-19 09:35,1380
2018-12-19 09:40,1394
2018-12-19 09:45,1398
2018-12-19 09:50,1428
2018-12-19 09:55,1454
2018-12-19 10:00,1483
2018-12-19 10:05,1501
2018-12-19 10:10,1524
2018-12-19 10:15,1543
2018-12-19 10:20,1570
2018-12-19 10:25,1584
2018-12-19 10:30,1603
2018-12-19 10:35,1592
2018-12-19 10:40,1588
2018-12-19 10:45,1609
2018-12-19 10:50,1608
2018-12-19 10:55,1606
2018-12-19 11:00,1610
2018-12-19 11:05,1620
2018-12-19 11:10,1623
2018-12-19 11:15,1623
2018-12-19 11:20,1638
2018-12-19 11:25,1645
2018-12-19 11:30,1632
2018-12-19 11:35,1650
2018-12-19 11:40,1673
2018-12-19 11:45,1691
2018-12-19 11:50,1695
2018-12-19 11:55,1689
2018-12-19 12:00,1696
2018-12-19 12:05,1699
2018-12-19 12:10,1698
2018-12-19 12:15,1719
2018-12-19 12:20,1735
2018-12-19 12:25,1764
2018-12-19 12:30,1759
2018-12-19 12:35,1798
2018-12-19 12:40,1816
2018-12-19 12:45,1820
2018-12-19 12:50,1822
2018-12-19 12:55,1833
2018-12-19 13:00,1831
2018-12-19 13:05,1861
2018-12-19 13:10,1878
2018-12-19 13:15,1899
2018-12-19 13:20,1900
2018-12-19 13:25,1932
2018-12-19 13:30,1944
2018-12-19 13:35,1959
2018-12-19 13:40,1962
2018-12-19 13:45,1973
2018-12-19 13:50,2010
2018-12-19 13:55,2029
2018-12-19 14:00,2040
2018-12-19 14:05,2050
2018-12-19 14:10,2080
2018-12-19 14:15,2125
2018-12-19 14:20,2118
2018-12-19 14:25,2123
2018-12-19 14:30,2118
2018-12-19 14:35,2114
2018-12-19 14:40,2138
2018-12-19 14:45,2169
2018-12-19 14:50,2165
2018-12-19 14:55,2182
2018-12-19 15:00,2204
2018-12-19 15:05,2239
2018-12-19 15:10,2246
2018-12-19 15:15,2254
2018-12-19 15:20,2257
2018-12-19 15:25,2276
2018-12-19 15:30,2270
2018-12-19 15:35,2303
2018-12-19 15:40,2336
2018-12-19 15:45,2345
2018-12-19 15:50,2371
2018-12-19 15:55,2378
2018-12-19 16:00,2409
2018-12-19 16:05,2418
2018-12-19 16:10,2427
2018-12-19 16:15,2453
2018-12-19 16:20,2468
2018-12-19 16:25,
2018-12-19 16:30,
2018-12-19 16:35,2554
2018-12-19 16:40,2566
2018-12-19 16:45,2575
2018-12-19 16:50,2582
2018-12-19 16:55,2586
2018-12-19 17:00,2609
2018-12-19 17:05,2628
2018-12-19 17:10,2608
2018-12-19 17:15,2621
2018-12-19 17:20,2639
2018-12-19 17:25,2642
2018-12-19 17:30,2656
2018-12-19 17:35,2660
2018-12-19 17:40,2675
2018-12-19 17:45,2685
2018-12-19 17:50,2676
2018-12-19 17:55,2684
2018-12-19 18:00,2685
2018-12-19 18:05,2675
2018-12-19 18:10,2693
2018-12-19 18:15,2691
2018-12-19 18:20,2702
2018-12-19 18:25,2725
2018-12-19 18:30,2718
2018-12-19 18:35,2735
2018-12-19 18:40,2765
2018-12-19 18:45,2766
2018-12-19 18:50,2780
2018-12-19 18:55,2753
2018-12-19 19:00,2771
2018-12-19 19:05,2767
2018-12-19 19:10,2742
2018-12-19 19:15,2751
2018-12-19 19:20,2772
2018-12-19 19:25,2771
2018-12-19 19:30,2798
2018-12-19 19:35,2779
2018-12-19 19:40,2790
2018-12-19 19:45,2815
2018-12-19 19:50,2814
2018-12-19 19:55,2815
2018-12-19 20:00,2847
2018-12-19 20:05,2835
2018-12-19 20:10,2873
2018-12-19 20:15,2869
2018-12-19 20:20,2865
2018-12-19 20:25,2843
2018-12-19 20:30,2827
2018-12-19 20:35,2825
2018-12-19 20:40,2828
2018-12-19 20:45,2829
2018-12-19 20:50,2840
2018-12-19 20:55,2826
2018-12-19 21:00,2804
2018-12-19 21:05,2775
2018-12-19 21:10,2752
2018-12-19 21:15,2704
2018-12-19 21:20,2718
2018-12-19 21:25,2717
2018-12-19 21:30,2687
2018-12-19 21:35,2662
2018-12-19 21:40,2620
2018-12-19 21:45,2585
2018-12-19 21:50,2541
2018-12-19 21:55,2515
2018-12-19 22:00,2496
2018-12-19 22:05,2490
2018-12-19 22:10,2463
2018-12-19 22:15,2440
2018-12-19 22:20,2430
2018-12-19 22:25,2408
2018-12-19 22:30,2368
2018-12-19 22:35,2344
2018-12-19 22:40,2324
2018-12-19 22:45,2302
2018-12-19 22:50,2286
2018-12-19 22:55,2257
2018-12-19 23:00,2238
2018-12-19 23:05,2245
2018-12-19 23:10,2204
2018-12-19 23:15,2199
2018-12-19 23:20,2188
2018-12-19 23:25,2179
2018-12-19 23:30,2163
2018-12-19 23:35,2112
2018-12-19 23:40,2081
2018-12-19 23:45,2072
2018-12-19 23:50,2056
2018-12-19 23:55,2032
2018-12-20 00:00,2035
2018-12-20 00:05,2027
2018-12-20 00:10,1993
2018-12-20 00:15,1980
2018-12-20 00:20,1962
2018-12-20 00:25,1936
2018-12-20 00:30,1926
2018-12-20 00:35,1906
2018-12-20 00:40,1901
2018-12-20 00:45,1899
2018-12-20 00:50,1889
2018-12-20 00:55,1888
2018-12-20 01:00,1885
2018-12-20 01:05,1864
2018-12-20 01:10,1838
2018-12-20 01:15,1831
2018-12-20 01:20,1828
2018-12-20 01:25,1830
2018-12-20 01:30,1820
2018-12-20 01:35,1840
2018-12-20 01:40,1819
2018-12-20 01:45,1791
2018-12-20 01:50,1786
2018-12-20 01:55,1769
2018-12-20 02:00,1759
2018-12-20 02:05,1755
2018-12-20 02:10,1765
2018-12-20 02:15,1755
2018-12-20 02:20,1771
2018-12-20 02:25,1764
2018-12-20 02:30,1748
2018-12-20 02:35,1718
2018-12-20 02:40,1719
2018-12-20 02:45,1701
2018-12-20 02:50,1704
2018-12-20 02:55,1701
2018-12-20 03:00,1675
2018-12-20 03:05,1657
2018-12-20 03:10,1627
2018-12-20 03:15,1618
2018-12-20 03:20,1579
2018-12-20 03:25,1579
2018-12-20 03:30,1581
2018-12-20 03:35,1558
2018-12-20 03:40,1545
2018-12-20 03:45,1532
2018-12-20 03:50,1541
2018-12-20 03:55,1524
2018-12-20 04:00,1517
2018-12-20 04:05,1495
2018-12-20 04:10,1483
2018-12-20 04:15,1466
2018-12-20 04:20,1448
2018-12-20 04:25,1434
2018-12-20 04:30,1411
2018-12-20 04:35,1395
2018-12-20 04:40,1387
2018-12-20 04:45,1403
2018-12-20 04:50,1414
2018-12-20 04:55,1391
2018-12-20 05:00,1389
2018-12-20 05:05,1363
2018-12-20 05:10,1356
2018-12-20 05:15,1322
2018-12-20 05:20,1308
2018-12-20 05:25,1311
2018-12-20 05:30,1297
2018-12-20 05:35,1294
2018-12-20 05:40,1305
2018-12-20 05:45,1303
2018-12-20 05:50,1282
2018-12-20 05:55,1280
2018-12-20 06:00,1263
2018-12-20 06:05,1269
2018-12-20 06:10,1256
2018-12-20 06:15,1229
2018-12-20 06:20,1236
2018-12-20 06:25,1229
2018-12-20 06:30,1233
2018-12-20 06:35,1222
2018-12-20 06:40,1217
2018-12-20 06:45,1213
2018-12-20 06:50,1203
2018-12-20 06:55,1214
2018-12-20 07:00,1219
2018-12-20 07:05,1223
2018-12-20 07:10,1215
2018-12-20 07:15,1208
2018-12-20 07:20,1207
2018-12-20 07:25,1219
2018-12-20 07:30,1223
2018-12-20 07:35,1227
2018-12-20 07:40,1235
2018-12-20 07:45,1243
2018-12-20 07:50,1228
2018-12-20 07:55,1230
2018-12-20 08:00,1240
2018-12-20 08:05,1243
2018-12-20 08:10,1246
2018-12-20 08:15,1235
2018-12-20 08:20,1253
2018-12-20 08:25,1260
2018-12-20 08:30,1246
2018-12-20 08:35,1252
2018-12-20 08:40,1247
2018-12-20 08:45,1261
2018-12-20 08:50,1272
2018-12-20 08:55,1292
2018-12-20 09:00,1293
2018-12-20 09:05,1296
2018-12-20 09:10,1290
2018-12-20 09:15,1310
2018-12-20 09:20,1333
2018-12-20 09:25,1338
2018-12-20 09:30,1332
2018-12-20 09:35,1341
2018-12-20 09:40,1354
2018-12-20 09:45,1377
2018-12-20 09:50,1391
2018-12-20 09:55,1403
2018-12-20 10:00,1410
2018-12-20 10:05,1448
2018-12-20 10:10,1452
2018-12-20 10:15,1474
2018-12-20 10:20,1476
2018-12-20 10:25,1496
2018-12-20 10:30,1505
2018-12-20 10:35,1538
2018-12-20 10:40,1564
2018-12-20 10:45,1571
2018-12-20 10:50,1574
2018-12-20 10:55,1587
2018-12-20 11:00,1604
2018-12-20 11:05,1614
2018-12-20 11:10,1636
2018-12-20 11:15,1652
2018-12-20 11:20,1648
2018-12-20 11:25,1677
2018-12-20 11:30,1681
2018-12-20 11:35,1687
2018-12-20 11:40,1691
2018-12-20 11:45,1717
2018-12-20 11:50,1707
2018-12-20 11:55,1705
2018-12-20 12:00,1733
2018-12-20 12:05,1745
2018-12-20 12:10,1730
2018-12-20 12:15,1756
2018-12-20 12:20,1743
2018-12-20 12:25,1764
2018-12-20 12:30,1772
2018-12-20 12:35,1776
2018-12-20 12:40,1788
2018-12-20 12:45,1806
2018-12-20 12:50,1793
2018-12-20 12:55,1816
2018-12-20 13:00,1835
2018-12-20 13:05,1840
2018-12-20 13:10,1855
2018-12-20 13:15,1867
2018-12-20 13:20,1876
2018-12-20 13:25,1905
2018-12-20 13:30,1893
2018-12-20 13:35,1936
2018-12-20 13:40,1936
2018-12-20 13:45,1953
2018-12-20 13:50,1978
2018-12-20 13:55,1973
2018-12-20 14:00,1984
2018-12-20 14:05,1983
2018-12-20 14:10,1991
2018-12-20 14:15,1979
2018-12-20 14:20,1990
2018-12-20 14:25,2008
2018-12-20 14:30,2031
2018-12-20 14:35,2039
2018-12-20 14:40,2044
2018-12-20 14:45,2024
2018-12-20 14:50,2011
2018-12-20 14:55,1960
2018-12-20 15:00,1804
2018-12-20 15:05,1341
2018-12-20 15:10,1229
2018-12-20 15:15,1212
2018-12-20 15:20,1213
2018-12-20 15:25,1209
2018-12-20 15:30,1220
2018-12-20 15:35,1212
2018-12-20 15:40,1215
2018-12-20 15:45,1219
2018-12-20 15:50,1218
2018-12-20 15:55,1262
2018-12-20 16:00,1289
2018-12-20 16:05,1380
2018-12-20 16:10,1510
2018-12-20 16:15,1621
2018-12-20 16:20,1760
2018-12-20 16:25,1890
2018-12-20 16:30,1997
2018-12-20 16:35,2096
2018-12-20 16:40,2198
2018-12-20 16:45,2234
2018-12-20 16:50,2303
2018-12-20 16:55,2395
2018-12-20 17:00,2447
2018-12-20 17:05,2506
2018-12-20 17:10,2595
2018-12-20 17:15,2662
2018-12-20 17:20,2705
2018-12-20 17:25,2748
2018-12-20 17:30,2778
2018-12-20 17:35,2826
2018-12-20 17:40,2844
2018-12-20 17:45,2866
2018-12-20 17:50,2904
2018-12-20 17:55,2922
2018-12-20 18:00,2936
2018-12-20 18:05,2965
2018-12-20 18:10,2956
2018-12-20 18:15,2965
2018-12-20 18:20,2974
2018-12-20 18:25,3002
2018-12-20 18:30,3013
2018-12-20 18:35,3049
2018-12-20 18:40,3036
2018-12-20 18:45,3045
2018-12-20 18:50,3031
2018-12-20 18:55,3005
2018-12-20 19:00,3015
2018-12-20 19:05,3035
2018-12-20 19:10,3045
2018-12-20 19:15,3069
2018-12-20 19:20,3065
2018-12-20 19:25,3106
2018-12-20 19:30,3091
2018-12-20 19:35,3057
2018-12-20 19:40,3016
2018-12-20 19:45,3011
2018-12-20 19:50,2973
2018-12-20 19:55,2974
2018-12-20 20:00,3002
2018-12-20 20:05,3030
2018-12-20 20:10,3039
2018-12-20 20:15,3047
2018-12-20 20:20,3045
2018-12-20 20:25,3063
2018-12-20 20:30,3078
2018-12-20 20:35,3058
2018-12-20 20:40,3076
2018-12-20 20:45,3066
2018-12-20 20:50,3060
2018-12-20 20:55,3043
2018-12-20 21:00,3000
2018-12-20 21:05,2998
2018-12-20 21:10,2972
2018-12-20 21:15,2988
2018-12-20 21:20,2976
2018-12-20 21:25,2947
2018-12-20 21:30,2939
2018-12-20 21:35,2920
2018-12-20 21:40,2886
2018-12-20 21:45,2900
2018-12-20 21:50,2885
2018-12-20 21:55,2855
2018-12-20 22:00,2867
2018-12-20 22:05,2859
2018-12-20 22:10,2832
2018-12-20 22:15,2807
2018-12-20 22:20,2778
2018-12-20 22:25,2758
2018-12-20 22:30,2739
2018-12-20 22:35,2713
2018-12-20 22:40,2653
2018-12-20 22:45,2642
2018-12-20 22:50,2608
2018-12-20 22:55,2590
2018-12-20 23:00,2566
2018-12-20 23:05,2540
2018-12-20 23:10,2498
2018-12-20 23:15,2469
2018-12-20 23:20,2434
2018-12-20 23:25,2421
2018-12-20 23:30,2412
2018-12-20 23:35,2400
2018-12-20 23:40,2396
2018-12-20 23:45,2376
2018-12-20 23:50,2348
2018-12-20 23:55,2325
2018-12-21 00:00,2298
2018-12-21 00:05,2293
2018-12-21 00:10,2241
2018-12-21 00:15,2218
2018-12-21 00:20,2207
2018-12-21 00:25,2188
2018-12-21 00:30,2196
2018-12-21 00:35,2190
2018-12-21 00:40,2157
2018-12-21 00:45,2145
2018-12-21 00:50,2125
2018-12-21 00:55,2093
2018-12-21 01:00,2063
2018-12-21 01:05,2008
2018-12-21 01:10,2005
2018-12-21 01:15,2007
2018-12-21 01:20,1998
2018-12-21 01:25,1992
2018-12-21 01:30,1978
2018-12-21 01:35,1969
2018-12-21 01:40,1965
2018-12-21 01:45,1976
2018-12-21 01:50,1944
2018-12-21 01:55,1940
2018-12-21 02:00,1953
2018-12-21 02:05,1949
2018-12-21 02:10,1944
2018-12-21 02:15,1923
2018-12-21 02:20,1912
2018-12-21 02:25,1895
2018-12-21 02:30,1897
2018-12-21 02:35,1881
2018-12-21 02:40,1858
2018-12-21 02:45,1866
2018-12-21 02:50,1842
2018-12-21 02:55,1837
2018-12-21 03:00,1830
2018-12-21 03:05,1841
2018-12-21 03:10,1831
2018-12-21 03:15,1833
2018-12-21 03:20,1825
2018-12-21 03:25,1823
2018-12-21 03:30,1807
2018-12-21 03:35,1785
2018-12-21 03:40,1757
2018-12-21 03:45,1735
2018-12-21 03:50,1719
2018-12-21 03:55,1696
2018-12-21 04:00,1673
2018-12-21 04:05,1649
2018-12-21 04:10,1649
2018-12-21 04:15,1634
2018-12-21 04:20,1615
2018-12-21 04:25,1621
2018-12-21 04:30,1610
2018-12-21 04:35,1596
2018-12-21 04:40,1587
2018-12-21 04:45,1584
2018-12-21 04:50,1561
2018-12-21 04:55,1553
2018-12-21 05:00,1524
2018-12-21 05:05,1512
2018-12-21 05:10,1490
2018-12-21 05:15,1461
2018-12-21 05:20,1453
2018-12-21 05:25,1444
2018-12-21 05:30,1449
2018-12-21 05:35,1431
2018-12-21 05:40,1399
2018-12-21 05:45,1383
2018-12-21 05:50,1373
2018-12-21 05:55,1378
2018-12-21 06:00,1379
2018-12-21 06:05,1376
2018-12-21 06:10,1381
2018-12-21 06:15,1391
2018-12-21 06:20,1397
2018-12-21 06:25,1392
2018-12-21 06:30,1399
2018-12-21 06:35,1401
2018-12-21 06:40,1405
2018-12-21 06:45,1406
2018-12-21 06:50,1409
2018-12-21 06:55,1393
2018-12-21 07:00,1383
2018-12-21 07:05,1367
2018-12-21 07:10,1379
2018-12-21 07:15,1379
2018-12-21 07:20,1373
2018-12-21 07:25,1378
2018-12-21 07:30,1383
2018-12-21 07:35,1366
2018-12-21 07:40,1384
2018-12-21 07:45,1399
2018-12-21 07:50,1410
2018-12-21 07:55,1415
2018-12-21 08:00,1410
2018-12-21 08:05,1392
2018-12-21 08:10,1401
2018-12-21 08:15,1416
2018-12-21 08:20,1428
2018-12-21 08:25,1434
2018-12-21 08:30,1441
2018-12-21 08:35,1434
2018-12-21 08:40,1452
2018-12-21 08:45,1467
2018-12-21 08:50,1459
2018-12-21 08:55,1473
2018-12-21 09:00,1474
2018-12-21 09:05,1497
2018-12-21 09:10,1510
2018-12-21 09:15,1516
2018-12-21 09:20,1522
2018-12-21 09:25,1560
2018-12-21 09:30,1551
2018-12-21 09:35,1565
2018-12-21 09:40,1582
2018-12-21 09:45,1596
2018-12-21 09:50,1621
2018-12-21 09:55,1634
2018-12-21 10:00,1639
2018-12-21 10:05,1660
2018-12-21 10:10,1701
2018-12-21 10:15,1702
2018-12-21 10:20,1719
2018-12-21 10:25,1732
2018-12-21 10:30,1750
2018-12-21 10:35,1764
2018-12-21 10:40,1777
2018-12-21 10:45,1785
2018-12-21 10:50,1792
2018-12-21 10:55,1796
2018-12-21 11:00,1788
2018-12-21 11:05,1795
2018-12-21 11:10,1815
2018-12-21 11:15,1833
2018-12-21 11:20,1859
2018-12-21 11:25,1862
2018-12-21 11:30,1865
2018-12-21 11:35,1857
2018-12-21 11:40,1895
2018-12-21 11:45,1901
2018-12-21 11:50,1908
2018-12-21 11:55,1907
2018-12-21 12:00,1910
2018-12-21 12:05,1914
2018-12-21 12:10,1941
2018-12-21 12:15,1966
2018-12-21 12:20,1977
2018-12-21 12:25,1963
2018-12-21 12:30,1990
2018-12-21 12:35,1998
2018-12-21 12:40,2001
2018-12-21 12:45,2040
2018-12-21 12:50,2038
2018-12-21 12:55,2071
2018-12-21 13:00,2095
2018-12-21 13:05,2131
2018-12-21 13:10,2147
2018-12-21 13:15,2157
2018-12-21 13:20,2192
2018-12-21 13:25,2203
2018-12-21 13:30,2209
2018-12-21 13:35,2219
2018-12-21 13:40,2258
2018-12-21 13:45,2283
2018-12-21 13:50,2280
2018-12-21 13:55,2233
2018-12-21 14:00,2267
2018-12-21 14:05,2263
2018-12-21 14:10,2270
2018-12-21 14:15,2302
2018-12-21 14:20,2330
2018-12-21 14:25,2346
2018-12-21 14:30,2343
2018-12-21 14:35,2360
2018-12-21 14:40,2365
2018-12-21 14:45,2377
2018-12-21 14:50,2409
2018-12-21 14:55,2428
2018-12-21 15:00,2431
2018-12-21 15:05,2456
2018-12-21 15:10,2514
2018-12-21 15:15,2520
2018-12-21 15:20,2539
2018-12-21 15:25,2534
2018-12-21 15:30,2572
2018-12-21 15:35,2587
2018-12-21 15:40,2590
2018-12-21 15:45,2636
2018-12-21 15:50,2645
2018-12-21 15:55,2676
2018-12-21 16:00,2672
2018-12-21 16:05,2661
2018-12-21 16:10,2672
2018-12-21 16:15,2686
2018-12-21 16:20,2707
2018-12-21 16:25,2699
2018-12-21 16:30,2692
2018-12-21 16:35,2715
2018-12-21 16:40,2739
2018-12-21 16:45,2735
2018-12-21 16:50,2750
2018-12-21 16:55,2781
2018-12-21 17:00,2797
2018-12-21 17:05,2768
2018-12-21 17:10,2766
2018-12-21 17:15,2796
2018-12-21 17:20,2812
2018-12-21 17:25,2828
2018-12-21 17:30,2844
2018-12-21 17:35,2842
2018-12-21 17:40,2856
2018-12-21 17:45,2832
2018-12-21 17:50,2846
2018-12-21 17:55,2891
2018-12-21 18:00,2913
2018-12-21 18:05,2922
2018-12-21 18:10,2910
2018-12-21 18:15,2928
2018-12-21 18:20,2908
2018-12-21 18:25,2913
2018-12-21 18:30,2913
2018-12-21 18:35,2899
2018-12-21 18:40,2958
2018-12-21 18:45,2979
2018-12-21 18:50,2980
2018-12-21 18:55,2993
2018-12-21 19:00,2983
2018-12-21 19:05,3026
2018-12-21 19:10,3028
2018-12-21 19:15,3003
2018-12-21 19:20,3009
2018-12-21 19:25,3010
2018-12-21 19:30,2989
2018-12-21 19:35,2998
2018-12-21 19:40,3009
2018-12-21 19:45,3016
2018-12-21 19:50,2989
2018-12-21 19:55,2974
2018-12-21 20:00,3015
2018-12-21 20:05,3015
2018-12-21 20:10,3035
2018-12-21 20:15,3061
2018-12-21 20:20,3060
2018-12-21 20:25,3051
2018-12-21 20:30,3048
2018-12-21 20:35,3058
2018-12-21 20:40,3037
2018-12-21 20:45,3035
2018-12-21 20:50,3029
2018-12-21 20:55,3025
2018-12-21 21:00,3017
2018-12-21 21:05,3004
2018-12-21 21:10,3017
2018-12-21 21:15,3021
2018-12-21 21:20,3004
2018-12-21 21:25,3004
2018-12-21 21:30,2974
2018-12-21 21:35,2947
2018-12-21 21:40,2937
2018-12-21 21:45,2935
2018-12-21 21:50,2896
2018-12-21 21:55,2890
2018-12-21 22:00,2863
2018-12-21 22:05,2827
2018-12-21 22:10,2829
2018-12-21 22:15,2802
2018-12-21 22:20,2812
2018-12-21 22:25,2777
2018-12-21 22:30,2757
2018-12-21 22:35,2729
2018-12-21 22:40,2720
2018-12-21 22:45,2704
2018-12-21 22:50,2662
2018-12-21 22:55,2668
2018-12-21 23:00,2677
2018-12-21 23:05,2641
2018-12-21 23:10,2605
2018-12-21 23:15,2568
2018-12-21 23:20,2534
2018-12-21 23:25,2491
2018-12-21 23:30,2482
2018-12-21 23:35,2474
2018-12-21 23:40,2447
2018-12-21 23:45,2416
2018-12-21 23:50,2381
2018-12-21 23:55,2353
2018-12-22 00:00,2324
2018-12-22 00:05,2289
2018-12-22 00:10,2295
2018-12-22 00:15,2260
2018-12-22 00:20,2233
2018-12-22 00:25,2206
2018-12-22 00:30,2159
2018-12-22 00:35,2114
2018-12-22 00:40,2091
2018-12-22 00:45,2086
2018-12-22 00:50,2071
2018-12-22 00:55,2066
2018-12-22 01:00,2055
2018-12-22 01:05,2044
2018-12-22 01:10,2051
2018-12-22 01:15,2052
2018-12-22 01:20,2036
2018-12-22 01:25,2025
2018-12-22 01:30,2015
2018-12-22 01:35,2009
2018-12-22 01:40,1993
2018-12-22 01:45,1992
2018-12-22 01:50,1986
2018-12-22 01:55,1989
2018-12-22 02:00,1978
2018-12-22 02:05,1950
2018-12-22 02:10,1949
2018-12-22 02:15,1943
2018-12-22 02:20,1923
2018-12-22 02:25,1922
2018-12-22 02:30,1911
2018-12-22 02:35,1916
2018-12-22 02:40,1929
2018-12-22 02:45,1911
2018-12-22 02:50,1895
2018-12-22 02:55,1877
2018-12-22 03:00,1889
2018-12-22 03:05,1844
2018-12-22 03:10,1836
2018-12-22 03:15,1835
2018-12-22 03:20,1826
2018-12-22 03:25,1824
2018-12-22 03:30,1814
2018-12-22 03:35,1800
2018-12-22 03:40,1715
2018-12-22 03:45,1753
2018-12-22 03:50,1756
2018-12-22 03:55,1757
2018-12-22 04:00,1755
2018-12-22 04:05,1751
2018-12-22 04:10,1729
2018-12-22 04:15,1718
2018-12-22 04:20,1735
2018-12-22 04:25,1702
2018-12-22 04:30,1694
2018-12-22 04:35,1663
2018-12-22 04:40,1654
2018-12-22 04:45,1663
2018-12-22 04:50,1672
2018-12-22 04:55,1665
2018-12-22 05:00,1657
2018-12-22 05:05,1646
2018-12-22 05:10,1644
2018-12-22 05:15,1628
2018-12-22 05:20,1599
2018-12-22 05:25,1585
2018-12-22 05:30,1587
2018-12-22 05:35,1578
2018-12-22 05:40,1582
2018-12-22 05:45,1591
2018-12-22 05:50,1567
2018-12-22 05:55,1573
2018-12-22 06:00,1557
2018-12-22 06:05,1539
2018-12-22 06:10,1541
2018-12-22 06:15,1548
2018-12-22 06:20,1547
2018-12-22 06:25,1560
2018-12-22 06:30,1547
2018-12-22 06:35,1539
2018-12-22 06:40,1543
2018-12-22 06:45,1545
2018-12-22 06:50,1528
2018-12-22 06:55,1545
2018-12-22 07:00,1540
2018-12-22 07:05,1515
2018-12-22 07:10,1515
2018-12-22 07:15,1531
2018-12-22 07:20,1553
2018-12-22 07:25,1571
2018-12-22 07:30,1580
2018-12-22 07:35,1579
2018-12-22 07:40,1582
2018-12-22 07:45,1588
2018-12-22 07:50,1613
2018-12-22 07:55,1617
2018-12-22 08:00,1640
2018-12-22 08:05,1650
2018-12-22 08:10,1668
2018-12-22 08:15,1695
2018-12-22 08:20,1725
2018-12-22 08:25,1728
2018-12-22 08:30,1720
2018-12-22 08:35,1729
2018-12-22 08:40,1740
2018-12-22 08:45,1744
2018-12-22 08:50,1739
2018-12-22 08:55,1768
2018-12-22 09:00,1787
2018-12-22 09:05,1820
2018-12-22 09:10,1845
2018-12-22 09:15,1870
2018-12-22 09:20,1879
2018-12-22 09:25,1870
2018-12-22 09:30,1883
2018-12-22 09:35,1928
2018-12-22 09:40,1944
2018-12-22 09:45,1981
2018-12-22 09:50,1975
2018-12-22 09:55,1988
2018-12-22 10:00,1988
2018-12-22 10:05,2016
2018-12-22 10:10,2041
2018-12-22 10:15,2075
2018-12-22 10:20,2084
2018-12-22 10:25,2108
2018-12-22 10:30,2133
2018-12-22 10:35,2168
2018-12-22 10:40,2183
2018-12-22 10:45,2217
2018-12-22 10:50,2263
2018-12-22 10:55,2262
2018-12-22 11:00,2277
2018-12-22 11:05,2281
2018-12-22 11:10,2283
2018-12-22 11:15,2301
2018-12-22 11:20,2313
2018-12-22 11:25,2326
2018-12-22 11:30,2338
2018-12-22 11:35,2342
2018-12-22 11:40,2344
2018-12-22 11:45,2359
2018-12-22 11:50,2370
2018-12-22 11:55,2374
2018-12-22 12:00,2348
2018-12-22 12:05,2316
2018-12-22 12:10,2320
2018-12-22 12:15,2333
2018-12-22 12:20,2355
2018-12-22 12:25,2351
2018-12-22 12:30,2361
2018-12-22 12:35,2406
2018-12-22 12:40,2432
2018-12-22 12:45,2435
2018-12-22 12:50,2468
2018-12-22 12:55,2466
2018-12-22 13:00,2497
2018-12-22 13:05,2490
2018-12-22 13:10,2495
2018-12-22 13:15,2517
2018-12-22 13:20,2525
2018-12-22 13:25,2512
2018-12-22 13:30,2543
2018-12-22 13:35,2546
2018-12-22 13:40,2557
2018-12-22 13:45,2573
2018-12-22 13:50,2580
2018-12-22 13:55,2575
2018-12-22 14:00,2568
2018-12-22 14:05,2597
2018-12-22 14:10,2633
2018-12-22 14:15,2664
2018-12-22 14:20,2676
2018-12-22 14:25,2714
2018-12-22 14:30,2712
2018-12-22 14:35,2738
2018-12-22 14:40,2739
2018-12-22 14:45,2780
2018-12-22 14:50,2792
2018-12-22 14:55,2773
2018-12-22 15:00,2797
2018-12-22 15:05,2820
2018-12-22 15:10,2838
2018-12-22 15:15,2860
2018-12-22 15:20,2876
2018-12-22 15:25,2827
2018-12-22 15:30,2875
2018-12-22 15:35,2919
2018-12-22 15:40,2942
2018-12-22 15:45,2948
2018-12-22 15:50,2961
2018-12-22 15:55,2974
2018-12-22 16:00,2979
2018-12-22 16:05,3023
2018-12-22 16:10,2994
2018-12-22 16:15,3027
2018-12-22 16:20,3052
2018-12-22 16:25,3070
2018-12-22 16:30,3067
2018-12-22 16:35,3076
2018-12-22 16:40,3088
2018-12-22 16:45,3092
2018-12-22 16:50,3077
2018-12-22 16:55,3080
2018-12-22 17:00,3100
2018-12-22 17:05,3108
2018-12-22 17:10,3107
2018-12-22 17:15,3126
2018-12-22 17:20,3151
2018-12-22 17:25,3166
2018-12-22 17:30,3194
2018-12-22 17:35,3182
2018-12-22 17:40,3174
2018-12-22 17:45,3183
2018-12-22 17:50,3206
2018-12-22 17:55,3193
2018-12-22 18:00,3197
2018-12-22 18:05,3199
2018-12-22 18:10,3203
2018-12-22 18:15,3224
2018-12-22 18:20,3221
2018-12-22 18:25,3236
2018-12-22 18:30,3217
2018-12-22 18:35,3201
2018-12-22 18:40,3218
2018-12-22 18:45,3218
2018-12-22 18:50,3221
2018-12-22 18:55,3216
2018-12-22 19:00,3232
2018-12-22 19:05,3225
2018-12-22 19:10,3229
2018-12-22 19:15,3242
2018-12-22 19:20,3283
2018-12-22 19:25,3294
2018-12-22 19:30,3321
2018-12-22 19:35,3302
2018-12-22 19:40,3297
2018-12-22 19:45,3309
2018-12-22 19:50,3282
2018-12-22 19:55,3287
2018-12-22 20:00,3284
2018-12-22 20:05,3279
2018-12-22 20:10,3289
2018-12-22 20:15,3306
2018-12-22 20:20,3292
2018-12-22 20:25,3288
2018-12-22 20:30,3285
2018-12-22 20:35,3264
2018-12-22 20:40,3254
2018-12-22 20:45,3276
2018-12-22 20:50,3244
2018-12-22 20:55,3212
2018-12-22 21:00,3164
2018-12-22 21:05,3168
2018-12-22 21:10,3127
2018-12-22 21:15,3104
2018-12-22 21:20,3113
2018-12-22 21:25,3144
2018-12-22 21:30,3098
2018-12-22 21:35,3101
2018-12-22 21:40,3086
2018-12-22 21:45,3052
2018-12-22 21:50,3077
2018-12-22 21:55,3037
2018-12-22 22:00,3023
2018-12-22 22:05,2998
2018-12-22 22:10,2977
2018-12-22 22:15,2940
2018-12-22 22:20,2935
2018-12-22 22:25,2913
2018-12-22 22:30,2901
2018-12-22 22:35,2870
2018-12-22 22:40,2846
2018-12-22 22:45,2839
2018-12-22 22:50,2797
2018-12-22 22:55,2773
2018-12-22 23:00,2762
2018-12-22 23:05,2733
2018-12-22 23:10,2698
2018-12-22 23:15,2688
2018-12-22 23:20,2641
2018-12-22 23:25,2619
2018-12-22 23:30,2610
2018-12-22 23:35,2577
2018-12-22 23:40,2551
2018-12-22 23:45,2507
2018-12-22 23:50,2466
2018-12-22 23:55,2424
2018-12-23 00:00,2427
2018-12-23 00:05,2386
2018-12-23 00:10,2362
2018-12-23 00:15,2344
2018-12-23 00:20,2333
2018-12-23 00:25,2306
2018-12-23 00:30,2289
2018-12-23 00:35,2271
2018-12-23 00:40,2240
2018-12-23 00:45,2228
2018-12-23 00:50,2215
2018-12-23 00:55,2205
2018-12-23 01:00,2183
2018-12-23 01:05,2166
2018-12-23 01:10,2151
2018-12-23 01:15,2150
2018-12-23 01:20,2139
2018-12-23 01:25,2111
2018-12-23 01:30,2086
2018-12-23 01:35,2060
2018-12-23 01:40,2028
2018-12-23 01:45,2033
2018-12-23 01:50,1993
2018-12-23 01:55,1986
2018-12-23 02:00,1978
2018-12-23 02:05,1973
2018-12-23 02:10,1950
2018-12-23 02:15,1944
2018-12-23 02:20,1926
2018-12-23 02:25,1910
2018-12-23 02:30,1896
2018-12-23 02:35,1883
2018-12-23 02:40,1879
2018-12-23 02:45,1873
2018-12-23 02:50,1896
2018-12-23 02:55,1866
2018-12-23 03:00,1861
2018-12-23 03:05,1845
2018-12-23 03:10,1822
2018-12-23 03:15,1832
2018-12-23 03:20,1816
2018-12-23 03:25,1808
2018-12-23 03:30,1812
2018-12-23 03:35,1834
2018-12-23 03:40,1830
2018-12-23 03:45,1833
2018-12-23 03:50,1826
2018-12-23 03:55,1812
2018-12-23 04:00,1798
2018-12-23 04:05,1791
2018-12-23 04:10,1764
2018-12-23 04:15,1746
2018-12-23 04:20,1735
2018-12-23 04:25,1739
2018-12-23 04:30,1734
2018-12-23 04:35,1707
2018-12-23 04:40,1717
2018-12-23 04:45,1723
2018-12-23 04:50,1720
2018-12-23 04:55,1726
2018-12-23 05:00,1713
2018-12-23 05:05,1705
2018-12-23 05:10,1678
2018-12-23 05:15,1675
2018-12-23 05:20,1656
2018-12-23 05:25,1650
2018-12-23 05:30,1619
2018-12-23 05:35,1613
2018-12-23 05:40,1595
2018-12-23 05:45,1582
2018-12-23 05:50,1571
2018-12-23 05:55,1567
2018-12-23 06:00,1553
2018-12-23 06:05,1553
2018-12-23 06:10,1525
2018-12-23 06:15,1543
2018-12-23 06:20,1533
2018-12-23 06:25,1524
2018-12-23 06:30,1524
2018-12-23 06:35,1510
2018-12-23 06:40,1513
2018-12-23 06:45,1518
2018-12-23 06:50,1525
2018-12-23 06:55,1521
2018-12-23 07:00,1520
2018-12-23 07:05,1526
2018-12-23 07:10,1532
2018-12-23 07:15,1521
2018-12-23 07:20,1532
2018-12-23 07:25,1534
2018-12-23 07:30,1543
2018-12-23 07:35,1543
2018-12-23 07:40,1570
2018-12-23 07:45,1585
2018-12-23 07:50,1588
2018-12-23 07:55,1595
2018-12-23 08:00,1626
2018-12-23 08:05,1649
2018-12-23 08:10,1659
2018-12-23 08:15,1663
2018-12-23 08:20,1687
2018-12-23 08:25,1709
2018-12-23 08:30,1726
2018-12-23 08:35,1744
2018-12-23 08:40,1768
2018-12-23 08:45,1785
2018-12-23 08:50,1795
2018-12-23 08:55,1825
2018-12-23 09:00,1835
2018-12-23 09:05,1867
2018-12-23 09:10,1860
2018-12-23 09:15,1899
2018-12-23 09:20,1925
2018-12-23 09:25,1936
2018-12-23 09:30,1956
2018-12-23 09:35,1991
2018-12-23 09:40,2024
2018-12-23 09:45,2061
2018-12-23 09:50,2092
2018-12-23 09:55,2098
2018-12-23 10:00,2141
2018-12-23 10:05,2184
2018-12-23 10:10,2219
2018-12-23 10:15,2245
2018-12-23 10:20,2262
2018-12-23 10:25,2290
2018-12-23 10:30,2308
2018-12-23 10:35,2317
2018-12-23 10:40,2313
2018-12-23 10:45,2344
2018-12-23 10:50,2365
2018-12-23 10:55,2405
2018-12-23 11:00,2403
2018-12-23 11:05,2413
2018-12-23 11:10,2418
2018-12-23 11:15,2427
2018-12-23 11:20,2455
2018-12-23 11:25,2471
2018-12-23 11:30,2491
2018-12-23 11:35,2493
2018-12-23 11:40,2506
2018-12-23 11:45,2509
2018-12-23 11:50,2512
2018-12-23 11:55,2525
2018-12-23 12:00,2537
2018-12-23 12:05,2561
2018-12-23 12:10,2575
2018-12-23 12:15,2583
2018-12-23 12:20,2603
2018-12-23 12:25,2631
2018-12-23 12:30,2613
2018-12-23 12:35,2640
2018-12-23 12:40,2657
2018-12-23 12:45,2661
2018-12-23 12:50,2691
2018-12-23 12:55,2720
2018-12-23 13:00,2726
2018-12-23 13:05,2708
2018-12-23 13:10,2709
2018-12-23 13:15,2729
2018-12-23 13:20,2750
2018-12-23 13:25,2758
2018-12-23 13:30,2799
2018-12-23 13:35,2782
2018-12-23 13:40,2802
2018-12-23 13:45,2833
2018-12-23 13:50,2867
2018-12-23 13:55,2859
2018-12-23 14:00,2869
2018-12-23 14:05,2897
2018-12-23 14:10,2909
2018-12-23 14:15,2931
2018-12-23 14:20,2950
2018-12-23 14:25,2969
2018-12-23 14:30,2991
2018-12-23 14:35,3008
2018-12-23 14:40,3018
2018-12-23 14:45,3023
2018-12-23 14:50,3029
2018-12-23 14:55,3035
2018-12-23 15:00,3046
2018-12-23 15:05,3062
2018-12-23 15:10,3073
2018-12-23 15:15,3092
2018-12-23 15:20,3115
2018-12-23 15:25,3139
2018-12-23 15:30,3190
2018-12-23 15:35,3191
2018-12-23 15:40,3190
2018-12-23 15:45,3196
2018-12-23 15:50,3191
2018-12-23 15:55,3211
2018-12-23 16:00,3221
2018-12-23 16:05,3225
2018-12-23 16:10,3255
2018-12-23 16:15,3258
2018-12-23 16:20,3277
2018-12-23 16:25,3284
2018-12-23 16:30,3261
2018-12-23 16:35,3253
2018-12-23 16:40,3265
2018-12-23 16:45,3286
2018-12-23 16:50,3292
2018-12-23 16:55,3248
2018-12-23 17:00,3266
2018-12-23 17:05,3288
2018-12-23 17:10,3290
2018-12-23 17:15,3332
2018-12-23 17:20,3371
2018-12-23 17:25,3384
2018-12-23 17:30,3405
2018-12-23 17:35,3410
2018-12-23 17:40,3393
2018-12-23 17:45,3418
2018-12-23 17:50,3423
2018-12-23 17:55,3416
2018-12-23 18:00,3416
2018-12-23 18:05,3374
2018-12-23 18:10,3347
2018-12-23 18:15,3386
2018-12-23 18:20,3372
2018-12-23 18:25,3377
2018-12-23 18:30,3374
2018-12-23 18:35,3386
2018-12-23 18:40,3390
2018-12-23 18:45,3387
2018-12-23 18:50,3378
2018-12-23 18:55,3387
2018-12-23 19:00,3384
2018-12-23 19:05,3371
2018-12-23 19:10,3363
2018-12-23 19:15,3391
2018-12-23 19:20,3409
2018-12-23 19:25,3429
2018-12-23 19:30,3451
2018-12-23 19:35,3445
2018-12-23 19:40,3436
2018-12-23 19:45,3430
2018-12-23 19:50,3435
2018-12-23 19:55,3449
2018-12-23 20:00,3406
2018-12-23 20:05,3399
2018-12-23 20:10,3419
2018-12-23 20:15,3368
2018-12-23 20:20,3369
2018-12-23 20:25,3322
2018-12-23 20:30,3311
2018-12-23 20:35,3347
2018-12-23 20:40,3332
2018-12-23 20:45,3359
2018-12-23 20:50,3328
2018-12-23 20:55,3327
2018-12-23 21:00,3312
2018-12-23 21:05,3299
2018-12-23 21:10,3272
2018-12-23 21:15,3263
2018-12-23 21:20,3257
2018-12-23 21:25,3249
2018-12-23 21:30,3230
2018-12-23 21:35,3197
2018-12-23 21:40,3177
2018-12-23 21:45,3183
2018-12-23 21:50,3188
2018-12-23 21:55,3181
2018-12-23 22:00,3194
2018-12-23 22:05,3123
2018-12-23 22:10,3112
2018-12-23 22:15,3092
2018-12-23 22:20,3080
2018-12-23 22:25,3067
2018-12-23 22:30,3032
2018-12-23 22:35,3000
2018-12-23 22:40,2976
2018-12-23 22:45,2940
2018-12-23 22:50,2898
2018-12-23 22:55,2856
2018-12-23 23:00,2824
2018-12-23 23:05,2746
2018-12-23 23:10,2737
2018-12-23 23:15,2707
2018-12-23 23:20,2690
2018-12-23 23:25,2663
2018-12-23 23:30,2629
2018-12-23 23:35,2614
2018-12-23 23:40,2583
2018-12-23 23:45,2570
2018-12-23 23:50,2563
2018-12-23 23:55,2539
2018-12-24 00:00,2530
2018-12-24 00:05,2503
2018-12-24 00:10,2441
2018-12-24 00:15,2429
2018-12-24 00:20,2390
2018-12-24 00:25,2369
2018-12-24 00:30,2325
2018-12-24 00:35,2303
2018-12-24 00:40,2272
2018-12-24 00:45,2274
2018-12-24 00:50,2277
2018-12-24 00:55,2260
2018-12-24 01:00,2248
2018-12-24 01:05,2214
2018-12-24 01:10,2217
2018-12-24 01:15,2211
2018-12-24 01:20,2234
2018-12-24 01:25,2219
2018-12-24 01:30,2194
2018-12-24 01:35,2179
2018-12-24 01:40,2190
2018-12-24 01:45,2182
2018-12-24 01:50,2159
2018-12-24 01:55,2147
2018-12-24 02:00,2122
2018-12-24 02:05,2100
2018-12-24 02:10,2102
2018-12-24 02:15,2088
2018-12-24 02:20,2088
2018-12-24 02:25,2079
2018-12-24 02:30,2057
2018-12-24 02:35,2033
2018-12-24 02:40,2002
2018-12-24 02:45,2006
2018-12-24 02:50,1996
2018-12-24 02:55,1981
2018-12-24 03:00,1966
2018-12-24 03:05,1970
2018-12-24 03:10,1963
2018-12-24 03:15,1933
2018-12-24 03:20,1923
2018-12-24 03:25,1924
2018-12-24 03:30,1919
2018-12-24 03:35,1904
2018-12-24 03:40,1896
2018-12-24 03:45,1896
2018-12-24 03:50,1870
2018-12-24 03:55,1867
2018-12-24 04:00,1855
2018-12-24 04:05,1828
2018-12-24 04:10,1805
2018-12-24 04:15,1790
2018-12-24 04:20,1786
2018-12-24 04:25,1780
2018-12-24 04:30,1773
2018-12-24 04:35,1781
2018-12-24 04:40,1751
2018-12-24 04:45,1727
2018-12-24 04:50,1720
2018-12-24 04:55,1709
2018-12-24 05:00,1690
2018-12-24 05:05,1684
2018-12-24 05:10,1661
2018-12-24 05:15,1621
2018-12-24 05:20,1636
2018-12-24 05:25,1599
2018-12-24 05:30,1608
2018-12-24 05:35,1588
2018-12-24 05:40,1590
2018-12-24 05:45,1581
2018-12-24 05:50,1594
2018-12-24 05:55,1589
2018-12-24 06:00,1586
2018-12-24 06:05,1597
2018-12-24 06:10,1577
2018-12-24 06:15,1577
2018-12-24 06:20,1585
2018-12-24 06:25,1563
2018-12-24 06:30,1556
2018-12-24 06:35,1526
2018-12-24 06:40,1524
2018-12-24 06:45,1511
2018-12-24 06:50,1500
2018-12-24 06:55,1504
2018-12-24 07:00,1508
2018-12-24 07:05,1494
2018-12-24 07:10,1498
2018-12-24 07:15,1494
2018-12-24 07:20,1483
2018-12-24 07:25,1494
2018-12-24 07:30,1482
2018-12-24 07:35,1481
2018-12-24 07:40,1484
2018-12-24 07:45,1496
2018-12-24 07:50,1506
2018-12-24 07:55,1499
2018-12-24 08:00,1498
2018-12-24 08:05,1499
2018-12-24 08:10,1498
2018-12-24 08:15,1499
2018-12-24 08:20,1512
2018-12-24 08:25,1534
2018-12-24 08:30,1556
2018-12-24 08:35,1550
2018-12-24 08:40,1543
2018-12-24 08:45,1577
2018-12-24 08:50,1581
2018-12-24 08:55,1593
2018-12-24 09:00,1627
2018-12-24 09:05,1644
2018-12-24 09:10,1649
2018-12-24 09:15,1661
2018-12-24 09:20,1679
2018-12-24 09:25,1695
2018-12-24 09:30,1721
2018-12-24 09:35,1724
2018-12-24 09:40,1730
2018-12-24 09:45,1738
2018-12-24 09:50,1733
2018-12-24 09:55,1765
2018-12-24 10:00,1799
2018-12-24 10:05,1848
2018-12-24 10:10,1896
2018-12-24 10:15,1947
2018-12-24 10:20,1998
2018-12-24 10:25,2036
2018-12-24 10:30,2054
2018-12-24 10:35,2054
2018-12-24 10:40,2067
2018-12-24 10:45,2074
2018-12-24 10:50,2092
2018-12-24 10:55,2099
2018-12-24 11:00,2119
2018-12-24 11:05,2123
2018-12-24 11:10,2158
2018-12-24 11:15,2176
2018-12-24 11:20,2186
2018-12-24 11:25,2189
2018-12-24 11:30,2228
2018-12-24 11:35,2242
2018-12-24 11:40,2246
2018-12-24 11:45,2263
2018-12-24 11:50,2289
2018-12-24 11:55,2297
2018-12-24 12:00,2316
2018-12-24 12:05,2323
2018-12-24 12:10,2310
2018-12-24 12:15,2329
2018-12-24 12:20,2343
2018-12-24 12:25,2376
2018-12-24 12:30,2393
2018-12-24 12:35,2386
2018-12-24 12:40,2394
2018-12-24 12:45,2428
2018-12-24 12:50,2443
2018-12-24 12:55,2451
2018-12-24 13:00,2467
2018-12-24 13:05,2491
2018-12-24 13:10,2495
2018-12-24 13:15,2516
2018-12-24 13:20,2509
2018-12-24 13:25,2520
2018-12-24 13:30,2512
2018-12-24 13:35,2546
2018-12-24 13:40,2576
2018-12-24 13:45,2619
2018-12-24 13:50,2646
2018-12-24 13:55,2661
2018-12-24 14:00,2655
2018-12-24 14:05,2686
2018-12-24 14:10,2701
2018-12-24 14:15,2703
2018-12-24 14:20,2703
2018-12-24 14:25,2707
2018-12-24 14:30,2718
2018-12-24 14:35,2731
2018-12-24 14:40,2722
2018-12-24 14:45,2712
2018-12-24 14:50,2720
2018-12-24 14:55,2741
2018-12-24 15:00,2758
2018-12-24 15:05,2761
2018-12-24 15:10,2759
2018-12-24 15:15,2762
2018-12-24 15:20,2785
2018-12-24 15:25,2794
2018-12-24 15:30,2777
2018-12-24 15:35,2807
2018-12-24 15:40,2806
2018-12-24 15:45,2820
2018-12-24 15:50,2823
2018-12-24 15:55,2834
2018-12-24 16:00,2853
2018-12-24 16:05,2858
2018-12-24 16:10,2889
2018-12-24 16:15,2915
2018-12-24 16:20,2884
2018-12-24 16:25,2861
2018-12-24 16:30,2894
2018-12-24 16:35,2874
2018-12-24 16:40,2869
2018-12-24 16:45,2878
2018-12-24 16:50,2883
2018-12-24 16:55,2894
2018-12-24 17:00,2876
2018-12-24 17:05,2916
2018-12-24 17:10,2886
2018-12-24 17:15,2908
2018-12-24 17:20,2903
2018-12-24 17:25,2892
2018-12-24 17:30,2889
2018-12-24 17:35,2892
2018-12-24 17:40,2893
2018-12-24 17:45,2900
2018-12-24 17:50,2894
2018-12-24 17:55,2920
2018-12-24 18:00,2908
2018-12-24 18:05,2902
2018-12-24 18:10,2897
2018-12-24 18:15,2905
2018-12-24 18:20,2893
2018-12-24 18:25,2903
2018-12-24 18:30,2888
2018-12-24 18:35,2900
2018-12-24 18:40,2894
2018-12-24 18:45,2891
2018-12-24 18:50,2863
2018-12-24 18:55,2877
2018-12-24 19:00,2865
2018-12-24 19:05,2897
2018-12-24 19:10,2885
2018-12-24 19:15,2866
2018-12-24 19:20,2893
2018-12-24 19:25,2873
2018-12-24 19:30,2900
2018-12-24 19:35,2875
2018-12-24 19:40,2877
2018-12-24 19:45,2879
2018-12-24 19:50,2859
2018-12-24 19:55,2852
2018-12-24 20:00,2850
2018-12-24 20:05,2854
2018-12-24 20:10,2843
2018-12-24 20:15,2826
2018-12-24 20:20,2828
2018-12-24 20:25,2822
2018-12-24 20:30,2805
2018-12-24 20:35,2799
2018-12-24 20:40,2781
2018-12-24 20:45,2791
2018-12-24 20:50,2784
2018-12-24 20:55,2781
2018-12-24 21:00,2783
2018-12-24 21:05,2754
2018-12-24 21:10,2752
2018-12-24 21:15,2726
2018-12-24 21:20,2724
2018-12-24 21:25,2693
2018-12-24 21:30,2670
2018-12-24 21:35,2660
2018-12-24 21:40,2669
2018-12-24 21:45,2660
2018-12-24 21:50,2632
2018-12-24 21:55,2607
2018-12-24 22:00,2590
2018-12-24 22:05,2587
2018-12-24 22:10,2577
2018-12-24 22:15,2569
2018-12-24 22:20,2533
2018-12-24 22:25,2504
2018-12-24 22:30,2494
2018-12-24 22:35,2459
2018-12-24 22:40,2460
2018-12-24 22:45,2451
2018-12-24 22:50,2466
2018-12-24 22:55,2415
2018-12-24 23:00,2402
2018-12-24 23:05,2397
2018-12-24 23:10,2356
2018-12-24 23:15,2302
2018-12-24 23:20,2283
2018-12-24 23:25,2265
2018-12-24 23:30,2239
2018-12-24 23:35,2220
2018-12-24 23:40,2201
2018-12-24 23:45,2212
2018-12-24 23:50,2196
2018-12-24 23:55,2192
2018-12-25 00:00,2175
2018-12-25 00:05,2169
2018-12-25 00:10,2131
2018-12-25 00:15,2107
2018-12-25 00:20,2107
2018-12-25 00:25,2100
2018-12-25 00:30,2077
2018-12-25 00:35,2053
2018-12-25 00:40,2030
2018-12-25 00:45,2010
2018-12-25 00:50,1982
2018-12-25 00:55,1957
2018-12-25 01:00,1947
2018-12-25 01:05,1928
2018-12-25 01:10,1922
2018-12-25 01:15,1900
2018-12-25 01:20,1878
2018-12-25 01:25,1863
2018-12-25 01:30,1851
2018-12-25 01:35,1841
2018-12-25 01:40,1834
2018-12-25 01:45,1803
2018-12-25 01:50,1783
2018-12-25 01:55,1768
2018-12-25 02:00,1761
2018-12-25 02:05,1732
2018-12-25 02:10,1714
2018-12-25 02:15,1696
2018-12-25 02:20,1675
2018-12-25 02:25,1686
2018-12-25 02:30,1669
2018-12-25 02:35,1651
2018-12-25 02:40,1663
2018-12-25 02:45,1650
2018-12-25 02:50,1653
2018-12-25 02:55,1633
2018-12-25 03:00,1612
2018-12-25 03:05,1578
2018-12-25 03:10,1572
2018-12-25 03:15,1576
2018-12-25 03:20,1559
2018-12-25 03:25,1558
2018-12-25 03:30,1562
2018-12-25 03:35,1573
2018-12-25 03:40,1573
2018-12-25 03:45,1553
2018-12-25 03:50,1559
2018-12-25 03:55,1557
2018-12-25 04:00,1544
2018-12-25 04:05,1526
2018-12-25 04:10,1529
2018-12-25 04:15,1541
2018-12-25 04:20,1517
2018-12-25 04:25,1518
2018-12-25 04:30,1489
2018-12-25 04:35,1494
2018-12-25 04:40,1489
2018-12-25 04:45,1484
2018-12-25 04:50,1469
2018-12-25 04:55,1454
2018-12-25 05:00,1448
2018-12-25 05:05,1442
2018-12-25 05:10,1444
2018-12-25 05:15,1441
2018-12-25 05:20,1430
2018-12-25 05:25,1421
2018-12-25 05:30,1429
2018-12-25 05:35,1432
2018-12-25 05:40,1429
2018-12-25 05:45,1431
2018-12-25 05:50,1407
2018-12-25 05:55,1402
2018-12-25 06:00,1398
2018-12-25 06:05,1393
2018-12-25 06:10,1384
2018-12-25 06:15,1397
2018-12-25 06:20,1403
2018-12-25 06:25,1394
2018-12-25 06:30,1385
2018-12-25 06:35,1371
2018-12-25 06:40,1374
2018-12-25 06:45,1378
2018-12-25 06:50,1377
2018-12-25 06:55,1381
2018-12-25 07:00,1388
2018-12-25 07:05,1390
2018-12-25 07:10,1392
2018-12-25 07:15,1419
2018-12-25 07:20,1412
2018-12-25 07:25,1427
2018-12-25 07:30,1416
2018-12-25 07:35,1411
2018-12-25 07:40,1422
2018-12-25 07:45,1411
2018-12-25 07:50,1415
2018-12-25 07:55,1433
2018-12-25 08:00,1451
2018-12-25 08:05,1451
2018-12-25 08:10,1481
2018-12-25 08:15,1485
2018-12-25 08:20,1494
2018-12-25 08:25,1482
2018-12-25 08:30,1489
2018-12-25 08:35,1515
2018-12-25 08:40,1529
2018-12-25 08:45,1555
2018-12-25 08:50,1572
2018-12-25 08:55,1586
2018-12-25 09:00,1584
2018-12-25 09:05,1594
2018-12-25 09:10,1590
2018-12-25 09:15,1602
2018-12-25 09:20,1607
2018-12-25 09:25,1623
2018-12-25 09:30,1615
2018-12-25 09:35,1659
2018-12-25 09:40,1666
2018-12-25 09:45,1681
2018-12-25 09:50,1696
2018-12-25 09:55,1728
2018-12-25 10:00,1749
2018-12-25 10:05,1781
2018-12-25 10:10,1797
2018-12-25 10:15,1842
2018-12-25 10:20,1858
2018-12-25 10:25,1864
2018-12-25 10:30,1864
2018-12-25 10:35,1892
2018-12-25 10:40,1912
2018-12-25 10:45,1925
2018-12-25 10:50,1934
2018-12-25 10:55,1929
2018-12-25 11:00,1948
2018-12-25 11:05,1958
2018-12-25 11:10,1967
2018-12-25 11:15,1986
2018-12-25 11:20,2004
2018-12-25 11:25,2012
2018-12-25 11:30,2046
2018-12-25 11:35,2037
2018-12-25 11:40,2035
2018-12-25 11:45,2022
2018-12-25 11:50,2036
2018-12-25 11:55,2020
2018-12-25 12:00,2034
2018-12-25 12:05,2030
2018-12-25 12:10,2038
2018-12-25 12:15,2038
2018-12-25 12:20,2066
2018-12-25 12:25,2084
2018-12-25 12:30,2074
2018-12-25 12:35,2087
2018-12-25 12:40,2102
2018-12-25 12:45,2110
2018-12-25 12:50,2124
2018-12-25 12:55,2142
2018-12-25 13:00,2148
2018-12-25 13:05,2166
2018-12-25 13:10,2154
2018-12-25 13:15,2185
2018-12-25 13:20,2197
2018-12-25 13:25,2239
2018-12-25 13:30,2259
2018-12-25 13:35,2265
2018-12-25 13:40,2288
2018-12-25 13:45,2302
2018-12-25 13:50,2299
2018-12-25 13:55,2305
2018-12-25 14:00,2340
2018-12-25 14:05,2369
2018-12-25 14:10,2373
2018-12-25 14:15,2388
2018-12-25 14:20,2436
2018-12-25 14:25,2473
2018-12-25 14:30,2469
2018-12-25 14:35,2468
2018-12-25 14:40,2484
2018-12-25 14:45,2484
2018-12-25 14:50,2511
2018-12-25 14:55,2508
2018-12-25 15:00,2503
2018-12-25 15:05,2509
2018-12-25 15:10,2520
2018-12-25 15:15,2553
2018-12-25 15:20,2546
2018-12-25 15:25,2545
2018-12-25 15:30,2556
2018-12-25 15:35,2561
2018-12-25 15:40,2587
2018-12-25 15:45,2593
2018-12-25 15:50,2621
2018-12-25 15:55,2626
2018-12-25 16:00,2648
2018-12-25 16:05,2653
2018-12-25 16:10,2696
2018-12-25 16:15,2726
2018-12-25 16:20,2741
2018-12-25 16:25,2729
2018-12-25 16:30,2765
2018-12-25 16:35,2757
2018-12-25 16:40,2793
2018-12-25 16:45,2793
2018-12-25 16:50,2810
2018-12-25 16:55,2833
2018-12-25 17:00,2853
2018-12-25 17:05,2848
2018-12-25 17:10,2885
2018-12-25 17:15,2907
2018-12-25 17:20,2917
2018-12-25 17:25,2926
2018-12-25 17:30,2921
2018-12-25 17:35,2923
2018-12-25 17:40,2930
2018-12-25 17:45,2954
2018-12-25 17:50,2979
2018-12-25 17:55,2996
2018-12-25 18:00,3000
2018-12-25 18:05,2999
2018-12-25 18:10,3020
2018-12-25 18:15,3045
2018-12-25 18:20,3069
2018-12-25 18:25,3077
2018-12-25 18:30,3090
2018-12-25 18:35,3080
2018-12-25 18:40,3050
2018-12-25 18:45,3047
2018-12-25 18:50,3040
2018-12-25 18:55,3033
2018-12-25 19:00,3027
2018-12-25 19:05,3032
2018-12-25 19:10,3045
2018-12-25 19:15,3058
2018-12-25 19:20,3039
2018-12-25 19:25,3044
2018-12-25 19:30,3044
2018-12-25 19:35,3087
2018-12-25 19:40,3076
2018-12-25 19:45,3093
2018-12-25 19:50,3039
2018-12-25 19:55,3050
2018-12-25 20:00,3079
2018-12-25 20:05,3070
2018-12-25 20:10,3087
2018-12-25 20:15,3116
2018-12-25 20:20,3150
2018-12-25 20:25,3154
2018-12-25 20:30,3156
2018-12-25 20:35,3125
2018-12-25 20:40,3109
2018-12-25 20:45,3097
2018-12-25 20:50,3091
2018-12-25 20:55,3096
2018-12-25 21:00,3069
2018-12-25 21:05,3057
2018-12-25 21:10,3080
2018-12-25 21:15,3059
2018-12-25 21:20,3058
2018-12-25 21:25,3056
2018-12-25 21:30,3035
2018-12-25 21:35,3004
2018-12-25 21:40,2983
2018-12-25 21:45,2972
2018-12-25 21:50,2946
2018-12-25 21:55,2913
2018-12-25 22:00,2901
2018-12-25 22:05,2889
2018-12-25 22:10,2845
2018-12-25 22:15,2814
2018-12-25 22:20,2778
2018-12-25 22:25,2769
2018-12-25 22:30,2762
2018-12-25 22:35,2730
2018-12-25 22:40,2711
2018-12-25 22:45,2732
2018-12-25 22:50,2700
2018-12-25 22:55,2661
2018-12-25 23:00,2637
2018-12-25 23:05,2645
2018-12-25 23:10,2593
2018-12-25 23:15,2550
2018-12-25 23:20,2527
2018-12-25 23:25,2515
2018-12-25 23:30,2492
2018-12-25 23:35,2481
2018-12-25 23:40,2472
2018-12-25 23:45,2456
2018-12-25 23:50,2439
2018-12-25 23:55,2415
2018-12-26 00:00,2381
2018-12-26 00:05,2353
2018-12-26 00:10,2314
2018-12-26 00:15,2320
2018-12-26 00:20,2272
2018-12-26 00:25,2247
2018-12-26 00:30,2212
2018-12-26 00:35,2198
2018-12-26 00:40,2206
2018-12-26 00:45,2192
2018-12-26 00:50,2185
2018-12-26 00:55,2176
2018-12-26 01:00,2185
2018-12-26 01:05,2157
2018-12-26 01:10,2135
2018-12-26 01:15,2123
2018-12-26 01:20,2110
2018-12-26 01:25,2076
2018-12-26 01:30,2057
2018-12-26 01:35,2060
2018-12-26 01:40,2046
2018-12-26 01:45,2029
2018-12-26 01:50,2007
2018-12-26 01:55,1980
2018-12-26 02:00,2000
2018-12-26 02:05,1978
2018-12-26 02:10,1979
2018-12-26 02:15,1966
2018-12-26 02:20,1931
2018-12-26 02:25,1945
2018-12-26 02:30,1953
2018-12-26 02:35,1946
2018-12-26 02:40,1951
2018-12-26 02:45,1950
2018-12-26 02:50,1946
2018-12-26 02:55,1922
2018-12-26 03:00,1929
2018-12-26 03:05,1928
2018-12-26 03:10,1906
2018-12-26 03:15,1898
2018-12-26 03:20,1885
2018-12-26 03:25,1868
2018-12-26 03:30,1844
2018-12-26 03:35,1829
2018-12-26 03:40,1790
2018-12-26 03:45,1786
2018-12-26 03:50,1754
2018-12-26 03:55,1743
2018-12-26 04:00,1738
2018-12-26 04:05,1714
2018-12-26 04:10,1690
2018-12-26 04:15,1681
2018-12-26 04:20,1655
2018-12-26 04:25,1642
2018-12-26 04:30,1608
2018-12-26 04:35,1599
2018-12-26 04:40,1607
2018-12-26 04:45,1588
2018-12-26 04:50,1570
2018-12-26 04:55,1551
2018-12-26 05:00,1532
2018-12-26 05:05,1500
2018-12-26 05:10,1493
2018-12-26 05:15,1472
2018-12-26 05:20,1482
2018-12-26 05:25,1466
2018-12-26 05:30,1455
2018-12-26 05:35,1446
2018-12-26 05:40,1431
2018-12-26 05:45,1449
2018-12-26 05:50,1451
2018-12-26 05:55,1445
2018-12-26 06:00,1423
2018-12-26 06:05,1404
2018-12-26 06:10,1402
2018-12-26 06:15,1387
2018-12-26 06:20,1389
2018-12-26 06:25,1392
2018-12-26 06:30,1387
2018-12-26 06:35,1406
2018-12-26 06:40,1389
2018-12-26 06:45,1376
2018-12-26 06:50,1360
2018-12-26 06:55,1355
2018-12-26 07:00,1350
2018-12-26 07:05,1343
2018-12-26 07:10,1327
2018-12-26 07:15,1322
2018-12-26 07:20,1314
2018-12-26 07:25,1329
2018-12-26 07:30,1337
2018-12-26 07:35,1335
2018-12-26 07:40,1337
2018-12-26 07:45,1345
2018-12-26 07:50,1361
2018-12-26 07:55,1375
2018-12-26 08:00,1381
2018-12-26 08:05,1393
2018-12-26 08:10,1399
2018-12-26 08:15,1385
2018-12-26 08:20,1379
2018-12-26 08:25,1391
2018-12-26 08:30,1388
2018-12-26 08:35,1433
2018-12-26 08:40,1432
2018-12-26 08:45,1443
2018-12-26 08:50,1461
2018-12-26 08:55,1471
2018-12-26 09:00,1494
2018-12-26 09:05,1487
2018-12-26 09:10,1523
2018-12-26 09:15,1549
2018-12-26 09:20,1582
2018-12-26 09:25,1580
2018-12-26 09:30,1617
2018-12-26 09:35,1632
2018-12-26 09:40,1659
2018-12-26 09:45,1684
2018-12-26 09:50,1676
2018-12-26 09:55,1687
2018-12-26 10:00,1711
2018-12-26 10:05,1761
2018-12-26 10:10,1783
2018-12-26 10:15,1819
2018-12-26 10:20,1855
2018-12-26 10:25,1888
2018-12-26 10:30,1901
2018-12-26 10:35,1933
2018-12-26 10:40,1945
2018-12-26 10:45,1950
2018-12-26 10:50,1962
2018-12-26 10:55,1967
2018-12-26 11:00,1985
2018-12-26 11:05,2005
2018-12-26 11:10,2013
2018-12-26 11:15,2006
2018-12-26 11:20,1996
2018-12-26 11:25,2009
2018-12-26 11:30,2010
2018-12-26 11:35,2029
2018-12-26 11:40,2030
2018-12-26 11:45,2029
2018-12-26 11:50,2050
2018-12-26 11:55,2070
2018-12-26 12:00,2068
2018-12-26 12:05,2070
2018-12-26 12:10,2081
2018-12-26 12:15,2106
2018-12-26 12:20,2130
2018-12-26 12:25,2147
2018-12-26 12:30,2166
2018-12-26 12:35,2193
2018-12-26 12:40,2210
2018-12-26 12:45,2241
2018-12-26 12:50,2255
2018-12-26 12:55,2268
2018-12-26 13:00,2281
2018-12-26 13:05,2300
2018-12-26 13:10,2311
2018-12-26 13:15,2343
2018-12-26 13:20,2329
2018-12-26 13:25,2331
2018-12-26 13:30,2335
2018-12-26 13:35,2339
2018-12-26 13:40,2348
2018-12-26 13:45,2376
2018-12-26 13:50,2373
2018-12-26 13:55,2359
2018-12-26 14:00,2357
2018-12-26 14:05,2396
2018-12-26 14:10,2374
2018-12-26 14:15,2402
2018-12-26 14:20,2426
2018-12-26 14:25,2448
2018-12-26 14:30,2458
2018-12-26 14:35,2473
2018-12-26 14:40,2498
2018-12-26 14:45,2485
2018-12-26 14:50,2499
2018-12-26 14:55,2505
2018-12-26 15:00,2515
2018-12-26 15:05,2559
2018-12-26 15:10,2560
2018-12-26 15:15,2585
2018-12-26 15:20,2598
2018-12-26 15:25,2620
2018-12-26 15:30,2618
2018-12-26 15:35,2660
2018-12-26 15:40,2675
2018-12-26 15:45,2705
2018-12-26 15:50,2689
2018-12-26 15:55,2737
2018-12-26 16:00,2741
2018-12-26 16:05,2747
2018-12-26 16:10,2748
2018-12-26 16:15,2780
2018-12-26 16:20,2786
2018-12-26 16:25,2835
2018-12-26 16:30,2848
2018-12-26 16:35,2875
2018-12-26 16:40,2886
2018-12-26 16:45,2883
2018-12-26 16:50,2905
2018-12-26 16:55,2921
2018-12-26 17:00,2922
2018-12-26 17:05,2943
2018-12-26 17:10,2970
2018-12-26 17:15,2989
2018-12-26 17:20,2979
2018-12-26 17:25,2998
2018-12-26 17:30,2999
2018-12-26 17:35,2999
2018-12-26 17:40,3007
2018-12-26 17:45,3014
2018-12-26 17:50,3023
2018-12-26 17:55,3061
2018-12-26 18:00,3074
2018-12-26 18:05,3050
2018-12-26 18:10,3044
2018-12-26 18:15,3047
2018-12-26 18:20,3047
2018-12-26 18:25,3067
2018-12-26 18:30,3067
2018-12-26 18:35,3064
2018-12-26 18:40,3076
2018-12-26 18:45,3064
2018-12-26 18:50,3100
2018-12-26 18:55,3151
2018-12-26 19:00,3187
2018-12-26 19:05,3168
2018-12-26 19:10,3170
2018-12-26 19:15,3159
2018-12-26 19:20,3195
2018-12-26 19:25,3209
2018-12-26 19:30,3222
2018-12-26 19:35,3233
2018-12-26 19:40,3218
2018-12-26 19:45,3213
2018-12-26 19:50,3160
2018-12-26 19:55,3160
2018-12-26 20:00,3174
2018-12-26 20:05,3176
2018-12-26 20:10,3174
2018-12-26 20:15,3155
2018-12-26 20:20,3171
2018-12-26 20:25,3209
2018-12-26 20:30,3203
2018-12-26 20:35,3215
2018-12-26 20:40,3209
2018-12-26 20:45,3218
2018-12-26 20:50,3203
2018-12-26 20:55,3209
2018-12-26 21:00,3210
2018-12-26 21:05,3182
2018-12-26 21:10,3155
2018-12-26 21:15,3162
2018-12-26 21:20,3125
2018-12-26 21:25,3104
2018-12-26 21:30,3083
2018-12-26 21:35,3054
2018-12-26 21:40,3015
2018-12-26 21:45,3013
2018-12-26 21:50,2992
2018-12-26 21:55,2986
2018-12-26 22:00,2946
2018-12-26 22:05,2911
2018-12-26 22:10,2872
2018-12-26 22:15,2838
2018-12-26 22:20,2835
2018-12-26 22:25,2816
2018-12-26 22:30,2830
2018-12-26 22:35,2783
2018-12-26 22:40,2760
2018-12-26 22:45,2764
2018-12-26 22:50,2729
2018-12-26 22:55,2686
2018-12-26 23:00,2640
2018-12-26 23:05,2605
2018-12-26 23:10,2578
2018-12-26 23:15,2555
2018-12-26 23:20,2527
2018-12-26 23:25,2532
2018-12-26 23:30,2507
2018-12-26 23:35,2488
2018-12-26 23:40,2480
2018-12-26 23:45,2452
2018-12-26 23:50,2436
2018-12-26 23:55,2408
2018-12-27 00:00,2400
2018-12-27 00:05,2388
2018-12-27 00:10,2377
2018-12-27 00:15,2346
2018-12-27 00:20,2338
2018-12-27 00:25,2300
2018-12-27 00:30,2299
2018-12-27 00:35,2293
2018-12-27 00:40,2266
2018-12-27 00:45,2270
2018-12-27 00:50,2268
2018-12-27 00:55,2261
2018-12-27 01:00,2262
2018-12-27 01:05,2236
2018-12-27 01:10,2216
2018-12-27 01:15,2215
2018-12-27 01:20,2185
2018-12-27 01:25,2175
2018-12-27 01:30,2168
2018-12-27 01:35,2125
2018-12-27 01:40,2108
2018-12-27 01:45,2108
2018-12-27 01:50,2126
2018-12-27 01:55,2136
2018-12-27 02:00,2129
2018-12-27 02:05,2136
2018-12-27 02:10,2104
2018-12-27 02:15,2095
2018-12-27 02:20,2072
2018-12-27 02:25,2053
2018-12-27 02:30,2041
2018-12-27 02:35,2040
2018-12-27 02:40,2007
2018-12-27 02:45,1984
2018-12-27 02:50,1956
2018-12-27 02:55,1947
2018-12-27 03:00,1925
2018-12-27 03:05,1920
2018-12-27 03:10,1911
2018-12-27 03:15,1891
2018-12-27 03:20,1864
2018-12-27 03:25,1836
2018-12-27 03:30,1799
2018-12-27 03:35,1784
2018-12-27 03:40,1789
2018-12-27 03:45,1778
2018-12-27 03:50,1777
2018-12-27 03:55,1748
2018-12-27 04:00,1742
2018-12-27 04:05,1740
2018-12-27 04:10,1725
2018-12-27 04:15,1706
2018-12-27 04:20,1681
2018-12-27 04:25,1680
2018-12-27 04:30,1656
2018-12-27 04:35,1675
2018-12-27 04:40,1643
2018-12-27 04:45,1646
2018-12-27 04:50,1622
2018-12-27 04:55,1595
2018-12-27 05:00,1576
2018-12-27 05:05,1573
2018-12-27 05:10,1583
2018-12-27 05:15,1551
2018-12-27 05:20,1531
2018-12-27 05:25,1537
2018-12-27 05:30,1506
2018-12-27 05:35,1504
2018-12-27 05:40,1494
2018-12-27 05:45,1492
2018-12-27 05:50,1485
2018-12-27 05:55,1471
2018-12-27 06:00,1453
2018-12-27 06:05,1437
2018-12-27 06:10,1416
2018-12-27 06:15,1396
2018-12-27 06:20,1388
2018-12-27 06:25,1390
2018-12-27 06:30,1401
2018-12-27 06:35,1392
2018-12-27 06:40,1387
2018-12-27 06:45,1396
2018-12-27 06:50,1391
2018-12-27 06:55,1404
2018-12-27 07:00,1401
2018-12-27 07:05,1396
2018-12-27 07:10,1398
2018-12-27 07:15,1400
2018-12-27 07:20,1394
2018-12-27 07:25,1400
2018-12-27 07:30,1392
2018-12-27 07:35,1381
2018-12-27 07:40,1380
2018-12-27 07:45,1391
2018-12-27 07:50,1395
2018-12-27 07:55,1416
2018-12-27 08:00,1429
2018-12-27 08:05,1444
2018-12-27 08:10,1447
2018-12-27 08:15,1419
2018-12-27 08:20,1420
2018-12-27 08:25,1427
2018-12-27 08:30,1443
2018-12-27 08:35,1449
2018-12-27 08:40,1442
2018-12-27 08:45,1443
2018-12-27 08:50,1452
2018-12-27 08:55,1450
2018-12-27 09:00,1451
2018-12-27 09:05,1465
2018-12-27 09:10,1488
2018-12-27 09:15,1500
2018-12-27 09:20,1509
2018-12-27 09:25,1519
2018-12-27 09:30,1527
2018-12-27 09:35,1551
2018-12-27 09:40,1563
2018-12-27 09:45,1584
2018-12-27 09:50,1602
2018-12-27 09:55,1629
2018-12-27 10:00,1650
2018-12-27 10:05,1692
2018-12-27 10:10,1732
2018-12-27 10:15,1745
2018-12-27 10:20,1785
2018-12-27 10:25,1795
2018-12-27 10:30,1822
2018-12-27 10:35,1860
2018-12-27 10:40,1854
2018-12-27 10:45,1873
2018-12-27 10:50,1891
2018-12-27 10:55,1917
2018-12-27 11:00,1920
2018-12-27 11:05,1931
2018-12-27 11:10,1933
2018-12-27 11:15,1937
2018-12-27 11:20,1949
2018-12-27 11:25,1976
2018-12-27 11:30,2009
2018-12-27 11:35,2020
2018-12-27 11:40,2034
2018-12-27 11:45,2045
2018-12-27 11:50,2056
2018-12-27 11:55,2076
2018-12-27 12:00,2083
2018-12-27 12:05,2073
2018-12-27 12:10,2069
2018-12-27 12:15,2075
2018-12-27 12:20,2086
2018-12-27 12:25,2122
2018-12-27 12:30,2110
2018-12-27 12:35,2132
2018-12-27 12:40,2147
2018-12-27 12:45,2119
2018-12-27 12:50,2150
2018-12-27 12:55,2171
2018-12-27 13:00,2170
2018-12-27 13:05,2187
2018-12-27 13:10,2211
2018-12-27 13:15,2242
2018-12-27 13:20,2249
2018-12-27 13:25,2272
2018-12-27 13:30,2272
2018-12-27 13:35,2272
2018-12-27 13:40,2289
2018-12-27 13:45,2267
2018-12-27 13:50,2256
2018-12-27 13:55,2247
2018-12-27 14:00,2230
2018-12-27 14:05,2201
2018-12-27 14:10,2209
2018-12-27 14:15,2209
2018-12-27 14:20,2203
2018-12-27 14:25,2244
2018-12-27 14:30,2247
2018-12-27 14:35,2241
2018-12-27 14:40,2228
2018-12-27 14:45,2245
2018-12-27 14:50,2209
2018-12-27 14:55,2156
2018-12-27 15:00,2004
2018-12-27 15:05,1335
2018-12-27 15:10,1316
2018-12-27 15:15,1293
2018-12-27 15:20,1319
2018-12-27 15:25,1346
2018-12-27 15:30,1350
2018-12-27 15:35,1326
2018-12-27 15:40,1331
2018-12-27 15:45,1358
2018-12-27 15:50,1374
2018-12-27 15:55,1391
2018-12-27 16:00,1443
2018-12-27 16:05,1497
2018-12-27 16:10,1502
2018-12-27 16:15,1513
2018-12-27 16:20,1697
2018-12-27 16:25,1850
2018-12-27 16:30,1988
2018-12-27 16:35,2136
2018-12-27 16:40,2257
2018-12-27 16:45,2337
2018-12-27 16:50,2409
2018-12-27 16:55,2469
2018-12-27 17:00,2542
2018-12-27 17:05,2635
2018-12-27 17:10,2663
2018-12-27 17:15,2734
2018-12-27 17:20,2807
2018-12-27 17:25,2864
2018-12-27 17:30,2909
2018-12-27 17:35,2927
2018-12-27 17:40,2955
2018-12-27 17:45,2987
2018-12-27 17:50,3015
2018-12-27 17:55,3035
2018-12-27 18:00,3062
2018-12-27 18:05,3080
2018-12-27 18:10,3109
2018-12-27 18:15,3106
2018-12-27 18:20,3118
2018-12-27 18:25,3117
2018-12-27 18:30,3125
2018-12-27 18:35,3144
2018-12-27 18:40,3167
2018-12-27 18:45,3173
2018-12-27 18:50,3215
2018-12-27 18:55,3205
2018-12-27 19:00,3214
2018-12-27 19:05,3202
2018-12-27 19:10,3228
2018-12-27 19:15,3189
2018-12-27 19:20,3221
2018-12-27 19:25,3244
2018-12-27 19:30,3234
2018-12-27 19:35,3231
2018-12-27 19:40,3255
2018-12-27 19:45,3279
2018-12-27 19:50,3241
2018-12-27 19:55,3239
2018-12-27 20:00,3265
2018-12-27 20:05,3257
2018-12-27 20:10,3287
2018-12-27 20:15,3290
2018-12-27 20:20,3272
2018-12-27 20:25,3267
2018-12-27 20:30,3263
2018-12-27 20:35,3237
2018-12-27 20:40,3226
2018-12-27 20:45,3224
2018-12-27 20:50,3238
2018-12-27 20:55,3242
2018-12-27 21:00,3231
2018-12-27 21:05,3204
2018-12-27 21:10,3196
2018-12-27 21:15,3185
2018-12-27 21:20,3168
2018-12-27 21:25,3136
2018-12-27 21:30,3122
2018-12-27 21:35,3112
2018-12-27 21:40,3085
2018-12-27 21:45,3061
2018-12-27 21:50,3050
2018-12-27 21:55,3026
2018-12-27 22:00,2990
2018-12-27 22:05,2968
2018-12-27 22:10,2936
2018-12-27 22:15,2923
2018-12-27 22:20,2895
2018-12-27 22:25,2884
2018-12-27 22:30,2860
2018-12-27 22:35,2822
2018-12-27 22:40,2787
2018-12-27 22:45,2766
2018-12-27 22:50,2756
2018-12-27 22:55,2737
2018-12-27 23:00,2726
2018-12-27 23:05,2657
2018-12-27 23:10,2616
2018-12-27 23:15,2597
2018-12-27 23:20,2571
2018-12-27 23:25,2540
2018-12-27 23:30,2520
2018-12-27 23:35,2503
2018-12-27 23:40,2504
2018-12-27 23:45,2482
2018-12-27 23:50,2450
2018-12-27 23:55,2416
2018-12-28 00:00,2417
2018-12-28 00:05,2395
2018-12-28 00:10,2379
2018-12-28 00:15,2359
2018-12-28 00:20,2352
2018-12-28 00:25,2322
2018-12-28 00:30,2319
2018-12-28 00:35,2283
2018-12-28 00:40,2266
2018-12-28 00:45,2270
2018-12-28 00:50,2246
2018-12-28 00:55,2233
2018-12-28 01:00,2189
2018-12-28 01:05,2149
2018-12-28 01:10,2122
2018-12-28 01:15,2103
2018-12-28 01:20,2082
2018-12-28 01:25,2088
2018-12-28 01:30,2053
2018-12-28 01:35,2052
2018-12-28 01:40,2032
2018-12-28 01:45,2004
2018-12-28 01:50,2000
2018-12-28 01:55,1995
2018-12-28 02:00,1974
2018-12-28 02:05,1956
2018-12-28 02:10,1934
2018-12-28 02:15,1919
2018-12-28 02:20,1915
2018-12-28 02:25,1909
2018-12-28 02:30,1929
2018-12-28 02:35,1933
2018-12-28 02:40,1913
2018-12-28 02:45,1901
2018-12-28 02:50,1906
2018-12-28 02:55,1899
2018-12-28 03:00,1893
2018-12-28 03:05,1875
2018-12-28 03:10,1868
2018-12-28 03:15,1845
2018-12-28 03:20,1836
2018-12-28 03:25,1834
2018-12-28 03:30,1799
2018-12-28 03:35,1793
2018-12-28 03:40,1776
2018-12-28 03:45,1761
2018-12-28 03:50,1738
2018-12-28 03:55,1728
2018-12-28 04:00,1713
2018-12-28 04:05,1678
2018-12-28 04:10,1660
2018-12-28 04:15,1640
2018-12-28 04:20,1637
2018-12-28 04:25,1624
2018-12-28 04:30,1613
2018-12-28 04:35,1582
2018-12-28 04:40,1551
2018-12-28 04:45,1546
2018-12-28 04:50,1526
2018-12-28 04:55,1529
2018-12-28 05:00,1536
2018-12-28 05:05,1503
2018-12-28 05:10,1498
2018-12-28 05:15,1471
2018-12-28 05:20,1445
2018-12-28 05:25,1432
2018-12-28 05:30,1436
2018-12-28 05:35,1421
2018-12-28 05:40,1411
2018-12-28 05:45,1402
2018-12-28 05:50,1390
2018-12-28 05:55,1381
2018-12-28 06:00,1359
2018-12-28 06:05,1347
2018-12-28 06:10,1332
2018-12-28 06:15,1333
2018-12-28 06:20,1324
2018-12-28 06:25,1300
2018-12-28 06:30,1308
2018-12-28 06:35,1313
2018-12-28 06:40,1311
2018-12-28 06:45,1310
2018-12-28 06:50,1314
2018-12-28 06:55,1309
2018-12-28 07:00,1281
2018-12-28 07:05,1300
2018-12-28 07:10,1317
2018-12-28 07:15,1331
2018-12-28 07:20,1323
2018-12-28 07:25,1336
2018-12-28 07:30,1348
2018-12-28 07:35,1350
2018-12-28 07:40,1363
2018-12-28 07:45,1369
2018-12-28 07:50,1374
2018-12-28 07:55,1374
2018-12-28 08:00,1383
2018-12-28 08:05,1376
2018-12-28 08:10,1388
2018-12-28 08:15,1391
2018-12-28 08:20,1401
2018-12-28 08:25,1406
2018-12-28 08:30,1421
2018-12-28 08:35,1422
2018-12-28 08:40,1423
2018-12-28 08:45,1439
2018-12-28 08:50,1443
2018-12-28 08:55,1444
2018-12-28 09:00,1439
2018-12-28 09:05,1459
2018-12-28 09:10,1473
2018-12-28 09:15,1500
2018-12-28 09:20,1521
2018-12-28 09:25,1533
2018-12-28 09:30,1559
2018-12-28 09:35,1580
2018-12-28 09:40,1592
2018-12-28 09:45,1621
2018-12-28 09:50,1657
2018-12-28 09:55,1684
2018-12-28 10:00,1718
2018-12-28 10:05,1743
2018-12-28 10:10,1768
2018-12-28 10:15,1793
2018-12-28 10:20,1818
2018-12-28 10:25,1848
2018-12-28 10:30,1855
2018-12-28 10:35,1880
2018-12-28 10:40,1911
2018-12-28 10:45,1932
2018-12-28 10:50,1948
2018-12-28 10:55,1939
2018-12-28 11:00,1960
2018-12-28 11:05,1942
2018-12-28 11:10,1949
2018-12-28 11:15,1944
2018-12-28 11:20,1956
2018-12-28 11:25,1972
2018-12-28 11:30,1989
2018-12-28 11:35,1990
2018-12-28 11:40,2006
2018-12-28 11:45,2029
2018-12-28 11:50,2026
2018-12-28 11:55,2056
2018-12-28 12:00,2072
2018-12-28 12:05,2082
2018-12-28 12:10,2089
2018-12-28 12:15,2099
2018-12-28 12:20,2116
2018-12-28 12:25,2145
2018-12-28 12:30,2144
2018-12-28 12:35,2147
2018-12-28 12:40,2173
2018-12-28 12:45,2172
2018-12-28 12:50,2183
2018-12-28 12:55,2195
2018-12-28 13:00,2183
2018-12-28 13:05,2203
2018-12-28 13:10,2197
2018-12-28 13:15,2222
2018-12-28 13:20,2235
2018-12-28 13:25,2278
2018-12-28 13:30,2266
2018-12-28 13:35,2294
2018-12-28 13:40,2298
2018-12-28 13:45,2316
2018-12-28 13:50,2352
2018-12-28 13:55,2377
2018-12-28 14:00,2390
2018-12-28 14:05,2394
2018-12-28 14:10,2406
2018-12-28 14:15,2459
2018-12-28 14:20,2436
2018-12-28 14:25,2488
2018-12-28 14:30,2501
2018-12-28 14:35,2502
2018-12-28 14:40,2517
2018-12-28 14:45,2524
2018-12-28 14:50,2529
2018-12-28 14:55,2553
2018-12-28 15:00,2553
2018-12-28 15:05,2572
2018-12-28 15:10,2563
2018-12-28 15:15,2585
2018-12-28 15:20,2611
2018-12-28 15:25,2628
2018-12-28 15:30,2662
2018-12-28 15:35,2659
2018-12-28 15:40,2696
2018-12-28 15:45,2727
2018-12-28 15:50,2734
2018-12-28 15:55,2748
2018-12-28 16:00,2753
2018-12-28 16:05,2724
2018-12-28 16:10,2754
2018-12-28 16:15,2795
2018-12-28 16:20,2841
2018-12-28 16:25,2833
2018-12-28 16:30,2862
2018-12-28 16:35,2837
2018-12-28 16:40,2840
2018-12-28 16:45,2817
2018-12-28 16:50,2823
2018-12-28 16:55,2835
2018-12-28 17:00,2844
2018-12-28 17:05,2850
2018-12-28 17:10,2873
2018-12-28 17:15,2872
2018-12-28 17:20,2873
2018-12-28 17:25,2861
2018-12-28 17:30,2885
2018-12-28 17:35,2910
2018-12-28 17:40,2931
2018-12-28 17:45,2918
2018-12-28 17:50,2957
2018-12-28 17:55,2952
2018-12-28 18:00,2955
2018-12-28 18:05,2958
2018-12-28 18:10,2938
2018-12-28 18:15,2930
2018-12-28 18:20,2933
2018-12-28 18:25,2929
2018-12-28 18:30,2940
2018-12-28 18:35,2960
2018-12-28 18:40,2961
2018-12-28 18:45,2978
2018-12-28 18:50,2983
2018-12-28 18:55,2977
2018-12-28 19:00,2978
2018-12-28 19:05,2987
2018-12-28 19:10,3005
2018-12-28 19:15,3033
2018-12-28 19:20,3041
2018-12-28 19:25,3078
2018-12-28 19:30,3068
2018-12-28 19:35,3100
2018-12-28 19:40,3079
2018-12-28 19:45,3118
2018-12-28 19:50,3123
2018-12-28 19:55,3125
2018-12-28 20:00,3100
2018-12-28 20:05,3085
2018-12-28 20:10,3083
2018-12-28 20:15,3094
2018-12-28 20:20,3117
2018-12-28 20:25,3103
2018-12-28 20:30,3088
2018-12-28 20:35,3125
2018-12-28 20:40,3122
2018-12-28 20:45,3107
2018-12-28 20:50,3096
2018-12-28 20:55,3125
2018-12-28 21:00,3143
2018-12-28 21:05,3110
2018-12-28 21:10,3079
2018-12-28 21:15,3078
2018-12-28 21:20,3041
2018-12-28 21:25,3054
2018-12-28 21:30,3043
2018-12-28 21:35,3025
2018-12-28 21:40,3001
2018-12-28 21:45,2997
2018-12-28 21:50,2979
2018-12-28 21:55,2956
2018-12-28 22:00,2939
2018-12-28 22:05,2921
2018-12-28 22:10,2912
2018-12-28 22:15,2894
2018-12-28 22:20,2900
2018-12-28 22:25,2914
2018-12-28 22:30,2880
2018-12-28 22:35,2867
2018-12-28 22:40,2853
2018-12-28 22:45,2855
2018-12-28 22:50,2825
2018-12-28 22:55,2806
2018-12-28 23:00,2808
2018-12-28 23:05,2768
2018-12-28 23:10,2757
2018-12-28 23:15,2727
2018-12-28 23:20,2688
2018-12-28 23:25,2679
2018-12-28 23:30,2659
2018-12-28 23:35,2610
2018-12-28 23:40,2586
2018-12-28 23:45,2556
2018-12-28 23:50,2533
2018-12-28 23:55,2510
2018-12-29 00:00,2476
2018-12-29 00:05,2476
2018-12-29 00:10,2457
2018-12-29 00:15,2412
2018-12-29 00:20,2382
2018-12-29 00:25,2337
2018-12-29 00:30,2344
2018-12-29 00:35,2322
2018-12-29 00:40,2302
2018-12-29 00:45,2277
2018-12-29 00:50,2226
2018-12-29 00:55,2219
2018-12-29 01:00,2186
2018-12-29 01:05,2158
2018-12-29 01:10,2143
2018-12-29 01:15,2129
2018-12-29 01:20,2110
2018-12-29 01:25,2091
2018-12-29 01:30,2077
2018-12-29 01:35,2086
2018-12-29 01:40,2089
2018-12-29 01:45,2074
2018-12-29 01:50,2070
2018-12-29 01:55,2062
2018-12-29 02:00,2057
2018-12-29 02:05,2042
2018-12-29 02:10,2016
2018-12-29 02:15,1987
2018-12-29 02:20,1970
2018-12-29 02:25,1961
2018-12-29 02:30,1950
2018-12-29 02:35,1922
2018-12-29 02:40,1934
2018-12-29 02:45,1937
2018-12-29 02:50,1932
2018-12-29 02:55,1923
2018-12-29 03:00,1935
2018-12-29 03:05,1926
2018-12-29 03:10,1924
2018-12-29 03:15,1911
2018-12-29 03:20,1907
2018-12-29 03:25,1889
2018-12-29 03:30,1878
2018-12-29 03:35,1877
2018-12-29 03:40,1857
2018-12-29 03:45,1852
2018-12-29 03:50,1833
2018-12-29 03:55,1824
2018-12-29 04:00,1784
2018-12-29 04:05,1774
2018-12-29 04:10,1763
2018-12-29 04:15,1734
2018-12-29 04:20,1717
2018-12-29 04:25,1712
2018-12-29 04:30,1682
2018-12-29 04:35,1677
2018-12-29 04:40,1651
2018-12-29 04:45,1648
2018-12-29 04:50,1628
2018-12-29 04:55,1603
2018-12-29 05:00,1602
2018-12-29 05:05,1590
2018-12-29 05:10,1602
2018-12-29 05:15,1598
2018-12-29 05:20,1579
2018-12-29 05:25,1567
2018-12-29 05:30,1550
2018-12-29 05:35,1536
2018-12-29 05:40,1525
2018-12-29 05:45,1511
2018-12-29 05:50,1505
2018-12-29 05:55,1487
2018-12-29 06:00,1466
2018-12-29 06:05,1446
2018-12-29 06:10,1453
2018-12-29 06:15,1457
2018-12-29 06:20,1454
2018-12-29 06:25,1447
2018-12-29 06:30,1423
2018-12-29 06:35,1401
2018-12-29 06:40,1405
2018-12-29 06:45,1402
2018-12-29 06:50,1404
2018-12-29 06:55,1412
2018-12-29 07:00,1402
2018-12-29 07:05,1401
2018-12-29 07:10,1388
2018-12-29 07:15,1401
2018-12-29 07:20,1400
2018-12-29 07:25,1401
2018-12-29 07:30,1401
2018-12-29 07:35,1414
2018-12-29 07:40,1399
2018-12-29 07:45,1421
2018-12-29 07:50,1424
2018-12-29 07:55,1429
2018-12-29 08:00,1449
2018-12-29 08:05,1456
2018-12-29 08:10,1469
2018-12-29 08:15,1470
2018-12-29 08:20,1480
2018-12-29 08:25,1483
2018-12-29 08:30,1492
2018-12-29 08:35,1485
2018-12-29 08:40,1494
2018-12-29 08:45,1513
2018-12-29 08:50,1497
2018-12-29 08:55,1514
2018-12-29 09:00,1557
2018-12-29 09:05,1552
2018-12-29 09:10,1555
2018-12-29 09:15,1563
2018-12-29 09:20,1567
2018-12-29 09:25,1594
2018-12-29 09:30,1613
2018-12-29 09:35,1634
2018-12-29 09:40,1645
2018-12-29 09:45,1689
2018-12-29 09:50,1709
2018-12-29 09:55,1728
2018-12-29 10:00,1765
2018-12-29 10:05,1803
2018-12-29 10:10,1837
2018-12-29 10:15,1866
2018-12-29 10:20,1881
2018-12-29 10:25,1894
2018-12-29 10:30,1911
2018-12-29 10:35,1920
2018-12-29 10:40,1921
2018-12-29 10:45,1937
2018-12-29 10:50,1944
2018-12-29 10:55,1983
2018-12-29 11:00,2024
2018-12-29 11:05,2014
2018-12-29 11:10,2034
2018-12-29 11:15,2063
2018-12-29 11:20,2086
2018-12-29 11:25,2115
2018-12-29 11:30,2137
2018-12-29 11:35,2167
2018-12-29 11:40,2185
2018-12-29 11:45,2189
2018-12-29 11:50,2201
2018-12-29 11:55,2219
2018-12-29 12:00,2246
2018-12-29 12:05,2268
2018-12-29 12:10,2277
2018-12-29 12:15,2271
2018-12-29 12:20,2272
2018-12-29 12:25,2275
2018-12-29 12:30,2299
2018-12-29 12:35,2299
2018-12-29 12:40,2333
2018-12-29 12:45,2359
2018-12-29 12:50,2388
2018-12-29 12:55,2411
2018-12-29 13:00,2425
2018-12-29 13:05,2461
2018-12-29 13:10,2474
2018-12-29 13:15,2459
2018-12-29 13:20,2445
2018-12-29 13:25,2469
2018-12-29 13:30,2495
2018-12-29 13:35,2509
2018-12-29 13:40,2547
2018-12-29 13:45,2564
2018-12-29 13:50,2563
2018-12-29 13:55,2558
2018-12-29 14:00,2580
2018-12-29 14:05,2582
2018-12-29 14:10,2593
2018-12-29 14:15,2594
2018-12-29 14:20,2622
2018-12-29 14:25,2652
2018-12-29 14:30,2662
2018-12-29 14:35,2702
2018-12-29 14:40,2718
2018-12-29 14:45,2736
2018-12-29 14:50,2719
2018-12-29 14:55,2759
2018-12-29 15:00,2776
2018-12-29 15:05,2775
2018-12-29 15:10,2789
2018-12-29 15:15,2809
2018-12-29 15:20,2842
2018-12-29 15:25,2835
2018-12-29 15:30,2841
2018-12-29 15:35,2858
2018-12-29 15:40,2867
2018-12-29 15:45,2870
2018-12-29 15:50,2893
2018-12-29 15:55,2905
2018-12-29 16:00,2951
2018-12-29 16:05,2974
2018-12-29 16:10,2985
2018-12-29 16:15,2943
2018-12-29 16:20,2951
2018-12-29 16:25,2846
2018-12-29 16:30,2894
2018-12-29 16:35,2870
2018-12-29 16:40,2839
2018-12-29 16:45,2827
2018-12-29 16:50,2834
2018-12-29 16:55,2886
2018-12-29 17:00,2980
2018-12-29 17:05,3013
2018-12-29 17:10,3008
2018-12-29 17:15,2993
2018-12-29 17:20,3039
2018-12-29 17:25,3069
2018-12-29 17:30,3076
2018-12-29 17:35,3093
2018-12-29 17:40,3115
2018-12-29 17:45,3117
2018-12-29 17:50,3108
2018-12-29 17:55,3091
2018-12-29 18:00,3135
2018-12-29 18:05,3133
2018-12-29 18:10,3118
2018-12-29 18:15,3130
2018-12-29 18:20,3142
2018-12-29 18:25,3168
2018-12-29 18:30,3200
2018-12-29 18:35,3180
2018-12-29 18:40,3178
2018-12-29 18:45,3163
2018-12-29 18:50,3193
2018-12-29 18:55,3192
2018-12-29 19:00,3174
2018-12-29 19:05,3178
2018-12-29 19:10,3145
2018-12-29 19:15,3144
2018-12-29 19:20,3142
2018-12-29 19:25,3165
2018-12-29 19:30,3157
2018-12-29 19:35,3142
2018-12-29 19:40,3161
2018-12-29 19:45,3170
2018-12-29 19:50,3164
2018-12-29 19:55,3179
2018-12-29 20:00,3173
2018-12-29 20:05,3178
2018-12-29 20:10,3180
2018-12-29 20:15,3183
2018-12-29 20:20,3188
2018-12-29 20:25,3197
2018-12-29 20:30,3216
2018-12-29 20:35,3227
2018-12-29 20:40,3216
2018-12-29 20:45,3224
2018-12-29 20:50,3195
2018-12-29 20:55,3193
2018-12-29 21:00,3176
2018-12-29 21:05,3210
2018-12-29 21:10,3198
2018-12-29 21:15,3191
2018-12-29 21:20,3186
2018-12-29 21:25,3184
2018-12-29 21:30,3164
2018-12-29 21:35,3142
2018-12-29 21:40,3128
2018-12-29 21:45,3121
2018-12-29 21:50,3120
2018-12-29 21:55,3106
2018-12-29 22:00,3087
2018-12-29 22:05,3091
2018-12-29 22:10,3048
2018-12-29 22:15,3020
2018-12-29 22:20,3007
2018-12-29 22:25,2967
2018-12-29 22:30,2956
2018-12-29 22:35,2913
2018-12-29 22:40,2885
2018-12-29 22:45,2902
2018-12-29 22:50,2870
2018-12-29 22:55,2840
2018-12-29 23:00,2806
2018-12-29 23:05,2802
2018-12-29 23:10,2807
2018-12-29 23:15,2782
2018-12-29 23:20,2725
2018-12-29 23:25,2726
2018-12-29 23:30,2708
2018-12-29 23:35,2669
2018-12-29 23:40,2642
2018-12-29 23:45,2617
2018-12-29 23:50,2609
2018-12-29 23:55,2574
2018-12-30 00:00,2557
2018-12-30 00:05,2525
2018-12-30 00:10,2489
2018-12-30 00:15,2452
2018-12-30 00:20,2410
2018-12-30 00:25,2398
2018-12-30 00:30,2370
2018-12-30 00:35,2344
2018-12-30 00:40,2327
2018-12-30 00:45,2306
2018-12-30 00:50,2285
2018-12-30 00:55,2295
2018-12-30 01:00,2288
2018-12-30 01:05,2274
2018-12-30 01:10,2254
2018-12-30 01:15,2234
2018-12-30 01:20,2213
2018-12-30 01:25,2210
2018-12-30 01:30,2191
2018-12-30 01:35,2166
2018-12-30 01:40,2152
2018-12-30 01:45,2146
2018-12-30 01:50,2129
2018-12-30 01:55,2117
2018-12-30 02:00,2104
2018-12-30 02:05,2092
2018-12-30 02:10,2066
2018-12-30 02:15,2027
2018-12-30 02:20,2034
2018-12-30 02:25,2027
2018-12-30 02:30,2027
2018-12-30 02:35,2018
2018-12-30 02:40,2010
2018-12-30 02:45,2008
2018-12-30 02:50,2002
2018-12-30 02:55,2003
2018-12-30 03:00,1963
2018-12-30 03:05,1967
2018-12-30 03:10,1955
2018-12-30 03:15,1925
2018-12-30 03:20,1898
2018-12-30 03:25,1898
2018-12-30 03:30,1879
2018-12-30 03:35,1864
2018-12-30 03:40,1868
2018-12-30 03:45,1850
2018-12-30 03:50,1846
2018-12-30 03:55,1837
2018-12-30 04:00,1828
2018-12-30 04:05,1808
2018-12-30 04:10,1800
2018-12-30 04:15,1803
2018-12-30 04:20,1791
2018-12-30 04:25,1757
2018-12-30 04:30,1753
2018-12-30 04:35,1755
2018-12-30 04:40,1752
2018-12-30 04:45,1743
2018-12-30 04:50,1739
2018-12-30 04:55,1728
2018-12-30 05:00,1728
2018-12-30 05:05,1685
2018-12-30 05:10,1676
2018-12-30 05:15,1651
2018-12-30 05:20,1635
2018-12-30 05:25,1628
2018-12-30 05:30,1626
2018-12-30 05:35,1617
2018-12-30 05:40,1598
2018-12-30 05:45,1600
2018-12-30 05:50,1580
2018-12-30 05:55,1595
2018-12-30 06:00,1579
2018-12-30 06:05,1559
2018-12-30 06:10,1553
2018-12-30 06:15,1545
2018-12-30 06:20,1527
2018-12-30 06:25,1533
2018-12-30 06:30,1529
2018-12-30 06:35,1518
2018-12-30 06:40,1504
2018-12-30 06:45,1499
2018-12-30 06:50,1490
2018-12-30 06:55,1488
2018-12-30 07:00,1505
2018-12-30 07:05,1518
2018-12-30 07:10,1508
2018-12-30 07:15,1518
2018-12-30 07:20,1508
2018-12-30 07:25,1497
2018-12-30 07:30,1483
2018-12-30 07:35,1491
2018-12-30 07:40,1529
2018-12-30 07:45,1563
2018-12-30 07:50,1574
2018-12-30 07:55,1565
2018-12-30 08:00,1558
2018-12-30 08:05,1567
2018-12-30 08:10,1573
2018-12-30 08:15,1592
2018-12-30 08:20,1583
2018-12-30 08:25,1608
2018-12-30 08:30,1587
2018-12-30 08:35,1597
2018-12-30 08:40,1608
2018-12-30 08:45,1652
2018-12-30 08:50,1651
2018-12-30 08:55,1649
2018-12-30 09:00,1682
2018-12-30 09:05,1696
2018-12-30 09:10,1702
2018-12-30 09:15,1738
2018-12-30 09:20,1753
2018-12-30 09:25,1766
2018-12-30 09:30,1802
2018-12-30 09:35,1815
2018-12-30 09:40,1836
2018-12-30 09:45,1835
2018-12-30 09:50,1835
2018-12-30 09:55,1839
2018-12-30 10:00,1858
2018-12-30 10:05,1894
2018-12-30 10:10,1965
2018-12-30 10:15,1979
2018-12-30 10:20,1991
2018-12-30 10:25,2028
2018-12-30 10:30,2052
2018-12-30 10:35,2093
2018-12-30 10:40,2127
2018-12-30 10:45,2142
2018-12-30 10:50,2170
2018-12-30 10:55,2183
2018-12-30 11:00,2173
2018-12-30 11:05,2163
2018-12-30 11:10,2170
2018-12-30 11:15,2215
2018-12-30 11:20,2229
2018-12-30 11:25,2278
2018-12-30 11:30,2292
2018-12-30 11:35,2304
2018-12-30 11:40,2345
2018-12-30 11:45,2373
2018-12-30 11:50,2393
2018-12-30 11:55,2406
2018-12-30 12:00,2403
2018-12-30 12:05,2411
2018-12-30 12:10,2410
2018-12-30 12:15,2451
2018-12-30 12:20,2462
2018-12-30 12:25,2495
2018-12-30 12:30,2518
2018-12-30 12:35,2550
2018-12-30 12:40,2562
2018-12-30 12:45,2569
2018-12-30 12:50,2589
2018-12-30 12:55,2621
2018-12-30 13:00,2638
2018-12-30 13:05,2654
2018-12-30 13:10,2669
2018-12-30 13:15,2691
2018-12-30 13:20,2708
2018-12-30 13:25,2719
2018-12-30 13:30,2733
2018-12-30 13:35,2723
2018-12-30 13:40,2766
2018-12-30 13:45,2759
2018-12-30 13:50,2773
2018-12-30 13:55,2799
2018-12-30 14:00,2797
2018-12-30 14:05,2790
2018-12-30 14:10,2789
2018-12-30 14:15,2820
2018-12-30 14:20,2831
2018-12-30 14:25,2863
2018-12-30 14:30,2903
2018-12-30 14:35,2907
2018-12-30 14:40,2933
2018-12-30 14:45,2927
2018-12-30 14:50,2938
2018-12-30 14:55,2927
2018-12-30 15:00,2923
2018-12-30 15:05,2904
2018-12-30 15:10,2992
2018-12-30 15:15,3030
2018-12-30 15:20,3031
2018-12-30 15:25,3048
2018-12-30 15:30,3048
2018-12-30 15:35,3043
2018-12-30 15:40,3054
2018-12-30 15:45,3061
2018-12-30 15:50,3066
2018-12-30 15:55,3085
2018-12-30 16:00,3115
2018-12-30 16:05,3115
2018-12-30 16:10,3147
2018-12-30 16:15,3176
2018-12-30 16:20,3192
2018-12-30 16:25,3191
2018-12-30 16:30,3202
2018-12-30 16:35,3202
2018-12-30 16:40,3201
2018-12-30 16:45,3219
2018-12-30 16:50,3250
2018-12-30 16:55,3263
2018-12-30 17:00,3286
2018-12-30 17:05,3295
2018-12-30 17:10,3317
2018-12-30 17:15,3328
2018-12-30 17:20,3328
2018-12-30 17:25,3328
2018-12-30 17:30,3317
2018-12-30 17:35,3317
2018-12-30 17:40,3308
2018-12-30 17:45,3308
2018-12-30 17:50,3376
2018-12-30 17:55,3351
2018-12-30 18:00,3356
2018-12-30 18:05,3325
2018-12-30 18:10,3312
2018-12-30 18:15,3319
2018-12-30 18:20,3315
2018-12-30 18:25,3331
2018-12-30 18:30,3351
2018-12-30 18:35,3361
2018-12-30 18:40,3330
2018-12-30 18:45,3330
2018-12-30 18:50,3336
2018-12-30 18:55,3346
2018-12-30 19:00,3334
2018-12-30 19:05,3333
2018-12-30 19:10,3340
2018-12-30 19:15,3340
2018-12-30 19:20,3374
2018-12-30 19:25,3349
2018-12-30 19:30,3360
2018-12-30 19:35,3360
2018-12-30 19:40,3407
2018-12-30 19:45,3411
2018-12-30 19:50,3411
2018-12-30 19:55,3424
2018-12-30 20:00,3439
2018-12-30 20:05,3447
2018-12-30 20:10,3430
2018-12-30 20:15,3430
2018-12-30 20:20,3407
2018-12-30 20:25,3408
2018-12-30 20:30,3397
2018-12-30 20:35,3393
2018-12-30 20:40,3384
2018-12-30 20:45,3384
2018-12-30 20:50,3387
2018-12-30 20:55,3372
2018-12-30 21:00,3372
2018-12-30 21:05,3365
2018-12-30 21:10,3377
2018-12-30 21:15,3375
2018-12-30 21:20,3347
2018-12-30 21:25,3347
2018-12-30 21:30,3297
2018-12-30 21:35,3275
2018-12-30 21:40,3254
2018-12-30 21:45,3233
2018-12-30 21:50,3212
2018-12-30 21:55,3208
2018-12-30 22:00,3208
2018-12-30 22:05,3200
2018-12-30 22:10,3200
2018-12-30 22:15,3179
2018-12-30 22:20,3105
2018-12-30 22:25,3091
2018-12-30 22:30,3062
2018-12-30 22:35,3052
2018-12-30 22:40,3041
2018-12-30 22:45,3015
2018-12-30 22:50,2980
2018-12-30 22:55,2980
2018-12-30 23:00,2948
2018-12-30 23:05,2860
2018-12-30 23:10,2838
2018-12-30 23:15,2838
2018-12-30 23:20,2807
2018-12-30 23:25,2788
2018-12-30 23:30,2749
2018-12-30 23:35,2742
2018-12-30 23:40,2725
2018-12-30 23:45,2685
2018-12-30 23:50,2680
2018-12-30 23:55,2638
2018-12-31 00:00,2617
2018-12-31 00:05,2602
2018-12-31 00:10,2558
2018-12-31 00:15,2542
2018-12-31 00:20,2534
2018-12-31 00:25,2500
2018-12-31 00:30,2474
2018-12-31 00:35,2463
2018-12-31 00:40,2473
2018-12-31 00:45,2450
2018-12-31 00:50,2450
2018-12-31 00:55,2427
2018-12-31 01:00,2425
2018-12-31 01:05,2385
2018-12-31 01:10,2349
2018-12-31 01:15,2352
2018-12-31 01:20,2310
2018-12-31 01:25,2310
2018-12-31 01:30,2296
2018-12-31 01:35,2296
2018-12-31 01:40,2265
2018-12-31 01:45,2282
2018-12-31 01:50,2282
2018-12-31 01:55,2237
2018-12-31 02:00,2230
2018-12-31 02:05,2230
2018-12-31 02:10,2214
2018-12-31 02:15,2214
2018-12-31 02:20,2181
2018-12-31 02:25,2205
2018-12-31 02:30,2183
2018-12-31 02:35,2181
2018-12-31 02:40,2134
2018-12-31 02:45,2132
2018-12-31 02:50,2132
2018-12-31 02:55,2107
2018-12-31 03:00,2080
2018-12-31 03:05,2076
2018-12-31 03:10,2058
2018-12-31 03:15,2038
2018-12-31 03:20,2004
2018-12-31 03:25,2004
2018-12-31 03:30,1967
2018-12-31 03:35,1967
2018-12-31 03:40,1948
2018-12-31 03:45,1936
2018-12-31 03:50,1936
2018-12-31 03:55,1917
2018-12-31 04:00,1902
2018-12-31 04:05,1854
2018-12-31 04:10,1854
2018-12-31 04:15,1844
2018-12-31 04:20,1850
2018-12-31 04:25,1843
2018-12-31 04:30,1829
2018-12-31 04:35,1803
2018-12-31 04:40,1793
2018-12-31 04:45,1780
2018-12-31 04:50,1786
2018-12-31 04:55,1785
2018-12-31 05:00,1768
2018-12-31 05:05,1747
2018-12-31 05:10,1756
2018-12-31 05:15,1746
2018-12-31 05:20,1730
2018-12-31 05:25,1714
2018-12-31 05:30,1708
2018-12-31 05:35,1682
2018-12-31 05:40,1673
2018-12-31 05:45,1673
2018-12-31 05:50,1627
2018-12-31 05:55,1627
2018-12-31 06:00,1587
2018-12-31 06:05,1587
2018-12-31 06:10,1579
2018-12-31 06:15,1565
2018-12-31 06:20,1566
2018-12-31 06:25,1554
2018-12-31 06:30,1539
2018-12-31 06:35,1547
2018-12-31 06:40,1529
2018-12-31 06:45,1531
2018-12-31 06:50,1514
2018-12-31 06:55,1521
2018-12-31 07:00,1528
2018-12-31 07:05,1508
2018-12-31 07:10,1527
2018-12-31 07:15,1501
2018-12-31 07:20,1502
2018-12-31 07:25,1527
2018-12-31 07:30,1519
2018-12-31 07:35,1516
2018-12-31 07:40,1506
2018-12-31 07:45,1526
2018-12-31 07:50,1531
2018-12-31 07:55,1536
2018-12-31 08:00,1532
2018-12-31 08:05,1540
2018-12-31 08:10,1549
2018-12-31 08:15,1550
2018-12-31 08:20,1576
2018-12-31 08:25,1565
2018-12-31 08:30,1607
2018-12-31 08:35,1631
2018-12-31 08:40,1664
2018-12-31 08:45,1673
2018-12-31 08:50,1683
2018-12-31 08:55,1682
2018-12-31 09:00,1676
2018-12-31 09:05,1691
2018-12-31 09:10,1708
2018-12-31 09:15,1706
2018-12-31 09:20,1721
2018-12-31 09:25,1742
2018-12-31 09:30,1749
2018-12-31 09:35,1756
2018-12-31 09:40,1772
2018-12-31 09:45,1771
2018-12-31 09:50,1823
2018-12-31 09:55,1833
2018-12-31 10:00,1849
2018-12-31 10:05,1891
2018-12-31 10:10,1927
2018-12-31 10:15,1974
2018-12-31 10:20,2000
2018-12-31 10:25,2003
2018-12-31 10:30,2029
2018-12-31 10:35,2033
2018-12-31 10:40,2058
2018-12-31 10:45,2095
2018-12-31 10:50,2107
2018-12-31 10:55,2091
2018-12-31 11:00,2093
2018-12-31 11:05,2117
2018-12-31 11:10,2145
2018-12-31 11:15,2174
2018-12-31 11:20,2197
2018-12-31 11:25,2200
2018-12-31 11:30,2225
2018-12-31 11:35,2229
2018-12-31 11:40,2230
2018-12-31 11:45,2227
2018-12-31 11:50,2245
2018-12-31 11:55,2256
2018-12-31 12:00,2271
2018-12-31 12:05,2279
2018-12-31 12:10,2281
2018-12-31 12:15,2290
2018-12-31 12:20,2320
2018-12-31 12:25,2349
2018-12-31 12:30,2360
2018-12-31 12:35,2373
2018-12-31 12:40,2406
2018-12-31 12:45,2431
2018-12-31 12:50,2438
2018-12-31 12:55,2453
2018-12-31 13:00,2461
2018-12-31 13:05,2477
2018-12-31 13:10,2462
2018-12-31 13:15,2488
2018-12-31 13:20,2498
2018-12-31 13:25,2493
2018-12-31 13:30,2472
2018-12-31 13:35,2499
2018-12-31 13:40,2500
2018-12-31 13:45,2520
2018-12-31 13:50,2540
2018-12-31 13:55,2552
2018-12-31 14:00,2568
2018-12-31 14:05,2592
2018-12-31 14:10,2622
2018-12-31 14:15,2644
2018-12-31 14:20,2649
2018-12-31 14:25,2669
2018-12-31 14:30,2664
2018-12-31 14:35,2652
2018-12-31 14:40,2667
2018-12-31 14:45,2675
2018-12-31 14:50,2681
2018-12-31 14:55,2684
2018-12-31 15:00,2680
2018-12-31 15:05,2701
2018-12-31 15:10,2726
2018-12-31 15:15,2729
2018-12-31 15:20,2723
2018-12-31 15:25,2711
2018-12-31 15:30,2694
2018-12-31 15:35,2697
2018-12-31 15:40,2711
2018-12-31 15:45,2720
2018-12-31 15:50,2718
2018-12-31 15:55,2738
2018-12-31 16:00,2731
2018-12-31 16:05,2730
2018-12-31 16:10,2728
2018-12-31 16:15,2761
2018-12-31 16:20,2773
2018-12-31 16:25,2770
2018-12-31 16:30,2766
2018-12-31 16:35,2746
2018-12-31 16:40,2736
2018-12-31 16:45,2737
2018-12-31 16:50,2752
2018-12-31 16:55,2733
2018-12-31 17:00,2718
2018-12-31 17:05,2704
2018-12-31 17:10,2696
2018-12-31 17:15,2707
2018-12-31 17:20,2695
2018-12-31 17:25,2680
2018-12-31 17:30,2672
2018-12-31 17:35,2677
2018-12-31 17:40,2650
2018-12-31 17:45,2649
2018-12-31 17:50,2648
2018-12-31 17:55,2674
2018-12-31 18:00,2681
2018-12-31 18:05,2665
2018-12-31 18:10,2645
2018-12-31 18:15,2633
2018-12-31 18:20,2603
2018-12-31 18:25,2609
2018-12-31 18:30,2592
2018-12-31 18:35,2604
2018-12-31 18:40,2583
2018-12-31 18:45,2584
2018-12-31 18:50,2582
2018-12-31 18:55,2572
2018-12-31 19:00,2567
2018-12-31 19:05,2554
2018-12-31 19:10,2549
2018-12-31 19:15,2515
2018-12-31 19:20,2544
2018-12-31 19:25,2503
2018-12-31 19:30,2486
2018-12-31 19:35,2441
2018-12-31 19:40,2442
2018-12-31 19:45,2434
2018-12-31 19:50,2449
2018-12-31 19:55,2439
2018-12-31 20:00,2426
2018-12-31 20:05,2431
2018-12-31 20:10,2433
2018-12-31 20:15,2428
2018-12-31 20:20,2431
2018-12-31 20:25,2440
2018-12-31 20:30,2441
2018-12-31 20:35,2475
2018-12-31 20:40,2452
2018-12-31 20:45,2469
2018-12-31 20:50,2439
2018-12-31 20:55,2421
2018-12-31 21:00,2418
2018-12-31 21:05,2409
2018-12-31 21:10,2383
2018-12-31 21:15,2370
2018-12-31 21:20,2365
2018-12-31 21:25,2370
2018-12-31 21:30,2351
2018-12-31 21:35,2368
2018-12-31 21:40,2367
2018-12-31 21:45,2342
2018-12-31 21:50,2335
2018-12-31 21:55,2318
2018-12-31 22:00,2308
2018-12-31 22:05,2305
2018-12-31 22:10,2292
2018-12-31 22:15,2294
2018-12-31 22:20,2280
2018-12-31 22:25,2268
2018-12-31 22:30,2263
2018-12-31 22:35,
2018-12-31 22:40,
2018-12-31 22:45,
2018-12-31 22:50,2207
2018-12-31 22:55,2195
2018-12-31 23:00,2165
2018-12-31 23:05,2165
2018-12-31 23:10,2154
2018-12-31 23:15,2134
2018-12-31 23:20,2148
2018-12-31 23:25,2157
2018-12-31 23:30,2149
2018-12-31 23:35,2131
2018-12-31 23:40,2129
2018-12-31 23:45,2110
2018-12-31 23:50,2087
2018-12-31 23:55,2069
2019-01-01 00:00,2053
2019-01-01 00:05,2030
2019-01-01 00:10,2011
2019-01-01 00:15,1984
2019-01-01 00:20,1972
2019-01-01 00:25,1987
2019-01-01 00:30,2002
2019-01-01 00:35,1993
2019-01-01 00:40,1976
2019-01-01 00:45,1971
2019-01-01 00:50,1936
2019-01-01 00:55,1933
2019-01-01 01:00,1932
2019-01-01 01:05,1932
2019-01-01 01:10,1900
2019-01-01 01:15,1894
2019-01-01 01:20,1909
2019-01-01 01:25,1890
2019-01-01 01:30,1870
2019-01-01 01:35,1857
2019-01-01 01:40,1844
2019-01-01 01:45,1831
2019-01-01 01:50,1780
2019-01-01 01:55,1777
2019-01-01 02:00,1767
2019-01-01 02:05,1760
2019-01-01 02:10,1735
2019-01-01 02:15,1716
2019-01-01 02:20,1716
2019-01-01 02:25,1733
2019-01-01 02:30,1732
2019-01-01 02:35,1724
2019-01-01 02:40,1715
2019-01-01 02:45,1680
2019-01-01 02:50,1675
2019-01-01 02:55,1646
2019-01-01 03:00,1637
2019-01-01 03:05,1637
2019-01-01 03:10,1626
2019-01-01 03:15,1618
2019-01-01 03:20,1617
2019-01-01 03:25,1610
2019-01-01 03:30,1615
2019-01-01 03:35,1613
2019-01-01 03:40,1607
2019-01-01 03:45,1599
2019-01-01 03:50,1588
2019-01-01 03:55,1561
2019-01-01 04:00,1541
2019-01-01 04:05,1526
2019-01-01 04:10,1518
2019-01-01 04:15,1514
2019-01-01 04:20,1500
2019-01-01 04:25,1496
2019-01-01 04:30,1491
2019-01-01 04:35,1474
2019-01-01 04:40,1458
2019-01-01 04:45,1451
2019-01-01 04:50,1458
2019-01-01 04:55,1456
2019-01-01 05:00,1458
2019-01-01 05:05,1462
2019-01-01 05:10,1450
2019-01-01 05:15,1443
2019-01-01 05:20,1443
2019-01-01 05:25,1438
2019-01-01 05:30,1414
2019-01-01 05:35,1406
2019-01-01 05:40,1410
2019-01-01 05:45,1406
2019-01-01 05:50,1391
2019-01-01 05:55,1379
2019-01-01 06:00,1377
2019-01-01 06:05,1379
2019-01-01 06:10,1370
2019-01-01 06:15,1355
2019-01-01 06:20,1349
2019-01-01 06:25,1343
2019-01-01 06:30,1341
2019-01-01 06:35,1339
2019-01-01 06:40,1337
2019-01-01 06:45,1328
2019-01-01 06:50,1337
2019-01-01 06:55,1312
2019-01-01 07:00,1308
2019-01-01 07:05,1296
2019-01-01 07:10,1291
2019-01-01 07:15,1279
2019-01-01 07:20,1273
2019-01-01 07:25,1275
2019-01-01 07:30,1275
2019-01-01 07:35,1266
2019-01-01 07:40,1269
2019-01-01 07:45,1278
2019-01-01 07:50,1283
2019-01-01 07:55,1292
2019-01-01 08:00,1282
2019-01-01 08:05,1292
2019-01-01 08:10,1270
2019-01-01 08:15,1260
2019-01-01 08:20,1272
2019-01-01 08:25,1266
2019-01-01 08:30,1283
2019-01-01 08:35,1289
2019-01-01 08:40,1296
2019-01-01 08:45,1297
2019-01-01 08:50,1312
2019-01-01 08:55,1332
2019-01-01 09:00,1349
2019-01-01 09:05,1371
2019-01-01 09:10,1374
2019-01-01 09:15,1383
2019-01-01 09:20,1409
2019-01-01 09:25,1414
2019-01-01 09:30,1436
2019-01-01 09:35,1459
2019-01-01 09:40,1459
2019-01-01 09:45,1483
2019-01-01 09:50,1503
2019-01-01 09:55,1508
2019-01-01 10:00,1523
2019-01-01 10:05,1537
2019-01-01 10:10,1588
2019-01-01 10:15,1612
2019-01-01 10:20,1610
2019-01-01 10:25,1625
2019-01-01 10:30,1641
2019-01-01 10:35,1669
2019-01-01 10:40,1699
2019-01-01 10:45,1729
2019-01-01 10:50,1759
2019-01-01 10:55,1821
2019-01-01 11:00,1844
2019-01-01 11:05,1855
2019-01-01 11:10,1862
2019-01-01 11:15,1844
2019-01-01 11:20,1872
2019-01-01 11:25,1912
2019-01-01 11:30,1938
2019-01-01 11:35,1958
2019-01-01 11:40,1969
2019-01-01 11:45,1987
2019-01-01 11:50,2012
2019-01-01 11:55,2034
2019-01-01 12:00,2064
2019-01-01 12:05,2066
2019-01-01 12:10,2070
2019-01-01 12:15,2107
2019-01-01 12:20,2112
2019-01-01 12:25,2125
2019-01-01 12:30,2146
2019-01-01 12:35,2190
2019-01-01 12:40,2210
2019-01-01 12:45,2236
2019-01-01 12:50,2254
2019-01-01 12:55,2273
2019-01-01 13:00,2283
2019-01-01 13:05,2293
2019-01-01 13:10,2310
2019-01-01 13:15,2314
2019-01-01 13:20,2363
2019-01-01 13:25,2363
2019-01-01 13:30,2380
2019-01-01 13:35,2403
2019-01-01 13:40,2397
2019-01-01 13:45,2411
2019-01-01 13:50,2438
2019-01-01 13:55,2465
2019-01-01 14:00,2492
2019-01-01 14:05,2510
2019-01-01 14:10,2543
2019-01-01 14:15,2572
2019-01-01 14:20,2572
2019-01-01 14:25,2585
2019-01-01 14:30,2614
2019-01-01 14:35,2635
2019-01-01 14:40,2662
2019-01-01 14:45,2688
2019-01-01 14:50,2693
2019-01-01 14:55,2730
2019-01-01 15:00,2764
2019-01-01 15:05,2806
2019-01-01 15:10,2838
2019-01-01 15:15,2827
2019-01-01 15:20,2862
2019-01-01 15:25,2870
2019-01-01 15:30,2867
2019-01-01 15:35,2870
2019-01-01 15:40,2881
2019-01-01 15:45,2893
2019-01-01 15:50,2884
2019-01-01 15:55,2905
2019-01-01 16:00,2914
2019-01-01 16:05,2939
2019-01-01 16:10,2940
2019-01-01 16:15,2958
2019-01-01 16:20,2978
2019-01-01 16:25,2969
2019-01-01 16:30,2971
2019-01-01 16:35,3008
2019-01-01 16:40,3033
2019-01-01 16:45,3051
2019-01-01 16:50,3055
2019-01-01 16:55,3074
2019-01-01 17:00,3103
2019-01-01 17:05,3146
2019-01-01 17:10,3172
2019-01-01 17:15,3162
2019-01-01 17:20,3196
2019-01-01 17:25,3180
2019-01-01 17:30,3214
2019-01-01 17:35,3241
2019-01-01 17:40,3261
2019-01-01 17:45,3255
2019-01-01 17:50,3281
2019-01-01 17:55,3278
2019-01-01 18:00,3286
2019-01-01 18:05,3316
2019-01-01 18:10,3312
2019-01-01 18:15,3332
2019-01-01 18:20,3339
2019-01-01 18:25,3339
2019-01-01 18:30,3339
2019-01-01 18:35,3353
2019-01-01 18:40,3353
2019-01-01 18:45,3353
2019-01-01 18:50,3377
2019-01-01 18:55,3367
2019-01-01 19:00,3357
2019-01-01 19:05,3349
2019-01-01 19:10,3348
2019-01-01 19:15,3367
2019-01-01 19:20,3388
2019-01-01 19:25,3367
2019-01-01 19:30,3386
2019-01-01 19:35,3384
2019-01-01 19:40,3380
2019-01-01 19:45,3405
2019-01-01 19:50,3398
2019-01-01 19:55,3403
2019-01-01 20:00,3378
2019-01-01 20:05,3383
2019-01-01 20:10,3356
2019-01-01 20:15,3355
2019-01-01 20:20,3319
2019-01-01 20:25,3310
2019-01-01 20:30,3337
2019-01-01 20:35,3343
2019-01-01 20:40,3354
2019-01-01 20:45,3348
2019-01-01 20:50,3360
2019-01-01 20:55,3369
2019-01-01 21:00,3335
2019-01-01 21:05,3338
2019-01-01 21:10,3321
2019-01-01 21:15,3268
2019-01-01 21:20,3252
2019-01-01 21:25,3250
2019-01-01 21:30,3229
2019-01-01 21:35,3212
2019-01-01 21:40,3211
2019-01-01 21:45,3183
2019-01-01 21:50,3168
2019-01-01 21:55,3144
2019-01-01 22:00,3126
2019-01-01 22:05,3111
2019-01-01 22:10,3059
2019-01-01 22:15,3033
2019-01-01 22:20,3023
2019-01-01 22:25,3003
2019-01-01 22:30,2951
2019-01-01 22:35,2935
2019-01-01 22:40,2935
2019-01-01 22:45,2924
2019-01-01 22:50,2899
2019-01-01 22:55,2849
2019-01-01 23:00,2814
2019-01-01 23:05,2792
2019-01-01 23:10,2759
2019-01-01 23:15,2727
2019-01-01 23:20,2708
2019-01-01 23:25,2688
2019-01-01 23:30,2643
2019-01-01 23:35,2624
2019-01-01 23:40,2585
2019-01-01 23:45,2578
2019-01-01 23:50,2580
2019-01-01 23:55,2546
2019-01-02 00:00,2517
2019-01-02 00:05,2496
2019-01-02 00:10,2474
2019-01-02 00:15,2448
2019-01-02 00:20,2443
2019-01-02 00:25,2423
2019-01-02 00:30,2419
2019-01-02 00:35,2412
2019-01-02 00:40,2397
2019-01-02 00:45,2385
2019-01-02 00:50,2366
2019-01-02 00:55,2342
2019-01-02 01:00,2350
2019-01-02 01:05,2294
2019-01-02 01:10,2289
2019-01-02 01:15,2279
2019-01-02 01:20,2271
2019-01-02 01:25,2253
2019-01-02 01:30,2232
2019-01-02 01:35,2216
2019-01-02 01:40,2186
2019-01-02 01:45,2167
2019-01-02 01:50,2156
2019-01-02 01:55,2142
2019-01-02 02:00,2134
2019-01-02 02:05,2122
2019-01-02 02:10,2118
2019-01-02 02:15,2094
2019-01-02 02:20,2087
2019-01-02 02:25,2060
2019-01-02 02:30,2033
2019-01-02 02:35,1994
2019-01-02 02:40,1979
2019-01-02 02:45,1975
2019-01-02 02:50,1956
2019-01-02 02:55,1942
2019-01-02 03:00,1912
2019-01-02 03:05,1918
2019-01-02 03:10,1915
2019-01-02 03:15,1886
2019-01-02 03:20,1850
2019-01-02 03:25,1823
2019-01-02 03:30,1802
2019-01-02 03:35,1776
2019-01-02 03:40,1766
2019-01-02 03:45,1754
2019-01-02 03:50,1724
2019-01-02 03:55,1727
2019-01-02 04:00,1714
2019-01-02 04:05,1708
2019-01-02 04:10,1693
2019-01-02 04:15,1677
2019-01-02 04:20,1660
2019-01-02 04:25,1651
2019-01-02 04:30,1676
2019-01-02 04:35,1666
2019-01-02 04:40,1640
2019-01-02 04:45,1639
2019-01-02 04:50,1620
2019-01-02 04:55,1606
2019-01-02 05:00,1556
2019-01-02 05:05,1536
2019-01-02 05:10,1520
2019-01-02 05:15,1517
2019-01-02 05:20,1522
2019-01-02 05:25,1532
2019-01-02 05:30,1515
2019-01-02 05:35,1494
2019-01-02 05:40,1485
2019-01-02 05:45,1468
2019-01-02 05:50,1468
2019-01-02 05:55,1441
2019-01-02 06:00,1422
2019-01-02 06:05,1397
2019-01-02 06:10,1385
2019-01-02 06:15,1392
2019-01-02 06:20,1392
2019-01-02 06:25,1383
2019-01-02 06:30,1385
2019-01-02 06:35,1348
2019-01-02 06:40,1353
2019-01-02 06:45,1347
2019-01-02 06:50,1355
2019-01-02 06:55,1364
2019-01-02 07:00,1369
2019-01-02 07:05,1380
2019-01-02 07:10,1378
2019-01-02 07:15,1386
2019-01-02 07:20,1401
2019-01-02 07:25,1401
2019-01-02 07:30,1421
2019-01-02 07:35,1414
2019-01-02 07:40,1415
2019-01-02 07:45,1431
2019-01-02 07:50,1435
2019-01-02 07:55,1450
2019-01-02 08:00,1449
2019-01-02 08:05,1445
2019-01-02 08:10,1450
2019-01-02 08:15,1451
2019-01-02 08:20,1457
2019-01-02 08:25,1465
2019-01-02 08:30,1464
2019-01-02 08:35,1466
2019-01-02 08:40,1460
2019-01-02 08:45,1486
2019-01-02 08:50,1497
2019-01-02 08:55,1493
2019-01-02 09:00,1499
2019-01-02 09:05,1513
2019-01-02 09:10,1527
2019-01-02 09:15,1546
2019-01-02 09:20,1562
2019-01-02 09:25,1576
2019-01-02 09:30,1631
2019-01-02 09:35,1635
2019-01-02 09:40,1655
2019-01-02 09:45,1675
2019-01-02 09:50,1693
2019-01-02 09:55,1719
2019-01-02 10:00,1757
2019-01-02 10:05,1789
2019-01-02 10:10,1802
2019-01-02 10:15,1831
2019-01-02 10:20,1882
2019-01-02 10:25,1880
2019-01-02 10:30,1918
2019-01-02 10:35,1912
2019-01-02 10:40,1943
2019-01-02 10:45,1968
2019-01-02 10:50,2006
2019-01-02 10:55,2007
2019-01-02 11:00,2009
2019-01-02 11:05,2030
2019-01-02 11:10,2027
2019-01-02 11:15,2051
2019-01-02 11:20,2051
2019-01-02 11:25,2068
2019-01-02 11:30,2082
2019-01-02 11:35,2090
2019-01-02 11:40,2103
2019-01-02 11:45,2099
2019-01-02 11:50,2108
2019-01-02 11:55,2110
2019-01-02 12:00,2102
2019-01-02 12:05,2119
2019-01-02 12:10,2120
2019-01-02 12:15,2146
2019-01-02 12:20,2173
2019-01-02 12:25,2173
2019-01-02 12:30,2189
2019-01-02 12:35,2193
2019-01-02 12:40,2198
2019-01-02 12:45,2207
2019-01-02 12:50,2216
2019-01-02 12:55,2222
2019-01-02 13:00,2245
2019-01-02 13:05,2237
2019-01-02 13:10,2255
2019-01-02 13:15,2283
2019-01-02 13:20,2292
2019-01-02 13:25,2319
2019-01-02 13:30,2309
2019-01-02 13:35,2319
2019-01-02 13:40,2323
2019-01-02 13:45,2337
2019-01-02 13:50,2336
2019-01-02 13:55,2366
2019-01-02 14:00,2389
2019-01-02 14:05,2392
2019-01-02 14:10,2402
2019-01-02 14:15,2414
2019-01-02 14:20,2439
2019-01-02 14:25,2477
2019-01-02 14:30,2529
2019-01-02 14:35,2573
2019-01-02 14:40,2587
2019-01-02 14:45,2572
2019-01-02 14:50,2594
2019-01-02 14:55,2619
2019-01-02 15:00,2641
2019-01-02 15:05,2654
2019-01-02 15:10,2674
2019-01-02 15:15,2699
2019-01-02 15:20,2725
2019-01-02 15:25,2735
2019-01-02 15:30,2744
2019-01-02 15:35,2760
2019-01-02 15:40,2777
2019-01-02 15:45,2772
2019-01-02 15:50,2761
2019-01-02 15:55,2792
2019-01-02 16:00,2808
2019-01-02 16:05,2844
2019-01-02 16:10,2872
2019-01-02 16:15,2867
2019-01-02 16:20,2880
2019-01-02 16:25,2876
2019-01-02 16:30,2866
2019-01-02 16:35,2877
2019-01-02 16:40,2886
2019-01-02 16:45,2896
2019-01-02 16:50,2887
2019-01-02 16:55,2915
2019-01-02 17:00,2930
2019-01-02 17:05,2953
2019-01-02 17:10,2965
2019-01-02 17:15,2946
2019-01-02 17:20,2978
2019-01-02 17:25,2987
2019-01-02 17:30,2970
2019-01-02 17:35,2999
2019-01-02 17:40,3010
2019-01-02 17:45,3015
2019-01-02 17:50,3015
2019-01-02 17:55,3014
2019-01-02 18:00,3010
2019-01-02 18:05,3002
2019-01-02 18:10,3015
2019-01-02 18:15,3002
2019-01-02 18:20,3042
2019-01-02 18:25,3025
2019-01-02 18:30,3030
2019-01-02 18:35,3041
2019-01-02 18:40,3059
2019-01-02 18:45,3083
2019-01-02 18:50,3090
2019-01-02 18:55,3089
2019-01-02 19:00,3118
2019-01-02 19:05,3131
2019-01-02 19:10,3123
2019-01-02 19:15,3127
2019-01-02 19:20,3130
2019-01-02 19:25,3130
2019-01-02 19:30,3163
2019-01-02 19:35,3161
2019-01-02 19:40,3192
2019-01-02 19:45,3215
2019-01-02 19:50,3218
2019-01-02 19:55,3201
2019-01-02 20:00,3225
2019-01-02 20:05,3250
2019-01-02 20:10,3226
2019-01-02 20:15,3224
2019-01-02 20:20,3212
2019-01-02 20:25,3217
2019-01-02 20:30,3218
2019-01-02 20:35,3212
2019-01-02 20:40,3190
2019-01-02 20:45,3188
2019-01-02 20:50,3183
2019-01-02 20:55,3204
2019-01-02 21:00,3199
2019-01-02 21:05,3185
2019-01-02 21:10,3170
2019-01-02 21:15,3144
2019-01-02 21:20,3130
2019-01-02 21:25,3148
2019-01-02 21:30,3140
2019-01-02 21:35,3107
2019-01-02 21:40,3089
2019-01-02 21:45,3075
2019-01-02 21:50,3036
2019-01-02 21:55,2996
2019-01-02 22:00,2963
2019-01-02 22:05,2906
2019-01-02 22:10,2902
2019-01-02 22:15,2876
2019-01-02 22:20,2857
2019-01-02 22:25,2810
2019-01-02 22:30,2783
2019-01-02 22:35,2757
2019-01-02 22:40,2765
2019-01-02 22:45,2755
2019-01-02 22:50,2748
2019-01-02 22:55,2748
2019-01-02 23:00,2725
2019-01-02 23:05,2697
2019-01-02 23:10,2666
2019-01-02 23:15,2631
2019-01-02 23:20,2618
2019-01-02 23:25,2586
2019-01-02 23:30,2565
2019-01-02 23:35,2553
2019-01-02 23:40,2564
2019-01-02 23:45,2561
2019-01-02 23:50,2559
2019-01-02 23:55,2530
2019-01-03 00:00,2502
2019-01-03 00:05,2469
2019-01-03 00:10,2450
2019-01-03 00:15,2404
2019-01-03 00:20,2362
2019-01-03 00:25,2350
2019-01-03 00:30,2350
2019-01-03 00:35,2347
2019-01-03 00:40,2329
2019-01-03 00:45,2294
2019-01-03 00:50,2284
2019-01-03 00:55,2283
2019-01-03 01:00,2230
2019-01-03 01:05,2210
2019-01-03 01:10,2181
2019-01-03 01:15,2157
2019-01-03 01:20,2140
2019-01-03 01:25,2141
2019-01-03 01:30,2133
2019-01-03 01:35,2118
2019-01-03 01:40,2116
2019-01-03 01:45,2116
2019-01-03 01:50,2089
2019-01-03 01:55,2057
2019-01-03 02:00,2043
2019-01-03 02:05,2037
2019-01-03 02:10,2004
2019-01-03 02:15,1988
2019-01-03 02:20,1978
2019-01-03 02:25,1972
2019-01-03 02:30,1973
2019-01-03 02:35,1966
2019-01-03 02:40,1936
2019-01-03 02:45,1912
2019-01-03 02:50,1899
2019-01-03 02:55,1905
2019-01-03 03:00,1898
2019-01-03 03:05,1881
2019-01-03 03:10,1881
2019-01-03 03:15,1875
2019-01-03 03:20,1855
2019-01-03 03:25,1829
2019-01-03 03:30,1820
2019-01-03 03:35,1782
2019-01-03 03:40,1789
2019-01-03 03:45,1773
2019-01-03 03:50,1762
2019-01-03 03:55,1755
2019-01-03 04:00,1729
2019-01-03 04:05,1712
2019-01-03 04:10,1699
2019-01-03 04:15,1677
2019-01-03 04:20,1676
2019-01-03 04:25,1653
2019-01-03 04:30,1641
2019-01-03 04:35,1621
2019-01-03 04:40,1590
2019-01-03 04:45,1584
2019-01-03 04:50,1580
2019-01-03 04:55,1571
2019-01-03 05:00,1544
2019-01-03 05:05,1535
2019-01-03 05:10,1528
2019-01-03 05:15,1492
2019-01-03 05:20,1481
2019-01-03 05:25,1473
2019-01-03 05:30,1464
2019-01-03 05:35,1453
2019-01-03 05:40,1453
2019-01-03 05:45,1437
2019-01-03 05:50,1419
2019-01-03 05:55,1417
2019-01-03 06:00,1415
2019-01-03 06:05,1394
2019-01-03 06:10,1378
2019-01-03 06:15,1362
2019-01-03 06:20,1370
2019-01-03 06:25,1364
2019-01-03 06:30,1366
2019-01-03 06:35,1362
2019-01-03 06:40,1367
2019-01-03 06:45,1357
2019-01-03 06:50,1359
2019-01-03 06:55,1358
2019-01-03 07:00,1357
2019-01-03 07:05,1358
2019-01-03 07:10,1359
2019-01-03 07:15,1360
2019-01-03 07:20,1350
2019-01-03 07:25,1361
2019-01-03 07:30,1379
2019-01-03 07:35,1396
2019-01-03 07:40,1405
2019-01-03 07:45,1422
2019-01-03 07:50,1411
2019-01-03 07:55,1427
2019-01-03 08:00,1422
2019-01-03 08:05,1417
2019-01-03 08:10,1435
2019-01-03 08:15,1445
2019-01-03 08:20,1443
2019-01-03 08:25,1439
2019-01-03 08:30,1445
2019-01-03 08:35,1447
2019-01-03 08:40,1458
2019-01-03 08:45,1472
2019-01-03 08:50,1476
2019-01-03 08:55,1492
2019-01-03 09:00,1505
2019-01-03 09:05,1512
2019-01-03 09:10,1518
2019-01-03 09:15,1538
2019-01-03 09:20,1541
2019-01-03 09:25,1574
2019-01-03 09:30,1593
2019-01-03 09:35,1600
2019-01-03 09:40,1624
2019-01-03 09:45,1642
2019-01-03 09:50,1638
2019-01-03 09:55,1651
2019-01-03 10:00,1688
2019-01-03 10:05,1729
2019-01-03 10:10,1758
2019-01-03 10:15,1772
2019-01-03 10:20,1785
2019-01-03 10:25,1797
2019-01-03 10:30,1814
2019-01-03 10:35,1820
2019-01-03 10:40,1842
2019-01-03 10:45,1849
2019-01-03 10:50,1869
2019-01-03 10:55,1899
2019-01-03 11:00,1910
2019-01-03 11:05,1924
2019-01-03 11:10,1939
2019-01-03 11:15,1957
2019-01-03 11:20,1968
2019-01-03 11:25,1999
2019-01-03 11:30,2013
2019-01-03 11:35,2031
2019-01-03 11:40,2031
2019-01-03 11:45,2047
2019-01-03 11:50,2047
2019-01-03 11:55,2063
2019-01-03 12:00,2066
2019-01-03 12:05,2067
2019-01-03 12:10,2076
2019-01-03 12:15,2100
2019-01-03 12:20,2112
2019-01-03 12:25,2105
2019-01-03 12:30,2114
2019-01-03 12:35,2105
2019-01-03 12:40,2133
2019-01-03 12:45,2174
2019-01-03 12:50,2191
2019-01-03 12:55,2184
2019-01-03 13:00,2205
2019-01-03 13:05,2224
2019-01-03 13:10,2254
2019-01-03 13:15,2266
2019-01-03 13:20,2265
2019-01-03 13:25,2276
2019-01-03 13:30,2293
2019-01-03 13:35,2280
2019-01-03 13:40,2280
2019-01-03 13:45,2319
2019-01-03 13:50,2325
2019-01-03 13:55,2346
2019-01-03 14:00,2336
2019-01-03 14:05,2359
2019-01-03 14:10,2361
2019-01-03 14:15,2360
2019-01-03 14:20,2369
2019-01-03 14:25,2371
2019-01-03 14:30,2369
2019-01-03 14:35,2377
2019-01-03 14:40,2377
2019-01-03 14:45,2350
2019-01-03 14:50,2293
2019-01-03 14:55,2225
2019-01-03 15:00,2046
2019-01-03 15:05,1384
2019-01-03 15:10,1358
2019-01-03 15:15,1358
2019-01-03 15:20,1301
2019-01-03 15:25,1303
2019-01-03 15:30,1289
2019-01-03 15:35,1305
2019-01-03 15:40,1305
2019-01-03 15:45,1309
2019-01-03 15:50,1309
2019-01-03 15:55,1304
2019-01-03 16:00,1312
2019-01-03 16:05,1342
2019-01-03 16:10,1371
2019-01-03 16:15,1458
2019-01-03 16:20,1582
2019-01-03 16:25,1716
2019-01-03 16:30,1822
2019-01-03 16:35,1950
2019-01-03 16:40,2048
2019-01-03 16:45,2136
2019-01-03 16:50,2226
2019-01-03 16:55,2279
2019-01-03 17:00,2354
2019-01-03 17:05,2447
2019-01-03 17:10,2535
2019-01-03 17:15,2596
2019-01-03 17:20,2669
2019-01-03 17:25,2727
2019-01-03 17:30,2752
2019-01-03 17:35,2801
2019-01-03 17:40,2814
2019-01-03 17:45,2857
2019-01-03 17:50,2901
2019-01-03 17:55,2901
2019-01-03 18:00,2930
2019-01-03 18:05,2940
2019-01-03 18:10,2966
2019-01-03 18:15,2998
2019-01-03 18:20,2972
2019-01-03 18:25,3021
2019-01-03 18:30,3055
2019-01-03 18:35,3063
2019-01-03 18:40,3064
2019-01-03 18:45,3026
2019-01-03 18:50,3074
2019-01-03 18:55,3083
2019-01-03 19:00,3102
2019-01-03 19:05,3090
2019-01-03 19:10,3049
2019-01-03 19:15,3049
2019-01-03 19:20,3045
2019-01-03 19:25,3053
2019-01-03 19:30,3053
2019-01-03 19:35,3085
2019-01-03 19:40,
2019-01-03 19:45,3120
2019-01-03 19:50,3111
2019-01-03 19:55,
2019-01-03 20:00,
2019-01-03 20:05,
2019-01-03 20:10,
2019-01-03 20:15,
2019-01-03 20:20,
2019-01-03 20:25,
2019-01-03 20:30,
2019-01-03 20:35,
2019-01-03 20:40,
2019-01-03 20:45,3087
2019-01-03 20:50,3084
2019-01-03 20:55,3080
2019-01-03 21:00,3067
2019-01-03 21:05,3065
2019-01-03 21:10,3053
2019-01-03 21:15,2997
2019-01-03 21:20,3019
2019-01-03 21:25,3005
2019-01-03 21:30,
2019-01-03 21:35,2977
2019-01-03 21:40,2941
2019-01-03 21:45,2946
2019-01-03 21:50,2945
2019-01-03 21:55,
2019-01-03 22:00,2922
2019-01-03 22:05,2899
2019-01-03 22:10,2840
2019-01-03 22:15,2824
2019-01-03 22:20,2806
2019-01-03 22:25,2805
2019-01-03 22:30,2775
2019-01-03 22:35,2746
2019-01-03 22:40,2746
2019-01-03 22:45,2726
2019-01-03 22:50,2695
2019-01-03 22:55,2695
2019-01-03 23:00,2664
2019-01-03 23:05,2664
2019-01-03 23:10,2644
2019-01-03 23:15,2594
2019-01-03 23:20,2568
2019-01-03 23:25,
2019-01-03 23:30,
2019-01-03 23:35,1418
2019-01-03 23:40,2252
2019-01-03 23:45,2427
2019-01-03 23:50,2402
2019-01-03 23:55,2393
2019-01-04 00:00,2355
2019-01-04 00:05,2359
2019-01-04 00:10,2342
2019-01-04 00:15,2296
2019-01-04 00:20,2256
2019-01-04 00:25,2253
2019-01-04 00:30,2229
2019-01-04 00:35,2217
2019-01-04 00:40,2178
2019-01-04 00:45,2173
2019-01-04 00:50,2136
2019-01-04 00:55,2102
2019-01-04 01:00,2070
2019-01-04 01:05,2025
2019-01-04 01:10,1989
2019-01-04 01:15,1994
2019-01-04 01:20,1975
2019-01-04 01:25,1983
2019-01-04 01:30,1959
2019-01-04 01:35,1952
2019-01-04 01:40,1932
2019-01-04 01:45,1933
2019-01-04 01:50,1915
2019-01-04 01:55,1906
2019-01-04 02:00,1899
2019-01-04 02:05,1894
2019-01-04 02:10,1890
2019-01-04 02:15,1885
2019-01-04 02:20,1894
2019-01-04 02:25,1869
2019-01-04 02:30,1869
2019-01-04 02:35,1850
2019-01-04 02:40,1847
2019-01-04 02:45,1849
2019-01-04 02:50,1841
2019-01-04 02:55,1814
2019-01-04 03:00,1816
2019-01-04 03:05,1794
2019-01-04 03:10,1784
2019-01-04 03:15,1778
2019-01-04 03:20,1772
2019-01-04 03:25,1753
2019-01-04 03:30,1739
2019-01-04 03:35,1728
2019-01-04 03:40,1706
2019-01-04 03:45,1713
2019-01-04 03:50,1714
2019-01-04 03:55,1697
2019-01-04 04:00,1678
2019-01-04 04:05,1683
2019-01-04 04:10,1675
2019-01-04 04:15,1664
2019-01-04 04:20,1642
2019-01-04 04:25,1633
2019-01-04 04:30,1610
2019-01-04 04:35,1580
2019-01-04 04:40,1556
2019-01-04 04:45,1557
2019-01-04 04:50,1531
2019-01-04 04:55,1526
2019-01-04 05:00,1518
2019-01-04 05:05,1519
2019-01-04 05:10,1488
2019-01-04 05:15,1476
2019-01-04 05:20,1468
2019-01-04 05:25,1458
2019-01-04 05:30,1466
2019-01-04 05:35,1468
2019-01-04 05:40,1449
2019-01-04 05:45,1439
2019-01-04 05:50,1424
2019-01-04 05:55,1425
2019-01-04 06:00,1415
2019-01-04 06:05,1405
2019-01-04 06:10,1389
2019-01-04 06:15,1381
2019-01-04 06:20,1370
2019-01-04 06:25,1371
2019-01-04 06:30,1359
2019-01-04 06:35,1347
2019-01-04 06:40,1347
2019-01-04 06:45,1326
2019-01-04 06:50,1333
2019-01-04 06:55,1325
2019-01-04 07:00,1330
2019-01-04 07:05,1321
2019-01-04 07:10,1301
2019-01-04 07:15,1320
2019-01-04 07:20,1322
2019-01-04 07:25,1316
2019-01-04 07:30,1297
2019-01-04 07:35,1310
2019-01-04 07:40,1317
2019-01-04 07:45,1335
2019-01-04 07:50,1336
2019-01-04 07:55,1343
2019-01-04 08:00,1353
2019-01-04 08:05,1349
2019-01-04 08:10,1345
2019-01-04 08:15,1342
2019-01-04 08:20,1367
2019-01-04 08:25,1369
2019-01-04 08:30,1401
2019-01-04 08:35,1393
2019-01-04 08:40,1408
2019-01-04 08:45,1413
2019-01-04 08:50,1410
2019-01-04 08:55,1422
2019-01-04 09:00,1435
2019-01-04 09:05,1449
2019-01-04 09:10,1460
2019-01-04 09:15,1488
2019-01-04 09:20,1494
2019-01-04 09:25,1510
2019-01-04 09:30,1541
2019-01-04 09:35,1545
2019-01-04 09:40,1558
2019-01-04 09:45,1555
2019-01-04 09:50,1588
2019-01-04 09:55,1610
2019-01-04 10:00,1617
2019-01-04 10:05,1645
2019-01-04 10:10,1684
2019-01-04 10:15,1711
2019-01-04 10:20,1723
2019-01-04 10:25,1746
2019-01-04 10:30,1760
2019-01-04 10:35,1783
2019-01-04 10:40,1808
2019-01-04 10:45,1859
2019-01-04 10:50,1870
2019-01-04 10:55,1892
2019-01-04 11:00,1910
2019-01-04 11:05,1895
2019-01-04 11:10,1886
2019-01-04 11:15,1888
2019-01-04 11:20,1901
2019-01-04 11:25,1914
2019-01-04 11:30,1938
2019-01-04 11:35,1961
2019-01-04 11:40,1990
2019-01-04 11:45,2001
2019-01-04 11:50,2026
2019-01-04 11:55,2032
2019-01-04 12:00,2047
2019-01-04 12:05,2049
2019-01-04 12:10,2081
2019-01-04 12:15,2079
2019-01-04 12:20,2083
2019-01-04 12:25,2114
2019-01-04 12:30,2112
2019-01-04 12:35,2127
2019-01-04 12:40,2152
2019-01-04 12:45,2141
2019-01-04 12:50,2146
2019-01-04 12:55,2171
2019-01-04 13:00,2176
2019-01-04 13:05,2157
2019-01-04 13:10,2172
2019-01-04 13:15,2197
2019-01-04 13:20,2182
2019-01-04 13:25,2224
2019-01-04 13:30,2216
2019-01-04 13:35,2217
2019-01-04 13:40,2235
2019-01-04 13:45,2264
2019-01-04 13:50,2258
2019-01-04 13:55,2277
2019-01-04 14:00,2309
2019-01-04 14:05,2323
2019-01-04 14:10,2317
2019-01-04 14:15,2307
2019-01-04 14:20,2334
2019-01-04 14:25,2351
2019-01-04 14:30,2378
2019-01-04 14:35,2407
2019-01-04 14:40,2415
2019-01-04 14:45,2433
2019-01-04 14:50,2440
2019-01-04 14:55,2452
2019-01-04 15:00,2447
2019-01-04 15:05,2454
2019-01-04 15:10,2481
2019-01-04 15:15,2490
2019-01-04 15:20,2508
2019-01-04 15:25,2519
2019-01-04 15:30,2536
2019-01-04 15:35,2561
2019-01-04 15:40,2591
2019-01-04 15:45,2597
2019-01-04 15:50,2619
2019-01-04 15:55,2637
2019-01-04 16:00,2649
2019-01-04 16:05,2663
2019-01-04 16:10,2699
2019-01-04 16:15,2703
2019-01-04 16:20,2718
2019-01-04 16:25,2737
2019-01-04 16:30,2754
2019-01-04 16:35,2774
2019-01-04 16:40,
2019-01-04 16:45,2779
2019-01-04 16:50,2803
2019-01-04 16:55,
2019-01-04 17:00,2820
2019-01-04 17:05,2829
2019-01-04 17:10,2817
2019-01-04 17:15,2844
2019-01-04 17:20,2866
2019-01-04 17:25,2889
2019-01-04 17:30,2900
2019-01-04 17:35,2914
2019-01-04 17:40,2946
2019-01-04 17:45,2950
2019-01-04 17:50,
2019-01-04 17:55,
2019-01-04 18:00,2973
2019-01-04 18:05,2979
2019-01-04 18:10,3009
2019-01-04 18:15,3007
2019-01-04 18:20,2996
2019-01-04 18:25,2991
2019-01-04 18:30,3029
2019-01-04 18:35,3019
2019-01-04 18:40,3038
2019-01-04 18:45,3052
2019-01-04 18:50,3043
2019-01-04 18:55,3039
2019-01-04 19:00,3049
2019-01-04 19:05,3069
2019-01-04 19:10,3077
2019-01-04 19:15,3063
2019-01-04 19:20,3074
2019-01-04 19:25,3082
2019-01-04 19:30,3071
2019-01-04 19:35,3108
2019-01-04 19:40,3130
2019-01-04 19:45,3162
2019-01-04 19:50,3159
2019-01-04 19:55,3153
2019-01-04 20:00,3147
2019-01-04 20:05,3137
2019-01-04 20:10,3145
2019-01-04 20:15,3141
2019-01-04 20:20,3147
2019-01-04 20:25,3144
2019-01-04 20:30,3154
2019-01-04 20:35,3145
2019-01-04 20:40,3158
2019-01-04 20:45,3176
2019-01-04 20:50,3163
2019-01-04 20:55,3158
2019-01-04 21:00,3141
2019-01-04 21:05,3102
2019-01-04 21:10,3079
2019-01-04 21:15,3071
2019-01-04 21:20,3034
2019-01-04 21:25,3027
2019-01-04 21:30,
2019-01-04 21:35,
2019-01-04 21:40,3024
2019-01-04 21:45,3018
2019-01-04 21:50,3007
2019-01-04 21:55,
2019-01-04 22:00,2952
2019-01-04 22:05,2920
2019-01-04 22:10,2930
2019-01-04 22:15,2891
2019-01-04 22:20,2861
2019-01-04 22:25,2850
2019-01-04 22:30,2832
2019-01-04 22:35,2814
2019-01-04 22:40,2779
2019-01-04 22:45,2751
2019-01-04 22:50,2730
2019-01-04 22:55,2714
2019-01-04 23:00,2706
2019-01-04 23:05,2669
2019-01-04 23:10,2660
2019-01-04 23:15,2632
2019-01-04 23:20,2613
2019-01-04 23:25,2574
2019-01-04 23:30,2547
2019-01-04 23:35,2518
2019-01-04 23:40,2506
2019-01-04 23:45,2496
2019-01-04 23:50,2474
2019-01-04 23:55,2465
2019-01-05 00:00,2427
2019-01-05 00:05,2416
2019-01-05 00:10,2414
2019-01-05 00:15,2372
2019-01-05 00:20,2374
2019-01-05 00:25,2335
2019-01-05 00:30,2312
2019-01-05 00:35,2296
2019-01-05 00:40,2300
2019-01-05 00:45,2293
2019-01-05 00:50,2288
2019-01-05 00:55,2264
2019-01-05 01:00,2229
2019-01-05 01:05,2187
2019-01-05 01:10,2149
2019-01-05 01:15,2133
2019-01-05 01:20,2110
2019-01-05 01:25,2116
2019-01-05 01:30,2112
2019-01-05 01:35,2113
2019-01-05 01:40,2103
2019-01-05 01:45,2092
2019-01-05 01:50,2109
2019-01-05 01:55,2096
2019-01-05 02:00,2065
2019-01-05 02:05,2035
2019-01-05 02:10,2032
2019-01-05 02:15,2009
2019-01-05 02:20,2011
2019-01-05 02:25,1994
2019-01-05 02:30,1975
2019-01-05 02:35,1951
2019-01-05 02:40,1939
2019-01-05 02:45,1910
2019-01-05 02:50,1897
2019-01-05 02:55,1908
2019-01-05 03:00,1905
2019-01-05 03:05,1897
2019-01-05 03:10,1895
2019-01-05 03:15,1885
2019-01-05 03:20,1860
2019-01-05 03:25,1858
2019-01-05 03:30,1842
2019-01-05 03:35,1835
2019-01-05 03:40,1821
2019-01-05 03:45,1822
2019-01-05 03:50,1814
2019-01-05 03:55,1802
2019-01-05 04:00,1802
2019-01-05 04:05,1771
2019-01-05 04:10,1745
2019-01-05 04:15,1725
2019-01-05 04:20,1727
2019-01-05 04:25,1718
2019-01-05 04:30,1718
2019-01-05 04:35,1712
2019-01-05 04:40,1719
2019-01-05 04:45,1687
2019-01-05 04:50,1674
2019-01-05 04:55,1671
2019-01-05 05:00,1656
2019-01-05 05:05,1656
2019-01-05 05:10,1632
2019-01-05 05:15,1618
2019-01-05 05:20,1615
2019-01-05 05:25,1601
2019-01-05 05:30,1612
2019-01-05 05:35,1610
2019-01-05 05:40,1622
2019-01-05 05:45,1601
2019-01-05 05:50,1588
2019-01-05 05:55,1590
2019-01-05 06:00,1551
2019-01-05 06:05,1540
2019-01-05 06:10,1526
2019-01-05 06:15,1513
2019-01-05 06:20,1514
2019-01-05 06:25,1522
2019-01-05 06:30,1510
2019-01-05 06:35,1501
2019-01-05 06:40,1508
2019-01-05 06:45,1504
2019-01-05 06:50,1509
2019-01-05 06:55,1507
2019-01-05 07:00,1493
2019-01-05 07:05,1496
2019-01-05 07:10,1491
2019-01-05 07:15,1483
2019-01-05 07:20,1461
2019-01-05 07:25,1464
2019-01-05 07:30,1485
2019-01-05 07:35,1485
2019-01-05 07:40,1482
2019-01-05 07:45,1480
2019-01-05 07:50,1485
2019-01-05 07:55,1492
2019-01-05 08:00,1511
2019-01-05 08:05,1512
2019-01-05 08:10,1521
2019-01-05 08:15,1549
2019-01-05 08:20,1544
2019-01-05 08:25,1562
2019-01-05 08:30,1583
2019-01-05 08:35,1584
2019-01-05 08:40,1579
2019-01-05 08:45,1589
2019-01-05 08:50,1616
2019-01-05 08:55,1629
2019-01-05 09:00,1651
2019-01-05 09:05,1661
2019-01-05 09:10,1664
2019-01-05 09:15,1674
2019-01-05 09:20,1702
2019-01-05 09:25,1694
2019-01-05 09:30,1683
2019-01-05 09:35,1709
2019-01-05 09:40,1729
2019-01-05 09:45,1750
2019-01-05 09:50,1773
2019-01-05 09:55,1793
2019-01-05 10:00,1814
2019-01-05 10:05,1851
2019-01-05 10:10,1890
2019-01-05 10:15,1908
2019-01-05 10:20,1898
2019-01-05 10:25,1935
2019-01-05 10:30,1976
2019-01-05 10:35,2011
2019-01-05 10:40,2025
2019-01-05 10:45,2048
2019-01-05 10:50,2063
2019-01-05 10:55,2082
2019-01-05 11:00,2107
2019-01-05 11:05,2141
2019-01-05 11:10,2121
2019-01-05 11:15,2131
2019-01-05 11:20,2131
2019-01-05 11:25,2131
2019-01-05 11:30,2150
2019-01-05 11:35,2173
2019-01-05 11:40,2204
2019-01-05 11:45,2215
2019-01-05 11:50,2222
2019-01-05 11:55,2243
2019-01-05 12:00,2253
2019-01-05 12:05,2261
2019-01-05 12:10,2248
2019-01-05 12:15,2275
2019-01-05 12:20,2286
2019-01-05 12:25,2279
2019-01-05 12:30,2275
2019-01-05 12:35,2307
2019-01-05 12:40,2322
2019-01-05 12:45,2380
2019-01-05 12:50,2408
2019-01-05 12:55,2433
2019-01-05 13:00,2460
2019-01-05 13:05,2479
2019-01-05 13:10,2482
2019-01-05 13:15,2484
2019-01-05 13:20,2496
2019-01-05 13:25,2519
2019-01-05 13:30,2535
2019-01-05 13:35,2561
2019-01-05 13:40,2571
2019-01-05 13:45,2594
2019-01-05 13:50,2594
2019-01-05 13:55,2596
2019-01-05 14:00,2600
2019-01-05 14:05,2604
2019-01-05 14:10,2631
2019-01-05 14:15,2650
2019-01-05 14:20,2679
2019-01-05 14:25,
2019-01-05 14:30,
2019-01-05 14:35,2752
2019-01-05 14:40,2782
2019-01-05 14:45,2799
2019-01-05 14:50,2839
2019-01-05 14:55,
2019-01-05 15:00,2840
2019-01-05 15:05,2866
2019-01-05 15:10,2872
2019-01-05 15:15,2859
2019-01-05 15:20,2863
2019-01-05 15:25,2910
2019-01-05 15:30,2942
2019-01-05 15:35,2946
2019-01-05 15:40,2953
2019-01-05 15:45,2952
2019-01-05 15:50,2971
2019-01-05 15:55,2985
2019-01-05 16:00,2986
2019-01-05 16:05,3003
2019-01-05 16:10,2999
2019-01-05 16:15,3012
2019-01-05 16:20,3073
2019-01-05 16:25,3095
2019-01-05 16:30,3094
2019-01-05 16:35,3110
2019-01-05 16:40,
2019-01-05 16:45,3141
2019-01-05 16:50,3168
2019-01-05 16:55,
2019-01-05 17:00,3197
2019-01-05 17:05,3186
2019-01-05 17:10,3215
2019-01-05 17:15,3230
2019-01-05 17:20,3241
2019-01-05 17:25,3290
2019-01-05 17:30,3256
2019-01-05 17:35,3268
2019-01-05 17:40,3256
2019-01-05 17:45,3266
2019-01-05 17:50,3267
2019-01-05 17:55,3291
2019-01-05 18:00,3261
2019-01-05 18:05,3293
2019-01-05 18:10,3289
2019-01-05 18:15,3294
2019-01-05 18:20,3311
2019-01-05 18:25,3317
2019-01-05 18:30,3315
2019-01-05 18:35,3369
2019-01-05 18:40,3369
2019-01-05 18:45,3385
2019-01-05 18:50,3400
2019-01-05 18:55,3423
2019-01-05 19:00,3430
2019-01-05 19:05,3422
2019-01-05 19:10,3429
2019-01-05 19:15,3419
2019-01-05 19:20,3444
2019-01-05 19:25,3462
2019-01-05 19:30,3468
2019-01-05 19:35,3443
2019-01-05 19:40,3470
2019-01-05 19:45,3497
2019-01-05 19:50,3482
2019-01-05 19:55,3486
2019-01-05 20:00,3474
2019-01-05 20:05,3497
2019-01-05 20:10,3513
2019-01-05 20:15,3494
2019-01-05 20:20,3483
2019-01-05 20:25,3463
2019-01-05 20:30,3451
2019-01-05 20:35,3475
2019-01-05 20:40,3465
2019-01-05 20:45,3439
2019-01-05 20:50,3435
2019-01-05 20:55,3448
2019-01-05 21:00,3441
2019-01-05 21:05,3448
2019-01-05 21:10,3433
2019-01-05 21:15,3408
2019-01-05 21:20,3374
2019-01-05 21:25,3338
2019-01-05 21:30,3351
2019-01-05 21:35,3329
2019-01-05 21:40,3296
2019-01-05 21:45,3262
2019-01-05 21:50,3256
2019-01-05 21:55,
2019-01-05 22:00,3205
2019-01-05 22:05,3216
2019-01-05 22:10,3180
2019-01-05 22:15,3170
2019-01-05 22:20,3160
2019-01-05 22:25,3176
2019-01-05 22:30,3172
2019-01-05 22:35,3152
2019-01-05 22:40,3137
2019-01-05 22:45,3101
2019-01-05 22:50,3073
2019-01-05 22:55,3052
2019-01-05 23:00,3019
2019-01-05 23:05,3011
2019-01-05 23:10,3003
2019-01-05 23:15,2999
2019-01-05 23:20,2961
2019-01-05 23:25,2948
2019-01-05 23:30,2933
2019-01-05 23:35,2888
2019-01-05 23:40,2846
2019-01-05 23:45,2796
2019-01-05 23:50,2778
2019-01-05 23:55,2768
2019-01-06 00:00,2742
2019-01-06 00:05,2700
2019-01-06 00:10,2662
2019-01-06 00:15,2633
2019-01-06 00:20,2615
2019-01-06 00:25,2563
2019-01-06 00:30,2533
2019-01-06 00:35,2501
2019-01-06 00:40,2470
2019-01-06 00:45,2475
2019-01-06 00:50,2458
2019-01-06 00:55,2436
2019-01-06 01:00,2418
2019-01-06 01:05,2401
2019-01-06 01:10,2388
2019-01-06 01:15,2369
2019-01-06 01:20,2353
2019-01-06 01:25,2332
2019-01-06 01:30,2316
2019-01-06 01:35,2302
2019-01-06 01:40,2277
2019-01-06 01:45,2247
2019-01-06 01:50,2232
2019-01-06 01:55,2193
2019-01-06 02:00,2177
2019-01-06 02:05,2156
2019-01-06 02:10,2143
2019-01-06 02:15,2124
2019-01-06 02:20,2105
2019-01-06 02:25,2119
2019-01-06 02:30,2129
2019-01-06 02:35,2108
2019-01-06 02:40,2103
2019-01-06 02:45,2107
2019-01-06 02:50,2108
2019-01-06 02:55,2066
2019-01-06 03:00,2052
2019-01-06 03:05,2012
2019-01-06 03:10,1994
2019-01-06 03:15,1995
2019-01-06 03:20,1988
2019-01-06 03:25,1968
2019-01-06 03:30,1953
2019-01-06 03:35,1942
2019-01-06 03:40,1926
2019-01-06 03:45,1933
2019-01-06 03:50,1930
2019-01-06 03:55,1924
2019-01-06 04:00,1918
2019-01-06 04:05,1920
2019-01-06 04:10,1893
2019-01-06 04:15,1869
2019-01-06 04:20,1873
2019-01-06 04:25,1849
2019-01-06 04:30,1867
2019-01-06 04:35,1853
2019-01-06 04:40,1851
2019-01-06 04:45,1845
2019-01-06 04:50,1839
2019-01-06 04:55,1840
2019-01-06 05:00,1804
2019-01-06 05:05,1791
2019-01-06 05:10,1782
2019-01-06 05:15,1775
2019-01-06 05:20,1768
2019-01-06 05:25,1759
2019-01-06 05:30,1750
2019-01-06 05:35,1739
2019-01-06 05:40,1744
2019-01-06 05:45,1750
2019-01-06 05:50,1726
2019-01-06 05:55,1720
2019-01-06 06:00,1697
2019-01-06 06:05,1682
2019-01-06 06:10,1672
2019-01-06 06:15,1653
2019-01-06 06:20,1659
2019-01-06 06:25,1644
2019-01-06 06:30,1620
2019-01-06 06:35,1616
2019-01-06 06:40,1622
2019-01-06 06:45,1624
2019-01-06 06:50,1635
2019-01-06 06:55,1600
2019-01-06 07:00,1598
2019-01-06 07:05,1596
2019-01-06 07:10,1600
2019-01-06 07:15,1571
2019-01-06 07:20,1565
2019-01-06 07:25,1557
2019-01-06 07:30,1554
2019-01-06 07:35,1551
2019-01-06 07:40,1568
2019-01-06 07:45,1601
2019-01-06 07:50,1599
2019-01-06 07:55,1599
2019-01-06 08:00,1606
2019-01-06 08:05,1618
2019-01-06 08:10,1633
2019-01-06 08:15,1624
2019-01-06 08:20,1644
2019-01-06 08:25,1658
2019-01-06 08:30,1666
2019-01-06 08:35,1669
2019-01-06 08:40,1694
2019-01-06 08:45,1727
2019-01-06 08:50,1732
2019-01-06 08:55,1761
2019-01-06 09:00,1793
2019-01-06 09:05,1817
2019-01-06 09:10,1843
2019-01-06 09:15,1879
2019-01-06 09:20,1903
2019-01-06 09:25,1931
2019-01-06 09:30,1962
2019-01-06 09:35,1992
2019-01-06 09:40,2034
2019-01-06 09:45,2074
2019-01-06 09:50,2074
2019-01-06 09:55,2083
2019-01-06 10:00,2089
2019-01-06 10:05,2126
2019-01-06 10:10,2162
2019-01-06 10:15,2125
2019-01-06 10:20,2128
2019-01-06 10:25,2141
2019-01-06 10:30,2141
2019-01-06 10:35,2149
2019-01-06 10:40,2173
2019-01-06 10:45,2197
2019-01-06 10:50,2220
2019-01-06 10:55,2253
2019-01-06 11:00,2298
2019-01-06 11:05,2312
2019-01-06 11:10,2329
2019-01-06 11:15,2361
2019-01-06 11:20,2381
2019-01-06 11:25,2398
2019-01-06 11:30,2422
2019-01-06 11:35,2437
2019-01-06 11:40,2448
2019-01-06 11:45,2472
2019-01-06 11:50,2508
2019-01-06 11:55,2505
2019-01-06 12:00,2527
2019-01-06 12:05,2540
2019-01-06 12:10,2536
2019-01-06 12:15,2553
2019-01-06 12:20,2600
2019-01-06 12:25,2635
2019-01-06 12:30,2672
2019-01-06 12:35,2659
2019-01-06 12:40,2676
2019-01-06 12:45,2713
2019-01-06 12:50,2715
2019-01-06 12:55,2717
2019-01-06 13:00,2750
2019-01-06 13:05,2767
2019-01-06 13:10,2775
2019-01-06 13:15,2808
2019-01-06 13:20,2814
2019-01-06 13:25,2811
2019-01-06 13:30,2816
2019-01-06 13:35,2826
2019-01-06 13:40,2827
2019-01-06 13:45,2842
2019-01-06 13:50,2878
2019-01-06 13:55,2908
2019-01-06 14:00,2924
2019-01-06 14:05,2929
2019-01-06 14:10,2954
2019-01-06 14:15,2982
2019-01-06 14:20,3003
2019-01-06 14:25,3003
2019-01-06 14:30,3018
2019-01-06 14:35,3021
2019-01-06 14:40,3050
2019-01-06 14:45,3069
2019-01-06 14:50,3071
2019-01-06 14:55,3066
2019-01-06 15:00,3065
2019-01-06 15:05,3084
2019-01-06 15:10,3083
2019-01-06 15:15,3110
2019-01-06 15:20,3116
2019-01-06 15:25,3124
2019-01-06 15:30,3156
2019-01-06 15:35,3154
2019-01-06 15:40,3157
2019-01-06 15:45,3198
2019-01-06 15:50,3222
2019-01-06 15:55,3249
2019-01-06 16:00,3282
2019-01-06 16:05,3312
2019-01-06 16:10,3308
2019-01-06 16:15,3320
2019-01-06 16:20,3305
2019-01-06 16:25,3328
2019-01-06 16:30,3333
2019-01-06 16:35,3353
2019-01-06 16:40,
2019-01-06 16:45,3391
2019-01-06 16:50,3379
2019-01-06 16:55,
2019-01-06 17:00,3384
2019-01-06 17:05,3408
2019-01-06 17:10,3449
2019-01-06 17:15,3470
2019-01-06 17:20,
2019-01-06 17:25,
2019-01-06 17:30,3500
2019-01-06 17:35,3511
2019-01-06 17:40,3538
2019-01-06 17:45,3542
2019-01-06 17:50,3535
2019-01-06 17:55,
2019-01-06 18:00,3509
2019-01-06 18:05,3498
2019-01-06 18:10,3500
2019-01-06 18:15,3510
2019-01-06 18:20,3510
2019-01-06 18:25,3531
2019-01-06 18:30,3556
2019-01-06 18:35,3545
2019-01-06 18:40,3556
2019-01-06 18:45,3548
2019-01-06 18:50,3562
2019-01-06 18:55,3554
2019-01-06 19:00,3546
2019-01-06 19:05,3540
2019-01-06 19:10,3525
2019-01-06 19:15,3514
2019-01-06 19:20,3521
2019-01-06 19:25,3543
2019-01-06 19:30,3553
2019-01-06 19:35,3553
2019-01-06 19:40,3544
2019-01-06 19:45,3536
2019-01-06 19:50,3502
2019-01-06 19:55,3504
2019-01-06 20:00,3527
2019-01-06 20:05,3500
2019-01-06 20:10,3506
2019-01-06 20:15,3510
2019-01-06 20:20,3504
2019-01-06 20:25,3506
2019-01-06 20:30,3502
2019-01-06 20:35,3520
2019-01-06 20:40,3483
2019-01-06 20:45,3449
2019-01-06 20:50,3453
2019-01-06 20:55,3435
2019-01-06 21:00,3410
2019-01-06 21:05,3412
2019-01-06 21:10,3366
2019-01-06 21:15,3353
2019-01-06 21:20,3317
2019-01-06 21:25,3288
2019-01-06 21:30,3278
2019-01-06 21:35,3261
2019-01-06 21:40,3252
2019-01-06 21:45,3236
2019-01-06 21:50,3230
2019-01-06 21:55,
2019-01-06 22:00,3145
2019-01-06 22:05,3108
2019-01-06 22:10,3060
2019-01-06 22:15,3013
2019-01-06 22:20,2968
2019-01-06 22:25,2938
2019-01-06 22:30,2906
2019-01-06 22:35,2880
2019-01-06 22:40,2836
2019-01-06 22:45,2816
2019-01-06 22:50,2782
2019-01-06 22:55,2747
2019-01-06 23:00,2722
2019-01-06 23:05,2695
2019-01-06 23:10,2658
2019-01-06 23:15,2651
2019-01-06 23:20,2620
2019-01-06 23:25,2598
2019-01-06 23:30,2553
2019-01-06 23:35,2553
2019-01-06 23:40,2523
2019-01-06 23:45,2521
2019-01-06 23:50,2501
2019-01-06 23:55,2467
2019-01-07 00:00,2449
2019-01-07 00:05,2415
2019-01-07 00:10,2389
2019-01-07 00:15,2347
2019-01-07 00:20,2324
2019-01-07 00:25,2306
2019-01-07 00:30,2295
2019-01-07 00:35,2298
2019-01-07 00:40,2273
2019-01-07 00:45,2262
2019-01-07 00:50,2257
2019-01-07 00:55,2245
2019-01-07 01:00,2237
2019-01-07 01:05,2242
2019-01-07 01:10,2225
2019-01-07 01:15,2220
2019-01-07 01:20,2208
2019-01-07 01:25,2206
2019-01-07 01:30,2168
2019-01-07 01:35,2161
2019-01-07 01:40,2147
2019-01-07 01:45,2124
2019-01-07 01:50,2110
2019-01-07 01:55,2093
2019-01-07 02:00,2072
2019-01-07 02:05,2066
2019-01-07 02:10,2063
2019-01-07 02:15,2059
2019-01-07 02:20,2046
2019-01-07 02:25,2016
2019-01-07 02:30,1998
2019-01-07 02:35,2007
2019-01-07 02:40,1973
2019-01-07 02:45,1971
2019-01-07 02:50,1936
2019-01-07 02:55,1935
2019-01-07 03:00,1914
2019-01-07 03:05,1897
2019-01-07 03:10,1880
2019-01-07 03:15,1860
2019-01-07 03:20,1852
2019-01-07 03:25,1831
2019-01-07 03:30,1827
2019-01-07 03:35,1785
2019-01-07 03:40,1781
2019-01-07 03:45,1741
2019-01-07 03:50,1727
2019-01-07 03:55,1706
2019-01-07 04:00,1705
2019-01-07 04:05,1689
2019-01-07 04:10,1675
2019-01-07 04:15,1648
2019-01-07 04:20,1646
2019-01-07 04:25,1640
2019-01-07 04:30,1626
2019-01-07 04:35,1607
2019-01-07 04:40,1605
2019-01-07 04:45,1601
2019-01-07 04:50,1588
2019-01-07 04:55,1570
2019-01-07 05:00,1565
2019-01-07 05:05,1548
2019-01-07 05:10,1550
2019-01-07 05:15,1568
2019-01-07 05:20,1551
2019-01-07 05:25,1557
2019-01-07 05:30,1529
2019-01-07 05:35,1507
2019-01-07 05:40,1480
2019-01-07 05:45,1471
2019-01-07 05:50,1461
2019-01-07 05:55,1452
2019-01-07 06:00,1451
2019-01-07 06:05,1454
2019-01-07 06:10,1430
2019-01-07 06:15,1430
2019-01-07 06:20,1430
2019-01-07 06:25,1425
2019-01-07 06:30,1415
2019-01-07 06:35,1397
2019-01-07 06:40,1394
2019-01-07 06:45,1396
2019-01-07 06:50,1399
2019-01-07 06:55,1391
2019-01-07 07:00,1382
2019-01-07 07:05,1360
2019-01-07 07:10,1353
2019-01-07 07:15,1351
2019-01-07 07:20,1355
2019-01-07 07:25,1361
2019-01-07 07:30,1362
2019-01-07 07:35,1363
2019-01-07 07:40,1375
2019-01-07 07:45,1378
2019-01-07 07:50,1391
2019-01-07 07:55,1394
2019-01-07 08:00,1413
2019-01-07 08:05,1424
2019-01-07 08:10,1408
2019-01-07 08:15,1394
2019-01-07 08:20,1407
2019-01-07 08:25,1405
2019-01-07 08:30,1412
2019-01-07 08:35,1421
2019-01-07 08:40,1422
2019-01-07 08:45,1427
2019-01-07 08:50,1448
2019-01-07 08:55,1454
2019-01-07 09:00,1466
2019-01-07 09:05,1476
2019-01-07 09:10,1492
2019-01-07 09:15,1487
2019-01-07 09:20,1497
2019-01-07 09:25,1517
2019-01-07 09:30,1525
2019-01-07 09:35,1546
2019-01-07 09:40,1545
2019-01-07 09:45,1547
2019-01-07 09:50,1558
2019-01-07 09:55,1561
2019-01-07 10:00,1585
2019-01-07 10:05,1640
2019-01-07 10:10,1665
2019-01-07 10:15,1684
2019-01-07 10:20,1684
2019-01-07 10:25,1691
2019-01-07 10:30,1714
2019-01-07 10:35,1742
2019-01-07 10:40,1767
2019-01-07 10:45,1795
2019-01-07 10:50,1819
2019-01-07 10:55,1814
2019-01-07 11:00,1818
2019-01-07 11:05,1820
2019-01-07 11:10,1849
2019-01-07 11:15,1870
2019-01-07 11:20,1873
2019-01-07 11:25,1888
2019-01-07 11:30,1890
2019-01-07 11:35,1900
2019-01-07 11:40,1899
2019-01-07 11:45,1921
2019-01-07 11:50,1916
2019-01-07 11:55,1929
2019-01-07 12:00,1939
2019-01-07 12:05,1936
2019-01-07 12:10,1940
2019-01-07 12:15,1970
2019-01-07 12:20,1984
2019-01-07 12:25,2008
2019-01-07 12:30,2012
2019-01-07 12:35,2002
2019-01-07 12:40,2011
2019-01-07 12:45,2030
2019-01-07 12:50,2054
2019-01-07 12:55,2064
2019-01-07 13:00,2074
2019-01-07 13:05,2085
2019-01-07 13:10,2092
2019-01-07 13:15,2090
2019-01-07 13:20,2099
2019-01-07 13:25,2111
2019-01-07 13:30,2126
2019-01-07 13:35,2134
2019-01-07 13:40,2162
2019-01-07 13:45,2171
2019-01-07 13:50,2194
2019-01-07 13:55,2220
2019-01-07 14:00,2220
2019-01-07 14:05,2225
2019-01-07 14:10,2247
2019-01-07 14:15,2234
2019-01-07 14:20,2242
2019-01-07 14:25,2256
2019-01-07 14:30,2269
2019-01-07 14:35,2299
2019-01-07 14:40,2340
2019-01-07 14:45,2384
2019-01-07 14:50,2383
2019-01-07 14:55,2392
2019-01-07 15:00,2394
2019-01-07 15:05,2406
2019-01-07 15:10,2439
2019-01-07 15:15,2430
2019-01-07 15:20,2433
2019-01-07 15:25,2455
2019-01-07 15:30,2484
2019-01-07 15:35,2511
2019-01-07 15:40,2543
2019-01-07 15:45,2560
2019-01-07 15:50,2574
2019-01-07 15:55,2588
2019-01-07 16:00,2589
2019-01-07 16:05,2600
2019-01-07 16:10,2602
2019-01-07 16:15,2638
2019-01-07 16:20,2676
2019-01-07 16:25,2714
2019-01-07 16:30,2715
2019-01-07 16:35,2758
2019-01-07 16:40,
2019-01-07 16:45,2805
2019-01-07 16:50,2844
2019-01-07 16:55,2861
2019-01-07 17:00,
2019-01-07 17:05,2883
2019-01-07 17:10,2889
2019-01-07 17:15,2919
2019-01-07 17:20,2925
2019-01-07 17:25,2951
2019-01-07 17:30,2957
2019-01-07 17:35,2978
2019-01-07 17:40,2997
2019-01-07 17:45,3021
2019-01-07 17:50,3030
2019-01-07 17:55,3025
2019-01-07 18:00,3021
2019-01-07 18:05,3012
2019-01-07 18:10,3041
2019-01-07 18:15,3034
2019-01-07 18:20,3049
2019-01-07 18:25,3088
2019-01-07 18:30,3099
2019-01-07 18:35,3105
2019-01-07 18:40,3093
2019-01-07 18:45,3094
2019-01-07 18:50,3108
2019-01-07 18:55,3117
2019-01-07 19:00,3134
2019-01-07 19:05,3153
2019-01-07 19:10,3134
2019-01-07 19:15,3138
2019-01-07 19:20,3121
2019-01-07 19:25,3137
2019-01-07 19:30,3140
2019-01-07 19:35,3131
2019-01-07 19:40,3117
2019-01-07 19:45,3124
2019-01-07 19:50,3129
2019-01-07 19:55,3153
2019-01-07 20:00,3153
2019-01-07 20:05,3160
2019-01-07 20:10,3141
2019-01-07 20:15,3158
2019-01-07 20:20,3161
2019-01-07 20:25,3145
2019-01-07 20:30,3176
2019-01-07 20:35,3166
2019-01-07 20:40,3143
2019-01-07 20:45,3127
2019-01-07 20:50,3124
2019-01-07 20:55,3112
2019-01-07 21:00,3076
2019-01-07 21:05,3041
2019-01-07 21:10,3027
2019-01-07 21:15,3007
2019-01-07 21:20,2998
2019-01-07 21:25,2990
2019-01-07 21:30,
2019-01-07 21:35,2977
2019-01-07 21:40,
2019-01-07 21:45,2913
2019-01-07 21:50,2884
2019-01-07 21:55,2855
2019-01-07 22:00,2832
2019-01-07 22:05,2810
2019-01-07 22:10,2780
2019-01-07 22:15,2755
2019-01-07 22:20,2702
2019-01-07 22:25,2712
2019-01-07 22:30,2702
2019-01-07 22:35,2686
2019-01-07 22:40,2655
2019-01-07 22:45,2652
2019-01-07 22:50,2637
2019-01-07 22:55,2577
2019-01-07 23:00,2547
2019-01-07 23:05,2529
2019-01-07 23:10,2494
2019-01-07 23:15,2440
2019-01-07 23:20,2401
2019-01-07 23:25,2387
2019-01-07 23:30,2383
2019-01-07 23:35,2351
2019-01-07 23:40,2352
2019-01-07 23:45,2315
2019-01-07 23:50,2310
2019-01-07 23:55,2291
2019-01-08 00:00,2288
2019-01-08 00:05,2277
2019-01-08 00:10,2263
2019-01-08 00:15,2208
2019-01-08 00:20,2193
2019-01-08 00:25,2198
2019-01-08 00:30,2171
2019-01-08 00:35,2146
2019-01-08 00:40,2118
2019-01-08 00:45,2096
2019-01-08 00:50,2093
2019-01-08 00:55,2079
2019-01-08 01:00,2072
2019-01-08 01:05,2073
2019-01-08 01:10,2041
2019-01-08 01:15,2030
2019-01-08 01:20,1993
2019-01-08 01:25,1980
2019-01-08 01:30,1990
2019-01-08 01:35,1969
2019-01-08 01:40,1978
2019-01-08 01:45,1959
2019-01-08 01:50,1949
2019-01-08 01:55,1950
2019-01-08 02:00,1946
2019-01-08 02:05,1927
2019-01-08 02:10,1905
2019-01-08 02:15,1883
2019-01-08 02:20,1867
2019-01-08 02:25,1852
2019-01-08 02:30,1837
2019-01-08 02:35,1837
2019-01-08 02:40,1825
2019-01-08 02:45,1821
2019-01-08 02:50,1801
2019-01-08 02:55,1799
2019-01-08 03:00,1795
2019-01-08 03:05,1791
2019-01-08 03:10,1781
2019-01-08 03:15,1764
2019-01-08 03:20,1750
2019-01-08 03:25,1728
2019-01-08 03:30,1702
2019-01-08 03:35,1682
2019-01-08 03:40,1660
2019-01-08 03:45,1664
2019-01-08 03:50,1641
2019-01-08 03:55,1607
2019-01-08 04:00,1611
2019-01-08 04:05,1596
2019-01-08 04:10,1599
2019-01-08 04:15,1575
2019-01-08 04:20,1561
2019-01-08 04:25,1545
2019-01-08 04:30,1530
2019-01-08 04:35,1531
2019-01-08 04:40,1530
2019-01-08 04:45,1522
2019-01-08 04:50,1499
2019-01-08 04:55,1476
2019-01-08 05:00,1464
2019-01-08 05:05,1437
2019-01-08 05:10,1414
2019-01-08 05:15,1399
2019-01-08 05:20,1410
2019-01-08 05:25,1401
2019-01-08 05:30,1393
2019-01-08 05:35,1381
2019-01-08 05:40,1371
2019-01-08 05:45,1361
2019-01-08 05:50,1338
2019-01-08 05:55,1329
2019-01-08 06:00,1331
2019-01-08 06:05,1341
2019-01-08 06:10,1336
2019-01-08 06:15,1318
2019-01-08 06:20,1311
2019-01-08 06:25,1309
2019-01-08 06:30,1304
2019-01-08 06:35,1306
2019-01-08 06:40,1300
2019-01-08 06:45,1273
2019-01-08 06:50,1286
2019-01-08 06:55,1308
2019-01-08 07:00,1291
2019-01-08 07:05,1298
2019-01-08 07:10,1294
2019-01-08 07:15,1305
2019-01-08 07:20,1296
2019-01-08 07:25,1320
2019-01-08 07:30,1319
2019-01-08 07:35,1313
2019-01-08 07:40,1320
2019-01-08 07:45,1329
2019-01-08 07:50,1328
2019-01-08 07:55,1325
2019-01-08 08:00,1327
2019-01-08 08:05,1347
2019-01-08 08:10,1332
2019-01-08 08:15,1351
2019-01-08 08:20,1356
2019-01-08 08:25,1357
2019-01-08 08:30,1366
2019-01-08 08:35,1377
2019-01-08 08:40,1382
2019-01-08 08:45,1393
2019-01-08 08:50,1412
2019-01-08 08:55,1418
2019-01-08 09:00,1404
2019-01-08 09:05,1428
2019-01-08 09:10,1440
2019-01-08 09:15,1442
2019-01-08 09:20,1471
2019-01-08 09:25,1483
2019-01-08 09:30,1516
2019-01-08 09:35,1514
2019-01-08 09:40,1526
2019-01-08 09:45,1531
2019-01-08 09:50,1551
2019-01-08 09:55,1562
2019-01-08 10:00,1589
2019-01-08 10:05,1613
2019-01-08 10:10,1630
2019-01-08 10:15,1640
2019-01-08 10:20,1651
2019-01-08 10:25,1674
2019-01-08 10:30,1691
2019-01-08 10:35,1693
2019-01-08 10:40,1715
2019-01-08 10:45,1727
2019-01-08 10:50,1753
2019-01-08 10:55,1752
2019-01-08 11:00,1759
2019-01-08 11:05,1769
2019-01-08 11:10,1768
2019-01-08 11:15,1784
2019-01-08 11:20,1800
2019-01-08 11:25,1811
2019-01-08 11:30,1831
2019-01-08 11:35,1854
2019-01-08 11:40,1864
2019-01-08 11:45,1873
2019-01-08 11:50,1853
2019-01-08 11:55,1858
2019-01-08 12:00,1858
2019-01-08 12:05,1858
2019-01-08 12:10,1854
2019-01-08 12:15,1877
2019-01-08 12:20,1877
2019-01-08 12:25,1889
2019-01-08 12:30,1891
2019-01-08 12:35,1922
2019-01-08 12:40,1942
2019-01-08 12:45,1959
2019-01-08 12:50,1974
2019-01-08 12:55,1978
2019-01-08 13:00,1997
2019-01-08 13:05,1991
2019-01-08 13:10,2029
2019-01-08 13:15,2060
2019-01-08 13:20,2058
2019-01-08 13:25,2068
2019-01-08 13:30,2073
2019-01-08 13:35,2092
2019-01-08 13:40,2114
2019-01-08 13:45,2117
2019-01-08 13:50,2103
2019-01-08 13:55,2126
2019-01-08 14:00,2144
2019-01-08 14:05,2145
2019-01-08 14:10,2157
2019-01-08 14:15,2175
2019-01-08 14:20,2182
2019-01-08 14:25,2188
2019-01-08 14:30,2203
2019-01-08 14:35,2230
2019-01-08 14:40,2238
2019-01-08 14:45,2264
2019-01-08 14:50,2234
2019-01-08 14:55,2266
2019-01-08 15:00,2263
2019-01-08 15:05,2290
2019-01-08 15:10,2332
2019-01-08 15:15,2349
2019-01-08 15:20,2357
2019-01-08 15:25,2384
2019-01-08 15:30,2378
2019-01-08 15:35,2397
2019-01-08 15:40,2415
2019-01-08 15:45,2442
2019-01-08 15:50,
2019-01-08 15:55,
2019-01-08 16:00,2496
2019-01-08 16:05,2524
2019-01-08 16:10,2519
2019-01-08 16:15,2545
2019-01-08 16:20,2560
2019-01-08 16:25,2556
2019-01-08 16:30,2591
2019-01-08 16:35,2591
2019-01-08 16:40,
2019-01-08 16:45,2653
2019-01-08 16:50,2670
2019-01-08 16:55,
2019-01-08 17:00,2699
2019-01-08 17:05,2691
2019-01-08 17:10,2684
2019-01-08 17:15,2687
2019-01-08 17:20,2700
2019-01-08 17:25,2754
2019-01-08 17:30,2789
2019-01-08 17:35,2800
2019-01-08 17:40,2837
2019-01-08 17:45,2839
2019-01-08 17:50,2836
2019-01-08 17:55,2855
2019-01-08 18:00,2874
2019-01-08 18:05,2842
2019-01-08 18:10,2855
2019-01-08 18:15,2856
2019-01-08 18:20,2880
2019-01-08 18:25,2906
2019-01-08 18:30,2885
2019-01-08 18:35,2906
2019-01-08 18:40,2920
2019-01-08 18:45,2919
2019-01-08 18:50,2921
2019-01-08 18:55,2952
2019-01-08 19:00,2940
2019-01-08 19:05,2957
2019-01-08 19:10,2952
2019-01-08 19:15,2965
2019-01-08 19:20,2990
2019-01-08 19:25,2990
2019-01-08 19:30,3001
2019-01-08 19:35,3009
2019-01-08 19:40,3032
2019-01-08 19:45,3053
2019-01-08 19:50,3053
2019-01-08 19:55,3054
2019-01-08 20:00,3052
2019-01-08 20:05,3038
2019-01-08 20:10,3052
2019-01-08 20:15,3044
2019-01-08 20:20,3049
2019-01-08 20:25,3052
2019-01-08 20:30,3046
2019-01-08 20:35,3016
2019-01-08 20:40,3009
2019-01-08 20:45,2980
2019-01-08 20:50,2964
2019-01-08 20:55,2946
2019-01-08 21:00,2905
2019-01-08 21:05,2868
2019-01-08 21:10,2828
2019-01-08 21:15,2811
2019-01-08 21:20,2801
2019-01-08 21:25,2788
2019-01-08 21:30,
2019-01-08 21:35,
2019-01-08 21:40,2700
2019-01-08 21:45,2681
2019-01-08 21:50,2669
2019-01-08 21:55,2663
2019-01-08 22:00,2659
2019-01-08 22:05,
2019-01-08 22:10,2610
2019-01-08 22:15,2598
2019-01-08 22:20,2574
2019-01-08 22:25,
2019-01-08 22:30,2549
2019-01-08 22:35,2530
2019-01-08 22:40,2484
2019-01-08 22:45,2475
2019-01-08 22:50,
2019-01-08 22:55,2402
2019-01-08 23:00,2373
2019-01-08 23:05,2349
2019-01-08 23:10,2338
2019-01-08 23:15,
2019-01-08 23:20,
2019-01-08 23:25,
2019-01-08 23:30,2220
2019-01-08 23:35,2281
2019-01-08 23:40,2260
2019-01-08 23:45,2232
2019-01-08 23:50,2237
2019-01-08 23:55,2199
2019-01-09 00:00,2173
2019-01-09 00:05,2151
2019-01-09 00:10,2126
2019-01-09 00:15,2106
2019-01-09 00:20,2091
2019-01-09 00:25,2095
2019-01-09 00:30,2059
2019-01-09 00:35,2057
2019-01-09 00:40,2050
2019-01-09 00:45,2048
2019-01-09 00:50,2059
2019-01-09 00:55,2028
2019-01-09 01:00,2026
2019-01-09 01:05,2019
2019-01-09 01:10,1996
2019-01-09 01:15,1965
2019-01-09 01:20,1966
2019-01-09 01:25,1967
2019-01-09 01:30,1951
2019-01-09 01:35,1934
2019-01-09 01:40,1924
2019-01-09 01:45,1925
2019-01-09 01:50,
2019-01-09 01:55,
2019-01-09 02:00,1890
2019-01-09 02:05,1884
2019-01-09 02:10,1858
2019-01-09 02:15,1847
2019-01-09 02:20,1851
2019-01-09 02:25,1841
2019-01-09 02:30,1840
2019-01-09 02:35,1834
2019-01-09 02:40,1832
2019-01-09 02:45,1815
2019-01-09 02:50,1805
2019-01-09 02:55,1787
2019-01-09 03:00,1791
2019-01-09 03:05,1774
2019-01-09 03:10,1746
2019-01-09 03:15,1730
2019-01-09 03:20,1707
2019-01-09 03:25,1691
2019-01-09 03:30,1670
2019-01-09 03:35,1650
2019-01-09 03:40,1647
2019-01-09 03:45,1613
2019-01-09 03:50,1595
2019-01-09 03:55,1575
2019-01-09 04:00,1566
2019-01-09 04:05,1557
2019-01-09 04:10,1522
2019-01-09 04:15,1482
2019-01-09 04:20,1476
2019-01-09 04:25,1451
2019-01-09 04:30,1449
2019-01-09 04:35,1464
2019-01-09 04:40,1440
2019-01-09 04:45,1434
2019-01-09 04:50,1425
2019-01-09 04:55,1436
2019-01-09 05:00,1438
2019-01-09 05:05,1417
2019-01-09 05:10,1396
2019-01-09 05:15,1378
2019-01-09 05:20,1361
2019-01-09 05:25,1367
2019-01-09 05:30,1355
2019-01-09 05:35,1333
2019-01-09 05:40,1327
2019-01-09 05:45,1324
2019-01-09 05:50,1313
2019-01-09 05:55,1292
2019-01-09 06:00,1288
2019-01-09 06:05,1286
2019-01-09 06:10,1276
2019-01-09 06:15,1277
2019-01-09 06:20,1252
2019-01-09 06:25,1262
2019-01-09 06:30,1252
2019-01-09 06:35,1245
2019-01-09 06:40,1253
2019-01-09 06:45,1243
2019-01-09 06:50,1243
2019-01-09 06:55,1222
2019-01-09 07:00,1231
2019-01-09 07:05,1230
2019-01-09 07:10,1236
2019-01-09 07:15,1227
2019-01-09 07:20,1212
2019-01-09 07:25,1213
2019-01-09 07:30,1215
2019-01-09 07:35,1196
2019-01-09 07:40,1195
2019-01-09 07:45,1190
2019-01-09 07:50,1175
2019-01-09 07:55,1185
2019-01-09 08:00,1186
2019-01-09 08:05,1183
2019-01-09 08:10,1195
2019-01-09 08:15,1196
2019-01-09 08:20,1196
2019-01-09 08:25,1206
2019-01-09 08:30,1218
2019-01-09 08:35,1217
2019-01-09 08:40,1231
2019-01-09 08:45,1241
2019-01-09 08:50,1239
2019-01-09 08:55,1252
2019-01-09 09:00,1261
2019-01-09 09:05,1268
2019-01-09 09:10,1307
2019-01-09 09:15,1312
2019-01-09 09:20,1305
2019-01-09 09:25,1298
2019-01-09 09:30,1292
2019-01-09 09:35,1296
2019-01-09 09:40,1311
2019-01-09 09:45,1335
2019-01-09 09:50,1342
2019-01-09 09:55,1358
2019-01-09 10:00,1395
2019-01-09 10:05,1439
2019-01-09 10:10,1470
2019-01-09 10:15,1495
2019-01-09 10:20,1501
2019-01-09 10:25,1514
2019-01-09 10:30,1533
2019-01-09 10:35,1536
2019-01-09 10:40,1533
2019-01-09 10:45,1558
2019-01-09 10:50,1560
2019-01-09 10:55,1582
2019-01-09 11:00,1584
2019-01-09 11:05,1584
2019-01-09 11:10,1576
2019-01-09 11:15,1585
2019-01-09 11:20,1590
2019-01-09 11:25,1593
2019-01-09 11:30,1638
2019-01-09 11:35,1629
2019-01-09 11:40,1631
2019-01-09 11:45,1644
2019-01-09 11:50,1670
2019-01-09 11:55,1667
2019-01-09 12:00,1699
2019-01-09 12:05,1697
2019-01-09 12:10,1726
2019-01-09 12:15,1734
2019-01-09 12:20,1762
2019-01-09 12:25,1779
2019-01-09 12:30,1808
2019-01-09 12:35,1834
2019-01-09 12:40,1842
2019-01-09 12:45,1865
2019-01-09 12:50,1885
2019-01-09 12:55,1888
2019-01-09 13:00,1891
2019-01-09 13:05,1881
2019-01-09 13:10,1881
2019-01-09 13:15,1888
2019-01-09 13:20,1899
2019-01-09 13:25,1908
2019-01-09 13:30,1905
2019-01-09 13:35,1951
2019-01-09 13:40,1966
2019-01-09 13:45,1964
2019-01-09 13:50,1972
2019-01-09 13:55,1989
2019-01-09 14:00,2000
2019-01-09 14:05,1999
2019-01-09 14:10,2014
2019-01-09 14:15,2061
2019-01-09 14:20,2068
2019-01-09 14:25,2061
2019-01-09 14:30,2086
2019-01-09 14:35,2098
2019-01-09 14:40,2120
2019-01-09 14:45,2138
2019-01-09 14:50,2139
2019-01-09 14:55,2131
2019-01-09 15:00,2149
2019-01-09 15:05,2165
2019-01-09 15:10,2171
2019-01-09 15:15,2177
2019-01-09 15:20,2167
2019-01-09 15:25,2210
2019-01-09 15:30,2250
2019-01-09 15:35,2281
2019-01-09 15:40,2301
2019-01-09 15:45,2298
2019-01-09 15:50,2324
2019-01-09 15:55,2358
2019-01-09 16:00,2393
2019-01-09 16:05,2407
2019-01-09 16:10,2416
2019-01-09 16:15,2422
2019-01-09 16:20,2464
2019-01-09 16:25,2508
2019-01-09 16:30,2528
2019-01-09 16:35,2546
2019-01-09 16:40,2559
2019-01-09 16:45,2567
2019-01-09 16:50,2551
2019-01-09 16:55,2581
2019-01-09 17:00,2609
2019-01-09 17:05,2662
2019-01-09 17:10,2674
2019-01-09 17:15,2685
2019-01-09 17:20,2719
2019-01-09 17:25,2732
2019-01-09 17:30,2758
2019-01-09 17:35,2795
2019-01-09 17:40,2805
2019-01-09 17:45,2836
2019-01-09 17:50,2846
2019-01-09 17:55,2849
2019-01-09 18:00,2860
2019-01-09 18:05,2835
2019-01-09 18:10,2866
2019-01-09 18:15,2881
2019-01-09 18:20,2895
2019-01-09 18:25,2925
2019-01-09 18:30,2914
2019-01-09 18:35,2919
2019-01-09 18:40,2913
2019-01-09 18:45,2946
2019-01-09 18:50,2945
2019-01-09 18:55,2950
2019-01-09 19:00,2965
2019-01-09 19:05,2968
2019-01-09 19:10,2970
2019-01-09 19:15,2969
2019-01-09 19:20,2960
2019-01-09 19:25,2973
2019-01-09 19:30,2981
2019-01-09 19:35,2997
2019-01-09 19:40,2992
2019-01-09 19:45,2992
2019-01-09 19:50,2980
2019-01-09 19:55,2980
2019-01-09 20:00,2965
2019-01-09 20:05,2954
2019-01-09 20:10,2963
2019-01-09 20:15,2949
2019-01-09 20:20,2937
2019-01-09 20:25,2940
2019-01-09 20:30,2983
2019-01-09 20:35,2972
2019-01-09 20:40,2968
2019-01-09 20:45,2956
2019-01-09 20:50,2966
2019-01-09 20:55,2959
2019-01-09 21:00,2951
2019-01-09 21:05,2916
2019-01-09 21:10,2893
2019-01-09 21:15,2864
2019-01-09 21:20,2849
2019-01-09 21:25,2834
2019-01-09 21:30,2810
2019-01-09 21:35,2783
2019-01-09 21:40,2773
2019-01-09 21:45,2789
2019-01-09 21:50,2768
2019-01-09 21:55,2730
2019-01-09 22:00,2691
2019-01-09 22:05,2667
2019-01-09 22:10,2634
2019-01-09 22:15,2626
2019-01-09 22:20,2606
2019-01-09 22:25,2574
2019-01-09 22:30,2559
2019-01-09 22:35,2548
2019-01-09 22:40,2495
2019-01-09 22:45,2459
2019-01-09 22:50,2436
2019-01-09 22:55,2422
2019-01-09 23:00,2391
2019-01-09 23:05,2349
2019-01-09 23:10,2333
2019-01-09 23:15,2298
2019-01-09 23:20,2273
2019-01-09 23:25,2229
2019-01-09 23:30,2213
2019-01-09 23:35,2210
2019-01-09 23:40,2199
2019-01-09 23:45,2181
2019-01-09 23:50,2189
2019-01-09 23:55,2170
2019-01-10 00:00,2149
2019-01-10 00:05,2113
2019-01-10 00:10,2102
2019-01-10 00:15,2087
2019-01-10 00:20,2089
2019-01-10 00:25,2057
2019-01-10 00:30,2057
2019-01-10 00:35,2052
2019-01-10 00:40,2040
2019-01-10 00:45,2048
2019-01-10 00:50,2042
2019-01-10 00:55,2021
2019-01-10 01:00,2024
2019-01-10 01:05,2017
2019-01-10 01:10,2007
2019-01-10 01:15,1992
2019-01-10 01:20,1975
2019-01-10 01:25,1944
2019-01-10 01:30,1931
2019-01-10 01:35,1927
2019-01-10 01:40,1905
2019-01-10 01:45,1918
2019-01-10 01:50,1883
2019-01-10 01:55,1874
2019-01-10 02:00,1864
2019-01-10 02:05,1867
2019-01-10 02:10,1878
2019-01-10 02:15,1852
2019-01-10 02:20,1833
2019-01-10 02:25,1815
2019-01-10 02:30,1785
2019-01-10 02:35,1775
2019-01-10 02:40,1766
2019-01-10 02:45,1763
2019-01-10 02:50,1759
2019-01-10 02:55,1742
2019-01-10 03:00,1730
2019-01-10 03:05,1691
2019-01-10 03:10,1700
2019-01-10 03:15,1710
2019-01-10 03:20,1693
2019-01-10 03:25,1682
2019-01-10 03:30,1660
2019-01-10 03:35,1647
2019-01-10 03:40,1633
2019-01-10 03:45,1648
2019-01-10 03:50,1633
2019-01-10 03:55,1643
2019-01-10 04:00,1627
2019-01-10 04:05,1626
2019-01-10 04:10,1613
2019-01-10 04:15,1591
2019-01-10 04:20,1584
2019-01-10 04:25,1580
2019-01-10 04:30,1555
2019-01-10 04:35,1534
2019-01-10 04:40,1522
2019-01-10 04:45,1500
2019-01-10 04:50,1490
2019-01-10 04:55,1487
2019-01-10 05:00,1485
2019-01-10 05:05,1473
2019-01-10 05:10,1439
2019-01-10 05:15,1412
2019-01-10 05:20,1423
2019-01-10 05:25,1417
2019-01-10 05:30,1396
2019-01-10 05:35,1380
2019-01-10 05:40,1380
2019-01-10 05:45,1372
2019-01-10 05:50,1375
2019-01-10 05:55,1372
2019-01-10 06:00,1371
2019-01-10 06:05,1354
2019-01-10 06:10,1354
2019-01-10 06:15,1352
2019-01-10 06:20,1323
2019-01-10 06:25,1318
2019-01-10 06:30,1259
2019-01-10 06:35,1286
2019-01-10 06:40,1289
2019-01-10 06:45,1301
2019-01-10 06:50,1310
2019-01-10 06:55,1303
2019-01-10 07:00,1288
2019-01-10 07:05,1286
2019-01-10 07:10,1255
2019-01-10 07:15,1260
2019-01-10 07:20,1247
2019-01-10 07:25,1235
2019-01-10 07:30,1232
2019-01-10 07:35,1219
2019-01-10 07:40,1206
2019-01-10 07:45,1192
2019-01-10 07:50,1188
2019-01-10 07:55,1194
2019-01-10 08:00,1221
2019-01-10 08:05,1212
2019-01-10 08:10,1227
2019-01-10 08:15,1227
2019-01-10 08:20,1225
2019-01-10 08:25,1252
2019-01-10 08:30,1249
2019-01-10 08:35,1254
2019-01-10 08:40,1252
2019-01-10 08:45,1261
2019-01-10 08:50,1262
2019-01-10 08:55,1296
2019-01-10 09:00,1324
2019-01-10 09:05,1312
2019-01-10 09:10,1324
2019-01-10 09:15,1341
2019-01-10 09:20,1350
2019-01-10 09:25,1354
2019-01-10 09:30,1372
2019-01-10 09:35,1388
2019-01-10 09:40,1401
2019-01-10 09:45,1405
2019-01-10 09:50,1422
2019-01-10 09:55,1428
2019-01-10 10:00,1450
2019-01-10 10:05,1487
2019-01-10 10:10,1537
2019-01-10 10:15,1559
2019-01-10 10:20,1596
2019-01-10 10:25,1620
2019-01-10 10:30,1624
2019-01-10 10:35,1654
2019-01-10 10:40,1673
2019-01-10 10:45,1676
2019-01-10 10:50,1685
2019-01-10 10:55,1703
2019-01-10 11:00,1701
2019-01-10 11:05,1683
2019-01-10 11:10,1672
2019-01-10 11:15,1701
2019-01-10 11:20,1732
2019-01-10 11:25,1731
2019-01-10 11:30,1746
2019-01-10 11:35,1762
2019-01-10 11:40,1772
2019-01-10 11:45,1779
2019-01-10 11:50,1798
2019-01-10 11:55,1817
2019-01-10 12:00,1815
2019-01-10 12:05,1827
2019-01-10 12:10,1820
2019-01-10 12:15,1828
2019-01-10 12:20,1844
2019-01-10 12:25,1853
2019-01-10 12:30,1861
2019-01-10 12:35,1857
2019-01-10 12:40,1886
2019-01-10 12:45,1907
2019-01-10 12:50,1911
2019-01-10 12:55,1918
2019-01-10 13:00,1930
2019-01-10 13:05,1944
2019-01-10 13:10,1956
2019-01-10 13:15,1943
2019-01-10 13:20,1962
2019-01-10 13:25,1939
2019-01-10 13:30,1928
2019-01-10 13:35,1965
2019-01-10 13:40,1960
2019-01-10 13:45,1938
2019-01-10 13:50,1886
2019-01-10 13:55,1817
2019-01-10 14:00,1698
2019-01-10 14:05,1450
2019-01-10 14:10,1127
2019-01-10 14:15,791
2019-01-10 14:20,730
2019-01-10 14:25,687
2019-01-10 14:30,680
2019-01-10 14:35,658
2019-01-10 14:40,650
2019-01-10 14:45,646
2019-01-10 14:50,632
2019-01-10 14:55,644
2019-01-10 15:00,665
2019-01-10 15:05,684
2019-01-10 15:10,711
2019-01-10 15:15,716
2019-01-10 15:20,733
2019-01-10 15:25,742
2019-01-10 15:30,750
2019-01-10 15:35,727
2019-01-10 15:40,732
2019-01-10 15:45,712
2019-01-10 15:50,731
2019-01-10 15:55,708
2019-01-10 16:00,725
2019-01-10 16:05,732
2019-01-10 16:10,774
2019-01-10 16:15,778
2019-01-10 16:20,764
2019-01-10 16:25,757
2019-01-10 16:30,755
2019-01-10 16:35,745
2019-01-10 16:40,761
2019-01-10 16:45,819
2019-01-10 16:50,815
2019-01-10 16:55,857
2019-01-10 17:00,885
2019-01-10 17:05,915
2019-01-10 17:10,961
2019-01-10 17:15,1032
2019-01-10 17:20,1099
2019-01-10 17:25,1118
2019-01-10 17:30,1130
2019-01-10 17:35,1163
2019-01-10 17:40,1201
2019-01-10 17:45,1179
2019-01-10 17:50,1181
2019-01-10 17:55,1231
2019-01-10 18:00,1234
2019-01-10 18:05,1283
2019-01-10 18:10,1316
2019-01-10 18:15,1382
2019-01-10 18:20,1658
2019-01-10 18:25,1866
2019-01-10 18:30,2026
2019-01-10 18:35,2212
2019-01-10 18:40,2374
2019-01-10 18:45,2474
2019-01-10 18:50,2563
2019-01-10 18:55,2650
2019-01-10 19:00,2743
2019-01-10 19:05,2871
2019-01-10 19:10,2982
2019-01-10 19:15,3083
2019-01-10 19:20,3146
2019-01-10 19:25,3193
2019-01-10 19:30,3216
2019-01-10 19:35,3225
2019-01-10 19:40,3255
2019-01-10 19:45,3297
2019-01-10 19:50,3306
2019-01-10 19:55,3332
2019-01-10 20:00,3315
2019-01-10 20:05,3325
2019-01-10 20:10,3331
2019-01-10 20:15,3325
2019-01-10 20:20,3279
2019-01-10 20:25,3263
2019-01-10 20:30,3272
2019-01-10 20:35,3279
2019-01-10 20:40,3258
2019-01-10 20:45,3235
2019-01-10 20:50,3251
2019-01-10 20:55,3207
2019-01-10 21:00,3160
2019-01-10 21:05,3127
2019-01-10 21:10,3115
2019-01-10 21:15,3115
2019-01-10 21:20,3071
2019-01-10 21:25,3053
2019-01-10 21:30,3026
2019-01-10 21:35,2975
2019-01-10 21:40,2937
2019-01-10 21:45,2893
2019-01-10 21:50,2880
2019-01-10 21:55,2885
2019-01-10 22:00,2859
2019-01-10 22:05,2817
2019-01-10 22:10,2801
2019-01-10 22:15,2745
2019-01-10 22:20,2724
2019-01-10 22:25,2682
2019-01-10 22:30,2667
2019-01-10 22:35,2644
2019-01-10 22:40,2611
2019-01-10 22:45,2582
2019-01-10 22:50,2561
2019-01-10 22:55,2545
2019-01-10 23:00,2532
2019-01-10 23:05,2526
2019-01-10 23:10,2475
2019-01-10 23:15,2411
2019-01-10 23:20,2411
2019-01-10 23:25,2387
2019-01-10 23:30,2378
2019-01-10 23:35,2338
2019-01-10 23:40,2319
2019-01-10 23:45,2267
2019-01-10 23:50,2222
2019-01-10 23:55,2203
2019-01-11 00:00,2205
2019-01-11 00:05,2205
2019-01-11 00:10,2180
2019-01-11 00:15,2140
2019-01-11 00:20,2132
2019-01-11 00:25,2107
2019-01-11 00:30,2094
2019-01-11 00:35,2086
2019-01-11 00:40,2070
2019-01-11 00:45,2032
2019-01-11 00:50,2049
2019-01-11 00:55,2041
2019-01-11 01:00,2029
2019-01-11 01:05,1992
2019-01-11 01:10,1977
2019-01-11 01:15,0
2019-01-11 01:20,1990
2019-01-11 01:25,2003
2019-01-11 01:30,1987
2019-01-11 01:35,1983
2019-01-11 01:40,1977
2019-01-11 01:45,1957
2019-01-11 01:50,1958
2019-01-11 01:55,1926
2019-01-11 02:00,1896
2019-01-11 02:05,1883
2019-01-11 02:10,1865
2019-01-11 02:15,1841
2019-01-11 02:20,1878
2019-01-11 02:25,1879
2019-01-11 02:30,1862
2019-01-11 02:35,1839
2019-01-11 02:40,1839
2019-01-11 02:45,1833
2019-01-11 02:50,1820
2019-01-11 02:55,1820
2019-01-11 03:00,1828
2019-01-11 03:05,1827
2019-01-11 03:10,1796
2019-01-11 03:15,1784
2019-01-11 03:20,1748
2019-01-11 03:25,1738
2019-01-11 03:30,1723
2019-01-11 03:35,1699
2019-01-11 03:40,1689
2019-01-11 03:45,1673
2019-01-11 03:50,1653
2019-01-11 03:55,1634
2019-01-11 04:00,1620
2019-01-11 04:05,1584
2019-01-11 04:10,1563
2019-01-11 04:15,1558
2019-01-11 04:20,1538
2019-01-11 04:25,1523
2019-01-11 04:30,1523
2019-01-11 04:35,1507
2019-01-11 04:40,1489
2019-01-11 04:45,1484
2019-01-11 04:50,1481
2019-01-11 04:55,1469
2019-01-11 05:00,1469
2019-01-11 05:05,1457
2019-01-11 05:10,1441
2019-01-11 05:15,1427
2019-01-11 05:20,1410
2019-01-11 05:25,1389
2019-01-11 05:30,1365
2019-01-11 05:35,1357
2019-01-11 05:40,1339
2019-01-11 05:45,1313
2019-01-11 05:50,1309
2019-01-11 05:55,1296
2019-01-11 06:00,1299
2019-01-11 06:05,1294
2019-01-11 06:10,1303
2019-01-11 06:15,1273
2019-01-11 06:20,1281
2019-01-11 06:25,1274
2019-01-11 06:30,1272
2019-01-11 06:35,1267
2019-01-11 06:40,1272
2019-01-11 06:45,1270
2019-01-11 06:50,1273
2019-01-11 06:55,1280
2019-01-11 07:00,1276
2019-01-11 07:05,1267
2019-01-11 07:10,1259
2019-01-11 07:15,1243
2019-01-11 07:20,1253
2019-01-11 07:25,1249
2019-01-11 07:30,1241
2019-01-11 07:35,1245
2019-01-11 07:40,1253
2019-01-11 07:45,1245
2019-01-11 07:50,1261
2019-01-11 07:55,1251
2019-01-11 08:00,1249
2019-01-11 08:05,1263
2019-01-11 08:10,1262
2019-01-11 08:15,1270
2019-01-11 08:20,1278
2019-01-11 08:25,1284
2019-01-11 08:30,1299
2019-01-11 08:35,1313
2019-01-11 08:40,1315
2019-01-11 08:45,1342
2019-01-11 08:50,1357
2019-01-11 08:55,1371
2019-01-11 09:00,1376
2019-01-11 09:05,1374
2019-01-11 09:10,1370
2019-01-11 09:15,1372
2019-01-11 09:20,1384
2019-01-11 09:25,1386
2019-01-11 09:30,1389
2019-01-11 09:35,1390
2019-01-11 09:40,1392
2019-01-11 09:45,1423
2019-01-11 09:50,1438
2019-01-11 09:55,1441
2019-01-11 10:00,1450
2019-01-11 10:05,1486
2019-01-11 10:10,1499
2019-01-11 10:15,1520
2019-01-11 10:20,1539
2019-01-11 10:25,1555
2019-01-11 10:30,1571
2019-01-11 10:35,1571
2019-01-11 10:40,1583
2019-01-11 10:45,1602
2019-01-11 10:50,1622
2019-01-11 10:55,1641
2019-01-11 11:00,1664
2019-01-11 11:05,1689
2019-01-11 11:10,1687
2019-01-11 11:15,1712
2019-01-11 11:20,1716
2019-01-11 11:25,1727
2019-01-11 11:30,1755
2019-01-11 11:35,1804
2019-01-11 11:40,1796
2019-01-11 11:45,1836
2019-01-11 11:50,1845
2019-01-11 11:55,1857
2019-01-11 12:00,1862
2019-01-11 12:05,1879
2019-01-11 12:10,1897
2019-01-11 12:15,1882
2019-01-11 12:20,1890
2019-01-11 12:25,1905
2019-01-11 12:30,1882
2019-01-11 12:35,1908
2019-01-11 12:40,1932
2019-01-11 12:45,1950
2019-01-11 12:50,1973
2019-01-11 12:55,1986
2019-01-11 13:00,1998
2019-01-11 13:05,2020
2019-01-11 13:10,2031
2019-01-11 13:15,2034
2019-01-11 13:20,2060
2019-01-11 13:25,2090
2019-01-11 13:30,2093
2019-01-11 13:35,2079
2019-01-11 13:40,2098
2019-01-11 13:45,2103
2019-01-11 13:50,2113
2019-01-11 13:55,2126
2019-01-11 14:00,2133
2019-01-11 14:05,2140
2019-01-11 14:10,2145
2019-01-11 14:15,2156
2019-01-11 14:20,2188
2019-01-11 14:25,2210
2019-01-11 14:30,2232
2019-01-11 14:35,2246
2019-01-11 14:40,2255
2019-01-11 14:45,2268
2019-01-11 14:50,2285
2019-01-11 14:55,2283
2019-01-11 15:00,2290
2019-01-11 15:05,2308
2019-01-11 15:10,2337
2019-01-11 15:15,2306
2019-01-11 15:20,2314
2019-01-11 15:25,2345
2019-01-11 15:30,2360
2019-01-11 15:35,2390
2019-01-11 15:40,2426
2019-01-11 15:45,
2019-01-11 15:50,2465
2019-01-11 15:55,2470
2019-01-11 16:00,2482
2019-01-11 16:05,2518
2019-01-11 16:10,2537
2019-01-11 16:15,2568
2019-01-11 16:20,2575
2019-01-11 16:25,2605
2019-01-11 16:30,2619
2019-01-11 16:35,2654
2019-01-11 16:40,2668
2019-01-11 16:45,2704
2019-01-11 16:50,2736
2019-01-11 16:55,2735
2019-01-11 17:00,2758
2019-01-11 17:05,2761
2019-01-11 17:10,2799
2019-01-11 17:15,2816
2019-01-11 17:20,2820
2019-01-11 17:25,2832
2019-01-11 17:30,2823
2019-01-11 17:35,2826
2019-01-11 17:40,2836
2019-01-11 17:45,2846
2019-01-11 17:50,2894
2019-01-11 17:55,2867
2019-01-11 18:00,2881
2019-01-11 18:05,2892
2019-01-11 18:10,2885
2019-01-11 18:15,2895
2019-01-11 18:20,2904
2019-01-11 18:25,2910
2019-01-11 18:30,2898
2019-01-11 18:35,2902
2019-01-11 18:40,2938
2019-01-11 18:45,2941
2019-01-11 18:50,2971
2019-01-11 18:55,2959
2019-01-11 19:00,2936
2019-01-11 19:05,2955
2019-01-11 19:10,2948
2019-01-11 19:15,2979
2019-01-11 19:20,2972
2019-01-11 19:25,2978
2019-01-11 19:30,2966
2019-01-11 19:35,2978
2019-01-11 19:40,3003
2019-01-11 19:45,2994
2019-01-11 19:50,3002
2019-01-11 19:55,2992
2019-01-11 20:00,2994
2019-01-11 20:05,3006
2019-01-11 20:10,2997
2019-01-11 20:15,2984
2019-01-11 20:20,2992
2019-01-11 20:25,3027
2019-01-11 20:30,3040
2019-01-11 20:35,3007
2019-01-11 20:40,3015
2019-01-11 20:45,3003
2019-01-11 20:50,3013
2019-01-11 20:55,3015
2019-01-11 21:00,3039
2019-01-11 21:05,3014
2019-01-11 21:10,2982
2019-01-11 21:15,2986
2019-01-11 21:20,2991
2019-01-11 21:25,2975
2019-01-11 21:30,2967
2019-01-11 21:35,2952
2019-01-11 21:40,2933
2019-01-11 21:45,2924
2019-01-11 21:50,2917
2019-01-11 21:55,2931
2019-01-11 22:00,2920
2019-01-11 22:05,2878
2019-01-11 22:10,2856
2019-01-11 22:15,2848
2019-01-11 22:20,2804
2019-01-11 22:25,2760
2019-01-11 22:30,2747
2019-01-11 22:35,2719
2019-01-11 22:40,2691
2019-01-11 22:45,2654
2019-01-11 22:50,2623
2019-01-11 22:55,2603
2019-01-11 23:00,2605
2019-01-11 23:05,2596
2019-01-11 23:10,2555
2019-01-11 23:15,2533
2019-01-11 23:20,2484
2019-01-11 23:25,2476
2019-01-11 23:30,2454
2019-01-11 23:35,2417
2019-01-11 23:40,2399
2019-01-11 23:45,2370
2019-01-11 23:50,2360
2019-01-11 23:55,2340
2019-01-12 00:00,2328
2019-01-12 00:05,2303
2019-01-12 00:10,2288
2019-01-12 00:15,2246
2019-01-12 00:20,2209
2019-01-12 00:25,2202
2019-01-12 00:30,2198
2019-01-12 00:35,2185
2019-01-12 00:40,2179
2019-01-12 00:45,2142
2019-01-12 00:50,2150
2019-01-12 00:55,2149
2019-01-12 01:00,2128
2019-01-12 01:05,2108
2019-01-12 01:10,2071
2019-01-12 01:15,2063
2019-01-12 01:20,2059
2019-01-12 01:25,2052
2019-01-12 01:30,2043
2019-01-12 01:35,2008
2019-01-12 01:40,2002
2019-01-12 01:45,1997
2019-01-12 01:50,1977
2019-01-12 01:55,1975
2019-01-12 02:00,1973
2019-01-12 02:05,1951
2019-01-12 02:10,1935
2019-01-12 02:15,1950
2019-01-12 02:20,1950
2019-01-12 02:25,1957
2019-01-12 02:30,1938
2019-01-12 02:35,1943
2019-01-12 02:40,1951
2019-01-12 02:45,1955
2019-01-12 02:50,1934
2019-01-12 02:55,1914
2019-01-12 03:00,1903
2019-01-12 03:05,1889
2019-01-12 03:10,1870
2019-01-12 03:15,1866
2019-01-12 03:20,1858
2019-01-12 03:25,1849
2019-01-12 03:30,1843
2019-01-12 03:35,1829
2019-01-12 03:40,1839
2019-01-12 03:45,1821
2019-01-12 03:50,1811
2019-01-12 03:55,1786
2019-01-12 04:00,1758
2019-01-12 04:05,1752
2019-01-12 04:10,1743
2019-01-12 04:15,1717
2019-01-12 04:20,1692
2019-01-12 04:25,1681
2019-01-12 04:30,1678
2019-01-12 04:35,1661
2019-01-12 04:40,1647
2019-01-12 04:45,1644
2019-01-12 04:50,1641
2019-01-12 04:55,1639
2019-01-12 05:00,1634
2019-01-12 05:05,1627
2019-01-12 05:10,1603
2019-01-12 05:15,1587
2019-01-12 05:20,1575
2019-01-12 05:25,1574
2019-01-12 05:30,1565
2019-01-12 05:35,1552
2019-01-12 05:40,1556
2019-01-12 05:45,1542
2019-01-12 05:50,1526
2019-01-12 05:55,1501
2019-01-12 06:00,1488
2019-01-12 06:05,1479
2019-01-12 06:10,1455
2019-01-12 06:15,1475
2019-01-12 06:20,1441
2019-01-12 06:25,1445
2019-01-12 06:30,1440
2019-01-12 06:35,1445
2019-01-12 06:40,1446
2019-01-12 06:45,1437
2019-01-12 06:50,1447
2019-01-12 06:55,1466
2019-01-12 07:00,1455
2019-01-12 07:05,1462
2019-01-12 07:10,1462
2019-01-12 07:15,1475
2019-01-12 07:20,1480
2019-01-12 07:25,1457
2019-01-12 07:30,1472
2019-01-12 07:35,1461
2019-01-12 07:40,1460
2019-01-12 07:45,1477
2019-01-12 07:50,1473
2019-01-12 07:55,1484
2019-01-12 08:00,1520
2019-01-12 08:05,1516
2019-01-12 08:10,1530
2019-01-12 08:15,1539
2019-01-12 08:20,1558
2019-01-12 08:25,1567
2019-01-12 08:30,1584
2019-01-12 08:35,1599
2019-01-12 08:40,1608
2019-01-12 08:45,1633
2019-01-12 08:50,1659
2019-01-12 08:55,1678
2019-01-12 09:00,1694
2019-01-12 09:05,1699
2019-01-12 09:10,1722
2019-01-12 09:15,1740
2019-01-12 09:20,1760
2019-01-12 09:25,1771
2019-01-12 09:30,1776
2019-01-12 09:35,1808
2019-01-12 09:40,1841
2019-01-12 09:45,1867
2019-01-12 09:50,1894
2019-01-12 09:55,1913
2019-01-12 10:00,1923
2019-01-12 10:05,1984
2019-01-12 10:10,2033
2019-01-12 10:15,2047
2019-01-12 10:20,2043
2019-01-12 10:25,2067
2019-01-12 10:30,2097
2019-01-12 10:35,2130
2019-01-12 10:40,2127
2019-01-12 10:45,2154
2019-01-12 10:50,2157
2019-01-12 10:55,2173
2019-01-12 11:00,2207
2019-01-12 11:05,2212
2019-01-12 11:10,2225
2019-01-12 11:15,2227
2019-01-12 11:20,2236
2019-01-12 11:25,2243
2019-01-12 11:30,2246
2019-01-12 11:35,2245
2019-01-12 11:40,2288
2019-01-12 11:45,2303
2019-01-12 11:50,2303
2019-01-12 11:55,2338
2019-01-12 12:00,2351
2019-01-12 12:05,2346
2019-01-12 12:10,2371
2019-01-12 12:15,2406
2019-01-12 12:20,2393
2019-01-12 12:25,2417
2019-01-12 12:30,2392
2019-01-12 12:35,2409
2019-01-12 12:40,2404
2019-01-12 12:45,2447
2019-01-12 12:50,2449
2019-01-12 12:55,2489
2019-01-12 13:00,2504
2019-01-12 13:05,2516
2019-01-12 13:10,2565
2019-01-12 13:15,2579
2019-01-12 13:20,2615
2019-01-12 13:25,2618
2019-01-12 13:30,2636
2019-01-12 13:35,2675
2019-01-12 13:40,2695
2019-01-12 13:45,2715
2019-01-12 13:50,2706
2019-01-12 13:55,2715
2019-01-12 14:00,2731
2019-01-12 14:05,2733
2019-01-12 14:10,2751
2019-01-12 14:15,2769
2019-01-12 14:20,2812
2019-01-12 14:25,2842
2019-01-12 14:30,2847
2019-01-12 14:35,2845
2019-01-12 14:40,2871
2019-01-12 14:45,2902
2019-01-12 14:50,2919
2019-01-12 14:55,2914
2019-01-12 15:00,2931
2019-01-12 15:05,2947
2019-01-12 15:10,2968
2019-01-12 15:15,2960
2019-01-12 15:20,2952
2019-01-12 15:25,2982
2019-01-12 15:30,2995
2019-01-12 15:35,3009
2019-01-12 15:40,3040
2019-01-12 15:45,3031
2019-01-12 15:50,3047
2019-01-12 15:55,3086
2019-01-12 16:00,3110
2019-01-12 16:05,3112
2019-01-12 16:10,3139
2019-01-12 16:15,3145
2019-01-12 16:20,3188
2019-01-12 16:25,3193
2019-01-12 16:30,3244
2019-01-12 16:35,3240
2019-01-12 16:40,3261
2019-01-12 16:45,3258
2019-01-12 16:50,3265
2019-01-12 16:55,3283
2019-01-12 17:00,3314
2019-01-12 17:05,3336
2019-01-12 17:10,3308
2019-01-12 17:15,3310
2019-01-12 17:20,3324
2019-01-12 17:25,3334
2019-01-12 17:30,3341
2019-01-12 17:35,3359
2019-01-12 17:40,3395
2019-01-12 17:45,3374
2019-01-12 17:50,3379
2019-01-12 17:55,3426
2019-01-12 18:00,3411
2019-01-12 18:05,3429
2019-01-12 18:10,3453
2019-01-12 18:15,3457
2019-01-12 18:20,3448
2019-01-12 18:25,3442
2019-01-12 18:30,3414
2019-01-12 18:35,3422
2019-01-12 18:40,3420
2019-01-12 18:45,3435
2019-01-12 18:50,3437
2019-01-12 18:55,3415
2019-01-12 19:00,3437
2019-01-12 19:05,3421
2019-01-12 19:10,3447
2019-01-12 19:15,3445
2019-01-12 19:20,3468
2019-01-12 19:25,3482
2019-01-12 19:30,3474
2019-01-12 19:35,3492
2019-01-12 19:40,3478
2019-01-12 19:45,3501
2019-01-12 19:50,3502
2019-01-12 19:55,3505
2019-01-12 20:00,3514
2019-01-12 20:05,3512
2019-01-12 20:10,3497
2019-01-12 20:15,3483
2019-01-12 20:20,3491
2019-01-12 20:25,3503
2019-01-12 20:30,3522
2019-01-12 20:35,3510
2019-01-12 20:40,3528
2019-01-12 20:45,3513
2019-01-12 20:50,3516
2019-01-12 20:55,3524
2019-01-12 21:00,3533
2019-01-12 21:05,3532
2019-01-12 21:10,3527
2019-01-12 21:15,3502
2019-01-12 21:20,3492
2019-01-12 21:25,3451
2019-01-12 21:30,
2019-01-12 21:35,3401
2019-01-12 21:40,3359
2019-01-12 21:45,3338
2019-01-12 21:50,3311
2019-01-12 21:55,3295
2019-01-12 22:00,3252
2019-01-12 22:05,3242
2019-01-12 22:10,3213
2019-01-12 22:15,3169
2019-01-12 22:20,3153
2019-01-12 22:25,3117
2019-01-12 22:30,3116
2019-01-12 22:35,3097
2019-01-12 22:40,3079
2019-01-12 22:45,3037
2019-01-12 22:50,3025
2019-01-12 22:55,2988
2019-01-12 23:00,2953
2019-01-12 23:05,2919
2019-01-12 23:10,2904
2019-01-12 23:15,2886
2019-01-12 23:20,2869
2019-01-12 23:25,2832
2019-01-12 23:30,2801
2019-01-12 23:35,2783
2019-01-12 23:40,2763
2019-01-12 23:45,2718
2019-01-12 23:50,2692
2019-01-12 23:55,2672
2019-01-13 00:00,2655
2019-01-13 00:05,2644
2019-01-13 00:10,2604
2019-01-13 00:15,2605
2019-01-13 00:20,2589
2019-01-13 00:25,2555
2019-01-13 00:30,2523
2019-01-13 00:35,2511
2019-01-13 00:40,2503
2019-01-13 00:45,2503
2019-01-13 00:50,2474
2019-01-13 00:55,2453
2019-01-13 01:00,2436
2019-01-13 01:05,2420
2019-01-13 01:10,2402
2019-01-13 01:15,2371
2019-01-13 01:20,2354
2019-01-13 01:25,2314
2019-01-13 01:30,2324
2019-01-13 01:35,2288
2019-01-13 01:40,2266
2019-01-13 01:45,2257
2019-01-13 01:50,2240
2019-01-13 01:55,2211
2019-01-13 02:00,2189
2019-01-13 02:05,2185
2019-01-13 02:10,2164
2019-01-13 02:15,2152
2019-01-13 02:20,2132
2019-01-13 02:25,2132
2019-01-13 02:30,2124
2019-01-13 02:35,2122
2019-01-13 02:40,2116
2019-01-13 02:45,2118
2019-01-13 02:50,2098
2019-01-13 02:55,2098
2019-01-13 03:00,2108
2019-01-13 03:05,2073
2019-01-13 03:10,2069
2019-01-13 03:15,2042
2019-01-13 03:20,2034
2019-01-13 03:25,2028
2019-01-13 03:30,2004
2019-01-13 03:35,2006
2019-01-13 03:40,2000
2019-01-13 03:45,1979
2019-01-13 03:50,1960
2019-01-13 03:55,1936
2019-01-13 04:00,1905
2019-01-13 04:05,1878
2019-01-13 04:10,1843
2019-01-13 04:15,1811
2019-01-13 04:20,1791
2019-01-13 04:25,1804
2019-01-13 04:30,1799
2019-01-13 04:35,1767
2019-01-13 04:40,1745
2019-01-13 04:45,1724
2019-01-13 04:50,1699
2019-01-13 04:55,1721
2019-01-13 05:00,1713
2019-01-13 05:05,1697
2019-01-13 05:10,1685
2019-01-13 05:15,1676
2019-01-13 05:20,1652
2019-01-13 05:25,1654
2019-01-13 05:30,1654
2019-01-13 05:35,1647
2019-01-13 05:40,1625
2019-01-13 05:45,1609
2019-01-13 05:50,1612
2019-01-13 05:55,1613
2019-01-13 06:00,1607
2019-01-13 06:05,1594
2019-01-13 06:10,1608
2019-01-13 06:15,1599
2019-01-13 06:20,1562
2019-01-13 06:25,1538
2019-01-13 06:30,1562
2019-01-13 06:35,1559
2019-01-13 06:40,1558
2019-01-13 06:45,1575
2019-01-13 06:50,1583
2019-01-13 06:55,1579
2019-01-13 07:00,1582
2019-01-13 07:05,1575
2019-01-13 07:10,1571
2019-01-13 07:15,1586
2019-01-13 07:20,1604
2019-01-13 07:25,1615
2019-01-13 07:30,1624
2019-01-13 07:35,1632
2019-01-13 07:40,1617
2019-01-13 07:45,1613
2019-01-13 07:50,1636
2019-01-13 07:55,1656
2019-01-13 08:00,1650
2019-01-13 08:05,1643
2019-01-13 08:10,1633
2019-01-13 08:15,1670
2019-01-13 08:20,1666
2019-01-13 08:25,1669
2019-01-13 08:30,1702
2019-01-13 08:35,1700
2019-01-13 08:40,1732
2019-01-13 08:45,1754
2019-01-13 08:50,1774
2019-01-13 08:55,1809
2019-01-13 09:00,1825
2019-01-13 09:05,1855
2019-01-13 09:10,1877
2019-01-13 09:15,1903
2019-01-13 09:20,1911
2019-01-13 09:25,1932
2019-01-13 09:30,1950
2019-01-13 09:35,1971
2019-01-13 09:40,1997
2019-01-13 09:45,2022
2019-01-13 09:50,2050
2019-01-13 09:55,2102
2019-01-13 10:00,2123
2019-01-13 10:05,2162
2019-01-13 10:10,2168
2019-01-13 10:15,2191
2019-01-13 10:20,2236
2019-01-13 10:25,2263
2019-01-13 10:30,2280
2019-01-13 10:35,2291
2019-01-13 10:40,2312
2019-01-13 10:45,2346
2019-01-13 10:50,2373
2019-01-13 10:55,2391
2019-01-13 11:00,2392
2019-01-13 11:05,2412
2019-01-13 11:10,2444
2019-01-13 11:15,2467
2019-01-13 11:20,2489
2019-01-13 11:25,2511
2019-01-13 11:30,2525
2019-01-13 11:35,2545
2019-01-13 11:40,2585
2019-01-13 11:45,2603
2019-01-13 11:50,2598
2019-01-13 11:55,2629
2019-01-13 12:00,2649
2019-01-13 12:05,2660
2019-01-13 12:10,2684
2019-01-13 12:15,2716
2019-01-13 12:20,2749
2019-01-13 12:25,2741
2019-01-13 12:30,2765
2019-01-13 12:35,2773
2019-01-13 12:40,2810
2019-01-13 12:45,2827
2019-01-13 12:50,2841
2019-01-13 12:55,2852
2019-01-13 13:00,2876
2019-01-13 13:05,2891
2019-01-13 13:10,2919
2019-01-13 13:15,2924
2019-01-13 13:20,2945
2019-01-13 13:25,2963
2019-01-13 13:30,2992
2019-01-13 13:35,3005
2019-01-13 13:40,3022
2019-01-13 13:45,3048
2019-01-13 13:50,3067
2019-01-13 13:55,3087
2019-01-13 14:00,3107
2019-01-13 14:05,3114
2019-01-13 14:10,3141
2019-01-13 14:15,3175
2019-01-13 14:20,3188
2019-01-13 14:25,3232
2019-01-13 14:30,3219
2019-01-13 14:35,3228
2019-01-13 14:40,3255
2019-01-13 14:45,3272
2019-01-13 14:50,3253
2019-01-13 14:55,3266
2019-01-13 15:00,3277
2019-01-13 15:05,3286
2019-01-13 15:10,3269
2019-01-13 15:15,3285
2019-01-13 15:20,3303
2019-01-13 15:25,3361
2019-01-13 15:30,3355
2019-01-13 15:35,3360
2019-01-13 15:40,3364
2019-01-13 15:45,3360
2019-01-13 15:50,3371
2019-01-13 15:55,3325
2019-01-13 16:00,3352
2019-01-13 16:05,3376
2019-01-13 16:10,3404
2019-01-13 16:15,3427
2019-01-13 16:20,3439
2019-01-13 16:25,3424
2019-01-13 16:30,3452
2019-01-13 16:35,3435
2019-01-13 16:40,3461
2019-01-13 16:45,3488
2019-01-13 16:50,3527
2019-01-13 16:55,3541
2019-01-13 17:00,3551
2019-01-13 17:05,3542
2019-01-13 17:10,3548
2019-01-13 17:15,3555
2019-01-13 17:20,3602
2019-01-13 17:25,3606
2019-01-13 17:30,3634
2019-01-13 17:35,3634
2019-01-13 17:40,3662
2019-01-13 17:45,3659
2019-01-13 17:50,3662
2019-01-13 17:55,3656
2019-01-13 18:00,3658
2019-01-13 18:05,3633
2019-01-13 18:10,3635
2019-01-13 18:15,3650
2019-01-13 18:20,3643
2019-01-13 18:25,3667
2019-01-13 18:30,3685
2019-01-13 18:35,3682
2019-01-13 18:40,3699
2019-01-13 18:45,3722
2019-01-13 18:50,3713
2019-01-13 18:55,3687
2019-01-13 19:00,3679
2019-01-13 19:05,3645
2019-01-13 19:10,3634
2019-01-13 19:15,3649
2019-01-13 19:20,3669
2019-01-13 19:25,3644
2019-01-13 19:30,3665
2019-01-13 19:35,3691
2019-01-13 19:40,3702
2019-01-13 19:45,3733
2019-01-13 19:50,3730
2019-01-13 19:55,3715
2019-01-13 20:00,3722
2019-01-13 20:05,3723
2019-01-13 20:10,3691
2019-01-13 20:15,3683
2019-01-13 20:20,3664
2019-01-13 20:25,3660
2019-01-13 20:30,3630
2019-01-13 20:35,3621
2019-01-13 20:40,3615
2019-01-13 20:45,3599
2019-01-13 20:50,3596
2019-01-13 20:55,3596
2019-01-13 21:00,3572
2019-01-13 21:05,3557
2019-01-13 21:10,3515
2019-01-13 21:15,3487
2019-01-13 21:20,3465
2019-01-13 21:25,3407
2019-01-13 21:30,3365
2019-01-13 21:35,3313
2019-01-13 21:40,3281
2019-01-13 21:45,3272
2019-01-13 21:50,3226
2019-01-13 21:55,3183
2019-01-13 22:00,3148
2019-01-13 22:05,3117
2019-01-13 22:10,3070
2019-01-13 22:15,3024
2019-01-13 22:20,3011
2019-01-13 22:25,2956
2019-01-13 22:30,2926
2019-01-13 22:35,2872
2019-01-13 22:40,2838
2019-01-13 22:45,2815
2019-01-13 22:50,2776
2019-01-13 22:55,2707
2019-01-13 23:00,2662
2019-01-13 23:05,2639
2019-01-13 23:10,2635
2019-01-13 23:15,2610
2019-01-13 23:20,2590
2019-01-13 23:25,2550
2019-01-13 23:30,2515
2019-01-13 23:35,2510
2019-01-13 23:40,2498
2019-01-13 23:45,2470
2019-01-13 23:50,2436
2019-01-13 23:55,2442
2019-01-14 00:00,2433
2019-01-14 00:05,2388
2019-01-14 00:10,2366
2019-01-14 00:15,2346
2019-01-14 00:20,2354
2019-01-14 00:25,2360
2019-01-14 00:30,2353
2019-01-14 00:35,2353
2019-01-14 00:40,2337
2019-01-14 00:45,2318
2019-01-14 00:50,2296
2019-01-14 00:55,2293
2019-01-14 01:00,2271
2019-01-14 01:05,2269
2019-01-14 01:10,2266
2019-01-14 01:15,2265
2019-01-14 01:20,2271
2019-01-14 01:25,2266
2019-01-14 01:30,2243
2019-01-14 01:35,2242
2019-01-14 01:40,2241
2019-01-14 01:45,2248
2019-01-14 01:50,2219
2019-01-14 01:55,2191
2019-01-14 02:00,2169
2019-01-14 02:05,2150
2019-01-14 02:10,2129
2019-01-14 02:15,2136
2019-01-14 02:20,2119
2019-01-14 02:25,2086
2019-01-14 02:30,2087
2019-01-14 02:35,2061
2019-01-14 02:40,2030
2019-01-14 02:45,2005
2019-01-14 02:50,1989
2019-01-14 02:55,1968
2019-01-14 03:00,1939
2019-01-14 03:05,1934
2019-01-14 03:10,1915
2019-01-14 03:15,1898
2019-01-14 03:20,1857
2019-01-14 03:25,1850
2019-01-14 03:30,1850
2019-01-14 03:35,1816
2019-01-14 03:40,1811
2019-01-14 03:45,1788
2019-01-14 03:50,1756
2019-01-14 03:55,1744
2019-01-14 04:00,1727
2019-01-14 04:05,1719
2019-01-14 04:10,1719
2019-01-14 04:15,1699
2019-01-14 04:20,1683
2019-01-14 04:25,1667
2019-01-14 04:30,1635
2019-01-14 04:35,1619
2019-01-14 04:40,1603
2019-01-14 04:45,1590
2019-01-14 04:50,1584
2019-01-14 04:55,1555
2019-01-14 05:00,1518
2019-01-14 05:05,1514
2019-01-14 05:10,1504
2019-01-14 05:15,1469
2019-01-14 05:20,1468
2019-01-14 05:25,1457
2019-01-14 05:30,1441
2019-01-14 05:35,1439
2019-01-14 05:40,1418
2019-01-14 05:45,1407
2019-01-14 05:50,1407
2019-01-14 05:55,1403
2019-01-14 06:00,1389
2019-01-14 06:05,1359
2019-01-14 06:10,1361
2019-01-14 06:15,1353
2019-01-14 06:20,1340
2019-01-14 06:25,1327
2019-01-14 06:30,1330
2019-01-14 06:35,1320
2019-01-14 06:40,1311
2019-01-14 06:45,1296
2019-01-14 06:50,1291
2019-01-14 06:55,1295
2019-01-14 07:00,1295
2019-01-14 07:05,1292
2019-01-14 07:10,1292
2019-01-14 07:15,1278
2019-01-14 07:20,1268
2019-01-14 07:25,1276
2019-01-14 07:30,1270
2019-01-14 07:35,1270
2019-01-14 07:40,1264
2019-01-14 07:45,1266
2019-01-14 07:50,1265
2019-01-14 07:55,1262
2019-01-14 08:00,1265
2019-01-14 08:05,1265
2019-01-14 08:10,1283
2019-01-14 08:15,1275
2019-01-14 08:20,1285
2019-01-14 08:25,1300
2019-01-14 08:30,1311
2019-01-14 08:35,1302
2019-01-14 08:40,1309
2019-01-14 08:45,1324
2019-01-14 08:50,1336
2019-01-14 08:55,1341
2019-01-14 09:00,1341
2019-01-14 09:05,1344
2019-01-14 09:10,1344
2019-01-14 09:15,1359
2019-01-14 09:20,1386
2019-01-14 09:25,1402
2019-01-14 09:30,1400
2019-01-14 09:35,1412
2019-01-14 09:40,1427
2019-01-14 09:45,1453
2019-01-14 09:50,1466
2019-01-14 09:55,1475
2019-01-14 10:00,1493
2019-01-14 10:05,1524
2019-01-14 10:10,1557
2019-01-14 10:15,1587
2019-01-14 10:20,1584
2019-01-14 10:25,1592
2019-01-14 10:30,1609
2019-01-14 10:35,1620
2019-01-14 10:40,1620
2019-01-14 10:45,1627
2019-01-14 10:50,1635
2019-01-14 10:55,1656
2019-01-14 11:00,1669
2019-01-14 11:05,1693
2019-01-14 11:10,1695
2019-01-14 11:15,1710
2019-01-14 11:20,1727
2019-01-14 11:25,1742
2019-01-14 11:30,1771
2019-01-14 11:35,1774
2019-01-14 11:40,1780
2019-01-14 11:45,1790
2019-01-14 11:50,1797
2019-01-14 11:55,1833
2019-01-14 12:00,1833
2019-01-14 12:05,1855
2019-01-14 12:10,1842
2019-01-14 12:15,1848
2019-01-14 12:20,1849
2019-01-14 12:25,1862
2019-01-14 12:30,1881
2019-01-14 12:35,1896
2019-01-14 12:40,1903
2019-01-14 12:45,1924
2019-01-14 12:50,1947
2019-01-14 12:55,1967
2019-01-14 13:00,1984
2019-01-14 13:05,1987
2019-01-14 13:10,2005
2019-01-14 13:15,2000
2019-01-14 13:20,2026
2019-01-14 13:25,2033
2019-01-14 13:30,2047
2019-01-14 13:35,2080
2019-01-14 13:40,2083
2019-01-14 13:45,2108
2019-01-14 13:50,2118
2019-01-14 13:55,2132
2019-01-14 14:00,2166
2019-01-14 14:05,2176
2019-01-14 14:10,2200
2019-01-14 14:15,2207
2019-01-14 14:20,2234
2019-01-14 14:25,2253
2019-01-14 14:30,2228
2019-01-14 14:35,2241
2019-01-14 14:40,2262
2019-01-14 14:45,2254
2019-01-14 14:50,2270
2019-01-14 14:55,2268
2019-01-14 15:00,2280
2019-01-14 15:05,2297
2019-01-14 15:10,2303
2019-01-14 15:15,2344
2019-01-14 15:20,2392
2019-01-14 15:25,2420
2019-01-14 15:30,2446
2019-01-14 15:35,2442
2019-01-14 15:40,2469
2019-01-14 15:45,2472
2019-01-14 15:50,2500
2019-01-14 15:55,2513
2019-01-14 16:00,2505
2019-01-14 16:05,2527
2019-01-14 16:10,2543
2019-01-14 16:15,2578
2019-01-14 16:20,2600
2019-01-14 16:25,2607
2019-01-14 16:30,2625
2019-01-14 16:35,2609
2019-01-14 16:40,2663
2019-01-14 16:45,2687
2019-01-14 16:50,2716
2019-01-14 16:55,2758
2019-01-14 17:00,2787
2019-01-14 17:05,2798
2019-01-14 17:10,2816
2019-01-14 17:15,2826
2019-01-14 17:20,2846
2019-01-14 17:25,2911
2019-01-14 17:30,2907
2019-01-14 17:35,2906
2019-01-14 17:40,2942
2019-01-14 17:45,2988
2019-01-14 17:50,2983
2019-01-14 17:55,3020
2019-01-14 18:00,3017
2019-01-14 18:05,3021
2019-01-14 18:10,3059
2019-01-14 18:15,3066
2019-01-14 18:20,3091
2019-01-14 18:25,3118
2019-01-14 18:30,3125
2019-01-14 18:35,3126
2019-01-14 18:40,3126
2019-01-14 18:45,3099
2019-01-14 18:50,3108
2019-01-14 18:55,3123
2019-01-14 19:00,3141
2019-01-14 19:05,3134
2019-01-14 19:10,3183
2019-01-14 19:15,3202
2019-01-14 19:20,3208
2019-01-14 19:25,3168
2019-01-14 19:30,3186
2019-01-14 19:35,3193
2019-01-14 19:40,3195
2019-01-14 19:45,3228
2019-01-14 19:50,3227
2019-01-14 19:55,3225
2019-01-14 20:00,3219
2019-01-14 20:05,3229
2019-01-14 20:10,3203
2019-01-14 20:15,3207
2019-01-14 20:20,3190
2019-01-14 20:25,3177
2019-01-14 20:30,3154
2019-01-14 20:35,3143
2019-01-14 20:40,3149
2019-01-14 20:45,3141
2019-01-14 20:50,3130
2019-01-14 20:55,3098
2019-01-14 21:00,3081
2019-01-14 21:05,3030
2019-01-14 21:10,3017
2019-01-14 21:15,3001
2019-01-14 21:20,2981
2019-01-14 21:25,2982
2019-01-14 21:30,2959
2019-01-14 21:35,2930
2019-01-14 21:40,2888
2019-01-14 21:45,2882
2019-01-14 21:50,2851
2019-01-14 21:55,2809
2019-01-14 22:00,2773
2019-01-14 22:05,2759
2019-01-14 22:10,2752
2019-01-14 22:15,2734
2019-01-14 22:20,2705
2019-01-14 22:25,2679
2019-01-14 22:30,2658
2019-01-14 22:35,2636
2019-01-14 22:40,2642
2019-01-14 22:45,2621
2019-01-14 22:50,2556
2019-01-14 22:55,2501
2019-01-14 23:00,2484
2019-01-14 23:05,2458
2019-01-14 23:10,2442
2019-01-14 23:15,2433
2019-01-14 23:20,2404
2019-01-14 23:25,2393
2019-01-14 23:30,2364
2019-01-14 23:35,2328
2019-01-14 23:40,2297
2019-01-14 23:45,2280
2019-01-14 23:50,2262
2019-01-14 23:55,2243
2019-01-15 00:00,2229
2019-01-15 00:05,2234
2019-01-15 00:10,2234
2019-01-15 00:15,2195
2019-01-15 00:20,2168
2019-01-15 00:25,2171
2019-01-15 00:30,2176
2019-01-15 00:35,2160
2019-01-15 00:40,2147
2019-01-15 00:45,2129
2019-01-15 00:50,2129
2019-01-15 00:55,2124
2019-01-15 01:00,2076
2019-01-15 01:05,2062
2019-01-15 01:10,2058
2019-01-15 01:15,2049
2019-01-15 01:20,2014
2019-01-15 01:25,2028
2019-01-15 01:30,2039
2019-01-15 01:35,2002
2019-01-15 01:40,1990
2019-01-15 01:45,1988
2019-01-15 01:50,1990
2019-01-15 01:55,1975
2019-01-15 02:00,1956
2019-01-15 02:05,1950
2019-01-15 02:10,1944
2019-01-15 02:15,1947
2019-01-15 02:20,1924
2019-01-15 02:25,1913
2019-01-15 02:30,1908
2019-01-15 02:35,1891
2019-01-15 02:40,1896
2019-01-15 02:45,1890
2019-01-15 02:50,1877
2019-01-15 02:55,1860
2019-01-15 03:00,1841
2019-01-15 03:05,1823
2019-01-15 03:10,1802
2019-01-15 03:15,1785
2019-01-15 03:20,1793
2019-01-15 03:25,1767
2019-01-15 03:30,1759
2019-01-15 03:35,1732
2019-01-15 03:40,1707
2019-01-15 03:45,1690
2019-01-15 03:50,1684
2019-01-15 03:55,1675
2019-01-15 04:00,1678
2019-01-15 04:05,1650
2019-01-15 04:10,1629
2019-01-15 04:15,1605
2019-01-15 04:20,1609
2019-01-15 04:25,1596
2019-01-15 04:30,1578
2019-01-15 04:35,1585
2019-01-15 04:40,1567
2019-01-15 04:45,1541
2019-01-15 04:50,1503
2019-01-15 04:55,1492
2019-01-15 05:00,1479
2019-01-15 05:05,1466
2019-01-15 05:10,1454
2019-01-15 05:15,1441
2019-01-15 05:20,1431
2019-01-15 05:25,1416
2019-01-15 05:30,1413
2019-01-15 05:35,1381
2019-01-15 05:40,1368
2019-01-15 05:45,1359
2019-01-15 05:50,1364
2019-01-15 05:55,1341
2019-01-15 06:00,1333
2019-01-15 06:05,1325
2019-01-15 06:10,1300
2019-01-15 06:15,1304
2019-01-15 06:20,1294
2019-01-15 06:25,1291
2019-01-15 06:30,1294
2019-01-15 06:35,1283
2019-01-15 06:40,1261
2019-01-15 06:45,1245
2019-01-15 06:50,1234
2019-01-15 06:55,1227
2019-01-15 07:00,1221
2019-01-15 07:05,1214
2019-01-15 07:10,1202
2019-01-15 07:15,1208
2019-01-15 07:20,1203
2019-01-15 07:25,1189
2019-01-15 07:30,1184
2019-01-15 07:35,1180
2019-01-15 07:40,1184
2019-01-15 07:45,1201
2019-01-15 07:50,1213
2019-01-15 07:55,1218
2019-01-15 08:00,1213
2019-01-15 08:05,1204
2019-01-15 08:10,1208
2019-01-15 08:15,1227
2019-01-15 08:20,1236
2019-01-15 08:25,1253
2019-01-15 08:30,1237
2019-01-15 08:35,1237
2019-01-15 08:40,1253
2019-01-15 08:45,1280
2019-01-15 08:50,1292
2019-01-15 08:55,1283
2019-01-15 09:00,1284
2019-01-15 09:05,1306
2019-01-15 09:10,1299
2019-01-15 09:15,1310
2019-01-15 09:20,1313
2019-01-15 09:25,1335
2019-01-15 09:30,1350
2019-01-15 09:35,1357
2019-01-15 09:40,1377
2019-01-15 09:45,1372
2019-01-15 09:50,1375
2019-01-15 09:55,1404
2019-01-15 10:00,1435
2019-01-15 10:05,1472
2019-01-15 10:10,1510
2019-01-15 10:15,1516
2019-01-15 10:20,1538
2019-01-15 10:25,1553
2019-01-15 10:30,1546
2019-01-15 10:35,1559
2019-01-15 10:40,1590
2019-01-15 10:45,1595
2019-01-15 10:50,1605
2019-01-15 10:55,1612
2019-01-15 11:00,1644
2019-01-15 11:05,1652
2019-01-15 11:10,1656
2019-01-15 11:15,1668
2019-01-15 11:20,1694
2019-01-15 11:25,1716
2019-01-15 11:30,1724
2019-01-15 11:35,1731
2019-01-15 11:40,1734
2019-01-15 11:45,1758
2019-01-15 11:50,1769
2019-01-15 11:55,1781
2019-01-15 12:00,1810
2019-01-15 12:05,1807
2019-01-15 12:10,1808
2019-01-15 12:15,1831
2019-01-15 12:20,1839
2019-01-15 12:25,1863
2019-01-15 12:30,1877
2019-01-15 12:35,1883
2019-01-15 12:40,1901
2019-01-15 12:45,1929
2019-01-15 12:50,1927
2019-01-15 12:55,1942
2019-01-15 13:00,1957
2019-01-15 13:05,1970
2019-01-15 13:10,1976
2019-01-15 13:15,2005
2019-01-15 13:20,2015
2019-01-15 13:25,2028
2019-01-15 13:30,2026
2019-01-15 13:35,2020
2019-01-15 13:40,2032
2019-01-15 13:45,2070
2019-01-15 13:50,2088
2019-01-15 13:55,2094
2019-01-15 14:00,2107
2019-01-15 14:05,2114
2019-01-15 14:10,2126
2019-01-15 14:15,2156
2019-01-15 14:20,2179
2019-01-15 14:25,2211
2019-01-15 14:30,2224
2019-01-15 14:35,2247
2019-01-15 14:40,2262
2019-01-15 14:45,2265
2019-01-15 14:50,2277
2019-01-15 14:55,2297
2019-01-15 15:00,2304
2019-01-15 15:05,2311
2019-01-15 15:10,2320
2019-01-15 15:15,2356
2019-01-15 15:20,2367
2019-01-15 15:25,2398
2019-01-15 15:30,2419
2019-01-15 15:35,2430
2019-01-15 15:40,2463
2019-01-15 15:45,2466
2019-01-15 15:50,2465
2019-01-15 15:55,2505
2019-01-15 16:00,2536
2019-01-15 16:05,2541
2019-01-15 16:10,2560
2019-01-15 16:15,2571
2019-01-15 16:20,2621
2019-01-15 16:25,2658
2019-01-15 16:30,2670
2019-01-15 16:35,2695
2019-01-15 16:40,2721
2019-01-15 16:45,2723
2019-01-15 16:50,2732
2019-01-15 16:55,2753
2019-01-15 17:00,2778
2019-01-15 17:05,2777
2019-01-15 17:10,2790
2019-01-15 17:15,2815
2019-01-15 17:20,2844
2019-01-15 17:25,2876
2019-01-15 17:30,2891
2019-01-15 17:35,2905
2019-01-15 17:40,2920
2019-01-15 17:45,2903
2019-01-15 17:50,2925
2019-01-15 17:55,2945
2019-01-15 18:00,2950
2019-01-15 18:05,2952
2019-01-15 18:10,2953
2019-01-15 18:15,3004
2019-01-15 18:20,3009
2019-01-15 18:25,3028
2019-01-15 18:30,3033
2019-01-15 18:35,3082
2019-01-15 18:40,3066
2019-01-15 18:45,3071
2019-01-15 18:50,3087
2019-01-15 18:55,3097
2019-01-15 19:00,3096
2019-01-15 19:05,3060
2019-01-15 19:10,3070
2019-01-15 19:15,3077
2019-01-15 19:20,3082
2019-01-15 19:25,3073
2019-01-15 19:30,3053
2019-01-15 19:35,3070
2019-01-15 19:40,3081
2019-01-15 19:45,3076
2019-01-15 19:50,3104
2019-01-15 19:55,3102
2019-01-15 20:00,3069
2019-01-15 20:05,3064
2019-01-15 20:10,3062
2019-01-15 20:15,3093
2019-01-15 20:20,3101
2019-01-15 20:25,3129
2019-01-15 20:30,3136
2019-01-15 20:35,3135
2019-01-15 20:40,3111
2019-01-15 20:45,3100
2019-01-15 20:50,3087
2019-01-15 20:55,3084
2019-01-15 21:00,3104
2019-01-15 21:05,3052
2019-01-15 21:10,3034
2019-01-15 21:15,2994
2019-01-15 21:20,2981
2019-01-15 21:25,2938
2019-01-15 21:30,2897
2019-01-15 21:35,2887
2019-01-15 21:40,2865
2019-01-15 21:45,2845
2019-01-15 21:50,2812
2019-01-15 21:55,2754
2019-01-15 22:00,2766
2019-01-15 22:05,2725
2019-01-15 22:10,2698
2019-01-15 22:15,2664
2019-01-15 22:20,2629
2019-01-15 22:25,2600
2019-01-15 22:30,2558
2019-01-15 22:35,2515
2019-01-15 22:40,2496
2019-01-15 22:45,2451
2019-01-15 22:50,2430
2019-01-15 22:55,2399
2019-01-15 23:00,2366
2019-01-15 23:05,2366
2019-01-15 23:10,2336
2019-01-15 23:15,2337
2019-01-15 23:20,2337
2019-01-15 23:25,2320
2019-01-15 23:30,2296
2019-01-15 23:35,2275
2019-01-15 23:40,
2019-01-15 23:45,
2019-01-15 23:50,
2019-01-15 23:55,2213
2019-01-16 00:00,2234
2019-01-16 00:05,2205
2019-01-16 00:10,2212
2019-01-16 00:15,2205
2019-01-16 00:20,2209
2019-01-16 00:25,2196
2019-01-16 00:30,2168
2019-01-16 00:35,2183
2019-01-16 00:40,2196
2019-01-16 00:45,2176
2019-01-16 00:50,2161
2019-01-16 00:55,2124
2019-01-16 01:00,2134
2019-01-16 01:05,2141
2019-01-16 01:10,2122
2019-01-16 01:15,2128
2019-01-16 01:20,2124
2019-01-16 01:25,2103
2019-01-16 01:30,2101
2019-01-16 01:35,2090
2019-01-16 01:40,2110
2019-01-16 01:45,2098
2019-01-16 01:50,2089
2019-01-16 01:55,2078
2019-01-16 02:00,2078
2019-01-16 02:05,2062
2019-01-16 02:10,2038
2019-01-16 02:15,2014
2019-01-16 02:20,2005
2019-01-16 02:25,2001
2019-01-16 02:30,1974
2019-01-16 02:35,1964
2019-01-16 02:40,1962
2019-01-16 02:45,1947
2019-01-16 02:50,1936
2019-01-16 02:55,1930
2019-01-16 03:00,1917
2019-01-16 03:05,1894
2019-01-16 03:10,1888
2019-01-16 03:15,1867
2019-01-16 03:20,1852
2019-01-16 03:25,1834
2019-01-16 03:30,1803
2019-01-16 03:35,1768
2019-01-16 03:40,1756
2019-01-16 03:45,1742
2019-01-16 03:50,1718
2019-01-16 03:55,1727
2019-01-16 04:00,1711
2019-01-16 04:05,1683
2019-01-16 04:10,1669
2019-01-16 04:15,1640
2019-01-16 04:20,1641
2019-01-16 04:25,1640
2019-01-16 04:30,1645
2019-01-16 04:35,1621
2019-01-16 04:40,1615
2019-01-16 04:45,1594
2019-01-16 04:50,1577
2019-01-16 04:55,1553
2019-01-16 05:00,1534
2019-01-16 05:05,1502
2019-01-16 05:10,1485
2019-01-16 05:15,1473
2019-01-16 05:20,1452
2019-01-16 05:25,1443
2019-01-16 05:30,1428
2019-01-16 05:35,1428
2019-01-16 05:40,1427
2019-01-16 05:45,1411
2019-01-16 05:50,1407
2019-01-16 05:55,1406
2019-01-16 06:00,1404
2019-01-16 06:05,1388
2019-01-16 06:10,1374
2019-01-16 06:15,1366
2019-01-16 06:20,1355
2019-01-16 06:25,1350
2019-01-16 06:30,1328
2019-01-16 06:35,1322
2019-01-16 06:40,1319
2019-01-16 06:45,1320
2019-01-16 06:50,1302
2019-01-16 06:55,1309
2019-01-16 07:00,1314
2019-01-16 07:05,1317
2019-01-16 07:10,1316
2019-01-16 07:15,1290
2019-01-16 07:20,1303
2019-01-16 07:25,1303
2019-01-16 07:30,1302
2019-01-16 07:35,1294
2019-01-16 07:40,1312
2019-01-16 07:45,1316
2019-01-16 07:50,1319
2019-01-16 07:55,1334
2019-01-16 08:00,1325
2019-01-16 08:05,1335
2019-01-16 08:10,1328
2019-01-16 08:15,1341
2019-01-16 08:20,1349
2019-01-16 08:25,1351
2019-01-16 08:30,1350
2019-01-16 08:35,1355
2019-01-16 08:40,1353
2019-01-16 08:45,1384
2019-01-16 08:50,1387
2019-01-16 08:55,1395
2019-01-16 09:00,1399
2019-01-16 09:05,1415
2019-01-16 09:10,1418
2019-01-16 09:15,1420
2019-01-16 09:20,1438
2019-01-16 09:25,1441
2019-01-16 09:30,1448
2019-01-16 09:35,1452
2019-01-16 09:40,1452
2019-01-16 09:45,1463
2019-01-16 09:50,1471
2019-01-16 09:55,1496
2019-01-16 10:00,1532
2019-01-16 10:05,1553
2019-01-16 10:10,1568
2019-01-16 10:15,1563
2019-01-16 10:20,1593
2019-01-16 10:25,1606
2019-01-16 10:30,1616
2019-01-16 10:35,1632
2019-01-16 10:40,1666
2019-01-16 10:45,1680
2019-01-16 10:50,1697
2019-01-16 10:55,1711
2019-01-16 11:00,1706
2019-01-16 11:05,1700
2019-01-16 11:10,1710
2019-01-16 11:15,1722
2019-01-16 11:20,1728
2019-01-16 11:25,1744
2019-01-16 11:30,1775
2019-01-16 11:35,1791
2019-01-16 11:40,1791
2019-01-16 11:45,1819
2019-01-16 11:50,1839
2019-01-16 11:55,1857
2019-01-16 12:00,1872
2019-01-16 12:05,1869
2019-01-16 12:10,1862
2019-01-16 12:15,1878
2019-01-16 12:20,1905
2019-01-16 12:25,1933
2019-01-16 12:30,1930
2019-01-16 12:35,1919
2019-01-16 12:40,1949
2019-01-16 12:45,1979
2019-01-16 12:50,1981
2019-01-16 12:55,1996
2019-01-16 13:00,2015
2019-01-16 13:05,2025
2019-01-16 13:10,2037
2019-01-16 13:15,2053
2019-01-16 13:20,2062
2019-01-16 13:25,2100
2019-01-16 13:30,2119
2019-01-16 13:35,2151
2019-01-16 13:40,2154
2019-01-16 13:45,2179
2019-01-16 13:50,2199
2019-01-16 13:55,2198
2019-01-16 14:00,2193
2019-01-16 14:05,2185
2019-01-16 14:10,2205
2019-01-16 14:15,2186
2019-01-16 14:20,2209
2019-01-16 14:25,2230
2019-01-16 14:30,2257
2019-01-16 14:35,2252
2019-01-16 14:40,2277
2019-01-16 14:45,2294
2019-01-16 14:50,2292
2019-01-16 14:55,2303
2019-01-16 15:00,2291
2019-01-16 15:05,2325
2019-01-16 15:10,2338
2019-01-16 15:15,2346
2019-01-16 15:20,2386
2019-01-16 15:25,2407
2019-01-16 15:30,2423
2019-01-16 15:35,2462
2019-01-16 15:40,2471
2019-01-16 15:45,2476
2019-01-16 15:50,2514
2019-01-16 15:55,2523
2019-01-16 16:00,2532
2019-01-16 16:05,2562
2019-01-16 16:10,2585
2019-01-16 16:15,2602
2019-01-16 16:20,2606
2019-01-16 16:25,2641
2019-01-16 16:30,2656
2019-01-16 16:35,2692
2019-01-16 16:40,2712
2019-01-16 16:45,2747
2019-01-16 16:50,2774
2019-01-16 16:55,2790
2019-01-16 17:00,2804
2019-01-16 17:05,2801
2019-01-16 17:10,2838
2019-01-16 17:15,2870
2019-01-16 17:20,2892
2019-01-16 17:25,2924
2019-01-16 17:30,2959
2019-01-16 17:35,2948
2019-01-16 17:40,2949
2019-01-16 17:45,2973
2019-01-16 17:50,3006
2019-01-16 17:55,3033
2019-01-16 18:00,3028
2019-01-16 18:05,3042
2019-01-16 18:10,3037
2019-01-16 18:15,3017
2019-01-16 18:20,3024
2019-01-16 18:25,3051
2019-01-16 18:30,3066
2019-01-16 18:35,3087
2019-01-16 18:40,3087
2019-01-16 18:45,3100
2019-01-16 18:50,3134
2019-01-16 18:55,3147
2019-01-16 19:00,3140
2019-01-16 19:05,3143
2019-01-16 19:10,3123
2019-01-16 19:15,3119
2019-01-16 19:20,3145
2019-01-16 19:25,3131
2019-01-16 19:30,3127
2019-01-16 19:35,3127
2019-01-16 19:40,3144
2019-01-16 19:45,3151
2019-01-16 19:50,3176
2019-01-16 19:55,3157
2019-01-16 20:00,3182
2019-01-16 20:05,3145
2019-01-16 20:10,3144
2019-01-16 20:15,3139
2019-01-16 20:20,3140
2019-01-16 20:25,3143
2019-01-16 20:30,3125
2019-01-16 20:35,3138
2019-01-16 20:40,3128
2019-01-16 20:45,3095
2019-01-16 20:50,3104
2019-01-16 20:55,3079
2019-01-16 21:00,3063
2019-01-16 21:05,3047
2019-01-16 21:10,3003
2019-01-16 21:15,2945
2019-01-16 21:20,2908
2019-01-16 21:25,2883
2019-01-16 21:30,2872
2019-01-16 21:35,2846
2019-01-16 21:40,2867
2019-01-16 21:45,2801
2019-01-16 21:50,2764
2019-01-16 21:55,2727
2019-01-16 22:00,2729
2019-01-16 22:05,2686
2019-01-16 22:10,2694
2019-01-16 22:15,2686
2019-01-16 22:20,2656
2019-01-16 22:25,2639
2019-01-16 22:30,2596
2019-01-16 22:35,2568
2019-01-16 22:40,2545
2019-01-16 22:45,2512
2019-01-16 22:50,2493
2019-01-16 22:55,2482
2019-01-16 23:00,2462
2019-01-16 23:05,2417
2019-01-16 23:10,2391
2019-01-16 23:15,2360
2019-01-16 23:20,2349
2019-01-16 23:25,2321
2019-01-16 23:30,2285
2019-01-16 23:35,2297
2019-01-16 23:40,2273
2019-01-16 23:45,2237
2019-01-16 23:50,2223
2019-01-16 23:55,2200
2019-01-17 00:00,2176
2019-01-17 00:05,2156
2019-01-17 00:10,2139
2019-01-17 00:15,2136
2019-01-17 00:20,2103
2019-01-17 00:25,2071
2019-01-17 00:30,2083
2019-01-17 00:35,2085
2019-01-17 00:40,2090
2019-01-17 00:45,2065
2019-01-17 00:50,2065
2019-01-17 00:55,2058
2019-01-17 01:00,2038
2019-01-17 01:05,2006
2019-01-17 01:10,2002
2019-01-17 01:15,1988
2019-01-17 01:20,1980
2019-01-17 01:25,1965
2019-01-17 01:30,1944
2019-01-17 01:35,1961
2019-01-17 01:40,1935
2019-01-17 01:45,1937
2019-01-17 01:50,1948
2019-01-17 01:55,1942
2019-01-17 02:00,1928
2019-01-17 02:05,1908
2019-01-17 02:10,1907
2019-01-17 02:15,1890
2019-01-17 02:20,1894
2019-01-17 02:25,1872
2019-01-17 02:30,1861
2019-01-17 02:35,1840
2019-01-17 02:40,1822
2019-01-17 02:45,1796
2019-01-17 02:50,1791
2019-01-17 02:55,1778
2019-01-17 03:00,1757
2019-01-17 03:05,1736
2019-01-17 03:10,1711
2019-01-17 03:15,1709
2019-01-17 03:20,1695
2019-01-17 03:25,1676
2019-01-17 03:30,1638
2019-01-17 03:35,1642
2019-01-17 03:40,1637
2019-01-17 03:45,1616
2019-01-17 03:50,1586
2019-01-17 03:55,1558
2019-01-17 04:00,1549
2019-01-17 04:05,1546
2019-01-17 04:10,1527
2019-01-17 04:15,1509
2019-01-17 04:20,1507
2019-01-17 04:25,1522
2019-01-17 04:30,1518
2019-01-17 04:35,1495
2019-01-17 04:40,1474
2019-01-17 04:45,1469
2019-01-17 04:50,1461
2019-01-17 04:55,1444
2019-01-17 05:00,1429
2019-01-17 05:05,1384
2019-01-17 05:10,1374
2019-01-17 05:15,1366
2019-01-17 05:20,1366
2019-01-17 05:25,1361
2019-01-17 05:30,1344
2019-01-17 05:35,1351
2019-01-17 05:40,1332
2019-01-17 05:45,1315
2019-01-17 05:50,1305
2019-01-17 05:55,1302
2019-01-17 06:00,1310
2019-01-17 06:05,1288
2019-01-17 06:10,1278
2019-01-17 06:15,1248
2019-01-17 06:20,1245
2019-01-17 06:25,1246
2019-01-17 06:30,1254
2019-01-17 06:35,1250
2019-01-17 06:40,1250
2019-01-17 06:45,1257
2019-01-17 06:50,1259
2019-01-17 06:55,1259
2019-01-17 07:00,1272
2019-01-17 07:05,1264
2019-01-17 07:10,1250
2019-01-17 07:15,1255
2019-01-17 07:20,1239
2019-01-17 07:25,1222
2019-01-17 07:30,1225
2019-01-17 07:35,1230
2019-01-17 07:40,1232
2019-01-17 07:45,1224
2019-01-17 07:50,1230
2019-01-17 07:55,1227
2019-01-17 08:00,1251
2019-01-17 08:05,1245
2019-01-17 08:10,1237
2019-01-17 08:15,1245
2019-01-17 08:20,1254
2019-01-17 08:25,1265
2019-01-17 08:30,1267
2019-01-17 08:35,1253
2019-01-17 08:40,1257
2019-01-17 08:45,1258
2019-01-17 08:50,1277
2019-01-17 08:55,1291
2019-01-17 09:00,1300
2019-01-17 09:05,1299
2019-01-17 09:10,1314
2019-01-17 09:15,1335
2019-01-17 09:20,1333
2019-01-17 09:25,1340
2019-01-17 09:30,1338
2019-01-17 09:35,1359
2019-01-17 09:40,1385
2019-01-17 09:45,1401
2019-01-17 09:50,1409
2019-01-17 09:55,1420
2019-01-17 10:00,1452
2019-01-17 10:05,1479
2019-01-17 10:10,1491
2019-01-17 10:15,1501
2019-01-17 10:20,1510
2019-01-17 10:25,1513
2019-01-17 10:30,1532
2019-01-17 10:35,1546
2019-01-17 10:40,1563
2019-01-17 10:45,1560
2019-01-17 10:50,1586
2019-01-17 10:55,1599
2019-01-17 11:00,1613
2019-01-17 11:05,1611
2019-01-17 11:10,1639
2019-01-17 11:15,1643
2019-01-17 11:20,1646
2019-01-17 11:25,1662
2019-01-17 11:30,1670
2019-01-17 11:35,1702
2019-01-17 11:40,1733
2019-01-17 11:45,1751
2019-01-17 11:50,1768
2019-01-17 11:55,1774
2019-01-17 12:00,1790
2019-01-17 12:05,1792
2019-01-17 12:10,1816
2019-01-17 12:15,1817
2019-01-17 12:20,1832
2019-01-17 12:25,1844
2019-01-17 12:30,1854
2019-01-17 12:35,1885
2019-01-17 12:40,1878
2019-01-17 12:45,1872
2019-01-17 12:50,1886
2019-01-17 12:55,1890
2019-01-17 13:00,1913
2019-01-17 13:05,1937
2019-01-17 13:10,1954
2019-01-17 13:15,1973
2019-01-17 13:20,1982
2019-01-17 13:25,1974
2019-01-17 13:30,1983
2019-01-17 13:35,1991
2019-01-17 13:40,1994
2019-01-17 13:45,2027
2019-01-17 13:50,2035
2019-01-17 13:55,2022
2019-01-17 14:00,2051
2019-01-17 14:05,2058
2019-01-17 14:10,2063
2019-01-17 14:15,2067
2019-01-17 14:20,2048
2019-01-17 14:25,2064
2019-01-17 14:30,2047
2019-01-17 14:35,2056
2019-01-17 14:40,2072
2019-01-17 14:45,2067
2019-01-17 14:50,2042
2019-01-17 14:55,2006
2019-01-17 15:00,1884
2019-01-17 15:05,1639
2019-01-17 15:10,1239
2019-01-17 15:15,1208
2019-01-17 15:20,1228
2019-01-17 15:25,1231
2019-01-17 15:30,1268
2019-01-17 15:35,1281
2019-01-17 15:40,1297
2019-01-17 15:45,1290
2019-01-17 15:50,1296
2019-01-17 15:55,1320
2019-01-17 16:00,1354
2019-01-17 16:05,1380
2019-01-17 16:10,1417
2019-01-17 16:15,1522
2019-01-17 16:20,1646
2019-01-17 16:25,1760
2019-01-17 16:30,1867
2019-01-17 16:35,1998
2019-01-17 16:40,2098
2019-01-17 16:45,2213
2019-01-17 16:50,2276
2019-01-17 16:55,2371
2019-01-17 17:00,2453
2019-01-17 17:05,2517
2019-01-17 17:10,2609
2019-01-17 17:15,2670
2019-01-17 17:20,2726
2019-01-17 17:25,2773
2019-01-17 17:30,2837
2019-01-17 17:35,2878
2019-01-17 17:40,2903
2019-01-17 17:45,2948
2019-01-17 17:50,2999
2019-01-17 17:55,3044
2019-01-17 18:00,3075
2019-01-17 18:05,3098
2019-01-17 18:10,3110
2019-01-17 18:15,3142
2019-01-17 18:20,3161
2019-01-17 18:25,3169
2019-01-17 18:30,3153
2019-01-17 18:35,3171
2019-01-17 18:40,3179
2019-01-17 18:45,3204
2019-01-17 18:50,3188
2019-01-17 18:55,3195
2019-01-17 19:00,3166
2019-01-17 19:05,3182
2019-01-17 19:10,3164
2019-01-17 19:15,3210
2019-01-17 19:20,3185
2019-01-17 19:25,3212
2019-01-17 19:30,3199
2019-01-17 19:35,3210
2019-01-17 19:40,3220
2019-01-17 19:45,3225
2019-01-17 19:50,3222
2019-01-17 19:55,3258
2019-01-17 20:00,3231
2019-01-17 20:05,3229
2019-01-17 20:10,3211
2019-01-17 20:15,3197
2019-01-17 20:20,3178
2019-01-17 20:25,3148
2019-01-17 20:30,3118
2019-01-17 20:35,3124
2019-01-17 20:40,3147
2019-01-17 20:45,3136
2019-01-17 20:50,3117
2019-01-17 20:55,3125
2019-01-17 21:00,3121
2019-01-17 21:05,3075
2019-01-17 21:10,3070
2019-01-17 21:15,3055
2019-01-17 21:20,3015
2019-01-17 21:25,3036
2019-01-17 21:30,3006
2019-01-17 21:35,2964
2019-01-17 21:40,2980
2019-01-17 21:45,2934
2019-01-17 21:50,2901
2019-01-17 21:55,2884
2019-01-17 22:00,2859
2019-01-17 22:05,2864
2019-01-17 22:10,2824
2019-01-17 22:15,2758
2019-01-17 22:20,2709
2019-01-17 22:25,2666
2019-01-17 22:30,2608
2019-01-17 22:35,2577
2019-01-17 22:40,2581
2019-01-17 22:45,2585
2019-01-17 22:50,2547
2019-01-17 22:55,2523
2019-01-17 23:00,2506
2019-01-17 23:05,2461
2019-01-17 23:10,2450
2019-01-17 23:15,2436
2019-01-17 23:20,2393
2019-01-17 23:25,2379
2019-01-17 23:30,2384
2019-01-17 23:35,2393
2019-01-17 23:40,2392
2019-01-17 23:45,2373
2019-01-17 23:50,2353
2019-01-17 23:55,2325
2019-01-18 00:00,2305
2019-01-18 00:05,2288
2019-01-18 00:10,2274
2019-01-18 00:15,2272
2019-01-18 00:20,2273
2019-01-18 00:25,2268
2019-01-18 00:30,2261
2019-01-18 00:35,2268
2019-01-18 00:40,2246
2019-01-18 00:45,2229
2019-01-18 00:50,2185
2019-01-18 00:55,2149
2019-01-18 01:00,2140
2019-01-18 01:05,2115
2019-01-18 01:10,2105
2019-01-18 01:15,2084
2019-01-18 01:20,2089
2019-01-18 01:25,2096
2019-01-18 01:30,2117
2019-01-18 01:35,2096
2019-01-18 01:40,2099
2019-01-18 01:45,2004
2019-01-18 01:50,2069
2019-01-18 01:55,2065
2019-01-18 02:00,2053
2019-01-18 02:05,2056
2019-01-18 02:10,2057
2019-01-18 02:15,2055
2019-01-18 02:20,2043
2019-01-18 02:25,2017
2019-01-18 02:30,2007
2019-01-18 02:35,2011
2019-01-18 02:40,2015
2019-01-18 02:45,1979
2019-01-18 02:50,1944
2019-01-18 02:55,1920
2019-01-18 03:00,1921
2019-01-18 03:05,1915
2019-01-18 03:10,1908
2019-01-18 03:15,1877
2019-01-18 03:20,1843
2019-01-18 03:25,1832
2019-01-18 03:30,1829
2019-01-18 03:35,1802
2019-01-18 03:40,1802
2019-01-18 03:45,1795
2019-01-18 03:50,1780
2019-01-18 03:55,1778
2019-01-18 04:00,1778
2019-01-18 04:05,1743
2019-01-18 04:10,1715
2019-01-18 04:15,1671
2019-01-18 04:20,1641
2019-01-18 04:25,1629
2019-01-18 04:30,1620
2019-01-18 04:35,1613
2019-01-18 04:40,1588
2019-01-18 04:45,1579
2019-01-18 04:50,1567
2019-01-18 04:55,1573
2019-01-18 05:00,1553
2019-01-18 05:05,1552
2019-01-18 05:10,1554
2019-01-18 05:15,1539
2019-01-18 05:20,1523
2019-01-18 05:25,1497
2019-01-18 05:30,1473
2019-01-18 05:35,1471
2019-01-18 05:40,1466
2019-01-18 05:45,1442
2019-01-18 05:50,1441
2019-01-18 05:55,1427
2019-01-18 06:00,1418
2019-01-18 06:05,1399
2019-01-18 06:10,1386
2019-01-18 06:15,1378
2019-01-18 06:20,1385
2019-01-18 06:25,1411
2019-01-18 06:30,1404
2019-01-18 06:35,1388
2019-01-18 06:40,1393
2019-01-18 06:45,1387
2019-01-18 06:50,1376
2019-01-18 06:55,1386
2019-01-18 07:00,1378
2019-01-18 07:05,1385
2019-01-18 07:10,1360
2019-01-18 07:15,1366
2019-01-18 07:20,1359
2019-01-18 07:25,1372
2019-01-18 07:30,1380
2019-01-18 07:35,1369
2019-01-18 07:40,1379
2019-01-18 07:45,1392
2019-01-18 07:50,1396
2019-01-18 07:55,1388
2019-01-18 08:00,1407
2019-01-18 08:05,1388
2019-01-18 08:10,1400
2019-01-18 08:15,1392
2019-01-18 08:20,1391
2019-01-18 08:25,1397
2019-01-18 08:30,1399
2019-01-18 08:35,1417
2019-01-18 08:40,1420
2019-01-18 08:45,1432
2019-01-18 08:50,1448
2019-01-18 08:55,1453
2019-01-18 09:00,1447
2019-01-18 09:05,1457
2019-01-18 09:10,1462
2019-01-18 09:15,1480
2019-01-18 09:20,1469
2019-01-18 09:25,1482
2019-01-18 09:30,1489
2019-01-18 09:35,1487
2019-01-18 09:40,1502
2019-01-18 09:45,1517
2019-01-18 09:50,1521
2019-01-18 09:55,1524
2019-01-18 10:00,1549
2019-01-18 10:05,1572
2019-01-18 10:10,1583
2019-01-18 10:15,1592
2019-01-18 10:20,1621
2019-01-18 10:25,1623
2019-01-18 10:30,1651
2019-01-18 10:35,1654
2019-01-18 10:40,1671
2019-01-18 10:45,1705
2019-01-18 10:50,1721
2019-01-18 10:55,1742
2019-01-18 11:00,1755
2019-01-18 11:05,1752
2019-01-18 11:10,1744
2019-01-18 11:15,1766
2019-01-18 11:20,1771
2019-01-18 11:25,1789
2019-01-18 11:30,1791
2019-01-18 11:35,1821
2019-01-18 11:40,1845
2019-01-18 11:45,1870
2019-01-18 11:50,1907
2019-01-18 11:55,1918
2019-01-18 12:00,1932
2019-01-18 12:05,1915
2019-01-18 12:10,1910
2019-01-18 12:15,1943
2019-01-18 12:20,1934
2019-01-18 12:25,1942
2019-01-18 12:30,1973
2019-01-18 12:35,2010
2019-01-18 12:40,2022
2019-01-18 12:45,2056
2019-01-18 12:50,2085
2019-01-18 12:55,2095
2019-01-18 13:00,2137
2019-01-18 13:05,2155
2019-01-18 13:10,2158
2019-01-18 13:15,2194
2019-01-18 13:20,2199
2019-01-18 13:25,2192
2019-01-18 13:30,2210
2019-01-18 13:35,2209
2019-01-18 13:40,2211
2019-01-18 13:45,2247
2019-01-18 13:50,2269
2019-01-18 13:55,2262
2019-01-18 14:00,2285
2019-01-18 14:05,2305
2019-01-18 14:10,2326
2019-01-18 14:15,2337
2019-01-18 14:20,2377
2019-01-18 14:25,2411
2019-01-18 14:30,2438
2019-01-18 14:35,2445
2019-01-18 14:40,2434
2019-01-18 14:45,2458
2019-01-18 14:50,2471
2019-01-18 14:55,2481
2019-01-18 15:00,2484
2019-01-18 15:05,2493
2019-01-18 15:10,2502
2019-01-18 15:15,2503
2019-01-18 15:20,2516
2019-01-18 15:25,2528
2019-01-18 15:30,2557
2019-01-18 15:35,2585
2019-01-18 15:40,2593
2019-01-18 15:45,2610
2019-01-18 15:50,2625
2019-01-18 15:55,2639
2019-01-18 16:00,2674
2019-01-18 16:05,2690
2019-01-18 16:10,2706
2019-01-18 16:15,2749
2019-01-18 16:20,2772
2019-01-18 16:25,2794
2019-01-18 16:30,2800
2019-01-18 16:35,2819
2019-01-18 16:40,2838
2019-01-18 16:45,2838
2019-01-18 16:50,2870
2019-01-18 16:55,2863
2019-01-18 17:00,2853
2019-01-18 17:05,2870
2019-01-18 17:10,2851
2019-01-18 17:15,2877
2019-01-18 17:20,2881
2019-01-18 17:25,2894
2019-01-18 17:30,2929
2019-01-18 17:35,2946
2019-01-18 17:40,2956
2019-01-18 17:45,2960
2019-01-18 17:50,2986
2019-01-18 17:55,2993
2019-01-18 18:00,2989
2019-01-18 18:05,3003
2019-01-18 18:10,3029
2019-01-18 18:15,3050
2019-01-18 18:20,3049
2019-01-18 18:25,3059
2019-01-18 18:30,3032
2019-01-18 18:35,3056
2019-01-18 18:40,3054
2019-01-18 18:45,3076
2019-01-18 18:50,3064
2019-01-18 18:55,3078
2019-01-18 19:00,3085
2019-01-18 19:05,3084
2019-01-18 19:10,3075
2019-01-18 19:15,3095
2019-01-18 19:20,3095
2019-01-18 19:25,3120
2019-01-18 19:30,3130
2019-01-18 19:35,3125
2019-01-18 19:40,3154
2019-01-18 19:45,3139
2019-01-18 19:50,3155
2019-01-18 19:55,3140
2019-01-18 20:00,3159
2019-01-18 20:05,3160
2019-01-18 20:10,3170
2019-01-18 20:15,3129
2019-01-18 20:20,3138
2019-01-18 20:25,3172
2019-01-18 20:30,3165
2019-01-18 20:35,3180
2019-01-18 20:40,3182
2019-01-18 20:45,3173
2019-01-18 20:50,3199
2019-01-18 20:55,3193
2019-01-18 21:00,3197
2019-01-18 21:05,3166
2019-01-18 21:10,3138
2019-01-18 21:15,3130
2019-01-18 21:20,3122
2019-01-18 21:25,3124
2019-01-18 21:30,3113
2019-01-18 21:35,3094
2019-01-18 21:40,3077
2019-01-18 21:45,3062
2019-01-18 21:50,3070
2019-01-18 21:55,3063
2019-01-18 22:00,3040
2019-01-18 22:05,3015
2019-01-18 22:10,3008
2019-01-18 22:15,2984
2019-01-18 22:20,2949
2019-01-18 22:25,2955
2019-01-18 22:30,2918
2019-01-18 22:35,2895
2019-01-18 22:40,2896
2019-01-18 22:45,2860
2019-01-18 22:50,2827
2019-01-18 22:55,2804
2019-01-18 23:00,2769
2019-01-18 23:05,2722
2019-01-18 23:10,2705
2019-01-18 23:15,2661
2019-01-18 23:20,2627
2019-01-18 23:25,2570
2019-01-18 23:30,2567
2019-01-18 23:35,2555
2019-01-18 23:40,2527
2019-01-18 23:45,2527
2019-01-18 23:50,2516
2019-01-18 23:55,2498
2019-01-19 00:00,2464
2019-01-19 00:05,2449
2019-01-19 00:10,2416
2019-01-19 00:15,2405
2019-01-19 00:20,2369
2019-01-19 00:25,2327
2019-01-19 00:30,2306
2019-01-19 00:35,2306
2019-01-19 00:40,2272
2019-01-19 00:45,2258
2019-01-19 00:50,2250
2019-01-19 00:55,2238
2019-01-19 01:00,2237
2019-01-19 01:05,2221
2019-01-19 01:10,2222
2019-01-19 01:15,2214
2019-01-19 01:20,2226
2019-01-19 01:25,2207
2019-01-19 01:30,2212
2019-01-19 01:35,2208
2019-01-19 01:40,2194
2019-01-19 01:45,2186
2019-01-19 01:50,2189
2019-01-19 01:55,2186
2019-01-19 02:00,2161
2019-01-19 02:05,2147
2019-01-19 02:10,2140
2019-01-19 02:15,2126
2019-01-19 02:20,2103
2019-01-19 02:25,2090
2019-01-19 02:30,2109
2019-01-19 02:35,2107
2019-01-19 02:40,2117
2019-01-19 02:45,2104
2019-01-19 02:50,2095
2019-01-19 02:55,2089
2019-01-19 03:00,2073
2019-01-19 03:05,2032
2019-01-19 03:10,2021
2019-01-19 03:15,2001
2019-01-19 03:20,1996
2019-01-19 03:25,1986
2019-01-19 03:30,1988
2019-01-19 03:35,1980
2019-01-19 03:40,1982
2019-01-19 03:45,1971
2019-01-19 03:50,1958
2019-01-19 03:55,1945
2019-01-19 04:00,1927
2019-01-19 04:05,1903
2019-01-19 04:10,1896
2019-01-19 04:15,1855
2019-01-19 04:20,1839
2019-01-19 04:25,1822
2019-01-19 04:30,1815
2019-01-19 04:35,1797
2019-01-19 04:40,1794
2019-01-19 04:45,1789
2019-01-19 04:50,1768
2019-01-19 04:55,1750
2019-01-19 05:00,1755
2019-01-19 05:05,1739
2019-01-19 05:10,1713
2019-01-19 05:15,1706
2019-01-19 05:20,1706
2019-01-19 05:25,1692
2019-01-19 05:30,1659
2019-01-19 05:35,1647
2019-01-19 05:40,1637
2019-01-19 05:45,1643
2019-01-19 05:50,1637
2019-01-19 05:55,1622
2019-01-19 06:00,1626
2019-01-19 06:05,1625
2019-01-19 06:10,1600
2019-01-19 06:15,1600
2019-01-19 06:20,1586
2019-01-19 06:25,1578
2019-01-19 06:30,1575
2019-01-19 06:35,1582
2019-01-19 06:40,1594
2019-01-19 06:45,1598
2019-01-19 06:50,1601
2019-01-19 06:55,1599
2019-01-19 07:00,1599
2019-01-19 07:05,1603
2019-01-19 07:10,1585
2019-01-19 07:15,1587
2019-01-19 07:20,1619
2019-01-19 07:25,1620
2019-01-19 07:30,1637
2019-01-19 07:35,1641
2019-01-19 07:40,1660
2019-01-19 07:45,1652
2019-01-19 07:50,1679
2019-01-19 07:55,1686
2019-01-19 08:00,1681
2019-01-19 08:05,1712
2019-01-19 08:10,1717
2019-01-19 08:15,1732
2019-01-19 08:20,1738
2019-01-19 08:25,1725
2019-01-19 08:30,1740
2019-01-19 08:35,1762
2019-01-19 08:40,1771
2019-01-19 08:45,1791
2019-01-19 08:50,1793
2019-01-19 08:55,1808
2019-01-19 09:00,1806
2019-01-19 09:05,1830
2019-01-19 09:10,1844
2019-01-19 09:15,1858
2019-01-19 09:20,1899
2019-01-19 09:25,1911
2019-01-19 09:30,1938
2019-01-19 09:35,1961
2019-01-19 09:40,1965
2019-01-19 09:45,1974
2019-01-19 09:50,1980
2019-01-19 09:55,2004
2019-01-19 10:00,2040
2019-01-19 10:05,2050
2019-01-19 10:10,2057
2019-01-19 10:15,2093
2019-01-19 10:20,2129
2019-01-19 10:25,2147
2019-01-19 10:30,2145
2019-01-19 10:35,2167
2019-01-19 10:40,2188
2019-01-19 10:45,2229
2019-01-19 10:50,2249
2019-01-19 10:55,2316
2019-01-19 11:00,2334
2019-01-19 11:05,2353
2019-01-19 11:10,2384
2019-01-19 11:15,2400
2019-01-19 11:20,2418
2019-01-19 11:25,2453
2019-01-19 11:30,2475
2019-01-19 11:35,2490
2019-01-19 11:40,2521
2019-01-19 11:45,2540
2019-01-19 11:50,2541
2019-01-19 11:55,2558
2019-01-19 12:00,2564
2019-01-19 12:05,2583
2019-01-19 12:10,2578
2019-01-19 12:15,2581
2019-01-19 12:20,2597
2019-01-19 12:25,2610
2019-01-19 12:30,2614
2019-01-19 12:35,2647
2019-01-19 12:40,2665
2019-01-19 12:45,2706
2019-01-19 12:50,2746
2019-01-19 12:55,2755
2019-01-19 13:00,2774
2019-01-19 13:05,2777
2019-01-19 13:10,2797
2019-01-19 13:15,2806
2019-01-19 13:20,2814
2019-01-19 13:25,2870
2019-01-19 13:30,2876
2019-01-19 13:35,2922
2019-01-19 13:40,2941
2019-01-19 13:45,2978
2019-01-19 13:50,3009
2019-01-19 13:55,3015
2019-01-19 14:00,3037
2019-01-19 14:05,3049
2019-01-19 14:10,3066
2019-01-19 14:15,3060
2019-01-19 14:20,3085
2019-01-19 14:25,3076
2019-01-19 14:30,3066
2019-01-19 14:35,3088
2019-01-19 14:40,3101
2019-01-19 14:45,3129
2019-01-19 14:50,3126
2019-01-19 14:55,3139
2019-01-19 15:00,3170
2019-01-19 15:05,3200
2019-01-19 15:10,3230
2019-01-19 15:15,3255
2019-01-19 15:20,3272
2019-01-19 15:25,3294
2019-01-19 15:30,3314
2019-01-19 15:35,3344
2019-01-19 15:40,3351
2019-01-19 15:45,3351
2019-01-19 15:50,3351
2019-01-19 15:55,3341
2019-01-19 16:00,3340
2019-01-19 16:05,3359
2019-01-19 16:10,3365
2019-01-19 16:15,3393
2019-01-19 16:20,3369
2019-01-19 16:25,3389
2019-01-19 16:30,3365
2019-01-19 16:35,3384
2019-01-19 16:40,3394
2019-01-19 16:45,3428
2019-01-19 16:50,3459
2019-01-19 16:55,3465
2019-01-19 17:00,3508
2019-01-19 17:05,3508
2019-01-19 17:10,3529
2019-01-19 17:15,3545
2019-01-19 17:20,3563
2019-01-19 17:25,3558
2019-01-19 17:30,3550
2019-01-19 17:35,3578
2019-01-19 17:40,3601
2019-01-19 17:45,3626
2019-01-19 17:50,3631
2019-01-19 17:55,3626
2019-01-19 18:00,3618
2019-01-19 18:05,3616
2019-01-19 18:10,3625
2019-01-19 18:15,3647
2019-01-19 18:20,3641
2019-01-19 18:25,3627
2019-01-19 18:30,3630
2019-01-19 18:35,3660
2019-01-19 18:40,3650
2019-01-19 18:45,3650
2019-01-19 18:50,3645
2019-01-19 18:55,3630
2019-01-19 19:00,3633
2019-01-19 19:05,3615
2019-01-19 19:10,3600
2019-01-19 19:15,3620
2019-01-19 19:20,3649
2019-01-19 19:25,3637
2019-01-19 19:30,3663
2019-01-19 19:35,3652
2019-01-19 19:40,3660
2019-01-19 19:45,3671
2019-01-19 19:50,3684
2019-01-19 19:55,3697
2019-01-19 20:00,3719
2019-01-19 20:05,3686
2019-01-19 20:10,3707
2019-01-19 20:15,3734
2019-01-19 20:20,3720
2019-01-19 20:25,3723
2019-01-19 20:30,3714
2019-01-19 20:35,3740
2019-01-19 20:40,3748
2019-01-19 20:45,3762
2019-01-19 20:50,3746
2019-01-19 20:55,3746
2019-01-19 21:00,3718
2019-01-19 21:05,3695
2019-01-19 21:10,3683
2019-01-19 21:15,3663
2019-01-19 21:20,3671
2019-01-19 21:25,3632
2019-01-19 21:30,3611
2019-01-19 21:35,3581
2019-01-19 21:40,3573
2019-01-19 21:45,3531
2019-01-19 21:50,3529
2019-01-19 21:55,3491
2019-01-19 22:00,3504
2019-01-19 22:05,3482
2019-01-19 22:10,3429
2019-01-19 22:15,3431
2019-01-19 22:20,3409
2019-01-19 22:25,3400
2019-01-19 22:30,3370
2019-01-19 22:35,3336
2019-01-19 22:40,3275
2019-01-19 22:45,3250
2019-01-19 22:50,3242
2019-01-19 22:55,3215
2019-01-19 23:00,3218
2019-01-19 23:05,3175
2019-01-19 23:10,3160
2019-01-19 23:15,3107
2019-01-19 23:20,3064
2019-01-19 23:25,3046
2019-01-19 23:30,2997
2019-01-19 23:35,2950
2019-01-19 23:40,2897
2019-01-19 23:45,2847
2019-01-19 23:50,2823
2019-01-19 23:55,2805
2019-01-20 00:00,2793
2019-01-20 00:05,2760
2019-01-20 00:10,2750
2019-01-20 00:15,2742
2019-01-20 00:20,2740
2019-01-20 00:25,2687
2019-01-20 00:30,2659
2019-01-20 00:35,2625
2019-01-20 00:40,2610
2019-01-20 00:45,2601
2019-01-20 00:50,2584
2019-01-20 00:55,2576
2019-01-20 01:00,2565
2019-01-20 01:05,2568
2019-01-20 01:10,2570
2019-01-20 01:15,2546
2019-01-20 01:20,2510
2019-01-20 01:25,2515
2019-01-20 01:30,2487
2019-01-20 01:35,2495
2019-01-20 01:40,2486
2019-01-20 01:45,2496
2019-01-20 01:50,2471
2019-01-20 01:55,2430
2019-01-20 02:00,2397
2019-01-20 02:05,2369
2019-01-20 02:10,2352
2019-01-20 02:15,2332
2019-01-20 02:20,2319
2019-01-20 02:25,2304
2019-01-20 02:30,2299
2019-01-20 02:35,2287
2019-01-20 02:40,2285
2019-01-20 02:45,2279
2019-01-20 02:50,2256
2019-01-20 02:55,2248
2019-01-20 03:00,2247
2019-01-20 03:05,2225
2019-01-20 03:10,2202
2019-01-20 03:15,2195
2019-01-20 03:20,2185
2019-01-20 03:25,2192
2019-01-20 03:30,2166
2019-01-20 03:35,2157
2019-01-20 03:40,2135
2019-01-20 03:45,2139
2019-01-20 03:50,2134
2019-01-20 03:55,2124
2019-01-20 04:00,2132
2019-01-20 04:05,2119
2019-01-20 04:10,2089
2019-01-20 04:15,2085
2019-01-20 04:20,2058
2019-01-20 04:25,2028
2019-01-20 04:30,2007
2019-01-20 04:35,1975
2019-01-20 04:40,1974
2019-01-20 04:45,1954
2019-01-20 04:50,1962
2019-01-20 04:55,1947
2019-01-20 05:00,1935
2019-01-20 05:05,1938
2019-01-20 05:10,1886
2019-01-20 05:15,1876
2019-01-20 05:20,1864
2019-01-20 05:25,1866
2019-01-20 05:30,1863
2019-01-20 05:35,1847
2019-01-20 05:40,1837
2019-01-20 05:45,1836
2019-01-20 05:50,1824
2019-01-20 05:55,1787
2019-01-20 06:00,1757
2019-01-20 06:05,1748
2019-01-20 06:10,1761
2019-01-20 06:15,1753
2019-01-20 06:20,1752
2019-01-20 06:25,1755
2019-01-20 06:30,1718
2019-01-20 06:35,1718
2019-01-20 06:40,1709
2019-01-20 06:45,1717
2019-01-20 06:50,1710
2019-01-20 06:55,1698
2019-01-20 07:00,1694
2019-01-20 07:05,1690
2019-01-20 07:10,1717
2019-01-20 07:15,1728
2019-01-20 07:20,1715
2019-01-20 07:25,1720
2019-01-20 07:30,1704
2019-01-20 07:35,1711
2019-01-20 07:40,1723
2019-01-20 07:45,1720
2019-01-20 07:50,1744
2019-01-20 07:55,1769
2019-01-20 08:00,1776
2019-01-20 08:05,1771
2019-01-20 08:10,1792
2019-01-20 08:15,1819
2019-01-20 08:20,1847
2019-01-20 08:25,1850
2019-01-20 08:30,1874
2019-01-20 08:35,1907
2019-01-20 08:40,1926
2019-01-20 08:45,1936
2019-01-20 08:50,1948
2019-01-20 08:55,2004
2019-01-20 09:00,2003
2019-01-20 09:05,2058
2019-01-20 09:10,2091
2019-01-20 09:15,2111
2019-01-20 09:20,2135
2019-01-20 09:25,2151
2019-01-20 09:30,2177
2019-01-20 09:35,2168
2019-01-20 09:40,2187
2019-01-20 09:45,2215
2019-01-20 09:50,2217
2019-01-20 09:55,2246
2019-01-20 10:00,2270
2019-01-20 10:05,2341
2019-01-20 10:10,2353
2019-01-20 10:15,2373
2019-01-20 10:20,2404
2019-01-20 10:25,2466
2019-01-20 10:30,2485
2019-01-20 10:35,2504
2019-01-20 10:40,2545
2019-01-20 10:45,2603
2019-01-20 10:50,2616
2019-01-20 10:55,2628
2019-01-20 11:00,2641
2019-01-20 11:05,2666
2019-01-20 11:10,2656
2019-01-20 11:15,2692
2019-01-20 11:20,2690
2019-01-20 11:25,2700
2019-01-20 11:30,2740
2019-01-20 11:35,2752
2019-01-20 11:40,2757
2019-01-20 11:45,2783
2019-01-20 11:50,2800
2019-01-20 11:55,2804
2019-01-20 12:00,2823
2019-01-20 12:05,2855
2019-01-20 12:10,2844
2019-01-20 12:15,2846
2019-01-20 12:20,2855
2019-01-20 12:25,2875
2019-01-20 12:30,2890
2019-01-20 12:35,2927
2019-01-20 12:40,2958
2019-01-20 12:45,2975
2019-01-20 12:50,2981
2019-01-20 12:55,2996
2019-01-20 13:00,3001
2019-01-20 13:05,3039
2019-01-20 13:10,3045
2019-01-20 13:15,3055
2019-01-20 13:20,3073
2019-01-20 13:25,3087
2019-01-20 13:30,3083
2019-01-20 13:35,3086
2019-01-20 13:40,3092
2019-01-20 13:45,3115
2019-01-20 13:50,3114
2019-01-20 13:55,3148
2019-01-20 14:00,3179
2019-01-20 14:05,3186
2019-01-20 14:10,3198
2019-01-20 14:15,3192
2019-01-20 14:20,3209
2019-01-20 14:25,3204
2019-01-20 14:30,3226
2019-01-20 14:35,3228
2019-01-20 14:40,3269
2019-01-20 14:45,3277
2019-01-20 14:50,3304
2019-01-20 14:55,3310
2019-01-20 15:00,3359
2019-01-20 15:05,3371
2019-01-20 15:10,3391
2019-01-20 15:15,3419
2019-01-20 15:20,3451
2019-01-20 15:25,3476
2019-01-20 15:30,3497
2019-01-20 15:35,3502
2019-01-20 15:40,3572
2019-01-20 15:45,3611
2019-01-20 15:50,3604
2019-01-20 15:55,3600
2019-01-20 16:00,3623
2019-01-20 16:05,3657
2019-01-20 16:10,3689
2019-01-20 16:15,3704
2019-01-20 16:20,3702
2019-01-20 16:25,3720
2019-01-20 16:30,3741
2019-01-20 16:35,3776
2019-01-20 16:40,3812
2019-01-20 16:45,3821
2019-01-20 16:50,3821
2019-01-20 16:55,3789
2019-01-20 17:00,3811
2019-01-20 17:05,3841
2019-01-20 17:10,3858
2019-01-20 17:15,3885
2019-01-20 17:20,3895
2019-01-20 17:25,3897
2019-01-20 17:30,3893
2019-01-20 17:35,3893
2019-01-20 17:40,3902
2019-01-20 17:45,3920
2019-01-20 17:50,3914
2019-01-20 17:55,3909
2019-01-20 18:00,3896
2019-01-20 18:05,3883
2019-01-20 18:10,3911
2019-01-20 18:15,3917
2019-01-20 18:20,3934
2019-01-20 18:25,3946
2019-01-20 18:30,3946
2019-01-20 18:35,3965
2019-01-20 18:40,3975
2019-01-20 18:45,3950
2019-01-20 18:50,3934
2019-01-20 18:55,3915
2019-01-20 19:00,3920
2019-01-20 19:05,3907
2019-01-20 19:10,3907
2019-01-20 19:15,3887
2019-01-20 19:20,3871
2019-01-20 19:25,3870
2019-01-20 19:30,3840
2019-01-20 19:35,3855
2019-01-20 19:40,3851
2019-01-20 19:45,3822
2019-01-20 19:50,3834
2019-01-20 19:55,3816
2019-01-20 20:00,3800
2019-01-20 20:05,3758
2019-01-20 20:10,3748
2019-01-20 20:15,3739
2019-01-20 20:20,3753
2019-01-20 20:25,3722
2019-01-20 20:30,3742
2019-01-20 20:35,3708
2019-01-20 20:40,3699
2019-01-20 20:45,3702
2019-01-20 20:50,3711
2019-01-20 20:55,3683
2019-01-20 21:00,3665
2019-01-20 21:05,3631
2019-01-20 21:10,3587
2019-01-20 21:15,3587
2019-01-20 21:20,3575
2019-01-20 21:25,3531
2019-01-20 21:30,3448
2019-01-20 21:35,3440
2019-01-20 21:40,3398
2019-01-20 21:45,3389
2019-01-20 21:50,3372
2019-01-20 21:55,3321
2019-01-20 22:00,3316
2019-01-20 22:05,3265
2019-01-20 22:10,3228
2019-01-20 22:15,3195
2019-01-20 22:20,3153
2019-01-20 22:25,3106
2019-01-20 22:30,3085
2019-01-20 22:35,3045
2019-01-20 22:40,3018
2019-01-20 22:45,2987
2019-01-20 22:50,2954
2019-01-20 22:55,2906
2019-01-20 23:00,2891
2019-01-20 23:05,2860
2019-01-20 23:10,2841
2019-01-20 23:15,2804
2019-01-20 23:20,2753
2019-01-20 23:25,2751
2019-01-20 23:30,2731
2019-01-20 23:35,2694
2019-01-20 23:40,2658
2019-01-20 23:45,2617
2019-01-20 23:50,2586
2019-01-20 23:55,2570
2019-01-21 00:00,2537
2019-01-21 00:05,2487
2019-01-21 00:10,2484
2019-01-21 00:15,2467
2019-01-21 00:20,2448
2019-01-21 00:25,2423
2019-01-21 00:30,2400
2019-01-21 00:35,2394
2019-01-21 00:40,2365
2019-01-21 00:45,2357
2019-01-21 00:50,2345
2019-01-21 00:55,2342
2019-01-21 01:00,2347
2019-01-21 01:05,2332
2019-01-21 01:10,2341
2019-01-21 01:15,2341
2019-01-21 01:20,2316
2019-01-21 01:25,2296
2019-01-21 01:30,2267
2019-01-21 01:35,2259
2019-01-21 01:40,2246
2019-01-21 01:45,2224
2019-01-21 01:50,2212
2019-01-21 01:55,2187
2019-01-21 02:00,2174
2019-01-21 02:05,2192
2019-01-21 02:10,2192
2019-01-21 02:15,2170
2019-01-21 02:20,2170
2019-01-21 02:25,2145
2019-01-21 02:30,2124
2019-01-21 02:35,2110
2019-01-21 02:40,2084
2019-01-21 02:45,2083
2019-01-21 02:50,2064
2019-01-21 02:55,2053
2019-01-21 03:00,2042
2019-01-21 03:05,1998
2019-01-21 03:10,1977
2019-01-21 03:15,1961
2019-01-21 03:20,1953
2019-01-21 03:25,1958
2019-01-21 03:30,1957
2019-01-21 03:35,1948
2019-01-21 03:40,1948
2019-01-21 03:45,1941
2019-01-21 03:50,1950
2019-01-21 03:55,1923
2019-01-21 04:00,1901
2019-01-21 04:05,1882
2019-01-21 04:10,1896
2019-01-21 04:15,1878
2019-01-21 04:20,1869
2019-01-21 04:25,1849
2019-01-21 04:30,1822
2019-01-21 04:35,1805
2019-01-21 04:40,1779
2019-01-21 04:45,1758
2019-01-21 04:50,1751
2019-01-21 04:55,1738
2019-01-21 05:00,1724
2019-01-21 05:05,1708
2019-01-21 05:10,1690
2019-01-21 05:15,1669
2019-01-21 05:20,1667
2019-01-21 05:25,1664
2019-01-21 05:30,1654
2019-01-21 05:35,1651
2019-01-21 05:40,1639
2019-01-21 05:45,1620
2019-01-21 05:50,1598
2019-01-21 05:55,1602
2019-01-21 06:00,1599
2019-01-21 06:05,1600
2019-01-21 06:10,1582
2019-01-21 06:15,1576
2019-01-21 06:20,1559
2019-01-21 06:25,1543
2019-01-21 06:30,1532
2019-01-21 06:35,1529
2019-01-21 06:40,1520
2019-01-21 06:45,1514
2019-01-21 06:50,1501
2019-01-21 06:55,1491
2019-01-21 07:00,1505
2019-01-21 07:05,1503
2019-01-21 07:10,1482
2019-01-21 07:15,1468
2019-01-21 07:20,1446
2019-01-21 07:25,1441
2019-01-21 07:30,1455
2019-01-21 07:35,1439
2019-01-21 07:40,1447
2019-01-21 07:45,1455
2019-01-21 07:50,1463
2019-01-21 07:55,1468
2019-01-21 08:00,1484
2019-01-21 08:05,1475
2019-01-21 08:10,1464
2019-01-21 08:15,1458
2019-01-21 08:20,1464
2019-01-21 08:25,1474
2019-01-21 08:30,1483
2019-01-21 08:35,1492
2019-01-21 08:40,1499
2019-01-21 08:45,1498
2019-01-21 08:50,1493
2019-01-21 08:55,1491
2019-01-21 09:00,1499
2019-01-21 09:05,1499
2019-01-21 09:10,1509
2019-01-21 09:15,1514
2019-01-21 09:20,1527
2019-01-21 09:25,1533
2019-01-21 09:30,1550
2019-01-21 09:35,1571
2019-01-21 09:40,1589
2019-01-21 09:45,1609
2019-01-21 09:50,1646
2019-01-21 09:55,1639
2019-01-21 10:00,1673
2019-01-21 10:05,1710
2019-01-21 10:10,1755
2019-01-21 10:15,1755
2019-01-21 10:20,1770
2019-01-21 10:25,1789
2019-01-21 10:30,1809
2019-01-21 10:35,1820
2019-01-21 10:40,1834
2019-01-21 10:45,1841
2019-01-21 10:50,1856
2019-01-21 10:55,1859
2019-01-21 11:00,1863
2019-01-21 11:05,1847
2019-01-21 11:10,1860
2019-01-21 11:15,1861
2019-01-21 11:20,1880
2019-01-21 11:25,1914
2019-01-21 11:30,1919
2019-01-21 11:35,1930
2019-01-21 11:40,1946
2019-01-21 11:45,1983
2019-01-21 11:50,2006
2019-01-21 11:55,2024
2019-01-21 12:00,2027
2019-01-21 12:05,2005
2019-01-21 12:10,2002
2019-01-21 12:15,2010
2019-01-21 12:20,2005
2019-01-21 12:25,2022
2019-01-21 12:30,2033
2019-01-21 12:35,2050
2019-01-21 12:40,2056
2019-01-21 12:45,2068
2019-01-21 12:50,2107
2019-01-21 12:55,2130
2019-01-21 13:00,2146
2019-01-21 13:05,2165
2019-01-21 13:10,2193
2019-01-21 13:15,2206
2019-01-21 13:20,2208
2019-01-21 13:25,2242
2019-01-21 13:30,2258
2019-01-21 13:35,2269
2019-01-21 13:40,2288
2019-01-21 13:45,2315
2019-01-21 13:50,2317
2019-01-21 13:55,2333
2019-01-21 14:00,2337
2019-01-21 14:05,2343
2019-01-21 14:10,2378
2019-01-21 14:15,2397
2019-01-21 14:20,2417
2019-01-21 14:25,2451
2019-01-21 14:30,2485
2019-01-21 14:35,2513
2019-01-21 14:40,2546
2019-01-21 14:45,2546
2019-01-21 14:50,2545
2019-01-21 14:55,2541
2019-01-21 15:00,2555
2019-01-21 15:05,2564
2019-01-21 15:10,2547
2019-01-21 15:15,2575
2019-01-21 15:20,2596
2019-01-21 15:25,2635
2019-01-21 15:30,2635
2019-01-21 15:35,2638
2019-01-21 15:40,2657
2019-01-21 15:45,2699
2019-01-21 15:50,2723
2019-01-21 15:55,2746
2019-01-21 16:00,2753
2019-01-21 16:05,2767
2019-01-21 16:10,2824
2019-01-21 16:15,2861
2019-01-21 16:20,2888
2019-01-21 16:25,2907
2019-01-21 16:30,2952
2019-01-21 16:35,2973
2019-01-21 16:40,3012
2019-01-21 16:45,3035
2019-01-21 16:50,3062
2019-01-21 16:55,3082
2019-01-21 17:00,3129
2019-01-21 17:05,3132
2019-01-21 17:10,3156
2019-01-21 17:15,3180
2019-01-21 17:20,3206
2019-01-21 17:25,3184
2019-01-21 17:30,3197
2019-01-21 17:35,3222
2019-01-21 17:40,3225
2019-01-21 17:45,3241
2019-01-21 17:50,3261
2019-01-21 17:55,3251
2019-01-21 18:00,3261
2019-01-21 18:05,3276
2019-01-21 18:10,3276
2019-01-21 18:15,3260
2019-01-21 18:20,3291
2019-01-21 18:25,3327
2019-01-21 18:30,3354
2019-01-21 18:35,3358
2019-01-21 18:40,3367
2019-01-21 18:45,3356
2019-01-21 18:50,3362
2019-01-21 18:55,3369
2019-01-21 19:00,3364
2019-01-21 19:05,3375
2019-01-21 19:10,3380
2019-01-21 19:15,3356
2019-01-21 19:20,3384
2019-01-21 19:25,3418
2019-01-21 19:30,3436
2019-01-21 19:35,3440
2019-01-21 19:40,3463
2019-01-21 19:45,3459
2019-01-21 19:50,3467
2019-01-21 19:55,3466
2019-01-21 20:00,3470
2019-01-21 20:05,3456
2019-01-21 20:10,3439
2019-01-21 20:15,3432
2019-01-21 20:20,3466
2019-01-21 20:25,3457
2019-01-21 20:30,3433
2019-01-21 20:35,3433
2019-01-21 20:40,3439
2019-01-21 20:45,3430
2019-01-21 20:50,3412
2019-01-21 20:55,3377
2019-01-21 21:00,3394
2019-01-21 21:05,3362
2019-01-21 21:10,3373
2019-01-21 21:15,3348
2019-01-21 21:20,3328
2019-01-21 21:25,3291
2019-01-21 21:30,3252
2019-01-21 21:35,3216
2019-01-21 21:40,3199
2019-01-21 21:45,3153
2019-01-21 21:50,3105
2019-01-21 21:55,3090
2019-01-21 22:00,3071
2019-01-21 22:05,3043
2019-01-21 22:10,2983
2019-01-21 22:15,2959
2019-01-21 22:20,2933
2019-01-21 22:25,2903
2019-01-21 22:30,2878
2019-01-21 22:35,2844
2019-01-21 22:40,2821
2019-01-21 22:45,2781
2019-01-21 22:50,2720
2019-01-21 22:55,2688
2019-01-21 23:00,2666
2019-01-21 23:05,2644
2019-01-21 23:10,2625
2019-01-21 23:15,2611
2019-01-21 23:20,2608
2019-01-21 23:25,2582
2019-01-21 23:30,2572
2019-01-21 23:35,2538
2019-01-21 23:40,2508
2019-01-21 23:45,2472
2019-01-21 23:50,2442
2019-01-21 23:55,2433
2019-01-22 00:00,2427
2019-01-22 00:05,2400
2019-01-22 00:10,2409
2019-01-22 00:15,2394
2019-01-22 00:20,2390
2019-01-22 00:25,2376
2019-01-22 00:30,2345
2019-01-22 00:35,2325
2019-01-22 00:40,2313
2019-01-22 00:45,2310
2019-01-22 00:50,2283
2019-01-22 00:55,2301
2019-01-22 01:00,2295
2019-01-22 01:05,2266
2019-01-22 01:10,2256
2019-01-22 01:15,2232
2019-01-22 01:20,2232
2019-01-22 01:25,2232
2019-01-22 01:30,2232
2019-01-22 01:35,2232
2019-01-22 01:40,2232
2019-01-22 01:45,2232
2019-01-22 01:50,2232
2019-01-22 01:55,2070
2019-01-22 02:00,2057
2019-01-22 02:05,2057
2019-01-22 02:10,2056
2019-01-22 02:15,2031
2019-01-22 02:20,2020
2019-01-22 02:25,2008
2019-01-22 02:30,1999
2019-01-22 02:35,1991
2019-01-22 02:40,1978
2019-01-22 02:45,1970
2019-01-22 02:50,1948
2019-01-22 02:55,1920
2019-01-22 03:00,1914
2019-01-22 03:05,1883
2019-01-22 03:10,1875
2019-01-22 03:15,1863
2019-01-22 03:20,1855
2019-01-22 03:25,1858
2019-01-22 03:30,1855
2019-01-22 03:35,1849
2019-01-22 03:40,1809
2019-01-22 03:45,1765
2019-01-22 03:50,1717
2019-01-22 03:55,1703
2019-01-22 04:00,1684
2019-01-22 04:05,1659
2019-01-22 04:10,1634
2019-01-22 04:15,1611
2019-01-22 04:20,1614
2019-01-22 04:25,1577
2019-01-22 04:30,1561
2019-01-22 04:35,1546
2019-01-22 04:40,1537
2019-01-22 04:45,1517
2019-01-22 04:50,1495
2019-01-22 04:55,1493
2019-01-22 05:00,1475
2019-01-22 05:05,1472
2019-01-22 05:10,1444
2019-01-22 05:15,1423
2019-01-22 05:20,1391
2019-01-22 05:25,1385
2019-01-22 05:30,1353
2019-01-22 05:35,1348
2019-01-22 05:40,1351
2019-01-22 05:45,1338
2019-01-22 05:50,1329
2019-01-22 05:55,1315
2019-01-22 06:00,1336
2019-01-22 06:05,1318
2019-01-22 06:10,1312
2019-01-22 06:15,1316
2019-01-22 06:20,1310
2019-01-22 06:25,1309
2019-01-22 06:30,1306
2019-01-22 06:35,1303
2019-01-22 06:40,1288
2019-01-22 06:45,1270
2019-01-22 06:50,1258
2019-01-22 06:55,1247
2019-01-22 07:00,1231
2019-01-22 07:05,1217
2019-01-22 07:10,1212
2019-01-22 07:15,1211
2019-01-22 07:20,1215
2019-01-22 07:25,1215
2019-01-22 07:30,1212
2019-01-22 07:35,1215
2019-01-22 07:40,1217
2019-01-22 07:45,1225
2019-01-22 07:50,1241
2019-01-22 07:55,1247
2019-01-22 08:00,1252
2019-01-22 08:05,1249
2019-01-22 08:10,1250
2019-01-22 08:15,1260
2019-01-22 08:20,1273
2019-01-22 08:25,1290
2019-01-22 08:30,1302
2019-01-22 08:35,1303
2019-01-22 08:40,1307
2019-01-22 08:45,1321
2019-01-22 08:50,1327
2019-01-22 08:55,1346
2019-01-22 09:00,1362
2019-01-22 09:05,1369
2019-01-22 09:10,1387
2019-01-22 09:15,1385
2019-01-22 09:20,1409
2019-01-22 09:25,1417
2019-01-22 09:30,1426
2019-01-22 09:35,1423
2019-01-22 09:40,1431
2019-01-22 09:45,1450
2019-01-22 09:50,1463
2019-01-22 09:55,1473
2019-01-22 10:00,1505
2019-01-22 10:05,1526
2019-01-22 10:10,1550
2019-01-22 10:15,1578
2019-01-22 10:20,1595
2019-01-22 10:25,1625
2019-01-22 10:30,1632
2019-01-22 10:35,1626
2019-01-22 10:40,1654
2019-01-22 10:45,1668
2019-01-22 10:50,1672
2019-01-22 10:55,1691
2019-01-22 11:00,1696
2019-01-22 11:05,1700
2019-01-22 11:10,1714
2019-01-22 11:15,1713
2019-01-22 11:20,1748
2019-01-22 11:25,1772
2019-01-22 11:30,1769
2019-01-22 11:35,1799
2019-01-22 11:40,1812
2019-01-22 11:45,1821
2019-01-22 11:50,1830
2019-01-22 11:55,1834
2019-01-22 12:00,1832
2019-01-22 12:05,1854
2019-01-22 12:10,1873
2019-01-22 12:15,1869
2019-01-22 12:20,1884
2019-01-22 12:25,1893
2019-01-22 12:30,1901
2019-01-22 12:35,1924
2019-01-22 12:40,1933
2019-01-22 12:45,1950
2019-01-22 12:50,1945
2019-01-22 12:55,1955
2019-01-22 13:00,1970
2019-01-22 13:05,1975
2019-01-22 13:10,1982
2019-01-22 13:15,2013
2019-01-22 13:20,2024
2019-01-22 13:25,2034
2019-01-22 13:30,2053
2019-01-22 13:35,2058
2019-01-22 13:40,2049
2019-01-22 13:45,2063
2019-01-22 13:50,2091
2019-01-22 13:55,2120
2019-01-22 14:00,2144
2019-01-22 14:05,2186
2019-01-22 14:10,2206
2019-01-22 14:15,2230
2019-01-22 14:20,2242
2019-01-22 14:25,2281
2019-01-22 14:30,2289
2019-01-22 14:35,2292
2019-01-22 14:40,2325
2019-01-22 14:45,2316
2019-01-22 14:50,2333
2019-01-22 14:55,2338
2019-01-22 15:00,2354
2019-01-22 15:05,2370
2019-01-22 15:10,2389
2019-01-22 15:15,2383
2019-01-22 15:20,2390
2019-01-22 15:25,2438
2019-01-22 15:30,2454
2019-01-22 15:35,2497
2019-01-22 15:40,2499
2019-01-22 15:45,2520
2019-01-22 15:50,2535
2019-01-22 15:55,2549
2019-01-22 16:00,2565
2019-01-22 16:05,2592
2019-01-22 16:10,2614
2019-01-22 16:15,2620
2019-01-22 16:20,2635
2019-01-22 16:25,2673
2019-01-22 16:30,2712
2019-01-22 16:35,2727
2019-01-22 16:40,2747
2019-01-22 16:45,2783
2019-01-22 16:50,2786
2019-01-22 16:55,2810
2019-01-22 17:00,2838
2019-01-22 17:05,2862
2019-01-22 17:10,2888
2019-01-22 17:15,2914
2019-01-22 17:20,2919
2019-01-22 17:25,2948
2019-01-22 17:30,2966
2019-01-22 17:35,2976
2019-01-22 17:40,3016
2019-01-22 17:45,3001
2019-01-22 17:50,3023
2019-01-22 17:55,3057
2019-01-22 18:00,3022
2019-01-22 18:05,3028
2019-01-22 18:10,3041
2019-01-22 18:15,3056
2019-01-22 18:20,3044
2019-01-22 18:25,3073
2019-01-22 18:30,3095
2019-01-22 18:35,3101
2019-01-22 18:40,3125
2019-01-22 18:45,3160
2019-01-22 18:50,3148
2019-01-22 18:55,3194
2019-01-22 19:00,3193
2019-01-22 19:05,3198
2019-01-22 19:10,3212
2019-01-22 19:15,3241
2019-01-22 19:20,3224
2019-01-22 19:25,3231
2019-01-22 19:30,3235
2019-01-22 19:35,3213
2019-01-22 19:40,3204
2019-01-22 19:45,3205
2019-01-22 19:50,3239
2019-01-22 19:55,3269
2019-01-22 20:00,3269
2019-01-22 20:05,3240
2019-01-22 20:10,3231
2019-01-22 20:15,3233
2019-01-22 20:20,3223
2019-01-22 20:25,3211
2019-01-22 20:30,3202
2019-01-22 20:35,3181
2019-01-22 20:40,3167
2019-01-22 20:45,3132
2019-01-22 20:50,3118
2019-01-22 20:55,3075
2019-01-22 21:00,3070
2019-01-22 21:05,3042
2019-01-22 21:10,3011
2019-01-22 21:15,2965
2019-01-22 21:20,2913
2019-01-22 21:25,2878
2019-01-22 21:30,2862
2019-01-22 21:35,2831
2019-01-22 21:40,2791
2019-01-22 21:45,2764
2019-01-22 21:50,2776
2019-01-22 21:55,2751
2019-01-22 22:00,2721
2019-01-22 22:05,2672
2019-01-22 22:10,2637
2019-01-22 22:15,2615
2019-01-22 22:20,2586
2019-01-22 22:25,2559
2019-01-22 22:30,2529
2019-01-22 22:35,2520
2019-01-22 22:40,2477
2019-01-22 22:45,2459
2019-01-22 22:50,2409
2019-01-22 22:55,2404
2019-01-22 23:00,2390
2019-01-22 23:05,2349
2019-01-22 23:10,2333
2019-01-22 23:15,2308
2019-01-22 23:20,2291
2019-01-22 23:25,2266
2019-01-22 23:30,2244
2019-01-22 23:35,2226
2019-01-22 23:40,
2019-01-22 23:45,
2019-01-22 23:50,
2019-01-22 23:55,2131
2019-01-23 00:00,2196
2019-01-23 00:05,2189
2019-01-23 00:10,2188
2019-01-23 00:15,2191
2019-01-23 00:20,2170
2019-01-23 00:25,2137
2019-01-23 00:30,2121
2019-01-23 00:35,2100
2019-01-23 00:40,2099
2019-01-23 00:45,
2019-01-23 00:50,
2019-01-23 00:55,
2019-01-23 01:00,
2019-01-23 01:05,
2019-01-23 01:10,
2019-01-23 01:15,
2019-01-23 01:20,
2019-01-23 01:25,
2019-01-23 01:30,
2019-01-23 01:35,2042
2019-01-23 01:40,2044
2019-01-23 01:45,2036
2019-01-23 01:50,2034
2019-01-23 01:55,2037
2019-01-23 02:00,2017
2019-01-23 02:05,2008
2019-01-23 02:10,1996
2019-01-23 02:15,1970
2019-01-23 02:20,1967
2019-01-23 02:25,1985
2019-01-23 02:30,1959
2019-01-23 02:35,1935
2019-01-23 02:40,1922
2019-01-23 02:45,1910
2019-01-23 02:50,1909
2019-01-23 02:55,1891
2019-01-23 03:00,1877
2019-01-23 03:05,1872
2019-01-23 03:10,1851
2019-01-23 03:15,1842
2019-01-23 03:20,1831
2019-01-23 03:25,1818
2019-01-23 03:30,1791
2019-01-23 03:35,1778
2019-01-23 03:40,1748
2019-01-23 03:45,1731
2019-01-23 03:50,1704
2019-01-23 03:55,1690
2019-01-23 04:00,1665
2019-01-23 04:05,1644
2019-01-23 04:10,1626
2019-01-23 04:15,1595
2019-01-23 04:20,1575
2019-01-23 04:25,1558
2019-01-23 04:30,1537
2019-01-23 04:35,1528
2019-01-23 04:40,1517
2019-01-23 04:45,1513
2019-01-23 04:50,1504
2019-01-23 04:55,1499
2019-01-23 05:00,1462
2019-01-23 05:05,1446
2019-01-23 05:10,1432
2019-01-23 05:15,1426
2019-01-23 05:20,1418
2019-01-23 05:25,1411
2019-01-23 05:30,1394
2019-01-23 05:35,1390
2019-01-23 05:40,1405
2019-01-23 05:45,1415
2019-01-23 05:50,1387
2019-01-23 05:55,1379
2019-01-23 06:00,1366
2019-01-23 06:05,1346
2019-01-23 06:10,1345
2019-01-23 06:15,1338
2019-01-23 06:20,1331
2019-01-23 06:25,1319
2019-01-23 06:30,1310
2019-01-23 06:35,1309
2019-01-23 06:40,1294
2019-01-23 06:45,1276
2019-01-23 06:50,1272
2019-01-23 06:55,1256
2019-01-23 07:00,1255
2019-01-23 07:05,1245
2019-01-23 07:10,1269
2019-01-23 07:15,1279
2019-01-23 07:20,1281
2019-01-23 07:25,1273
2019-01-23 07:30,1276
2019-01-23 07:35,1283
2019-01-23 07:40,1303
2019-01-23 07:45,1321
2019-01-23 07:50,1318
2019-01-23 07:55,1308
2019-01-23 08:00,1306
2019-01-23 08:05,1305
2019-01-23 08:10,1296
2019-01-23 08:15,1312
2019-01-23 08:20,1326
2019-01-23 08:25,1334
2019-01-23 08:30,1351
2019-01-23 08:35,1361
2019-01-23 08:40,1355
2019-01-23 08:45,1342
2019-01-23 08:50,1363
2019-01-23 08:55,1370
2019-01-23 09:00,1373
2019-01-23 09:05,1397
2019-01-23 09:10,1391
2019-01-23 09:15,1405
2019-01-23 09:20,1420
2019-01-23 09:25,1457
2019-01-23 09:30,1457
2019-01-23 09:35,1457
2019-01-23 09:40,1451
2019-01-23 09:45,1473
2019-01-23 09:50,1491
2019-01-23 09:55,1504
2019-01-23 10:00,1514
2019-01-23 10:05,1544
2019-01-23 10:10,1565
2019-01-23 10:15,1598
2019-01-23 10:20,1630
2019-01-23 10:25,1655
2019-01-23 10:30,1648
2019-01-23 10:35,1673
2019-01-23 10:40,1678
2019-01-23 10:45,1689
2019-01-23 10:50,1713
2019-01-23 10:55,1728
2019-01-23 11:00,1756
2019-01-23 11:05,1749
2019-01-23 11:10,1757
2019-01-23 11:15,1756
2019-01-23 11:20,1761
2019-01-23 11:25,1758
2019-01-23 11:30,1779
2019-01-23 11:35,1794
2019-01-23 11:40,1805
2019-01-23 11:45,1830
2019-01-23 11:50,1836
2019-01-23 11:55,1870
2019-01-23 12:00,1880
2019-01-23 12:05,1909
2019-01-23 12:10,1899
2019-01-23 12:15,1914
2019-01-23 12:20,1925
2019-01-23 12:25,1947
2019-01-23 12:30,1961
2019-01-23 12:35,1938
2019-01-23 12:40,1965
2019-01-23 12:45,1975
2019-01-23 12:50,1971
2019-01-23 12:55,1960
2019-01-23 13:00,1983
2019-01-23 13:05,1997
2019-01-23 13:10,2013
2019-01-23 13:15,2033
2019-01-23 13:20,2039
2019-01-23 13:25,2026
2019-01-23 13:30,2057
2019-01-23 13:35,2071
2019-01-23 13:40,2100
2019-01-23 13:45,2109
2019-01-23 13:50,2114
2019-01-23 13:55,2142
2019-01-23 14:00,2151
2019-01-23 14:05,2169
2019-01-23 14:10,2210
2019-01-23 14:15,2209
2019-01-23 14:20,2206
2019-01-23 14:25,2256
2019-01-23 14:30,2244
2019-01-23 14:35,2263
2019-01-23 14:40,2272
2019-01-23 14:45,2276
2019-01-23 14:50,2304
2019-01-23 14:55,2324
2019-01-23 15:00,2341
2019-01-23 15:05,2337
2019-01-23 15:10,2367
2019-01-23 15:15,2381
2019-01-23 15:20,2378
2019-01-23 15:25,2436
2019-01-23 15:30,2452
2019-01-23 15:35,2475
2019-01-23 15:40,2514
2019-01-23 15:45,2523
2019-01-23 15:50,2559
2019-01-23 15:55,2581
2019-01-23 16:00,2581
2019-01-23 16:05,2592
2019-01-23 16:10,2604
2019-01-23 16:15,2635
2019-01-23 16:20,2634
2019-01-23 16:25,2673
2019-01-23 16:30,2675
2019-01-23 16:35,2723
2019-01-23 16:40,2742
2019-01-23 16:45,2768
2019-01-23 16:50,2808
2019-01-23 16:55,2802
2019-01-23 17:00,2808
2019-01-23 17:05,2845
2019-01-23 17:10,2867
2019-01-23 17:15,2881
2019-01-23 17:20,2904
2019-01-23 17:25,2922
2019-01-23 17:30,2936
2019-01-23 17:35,2976
2019-01-23 17:40,2978
2019-01-23 17:45,3009
2019-01-23 17:50,3053
2019-01-23 17:55,3043
2019-01-23 18:00,3042
2019-01-23 18:05,3066
2019-01-23 18:10,3065
2019-01-23 18:15,3051
2019-01-23 18:20,3066
2019-01-23 18:25,3072
2019-01-23 18:30,3055
2019-01-23 18:35,3091
2019-01-23 18:40,3088
2019-01-23 18:45,3112
2019-01-23 18:50,3089
2019-01-23 18:55,3067
2019-01-23 19:00,3057
2019-01-23 19:05,3051
2019-01-23 19:10,3040
2019-01-23 19:15,3025
2019-01-23 19:20,3042
2019-01-23 19:25,3042
2019-01-23 19:30,3031
2019-01-23 19:35,3029
2019-01-23 19:40,2985
2019-01-23 19:45,2993
2019-01-23 19:50,3004
2019-01-23 19:55,3038
2019-01-23 20:00,3063
2019-01-23 20:05,3064
2019-01-23 20:10,3068
2019-01-23 20:15,3039
2019-01-23 20:20,3051
2019-01-23 20:25,3085
2019-01-23 20:30,3069
2019-01-23 20:35,3073
2019-01-23 20:40,3061
2019-01-23 20:45,3039
2019-01-23 20:50,3038
2019-01-23 20:55,3042
2019-01-23 21:00,3026
2019-01-23 21:05,2993
2019-01-23 21:10,2997
2019-01-23 21:15,2986
2019-01-23 21:20,2957
2019-01-23 21:25,2949
2019-01-23 21:30,2912
2019-01-23 21:35,2861
2019-01-23 21:40,2851
2019-01-23 21:45,2826
2019-01-23 21:50,2806
2019-01-23 21:55,2760
2019-01-23 22:00,2774
2019-01-23 22:05,2746
2019-01-23 22:10,2746
2019-01-23 22:15,2721
2019-01-23 22:20,2723
2019-01-23 22:25,2666
2019-01-23 22:30,2650
2019-01-23 22:35,2618
2019-01-23 22:40,2594
2019-01-23 22:45,2605
2019-01-23 22:50,2568
2019-01-23 22:55,2535
2019-01-23 23:00,2499
2019-01-23 23:05,2431
2019-01-23 23:10,2413
2019-01-23 23:15,2382
2019-01-23 23:20,2344
2019-01-23 23:25,2321
2019-01-23 23:30,2285
2019-01-23 23:35,2283
2019-01-23 23:40,2284
2019-01-23 23:45,2266
2019-01-23 23:50,2240
2019-01-23 23:55,2210
2019-01-24 00:00,2202
2019-01-24 00:05,2183
2019-01-24 00:10,2162
2019-01-24 00:15,2132
2019-01-24 00:20,2115
2019-01-24 00:25,2102
2019-01-24 00:30,2095
2019-01-24 00:35,2096
2019-01-24 00:40,2091
2019-01-24 00:45,2074
2019-01-24 00:50,2065
2019-01-24 00:55,2076
2019-01-24 01:00,2068
2019-01-24 01:05,2056
2019-01-24 01:10,2032
2019-01-24 01:15,2021
2019-01-24 01:20,1971
2019-01-24 01:25,1977
2019-01-24 01:30,1965
2019-01-24 01:35,1969
2019-01-24 01:40,1962
2019-01-24 01:45,1954
2019-01-24 01:50,1960
2019-01-24 01:55,1948
2019-01-24 02:00,1933
2019-01-24 02:05,1931
2019-01-24 02:10,1924
2019-01-24 02:15,1906
2019-01-24 02:20,1887
2019-01-24 02:25,1858
2019-01-24 02:30,1877
2019-01-24 02:35,1884
2019-01-24 02:40,1862
2019-01-24 02:45,1843
2019-01-24 02:50,1841
2019-01-24 02:55,1825
2019-01-24 03:00,1820
2019-01-24 03:05,1799
2019-01-24 03:10,1795
2019-01-24 03:15,1775
2019-01-24 03:20,1751
2019-01-24 03:25,1716
2019-01-24 03:30,1707
2019-01-24 03:35,1686
2019-01-24 03:40,1666
2019-01-24 03:45,1661
2019-01-24 03:50,1680
2019-01-24 03:55,1649
2019-01-24 04:00,1636
2019-01-24 04:05,1602
2019-01-24 04:10,1590
2019-01-24 04:15,1587
2019-01-24 04:20,1547
2019-01-24 04:25,1546
2019-01-24 04:30,1543
2019-01-24 04:35,1523
2019-01-24 04:40,1518
2019-01-24 04:45,1503
2019-01-24 04:50,1507
2019-01-24 04:55,1494
2019-01-24 05:00,1484
2019-01-24 05:05,1469
2019-01-24 05:10,1461
2019-01-24 05:15,1433
2019-01-24 05:20,1430
2019-01-24 05:25,1414
2019-01-24 05:30,1406
2019-01-24 05:35,1378
2019-01-24 05:40,1365
2019-01-24 05:45,1356
2019-01-24 05:50,1350
2019-01-24 05:55,1345
2019-01-24 06:00,1346
2019-01-24 06:05,1327
2019-01-24 06:10,1321
2019-01-24 06:15,1305
2019-01-24 06:20,1290
2019-01-24 06:25,1283
2019-01-24 06:30,1277
2019-01-24 06:35,1248
2019-01-24 06:40,1238
2019-01-24 06:45,1245
2019-01-24 06:50,1236
2019-01-24 06:55,1238
2019-01-24 07:00,1232
2019-01-24 07:05,1230
2019-01-24 07:10,1221
2019-01-24 07:15,1221
2019-01-24 07:20,1239
2019-01-24 07:25,1244
2019-01-24 07:30,1241
2019-01-24 07:35,1245
2019-01-24 07:40,1228
2019-01-24 07:45,1218
2019-01-24 07:50,1224
2019-01-24 07:55,1232
2019-01-24 08:00,1232
2019-01-24 08:05,1245
2019-01-24 08:10,1260
2019-01-24 08:15,1271
2019-01-24 08:20,1269
2019-01-24 08:25,1272
2019-01-24 08:30,1280
2019-01-24 08:35,1267
2019-01-24 08:40,1282
2019-01-24 08:45,1285
2019-01-24 08:50,1293
2019-01-24 08:55,1307
2019-01-24 09:00,1314
2019-01-24 09:05,1302
2019-01-24 09:10,1325
2019-01-24 09:15,1344
2019-01-24 09:20,1346
2019-01-24 09:25,1353
2019-01-24 09:30,1377
2019-01-24 09:35,1377
2019-01-24 09:40,1390
2019-01-24 09:45,1390
2019-01-24 09:50,1424
2019-01-24 09:55,1463
2019-01-24 10:00,1472
2019-01-24 10:05,1499
2019-01-24 10:10,1525
2019-01-24 10:15,1539
2019-01-24 10:20,1549
2019-01-24 10:25,1571
2019-01-24 10:30,1578
2019-01-24 10:35,1582
2019-01-24 10:40,1589
2019-01-24 10:45,1589
2019-01-24 10:50,1604
2019-01-24 10:55,1618
2019-01-24 11:00,1639
2019-01-24 11:05,1650
2019-01-24 11:10,1645
2019-01-24 11:15,1631
2019-01-24 11:20,1634
2019-01-24 11:25,1643
2019-01-24 11:30,1661
2019-01-24 11:35,1679
2019-01-24 11:40,1691
2019-01-24 11:45,1693
2019-01-24 11:50,1714
2019-01-24 11:55,1726
2019-01-24 12:00,1755
2019-01-24 12:05,1778
2019-01-24 12:10,1804
2019-01-24 12:15,1804
2019-01-24 12:20,1817
2019-01-24 12:25,1830
2019-01-24 12:30,1847
2019-01-24 12:35,1869
2019-01-24 12:40,1904
2019-01-24 12:45,1912
2019-01-24 12:50,1933
2019-01-24 12:55,1951
2019-01-24 13:00,1958
2019-01-24 13:05,1965
2019-01-24 13:10,1986
2019-01-24 13:15,1991
2019-01-24 13:20,1999
2019-01-24 13:25,2003
2019-01-24 13:30,2031
2019-01-24 13:35,2043
2019-01-24 13:40,2064
2019-01-24 13:45,2083
2019-01-24 13:50,2055
2019-01-24 13:55,2099
2019-01-24 14:00,2102
2019-01-24 14:05,2111
2019-01-24 14:10,2124
2019-01-24 14:15,2126
2019-01-24 14:20,2133
2019-01-24 14:25,2148
2019-01-24 14:30,2158
2019-01-24 14:35,2139
2019-01-24 14:40,2130
2019-01-24 14:45,2098
2019-01-24 14:50,2088
2019-01-24 14:55,2036
2019-01-24 15:00,1943
2019-01-24 15:05,1397
2019-01-24 15:10,1284
2019-01-24 15:15,1251
2019-01-24 15:20,1238
2019-01-24 15:25,1260
2019-01-24 15:30,1255
2019-01-24 15:35,1268
2019-01-24 15:40,1291
2019-01-24 15:45,1268
2019-01-24 15:50,1287
2019-01-24 15:55,1307
2019-01-24 16:00,1308
2019-01-24 16:05,1344
2019-01-24 16:10,1418
2019-01-24 16:15,1542
2019-01-24 16:20,1652
2019-01-24 16:25,1748
2019-01-24 16:30,1856
2019-01-24 16:35,1959
2019-01-24 16:40,2041
2019-01-24 16:45,2141
2019-01-24 16:50,2221
2019-01-24 16:55,2302
2019-01-24 17:00,2385
2019-01-24 17:05,2471
2019-01-24 17:10,2578
2019-01-24 17:15,2674
2019-01-24 17:20,2734
2019-01-24 17:25,2766
2019-01-24 17:30,2832
2019-01-24 17:35,2875
2019-01-24 17:40,2921
2019-01-24 17:45,2930
2019-01-24 17:50,2980
2019-01-24 17:55,2989
2019-01-24 18:00,3014
2019-01-24 18:05,3002
2019-01-24 18:10,3020
2019-01-24 18:15,3049
2019-01-24 18:20,3087
2019-01-24 18:25,3130
2019-01-24 18:30,3128
2019-01-24 18:35,3115
2019-01-24 18:40,3130
2019-01-24 18:45,3156
2019-01-24 18:50,3158
2019-01-24 18:55,3139
2019-01-24 19:00,3147
2019-01-24 19:05,3150
2019-01-24 19:10,3157
2019-01-24 19:15,3162
2019-01-24 19:20,3152
2019-01-24 19:25,3156
2019-01-24 19:30,3153
2019-01-24 19:35,3162
2019-01-24 19:40,3182
2019-01-24 19:45,3174
2019-01-24 19:50,3159
2019-01-24 19:55,3167
2019-01-24 20:00,3169
2019-01-24 20:05,3138
2019-01-24 20:10,3140
2019-01-24 20:15,3160
2019-01-24 20:20,3151
2019-01-24 20:25,3157
2019-01-24 20:30,3142
2019-01-24 20:35,3133
2019-01-24 20:40,3133
2019-01-24 20:45,3133
2019-01-24 20:50,3106
2019-01-24 20:55,3077
2019-01-24 21:00,3043
2019-01-24 21:05,3033
2019-01-24 21:10,3013
2019-01-24 21:15,2978
2019-01-24 21:20,2953
2019-01-24 21:25,2914
2019-01-24 21:30,2908
2019-01-24 21:35,2875
2019-01-24 21:40,2858
2019-01-24 21:45,2834
2019-01-24 21:50,2798
2019-01-24 21:55,2779
2019-01-24 22:00,2731
2019-01-24 22:05,2729
2019-01-24 22:10,2707
2019-01-24 22:15,2678
2019-01-24 22:20,2669
2019-01-24 22:25,2634
2019-01-24 22:30,2620
2019-01-24 22:35,2578
2019-01-24 22:40,2543
2019-01-24 22:45,2510
2019-01-24 22:50,2480
2019-01-24 22:55,2473
2019-01-24 23:00,2476
2019-01-24 23:05,2451
2019-01-24 23:10,2423
2019-01-24 23:15,2398
2019-01-24 23:20,2399
2019-01-24 23:25,2373
2019-01-24 23:30,2337
2019-01-24 23:35,2305
2019-01-24 23:40,2288
2019-01-24 23:45,2250
2019-01-24 23:50,2241
2019-01-24 23:55,2210
2019-01-25 00:00,2219
2019-01-25 00:05,2215
2019-01-25 00:10,2162
2019-01-25 00:15,2127
2019-01-25 00:20,2132
2019-01-25 00:25,2113
2019-01-25 00:30,2105
2019-01-25 00:35,2106
2019-01-25 00:40,2107
2019-01-25 00:45,2084
2019-01-25 00:50,2092
2019-01-25 00:55,2088
2019-01-25 01:00,2064
2019-01-25 01:05,2028
2019-01-25 01:10,2031
2019-01-25 01:15,2042
2019-01-25 01:20,2029
2019-01-25 01:25,2024
2019-01-25 01:30,2021
2019-01-25 01:35,2012
2019-01-25 01:40,1999
2019-01-25 01:45,1984
2019-01-25 01:50,1992
2019-01-25 01:55,1981
2019-01-25 02:00,1972
2019-01-25 02:05,1982
2019-01-25 02:10,1973
2019-01-25 02:15,1950
2019-01-25 02:20,1944
2019-01-25 02:25,1939
2019-01-25 02:30,1927
2019-01-25 02:35,1920
2019-01-25 02:40,1906
2019-01-25 02:45,1868
2019-01-25 02:50,1846
2019-01-25 02:55,1864
2019-01-25 03:00,1841
2019-01-25 03:05,1818
2019-01-25 03:10,1832
2019-01-25 03:15,1809
2019-01-25 03:20,1779
2019-01-25 03:25,1775
2019-01-25 03:30,1760
2019-01-25 03:35,1768
2019-01-25 03:40,1737
2019-01-25 03:45,1736
2019-01-25 03:50,1724
2019-01-25 03:55,1692
2019-01-25 04:00,1670
2019-01-25 04:05,1650
2019-01-25 04:10,1656
2019-01-25 04:15,1641
2019-01-25 04:20,1625
2019-01-25 04:25,1645
2019-01-25 04:30,1627
2019-01-25 04:35,1621
2019-01-25 04:40,1616
2019-01-25 04:45,1602
2019-01-25 04:50,1605
2019-01-25 04:55,1585
2019-01-25 05:00,1570
2019-01-25 05:05,1542
2019-01-25 05:10,1529
2019-01-25 05:15,1514
2019-01-25 05:20,1501
2019-01-25 05:25,1490
2019-01-25 05:30,1463
2019-01-25 05:35,1450
2019-01-25 05:40,1448
2019-01-25 05:45,1425
2019-01-25 05:50,1417
2019-01-25 05:55,1392
2019-01-25 06:00,1388
2019-01-25 06:05,1380
2019-01-25 06:10,1389
2019-01-25 06:15,1366
2019-01-25 06:20,1356
2019-01-25 06:25,1345
2019-01-25 06:30,1349
2019-01-25 06:35,1327
2019-01-25 06:40,1329
2019-01-25 06:45,1326
2019-01-25 06:50,1346
2019-01-25 06:55,1347
2019-01-25 07:00,1337
2019-01-25 07:05,1347
2019-01-25 07:10,1335
2019-01-25 07:15,1308
2019-01-25 07:20,1317
2019-01-25 07:25,1322
2019-01-25 07:30,1322
2019-01-25 07:35,1326
2019-01-25 07:40,1330
2019-01-25 07:45,1331
2019-01-25 07:50,1344
2019-01-25 07:55,1353
2019-01-25 08:00,1367
2019-01-25 08:05,1350
2019-01-25 08:10,1356
2019-01-25 08:15,1372
2019-01-25 08:20,1396
2019-01-25 08:25,1410
2019-01-25 08:30,1405
2019-01-25 08:35,1397
2019-01-25 08:40,1410
2019-01-25 08:45,1421
2019-01-25 08:50,1443
2019-01-25 08:55,1446
2019-01-25 09:00,1448
2019-01-25 09:05,1465
2019-01-25 09:10,1472
2019-01-25 09:15,1486
2019-01-25 09:20,1494
2019-01-25 09:25,1501
2019-01-25 09:30,1514
2019-01-25 09:35,1524
2019-01-25 09:40,1532
2019-01-25 09:45,1538
2019-01-25 09:50,1554
2019-01-25 09:55,1559
2019-01-25 10:00,1585
2019-01-25 10:05,1606
2019-01-25 10:10,1631
2019-01-25 10:15,1653
2019-01-25 10:20,1658
2019-01-25 10:25,1681
2019-01-25 10:30,1692
2019-01-25 10:35,1707
2019-01-25 10:40,1729
2019-01-25 10:45,1767
2019-01-25 10:50,1774
2019-01-25 10:55,1791
2019-01-25 11:00,1797
2019-01-25 11:05,1819
2019-01-25 11:10,1830
2019-01-25 11:15,1837
2019-01-25 11:20,1840
2019-01-25 11:25,1859
2019-01-25 11:30,1867
2019-01-25 11:35,1879
2019-01-25 11:40,1881
2019-01-25 11:45,1900
2019-01-25 11:50,1916
2019-01-25 11:55,1928
2019-01-25 12:00,1941
2019-01-25 12:05,1968
2019-01-25 12:10,1947
2019-01-25 12:15,1954
2019-01-25 12:20,1974
2019-01-25 12:25,2007
2019-01-25 12:30,2021
2019-01-25 12:35,2068
2019-01-25 12:40,2071
2019-01-25 12:45,2072
2019-01-25 12:50,2071
2019-01-25 12:55,2069
2019-01-25 13:00,2063
2019-01-25 13:05,2068
2019-01-25 13:10,2073
2019-01-25 13:15,2078
2019-01-25 13:20,2110
2019-01-25 13:25,2109
2019-01-25 13:30,2106
2019-01-25 13:35,2120
2019-01-25 13:40,2131
2019-01-25 13:45,2150
2019-01-25 13:50,2152
2019-01-25 13:55,2166
2019-01-25 14:00,2163
2019-01-25 14:05,2161
2019-01-25 14:10,2185
2019-01-25 14:15,2210
2019-01-25 14:20,2214
2019-01-25 14:25,2217
2019-01-25 14:30,2207
2019-01-25 14:35,2206
2019-01-25 14:40,2199
2019-01-25 14:45,2210
2019-01-25 14:50,2206
2019-01-25 14:55,2153
2019-01-25 15:00,2076
2019-01-25 15:05,1448
2019-01-25 15:10,1344
2019-01-25 15:15,1327
2019-01-25 15:20,1329
2019-01-25 15:25,1330
2019-01-25 15:30,1346
2019-01-25 15:35,1343
2019-01-25 15:40,1351
2019-01-25 15:45,1365
2019-01-25 15:50,1408
2019-01-25 15:55,1413
2019-01-25 16:00,1435
2019-01-25 16:05,1458
2019-01-25 16:10,1551
2019-01-25 16:15,1687
2019-01-25 16:20,1828
2019-01-25 16:25,1932
2019-01-25 16:30,2026
2019-01-25 16:35,2145
2019-01-25 16:40,2232
2019-01-25 16:45,2298
2019-01-25 16:50,2358
2019-01-25 16:55,2386
2019-01-25 17:00,2473
2019-01-25 17:05,2523
2019-01-25 17:10,2610
2019-01-25 17:15,2677
2019-01-25 17:20,2707
2019-01-25 17:25,2745
2019-01-25 17:30,2805
2019-01-25 17:35,2840
2019-01-25 17:40,2892
2019-01-25 17:45,2889
2019-01-25 17:50,2924
2019-01-25 17:55,2971
2019-01-25 18:00,2995
2019-01-25 18:05,3016
2019-01-25 18:10,2998
2019-01-25 18:15,3052
2019-01-25 18:20,3077
2019-01-25 18:25,3090
2019-01-25 18:30,3114
2019-01-25 18:35,3131
2019-01-25 18:40,3139
2019-01-25 18:45,3129
2019-01-25 18:50,3143
2019-01-25 18:55,3131
2019-01-25 19:00,3129
2019-01-25 19:05,3112
2019-01-25 19:10,3118
2019-01-25 19:15,3133
2019-01-25 19:20,3141
2019-01-25 19:25,3161
2019-01-25 19:30,3154
2019-01-25 19:35,3171
2019-01-25 19:40,3179
2019-01-25 19:45,3178
2019-01-25 19:50,3170
2019-01-25 19:55,3150
2019-01-25 20:00,3158
2019-01-25 20:05,3167
2019-01-25 20:10,3189
2019-01-25 20:15,3179
2019-01-25 20:20,3185
2019-01-25 20:25,3197
2019-01-25 20:30,3209
2019-01-25 20:35,3221
2019-01-25 20:40,3203
2019-01-25 20:45,3184
2019-01-25 20:50,3198
2019-01-25 20:55,3213
2019-01-25 21:00,3174
2019-01-25 21:05,3180
2019-01-25 21:10,3171
2019-01-25 21:15,3172
2019-01-25 21:20,3156
2019-01-25 21:25,3179
2019-01-25 21:30,3178
2019-01-25 21:35,3162
2019-01-25 21:40,3145
2019-01-25 21:45,3131
2019-01-25 21:50,3113
2019-01-25 21:55,3081
2019-01-25 22:00,3086
2019-01-25 22:05,3068
2019-01-25 22:10,3045
2019-01-25 22:15,3045
2019-01-25 22:20,3025
2019-01-25 22:25,2998
2019-01-25 22:30,2992
2019-01-25 22:35,2984
2019-01-25 22:40,2943
2019-01-25 22:45,2911
2019-01-25 22:50,2892
2019-01-25 22:55,2857
2019-01-25 23:00,2830
2019-01-25 23:05,2802
2019-01-25 23:10,2773
2019-01-25 23:15,2754
2019-01-25 23:20,2724
2019-01-25 23:25,2684
2019-01-25 23:30,2660
2019-01-25 23:35,2635
2019-01-25 23:40,2594
2019-01-25 23:45,2565
2019-01-25 23:50,2563
2019-01-25 23:55,2541
2019-01-26 00:00,2489
2019-01-26 00:05,2446
2019-01-26 00:10,2430
2019-01-26 00:15,2407
2019-01-26 00:20,2382
2019-01-26 00:25,2353
2019-01-26 00:30,2352
2019-01-26 00:35,2314
2019-01-26 00:40,2278
2019-01-26 00:45,2266
2019-01-26 00:50,2230
2019-01-26 00:55,2241
2019-01-26 01:00,2233
2019-01-26 01:05,2226
2019-01-26 01:10,2201
2019-01-26 01:15,2183
2019-01-26 01:20,2161
2019-01-26 01:25,2154
2019-01-26 01:30,2126
2019-01-26 01:35,2125
2019-01-26 01:40,2099
2019-01-26 01:45,2078
2019-01-26 01:50,2070
2019-01-26 01:55,2050
2019-01-26 02:00,2051
2019-01-26 02:05,2051
2019-01-26 02:10,2043
2019-01-26 02:15,2031
2019-01-26 02:20,2022
2019-01-26 02:25,2033
2019-01-26 02:30,2017
2019-01-26 02:35,2009
2019-01-26 02:40,2004
2019-01-26 02:45,2004
2019-01-26 02:50,1987
2019-01-26 02:55,1985
2019-01-26 03:00,2003
2019-01-26 03:05,1989
2019-01-26 03:10,1985
2019-01-26 03:15,1954
2019-01-26 03:20,1954
2019-01-26 03:25,1937
2019-01-26 03:30,1936
2019-01-26 03:35,1905
2019-01-26 03:40,1901
2019-01-26 03:45,1878
2019-01-26 03:50,1869
2019-01-26 03:55,1893
2019-01-26 04:00,1889
2019-01-26 04:05,1871
2019-01-26 04:10,1866
2019-01-26 04:15,1864
2019-01-26 04:20,1855
2019-01-26 04:25,1847
2019-01-26 04:30,1821
2019-01-26 04:35,1804
2019-01-26 04:40,1791
2019-01-26 04:45,1783
2019-01-26 04:50,1771
2019-01-26 04:55,1759
2019-01-26 05:00,1753
2019-01-26 05:05,1754
2019-01-26 05:10,1739
2019-01-26 05:15,1743
2019-01-26 05:20,1731
2019-01-26 05:25,1720
2019-01-26 05:30,1694
2019-01-26 05:35,1673
2019-01-26 05:40,1657
2019-01-26 05:45,1646
2019-01-26 05:50,1635
2019-01-26 05:55,1631
2019-01-26 06:00,1622
2019-01-26 06:05,1618
2019-01-26 06:10,1613
2019-01-26 06:15,1610
2019-01-26 06:20,1600
2019-01-26 06:25,1602
2019-01-26 06:30,1601
2019-01-26 06:35,1592
2019-01-26 06:40,1579
2019-01-26 06:45,1561
2019-01-26 06:50,1560
2019-01-26 06:55,1572
2019-01-26 07:00,1571
2019-01-26 07:05,1582
2019-01-26 07:10,1576
2019-01-26 07:15,1570
2019-01-26 07:20,1588
2019-01-26 07:25,1592
2019-01-26 07:30,1604
2019-01-26 07:35,1611
2019-01-26 07:40,1602
2019-01-26 07:45,1614
2019-01-26 07:50,1620
2019-01-26 07:55,1620
2019-01-26 08:00,1625
2019-01-26 08:05,1626
2019-01-26 08:10,1651
2019-01-26 08:15,1671
2019-01-26 08:20,1675
2019-01-26 08:25,1690
2019-01-26 08:30,1685
2019-01-26 08:35,1689
2019-01-26 08:40,1718
2019-01-26 08:45,1727
2019-01-26 08:50,1746
2019-01-26 08:55,1747
2019-01-26 09:00,1737
2019-01-26 09:05,1750
2019-01-26 09:10,1765
2019-01-26 09:15,1779
2019-01-26 09:20,1798
2019-01-26 09:25,1822
2019-01-26 09:30,1843
2019-01-26 09:35,1864
2019-01-26 09:40,1862
2019-01-26 09:45,1887
2019-01-26 09:50,1920
2019-01-26 09:55,1951
2019-01-26 10:00,1995
2019-01-26 10:05,2010
2019-01-26 10:10,2052
2019-01-26 10:15,2081
2019-01-26 10:20,2111
2019-01-26 10:25,2112
2019-01-26 10:30,2137
2019-01-26 10:35,2136
2019-01-26 10:40,2174
2019-01-26 10:45,2208
2019-01-26 10:50,2231
2019-01-26 10:55,2245
2019-01-26 11:00,2268
2019-01-26 11:05,2273
2019-01-26 11:10,2300
2019-01-26 11:15,2335
2019-01-26 11:20,2358
2019-01-26 11:25,2356
2019-01-26 11:30,2366
2019-01-26 11:35,2386
2019-01-26 11:40,2390
2019-01-26 11:45,2383
2019-01-26 11:50,2401
2019-01-26 11:55,2409
2019-01-26 12:00,2395
2019-01-26 12:05,2412
2019-01-26 12:10,2436
2019-01-26 12:15,2467
2019-01-26 12:20,2489
2019-01-26 12:25,2515
2019-01-26 12:30,2553
2019-01-26 12:35,2556
2019-01-26 12:40,2575
2019-01-26 12:45,2571
2019-01-26 12:50,2587
2019-01-26 12:55,2614
2019-01-26 13:00,2639
2019-01-26 13:05,2643
2019-01-26 13:10,2645
2019-01-26 13:15,2656
2019-01-26 13:20,2696
2019-01-26 13:25,2685
2019-01-26 13:30,2716
2019-01-26 13:35,2745
2019-01-26 13:40,2770
2019-01-26 13:45,2775
2019-01-26 13:50,2777
2019-01-26 13:55,2802
2019-01-26 14:00,2816
2019-01-26 14:05,2853
2019-01-26 14:10,2852
2019-01-26 14:15,2882
2019-01-26 14:20,2884
2019-01-26 14:25,2934
2019-01-26 14:30,2968
2019-01-26 14:35,2986
2019-01-26 14:40,2988
2019-01-26 14:45,3027
2019-01-26 14:50,3030
2019-01-26 14:55,3068
2019-01-26 15:00,3094
2019-01-26 15:05,3100
2019-01-26 15:10,3109
2019-01-26 15:15,3109
2019-01-26 15:20,3109
2019-01-26 15:25,3135
2019-01-26 15:30,3122
2019-01-26 15:35,3147
2019-01-26 15:40,3177
2019-01-26 15:45,3146
2019-01-26 15:50,3178
2019-01-26 15:55,3211
2019-01-26 16:00,3227
2019-01-26 16:05,3240
2019-01-26 16:10,3268
2019-01-26 16:15,3306
2019-01-26 16:20,3242
2019-01-26 16:25,3254
2019-01-26 16:30,3268
2019-01-26 16:35,3304
2019-01-26 16:40,3331
2019-01-26 16:45,3352
2019-01-26 16:50,3352
2019-01-26 16:55,3347
2019-01-26 17:00,3350
2019-01-26 17:05,3342
2019-01-26 17:10,3340
2019-01-26 17:15,3365
2019-01-26 17:20,3373
2019-01-26 17:25,3389
2019-01-26 17:30,3416
2019-01-26 17:35,3412
2019-01-26 17:40,3425
2019-01-26 17:45,3417
2019-01-26 17:50,3400
2019-01-26 17:55,3430
2019-01-26 18:00,3451
2019-01-26 18:05,3458
2019-01-26 18:10,3439
2019-01-26 18:15,3463
2019-01-26 18:20,3476
2019-01-26 18:25,3481
2019-01-26 18:30,3467
2019-01-26 18:35,3472
2019-01-26 18:40,3479
2019-01-26 18:45,3451
2019-01-26 18:50,3426
2019-01-26 18:55,3432
2019-01-26 19:00,3433
2019-01-26 19:05,3425
2019-01-26 19:10,3428
2019-01-26 19:15,3417
2019-01-26 19:20,3429
2019-01-26 19:25,3438
2019-01-26 19:30,3451
2019-01-26 19:35,3471
2019-01-26 19:40,3477
2019-01-26 19:45,3463
2019-01-26 19:50,3472
2019-01-26 19:55,3482
2019-01-26 20:00,3495
2019-01-26 20:05,3488
2019-01-26 20:10,3497
2019-01-26 20:15,3495
2019-01-26 20:20,3511
2019-01-26 20:25,3510
2019-01-26 20:30,3524
2019-01-26 20:35,3514
2019-01-26 20:40,3494
2019-01-26 20:45,3489
2019-01-26 20:50,3491
2019-01-26 20:55,3483
2019-01-26 21:00,3443
2019-01-26 21:05,3427
2019-01-26 21:10,3424
2019-01-26 21:15,3418
2019-01-26 21:20,3396
2019-01-26 21:25,3381
2019-01-26 21:30,3375
2019-01-26 21:35,3352
2019-01-26 21:40,3330
2019-01-26 21:45,3285
2019-01-26 21:50,3266
2019-01-26 21:55,3254
2019-01-26 22:00,3256
2019-01-26 22:05,3211
2019-01-26 22:10,3171
2019-01-26 22:15,3157
2019-01-26 22:20,3118
2019-01-26 22:25,3121
2019-01-26 22:30,3118
2019-01-26 22:35,3091
2019-01-26 22:40,3077
2019-01-26 22:45,3067
2019-01-26 22:50,3026
2019-01-26 22:55,2973
2019-01-26 23:00,2946
2019-01-26 23:05,2944
2019-01-26 23:10,2909
2019-01-26 23:15,2880
2019-01-26 23:20,2851
2019-01-26 23:25,2823
2019-01-26 23:30,2773
2019-01-26 23:35,2768
2019-01-26 23:40,2744
2019-01-26 23:45,2723
2019-01-26 23:50,2709
2019-01-26 23:55,2675
2019-01-27 00:00,2657
2019-01-27 00:05,2611
2019-01-27 00:10,2578
2019-01-27 00:15,2564
2019-01-27 00:20,2555
2019-01-27 00:25,2524
2019-01-27 00:30,2495
2019-01-27 00:35,2478
2019-01-27 00:40,2472
2019-01-27 00:45,2457
2019-01-27 00:50,2430
2019-01-27 00:55,2389
2019-01-27 01:00,2393
2019-01-27 01:05,2367
2019-01-27 01:10,2352
2019-01-27 01:15,2323
2019-01-27 01:20,2294
2019-01-27 01:25,2280
2019-01-27 01:30,2277
2019-01-27 01:35,2244
2019-01-27 01:40,2249
2019-01-27 01:45,2234
2019-01-27 01:50,2220
2019-01-27 01:55,2207
2019-01-27 02:00,2181
2019-01-27 02:05,2170
2019-01-27 02:10,2171
2019-01-27 02:15,2163
2019-01-27 02:20,2146
2019-01-27 02:25,2140
2019-01-27 02:30,2130
2019-01-27 02:35,2130
2019-01-27 02:40,2142
2019-01-27 02:45,2121
2019-01-27 02:50,2100
2019-01-27 02:55,2095
2019-01-27 03:00,2071
2019-01-27 03:05,2047
2019-01-27 03:10,2046
2019-01-27 03:15,2011
2019-01-27 03:20,1994
2019-01-27 03:25,1992
2019-01-27 03:30,1972
2019-01-27 03:35,1946
2019-01-27 03:40,1928
2019-01-27 03:45,1921
2019-01-27 03:50,1911
2019-01-27 03:55,1884
2019-01-27 04:00,1873
2019-01-27 04:05,1849
2019-01-27 04:10,1821
2019-01-27 04:15,1816
2019-01-27 04:20,1816
2019-01-27 04:25,1793
2019-01-27 04:30,1789
2019-01-27 04:35,1778
2019-01-27 04:40,1766
2019-01-27 04:45,1772
2019-01-27 04:50,1773
2019-01-27 04:55,1755
2019-01-27 05:00,1739
2019-01-27 05:05,1738
2019-01-27 05:10,1715
2019-01-27 05:15,1707
2019-01-27 05:20,1694
2019-01-27 05:25,1687
2019-01-27 05:30,1686
2019-01-27 05:35,1671
2019-01-27 05:40,1653
2019-01-27 05:45,1624
2019-01-27 05:50,1610
2019-01-27 05:55,1593
2019-01-27 06:00,1591
2019-01-27 06:05,1580
2019-01-27 06:10,1580
2019-01-27 06:15,1581
2019-01-27 06:20,1577
2019-01-27 06:25,1590
2019-01-27 06:30,1585
2019-01-27 06:35,1579
2019-01-27 06:40,1592
2019-01-27 06:45,1569
2019-01-27 06:50,1582
2019-01-27 06:55,1582
2019-01-27 07:00,1587
2019-01-27 07:05,1588
2019-01-27 07:10,1591
2019-01-27 07:15,1578
2019-01-27 07:20,1580
2019-01-27 07:25,1596
2019-01-27 07:30,1610
2019-01-27 07:35,1624
2019-01-27 07:40,1643
2019-01-27 07:45,1663
2019-01-27 07:50,1666
2019-01-27 07:55,1673
2019-01-27 08:00,1696
2019-01-27 08:05,1719
2019-01-27 08:10,1706
2019-01-27 08:15,1729
2019-01-27 08:20,1740
2019-01-27 08:25,1758
2019-01-27 08:30,1763
2019-01-27 08:35,1769
2019-01-27 08:40,1778
2019-01-27 08:45,1802
2019-01-27 08:50,1821
2019-01-27 08:55,1847
2019-01-27 09:00,1876
2019-01-27 09:05,1913
2019-01-27 09:10,1924
2019-01-27 09:15,1929
2019-01-27 09:20,1939
2019-01-27 09:25,1969
2019-01-27 09:30,1999
2019-01-27 09:35,2026
2019-01-27 09:40,2072
2019-01-27 09:45,2087
2019-01-27 09:50,2108
2019-01-27 09:55,2132
2019-01-27 10:00,2156
2019-01-27 10:05,2216
2019-01-27 10:10,2243
2019-01-27 10:15,2290
2019-01-27 10:20,2323
2019-01-27 10:25,2348
2019-01-27 10:30,2376
2019-01-27 10:35,2393
2019-01-27 10:40,2412
2019-01-27 10:45,2419
2019-01-27 10:50,2450
2019-01-27 10:55,2465
2019-01-27 11:00,2481
2019-01-27 11:05,2471
2019-01-27 11:10,2479
2019-01-27 11:15,2491
2019-01-27 11:20,2515
2019-01-27 11:25,2527
2019-01-27 11:30,2536
2019-01-27 11:35,2547
2019-01-27 11:40,2567
2019-01-27 11:45,2575
2019-01-27 11:50,2591
2019-01-27 11:55,2629
2019-01-27 12:00,2666
2019-01-27 12:05,2662
2019-01-27 12:10,2673
2019-01-27 12:15,2698
2019-01-27 12:20,2738
2019-01-27 12:25,2755
2019-01-27 12:30,2772
2019-01-27 12:35,2766
2019-01-27 12:40,2802
2019-01-27 12:45,2820
2019-01-27 12:50,2832
2019-01-27 12:55,2831
2019-01-27 13:00,2854
2019-01-27 13:05,2866
2019-01-27 13:10,2877
2019-01-27 13:15,2872
2019-01-27 13:20,2860
2019-01-27 13:25,2915
2019-01-27 13:30,2964
2019-01-27 13:35,2991
2019-01-27 13:40,3031
2019-01-27 13:45,3047
2019-01-27 13:50,3085
2019-01-27 13:55,3090
2019-01-27 14:00,3127
2019-01-27 14:05,3169
2019-01-27 14:10,3169
2019-01-27 14:15,3190
2019-01-27 14:20,3201
2019-01-27 14:25,3230
2019-01-27 14:30,3241
2019-01-27 14:35,3261
2019-01-27 14:40,3302
2019-01-27 14:45,3306
2019-01-27 14:50,3303
2019-01-27 14:55,3309
2019-01-27 15:00,3331
2019-01-27 15:05,3345
2019-01-27 15:10,3352
2019-01-27 15:15,3355
2019-01-27 15:20,3376
2019-01-27 15:25,3417
2019-01-27 15:30,3429
2019-01-27 15:35,3422
2019-01-27 15:40,3438
2019-01-27 15:45,3437
2019-01-27 15:50,3462
2019-01-27 15:55,3446
2019-01-27 16:00,3458
2019-01-27 16:05,3476
2019-01-27 16:10,3488
2019-01-27 16:15,3516
2019-01-27 16:20,3527
2019-01-27 16:25,3536
2019-01-27 16:30,3535
2019-01-27 16:35,3543
2019-01-27 16:40,3586
2019-01-27 16:45,3623
2019-01-27 16:50,3622
2019-01-27 16:55,3603
2019-01-27 17:00,3593
2019-01-27 17:05,3572
2019-01-27 17:10,3609
2019-01-27 17:15,3576
2019-01-27 17:20,3585
2019-01-27 17:25,3600
2019-01-27 17:30,3598
2019-01-27 17:35,3602
2019-01-27 17:40,3624
2019-01-27 17:45,3621
2019-01-27 17:50,3627
2019-01-27 17:55,3630
2019-01-27 18:00,3654
2019-01-27 18:05,3636
2019-01-27 18:10,3619
2019-01-27 18:15,3614
2019-01-27 18:20,3609
2019-01-27 18:25,3605
2019-01-27 18:30,3642
2019-01-27 18:35,3639
2019-01-27 18:40,3647
2019-01-27 18:45,3667
2019-01-27 18:50,3679
2019-01-27 18:55,3652
2019-01-27 19:00,3655
2019-01-27 19:05,3642
2019-01-27 19:10,3639
2019-01-27 19:15,3636
2019-01-27 19:20,3645
2019-01-27 19:25,3662
2019-01-27 19:30,3639
2019-01-27 19:35,3658
2019-01-27 19:40,3675
2019-01-27 19:45,3673
2019-01-27 19:50,3646
2019-01-27 19:55,3669
2019-01-27 20:00,3655
2019-01-27 20:05,3654
2019-01-27 20:10,3645
2019-01-27 20:15,3647
2019-01-27 20:20,3647
2019-01-27 20:25,3628
2019-01-27 20:30,3618
2019-01-27 20:35,3604
2019-01-27 20:40,3582
2019-01-27 20:45,3564
2019-01-27 20:50,3550
2019-01-27 20:55,3533
2019-01-27 21:00,3519
2019-01-27 21:05,3485
2019-01-27 21:10,3448
2019-01-27 21:15,3420
2019-01-27 21:20,3412
2019-01-27 21:25,3367
2019-01-27 21:30,3309
2019-01-27 21:35,3290
2019-01-27 21:40,3255
2019-01-27 21:45,3258
2019-01-27 21:50,3208
2019-01-27 21:55,3182
2019-01-27 22:00,3160
2019-01-27 22:05,3123
2019-01-27 22:10,3091
2019-01-27 22:15,3081
2019-01-27 22:20,3042
2019-01-27 22:25,3001
2019-01-27 22:30,2994
2019-01-27 22:35,2966
2019-01-27 22:40,2918
2019-01-27 22:45,2898
2019-01-27 22:50,2864
2019-01-27 22:55,2837
2019-01-27 23:00,2820
2019-01-27 23:05,2778
2019-01-27 23:10,2752
2019-01-27 23:15,2712
2019-01-27 23:20,2671
2019-01-27 23:25,2632
2019-01-27 23:30,2601
2019-01-27 23:35,2575
2019-01-27 23:40,2547
2019-01-27 23:45,2498
2019-01-27 23:50,2447
2019-01-27 23:55,2432
2019-01-28 00:00,2422
2019-01-28 00:05,2409
2019-01-28 00:10,2371
2019-01-28 00:15,2344
2019-01-28 00:20,2319
2019-01-28 00:25,2289
2019-01-28 00:30,2283
2019-01-28 00:35,2260
2019-01-28 00:40,2255
2019-01-28 00:45,2238
2019-01-28 00:50,2243
2019-01-28 00:55,2249
2019-01-28 01:00,2234
2019-01-28 01:05,2222
2019-01-28 01:10,2195
2019-01-28 01:15,2173
2019-01-28 01:20,2175
2019-01-28 01:25,2173
2019-01-28 01:30,2139
2019-01-28 01:35,2119
2019-01-28 01:40,2128
2019-01-28 01:45,2128
2019-01-28 01:50,2111
2019-01-28 01:55,2107
2019-01-28 02:00,2092
2019-01-28 02:05,2094
2019-01-28 02:10,2066
2019-01-28 02:15,2064
2019-01-28 02:20,2040
2019-01-28 02:25,2017
2019-01-28 02:30,1979
2019-01-28 02:35,1982
2019-01-28 02:40,1966
2019-01-28 02:45,1947
2019-01-28 02:50,1929
2019-01-28 02:55,1910
2019-01-28 03:00,1884
2019-01-28 03:05,1861
2019-01-28 03:10,1853
2019-01-28 03:15,1866
2019-01-28 03:20,1831
2019-01-28 03:25,1797
2019-01-28 03:30,1774
2019-01-28 03:35,1744
2019-01-28 03:40,1726
2019-01-28 03:45,1739
2019-01-28 03:50,1720
2019-01-28 03:55,1713
2019-01-28 04:00,1702
2019-01-28 04:05,1676
2019-01-28 04:10,1663
2019-01-28 04:15,1643
2019-01-28 04:20,1637
2019-01-28 04:25,1626
2019-01-28 04:30,1624
2019-01-28 04:35,1610
2019-01-28 04:40,1600
2019-01-28 04:45,1589
2019-01-28 04:50,1579
2019-01-28 04:55,1572
2019-01-28 05:00,1551
2019-01-28 05:05,1513
2019-01-28 05:10,1512
2019-01-28 05:15,1489
2019-01-28 05:20,1481
2019-01-28 05:25,1457
2019-01-28 05:30,1456
2019-01-28 05:35,1443
2019-01-28 05:40,1426
2019-01-28 05:45,1419
2019-01-28 05:50,1397
2019-01-28 05:55,1377
2019-01-28 06:00,1372
2019-01-28 06:05,1358
2019-01-28 06:10,1357
2019-01-28 06:15,1350
2019-01-28 06:20,1351
2019-01-28 06:25,1342
2019-01-28 06:30,1341
2019-01-28 06:35,1328
2019-01-28 06:40,1339
2019-01-28 06:45,1336
2019-01-28 06:50,1338
2019-01-28 06:55,1336
2019-01-28 07:00,1349
2019-01-28 07:05,1346
2019-01-28 07:10,1346
2019-01-28 07:15,1317
2019-01-28 07:20,1324
2019-01-28 07:25,1294
2019-01-28 07:30,1279
2019-01-28 07:35,1278
2019-01-28 07:40,1270
2019-01-28 07:45,1266
2019-01-28 07:50,1278
2019-01-28 07:55,1273
2019-01-28 08:00,1278
2019-01-28 08:05,1266
2019-01-28 08:10,1264
2019-01-28 08:15,1264
2019-01-28 08:20,1256
2019-01-28 08:25,1255
2019-01-28 08:30,1304
2019-01-28 08:35,1290
2019-01-28 08:40,1303
2019-01-28 08:45,1326
2019-01-28 08:50,1342
2019-01-28 08:55,1342
2019-01-28 09:00,1346
2019-01-28 09:05,1359
2019-01-28 09:10,1365
2019-01-28 09:15,1388
2019-01-28 09:20,1392
2019-01-28 09:25,1394
2019-01-28 09:30,1409
2019-01-28 09:35,1416
2019-01-28 09:40,1425
2019-01-28 09:45,1425
2019-01-28 09:50,1438
2019-01-28 09:55,1457
2019-01-28 10:00,1479
2019-01-28 10:05,1509
2019-01-28 10:10,1540
2019-01-28 10:15,1573
2019-01-28 10:20,1581
2019-01-28 10:25,1598
2019-01-28 10:30,1628
2019-01-28 10:35,1633
2019-01-28 10:40,1652
2019-01-28 10:45,1700
2019-01-28 10:50,1714
2019-01-28 10:55,1719
2019-01-28 11:00,1735
2019-01-28 11:05,1733
2019-01-28 11:10,1724
2019-01-28 11:15,1734
2019-01-28 11:20,1744
2019-01-28 11:25,1752
2019-01-28 11:30,1764
2019-01-28 11:35,1766
2019-01-28 11:40,1746
2019-01-28 11:45,1760
2019-01-28 11:50,1778
2019-01-28 11:55,1784
2019-01-28 12:00,1786
2019-01-28 12:05,1786
2019-01-28 12:10,1797
2019-01-28 12:15,1795
2019-01-28 12:20,1817
2019-01-28 12:25,1835
2019-01-28 12:30,1841
2019-01-28 12:35,1879
2019-01-28 12:40,1901
2019-01-28 12:45,1924
2019-01-28 12:50,1946
2019-01-28 12:55,1964
2019-01-28 13:00,1983
2019-01-28 13:05,1992
2019-01-28 13:10,2021
2019-01-28 13:15,2049
2019-01-28 13:20,2076
2019-01-28 13:25,2087
2019-01-28 13:30,2095
2019-01-28 13:35,2093
2019-01-28 13:40,2116
2019-01-28 13:45,2132
2019-01-28 13:50,2174
2019-01-28 13:55,2193
2019-01-28 14:00,2201
2019-01-28 14:05,2202
2019-01-28 14:10,2211
2019-01-28 14:15,2233
2019-01-28 14:20,2264
2019-01-28 14:25,2269
2019-01-28 14:30,2290
2019-01-28 14:35,2317
2019-01-28 14:40,2314
2019-01-28 14:45,2344
2019-01-28 14:50,2364
2019-01-28 14:55,2387
2019-01-28 15:00,2406
2019-01-28 15:05,2441
2019-01-28 15:10,2423
2019-01-28 15:15,2398
2019-01-28 15:20,2434
2019-01-28 15:25,2454
2019-01-28 15:30,2478
2019-01-28 15:35,2471
2019-01-28 15:40,2491
2019-01-28 15:45,2541
2019-01-28 15:50,2546
2019-01-28 15:55,2553
2019-01-28 16:00,2555
2019-01-28 16:05,2569
2019-01-28 16:10,2631
2019-01-28 16:15,2686
2019-01-28 16:20,2678
2019-01-28 16:25,2679
2019-01-28 16:30,2700
2019-01-28 16:35,2706
2019-01-28 16:40,2709
2019-01-28 16:45,2753
2019-01-28 16:50,2776
2019-01-28 16:55,2806
2019-01-28 17:00,2817
2019-01-28 17:05,2818
2019-01-28 17:10,2845
2019-01-28 17:15,2851
2019-01-28 17:20,2869
2019-01-28 17:25,2886
2019-01-28 17:30,2907
2019-01-28 17:35,2928
2019-01-28 17:40,2932
2019-01-28 17:45,2947
2019-01-28 17:50,2941
2019-01-28 17:55,2951
2019-01-28 18:00,2983
2019-01-28 18:05,2977
2019-01-28 18:10,2998
2019-01-28 18:15,3018
2019-01-28 18:20,3042
2019-01-28 18:25,3047
2019-01-28 18:30,3090
2019-01-28 18:35,3080
2019-01-28 18:40,3122
2019-01-28 18:45,3117
2019-01-28 18:50,3136
2019-01-28 18:55,3141
2019-01-28 19:00,3153
2019-01-28 19:05,3179
2019-01-28 19:10,3158
2019-01-28 19:15,3196
2019-01-28 19:20,3192
2019-01-28 19:25,3187
2019-01-28 19:30,3176
2019-01-28 19:35,3155
2019-01-28 19:40,3177
2019-01-28 19:45,3179
2019-01-28 19:50,3172
2019-01-28 19:55,3199
2019-01-28 20:00,3192
2019-01-28 20:05,3182
2019-01-28 20:10,3163
2019-01-28 20:15,3161
2019-01-28 20:20,3156
2019-01-28 20:25,3130
2019-01-28 20:30,3100
2019-01-28 20:35,3116
2019-01-28 20:40,3108
2019-01-28 20:45,3099
2019-01-28 20:50,3099
2019-01-28 20:55,3078
2019-01-28 21:00,3067
2019-01-28 21:05,3040
2019-01-28 21:10,3008
2019-01-28 21:15,2990
2019-01-28 21:20,2967
2019-01-28 21:25,2928
2019-01-28 21:30,2889
2019-01-28 21:35,2865
2019-01-28 21:40,2855
2019-01-28 21:45,2810
2019-01-28 21:50,2783
2019-01-28 21:55,2778
2019-01-28 22:00,2769
2019-01-28 22:05,2723
2019-01-28 22:10,2673
2019-01-28 22:15,2643
2019-01-28 22:20,2648
2019-01-28 22:25,2655
2019-01-28 22:30,2638
2019-01-28 22:35,2623
2019-01-28 22:40,2624
2019-01-28 22:45,2581
2019-01-28 22:50,2525
2019-01-28 22:55,2480
2019-01-28 23:00,2454
2019-01-28 23:05,2414
2019-01-28 23:10,2373
2019-01-28 23:15,2342
2019-01-28 23:20,2307
2019-01-28 23:25,2310
2019-01-28 23:30,2300
2019-01-28 23:35,2302
2019-01-28 23:40,2309
2019-01-28 23:45,2280
2019-01-28 23:50,2263
2019-01-28 23:55,2254
2019-01-29 00:00,2253
2019-01-29 00:05,2239
2019-01-29 00:10,2207
2019-01-29 00:15,2196
2019-01-29 00:20,2190
2019-01-29 00:25,2177
2019-01-29 00:30,2179
2019-01-29 00:35,2182
2019-01-29 00:40,2184
2019-01-29 00:45,2169
2019-01-29 00:50,2145
2019-01-29 00:55,2144
2019-01-29 01:00,2125
2019-01-29 01:05,2091
2019-01-29 01:10,2068
2019-01-29 01:15,2061
2019-01-29 01:20,2046
2019-01-29 01:25,2022
2019-01-29 01:30,2022
2019-01-29 01:35,2010
2019-01-29 01:40,2002
2019-01-29 01:45,1980
2019-01-29 01:50,1967
2019-01-29 01:55,1968
2019-01-29 02:00,1944
2019-01-29 02:05,1928
2019-01-29 02:10,1920
2019-01-29 02:15,1907
2019-01-29 02:20,1897
2019-01-29 02:25,1897
2019-01-29 02:30,1887
2019-01-29 02:35,1863
2019-01-29 02:40,1851
2019-01-29 02:45,1840
2019-01-29 02:50,1849
2019-01-29 02:55,1834
2019-01-29 03:00,1827
2019-01-29 03:05,1803
2019-01-29 03:10,1768
2019-01-29 03:15,1747
2019-01-29 03:20,1742
2019-01-29 03:25,1714
2019-01-29 03:30,1724
2019-01-29 03:35,1718
2019-01-29 03:40,1700
2019-01-29 03:45,1693
2019-01-29 03:50,1671
2019-01-29 03:55,1654
2019-01-29 04:00,1610
2019-01-29 04:05,1608
2019-01-29 04:10,1575
2019-01-29 04:15,1569
2019-01-29 04:20,1558
2019-01-29 04:25,1537
2019-01-29 04:30,1543
2019-01-29 04:35,1526
2019-01-29 04:40,1509
2019-01-29 04:45,1498
2019-01-29 04:50,1485
2019-01-29 04:55,1481
2019-01-29 05:00,1458
2019-01-29 05:05,1436
2019-01-29 05:10,1426
2019-01-29 05:15,1425
2019-01-29 05:20,1419
2019-01-29 05:25,1405
2019-01-29 05:30,1387
2019-01-29 05:35,1369
2019-01-29 05:40,1364
2019-01-29 05:45,1368
2019-01-29 05:50,1345
2019-01-29 05:55,1329
2019-01-29 06:00,1322
2019-01-29 06:05,1310
2019-01-29 06:10,1314
2019-01-29 06:15,1302
2019-01-29 06:20,1299
2019-01-29 06:25,1289
2019-01-29 06:30,1283
2019-01-29 06:35,1284
2019-01-29 06:40,1270
2019-01-29 06:45,1269
2019-01-29 06:50,1274
2019-01-29 06:55,1289
2019-01-29 07:00,1271
2019-01-29 07:05,1259
2019-01-29 07:10,1264
2019-01-29 07:15,1274
2019-01-29 07:20,1269
2019-01-29 07:25,1274
2019-01-29 07:30,1261
2019-01-29 07:35,1255
2019-01-29 07:40,1254
2019-01-29 07:45,1255
2019-01-29 07:50,1281
2019-01-29 07:55,1289
2019-01-29 08:00,1312
2019-01-29 08:05,1310
2019-01-29 08:10,1308
2019-01-29 08:15,1315
2019-01-29 08:20,1317
2019-01-29 08:25,1311
2019-01-29 08:30,1321
2019-01-29 08:35,1325
2019-01-29 08:40,1347
2019-01-29 08:45,1363
2019-01-29 08:50,1366
2019-01-29 08:55,1385
2019-01-29 09:00,1385
2019-01-29 09:05,1387
2019-01-29 09:10,1387
2019-01-29 09:15,1388
2019-01-29 09:20,1399
2019-01-29 09:25,1402
2019-01-29 09:30,1410
2019-01-29 09:35,1416
2019-01-29 09:40,1416
2019-01-29 09:45,1423
2019-01-29 09:50,1440
2019-01-29 09:55,1446
2019-01-29 10:00,1464
2019-01-29 10:05,1493
2019-01-29 10:10,1517
2019-01-29 10:15,1547
2019-01-29 10:20,1586
2019-01-29 10:25,1604
2019-01-29 10:30,1611
2019-01-29 10:35,1627
2019-01-29 10:40,1636
2019-01-29 10:45,1645
2019-01-29 10:50,1635
2019-01-29 10:55,1645
2019-01-29 11:00,1656
2019-01-29 11:05,1670
2019-01-29 11:10,1684
2019-01-29 11:15,1695
2019-01-29 11:20,1716
2019-01-29 11:25,1690
2019-01-29 11:30,1665
2019-01-29 11:35,1600
2019-01-29 11:40,1595
2019-01-29 11:45,1674
2019-01-29 11:50,1710
2019-01-29 11:55,1724
2019-01-29 12:00,1741
2019-01-29 12:05,1770
2019-01-29 12:10,1776
2019-01-29 12:15,1806
2019-01-29 12:20,1820
2019-01-29 12:25,1844
2019-01-29 12:30,1829
2019-01-29 12:35,1825
2019-01-29 12:40,1846
2019-01-29 12:45,1890
2019-01-29 12:50,1900
2019-01-29 12:55,1932
2019-01-29 13:00,1936
2019-01-29 13:05,1953
2019-01-29 13:10,1947
2019-01-29 13:15,1976
2019-01-29 13:20,1984
2019-01-29 13:25,1997
2019-01-29 13:30,2000
2019-01-29 13:35,1994
2019-01-29 13:40,2010
2019-01-29 13:45,2023
2019-01-29 13:50,2049
2019-01-29 13:55,2052
2019-01-29 14:00,2056
2019-01-29 14:05,2065
2019-01-29 14:10,2061
2019-01-29 14:15,2080
2019-01-29 14:20,2070
2019-01-29 14:25,2081
2019-01-29 14:30,2096
2019-01-29 14:35,2133
2019-01-29 14:40,2166
2019-01-29 14:45,2189
2019-01-29 14:50,2209
2019-01-29 14:55,2221
2019-01-29 15:00,2220
2019-01-29 15:05,2218
2019-01-29 15:10,2215
2019-01-29 15:15,2199
2019-01-29 15:20,2113
2019-01-29 15:25,2007
2019-01-29 15:30,1269
2019-01-29 15:35,1365
2019-01-29 15:40,1508
2019-01-29 15:45,1648
2019-01-29 15:50,1798
2019-01-29 15:55,1908
2019-01-29 16:00,1996
2019-01-29 16:05,2062
2019-01-29 16:10,2137
2019-01-29 16:15,2208
2019-01-29 16:20,2313
2019-01-29 16:25,2398
2019-01-29 16:30,2460
2019-01-29 16:35,2510
2019-01-29 16:40,2539
2019-01-29 16:45,2556
2019-01-29 16:50,2609
2019-01-29 16:55,2640
2019-01-29 17:00,2685
2019-01-29 17:05,2721
2019-01-29 17:10,2741
2019-01-29 17:15,2780
2019-01-29 17:20,2835
2019-01-29 17:25,2838
2019-01-29 17:30,2874
2019-01-29 17:35,2895
2019-01-29 17:40,2918
2019-01-29 17:45,2939
2019-01-29 17:50,2956
2019-01-29 17:55,2966
2019-01-29 18:00,2984
2019-01-29 18:05,2998
2019-01-29 18:10,2991
2019-01-29 18:15,3025
2019-01-29 18:20,3040
2019-01-29 18:25,3057
2019-01-29 18:30,3057
2019-01-29 18:35,3066
2019-01-29 18:40,3064
2019-01-29 18:45,3091
2019-01-29 18:50,3088
2019-01-29 18:55,3071
2019-01-29 19:00,3052
2019-01-29 19:05,3075
2019-01-29 19:10,3063
2019-01-29 19:15,3022
2019-01-29 19:20,3016
2019-01-29 19:25,3032
2019-01-29 19:30,3069
2019-01-29 19:35,3084
2019-01-29 19:40,3062
2019-01-29 19:45,3062
2019-01-29 19:50,3039
2019-01-29 19:55,3041
2019-01-29 20:00,3004
2019-01-29 20:05,3000
2019-01-29 20:10,3006
2019-01-29 20:15,3004
2019-01-29 20:20,2988
2019-01-29 20:25,3002
2019-01-29 20:30,2991
2019-01-29 20:35,2992
2019-01-29 20:40,2967
2019-01-29 20:45,2940
2019-01-29 20:50,2919
2019-01-29 20:55,2915
2019-01-29 21:00,2893
2019-01-29 21:05,2894
2019-01-29 21:10,2884
2019-01-29 21:15,2834
2019-01-29 21:20,2817
2019-01-29 21:25,2806
2019-01-29 21:30,2820
2019-01-29 21:35,2806
2019-01-29 21:40,2770
2019-01-29 21:45,2733
2019-01-29 21:50,2682
2019-01-29 21:55,2594
2019-01-29 22:00,2425
2019-01-29 22:05,1480
2019-01-29 22:10,1375
2019-01-29 22:15,1438
2019-01-29 22:20,1455
2019-01-29 22:25,1618
2019-01-29 22:30,1764
2019-01-29 22:35,1864
2019-01-29 22:40,1922
2019-01-29 22:45,1985
2019-01-29 22:50,2050
2019-01-29 22:55,2072
2019-01-29 23:00,2104
2019-01-29 23:05,2099
2019-01-29 23:10,2118
2019-01-29 23:15,2133
2019-01-29 23:20,2160
2019-01-29 23:25,2155
2019-01-29 23:30,2154
2019-01-29 23:35,2160
2019-01-29 23:40,
2019-01-29 23:45,
2019-01-29 23:50,
2019-01-29 23:55,2090
2019-01-30 00:00,2160
2019-01-30 00:05,2139
2019-01-30 00:10,2144
2019-01-30 00:15,2104
2019-01-30 00:20,2100
2019-01-30 00:25,2075
2019-01-30 00:30,2071
2019-01-30 00:35,2057
2019-01-30 00:40,2072
2019-01-30 00:45,2059
2019-01-30 00:50,2054
2019-01-30 00:55,2058
2019-01-30 01:00,2048
2019-01-30 01:05,2038
2019-01-30 01:10,2021
2019-01-30 01:15,2002
2019-01-30 01:20,2012
2019-01-30 01:25,2013
2019-01-30 01:30,2013
2019-01-30 01:35,2005
2019-01-30 01:40,2012
2019-01-30 01:45,1998
2019-01-30 01:50,1994
2019-01-30 01:55,1992
2019-01-30 02:00,1974
2019-01-30 02:05,1959
2019-01-30 02:10,1951
2019-01-30 02:15,1950
2019-01-30 02:20,1923
2019-01-30 02:25,1922
2019-01-30 02:30,1923
2019-01-30 02:35,1912
2019-01-30 02:40,1919
2019-01-30 02:45,1920
2019-01-30 02:50,1902
2019-01-30 02:55,1894
2019-01-30 03:00,1873
2019-01-30 03:05,1823
2019-01-30 03:10,1796
2019-01-30 03:15,1780
2019-01-30 03:20,1763
2019-01-30 03:25,1731
2019-01-30 03:30,1713
2019-01-30 03:35,1702
2019-01-30 03:40,1671
2019-01-30 03:45,1669
2019-01-30 03:50,1656
2019-01-30 03:55,1637
2019-01-30 04:00,1625
2019-01-30 04:05,1588
2019-01-30 04:10,1562
2019-01-30 04:15,1565
2019-01-30 04:20,1534
2019-01-30 04:25,1517
2019-01-30 04:30,1505
2019-01-30 04:35,1502
2019-01-30 04:40,1501
2019-01-30 04:45,1486
2019-01-30 04:50,1457
2019-01-30 04:55,1444
2019-01-30 05:00,1442
2019-01-30 05:05,1437
2019-01-30 05:10,1415
2019-01-30 05:15,1388
2019-01-30 05:20,1368
2019-01-30 05:25,1381
2019-01-30 05:30,1371
2019-01-30 05:35,1363
2019-01-30 05:40,1357
2019-01-30 05:45,1334
2019-01-30 05:50,1340
2019-01-30 05:55,1342
2019-01-30 06:00,1341
2019-01-30 06:05,1335
2019-01-30 06:10,1335
2019-01-30 06:15,1355
2019-01-30 06:20,1319
2019-01-30 06:25,1339
2019-01-30 06:30,1324
2019-01-30 06:35,1301
2019-01-30 06:40,1287
2019-01-30 06:45,1282
2019-01-30 06:50,1283
2019-01-30 06:55,1295
2019-01-30 07:00,1282
2019-01-30 07:05,1279
2019-01-30 07:10,1277
2019-01-30 07:15,1259
2019-01-30 07:20,1250
2019-01-30 07:25,1265
2019-01-30 07:30,1273
2019-01-30 07:35,1264
2019-01-30 07:40,1268
2019-01-30 07:45,1268
2019-01-30 07:50,1284
2019-01-30 07:55,1303
2019-01-30 08:00,1300
2019-01-30 08:05,1283
2019-01-30 08:10,1287
2019-01-30 08:15,1305
2019-01-30 08:20,1315
2019-01-30 08:25,1321
2019-01-30 08:30,1337
2019-01-30 08:35,1359
2019-01-30 08:40,1355
2019-01-30 08:45,1369
2019-01-30 08:50,1370
2019-01-30 08:55,1387
2019-01-30 09:00,1397
2019-01-30 09:05,1405
2019-01-30 09:10,1415
2019-01-30 09:15,1418
2019-01-30 09:20,1414
2019-01-30 09:25,1408
2019-01-30 09:30,1416
2019-01-30 09:35,1415
2019-01-30 09:40,1426
2019-01-30 09:45,1441
2019-01-30 09:50,1451
2019-01-30 09:55,1461
2019-01-30 10:00,1486
2019-01-30 10:05,1517
2019-01-30 10:10,1525
2019-01-30 10:15,1549
2019-01-30 10:20,1560
2019-01-30 10:25,1574
2019-01-30 10:30,1583
2019-01-30 10:35,1623
2019-01-30 10:40,1622
2019-01-30 10:45,1629
2019-01-30 10:50,1633
2019-01-30 10:55,1632
2019-01-30 11:00,1649
2019-01-30 11:05,1667
2019-01-30 11:10,1681
2019-01-30 11:15,1689
2019-01-30 11:20,1686
2019-01-30 11:25,1723
2019-01-30 11:30,1723
2019-01-30 11:35,1722
2019-01-30 11:40,1730
2019-01-30 11:45,1759
2019-01-30 11:50,1766
2019-01-30 11:55,1786
2019-01-30 12:00,1810
2019-01-30 12:05,1809
2019-01-30 12:10,1810
2019-01-30 12:15,1830
2019-01-30 12:20,1848
2019-01-30 12:25,1856
2019-01-30 12:30,1880
2019-01-30 12:35,1909
2019-01-30 12:40,1935
2019-01-30 12:45,1952
2019-01-30 12:50,1968
2019-01-30 12:55,1988
2019-01-30 13:00,2013
2019-01-30 13:05,2010
2019-01-30 13:10,2022
2019-01-30 13:15,2029
2019-01-30 13:20,2053
2019-01-30 13:25,2047
2019-01-30 13:30,2076
2019-01-30 13:35,2103
2019-01-30 13:40,2143
2019-01-30 13:45,2147
2019-01-30 13:50,2156
2019-01-30 13:55,2153
2019-01-30 14:00,2181
2019-01-30 14:05,2186
2019-01-30 14:10,2186
2019-01-30 14:15,2223
2019-01-30 14:20,2225
2019-01-30 14:25,2252
2019-01-30 14:30,2271
2019-01-30 14:35,2280
2019-01-30 14:40,2292
2019-01-30 14:45,2296
2019-01-30 14:50,2326
2019-01-30 14:55,2368
2019-01-30 15:00,2385
2019-01-30 15:05,2425
2019-01-30 15:10,2409
2019-01-30 15:15,2424
2019-01-30 15:20,2430
2019-01-30 15:25,2448
2019-01-30 15:30,2489
2019-01-30 15:35,2508
2019-01-30 15:40,2544
2019-01-30 15:45,2555
2019-01-30 15:50,2575
2019-01-30 15:55,2594
2019-01-30 16:00,2602
2019-01-30 16:05,2625
2019-01-30 16:10,2641
2019-01-30 16:15,2650
2019-01-30 16:20,2672
2019-01-30 16:25,2719
2019-01-30 16:30,2720
2019-01-30 16:35,2750
2019-01-30 16:40,2774
2019-01-30 16:45,2802
2019-01-30 16:50,2808
2019-01-30 16:55,2853
2019-01-30 17:00,2825
2019-01-30 17:05,2830
2019-01-30 17:10,2855
2019-01-30 17:15,2869
2019-01-30 17:20,2872
2019-01-30 17:25,1928
2019-01-30 17:30,1879
2019-01-30 17:35,2623
2019-01-30 17:40,2923
2019-01-30 17:45,2924
2019-01-30 17:50,2932
2019-01-30 17:55,2950
2019-01-30 18:00,2975
2019-01-30 18:05,2983
2019-01-30 18:10,2995
2019-01-30 18:15,3020
2019-01-30 18:20,3046
2019-01-30 18:25,3054
2019-01-30 18:30,3050
2019-01-30 18:35,3084
2019-01-30 18:40,3085
2019-01-30 18:45,3092
2019-01-30 18:50,3089
2019-01-30 18:55,3109
2019-01-30 19:00,
2019-01-30 19:05,
2019-01-30 19:10,1430
2019-01-30 19:15,2597
2019-01-30 19:20,3097
2019-01-30 19:25,3123
2019-01-30 19:30,3129
2019-01-30 19:35,3140
2019-01-30 19:40,3130
2019-01-30 19:45,3153
2019-01-30 19:50,3180
2019-01-30 19:55,3170
2019-01-30 20:00,3177
2019-01-30 20:05,3173
2019-01-30 20:10,3179
2019-01-30 20:15,3188
2019-01-30 20:20,3165
2019-01-30 20:25,3147
2019-01-30 20:30,3136
2019-01-30 20:35,3094
2019-01-30 20:40,3073
2019-01-30 20:45,3076
2019-01-30 20:50,3035
2019-01-30 20:55,3038
2019-01-30 21:00,3049
2019-01-30 21:05,3066
2019-01-30 21:10,3038
2019-01-30 21:15,2999
2019-01-30 21:20,2949
2019-01-30 21:25,2938
2019-01-30 21:30,2903
2019-01-30 21:35,2879
2019-01-30 21:40,2859
2019-01-30 21:45,2845
2019-01-30 21:50,2776
2019-01-30 21:55,2774
2019-01-30 22:00,2727
2019-01-30 22:05,0
2019-01-30 22:10,
2019-01-30 22:15,0
2019-01-30 22:20,
2019-01-30 22:25,2588
2019-01-30 22:30,2581
2019-01-30 22:35,2552
2019-01-30 22:40,2526
2019-01-30 22:45,2485
2019-01-30 22:50,2479
2019-01-30 22:55,2444
2019-01-30 23:00,2407
2019-01-30 23:05,2380
2019-01-30 23:10,2357
2019-01-30 23:15,2348
2019-01-30 23:20,2327
2019-01-30 23:25,2314
2019-01-30 23:30,2289
2019-01-30 23:35,2276
2019-01-30 23:40,2269
2019-01-30 23:45,2254
2019-01-30 23:50,2235
2019-01-30 23:55,2195
2019-01-31 00:00,2162
2019-01-31 00:05,2155
2019-01-31 00:10,2150
2019-01-31 00:15,2113
2019-01-31 00:20,2087
2019-01-31 00:25,2077
2019-01-31 00:30,2062
2019-01-31 00:35,2065
2019-01-31 00:40,2059
2019-01-31 00:45,2043
2019-01-31 00:50,2027
2019-01-31 00:55,2019
2019-01-31 01:00,1980
2019-01-31 01:05,1965
2019-01-31 01:10,1956
2019-01-31 01:15,1936
2019-01-31 01:20,1913
2019-01-31 01:25,1894
2019-01-31 01:30,1883
2019-01-31 01:35,1880
2019-01-31 01:40,1888
2019-01-31 01:45,1886
2019-01-31 01:50,1880
2019-01-31 01:55,1885
2019-01-31 02:00,1890
2019-01-31 02:05,1880
2019-01-31 02:10,1874
2019-01-31 02:15,1867
2019-01-31 02:20,1877
2019-01-31 02:25,1869
2019-01-31 02:30,1890
2019-01-31 02:35,1888
2019-01-31 02:40,1863
2019-01-31 02:45,1836
2019-01-31 02:50,1852
2019-01-31 02:55,1842
2019-01-31 03:00,1814
2019-01-31 03:05,1795
2019-01-31 03:10,1792
2019-01-31 03:15,1777
2019-01-31 03:20,1759
2019-01-31 03:25,1757
2019-01-31 03:30,1740
2019-01-31 03:35,1722
2019-01-31 03:40,1711
2019-01-31 03:45,1685
2019-01-31 03:50,1677
2019-01-31 03:55,1668
2019-01-31 04:00,1654
2019-01-31 04:05,1626
2019-01-31 04:10,1619
2019-01-31 04:15,1598
2019-01-31 04:20,1602
2019-01-31 04:25,1573
2019-01-31 04:30,1553
2019-01-31 04:35,1528
2019-01-31 04:40,1499
2019-01-31 04:45,1493
2019-01-31 04:50,1469
2019-01-31 04:55,1467
2019-01-31 05:00,1451
2019-01-31 05:05,1424
2019-01-31 05:10,1417
2019-01-31 05:15,1411
2019-01-31 05:20,1400
2019-01-31 05:25,1388
2019-01-31 05:30,1387
2019-01-31 05:35,1373
2019-01-31 05:40,1368
2019-01-31 05:45,1370
2019-01-31 05:50,1364
2019-01-31 05:55,1339
2019-01-31 06:00,1329
2019-01-31 06:05,1313
2019-01-31 06:10,1288
2019-01-31 06:15,1281
2019-01-31 06:20,1284
2019-01-31 06:25,1268
2019-01-31 06:30,1271
2019-01-31 06:35,1272
2019-01-31 06:40,1261
2019-01-31 06:45,1261
2019-01-31 06:50,1249
2019-01-31 06:55,1235
2019-01-31 07:00,1223
2019-01-31 07:05,1205
2019-01-31 07:10,1194
2019-01-31 07:15,1192
2019-01-31 07:20,1209
2019-01-31 07:25,1194
2019-01-31 07:30,1207
2019-01-31 07:35,1216
2019-01-31 07:40,1236
2019-01-31 07:45,1231
2019-01-31 07:50,1256
2019-01-31 07:55,1252
2019-01-31 08:00,1265
2019-01-31 08:05,1265
2019-01-31 08:10,1270
2019-01-31 08:15,1270
2019-01-31 08:20,1270
2019-01-31 08:25,1279
2019-01-31 08:30,1290
2019-01-31 08:35,1309
2019-01-31 08:40,1301
2019-01-31 08:45,1311
2019-01-31 08:50,1345
2019-01-31 08:55,1352
2019-01-31 09:00,1359
2019-01-31 09:05,1388
2019-01-31 09:10,1393
2019-01-31 09:15,1410
2019-01-31 09:20,1423
2019-01-31 09:25,1419
2019-01-31 09:30,1413
2019-01-31 09:35,1405
2019-01-31 09:40,1428
2019-01-31 09:45,1436
2019-01-31 09:50,1439
2019-01-31 09:55,1434
2019-01-31 10:00,1452
2019-01-31 10:05,1488
2019-01-31 10:10,1516
2019-01-31 10:15,1544
2019-01-31 10:20,1567
2019-01-31 10:25,1597
2019-01-31 10:30,1621
2019-01-31 10:35,1627
2019-01-31 10:40,1633
2019-01-31 10:45,1632
2019-01-31 10:50,1650
2019-01-31 10:55,1665
2019-01-31 11:00,1672
2019-01-31 11:05,1672
2019-01-31 11:10,1677
2019-01-31 11:15,1665
2019-01-31 11:20,1700
2019-01-31 11:25,1722
2019-01-31 11:30,1741
2019-01-31 11:35,1730
2019-01-31 11:40,1750
2019-01-31 11:45,1782
2019-01-31 11:50,1788
2019-01-31 11:55,1810
2019-01-31 12:00,1829
2019-01-31 12:05,1844
2019-01-31 12:10,1860
2019-01-31 12:15,1865
2019-01-31 12:20,1873
2019-01-31 12:25,1888
2019-01-31 12:30,1894
2019-01-31 12:35,1899
2019-01-31 12:40,1911
2019-01-31 12:45,1942
2019-01-31 12:50,1954
2019-01-31 12:55,1962
2019-01-31 13:00,1978
2019-01-31 13:05,1989
2019-01-31 13:10,2009
2019-01-31 13:15,2002
2019-01-31 13:20,2013
2019-01-31 13:25,2043
2019-01-31 13:30,2043
2019-01-31 13:35,2066
2019-01-31 13:40,2068
2019-01-31 13:45,2082
2019-01-31 13:50,2097
2019-01-31 13:55,2110
2019-01-31 14:00,2102
2019-01-31 14:05,2106
2019-01-31 14:10,2118
2019-01-31 14:15,2121
2019-01-31 14:20,2130
2019-01-31 14:25,2131
2019-01-31 14:30,2130
2019-01-31 14:35,2124
2019-01-31 14:40,2117
2019-01-31 14:45,2127
2019-01-31 14:50,2106
2019-01-31 14:55,2044
2019-01-31 15:00,1952
2019-01-31 15:05,1661
2019-01-31 15:10,1254
2019-01-31 15:15,1243
2019-01-31 15:20,1240
2019-01-31 15:25,1233
2019-01-31 15:30,1250
2019-01-31 15:35,1263
2019-01-31 15:40,1272
2019-01-31 15:45,1284
2019-01-31 15:50,1281
2019-01-31 15:55,1305
2019-01-31 16:00,1342
2019-01-31 16:05,1383
2019-01-31 16:10,1544
2019-01-31 16:15,1674
2019-01-31 16:20,1770
2019-01-31 16:25,1875
2019-01-31 16:30,1968
2019-01-31 16:35,2065
2019-01-31 16:40,2154
2019-01-31 16:45,2239
2019-01-31 16:50,2294
2019-01-31 16:55,2364
2019-01-31 17:00,2429
2019-01-31 17:05,2488
2019-01-31 17:10,2576
2019-01-31 17:15,2625
2019-01-31 17:20,2691
2019-01-31 17:25,2759
2019-01-31 17:30,2785
2019-01-31 17:35,2837
2019-01-31 17:40,2886
2019-01-31 17:45,2911
2019-01-31 17:50,2917
2019-01-31 17:55,2928
2019-01-31 18:00,2964
2019-01-31 18:05,2959
2019-01-31 18:10,2956
2019-01-31 18:15,2976
2019-01-31 18:20,2959
2019-01-31 18:25,2961
2019-01-31 18:30,2989
2019-01-31 18:35,2997
2019-01-31 18:40,3016
2019-01-31 18:45,3049
2019-01-31 18:50,3058
2019-01-31 18:55,3032
2019-01-31 19:00,3037
2019-01-31 19:05,3043
2019-01-31 19:10,3046
2019-01-31 19:15,3049
2019-01-31 19:20,3090
2019-01-31 19:25,3092
2019-01-31 19:30,3099
2019-01-31 19:35,3118
2019-01-31 19:40,3119
2019-01-31 19:45,3121
2019-01-31 19:50,3110
2019-01-31 19:55,3094
2019-01-31 20:00,3081
2019-01-31 20:05,3072
2019-01-31 20:10,3050
2019-01-31 20:15,3047
2019-01-31 20:20,3047
2019-01-31 20:25,3042
2019-01-31 20:30,3030
2019-01-31 20:35,3015
2019-01-31 20:40,2998
2019-01-31 20:45,3001
2019-01-31 20:50,2948
2019-01-31 20:55,2943
2019-01-31 21:00,2914
2019-01-31 21:05,2912
2019-01-31 21:10,2881
2019-01-31 21:15,2827
2019-01-31 21:20,2816
2019-01-31 21:25,2812
2019-01-31 21:30,2776
2019-01-31 21:35,2793
2019-01-31 21:40,2772
2019-01-31 21:45,2734
2019-01-31 21:50,2722
2019-01-31 21:55,2720
2019-01-31 22:00,2696
2019-01-31 22:05,2678
2019-01-31 22:10,2651
2019-01-31 22:15,2602
2019-01-31 22:20,2557
2019-01-31 22:25,2544
2019-01-31 22:30,2534
2019-01-31 22:35,2512
2019-01-31 22:40,2496
2019-01-31 22:45,2471
2019-01-31 22:50,2428
2019-01-31 22:55,2388
2019-01-31 23:00,2287
2019-01-31 23:05,2106
2019-01-31 23:10,1562
2019-01-31 23:15,1571
2019-01-31 23:20,1693
2019-01-31 23:25,1775
2019-01-31 23:30,1844
2019-01-31 23:35,1890
2019-01-31 23:40,1943
2019-01-31 23:45,1967
2019-01-31 23:50,1988
2019-01-31 23:55,2029
2019-02-01 00:00,2047
2019-02-01 00:05,2062
2019-02-01 00:10,2066
2019-02-01 00:15,2089
2019-02-01 00:20,2080
2019-02-01 00:25,2068
2019-02-01 00:30,2086
2019-02-01 00:35,2093
2019-02-01 00:40,2079
2019-02-01 00:45,2055
2019-02-01 00:50,2049
2019-02-01 00:55,2037
2019-02-01 01:00,2011
2019-02-01 01:05,1979
2019-02-01 01:10,1955
2019-02-01 01:15,1953
2019-02-01 01:20,1931
2019-02-01 01:25,1929
2019-02-01 01:30,1919
2019-02-01 01:35,1888
2019-02-01 01:40,1879
2019-02-01 01:45,1859
2019-02-01 01:50,1856
2019-02-01 01:55,1849
2019-02-01 02:00,1836
2019-02-01 02:05,1815
2019-02-01 02:10,1812
2019-02-01 02:15,1833
2019-02-01 02:20,1832
2019-02-01 02:25,1821
2019-02-01 02:30,1819
2019-02-01 02:35,1818
2019-02-01 02:40,1788
2019-02-01 02:45,1762
2019-02-01 02:50,1746
2019-02-01 02:55,1724
2019-02-01 03:00,1694
2019-02-01 03:05,1675
2019-02-01 03:10,1677
2019-02-01 03:15,1676
2019-02-01 03:20,1666
2019-02-01 03:25,1672
2019-02-01 03:30,1673
2019-02-01 03:35,1668
2019-02-01 03:40,1641
2019-02-01 03:45,1620
2019-02-01 03:50,1606
2019-02-01 03:55,1576
2019-02-01 04:00,1575
2019-02-01 04:05,1542
2019-02-01 04:10,1533
2019-02-01 04:15,1520
2019-02-01 04:20,1504
2019-02-01 04:25,1489
2019-02-01 04:30,1485
2019-02-01 04:35,1468
2019-02-01 04:40,1438
2019-02-01 04:45,1437
2019-02-01 04:50,1442
2019-02-01 04:55,1423
2019-02-01 05:00,1409
2019-02-01 05:05,1375
2019-02-01 05:10,1367
2019-02-01 05:15,1373
2019-02-01 05:20,1355
2019-02-01 05:25,1336
2019-02-01 05:30,1313
2019-02-01 05:35,1323
2019-02-01 05:40,1315
2019-02-01 05:45,1322
2019-02-01 05:50,1321
2019-02-01 05:55,1313
2019-02-01 06:00,1301
2019-02-01 06:05,1306
2019-02-01 06:10,1309
2019-02-01 06:15,1324
2019-02-01 06:20,1326
2019-02-01 06:25,1339
2019-02-01 06:30,1308
2019-02-01 06:35,1307
2019-02-01 06:40,1293
2019-02-01 06:45,1283
2019-02-01 06:50,1280
2019-02-01 06:55,1281
2019-02-01 07:00,1264
2019-02-01 07:05,1270
2019-02-01 07:10,1274
2019-02-01 07:15,1279
2019-02-01 07:20,1279
2019-02-01 07:25,1289
2019-02-01 07:30,1282
2019-02-01 07:35,1287
2019-02-01 07:40,1306
2019-02-01 07:45,1318
2019-02-01 07:50,1329
2019-02-01 07:55,1313
2019-02-01 08:00,1315
2019-02-01 08:05,1301
2019-02-01 08:10,1300
2019-02-01 08:15,1307
2019-02-01 08:20,1320
2019-02-01 08:25,1341
2019-02-01 08:30,1338
2019-02-01 08:35,1344
2019-02-01 08:40,1358
2019-02-01 08:45,1354
2019-02-01 08:50,1357
2019-02-01 08:55,1369
2019-02-01 09:00,1368
2019-02-01 09:05,1388
2019-02-01 09:10,1401
2019-02-01 09:15,1425
2019-02-01 09:20,1440
2019-02-01 09:25,1444
2019-02-01 09:30,1482
2019-02-01 09:35,1493
2019-02-01 09:40,1514
2019-02-01 09:45,1515
2019-02-01 09:50,1556
2019-02-01 09:55,1559
2019-02-01 10:00,1578
2019-02-01 10:05,1602
2019-02-01 10:10,1669
2019-02-01 10:15,1682
2019-02-01 10:20,1688
2019-02-01 10:25,1673
2019-02-01 10:30,1700
2019-02-01 10:35,1705
2019-02-01 10:40,1720
2019-02-01 10:45,1723
2019-02-01 10:50,1744
2019-02-01 10:55,1769
2019-02-01 11:00,1783
2019-02-01 11:05,1811
2019-02-01 11:10,1824
2019-02-01 11:15,1824
2019-02-01 11:20,1833
2019-02-01 11:25,1823
2019-02-01 11:30,1831
2019-02-01 11:35,1858
2019-02-01 11:40,1870
2019-02-01 11:45,1875
2019-02-01 11:50,1880
2019-02-01 11:55,1922
2019-02-01 12:00,1928
2019-02-01 12:05,1934
2019-02-01 12:10,1965
2019-02-01 12:15,1982
2019-02-01 12:20,2011
2019-02-01 12:25,2045
2019-02-01 12:30,2052
2019-02-01 12:35,2060
2019-02-01 12:40,2071
2019-02-01 12:45,2075
2019-02-01 12:50,2077
2019-02-01 12:55,2077
2019-02-01 13:00,2090
2019-02-01 13:05,2126
2019-02-01 13:10,2124
2019-02-01 13:15,2141
2019-02-01 13:20,2148
2019-02-01 13:25,2143
2019-02-01 13:30,2126
2019-02-01 13:35,2144
2019-02-01 13:40,2156
2019-02-01 13:45,2181
2019-02-01 13:50,2202
2019-02-01 13:55,2237
2019-02-01 14:00,2237
2019-02-01 14:05,2252
2019-02-01 14:10,2258
2019-02-01 14:15,2281
2019-02-01 14:20,2311
2019-02-01 14:25,2344
2019-02-01 14:30,2347
2019-02-01 14:35,2367
2019-02-01 14:40,2370
2019-02-01 14:45,2362
2019-02-01 14:50,2355
2019-02-01 14:55,2373
2019-02-01 15:00,2384
2019-02-01 15:05,2367
2019-02-01 15:10,2405
2019-02-01 15:15,2410
2019-02-01 15:20,2423
2019-02-01 15:25,2439
2019-02-01 15:30,2446
2019-02-01 15:35,2452
2019-02-01 15:40,2472
2019-02-01 15:45,2467
2019-02-01 15:50,2478
2019-02-01 15:55,2503
2019-02-01 16:00,2479
2019-02-01 16:05,2519
2019-02-01 16:10,2547
2019-02-01 16:15,2552
2019-02-01 16:20,2562
2019-02-01 16:25,2584
2019-02-01 16:30,2610
2019-02-01 16:35,2642
2019-02-01 16:40,2667
2019-02-01 16:45,2683
2019-02-01 16:50,2716
2019-02-01 16:55,2718
2019-02-01 17:00,2766
2019-02-01 17:05,2773
2019-02-01 17:10,2810
2019-02-01 17:15,2814
2019-02-01 17:20,2817
2019-02-01 17:25,2850
2019-02-01 17:30,2863
2019-02-01 17:35,2870
2019-02-01 17:40,2891
2019-02-01 17:45,2906
2019-02-01 17:50,2897
2019-02-01 17:55,2879
2019-02-01 18:00,2889
2019-02-01 18:05,2890
2019-02-01 18:10,2867
2019-02-01 18:15,2874
2019-02-01 18:20,2882
2019-02-01 18:25,2881
2019-02-01 18:30,2867
2019-02-01 18:35,2893
2019-02-01 18:40,2921
2019-02-01 18:45,2955
2019-02-01 18:50,2981
2019-02-01 18:55,2987
2019-02-01 19:00,3005
2019-02-01 19:05,3004
2019-02-01 19:10,2993
2019-02-01 19:15,2986
2019-02-01 19:20,2989
2019-02-01 19:25,2983
2019-02-01 19:30,2978
2019-02-01 19:35,2989
2019-02-01 19:40,2991
2019-02-01 19:45,2962
2019-02-01 19:50,2976
2019-02-01 19:55,2993
2019-02-01 20:00,2969
2019-02-01 20:05,2966
2019-02-01 20:10,2951
2019-02-01 20:15,2959
2019-02-01 20:20,2974
2019-02-01 20:25,2994
2019-02-01 20:30,2983
2019-02-01 20:35,2986
2019-02-01 20:40,2994
2019-02-01 20:45,2964
2019-02-01 20:50,2969
2019-02-01 20:55,2934
2019-02-01 21:00,2962
2019-02-01 21:05,2937
2019-02-01 21:10,2921
2019-02-01 21:15,2912
2019-02-01 21:20,2903
2019-02-01 21:25,2910
2019-02-01 21:30,2889
2019-02-01 21:35,2900
2019-02-01 21:40,2880
2019-02-01 21:45,2883
2019-02-01 21:50,2866
2019-02-01 21:55,2850
2019-02-01 22:00,2838
2019-02-01 22:05,2811
2019-02-01 22:10,2840
2019-02-01 22:15,2809
2019-02-01 22:20,2776
2019-02-01 22:25,2762
2019-02-01 22:30,2737
2019-02-01 22:35,2719
2019-02-01 22:40,2693
2019-02-01 22:45,2649
2019-02-01 22:50,2632
2019-02-01 22:55,2608
2019-02-01 23:00,2576
2019-02-01 23:05,2567
2019-02-01 23:10,2531
2019-02-01 23:15,2496
2019-02-01 23:20,2460
2019-02-01 23:25,2447
2019-02-01 23:30,2413
2019-02-01 23:35,2383
2019-02-01 23:40,2381
2019-02-01 23:45,2368
2019-02-01 23:50,2369
2019-02-01 23:55,2361
2019-02-02 00:00,2347
2019-02-02 00:05,2341
2019-02-02 00:10,2321
2019-02-02 00:15,2272
2019-02-02 00:20,2258
2019-02-02 00:25,2228
2019-02-02 00:30,2202
2019-02-02 00:35,2174
2019-02-02 00:40,2168
2019-02-02 00:45,2177
2019-02-02 00:50,2160
2019-02-02 00:55,2143
2019-02-02 01:00,2095
2019-02-02 01:05,2070
2019-02-02 01:10,2056
2019-02-02 01:15,2041
2019-02-02 01:20,2046
2019-02-02 01:25,2043
2019-02-02 01:30,2038
2019-02-02 01:35,2024
2019-02-02 01:40,2014
2019-02-02 01:45,2014
2019-02-02 01:50,2016
2019-02-02 01:55,2012
2019-02-02 02:00,2002
2019-02-02 02:05,1976
2019-02-02 02:10,1974
2019-02-02 02:15,1964
2019-02-02 02:20,1982
2019-02-02 02:25,1969
2019-02-02 02:30,1978
2019-02-02 02:35,1982
2019-02-02 02:40,1977
2019-02-02 02:45,1975
2019-02-02 02:50,1957
2019-02-02 02:55,1953
2019-02-02 03:00,1971
2019-02-02 03:05,1970
2019-02-02 03:10,1963
2019-02-02 03:15,1944
2019-02-02 03:20,1917
2019-02-02 03:25,1917
2019-02-02 03:30,1916
2019-02-02 03:35,1894
2019-02-02 03:40,1884
2019-02-02 03:45,1888
2019-02-02 03:50,1888
2019-02-02 03:55,1873
2019-02-02 04:00,1875
2019-02-02 04:05,1870
2019-02-02 04:10,1874
2019-02-02 04:15,1863
2019-02-02 04:20,1848
2019-02-02 04:25,1818
2019-02-02 04:30,1797
2019-02-02 04:35,1782
2019-02-02 04:40,1774
2019-02-02 04:45,1760
2019-02-02 04:50,1738
2019-02-02 04:55,1714
2019-02-02 05:00,1704
2019-02-02 05:05,1680
2019-02-02 05:10,1667
2019-02-02 05:15,1652
2019-02-02 05:20,1642
2019-02-02 05:25,1632
2019-02-02 05:30,1639
2019-02-02 05:35,1608
2019-02-02 05:40,1600
2019-02-02 05:45,1598
2019-02-02 05:50,1585
2019-02-02 05:55,1579
2019-02-02 06:00,1573
2019-02-02 06:05,1568
2019-02-02 06:10,1576
2019-02-02 06:15,1533
2019-02-02 06:20,1555
2019-02-02 06:25,1549
2019-02-02 06:30,1538
2019-02-02 06:35,1533
2019-02-02 06:40,1544
2019-02-02 06:45,1545
2019-02-02 06:50,1563
2019-02-02 06:55,1576
2019-02-02 07:00,1576
2019-02-02 07:05,1576
2019-02-02 07:10,1577
2019-02-02 07:15,1564
2019-02-02 07:20,1566
2019-02-02 07:25,1575
2019-02-02 07:30,1576
2019-02-02 07:35,1599
2019-02-02 07:40,1604
2019-02-02 07:45,1603
2019-02-02 07:50,1625
2019-02-02 07:55,1626
2019-02-02 08:00,1641
2019-02-02 08:05,1680
2019-02-02 08:10,1679
2019-02-02 08:15,1676
2019-02-02 08:20,1677
2019-02-02 08:25,1663
2019-02-02 08:30,1673
2019-02-02 08:35,1668
2019-02-02 08:40,1708
2019-02-02 08:45,1706
2019-02-02 08:50,1726
2019-02-02 08:55,1742
2019-02-02 09:00,1748
2019-02-02 09:05,1772
2019-02-02 09:10,1777
2019-02-02 09:15,1787
2019-02-02 09:20,1790
2019-02-02 09:25,1814
2019-02-02 09:30,1860
2019-02-02 09:35,1861
2019-02-02 09:40,1873
2019-02-02 09:45,1895
2019-02-02 09:50,1919
2019-02-02 09:55,1928
2019-02-02 10:00,1950
2019-02-02 10:05,1994
2019-02-02 10:10,2032
2019-02-02 10:15,2059
2019-02-02 10:20,2066
2019-02-02 10:25,2096
2019-02-02 10:30,2118
2019-02-02 10:35,2103
2019-02-02 10:40,2125
2019-02-02 10:45,2129
2019-02-02 10:50,2167
2019-02-02 10:55,2207
2019-02-02 11:00,2210
2019-02-02 11:05,2230
2019-02-02 11:10,2257
2019-02-02 11:15,2261
2019-02-02 11:20,2277
2019-02-02 11:25,2300
2019-02-02 11:30,2291
2019-02-02 11:35,2310
2019-02-02 11:40,2344
2019-02-02 11:45,2381
2019-02-02 11:50,2403
2019-02-02 11:55,2390
2019-02-02 12:00,2422
2019-02-02 12:05,2426
2019-02-02 12:10,2420
2019-02-02 12:15,2452
2019-02-02 12:20,2458
2019-02-02 12:25,2477
2019-02-02 12:30,2478
2019-02-02 12:35,2461
2019-02-02 12:40,2478
2019-02-02 12:45,2499
2019-02-02 12:50,2516
2019-02-02 12:55,2524
2019-02-02 13:00,2532
2019-02-02 13:05,2542
2019-02-02 13:10,2558
2019-02-02 13:15,2559
2019-02-02 13:20,2595
2019-02-02 13:25,2609
2019-02-02 13:30,2622
2019-02-02 13:35,2647
2019-02-02 13:40,2651
2019-02-02 13:45,2677
2019-02-02 13:50,2708
2019-02-02 13:55,2717
2019-02-02 14:00,2723
2019-02-02 14:05,2736
2019-02-02 14:10,2753
2019-02-02 14:15,2747
2019-02-02 14:20,2780
2019-02-02 14:25,2790
2019-02-02 14:30,2816
2019-02-02 14:35,2843
2019-02-02 14:40,2866
2019-02-02 14:45,2894
2019-02-02 14:50,2898
2019-02-02 14:55,2913
2019-02-02 15:00,2930
2019-02-02 15:05,2961
2019-02-02 15:10,2984
2019-02-02 15:15,2990
2019-02-02 15:20,3014
2019-02-02 15:25,3002
2019-02-02 15:30,3049
2019-02-02 15:35,3055
2019-02-02 15:40,3088
2019-02-02 15:45,3082
2019-02-02 15:50,3096
2019-02-02 15:55,3120
2019-02-02 16:00,3116
2019-02-02 16:05,3136
2019-02-02 16:10,3132
2019-02-02 16:15,3138
2019-02-02 16:20,3140
2019-02-02 16:25,3124
2019-02-02 16:30,3113
2019-02-02 16:35,3118
2019-02-02 16:40,3136
2019-02-02 16:45,3131
2019-02-02 16:50,3124
2019-02-02 16:55,3143
2019-02-02 17:00,3176
2019-02-02 17:05,3169
2019-02-02 17:10,3161
2019-02-02 17:15,3176
2019-02-02 17:20,3149
2019-02-02 17:25,3151
2019-02-02 17:30,3168
2019-02-02 17:35,3192
2019-02-02 17:40,3215
2019-02-02 17:45,3218
2019-02-02 17:50,3229
2019-02-02 17:55,3256
2019-02-02 18:00,3251
2019-02-02 18:05,3255
2019-02-02 18:10,3277
2019-02-02 18:15,3295
2019-02-02 18:20,3306
2019-02-02 18:25,3316
2019-02-02 18:30,3322
2019-02-02 18:35,3346
2019-02-02 18:40,3357
2019-02-02 18:45,3368
2019-02-02 18:50,3363
2019-02-02 18:55,3373
2019-02-02 19:00,3374
2019-02-02 19:05,3359
2019-02-02 19:10,3350
2019-02-02 19:15,3354
2019-02-02 19:20,3353
2019-02-02 19:25,3329
2019-02-02 19:30,3353
2019-02-02 19:35,3378
2019-02-02 19:40,3375
2019-02-02 19:45,3399
2019-02-02 19:50,3412
2019-02-02 19:55,3413
2019-02-02 20:00,3464
2019-02-02 20:05,3476
2019-02-02 20:10,3459
2019-02-02 20:15,3476
2019-02-02 20:20,3464
2019-02-02 20:25,3470
2019-02-02 20:30,3460
2019-02-02 20:35,3472
2019-02-02 20:40,3494
2019-02-02 20:45,3496
2019-02-02 20:50,3499
2019-02-02 20:55,3496
2019-02-02 21:00,3502
2019-02-02 21:05,3505
2019-02-02 21:10,3495
2019-02-02 21:15,3481
2019-02-02 21:20,3465
2019-02-02 21:25,
2019-02-02 21:30,
2019-02-02 21:35,2900
2019-02-02 21:40,3333
2019-02-02 21:45,3346
2019-02-02 21:50,3345
2019-02-02 21:55,3313
2019-02-02 22:00,3313
2019-02-02 22:05,3267
2019-02-02 22:10,3220
2019-02-02 22:15,3184
2019-02-02 22:20,3178
2019-02-02 22:25,3166
2019-02-02 22:30,3166
2019-02-02 22:35,3170
2019-02-02 22:40,3099
2019-02-02 22:45,3040
2019-02-02 22:50,3004
2019-02-02 22:55,2966
2019-02-02 23:00,2966
2019-02-02 23:05,2905
2019-02-02 23:10,2891
2019-02-02 23:15,2844
2019-02-02 23:20,2815
2019-02-02 23:25,2786
2019-02-02 23:30,2747
2019-02-02 23:35,2715
2019-02-02 23:40,2694
2019-02-02 23:45,2671
2019-02-02 23:50,2665
2019-02-02 23:55,2660
2019-02-03 00:00,2629
2019-02-03 00:05,2610
2019-02-03 00:10,2573
2019-02-03 00:15,2537
2019-02-03 00:20,2533
2019-02-03 00:25,2504
2019-02-03 00:30,2470
2019-02-03 00:35,2452
2019-02-03 00:40,2445
2019-02-03 00:45,2422
2019-02-03 00:50,2400
2019-02-03 00:55,2380
2019-02-03 01:00,2357
2019-02-03 01:05,2354
2019-02-03 01:10,2339
2019-02-03 01:15,2339
2019-02-03 01:20,2318
2019-02-03 01:25,2299
2019-02-03 01:30,2288
2019-02-03 01:35,2264
2019-02-03 01:40,2258
2019-02-03 01:45,2246
2019-02-03 01:50,2220
2019-02-03 01:55,2210
2019-02-03 02:00,2187
2019-02-03 02:05,2181
2019-02-03 02:10,2171
2019-02-03 02:15,2178
2019-02-03 02:20,2139
2019-02-03 02:25,2135
2019-02-03 02:30,2137
2019-02-03 02:35,2116
2019-02-03 02:40,2093
2019-02-03 02:45,2080
2019-02-03 02:50,2057
2019-02-03 02:55,2033
2019-02-03 03:00,2026
2019-02-03 03:05,2019
2019-02-03 03:10,2018
2019-02-03 03:15,2002
2019-02-03 03:20,2019
2019-02-03 03:25,2019
2019-02-03 03:30,2007
2019-02-03 03:35,2004
2019-02-03 03:40,1990
2019-02-03 03:45,1962
2019-02-03 03:50,1953
2019-02-03 03:55,1960
2019-02-03 04:00,1924
2019-02-03 04:05,1915
2019-02-03 04:10,1899
2019-02-03 04:15,1872
2019-02-03 04:20,1845
2019-02-03 04:25,1848
2019-02-03 04:30,1841
2019-02-03 04:35,1830
2019-02-03 04:40,1825
2019-02-03 04:45,1807
2019-02-03 04:50,1807
2019-02-03 04:55,1776
2019-02-03 05:00,1783
2019-02-03 05:05,1756
2019-02-03 05:10,1731
2019-02-03 05:15,1719
2019-02-03 05:20,1702
2019-02-03 05:25,1701
2019-02-03 05:30,1696
2019-02-03 05:35,1699
2019-02-03 05:40,1708
2019-02-03 05:45,1703
2019-02-03 05:50,1697
2019-02-03 05:55,1702
2019-02-03 06:00,1700
2019-02-03 06:05,1698
2019-02-03 06:10,1694
2019-02-03 06:15,1679
2019-02-03 06:20,1652
2019-02-03 06:25,1652
2019-02-03 06:30,1650
2019-02-03 06:35,1644
2019-02-03 06:40,1647
2019-02-03 06:45,1629
2019-02-03 06:50,1629
2019-02-03 06:55,1652
2019-02-03 07:00,1650
2019-02-03 07:05,1662
2019-02-03 07:10,1661
2019-02-03 07:15,1651
2019-02-03 07:20,1658
2019-02-03 07:25,1678
2019-02-03 07:30,1694
2019-02-03 07:35,1703
2019-02-03 07:40,1710
2019-02-03 07:45,1721
2019-02-03 07:50,1726
2019-02-03 07:55,1729
2019-02-03 08:00,1751
2019-02-03 08:05,1762
2019-02-03 08:10,1741
2019-02-03 08:15,1743
2019-02-03 08:20,1760
2019-02-03 08:25,1745
2019-02-03 08:30,1780
2019-02-03 08:35,1783
2019-02-03 08:40,1779
2019-02-03 08:45,1796
2019-02-03 08:50,1821
2019-02-03 08:55,1839
2019-02-03 09:00,1868
2019-02-03 09:05,1878
2019-02-03 09:10,1889
2019-02-03 09:15,1914
2019-02-03 09:20,1956
2019-02-03 09:25,1956
2019-02-03 09:30,1987
2019-02-03 09:35,2009
2019-02-03 09:40,2009
2019-02-03 09:45,2058
2019-02-03 09:50,2058
2019-02-03 09:55,2103
2019-02-03 10:00,2161
2019-02-03 10:05,2227
2019-02-03 10:10,2227
2019-02-03 10:15,2288
2019-02-03 10:20,2288
2019-02-03 10:25,2318
2019-02-03 10:30,2331
2019-02-03 10:35,2331
2019-02-03 10:40,2369
2019-02-03 10:45,2382
2019-02-03 10:50,2392
2019-02-03 10:55,2395
2019-02-03 11:00,2422
2019-02-03 11:05,2422
2019-02-03 11:10,2478
2019-02-03 11:15,2487
2019-02-03 11:20,2514
2019-02-03 11:25,2514
2019-02-03 11:30,2507
2019-02-03 11:35,2507
2019-02-03 11:40,2540
2019-02-03 11:45,2541
2019-02-03 11:50,2541
2019-02-03 11:55,2564
2019-02-03 12:00,2564
2019-02-03 12:05,2570
2019-02-03 12:10,2597
2019-02-03 12:15,2606
2019-02-03 12:20,2619
2019-02-03 12:25,2619
2019-02-03 12:30,2625
2019-02-03 12:35,2651
2019-02-03 12:40,2661
2019-02-03 12:45,2677
2019-02-03 12:50,2729
2019-02-03 12:55,2729
2019-02-03 13:00,2774
2019-02-03 13:05,2774
2019-02-03 13:10,2811
2019-02-03 13:15,2839
2019-02-03 13:20,2904
2019-02-03 13:25,2904
2019-02-03 13:30,2933
2019-02-03 13:35,2936
2019-02-03 13:40,2962
2019-02-03 13:45,2976
2019-02-03 13:50,2994
2019-02-03 13:55,3017
2019-02-03 14:00,3040
2019-02-03 14:05,3052
2019-02-03 14:10,3035
2019-02-03 14:15,3050
2019-02-03 14:20,3060
2019-02-03 14:25,3070
2019-02-03 14:30,3079
2019-02-03 14:35,3097
2019-02-03 14:40,3105
2019-02-03 14:45,3105
2019-02-03 14:50,3125
2019-02-03 14:55,3177
2019-02-03 15:00,3201
2019-02-03 15:05,3231
2019-02-03 15:10,3222
2019-02-03 15:15,3237
2019-02-03 15:20,3224
2019-02-03 15:25,3259
2019-02-03 15:30,3266
2019-02-03 15:35,3264
2019-02-03 15:40,3282
2019-02-03 15:45,3286
2019-02-03 15:50,3298
2019-02-03 15:55,3330
2019-02-03 16:00,3362
2019-02-03 16:05,3375
2019-02-03 16:10,3400
2019-02-03 16:15,3423
2019-02-03 16:20,3463
2019-02-03 16:25,3470
2019-02-03 16:30,3451
2019-02-03 16:35,3456
2019-02-03 16:40,3485
2019-02-03 16:45,3483
2019-02-03 16:50,3490
2019-02-03 16:55,3485
2019-02-03 17:00,3502
2019-02-03 17:05,3515
2019-02-03 17:10,3537
2019-02-03 17:15,3538
2019-02-03 17:20,3571
2019-02-03 17:25,3593
2019-02-03 17:30,3601
2019-02-03 17:35,3616
2019-02-03 17:40,3613
2019-02-03 17:45,3604
2019-02-03 17:50,3582
2019-02-03 17:55,3570
2019-02-03 18:00,3566
2019-02-03 18:05,3557
2019-02-03 18:10,3546
2019-02-03 18:15,3552
2019-02-03 18:20,3545
2019-02-03 18:25,3562
2019-02-03 18:30,3554
2019-02-03 18:35,3582
2019-02-03 18:40,3607
2019-02-03 18:45,0
2019-02-03 18:50,3642
2019-02-03 18:55,3646
2019-02-03 19:00,3662
2019-02-03 19:05,
2019-02-03 19:10,
2019-02-03 19:15,
2019-02-03 19:20,3674
2019-02-03 19:25,3681
2019-02-03 19:30,3670
2019-02-03 19:35,3672
2019-02-03 19:40,0
2019-02-03 19:45,3645
2019-02-03 19:50,3638
2019-02-03 19:55,3638
2019-02-03 20:00,3646
2019-02-03 20:05,3629
2019-02-03 20:10,3583
2019-02-03 20:15,3522
2019-02-03 20:20,3515
2019-02-03 20:25,3520
2019-02-03 20:30,3492
2019-02-03 20:35,3481
2019-02-03 20:40,3451
2019-02-03 20:45,3412
2019-02-03 20:50,3410
2019-02-03 20:55,3396
2019-02-03 21:00,3390
2019-02-03 21:05,3372
2019-02-03 21:10,3357
2019-02-03 21:15,3343
2019-02-03 21:20,3318
2019-02-03 21:25,3282
2019-02-03 21:30,3243
2019-02-03 21:35,3209
2019-02-03 21:40,3141
2019-02-03 21:45,3136
2019-02-03 21:50,3106
2019-02-03 21:55,3082
2019-02-03 22:00,3053
2019-02-03 22:05,3029
2019-02-03 22:10,2978
2019-02-03 22:15,2925
2019-02-03 22:20,2875
2019-02-03 22:25,2848
2019-02-03 22:30,2798
2019-02-03 22:35,2787
2019-02-03 22:40,2757
2019-02-03 22:45,2722
2019-02-03 22:50,2703
2019-02-03 22:55,2681
2019-02-03 23:00,2656
2019-02-03 23:05,2619
2019-02-03 23:10,2585
2019-02-03 23:15,2542
2019-02-03 23:20,2496
2019-02-03 23:25,2458
2019-02-03 23:30,2433
2019-02-03 23:35,2420
2019-02-03 23:40,2376
2019-02-03 23:45,2342
2019-02-03 23:50,2304
2019-02-03 23:55,2291
2019-02-04 00:00,2259
2019-02-04 00:05,2228
2019-02-04 00:10,2204
2019-02-04 00:15,2161
2019-02-04 00:20,2146
2019-02-04 00:25,2141
2019-02-04 00:30,2122
2019-02-04 00:35,2104
2019-02-04 00:40,2072
2019-02-04 00:45,2033
2019-02-04 00:50,2028
2019-02-04 00:55,2041
2019-02-04 01:00,2018
2019-02-04 01:05,1996
2019-02-04 01:10,1978
2019-02-04 01:15,1957
2019-02-04 01:20,1950
2019-02-04 01:25,1940
2019-02-04 01:30,1923
2019-02-04 01:35,1919
2019-02-04 01:40,1926
2019-02-04 01:45,1905
2019-02-04 01:50,1895
2019-02-04 01:55,1879
2019-02-04 02:00,1860
2019-02-04 02:05,1833
2019-02-04 02:10,1815
2019-02-04 02:15,1816
2019-02-04 02:20,1811
2019-02-04 02:25,1817
2019-02-04 02:30,1805
2019-02-04 02:35,1803
2019-02-04 02:40,1782
2019-02-04 02:45,1772
2019-02-04 02:50,1763
2019-02-04 02:55,1755
2019-02-04 03:00,1766
2019-02-04 03:05,1756
2019-02-04 03:10,1724
2019-02-04 03:15,1724
2019-02-04 03:20,1712
2019-02-04 03:25,1720
2019-02-04 03:30,1729
2019-02-04 03:35,1720
2019-02-04 03:40,1725
2019-02-04 03:45,1696
2019-02-04 03:50,1700
2019-02-04 03:55,1686
2019-02-04 04:00,1681
2019-02-04 04:05,1672
2019-02-04 04:10,1670
2019-02-04 04:15,1667
2019-02-04 04:20,1646
2019-02-04 04:25,1624
2019-02-04 04:30,1611
2019-02-04 04:35,1599
2019-02-04 04:40,1587
2019-02-04 04:45,1565
2019-02-04 04:50,1570
2019-02-04 04:55,1550
2019-02-04 05:00,1526
2019-02-04 05:05,1512
2019-02-04 05:10,1488
2019-02-04 05:15,1483
2019-02-04 05:20,1495
2019-02-04 05:25,1474
2019-02-04 05:30,1463
2019-02-04 05:35,1465
2019-02-04 05:40,1437
2019-02-04 05:45,1417
2019-02-04 05:50,1411
2019-02-04 05:55,1392
2019-02-04 06:00,1383
2019-02-04 06:05,1381
2019-02-04 06:10,1377
2019-02-04 06:15,1353
2019-02-04 06:20,1359
2019-02-04 06:25,1345
2019-02-04 06:30,1338
2019-02-04 06:35,1330
2019-02-04 06:40,1324
2019-02-04 06:45,1316
2019-02-04 06:50,1311
2019-02-04 06:55,1328
2019-02-04 07:00,1324
2019-02-04 07:05,1310
2019-02-04 07:10,1302
2019-02-04 07:15,1305
2019-02-04 07:20,1313
2019-02-04 07:25,1306
2019-02-04 07:30,1311
2019-02-04 07:35,1302
2019-02-04 07:40,1316
2019-02-04 07:45,1320
2019-02-04 07:50,1320
2019-02-04 07:55,1309
2019-02-04 08:00,1319
2019-02-04 08:05,1323
2019-02-04 08:10,1311
2019-02-04 08:15,1328
2019-02-04 08:20,1332
2019-02-04 08:25,1336
2019-02-04 08:30,1340
2019-02-04 08:35,1336
2019-02-04 08:40,1331
2019-02-04 08:45,1341
2019-02-04 08:50,1345
2019-02-04 08:55,1351
2019-02-04 09:00,1367
2019-02-04 09:05,1386
2019-02-04 09:10,1393
2019-02-04 09:15,1390
2019-02-04 09:20,1401
2019-02-04 09:25,1398
2019-02-04 09:30,1423
2019-02-04 09:35,1436
2019-02-04 09:40,1453
2019-02-04 09:45,1453
2019-02-04 09:50,1461
2019-02-04 09:55,1462
2019-02-04 10:00,1493
2019-02-04 10:05,1533
2019-02-04 10:10,1545
2019-02-04 10:15,1569
2019-02-04 10:20,1602
2019-02-04 10:25,1607
2019-02-04 10:30,1635
2019-02-04 10:35,1654
2019-02-04 10:40,1636
2019-02-04 10:45,1648
2019-02-04 10:50,1668
2019-02-04 10:55,1672
2019-02-04 11:00,1686
2019-02-04 11:05,1687
2019-02-04 11:10,1710
2019-02-04 11:15,1731
2019-02-04 11:20,1733
2019-02-04 11:25,1769
2019-02-04 11:30,1782
2019-02-04 11:35,1801
2019-02-04 11:40,1818
2019-02-04 11:45,1843
2019-02-04 11:50,1872
2019-02-04 11:55,1875
2019-02-04 12:00,1893
2019-02-04 12:05,1905
2019-02-04 12:10,1909
2019-02-04 12:15,1917
2019-02-04 12:20,1917
2019-02-04 12:25,1937
2019-02-04 12:30,1969
2019-02-04 12:35,1999
2019-02-04 12:40,2011
2019-02-04 12:45,2018
2019-02-04 12:50,2030
2019-02-04 12:55,2016
2019-02-04 13:00,2013
2019-02-04 13:05,2003
2019-02-04 13:10,2032
2019-02-04 13:15,2043
2019-02-04 13:20,2057
2019-02-04 13:25,2074
2019-02-04 13:30,2086
2019-02-04 13:35,2099
2019-02-04 13:40,2128
2019-02-04 13:45,2137
2019-02-04 13:50,2166
2019-02-04 13:55,2182
2019-02-04 14:00,2177
2019-02-04 14:05,2178
2019-02-04 14:10,2149
2019-02-04 14:15,2131
2019-02-04 14:20,2154
2019-02-04 14:25,2145
2019-02-04 14:30,2188
2019-02-04 14:35,2204
2019-02-04 14:40,2199
2019-02-04 14:45,2202
2019-02-04 14:50,2212
2019-02-04 14:55,2227
2019-02-04 15:00,2242
2019-02-04 15:05,2273
2019-02-04 15:10,2307
2019-02-04 15:15,2329
2019-02-04 15:20,2346
2019-02-04 15:25,2368
2019-02-04 15:30,2387
2019-02-04 15:35,2433
2019-02-04 15:40,2441
2019-02-04 15:45,2439
2019-02-04 15:50,2469
2019-02-04 15:55,2507
2019-02-04 16:00,2545
2019-02-04 16:05,2562
2019-02-04 16:10,2578
2019-02-04 16:15,2593
2019-02-04 16:20,2616
2019-02-04 16:25,2657
2019-02-04 16:30,2688
2019-02-04 16:35,2730
2019-02-04 16:40,2762
2019-02-04 16:45,2777
2019-02-04 16:50,2780
2019-02-04 16:55,2799
2019-02-04 17:00,2813
2019-02-04 17:05,2820
2019-02-04 17:10,2857
2019-02-04 17:15,2866
2019-02-04 17:20,2881
2019-02-04 17:25,2897
2019-02-04 17:30,2930
2019-02-04 17:35,2970
2019-02-04 17:40,2969
2019-02-04 17:45,2991
2019-02-04 17:50,2986
2019-02-04 17:55,3008
2019-02-04 18:00,3031
2019-02-04 18:05,3037
2019-02-04 18:10,3015
2019-02-04 18:15,3015
2019-02-04 18:20,3011
2019-02-04 18:25,3022
2019-02-04 18:30,3026
2019-02-04 18:35,3040
2019-02-04 18:40,3038
2019-02-04 18:45,3067
2019-02-04 18:50,3071
2019-02-04 18:55,3055
2019-02-04 19:00,3062
2019-02-04 19:05,3030
2019-02-04 19:10,3039
2019-02-04 19:15,3069
2019-02-04 19:20,3072
2019-02-04 19:25,3065
2019-02-04 19:30,3045
2019-02-04 19:35,3063
2019-02-04 19:40,3069
2019-02-04 19:45,3083
2019-02-04 19:50,3095
2019-02-04 19:55,3091
2019-02-04 20:00,3079
2019-02-04 20:05,3074
2019-02-04 20:10,3063
2019-02-04 20:15,3043
2019-02-04 20:20,3059
2019-02-04 20:25,3065
2019-02-04 20:30,3039
2019-02-04 20:35,3036
2019-02-04 20:40,3028
2019-02-04 20:45,3013
2019-02-04 20:50,2992
2019-02-04 20:55,2964
2019-02-04 21:00,2924
2019-02-04 21:05,2939
2019-02-04 21:10,2907
2019-02-04 21:15,2877
2019-02-04 21:20,2840
2019-02-04 21:25,2828
2019-02-04 21:30,2793
2019-02-04 21:35,2770
2019-02-04 21:40,2762
2019-02-04 21:45,2746
2019-02-04 21:50,2720
2019-02-04 21:55,2670
2019-02-04 22:00,2671
2019-02-04 22:05,2644
2019-02-04 22:10,2616
2019-02-04 22:15,2568
2019-02-04 22:20,2551
2019-02-04 22:25,2538
2019-02-04 22:30,2524
2019-02-04 22:35,2512
2019-02-04 22:40,2494
2019-02-04 22:45,2485
2019-02-04 22:50,2464
2019-02-04 22:55,2434
2019-02-04 23:00,2409
2019-02-04 23:05,2401
2019-02-04 23:10,2361
2019-02-04 23:15,2339
2019-02-04 23:20,2350
2019-02-04 23:25,2325
2019-02-04 23:30,2295
2019-02-04 23:35,2281
2019-02-04 23:40,2258
2019-02-04 23:45,2235
2019-02-04 23:50,2222
2019-02-04 23:55,2198
2019-02-05 00:00,2159
2019-02-05 00:05,2133
2019-02-05 00:10,2105
2019-02-05 00:15,2075
2019-02-05 00:20,2063
2019-02-05 00:25,2073
2019-02-05 00:30,2064
2019-02-05 00:35,2041
2019-02-05 00:40,2024
2019-02-05 00:45,2020
2019-02-05 00:50,2012
2019-02-05 00:55,1999
2019-02-05 01:00,1993
2019-02-05 01:05,1986
2019-02-05 01:10,1982
2019-02-05 01:15,1969
2019-02-05 01:20,1969
2019-02-05 01:25,1974
2019-02-05 01:30,1952
2019-02-05 01:35,1928
2019-02-05 01:40,1949
2019-02-05 01:45,1930
2019-02-05 01:50,1914
2019-02-05 01:55,1910
2019-02-05 02:00,1891
2019-02-05 02:05,1889
2019-02-05 02:10,1888
2019-02-05 02:15,1863
2019-02-05 02:20,1866
2019-02-05 02:25,1868
2019-02-05 02:30,1834
2019-02-05 02:35,1812
2019-02-05 02:40,1797
2019-02-05 02:45,1793
2019-02-05 02:50,1793
2019-02-05 02:55,1791
2019-02-05 03:00,1767
2019-02-05 03:05,1760
2019-02-05 03:10,1744
2019-02-05 03:15,1718
2019-02-05 03:20,1705
2019-02-05 03:25,1706
2019-02-05 03:30,1694
2019-02-05 03:35,1675
2019-02-05 03:40,1663
2019-02-05 03:45,1667
2019-02-05 03:50,1632
2019-02-05 03:55,1620
2019-02-05 04:00,1614
2019-02-05 04:05,1588
2019-02-05 04:10,1576
2019-02-05 04:15,1564
2019-02-05 04:20,1535
2019-02-05 04:25,1536
2019-02-05 04:30,1520
2019-02-05 04:35,1503
2019-02-05 04:40,1481
2019-02-05 04:45,1472
2019-02-05 04:50,1471
2019-02-05 04:55,1463
2019-02-05 05:00,1439
2019-02-05 05:05,1425
2019-02-05 05:10,1406
2019-02-05 05:15,1402
2019-02-05 05:20,1404
2019-02-05 05:25,1393
2019-02-05 05:30,1376
2019-02-05 05:35,1350
2019-02-05 05:40,1339
2019-02-05 05:45,1327
2019-02-05 05:50,1331
2019-02-05 05:55,1329
2019-02-05 06:00,1325
2019-02-05 06:05,1312
2019-02-05 06:10,1280
2019-02-05 06:15,1265
2019-02-05 06:20,1260
2019-02-05 06:25,1262
2019-02-05 06:30,1262
2019-02-05 06:35,1251
2019-02-05 06:40,1255
2019-02-05 06:45,1245
2019-02-05 06:50,1242
2019-02-05 06:55,1248
2019-02-05 07:00,1239
2019-02-05 07:05,1232
2019-02-05 07:10,1239
2019-02-05 07:15,1235
2019-02-05 07:20,1231
2019-02-05 07:25,1244
2019-02-05 07:30,1239
2019-02-05 07:35,1246
2019-02-05 07:40,1267
2019-02-05 07:45,1272
2019-02-05 07:50,1261
2019-02-05 07:55,1258
2019-02-05 08:00,1235
2019-02-05 08:05,1245
2019-02-05 08:10,1259
2019-02-05 08:15,1265
2019-02-05 08:20,1274
2019-02-05 08:25,1282
2019-02-05 08:30,1296
2019-02-05 08:35,1316
2019-02-05 08:40,1329
2019-02-05 08:45,1331
2019-02-05 08:50,1314
2019-02-05 08:55,1332
2019-02-05 09:00,1334
2019-02-05 09:05,1355
2019-02-05 09:10,1366
2019-02-05 09:15,1366
2019-02-05 09:20,1374
2019-02-05 09:25,1386
2019-02-05 09:30,1391
2019-02-05 09:35,1401
2019-02-05 09:40,1411
2019-02-05 09:45,1434
2019-02-05 09:50,1444
2019-02-05 09:55,1450
2019-02-05 10:00,1473
2019-02-05 10:05,1492
2019-02-05 10:10,1504
2019-02-05 10:15,1506
2019-02-05 10:20,1521
2019-02-05 10:25,1551
2019-02-05 10:30,1560
2019-02-05 10:35,1580
2019-02-05 10:40,1599
2019-02-05 10:45,1602
2019-02-05 10:50,1621
2019-02-05 10:55,1627
2019-02-05 11:00,1630
2019-02-05 11:05,1617
2019-02-05 11:10,1653
2019-02-05 11:15,1664
2019-02-05 11:20,1660
2019-02-05 11:25,1677
2019-02-05 11:30,1688
2019-02-05 11:35,1691
2019-02-05 11:40,1697
2019-02-05 11:45,1700
2019-02-05 11:50,1695
2019-02-05 11:55,1724
2019-02-05 12:00,1715
2019-02-05 12:05,1721
2019-02-05 12:10,1733
2019-02-05 12:15,1762
2019-02-05 12:20,1769
2019-02-05 12:25,1773
2019-02-05 12:30,1781
2019-02-05 12:35,1783
2019-02-05 12:40,1803
2019-02-05 12:45,1816
2019-02-05 12:50,1840
2019-02-05 12:55,1838
2019-02-05 13:00,1859
2019-02-05 13:05,1859
2019-02-05 13:10,1841
2019-02-05 13:15,1854
2019-02-05 13:20,1876
2019-02-05 13:25,1897
2019-02-05 13:30,1895
2019-02-05 13:35,1917
2019-02-05 13:40,1914
2019-02-05 13:45,1952
2019-02-05 13:50,1955
2019-02-05 13:55,1976
2019-02-05 14:00,1983
2019-02-05 14:05,2033
2019-02-05 14:10,2055
2019-02-05 14:15,2053
2019-02-05 14:20,2075
2019-02-05 14:25,2068
2019-02-05 14:30,2088
2019-02-05 14:35,2082
2019-02-05 14:40,2099
2019-02-05 14:45,2113
2019-02-05 14:50,2138
2019-02-05 14:55,2152
2019-02-05 15:00,2160
2019-02-05 15:05,2180
2019-02-05 15:10,2223
2019-02-05 15:15,2228
2019-02-05 15:20,2263
2019-02-05 15:25,2282
2019-02-05 15:30,2293
2019-02-05 15:35,2328
2019-02-05 15:40,2360
2019-02-05 15:45,2367
2019-02-05 15:50,2353
2019-02-05 15:55,2378
2019-02-05 16:00,2412
2019-02-05 16:05,2405
2019-02-05 16:10,2423
2019-02-05 16:15,2449
2019-02-05 16:20,2465
2019-02-05 16:25,2487
2019-02-05 16:30,2494
2019-02-05 16:35,2513
2019-02-05 16:40,2528
2019-02-05 16:45,2528
2019-02-05 16:50,2538
2019-02-05 16:55,2539
2019-02-05 17:00,2570
2019-02-05 17:05,2599
2019-02-05 17:10,2624
2019-02-05 17:15,2629
2019-02-05 17:20,2640
2019-02-05 17:25,2679
2019-02-05 17:30,2652
2019-02-05 17:35,2682
2019-02-05 17:40,2686
2019-02-05 17:45,2687
2019-02-05 17:50,2711
2019-02-05 17:55,2744
2019-02-05 18:00,2767
2019-02-05 18:05,2780
2019-02-05 18:10,2788
2019-02-05 18:15,2783
2019-02-05 18:20,2823
2019-02-05 18:25,2844
2019-02-05 18:30,2881
2019-02-05 18:35,2880
2019-02-05 18:40,2879
2019-02-05 18:45,2918
2019-02-05 18:50,2935
2019-02-05 18:55,2929
2019-02-05 19:00,2918
2019-02-05 19:05,2915
2019-02-05 19:10,2934
2019-02-05 19:15,2936
2019-02-05 19:20,2928
2019-02-05 19:25,2936
2019-02-05 19:30,2940
2019-02-05 19:35,2940
2019-02-05 19:40,2952
2019-02-05 19:45,2962
2019-02-05 19:50,2978
2019-02-05 19:55,2973
2019-02-05 20:00,2947
2019-02-05 20:05,2959
2019-02-05 20:10,2942
2019-02-05 20:15,2956
2019-02-05 20:20,2947
2019-02-05 20:25,2948
2019-02-05 20:30,2928
2019-02-05 20:35,2911
2019-02-05 20:40,2884
2019-02-05 20:45,2858
2019-02-05 20:50,2856
2019-02-05 20:55,2825
2019-02-05 21:00,2816
2019-02-05 21:05,2786
2019-02-05 21:10,2769
2019-02-05 21:15,2746
2019-02-05 21:20,2729
2019-02-05 21:25,2719
2019-02-05 21:30,2672
2019-02-05 21:35,2650
2019-02-05 21:40,2638
2019-02-05 21:45,2603
2019-02-05 21:50,2610
2019-02-05 21:55,2597
2019-02-05 22:00,2552
2019-02-05 22:05,2521
2019-02-05 22:10,2515
2019-02-05 22:15,2472
2019-02-05 22:20,2437
2019-02-05 22:25,2401
2019-02-05 22:30,2409
2019-02-05 22:35,2372
2019-02-05 22:40,2337
2019-02-05 22:45,2299
2019-02-05 22:50,2263
2019-02-05 22:55,2221
2019-02-05 23:00,2180
2019-02-05 23:05,2169
2019-02-05 23:10,2127
2019-02-05 23:15,2133
2019-02-05 23:20,2125
2019-02-05 23:25,2099
2019-02-05 23:30,2087
2019-02-05 23:35,2069
2019-02-05 23:40,1896
2019-02-05 23:45,1884
2019-02-05 23:50,2031
2019-02-05 23:55,2037
2019-02-06 00:00,2070
2019-02-06 00:05,2072
2019-02-06 00:10,2053
2019-02-06 00:15,2046
2019-02-06 00:20,2036
2019-02-06 00:25,1997
2019-02-06 00:30,1997
2019-02-06 00:35,1971
2019-02-06 00:40,1962
2019-02-06 00:45,1942
2019-02-06 00:50,1921
2019-02-06 00:55,1917
2019-02-06 01:00,1921
2019-02-06 01:05,1928
2019-02-06 01:10,1895
2019-02-06 01:15,1889
2019-02-06 01:20,1898
2019-02-06 01:25,1879
2019-02-06 01:30,1886
2019-02-06 01:35,1898
2019-02-06 01:40,1898
2019-02-06 01:45,1889
2019-02-06 01:50,1881
2019-02-06 01:55,1878
2019-02-06 02:00,1883
2019-02-06 02:05,1866
2019-02-06 02:10,1842
2019-02-06 02:15,1832
2019-02-06 02:20,1797
2019-02-06 02:25,1783
2019-02-06 02:30,1779
2019-02-06 02:35,1769
2019-02-06 02:40,1750
2019-02-06 02:45,1735
2019-02-06 02:50,1748
2019-02-06 02:55,1725
2019-02-06 03:00,1714
2019-02-06 03:05,1684
2019-02-06 03:10,1689
2019-02-06 03:15,1679
2019-02-06 03:20,1671
2019-02-06 03:25,1659
2019-02-06 03:30,1648
2019-02-06 03:35,1626
2019-02-06 03:40,1613
2019-02-06 03:45,1607
2019-02-06 03:50,1596
2019-02-06 03:55,1564
2019-02-06 04:00,1542
2019-02-06 04:05,1535
2019-02-06 04:10,1510
2019-02-06 04:15,1499
2019-02-06 04:20,1498
2019-02-06 04:25,1493
2019-02-06 04:30,1481
2019-02-06 04:35,1486
2019-02-06 04:40,1457
2019-02-06 04:45,1428
2019-02-06 04:50,1434
2019-02-06 04:55,1411
2019-02-06 05:00,1417
2019-02-06 05:05,1410
2019-02-06 05:10,1382
2019-02-06 05:15,1363
2019-02-06 05:20,1379
2019-02-06 05:25,1353
2019-02-06 05:30,1356
2019-02-06 05:35,1336
2019-02-06 05:40,1318
2019-02-06 05:45,1304
2019-02-06 05:50,1293
2019-02-06 05:55,1278
2019-02-06 06:00,1275
2019-02-06 06:05,1262
2019-02-06 06:10,1256
2019-02-06 06:15,1240
2019-02-06 06:20,1261
2019-02-06 06:25,1241
2019-02-06 06:30,1239
2019-02-06 06:35,1229
2019-02-06 06:40,1227
2019-02-06 06:45,1225
2019-02-06 06:50,1214
2019-02-06 06:55,1217
2019-02-06 07:00,1213
2019-02-06 07:05,1213
2019-02-06 07:10,1194
2019-02-06 07:15,1208
2019-02-06 07:20,1208
2019-02-06 07:25,1214
2019-02-06 07:30,1216
2019-02-06 07:35,1230
2019-02-06 07:40,1225
2019-02-06 07:45,1223
2019-02-06 07:50,1218
2019-02-06 07:55,1224
2019-02-06 08:00,1233
2019-02-06 08:05,1251
2019-02-06 08:10,1242
2019-02-06 08:15,1243
2019-02-06 08:20,1256
2019-02-06 08:25,1272
2019-02-06 08:30,1276
2019-02-06 08:35,1268
2019-02-06 08:40,1282
2019-02-06 08:45,1278
2019-02-06 08:50,1289
2019-02-06 08:55,1275
2019-02-06 09:00,1289
2019-02-06 09:05,1309
2019-02-06 09:10,1315
2019-02-06 09:15,1323
2019-02-06 09:20,1333
2019-02-06 09:25,1353
2019-02-06 09:30,1363
2019-02-06 09:35,1366
2019-02-06 09:40,1364
2019-02-06 09:45,1377
2019-02-06 09:50,1377
2019-02-06 09:55,1391
2019-02-06 10:00,1406
2019-02-06 10:05,1441
2019-02-06 10:10,1441
2019-02-06 10:15,1464
2019-02-06 10:20,1476
2019-02-06 10:25,1499
2019-02-06 10:30,1512
2019-02-06 10:35,1535
2019-02-06 10:40,1535
2019-02-06 10:45,1550
2019-02-06 10:50,1570
2019-02-06 10:55,1590
2019-02-06 11:00,1609
2019-02-06 11:05,1616
2019-02-06 11:10,1615
2019-02-06 11:15,1624
2019-02-06 11:20,1632
2019-02-06 11:25,1668
2019-02-06 11:30,1665
2019-02-06 11:35,1670
2019-02-06 11:40,1683
2019-02-06 11:45,1688
2019-02-06 11:50,1694
2019-02-06 11:55,1695
2019-02-06 12:00,1703
2019-02-06 12:05,1724
2019-02-06 12:10,1742
2019-02-06 12:15,1733
2019-02-06 12:20,1738
2019-02-06 12:25,1742
2019-02-06 12:30,1778
2019-02-06 12:35,1800
2019-02-06 12:40,1810
2019-02-06 12:45,1823
2019-02-06 12:50,1822
2019-02-06 12:55,1820
2019-02-06 13:00,1826
2019-02-06 13:05,1827
2019-02-06 13:10,1813
2019-02-06 13:15,1835
2019-02-06 13:20,1848
2019-02-06 13:25,1888
2019-02-06 13:30,1887
2019-02-06 13:35,1905
2019-02-06 13:40,1934
2019-02-06 13:45,1949
2019-02-06 13:50,1961
2019-02-06 13:55,1958
2019-02-06 14:00,1973
2019-02-06 14:05,1990
2019-02-06 14:10,2021
2019-02-06 14:15,2039
2019-02-06 14:20,2034
2019-02-06 14:25,2001
2019-02-06 14:30,1992
2019-02-06 14:35,2016
2019-02-06 14:40,1992
2019-02-06 14:45,1970
2019-02-06 14:50,1943
2019-02-06 14:55,1921
2019-02-06 15:00,1914
2019-02-06 15:05,1940
2019-02-06 15:10,1933
2019-02-06 15:15,1925
2019-02-06 15:20,1900
2019-02-06 15:25,1888
2019-02-06 15:30,1865
2019-02-06 15:35,1852
2019-02-06 15:40,1847
2019-02-06 15:45,1862
2019-02-06 15:50,1836
2019-02-06 15:55,1796
2019-02-06 16:00,1774
2019-02-06 16:05,1766
2019-02-06 16:10,1770
2019-02-06 16:15,1759
2019-02-06 16:20,1843
2019-02-06 16:25,1835
2019-02-06 16:30,1836
2019-02-06 16:35,1788
2019-02-06 16:40,1680
2019-02-06 16:45,1175
2019-02-06 16:50,1034
2019-02-06 16:55,932
2019-02-06 17:00,920
2019-02-06 17:05,915
2019-02-06 17:10,865
2019-02-06 17:15,839
2019-02-06 17:20,832
2019-02-06 17:25,840
2019-02-06 17:30,825
2019-02-06 17:35,829
2019-02-06 17:40,833
2019-02-06 17:45,901
2019-02-06 17:50,918
2019-02-06 17:55,929
2019-02-06 18:00,922
2019-02-06 18:05,935
2019-02-06 18:10,934
2019-02-06 18:15,922
2019-02-06 18:20,915
2019-02-06 18:25,930
2019-02-06 18:30,933
2019-02-06 18:35,950
2019-02-06 18:40,978
2019-02-06 18:45,997
2019-02-06 18:50,1025
2019-02-06 18:55,1265
2019-02-06 19:00,1417
2019-02-06 19:05,1583
2019-02-06 19:10,1728
2019-02-06 19:15,1849
2019-02-06 19:20,1975
2019-02-06 19:25,2070
2019-02-06 19:30,2183
2019-02-06 19:35,2286
2019-02-06 19:40,2385
2019-02-06 19:45,2491
2019-02-06 19:50,2585
2019-02-06 19:55,2658
2019-02-06 20:00,2701
2019-02-06 20:05,2740
2019-02-06 20:10,2788
2019-02-06 20:15,2809
2019-02-06 20:20,2847
2019-02-06 20:25,2831
2019-02-06 20:30,2846
2019-02-06 20:35,2838
2019-02-06 20:40,2838
2019-02-06 20:45,2774
2019-02-06 20:50,2690
2019-02-06 20:55,2728
2019-02-06 21:00,2609
2019-02-06 21:05,2533
2019-02-06 21:10,2434
2019-02-06 21:15,2351
2019-02-06 21:20,2262
2019-02-06 21:25,2205
2019-02-06 21:30,2101
2019-02-06 21:35,1976
2019-02-06 21:40,1987
2019-02-06 21:45,1913
2019-02-06 21:50,1753
2019-02-06 21:55,1676
2019-02-06 22:00,1606
2019-02-06 22:05,1569
2019-02-06 22:10,1589
2019-02-06 22:15,1604
2019-02-06 22:20,1641
2019-02-06 22:25,1700
2019-02-06 22:30,1729
2019-02-06 22:35,1770
2019-02-06 22:40,1765
2019-02-06 22:45,1785
2019-02-06 22:50,1803
2019-02-06 22:55,1814
2019-02-06 23:00,1780
2019-02-06 23:05,1788
2019-02-06 23:10,1753
2019-02-06 23:15,1784
2019-02-06 23:20,1783
2019-02-06 23:25,1776
2019-02-06 23:30,1787
2019-02-06 23:35,1781
2019-02-06 23:40,1789
2019-02-06 23:45,1776
2019-02-06 23:50,1761
2019-02-06 23:55,1752
2019-02-07 00:00,1717
2019-02-07 00:05,1688
2019-02-07 00:10,1688
2019-02-07 00:15,1685
2019-02-07 00:20,1668
2019-02-07 00:25,1683
2019-02-07 00:30,1692
2019-02-07 00:35,1689
2019-02-07 00:40,1691
2019-02-07 00:45,1718
2019-02-07 00:50,1741
2019-02-07 00:55,1736
2019-02-07 01:00,1745
2019-02-07 01:05,1744
2019-02-07 01:10,1747
2019-02-07 01:15,1760
2019-02-07 01:20,1747
2019-02-07 01:25,1754
2019-02-07 01:30,1756
2019-02-07 01:35,1656
2019-02-07 01:40,1671
2019-02-07 01:45,1667
2019-02-07 01:50,1695
2019-02-07 01:55,1710
2019-02-07 02:00,1720
2019-02-07 02:05,1677
2019-02-07 02:10,1667
2019-02-07 02:15,1672
2019-02-07 02:20,1665
2019-02-07 02:25,1677
2019-02-07 02:30,1683
2019-02-07 02:35,1673
2019-02-07 02:40,1658
2019-02-07 02:45,1650
2019-02-07 02:50,1638
2019-02-07 02:55,1624
2019-02-07 03:00,1613
2019-02-07 03:05,1594
2019-02-07 03:10,1583
2019-02-07 03:15,1592
2019-02-07 03:20,1571
2019-02-07 03:25,1572
2019-02-07 03:30,1554
2019-02-07 03:35,1544
2019-02-07 03:40,1543
2019-02-07 03:45,1531
2019-02-07 03:50,1511
2019-02-07 03:55,1497
2019-02-07 04:00,1472
2019-02-07 04:05,1456
2019-02-07 04:10,1463
2019-02-07 04:15,1457
2019-02-07 04:20,1456
2019-02-07 04:25,1429
2019-02-07 04:30,1410
2019-02-07 04:35,1402
2019-02-07 04:40,1398
2019-02-07 04:45,1409
2019-02-07 04:50,1382
2019-02-07 04:55,1392
2019-02-07 05:00,1377
2019-02-07 05:05,1351
2019-02-07 05:10,1336
2019-02-07 05:15,1338
2019-02-07 05:20,1320
2019-02-07 05:25,1303
2019-02-07 05:30,1273
2019-02-07 05:35,1263
2019-02-07 05:40,1253
2019-02-07 05:45,1250
2019-02-07 05:50,1233
2019-02-07 05:55,1221
2019-02-07 06:00,1226
2019-02-07 06:05,1236
2019-02-07 06:10,1226
2019-02-07 06:15,1213
2019-02-07 06:20,1221
2019-02-07 06:25,1225
2019-02-07 06:30,1207
2019-02-07 06:35,1192
2019-02-07 06:40,1196
2019-02-07 06:45,1199
2019-02-07 06:50,1191
2019-02-07 06:55,1180
2019-02-07 07:00,1174
2019-02-07 07:05,1162
2019-02-07 07:10,1164
2019-02-07 07:15,1169
2019-02-07 07:20,1154
2019-02-07 07:25,1146
2019-02-07 07:30,1148
2019-02-07 07:35,1141
2019-02-07 07:40,1152
2019-02-07 07:45,1135
2019-02-07 07:50,1140
2019-02-07 07:55,1155
2019-02-07 08:00,1151
2019-02-07 08:05,1157
2019-02-07 08:10,1168
2019-02-07 08:15,1165
2019-02-07 08:20,1172
2019-02-07 08:25,1187
2019-02-07 08:30,1209
2019-02-07 08:35,1214
2019-02-07 08:40,1219
2019-02-07 08:45,1237
2019-02-07 08:50,1253
2019-02-07 08:55,1241
2019-02-07 09:00,1261
2019-02-07 09:05,1279
2019-02-07 09:10,1294
2019-02-07 09:15,1312
2019-02-07 09:20,1313
2019-02-07 09:25,1258
2019-02-07 09:30,1225
2019-02-07 09:35,1174
2019-02-07 09:40,1154
2019-02-07 09:45,1070
2019-02-07 09:50,1044
2019-02-07 09:55,1088
2019-02-07 10:00,1104
2019-02-07 10:05,1151
2019-02-07 10:10,1174
2019-02-07 10:15,1206
2019-02-07 10:20,1256
2019-02-07 10:25,1297
2019-02-07 10:30,1304
2019-02-07 10:35,1348
2019-02-07 10:40,1377
2019-02-07 10:45,1402
2019-02-07 10:50,1408
2019-02-07 10:55,1426
2019-02-07 11:00,1448
2019-02-07 11:05,1451
2019-02-07 11:10,1464
2019-02-07 11:15,1471
2019-02-07 11:20,1472
2019-02-07 11:25,1506
2019-02-07 11:30,1521
2019-02-07 11:35,1537
2019-02-07 11:40,1552
2019-02-07 11:45,1543
2019-02-07 11:50,1561
2019-02-07 11:55,1576
2019-02-07 12:00,1598
2019-02-07 12:05,1594
2019-02-07 12:10,1599
2019-02-07 12:15,1619
2019-02-07 12:20,1647
2019-02-07 12:25,1651
2019-02-07 12:30,1658
2019-02-07 12:35,1665
2019-02-07 12:40,1662
2019-02-07 12:45,1679
2019-02-07 12:50,1671
2019-02-07 12:55,1682
2019-02-07 13:00,1679
2019-02-07 13:05,1673
2019-02-07 13:10,1691
2019-02-07 13:15,1708
2019-02-07 13:20,1702
2019-02-07 13:25,1718
2019-02-07 13:30,1764
2019-02-07 13:35,1766
2019-02-07 13:40,1766
2019-02-07 13:45,1788
2019-02-07 13:50,1784
2019-02-07 13:55,1793
2019-02-07 14:00,1799
2019-02-07 14:05,1820
2019-02-07 14:10,1831
2019-02-07 14:15,1837
2019-02-07 14:20,1819
2019-02-07 14:25,1834
2019-02-07 14:30,1853
2019-02-07 14:35,1869
2019-02-07 14:40,1837
2019-02-07 14:45,1814
2019-02-07 14:50,1806
2019-02-07 14:55,1749
2019-02-07 15:00,1647
2019-02-07 15:05,1424
2019-02-07 15:10,1199
2019-02-07 15:15,1159
2019-02-07 15:20,1172
2019-02-07 15:25,1188
2019-02-07 15:30,1190
2019-02-07 15:35,1183
2019-02-07 15:40,1181
2019-02-07 15:45,1208
2019-02-07 15:50,1232
2019-02-07 15:55,1266
2019-02-07 16:00,1265
2019-02-07 16:05,1280
2019-02-07 16:10,1308
2019-02-07 16:15,1324
2019-02-07 16:20,1362
2019-02-07 16:25,1481
2019-02-07 16:30,1602
2019-02-07 16:35,1710
2019-02-07 16:40,1804
2019-02-07 16:45,1860
2019-02-07 16:50,1946
2019-02-07 16:55,2008
2019-02-07 17:00,2070
2019-02-07 17:05,2147
2019-02-07 17:10,2244
2019-02-07 17:15,2366
2019-02-07 17:20,2390
2019-02-07 17:25,2465
2019-02-07 17:30,2530
2019-02-07 17:35,2581
2019-02-07 17:40,2603
2019-02-07 17:45,2633
2019-02-07 17:50,2666
2019-02-07 17:55,2697
2019-02-07 18:00,2694
2019-02-07 18:05,2688
2019-02-07 18:10,2704
2019-02-07 18:15,2729
2019-02-07 18:20,2764
2019-02-07 18:25,2774
2019-02-07 18:30,2783
2019-02-07 18:35,2804
2019-02-07 18:40,2815
2019-02-07 18:45,2843
2019-02-07 18:50,2860
2019-02-07 18:55,2867
2019-02-07 19:00,2894
2019-02-07 19:05,2897
2019-02-07 19:10,2892
2019-02-07 19:15,2899
2019-02-07 19:20,2808
2019-02-07 19:25,2820
2019-02-07 19:30,2797
2019-02-07 19:35,2811
2019-02-07 19:40,2827
2019-02-07 19:45,2842
2019-02-07 19:50,2844
2019-02-07 19:55,2843
2019-02-07 20:00,2717
2019-02-07 20:05,2684
2019-02-07 20:10,2733
2019-02-07 20:15,2750
2019-02-07 20:20,2749
2019-02-07 20:25,2739
2019-02-07 20:30,2737
2019-02-07 20:35,2747
2019-02-07 20:40,2752
2019-02-07 20:45,2744
2019-02-07 20:50,2719
2019-02-07 20:55,2730
2019-02-07 21:00,2712
2019-02-07 21:05,2716
2019-02-07 21:10,2696
2019-02-07 21:15,2679
2019-02-07 21:20,2665
2019-02-07 21:25,2660
2019-02-07 21:30,2641
2019-02-07 21:35,2602
2019-02-07 21:40,2547
2019-02-07 21:45,2543
2019-02-07 21:50,2543
2019-02-07 21:55,2520
2019-02-07 22:00,2500
2019-02-07 22:05,2490
2019-02-07 22:10,2461
2019-02-07 22:15,2385
2019-02-07 22:20,2250
2019-02-07 22:25,2203
2019-02-07 22:30,2154
2019-02-07 22:35,2043
2019-02-07 22:40,1847
2019-02-07 22:45,1886
2019-02-07 22:50,1782
2019-02-07 22:55,1746
2019-02-07 23:00,1533
2019-02-07 23:05,1412
2019-02-07 23:10,1353
2019-02-07 23:15,1267
2019-02-07 23:20,1295
2019-02-07 23:25,1274
2019-02-07 23:30,1345
2019-02-07 23:35,1414
2019-02-07 23:40,1465
2019-02-07 23:45,1545
2019-02-07 23:50,1586
2019-02-07 23:55,1563
2019-02-08 00:00,1243
2019-02-08 00:05,1365
2019-02-08 00:10,1405
2019-02-08 00:15,1467
2019-02-08 00:20,1497
2019-02-08 00:25,1526
2019-02-08 00:30,1556
2019-02-08 00:35,1564
2019-02-08 00:40,1602
2019-02-08 00:45,1615
2019-02-08 00:50,1627
2019-02-08 00:55,1618
2019-02-08 01:00,1628
2019-02-08 01:05,1602
2019-02-08 01:10,1629
2019-02-08 01:15,1648
2019-02-08 01:20,1665
2019-02-08 01:25,1673
2019-02-08 01:30,1699
2019-02-08 01:35,1684
2019-02-08 01:40,1689
2019-02-08 01:45,1699
2019-02-08 01:50,1695
2019-02-08 01:55,1678
2019-02-08 02:00,1695
2019-02-08 02:05,1692
2019-02-08 02:10,1688
2019-02-08 02:15,0
2019-02-08 02:20,1679
2019-02-08 02:25,1679
2019-02-08 02:30,1655
2019-02-08 02:35,1656
2019-02-08 02:40,1635
2019-02-08 02:45,1641
2019-02-08 02:50,1631
2019-02-08 02:55,1620
2019-02-08 03:00,1621
2019-02-08 03:05,1629
2019-02-08 03:10,1647
2019-02-08 03:15,1627
2019-02-08 03:20,1610
2019-02-08 03:25,1604
2019-02-08 03:30,1579
2019-02-08 03:35,1588
2019-02-08 03:40,1596
2019-02-08 03:45,1589
2019-02-08 03:50,1583
2019-02-08 03:55,1574
2019-02-08 04:00,1558
2019-02-08 04:05,1539
2019-02-08 04:10,1542
2019-02-08 04:15,1528
2019-02-08 04:20,1523
2019-02-08 04:25,1526
2019-02-08 04:30,1491
2019-02-08 04:35,1465
2019-02-08 04:40,1440
2019-02-08 04:45,1421
2019-02-08 04:50,1404
2019-02-08 04:55,1396
2019-02-08 05:00,1373
2019-02-08 05:05,1348
2019-02-08 05:10,1330
2019-02-08 05:15,1305
2019-02-08 05:20,1302
2019-02-08 05:25,1300
2019-02-08 05:30,1280
2019-02-08 05:35,1284
2019-02-08 05:40,1267
2019-02-08 05:45,1262
2019-02-08 05:50,1257
2019-02-08 05:55,1248
2019-02-08 06:00,1254
2019-02-08 06:05,1256
2019-02-08 06:10,1254
2019-02-08 06:15,1246
2019-02-08 06:20,1244
2019-02-08 06:25,1231
2019-02-08 06:30,1218
2019-02-08 06:35,1228
2019-02-08 06:40,1230
2019-02-08 06:45,1213
2019-02-08 06:50,1203
2019-02-08 06:55,1197
2019-02-08 07:00,1205
2019-02-08 07:05,1213
2019-02-08 07:10,1230
2019-02-08 07:15,1229
2019-02-08 07:20,1223
2019-02-08 07:25,1208
2019-02-08 07:30,1194
2019-02-08 07:35,1216
2019-02-08 07:40,1222
2019-02-08 07:45,1227
2019-02-08 07:50,1232
2019-02-08 07:55,1238
2019-02-08 08:00,1227
2019-02-08 08:05,1227
2019-02-08 08:10,1234
2019-02-08 08:15,1269
2019-02-08 08:20,1266
2019-02-08 08:25,1269
2019-02-08 08:30,1290
2019-02-08 08:35,1287
2019-02-08 08:40,1284
2019-02-08 08:45,1289
2019-02-08 08:50,1309
2019-02-08 08:55,1324
2019-02-08 09:00,1330
2019-02-08 09:05,1348
2019-02-08 09:10,1338
2019-02-08 09:15,1357
2019-02-08 09:20,1370
2019-02-08 09:25,1386
2019-02-08 09:30,1403
2019-02-08 09:35,1418
2019-02-08 09:40,1420
2019-02-08 09:45,1415
2019-02-08 09:50,1421
2019-02-08 09:55,1441
2019-02-08 10:00,1470
2019-02-08 10:05,1500
2019-02-08 10:10,1510
2019-02-08 10:15,1512
2019-02-08 10:20,1527
2019-02-08 10:25,1540
2019-02-08 10:30,1537
2019-02-08 10:35,1562
2019-02-08 10:40,1570
2019-02-08 10:45,1595
2019-02-08 10:50,1610
2019-02-08 10:55,1613
2019-02-08 11:00,1607
2019-02-08 11:05,1625
2019-02-08 11:10,1645
2019-02-08 11:15,1649
2019-02-08 11:20,1645
2019-02-08 11:25,1644
2019-02-08 11:30,1639
2019-02-08 11:35,1659
2019-02-08 11:40,1660
2019-02-08 11:45,1667
2019-02-08 11:50,1687
2019-02-08 11:55,1702
2019-02-08 12:00,1682
2019-02-08 12:05,1685
2019-02-08 12:10,1696
2019-02-08 12:15,1703
2019-02-08 12:20,1715
2019-02-08 12:25,1731
2019-02-08 12:30,1744
2019-02-08 12:35,1743
2019-02-08 12:40,1775
2019-02-08 12:45,1787
2019-02-08 12:50,1808
2019-02-08 12:55,1839
2019-02-08 13:00,1830
2019-02-08 13:05,1841
2019-02-08 13:10,1854
2019-02-08 13:15,1870
2019-02-08 13:20,1864
2019-02-08 13:25,1886
2019-02-08 13:30,1890
2019-02-08 13:35,1895
2019-02-08 13:40,1910
2019-02-08 13:45,1928
2019-02-08 13:50,1941
2019-02-08 13:55,1942
2019-02-08 14:00,1956
2019-02-08 14:05,1961
2019-02-08 14:10,1975
2019-02-08 14:15,2007
2019-02-08 14:20,2013
2019-02-08 14:25,2028
2019-02-08 14:30,2040
2019-02-08 14:35,2038
2019-02-08 14:40,2031
2019-02-08 14:45,2062
2019-02-08 14:50,2096
2019-02-08 14:55,2101
2019-02-08 15:00,2118
2019-02-08 15:05,
2019-02-08 15:10,2155
2019-02-08 15:15,2180
2019-02-08 15:20,2185
2019-02-08 15:25,2181
2019-02-08 15:30,2173
2019-02-08 15:35,2187
2019-02-08 15:40,2199
2019-02-08 15:45,2192
2019-02-08 15:50,2212
2019-02-08 15:55,2239
2019-02-08 16:00,2276
2019-02-08 16:05,2287
2019-02-08 16:10,2273
2019-02-08 16:15,2307
2019-02-08 16:20,2327
2019-02-08 16:25,2343
2019-02-08 16:30,2375
2019-02-08 16:35,2398
2019-02-08 16:40,2411
2019-02-08 16:45,2436
2019-02-08 16:50,2449
2019-02-08 16:55,2468
2019-02-08 17:00,2491
2019-02-08 17:05,2498
2019-02-08 17:10,2511
2019-02-08 17:15,2524
2019-02-08 17:20,2561
2019-02-08 17:25,2575
2019-02-08 17:30,2613
2019-02-08 17:35,2603
2019-02-08 17:40,2597
2019-02-08 17:45,2634
2019-02-08 17:50,2622
2019-02-08 17:55,2628
2019-02-08 18:00,2636
2019-02-08 18:05,2635
2019-02-08 18:10,2639
2019-02-08 18:15,2643
2019-02-08 18:20,2638
2019-02-08 18:25,2623
2019-02-08 18:30,2672
2019-02-08 18:35,2699
2019-02-08 18:40,2703
2019-02-08 18:45,2711
2019-02-08 18:50,2704
2019-02-08 18:55,2720
2019-02-08 19:00,2702
2019-02-08 19:05,2715
2019-02-08 19:10,2720
2019-02-08 19:15,2722
2019-02-08 19:20,2744
2019-02-08 19:25,2751
2019-02-08 19:30,2731
2019-02-08 19:35,2715
2019-02-08 19:40,2735
2019-02-08 19:45,2728
2019-02-08 19:50,2769
2019-02-08 19:55,2786
2019-02-08 20:00,2815
2019-02-08 20:05,2823
2019-02-08 20:10,2792
2019-02-08 20:15,2791
2019-02-08 20:20,2770
2019-02-08 20:25,2764
2019-02-08 20:30,2782
2019-02-08 20:35,2785
2019-02-08 20:40,2757
2019-02-08 20:45,2772
2019-02-08 20:50,2772
2019-02-08 20:55,2769
2019-02-08 21:00,2751
2019-02-08 21:05,2775
2019-02-08 21:10,2782
2019-02-08 21:15,2778
2019-02-08 21:20,2763
2019-02-08 21:25,2778
2019-02-08 21:30,2748
2019-02-08 21:35,2745
2019-02-08 21:40,2735
2019-02-08 21:45,2725
2019-02-08 21:50,2730
2019-02-08 21:55,2703
2019-02-08 22:00,2680
2019-02-08 22:05,2666
2019-02-08 22:10,2631
2019-02-08 22:15,2617
2019-02-08 22:20,2587
2019-02-08 22:25,2550
2019-02-08 22:30,2564
2019-02-08 22:35,2528
2019-02-08 22:40,2516
2019-02-08 22:45,2468
2019-02-08 22:50,2456
2019-02-08 22:55,2440
2019-02-08 23:00,2406
2019-02-08 23:05,2383
2019-02-08 23:10,2366
2019-02-08 23:15,2361
2019-02-08 23:20,2336
2019-02-08 23:25,2286
2019-02-08 23:30,2262
2019-02-08 23:35,2248
2019-02-08 23:40,2230
2019-02-08 23:45,2215
2019-02-08 23:50,2182
2019-02-08 23:55,2167
2019-02-09 00:00,2152
2019-02-09 00:05,2135
2019-02-09 00:10,2112
2019-02-09 00:15,2109
2019-02-09 00:20,2081
2019-02-09 00:25,2072
2019-02-09 00:30,2052
2019-02-09 00:35,2021
2019-02-09 00:40,2011
2019-02-09 00:45,2002
2019-02-09 00:50,2015
2019-02-09 00:55,2003
2019-02-09 01:00,1981
2019-02-09 01:05,1933
2019-02-09 01:10,1922
2019-02-09 01:15,1899
2019-02-09 01:20,1899
2019-02-09 01:25,1886
2019-02-09 01:30,1884
2019-02-09 01:35,1873
2019-02-09 01:40,1853
2019-02-09 01:45,1845
2019-02-09 01:50,1867
2019-02-09 01:55,1890
2019-02-09 02:00,1894
2019-02-09 02:05,1885
2019-02-09 02:10,1845
2019-02-09 02:15,1821
2019-02-09 02:20,1821
2019-02-09 02:25,1809
2019-02-09 02:30,1818
2019-02-09 02:35,1804
2019-02-09 02:40,1785
2019-02-09 02:45,1763
2019-02-09 02:50,1755
2019-02-09 02:55,1743
2019-02-09 03:00,1743
2019-02-09 03:05,1768
2019-02-09 03:10,1740
2019-02-09 03:15,1726
2019-02-09 03:20,1718
2019-02-09 03:25,1705
2019-02-09 03:30,1693
2019-02-09 03:35,1679
2019-02-09 03:40,1673
2019-02-09 03:45,1683
2019-02-09 03:50,1679
2019-02-09 03:55,1661
2019-02-09 04:00,1656
2019-02-09 04:05,1632
2019-02-09 04:10,1611
2019-02-09 04:15,1620
2019-02-09 04:20,1625
2019-02-09 04:25,1629
2019-02-09 04:30,1617
2019-02-09 04:35,1618
2019-02-09 04:40,1598
2019-02-09 04:45,1605
2019-02-09 04:50,1600
2019-02-09 04:55,1580
2019-02-09 05:00,1567
2019-02-09 05:05,1550
2019-02-09 05:10,1539
2019-02-09 05:15,1543
2019-02-09 05:20,1533
2019-02-09 05:25,1518
2019-02-09 05:30,1501
2019-02-09 05:35,1504
2019-02-09 05:40,1487
2019-02-09 05:45,1477
2019-02-09 05:50,1470
2019-02-09 05:55,1477
2019-02-09 06:00,1476
2019-02-09 06:05,1457
2019-02-09 06:10,1467
2019-02-09 06:15,1455
2019-02-09 06:20,1439
2019-02-09 06:25,1434
2019-02-09 06:30,1441
2019-02-09 06:35,1446
2019-02-09 06:40,1439
2019-02-09 06:45,1440
2019-02-09 06:50,1444
2019-02-09 06:55,1434
2019-02-09 07:00,1453
2019-02-09 07:05,1467
2019-02-09 07:10,1481
2019-02-09 07:15,1463
2019-02-09 07:20,1463
2019-02-09 07:25,1477
2019-02-09 07:30,1497
2019-02-09 07:35,1506
2019-02-09 07:40,1510
2019-02-09 07:45,1517
2019-02-09 07:50,1518
2019-02-09 07:55,1536
2019-02-09 08:00,1559
2019-02-09 08:05,1557
2019-02-09 08:10,1542
2019-02-09 08:15,1538
2019-02-09 08:20,1542
2019-02-09 08:25,1551
2019-02-09 08:30,1580
2019-02-09 08:35,1596
2019-02-09 08:40,1586
2019-02-09 08:45,1600
2019-02-09 08:50,1614
2019-02-09 08:55,1607
2019-02-09 09:00,1622
2019-02-09 09:05,1623
2019-02-09 09:10,1626
2019-02-09 09:15,1652
2019-02-09 09:20,1673
2019-02-09 09:25,1689
2019-02-09 09:30,1716
2019-02-09 09:35,1729
2019-02-09 09:40,1768
2019-02-09 09:45,1763
2019-02-09 09:50,1777
2019-02-09 09:55,1811
2019-02-09 10:00,1847
2019-02-09 10:05,1866
2019-02-09 10:10,1882
2019-02-09 10:15,1902
2019-02-09 10:20,1917
2019-02-09 10:25,1965
2019-02-09 10:30,1988
2019-02-09 10:35,2006
2019-02-09 10:40,2033
2019-02-09 10:45,2025
2019-02-09 10:50,2022
2019-02-09 10:55,2060
2019-02-09 11:00,2078
2019-02-09 11:05,2105
2019-02-09 11:10,2120
2019-02-09 11:15,2131
2019-02-09 11:20,2152
2019-02-09 11:25,2190
2019-02-09 11:30,2200
2019-02-09 11:35,2239
2019-02-09 11:40,2256
2019-02-09 11:45,2240
2019-02-09 11:50,2237
2019-02-09 11:55,2253
2019-02-09 12:00,2249
2019-02-09 12:05,2259
2019-02-09 12:10,2282
2019-02-09 12:15,2306
2019-02-09 12:20,2341
2019-02-09 12:25,2332
2019-02-09 12:30,2337
2019-02-09 12:35,2374
2019-02-09 12:40,2402
2019-02-09 12:45,2414
2019-02-09 12:50,2444
2019-02-09 12:55,2451
2019-02-09 13:00,2469
2019-02-09 13:05,2469
2019-02-09 13:10,2496
2019-02-09 13:15,2521
2019-02-09 13:20,2538
2019-02-09 13:25,2560
2019-02-09 13:30,2585
2019-02-09 13:35,2585
2019-02-09 13:40,2596
2019-02-09 13:45,2613
2019-02-09 13:50,2619
2019-02-09 13:55,2623
2019-02-09 14:00,2626
2019-02-09 14:05,2635
2019-02-09 14:10,2655
2019-02-09 14:15,2648
2019-02-09 14:20,2631
2019-02-09 14:25,2659
2019-02-09 14:30,2683
2019-02-09 14:35,2687
2019-02-09 14:40,2706
2019-02-09 14:45,2737
2019-02-09 14:50,2737
2019-02-09 14:55,2754
2019-02-09 15:00,2772
2019-02-09 15:05,2776
2019-02-09 15:10,2780
2019-02-09 15:15,2808
2019-02-09 15:20,2810
2019-02-09 15:25,2795
2019-02-09 15:30,2800
2019-02-09 15:35,2818
2019-02-09 15:40,2812
2019-02-09 15:45,2825
2019-02-09 15:50,2842
2019-02-09 15:55,2890
2019-02-09 16:00,2909
2019-02-09 16:05,2895
2019-02-09 16:10,2916
2019-02-09 16:15,2892
2019-02-09 16:20,2922
2019-02-09 16:25,2922
2019-02-09 16:30,2930
2019-02-09 16:35,2951
2019-02-09 16:40,2966
2019-02-09 16:45,2972
2019-02-09 16:50,2976
2019-02-09 16:55,2983
2019-02-09 17:00,2978
2019-02-09 17:05,2975
2019-02-09 17:10,2966
2019-02-09 17:15,2989
2019-02-09 17:20,2993
2019-02-09 17:25,3028
2019-02-09 17:30,3015
2019-02-09 17:35,3046
2019-02-09 17:40,3068
2019-02-09 17:45,3058
2019-02-09 17:50,3069
2019-02-09 17:55,3070
2019-02-09 18:00,3076
2019-02-09 18:05,3089
2019-02-09 18:10,3079
2019-02-09 18:15,3112
2019-02-09 18:20,3121
2019-02-09 18:25,3131
2019-02-09 18:30,3110
2019-02-09 18:35,3133
2019-02-09 18:40,3143
2019-02-09 18:45,3148
2019-02-09 18:50,3161
2019-02-09 18:55,3153
2019-02-09 19:00,3166
2019-02-09 19:05,3181
2019-02-09 19:10,3179
2019-02-09 19:15,3191
2019-02-09 19:20,3192
2019-02-09 19:25,3203
2019-02-09 19:30,3186
2019-02-09 19:35,3162
2019-02-09 19:40,3182
2019-02-09 19:45,3167
2019-02-09 19:50,3154
2019-02-09 19:55,3168
2019-02-09 20:00,3169
2019-02-09 20:05,3147
2019-02-09 20:10,3141
2019-02-09 20:15,3136
2019-02-09 20:20,3114
2019-02-09 20:25,3131
2019-02-09 20:30,3123
2019-02-09 20:35,3113
2019-02-09 20:40,3100
2019-02-09 20:45,3104
2019-02-09 20:50,3112
2019-02-09 20:55,3095
2019-02-09 21:00,3067
2019-02-09 21:05,3072
2019-02-09 21:10,3093
2019-02-09 21:15,3050
2019-02-09 21:20,3055
2019-02-09 21:25,3074
2019-02-09 21:30,3057
2019-02-09 21:35,3033
2019-02-09 21:40,3027
2019-02-09 21:45,3031
2019-02-09 21:50,2990
2019-02-09 21:55,2963
2019-02-09 22:00,2965
2019-02-09 22:05,2937
2019-02-09 22:10,2920
2019-02-09 22:15,2895
2019-02-09 22:20,2870
2019-02-09 22:25,2882
2019-02-09 22:30,2870
2019-02-09 22:35,2843
2019-02-09 22:40,2784
2019-02-09 22:45,2760
2019-02-09 22:50,2715
2019-02-09 22:55,2696
2019-02-09 23:00,2669
2019-02-09 23:05,2645
2019-02-09 23:10,2607
2019-02-09 23:15,2573
2019-02-09 23:20,2542
2019-02-09 23:25,2515
2019-02-09 23:30,2496
2019-02-09 23:35,2480
2019-02-09 23:40,2465
2019-02-09 23:45,2439
2019-02-09 23:50,2449
2019-02-09 23:55,2443
2019-02-10 00:00,2392
2019-02-10 00:05,2375
2019-02-10 00:10,2332
2019-02-10 00:15,2294
2019-02-10 00:20,2289
2019-02-10 00:25,2287
2019-02-10 00:30,2278
2019-02-10 00:35,2253
2019-02-10 00:40,2235
2019-02-10 00:45,2216
2019-02-10 00:50,2182
2019-02-10 00:55,2168
2019-02-10 01:00,2161
2019-02-10 01:05,2153
2019-02-10 01:10,2136
2019-02-10 01:15,2114
2019-02-10 01:20,2105
2019-02-10 01:25,2098
2019-02-10 01:30,2089
2019-02-10 01:35,2057
2019-02-10 01:40,2048
2019-02-10 01:45,2040
2019-02-10 01:50,2020
2019-02-10 01:55,2008
2019-02-10 02:00,1998
2019-02-10 02:05,1980
2019-02-10 02:10,1966
2019-02-10 02:15,1951
2019-02-10 02:20,1931
2019-02-10 02:25,1915
2019-02-10 02:30,1901
2019-02-10 02:35,1915
2019-02-10 02:40,1920
2019-02-10 02:45,1921
2019-02-10 02:50,1896
2019-02-10 02:55,1890
2019-02-10 03:00,1864
2019-02-10 03:05,1876
2019-02-10 03:10,1879
2019-02-10 03:15,1864
2019-02-10 03:20,1874
2019-02-10 03:25,1864
2019-02-10 03:30,1849
2019-02-10 03:35,1831
2019-02-10 03:40,1827
2019-02-10 03:45,1812
2019-02-10 03:50,1779
2019-02-10 03:55,1764
2019-02-10 04:00,1763
2019-02-10 04:05,1728
2019-02-10 04:10,1723
2019-02-10 04:15,1700
2019-02-10 04:20,1692
2019-02-10 04:25,1695
2019-02-10 04:30,1693
2019-02-10 04:35,1698
2019-02-10 04:40,1715
2019-02-10 04:45,1680
2019-02-10 04:50,1674
2019-02-10 04:55,1678
2019-02-10 05:00,1684
2019-02-10 05:05,1663
2019-02-10 05:10,1660
2019-02-10 05:15,1658
2019-02-10 05:20,1653
2019-02-10 05:25,1640
2019-02-10 05:30,1612
2019-02-10 05:35,1611
2019-02-10 05:40,1614
2019-02-10 05:45,1609
2019-02-10 05:50,1601
2019-02-10 05:55,1586
2019-02-10 06:00,1586
2019-02-10 06:05,1572
2019-02-10 06:10,1583
2019-02-10 06:15,1572
2019-02-10 06:20,1583
2019-02-10 06:25,1595
2019-02-10 06:30,1588
2019-02-10 06:35,1591
2019-02-10 06:40,1595
2019-02-10 06:45,1595
2019-02-10 06:50,1580
2019-02-10 06:55,1582
2019-02-10 07:00,1589
2019-02-10 07:05,1594
2019-02-10 07:10,1607
2019-02-10 07:15,1603
2019-02-10 07:20,1608
2019-02-10 07:25,1620
2019-02-10 07:30,1635
2019-02-10 07:35,1617
2019-02-10 07:40,1624
2019-02-10 07:45,1621
2019-02-10 07:50,1617
2019-02-10 07:55,1623
2019-02-10 08:00,1629
2019-02-10 08:05,1640
2019-02-10 08:10,1658
2019-02-10 08:15,1636
2019-02-10 08:20,1668
2019-02-10 08:25,1678
2019-02-10 08:30,1707
2019-02-10 08:35,1712
2019-02-10 08:40,1711
2019-02-10 08:45,1735
2019-02-10 08:50,1774
2019-02-10 08:55,1785
2019-02-10 09:00,1796
2019-02-10 09:05,1812
2019-02-10 09:10,1844
2019-02-10 09:15,1846
2019-02-10 09:20,1853
2019-02-10 09:25,1864
2019-02-10 09:30,1901
2019-02-10 09:35,1920
2019-02-10 09:40,1955
2019-02-10 09:45,1991
2019-02-10 09:50,2039
2019-02-10 09:55,2063
2019-02-10 10:00,2096
2019-02-10 10:05,2152
2019-02-10 10:10,2176
2019-02-10 10:15,2206
2019-02-10 10:20,2243
2019-02-10 10:25,2275
2019-02-10 10:30,2305
2019-02-10 10:35,2331
2019-02-10 10:40,2347
2019-02-10 10:45,2366
2019-02-10 10:50,2386
2019-02-10 10:55,2378
2019-02-10 11:00,2374
2019-02-10 11:05,2374
2019-02-10 11:10,2380
2019-02-10 11:15,2391
2019-02-10 11:20,2408
2019-02-10 11:25,2407
2019-02-10 11:30,2420
2019-02-10 11:35,2435
2019-02-10 11:40,2446
2019-02-10 11:45,2456
2019-02-10 11:50,2443
2019-02-10 11:55,2458
2019-02-10 12:00,2473
2019-02-10 12:05,2487
2019-02-10 12:10,2481
2019-02-10 12:15,2487
2019-02-10 12:20,2513
2019-02-10 12:25,2562
2019-02-10 12:30,2555
2019-02-10 12:35,2557
2019-02-10 12:40,2562
2019-02-10 12:45,2574
2019-02-10 12:50,2538
2019-02-10 12:55,2561
2019-02-10 13:00,2599
2019-02-10 13:05,2616
2019-02-10 13:10,2653
2019-02-10 13:15,2668
2019-02-10 13:20,2674
2019-02-10 13:25,2705
2019-02-10 13:30,2724
2019-02-10 13:35,2759
2019-02-10 13:40,2798
2019-02-10 13:45,2817
2019-02-10 13:50,2839
2019-02-10 13:55,2857
2019-02-10 14:00,2879
2019-02-10 14:05,2873
2019-02-10 14:10,2895
2019-02-10 14:15,2906
2019-02-10 14:20,2916
2019-02-10 14:25,2921
2019-02-10 14:30,2936
2019-02-10 14:35,2943
2019-02-10 14:40,2938
2019-02-10 14:45,2943
2019-02-10 14:50,2979
2019-02-10 14:55,2973
2019-02-10 15:00,2999
2019-02-10 15:05,3024
2019-02-10 15:10,3013
2019-02-10 15:15,3004
2019-02-10 15:20,3033
2019-02-10 15:25,3057
2019-02-10 15:30,3056
2019-02-10 15:35,3045
2019-02-10 15:40,3060
2019-02-10 15:45,3105
2019-02-10 15:50,3096
2019-02-10 15:55,3103
2019-02-10 16:00,3118
2019-02-10 16:05,3092
2019-02-10 16:10,3047
2019-02-10 16:15,3026
2019-02-10 16:20,3073
2019-02-10 16:25,3096
2019-02-10 16:30,3108
2019-02-10 16:35,3123
2019-02-10 16:40,3139
2019-02-10 16:45,3187
2019-02-10 16:50,3186
2019-02-10 16:55,3174
2019-02-10 17:00,3187
2019-02-10 17:05,3196
2019-02-10 17:10,3233
2019-02-10 17:15,3257
2019-02-10 17:20,3286
2019-02-10 17:25,3310
2019-02-10 17:30,3304
2019-02-10 17:35,3305
2019-02-10 17:40,3301
2019-02-10 17:45,3290
2019-02-10 17:50,3294
2019-02-10 17:55,3303
2019-02-10 18:00,3301
2019-02-10 18:05,3301
2019-02-10 18:10,3288
2019-02-10 18:15,3294
2019-02-10 18:20,3302
2019-02-10 18:25,3314
2019-02-10 18:30,3318
2019-02-10 18:35,3322
2019-02-10 18:40,3328
2019-02-10 18:45,3344
2019-02-10 18:50,3360
2019-02-10 18:55,3381
2019-02-10 19:00,3384
2019-02-10 19:05,3401
2019-02-10 19:10,3415
2019-02-10 19:15,3424
2019-02-10 19:20,3417
2019-02-10 19:25,3410
2019-02-10 19:30,3433
2019-02-10 19:35,3423
2019-02-10 19:40,3427
2019-02-10 19:45,3405
2019-02-10 19:50,3415
2019-02-10 19:55,3394
2019-02-10 20:00,3365
2019-02-10 20:05,3348
2019-02-10 20:10,3380
2019-02-10 20:15,3348
2019-02-10 20:20,3338
2019-02-10 20:25,3306
2019-02-10 20:30,3310
2019-02-10 20:35,3273
2019-02-10 20:40,3256
2019-02-10 20:45,3234
2019-02-10 20:50,3182
2019-02-10 20:55,3130
2019-02-10 21:00,3129
2019-02-10 21:05,3064
2019-02-10 21:10,3064
2019-02-10 21:15,3035
2019-02-10 21:20,3028
2019-02-10 21:25,3000
2019-02-10 21:30,2990
2019-02-10 21:35,2940
2019-02-10 21:40,2951
2019-02-10 21:45,2936
2019-02-10 21:50,2907
2019-02-10 21:55,2880
2019-02-10 22:00,2863
2019-02-10 22:05,2841
2019-02-10 22:10,2786
2019-02-10 22:15,2739
2019-02-10 22:20,2704
2019-02-10 22:25,2667
2019-02-10 22:30,2637
2019-02-10 22:35,2601
2019-02-10 22:40,2586
2019-02-10 22:45,2551
2019-02-10 22:50,2502
2019-02-10 22:55,2462
2019-02-10 23:00,2420
2019-02-10 23:05,2398
2019-02-10 23:10,2376
2019-02-10 23:15,2355
2019-02-10 23:20,2315
2019-02-10 23:25,2279
2019-02-10 23:30,2276
2019-02-10 23:35,2252
2019-02-10 23:40,2216
2019-02-10 23:45,2201
2019-02-10 23:50,2187
2019-02-10 23:55,2176
2019-02-11 00:00,2153
2019-02-11 00:05,2123
2019-02-11 00:10,2104
2019-02-11 00:15,2084
2019-02-11 00:20,2084
2019-02-11 00:25,2075
2019-02-11 00:30,2056
2019-02-11 00:35,2047
2019-02-11 00:40,2036
2019-02-11 00:45,2037
2019-02-11 00:50,2026
2019-02-11 00:55,2005
2019-02-11 01:00,2003
2019-02-11 01:05,1980
2019-02-11 01:10,1981
2019-02-11 01:15,1984
2019-02-11 01:20,1959
2019-02-11 01:25,1933
2019-02-11 01:30,1941
2019-02-11 01:35,1925
2019-02-11 01:40,1909
2019-02-11 01:45,1899
2019-02-11 01:50,1899
2019-02-11 01:55,1901
2019-02-11 02:00,1882
2019-02-11 02:05,1900
2019-02-11 02:10,1893
2019-02-11 02:15,1853
2019-02-11 02:20,1852
2019-02-11 02:25,1847
2019-02-11 02:30,1846
2019-02-11 02:35,1832
2019-02-11 02:40,1820
2019-02-11 02:45,1811
2019-02-11 02:50,1810
2019-02-11 02:55,1804
2019-02-11 03:00,1781
2019-02-11 03:05,1772
2019-02-11 03:10,1748
2019-02-11 03:15,1724
2019-02-11 03:20,1713
2019-02-11 03:25,1693
2019-02-11 03:30,1660
2019-02-11 03:35,1655
2019-02-11 03:40,1650
2019-02-11 03:45,1623
2019-02-11 03:50,1619
2019-02-11 03:55,1619
2019-02-11 04:00,1592
2019-02-11 04:05,1562
2019-02-11 04:10,1524
2019-02-11 04:15,1513
2019-02-11 04:20,1491
2019-02-11 04:25,1467
2019-02-11 04:30,1454
2019-02-11 04:35,1447
2019-02-11 04:40,1432
2019-02-11 04:45,1426
2019-02-11 04:50,1402
2019-02-11 04:55,1366
2019-02-11 05:00,1367
2019-02-11 05:05,1334
2019-02-11 05:10,1328
2019-02-11 05:15,1302
2019-02-11 05:20,1293
2019-02-11 05:25,1290
2019-02-11 05:30,1272
2019-02-11 05:35,1249
2019-02-11 05:40,1244
2019-02-11 05:45,1249
2019-02-11 05:50,1247
2019-02-11 05:55,1227
2019-02-11 06:00,1227
2019-02-11 06:05,1211
2019-02-11 06:10,1209
2019-02-11 06:15,1223
2019-02-11 06:20,1199
2019-02-11 06:25,1205
2019-02-11 06:30,1204
2019-02-11 06:35,1195
2019-02-11 06:40,1193
2019-02-11 06:45,1210
2019-02-11 06:50,1200
2019-02-11 06:55,1192
2019-02-11 07:00,1178
2019-02-11 07:05,1161
2019-02-11 07:10,1165
2019-02-11 07:15,1172
2019-02-11 07:20,1173
2019-02-11 07:25,1198
2019-02-11 07:30,1207
2019-02-11 07:35,1204
2019-02-11 07:40,1194
2019-02-11 07:45,1191
2019-02-11 07:50,1188
2019-02-11 07:55,1174
2019-02-11 08:00,1171
2019-02-11 08:05,1168
2019-02-11 08:10,1173
2019-02-11 08:15,1183
2019-02-11 08:20,1192
2019-02-11 08:25,1206
2019-02-11 08:30,1211
2019-02-11 08:35,1226
2019-02-11 08:40,1231
2019-02-11 08:45,1231
2019-02-11 08:50,1227
2019-02-11 08:55,1223
2019-02-11 09:00,1251
2019-02-11 09:05,1245
2019-02-11 09:10,1259
2019-02-11 09:15,1264
2019-02-11 09:20,1270
2019-02-11 09:25,1262
2019-02-11 09:30,1282
2019-02-11 09:35,1302
2019-02-11 09:40,1315
2019-02-11 09:45,1316
2019-02-11 09:50,1324
2019-02-11 09:55,1358
2019-02-11 10:00,1382
2019-02-11 10:05,1390
2019-02-11 10:10,1403
2019-02-11 10:15,1430
2019-02-11 10:20,1440
2019-02-11 10:25,1465
2019-02-11 10:30,1469
2019-02-11 10:35,1482
2019-02-11 10:40,1507
2019-02-11 10:45,1531
2019-02-11 10:50,1540
2019-02-11 10:55,1544
2019-02-11 11:00,1549
2019-02-11 11:05,1569
2019-02-11 11:10,1565
2019-02-11 11:15,1586
2019-02-11 11:20,1584
2019-02-11 11:25,1604
2019-02-11 11:30,1623
2019-02-11 11:35,1631
2019-02-11 11:40,1658
2019-02-11 11:45,1669
2019-02-11 11:50,1697
2019-02-11 11:55,1710
2019-02-11 12:00,1709
2019-02-11 12:05,1695
2019-02-11 12:10,1706
2019-02-11 12:15,1700
2019-02-11 12:20,1725
2019-02-11 12:25,1749
2019-02-11 12:30,1763
2019-02-11 12:35,1771
2019-02-11 12:40,1776
2019-02-11 12:45,1783
2019-02-11 12:50,1793
2019-02-11 12:55,1814
2019-02-11 13:00,1834
2019-02-11 13:05,1832
2019-02-11 13:10,1831
2019-02-11 13:15,1882
2019-02-11 13:20,1902
2019-02-11 13:25,1914
2019-02-11 13:30,1925
2019-02-11 13:35,1942
2019-02-11 13:40,1954
2019-02-11 13:45,1964
2019-02-11 13:50,1961
2019-02-11 13:55,1989
2019-02-11 14:00,1997
2019-02-11 14:05,1992
2019-02-11 14:10,1986
2019-02-11 14:15,2005
2019-02-11 14:20,1994
2019-02-11 14:25,2020
2019-02-11 14:30,2032
2019-02-11 14:35,2067
2019-02-11 14:40,2066
2019-02-11 14:45,2085
2019-02-11 14:50,2085
2019-02-11 14:55,2118
2019-02-11 15:00,2149
2019-02-11 15:05,2150
2019-02-11 15:10,2159
2019-02-11 15:15,2183
2019-02-11 15:20,2187
2019-02-11 15:25,2207
2019-02-11 15:30,2159
2019-02-11 15:35,2172
2019-02-11 15:40,2164
2019-02-11 15:45,2182
2019-02-11 15:50,2161
2019-02-11 15:55,2179
2019-02-11 16:00,2170
2019-02-11 16:05,2179
2019-02-11 16:10,2171
2019-02-11 16:15,2203
2019-02-11 16:20,2224
2019-02-11 16:25,2261
2019-02-11 16:30,2265
2019-02-11 16:35,2305
2019-02-11 16:40,2374
2019-02-11 16:45,2390
2019-02-11 16:50,2402
2019-02-11 16:55,2440
2019-02-11 17:00,2459
2019-02-11 17:05,2453
2019-02-11 17:10,2467
2019-02-11 17:15,2504
2019-02-11 17:20,2504
2019-02-11 17:25,2526
2019-02-11 17:30,2534
2019-02-11 17:35,2564
2019-02-11 17:40,2592
2019-02-11 17:45,2579
2019-02-11 17:50,2601
2019-02-11 17:55,2592
2019-02-11 18:00,2599
2019-02-11 18:05,2612
2019-02-11 18:10,2613
2019-02-11 18:15,2624
2019-02-11 18:20,2632
2019-02-11 18:25,2652
2019-02-11 18:30,2669
2019-02-11 18:35,2689
2019-02-11 18:40,2683
2019-02-11 18:45,2713
2019-02-11 18:50,2722
2019-02-11 18:55,2741
2019-02-11 19:00,2748
2019-02-11 19:05,2749
2019-02-11 19:10,2772
2019-02-11 19:15,2787
2019-02-11 19:20,2763
2019-02-11 19:25,2780
2019-02-11 19:30,2806
2019-02-11 19:35,2793
2019-02-11 19:40,2815
2019-02-11 19:45,2835
2019-02-11 19:50,2832
2019-02-11 19:55,2822
2019-02-11 20:00,2834
2019-02-11 20:05,2804
2019-02-11 20:10,2785
2019-02-11 20:15,2790
2019-02-11 20:20,2804
2019-02-11 20:25,2815
2019-02-11 20:30,2808
2019-02-11 20:35,2803
2019-02-11 20:40,2808
2019-02-11 20:45,2794
2019-02-11 20:50,2782
2019-02-11 20:55,2734
2019-02-11 21:00,2697
2019-02-11 21:05,2672
2019-02-11 21:10,2640
2019-02-11 21:15,2607
2019-02-11 21:20,2569
2019-02-11 21:25,2568
2019-02-11 21:30,2564
2019-02-11 21:35,2537
2019-02-11 21:40,2525
2019-02-11 21:45,2514
2019-02-11 21:50,2482
2019-02-11 21:55,2453
2019-02-11 22:00,2414
2019-02-11 22:05,2394
2019-02-11 22:10,2347
2019-02-11 22:15,2340
2019-02-11 22:20,2311
2019-02-11 22:25,2301
2019-02-11 22:30,2272
2019-02-11 22:35,2256
2019-02-11 22:40,2245
2019-02-11 22:45,2217
2019-02-11 22:50,2193
2019-02-11 22:55,2170
2019-02-11 23:00,2152
2019-02-11 23:05,2130
2019-02-11 23:10,2138
2019-02-11 23:15,2115
2019-02-11 23:20,2105
2019-02-11 23:25,2071
2019-02-11 23:30,2035
2019-02-11 23:35,2053
2019-02-11 23:40,2028
2019-02-11 23:45,2016
2019-02-11 23:50,1986
2019-02-11 23:55,1948
2019-02-12 00:00,1928
2019-02-12 00:05,1924
2019-02-12 00:10,1898
2019-02-12 00:15,1890
2019-02-12 00:20,1867
2019-02-12 00:25,1878
2019-02-12 00:30,1850
2019-02-12 00:35,1820
2019-02-12 00:40,1812
2019-02-12 00:45,1806
2019-02-12 00:50,1804
2019-02-12 00:55,1817
2019-02-12 01:00,1793
2019-02-12 01:05,1799
2019-02-12 01:10,1777
2019-02-12 01:15,1776
2019-02-12 01:20,1784
2019-02-12 01:25,1776
2019-02-12 01:30,1792
2019-02-12 01:35,1787
2019-02-12 01:40,1778
2019-02-12 01:45,1761
2019-02-12 01:50,1761
2019-02-12 01:55,1756
2019-02-12 02:00,1738
2019-02-12 02:05,1717
2019-02-12 02:10,1700
2019-02-12 02:15,1674
2019-02-12 02:20,1667
2019-02-12 02:25,1669
2019-02-12 02:30,1661
2019-02-12 02:35,1651
2019-02-12 02:40,1645
2019-02-12 02:45,1642
2019-02-12 02:50,1615
2019-02-12 02:55,1603
2019-02-12 03:00,1580
2019-02-12 03:05,1572
2019-02-12 03:10,1559
2019-02-12 03:15,1539
2019-02-12 03:20,1514
2019-02-12 03:25,1518
2019-02-12 03:30,1520
2019-02-12 03:35,1509
2019-02-12 03:40,1504
2019-02-12 03:45,1490
2019-02-12 03:50,1482
2019-02-12 03:55,1456
2019-02-12 04:00,1467
2019-02-12 04:05,1467
2019-02-12 04:10,1465
2019-02-12 04:15,1441
2019-02-12 04:20,1435
2019-02-12 04:25,1424
2019-02-12 04:30,1406
2019-02-12 04:35,1383
2019-02-12 04:40,1373
2019-02-12 04:45,1351
2019-02-12 04:50,1339
2019-02-12 04:55,1333
2019-02-12 05:00,1328
2019-02-12 05:05,1326
2019-02-12 05:10,1308
2019-02-12 05:15,1307
2019-02-12 05:20,1293
2019-02-12 05:25,1290
2019-02-12 05:30,1279
2019-02-12 05:35,1262
2019-02-12 05:40,1247
2019-02-12 05:45,1235
2019-02-12 05:50,1213
2019-02-12 05:55,1198
2019-02-12 06:00,1193
2019-02-12 06:05,1189
2019-02-12 06:10,1174
2019-02-12 06:15,1174
2019-02-12 06:20,1170
2019-02-12 06:25,1156
2019-02-12 06:30,1151
2019-02-12 06:35,1122
2019-02-12 06:40,1125
2019-02-12 06:45,1126
2019-02-12 06:50,1134
2019-02-12 06:55,1131
2019-02-12 07:00,1144
2019-02-12 07:05,1145
2019-02-12 07:10,1142
2019-02-12 07:15,1139
2019-02-12 07:20,1134
2019-02-12 07:25,1135
2019-02-12 07:30,1140
2019-02-12 07:35,1138
2019-02-12 07:40,1132
2019-02-12 07:45,1131
2019-02-12 07:50,1126
2019-02-12 07:55,1120
2019-02-12 08:00,1115
2019-02-12 08:05,1118
2019-02-12 08:10,1114
2019-02-12 08:15,1110
2019-02-12 08:20,1118
2019-02-12 08:25,1145
2019-02-12 08:30,1165
2019-02-12 08:35,1153
2019-02-12 08:40,1163
2019-02-12 08:45,1150
2019-02-12 08:50,1152
2019-02-12 08:55,1149
2019-02-12 09:00,1170
2019-02-12 09:05,1163
2019-02-12 09:10,1187
2019-02-12 09:15,1196
2019-02-12 09:20,1205
2019-02-12 09:25,1211
2019-02-12 09:30,1223
2019-02-12 09:35,1230
2019-02-12 09:40,1244
2019-02-12 09:45,1253
2019-02-12 09:50,1268
2019-02-12 09:55,1293
2019-02-12 10:00,1297
2019-02-12 10:05,1330
2019-02-12 10:10,1324
2019-02-12 10:15,1363
2019-02-12 10:20,1393
2019-02-12 10:25,1383
2019-02-12 10:30,1389
2019-02-12 10:35,1374
2019-02-12 10:40,1394
2019-02-12 10:45,1405
2019-02-12 10:50,1422
2019-02-12 10:55,1433
2019-02-12 11:00,1445
2019-02-12 11:05,1460
2019-02-12 11:10,1501
2019-02-12 11:15,1518
2019-02-12 11:20,1530
2019-02-12 11:25,1561
2019-02-12 11:30,1566
2019-02-12 11:35,1573
2019-02-12 11:40,1563
2019-02-12 11:45,1553
2019-02-12 11:50,1585
2019-02-12 11:55,1602
2019-02-12 12:00,1630
2019-02-12 12:05,1633
2019-02-12 12:10,1654
2019-02-12 12:15,1666
2019-02-12 12:20,1672
2019-02-12 12:25,1696
2019-02-12 12:30,1683
2019-02-12 12:35,1715
2019-02-12 12:40,1703
2019-02-12 12:45,1720
2019-02-12 12:50,1728
2019-02-12 12:55,1754
2019-02-12 13:00,1779
2019-02-12 13:05,1778
2019-02-12 13:10,1793
2019-02-12 13:15,1802
2019-02-12 13:20,1801
2019-02-12 13:25,1809
2019-02-12 13:30,1818
2019-02-12 13:35,1829
2019-02-12 13:40,1847
2019-02-12 13:45,1831
2019-02-12 13:50,1837
2019-02-12 13:55,1842
2019-02-12 14:00,1860
2019-02-12 14:05,1871
2019-02-12 14:10,1877
2019-02-12 14:15,1895
2019-02-12 14:20,1914
2019-02-12 14:25,1916
2019-02-12 14:30,1954
2019-02-12 14:35,1983
2019-02-12 14:40,1997
2019-02-12 14:45,2004
2019-02-12 14:50,2025
2019-02-12 14:55,2041
2019-02-12 15:00,2041
2019-02-12 15:05,2050
2019-02-12 15:10,2057
2019-02-12 15:15,2081
2019-02-12 15:20,2103
2019-02-12 15:25,2121
2019-02-12 15:30,2143
2019-02-12 15:35,2163
2019-02-12 15:40,2170
2019-02-12 15:45,2217
2019-02-12 15:50,2204
2019-02-12 15:55,2228
2019-02-12 16:00,2232
2019-02-12 16:05,2243
2019-02-12 16:10,2247
2019-02-12 16:15,2284
2019-02-12 16:20,2299
2019-02-12 16:25,2312
2019-02-12 16:30,2312
2019-02-12 16:35,2361
2019-02-12 16:40,2376
2019-02-12 16:45,2403
2019-02-12 16:50,2428
2019-02-12 16:55,2466
2019-02-12 17:00,2478
2019-02-12 17:05,2482
2019-02-12 17:10,2505
2019-02-12 17:15,2552
2019-02-12 17:20,2571
2019-02-12 17:25,2606
2019-02-12 17:30,2622
2019-02-12 17:35,2623
2019-02-12 17:40,2648
2019-02-12 17:45,2657
2019-02-12 17:50,2663
2019-02-12 17:55,2669
2019-02-12 18:00,2683
2019-02-12 18:05,2697
2019-02-12 18:10,2706
2019-02-12 18:15,2723
2019-02-12 18:20,2711
2019-02-12 18:25,2724
2019-02-12 18:30,2754
2019-02-12 18:35,2768
2019-02-12 18:40,2755
2019-02-12 18:45,2797
2019-02-12 18:50,2811
2019-02-12 18:55,2819
2019-02-12 19:00,2833
2019-02-12 19:05,2851
2019-02-12 19:10,2829
2019-02-12 19:15,2815
2019-02-12 19:20,2815
2019-02-12 19:25,2802
2019-02-12 19:30,2833
2019-02-12 19:35,2816
2019-02-12 19:40,2824
2019-02-12 19:45,2827
2019-02-12 19:50,2835
2019-02-12 19:55,2824
2019-02-12 20:00,2812
2019-02-12 20:05,2799
2019-02-12 20:10,2774
2019-02-12 20:15,2750
2019-02-12 20:20,2716
2019-02-12 20:25,2712
2019-02-12 20:30,2714
2019-02-12 20:35,2699
2019-02-12 20:40,2712
2019-02-12 20:45,2706
2019-02-12 20:50,2721
2019-02-12 20:55,2704
2019-02-12 21:00,2700
2019-02-12 21:05,2680
2019-02-12 21:10,2661
2019-02-12 21:15,2649
2019-02-12 21:20,2635
2019-02-12 21:25,2637
2019-02-12 21:30,2611
2019-02-12 21:35,2601
2019-02-12 21:40,2589
2019-02-12 21:45,2561
2019-02-12 21:50,2558
2019-02-12 21:55,2502
2019-02-12 22:00,2471
2019-02-12 22:05,2472
2019-02-12 22:10,2453
2019-02-12 22:15,2440
2019-02-12 22:20,2402
2019-02-12 22:25,2371
2019-02-12 22:30,2366
2019-02-12 22:35,2356
2019-02-12 22:40,2335
2019-02-12 22:45,2301
2019-02-12 22:50,2291
2019-02-12 22:55,2283
2019-02-12 23:00,2243
2019-02-12 23:05,2244
2019-02-12 23:10,2220
2019-02-12 23:15,2191
2019-02-12 23:20,2156
2019-02-12 23:25,2148
2019-02-12 23:30,2137
2019-02-12 23:35,0
2019-02-12 23:40,1258
2019-02-12 23:45,1895
2019-02-12 23:50,2021
2019-02-12 23:55,1997
2019-02-13 00:00,1993
2019-02-13 00:05,1975
2019-02-13 00:10,1959
2019-02-13 00:15,1951
2019-02-13 00:20,1931
2019-02-13 00:25,1928
2019-02-13 00:30,1921
2019-02-13 00:35,1908
2019-02-13 00:40,1898
2019-02-13 00:45,1892
2019-02-13 00:50,1876
2019-02-13 00:55,1861
2019-02-13 01:00,1830
2019-02-13 01:05,1809
2019-02-13 01:10,1786
2019-02-13 01:15,1796
2019-02-13 01:20,1802
2019-02-13 01:25,1807
2019-02-13 01:30,1800
2019-02-13 01:35,1797
2019-02-13 01:40,1770
2019-02-13 01:45,1759
2019-02-13 01:50,1757
2019-02-13 01:55,1707
2019-02-13 02:00,1627
2019-02-13 02:05,1135
2019-02-13 02:10,1224
2019-02-13 02:15,1280
2019-02-13 02:20,1320
2019-02-13 02:25,1349
2019-02-13 02:30,1379
2019-02-13 02:35,1391
2019-02-13 02:40,1416
2019-02-13 02:45,1435
2019-02-13 02:50,1445
2019-02-13 02:55,1483
2019-02-13 03:00,1486
2019-02-13 03:05,1491
2019-02-13 03:10,1504
2019-02-13 03:15,1503
2019-02-13 03:20,1498
2019-02-13 03:25,1509
2019-02-13 03:30,1494
2019-02-13 03:35,1506
2019-02-13 03:40,1490
2019-02-13 03:45,1501
2019-02-13 03:50,1488
2019-02-13 03:55,1492
2019-02-13 04:00,1463
2019-02-13 04:05,1442
2019-02-13 04:10,1444
2019-02-13 04:15,1417
2019-02-13 04:20,1407
2019-02-13 04:25,1426
2019-02-13 04:30,1426
2019-02-13 04:35,1408
2019-02-13 04:40,1397
2019-02-13 04:45,1394
2019-02-13 04:50,1389
2019-02-13 04:55,1375
2019-02-13 05:00,1352
2019-02-13 05:05,1326
2019-02-13 05:10,1320
2019-02-13 05:15,1292
2019-02-13 05:20,1275
2019-02-13 05:25,1276
2019-02-13 05:30,1264
2019-02-13 05:35,1261
2019-02-13 05:40,1244
2019-02-13 05:45,1253
2019-02-13 05:50,1237
2019-02-13 05:55,1224
2019-02-13 06:00,1217
2019-02-13 06:05,1197
2019-02-13 06:10,1189
2019-02-13 06:15,1181
2019-02-13 06:20,1174
2019-02-13 06:25,1163
2019-02-13 06:30,1154
2019-02-13 06:35,1150
2019-02-13 06:40,1159
2019-02-13 06:45,1150
2019-02-13 06:50,1149
2019-02-13 06:55,1141
2019-02-13 07:00,1131
2019-02-13 07:05,1125
2019-02-13 07:10,1125
2019-02-13 07:15,1132
2019-02-13 07:20,1133
2019-02-13 07:25,1135
2019-02-13 07:30,1122
2019-02-13 07:35,1131
2019-02-13 07:40,1118
2019-02-13 07:45,1096
2019-02-13 07:50,1108
2019-02-13 07:55,1108
2019-02-13 08:00,1107
2019-02-13 08:05,1119
2019-02-13 08:10,1110
2019-02-13 08:15,1125
2019-02-13 08:20,1139
2019-02-13 08:25,1133
2019-02-13 08:30,1138
2019-02-13 08:35,1146
2019-02-13 08:40,1160
2019-02-13 08:45,1165
2019-02-13 08:50,1161
2019-02-13 08:55,1166
2019-02-13 09:00,1160
2019-02-13 09:05,1156
2019-02-13 09:10,1141
2019-02-13 09:15,1157
2019-02-13 09:20,1155
2019-02-13 09:25,1163
2019-02-13 09:30,1155
2019-02-13 09:35,1155
2019-02-13 09:40,1185
2019-02-13 09:45,1190
2019-02-13 09:50,1202
2019-02-13 09:55,1232
2019-02-13 10:00,1234
2019-02-13 10:05,1270
2019-02-13 10:10,1297
2019-02-13 10:15,1318
2019-02-13 10:20,1335
2019-02-13 10:25,1366
2019-02-13 10:30,1387
2019-02-13 10:35,1423
2019-02-13 10:40,1444
2019-02-13 10:45,1465
2019-02-13 10:50,1463
2019-02-13 10:55,1469
2019-02-13 11:00,1475
2019-02-13 11:05,1492
2019-02-13 11:10,1476
2019-02-13 11:15,1478
2019-02-13 11:20,1486
2019-02-13 11:25,1484
2019-02-13 11:30,1495
2019-02-13 11:35,1510
2019-02-13 11:40,1518
2019-02-13 11:45,1537
2019-02-13 11:50,1536
2019-02-13 11:55,1561
2019-02-13 12:00,1586
2019-02-13 12:05,1574
2019-02-13 12:10,1570
2019-02-13 12:15,1582
2019-02-13 12:20,1585
2019-02-13 12:25,1596
2019-02-13 12:30,1615
2019-02-13 12:35,1610
2019-02-13 12:40,1637
2019-02-13 12:45,1667
2019-02-13 12:50,1680
2019-02-13 12:55,1690
2019-02-13 13:00,1688
2019-02-13 13:05,1688
2019-02-13 13:10,1698
2019-02-13 13:15,1715
2019-02-13 13:20,1737
2019-02-13 13:25,1753
2019-02-13 13:30,1774
2019-02-13 13:35,1777
2019-02-13 13:40,1801
2019-02-13 13:45,1823
2019-02-13 13:50,1869
2019-02-13 13:55,1870
2019-02-13 14:00,1882
2019-02-13 14:05,1913
2019-02-13 14:10,1932
2019-02-13 14:15,1963
2019-02-13 14:20,1982
2019-02-13 14:25,1999
2019-02-13 14:30,1992
2019-02-13 14:35,1998
2019-02-13 14:40,2016
2019-02-13 14:45,2038
2019-02-13 14:50,2050
2019-02-13 14:55,2048
2019-02-13 15:00,2061
2019-02-13 15:05,2062
2019-02-13 15:10,2091
2019-02-13 15:15,2106
2019-02-13 15:20,2125
2019-02-13 15:25,2147
2019-02-13 15:30,2191
2019-02-13 15:35,2209
2019-02-13 15:40,2212
2019-02-13 15:45,2228
2019-02-13 15:50,2253
2019-02-13 15:55,2264
2019-02-13 16:00,2258
2019-02-13 16:05,2261
2019-02-13 16:10,2274
2019-02-13 16:15,2283
2019-02-13 16:20,2293
2019-02-13 16:25,2326
2019-02-13 16:30,2336
2019-02-13 16:35,2346
2019-02-13 16:40,2387
2019-02-13 16:45,2408
2019-02-13 16:50,2439
2019-02-13 16:55,2464
2019-02-13 17:00,2504
2019-02-13 17:05,2508
2019-02-13 17:10,2517
2019-02-13 17:15,2516
2019-02-13 17:20,2545
2019-02-13 17:25,2559
2019-02-13 17:30,2599
2019-02-13 17:35,2612
2019-02-13 17:40,2628
2019-02-13 17:45,2629
2019-02-13 17:50,2660
2019-02-13 17:55,
2019-02-13 18:00,2646
2019-02-13 18:05,2649
2019-02-13 18:10,2648
2019-02-13 18:15,2629
2019-02-13 18:20,2672
2019-02-13 18:25,2680
2019-02-13 18:30,2674
2019-02-13 18:35,2671
2019-02-13 18:40,2662
2019-02-13 18:45,2657
2019-02-13 18:50,2652
2019-02-13 18:55,2643
2019-02-13 19:00,2637
2019-02-13 19:05,2656
2019-02-13 19:10,2656
2019-02-13 19:15,2610
2019-02-13 19:20,2656
2019-02-13 19:25,2676
2019-02-13 19:30,2670
2019-02-13 19:35,2696
2019-02-13 19:40,2690
2019-02-13 19:45,2680
2019-02-13 19:50,2684
2019-02-13 19:55,2689
2019-02-13 20:00,2663
2019-02-13 20:05,2674
2019-02-13 20:10,2641
2019-02-13 20:15,2611
2019-02-13 20:20,2615
2019-02-13 20:25,2598
2019-02-13 20:30,2588
2019-02-13 20:35,2575
2019-02-13 20:40,2592
2019-02-13 20:45,2574
2019-02-13 20:50,2569
2019-02-13 20:55,2534
2019-02-13 21:00,2523
2019-02-13 21:05,2520
2019-02-13 21:10,2520
2019-02-13 21:15,2505
2019-02-13 21:20,2482
2019-02-13 21:25,2459
2019-02-13 21:30,2442
2019-02-13 21:35,2414
2019-02-13 21:40,2418
2019-02-13 21:45,2382
2019-02-13 21:50,2360
2019-02-13 21:55,2332
2019-02-13 22:00,2336
2019-02-13 22:05,2328
2019-02-13 22:10,2292
2019-02-13 22:15,2248
2019-02-13 22:20,2224
2019-02-13 22:25,2211
2019-02-13 22:30,2177
2019-02-13 22:35,2146
2019-02-13 22:40,2125
2019-02-13 22:45,2121
2019-02-13 22:50,2097
2019-02-13 22:55,2058
2019-02-13 23:00,2039
2019-02-13 23:05,2025
2019-02-13 23:10,2001
2019-02-13 23:15,1962
2019-02-13 23:20,1945
2019-02-13 23:25,1929
2019-02-13 23:30,1899
2019-02-13 23:35,1882
2019-02-13 23:40,1870
2019-02-13 23:45,1854
2019-02-13 23:50,1844
2019-02-13 23:55,1835
2019-02-14 00:00,1839
2019-02-14 00:05,1822
2019-02-14 00:10,1819
2019-02-14 00:15,1793
2019-02-14 00:20,1783
2019-02-14 00:25,1769
2019-02-14 00:30,1755
2019-02-14 00:35,1755
2019-02-14 00:40,1761
2019-02-14 00:45,1744
2019-02-14 00:50,1742
2019-02-14 00:55,1741
2019-02-14 01:00,1745
2019-02-14 01:05,1718
2019-02-14 01:10,1712
2019-02-14 01:15,1724
2019-02-14 01:20,1707
2019-02-14 01:25,1694
2019-02-14 01:30,1672
2019-02-14 01:35,1657
2019-02-14 01:40,1667
2019-02-14 01:45,1668
2019-02-14 01:50,1677
2019-02-14 01:55,1660
2019-02-14 02:00,1655
2019-02-14 02:05,1641
2019-02-14 02:10,1649
2019-02-14 02:15,1631
2019-02-14 02:20,1620
2019-02-14 02:25,1627
2019-02-14 02:30,1608
2019-02-14 02:35,1576
2019-02-14 02:40,1589
2019-02-14 02:45,1571
2019-02-14 02:50,1553
2019-02-14 02:55,1552
2019-02-14 03:00,1543
2019-02-14 03:05,1514
2019-02-14 03:10,1487
2019-02-14 03:15,1459
2019-02-14 03:20,1481
2019-02-14 03:25,0
2019-02-14 03:30,1430
2019-02-14 03:35,1437
2019-02-14 03:40,1423
2019-02-14 03:45,1416
2019-02-14 03:50,1401
2019-02-14 03:55,1400
2019-02-14 04:00,1419
2019-02-14 04:05,1387
2019-02-14 04:10,1382
2019-02-14 04:15,1367
2019-02-14 04:20,1341
2019-02-14 04:25,1329
2019-02-14 04:30,1320
2019-02-14 04:35,1293
2019-02-14 04:40,1297
2019-02-14 04:45,1294
2019-02-14 04:50,1284
2019-02-14 04:55,1257
2019-02-14 05:00,1241
2019-02-14 05:05,1215
2019-02-14 05:10,1200
2019-02-14 05:15,1165
2019-02-14 05:20,1162
2019-02-14 05:25,1144
2019-02-14 05:30,1133
2019-02-14 05:35,1124
2019-02-14 05:40,1108
2019-02-14 05:45,1099
2019-02-14 05:50,1097
2019-02-14 05:55,1100
2019-02-14 06:00,1089
2019-02-14 06:05,1079
2019-02-14 06:10,1067
2019-02-14 06:15,1066
2019-02-14 06:20,1049
2019-02-14 06:25,1043
2019-02-14 06:30,1050
2019-02-14 06:35,1042
2019-02-14 06:40,1055
2019-02-14 06:45,1057
2019-02-14 06:50,1067
2019-02-14 06:55,1064
2019-02-14 07:00,1053
2019-02-14 07:05,1055
2019-02-14 07:10,1061
2019-02-14 07:15,1087
2019-02-14 07:20,1080
2019-02-14 07:25,1068
2019-02-14 07:30,1079
2019-02-14 07:35,1072
2019-02-14 07:40,1076
2019-02-14 07:45,1098
2019-02-14 07:50,1093
2019-02-14 07:55,1102
2019-02-14 08:00,1098
2019-02-14 08:05,1104
2019-02-14 08:10,1095
2019-02-14 08:15,1091
2019-02-14 08:20,1097
2019-02-14 08:25,1111
2019-02-14 08:30,1105
2019-02-14 08:35,1107
2019-02-14 08:40,1108
2019-02-14 08:45,1118
2019-02-14 08:50,1139
2019-02-14 08:55,1144
2019-02-14 09:00,1146
2019-02-14 09:05,1156
2019-02-14 09:10,1164
2019-02-14 09:15,1170
2019-02-14 09:20,1177
2019-02-14 09:25,1187
2019-02-14 09:30,1176
2019-02-14 09:35,1184
2019-02-14 09:40,1197
2019-02-14 09:45,1202
2019-02-14 09:50,1214
2019-02-14 09:55,1224
2019-02-14 10:00,1246
2019-02-14 10:05,1275
2019-02-14 10:10,1303
2019-02-14 10:15,1326
2019-02-14 10:20,1327
2019-02-14 10:25,1360
2019-02-14 10:30,1370
2019-02-14 10:35,1374
2019-02-14 10:40,1385
2019-02-14 10:45,1393
2019-02-14 10:50,1421
2019-02-14 10:55,1434
2019-02-14 11:00,1429
2019-02-14 11:05,1441
2019-02-14 11:10,1454
2019-02-14 11:15,1449
2019-02-14 11:20,1464
2019-02-14 11:25,1469
2019-02-14 11:30,1484
2019-02-14 11:35,1504
2019-02-14 11:40,1499
2019-02-14 11:45,1523
2019-02-14 11:50,1529
2019-02-14 11:55,1531
2019-02-14 12:00,1541
2019-02-14 12:05,1552
2019-02-14 12:10,1556
2019-02-14 12:15,1556
2019-02-14 12:20,1558
2019-02-14 12:25,1563
2019-02-14 12:30,1572
2019-02-14 12:35,1587
2019-02-14 12:40,1605
2019-02-14 12:45,1609
2019-02-14 12:50,1609
2019-02-14 12:55,1617
2019-02-14 13:00,1618
2019-02-14 13:05,1628
2019-02-14 13:10,1600
2019-02-14 13:15,1618
2019-02-14 13:20,1611
2019-02-14 13:25,1644
2019-02-14 13:30,1656
2019-02-14 13:35,1682
2019-02-14 13:40,1680
2019-02-14 13:45,1687
2019-02-14 13:50,1712
2019-02-14 13:55,1715
2019-02-14 14:00,1735
2019-02-14 14:05,1765
2019-02-14 14:10,1770
2019-02-14 14:15,1753
2019-02-14 14:20,1767
2019-02-14 14:25,1781
2019-02-14 14:30,1790
2019-02-14 14:35,1780
2019-02-14 14:40,1785
2019-02-14 14:45,1774
2019-02-14 14:50,1763
2019-02-14 14:55,1700
2019-02-14 15:00,1613
2019-02-14 15:05,1301
2019-02-14 15:10,1049
2019-02-14 15:15,1046
2019-02-14 15:20,1071
2019-02-14 15:25,1067
2019-02-14 15:30,1056
2019-02-14 15:35,1067
2019-02-14 15:40,1066
2019-02-14 15:45,1075
2019-02-14 15:50,1086
2019-02-14 15:55,1096
2019-02-14 16:00,1109
2019-02-14 16:05,1149
2019-02-14 16:10,1180
2019-02-14 16:15,1285
2019-02-14 16:20,1387
2019-02-14 16:25,1465
2019-02-14 16:30,1555
2019-02-14 16:35,1637
2019-02-14 16:40,1724
2019-02-14 16:45,1798
2019-02-14 16:50,1847
2019-02-14 16:55,1942
2019-02-14 17:00,2019
2019-02-14 17:05,2132
2019-02-14 17:10,2218
2019-02-14 17:15,2268
2019-02-14 17:20,2321
2019-02-14 17:25,2385
2019-02-14 17:30,2407
2019-02-14 17:35,2445
2019-02-14 17:40,2475
2019-02-14 17:45,2534
2019-02-14 17:50,2533
2019-02-14 17:55,2551
2019-02-14 18:00,2567
2019-02-14 18:05,2558
2019-02-14 18:10,2578
2019-02-14 18:15,2584
2019-02-14 18:20,2599
2019-02-14 18:25,2609
2019-02-14 18:30,2583
2019-02-14 18:35,2579
2019-02-14 18:40,2617
2019-02-14 18:45,2614
2019-02-14 18:50,2643
2019-02-14 18:55,2638
2019-02-14 19:00,2658
2019-02-14 19:05,2667
2019-02-14 19:10,2660
2019-02-14 19:15,2691
2019-02-14 19:20,2662
2019-02-14 19:25,2665
2019-02-14 19:30,2646
2019-02-14 19:35,2684
2019-02-14 19:40,2684
2019-02-14 19:45,2684
2019-02-14 19:50,2686
2019-02-14 19:55,2693
2019-02-14 20:00,2725
2019-02-14 20:05,2716
2019-02-14 20:10,2703
2019-02-14 20:15,2684
2019-02-14 20:20,2678
2019-02-14 20:25,2669
2019-02-14 20:30,2638
2019-02-14 20:35,2646
2019-02-14 20:40,2617
2019-02-14 20:45,2613
2019-02-14 20:50,2609
2019-02-14 20:55,2578
2019-02-14 21:00,2572
2019-02-14 21:05,2558
2019-02-14 21:10,2557
2019-02-14 21:15,2541
2019-02-14 21:20,2495
2019-02-14 21:25,2468
2019-02-14 21:30,2451
2019-02-14 21:35,2421
2019-02-14 21:40,2404
2019-02-14 21:45,2363
2019-02-14 21:50,2316
2019-02-14 21:55,2292
2019-02-14 22:00,2279
2019-02-14 22:05,2240
2019-02-14 22:10,2256
2019-02-14 22:15,2233
2019-02-14 22:20,2194
2019-02-14 22:25,2202
2019-02-14 22:30,2169
2019-02-14 22:35,2172
2019-02-14 22:40,2150
2019-02-14 22:45,2125
2019-02-14 22:50,2082
2019-02-14 22:55,2043
2019-02-14 23:00,2051
2019-02-14 23:05,2055
2019-02-14 23:10,2028
2019-02-14 23:15,1969
2019-02-14 23:20,1932
2019-02-14 23:25,1928
2019-02-14 23:30,1917
2019-02-14 23:35,1891
2019-02-14 23:40,1887
2019-02-14 23:45,1883
2019-02-14 23:50,1867
2019-02-14 23:55,1847
2019-02-15 00:00,1841
2019-02-15 00:05,1830
2019-02-15 00:10,1821
2019-02-15 00:15,1804
2019-02-15 00:20,1795
2019-02-15 00:25,1778
2019-02-15 00:30,1741
2019-02-15 00:35,1722
2019-02-15 00:40,1724
2019-02-15 00:45,1712
2019-02-15 00:50,1718
2019-02-15 00:55,1700
2019-02-15 01:00,1675
2019-02-15 01:05,1657
2019-02-15 01:10,1647
2019-02-15 01:15,1640
2019-02-15 01:20,1643
2019-02-15 01:25,1646
2019-02-15 01:30,1644
2019-02-15 01:35,1635
2019-02-15 01:40,1617
2019-02-15 01:45,1615
2019-02-15 01:50,1606
2019-02-15 01:55,1597
2019-02-15 02:00,1599
2019-02-15 02:05,1583
2019-02-15 02:10,1573
2019-02-15 02:15,1558
2019-02-15 02:20,1536
2019-02-15 02:25,1549
2019-02-15 02:30,1559
2019-02-15 02:35,1547
2019-02-15 02:40,1514
2019-02-15 02:45,1519
2019-02-15 02:50,1502
2019-02-15 02:55,1503
2019-02-15 03:00,1509
2019-02-15 03:05,1499
2019-02-15 03:10,1469
2019-02-15 03:15,1460
2019-02-15 03:20,1430
2019-02-15 03:25,1441
2019-02-15 03:30,1432
2019-02-15 03:35,1434
2019-02-15 03:40,1422
2019-02-15 03:45,1403
2019-02-15 03:50,1391
2019-02-15 03:55,1382
2019-02-15 04:00,1361
2019-02-15 04:05,1339
2019-02-15 04:10,1340
2019-02-15 04:15,1319
2019-02-15 04:20,1322
2019-02-15 04:25,1301
2019-02-15 04:30,1304
2019-02-15 04:35,1297
2019-02-15 04:40,1304
2019-02-15 04:45,1285
2019-02-15 04:50,1261
2019-02-15 04:55,1255
2019-02-15 05:00,1245
2019-02-15 05:05,1235
2019-02-15 05:10,1217
2019-02-15 05:15,1211
2019-02-15 05:20,1209
2019-02-15 05:25,1167
2019-02-15 05:30,1172
2019-02-15 05:35,1174
2019-02-15 05:40,1167
2019-02-15 05:45,1154
2019-02-15 05:50,1148
2019-02-15 05:55,1140
2019-02-15 06:00,1126
2019-02-15 06:05,1118
2019-02-15 06:10,1113
2019-02-15 06:15,1110
2019-02-15 06:20,1106
2019-02-15 06:25,1100
2019-02-15 06:30,1068
2019-02-15 06:35,1063
2019-02-15 06:40,1074
2019-02-15 06:45,1077
2019-02-15 06:50,1086
2019-02-15 06:55,1100
2019-02-15 07:00,1084
2019-02-15 07:05,1103
2019-02-15 07:10,1120
2019-02-15 07:15,1124
2019-02-15 07:20,1128
2019-02-15 07:25,1152
2019-02-15 07:30,1154
2019-02-15 07:35,1155
2019-02-15 07:40,1169
2019-02-15 07:45,1184
2019-02-15 07:50,1198
2019-02-15 07:55,1200
2019-02-15 08:00,1191
2019-02-15 08:05,1192
2019-02-15 08:10,1190
2019-02-15 08:15,1190
2019-02-15 08:20,1183
2019-02-15 08:25,1191
2019-02-15 08:30,1190
2019-02-15 08:35,1180
2019-02-15 08:40,1176
2019-02-15 08:45,1191
2019-02-15 08:50,1180
2019-02-15 08:55,1184
2019-02-15 09:00,1197
2019-02-15 09:05,1209
2019-02-15 09:10,1206
2019-02-15 09:15,1208
2019-02-15 09:20,1230
2019-02-15 09:25,1251
2019-02-15 09:30,1266
2019-02-15 09:35,1269
2019-02-15 09:40,1295
2019-02-15 09:45,1301
2019-02-15 09:50,1298
2019-02-15 09:55,1321
2019-02-15 10:00,1323
2019-02-15 10:05,1374
2019-02-15 10:10,1393
2019-02-15 10:15,1423
2019-02-15 10:20,1447
2019-02-15 10:25,1475
2019-02-15 10:30,1490
2019-02-15 10:35,1497
2019-02-15 10:40,1506
2019-02-15 10:45,1518
2019-02-15 10:50,1520
2019-02-15 10:55,1556
2019-02-15 11:00,1557
2019-02-15 11:05,1563
2019-02-15 11:10,1577
2019-02-15 11:15,1580
2019-02-15 11:20,1599
2019-02-15 11:25,1604
2019-02-15 11:30,1621
2019-02-15 11:35,1625
2019-02-15 11:40,1641
2019-02-15 11:45,1653
2019-02-15 11:50,1664
2019-02-15 11:55,1664
2019-02-15 12:00,1674
2019-02-15 12:05,1688
2019-02-15 12:10,1698
2019-02-15 12:15,1714
2019-02-15 12:20,1726
2019-02-15 12:25,1742
2019-02-15 12:30,1749
2019-02-15 12:35,1764
2019-02-15 12:40,1760
2019-02-15 12:45,1762
2019-02-15 12:50,1772
2019-02-15 12:55,1758
2019-02-15 13:00,1775
2019-02-15 13:05,1756
2019-02-15 13:10,1749
2019-02-15 13:15,1764
2019-02-15 13:20,1801
2019-02-15 13:25,1821
2019-02-15 13:30,1839
2019-02-15 13:35,1815
2019-02-15 13:40,1818
2019-02-15 13:45,1838
2019-02-15 13:50,1845
2019-02-15 13:55,1868
2019-02-15 14:00,1900
2019-02-15 14:05,1911
2019-02-15 14:10,1936
2019-02-15 14:15,1946
2019-02-15 14:20,1969
2019-02-15 14:25,1971
2019-02-15 14:30,1988
2019-02-15 14:35,2021
2019-02-15 14:40,2058
2019-02-15 14:45,2080
2019-02-15 14:50,2101
2019-02-15 14:55,2114
2019-02-15 15:00,2149
2019-02-15 15:05,2180
2019-02-15 15:10,2184
2019-02-15 15:15,2203
2019-02-15 15:20,2204
2019-02-15 15:25,2226
2019-02-15 15:30,2250
2019-02-15 15:35,2252
2019-02-15 15:40,2266
2019-02-15 15:45,2307
2019-02-15 15:50,2307
2019-02-15 15:55,2325
2019-02-15 16:00,2331
2019-02-15 16:05,2326
2019-02-15 16:10,2324
2019-02-15 16:15,2333
2019-02-15 16:20,2329
2019-02-15 16:25,2331
2019-02-15 16:30,2333
2019-02-15 16:35,2370
2019-02-15 16:40,2390
2019-02-15 16:45,2387
2019-02-15 16:50,2401
2019-02-15 16:55,2408
2019-02-15 17:00,2436
2019-02-15 17:05,2432
2019-02-15 17:10,2440
2019-02-15 17:15,2440
2019-02-15 17:20,2443
2019-02-15 17:25,2457
2019-02-15 17:30,2497
2019-02-15 17:35,2539
2019-02-15 17:40,2560
2019-02-15 17:45,2564
2019-02-15 17:50,2574
2019-02-15 17:55,2594
2019-02-15 18:00,2621
2019-02-15 18:05,2629
2019-02-15 18:10,2669
2019-02-15 18:15,2661
2019-02-15 18:20,2660
2019-02-15 18:25,2673
2019-02-15 18:30,2685
2019-02-15 18:35,2701
2019-02-15 18:40,2718
2019-02-15 18:45,2730
2019-02-15 18:50,2749
2019-02-15 18:55,2746
2019-02-15 19:00,2744
2019-02-15 19:05,2745
2019-02-15 19:10,2747
2019-02-15 19:15,2732
2019-02-15 19:20,2710
2019-02-15 19:25,2729
2019-02-15 19:30,2696
2019-02-15 19:35,2710
2019-02-15 19:40,2693
2019-02-15 19:45,2690
2019-02-15 19:50,2688
2019-02-15 19:55,2689
2019-02-15 20:00,2696
2019-02-15 20:05,2719
2019-02-15 20:10,2739
2019-02-15 20:15,2765
2019-02-15 20:20,2765
2019-02-15 20:25,2768
2019-02-15 20:30,2768
2019-02-15 20:35,2768
2019-02-15 20:40,2789
2019-02-15 20:45,2781
2019-02-15 20:50,2774
2019-02-15 20:55,2767
2019-02-15 21:00,2762
2019-02-15 21:05,2738
2019-02-15 21:10,2709
2019-02-15 21:15,2691
2019-02-15 21:20,2716
2019-02-15 21:25,2701
2019-02-15 21:30,2688
2019-02-15 21:35,2660
2019-02-15 21:40,2653
2019-02-15 21:45,2646
2019-02-15 21:50,2651
2019-02-15 21:55,2634
2019-02-15 22:00,2600
2019-02-15 22:05,2577
2019-02-15 22:10,2562
2019-02-15 22:15,2528
2019-02-15 22:20,2498
2019-02-15 22:25,2473
2019-02-15 22:30,2466
2019-02-15 22:35,2451
2019-02-15 22:40,2423
2019-02-15 22:45,2404
2019-02-15 22:50,2373
2019-02-15 22:55,2354
2019-02-15 23:00,2341
2019-02-15 23:05,2342
2019-02-15 23:10,2314
2019-02-15 23:15,2300
2019-02-15 23:20,2260
2019-02-15 23:25,2251
2019-02-15 23:30,2242
2019-02-15 23:35,2221
2019-02-15 23:40,2176
2019-02-15 23:45,2166
2019-02-15 23:50,2153
2019-02-15 23:55,2154
2019-02-16 00:00,2139
2019-02-16 00:05,2095
2019-02-16 00:10,2074
2019-02-16 00:15,2035
2019-02-16 00:20,2009
2019-02-16 00:25,1978
2019-02-16 00:30,1980
2019-02-16 00:35,1982
2019-02-16 00:40,1959
2019-02-16 00:45,1962
2019-02-16 00:50,1964
2019-02-16 00:55,1936
2019-02-16 01:00,1940
2019-02-16 01:05,1920
2019-02-16 01:10,1902
2019-02-16 01:15,1885
2019-02-16 01:20,1874
2019-02-16 01:25,1878
2019-02-16 01:30,1862
2019-02-16 01:35,1817
2019-02-16 01:40,1813
2019-02-16 01:45,1813
2019-02-16 01:50,1805
2019-02-16 01:55,1820
2019-02-16 02:00,1806
2019-02-16 02:05,1789
2019-02-16 02:10,1777
2019-02-16 02:15,1761
2019-02-16 02:20,1758
2019-02-16 02:25,1759
2019-02-16 02:30,1769
2019-02-16 02:35,1763
2019-02-16 02:40,1754
2019-02-16 02:45,1745
2019-02-16 02:50,1732
2019-02-16 02:55,1715
2019-02-16 03:00,1715
2019-02-16 03:05,1701
2019-02-16 03:10,1690
2019-02-16 03:15,1684
2019-02-16 03:20,1663
2019-02-16 03:25,1659
2019-02-16 03:30,1642
2019-02-16 03:35,1624
2019-02-16 03:40,1600
2019-02-16 03:45,1611
2019-02-16 03:50,1628
2019-02-16 03:55,1644
2019-02-16 04:00,1654
2019-02-16 04:05,1621
2019-02-16 04:10,1601
2019-02-16 04:15,1583
2019-02-16 04:20,1575
2019-02-16 04:25,1568
2019-02-16 04:30,1558
2019-02-16 04:35,1535
2019-02-16 04:40,1509
2019-02-16 04:45,1508
2019-02-16 04:50,1491
2019-02-16 04:55,1476
2019-02-16 05:00,1465
2019-02-16 05:05,1463
2019-02-16 05:10,1459
2019-02-16 05:15,1466
2019-02-16 05:20,1458
2019-02-16 05:25,1443
2019-02-16 05:30,1458
2019-02-16 05:35,1461
2019-02-16 05:40,1445
2019-02-16 05:45,1437
2019-02-16 05:50,1417
2019-02-16 05:55,1414
2019-02-16 06:00,1409
2019-02-16 06:05,1396
2019-02-16 06:10,1366
2019-02-16 06:15,1373
2019-02-16 06:20,1359
2019-02-16 06:25,1356
2019-02-16 06:30,1344
2019-02-16 06:35,1340
2019-02-16 06:40,1335
2019-02-16 06:45,1333
2019-02-16 06:50,1338
2019-02-16 06:55,1348
2019-02-16 07:00,1349
2019-02-16 07:05,1352
2019-02-16 07:10,1355
2019-02-16 07:15,1375
2019-02-16 07:20,1397
2019-02-16 07:25,1400
2019-02-16 07:30,1392
2019-02-16 07:35,1410
2019-02-16 07:40,1408
2019-02-16 07:45,1453
2019-02-16 07:50,1442
2019-02-16 07:55,1434
2019-02-16 08:00,1433
2019-02-16 08:05,1444
2019-02-16 08:10,1445
2019-02-16 08:15,1464
2019-02-16 08:20,1486
2019-02-16 08:25,1479
2019-02-16 08:30,1495
2019-02-16 08:35,1506
2019-02-16 08:40,1540
2019-02-16 08:45,1542
2019-02-16 08:50,1543
2019-02-16 08:55,1557
2019-02-16 09:00,1575
2019-02-16 09:05,1594
2019-02-16 09:10,1614
2019-02-16 09:15,1627
2019-02-16 09:20,1650
2019-02-16 09:25,1682
2019-02-16 09:30,1722
2019-02-16 09:35,1725
2019-02-16 09:40,1761
2019-02-16 09:45,1779
2019-02-16 09:50,1791
2019-02-16 09:55,1780
2019-02-16 10:00,1787
2019-02-16 10:05,1846
2019-02-16 10:10,1875
2019-02-16 10:15,1898
2019-02-16 10:20,1907
2019-02-16 10:25,1934
2019-02-16 10:30,1958
2019-02-16 10:35,1970
2019-02-16 10:40,1971
2019-02-16 10:45,1995
2019-02-16 10:50,2013
2019-02-16 10:55,2030
2019-02-16 11:00,2044
2019-02-16 11:05,2047
2019-02-16 11:10,2059
2019-02-16 11:15,2078
2019-02-16 11:20,2100
2019-02-16 11:25,2123
2019-02-16 11:30,2116
2019-02-16 11:35,2111
2019-02-16 11:40,2141
2019-02-16 11:45,2153
2019-02-16 11:50,2157
2019-02-16 11:55,2177
2019-02-16 12:00,2176
2019-02-16 12:05,2171
2019-02-16 12:10,2169
2019-02-16 12:15,2185
2019-02-16 12:20,2198
2019-02-16 12:25,2199
2019-02-16 12:30,2226
2019-02-16 12:35,2249
2019-02-16 12:40,2242
2019-02-16 12:45,2268
2019-02-16 12:50,2298
2019-02-16 12:55,2308
2019-02-16 13:00,2297
2019-02-16 13:05,2298
2019-02-16 13:10,2283
2019-02-16 13:15,2309
2019-02-16 13:20,2330
2019-02-16 13:25,2356
2019-02-16 13:30,2382
2019-02-16 13:35,2397
2019-02-16 13:40,2440
2019-02-16 13:45,2467
2019-02-16 13:50,2489
2019-02-16 13:55,2501
2019-02-16 14:00,2507
2019-02-16 14:05,2513
2019-02-16 14:10,2527
2019-02-16 14:15,2553
2019-02-16 14:20,2545
2019-02-16 14:25,2533
2019-02-16 14:30,2527
2019-02-16 14:35,2549
2019-02-16 14:40,2587
2019-02-16 14:45,2611
2019-02-16 14:50,2632
2019-02-16 14:55,2655
2019-02-16 15:00,2662
2019-02-16 15:05,2675
2019-02-16 15:10,2673
2019-02-16 15:15,2697
2019-02-16 15:20,2740
2019-02-16 15:25,2755
2019-02-16 15:30,2778
2019-02-16 15:35,2798
2019-02-16 15:40,2815
2019-02-16 15:45,2825
2019-02-16 15:50,2854
2019-02-16 15:55,2867
2019-02-16 16:00,2891
2019-02-16 16:05,2905
2019-02-16 16:10,2922
2019-02-16 16:15,2932
2019-02-16 16:20,2958
2019-02-16 16:25,2978
2019-02-16 16:30,2987
2019-02-16 16:35,3007
2019-02-16 16:40,3025
2019-02-16 16:45,3026
2019-02-16 16:50,3030
2019-02-16 16:55,3047
2019-02-16 17:00,3049
2019-02-16 17:05,3045
2019-02-16 17:10,3042
2019-02-16 17:15,3033
2019-02-16 17:20,3044
2019-02-16 17:25,3039
2019-02-16 17:30,3055
2019-02-16 17:35,3044
2019-02-16 17:40,3041
2019-02-16 17:45,3034
2019-02-16 17:50,3057
2019-02-16 17:55,3069
2019-02-16 18:00,3050
2019-02-16 18:05,3053
2019-02-16 18:10,3060
2019-02-16 18:15,3076
2019-02-16 18:20,3080
2019-02-16 18:25,3109
2019-02-16 18:30,3118
2019-02-16 18:35,3120
2019-02-16 18:40,3093
2019-02-16 18:45,3083
2019-02-16 18:50,3094
2019-02-16 18:55,3069
2019-02-16 19:00,3061
2019-02-16 19:05,3067
2019-02-16 19:10,3079
2019-02-16 19:15,3088
2019-02-16 19:20,3094
2019-02-16 19:25,3120
2019-02-16 19:30,3132
2019-02-16 19:35,3142
2019-02-16 19:40,3119
2019-02-16 19:45,3149
2019-02-16 19:50,3145
2019-02-16 19:55,3146
2019-02-16 20:00,3140
2019-02-16 20:05,3169
2019-02-16 20:10,3174
2019-02-16 20:15,3189
2019-02-16 20:20,3192
2019-02-16 20:25,3190
2019-02-16 20:30,3171
2019-02-16 20:35,3159
2019-02-16 20:40,3167
2019-02-16 20:45,3145
2019-02-16 20:50,3161
2019-02-16 20:55,3167
2019-02-16 21:00,3162
2019-02-16 21:05,3138
2019-02-16 21:10,3129
2019-02-16 21:15,3099
2019-02-16 21:20,3107
2019-02-16 21:25,3078
2019-02-16 21:30,3059
2019-02-16 21:35,3036
2019-02-16 21:40,2999
2019-02-16 21:45,2977
2019-02-16 21:50,2958
2019-02-16 21:55,2930
2019-02-16 22:00,2906
2019-02-16 22:05,2869
2019-02-16 22:10,2852
2019-02-16 22:15,2847
2019-02-16 22:20,2816
2019-02-16 22:25,2819
2019-02-16 22:30,2785
2019-02-16 22:35,2772
2019-02-16 22:40,2762
2019-02-16 22:45,2765
2019-02-16 22:50,2755
2019-02-16 22:55,2740
2019-02-16 23:00,2697
2019-02-16 23:05,2691
2019-02-16 23:10,2662
2019-02-16 23:15,2641
2019-02-16 23:20,2613
2019-02-16 23:25,2559
2019-02-16 23:30,2547
2019-02-16 23:35,2515
2019-02-16 23:40,2465
2019-02-16 23:45,2440
2019-02-16 23:50,2404
2019-02-16 23:55,2388
2019-02-17 00:00,2363
2019-02-17 00:05,2321
2019-02-17 00:10,2303
2019-02-17 00:15,2276
2019-02-17 00:20,2252
2019-02-17 00:25,2219
2019-02-17 00:30,2193
2019-02-17 00:35,2195
2019-02-17 00:40,2173
2019-02-17 00:45,2143
2019-02-17 00:50,2110
2019-02-17 00:55,2090
2019-02-17 01:00,2084
2019-02-17 01:05,2071
2019-02-17 01:10,2063
2019-02-17 01:15,2033
2019-02-17 01:20,2002
2019-02-17 01:25,1990
2019-02-17 01:30,2003
2019-02-17 01:35,1972
2019-02-17 01:40,1960
2019-02-17 01:45,1947
2019-02-17 01:50,1931
2019-02-17 01:55,1961
2019-02-17 02:00,1959
2019-02-17 02:05,1941
2019-02-17 02:10,1907
2019-02-17 02:15,1884
2019-02-17 02:20,1886
2019-02-17 02:25,1860
2019-02-17 02:30,1845
2019-02-17 02:35,1846
2019-02-17 02:40,1839
2019-02-17 02:45,1834
2019-02-17 02:50,1850
2019-02-17 02:55,1842
2019-02-17 03:00,1844
2019-02-17 03:05,1843
2019-02-17 03:10,1853
2019-02-17 03:15,1824
2019-02-17 03:20,1826
2019-02-17 03:25,1820
2019-02-17 03:30,1799
2019-02-17 03:35,1798
2019-02-17 03:40,1782
2019-02-17 03:45,1771
2019-02-17 03:50,1766
2019-02-17 03:55,1758
2019-02-17 04:00,1734
2019-02-17 04:05,1728
2019-02-17 04:10,1709
2019-02-17 04:15,1699
2019-02-17 04:20,1670
2019-02-17 04:25,1676
2019-02-17 04:30,1658
2019-02-17 04:35,1646
2019-02-17 04:40,1629
2019-02-17 04:45,1623
2019-02-17 04:50,1616
2019-02-17 04:55,1626
2019-02-17 05:00,1620
2019-02-17 05:05,1636
2019-02-17 05:10,1615
2019-02-17 05:15,1613
2019-02-17 05:20,1603
2019-02-17 05:25,1593
2019-02-17 05:30,1596
2019-02-17 05:35,1569
2019-02-17 05:40,1577
2019-02-17 05:45,1561
2019-02-17 05:50,1560
2019-02-17 05:55,1557
2019-02-17 06:00,1540
2019-02-17 06:05,1552
2019-02-17 06:10,1546
2019-02-17 06:15,1558
2019-02-17 06:20,1556
2019-02-17 06:25,1567
2019-02-17 06:30,1573
2019-02-17 06:35,1583
2019-02-17 06:40,1595
2019-02-17 06:45,1605
2019-02-17 06:50,1600
2019-02-17 06:55,1599
2019-02-17 07:00,1597
2019-02-17 07:05,1607
2019-02-17 07:10,1601
2019-02-17 07:15,1616
2019-02-17 07:20,1612
2019-02-17 07:25,1622
2019-02-17 07:30,1619
2019-02-17 07:35,1625
2019-02-17 07:40,1627
2019-02-17 07:45,1645
2019-02-17 07:50,1648
2019-02-17 07:55,1636
2019-02-17 08:00,1634
2019-02-17 08:05,1642
2019-02-17 08:10,1637
2019-02-17 08:15,1654
2019-02-17 08:20,1666
2019-02-17 08:25,1674
2019-02-17 08:30,1703
2019-02-17 08:35,1730
2019-02-17 08:40,1745
2019-02-17 08:45,1761
2019-02-17 08:50,1775
2019-02-17 08:55,1779
2019-02-17 09:00,1800
2019-02-17 09:05,1847
2019-02-17 09:10,1869
2019-02-17 09:15,1888
2019-02-17 09:20,1897
2019-02-17 09:25,1910
2019-02-17 09:30,1928
2019-02-17 09:35,1968
2019-02-17 09:40,1977
2019-02-17 09:45,2006
2019-02-17 09:50,2016
2019-02-17 09:55,2058
2019-02-17 10:00,2089
2019-02-17 10:05,2117
2019-02-17 10:10,2171
2019-02-17 10:15,2199
2019-02-17 10:20,2197
2019-02-17 10:25,2228
2019-02-17 10:30,2247
2019-02-17 10:35,2268
2019-02-17 10:40,2295
2019-02-17 10:45,2287
2019-02-17 10:50,2291
2019-02-17 10:55,2327
2019-02-17 11:00,2346
2019-02-17 11:05,2349
2019-02-17 11:10,2366
2019-02-17 11:15,2388
2019-02-17 11:20,2395
2019-02-17 11:25,2413
2019-02-17 11:30,2420
2019-02-17 11:35,2434
2019-02-17 11:40,2447
2019-02-17 11:45,2439
2019-02-17 11:50,2426
2019-02-17 11:55,2426
2019-02-17 12:00,2425
2019-02-17 12:05,2450
2019-02-17 12:10,2452
2019-02-17 12:15,2461
2019-02-17 12:20,2471
2019-02-17 12:25,2471
2019-02-17 12:30,2471
2019-02-17 12:35,2494
2019-02-17 12:40,2506
2019-02-17 12:45,2523
2019-02-17 12:50,2542
2019-02-17 12:55,2537
2019-02-17 13:00,2557
2019-02-17 13:05,2567
2019-02-17 13:10,2587
2019-02-17 13:15,2624
2019-02-17 13:20,2633
2019-02-17 13:25,2627
2019-02-17 13:30,2636
2019-02-17 13:35,2646
2019-02-17 13:40,2670
2019-02-17 13:45,2679
2019-02-17 13:50,2703
2019-02-17 13:55,2714
2019-02-17 14:00,2723
2019-02-17 14:05,2753
2019-02-17 14:10,2759
2019-02-17 14:15,2766
2019-02-17 14:20,2780
2019-02-17 14:25,2788
2019-02-17 14:30,2817
2019-02-17 14:35,2837
2019-02-17 14:40,2863
2019-02-17 14:45,2879
2019-02-17 14:50,2901
2019-02-17 14:55,2923
2019-02-17 15:00,2941
2019-02-17 15:05,2952
2019-02-17 15:10,2975
2019-02-17 15:15,2979
2019-02-17 15:20,2982
2019-02-17 15:25,3031
2019-02-17 15:30,3062
2019-02-17 15:35,3086
2019-02-17 15:40,3119
2019-02-17 15:45,3144
2019-02-17 15:50,3173
2019-02-17 15:55,3178
2019-02-17 16:00,3211
2019-02-17 16:05,3206
2019-02-17 16:10,3188
2019-02-17 16:15,3204
2019-02-17 16:20,3205
2019-02-17 16:25,3232
2019-02-17 16:30,3216
2019-02-17 16:35,3254
2019-02-17 16:40,3264
2019-02-17 16:45,3269
2019-02-17 16:50,3263
2019-02-17 16:55,3257
2019-02-17 17:00,3267
2019-02-17 17:05,3298
2019-02-17 17:10,3317
2019-02-17 17:15,3321
2019-02-17 17:20,3348
2019-02-17 17:25,3338
2019-02-17 17:30,3357
2019-02-17 17:35,3368
2019-02-17 17:40,3373
2019-02-17 17:45,3367
2019-02-17 17:50,3356
2019-02-17 17:55,3368
2019-02-17 18:00,3344
2019-02-17 18:05,3379
2019-02-17 18:10,3382
2019-02-17 18:15,3386
2019-02-17 18:20,3376
2019-02-17 18:25,3351
2019-02-17 18:30,3384
2019-02-17 18:35,3378
2019-02-17 18:40,3403
2019-02-17 18:45,3368
2019-02-17 18:50,3387
2019-02-17 18:55,3389
2019-02-17 19:00,3390
2019-02-17 19:05,3409
2019-02-17 19:10,3406
2019-02-17 19:15,3422
2019-02-17 19:20,3397
2019-02-17 19:25,3415
2019-02-17 19:30,3369
2019-02-17 19:35,3364
2019-02-17 19:40,3333
2019-02-17 19:45,3363
2019-02-17 19:50,3352
2019-02-17 19:55,3361
2019-02-17 20:00,3362
2019-02-17 20:05,3334
2019-02-17 20:10,3295
2019-02-17 20:15,3273
2019-02-17 20:20,3245
2019-02-17 20:25,3217
2019-02-17 20:30,3215
2019-02-17 20:35,3210
2019-02-17 20:40,3193
2019-02-17 20:45,3192
2019-02-17 20:50,3186
2019-02-17 20:55,3149
2019-02-17 21:00,3121
2019-02-17 21:05,3120
2019-02-17 21:10,3082
2019-02-17 21:15,3055
2019-02-17 21:20,3037
2019-02-17 21:25,3050
2019-02-17 21:30,3023
2019-02-17 21:35,2984
2019-02-17 21:40,2971
2019-02-17 21:45,2942
2019-02-17 21:50,2911
2019-02-17 21:55,2889
2019-02-17 22:00,2867
2019-02-17 22:05,2807
2019-02-17 22:10,2778
2019-02-17 22:15,2762
2019-02-17 22:20,2730
2019-02-17 22:25,2684
2019-02-17 22:30,2661
2019-02-17 22:35,2609
2019-02-17 22:40,2577
2019-02-17 22:45,2540
2019-02-17 22:50,2496
2019-02-17 22:55,2467
2019-02-17 23:00,2445
2019-02-17 23:05,2416
2019-02-17 23:10,2382
2019-02-17 23:15,2350
2019-02-17 23:20,2332
2019-02-17 23:25,2307
2019-02-17 23:30,2303
2019-02-17 23:35,2264
2019-02-17 23:40,2251
2019-02-17 23:45,2239
2019-02-17 23:50,2242
2019-02-17 23:55,2234
2019-02-18 00:00,2205
2019-02-18 00:05,2154
2019-02-18 00:10,2161
2019-02-18 00:15,2136
2019-02-18 00:20,2125
2019-02-18 00:25,2110
2019-02-18 00:30,2092
2019-02-18 00:35,2093
2019-02-18 00:40,2064
2019-02-18 00:45,2058
2019-02-18 00:50,2039
2019-02-18 00:55,2009
2019-02-18 01:00,2020
2019-02-18 01:05,1984
2019-02-18 01:10,1977
2019-02-18 01:15,1966
2019-02-18 01:20,1968
2019-02-18 01:25,1979
2019-02-18 01:30,1963
2019-02-18 01:35,1942
2019-02-18 01:40,1916
2019-02-18 01:45,1921
2019-02-18 01:50,1926
2019-02-18 01:55,1918
2019-02-18 02:00,1866
2019-02-18 02:05,1832
2019-02-18 02:10,1819
2019-02-18 02:15,1809
2019-02-18 02:20,1791
2019-02-18 02:25,1791
2019-02-18 02:30,1803
2019-02-18 02:35,1839
2019-02-18 02:40,1827
2019-02-18 02:45,1802
2019-02-18 02:50,1780
2019-02-18 02:55,1773
2019-02-18 03:00,1752
2019-02-18 03:05,1748
2019-02-18 03:10,1742
2019-02-18 03:15,1747
2019-02-18 03:20,1730
2019-02-18 03:25,1717
2019-02-18 03:30,1688
2019-02-18 03:35,1688
2019-02-18 03:40,1682
2019-02-18 03:45,1675
2019-02-18 03:50,1662
2019-02-18 03:55,1659
2019-02-18 04:00,1643
2019-02-18 04:05,1646
2019-02-18 04:10,1613
2019-02-18 04:15,1589
2019-02-18 04:20,1587
2019-02-18 04:25,1568
2019-02-18 04:30,1551
2019-02-18 04:35,1541
2019-02-18 04:40,1527
2019-02-18 04:45,1509
2019-02-18 04:50,1489
2019-02-18 04:55,1482
2019-02-18 05:00,1459
2019-02-18 05:05,1442
2019-02-18 05:10,1431
2019-02-18 05:15,1417
2019-02-18 05:20,1407
2019-02-18 05:25,1399
2019-02-18 05:30,1400
2019-02-18 05:35,1385
2019-02-18 05:40,1376
2019-02-18 05:45,1359
2019-02-18 05:50,1346
2019-02-18 05:55,1338
2019-02-18 06:00,1334
2019-02-18 06:05,1322
2019-02-18 06:10,1314
2019-02-18 06:15,1309
2019-02-18 06:20,1316
2019-02-18 06:25,1300
2019-02-18 06:30,1304
2019-02-18 06:35,1298
2019-02-18 06:40,1299
2019-02-18 06:45,1301
2019-02-18 06:50,1276
2019-02-18 06:55,1284
2019-02-18 07:00,1276
2019-02-18 07:05,1277
2019-02-18 07:10,1266
2019-02-18 07:15,1280
2019-02-18 07:20,1287
2019-02-18 07:25,1293
2019-02-18 07:30,1282
2019-02-18 07:35,1293
2019-02-18 07:40,1285
2019-02-18 07:45,1280
2019-02-18 07:50,1278
2019-02-18 07:55,1276
2019-02-18 08:00,1279
2019-02-18 08:05,1284
2019-02-18 08:10,1271
2019-02-18 08:15,1264
2019-02-18 08:20,1260
2019-02-18 08:25,1281
2019-02-18 08:30,1288
2019-02-18 08:35,1292
2019-02-18 08:40,1296
2019-02-18 08:45,1322
2019-02-18 08:50,1321
2019-02-18 08:55,1321
2019-02-18 09:00,1327
2019-02-18 09:05,1332
2019-02-18 09:10,1339
2019-02-18 09:15,1354
2019-02-18 09:20,1358
2019-02-18 09:25,1382
2019-02-18 09:30,1381
2019-02-18 09:35,1390
2019-02-18 09:40,1401
2019-02-18 09:45,1396
2019-02-18 09:50,1403
2019-02-18 09:55,1408
2019-02-18 10:00,1419
2019-02-18 10:05,1470
2019-02-18 10:10,1493
2019-02-18 10:15,1508
2019-02-18 10:20,1509
2019-02-18 10:25,1538
2019-02-18 10:30,1558
2019-02-18 10:35,1564
2019-02-18 10:40,1583
2019-02-18 10:45,1605
2019-02-18 10:50,1610
2019-02-18 10:55,1618
2019-02-18 11:00,1622
2019-02-18 11:05,1644
2019-02-18 11:10,1648
2019-02-18 11:15,1656
2019-02-18 11:20,1655
2019-02-18 11:25,1658
2019-02-18 11:30,1672
2019-02-18 11:35,1679
2019-02-18 11:40,1674
2019-02-18 11:45,1681
2019-02-18 11:50,1709
2019-02-18 11:55,1731
2019-02-18 12:00,1723
2019-02-18 12:05,1742
2019-02-18 12:10,1746
2019-02-18 12:15,1758
2019-02-18 12:20,1767
2019-02-18 12:25,1770
2019-02-18 12:30,1784
2019-02-18 12:35,1802
2019-02-18 12:40,1812
2019-02-18 12:45,1838
2019-02-18 12:50,1846
2019-02-18 12:55,1851
2019-02-18 13:00,1862
2019-02-18 13:05,1854
2019-02-18 13:10,1860
2019-02-18 13:15,1861
2019-02-18 13:20,1875
2019-02-18 13:25,1905
2019-02-18 13:30,1915
2019-02-18 13:35,1935
2019-02-18 13:40,1981
2019-02-18 13:45,1997
2019-02-18 13:50,2012
2019-02-18 13:55,2024
2019-02-18 14:00,2034
2019-02-18 14:05,2058
2019-02-18 14:10,2069
2019-02-18 14:15,2084
2019-02-18 14:20,2095
2019-02-18 14:25,2091
2019-02-18 14:30,2100
2019-02-18 14:35,2107
2019-02-18 14:40,2143
2019-02-18 14:45,2175
2019-02-18 14:50,2186
2019-02-18 14:55,2186
2019-02-18 15:00,2211
2019-02-18 15:05,2238
2019-02-18 15:10,2237
2019-02-18 15:15,2246
2019-02-18 15:20,2253
2019-02-18 15:25,2288
2019-02-18 15:30,2271
2019-02-18 15:35,2307
2019-02-18 15:40,2359
2019-02-18 15:45,2365
2019-02-18 15:50,2378
2019-02-18 15:55,2388
2019-02-18 16:00,2419
2019-02-18 16:05,2451
2019-02-18 16:10,2487
2019-02-18 16:15,2501
2019-02-18 16:20,2538
2019-02-18 16:25,2580
2019-02-18 16:30,2619
2019-02-18 16:35,2646
2019-02-18 16:40,2686
2019-02-18 16:45,2698
2019-02-18 16:50,2702
2019-02-18 16:55,2692
2019-02-18 17:00,2725
2019-02-18 17:05,2746
2019-02-18 17:10,2784
2019-02-18 17:15,2801
2019-02-18 17:20,2812
2019-02-18 17:25,2834
2019-02-18 17:30,2873
2019-02-18 17:35,2905
2019-02-18 17:40,2913
2019-02-18 17:45,2910
2019-02-18 17:50,2953
2019-02-18 17:55,2986
2019-02-18 18:00,2977
2019-02-18 18:05,2997
2019-02-18 18:10,3000
2019-02-18 18:15,3001
2019-02-18 18:20,3029
2019-02-18 18:25,3034
2019-02-18 18:30,3047
2019-02-18 18:35,3050
2019-02-18 18:40,3046
2019-02-18 18:45,3064
2019-02-18 18:50,3046
2019-02-18 18:55,3026
2019-02-18 19:00,3027
2019-02-18 19:05,3022
2019-02-18 19:10,3053
2019-02-18 19:15,3076
2019-02-18 19:20,3076
2019-02-18 19:25,3062
2019-02-18 19:30,3079
2019-02-18 19:35,3072
2019-02-18 19:40,3059
2019-02-18 19:45,3070
2019-02-18 19:50,3092
2019-02-18 19:55,3111
2019-02-18 20:00,3095
2019-02-18 20:05,3090
2019-02-18 20:10,3100
2019-02-18 20:15,3062
2019-02-18 20:20,3050
2019-02-18 20:25,3043
2019-02-18 20:30,3056
2019-02-18 20:35,3063
2019-02-18 20:40,3067
2019-02-18 20:45,3036
2019-02-18 20:50,3001
2019-02-18 20:55,2981
2019-02-18 21:00,2971
2019-02-18 21:05,2924
2019-02-18 21:10,2931
2019-02-18 21:15,2908
2019-02-18 21:20,2918
2019-02-18 21:25,2874
2019-02-18 21:30,2821
2019-02-18 21:35,2818
2019-02-18 21:40,2775
2019-02-18 21:45,2743
2019-02-18 21:50,2732
2019-02-18 21:55,2702
2019-02-18 22:00,2674
2019-02-18 22:05,2656
2019-02-18 22:10,2620
2019-02-18 22:15,2607
2019-02-18 22:20,2594
2019-02-18 22:25,2580
2019-02-18 22:30,2541
2019-02-18 22:35,2494
2019-02-18 22:40,2481
2019-02-18 22:45,2454
2019-02-18 22:50,2420
2019-02-18 22:55,2403
2019-02-18 23:00,2383
2019-02-18 23:05,2359
2019-02-18 23:10,2362
2019-02-18 23:15,2328
2019-02-18 23:20,2328
2019-02-18 23:25,2309
2019-02-18 23:30,2290
2019-02-18 23:35,2266
2019-02-18 23:40,2190
2019-02-18 23:45,2176
2019-02-18 23:50,2158
2019-02-18 23:55,2123
2019-02-19 00:00,2107
2019-02-19 00:05,2100
2019-02-19 00:10,2071
2019-02-19 00:15,2054
2019-02-19 00:20,2036
2019-02-19 00:25,2027
2019-02-19 00:30,2005
2019-02-19 00:35,1982
2019-02-19 00:40,1981
2019-02-19 00:45,1964
2019-02-19 00:50,1967
2019-02-19 00:55,1981
2019-02-19 01:00,1976
2019-02-19 01:05,1952
2019-02-19 01:10,1955
2019-02-19 01:15,1957
2019-02-19 01:20,1948
2019-02-19 01:25,1914
2019-02-19 01:30,1933
2019-02-19 01:35,1920
2019-02-19 01:40,1910
2019-02-19 01:45,1914
2019-02-19 01:50,1915
2019-02-19 01:55,1914
2019-02-19 02:00,1921
2019-02-19 02:05,1904
2019-02-19 02:10,1893
2019-02-19 02:15,1894
2019-02-19 02:20,1897
2019-02-19 02:25,1885
2019-02-19 02:30,1852
2019-02-19 02:35,1837
2019-02-19 02:40,1808
2019-02-19 02:45,1808
2019-02-19 02:50,1783
2019-02-19 02:55,1767
2019-02-19 03:00,1740
2019-02-19 03:05,1744
2019-02-19 03:10,1704
2019-02-19 03:15,1674
2019-02-19 03:20,1662
2019-02-19 03:25,1641
2019-02-19 03:30,1630
2019-02-19 03:35,1612
2019-02-19 03:40,1597
2019-02-19 03:45,1576
2019-02-19 03:50,1554
2019-02-19 03:55,1533
2019-02-19 04:00,1533
2019-02-19 04:05,1533
2019-02-19 04:10,1491
2019-02-19 04:15,1481
2019-02-19 04:20,1470
2019-02-19 04:25,1459
2019-02-19 04:30,1438
2019-02-19 04:35,1438
2019-02-19 04:40,1440
2019-02-19 04:45,1419
2019-02-19 04:50,1409
2019-02-19 04:55,1379
2019-02-19 05:00,1363
2019-02-19 05:05,1331
2019-02-19 05:10,1337
2019-02-19 05:15,1340
2019-02-19 05:20,1324
2019-02-19 05:25,1319
2019-02-19 05:30,1304
2019-02-19 05:35,1303
2019-02-19 05:40,1279
2019-02-19 05:45,1292
2019-02-19 05:50,1284
2019-02-19 05:55,1280
2019-02-19 06:00,1263
2019-02-19 06:05,1238
2019-02-19 06:10,1233
2019-02-19 06:15,1237
2019-02-19 06:20,1226
2019-02-19 06:25,1231
2019-02-19 06:30,1207
2019-02-19 06:35,1217
2019-02-19 06:40,1216
2019-02-19 06:45,1209
2019-02-19 06:50,1192
2019-02-19 06:55,1187
2019-02-19 07:00,1186
2019-02-19 07:05,1182
2019-02-19 07:10,1171
2019-02-19 07:15,1175
2019-02-19 07:20,1171
2019-02-19 07:25,1184
2019-02-19 07:30,1190
2019-02-19 07:35,1182
2019-02-19 07:40,1185
2019-02-19 07:45,1201
2019-02-19 07:50,1198
2019-02-19 07:55,1189
2019-02-19 08:00,1188
2019-02-19 08:05,1203
2019-02-19 08:10,1210
2019-02-19 08:15,1214
2019-02-19 08:20,1223
2019-02-19 08:25,1241
2019-02-19 08:30,1234
2019-02-19 08:35,1239
2019-02-19 08:40,1237
2019-02-19 08:45,1247
2019-02-19 08:50,1273
2019-02-19 08:55,1281
2019-02-19 09:00,1300
2019-02-19 09:05,1303
2019-02-19 09:10,1322
2019-02-19 09:15,1329
2019-02-19 09:20,1336
2019-02-19 09:25,1342
2019-02-19 09:30,1344
2019-02-19 09:35,1346
2019-02-19 09:40,1350
2019-02-19 09:45,1376
2019-02-19 09:50,1386
2019-02-19 09:55,1401
2019-02-19 10:00,1431
2019-02-19 10:05,1453
2019-02-19 10:10,1469
2019-02-19 10:15,1490
2019-02-19 10:20,1502
2019-02-19 10:25,1512
2019-02-19 10:30,1516
2019-02-19 10:35,1537
2019-02-19 10:40,1549
2019-02-19 10:45,1550
2019-02-19 10:50,1562
2019-02-19 10:55,1564
2019-02-19 11:00,1580
2019-02-19 11:05,1584
2019-02-19 11:10,1587
2019-02-19 11:15,1570
2019-02-19 11:20,1585
2019-02-19 11:25,1579
2019-02-19 11:30,1599
2019-02-19 11:35,1600
2019-02-19 11:40,1615
2019-02-19 11:45,1606
2019-02-19 11:50,1615
2019-02-19 11:55,1633
2019-02-19 12:00,1628
2019-02-19 12:05,1649
2019-02-19 12:10,1667
2019-02-19 12:15,1661
2019-02-19 12:20,1656
2019-02-19 12:25,1689
2019-02-19 12:30,1707
2019-02-19 12:35,1708
2019-02-19 12:40,1691
2019-02-19 12:45,1719
2019-02-19 12:50,1735
2019-02-19 12:55,1761
2019-02-19 13:00,1796
2019-02-19 13:05,1797
2019-02-19 13:10,1801
2019-02-19 13:15,1814
2019-02-19 13:20,1827
2019-02-19 13:25,1837
2019-02-19 13:30,1853
2019-02-19 13:35,1892
2019-02-19 13:40,1899
2019-02-19 13:45,1928
2019-02-19 13:50,1936
2019-02-19 13:55,1934
2019-02-19 14:00,1953
2019-02-19 14:05,1974
2019-02-19 14:10,1981
2019-02-19 14:15,1993
2019-02-19 14:20,2021
2019-02-19 14:25,2048
2019-02-19 14:30,2076
2019-02-19 14:35,2070
2019-02-19 14:40,2068
2019-02-19 14:45,2093
2019-02-19 14:50,2094
2019-02-19 14:55,2095
2019-02-19 15:00,2094
2019-02-19 15:05,2104
2019-02-19 15:10,2135
2019-02-19 15:15,2153
2019-02-19 15:20,2154
2019-02-19 15:25,2157
2019-02-19 15:30,2188
2019-02-19 15:35,2212
2019-02-19 15:40,2218
2019-02-19 15:45,2240
2019-02-19 15:50,2268
2019-02-19 15:55,2276
2019-02-19 16:00,2292
2019-02-19 16:05,2305
2019-02-19 16:10,2316
2019-02-19 16:15,2363
2019-02-19 16:20,2377
2019-02-19 16:25,2418
2019-02-19 16:30,2426
2019-02-19 16:35,2434
2019-02-19 16:40,2436
2019-02-19 16:45,2447
2019-02-19 16:50,2440
2019-02-19 16:55,2458
2019-02-19 17:00,2474
2019-02-19 17:05,2509
2019-02-19 17:10,2523
2019-02-19 17:15,2538
2019-02-19 17:20,2592
2019-02-19 17:25,2619
2019-02-19 17:30,2653
2019-02-19 17:35,2677
2019-02-19 17:40,2660
2019-02-19 17:45,2682
2019-02-19 17:50,2689
2019-02-19 17:55,2684
2019-02-19 18:00,2700
2019-02-19 18:05,2713
2019-02-19 18:10,2742
2019-02-19 18:15,2771
2019-02-19 18:20,2799
2019-02-19 18:25,2784
2019-02-19 18:30,2800
2019-02-19 18:35,2831
2019-02-19 18:40,2840
2019-02-19 18:45,2865
2019-02-19 18:50,2865
2019-02-19 18:55,2865
2019-02-19 19:00,2874
2019-02-19 19:05,2875
2019-02-19 19:10,2894
2019-02-19 19:15,2875
2019-02-19 19:20,2875
2019-02-19 19:25,2875
2019-02-19 19:30,2870
2019-02-19 19:35,2877
2019-02-19 19:40,2860
2019-02-19 19:45,2897
2019-02-19 19:50,2899
2019-02-19 19:55,2912
2019-02-19 20:00,2920
2019-02-19 20:05,2925
2019-02-19 20:10,2928
2019-02-19 20:15,2914
2019-02-19 20:20,2887
2019-02-19 20:25,2866
2019-02-19 20:30,2855
2019-02-19 20:35,2863
2019-02-19 20:40,2845
2019-02-19 20:45,2817
2019-02-19 20:50,2815
2019-02-19 20:55,2773
2019-02-19 21:00,2774
2019-02-19 21:05,2722
2019-02-19 21:10,2686
2019-02-19 21:15,2693
2019-02-19 21:20,2674
2019-02-19 21:25,2631
2019-02-19 21:30,2586
2019-02-19 21:35,2609
2019-02-19 21:40,2585
2019-02-19 21:45,2546
2019-02-19 21:50,2540
2019-02-19 21:55,2543
2019-02-19 22:00,2529
2019-02-19 22:05,2503
2019-02-19 22:10,2468
2019-02-19 22:15,2439
2019-02-19 22:20,2418
2019-02-19 22:25,2402
2019-02-19 22:30,2377
2019-02-19 22:35,2347
2019-02-19 22:40,2331
2019-02-19 22:45,2321
2019-02-19 22:50,2294
2019-02-19 22:55,2233
2019-02-19 23:00,2227
2019-02-19 23:05,2201
2019-02-19 23:10,2186
2019-02-19 23:15,2158
2019-02-19 23:20,2155
2019-02-19 23:25,2146
2019-02-19 23:30,2115
2019-02-19 23:35,2097
2019-02-19 23:40,2099
2019-02-19 23:45,2082
2019-02-19 23:50,2056
2019-02-19 23:55,0
2019-02-20 00:00,0
2019-02-20 00:05,1637
2019-02-20 00:10,1987
2019-02-20 00:15,1995
2019-02-20 00:20,1972
2019-02-20 00:25,1964
2019-02-20 00:30,1944
2019-02-20 00:35,1940
2019-02-20 00:40,1921
2019-02-20 00:45,1922
2019-02-20 00:50,1908
2019-02-20 00:55,1909
2019-02-20 01:00,1900
2019-02-20 01:05,1928
2019-02-20 01:10,1926
2019-02-20 01:15,1911
2019-02-20 01:20,1914
2019-02-20 01:25,1914
2019-02-20 01:30,1921
2019-02-20 01:35,1930
2019-02-20 01:40,1937
2019-02-20 01:45,1933
2019-02-20 01:50,1941
2019-02-20 01:55,1935
2019-02-20 02:00,1915
2019-02-20 02:05,1892
2019-02-20 02:10,1885
2019-02-20 02:15,1902
2019-02-20 02:20,1912
2019-02-20 02:25,1893
2019-02-20 02:30,1870
2019-02-20 02:35,1853
2019-02-20 02:40,1832
2019-02-20 02:45,1820
2019-02-20 02:50,1833
2019-02-20 02:55,1808
2019-02-20 03:00,1785
2019-02-20 03:05,1772
2019-02-20 03:10,1756
2019-02-20 03:15,1738
2019-02-20 03:20,1724
2019-02-20 03:25,1700
2019-02-20 03:30,1691
2019-02-20 03:35,1676
2019-02-20 03:40,1678
2019-02-20 03:45,1661
2019-02-20 03:50,1643
2019-02-20 03:55,1617
2019-02-20 04:00,1608
2019-02-20 04:05,1620
2019-02-20 04:10,1610
2019-02-20 04:15,1551
2019-02-20 04:20,1542
2019-02-20 04:25,1528
2019-02-20 04:30,1520
2019-02-20 04:35,1517
2019-02-20 04:40,1516
2019-02-20 04:45,1498
2019-02-20 04:50,1485
2019-02-20 04:55,1469
2019-02-20 05:00,1464
2019-02-20 05:05,1447
2019-02-20 05:10,1440
2019-02-20 05:15,1425
2019-02-20 05:20,1419
2019-02-20 05:25,1409
2019-02-20 05:30,1418
2019-02-20 05:35,1403
2019-02-20 05:40,1407
2019-02-20 05:45,1381
2019-02-20 05:50,1366
2019-02-20 05:55,1356
2019-02-20 06:00,1344
2019-02-20 06:05,1348
2019-02-20 06:10,1352
2019-02-20 06:15,1335
2019-02-20 06:20,1340
2019-02-20 06:25,1322
2019-02-20 06:30,1324
2019-02-20 06:35,1316
2019-02-20 06:40,1331
2019-02-20 06:45,1325
2019-02-20 06:50,1318
2019-02-20 06:55,1310
2019-02-20 07:00,1297
2019-02-20 07:05,1284
2019-02-20 07:10,1276
2019-02-20 07:15,1282
2019-02-20 07:20,1294
2019-02-20 07:25,1298
2019-02-20 07:30,1300
2019-02-20 07:35,1307
2019-02-20 07:40,1310
2019-02-20 07:45,1318
2019-02-20 07:50,1318
2019-02-20 07:55,1305
2019-02-20 08:00,1297
2019-02-20 08:05,1286
2019-02-20 08:10,1279
2019-02-20 08:15,1264
2019-02-20 08:20,1265
2019-02-20 08:25,1267
2019-02-20 08:30,1295
2019-02-20 08:35,1308
2019-02-20 08:40,1320
2019-02-20 08:45,1319
2019-02-20 08:50,1342
2019-02-20 08:55,1342
2019-02-20 09:00,1347
2019-02-20 09:05,1355
2019-02-20 09:10,1355
2019-02-20 09:15,1351
2019-02-20 09:20,1350
2019-02-20 09:25,1349
2019-02-20 09:30,1375
2019-02-20 09:35,1405
2019-02-20 09:40,1415
2019-02-20 09:45,1408
2019-02-20 09:50,1418
2019-02-20 09:55,1416
2019-02-20 10:00,1429
2019-02-20 10:05,1458
2019-02-20 10:10,1475
2019-02-20 10:15,1506
2019-02-20 10:20,1513
2019-02-20 10:25,1532
2019-02-20 10:30,1551
2019-02-20 10:35,1556
2019-02-20 10:40,1589
2019-02-20 10:45,1607
2019-02-20 10:50,1631
2019-02-20 10:55,1636
2019-02-20 11:00,1639
2019-02-20 11:05,1667
2019-02-20 11:10,1678
2019-02-20 11:15,1674
2019-02-20 11:20,1675
2019-02-20 11:25,1686
2019-02-20 11:30,1703
2019-02-20 11:35,1705
2019-02-20 11:40,1709
2019-02-20 11:45,1728
2019-02-20 11:50,1736
2019-02-20 11:55,1728
2019-02-20 12:00,1721
2019-02-20 12:05,1750
2019-02-20 12:10,1763
2019-02-20 12:15,1771
2019-02-20 12:20,1785
2019-02-20 12:25,1823
2019-02-20 12:30,1830
2019-02-20 12:35,1845
2019-02-20 12:40,1862
2019-02-20 12:45,1889
2019-02-20 12:50,1890
2019-02-20 12:55,1913
2019-02-20 13:00,1927
2019-02-20 13:05,1940
2019-02-20 13:10,1986
2019-02-20 13:15,1998
2019-02-20 13:20,1975
2019-02-20 13:25,1973
2019-02-20 13:30,2006
2019-02-20 13:35,2033
2019-02-20 13:40,2052
2019-02-20 13:45,2049
2019-02-20 13:50,2055
2019-02-20 13:55,2077
2019-02-20 14:00,2100
2019-02-20 14:05,2094
2019-02-20 14:10,2081
2019-02-20 14:15,2106
2019-02-20 14:20,2127
2019-02-20 14:25,2124
2019-02-20 14:30,2119
2019-02-20 14:35,2173
2019-02-20 14:40,2184
2019-02-20 14:45,2228
2019-02-20 14:50,2255
2019-02-20 14:55,2268
2019-02-20 15:00,2297
2019-02-20 15:05,2295
2019-02-20 15:10,2329
2019-02-20 15:15,2318
2019-02-20 15:20,2339
2019-02-20 15:25,2368
2019-02-20 15:30,2371
2019-02-20 15:35,2401
2019-02-20 15:40,2430
2019-02-20 15:45,2453
2019-02-20 15:50,2452
2019-02-20 15:55,2451
2019-02-20 16:00,2460
2019-02-20 16:05,2493
2019-02-20 16:10,2482
2019-02-20 16:15,2510
2019-02-20 16:20,2521
2019-02-20 16:25,2518
2019-02-20 16:30,2542
2019-02-20 16:35,2573
2019-02-20 16:40,2584
2019-02-20 16:45,2593
2019-02-20 16:50,2605
2019-02-20 16:55,2620
2019-02-20 17:00,2627
2019-02-20 17:05,2652
2019-02-20 17:10,2659
2019-02-20 17:15,2674
2019-02-20 17:20,2677
2019-02-20 17:25,2690
2019-02-20 17:30,2735
2019-02-20 17:35,2773
2019-02-20 17:40,2821
2019-02-20 17:45,2828
2019-02-20 17:50,2823
2019-02-20 17:55,2845
2019-02-20 18:00,2851
2019-02-20 18:05,2857
2019-02-20 18:10,2848
2019-02-20 18:15,2827
2019-02-20 18:20,2820
2019-02-20 18:25,2821
2019-02-20 18:30,2832
2019-02-20 18:35,2851
2019-02-20 18:40,2864
2019-02-20 18:45,2899
2019-02-20 18:50,2936
2019-02-20 18:55,2923
2019-02-20 19:00,2926
2019-02-20 19:05,2923
2019-02-20 19:10,2932
2019-02-20 19:15,2934
2019-02-20 19:20,2953
2019-02-20 19:25,2948
2019-02-20 19:30,2956
2019-02-20 19:35,2988
2019-02-20 19:40,2989
2019-02-20 19:45,2995
2019-02-20 19:50,3011
2019-02-20 19:55,3023
2019-02-20 20:00,3011
2019-02-20 20:05,2980
2019-02-20 20:10,2964
2019-02-20 20:15,2981
2019-02-20 20:20,2953
2019-02-20 20:25,2982
2019-02-20 20:30,2943
2019-02-20 20:35,2924
2019-02-20 20:40,2915
2019-02-20 20:45,2905
2019-02-20 20:50,2899
2019-02-20 20:55,2866
2019-02-20 21:00,2871
2019-02-20 21:05,2830
2019-02-20 21:10,2784
2019-02-20 21:15,2784
2019-02-20 21:20,2758
2019-02-20 21:25,2726
2019-02-20 21:30,2720
2019-02-20 21:35,2707
2019-02-20 21:40,2681
2019-02-20 21:45,2660
2019-02-20 21:50,2629
2019-02-20 21:55,2605
2019-02-20 22:00,
2019-02-20 22:05,2565
2019-02-20 22:10,2534
2019-02-20 22:15,2498
2019-02-20 22:20,2464
2019-02-20 22:25,2446
2019-02-20 22:30,0
2019-02-20 22:35,2397
2019-02-20 22:40,2381
2019-02-20 22:45,2369
2019-02-20 22:50,2336
2019-02-20 22:55,2304
2019-02-20 23:00,2273
2019-02-20 23:05,2238
2019-02-20 23:10,2224
2019-02-20 23:15,2212
2019-02-20 23:20,2223
2019-02-20 23:25,2205
2019-02-20 23:30,2197
2019-02-20 23:35,2204
2019-02-20 23:40,2180
2019-02-20 23:45,2148
2019-02-20 23:50,2171
2019-02-20 23:55,2138
2019-02-21 00:00,2117
2019-02-21 00:05,2104
2019-02-21 00:10,2069
2019-02-21 00:15,2053
2019-02-21 00:20,2055
2019-02-21 00:25,2050
2019-02-21 00:30,2032
2019-02-21 00:35,2016
2019-02-21 00:40,1992
2019-02-21 00:45,1997
2019-02-21 00:50,1978
2019-02-21 00:55,1969
2019-02-21 01:00,1961
2019-02-21 01:05,1963
2019-02-21 01:10,1939
2019-02-21 01:15,1937
2019-02-21 01:20,1944
2019-02-21 01:25,1948
2019-02-21 01:30,1939
2019-02-21 01:35,1948
2019-02-21 01:40,1942
2019-02-21 01:45,1927
2019-02-21 01:50,1930
2019-02-21 01:55,1910
2019-02-21 02:00,1905
2019-02-21 02:05,1879
2019-02-21 02:10,1870
2019-02-21 02:15,1860
2019-02-21 02:20,1873
2019-02-21 02:25,1865
2019-02-21 02:30,1872
2019-02-21 02:35,1877
2019-02-21 02:40,1863
2019-02-21 02:45,1843
2019-02-21 02:50,1849
2019-02-21 02:55,1848
2019-02-21 03:00,1822
2019-02-21 03:05,1824
2019-02-21 03:10,1804
2019-02-21 03:15,1796
2019-02-21 03:20,1800
2019-02-21 03:25,1793
2019-02-21 03:30,1774
2019-02-21 03:35,1745
2019-02-21 03:40,1740
2019-02-21 03:45,1701
2019-02-21 03:50,1679
2019-02-21 03:55,1675
2019-02-21 04:00,1660
2019-02-21 04:05,1635
2019-02-21 04:10,1606
2019-02-21 04:15,1609
2019-02-21 04:20,1600
2019-02-21 04:25,1599
2019-02-21 04:30,1568
2019-02-21 04:35,1574
2019-02-21 04:40,1569
2019-02-21 04:45,1542
2019-02-21 04:50,1502
2019-02-21 04:55,1484
2019-02-21 05:00,1466
2019-02-21 05:05,1450
2019-02-21 05:10,1415
2019-02-21 05:15,1401
2019-02-21 05:20,1385
2019-02-21 05:25,1374
2019-02-21 05:30,1365
2019-02-21 05:35,1366
2019-02-21 05:40,1368
2019-02-21 05:45,1366
2019-02-21 05:50,1371
2019-02-21 05:55,1372
2019-02-21 06:00,1366
2019-02-21 06:05,1356
2019-02-21 06:10,1346
2019-02-21 06:15,1326
2019-02-21 06:20,1324
2019-02-21 06:25,1314
2019-02-21 06:30,1303
2019-02-21 06:35,1293
2019-02-21 06:40,1286
2019-02-21 06:45,1278
2019-02-21 06:50,1263
2019-02-21 06:55,1258
2019-02-21 07:00,1257
2019-02-21 07:05,1247
2019-02-21 07:10,1245
2019-02-21 07:15,1241
2019-02-21 07:20,1244
2019-02-21 07:25,1248
2019-02-21 07:30,1239
2019-02-21 07:35,1244
2019-02-21 07:40,1243
2019-02-21 07:45,1258
2019-02-21 07:50,1253
2019-02-21 07:55,1241
2019-02-21 08:00,1232
2019-02-21 08:05,1245
2019-02-21 08:10,1241
2019-02-21 08:15,1247
2019-02-21 08:20,1258
2019-02-21 08:25,1270
2019-02-21 08:30,1274
2019-02-21 08:35,1289
2019-02-21 08:40,1297
2019-02-21 08:45,1290
2019-02-21 08:50,1307
2019-02-21 08:55,1292
2019-02-21 09:00,1308
2019-02-21 09:05,1294
2019-02-21 09:10,1321
2019-02-21 09:15,1348
2019-02-21 09:20,1360
2019-02-21 09:25,1374
2019-02-21 09:30,1362
2019-02-21 09:35,1365
2019-02-21 09:40,1356
2019-02-21 09:45,1371
2019-02-21 09:50,1390
2019-02-21 09:55,1410
2019-02-21 10:00,1447
2019-02-21 10:05,1465
2019-02-21 10:10,1471
2019-02-21 10:15,1492
2019-02-21 10:20,1508
2019-02-21 10:25,1508
2019-02-21 10:30,1531
2019-02-21 10:35,1550
2019-02-21 10:40,1558
2019-02-21 10:45,1568
2019-02-21 10:50,1589
2019-02-21 10:55,1589
2019-02-21 11:00,1586
2019-02-21 11:05,1603
2019-02-21 11:10,1602
2019-02-21 11:15,1632
2019-02-21 11:20,1624
2019-02-21 11:25,1629
2019-02-21 11:30,1634
2019-02-21 11:35,1639
2019-02-21 11:40,1655
2019-02-21 11:45,1666
2019-02-21 11:50,1703
2019-02-21 11:55,1725
2019-02-21 12:00,1731
2019-02-21 12:05,1740
2019-02-21 12:10,1757
2019-02-21 12:15,1781
2019-02-21 12:20,1764
2019-02-21 12:25,1774
2019-02-21 12:30,1796
2019-02-21 12:35,1812
2019-02-21 12:40,1820
2019-02-21 12:45,1820
2019-02-21 12:50,1828
2019-02-21 12:55,1820
2019-02-21 13:00,1825
2019-02-21 13:05,1808
2019-02-21 13:10,1812
2019-02-21 13:15,1822
2019-02-21 13:20,1827
2019-02-21 13:25,1844
2019-02-21 13:30,1865
2019-02-21 13:35,1862
2019-02-21 13:40,1859
2019-02-21 13:45,1819
2019-02-21 13:50,1761
2019-02-21 13:55,1680
2019-02-21 14:00,1428
2019-02-21 14:05,817
2019-02-21 14:10,725
2019-02-21 14:15,686
2019-02-21 14:20,680
2019-02-21 14:25,628
2019-02-21 14:30,636
2019-02-21 14:35,657
2019-02-21 14:40,634
2019-02-21 14:45,641
2019-02-21 14:50,634
2019-02-21 14:55,648
2019-02-21 15:00,635
2019-02-21 15:05,648
2019-02-21 15:10,648
2019-02-21 15:15,676
2019-02-21 15:20,678
2019-02-21 15:25,675
2019-02-21 15:30,680
2019-02-21 15:35,685
2019-02-21 15:40,691
2019-02-21 15:45,691
2019-02-21 15:50,705
2019-02-21 15:55,743
2019-02-21 16:00,754
2019-02-21 16:05,770
2019-02-21 16:10,786
2019-02-21 16:15,804
2019-02-21 16:20,823
2019-02-21 16:25,857
2019-02-21 16:30,931
2019-02-21 16:35,971
2019-02-21 16:40,1014
2019-02-21 16:45,1048
2019-02-21 16:50,1070
2019-02-21 16:55,1124
2019-02-21 17:00,1174
2019-02-21 17:05,1303
2019-02-21 17:10,1396
2019-02-21 17:15,1472
2019-02-21 17:20,1544
2019-02-21 17:25,1617
2019-02-21 17:30,1649
2019-02-21 17:35,1904
2019-02-21 17:40,2141
2019-02-21 17:45,2337
2019-02-21 17:50,2493
2019-02-21 17:55,2596
2019-02-21 18:00,2723
2019-02-21 18:05,2799
2019-02-21 18:10,2868
2019-02-21 18:15,2953
2019-02-21 18:20,3012
2019-02-21 18:25,3040
2019-02-21 18:30,3066
2019-02-21 18:35,3109
2019-02-21 18:40,3133
2019-02-21 18:45,3190
2019-02-21 18:50,3220
2019-02-21 18:55,3241
2019-02-21 19:00,3246
2019-02-21 19:05,3210
2019-02-21 19:10,3259
2019-02-21 19:15,3254
2019-02-21 19:20,3235
2019-02-21 19:25,3210
2019-02-21 19:30,3194
2019-02-21 19:35,3205
2019-02-21 19:40,3214
2019-02-21 19:45,3198
2019-02-21 19:50,3176
2019-02-21 19:55,3181
2019-02-21 20:00,3161
2019-02-21 20:05,3128
2019-02-21 20:10,3098
2019-02-21 20:15,3096
2019-02-21 20:20,3102
2019-02-21 20:25,3076
2019-02-21 20:30,3067
2019-02-21 20:35,3058
2019-02-21 20:40,3039
2019-02-21 20:45,3039
2019-02-21 20:50,3033
2019-02-21 20:55,3001
2019-02-21 21:00,2971
2019-02-21 21:05,2942
2019-02-21 21:10,2911
2019-02-21 21:15,2881
2019-02-21 21:20,2860
2019-02-21 21:25,2818
2019-02-21 21:30,2765
2019-02-21 21:35,2738
2019-02-21 21:40,2724
2019-02-21 21:45,2707
2019-02-21 21:50,2665
2019-02-21 21:55,2649
2019-02-21 22:00,2602
2019-02-21 22:05,2583
2019-02-21 22:10,2544
2019-02-21 22:15,2529
2019-02-21 22:20,2497
2019-02-21 22:25,2465
2019-02-21 22:30,2464
2019-02-21 22:35,2449
2019-02-21 22:40,2425
2019-02-21 22:45,2380
2019-02-21 22:50,2390
2019-02-21 22:55,2355
2019-02-21 23:00,2319
2019-02-21 23:05,2300
2019-02-21 23:10,2261
2019-02-21 23:15,2227
2019-02-21 23:20,2219
2019-02-21 23:25,2214
2019-02-21 23:30,2197
2019-02-21 23:35,2174
2019-02-21 23:40,2166
2019-02-21 23:45,2148
2019-02-21 23:50,2150
2019-02-21 23:55,2140
2019-02-22 00:00,2150
2019-02-22 00:05,2120
2019-02-22 00:10,2095
2019-02-22 00:15,2090
2019-02-22 00:20,2083
2019-02-22 00:25,2062
2019-02-22 00:30,2051
2019-02-22 00:35,2047
2019-02-22 00:40,2023
2019-02-22 00:45,2017
2019-02-22 00:50,2018
2019-02-22 00:55,2023
2019-02-22 01:00,2006
2019-02-22 01:05,2014
2019-02-22 01:10,2006
2019-02-22 01:15,1969
2019-02-22 01:20,1978
2019-02-22 01:25,1967
2019-02-22 01:30,1930
2019-02-22 01:35,1929
2019-02-22 01:40,1907
2019-02-22 01:45,1902
2019-02-22 01:50,1885
2019-02-22 01:55,1867
2019-02-22 02:00,1850
2019-02-22 02:05,1833
2019-02-22 02:10,1814
2019-02-22 02:15,1773
2019-02-22 02:20,1708
2019-02-22 02:25,1607
2019-02-22 02:30,1111
2019-02-22 02:35,1275
2019-02-22 02:40,1371
2019-02-22 02:45,1441
2019-02-22 02:50,1523
2019-02-22 02:55,1562
2019-02-22 03:00,1582
2019-02-22 03:05,1610
2019-02-22 03:10,1632
2019-02-22 03:15,1653
2019-02-22 03:20,1681
2019-02-22 03:25,1693
2019-02-22 03:30,1698
2019-02-22 03:35,1707
2019-02-22 03:40,1705
2019-02-22 03:45,1697
2019-02-22 03:50,1692
2019-02-22 03:55,1687
2019-02-22 04:00,1677
2019-02-22 04:05,1665
2019-02-22 04:10,1648
2019-02-22 04:15,1623
2019-02-22 04:20,1594
2019-02-22 04:25,1583
2019-02-22 04:30,1581
2019-02-22 04:35,1568
2019-02-22 04:40,1554
2019-02-22 04:45,1535
2019-02-22 04:50,1509
2019-02-22 04:55,1502
2019-02-22 05:00,1472
2019-02-22 05:05,1450
2019-02-22 05:10,1442
2019-02-22 05:15,1446
2019-02-22 05:20,1447
2019-02-22 05:25,1416
2019-02-22 05:30,1416
2019-02-22 05:35,1402
2019-02-22 05:40,1388
2019-02-22 05:45,1382
2019-02-22 05:50,1366
2019-02-22 05:55,1356
2019-02-22 06:00,1346
2019-02-22 06:05,1322
2019-02-22 06:10,1327
2019-02-22 06:15,1319
2019-02-22 06:20,1324
2019-02-22 06:25,1326
2019-02-22 06:30,1315
2019-02-22 06:35,1294
2019-02-22 06:40,1288
2019-02-22 06:45,1308
2019-02-22 06:50,1301
2019-02-22 06:55,1290
2019-02-22 07:00,1291
2019-02-22 07:05,1299
2019-02-22 07:10,1309
2019-02-22 07:15,1330
2019-02-22 07:20,1341
2019-02-22 07:25,1349
2019-02-22 07:30,1321
2019-02-22 07:35,1325
2019-02-22 07:40,1353
2019-02-22 07:45,1350
2019-02-22 07:50,1347
2019-02-22 07:55,1366
2019-02-22 08:00,1355
2019-02-22 08:05,1359
2019-02-22 08:10,1349
2019-02-22 08:15,1371
2019-02-22 08:20,1373
2019-02-22 08:25,1381
2019-02-22 08:30,1384
2019-02-22 08:35,1383
2019-02-22 08:40,1383
2019-02-22 08:45,1387
2019-02-22 08:50,1386
2019-02-22 08:55,1395
2019-02-22 09:00,1423
2019-02-22 09:05,1463
2019-02-22 09:10,1456
2019-02-22 09:15,0
2019-02-22 09:20,1471
2019-02-22 09:25,1478
2019-02-22 09:30,1498
2019-02-22 09:35,1499
2019-02-22 09:40,1501
2019-02-22 09:45,1501
2019-02-22 09:50,1510
2019-02-22 09:55,1528
2019-02-22 10:00,1552
2019-02-22 10:05,1588
2019-02-22 10:10,1603
2019-02-22 10:15,1610
2019-02-22 10:20,1640
2019-02-22 10:25,1657
2019-02-22 10:30,1661
2019-02-22 10:35,1687
2019-02-22 10:40,1701
2019-02-22 10:45,1710
2019-02-22 10:50,1727
2019-02-22 10:55,1739
2019-02-22 11:00,1749
2019-02-22 11:05,1757
2019-02-22 11:10,1746
2019-02-22 11:15,1770
2019-02-22 11:20,1779
2019-02-22 11:25,1809
2019-02-22 11:30,1829
2019-02-22 11:35,1836
2019-02-22 11:40,1838
2019-02-22 11:45,1845
2019-02-22 11:50,1860
2019-02-22 11:55,1863
2019-02-22 12:00,1884
2019-02-22 12:05,1894
2019-02-22 12:10,1910
2019-02-22 12:15,1923
2019-02-22 12:20,1959
2019-02-22 12:25,1959
2019-02-22 12:30,1982
2019-02-22 12:35,2008
2019-02-22 12:40,2005
2019-02-22 12:45,2036
2019-02-22 12:50,2058
2019-02-22 12:55,2062
2019-02-22 13:00,2093
2019-02-22 13:05,2101
2019-02-22 13:10,2113
2019-02-22 13:15,2129
2019-02-22 13:20,2136
2019-02-22 13:25,2120
2019-02-22 13:30,2132
2019-02-22 13:35,2141
2019-02-22 13:40,2155
2019-02-22 13:45,2180
2019-02-22 13:50,2194
2019-02-22 13:55,2190
2019-02-22 14:00,2201
2019-02-22 14:05,2210
2019-02-22 14:10,2211
2019-02-22 14:15,2224
2019-02-22 14:20,2247
2019-02-22 14:25,2242
2019-02-22 14:30,2238
2019-02-22 14:35,2271
2019-02-22 14:40,2298
2019-02-22 14:45,2333
2019-02-22 14:50,2361
2019-02-22 14:55,2359
2019-02-22 15:00,2364
2019-02-22 15:05,2377
2019-02-22 15:10,2406
2019-02-22 15:15,2397
2019-02-22 15:20,2407
2019-02-22 15:25,2437
2019-02-22 15:30,2441
2019-02-22 15:35,2453
2019-02-22 15:40,2467
2019-02-22 15:45,2486
2019-02-22 15:50,2500
2019-02-22 15:55,2510
2019-02-22 16:00,2513
2019-02-22 16:05,2555
2019-02-22 16:10,2562
2019-02-22 16:15,2579
2019-02-22 16:20,2591
2019-02-22 16:25,2574
2019-02-22 16:30,2626
2019-02-22 16:35,2655
2019-02-22 16:40,2669
2019-02-22 16:45,2665
2019-02-22 16:50,2663
2019-02-22 16:55,2667
2019-02-22 17:00,2699
2019-02-22 17:05,2706
2019-02-22 17:10,2733
2019-02-22 17:15,2752
2019-02-22 17:20,2762
2019-02-22 17:25,2773
2019-02-22 17:30,2786
2019-02-22 17:35,2839
2019-02-22 17:40,2827
2019-02-22 17:45,2850
2019-02-22 17:50,2873
2019-02-22 17:55,2891
2019-02-22 18:00,2890
2019-02-22 18:05,2882
2019-02-22 18:10,2888
2019-02-22 18:15,2908
2019-02-22 18:20,2917
2019-02-22 18:25,2914
2019-02-22 18:30,2917
2019-02-22 18:35,2917
2019-02-22 18:40,2918
2019-02-22 18:45,2927
2019-02-22 18:50,2952
2019-02-22 18:55,2940
2019-02-22 19:00,2958
2019-02-22 19:05,2945
2019-02-22 19:10,2957
2019-02-22 19:15,2970
2019-02-22 19:20,2928
2019-02-22 19:25,2931
2019-02-22 19:30,2930
2019-02-22 19:35,2959
2019-02-22 19:40,2942
2019-02-22 19:45,2962
2019-02-22 19:50,2973
2019-02-22 19:55,2989
2019-02-22 20:00,2977
2019-02-22 20:05,2978
2019-02-22 20:10,2973
2019-02-22 20:15,2980
2019-02-22 20:20,3007
2019-02-22 20:25,2987
2019-02-22 20:30,3003
2019-02-22 20:35,2990
2019-02-22 20:40,2985
2019-02-22 20:45,2969
2019-02-22 20:50,2963
2019-02-22 20:55,2977
2019-02-22 21:00,2994
2019-02-22 21:05,2982
2019-02-22 21:10,2965
2019-02-22 21:15,2967
2019-02-22 21:20,2956
2019-02-22 21:25,2932
2019-02-22 21:30,2897
2019-02-22 21:35,2918
2019-02-22 21:40,2912
2019-02-22 21:45,2875
2019-02-22 21:50,2884
2019-02-22 21:55,2854
2019-02-22 22:00,2844
2019-02-22 22:05,2815
2019-02-22 22:10,2803
2019-02-22 22:15,2784
2019-02-22 22:20,2753
2019-02-22 22:25,2707
2019-02-22 22:30,2698
2019-02-22 22:35,2669
2019-02-22 22:40,2638
2019-02-22 22:45,2595
2019-02-22 22:50,2559
2019-02-22 22:55,2554
2019-02-22 23:00,2534
2019-02-22 23:05,2492
2019-02-22 23:10,2455
2019-02-22 23:15,2452
2019-02-22 23:20,2448
2019-02-22 23:25,2417
2019-02-22 23:30,2417
2019-02-22 23:35,2421
2019-02-22 23:40,2418
2019-02-22 23:45,2383
2019-02-22 23:50,2368
2019-02-22 23:55,2359
2019-02-23 00:00,2318
2019-02-23 00:05,2289
2019-02-23 00:10,2270
2019-02-23 00:15,2251
2019-02-23 00:20,2226
2019-02-23 00:25,2229
2019-02-23 00:30,2211
2019-02-23 00:35,2205
2019-02-23 00:40,2189
2019-02-23 00:45,2160
2019-02-23 00:50,2155
2019-02-23 00:55,2134
2019-02-23 01:00,2133
2019-02-23 01:05,2125
2019-02-23 01:10,2110
2019-02-23 01:15,2106
2019-02-23 01:20,2099
2019-02-23 01:25,2125
2019-02-23 01:30,2130
2019-02-23 01:35,2130
2019-02-23 01:40,2131
2019-02-23 01:45,2130
2019-02-23 01:50,2112
2019-02-23 01:55,2084
2019-02-23 02:00,2068
2019-02-23 02:05,2064
2019-02-23 02:10,2076
2019-02-23 02:15,2077
2019-02-23 02:20,2072
2019-02-23 02:25,2071
2019-02-23 02:30,2050
2019-02-23 02:35,2061
2019-02-23 02:40,2038
2019-02-23 02:45,2041
2019-02-23 02:50,2027
2019-02-23 02:55,2024
2019-02-23 03:00,2012
2019-02-23 03:05,1984
2019-02-23 03:10,1957
2019-02-23 03:15,1957
2019-02-23 03:20,1936
2019-02-23 03:25,1927
2019-02-23 03:30,1921
2019-02-23 03:35,1927
2019-02-23 03:40,1919
2019-02-23 03:45,1898
2019-02-23 03:50,1886
2019-02-23 03:55,1873
2019-02-23 04:00,1860
2019-02-23 04:05,1830
2019-02-23 04:10,1802
2019-02-23 04:15,1782
2019-02-23 04:20,1802
2019-02-23 04:25,1792
2019-02-23 04:30,1792
2019-02-23 04:35,1785
2019-02-23 04:40,1768
2019-02-23 04:45,1761
2019-02-23 04:50,1722
2019-02-23 04:55,1728
2019-02-23 05:00,1721
2019-02-23 05:05,1702
2019-02-23 05:10,1687
2019-02-23 05:15,1704
2019-02-23 05:20,1685
2019-02-23 05:25,1665
2019-02-23 05:30,1661
2019-02-23 05:35,1658
2019-02-23 05:40,1655
2019-02-23 05:45,1652
2019-02-23 05:50,1652
2019-02-23 05:55,1654
2019-02-23 06:00,1660
2019-02-23 06:05,1666
2019-02-23 06:10,1660
2019-02-23 06:15,1665
2019-02-23 06:20,1644
2019-02-23 06:25,1622
2019-02-23 06:30,1618
2019-02-23 06:35,1600
2019-02-23 06:40,1619
2019-02-23 06:45,1615
2019-02-23 06:50,1615
2019-02-23 06:55,1604
2019-02-23 07:00,1607
2019-02-23 07:05,1612
2019-02-23 07:10,1634
2019-02-23 07:15,1656
2019-02-23 07:20,1650
2019-02-23 07:25,1650
2019-02-23 07:30,1627
2019-02-23 07:35,1643
2019-02-23 07:40,1649
2019-02-23 07:45,1666
2019-02-23 07:50,1694
2019-02-23 07:55,1711
2019-02-23 08:00,1702
2019-02-23 08:05,1706
2019-02-23 08:10,1708
2019-02-23 08:15,1733
2019-02-23 08:20,1742
2019-02-23 08:25,1759
2019-02-23 08:30,1770
2019-02-23 08:35,1805
2019-02-23 08:40,1836
2019-02-23 08:45,1827
2019-02-23 08:50,1823
2019-02-23 08:55,1834
2019-02-23 09:00,1833
2019-02-23 09:05,1837
2019-02-23 09:10,1826
2019-02-23 09:15,1818
2019-02-23 09:20,1844
2019-02-23 09:25,1853
2019-02-23 09:30,1876
2019-02-23 09:35,1891
2019-02-23 09:40,1916
2019-02-23 09:45,1935
2019-02-23 09:50,1948
2019-02-23 09:55,1966
2019-02-23 10:00,1999
2019-02-23 10:05,2025
2019-02-23 10:10,2059
2019-02-23 10:15,2114
2019-02-23 10:20,2131
2019-02-23 10:25,2148
2019-02-23 10:30,2178
2019-02-23 10:35,2216
2019-02-23 10:40,2239
2019-02-23 10:45,2247
2019-02-23 10:50,2256
2019-02-23 10:55,2288
2019-02-23 11:00,2278
2019-02-23 11:05,2289
2019-02-23 11:10,2323
2019-02-23 11:15,2337
2019-02-23 11:20,2353
2019-02-23 11:25,2333
2019-02-23 11:30,2348
2019-02-23 11:35,2338
2019-02-23 11:40,2363
2019-02-23 11:45,2361
2019-02-23 11:50,2391
2019-02-23 11:55,2410
2019-02-23 12:00,2411
2019-02-23 12:05,2428
2019-02-23 12:10,2440
2019-02-23 12:15,2452
2019-02-23 12:20,2458
2019-02-23 12:25,2477
2019-02-23 12:30,2513
2019-02-23 12:35,2545
2019-02-23 12:40,2541
2019-02-23 12:45,2558
2019-02-23 12:50,2585
2019-02-23 12:55,2602
2019-02-23 13:00,2626
2019-02-23 13:05,2621
2019-02-23 13:10,2655
2019-02-23 13:15,2667
2019-02-23 13:20,2703
2019-02-23 13:25,2700
2019-02-23 13:30,2727
2019-02-23 13:35,2754
2019-02-23 13:40,2763
2019-02-23 13:45,2780
2019-02-23 13:50,2762
2019-02-23 13:55,2787
2019-02-23 14:00,2780
2019-02-23 14:05,2778
2019-02-23 14:10,2826
2019-02-23 14:15,2832
2019-02-23 14:20,2847
2019-02-23 14:25,2848
2019-02-23 14:30,2888
2019-02-23 14:35,2893
2019-02-23 14:40,2902
2019-02-23 14:45,2909
2019-02-23 14:50,2926
2019-02-23 14:55,2943
2019-02-23 15:00,2932
2019-02-23 15:05,2941
2019-02-23 15:10,2943
2019-02-23 15:15,2956
2019-02-23 15:20,2946
2019-02-23 15:25,2981
2019-02-23 15:30,2984
2019-02-23 15:35,3003
2019-02-23 15:40,3015
2019-02-23 15:45,3059
2019-02-23 15:50,3072
2019-02-23 15:55,3070
2019-02-23 16:00,3118
2019-02-23 16:05,3162
2019-02-23 16:10,3166
2019-02-23 16:15,3185
2019-02-23 16:20,3181
2019-02-23 16:25,3206
2019-02-23 16:30,3213
2019-02-23 16:35,3213
2019-02-23 16:40,3225
2019-02-23 16:45,3234
2019-02-23 16:50,3244
2019-02-23 16:55,3249
2019-02-23 17:00,3242
2019-02-23 17:05,3232
2019-02-23 17:10,3242
2019-02-23 17:15,3260
2019-02-23 17:20,3283
2019-02-23 17:25,3315
2019-02-23 17:30,3321
2019-02-23 17:35,3340
2019-02-23 17:40,3351
2019-02-23 17:45,3351
2019-02-23 17:50,3370
2019-02-23 17:55,3380
2019-02-23 18:00,3412
2019-02-23 18:05,3426
2019-02-23 18:10,3418
2019-02-23 18:15,3437
2019-02-23 18:20,3453
2019-02-23 18:25,3431
2019-02-23 18:30,3426
2019-02-23 18:35,3407
2019-02-23 18:40,3419
2019-02-23 18:45,3414
2019-02-23 18:50,3407
2019-02-23 18:55,3421
2019-02-23 19:00,3397
2019-02-23 19:05,3408
2019-02-23 19:10,3401
2019-02-23 19:15,3396
2019-02-23 19:20,3380
2019-02-23 19:25,3389
2019-02-23 19:30,3381
2019-02-23 19:35,3396
2019-02-23 19:40,3382
2019-02-23 19:45,3393
2019-02-23 19:50,3418
2019-02-23 19:55,3434
2019-02-23 20:00,3435
2019-02-23 20:05,3464
2019-02-23 20:10,3485
2019-02-23 20:15,3469
2019-02-23 20:20,3459
2019-02-23 20:25,3441
2019-02-23 20:30,3425
2019-02-23 20:35,3439
2019-02-23 20:40,3449
2019-02-23 20:45,3423
2019-02-23 20:50,3411
2019-02-23 20:55,3414
2019-02-23 21:00,3379
2019-02-23 21:05,3367
2019-02-23 21:10,3355
2019-02-23 21:15,3340
2019-02-23 21:20,3349
2019-02-23 21:25,3332
2019-02-23 21:30,3316
2019-02-23 21:35,3288
2019-02-23 21:40,3297
2019-02-23 21:45,3301
2019-02-23 21:50,3277
2019-02-23 21:55,3246
2019-02-23 22:00,3273
2019-02-23 22:05,3224
2019-02-23 22:10,3168
2019-02-23 22:15,3139
2019-02-23 22:20,3125
2019-02-23 22:25,3111
2019-02-23 22:30,3098
2019-02-23 22:35,3069
2019-02-23 22:40,3054
2019-02-23 22:45,3022
2019-02-23 22:50,2991
2019-02-23 22:55,2979
2019-02-23 23:00,2957
2019-02-23 23:05,2910
2019-02-23 23:10,2865
2019-02-23 23:15,2854
2019-02-23 23:20,2845
2019-02-23 23:25,2836
2019-02-23 23:30,2799
2019-02-23 23:35,2748
2019-02-23 23:40,2718
2019-02-23 23:45,2680
2019-02-23 23:50,2630
2019-02-23 23:55,2611
2019-02-24 00:00,2586
2019-02-24 00:05,2535
2019-02-24 00:10,2518
2019-02-24 00:15,2483
2019-02-24 00:20,2466
2019-02-24 00:25,2455
2019-02-24 00:30,2448
2019-02-24 00:35,2433
2019-02-24 00:40,2461
2019-02-24 00:45,2430
2019-02-24 00:50,2427
2019-02-24 00:55,2422
2019-02-24 01:00,2393
2019-02-24 01:05,2372
2019-02-24 01:10,2349
2019-02-24 01:15,2348
2019-02-24 01:20,2321
2019-02-24 01:25,2327
2019-02-24 01:30,2324
2019-02-24 01:35,2303
2019-02-24 01:40,2288
2019-02-24 01:45,2287
2019-02-24 01:50,2276
2019-02-24 01:55,2283
2019-02-24 02:00,2275
2019-02-24 02:05,2256
2019-02-24 02:10,2238
2019-02-24 02:15,2231
2019-02-24 02:20,2245
2019-02-24 02:25,2255
2019-02-24 02:30,2252
2019-02-24 02:35,2249
2019-02-24 02:40,2241
2019-02-24 02:45,2206
2019-02-24 02:50,2202
2019-02-24 02:55,2202
2019-02-24 03:00,2201
2019-02-24 03:05,2184
2019-02-24 03:10,2163
2019-02-24 03:15,2152
2019-02-24 03:20,2149
2019-02-24 03:25,2150
2019-02-24 03:30,2159
2019-02-24 03:35,2160
2019-02-24 03:40,2134
2019-02-24 03:45,2139
2019-02-24 03:50,2130
2019-02-24 03:55,2105
2019-02-24 04:00,2090
2019-02-24 04:05,2068
2019-02-24 04:10,2059
2019-02-24 04:15,2034
2019-02-24 04:20,2011
2019-02-24 04:25,2016
2019-02-24 04:30,1993
2019-02-24 04:35,1973
2019-02-24 04:40,1948
2019-02-24 04:45,1923
2019-02-24 04:50,1906
2019-02-24 04:55,1902
2019-02-24 05:00,1896
2019-02-24 05:05,1879
2019-02-24 05:10,1867
2019-02-24 05:15,1858
2019-02-24 05:20,1847
2019-02-24 05:25,1851
2019-02-24 05:30,1848
2019-02-24 05:35,1859
2019-02-24 05:40,1843
2019-02-24 05:45,1847
2019-02-24 05:50,1846
2019-02-24 05:55,1860
2019-02-24 06:00,1864
2019-02-24 06:05,1859
2019-02-24 06:10,1830
2019-02-24 06:15,1810
2019-02-24 06:20,1805
2019-02-24 06:25,1804
2019-02-24 06:30,1792
2019-02-24 06:35,1791
2019-02-24 06:40,1797
2019-02-24 06:45,1794
2019-02-24 06:50,1803
2019-02-24 06:55,1801
2019-02-24 07:00,1780
2019-02-24 07:05,1795
2019-02-24 07:10,1821
2019-02-24 07:15,1831
2019-02-24 07:20,1837
2019-02-24 07:25,1846
2019-02-24 07:30,1862
2019-02-24 07:35,1877
2019-02-24 07:40,1899
2019-02-24 07:45,1909
2019-02-24 07:50,1923
2019-02-24 07:55,1942
2019-02-24 08:00,1957
2019-02-24 08:05,1951
2019-02-24 08:10,1964
2019-02-24 08:15,1979
2019-02-24 08:20,1996
2019-02-24 08:25,2031
2019-02-24 08:30,2059
2019-02-24 08:35,2069
2019-02-24 08:40,2091
2019-02-24 08:45,2103
2019-02-24 08:50,2106
2019-02-24 08:55,2121
2019-02-24 09:00,2140
2019-02-24 09:05,2158
2019-02-24 09:10,2188
2019-02-24 09:15,2230
2019-02-24 09:20,2284
2019-02-24 09:25,2291
2019-02-24 09:30,2296
2019-02-24 09:35,2333
2019-02-24 09:40,2351
2019-02-24 09:45,2364
2019-02-24 09:50,2381
2019-02-24 09:55,2391
2019-02-24 10:00,2423
2019-02-24 10:05,2468
2019-02-24 10:10,2492
2019-02-24 10:15,2517
2019-02-24 10:20,2551
2019-02-24 10:25,2596
2019-02-24 10:30,2608
2019-02-24 10:35,2602
2019-02-24 10:40,2611
2019-02-24 10:45,2657
2019-02-24 10:50,2650
2019-02-24 10:55,2663
2019-02-24 11:00,2653
2019-02-24 11:05,2656
2019-02-24 11:10,2634
2019-02-24 11:15,2636
2019-02-24 11:20,2634
2019-02-24 11:25,2632
2019-02-24 11:30,2658
2019-02-24 11:35,2671
2019-02-24 11:40,2674
2019-02-24 11:45,2670
2019-02-24 11:50,2686
2019-02-24 11:55,2698
2019-02-24 12:00,2714
2019-02-24 12:05,2731
2019-02-24 12:10,2746
2019-02-24 12:15,2770
2019-02-24 12:20,2772
2019-02-24 12:25,2790
2019-02-24 12:30,2826
2019-02-24 12:35,2832
2019-02-24 12:40,2833
2019-02-24 12:45,2852
2019-02-24 12:50,2861
2019-02-24 12:55,2884
2019-02-24 13:00,2904
2019-02-24 13:05,2907
2019-02-24 13:10,2928
2019-02-24 13:15,2955
2019-02-24 13:20,2997
2019-02-24 13:25,2981
2019-02-24 13:30,2988
2019-02-24 13:35,2992
2019-02-24 13:40,3034
2019-02-24 13:45,3058
2019-02-24 13:50,3088
2019-02-24 13:55,3107
2019-02-24 14:00,3121
2019-02-24 14:05,3095
2019-02-24 14:10,3109
2019-02-24 14:15,3090
2019-02-24 14:20,3111
2019-02-24 14:25,3148
2019-02-24 14:30,3138
2019-02-24 14:35,3179
2019-02-24 14:40,3191
2019-02-24 14:45,3215
2019-02-24 14:50,3253
2019-02-24 14:55,3271
2019-02-24 15:00,3293
2019-02-24 15:05,3293
2019-02-24 15:10,3321
2019-02-24 15:15,3292
2019-02-24 15:20,3300
2019-02-24 15:25,3324
2019-02-24 15:30,3351
2019-02-24 15:35,3369
2019-02-24 15:40,3399
2019-02-24 15:45,3401
2019-02-24 15:50,3415
2019-02-24 15:55,3443
2019-02-24 16:00,3441
2019-02-24 16:05,3459
2019-02-24 16:10,3467
2019-02-24 16:15,3477
2019-02-24 16:20,3484
2019-02-24 16:25,3488
2019-02-24 16:30,3506
2019-02-24 16:35,3491
2019-02-24 16:40,3491
2019-02-24 16:45,3525
2019-02-24 16:50,3537
2019-02-24 16:55,3553
2019-02-24 17:00,3569
2019-02-24 17:05,3561
2019-02-24 17:10,3591
2019-02-24 17:15,3585
2019-02-24 17:20,3585
2019-02-24 17:25,3581
2019-02-24 17:30,3602
2019-02-24 17:35,3619
2019-02-24 17:40,3598
2019-02-24 17:45,3610
2019-02-24 17:50,3609
2019-02-24 17:55,3626
2019-02-24 18:00,3626
2019-02-24 18:05,3631
2019-02-24 18:10,3619
2019-02-24 18:15,3641
2019-02-24 18:20,3628
2019-02-24 18:25,3636
2019-02-24 18:30,3639
2019-02-24 18:35,3634
2019-02-24 18:40,3616
2019-02-24 18:45,3633
2019-02-24 18:50,3658
2019-02-24 18:55,3665
2019-02-24 19:00,3672
2019-02-24 19:05,3684
2019-02-24 19:10,3687
2019-02-24 19:15,3675
2019-02-24 19:20,3646
2019-02-24 19:25,3657
2019-02-24 19:30,3688
2019-02-24 19:35,3660
2019-02-24 19:40,3665
2019-02-24 19:45,3681
2019-02-24 19:50,3653
2019-02-24 19:55,3656
2019-02-24 20:00,3641
2019-02-24 20:05,3615
2019-02-24 20:10,3602
2019-02-24 20:15,3595
2019-02-24 20:20,3616
2019-02-24 20:25,3599
2019-02-24 20:30,3585
2019-02-24 20:35,3573
2019-02-24 20:40,3572
2019-02-24 20:45,3575
2019-02-24 20:50,3531
2019-02-24 20:55,3510
2019-02-24 21:00,3511
2019-02-24 21:05,3526
2019-02-24 21:10,3487
2019-02-24 21:15,3449
2019-02-24 21:20,3401
2019-02-24 21:25,
2019-02-24 21:30,3332
2019-02-24 21:35,3304
2019-02-24 21:40,3288
2019-02-24 21:45,3241
2019-02-24 21:50,3190
2019-02-24 21:55,3155
2019-02-24 22:00,3133
2019-02-24 22:05,3122
2019-02-24 22:10,3075
2019-02-24 22:15,3045
2019-02-24 22:20,2996
2019-02-24 22:25,2985
2019-02-24 22:30,2967
2019-02-24 22:35,2943
2019-02-24 22:40,2924
2019-02-24 22:45,2889
2019-02-24 22:50,2868
2019-02-24 22:55,2845
2019-02-24 23:00,2822
2019-02-24 23:05,2790
2019-02-24 23:10,2776
2019-02-24 23:15,2726
2019-02-24 23:20,2676
2019-02-24 23:25,2665
2019-02-24 23:30,2644
2019-02-24 23:35,2617
2019-02-24 23:40,2597
2019-02-24 23:45,2581
2019-02-24 23:50,2546
2019-02-24 23:55,2539
2019-02-25 00:00,2536
2019-02-25 00:05,2504
2019-02-25 00:10,2487
2019-02-25 00:15,2463
2019-02-25 00:20,2450
2019-02-25 00:25,2450
2019-02-25 00:30,2406
2019-02-25 00:35,2396
2019-02-25 00:40,2392
2019-02-25 00:45,2385
2019-02-25 00:50,2372
2019-02-25 00:55,2366
2019-02-25 01:00,2334
2019-02-25 01:05,2319
2019-02-25 01:10,2309
2019-02-25 01:15,2306
2019-02-25 01:20,2293
2019-02-25 01:25,2279
2019-02-25 01:30,2263
2019-02-25 01:35,2247
2019-02-25 01:40,2221
2019-02-25 01:45,2210
2019-02-25 01:50,2212
2019-02-25 01:55,2204
2019-02-25 02:00,2175
2019-02-25 02:05,2144
2019-02-25 02:10,2107
2019-02-25 02:15,2123
2019-02-25 02:20,2110
2019-02-25 02:25,2094
2019-02-25 02:30,2070
2019-02-25 02:35,2061
2019-02-25 02:40,2056
2019-02-25 02:45,2035
2019-02-25 02:50,2043
2019-02-25 02:55,2030
2019-02-25 03:00,2030
2019-02-25 03:05,2022
2019-02-25 03:10,2015
2019-02-25 03:15,1977
2019-02-25 03:20,1961
2019-02-25 03:25,1944
2019-02-25 03:30,1919
2019-02-25 03:35,1917
2019-02-25 03:40,1887
2019-02-25 03:45,1869
2019-02-25 03:50,1846
2019-02-25 03:55,1836
2019-02-25 04:00,1807
2019-02-25 04:05,1796
2019-02-25 04:10,1784
2019-02-25 04:15,1769
2019-02-25 04:20,1758
2019-02-25 04:25,1734
2019-02-25 04:30,1694
2019-02-25 04:35,1700
2019-02-25 04:40,1686
2019-02-25 04:45,1675
2019-02-25 04:50,1655
2019-02-25 04:55,1620
2019-02-25 05:00,1610
2019-02-25 05:05,1573
2019-02-25 05:10,1566
2019-02-25 05:15,1558
2019-02-25 05:20,1563
2019-02-25 05:25,1550
2019-02-25 05:30,1540
2019-02-25 05:35,1549
2019-02-25 05:40,1539
2019-02-25 05:45,1520
2019-02-25 05:50,1510
2019-02-25 05:55,1494
2019-02-25 06:00,1473
2019-02-25 06:05,1478
2019-02-25 06:10,1459
2019-02-25 06:15,1459
2019-02-25 06:20,1463
2019-02-25 06:25,1452
2019-02-25 06:30,1449
2019-02-25 06:35,1446
2019-02-25 06:40,1460
2019-02-25 06:45,1446
2019-02-25 06:50,1438
2019-02-25 06:55,1431
2019-02-25 07:00,1421
2019-02-25 07:05,1422
2019-02-25 07:10,1428
2019-02-25 07:15,1424
2019-02-25 07:20,1407
2019-02-25 07:25,1384
2019-02-25 07:30,1380
2019-02-25 07:35,1375
2019-02-25 07:40,1384
2019-02-25 07:45,1377
2019-02-25 07:50,1375
2019-02-25 07:55,1390
2019-02-25 08:00,1398
2019-02-25 08:05,1396
2019-02-25 08:10,1390
2019-02-25 08:15,1398
2019-02-25 08:20,1393
2019-02-25 08:25,1401
2019-02-25 08:30,1414
2019-02-25 08:35,1414
2019-02-25 08:40,1428
2019-02-25 08:45,1418
2019-02-25 08:50,1419
2019-02-25 08:55,1403
2019-02-25 09:00,1408
2019-02-25 09:05,1423
2019-02-25 09:10,1443
2019-02-25 09:15,1458
2019-02-25 09:20,1449
2019-02-25 09:25,1466
2019-02-25 09:30,1465
2019-02-25 09:35,1446
2019-02-25 09:40,1454
2019-02-25 09:45,1459
2019-02-25 09:50,1463
2019-02-25 09:55,1477
2019-02-25 10:00,1509
2019-02-25 10:05,1562
2019-02-25 10:10,1570
2019-02-25 10:15,1615
2019-02-25 10:20,1626
2019-02-25 10:25,1636
2019-02-25 10:30,1654
2019-02-25 10:35,1671
2019-02-25 10:40,1675
2019-02-25 10:45,1666
2019-02-25 10:50,1680
2019-02-25 10:55,1681
2019-02-25 11:00,1674
2019-02-25 11:05,1699
2019-02-25 11:10,1716
2019-02-25 11:15,1726
2019-02-25 11:20,1735
2019-02-25 11:25,1753
2019-02-25 11:30,1768
2019-02-25 11:35,1800
2019-02-25 11:40,1812
2019-02-25 11:45,1821
2019-02-25 11:50,1830
2019-02-25 11:55,1827
2019-02-25 12:00,1846
2019-02-25 12:05,1872
2019-02-25 12:10,1882
2019-02-25 12:15,1928
2019-02-25 12:20,1933
2019-02-25 12:25,1947
2019-02-25 12:30,1976
2019-02-25 12:35,1994
2019-02-25 12:40,2019
2019-02-25 12:45,2038
2019-02-25 12:50,2052
2019-02-25 12:55,2061
2019-02-25 13:00,2081
2019-02-25 13:05,2082
2019-02-25 13:10,2088
2019-02-25 13:15,2085
2019-02-25 13:20,2089
2019-02-25 13:25,2117
2019-02-25 13:30,2117
2019-02-25 13:35,2136
2019-02-25 13:40,2157
2019-02-25 13:45,2183
2019-02-25 13:50,2207
2019-02-25 13:55,2197
2019-02-25 14:00,2199
2019-02-25 14:05,2204
2019-02-25 14:10,2258
2019-02-25 14:15,2266
2019-02-25 14:20,2280
2019-02-25 14:25,2288
2019-02-25 14:30,2288
2019-02-25 14:35,2299
2019-02-25 14:40,2317
2019-02-25 14:45,2334
2019-02-25 14:50,2331
2019-02-25 14:55,2352
2019-02-25 15:00,2356
2019-02-25 15:05,2358
2019-02-25 15:10,2387
2019-02-25 15:15,2423
2019-02-25 15:20,2438
2019-02-25 15:25,2448
2019-02-25 15:30,2457
2019-02-25 15:35,2470
2019-02-25 15:40,2497
2019-02-25 15:45,2499
2019-02-25 15:50,2518
2019-02-25 15:55,2531
2019-02-25 16:00,2563
2019-02-25 16:05,2590
2019-02-25 16:10,2630
2019-02-25 16:15,2628
2019-02-25 16:20,2667
2019-02-25 16:25,2699
2019-02-25 16:30,2714
2019-02-25 16:35,2748
2019-02-25 16:40,2754
2019-02-25 16:45,2782
2019-02-25 16:50,2782
2019-02-25 16:55,2803
2019-02-25 17:00,2790
2019-02-25 17:05,2821
2019-02-25 17:10,2814
2019-02-25 17:15,2836
2019-02-25 17:20,2847
2019-02-25 17:25,2866
2019-02-25 17:30,2904
2019-02-25 17:35,2933
2019-02-25 17:40,2945
2019-02-25 17:45,2946
2019-02-25 17:50,2977
2019-02-25 17:55,2970
2019-02-25 18:00,2973
2019-02-25 18:05,2979
2019-02-25 18:10,2990
2019-02-25 18:15,3002
2019-02-25 18:20,3021
2019-02-25 18:25,3028
2019-02-25 18:30,3042
2019-02-25 18:35,3052
2019-02-25 18:40,3068
2019-02-25 18:45,3067
2019-02-25 18:50,3083
2019-02-25 18:55,3096
2019-02-25 19:00,3104
2019-02-25 19:05,3091
2019-02-25 19:10,3089
2019-02-25 19:15,3100
2019-02-25 19:20,3127
2019-02-25 19:25,3135
2019-02-25 19:30,3143
2019-02-25 19:35,3146
2019-02-25 19:40,3142
2019-02-25 19:45,3176
2019-02-25 19:50,3173
2019-02-25 19:55,3156
2019-02-25 20:00,3179
2019-02-25 20:05,3163
2019-02-25 20:10,3148
2019-02-25 20:15,3131
2019-02-25 20:20,3132
2019-02-25 20:25,3127
2019-02-25 20:30,3106
2019-02-25 20:35,3115
2019-02-25 20:40,3082
2019-02-25 20:45,3046
2019-02-25 20:50,3010
2019-02-25 20:55,2988
2019-02-25 21:00,2972
2019-02-25 21:05,2927
2019-02-25 21:10,2897
2019-02-25 21:15,2855
2019-02-25 21:20,2814
2019-02-25 21:25,2801
2019-02-25 21:30,2771
2019-02-25 21:35,2763
2019-02-25 21:40,2739
2019-02-25 21:45,2710
2019-02-25 21:50,2698
2019-02-25 21:55,2690
2019-02-25 22:00,2690
2019-02-25 22:05,2662
2019-02-25 22:10,2598
2019-02-25 22:15,2536
2019-02-25 22:20,2515
2019-02-25 22:25,2459
2019-02-25 22:30,2476
2019-02-25 22:35,2455
2019-02-25 22:40,2440
2019-02-25 22:45,2404
2019-02-25 22:50,2375
2019-02-25 22:55,2377
2019-02-25 23:00,2358
2019-02-25 23:05,2339
2019-02-25 23:10,2302
2019-02-25 23:15,2264
2019-02-25 23:20,2240
2019-02-25 23:25,2227
2019-02-25 23:30,2219
2019-02-25 23:35,2198
2019-02-25 23:40,2202
2019-02-25 23:45,2194
2019-02-25 23:50,2188
2019-02-25 23:55,2205
2019-02-26 00:00,2178
2019-02-26 00:05,2167
2019-02-26 00:10,2172
2019-02-26 00:15,2165
2019-02-26 00:20,2167
2019-02-26 00:25,2148
2019-02-26 00:30,2159
2019-02-26 00:35,2160
2019-02-26 00:40,2174
2019-02-26 00:45,2145
2019-02-26 00:50,2134
2019-02-26 00:55,2155
2019-02-26 01:00,2157
2019-02-26 01:05,2165
2019-02-26 01:10,2162
2019-02-26 01:15,2164
2019-02-26 01:20,2163
2019-02-26 01:25,2140
2019-02-26 01:30,2106
2019-02-26 01:35,2099
2019-02-26 01:40,2102
2019-02-26 01:45,2069
2019-02-26 01:50,2056
2019-02-26 01:55,2056
2019-02-26 02:00,2055
2019-02-26 02:05,2074
2019-02-26 02:10,2049
2019-02-26 02:15,2045
2019-02-26 02:20,2019
2019-02-26 02:25,2019
2019-02-26 02:30,1987
2019-02-26 02:35,1976
2019-02-26 02:40,1974
2019-02-26 02:45,1978
2019-02-26 02:50,1955
2019-02-26 02:55,1947
2019-02-26 03:00,1936
2019-02-26 03:05,1923
2019-02-26 03:10,1911
2019-02-26 03:15,1902
2019-02-26 03:20,1904
2019-02-26 03:25,1868
2019-02-26 03:30,1862
2019-02-26 03:35,1865
2019-02-26 03:40,1831
2019-02-26 03:45,1801
2019-02-26 03:50,1785
2019-02-26 03:55,1757
2019-02-26 04:00,1716
2019-02-26 04:05,1692
2019-02-26 04:10,1668
2019-02-26 04:15,1679
2019-02-26 04:20,1671
2019-02-26 04:25,1653
2019-02-26 04:30,1627
2019-02-26 04:35,1614
2019-02-26 04:40,1597
2019-02-26 04:45,1584
2019-02-26 04:50,1568
2019-02-26 04:55,1554
2019-02-26 05:00,1541
2019-02-26 05:05,1503
2019-02-26 05:10,1505
2019-02-26 05:15,1483
2019-02-26 05:20,1479
2019-02-26 05:25,1450
2019-02-26 05:30,1446
2019-02-26 05:35,1452
2019-02-26 05:40,1439
2019-02-26 05:45,1425
2019-02-26 05:50,1420
2019-02-26 05:55,1411
2019-02-26 06:00,1382
2019-02-26 06:05,1369
2019-02-26 06:10,1371
2019-02-26 06:15,1365
2019-02-26 06:20,1358
2019-02-26 06:25,1347
2019-02-26 06:30,1345
2019-02-26 06:35,1353
2019-02-26 06:40,1344
2019-02-26 06:45,1345
2019-02-26 06:50,1342
2019-02-26 06:55,1343
2019-02-26 07:00,1336
2019-02-26 07:05,1319
2019-02-26 07:10,1305
2019-02-26 07:15,1318
2019-02-26 07:20,1316
2019-02-26 07:25,1303
2019-02-26 07:30,1305
2019-02-26 07:35,1313
2019-02-26 07:40,1317
2019-02-26 07:45,1298
2019-02-26 07:50,1302
2019-02-26 07:55,1316
2019-02-26 08:00,1330
2019-02-26 08:05,1325
2019-02-26 08:10,1310
2019-02-26 08:15,1305
2019-02-26 08:20,1305
2019-02-26 08:25,1307
2019-02-26 08:30,1313
2019-02-26 08:35,1326
2019-02-26 08:40,1332
2019-02-26 08:45,1350
2019-02-26 08:50,1362
2019-02-26 08:55,1372
2019-02-26 09:00,1370
2019-02-26 09:05,1363
2019-02-26 09:10,1381
2019-02-26 09:15,1401
2019-02-26 09:20,1425
2019-02-26 09:25,1421
2019-02-26 09:30,1421
2019-02-26 09:35,1438
2019-02-26 09:40,1439
2019-02-26 09:45,1431
2019-02-26 09:50,1431
2019-02-26 09:55,1449
2019-02-26 10:00,1468
2019-02-26 10:05,1509
2019-02-26 10:10,1522
2019-02-26 10:15,1547
2019-02-26 10:20,1555
2019-02-26 10:25,1570
2019-02-26 10:30,1596
2019-02-26 10:35,1617
2019-02-26 10:40,1619
2019-02-26 10:45,1630
2019-02-26 10:50,1663
2019-02-26 10:55,1662
2019-02-26 11:00,1675
2019-02-26 11:05,1680
2019-02-26 11:10,1693
2019-02-26 11:15,1694
2019-02-26 11:20,1705
2019-02-26 11:25,1697
2019-02-26 11:30,1701
2019-02-26 11:35,1703
2019-02-26 11:40,1712
2019-02-26 11:45,1720
2019-02-26 11:50,1729
2019-02-26 11:55,1753
2019-02-26 12:00,1749
2019-02-26 12:05,1761
2019-02-26 12:10,1787
2019-02-26 12:15,1810
2019-02-26 12:20,1840
2019-02-26 12:25,1847
2019-02-26 12:30,1853
2019-02-26 12:35,1849
2019-02-26 12:40,1865
2019-02-26 12:45,1882
2019-02-26 12:50,1878
2019-02-26 12:55,1891
2019-02-26 13:00,1877
2019-02-26 13:05,1901
2019-02-26 13:10,1934
2019-02-26 13:15,1940
2019-02-26 13:20,1938
2019-02-26 13:25,1947
2019-02-26 13:30,1952
2019-02-26 13:35,1977
2019-02-26 13:40,2004
2019-02-26 13:45,2038
2019-02-26 13:50,2050
2019-02-26 13:55,2045
2019-02-26 14:00,2046
2019-02-26 14:05,2051
2019-02-26 14:10,2057
2019-02-26 14:15,2055
2019-02-26 14:20,2067
2019-02-26 14:25,2088
2019-02-26 14:30,2109
2019-02-26 14:35,2135
2019-02-26 14:40,2143
2019-02-26 14:45,2147
2019-02-26 14:50,2160
2019-02-26 14:55,2174
2019-02-26 15:00,2185
2019-02-26 15:05,2187
2019-02-26 15:10,2188
2019-02-26 15:15,2201
2019-02-26 15:20,2221
2019-02-26 15:25,2240
2019-02-26 15:30,2248
2019-02-26 15:35,2273
2019-02-26 15:40,2300
2019-02-26 15:45,2304
2019-02-26 15:50,2350
2019-02-26 15:55,2340
2019-02-26 16:00,2348
2019-02-26 16:05,2393
2019-02-26 16:10,2404
2019-02-26 16:15,2422
2019-02-26 16:20,2441
2019-02-26 16:25,2454
2019-02-26 16:30,2509
2019-02-26 16:35,2543
2019-02-26 16:40,2564
2019-02-26 16:45,2556
2019-02-26 16:50,2595
2019-02-26 16:55,2622
2019-02-26 17:00,2645
2019-02-26 17:05,2668
2019-02-26 17:10,2716
2019-02-26 17:15,2753
2019-02-26 17:20,2776
2019-02-26 17:25,2795
2019-02-26 17:30,2808
2019-02-26 17:35,2812
2019-02-26 17:40,2833
2019-02-26 17:45,2866
2019-02-26 17:50,2845
2019-02-26 17:55,2840
2019-02-26 18:00,2872
2019-02-26 18:05,2875
2019-02-26 18:10,2880
2019-02-26 18:15,2934
2019-02-26 18:20,2944
2019-02-26 18:25,2957
2019-02-26 18:30,2979
2019-02-26 18:35,2998
2019-02-26 18:40,2997
2019-02-26 18:45,2984
2019-02-26 18:50,2984
2019-02-26 18:55,2988
2019-02-26 19:00,2990
2019-02-26 19:05,3005
2019-02-26 19:10,3008
2019-02-26 19:15,3003
2019-02-26 19:20,3046
2019-02-26 19:25,3017
2019-02-26 19:30,2999
2019-02-26 19:35,2997
2019-02-26 19:40,3021
2019-02-26 19:45,3047
2019-02-26 19:50,3045
2019-02-26 19:55,3035
2019-02-26 20:00,3028
2019-02-26 20:05,3005
2019-02-26 20:10,2972
2019-02-26 20:15,2986
2019-02-26 20:20,2972
2019-02-26 20:25,2935
2019-02-26 20:30,2856
2019-02-26 20:35,2834
2019-02-26 20:40,2836
2019-02-26 20:45,2813
2019-02-26 20:50,2815
2019-02-26 20:55,2772
2019-02-26 21:00,2752
2019-02-26 21:05,2729
2019-02-26 21:10,2695
2019-02-26 21:15,2713
2019-02-26 21:20,2724
2019-02-26 21:25,2700
2019-02-26 21:30,2687
2019-02-26 21:35,2682
2019-02-26 21:40,2660
2019-02-26 21:45,2635
2019-02-26 21:50,2608
2019-02-26 21:55,2594
2019-02-26 22:00,2577
2019-02-26 22:05,2535
2019-02-26 22:10,2542
2019-02-26 22:15,2524
2019-02-26 22:20,2503
2019-02-26 22:25,2468
2019-02-26 22:30,2437
2019-02-26 22:35,2405
2019-02-26 22:40,2398
2019-02-26 22:45,2372
2019-02-26 22:50,2361
2019-02-26 22:55,2335
2019-02-26 23:00,2327
2019-02-26 23:05,2278
2019-02-26 23:10,
2019-02-26 23:15,
2019-02-26 23:20,
2019-02-26 23:25,2195
2019-02-26 23:30,2151
2019-02-26 23:35,2146
2019-02-26 23:40,2113
2019-02-26 23:45,2104
2019-02-26 23:50,2096
2019-02-26 23:55,2095
2019-02-27 00:00,2069
2019-02-27 00:05,2035
2019-02-27 00:10,2033
2019-02-27 00:15,2039
2019-02-27 00:20,2039
2019-02-27 00:25,2043
2019-02-27 00:30,2040
2019-02-27 00:35,2046
2019-02-27 00:40,2036
2019-02-27 00:45,2021
2019-02-27 00:50,2029
2019-02-27 00:55,2029
2019-02-27 01:00,2023
2019-02-27 01:05,2037
2019-02-27 01:10,2041
2019-02-27 01:15,2030
2019-02-27 01:20,2028
2019-02-27 01:25,2023
2019-02-27 01:30,2003
2019-02-27 01:35,2010
2019-02-27 01:40,2018
2019-02-27 01:45,2012
2019-02-27 01:50,2016
2019-02-27 01:55,2006
2019-02-27 02:00,2024
2019-02-27 02:05,2001
2019-02-27 02:10,1974
2019-02-27 02:15,1981
2019-02-27 02:20,1969
2019-02-27 02:25,1962
2019-02-27 02:30,1975
2019-02-27 02:35,1963
2019-02-27 02:40,1966
2019-02-27 02:45,1954
2019-02-27 02:50,1940
2019-02-27 02:55,1919
2019-02-27 03:00,1914
2019-02-27 03:05,1903
2019-02-27 03:10,1872
2019-02-27 03:15,1858
2019-02-27 03:20,1829
2019-02-27 03:25,1827
2019-02-27 03:30,1832
2019-02-27 03:35,1820
2019-02-27 03:40,1798
2019-02-27 03:45,1787
2019-02-27 03:50,1761
2019-02-27 03:55,1751
2019-02-27 04:00,1736
2019-02-27 04:05,1697
2019-02-27 04:10,1682
2019-02-27 04:15,1659
2019-02-27 04:20,1654
2019-02-27 04:25,1630
2019-02-27 04:30,1592
2019-02-27 04:35,1568
2019-02-27 04:40,1540
2019-02-27 04:45,1516
2019-02-27 04:50,1496
2019-02-27 04:55,1493
2019-02-27 05:00,1479
2019-02-27 05:05,1459
2019-02-27 05:10,1438
2019-02-27 05:15,1420
2019-02-27 05:20,1417
2019-02-27 05:25,1413
2019-02-27 05:30,1402
2019-02-27 05:35,1396
2019-02-27 05:40,1382
2019-02-27 05:45,1377
2019-02-27 05:50,1357
2019-02-27 05:55,1357
2019-02-27 06:00,1342
2019-02-27 06:05,1312
2019-02-27 06:10,1298
2019-02-27 06:15,1294
2019-02-27 06:20,1262
2019-02-27 06:25,1261
2019-02-27 06:30,1266
2019-02-27 06:35,1272
2019-02-27 06:40,1263
2019-02-27 06:45,1259
2019-02-27 06:50,1257
2019-02-27 06:55,1246
2019-02-27 07:00,1230
2019-02-27 07:05,1219
2019-02-27 07:10,1240
2019-02-27 07:15,1251
2019-02-27 07:20,1257
2019-02-27 07:25,1268
2019-02-27 07:30,1259
2019-02-27 07:35,1267
2019-02-27 07:40,1260
2019-02-27 07:45,1268
2019-02-27 07:50,1243
2019-02-27 07:55,1251
2019-02-27 08:00,1267
2019-02-27 08:05,1264
2019-02-27 08:10,1275
2019-02-27 08:15,1271
2019-02-27 08:20,1281
2019-02-27 08:25,1314
2019-02-27 08:30,1327
2019-02-27 08:35,1334
2019-02-27 08:40,1358
2019-02-27 08:45,1367
2019-02-27 08:50,1396
2019-02-27 08:55,1407
2019-02-27 09:00,1404
2019-02-27 09:05,1412
2019-02-27 09:10,1423
2019-02-27 09:15,1433
2019-02-27 09:20,1436
2019-02-27 09:25,1430
2019-02-27 09:30,1436
2019-02-27 09:35,1445
2019-02-27 09:40,1464
2019-02-27 09:45,1475
2019-02-27 09:50,1475
2019-02-27 09:55,1481
2019-02-27 10:00,1512
2019-02-27 10:05,1546
2019-02-27 10:10,1554
2019-02-27 10:15,1555
2019-02-27 10:20,1578
2019-02-27 10:25,1573
2019-02-27 10:30,1598
2019-02-27 10:35,1587
2019-02-27 10:40,1596
2019-02-27 10:45,1593
2019-02-27 10:50,1615
2019-02-27 10:55,1620
2019-02-27 11:00,1631
2019-02-27 11:05,1652
2019-02-27 11:10,1652
2019-02-27 11:15,1652
2019-02-27 11:20,1654
2019-02-27 11:25,1665
2019-02-27 11:30,1687
2019-02-27 11:35,1687
2019-02-27 11:40,1694
2019-02-27 11:45,1714
2019-02-27 11:50,1709
2019-02-27 11:55,1741
2019-02-27 12:00,1740
2019-02-27 12:05,1720
2019-02-27 12:10,1752
2019-02-27 12:15,1752
2019-02-27 12:20,1783
2019-02-27 12:25,1782
2019-02-27 12:30,1777
2019-02-27 12:35,1777
2019-02-27 12:40,1811
2019-02-27 12:45,1846
2019-02-27 12:50,1838
2019-02-27 12:55,1849
2019-02-27 13:00,1865
2019-02-27 13:05,1885
2019-02-27 13:10,1878
2019-02-27 13:15,1886
2019-02-27 13:20,1912
2019-02-27 13:25,1931
2019-02-27 13:30,1990
2019-02-27 13:35,1989
2019-02-27 13:40,2007
2019-02-27 13:45,2003
2019-02-27 13:50,2013
2019-02-27 13:55,2035
2019-02-27 14:00,2045
2019-02-27 14:05,2045
2019-02-27 14:10,2087
2019-02-27 14:15,2087
2019-02-27 14:20,2084
2019-02-27 14:25,2127
2019-02-27 14:30,2129
2019-02-27 14:35,2143
2019-02-27 14:40,2157
2019-02-27 14:45,2150
2019-02-27 14:50,2154
2019-02-27 14:55,2177
2019-02-27 15:00,2175
2019-02-27 15:05,2175
2019-02-27 15:10,2202
2019-02-27 15:15,2202
2019-02-27 15:20,2223
2019-02-27 15:25,2233
2019-02-27 15:30,2221
2019-02-27 15:35,2221
2019-02-27 15:40,2273
2019-02-27 15:45,2273
2019-02-27 15:50,2348
2019-02-27 15:55,2365
2019-02-27 16:00,2407
2019-02-27 16:05,2407
2019-02-27 16:10,2453
2019-02-27 16:15,2453
2019-02-27 16:20,2455
2019-02-27 16:25,2490
2019-02-27 16:30,2531
2019-02-27 16:35,2531
2019-02-27 16:40,2597
2019-02-27 16:45,2597
2019-02-27 16:50,2614
2019-02-27 16:55,2638
2019-02-27 17:00,2649
2019-02-27 17:05,2649
2019-02-27 17:10,2688
2019-02-27 17:15,2699
2019-02-27 17:20,2737
2019-02-27 17:25,2772
2019-02-27 17:30,2773
2019-02-27 17:35,2789
2019-02-27 17:40,2816
2019-02-27 17:45,2816
2019-02-27 17:50,2855
2019-02-27 17:55,2846
2019-02-27 18:00,2841
2019-02-27 18:05,2846
2019-02-27 18:10,2807
2019-02-27 18:15,2807
2019-02-27 18:20,2787
2019-02-27 18:25,2793
2019-02-27 18:30,2814
2019-02-27 18:35,2824
2019-02-27 18:40,2824
2019-02-27 18:45,2835
2019-02-27 18:50,2864
2019-02-27 18:55,2845
2019-02-27 19:00,2845
2019-02-27 19:05,2825
2019-02-27 19:10,2853
2019-02-27 19:15,2859
2019-02-27 19:20,2887
2019-02-27 19:25,2914
2019-02-27 19:30,2894
2019-02-27 19:35,2870
2019-02-27 19:40,2911
2019-02-27 19:45,2946
2019-02-27 19:50,2953
2019-02-27 19:55,2960
2019-02-27 20:00,2979
2019-02-27 20:05,2979
2019-02-27 20:10,2973
2019-02-27 20:15,2946
2019-02-27 20:20,2902
2019-02-27 20:25,2889
2019-02-27 20:30,2908
2019-02-27 20:35,2877
2019-02-27 20:40,2862
2019-02-27 20:45,2846
2019-02-27 20:50,2835
2019-02-27 20:55,2776
2019-02-27 21:00,2776
2019-02-27 21:05,2749
2019-02-27 21:10,2732
2019-02-27 21:15,2697
2019-02-27 21:20,2636
2019-02-27 21:25,2622
2019-02-27 21:30,2599
2019-02-27 21:35,2594
2019-02-27 21:40,2530
2019-02-27 21:45,2530
2019-02-27 21:50,2510
2019-02-27 21:55,2480
2019-02-27 22:00,2482
2019-02-27 22:05,2437
2019-02-27 22:10,2419
2019-02-27 22:15,0
2019-02-27 22:20,2368
2019-02-27 22:25,2358
2019-02-27 22:30,2346
2019-02-27 22:35,2314
2019-02-27 22:40,2280
2019-02-27 22:45,2267
2019-02-27 22:50,2230
2019-02-27 22:55,2202
2019-02-27 23:00,2222
2019-02-27 23:05,2199
2019-02-27 23:10,2170
2019-02-27 23:15,2136
2019-02-27 23:20,2117
2019-02-27 23:25,2122
2019-02-27 23:30,2111
2019-02-27 23:35,2108
2019-02-27 23:40,2100
2019-02-27 23:45,2103
2019-02-27 23:50,2092
2019-02-27 23:55,2097
2019-02-28 00:00,2096
2019-02-28 00:05,2080
2019-02-28 00:10,2071
2019-02-28 00:15,2066
2019-02-28 00:20,2037
2019-02-28 00:25,2037
2019-02-28 00:30,2039
2019-02-28 00:35,2011
2019-02-28 00:40,2019
2019-02-28 00:45,2008
2019-02-28 00:50,2009
2019-02-28 00:55,2001
2019-02-28 01:00,1983
2019-02-28 01:05,1988
2019-02-28 01:10,1982
2019-02-28 01:15,1973
2019-02-28 01:20,1986
2019-02-28 01:25,1993
2019-02-28 01:30,1959
2019-02-28 01:35,1956
2019-02-28 01:40,1931
2019-02-28 01:45,1923
2019-02-28 01:50,1918
2019-02-28 01:55,1907
2019-02-28 02:00,1901
2019-02-28 02:05,1881
2019-02-28 02:10,1872
2019-02-28 02:15,1879
2019-02-28 02:20,1863
2019-02-28 02:25,1855
2019-02-28 02:30,1854
2019-02-28 02:35,1851
2019-02-28 02:40,1846
2019-02-28 02:45,1820
2019-02-28 02:50,1810
2019-02-28 02:55,1811
2019-02-28 03:00,1807
2019-02-28 03:05,1808
2019-02-28 03:10,1807
2019-02-28 03:15,1804
2019-02-28 03:20,1776
2019-02-28 03:25,1772
2019-02-28 03:30,1757
2019-02-28 03:35,1742
2019-02-28 03:40,1735
2019-02-28 03:45,1730
2019-02-28 03:50,1711
2019-02-28 03:55,1693
2019-02-28 04:00,1672
2019-02-28 04:05,1666
2019-02-28 04:10,1658
2019-02-28 04:15,1637
2019-02-28 04:20,1606
2019-02-28 04:25,1580
2019-02-28 04:30,1584
2019-02-28 04:35,1566
2019-02-28 04:40,1561
2019-02-28 04:45,1556
2019-02-28 04:50,1536
2019-02-28 04:55,1527
2019-02-28 05:00,1508
2019-02-28 05:05,1470
2019-02-28 05:10,1466
2019-02-28 05:15,1472
2019-02-28 05:20,1457
2019-02-28 05:25,1438
2019-02-28 05:30,1441
2019-02-28 05:35,1428
2019-02-28 05:40,1394
2019-02-28 05:45,1378
2019-02-28 05:50,1381
2019-02-28 05:55,1386
2019-02-28 06:00,1367
2019-02-28 06:05,1348
2019-02-28 06:10,1335
2019-02-28 06:15,1331
2019-02-28 06:20,1335
2019-02-28 06:25,1333
2019-02-28 06:30,1340
2019-02-28 06:35,1341
2019-02-28 06:40,1353
2019-02-28 06:45,1364
2019-02-28 06:50,1369
2019-02-28 06:55,1362
2019-02-28 07:00,1350
2019-02-28 07:05,1326
2019-02-28 07:10,1317
2019-02-28 07:15,1312
2019-02-28 07:20,1301
2019-02-28 07:25,1326
2019-02-28 07:30,1340
2019-02-28 07:35,1343
2019-02-28 07:40,1332
2019-02-28 07:45,1339
2019-02-28 07:50,1343
2019-02-28 07:55,1339
2019-02-28 08:00,1335
2019-02-28 08:05,1339
2019-02-28 08:10,1339
2019-02-28 08:15,1342
2019-02-28 08:20,1349
2019-02-28 08:25,1347
2019-02-28 08:30,1343
2019-02-28 08:35,1353
2019-02-28 08:40,1365
2019-02-28 08:45,1344
2019-02-28 08:50,1352
2019-02-28 08:55,1361
2019-02-28 09:00,1364
2019-02-28 09:05,1356
2019-02-28 09:10,1359
2019-02-28 09:15,1365
2019-02-28 09:20,1368
2019-02-28 09:25,1371
2019-02-28 09:30,1384
2019-02-28 09:35,1403
2019-02-28 09:40,1402
2019-02-28 09:45,1418
2019-02-28 09:50,1437
2019-02-28 09:55,1439
2019-02-28 10:00,1447
2019-02-28 10:05,1482
2019-02-28 10:10,1494
2019-02-28 10:15,1497
2019-02-28 10:20,1512
2019-02-28 10:25,1538
2019-02-28 10:30,1542
2019-02-28 10:35,1569
2019-02-28 10:40,1580
2019-02-28 10:45,1588
2019-02-28 10:50,1595
2019-02-28 10:55,1606
2019-02-28 11:00,1591
2019-02-28 11:05,1598
2019-02-28 11:10,1597
2019-02-28 11:15,1624
2019-02-28 11:20,1631
2019-02-28 11:25,1642
2019-02-28 11:30,1655
2019-02-28 11:35,1668
2019-02-28 11:40,1673
2019-02-28 11:45,1698
2019-02-28 11:50,1711
2019-02-28 11:55,1713
2019-02-28 12:00,1703
2019-02-28 12:05,1692
2019-02-28 12:10,1698
2019-02-28 12:15,1705
2019-02-28 12:20,1690
2019-02-28 12:25,1710
2019-02-28 12:30,1719
2019-02-28 12:35,1715
2019-02-28 12:40,1693
2019-02-28 12:45,1679
2019-02-28 12:50,1654
2019-02-28 12:55,1574
2019-02-28 13:00,1326
2019-02-28 13:05,792
2019-02-28 13:10,744
2019-02-28 13:15,716
2019-02-28 13:20,696
2019-02-28 13:25,659
2019-02-28 13:30,643
2019-02-28 13:35,645
2019-02-28 13:40,642
2019-02-28 13:45,636
2019-02-28 13:50,623
2019-02-28 13:55,614
2019-02-28 14:00,620
2019-02-28 14:05,616
2019-02-28 14:10,620
2019-02-28 14:15,623
2019-02-28 14:20,613
2019-02-28 14:25,616
2019-02-28 14:30,610
2019-02-28 14:35,610
2019-02-28 14:40,606
2019-02-28 14:45,609
2019-02-28 14:50,616
2019-02-28 14:55,648
2019-02-28 15:00,651
2019-02-28 15:05,653
2019-02-28 15:10,683
2019-02-28 15:15,704
2019-02-28 15:20,699
2019-02-28 15:25,708
2019-02-28 15:30,750
2019-02-28 15:35,753
2019-02-28 15:40,779
2019-02-28 15:45,805
2019-02-28 15:50,820
2019-02-28 15:55,822
2019-02-28 16:00,838
2019-02-28 16:05,857
2019-02-28 16:10,878
2019-02-28 16:15,890
2019-02-28 16:20,868
2019-02-28 16:25,909
2019-02-28 16:30,931
2019-02-28 16:35,975
2019-02-28 16:40,1123
2019-02-28 16:45,1228
2019-02-28 16:50,1305
2019-02-28 16:55,1388
2019-02-28 17:00,1498
2019-02-28 17:05,1579
2019-02-28 17:10,1684
2019-02-28 17:15,1773
2019-02-28 17:20,1881
2019-02-28 17:25,1963
2019-02-28 17:30,2062
2019-02-28 17:35,2140
2019-02-28 17:40,2202
2019-02-28 17:45,2308
2019-02-28 17:50,2382
2019-02-28 17:55,2444
2019-02-28 18:00,2506
2019-02-28 18:05,2535
2019-02-28 18:10,2567
2019-02-28 18:15,2617
2019-02-28 18:20,2662
2019-02-28 18:25,2708
2019-02-28 18:30,2730
2019-02-28 18:35,2753
2019-02-28 18:40,2785
2019-02-28 18:45,2827
2019-02-28 18:50,2879
2019-02-28 18:55,2925
2019-02-28 19:00,2937
2019-02-28 19:05,2972
2019-02-28 19:10,3017
2019-02-28 19:15,3065
2019-02-28 19:20,3120
2019-02-28 19:25,3141
2019-02-28 19:30,3188
2019-02-28 19:35,3171
2019-02-28 19:40,3165
2019-02-28 19:45,3177
2019-02-28 19:50,3190
2019-02-28 19:55,3174
2019-02-28 20:00,3203
2019-02-28 20:05,3206
2019-02-28 20:10,3199
2019-02-28 20:15,3197
2019-02-28 20:20,3175
2019-02-28 20:25,3198
2019-02-28 20:30,3163
2019-02-28 20:35,3143
2019-02-28 20:40,3124
2019-02-28 20:45,3090
2019-02-28 20:50,3070
2019-02-28 20:55,3065
2019-02-28 21:00,3054
2019-02-28 21:05,3011
2019-02-28 21:10,2981
2019-02-28 21:15,2964
2019-02-28 21:20,2949
2019-02-28 21:25,2893
2019-02-28 21:30,2855
2019-02-28 21:35,2794
2019-02-28 21:40,2769
2019-02-28 21:45,2758
2019-02-28 21:50,2745
2019-02-28 21:55,2741
2019-02-28 22:00,2710
2019-02-28 22:05,2696
2019-02-28 22:10,2663
2019-02-28 22:15,2674
2019-02-28 22:20,2641
2019-02-28 22:25,2658
2019-02-28 22:30,2610
2019-02-28 22:35,2594
2019-02-28 22:40,2562
2019-02-28 22:45,2512
2019-02-28 22:50,2492
2019-02-28 22:55,2490
2019-02-28 23:00,2468
2019-02-28 23:05,2440
2019-02-28 23:10,2405
2019-02-28 23:15,2391
2019-02-28 23:20,2381
2019-02-28 23:25,2370
2019-02-28 23:30,2352
2019-02-28 23:35,2351
2019-02-28 23:40,2296
2019-02-28 23:45,2280
2019-02-28 23:50,2270
2019-02-28 23:55,2270
2019-03-01 00:00,2270
2019-03-01 00:05,2268
2019-03-01 00:10,2229
2019-03-01 00:15,2222
2019-03-01 00:20,2213
2019-03-01 00:25,2222
2019-03-01 00:30,2205
2019-03-01 00:35,2217
2019-03-01 00:40,2184
2019-03-01 00:45,2177
2019-03-01 00:50,2192
2019-03-01 00:55,2191
2019-03-01 01:00,2168
2019-03-01 01:05,2136
2019-03-01 01:10,2133
2019-03-01 01:15,2148
2019-03-01 01:20,2156
2019-03-01 01:25,2119
2019-03-01 01:30,2112
2019-03-01 01:35,2143
2019-03-01 01:40,2142
2019-03-01 01:45,2124
2019-03-01 01:50,2098
2019-03-01 01:55,2093
2019-03-01 02:00,2066
2019-03-01 02:05,2065
2019-03-01 02:10,2052
2019-03-01 02:15,2055
2019-03-01 02:20,2058
2019-03-01 02:25,2042
2019-03-01 02:30,2033
2019-03-01 02:35,1997
2019-03-01 02:40,1992
2019-03-01 02:45,1973
2019-03-01 02:50,1960
2019-03-01 02:55,1942
2019-03-01 03:00,1948
2019-03-01 03:05,1927
2019-03-01 03:10,1908
2019-03-01 03:15,1893
2019-03-01 03:20,1882
2019-03-01 03:25,1887
2019-03-01 03:30,1883
2019-03-01 03:35,1858
2019-03-01 03:40,1859
2019-03-01 03:45,1848
2019-03-01 03:50,1830
2019-03-01 03:55,1814
2019-03-01 04:00,1803
2019-03-01 04:05,1785
2019-03-01 04:10,1752
2019-03-01 04:15,1749
2019-03-01 04:20,1725
2019-03-01 04:25,1707
2019-03-01 04:30,1683
2019-03-01 04:35,1666
2019-03-01 04:40,1656
2019-03-01 04:45,1637
2019-03-01 04:50,1632
2019-03-01 04:55,1617
2019-03-01 05:00,1587
2019-03-01 05:05,1585
2019-03-01 05:10,1572
2019-03-01 05:15,1557
2019-03-01 05:20,1555
2019-03-01 05:25,1548
2019-03-01 05:30,1553
2019-03-01 05:35,1544
2019-03-01 05:40,1520
2019-03-01 05:45,1497
2019-03-01 05:50,1498
2019-03-01 05:55,1468
2019-03-01 06:00,1462
2019-03-01 06:05,1454
2019-03-01 06:10,1444
2019-03-01 06:15,1450
2019-03-01 06:20,1448
2019-03-01 06:25,1436
2019-03-01 06:30,1425
2019-03-01 06:35,1431
2019-03-01 06:40,1442
2019-03-01 06:45,1456
2019-03-01 06:50,1452
2019-03-01 06:55,1450
2019-03-01 07:00,1447
2019-03-01 07:05,1440
2019-03-01 07:10,1430
2019-03-01 07:15,1418
2019-03-01 07:20,1405
2019-03-01 07:25,1410
2019-03-01 07:30,1404
2019-03-01 07:35,1402
2019-03-01 07:40,1398
2019-03-01 07:45,1419
2019-03-01 07:50,1447
2019-03-01 07:55,1461
2019-03-01 08:00,1467
2019-03-01 08:05,1454
2019-03-01 08:10,1450
2019-03-01 08:15,1458
2019-03-01 08:20,1478
2019-03-01 08:25,1483
2019-03-01 08:30,1483
2019-03-01 08:35,1480
2019-03-01 08:40,1489
2019-03-01 08:45,1460
2019-03-01 08:50,1433
2019-03-01 08:55,1447
2019-03-01 09:00,1448
2019-03-01 09:05,1467
2019-03-01 09:10,1469
2019-03-01 09:15,1484
2019-03-01 09:20,1509
2019-03-01 09:25,1506
2019-03-01 09:30,1504
2019-03-01 09:35,1514
2019-03-01 09:40,1551
2019-03-01 09:45,1559
2019-03-01 09:50,1558
2019-03-01 09:55,1549
2019-03-01 10:00,1588
2019-03-01 10:05,1620
2019-03-01 10:10,1656
2019-03-01 10:15,1674
2019-03-01 10:20,1692
2019-03-01 10:25,1706
2019-03-01 10:30,1721
2019-03-01 10:35,1722
2019-03-01 10:40,1722
2019-03-01 10:45,1711
2019-03-01 10:50,1714
2019-03-01 10:55,1743
2019-03-01 11:00,1767
2019-03-01 11:05,1783
2019-03-01 11:10,1786
2019-03-01 11:15,1813
2019-03-01 11:20,1795
2019-03-01 11:25,1810
2019-03-01 11:30,1818
2019-03-01 11:35,1831
2019-03-01 11:40,1865
2019-03-01 11:45,1882
2019-03-01 11:50,1882
2019-03-01 11:55,1893
2019-03-01 12:00,1909
2019-03-01 12:05,1925
2019-03-01 12:10,1914
2019-03-01 12:15,1932
2019-03-01 12:20,1933
2019-03-01 12:25,1953
2019-03-01 12:30,1984
2019-03-01 12:35,1968
2019-03-01 12:40,1995
2019-03-01 12:45,2003
2019-03-01 12:50,2021
2019-03-01 12:55,2034
2019-03-01 13:00,2021
2019-03-01 13:05,2026
2019-03-01 13:10,2049
2019-03-01 13:15,2060
2019-03-01 13:20,2085
2019-03-01 13:25,2085
2019-03-01 13:30,2106
2019-03-01 13:35,2121
2019-03-01 13:40,2118
2019-03-01 13:45,2114
2019-03-01 13:50,2150
2019-03-01 13:55,2169
2019-03-01 14:00,2189
2019-03-01 14:05,2210
2019-03-01 14:10,2197
2019-03-01 14:15,2221
2019-03-01 14:20,2230
2019-03-01 14:25,2222
2019-03-01 14:30,2265
2019-03-01 14:35,2296
2019-03-01 14:40,2303
2019-03-01 14:45,2315
2019-03-01 14:50,2323
2019-03-01 14:55,2356
2019-03-01 15:00,2355
2019-03-01 15:05,2356
2019-03-01 15:10,2349
2019-03-01 15:15,2392
2019-03-01 15:20,2437
2019-03-01 15:25,2416
2019-03-01 15:30,2444
2019-03-01 15:35,2475
2019-03-01 15:40,2470
2019-03-01 15:45,2482
2019-03-01 15:50,2526
2019-03-01 15:55,2550
2019-03-01 16:00,2549
2019-03-01 16:05,2533
2019-03-01 16:10,2539
2019-03-01 16:15,2555
2019-03-01 16:20,2577
2019-03-01 16:25,2589
2019-03-01 16:30,2633
2019-03-01 16:35,2642
2019-03-01 16:40,2684
2019-03-01 16:45,2681
2019-03-01 16:50,2690
2019-03-01 16:55,2692
2019-03-01 17:00,2725
2019-03-01 17:05,2741
2019-03-01 17:10,2738
2019-03-01 17:15,2745
2019-03-01 17:20,2781
2019-03-01 17:25,2803
2019-03-01 17:30,2832
2019-03-01 17:35,2876
2019-03-01 17:40,2902
2019-03-01 17:45,2893
2019-03-01 17:50,2919
2019-03-01 17:55,2960
2019-03-01 18:00,2932
2019-03-01 18:05,2946
2019-03-01 18:10,2928
2019-03-01 18:15,2943
2019-03-01 18:20,2947
2019-03-01 18:25,2990
2019-03-01 18:30,3012
2019-03-01 18:35,3047
2019-03-01 18:40,3055
2019-03-01 18:45,3088
2019-03-01 18:50,3121
2019-03-01 18:55,3138
2019-03-01 19:00,3149
2019-03-01 19:05,3151
2019-03-01 19:10,3140
2019-03-01 19:15,3168
2019-03-01 19:20,3167
2019-03-01 19:25,3196
2019-03-01 19:30,3201
2019-03-01 19:35,3202
2019-03-01 19:40,3215
2019-03-01 19:45,3216
2019-03-01 19:50,3222
2019-03-01 19:55,3214
2019-03-01 20:00,3221
2019-03-01 20:05,3218
2019-03-01 20:10,3218
2019-03-01 20:15,3225
2019-03-01 20:20,3230
2019-03-01 20:25,3242
2019-03-01 20:30,3227
2019-03-01 20:35,3216
2019-03-01 20:40,3218
2019-03-01 20:45,3204
2019-03-01 20:50,3211
2019-03-01 20:55,3220
2019-03-01 21:00,3206
2019-03-01 21:05,3201
2019-03-01 21:10,3220
2019-03-01 21:15,3218
2019-03-01 21:20,3195
2019-03-01 21:25,3193
2019-03-01 21:30,3188
2019-03-01 21:35,3175
2019-03-01 21:40,3122
2019-03-01 21:45,3069
2019-03-01 21:50,3058
2019-03-01 21:55,3062
2019-03-01 22:00,3039
2019-03-01 22:05,3019
2019-03-01 22:10,3017
2019-03-01 22:15,3003
2019-03-01 22:20,2999
2019-03-01 22:25,2994
2019-03-01 22:30,2998
2019-03-01 22:35,2988
2019-03-01 22:40,2946
2019-03-01 22:45,2925
2019-03-01 22:50,2928
2019-03-01 22:55,2906
2019-03-01 23:00,2875
2019-03-01 23:05,2844
2019-03-01 23:10,2829
2019-03-01 23:15,2790
2019-03-01 23:20,2772
2019-03-01 23:25,2725
2019-03-01 23:30,2694
2019-03-01 23:35,2653
2019-03-01 23:40,2636
2019-03-01 23:45,2625
2019-03-01 23:50,2588
2019-03-01 23:55,2568
2019-03-02 00:00,2543
2019-03-02 00:05,2537
2019-03-02 00:10,2514
2019-03-02 00:15,2498
2019-03-02 00:20,2491
2019-03-02 00:25,2466
2019-03-02 00:30,2441
2019-03-02 00:35,2437
2019-03-02 00:40,2427
2019-03-02 00:45,2418
2019-03-02 00:50,2402
2019-03-02 00:55,2400
2019-03-02 01:00,2384
2019-03-02 01:05,2386
2019-03-02 01:10,2396
2019-03-02 01:15,2421
2019-03-02 01:20,2406
2019-03-02 01:25,2372
2019-03-02 01:30,2367
2019-03-02 01:35,2362
2019-03-02 01:40,2373
2019-03-02 01:45,2344
2019-03-02 01:50,2343
2019-03-02 01:55,2336
2019-03-02 02:00,2314
2019-03-02 02:05,2299
2019-03-02 02:10,2287
2019-03-02 02:15,2279
2019-03-02 02:20,2260
2019-03-02 02:25,2243
2019-03-02 02:30,2226
2019-03-02 02:35,2209
2019-03-02 02:40,2191
2019-03-02 02:45,2203
2019-03-02 02:50,2183
2019-03-02 02:55,2174
2019-03-02 03:00,2178
2019-03-02 03:05,2178
2019-03-02 03:10,2148
2019-03-02 03:15,2156
2019-03-02 03:20,2138
2019-03-02 03:25,2133
2019-03-02 03:30,2112
2019-03-02 03:35,2084
2019-03-02 03:40,2088
2019-03-02 03:45,2082
2019-03-02 03:50,2063
2019-03-02 03:55,2053
2019-03-02 04:00,2060
2019-03-02 04:05,2044
2019-03-02 04:10,2016
2019-03-02 04:15,2021
2019-03-02 04:20,2013
2019-03-02 04:25,2009
2019-03-02 04:30,2013
2019-03-02 04:35,2015
2019-03-02 04:40,2009
2019-03-02 04:45,1990
2019-03-02 04:50,1991
2019-03-02 04:55,1991
2019-03-02 05:00,1974
2019-03-02 05:05,1964
2019-03-02 05:10,1970
2019-03-02 05:15,1952
2019-03-02 05:20,1943
2019-03-02 05:25,1916
2019-03-02 05:30,1902
2019-03-02 05:35,1896
2019-03-02 05:40,1902
2019-03-02 05:45,1906
2019-03-02 05:50,1924
2019-03-02 05:55,1918
2019-03-02 06:00,1926
2019-03-02 06:05,1931
2019-03-02 06:10,1907
2019-03-02 06:15,1895
2019-03-02 06:20,1882
2019-03-02 06:25,1876
2019-03-02 06:30,1894
2019-03-02 06:35,1883
2019-03-02 06:40,1878
2019-03-02 06:45,1867
2019-03-02 06:50,1876
2019-03-02 06:55,1861
2019-03-02 07:00,1879
2019-03-02 07:05,1867
2019-03-02 07:10,1877
2019-03-02 07:15,1875
2019-03-02 07:20,1880
2019-03-02 07:25,1881
2019-03-02 07:30,1909
2019-03-02 07:35,1911
2019-03-02 07:40,1940
2019-03-02 07:45,1915
2019-03-02 07:50,1938
2019-03-02 07:55,1943
2019-03-02 08:00,1932
2019-03-02 08:05,1935
2019-03-02 08:10,1967
2019-03-02 08:15,1974
2019-03-02 08:20,1974
2019-03-02 08:25,2003
2019-03-02 08:30,2013
2019-03-02 08:35,2024
2019-03-02 08:40,2036
2019-03-02 08:45,2043
2019-03-02 08:50,2053
2019-03-02 08:55,2071
2019-03-02 09:00,2067
2019-03-02 09:05,2101
2019-03-02 09:10,2117
2019-03-02 09:15,2130
2019-03-02 09:20,2142
2019-03-02 09:25,2152
2019-03-02 09:30,2177
2019-03-02 09:35,2211
2019-03-02 09:40,2199
2019-03-02 09:45,2215
2019-03-02 09:50,2233
2019-03-02 09:55,2255
2019-03-02 10:00,2287
2019-03-02 10:05,2329
2019-03-02 10:10,2350
2019-03-02 10:15,2361
2019-03-02 10:20,2382
2019-03-02 10:25,2398
2019-03-02 10:30,2432
2019-03-02 10:35,2433
2019-03-02 10:40,2464
2019-03-02 10:45,2494
2019-03-02 10:50,2510
2019-03-02 10:55,2517
2019-03-02 11:00,2513
2019-03-02 11:05,2527
2019-03-02 11:10,2543
2019-03-02 11:15,2545
2019-03-02 11:20,2568
2019-03-02 11:25,2551
2019-03-02 11:30,2570
2019-03-02 11:35,2589
2019-03-02 11:40,2617
2019-03-02 11:45,2628
2019-03-02 11:50,2629
2019-03-02 11:55,2637
2019-03-02 12:00,2646
2019-03-02 12:05,2655
2019-03-02 12:10,2660
2019-03-02 12:15,2681
2019-03-02 12:20,2693
2019-03-02 12:25,2674
2019-03-02 12:30,2677
2019-03-02 12:35,2697
2019-03-02 12:40,2714
2019-03-02 12:45,2741
2019-03-02 12:50,2736
2019-03-02 12:55,2734
2019-03-02 13:00,2745
2019-03-02 13:05,2752
2019-03-02 13:10,2766
2019-03-02 13:15,2788
2019-03-02 13:20,2802
2019-03-02 13:25,2838
2019-03-02 13:30,2855
2019-03-02 13:35,2854
2019-03-02 13:40,2898
2019-03-02 13:45,2936
2019-03-02 13:50,2951
2019-03-02 13:55,2967
2019-03-02 14:00,2989
2019-03-02 14:05,2985
2019-03-02 14:10,3000
2019-03-02 14:15,2998
2019-03-02 14:20,3035
2019-03-02 14:25,3050
2019-03-02 14:30,3057
2019-03-02 14:35,3078
2019-03-02 14:40,3117
2019-03-02 14:45,3147
2019-03-02 14:50,3166
2019-03-02 14:55,3190
2019-03-02 15:00,3192
2019-03-02 15:05,3173
2019-03-02 15:10,3175
2019-03-02 15:15,3180
2019-03-02 15:20,3206
2019-03-02 15:25,3229
2019-03-02 15:30,3224
2019-03-02 15:35,3230
2019-03-02 15:40,3259
2019-03-02 15:45,3250
2019-03-02 15:50,3263
2019-03-02 15:55,3249
2019-03-02 16:00,3263
2019-03-02 16:05,3276
2019-03-02 16:10,3301
2019-03-02 16:15,3314
2019-03-02 16:20,3354
2019-03-02 16:25,3362
2019-03-02 16:30,3367
2019-03-02 16:35,3392
2019-03-02 16:40,3396
2019-03-02 16:45,3371
2019-03-02 16:50,3401
2019-03-02 16:55,3382
2019-03-02 17:00,3413
2019-03-02 17:05,3432
2019-03-02 17:10,3464
2019-03-02 17:15,3465
2019-03-02 17:20,3488
2019-03-02 17:25,3494
2019-03-02 17:30,3504
2019-03-02 17:35,3500
2019-03-02 17:40,3521
2019-03-02 17:45,3496
2019-03-02 17:50,3481
2019-03-02 17:55,3475
2019-03-02 18:00,3489
2019-03-02 18:05,3503
2019-03-02 18:10,3490
2019-03-02 18:15,3502
2019-03-02 18:20,3524
2019-03-02 18:25,3536
2019-03-02 18:30,3524
2019-03-02 18:35,3507
2019-03-02 18:40,3527
2019-03-02 18:45,3555
2019-03-02 18:50,3561
2019-03-02 18:55,3551
2019-03-02 19:00,3546
2019-03-02 19:05,3569
2019-03-02 19:10,3558
2019-03-02 19:15,3586
2019-03-02 19:20,3584
2019-03-02 19:25,3593
2019-03-02 19:30,3605
2019-03-02 19:35,3613
2019-03-02 19:40,3604
2019-03-02 19:45,3602
2019-03-02 19:50,3624
2019-03-02 19:55,3630
2019-03-02 20:00,3656
2019-03-02 20:05,3649
2019-03-02 20:10,3642
2019-03-02 20:15,3633
2019-03-02 20:20,3608
2019-03-02 20:25,3596
2019-03-02 20:30,3591
2019-03-02 20:35,3588
2019-03-02 20:40,3573
2019-03-02 20:45,3584
2019-03-02 20:50,3573
2019-03-02 20:55,3598
2019-03-02 21:00,3589
2019-03-02 21:05,3552
2019-03-02 21:10,3536
2019-03-02 21:15,3525
2019-03-02 21:20,3532
2019-03-02 21:25,3493
2019-03-02 21:30,3495
2019-03-02 21:35,3484
2019-03-02 21:40,3461
2019-03-02 21:45,3469
2019-03-02 21:50,3448
2019-03-02 21:55,3453
2019-03-02 22:00,3441
2019-03-02 22:05,3418
2019-03-02 22:10,3379
2019-03-02 22:15,3375
2019-03-02 22:20,3341
2019-03-02 22:25,3355
2019-03-02 22:30,3317
2019-03-02 22:35,3280
2019-03-02 22:40,3264
2019-03-02 22:45,3237
2019-03-02 22:50,3196
2019-03-02 22:55,3145
2019-03-02 23:00,3111
2019-03-02 23:05,3089
2019-03-02 23:10,3028
2019-03-02 23:15,3016
2019-03-02 23:20,2993
2019-03-02 23:25,2955
2019-03-02 23:30,2968
2019-03-02 23:35,2950
2019-03-02 23:40,2954
2019-03-02 23:45,2940
2019-03-02 23:50,2931
2019-03-02 23:55,2891
2019-03-03 00:00,2865
2019-03-03 00:05,2813
2019-03-03 00:10,2754
2019-03-03 00:15,2731
2019-03-03 00:20,2707
2019-03-03 00:25,2661
2019-03-03 00:30,2617
2019-03-03 00:35,2627
2019-03-03 00:40,2622
2019-03-03 00:45,2601
2019-03-03 00:50,2597
2019-03-03 00:55,2590
2019-03-03 01:00,2574
2019-03-03 01:05,2575
2019-03-03 01:10,2572
2019-03-03 01:15,2550
2019-03-03 01:20,2553
2019-03-03 01:25,2535
2019-03-03 01:30,2541
2019-03-03 01:35,2540
2019-03-03 01:40,2529
2019-03-03 01:45,2502
2019-03-03 01:50,2508
2019-03-03 01:55,2498
2019-03-03 02:00,2479
2019-03-03 02:05,2469
2019-03-03 02:10,2464
2019-03-03 02:15,2452
2019-03-03 02:20,2446
2019-03-03 02:25,2445
2019-03-03 02:30,2416
2019-03-03 02:35,2393
2019-03-03 02:40,2406
2019-03-03 02:45,2408
2019-03-03 02:50,2360
2019-03-03 02:55,2358
2019-03-03 03:00,2358
2019-03-03 03:05,2354
2019-03-03 03:10,2322
2019-03-03 03:15,2312
2019-03-03 03:20,2283
2019-03-03 03:25,2267
2019-03-03 03:30,2264
2019-03-03 03:35,2250
2019-03-03 03:40,2220
2019-03-03 03:45,2219
2019-03-03 03:50,2221
2019-03-03 03:55,2219
2019-03-03 04:00,2196
2019-03-03 04:05,2195
2019-03-03 04:10,2207
2019-03-03 04:15,2190
2019-03-03 04:20,2175
2019-03-03 04:25,2179
2019-03-03 04:30,2169
2019-03-03 04:35,2162
2019-03-03 04:40,2161
2019-03-03 04:45,2130
2019-03-03 04:50,2108
2019-03-03 04:55,
2019-03-03 05:00,
2019-03-03 05:05,
2019-03-03 05:10,2041
2019-03-03 05:15,2037
2019-03-03 05:20,2015
2019-03-03 05:25,2003
2019-03-03 05:30,1982
2019-03-03 05:35,1966
2019-03-03 05:40,1971
2019-03-03 05:45,1956
2019-03-03 05:50,1938
2019-03-03 05:55,1940
2019-03-03 06:00,1930
2019-03-03 06:05,1916
2019-03-03 06:10,1919
2019-03-03 06:15,1910
2019-03-03 06:20,1898
2019-03-03 06:25,1900
2019-03-03 06:30,1918
2019-03-03 06:35,1907
2019-03-03 06:40,1897
2019-03-03 06:45,1891
2019-03-03 06:50,1896
2019-03-03 06:55,1889
2019-03-03 07:00,1887
2019-03-03 07:05,1895
2019-03-03 07:10,1903
2019-03-03 07:15,1905
2019-03-03 07:20,1921
2019-03-03 07:25,1939
2019-03-03 07:30,1971
2019-03-03 07:35,1998
2019-03-03 07:40,2001
2019-03-03 07:45,2008
2019-03-03 07:50,2004
2019-03-03 07:55,1999
2019-03-03 08:00,2020
2019-03-03 08:05,2018
2019-03-03 08:10,2028
2019-03-03 08:15,2040
2019-03-03 08:20,2042
2019-03-03 08:25,2036
2019-03-03 08:30,2038
2019-03-03 08:35,2075
2019-03-03 08:40,2096
2019-03-03 08:45,2106
2019-03-03 08:50,2117
2019-03-03 08:55,2138
2019-03-03 09:00,2162
2019-03-03 09:05,2131
2019-03-03 09:10,2152
2019-03-03 09:15,2160
2019-03-03 09:20,2189
2019-03-03 09:25,2205
2019-03-03 09:30,2252
2019-03-03 09:35,2275
2019-03-03 09:40,2281
2019-03-03 09:45,2297
2019-03-03 09:50,2328
2019-03-03 09:55,2341
2019-03-03 10:00,2358
2019-03-03 10:05,2392
2019-03-03 10:10,2425
2019-03-03 10:15,2472
2019-03-03 10:20,2487
2019-03-03 10:25,2505
2019-03-03 10:30,2523
2019-03-03 10:35,2562
2019-03-03 10:40,2586
2019-03-03 10:45,2607
2019-03-03 10:50,2615
2019-03-03 10:55,2623
2019-03-03 11:00,2648
2019-03-03 11:05,2686
2019-03-03 11:10,2674
2019-03-03 11:15,2686
2019-03-03 11:20,2702
2019-03-03 11:25,2702
2019-03-03 11:30,2731
2019-03-03 11:35,2744
2019-03-03 11:40,2763
2019-03-03 11:45,2759
2019-03-03 11:50,2764
2019-03-03 11:55,2764
2019-03-03 12:00,2779
2019-03-03 12:05,2784
2019-03-03 12:10,2771
2019-03-03 12:15,2799
2019-03-03 12:20,2803
2019-03-03 12:25,2803
2019-03-03 12:30,2824
2019-03-03 12:35,2809
2019-03-03 12:40,2824
2019-03-03 12:45,2837
2019-03-03 12:50,2890
2019-03-03 12:55,2897
2019-03-03 13:00,2928
2019-03-03 13:05,2961
2019-03-03 13:10,2957
2019-03-03 13:15,2993
2019-03-03 13:20,2990
2019-03-03 13:25,3020
2019-03-03 13:30,3043
2019-03-03 13:35,3073
2019-03-03 13:40,3088
2019-03-03 13:45,3092
2019-03-03 13:50,3068
2019-03-03 13:55,3105
2019-03-03 14:00,3123
2019-03-03 14:05,3135
2019-03-03 14:10,3136
2019-03-03 14:15,3142
2019-03-03 14:20,3150
2019-03-03 14:25,3205
2019-03-03 14:30,3215
2019-03-03 14:35,3197
2019-03-03 14:40,3190
2019-03-03 14:45,3203
2019-03-03 14:50,3204
2019-03-03 14:55,3230
2019-03-03 15:00,3236
2019-03-03 15:05,3244
2019-03-03 15:10,3262
2019-03-03 15:15,3295
2019-03-03 15:20,3277
2019-03-03 15:25,3328
2019-03-03 15:30,3356
2019-03-03 15:35,3372
2019-03-03 15:40,3414
2019-03-03 15:45,3430
2019-03-03 15:50,3454
2019-03-03 15:55,3477
2019-03-03 16:00,3473
2019-03-03 16:05,3512
2019-03-03 16:10,3519
2019-03-03 16:15,3546
2019-03-03 16:20,3557
2019-03-03 16:25,3595
2019-03-03 16:30,3614
2019-03-03 16:35,3639
2019-03-03 16:40,3655
2019-03-03 16:45,3656
2019-03-03 16:50,3642
2019-03-03 16:55,3664
2019-03-03 17:00,3668
2019-03-03 17:05,3669
2019-03-03 17:10,3689
2019-03-03 17:15,3713
2019-03-03 17:20,3736
2019-03-03 17:25,3767
2019-03-03 17:30,3758
2019-03-03 17:35,3763
2019-03-03 17:40,3789
2019-03-03 17:45,3779
2019-03-03 17:50,3720
2019-03-03 17:55,3714
2019-03-03 18:00,3725
2019-03-03 18:05,3703
2019-03-03 18:10,3732
2019-03-03 18:15,3741
2019-03-03 18:20,3764
2019-03-03 18:25,3775
2019-03-03 18:30,3781
2019-03-03 18:35,3790
2019-03-03 18:40,3768
2019-03-03 18:45,3775
2019-03-03 18:50,3829
2019-03-03 18:55,3851
2019-03-03 19:00,3863
2019-03-03 19:05,3865
2019-03-03 19:10,3830
2019-03-03 19:15,3821
2019-03-03 19:20,3816
2019-03-03 19:25,3801
2019-03-03 19:30,3806
2019-03-03 19:35,3746
2019-03-03 19:40,3736
2019-03-03 19:45,3769
2019-03-03 19:50,3767
2019-03-03 19:55,3745
2019-03-03 20:00,3751
2019-03-03 20:05,3762
2019-03-03 20:10,3729
2019-03-03 20:15,3744
2019-03-03 20:20,3754
2019-03-03 20:25,3766
2019-03-03 20:30,3725
2019-03-03 20:35,3700
2019-03-03 20:40,3680
2019-03-03 20:45,3642
2019-03-03 20:50,3595
2019-03-03 20:55,3583
2019-03-03 21:00,3590
2019-03-03 21:05,3531
2019-03-03 21:10,3501
2019-03-03 21:15,3474
2019-03-03 21:20,3432
2019-03-03 21:25,3409
2019-03-03 21:30,3403
2019-03-03 21:35,3374
2019-03-03 21:40,3355
2019-03-03 21:45,3362
2019-03-03 21:50,3358
2019-03-03 21:55,3340
2019-03-03 22:00,3302
2019-03-03 22:05,3278
2019-03-03 22:10,3235
2019-03-03 22:15,3234
2019-03-03 22:20,3208
2019-03-03 22:25,3164
2019-03-03 22:30,3160
2019-03-03 22:35,3125
2019-03-03 22:40,3114
2019-03-03 22:45,3096
2019-03-03 22:50,3042
2019-03-03 22:55,3005
2019-03-03 23:00,2963
2019-03-03 23:05,2915
2019-03-03 23:10,2903
2019-03-03 23:15,2865
2019-03-03 23:20,2868
2019-03-03 23:25,2834
2019-03-03 23:30,2835
2019-03-03 23:35,2811
2019-03-03 23:40,2767
2019-03-03 23:45,2761
2019-03-03 23:50,2754
2019-03-03 23:55,2724
2019-03-04 00:00,2690
2019-03-04 00:05,2678
2019-03-04 00:10,2653
2019-03-04 00:15,2630
2019-03-04 00:20,2637
2019-03-04 00:25,2610
2019-03-04 00:30,2569
2019-03-04 00:35,2562
2019-03-04 00:40,2548
2019-03-04 00:45,2521
2019-03-04 00:50,2522
2019-03-04 00:55,2501
2019-03-04 01:00,2477
2019-03-04 01:05,2475
2019-03-04 01:10,2482
2019-03-04 01:15,2462
2019-03-04 01:20,2442
2019-03-04 01:25,2421
2019-03-04 01:30,2407
2019-03-04 01:35,2407
2019-03-04 01:40,2403
2019-03-04 01:45,2400
2019-03-04 01:50,2397
2019-03-04 01:55,2391
2019-03-04 02:00,2389
2019-03-04 02:05,2382
2019-03-04 02:10,2362
2019-03-04 02:15,2338
2019-03-04 02:20,2331
2019-03-04 02:25,2324
2019-03-04 02:30,2305
2019-03-04 02:35,2282
2019-03-04 02:40,2251
2019-03-04 02:45,2249
2019-03-04 02:50,2232
2019-03-04 02:55,2231
2019-03-04 03:00,2222
2019-03-04 03:05,2192
2019-03-04 03:10,2183
2019-03-04 03:15,2151
2019-03-04 03:20,2127
2019-03-04 03:25,2116
2019-03-04 03:30,2110
2019-03-04 03:35,2101
2019-03-04 03:40,2079
2019-03-04 03:45,2053
2019-03-04 03:50,2030
2019-03-04 03:55,2012
2019-03-04 04:00,1999
2019-03-04 04:05,1992
2019-03-04 04:10,1957
2019-03-04 04:15,1940
2019-03-04 04:20,1908
2019-03-04 04:25,1885
2019-03-04 04:30,1857
2019-03-04 04:35,1826
2019-03-04 04:40,1805
2019-03-04 04:45,1788
2019-03-04 04:50,1774
2019-03-04 04:55,1767
2019-03-04 05:00,1760
2019-03-04 05:05,1738
2019-03-04 05:10,1713
2019-03-04 05:15,1696
2019-03-04 05:20,1687
2019-03-04 05:25,1642
2019-03-04 05:30,1615
2019-03-04 05:35,1599
2019-03-04 05:40,1581
2019-03-04 05:45,1583
2019-03-04 05:50,1567
2019-03-04 05:55,1579
2019-03-04 06:00,1561
2019-03-04 06:05,1552
2019-03-04 06:10,1539
2019-03-04 06:15,1520
2019-03-04 06:20,1491
2019-03-04 06:25,1511
2019-03-04 06:30,1507
2019-03-04 06:35,1504
2019-03-04 06:40,1483
2019-03-04 06:45,1479
2019-03-04 06:50,1491
2019-03-04 06:55,1481
2019-03-04 07:00,1493
2019-03-04 07:05,1495
2019-03-04 07:10,1480
2019-03-04 07:15,1455
2019-03-04 07:20,1467
2019-03-04 07:25,1461
2019-03-04 07:30,1449
2019-03-04 07:35,1439
2019-03-04 07:40,1443
2019-03-04 07:45,1444
2019-03-04 07:50,1430
2019-03-04 07:55,1448
2019-03-04 08:00,1435
2019-03-04 08:05,1415
2019-03-04 08:10,1413
2019-03-04 08:15,1424
2019-03-04 08:20,1443
2019-03-04 08:25,1441
2019-03-04 08:30,1449
2019-03-04 08:35,1443
2019-03-04 08:40,1442
2019-03-04 08:45,1422
2019-03-04 08:50,1428
2019-03-04 08:55,1459
2019-03-04 09:00,1449
2019-03-04 09:05,1450
2019-03-04 09:10,1467
2019-03-04 09:15,1478
2019-03-04 09:20,1501
2019-03-04 09:25,1499
2019-03-04 09:30,1503
2019-03-04 09:35,1501
2019-03-04 09:40,1503
2019-03-04 09:45,1511
2019-03-04 09:50,1528
2019-03-04 09:55,1554
2019-03-04 10:00,1578
2019-03-04 10:05,1600
2019-03-04 10:10,1618
2019-03-04 10:15,1642
2019-03-04 10:20,1666
2019-03-04 10:25,1686
2019-03-04 10:30,1720
2019-03-04 10:35,1718
2019-03-04 10:40,1747
2019-03-04 10:45,1768
2019-03-04 10:50,1787
2019-03-04 10:55,1784
2019-03-04 11:00,1798
2019-03-04 11:05,1816
2019-03-04 11:10,1827
2019-03-04 11:15,1838
2019-03-04 11:20,1841
2019-03-04 11:25,1867
2019-03-04 11:30,1888
2019-03-04 11:35,1887
2019-03-04 11:40,1871
2019-03-04 11:45,1892
2019-03-04 11:50,1915
2019-03-04 11:55,1930
2019-03-04 12:00,1931
2019-03-04 12:05,1931
2019-03-04 12:10,1946
2019-03-04 12:15,1981
2019-03-04 12:20,1995
2019-03-04 12:25,2015
2019-03-04 12:30,2036
2019-03-04 12:35,2026
2019-03-04 12:40,2041
2019-03-04 12:45,2048
2019-03-04 12:50,2072
2019-03-04 12:55,2085
2019-03-04 13:00,2112
2019-03-04 13:05,2117
2019-03-04 13:10,2157
2019-03-04 13:15,2179
2019-03-04 13:20,2202
2019-03-04 13:25,2208
2019-03-04 13:30,2245
2019-03-04 13:35,2270
2019-03-04 13:40,2302
2019-03-04 13:45,2323
2019-03-04 13:50,2335
2019-03-04 13:55,2326
2019-03-04 14:00,2340
2019-03-04 14:05,2355
2019-03-04 14:10,2346
2019-03-04 14:15,2336
2019-03-04 14:20,2380
2019-03-04 14:25,2387
2019-03-04 14:30,2429
2019-03-04 14:35,2423
2019-03-04 14:40,2451
2019-03-04 14:45,2455
2019-03-04 14:50,2482
2019-03-04 14:55,2495
2019-03-04 15:00,2555
2019-03-04 15:05,2559
2019-03-04 15:10,2544
2019-03-04 15:15,2556
2019-03-04 15:20,2564
2019-03-04 15:25,2581
2019-03-04 15:30,2579
2019-03-04 15:35,2573
2019-03-04 15:40,2596
2019-03-04 15:45,2631
2019-03-04 15:50,2668
2019-03-04 15:55,2677
2019-03-04 16:00,2718
2019-03-04 16:05,2752
2019-03-04 16:10,2803
2019-03-04 16:15,2817
2019-03-04 16:20,2842
2019-03-04 16:25,2852
2019-03-04 16:30,2884
2019-03-04 16:35,2889
2019-03-04 16:40,2934
2019-03-04 16:45,2971
2019-03-04 16:50,2991
2019-03-04 16:55,3010
2019-03-04 17:00,3016
2019-03-04 17:05,3022
2019-03-04 17:10,3077
2019-03-04 17:15,3080
2019-03-04 17:20,3115
2019-03-04 17:25,3137
2019-03-04 17:30,3159
2019-03-04 17:35,3160
2019-03-04 17:40,3181
2019-03-04 17:45,3191
2019-03-04 17:50,3215
2019-03-04 17:55,3264
2019-03-04 18:00,3270
2019-03-04 18:05,3253
2019-03-04 18:10,3258
2019-03-04 18:15,3300
2019-03-04 18:20,3293
2019-03-04 18:25,3296
2019-03-04 18:30,3304
2019-03-04 18:35,3315
2019-03-04 18:40,3312
2019-03-04 18:45,3334
2019-03-04 18:50,3314
2019-03-04 18:55,3285
2019-03-04 19:00,3325
2019-03-04 19:05,3304
2019-03-04 19:10,3340
2019-03-04 19:15,3348
2019-03-04 19:20,3360
2019-03-04 19:25,3377
2019-03-04 19:30,3376
2019-03-04 19:35,3378
2019-03-04 19:40,3363
2019-03-04 19:45,3361
2019-03-04 19:50,3331
2019-03-04 19:55,3302
2019-03-04 20:00,3325
2019-03-04 20:05,3316
2019-03-04 20:10,3314
2019-03-04 20:15,3306
2019-03-04 20:20,3301
2019-03-04 20:25,3244
2019-03-04 20:30,3266
2019-03-04 20:35,3240
2019-03-04 20:40,3220
2019-03-04 20:45,3189
2019-03-04 20:50,3194
2019-03-04 20:55,3192
2019-03-04 21:00,3162
2019-03-04 21:05,3126
2019-03-04 21:10,3101
2019-03-04 21:15,3081
2019-03-04 21:20,3080
2019-03-04 21:25,3064
2019-03-04 21:30,3035
2019-03-04 21:35,3010
2019-03-04 21:40,2980
2019-03-04 21:45,2968
2019-03-04 21:50,2951
2019-03-04 21:55,2915
2019-03-04 22:00,2891
2019-03-04 22:05,2857
2019-03-04 22:10,2809
2019-03-04 22:15,2789
2019-03-04 22:20,2738
2019-03-04 22:25,2724
2019-03-04 22:30,2697
2019-03-04 22:35,2674
2019-03-04 22:40,2621
2019-03-04 22:45,2603
2019-03-04 22:50,2576
2019-03-04 22:55,2554
2019-03-04 23:00,2539
2019-03-04 23:05,2483
2019-03-04 23:10,2462
2019-03-04 23:15,2430
2019-03-04 23:20,2404
2019-03-04 23:25,2396
2019-03-04 23:30,2368
2019-03-04 23:35,2372
2019-03-04 23:40,2364
2019-03-04 23:45,2361
2019-03-04 23:50,2367
2019-03-04 23:55,2372
2019-03-05 00:00,2370
2019-03-05 00:05,2351
2019-03-05 00:10,2340
2019-03-05 00:15,2343
2019-03-05 00:20,2327
2019-03-05 00:25,2322
2019-03-05 00:30,2284
2019-03-05 00:35,2265
2019-03-05 00:40,2240
2019-03-05 00:45,2228
2019-03-05 00:50,2220
2019-03-05 00:55,2219
2019-03-05 01:00,2227
2019-03-05 01:05,2234
2019-03-05 01:10,2233
2019-03-05 01:15,2205
2019-03-05 01:20,2198
2019-03-05 01:25,2179
2019-03-05 01:30,2198
2019-03-05 01:35,2210
2019-03-05 01:40,2205
2019-03-05 01:45,2187
2019-03-05 01:50,2179
2019-03-05 01:55,2177
2019-03-05 02:00,2174
2019-03-05 02:05,2169
2019-03-05 02:10,2171
2019-03-05 02:15,2159
2019-03-05 02:20,2157
2019-03-05 02:25,2136
2019-03-05 02:30,2131
2019-03-05 02:35,2149
2019-03-05 02:40,2141
2019-03-05 02:45,2145
2019-03-05 02:50,2153
2019-03-05 02:55,2151
2019-03-05 03:00,2127
2019-03-05 03:05,2115
2019-03-05 03:10,2083
2019-03-05 03:15,2071
2019-03-05 03:20,2063
2019-03-05 03:25,2060
2019-03-05 03:30,2058
2019-03-05 03:35,2023
2019-03-05 03:40,1992
2019-03-05 03:45,1963
2019-03-05 03:50,1950
2019-03-05 03:55,1922
2019-03-05 04:00,1918
2019-03-05 04:05,1919
2019-03-05 04:10,1886
2019-03-05 04:15,1863
2019-03-05 04:20,1834
2019-03-05 04:25,1802
2019-03-05 04:30,1804
2019-03-05 04:35,1785
2019-03-05 04:40,1764
2019-03-05 04:45,1757
2019-03-05 04:50,1748
2019-03-05 04:55,1742
2019-03-05 05:00,1707
2019-03-05 05:05,1695
2019-03-05 05:10,1687
2019-03-05 05:15,1672
2019-03-05 05:20,1654
2019-03-05 05:25,1655
2019-03-05 05:30,1638
2019-03-05 05:35,1619
2019-03-05 05:40,1614
2019-03-05 05:45,1604
2019-03-05 05:50,1583
2019-03-05 05:55,1576
2019-03-05 06:00,1577
2019-03-05 06:05,1574
2019-03-05 06:10,1562
2019-03-05 06:15,1549
2019-03-05 06:20,1539
2019-03-05 06:25,1526
2019-03-05 06:30,1530
2019-03-05 06:35,1531
2019-03-05 06:40,1533
2019-03-05 06:45,1529
2019-03-05 06:50,1535
2019-03-05 06:55,1511
2019-03-05 07:00,1502
2019-03-05 07:05,1485
2019-03-05 07:10,1486
2019-03-05 07:15,1465
2019-03-05 07:20,1459
2019-03-05 07:25,1445
2019-03-05 07:30,1434
2019-03-05 07:35,1410
2019-03-05 07:40,1385
2019-03-05 07:45,1393
2019-03-05 07:50,1400
2019-03-05 07:55,1412
2019-03-05 08:00,1418
2019-03-05 08:05,1411
2019-03-05 08:10,1412
2019-03-05 08:15,1415
2019-03-05 08:20,1435
2019-03-05 08:25,1433
2019-03-05 08:30,1432
2019-03-05 08:35,1433
2019-03-05 08:40,1430
2019-03-05 08:45,1434
2019-03-05 08:50,1446
2019-03-05 08:55,1443
2019-03-05 09:00,1458
2019-03-05 09:05,1465
2019-03-05 09:10,1455
2019-03-05 09:15,1472
2019-03-05 09:20,1469
2019-03-05 09:25,1464
2019-03-05 09:30,1466
2019-03-05 09:35,1488
2019-03-05 09:40,1508
2019-03-05 09:45,1516
2019-03-05 09:50,1521
2019-03-05 09:55,1537
2019-03-05 10:00,1561
2019-03-05 10:05,1580
2019-03-05 10:10,1615
2019-03-05 10:15,1642
2019-03-05 10:20,1635
2019-03-05 10:25,1659
2019-03-05 10:30,1671
2019-03-05 10:35,1665
2019-03-05 10:40,1682
2019-03-05 10:45,1684
2019-03-05 10:50,1704
2019-03-05 10:55,1727
2019-03-05 11:00,1744
2019-03-05 11:05,1732
2019-03-05 11:10,1745
2019-03-05 11:15,1757
2019-03-05 11:20,1745
2019-03-05 11:25,1766
2019-03-05 11:30,1786
2019-03-05 11:35,1781
2019-03-05 11:40,1800
2019-03-05 11:45,1811
2019-03-05 11:50,1829
2019-03-05 11:55,1846
2019-03-05 12:00,1866
2019-03-05 12:05,1878
2019-03-05 12:10,1873
2019-03-05 12:15,1890
2019-03-05 12:20,1898
2019-03-05 12:25,1919
2019-03-05 12:30,1943
2019-03-05 12:35,1943
2019-03-05 12:40,1953
2019-03-05 12:45,1984
2019-03-05 12:50,1992
2019-03-05 12:55,2016
2019-03-05 13:00,2014
2019-03-05 13:05,2008
2019-03-05 13:10,2023
2019-03-05 13:15,2006
2019-03-05 13:20,2016
2019-03-05 13:25,2059
2019-03-05 13:30,2067
2019-03-05 13:35,2105
2019-03-05 13:40,2114
2019-03-05 13:45,2142
2019-03-05 13:50,2161
2019-03-05 13:55,2186
2019-03-05 14:00,2184
2019-03-05 14:05,2196
2019-03-05 14:10,2223
2019-03-05 14:15,2229
2019-03-05 14:20,2243
2019-03-05 14:25,2274
2019-03-05 14:30,2299
2019-03-05 14:35,2335
2019-03-05 14:40,2363
2019-03-05 14:45,2389
2019-03-05 14:50,2420
2019-03-05 14:55,2429
2019-03-05 15:00,2445
2019-03-05 15:05,2473
2019-03-05 15:10,2489
2019-03-05 15:15,2499
2019-03-05 15:20,2508
2019-03-05 15:25,2513
2019-03-05 15:30,2519
2019-03-05 15:35,2548
2019-03-05 15:40,2551
2019-03-05 15:45,2556
2019-03-05 15:50,2588
2019-03-05 15:55,2622
2019-03-05 16:00,2644
2019-03-05 16:05,2658
2019-03-05 16:10,2677
2019-03-05 16:15,2723
2019-03-05 16:20,2753
2019-03-05 16:25,2788
2019-03-05 16:30,2827
2019-03-05 16:35,2822
2019-03-05 16:40,2824
2019-03-05 16:45,2861
2019-03-05 16:50,2874
2019-03-05 16:55,2902
2019-03-05 17:00,2934
2019-03-05 17:05,2963
2019-03-05 17:10,2968
2019-03-05 17:15,2990
2019-03-05 17:20,2983
2019-03-05 17:25,3004
2019-03-05 17:30,2986
2019-03-05 17:35,3025
2019-03-05 17:40,3047
2019-03-05 17:45,3058
2019-03-05 17:50,3065
2019-03-05 17:55,3084
2019-03-05 18:00,3088
2019-03-05 18:05,3089
2019-03-05 18:10,3076
2019-03-05 18:15,3065
2019-03-05 18:20,3095
2019-03-05 18:25,3076
2019-03-05 18:30,3139
2019-03-05 18:35,3172
2019-03-05 18:40,3170
2019-03-05 18:45,3193
2019-03-05 18:50,3204
2019-03-05 18:55,3193
2019-03-05 19:00,3211
2019-03-05 19:05,3239
2019-03-05 19:10,3237
2019-03-05 19:15,3239
2019-03-05 19:20,3232
2019-03-05 19:25,3244
2019-03-05 19:30,3253
2019-03-05 19:35,3281
2019-03-05 19:40,3271
2019-03-05 19:45,3294
2019-03-05 19:50,3265
2019-03-05 19:55,3260
2019-03-05 20:00,3236
2019-03-05 20:05,3243
2019-03-05 20:10,3243
2019-03-05 20:15,3226
2019-03-05 20:20,3196
2019-03-05 20:25,3164
2019-03-05 20:30,3169
2019-03-05 20:35,3180
2019-03-05 20:40,3151
2019-03-05 20:45,3150
2019-03-05 20:50,3118
2019-03-05 20:55,3109
2019-03-05 21:00,3090
2019-03-05 21:05,3039
2019-03-05 21:10,3024
2019-03-05 21:15,3017
2019-03-05 21:20,2981
2019-03-05 21:25,2956
2019-03-05 21:30,2943
2019-03-05 21:35,2898
2019-03-05 21:40,2874
2019-03-05 21:45,2849
2019-03-05 21:50,2855
2019-03-05 21:55,2818
2019-03-05 22:00,2835
2019-03-05 22:05,2817
2019-03-05 22:10,2792
2019-03-05 22:15,2746
2019-03-05 22:20,2697
2019-03-05 22:25,2682
2019-03-05 22:30,2666
2019-03-05 22:35,2660
2019-03-05 22:40,2633
2019-03-05 22:45,2605
2019-03-05 22:50,2584
2019-03-05 22:55,2548
2019-03-05 23:00,2543
2019-03-05 23:05,2495
2019-03-05 23:10,2460
2019-03-05 23:15,2427
2019-03-05 23:20,2412
2019-03-05 23:25,2386
2019-03-05 23:30,2361
2019-03-05 23:35,2333
2019-03-05 23:40,2318
2019-03-05 23:45,2301
2019-03-05 23:50,2282
2019-03-05 23:55,0
2019-03-06 00:00,1699
2019-03-06 00:05,2192
2019-03-06 00:10,2234
2019-03-06 00:15,2235
2019-03-06 00:20,2220
2019-03-06 00:25,2224
2019-03-06 00:30,2188
2019-03-06 00:35,2186
2019-03-06 00:40,2190
2019-03-06 00:45,2180
2019-03-06 00:50,2163
2019-03-06 00:55,2174
2019-03-06 01:00,2169
2019-03-06 01:05,2174
2019-03-06 01:10,2179
2019-03-06 01:15,2166
2019-03-06 01:20,2171
2019-03-06 01:25,2160
2019-03-06 01:30,2132
2019-03-06 01:35,2156
2019-03-06 01:40,2118
2019-03-06 01:45,2113
2019-03-06 01:50,2093
2019-03-06 01:55,2086
2019-03-06 02:00,2072
2019-03-06 02:05,2075
2019-03-06 02:10,2050
2019-03-06 02:15,2040
2019-03-06 02:20,2046
2019-03-06 02:25,2048
2019-03-06 02:30,2021
2019-03-06 02:35,2011
2019-03-06 02:40,2006
2019-03-06 02:45,2006
2019-03-06 02:50,1992
2019-03-06 02:55,1990
2019-03-06 03:00,1977
2019-03-06 03:05,1969
2019-03-06 03:10,1945
2019-03-06 03:15,1923
2019-03-06 03:20,1907
2019-03-06 03:25,1907
2019-03-06 03:30,1884
2019-03-06 03:35,1858
2019-03-06 03:40,1818
2019-03-06 03:45,1816
2019-03-06 03:50,1816
2019-03-06 03:55,1785
2019-03-06 04:00,1752
2019-03-06 04:05,1740
2019-03-06 04:10,1722
2019-03-06 04:15,1704
2019-03-06 04:20,1674
2019-03-06 04:25,1660
2019-03-06 04:30,1649
2019-03-06 04:35,1629
2019-03-06 04:40,1622
2019-03-06 04:45,1598
2019-03-06 04:50,1600
2019-03-06 04:55,1580
2019-03-06 05:00,1583
2019-03-06 05:05,1574
2019-03-06 05:10,1576
2019-03-06 05:15,1558
2019-03-06 05:20,1552
2019-03-06 05:25,1543
2019-03-06 05:30,1537
2019-03-06 05:35,1530
2019-03-06 05:40,1516
2019-03-06 05:45,1504
2019-03-06 05:50,1490
2019-03-06 05:55,1482
2019-03-06 06:00,1493
2019-03-06 06:05,1482
2019-03-06 06:10,1494
2019-03-06 06:15,1479
2019-03-06 06:20,1470
2019-03-06 06:25,1463
2019-03-06 06:30,1431
2019-03-06 06:35,1413
2019-03-06 06:40,1384
2019-03-06 06:45,1388
2019-03-06 06:50,1384
2019-03-06 06:55,1371
2019-03-06 07:00,1364
2019-03-06 07:05,1347
2019-03-06 07:10,1339
2019-03-06 07:15,1341
2019-03-06 07:20,1338
2019-03-06 07:25,1364
2019-03-06 07:30,1368
2019-03-06 07:35,1364
2019-03-06 07:40,1379
2019-03-06 07:45,1366
2019-03-06 07:50,1346
2019-03-06 07:55,1352
2019-03-06 08:00,1349
2019-03-06 08:05,1351
2019-03-06 08:10,1336
2019-03-06 08:15,1351
2019-03-06 08:20,1359
2019-03-06 08:25,1362
2019-03-06 08:30,1342
2019-03-06 08:35,1334
2019-03-06 08:40,1333
2019-03-06 08:45,1337
2019-03-06 08:50,1345
2019-03-06 08:55,1343
2019-03-06 09:00,1339
2019-03-06 09:05,1338
2019-03-06 09:10,1340
2019-03-06 09:15,1354
2019-03-06 09:20,1366
2019-03-06 09:25,1384
2019-03-06 09:30,1407
2019-03-06 09:35,1423
2019-03-06 09:40,1409
2019-03-06 09:45,1421
2019-03-06 09:50,1433
2019-03-06 09:55,1448
2019-03-06 10:00,1460
2019-03-06 10:05,1486
2019-03-06 10:10,1488
2019-03-06 10:15,1512
2019-03-06 10:20,1531
2019-03-06 10:25,1563
2019-03-06 10:30,1581
2019-03-06 10:35,1578
2019-03-06 10:40,1591
2019-03-06 10:45,1610
2019-03-06 10:50,1610
2019-03-06 10:55,1607
2019-03-06 11:00,1599
2019-03-06 11:05,1598
2019-03-06 11:10,1617
2019-03-06 11:15,1618
2019-03-06 11:20,1645
2019-03-06 11:25,1694
2019-03-06 11:30,1699
2019-03-06 11:35,1722
2019-03-06 11:40,1722
2019-03-06 11:45,1742
2019-03-06 11:50,1756
2019-03-06 11:55,1764
2019-03-06 12:00,1779
2019-03-06 12:05,1795
2019-03-06 12:10,1814
2019-03-06 12:15,1822
2019-03-06 12:20,1840
2019-03-06 12:25,1828
2019-03-06 12:30,1839
2019-03-06 12:35,1851
2019-03-06 12:40,1869
2019-03-06 12:45,1862
2019-03-06 12:50,1848
2019-03-06 12:55,1852
2019-03-06 13:00,1869
2019-03-06 13:05,1886
2019-03-06 13:10,1902
2019-03-06 13:15,1915
2019-03-06 13:20,1941
2019-03-06 13:25,1946
2019-03-06 13:30,1968
2019-03-06 13:35,1998
2019-03-06 13:40,2021
2019-03-06 13:45,2007
2019-03-06 13:50,2016
2019-03-06 13:55,2036
2019-03-06 14:00,2030
2019-03-06 14:05,2048
2019-03-06 14:10,2060
2019-03-06 14:15,2074
2019-03-06 14:20,2091
2019-03-06 14:25,2140
2019-03-06 14:30,2176
2019-03-06 14:35,2213
2019-03-06 14:40,2232
2019-03-06 14:45,2218
2019-03-06 14:50,2267
2019-03-06 14:55,2290
2019-03-06 15:00,2318
2019-03-06 15:05,2340
2019-03-06 15:10,2331
2019-03-06 15:15,2348
2019-03-06 15:20,2375
2019-03-06 15:25,2383
2019-03-06 15:30,2432
2019-03-06 15:35,2441
2019-03-06 15:40,2455
2019-03-06 15:45,2477
2019-03-06 15:50,2498
2019-03-06 15:55,2495
2019-03-06 16:00,2520
2019-03-06 16:05,2501
2019-03-06 16:10,2527
2019-03-06 16:15,2542
2019-03-06 16:20,2559
2019-03-06 16:25,2580
2019-03-06 16:30,2598
2019-03-06 16:35,2639
2019-03-06 16:40,2640
2019-03-06 16:45,2652
2019-03-06 16:50,2652
2019-03-06 16:55,2684
2019-03-06 17:00,2695
2019-03-06 17:05,2712
2019-03-06 17:10,2756
2019-03-06 17:15,2782
2019-03-06 17:20,2809
2019-03-06 17:25,2837
2019-03-06 17:30,2857
2019-03-06 17:35,2882
2019-03-06 17:40,2862
2019-03-06 17:45,2859
2019-03-06 17:50,2873
2019-03-06 17:55,2898
2019-03-06 18:00,2940
2019-03-06 18:05,2954
2019-03-06 18:10,2973
2019-03-06 18:15,2989
2019-03-06 18:20,2983
2019-03-06 18:25,2980
2019-03-06 18:30,2959
2019-03-06 18:35,2987
2019-03-06 18:40,3002
2019-03-06 18:45,3002
2019-03-06 18:50,3015
2019-03-06 18:55,3029
2019-03-06 19:00,3034
2019-03-06 19:05,3046
2019-03-06 19:10,0
2019-03-06 19:15,3066
2019-03-06 19:20,3066
2019-03-06 19:25,3045
2019-03-06 19:30,3073
2019-03-06 19:35,3059
2019-03-06 19:40,3063
2019-03-06 19:45,3066
2019-03-06 19:50,3036
2019-03-06 19:55,3044
2019-03-06 20:00,3051
2019-03-06 20:05,3039
2019-03-06 20:10,3004
2019-03-06 20:15,3022
2019-03-06 20:20,3001
2019-03-06 20:25,2983
2019-03-06 20:30,2973
2019-03-06 20:35,2969
2019-03-06 20:40,2933
2019-03-06 20:45,2944
2019-03-06 20:50,2940
2019-03-06 20:55,2923
2019-03-06 21:00,2901
2019-03-06 21:05,2900
2019-03-06 21:10,2878
2019-03-06 21:15,2851
2019-03-06 21:20,2840
2019-03-06 21:25,2835
2019-03-06 21:30,2804
2019-03-06 21:35,2773
2019-03-06 21:40,2711
2019-03-06 21:45,2691
2019-03-06 21:50,2689
2019-03-06 21:55,2665
2019-03-06 22:00,2627
2019-03-06 22:05,2603
2019-03-06 22:10,2596
2019-03-06 22:15,2583
2019-03-06 22:20,2586
2019-03-06 22:25,2601
2019-03-06 22:30,2554
2019-03-06 22:35,2530
2019-03-06 22:40,2531
2019-03-06 22:45,2517
2019-03-06 22:50,2489
2019-03-06 22:55,2475
2019-03-06 23:00,2474
2019-03-06 23:05,2432
2019-03-06 23:10,2402
2019-03-06 23:15,2387
2019-03-06 23:20,2348
2019-03-06 23:25,2329
2019-03-06 23:30,2320
2019-03-06 23:35,2263
2019-03-06 23:40,2226
2019-03-06 23:45,2235
2019-03-06 23:50,2212
2019-03-06 23:55,2203
2019-03-07 00:00,2213
2019-03-07 00:05,2200
2019-03-07 00:10,2173
2019-03-07 00:15,2215
2019-03-07 00:20,2193
2019-03-07 00:25,2179
2019-03-07 00:30,2156
2019-03-07 00:35,2168
2019-03-07 00:40,2144
2019-03-07 00:45,2124
2019-03-07 00:50,2108
2019-03-07 00:55,2126
2019-03-07 01:00,2120
2019-03-07 01:05,2127
2019-03-07 01:10,2112
2019-03-07 01:15,2136
2019-03-07 01:20,2131
2019-03-07 01:25,2122
2019-03-07 01:30,2111
2019-03-07 01:35,2103
2019-03-07 01:40,2083
2019-03-07 01:45,2055
2019-03-07 01:50,2056
2019-03-07 01:55,2042
2019-03-07 02:00,2024
2019-03-07 02:05,2015
2019-03-07 02:10,1999
2019-03-07 02:15,1975
2019-03-07 02:20,1963
2019-03-07 02:25,1957
2019-03-07 02:30,1965
2019-03-07 02:35,1977
2019-03-07 02:40,1982
2019-03-07 02:45,1993
2019-03-07 02:50,1957
2019-03-07 02:55,1959
2019-03-07 03:00,1936
2019-03-07 03:05,1919
2019-03-07 03:10,1891
2019-03-07 03:15,1867
2019-03-07 03:20,1862
2019-03-07 03:25,1850
2019-03-07 03:30,1823
2019-03-07 03:35,1825
2019-03-07 03:40,1795
2019-03-07 03:45,1778
2019-03-07 03:50,1757
2019-03-07 03:55,1716
2019-03-07 04:00,1696
2019-03-07 04:05,1701
2019-03-07 04:10,1679
2019-03-07 04:15,1666
2019-03-07 04:20,1676
2019-03-07 04:25,1647
2019-03-07 04:30,1623
2019-03-07 04:35,1593
2019-03-07 04:40,1591
2019-03-07 04:45,1567
2019-03-07 04:50,1561
2019-03-07 04:55,1532
2019-03-07 05:00,1548
2019-03-07 05:05,1548
2019-03-07 05:10,1520
2019-03-07 05:15,1498
2019-03-07 05:20,1484
2019-03-07 05:25,1477
2019-03-07 05:30,1463
2019-03-07 05:35,1445
2019-03-07 05:40,1451
2019-03-07 05:45,1449
2019-03-07 05:50,1429
2019-03-07 05:55,1423
2019-03-07 06:00,1406
2019-03-07 06:05,1388
2019-03-07 06:10,1383
2019-03-07 06:15,1368
2019-03-07 06:20,1367
2019-03-07 06:25,1363
2019-03-07 06:30,1342
2019-03-07 06:35,1331
2019-03-07 06:40,1324
2019-03-07 06:45,1329
2019-03-07 06:50,1338
2019-03-07 06:55,1338
2019-03-07 07:00,1329
2019-03-07 07:05,1339
2019-03-07 07:10,1312
2019-03-07 07:15,1327
2019-03-07 07:20,1332
2019-03-07 07:25,1336
2019-03-07 07:30,1327
2019-03-07 07:35,1313
2019-03-07 07:40,1316
2019-03-07 07:45,1312
2019-03-07 07:50,1307
2019-03-07 07:55,1309
2019-03-07 08:00,1319
2019-03-07 08:05,1311
2019-03-07 08:10,1318
2019-03-07 08:15,1319
2019-03-07 08:20,1330
2019-03-07 08:25,1321
2019-03-07 08:30,1320
2019-03-07 08:35,1327
2019-03-07 08:40,1330
2019-03-07 08:45,1337
2019-03-07 08:50,1348
2019-03-07 08:55,1342
2019-03-07 09:00,1348
2019-03-07 09:05,1361
2019-03-07 09:10,1383
2019-03-07 09:15,1376
2019-03-07 09:20,1376
2019-03-07 09:25,1388
2019-03-07 09:30,1405
2019-03-07 09:35,1404
2019-03-07 09:40,1415
2019-03-07 09:45,1426
2019-03-07 09:50,1439
2019-03-07 09:55,1467
2019-03-07 10:00,1477
2019-03-07 10:05,1525
2019-03-07 10:10,1531
2019-03-07 10:15,1556
2019-03-07 10:20,1549
2019-03-07 10:25,1562
2019-03-07 10:30,1592
2019-03-07 10:35,1579
2019-03-07 10:40,1577
2019-03-07 10:45,1590
2019-03-07 10:50,1609
2019-03-07 10:55,1609
2019-03-07 11:00,1624
2019-03-07 11:05,1621
2019-03-07 11:10,1628
2019-03-07 11:15,1635
2019-03-07 11:20,1642
2019-03-07 11:25,1654
2019-03-07 11:30,1669
2019-03-07 11:35,1670
2019-03-07 11:40,1677
2019-03-07 11:45,1694
2019-03-07 11:50,1720
2019-03-07 11:55,1716
2019-03-07 12:00,1744
2019-03-07 12:05,1762
2019-03-07 12:10,1747
2019-03-07 12:15,1756
2019-03-07 12:20,1787
2019-03-07 12:25,1780
2019-03-07 12:30,1787
2019-03-07 12:35,1803
2019-03-07 12:40,1830
2019-03-07 12:45,1826
2019-03-07 12:50,1854
2019-03-07 12:55,1861
2019-03-07 13:00,1857
2019-03-07 13:05,1864
2019-03-07 13:10,1842
2019-03-07 13:15,1849
2019-03-07 13:20,1884
2019-03-07 13:25,1897
2019-03-07 13:30,1907
2019-03-07 13:35,1898
2019-03-07 13:40,1924
2019-03-07 13:45,1933
2019-03-07 13:50,1959
2019-03-07 13:55,1963
2019-03-07 14:00,1980
2019-03-07 14:05,1990
2019-03-07 14:10,1988
2019-03-07 14:15,2017
2019-03-07 14:20,2020
2019-03-07 14:25,2037
2019-03-07 14:30,2045
2019-03-07 14:35,2046
2019-03-07 14:40,2022
2019-03-07 14:45,2014
2019-03-07 14:50,1966
2019-03-07 14:55,1920
2019-03-07 15:00,1777
2019-03-07 15:05,1278
2019-03-07 15:10,1246
2019-03-07 15:15,1244
2019-03-07 15:20,1264
2019-03-07 15:25,1286
2019-03-07 15:30,1300
2019-03-07 15:35,1316
2019-03-07 15:40,1340
2019-03-07 15:45,1361
2019-03-07 15:50,1405
2019-03-07 15:55,1386
2019-03-07 16:00,1410
2019-03-07 16:05,1428
2019-03-07 16:10,1447
2019-03-07 16:15,1459
2019-03-07 16:20,1565
2019-03-07 16:25,1677
2019-03-07 16:30,1794
2019-03-07 16:35,1898
2019-03-07 16:40,2002
2019-03-07 16:45,2093
2019-03-07 16:50,2177
2019-03-07 16:55,2246
2019-03-07 17:00,2328
2019-03-07 17:05,2405
2019-03-07 17:10,2470
2019-03-07 17:15,2541
2019-03-07 17:20,2589
2019-03-07 17:25,2671
2019-03-07 17:30,2733
2019-03-07 17:35,2767
2019-03-07 17:40,2830
2019-03-07 17:45,2847
2019-03-07 17:50,2888
2019-03-07 17:55,2928
2019-03-07 18:00,2964
2019-03-07 18:05,3004
2019-03-07 18:10,3026
2019-03-07 18:15,3053
2019-03-07 18:20,3078
2019-03-07 18:25,3100
2019-03-07 18:30,3109
2019-03-07 18:35,3108
2019-03-07 18:40,3109
2019-03-07 18:45,3120
2019-03-07 18:50,3126
2019-03-07 18:55,3131
2019-03-07 19:00,3131
2019-03-07 19:05,3153
2019-03-07 19:10,3148
2019-03-07 19:15,3169
2019-03-07 19:20,3170
2019-03-07 19:25,3161
2019-03-07 19:30,3191
2019-03-07 19:35,3192
2019-03-07 19:40,3188
2019-03-07 19:45,3175
2019-03-07 19:50,3173
2019-03-07 19:55,3178
2019-03-07 20:00,3162
2019-03-07 20:05,3176
2019-03-07 20:10,3184
2019-03-07 20:15,3191
2019-03-07 20:20,3181
2019-03-07 20:25,3178
2019-03-07 20:30,3157
2019-03-07 20:35,3128
2019-03-07 20:40,3139
2019-03-07 20:45,3137
2019-03-07 20:50,3136
2019-03-07 20:55,
2019-03-07 21:00,
2019-03-07 21:05,453
2019-03-07 21:10,748
2019-03-07 21:15,1124
2019-03-07 21:20,2566
2019-03-07 21:25,2869
2019-03-07 21:30,2941
2019-03-07 21:35,2919
2019-03-07 21:40,
2019-03-07 21:45,
2019-03-07 21:50,1845
2019-03-07 21:55,2751
2019-03-07 22:00,2784
2019-03-07 22:05,2731
2019-03-07 22:10,2705
2019-03-07 22:15,2703
2019-03-07 22:20,2711
2019-03-07 22:25,2694
2019-03-07 22:30,2681
2019-03-07 22:35,2663
2019-03-07 22:40,2640
2019-03-07 22:45,2618
2019-03-07 22:50,2604
2019-03-07 22:55,2584
2019-03-07 23:00,2561
2019-03-07 23:05,2513
2019-03-07 23:10,2466
2019-03-07 23:15,2451
2019-03-07 23:20,2433
2019-03-07 23:25,2421
2019-03-07 23:30,2418
2019-03-07 23:35,2383
2019-03-07 23:40,2373
2019-03-07 23:45,2358
2019-03-07 23:50,2341
2019-03-07 23:55,2326
2019-03-08 00:00,2297
2019-03-08 00:05,2288
2019-03-08 00:10,2287
2019-03-08 00:15,2277
2019-03-08 00:20,2275
2019-03-08 00:25,2235
2019-03-08 00:30,2233
2019-03-08 00:35,2212
2019-03-08 00:40,2207
2019-03-08 00:45,2216
2019-03-08 00:50,2176
2019-03-08 00:55,2150
2019-03-08 01:00,2142
2019-03-08 01:05,2140
2019-03-08 01:10,2120
2019-03-08 01:15,2131
2019-03-08 01:20,2137
2019-03-08 01:25,2136
2019-03-08 01:30,2120
2019-03-08 01:35,2128
2019-03-08 01:40,2124
2019-03-08 01:45,2118
2019-03-08 01:50,2113
2019-03-08 01:55,2135
2019-03-08 02:00,2129
2019-03-08 02:05,2114
2019-03-08 02:10,2121
2019-03-08 02:15,2124
2019-03-08 02:20,2137
2019-03-08 02:25,2112
2019-03-08 02:30,2099
2019-03-08 02:35,2089
2019-03-08 02:40,2094
2019-03-08 02:45,2094
2019-03-08 02:50,2082
2019-03-08 02:55,2073
2019-03-08 03:00,2038
2019-03-08 03:05,2031
2019-03-08 03:10,2019
2019-03-08 03:15,2012
2019-03-08 03:20,2004
2019-03-08 03:25,1994
2019-03-08 03:30,1984
2019-03-08 03:35,2000
2019-03-08 03:40,1979
2019-03-08 03:45,1962
2019-03-08 03:50,1965
2019-03-08 03:55,1929
2019-03-08 04:00,1895
2019-03-08 04:05,1830
2019-03-08 04:10,1789
2019-03-08 04:15,1763
2019-03-08 04:20,1736
2019-03-08 04:25,1717
2019-03-08 04:30,1671
2019-03-08 04:35,1672
2019-03-08 04:40,1631
2019-03-08 04:45,1599
2019-03-08 04:50,1576
2019-03-08 04:55,1554
2019-03-08 05:00,1543
2019-03-08 05:05,1531
2019-03-08 05:10,1524
2019-03-08 05:15,1504
2019-03-08 05:20,1501
2019-03-08 05:25,1508
2019-03-08 05:30,1516
2019-03-08 05:35,1519
2019-03-08 05:40,1514
2019-03-08 05:45,1517
2019-03-08 05:50,1503
2019-03-08 05:55,1504
2019-03-08 06:00,1504
2019-03-08 06:05,1503
2019-03-08 06:10,1520
2019-03-08 06:15,1549
2019-03-08 06:20,1545
2019-03-08 06:25,1543
2019-03-08 06:30,1548
2019-03-08 06:35,1546
2019-03-08 06:40,1545
2019-03-08 06:45,1538
2019-03-08 06:50,1539
2019-03-08 06:55,1539
2019-03-08 07:00,1539
2019-03-08 07:05,1539
2019-03-08 07:10,1537
2019-03-08 07:15,1520
2019-03-08 07:20,1522
2019-03-08 07:25,1508
2019-03-08 07:30,1513
2019-03-08 07:35,1519
2019-03-08 07:40,1519
2019-03-08 07:45,1528
2019-03-08 07:50,1530
2019-03-08 07:55,1517
2019-03-08 08:00,1521
2019-03-08 08:05,1511
2019-03-08 08:10,1525
2019-03-08 08:15,1534
2019-03-08 08:20,1544
2019-03-08 08:25,1549
2019-03-08 08:30,1556
2019-03-08 08:35,1588
2019-03-08 08:40,1594
2019-03-08 08:45,1594
2019-03-08 08:50,1587
2019-03-08 08:55,1614
2019-03-08 09:00,1624
2019-03-08 09:05,1624
2019-03-08 09:10,1620
2019-03-08 09:15,1655
2019-03-08 09:20,1647
2019-03-08 09:25,1666
2019-03-08 09:30,1681
2019-03-08 09:35,1680
2019-03-08 09:40,1690
2019-03-08 09:45,1700
2019-03-08 09:50,1712
2019-03-08 09:55,1721
2019-03-08 10:00,1737
2019-03-08 10:05,1766
2019-03-08 10:10,1800
2019-03-08 10:15,1810
2019-03-08 10:20,1813
2019-03-08 10:25,1836
2019-03-08 10:30,1845
2019-03-08 10:35,1862
2019-03-08 10:40,1873
2019-03-08 10:45,1902
2019-03-08 10:50,1903
2019-03-08 10:55,1952
2019-03-08 11:00,1959
2019-03-08 11:05,1951
2019-03-08 11:10,1955
2019-03-08 11:15,1971
2019-03-08 11:20,1976
2019-03-08 11:25,1978
2019-03-08 11:30,1970
2019-03-08 11:35,1978
2019-03-08 11:40,2004
2019-03-08 11:45,2013
2019-03-08 11:50,2000
2019-03-08 11:55,2011
2019-03-08 12:00,2005
2019-03-08 12:05,2006
2019-03-08 12:10,2004
2019-03-08 12:15,2003
2019-03-08 12:20,2034
2019-03-08 12:25,2052
2019-03-08 12:30,2065
2019-03-08 12:35,2064
2019-03-08 12:40,2078
2019-03-08 12:45,2063
2019-03-08 12:50,2077
2019-03-08 12:55,2075
2019-03-08 13:00,2077
2019-03-08 13:05,2069
2019-03-08 13:10,2088
2019-03-08 13:15,2105
2019-03-08 13:20,2124
2019-03-08 13:25,2118
2019-03-08 13:30,2126
2019-03-08 13:35,2136
2019-03-08 13:40,2144
2019-03-08 13:45,2171
2019-03-08 13:50,2197
2019-03-08 13:55,2217
2019-03-08 14:00,2217
2019-03-08 14:05,2229
2019-03-08 14:10,2225
2019-03-08 14:15,2266
2019-03-08 14:20,2267
2019-03-08 14:25,2260
2019-03-08 14:30,2264
2019-03-08 14:35,2267
2019-03-08 14:40,2235
2019-03-08 14:45,2230
2019-03-08 14:50,2209
2019-03-08 14:55,2146
2019-03-08 15:00,2019
2019-03-08 15:05,1407
2019-03-08 15:10,1364
2019-03-08 15:15,1369
2019-03-08 15:20,1401
2019-03-08 15:25,1401
2019-03-08 15:30,1389
2019-03-08 15:35,1395
2019-03-08 15:40,1411
2019-03-08 15:45,1432
2019-03-08 15:50,1442
2019-03-08 15:55,1465
2019-03-08 16:00,1476
2019-03-08 16:05,1502
2019-03-08 16:10,1513
2019-03-08 16:15,1638
2019-03-08 16:20,1725
2019-03-08 16:25,1834
2019-03-08 16:30,1939
2019-03-08 16:35,2025
2019-03-08 16:40,2097
2019-03-08 16:45,2160
2019-03-08 16:50,2238
2019-03-08 16:55,2334
2019-03-08 17:00,2368
2019-03-08 17:05,2416
2019-03-08 17:10,2497
2019-03-08 17:15,2538
2019-03-08 17:20,2585
2019-03-08 17:25,2619
2019-03-08 17:30,2696
2019-03-08 17:35,2716
2019-03-08 17:40,2770
2019-03-08 17:45,2825
2019-03-08 17:50,2852
2019-03-08 17:55,2878
2019-03-08 18:00,2909
2019-03-08 18:05,2949
2019-03-08 18:10,2949
2019-03-08 18:15,2985
2019-03-08 18:20,2968
2019-03-08 18:25,2985
2019-03-08 18:30,3001
2019-03-08 18:35,3003
2019-03-08 18:40,3032
2019-03-08 18:45,3006
2019-03-08 18:50,3016
2019-03-08 18:55,3041
2019-03-08 19:00,3050
2019-03-08 19:05,3040
2019-03-08 19:10,3061
2019-03-08 19:15,3070
2019-03-08 19:20,3075
2019-03-08 19:25,3077
2019-03-08 19:30,3090
2019-03-08 19:35,3094
2019-03-08 19:40,3113
2019-03-08 19:45,3085
2019-03-08 19:50,3101
2019-03-08 19:55,3086
2019-03-08 20:00,3105
2019-03-08 20:05,3076
2019-03-08 20:10,3089
2019-03-08 20:15,3068
2019-03-08 20:20,3072
2019-03-08 20:25,3054
2019-03-08 20:30,3024
2019-03-08 20:35,3042
2019-03-08 20:40,3023
2019-03-08 20:45,3013
2019-03-08 20:50,2997
2019-03-08 20:55,2950
2019-03-08 21:00,2979
2019-03-08 21:05,2964
2019-03-08 21:10,2950
2019-03-08 21:15,2954
2019-03-08 21:20,2935
2019-03-08 21:25,2932
2019-03-08 21:30,2910
2019-03-08 21:35,2928
2019-03-08 21:40,2918
2019-03-08 21:45,2928
2019-03-08 21:50,2906
2019-03-08 21:55,2894
2019-03-08 22:00,2858
2019-03-08 22:05,2851
2019-03-08 22:10,2821
2019-03-08 22:15,2791
2019-03-08 22:20,2781
2019-03-08 22:25,2788
2019-03-08 22:30,2776
2019-03-08 22:35,2776
2019-03-08 22:40,2777
2019-03-08 22:45,2757
2019-03-08 22:50,2736
2019-03-08 22:55,2674
2019-03-08 23:00,2652
2019-03-08 23:05,2633
2019-03-08 23:10,2612
2019-03-08 23:15,2556
2019-03-08 23:20,2534
2019-03-08 23:25,2509
2019-03-08 23:30,2506
2019-03-08 23:35,2493
2019-03-08 23:40,2474
2019-03-08 23:45,2458
2019-03-08 23:50,2453
2019-03-08 23:55,2441
2019-03-09 00:00,2402
2019-03-09 00:05,2372
2019-03-09 00:10,2354
2019-03-09 00:15,2346
2019-03-09 00:20,2333
2019-03-09 00:25,2304
2019-03-09 00:30,2306
2019-03-09 00:35,2290
2019-03-09 00:40,2285
2019-03-09 00:45,2276
2019-03-09 00:50,2268
2019-03-09 00:55,2259
2019-03-09 01:00,2262
2019-03-09 01:05,2241
2019-03-09 01:10,2248
2019-03-09 01:15,2239
2019-03-09 01:20,2249
2019-03-09 01:25,2244
2019-03-09 01:30,2235
2019-03-09 01:35,2208
2019-03-09 01:40,2218
2019-03-09 01:45,2207
2019-03-09 01:50,2205
2019-03-09 01:55,2222
2019-03-09 02:00,2200
2019-03-09 02:05,2201
2019-03-09 02:10,2167
2019-03-09 02:15,2157
2019-03-09 02:20,2120
2019-03-09 02:25,2107
2019-03-09 02:30,2107
2019-03-09 02:35,2104
2019-03-09 02:40,2106
2019-03-09 02:45,2102
2019-03-09 02:50,2085
2019-03-09 02:55,2081
2019-03-09 03:00,2094
2019-03-09 03:05,2097
2019-03-09 03:10,2089
2019-03-09 03:15,2077
2019-03-09 03:20,2095
2019-03-09 03:25,2095
2019-03-09 03:30,2117
2019-03-09 03:35,2104
2019-03-09 03:40,2065
2019-03-09 03:45,2045
2019-03-09 03:50,2040
2019-03-09 03:55,2016
2019-03-09 04:00,2022
2019-03-09 04:05,2011
2019-03-09 04:10,1994
2019-03-09 04:15,1957
2019-03-09 04:20,1937
2019-03-09 04:25,1954
2019-03-09 04:30,1962
2019-03-09 04:35,1943
2019-03-09 04:40,1931
2019-03-09 04:45,1922
2019-03-09 04:50,1901
2019-03-09 04:55,1871
2019-03-09 05:00,1885
2019-03-09 05:05,1869
2019-03-09 05:10,1838
2019-03-09 05:15,1828
2019-03-09 05:20,1820
2019-03-09 05:25,1810
2019-03-09 05:30,1810
2019-03-09 05:35,1805
2019-03-09 05:40,1794
2019-03-09 05:45,1807
2019-03-09 05:50,1802
2019-03-09 05:55,1783
2019-03-09 06:00,1767
2019-03-09 06:05,1767
2019-03-09 06:10,1748
2019-03-09 06:15,1768
2019-03-09 06:20,1744
2019-03-09 06:25,1748
2019-03-09 06:30,1741
2019-03-09 06:35,1746
2019-03-09 06:40,1739
2019-03-09 06:45,1745
2019-03-09 06:50,1739
2019-03-09 06:55,1741
2019-03-09 07:00,1762
2019-03-09 07:05,1769
2019-03-09 07:10,1773
2019-03-09 07:15,1780
2019-03-09 07:20,1791
2019-03-09 07:25,1794
2019-03-09 07:30,1795
2019-03-09 07:35,1803
2019-03-09 07:40,1790
2019-03-09 07:45,1817
2019-03-09 07:50,1814
2019-03-09 07:55,1817
2019-03-09 08:00,1831
2019-03-09 08:05,1836
2019-03-09 08:10,1837
2019-03-09 08:15,1852
2019-03-09 08:20,1858
2019-03-09 08:25,1873
2019-03-09 08:30,1886
2019-03-09 08:35,1909
2019-03-09 08:40,1932
2019-03-09 08:45,1942
2019-03-09 08:50,1943
2019-03-09 08:55,1965
2019-03-09 09:00,1999
2019-03-09 09:05,2039
2019-03-09 09:10,2040
2019-03-09 09:15,2064
2019-03-09 09:20,2069
2019-03-09 09:25,2092
2019-03-09 09:30,2101
2019-03-09 09:35,2134
2019-03-09 09:40,2117
2019-03-09 09:45,2122
2019-03-09 09:50,2155
2019-03-09 09:55,2173
2019-03-09 10:00,2227
2019-03-09 10:05,2277
2019-03-09 10:10,2284
2019-03-09 10:15,2275
2019-03-09 10:20,2282
2019-03-09 10:25,2312
2019-03-09 10:30,2323
2019-03-09 10:35,2331
2019-03-09 10:40,2346
2019-03-09 10:45,2337
2019-03-09 10:50,2361
2019-03-09 10:55,2382
2019-03-09 11:00,2395
2019-03-09 11:05,2404
2019-03-09 11:10,2419
2019-03-09 11:15,2427
2019-03-09 11:20,2443
2019-03-09 11:25,2448
2019-03-09 11:30,2459
2019-03-09 11:35,2480
2019-03-09 11:40,2502
2019-03-09 11:45,2494
2019-03-09 11:50,2491
2019-03-09 11:55,2483
2019-03-09 12:00,2515
2019-03-09 12:05,2528
2019-03-09 12:10,2547
2019-03-09 12:15,2559
2019-03-09 12:20,2585
2019-03-09 12:25,2615
2019-03-09 12:30,2635
2019-03-09 12:35,2617
2019-03-09 12:40,2622
2019-03-09 12:45,2640
2019-03-09 12:50,2652
2019-03-09 12:55,2646
2019-03-09 13:00,2662
2019-03-09 13:05,2692
2019-03-09 13:10,2721
2019-03-09 13:15,2713
2019-03-09 13:20,0
2019-03-09 13:25,2743
2019-03-09 13:30,2766
2019-03-09 13:35,2782
2019-03-09 13:40,2792
2019-03-09 13:45,2800
2019-03-09 13:50,2834
2019-03-09 13:55,2854
2019-03-09 14:00,2867
2019-03-09 14:05,2884
2019-03-09 14:10,2879
2019-03-09 14:15,2885
2019-03-09 14:20,2882
2019-03-09 14:25,2894
2019-03-09 14:30,2908
2019-03-09 14:35,2927
2019-03-09 14:40,2940
2019-03-09 14:45,2961
2019-03-09 14:50,2989
2019-03-09 14:55,3007
2019-03-09 15:00,3007
2019-03-09 15:05,3027
2019-03-09 15:10,3045
2019-03-09 15:15,3032
2019-03-09 15:20,3065
2019-03-09 15:25,3076
2019-03-09 15:30,3132
2019-03-09 15:35,3145
2019-03-09 15:40,3180
2019-03-09 15:45,3215
2019-03-09 15:50,3208
2019-03-09 15:55,3223
2019-03-09 16:00,3262
2019-03-09 16:05,3244
2019-03-09 16:10,3247
2019-03-09 16:15,3240
2019-03-09 16:20,3244
2019-03-09 16:25,3250
2019-03-09 16:30,3277
2019-03-09 16:35,3277
2019-03-09 16:40,3277
2019-03-09 16:45,3343
2019-03-09 16:50,3361
2019-03-09 16:55,3374
2019-03-09 17:00,3373
2019-03-09 17:05,3385
2019-03-09 17:10,3398
2019-03-09 17:15,3382
2019-03-09 17:20,3406
2019-03-09 17:25,3436
2019-03-09 17:30,3430
2019-03-09 17:35,3439
2019-03-09 17:40,3459
2019-03-09 17:45,3471
2019-03-09 17:50,3447
2019-03-09 17:55,3467
2019-03-09 18:00,3460
2019-03-09 18:05,3474
2019-03-09 18:10,3509
2019-03-09 18:15,3489
2019-03-09 18:20,3484
2019-03-09 18:25,3509
2019-03-09 18:30,3518
2019-03-09 18:35,3530
2019-03-09 18:40,3529
2019-03-09 18:45,3517
2019-03-09 18:50,3505
2019-03-09 18:55,3499
2019-03-09 19:00,3484
2019-03-09 19:05,3498
2019-03-09 19:10,3532
2019-03-09 19:15,3522
2019-03-09 19:20,3503
2019-03-09 19:25,3508
2019-03-09 19:30,3500
2019-03-09 19:35,3478
2019-03-09 19:40,3477
2019-03-09 19:45,3497
2019-03-09 19:50,3477
2019-03-09 19:55,3494
2019-03-09 20:00,3493
2019-03-09 20:05,3501
2019-03-09 20:10,3505
2019-03-09 20:15,3508
2019-03-09 20:20,3481
2019-03-09 20:25,3458
2019-03-09 20:30,3455
2019-03-09 20:35,3491
2019-03-09 20:40,3469
2019-03-09 20:45,3479
2019-03-09 20:50,3440
2019-03-09 20:55,3421
2019-03-09 21:00,3432
2019-03-09 21:05,3416
2019-03-09 21:10,3413
2019-03-09 21:15,3385
2019-03-09 21:20,3381
2019-03-09 21:25,3365
2019-03-09 21:30,3369
2019-03-09 21:35,3350
2019-03-09 21:40,3312
2019-03-09 21:45,3301
2019-03-09 21:50,3283
2019-03-09 21:55,3271
2019-03-09 22:00,3237
2019-03-09 22:05,3217
2019-03-09 22:10,3193
2019-03-09 22:15,3137
2019-03-09 22:20,3125
2019-03-09 22:25,3113
2019-03-09 22:30,3121
2019-03-09 22:35,3105
2019-03-09 22:40,3096
2019-03-09 22:45,3086
2019-03-09 22:50,3067
2019-03-09 22:55,2996
2019-03-09 23:00,2980
2019-03-09 23:05,2951
2019-03-09 23:10,2915
2019-03-09 23:15,2908
2019-03-09 23:20,2887
2019-03-09 23:25,2842
2019-03-09 23:30,2807
2019-03-09 23:35,2804
2019-03-09 23:40,2791
2019-03-09 23:45,2777
2019-03-09 23:50,2751
2019-03-09 23:55,2736
2019-03-10 00:00,2708
2019-03-10 00:05,2684
2019-03-10 00:10,2686
2019-03-10 00:15,2672
2019-03-10 00:20,2637
2019-03-10 00:25,2608
2019-03-10 00:30,2617
2019-03-10 00:35,2590
2019-03-10 00:40,2602
2019-03-10 00:45,2574
2019-03-10 00:50,2559
2019-03-10 00:55,2513
2019-03-10 01:00,2500
2019-03-10 01:05,2499
2019-03-10 01:10,2511
2019-03-10 01:15,2526
2019-03-10 01:20,2518
2019-03-10 01:25,2492
2019-03-10 01:30,2467
2019-03-10 01:35,2454
2019-03-10 01:40,2452
2019-03-10 01:45,2448
2019-03-10 01:50,2452
2019-03-10 01:55,2429
2019-03-10 02:00,2416
2019-03-10 02:05,2413
2019-03-10 02:10,2398
2019-03-10 02:15,2401
2019-03-10 02:20,2390
2019-03-10 02:25,2398
2019-03-10 02:30,2388
2019-03-10 02:35,2386
2019-03-10 02:40,2397
2019-03-10 02:45,2385
2019-03-10 02:50,2361
2019-03-10 02:55,2343
2019-03-10 03:00,2325
2019-03-10 03:05,2316
2019-03-10 03:10,2307
2019-03-10 03:15,2296
2019-03-10 03:20,2287
2019-03-10 03:25,2279
2019-03-10 03:30,2276
2019-03-10 03:35,2288
2019-03-10 03:40,2271
2019-03-10 03:45,2266
2019-03-10 03:50,2251
2019-03-10 03:55,2257
2019-03-10 04:00,2249
2019-03-10 04:05,2227
2019-03-10 04:10,2219
2019-03-10 04:15,2208
2019-03-10 04:20,2204
2019-03-10 04:25,2191
2019-03-10 04:30,2193
2019-03-10 04:35,2161
2019-03-10 04:40,2139
2019-03-10 04:45,2128
2019-03-10 04:50,2111
2019-03-10 04:55,2104
2019-03-10 05:00,2096
2019-03-10 05:05,2083
2019-03-10 05:10,2068
2019-03-10 05:15,2070
2019-03-10 05:20,2043
2019-03-10 05:25,2012
2019-03-10 05:30,2000
2019-03-10 05:35,1969
2019-03-10 05:40,1960
2019-03-10 05:45,1970
2019-03-10 05:50,1965
2019-03-10 05:55,1956
2019-03-10 06:00,1966
2019-03-10 06:05,1948
2019-03-10 06:10,1939
2019-03-10 06:15,1918
2019-03-10 06:20,1916
2019-03-10 06:25,1906
2019-03-10 06:30,1921
2019-03-10 06:35,1909
2019-03-10 06:40,1913
2019-03-10 06:45,1929
2019-03-10 06:50,1927
2019-03-10 06:55,1934
2019-03-10 07:00,1945
2019-03-10 07:05,1944
2019-03-10 07:10,1929
2019-03-10 07:15,1958
2019-03-10 07:20,1953
2019-03-10 07:25,1963
2019-03-10 07:30,1963
2019-03-10 07:35,1964
2019-03-10 07:40,1957
2019-03-10 07:45,1957
2019-03-10 07:50,1947
2019-03-10 07:55,1934
2019-03-10 08:00,1954
2019-03-10 08:05,1978
2019-03-10 08:10,1977
2019-03-10 08:15,1988
2019-03-10 08:20,1996
2019-03-10 08:25,2025
2019-03-10 08:30,2037
2019-03-10 08:35,2039
2019-03-10 08:40,2046
2019-03-10 08:45,2049
2019-03-10 08:50,2076
2019-03-10 08:55,2101
2019-03-10 09:00,2123
2019-03-10 09:05,2140
2019-03-10 09:10,2164
2019-03-10 09:15,2183
2019-03-10 09:20,2198
2019-03-10 09:25,2237
2019-03-10 09:30,2259
2019-03-10 09:35,2270
2019-03-10 09:40,2301
2019-03-10 09:45,2341
2019-03-10 09:50,2357
2019-03-10 09:55,2373
2019-03-10 10:00,2405
2019-03-10 10:05,2419
2019-03-10 10:10,2457
2019-03-10 10:15,2472
2019-03-10 10:20,2499
2019-03-10 10:25,2510
2019-03-10 10:30,2535
2019-03-10 10:35,2568
2019-03-10 10:40,2594
2019-03-10 10:45,2598
2019-03-10 10:50,2620
2019-03-10 10:55,2666
2019-03-10 11:00,2645
2019-03-10 11:05,2656
2019-03-10 11:10,2659
2019-03-10 11:15,2670
2019-03-10 11:20,2671
2019-03-10 11:25,2701
2019-03-10 11:30,2726
2019-03-10 11:35,2722
2019-03-10 11:40,2742
2019-03-10 11:45,2761
2019-03-10 11:50,2771
2019-03-10 11:55,2774
2019-03-10 12:00,2777
2019-03-10 12:05,2773
2019-03-10 12:10,2784
2019-03-10 12:15,2803
2019-03-10 12:20,2803
2019-03-10 12:25,2837
2019-03-10 12:30,2833
2019-03-10 12:35,2840
2019-03-10 12:40,2850
2019-03-10 12:45,2873
2019-03-10 12:50,2880
2019-03-10 12:55,2881
2019-03-10 13:00,2915
2019-03-10 13:05,2913
2019-03-10 13:10,2922
2019-03-10 13:15,2944
2019-03-10 13:20,2970
2019-03-10 13:25,3009
2019-03-10 13:30,3019
2019-03-10 13:35,3034
2019-03-10 13:40,3053
2019-03-10 13:45,3089
2019-03-10 13:50,3112
2019-03-10 13:55,3151
2019-03-10 14:00,3158
2019-03-10 14:05,3190
2019-03-10 14:10,3202
2019-03-10 14:15,3241
2019-03-10 14:20,3255
2019-03-10 14:25,3278
2019-03-10 14:30,3294
2019-03-10 14:35,3294
2019-03-10 14:40,3289
2019-03-10 14:45,3297
2019-03-10 14:50,3330
2019-03-10 14:55,3349
2019-03-10 15:00,3376
2019-03-10 15:05,3398
2019-03-10 15:10,3416
2019-03-10 15:15,3429
2019-03-10 15:20,3430
2019-03-10 15:25,3443
2019-03-10 15:30,3451
2019-03-10 15:35,3486
2019-03-10 15:40,3536
2019-03-10 15:45,3570
2019-03-10 15:50,3585
2019-03-10 15:55,3631
2019-03-10 16:00,3657
2019-03-10 16:05,3680
2019-03-10 16:10,3710
2019-03-10 16:15,3701
2019-03-10 16:20,3713
2019-03-10 16:25,3753
2019-03-10 16:30,3742
2019-03-10 16:35,3755
2019-03-10 16:40,3752
2019-03-10 16:45,3735
2019-03-10 16:50,3750
2019-03-10 16:55,3741
2019-03-10 17:00,3750
2019-03-10 17:05,3781
2019-03-10 17:10,3801
2019-03-10 17:15,3755
2019-03-10 17:20,3775
2019-03-10 17:25,3781
2019-03-10 17:30,3808
2019-03-10 17:35,3802
2019-03-10 17:40,3807
2019-03-10 17:45,3814
2019-03-10 17:50,3820
2019-03-10 17:55,3853
2019-03-10 18:00,3859
2019-03-10 18:05,3828
2019-03-10 18:10,3832
2019-03-10 18:15,3853
2019-03-10 18:20,3858
2019-03-10 18:25,3877
2019-03-10 18:30,3894
2019-03-10 18:35,3913
2019-03-10 18:40,3922
2019-03-10 18:45,3894
2019-03-10 18:50,3910
2019-03-10 18:55,3922
2019-03-10 19:00,3904
2019-03-10 19:05,3917
2019-03-10 19:10,3942
2019-03-10 19:15,3922
2019-03-10 19:20,3932
2019-03-10 19:25,3918
2019-03-10 19:30,3923
2019-03-10 19:35,3901
2019-03-10 19:40,3890
2019-03-10 19:45,3864
2019-03-10 19:50,3863
2019-03-10 19:55,3842
2019-03-10 20:00,3827
2019-03-10 20:05,3793
2019-03-10 20:10,3796
2019-03-10 20:15,3770
2019-03-10 20:20,3740
2019-03-10 20:25,3688
2019-03-10 20:30,3660
2019-03-10 20:35,3638
2019-03-10 20:40,3666
2019-03-10 20:45,3631
2019-03-10 20:50,3611
2019-03-10 20:55,3593
2019-03-10 21:00,3557
2019-03-10 21:05,3524
2019-03-10 21:10,3495
2019-03-10 21:15,3458
2019-03-10 21:20,3436
2019-03-10 21:25,3416
2019-03-10 21:30,3380
2019-03-10 21:35,3367
2019-03-10 21:40,3351
2019-03-10 21:45,3314
2019-03-10 21:50,3260
2019-03-10 21:55,3221
2019-03-10 22:00,3207
2019-03-10 22:05,3220
2019-03-10 22:10,3196
2019-03-10 22:15,3174
2019-03-10 22:20,3145
2019-03-10 22:25,3115
2019-03-10 22:30,3091
2019-03-10 22:35,3079
2019-03-10 22:40,3040
2019-03-10 22:45,3023
2019-03-10 22:50,2991
2019-03-10 22:55,2956
2019-03-10 23:00,2931
2019-03-10 23:05,2888
2019-03-10 23:10,2850
2019-03-10 23:15,2814
2019-03-10 23:20,2778
2019-03-10 23:25,2742
2019-03-10 23:30,2719
2019-03-10 23:35,2696
2019-03-10 23:40,2663
2019-03-10 23:45,2628
2019-03-10 23:50,2620
2019-03-10 23:55,2599
2019-03-11 00:00,2595
2019-03-11 00:05,2557
2019-03-11 00:10,2527
2019-03-11 00:15,2515
2019-03-11 00:20,2486
2019-03-11 00:25,2467
2019-03-11 00:30,2449
2019-03-11 00:35,2430
2019-03-11 00:40,2432
2019-03-11 00:45,2439
2019-03-11 00:50,2420
2019-03-11 00:55,2427
2019-03-11 01:00,2403
2019-03-11 01:05,2385
2019-03-11 01:10,2347
2019-03-11 01:15,2336
2019-03-11 01:20,2319
2019-03-11 01:25,2332
2019-03-11 01:30,2289
2019-03-11 01:35,2283
2019-03-11 01:40,2247
2019-03-11 01:45,2236
2019-03-11 01:50,2214
2019-03-11 01:55,2177
2019-03-11 02:00,2177
2019-03-11 02:05,2163
2019-03-11 02:10,2156
2019-03-11 02:15,2135
2019-03-11 02:20,2097
2019-03-11 02:25,2087
2019-03-11 02:30,2088
2019-03-11 02:35,2066
2019-03-11 02:40,2053
2019-03-11 02:45,2035
2019-03-11 02:50,2012
2019-03-11 02:55,1983
2019-03-11 03:00,1942
2019-03-11 03:05,1919
2019-03-11 03:10,1885
2019-03-11 03:15,1875
2019-03-11 03:20,1858
2019-03-11 03:25,1846
2019-03-11 03:30,1813
2019-03-11 03:35,1791
2019-03-11 03:40,1773
2019-03-11 03:45,1767
2019-03-11 03:50,1722
2019-03-11 03:55,1720
2019-03-11 04:00,1707
2019-03-11 04:05,1686
2019-03-11 04:10,1660
2019-03-11 04:15,1642
2019-03-11 04:20,1599
2019-03-11 04:25,1590
2019-03-11 04:30,1608
2019-03-11 04:35,1579
2019-03-11 04:40,1547
2019-03-11 04:45,1538
2019-03-11 04:50,1528
2019-03-11 04:55,1524
2019-03-11 05:00,1512
2019-03-11 05:05,1491
2019-03-11 05:10,1464
2019-03-11 05:15,1447
2019-03-11 05:20,1438
2019-03-11 05:25,1421
2019-03-11 05:30,1415
2019-03-11 05:35,1391
2019-03-11 05:40,1366
2019-03-11 05:45,1357
2019-03-11 05:50,1360
2019-03-11 05:55,1352
2019-03-11 06:00,1352
2019-03-11 06:05,1348
2019-03-11 06:10,1327
2019-03-11 06:15,1332
2019-03-11 06:20,1320
2019-03-11 06:25,1318
2019-03-11 06:30,1333
2019-03-11 06:35,1333
2019-03-11 06:40,1326
2019-03-11 06:45,1312
2019-03-11 06:50,1295
2019-03-11 06:55,1314
2019-03-11 07:00,1312
2019-03-11 07:05,1302
2019-03-11 07:10,1306
2019-03-11 07:15,1309
2019-03-11 07:20,1320
2019-03-11 07:25,1325
2019-03-11 07:30,1314
2019-03-11 07:35,1315
2019-03-11 07:40,1313
2019-03-11 07:45,1311
2019-03-11 07:50,1303
2019-03-11 07:55,1304
2019-03-11 08:00,1316
2019-03-11 08:05,1300
2019-03-11 08:10,1314
2019-03-11 08:15,1299
2019-03-11 08:20,1303
2019-03-11 08:25,1294
2019-03-11 08:30,1293
2019-03-11 08:35,1303
2019-03-11 08:40,1310
2019-03-11 08:45,1310
2019-03-11 08:50,1333
2019-03-11 08:55,1344
2019-03-11 09:00,1346
2019-03-11 09:05,1345
2019-03-11 09:10,1363
2019-03-11 09:15,1389
2019-03-11 09:20,1397
2019-03-11 09:25,1405
2019-03-11 09:30,1410
2019-03-11 09:35,1435
2019-03-11 09:40,1455
2019-03-11 09:45,1464
2019-03-11 09:50,1473
2019-03-11 09:55,1457
2019-03-11 10:00,1460
2019-03-11 10:05,1471
2019-03-11 10:10,1487
2019-03-11 10:15,1500
2019-03-11 10:20,1535
2019-03-11 10:25,1546
2019-03-11 10:30,1558
2019-03-11 10:35,1586
2019-03-11 10:40,1621
2019-03-11 10:45,1637
2019-03-11 10:50,1649
2019-03-11 10:55,1662
2019-03-11 11:00,1651
2019-03-11 11:05,1659
2019-03-11 11:10,1668
2019-03-11 11:15,1693
2019-03-11 11:20,1698
2019-03-11 11:25,1698
2019-03-11 11:30,1672
2019-03-11 11:35,1683
2019-03-11 11:40,1694
2019-03-11 11:45,1713
2019-03-11 11:50,1723
2019-03-11 11:55,1750
2019-03-11 12:00,1755
2019-03-11 12:05,1788
2019-03-11 12:10,1816
2019-03-11 12:15,1829
2019-03-11 12:20,1851
2019-03-11 12:25,1879
2019-03-11 12:30,1886
2019-03-11 12:35,1914
2019-03-11 12:40,1921
2019-03-11 12:45,1928
2019-03-11 12:50,1946
2019-03-11 12:55,1942
2019-03-11 13:00,1952
2019-03-11 13:05,1947
2019-03-11 13:10,1976
2019-03-11 13:15,1994
2019-03-11 13:20,2032
2019-03-11 13:25,2037
2019-03-11 13:30,2053
2019-03-11 13:35,2077
2019-03-11 13:40,2071
2019-03-11 13:45,2063
2019-03-11 13:50,2072
2019-03-11 13:55,2077
2019-03-11 14:00,2092
2019-03-11 14:05,2110
2019-03-11 14:10,2103
2019-03-11 14:15,2124
2019-03-11 14:20,2189
2019-03-11 14:25,2225
2019-03-11 14:30,2227
2019-03-11 14:35,2249
2019-03-11 14:40,2250
2019-03-11 14:45,2296
2019-03-11 14:50,2312
2019-03-11 14:55,2335
2019-03-11 15:00,
2019-03-11 15:05,
2019-03-11 15:10,
2019-03-11 15:15,
2019-03-11 15:20,
2019-03-11 15:25,
2019-03-11 15:30,
2019-03-11 15:35,
2019-03-11 15:40,
2019-03-11 15:45,
2019-03-11 15:50,
2019-03-11 15:55,
2019-03-11 16:00,
2019-03-11 16:05,
2019-03-11 16:10,
2019-03-11 16:15,
2019-03-11 16:20,
2019-03-11 16:25,
2019-03-11 16:30,
2019-03-11 16:35,
2019-03-11 16:40,
2019-03-11 16:45,
2019-03-11 16:50,
2019-03-11 16:55,
2019-03-11 17:00,
2019-03-11 17:05,
2019-03-11 17:10,
2019-03-11 17:15,
2019-03-11 17:20,
2019-03-11 17:25,
2019-03-11 17:30,
2019-03-11 17:35,
2019-03-11 17:40,
2019-03-11 17:45,
2019-03-11 17:50,
2019-03-11 17:55,
2019-03-11 18:00,
2019-03-11 18:05,
2019-03-11 18:10,
2019-03-11 18:15,
2019-03-11 18:20,
2019-03-11 18:25,
2019-03-11 18:30,
2019-03-11 18:35,
2019-03-11 18:40,
2019-03-11 18:45,
2019-03-11 18:50,
2019-03-11 18:55,
2019-03-11 19:00,
2019-03-11 19:05,
2019-03-11 19:10,
2019-03-11 19:15,
2019-03-11 19:20,
2019-03-11 19:25,
2019-03-11 19:30,
2019-03-11 19:35,
2019-03-11 19:40,
2019-03-11 19:45,
2019-03-11 19:50,
2019-03-11 19:55,
2019-03-11 20:00,
2019-03-11 20:05,
2019-03-11 20:10,
2019-03-11 20:15,
2019-03-11 20:20,
2019-03-11 20:25,
2019-03-11 20:30,
2019-03-11 20:35,
2019-03-11 20:40,
2019-03-11 20:45,
2019-03-11 20:50,
2019-03-11 20:55,
2019-03-11 21:00,
2019-03-11 21:05,
2019-03-11 21:10,
2019-03-11 21:15,
2019-03-11 21:20,
2019-03-11 21:25,
2019-03-11 21:30,
2019-03-11 21:35,
2019-03-11 21:40,
2019-03-11 21:45,
2019-03-11 21:50,
2019-03-11 21:55,
2019-03-11 22:00,
2019-03-11 22:05,
2019-03-11 22:10,
2019-03-11 22:15,
2019-03-11 22:20,
2019-03-11 22:25,2642
2019-03-11 22:30,2612
2019-03-11 22:35,2590
2019-03-11 22:40,2569
2019-03-11 22:45,2562
2019-03-11 22:50,2542
2019-03-11 22:55,2548
2019-03-11 23:00,2510
2019-03-11 23:05,2501
2019-03-11 23:10,2478
2019-03-11 23:15,2415
2019-03-11 23:20,2396
2019-03-11 23:25,2406
2019-03-11 23:30,2390
2019-03-11 23:35,2354
2019-03-11 23:40,2349
2019-03-11 23:45,2358
2019-03-11 23:50,2355
2019-03-11 23:55,2315
2019-03-12 00:00,2291
2019-03-12 00:05,2276
2019-03-12 00:10,2272
2019-03-12 00:15,2242
2019-03-12 00:20,2233
2019-03-12 00:25,2219
2019-03-12 00:30,2249
2019-03-12 00:35,2233
2019-03-12 00:40,2216
2019-03-12 00:45,2232
2019-03-12 00:50,2238
2019-03-12 00:55,2227
2019-03-12 01:00,2253
2019-03-12 01:05,2220
2019-03-12 01:10,2202
2019-03-12 01:15,2219
2019-03-12 01:20,2217
2019-03-12 01:25,2175
2019-03-12 01:30,2172
2019-03-12 01:35,2162
2019-03-12 01:40,2161
2019-03-12 01:45,2138
2019-03-12 01:50,2122
2019-03-12 01:55,2123
2019-03-12 02:00,2110
2019-03-12 02:05,2077
2019-03-12 02:10,2035
2019-03-12 02:15,2037
2019-03-12 02:20,2025
2019-03-12 02:25,2010
2019-03-12 02:30,2000
2019-03-12 02:35,1983
2019-03-12 02:40,1971
2019-03-12 02:45,1963
2019-03-12 02:50,1928
2019-03-12 02:55,1902
2019-03-12 03:00,1877
2019-03-12 03:05,1842
2019-03-12 03:10,1816
2019-03-12 03:15,1799
2019-03-12 03:20,1759
2019-03-12 03:25,1763
2019-03-12 03:30,1743
2019-03-12 03:35,1731
2019-03-12 03:40,1717
2019-03-12 03:45,1708
2019-03-12 03:50,1693
2019-03-12 03:55,1687
2019-03-12 04:00,1670
2019-03-12 04:05,1652
2019-03-12 04:10,1631
2019-03-12 04:15,1629
2019-03-12 04:20,1610
2019-03-12 04:25,1601
2019-03-12 04:30,1572
2019-03-12 04:35,1533
2019-03-12 04:40,1503
2019-03-12 04:45,1490
2019-03-12 04:50,1457
2019-03-12 04:55,1440
2019-03-12 05:00,1443
2019-03-12 05:05,1430
2019-03-12 05:10,1424
2019-03-12 05:15,1408
2019-03-12 05:20,1397
2019-03-12 05:25,1389
2019-03-12 05:30,1383
2019-03-12 05:35,1370
2019-03-12 05:40,1365
2019-03-12 05:45,1357
2019-03-12 05:50,1339
2019-03-12 05:55,1331
2019-03-12 06:00,1314
2019-03-12 06:05,1319
2019-03-12 06:10,1310
2019-03-12 06:15,1295
2019-03-12 06:20,1286
2019-03-12 06:25,1276
2019-03-12 06:30,1268
2019-03-12 06:35,1256
2019-03-12 06:40,1261
2019-03-12 06:45,1255
2019-03-12 06:50,1243
2019-03-12 06:55,1241
2019-03-12 07:00,1227
2019-03-12 07:05,1223
2019-03-12 07:10,1217
2019-03-12 07:15,1229
2019-03-12 07:20,1237
2019-03-12 07:25,1235
2019-03-12 07:30,1248
2019-03-12 07:35,1234
2019-03-12 07:40,1239
2019-03-12 07:45,1248
2019-03-12 07:50,1264
2019-03-12 07:55,1285
2019-03-12 08:00,1275
2019-03-12 08:05,1268
2019-03-12 08:10,1262
2019-03-12 08:15,1245
2019-03-12 08:20,1248
2019-03-12 08:25,1249
2019-03-12 08:30,1246
2019-03-12 08:35,1263
2019-03-12 08:40,1260
2019-03-12 08:45,1287
2019-03-12 08:50,1305
2019-03-12 08:55,1314
2019-03-12 09:00,1315
2019-03-12 09:05,1311
2019-03-12 09:10,1311
2019-03-12 09:15,1329
2019-03-12 09:20,1328
2019-03-12 09:25,1340
2019-03-12 09:30,1340
2019-03-12 09:35,1339
2019-03-12 09:40,1349
2019-03-12 09:45,1351
2019-03-12 09:50,1357
2019-03-12 09:55,1366
2019-03-12 10:00,1379
2019-03-12 10:05,1402
2019-03-12 10:10,1436
2019-03-12 10:15,1450
2019-03-12 10:20,1449
2019-03-12 10:25,1460
2019-03-12 10:30,1468
2019-03-12 10:35,1473
2019-03-12 10:40,1496
2019-03-12 10:45,1509
2019-03-12 10:50,1540
2019-03-12 10:55,1555
2019-03-12 11:00,1546
2019-03-12 11:05,1562
2019-03-12 11:10,1574
2019-03-12 11:15,1582
2019-03-12 11:20,1604
2019-03-12 11:25,1614
2019-03-12 11:30,1614
2019-03-12 11:35,1603
2019-03-12 11:40,1616
2019-03-12 11:45,1631
2019-03-12 11:50,1657
2019-03-12 11:55,1660
2019-03-12 12:00,1677
2019-03-12 12:05,1698
2019-03-12 12:10,1705
2019-03-12 12:15,1725
2019-03-12 12:20,1737
2019-03-12 12:25,1752
2019-03-12 12:30,1752
2019-03-12 12:35,1778
2019-03-12 12:40,1759
2019-03-12 12:45,1780
2019-03-12 12:50,1785
2019-03-12 12:55,1803
2019-03-12 13:00,1838
2019-03-12 13:05,1870
2019-03-12 13:10,1911
2019-03-12 13:15,1926
2019-03-12 13:20,1932
2019-03-12 13:25,1945
2019-03-12 13:30,1955
2019-03-12 13:35,1958
2019-03-12 13:40,1962
2019-03-12 13:45,1974
2019-03-12 13:50,2006
2019-03-12 13:55,2012
2019-03-12 14:00,2019
2019-03-12 14:05,2027
2019-03-12 14:10,2032
2019-03-12 14:15,2053
2019-03-12 14:20,2065
2019-03-12 14:25,2089
2019-03-12 14:30,2101
2019-03-12 14:35,2103
2019-03-12 14:40,2140
2019-03-12 14:45,2140
2019-03-12 14:50,2172
2019-03-12 14:55,2187
2019-03-12 15:00,2227
2019-03-12 15:05,2239
2019-03-12 15:10,2265
2019-03-12 15:15,2312
2019-03-12 15:20,2327
2019-03-12 15:25,2338
2019-03-12 15:30,2352
2019-03-12 15:35,2382
2019-03-12 15:40,2413
2019-03-12 15:45,2456
2019-03-12 15:50,2449
2019-03-12 15:55,2479
2019-03-12 16:00,2502
2019-03-12 16:05,2512
2019-03-12 16:10,2522
2019-03-12 16:15,2564
2019-03-12 16:20,2573
2019-03-12 16:25,2612
2019-03-12 16:30,2636
2019-03-12 16:35,2639
2019-03-12 16:40,2656
2019-03-12 16:45,2686
2019-03-12 16:50,2696
2019-03-12 16:55,2711
2019-03-12 17:00,2738
2019-03-12 17:05,2781
2019-03-12 17:10,2771
2019-03-12 17:15,2786
2019-03-12 17:20,2787
2019-03-12 17:25,2813
2019-03-12 17:30,2858
2019-03-12 17:35,2886
2019-03-12 17:40,2912
2019-03-12 17:45,2824
2019-03-12 17:50,2914
2019-03-12 17:55,2937
2019-03-12 18:00,
2019-03-12 18:05,2947
2019-03-12 18:10,2969
2019-03-12 18:15,2978
2019-03-12 18:20,2986
2019-03-12 18:25,2990
2019-03-12 18:30,3010
2019-03-12 18:35,3003
2019-03-12 18:40,3009
2019-03-12 18:45,2989
2019-03-12 18:50,2973
2019-03-12 18:55,2961
2019-03-12 19:00,2996
2019-03-12 19:05,2995
2019-03-12 19:10,2984
2019-03-12 19:15,3019
2019-03-12 19:20,3013
2019-03-12 19:25,3027
2019-03-12 19:30,3000
2019-03-12 19:35,3008
2019-03-12 19:40,3026
2019-03-12 19:45,3025
2019-03-12 19:50,3039
2019-03-12 19:55,3035
2019-03-12 20:00,3026
2019-03-12 20:05,3035
2019-03-12 20:10,2993
2019-03-12 20:15,2987
2019-03-12 20:20,2992
2019-03-12 20:25,2970
2019-03-12 20:30,2966
2019-03-12 20:35,2957
2019-03-12 20:40,2932
2019-03-12 20:45,2885
2019-03-12 20:50,2900
2019-03-12 20:55,2899
2019-03-12 21:00,2866
2019-03-12 21:05,2862
2019-03-12 21:10,2798
2019-03-12 21:15,2759
2019-03-12 21:20,2765
2019-03-12 21:25,2734
2019-03-12 21:30,2717
2019-03-12 21:35,2696
2019-03-12 21:40,2683
2019-03-12 21:45,2626
2019-03-12 21:50,2603
2019-03-12 21:55,2572
2019-03-12 22:00,2559
2019-03-12 22:05,2527
2019-03-12 22:10,2521
2019-03-12 22:15,2515
2019-03-12 22:20,2515
2019-03-12 22:25,2468
2019-03-12 22:30,2465
2019-03-12 22:35,2423
2019-03-12 22:40,2419
2019-03-12 22:45,2397
2019-03-12 22:50,2383
2019-03-12 22:55,2373
2019-03-12 23:00,2372
2019-03-12 23:05,2358
2019-03-12 23:10,2329
2019-03-12 23:15,2317
2019-03-12 23:20,2316
2019-03-12 23:25,2303
2019-03-12 23:30,2325
2019-03-12 23:35,0
2019-03-12 23:40,1839
2019-03-12 23:45,2221
2019-03-12 23:50,2267
2019-03-12 23:55,2271
2019-03-13 00:00,2250
2019-03-13 00:05,2218
2019-03-13 00:10,2188
2019-03-13 00:15,2185
2019-03-13 00:20,2192
2019-03-13 00:25,2177
2019-03-13 00:30,2182
2019-03-13 00:35,2172
2019-03-13 00:40,2151
2019-03-13 00:45,2140
2019-03-13 00:50,2139
2019-03-13 00:55,2115
2019-03-13 01:00,2132
2019-03-13 01:05,2088
2019-03-13 01:10,2086
2019-03-13 01:15,2070
2019-03-13 01:20,2075
2019-03-13 01:25,2063
2019-03-13 01:30,2033
2019-03-13 01:35,2006
2019-03-13 01:40,1994
2019-03-13 01:45,1979
2019-03-13 01:50,1960
2019-03-13 01:55,1946
2019-03-13 02:00,1964
2019-03-13 02:05,1954
2019-03-13 02:10,1923
2019-03-13 02:15,1910
2019-03-13 02:20,1868
2019-03-13 02:25,1861
2019-03-13 02:30,1843
2019-03-13 02:35,1804
2019-03-13 02:40,1792
2019-03-13 02:45,1801
2019-03-13 02:50,1802
2019-03-13 02:55,1771
2019-03-13 03:00,1748
2019-03-13 03:05,1737
2019-03-13 03:10,1729
2019-03-13 03:15,1704
2019-03-13 03:20,1668
2019-03-13 03:25,1638
2019-03-13 03:30,1613
2019-03-13 03:35,1607
2019-03-13 03:40,1591
2019-03-13 03:45,1570
2019-03-13 03:50,1563
2019-03-13 03:55,1559
2019-03-13 04:00,1554
2019-03-13 04:05,1558
2019-03-13 04:10,1516
2019-03-13 04:15,1503
2019-03-13 04:20,1474
2019-03-13 04:25,1473
2019-03-13 04:30,1462
2019-03-13 04:35,1432
2019-03-13 04:40,1442
2019-03-13 04:45,1436
2019-03-13 04:50,1441
2019-03-13 04:55,1432
2019-03-13 05:00,1434
2019-03-13 05:05,1423
2019-03-13 05:10,1402
2019-03-13 05:15,1392
2019-03-13 05:20,1388
2019-03-13 05:25,1382
2019-03-13 05:30,1380
2019-03-13 05:35,1372
2019-03-13 05:40,1356
2019-03-13 05:45,1347
2019-03-13 05:50,1341
2019-03-13 05:55,1332
2019-03-13 06:00,1318
2019-03-13 06:05,1303
2019-03-13 06:10,1293
2019-03-13 06:15,1286
2019-03-13 06:20,1276
2019-03-13 06:25,1270
2019-03-13 06:30,1266
2019-03-13 06:35,1273
2019-03-13 06:40,1268
2019-03-13 06:45,1270
2019-03-13 06:50,1250
2019-03-13 06:55,1244
2019-03-13 07:00,1245
2019-03-13 07:05,1233
2019-03-13 07:10,1224
2019-03-13 07:15,1220
2019-03-13 07:20,1231
2019-03-13 07:25,1230
2019-03-13 07:30,1239
2019-03-13 07:35,1243
2019-03-13 07:40,1242
2019-03-13 07:45,1245
2019-03-13 07:50,1239
2019-03-13 07:55,1228
2019-03-13 08:00,1237
2019-03-13 08:05,1236
2019-03-13 08:10,1252
2019-03-13 08:15,1248
2019-03-13 08:20,1242
2019-03-13 08:25,1236
2019-03-13 08:30,1238
2019-03-13 08:35,1237
2019-03-13 08:40,1240
2019-03-13 08:45,1242
2019-03-13 08:50,1244
2019-03-13 08:55,1252
2019-03-13 09:00,1278
2019-03-13 09:05,1276
2019-03-13 09:10,1290
2019-03-13 09:15,1307
2019-03-13 09:20,1323
2019-03-13 09:25,1351
2019-03-13 09:30,1387
2019-03-13 09:35,1391
2019-03-13 09:40,1370
2019-03-13 09:45,1383
2019-03-13 09:50,1400
2019-03-13 09:55,1414
2019-03-13 10:00,1433
2019-03-13 10:05,1440
2019-03-13 10:10,1479
2019-03-13 10:15,1500
2019-03-13 10:20,1509
2019-03-13 10:25,1511
2019-03-13 10:30,1527
2019-03-13 10:35,1538
2019-03-13 10:40,1540
2019-03-13 10:45,1558
2019-03-13 10:50,1571
2019-03-13 10:55,1561
2019-03-13 11:00,1575
2019-03-13 11:05,1550
2019-03-13 11:10,1564
2019-03-13 11:15,1560
2019-03-13 11:20,1587
2019-03-13 11:25,1626
2019-03-13 11:30,1648
2019-03-13 11:35,1668
2019-03-13 11:40,1666
2019-03-13 11:45,1666
2019-03-13 11:50,1709
2019-03-13 11:55,1725
2019-03-13 12:00,1715
2019-03-13 12:05,1720
2019-03-13 12:10,1715
2019-03-13 12:15,1723
2019-03-13 12:20,1717
2019-03-13 12:25,1736
2019-03-13 12:30,1751
2019-03-13 12:35,1760
2019-03-13 12:40,1766
2019-03-13 12:45,1788
2019-03-13 12:50,1805
2019-03-13 12:55,1804
2019-03-13 13:00,1813
2019-03-13 13:05,1838
2019-03-13 13:10,1815
2019-03-13 13:15,1847
2019-03-13 13:20,1870
2019-03-13 13:25,1848
2019-03-13 13:30,1842
2019-03-13 13:35,1839
2019-03-13 13:40,1855
2019-03-13 13:45,1853
2019-03-13 13:50,1863
2019-03-13 13:55,1884
2019-03-13 14:00,1910
2019-03-13 14:05,1907
2019-03-13 14:10,1922
2019-03-13 14:15,1943
2019-03-13 14:20,1965
2019-03-13 14:25,1976
2019-03-13 14:30,1966
2019-03-13 14:35,1983
2019-03-13 14:40,2011
2019-03-13 14:45,2034
2019-03-13 14:50,2029
2019-03-13 14:55,2066
2019-03-13 15:00,2069
2019-03-13 15:05,2105
2019-03-13 15:10,2125
2019-03-13 15:15,2113
2019-03-13 15:20,2129
2019-03-13 15:25,2165
2019-03-13 15:30,2214
2019-03-13 15:35,2225
2019-03-13 15:40,2228
2019-03-13 15:45,2265
2019-03-13 15:50,2280
2019-03-13 15:55,2288
2019-03-13 16:00,2308
2019-03-13 16:05,2325
2019-03-13 16:10,2354
2019-03-13 16:15,2352
2019-03-13 16:20,2376
2019-03-13 16:25,2394
2019-03-13 16:30,2431
2019-03-13 16:35,2448
2019-03-13 16:40,2469
2019-03-13 16:45,2503
2019-03-13 16:50,2513
2019-03-13 16:55,2541
2019-03-13 17:00,2537
2019-03-13 17:05,2545
2019-03-13 17:10,2571
2019-03-13 17:15,2581
2019-03-13 17:20,2604
2019-03-13 17:25,0
2019-03-13 17:30,2665
2019-03-13 17:35,2681
2019-03-13 17:40,2686
2019-03-13 17:45,2704
2019-03-13 17:50,2708
2019-03-13 17:55,2722
2019-03-13 18:00,2724
2019-03-13 18:05,2729
2019-03-13 18:10,2746
2019-03-13 18:15,2756
2019-03-13 18:20,2804
2019-03-13 18:25,2826
2019-03-13 18:30,2859
2019-03-13 18:35,2849
2019-03-13 18:40,2883
2019-03-13 18:45,2870
2019-03-13 18:50,2879
2019-03-13 18:55,2906
2019-03-13 19:00,2903
2019-03-13 19:05,2898
2019-03-13 19:10,2897
2019-03-13 19:15,2898
2019-03-13 19:20,2877
2019-03-13 19:25,2886
2019-03-13 19:30,2873
2019-03-13 19:35,2885
2019-03-13 19:40,2887
2019-03-13 19:45,2893
2019-03-13 19:50,2895
2019-03-13 19:55,2887
2019-03-13 20:00,2899
2019-03-13 20:05,2853
2019-03-13 20:10,2838
2019-03-13 20:15,2831
2019-03-13 20:20,2738
2019-03-13 20:25,2824
2019-03-13 20:30,2838
2019-03-13 20:35,2832
2019-03-13 20:40,2812
2019-03-13 20:45,2694
2019-03-13 20:50,2776
2019-03-13 20:55,2753
2019-03-13 21:00,2717
2019-03-13 21:05,2618
2019-03-13 21:10,2653
2019-03-13 21:15,2629
2019-03-13 21:20,2591
2019-03-13 21:25,2494
2019-03-13 21:30,2554
2019-03-13 21:35,2556
2019-03-13 21:40,2514
2019-03-13 21:45,2513
2019-03-13 21:50,2493
2019-03-13 21:55,2486
2019-03-13 22:00,2443
2019-03-13 22:05,2406
2019-03-13 22:10,2419
2019-03-13 22:15,2408
2019-03-13 22:20,2377
2019-03-13 22:25,2374
2019-03-13 22:30,2329
2019-03-13 22:35,2313
2019-03-13 22:40,2288
2019-03-13 22:45,2268
2019-03-13 22:50,2239
2019-03-13 22:55,2221
2019-03-13 23:00,2199
2019-03-13 23:05,2179
2019-03-13 23:10,2179
2019-03-13 23:15,2180
2019-03-13 23:20,2160
2019-03-13 23:25,2173
2019-03-13 23:30,2156
2019-03-13 23:35,2168
2019-03-13 23:40,2153
2019-03-13 23:45,2128
2019-03-13 23:50,2119
2019-03-13 23:55,2108
2019-03-14 00:00,2091
2019-03-14 00:05,2079
2019-03-14 00:10,2084
2019-03-14 00:15,2088
2019-03-14 00:20,2070
2019-03-14 00:25,2065
2019-03-14 00:30,2041
2019-03-14 00:35,2029
2019-03-14 00:40,2015
2019-03-14 00:45,2006
2019-03-14 00:50,1993
2019-03-14 00:55,1982
2019-03-14 01:00,1980
2019-03-14 01:05,1961
2019-03-14 01:10,1923
2019-03-14 01:15,1890
2019-03-14 01:20,1885
2019-03-14 01:25,1879
2019-03-14 01:30,1892
2019-03-14 01:35,1899
2019-03-14 01:40,1884
2019-03-14 01:45,1883
2019-03-14 01:50,1873
2019-03-14 01:55,1890
2019-03-14 02:00,1869
2019-03-14 02:05,1865
2019-03-14 02:10,1843
2019-03-14 02:15,1833
2019-03-14 02:20,1811
2019-03-14 02:25,1795
2019-03-14 02:30,1786
2019-03-14 02:35,1770
2019-03-14 02:40,1765
2019-03-14 02:45,1739
2019-03-14 02:50,1721
2019-03-14 02:55,1716
2019-03-14 03:00,1701
2019-03-14 03:05,1688
2019-03-14 03:10,1668
2019-03-14 03:15,1654
2019-03-14 03:20,1637
2019-03-14 03:25,1610
2019-03-14 03:30,1578
2019-03-14 03:35,1552
2019-03-14 03:40,1533
2019-03-14 03:45,1533
2019-03-14 03:50,1528
2019-03-14 03:55,1518
2019-03-14 04:00,1501
2019-03-14 04:05,1487
2019-03-14 04:10,1461
2019-03-14 04:15,1461
2019-03-14 04:20,1469
2019-03-14 04:25,1446
2019-03-14 04:30,1434
2019-03-14 04:35,1414
2019-03-14 04:40,1423
2019-03-14 04:45,1415
2019-03-14 04:50,1404
2019-03-14 04:55,1396
2019-03-14 05:00,1357
2019-03-14 05:05,1342
2019-03-14 05:10,1326
2019-03-14 05:15,1299
2019-03-14 05:20,1303
2019-03-14 05:25,1301
2019-03-14 05:30,1290
2019-03-14 05:35,1306
2019-03-14 05:40,1280
2019-03-14 05:45,1276
2019-03-14 05:50,1234
2019-03-14 05:55,1230
2019-03-14 06:00,1220
2019-03-14 06:05,1216
2019-03-14 06:10,1214
2019-03-14 06:15,1209
2019-03-14 06:20,1195
2019-03-14 06:25,1178
2019-03-14 06:30,1174
2019-03-14 06:35,1173
2019-03-14 06:40,1168
2019-03-14 06:45,1167
2019-03-14 06:50,1160
2019-03-14 06:55,1144
2019-03-14 07:00,1165
2019-03-14 07:05,1152
2019-03-14 07:10,1147
2019-03-14 07:15,1139
2019-03-14 07:20,1138
2019-03-14 07:25,1137
2019-03-14 07:30,1143
2019-03-14 07:35,1149
2019-03-14 07:40,1150
2019-03-14 07:45,1172
2019-03-14 07:50,1161
2019-03-14 07:55,1165
2019-03-14 08:00,1142
2019-03-14 08:05,1159
2019-03-14 08:10,1160
2019-03-14 08:15,1177
2019-03-14 08:20,1200
2019-03-14 08:25,1201
2019-03-14 08:30,1204
2019-03-14 08:35,1212
2019-03-14 08:40,1223
2019-03-14 08:45,1213
2019-03-14 08:50,1206
2019-03-14 08:55,1218
2019-03-14 09:00,1221
2019-03-14 09:05,1230
2019-03-14 09:10,1233
2019-03-14 09:15,1251
2019-03-14 09:20,1245
2019-03-14 09:25,1258
2019-03-14 09:30,1276
2019-03-14 09:35,1285
2019-03-14 09:40,1293
2019-03-14 09:45,1305
2019-03-14 09:50,1299
2019-03-14 09:55,1324
2019-03-14 10:00,1353
2019-03-14 10:05,1400
2019-03-14 10:10,1414
2019-03-14 10:15,1411
2019-03-14 10:20,1433
2019-03-14 10:25,1451
2019-03-14 10:30,1468
2019-03-14 10:35,1473
2019-03-14 10:40,1474
2019-03-14 10:45,1492
2019-03-14 10:50,1503
2019-03-14 10:55,1509
2019-03-14 11:00,1516
2019-03-14 11:05,1524
2019-03-14 11:10,1518
2019-03-14 11:15,1526
2019-03-14 11:20,1553
2019-03-14 11:25,1561
2019-03-14 11:30,1573
2019-03-14 11:35,1588
2019-03-14 11:40,1596
2019-03-14 11:45,1600
2019-03-14 11:50,1608
2019-03-14 11:55,1611
2019-03-14 12:00,1630
2019-03-14 12:05,1633
2019-03-14 12:10,1631
2019-03-14 12:15,1629
2019-03-14 12:20,1632
2019-03-14 12:25,1653
2019-03-14 12:30,1653
2019-03-14 12:35,1679
2019-03-14 12:40,1691
2019-03-14 12:45,1696
2019-03-14 12:50,1718
2019-03-14 12:55,1742
2019-03-14 13:00,1704
2019-03-14 13:05,1725
2019-03-14 13:10,1729
2019-03-14 13:15,1745
2019-03-14 13:20,1757
2019-03-14 13:25,1773
2019-03-14 13:30,1773
2019-03-14 13:35,1796
2019-03-14 13:40,1783
2019-03-14 13:45,1767
2019-03-14 13:50,1738
2019-03-14 13:55,1689
2019-03-14 14:00,1635
2019-03-14 14:05,1429
2019-03-14 14:10,1114
2019-03-14 14:15,1075
2019-03-14 14:20,1071
2019-03-14 14:25,1067
2019-03-14 14:30,1057
2019-03-14 14:35,1052
2019-03-14 14:40,1060
2019-03-14 14:45,1088
2019-03-14 14:50,1100
2019-03-14 14:55,1116
2019-03-14 15:00,1131
2019-03-14 15:05,1131
2019-03-14 15:10,1156
2019-03-14 15:15,1171
2019-03-14 15:20,1173
2019-03-14 15:25,1223
2019-03-14 15:30,1320
2019-03-14 15:35,1468
2019-03-14 15:40,1563
2019-03-14 15:45,1658
2019-03-14 15:50,1738
2019-03-14 15:55,1822
2019-03-14 16:00,1902
2019-03-14 16:05,1971
2019-03-14 16:10,2036
2019-03-14 16:15,2110
2019-03-14 16:20,2158
2019-03-14 16:25,2233
2019-03-14 16:30,2272
2019-03-14 16:35,2356
2019-03-14 16:40,2403
2019-03-14 16:45,2451
2019-03-14 16:50,2488
2019-03-14 16:55,2530
2019-03-14 17:00,2601
2019-03-14 17:05,2625
2019-03-14 17:10,2662
2019-03-14 17:15,2694
2019-03-14 17:20,2728
2019-03-14 17:25,2722
2019-03-14 17:30,2740
2019-03-14 17:35,2776
2019-03-14 17:40,2788
2019-03-14 17:45,2796
2019-03-14 17:50,2831
2019-03-14 17:55,2836
2019-03-14 18:00,2864
2019-03-14 18:05,2875
2019-03-14 18:10,2863
2019-03-14 18:15,2878
2019-03-14 18:20,2895
2019-03-14 18:25,2899
2019-03-14 18:30,2896
2019-03-14 18:35,2915
2019-03-14 18:40,2889
2019-03-14 18:45,2884
2019-03-14 18:50,2890
2019-03-14 18:55,2896
2019-03-14 19:00,2891
2019-03-14 19:05,2882
2019-03-14 19:10,2884
2019-03-14 19:15,2886
2019-03-14 19:20,2896
2019-03-14 19:25,2862
2019-03-14 19:30,2888
2019-03-14 19:35,2899
2019-03-14 19:40,2913
2019-03-14 19:45,2891
2019-03-14 19:50,2903
2019-03-14 19:55,2900
2019-03-14 20:00,2928
2019-03-14 20:05,2921
2019-03-14 20:10,2914
2019-03-14 20:15,2896
2019-03-14 20:20,2918
2019-03-14 20:25,2909
2019-03-14 20:30,2913
2019-03-14 20:35,2918
2019-03-14 20:40,2915
2019-03-14 20:45,2888
2019-03-14 20:50,2881
2019-03-14 20:55,2869
2019-03-14 21:00,2816
2019-03-14 21:05,2782
2019-03-14 21:10,2746
2019-03-14 21:15,2725
2019-03-14 21:20,2721
2019-03-14 21:25,2705
2019-03-14 21:30,2679
2019-03-14 21:35,2651
2019-03-14 21:40,2627
2019-03-14 21:45,2605
2019-03-14 21:50,2584
2019-03-14 21:55,2554
2019-03-14 22:00,2531
2019-03-14 22:05,2505
2019-03-14 22:10,2473
2019-03-14 22:15,2463
2019-03-14 22:20,2457
2019-03-14 22:25,2451
2019-03-14 22:30,2435
2019-03-14 22:35,2391
2019-03-14 22:40,2391
2019-03-14 22:45,2374
2019-03-14 22:50,2329
2019-03-14 22:55,2299
2019-03-14 23:00,2299
2019-03-14 23:05,2306
2019-03-14 23:10,2268
2019-03-14 23:15,2229
2019-03-14 23:20,2230
2019-03-14 23:25,2219
2019-03-14 23:30,2191
2019-03-14 23:35,2182
2019-03-14 23:40,2157
2019-03-14 23:45,2139
2019-03-14 23:50,2126
2019-03-14 23:55,2087
2019-03-15 00:00,2074
2019-03-15 00:05,2021
2019-03-15 00:10,2025
2019-03-15 00:15,2034
2019-03-15 00:20,2016
2019-03-15 00:25,2039
2019-03-15 00:30,2007
2019-03-15 00:35,2018
2019-03-15 00:40,2016
2019-03-15 00:45,1975
2019-03-15 00:50,1968
2019-03-15 00:55,1977
2019-03-15 01:00,1970
2019-03-15 01:05,1929
2019-03-15 01:10,1913
2019-03-15 01:15,1917
2019-03-15 01:20,1916
2019-03-15 01:25,1934
2019-03-15 01:30,1917
2019-03-15 01:35,1908
2019-03-15 01:40,1916
2019-03-15 01:45,1891
2019-03-15 01:50,1872
2019-03-15 01:55,1851
2019-03-15 02:00,1824
2019-03-15 02:05,1825
2019-03-15 02:10,1828
2019-03-15 02:15,1798
2019-03-15 02:20,1818
2019-03-15 02:25,1817
2019-03-15 02:30,1799
2019-03-15 02:35,1774
2019-03-15 02:40,1738
2019-03-15 02:45,1705
2019-03-15 02:50,1696
2019-03-15 02:55,1698
2019-03-15 03:00,1674
2019-03-15 03:05,1669
2019-03-15 03:10,1635
2019-03-15 03:15,1611
2019-03-15 03:20,1603
2019-03-15 03:25,1590
2019-03-15 03:30,1560
2019-03-15 03:35,1558
2019-03-15 03:40,1551
2019-03-15 03:45,1548
2019-03-15 03:50,1532
2019-03-15 03:55,1536
2019-03-15 04:00,1514
2019-03-15 04:05,1498
2019-03-15 04:10,1511
2019-03-15 04:15,1493
2019-03-15 04:20,1494
2019-03-15 04:25,1467
2019-03-15 04:30,1455
2019-03-15 04:35,1447
2019-03-15 04:40,1443
2019-03-15 04:45,1438
2019-03-15 04:50,1449
2019-03-15 04:55,1422
2019-03-15 05:00,1416
2019-03-15 05:05,1385
2019-03-15 05:10,1359
2019-03-15 05:15,1353
2019-03-15 05:20,1338
2019-03-15 05:25,1328
2019-03-15 05:30,1310
2019-03-15 05:35,1280
2019-03-15 05:40,1260
2019-03-15 05:45,1259
2019-03-15 05:50,1259
2019-03-15 05:55,1242
2019-03-15 06:00,1225
2019-03-15 06:05,1196
2019-03-15 06:10,1185
2019-03-15 06:15,1185
2019-03-15 06:20,1176
2019-03-15 06:25,1198
2019-03-15 06:30,1210
2019-03-15 06:35,1221
2019-03-15 06:40,1237
2019-03-15 06:45,1237
2019-03-15 06:50,1238
2019-03-15 06:55,1247
2019-03-15 07:00,1252
2019-03-15 07:05,1257
2019-03-15 07:10,1244
2019-03-15 07:15,1245
2019-03-15 07:20,1247
2019-03-15 07:25,1251
2019-03-15 07:30,1250
2019-03-15 07:35,1246
2019-03-15 07:40,1260
2019-03-15 07:45,1270
2019-03-15 07:50,1257
2019-03-15 07:55,1255
2019-03-15 08:00,1253
2019-03-15 08:05,1241
2019-03-15 08:10,1241
2019-03-15 08:15,1241
2019-03-15 08:20,1235
2019-03-15 08:25,1238
2019-03-15 08:30,1233
2019-03-15 08:35,1244
2019-03-15 08:40,1235
2019-03-15 08:45,1237
2019-03-15 08:50,1274
2019-03-15 08:55,1275
2019-03-15 09:00,1266
2019-03-15 09:05,1275
2019-03-15 09:10,1294
2019-03-15 09:15,1298
2019-03-15 09:20,1315
2019-03-15 09:25,1314
2019-03-15 09:30,1319
2019-03-15 09:35,1337
2019-03-15 09:40,1362
2019-03-15 09:45,1360
2019-03-15 09:50,1385
2019-03-15 09:55,1411
2019-03-15 10:00,1432
2019-03-15 10:05,1462
2019-03-15 10:10,1479
2019-03-15 10:15,1483
2019-03-15 10:20,1494
2019-03-15 10:25,1528
2019-03-15 10:30,1551
2019-03-15 10:35,1556
2019-03-15 10:40,1564
2019-03-15 10:45,1575
2019-03-15 10:50,1581
2019-03-15 10:55,1599
2019-03-15 11:00,1594
2019-03-15 11:05,1605
2019-03-15 11:10,1599
2019-03-15 11:15,1621
2019-03-15 11:20,1631
2019-03-15 11:25,1635
2019-03-15 11:30,1659
2019-03-15 11:35,1663
2019-03-15 11:40,1665
2019-03-15 11:45,1702
2019-03-15 11:50,1697
2019-03-15 11:55,1701
2019-03-15 12:00,1727
2019-03-15 12:05,1743
2019-03-15 12:10,1742
2019-03-15 12:15,1782
2019-03-15 12:20,1787
2019-03-15 12:25,1822
2019-03-15 12:30,1837
2019-03-15 12:35,1843
2019-03-15 12:40,1869
2019-03-15 12:45,1898
2019-03-15 12:50,1908
2019-03-15 12:55,1922
2019-03-15 13:00,1918
2019-03-15 13:05,1937
2019-03-15 13:10,1976
2019-03-15 13:15,1966
2019-03-15 13:20,1993
2019-03-15 13:25,1999
2019-03-15 13:30,2002
2019-03-15 13:35,2029
2019-03-15 13:40,2013
2019-03-15 13:45,2020
2019-03-15 13:50,2037
2019-03-15 13:55,2028
2019-03-15 14:00,2044
2019-03-15 14:05,2055
2019-03-15 14:10,2070
2019-03-15 14:15,2092
2019-03-15 14:20,2098
2019-03-15 14:25,2091
2019-03-15 14:30,2100
2019-03-15 14:35,2088
2019-03-15 14:40,2090
2019-03-15 14:45,2114
2019-03-15 14:50,2128
2019-03-15 14:55,2167
2019-03-15 15:00,2194
2019-03-15 15:05,2203
2019-03-15 15:10,2221
2019-03-15 15:15,2242
2019-03-15 15:20,2233
2019-03-15 15:25,2251
2019-03-15 15:30,2249
2019-03-15 15:35,2283
2019-03-15 15:40,2308
2019-03-15 15:45,2323
2019-03-15 15:50,2331
2019-03-15 15:55,2341
2019-03-15 16:00,2341
2019-03-15 16:05,2370
2019-03-15 16:10,2422
2019-03-15 16:15,2437
2019-03-15 16:20,2427
2019-03-15 16:25,2461
2019-03-15 16:30,2431
2019-03-15 16:35,2440
2019-03-15 16:40,2459
2019-03-15 16:45,2493
2019-03-15 16:50,2494
2019-03-15 16:55,2512
2019-03-15 17:00,2528
2019-03-15 17:05,2569
2019-03-15 17:10,2586
2019-03-15 17:15,2593
2019-03-15 17:20,2634
2019-03-15 17:25,2645
2019-03-15 17:30,2674
2019-03-15 17:35,2689
2019-03-15 17:40,2691
2019-03-15 17:45,2718
2019-03-15 17:50,2566
2019-03-15 17:55,2590
2019-03-15 18:00,2612
2019-03-15 18:05,2599
2019-03-15 18:10,2609
2019-03-15 18:15,2652
2019-03-15 18:20,2662
2019-03-15 18:25,2683
2019-03-15 18:30,2685
2019-03-15 18:35,2671
2019-03-15 18:40,2688
2019-03-15 18:45,2712
2019-03-15 18:50,2710
2019-03-15 18:55,2724
2019-03-15 19:00,2712
2019-03-15 19:05,2696
2019-03-15 19:10,2696
2019-03-15 19:15,2673
2019-03-15 19:20,2694
2019-03-15 19:25,2682
2019-03-15 19:30,2699
2019-03-15 19:35,2689
2019-03-15 19:40,2701
2019-03-15 19:45,2708
2019-03-15 19:50,2686
2019-03-15 19:55,2706
2019-03-15 20:00,2707
2019-03-15 20:05,2714
2019-03-15 20:10,2739
2019-03-15 20:15,2736
2019-03-15 20:20,2730
2019-03-15 20:25,2740
2019-03-15 20:30,2735
2019-03-15 20:35,2758
2019-03-15 20:40,2769
2019-03-15 20:45,2762
2019-03-15 20:50,2740
2019-03-15 20:55,2721
2019-03-15 21:00,2711
2019-03-15 21:05,2713
2019-03-15 21:10,2702
2019-03-15 21:15,2712
2019-03-15 21:20,2705
2019-03-15 21:25,2711
2019-03-15 21:30,2709
2019-03-15 21:35,2724
2019-03-15 21:40,2708
2019-03-15 21:45,2685
2019-03-15 21:50,2668
2019-03-15 21:55,2641
2019-03-15 22:00,2640
2019-03-15 22:05,2602
2019-03-15 22:10,2606
2019-03-15 22:15,2570
2019-03-15 22:20,2570
2019-03-15 22:25,2544
2019-03-15 22:30,2533
2019-03-15 22:35,2508
2019-03-15 22:40,2503
2019-03-15 22:45,2510
2019-03-15 22:50,2486
2019-03-15 22:55,2483
2019-03-15 23:00,2471
2019-03-15 23:05,2463
2019-03-15 23:10,2436
2019-03-15 23:15,2399
2019-03-15 23:20,2383
2019-03-15 23:25,2365
2019-03-15 23:30,2344
2019-03-15 23:35,2320
2019-03-15 23:40,2321
2019-03-15 23:45,2275
2019-03-15 23:50,2300
2019-03-15 23:55,2308
2019-03-16 00:00,2297
2019-03-16 00:05,2278
2019-03-16 00:10,2266
2019-03-16 00:15,2249
2019-03-16 00:20,2244
2019-03-16 00:25,2218
2019-03-16 00:30,2183
2019-03-16 00:35,2173
2019-03-16 00:40,2132
2019-03-16 00:45,2114
2019-03-16 00:50,2102
2019-03-16 00:55,2099
2019-03-16 01:00,2082
2019-03-16 01:05,2043
2019-03-16 01:10,2047
2019-03-16 01:15,2032
2019-03-16 01:20,2019
2019-03-16 01:25,2022
2019-03-16 01:30,2032
2019-03-16 01:35,2013
2019-03-16 01:40,2001
2019-03-16 01:45,1990
2019-03-16 01:50,1978
2019-03-16 01:55,1969
2019-03-16 02:00,1982
2019-03-16 02:05,1991
2019-03-16 02:10,1976
2019-03-16 02:15,1954
2019-03-16 02:20,1930
2019-03-16 02:25,1926
2019-03-16 02:30,1918
2019-03-16 02:35,1924
2019-03-16 02:40,1919
2019-03-16 02:45,1923
2019-03-16 02:50,1914
2019-03-16 02:55,1897
2019-03-16 03:00,1893
2019-03-16 03:05,1870
2019-03-16 03:10,1864
2019-03-16 03:15,1860
2019-03-16 03:20,1846
2019-03-16 03:25,1817
2019-03-16 03:30,1781
2019-03-16 03:35,1727
2019-03-16 03:40,1731
2019-03-16 03:45,1732
2019-03-16 03:50,1712
2019-03-16 03:55,1700
2019-03-16 04:00,1691
2019-03-16 04:05,1673
2019-03-16 04:10,1656
2019-03-16 04:15,1642
2019-03-16 04:20,1644
2019-03-16 04:25,1664
2019-03-16 04:30,1668
2019-03-16 04:35,1645
2019-03-16 04:40,1625
2019-03-16 04:45,1618
2019-03-16 04:50,1611
2019-03-16 04:55,1606
2019-03-16 05:00,1594
2019-03-16 05:05,1593
2019-03-16 05:10,1587
2019-03-16 05:15,1593
2019-03-16 05:20,1579
2019-03-16 05:25,1587
2019-03-16 05:30,1581
2019-03-16 05:35,1549
2019-03-16 05:40,1544
2019-03-16 05:45,1549
2019-03-16 05:50,1546
2019-03-16 05:55,1545
2019-03-16 06:00,1534
2019-03-16 06:05,1522
2019-03-16 06:10,1508
2019-03-16 06:15,1514
2019-03-16 06:20,1518
2019-03-16 06:25,1501
2019-03-16 06:30,1507
2019-03-16 06:35,1508
2019-03-16 06:40,1521
2019-03-16 06:45,1514
2019-03-16 06:50,1519
2019-03-16 06:55,1520
2019-03-16 07:00,1521
2019-03-16 07:05,1525
2019-03-16 07:10,1535
2019-03-16 07:15,1549
2019-03-16 07:20,1539
2019-03-16 07:25,1536
2019-03-16 07:30,1546
2019-03-16 07:35,1560
2019-03-16 07:40,1572
2019-03-16 07:45,1597
2019-03-16 07:50,1616
2019-03-16 07:55,1637
2019-03-16 08:00,1647
2019-03-16 08:05,1620
2019-03-16 08:10,1645
2019-03-16 08:15,1635
2019-03-16 08:20,1637
2019-03-16 08:25,1632
2019-03-16 08:30,1657
2019-03-16 08:35,1664
2019-03-16 08:40,1677
2019-03-16 08:45,1671
2019-03-16 08:50,1684
2019-03-16 08:55,1722
2019-03-16 09:00,1736
2019-03-16 09:05,1751
2019-03-16 09:10,1748
2019-03-16 09:15,1772
2019-03-16 09:20,1793
2019-03-16 09:25,1826
2019-03-16 09:30,1855
2019-03-16 09:35,1856
2019-03-16 09:40,1898
2019-03-16 09:45,1932
2019-03-16 09:50,1957
2019-03-16 09:55,1982
2019-03-16 10:00,1995
2019-03-16 10:05,2025
2019-03-16 10:10,2045
2019-03-16 10:15,2064
2019-03-16 10:20,2058
2019-03-16 10:25,2064
2019-03-16 10:30,2072
2019-03-16 10:35,2084
2019-03-16 10:40,2129
2019-03-16 10:45,2149
2019-03-16 10:50,2154
2019-03-16 10:55,2171
2019-03-16 11:00,2213
2019-03-16 11:05,2225
2019-03-16 11:10,2251
2019-03-16 11:15,2266
2019-03-16 11:20,2262
2019-03-16 11:25,2283
2019-03-16 11:30,2283
2019-03-16 11:35,2295
2019-03-16 11:40,2312
2019-03-16 11:45,2319
2019-03-16 11:50,2319
2019-03-16 11:55,2309
2019-03-16 12:00,2313
2019-03-16 12:05,2320
2019-03-16 12:10,2344
2019-03-16 12:15,2345
2019-03-16 12:20,2366
2019-03-16 12:25,2395
2019-03-16 12:30,2408
2019-03-16 12:35,2405
2019-03-16 12:40,2407
2019-03-16 12:45,2421
2019-03-16 12:50,2422
2019-03-16 12:55,2429
2019-03-16 13:00,2452
2019-03-16 13:05,2479
2019-03-16 13:10,2480
2019-03-16 13:15,2512
2019-03-16 13:20,2532
2019-03-16 13:25,2532
2019-03-16 13:30,2583
2019-03-16 13:35,2584
2019-03-16 13:40,2609
2019-03-16 13:45,2635
2019-03-16 13:50,2677
2019-03-16 13:55,2677
2019-03-16 14:00,2718
2019-03-16 14:05,2718
2019-03-16 14:10,2770
2019-03-16 14:15,2807
2019-03-16 14:20,2805
2019-03-16 14:25,2805
2019-03-16 14:30,2813
2019-03-16 14:35,2824
2019-03-16 14:40,2852
2019-03-16 14:45,2902
2019-03-16 14:50,2925
2019-03-16 14:55,2918
2019-03-16 15:00,2926
2019-03-16 15:05,2926
2019-03-16 15:10,2949
2019-03-16 15:15,2969
2019-03-16 15:20,2983
2019-03-16 15:25,2954
2019-03-16 15:30,2965
2019-03-16 15:35,2952
2019-03-16 15:40,2952
2019-03-16 15:45,3004
2019-03-16 15:50,3004
2019-03-16 15:55,3049
2019-03-16 16:00,3037
2019-03-16 16:05,3031
2019-03-16 16:10,3041
2019-03-16 16:15,3055
2019-03-16 16:20,3074
2019-03-16 16:25,3095
2019-03-16 16:30,3095
2019-03-16 16:35,3129
2019-03-16 16:40,3129
2019-03-16 16:45,3153
2019-03-16 16:50,3149
2019-03-16 16:55,3149
2019-03-16 17:00,3167
2019-03-16 17:05,3172
2019-03-16 17:10,3172
2019-03-16 17:15,3207
2019-03-16 17:20,3228
2019-03-16 17:25,3228
2019-03-16 17:30,3245
2019-03-16 17:35,3235
2019-03-16 17:40,3208
2019-03-16 17:45,3223
2019-03-16 17:50,3236
2019-03-16 17:55,3250
2019-03-16 18:00,3228
2019-03-16 18:05,3230
2019-03-16 18:10,3216
2019-03-16 18:15,3212
2019-03-16 18:20,3233
2019-03-16 18:25,3248
2019-03-16 18:30,3260
2019-03-16 18:35,3256
2019-03-16 18:40,3219
2019-03-16 18:45,3193
2019-03-16 18:50,3193
2019-03-16 18:55,3226
2019-03-16 19:00,3232
2019-03-16 19:05,3229
2019-03-16 19:10,3229
2019-03-16 19:15,3243
2019-03-16 19:20,3246
2019-03-16 19:25,3270
2019-03-16 19:30,3261
2019-03-16 19:35,3261
2019-03-16 19:40,3287
2019-03-16 19:45,3295
2019-03-16 19:50,3299
2019-03-16 19:55,3279
2019-03-16 20:00,3286
2019-03-16 20:05,3288
2019-03-16 20:10,3288
2019-03-16 20:15,3275
2019-03-16 20:20,3285
2019-03-16 20:25,3274
2019-03-16 20:30,3259
2019-03-16 20:35,3245
2019-03-16 20:40,3219
2019-03-16 20:45,3219
2019-03-16 20:50,3180
2019-03-16 20:55,3187
2019-03-16 21:00,3150
2019-03-16 21:05,3150
2019-03-16 21:10,3156
2019-03-16 21:15,3156
2019-03-16 21:20,3113
2019-03-16 21:25,3060
2019-03-16 21:30,3060
2019-03-16 21:35,3028
2019-03-16 21:40,3024
2019-03-16 21:45,3006
2019-03-16 21:50,3008
2019-03-16 21:55,2990
2019-03-16 22:00,2978
2019-03-16 22:05,2991
2019-03-16 22:10,2958
2019-03-16 22:15,2940
2019-03-16 22:20,2952
2019-03-16 22:25,2921
2019-03-16 22:30,2891
2019-03-16 22:35,2862
2019-03-16 22:40,2838
2019-03-16 22:45,2790
2019-03-16 22:50,2757
2019-03-16 22:55,2733
2019-03-16 23:00,2703
2019-03-16 23:05,2703
2019-03-16 23:10,2653
2019-03-16 23:15,2632
2019-03-16 23:20,2575
2019-03-16 23:25,
2019-03-16 23:30,
2019-03-16 23:35,2562
2019-03-16 23:40,2542
2019-03-16 23:45,2529
2019-03-16 23:50,2501
2019-03-16 23:55,2477
2019-03-17 00:00,2438
2019-03-17 00:05,2418
2019-03-17 00:10,2404
2019-03-17 00:15,2398
2019-03-17 00:20,2372
2019-03-17 00:25,2352
2019-03-17 00:30,2336
2019-03-17 00:35,2325
2019-03-17 00:40,2318
2019-03-17 00:45,2305
2019-03-17 00:50,2298
2019-03-17 00:55,2301
2019-03-17 01:00,2253
2019-03-17 01:05,2253
2019-03-17 01:10,2233
2019-03-17 01:15,2215
2019-03-17 01:20,2188
2019-03-17 01:25,2163
2019-03-17 01:30,2161
2019-03-17 01:35,2139
2019-03-17 01:40,2123
2019-03-17 01:45,2127
2019-03-17 01:50,2107
2019-03-17 01:55,2105
2019-03-17 02:00,2083
2019-03-17 02:05,2089
2019-03-17 02:10,2092
2019-03-17 02:15,2074
2019-03-17 02:20,2061
2019-03-17 02:25,2059
2019-03-17 02:30,2034
2019-03-17 02:35,2006
2019-03-17 02:40,1997
2019-03-17 02:45,1973
2019-03-17 02:50,1975
2019-03-17 02:55,1948
2019-03-17 03:00,1954
2019-03-17 03:05,1944
2019-03-17 03:10,1945
2019-03-17 03:15,0
2019-03-17 03:20,1905
2019-03-17 03:25,1892
2019-03-17 03:30,1874
2019-03-17 03:35,1871
2019-03-17 03:40,1858
2019-03-17 03:45,1853
2019-03-17 03:50,1861
2019-03-17 03:55,1845
2019-03-17 04:00,1851
2019-03-17 04:05,1847
2019-03-17 04:10,1833
2019-03-17 04:15,1837
2019-03-17 04:20,1824
2019-03-17 04:25,1787
2019-03-17 04:30,1759
2019-03-17 04:35,1735
2019-03-17 04:40,1710
2019-03-17 04:45,1703
2019-03-17 04:50,1688
2019-03-17 04:55,1664
2019-03-17 05:00,1654
2019-03-17 05:05,1661
2019-03-17 05:10,1656
2019-03-17 05:15,1622
2019-03-17 05:20,1608
2019-03-17 05:25,1604
2019-03-17 05:30,1588
2019-03-17 05:35,1598
2019-03-17 05:40,1597
2019-03-17 05:45,1581
2019-03-17 05:50,1569
2019-03-17 05:55,1559
2019-03-17 06:00,1552
2019-03-17 06:05,1542
2019-03-17 06:10,1518
2019-03-17 06:15,1529
2019-03-17 06:20,1535
2019-03-17 06:25,1535
2019-03-17 06:30,1547
2019-03-17 06:35,1559
2019-03-17 06:40,1569
2019-03-17 06:45,1566
2019-03-17 06:50,1563
2019-03-17 06:55,1573
2019-03-17 07:00,1583
2019-03-17 07:05,1596
2019-03-17 07:10,1605
2019-03-17 07:15,1619
2019-03-17 07:20,1641
2019-03-17 07:25,1645
2019-03-17 07:30,1650
2019-03-17 07:35,1654
2019-03-17 07:40,1668
2019-03-17 07:45,
2019-03-17 07:50,1666
2019-03-17 07:55,1689
2019-03-17 08:00,1699
2019-03-17 08:05,1715
2019-03-17 08:10,1730
2019-03-17 08:15,1740
2019-03-17 08:20,1757
2019-03-17 08:25,1766
2019-03-17 08:30,1792
2019-03-17 08:35,1798
2019-03-17 08:40,1812
2019-03-17 08:45,1825
2019-03-17 08:50,1821
2019-03-17 08:55,1847
2019-03-17 09:00,1879
2019-03-17 09:05,1884
2019-03-17 09:10,1915
2019-03-17 09:15,1918
2019-03-17 09:20,1935
2019-03-17 09:25,1976
2019-03-17 09:30,2001
2019-03-17 09:35,2000
2019-03-17 09:40,2018
2019-03-17 09:45,2017
2019-03-17 09:50,2013
2019-03-17 09:55,2036
2019-03-17 10:00,2071
2019-03-17 10:05,2101
2019-03-17 10:10,2118
2019-03-17 10:15,2143
2019-03-17 10:20,2185
2019-03-17 10:25,2179
2019-03-17 10:30,2212
2019-03-17 10:35,2233
2019-03-17 10:40,2278
2019-03-17 10:45,2291
2019-03-17 10:50,2327
2019-03-17 10:55,2351
2019-03-17 11:00,2364
2019-03-17 11:05,2373
2019-03-17 11:10,2394
2019-03-17 11:15,2413
2019-03-17 11:20,2423
2019-03-17 11:25,2433
2019-03-17 11:30,2450
2019-03-17 11:35,2512
2019-03-17 11:40,2528
2019-03-17 11:45,2522
2019-03-17 11:50,2507
2019-03-17 11:55,2518
2019-03-17 12:00,2521
2019-03-17 12:05,2564
2019-03-17 12:10,2594
2019-03-17 12:15,2626
2019-03-17 12:20,2643
2019-03-17 12:25,2659
2019-03-17 12:30,2665
2019-03-17 12:35,2649
2019-03-17 12:40,2663
2019-03-17 12:45,2688
2019-03-17 12:50,2680
2019-03-17 12:55,2698
2019-03-17 13:00,2729
2019-03-17 13:05,2778
2019-03-17 13:10,2789
2019-03-17 13:15,2805
2019-03-17 13:20,2797
2019-03-17 13:25,2805
2019-03-17 13:30,2815
2019-03-17 13:35,2816
2019-03-17 13:40,2823
2019-03-17 13:45,2846
2019-03-17 13:50,2849
2019-03-17 13:55,2881
2019-03-17 14:00,2897
2019-03-17 14:05,2898
2019-03-17 14:10,2922
2019-03-17 14:15,2956
2019-03-17 14:20,2971
2019-03-17 14:25,2986
2019-03-17 14:30,2968
2019-03-17 14:35,2998
2019-03-17 14:40,3015
2019-03-17 14:45,3027
2019-03-17 14:50,3039
2019-03-17 14:55,3052
2019-03-17 15:00,3068
2019-03-17 15:05,3095
2019-03-17 15:10,3094
2019-03-17 15:15,3106
2019-03-17 15:20,3130
2019-03-17 15:25,3164
2019-03-17 15:30,3214
2019-03-17 15:35,3215
2019-03-17 15:40,3200
2019-03-17 15:45,3180
2019-03-17 15:50,3190
2019-03-17 15:55,3209
2019-03-17 16:00,3229
2019-03-17 16:05,3243
2019-03-17 16:10,3275
2019-03-17 16:15,3277
2019-03-17 16:20,3287
2019-03-17 16:25,3310
2019-03-17 16:30,3291
2019-03-17 16:35,3316
2019-03-17 16:40,3342
2019-03-17 16:45,3357
2019-03-17 16:50,3409
2019-03-17 16:55,3426
2019-03-17 17:00,3439
2019-03-17 17:05,3437
2019-03-17 17:10,3440
2019-03-17 17:15,3461
2019-03-17 17:20,3477
2019-03-17 17:25,3490
2019-03-17 17:30,3522
2019-03-17 17:35,3507
2019-03-17 17:40,3505
2019-03-17 17:45,3497
2019-03-17 17:50,3498
2019-03-17 17:55,3508
2019-03-17 18:00,3509
2019-03-17 18:05,3505
2019-03-17 18:10,3512
2019-03-17 18:15,3500
2019-03-17 18:20,3529
2019-03-17 18:25,3518
2019-03-17 18:30,3524
2019-03-17 18:35,3511
2019-03-17 18:40,3515
2019-03-17 18:45,3483
2019-03-17 18:50,3519
2019-03-17 18:55,3501
2019-03-17 19:00,3493
2019-03-17 19:05,3516
2019-03-17 19:10,3498
2019-03-17 19:15,3489
2019-03-17 19:20,3469
2019-03-17 19:25,3472
2019-03-17 19:30,3463
2019-03-17 19:35,3438
2019-03-17 19:40,3426
2019-03-17 19:45,3414
2019-03-17 19:50,3417
2019-03-17 19:55,3404
2019-03-17 20:00,3418
2019-03-17 20:05,3376
2019-03-17 20:10,3395
2019-03-17 20:15,3375
2019-03-17 20:20,3364
2019-03-17 20:25,3367
2019-03-17 20:30,3329
2019-03-17 20:35,3292
2019-03-17 20:40,3254
2019-03-17 20:45,3198
2019-03-17 20:50,3206
2019-03-17 20:55,3174
2019-03-17 21:00,3184
2019-03-17 21:05,3166
2019-03-17 21:10,3105
2019-03-17 21:15,3069
2019-03-17 21:20,3060
2019-03-17 21:25,3034
2019-03-17 21:30,2999
2019-03-17 21:35,2967
2019-03-17 21:40,2941
2019-03-17 21:45,2904
2019-03-17 21:50,2899
2019-03-17 21:55,2875
2019-03-17 22:00,2834
2019-03-17 22:05,2825
2019-03-17 22:10,2809
2019-03-17 22:15,2781
2019-03-17 22:20,2743
2019-03-17 22:25,2705
2019-03-17 22:30,2664
2019-03-17 22:35,2619
2019-03-17 22:40,2603
2019-03-17 22:45,2558
2019-03-17 22:50,2535
2019-03-17 22:55,2508
2019-03-17 23:00,2486
2019-03-17 23:05,2465
2019-03-17 23:10,2435
2019-03-17 23:15,2422
2019-03-17 23:20,2408
2019-03-17 23:25,2389
2019-03-17 23:30,2352
2019-03-17 23:35,2353
2019-03-17 23:40,2335
2019-03-17 23:45,2306
2019-03-17 23:50,2327
2019-03-17 23:55,2317
2019-03-18 00:00,2306
2019-03-18 00:05,2303
2019-03-18 00:10,2314
2019-03-18 00:15,2298
2019-03-18 00:20,2297
2019-03-18 00:25,2303
2019-03-18 00:30,2293
2019-03-18 00:35,2279
2019-03-18 00:40,2259
2019-03-18 00:45,2233
2019-03-18 00:50,2213
2019-03-18 00:55,2207
2019-03-18 01:00,2165
2019-03-18 01:05,2131
2019-03-18 01:10,2097
2019-03-18 01:15,2066
2019-03-18 01:20,2057
2019-03-18 01:25,2039
2019-03-18 01:30,2038
2019-03-18 01:35,1999
2019-03-18 01:40,2007
2019-03-18 01:45,1988
2019-03-18 01:50,1973
2019-03-18 01:55,1957
2019-03-18 02:00,1929
2019-03-18 02:05,1914
2019-03-18 02:10,1886
2019-03-18 02:15,1883
2019-03-18 02:20,1877
2019-03-18 02:25,1853
2019-03-18 02:30,1828
2019-03-18 02:35,1815
2019-03-18 02:40,1814
2019-03-18 02:45,1770
2019-03-18 02:50,1773
2019-03-18 02:55,1753
2019-03-18 03:00,1754
2019-03-18 03:05,1739
2019-03-18 03:10,1700
2019-03-18 03:15,1683
2019-03-18 03:20,1674
2019-03-18 03:25,1641
2019-03-18 03:30,1629
2019-03-18 03:35,1617
2019-03-18 03:40,1594
2019-03-18 03:45,1568
2019-03-18 03:50,1560
2019-03-18 03:55,1554
2019-03-18 04:00,1525
2019-03-18 04:05,1504
2019-03-18 04:10,1477
2019-03-18 04:15,1450
2019-03-18 04:20,1450
2019-03-18 04:25,1433
2019-03-18 04:30,1425
2019-03-18 04:35,1408
2019-03-18 04:40,1408
2019-03-18 04:45,1390
2019-03-18 04:50,1387
2019-03-18 04:55,1378
2019-03-18 05:00,1340
2019-03-18 05:05,1327
2019-03-18 05:10,1318
2019-03-18 05:15,1315
2019-03-18 05:20,1297
2019-03-18 05:25,1281
2019-03-18 05:30,1277
2019-03-18 05:35,1251
2019-03-18 05:40,1244
2019-03-18 05:45,1240
2019-03-18 05:50,1243
2019-03-18 05:55,1237
2019-03-18 06:00,1218
2019-03-18 06:05,1209
2019-03-18 06:10,1206
2019-03-18 06:15,1206
2019-03-18 06:20,1212
2019-03-18 06:25,1202
2019-03-18 06:30,1194
2019-03-18 06:35,1194
2019-03-18 06:40,1210
2019-03-18 06:45,1225
2019-03-18 06:50,1223
2019-03-18 06:55,1236
2019-03-18 07:00,1244
2019-03-18 07:05,1227
2019-03-18 07:10,1231
2019-03-18 07:15,1230
2019-03-18 07:20,1215
2019-03-18 07:25,1203
2019-03-18 07:30,1191
2019-03-18 07:35,1199
2019-03-18 07:40,1192
2019-03-18 07:45,1177
2019-03-18 07:50,1162
2019-03-18 07:55,1166
2019-03-18 08:00,1174
2019-03-18 08:05,1169
2019-03-18 08:10,1179
2019-03-18 08:15,1174
2019-03-18 08:20,1184
2019-03-18 08:25,1179
2019-03-18 08:30,1187
2019-03-18 08:35,1187
2019-03-18 08:40,1199
2019-03-18 08:45,1202
2019-03-18 08:50,1214
2019-03-18 08:55,1210
2019-03-18 09:00,1215
2019-03-18 09:05,1230
2019-03-18 09:10,1243
2019-03-18 09:15,1244
2019-03-18 09:20,1244
2019-03-18 09:25,1252
2019-03-18 09:30,1275
2019-03-18 09:35,1299
2019-03-18 09:40,1294
2019-03-18 09:45,1309
2019-03-18 09:50,1327
2019-03-18 09:55,1338
2019-03-18 10:00,1377
2019-03-18 10:05,1379
2019-03-18 10:10,1398
2019-03-18 10:15,1406
2019-03-18 10:20,1432
2019-03-18 10:25,1445
2019-03-18 10:30,1451
2019-03-18 10:35,1473
2019-03-18 10:40,1493
2019-03-18 10:45,1486
2019-03-18 10:50,1505
2019-03-18 10:55,1520
2019-03-18 11:00,1532
2019-03-18 11:05,1553
2019-03-18 11:10,1544
2019-03-18 11:15,1542
2019-03-18 11:20,1558
2019-03-18 11:25,1544
2019-03-18 11:30,1555
2019-03-18 11:35,1585
2019-03-18 11:40,1596
2019-03-18 11:45,1638
2019-03-18 11:50,1638
2019-03-18 11:55,1641
2019-03-18 12:00,1652
2019-03-18 12:05,1661
2019-03-18 12:10,1661
2019-03-18 12:15,1673
2019-03-18 12:20,1680
2019-03-18 12:25,1693
2019-03-18 12:30,1704
2019-03-18 12:35,1726
2019-03-18 12:40,1754
2019-03-18 12:45,1758
2019-03-18 12:50,1777
2019-03-18 12:55,1783
2019-03-18 13:00,1789
2019-03-18 13:05,1797
2019-03-18 13:10,1812
2019-03-18 13:15,1827
2019-03-18 13:20,1831
2019-03-18 13:25,1838
2019-03-18 13:30,1844
2019-03-18 13:35,1842
2019-03-18 13:40,1866
2019-03-18 13:45,1879
2019-03-18 13:50,1884
2019-03-18 13:55,1887
2019-03-18 14:00,1917
2019-03-18 14:05,1936
2019-03-18 14:10,1966
2019-03-18 14:15,2001
2019-03-18 14:20,2031
2019-03-18 14:25,2040
2019-03-18 14:30,2053
2019-03-18 14:35,2057
2019-03-18 14:40,2053
2019-03-18 14:45,2071
2019-03-18 14:50,2065
2019-03-18 14:55,2098
2019-03-18 15:00,2099
2019-03-18 15:05,2128
2019-03-18 15:10,2143
2019-03-18 15:15,2143
2019-03-18 15:20,2171
2019-03-18 15:25,2188
2019-03-18 15:30,2214
2019-03-18 15:35,2213
2019-03-18 15:40,2229
2019-03-18 15:45,2283
2019-03-18 15:50,2299
2019-03-18 15:55,2329
2019-03-18 16:00,2354
2019-03-18 16:05,2362
2019-03-18 16:10,2368
2019-03-18 16:15,2376
2019-03-18 16:20,2376
2019-03-18 16:25,2433
2019-03-18 16:30,2432
2019-03-18 16:35,2437
2019-03-18 16:40,2467
2019-03-18 16:45,2481
2019-03-18 16:50,2496
2019-03-18 16:55,2530
2019-03-18 17:00,2541
2019-03-18 17:05,2546
2019-03-18 17:10,2554
2019-03-18 17:15,2572
2019-03-18 17:20,2609
2019-03-18 17:25,2650
2019-03-18 17:30,2665
2019-03-18 17:35,2702
2019-03-18 17:40,2731
2019-03-18 17:45,2764
2019-03-18 17:50,2781
2019-03-18 17:55,2790
2019-03-18 18:00,2790
2019-03-18 18:05,2778
2019-03-18 18:10,2801
2019-03-18 18:15,2801
2019-03-18 18:20,2820
2019-03-18 18:25,2823
2019-03-18 18:30,2842
2019-03-18 18:35,2875
2019-03-18 18:40,2875
2019-03-18 18:45,2874
2019-03-18 18:50,2914
2019-03-18 18:55,2920
2019-03-18 19:00,2908
2019-03-18 19:05,2904
2019-03-18 19:10,2909
2019-03-18 19:15,2909
2019-03-18 19:20,2882
2019-03-18 19:25,2887
2019-03-18 19:30,2913
2019-03-18 19:35,2923
2019-03-18 19:40,2923
2019-03-18 19:45,2942
2019-03-18 19:50,2934
2019-03-18 19:55,2931
2019-03-18 20:00,2931
2019-03-18 20:05,2908
2019-03-18 20:10,2887
2019-03-18 20:15,2887
2019-03-18 20:20,2826
2019-03-18 20:25,2816
2019-03-18 20:30,2773
2019-03-18 20:35,2765
2019-03-18 20:40,2728
2019-03-18 20:45,2728
2019-03-18 20:50,2710
2019-03-18 20:55,2693
2019-03-18 21:00,2671
2019-03-18 21:05,2671
2019-03-18 21:10,2631
2019-03-18 21:15,2631
2019-03-18 21:20,2599
2019-03-18 21:25,2546
2019-03-18 21:30,2546
2019-03-18 21:35,2515
2019-03-18 21:40,2535
2019-03-18 21:45,2535
2019-03-18 21:50,2478
2019-03-18 21:55,2446
2019-03-18 22:00,2438
2019-03-18 22:05,2438
2019-03-18 22:10,2426
2019-03-18 22:15,2426
2019-03-18 22:20,2378
2019-03-18 22:25,2353
2019-03-18 22:30,2353
2019-03-18 22:35,2364
2019-03-18 22:40,2329
2019-03-18 22:45,2309
2019-03-18 22:50,2309
2019-03-18 22:55,2284
2019-03-18 23:00,2249
2019-03-18 23:05,2251
2019-03-18 23:10,2232
2019-03-18 23:15,2238
2019-03-18 23:20,2199
2019-03-18 23:25,2132
2019-03-18 23:30,2122
2019-03-18 23:35,2102
2019-03-18 23:40,2107
2019-03-18 23:45,2107
2019-03-18 23:50,2083
2019-03-18 23:55,2069
2019-03-19 00:00,2069
2019-03-19 00:05,2070
2019-03-19 00:10,2079
2019-03-19 00:15,2079
2019-03-19 00:20,2062
2019-03-19 00:25,2046
2019-03-19 00:30,2054
2019-03-19 00:35,2054
2019-03-19 00:40,2040
2019-03-19 00:45,2040
2019-03-19 00:50,2040
2019-03-19 00:55,2047
2019-03-19 01:00,2047
2019-03-19 01:05,2033
2019-03-19 01:10,2001
2019-03-19 01:15,2001
2019-03-19 01:20,1971
2019-03-19 01:25,1951
2019-03-19 01:30,1951
2019-03-19 01:35,1943
2019-03-19 01:40,1940
2019-03-19 01:45,1940
2019-03-19 01:50,1923
2019-03-19 01:55,1901
2019-03-19 02:00,1882
2019-03-19 02:05,1853
2019-03-19 02:10,1806
2019-03-19 02:15,1806
2019-03-19 02:20,1788
2019-03-19 02:25,1788
2019-03-19 02:30,1782
2019-03-19 02:35,1771
2019-03-19 02:40,1755
2019-03-19 02:45,1768
2019-03-19 02:50,1736
2019-03-19 02:55,1722
2019-03-19 03:00,1691
2019-03-19 03:05,1691
2019-03-19 03:10,1676
2019-03-19 03:15,1667
2019-03-19 03:20,1662
2019-03-19 03:25,1634
2019-03-19 03:30,1622
2019-03-19 03:35,1596
2019-03-19 03:40,1559
2019-03-19 03:45,1558
2019-03-19 03:50,1525
2019-03-19 03:55,1525
2019-03-19 04:00,1467
2019-03-19 04:05,1467
2019-03-19 04:10,1444
2019-03-19 04:15,1427
2019-03-19 04:20,1410
2019-03-19 04:25,1391
2019-03-19 04:30,1362
2019-03-19 04:35,1342
2019-03-19 04:40,1298
2019-03-19 04:45,1288
2019-03-19 04:50,1286
2019-03-19 04:55,1294
2019-03-19 05:00,1283
2019-03-19 05:05,1270
2019-03-19 05:10,1244
2019-03-19 05:15,1243
2019-03-19 05:20,1211
2019-03-19 05:25,1212
2019-03-19 05:30,1213
2019-03-19 05:35,1212
2019-03-19 05:40,1194
2019-03-19 05:45,1194
2019-03-19 05:50,1202
2019-03-19 05:55,1183
2019-03-19 06:00,1185
2019-03-19 06:05,1159
2019-03-19 06:10,1149
2019-03-19 06:15,1120
2019-03-19 06:20,1116
2019-03-19 06:25,1122
2019-03-19 06:30,1114
2019-03-19 06:35,1106
2019-03-19 06:40,1099
2019-03-19 06:45,1102
2019-03-19 06:50,1095
2019-03-19 06:55,1093
2019-03-19 07:00,1096
2019-03-19 07:05,1099
2019-03-19 07:10,1097
2019-03-19 07:15,1094
2019-03-19 07:20,1090
2019-03-19 07:25,1114
2019-03-19 07:30,1104
2019-03-19 07:35,1094
2019-03-19 07:40,1111
2019-03-19 07:45,1121
2019-03-19 07:50,1113
2019-03-19 07:55,1110
2019-03-19 08:00,1122
2019-03-19 08:05,1134
2019-03-19 08:10,1132
2019-03-19 08:15,1148
2019-03-19 08:20,1159
2019-03-19 08:25,1154
2019-03-19 08:30,1153
2019-03-19 08:35,1174
2019-03-19 08:40,1155
2019-03-19 08:45,1147
2019-03-19 08:50,1152
2019-03-19 08:55,1157
2019-03-19 09:00,1160
2019-03-19 09:05,1167
2019-03-19 09:10,1161
2019-03-19 09:15,1162
2019-03-19 09:20,1188
2019-03-19 09:25,1209
2019-03-19 09:30,1215
2019-03-19 09:35,1233
2019-03-19 09:40,1233
2019-03-19 09:45,1240
2019-03-19 09:50,1240
2019-03-19 09:55,1258
2019-03-19 10:00,1256
2019-03-19 10:05,1283
2019-03-19 10:10,1312
2019-03-19 10:15,1343
2019-03-19 10:20,1377
2019-03-19 10:25,1400
2019-03-19 10:30,1408
2019-03-19 10:35,1422
2019-03-19 10:40,1427
2019-03-19 10:45,1435
2019-03-19 10:50,1461
2019-03-19 10:55,1474
2019-03-19 11:00,1502
2019-03-19 11:05,1500
2019-03-19 11:10,1494
2019-03-19 11:15,1504
2019-03-19 11:20,1500
2019-03-19 11:25,1501
2019-03-19 11:30,1497
2019-03-19 11:35,1510
2019-03-19 11:40,1492
2019-03-19 11:45,1493
2019-03-19 11:50,1498
2019-03-19 11:55,1518
2019-03-19 12:00,1518
2019-03-19 12:05,1518
2019-03-19 12:10,1532
2019-03-19 12:15,1552
2019-03-19 12:20,1558
2019-03-19 12:25,1565
2019-03-19 12:30,1585
2019-03-19 12:35,1583
2019-03-19 12:40,1603
2019-03-19 12:45,1617
2019-03-19 12:50,1620
2019-03-19 12:55,1641
2019-03-19 13:00,1628
2019-03-19 13:05,1643
2019-03-19 13:10,1657
2019-03-19 13:15,1672
2019-03-19 13:20,1677
2019-03-19 13:25,1689
2019-03-19 13:30,1697
2019-03-19 13:35,1715
2019-03-19 13:40,1744
2019-03-19 13:45,1775
2019-03-19 13:50,1789
2019-03-19 13:55,1779
2019-03-19 14:00,1787
2019-03-19 14:05,1795
2019-03-19 14:10,1812
2019-03-19 14:15,1835
2019-03-19 14:20,1856
2019-03-19 14:25,1869
2019-03-19 14:30,1878
2019-03-19 14:35,1912
2019-03-19 14:40,1922
2019-03-19 14:45,1948
2019-03-19 14:50,1981
2019-03-19 14:55,2000
2019-03-19 15:00,2002
2019-03-19 15:05,2021
2019-03-19 15:10,2049
2019-03-19 15:15,2049
2019-03-19 15:20,2063
2019-03-19 15:25,2089
2019-03-19 15:30,2105
2019-03-19 15:35,2126
2019-03-19 15:40,2123
2019-03-19 15:45,2144
2019-03-19 15:50,2175
2019-03-19 15:55,2207
2019-03-19 16:00,2206
2019-03-19 16:05,2232
2019-03-19 16:10,2236
2019-03-19 16:15,2244
2019-03-19 16:20,2236
2019-03-19 16:25,2243
2019-03-19 16:30,2264
2019-03-19 16:35,2307
2019-03-19 16:40,2363
2019-03-19 16:45,2368
2019-03-19 16:50,2396
2019-03-19 16:55,2431
2019-03-19 17:00,2461
2019-03-19 17:05,2458
2019-03-19 17:10,2452
2019-03-19 17:15,2463
2019-03-19 17:20,2477
2019-03-19 17:25,2498
2019-03-19 17:30,2507
2019-03-19 17:35,2492
2019-03-19 17:40,2526
2019-03-19 17:45,2540
2019-03-19 17:50,2560
2019-03-19 17:55,2580
2019-03-19 18:00,2607
2019-03-19 18:05,2621
2019-03-19 18:10,2616
2019-03-19 18:15,2634
2019-03-19 18:20,2657
2019-03-19 18:25,2687
2019-03-19 18:30,2727
2019-03-19 18:35,2703
2019-03-19 18:40,2729
2019-03-19 18:45,2717
2019-03-19 18:50,2700
2019-03-19 18:55,2711
2019-03-19 19:00,2698
2019-03-19 19:05,2694
2019-03-19 19:10,2716
2019-03-19 19:15,2731
2019-03-19 19:20,2729
2019-03-19 19:25,2692
2019-03-19 19:30,2699
2019-03-19 19:35,2718
2019-03-19 19:40,2693
2019-03-19 19:45,2687
2019-03-19 19:50,2688
2019-03-19 19:55,2684
2019-03-19 20:00,2681
2019-03-19 20:05,2688
2019-03-19 20:10,2673
2019-03-19 20:15,2670
2019-03-19 20:20,2671
2019-03-19 20:25,2677
2019-03-19 20:30,2682
2019-03-19 20:35,2693
2019-03-19 20:40,2711
2019-03-19 20:45,2690
2019-03-19 20:50,2699
2019-03-19 20:55,2705
2019-03-19 21:00,2696
2019-03-19 21:05,2695
2019-03-19 21:10,2680
2019-03-19 21:15,2644
2019-03-19 21:20,2639
2019-03-19 21:25,2618
2019-03-19 21:30,2561
2019-03-19 21:35,2533
2019-03-19 21:40,2533
2019-03-19 21:45,2515
2019-03-19 21:50,2494
2019-03-19 21:55,2464
2019-03-19 22:00,2438
2019-03-19 22:05,2392
2019-03-19 22:10,2384
2019-03-19 22:15,2374
2019-03-19 22:20,2356
2019-03-19 22:25,2360
2019-03-19 22:30,2338
2019-03-19 22:35,2316
2019-03-19 22:40,2307
2019-03-19 22:45,2253
2019-03-19 22:50,2260
2019-03-19 22:55,2235
2019-03-19 23:00,2221
2019-03-19 23:05,2214
2019-03-19 23:10,2190
2019-03-19 23:15,
2019-03-19 23:20,
2019-03-19 23:25,1237
2019-03-19 23:30,1675
2019-03-19 23:35,1687
2019-03-19 23:40,1698
2019-03-19 23:45,1725
2019-03-19 23:50,1714
2019-03-19 23:55,1708
2019-03-20 00:00,1708
2019-03-20 00:05,1702
2019-03-20 00:10,1711
2019-03-20 00:15,1713
2019-03-20 00:20,1731
2019-03-20 00:25,1721
2019-03-20 00:30,1713
2019-03-20 00:35,1741
2019-03-20 00:40,1760
2019-03-20 00:45,1744
2019-03-20 00:50,1750
2019-03-20 00:55,1768
2019-03-20 01:00,1784
2019-03-20 01:05,1782
2019-03-20 01:10,1779
2019-03-20 01:15,1770
2019-03-20 01:20,1792
2019-03-20 01:25,1785
2019-03-20 01:30,1781
2019-03-20 01:35,1744
2019-03-20 01:40,1745
2019-03-20 01:45,1756
2019-03-20 01:50,1748
2019-03-20 01:55,1743
2019-03-20 02:00,1715
2019-03-20 02:05,1694
2019-03-20 02:10,1701
2019-03-20 02:15,1693
2019-03-20 02:20,1690
2019-03-20 02:25,1685
2019-03-20 02:30,1676
2019-03-20 02:35,1664
2019-03-20 02:40,1647
2019-03-20 02:45,1636
2019-03-20 02:50,1614
2019-03-20 02:55,1591
2019-03-20 03:00,1568
2019-03-20 03:05,1565
2019-03-20 03:10,1551
2019-03-20 03:15,1513
2019-03-20 03:20,1499
2019-03-20 03:25,1497
2019-03-20 03:30,1457
2019-03-20 03:35,1450
2019-03-20 03:40,1423
2019-03-20 03:45,1429
2019-03-20 03:50,1411
2019-03-20 03:55,1392
2019-03-20 04:00,1371
2019-03-20 04:05,1375
2019-03-20 04:10,1356
2019-03-20 04:15,1350
2019-03-20 04:20,1332
2019-03-20 04:25,1320
2019-03-20 04:30,1296
2019-03-20 04:35,1284
2019-03-20 04:40,1257
2019-03-20 04:45,1251
2019-03-20 04:50,1257
2019-03-20 04:55,1248
2019-03-20 05:00,1232
2019-03-20 05:05,1215
2019-03-20 05:10,1211
2019-03-20 05:15,1210
2019-03-20 05:20,1202
2019-03-20 05:25,1194
2019-03-20 05:30,1188
2019-03-20 05:35,1168
2019-03-20 05:40,1150
2019-03-20 05:45,1134
2019-03-20 05:50,1126
2019-03-20 05:55,1130
2019-03-20 06:00,1116
2019-03-20 06:05,1101
2019-03-20 06:10,1095
2019-03-20 06:15,1096
2019-03-20 06:20,1081
2019-03-20 06:25,1064
2019-03-20 06:30,1060
2019-03-20 06:35,1065
2019-03-20 06:40,1065
2019-03-20 06:45,1081
2019-03-20 06:50,1068
2019-03-20 06:55,1063
2019-03-20 07:00,1058
2019-03-20 07:05,1050
2019-03-20 07:10,1048
2019-03-20 07:15,1056
2019-03-20 07:20,1036
2019-03-20 07:25,1039
2019-03-20 07:30,1049
2019-03-20 07:35,1039
2019-03-20 07:40,1032
2019-03-20 07:45,1034
2019-03-20 07:50,1034
2019-03-20 07:55,1042
2019-03-20 08:00,1047
2019-03-20 08:05,1050
2019-03-20 08:10,1060
2019-03-20 08:15,1072
2019-03-20 08:20,1063
2019-03-20 08:25,1077
2019-03-20 08:30,1063
2019-03-20 08:35,1074
2019-03-20 08:40,1086
2019-03-20 08:45,1078
2019-03-20 08:50,1079
2019-03-20 08:55,1092
2019-03-20 09:00,1100
2019-03-20 09:05,1115
2019-03-20 09:10,1126
2019-03-20 09:15,1153
2019-03-20 09:20,1170
2019-03-20 09:25,1168
2019-03-20 09:30,1182
2019-03-20 09:35,1182
2019-03-20 09:40,1191
2019-03-20 09:45,1209
2019-03-20 09:50,1220
2019-03-20 09:55,1230
2019-03-20 10:00,1269
2019-03-20 10:05,1278
2019-03-20 10:10,1288
2019-03-20 10:15,1296
2019-03-20 10:20,1323
2019-03-20 10:25,1352
2019-03-20 10:30,1378
2019-03-20 10:35,1368
2019-03-20 10:40,1382
2019-03-20 10:45,1404
2019-03-20 10:50,1414
2019-03-20 10:55,1424
2019-03-20 11:00,1434
2019-03-20 11:05,1430
2019-03-20 11:10,1435
2019-03-20 11:15,1442
2019-03-20 11:20,1451
2019-03-20 11:25,1450
2019-03-20 11:30,1450
2019-03-20 11:35,1454
2019-03-20 11:40,1474
2019-03-20 11:45,1486
2019-03-20 11:50,1479
2019-03-20 11:55,1489
2019-03-20 12:00,1497
2019-03-20 12:05,1512
2019-03-20 12:10,1509
2019-03-20 12:15,1527
2019-03-20 12:20,1551
2019-03-20 12:25,1561
2019-03-20 12:30,1575
2019-03-20 12:35,1589
2019-03-20 12:40,1614
2019-03-20 12:45,1631
2019-03-20 12:50,1670
2019-03-20 12:55,1678
2019-03-20 13:00,1668
2019-03-20 13:05,1700
2019-03-20 13:10,1697
2019-03-20 13:15,1726
2019-03-20 13:20,1738
2019-03-20 13:25,1739
2019-03-20 13:30,1751
2019-03-20 13:35,1777
2019-03-20 13:40,1770
2019-03-20 13:45,1784
2019-03-20 13:50,1785
2019-03-20 13:55,1802
2019-03-20 14:00,1816
2019-03-20 14:05,1824
2019-03-20 14:10,1831
2019-03-20 14:15,1834
2019-03-20 14:20,1824
2019-03-20 14:25,1863
2019-03-20 14:30,1880
2019-03-20 14:35,1885
2019-03-20 14:40,1925
2019-03-20 14:45,1917
2019-03-20 14:50,1938
2019-03-20 14:55,1945
2019-03-20 15:00,1985
2019-03-20 15:05,1977
2019-03-20 15:10,1990
2019-03-20 15:15,1989
2019-03-20 15:20,2024
2019-03-20 15:25,2063
2019-03-20 15:30,2078
2019-03-20 15:35,2096
2019-03-20 15:40,2085
2019-03-20 15:45,2104
2019-03-20 15:50,2117
2019-03-20 15:55,2131
2019-03-20 16:00,2122
2019-03-20 16:05,2132
2019-03-20 16:10,2177
2019-03-20 16:15,2214
2019-03-20 16:20,2199
2019-03-20 16:25,2211
2019-03-20 16:30,2227
2019-03-20 16:35,2230
2019-03-20 16:40,2245
2019-03-20 16:45,2267
2019-03-20 16:50,2284
2019-03-20 16:55,2313
2019-03-20 17:00,2333
2019-03-20 17:05,2348
2019-03-20 17:10,2356
2019-03-20 17:15,2346
2019-03-20 17:20,2366
2019-03-20 17:25,2421
2019-03-20 17:30,2461
2019-03-20 17:35,2463
2019-03-20 17:40,2488
2019-03-20 17:45,2495
2019-03-20 17:50,2532
2019-03-20 17:55,2544
2019-03-20 18:00,2539
2019-03-20 18:05,2528
2019-03-20 18:10,2528
2019-03-20 18:15,2540
2019-03-20 18:20,2541
2019-03-20 18:25,2557
2019-03-20 18:30,2548
2019-03-20 18:35,2574
2019-03-20 18:40,2579
2019-03-20 18:45,2579
2019-03-20 18:50,2604
2019-03-20 18:55,2610
2019-03-20 19:00,2608
2019-03-20 19:05,2624
2019-03-20 19:10,2622
2019-03-20 19:15,2631
2019-03-20 19:20,2640
2019-03-20 19:25,2655
2019-03-20 19:30,2652
2019-03-20 19:35,2663
2019-03-20 19:40,2684
2019-03-20 19:45,2693
2019-03-20 19:50,2694
2019-03-20 19:55,2690
2019-03-20 20:00,2688
2019-03-20 20:05,2679
2019-03-20 20:10,2660
2019-03-20 20:15,2653
2019-03-20 20:20,2657
2019-03-20 20:25,2658
2019-03-20 20:30,2622
2019-03-20 20:35,2638
2019-03-20 20:40,2637
2019-03-20 20:45,2604
2019-03-20 20:50,2593
2019-03-20 20:55,2590
2019-03-20 21:00,2576
2019-03-20 21:05,2553
2019-03-20 21:10,2516
2019-03-20 21:15,2492
2019-03-20 21:20,2478
2019-03-20 21:25,2461
2019-03-20 21:30,2425
2019-03-20 21:35,2400
2019-03-20 21:40,2396
2019-03-20 21:45,2401
2019-03-20 21:50,2365
2019-03-20 21:55,2331
2019-03-20 22:00,2309
2019-03-20 22:05,2309
2019-03-20 22:10,2274
2019-03-20 22:15,2231
2019-03-20 22:20,2215
2019-03-20 22:25,2201
2019-03-20 22:30,2177
2019-03-20 22:35,2168
2019-03-20 22:40,2143
2019-03-20 22:45,2141
2019-03-20 22:50,2138
2019-03-20 22:55,2115
2019-03-20 23:00,2089
2019-03-20 23:05,2065
2019-03-20 23:10,2053
2019-03-20 23:15,2036
2019-03-20 23:20,2046
2019-03-20 23:25,2029
2019-03-20 23:30,2022
2019-03-20 23:35,2028
2019-03-20 23:40,2035
2019-03-20 23:45,2035
2019-03-20 23:50,2021
2019-03-20 23:55,2015
2019-03-21 00:00,2014
2019-03-21 00:05,1973
2019-03-21 00:10,1966
2019-03-21 00:15,1955
2019-03-21 00:20,1938
2019-03-21 00:25,1950
2019-03-21 00:30,1962
2019-03-21 00:35,1969
2019-03-21 00:40,1953
2019-03-21 00:45,1952
2019-03-21 00:50,1939
2019-03-21 00:55,1926
2019-03-21 01:00,1914
2019-03-21 01:05,1903
2019-03-21 01:10,1872
2019-03-21 01:15,1862
2019-03-21 01:20,1854
2019-03-21 01:25,1823
2019-03-21 01:30,1823
2019-03-21 01:35,1807
2019-03-21 01:40,1808
2019-03-21 01:45,1786
2019-03-21 01:50,1772
2019-03-21 01:55,1758
2019-03-21 02:00,1752
2019-03-21 02:05,1745
2019-03-21 02:10,1737
2019-03-21 02:15,1725
2019-03-21 02:20,1704
2019-03-21 02:25,1695
2019-03-21 02:30,1670
2019-03-21 02:35,1668
2019-03-21 02:40,1643
2019-03-21 02:45,1630
2019-03-21 02:50,1629
2019-03-21 02:55,1619
2019-03-21 03:00,1604
2019-03-21 03:05,1582
2019-03-21 03:10,1552
2019-03-21 03:15,1555
2019-03-21 03:20,1553
2019-03-21 03:25,1537
2019-03-21 03:30,1528
2019-03-21 03:35,1520
2019-03-21 03:40,1492
2019-03-21 03:45,1477
2019-03-21 03:50,1471
2019-03-21 03:55,1464
2019-03-21 04:00,1448
2019-03-21 04:05,1414
2019-03-21 04:10,1403
2019-03-21 04:15,1384
2019-03-21 04:20,1374
2019-03-21 04:25,1352
2019-03-21 04:30,1326
2019-03-21 04:35,1303
2019-03-21 04:40,1278
2019-03-21 04:45,1272
2019-03-21 04:50,1280
2019-03-21 04:55,1265
2019-03-21 05:00,1258
2019-03-21 05:05,1234
2019-03-21 05:10,1224
2019-03-21 05:15,1230
2019-03-21 05:20,1218
2019-03-21 05:25,1207
2019-03-21 05:30,1181
2019-03-21 05:35,1168
2019-03-21 05:40,1174
2019-03-21 05:45,1160
2019-03-21 05:50,1158
2019-03-21 05:55,1146
2019-03-21 06:00,1140
2019-03-21 06:05,1131
2019-03-21 06:10,1128
2019-03-21 06:15,1133
2019-03-21 06:20,1117
2019-03-21 06:25,1133
2019-03-21 06:30,1119
2019-03-21 06:35,1107
2019-03-21 06:40,1112
2019-03-21 06:45,1111
2019-03-21 06:50,1118
2019-03-21 06:55,1119
2019-03-21 07:00,1127
2019-03-21 07:05,1141
2019-03-21 07:10,1141
2019-03-21 07:15,1137
2019-03-21 07:20,1123
2019-03-21 07:25,1115
2019-03-21 07:30,1116
2019-03-21 07:35,1122
2019-03-21 07:40,1118
2019-03-21 07:45,1119
2019-03-21 07:50,1116
2019-03-21 07:55,1119
2019-03-21 08:00,1117
2019-03-21 08:05,1125
2019-03-21 08:10,1133
2019-03-21 08:15,1143
2019-03-21 08:20,1150
2019-03-21 08:25,1145
2019-03-21 08:30,1150
2019-03-21 08:35,1147
2019-03-21 08:40,1152
2019-03-21 08:45,1161
2019-03-21 08:50,1161
2019-03-21 08:55,1164
2019-03-21 09:00,1165
2019-03-21 09:05,1172
2019-03-21 09:10,1176
2019-03-21 09:15,1178
2019-03-21 09:20,1189
2019-03-21 09:25,1199
2019-03-21 09:30,1200
2019-03-21 09:35,1216
2019-03-21 09:40,1201
2019-03-21 09:45,1204
2019-03-21 09:50,1204
2019-03-21 09:55,1229
2019-03-21 10:00,1245
2019-03-21 10:05,1273
2019-03-21 10:10,1279
2019-03-21 10:15,1308
2019-03-21 10:20,1327
2019-03-21 10:25,1328
2019-03-21 10:30,1319
2019-03-21 10:35,1338
2019-03-21 10:40,1374
2019-03-21 10:45,1405
2019-03-21 10:50,1418
2019-03-21 10:55,1418
2019-03-21 11:00,1428
2019-03-21 11:05,1436
2019-03-21 11:10,1445
2019-03-21 11:15,1453
2019-03-21 11:20,1460
2019-03-21 11:25,1480
2019-03-21 11:30,1465
2019-03-21 11:35,1469
2019-03-21 11:40,1490
2019-03-21 11:45,1482
2019-03-21 11:50,1487
2019-03-21 11:55,1509
2019-03-21 12:00,1512
2019-03-21 12:05,1531
2019-03-21 12:10,1531
2019-03-21 12:15,1546
2019-03-21 12:20,1556
2019-03-21 12:25,1585
2019-03-21 12:30,1590
2019-03-21 12:35,1589
2019-03-21 12:40,1617
2019-03-21 12:45,1637
2019-03-21 12:50,1638
2019-03-21 12:55,1665
2019-03-21 13:00,1663
2019-03-21 13:05,1680
2019-03-21 13:10,1682
2019-03-21 13:15,1707
2019-03-21 13:20,1706
2019-03-21 13:25,1719
2019-03-21 13:30,1717
2019-03-21 13:35,1729
2019-03-21 13:40,1733
2019-03-21 13:45,1695
2019-03-21 13:50,1641
2019-03-21 13:55,1591
2019-03-21 14:00,1424
2019-03-21 14:05,1043
2019-03-21 14:10,999
2019-03-21 14:15,994
2019-03-21 14:20,1008
2019-03-21 14:25,1007
2019-03-21 14:30,1022
2019-03-21 14:35,1030
2019-03-21 14:40,1028
2019-03-21 14:45,1039
2019-03-21 14:50,1042
2019-03-21 14:55,1046
2019-03-21 15:00,1059
2019-03-21 15:05,1138
2019-03-21 15:10,1225
2019-03-21 15:15,1307
2019-03-21 15:20,1362
2019-03-21 15:25,1414
2019-03-21 15:30,1474
2019-03-21 15:35,1547
2019-03-21 15:40,1612
2019-03-21 15:45,1670
2019-03-21 15:50,1694
2019-03-21 15:55,1726
2019-03-21 16:00,1793
2019-03-21 16:05,1864
2019-03-21 16:10,1916
2019-03-21 16:15,1957
2019-03-21 16:20,2020
2019-03-21 16:25,2058
2019-03-21 16:30,2114
2019-03-21 16:35,2154
2019-03-21 16:40,2203
2019-03-21 16:45,2237
2019-03-21 16:50,2292
2019-03-21 16:55,2335
2019-03-21 17:00,2376
2019-03-21 17:05,2389
2019-03-21 17:10,2415
2019-03-21 17:15,
2019-03-21 17:20,2470
2019-03-21 17:25,2493
2019-03-21 17:30,2515
2019-03-21 17:35,2511
2019-03-21 17:40,2581
2019-03-21 17:45,2603
2019-03-21 17:50,2610
2019-03-21 17:55,2636
2019-03-21 18:00,2632
2019-03-21 18:05,2641
2019-03-21 18:10,2652
2019-03-21 18:15,2671
2019-03-21 18:20,2696
2019-03-21 18:25,2692
2019-03-21 18:30,2699
2019-03-21 18:35,2688
2019-03-21 18:40,2701
2019-03-21 18:45,2722
2019-03-21 18:50,2717
2019-03-21 18:55,2723
2019-03-21 19:00,2727
2019-03-21 19:05,2735
2019-03-21 19:10,2739
2019-03-21 19:15,2744
2019-03-21 19:20,2752
2019-03-21 19:25,2735
2019-03-21 19:30,2724
2019-03-21 19:35,2742
2019-03-21 19:40,2723
2019-03-21 19:45,2724
2019-03-21 19:50,2713
2019-03-21 19:55,2723
2019-03-21 20:00,2729
2019-03-21 20:05,2687
2019-03-21 20:10,2674
2019-03-21 20:15,2662
2019-03-21 20:20,2648
2019-03-21 20:25,2637
2019-03-21 20:30,2633
2019-03-21 20:35,2615
2019-03-21 20:40,2617
2019-03-21 20:45,2629
2019-03-21 20:50,2599
2019-03-21 20:55,2581
2019-03-21 21:00,2551
2019-03-21 21:05,2532
2019-03-21 21:10,2511
2019-03-21 21:15,2486
2019-03-21 21:20,2451
2019-03-21 21:25,2449
2019-03-21 21:30,2428
2019-03-21 21:35,2410
2019-03-21 21:40,2408
2019-03-21 21:45,2388
2019-03-21 21:50,2358
2019-03-21 21:55,2348
2019-03-21 22:00,2342
2019-03-21 22:05,2302
2019-03-21 22:10,0
2019-03-21 22:15,2284
2019-03-21 22:20,2250
2019-03-21 22:25,2223
2019-03-21 22:30,2209
2019-03-21 22:35,2197
2019-03-21 22:40,2177
2019-03-21 22:45,2145
2019-03-21 22:50,2150
2019-03-21 22:55,2144
2019-03-21 23:00,2137
2019-03-21 23:05,2140
2019-03-21 23:10,2134
2019-03-21 23:15,2143
2019-03-21 23:20,2138
2019-03-21 23:25,2137
2019-03-21 23:30,2126
2019-03-21 23:35,2106
2019-03-21 23:40,2080
2019-03-21 23:45,2049
2019-03-21 23:50,2012
2019-03-21 23:55,1998
2019-03-22 00:00,1980
2019-03-22 00:05,1939
2019-03-22 00:10,1928
2019-03-22 00:15,1926
2019-03-22 00:20,1891
2019-03-22 00:25,1904
2019-03-22 00:30,1901
2019-03-22 00:35,1894
2019-03-22 00:40,1903
2019-03-22 00:45,1888
2019-03-22 00:50,1871
2019-03-22 00:55,1863
2019-03-22 01:00,1845
2019-03-22 01:05,1858
2019-03-22 01:10,1850
2019-03-22 01:15,1825
2019-03-22 01:20,1821
2019-03-22 01:25,1813
2019-03-22 01:30,1825
2019-03-22 01:35,1828
2019-03-22 01:40,1833
2019-03-22 01:45,1810
2019-03-22 01:50,1796
2019-03-22 01:55,1787
2019-03-22 02:00,1775
2019-03-22 02:05,1771
2019-03-22 02:10,1755
2019-03-22 02:15,1726
2019-03-22 02:20,1707
2019-03-22 02:25,1703
2019-03-22 02:30,1695
2019-03-22 02:35,1674
2019-03-22 02:40,1662
2019-03-22 02:45,1648
2019-03-22 02:50,1662
2019-03-22 02:55,1645
2019-03-22 03:00,1628
2019-03-22 03:05,1613
2019-03-22 03:10,1587
2019-03-22 03:15,1574
2019-03-22 03:20,1566
2019-03-22 03:25,1563
2019-03-22 03:30,1547
2019-03-22 03:35,1519
2019-03-22 03:40,1497
2019-03-22 03:45,1484
2019-03-22 03:50,1474
2019-03-22 03:55,1460
2019-03-22 04:00,1447
2019-03-22 04:05,1426
2019-03-22 04:10,1407
2019-03-22 04:15,1409
2019-03-22 04:20,1387
2019-03-22 04:25,1396
2019-03-22 04:30,1378
2019-03-22 04:35,1377
2019-03-22 04:40,1359
2019-03-22 04:45,1347
2019-03-22 04:50,1329
2019-03-22 04:55,1337
2019-03-22 05:00,1332
2019-03-22 05:05,1304
2019-03-22 05:10,1289
2019-03-22 05:15,1292
2019-03-22 05:20,1281
2019-03-22 05:25,1284
2019-03-22 05:30,1266
2019-03-22 05:35,1266
2019-03-22 05:40,1259
2019-03-22 05:45,1229
2019-03-22 05:50,1217
2019-03-22 05:55,1218
2019-03-22 06:00,1205
2019-03-22 06:05,1194
2019-03-22 06:10,1187
2019-03-22 06:15,1188
2019-03-22 06:20,1183
2019-03-22 06:25,1193
2019-03-22 06:30,1184
2019-03-22 06:35,1161
2019-03-22 06:40,1154
2019-03-22 06:45,1157
2019-03-22 06:50,1162
2019-03-22 06:55,1150
2019-03-22 07:00,1138
2019-03-22 07:05,1137
2019-03-22 07:10,1144
2019-03-22 07:15,1150
2019-03-22 07:20,1144
2019-03-22 07:25,1139
2019-03-22 07:30,1150
2019-03-22 07:35,1163
2019-03-22 07:40,1168
2019-03-22 07:45,1160
2019-03-22 07:50,1169
2019-03-22 07:55,1173
2019-03-22 08:00,1173
2019-03-22 08:05,1171
2019-03-22 08:10,1178
2019-03-22 08:15,1173
2019-03-22 08:20,1166
2019-03-22 08:25,1187
2019-03-22 08:30,1195
2019-03-22 08:35,1210
2019-03-22 08:40,1205
2019-03-22 08:45,1209
2019-03-22 08:50,1215
2019-03-22 08:55,1223
2019-03-22 09:00,1241
2019-03-22 09:05,1251
2019-03-22 09:10,1251
2019-03-22 09:15,1263
2019-03-22 09:20,1291
2019-03-22 09:25,1309
2019-03-22 09:30,1311
2019-03-22 09:35,1329
2019-03-22 09:40,1331
2019-03-22 09:45,1322
2019-03-22 09:50,1327
2019-03-22 09:55,1351
2019-03-22 10:00,1366
2019-03-22 10:05,1393
2019-03-22 10:10,1410
2019-03-22 10:15,1421
2019-03-22 10:20,1439
2019-03-22 10:25,1450
2019-03-22 10:30,1474
2019-03-22 10:35,1494
2019-03-22 10:40,1476
2019-03-22 10:45,1493
2019-03-22 10:50,1497
2019-03-22 10:55,1502
2019-03-22 11:00,1524
2019-03-22 11:05,1532
2019-03-22 11:10,1550
2019-03-22 11:15,1561
2019-03-22 11:20,1562
2019-03-22 11:25,1577
2019-03-22 11:30,1578
2019-03-22 11:35,1574
2019-03-22 11:40,1569
2019-03-22 11:45,1576
2019-03-22 11:50,1574
2019-03-22 11:55,1586
2019-03-22 12:00,1589
2019-03-22 12:05,1593
2019-03-22 12:10,1605
2019-03-22 12:15,1631
2019-03-22 12:20,1629
2019-03-22 12:25,1626
2019-03-22 12:30,1636
2019-03-22 12:35,1654
2019-03-22 12:40,1682
2019-03-22 12:45,1690
2019-03-22 12:50,1685
2019-03-22 12:55,1695
2019-03-22 13:00,1726
2019-03-22 13:05,1740
2019-03-22 13:10,1769
2019-03-22 13:15,1792
2019-03-22 13:20,1806
2019-03-22 13:25,1831
2019-03-22 13:30,1844
2019-03-22 13:35,1854
2019-03-22 13:40,1860
2019-03-22 13:45,1869
2019-03-22 13:50,1898
2019-03-22 13:55,1889
2019-03-22 14:00,1892
2019-03-22 14:05,1899
2019-03-22 14:10,1895
2019-03-22 14:15,1903
2019-03-22 14:20,1925
2019-03-22 14:25,1935
2019-03-22 14:30,1970
2019-03-22 14:35,1981
2019-03-22 14:40,2001
2019-03-22 14:45,2024
2019-03-22 14:50,2045
2019-03-22 14:55,2069
2019-03-22 15:00,2081
2019-03-22 15:05,2090
2019-03-22 15:10,2117
2019-03-22 15:15,2125
2019-03-22 15:20,2128
2019-03-22 15:25,2140
2019-03-22 15:30,2173
2019-03-22 15:35,2168
2019-03-22 15:40,2154
2019-03-22 15:45,2162
2019-03-22 15:50,2189
2019-03-22 15:55,2195
2019-03-22 16:00,2215
2019-03-22 16:05,2213
2019-03-22 16:10,2235
2019-03-22 16:15,2216
2019-03-22 16:20,2208
2019-03-22 16:25,2231
2019-03-22 16:30,2277
2019-03-22 16:35,2308
2019-03-22 16:40,2316
2019-03-22 16:45,2342
2019-03-22 16:50,2352
2019-03-22 16:55,2365
2019-03-22 17:00,2401
2019-03-22 17:05,2428
2019-03-22 17:10,2463
2019-03-22 17:15,2468
2019-03-22 17:20,2481
2019-03-22 17:25,2465
2019-03-22 17:30,2498
2019-03-22 17:35,2492
2019-03-22 17:40,2515
2019-03-22 17:45,2514
2019-03-22 17:50,2538
2019-03-22 17:55,2532
2019-03-22 18:00,2563
2019-03-22 18:05,2574
2019-03-22 18:10,2572
2019-03-22 18:15,2575
2019-03-22 18:20,2581
2019-03-22 18:25,2600
2019-03-22 18:30,2603
2019-03-22 18:35,2623
2019-03-22 18:40,2652
2019-03-22 18:45,2661
2019-03-22 18:50,2662
2019-03-22 18:55,2659
2019-03-22 19:00,2651
2019-03-22 19:05,2644
2019-03-22 19:10,2650
2019-03-22 19:15,2674
2019-03-22 19:20,2696
2019-03-22 19:25,2709
2019-03-22 19:30,2719
2019-03-22 19:35,2732
2019-03-22 19:40,2743
2019-03-22 19:45,2723
2019-03-22 19:50,2713
2019-03-22 19:55,2725
2019-03-22 20:00,2722
2019-03-22 20:05,2727
2019-03-22 20:10,2728
2019-03-22 20:15,2727
2019-03-22 20:20,2732
2019-03-22 20:25,2750
2019-03-22 20:30,2756
2019-03-22 20:35,2743
2019-03-22 20:40,2753
2019-03-22 20:45,2778
2019-03-22 20:50,2761
2019-03-22 20:55,2736
2019-03-22 21:00,2718
2019-03-22 21:05,2715
2019-03-22 21:10,2706
2019-03-22 21:15,2694
2019-03-22 21:20,2698
2019-03-22 21:25,2699
2019-03-22 21:30,2693
2019-03-22 21:35,2706
2019-03-22 21:40,2706
2019-03-22 21:45,2696
2019-03-22 21:50,2677
2019-03-22 21:55,2670
2019-03-22 22:00,2652
2019-03-22 22:05,2657
2019-03-22 22:10,2647
2019-03-22 22:15,2622
2019-03-22 22:20,2620
2019-03-22 22:25,2582
2019-03-22 22:30,2553
2019-03-22 22:35,2527
2019-03-22 22:40,2523
2019-03-22 22:45,2509
2019-03-22 22:50,2457
2019-03-22 22:55,2443
2019-03-22 23:00,2437
2019-03-22 23:05,2398
2019-03-22 23:10,2382
2019-03-22 23:15,2367
2019-03-22 23:20,2344
2019-03-22 23:25,2333
2019-03-22 23:30,2323
2019-03-22 23:35,2271
2019-03-22 23:40,2272
2019-03-22 23:45,2266
2019-03-22 23:50,2241
2019-03-22 23:55,2231
2019-03-23 00:00,2200
2019-03-23 00:05,2143
2019-03-23 00:10,2102
2019-03-23 00:15,2109
2019-03-23 00:20,2105
2019-03-23 00:25,2096
2019-03-23 00:30,2082
2019-03-23 00:35,2061
2019-03-23 00:40,2062
2019-03-23 00:45,2032
2019-03-23 00:50,2028
2019-03-23 00:55,2025
2019-03-23 01:00,2018
2019-03-23 01:05,2016
2019-03-23 01:10,2008
2019-03-23 01:15,2019
2019-03-23 01:20,1998
2019-03-23 01:25,2016
2019-03-23 01:30,2024
2019-03-23 01:35,2000
2019-03-23 01:40,1988
2019-03-23 01:45,1982
2019-03-23 01:50,1949
2019-03-23 01:55,1947
2019-03-23 02:00,1935
2019-03-23 02:05,1910
2019-03-23 02:10,1897
2019-03-23 02:15,1886
2019-03-23 02:20,1872
2019-03-23 02:25,1843
2019-03-23 02:30,1843
2019-03-23 02:35,1835
2019-03-23 02:40,1809
2019-03-23 02:45,1811
2019-03-23 02:50,1812
2019-03-23 02:55,1810
2019-03-23 03:00,1818
2019-03-23 03:05,1779
2019-03-23 03:10,1767
2019-03-23 03:15,1761
2019-03-23 03:20,1736
2019-03-23 03:25,1720
2019-03-23 03:30,1724
2019-03-23 03:35,1700
2019-03-23 03:40,1658
2019-03-23 03:45,1671
2019-03-23 03:50,1649
2019-03-23 03:55,1652
2019-03-23 04:00,1647
2019-03-23 04:05,1637
2019-03-23 04:10,1614
2019-03-23 04:15,1588
2019-03-23 04:20,1560
2019-03-23 04:25,1543
2019-03-23 04:30,1521
2019-03-23 04:35,1506
2019-03-23 04:40,1493
2019-03-23 04:45,1491
2019-03-23 04:50,1491
2019-03-23 04:55,1492
2019-03-23 05:00,1492
2019-03-23 05:05,1473
2019-03-23 05:10,1475
2019-03-23 05:15,1478
2019-03-23 05:20,1471
2019-03-23 05:25,1455
2019-03-23 05:30,1452
2019-03-23 05:35,1457
2019-03-23 05:40,1447
2019-03-23 05:45,1440
2019-03-23 05:50,1426
2019-03-23 05:55,1407
2019-03-23 06:00,1391
2019-03-23 06:05,1402
2019-03-23 06:10,1394
2019-03-23 06:15,1396
2019-03-23 06:20,1393
2019-03-23 06:25,1422
2019-03-23 06:30,1428
2019-03-23 06:35,1426
2019-03-23 06:40,1416
2019-03-23 06:45,1449
2019-03-23 06:50,1445
2019-03-23 06:55,1453
2019-03-23 07:00,1442
2019-03-23 07:05,1432
2019-03-23 07:10,1440
2019-03-23 07:15,1463
2019-03-23 07:20,1465
2019-03-23 07:25,1490
2019-03-23 07:30,1489
2019-03-23 07:35,1480
2019-03-23 07:40,1480
2019-03-23 07:45,1513
2019-03-23 07:50,1536
2019-03-23 07:55,1555
2019-03-23 08:00,1572
2019-03-23 08:05,1591
2019-03-23 08:10,1594
2019-03-23 08:15,1600
2019-03-23 08:20,1622
2019-03-23 08:25,1616
2019-03-23 08:30,1602
2019-03-23 08:35,1607
2019-03-23 08:40,1610
2019-03-23 08:45,1616
2019-03-23 08:50,1635
2019-03-23 08:55,1638
2019-03-23 09:00,1618
2019-03-23 09:05,1623
2019-03-23 09:10,1636
2019-03-23 09:15,1647
2019-03-23 09:20,1647
2019-03-23 09:25,1659
2019-03-23 09:30,1670
2019-03-23 09:35,1687
2019-03-23 09:40,1682
2019-03-23 09:45,1687
2019-03-23 09:50,1711
2019-03-23 09:55,1732
2019-03-23 10:00,1761
2019-03-23 10:05,1796
2019-03-23 10:10,1812
2019-03-23 10:15,1813
2019-03-23 10:20,1828
2019-03-23 10:25,1852
2019-03-23 10:30,1870
2019-03-23 10:35,1874
2019-03-23 10:40,1896
2019-03-23 10:45,1940
2019-03-23 10:50,1938
2019-03-23 10:55,1925
2019-03-23 11:00,1932
2019-03-23 11:05,1938
2019-03-23 11:10,1986
2019-03-23 11:15,2007
2019-03-23 11:20,2018
2019-03-23 11:25,2038
2019-03-23 11:30,2057
2019-03-23 11:35,2061
2019-03-23 11:40,2072
2019-03-23 11:45,2085
2019-03-23 11:50,2069
2019-03-23 11:55,2081
2019-03-23 12:00,2090
2019-03-23 12:05,2093
2019-03-23 12:10,2091
2019-03-23 12:15,2118
2019-03-23 12:20,2135
2019-03-23 12:25,2145
2019-03-23 12:30,2179
2019-03-23 12:35,2191
2019-03-23 12:40,2218
2019-03-23 12:45,2227
2019-03-23 12:50,2240
2019-03-23 12:55,2267
2019-03-23 13:00,2266
2019-03-23 13:05,2294
2019-03-23 13:10,2294
2019-03-23 13:15,2344
2019-03-23 13:20,2358
2019-03-23 13:25,2365
2019-03-23 13:30,2368
2019-03-23 13:35,2399
2019-03-23 13:40,2388
2019-03-23 13:45,2413
2019-03-23 13:50,2397
2019-03-23 13:55,2414
2019-03-23 14:00,2404
2019-03-23 14:05,2437
2019-03-23 14:10,2430
2019-03-23 14:15,2445
2019-03-23 14:20,2466
2019-03-23 14:25,2491
2019-03-23 14:30,2506
2019-03-23 14:35,2530
2019-03-23 14:40,2573
2019-03-23 14:45,2598
2019-03-23 14:50,2613
2019-03-23 14:55,2617
2019-03-23 15:00,2602
2019-03-23 15:05,2626
2019-03-23 15:10,2601
2019-03-23 15:15,2602
2019-03-23 15:20,2612
2019-03-23 15:25,2655
2019-03-23 15:30,2677
2019-03-23 15:35,2708
2019-03-23 15:40,2705
2019-03-23 15:45,2699
2019-03-23 15:50,2708
2019-03-23 15:55,2739
2019-03-23 16:00,2740
2019-03-23 16:05,2767
2019-03-23 16:10,2800
2019-03-23 16:15,2816
2019-03-23 16:20,2826
2019-03-23 16:25,2826
2019-03-23 16:30,2844
2019-03-23 16:35,2851
2019-03-23 16:40,2866
2019-03-23 16:45,2867
2019-03-23 16:50,2875
2019-03-23 16:55,2903
2019-03-23 17:00,2914
2019-03-23 17:05,2907
2019-03-23 17:10,2948
2019-03-23 17:15,2984
2019-03-23 17:20,2984
2019-03-23 17:25,3032
2019-03-23 17:30,3014
2019-03-23 17:35,2998
2019-03-23 17:40,2999
2019-03-23 17:45,3033
2019-03-23 17:50,3034
2019-03-23 17:55,3032
2019-03-23 18:00,3031
2019-03-23 18:05,3022
2019-03-23 18:10,3051
2019-03-23 18:15,3067
2019-03-23 18:20,3051
2019-03-23 18:25,3056
2019-03-23 18:30,3088
2019-03-23 18:35,3101
2019-03-23 18:40,3068
2019-03-23 18:45,3084
2019-03-23 18:50,3098
2019-03-23 18:55,3106
2019-03-23 19:00,3093
2019-03-23 19:05,3092
2019-03-23 19:10,3109
2019-03-23 19:15,3099
2019-03-23 19:20,3100
2019-03-23 19:25,3101
2019-03-23 19:30,3105
2019-03-23 19:35,3089
2019-03-23 19:40,3123
2019-03-23 19:45,3132
2019-03-23 19:50,3143
2019-03-23 19:55,3142
2019-03-23 20:00,3143
2019-03-23 20:05,3169
2019-03-23 20:10,3171
2019-03-23 20:15,3123
2019-03-23 20:20,3127
2019-03-23 20:25,3122
2019-03-23 20:30,3130
2019-03-23 20:35,3103
2019-03-23 20:40,3081
2019-03-23 20:45,3079
2019-03-23 20:50,3086
2019-03-23 20:55,3059
2019-03-23 21:00,3057
2019-03-23 21:05,3032
2019-03-23 21:10,3015
2019-03-23 21:15,2995
2019-03-23 21:20,2972
2019-03-23 21:25,2956
2019-03-23 21:30,2937
2019-03-23 21:35,2944
2019-03-23 21:40,2919
2019-03-23 21:45,2886
2019-03-23 21:50,2878
2019-03-23 21:55,2860
2019-03-23 22:00,2825
2019-03-23 22:05,2811
2019-03-23 22:10,2782
2019-03-23 22:15,2778
2019-03-23 22:20,2748
2019-03-23 22:25,2720
2019-03-23 22:30,2711
2019-03-23 22:35,2647
2019-03-23 22:40,2622
2019-03-23 22:45,0
2019-03-23 22:50,2604
2019-03-23 22:55,2581
2019-03-23 23:00,2545
2019-03-23 23:05,2511
2019-03-23 23:10,2522
2019-03-23 23:15,2475
2019-03-23 23:20,2440
2019-03-23 23:25,2426
2019-03-23 23:30,2418
2019-03-23 23:35,2409
2019-03-23 23:40,2404
2019-03-23 23:45,2390
2019-03-23 23:50,2378
2019-03-23 23:55,2359
2019-03-24 00:00,2319
2019-03-24 00:05,2306
2019-03-24 00:10,2284
2019-03-24 00:15,2272
2019-03-24 00:20,2257
2019-03-24 00:25,2239
2019-03-24 00:30,2238
2019-03-24 00:35,2209
2019-03-24 00:40,2199
2019-03-24 00:45,2191
2019-03-24 00:50,2165
2019-03-24 00:55,2177
2019-03-24 01:00,2170
2019-03-24 01:05,2149
2019-03-24 01:10,2125
2019-03-24 01:15,2102
2019-03-24 01:20,2068
2019-03-24 01:25,2054
2019-03-24 01:30,2056
2019-03-24 01:35,2063
2019-03-24 01:40,2057
2019-03-24 01:45,2048
2019-03-24 01:50,2048
2019-03-24 01:55,2037
2019-03-24 02:00,2024
2019-03-24 02:05,2027
2019-03-24 02:10,2008
2019-03-24 02:15,2010
2019-03-24 02:20,1998
2019-03-24 02:25,1995
2019-03-24 02:30,2005
2019-03-24 02:35,1991
2019-03-24 02:40,1974
2019-03-24 02:45,1965
2019-03-24 02:50,1958
2019-03-24 02:55,1961
2019-03-24 03:00,1954
2019-03-24 03:05,1952
2019-03-24 03:10,1942
2019-03-24 03:15,1938
2019-03-24 03:20,1924
2019-03-24 03:25,1902
2019-03-24 03:30,1868
2019-03-24 03:35,1870
2019-03-24 03:40,1840
2019-03-24 03:45,1826
2019-03-24 03:50,1822
2019-03-24 03:55,1814
2019-03-24 04:00,1805
2019-03-24 04:05,1801
2019-03-24 04:10,1778
2019-03-24 04:15,1776
2019-03-24 04:20,1772
2019-03-24 04:25,1757
2019-03-24 04:30,1724
2019-03-24 04:35,1704
2019-03-24 04:40,1700
2019-03-24 04:45,1703
2019-03-24 04:50,1680
2019-03-24 04:55,1679
2019-03-24 05:00,1665
2019-03-24 05:05,1648
2019-03-24 05:10,1632
2019-03-24 05:15,1641
2019-03-24 05:20,1647
2019-03-24 05:25,1634
2019-03-24 05:30,1614
2019-03-24 05:35,1606
2019-03-24 05:40,1610
2019-03-24 05:45,1618
2019-03-24 05:50,1605
2019-03-24 05:55,1607
2019-03-24 06:00,1599
2019-03-24 06:05,1591
2019-03-24 06:10,1590
2019-03-24 06:15,1607
2019-03-24 06:20,1609
2019-03-24 06:25,1601
2019-03-24 06:30,1607
2019-03-24 06:35,1616
2019-03-24 06:40,1617
2019-03-24 06:45,1620
2019-03-24 06:50,1618
2019-03-24 06:55,1626
2019-03-24 07:00,1621
2019-03-24 07:05,1606
2019-03-24 07:10,1598
2019-03-24 07:15,1596
2019-03-24 07:20,1587
2019-03-24 07:25,1584
2019-03-24 07:30,1578
2019-03-24 07:35,1594
2019-03-24 07:40,1598
2019-03-24 07:45,1596
2019-03-24 07:50,1599
2019-03-24 07:55,1635
2019-03-24 08:00,1634
2019-03-24 08:05,1649
2019-03-24 08:10,1655
2019-03-24 08:15,1632
2019-03-24 08:20,1652
2019-03-24 08:25,1674
2019-03-24 08:30,1692
2019-03-24 08:35,1719
2019-03-24 08:40,1723
2019-03-24 08:45,1748
2019-03-24 08:50,1776
2019-03-24 08:55,1789
2019-03-24 09:00,1820
2019-03-24 09:05,1829
2019-03-24 09:10,1830
2019-03-24 09:15,1820
2019-03-24 09:20,1848
2019-03-24 09:25,1883
2019-03-24 09:30,1884
2019-03-24 09:35,1888
2019-03-24 09:40,1917
2019-03-24 09:45,1940
2019-03-24 09:50,1952
2019-03-24 09:55,1973
2019-03-24 10:00,2005
2019-03-24 10:05,2040
2019-03-24 10:10,2073
2019-03-24 10:15,2105
2019-03-24 10:20,2114
2019-03-24 10:25,2147
2019-03-24 10:30,2148
2019-03-24 10:35,2174
2019-03-24 10:40,2183
2019-03-24 10:45,2195
2019-03-24 10:50,2207
2019-03-24 10:55,2223
2019-03-24 11:00,2251
2019-03-24 11:05,2269
2019-03-24 11:10,2272
2019-03-24 11:15,2298
2019-03-24 11:20,2314
2019-03-24 11:25,2319
2019-03-24 11:30,2314
2019-03-24 11:35,2330
2019-03-24 11:40,2337
2019-03-24 11:45,2358
2019-03-24 11:50,2381
2019-03-24 11:55,2376
2019-03-24 12:00,2397
2019-03-24 12:05,2422
2019-03-24 12:10,2434
2019-03-24 12:15,2422
2019-03-24 12:20,2430
2019-03-24 12:25,2455
2019-03-24 12:30,2487
2019-03-24 12:35,2503
2019-03-24 12:40,2496
2019-03-24 12:45,2518
2019-03-24 12:50,2522
2019-03-24 12:55,2554
2019-03-24 13:00,2545
2019-03-24 13:05,2560
2019-03-24 13:10,2567
2019-03-24 13:15,2563
2019-03-24 13:20,2613
2019-03-24 13:25,2618
2019-03-24 13:30,2634
2019-03-24 13:35,2633
2019-03-24 13:40,2642
2019-03-24 13:45,2673
2019-03-24 13:50,2727
2019-03-24 13:55,2740
2019-03-24 14:00,2788
2019-03-24 14:05,2800
2019-03-24 14:10,2807
2019-03-24 14:15,2815
2019-03-24 14:20,2858
2019-03-24 14:25,2901
2019-03-24 14:30,2896
2019-03-24 14:35,2920
2019-03-24 14:40,2909
2019-03-24 14:45,2905
2019-03-24 14:50,2960
2019-03-24 14:55,0
2019-03-24 15:00,2984
2019-03-24 15:05,3002
2019-03-24 15:10,3028
2019-03-24 15:15,3070
2019-03-24 15:20,3080
2019-03-24 15:25,3088
2019-03-24 15:30,3117
2019-03-24 15:35,3112
2019-03-24 15:40,3108
2019-03-24 15:45,3126
2019-03-24 15:50,3129
2019-03-24 15:55,3131
2019-03-24 16:00,3146
2019-03-24 16:05,3169
2019-03-24 16:10,3180
2019-03-24 16:15,3188
2019-03-24 16:20,3188
2019-03-24 16:25,3205
2019-03-24 16:30,3228
2019-03-24 16:35,3265
2019-03-24 16:40,3284
2019-03-24 16:45,3321
2019-03-24 16:50,3314
2019-03-24 16:55,3335
2019-03-24 17:00,3324
2019-03-24 17:05,3308
2019-03-24 17:10,3326
2019-03-24 17:15,3341
2019-03-24 17:20,3358
2019-03-24 17:25,3354
2019-03-24 17:30,3390
2019-03-24 17:35,3398
2019-03-24 17:40,3389
2019-03-24 17:45,3385
2019-03-24 17:50,3405
2019-03-24 17:55,3417
2019-03-24 18:00,3388
2019-03-24 18:05,3383
2019-03-24 18:10,3391
2019-03-24 18:15,3344
2019-03-24 18:20,3340
2019-03-24 18:25,3349
2019-03-24 18:30,3336
2019-03-24 18:35,3332
2019-03-24 18:40,3323
2019-03-24 18:45,3318
2019-03-24 18:50,3307
2019-03-24 18:55,3335
2019-03-24 19:00,3316
2019-03-24 19:05,3311
2019-03-24 19:10,3340
2019-03-24 19:15,3366
2019-03-24 19:20,3375
2019-03-24 19:25,3371
2019-03-24 19:30,3341
2019-03-24 19:35,3326
2019-03-24 19:40,3306
2019-03-24 19:45,3297
2019-03-24 19:50,3294
2019-03-24 19:55,3329
2019-03-24 20:00,3314
2019-03-24 20:05,3318
2019-03-24 20:10,3328
2019-03-24 20:15,3316
2019-03-24 20:20,3300
2019-03-24 20:25,3288
2019-03-24 20:30,3295
2019-03-24 20:35,3284
2019-03-24 20:40,3298
2019-03-24 20:45,3283
2019-03-24 20:50,3251
2019-03-24 20:55,3226
2019-03-24 21:00,3206
2019-03-24 21:05,3171
2019-03-24 21:10,3133
2019-03-24 21:15,3124
2019-03-24 21:20,3102
2019-03-24 21:25,3074
2019-03-24 21:30,3035
2019-03-24 21:35,3027
2019-03-24 21:40,3002
2019-03-24 21:45,2952
2019-03-24 21:50,2948
2019-03-24 21:55,2923
2019-03-24 22:00,2863
2019-03-24 22:05,2838
2019-03-24 22:10,2812
2019-03-24 22:15,2778
2019-03-24 22:20,2745
2019-03-24 22:25,2741
2019-03-24 22:30,2700
2019-03-24 22:35,2677
2019-03-24 22:40,2649
2019-03-24 22:45,2601
2019-03-24 22:50,2596
2019-03-24 22:55,2569
2019-03-24 23:00,2540
2019-03-24 23:05,2505
2019-03-24 23:10,2500
2019-03-24 23:15,2478
2019-03-24 23:20,2459
2019-03-24 23:25,2465
2019-03-24 23:30,2433
2019-03-24 23:35,2412
2019-03-24 23:40,2401
2019-03-24 23:45,2397
2019-03-24 23:50,2375
2019-03-24 23:55,2368
2019-03-25 00:00,2352
2019-03-25 00:05,2317
2019-03-25 00:10,2300
2019-03-25 00:15,2273
2019-03-25 00:20,2222
2019-03-25 00:25,2195
2019-03-25 00:30,2190
2019-03-25 00:35,2174
2019-03-25 00:40,2159
2019-03-25 00:45,2148
2019-03-25 00:50,2127
2019-03-25 00:55,2115
2019-03-25 01:00,2107
2019-03-25 01:05,2091
2019-03-25 01:10,2072
2019-03-25 01:15,2066
2019-03-25 01:20,2037
2019-03-25 01:25,2015
2019-03-25 01:30,1994
2019-03-25 01:35,1972
2019-03-25 01:40,1956
2019-03-25 01:45,1946
2019-03-25 01:50,1932
2019-03-25 01:55,1918
2019-03-25 02:00,1896
2019-03-25 02:05,1859
2019-03-25 02:10,1841
2019-03-25 02:15,1840
2019-03-25 02:20,1815
2019-03-25 02:25,1806
2019-03-25 02:30,1769
2019-03-25 02:35,1754
2019-03-25 02:40,1744
2019-03-25 02:45,1732
2019-03-25 02:50,1710
2019-03-25 02:55,1692
2019-03-25 03:00,1674
2019-03-25 03:05,1664
2019-03-25 03:10,1671
2019-03-25 03:15,1678
2019-03-25 03:20,1658
2019-03-25 03:25,1645
2019-03-25 03:30,1638
2019-03-25 03:35,1634
2019-03-25 03:40,1630
2019-03-25 03:45,1613
2019-03-25 03:50,1599
2019-03-25 03:55,1604
2019-03-25 04:00,1583
2019-03-25 04:05,1570
2019-03-25 04:10,1546
2019-03-25 04:15,1523
2019-03-25 04:20,1516
2019-03-25 04:25,1488
2019-03-25 04:30,1458
2019-03-25 04:35,1435
2019-03-25 04:40,1418
2019-03-25 04:45,1415
2019-03-25 04:50,1394
2019-03-25 04:55,1380
2019-03-25 05:00,1382
2019-03-25 05:05,1383
2019-03-25 05:10,1368
2019-03-25 05:15,1368
2019-03-25 05:20,1358
2019-03-25 05:25,1349
2019-03-25 05:30,1344
2019-03-25 05:35,1328
2019-03-25 05:40,1325
2019-03-25 05:45,1337
2019-03-25 05:50,1320
2019-03-25 05:55,1298
2019-03-25 06:00,1267
2019-03-25 06:05,1268
2019-03-25 06:10,1251
2019-03-25 06:15,1250
2019-03-25 06:20,1254
2019-03-25 06:25,1254
2019-03-25 06:30,1251
2019-03-25 06:35,1244
2019-03-25 06:40,1246
2019-03-25 06:45,1247
2019-03-25 06:50,1246
2019-03-25 06:55,1242
2019-03-25 07:00,1238
2019-03-25 07:05,1233
2019-03-25 07:10,1230
2019-03-25 07:15,1224
2019-03-25 07:20,1203
2019-03-25 07:25,1221
2019-03-25 07:30,1239
2019-03-25 07:35,1239
2019-03-25 07:40,1223
2019-03-25 07:45,1232
2019-03-25 07:50,1230
2019-03-25 07:55,1221
2019-03-25 08:00,1226
2019-03-25 08:05,1227
2019-03-25 08:10,1241
2019-03-25 08:15,1242
2019-03-25 08:20,1247
2019-03-25 08:25,1260
2019-03-25 08:30,1295
2019-03-25 08:35,1301
2019-03-25 08:40,1310
2019-03-25 08:45,1317
2019-03-25 08:50,1319
2019-03-25 08:55,1329
2019-03-25 09:00,1334
2019-03-25 09:05,1320
2019-03-25 09:10,1323
2019-03-25 09:15,1331
2019-03-25 09:20,1333
2019-03-25 09:25,1341
2019-03-25 09:30,1345
2019-03-25 09:35,1339
2019-03-25 09:40,1338
2019-03-25 09:45,1358
2019-03-25 09:50,1362
2019-03-25 09:55,1388
2019-03-25 10:00,1431
2019-03-25 10:05,1449
2019-03-25 10:10,1483
2019-03-25 10:15,1484
2019-03-25 10:20,1491
2019-03-25 10:25,1519
2019-03-25 10:30,1534
2019-03-25 10:35,1541
2019-03-25 10:40,1536
2019-03-25 10:45,1549
2019-03-25 10:50,1565
2019-03-25 10:55,1562
2019-03-25 11:00,1577
2019-03-25 11:05,1577
2019-03-25 11:10,1561
2019-03-25 11:15,1571
2019-03-25 11:20,1579
2019-03-25 11:25,1574
2019-03-25 11:30,1604
2019-03-25 11:35,1609
2019-03-25 11:40,1623
2019-03-25 11:45,1641
2019-03-25 11:50,1667
2019-03-25 11:55,1663
2019-03-25 12:00,1679
2019-03-25 12:05,1691
2019-03-25 12:10,1710
2019-03-25 12:15,1711
2019-03-25 12:20,1740
2019-03-25 12:25,1754
2019-03-25 12:30,1747
2019-03-25 12:35,1759
2019-03-25 12:40,1751
2019-03-25 12:45,1781
2019-03-25 12:50,1793
2019-03-25 12:55,1812
2019-03-25 13:00,1812
2019-03-25 13:05,1836
2019-03-25 13:10,1836
2019-03-25 13:15,1841
2019-03-25 13:20,1852
2019-03-25 13:25,1850
2019-03-25 13:30,1855
2019-03-25 13:35,1869
2019-03-25 13:40,1901
2019-03-25 13:45,1918
2019-03-25 13:50,1940
2019-03-25 13:55,1957
2019-03-25 14:00,1958
2019-03-25 14:05,1960
2019-03-25 14:10,1955
2019-03-25 14:15,1955
2019-03-25 14:20,1961
2019-03-25 14:25,2009
2019-03-25 14:30,2037
2019-03-25 14:35,2060
2019-03-25 14:40,2069
2019-03-25 14:45,2106
2019-03-25 14:50,2112
2019-03-25 14:55,2111
2019-03-25 15:00,2114
2019-03-25 15:05,2150
2019-03-25 15:10,2177
2019-03-25 15:15,2187
2019-03-25 15:20,2195
2019-03-25 15:25,2213
2019-03-25 15:30,2241
2019-03-25 15:35,2250
2019-03-25 15:40,2261
2019-03-25 15:45,2297
2019-03-25 15:50,2316
2019-03-25 15:55,2343
2019-03-25 16:00,2327
2019-03-25 16:05,2347
2019-03-25 16:10,2382
2019-03-25 16:15,2416
2019-03-25 16:20,2438
2019-03-25 16:25,2463
2019-03-25 16:30,2480
2019-03-25 16:35,2506
2019-03-25 16:40,2510
2019-03-25 16:45,2539
2019-03-25 16:50,2523
2019-03-25 16:55,2537
2019-03-25 17:00,2548
2019-03-25 17:05,2557
2019-03-25 17:10,2567
2019-03-25 17:15,2597
2019-03-25 17:20,2640
2019-03-25 17:25,2668
2019-03-25 17:30,2659
2019-03-25 17:35,2659
2019-03-25 17:40,2679
2019-03-25 17:45,2665
2019-03-25 17:50,2701
2019-03-25 17:55,2718
2019-03-25 18:00,2748
2019-03-25 18:05,2754
2019-03-25 18:10,2738
2019-03-25 18:15,2740
2019-03-25 18:20,2745
2019-03-25 18:25,2766
2019-03-25 18:30,2760
2019-03-25 18:35,2772
2019-03-25 18:40,2775
2019-03-25 18:45,2781
2019-03-25 18:50,2784
2019-03-25 18:55,2772
2019-03-25 19:00,2774
2019-03-25 19:05,2776
2019-03-25 19:10,2783
2019-03-25 19:15,2783
2019-03-25 19:20,2795
2019-03-25 19:25,2797
2019-03-25 19:30,2776
2019-03-25 19:35,2784
2019-03-25 19:40,2808
2019-03-25 19:45,2812
2019-03-25 19:50,2818
2019-03-25 19:55,2821
2019-03-25 20:00,2820
2019-03-25 20:05,2827
2019-03-25 20:10,2818
2019-03-25 20:15,2808
2019-03-25 20:20,2802
2019-03-25 20:25,2811
2019-03-25 20:30,2796
2019-03-25 20:35,2782
2019-03-25 20:40,2773
2019-03-25 20:45,2789
2019-03-25 20:50,2774
2019-03-25 20:55,2746
2019-03-25 21:00,2734
2019-03-25 21:05,2712
2019-03-25 21:10,2691
2019-03-25 21:15,2670
2019-03-25 21:20,2654
2019-03-25 21:25,2648
2019-03-25 21:30,2641
2019-03-25 21:35,2613
2019-03-25 21:40,2607
2019-03-25 21:45,2599
2019-03-25 21:50,2584
2019-03-25 21:55,2564
2019-03-25 22:00,2581
2019-03-25 22:05,2566
2019-03-25 22:10,2545
2019-03-25 22:15,2523
2019-03-25 22:20,2493
2019-03-25 22:25,2475
2019-03-25 22:30,2449
2019-03-25 22:35,2437
2019-03-25 22:40,2389
2019-03-25 22:45,2378
2019-03-25 22:50,2356
2019-03-25 22:55,2316
2019-03-25 23:00,2314
2019-03-25 23:05,2287
2019-03-25 23:10,2239
2019-03-25 23:15,2251
2019-03-25 23:20,2216
2019-03-25 23:25,2205
2019-03-25 23:30,2203
2019-03-25 23:35,2166
2019-03-25 23:40,2154
2019-03-25 23:45,2155
2019-03-25 23:50,2149
2019-03-25 23:55,2138
2019-03-26 00:00,2114
2019-03-26 00:05,2099
2019-03-26 00:10,2086
2019-03-26 00:15,2085
2019-03-26 00:20,2081
2019-03-26 00:25,2065
2019-03-26 00:30,2042
2019-03-26 00:35,2049
2019-03-26 00:40,2055
2019-03-26 00:45,2038
2019-03-26 00:50,2024
2019-03-26 00:55,2018
2019-03-26 01:00,1969
2019-03-26 01:05,1966
2019-03-26 01:10,1957
2019-03-26 01:15,1961
2019-03-26 01:20,1959
2019-03-26 01:25,1929
2019-03-26 01:30,1941
2019-03-26 01:35,1928
2019-03-26 01:40,1906
2019-03-26 01:45,1907
2019-03-26 01:50,1906
2019-03-26 01:55,1898
2019-03-26 02:00,1885
2019-03-26 02:05,1865
2019-03-26 02:10,1836
2019-03-26 02:15,1832
2019-03-26 02:20,1821
2019-03-26 02:25,1807
2019-03-26 02:30,1775
2019-03-26 02:35,1770
2019-03-26 02:40,1753
2019-03-26 02:45,1748
2019-03-26 02:50,1733
2019-03-26 02:55,1696
2019-03-26 03:00,1688
2019-03-26 03:05,1672
2019-03-26 03:10,1671
2019-03-26 03:15,1661
2019-03-26 03:20,1622
2019-03-26 03:25,1632
2019-03-26 03:30,1607
2019-03-26 03:35,1608
2019-03-26 03:40,1590
2019-03-26 03:45,1562
2019-03-26 03:50,1544
2019-03-26 03:55,1513
2019-03-26 04:00,1494
2019-03-26 04:05,1473
2019-03-26 04:10,1455
2019-03-26 04:15,1449
2019-03-26 04:20,1460
2019-03-26 04:25,1445
2019-03-26 04:30,1427
2019-03-26 04:35,1406
2019-03-26 04:40,1392
2019-03-26 04:45,1371
2019-03-26 04:50,1362
2019-03-26 04:55,1349
2019-03-26 05:00,1343
2019-03-26 05:05,1313
2019-03-26 05:10,1297
2019-03-26 05:15,1293
2019-03-26 05:20,1277
2019-03-26 05:25,1268
2019-03-26 05:30,1243
2019-03-26 05:35,1231
2019-03-26 05:40,1224
2019-03-26 05:45,1222
2019-03-26 05:50,1207
2019-03-26 05:55,1210
2019-03-26 06:00,1206
2019-03-26 06:05,1189
2019-03-26 06:10,1173
2019-03-26 06:15,1180
2019-03-26 06:20,1184
2019-03-26 06:25,1175
2019-03-26 06:30,1181
2019-03-26 06:35,1173
2019-03-26 06:40,1174
2019-03-26 06:45,1167
2019-03-26 06:50,1158
2019-03-26 06:55,1152
2019-03-26 07:00,1157
2019-03-26 07:05,1172
2019-03-26 07:10,1157
2019-03-26 07:15,1146
2019-03-26 07:20,1139
2019-03-26 07:25,1143
2019-03-26 07:30,1148
2019-03-26 07:35,1157
2019-03-26 07:40,1154
2019-03-26 07:45,1163
2019-03-26 07:50,1166
2019-03-26 07:55,1159
2019-03-26 08:00,1156
2019-03-26 08:05,1173
2019-03-26 08:10,1184
2019-03-26 08:15,1175
2019-03-26 08:20,1177
2019-03-26 08:25,1194
2019-03-26 08:30,1210
2019-03-26 08:35,1201
2019-03-26 08:40,1210
2019-03-26 08:45,1223
2019-03-26 08:50,1222
2019-03-26 08:55,1226
2019-03-26 09:00,1228
2019-03-26 09:05,1235
2019-03-26 09:10,1255
2019-03-26 09:15,1253
2019-03-26 09:20,1263
2019-03-26 09:25,1261
2019-03-26 09:30,1265
2019-03-26 09:35,1274
2019-03-26 09:40,1287
2019-03-26 09:45,1286
2019-03-26 09:50,1308
2019-03-26 09:55,1334
2019-03-26 10:00,1340
2019-03-26 10:05,1366
2019-03-26 10:10,1385
2019-03-26 10:15,1392
2019-03-26 10:20,1395
2019-03-26 10:25,1415
2019-03-26 10:30,1430
2019-03-26 10:35,1429
2019-03-26 10:40,1437
2019-03-26 10:45,1464
2019-03-26 10:50,1486
2019-03-26 10:55,1501
2019-03-26 11:00,1490
2019-03-26 11:05,1485
2019-03-26 11:10,1473
2019-03-26 11:15,1484
2019-03-26 11:20,1498
2019-03-26 11:25,1505
2019-03-26 11:30,1517
2019-03-26 11:35,1536
2019-03-26 11:40,1551
2019-03-26 11:45,1546
2019-03-26 11:50,1541
2019-03-26 11:55,1566
2019-03-26 12:00,1576
2019-03-26 12:05,1577
2019-03-26 12:10,1574
2019-03-26 12:15,1586
2019-03-26 12:20,1597
2019-03-26 12:25,1608
2019-03-26 12:30,1601
2019-03-26 12:35,1601
2019-03-26 12:40,1603
2019-03-26 12:45,1616
2019-03-26 12:50,1627
2019-03-26 12:55,1623
2019-03-26 13:00,1646
2019-03-26 13:05,1651
2019-03-26 13:10,1673
2019-03-26 13:15,1688
2019-03-26 13:20,1714
2019-03-26 13:25,1739
2019-03-26 13:30,1748
2019-03-26 13:35,1754
2019-03-26 13:40,1771
2019-03-26 13:45,1788
2019-03-26 13:50,1791
2019-03-26 13:55,1797
2019-03-26 14:00,1804
2019-03-26 14:05,1827
2019-03-26 14:10,1849
2019-03-26 14:15,1870
2019-03-26 14:20,1877
2019-03-26 14:25,1863
2019-03-26 14:30,1885
2019-03-26 14:35,1897
2019-03-26 14:40,1928
2019-03-26 14:45,1938
2019-03-26 14:50,1971
2019-03-26 14:55,1973
2019-03-26 15:00,1999
2019-03-26 15:05,2007
2019-03-26 15:10,2032
2019-03-26 15:15,2050
2019-03-26 15:20,2060
2019-03-26 15:25,2100
2019-03-26 15:30,2114
2019-03-26 15:35,2133
2019-03-26 15:40,2141
2019-03-26 15:45,2140
2019-03-26 15:50,2159
2019-03-26 15:55,2185
2019-03-26 16:00,2203
2019-03-26 16:05,2209
2019-03-26 16:10,2231
2019-03-26 16:15,2256
2019-03-26 16:20,2265
2019-03-26 16:25,2272
2019-03-26 16:30,2310
2019-03-26 16:35,2314
2019-03-26 16:40,2340
2019-03-26 16:45,2379
2019-03-26 16:50,2382
2019-03-26 16:55,2397
2019-03-26 17:00,2418
2019-03-26 17:05,2408
2019-03-26 17:10,2427
2019-03-26 17:15,2432
2019-03-26 17:20,2447
2019-03-26 17:25,2501
2019-03-26 17:30,2523
2019-03-26 17:35,2574
2019-03-26 17:40,2584
2019-03-26 17:45,2593
2019-03-26 17:50,2601
2019-03-26 17:55,2645
2019-03-26 18:00,2646
2019-03-26 18:05,2632
2019-03-26 18:10,2651
2019-03-26 18:15,2673
2019-03-26 18:20,2673
2019-03-26 18:25,2661
2019-03-26 18:30,2672
2019-03-26 18:35,2681
2019-03-26 18:40,2681
2019-03-26 18:45,2705
2019-03-26 18:50,2688
2019-03-26 18:55,2662
2019-03-26 19:00,2661
2019-03-26 19:05,2670
2019-03-26 19:10,2663
2019-03-26 19:15,2659
2019-03-26 19:20,2667
2019-03-26 19:25,2655
2019-03-26 19:30,2665
2019-03-26 19:35,2658
2019-03-26 19:40,2658
2019-03-26 19:45,2690
2019-03-26 19:50,2678
2019-03-26 19:55,2679
2019-03-26 20:00,2672
2019-03-26 20:05,2672
2019-03-26 20:10,2658
2019-03-26 20:15,2635
2019-03-26 20:20,2631
2019-03-26 20:25,2614
2019-03-26 20:30,2608
2019-03-26 20:35,2605
2019-03-26 20:40,2577
2019-03-26 20:45,2581
2019-03-26 20:50,2596
2019-03-26 20:55,2573
2019-03-26 21:00,2570
2019-03-26 21:05,2515
2019-03-26 21:10,2499
2019-03-26 21:15,2449
2019-03-26 21:20,2458
2019-03-26 21:25,2431
2019-03-26 21:30,2435
2019-03-26 21:35,2415
2019-03-26 21:40,2362
2019-03-26 21:45,2356
2019-03-26 21:50,2370
2019-03-26 21:55,2349
2019-03-26 22:00,2335
2019-03-26 22:05,2296
2019-03-26 22:10,2269
2019-03-26 22:15,2277
2019-03-26 22:20,2292
2019-03-26 22:25,2260
2019-03-26 22:30,2220
2019-03-26 22:35,2196
2019-03-26 22:40,2147
2019-03-26 22:45,2145
2019-03-26 22:50,2143
2019-03-26 22:55,2120
2019-03-26 23:00,2100
2019-03-26 23:05,0
2019-03-26 23:10,1544
2019-03-26 23:15,1997
2019-03-26 23:20,2052
2019-03-26 23:25,2042
2019-03-26 23:30,2015
2019-03-26 23:35,2000
2019-03-26 23:40,1965
2019-03-26 23:45,1975
2019-03-26 23:50,1979
2019-03-26 23:55,1975
2019-03-27 00:00,1983
2019-03-27 00:05,1964
2019-03-27 00:10,1964
2019-03-27 00:15,1950
2019-03-27 00:20,1929
2019-03-27 00:25,1909
2019-03-27 00:30,1929
2019-03-27 00:35,1905
2019-03-27 00:40,1915
2019-03-27 00:45,1931
2019-03-27 00:50,1927
2019-03-27 00:55,1930
2019-03-27 01:00,1908
2019-03-27 01:05,1876
2019-03-27 01:10,1868
2019-03-27 01:15,1867
2019-03-27 01:20,1845
2019-03-27 01:25,1851
2019-03-27 01:30,1827
2019-03-27 01:35,1812
2019-03-27 01:40,1815
2019-03-27 01:45,1810
2019-03-27 01:50,1786
2019-03-27 01:55,1774
2019-03-27 02:00,1750
2019-03-27 02:05,1756
2019-03-27 02:10,1750
2019-03-27 02:15,1738
2019-03-27 02:20,1715
2019-03-27 02:25,1701
2019-03-27 02:30,1685
2019-03-27 02:35,1650
2019-03-27 02:40,1660
2019-03-27 02:45,1637
2019-03-27 02:50,1618
2019-03-27 02:55,1606
2019-03-27 03:00,1589
2019-03-27 03:05,1557
2019-03-27 03:10,1550
2019-03-27 03:15,1530
2019-03-27 03:20,1524
2019-03-27 03:25,1514
2019-03-27 03:30,1491
2019-03-27 03:35,1472
2019-03-27 03:40,1458
2019-03-27 03:45,1446
2019-03-27 03:50,1417
2019-03-27 03:55,1403
2019-03-27 04:00,1383
2019-03-27 04:05,1364
2019-03-27 04:10,1361
2019-03-27 04:15,1352
2019-03-27 04:20,1345
2019-03-27 04:25,1314
2019-03-27 04:30,1323
2019-03-27 04:35,1318
2019-03-27 04:40,1303
2019-03-27 04:45,1302
2019-03-27 04:50,1294
2019-03-27 04:55,1285
2019-03-27 05:00,1279
2019-03-27 05:05,1240
2019-03-27 05:10,1213
2019-03-27 05:15,1212
2019-03-27 05:20,1201
2019-03-27 05:25,1203
2019-03-27 05:30,1188
2019-03-27 05:35,1178
2019-03-27 05:40,1172
2019-03-27 05:45,1164
2019-03-27 05:50,1153
2019-03-27 05:55,1140
2019-03-27 06:00,1129
2019-03-27 06:05,1113
2019-03-27 06:10,1109
2019-03-27 06:15,1102
2019-03-27 06:20,1082
2019-03-27 06:25,1064
2019-03-27 06:30,1052
2019-03-27 06:35,1057
2019-03-27 06:40,1073
2019-03-27 06:45,1074
2019-03-27 06:50,1076
2019-03-27 06:55,1077
2019-03-27 07:00,1081
2019-03-27 07:05,1069
2019-03-27 07:10,1063
2019-03-27 07:15,1075
2019-03-27 07:20,1074
2019-03-27 07:25,1093
2019-03-27 07:30,1108
2019-03-27 07:35,1110
2019-03-27 07:40,1114
2019-03-27 07:45,1117
2019-03-27 07:50,1120
2019-03-27 07:55,1105
2019-03-27 08:00,1115
2019-03-27 08:05,1121
2019-03-27 08:10,1119
2019-03-27 08:15,1114
2019-03-27 08:20,1130
2019-03-27 08:25,1127
2019-03-27 08:30,1143
2019-03-27 08:35,1164
2019-03-27 08:40,1174
2019-03-27 08:45,1193
2019-03-27 08:50,1195
2019-03-27 08:55,1216
2019-03-27 09:00,1238
2019-03-27 09:05,1253
2019-03-27 09:10,1249
2019-03-27 09:15,1250
2019-03-27 09:20,1240
2019-03-27 09:25,1234
2019-03-27 09:30,1253
2019-03-27 09:35,1270
2019-03-27 09:40,1285
2019-03-27 09:45,1278
2019-03-27 09:50,1300
2019-03-27 09:55,1320
2019-03-27 10:00,1336
2019-03-27 10:05,1342
2019-03-27 10:10,1375
2019-03-27 10:15,1414
2019-03-27 10:20,1413
2019-03-27 10:25,1439
2019-03-27 10:30,1449
2019-03-27 10:35,1450
2019-03-27 10:40,1468
2019-03-27 10:45,1475
2019-03-27 10:50,1489
2019-03-27 10:55,1492
2019-03-27 11:00,1494
2019-03-27 11:05,1488
2019-03-27 11:10,1479
2019-03-27 11:15,1483
2019-03-27 11:20,1476
2019-03-27 11:25,1497
2019-03-27 11:30,1503
2019-03-27 11:35,1518
2019-03-27 11:40,1534
2019-03-27 11:45,1555
2019-03-27 11:50,1565
2019-03-27 11:55,1596
2019-03-27 12:00,1591
2019-03-27 12:05,1607
2019-03-27 12:10,1605
2019-03-27 12:15,1616
2019-03-27 12:20,1624
2019-03-27 12:25,1621
2019-03-27 12:30,1635
2019-03-27 12:35,1648
2019-03-27 12:40,1658
2019-03-27 12:45,1662
2019-03-27 12:50,1654
2019-03-27 12:55,1627
2019-03-27 13:00,1640
2019-03-27 13:05,1655
2019-03-27 13:10,1668
2019-03-27 13:15,1670
2019-03-27 13:20,1686
2019-03-27 13:25,1698
2019-03-27 13:30,1715
2019-03-27 13:35,1729
2019-03-27 13:40,1727
2019-03-27 13:45,1743
2019-03-27 13:50,1787
2019-03-27 13:55,1808
2019-03-27 14:00,1823
2019-03-27 14:05,1826
2019-03-27 14:10,1856
2019-03-27 14:15,1845
2019-03-27 14:20,1853
2019-03-27 14:25,1892
2019-03-27 14:30,1908
2019-03-27 14:35,1890
2019-03-27 14:40,1909
2019-03-27 14:45,1902
2019-03-27 14:50,1917
2019-03-27 14:55,1894
2019-03-27 15:00,1927
2019-03-27 15:05,1947
2019-03-27 15:10,1958
2019-03-27 15:15,1959
2019-03-27 15:20,1957
2019-03-27 15:25,1989
2019-03-27 15:30,1992
2019-03-27 15:35,1994
2019-03-27 15:40,2025
2019-03-27 15:45,2071
2019-03-27 15:50,2091
2019-03-27 15:55,2110
2019-03-27 16:00,2146
2019-03-27 16:05,2158
2019-03-27 16:10,2183
2019-03-27 16:15,2172
2019-03-27 16:20,2202
2019-03-27 16:25,2199
2019-03-27 16:30,2219
2019-03-27 16:35,2246
2019-03-27 16:40,2283
2019-03-27 16:45,2306
2019-03-27 16:50,2321
2019-03-27 16:55,2322
2019-03-27 17:00,2331
2019-03-27 17:05,2353
2019-03-27 17:10,2363
2019-03-27 17:15,2375
2019-03-27 17:20,2407
2019-03-27 17:25,2412
2019-03-27 17:30,2473
2019-03-27 17:35,2510
2019-03-27 17:40,2516
2019-03-27 17:45,2507
2019-03-27 17:50,2529
2019-03-27 17:55,2554
2019-03-27 18:00,2574
2019-03-27 18:05,2582
2019-03-27 18:10,2572
2019-03-27 18:15,2592
2019-03-27 18:20,2583
2019-03-27 18:25,2586
2019-03-27 18:30,2579
2019-03-27 18:35,2588
2019-03-27 18:40,2591
2019-03-27 18:45,2587
2019-03-27 18:50,2594
2019-03-27 18:55,2605
2019-03-27 19:00,2624
2019-03-27 19:05,2651
2019-03-27 19:10,2634
2019-03-27 19:15,2654
2019-03-27 19:20,2652
2019-03-27 19:25,2645
2019-03-27 19:30,2652
2019-03-27 19:35,2668
2019-03-27 19:40,2674
2019-03-27 19:45,2660
2019-03-27 19:50,2650
2019-03-27 19:55,2645
2019-03-27 20:00,2626
2019-03-27 20:05,2619
2019-03-27 20:10,2599
2019-03-27 20:15,2591
2019-03-27 20:20,2580
2019-03-27 20:25,2551
2019-03-27 20:30,2585
2019-03-27 20:35,2567
2019-03-27 20:40,2561
2019-03-27 20:45,2525
2019-03-27 20:50,2498
2019-03-27 20:55,2498
2019-03-27 21:00,2493
2019-03-27 21:05,2445
2019-03-27 21:10,2398
2019-03-27 21:15,2360
2019-03-27 21:20,2325
2019-03-27 21:25,2286
2019-03-27 21:30,2271
2019-03-27 21:35,2269
2019-03-27 21:40,2257
2019-03-27 21:45,2256
2019-03-27 21:50,2265
2019-03-27 21:55,2248
2019-03-27 22:00,2242
2019-03-27 22:05,2206
2019-03-27 22:10,2196
2019-03-27 22:15,2195
2019-03-27 22:20,2129
2019-03-27 22:25,2106
2019-03-27 22:30,2067
2019-03-27 22:35,2017
2019-03-27 22:40,2024
2019-03-27 22:45,2017
2019-03-27 22:50,1982
2019-03-27 22:55,1979
2019-03-27 23:00,1952
2019-03-27 23:05,1946
2019-03-27 23:10,1913
2019-03-27 23:15,1917
2019-03-27 23:20,1895
2019-03-27 23:25,1898
2019-03-27 23:30,1894
2019-03-27 23:35,1893
2019-03-27 23:40,1896
2019-03-27 23:45,1888
2019-03-27 23:50,1885
2019-03-27 23:55,1884
2019-03-28 00:00,1866
2019-03-28 00:05,1843
2019-03-28 00:10,1824
2019-03-28 00:15,1821
2019-03-28 00:20,1803
2019-03-28 00:25,1780
2019-03-28 00:30,1779
2019-03-28 00:35,1746
2019-03-28 00:40,1756
2019-03-28 00:45,1744
2019-03-28 00:50,1742
2019-03-28 00:55,1720
2019-03-28 01:00,1734
2019-03-28 01:05,1742
2019-03-28 01:10,1722
2019-03-28 01:15,1719
2019-03-28 01:20,1712
2019-03-28 01:25,1716
2019-03-28 01:30,1706
2019-03-28 01:35,1718
2019-03-28 01:40,1714
2019-03-28 01:45,1701
2019-03-28 01:50,1668
2019-03-28 01:55,1666
2019-03-28 02:00,1658
2019-03-28 02:05,1626
2019-03-28 02:10,1625
2019-03-28 02:15,1601
2019-03-28 02:20,1580
2019-03-28 02:25,1593
2019-03-28 02:30,1593
2019-03-28 02:35,1554
2019-03-28 02:40,1532
2019-03-28 02:45,1523
2019-03-28 02:50,1521
2019-03-28 02:55,1514
2019-03-28 03:00,1500
2019-03-28 03:05,1457
2019-03-28 03:10,1448
2019-03-28 03:15,1432
2019-03-28 03:20,1420
2019-03-28 03:25,1405
2019-03-28 03:30,1390
2019-03-28 03:35,1379
2019-03-28 03:40,1370
2019-03-28 03:45,1357
2019-03-28 03:50,1350
2019-03-28 03:55,1338
2019-03-28 04:00,1324
2019-03-28 04:05,1317
2019-03-28 04:10,1288
2019-03-28 04:15,1266
2019-03-28 04:20,1241
2019-03-28 04:25,1241
2019-03-28 04:30,1228
2019-03-28 04:35,1218
2019-03-28 04:40,1206
2019-03-28 04:45,1193
2019-03-28 04:50,1190
2019-03-28 04:55,1173
2019-03-28 05:00,1159
2019-03-28 05:05,1166
2019-03-28 05:10,1135
2019-03-28 05:15,1113
2019-03-28 05:20,1093
2019-03-28 05:25,1096
2019-03-28 05:30,1093
2019-03-28 05:35,1082
2019-03-28 05:40,1082
2019-03-28 05:45,1059
2019-03-28 05:50,1048
2019-03-28 05:55,1053
2019-03-28 06:00,1068
2019-03-28 06:05,1042
2019-03-28 06:10,1047
2019-03-28 06:15,1047
2019-03-28 06:20,1052
2019-03-28 06:25,1069
2019-03-28 06:30,1065
2019-03-28 06:35,1072
2019-03-28 06:40,1077
2019-03-28 06:45,1062
2019-03-28 06:50,1064
2019-03-28 06:55,1057
2019-03-28 07:00,1047
2019-03-28 07:05,1050
2019-03-28 07:10,1032
2019-03-28 07:15,1049
2019-03-28 07:20,1052
2019-03-28 07:25,1055
2019-03-28 07:30,1062
2019-03-28 07:35,1064
2019-03-28 07:40,1066
2019-03-28 07:45,1066
2019-03-28 07:50,1042
2019-03-28 07:55,1045
2019-03-28 08:00,1065
2019-03-28 08:05,1077
2019-03-28 08:10,1085
2019-03-28 08:15,1111
2019-03-28 08:20,1110
2019-03-28 08:25,1114
2019-03-28 08:30,1111
2019-03-28 08:35,1137
2019-03-28 08:40,1139
2019-03-28 08:45,1140
2019-03-28 08:50,1142
2019-03-28 08:55,1138
2019-03-28 09:00,1159
2019-03-28 09:05,1167
2019-03-28 09:10,1180
2019-03-28 09:15,1198
2019-03-28 09:20,1212
2019-03-28 09:25,1220
2019-03-28 09:30,1242
2019-03-28 09:35,1250
2019-03-28 09:40,1268
2019-03-28 09:45,1259
2019-03-28 09:50,1257
2019-03-28 09:55,1255
2019-03-28 10:00,1278
2019-03-28 10:05,1308
2019-03-28 10:10,1324
2019-03-28 10:15,1346
2019-03-28 10:20,1371
2019-03-28 10:25,1356
2019-03-28 10:30,1362
2019-03-28 10:35,1365
2019-03-28 10:40,1369
2019-03-28 10:45,1359
2019-03-28 10:50,1367
2019-03-28 10:55,1379
2019-03-28 11:00,1398
2019-03-28 11:05,1403
2019-03-28 11:10,1405
2019-03-28 11:15,1418
2019-03-28 11:20,1436
2019-03-28 11:25,1426
2019-03-28 11:30,1435
2019-03-28 11:35,1442
2019-03-28 11:40,1440
2019-03-28 11:45,1439
2019-03-28 11:50,1461
2019-03-28 11:55,1461
2019-03-28 12:00,1474
2019-03-28 12:05,1470
2019-03-28 12:10,1485
2019-03-28 12:15,1489
2019-03-28 12:20,1511
2019-03-28 12:25,1515
2019-03-28 12:30,1539
2019-03-28 12:35,1552
2019-03-28 12:40,1539
2019-03-28 12:45,1560
2019-03-28 12:50,1578
2019-03-28 12:55,1604
2019-03-28 13:00,1609
2019-03-28 13:05,1618
2019-03-28 13:10,1615
2019-03-28 13:15,1616
2019-03-28 13:20,1631
2019-03-28 13:25,1649
2019-03-28 13:30,1651
2019-03-28 13:35,1653
2019-03-28 13:40,1635
2019-03-28 13:45,1629
2019-03-28 13:50,1597
2019-03-28 13:55,1563
2019-03-28 14:00,1465
2019-03-28 14:05,1041
2019-03-28 14:10,1022
2019-03-28 14:15,1007
2019-03-28 14:20,1009
2019-03-28 14:25,1014
2019-03-28 14:30,1003
2019-03-28 14:35,1034
2019-03-28 14:40,1047
2019-03-28 14:45,1047
2019-03-28 14:50,1054
2019-03-28 14:55,1046
2019-03-28 15:00,1060
2019-03-28 15:05,1066
2019-03-28 15:10,1063
2019-03-28 15:15,1090
2019-03-28 15:20,1110
2019-03-28 15:25,1207
2019-03-28 15:30,1267
2019-03-28 15:35,1372
2019-03-28 15:40,1463
2019-03-28 15:45,1559
2019-03-28 15:50,1615
2019-03-28 15:55,1670
2019-03-28 16:00,1746
2019-03-28 16:05,1819
2019-03-28 16:10,1910
2019-03-28 16:15,1964
2019-03-28 16:20,2020
2019-03-28 16:25,2083
2019-03-28 16:30,2117
2019-03-28 16:35,2149
2019-03-28 16:40,2206
2019-03-28 16:45,2226
2019-03-28 16:50,2259
2019-03-28 16:55,2295
2019-03-28 17:00,2311
2019-03-28 17:05,2323
2019-03-28 17:10,2376
2019-03-28 17:15,2390
2019-03-28 17:20,2400
2019-03-28 17:25,2409
2019-03-28 17:30,2438
2019-03-28 17:35,2452
2019-03-28 17:40,2484
2019-03-28 17:45,2495
2019-03-28 17:50,2547
2019-03-28 17:55,2559
2019-03-28 18:00,2570
2019-03-28 18:05,2566
2019-03-28 18:10,2584
2019-03-28 18:15,2569
2019-03-28 18:20,2560
2019-03-28 18:25,2561
2019-03-28 18:30,2566
2019-03-28 18:35,2543
2019-03-28 18:40,2548
2019-03-28 18:45,2553
2019-03-28 18:50,2571
2019-03-28 18:55,2584
2019-03-28 19:00,2596
2019-03-28 19:05,2586
2019-03-28 19:10,2586
2019-03-28 19:15,2578
2019-03-28 19:20,2568
2019-03-28 19:25,2557
2019-03-28 19:30,2548
2019-03-28 19:35,2551
2019-03-28 19:40,2541
2019-03-28 19:45,2548
2019-03-28 19:50,2549
2019-03-28 19:55,2530
2019-03-28 20:00,2495
2019-03-28 20:05,2503
2019-03-28 20:10,2513
2019-03-28 20:15,2503
2019-03-28 20:20,0
2019-03-28 20:25,2480
2019-03-28 20:30,2450
2019-03-28 20:35,2441
2019-03-28 20:40,2444
2019-03-28 20:45,2442
2019-03-28 20:50,0
2019-03-28 20:55,2408
2019-03-28 21:00,2396
2019-03-28 21:05,2391
2019-03-28 21:10,2372
2019-03-28 21:15,2384
2019-03-28 21:20,2377
2019-03-28 21:25,2375
2019-03-28 21:30,2358
2019-03-28 21:35,2364
2019-03-28 21:40,2364
2019-03-28 21:45,2333
2019-03-28 21:50,2296
2019-03-28 21:55,2252
2019-03-28 22:00,2227
2019-03-28 22:05,2207
2019-03-28 22:10,2201
2019-03-28 22:15,2197
2019-03-28 22:20,2175
2019-03-28 22:25,2158
2019-03-28 22:30,2139
2019-03-28 22:35,2136
2019-03-28 22:40,2113
2019-03-28 22:45,2127
2019-03-28 22:50,2095
2019-03-28 22:55,2056
2019-03-28 23:00,2037
2019-03-28 23:05,2005
2019-03-28 23:10,1978
2019-03-28 23:15,1936
2019-03-28 23:20,1931
2019-03-28 23:25,1913
2019-03-28 23:30,1911
2019-03-28 23:35,1884
2019-03-28 23:40,1895
2019-03-28 23:45,1909
2019-03-28 23:50,1886
2019-03-28 23:55,1886
2019-03-29 00:00,1866
2019-03-29 00:05,1804
2019-03-29 00:10,1771
2019-03-29 00:15,1773
2019-03-29 00:20,1788
2019-03-29 00:25,1762
2019-03-29 00:30,1744
2019-03-29 00:35,1743
2019-03-29 00:40,1737
2019-03-29 00:45,1714
2019-03-29 00:50,1717
2019-03-29 00:55,1704
2019-03-29 01:00,1698
2019-03-29 01:05,1703
2019-03-29 01:10,1698
2019-03-29 01:15,1680
2019-03-29 01:20,1687
2019-03-29 01:25,1670
2019-03-29 01:30,1658
2019-03-29 01:35,1640
2019-03-29 01:40,1637
2019-03-29 01:45,1635
2019-03-29 01:50,1629
2019-03-29 01:55,1622
2019-03-29 02:00,1611
2019-03-29 02:05,1612
2019-03-29 02:10,1598
2019-03-29 02:15,1576
2019-03-29 02:20,1576
2019-03-29 02:25,1578
2019-03-29 02:30,1559
2019-03-29 02:35,1533
2019-03-29 02:40,1522
2019-03-29 02:45,1501
2019-03-29 02:50,1502
2019-03-29 02:55,1482
2019-03-29 03:00,1464
2019-03-29 03:05,1449
2019-03-29 03:10,1437
2019-03-29 03:15,1420
2019-03-29 03:20,1413
2019-03-29 03:25,1409
2019-03-29 03:30,1381
2019-03-29 03:35,1381
2019-03-29 03:40,1372
2019-03-29 03:45,1364
2019-03-29 03:50,1352
2019-03-29 03:55,1332
2019-03-29 04:00,1307
2019-03-29 04:05,1304
2019-03-29 04:10,1291
2019-03-29 04:15,1294
2019-03-29 04:20,1272
2019-03-29 04:25,1279
2019-03-29 04:30,1261
2019-03-29 04:35,1260
2019-03-29 04:40,1228
2019-03-29 04:45,1213
2019-03-29 04:50,1178
2019-03-29 04:55,1174
2019-03-29 05:00,1169
2019-03-29 05:05,1155
2019-03-29 05:10,1144
2019-03-29 05:15,1134
2019-03-29 05:20,1138
2019-03-29 05:25,1115
2019-03-29 05:30,1113
2019-03-29 05:35,1111
2019-03-29 05:40,1102
2019-03-29 05:45,1111
2019-03-29 05:50,1114
2019-03-29 05:55,1102
2019-03-29 06:00,1095
2019-03-29 06:05,1100
2019-03-29 06:10,1093
2019-03-29 06:15,1102
2019-03-29 06:20,1103
2019-03-29 06:25,1091
2019-03-29 06:30,1092
2019-03-29 06:35,1099
2019-03-29 06:40,1095
2019-03-29 06:45,1098
2019-03-29 06:50,1087
2019-03-29 06:55,1089
2019-03-29 07:00,1074
2019-03-29 07:05,1082
2019-03-29 07:10,1081
2019-03-29 07:15,1081
2019-03-29 07:20,1093
2019-03-29 07:25,1088
2019-03-29 07:30,1096
2019-03-29 07:35,1110
2019-03-29 07:40,1111
2019-03-29 07:45,1114
2019-03-29 07:50,1107
2019-03-29 07:55,1114
2019-03-29 08:00,1116
2019-03-29 08:05,1123
2019-03-29 08:10,1129
2019-03-29 08:15,1113
2019-03-29 08:20,1118
2019-03-29 08:25,1112
2019-03-29 08:30,1116
2019-03-29 08:35,1121
2019-03-29 08:40,1147
2019-03-29 08:45,1148
2019-03-29 08:50,1148
2019-03-29 08:55,1145
2019-03-29 09:00,1155
2019-03-29 09:05,1169
2019-03-29 09:10,1183
2019-03-29 09:15,1195
2019-03-29 09:20,1200
2019-03-29 09:25,1192
2019-03-29 09:30,1198
2019-03-29 09:35,1211
2019-03-29 09:40,1233
2019-03-29 09:45,1237
2019-03-29 09:50,1232
2019-03-29 09:55,1257
2019-03-29 10:00,1283
2019-03-29 10:05,1301
2019-03-29 10:10,1336
2019-03-29 10:15,1328
2019-03-29 10:20,1354
2019-03-29 10:25,1366
2019-03-29 10:30,1383
2019-03-29 10:35,1371
2019-03-29 10:40,1390
2019-03-29 10:45,1373
2019-03-29 10:50,1396
2019-03-29 10:55,1401
2019-03-29 11:00,1416
2019-03-29 11:05,1421
2019-03-29 11:10,1425
2019-03-29 11:15,1413
2019-03-29 11:20,1406
2019-03-29 11:25,1419
2019-03-29 11:30,1411
2019-03-29 11:35,1424
2019-03-29 11:40,1458
2019-03-29 11:45,1479
2019-03-29 11:50,1494
2019-03-29 11:55,1495
2019-03-29 12:00,1513
2019-03-29 12:05,1506
2019-03-29 12:10,1521
2019-03-29 12:15,1527
2019-03-29 12:20,1530
2019-03-29 12:25,1552
2019-03-29 12:30,1569
2019-03-29 12:35,1555
2019-03-29 12:40,1550
2019-03-29 12:45,1569
2019-03-29 12:50,1592
2019-03-29 12:55,1621
2019-03-29 13:00,1648
2019-03-29 13:05,1671
2019-03-29 13:10,1676
2019-03-29 13:15,1690
2019-03-29 13:20,1693
2019-03-29 13:25,1718
2019-03-29 13:30,1739
2019-03-29 13:35,1742
2019-03-29 13:40,1749
2019-03-29 13:45,1760
2019-03-29 13:50,1767
2019-03-29 13:55,1780
2019-03-29 14:00,1801
2019-03-29 14:05,1803
2019-03-29 14:10,1824
2019-03-29 14:15,1851
2019-03-29 14:20,1856
2019-03-29 14:25,1887
2019-03-29 14:30,1893
2019-03-29 14:35,1912
2019-03-29 14:40,1916
2019-03-29 14:45,1908
2019-03-29 14:50,1928
2019-03-29 14:55,1937
2019-03-29 15:00,1975
2019-03-29 15:05,1999
2019-03-29 15:10,2015
2019-03-29 15:15,2005
2019-03-29 15:20,1992
2019-03-29 15:25,2007
2019-03-29 15:30,2016
2019-03-29 15:35,2021
2019-03-29 15:40,2043
2019-03-29 15:45,2025
2019-03-29 15:50,2042
2019-03-29 15:55,2051
2019-03-29 16:00,2069
2019-03-29 16:05,2101
2019-03-29 16:10,2113
2019-03-29 16:15,2142
2019-03-29 16:20,2187
2019-03-29 16:25,2195
2019-03-29 16:30,2232
2019-03-29 16:35,2230
2019-03-29 16:40,2230
2019-03-29 16:45,2229
2019-03-29 16:50,2240
2019-03-29 16:55,2241
2019-03-29 17:00,2230
2019-03-29 17:05,2258
2019-03-29 17:10,2267
2019-03-29 17:15,2311
2019-03-29 17:20,2332
2019-03-29 17:25,2356
2019-03-29 17:30,2386
2019-03-29 17:35,2376
2019-03-29 17:40,2376
2019-03-29 17:45,2406
2019-03-29 17:50,2420
2019-03-29 17:55,2424
2019-03-29 18:00,2423
2019-03-29 18:05,2412
2019-03-29 18:10,2412
2019-03-29 18:15,2412
2019-03-29 18:20,2432
2019-03-29 18:25,2443
2019-03-29 18:30,2454
2019-03-29 18:35,2462
2019-03-29 18:40,2457
2019-03-29 18:45,2464
2019-03-29 18:50,2486
2019-03-29 18:55,2513
2019-03-29 19:00,2523
2019-03-29 19:05,2521
2019-03-29 19:10,2534
2019-03-29 19:15,2535
2019-03-29 19:20,2548
2019-03-29 19:25,2512
2019-03-29 19:30,2496
2019-03-29 19:35,2493
2019-03-29 19:40,2479
2019-03-29 19:45,2473
2019-03-29 19:50,2492
2019-03-29 19:55,2524
2019-03-29 20:00,2517
2019-03-29 20:05,2494
2019-03-29 20:10,2497
2019-03-29 20:15,2482
2019-03-29 20:20,2470
2019-03-29 20:25,2467
2019-03-29 20:30,2475
2019-03-29 20:35,2438
2019-03-29 20:40,2456
2019-03-29 20:45,2468
2019-03-29 20:50,2472
2019-03-29 20:55,2462
2019-03-29 21:00,2454
2019-03-29 21:05,2426
2019-03-29 21:10,2397
2019-03-29 21:15,2394
2019-03-29 21:20,2374
2019-03-29 21:25,2376
2019-03-29 21:30,2369
2019-03-29 21:35,2353
2019-03-29 21:40,2351
2019-03-29 21:45,2374
2019-03-29 21:50,2366
2019-03-29 21:55,2329
2019-03-29 22:00,2324
2019-03-29 22:05,2303
2019-03-29 22:10,2261
2019-03-29 22:15,2239
2019-03-29 22:20,2221
2019-03-29 22:25,2209
2019-03-29 22:30,2230
2019-03-29 22:35,2204
2019-03-29 22:40,2190
2019-03-29 22:45,2193
2019-03-29 22:50,2181
2019-03-29 22:55,2167
2019-03-29 23:00,2153
2019-03-29 23:05,2136
2019-03-29 23:10,2133
2019-03-29 23:15,2123
2019-03-29 23:20,2127
2019-03-29 23:25,2085
2019-03-29 23:30,2057
2019-03-29 23:35,2033
2019-03-29 23:40,2006
2019-03-29 23:45,2003
2019-03-29 23:50,2004
2019-03-29 23:55,2029
2019-03-30 00:00,2006
2019-03-30 00:05,2000
2019-03-30 00:10,1998
2019-03-30 00:15,1998
2019-03-30 00:20,1970
2019-03-30 00:25,1938
2019-03-30 00:30,1946
2019-03-30 00:35,1958
2019-03-30 00:40,1946
2019-03-30 00:45,1928
2019-03-30 00:50,1919
2019-03-30 00:55,1889
2019-03-30 01:00,1872
2019-03-30 01:05,1853
2019-03-30 01:10,1863
2019-03-30 01:15,1854
2019-03-30 01:20,1860
2019-03-30 01:25,1860
2019-03-30 01:30,1861
2019-03-30 01:35,1860
2019-03-30 01:40,1855
2019-03-30 01:45,1855
2019-03-30 01:50,1844
2019-03-30 01:55,1832
2019-03-30 02:00,1843
2019-03-30 02:05,1821
2019-03-30 02:10,1781
2019-03-30 02:15,1769
2019-03-30 02:20,1771
2019-03-30 02:25,1773
2019-03-30 02:30,1763
2019-03-30 02:35,1777
2019-03-30 02:40,1757
2019-03-30 02:45,1751
2019-03-30 02:50,1738
2019-03-30 02:55,1729
2019-03-30 03:00,1726
2019-03-30 03:05,1704
2019-03-30 03:10,1701
2019-03-30 03:15,1672
2019-03-30 03:20,1653
2019-03-30 03:25,1642
2019-03-30 03:30,1644
2019-03-30 03:35,1619
2019-03-30 03:40,1593
2019-03-30 03:45,1594
2019-03-30 03:50,1574
2019-03-30 03:55,1566
2019-03-30 04:00,
2019-03-30 04:05,
2019-03-30 04:10,
2019-03-30 04:15,1528
2019-03-30 04:20,1512
2019-03-30 04:25,1494
2019-03-30 04:30,1205
2019-03-30 04:35,1474
2019-03-30 04:40,1447
2019-03-30 04:45,1446
2019-03-30 04:50,1438
2019-03-30 04:55,1444
2019-03-30 05:00,1427
2019-03-30 05:05,1433
2019-03-30 05:10,1428
2019-03-30 05:15,1415
2019-03-30 05:20,1127
2019-03-30 05:25,1411
2019-03-30 05:30,1396
2019-03-30 05:35,
2019-03-30 05:40,
2019-03-30 05:45,1406
2019-03-30 05:50,1385
2019-03-30 05:55,1379
2019-03-30 06:00,1366
2019-03-30 06:05,1361
2019-03-30 06:10,1349
2019-03-30 06:15,1324
2019-03-30 06:20,1325
2019-03-30 06:25,1338
2019-03-30 06:30,1323
2019-03-30 06:35,1325
2019-03-30 06:40,1335
2019-03-30 06:45,1334
2019-03-30 06:50,1333
2019-03-30 06:55,1345
2019-03-30 07:00,1334
2019-03-30 07:05,1332
2019-03-30 07:10,1357
2019-03-30 07:15,1359
2019-03-30 07:20,1367
2019-03-30 07:25,1384
2019-03-30 07:30,1396
2019-03-30 07:35,1412
2019-03-30 07:40,1427
2019-03-30 07:45,1429
2019-03-30 07:50,1444
2019-03-30 07:55,1445
2019-03-30 08:00,1464
2019-03-30 08:05,1475
2019-03-30 08:10,1473
2019-03-30 08:15,1479
2019-03-30 08:20,1484
2019-03-30 08:25,1498
2019-03-30 08:30,1518
2019-03-30 08:35,1519
2019-03-30 08:40,1512
2019-03-30 08:45,1504
2019-03-30 08:50,1528
2019-03-30 08:55,1526
2019-03-30 09:00,1533
2019-03-30 09:05,1553
2019-03-30 09:10,1563
2019-03-30 09:15,1579
2019-03-30 09:20,1579
2019-03-30 09:25,1578
2019-03-30 09:30,1586
2019-03-30 09:35,1626
2019-03-30 09:40,1661
2019-03-30 09:45,1679
2019-03-30 09:50,1700
2019-03-30 09:55,1748
2019-03-30 10:00,1768
2019-03-30 10:05,1795
2019-03-30 10:10,1823
2019-03-30 10:15,1849
2019-03-30 10:20,1854
2019-03-30 10:25,1873
2019-03-30 10:30,1866
2019-03-30 10:35,1864
2019-03-30 10:40,1886
2019-03-30 10:45,1910
2019-03-30 10:50,1943
2019-03-30 10:55,1948
2019-03-30 11:00,1959
2019-03-30 11:05,1949
2019-03-30 11:10,1961
2019-03-30 11:15,2003
2019-03-30 11:20,1995
2019-03-30 11:25,2001
2019-03-30 11:30,2004
2019-03-30 11:35,2016
2019-03-30 11:40,2022
2019-03-30 11:45,2022
2019-03-30 11:50,2031
2019-03-30 11:55,2067
2019-03-30 12:00,2069
2019-03-30 12:05,2064
2019-03-30 12:10,2072
2019-03-30 12:15,2095
2019-03-30 12:20,2119
2019-03-30 12:25,2147
2019-03-30 12:30,2167
2019-03-30 12:35,2175
2019-03-30 12:40,2161
2019-03-30 12:45,2149
2019-03-30 12:50,2162
2019-03-30 12:55,2166
2019-03-30 13:00,2174
2019-03-30 13:05,2199
2019-03-30 13:10,2211
2019-03-30 13:15,2234
2019-03-30 13:20,2255
2019-03-30 13:25,2250
2019-03-30 13:30,2289
2019-03-30 13:35,2312
2019-03-30 13:40,2341
2019-03-30 13:45,2350
2019-03-30 13:50,2378
2019-03-30 13:55,2393
2019-03-30 14:00,2399
2019-03-30 14:05,2407
2019-03-30 14:10,2423
2019-03-30 14:15,2435
2019-03-30 14:20,2430
2019-03-30 14:25,2469
2019-03-30 14:30,2496
2019-03-30 14:35,2503
2019-03-30 14:40,2516
2019-03-30 14:45,2530
2019-03-30 14:50,2555
2019-03-30 14:55,2552
2019-03-30 15:00,2571
2019-03-30 15:05,2587
2019-03-30 15:10,2576
2019-03-30 15:15,2571
2019-03-30 15:20,2564
2019-03-30 15:25,2547
2019-03-30 15:30,2575
2019-03-30 15:35,2579
2019-03-30 15:40,2589
2019-03-30 15:45,2595
2019-03-30 15:50,2616
2019-03-30 15:55,2615
2019-03-30 16:00,2598
2019-03-30 16:05,2575
2019-03-30 16:10,2575
2019-03-30 16:15,2585
2019-03-30 16:20,2600
2019-03-30 16:25,2622
2019-03-30 16:30,2611
2019-03-30 16:35,2642
2019-03-30 16:40,2656
2019-03-30 16:45,2675
2019-03-30 16:50,2705
2019-03-30 16:55,2700
2019-03-30 17:00,2701
2019-03-30 17:05,2708
2019-03-30 17:10,2754
2019-03-30 17:15,2746
2019-03-30 17:20,2714
2019-03-30 17:25,2748
2019-03-30 17:30,2731
2019-03-30 17:35,2754
2019-03-30 17:40,2776
2019-03-30 17:45,2770
2019-03-30 17:50,2801
2019-03-30 17:55,2810
2019-03-30 18:00,2832
2019-03-30 18:05,2821
2019-03-30 18:10,2833
2019-03-30 18:15,2846
2019-03-30 18:20,2854
2019-03-30 18:25,2849
2019-03-30 18:30,2847
2019-03-30 18:35,2854
2019-03-30 18:40,2850
2019-03-30 18:45,2854
2019-03-30 18:50,2896
2019-03-30 18:55,2923
2019-03-30 19:00,2914
2019-03-30 19:05,2916
2019-03-30 19:10,2914
2019-03-30 19:15,2909
2019-03-30 19:20,2909
2019-03-30 19:25,2899
2019-03-30 19:30,2875
2019-03-30 19:35,2853
2019-03-30 19:40,2845
2019-03-30 19:45,2847
2019-03-30 19:50,2880
2019-03-30 19:55,2864
2019-03-30 20:00,2861
2019-03-30 20:05,2874
2019-03-30 20:10,2842
2019-03-30 20:15,2839
2019-03-30 20:20,2851
2019-03-30 20:25,2885
2019-03-30 20:30,2864
2019-03-30 20:35,2886
2019-03-30 20:40,2890
2019-03-30 20:45,2913
2019-03-30 20:50,2889
2019-03-30 20:55,2873
2019-03-30 21:00,2852
2019-03-30 21:05,2819
2019-03-30 21:10,2817
2019-03-30 21:15,2799
2019-03-30 21:20,2763
2019-03-30 21:25,2776
2019-03-30 21:30,2758
2019-03-30 21:35,2757
2019-03-30 21:40,2749
2019-03-30 21:45,2734
2019-03-30 21:50,2718
2019-03-30 21:55,2697
2019-03-30 22:00,2665
2019-03-30 22:05,2659
2019-03-30 22:10,2647
2019-03-30 22:15,2603
2019-03-30 22:20,2562
2019-03-30 22:25,2537
2019-03-30 22:30,2508
2019-03-30 22:35,2499
2019-03-30 22:40,2471
2019-03-30 22:45,2444
2019-03-30 22:50,2413
2019-03-30 22:55,2396
2019-03-30 23:00,2374
2019-03-30 23:05,2362
2019-03-30 23:10,2335
2019-03-30 23:15,2332
2019-03-30 23:20,2310
2019-03-30 23:25,2283
2019-03-30 23:30,2242
2019-03-30 23:35,2261
2019-03-30 23:40,2238
2019-03-30 23:45,2204
2019-03-30 23:50,2152
2019-03-30 23:55,2131
2019-03-31 00:00,2122
2019-03-31 00:05,2114
2019-03-31 00:10,2099
2019-03-31 00:15,2069
2019-03-31 00:20,2034
2019-03-31 00:25,2018
2019-03-31 00:30,2014
2019-03-31 00:35,2005
2019-03-31 00:40,2005
2019-03-31 00:45,1970
2019-03-31 00:50,1965
2019-03-31 00:55,1949
2019-03-31 01:00,1921
2019-03-31 01:05,1906
2019-03-31 01:10,1910
2019-03-31 01:15,1911
2019-03-31 01:20,1895
2019-03-31 01:25,1894
2019-03-31 01:30,1884
2019-03-31 01:35,1850
2019-03-31 01:40,1865
2019-03-31 01:45,1881
2019-03-31 01:50,1875
2019-03-31 01:55,1850
2019-03-31 02:00,1841
2019-03-31 02:05,1862
2019-03-31 02:10,1857
2019-03-31 02:15,1849
2019-03-31 02:20,1854
2019-03-31 02:25,1825
2019-03-31 02:30,1801
2019-03-31 02:35,1784
2019-03-31 02:40,1768
2019-03-31 02:45,1757
2019-03-31 02:50,1749
2019-03-31 02:55,1722
2019-03-31 03:00,1709
2019-03-31 03:05,1685
2019-03-31 03:10,1676
2019-03-31 03:15,1668
2019-03-31 03:20,1675
2019-03-31 03:25,1681
2019-03-31 03:30,1676
2019-03-31 03:35,1643
2019-03-31 03:40,1629
2019-03-31 03:45,1613
2019-03-31 03:50,1608
2019-03-31 03:55,1619
2019-03-31 04:00,1609
2019-03-31 04:05,1594
2019-03-31 04:10,1582
2019-03-31 04:15,1562
2019-03-31 04:20,1554
2019-03-31 04:25,1545
2019-03-31 04:30,1543
2019-03-31 04:35,1544
2019-03-31 04:40,1538
2019-03-31 04:45,1531
2019-03-31 04:50,1526
2019-03-31 04:55,1519
2019-03-31 05:00,1509
2019-03-31 05:05,1497
2019-03-31 05:10,1484
2019-03-31 05:15,1483
2019-03-31 05:20,1488
2019-03-31 05:25,1479
2019-03-31 05:30,1474
2019-03-31 05:35,1445
2019-03-31 05:40,1457
2019-03-31 05:45,1455
2019-03-31 05:50,1442
2019-03-31 05:55,1425
2019-03-31 06:00,1424
2019-03-31 06:05,1422
2019-03-31 06:10,1415
2019-03-31 06:15,1416
2019-03-31 06:20,1398
2019-03-31 06:25,1392
2019-03-31 06:30,1413
2019-03-31 06:35,1433
2019-03-31 06:40,1439
2019-03-31 06:45,1419
2019-03-31 06:50,1426
2019-03-31 06:55,1436
2019-03-31 07:00,1435
2019-03-31 07:05,1435
2019-03-31 07:10,1437
2019-03-31 07:15,1434
2019-03-31 07:20,1435
2019-03-31 07:25,1436
2019-03-31 07:30,1451
2019-03-31 07:35,1467
2019-03-31 07:40,1490
2019-03-31 07:45,1511
2019-03-31 07:50,1534
2019-03-31 07:55,1548
2019-03-31 08:00,1558
2019-03-31 08:05,1547
2019-03-31 08:10,1576
2019-03-31 08:15,1589
2019-03-31 08:20,1592
2019-03-31 08:25,1589
2019-03-31 08:30,1622
2019-03-31 08:35,1642
2019-03-31 08:40,1652
2019-03-31 08:45,1686
2019-03-31 08:50,1702
2019-03-31 08:55,1721
2019-03-31 09:00,1752
2019-03-31 09:05,1774
2019-03-31 09:10,1770
2019-03-31 09:15,1819
2019-03-31 09:20,1836
2019-03-31 09:25,1837
2019-03-31 09:30,1858
2019-03-31 09:35,1872
2019-03-31 09:40,1892
2019-03-31 09:45,1910
2019-03-31 09:50,1925
2019-03-31 09:55,1944
2019-03-31 10:00,1974
2019-03-31 10:05,2042
2019-03-31 10:10,2026
2019-03-31 10:15,2026
2019-03-31 10:20,2051
2019-03-31 10:25,2049
2019-03-31 10:30,2063
2019-03-31 10:35,2062
2019-03-31 10:40,2071
2019-03-31 10:45,2077
2019-03-31 10:50,2092
2019-03-31 10:55,2117
2019-03-31 11:00,2134
2019-03-31 11:05,2120
2019-03-31 11:10,2108
2019-03-31 11:15,2106
2019-03-31 11:20,2113
2019-03-31 11:25,2123
2019-03-31 11:30,2131
2019-03-31 11:35,2157
2019-03-31 11:40,2205
2019-03-31 11:45,2239
2019-03-31 11:50,2262
2019-03-31 11:55,2265
2019-03-31 12:00,2269
2019-03-31 12:05,2279
2019-03-31 12:10,2268
2019-03-31 12:15,2277
2019-03-31 12:20,2278
2019-03-31 12:25,2289
2019-03-31 12:30,2310
2019-03-31 12:35,2347
2019-03-31 12:40,2367
2019-03-31 12:45,2374
2019-03-31 12:50,2377
2019-03-31 12:55,2399
2019-03-31 13:00,2423
2019-03-31 13:05,2407
2019-03-31 13:10,2438
2019-03-31 13:15,2470
2019-03-31 13:20,2470
2019-03-31 13:25,2485
2019-03-31 13:30,2502
2019-03-31 13:35,2527
2019-03-31 13:40,2542
2019-03-31 13:45,2559
2019-03-31 13:50,2594
2019-03-31 13:55,2587
2019-03-31 14:00,2571
2019-03-31 14:05,2573
2019-03-31 14:10,2588
2019-03-31 14:15,2619
2019-03-31 14:20,2629
2019-03-31 14:25,2676
2019-03-31 14:30,2720
2019-03-31 14:35,2736
2019-03-31 14:40,2750
2019-03-31 14:45,2778
2019-03-31 14:50,2782
2019-03-31 14:55,2805
2019-03-31 15:00,2806
2019-03-31 15:05,2841
2019-03-31 15:10,2863
2019-03-31 15:15,2878
2019-03-31 15:20,2888
2019-03-31 15:25,2874
2019-03-31 15:30,2895
2019-03-31 15:35,2879
2019-03-31 15:40,2871
2019-03-31 15:45,2871
2019-03-31 15:50,2892
2019-03-31 15:55,2894
2019-03-31 16:00,2896
2019-03-31 16:05,2906
2019-03-31 16:10,2911
2019-03-31 16:15,2915
2019-03-31 16:20,2925
2019-03-31 16:25,2968
2019-03-31 16:30,3001
2019-03-31 16:35,3012
2019-03-31 16:40,3029
2019-03-31 16:45,3024
2019-03-31 16:50,3046
2019-03-31 16:55,3048
2019-03-31 17:00,3034
2019-03-31 17:05,3011
2019-03-31 17:10,3011
2019-03-31 17:15,3036
2019-03-31 17:20,3077
2019-03-31 17:25,3081
2019-03-31 17:30,3085
2019-03-31 17:35,3090
2019-03-31 17:40,3083
2019-03-31 17:45,3122
2019-03-31 17:50,3128
2019-03-31 17:55,3124
2019-03-31 18:00,3097
2019-03-31 18:05,3096
2019-03-31 18:10,3103
2019-03-31 18:15,3091
2019-03-31 18:20,3096
2019-03-31 18:25,3088
2019-03-31 18:30,3067
2019-03-31 18:35,3085
2019-03-31 18:40,3093
2019-03-31 18:45,3106
2019-03-31 18:50,3102
2019-03-31 18:55,3129
2019-03-31 19:00,3131
2019-03-31 19:05,3137
2019-03-31 19:10,3131
2019-03-31 19:15,3112
2019-03-31 19:20,3107
2019-03-31 19:25,3110
2019-03-31 19:30,3107
2019-03-31 19:35,3098
2019-03-31 19:40,3119
2019-03-31 19:45,3079
2019-03-31 19:50,3049
2019-03-31 19:55,3054
2019-03-31 20:00,3052
2019-03-31 20:05,3047
2019-03-31 20:10,3033
2019-03-31 20:15,3021
2019-03-31 20:20,2999
2019-03-31 20:25,2955
2019-03-31 20:30,2929
2019-03-31 20:35,2918
2019-03-31 20:40,2869
2019-03-31 20:45,2861
2019-03-31 20:50,2836
2019-03-31 20:55,2809
2019-03-31 21:00,2766
2019-03-31 21:05,2739
2019-03-31 21:10,2702
2019-03-31 21:15,2669
2019-03-31 21:20,2648
2019-03-31 21:25,2610
2019-03-31 21:30,2558
2019-03-31 21:35,2547
2019-03-31 21:40,2519
2019-03-31 21:45,2500
2019-03-31 21:50,2481
2019-03-31 21:55,2417
2019-03-31 22:00,2392
2019-03-31 22:05,2366
2019-03-31 22:10,2336
2019-03-31 22:15,2299
2019-03-31 22:20,2284
2019-03-31 22:25,2271
2019-03-31 22:30,2273
2019-03-31 22:35,2240
2019-03-31 22:40,2196
2019-03-31 22:45,2159
2019-03-31 22:50,2146
2019-03-31 22:55,2120
2019-03-31 23:00,2086
2019-03-31 23:05,2043
2019-03-31 23:10,2034
2019-03-31 23:15,2023
2019-03-31 23:20,2033
2019-03-31 23:25,2026
2019-03-31 23:30,2002
2019-03-31 23:35,1994
2019-03-31 23:40,1978
2019-03-31 23:45,1951
2019-03-31 23:50,1956
2019-03-31 23:55,1965
2019-04-01 00:00,1960
2019-04-01 00:05,1955
2019-04-01 00:10,1964
2019-04-01 00:15,1947
2019-04-01 00:20,1948
2019-04-01 00:25,1928
2019-04-01 00:30,1930
2019-04-01 00:35,1909
2019-04-01 00:40,1889
2019-04-01 00:45,1859
2019-04-01 00:50,1854
2019-04-01 00:55,1882
2019-04-01 01:00,1867
2019-04-01 01:05,1844
2019-04-01 01:10,1829
2019-04-01 01:15,1818
2019-04-01 01:20,1810
2019-04-01 01:25,1792
2019-04-01 01:30,1791
2019-04-01 01:35,1790
2019-04-01 01:40,1776
2019-04-01 01:45,1765
2019-04-01 01:50,1751
2019-04-01 01:55,1702
2019-04-01 02:00,1701
2019-04-01 02:05,1674
2019-04-01 02:10,1654
2019-04-01 02:15,1632
2019-04-01 02:20,1596
2019-04-01 02:25,1576
2019-04-01 02:30,1571
2019-04-01 02:35,1587
2019-04-01 02:40,1558
2019-04-01 02:45,1545
2019-04-01 02:50,1532
2019-04-01 02:55,1526
2019-04-01 03:00,1517
2019-04-01 03:05,1483
2019-04-01 03:10,1473
2019-04-01 03:15,1464
2019-04-01 03:20,1440
2019-04-01 03:25,1416
2019-04-01 03:30,1406
2019-04-01 03:35,1394
2019-04-01 03:40,1379
2019-04-01 03:45,1349
2019-04-01 03:50,1344
2019-04-01 03:55,1330
2019-04-01 04:00,1322
2019-04-01 04:05,1306
2019-04-01 04:10,1289
2019-04-01 04:15,1274
2019-04-01 04:20,1264
2019-04-01 04:25,1238
2019-04-01 04:30,1226
2019-04-01 04:35,1197
2019-04-01 04:40,1238
2019-04-01 04:45,1233
2019-04-01 04:50,1232
2019-04-01 04:55,1230
2019-04-01 05:00,1216
2019-04-01 05:05,1208
2019-04-01 05:10,1189
2019-04-01 05:15,1165
2019-04-01 05:20,1158
2019-04-01 05:25,1145
2019-04-01 05:30,1132
2019-04-01 05:35,1132
2019-04-01 05:40,1142
2019-04-01 05:45,1127
2019-04-01 05:50,1133
2019-04-01 05:55,1126
2019-04-01 06:00,1116
2019-04-01 06:05,1111
2019-04-01 06:10,1127
2019-04-01 06:15,1122
2019-04-01 06:20,1131
2019-04-01 06:25,1127
2019-04-01 06:30,1126
2019-04-01 06:35,1113
2019-04-01 06:40,1110
2019-04-01 06:45,1110
2019-04-01 06:50,1118
2019-04-01 06:55,1108
2019-04-01 07:00,1107
2019-04-01 07:05,1111
2019-04-01 07:10,1108
2019-04-01 07:15,1106
2019-04-01 07:20,1093
2019-04-01 07:25,1081
2019-04-01 07:30,1088
2019-04-01 07:35,1097
2019-04-01 07:40,1110
2019-04-01 07:45,1108
2019-04-01 07:50,1090
2019-04-01 07:55,1083
2019-04-01 08:00,1086
2019-04-01 08:05,1091
2019-04-01 08:10,1101
2019-04-01 08:15,1105
2019-04-01 08:20,1101
2019-04-01 08:25,1100
2019-04-01 08:30,1105
2019-04-01 08:35,1108
2019-04-01 08:40,1119
2019-04-01 08:45,1132
2019-04-01 08:50,1145
2019-04-01 08:55,1139
2019-04-01 09:00,1174
2019-04-01 09:05,1160
2019-04-01 09:10,1181
2019-04-01 09:15,1196
2019-04-01 09:20,1196
2019-04-01 09:25,1214
2019-04-01 09:30,1206
2019-04-01 09:35,1209
2019-04-01 09:40,1225
2019-04-01 09:45,1240
2019-04-01 09:50,1253
2019-04-01 09:55,1274
2019-04-01 10:00,1291
2019-04-01 10:05,1332
2019-04-01 10:10,1330
2019-04-01 10:15,1334
2019-04-01 10:20,1354
2019-04-01 10:25,1375
2019-04-01 10:30,1372
2019-04-01 10:35,1378
2019-04-01 10:40,1387
2019-04-01 10:45,1401
2019-04-01 10:50,1415
2019-04-01 10:55,1428
2019-04-01 11:00,1441
2019-04-01 11:05,1432
2019-04-01 11:10,1424
2019-04-01 11:15,1448
2019-04-01 11:20,1462
2019-04-01 11:25,1461
2019-04-01 11:30,1481
2019-04-01 11:35,1478
2019-04-01 11:40,1511
2019-04-01 11:45,1523
2019-04-01 11:50,1541
2019-04-01 11:55,1546
2019-04-01 12:00,1546
2019-04-01 12:05,1558
2019-04-01 12:10,1558
2019-04-01 12:15,1567
2019-04-01 12:20,1579
2019-04-01 12:25,1600
2019-04-01 12:30,1612
2019-04-01 12:35,1624
2019-04-01 12:40,1643
2019-04-01 12:45,1667
2019-04-01 12:50,1673
2019-04-01 12:55,1678
2019-04-01 13:00,1687
2019-04-01 13:05,1717
2019-04-01 13:10,1702
2019-04-01 13:15,1712
2019-04-01 13:20,1733
2019-04-01 13:25,1744
2019-04-01 13:30,1750
2019-04-01 13:35,1748
2019-04-01 13:40,1776
2019-04-01 13:45,1788
2019-04-01 13:50,1797
2019-04-01 13:55,1811
2019-04-01 14:00,1829
2019-04-01 14:05,1833
2019-04-01 14:10,1843
2019-04-01 14:15,1826
2019-04-01 14:20,1841
2019-04-01 14:25,1857
2019-04-01 14:30,1860
2019-04-01 14:35,1869
2019-04-01 14:40,1893
2019-04-01 14:45,1918
2019-04-01 14:50,1920
2019-04-01 14:55,1933
2019-04-01 15:00,1928
2019-04-01 15:05,1938
2019-04-01 15:10,1951
2019-04-01 15:15,1955
2019-04-01 15:20,1986
2019-04-01 15:25,1999
2019-04-01 15:30,2015
2019-04-01 15:35,2045
2019-04-01 15:40,2050
2019-04-01 15:45,2070
2019-04-01 15:50,2130
2019-04-01 15:55,2137
2019-04-01 16:00,2159
2019-04-01 16:05,2191
2019-04-01 16:10,2193
2019-04-01 16:15,2199
2019-04-01 16:20,2202
2019-04-01 16:25,2211
2019-04-01 16:30,2239
2019-04-01 16:35,2254
2019-04-01 16:40,2275
2019-04-01 16:45,2314
2019-04-01 16:50,2340
2019-04-01 16:55,2352
2019-04-01 17:00,2351
2019-04-01 17:05,2358
2019-04-01 17:10,2361
2019-04-01 17:15,2390
2019-04-01 17:20,2404
2019-04-01 17:25,2434
2019-04-01 17:30,2462
2019-04-01 17:35,2469
2019-04-01 17:40,2463
2019-04-01 17:45,2471
2019-04-01 17:50,2475
2019-04-01 17:55,2477
2019-04-01 18:00,2486
2019-04-01 18:05,2494
2019-04-01 18:10,2501
2019-04-01 18:15,2503
2019-04-01 18:20,2507
2019-04-01 18:25,2509
2019-04-01 18:30,2504
2019-04-01 18:35,2522
2019-04-01 18:40,2539
2019-04-01 18:45,2557
2019-04-01 18:50,2575
2019-04-01 18:55,2589
2019-04-01 19:00,2575
2019-04-01 19:05,2574
2019-04-01 19:10,2590
2019-04-01 19:15,2589
2019-04-01 19:20,2600
2019-04-01 19:25,2597
2019-04-01 19:30,2561
2019-04-01 19:35,2554
2019-04-01 19:40,2551
2019-04-01 19:45,2540
2019-04-01 19:50,2538
2019-04-01 19:55,2531
2019-04-01 20:00,2501
2019-04-01 20:05,2478
2019-04-01 20:10,2452
2019-04-01 20:15,2453
2019-04-01 20:20,2434
2019-04-01 20:25,2411
2019-04-01 20:30,2387
2019-04-01 20:35,2359
2019-04-01 20:40,2323
2019-04-01 20:45,2319
2019-04-01 20:50,2295
2019-04-01 20:55,2280
2019-04-01 21:00,2257
2019-04-01 21:05,2229
2019-04-01 21:10,2218
2019-04-01 21:15,2176
2019-04-01 21:20,2158
2019-04-01 21:25,2111
2019-04-01 21:30,2074
2019-04-01 21:35,2028
2019-04-01 21:40,2018
2019-04-01 21:45,1984
2019-04-01 21:50,1983
2019-04-01 21:55,1970
2019-04-01 22:00,1961
2019-04-01 22:05,1931
2019-04-01 22:10,1881
2019-04-01 22:15,1852
2019-04-01 22:20,1837
2019-04-01 22:25,1823
2019-04-01 22:30,1797
2019-04-01 22:35,1782
2019-04-01 22:40,1777
2019-04-01 22:45,1780
2019-04-01 22:50,1766
2019-04-01 22:55,1760
2019-04-01 23:00,1756
2019-04-01 23:05,1741
2019-04-01 23:10,1724
2019-04-01 23:15,1713
2019-04-01 23:20,1706
2019-04-01 23:25,1723
2019-04-01 23:30,1713
2019-04-01 23:35,1730
2019-04-01 23:40,1738
2019-04-01 23:45,1734
2019-04-01 23:50,1743
2019-04-01 23:55,1734
2019-04-02 00:00,1720
2019-04-02 00:05,1692
2019-04-02 00:10,1689
2019-04-02 00:15,1678
2019-04-02 00:20,1683
2019-04-02 00:25,1672
2019-04-02 00:30,1674
2019-04-02 00:35,1701
2019-04-02 00:40,1709
2019-04-02 00:45,1708
2019-04-02 00:50,1693
2019-04-02 00:55,1684
2019-04-02 01:00,1705
2019-04-02 01:05,1698
2019-04-02 01:10,1685
2019-04-02 01:15,1685
2019-04-02 01:20,1685
2019-04-02 01:25,1674
2019-04-02 01:30,1689
2019-04-02 01:35,1690
2019-04-02 01:40,1686
2019-04-02 01:45,1669
2019-04-02 01:50,1659
2019-04-02 01:55,1649
2019-04-02 02:00,1626
2019-04-02 02:05,1608
2019-04-02 02:10,1591
2019-04-02 02:15,1597
2019-04-02 02:20,1585
2019-04-02 02:25,1569
2019-04-02 02:30,1570
2019-04-02 02:35,1568
2019-04-02 02:40,1553
2019-04-02 02:45,1529
2019-04-02 02:50,1524
2019-04-02 02:55,1509
2019-04-02 03:00,1508
2019-04-02 03:05,1492
2019-04-02 03:10,1477
2019-04-02 03:15,1453
2019-04-02 03:20,1438
2019-04-02 03:25,1423
2019-04-02 03:30,1425
2019-04-02 03:35,1403
2019-04-02 03:40,1384
2019-04-02 03:45,1378
2019-04-02 03:50,1369
2019-04-02 03:55,1342
2019-04-02 04:00,1330
2019-04-02 04:05,1319
2019-04-02 04:10,1303
2019-04-02 04:15,1286
2019-04-02 04:20,1292
2019-04-02 04:25,1261
2019-04-02 04:30,1248
2019-04-02 04:35,1227
2019-04-02 04:40,1201
2019-04-02 04:45,1179
2019-04-02 04:50,1159
2019-04-02 04:55,1151
2019-04-02 05:00,1144
2019-04-02 05:05,1136
2019-04-02 05:10,1137
2019-04-02 05:15,1132
2019-04-02 05:20,1120
2019-04-02 05:25,1101
2019-04-02 05:30,1095
2019-04-02 05:35,1083
2019-04-02 05:40,1078
2019-04-02 05:45,1070
2019-04-02 05:50,1093
2019-04-02 05:55,1083
2019-04-02 06:00,1080
2019-04-02 06:05,1083
2019-04-02 06:10,1072
2019-04-02 06:15,1070
2019-04-02 06:20,1060
2019-04-02 06:25,1053
2019-04-02 06:30,1059
2019-04-02 06:35,1063
2019-04-02 06:40,1086
2019-04-02 06:45,1072
2019-04-02 06:50,1073
2019-04-02 06:55,1066
2019-04-02 07:00,1046
2019-04-02 07:05,1029
2019-04-02 07:10,1033
2019-04-02 07:15,1043
2019-04-02 07:20,1054
2019-04-02 07:25,1041
2019-04-02 07:30,1042
2019-04-02 07:35,1055
2019-04-02 07:40,1058
2019-04-02 07:45,1056
2019-04-02 07:50,1073
2019-04-02 07:55,1076
2019-04-02 08:00,1082
2019-04-02 08:05,1092
2019-04-02 08:10,1104
2019-04-02 08:15,1109
2019-04-02 08:20,1115
2019-04-02 08:25,1138
2019-04-02 08:30,1130
2019-04-02 08:35,1135
2019-04-02 08:40,1141
2019-04-02 08:45,1165
2019-04-02 08:50,1173
2019-04-02 08:55,1170
2019-04-02 09:00,1186
2019-04-02 09:05,1187
2019-04-02 09:10,1195
2019-04-02 09:15,1193
2019-04-02 09:20,1121
2019-04-02 09:25,1165
2019-04-02 09:30,1190
2019-04-02 09:35,1205
2019-04-02 09:40,1223
2019-04-02 09:45,1226
2019-04-02 09:50,1238
2019-04-02 09:55,1233
2019-04-02 10:00,1241
2019-04-02 10:05,1277
2019-04-02 10:10,1281
2019-04-02 10:15,1309
2019-04-02 10:20,1300
2019-04-02 10:25,1311
2019-04-02 10:30,1321
2019-04-02 10:35,1332
2019-04-02 10:40,1326
2019-04-02 10:45,1335
2019-04-02 10:50,1340
2019-04-02 10:55,1325
2019-04-02 11:00,1356
2019-04-02 11:05,1338
2019-04-02 11:10,1337
2019-04-02 11:15,1365
2019-04-02 11:20,1383
2019-04-02 11:25,1391
2019-04-02 11:30,689
2019-04-02 11:35,1045
2019-04-02 11:40,1358
2019-04-02 11:45,1423
2019-04-02 11:50,1436
2019-04-02 11:55,1454
2019-04-02 12:00,1438
2019-04-02 12:05,1454
2019-04-02 12:10,1489
2019-04-02 12:15,1520
2019-04-02 12:20,1523
2019-04-02 12:25,1538
2019-04-02 12:30,1548
2019-04-02 12:35,1550
2019-04-02 12:40,1562
2019-04-02 12:45,1546
2019-04-02 12:50,1557
2019-04-02 12:55,1562
2019-04-02 13:00,1563
2019-04-02 13:05,1583
2019-04-02 13:10,1558
2019-04-02 13:15,1606
2019-04-02 13:20,1622
2019-04-02 13:25,1633
2019-04-02 13:30,1649
2019-04-02 13:35,1666
2019-04-02 13:40,1672
2019-04-02 13:45,1683
2019-04-02 13:50,1692
2019-04-02 13:55,1731
2019-04-02 14:00,1734
2019-04-02 14:05,1734
2019-04-02 14:10,1761
2019-04-02 14:15,1761
2019-04-02 14:20,1768
2019-04-02 14:25,1781
2019-04-02 14:30,1787
2019-04-02 14:35,1788
2019-04-02 14:40,1812
2019-04-02 14:45,1829
2019-04-02 14:50,1849
2019-04-02 14:55,1847
2019-04-02 15:00,1871
2019-04-02 15:05,1912
2019-04-02 15:10,1905
2019-04-02 15:15,1932
2019-04-02 15:20,1959
2019-04-02 15:25,1982
2019-04-02 15:30,2013
2019-04-02 15:35,2041
2019-04-02 15:40,2055
2019-04-02 15:45,2072
2019-04-02 15:50,2116
2019-04-02 15:55,2138
2019-04-02 16:00,2164
2019-04-02 16:05,2195
2019-04-02 16:10,2210
2019-04-02 16:15,2221
2019-04-02 16:20,166
2019-04-02 16:25,173
2019-04-02 16:30,283
2019-04-02 16:35,331
2019-04-02 16:40,363
2019-04-02 16:45,393
2019-04-02 16:50,410
2019-04-02 16:55,445
2019-04-02 17:00,462
2019-04-02 17:05,301
2019-04-02 17:10,266
2019-04-02 17:15,367
2019-04-02 17:20,393
2019-04-02 17:25,1224
2019-04-02 17:30,
2019-04-02 17:35,
2019-04-02 17:40,2159
2019-04-02 17:45,2176
2019-04-02 17:50,2192
2019-04-02 17:55,2202
2019-04-02 18:00,2238
2019-04-02 18:05,2221
2019-04-02 18:10,2242
2019-04-02 18:15,2261
2019-04-02 18:20,2273
2019-04-02 18:25,2279
2019-04-02 18:30,2293
2019-04-02 18:35,2306
2019-04-02 18:40,2326
2019-04-02 18:45,2330
2019-04-02 18:50,2383
2019-04-02 18:55,2394
2019-04-02 19:00,2398
2019-04-02 19:05,2392
2019-04-02 19:10,2393
2019-04-02 19:15,2404
2019-04-02 19:20,2409
2019-04-02 19:25,2413
2019-04-02 19:30,2390
2019-04-02 19:35,2350
2019-04-02 19:40,2369
2019-04-02 19:45,2347
2019-04-02 19:50,2345
2019-04-02 19:55,2331
2019-04-02 20:00,2320
2019-04-02 20:05,2289
2019-04-02 20:10,2292
2019-04-02 20:15,2258
2019-04-02 20:20,2249
2019-04-02 20:25,2212
2019-04-02 20:30,2213
2019-04-02 20:35,2216
2019-04-02 20:40,2225
2019-04-02 20:45,2228
2019-04-02 20:50,2185
2019-04-02 20:55,2158
2019-04-02 21:00,2145
2019-04-02 21:05,2105
2019-04-02 21:10,2070
2019-04-02 21:15,2042
2019-04-02 21:20,2016
2019-04-02 21:25,2012
2019-04-02 21:30,2001
2019-04-02 21:35,1966
2019-04-02 21:40,1964
2019-04-02 21:45,1948
2019-04-02 21:50,1949
2019-04-02 21:55,1926
2019-04-02 22:00,1901
2019-04-02 22:05,1885
2019-04-02 22:10,1858
2019-04-02 22:15,1864
2019-04-02 22:20,1864
2019-04-02 22:25,1881
2019-04-02 22:30,1856
2019-04-02 22:35,1835
2019-04-02 22:40,1841
2019-04-02 22:45,1833
2019-04-02 22:50,1824
2019-04-02 22:55,1830
2019-04-02 23:00,
2019-04-02 23:05,0
2019-04-02 23:10,1085
2019-04-02 23:15,1759
2019-04-02 23:20,1751
2019-04-02 23:25,1749
2019-04-02 23:30,1718
2019-04-02 23:35,1719
2019-04-02 23:40,1701
2019-04-02 23:45,1696
2019-04-02 23:50,1685
2019-04-02 23:55,1664
2019-04-03 00:00,1655
2019-04-03 00:05,1649
2019-04-03 00:10,1644
2019-04-03 00:15,1648
2019-04-03 00:20,1632
2019-04-03 00:25,1652
2019-04-03 00:30,1641
2019-04-03 00:35,1650
2019-04-03 00:40,1654
2019-04-03 00:45,1685
2019-04-03 00:50,1662
2019-04-03 00:55,1667
2019-04-03 01:00,1657
2019-04-03 01:05,1646
2019-04-03 01:10,1631
2019-04-03 01:15,1635
2019-04-03 01:20,1626
2019-04-03 01:25,1615
2019-04-03 01:30,1607
2019-04-03 01:35,1588
2019-04-03 01:40,1577
2019-04-03 01:45,1565
2019-04-03 01:50,1554
2019-04-03 01:55,1533
2019-04-03 02:00,1525
2019-04-03 02:05,1509
2019-04-03 02:10,1492
2019-04-03 02:15,1488
2019-04-03 02:20,1470
2019-04-03 02:25,1459
2019-04-03 02:30,1457
2019-04-03 02:35,1449
2019-04-03 02:40,1427
2019-04-03 02:45,1434
2019-04-03 02:50,1404
2019-04-03 02:55,1397
2019-04-03 03:00,1403
2019-04-03 03:05,1379
2019-04-03 03:10,1360
2019-04-03 03:15,1348
2019-04-03 03:20,1319
2019-04-03 03:25,1308
2019-04-03 03:30,1308
2019-04-03 03:35,1293
2019-04-03 03:40,1288
2019-04-03 03:45,1264
2019-04-03 03:50,1234
2019-04-03 03:55,1220
2019-04-03 04:00,1220
2019-04-03 04:05,1185
2019-04-03 04:10,1177
2019-04-03 04:15,1173
2019-04-03 04:20,1155
2019-04-03 04:25,1137
2019-04-03 04:30,1140
2019-04-03 04:35,1126
2019-04-03 04:40,1131
2019-04-03 04:45,1124
2019-04-03 04:50,1127
2019-04-03 04:55,1122
2019-04-03 05:00,1121
2019-04-03 05:05,1096
2019-04-03 05:10,1089
2019-04-03 05:15,1092
2019-04-03 05:20,1089
2019-04-03 05:25,1079
2019-04-03 05:30,1085
2019-04-03 05:35,1078
2019-04-03 05:40,1087
2019-04-03 05:45,1090
2019-04-03 05:50,1084
2019-04-03 05:55,1094
2019-04-03 06:00,1095
2019-04-03 06:05,1085
2019-04-03 06:10,1066
2019-04-03 06:15,1039
2019-04-03 06:20,1045
2019-04-03 06:25,1043
2019-04-03 06:30,1036
2019-04-03 06:35,1036
2019-04-03 06:40,1042
2019-04-03 06:45,1048
2019-04-03 06:50,1038
2019-04-03 06:55,1031
2019-04-03 07:00,1017
2019-04-03 07:05,1002
2019-04-03 07:10,1000
2019-04-03 07:15,990
2019-04-03 07:20,988
2019-04-03 07:25,982
2019-04-03 07:30,989
2019-04-03 07:35,1002
2019-04-03 07:40,1014
2019-04-03 07:45,1020
2019-04-03 07:50,1030
2019-04-03 07:55,1021
2019-04-03 08:00,1039
2019-04-03 08:05,1056
2019-04-03 08:10,1063
2019-04-03 08:15,1057
2019-04-03 08:20,1041
2019-04-03 08:25,1054
2019-04-03 08:30,1076
2019-04-03 08:35,1076
2019-04-03 08:40,1076
2019-04-03 08:45,1075
2019-04-03 08:50,1088
2019-04-03 08:55,1096
2019-04-03 09:00,1092
2019-04-03 09:05,1103
2019-04-03 09:10,1117
2019-04-03 09:15,1112
2019-04-03 09:20,1136
2019-04-03 09:25,1135
2019-04-03 09:30,1157
2019-04-03 09:35,1169
2019-04-03 09:40,1178
2019-04-03 09:45,1185
2019-04-03 09:50,1186
2019-04-03 09:55,1209
2019-04-03 10:00,1219
2019-04-03 10:05,1232
2019-04-03 10:10,1242
2019-04-03 10:15,1265
2019-04-03 10:20,1269
2019-04-03 10:25,1260
2019-04-03 10:30,1269
2019-04-03 10:35,1293
2019-04-03 10:40,1313
2019-04-03 10:45,1324
2019-04-03 10:50,1336
2019-04-03 10:55,1338
2019-04-03 11:00,1338
2019-04-03 11:05,1343
2019-04-03 11:10,1347
2019-04-03 11:15,1328
2019-04-03 11:20,1350
2019-04-03 11:25,1371
2019-04-03 11:30,1388
2019-04-03 11:35,
2019-04-03 11:40,
2019-04-03 11:45,
2019-04-03 11:50,
2019-04-03 11:55,
2019-04-03 12:00,
2019-04-03 12:05,
2019-04-03 12:10,
2019-04-03 12:15,
2019-04-03 12:20,1483
2019-04-03 12:25,1476
2019-04-03 12:30,1508
2019-04-03 12:35,1526
2019-04-03 12:40,1538
2019-04-03 12:45,1553
2019-04-03 12:50,1555
2019-04-03 12:55,1554
2019-04-03 13:00,1546
2019-04-03 13:05,1544
2019-04-03 13:10,1568
2019-04-03 13:15,1571
2019-04-03 13:20,1598
2019-04-03 13:25,1621
2019-04-03 13:30,1641
2019-04-03 13:35,1637
2019-04-03 13:40,1638
2019-04-03 13:45,1652
2019-04-03 13:50,1669
2019-04-03 13:55,1671
2019-04-03 14:00,1695
2019-04-03 14:05,1678
2019-04-03 14:10,1686
2019-04-03 14:15,1710
2019-04-03 14:20,1729
2019-04-03 14:25,1715
2019-04-03 14:30,1725
2019-04-03 14:35,1732
2019-04-03 14:40,1742
2019-04-03 14:45,1759
2019-04-03 14:50,1800
2019-04-03 14:55,1827
2019-04-03 15:00,1854
2019-04-03 15:05,1832
2019-04-03 15:10,1828
2019-04-03 15:15,1862
2019-04-03 15:20,1884
2019-04-03 15:25,1892
2019-04-03 15:30,1873
2019-04-03 15:35,1892
2019-04-03 15:40,1917
2019-04-03 15:45,1947
2019-04-03 15:50,1954
2019-04-03 15:55,1947
2019-04-03 16:00,1963
2019-04-03 16:05,1994
2019-04-03 16:10,2019
2019-04-03 16:15,2052
2019-04-03 16:20,2047
2019-04-03 16:25,2069
2019-04-03 16:30,2137
2019-04-03 16:35,2158
2019-04-03 16:40,2155
2019-04-03 16:45,2180
2019-04-03 16:50,2191
2019-04-03 16:55,2230
2019-04-03 17:00,2260
2019-04-03 17:05,2298
2019-04-03 17:10,2293
2019-04-03 17:15,2286
2019-04-03 17:20,2281
2019-04-03 17:25,2300
2019-04-03 17:30,2318
2019-04-03 17:35,2332
2019-04-03 17:40,2336
2019-04-03 17:45,2347
2019-04-03 17:50,2349
2019-04-03 17:55,2338
2019-04-03 18:00,2316
2019-04-03 18:05,2339
2019-04-03 18:10,2353
2019-04-03 18:15,2366
2019-04-03 18:20,2383
2019-04-03 18:25,2406
2019-04-03 18:30,2421
2019-04-03 18:35,2415
2019-04-03 18:40,2423
2019-04-03 18:45,2425
2019-04-03 18:50,2427
2019-04-03 18:55,2411
2019-04-03 19:00,2419
2019-04-03 19:05,2422
2019-04-03 19:10,2429
2019-04-03 19:15,2427
2019-04-03 19:20,2421
2019-04-03 19:25,2390
2019-04-03 19:30,2384
2019-04-03 19:35,2375
2019-04-03 19:40,2392
2019-04-03 19:45,2369
2019-04-03 19:50,2341
2019-04-03 19:55,2331
2019-04-03 20:00,2317
2019-04-03 20:05,2305
2019-04-03 20:10,2261
2019-04-03 20:15,2227
2019-04-03 20:20,2232
2019-04-03 20:25,2201
2019-04-03 20:30,2179
2019-04-03 20:35,2171
2019-04-03 20:40,2153
2019-04-03 20:45,2140
2019-04-03 20:50,2113
2019-04-03 20:55,2071
2019-04-03 21:00,2041
2019-04-03 21:05,2029
2019-04-03 21:10,2007
2019-04-03 21:15,1992
2019-04-03 21:20,1972
2019-04-03 21:25,1940
2019-04-03 21:30,1925
2019-04-03 21:35,1928
2019-04-03 21:40,1897
2019-04-03 21:45,1881
2019-04-03 21:50,1862
2019-04-03 21:55,1832
2019-04-03 22:00,1799
2019-04-03 22:05,1778
2019-04-03 22:10,1762
2019-04-03 22:15,1768
2019-04-03 22:20,1781
2019-04-03 22:25,1739
2019-04-03 22:30,1739
2019-04-03 22:35,1720
2019-04-03 22:40,1721
2019-04-03 22:45,1696
2019-04-03 22:50,1696
2019-04-03 22:55,1676
2019-04-03 23:00,1676
2019-04-03 23:05,1672
2019-04-03 23:10,1676
2019-04-03 23:15,1659
2019-04-03 23:20,1666
2019-04-03 23:25,1646
2019-04-03 23:30,1662
2019-04-03 23:35,1665
2019-04-03 23:40,1653
2019-04-03 23:45,1650
2019-04-03 23:50,1647
2019-04-03 23:55,1657
2019-04-04 00:00,1637
2019-04-04 00:05,1630
2019-04-04 00:10,1627
2019-04-04 00:15,1630
2019-04-04 00:20,1641
2019-04-04 00:25,1656
2019-04-04 00:30,1655
2019-04-04 00:35,1653
2019-04-04 00:40,1647
2019-04-04 00:45,1639
2019-04-04 00:50,1631
2019-04-04 00:55,1631
2019-04-04 01:00,1606
2019-04-04 01:05,1595
2019-04-04 01:10,1604
2019-04-04 01:15,1578
2019-04-04 01:20,1568
2019-04-04 01:25,1542
2019-04-04 01:30,1507
2019-04-04 01:35,1492
2019-04-04 01:40,1476
2019-04-04 01:45,1478
2019-04-04 01:50,1468
2019-04-04 01:55,1451
2019-04-04 02:00,1446
2019-04-04 02:05,1439
2019-04-04 02:10,1425
2019-04-04 02:15,1430
2019-04-04 02:20,1425
2019-04-04 02:25,1424
2019-04-04 02:30,1410
2019-04-04 02:35,1405
2019-04-04 02:40,1404
2019-04-04 02:45,1392
2019-04-04 02:50,1365
2019-04-04 02:55,1368
2019-04-04 03:00,1367
2019-04-04 03:05,1360
2019-04-04 03:10,1343
2019-04-04 03:15,1337
2019-04-04 03:20,1345
2019-04-04 03:25,1317
2019-04-04 03:30,1299
2019-04-04 03:35,1283
2019-04-04 03:40,1273
2019-04-04 03:45,1260
2019-04-04 03:50,1249
2019-04-04 03:55,1222
2019-04-04 04:00,1216
2019-04-04 04:05,1202
2019-04-04 04:10,1173
2019-04-04 04:15,1169
2019-04-04 04:20,1130
2019-04-04 04:25,1139
2019-04-04 04:30,1131
2019-04-04 04:35,1099
2019-04-04 04:40,1088
2019-04-04 04:45,1076
2019-04-04 04:50,1064
2019-04-04 04:55,1062
2019-04-04 05:00,1039
2019-04-04 05:05,1033
2019-04-04 05:10,1028
2019-04-04 05:15,1035
2019-04-04 05:20,1047
2019-04-04 05:25,1037
2019-04-04 05:30,1040
2019-04-04 05:35,1035
2019-04-04 05:40,1032
2019-04-04 05:45,1023
2019-04-04 05:50,1021
2019-04-04 05:55,1038
2019-04-04 06:00,1027
2019-04-04 06:05,1016
2019-04-04 06:10,1002
2019-04-04 06:15,994
2019-04-04 06:20,992
2019-04-04 06:25,989
2019-04-04 06:30,1001
2019-04-04 06:35,1003
2019-04-04 06:40,996
2019-04-04 06:45,1002
2019-04-04 06:50,1003
2019-04-04 06:55,1016
2019-04-04 07:00,1013
2019-04-04 07:05,1007
2019-04-04 07:10,1008
2019-04-04 07:15,1024
2019-04-04 07:20,1017
2019-04-04 07:25,1009
2019-04-04 07:30,1020
2019-04-04 07:35,1038
2019-04-04 07:40,1036
2019-04-04 07:45,1036
2019-04-04 07:50,1034
2019-04-04 07:55,1046
2019-04-04 08:00,1052
2019-04-04 08:05,1057
2019-04-04 08:10,1062
2019-04-04 08:15,1065
2019-04-04 08:20,1080
2019-04-04 08:25,1083
2019-04-04 08:30,1082
2019-04-04 08:35,1074
2019-04-04 08:40,1077
2019-04-04 08:45,1089
2019-04-04 08:50,1107
2019-04-04 08:55,1126
2019-04-04 09:00,1136
2019-04-04 09:05,1123
2019-04-04 09:10,1120
2019-04-04 09:15,1128
2019-04-04 09:20,1130
2019-04-04 09:25,1146
2019-04-04 09:30,1148
2019-04-04 09:35,1153
2019-04-04 09:40,1152
2019-04-04 09:45,1171
2019-04-04 09:50,1158
2019-04-04 09:55,1181
2019-04-04 10:00,1200
2019-04-04 10:05,1222
2019-04-04 10:10,1252
2019-04-04 10:15,1248
2019-04-04 10:20,1251
2019-04-04 10:25,1271
2019-04-04 10:30,1301
2019-04-04 10:35,1303
2019-04-04 10:40,1295
2019-04-04 10:45,1301
2019-04-04 10:50,1328
2019-04-04 10:55,1328
2019-04-04 11:00,1326
2019-04-04 11:05,1341
2019-04-04 11:10,1345
2019-04-04 11:15,1365
2019-04-04 11:20,1359
2019-04-04 11:25,1357
2019-04-04 11:30,1364
2019-04-04 11:35,1384
2019-04-04 11:40,1372
2019-04-04 11:45,1392
2019-04-04 11:50,1383
2019-04-04 11:55,1385
2019-04-04 12:00,1365
2019-04-04 12:05,1397
2019-04-04 12:10,1414
2019-04-04 12:15,1417
2019-04-04 12:20,1428
2019-04-04 12:25,1444
2019-04-04 12:30,1473
2019-04-04 12:35,1488
2019-04-04 12:40,1499
2019-04-04 12:45,1506
2019-04-04 12:50,1503
2019-04-04 12:55,1516
2019-04-04 13:00,1524
2019-04-04 13:05,1531
2019-04-04 13:10,1554
2019-04-04 13:15,1563
2019-04-04 13:20,1558
2019-04-04 13:25,1561
2019-04-04 13:30,1586
2019-04-04 13:35,1575
2019-04-04 13:40,1571
2019-04-04 13:45,1563
2019-04-04 13:50,1540
2019-04-04 13:55,1499
2019-04-04 14:00,1417
2019-04-04 14:05,978
2019-04-04 14:10,937
2019-04-04 14:15,936
2019-04-04 14:20,948
2019-04-04 14:25,936
2019-04-04 14:30,935
2019-04-04 14:35,966
2019-04-04 14:40,978
2019-04-04 14:45,972
2019-04-04 14:50,978
2019-04-04 14:55,985
2019-04-04 15:00,1019
2019-04-04 15:05,1086
2019-04-04 15:10,1173
2019-04-04 15:15,1254
2019-04-04 15:20,1317
2019-04-04 15:25,1396
2019-04-04 15:30,1454
2019-04-04 15:35,1507
2019-04-04 15:40,1592
2019-04-04 15:45,1654
2019-04-04 15:50,1685
2019-04-04 15:55,1749
2019-04-04 16:00,1797
2019-04-04 16:05,1843
2019-04-04 16:10,1919
2019-04-04 16:15,1953
2019-04-04 16:20,1983
2019-04-04 16:25,2017
2019-04-04 16:30,2066
2019-04-04 16:35,2097
2019-04-04 16:40,2139
2019-04-04 16:45,2174
2019-04-04 16:50,2211
2019-04-04 16:55,2256
2019-04-04 17:00,2286
2019-04-04 17:05,2306
2019-04-04 17:10,2305
2019-04-04 17:15,2314
2019-04-04 17:20,2348
2019-04-04 17:25,2376
2019-04-04 17:30,2370
2019-04-04 17:35,2363
2019-04-04 17:40,2379
2019-04-04 17:45,2397
2019-04-04 17:50,2395
2019-04-04 17:55,2400
2019-04-04 18:00,2408
2019-04-04 18:05,2389
2019-04-04 18:10,2390
2019-04-04 18:15,2396
2019-04-04 18:20,2411
2019-04-04 18:25,2420
2019-04-04 18:30,2422
2019-04-04 18:35,2436
2019-04-04 18:40,2427
2019-04-04 18:45,2452
2019-04-04 18:50,2458
2019-04-04 18:55,2458
2019-04-04 19:00,2424
2019-04-04 19:05,2440
2019-04-04 19:10,2437
2019-04-04 19:15,2425
2019-04-04 19:20,2429
2019-04-04 19:25,2453
2019-04-04 19:30,2436
2019-04-04 19:35,2421
2019-04-04 19:40,2406
2019-04-04 19:45,2399
2019-04-04 19:50,2389
2019-04-04 19:55,2359
2019-04-04 20:00,2358
2019-04-04 20:05,2344
2019-04-04 20:10,2316
2019-04-04 20:15,2282
2019-04-04 20:20,2289
2019-04-04 20:25,2251
2019-04-04 20:30,2240
2019-04-04 20:35,2193
2019-04-04 20:40,2172
2019-04-04 20:45,2158
2019-04-04 20:50,2163
2019-04-04 20:55,2130
2019-04-04 21:00,2145
2019-04-04 21:05,2124
2019-04-04 21:10,2111
2019-04-04 21:15,2081
2019-04-04 21:20,2046
2019-04-04 21:25,2033
2019-04-04 21:30,2023
2019-04-04 21:35,2001
2019-04-04 21:40,1993
2019-04-04 21:45,1977
2019-04-04 21:50,1958
2019-04-04 21:55,1925
2019-04-04 22:00,1909
2019-04-04 22:05,1889
2019-04-04 22:10,1865
2019-04-04 22:15,1850
2019-04-04 22:20,1839
2019-04-04 22:25,1820
2019-04-04 22:30,1824
2019-04-04 22:35,1806
2019-04-04 22:40,1811
2019-04-04 22:45,1771
2019-04-04 22:50,1754
2019-04-04 22:55,1726
2019-04-04 23:00,1715
2019-04-04 23:05,1696
2019-04-04 23:10,1698
2019-04-04 23:15,
2019-04-04 23:20,
2019-04-04 23:25,1647
2019-04-04 23:30,
2019-04-04 23:35,1651
2019-04-04 23:40,1641
2019-04-04 23:45,1645
2019-04-04 23:50,1634
2019-04-04 23:55,1631
2019-04-05 00:00,1632
2019-04-05 00:05,1623
2019-04-05 00:10,1605
2019-04-05 00:15,1590
2019-04-05 00:20,1596
2019-04-05 00:25,1597
2019-04-05 00:30,1592
2019-04-05 00:35,1577
2019-04-05 00:40,1568
2019-04-05 00:45,1575
2019-04-05 00:50,1581
2019-04-05 00:55,1561
2019-04-05 01:00,1575
2019-04-05 01:05,
2019-04-05 01:10,
2019-04-05 01:15,
2019-04-05 01:20,
2019-04-05 01:25,
2019-04-05 01:30,1560
2019-04-05 01:35,1553
2019-04-05 01:40,1532
2019-04-05 01:45,1515
2019-04-05 01:50,1495
2019-04-05 01:55,1492
2019-04-05 02:00,1461
2019-04-05 02:05,1463
2019-04-05 02:10,1476
2019-04-05 02:15,1480
2019-04-05 02:20,1475
2019-04-05 02:25,1452
2019-04-05 02:30,1448
2019-04-05 02:35,1435
2019-04-05 02:40,1438
2019-04-05 02:45,1410
2019-04-05 02:50,1400
2019-04-05 02:55,1375
2019-04-05 03:00,1373
2019-04-05 03:05,1368
2019-04-05 03:10,1335
2019-04-05 03:15,1322
2019-04-05 03:20,1312
2019-04-05 03:25,1308
2019-04-05 03:30,1303
2019-04-05 03:35,1278
2019-04-05 03:40,811
2019-04-05 03:45,1235
2019-04-05 03:50,896
2019-04-05 03:55,1218
2019-04-05 04:00,1220
2019-04-05 04:05,1209
2019-04-05 04:10,1205
2019-04-05 04:15,1183
2019-04-05 04:20,1182
2019-04-05 04:25,1186
2019-04-05 04:30,1175
2019-04-05 04:35,1163
2019-04-05 04:40,1155
2019-04-05 04:45,1165
2019-04-05 04:50,1152
2019-04-05 04:55,1132
2019-04-05 05:00,1123
2019-04-05 05:05,1098
2019-04-05 05:10,1085
2019-04-05 05:15,1073
2019-04-05 05:20,1063
2019-04-05 05:25,1049
2019-04-05 05:30,1061
2019-04-05 05:35,1052
2019-04-05 05:40,1060
2019-04-05 05:45,1048
2019-04-05 05:50,1053
2019-04-05 05:55,1062
2019-04-05 06:00,1062
2019-04-05 06:05,1052
2019-04-05 06:10,1051
2019-04-05 06:15,1051
2019-04-05 06:20,1047
2019-04-05 06:25,1035
2019-04-05 06:30,1047
2019-04-05 06:35,1051
2019-04-05 06:40,1055
2019-04-05 06:45,1062
2019-04-05 06:50,1089
2019-04-05 06:55,1081
2019-04-05 07:00,1078
2019-04-05 07:05,1093
2019-04-05 07:10,1072
2019-04-05 07:15,1060
2019-04-05 07:20,1080
2019-04-05 07:25,1085
2019-04-05 07:30,1098
2019-04-05 07:35,1090
2019-04-05 07:40,1079
2019-04-05 07:45,1075
2019-04-05 07:50,1073
2019-04-05 07:55,1097
2019-04-05 08:00,1106
2019-04-05 08:05,1109
2019-04-05 08:10,1098
2019-04-05 08:15,1102
2019-04-05 08:20,1116
2019-04-05 08:25,1125
2019-04-05 08:30,1127
2019-04-05 08:35,1139
2019-04-05 08:40,1138
2019-04-05 08:45,1149
2019-04-05 08:50,1156
2019-04-05 08:55,1170
2019-04-05 09:00,1176
2019-04-05 09:05,1161
2019-04-05 09:10,1188
2019-04-05 09:15,1194
2019-04-05 09:20,1193
2019-04-05 09:25,1196
2019-04-05 09:30,1188
2019-04-05 09:35,1190
2019-04-05 09:40,1186
2019-04-05 09:45,1201
2019-04-05 09:50,1219
2019-04-05 09:55,1236
2019-04-05 10:00,1247
2019-04-05 10:05,1284
2019-04-05 10:10,1287
2019-04-05 10:15,1286
2019-04-05 10:20,1289
2019-04-05 10:25,1294
2019-04-05 10:30,1309
2019-04-05 10:35,1314
2019-04-05 10:40,1315
2019-04-05 10:45,1323
2019-04-05 10:50,1317
2019-04-05 10:55,1341
2019-04-05 11:00,1351
2019-04-05 11:05,1374
2019-04-05 11:10,1391
2019-04-05 11:15,1397
2019-04-05 11:20,1426
2019-04-05 11:25,1413
2019-04-05 11:30,1438
2019-04-05 11:35,1423
2019-04-05 11:40,1428
2019-04-05 11:45,1440
2019-04-05 11:50,1445
2019-04-05 11:55,1450
2019-04-05 12:00,1477
2019-04-05 12:05,1474
2019-04-05 12:10,1484
2019-04-05 12:15,1494
2019-04-05 12:20,1509
2019-04-05 12:25,1525
2019-04-05 12:30,1547
2019-04-05 12:35,1582
2019-04-05 12:40,1591
2019-04-05 12:45,1597
2019-04-05 12:50,1614
2019-04-05 12:55,1611
2019-04-05 13:00,1616
2019-04-05 13:05,1659
2019-04-05 13:10,1665
2019-04-05 13:15,1676
2019-04-05 13:20,1709
2019-04-05 13:25,1699
2019-04-05 13:30,1706
2019-04-05 13:35,1698
2019-04-05 13:40,1708
2019-04-05 13:45,1696
2019-04-05 13:50,1696
2019-04-05 13:55,1709
2019-04-05 14:00,1731
2019-04-05 14:05,1751
2019-04-05 14:10,1762
2019-04-05 14:15,1779
2019-04-05 14:20,1779
2019-04-05 14:25,1788
2019-04-05 14:30,1792
2019-04-05 14:35,1823
2019-04-05 14:40,1843
2019-04-05 14:45,1862
2019-04-05 14:50,1879
2019-04-05 14:55,1893
2019-04-05 15:00,1939
2019-04-05 15:05,1946
2019-04-05 15:10,1979
2019-04-05 15:15,1979
2019-04-05 15:20,2000
2019-04-05 15:25,2026
2019-04-05 15:30,2033
2019-04-05 15:35,2060
2019-04-05 15:40,2061
2019-04-05 15:45,2080
2019-04-05 15:50,2089
2019-04-05 15:55,2075
2019-04-05 16:00,2098
2019-04-05 16:05,2106
2019-04-05 16:10,2126
2019-04-05 16:15,2115
2019-04-05 16:20,2134
2019-04-05 16:25,2150
2019-04-05 16:30,2152
2019-04-05 16:35,2176
2019-04-05 16:40,2174
2019-04-05 16:45,2194
2019-04-05 16:50,2208
2019-04-05 16:55,2212
2019-04-05 17:00,2203
2019-04-05 17:05,2229
2019-04-05 17:10,2234
2019-04-05 17:15,2260
2019-04-05 17:20,2276
2019-04-05 17:25,2286
2019-04-05 17:30,2320
2019-04-05 17:35,2330
2019-04-05 17:40,2343
2019-04-05 17:45,2330
2019-04-05 17:50,2322
2019-04-05 17:55,2324
2019-04-05 18:00,2346
2019-04-05 18:05,2339
2019-04-05 18:10,2327
2019-04-05 18:15,2331
2019-04-05 18:20,2346
2019-04-05 18:25,2320
2019-04-05 18:30,2352
2019-04-05 18:35,2335
2019-04-05 18:40,2359
2019-04-05 18:45,2383
2019-04-05 18:50,2387
2019-04-05 18:55,2382
2019-04-05 19:00,2365
2019-04-05 19:05,2352
2019-04-05 19:10,2358
2019-04-05 19:15,2385
2019-04-05 19:20,2375
2019-04-05 19:25,2392
2019-04-05 19:30,2392
2019-04-05 19:35,2408
2019-04-05 19:40,2406
2019-04-05 19:45,2422
2019-04-05 19:50,2410
2019-04-05 19:55,2408
2019-04-05 20:00,2415
2019-04-05 20:05,2393
2019-04-05 20:10,2399
2019-04-05 20:15,2388
2019-04-05 20:20,2376
2019-04-05 20:25,2387
2019-04-05 20:30,2361
2019-04-05 20:35,2363
2019-04-05 20:40,2331
2019-04-05 20:45,2298
2019-04-05 20:50,2262
2019-04-05 20:55,2255
2019-04-05 21:00,2249
2019-04-05 21:05,2250
2019-04-05 21:10,2222
2019-04-05 21:15,2222
2019-04-05 21:20,2201
2019-04-05 21:25,2164
2019-04-05 21:30,2152
2019-04-05 21:35,2126
2019-04-05 21:40,2128
2019-04-05 21:45,2109
2019-04-05 21:50,2100
2019-04-05 21:55,2071
2019-04-05 22:00,2067
2019-04-05 22:05,2042
2019-04-05 22:10,2015
2019-04-05 22:15,1984
2019-04-05 22:20,1954
2019-04-05 22:25,1929
2019-04-05 22:30,1919
2019-04-05 22:35,1895
2019-04-05 22:40,1881
2019-04-05 22:45,1878
2019-04-05 22:50,1827
2019-04-05 22:55,1828
2019-04-05 23:00,1809
2019-04-05 23:05,1791
2019-04-05 23:10,1771
2019-04-05 23:15,1773
2019-04-05 23:20,1762
2019-04-05 23:25,1747
2019-04-05 23:30,1740
2019-04-05 23:35,1750
2019-04-05 23:40,1745
2019-04-05 23:45,1737
2019-04-05 23:50,1736
2019-04-05 23:55,1731
2019-04-06 00:00,1704
2019-04-06 00:05,1699
2019-04-06 00:10,1691
2019-04-06 00:15,1701
2019-04-06 00:20,1707
2019-04-06 00:25,1679
2019-04-06 00:30,1675
2019-04-06 00:35,1685
2019-04-06 00:40,1670
2019-04-06 00:45,1651
2019-04-06 00:50,1659
2019-04-06 00:55,1661
2019-04-06 01:00,1648
2019-04-06 01:05,1640
2019-04-06 01:10,1633
2019-04-06 01:15,1636
2019-04-06 01:20,1653
2019-04-06 01:25,1653
2019-04-06 01:30,1635
2019-04-06 01:35,1657
2019-04-06 01:40,1646
2019-04-06 01:45,1643
2019-04-06 01:50,1649
2019-04-06 01:55,1662
2019-04-06 02:00,1661
2019-04-06 02:05,1654
2019-04-06 02:10,1631
2019-04-06 02:15,1609
2019-04-06 02:20,1607
2019-04-06 02:25,1589
2019-04-06 02:30,1611
2019-04-06 02:35,1605
2019-04-06 02:40,1578
2019-04-06 02:45,1543
2019-04-06 02:50,1516
2019-04-06 02:55,1508
2019-04-06 03:00,1496
2019-04-06 03:05,1496
2019-04-06 03:10,1490
2019-04-06 03:15,1493
2019-04-06 03:20,1501
2019-04-06 03:25,1511
2019-04-06 03:30,1502
2019-04-06 03:35,1505
2019-04-06 03:40,1488
2019-04-06 03:45,1483
2019-04-06 03:50,1490
2019-04-06 03:55,1464
2019-04-06 04:00,1461
2019-04-06 04:05,1449
2019-04-06 04:10,1442
2019-04-06 04:15,1432
2019-04-06 04:20,1434
2019-04-06 04:25,1420
2019-04-06 04:30,1410
2019-04-06 04:35,1408
2019-04-06 04:40,1389
2019-04-06 04:45,1385
2019-04-06 04:50,1392
2019-04-06 04:55,1376
2019-04-06 05:00,1380
2019-04-06 05:05,1388
2019-04-06 05:10,1373
2019-04-06 05:15,1365
2019-04-06 05:20,1356
2019-04-06 05:25,1347
2019-04-06 05:30,1349
2019-04-06 05:35,1365
2019-04-06 05:40,1361
2019-04-06 05:45,1347
2019-04-06 05:50,1347
2019-04-06 05:55,1342
2019-04-06 06:00,1339
2019-04-06 06:05,1322
2019-04-06 06:10,1287
2019-04-06 06:15,1270
2019-04-06 06:20,1277
2019-04-06 06:25,1264
2019-04-06 06:30,1278
2019-04-06 06:35,1286
2019-04-06 06:40,1285
2019-04-06 06:45,1290
2019-04-06 06:50,1302
2019-04-06 06:55,1313
2019-04-06 07:00,1305
2019-04-06 07:05,1305
2019-04-06 07:10,1310
2019-04-06 07:15,1318
2019-04-06 07:20,1322
2019-04-06 07:25,1324
2019-04-06 07:30,1326
2019-04-06 07:35,1337
2019-04-06 07:40,1329
2019-04-06 07:45,1358
2019-04-06 07:50,1383
2019-04-06 07:55,1393
2019-04-06 08:00,1414
2019-04-06 08:05,1432
2019-04-06 08:10,1438
2019-04-06 08:15,1455
2019-04-06 08:20,1470
2019-04-06 08:25,1480
2019-04-06 08:30,1503
2019-04-06 08:35,1523
2019-04-06 08:40,1515
2019-04-06 08:45,1519
2019-04-06 08:50,1525
2019-04-06 08:55,1529
2019-04-06 09:00,1573
2019-04-06 09:05,1575
2019-04-06 09:10,1573
2019-04-06 09:15,1599
2019-04-06 09:20,1626
2019-04-06 09:25,1632
2019-04-06 09:30,1637
2019-04-06 09:35,1636
2019-04-06 09:40,1650
2019-04-06 09:45,1657
2019-04-06 09:50,1665
2019-04-06 09:55,1669
2019-04-06 10:00,1698
2019-04-06 10:05,1742
2019-04-06 10:10,1762
2019-04-06 10:15,1757
2019-04-06 10:20,1758
2019-04-06 10:25,1764
2019-04-06 10:30,1752
2019-04-06 10:35,1764
2019-04-06 10:40,1776
2019-04-06 10:45,1773
2019-04-06 10:50,1776
2019-04-06 10:55,1810
2019-04-06 11:00,1821
2019-04-06 11:05,1840
2019-04-06 11:10,1845
2019-04-06 11:15,1874
2019-04-06 11:20,1880
2019-04-06 11:25,1911
2019-04-06 11:30,1912
2019-04-06 11:35,1924
2019-04-06 11:40,1946
2019-04-06 11:45,1950
2019-04-06 11:50,1962
2019-04-06 11:55,1961
2019-04-06 12:00,1988
2019-04-06 12:05,2001
2019-04-06 12:10,1993
2019-04-06 12:15,2016
2019-04-06 12:20,2028
2019-04-06 12:25,2022
2019-04-06 12:30,2012
2019-04-06 12:35,2035
2019-04-06 12:40,2048
2019-04-06 12:45,2055
2019-04-06 12:50,2079
2019-04-06 12:55,2099
2019-04-06 13:00,2125
2019-04-06 13:05,2124
2019-04-06 13:10,2132
2019-04-06 13:15,1910
2019-04-06 13:20,1362
2019-04-06 13:25,1483
2019-04-06 13:30,1550
2019-04-06 13:35,1587
2019-04-06 13:40,1699
2019-04-06 13:45,1985
2019-04-06 13:50,2220
2019-04-06 13:55,2274
2019-04-06 14:00,2297
2019-04-06 14:05,2297
2019-04-06 14:10,2295
2019-04-06 14:15,2291
2019-04-06 14:20,2320
2019-04-06 14:25,2336
2019-04-06 14:30,2368
2019-04-06 14:35,2391
2019-04-06 14:40,2414
2019-04-06 14:45,2438
2019-04-06 14:50,2447
2019-04-06 14:55,2463
2019-04-06 15:00,2463
2019-04-06 15:05,2475
2019-04-06 15:10,2456
2019-04-06 15:15,2466
2019-04-06 15:20,2470
2019-04-06 15:25,2490
2019-04-06 15:30,2479
2019-04-06 15:35,2487
2019-04-06 15:40,2516
2019-04-06 15:45,2499
2019-04-06 15:50,2497
2019-04-06 15:55,2522
2019-04-06 16:00,2536
2019-04-06 16:05,2559
2019-04-06 16:10,2563
2019-04-06 16:15,2574
2019-04-06 16:20,1725
2019-04-06 16:25,1843
2019-04-06 16:30,1920
2019-04-06 16:35,1942
2019-04-06 16:40,1955
2019-04-06 16:45,1997
2019-04-06 16:50,2023
2019-04-06 16:55,2052
2019-04-06 17:00,2057
2019-04-06 17:05,2062
2019-04-06 17:10,2084
2019-04-06 17:15,2130
2019-04-06 17:20,2346
2019-04-06 17:25,2512
2019-04-06 17:30,2600
2019-04-06 17:35,2671
2019-04-06 17:40,2684
2019-04-06 17:45,2702
2019-04-06 17:50,2716
2019-04-06 17:55,2715
2019-04-06 18:00,2740
2019-04-06 18:05,2718
2019-04-06 18:10,2722
2019-04-06 18:15,2709
2019-04-06 18:20,2715
2019-04-06 18:25,2685
2019-04-06 18:30,2693
2019-04-06 18:35,2701
2019-04-06 18:40,2703
2019-04-06 18:45,2700
2019-04-06 18:50,2700
2019-04-06 18:55,2721
2019-04-06 19:00,2750
2019-04-06 19:05,2738
2019-04-06 19:10,2729
2019-04-06 19:15,2751
2019-04-06 19:20,2772
2019-04-06 19:25,2766
2019-04-06 19:30,2775
2019-04-06 19:35,2774
2019-04-06 19:40,2786
2019-04-06 19:45,2804
2019-04-06 19:50,2815
2019-04-06 19:55,2806
2019-04-06 20:00,2799
2019-04-06 20:05,2782
2019-04-06 20:10,2769
2019-04-06 20:15,2738
2019-04-06 20:20,2720
2019-04-06 20:25,2702
2019-04-06 20:30,2688
2019-04-06 20:35,2709
2019-04-06 20:40,2680
2019-04-06 20:45,2672
2019-04-06 20:50,2659
2019-04-06 20:55,2676
2019-04-06 21:00,2622
2019-04-06 21:05,2617
2019-04-06 21:10,2569
2019-04-06 21:15,2547
2019-04-06 21:20,2545
2019-04-06 21:25,2532
2019-04-06 21:30,2517
2019-04-06 21:35,2515
2019-04-06 21:40,2494
2019-04-06 21:45,2466
2019-04-06 21:50,2455
2019-04-06 21:55,2404
2019-04-06 22:00,2381
2019-04-06 22:05,2350
2019-04-06 22:10,2305
2019-04-06 22:15,2318
2019-04-06 22:20,2302
2019-04-06 22:25,2277
2019-04-06 22:30,2275
2019-04-06 22:35,2260
2019-04-06 22:40,2238
2019-04-06 22:45,2205
2019-04-06 22:50,2186
2019-04-06 22:55,2183
2019-04-06 23:00,2158
2019-04-06 23:05,2138
2019-04-06 23:10,2107
2019-04-06 23:15,2089
2019-04-06 23:20,2068
2019-04-06 23:25,2057
2019-04-06 23:30,2041
2019-04-06 23:35,2011
2019-04-06 23:40,1767
2019-04-06 23:45,1615
2019-04-06 23:50,1939
2019-04-06 23:55,1966
2019-04-07 00:00,1958
2019-04-07 00:05,1957
2019-04-07 00:10,1945
2019-04-07 00:15,1933
2019-04-07 00:20,1908
2019-04-07 00:25,1903
2019-04-07 00:30,1889
2019-04-07 00:35,1894
2019-04-07 00:40,1895
2019-04-07 00:45,1903
2019-04-07 00:50,1897
2019-04-07 00:55,1891
2019-04-07 01:00,1887
2019-04-07 01:05,1874
2019-04-07 01:10,1848
2019-04-07 01:15,1860
2019-04-07 01:20,1863
2019-04-07 01:25,1865
2019-04-07 01:30,1853
2019-04-07 01:35,1846
2019-04-07 01:40,1846
2019-04-07 01:45,1825
2019-04-07 01:50,1809
2019-04-07 01:55,1799
2019-04-07 02:00,1799
2019-04-07 02:05,1795
2019-04-07 02:10,1763
2019-04-07 02:15,1751
2019-04-07 02:20,1737
2019-04-07 02:25,1734
2019-04-07 02:30,1712
2019-04-07 02:35,1716
2019-04-07 02:40,1691
2019-04-07 02:45,1702
2019-04-07 02:50,1698
2019-04-07 02:55,1689
2019-04-07 03:00,1666
2019-04-07 03:05,1675
2019-04-07 03:10,1670
2019-04-07 03:15,1647
2019-04-07 03:20,1624
2019-04-07 03:25,1607
2019-04-07 03:30,1591
2019-04-07 03:35,1596
2019-04-07 03:40,1597
2019-04-07 03:45,1567
2019-04-07 03:50,1557
2019-04-07 03:55,1545
2019-04-07 04:00,1526
2019-04-07 04:05,1512
2019-04-07 04:10,1542
2019-04-07 04:15,1542
2019-04-07 04:20,1530
2019-04-07 04:25,1510
2019-04-07 04:30,1510
2019-04-07 04:35,1497
2019-04-07 04:40,1497
2019-04-07 04:45,1469
2019-04-07 04:50,1483
2019-04-07 04:55,1493
2019-04-07 05:00,1489
2019-04-07 05:05,1475
2019-04-07 05:10,1467
2019-04-07 05:15,1449
2019-04-07 05:20,1442
2019-04-07 05:25,1434
2019-04-07 05:30,1419
2019-04-07 05:35,1416
2019-04-07 05:40,1408
2019-04-07 05:45,1414
2019-04-07 05:50,1407
2019-04-07 05:55,1402
2019-04-07 06:00,1398
2019-04-07 06:05,1408
2019-04-07 06:10,1398
2019-04-07 06:15,1394
2019-04-07 06:20,1395
2019-04-07 06:25,1396
2019-04-07 06:30,1394
2019-04-07 06:35,1403
2019-04-07 06:40,1402
2019-04-07 06:45,1416
2019-04-07 06:50,1441
2019-04-07 06:55,1460
2019-04-07 07:00,1486
2019-04-07 07:05,1501
2019-04-07 07:10,1503
2019-04-07 07:15,1508
2019-04-07 07:20,1512
2019-04-07 07:25,1519
2019-04-07 07:30,1548
2019-04-07 07:35,1560
2019-04-07 07:40,1556
2019-04-07 07:45,1577
2019-04-07 07:50,1591
2019-04-07 07:55,1597
2019-04-07 08:00,1616
2019-04-07 08:05,1621
2019-04-07 08:10,1644
2019-04-07 08:15,1676
2019-04-07 08:20,1690
2019-04-07 08:25,1698
2019-04-07 08:30,1716
2019-04-07 08:35,1717
2019-04-07 08:40,1736
2019-04-07 08:45,1737
2019-04-07 08:50,1758
2019-04-07 08:55,1773
2019-04-07 09:00,1791
2019-04-07 09:05,1782
2019-04-07 09:10,1800
2019-04-07 09:15,1804
2019-04-07 09:20,1820
2019-04-07 09:25,1845
2019-04-07 09:30,1860
2019-04-07 09:35,1864
2019-04-07 09:40,1865
2019-04-07 09:45,1896
2019-04-07 09:50,1888
2019-04-07 09:55,1901
2019-04-07 10:00,1933
2019-04-07 10:05,1952
2019-04-07 10:10,1980
2019-04-07 10:15,2006
2019-04-07 10:20,2007
2019-04-07 10:25,2022
2019-04-07 10:30,2034
2019-04-07 10:35,2035
2019-04-07 10:40,2048
2019-04-07 10:45,2045
2019-04-07 10:50,2069
2019-04-07 10:55,2076
2019-04-07 11:00,2085
2019-04-07 11:05,2109
2019-04-07 11:10,2125
2019-04-07 11:15,2131
2019-04-07 11:20,2156
2019-04-07 11:25,2167
2019-04-07 11:30,2160
2019-04-07 11:35,2178
2019-04-07 11:40,2188
2019-04-07 11:45,2204
2019-04-07 11:50,2217
2019-04-07 11:55,2223
2019-04-07 12:00,2222
2019-04-07 12:05,2200
2019-04-07 12:10,2220
2019-04-07 12:15,2225
2019-04-07 12:20,2248
2019-04-07 12:25,2267
2019-04-07 12:30,2296
2019-04-07 12:35,2315
2019-04-07 12:40,2323
2019-04-07 12:45,2366
2019-04-07 12:50,2386
2019-04-07 12:55,2410
2019-04-07 13:00,2409
2019-04-07 13:05,2419
2019-04-07 13:10,2433
2019-04-07 13:15,2443
2019-04-07 13:20,2450
2019-04-07 13:25,2445
2019-04-07 13:30,2498
2019-04-07 13:35,2523
2019-04-07 13:40,2525
2019-04-07 13:45,2521
2019-04-07 13:50,2526
2019-04-07 13:55,2530
2019-04-07 14:00,2547
2019-04-07 14:05,2581
2019-04-07 14:10,2599
2019-04-07 14:15,2614
2019-04-07 14:20,2629
2019-04-07 14:25,2621
2019-04-07 14:30,2639
2019-04-07 14:35,2657
2019-04-07 14:40,2696
2019-04-07 14:45,2687
2019-04-07 14:50,2690
2019-04-07 14:55,2705
2019-04-07 15:00,2735
2019-04-07 15:05,2751
2019-04-07 15:10,2731
2019-04-07 15:15,2751
2019-04-07 15:20,2763
2019-04-07 15:25,2798
2019-04-07 15:30,2826
2019-04-07 15:35,2834
2019-04-07 15:40,2850
2019-04-07 15:45,2836
2019-04-07 15:50,2889
2019-04-07 15:55,2906
2019-04-07 16:00,2909
2019-04-07 16:05,2903
2019-04-07 16:10,2889
2019-04-07 16:15,2901
2019-04-07 16:20,2928
2019-04-07 16:25,2942
2019-04-07 16:30,2941
2019-04-07 16:35,2940
2019-04-07 16:40,2920
2019-04-07 16:45,2929
2019-04-07 16:50,2973
2019-04-07 16:55,2999
2019-04-07 17:00,3016
2019-04-07 17:05,2988
2019-04-07 17:10,3023
2019-04-07 17:15,3018
2019-04-07 17:20,3024
2019-04-07 17:25,3038
2019-04-07 17:30,3022
2019-04-07 17:35,3009
2019-04-07 17:40,3036
2019-04-07 17:45,3017
2019-04-07 17:50,3017
2019-04-07 17:55,3021
2019-04-07 18:00,3021
2019-04-07 18:05,3049
2019-04-07 18:10,3051
2019-04-07 18:15,3059
2019-04-07 18:20,3059
2019-04-07 18:25,3045
2019-04-07 18:30,3048
2019-04-07 18:35,3022
2019-04-07 18:40,3011
2019-04-07 18:45,2992
2019-04-07 18:50,2976
2019-04-07 18:55,2993
2019-04-07 19:00,3023
2019-04-07 19:05,3051
2019-04-07 19:10,3057
2019-04-07 19:15,3034
2019-04-07 19:20,3015
2019-04-07 19:25,2989
2019-04-07 19:30,2987
2019-04-07 19:35,2981
2019-04-07 19:40,2990
2019-04-07 19:45,2973
2019-04-07 19:50,2967
2019-04-07 19:55,2941
2019-04-07 20:00,2952
2019-04-07 20:05,2926
2019-04-07 20:10,2895
2019-04-07 20:15,2888
2019-04-07 20:20,2848
2019-04-07 20:25,2834
2019-04-07 20:30,2811
2019-04-07 20:35,2798
2019-04-07 20:40,2769
2019-04-07 20:45,2742
2019-04-07 20:50,2710
2019-04-07 20:55,2675
2019-04-07 21:00,2659
2019-04-07 21:05,2596
2019-04-07 21:10,2591
2019-04-07 21:15,2583
2019-04-07 21:20,2542
2019-04-07 21:25,2508
2019-04-07 21:30,2441
2019-04-07 21:35,2438
2019-04-07 21:40,2426
2019-04-07 21:45,2397
2019-04-07 21:50,2357
2019-04-07 21:55,2308
2019-04-07 22:00,2275
2019-04-07 22:05,2260
2019-04-07 22:10,2246
2019-04-07 22:15,2209
2019-04-07 22:20,2178
2019-04-07 22:25,2167
2019-04-07 22:30,2126
2019-04-07 22:35,2108
2019-04-07 22:40,2079
2019-04-07 22:45,2053
2019-04-07 22:50,2045
2019-04-07 22:55,2053
2019-04-07 23:00,2028
2019-04-07 23:05,2016
2019-04-07 23:10,2033
2019-04-07 23:15,2011
2019-04-07 23:20,2004
2019-04-07 23:25,1975
2019-04-07 23:30,1956
2019-04-07 23:35,1955
2019-04-07 23:40,1937
2019-04-07 23:45,1931
2019-04-07 23:50,1914
2019-04-07 23:55,1914
2019-04-08 00:00,1908
2019-04-08 00:05,1897
2019-04-08 00:10,1879
2019-04-08 00:15,1848
2019-04-08 00:20,1842
2019-04-08 00:25,1839
2019-04-08 00:30,1828
2019-04-08 00:35,1817
2019-04-08 00:40,1799
2019-04-08 00:45,1775
2019-04-08 00:50,1768
2019-04-08 00:55,1753
2019-04-08 01:00,1763
2019-04-08 01:05,1762
2019-04-08 01:10,1758
2019-04-08 01:15,1720
2019-04-08 01:20,1726
2019-04-08 01:25,1715
2019-04-08 01:30,1706
2019-04-08 01:35,1693
2019-04-08 01:40,1701
2019-04-08 01:45,1675
2019-04-08 01:50,1657
2019-04-08 01:55,1649
2019-04-08 02:00,1638
2019-04-08 02:05,1626
2019-04-08 02:10,1630
2019-04-08 02:15,1620
2019-04-08 02:20,1592
2019-04-08 02:25,1566
2019-04-08 02:30,1550
2019-04-08 02:35,1537
2019-04-08 02:40,1522
2019-04-08 02:45,1495
2019-04-08 02:50,1505
2019-04-08 02:55,1482
2019-04-08 03:00,1474
2019-04-08 03:05,1456
2019-04-08 03:10,1439
2019-04-08 03:15,1448
2019-04-08 03:20,1454
2019-04-08 03:25,1450
2019-04-08 03:30,1448
2019-04-08 03:35,1425
2019-04-08 03:40,1415
2019-04-08 03:45,1394
2019-04-08 03:50,1396
2019-04-08 03:55,1390
2019-04-08 04:00,1385
2019-04-08 04:05,1374
2019-04-08 04:10,1369
2019-04-08 04:15,1371
2019-04-08 04:20,1348
2019-04-08 04:25,1338
2019-04-08 04:30,1308
2019-04-08 04:35,1286
2019-04-08 04:40,1273
2019-04-08 04:45,1274
2019-04-08 04:50,1272
2019-04-08 04:55,1256
2019-04-08 05:00,1250
2019-04-08 05:05,1236
2019-04-08 05:10,1235
2019-04-08 05:15,1200
2019-04-08 05:20,1195
2019-04-08 05:25,1181
2019-04-08 05:30,1170
2019-04-08 05:35,1133
2019-04-08 05:40,1132
2019-04-08 05:45,1131
2019-04-08 05:50,1117
2019-04-08 05:55,1121
2019-04-08 06:00,1123
2019-04-08 06:05,1113
2019-04-08 06:10,1107
2019-04-08 06:15,1115
2019-04-08 06:20,1123
2019-04-08 06:25,1102
2019-04-08 06:30,1099
2019-04-08 06:35,1096
2019-04-08 06:40,1076
2019-04-08 06:45,1071
2019-04-08 06:50,1076
2019-04-08 06:55,1061
2019-04-08 07:00,1063
2019-04-08 07:05,1054
2019-04-08 07:10,1046
2019-04-08 07:15,1045
2019-04-08 07:20,1060
2019-04-08 07:25,1058
2019-04-08 07:30,1075
2019-04-08 07:35,1086
2019-04-08 07:40,1091
2019-04-08 07:45,1089
2019-04-08 07:50,1101
2019-04-08 07:55,1104
2019-04-08 08:00,1093
2019-04-08 08:05,1104
2019-04-08 08:10,1111
2019-04-08 08:15,1102
2019-04-08 08:20,1105
2019-04-08 08:25,1112
2019-04-08 08:30,1126
2019-04-08 08:35,1113
2019-04-08 08:40,1122
2019-04-08 08:45,1112
2019-04-08 08:50,1124
2019-04-08 08:55,1127
2019-04-08 09:00,1142
2019-04-08 09:05,1148
2019-04-08 09:10,1160
2019-04-08 09:15,1175
2019-04-08 09:20,1161
2019-04-08 09:25,1179
2019-04-08 09:30,1198
2019-04-08 09:35,1202
2019-04-08 09:40,1193
2019-04-08 09:45,1200
2019-04-08 09:50,1207
2019-04-08 09:55,1227
2019-04-08 10:00,1263
2019-04-08 10:05,1293
2019-04-08 10:10,1313
2019-04-08 10:15,1346
2019-04-08 10:20,1354
2019-04-08 10:25,1367
2019-04-08 10:30,1383
2019-04-08 10:35,1397
2019-04-08 10:40,1420
2019-04-08 10:45,1425
2019-04-08 10:50,1438
2019-04-08 10:55,1435
2019-04-08 11:00,1438
2019-04-08 11:05,1447
2019-04-08 11:10,1487
2019-04-08 11:15,1487
2019-04-08 11:20,1509
2019-04-08 11:25,1515
2019-04-08 11:30,1540
2019-04-08 11:35,1552
2019-04-08 11:40,1558
2019-04-08 11:45,1571
2019-04-08 11:50,1582
2019-04-08 11:55,1584
2019-04-08 12:00,1564
2019-04-08 12:05,1559
2019-04-08 12:10,1595
2019-04-08 12:15,1646
2019-04-08 12:20,1630
2019-04-08 12:25,1623
2019-04-08 12:30,1626
2019-04-08 12:35,1642
2019-04-08 12:40,1653
2019-04-08 12:45,1643
2019-04-08 12:50,1644
2019-04-08 12:55,1649
2019-04-08 13:00,1649
2019-04-08 13:05,1652
2019-04-08 13:10,1657
2019-04-08 13:15,1688
2019-04-08 13:20,1709
2019-04-08 13:25,1721
2019-04-08 13:30,1750
2019-04-08 13:35,1752
2019-04-08 13:40,1736
2019-04-08 13:45,1744
2019-04-08 13:50,1748
2019-04-08 13:55,1747
2019-04-08 14:00,1736
2019-04-08 14:05,1738
2019-04-08 14:10,1730
2019-04-08 14:15,1763
2019-04-08 14:20,1792
2019-04-08 14:25,1817
2019-04-08 14:30,1837
2019-04-08 14:35,1864
2019-04-08 14:40,1887
2019-04-08 14:45,1907
2019-04-08 14:50,1928
2019-04-08 14:55,1971
2019-04-08 15:00,1989
2019-04-08 15:05,2007
2019-04-08 15:10,2024
2019-04-08 15:15,2033
2019-04-08 15:20,2067
2019-04-08 15:25,2082
2019-04-08 15:30,2118
2019-04-08 15:35,2117
2019-04-08 15:40,2144
2019-04-08 15:45,2186
2019-04-08 15:50,2222
2019-04-08 15:55,2250
2019-04-08 16:00,2264
2019-04-08 16:05,2270
2019-04-08 16:10,2266
2019-04-08 16:15,2302
2019-04-08 16:20,2321
2019-04-08 16:25,2340
2019-04-08 16:30,2333
2019-04-08 16:35,2350
2019-04-08 16:40,2386
2019-04-08 16:45,2408
2019-04-08 16:50,2417
2019-04-08 16:55,2435
2019-04-08 17:00,2415
2019-04-08 17:05,2424
2019-04-08 17:10,2417
2019-04-08 17:15,2423
2019-04-08 17:20,2441
2019-04-08 17:25,2492
2019-04-08 17:30,2510
2019-04-08 17:35,2511
2019-04-08 17:40,2548
2019-04-08 17:45,2559
2019-04-08 17:50,2570
2019-04-08 17:55,2588
2019-04-08 18:00,2583
2019-04-08 18:05,2602
2019-04-08 18:10,2622
2019-04-08 18:15,2612
2019-04-08 18:20,2608
2019-04-08 18:25,2609
2019-04-08 18:30,2603
2019-04-08 18:35,2617
2019-04-08 18:40,2599
2019-04-08 18:45,2599
2019-04-08 18:50,2598
2019-04-08 18:55,2612
2019-04-08 19:00,2607
2019-04-08 19:05,2553
2019-04-08 19:10,2545
2019-04-08 19:15,2557
2019-04-08 19:20,2569
2019-04-08 19:25,2557
2019-04-08 19:30,2569
2019-04-08 19:35,2549
2019-04-08 19:40,2533
2019-04-08 19:45,2525
2019-04-08 19:50,2506
2019-04-08 19:55,2497
2019-04-08 20:00,2466
2019-04-08 20:05,2458
2019-04-08 20:10,2434
2019-04-08 20:15,2406
2019-04-08 20:20,2391
2019-04-08 20:25,2362
2019-04-08 20:30,2333
2019-04-08 20:35,2314
2019-04-08 20:40,2294
2019-04-08 20:45,2273
2019-04-08 20:50,2279
2019-04-08 20:55,2225
2019-04-08 21:00,2216
2019-04-08 21:05,2205
2019-04-08 21:10,2169
2019-04-08 21:15,2136
2019-04-08 21:20,2113
2019-04-08 21:25,2100
2019-04-08 21:30,2092
2019-04-08 21:35,2078
2019-04-08 21:40,2046
2019-04-08 21:45,2035
2019-04-08 21:50,2025
2019-04-08 21:55,1988
2019-04-08 22:00,1966
2019-04-08 22:05,1950
2019-04-08 22:10,1918
2019-04-08 22:15,1895
2019-04-08 22:20,1872
2019-04-08 22:25,1862
2019-04-08 22:30,1872
2019-04-08 22:35,1846
2019-04-08 22:40,1833
2019-04-08 22:45,1858
2019-04-08 22:50,1836
2019-04-08 22:55,1819
2019-04-08 23:00,1796
2019-04-08 23:05,1784
2019-04-08 23:10,1792
2019-04-08 23:15,1791
2019-04-08 23:20,1776
2019-04-08 23:25,1765
2019-04-08 23:30,1747
2019-04-08 23:35,1753
2019-04-08 23:40,1747
2019-04-08 23:45,1748
2019-04-08 23:50,1744
2019-04-08 23:55,1751
2019-04-09 00:00,1746
2019-04-09 00:05,1742
2019-04-09 00:10,1747
2019-04-09 00:15,1740
2019-04-09 00:20,1730
2019-04-09 00:25,1742
2019-04-09 00:30,1719
2019-04-09 00:35,1734
2019-04-09 00:40,1735
2019-04-09 00:45,1705
2019-04-09 00:50,1708
2019-04-09 00:55,1689
2019-04-09 01:00,1678
2019-04-09 01:05,1673
2019-04-09 01:10,1663
2019-04-09 01:15,1658
2019-04-09 01:20,1661
2019-04-09 01:25,1657
2019-04-09 01:30,1657
2019-04-09 01:35,1642
2019-04-09 01:40,1639
2019-04-09 01:45,1633
2019-04-09 01:50,1636
2019-04-09 01:55,1628
2019-04-09 02:00,1603
2019-04-09 02:05,1578
2019-04-09 02:10,1576
2019-04-09 02:15,1560
2019-04-09 02:20,1549
2019-04-09 02:25,1532
2019-04-09 02:30,1533
2019-04-09 02:35,1507
2019-04-09 02:40,1506
2019-04-09 02:45,1500
2019-04-09 02:50,1471
2019-04-09 02:55,1455
2019-04-09 03:00,1441
2019-04-09 03:05,1423
2019-04-09 03:10,1401
2019-04-09 03:15,1394
2019-04-09 03:20,1396
2019-04-09 03:25,1388
2019-04-09 03:30,1373
2019-04-09 03:35,1357
2019-04-09 03:40,1350
2019-04-09 03:45,1336
2019-04-09 03:50,1324
2019-04-09 03:55,1296
2019-04-09 04:00,1287
2019-04-09 04:05,1259
2019-04-09 04:10,1261
2019-04-09 04:15,1273
2019-04-09 04:20,1247
2019-04-09 04:25,1230
2019-04-09 04:30,1223
2019-04-09 04:35,1194
2019-04-09 04:40,1171
2019-04-09 04:45,1163
2019-04-09 04:50,1171
2019-04-09 04:55,1175
2019-04-09 05:00,1159
2019-04-09 05:05,1140
2019-04-09 05:10,1133
2019-04-09 05:15,1121
2019-04-09 05:20,1101
2019-04-09 05:25,1092
2019-04-09 05:30,1086
2019-04-09 05:35,1072
2019-04-09 05:40,1067
2019-04-09 05:45,1047
2019-04-09 05:50,1048
2019-04-09 05:55,1053
2019-04-09 06:00,1051
2019-04-09 06:05,1043
2019-04-09 06:10,1044
2019-04-09 06:15,1044
2019-04-09 06:20,1032
2019-04-09 06:25,1035
2019-04-09 06:30,1019
2019-04-09 06:35,1044
2019-04-09 06:40,1051
2019-04-09 06:45,1039
2019-04-09 06:50,1043
2019-04-09 06:55,1040
2019-04-09 07:00,1023
2019-04-09 07:05,1033
2019-04-09 07:10,1027
2019-04-09 07:15,1034
2019-04-09 07:20,1030
2019-04-09 07:25,1036
2019-04-09 07:30,1040
2019-04-09 07:35,1045
2019-04-09 07:40,1054
2019-04-09 07:45,1054
2019-04-09 07:50,1074
2019-04-09 07:55,1087
2019-04-09 08:00,1078
2019-04-09 08:05,1086
2019-04-09 08:10,1107
2019-04-09 08:15,1105
2019-04-09 08:20,1101
2019-04-09 08:25,1102
2019-04-09 08:30,1083
2019-04-09 08:35,1112
2019-04-09 08:40,1125
2019-04-09 08:45,1143
2019-04-09 08:50,1124
2019-04-09 08:55,1146
2019-04-09 09:00,1145
2019-04-09 09:05,1147
2019-04-09 09:10,1153
2019-04-09 09:15,1144
2019-04-09 09:20,1148
2019-04-09 09:25,1156
2019-04-09 09:30,1179
2019-04-09 09:35,1189
2019-04-09 09:40,1207
2019-04-09 09:45,1209
2019-04-09 09:50,1215
2019-04-09 09:55,1240
2019-04-09 10:00,1258
2019-04-09 10:05,1311
2019-04-09 10:10,1322
2019-04-09 10:15,1326
2019-04-09 10:20,1339
2019-04-09 10:25,1361
2019-04-09 10:30,1382
2019-04-09 10:35,1385
2019-04-09 10:40,1402
2019-04-09 10:45,1392
2019-04-09 10:50,1398
2019-04-09 10:55,1403
2019-04-09 11:00,1402
2019-04-09 11:05,1441
2019-04-09 11:10,1451
2019-04-09 11:15,1487
2019-04-09 11:20,1464
2019-04-09 11:25,1470
2019-04-09 11:30,1496
2019-04-09 11:35,1495
2019-04-09 11:40,1514
2019-04-09 11:45,1493
2019-04-09 11:50,1491
2019-04-09 11:55,1499
2019-04-09 12:00,1521
2019-04-09 12:05,1532
2019-04-09 12:10,1545
2019-04-09 12:15,1544
2019-04-09 12:20,1568
2019-04-09 12:25,1575
2019-04-09 12:30,1596
2019-04-09 12:35,1611
2019-04-09 12:40,1605
2019-04-09 12:45,1643
2019-04-09 12:50,1660
2019-04-09 12:55,1648
2019-04-09 13:00,1639
2019-04-09 13:05,1637
2019-04-09 13:10,1646
2019-04-09 13:15,1657
2019-04-09 13:20,1671
2019-04-09 13:25,1699
2019-04-09 13:30,1718
2019-04-09 13:35,1736
2019-04-09 13:40,1733
2019-04-09 13:45,1750
2019-04-09 13:50,1756
2019-04-09 13:55,1769
2019-04-09 14:00,1776
2019-04-09 14:05,1786
2019-04-09 14:10,1794
2019-04-09 14:15,1830
2019-04-09 14:20,1817
2019-04-09 14:25,1826
2019-04-09 14:30,1836
2019-04-09 14:35,1838
2019-04-09 14:40,1860
2019-04-09 14:45,1874
2019-04-09 14:50,1897
2019-04-09 14:55,1932
2019-04-09 15:00,1943
2019-04-09 15:05,1960
2019-04-09 15:10,1973
2019-04-09 15:15,1991
2019-04-09 15:20,2040
2019-04-09 15:25,2036
2019-04-09 15:30,2047
2019-04-09 15:35,2070
2019-04-09 15:40,2088
2019-04-09 15:45,2102
2019-04-09 15:50,2118
2019-04-09 15:55,2132
2019-04-09 16:00,2151
2019-04-09 16:05,2179
2019-04-09 16:10,2180
2019-04-09 16:15,2195
2019-04-09 16:20,2215
2019-04-09 16:25,
2019-04-09 16:30,2238
2019-04-09 16:35,2243
2019-04-09 16:40,2232
2019-04-09 16:45,2259
2019-04-09 16:50,2297
2019-04-09 16:55,2290
2019-04-09 17:00,2331
2019-04-09 17:05,2337
2019-04-09 17:10,2366
2019-04-09 17:15,2375
2019-04-09 17:20,2391
2019-04-09 17:25,
2019-04-09 17:30,2414
2019-04-09 17:35,2442
2019-04-09 17:40,2445
2019-04-09 17:45,2474
2019-04-09 17:50,2462
2019-04-09 17:55,2481
2019-04-09 18:00,2473
2019-04-09 18:05,2437
2019-04-09 18:10,2435
2019-04-09 18:15,2444
2019-04-09 18:20,2452
2019-04-09 18:25,2448
2019-04-09 18:30,2452
2019-04-09 18:35,2474
2019-04-09 18:40,2473
2019-04-09 18:45,2476
2019-04-09 18:50,2505
2019-04-09 18:55,2485
2019-04-09 19:00,2489
2019-04-09 19:05,2451
2019-04-09 19:10,2438
2019-04-09 19:15,2442
2019-04-09 19:20,2447
2019-04-09 19:25,2477
2019-04-09 19:30,2480
2019-04-09 19:35,2486
2019-04-09 19:40,2478
2019-04-09 19:45,2451
2019-04-09 19:50,2453
2019-04-09 19:55,2442
2019-04-09 20:00,2458
2019-04-09 20:05,2424
2019-04-09 20:10,2380
2019-04-09 20:15,2355
2019-04-09 20:20,2318
2019-04-09 20:25,2299
2019-04-09 20:30,2276
2019-04-09 20:35,2278
2019-04-09 20:40,2245
2019-04-09 20:45,2235
2019-04-09 20:50,2227
2019-04-09 20:55,2188
2019-04-09 21:00,2190
2019-04-09 21:05,2157
2019-04-09 21:10,2123
2019-04-09 21:15,2118
2019-04-09 21:20,2104
2019-04-09 21:25,2072
2019-04-09 21:30,2059
2019-04-09 21:35,2037
2019-04-09 21:40,2039
2019-04-09 21:45,2021
2019-04-09 21:50,2004
2019-04-09 21:55,1993
2019-04-09 22:00,1977
2019-04-09 22:05,1942
2019-04-09 22:10,1918
2019-04-09 22:15,1886
2019-04-09 22:20,1882
2019-04-09 22:25,1860
2019-04-09 22:30,1810
2019-04-09 22:35,1788
2019-04-09 22:40,1775
2019-04-09 22:45,1770
2019-04-09 22:50,1754
2019-04-09 22:55,1767
2019-04-09 23:00,1743
2019-04-09 23:05,1735
2019-04-09 23:10,0
2019-04-09 23:15,1419
2019-04-09 23:20,1664
2019-04-09 23:25,1704
2019-04-09 23:30,1706
2019-04-09 23:35,1704
2019-04-09 23:40,1720
2019-04-09 23:45,1725
2019-04-09 23:50,1714
2019-04-09 23:55,1704
2019-04-10 00:00,1696
2019-04-10 00:05,1688
2019-04-10 00:10,1678
2019-04-10 00:15,1684
2019-04-10 00:20,1684
2019-04-10 00:25,1682
2019-04-10 00:30,1686
2019-04-10 00:35,1670
2019-04-10 00:40,1642
2019-04-10 00:45,1624
2019-04-10 00:50,1619
2019-04-10 00:55,1609
2019-04-10 01:00,1618
2019-04-10 01:05,1626
2019-04-10 01:10,1618
2019-04-10 01:15,1598
2019-04-10 01:20,1597
2019-04-10 01:25,1611
2019-04-10 01:30,1587
2019-04-10 01:35,1586
2019-04-10 01:40,1570
2019-04-10 01:45,1545
2019-04-10 01:50,1545
2019-04-10 01:55,1539
2019-04-10 02:00,1505
2019-04-10 02:05,1478
2019-04-10 02:10,1454
2019-04-10 02:15,1444
2019-04-10 02:20,1447
2019-04-10 02:25,1448
2019-04-10 02:30,1429
2019-04-10 02:35,1410
2019-04-10 02:40,1412
2019-04-10 02:45,1386
2019-04-10 02:50,1386
2019-04-10 02:55,1360
2019-04-10 03:00,1343
2019-04-10 03:05,1348
2019-04-10 03:10,1332
2019-04-10 03:15,1326
2019-04-10 03:20,1310
2019-04-10 03:25,1283
2019-04-10 03:30,1273
2019-04-10 03:35,1249
2019-04-10 03:40,1236
2019-04-10 03:45,1224
2019-04-10 03:50,1209
2019-04-10 03:55,1191
2019-04-10 04:00,1193
2019-04-10 04:05,1172
2019-04-10 04:10,1147
2019-04-10 04:15,1117
2019-04-10 04:20,1123
2019-04-10 04:25,1129
2019-04-10 04:30,1128
2019-04-10 04:35,1129
2019-04-10 04:40,1114
2019-04-10 04:45,1111
2019-04-10 04:50,1106
2019-04-10 04:55,1095
2019-04-10 05:00,1085
2019-04-10 05:05,1077
2019-04-10 05:10,1072
2019-04-10 05:15,1081
2019-04-10 05:20,1078
2019-04-10 05:25,1071
2019-04-10 05:30,1072
2019-04-10 05:35,1068
2019-04-10 05:40,1057
2019-04-10 05:45,1049
2019-04-10 05:50,1055
2019-04-10 05:55,1051
2019-04-10 06:00,1042
2019-04-10 06:05,1029
2019-04-10 06:10,1006
2019-04-10 06:15,992
2019-04-10 06:20,988
2019-04-10 06:25,983
2019-04-10 06:30,979
2019-04-10 06:35,996
2019-04-10 06:40,995
2019-04-10 06:45,997
2019-04-10 06:50,997
2019-04-10 06:55,989
2019-04-10 07:00,995
2019-04-10 07:05,1002
2019-04-10 07:10,996
2019-04-10 07:15,995
2019-04-10 07:20,990
2019-04-10 07:25,982
2019-04-10 07:30,993
2019-04-10 07:35,996
2019-04-10 07:40,1020
2019-04-10 07:45,1021
2019-04-10 07:50,1037
2019-04-10 07:55,1039
2019-04-10 08:00,1052
2019-04-10 08:05,1046
2019-04-10 08:10,1063
2019-04-10 08:15,1064
2019-04-10 08:20,1041
2019-04-10 08:25,1058
2019-04-10 08:30,1069
2019-04-10 08:35,1065
2019-04-10 08:40,1079
2019-04-10 08:45,1068
2019-04-10 08:50,1073
2019-04-10 08:55,1091
2019-04-10 09:00,1112
2019-04-10 09:05,1118
2019-04-10 09:10,1114
2019-04-10 09:15,1102
2019-04-10 09:20,1105
2019-04-10 09:25,1106
2019-04-10 09:30,1118
2019-04-10 09:35,1136
2019-04-10 09:40,1156
2019-04-10 09:45,1150
2019-04-10 09:50,1156
2019-04-10 09:55,1151
2019-04-10 10:00,1177
2019-04-10 10:05,1224
2019-04-10 10:10,1240
2019-04-10 10:15,1253
2019-04-10 10:20,1275
2019-04-10 10:25,1267
2019-04-10 10:30,1279
2019-04-10 10:35,1283
2019-04-10 10:40,1317
2019-04-10 10:45,1311
2019-04-10 10:50,1314
2019-04-10 10:55,1336
2019-04-10 11:00,1350
2019-04-10 11:05,1350
2019-04-10 11:10,1367
2019-04-10 11:15,1371
2019-04-10 11:20,1397
2019-04-10 11:25,1419
2019-04-10 11:30,1430
2019-04-10 11:35,1442
2019-04-10 11:40,1464
2019-04-10 11:45,1468
2019-04-10 11:50,1473
2019-04-10 11:55,1490
2019-04-10 12:00,1483
2019-04-10 12:05,1488
2019-04-10 12:10,1500
2019-04-10 12:15,1483
2019-04-10 12:20,1517
2019-04-10 12:25,1524
2019-04-10 12:30,1511
2019-04-10 12:35,1531
2019-04-10 12:40,1537
2019-04-10 12:45,1551
2019-04-10 12:50,1586
2019-04-10 12:55,1572
2019-04-10 13:00,1575
2019-04-10 13:05,1582
2019-04-10 13:10,1613
2019-04-10 13:15,1639
2019-04-10 13:20,1634
2019-04-10 13:25,1652
2019-04-10 13:30,1651
2019-04-10 13:35,1651
2019-04-10 13:40,1689
2019-04-10 13:45,1686
2019-04-10 13:50,1700
2019-04-10 13:55,1724
2019-04-10 14:00,1759
2019-04-10 14:05,1778
2019-04-10 14:10,1778
2019-04-10 14:15,1757
2019-04-10 14:20,1777
2019-04-10 14:25,1777
2019-04-10 14:30,1774
2019-04-10 14:35,1818
2019-04-10 14:40,1834
2019-04-10 14:45,1842
2019-04-10 14:50,1858
2019-04-10 14:55,1881
2019-04-10 15:00,1906
2019-04-10 15:05,1892
2019-04-10 15:10,1892
2019-04-10 15:15,1907
2019-04-10 15:20,1919
2019-04-10 15:25,1951
2019-04-10 15:30,1955
2019-04-10 15:35,1984
2019-04-10 15:40,1999
2019-04-10 15:45,2000
2019-04-10 15:50,2026
2019-04-10 15:55,2045
2019-04-10 16:00,2047
2019-04-10 16:05,2070
2019-04-10 16:10,2070
2019-04-10 16:15,2086
2019-04-10 16:20,2109
2019-04-10 16:25,2137
2019-04-10 16:30,2137
2019-04-10 16:35,2171
2019-04-10 16:40,2165
2019-04-10 16:45,2163
2019-04-10 16:50,2159
2019-04-10 16:55,2183
2019-04-10 17:00,2185
2019-04-10 17:05,2208
2019-04-10 17:10,2208
2019-04-10 17:15,2198
2019-04-10 17:20,2206
2019-04-10 17:25,2217
2019-04-10 17:30,2241
2019-04-10 17:35,2269
2019-04-10 17:40,2270
2019-04-10 17:45,2301
2019-04-10 17:50,2307
2019-04-10 17:55,2314
2019-04-10 18:00,2332
2019-04-10 18:05,2327
2019-04-10 18:10,2327
2019-04-10 18:15,2320
2019-04-10 18:20,2342
2019-04-10 18:25,2339
2019-04-10 18:30,2346
2019-04-10 18:35,2358
2019-04-10 18:40,2357
2019-04-10 18:45,2359
2019-04-10 18:50,2369
2019-04-10 18:55,2394
2019-04-10 19:00,2393
2019-04-10 19:05,2391
2019-04-10 19:10,0
2019-04-10 19:15,2357
2019-04-10 19:20,2350
2019-04-10 19:25,2362
2019-04-10 19:30,2357
2019-04-10 19:35,2334
2019-04-10 19:40,2307
2019-04-10 19:45,2304
2019-04-10 19:50,2290
2019-04-10 19:55,2271
2019-04-10 20:00,2247
2019-04-10 20:05,2208
2019-04-10 20:10,2186
2019-04-10 20:15,2179
2019-04-10 20:20,2177
2019-04-10 20:25,2184
2019-04-10 20:30,2181
2019-04-10 20:35,2182
2019-04-10 20:40,2163
2019-04-10 20:45,2132
2019-04-10 20:50,2113
2019-04-10 20:55,2117
2019-04-10 21:00,2118
2019-04-10 21:05,2104
2019-04-10 21:10,2086
2019-04-10 21:15,2060
2019-04-10 21:20,2027
2019-04-10 21:25,2031
2019-04-10 21:30,2000
2019-04-10 21:35,1980
2019-04-10 21:40,1976
2019-04-10 21:45,1951
2019-04-10 21:50,1923
2019-04-10 21:55,1886
2019-04-10 22:00,1884
2019-04-10 22:05,1870
2019-04-10 22:10,1831
2019-04-10 22:15,1816
2019-04-10 22:20,1808
2019-04-10 22:25,1792
2019-04-10 22:30,1768
2019-04-10 22:35,1737
2019-04-10 22:40,1714
2019-04-10 22:45,1692
2019-04-10 22:50,1689
2019-04-10 22:55,1664
2019-04-10 23:00,1650
2019-04-10 23:05,1631
2019-04-10 23:10,1570
2019-04-10 23:15,1631
2019-04-10 23:20,1623
2019-04-10 23:25,1550
2019-04-10 23:30,1627
2019-04-10 23:35,1618
2019-04-10 23:40,1600
2019-04-10 23:45,1609
2019-04-10 23:50,1598
2019-04-10 23:55,1595
2019-04-11 00:00,1585
2019-04-11 00:05,1600
2019-04-11 00:10,1609
2019-04-11 00:15,1610
2019-04-11 00:20,1598
2019-04-11 00:25,1617
2019-04-11 00:30,1609
2019-04-11 00:35,1616
2019-04-11 00:40,1619
2019-04-11 00:45,1621
2019-04-11 00:50,1643
2019-04-11 00:55,1635
2019-04-11 01:00,1618
2019-04-11 01:05,1602
2019-04-11 01:10,1596
2019-04-11 01:15,1589
2019-04-11 01:20,1583
2019-04-11 01:25,1581
2019-04-11 01:30,1570
2019-04-11 01:35,1567
2019-04-11 01:40,1559
2019-04-11 01:45,1535
2019-04-11 01:50,1517
2019-04-11 01:55,1513
2019-04-11 02:00,1505
2019-04-11 02:05,1478
2019-04-11 02:10,1479
2019-04-11 02:15,1454
2019-04-11 02:20,1439
2019-04-11 02:25,1418
2019-04-11 02:30,1403
2019-04-11 02:35,1395
2019-04-11 02:40,1386
2019-04-11 02:45,1360
2019-04-11 02:50,1334
2019-04-11 02:55,1305
2019-04-11 03:00,1303
2019-04-11 03:05,1288
2019-04-11 03:10,1271
2019-04-11 03:15,1248
2019-04-11 03:20,1252
2019-04-11 03:25,1250
2019-04-11 03:30,1240
2019-04-11 03:35,1231
2019-04-11 03:40,1220
2019-04-11 03:45,1201
2019-04-11 03:50,1200
2019-04-11 03:55,1189
2019-04-11 04:00,1198
2019-04-11 04:05,1183
2019-04-11 04:10,1177
2019-04-11 04:15,1166
2019-04-11 04:20,1145
2019-04-11 04:25,1151
2019-04-11 04:30,1152
2019-04-11 04:35,1135
2019-04-11 04:40,1124
2019-04-11 04:45,1110
2019-04-11 04:50,1118
2019-04-11 04:55,1117
2019-04-11 05:00,1107
2019-04-11 05:05,1103
2019-04-11 05:10,1078
2019-04-11 05:15,1075
2019-04-11 05:20,1054
2019-04-11 05:25,1049
2019-04-11 05:30,1033
2019-04-11 05:35,1019
2019-04-11 05:40,1013
2019-04-11 05:45,1023
2019-04-11 05:50,1011
2019-04-11 05:55,1014
2019-04-11 06:00,1000
2019-04-11 06:05,996
2019-04-11 06:10,996
2019-04-11 06:15,1001
2019-04-11 06:20,1000
2019-04-11 06:25,980
2019-04-11 06:30,977
2019-04-11 06:35,980
2019-04-11 06:40,974
2019-04-11 06:45,988
2019-04-11 06:50,974
2019-04-11 06:55,971
2019-04-11 07:00,982
2019-04-11 07:05,976
2019-04-11 07:10,978
2019-04-11 07:15,1006
2019-04-11 07:20,1010
2019-04-11 07:25,1017
2019-04-11 07:30,1027
2019-04-11 07:35,1048
2019-04-11 07:40,1053
2019-04-11 07:45,1057
2019-04-11 07:50,1051
2019-04-11 07:55,1054
2019-04-11 08:00,1054
2019-04-11 08:05,1063
2019-04-11 08:10,1069
2019-04-11 08:15,1071
2019-04-11 08:20,1070
2019-04-11 08:25,1077
2019-04-11 08:30,1084
2019-04-11 08:35,1094
2019-04-11 08:40,1085
2019-04-11 08:45,1104
2019-04-11 08:50,1098
2019-04-11 08:55,1095
2019-04-11 09:00,1079
2019-04-11 09:05,1090
2019-04-11 09:10,1105
2019-04-11 09:15,1118
2019-04-11 09:20,1124
2019-04-11 09:25,1117
2019-04-11 09:30,1121
2019-04-11 09:35,1127
2019-04-11 09:40,1151
2019-04-11 09:45,1159
2019-04-11 09:50,1181
2019-04-11 09:55,1198
2019-04-11 10:00,1211
2019-04-11 10:05,1240
2019-04-11 10:10,1231
2019-04-11 10:15,1262
2019-04-11 10:20,1259
2019-04-11 10:25,1256
2019-04-11 10:30,1256
2019-04-11 10:35,1259
2019-04-11 10:40,1263
2019-04-11 10:45,1281
2019-04-11 10:50,1289
2019-04-11 10:55,1316
2019-04-11 11:00,1310
2019-04-11 11:05,1324
2019-04-11 11:10,1341
2019-04-11 11:15,1369
2019-04-11 11:20,1365
2019-04-11 11:25,1364
2019-04-11 11:30,1382
2019-04-11 11:35,1399
2019-04-11 11:40,1407
2019-04-11 11:45,1418
2019-04-11 11:50,1438
2019-04-11 11:55,1454
2019-04-11 12:00,1460
2019-04-11 12:05,1465
2019-04-11 12:10,1476
2019-04-11 12:15,1474
2019-04-11 12:20,1493
2019-04-11 12:25,1482
2019-04-11 12:30,1488
2019-04-11 12:35,1482
2019-04-11 12:40,1502
2019-04-11 12:45,1527
2019-04-11 12:50,1534
2019-04-11 12:55,1542
2019-04-11 13:00,1541
2019-04-11 13:05,1553
2019-04-11 13:10,1535
2019-04-11 13:15,1536
2019-04-11 13:20,1555
2019-04-11 13:25,1568
2019-04-11 13:30,1568
2019-04-11 13:35,1567
2019-04-11 13:40,1563
2019-04-11 13:45,1574
2019-04-11 13:50,1568
2019-04-11 13:55,1510
2019-04-11 14:00,1423
2019-04-11 14:05,984
2019-04-11 14:10,962
2019-04-11 14:15,984
2019-04-11 14:20,965
2019-04-11 14:25,976
2019-04-11 14:30,982
2019-04-11 14:35,1004
2019-04-11 14:40,995
2019-04-11 14:45,1003
2019-04-11 14:50,1023
2019-04-11 14:55,1025
2019-04-11 15:00,1085
2019-04-11 15:05,1166
2019-04-11 15:10,1294
2019-04-11 15:15,1405
2019-04-11 15:20,1506
2019-04-11 15:25,1578
2019-04-11 15:30,1649
2019-04-11 15:35,1725
2019-04-11 15:40,1786
2019-04-11 15:45,1841
2019-04-11 15:50,1907
2019-04-11 15:55,1971
2019-04-11 16:00,2006
2019-04-11 16:05,2069
2019-04-11 16:10,2125
2019-04-11 16:15,2187
2019-04-11 16:20,2236
2019-04-11 16:25,2270
2019-04-11 16:30,2305
2019-04-11 16:35,2356
2019-04-11 16:40,2380
2019-04-11 16:45,2418
2019-04-11 16:50,2428
2019-04-11 16:55,2463
2019-04-11 17:00,2490
2019-04-11 17:05,2491
2019-04-11 17:10,2525
2019-04-11 17:15,2531
2019-04-11 17:20,2548
2019-04-11 17:25,2582
2019-04-11 17:30,2578
2019-04-11 17:35,2582
2019-04-11 17:40,2599
2019-04-11 17:45,2617
2019-04-11 17:50,2608
2019-04-11 17:55,2601
2019-04-11 18:00,2630
2019-04-11 18:05,2636
2019-04-11 18:10,2628
2019-04-11 18:15,2640
2019-04-11 18:20,2652
2019-04-11 18:25,2675
2019-04-11 18:30,2671
2019-04-11 18:35,2676
2019-04-11 18:40,2683
2019-04-11 18:45,2654
2019-04-11 18:50,2674
2019-04-11 18:55,2692
2019-04-11 19:00,2684
2019-04-11 19:05,2687
2019-04-11 19:10,2698
2019-04-11 19:15,2677
2019-04-11 19:20,2691
2019-04-11 19:25,2697
2019-04-11 19:30,2715
2019-04-11 19:35,2709
2019-04-11 19:40,2703
2019-04-11 19:45,2672
2019-04-11 19:50,2657
2019-04-11 19:55,2657
2019-04-11 20:00,2628
2019-04-11 20:05,2611
2019-04-11 20:10,2609
2019-04-11 20:15,2575
2019-04-11 20:20,2537
2019-04-11 20:25,2524
2019-04-11 20:30,2515
2019-04-11 20:35,2486
2019-04-11 20:40,2435
2019-04-11 20:45,2398
2019-04-11 20:50,2380
2019-04-11 20:55,2344
2019-04-11 21:00,2321
2019-04-11 21:05,2309
2019-04-11 21:10,2307
2019-04-11 21:15,2319
2019-04-11 21:20,2321
2019-04-11 21:25,2302
2019-04-11 21:30,2279
2019-04-11 21:35,2265
2019-04-11 21:40,2234
2019-04-11 21:45,2230
2019-04-11 21:50,2228
2019-04-11 21:55,2184
2019-04-11 22:00,2155
2019-04-11 22:05,2137
2019-04-11 22:10,2110
2019-04-11 22:15,2077
2019-04-11 22:20,2070
2019-04-11 22:25,2075
2019-04-11 22:30,2080
2019-04-11 22:35,2066
2019-04-11 22:40,2054
2019-04-11 22:45,2066
2019-04-11 22:50,2031
2019-04-11 22:55,2007
2019-04-11 23:00,2011
2019-04-11 23:05,1993
2019-04-11 23:10,1971
2019-04-11 23:15,1967
2019-04-11 23:20,1955
2019-04-11 23:25,1938
2019-04-11 23:30,1916
2019-04-11 23:35,1921
2019-04-11 23:40,1917
2019-04-11 23:45,1913
2019-04-11 23:50,1891
2019-04-11 23:55,1861
2019-04-12 00:00,1858
2019-04-12 00:05,1817
2019-04-12 00:10,1813
2019-04-12 00:15,1804
2019-04-12 00:20,1804
2019-04-12 00:25,1809
2019-04-12 00:30,1815
2019-04-12 00:35,1805
2019-04-12 00:40,1778
2019-04-12 00:45,1783
2019-04-12 00:50,1771
2019-04-12 00:55,1770
2019-04-12 01:00,1784
2019-04-12 01:05,1786
2019-04-12 01:10,1789
2019-04-12 01:15,1803
2019-04-12 01:20,1804
2019-04-12 01:25,1809
2019-04-12 01:30,1799
2019-04-12 01:35,1782
2019-04-12 01:40,1772
2019-04-12 01:45,1749
2019-04-12 01:50,1726
2019-04-12 01:55,1701
2019-04-12 02:00,1699
2019-04-12 02:05,1671
2019-04-12 02:10,1646
2019-04-12 02:15,1645
2019-04-12 02:20,1656
2019-04-12 02:25,1645
2019-04-12 02:30,1625
2019-04-12 02:35,1613
2019-04-12 02:40,1597
2019-04-12 02:45,1603
2019-04-12 02:50,1594
2019-04-12 02:55,1586
2019-04-12 03:00,1576
2019-04-12 03:05,1587
2019-04-12 03:10,1558
2019-04-12 03:15,1551
2019-04-12 03:20,1536
2019-04-12 03:25,1516
2019-04-12 03:30,1504
2019-04-12 03:35,1505
2019-04-12 03:40,1480
2019-04-12 03:45,1468
2019-04-12 03:50,1428
2019-04-12 03:55,1398
2019-04-12 04:00,1388
2019-04-12 04:05,1373
2019-04-12 04:10,1365
2019-04-12 04:15,1343
2019-04-12 04:20,1346
2019-04-12 04:25,1356
2019-04-12 04:30,1342
2019-04-12 04:35,1351
2019-04-12 04:40,1342
2019-04-12 04:45,1336
2019-04-12 04:50,1313
2019-04-12 04:55,1297
2019-04-12 05:00,1286
2019-04-12 05:05,1280
2019-04-12 05:10,1264
2019-04-12 05:15,1252
2019-04-12 05:20,1242
2019-04-12 05:25,1234
2019-04-12 05:30,1220
2019-04-12 05:35,1197
2019-04-12 05:40,1187
2019-04-12 05:45,1203
2019-04-12 05:50,1211
2019-04-12 05:55,1216
2019-04-12 06:00,1191
2019-04-12 06:05,1184
2019-04-12 06:10,1170
2019-04-12 06:15,1165
2019-04-12 06:20,1163
2019-04-12 06:25,1158
2019-04-12 06:30,1170
2019-04-12 06:35,1164
2019-04-12 06:40,1169
2019-04-12 06:45,1154
2019-04-12 06:50,1167
2019-04-12 06:55,1156
2019-04-12 07:00,1161
2019-04-12 07:05,1173
2019-04-12 07:10,1170
2019-04-12 07:15,1168
2019-04-12 07:20,1171
2019-04-12 07:25,1171
2019-04-12 07:30,1169
2019-04-12 07:35,1169
2019-04-12 07:40,1183
2019-04-12 07:45,1183
2019-04-12 07:50,1197
2019-04-12 07:55,1207
2019-04-12 08:00,1208
2019-04-12 08:05,1202
2019-04-12 08:10,1213
2019-04-12 08:15,1224
2019-04-12 08:20,1239
2019-04-12 08:25,1260
2019-04-12 08:30,1260
2019-04-12 08:35,1248
2019-04-12 08:40,1265
2019-04-12 08:45,1261
2019-04-12 08:50,1289
2019-04-12 08:55,1287
2019-04-12 09:00,1300
2019-04-12 09:05,1325
2019-04-12 09:10,1329
2019-04-12 09:15,1339
2019-04-12 09:20,1346
2019-04-12 09:25,1371
2019-04-12 09:30,1391
2019-04-12 09:35,1386
2019-04-12 09:40,1373
2019-04-12 09:45,1386
2019-04-12 09:50,1388
2019-04-12 09:55,1399
2019-04-12 10:00,1417
2019-04-12 10:05,1450
2019-04-12 10:10,1465
2019-04-12 10:15,1477
2019-04-12 10:20,1493
2019-04-12 10:25,1511
2019-04-12 10:30,1528
2019-04-12 10:35,1558
2019-04-12 10:40,1545
2019-04-12 10:45,1538
2019-04-12 10:50,1538
2019-04-12 10:55,1534
2019-04-12 11:00,1541
2019-04-12 11:05,1549
2019-04-12 11:10,1539
2019-04-12 11:15,1543
2019-04-12 11:20,1531
2019-04-12 11:25,1542
2019-04-12 11:30,1563
2019-04-12 11:35,1563
2019-04-12 11:40,1588
2019-04-12 11:45,1595
2019-04-12 11:50,1608
2019-04-12 11:55,1629
2019-04-12 12:00,1664
2019-04-12 12:05,1678
2019-04-12 12:10,1689
2019-04-12 12:15,1700
2019-04-12 12:20,1724
2019-04-12 12:25,1753
2019-04-12 12:30,1785
2019-04-12 12:35,1776
2019-04-12 12:40,1809
2019-04-12 12:45,1814
2019-04-12 12:50,1815
2019-04-12 12:55,1848
2019-04-12 13:00,1864
2019-04-12 13:05,1877
2019-04-12 13:10,1906
2019-04-12 13:15,1916
2019-04-12 13:20,1920
2019-04-12 13:25,1925
2019-04-12 13:30,1910
2019-04-12 13:35,1902
2019-04-12 13:40,1914
2019-04-12 13:45,1930
2019-04-12 13:50,1984
2019-04-12 13:55,2012
2019-04-12 14:00,2026
2019-04-12 14:05,2053
2019-04-12 14:10,2058
2019-04-12 14:15,2072
2019-04-12 14:20,2060
2019-04-12 14:25,2080
2019-04-12 14:30,2108
2019-04-12 14:35,2118
2019-04-12 14:40,2137
2019-04-12 14:45,2164
2019-04-12 14:50,2179
2019-04-12 14:55,2190
2019-04-12 15:00,2204
2019-04-12 15:05,2216
2019-04-12 15:10,2221
2019-04-12 15:15,2201
2019-04-12 15:20,2236
2019-04-12 15:25,2249
2019-04-12 15:30,2267
2019-04-12 15:35,2288
2019-04-12 15:40,2288
2019-04-12 15:45,2287
2019-04-12 15:50,2321
2019-04-12 15:55,2317
2019-04-12 16:00,2343
2019-04-12 16:05,2358
2019-04-12 16:10,2387
2019-04-12 16:15,2371
2019-04-12 16:20,2380
2019-04-12 16:25,2393
2019-04-12 16:30,2403
2019-04-12 16:35,2421
2019-04-12 16:40,2429
2019-04-12 16:45,2445
2019-04-12 16:50,2462
2019-04-12 16:55,2490
2019-04-12 17:00,2499
2019-04-12 17:05,2502
2019-04-12 17:10,2518
2019-04-12 17:15,2532
2019-04-12 17:20,2547
2019-04-12 17:25,2589
2019-04-12 17:30,2584
2019-04-12 17:35,2608
2019-04-12 17:40,2611
2019-04-12 17:45,2627
2019-04-12 17:50,2661
2019-04-12 17:55,2655
2019-04-12 18:00,2670
2019-04-12 18:05,2641
2019-04-12 18:10,2651
2019-04-12 18:15,2645
2019-04-12 18:20,2665
2019-04-12 18:25,2693
2019-04-12 18:30,2684
2019-04-12 18:35,2694
2019-04-12 18:40,2690
2019-04-12 18:45,2676
2019-04-12 18:50,2683
2019-04-12 18:55,2692
2019-04-12 19:00,2694
2019-04-12 19:05,2690
2019-04-12 19:10,2660
2019-04-12 19:15,2660
2019-04-12 19:20,2693
2019-04-12 19:25,2696
2019-04-12 19:30,2710
2019-04-12 19:35,2684
2019-04-12 19:40,2678
2019-04-12 19:45,2683
2019-04-12 19:50,2692
2019-04-12 19:55,2701
2019-04-12 20:00,2680
2019-04-12 20:05,2664
2019-04-12 20:10,2652
2019-04-12 20:15,2641
2019-04-12 20:20,2656
2019-04-12 20:25,2665
2019-04-12 20:30,2641
2019-04-12 20:35,2636
2019-04-12 20:40,2621
2019-04-12 20:45,2603
2019-04-12 20:50,2585
2019-04-12 20:55,2585
2019-04-12 21:00,2544
2019-04-12 21:05,2538
2019-04-12 21:10,2521
2019-04-12 21:15,2502
2019-04-12 21:20,0
2019-04-12 21:25,2501
2019-04-12 21:30,2479
2019-04-12 21:35,2461
2019-04-12 21:40,2474
2019-04-12 21:45,2466
2019-04-12 21:50,2439
2019-04-12 21:55,2419
2019-04-12 22:00,2385
2019-04-12 22:05,2377
2019-04-12 22:10,2366
2019-04-12 22:15,2377
2019-04-12 22:20,2367
2019-04-12 22:25,2329
2019-04-12 22:30,2320
2019-04-12 22:35,2293
2019-04-12 22:40,2256
2019-04-12 22:45,2232
2019-04-12 22:50,2214
2019-04-12 22:55,2198
2019-04-12 23:00,2187
2019-04-12 23:05,2167
2019-04-12 23:10,2154
2019-04-12 23:15,2149
2019-04-12 23:20,2130
2019-04-12 23:25,2110
2019-04-12 23:30,2087
2019-04-12 23:35,2053
2019-04-12 23:40,2076
2019-04-12 23:45,2076
2019-04-12 23:50,2078
2019-04-12 23:55,2067
2019-04-13 00:00,2057
2019-04-13 00:05,2059
2019-04-13 00:10,2063
2019-04-13 00:15,2041
2019-04-13 00:20,2045
2019-04-13 00:25,2039
2019-04-13 00:30,2033
2019-04-13 00:35,2020
2019-04-13 00:40,2021
2019-04-13 00:45,1996
2019-04-13 00:50,1992
2019-04-13 00:55,1969
2019-04-13 01:00,1947
2019-04-13 01:05,1950
2019-04-13 01:10,1931
2019-04-13 01:15,1933
2019-04-13 01:20,1955
2019-04-13 01:25,1958
2019-04-13 01:30,1940
2019-04-13 01:35,1931
2019-04-13 01:40,1926
2019-04-13 01:45,1938
2019-04-13 01:50,1913
2019-04-13 01:55,1893
2019-04-13 02:00,1903
2019-04-13 02:05,1897
2019-04-13 02:10,1904
2019-04-13 02:15,1896
2019-04-13 02:20,1886
2019-04-13 02:25,1888
2019-04-13 02:30,1871
2019-04-13 02:35,1850
2019-04-13 02:40,1855
2019-04-13 02:45,1843
2019-04-13 02:50,1847
2019-04-13 02:55,1831
2019-04-13 03:00,1812
2019-04-13 03:05,1803
2019-04-13 03:10,1796
2019-04-13 03:15,1784
2019-04-13 03:20,1751
2019-04-13 03:25,1742
2019-04-13 03:30,1735
2019-04-13 03:35,1731
2019-04-13 03:40,1708
2019-04-13 03:45,1700
2019-04-13 03:50,1707
2019-04-13 03:55,1690
2019-04-13 04:00,1670
2019-04-13 04:05,1652
2019-04-13 04:10,1648
2019-04-13 04:15,1648
2019-04-13 04:20,1629
2019-04-13 04:25,1614
2019-04-13 04:30,1610
2019-04-13 04:35,1606
2019-04-13 04:40,1609
2019-04-13 04:45,1600
2019-04-13 04:50,1585
2019-04-13 04:55,1572
2019-04-13 05:00,1553
2019-04-13 05:05,1536
2019-04-13 05:10,1526
2019-04-13 05:15,1520
2019-04-13 05:20,1501
2019-04-13 05:25,1500
2019-04-13 05:30,1483
2019-04-13 05:35,1487
2019-04-13 05:40,1490
2019-04-13 05:45,1475
2019-04-13 05:50,1481
2019-04-13 05:55,1458
2019-04-13 06:00,1458
2019-04-13 06:05,1449
2019-04-13 06:10,1449
2019-04-13 06:15,1449
2019-04-13 06:20,1436
2019-04-13 06:25,1448
2019-04-13 06:30,1446
2019-04-13 06:35,1438
2019-04-13 06:40,1439
2019-04-13 06:45,1457
2019-04-13 06:50,1471
2019-04-13 06:55,1485
2019-04-13 07:00,1491
2019-04-13 07:05,1481
2019-04-13 07:10,1496
2019-04-13 07:15,1494
2019-04-13 07:20,1507
2019-04-13 07:25,1520
2019-04-13 07:30,1544
2019-04-13 07:35,1560
2019-04-13 07:40,1569
2019-04-13 07:45,1594
2019-04-13 07:50,1601
2019-04-13 07:55,1616
2019-04-13 08:00,1601
2019-04-13 08:05,1627
2019-04-13 08:10,1649
2019-04-13 08:15,1652
2019-04-13 08:20,1669
2019-04-13 08:25,1681
2019-04-13 08:30,1703
2019-04-13 08:35,1687
2019-04-13 08:40,1694
2019-04-13 08:45,1724
2019-04-13 08:50,1753
2019-04-13 08:55,1768
2019-04-13 09:00,1778
2019-04-13 09:05,1777
2019-04-13 09:10,1789
2019-04-13 09:15,1792
2019-04-13 09:20,1805
2019-04-13 09:25,1844
2019-04-13 09:30,1839
2019-04-13 09:35,1860
2019-04-13 09:40,1886
2019-04-13 09:45,1899
2019-04-13 09:50,1907
2019-04-13 09:55,1918
2019-04-13 10:00,1944
2019-04-13 10:05,1984
2019-04-13 10:10,1990
2019-04-13 10:15,2003
2019-04-13 10:20,2013
2019-04-13 10:25,2049
2019-04-13 10:30,2051
2019-04-13 10:35,2057
2019-04-13 10:40,2067
2019-04-13 10:45,2075
2019-04-13 10:50,2102
2019-04-13 10:55,2130
2019-04-13 11:00,2143
2019-04-13 11:05,2149
2019-04-13 11:10,2160
2019-04-13 11:15,2191
2019-04-13 11:20,2195
2019-04-13 11:25,2211
2019-04-13 11:30,2249
2019-04-13 11:35,2273
2019-04-13 11:40,2272
2019-04-13 11:45,2290
2019-04-13 11:50,2302
2019-04-13 11:55,2338
2019-04-13 12:00,2360
2019-04-13 12:05,2357
2019-04-13 12:10,2361
2019-04-13 12:15,2386
2019-04-13 12:20,2388
2019-04-13 12:25,2393
2019-04-13 12:30,2433
2019-04-13 12:35,2455
2019-04-13 12:40,2481
2019-04-13 12:45,2515
2019-04-13 12:50,2527
2019-04-13 12:55,2525
2019-04-13 13:00,2530
2019-04-13 13:05,2533
2019-04-13 13:10,2548
2019-04-13 13:15,2566
2019-04-13 13:20,2603
2019-04-13 13:25,2594
2019-04-13 13:30,2615
2019-04-13 13:35,2628
2019-04-13 13:40,2657
2019-04-13 13:45,2652
2019-04-13 13:50,2663
2019-04-13 13:55,2682
2019-04-13 14:00,2700
2019-04-13 14:05,2720
2019-04-13 14:10,2724
2019-04-13 14:15,2731
2019-04-13 14:20,2755
2019-04-13 14:25,2759
2019-04-13 14:30,2776
2019-04-13 14:35,2783
2019-04-13 14:40,2771
2019-04-13 14:45,2805
2019-04-13 14:50,2822
2019-04-13 14:55,2831
2019-04-13 15:00,2829
2019-04-13 15:05,2847
2019-04-13 15:10,2848
2019-04-13 15:15,2870
2019-04-13 15:20,2910
2019-04-13 15:25,2906
2019-04-13 15:30,2911
2019-04-13 15:35,2908
2019-04-13 15:40,2902
2019-04-13 15:45,2885
2019-04-13 15:50,2896
2019-04-13 15:55,2888
2019-04-13 16:00,2910
2019-04-13 16:05,2938
2019-04-13 16:10,2975
2019-04-13 16:15,2971
2019-04-13 16:20,2983
2019-04-13 16:25,2967
2019-04-13 16:30,2965
2019-04-13 16:35,2962
2019-04-13 16:40,2982
2019-04-13 16:45,3016
2019-04-13 16:50,3013
2019-04-13 16:55,3030
2019-04-13 17:00,3014
2019-04-13 17:05,3026
2019-04-13 17:10,3024
2019-04-13 17:15,3039
2019-04-13 17:20,3040
2019-04-13 17:25,3062
2019-04-13 17:30,3088
2019-04-13 17:35,3112
2019-04-13 17:40,3108
2019-04-13 17:45,3103
2019-04-13 17:50,3114
2019-04-13 17:55,3102
2019-04-13 18:00,3119
2019-04-13 18:05,3117
2019-04-13 18:10,3090
2019-04-13 18:15,3075
2019-04-13 18:20,3068
2019-04-13 18:25,3049
2019-04-13 18:30,3053
2019-04-13 18:35,3060
2019-04-13 18:40,3082
2019-04-13 18:45,3101
2019-04-13 18:50,3126
2019-04-13 18:55,3096
2019-04-13 19:00,3110
2019-04-13 19:05,3118
2019-04-13 19:10,3139
2019-04-13 19:15,3127
2019-04-13 19:20,3143
2019-04-13 19:25,3153
2019-04-13 19:30,3156
2019-04-13 19:35,3132
2019-04-13 19:40,3127
2019-04-13 19:45,3124
2019-04-13 19:50,3117
2019-04-13 19:55,3097
2019-04-13 20:00,3062
2019-04-13 20:05,3053
2019-04-13 20:10,3040
2019-04-13 20:15,3036
2019-04-13 20:20,3077
2019-04-13 20:25,3071
2019-04-13 20:30,3060
2019-04-13 20:35,3083
2019-04-13 20:40,3065
2019-04-13 20:45,3050
2019-04-13 20:50,3024
2019-04-13 20:55,2983
2019-04-13 21:00,2954
2019-04-13 21:05,2925
2019-04-13 21:10,2900
2019-04-13 21:15,2878
2019-04-13 21:20,2846
2019-04-13 21:25,2846
2019-04-13 21:30,2850
2019-04-13 21:35,2808
2019-04-13 21:40,2767
2019-04-13 21:45,2748
2019-04-13 21:50,2700
2019-04-13 21:55,2670
2019-04-13 22:00,2649
2019-04-13 22:05,2607
2019-04-13 22:10,2597
2019-04-13 22:15,2575
2019-04-13 22:20,2542
2019-04-13 22:25,2547
2019-04-13 22:30,2532
2019-04-13 22:35,2514
2019-04-13 22:40,2492
2019-04-13 22:45,2467
2019-04-13 22:50,2420
2019-04-13 22:55,2395
2019-04-13 23:00,2378
2019-04-13 23:05,2363
2019-04-13 23:10,2319
2019-04-13 23:15,2309
2019-04-13 23:20,2299
2019-04-13 23:25,2297
2019-04-13 23:30,2282
2019-04-13 23:35,2265
2019-04-13 23:40,2251
2019-04-13 23:45,2232
2019-04-13 23:50,2205
2019-04-13 23:55,2196
2019-04-14 00:00,2183
2019-04-14 00:05,2160
2019-04-14 00:10,2151
2019-04-14 00:15,2153
2019-04-14 00:20,2131
2019-04-14 00:25,2117
2019-04-14 00:30,2105
2019-04-14 00:35,2110
2019-04-14 00:40,2082
2019-04-14 00:45,2069
2019-04-14 00:50,2066
2019-04-14 00:55,2057
2019-04-14 01:00,2040
2019-04-14 01:05,2055
2019-04-14 01:10,2026
2019-04-14 01:15,2030
2019-04-14 01:20,2030
2019-04-14 01:25,1999
2019-04-14 01:30,2000
2019-04-14 01:35,2002
2019-04-14 01:40,1982
2019-04-14 01:45,1973
2019-04-14 01:50,1971
2019-04-14 01:55,1955
2019-04-14 02:00,1957
2019-04-14 02:05,1966
2019-04-14 02:10,1954
2019-04-14 02:15,1934
2019-04-14 02:20,1911
2019-04-14 02:25,1898
2019-04-14 02:30,1887
2019-04-14 02:35,1865
2019-04-14 02:40,1869
2019-04-14 02:45,1885
2019-04-14 02:50,1882
2019-04-14 02:55,1881
2019-04-14 03:00,1855
2019-04-14 03:05,1874
2019-04-14 03:10,1862
2019-04-14 03:15,1865
2019-04-14 03:20,1858
2019-04-14 03:25,1850
2019-04-14 03:30,1824
2019-04-14 03:35,1814
2019-04-14 03:40,1813
2019-04-14 03:45,1809
2019-04-14 03:50,1799
2019-04-14 03:55,1799
2019-04-14 04:00,1795
2019-04-14 04:05,1801
2019-04-14 04:10,1812
2019-04-14 04:15,1789
2019-04-14 04:20,1779
2019-04-14 04:25,1766
2019-04-14 04:30,1769
2019-04-14 04:35,1780
2019-04-14 04:40,1764
2019-04-14 04:45,1730
2019-04-14 04:50,1726
2019-04-14 04:55,1715
2019-04-14 05:00,1719
2019-04-14 05:05,1723
2019-04-14 05:10,1701
2019-04-14 05:15,1689
2019-04-14 05:20,1699
2019-04-14 05:25,1671
2019-04-14 05:30,1671
2019-04-14 05:35,1667
2019-04-14 05:40,1676
2019-04-14 05:45,1673
2019-04-14 05:50,1670
2019-04-14 05:55,1656
2019-04-14 06:00,1658
2019-04-14 06:05,1641
2019-04-14 06:10,1645
2019-04-14 06:15,1644
2019-04-14 06:20,1663
2019-04-14 06:25,1684
2019-04-14 06:30,1687
2019-04-14 06:35,1684
2019-04-14 06:40,1672
2019-04-14 06:45,1671
2019-04-14 06:50,1677
2019-04-14 06:55,1674
2019-04-14 07:00,1689
2019-04-14 07:05,1689
2019-04-14 07:10,1693
2019-04-14 07:15,1704
2019-04-14 07:20,1719
2019-04-14 07:25,1716
2019-04-14 07:30,1725
2019-04-14 07:35,1729
2019-04-14 07:40,1738
2019-04-14 07:45,1753
2019-04-14 07:50,1771
2019-04-14 07:55,1780
2019-04-14 08:00,1784
2019-04-14 08:05,1789
2019-04-14 08:10,1786
2019-04-14 08:15,1801
2019-04-14 08:20,1823
2019-04-14 08:25,1821
2019-04-14 08:30,1834
2019-04-14 08:35,1878
2019-04-14 08:40,1891
2019-04-14 08:45,1913
2019-04-14 08:50,1933
2019-04-14 08:55,1943
2019-04-14 09:00,1971
2019-04-14 09:05,1979
2019-04-14 09:10,1997
2019-04-14 09:15,2034
2019-04-14 09:20,2033
2019-04-14 09:25,2054
2019-04-14 09:30,2074
2019-04-14 09:35,2075
2019-04-14 09:40,2097
2019-04-14 09:45,2127
2019-04-14 09:50,2177
2019-04-14 09:55,2191
2019-04-14 10:00,2208
2019-04-14 10:05,2249
2019-04-14 10:10,2270
2019-04-14 10:15,2283
2019-04-14 10:20,2316
2019-04-14 10:25,2313
2019-04-14 10:30,2306
2019-04-14 10:35,2316
2019-04-14 10:40,2322
2019-04-14 10:45,2323
2019-04-14 10:50,2355
2019-04-14 10:55,2390
2019-04-14 11:00,2388
2019-04-14 11:05,2394
2019-04-14 11:10,2424
2019-04-14 11:15,2443
2019-04-14 11:20,2459
2019-04-14 11:25,2473
2019-04-14 11:30,2490
2019-04-14 11:35,2508
2019-04-14 11:40,2507
2019-04-14 11:45,2526
2019-04-14 11:50,2512
2019-04-14 11:55,2504
2019-04-14 12:00,2526
2019-04-14 12:05,2542
2019-04-14 12:10,2564
2019-04-14 12:15,2595
2019-04-14 12:20,2618
2019-04-14 12:25,2622
2019-04-14 12:30,2640
2019-04-14 12:35,2667
2019-04-14 12:40,2662
2019-04-14 12:45,2656
2019-04-14 12:50,2676
2019-04-14 12:55,2686
2019-04-14 13:00,2697
2019-04-14 13:05,2668
2019-04-14 13:10,2685
2019-04-14 13:15,2699
2019-04-14 13:20,2718
2019-04-14 13:25,2739
2019-04-14 13:30,2764
2019-04-14 13:35,2779
2019-04-14 13:40,2799
2019-04-14 13:45,2841
2019-04-14 13:50,2872
2019-04-14 13:55,2882
2019-04-14 14:00,2911
2019-04-14 14:05,2923
2019-04-14 14:10,2942
2019-04-14 14:15,2979
2019-04-14 14:20,2990
2019-04-14 14:25,3003
2019-04-14 14:30,3027
2019-04-14 14:35,3036
2019-04-14 14:40,3079
2019-04-14 14:45,3106
2019-04-14 14:50,3107
2019-04-14 14:55,3143
2019-04-14 15:00,3159
2019-04-14 15:05,3194
2019-04-14 15:10,3212
2019-04-14 15:15,3221
2019-04-14 15:20,3237
2019-04-14 15:25,3269
2019-04-14 15:30,3272
2019-04-14 15:35,3298
2019-04-14 15:40,3329
2019-04-14 15:45,3312
2019-04-14 15:50,3325
2019-04-14 15:55,3311
2019-04-14 16:00,3309
2019-04-14 16:05,3314
2019-04-14 16:10,3357
2019-04-14 16:15,3372
2019-04-14 16:20,3405
2019-04-14 16:25,3412
2019-04-14 16:30,3381
2019-04-14 16:35,3366
2019-04-14 16:40,3354
2019-04-14 16:45,3352
2019-04-14 16:50,3356
2019-04-14 16:55,3364
2019-04-14 17:00,3385
2019-04-14 17:05,3363
2019-04-14 17:10,3380
2019-04-14 17:15,3403
2019-04-14 17:20,3446
2019-04-14 17:25,3470
2019-04-14 17:30,3461
2019-04-14 17:35,3470
2019-04-14 17:40,3439
2019-04-14 17:45,3452
2019-04-14 17:50,3480
2019-04-14 17:55,3471
2019-04-14 18:00,3455
2019-04-14 18:05,3452
2019-04-14 18:10,3416
2019-04-14 18:15,3422
2019-04-14 18:20,3398
2019-04-14 18:25,3402
2019-04-14 18:30,3419
2019-04-14 18:35,3432
2019-04-14 18:40,3433
2019-04-14 18:45,3428
2019-04-14 18:50,3435
2019-04-14 18:55,3407
2019-04-14 19:00,3367
2019-04-14 19:05,3384
2019-04-14 19:10,3346
2019-04-14 19:15,3330
2019-04-14 19:20,3345
2019-04-14 19:25,3346
2019-04-14 19:30,3355
2019-04-14 19:35,3372
2019-04-14 19:40,3373
2019-04-14 19:45,3356
2019-04-14 19:50,3329
2019-04-14 19:55,3323
2019-04-14 20:00,3313
2019-04-14 20:05,3305
2019-04-14 20:10,3306
2019-04-14 20:15,3270
2019-04-14 20:20,3277
2019-04-14 20:25,3257
2019-04-14 20:30,3234
2019-04-14 20:35,3210
2019-04-14 20:40,3166
2019-04-14 20:45,3175
2019-04-14 20:50,3156
2019-04-14 20:55,3120
2019-04-14 21:00,3091
2019-04-14 21:05,3029
2019-04-14 21:10,3007
2019-04-14 21:15,2994
2019-04-14 21:20,2942
2019-04-14 21:25,2944
2019-04-14 21:30,2922
2019-04-14 21:35,2856
2019-04-14 21:40,2839
2019-04-14 21:45,2809
2019-04-14 21:50,2804
2019-04-14 21:55,2758
2019-04-14 22:00,2723
2019-04-14 22:05,2669
2019-04-14 22:10,2664
2019-04-14 22:15,2663
2019-04-14 22:20,2620
2019-04-14 22:25,2590
2019-04-14 22:30,2553
2019-04-14 22:35,2533
2019-04-14 22:40,2498
2019-04-14 22:45,2484
2019-04-14 22:50,2447
2019-04-14 22:55,2416
2019-04-14 23:00,2403
2019-04-14 23:05,2382
2019-04-14 23:10,2345
2019-04-14 23:15,2320
2019-04-14 23:20,2294
2019-04-14 23:25,2281
2019-04-14 23:30,2264
2019-04-14 23:35,2256
2019-04-14 23:40,2243
2019-04-14 23:45,2231
2019-04-14 23:50,2218
2019-04-14 23:55,2206
2019-04-15 00:00,2192
2019-04-15 00:05,2177
2019-04-15 00:10,2151
2019-04-15 00:15,2145
2019-04-15 00:20,2145
2019-04-15 00:25,2155
2019-04-15 00:30,2126
2019-04-15 00:35,2102
2019-04-15 00:40,2089
2019-04-15 00:45,2079
2019-04-15 00:50,2068
2019-04-15 00:55,2042
2019-04-15 01:00,2037
2019-04-15 01:05,2010
2019-04-15 01:10,1957
2019-04-15 01:15,1936
2019-04-15 01:20,1918
2019-04-15 01:25,1920
2019-04-15 01:30,1887
2019-04-15 01:35,1865
2019-04-15 01:40,1835
2019-04-15 01:45,1838
2019-04-15 01:50,1838
2019-04-15 01:55,1831
2019-04-15 02:00,1803
2019-04-15 02:05,1763
2019-04-15 02:10,1787
2019-04-15 02:15,1778
2019-04-15 02:20,1791
2019-04-15 02:25,1763
2019-04-15 02:30,1753
2019-04-15 02:35,1730
2019-04-15 02:40,1720
2019-04-15 02:45,1703
2019-04-15 02:50,1687
2019-04-15 02:55,1675
2019-04-15 03:00,1654
2019-04-15 03:05,1658
2019-04-15 03:10,1639
2019-04-15 03:15,1632
2019-04-15 03:20,1627
2019-04-15 03:25,1611
2019-04-15 03:30,1588
2019-04-15 03:35,1556
2019-04-15 03:40,1541
2019-04-15 03:45,1538
2019-04-15 03:50,1527
2019-04-15 03:55,1513
2019-04-15 04:00,1503
2019-04-15 04:05,1482
2019-04-15 04:10,1442
2019-04-15 04:15,1433
2019-04-15 04:20,1422
2019-04-15 04:25,1408
2019-04-15 04:30,1391
2019-04-15 04:35,1371
2019-04-15 04:40,1359
2019-04-15 04:45,1358
2019-04-15 04:50,1355
2019-04-15 04:55,1333
2019-04-15 05:00,1323
2019-04-15 05:05,1293
2019-04-15 05:10,1287
2019-04-15 05:15,1276
2019-04-15 05:20,1278
2019-04-15 05:25,1286
2019-04-15 05:30,1281
2019-04-15 05:35,1262
2019-04-15 05:40,1268
2019-04-15 05:45,1256
2019-04-15 05:50,1255
2019-04-15 05:55,1256
2019-04-15 06:00,1237
2019-04-15 06:05,1222
2019-04-15 06:10,1227
2019-04-15 06:15,1241
2019-04-15 06:20,1223
2019-04-15 06:25,1229
2019-04-15 06:30,1227
2019-04-15 06:35,1226
2019-04-15 06:40,1220
2019-04-15 06:45,1218
2019-04-15 06:50,1225
2019-04-15 06:55,1226
2019-04-15 07:00,1212
2019-04-15 07:05,1204
2019-04-15 07:10,1207
2019-04-15 07:15,1207
2019-04-15 07:20,1211
2019-04-15 07:25,1215
2019-04-15 07:30,1227
2019-04-15 07:35,1236
2019-04-15 07:40,1247
2019-04-15 07:45,1249
2019-04-15 07:50,1254
2019-04-15 07:55,1254
2019-04-15 08:00,1255
2019-04-15 08:05,1260
2019-04-15 08:10,1264
2019-04-15 08:15,1279
2019-04-15 08:20,1278
2019-04-15 08:25,1286
2019-04-15 08:30,1290
2019-04-15 08:35,1308
2019-04-15 08:40,1315
2019-04-15 08:45,1327
2019-04-15 08:50,1333
2019-04-15 08:55,1330
2019-04-15 09:00,1328
2019-04-15 09:05,1321
2019-04-15 09:10,1327
2019-04-15 09:15,1343
2019-04-15 09:20,1362
2019-04-15 09:25,1363
2019-04-15 09:30,1372
2019-04-15 09:35,1382
2019-04-15 09:40,1397
2019-04-15 09:45,1395
2019-04-15 09:50,1401
2019-04-15 09:55,1431
2019-04-15 10:00,1442
2019-04-15 10:05,1469
2019-04-15 10:10,1502
2019-04-15 10:15,1509
2019-04-15 10:20,1521
2019-04-15 10:25,1550
2019-04-15 10:30,1557
2019-04-15 10:35,1559
2019-04-15 10:40,1597
2019-04-15 10:45,1626
2019-04-15 10:50,1634
2019-04-15 10:55,1646
2019-04-15 11:00,1648
2019-04-15 11:05,1658
2019-04-15 11:10,1672
2019-04-15 11:15,1687
2019-04-15 11:20,1709
2019-04-15 11:25,1710
2019-04-15 11:30,1725
2019-04-15 11:35,1743
2019-04-15 11:40,1757
2019-04-15 11:45,1762
2019-04-15 11:50,1770
2019-04-15 11:55,1774
2019-04-15 12:00,1764
2019-04-15 12:05,1776
2019-04-15 12:10,1804
2019-04-15 12:15,1805
2019-04-15 12:20,1816
2019-04-15 12:25,1847
2019-04-15 12:30,1835
2019-04-15 12:35,1840
2019-04-15 12:40,1865
2019-04-15 12:45,1869
2019-04-15 12:50,1896
2019-04-15 12:55,1891
2019-04-15 13:00,1898
2019-04-15 13:05,1900
2019-04-15 13:10,1899
2019-04-15 13:15,1886
2019-04-15 13:20,1886
2019-04-15 13:25,1884
2019-04-15 13:30,1897
2019-04-15 13:35,1893
2019-04-15 13:40,1900
2019-04-15 13:45,1915
2019-04-15 13:50,1925
2019-04-15 13:55,1971
2019-04-15 14:00,1997
2019-04-15 14:05,2013
2019-04-15 14:10,2031
2019-04-15 14:15,2025
2019-04-15 14:20,2066
2019-04-15 14:25,2076
2019-04-15 14:30,2097
2019-04-15 14:35,2120
2019-04-15 14:40,2125
2019-04-15 14:45,2135
2019-04-15 14:50,2134
2019-04-15 14:55,2142
2019-04-15 15:00,2157
2019-04-15 15:05,
2019-04-15 15:10,2206
2019-04-15 15:15,2240
2019-04-15 15:20,2246
2019-04-15 15:25,2272
2019-04-15 15:30,2272
2019-04-15 15:35,2281
2019-04-15 15:40,2294
2019-04-15 15:45,2342
2019-04-15 15:50,2356
2019-04-15 15:55,2389
2019-04-15 16:00,2404
2019-04-15 16:05,2434
2019-04-15 16:10,2449
2019-04-15 16:15,2450
2019-04-15 16:20,2486
2019-04-15 16:25,2525
2019-04-15 16:30,2529
2019-04-15 16:35,2539
2019-04-15 16:40,2545
2019-04-15 16:45,2571
2019-04-15 16:50,2563
2019-04-15 16:55,2572
2019-04-15 17:00,2571
2019-04-15 17:05,2590
2019-04-15 17:10,2604
2019-04-15 17:15,2597
2019-04-15 17:20,2610
2019-04-15 17:25,2636
2019-04-15 17:30,2677
2019-04-15 17:35,2690
2019-04-15 17:40,2712
2019-04-15 17:45,2707
2019-04-15 17:50,2733
2019-04-15 17:55,2738
2019-04-15 18:00,2742
2019-04-15 18:05,2759
2019-04-15 18:10,2741
2019-04-15 18:15,2726
2019-04-15 18:20,2726
2019-04-15 18:25,2706
2019-04-15 18:30,2722
2019-04-15 18:35,2716
2019-04-15 18:40,2693
2019-04-15 18:45,2702
2019-04-15 18:50,2719
2019-04-15 18:55,2725
2019-04-15 19:00,2747
2019-04-15 19:05,2736
2019-04-15 19:10,2732
2019-04-15 19:15,2733
2019-04-15 19:20,2754
2019-04-15 19:25,2748
2019-04-15 19:30,2743
2019-04-15 19:35,2767
2019-04-15 19:40,2753
2019-04-15 19:45,2725
2019-04-15 19:50,2693
2019-04-15 19:55,2685
2019-04-15 20:00,2651
2019-04-15 20:05,2653
2019-04-15 20:10,2622
2019-04-15 20:15,2604
2019-04-15 20:20,2588
2019-04-15 20:25,2589
2019-04-15 20:30,2538
2019-04-15 20:35,2528
2019-04-15 20:40,2514
2019-04-15 20:45,2519
2019-04-15 20:50,2511
2019-04-15 20:55,2468
2019-04-15 21:00,2448
2019-04-15 21:05,2454
2019-04-15 21:10,2425
2019-04-15 21:15,2399
2019-04-15 21:20,2366
2019-04-15 21:25,2356
2019-04-15 21:30,2339
2019-04-15 21:35,2319
2019-04-15 21:40,2306
2019-04-15 21:45,2323
2019-04-15 21:50,2311
2019-04-15 21:55,2287
2019-04-15 22:00,2258
2019-04-15 22:05,2233
2019-04-15 22:10,2202
2019-04-15 22:15,2198
2019-04-15 22:20,2177
2019-04-15 22:25,2140
2019-04-15 22:30,2133
2019-04-15 22:35,2075
2019-04-15 22:40,2049
2019-04-15 22:45,2028
2019-04-15 22:50,2018
2019-04-15 22:55,2021
2019-04-15 23:00,2006
2019-04-15 23:05,1996
2019-04-15 23:10,1984
2019-04-15 23:15,1975
2019-04-15 23:20,1975
2019-04-15 23:25,1978
2019-04-15 23:30,1984
2019-04-15 23:35,1975
2019-04-15 23:40,1958
2019-04-15 23:45,1961
2019-04-15 23:50,1947
2019-04-15 23:55,1934
2019-04-16 00:00,1945
2019-04-16 00:05,1936
2019-04-16 00:10,1944
2019-04-16 00:15,1929
2019-04-16 00:20,1906
2019-04-16 00:25,1914
2019-04-16 00:30,1949
2019-04-16 00:35,1952
2019-04-16 00:40,1962
2019-04-16 00:45,1962
2019-04-16 00:50,1971
2019-04-16 00:55,1963
2019-04-16 01:00,1939
2019-04-16 01:05,1941
2019-04-16 01:10,1913
2019-04-16 01:15,1896
2019-04-16 01:20,1883
2019-04-16 01:25,1848
2019-04-16 01:30,1837
2019-04-16 01:35,1826
2019-04-16 01:40,1829
2019-04-16 01:45,1817
2019-04-16 01:50,1815
2019-04-16 01:55,1816
2019-04-16 02:00,1807
2019-04-16 02:05,1784
2019-04-16 02:10,1756
2019-04-16 02:15,1754
2019-04-16 02:20,1742
2019-04-16 02:25,1708
2019-04-16 02:30,1709
2019-04-16 02:35,1693
2019-04-16 02:40,1669
2019-04-16 02:45,1650
2019-04-16 02:50,1641
2019-04-16 02:55,1630
2019-04-16 03:00,1621
2019-04-16 03:05,1600
2019-04-16 03:10,1576
2019-04-16 03:15,1568
2019-04-16 03:20,1554
2019-04-16 03:25,1553
2019-04-16 03:30,1533
2019-04-16 03:35,1509
2019-04-16 03:40,1508
2019-04-16 03:45,1490
2019-04-16 03:50,1470
2019-04-16 03:55,1450
2019-04-16 04:00,1424
2019-04-16 04:05,1409
2019-04-16 04:10,1385
2019-04-16 04:15,1358
2019-04-16 04:20,1341
2019-04-16 04:25,1339
2019-04-16 04:30,1309
2019-04-16 04:35,1300
2019-04-16 04:40,1286
2019-04-16 04:45,1288
2019-04-16 04:50,1280
2019-04-16 04:55,1266
2019-04-16 05:00,1266
2019-04-16 05:05,1249
2019-04-16 05:10,1231
2019-04-16 05:15,1215
2019-04-16 05:20,1203
2019-04-16 05:25,1212
2019-04-16 05:30,1210
2019-04-16 05:35,1213
2019-04-16 05:40,1199
2019-04-16 05:45,1187
2019-04-16 05:50,1159
2019-04-16 05:55,1174
2019-04-16 06:00,1165
2019-04-16 06:05,1170
2019-04-16 06:10,1156
2019-04-16 06:15,1155
2019-04-16 06:20,1148
2019-04-16 06:25,1134
2019-04-16 06:30,1148
2019-04-16 06:35,1153
2019-04-16 06:40,1170
2019-04-16 06:45,1156
2019-04-16 06:50,1171
2019-04-16 06:55,1164
2019-04-16 07:00,1183
2019-04-16 07:05,1190
2019-04-16 07:10,1199
2019-04-16 07:15,1196
2019-04-16 07:20,1197
2019-04-16 07:25,1190
2019-04-16 07:30,1196
2019-04-16 07:35,1195
2019-04-16 07:40,1199
2019-04-16 07:45,1208
2019-04-16 07:50,1204
2019-04-16 07:55,1206
2019-04-16 08:00,1207
2019-04-16 08:05,1233
2019-04-16 08:10,1262
2019-04-16 08:15,1258
2019-04-16 08:20,1263
2019-04-16 08:25,1270
2019-04-16 08:30,1261
2019-04-16 08:35,1259
2019-04-16 08:40,1265
2019-04-16 08:45,1253
2019-04-16 08:50,1268
2019-04-16 08:55,1293
2019-04-16 09:00,1306
2019-04-16 09:05,1309
2019-04-16 09:10,1342
2019-04-16 09:15,1330
2019-04-16 09:20,1341
2019-04-16 09:25,1332
2019-04-16 09:30,1329
2019-04-16 09:35,1321
2019-04-16 09:40,1330
2019-04-16 09:45,1343
2019-04-16 09:50,1343
2019-04-16 09:55,1357
2019-04-16 10:00,1375
2019-04-16 10:05,1418
2019-04-16 10:10,1444
2019-04-16 10:15,1471
2019-04-16 10:20,1486
2019-04-16 10:25,1461
2019-04-16 10:30,1481
2019-04-16 10:35,1465
2019-04-16 10:40,1468
2019-04-16 10:45,1495
2019-04-16 10:50,1503
2019-04-16 10:55,1517
2019-04-16 11:00,1544
2019-04-16 11:05,1526
2019-04-16 11:10,1552
2019-04-16 11:15,1555
2019-04-16 11:20,1554
2019-04-16 11:25,1579
2019-04-16 11:30,1602
2019-04-16 11:35,1587
2019-04-16 11:40,1589
2019-04-16 11:45,1621
2019-04-16 11:50,1635
2019-04-16 11:55,1644
2019-04-16 12:00,1652
2019-04-16 12:05,1649
2019-04-16 12:10,1640
2019-04-16 12:15,1657
2019-04-16 12:20,1654
2019-04-16 12:25,1668
2019-04-16 12:30,1669
2019-04-16 12:35,1689
2019-04-16 12:40,1709
2019-04-16 12:45,1711
2019-04-16 12:50,1725
2019-04-16 12:55,1747
2019-04-16 13:00,1761
2019-04-16 13:05,1762
2019-04-16 13:10,1781
2019-04-16 13:15,1800
2019-04-16 13:20,1818
2019-04-16 13:25,1826
2019-04-16 13:30,1824
2019-04-16 13:35,1835
2019-04-16 13:40,1849
2019-04-16 13:45,1856
2019-04-16 13:50,1867
2019-04-16 13:55,1879
2019-04-16 14:00,1900
2019-04-16 14:05,1892
2019-04-16 14:10,1916
2019-04-16 14:15,1933
2019-04-16 14:20,1939
2019-04-16 14:25,1957
2019-04-16 14:30,1984
2019-04-16 14:35,1996
2019-04-16 14:40,2013
2019-04-16 14:45,2027
2019-04-16 14:50,2033
2019-04-16 14:55,2040
2019-04-16 15:00,2031
2019-04-16 15:05,2051
2019-04-16 15:10,2062
2019-04-16 15:15,2080
2019-04-16 15:20,2110
2019-04-16 15:25,2135
2019-04-16 15:30,2169
2019-04-16 15:35,2172
2019-04-16 15:40,2204
2019-04-16 15:45,2218
2019-04-16 15:50,2248
2019-04-16 15:55,2271
2019-04-16 16:00,2283
2019-04-16 16:05,2310
2019-04-16 16:10,2318
2019-04-16 16:15,2322
2019-04-16 16:20,2344
2019-04-16 16:25,2359
2019-04-16 16:30,2401
2019-04-16 16:35,2429
2019-04-16 16:40,2427
2019-04-16 16:45,2422
2019-04-16 16:50,2419
2019-04-16 16:55,2431
2019-04-16 17:00,2454
2019-04-16 17:05,2454
2019-04-16 17:10,2466
2019-04-16 17:15,2460
2019-04-16 17:20,2478
2019-04-16 17:25,2496
2019-04-16 17:30,2494
2019-04-16 17:35,2493
2019-04-16 17:40,2511
2019-04-16 17:45,2510
2019-04-16 17:50,2536
2019-04-16 17:55,2549
2019-04-16 18:00,2008
2019-04-16 18:05,1811
2019-04-16 18:10,2480
2019-04-16 18:15,2592
2019-04-16 18:20,2624
2019-04-16 18:25,2629
2019-04-16 18:30,2636
2019-04-16 18:35,2649
2019-04-16 18:40,2642
2019-04-16 18:45,2632
2019-04-16 18:50,2636
2019-04-16 18:55,2662
2019-04-16 19:00,2632
2019-04-16 19:05,2605
2019-04-16 19:10,2580
2019-04-16 19:15,2567
2019-04-16 19:20,2553
2019-04-16 19:25,2558
2019-04-16 19:30,2550
2019-04-16 19:35,2559
2019-04-16 19:40,2545
2019-04-16 19:45,2533
2019-04-16 19:50,2531
2019-04-16 19:55,2525
2019-04-16 20:00,2516
2019-04-16 20:05,2499
2019-04-16 20:10,2492
2019-04-16 20:15,2475
2019-04-16 20:20,2471
2019-04-16 20:25,2454
2019-04-16 20:30,2449
2019-04-16 20:35,2442
2019-04-16 20:40,2412
2019-04-16 20:45,2415
2019-04-16 20:50,2375
2019-04-16 20:55,2363
2019-04-16 21:00,2334
2019-04-16 21:05,2338
2019-04-16 21:10,2347
2019-04-16 21:15,2323
2019-04-16 21:20,2299
2019-04-16 21:25,2279
2019-04-16 21:30,2236
2019-04-16 21:35,2205
2019-04-16 21:40,2197
2019-04-16 21:45,
2019-04-16 21:50,
2019-04-16 21:55,341
2019-04-16 22:00,1928
2019-04-16 22:05,2101
2019-04-16 22:10,2088
2019-04-16 22:15,2088
2019-04-16 22:20,2056
2019-04-16 22:25,2044
2019-04-16 22:30,2032
2019-04-16 22:35,1988
2019-04-16 22:40,1978
2019-04-16 22:45,1972
2019-04-16 22:50,1962
2019-04-16 22:55,1954
2019-04-16 23:00,1931
2019-04-16 23:05,1909
2019-04-16 23:10,1869
2019-04-16 23:15,1853
2019-04-16 23:20,1872
2019-04-16 23:25,1851
2019-04-16 23:30,1851
2019-04-16 23:35,1840
2019-04-16 23:40,1833
2019-04-16 23:45,1843
2019-04-16 23:50,1855
2019-04-16 23:55,1837
2019-04-17 00:00,1821
2019-04-17 00:05,1826
2019-04-17 00:10,1816
2019-04-17 00:15,1823
2019-04-17 00:20,1825
2019-04-17 00:25,1818
2019-04-17 00:30,0
2019-04-17 00:35,1837
2019-04-17 00:40,1841
2019-04-17 00:45,1841
2019-04-17 00:50,1841
2019-04-17 00:55,1808
2019-04-17 01:00,1809
2019-04-17 01:05,0
2019-04-17 01:10,1798
2019-04-17 01:15,1784
2019-04-17 01:20,1771
2019-04-17 01:25,1781
2019-04-17 01:30,1760
2019-04-17 01:35,1743
2019-04-17 01:40,1709
2019-04-17 01:45,1705
2019-04-17 01:50,1708
2019-04-17 01:55,1712
2019-04-17 02:00,1693
2019-04-17 02:05,1675
2019-04-17 02:10,1669
2019-04-17 02:15,1642
2019-04-17 02:20,1619
2019-04-17 02:25,1635
2019-04-17 02:30,1637
2019-04-17 02:35,1630
2019-04-17 02:40,1602
2019-04-17 02:45,1597
2019-04-17 02:50,1566
2019-04-17 02:55,1559
2019-04-17 03:00,1545
2019-04-17 03:05,1529
2019-04-17 03:10,1511
2019-04-17 03:15,1495
2019-04-17 03:20,1470
2019-04-17 03:25,1459
2019-04-17 03:30,1421
2019-04-17 03:35,1405
2019-04-17 03:40,1392
2019-04-17 03:45,1394
2019-04-17 03:50,1389
2019-04-17 03:55,1371
2019-04-17 04:00,1350
2019-04-17 04:05,1342
2019-04-17 04:10,1331
2019-04-17 04:15,1333
2019-04-17 04:20,1334
2019-04-17 04:25,1328
2019-04-17 04:30,1322
2019-04-17 04:35,1317
2019-04-17 04:40,1303
2019-04-17 04:45,1292
2019-04-17 04:50,1284
2019-04-17 04:55,1277
2019-04-17 05:00,1267
2019-04-17 05:05,1265
2019-04-17 05:10,1276
2019-04-17 05:15,1261
2019-04-17 05:20,1259
2019-04-17 05:25,1255
2019-04-17 05:30,1252
2019-04-17 05:35,1237
2019-04-17 05:40,1208
2019-04-17 05:45,1202
2019-04-17 05:50,1198
2019-04-17 05:55,1175
2019-04-17 06:00,1174
2019-04-17 06:05,1159
2019-04-17 06:10,1169
2019-04-17 06:15,1164
2019-04-17 06:20,1182
2019-04-17 06:25,1173
2019-04-17 06:30,1186
2019-04-17 06:35,1179
2019-04-17 06:40,1183
2019-04-17 06:45,1157
2019-04-17 06:50,1157
2019-04-17 06:55,1163
2019-04-17 07:00,1167
2019-04-17 07:05,1154
2019-04-17 07:10,1160
2019-04-17 07:15,1155
2019-04-17 07:20,1156
2019-04-17 07:25,1150
2019-04-17 07:30,1155
2019-04-17 07:35,1153
2019-04-17 07:40,1155
2019-04-17 07:45,1182
2019-04-17 07:50,1173
2019-04-17 07:55,1180
2019-04-17 08:00,1185
2019-04-17 08:05,1193
2019-04-17 08:10,1209
2019-04-17 08:15,1202
2019-04-17 08:20,1209
2019-04-17 08:25,1227
2019-04-17 08:30,1238
2019-04-17 08:35,1236
2019-04-17 08:40,1250
2019-04-17 08:45,1248
2019-04-17 08:50,1257
2019-04-17 08:55,1291
2019-04-17 09:00,1291
2019-04-17 09:05,1263
2019-04-17 09:10,1267
2019-04-17 09:15,1273
2019-04-17 09:20,1281
2019-04-17 09:25,1299
2019-04-17 09:30,1308
2019-04-17 09:35,1307
2019-04-17 09:40,1307
2019-04-17 09:45,1316
2019-04-17 09:50,1344
2019-04-17 09:55,1357
2019-04-17 10:00,1372
2019-04-17 10:05,1398
2019-04-17 10:10,1391
2019-04-17 10:15,1407
2019-04-17 10:20,1435
2019-04-17 10:25,1463
2019-04-17 10:30,1466
2019-04-17 10:35,1473
2019-04-17 10:40,1489
2019-04-17 10:45,1504
2019-04-17 10:50,1495
2019-04-17 10:55,1505
2019-04-17 11:00,1511
2019-04-17 11:05,1531
2019-04-17 11:10,1540
2019-04-17 11:15,1543
2019-04-17 11:20,1567
2019-04-17 11:25,1597
2019-04-17 11:30,1613
2019-04-17 11:35,1617
2019-04-17 11:40,1646
2019-04-17 11:45,1649
2019-04-17 11:50,1656
2019-04-17 11:55,1657
2019-04-17 12:00,1684
2019-04-17 12:05,1674
2019-04-17 12:10,1669
2019-04-17 12:15,1670
2019-04-17 12:20,1687
2019-04-17 12:25,1673
2019-04-17 12:30,1706
2019-04-17 12:35,1734
2019-04-17 12:40,1746
2019-04-17 12:45,1749
2019-04-17 12:50,1764
2019-04-17 12:55,1771
2019-04-17 13:00,1786
2019-04-17 13:05,1794
2019-04-17 13:10,1776
2019-04-17 13:15,1783
2019-04-17 13:20,1785
2019-04-17 13:25,1790
2019-04-17 13:30,1817
2019-04-17 13:35,1834
2019-04-17 13:40,1837
2019-04-17 13:45,1872
2019-04-17 13:50,1866
2019-04-17 13:55,1882
2019-04-17 14:00,1922
2019-04-17 14:05,1921
2019-04-17 14:10,1922
2019-04-17 14:15,1918
2019-04-17 14:20,1937
2019-04-17 14:25,1944
2019-04-17 14:30,1972
2019-04-17 14:35,1989
2019-04-17 14:40,1987
2019-04-17 14:45,2011
2019-04-17 14:50,2044
2019-04-17 14:55,2043
2019-04-17 15:00,2069
2019-04-17 15:05,2076
2019-04-17 15:10,2082
2019-04-17 15:15,2103
2019-04-17 15:20,2104
2019-04-17 15:25,2132
2019-04-17 15:30,2118
2019-04-17 15:35,2160
2019-04-17 15:40,2176
2019-04-17 15:45,2191
2019-04-17 15:50,2214
2019-04-17 15:55,2240
2019-04-17 16:00,2242
2019-04-17 16:05,2270
2019-04-17 16:10,2280
2019-04-17 16:15,2292
2019-04-17 16:20,2335
2019-04-17 16:25,2337
2019-04-17 16:30,2362
2019-04-17 16:35,2360
2019-04-17 16:40,2366
2019-04-17 16:45,2381
2019-04-17 16:50,2398
2019-04-17 16:55,2406
2019-04-17 17:00,2383
2019-04-17 17:05,2401
2019-04-17 17:10,2422
2019-04-17 17:15,2423
2019-04-17 17:20,2419
2019-04-17 17:25,2436
2019-04-17 17:30,2464
2019-04-17 17:35,2472
2019-04-17 17:40,2476
2019-04-17 17:45,2491
2019-04-17 17:50,2505
2019-04-17 17:55,2516
2019-04-17 18:00,2511
2019-04-17 18:05,2501
2019-04-17 18:10,2498
2019-04-17 18:15,2485
2019-04-17 18:20,2495
2019-04-17 18:25,2536
2019-04-17 18:30,2543
2019-04-17 18:35,2546
2019-04-17 18:40,2548
2019-04-17 18:45,2543
2019-04-17 18:50,2540
2019-04-17 18:55,2530
2019-04-17 19:00,2499
2019-04-17 19:05,2515
2019-04-17 19:10,2527
2019-04-17 19:15,2512
2019-04-17 19:20,2509
2019-04-17 19:25,2506
2019-04-17 19:30,2498
2019-04-17 19:35,2534
2019-04-17 19:40,2532
2019-04-17 19:45,2536
2019-04-17 19:50,2530
2019-04-17 19:55,2516
2019-04-17 20:00,2477
2019-04-17 20:05,2457
2019-04-17 20:10,2455
2019-04-17 20:15,2430
2019-04-17 20:20,2416
2019-04-17 20:25,2396
2019-04-17 20:30,2382
2019-04-17 20:35,2374
2019-04-17 20:40,2362
2019-04-17 20:45,2329
2019-04-17 20:50,2312
2019-04-17 20:55,2278
2019-04-17 21:00,2268
2019-04-17 21:05,2261
2019-04-17 21:10,2216
2019-04-17 21:15,2228
2019-04-17 21:20,2225
2019-04-17 21:25,2169
2019-04-17 21:30,2153
2019-04-17 21:35,2146
2019-04-17 21:40,2141
2019-04-17 21:45,2147
2019-04-17 21:50,2137
2019-04-17 21:55,2119
2019-04-17 22:00,2118
2019-04-17 22:05,2104
2019-04-17 22:10,2080
2019-04-17 22:15,2057
2019-04-17 22:20,2057
2019-04-17 22:25,2030
2019-04-17 22:30,2015
2019-04-17 22:35,2007
2019-04-17 22:40,1984
2019-04-17 22:45,1991
2019-04-17 22:50,1970
2019-04-17 22:55,1961
2019-04-17 23:00,1960
2019-04-17 23:05,1944
2019-04-17 23:10,1914
2019-04-17 23:15,1898
2019-04-17 23:20,1888
2019-04-17 23:25,1876
2019-04-17 23:30,1869
2019-04-17 23:35,1876
2019-04-17 23:40,1867
2019-04-17 23:45,1865
2019-04-17 23:50,1855
2019-04-17 23:55,1840
2019-04-18 00:00,1814
2019-04-18 00:05,1787
2019-04-18 00:10,1802
2019-04-18 00:15,1805
2019-04-18 00:20,1813
2019-04-18 00:25,1807
2019-04-18 00:30,1792
2019-04-18 00:35,1794
2019-04-18 00:40,1778
2019-04-18 00:45,1711
2019-04-18 00:50,1748
2019-04-18 00:55,1752
2019-04-18 01:00,1750
2019-04-18 01:05,1727
2019-04-18 01:10,1710
2019-04-18 01:15,1676
2019-04-18 01:20,1683
2019-04-18 01:25,1678
2019-04-18 01:30,1654
2019-04-18 01:35,1642
2019-04-18 01:40,1677
2019-04-18 01:45,1657
2019-04-18 01:50,1659
2019-04-18 01:55,1645
2019-04-18 02:00,1644
2019-04-18 02:05,1636
2019-04-18 02:10,1619
2019-04-18 02:15,1618
2019-04-18 02:20,1602
2019-04-18 02:25,1590
2019-04-18 02:30,1596
2019-04-18 02:35,1578
2019-04-18 02:40,1563
2019-04-18 02:45,1563
2019-04-18 02:50,1569
2019-04-18 02:55,1573
2019-04-18 03:00,1543
2019-04-18 03:05,1527
2019-04-18 03:10,1512
2019-04-18 03:15,1492
2019-04-18 03:20,1475
2019-04-18 03:25,1463
2019-04-18 03:30,1443
2019-04-18 03:35,1422
2019-04-18 03:40,1407
2019-04-18 03:45,1398
2019-04-18 03:50,1376
2019-04-18 03:55,1370
2019-04-18 04:00,1374
2019-04-18 04:05,1343
2019-04-18 04:10,1325
2019-04-18 04:15,1310
2019-04-18 04:20,1315
2019-04-18 04:25,1291
2019-04-18 04:30,1312
2019-04-18 04:35,1319
2019-04-18 04:40,1305
2019-04-18 04:45,1304
2019-04-18 04:50,1308
2019-04-18 04:55,1310
2019-04-18 05:00,1297
2019-04-18 05:05,1287
2019-04-18 05:10,1259
2019-04-18 05:15,1255
2019-04-18 05:20,1245
2019-04-18 05:25,1239
2019-04-18 05:30,1226
2019-04-18 05:35,1221
2019-04-18 05:40,1214
2019-04-18 05:45,1226
2019-04-18 05:50,1207
2019-04-18 05:55,1187
2019-04-18 06:00,1193
2019-04-18 06:05,1201
2019-04-18 06:10,1190
2019-04-18 06:15,1180
2019-04-18 06:20,1176
2019-04-18 06:25,1165
2019-04-18 06:30,1163
2019-04-18 06:35,1162
2019-04-18 06:40,1165
2019-04-18 06:45,1159
2019-04-18 06:50,1160
2019-04-18 06:55,1148
2019-04-18 07:00,1137
2019-04-18 07:05,1146
2019-04-18 07:10,1148
2019-04-18 07:15,1150
2019-04-18 07:20,1142
2019-04-18 07:25,1158
2019-04-18 07:30,1154
2019-04-18 07:35,1165
2019-04-18 07:40,1166
2019-04-18 07:45,1184
2019-04-18 07:50,1183
2019-04-18 07:55,1178
2019-04-18 08:00,1184
2019-04-18 08:05,1177
2019-04-18 08:10,1193
2019-04-18 08:15,1204
2019-04-18 08:20,1202
2019-04-18 08:25,1223
2019-04-18 08:30,1242
2019-04-18 08:35,1245
2019-04-18 08:40,1244
2019-04-18 08:45,1254
2019-04-18 08:50,1271
2019-04-18 08:55,1284
2019-04-18 09:00,1317
2019-04-18 09:05,1302
2019-04-18 09:10,1310
2019-04-18 09:15,1310
2019-04-18 09:20,1325
2019-04-18 09:25,1330
2019-04-18 09:30,1337
2019-04-18 09:35,1356
2019-04-18 09:40,1343
2019-04-18 09:45,1350
2019-04-18 09:50,1367
2019-04-18 09:55,1376
2019-04-18 10:00,1382
2019-04-18 10:05,1406
2019-04-18 10:10,1437
2019-04-18 10:15,1444
2019-04-18 10:20,1462
2019-04-18 10:25,1485
2019-04-18 10:30,1471
2019-04-18 10:35,1488
2019-04-18 10:40,1481
2019-04-18 10:45,1489
2019-04-18 10:50,1478
2019-04-18 10:55,1488
2019-04-18 11:00,1486
2019-04-18 11:05,1494
2019-04-18 11:10,1494
2019-04-18 11:15,1517
2019-04-18 11:20,1539
2019-04-18 11:25,1564
2019-04-18 11:30,1584
2019-04-18 11:35,1610
2019-04-18 11:40,1624
2019-04-18 11:45,1609
2019-04-18 11:50,1606
2019-04-18 11:55,1625
2019-04-18 12:00,1625
2019-04-18 12:05,1619
2019-04-18 12:10,1655
2019-04-18 12:15,1689
2019-04-18 12:20,1699
2019-04-18 12:25,1715
2019-04-18 12:30,1727
2019-04-18 12:35,1698
2019-04-18 12:40,1710
2019-04-18 12:45,1706
2019-04-18 12:50,1723
2019-04-18 12:55,1733
2019-04-18 13:00,1727
2019-04-18 13:05,1737
2019-04-18 13:10,1757
2019-04-18 13:15,1762
2019-04-18 13:20,1772
2019-04-18 13:25,1781
2019-04-18 13:30,1803
2019-04-18 13:35,1799
2019-04-18 13:40,1793
2019-04-18 13:45,1774
2019-04-18 13:50,1755
2019-04-18 13:55,1677
2019-04-18 14:00,1539
2019-04-18 14:05,1041
2019-04-18 14:10,1004
2019-04-18 14:15,1010
2019-04-18 14:20,1015
2019-04-18 14:25,992
2019-04-18 14:30,1004
2019-04-18 14:35,976
2019-04-18 14:40,994
2019-04-18 14:45,1001
2019-04-18 14:50,1004
2019-04-18 14:55,1024
2019-04-18 15:00,1101
2019-04-18 15:05,1185
2019-04-18 15:10,1276
2019-04-18 15:15,1353
2019-04-18 15:20,1432
2019-04-18 15:25,1492
2019-04-18 15:30,1558
2019-04-18 15:35,1636
2019-04-18 15:40,1708
2019-04-18 15:45,1799
2019-04-18 15:50,1872
2019-04-18 15:55,1930
2019-04-18 16:00,1981
2019-04-18 16:05,2024
2019-04-18 16:10,2074
2019-04-18 16:15,2140
2019-04-18 16:20,2173
2019-04-18 16:25,2217
2019-04-18 16:30,2253
2019-04-18 16:35,2284
2019-04-18 16:40,2309
2019-04-18 16:45,2355
2019-04-18 16:50,2362
2019-04-18 16:55,2391
2019-04-18 17:00,2399
2019-04-18 17:05,2400
2019-04-18 17:10,2433
2019-04-18 17:15,2462
2019-04-18 17:20,2479
2019-04-18 17:25,2496
2019-04-18 17:30,2502
2019-04-18 17:35,2509
2019-04-18 17:40,2542
2019-04-18 17:45,2541
2019-04-18 17:50,2569
2019-04-18 17:55,2579
2019-04-18 18:00,2592
2019-04-18 18:05,2598
2019-04-18 18:10,2615
2019-04-18 18:15,2627
2019-04-18 18:20,2631
2019-04-18 18:25,2626
2019-04-18 18:30,2641
2019-04-18 18:35,2653
2019-04-18 18:40,2648
2019-04-18 18:45,2666
2019-04-18 18:50,2676
2019-04-18 18:55,2668
2019-04-18 19:00,2659
2019-04-18 19:05,2628
2019-04-18 19:10,2642
2019-04-18 19:15,2611
2019-04-18 19:20,2604
2019-04-18 19:25,2618
2019-04-18 19:30,2605
2019-04-18 19:35,2595
2019-04-18 19:40,2601
2019-04-18 19:45,2580
2019-04-18 19:50,2566
2019-04-18 19:55,2568
2019-04-18 20:00,2564
2019-04-18 20:05,2571
2019-04-18 20:10,2566
2019-04-18 20:15,2528
2019-04-18 20:20,2498
2019-04-18 20:25,2485
2019-04-18 20:30,2482
2019-04-18 20:35,2504
2019-04-18 20:40,2481
2019-04-18 20:45,2486
2019-04-18 20:50,2500
2019-04-18 20:55,2504
2019-04-18 21:00,2471
2019-04-18 21:05,2426
2019-04-18 21:10,2414
2019-04-18 21:15,2393
2019-04-18 21:20,2365
2019-04-18 21:25,2374
2019-04-18 21:30,2354
2019-04-18 21:35,2318
2019-04-18 21:40,2293
2019-04-18 21:45,2288
2019-04-18 21:50,2292
2019-04-18 21:55,2281
2019-04-18 22:00,2263
2019-04-18 22:05,2229
2019-04-18 22:10,2215
2019-04-18 22:15,2187
2019-04-18 22:20,2157
2019-04-18 22:25,2149
2019-04-18 22:30,2124
2019-04-18 22:35,2096
2019-04-18 22:40,2082
2019-04-18 22:45,2051
2019-04-18 22:50,2045
2019-04-18 22:55,2044
2019-04-18 23:00,1994
2019-04-18 23:05,2003
2019-04-18 23:10,1988
2019-04-18 23:15,2010
2019-04-18 23:20,1996
2019-04-18 23:25,1980
2019-04-18 23:30,1973
2019-04-18 23:35,1951
2019-04-18 23:40,1946
2019-04-18 23:45,1955
2019-04-18 23:50,1952
2019-04-18 23:55,1947
2019-04-19 00:00,1936
2019-04-19 00:05,1921
2019-04-19 00:10,1900
2019-04-19 00:15,1885
2019-04-19 00:20,1881
2019-04-19 00:25,1870
2019-04-19 00:30,1877
2019-04-19 00:35,1885
2019-04-19 00:40,1867
2019-04-19 00:45,1863
2019-04-19 00:50,1846
2019-04-19 00:55,1832
2019-04-19 01:00,1815
2019-04-19 01:05,1796
2019-04-19 01:10,1813
2019-04-19 01:15,1808
2019-04-19 01:20,1806
2019-04-19 01:25,1820
2019-04-19 01:30,1841
2019-04-19 01:35,1839
2019-04-19 01:40,1821
2019-04-19 01:45,1801
2019-04-19 01:50,1777
2019-04-19 01:55,1760
2019-04-19 02:00,1759
2019-04-19 02:05,1755
2019-04-19 02:10,1751
2019-04-19 02:15,1754
2019-04-19 02:20,1748
2019-04-19 02:25,1754
2019-04-19 02:30,1742
2019-04-19 02:35,1730
2019-04-19 02:40,1723
2019-04-19 02:45,1696
2019-04-19 02:50,1685
2019-04-19 02:55,1680
2019-04-19 03:00,1660
2019-04-19 03:05,1651
2019-04-19 03:10,1634
2019-04-19 03:15,1633
2019-04-19 03:20,1631
2019-04-19 03:25,1624
2019-04-19 03:30,1609
2019-04-19 03:35,1600
2019-04-19 03:40,1595
2019-04-19 03:45,1578
2019-04-19 03:50,1570
2019-04-19 03:55,1557
2019-04-19 04:00,1533
2019-04-19 04:05,1537
2019-04-19 04:10,1533
2019-04-19 04:15,1527
2019-04-19 04:20,1502
2019-04-19 04:25,1491
2019-04-19 04:30,1458
2019-04-19 04:35,1463
2019-04-19 04:40,1466
2019-04-19 04:45,1453
2019-04-19 04:50,1429
2019-04-19 04:55,1403
2019-04-19 05:00,1394
2019-04-19 05:05,1379
2019-04-19 05:10,1376
2019-04-19 05:15,1378
2019-04-19 05:20,1346
2019-04-19 05:25,1341
2019-04-19 05:30,1348
2019-04-19 05:35,1345
2019-04-19 05:40,1342
2019-04-19 05:45,1349
2019-04-19 05:50,1345
2019-04-19 05:55,1346
2019-04-19 06:00,1341
2019-04-19 06:05,1337
2019-04-19 06:10,1364
2019-04-19 06:15,1339
2019-04-19 06:20,1340
2019-04-19 06:25,1339
2019-04-19 06:30,1341
2019-04-19 06:35,1330
2019-04-19 06:40,1341
2019-04-19 06:45,1354
2019-04-19 06:50,1347
2019-04-19 06:55,1352
2019-04-19 07:00,1346
2019-04-19 07:05,1349
2019-04-19 07:10,1364
2019-04-19 07:15,1371
2019-04-19 07:20,1372
2019-04-19 07:25,1376
2019-04-19 07:30,1380
2019-04-19 07:35,1385
2019-04-19 07:40,1397
2019-04-19 07:45,1409
2019-04-19 07:50,1427
2019-04-19 07:55,1432
2019-04-19 08:00,1421
2019-04-19 08:05,1421
2019-04-19 08:10,1422
2019-04-19 08:15,1431
2019-04-19 08:20,1445
2019-04-19 08:25,1434
2019-04-19 08:30,1438
2019-04-19 08:35,1448
2019-04-19 08:40,1472
2019-04-19 08:45,1472
2019-04-19 08:50,1488
2019-04-19 08:55,1484
2019-04-19 09:00,1501
2019-04-19 09:05,1507
2019-04-19 09:10,1539
2019-04-19 09:15,1557
2019-04-19 09:20,1563
2019-04-19 09:25,1565
2019-04-19 09:30,1577
2019-04-19 09:35,1575
2019-04-19 09:40,1582
2019-04-19 09:45,1584
2019-04-19 09:50,1601
2019-04-19 09:55,1625
2019-04-19 10:00,1641
2019-04-19 10:05,1682
2019-04-19 10:10,1705
2019-04-19 10:15,1705
2019-04-19 10:20,1703
2019-04-19 10:25,1733
2019-04-19 10:30,1734
2019-04-19 10:35,1743
2019-04-19 10:40,1758
2019-04-19 10:45,1779
2019-04-19 10:50,1776
2019-04-19 10:55,1774
2019-04-19 11:00,1779
2019-04-19 11:05,1799
2019-04-19 11:10,1824
2019-04-19 11:15,1830
2019-04-19 11:20,1846
2019-04-19 11:25,1845
2019-04-19 11:30,1875
2019-04-19 11:35,1891
2019-04-19 11:40,1893
2019-04-19 11:45,1883
2019-04-19 11:50,1904
2019-04-19 11:55,1909
2019-04-19 12:00,1919
2019-04-19 12:05,1927
2019-04-19 12:10,1932
2019-04-19 12:15,1950
2019-04-19 12:20,1971
2019-04-19 12:25,1986
2019-04-19 12:30,1994
2019-04-19 12:35,2021
2019-04-19 12:40,2023
2019-04-19 12:45,2054
2019-04-19 12:50,2046
2019-04-19 12:55,2059
2019-04-19 13:00,2061
2019-04-19 13:05,2093
2019-04-19 13:10,2099
2019-04-19 13:15,2098
2019-04-19 13:20,2128
2019-04-19 13:25,2138
2019-04-19 13:30,2147
2019-04-19 13:35,2159
2019-04-19 13:40,2175
2019-04-19 13:45,2185
2019-04-19 13:50,2179
2019-04-19 13:55,2189
2019-04-19 14:00,2183
2019-04-19 14:05,2211
2019-04-19 14:10,2233
2019-04-19 14:15,2242
2019-04-19 14:20,2256
2019-04-19 14:25,2262
2019-04-19 14:30,2246
2019-04-19 14:35,2272
2019-04-19 14:40,2297
2019-04-19 14:45,2325
2019-04-19 14:50,2322
2019-04-19 14:55,2351
2019-04-19 15:00,2376
2019-04-19 15:05,2377
2019-04-19 15:10,2385
2019-04-19 15:15,2405
2019-04-19 15:20,2402
2019-04-19 15:25,2426
2019-04-19 15:30,2446
2019-04-19 15:35,2434
2019-04-19 15:40,2454
2019-04-19 15:45,2437
2019-04-19 15:50,2444
2019-04-19 15:55,2482
2019-04-19 16:00,2494
2019-04-19 16:05,2515
2019-04-19 16:10,2519
2019-04-19 16:15,2523
2019-04-19 16:20,2557
2019-04-19 16:25,2589
2019-04-19 16:30,2596
2019-04-19 16:35,2614
2019-04-19 16:40,2594
2019-04-19 16:45,2602
2019-04-19 16:50,2583
2019-04-19 16:55,2610
2019-04-19 17:00,2615
2019-04-19 17:05,2633
2019-04-19 17:10,2656
2019-04-19 17:15,2664
2019-04-19 17:20,2671
2019-04-19 17:25,2683
2019-04-19 17:30,2696
2019-04-19 17:35,2704
2019-04-19 17:40,2714
2019-04-19 17:45,2684
2019-04-19 17:50,2683
2019-04-19 17:55,2692
2019-04-19 18:00,2696
2019-04-19 18:05,2712
2019-04-19 18:10,2711
2019-04-19 18:15,2715
2019-04-19 18:20,2736
2019-04-19 18:25,2746
2019-04-19 18:30,2755
2019-04-19 18:35,2771
2019-04-19 18:40,2762
2019-04-19 18:45,2768
2019-04-19 18:50,2781
2019-04-19 18:55,2780
2019-04-19 19:00,2784
2019-04-19 19:05,2781
2019-04-19 19:10,2806
2019-04-19 19:15,2768
2019-04-19 19:20,2800
2019-04-19 19:25,2788
2019-04-19 19:30,2797
2019-04-19 19:35,2785
2019-04-19 19:40,2759
2019-04-19 19:45,2733
2019-04-19 19:50,2735
2019-04-19 19:55,2729
2019-04-19 20:00,2730
2019-04-19 20:05,2712
2019-04-19 20:10,2713
2019-04-19 20:15,2698
2019-04-19 20:20,2699
2019-04-19 20:25,2681
2019-04-19 20:30,2697
2019-04-19 20:35,2699
2019-04-19 20:40,2667
2019-04-19 20:45,2637
2019-04-19 20:50,2609
2019-04-19 20:55,2569
2019-04-19 21:00,2566
2019-04-19 21:05,2548
2019-04-19 21:10,2503
2019-04-19 21:15,2495
2019-04-19 21:20,2491
2019-04-19 21:25,2470
2019-04-19 21:30,2455
2019-04-19 21:35,2449
2019-04-19 21:40,2425
2019-04-19 21:45,2413
2019-04-19 21:50,2394
2019-04-19 21:55,2377
2019-04-19 22:00,2356
2019-04-19 22:05,2321
2019-04-19 22:10,2303
2019-04-19 22:15,2312
2019-04-19 22:20,2299
2019-04-19 22:25,2266
2019-04-19 22:30,2261
2019-04-19 22:35,2265
2019-04-19 22:40,2221
2019-04-19 22:45,2218
2019-04-19 22:50,2216
2019-04-19 22:55,2207
2019-04-19 23:00,2190
2019-04-19 23:05,2170
2019-04-19 23:10,2143
2019-04-19 23:15,2120
2019-04-19 23:20,2112
2019-04-19 23:25,2100
2019-04-19 23:30,2078
2019-04-19 23:35,2061
2019-04-19 23:40,2062
2019-04-19 23:45,2058
2019-04-19 23:50,2024
2019-04-19 23:55,2018
2019-04-20 00:00,2037
2019-04-20 00:05,2012
2019-04-20 00:10,2003
2019-04-20 00:15,1971
2019-04-20 00:20,1961
2019-04-20 00:25,1939
2019-04-20 00:30,1937
2019-04-20 00:35,1932
2019-04-20 00:40,1906
2019-04-20 00:45,1879
2019-04-20 00:50,1885
2019-04-20 00:55,1878
2019-04-20 01:00,1867
2019-04-20 01:05,1855
2019-04-20 01:10,1839
2019-04-20 01:15,1836
2019-04-20 01:20,1812
2019-04-20 01:25,1793
2019-04-20 01:30,1782
2019-04-20 01:35,1795
2019-04-20 01:40,1782
2019-04-20 01:45,1797
2019-04-20 01:50,1805
2019-04-20 01:55,1812
2019-04-20 02:00,1830
2019-04-20 02:05,1840
2019-04-20 02:10,1820
2019-04-20 02:15,1800
2019-04-20 02:20,1799
2019-04-20 02:25,1780
2019-04-20 02:30,1758
2019-04-20 02:35,1765
2019-04-20 02:40,1772
2019-04-20 02:45,1771
2019-04-20 02:50,1762
2019-04-20 02:55,1748
2019-04-20 03:00,1753
2019-04-20 03:05,1737
2019-04-20 03:10,1746
2019-04-20 03:15,1746
2019-04-20 03:20,1752
2019-04-20 03:25,1769
2019-04-20 03:30,1764
2019-04-20 03:35,1743
2019-04-20 03:40,1746
2019-04-20 03:45,1733
2019-04-20 03:50,1713
2019-04-20 03:55,1718
2019-04-20 04:00,1715
2019-04-20 04:05,1693
2019-04-20 04:10,1674
2019-04-20 04:15,1677
2019-04-20 04:20,1650
2019-04-20 04:25,1654
2019-04-20 04:30,1662
2019-04-20 04:35,1658
2019-04-20 04:40,1650
2019-04-20 04:45,1634
2019-04-20 04:50,1629
2019-04-20 04:55,1631
2019-04-20 05:00,1633
2019-04-20 05:05,1635
2019-04-20 05:10,1621
2019-04-20 05:15,1635
2019-04-20 05:20,1622
2019-04-20 05:25,1600
2019-04-20 05:30,1594
2019-04-20 05:35,1587
2019-04-20 05:40,1593
2019-04-20 05:45,1567
2019-04-20 05:50,1556
2019-04-20 05:55,1545
2019-04-20 06:00,1541
2019-04-20 06:05,1543
2019-04-20 06:10,1547
2019-04-20 06:15,1562
2019-04-20 06:20,1563
2019-04-20 06:25,
2019-04-20 06:30,
2019-04-20 06:35,0
2019-04-20 06:40,0
2019-04-20 06:45,
2019-04-20 06:50,0
2019-04-20 06:55,0
2019-04-20 07:00,
2019-04-20 07:05,
2019-04-20 07:10,
2019-04-20 07:15,0
2019-04-20 07:20,0
2019-04-20 07:25,
2019-04-20 07:30,
2019-04-20 07:35,
2019-04-20 07:40,0
2019-04-20 07:45,0
2019-04-20 07:50,
2019-04-20 07:55,0
2019-04-20 08:00,
2019-04-20 08:05,
2019-04-20 08:10,0
2019-04-20 08:15,0
2019-04-20 08:20,0
2019-04-20 08:25,0
2019-04-20 08:30,0
2019-04-20 08:35,
2019-04-20 08:40,
2019-04-20 08:45,0
2019-04-20 08:50,
2019-04-20 08:55,
2019-04-20 09:00,
2019-04-20 09:05,
2019-04-20 09:10,
2019-04-20 09:15,0
2019-04-20 09:20,0
2019-04-20 09:25,
2019-04-20 09:30,
2019-04-20 09:35,0
2019-04-20 09:40,
2019-04-20 09:45,
2019-04-20 09:50,0
2019-04-20 09:55,
2019-04-20 10:00,
2019-04-20 10:05,0
2019-04-20 10:10,0
2019-04-20 10:15,
2019-04-20 10:20,
2019-04-20 10:25,0
2019-04-20 10:30,0
2019-04-20 10:35,
2019-04-20 10:40,
2019-04-20 10:45,
2019-04-20 10:50,0
2019-04-20 10:55,
2019-04-20 11:00,
2019-04-20 11:05,0
2019-04-20 11:10,0
2019-04-20 11:15,0
2019-04-20 11:20,0
2019-04-20 11:25,0
2019-04-20 11:30,
2019-04-20 11:35,
2019-04-20 11:40,0
2019-04-20 11:45,
2019-04-20 11:50,
2019-04-20 11:55,0
2019-04-20 12:00,
2019-04-20 12:05,
2019-04-20 12:10,
2019-04-20 12:15,
2019-04-20 12:20,
2019-04-20 12:25,0
2019-04-20 12:30,0
2019-04-20 12:35,0
2019-04-20 12:40,
2019-04-20 12:45,
2019-04-20 12:50,
2019-04-20 12:55,
2019-04-20 13:00,
2019-04-20 13:05,
2019-04-20 13:10,0
2019-04-20 13:15,0
2019-04-20 13:20,
2019-04-20 13:25,
2019-04-20 13:30,0
2019-04-20 13:35,0
2019-04-20 13:40,
2019-04-20 13:45,
2019-04-20 13:50,0
2019-04-20 13:55,0
2019-04-20 14:00,
2019-04-20 14:05,
2019-04-20 14:10,0
2019-04-20 14:15,2633
2019-04-20 14:20,2639
2019-04-20 14:25,2659
2019-04-20 14:30,2669
2019-04-20 14:35,2674
2019-04-20 14:40,2691
2019-04-20 14:45,0
2019-04-20 14:50,
2019-04-20 14:55,0
2019-04-20 15:00,0
2019-04-20 15:05,0
2019-04-20 15:10,0
2019-04-20 15:15,
2019-04-20 15:20,
2019-04-20 15:25,0
2019-04-20 15:30,2803
2019-04-20 15:35,2837
2019-04-20 15:40,2840
2019-04-20 15:45,2851
2019-04-20 15:50,2874
2019-04-20 15:55,2904
2019-04-20 16:00,2888
2019-04-20 16:05,2892
2019-04-20 16:10,2893
2019-04-20 16:15,2891
2019-04-20 16:20,2880
2019-04-20 16:25,2898
2019-04-20 16:30,2920
2019-04-20 16:35,2929
2019-04-20 16:40,2931
2019-04-20 16:45,2935
2019-04-20 16:50,2942
2019-04-20 16:55,2963
2019-04-20 17:00,3003
2019-04-20 17:05,2984
2019-04-20 17:10,2968
2019-04-20 17:15,2962
2019-04-20 17:20,2999
2019-04-20 17:25,2994
2019-04-20 17:30,2966
2019-04-20 17:35,2973
2019-04-20 17:40,2997
2019-04-20 17:45,3000
2019-04-20 17:50,3024
2019-04-20 17:55,3036
2019-04-20 18:00,3048
2019-04-20 18:05,3044
2019-04-20 18:10,3025
2019-04-20 18:15,3004
2019-04-20 18:20,3009
2019-04-20 18:25,2983
2019-04-20 18:30,2994
2019-04-20 18:35,2991
2019-04-20 18:40,3008
2019-04-20 18:45,3020
2019-04-20 18:50,3038
2019-04-20 18:55,3035
2019-04-20 19:00,3030
2019-04-20 19:05,3032
2019-04-20 19:10,3024
2019-04-20 19:15,3045
2019-04-20 19:20,3057
2019-04-20 19:25,3034
2019-04-20 19:30,3035
2019-04-20 19:35,3020
2019-04-20 19:40,3028
2019-04-20 19:45,3017
2019-04-20 19:50,3009
2019-04-20 19:55,3019
2019-04-20 20:00,3039
2019-04-20 20:05,3013
2019-04-20 20:10,3016
2019-04-20 20:15,3005
2019-04-20 20:20,2992
2019-04-20 20:25,2991
2019-04-20 20:30,2985
2019-04-20 20:35,2992
2019-04-20 20:40,2964
2019-04-20 20:45,2983
2019-04-20 20:50,2962
2019-04-20 20:55,2942
2019-04-20 21:00,2924
2019-04-20 21:05,2895
2019-04-20 21:10,2879
2019-04-20 21:15,2862
2019-04-20 21:20,2848
2019-04-20 21:25,2841
2019-04-20 21:30,2823
2019-04-20 21:35,2801
2019-04-20 21:40,2782
2019-04-20 21:45,2791
2019-04-20 21:50,2757
2019-04-20 21:55,2738
2019-04-20 22:00,2718
2019-04-20 22:05,2691
2019-04-20 22:10,2659
2019-04-20 22:15,2640
2019-04-20 22:20,2641
2019-04-20 22:25,2611
2019-04-20 22:30,2565
2019-04-20 22:35,2539
2019-04-20 22:40,2547
2019-04-20 22:45,2502
2019-04-20 22:50,2466
2019-04-20 22:55,2430
2019-04-20 23:00,2409
2019-04-20 23:05,0
2019-04-20 23:10,2362
2019-04-20 23:15,2322
2019-04-20 23:20,0
2019-04-20 23:25,2300
2019-04-20 23:30,2271
2019-04-20 23:35,2239
2019-04-20 23:40,2243
2019-04-20 23:45,2217
2019-04-20 23:50,2224
2019-04-20 23:55,2226
2019-04-21 00:00,2202
2019-04-21 00:05,2200
2019-04-21 00:10,2190
2019-04-21 00:15,2199
2019-04-21 00:20,2166
2019-04-21 00:25,2160
2019-04-21 00:30,2145
2019-04-21 00:35,2130
2019-04-21 00:40,2118
2019-04-21 00:45,2110
2019-04-21 00:50,2089
2019-04-21 00:55,2057
2019-04-21 01:00,2032
2019-04-21 01:05,2042
2019-04-21 01:10,2050
2019-04-21 01:15,2024
2019-04-21 01:20,2029
2019-04-21 01:25,1999
2019-04-21 01:30,2005
2019-04-21 01:35,2000
2019-04-21 01:40,2001
2019-04-21 01:45,1978
2019-04-21 01:50,1965
2019-04-21 01:55,1964
2019-04-21 02:00,1953
2019-04-21 02:05,1928
2019-04-21 02:10,1934
2019-04-21 02:15,1934
2019-04-21 02:20,1927
2019-04-21 02:25,1910
2019-04-21 02:30,1912
2019-04-21 02:35,1889
2019-04-21 02:40,1863
2019-04-21 02:45,1860
2019-04-21 02:50,1855
2019-04-21 02:55,1856
2019-04-21 03:00,1847
2019-04-21 03:05,1819
2019-04-21 03:10,1811
2019-04-21 03:15,1817
2019-04-21 03:20,1807
2019-04-21 03:25,1788
2019-04-21 03:30,1788
2019-04-21 03:35,1801
2019-04-21 03:40,1776
2019-04-21 03:45,1756
2019-04-21 03:50,1751
2019-04-21 03:55,1761
2019-04-21 04:00,1755
2019-04-21 04:05,1739
2019-04-21 04:10,1727
2019-04-21 04:15,1708
2019-04-21 04:20,1700
2019-04-21 04:25,1703
2019-04-21 04:30,1695
2019-04-21 04:35,1692
2019-04-21 04:40,1689
2019-04-21 04:45,1668
2019-04-21 04:50,1654
2019-04-21 04:55,1648
2019-04-21 05:00,1633
2019-04-21 05:05,1639
2019-04-21 05:10,1634
2019-04-21 05:15,1648
2019-04-21 05:20,1643
2019-04-21 05:25,1656
2019-04-21 05:30,1665
2019-04-21 05:35,1673
2019-04-21 05:40,1665
2019-04-21 05:45,1656
2019-04-21 05:50,1654
2019-04-21 05:55,1643
2019-04-21 06:00,1635
2019-04-21 06:05,1621
2019-04-21 06:10,1620
2019-04-21 06:15,1631
2019-04-21 06:20,1630
2019-04-21 06:25,1653
2019-04-21 06:30,1636
2019-04-21 06:35,1640
2019-04-21 06:40,1637
2019-04-21 06:45,1628
2019-04-21 06:50,1630
2019-04-21 06:55,1625
2019-04-21 07:00,1648
2019-04-21 07:05,1655
2019-04-21 07:10,1674
2019-04-21 07:15,1680
2019-04-21 07:20,1677
2019-04-21 07:25,1683
2019-04-21 07:30,1680
2019-04-21 07:35,1679
2019-04-21 07:40,1705
2019-04-21 07:45,1715
2019-04-21 07:50,1715
2019-04-21 07:55,1690
2019-04-21 08:00,1699
2019-04-21 08:05,1722
2019-04-21 08:10,1735
2019-04-21 08:15,1740
2019-04-21 08:20,1761
2019-04-21 08:25,1767
2019-04-21 08:30,1775
2019-04-21 08:35,1800
2019-04-21 08:40,1817
2019-04-21 08:45,1817
2019-04-21 08:50,1842
2019-04-21 08:55,1876
2019-04-21 09:00,1875
2019-04-21 09:05,1866
2019-04-21 09:10,1889
2019-04-21 09:15,1899
2019-04-21 09:20,1886
2019-04-21 09:25,1903
2019-04-21 09:30,1912
2019-04-21 09:35,1923
2019-04-21 09:40,1939
2019-04-21 09:45,1947
2019-04-21 09:50,1978
2019-04-21 09:55,1985
2019-04-21 10:00,2020
2019-04-21 10:05,2041
2019-04-21 10:10,2069
2019-04-21 10:15,2090
2019-04-21 10:20,2099
2019-04-21 10:25,2138
2019-04-21 10:30,2157
2019-04-21 10:35,2178
2019-04-21 10:40,2173
2019-04-21 10:45,2207
2019-04-21 10:50,2207
2019-04-21 10:55,2196
2019-04-21 11:00,2216
2019-04-21 11:05,2224
2019-04-21 11:10,2221
2019-04-21 11:15,2244
2019-04-21 11:20,2259
2019-04-21 11:25,2271
2019-04-21 11:30,2291
2019-04-21 11:35,2312
2019-04-21 11:40,2334
2019-04-21 11:45,2336
2019-04-21 11:50,2328
2019-04-21 11:55,2345
2019-04-21 12:00,2355
2019-04-21 12:05,2355
2019-04-21 12:10,2359
2019-04-21 12:15,2359
2019-04-21 12:20,2371
2019-04-21 12:25,2376
2019-04-21 12:30,2405
2019-04-21 12:35,2401
2019-04-21 12:40,2417
2019-04-21 12:45,2427
2019-04-21 12:50,2419
2019-04-21 12:55,2436
2019-04-21 13:00,2447
2019-04-21 13:05,2468
2019-04-21 13:10,2472
2019-04-21 13:15,2466
2019-04-21 13:20,2471
2019-04-21 13:25,2483
2019-04-21 13:30,2500
2019-04-21 13:35,2517
2019-04-21 13:40,2554
2019-04-21 13:45,2577
2019-04-21 13:50,2604
2019-04-21 13:55,2618
2019-04-21 14:00,2627
2019-04-21 14:05,2629
2019-04-21 14:10,2633
2019-04-21 14:15,2621
2019-04-21 14:20,2619
2019-04-21 14:25,2634
2019-04-21 14:30,2650
2019-04-21 14:35,2677
2019-04-21 14:40,2673
2019-04-21 14:45,2692
2019-04-21 14:50,2717
2019-04-21 14:55,2704
2019-04-21 15:00,2705
2019-04-21 15:05,2723
2019-04-21 15:10,2743
2019-04-21 15:15,2771
2019-04-21 15:20,2774
2019-04-21 15:25,2780
2019-04-21 15:30,2805
2019-04-21 15:35,2808
2019-04-21 15:40,2828
2019-04-21 15:45,2838
2019-04-21 15:50,2860
2019-04-21 15:55,2892
2019-04-21 16:00,2891
2019-04-21 16:05,2914
2019-04-21 16:10,2921
2019-04-21 16:15,2933
2019-04-21 16:20,2923
2019-04-21 16:25,2982
2019-04-21 16:30,3002
2019-04-21 16:35,2996
2019-04-21 16:40,3014
2019-04-21 16:45,3037
2019-04-21 16:50,3042
2019-04-21 16:55,3050
2019-04-21 17:00,3066
2019-04-21 17:05,3067
2019-04-21 17:10,3072
2019-04-21 17:15,3103
2019-04-21 17:20,3101
2019-04-21 17:25,3083
2019-04-21 17:30,3096
2019-04-21 17:35,3099
2019-04-21 17:40,3110
2019-04-21 17:45,3098
2019-04-21 17:50,3095
2019-04-21 17:55,3095
2019-04-21 18:00,3118
2019-04-21 18:05,3126
2019-04-21 18:10,3110
2019-04-21 18:15,3108
2019-04-21 18:20,3105
2019-04-21 18:25,3084
2019-04-21 18:30,3076
2019-04-21 18:35,3085
2019-04-21 18:40,3097
2019-04-21 18:45,3126
2019-04-21 18:50,3124
2019-04-21 18:55,3135
2019-04-21 19:00,3119
2019-04-21 19:05,3127
2019-04-21 19:10,3102
2019-04-21 19:15,3099
2019-04-21 19:20,3071
2019-04-21 19:25,3074
2019-04-21 19:30,3091
2019-04-21 19:35,3100
2019-04-21 19:40,3053
2019-04-21 19:45,3048
2019-04-21 19:50,3041
2019-04-21 19:55,3026
2019-04-21 20:00,3039
2019-04-21 20:05,3011
2019-04-21 20:10,3027
2019-04-21 20:15,3028
2019-04-21 20:20,2987
2019-04-21 20:25,2952
2019-04-21 20:30,2972
2019-04-21 20:35,2941
2019-04-21 20:40,2939
2019-04-21 20:45,2909
2019-04-21 20:50,2899
2019-04-21 20:55,2877
2019-04-21 21:00,2847
2019-04-21 21:05,2844
2019-04-21 21:10,2813
2019-04-21 21:15,2785
2019-04-21 21:20,2771
2019-04-21 21:25,2752
2019-04-21 21:30,2728
2019-04-21 21:35,2671
2019-04-21 21:40,2642
2019-04-21 21:45,2632
2019-04-21 21:50,2626
2019-04-21 21:55,2598
2019-04-21 22:00,2590
2019-04-21 22:05,2566
2019-04-21 22:10,2551
2019-04-21 22:15,2510
2019-04-21 22:20,2488
2019-04-21 22:25,2486
2019-04-21 22:30,2459
2019-04-21 22:35,2445
2019-04-21 22:40,2407
2019-04-21 22:45,2394
2019-04-21 22:50,2377
2019-04-21 22:55,2348
2019-04-21 23:00,2323
2019-04-21 23:05,2296
2019-04-21 23:10,2300
2019-04-21 23:15,2288
2019-04-21 23:20,2244
2019-04-21 23:25,2215
2019-04-21 23:30,2208
2019-04-21 23:35,2197
2019-04-21 23:40,2190
2019-04-21 23:45,2191
2019-04-21 23:50,2173
2019-04-21 23:55,2146
2019-04-22 00:00,2133
2019-04-22 00:05,2125
2019-04-22 00:10,2101
2019-04-22 00:15,2086
2019-04-22 00:20,2076
2019-04-22 00:25,2081
2019-04-22 00:30,2076
2019-04-22 00:35,2050
2019-04-22 00:40,2041
2019-04-22 00:45,2046
2019-04-22 00:50,2028
2019-04-22 00:55,2011
2019-04-22 01:00,1993
2019-04-22 01:05,1970
2019-04-22 01:10,1952
2019-04-22 01:15,1930
2019-04-22 01:20,1917
2019-04-22 01:25,1899
2019-04-22 01:30,1883
2019-04-22 01:35,1861
2019-04-22 01:40,1855
2019-04-22 01:45,1846
2019-04-22 01:50,1839
2019-04-22 01:55,1822
2019-04-22 02:00,1833
2019-04-22 02:05,1805
2019-04-22 02:10,1801
2019-04-22 02:15,1800
2019-04-22 02:20,1790
2019-04-22 02:25,1769
2019-04-22 02:30,1759
2019-04-22 02:35,1738
2019-04-22 02:40,1725
2019-04-22 02:45,1698
2019-04-22 02:50,1700
2019-04-22 02:55,1675
2019-04-22 03:00,1661
2019-04-22 03:05,1636
2019-04-22 03:10,1617
2019-04-22 03:15,1608
2019-04-22 03:20,1608
2019-04-22 03:25,1599
2019-04-22 03:30,1572
2019-04-22 03:35,1577
2019-04-22 03:40,1575
2019-04-22 03:45,1565
2019-04-22 03:50,1550
2019-04-22 03:55,1547
2019-04-22 04:00,1537
2019-04-22 04:05,1507
2019-04-22 04:10,1512
2019-04-22 04:15,1498
2019-04-22 04:20,1486
2019-04-22 04:25,1477
2019-04-22 04:30,1454
2019-04-22 04:35,1457
2019-04-22 04:40,1435
2019-04-22 04:45,1412
2019-04-22 04:50,1404
2019-04-22 04:55,1381
2019-04-22 05:00,1377
2019-04-22 05:05,1367
2019-04-22 05:10,1357
2019-04-22 05:15,1349
2019-04-22 05:20,1348
2019-04-22 05:25,1345
2019-04-22 05:30,1352
2019-04-22 05:35,1330
2019-04-22 05:40,1304
2019-04-22 05:45,1285
2019-04-22 05:50,1283
2019-04-22 05:55,1292
2019-04-22 06:00,1281
2019-04-22 06:05,1282
2019-04-22 06:10,1287
2019-04-22 06:15,1295
2019-04-22 06:20,1289
2019-04-22 06:25,1297
2019-04-22 06:30,1287
2019-04-22 06:35,1306
2019-04-22 06:40,1315
2019-04-22 06:45,1341
2019-04-22 06:50,1344
2019-04-22 06:55,1342
2019-04-22 07:00,1358
2019-04-22 07:05,1358
2019-04-22 07:10,1355
2019-04-22 07:15,1360
2019-04-22 07:20,1368
2019-04-22 07:25,1372
2019-04-22 07:30,1383
2019-04-22 07:35,1390
2019-04-22 07:40,1417
2019-04-22 07:45,1418
2019-04-22 07:50,1418
2019-04-22 07:55,1433
2019-04-22 08:00,1454
2019-04-22 08:05,1476
2019-04-22 08:10,1497
2019-04-22 08:15,1503
2019-04-22 08:20,1511
2019-04-22 08:25,1521
2019-04-22 08:30,1521
2019-04-22 08:35,1530
2019-04-22 08:40,1564
2019-04-22 08:45,1580
2019-04-22 08:50,1582
2019-04-22 08:55,1587
2019-04-22 09:00,1595
2019-04-22 09:05,1600
2019-04-22 09:10,1607
2019-04-22 09:15,1638
2019-04-22 09:20,1636
2019-04-22 09:25,1649
2019-04-22 09:30,1669
2019-04-22 09:35,1685
2019-04-22 09:40,1698
2019-04-22 09:45,1727
2019-04-22 09:50,1733
2019-04-22 09:55,1732
2019-04-22 10:00,1754
2019-04-22 10:05,1799
2019-04-22 10:10,1854
2019-04-22 10:15,1893
2019-04-22 10:20,1921
2019-04-22 10:25,1921
2019-04-22 10:30,1929
2019-04-22 10:35,1935
2019-04-22 10:40,1964
2019-04-22 10:45,1986
2019-04-22 10:50,2002
2019-04-22 10:55,2010
2019-04-22 11:00,1994
2019-04-22 11:05,2007
2019-04-22 11:10,2017
2019-04-22 11:15,1999
2019-04-22 11:20,1996
2019-04-22 11:25,2014
2019-04-22 11:30,2025
2019-04-22 11:35,2041
2019-04-22 11:40,2056
2019-04-22 11:45,2067
2019-04-22 11:50,2064
2019-04-22 11:55,2059
2019-04-22 12:00,2092
2019-04-22 12:05,2087
2019-04-22 12:10,2091
2019-04-22 12:15,2114
2019-04-22 12:20,2135
2019-04-22 12:25,2150
2019-04-22 12:30,2159
2019-04-22 12:35,2168
2019-04-22 12:40,2164
2019-04-22 12:45,2171
2019-04-22 12:50,2192
2019-04-22 12:55,2206
2019-04-22 13:00,2189
2019-04-22 13:05,2187
2019-04-22 13:10,2202
2019-04-22 13:15,2203
2019-04-22 13:20,2206
2019-04-22 13:25,2198
2019-04-22 13:30,2215
2019-04-22 13:35,2231
2019-04-22 13:40,2271
2019-04-22 13:45,2313
2019-04-22 13:50,2317
2019-04-22 13:55,2315
2019-04-22 14:00,2338
2019-04-22 14:05,2373
2019-04-22 14:10,2401
2019-04-22 14:15,2381
2019-04-22 14:20,2386
2019-04-22 14:25,2406
2019-04-22 14:30,2417
2019-04-22 14:35,2425
2019-04-22 14:40,2453
2019-04-22 14:45,2466
2019-04-22 14:50,2483
2019-04-22 14:55,2486
2019-04-22 15:00,2499
2019-04-22 15:05,2526
2019-04-22 15:10,2542
2019-04-22 15:15,2554
2019-04-22 15:20,2562
2019-04-22 15:25,2581
2019-04-22 15:30,2579
2019-04-22 15:35,2606
2019-04-22 15:40,2635
2019-04-22 15:45,2626
2019-04-22 15:50,2625
2019-04-22 15:55,2615
2019-04-22 16:00,2601
2019-04-22 16:05,2592
2019-04-22 16:10,2608
2019-04-22 16:15,2638
2019-04-22 16:20,2654
2019-04-22 16:25,2660
2019-04-22 16:30,2690
2019-04-22 16:35,2689
2019-04-22 16:40,
2019-04-22 16:45,
2019-04-22 16:50,2748
2019-04-22 16:55,2741
2019-04-22 17:00,2731
2019-04-22 17:05,2731
2019-04-22 17:10,2746
2019-04-22 17:15,2738
2019-04-22 17:20,2786
2019-04-22 17:25,2788
2019-04-22 17:30,2786
2019-04-22 17:35,2785
2019-04-22 17:40,2800
2019-04-22 17:45,2797
2019-04-22 17:50,2827
2019-04-22 17:55,2824
2019-04-22 18:00,2807
2019-04-22 18:05,2812
2019-04-22 18:10,2804
2019-04-22 18:15,2795
2019-04-22 18:20,2796
2019-04-22 18:25,
2019-04-22 18:30,2781
2019-04-22 18:35,2791
2019-04-22 18:40,2822
2019-04-22 18:45,2827
2019-04-22 18:50,2816
2019-04-22 18:55,2812
2019-04-22 19:00,2835
2019-04-22 19:05,2812
2019-04-22 19:10,2790
2019-04-22 19:15,2808
2019-04-22 19:20,2796
2019-04-22 19:25,2795
2019-04-22 19:30,2780
2019-04-22 19:35,2771
2019-04-22 19:40,2736
2019-04-22 19:45,2735
2019-04-22 19:50,2722
2019-04-22 19:55,2740
2019-04-22 20:00,2712
2019-04-22 20:05,2708
2019-04-22 20:10,2706
2019-04-22 20:15,2702
2019-04-22 20:20,2684
2019-04-22 20:25,2647
2019-04-22 20:30,2621
2019-04-22 20:35,2609
2019-04-22 20:40,2576
2019-04-22 20:45,2545
2019-04-22 20:50,2520
2019-04-22 20:55,2488
2019-04-22 21:00,2476
2019-04-22 21:05,2453
2019-04-22 21:10,2413
2019-04-22 21:15,2401
2019-04-22 21:20,2368
2019-04-22 21:25,2352
2019-04-22 21:30,2341
2019-04-22 21:35,2325
2019-04-22 21:40,2308
2019-04-22 21:45,2313
2019-04-22 21:50,2289
2019-04-22 21:55,2266
2019-04-22 22:00,2259
2019-04-22 22:05,2215
2019-04-22 22:10,2203
2019-04-22 22:15,2195
2019-04-22 22:20,2174
2019-04-22 22:25,2171
2019-04-22 22:30,2169
2019-04-22 22:35,2150
2019-04-22 22:40,2136
2019-04-22 22:45,2120
2019-04-22 22:50,2114
2019-04-22 22:55,2108
2019-04-22 23:00,2100
2019-04-22 23:05,2082
2019-04-22 23:10,2074
2019-04-22 23:15,2043
2019-04-22 23:20,2032
2019-04-22 23:25,2023
2019-04-22 23:30,2030
2019-04-22 23:35,2011
2019-04-22 23:40,2001
2019-04-22 23:45,2006
2019-04-22 23:50,2012
2019-04-22 23:55,2021
2019-04-23 00:00,1998
2019-04-23 00:05,1972
2019-04-23 00:10,1967
2019-04-23 00:15,1951
2019-04-23 00:20,1934
2019-04-23 00:25,1945
2019-04-23 00:30,1927
2019-04-23 00:35,1940
2019-04-23 00:40,1969
2019-04-23 00:45,1975
2019-04-23 00:50,1962
2019-04-23 00:55,1958
2019-04-23 01:00,1955
2019-04-23 01:05,1969
2019-04-23 01:10,1978
2019-04-23 01:15,1962
2019-04-23 01:20,1950
2019-04-23 01:25,1946
2019-04-23 01:30,1943
2019-04-23 01:35,1934
2019-04-23 01:40,1905
2019-04-23 01:45,1891
2019-04-23 01:50,1871
2019-04-23 01:55,1869
2019-04-23 02:00,1833
2019-04-23 02:05,1809
2019-04-23 02:10,1792
2019-04-23 02:15,1773
2019-04-23 02:20,1767
2019-04-23 02:25,1767
2019-04-23 02:30,1741
2019-04-23 02:35,1733
2019-04-23 02:40,1710
2019-04-23 02:45,1721
2019-04-23 02:50,1698
2019-04-23 02:55,1680
2019-04-23 03:00,1661
2019-04-23 03:05,1652
2019-04-23 03:10,1619
2019-04-23 03:15,1620
2019-04-23 03:20,1610
2019-04-23 03:25,1610
2019-04-23 03:30,1573
2019-04-23 03:35,1562
2019-04-23 03:40,1539
2019-04-23 03:45,1533
2019-04-23 03:50,1545
2019-04-23 03:55,1515
2019-04-23 04:00,1503
2019-04-23 04:05,1476
2019-04-23 04:10,1451
2019-04-23 04:15,1442
2019-04-23 04:20,1427
2019-04-23 04:25,1419
2019-04-23 04:30,1397
2019-04-23 04:35,1377
2019-04-23 04:40,1351
2019-04-23 04:45,1345
2019-04-23 04:50,1364
2019-04-23 04:55,1356
2019-04-23 05:00,1354
2019-04-23 05:05,1363
2019-04-23 05:10,1353
2019-04-23 05:15,1332
2019-04-23 05:20,1329
2019-04-23 05:25,1323
2019-04-23 05:30,1316
2019-04-23 05:35,1297
2019-04-23 05:40,1289
2019-04-23 05:45,1282
2019-04-23 05:50,1277
2019-04-23 05:55,1277
2019-04-23 06:00,1266
2019-04-23 06:05,1268
2019-04-23 06:10,1251
2019-04-23 06:15,1227
2019-04-23 06:20,1242
2019-04-23 06:25,1253
2019-04-23 06:30,1238
2019-04-23 06:35,1227
2019-04-23 06:40,1216
2019-04-23 06:45,1230
2019-04-23 06:50,1244
2019-04-23 06:55,1241
2019-04-23 07:00,1248
2019-04-23 07:05,1256
2019-04-23 07:10,1256
2019-04-23 07:15,1258
2019-04-23 07:20,1261
2019-04-23 07:25,1282
2019-04-23 07:30,1275
2019-04-23 07:35,1273
2019-04-23 07:40,1272
2019-04-23 07:45,1271
2019-04-23 07:50,1284
2019-04-23 07:55,1279
2019-04-23 08:00,1292
2019-04-23 08:05,1311
2019-04-23 08:10,1312
2019-04-23 08:15,1318
2019-04-23 08:20,1335
2019-04-23 08:25,1334
2019-04-23 08:30,1337
2019-04-23 08:35,1349
2019-04-23 08:40,1378
2019-04-23 08:45,1376
2019-04-23 08:50,1402
2019-04-23 08:55,1400
2019-04-23 09:00,1417
2019-04-23 09:05,1395
2019-04-23 09:10,1414
2019-04-23 09:15,1423
2019-04-23 09:20,1420
2019-04-23 09:25,1412
2019-04-23 09:30,1426
2019-04-23 09:35,1453
2019-04-23 09:40,1463
2019-04-23 09:45,1475
2019-04-23 09:50,1501
2019-04-23 09:55,1504
2019-04-23 10:00,1537
2019-04-23 10:05,1566
2019-04-23 10:10,1592
2019-04-23 10:15,1626
2019-04-23 10:20,1666
2019-04-23 10:25,1654
2019-04-23 10:30,1622
2019-04-23 10:35,1638
2019-04-23 10:40,1671
2019-04-23 10:45,1680
2019-04-23 10:50,1682
2019-04-23 10:55,1679
2019-04-23 11:00,1704
2019-04-23 11:05,1707
2019-04-23 11:10,1714
2019-04-23 11:15,1715
2019-04-23 11:20,1710
2019-04-23 11:25,1720
2019-04-23 11:30,1720
2019-04-23 11:35,1727
2019-04-23 11:40,1730
2019-04-23 11:45,1757
2019-04-23 11:50,1775
2019-04-23 11:55,1804
2019-04-23 12:00,1798
2019-04-23 12:05,1792
2019-04-23 12:10,1787
2019-04-23 12:15,1799
2019-04-23 12:20,1833
2019-04-23 12:25,1824
2019-04-23 12:30,1820
2019-04-23 12:35,1817
2019-04-23 12:40,1826
2019-04-23 12:45,1834
2019-04-23 12:50,1836
2019-04-23 12:55,1845
2019-04-23 13:00,1839
2019-04-23 13:05,1866
2019-04-23 13:10,1881
2019-04-23 13:15,1872
2019-04-23 13:20,1888
2019-04-23 13:25,1888
2019-04-23 13:30,1893
2019-04-23 13:35,1897
2019-04-23 13:40,1898
2019-04-23 13:45,1907
2019-04-23 13:50,1911
2019-04-23 13:55,1887
2019-04-23 14:00,1799
2019-04-23 14:05,1440
2019-04-23 14:10,1372
2019-04-23 14:15,1361
2019-04-23 14:20,1353
2019-04-23 14:25,1361
2019-04-23 14:30,1339
2019-04-23 14:35,1393
2019-04-23 14:40,1431
2019-04-23 14:45,1466
2019-04-23 14:50,1511
2019-04-23 14:55,1530
2019-04-23 15:00,1546
2019-04-23 15:05,1572
2019-04-23 15:10,1604
2019-04-23 15:15,1613
2019-04-23 15:20,1617
2019-04-23 15:25,1618
2019-04-23 15:30,1636
2019-04-23 15:35,1634
2019-04-23 15:40,1681
2019-04-23 15:45,1713
2019-04-23 15:50,1766
2019-04-23 15:55,1805
2019-04-23 16:00,1831
2019-04-23 16:05,1840
2019-04-23 16:10,1905
2019-04-23 16:15,1931
2019-04-23 16:20,1959
2019-04-23 16:25,1940
2019-04-23 16:30,1964
2019-04-23 16:35,1958
2019-04-23 16:40,1983
2019-04-23 16:45,2160
2019-04-23 16:50,2404
2019-04-23 16:55,2602
2019-04-23 17:00,2744
2019-04-23 17:05,2937
2019-04-23 17:10,3111
2019-04-23 17:15,3252
2019-04-23 17:20,3372
2019-04-23 17:25,3486
2019-04-23 17:30,3599
2019-04-23 17:35,3702
2019-04-23 17:40,3792
2019-04-23 17:45,3857
2019-04-23 17:50,3937
2019-04-23 17:55,3978
2019-04-23 18:00,4035
2019-04-23 18:05,4129
2019-04-23 18:10,4224
2019-04-23 18:15,4296
2019-04-23 18:20,4335
2019-04-23 18:25,4366
2019-04-23 18:30,4391
2019-04-23 18:35,4420
2019-04-23 18:40,4423
2019-04-23 18:45,4427
2019-04-23 18:50,4414
2019-04-23 18:55,4446
2019-04-23 19:00,4437
2019-04-23 19:05,4464
2019-04-23 19:10,4463
2019-04-23 19:15,4452
2019-04-23 19:20,4445
2019-04-23 19:25,4427
2019-04-23 19:30,4391
2019-04-23 19:35,4381
2019-04-23 19:40,4372
2019-04-23 19:45,4341
2019-04-23 19:50,4337
2019-04-23 19:55,4346
2019-04-23 20:00,4314
2019-04-23 20:05,4269
2019-04-23 20:10,4271
2019-04-23 20:15,4222
2019-04-23 20:20,4219
2019-04-23 20:25,4170
2019-04-23 20:30,4136
2019-04-23 20:35,4099
2019-04-23 20:40,4053
2019-04-23 20:45,4025
2019-04-23 20:50,3980
2019-04-23 20:55,3922
2019-04-23 21:00,3881
2019-04-23 21:05,3854
2019-04-23 21:10,3819
2019-04-23 21:15,3767
2019-04-23 21:20,3728
2019-04-23 21:25,3691
2019-04-23 21:30,3651
2019-04-23 21:35,3614
2019-04-23 21:40,3607
2019-04-23 21:45,3592
2019-04-23 21:50,3567
2019-04-23 21:55,3574
2019-04-23 22:00,3526
2019-04-23 22:05,3473
2019-04-23 22:10,3430
2019-04-23 22:15,
2019-04-23 22:20,
2019-04-23 22:25,2538
2019-04-23 22:30,3186
2019-04-23 22:35,3309
2019-04-23 22:40,3286
2019-04-23 22:45,3266
2019-04-23 22:50,3231
2019-04-23 22:55,3197
2019-04-23 23:00,3188
2019-04-23 23:05,3164
2019-04-23 23:10,0
2019-04-23 23:15,3078
2019-04-23 23:20,3044
2019-04-23 23:25,3007
2019-04-23 23:30,2988
2019-04-23 23:35,0
2019-04-23 23:40,2964
2019-04-23 23:45,2961
2019-04-23 23:50,2944
2019-04-23 23:55,2938
2019-04-24 00:00,2897
2019-04-24 00:05,2858
2019-04-24 00:10,2791
2019-04-24 00:15,2788
2019-04-24 00:20,2770
2019-04-24 00:25,2763
2019-04-24 00:30,2780
2019-04-24 00:35,2753
2019-04-24 00:40,2758
2019-04-24 00:45,2757
2019-04-24 00:50,2750
2019-04-24 00:55,2730
2019-04-24 01:00,2722
2019-04-24 01:05,2712
2019-04-24 01:10,2704
2019-04-24 01:15,2677
2019-04-24 01:20,2648
2019-04-24 01:25,2614
2019-04-24 01:30,2620
2019-04-24 01:35,2608
2019-04-24 01:40,2597
2019-04-24 01:45,2614
2019-04-24 01:50,2601
2019-04-24 01:55,2579
2019-04-24 02:00,2573
2019-04-24 02:05,2539
2019-04-24 02:10,2507
2019-04-24 02:15,2482
2019-04-24 02:20,2487
2019-04-24 02:25,2483
2019-04-24 02:30,2462
2019-04-24 02:35,2423
2019-04-24 02:40,2418
2019-04-24 02:45,2398
2019-04-24 02:50,2385
2019-04-24 02:55,2364
2019-04-24 03:00,2360
2019-04-24 03:05,2336
2019-04-24 03:10,2316
2019-04-24 03:15,2334
2019-04-24 03:20,2299
2019-04-24 03:25,2274
2019-04-24 03:30,2272
2019-04-24 03:35,2257
2019-04-24 03:40,2254
2019-04-24 03:45,2229
2019-04-24 03:50,2228
2019-04-24 03:55,2197
2019-04-24 04:00,2174
2019-04-24 04:05,2146
2019-04-24 04:10,2105
2019-04-24 04:15,2071
2019-04-24 04:20,2059
2019-04-24 04:25,2056
2019-04-24 04:30,2038
2019-04-24 04:35,2032
2019-04-24 04:40,2006
2019-04-24 04:45,1984
2019-04-24 04:50,1966
2019-04-24 04:55,1950
2019-04-24 05:00,1953
2019-04-24 05:05,1950
2019-04-24 05:10,1925
2019-04-24 05:15,1900
2019-04-24 05:20,1879
2019-04-24 05:25,1842
2019-04-24 05:30,1841
2019-04-24 05:35,1837
2019-04-24 05:40,1836
2019-04-24 05:45,1819
2019-04-24 05:50,1816
2019-04-24 05:55,1820
2019-04-24 06:00,1835
2019-04-24 06:05,1839
2019-04-24 06:10,1835
2019-04-24 06:15,1841
2019-04-24 06:20,1829
2019-04-24 06:25,1833
2019-04-24 06:30,1837
2019-04-24 06:35,1828
2019-04-24 06:40,1840
2019-04-24 06:45,1832
2019-04-24 06:50,1844
2019-04-24 06:55,1823
2019-04-24 07:00,1815
2019-04-24 07:05,1812
2019-04-24 07:10,1803
2019-04-24 07:15,1808
2019-04-24 07:20,1816
2019-04-24 07:25,1825
2019-04-24 07:30,1854
2019-04-24 07:35,1869
2019-04-24 07:40,1886
2019-04-24 07:45,1885
2019-04-24 07:50,1882
2019-04-24 07:55,1893
2019-04-24 08:00,1895
2019-04-24 08:05,1894
2019-04-24 08:10,1890
2019-04-24 08:15,1913
2019-04-24 08:20,1946
2019-04-24 08:25,1954
2019-04-24 08:30,1954
2019-04-24 08:35,1959
2019-04-24 08:40,1982
2019-04-24 08:45,1994
2019-04-24 08:50,2028
2019-04-24 08:55,2046
2019-04-24 09:00,2051
2019-04-24 09:05,2046
2019-04-24 09:10,2039
2019-04-24 09:15,2063
2019-04-24 09:20,2076
2019-04-24 09:25,2084
2019-04-24 09:30,2107
2019-04-24 09:35,2094
2019-04-24 09:40,2122
2019-04-24 09:45,2131
2019-04-24 09:50,2126
2019-04-24 09:55,2122
2019-04-24 10:00,2156
2019-04-24 10:05,2180
2019-04-24 10:10,2190
2019-04-24 10:15,2191
2019-04-24 10:20,2221
2019-04-24 10:25,2220
2019-04-24 10:30,2238
2019-04-24 10:35,2267
2019-04-24 10:40,2276
2019-04-24 10:45,2270
2019-04-24 10:50,2300
2019-04-24 10:55,2300
2019-04-24 11:00,2333
2019-04-24 11:05,2341
2019-04-24 11:10,2363
2019-04-24 11:15,2368
2019-04-24 11:20,2391
2019-04-24 11:25,2417
2019-04-24 11:30,2444
2019-04-24 11:35,2459
2019-04-24 11:40,2477
2019-04-24 11:45,2499
2019-04-24 11:50,2500
2019-04-24 11:55,2516
2019-04-24 12:00,2495
2019-04-24 12:05,2490
2019-04-24 12:10,2517
2019-04-24 12:15,2536
2019-04-24 12:20,2545
2019-04-24 12:25,2550
2019-04-24 12:30,2558
2019-04-24 12:35,2559
2019-04-24 12:40,2564
2019-04-24 12:45,2555
2019-04-24 12:50,2576
2019-04-24 12:55,2612
2019-04-24 13:00,2608
2019-04-24 13:05,2610
2019-04-24 13:10,2611
2019-04-24 13:15,2626
2019-04-24 13:20,2640
2019-04-24 13:25,2673
2019-04-24 13:30,2694
2019-04-24 13:35,2709
2019-04-24 13:40,2698
2019-04-24 13:45,2709
2019-04-24 13:50,2722
2019-04-24 13:55,2740
2019-04-24 14:00,2740
2019-04-24 14:05,2748
2019-04-24 14:10,2762
2019-04-24 14:15,2796
2019-04-24 14:20,2822
2019-04-24 14:25,2830
2019-04-24 14:30,2849
2019-04-24 14:35,2886
2019-04-24 14:40,2930
2019-04-24 14:45,2934
2019-04-24 14:50,2947
2019-04-24 14:55,2959
2019-04-24 15:00,2995
2019-04-24 15:05,3026
2019-04-24 15:10,3024
2019-04-24 15:15,3038
2019-04-24 15:20,3049
2019-04-24 15:25,3070
2019-04-24 15:30,3097
2019-04-24 15:35,3127
2019-04-24 15:40,3145
2019-04-24 15:45,3175
2019-04-24 15:50,3187
2019-04-24 15:55,3199
2019-04-24 16:00,3235
2019-04-24 16:05,3249
2019-04-24 16:10,3283
2019-04-24 16:15,3293
2019-04-24 16:20,3280
2019-04-24 16:25,3297
2019-04-24 16:30,3301
2019-04-24 16:35,3322
2019-04-24 16:40,3337
2019-04-24 16:45,3333
2019-04-24 16:50,3344
2019-04-24 16:55,3357
2019-04-24 17:00,3365
2019-04-24 17:05,3408
2019-04-24 17:10,3448
2019-04-24 17:15,3479
2019-04-24 17:20,3499
2019-04-24 17:25,3514
2019-04-24 17:30,3519
2019-04-24 17:35,3494
2019-04-24 17:40,3506
2019-04-24 17:45,3520
2019-04-24 17:50,3504
2019-04-24 17:55,3532
2019-04-24 18:00,3537
2019-04-24 18:05,3523
2019-04-24 18:10,3522
2019-04-24 18:15,3519
2019-04-24 18:20,3532
2019-04-24 18:25,3556
2019-04-24 18:30,3560
2019-04-24 18:35,3579
2019-04-24 18:40,3591
2019-04-24 18:45,3598
2019-04-24 18:50,3586
2019-04-24 18:55,3584
2019-04-24 19:00,3612
2019-04-24 19:05,3598
2019-04-24 19:10,3602
2019-04-24 19:15,3598
2019-04-24 19:20,3605
2019-04-24 19:25,3604
2019-04-24 19:30,3576
2019-04-24 19:35,3544
2019-04-24 19:40,3530
2019-04-24 19:45,3527
2019-04-24 19:50,3530
2019-04-24 19:55,3497
2019-04-24 20:00,3460
2019-04-24 20:05,3445
2019-04-24 20:10,3439
2019-04-24 20:15,3453
2019-04-24 20:20,3422
2019-04-24 20:25,3384
2019-04-24 20:30,3377
2019-04-24 20:35,3354
2019-04-24 20:40,3341
2019-04-24 20:45,3331
2019-04-24 20:50,3309
2019-04-24 20:55,3293
2019-04-24 21:00,3260
2019-04-24 21:05,3245
2019-04-24 21:10,3201
2019-04-24 21:15,3135
2019-04-24 21:20,3112
2019-04-24 21:25,3105
2019-04-24 21:30,3079
2019-04-24 21:35,3064
2019-04-24 21:40,3042
2019-04-24 21:45,3020
2019-04-24 21:50,2983
2019-04-24 21:55,2963
2019-04-24 22:00,2949
2019-04-24 22:05,2945
2019-04-24 22:10,2914
2019-04-24 22:15,2874
2019-04-24 22:20,2850
2019-04-24 22:25,2835
2019-04-24 22:30,2831
2019-04-24 22:35,2827
2019-04-24 22:40,2817
2019-04-24 22:45,2815
2019-04-24 22:50,2802
2019-04-24 22:55,2788
2019-04-24 23:00,2788
2019-04-24 23:05,2761
2019-04-24 23:10,2743
2019-04-24 23:15,2732
2019-04-24 23:20,2707
2019-04-24 23:25,2688
2019-04-24 23:30,2672
2019-04-24 23:35,2667
2019-04-24 23:40,2642
2019-04-24 23:45,2639
2019-04-24 23:50,2629
2019-04-24 23:55,2639
2019-04-25 00:00,2620
2019-04-25 00:05,2591
2019-04-25 00:10,2592
2019-04-25 00:15,2598
2019-04-25 00:20,2570
2019-04-25 00:25,2545
2019-04-25 00:30,2531
2019-04-25 00:35,2547
2019-04-25 00:40,2566
2019-04-25 00:45,2553
2019-04-25 00:50,2529
2019-04-25 00:55,2518
2019-04-25 01:00,2530
2019-04-25 01:05,2512
2019-04-25 01:10,2500
2019-04-25 01:15,2481
2019-04-25 01:20,2473
2019-04-25 01:25,2457
2019-04-25 01:30,2459
2019-04-25 01:35,2438
2019-04-25 01:40,2430
2019-04-25 01:45,2419
2019-04-25 01:50,2429
2019-04-25 01:55,2414
2019-04-25 02:00,2396
2019-04-25 02:05,2372
2019-04-25 02:10,2366
2019-04-25 02:15,2367
2019-04-25 02:20,2349
2019-04-25 02:25,2332
2019-04-25 02:30,2312
2019-04-25 02:35,2296
2019-04-25 02:40,2276
2019-04-25 02:45,2251
2019-04-25 02:50,2239
2019-04-25 02:55,2219
2019-04-25 03:00,2193
2019-04-25 03:05,2178
2019-04-25 03:10,2138
2019-04-25 03:15,2115
2019-04-25 03:20,2105
2019-04-25 03:25,2103
2019-04-25 03:30,2087
2019-04-25 03:35,2055
2019-04-25 03:40,2036
2019-04-25 03:45,2038
2019-04-25 03:50,2017
2019-04-25 03:55,1983
2019-04-25 04:00,1976
2019-04-25 04:05,1965
2019-04-25 04:10,1950
2019-04-25 04:15,1950
2019-04-25 04:20,1919
2019-04-25 04:25,1885
2019-04-25 04:30,1883
2019-04-25 04:35,1844
2019-04-25 04:40,1825
2019-04-25 04:45,1814
2019-04-25 04:50,1791
2019-04-25 04:55,1771
2019-04-25 05:00,1737
2019-04-25 05:05,1712
2019-04-25 05:10,1681
2019-04-25 05:15,1666
2019-04-25 05:20,1667
2019-04-25 05:25,1664
2019-04-25 05:30,1648
2019-04-25 05:35,1639
2019-04-25 05:40,1648
2019-04-25 05:45,1637
2019-04-25 05:50,1620
2019-04-25 05:55,1635
2019-04-25 06:00,1635
2019-04-25 06:05,1626
2019-04-25 06:10,1611
2019-04-25 06:15,1618
2019-04-25 06:20,1606
2019-04-25 06:25,1611
2019-04-25 06:30,1618
2019-04-25 06:35,1624
2019-04-25 06:40,1626
2019-04-25 06:45,1626
2019-04-25 06:50,1617
2019-04-25 06:55,1604
2019-04-25 07:00,1615
2019-04-25 07:05,1614
2019-04-25 07:10,1600
2019-04-25 07:15,1594
2019-04-25 07:20,1625
2019-04-25 07:25,1615
2019-04-25 07:30,1646
2019-04-25 07:35,1640
2019-04-25 07:40,1650
2019-04-25 07:45,1644
2019-04-25 07:50,1654
2019-04-25 07:55,1671
2019-04-25 08:00,1687
2019-04-25 08:05,1707
2019-04-25 08:10,1710
2019-04-25 08:15,1716
2019-04-25 08:20,1717
2019-04-25 08:25,1726
2019-04-25 08:30,1752
2019-04-25 08:35,1752
2019-04-25 08:40,1768
2019-04-25 08:45,1799
2019-04-25 08:50,1804
2019-04-25 08:55,1827
2019-04-25 09:00,1857
2019-04-25 09:05,1866
2019-04-25 09:10,1888
2019-04-25 09:15,1890
2019-04-25 09:20,1886
2019-04-25 09:25,1892
2019-04-25 09:30,1892
2019-04-25 09:35,1900
2019-04-25 09:40,1875
2019-04-25 09:45,1890
2019-04-25 09:50,1894
2019-04-25 09:55,1898
2019-04-25 10:00,1919
2019-04-25 10:05,1935
2019-04-25 10:10,1961
2019-04-25 10:15,1970
2019-04-25 10:20,1971
2019-04-25 10:25,1969
2019-04-25 10:30,1988
2019-04-25 10:35,2004
2019-04-25 10:40,2020
2019-04-25 10:45,2023
2019-04-25 10:50,2026
2019-04-25 10:55,2044
2019-04-25 11:00,2046
2019-04-25 11:05,2039
2019-04-25 11:10,2057
2019-04-25 11:15,2058
2019-04-25 11:20,2070
2019-04-25 11:25,2084
2019-04-25 11:30,2079
2019-04-25 11:35,2095
2019-04-25 11:40,2100
2019-04-25 11:45,2102
2019-04-25 11:50,2086
2019-04-25 11:55,2092
2019-04-25 12:00,2082
2019-04-25 12:05,2110
2019-04-25 12:10,2134
2019-04-25 12:15,2122
2019-04-25 12:20,2135
2019-04-25 12:25,2127
2019-04-25 12:30,2143
2019-04-25 12:35,2147
2019-04-25 12:40,2172
2019-04-25 12:45,2202
2019-04-25 12:50,2229
2019-04-25 12:55,2250
2019-04-25 13:00,2247
2019-04-25 13:05,2236
2019-04-25 13:10,2235
2019-04-25 13:15,2228
2019-04-25 13:20,2220
2019-04-25 13:25,2243
2019-04-25 13:30,2243
2019-04-25 13:35,2251
2019-04-25 13:40,2248
2019-04-25 13:45,2226
2019-04-25 13:50,2214
2019-04-25 13:55,2178
2019-04-25 14:00,1906
2019-04-25 14:05,1351
2019-04-25 14:10,1267
2019-04-25 14:15,1276
2019-04-25 14:20,1273
2019-04-25 14:25,1306
2019-04-25 14:30,1299
2019-04-25 14:35,1310
2019-04-25 14:40,1318
2019-04-25 14:45,1347
2019-04-25 14:50,1374
2019-04-25 14:55,1401
2019-04-25 15:00,1409
2019-04-25 15:05,1447
2019-04-25 15:10,1475
2019-04-25 15:15,1472
2019-04-25 15:20,1602
2019-04-25 15:25,1757
2019-04-25 15:30,1890
2019-04-25 15:35,2009
2019-04-25 15:40,2141
2019-04-25 15:45,2271
2019-04-25 15:50,2387
2019-04-25 15:55,2490
2019-04-25 16:00,2538
2019-04-25 16:05,2628
2019-04-25 16:10,2757
2019-04-25 16:15,2837
2019-04-25 16:20,2876
2019-04-25 16:25,2954
2019-04-25 16:30,3015
2019-04-25 16:35,3064
2019-04-25 16:40,3108
2019-04-25 16:45,3144
2019-04-25 16:50,3170
2019-04-25 16:55,3235
2019-04-25 17:00,3238
2019-04-25 17:05,3261
2019-04-25 17:10,3269
2019-04-25 17:15,3268
2019-04-25 17:20,3303
2019-04-25 17:25,3337
2019-04-25 17:30,3354
2019-04-25 17:35,3344
2019-04-25 17:40,3352
2019-04-25 17:45,3349
2019-04-25 17:50,3375
2019-04-25 17:55,3382
2019-04-25 18:00,3395
2019-04-25 18:05,3391
2019-04-25 18:10,3411
2019-04-25 18:15,3435
2019-04-25 18:20,3418
2019-04-25 18:25,3420
2019-04-25 18:30,3436
2019-04-25 18:35,3436
2019-04-25 18:40,3419
2019-04-25 18:45,3416
2019-04-25 18:50,3435
2019-04-25 18:55,3431
2019-04-25 19:00,3437
2019-04-25 19:05,3420
2019-04-25 19:10,3431
2019-04-25 19:15,3397
2019-04-25 19:20,3396
2019-04-25 19:25,3389
2019-04-25 19:30,3364
2019-04-25 19:35,3350
2019-04-25 19:40,3350
2019-04-25 19:45,3335
2019-04-25 19:50,3316
2019-04-25 19:55,3316
2019-04-25 20:00,3318
2019-04-25 20:05,3302
2019-04-25 20:10,3266
2019-04-25 20:15,3245
2019-04-25 20:20,3229
2019-04-25 20:25,3222
2019-04-25 20:30,3196
2019-04-25 20:35,3176
2019-04-25 20:40,3116
2019-04-25 20:45,3112
2019-04-25 20:50,3066
2019-04-25 20:55,3065
2019-04-25 21:00,3037
2019-04-25 21:05,3011
2019-04-25 21:10,2971
2019-04-25 21:15,2917
2019-04-25 21:20,2893
2019-04-25 21:25,2874
2019-04-25 21:30,2837
2019-04-25 21:35,2833
2019-04-25 21:40,2806
2019-04-25 21:45,2782
2019-04-25 21:50,2765
2019-04-25 21:55,2730
2019-04-25 22:00,2695
2019-04-25 22:05,2659
2019-04-25 22:10,2644
2019-04-25 22:15,2598
2019-04-25 22:20,2564
2019-04-25 22:25,2558
2019-04-25 22:30,2520
2019-04-25 22:35,2506
2019-04-25 22:40,2497
2019-04-25 22:45,2473
2019-04-25 22:50,2470
2019-04-25 22:55,2463
2019-04-25 23:00,2451
2019-04-25 23:05,2441
2019-04-25 23:10,2438
2019-04-25 23:15,2434
2019-04-25 23:20,2437
2019-04-25 23:25,2410
2019-04-25 23:30,2396
2019-04-25 23:35,2375
2019-04-25 23:40,2366
2019-04-25 23:45,2359
2019-04-25 23:50,2335
2019-04-25 23:55,2330
2019-04-26 00:00,2295
2019-04-26 00:05,2240
2019-04-26 00:10,2234
2019-04-26 00:15,2207
2019-04-26 00:20,2206
2019-04-26 00:25,2198
2019-04-26 00:30,2201
2019-04-26 00:35,2207
2019-04-26 00:40,2212
2019-04-26 00:45,2194
2019-04-26 00:50,2198
2019-04-26 00:55,2179
2019-04-26 01:00,2179
2019-04-26 01:05,2158
2019-04-26 01:10,2175
2019-04-26 01:15,2156
2019-04-26 01:20,2164
2019-04-26 01:25,2141
2019-04-26 01:30,2139
2019-04-26 01:35,2130
2019-04-26 01:40,2107
2019-04-26 01:45,2101
2019-04-26 01:50,2087
2019-04-26 01:55,2085
2019-04-26 02:00,2085
2019-04-26 02:05,2086
2019-04-26 02:10,2077
2019-04-26 02:15,2075
2019-04-26 02:20,2061
2019-04-26 02:25,2055
2019-04-26 02:30,2037
2019-04-26 02:35,2035
2019-04-26 02:40,2047
2019-04-26 02:45,2022
2019-04-26 02:50,1996
2019-04-26 02:55,1976
2019-04-26 03:00,1967
2019-04-26 03:05,1934
2019-04-26 03:10,1929
2019-04-26 03:15,1914
2019-04-26 03:20,1877
2019-04-26 03:25,1866
2019-04-26 03:30,1867
2019-04-26 03:35,1868
2019-04-26 03:40,1833
2019-04-26 03:45,1824
2019-04-26 03:50,1808
2019-04-26 03:55,1814
2019-04-26 04:00,1794
2019-04-26 04:05,1763
2019-04-26 04:10,1735
2019-04-26 04:15,1684
2019-04-26 04:20,1650
2019-04-26 04:25,1648
2019-04-26 04:30,1633
2019-04-26 04:35,1615
2019-04-26 04:40,1596
2019-04-26 04:45,1595
2019-04-26 04:50,1581
2019-04-26 04:55,1583
2019-04-26 05:00,1573
2019-04-26 05:05,1576
2019-04-26 05:10,1578
2019-04-26 05:15,1562
2019-04-26 05:20,1550
2019-04-26 05:25,1532
2019-04-26 05:30,1538
2019-04-26 05:35,1549
2019-04-26 05:40,1560
2019-04-26 05:45,1540
2019-04-26 05:50,1537
2019-04-26 05:55,1522
2019-04-26 06:00,1511
2019-04-26 06:05,1516
2019-04-26 06:10,1521
2019-04-26 06:15,1509
2019-04-26 06:20,1512
2019-04-26 06:25,1523
2019-04-26 06:30,1526
2019-04-26 06:35,1529
2019-04-26 06:40,1520
2019-04-26 06:45,1524
2019-04-26 06:50,1533
2019-04-26 06:55,1517
2019-04-26 07:00,1517
2019-04-26 07:05,1508
2019-04-26 07:10,1524
2019-04-26 07:15,1536
2019-04-26 07:20,1538
2019-04-26 07:25,1543
2019-04-26 07:30,1556
2019-04-26 07:35,1565
2019-04-26 07:40,1565
2019-04-26 07:45,1582
2019-04-26 07:50,1602
2019-04-26 07:55,1628
2019-04-26 08:00,1619
2019-04-26 08:05,1627
2019-04-26 08:10,1621
2019-04-26 08:15,1638
2019-04-26 08:20,1643
2019-04-26 08:25,1630
2019-04-26 08:30,1630
2019-04-26 08:35,1650
2019-04-26 08:40,1667
2019-04-26 08:45,1664
2019-04-26 08:50,1680
2019-04-26 08:55,1669
2019-04-26 09:00,1688
2019-04-26 09:05,1712
2019-04-26 09:10,1723
2019-04-26 09:15,1734
2019-04-26 09:20,1735
2019-04-26 09:25,1749
2019-04-26 09:30,1757
2019-04-26 09:35,1758
2019-04-26 09:40,1761
2019-04-26 09:45,1763
2019-04-26 09:50,1766
2019-04-26 09:55,1783
2019-04-26 10:00,1799
2019-04-26 10:05,1819
2019-04-26 10:10,1839
2019-04-26 10:15,1866
2019-04-26 10:20,1891
2019-04-26 10:25,1921
2019-04-26 10:30,1908
2019-04-26 10:35,1927
2019-04-26 10:40,1967
2019-04-26 10:45,1977
2019-04-26 10:50,1993
2019-04-26 10:55,2023
2019-04-26 11:00,2027
2019-04-26 11:05,2038
2019-04-26 11:10,2032
2019-04-26 11:15,2048
2019-04-26 11:20,2063
2019-04-26 11:25,2077
2019-04-26 11:30,2067
2019-04-26 11:35,2096
2019-04-26 11:40,2107
2019-04-26 11:45,2134
2019-04-26 11:50,2141
2019-04-26 11:55,2153
2019-04-26 12:00,2149
2019-04-26 12:05,2139
2019-04-26 12:10,2130
2019-04-26 12:15,2143
2019-04-26 12:20,2147
2019-04-26 12:25,2156
2019-04-26 12:30,2176
2019-04-26 12:35,2191
2019-04-26 12:40,2194
2019-04-26 12:45,2197
2019-04-26 12:50,2204
2019-04-26 12:55,2205
2019-04-26 13:00,2232
2019-04-26 13:05,2225
2019-04-26 13:10,2241
2019-04-26 13:15,2263
2019-04-26 13:20,2277
2019-04-26 13:25,2314
2019-04-26 13:30,2320
2019-04-26 13:35,2339
2019-04-26 13:40,2363
2019-04-26 13:45,2359
2019-04-26 13:50,2336
2019-04-26 13:55,2288
2019-04-26 14:00,2183
2019-04-26 14:05,1438
2019-04-26 14:10,1353
2019-04-26 14:15,1356
2019-04-26 14:20,1381
2019-04-26 14:25,1394
2019-04-26 14:30,1400
2019-04-26 14:35,1398
2019-04-26 14:40,1425
2019-04-26 14:45,1445
2019-04-26 14:50,1444
2019-04-26 14:55,1450
2019-04-26 15:00,1465
2019-04-26 15:05,1502
2019-04-26 15:10,1613
2019-04-26 15:15,1736
2019-04-26 15:20,1905
2019-04-26 15:25,2033
2019-04-26 15:30,2133
2019-04-26 15:35,2218
2019-04-26 15:40,2293
2019-04-26 15:45,2381
2019-04-26 15:50,2459
2019-04-26 15:55,2573
2019-04-26 16:00,2645
2019-04-26 16:05,2711
2019-04-26 16:10,2784
2019-04-26 16:15,2851
2019-04-26 16:20,2913
2019-04-26 16:25,2960
2019-04-26 16:30,3008
2019-04-26 16:35,3028
2019-04-26 16:40,3055
2019-04-26 16:45,3075
2019-04-26 16:50,3088
2019-04-26 16:55,3123
2019-04-26 17:00,3106
2019-04-26 17:05,3114
2019-04-26 17:10,3156
2019-04-26 17:15,3177
2019-04-26 17:20,3181
2019-04-26 17:25,3189
2019-04-26 17:30,3209
2019-04-26 17:35,3231
2019-04-26 17:40,3220
2019-04-26 17:45,3227
2019-04-26 17:50,3247
2019-04-26 17:55,3280
2019-04-26 18:00,3278
2019-04-26 18:05,3282
2019-04-26 18:10,3285
2019-04-26 18:15,3294
2019-04-26 18:20,3272
2019-04-26 18:25,3246
2019-04-26 18:30,3258
2019-04-26 18:35,3253
2019-04-26 18:40,3247
2019-04-26 18:45,3238
2019-04-26 18:50,3257
2019-04-26 18:55,3269
2019-04-26 19:00,3256
2019-04-26 19:05,3279
2019-04-26 19:10,3267
2019-04-26 19:15,3268
2019-04-26 19:20,3264
2019-04-26 19:25,3296
2019-04-26 19:30,3279
2019-04-26 19:35,3301
2019-04-26 19:40,3316
2019-04-26 19:45,3315
2019-04-26 19:50,3310
2019-04-26 19:55,3323
2019-04-26 20:00,3317
2019-04-26 20:05,3300
2019-04-26 20:10,3296
2019-04-26 20:15,3288
2019-04-26 20:20,3254
2019-04-26 20:25,3233
2019-04-26 20:30,3235
2019-04-26 20:35,3232
2019-04-26 20:40,3228
2019-04-26 20:45,3189
2019-04-26 20:50,3135
2019-04-26 20:55,3118
2019-04-26 21:00,3103
2019-04-26 21:05,3077
2019-04-26 21:10,3044
2019-04-26 21:15,3033
2019-04-26 21:20,3024
2019-04-26 21:25,3012
2019-04-26 21:30,2964
2019-04-26 21:35,2951
2019-04-26 21:40,2935
2019-04-26 21:45,2916
2019-04-26 21:50,2864
2019-04-26 21:55,2844
2019-04-26 22:00,2830
2019-04-26 22:05,2803
2019-04-26 22:10,2796
2019-04-26 22:15,2778
2019-04-26 22:20,2741
2019-04-26 22:25,2713
2019-04-26 22:30,2697
2019-04-26 22:35,2684
2019-04-26 22:40,2665
2019-04-26 22:45,2632
2019-04-26 22:50,2609
2019-04-26 22:55,2566
2019-04-26 23:00,2541
2019-04-26 23:05,2525
2019-04-26 23:10,2514
2019-04-26 23:15,2500
2019-04-26 23:20,2497
2019-04-26 23:25,2468
2019-04-26 23:30,2459
2019-04-26 23:35,2440
2019-04-26 23:40,2414
2019-04-26 23:45,2381
2019-04-26 23:50,2395
2019-04-26 23:55,2389
2019-04-27 00:00,2364
2019-04-27 00:05,2334
2019-04-27 00:10,2314
2019-04-27 00:15,2305
2019-04-27 00:20,2306
2019-04-27 00:25,2306
2019-04-27 00:30,2287
2019-04-27 00:35,2268
2019-04-27 00:40,2262
2019-04-27 00:45,2244
2019-04-27 00:50,2202
2019-04-27 00:55,2187
2019-04-27 01:00,2125
2019-04-27 01:05,2064
2019-04-27 01:10,1996
2019-04-27 01:15,1874
2019-04-27 01:20,1195
2019-04-27 01:25,1082
2019-04-27 01:30,1084
2019-04-27 01:35,1083
2019-04-27 01:40,1055
2019-04-27 01:45,1046
2019-04-27 01:50,1020
2019-04-27 01:55,1018
2019-04-27 02:00,1010
2019-04-27 02:05,1012
2019-04-27 02:10,1007
2019-04-27 02:15,1068
2019-04-27 02:20,1149
2019-04-27 02:25,1238
2019-04-27 02:30,1325
2019-04-27 02:35,1414
2019-04-27 02:40,1501
2019-04-27 02:45,1565
2019-04-27 02:50,1616
2019-04-27 02:55,1642
2019-04-27 03:00,1669
2019-04-27 03:05,1737
2019-04-27 03:10,1790
2019-04-27 03:15,1808
2019-04-27 03:20,1831
2019-04-27 03:25,1864
2019-04-27 03:30,1895
2019-04-27 03:35,1922
2019-04-27 03:40,1931
2019-04-27 03:45,1939
2019-04-27 03:50,1943
2019-04-27 03:55,1961
2019-04-27 04:00,1952
2019-04-27 04:05,1959
2019-04-27 04:10,1950
2019-04-27 04:15,1947
2019-04-27 04:20,1964
2019-04-27 04:25,1967
2019-04-27 04:30,1971
2019-04-27 04:35,1952
2019-04-27 04:40,1931
2019-04-27 04:45,1921
2019-04-27 04:50,1920
2019-04-27 04:55,1907
2019-04-27 05:00,1918
2019-04-27 05:05,1907
2019-04-27 05:10,1896
2019-04-27 05:15,1875
2019-04-27 05:20,1875
2019-04-27 05:25,1861
2019-04-27 05:30,1872
2019-04-27 05:35,1871
2019-04-27 05:40,1857
2019-04-27 05:45,1864
2019-04-27 05:50,1861
2019-04-27 05:55,1860
2019-04-27 06:00,1851
2019-04-27 06:05,1871
2019-04-27 06:10,1867
2019-04-27 06:15,1859
2019-04-27 06:20,1869
2019-04-27 06:25,1872
2019-04-27 06:30,1870
2019-04-27 06:35,1856
2019-04-27 06:40,1838
2019-04-27 06:45,1841
2019-04-27 06:50,1868
2019-04-27 06:55,1894
2019-04-27 07:00,1890
2019-04-27 07:05,1880
2019-04-27 07:10,1866
2019-04-27 07:15,1878
2019-04-27 07:20,1886
2019-04-27 07:25,1887
2019-04-27 07:30,1895
2019-04-27 07:35,1910
2019-04-27 07:40,1915
2019-04-27 07:45,1922
2019-04-27 07:50,1946
2019-04-27 07:55,1959
2019-04-27 08:00,1965
2019-04-27 08:05,1969
2019-04-27 08:10,1976
2019-04-27 08:15,1992
2019-04-27 08:20,2003
2019-04-27 08:25,2022
2019-04-27 08:30,2048
2019-04-27 08:35,2055
2019-04-27 08:40,2084
2019-04-27 08:45,2088
2019-04-27 08:50,2085
2019-04-27 08:55,2084
2019-04-27 09:00,2088
2019-04-27 09:05,2094
2019-04-27 09:10,2122
2019-04-27 09:15,2146
2019-04-27 09:20,2168
2019-04-27 09:25,2171
2019-04-27 09:30,2188
2019-04-27 09:35,2215
2019-04-27 09:40,2220
2019-04-27 09:45,2239
2019-04-27 09:50,2250
2019-04-27 09:55,2261
2019-04-27 10:00,2261
2019-04-27 10:05,2302
2019-04-27 10:10,2332
2019-04-27 10:15,2360
2019-04-27 10:20,2407
2019-04-27 10:25,2430
2019-04-27 10:30,2456
2019-04-27 10:35,2470
2019-04-27 10:40,2509
2019-04-27 10:45,2518
2019-04-27 10:50,2556
2019-04-27 10:55,2552
2019-04-27 11:00,2550
2019-04-27 11:05,2583
2019-04-27 11:10,2604
2019-04-27 11:15,2603
2019-04-27 11:20,2627
2019-04-27 11:25,2650
2019-04-27 11:30,2652
2019-04-27 11:35,2679
2019-04-27 11:40,2675
2019-04-27 11:45,2691
2019-04-27 11:50,2708
2019-04-27 11:55,2705
2019-04-27 12:00,2713
2019-04-27 12:05,2734
2019-04-27 12:10,2755
2019-04-27 12:15,2779
2019-04-27 12:20,2777
2019-04-27 12:25,2769
2019-04-27 12:30,2793
2019-04-27 12:35,2792
2019-04-27 12:40,2811
2019-04-27 12:45,2812
2019-04-27 12:50,2840
2019-04-27 12:55,2837
2019-04-27 13:00,2844
2019-04-27 13:05,2852
2019-04-27 13:10,2893
2019-04-27 13:15,2930
2019-04-27 13:20,2935
2019-04-27 13:25,2970
2019-04-27 13:30,2968
2019-04-27 13:35,2984
2019-04-27 13:40,3030
2019-04-27 13:45,3045
2019-04-27 13:50,3056
2019-04-27 13:55,3086
2019-04-27 14:00,3106
2019-04-27 14:05,3105
2019-04-27 14:10,3125
2019-04-27 14:15,3139
2019-04-27 14:20,3171
2019-04-27 14:25,3212
2019-04-27 14:30,3213
2019-04-27 14:35,3210
2019-04-27 14:40,3197
2019-04-27 14:45,3213
2019-04-27 14:50,3235
2019-04-27 14:55,3238
2019-04-27 15:00,3247
2019-04-27 15:05,3259
2019-04-27 15:10,3267
2019-04-27 15:15,3265
2019-04-27 15:20,3287
2019-04-27 15:25,3300
2019-04-27 15:30,3342
2019-04-27 15:35,3354
2019-04-27 15:40,3405
2019-04-27 15:45,3414
2019-04-27 15:50,3455
2019-04-27 15:55,3446
2019-04-27 16:00,3460
2019-04-27 16:05,3484
2019-04-27 16:10,3492
2019-04-27 16:15,3457
2019-04-27 16:20,3423
2019-04-27 16:25,3429
2019-04-27 16:30,3452
2019-04-27 16:35,3449
2019-04-27 16:40,3447
2019-04-27 16:45,3452
2019-04-27 16:50,3479
2019-04-27 16:55,3490
2019-04-27 17:00,3495
2019-04-27 17:05,3511
2019-04-27 17:10,3522
2019-04-27 17:15,3529
2019-04-27 17:20,3524
2019-04-27 17:25,3574
2019-04-27 17:30,3593
2019-04-27 17:35,3580
2019-04-27 17:40,3582
2019-04-27 17:45,3576
2019-04-27 17:50,3575
2019-04-27 17:55,3576
2019-04-27 18:00,3616
2019-04-27 18:05,3583
2019-04-27 18:10,3555
2019-04-27 18:15,3572
2019-04-27 18:20,3600
2019-04-27 18:25,3627
2019-04-27 18:30,3634
2019-04-27 18:35,3674
2019-04-27 18:40,3661
2019-04-27 18:45,3669
2019-04-27 18:50,3736
2019-04-27 18:55,3729
2019-04-27 19:00,3759
2019-04-27 19:05,3776
2019-04-27 19:10,3768
2019-04-27 19:15,3749
2019-04-27 19:20,3758
2019-04-27 19:25,3776
2019-04-27 19:30,3765
2019-04-27 19:35,3768
2019-04-27 19:40,3761
2019-04-27 19:45,3731
2019-04-27 19:50,3726
2019-04-27 19:55,3701
2019-04-27 20:00,3679
2019-04-27 20:05,3677
2019-04-27 20:10,3678
2019-04-27 20:15,3682
2019-04-27 20:20,3651
2019-04-27 20:25,3630
2019-04-27 20:30,3610
2019-04-27 20:35,3605
2019-04-27 20:40,3581
2019-04-27 20:45,3549
2019-04-27 20:50,3567
2019-04-27 20:55,3566
2019-04-27 21:00,3518
2019-04-27 21:05,3504
2019-04-27 21:10,3503
2019-04-27 21:15,3476
2019-04-27 21:20,3448
2019-04-27 21:25,3429
2019-04-27 21:30,3391
2019-04-27 21:35,3392
2019-04-27 21:40,3359
2019-04-27 21:45,3302
2019-04-27 21:50,3235
2019-04-27 21:55,3225
2019-04-27 22:00,3205
2019-04-27 22:05,3165
2019-04-27 22:10,3139
2019-04-27 22:15,3134
2019-04-27 22:20,3094
2019-04-27 22:25,3062
2019-04-27 22:30,3013
2019-04-27 22:35,2966
2019-04-27 22:40,2920
2019-04-27 22:45,2890
2019-04-27 22:50,2856
2019-04-27 22:55,2826
2019-04-27 23:00,2787
2019-04-27 23:05,2765
2019-04-27 23:10,2745
2019-04-27 23:15,2723
2019-04-27 23:20,2732
2019-04-27 23:25,2726
2019-04-27 23:30,2700
2019-04-27 23:35,2669
2019-04-27 23:40,2630
2019-04-27 23:45,2626
2019-04-27 23:50,2628
2019-04-27 23:55,2602
2019-04-28 00:00,2574
2019-04-28 00:05,2571
2019-04-28 00:10,2538
2019-04-28 00:15,2522
2019-04-28 00:20,2498
2019-04-28 00:25,2485
2019-04-28 00:30,2468
2019-04-28 00:35,2456
2019-04-28 00:40,2464
2019-04-28 00:45,2460
2019-04-28 00:50,2477
2019-04-28 00:55,2448
2019-04-28 01:00,2413
2019-04-28 01:05,2426
2019-04-28 01:10,2409
2019-04-28 01:15,2407
2019-04-28 01:20,2398
2019-04-28 01:25,2358
2019-04-28 01:30,2371
2019-04-28 01:35,2362
2019-04-28 01:40,2369
2019-04-28 01:45,2369
2019-04-28 01:50,2355
2019-04-28 01:55,2348
2019-04-28 02:00,2339
2019-04-28 02:05,2343
2019-04-28 02:10,2311
2019-04-28 02:15,2309
2019-04-28 02:20,2283
2019-04-28 02:25,2284
2019-04-28 02:30,2271
2019-04-28 02:35,2256
2019-04-28 02:40,2238
2019-04-28 02:45,2227
2019-04-28 02:50,2235
2019-04-28 02:55,2213
2019-04-28 03:00,2196
2019-04-28 03:05,2178
2019-04-28 03:10,2152
2019-04-28 03:15,2133
2019-04-28 03:20,2135
2019-04-28 03:25,2137
2019-04-28 03:30,2128
2019-04-28 03:35,2128
2019-04-28 03:40,2121
2019-04-28 03:45,2105
2019-04-28 03:50,2090
2019-04-28 03:55,2064
2019-04-28 04:00,2070
2019-04-28 04:05,2029
2019-04-28 04:10,2020
2019-04-28 04:15,2000
2019-04-28 04:20,1977
2019-04-28 04:25,1969
2019-04-28 04:30,1960
2019-04-28 04:35,1948
2019-04-28 04:40,1950
2019-04-28 04:45,1930
2019-04-28 04:50,1933
2019-04-28 04:55,1922
2019-04-28 05:00,1889
2019-04-28 05:05,1880
2019-04-28 05:10,1859
2019-04-28 05:15,1841
2019-04-28 05:20,1855
2019-04-28 05:25,1854
2019-04-28 05:30,1856
2019-04-28 05:35,1845
2019-04-28 05:40,1843
2019-04-28 05:45,1824
2019-04-28 05:50,1819
2019-04-28 05:55,1813
2019-04-28 06:00,1825
2019-04-28 06:05,1819
2019-04-28 06:10,1821
2019-04-28 06:15,1834
2019-04-28 06:20,1838
2019-04-28 06:25,1826
2019-04-28 06:30,1815
2019-04-28 06:35,1842
2019-04-28 06:40,1867
2019-04-28 06:45,1881
2019-04-28 06:50,1895
2019-04-28 06:55,1910
2019-04-28 07:00,1930
2019-04-28 07:05,1928
2019-04-28 07:10,1926
2019-04-28 07:15,1945
2019-04-28 07:20,1957
2019-04-28 07:25,1970
2019-04-28 07:30,1982
2019-04-28 07:35,2004
2019-04-28 07:40,2033
2019-04-28 07:45,2032
2019-04-28 07:50,2044
2019-04-28 07:55,2063
2019-04-28 08:00,2099
2019-04-28 08:05,2133
2019-04-28 08:10,2120
2019-04-28 08:15,2146
2019-04-28 08:20,2148
2019-04-28 08:25,2172
2019-04-28 08:30,2185
2019-04-28 08:35,2207
2019-04-28 08:40,2219
2019-04-28 08:45,2237
2019-04-28 08:50,2253
2019-04-28 08:55,2292
2019-04-28 09:00,2291
2019-04-28 09:05,2294
2019-04-28 09:10,2301
2019-04-28 09:15,2337
2019-04-28 09:20,2362
2019-04-28 09:25,2358
2019-04-28 09:30,2355
2019-04-28 09:35,2379
2019-04-28 09:40,2397
2019-04-28 09:45,2409
2019-04-28 09:50,2408
2019-04-28 09:55,2423
2019-04-28 10:00,2439
2019-04-28 10:05,2483
2019-04-28 10:10,2521
2019-04-28 10:15,2547
2019-04-28 10:20,2556
2019-04-28 10:25,2563
2019-04-28 10:30,2574
2019-04-28 10:35,2601
2019-04-28 10:40,2627
2019-04-28 10:45,2635
2019-04-28 10:50,2623
2019-04-28 10:55,2642
2019-04-28 11:00,2696
2019-04-28 11:05,2687
2019-04-28 11:10,2724
2019-04-28 11:15,2719
2019-04-28 11:20,2716
2019-04-28 11:25,2717
2019-04-28 11:30,2741
2019-04-28 11:35,2753
2019-04-28 11:40,2743
2019-04-28 11:45,2770
2019-04-28 11:50,2780
2019-04-28 11:55,2811
2019-04-28 12:00,2814
2019-04-28 12:05,2815
2019-04-28 12:10,2831
2019-04-28 12:15,2837
2019-04-28 12:20,2865
2019-04-28 12:25,2915
2019-04-28 12:30,2928
2019-04-28 12:35,2934
2019-04-28 12:40,2957
2019-04-28 12:45,2958
2019-04-28 12:50,2967
2019-04-28 12:55,2970
2019-04-28 13:00,3005
2019-04-28 13:05,3024
2019-04-28 13:10,3066
2019-04-28 13:15,3106
2019-04-28 13:20,3121
2019-04-28 13:25,3128
2019-04-28 13:30,3140
2019-04-28 13:35,3138
2019-04-28 13:40,3190
2019-04-28 13:45,3223
2019-04-28 13:50,3251
2019-04-28 13:55,3271
2019-04-28 14:00,3305
2019-04-28 14:05,3314
2019-04-28 14:10,3334
2019-04-28 14:15,3337
2019-04-28 14:20,3381
2019-04-28 14:25,3410
2019-04-28 14:30,3399
2019-04-28 14:35,3443
2019-04-28 14:40,3460
2019-04-28 14:45,3489
2019-04-28 14:50,3474
2019-04-28 14:55,3494
2019-04-28 15:00,3493
2019-04-28 15:05,3522
2019-04-28 15:10,3547
2019-04-28 15:15,3569
2019-04-28 15:20,3574
2019-04-28 15:25,3604
2019-04-28 15:30,3614
2019-04-28 15:35,3643
2019-04-28 15:40,3635
2019-04-28 15:45,3644
2019-04-28 15:50,3666
2019-04-28 15:55,3680
2019-04-28 16:00,3659
2019-04-28 16:05,3674
2019-04-28 16:10,3634
2019-04-28 16:15,3658
2019-04-28 16:20,3660
2019-04-28 16:25,3680
2019-04-28 16:30,3688
2019-04-28 16:35,3708
2019-04-28 16:40,3733
2019-04-28 16:45,3732
2019-04-28 16:50,3739
2019-04-28 16:55,3742
2019-04-28 17:00,3741
2019-04-28 17:05,3743
2019-04-28 17:10,3746
2019-04-28 17:15,3745
2019-04-28 17:20,3721
2019-04-28 17:25,3758
2019-04-28 17:30,3748
2019-04-28 17:35,3767
2019-04-28 17:40,3791
2019-04-28 17:45,3831
2019-04-28 17:50,3831
2019-04-28 17:55,3862
2019-04-28 18:00,3878
2019-04-28 18:05,3883
2019-04-28 18:10,3828
2019-04-28 18:15,3856
2019-04-28 18:20,3853
2019-04-28 18:25,3835
2019-04-28 18:30,3812
2019-04-28 18:35,3779
2019-04-28 18:40,3815
2019-04-28 18:45,3800
2019-04-28 18:50,3789
2019-04-28 18:55,3800
2019-04-28 19:00,3832
2019-04-28 19:05,3845
2019-04-28 19:10,3856
2019-04-28 19:15,3824
2019-04-28 19:20,3850
2019-04-28 19:25,3872
2019-04-28 19:30,3864
2019-04-28 19:35,3855
2019-04-28 19:40,3838
2019-04-28 19:45,3815
2019-04-28 19:50,3766
2019-04-28 19:55,3772
2019-04-28 20:00,3753
2019-04-28 20:05,3731
2019-04-28 20:10,3704
2019-04-28 20:15,3685
2019-04-28 20:20,3666
2019-04-28 20:25,3634
2019-04-28 20:30,3628
2019-04-28 20:35,3608
2019-04-28 20:40,3550
2019-04-28 20:45,3491
2019-04-28 20:50,3472
2019-04-28 20:55,3447
2019-04-28 21:00,3427
2019-04-28 21:05,3399
2019-04-28 21:10,3349
2019-04-28 21:15,3316
2019-04-28 21:20,3272
2019-04-28 21:25,3259
2019-04-28 21:30,3210
2019-04-28 21:35,3185
2019-04-28 21:40,3158
2019-04-28 21:45,3109
2019-04-28 21:50,3082
2019-04-28 21:55,3065
2019-04-28 22:00,3056
2019-04-28 22:05,3007
2019-04-28 22:10,2962
2019-04-28 22:15,2925
2019-04-28 22:20,2892
2019-04-28 22:25,2858
2019-04-28 22:30,2843
2019-04-28 22:35,2797
2019-04-28 22:40,2767
2019-04-28 22:45,2734
2019-04-28 22:50,2705
2019-04-28 22:55,2684
2019-04-28 23:00,2670
2019-04-28 23:05,2634
2019-04-28 23:10,2629
2019-04-28 23:15,2593
2019-04-28 23:20,2574
2019-04-28 23:25,2561
2019-04-28 23:30,2548
2019-04-28 23:35,2521
2019-04-28 23:40,2495
2019-04-28 23:45,2478
2019-04-28 23:50,2440
2019-04-28 23:55,2451
2019-04-29 00:00,2439
2019-04-29 00:05,2434
2019-04-29 00:10,2403
2019-04-29 00:15,2377
2019-04-29 00:20,2375
2019-04-29 00:25,2365
2019-04-29 00:30,2343
2019-04-29 00:35,2350
2019-04-29 00:40,2329
2019-04-29 00:45,2293
2019-04-29 00:50,2276
2019-04-29 00:55,2276
2019-04-29 01:00,2242
2019-04-29 01:05,2225
2019-04-29 01:10,2190
2019-04-29 01:15,2147
2019-04-29 01:20,2110
2019-04-29 01:25,2095
2019-04-29 01:30,2095
2019-04-29 01:35,2050
2019-04-29 01:40,2039
2019-04-29 01:45,2029
2019-04-29 01:50,2004
2019-04-29 01:55,1980
2019-04-29 02:00,1964
2019-04-29 02:05,1930
2019-04-29 02:10,1930
2019-04-29 02:15,1922
2019-04-29 02:20,1912
2019-04-29 02:25,1907
2019-04-29 02:30,1878
2019-04-29 02:35,1860
2019-04-29 02:40,1850
2019-04-29 02:45,1855
2019-04-29 02:50,1830
2019-04-29 02:55,1806
2019-04-29 03:00,1807
2019-04-29 03:05,1786
2019-04-29 03:10,1782
2019-04-29 03:15,1773
2019-04-29 03:20,1753
2019-04-29 03:25,1736
2019-04-29 03:30,1729
2019-04-29 03:35,1715
2019-04-29 03:40,1691
2019-04-29 03:45,1667
2019-04-29 03:50,1649
2019-04-29 03:55,1623
2019-04-29 04:00,1603
2019-04-29 04:05,1583
2019-04-29 04:10,1553
2019-04-29 04:15,1537
2019-04-29 04:20,1520
2019-04-29 04:25,1511
2019-04-29 04:30,1513
2019-04-29 04:35,1496
2019-04-29 04:40,1493
2019-04-29 04:45,1490
2019-04-29 04:50,1464
2019-04-29 04:55,1449
2019-04-29 05:00,1422
2019-04-29 05:05,1411
2019-04-29 05:10,1407
2019-04-29 05:15,1411
2019-04-29 05:20,1402
2019-04-29 05:25,1391
2019-04-29 05:30,1377
2019-04-29 05:35,1367
2019-04-29 05:40,1367
2019-04-29 05:45,1374
2019-04-29 05:50,1369
2019-04-29 05:55,1354
2019-04-29 06:00,1352
2019-04-29 06:05,1355
2019-04-29 06:10,1350
2019-04-29 06:15,1346
2019-04-29 06:20,1345
2019-04-29 06:25,1350
2019-04-29 06:30,1363
2019-04-29 06:35,1374
2019-04-29 06:40,1367
2019-04-29 06:45,1372
2019-04-29 06:50,1381
2019-04-29 06:55,1396
2019-04-29 07:00,1397
2019-04-29 07:05,1402
2019-04-29 07:10,1381
2019-04-29 07:15,1399
2019-04-29 07:20,1394
2019-04-29 07:25,1386
2019-04-29 07:30,1390
2019-04-29 07:35,1401
2019-04-29 07:40,1413
2019-04-29 07:45,1418
2019-04-29 07:50,1428
2019-04-29 07:55,1438
2019-04-29 08:00,1450
2019-04-29 08:05,1468
2019-04-29 08:10,1482
2019-04-29 08:15,1475
2019-04-29 08:20,1491
2019-04-29 08:25,1489
2019-04-29 08:30,1486
2019-04-29 08:35,1485
2019-04-29 08:40,1489
2019-04-29 08:45,1508
2019-04-29 08:50,1521
2019-04-29 08:55,1531
2019-04-29 09:00,1542
2019-04-29 09:05,1542
2019-04-29 09:10,1544
2019-04-29 09:15,1548
2019-04-29 09:20,1541
2019-04-29 09:25,1540
2019-04-29 09:30,1545
2019-04-29 09:35,1554
2019-04-29 09:40,1557
2019-04-29 09:45,1567
2019-04-29 09:50,1581
2019-04-29 09:55,1589
2019-04-29 10:00,1616
2019-04-29 10:05,1639
2019-04-29 10:10,1656
2019-04-29 10:15,1683
2019-04-29 10:20,1705
2019-04-29 10:25,1732
2019-04-29 10:30,1726
2019-04-29 10:35,1728
2019-04-29 10:40,1743
2019-04-29 10:45,1777
2019-04-29 10:50,1795
2019-04-29 10:55,1808
2019-04-29 11:00,1827
2019-04-29 11:05,1861
2019-04-29 11:10,1885
2019-04-29 11:15,1863
2019-04-29 11:20,1893
2019-04-29 11:25,1885
2019-04-29 11:30,1905
2019-04-29 11:35,1929
2019-04-29 11:40,1932
2019-04-29 11:45,1947
2019-04-29 11:50,1972
2019-04-29 11:55,1988
2019-04-29 12:00,2001
2019-04-29 12:05,1989
2019-04-29 12:10,1979
2019-04-29 12:15,2002
2019-04-29 12:20,2012
2019-04-29 12:25,2018
2019-04-29 12:30,2025
2019-04-29 12:35,2033
2019-04-29 12:40,2059
2019-04-29 12:45,2071
2019-04-29 12:50,2094
2019-04-29 12:55,2088
2019-04-29 13:00,2132
2019-04-29 13:05,2133
2019-04-29 13:10,2154
2019-04-29 13:15,2191
2019-04-29 13:20,2207
2019-04-29 13:25,2195
2019-04-29 13:30,2201
2019-04-29 13:35,2228
2019-04-29 13:40,2228
2019-04-29 13:45,2247
2019-04-29 13:50,2251
2019-04-29 13:55,2267
2019-04-29 14:00,2268
2019-04-29 14:05,2285
2019-04-29 14:10,2305
2019-04-29 14:15,2322
2019-04-29 14:20,2329
2019-04-29 14:25,2331
2019-04-29 14:30,2341
2019-04-29 14:35,2364
2019-04-29 14:40,2383
2019-04-29 14:45,2356
2019-04-29 14:50,2368
2019-04-29 14:55,2371
2019-04-29 15:00,2368
2019-04-29 15:05,2397
2019-04-29 15:10,2423
2019-04-29 15:15,2444
2019-04-29 15:20,2493
2019-04-29 15:25,2508
2019-04-29 15:30,2510
2019-04-29 15:35,2530
2019-04-29 15:40,2555
2019-04-29 15:45,2585
2019-04-29 15:50,2596
2019-04-29 15:55,2629
2019-04-29 16:00,2652
2019-04-29 16:05,2673
2019-04-29 16:10,2691
2019-04-29 16:15,2732
2019-04-29 16:20,2749
2019-04-29 16:25,2775
2019-04-29 16:30,2791
2019-04-29 16:35,2816
2019-04-29 16:40,2843
2019-04-29 16:45,2875
2019-04-29 16:50,2893
2019-04-29 16:55,2912
2019-04-29 17:00,2907
2019-04-29 17:05,2911
2019-04-29 17:10,2936
2019-04-29 17:15,2951
2019-04-29 17:20,2963
2019-04-29 17:25,2945
2019-04-29 17:30,2967
2019-04-29 17:35,2997
2019-04-29 17:40,3007
2019-04-29 17:45,3022
2019-04-29 17:50,3043
2019-04-29 17:55,3027
2019-04-29 18:00,3023
2019-04-29 18:05,3043
2019-04-29 18:10,3039
2019-04-29 18:15,3029
2019-04-29 18:20,3015
2019-04-29 18:25,3016
2019-04-29 18:30,3030
2019-04-29 18:35,3036
2019-04-29 18:40,3023
2019-04-29 18:45,3020
2019-04-29 18:50,3024
2019-04-29 18:55,3030
2019-04-29 19:00,3024
2019-04-29 19:05,3021
2019-04-29 19:10,3022
2019-04-29 19:15,3023
2019-04-29 19:20,3034
2019-04-29 19:25,3010
2019-04-29 19:30,3009
2019-04-29 19:35,2999
2019-04-29 19:40,3017
2019-04-29 19:45,3006
2019-04-29 19:50,2988
2019-04-29 19:55,2948
2019-04-29 20:00,2927
2019-04-29 20:05,2925
2019-04-29 20:10,2896
2019-04-29 20:15,2901
2019-04-29 20:20,2896
2019-04-29 20:25,2889
2019-04-29 20:30,2853
2019-04-29 20:35,2822
2019-04-29 20:40,2809
2019-04-29 20:45,2771
2019-04-29 20:50,2758
2019-04-29 20:55,2726
2019-04-29 21:00,2705
2019-04-29 21:05,2670
2019-04-29 21:10,2644
2019-04-29 21:15,2630
2019-04-29 21:20,2613
2019-04-29 21:25,2575
2019-04-29 21:30,2556
2019-04-29 21:35,2539
2019-04-29 21:40,2519
2019-04-29 21:45,2490
2019-04-29 21:50,2468
2019-04-29 21:55,2446
2019-04-29 22:00,2432
2019-04-29 22:05,2414
2019-04-29 22:10,2380
2019-04-29 22:15,2352
2019-04-29 22:20,2342
2019-04-29 22:25,2319
2019-04-29 22:30,2315
2019-04-29 22:35,2323
2019-04-29 22:40,2295
2019-04-29 22:45,2277
2019-04-29 22:50,2287
2019-04-29 22:55,2267
2019-04-29 23:00,2239
2019-04-29 23:05,2247
2019-04-29 23:10,2230
2019-04-29 23:15,2237
2019-04-29 23:20,2231
2019-04-29 23:25,2211
2019-04-29 23:30,2178
2019-04-29 23:35,2174
2019-04-29 23:40,2193
2019-04-29 23:45,2204
2019-04-29 23:50,2193
2019-04-29 23:55,2193
2019-04-30 00:00,2195
2019-04-30 00:05,2183
2019-04-30 00:10,2187
2019-04-30 00:15,2189
2019-04-30 00:20,2192
2019-04-30 00:25,2213
2019-04-30 00:30,2213
2019-04-30 00:35,2208
2019-04-30 00:40,2208
2019-04-30 00:45,2200
2019-04-30 00:50,2224
2019-04-30 00:55,2223
2019-04-30 01:00,2202
2019-04-30 01:05,2197
2019-04-30 01:10,2188
2019-04-30 01:15,2184
2019-04-30 01:20,2169
2019-04-30 01:25,2154
2019-04-30 01:30,2147
2019-04-30 01:35,2143
2019-04-30 01:40,2119
2019-04-30 01:45,2124
2019-04-30 01:50,2114
2019-04-30 01:55,2111
2019-04-30 02:00,2104
2019-04-30 02:05,2086
2019-04-30 02:10,2081
2019-04-30 02:15,2075
2019-04-30 02:20,2058
2019-04-30 02:25,2056
2019-04-30 02:30,2034
2019-04-30 02:35,1995
2019-04-30 02:40,1983
2019-04-30 02:45,1944
2019-04-30 02:50,1934
2019-04-30 02:55,1918
2019-04-30 03:00,1905
2019-04-30 03:05,1888
2019-04-30 03:10,1878
2019-04-30 03:15,1870
2019-04-30 03:20,1824
2019-04-30 03:25,1802
2019-04-30 03:30,1770
2019-04-30 03:35,1765
2019-04-30 03:40,1765
2019-04-30 03:45,1770
2019-04-30 03:50,1766
2019-04-30 03:55,1755
2019-04-30 04:00,1764
2019-04-30 04:05,1754
2019-04-30 04:10,1729
2019-04-30 04:15,1703
2019-04-30 04:20,1694
2019-04-30 04:25,1679
2019-04-30 04:30,1677
2019-04-30 04:35,1674
2019-04-30 04:40,1667
2019-04-30 04:45,1660
2019-04-30 04:50,1652
2019-04-30 04:55,1638
2019-04-30 05:00,1646
2019-04-30 05:05,1629
2019-04-30 05:10,1617
2019-04-30 05:15,1609
2019-04-30 05:20,1607
2019-04-30 05:25,1598
2019-04-30 05:30,1585
2019-04-30 05:35,1581
2019-04-30 05:40,1594
2019-04-30 05:45,1602
2019-04-30 05:50,1580
2019-04-30 05:55,1568
2019-04-30 06:00,1564
2019-04-30 06:05,1556
2019-04-30 06:10,1557
2019-04-30 06:15,1552
2019-04-30 06:20,1543
2019-04-30 06:25,1536
2019-04-30 06:30,1540
2019-04-30 06:35,1530
2019-04-30 06:40,1534
2019-04-30 06:45,1522
2019-04-30 06:50,1529
2019-04-30 06:55,1530
2019-04-30 07:00,1523
2019-04-30 07:05,1523
2019-04-30 07:10,1545
2019-04-30 07:15,1532
2019-04-30 07:20,1540
2019-04-30 07:25,1540
2019-04-30 07:30,1546
2019-04-30 07:35,1558
2019-04-30 07:40,1566
2019-04-30 07:45,1572
2019-04-30 07:50,1600
2019-04-30 07:55,1616
2019-04-30 08:00,1630
2019-04-30 08:05,1639
2019-04-30 08:10,1656
2019-04-30 08:15,1679
2019-04-30 08:20,1689
2019-04-30 08:25,1700
2019-04-30 08:30,1695
2019-04-30 08:35,1698
2019-04-30 08:40,1708
2019-04-30 08:45,1724
2019-04-30 08:50,1750
2019-04-30 08:55,1774
2019-04-30 09:00,1804
2019-04-30 09:05,1805
2019-04-30 09:10,1846
2019-04-30 09:15,1864
2019-04-30 09:20,1883
2019-04-30 09:25,1905
2019-04-30 09:30,1921
2019-04-30 09:35,1925
2019-04-30 09:40,1924
2019-04-30 09:45,1937
2019-04-30 09:50,1931
2019-04-30 09:55,1916
2019-04-30 10:00,1931
2019-04-30 10:05,1950
2019-04-30 10:10,1976
2019-04-30 10:15,2019
2019-04-30 10:20,2020
2019-04-30 10:25,2044
2019-04-30 10:30,2069
2019-04-30 10:35,2072
2019-04-30 10:40,2078
2019-04-30 10:45,2110
2019-04-30 10:50,2116
2019-04-30 10:55,2156
2019-04-30 11:00,2168
2019-04-30 11:05,2149
2019-04-30 11:10,2163
2019-04-30 11:15,2162
2019-04-30 11:20,2165
2019-04-30 11:25,2185
2019-04-30 11:30,2210
2019-04-30 11:35,2227
2019-04-30 11:40,2251
2019-04-30 11:45,2258
2019-04-30 11:50,2268
2019-04-30 11:55,2277
2019-04-30 12:00,2285
2019-04-30 12:05,2276
2019-04-30 12:10,2282
2019-04-30 12:15,2270
2019-04-30 12:20,2271
2019-04-30 12:25,2275
2019-04-30 12:30,2262
2019-04-30 12:35,2300
2019-04-30 12:40,2316
2019-04-30 12:45,2361
2019-04-30 12:50,2368
2019-04-30 12:55,2386
2019-04-30 13:00,2371
2019-04-30 13:05,2386
2019-04-30 13:10,2426
2019-04-30 13:15,2426
2019-04-30 13:20,2455
2019-04-30 13:25,2487
2019-04-30 13:30,2492
2019-04-30 13:35,2525
2019-04-30 13:40,2550
2019-04-30 13:45,2534
2019-04-30 13:50,2538
2019-04-30 13:55,2551
2019-04-30 14:00,2556
2019-04-30 14:05,2570
2019-04-30 14:10,2585
2019-04-30 14:15,2624
2019-04-30 14:20,2631
2019-04-30 14:25,2646
2019-04-30 14:30,2657
2019-04-30 14:35,2674
2019-04-30 14:40,2700
2019-04-30 14:45,2722
2019-04-30 14:50,2726
2019-04-30 14:55,2750
2019-04-30 15:00,2743
2019-04-30 15:05,2759
2019-04-30 15:10,2754
2019-04-30 15:15,2779
2019-04-30 15:20,2791
2019-04-30 15:25,2787
2019-04-30 15:30,2795
2019-04-30 15:35,2811
2019-04-30 15:40,2842
2019-04-30 15:45,2839
2019-04-30 15:50,2858
2019-04-30 15:55,2888
2019-04-30 16:00,2876
2019-04-30 16:05,2893
2019-04-30 16:10,2899
2019-04-30 16:15,2933
2019-04-30 16:20,2958
2019-04-30 16:25,2954
2019-04-30 16:30,2985
2019-04-30 16:35,3000
2019-04-30 16:40,2984
2019-04-30 16:45,2976
2019-04-30 16:50,2974
2019-04-30 16:55,2987
2019-04-30 17:00,3006
2019-04-30 17:05,3042
2019-04-30 17:10,3051
2019-04-30 17:15,3048
2019-04-30 17:20,3055
2019-04-30 17:25,3061
2019-04-30 17:30,3073
2019-04-30 17:35,3099
2019-04-30 17:40,3113
2019-04-30 17:45,3112
2019-04-30 17:50,3110
2019-04-30 17:55,3105
2019-04-30 18:00,3114
2019-04-30 18:05,3133
2019-04-30 18:10,3161
2019-04-30 18:15,3163
2019-04-30 18:20,3189
2019-04-30 18:25,3195
2019-04-30 18:30,3228
2019-04-30 18:35,3257
2019-04-30 18:40,3285
2019-04-30 18:45,3298
2019-04-30 18:50,3313
2019-04-30 18:55,3345
2019-04-30 19:00,3351
2019-04-30 19:05,3369
2019-04-30 19:10,3367
2019-04-30 19:15,3384
2019-04-30 19:20,3393
2019-04-30 19:25,3388
2019-04-30 19:30,3398
2019-04-30 19:35,3368
2019-04-30 19:40,3386
2019-04-30 19:45,3384
2019-04-30 19:50,3362
2019-04-30 19:55,3368
2019-04-30 20:00,3365
2019-04-30 20:05,3370
2019-04-30 20:10,3363
2019-04-30 20:15,3346
2019-04-30 20:20,3314
2019-04-30 20:25,3296
2019-04-30 20:30,3284
2019-04-30 20:35,3247
2019-04-30 20:40,3247
2019-04-30 20:45,3203
2019-04-30 20:50,3183
2019-04-30 20:55,3155
2019-04-30 21:00,3118
2019-04-30 21:05,3087
2019-04-30 21:10,3069
2019-04-30 21:15,3040
2019-04-30 21:20,3025
2019-04-30 21:25,2988
2019-04-30 21:30,2966
2019-04-30 21:35,2932
2019-04-30 21:40,2904
2019-04-30 21:45,2893
2019-04-30 21:50,2873
2019-04-30 21:55,2863
2019-04-30 22:00,2847
2019-04-30 22:05,2823
2019-04-30 22:10,2798
2019-04-30 22:15,2774
2019-04-30 22:20,
2019-04-30 22:25,
2019-04-30 22:30,2726
2019-04-30 22:35,2718
2019-04-30 22:40,2686
2019-04-30 22:45,2656
2019-04-30 22:50,2646
2019-04-30 22:55,2629
2019-04-30 23:00,2605
2019-04-30 23:05,2589
2019-04-30 23:10,2597
2019-04-30 23:15,2609
2019-04-30 23:20,2581
2019-04-30 23:25,2559
2019-04-30 23:30,2529
2019-04-30 23:35,2514
2019-04-30 23:40,2515
2019-04-30 23:45,2485
2019-04-30 23:50,2490
2019-04-30 23:55,2473
2019-05-01 00:00,2429
2019-05-01 00:05,2435
2019-05-01 00:10,2406
2019-05-01 00:15,2424
2019-05-01 00:20,2398
2019-05-01 00:25,2379
2019-05-01 00:30,2359
2019-05-01 00:35,2354
2019-05-01 00:40,2351
2019-05-01 00:45,2345
2019-05-01 00:50,2349
2019-05-01 00:55,2335
2019-05-01 01:00,2321
2019-05-01 01:05,2316
2019-05-01 01:10,2307
2019-05-01 01:15,2271
2019-05-01 01:20,2283
2019-05-01 01:25,2270
2019-05-01 01:30,2284
2019-05-01 01:35,2273
2019-05-01 01:40,2268
2019-05-01 01:45,2270
2019-05-01 01:50,2243
2019-05-01 01:55,2233
2019-05-01 02:00,2216
2019-05-01 02:05,2203
2019-05-01 02:10,2188
2019-05-01 02:15,2171
2019-05-01 02:20,2173
2019-05-01 02:25,2164
2019-05-01 02:30,2138
2019-05-01 02:35,2123
2019-05-01 02:40,2114
2019-05-01 02:45,2098
2019-05-01 02:50,2058
2019-05-01 02:55,2018
2019-05-01 03:00,1991
2019-05-01 03:05,1982
2019-05-01 03:10,1972
2019-05-01 03:15,1950
2019-05-01 03:20,1949
2019-05-01 03:25,1933
2019-05-01 03:30,1916
2019-05-01 03:35,1893
2019-05-01 03:40,1888
2019-05-01 03:45,1884
2019-05-01 03:50,1858
2019-05-01 03:55,1858
2019-05-01 04:00,1834
2019-05-01 04:05,1810
2019-05-01 04:10,1796
2019-05-01 04:15,1792
2019-05-01 04:20,1779
2019-05-01 04:25,1789
2019-05-01 04:30,1769
2019-05-01 04:35,1752
2019-05-01 04:40,1757
2019-05-01 04:45,1731
2019-05-01 04:50,1728
2019-05-01 04:55,1695
2019-05-01 05:00,1684
2019-05-01 05:05,1677
2019-05-01 05:10,1670
2019-05-01 05:15,1673
2019-05-01 05:20,1662
2019-05-01 05:25,1655
2019-05-01 05:30,1647
2019-05-01 05:35,1658
2019-05-01 05:40,1658
2019-05-01 05:45,1682
2019-05-01 05:50,1679
2019-05-01 05:55,1685
2019-05-01 06:00,1685
2019-05-01 06:05,1710
2019-05-01 06:10,1711
2019-05-01 06:15,1717
2019-05-01 06:20,1715
2019-05-01 06:25,1717
2019-05-01 06:30,1717
2019-05-01 06:35,1736
2019-05-01 06:40,1745
2019-05-01 06:45,1746
2019-05-01 06:50,1752
2019-05-01 06:55,1785
2019-05-01 07:00,1785
2019-05-01 07:05,1801
2019-05-01 07:10,1789
2019-05-01 07:15,1814
2019-05-01 07:20,1819
2019-05-01 07:25,1853
2019-05-01 07:30,1860
2019-05-01 07:35,1886
2019-05-01 07:40,1893
2019-05-01 07:45,1931
2019-05-01 07:50,1957
2019-05-01 07:55,1960
2019-05-01 08:00,1972
2019-05-01 08:05,1989
2019-05-01 08:10,2003
2019-05-01 08:15,2036
2019-05-01 08:20,2067
2019-05-01 08:25,2083
2019-05-01 08:30,2086
2019-05-01 08:35,2097
2019-05-01 08:40,2126
2019-05-01 08:45,2140
2019-05-01 08:50,2151
2019-05-01 08:55,2189
2019-05-01 09:00,2225
2019-05-01 09:05,2250
2019-05-01 09:10,2279
2019-05-01 09:15,2324
2019-05-01 09:20,2355
2019-05-01 09:25,2371
2019-05-01 09:30,2361
2019-05-01 09:35,2373
2019-05-01 09:40,2404
2019-05-01 09:45,2422
2019-05-01 09:50,2423
2019-05-01 09:55,2431
2019-05-01 10:00,2438
2019-05-01 10:05,2461
2019-05-01 10:10,2463
2019-05-01 10:15,2479
2019-05-01 10:20,2502
2019-05-01 10:25,2511
2019-05-01 10:30,2540
2019-05-01 10:35,2551
2019-05-01 10:40,2590
2019-05-01 10:45,2600
2019-05-01 10:50,2605
2019-05-01 10:55,2607
2019-05-01 11:00,2615
2019-05-01 11:05,2619
2019-05-01 11:10,2643
2019-05-01 11:15,2654
2019-05-01 11:20,2656
2019-05-01 11:25,2669
2019-05-01 11:30,2685
2019-05-01 11:35,2697
2019-05-01 11:40,2704
2019-05-01 11:45,2709
2019-05-01 11:50,2722
2019-05-01 11:55,2699
2019-05-01 12:00,2735
2019-05-01 12:05,2700
2019-05-01 12:10,2734
2019-05-01 12:15,2781
2019-05-01 12:20,2794
2019-05-01 12:25,2797
2019-05-01 12:30,2824
2019-05-01 12:35,2857
2019-05-01 12:40,2876
2019-05-01 12:45,2883
2019-05-01 12:50,2906
2019-05-01 12:55,2930
2019-05-01 13:00,2946
2019-05-01 13:05,2958
2019-05-01 13:10,2965
2019-05-01 13:15,2965
2019-05-01 13:20,2985
2019-05-01 13:25,2993
2019-05-01 13:30,2994
2019-05-01 13:35,3012
2019-05-01 13:40,3006
2019-05-01 13:45,3031
2019-05-01 13:50,3051
2019-05-01 13:55,3057
2019-05-01 14:00,3053
2019-05-01 14:05,3096
2019-05-01 14:10,3096
2019-05-01 14:15,3108
2019-05-01 14:20,3081
2019-05-01 14:25,3094
2019-05-01 14:30,3094
2019-05-01 14:35,3116
2019-05-01 14:40,3157
2019-05-01 14:45,3148
2019-05-01 14:50,3168
2019-05-01 14:55,3159
2019-05-01 15:00,3152
2019-05-01 15:05,3147
2019-05-01 15:10,3136
2019-05-01 15:15,3150
2019-05-01 15:20,3163
2019-05-01 15:25,3173
2019-05-01 15:30,3185
2019-05-01 15:35,3187
2019-05-01 15:40,3198
2019-05-01 15:45,3214
2019-05-01 15:50,3194
2019-05-01 15:55,3190
2019-05-01 16:00,3227
2019-05-01 16:05,3217
2019-05-01 16:10,3225
2019-05-01 16:15,3245
2019-05-01 16:20,3232
2019-05-01 16:25,3254
2019-05-01 16:30,3246
2019-05-01 16:35,3281
2019-05-01 16:40,3279
2019-05-01 16:45,3280
2019-05-01 16:50,3297
2019-05-01 16:55,3288
2019-05-01 17:00,3301
2019-05-01 17:05,3291
2019-05-01 17:10,3275
2019-05-01 17:15,3286
2019-05-01 17:20,3315
2019-05-01 17:25,3321
2019-05-01 17:30,3331
2019-05-01 17:35,3347
2019-05-01 17:40,3356
2019-05-01 17:45,3377
2019-05-01 17:50,3423
2019-05-01 17:55,3424
2019-05-01 18:00,3452
2019-05-01 18:05,3432
2019-05-01 18:10,3448
2019-05-01 18:15,3461
2019-05-01 18:20,3458
2019-05-01 18:25,3477
2019-05-01 18:30,3478
2019-05-01 18:35,3479
2019-05-01 18:40,3471
2019-05-01 18:45,3446
2019-05-01 18:50,3445
2019-05-01 18:55,3418
2019-05-01 19:00,3426
2019-05-01 19:05,3425
2019-05-01 19:10,3439
2019-05-01 19:15,3428
2019-05-01 19:20,3407
2019-05-01 19:25,3404
2019-05-01 19:30,3442
2019-05-01 19:35,3415
2019-05-01 19:40,3418
2019-05-01 19:45,3401
2019-05-01 19:50,3397
2019-05-01 19:55,3378
2019-05-01 20:00,3355
2019-05-01 20:05,3344
2019-05-01 20:10,3313
2019-05-01 20:15,3312
2019-05-01 20:20,3259
2019-05-01 20:25,3280
2019-05-01 20:30,3282
2019-05-01 20:35,3272
2019-05-01 20:40,3236
2019-05-01 20:45,3232
2019-05-01 20:50,3216
2019-05-01 20:55,3181
2019-05-01 21:00,3166
2019-05-01 21:05,3134
2019-05-01 21:10,3106
2019-05-01 21:15,3074
2019-05-01 21:20,3049
2019-05-01 21:25,3025
2019-05-01 21:30,2987
2019-05-01 21:35,2941
2019-05-01 21:40,2936
2019-05-01 21:45,2931
2019-05-01 21:50,2922
2019-05-01 21:55,2921
2019-05-01 22:00,2887
2019-05-01 22:05,2853
2019-05-01 22:10,2819
2019-05-01 22:15,2788
2019-05-01 22:20,2782
2019-05-01 22:25,2754
2019-05-01 22:30,2749
2019-05-01 22:35,2741
2019-05-01 22:40,2737
2019-05-01 22:45,2748
2019-05-01 22:50,2686
2019-05-01 22:55,2683
2019-05-01 23:00,2653
2019-05-01 23:05,2633
2019-05-01 23:10,2602
2019-05-01 23:15,2585
2019-05-01 23:20,2582
2019-05-01 23:25,2587
2019-05-01 23:30,2545
2019-05-01 23:35,2543
2019-05-01 23:40,2540
2019-05-01 23:45,2503
2019-05-01 23:50,2491
2019-05-01 23:55,2488
2019-05-02 00:00,2463
2019-05-02 00:05,2448
2019-05-02 00:10,2441
2019-05-02 00:15,2445
2019-05-02 00:20,2456
2019-05-02 00:25,2435
2019-05-02 00:30,2428
2019-05-02 00:35,2413
2019-05-02 00:40,2384
2019-05-02 00:45,2366
2019-05-02 00:50,2370
2019-05-02 00:55,2370
2019-05-02 01:00,2351
2019-05-02 01:05,2341
2019-05-02 01:10,2348
2019-05-02 01:15,2344
2019-05-02 01:20,2318
2019-05-02 01:25,2321
2019-05-02 01:30,2325
2019-05-02 01:35,2309
2019-05-02 01:40,2310
2019-05-02 01:45,2306
2019-05-02 01:50,2294
2019-05-02 01:55,2287
2019-05-02 02:00,2265
2019-05-02 02:05,2236
2019-05-02 02:10,2217
2019-05-02 02:15,2211
2019-05-02 02:20,2199
2019-05-02 02:25,2191
2019-05-02 02:30,2173
2019-05-02 02:35,2164
2019-05-02 02:40,2159
2019-05-02 02:45,2140
2019-05-02 02:50,2132
2019-05-02 02:55,2123
2019-05-02 03:00,2102
2019-05-02 03:05,2069
2019-05-02 03:10,2031
2019-05-02 03:15,2026
2019-05-02 03:20,2013
2019-05-02 03:25,2002
2019-05-02 03:30,1978
2019-05-02 03:35,1950
2019-05-02 03:40,1927
2019-05-02 03:45,1933
2019-05-02 03:50,1921
2019-05-02 03:55,1899
2019-05-02 04:00,1900
2019-05-02 04:05,1864
2019-05-02 04:10,1821
2019-05-02 04:15,1805
2019-05-02 04:20,1795
2019-05-02 04:25,1784
2019-05-02 04:30,1779
2019-05-02 04:35,1781
2019-05-02 04:40,1799
2019-05-02 04:45,1782
2019-05-02 04:50,1778
2019-05-02 04:55,1759
2019-05-02 05:00,1768
2019-05-02 05:05,1765
2019-05-02 05:10,1766
2019-05-02 05:15,1751
2019-05-02 05:20,1742
2019-05-02 05:25,1754
2019-05-02 05:30,1748
2019-05-02 05:35,1716
2019-05-02 05:40,1699
2019-05-02 05:45,1693
2019-05-02 05:50,1701
2019-05-02 05:55,1699
2019-05-02 06:00,1704
2019-05-02 06:05,1691
2019-05-02 06:10,1699
2019-05-02 06:15,1715
2019-05-02 06:20,1723
2019-05-02 06:25,1721
2019-05-02 06:30,1723
2019-05-02 06:35,1742
2019-05-02 06:40,1732
2019-05-02 06:45,1737
2019-05-02 06:50,1745
2019-05-02 06:55,1758
2019-05-02 07:00,1761
2019-05-02 07:05,1746
2019-05-02 07:10,1761
2019-05-02 07:15,1788
2019-05-02 07:20,1809
2019-05-02 07:25,1804
2019-05-02 07:30,1806
2019-05-02 07:35,1811
2019-05-02 07:40,1805
2019-05-02 07:45,1814
2019-05-02 07:50,1836
2019-05-02 07:55,1854
2019-05-02 08:00,1873
2019-05-02 08:05,1872
2019-05-02 08:10,1865
2019-05-02 08:15,1868
2019-05-02 08:20,1875
2019-05-02 08:25,1883
2019-05-02 08:30,1896
2019-05-02 08:35,1881
2019-05-02 08:40,1902
2019-05-02 08:45,1926
2019-05-02 08:50,1942
2019-05-02 08:55,1942
2019-05-02 09:00,1952
2019-05-02 09:05,1938
2019-05-02 09:10,1956
2019-05-02 09:15,1952
2019-05-02 09:20,1967
2019-05-02 09:25,1974
2019-05-02 09:30,1966
2019-05-02 09:35,1987
2019-05-02 09:40,2008
2019-05-02 09:45,2037
2019-05-02 09:50,2059
2019-05-02 09:55,2080
2019-05-02 10:00,2085
2019-05-02 10:05,2109
2019-05-02 10:10,2149
2019-05-02 10:15,2162
2019-05-02 10:20,2214
2019-05-02 10:25,2214
2019-05-02 10:30,2251
2019-05-02 10:35,2279
2019-05-02 10:40,2301
2019-05-02 10:45,2337
2019-05-02 10:50,2315
2019-05-02 10:55,2333
2019-05-02 11:00,2329
2019-05-02 11:05,2320
2019-05-02 11:10,2343
2019-05-02 11:15,2356
2019-05-02 11:20,2366
2019-05-02 11:25,2364
2019-05-02 11:30,2397
2019-05-02 11:35,2391
2019-05-02 11:40,2407
2019-05-02 11:45,2386
2019-05-02 11:50,2380
2019-05-02 11:55,2389
2019-05-02 12:00,2394
2019-05-02 12:05,2403
2019-05-02 12:10,2392
2019-05-02 12:15,2411
2019-05-02 12:20,2447
2019-05-02 12:25,2453
2019-05-02 12:30,2454
2019-05-02 12:35,2457
2019-05-02 12:40,2481
2019-05-02 12:45,2483
2019-05-02 12:50,2500
2019-05-02 12:55,2514
2019-05-02 13:00,2512
2019-05-02 13:05,2550
2019-05-02 13:10,2569
2019-05-02 13:15,2577
2019-05-02 13:20,2588
2019-05-02 13:25,2596
2019-05-02 13:30,2580
2019-05-02 13:35,2533
2019-05-02 13:40,2542
2019-05-02 13:45,2522
2019-05-02 13:50,2493
2019-05-02 13:55,2396
2019-05-02 14:00,2177
2019-05-02 14:05,1643
2019-05-02 14:10,1636
2019-05-02 14:15,1609
2019-05-02 14:20,1665
2019-05-02 14:25,1661
2019-05-02 14:30,1657
2019-05-02 14:35,1665
2019-05-02 14:40,1674
2019-05-02 14:45,1688
2019-05-02 14:50,1700
2019-05-02 14:55,1707
2019-05-02 15:00,1697
2019-05-02 15:05,1743
2019-05-02 15:10,1765
2019-05-02 15:15,1775
2019-05-02 15:20,1908
2019-05-02 15:25,2043
2019-05-02 15:30,2152
2019-05-02 15:35,2271
2019-05-02 15:40,2362
2019-05-02 15:45,2459
2019-05-02 15:50,2565
2019-05-02 15:55,2650
2019-05-02 16:00,2711
2019-05-02 16:05,2806
2019-05-02 16:10,2881
2019-05-02 16:15,2956
2019-05-02 16:20,3042
2019-05-02 16:25,3075
2019-05-02 16:30,3119
2019-05-02 16:35,3161
2019-05-02 16:40,3238
2019-05-02 16:45,3268
2019-05-02 16:50,3333
2019-05-02 16:55,3370
2019-05-02 17:00,3391
2019-05-02 17:05,3395
2019-05-02 17:10,3390
2019-05-02 17:15,3385
2019-05-02 17:20,3387
2019-05-02 17:25,3375
2019-05-02 17:30,3403
2019-05-02 17:35,3422
2019-05-02 17:40,3425
2019-05-02 17:45,3411
2019-05-02 17:50,3439
2019-05-02 17:55,3433
2019-05-02 18:00,3456
2019-05-02 18:05,3479
2019-05-02 18:10,3469
2019-05-02 18:15,3470
2019-05-02 18:20,3492
2019-05-02 18:25,3500
2019-05-02 18:30,3490
2019-05-02 18:35,3488
2019-05-02 18:40,3510
2019-05-02 18:45,3527
2019-05-02 18:50,3544
2019-05-02 18:55,3516
2019-05-02 19:00,3519
2019-05-02 19:05,3495
2019-05-02 19:10,3515
2019-05-02 19:15,3533
2019-05-02 19:20,3554
2019-05-02 19:25,3562
2019-05-02 19:30,3554
2019-05-02 19:35,3560
2019-05-02 19:40,3578
2019-05-02 19:45,3560
2019-05-02 19:50,3530
2019-05-02 19:55,3514
2019-05-02 20:00,3496
2019-05-02 20:05,3478
2019-05-02 20:10,3465
2019-05-02 20:15,3403
2019-05-02 20:20,3407
2019-05-02 20:25,3379
2019-05-02 20:30,3332
2019-05-02 20:35,3300
2019-05-02 20:40,3289
2019-05-02 20:45,3304
2019-05-02 20:50,3293
2019-05-02 20:55,3271
2019-05-02 21:00,3229
2019-05-02 21:05,3214
2019-05-02 21:10,3144
2019-05-02 21:15,3119
2019-05-02 21:20,3064
2019-05-02 21:25,3037
2019-05-02 21:30,2993
2019-05-02 21:35,2967
2019-05-02 21:40,2915
2019-05-02 21:45,2872
2019-05-02 21:50,2841
2019-05-02 21:55,2800
2019-05-02 22:00,2786
2019-05-02 22:05,2762
2019-05-02 22:10,2730
2019-05-02 22:15,2716
2019-05-02 22:20,2703
2019-05-02 22:25,2663
2019-05-02 22:30,2645
2019-05-02 22:35,2630
2019-05-02 22:40,2611
2019-05-02 22:45,2578
2019-05-02 22:50,2583
2019-05-02 22:55,2551
2019-05-02 23:00,2519
2019-05-02 23:05,2523
2019-05-02 23:10,2486
2019-05-02 23:15,2454
2019-05-02 23:20,2478
2019-05-02 23:25,2482
2019-05-02 23:30,2459
2019-05-02 23:35,2445
2019-05-02 23:40,2411
2019-05-02 23:45,2401
2019-05-02 23:50,2389
2019-05-02 23:55,2371
2019-05-03 00:00,2349
2019-05-03 00:05,2294
2019-05-03 00:10,2292
2019-05-03 00:15,2280
2019-05-03 00:20,2266
2019-05-03 00:25,2285
2019-05-03 00:30,2273
2019-05-03 00:35,2282
2019-05-03 00:40,2272
2019-05-03 00:45,2261
2019-05-03 00:50,2250
2019-05-03 00:55,2236
2019-05-03 01:00,2236
2019-05-03 01:05,2218
2019-05-03 01:10,2209
2019-05-03 01:15,2184
2019-05-03 01:20,2171
2019-05-03 01:25,2184
2019-05-03 01:30,2195
2019-05-03 01:35,2193
2019-05-03 01:40,2185
2019-05-03 01:45,2184
2019-05-03 01:50,2168
2019-05-03 01:55,2170
2019-05-03 02:00,2148
2019-05-03 02:05,2136
2019-05-03 02:10,2128
2019-05-03 02:15,2123
2019-05-03 02:20,2118
2019-05-03 02:25,2107
2019-05-03 02:30,2084
2019-05-03 02:35,2065
2019-05-03 02:40,2059
2019-05-03 02:45,2061
2019-05-03 02:50,2045
2019-05-03 02:55,2036
2019-05-03 03:00,2026
2019-05-03 03:05,1986
2019-05-03 03:10,1975
2019-05-03 03:15,1921
2019-05-03 03:20,1923
2019-05-03 03:25,1906
2019-05-03 03:30,1869
2019-05-03 03:35,1866
2019-05-03 03:40,1839
2019-05-03 03:45,1809
2019-05-03 03:50,1792
2019-05-03 03:55,1794
2019-05-03 04:00,1775
2019-05-03 04:05,1757
2019-05-03 04:10,1764
2019-05-03 04:15,1762
2019-05-03 04:20,1762
2019-05-03 04:25,1749
2019-05-03 04:30,1751
2019-05-03 04:35,1732
2019-05-03 04:40,1721
2019-05-03 04:45,1731
2019-05-03 04:50,1730
2019-05-03 04:55,1719
2019-05-03 05:00,1715
2019-05-03 05:05,1679
2019-05-03 05:10,1666
2019-05-03 05:15,1660
2019-05-03 05:20,1672
2019-05-03 05:25,1665
2019-05-03 05:30,1650
2019-05-03 05:35,1645
2019-05-03 05:40,1644
2019-05-03 05:45,1648
2019-05-03 05:50,1638
2019-05-03 05:55,1629
2019-05-03 06:00,1634
2019-05-03 06:05,1649
2019-05-03 06:10,1646
2019-05-03 06:15,1635
2019-05-03 06:20,1635
2019-05-03 06:25,1633
2019-05-03 06:30,1631
2019-05-03 06:35,1625
2019-05-03 06:40,1638
2019-05-03 06:45,1639
2019-05-03 06:50,1646
2019-05-03 06:55,1638
2019-05-03 07:00,1659
2019-05-03 07:05,1659
2019-05-03 07:10,1649
2019-05-03 07:15,1676
2019-05-03 07:20,1676
2019-05-03 07:25,1670
2019-05-03 07:30,1689
2019-05-03 07:35,1700
2019-05-03 07:40,1717
2019-05-03 07:45,1736
2019-05-03 07:50,1736
2019-05-03 07:55,1735
2019-05-03 08:00,1742
2019-05-03 08:05,1742
2019-05-03 08:10,1748
2019-05-03 08:15,1768
2019-05-03 08:20,1768
2019-05-03 08:25,1780
2019-05-03 08:30,1786
2019-05-03 08:35,1786
2019-05-03 08:40,1837
2019-05-03 08:45,1828
2019-05-03 08:50,1828
2019-05-03 08:55,1841
2019-05-03 09:00,1863
2019-05-03 09:05,1863
2019-05-03 09:10,1912
2019-05-03 09:15,1938
2019-05-03 09:20,1938
2019-05-03 09:25,1975
2019-05-03 09:30,1970
2019-05-03 09:35,1970
2019-05-03 09:40,2003
2019-05-03 09:45,2040
2019-05-03 09:50,2040
2019-05-03 09:55,2063
2019-05-03 10:00,2079
2019-05-03 10:05,2079
2019-05-03 10:10,2078
2019-05-03 10:15,2074
2019-05-03 10:20,2074
2019-05-03 10:25,2087
2019-05-03 10:30,2159
2019-05-03 10:35,2159
2019-05-03 10:40,2186
2019-05-03 10:45,2206
2019-05-03 10:50,2208
2019-05-03 10:55,2236
2019-05-03 11:00,2240
2019-05-03 11:05,2259
2019-05-03 11:10,2257
2019-05-03 11:15,2268
2019-05-03 11:20,2268
2019-05-03 11:25,2286
2019-05-03 11:30,2300
2019-05-03 11:35,2300
2019-05-03 11:40,2299
2019-05-03 11:45,2294
2019-05-03 11:50,2285
2019-05-03 11:55,2298
2019-05-03 12:00,2304
2019-05-03 12:05,2304
2019-05-03 12:10,2324
2019-05-03 12:15,2343
2019-05-03 12:20,2343
2019-05-03 12:25,2390
2019-05-03 12:30,2390
2019-05-03 12:35,2383
2019-05-03 12:40,2438
2019-05-03 12:45,2438
2019-05-03 12:50,2478
2019-05-03 12:55,2515
2019-05-03 13:00,2498
2019-05-03 13:05,2495
2019-05-03 13:10,2513
2019-05-03 13:15,2534
2019-05-03 13:20,2537
2019-05-03 13:25,2543
2019-05-03 13:30,2544
2019-05-03 13:35,2553
2019-05-03 13:40,2564
2019-05-03 13:45,2573
2019-05-03 13:50,2578
2019-05-03 13:55,2594
2019-05-03 14:00,2615
2019-05-03 14:05,2624
2019-05-03 14:10,2623
2019-05-03 14:15,2647
2019-05-03 14:20,2645
2019-05-03 14:25,2655
2019-05-03 14:30,2667
2019-05-03 14:35,2655
2019-05-03 14:40,2669
2019-05-03 14:45,2701
2019-05-03 14:50,2699
2019-05-03 14:55,2687
2019-05-03 15:00,2693
2019-05-03 15:05,2701
2019-05-03 15:10,2743
2019-05-03 15:15,2743
2019-05-03 15:20,2754
2019-05-03 15:25,2745
2019-05-03 15:30,2769
2019-05-03 15:35,2803
2019-05-03 15:40,2791
2019-05-03 15:45,2806
2019-05-03 15:50,2784
2019-05-03 15:55,2808
2019-05-03 16:00,2799
2019-05-03 16:05,2807
2019-05-03 16:10,2817
2019-05-03 16:15,2814
2019-05-03 16:20,2838
2019-05-03 16:25,2871
2019-05-03 16:30,2869
2019-05-03 16:35,2871
2019-05-03 16:40,2883
2019-05-03 16:45,2901
2019-05-03 16:50,2936
2019-05-03 16:55,2947
2019-05-03 17:00,2988
2019-05-03 17:05,2981
2019-05-03 17:10,2981
2019-05-03 17:15,2973
2019-05-03 17:20,2992
2019-05-03 17:25,3006
2019-05-03 17:30,3022
2019-05-03 17:35,3038
2019-05-03 17:40,3055
2019-05-03 17:45,3058
2019-05-03 17:50,3067
2019-05-03 17:55,3066
2019-05-03 18:00,3097
2019-05-03 18:05,3077
2019-05-03 18:10,3094
2019-05-03 18:15,3098
2019-05-03 18:20,3091
2019-05-03 18:25,3067
2019-05-03 18:30,3055
2019-05-03 18:35,3069
2019-05-03 18:40,3068
2019-05-03 18:45,3087
2019-05-03 18:50,3084
2019-05-03 18:55,3117
2019-05-03 19:00,3150
2019-05-03 19:05,3137
2019-05-03 19:10,3163
2019-05-03 19:15,3170
2019-05-03 19:20,3159
2019-05-03 19:25,3178
2019-05-03 19:30,3195
2019-05-03 19:35,3198
2019-05-03 19:40,3183
2019-05-03 19:45,3201
2019-05-03 19:50,3188
2019-05-03 19:55,3205
2019-05-03 20:00,3210
2019-05-03 20:05,3175
2019-05-03 20:10,3162
2019-05-03 20:15,3175
2019-05-03 20:20,3134
2019-05-03 20:25,3116
2019-05-03 20:30,3120
2019-05-03 20:35,3137
2019-05-03 20:40,3113
2019-05-03 20:45,3092
2019-05-03 20:50,3077
2019-05-03 20:55,3052
2019-05-03 21:00,3016
2019-05-03 21:05,3002
2019-05-03 21:10,2979
2019-05-03 21:15,2976
2019-05-03 21:20,2967
2019-05-03 21:25,2953
2019-05-03 21:30,2939
2019-05-03 21:35,2929
2019-05-03 21:40,2918
2019-05-03 21:45,2899
2019-05-03 21:50,2867
2019-05-03 21:55,2844
2019-05-03 22:00,2801
2019-05-03 22:05,2780
2019-05-03 22:10,2759
2019-05-03 22:15,2721
2019-05-03 22:20,2689
2019-05-03 22:25,2609
2019-05-03 22:30,2596
2019-05-03 22:35,2568
2019-05-03 22:40,2547
2019-05-03 22:45,2522
2019-05-03 22:50,2533
2019-05-03 22:55,2509
2019-05-03 23:00,2489
2019-05-03 23:05,2454
2019-05-03 23:10,2432
2019-05-03 23:15,2425
2019-05-03 23:20,2420
2019-05-03 23:25,2418
2019-05-03 23:30,2382
2019-05-03 23:35,2383
2019-05-03 23:40,2331
2019-05-03 23:45,2311
2019-05-03 23:50,2325
2019-05-03 23:55,2325
2019-05-04 00:00,2307
2019-05-04 00:05,2291
2019-05-04 00:10,2294
2019-05-04 00:15,2281
2019-05-04 00:20,2281
2019-05-04 00:25,2286
2019-05-04 00:30,2281
2019-05-04 00:35,2256
2019-05-04 00:40,2265
2019-05-04 00:45,2254
2019-05-04 00:50,2248
2019-05-04 00:55,2236
2019-05-04 01:00,2202
2019-05-04 01:05,2219
2019-05-04 01:10,2220
2019-05-04 01:15,2189
2019-05-04 01:20,2198
2019-05-04 01:25,2189
2019-05-04 01:30,2181
2019-05-04 01:35,2185
2019-05-04 01:40,2173
2019-05-04 01:45,2172
2019-05-04 01:50,2166
2019-05-04 01:55,2177
2019-05-04 02:00,2174
2019-05-04 02:05,2165
2019-05-04 02:10,2153
2019-05-04 02:15,2146
2019-05-04 02:20,2157
2019-05-04 02:25,2154
2019-05-04 02:30,2148
2019-05-04 02:35,2144
2019-05-04 02:40,2122
2019-05-04 02:45,2100
2019-05-04 02:50,2088
2019-05-04 02:55,2078
2019-05-04 03:00,2088
2019-05-04 03:05,2060
2019-05-04 03:10,2066
2019-05-04 03:15,2061
2019-05-04 03:20,2042
2019-05-04 03:25,2039
2019-05-04 03:30,2018
2019-05-04 03:35,1988
2019-05-04 03:40,1964
2019-05-04 03:45,1929
2019-05-04 03:50,1935
2019-05-04 03:55,1920
2019-05-04 04:00,1901
2019-05-04 04:05,1888
2019-05-04 04:10,1874
2019-05-04 04:15,1885
2019-05-04 04:20,1874
2019-05-04 04:25,1869
2019-05-04 04:30,1871
2019-05-04 04:35,1850
2019-05-04 04:40,1836
2019-05-04 04:45,1816
2019-05-04 04:50,1819
2019-05-04 04:55,1814
2019-05-04 05:00,1794
2019-05-04 05:05,1773
2019-05-04 05:10,1769
2019-05-04 05:15,1766
2019-05-04 05:20,1762
2019-05-04 05:25,1733
2019-05-04 05:30,1719
2019-05-04 05:35,1729
2019-05-04 05:40,1721
2019-05-04 05:45,1714
2019-05-04 05:50,1728
2019-05-04 05:55,1725
2019-05-04 06:00,1728
2019-05-04 06:05,1708
2019-05-04 06:10,1715
2019-05-04 06:15,1697
2019-05-04 06:20,1709
2019-05-04 06:25,1698
2019-05-04 06:30,1684
2019-05-04 06:35,1664
2019-05-04 06:40,1675
2019-05-04 06:45,1696
2019-05-04 06:50,1707
2019-05-04 06:55,1719
2019-05-04 07:00,1735
2019-05-04 07:05,1744
2019-05-04 07:10,1737
2019-05-04 07:15,1741
2019-05-04 07:20,1743
2019-05-04 07:25,1745
2019-05-04 07:30,1746
2019-05-04 07:35,1769
2019-05-04 07:40,1773
2019-05-04 07:45,1793
2019-05-04 07:50,1811
2019-05-04 07:55,1817
2019-05-04 08:00,1831
2019-05-04 08:05,1839
2019-05-04 08:10,1855
2019-05-04 08:15,1868
2019-05-04 08:20,1893
2019-05-04 08:25,1935
2019-05-04 08:30,1946
2019-05-04 08:35,1977
2019-05-04 08:40,1989
2019-05-04 08:45,2022
2019-05-04 08:50,2052
2019-05-04 08:55,2062
2019-05-04 09:00,2080
2019-05-04 09:05,2118
2019-05-04 09:10,2140
2019-05-04 09:15,2170
2019-05-04 09:20,2191
2019-05-04 09:25,2217
2019-05-04 09:30,2231
2019-05-04 09:35,2228
2019-05-04 09:40,2255
2019-05-04 09:45,2270
2019-05-04 09:50,2267
2019-05-04 09:55,2295
2019-05-04 10:00,2305
2019-05-04 10:05,2337
2019-05-04 10:10,2354
2019-05-04 10:15,2365
2019-05-04 10:20,2404
2019-05-04 10:25,2436
2019-05-04 10:30,2440
2019-05-04 10:35,2437
2019-05-04 10:40,2474
2019-05-04 10:45,2489
2019-05-04 10:50,2519
2019-05-04 10:55,2521
2019-05-04 11:00,2550
2019-05-04 11:05,2558
2019-05-04 11:10,2568
2019-05-04 11:15,2599
2019-05-04 11:20,2612
2019-05-04 11:25,2621
2019-05-04 11:30,2641
2019-05-04 11:35,2648
2019-05-04 11:40,2663
2019-05-04 11:45,2660
2019-05-04 11:50,2670
2019-05-04 11:55,2686
2019-05-04 12:00,2668
2019-05-04 12:05,2694
2019-05-04 12:10,2697
2019-05-04 12:15,2696
2019-05-04 12:20,2732
2019-05-04 12:25,2738
2019-05-04 12:30,2769
2019-05-04 12:35,2792
2019-05-04 12:40,2818
2019-05-04 12:45,2817
2019-05-04 12:50,2814
2019-05-04 12:55,2817
2019-05-04 13:00,2831
2019-05-04 13:05,2818
2019-05-04 13:10,2827
2019-05-04 13:15,2826
2019-05-04 13:20,2865
2019-05-04 13:25,2868
2019-05-04 13:30,2875
2019-05-04 13:35,2898
2019-05-04 13:40,2908
2019-05-04 13:45,2911
2019-05-04 13:50,2943
2019-05-04 13:55,2956
2019-05-04 14:00,2989
2019-05-04 14:05,3036
2019-05-04 14:10,3064
2019-05-04 14:15,3088
2019-05-04 14:20,3092
2019-05-04 14:25,3094
2019-05-04 14:30,3114
2019-05-04 14:35,3123
2019-05-04 14:40,3136
2019-05-04 14:45,3151
2019-05-04 14:50,3163
2019-05-04 14:55,3211
2019-05-04 15:00,3215
2019-05-04 15:05,3223
2019-05-04 15:10,3204
2019-05-04 15:15,3219
2019-05-04 15:20,3216
2019-05-04 15:25,3242
2019-05-04 15:30,3261
2019-05-04 15:35,3263
2019-05-04 15:40,3278
2019-05-04 15:45,3282
2019-05-04 15:50,3294
2019-05-04 15:55,3287
2019-05-04 16:00,3287
2019-05-04 16:05,3305
2019-05-04 16:10,3303
2019-05-04 16:15,3280
2019-05-04 16:20,3291
2019-05-04 16:25,3280
2019-05-04 16:30,3295
2019-05-04 16:35,3270
2019-05-04 16:40,3282
2019-05-04 16:45,3284
2019-05-04 16:50,3264
2019-05-04 16:55,3274
2019-05-04 17:00,3253
2019-05-04 17:05,3256
2019-05-04 17:10,3270
2019-05-04 17:15,3259
2019-05-04 17:20,3301
2019-05-04 17:25,3316
2019-05-04 17:30,3321
2019-05-04 17:35,3336
2019-05-04 17:40,3338
2019-05-04 17:45,3372
2019-05-04 17:50,3398
2019-05-04 17:55,3423
2019-05-04 18:00,3420
2019-05-04 18:05,3438
2019-05-04 18:10,3462
2019-05-04 18:15,3436
2019-05-04 18:20,3435
2019-05-04 18:25,3456
2019-05-04 18:30,3431
2019-05-04 18:35,3446
2019-05-04 18:40,3435
2019-05-04 18:45,3410
2019-05-04 18:50,3423
2019-05-04 18:55,3449
2019-05-04 19:00,3443
2019-05-04 19:05,3463
2019-05-04 19:10,3448
2019-05-04 19:15,3467
2019-05-04 19:20,3473
2019-05-04 19:25,3486
2019-05-04 19:30,3465
2019-05-04 19:35,3492
2019-05-04 19:40,3514
2019-05-04 19:45,3525
2019-05-04 19:50,3534
2019-05-04 19:55,3512
2019-05-04 20:00,3458
2019-05-04 20:05,3466
2019-05-04 20:10,3445
2019-05-04 20:15,3454
2019-05-04 20:20,3447
2019-05-04 20:25,3446
2019-05-04 20:30,3406
2019-05-04 20:35,3428
2019-05-04 20:40,3405
2019-05-04 20:45,3392
2019-05-04 20:50,3386
2019-05-04 20:55,3361
2019-05-04 21:00,3370
2019-05-04 21:05,3338
2019-05-04 21:10,3310
2019-05-04 21:15,3299
2019-05-04 21:20,3265
2019-05-04 21:25,3223
2019-05-04 21:30,3192
2019-05-04 21:35,3173
2019-05-04 21:40,3139
2019-05-04 21:45,3125
2019-05-04 21:50,3088
2019-05-04 21:55,3082
2019-05-04 22:00,3033
2019-05-04 22:05,2995
2019-05-04 22:10,2983
2019-05-04 22:15,2977
2019-05-04 22:20,2953
2019-05-04 22:25,2924
2019-05-04 22:30,2888
2019-05-04 22:35,2860
2019-05-04 22:40,2831
2019-05-04 22:45,2789
2019-05-04 22:50,2741
2019-05-04 22:55,2714
2019-05-04 23:00,2667
2019-05-04 23:05,2626
2019-05-04 23:10,2605
2019-05-04 23:15,2569
2019-05-04 23:20,2550
2019-05-04 23:25,2498
2019-05-04 23:30,2488
2019-05-04 23:35,2489
2019-05-04 23:40,2469
2019-05-04 23:45,2451
2019-05-04 23:50,2457
2019-05-04 23:55,2469
2019-05-05 00:00,2471
2019-05-05 00:05,2469
2019-05-05 00:10,2430
2019-05-05 00:15,2412
2019-05-05 00:20,2382
2019-05-05 00:25,2371
2019-05-05 00:30,2355
2019-05-05 00:35,2347
2019-05-05 00:40,2309
2019-05-05 00:45,2296
2019-05-05 00:50,2284
2019-05-05 00:55,2271
2019-05-05 01:00,2266
2019-05-05 01:05,2258
2019-05-05 01:10,2216
2019-05-05 01:15,2208
2019-05-05 01:20,2215
2019-05-05 01:25,2218
2019-05-05 01:30,2225
2019-05-05 01:35,2200
2019-05-05 01:40,2160
2019-05-05 01:45,2158
2019-05-05 01:50,2142
2019-05-05 01:55,2142
2019-05-05 02:00,2136
2019-05-05 02:05,2126
2019-05-05 02:10,2120
2019-05-05 02:15,2117
2019-05-05 02:20,2113
2019-05-05 02:25,2099
2019-05-05 02:30,2108
2019-05-05 02:35,2101
2019-05-05 02:40,2084
2019-05-05 02:45,2088
2019-05-05 02:50,2093
2019-05-05 02:55,2072
2019-05-05 03:00,2077
2019-05-05 03:05,2053
2019-05-05 03:10,2038
2019-05-05 03:15,2033
2019-05-05 03:20,2023
2019-05-05 03:25,1999
2019-05-05 03:30,1988
2019-05-05 03:35,1965
2019-05-05 03:40,1942
2019-05-05 03:45,1921
2019-05-05 03:50,1922
2019-05-05 03:55,1906
2019-05-05 04:00,1866
2019-05-05 04:05,1839
2019-05-05 04:10,1803
2019-05-05 04:15,1811
2019-05-05 04:20,1805
2019-05-05 04:25,1789
2019-05-05 04:30,1780
2019-05-05 04:35,1785
2019-05-05 04:40,1756
2019-05-05 04:45,1752
2019-05-05 04:50,1748
2019-05-05 04:55,1740
2019-05-05 05:00,1717
2019-05-05 05:05,1736
2019-05-05 05:10,1753
2019-05-05 05:15,1761
2019-05-05 05:20,1758
2019-05-05 05:25,1756
2019-05-05 05:30,1756
2019-05-05 05:35,1742
2019-05-05 05:40,1755
2019-05-05 05:45,1760
2019-05-05 05:50,1762
2019-05-05 05:55,1761
2019-05-05 06:00,1764
2019-05-05 06:05,1765
2019-05-05 06:10,1768
2019-05-05 06:15,1769
2019-05-05 06:20,1772
2019-05-05 06:25,1772
2019-05-05 06:30,1758
2019-05-05 06:35,1752
2019-05-05 06:40,1777
2019-05-05 06:45,1774
2019-05-05 06:50,1782
2019-05-05 06:55,1769
2019-05-05 07:00,1779
2019-05-05 07:05,1803
2019-05-05 07:10,1832
2019-05-05 07:15,1830
2019-05-05 07:20,1846
2019-05-05 07:25,1870
2019-05-05 07:30,1904
2019-05-05 07:35,1898
2019-05-05 07:40,1908
2019-05-05 07:45,1909
2019-05-05 07:50,1913
2019-05-05 07:55,1922
2019-05-05 08:00,1954
2019-05-05 08:05,1974
2019-05-05 08:10,1999
2019-05-05 08:15,2005
2019-05-05 08:20,2035
2019-05-05 08:25,2059
2019-05-05 08:30,2050
2019-05-05 08:35,2073
2019-05-05 08:40,2080
2019-05-05 08:45,2105
2019-05-05 08:50,2165
2019-05-05 08:55,2196
2019-05-05 09:00,2217
2019-05-05 09:05,2232
2019-05-05 09:10,2256
2019-05-05 09:15,2263
2019-05-05 09:20,2273
2019-05-05 09:25,2271
2019-05-05 09:30,2302
2019-05-05 09:35,2325
2019-05-05 09:40,2377
2019-05-05 09:45,2386
2019-05-05 09:50,2430
2019-05-05 09:55,2436
2019-05-05 10:00,2466
2019-05-05 10:05,2521
2019-05-05 10:10,2502
2019-05-05 10:15,2518
2019-05-05 10:20,2548
2019-05-05 10:25,2574
2019-05-05 10:30,2595
2019-05-05 10:35,2622
2019-05-05 10:40,2640
2019-05-05 10:45,2665
2019-05-05 10:50,2683
2019-05-05 10:55,2706
2019-05-05 11:00,2726
2019-05-05 11:05,2732
2019-05-05 11:10,2741
2019-05-05 11:15,2772
2019-05-05 11:20,2790
2019-05-05 11:25,2812
2019-05-05 11:30,2838
2019-05-05 11:35,2832
2019-05-05 11:40,2843
2019-05-05 11:45,2851
2019-05-05 11:50,2881
2019-05-05 11:55,2888
2019-05-05 12:00,2905
2019-05-05 12:05,2942
2019-05-05 12:10,2942
2019-05-05 12:15,2957
2019-05-05 12:20,2968
2019-05-05 12:25,2990
2019-05-05 12:30,2990
2019-05-05 12:35,3009
2019-05-05 12:40,3021
2019-05-05 12:45,3026
2019-05-05 12:50,3038
2019-05-05 12:55,3071
2019-05-05 13:00,3085
2019-05-05 13:05,3102
2019-05-05 13:10,3129
2019-05-05 13:15,3158
2019-05-05 13:20,3178
2019-05-05 13:25,3191
2019-05-05 13:30,3210
2019-05-05 13:35,3234
2019-05-05 13:40,3242
2019-05-05 13:45,3282
2019-05-05 13:50,3271
2019-05-05 13:55,3293
2019-05-05 14:00,3310
2019-05-05 14:05,3338
2019-05-05 14:10,3333
2019-05-05 14:15,3350
2019-05-05 14:20,3368
2019-05-05 14:25,3393
2019-05-05 14:30,3390
2019-05-05 14:35,3429
2019-05-05 14:40,3428
2019-05-05 14:45,3449
2019-05-05 14:50,3476
2019-05-05 14:55,3491
2019-05-05 15:00,3488
2019-05-05 15:05,3488
2019-05-05 15:10,3490
2019-05-05 15:15,3508
2019-05-05 15:20,3524
2019-05-05 15:25,3530
2019-05-05 15:30,3537
2019-05-05 15:35,3571
2019-05-05 15:40,3567
2019-05-05 15:45,3576
2019-05-05 15:50,3606
2019-05-05 15:55,3620
2019-05-05 16:00,3633
2019-05-05 16:05,3652
2019-05-05 16:10,3643
2019-05-05 16:15,3657
2019-05-05 16:20,3679
2019-05-05 16:25,3712
2019-05-05 16:30,3714
2019-05-05 16:35,3683
2019-05-05 16:40,3676
2019-05-05 16:45,3672
2019-05-05 16:50,3671
2019-05-05 16:55,3698
2019-05-05 17:00,3710
2019-05-05 17:05,3703
2019-05-05 17:10,3703
2019-05-05 17:15,3679
2019-05-05 17:20,3674
2019-05-05 17:25,3705
2019-05-05 17:30,3713
2019-05-05 17:35,3734
2019-05-05 17:40,3746
2019-05-05 17:45,3763
2019-05-05 17:50,3782
2019-05-05 17:55,3780
2019-05-05 18:00,3739
2019-05-05 18:05,3746
2019-05-05 18:10,3718
2019-05-05 18:15,3706
2019-05-05 18:20,3703
2019-05-05 18:25,3741
2019-05-05 18:30,3754
2019-05-05 18:35,3780
2019-05-05 18:40,3750
2019-05-05 18:45,3749
2019-05-05 18:50,3744
2019-05-05 18:55,3747
2019-05-05 19:00,3745
2019-05-05 19:05,3768
2019-05-05 19:10,3765
2019-05-05 19:15,3743
2019-05-05 19:20,3722
2019-05-05 19:25,3712
2019-05-05 19:30,3684
2019-05-05 19:35,3654
2019-05-05 19:40,3638
2019-05-05 19:45,3628
2019-05-05 19:50,3621
2019-05-05 19:55,3605
2019-05-05 20:00,3558
2019-05-05 20:05,3526
2019-05-05 20:10,3492
2019-05-05 20:15,3481
2019-05-05 20:20,3448
2019-05-05 20:25,3408
2019-05-05 20:30,3385
2019-05-05 20:35,3387
2019-05-05 20:40,3388
2019-05-05 20:45,3322
2019-05-05 20:50,3299
2019-05-05 20:55,3279
2019-05-05 21:00,3261
2019-05-05 21:05,3253
2019-05-05 21:10,3215
2019-05-05 21:15,3145
2019-05-05 21:20,3126
2019-05-05 21:25,3116
2019-05-05 21:30,3083
2019-05-05 21:35,3043
2019-05-05 21:40,2986
2019-05-05 21:45,2967
2019-05-05 21:50,2938
2019-05-05 21:55,2881
2019-05-05 22:00,2844
2019-05-05 22:05,2805
2019-05-05 22:10,2799
2019-05-05 22:15,2755
2019-05-05 22:20,2732
2019-05-05 22:25,2690
2019-05-05 22:30,2668
2019-05-05 22:35,2633
2019-05-05 22:40,2617
2019-05-05 22:45,2591
2019-05-05 22:50,2559
2019-05-05 22:55,2559
2019-05-05 23:00,2537
2019-05-05 23:05,2516
2019-05-05 23:10,2503
2019-05-05 23:15,2463
2019-05-05 23:20,2448
2019-05-05 23:25,2433
2019-05-05 23:30,2424
2019-05-05 23:35,2422
2019-05-05 23:40,2383
2019-05-05 23:45,2375
2019-05-05 23:50,2347
2019-05-05 23:55,2333
2019-05-06 00:00,2312
2019-05-06 00:05,2298
2019-05-06 00:10,2277
2019-05-06 00:15,2255
2019-05-06 00:20,2235
2019-05-06 00:25,2225
2019-05-06 00:30,2226
2019-05-06 00:35,2215
2019-05-06 00:40,2202
2019-05-06 00:45,2154
2019-05-06 00:50,2124
2019-05-06 00:55,2087
2019-05-06 01:00,2081
2019-05-06 01:05,2041
2019-05-06 01:10,1992
2019-05-06 01:15,1982
2019-05-06 01:20,1976
2019-05-06 01:25,1986
2019-05-06 01:30,1958
2019-05-06 01:35,1952
2019-05-06 01:40,1972
2019-05-06 01:45,1948
2019-05-06 01:50,1929
2019-05-06 01:55,1906
2019-05-06 02:00,1895
2019-05-06 02:05,1858
2019-05-06 02:10,1842
2019-05-06 02:15,1828
2019-05-06 02:20,1800
2019-05-06 02:25,1807
2019-05-06 02:30,1798
2019-05-06 02:35,1804
2019-05-06 02:40,1789
2019-05-06 02:45,1764
2019-05-06 02:50,1729
2019-05-06 02:55,1734
2019-05-06 03:00,1719
2019-05-06 03:05,1697
2019-05-06 03:10,1707
2019-05-06 03:15,1706
2019-05-06 03:20,1721
2019-05-06 03:25,1728
2019-05-06 03:30,1718
2019-05-06 03:35,1710
2019-05-06 03:40,1703
2019-05-06 03:45,1702
2019-05-06 03:50,1682
2019-05-06 03:55,1638
2019-05-06 04:00,1642
2019-05-06 04:05,1628
2019-05-06 04:10,1613
2019-05-06 04:15,1603
2019-05-06 04:20,1589
2019-05-06 04:25,1562
2019-05-06 04:30,1544
2019-05-06 04:35,1539
2019-05-06 04:40,1525
2019-05-06 04:45,1513
2019-05-06 04:50,1485
2019-05-06 04:55,1465
2019-05-06 05:00,1433
2019-05-06 05:05,1412
2019-05-06 05:10,1401
2019-05-06 05:15,1395
2019-05-06 05:20,1387
2019-05-06 05:25,1374
2019-05-06 05:30,1358
2019-05-06 05:35,1350
2019-05-06 05:40,1346
2019-05-06 05:45,1336
2019-05-06 05:50,1323
2019-05-06 05:55,1319
2019-05-06 06:00,1316
2019-05-06 06:05,1302
2019-05-06 06:10,1293
2019-05-06 06:15,1302
2019-05-06 06:20,1297
2019-05-06 06:25,1288
2019-05-06 06:30,1288
2019-05-06 06:35,1292
2019-05-06 06:40,1295
2019-05-06 06:45,1303
2019-05-06 06:50,1303
2019-05-06 06:55,1294
2019-05-06 07:00,1300
2019-05-06 07:05,1292
2019-05-06 07:10,1290
2019-05-06 07:15,1270
2019-05-06 07:20,1280
2019-05-06 07:25,1288
2019-05-06 07:30,1297
2019-05-06 07:35,1313
2019-05-06 07:40,1307
2019-05-06 07:45,1304
2019-05-06 07:50,1308
2019-05-06 07:55,1317
2019-05-06 08:00,1327
2019-05-06 08:05,1333
2019-05-06 08:10,1335
2019-05-06 08:15,1350
2019-05-06 08:20,1363
2019-05-06 08:25,1391
2019-05-06 08:30,1423
2019-05-06 08:35,1438
2019-05-06 08:40,1449
2019-05-06 08:45,1463
2019-05-06 08:50,1470
2019-05-06 08:55,1460
2019-05-06 09:00,1462
2019-05-06 09:05,1455
2019-05-06 09:10,1465
2019-05-06 09:15,1465
2019-05-06 09:20,1482
2019-05-06 09:25,1474
2019-05-06 09:30,1483
2019-05-06 09:35,1508
2019-05-06 09:40,1509
2019-05-06 09:45,1509
2019-05-06 09:50,1531
2019-05-06 09:55,1524
2019-05-06 10:00,1537
2019-05-06 10:05,1558
2019-05-06 10:10,1586
2019-05-06 10:15,1598
2019-05-06 10:20,1625
2019-05-06 10:25,1646
2019-05-06 10:30,1665
2019-05-06 10:35,1668
2019-05-06 10:40,1658
2019-05-06 10:45,1665
2019-05-06 10:50,1681
2019-05-06 10:55,1679
2019-05-06 11:00,1675
2019-05-06 11:05,1683
2019-05-06 11:10,1695
2019-05-06 11:15,1702
2019-05-06 11:20,1712
2019-05-06 11:25,1711
2019-05-06 11:30,1737
2019-05-06 11:35,1753
2019-05-06 11:40,1767
2019-05-06 11:45,
2019-05-06 11:50,
2019-05-06 11:55,
2019-05-06 12:00,1780
2019-05-06 12:05,1798
2019-05-06 12:10,1807
2019-05-06 12:15,1825
2019-05-06 12:20,1848
2019-05-06 12:25,1844
2019-05-06 12:30,1893
2019-05-06 12:35,1909
2019-05-06 12:40,1922
2019-05-06 12:45,1928
2019-05-06 12:50,1944
2019-05-06 12:55,1948
2019-05-06 13:00,1957
2019-05-06 13:05,1979
2019-05-06 13:10,1996
2019-05-06 13:15,2004
2019-05-06 13:20,2009
2019-05-06 13:25,2027
2019-05-06 13:30,2044
2019-05-06 13:35,2050
2019-05-06 13:40,2059
2019-05-06 13:45,2095
2019-05-06 13:50,2111
2019-05-06 13:55,2144
2019-05-06 14:00,2146
2019-05-06 14:05,2151
2019-05-06 14:10,2161
2019-05-06 14:15,2173
2019-05-06 14:20,2186
2019-05-06 14:25,2233
2019-05-06 14:30,2281
2019-05-06 14:35,2311
2019-05-06 14:40,2332
2019-05-06 14:45,2357
2019-05-06 14:50,2340
2019-05-06 14:55,2327
2019-05-06 15:00,2347
2019-05-06 15:05,2372
2019-05-06 15:10,2396
2019-05-06 15:15,2433
2019-05-06 15:20,2461
2019-05-06 15:25,2487
2019-05-06 15:30,2506
2019-05-06 15:35,2523
2019-05-06 15:40,2545
2019-05-06 15:45,2519
2019-05-06 15:50,2523
2019-05-06 15:55,2532
2019-05-06 16:00,2536
2019-05-06 16:05,2561
2019-05-06 16:10,2579
2019-05-06 16:15,2612
2019-05-06 16:20,2622
2019-05-06 16:25,2640
2019-05-06 16:30,2680
2019-05-06 16:35,2671
2019-05-06 16:40,2692
2019-05-06 16:45,2705
2019-05-06 16:50,2703
2019-05-06 16:55,2701
2019-05-06 17:00,2726
2019-05-06 17:05,2734
2019-05-06 17:10,2775
2019-05-06 17:15,2770
2019-05-06 17:20,2783
2019-05-06 17:25,2780
2019-05-06 17:30,2796
2019-05-06 17:35,2813
2019-05-06 17:40,2805
2019-05-06 17:45,2825
2019-05-06 17:50,2822
2019-05-06 17:55,2830
2019-05-06 18:00,2837
2019-05-06 18:05,2830
2019-05-06 18:10,2817
2019-05-06 18:15,2818
2019-05-06 18:20,2829
2019-05-06 18:25,2848
2019-05-06 18:30,2850
2019-05-06 18:35,2877
2019-05-06 18:40,2897
2019-05-06 18:45,2903
2019-05-06 18:50,2930
2019-05-06 18:55,2928
2019-05-06 19:00,2936
2019-05-06 19:05,2898
2019-05-06 19:10,2903
2019-05-06 19:15,2909
2019-05-06 19:20,2915
2019-05-06 19:25,2914
2019-05-06 19:30,2916
2019-05-06 19:35,2896
2019-05-06 19:40,2878
2019-05-06 19:45,2849
2019-05-06 19:50,2840
2019-05-06 19:55,2804
2019-05-06 20:00,2788
2019-05-06 20:05,2754
2019-05-06 20:10,2726
2019-05-06 20:15,2711
2019-05-06 20:20,2714
2019-05-06 20:25,2691
2019-05-06 20:30,2662
2019-05-06 20:35,2626
2019-05-06 20:40,2631
2019-05-06 20:45,2636
2019-05-06 20:50,2615
2019-05-06 20:55,2587
2019-05-06 21:00,2558
2019-05-06 21:05,2521
2019-05-06 21:10,2507
2019-05-06 21:15,2483
2019-05-06 21:20,2452
2019-05-06 21:25,2432
2019-05-06 21:30,2414
2019-05-06 21:35,2398
2019-05-06 21:40,2386
2019-05-06 21:45,2355
2019-05-06 21:50,2318
2019-05-06 21:55,2288
2019-05-06 22:00,2274
2019-05-06 22:05,2224
2019-05-06 22:10,2190
2019-05-06 22:15,2191
2019-05-06 22:20,2170
2019-05-06 22:25,2135
2019-05-06 22:30,2114
2019-05-06 22:35,2089
2019-05-06 22:40,2076
2019-05-06 22:45,2057
2019-05-06 22:50,2052
2019-05-06 22:55,2055
2019-05-06 23:00,2040
2019-05-06 23:05,2040
2019-05-06 23:10,2045
2019-05-06 23:15,2036
2019-05-06 23:20,2044
2019-05-06 23:25,2040
2019-05-06 23:30,2040
2019-05-06 23:35,2031
2019-05-06 23:40,
2019-05-06 23:45,
2019-05-06 23:50,2013
2019-05-06 23:55,1993
2019-05-07 00:00,1974
2019-05-07 00:05,1971
2019-05-07 00:10,1970
2019-05-07 00:15,1927
2019-05-07 00:20,1907
2019-05-07 00:25,1905
2019-05-07 00:30,1896
2019-05-07 00:35,1891
2019-05-07 00:40,1891
2019-05-07 00:45,1910
2019-05-07 00:50,1899
2019-05-07 00:55,1908
2019-05-07 01:00,1908
2019-05-07 01:05,1908
2019-05-07 01:10,1910
2019-05-07 01:15,1908
2019-05-07 01:20,1902
2019-05-07 01:25,1900
2019-05-07 01:30,1920
2019-05-07 01:35,1889
2019-05-07 01:40,1885
2019-05-07 01:45,1867
2019-05-07 01:50,1858
2019-05-07 01:55,1857
2019-05-07 02:00,1852
2019-05-07 02:05,1831
2019-05-07 02:10,1825
2019-05-07 02:15,1825
2019-05-07 02:20,1791
2019-05-07 02:25,1803
2019-05-07 02:30,1769
2019-05-07 02:35,1749
2019-05-07 02:40,1714
2019-05-07 02:45,1707
2019-05-07 02:50,1688
2019-05-07 02:55,1663
2019-05-07 03:00,1662
2019-05-07 03:05,1646
2019-05-07 03:10,1628
2019-05-07 03:15,1599
2019-05-07 03:20,1596
2019-05-07 03:25,1590
2019-05-07 03:30,1588
2019-05-07 03:35,1568
2019-05-07 03:40,1546
2019-05-07 03:45,1530
2019-05-07 03:50,1515
2019-05-07 03:55,1490
2019-05-07 04:00,1472
2019-05-07 04:05,1456
2019-05-07 04:10,1446
2019-05-07 04:15,1436
2019-05-07 04:20,1413
2019-05-07 04:25,1392
2019-05-07 04:30,1362
2019-05-07 04:35,1357
2019-05-07 04:40,1330
2019-05-07 04:45,1340
2019-05-07 04:50,1300
2019-05-07 04:55,1311
2019-05-07 05:00,1305
2019-05-07 05:05,1286
2019-05-07 05:10,1269
2019-05-07 05:15,1260
2019-05-07 05:20,1263
2019-05-07 05:25,1260
2019-05-07 05:30,1239
2019-05-07 05:35,1230
2019-05-07 05:40,1226
2019-05-07 05:45,1220
2019-05-07 05:50,1225
2019-05-07 05:55,1228
2019-05-07 06:00,1238
2019-05-07 06:05,1240
2019-05-07 06:10,1224
2019-05-07 06:15,1223
2019-05-07 06:20,1229
2019-05-07 06:25,1212
2019-05-07 06:30,1219
2019-05-07 06:35,1215
2019-05-07 06:40,1205
2019-05-07 06:45,1197
2019-05-07 06:50,1196
2019-05-07 06:55,1201
2019-05-07 07:00,1198
2019-05-07 07:05,1198
2019-05-07 07:10,1205
2019-05-07 07:15,1202
2019-05-07 07:20,1198
2019-05-07 07:25,1213
2019-05-07 07:30,1221
2019-05-07 07:35,1233
2019-05-07 07:40,1207
2019-05-07 07:45,1206
2019-05-07 07:50,1193
2019-05-07 07:55,1200
2019-05-07 08:00,1199
2019-05-07 08:05,1190
2019-05-07 08:10,1200
2019-05-07 08:15,1213
2019-05-07 08:20,1225
2019-05-07 08:25,1238
2019-05-07 08:30,1260
2019-05-07 08:35,1252
2019-05-07 08:40,1270
2019-05-07 08:45,1275
2019-05-07 08:50,1284
2019-05-07 08:55,1296
2019-05-07 09:00,1313
2019-05-07 09:05,1329
2019-05-07 09:10,1332
2019-05-07 09:15,1353
2019-05-07 09:20,1364
2019-05-07 09:25,1369
2019-05-07 09:30,1394
2019-05-07 09:35,1400
2019-05-07 09:40,1422
2019-05-07 09:45,1413
2019-05-07 09:50,1406
2019-05-07 09:55,1409
2019-05-07 10:00,1410
2019-05-07 10:05,1434
2019-05-07 10:10,1464
2019-05-07 10:15,1459
2019-05-07 10:20,1484
2019-05-07 10:25,1501
2019-05-07 10:30,1526
2019-05-07 10:35,1542
2019-05-07 10:40,1561
2019-05-07 10:45,1585
2019-05-07 10:50,1581
2019-05-07 10:55,1583
2019-05-07 11:00,1573
2019-05-07 11:05,1566
2019-05-07 11:10,1571
2019-05-07 11:15,1570
2019-05-07 11:20,1593
2019-05-07 11:25,1603
2019-05-07 11:30,1628
2019-05-07 11:35,1627
2019-05-07 11:40,1650
2019-05-07 11:45,1650
2019-05-07 11:50,1671
2019-05-07 11:55,1673
2019-05-07 12:00,1681
2019-05-07 12:05,1702
2019-05-07 12:10,1710
2019-05-07 12:15,1730
2019-05-07 12:20,1742
2019-05-07 12:25,1763
2019-05-07 12:30,1794
2019-05-07 12:35,1801
2019-05-07 12:40,1809
2019-05-07 12:45,1816
2019-05-07 12:50,1833
2019-05-07 12:55,1861
2019-05-07 13:00,1858
2019-05-07 13:05,1855
2019-05-07 13:10,1865
2019-05-07 13:15,1883
2019-05-07 13:20,1911
2019-05-07 13:25,1921
2019-05-07 13:30,1938
2019-05-07 13:35,1965
2019-05-07 13:40,1973
2019-05-07 13:45,1972
2019-05-07 13:50,1986
2019-05-07 13:55,2017
2019-05-07 14:00,2026
2019-05-07 14:05,2015
2019-05-07 14:10,2042
2019-05-07 14:15,2051
2019-05-07 14:20,2060
2019-05-07 14:25,2092
2019-05-07 14:30,2095
2019-05-07 14:35,2082
2019-05-07 14:40,2124
2019-05-07 14:45,2144
2019-05-07 14:50,2139
2019-05-07 14:55,2149
2019-05-07 15:00,2178
2019-05-07 15:05,2193
2019-05-07 15:10,2216
2019-05-07 15:15,2233
2019-05-07 15:20,2248
2019-05-07 15:25,2264
2019-05-07 15:30,2286
2019-05-07 15:35,2309
2019-05-07 15:40,2325
2019-05-07 15:45,2367
2019-05-07 15:50,2372
2019-05-07 15:55,2399
2019-05-07 16:00,2394
2019-05-07 16:05,2416
2019-05-07 16:10,2422
2019-05-07 16:15,2430
2019-05-07 16:20,2459
2019-05-07 16:25,2482
2019-05-07 16:30,2502
2019-05-07 16:35,2508
2019-05-07 16:40,2515
2019-05-07 16:45,2519
2019-05-07 16:50,2524
2019-05-07 16:55,2546
2019-05-07 17:00,2563
2019-05-07 17:05,2559
2019-05-07 17:10,2593
2019-05-07 17:15,2609
2019-05-07 17:20,2578
2019-05-07 17:25,2588
2019-05-07 17:30,2587
2019-05-07 17:35,2600
2019-05-07 17:40,2625
2019-05-07 17:45,2651
2019-05-07 17:50,2631
2019-05-07 17:55,2629
2019-05-07 18:00,2642
2019-05-07 18:05,2667
2019-05-07 18:10,2637
2019-05-07 18:15,2612
2019-05-07 18:20,2622
2019-05-07 18:25,2613
2019-05-07 18:30,2643
2019-05-07 18:35,2657
2019-05-07 18:40,2669
2019-05-07 18:45,2678
2019-05-07 18:50,2673
2019-05-07 18:55,2682
2019-05-07 19:00,2671
2019-05-07 19:05,2653
2019-05-07 19:10,2652
2019-05-07 19:15,2643
2019-05-07 19:20,2653
2019-05-07 19:25,2679
2019-05-07 19:30,2669
2019-05-07 19:35,2683
2019-05-07 19:40,2680
2019-05-07 19:45,2670
2019-05-07 19:50,2638
2019-05-07 19:55,2635
2019-05-07 20:00,2647
2019-05-07 20:05,2607
2019-05-07 20:10,2588
2019-05-07 20:15,2573
2019-05-07 20:20,2532
2019-05-07 20:25,2511
2019-05-07 20:30,2504
2019-05-07 20:35,2503
2019-05-07 20:40,2524
2019-05-07 20:45,2501
2019-05-07 20:50,2496
2019-05-07 20:55,2465
2019-05-07 21:00,2448
2019-05-07 21:05,2422
2019-05-07 21:10,2386
2019-05-07 21:15,2342
2019-05-07 21:20,2337
2019-05-07 21:25,2311
2019-05-07 21:30,2295
2019-05-07 21:35,2276
2019-05-07 21:40,2250
2019-05-07 21:45,2234
2019-05-07 21:50,2231
2019-05-07 21:55,2231
2019-05-07 22:00,2200
2019-05-07 22:05,2187
2019-05-07 22:10,2178
2019-05-07 22:15,2154
2019-05-07 22:20,2123
2019-05-07 22:25,2104
2019-05-07 22:30,2099
2019-05-07 22:35,2092
2019-05-07 22:40,2069
2019-05-07 22:45,2045
2019-05-07 22:50,2024
2019-05-07 22:55,2034
2019-05-07 23:00,2038
2019-05-07 23:05,2055
2019-05-07 23:10,2038
2019-05-07 23:15,2033
2019-05-07 23:20,0
2019-05-07 23:25,1550
2019-05-07 23:30,1901
2019-05-07 23:35,1972
2019-05-07 23:40,1953
2019-05-07 23:45,1946
2019-05-07 23:50,1964
2019-05-07 23:55,1950
2019-05-08 00:00,1954
2019-05-08 00:05,1928
2019-05-08 00:10,1922
2019-05-08 00:15,1926
2019-05-08 00:20,1914
2019-05-08 00:25,1905
2019-05-08 00:30,1894
2019-05-08 00:35,1900
2019-05-08 00:40,1883
2019-05-08 00:45,1871
2019-05-08 00:50,1873
2019-05-08 00:55,1866
2019-05-08 01:00,1879
2019-05-08 01:05,1866
2019-05-08 01:10,1860
2019-05-08 01:15,1865
2019-05-08 01:20,1846
2019-05-08 01:25,1869
2019-05-08 01:30,1857
2019-05-08 01:35,1851
2019-05-08 01:40,1838
2019-05-08 01:45,1818
2019-05-08 01:50,1788
2019-05-08 01:55,1790
2019-05-08 02:00,1768
2019-05-08 02:05,1763
2019-05-08 02:10,1759
2019-05-08 02:15,1773
2019-05-08 02:20,1756
2019-05-08 02:25,1744
2019-05-08 02:30,1727
2019-05-08 02:35,1714
2019-05-08 02:40,1702
2019-05-08 02:45,1683
2019-05-08 02:50,1668
2019-05-08 02:55,1668
2019-05-08 03:00,1661
2019-05-08 03:05,1660
2019-05-08 03:10,1659
2019-05-08 03:15,1624
2019-05-08 03:20,1627
2019-05-08 03:25,1601
2019-05-08 03:30,1590
2019-05-08 03:35,1577
2019-05-08 03:40,1560
2019-05-08 03:45,1543
2019-05-08 03:50,1533
2019-05-08 03:55,1518
2019-05-08 04:00,1489
2019-05-08 04:05,1485
2019-05-08 04:10,1454
2019-05-08 04:15,1449
2019-05-08 04:20,1416
2019-05-08 04:25,1398
2019-05-08 04:30,1377
2019-05-08 04:35,1361
2019-05-08 04:40,1356
2019-05-08 04:45,1337
2019-05-08 04:50,1307
2019-05-08 04:55,1303
2019-05-08 05:00,1299
2019-05-08 05:05,1292
2019-05-08 05:10,1283
2019-05-08 05:15,1272
2019-05-08 05:20,1273
2019-05-08 05:25,1255
2019-05-08 05:30,1248
2019-05-08 05:35,1257
2019-05-08 05:40,1248
2019-05-08 05:45,1256
2019-05-08 05:50,1250
2019-05-08 05:55,1251
2019-05-08 06:00,1267
2019-05-08 06:05,1262
2019-05-08 06:10,1248
2019-05-08 06:15,1232
2019-05-08 06:20,1227
2019-05-08 06:25,1226
2019-05-08 06:30,1233
2019-05-08 06:35,1220
2019-05-08 06:40,1235
2019-05-08 06:45,1230
2019-05-08 06:50,1228
2019-05-08 06:55,1234
2019-05-08 07:00,1235
2019-05-08 07:05,1227
2019-05-08 07:10,1210
2019-05-08 07:15,1225
2019-05-08 07:20,1225
2019-05-08 07:25,1222
2019-05-08 07:30,1225
2019-05-08 07:35,1236
2019-05-08 07:40,1230
2019-05-08 07:45,1232
2019-05-08 07:50,1239
2019-05-08 07:55,1250
2019-05-08 08:00,1264
2019-05-08 08:05,1268
2019-05-08 08:10,1278
2019-05-08 08:15,1273
2019-05-08 08:20,1284
2019-05-08 08:25,1295
2019-05-08 08:30,1311
2019-05-08 08:35,1316
2019-05-08 08:40,1342
2019-05-08 08:45,1344
2019-05-08 08:50,1353
2019-05-08 08:55,1353
2019-05-08 09:00,1370
2019-05-08 09:05,1369
2019-05-08 09:10,1383
2019-05-08 09:15,1401
2019-05-08 09:20,1409
2019-05-08 09:25,1406
2019-05-08 09:30,1414
2019-05-08 09:35,1428
2019-05-08 09:40,1423
2019-05-08 09:45,1437
2019-05-08 09:50,1450
2019-05-08 09:55,1465
2019-05-08 10:00,1504
2019-05-08 10:05,1516
2019-05-08 10:10,1541
2019-05-08 10:15,1568
2019-05-08 10:20,1601
2019-05-08 10:25,1624
2019-05-08 10:30,1615
2019-05-08 10:35,1636
2019-05-08 10:40,1634
2019-05-08 10:45,1651
2019-05-08 10:50,1649
2019-05-08 10:55,1666
2019-05-08 11:00,1694
2019-05-08 11:05,1688
2019-05-08 11:10,1705
2019-05-08 11:15,1706
2019-05-08 11:20,1723
2019-05-08 11:25,1722
2019-05-08 11:30,1736
2019-05-08 11:35,1740
2019-05-08 11:40,1746
2019-05-08 11:45,1749
2019-05-08 11:50,1775
2019-05-08 11:55,1778
2019-05-08 12:00,1780
2019-05-08 12:05,1801
2019-05-08 12:10,1808
2019-05-08 12:15,1799
2019-05-08 12:20,1810
2019-05-08 12:25,1833
2019-05-08 12:30,1855
2019-05-08 12:35,1877
2019-05-08 12:40,1897
2019-05-08 12:45,1915
2019-05-08 12:50,1924
2019-05-08 12:55,1913
2019-05-08 13:00,1937
2019-05-08 13:05,1940
2019-05-08 13:10,1955
2019-05-08 13:15,1967
2019-05-08 13:20,1963
2019-05-08 13:25,1956
2019-05-08 13:30,1975
2019-05-08 13:35,1998
2019-05-08 13:40,1999
2019-05-08 13:45,2009
2019-05-08 13:50,2042
2019-05-08 13:55,2055
2019-05-08 14:00,2081
2019-05-08 14:05,2074
2019-05-08 14:10,2092
2019-05-08 14:15,2106
2019-05-08 14:20,2130
2019-05-08 14:25,2125
2019-05-08 14:30,2142
2019-05-08 14:35,2162
2019-05-08 14:40,2159
2019-05-08 14:45,2157
2019-05-08 14:50,2178
2019-05-08 14:55,2231
2019-05-08 15:00,2252
2019-05-08 15:05,2251
2019-05-08 15:10,2250
2019-05-08 15:15,2280
2019-05-08 15:20,2306
2019-05-08 15:25,2340
2019-05-08 15:30,2347
2019-05-08 15:35,2344
2019-05-08 15:40,2378
2019-05-08 15:45,2389
2019-05-08 15:50,2399
2019-05-08 15:55,2411
2019-05-08 16:00,2423
2019-05-08 16:05,2447
2019-05-08 16:10,2472
2019-05-08 16:15,2484
2019-05-08 16:20,2526
2019-05-08 16:25,2531
2019-05-08 16:30,2557
2019-05-08 16:35,2555
2019-05-08 16:40,2581
2019-05-08 16:45,2593
2019-05-08 16:50,2588
2019-05-08 16:55,2612
2019-05-08 17:00,2615
2019-05-08 17:05,2621
2019-05-08 17:10,2634
2019-05-08 17:15,2646
2019-05-08 17:20,2675
2019-05-08 17:25,2678
2019-05-08 17:30,2692
2019-05-08 17:35,2708
2019-05-08 17:40,2685
2019-05-08 17:45,2688
2019-05-08 17:50,2695
2019-05-08 17:55,2694
2019-05-08 18:00,2709
2019-05-08 18:05,2726
2019-05-08 18:10,2705
2019-05-08 18:15,2713
2019-05-08 18:20,2723
2019-05-08 18:25,2739
2019-05-08 18:30,2781
2019-05-08 18:35,2792
2019-05-08 18:40,2797
2019-05-08 18:45,2806
2019-05-08 18:50,2812
2019-05-08 18:55,2819
2019-05-08 19:00,2817
2019-05-08 19:05,2798
2019-05-08 19:10,2786
2019-05-08 19:15,2784
2019-05-08 19:20,2786
2019-05-08 19:25,2748
2019-05-08 19:30,2733
2019-05-08 19:35,2728
2019-05-08 19:40,2748
2019-05-08 19:45,2732
2019-05-08 19:50,2723
2019-05-08 19:55,2716
2019-05-08 20:00,2727
2019-05-08 20:05,2716
2019-05-08 20:10,2707
2019-05-08 20:15,2663
2019-05-08 20:20,2664
2019-05-08 20:25,2623
2019-05-08 20:30,2620
2019-05-08 20:35,2589
2019-05-08 20:40,2573
2019-05-08 20:45,2526
2019-05-08 20:50,2504
2019-05-08 20:55,2484
2019-05-08 21:00,2459
2019-05-08 21:05,2444
2019-05-08 21:10,2407
2019-05-08 21:15,2375
2019-05-08 21:20,2345
2019-05-08 21:25,2330
2019-05-08 21:30,2317
2019-05-08 21:35,2306
2019-05-08 21:40,2230
2019-05-08 21:45,2113
2019-05-08 21:50,2221
2019-05-08 21:55,2217
2019-05-08 22:00,2071
2019-05-08 22:05,2191
2019-05-08 22:10,2172
2019-05-08 22:15,2158
2019-05-08 22:20,2156
2019-05-08 22:25,2124
2019-05-08 22:30,2144
2019-05-08 22:35,2129
2019-05-08 22:40,2106
2019-05-08 22:45,2058
2019-05-08 22:50,2029
2019-05-08 22:55,2021
2019-05-08 23:00,2028
2019-05-08 23:05,2021
2019-05-08 23:10,1989
2019-05-08 23:15,1975
2019-05-08 23:20,1983
2019-05-08 23:25,1962
2019-05-08 23:30,1949
2019-05-08 23:35,1937
2019-05-08 23:40,1951
2019-05-08 23:45,1932
2019-05-08 23:50,1937
2019-05-08 23:55,1929
2019-05-09 00:00,1906
2019-05-09 00:05,1876
2019-05-09 00:10,1874
2019-05-09 00:15,1862
2019-05-09 00:20,1853
2019-05-09 00:25,1857
2019-05-09 00:30,1853
2019-05-09 00:35,1838
2019-05-09 00:40,1855
2019-05-09 00:45,1863
2019-05-09 00:50,1863
2019-05-09 00:55,1870
2019-05-09 01:00,1856
2019-05-09 01:05,1859
2019-05-09 01:10,1861
2019-05-09 01:15,1845
2019-05-09 01:20,1829
2019-05-09 01:25,1820
2019-05-09 01:30,1809
2019-05-09 01:35,1793
2019-05-09 01:40,1784
2019-05-09 01:45,1762
2019-05-09 01:50,1759
2019-05-09 01:55,1757
2019-05-09 02:00,1748
2019-05-09 02:05,1733
2019-05-09 02:10,1721
2019-05-09 02:15,1701
2019-05-09 02:20,1679
2019-05-09 02:25,1668
2019-05-09 02:30,1652
2019-05-09 02:35,1655
2019-05-09 02:40,1639
2019-05-09 02:45,1631
2019-05-09 02:50,1623
2019-05-09 02:55,1624
2019-05-09 03:00,1597
2019-05-09 03:05,1581
2019-05-09 03:10,1576
2019-05-09 03:15,1546
2019-05-09 03:20,1528
2019-05-09 03:25,1500
2019-05-09 03:30,1496
2019-05-09 03:35,1487
2019-05-09 03:40,1479
2019-05-09 03:45,1471
2019-05-09 03:50,1474
2019-05-09 03:55,1464
2019-05-09 04:00,1466
2019-05-09 04:05,1423
2019-05-09 04:10,1420
2019-05-09 04:15,1405
2019-05-09 04:20,1398
2019-05-09 04:25,1394
2019-05-09 04:30,1372
2019-05-09 04:35,1351
2019-05-09 04:40,1350
2019-05-09 04:45,1351
2019-05-09 04:50,1329
2019-05-09 04:55,1319
2019-05-09 05:00,1322
2019-05-09 05:05,1303
2019-05-09 05:10,1309
2019-05-09 05:15,1273
2019-05-09 05:20,1287
2019-05-09 05:25,1277
2019-05-09 05:30,1281
2019-05-09 05:35,1280
2019-05-09 05:40,1267
2019-05-09 05:45,1268
2019-05-09 05:50,1246
2019-05-09 05:55,1248
2019-05-09 06:00,1256
2019-05-09 06:05,1228
2019-05-09 06:10,1228
2019-05-09 06:15,1230
2019-05-09 06:20,1217
2019-05-09 06:25,1228
2019-05-09 06:30,1213
2019-05-09 06:35,1213
2019-05-09 06:40,1223
2019-05-09 06:45,1218
2019-05-09 06:50,1222
2019-05-09 06:55,1214
2019-05-09 07:00,1217
2019-05-09 07:05,1238
2019-05-09 07:10,1245
2019-05-09 07:15,1232
2019-05-09 07:20,1243
2019-05-09 07:25,1254
2019-05-09 07:30,1252
2019-05-09 07:35,1254
2019-05-09 07:40,1270
2019-05-09 07:45,1265
2019-05-09 07:50,1266
2019-05-09 07:55,1262
2019-05-09 08:00,1266
2019-05-09 08:05,1264
2019-05-09 08:10,1267
2019-05-09 08:15,1264
2019-05-09 08:20,1263
2019-05-09 08:25,1291
2019-05-09 08:30,1310
2019-05-09 08:35,1329
2019-05-09 08:40,1332
2019-05-09 08:45,1337
2019-05-09 08:50,1348
2019-05-09 08:55,1356
2019-05-09 09:00,1371
2019-05-09 09:05,1400
2019-05-09 09:10,1400
2019-05-09 09:15,1390
2019-05-09 09:20,1411
2019-05-09 09:25,1428
2019-05-09 09:30,1448
2019-05-09 09:35,1456
2019-05-09 09:40,1454
2019-05-09 09:45,1470
2019-05-09 09:50,1474
2019-05-09 09:55,1476
2019-05-09 10:00,1494
2019-05-09 10:05,1525
2019-05-09 10:10,1555
2019-05-09 10:15,1570
2019-05-09 10:20,1592
2019-05-09 10:25,1626
2019-05-09 10:30,1626
2019-05-09 10:35,1609
2019-05-09 10:40,1626
2019-05-09 10:45,1652
2019-05-09 10:50,1654
2019-05-09 10:55,1655
2019-05-09 11:00,1651
2019-05-09 11:05,1656
2019-05-09 11:10,1649
2019-05-09 11:15,1648
2019-05-09 11:20,1641
2019-05-09 11:25,1664
2019-05-09 11:30,1660
2019-05-09 11:35,1679
2019-05-09 11:40,1702
2019-05-09 11:45,1694
2019-05-09 11:50,1699
2019-05-09 11:55,1740
2019-05-09 12:00,1736
2019-05-09 12:05,1748
2019-05-09 12:10,1762
2019-05-09 12:15,1747
2019-05-09 12:20,1754
2019-05-09 12:25,1762
2019-05-09 12:30,1758
2019-05-09 12:35,1767
2019-05-09 12:40,1769
2019-05-09 12:45,1784
2019-05-09 12:50,1791
2019-05-09 12:55,1796
2019-05-09 13:00,1771
2019-05-09 13:05,1765
2019-05-09 13:10,1777
2019-05-09 13:15,1756
2019-05-09 13:20,1757
2019-05-09 13:25,1758
2019-05-09 13:30,1788
2019-05-09 13:35,1788
2019-05-09 13:40,
2019-05-09 13:45,1792
2019-05-09 13:50,1779
2019-05-09 13:55,1713
2019-05-09 14:00,1606
2019-05-09 14:05,1374
2019-05-09 14:10,1082
2019-05-09 14:15,1067
2019-05-09 14:20,1102
2019-05-09 14:25,1108
2019-05-09 14:30,1119
2019-05-09 14:35,1126
2019-05-09 14:40,1136
2019-05-09 14:45,1178
2019-05-09 14:50,1196
2019-05-09 14:55,1194
2019-05-09 15:00,1198
2019-05-09 15:05,1204
2019-05-09 15:10,1216
2019-05-09 15:15,1257
2019-05-09 15:20,1288
2019-05-09 15:25,1310
2019-05-09 15:30,1441
2019-05-09 15:35,1589
2019-05-09 15:40,1683
2019-05-09 15:45,1805
2019-05-09 15:50,1890
2019-05-09 15:55,1999
2019-05-09 16:00,2101
2019-05-09 16:05,2208
2019-05-09 16:10,2257
2019-05-09 16:15,2328
2019-05-09 16:20,2396
2019-05-09 16:25,2437
2019-05-09 16:30,2511
2019-05-09 16:35,2571
2019-05-09 16:40,2652
2019-05-09 16:45,2712
2019-05-09 16:50,2739
2019-05-09 16:55,2775
2019-05-09 17:00,2792
2019-05-09 17:05,2806
2019-05-09 17:10,2833
2019-05-09 17:15,2853
2019-05-09 17:20,2851
2019-05-09 17:25,2895
2019-05-09 17:30,2904
2019-05-09 17:35,2887
2019-05-09 17:40,2908
2019-05-09 17:45,2921
2019-05-09 17:50,2953
2019-05-09 17:55,2972
2019-05-09 18:00,2944
2019-05-09 18:05,2975
2019-05-09 18:10,2974
2019-05-09 18:15,2966
2019-05-09 18:20,2983
2019-05-09 18:25,2982
2019-05-09 18:30,3001
2019-05-09 18:35,3003
2019-05-09 18:40,3020
2019-05-09 18:45,3041
2019-05-09 18:50,3043
2019-05-09 18:55,3043
2019-05-09 19:00,3036
2019-05-09 19:05,3028
2019-05-09 19:10,3049
2019-05-09 19:15,3051
2019-05-09 19:20,3054
2019-05-09 19:25,3063
2019-05-09 19:30,3064
2019-05-09 19:35,3046
2019-05-09 19:40,3045
2019-05-09 19:45,3037
2019-05-09 19:50,3031
2019-05-09 19:55,3008
2019-05-09 20:00,2974
2019-05-09 20:05,2960
2019-05-09 20:10,2947
2019-05-09 20:15,2918
2019-05-09 20:20,2917
2019-05-09 20:25,2888
2019-05-09 20:30,2881
2019-05-09 20:35,2865
2019-05-09 20:40,2837
2019-05-09 20:45,2822
2019-05-09 20:50,2781
2019-05-09 20:55,2764
2019-05-09 21:00,2764
2019-05-09 21:05,2755
2019-05-09 21:10,2729
2019-05-09 21:15,2729
2019-05-09 21:20,2676
2019-05-09 21:25,2673
2019-05-09 21:30,2635
2019-05-09 21:35,2585
2019-05-09 21:40,2536
2019-05-09 21:45,2514
2019-05-09 21:50,2471
2019-05-09 21:55,2434
2019-05-09 22:00,2390
2019-05-09 22:05,2344
2019-05-09 22:10,2330
2019-05-09 22:15,2319
2019-05-09 22:20,2269
2019-05-09 22:25,2250
2019-05-09 22:30,2227
2019-05-09 22:35,2214
2019-05-09 22:40,2208
2019-05-09 22:45,2201
2019-05-09 22:50,2184
2019-05-09 22:55,2188
2019-05-09 23:00,2162
2019-05-09 23:05,2157
2019-05-09 23:10,2141
2019-05-09 23:15,2117
2019-05-09 23:20,2117
2019-05-09 23:25,2103
2019-05-09 23:30,2071
2019-05-09 23:35,2058
2019-05-09 23:40,2063
2019-05-09 23:45,2039
2019-05-09 23:50,2000
2019-05-09 23:55,1968
2019-05-10 00:00,1944
2019-05-10 00:05,1888
2019-05-10 00:10,1880
2019-05-10 00:15,1870
2019-05-10 00:20,1875
2019-05-10 00:25,1889
2019-05-10 00:30,1894
2019-05-10 00:35,1899
2019-05-10 00:40,1891
2019-05-10 00:45,1883
2019-05-10 00:50,1883
2019-05-10 00:55,1891
2019-05-10 01:00,1892
2019-05-10 01:05,1893
2019-05-10 01:10,1896
2019-05-10 01:15,1885
2019-05-10 01:20,1868
2019-05-10 01:25,1871
2019-05-10 01:30,1857
2019-05-10 01:35,1850
2019-05-10 01:40,1884
2019-05-10 01:45,1866
2019-05-10 01:50,1864
2019-05-10 01:55,1847
2019-05-10 02:00,1845
2019-05-10 02:05,1833
2019-05-10 02:10,1849
2019-05-10 02:15,1839
2019-05-10 02:20,1829
2019-05-10 02:25,1807
2019-05-10 02:30,1811
2019-05-10 02:35,1808
2019-05-10 02:40,1813
2019-05-10 02:45,1805
2019-05-10 02:50,1776
2019-05-10 02:55,1732
2019-05-10 03:00,1742
2019-05-10 03:05,1736
2019-05-10 03:10,1735
2019-05-10 03:15,1720
2019-05-10 03:20,1711
2019-05-10 03:25,1703
2019-05-10 03:30,1669
2019-05-10 03:35,1649
2019-05-10 03:40,1616
2019-05-10 03:45,1580
2019-05-10 03:50,1571
2019-05-10 03:55,1560
2019-05-10 04:00,1563
2019-05-10 04:05,1546
2019-05-10 04:10,1508
2019-05-10 04:15,1499
2019-05-10 04:20,1505
2019-05-10 04:25,1515
2019-05-10 04:30,1509
2019-05-10 04:35,1496
2019-05-10 04:40,1497
2019-05-10 04:45,1477
2019-05-10 04:50,1486
2019-05-10 04:55,1497
2019-05-10 05:00,1465
2019-05-10 05:05,1445
2019-05-10 05:10,1429
2019-05-10 05:15,1421
2019-05-10 05:20,1439
2019-05-10 05:25,1425
2019-05-10 05:30,1421
2019-05-10 05:35,1430
2019-05-10 05:40,1411
2019-05-10 05:45,1400
2019-05-10 05:50,1375
2019-05-10 05:55,1385
2019-05-10 06:00,1390
2019-05-10 06:05,1401
2019-05-10 06:10,1381
2019-05-10 06:15,1377
2019-05-10 06:20,1371
2019-05-10 06:25,1372
2019-05-10 06:30,1362
2019-05-10 06:35,1335
2019-05-10 06:40,1348
2019-05-10 06:45,1345
2019-05-10 06:50,1355
2019-05-10 06:55,1351
2019-05-10 07:00,1339
2019-05-10 07:05,1328
2019-05-10 07:10,1327
2019-05-10 07:15,1342
2019-05-10 07:20,1345
2019-05-10 07:25,1370
2019-05-10 07:30,1373
2019-05-10 07:35,1385
2019-05-10 07:40,1375
2019-05-10 07:45,1386
2019-05-10 07:50,1382
2019-05-10 07:55,1389
2019-05-10 08:00,1439
2019-05-10 08:05,1442
2019-05-10 08:10,1433
2019-05-10 08:15,1435
2019-05-10 08:20,1423
2019-05-10 08:25,1437
2019-05-10 08:30,1439
2019-05-10 08:35,1445
2019-05-10 08:40,1447
2019-05-10 08:45,1458
2019-05-10 08:50,1469
2019-05-10 08:55,1494
2019-05-10 09:00,1520
2019-05-10 09:05,1517
2019-05-10 09:10,1514
2019-05-10 09:15,1519
2019-05-10 09:20,1539
2019-05-10 09:25,1557
2019-05-10 09:30,1571
2019-05-10 09:35,1574
2019-05-10 09:40,1591
2019-05-10 09:45,1595
2019-05-10 09:50,1596
2019-05-10 09:55,1625
2019-05-10 10:00,1647
2019-05-10 10:05,1698
2019-05-10 10:10,1711
2019-05-10 10:15,1720
2019-05-10 10:20,1720
2019-05-10 10:25,1734
2019-05-10 10:30,1778
2019-05-10 10:35,1781
2019-05-10 10:40,1781
2019-05-10 10:45,1798
2019-05-10 10:50,1815
2019-05-10 10:55,1824
2019-05-10 11:00,1823
2019-05-10 11:05,1811
2019-05-10 11:10,1821
2019-05-10 11:15,1861
2019-05-10 11:20,1847
2019-05-10 11:25,1857
2019-05-10 11:30,1864
2019-05-10 11:35,1878
2019-05-10 11:40,1898
2019-05-10 11:45,1914
2019-05-10 11:50,1930
2019-05-10 11:55,1926
2019-05-10 12:00,1922
2019-05-10 12:05,1941
2019-05-10 12:10,1978
2019-05-10 12:15,1975
2019-05-10 12:20,1987
2019-05-10 12:25,1999
2019-05-10 12:30,2016
2019-05-10 12:35,2022
2019-05-10 12:40,2029
2019-05-10 12:45,2035
2019-05-10 12:50,2048
2019-05-10 12:55,2054
2019-05-10 13:00,2050
2019-05-10 13:05,2049
2019-05-10 13:10,2070
2019-05-10 13:15,2076
2019-05-10 13:20,2068
2019-05-10 13:25,2077
2019-05-10 13:30,2095
2019-05-10 13:35,2109
2019-05-10 13:40,2110
2019-05-10 13:45,2085
2019-05-10 13:50,2033
2019-05-10 13:55,1986
2019-05-10 14:00,1836
2019-05-10 14:05,1292
2019-05-10 14:10,1237
2019-05-10 14:15,1218
2019-05-10 14:20,1219
2019-05-10 14:25,1223
2019-05-10 14:30,1249
2019-05-10 14:35,1260
2019-05-10 14:40,1277
2019-05-10 14:45,1291
2019-05-10 14:50,1294
2019-05-10 14:55,1314
2019-05-10 15:00,1322
2019-05-10 15:05,1360
2019-05-10 15:10,1363
2019-05-10 15:15,1357
2019-05-10 15:20,1377
2019-05-10 15:25,1426
2019-05-10 15:30,1446
2019-05-10 15:35,1450
2019-05-10 15:40,1460
2019-05-10 15:45,1513
2019-05-10 15:50,1517
2019-05-10 15:55,1554
2019-05-10 16:00,1561
2019-05-10 16:05,1607
2019-05-10 16:10,1637
2019-05-10 16:15,1656
2019-05-10 16:20,1837
2019-05-10 16:25,2014
2019-05-10 16:30,2174
2019-05-10 16:35,2333
2019-05-10 16:40,2456
2019-05-10 16:45,2543
2019-05-10 16:50,2613
2019-05-10 16:55,2680
2019-05-10 17:00,2701
2019-05-10 17:05,2728
2019-05-10 17:10,2779
2019-05-10 17:15,2821
2019-05-10 17:20,2880
2019-05-10 17:25,2898
2019-05-10 17:30,2925
2019-05-10 17:35,2952
2019-05-10 17:40,2994
2019-05-10 17:45,3024
2019-05-10 17:50,3027
2019-05-10 17:55,3048
2019-05-10 18:00,3066
2019-05-10 18:05,3078
2019-05-10 18:10,3075
2019-05-10 18:15,3068
2019-05-10 18:20,3054
2019-05-10 18:25,3078
2019-05-10 18:30,3094
2019-05-10 18:35,3084
2019-05-10 18:40,3112
2019-05-10 18:45,3128
2019-05-10 18:50,3118
2019-05-10 18:55,3093
2019-05-10 19:00,3103
2019-05-10 19:05,3098
2019-05-10 19:10,3114
2019-05-10 19:15,3112
2019-05-10 19:20,3124
2019-05-10 19:25,3137
2019-05-10 19:30,3100
2019-05-10 19:35,3121
2019-05-10 19:40,3106
2019-05-10 19:45,3081
2019-05-10 19:50,3092
2019-05-10 19:55,3088
2019-05-10 20:00,3077
2019-05-10 20:05,3076
2019-05-10 20:10,3071
2019-05-10 20:15,3065
2019-05-10 20:20,3030
2019-05-10 20:25,3013
2019-05-10 20:30,3025
2019-05-10 20:35,3001
2019-05-10 20:40,3004
2019-05-10 20:45,2976
2019-05-10 20:50,2951
2019-05-10 20:55,2948
2019-05-10 21:00,2901
2019-05-10 21:05,2905
2019-05-10 21:10,2898
2019-05-10 21:15,2914
2019-05-10 21:20,2863
2019-05-10 21:25,2839
2019-05-10 21:30,2810
2019-05-10 21:35,2771
2019-05-10 21:40,2742
2019-05-10 21:45,2717
2019-05-10 21:50,2706
2019-05-10 21:55,2672
2019-05-10 22:00,2641
2019-05-10 22:05,2498
2019-05-10 22:10,2454
2019-05-10 22:15,2442
2019-05-10 22:20,2428
2019-05-10 22:25,2396
2019-05-10 22:30,2371
2019-05-10 22:35,2349
2019-05-10 22:40,2354
2019-05-10 22:45,2329
2019-05-10 22:50,2328
2019-05-10 22:55,2320
2019-05-10 23:00,2295
2019-05-10 23:05,2301
2019-05-10 23:10,2283
2019-05-10 23:15,2239
2019-05-10 23:20,2234
2019-05-10 23:25,2223
2019-05-10 23:30,2198
2019-05-10 23:35,2208
2019-05-10 23:40,2178
2019-05-10 23:45,2163
2019-05-10 23:50,2136
2019-05-10 23:55,2139
2019-05-11 00:00,2126
2019-05-11 00:05,2108
2019-05-11 00:10,2102
2019-05-11 00:15,2089
2019-05-11 00:20,2065
2019-05-11 00:25,2076
2019-05-11 00:30,2085
2019-05-11 00:35,2069
2019-05-11 00:40,2079
2019-05-11 00:45,2063
2019-05-11 00:50,2075
2019-05-11 00:55,2079
2019-05-11 01:00,2090
2019-05-11 01:05,2085
2019-05-11 01:10,2087
2019-05-11 01:15,2074
2019-05-11 01:20,2074
2019-05-11 01:25,2071
2019-05-11 01:30,2063
2019-05-11 01:35,2052
2019-05-11 01:40,2028
2019-05-11 01:45,2044
2019-05-11 01:50,2033
2019-05-11 01:55,2024
2019-05-11 02:00,2023
2019-05-11 02:05,2012
2019-05-11 02:10,2014
2019-05-11 02:15,1994
2019-05-11 02:20,1986
2019-05-11 02:25,1982
2019-05-11 02:30,1965
2019-05-11 02:35,1972
2019-05-11 02:40,1943
2019-05-11 02:45,1936
2019-05-11 02:50,1924
2019-05-11 02:55,1930
2019-05-11 03:00,1902
2019-05-11 03:05,1899
2019-05-11 03:10,1891
2019-05-11 03:15,1865
2019-05-11 03:20,1852
2019-05-11 03:25,1841
2019-05-11 03:30,1824
2019-05-11 03:35,1821
2019-05-11 03:40,1784
2019-05-11 03:45,1788
2019-05-11 03:50,1786
2019-05-11 03:55,1802
2019-05-11 04:00,1767
2019-05-11 04:05,1751
2019-05-11 04:10,1743
2019-05-11 04:15,1731
2019-05-11 04:20,1729
2019-05-11 04:25,1712
2019-05-11 04:30,1723
2019-05-11 04:35,1717
2019-05-11 04:40,1729
2019-05-11 04:45,1738
2019-05-11 04:50,1731
2019-05-11 04:55,1741
2019-05-11 05:00,1746
2019-05-11 05:05,1739
2019-05-11 05:10,1737
2019-05-11 05:15,1719
2019-05-11 05:20,1729
2019-05-11 05:25,1738
2019-05-11 05:30,1734
2019-05-11 05:35,1721
2019-05-11 05:40,1731
2019-05-11 05:45,1710
2019-05-11 05:50,1707
2019-05-11 05:55,1687
2019-05-11 06:00,1700
2019-05-11 06:05,1699
2019-05-11 06:10,1698
2019-05-11 06:15,1697
2019-05-11 06:20,1698
2019-05-11 06:25,1692
2019-05-11 06:30,1674
2019-05-11 06:35,1675
2019-05-11 06:40,1692
2019-05-11 06:45,1693
2019-05-11 06:50,1696
2019-05-11 06:55,1699
2019-05-11 07:00,1703
2019-05-11 07:05,1707
2019-05-11 07:10,1688
2019-05-11 07:15,1698
2019-05-11 07:20,1721
2019-05-11 07:25,1724
2019-05-11 07:30,1736
2019-05-11 07:35,1721
2019-05-11 07:40,1721
2019-05-11 07:45,1731
2019-05-11 07:50,1755
2019-05-11 07:55,1743
2019-05-11 08:00,1766
2019-05-11 08:05,1788
2019-05-11 08:10,1797
2019-05-11 08:15,1815
2019-05-11 08:20,1818
2019-05-11 08:25,1847
2019-05-11 08:30,1841
2019-05-11 08:35,1859
2019-05-11 08:40,1899
2019-05-11 08:45,1916
2019-05-11 08:50,1941
2019-05-11 08:55,1946
2019-05-11 09:00,1952
2019-05-11 09:05,1944
2019-05-11 09:10,1956
2019-05-11 09:15,1979
2019-05-11 09:20,2016
2019-05-11 09:25,2015
2019-05-11 09:30,2032
2019-05-11 09:35,2053
2019-05-11 09:40,2066
2019-05-11 09:45,2060
2019-05-11 09:50,2068
2019-05-11 09:55,2105
2019-05-11 10:00,2134
2019-05-11 10:05,2160
2019-05-11 10:10,2183
2019-05-11 10:15,2190
2019-05-11 10:20,2207
2019-05-11 10:25,2232
2019-05-11 10:30,2256
2019-05-11 10:35,2270
2019-05-11 10:40,2280
2019-05-11 10:45,2300
2019-05-11 10:50,2310
2019-05-11 10:55,2305
2019-05-11 11:00,2329
2019-05-11 11:05,2331
2019-05-11 11:10,2318
2019-05-11 11:15,2315
2019-05-11 11:20,2343
2019-05-11 11:25,2347
2019-05-11 11:30,2372
2019-05-11 11:35,2389
2019-05-11 11:40,2401
2019-05-11 11:45,2436
2019-05-11 11:50,2460
2019-05-11 11:55,2492
2019-05-11 12:00,2491
2019-05-11 12:05,2489
2019-05-11 12:10,2501
2019-05-11 12:15,2546
2019-05-11 12:20,2560
2019-05-11 12:25,2574
2019-05-11 12:30,2595
2019-05-11 12:35,2618
2019-05-11 12:40,2625
2019-05-11 12:45,2637
2019-05-11 12:50,2633
2019-05-11 12:55,2631
2019-05-11 13:00,2642
2019-05-11 13:05,2665
2019-05-11 13:10,2692
2019-05-11 13:15,2750
2019-05-11 13:20,2752
2019-05-11 13:25,2776
2019-05-11 13:30,2763
2019-05-11 13:35,2770
2019-05-11 13:40,2792
2019-05-11 13:45,2806
2019-05-11 13:50,2840
2019-05-11 13:55,2867
2019-05-11 14:00,2866
2019-05-11 14:05,2861
2019-05-11 14:10,2870
2019-05-11 14:15,2892
2019-05-11 14:20,2921
2019-05-11 14:25,2930
2019-05-11 14:30,2965
2019-05-11 14:35,2976
2019-05-11 14:40,2989
2019-05-11 14:45,2970
2019-05-11 14:50,2985
2019-05-11 14:55,2985
2019-05-11 15:00,2992
2019-05-11 15:05,2986
2019-05-11 15:10,3013
2019-05-11 15:15,3062
2019-05-11 15:20,3039
2019-05-11 15:25,3039
2019-05-11 15:30,3035
2019-05-11 15:35,3066
2019-05-11 15:40,3069
2019-05-11 15:45,3086
2019-05-11 15:50,3108
2019-05-11 15:55,3133
2019-05-11 16:00,3113
2019-05-11 16:05,3118
2019-05-11 16:10,3114
2019-05-11 16:15,3141
2019-05-11 16:20,3173
2019-05-11 16:25,3204
2019-05-11 16:30,3214
2019-05-11 16:35,3243
2019-05-11 16:40,3255
2019-05-11 16:45,3257
2019-05-11 16:50,3270
2019-05-11 16:55,3250
2019-05-11 17:00,3247
2019-05-11 17:05,3232
2019-05-11 17:10,3207
2019-05-11 17:15,3196
2019-05-11 17:20,3202
2019-05-11 17:25,3214
2019-05-11 17:30,3208
2019-05-11 17:35,3237
2019-05-11 17:40,3252
2019-05-11 17:45,3253
2019-05-11 17:50,3245
2019-05-11 17:55,3278
2019-05-11 18:00,3296
2019-05-11 18:05,3296
2019-05-11 18:10,3289
2019-05-11 18:15,3309
2019-05-11 18:20,3310
2019-05-11 18:25,3337
2019-05-11 18:30,3340
2019-05-11 18:35,3321
2019-05-11 18:40,3349
2019-05-11 18:45,3351
2019-05-11 18:50,3362
2019-05-11 18:55,3366
2019-05-11 19:00,3382
2019-05-11 19:05,3389
2019-05-11 19:10,3412
2019-05-11 19:15,3393
2019-05-11 19:20,3422
2019-05-11 19:25,3434
2019-05-11 19:30,3438
2019-05-11 19:35,3425
2019-05-11 19:40,3419
2019-05-11 19:45,3419
2019-05-11 19:50,3422
2019-05-11 19:55,3439
2019-05-11 20:00,3431
2019-05-11 20:05,3432
2019-05-11 20:10,3413
2019-05-11 20:15,3389
2019-05-11 20:20,3368
2019-05-11 20:25,3351
2019-05-11 20:30,3326
2019-05-11 20:35,3313
2019-05-11 20:40,3306
2019-05-11 20:45,3269
2019-05-11 20:50,3274
2019-05-11 20:55,3243
2019-05-11 21:00,3232
2019-05-11 21:05,3205
2019-05-11 21:10,3197
2019-05-11 21:15,3156
2019-05-11 21:20,3155
2019-05-11 21:25,3139
2019-05-11 21:30,3130
2019-05-11 21:35,3101
2019-05-11 21:40,3076
2019-05-11 21:45,3029
2019-05-11 21:50,3019
2019-05-11 21:55,2976
2019-05-11 22:00,2950
2019-05-11 22:05,2929
2019-05-11 22:10,2893
2019-05-11 22:15,2885
2019-05-11 22:20,2868
2019-05-11 22:25,2844
2019-05-11 22:30,2839
2019-05-11 22:35,2816
2019-05-11 22:40,2797
2019-05-11 22:45,2804
2019-05-11 22:50,2773
2019-05-11 22:55,2722
2019-05-11 23:00,2693
2019-05-11 23:05,2652
2019-05-11 23:10,2618
2019-05-11 23:15,2604
2019-05-11 23:20,2576
2019-05-11 23:25,2560
2019-05-11 23:30,2515
2019-05-11 23:35,2496
2019-05-11 23:40,2471
2019-05-11 23:45,2459
2019-05-11 23:50,2435
2019-05-11 23:55,2420
2019-05-12 00:00,2415
2019-05-12 00:05,2367
2019-05-12 00:10,2360
2019-05-12 00:15,2359
2019-05-12 00:20,2349
2019-05-12 00:25,2354
2019-05-12 00:30,2334
2019-05-12 00:35,2314
2019-05-12 00:40,2323
2019-05-12 00:45,2336
2019-05-12 00:50,2305
2019-05-12 00:55,2288
2019-05-12 01:00,2299
2019-05-12 01:05,2293
2019-05-12 01:10,2295
2019-05-12 01:15,2272
2019-05-12 01:20,2264
2019-05-12 01:25,2264
2019-05-12 01:30,2222
2019-05-12 01:35,2213
2019-05-12 01:40,2186
2019-05-12 01:45,2172
2019-05-12 01:50,2180
2019-05-12 01:55,2177
2019-05-12 02:00,2177
2019-05-12 02:05,2163
2019-05-12 02:10,2161
2019-05-12 02:15,2171
2019-05-12 02:20,2189
2019-05-12 02:25,2188
2019-05-12 02:30,2180
2019-05-12 02:35,2170
2019-05-12 02:40,2133
2019-05-12 02:45,2114
2019-05-12 02:50,2107
2019-05-12 02:55,2082
2019-05-12 03:00,2103
2019-05-12 03:05,2083
2019-05-12 03:10,2060
2019-05-12 03:15,2048
2019-05-12 03:20,2023
2019-05-12 03:25,1987
2019-05-12 03:30,1993
2019-05-12 03:35,1987
2019-05-12 03:40,1954
2019-05-12 03:45,1940
2019-05-12 03:50,1946
2019-05-12 03:55,1912
2019-05-12 04:00,1897
2019-05-12 04:05,1891
2019-05-12 04:10,1895
2019-05-12 04:15,1871
2019-05-12 04:20,1850
2019-05-12 04:25,1825
2019-05-12 04:30,1828
2019-05-12 04:35,1810
2019-05-12 04:40,1808
2019-05-12 04:45,1816
2019-05-12 04:50,1809
2019-05-12 04:55,1826
2019-05-12 05:00,1798
2019-05-12 05:05,1786
2019-05-12 05:10,1784
2019-05-12 05:15,1775
2019-05-12 05:20,1759
2019-05-12 05:25,1743
2019-05-12 05:30,1743
2019-05-12 05:35,1712
2019-05-12 05:40,1717
2019-05-12 05:45,1711
2019-05-12 05:50,1730
2019-05-12 05:55,1705
2019-05-12 06:00,1704
2019-05-12 06:05,1704
2019-05-12 06:10,1718
2019-05-12 06:15,1728
2019-05-12 06:20,1738
2019-05-12 06:25,1739
2019-05-12 06:30,1748
2019-05-12 06:35,1749
2019-05-12 06:40,1771
2019-05-12 06:45,1780
2019-05-12 06:50,1791
2019-05-12 06:55,1780
2019-05-12 07:00,1804
2019-05-12 07:05,1816
2019-05-12 07:10,1841
2019-05-12 07:15,1841
2019-05-12 07:20,1854
2019-05-12 07:25,1855
2019-05-12 07:30,1876
2019-05-12 07:35,1885
2019-05-12 07:40,1885
2019-05-12 07:45,1881
2019-05-12 07:50,1886
2019-05-12 07:55,1882
2019-05-12 08:00,1891
2019-05-12 08:05,1900
2019-05-12 08:10,1920
2019-05-12 08:15,1945
2019-05-12 08:20,1963
2019-05-12 08:25,1967
2019-05-12 08:30,1981
2019-05-12 08:35,1989
2019-05-12 08:40,2019
2019-05-12 08:45,2031
2019-05-12 08:50,2025
2019-05-12 08:55,2050
2019-05-12 09:00,2070
2019-05-12 09:05,2075
2019-05-12 09:10,2117
2019-05-12 09:15,2124
2019-05-12 09:20,2156
2019-05-12 09:25,2164
2019-05-12 09:30,2167
2019-05-12 09:35,2185
2019-05-12 09:40,2208
2019-05-12 09:45,2239
2019-05-12 09:50,2253
2019-05-12 09:55,2285
2019-05-12 10:00,2307
2019-05-12 10:05,2334
2019-05-12 10:10,2362
2019-05-12 10:15,2400
2019-05-12 10:20,2430
2019-05-12 10:25,2443
2019-05-12 10:30,2456
2019-05-12 10:35,2473
2019-05-12 10:40,2465
2019-05-12 10:45,2452
2019-05-12 10:50,2483
2019-05-12 10:55,2487
2019-05-12 11:00,2515
2019-05-12 11:05,2550
2019-05-12 11:10,2574
2019-05-12 11:15,2586
2019-05-12 11:20,2590
2019-05-12 11:25,2600
2019-05-12 11:30,2623
2019-05-12 11:35,2633
2019-05-12 11:40,2645
2019-05-12 11:45,2647
2019-05-12 11:50,2679
2019-05-12 11:55,2680
2019-05-12 12:00,2701
2019-05-12 12:05,2721
2019-05-12 12:10,2732
2019-05-12 12:15,2753
2019-05-12 12:20,2761
2019-05-12 12:25,2801
2019-05-12 12:30,2822
2019-05-12 12:35,2842
2019-05-12 12:40,2850
2019-05-12 12:45,2847
2019-05-12 12:50,2860
2019-05-12 12:55,2870
2019-05-12 13:00,2911
2019-05-12 13:05,2903
2019-05-12 13:10,2942
2019-05-12 13:15,2939
2019-05-12 13:20,2922
2019-05-12 13:25,2956
2019-05-12 13:30,2946
2019-05-12 13:35,2958
2019-05-12 13:40,2965
2019-05-12 13:45,2983
2019-05-12 13:50,2990
2019-05-12 13:55,3032
2019-05-12 14:00,3046
2019-05-12 14:05,3065
2019-05-12 14:10,3075
2019-05-12 14:15,3096
2019-05-12 14:20,3106
2019-05-12 14:25,3093
2019-05-12 14:30,3097
2019-05-12 14:35,3121
2019-05-12 14:40,3114
2019-05-12 14:45,3128
2019-05-12 14:50,3173
2019-05-12 14:55,3181
2019-05-12 15:00,3174
2019-05-12 15:05,3145
2019-05-12 15:10,3145
2019-05-12 15:15,3141
2019-05-12 15:20,3176
2019-05-12 15:25,3186
2019-05-12 15:30,3208
2019-05-12 15:35,3219
2019-05-12 15:40,3235
2019-05-12 15:45,3250
2019-05-12 15:50,3242
2019-05-12 15:55,3281
2019-05-12 16:00,3281
2019-05-12 16:05,3288
2019-05-12 16:10,3298
2019-05-12 16:15,3300
2019-05-12 16:20,3294
2019-05-12 16:25,3309
2019-05-12 16:30,3302
2019-05-12 16:35,3313
2019-05-12 16:40,3318
2019-05-12 16:45,3341
2019-05-12 16:50,3332
2019-05-12 16:55,3340
2019-05-12 17:00,3321
2019-05-12 17:05,3338
2019-05-12 17:10,3321
2019-05-12 17:15,3350
2019-05-12 17:20,3330
2019-05-12 17:25,3330
2019-05-12 17:30,3358
2019-05-12 17:35,3360
2019-05-12 17:40,3372
2019-05-12 17:45,3380
2019-05-12 17:50,3349
2019-05-12 17:55,3380
2019-05-12 18:00,3389
2019-05-12 18:05,3388
2019-05-12 18:10,3372
2019-05-12 18:15,3372
2019-05-12 18:20,3397
2019-05-12 18:25,3399
2019-05-12 18:30,3400
2019-05-12 18:35,3378
2019-05-12 18:40,3397
2019-05-12 18:45,3387
2019-05-12 18:50,3410
2019-05-12 18:55,3398
2019-05-12 19:00,3387
2019-05-12 19:05,3395
2019-05-12 19:10,3425
2019-05-12 19:15,3461
2019-05-12 19:20,3443
2019-05-12 19:25,3427
2019-05-12 19:30,3432
2019-05-12 19:35,3417
2019-05-12 19:40,3440
2019-05-12 19:45,3413
2019-05-12 19:50,3387
2019-05-12 19:55,3395
2019-05-12 20:00,3321
2019-05-12 20:05,3306
2019-05-12 20:10,3294
2019-05-12 20:15,3260
2019-05-12 20:20,3241
2019-05-12 20:25,3214
2019-05-12 20:30,3188
2019-05-12 20:35,3191
2019-05-12 20:40,3148
2019-05-12 20:45,3108
2019-05-12 20:50,3080
2019-05-12 20:55,3035
2019-05-12 21:00,2996
2019-05-12 21:05,2943
2019-05-12 21:10,2919
2019-05-12 21:15,2896
2019-05-12 21:20,2846
2019-05-12 21:25,2841
2019-05-12 21:30,2827
2019-05-12 21:35,2810
2019-05-12 21:40,2785
2019-05-12 21:45,2756
2019-05-12 21:50,2747
2019-05-12 21:55,2681
2019-05-12 22:00,2655
2019-05-12 22:05,2598
2019-05-12 22:10,2550
2019-05-12 22:15,2500
2019-05-12 22:20,2474
2019-05-12 22:25,2449
2019-05-12 22:30,2422
2019-05-12 22:35,2409
2019-05-12 22:40,2365
2019-05-12 22:45,2352
2019-05-12 22:50,2336
2019-05-12 22:55,2278
2019-05-12 23:00,2285
2019-05-12 23:05,2259
2019-05-12 23:10,2237
2019-05-12 23:15,2216
2019-05-12 23:20,2192
2019-05-12 23:25,2158
2019-05-12 23:30,2136
2019-05-12 23:35,2113
2019-05-12 23:40,2102
2019-05-12 23:45,2082
2019-05-12 23:50,2072
2019-05-12 23:55,2083
2019-05-13 00:00,2063
2019-05-13 00:05,2064
2019-05-13 00:10,2067
2019-05-13 00:15,2057
2019-05-13 00:20,2058
2019-05-13 00:25,2032
2019-05-13 00:30,2024
2019-05-13 00:35,2025
2019-05-13 00:40,2022
2019-05-13 00:45,2008
2019-05-13 00:50,2013
2019-05-13 00:55,1986
2019-05-13 01:00,1943
2019-05-13 01:05,1900
2019-05-13 01:10,1880
2019-05-13 01:15,1873
2019-05-13 01:20,1868
2019-05-13 01:25,1867
2019-05-13 01:30,1855
2019-05-13 01:35,1828
2019-05-13 01:40,1801
2019-05-13 01:45,1796
2019-05-13 01:50,1808
2019-05-13 01:55,1804
2019-05-13 02:00,1774
2019-05-13 02:05,1753
2019-05-13 02:10,1740
2019-05-13 02:15,1723
2019-05-13 02:20,1709
2019-05-13 02:25,1711
2019-05-13 02:30,1716
2019-05-13 02:35,1711
2019-05-13 02:40,1709
2019-05-13 02:45,1725
2019-05-13 02:50,1706
2019-05-13 02:55,1700
2019-05-13 03:00,1690
2019-05-13 03:05,1645
2019-05-13 03:10,1612
2019-05-13 03:15,1610
2019-05-13 03:20,1586
2019-05-13 03:25,1574
2019-05-13 03:30,1567
2019-05-13 03:35,1527
2019-05-13 03:40,1511
2019-05-13 03:45,1515
2019-05-13 03:50,1489
2019-05-13 03:55,1489
2019-05-13 04:00,1475
2019-05-13 04:05,1467
2019-05-13 04:10,1466
2019-05-13 04:15,1465
2019-05-13 04:20,1456
2019-05-13 04:25,1458
2019-05-13 04:30,1444
2019-05-13 04:35,1428
2019-05-13 04:40,1414
2019-05-13 04:45,1420
2019-05-13 04:50,1406
2019-05-13 04:55,1388
2019-05-13 05:00,1379
2019-05-13 05:05,1379
2019-05-13 05:10,1360
2019-05-13 05:15,1343
2019-05-13 05:20,1324
2019-05-13 05:25,1329
2019-05-13 05:30,1311
2019-05-13 05:35,1306
2019-05-13 05:40,1317
2019-05-13 05:45,1328
2019-05-13 05:50,1318
2019-05-13 05:55,1304
2019-05-13 06:00,1289
2019-05-13 06:05,1273
2019-05-13 06:10,1268
2019-05-13 06:15,1258
2019-05-13 06:20,1270
2019-05-13 06:25,1250
2019-05-13 06:30,1255
2019-05-13 06:35,1263
2019-05-13 06:40,1264
2019-05-13 06:45,1260
2019-05-13 06:50,1248
2019-05-13 06:55,1246
2019-05-13 07:00,1259
2019-05-13 07:05,1238
2019-05-13 07:10,1228
2019-05-13 07:15,1218
2019-05-13 07:20,1237
2019-05-13 07:25,1218
2019-05-13 07:30,1209
2019-05-13 07:35,1216
2019-05-13 07:40,1221
2019-05-13 07:45,1205
2019-05-13 07:50,1207
2019-05-13 07:55,1219
2019-05-13 08:00,1218
2019-05-13 08:05,1217
2019-05-13 08:10,1219
2019-05-13 08:15,1221
2019-05-13 08:20,1220
2019-05-13 08:25,1220
2019-05-13 08:30,1226
2019-05-13 08:35,1224
2019-05-13 08:40,1228
2019-05-13 08:45,1231
2019-05-13 08:50,1253
2019-05-13 08:55,1250
2019-05-13 09:00,1264
2019-05-13 09:05,1267
2019-05-13 09:10,1269
2019-05-13 09:15,1279
2019-05-13 09:20,1293
2019-05-13 09:25,1320
2019-05-13 09:30,1330
2019-05-13 09:35,1330
2019-05-13 09:40,1343
2019-05-13 09:45,1345
2019-05-13 09:50,1355
2019-05-13 09:55,1356
2019-05-13 10:00,1393
2019-05-13 10:05,1429
2019-05-13 10:10,1442
2019-05-13 10:15,1488
2019-05-13 10:20,1508
2019-05-13 10:25,1502
2019-05-13 10:30,1516
2019-05-13 10:35,1528
2019-05-13 10:40,1562
2019-05-13 10:45,1562
2019-05-13 10:50,1569
2019-05-13 10:55,1578
2019-05-13 11:00,1575
2019-05-13 11:05,1580
2019-05-13 11:10,1594
2019-05-13 11:15,1596
2019-05-13 11:20,1603
2019-05-13 11:25,1593
2019-05-13 11:30,1609
2019-05-13 11:35,1631
2019-05-13 11:40,1654
2019-05-13 11:45,1667
2019-05-13 11:50,1675
2019-05-13 11:55,1691
2019-05-13 12:00,1690
2019-05-13 12:05,1688
2019-05-13 12:10,1718
2019-05-13 12:15,1744
2019-05-13 12:20,1758
2019-05-13 12:25,1779
2019-05-13 12:30,1783
2019-05-13 12:35,1792
2019-05-13 12:40,1801
2019-05-13 12:45,1800
2019-05-13 12:50,1813
2019-05-13 12:55,1837
2019-05-13 13:00,1841
2019-05-13 13:05,1843
2019-05-13 13:10,1868
2019-05-13 13:15,1881
2019-05-13 13:20,1907
2019-05-13 13:25,1910
2019-05-13 13:30,1906
2019-05-13 13:35,1929
2019-05-13 13:40,1927
2019-05-13 13:45,1941
2019-05-13 13:50,1963
2019-05-13 13:55,1984
2019-05-13 14:00,2001
2019-05-13 14:05,2009
2019-05-13 14:10,2014
2019-05-13 14:15,2039
2019-05-13 14:20,2039
2019-05-13 14:25,2058
2019-05-13 14:30,2061
2019-05-13 14:35,2053
2019-05-13 14:40,2056
2019-05-13 14:45,2074
2019-05-13 14:50,2083
2019-05-13 14:55,2093
2019-05-13 15:00,2097
2019-05-13 15:05,2089
2019-05-13 15:10,2104
2019-05-13 15:15,2108
2019-05-13 15:20,2146
2019-05-13 15:25,2171
2019-05-13 15:30,2191
2019-05-13 15:35,2179
2019-05-13 15:40,2199
2019-05-13 15:45,2223
2019-05-13 15:50,2246
2019-05-13 15:55,2264
2019-05-13 16:00,2275
2019-05-13 16:05,2286
2019-05-13 16:10,2314
2019-05-13 16:15,2357
2019-05-13 16:20,2402
2019-05-13 16:25,2436
2019-05-13 16:30,2439
2019-05-13 16:35,2457
2019-05-13 16:40,2481
2019-05-13 16:45,2482
2019-05-13 16:50,2510
2019-05-13 16:55,2543
2019-05-13 17:00,2563
2019-05-13 17:05,2548
2019-05-13 17:10,2519
2019-05-13 17:15,2542
2019-05-13 17:20,2561
2019-05-13 17:25,2546
2019-05-13 17:30,2585
2019-05-13 17:35,2599
2019-05-13 17:40,2625
2019-05-13 17:45,2624
2019-05-13 17:50,2617
2019-05-13 17:55,2607
2019-05-13 18:00,2615
2019-05-13 18:05,2626
2019-05-13 18:10,2625
2019-05-13 18:15,2659
2019-05-13 18:20,2676
2019-05-13 18:25,2674
2019-05-13 18:30,2691
2019-05-13 18:35,2727
2019-05-13 18:40,2729
2019-05-13 18:45,2719
2019-05-13 18:50,2716
2019-05-13 18:55,2727
2019-05-13 19:00,2721
2019-05-13 19:05,2734
2019-05-13 19:10,2756
2019-05-13 19:15,2734
2019-05-13 19:20,2723
2019-05-13 19:25,2722
2019-05-13 19:30,2709
2019-05-13 19:35,2739
2019-05-13 19:40,2739
2019-05-13 19:45,2741
2019-05-13 19:50,2735
2019-05-13 19:55,2723
2019-05-13 20:00,2695
2019-05-13 20:05,2703
2019-05-13 20:10,2692
2019-05-13 20:15,2661
2019-05-13 20:20,2646
2019-05-13 20:25,2653
2019-05-13 20:30,2619
2019-05-13 20:35,2624
2019-05-13 20:40,2622
2019-05-13 20:45,2596
2019-05-13 20:50,2568
2019-05-13 20:55,2553
2019-05-13 21:00,2485
2019-05-13 21:05,2467
2019-05-13 21:10,2438
2019-05-13 21:15,2407
2019-05-13 21:20,2370
2019-05-13 21:25,2363
2019-05-13 21:30,2345
2019-05-13 21:35,2340
2019-05-13 21:40,2301
2019-05-13 21:45,2281
2019-05-13 21:50,2272
2019-05-13 21:55,2249
2019-05-13 22:00,2222
2019-05-13 22:05,2173
2019-05-13 22:10,2142
2019-05-13 22:15,2124
2019-05-13 22:20,2088
2019-05-13 22:25,2078
2019-05-13 22:30,2057
2019-05-13 22:35,2035
2019-05-13 22:40,2003
2019-05-13 22:45,1990
2019-05-13 22:50,1951
2019-05-13 22:55,1949
2019-05-13 23:00,1931
2019-05-13 23:05,1925
2019-05-13 23:10,1912
2019-05-13 23:15,1901
2019-05-13 23:20,1919
2019-05-13 23:25,1904
2019-05-13 23:30,1900
2019-05-13 23:35,1900
2019-05-13 23:40,1890
2019-05-13 23:45,1886
2019-05-13 23:50,1880
2019-05-13 23:55,1888
2019-05-14 00:00,1886
2019-05-14 00:05,1886
2019-05-14 00:10,1856
2019-05-14 00:15,1843
2019-05-14 00:20,1820
2019-05-14 00:25,1826
2019-05-14 00:30,1813
2019-05-14 00:35,1810
2019-05-14 00:40,1811
2019-05-14 00:45,1814
2019-05-14 00:50,1830
2019-05-14 00:55,1842
2019-05-14 01:00,1826
2019-05-14 01:05,1835
2019-05-14 01:10,1847
2019-05-14 01:15,1852
2019-05-14 01:20,1851
2019-05-14 01:25,1848
2019-05-14 01:30,1817
2019-05-14 01:35,1822
2019-05-14 01:40,1803
2019-05-14 01:45,1786
2019-05-14 01:50,1792
2019-05-14 01:55,1764
2019-05-14 02:00,1728
2019-05-14 02:05,1734
2019-05-14 02:10,1731
2019-05-14 02:15,1721
2019-05-14 02:20,1706
2019-05-14 02:25,1685
2019-05-14 02:30,1673
2019-05-14 02:35,1644
2019-05-14 02:40,1623
2019-05-14 02:45,1621
2019-05-14 02:50,1612
2019-05-14 02:55,1612
2019-05-14 03:00,1595
2019-05-14 03:05,1573
2019-05-14 03:10,1562
2019-05-14 03:15,1528
2019-05-14 03:20,1514
2019-05-14 03:25,1510
2019-05-14 03:30,1490
2019-05-14 03:35,1471
2019-05-14 03:40,1433
2019-05-14 03:45,1426
2019-05-14 03:50,1411
2019-05-14 03:55,1414
2019-05-14 04:00,1402
2019-05-14 04:05,1389
2019-05-14 04:10,1376
2019-05-14 04:15,1369
2019-05-14 04:20,1348
2019-05-14 04:25,1332
2019-05-14 04:30,1331
2019-05-14 04:35,1328
2019-05-14 04:40,1333
2019-05-14 04:45,1317
2019-05-14 04:50,1306
2019-05-14 04:55,1298
2019-05-14 05:00,1278
2019-05-14 05:05,1267
2019-05-14 05:10,1257
2019-05-14 05:15,1268
2019-05-14 05:20,1268
2019-05-14 05:25,1278
2019-05-14 05:30,1248
2019-05-14 05:35,1241
2019-05-14 05:40,1246
2019-05-14 05:45,1228
2019-05-14 05:50,1217
2019-05-14 05:55,1197
2019-05-14 06:00,1178
2019-05-14 06:05,1158
2019-05-14 06:10,1149
2019-05-14 06:15,1150
2019-05-14 06:20,1140
2019-05-14 06:25,1143
2019-05-14 06:30,1126
2019-05-14 06:35,1122
2019-05-14 06:40,1126
2019-05-14 06:45,1127
2019-05-14 06:50,1123
2019-05-14 06:55,1118
2019-05-14 07:00,1116
2019-05-14 07:05,1103
2019-05-14 07:10,1111
2019-05-14 07:15,1122
2019-05-14 07:20,1134
2019-05-14 07:25,1124
2019-05-14 07:30,1131
2019-05-14 07:35,1156
2019-05-14 07:40,1157
2019-05-14 07:45,1146
2019-05-14 07:50,1133
2019-05-14 07:55,1146
2019-05-14 08:00,1144
2019-05-14 08:05,1164
2019-05-14 08:10,1153
2019-05-14 08:15,1168
2019-05-14 08:20,1166
2019-05-14 08:25,1176
2019-05-14 08:30,1184
2019-05-14 08:35,1203
2019-05-14 08:40,1192
2019-05-14 08:45,1204
2019-05-14 08:50,1213
2019-05-14 08:55,1229
2019-05-14 09:00,1242
2019-05-14 09:05,1245
2019-05-14 09:10,1253
2019-05-14 09:15,1257
2019-05-14 09:20,1266
2019-05-14 09:25,1273
2019-05-14 09:30,1269
2019-05-14 09:35,1276
2019-05-14 09:40,1296
2019-05-14 09:45,1297
2019-05-14 09:50,1304
2019-05-14 09:55,1320
2019-05-14 10:00,1334
2019-05-14 10:05,1363
2019-05-14 10:10,1378
2019-05-14 10:15,1391
2019-05-14 10:20,1415
2019-05-14 10:25,1418
2019-05-14 10:30,1447
2019-05-14 10:35,1457
2019-05-14 10:40,1473
2019-05-14 10:45,1502
2019-05-14 10:50,1511
2019-05-14 10:55,1541
2019-05-14 11:00,1552
2019-05-14 11:05,1542
2019-05-14 11:10,1561
2019-05-14 11:15,1561
2019-05-14 11:20,1559
2019-05-14 11:25,1575
2019-05-14 11:30,1589
2019-05-14 11:35,1603
2019-05-14 11:40,1611
2019-05-14 11:45,1598
2019-05-14 11:50,1616
2019-05-14 11:55,1628
2019-05-14 12:00,1632
2019-05-14 12:05,1623
2019-05-14 12:10,1639
2019-05-14 12:15,1648
2019-05-14 12:20,1652
2019-05-14 12:25,1654
2019-05-14 12:30,1648
2019-05-14 12:35,1658
2019-05-14 12:40,1664
2019-05-14 12:45,1668
2019-05-14 12:50,1687
2019-05-14 12:55,1700
2019-05-14 13:00,1706
2019-05-14 13:05,1728
2019-05-14 13:10,1732
2019-05-14 13:15,1730
2019-05-14 13:20,1751
2019-05-14 13:25,1748
2019-05-14 13:30,1745
2019-05-14 13:35,1750
2019-05-14 13:40,1752
2019-05-14 13:45,1749
2019-05-14 13:50,1693
2019-05-14 13:55,1608
2019-05-14 14:00,1432
2019-05-14 14:05,979
2019-05-14 14:10,968
2019-05-14 14:15,957
2019-05-14 14:20,982
2019-05-14 14:25,973
2019-05-14 14:30,990
2019-05-14 14:35,1002
2019-05-14 14:40,997
2019-05-14 14:45,1010
2019-05-14 14:50,1012
2019-05-14 14:55,1016
2019-05-14 15:00,1034
2019-05-14 15:05,1078
2019-05-14 15:10,1122
2019-05-14 15:15,1145
2019-05-14 15:20,1228
2019-05-14 15:25,1331
2019-05-14 15:30,1441
2019-05-14 15:35,1545
2019-05-14 15:40,1636
2019-05-14 15:45,1743
2019-05-14 15:50,1831
2019-05-14 15:55,1915
2019-05-14 16:00,2008
2019-05-14 16:05,2079
2019-05-14 16:10,2146
2019-05-14 16:15,2242
2019-05-14 16:20,2277
2019-05-14 16:25,2340
2019-05-14 16:30,2393
2019-05-14 16:35,2425
2019-05-14 16:40,2452
2019-05-14 16:45,2471
2019-05-14 16:50,2496
2019-05-14 16:55,2526
2019-05-14 17:00,2543
2019-05-14 17:05,2560
2019-05-14 17:10,2592
2019-05-14 17:15,2614
2019-05-14 17:20,2640
2019-05-14 17:25,2657
2019-05-14 17:30,2692
2019-05-14 17:35,2703
2019-05-14 17:40,2718
2019-05-14 17:45,2723
2019-05-14 17:50,2732
2019-05-14 17:55,2726
2019-05-14 18:00,2708
2019-05-14 18:05,2699
2019-05-14 18:10,2699
2019-05-14 18:15,2722
2019-05-14 18:20,2704
2019-05-14 18:25,2723
2019-05-14 18:30,2708
2019-05-14 18:35,2740
2019-05-14 18:40,2752
2019-05-14 18:45,2747
2019-05-14 18:50,2766
2019-05-14 18:55,2758
2019-05-14 19:00,2766
2019-05-14 19:05,2789
2019-05-14 19:10,2794
2019-05-14 19:15,2803
2019-05-14 19:20,2783
2019-05-14 19:25,2738
2019-05-14 19:30,2728
2019-05-14 19:35,2702
2019-05-14 19:40,2713
2019-05-14 19:45,2707
2019-05-14 19:50,2722
2019-05-14 19:55,2690
2019-05-14 20:00,2658
2019-05-14 20:05,2637
2019-05-14 20:10,2604
2019-05-14 20:15,2562
2019-05-14 20:20,2550
2019-05-14 20:25,2536
2019-05-14 20:30,2517
2019-05-14 20:35,2510
2019-05-14 20:40,2484
2019-05-14 20:45,2487
2019-05-14 20:50,2436
2019-05-14 20:55,2428
2019-05-14 21:00,2419
2019-05-14 21:05,2389
2019-05-14 21:10,2342
2019-05-14 21:15,2307
2019-05-14 21:20,2291
2019-05-14 21:25,2251
2019-05-14 21:30,2218
2019-05-14 21:35,2196
2019-05-14 21:40,2176
2019-05-14 21:45,2154
2019-05-14 21:50,2149
2019-05-14 21:55,2106
2019-05-14 22:00,
2019-05-14 22:05,
2019-05-14 22:10,
2019-05-14 22:15,0
2019-05-14 22:20,1200
2019-05-14 22:25,1979
2019-05-14 22:30,1963
2019-05-14 22:35,1966
2019-05-14 22:40,1951
2019-05-14 22:45,1944
2019-05-14 22:50,1926
2019-05-14 22:55,1899
2019-05-14 23:00,1925
2019-05-14 23:05,1932
2019-05-14 23:10,1935
2019-05-14 23:15,1914
2019-05-14 23:20,1909
2019-05-14 23:25,1882
2019-05-14 23:30,1872
2019-05-14 23:35,1882
2019-05-14 23:40,1888
2019-05-14 23:45,1866
2019-05-14 23:50,1860
2019-05-14 23:55,1861
2019-05-15 00:00,1836
2019-05-15 00:05,1783
2019-05-15 00:10,1761
2019-05-15 00:15,1764
2019-05-15 00:20,1765
2019-05-15 00:25,1753
2019-05-15 00:30,1739
2019-05-15 00:35,1740
2019-05-15 00:40,1714
2019-05-15 00:45,1721
2019-05-15 00:50,1745
2019-05-15 00:55,1713
2019-05-15 01:00,1697
2019-05-15 01:05,1709
2019-05-15 01:10,1705
2019-05-15 01:15,1699
2019-05-15 01:20,1695
2019-05-15 01:25,1682
2019-05-15 01:30,1672
2019-05-15 01:35,1663
2019-05-15 01:40,1673
2019-05-15 01:45,1664
2019-05-15 01:50,1655
2019-05-15 01:55,0
2019-05-15 02:00,1650
2019-05-15 02:05,1622
2019-05-15 02:10,1648
2019-05-15 02:15,1615
2019-05-15 02:20,1608
2019-05-15 02:25,1583
2019-05-15 02:30,1560
2019-05-15 02:35,1564
2019-05-15 02:40,1545
2019-05-15 02:45,1521
2019-05-15 02:50,1513
2019-05-15 02:55,1497
2019-05-15 03:00,1474
2019-05-15 03:05,1458
2019-05-15 03:10,1423
2019-05-15 03:15,1406
2019-05-15 03:20,1398
2019-05-15 03:25,1392
2019-05-15 03:30,1392
2019-05-15 03:35,1403
2019-05-15 03:40,1375
2019-05-15 03:45,1365
2019-05-15 03:50,1351
2019-05-15 03:55,1335
2019-05-15 04:00,1345
2019-05-15 04:05,1337
2019-05-15 04:10,1340
2019-05-15 04:15,1339
2019-05-15 04:20,1334
2019-05-15 04:25,1315
2019-05-15 04:30,1298
2019-05-15 04:35,1313
2019-05-15 04:40,1307
2019-05-15 04:45,1282
2019-05-15 04:50,1265
2019-05-15 04:55,1269
2019-05-15 05:00,1248
2019-05-15 05:05,1232
2019-05-15 05:10,1204
2019-05-15 05:15,1216
2019-05-15 05:20,1196
2019-05-15 05:25,1177
2019-05-15 05:30,1162
2019-05-15 05:35,1140
2019-05-15 05:40,1136
2019-05-15 05:45,1145
2019-05-15 05:50,1124
2019-05-15 05:55,1120
2019-05-15 06:00,1117
2019-05-15 06:05,1118
2019-05-15 06:10,1111
2019-05-15 06:15,1106
2019-05-15 06:20,1104
2019-05-15 06:25,1100
2019-05-15 06:30,1096
2019-05-15 06:35,1090
2019-05-15 06:40,1093
2019-05-15 06:45,1092
2019-05-15 06:50,1101
2019-05-15 06:55,1086
2019-05-15 07:00,1087
2019-05-15 07:05,1087
2019-05-15 07:10,1075
2019-05-15 07:15,1076
2019-05-15 07:20,1085
2019-05-15 07:25,1091
2019-05-15 07:30,1110
2019-05-15 07:35,1120
2019-05-15 07:40,1115
2019-05-15 07:45,1111
2019-05-15 07:50,1125
2019-05-15 07:55,1130
2019-05-15 08:00,1130
2019-05-15 08:05,1134
2019-05-15 08:10,1142
2019-05-15 08:15,1143
2019-05-15 08:20,1142
2019-05-15 08:25,1163
2019-05-15 08:30,1168
2019-05-15 08:35,1170
2019-05-15 08:40,1172
2019-05-15 08:45,1199
2019-05-15 08:50,1202
2019-05-15 08:55,1212
2019-05-15 09:00,1216
2019-05-15 09:05,1223
2019-05-15 09:10,1240
2019-05-15 09:15,1235
2019-05-15 09:20,1237
2019-05-15 09:25,1254
2019-05-15 09:30,1253
2019-05-15 09:35,1256
2019-05-15 09:40,1252
2019-05-15 09:45,1264
2019-05-15 09:50,1266
2019-05-15 09:55,1278
2019-05-15 10:00,1302
2019-05-15 10:05,1341
2019-05-15 10:10,1355
2019-05-15 10:15,1375
2019-05-15 10:20,1380
2019-05-15 10:25,1407
2019-05-15 10:30,1424
2019-05-15 10:35,1429
2019-05-15 10:40,1426
2019-05-15 10:45,1449
2019-05-15 10:50,1457
2019-05-15 10:55,1498
2019-05-15 11:00,1509
2019-05-15 11:05,1516
2019-05-15 11:10,1514
2019-05-15 11:15,1534
2019-05-15 11:20,1535
2019-05-15 11:25,1571
2019-05-15 11:30,1572
2019-05-15 11:35,1585
2019-05-15 11:40,1592
2019-05-15 11:45,1601
2019-05-15 11:50,1606
2019-05-15 11:55,1600
2019-05-15 12:00,1616
2019-05-15 12:05,1636
2019-05-15 12:10,1654
2019-05-15 12:15,1653
2019-05-15 12:20,1667
2019-05-15 12:25,1672
2019-05-15 12:30,1697
2019-05-15 12:35,1716
2019-05-15 12:40,1732
2019-05-15 12:45,1730
2019-05-15 12:50,1728
2019-05-15 12:55,1733
2019-05-15 13:00,1703
2019-05-15 13:05,1741
2019-05-15 13:10,1741
2019-05-15 13:15,1732
2019-05-15 13:20,1744
2019-05-15 13:25,1748
2019-05-15 13:30,1735
2019-05-15 13:35,1756
2019-05-15 13:40,1776
2019-05-15 13:45,1775
2019-05-15 13:50,1798
2019-05-15 13:55,1818
2019-05-15 14:00,1834
2019-05-15 14:05,1848
2019-05-15 14:10,1865
2019-05-15 14:15,1878
2019-05-15 14:20,1875
2019-05-15 14:25,1886
2019-05-15 14:30,1902
2019-05-15 14:35,1940
2019-05-15 14:40,1956
2019-05-15 14:45,1957
2019-05-15 14:50,1952
2019-05-15 14:55,1984
2019-05-15 15:00,2006
2019-05-15 15:05,1990
2019-05-15 15:10,2005
2019-05-15 15:15,1997
2019-05-15 15:20,2010
2019-05-15 15:25,2025
2019-05-15 15:30,2045
2019-05-15 15:35,2062
2019-05-15 15:40,2094
2019-05-15 15:45,2113
2019-05-15 15:50,2142
2019-05-15 15:55,2182
2019-05-15 16:00,2204
2019-05-15 16:05,2215
2019-05-15 16:10,2241
2019-05-15 16:15,2246
2019-05-15 16:20,2243
2019-05-15 16:25,2272
2019-05-15 16:30,2295
2019-05-15 16:35,2311
2019-05-15 16:40,2323
2019-05-15 16:45,2324
2019-05-15 16:50,2344
2019-05-15 16:55,2359
2019-05-15 17:00,2380
2019-05-15 17:05,2382
2019-05-15 17:10,2400
2019-05-15 17:15,2405
2019-05-15 17:20,2424
2019-05-15 17:25,2449
2019-05-15 17:30,2455
2019-05-15 17:35,2444
2019-05-15 17:40,2456
2019-05-15 17:45,2472
2019-05-15 17:50,2492
2019-05-15 17:55,2529
2019-05-15 18:00,2533
2019-05-15 18:05,2535
2019-05-15 18:10,2546
2019-05-15 18:15,2531
2019-05-15 18:20,2525
2019-05-15 18:25,2543
2019-05-15 18:30,2534
2019-05-15 18:35,2514
2019-05-15 18:40,2511
2019-05-15 18:45,2530
2019-05-15 18:50,2555
2019-05-15 18:55,2569
2019-05-15 19:00,2561
2019-05-15 19:05,2540
2019-05-15 19:10,2543
2019-05-15 19:15,2527
2019-05-15 19:20,2559
2019-05-15 19:25,2564
2019-05-15 19:30,2566
2019-05-15 19:35,2560
2019-05-15 19:40,2560
2019-05-15 19:45,2539
2019-05-15 19:50,2521
2019-05-15 19:55,2509
2019-05-15 20:00,2499
2019-05-15 20:05,2468
2019-05-15 20:10,2444
2019-05-15 20:15,2425
2019-05-15 20:20,2409
2019-05-15 20:25,2380
2019-05-15 20:30,2360
2019-05-15 20:35,2342
2019-05-15 20:40,2340
2019-05-15 20:45,2335
2019-05-15 20:50,2324
2019-05-15 20:55,2299
2019-05-15 21:00,2262
2019-05-15 21:05,2240
2019-05-15 21:10,2200
2019-05-15 21:15,2189
2019-05-15 21:20,2152
2019-05-15 21:25,2136
2019-05-15 21:30,2126
2019-05-15 21:35,2101
2019-05-15 21:40,2087
2019-05-15 21:45,2070
2019-05-15 21:50,2047
2019-05-15 21:55,2034
2019-05-15 22:00,1998
2019-05-15 22:05,1955
2019-05-15 22:10,1932
2019-05-15 22:15,1926
2019-05-15 22:20,1911
2019-05-15 22:25,1895
2019-05-15 22:30,1879
2019-05-15 22:35,1860
2019-05-15 22:40,1835
2019-05-15 22:45,1812
2019-05-15 22:50,1802
2019-05-15 22:55,1773
2019-05-15 23:00,1755
2019-05-15 23:05,1748
2019-05-15 23:10,1763
2019-05-15 23:15,1740
2019-05-15 23:20,1738
2019-05-15 23:25,1726
2019-05-15 23:30,1696
2019-05-15 23:35,1704
2019-05-15 23:40,1692
2019-05-15 23:45,1685
2019-05-15 23:50,1689
2019-05-15 23:55,1669
2019-05-16 00:00,1658
2019-05-16 00:05,1668
2019-05-16 00:10,1682
2019-05-16 00:15,1662
2019-05-16 00:20,1673
2019-05-16 00:25,1663
2019-05-16 00:30,1662
2019-05-16 00:35,1663
2019-05-16 00:40,1645
2019-05-16 00:45,1626
2019-05-16 00:50,1627
2019-05-16 00:55,1624
2019-05-16 01:00,1623
2019-05-16 01:05,1628
2019-05-16 01:10,1614
2019-05-16 01:15,1605
2019-05-16 01:20,1609
2019-05-16 01:25,1580
2019-05-16 01:30,1601
2019-05-16 01:35,1606
2019-05-16 01:40,1585
2019-05-16 01:45,1566
2019-05-16 01:50,1560
2019-05-16 01:55,1539
2019-05-16 02:00,1539
2019-05-16 02:05,1452
2019-05-16 02:10,1456
2019-05-16 02:15,1534
2019-05-16 02:20,1521
2019-05-16 02:25,1510
2019-05-16 02:30,1514
2019-05-16 02:35,1508
2019-05-16 02:40,1487
2019-05-16 02:45,1488
2019-05-16 02:50,1464
2019-05-16 02:55,1456
2019-05-16 03:00,1434
2019-05-16 03:05,1416
2019-05-16 03:10,1402
2019-05-16 03:15,1394
2019-05-16 03:20,1374
2019-05-16 03:25,1365
2019-05-16 03:30,1370
2019-05-16 03:35,1330
2019-05-16 03:40,1304
2019-05-16 03:45,1306
2019-05-16 03:50,1311
2019-05-16 03:55,1301
2019-05-16 04:00,1283
2019-05-16 04:05,1280
2019-05-16 04:10,1270
2019-05-16 04:15,1259
2019-05-16 04:20,1256
2019-05-16 04:25,1247
2019-05-16 04:30,1226
2019-05-16 04:35,1210
2019-05-16 04:40,1199
2019-05-16 04:45,1176
2019-05-16 04:50,1142
2019-05-16 04:55,1136
2019-05-16 05:00,1122
2019-05-16 05:05,1101
2019-05-16 05:10,1084
2019-05-16 05:15,1097
2019-05-16 05:20,1091
2019-05-16 05:25,1076
2019-05-16 05:30,1060
2019-05-16 05:35,1054
2019-05-16 05:40,1053
2019-05-16 05:45,1043
2019-05-16 05:50,1040
2019-05-16 05:55,1035
2019-05-16 06:00,1040
2019-05-16 06:05,1019
2019-05-16 06:10,1012
2019-05-16 06:15,1024
2019-05-16 06:20,1033
2019-05-16 06:25,1050
2019-05-16 06:30,1045
2019-05-16 06:35,1050
2019-05-16 06:40,1034
2019-05-16 06:45,1054
2019-05-16 06:50,1047
2019-05-16 06:55,1043
2019-05-16 07:00,1048
2019-05-16 07:05,1041
2019-05-16 07:10,1039
2019-05-16 07:15,1033
2019-05-16 07:20,1027
2019-05-16 07:25,1045
2019-05-16 07:30,1039
2019-05-16 07:35,1031
2019-05-16 07:40,1051
2019-05-16 07:45,1056
2019-05-16 07:50,1057
2019-05-16 07:55,1052
2019-05-16 08:00,1052
2019-05-16 08:05,1058
2019-05-16 08:10,1055
2019-05-16 08:15,1052
2019-05-16 08:20,1054
2019-05-16 08:25,1073
2019-05-16 08:30,1072
2019-05-16 08:35,1071
2019-05-16 08:40,1079
2019-05-16 08:45,1085
2019-05-16 08:50,1086
2019-05-16 08:55,1095
2019-05-16 09:00,1087
2019-05-16 09:05,1109
2019-05-16 09:10,1130
2019-05-16 09:15,1138
2019-05-16 09:20,1137
2019-05-16 09:25,1157
2019-05-16 09:30,1179
2019-05-16 09:35,1193
2019-05-16 09:40,1201
2019-05-16 09:45,1209
2019-05-16 09:50,1212
2019-05-16 09:55,1226
2019-05-16 10:00,1244
2019-05-16 10:05,1270
2019-05-16 10:10,1299
2019-05-16 10:15,1296
2019-05-16 10:20,1316
2019-05-16 10:25,1320
2019-05-16 10:30,1327
2019-05-16 10:35,1352
2019-05-16 10:40,1356
2019-05-16 10:45,1359
2019-05-16 10:50,1367
2019-05-16 10:55,1382
2019-05-16 11:00,1389
2019-05-16 11:05,1397
2019-05-16 11:10,1402
2019-05-16 11:15,1402
2019-05-16 11:20,1407
2019-05-16 11:25,1402
2019-05-16 11:30,1396
2019-05-16 11:35,1415
2019-05-16 11:40,1414
2019-05-16 11:45,1432
2019-05-16 11:50,1430
2019-05-16 11:55,1433
2019-05-16 12:00,1437
2019-05-16 12:05,1450
2019-05-16 12:10,1459
2019-05-16 12:15,1457
2019-05-16 12:20,1475
2019-05-16 12:25,1490
2019-05-16 12:30,1508
2019-05-16 12:35,1483
2019-05-16 12:40,1500
2019-05-16 12:45,1484
2019-05-16 12:50,1446
2019-05-16 12:55,1374
2019-05-16 13:00,1213
2019-05-16 13:05,676
2019-05-16 13:10,586
2019-05-16 13:15,563
2019-05-16 13:20,557
2019-05-16 13:25,542
2019-05-16 13:30,541
2019-05-16 13:35,552
2019-05-16 13:40,550
2019-05-16 13:45,546
2019-05-16 13:50,559
2019-05-16 13:55,547
2019-05-16 14:00,587
2019-05-16 14:05,619
2019-05-16 14:10,640
2019-05-16 14:15,662
2019-05-16 14:20,666
2019-05-16 14:25,676
2019-05-16 14:30,708
2019-05-16 14:35,719
2019-05-16 14:40,693
2019-05-16 14:45,712
2019-05-16 14:50,712
2019-05-16 14:55,737
2019-05-16 15:00,763
2019-05-16 15:05,883
2019-05-16 15:10,1021
2019-05-16 15:15,1143
2019-05-16 15:20,1228
2019-05-16 15:25,1348
2019-05-16 15:30,1441
2019-05-16 15:35,1539
2019-05-16 15:40,1621
2019-05-16 15:45,1714
2019-05-16 15:50,1804
2019-05-16 15:55,1881
2019-05-16 16:00,1942
2019-05-16 16:05,2026
2019-05-16 16:10,2112
2019-05-16 16:15,2149
2019-05-16 16:20,2198
2019-05-16 16:25,2248
2019-05-16 16:30,2280
2019-05-16 16:35,2327
2019-05-16 16:40,2352
2019-05-16 16:45,2393
2019-05-16 16:50,2448
2019-05-16 16:55,2482
2019-05-16 17:00,2517
2019-05-16 17:05,2525
2019-05-16 17:10,2551
2019-05-16 17:15,2578
2019-05-16 17:20,2611
2019-05-16 17:25,2625
2019-05-16 17:30,2623
2019-05-16 17:35,2616
2019-05-16 17:40,2622
2019-05-16 17:45,2630
2019-05-16 17:50,2655
2019-05-16 17:55,2665
2019-05-16 18:00,2674
2019-05-16 18:05,2661
2019-05-16 18:10,2667
2019-05-16 18:15,2677
2019-05-16 18:20,2683
2019-05-16 18:25,
2019-05-16 18:30,2692
2019-05-16 18:35,2720
2019-05-16 18:40,2713
2019-05-16 18:45,2704
2019-05-16 18:50,2704
2019-05-16 18:55,2679
2019-05-16 19:00,2700
2019-05-16 19:05,2711
2019-05-16 19:10,2682
2019-05-16 19:15,2676
2019-05-16 19:20,2660
2019-05-16 19:25,2650
2019-05-16 19:30,2644
2019-05-16 19:35,2663
2019-05-16 19:40,2654
2019-05-16 19:45,2638
2019-05-16 19:50,2637
2019-05-16 19:55,2610
2019-05-16 20:00,2611
2019-05-16 20:05,2588
2019-05-16 20:10,2571
2019-05-16 20:15,2556
2019-05-16 20:20,2505
2019-05-16 20:25,2479
2019-05-16 20:30,2462
2019-05-16 20:35,2447
2019-05-16 20:40,2419
2019-05-16 20:45,2376
2019-05-16 20:50,2375
2019-05-16 20:55,2333
2019-05-16 21:00,2300
2019-05-16 21:05,2256
2019-05-16 21:10,2219
2019-05-16 21:15,2172
2019-05-16 21:20,2171
2019-05-16 21:25,2150
2019-05-16 21:30,2130
2019-05-16 21:35,2130
2019-05-16 21:40,2105
2019-05-16 21:45,2087
2019-05-16 21:50,2082
2019-05-16 21:55,2039
2019-05-16 22:00,2007
2019-05-16 22:05,1971
2019-05-16 22:10,1937
2019-05-16 22:15,1925
2019-05-16 22:20,1895
2019-05-16 22:25,1813
2019-05-16 22:30,1712
2019-05-16 22:35,1163
2019-05-16 22:40,1243
2019-05-16 22:45,1334
2019-05-16 22:50,1396
2019-05-16 22:55,1442
2019-05-16 23:00,1477
2019-05-16 23:05,1521
2019-05-16 23:10,1541
2019-05-16 23:15,1564
2019-05-16 23:20,1581
2019-05-16 23:25,1557
2019-05-16 23:30,1419
2019-05-16 23:35,1457
2019-05-16 23:40,1510
2019-05-16 23:45,1560
2019-05-16 23:50,1579
2019-05-16 23:55,1600
2019-05-17 00:00,1619
2019-05-17 00:05,1640
2019-05-17 00:10,1657
2019-05-17 00:15,1644
2019-05-17 00:20,1648
2019-05-17 00:25,1636
2019-05-17 00:30,1640
2019-05-17 00:35,1653
2019-05-17 00:40,1653
2019-05-17 00:45,1679
2019-05-17 00:50,1649
2019-05-17 00:55,1649
2019-05-17 01:00,1646
2019-05-17 01:05,1647
2019-05-17 01:10,1652
2019-05-17 01:15,1657
2019-05-17 01:20,1645
2019-05-17 01:25,1621
2019-05-17 01:30,1621
2019-05-17 01:35,1634
2019-05-17 01:40,1618
2019-05-17 01:45,1587
2019-05-17 01:50,1591
2019-05-17 01:55,1593
2019-05-17 02:00,1610
2019-05-17 02:05,1595
2019-05-17 02:10,1587
2019-05-17 02:15,1585
2019-05-17 02:20,1595
2019-05-17 02:25,1577
2019-05-17 02:30,1544
2019-05-17 02:35,1532
2019-05-17 02:40,1511
2019-05-17 02:45,1476
2019-05-17 02:50,1462
2019-05-17 02:55,1453
2019-05-17 03:00,1454
2019-05-17 03:05,1436
2019-05-17 03:10,1412
2019-05-17 03:15,1406
2019-05-17 03:20,1395
2019-05-17 03:25,1377
2019-05-17 03:30,1357
2019-05-17 03:35,1356
2019-05-17 03:40,1335
2019-05-17 03:45,1334
2019-05-17 03:50,1317
2019-05-17 03:55,1302
2019-05-17 04:00,1294
2019-05-17 04:05,1278
2019-05-17 04:10,1264
2019-05-17 04:15,1285
2019-05-17 04:20,1278
2019-05-17 04:25,1264
2019-05-17 04:30,1244
2019-05-17 04:35,1240
2019-05-17 04:40,1234
2019-05-17 04:45,1224
2019-05-17 04:50,1215
2019-05-17 04:55,1221
2019-05-17 05:00,1197
2019-05-17 05:05,1186
2019-05-17 05:10,1180
2019-05-17 05:15,1170
2019-05-17 05:20,1150
2019-05-17 05:25,1163
2019-05-17 05:30,1141
2019-05-17 05:35,1129
2019-05-17 05:40,1133
2019-05-17 05:45,1129
2019-05-17 05:50,1118
2019-05-17 05:55,1126
2019-05-17 06:00,1123
2019-05-17 06:05,1116
2019-05-17 06:10,1099
2019-05-17 06:15,1106
2019-05-17 06:20,1111
2019-05-17 06:25,1104
2019-05-17 06:30,1106
2019-05-17 06:35,1106
2019-05-17 06:40,1103
2019-05-17 06:45,1081
2019-05-17 06:50,1078
2019-05-17 06:55,1075
2019-05-17 07:00,1061
2019-05-17 07:05,1063
2019-05-17 07:10,1064
2019-05-17 07:15,1069
2019-05-17 07:20,1063
2019-05-17 07:25,1072
2019-05-17 07:30,1088
2019-05-17 07:35,1082
2019-05-17 07:40,1083
2019-05-17 07:45,1090
2019-05-17 07:50,1088
2019-05-17 07:55,1094
2019-05-17 08:00,1105
2019-05-17 08:05,1100
2019-05-17 08:10,1097
2019-05-17 08:15,1126
2019-05-17 08:20,1133
2019-05-17 08:25,1145
2019-05-17 08:30,1156
2019-05-17 08:35,1176
2019-05-17 08:40,1198
2019-05-17 08:45,1191
2019-05-17 08:50,1204
2019-05-17 08:55,1205
2019-05-17 09:00,1209
2019-05-17 09:05,1213
2019-05-17 09:10,1219
2019-05-17 09:15,1244
2019-05-17 09:20,1244
2019-05-17 09:25,1272
2019-05-17 09:30,1272
2019-05-17 09:35,1285
2019-05-17 09:40,1288
2019-05-17 09:45,1294
2019-05-17 09:50,1312
2019-05-17 09:55,1322
2019-05-17 10:00,1334
2019-05-17 10:05,1355
2019-05-17 10:10,1369
2019-05-17 10:15,1392
2019-05-17 10:20,1397
2019-05-17 10:25,1417
2019-05-17 10:30,1403
2019-05-17 10:35,1423
2019-05-17 10:40,1431
2019-05-17 10:45,1456
2019-05-17 10:50,1473
2019-05-17 10:55,1489
2019-05-17 11:00,1490
2019-05-17 11:05,1494
2019-05-17 11:10,1513
2019-05-17 11:15,1522
2019-05-17 11:20,1538
2019-05-17 11:25,1548
2019-05-17 11:30,1556
2019-05-17 11:35,1575
2019-05-17 11:40,1574
2019-05-17 11:45,1565
2019-05-17 11:50,1586
2019-05-17 11:55,1592
2019-05-17 12:00,1602
2019-05-17 12:05,1594
2019-05-17 12:10,1614
2019-05-17 12:15,1640
2019-05-17 12:20,1663
2019-05-17 12:25,1666
2019-05-17 12:30,1673
2019-05-17 12:35,1671
2019-05-17 12:40,1676
2019-05-17 12:45,1683
2019-05-17 12:50,1716
2019-05-17 12:55,1725
2019-05-17 13:00,1716
2019-05-17 13:05,1740
2019-05-17 13:10,1731
2019-05-17 13:15,1747
2019-05-17 13:20,1750
2019-05-17 13:25,1759
2019-05-17 13:30,1785
2019-05-17 13:35,1814
2019-05-17 13:40,1797
2019-05-17 13:45,1805
2019-05-17 13:50,1809
2019-05-17 13:55,1830
2019-05-17 14:00,1863
2019-05-17 14:05,1871
2019-05-17 14:10,1887
2019-05-17 14:15,1914
2019-05-17 14:20,1910
2019-05-17 14:25,1932
2019-05-17 14:30,1930
2019-05-17 14:35,1946
2019-05-17 14:40,1973
2019-05-17 14:45,1983
2019-05-17 14:50,1978
2019-05-17 14:55,1991
2019-05-17 15:00,1985
2019-05-17 15:05,1994
2019-05-17 15:10,2021
2019-05-17 15:15,2040
2019-05-17 15:20,2057
2019-05-17 15:25,2031
2019-05-17 15:30,2096
2019-05-17 15:35,2111
2019-05-17 15:40,2122
2019-05-17 15:45,2105
2019-05-17 15:50,2106
2019-05-17 15:55,2120
2019-05-17 16:00,2113
2019-05-17 16:05,2114
2019-05-17 16:10,2129
2019-05-17 16:15,2159
2019-05-17 16:20,2175
2019-05-17 16:25,2202
2019-05-17 16:30,2224
2019-05-17 16:35,2253
2019-05-17 16:40,2242
2019-05-17 16:45,2254
2019-05-17 16:50,2266
2019-05-17 16:55,2275
2019-05-17 17:00,2285
2019-05-17 17:05,2310
2019-05-17 17:10,2338
2019-05-17 17:15,2333
2019-05-17 17:20,2331
2019-05-17 17:25,2335
2019-05-17 17:30,2357
2019-05-17 17:35,2370
2019-05-17 17:40,2393
2019-05-17 17:45,2376
2019-05-17 17:50,2383
2019-05-17 17:55,2385
2019-05-17 18:00,2384
2019-05-17 18:05,2404
2019-05-17 18:10,2404
2019-05-17 18:15,2406
2019-05-17 18:20,2430
2019-05-17 18:25,2420
2019-05-17 18:30,2434
2019-05-17 18:35,2435
2019-05-17 18:40,2444
2019-05-17 18:45,2436
2019-05-17 18:50,2453
2019-05-17 18:55,2458
2019-05-17 19:00,2461
2019-05-17 19:05,2449
2019-05-17 19:10,2445
2019-05-17 19:15,2464
2019-05-17 19:20,2476
2019-05-17 19:25,2478
2019-05-17 19:30,2474
2019-05-17 19:35,2485
2019-05-17 19:40,2482
2019-05-17 19:45,2481
2019-05-17 19:50,2477
2019-05-17 19:55,2475
2019-05-17 20:00,2485
2019-05-17 20:05,2476
2019-05-17 20:10,2497
2019-05-17 20:15,2504
2019-05-17 20:20,2488
2019-05-17 20:25,2466
2019-05-17 20:30,2472
2019-05-17 20:35,2475
2019-05-17 20:40,2465
2019-05-17 20:45,2449
2019-05-17 20:50,2420
2019-05-17 20:55,2388
2019-05-17 21:00,2376
2019-05-17 21:05,2347
2019-05-17 21:10,2320
2019-05-17 21:15,2308
2019-05-17 21:20,2303
2019-05-17 21:25,2258
2019-05-17 21:30,2241
2019-05-17 21:35,2207
2019-05-17 21:40,2202
2019-05-17 21:45,2198
2019-05-17 21:50,2179
2019-05-17 21:55,2185
2019-05-17 22:00,2150
2019-05-17 22:05,2127
2019-05-17 22:10,2133
2019-05-17 22:15,2128
2019-05-17 22:20,2108
2019-05-17 22:25,2094
2019-05-17 22:30,2085
2019-05-17 22:35,2055
2019-05-17 22:40,2045
2019-05-17 22:45,2049
2019-05-17 22:50,2014
2019-05-17 22:55,2008
2019-05-17 23:00,1988
2019-05-17 23:05,1975
2019-05-17 23:10,1967
2019-05-17 23:15,1944
2019-05-17 23:20,1931
2019-05-17 23:25,1893
2019-05-17 23:30,1878
2019-05-17 23:35,1856
2019-05-17 23:40,1851
2019-05-17 23:45,1848
2019-05-17 23:50,1819
2019-05-17 23:55,1819
2019-05-18 00:00,1830
2019-05-18 00:05,1805
2019-05-18 00:10,1798
2019-05-18 00:15,1783
2019-05-18 00:20,1772
2019-05-18 00:25,1757
2019-05-18 00:30,1763
2019-05-18 00:35,1746
2019-05-18 00:40,1743
2019-05-18 00:45,1740
2019-05-18 00:50,1749
2019-05-18 00:55,1733
2019-05-18 01:00,1714
2019-05-18 01:05,1735
2019-05-18 01:10,1718
2019-05-18 01:15,1704
2019-05-18 01:20,1703
2019-05-18 01:25,1689
2019-05-18 01:30,1677
2019-05-18 01:35,1680
2019-05-18 01:40,1666
2019-05-18 01:45,1635
2019-05-18 01:50,1638
2019-05-18 01:55,1623
2019-05-18 02:00,1628
2019-05-18 02:05,1649
2019-05-18 02:10,1635
2019-05-18 02:15,1618
2019-05-18 02:20,1616
2019-05-18 02:25,1627
2019-05-18 02:30,1617
2019-05-18 02:35,1603
2019-05-18 02:40,1590
2019-05-18 02:45,1583
2019-05-18 02:50,1575
2019-05-18 02:55,1585
2019-05-18 03:00,1575
2019-05-18 03:05,1581
2019-05-18 03:10,1567
2019-05-18 03:15,1577
2019-05-18 03:20,1581
2019-05-18 03:25,1563
2019-05-18 03:30,1550
2019-05-18 03:35,1538
2019-05-18 03:40,1550
2019-05-18 03:45,1537
2019-05-18 03:50,1512
2019-05-18 03:55,1498
2019-05-18 04:00,1489
2019-05-18 04:05,1473
2019-05-18 04:10,1484
2019-05-18 04:15,1467
2019-05-18 04:20,1441
2019-05-18 04:25,1430
2019-05-18 04:30,1442
2019-05-18 04:35,1453
2019-05-18 04:40,1426
2019-05-18 04:45,1429
2019-05-18 04:50,1418
2019-05-18 04:55,1391
2019-05-18 05:00,1394
2019-05-18 05:05,1392
2019-05-18 05:10,1370
2019-05-18 05:15,1354
2019-05-18 05:20,1365
2019-05-18 05:25,1360
2019-05-18 05:30,1354
2019-05-18 05:35,1345
2019-05-18 05:40,1340
2019-05-18 05:45,1338
2019-05-18 05:50,1331
2019-05-18 05:55,1340
2019-05-18 06:00,1335
2019-05-18 06:05,1352
2019-05-18 06:10,1335
2019-05-18 06:15,1354
2019-05-18 06:20,1378
2019-05-18 06:25,1396
2019-05-18 06:30,1387
2019-05-18 06:35,1398
2019-05-18 06:40,1410
2019-05-18 06:45,1412
2019-05-18 06:50,1403
2019-05-18 06:55,1398
2019-05-18 07:00,1397
2019-05-18 07:05,1408
2019-05-18 07:10,1401
2019-05-18 07:15,1404
2019-05-18 07:20,1403
2019-05-18 07:25,1421
2019-05-18 07:30,1414
2019-05-18 07:35,1424
2019-05-18 07:40,1441
2019-05-18 07:45,1436
2019-05-18 07:50,1450
2019-05-18 07:55,1462
2019-05-18 08:00,1470
2019-05-18 08:05,1494
2019-05-18 08:10,1507
2019-05-18 08:15,1534
2019-05-18 08:20,1545
2019-05-18 08:25,1552
2019-05-18 08:30,1559
2019-05-18 08:35,1560
2019-05-18 08:40,1575
2019-05-18 08:45,1590
2019-05-18 08:50,1599
2019-05-18 08:55,1620
2019-05-18 09:00,1636
2019-05-18 09:05,1646
2019-05-18 09:10,1692
2019-05-18 09:15,1696
2019-05-18 09:20,1705
2019-05-18 09:25,1737
2019-05-18 09:30,1731
2019-05-18 09:35,1741
2019-05-18 09:40,1752
2019-05-18 09:45,1771
2019-05-18 09:50,1749
2019-05-18 09:55,1788
2019-05-18 10:00,1819
2019-05-18 10:05,1848
2019-05-18 10:10,1855
2019-05-18 10:15,1861
2019-05-18 10:20,1872
2019-05-18 10:25,1885
2019-05-18 10:30,1889
2019-05-18 10:35,1910
2019-05-18 10:40,1913
2019-05-18 10:45,1958
2019-05-18 10:50,1972
2019-05-18 10:55,1992
2019-05-18 11:00,2013
2019-05-18 11:05,2007
2019-05-18 11:10,2025
2019-05-18 11:15,2032
2019-05-18 11:20,2034
2019-05-18 11:25,2040
2019-05-18 11:30,2038
2019-05-18 11:35,2044
2019-05-18 11:40,2075
2019-05-18 11:45,2107
2019-05-18 11:50,2115
2019-05-18 11:55,2134
2019-05-18 12:00,2148
2019-05-18 12:05,2178
2019-05-18 12:10,2183
2019-05-18 12:15,2178
2019-05-18 12:20,2188
2019-05-18 12:25,2194
2019-05-18 12:30,2187
2019-05-18 12:35,2195
2019-05-18 12:40,2204
2019-05-18 12:45,2223
2019-05-18 12:50,2236
2019-05-18 12:55,2257
2019-05-18 13:00,2256
2019-05-18 13:05,2259
2019-05-18 13:10,2255
2019-05-18 13:15,2262
2019-05-18 13:20,2267
2019-05-18 13:25,2278
2019-05-18 13:30,2278
2019-05-18 13:35,2314
2019-05-18 13:40,2324
2019-05-18 13:45,2330
2019-05-18 13:50,2377
2019-05-18 13:55,2402
2019-05-18 14:00,2419
2019-05-18 14:05,2418
2019-05-18 14:10,2428
2019-05-18 14:15,2475
2019-05-18 14:20,2513
2019-05-18 14:25,2534
2019-05-18 14:30,2532
2019-05-18 14:35,2535
2019-05-18 14:40,2544
2019-05-18 14:45,2554
2019-05-18 14:50,2562
2019-05-18 14:55,2587
2019-05-18 15:00,2567
2019-05-18 15:05,2556
2019-05-18 15:10,2548
2019-05-18 15:15,2585
2019-05-18 15:20,2587
2019-05-18 15:25,2599
2019-05-18 15:30,2607
2019-05-18 15:35,2623
2019-05-18 15:40,2633
2019-05-18 15:45,2642
2019-05-18 15:50,2653
2019-05-18 15:55,2655
2019-05-18 16:00,2677
2019-05-18 16:05,2678
2019-05-18 16:10,2682
2019-05-18 16:15,2663
2019-05-18 16:20,2683
2019-05-18 16:25,2696
2019-05-18 16:30,2680
2019-05-18 16:35,2681
2019-05-18 16:40,2687
2019-05-18 16:45,2696
2019-05-18 16:50,2685
2019-05-18 16:55,2697
2019-05-18 17:00,2725
2019-05-18 17:05,2720
2019-05-18 17:10,2732
2019-05-18 17:15,2753
2019-05-18 17:20,2762
2019-05-18 17:25,2769
2019-05-18 17:30,2763
2019-05-18 17:35,2754
2019-05-18 17:40,2779
2019-05-18 17:45,2779
2019-05-18 17:50,2766
2019-05-18 17:55,2775
2019-05-18 18:00,2780
2019-05-18 18:05,2772
2019-05-18 18:10,2792
2019-05-18 18:15,2789
2019-05-18 18:20,2791
2019-05-18 18:25,2798
2019-05-18 18:30,2852
2019-05-18 18:35,2861
2019-05-18 18:40,2864
2019-05-18 18:45,2866
2019-05-18 18:50,2883
2019-05-18 18:55,2880
2019-05-18 19:00,2882
2019-05-18 19:05,2897
2019-05-18 19:10,2871
2019-05-18 19:15,2868
2019-05-18 19:20,2873
2019-05-18 19:25,2850
2019-05-18 19:30,2835
2019-05-18 19:35,2807
2019-05-18 19:40,2810
2019-05-18 19:45,2801
2019-05-18 19:50,2782
2019-05-18 19:55,2786
2019-05-18 20:00,2774
2019-05-18 20:05,2762
2019-05-18 20:10,2751
2019-05-18 20:15,2764
2019-05-18 20:20,2746
2019-05-18 20:25,2745
2019-05-18 20:30,2763
2019-05-18 20:35,2762
2019-05-18 20:40,2771
2019-05-18 20:45,2778
2019-05-18 20:50,2782
2019-05-18 20:55,2766
2019-05-18 21:00,2758
2019-05-18 21:05,2768
2019-05-18 21:10,2744
2019-05-18 21:15,2667
2019-05-18 21:20,2655
2019-05-18 21:25,2634
2019-05-18 21:30,2579
2019-05-18 21:35,2592
2019-05-18 21:40,2576
2019-05-18 21:45,2545
2019-05-18 21:50,2530
2019-05-18 21:55,2502
2019-05-18 22:00,2439
2019-05-18 22:05,2414
2019-05-18 22:10,2403
2019-05-18 22:15,2364
2019-05-18 22:20,2333
2019-05-18 22:25,2305
2019-05-18 22:30,2295
2019-05-18 22:35,2286
2019-05-18 22:40,2265
2019-05-18 22:45,2256
2019-05-18 22:50,2232
2019-05-18 22:55,2213
2019-05-18 23:00,2197
2019-05-18 23:05,2193
2019-05-18 23:10,2175
2019-05-18 23:15,2157
2019-05-18 23:20,2155
2019-05-18 23:25,2134
2019-05-18 23:30,2124
2019-05-18 23:35,2107
2019-05-18 23:40,2079
2019-05-18 23:45,2063
2019-05-18 23:50,2065
2019-05-18 23:55,2049
2019-05-19 00:00,2026
2019-05-19 00:05,2001
2019-05-19 00:10,1965
2019-05-19 00:15,1958
2019-05-19 00:20,1930
2019-05-19 00:25,1932
2019-05-19 00:30,1924
2019-05-19 00:35,1920
2019-05-19 00:40,1906
2019-05-19 00:45,1902
2019-05-19 00:50,1899
2019-05-19 00:55,1890
2019-05-19 01:00,1898
2019-05-19 01:05,1893
2019-05-19 01:10,1873
2019-05-19 01:15,1846
2019-05-19 01:20,1823
2019-05-19 01:25,1823
2019-05-19 01:30,1817
2019-05-19 01:35,1797
2019-05-19 01:40,1766
2019-05-19 01:45,1756
2019-05-19 01:50,1765
2019-05-19 01:55,1748
2019-05-19 02:00,1746
2019-05-19 02:05,1727
2019-05-19 02:10,1739
2019-05-19 02:15,1731
2019-05-19 02:20,1742
2019-05-19 02:25,1732
2019-05-19 02:30,1728
2019-05-19 02:35,1708
2019-05-19 02:40,1701
2019-05-19 02:45,1680
2019-05-19 02:50,1657
2019-05-19 02:55,1653
2019-05-19 03:00,1667
2019-05-19 03:05,1664
2019-05-19 03:10,1665
2019-05-19 03:15,1643
2019-05-19 03:20,1637
2019-05-19 03:25,1631
2019-05-19 03:30,1629
2019-05-19 03:35,1627
2019-05-19 03:40,1616
2019-05-19 03:45,1594
2019-05-19 03:50,1568
2019-05-19 03:55,1556
2019-05-19 04:00,1552
2019-05-19 04:05,1537
2019-05-19 04:10,1515
2019-05-19 04:15,1516
2019-05-19 04:20,1522
2019-05-19 04:25,1514
2019-05-19 04:30,1502
2019-05-19 04:35,1485
2019-05-19 04:40,1479
2019-05-19 04:45,1484
2019-05-19 04:50,1485
2019-05-19 04:55,1489
2019-05-19 05:00,1470
2019-05-19 05:05,1468
2019-05-19 05:10,1445
2019-05-19 05:15,1444
2019-05-19 05:20,1454
2019-05-19 05:25,1454
2019-05-19 05:30,1449
2019-05-19 05:35,1444
2019-05-19 05:40,1453
2019-05-19 05:45,1441
2019-05-19 05:50,1437
2019-05-19 05:55,1440
2019-05-19 06:00,1430
2019-05-19 06:05,1438
2019-05-19 06:10,1441
2019-05-19 06:15,1448
2019-05-19 06:20,1437
2019-05-19 06:25,1449
2019-05-19 06:30,1464
2019-05-19 06:35,1480
2019-05-19 06:40,1489
2019-05-19 06:45,1487
2019-05-19 06:50,1493
2019-05-19 06:55,1510
2019-05-19 07:00,1514
2019-05-19 07:05,1519
2019-05-19 07:10,1519
2019-05-19 07:15,1509
2019-05-19 07:20,1514
2019-05-19 07:25,1501
2019-05-19 07:30,1488
2019-05-19 07:35,1472
2019-05-19 07:40,1482
2019-05-19 07:45,1497
2019-05-19 07:50,1515
2019-05-19 07:55,1545
2019-05-19 08:00,1559
2019-05-19 08:05,1579
2019-05-19 08:10,1598
2019-05-19 08:15,1612
2019-05-19 08:20,1631
2019-05-19 08:25,1645
2019-05-19 08:30,1649
2019-05-19 08:35,1663
2019-05-19 08:40,1682
2019-05-19 08:45,1701
2019-05-19 08:50,1709
2019-05-19 08:55,1734
2019-05-19 09:00,1744
2019-05-19 09:05,1750
2019-05-19 09:10,1736
2019-05-19 09:15,1737
2019-05-19 09:20,1779
2019-05-19 09:25,1781
2019-05-19 09:30,1827
2019-05-19 09:35,1861
2019-05-19 09:40,1895
2019-05-19 09:45,1892
2019-05-19 09:50,1896
2019-05-19 09:55,1905
2019-05-19 10:00,1941
2019-05-19 10:05,1976
2019-05-19 10:10,2008
2019-05-19 10:15,2032
2019-05-19 10:20,2045
2019-05-19 10:25,2071
2019-05-19 10:30,2093
2019-05-19 10:35,2111
2019-05-19 10:40,2137
2019-05-19 10:45,2180
2019-05-19 10:50,2192
2019-05-19 10:55,2194
2019-05-19 11:00,2202
2019-05-19 11:05,2197
2019-05-19 11:10,2211
2019-05-19 11:15,2201
2019-05-19 11:20,2203
2019-05-19 11:25,2206
2019-05-19 11:30,2215
2019-05-19 11:35,2224
2019-05-19 11:40,2239
2019-05-19 11:45,2224
2019-05-19 11:50,2242
2019-05-19 11:55,2261
2019-05-19 12:00,2267
2019-05-19 12:05,2287
2019-05-19 12:10,2293
2019-05-19 12:15,2313
2019-05-19 12:20,2288
2019-05-19 12:25,2335
2019-05-19 12:30,2369
2019-05-19 12:35,2371
2019-05-19 12:40,2394
2019-05-19 12:45,2393
2019-05-19 12:50,2411
2019-05-19 12:55,2419
2019-05-19 13:00,2421
2019-05-19 13:05,2441
2019-05-19 13:10,2455
2019-05-19 13:15,2465
2019-05-19 13:20,2483
2019-05-19 13:25,2490
2019-05-19 13:30,2507
2019-05-19 13:35,2519
2019-05-19 13:40,2545
2019-05-19 13:45,2565
2019-05-19 13:50,2584
2019-05-19 13:55,2605
2019-05-19 14:00,2625
2019-05-19 14:05,2646
2019-05-19 14:10,2661
2019-05-19 14:15,2683
2019-05-19 14:20,2676
2019-05-19 14:25,2677
2019-05-19 14:30,2687
2019-05-19 14:35,2694
2019-05-19 14:40,2716
2019-05-19 14:45,2717
2019-05-19 14:50,2731
2019-05-19 14:55,2783
2019-05-19 15:00,2803
2019-05-19 15:05,2818
2019-05-19 15:10,2812
2019-05-19 15:15,2810
2019-05-19 15:20,2824
2019-05-19 15:25,2813
2019-05-19 15:30,2815
2019-05-19 15:35,2812
2019-05-19 15:40,2814
2019-05-19 15:45,2835
2019-05-19 15:50,2825
2019-05-19 15:55,2842
2019-05-19 16:00,2844
2019-05-19 16:05,2887
2019-05-19 16:10,2902
2019-05-19 16:15,2895
2019-05-19 16:20,2910
2019-05-19 16:25,2924
2019-05-19 16:30,2928
2019-05-19 16:35,2915
2019-05-19 16:40,2918
2019-05-19 16:45,2915
2019-05-19 16:50,2933
2019-05-19 16:55,2944
2019-05-19 17:00,2959
2019-05-19 17:05,2959
2019-05-19 17:10,2965
2019-05-19 17:15,2975
2019-05-19 17:20,2979
2019-05-19 17:25,2990
2019-05-19 17:30,3024
2019-05-19 17:35,3013
2019-05-19 17:40,3020
2019-05-19 17:45,3032
2019-05-19 17:50,3009
2019-05-19 17:55,3024
2019-05-19 18:00,3045
2019-05-19 18:05,3060
2019-05-19 18:10,3037
2019-05-19 18:15,3003
2019-05-19 18:20,3008
2019-05-19 18:25,3025
2019-05-19 18:30,3019
2019-05-19 18:35,3036
2019-05-19 18:40,3022
2019-05-19 18:45,3024
2019-05-19 18:50,3018
2019-05-19 18:55,3036
2019-05-19 19:00,3068
2019-05-19 19:05,3056
2019-05-19 19:10,3059
2019-05-19 19:15,3056
2019-05-19 19:20,3055
2019-05-19 19:25,3046
2019-05-19 19:30,3007
2019-05-19 19:35,2987
2019-05-19 19:40,2974
2019-05-19 19:45,2958
2019-05-19 19:50,2939
2019-05-19 19:55,2921
2019-05-19 20:00,2909
2019-05-19 20:05,2880
2019-05-19 20:10,2837
2019-05-19 20:15,2855
2019-05-19 20:20,2841
2019-05-19 20:25,2829
2019-05-19 20:30,2803
2019-05-19 20:35,2775
2019-05-19 20:40,2754
2019-05-19 20:45,2718
2019-05-19 20:50,2703
2019-05-19 20:55,2666
2019-05-19 21:00,2663
2019-05-19 21:05,2620
2019-05-19 21:10,2586
2019-05-19 21:15,2550
2019-05-19 21:20,2522
2019-05-19 21:25,2507
2019-05-19 21:30,2482
2019-05-19 21:35,2471
2019-05-19 21:40,2441
2019-05-19 21:45,2410
2019-05-19 21:50,2391
2019-05-19 21:55,2374
2019-05-19 22:00,2322
2019-05-19 22:05,2277
2019-05-19 22:10,2247
2019-05-19 22:15,2224
2019-05-19 22:20,2193
2019-05-19 22:25,2183
2019-05-19 22:30,2157
2019-05-19 22:35,2115
2019-05-19 22:40,2086
2019-05-19 22:45,2058
2019-05-19 22:50,2058
2019-05-19 22:55,2036
2019-05-19 23:00,2025
2019-05-19 23:05,2019
2019-05-19 23:10,2008
2019-05-19 23:15,2005
2019-05-19 23:20,1973
2019-05-19 23:25,1974
2019-05-19 23:30,1961
2019-05-19 23:35,1935
2019-05-19 23:40,1924
2019-05-19 23:45,1891
2019-05-19 23:50,1873
2019-05-19 23:55,1857
2019-05-20 00:00,1841
2019-05-20 00:05,1823
2019-05-20 00:10,1806
2019-05-20 00:15,1790
2019-05-20 00:20,1778
2019-05-20 00:25,1785
2019-05-20 00:30,1793
2019-05-20 00:35,1789
2019-05-20 00:40,1763
2019-05-20 00:45,1760
2019-05-20 00:50,1742
2019-05-20 00:55,1716
2019-05-20 01:00,1685
2019-05-20 01:05,1632
2019-05-20 01:10,1614
2019-05-20 01:15,1600
2019-05-20 01:20,1576
2019-05-20 01:25,1545
2019-05-20 01:30,1520
2019-05-20 01:35,1502
2019-05-20 01:40,1499
2019-05-20 01:45,1478
2019-05-20 01:50,1473
2019-05-20 01:55,1479
2019-05-20 02:00,1464
2019-05-20 02:05,1445
2019-05-20 02:10,1438
2019-05-20 02:15,1433
2019-05-20 02:20,1414
2019-05-20 02:25,1407
2019-05-20 02:30,1401
2019-05-20 02:35,1411
2019-05-20 02:40,1411
2019-05-20 02:45,1389
2019-05-20 02:50,1388
2019-05-20 02:55,1397
2019-05-20 03:00,1399
2019-05-20 03:05,1402
2019-05-20 03:10,1393
2019-05-20 03:15,1383
2019-05-20 03:20,1365
2019-05-20 03:25,1359
2019-05-20 03:30,1354
2019-05-20 03:35,1348
2019-05-20 03:40,1330
2019-05-20 03:45,1312
2019-05-20 03:50,1311
2019-05-20 03:55,1279
2019-05-20 04:00,1257
2019-05-20 04:05,1261
2019-05-20 04:10,1256
2019-05-20 04:15,1236
2019-05-20 04:20,1237
2019-05-20 04:25,1221
2019-05-20 04:30,1224
2019-05-20 04:35,1193
2019-05-20 04:40,1183
2019-05-20 04:45,1161
2019-05-20 04:50,1154
2019-05-20 04:55,1137
2019-05-20 05:00,1154
2019-05-20 05:05,1149
2019-05-20 05:10,1153
2019-05-20 05:15,1133
2019-05-20 05:20,1132
2019-05-20 05:25,1134
2019-05-20 05:30,1132
2019-05-20 05:35,1136
2019-05-20 05:40,1107
2019-05-20 05:45,1104
2019-05-20 05:50,1084
2019-05-20 05:55,1093
2019-05-20 06:00,1095
2019-05-20 06:05,1074
2019-05-20 06:10,1064
2019-05-20 06:15,1062
2019-05-20 06:20,1053
2019-05-20 06:25,1038
2019-05-20 06:30,1041
2019-05-20 06:35,1044
2019-05-20 06:40,1030
2019-05-20 06:45,1046
2019-05-20 06:50,1060
2019-05-20 06:55,1045
2019-05-20 07:00,1023
2019-05-20 07:05,1011
2019-05-20 07:10,1012
2019-05-20 07:15,1022
2019-05-20 07:20,1028
2019-05-20 07:25,1030
2019-05-20 07:30,1040
2019-05-20 07:35,1053
2019-05-20 07:40,1058
2019-05-20 07:45,1073
2019-05-20 07:50,1075
2019-05-20 07:55,1080
2019-05-20 08:00,1087
2019-05-20 08:05,1093
2019-05-20 08:10,
2019-05-20 08:15,1106
2019-05-20 08:20,1116
2019-05-20 08:25,1119
2019-05-20 08:30,1124
2019-05-20 08:35,1123
2019-05-20 08:40,1129
2019-05-20 08:45,1124
2019-05-20 08:50,1116
2019-05-20 08:55,1111
2019-05-20 09:00,1093
2019-05-20 09:05,1113
2019-05-20 09:10,1114
2019-05-20 09:15,1124
2019-05-20 09:20,1142
2019-05-20 09:25,1117
2019-05-20 09:30,1135
2019-05-20 09:35,1134
2019-05-20 09:40,1147
2019-05-20 09:45,1149
2019-05-20 09:50,1151
2019-05-20 09:55,1166
2019-05-20 10:00,1187
2019-05-20 10:05,1219
2019-05-20 10:10,1225
2019-05-20 10:15,1247
2019-05-20 10:20,1253
2019-05-20 10:25,1278
2019-05-20 10:30,1288
2019-05-20 10:35,1313
2019-05-20 10:40,1323
2019-05-20 10:45,1338
2019-05-20 10:50,1373
2019-05-20 10:55,1371
2019-05-20 11:00,1378
2019-05-20 11:05,1396
2019-05-20 11:10,1394
2019-05-20 11:15,1409
2019-05-20 11:20,1403
2019-05-20 11:25,1411
2019-05-20 11:30,1428
2019-05-20 11:35,1428
2019-05-20 11:40,1432
2019-05-20 11:45,1431
2019-05-20 11:50,1462
2019-05-20 11:55,1458
2019-05-20 12:00,1466
2019-05-20 12:05,1489
2019-05-20 12:10,1508
2019-05-20 12:15,1522
2019-05-20 12:20,1518
2019-05-20 12:25,1537
2019-05-20 12:30,1539
2019-05-20 12:35,1533
2019-05-20 12:40,1540
2019-05-20 12:45,1550
2019-05-20 12:50,1572
2019-05-20 12:55,1599
2019-05-20 13:00,1612
2019-05-20 13:05,1628
2019-05-20 13:10,1668
2019-05-20 13:15,1644
2019-05-20 13:20,1666
2019-05-20 13:25,1668
2019-05-20 13:30,1661
2019-05-20 13:35,1697
2019-05-20 13:40,1711
2019-05-20 13:45,1718
2019-05-20 13:50,1727
2019-05-20 13:55,1742
2019-05-20 14:00,1751
2019-05-20 14:05,1765
2019-05-20 14:10,1773
2019-05-20 14:15,1772
2019-05-20 14:20,1797
2019-05-20 14:25,1809
2019-05-20 14:30,1823
2019-05-20 14:35,1820
2019-05-20 14:40,1835
2019-05-20 14:45,1860
2019-05-20 14:50,1879
2019-05-20 14:55,1902
2019-05-20 15:00,1908
2019-05-20 15:05,1905
2019-05-20 15:10,1899
2019-05-20 15:15,1925
2019-05-20 15:20,1936
2019-05-20 15:25,1955
2019-05-20 15:30,1981
2019-05-20 15:35,1980
2019-05-20 15:40,2010
2019-05-20 15:45,2037
2019-05-20 15:50,2049
2019-05-20 15:55,2035
2019-05-20 16:00,2049
2019-05-20 16:05,2068
2019-05-20 16:10,2085
2019-05-20 16:15,2094
2019-05-20 16:20,2165
2019-05-20 16:25,2176
2019-05-20 16:30,2205
2019-05-20 16:35,2213
2019-05-20 16:40,2241
2019-05-20 16:45,2242
2019-05-20 16:50,2273
2019-05-20 16:55,2280
2019-05-20 17:00,2295
2019-05-20 17:05,2290
2019-05-20 17:10,2302
2019-05-20 17:15,2324
2019-05-20 17:20,2343
2019-05-20 17:25,2380
2019-05-20 17:30,2426
2019-05-20 17:35,2438
2019-05-20 17:40,2456
2019-05-20 17:45,2478
2019-05-20 17:50,2480
2019-05-20 17:55,2476
2019-05-20 18:00,2480
2019-05-20 18:05,2460
2019-05-20 18:10,2483
2019-05-20 18:15,2479
2019-05-20 18:20,2477
2019-05-20 18:25,2515
2019-05-20 18:30,2501
2019-05-20 18:35,2494
2019-05-20 18:40,2510
2019-05-20 18:45,2515
2019-05-20 18:50,2522
2019-05-20 18:55,2540
2019-05-20 19:00,2522
2019-05-20 19:05,2527
2019-05-20 19:10,2534
2019-05-20 19:15,2540
2019-05-20 19:20,2541
2019-05-20 19:25,2570
2019-05-20 19:30,2547
2019-05-20 19:35,2507
2019-05-20 19:40,2504
2019-05-20 19:45,2483
2019-05-20 19:50,2465
2019-05-20 19:55,2458
2019-05-20 20:00,2446
2019-05-20 20:05,2449
2019-05-20 20:10,2454
2019-05-20 20:15,2434
2019-05-20 20:20,2402
2019-05-20 20:25,2388
2019-05-20 20:30,2380
2019-05-20 20:35,2373
2019-05-20 20:40,2370
2019-05-20 20:45,2364
2019-05-20 20:50,2338
2019-05-20 20:55,2303
2019-05-20 21:00,2278
2019-05-20 21:05,2228
2019-05-20 21:10,2212
2019-05-20 21:15,2169
2019-05-20 21:20,2144
2019-05-20 21:25,2147
2019-05-20 21:30,2101
2019-05-20 21:35,2114
2019-05-20 21:40,2083
2019-05-20 21:45,2053
2019-05-20 21:50,2029
2019-05-20 21:55,2008
2019-05-20 22:00,1991
2019-05-20 22:05,1958
2019-05-20 22:10,1927
2019-05-20 22:15,1922
2019-05-20 22:20,1921
2019-05-20 22:25,1919
2019-05-20 22:30,1885
2019-05-20 22:35,1869
2019-05-20 22:40,1855
2019-05-20 22:45,1842
2019-05-20 22:50,1850
2019-05-20 22:55,1837
2019-05-20 23:00,1850
2019-05-20 23:05,1839
2019-05-20 23:10,1816
2019-05-20 23:15,1817
2019-05-20 23:20,1803
2019-05-20 23:25,1802
2019-05-20 23:30,1789
2019-05-20 23:35,1768
2019-05-20 23:40,1780
2019-05-20 23:45,1768
2019-05-20 23:50,1774
2019-05-20 23:55,1782
2019-05-21 00:00,1783
2019-05-21 00:05,1765
2019-05-21 00:10,1762
2019-05-21 00:15,1764
2019-05-21 00:20,1781
2019-05-21 00:25,1782
2019-05-21 00:30,1777
2019-05-21 00:35,1765
2019-05-21 00:40,1781
2019-05-21 00:45,1794
2019-05-21 00:50,1789
2019-05-21 00:55,1767
2019-05-21 01:00,1767
2019-05-21 01:05,1756
2019-05-21 01:10,1754
2019-05-21 01:15,1742
2019-05-21 01:20,1743
2019-05-21 01:25,1735
2019-05-21 01:30,1742
2019-05-21 01:35,1725
2019-05-21 01:40,1720
2019-05-21 01:45,1710
2019-05-21 01:50,1722
2019-05-21 01:55,1711
2019-05-21 02:00,1668
2019-05-21 02:05,1625
2019-05-21 02:10,1600
2019-05-21 02:15,1621
2019-05-21 02:20,1606
2019-05-21 02:25,1592
2019-05-21 02:30,1567
2019-05-21 02:35,1545
2019-05-21 02:40,1546
2019-05-21 02:45,1537
2019-05-21 02:50,1531
2019-05-21 02:55,1514
2019-05-21 03:00,1487
2019-05-21 03:05,1480
2019-05-21 03:10,1451
2019-05-21 03:15,1420
2019-05-21 03:20,1405
2019-05-21 03:25,1370
2019-05-21 03:30,1354
2019-05-21 03:35,1326
2019-05-21 03:40,1334
2019-05-21 03:45,1326
2019-05-21 03:50,1307
2019-05-21 03:55,1283
2019-05-21 04:00,1289
2019-05-21 04:05,1276
2019-05-21 04:10,1258
2019-05-21 04:15,1253
2019-05-21 04:20,1243
2019-05-21 04:25,1247
2019-05-21 04:30,1240
2019-05-21 04:35,1238
2019-05-21 04:40,1230
2019-05-21 04:45,1211
2019-05-21 04:50,1198
2019-05-21 04:55,1197
2019-05-21 05:00,1195
2019-05-21 05:05,1186
2019-05-21 05:10,1183
2019-05-21 05:15,1160
2019-05-21 05:20,1156
2019-05-21 05:25,1141
2019-05-21 05:30,1142
2019-05-21 05:35,1138
2019-05-21 05:40,1137
2019-05-21 05:45,1140
2019-05-21 05:50,1140
2019-05-21 05:55,1133
2019-05-21 06:00,1125
2019-05-21 06:05,1113
2019-05-21 06:10,1109
2019-05-21 06:15,1093
2019-05-21 06:20,1085
2019-05-21 06:25,1058
2019-05-21 06:30,1051
2019-05-21 06:35,1066
2019-05-21 06:40,1077
2019-05-21 06:45,1077
2019-05-21 06:50,1082
2019-05-21 06:55,1066
2019-05-21 07:00,1080
2019-05-21 07:05,1076
2019-05-21 07:10,1083
2019-05-21 07:15,1088
2019-05-21 07:20,1084
2019-05-21 07:25,1092
2019-05-21 07:30,1088
2019-05-21 07:35,1097
2019-05-21 07:40,1093
2019-05-21 07:45,1106
2019-05-21 07:50,1098
2019-05-21 07:55,1110
2019-05-21 08:00,1107
2019-05-21 08:05,1101
2019-05-21 08:10,1093
2019-05-21 08:15,1092
2019-05-21 08:20,1108
2019-05-21 08:25,1105
2019-05-21 08:30,1118
2019-05-21 08:35,1106
2019-05-21 08:40,1105
2019-05-21 08:45,1119
2019-05-21 08:50,1123
2019-05-21 08:55,1128
2019-05-21 09:00,1134
2019-05-21 09:05,1143
2019-05-21 09:10,1151
2019-05-21 09:15,1148
2019-05-21 09:20,1176
2019-05-21 09:25,1191
2019-05-21 09:30,1198
2019-05-21 09:35,1222
2019-05-21 09:40,1235
2019-05-21 09:45,1233
2019-05-21 09:50,1239
2019-05-21 09:55,1251
2019-05-21 10:00,1272
2019-05-21 10:05,1294
2019-05-21 10:10,1306
2019-05-21 10:15,1328
2019-05-21 10:20,1362
2019-05-21 10:25,1388
2019-05-21 10:30,1391
2019-05-21 10:35,1396
2019-05-21 10:40,1406
2019-05-21 10:45,1420
2019-05-21 10:50,1430
2019-05-21 10:55,1417
2019-05-21 11:00,1405
2019-05-21 11:05,1425
2019-05-21 11:10,1440
2019-05-21 11:15,1444
2019-05-21 11:20,1457
2019-05-21 11:25,1466
2019-05-21 11:30,1485
2019-05-21 11:35,1493
2019-05-21 11:40,1502
2019-05-21 11:45,1510
2019-05-21 11:50,1498
2019-05-21 11:55,1495
2019-05-21 12:00,1511
2019-05-21 12:05,1524
2019-05-21 12:10,1526
2019-05-21 12:15,1532
2019-05-21 12:20,1528
2019-05-21 12:25,1538
2019-05-21 12:30,1558
2019-05-21 12:35,1560
2019-05-21 12:40,1587
2019-05-21 12:45,1612
2019-05-21 12:50,1610
2019-05-21 12:55,1603
2019-05-21 13:00,1593
2019-05-21 13:05,1608
2019-05-21 13:10,1633
2019-05-21 13:15,1666
2019-05-21 13:20,1683
2019-05-21 13:25,1698
2019-05-21 13:30,1724
2019-05-21 13:35,1750
2019-05-21 13:40,1782
2019-05-21 13:45,1797
2019-05-21 13:50,1803
2019-05-21 13:55,1767
2019-05-21 14:00,1769
2019-05-21 14:05,1778
2019-05-21 14:10,1793
2019-05-21 14:15,1804
2019-05-21 14:20,1807
2019-05-21 14:25,1808
2019-05-21 14:30,1829
2019-05-21 14:35,1844
2019-05-21 14:40,1860
2019-05-21 14:45,1900
2019-05-21 14:50,1912
2019-05-21 14:55,1921
2019-05-21 15:00,1942
2019-05-21 15:05,1965
2019-05-21 15:10,1980
2019-05-21 15:15,2005
2019-05-21 15:20,2008
2019-05-21 15:25,2018
2019-05-21 15:30,2033
2019-05-21 15:35,2057
2019-05-21 15:40,2063
2019-05-21 15:45,2051
2019-05-21 15:50,2077
2019-05-21 15:55,2083
2019-05-21 16:00,2101
2019-05-21 16:05,2116
2019-05-21 16:10,2136
2019-05-21 16:15,2147
2019-05-21 16:20,2157
2019-05-21 16:25,2156
2019-05-21 16:30,2180
2019-05-21 16:35,2183
2019-05-21 16:40,2200
2019-05-21 16:45,2222
2019-05-21 16:50,2263
2019-05-21 16:55,2271
2019-05-21 17:00,2265
2019-05-21 17:05,2274
2019-05-21 17:10,2267
2019-05-21 17:15,2281
2019-05-21 17:20,2286
2019-05-21 17:25,2298
2019-05-21 17:30,2299
2019-05-21 17:35,2317
2019-05-21 17:40,2335
2019-05-21 17:45,2336
2019-05-21 17:50,2326
2019-05-21 17:55,2325
2019-05-21 18:00,2336
2019-05-21 18:05,2328
2019-05-21 18:10,2315
2019-05-21 18:15,2334
2019-05-21 18:20,2336
2019-05-21 18:25,2346
2019-05-21 18:30,2351
2019-05-21 18:35,2353
2019-05-21 18:40,2386
2019-05-21 18:45,2405
2019-05-21 18:50,2437
2019-05-21 18:55,2471
2019-05-21 19:00,2456
2019-05-21 19:05,2447
2019-05-21 19:10,2429
2019-05-21 19:15,2438
2019-05-21 19:20,2437
2019-05-21 19:25,2432
2019-05-21 19:30,2439
2019-05-21 19:35,2441
2019-05-21 19:40,2428
2019-05-21 19:45,2432
2019-05-21 19:50,2418
2019-05-21 19:55,2386
2019-05-21 20:00,2374
2019-05-21 20:05,2364
2019-05-21 20:10,2375
2019-05-21 20:15,2377
2019-05-21 20:20,2374
2019-05-21 20:25,2335
2019-05-21 20:30,2317
2019-05-21 20:35,2302
2019-05-21 20:40,2299
2019-05-21 20:45,2248
2019-05-21 20:50,2218
2019-05-21 20:55,2193
2019-05-21 21:00,2177
2019-05-21 21:05,2161
2019-05-21 21:10,2152
2019-05-21 21:15,2117
2019-05-21 21:20,2092
2019-05-21 21:25,2061
2019-05-21 21:30,2045
2019-05-21 21:35,2012
2019-05-21 21:40,1990
2019-05-21 21:45,1958
2019-05-21 21:50,1938
2019-05-21 21:55,1924
2019-05-21 22:00,1891
2019-05-21 22:05,1884
2019-05-21 22:10,1852
2019-05-21 22:15,1815
2019-05-21 22:20,1810
2019-05-21 22:25,1803
2019-05-21 22:30,1765
2019-05-21 22:35,1738
2019-05-21 22:40,1729
2019-05-21 22:45,1702
2019-05-21 22:50,1685
2019-05-21 22:55,1661
2019-05-21 23:00,1641
2019-05-21 23:05,0
2019-05-21 23:10,1336
2019-05-21 23:15,1544
2019-05-21 23:20,1591
2019-05-21 23:25,1594
2019-05-21 23:30,1583
2019-05-21 23:35,1583
2019-05-21 23:40,1586
2019-05-21 23:45,1588
2019-05-21 23:50,1599
2019-05-21 23:55,1589
2019-05-22 00:00,1568
2019-05-22 00:05,1568
2019-05-22 00:10,1600
2019-05-22 00:15,1602
2019-05-22 00:20,1604
2019-05-22 00:25,1606
2019-05-22 00:30,1625
2019-05-22 00:35,1621
2019-05-22 00:40,1623
2019-05-22 00:45,1611
2019-05-22 00:50,1595
2019-05-22 00:55,1592
2019-05-22 01:00,1601
2019-05-22 01:05,1601
2019-05-22 01:10,1570
2019-05-22 01:15,1571
2019-05-22 01:20,1575
2019-05-22 01:25,1582
2019-05-22 01:30,1580
2019-05-22 01:35,1565
2019-05-22 01:40,1576
2019-05-22 01:45,1564
2019-05-22 01:50,1566
2019-05-22 01:55,1554
2019-05-22 02:00,1560
2019-05-22 02:05,1560
2019-05-22 02:10,1538
2019-05-22 02:15,1513
2019-05-22 02:20,1521
2019-05-22 02:25,1466
2019-05-22 02:30,1466
2019-05-22 02:35,1431
2019-05-22 02:40,1431
2019-05-22 02:45,1411
2019-05-22 02:50,1395
2019-05-22 02:55,1364
2019-05-22 03:00,1353
2019-05-22 03:05,1353
2019-05-22 03:10,1311
2019-05-22 03:15,1298
2019-05-22 03:20,1290
2019-05-22 03:25,1278
2019-05-22 03:30,1273
2019-05-22 03:35,1252
2019-05-22 03:40,1236
2019-05-22 03:45,1237
2019-05-22 03:50,1221
2019-05-22 03:55,1231
2019-05-22 04:00,1218
2019-05-22 04:05,1201
2019-05-22 04:10,1186
2019-05-22 04:15,1165
2019-05-22 04:20,1158
2019-05-22 04:25,1150
2019-05-22 04:30,1165
2019-05-22 04:35,1152
2019-05-22 04:40,1142
2019-05-22 04:45,1121
2019-05-22 04:50,1115
2019-05-22 04:55,1101
2019-05-22 05:00,1086
2019-05-22 05:05,1086
2019-05-22 05:10,1095
2019-05-22 05:15,1078
2019-05-22 05:20,1081
2019-05-22 05:25,1058
2019-05-22 05:30,1070
2019-05-22 05:35,1064
2019-05-22 05:40,1061
2019-05-22 05:45,1050
2019-05-22 05:50,1050
2019-05-22 05:55,1044
2019-05-22 06:00,1046
2019-05-22 06:05,1046
2019-05-22 06:10,1039
2019-05-22 06:15,1050
2019-05-22 06:20,1016
2019-05-22 06:25,1010
2019-05-22 06:30,990
2019-05-22 06:35,988
2019-05-22 06:40,990
2019-05-22 06:45,995
2019-05-22 06:50,995
2019-05-22 06:55,988
2019-05-22 07:00,977
2019-05-22 07:05,977
2019-05-22 07:10,987
2019-05-22 07:15,987
2019-05-22 07:20,988
2019-05-22 07:25,995
2019-05-22 07:30,998
2019-05-22 07:35,998
2019-05-22 07:40,1003
2019-05-22 07:45,1003
2019-05-22 07:50,993
2019-05-22 07:55,991
2019-05-22 08:00,999
2019-05-22 08:05,999
2019-05-22 08:10,998
2019-05-22 08:15,1015
2019-05-22 08:20,1026
2019-05-22 08:25,1022
2019-05-22 08:30,1021
2019-05-22 08:35,1032
2019-05-22 08:40,1032
2019-05-22 08:45,1022
2019-05-22 08:50,1047
2019-05-22 08:55,1047
2019-05-22 09:00,1062
2019-05-22 09:05,1062
2019-05-22 09:10,1078
2019-05-22 09:15,1091
2019-05-22 09:20,1099
2019-05-22 09:25,1100
2019-05-22 09:30,1124
2019-05-22 09:35,1124
2019-05-22 09:40,1136
2019-05-22 09:45,1137
2019-05-22 09:50,1125
2019-05-22 09:55,1125
2019-05-22 10:00,1183
2019-05-22 10:05,1183
2019-05-22 10:10,1216
2019-05-22 10:15,1231
2019-05-22 10:20,1249
2019-05-22 10:25,1272
2019-05-22 10:30,1297
2019-05-22 10:35,1295
2019-05-22 10:40,1296
2019-05-22 10:45,1306
2019-05-22 10:50,1306
2019-05-22 10:55,1327
2019-05-22 11:00,1344
2019-05-22 11:05,1353
2019-05-22 11:10,1371
2019-05-22 11:15,1379
2019-05-22 11:20,1394
2019-05-22 11:25,1396
2019-05-22 11:30,1382
2019-05-22 11:35,1375
2019-05-22 11:40,1413
2019-05-22 11:45,1436
2019-05-22 11:50,1442
2019-05-22 11:55,1446
2019-05-22 12:00,1454
2019-05-22 12:05,1456
2019-05-22 12:10,1453
2019-05-22 12:15,1476
2019-05-22 12:20,1479
2019-05-22 12:25,1500
2019-05-22 12:30,1505
2019-05-22 12:35,1519
2019-05-22 12:40,1529
2019-05-22 12:45,1524
2019-05-22 12:50,1543
2019-05-22 12:55,1563
2019-05-22 13:00,1563
2019-05-22 13:05,1575
2019-05-22 13:10,1601
2019-05-22 13:15,1606
2019-05-22 13:20,1596
2019-05-22 13:25,1613
2019-05-22 13:30,1625
2019-05-22 13:35,1632
2019-05-22 13:40,1644
2019-05-22 13:45,1652
2019-05-22 13:50,1653
2019-05-22 13:55,1664
2019-05-22 14:00,1679
2019-05-22 14:05,1694
2019-05-22 14:10,1695
2019-05-22 14:15,1706
2019-05-22 14:20,1708
2019-05-22 14:25,1708
2019-05-22 14:30,1712
2019-05-22 14:35,1749
2019-05-22 14:40,1770
2019-05-22 14:45,1769
2019-05-22 14:50,1774
2019-05-22 14:55,1791
2019-05-22 15:00,1799
2019-05-22 15:05,1818
2019-05-22 15:10,1832
2019-05-22 15:15,1844
2019-05-22 15:20,1851
2019-05-22 15:25,1851
2019-05-22 15:30,1866
2019-05-22 15:35,1911
2019-05-22 15:40,1926
2019-05-22 15:45,1951
2019-05-22 15:50,1956
2019-05-22 15:55,1961
2019-05-22 16:00,1989
2019-05-22 16:05,2010
2019-05-22 16:10,2021
2019-05-22 16:15,2051
2019-05-22 16:20,2088
2019-05-22 16:25,2100
2019-05-22 16:30,2132
2019-05-22 16:35,2118
2019-05-22 16:40,2120
2019-05-22 16:45,2119
2019-05-22 16:50,2130
2019-05-22 16:55,2133
2019-05-22 17:00,2159
2019-05-22 17:05,2160
2019-05-22 17:10,2175
2019-05-22 17:15,2168
2019-05-22 17:20,2178
2019-05-22 17:25,2185
2019-05-22 17:30,2205
2019-05-22 17:35,2247
2019-05-22 17:40,2230
2019-05-22 17:45,2223
2019-05-22 17:50,2251
2019-05-22 17:55,2262
2019-05-22 18:00,2250
2019-05-22 18:05,2277
2019-05-22 18:10,2270
2019-05-22 18:15,2265
2019-05-22 18:20,2292
2019-05-22 18:25,2287
2019-05-22 18:30,2278
2019-05-22 18:35,2278
2019-05-22 18:40,2287
2019-05-22 18:45,2265
2019-05-22 18:50,2267
2019-05-22 18:55,2281
2019-05-22 19:00,2298
2019-05-22 19:05,2295
2019-05-22 19:10,2309
2019-05-22 19:15,2296
2019-05-22 19:20,2297
2019-05-22 19:25,2312
2019-05-22 19:30,2325
2019-05-22 19:35,2322
2019-05-22 19:40,2315
2019-05-22 19:45,2305
2019-05-22 19:50,2268
2019-05-22 19:55,2263
2019-05-22 20:00,2267
2019-05-22 20:05,2231
2019-05-22 20:10,2213
2019-05-22 20:15,2215
2019-05-22 20:20,2218
2019-05-22 20:25,2223
2019-05-22 20:30,2208
2019-05-22 20:35,2198
2019-05-22 20:40,2200
2019-05-22 20:45,2167
2019-05-22 20:50,2129
2019-05-22 20:55,2113
2019-05-22 21:00,2098
2019-05-22 21:05,2050
2019-05-22 21:10,2023
2019-05-22 21:15,2026
2019-05-22 21:20,2010
2019-05-22 21:25,2007
2019-05-22 21:30,1970
2019-05-22 21:35,1963
2019-05-22 21:40,1947
2019-05-22 21:45,1916
2019-05-22 21:50,1904
2019-05-22 21:55,1872
2019-05-22 22:00,1846
2019-05-22 22:05,1820
2019-05-22 22:10,1803
2019-05-22 22:15,1761
2019-05-22 22:20,1729
2019-05-22 22:25,1740
2019-05-22 22:30,1735
2019-05-22 22:35,1711
2019-05-22 22:40,1699
2019-05-22 22:45,1678
2019-05-22 22:50,1660
2019-05-22 22:55,1658
2019-05-22 23:00,1642
2019-05-22 23:05,1632
2019-05-22 23:10,1611
2019-05-22 23:15,1613
2019-05-22 23:20,1608
2019-05-22 23:25,1589
2019-05-22 23:30,1577
2019-05-22 23:35,1582
2019-05-22 23:40,1576
2019-05-22 23:45,1570
2019-05-22 23:50,1559
2019-05-22 23:55,1547
2019-05-23 00:00,1547
2019-05-23 00:05,1535
2019-05-23 00:10,1526
2019-05-23 00:15,1528
2019-05-23 00:20,1524
2019-05-23 00:25,1523
2019-05-23 00:30,1516
2019-05-23 00:35,1523
2019-05-23 00:40,1533
2019-05-23 00:45,1527
2019-05-23 00:50,1536
2019-05-23 00:55,1517
2019-05-23 01:00,1508
2019-05-23 01:05,1515
2019-05-23 01:10,1516
2019-05-23 01:15,1508
2019-05-23 01:20,1491
2019-05-23 01:25,1503
2019-05-23 01:30,1501
2019-05-23 01:35,1484
2019-05-23 01:40,1485
2019-05-23 01:45,1473
2019-05-23 01:50,1462
2019-05-23 01:55,1456
2019-05-23 02:00,1443
2019-05-23 02:05,1434
2019-05-23 02:10,1423
2019-05-23 02:15,1408
2019-05-23 02:20,1409
2019-05-23 02:25,1414
2019-05-23 02:30,1405
2019-05-23 02:35,1403
2019-05-23 02:40,1393
2019-05-23 02:45,1378
2019-05-23 02:50,1356
2019-05-23 02:55,1350
2019-05-23 03:00,1354
2019-05-23 03:05,1330
2019-05-23 03:10,1330
2019-05-23 03:15,1316
2019-05-23 03:20,1305
2019-05-23 03:25,1286
2019-05-23 03:30,1272
2019-05-23 03:35,1252
2019-05-23 03:40,1227
2019-05-23 03:45,1224
2019-05-23 03:50,1224
2019-05-23 03:55,1200
2019-05-23 04:00,1194
2019-05-23 04:05,1191
2019-05-23 04:10,1183
2019-05-23 04:15,1179
2019-05-23 04:20,1187
2019-05-23 04:25,1173
2019-05-23 04:30,1164
2019-05-23 04:35,1181
2019-05-23 04:40,1176
2019-05-23 04:45,1176
2019-05-23 04:50,1172
2019-05-23 04:55,1148
2019-05-23 05:00,1143
2019-05-23 05:05,1132
2019-05-23 05:10,1131
2019-05-23 05:15,1149
2019-05-23 05:20,1139
2019-05-23 05:25,1141
2019-05-23 05:30,1123
2019-05-23 05:35,1108
2019-05-23 05:40,1099
2019-05-23 05:45,1097
2019-05-23 05:50,1093
2019-05-23 05:55,1096
2019-05-23 06:00,1105
2019-05-23 06:05,1092
2019-05-23 06:10,1095
2019-05-23 06:15,1083
2019-05-23 06:20,1078
2019-05-23 06:25,1067
2019-05-23 06:30,1057
2019-05-23 06:35,1056
2019-05-23 06:40,1048
2019-05-23 06:45,1041
2019-05-23 06:50,1041
2019-05-23 06:55,1038
2019-05-23 07:00,1026
2019-05-23 07:05,1009
2019-05-23 07:10,1011
2019-05-23 07:15,1002
2019-05-23 07:20,1007
2019-05-23 07:25,1014
2019-05-23 07:30,1003
2019-05-23 07:35,1015
2019-05-23 07:40,1015
2019-05-23 07:45,1026
2019-05-23 07:50,1016
2019-05-23 07:55,1006
2019-05-23 08:00,1013
2019-05-23 08:05,1016
2019-05-23 08:10,1018
2019-05-23 08:15,1029
2019-05-23 08:20,1051
2019-05-23 08:25,1036
2019-05-23 08:30,1037
2019-05-23 08:35,1048
2019-05-23 08:40,1056
2019-05-23 08:45,1047
2019-05-23 08:50,1064
2019-05-23 08:55,1065
2019-05-23 09:00,1077
2019-05-23 09:05,1090
2019-05-23 09:10,1096
2019-05-23 09:15,1103
2019-05-23 09:20,1119
2019-05-23 09:25,1112
2019-05-23 09:30,1124
2019-05-23 09:35,1136
2019-05-23 09:40,1143
2019-05-23 09:45,1150
2019-05-23 09:50,1168
2019-05-23 09:55,1174
2019-05-23 10:00,1181
2019-05-23 10:05,1195
2019-05-23 10:10,1207
2019-05-23 10:15,1219
2019-05-23 10:20,1229
2019-05-23 10:25,1243
2019-05-23 10:30,1250
2019-05-23 10:35,1270
2019-05-23 10:40,1273
2019-05-23 10:45,1275
2019-05-23 10:50,1294
2019-05-23 10:55,1309
2019-05-23 11:00,1323
2019-05-23 11:05,1349
2019-05-23 11:10,1343
2019-05-23 11:15,1342
2019-05-23 11:20,1371
2019-05-23 11:25,1390
2019-05-23 11:30,1384
2019-05-23 11:35,1391
2019-05-23 11:40,1406
2019-05-23 11:45,1383
2019-05-23 11:50,1405
2019-05-23 11:55,1415
2019-05-23 12:00,1415
2019-05-23 12:05,1402
2019-05-23 12:10,1418
2019-05-23 12:15,1413
2019-05-23 12:20,1408
2019-05-23 12:25,1424
2019-05-23 12:30,1443
2019-05-23 12:35,1446
2019-05-23 12:40,1467
2019-05-23 12:45,1472
2019-05-23 12:50,1480
2019-05-23 12:55,1481
2019-05-23 13:00,1462
2019-05-23 13:05,1457
2019-05-23 13:10,1477
2019-05-23 13:15,1465
2019-05-23 13:20,1468
2019-05-23 13:25,1498
2019-05-23 13:30,1510
2019-05-23 13:35,1497
2019-05-23 13:40,1471
2019-05-23 13:45,1463
2019-05-23 13:50,1441
2019-05-23 13:55,1382
2019-05-23 14:00,1347
2019-05-23 14:05,1198
2019-05-23 14:10,806
2019-05-23 14:15,791
2019-05-23 14:20,801
2019-05-23 14:25,821
2019-05-23 14:30,835
2019-05-23 14:35,856
2019-05-23 14:40,865
2019-05-23 14:45,867
2019-05-23 14:50,880
2019-05-23 14:55,897
2019-05-23 15:00,924
2019-05-23 15:05,951
2019-05-23 15:10,957
2019-05-23 15:15,960
2019-05-23 15:20,973
2019-05-23 15:25,1037
2019-05-23 15:30,1128
2019-05-23 15:35,1231
2019-05-23 15:40,1323
2019-05-23 15:45,1433
2019-05-23 15:50,1491
2019-05-23 15:55,1580
2019-05-23 16:00,1659
2019-05-23 16:05,1723
2019-05-23 16:10,1823
2019-05-23 16:15,1930
2019-05-23 16:20,2004
2019-05-23 16:25,2036
2019-05-23 16:30,2089
2019-05-23 16:35,2140
2019-05-23 16:40,2175
2019-05-23 16:45,2216
2019-05-23 16:50,2249
2019-05-23 16:55,2284
2019-05-23 17:00,2300
2019-05-23 17:05,2310
2019-05-23 17:10,2312
2019-05-23 17:15,2323
2019-05-23 17:20,2331
2019-05-23 17:25,2352
2019-05-23 17:30,2368
2019-05-23 17:35,2397
2019-05-23 17:40,2419
2019-05-23 17:45,2435
2019-05-23 17:50,2450
2019-05-23 17:55,2444
2019-05-23 18:00,2455
2019-05-23 18:05,2489
2019-05-23 18:10,2483
2019-05-23 18:15,2490
2019-05-23 18:20,2496
2019-05-23 18:25,2463
2019-05-23 18:30,2471
2019-05-23 18:35,2477
2019-05-23 18:40,2494
2019-05-23 18:45,2500
2019-05-23 18:50,2511
2019-05-23 18:55,2523
2019-05-23 19:00,2509
2019-05-23 19:05,2531
2019-05-23 19:10,2544
2019-05-23 19:15,2508
2019-05-23 19:20,2497
2019-05-23 19:25,2508
2019-05-23 19:30,2495
2019-05-23 19:35,2492
2019-05-23 19:40,2481
2019-05-23 19:45,2505
2019-05-23 19:50,2495
2019-05-23 19:55,2492
2019-05-23 20:00,2475
2019-05-23 20:05,2482
2019-05-23 20:10,2472
2019-05-23 20:15,2471
2019-05-23 20:20,2435
2019-05-23 20:25,2429
2019-05-23 20:30,2409
2019-05-23 20:35,2397
2019-05-23 20:40,2379
2019-05-23 20:45,2358
2019-05-23 20:50,2351
2019-05-23 20:55,2335
2019-05-23 21:00,2309
2019-05-23 21:05,2271
2019-05-23 21:10,2221
2019-05-23 21:15,2200
2019-05-23 21:20,2154
2019-05-23 21:25,2155
2019-05-23 21:30,2114
2019-05-23 21:35,2087
2019-05-23 21:40,2049
2019-05-23 21:45,2049
2019-05-23 21:50,2030
2019-05-23 21:55,2020
2019-05-23 22:00,1994
2019-05-23 22:05,1963
2019-05-23 22:10,1952
2019-05-23 22:15,1925
2019-05-23 22:20,1913
2019-05-23 22:25,1870
2019-05-23 22:30,1886
2019-05-23 22:35,1863
2019-05-23 22:40,1836
2019-05-23 22:45,1810
2019-05-23 22:50,1795
2019-05-23 22:55,1775
2019-05-23 23:00,1779
2019-05-23 23:05,1772
2019-05-23 23:10,1771
2019-05-23 23:15,1776
2019-05-23 23:20,1775
2019-05-23 23:25,1772
2019-05-23 23:30,1771
2019-05-23 23:35,1773
2019-05-23 23:40,1755
2019-05-23 23:45,1747
2019-05-23 23:50,1733
2019-05-23 23:55,1719
2019-05-24 00:00,1714
2019-05-24 00:05,1689
2019-05-24 00:10,1671
2019-05-24 00:15,1664
2019-05-24 00:20,1659
2019-05-24 00:25,1657
2019-05-24 00:30,1655
2019-05-24 00:35,1654
2019-05-24 00:40,1648
2019-05-24 00:45,1632
2019-05-24 00:50,1611
2019-05-24 00:55,1642
2019-05-24 01:00,1637
2019-05-24 01:05,1628
2019-05-24 01:10,1629
2019-05-24 01:15,1641
2019-05-24 01:20,1610
2019-05-24 01:25,1597
2019-05-24 01:30,1570
2019-05-24 01:35,1567
2019-05-24 01:40,1555
2019-05-24 01:45,1537
2019-05-24 01:50,1544
2019-05-24 01:55,1537
2019-05-24 02:00,1538
2019-05-24 02:05,1519
2019-05-24 02:10,1501
2019-05-24 02:15,1493
2019-05-24 02:20,1512
2019-05-24 02:25,1501
2019-05-24 02:30,1501
2019-05-24 02:35,1479
2019-05-24 02:40,1476
2019-05-24 02:45,1466
2019-05-24 02:50,1449
2019-05-24 02:55,1434
2019-05-24 03:00,1445
2019-05-24 03:05,1424
2019-05-24 03:10,1413
2019-05-24 03:15,1415
2019-05-24 03:20,1412
2019-05-24 03:25,1414
2019-05-24 03:30,1389
2019-05-24 03:35,1388
2019-05-24 03:40,1370
2019-05-24 03:45,1345
2019-05-24 03:50,1325
2019-05-24 03:55,1325
2019-05-24 04:00,1310
2019-05-24 04:05,1298
2019-05-24 04:10,1288
2019-05-24 04:15,1267
2019-05-24 04:20,1267
2019-05-24 04:25,1253
2019-05-24 04:30,1248
2019-05-24 04:35,1245
2019-05-24 04:40,1240
2019-05-24 04:45,1228
2019-05-24 04:50,1205
2019-05-24 04:55,1200
2019-05-24 05:00,1191
2019-05-24 05:05,1173
2019-05-24 05:10,1159
2019-05-24 05:15,1163
2019-05-24 05:20,1142
2019-05-24 05:25,1142
2019-05-24 05:30,1131
2019-05-24 05:35,1124
2019-05-24 05:40,1127
2019-05-24 05:45,1127
2019-05-24 05:50,1130
2019-05-24 05:55,1138
2019-05-24 06:00,1119
2019-05-24 06:05,1119
2019-05-24 06:10,1117
2019-05-24 06:15,1116
2019-05-24 06:20,1092
2019-05-24 06:25,1108
2019-05-24 06:30,1109
2019-05-24 06:35,1105
2019-05-24 06:40,1106
2019-05-24 06:45,1113
2019-05-24 06:50,1132
2019-05-24 06:55,1146
2019-05-24 07:00,1127
2019-05-24 07:05,1131
2019-05-24 07:10,1120
2019-05-24 07:15,1098
2019-05-24 07:20,1083
2019-05-24 07:25,1079
2019-05-24 07:30,1078
2019-05-24 07:35,1076
2019-05-24 07:40,1072
2019-05-24 07:45,1064
2019-05-24 07:50,1085
2019-05-24 07:55,1109
2019-05-24 08:00,1118
2019-05-24 08:05,1123
2019-05-24 08:10,1124
2019-05-24 08:15,1126
2019-05-24 08:20,1131
2019-05-24 08:25,1143
2019-05-24 08:30,1145
2019-05-24 08:35,1141
2019-05-24 08:40,1147
2019-05-24 08:45,1141
2019-05-24 08:50,1155
2019-05-24 08:55,1163
2019-05-24 09:00,1166
2019-05-24 09:05,1173
2019-05-24 09:10,1177
2019-05-24 09:15,1179
2019-05-24 09:20,1177
2019-05-24 09:25,1194
2019-05-24 09:30,1194
2019-05-24 09:35,1203
2019-05-24 09:40,1212
2019-05-24 09:45,1246
2019-05-24 09:50,1241
2019-05-24 09:55,1224
2019-05-24 10:00,1238
2019-05-24 10:05,1266
2019-05-24 10:10,1299
2019-05-24 10:15,1322
2019-05-24 10:20,1328
2019-05-24 10:25,1329
2019-05-24 10:30,1351
2019-05-24 10:35,1363
2019-05-24 10:40,1378
2019-05-24 10:45,1399
2019-05-24 10:50,1413
2019-05-24 10:55,1432
2019-05-24 11:00,1434
2019-05-24 11:05,1438
2019-05-24 11:10,1460
2019-05-24 11:15,1476
2019-05-24 11:20,1460
2019-05-24 11:25,1474
2019-05-24 11:30,1489
2019-05-24 11:35,1504
2019-05-24 11:40,1506
2019-05-24 11:45,1505
2019-05-24 11:50,1508
2019-05-24 11:55,1501
2019-05-24 12:00,1497
2019-05-24 12:05,1508
2019-05-24 12:10,1521
2019-05-24 12:15,1502
2019-05-24 12:20,1524
2019-05-24 12:25,1557
2019-05-24 12:30,1572
2019-05-24 12:35,1587
2019-05-24 12:40,1594
2019-05-24 12:45,1615
2019-05-24 12:50,1621
2019-05-24 12:55,1642
2019-05-24 13:00,1642
2019-05-24 13:05,1673
2019-05-24 13:10,1688
2019-05-24 13:15,1692
2019-05-24 13:20,1696
2019-05-24 13:25,1728
2019-05-24 13:30,1751
2019-05-24 13:35,1732
2019-05-24 13:40,1709
2019-05-24 13:45,1704
2019-05-24 13:50,1678
2019-05-24 13:55,1665
2019-05-24 14:00,1582
2019-05-24 14:05,1292
2019-05-24 14:10,971
2019-05-24 14:15,971
2019-05-24 14:20,981
2019-05-24 14:25,971
2019-05-24 14:30,988
2019-05-24 14:35,995
2019-05-24 14:40,971
2019-05-24 14:45,982
2019-05-24 14:50,982
2019-05-24 14:55,986
2019-05-24 15:00,1000
2019-05-24 15:05,1003
2019-05-24 15:10,1022
2019-05-24 15:15,1094
2019-05-24 15:20,1191
2019-05-24 15:25,1270
2019-05-24 15:30,1350
2019-05-24 15:35,1429
2019-05-24 15:40,1516
2019-05-24 15:45,1600
2019-05-24 15:50,1652
2019-05-24 15:55,1721
2019-05-24 16:00,1775
2019-05-24 16:05,1844
2019-05-24 16:10,1929
2019-05-24 16:15,1979
2019-05-24 16:20,2026
2019-05-24 16:25,2054
2019-05-24 16:30,2099
2019-05-24 16:35,2131
2019-05-24 16:40,2175
2019-05-24 16:45,2188
2019-05-24 16:50,2227
2019-05-24 16:55,2269
2019-05-24 17:00,2253
2019-05-24 17:05,2245
2019-05-24 17:10,2282
2019-05-24 17:15,2289
2019-05-24 17:20,2291
2019-05-24 17:25,2307
2019-05-24 17:30,2306
2019-05-24 17:35,2330
2019-05-24 17:40,2331
2019-05-24 17:45,2322
2019-05-24 17:50,2333
2019-05-24 17:55,2317
2019-05-24 18:00,2358
2019-05-24 18:05,2349
2019-05-24 18:10,2380
2019-05-24 18:15,2372
2019-05-24 18:20,2366
2019-05-24 18:25,2379
2019-05-24 18:30,2364
2019-05-24 18:35,2376
2019-05-24 18:40,2384
2019-05-24 18:45,2364
2019-05-24 18:50,2390
2019-05-24 18:55,2393
2019-05-24 19:00,2427
2019-05-24 19:05,2441
2019-05-24 19:10,2439
2019-05-24 19:15,2438
2019-05-24 19:20,2456
2019-05-24 19:25,2437
2019-05-24 19:30,2432
2019-05-24 19:35,2409
2019-05-24 19:40,2429
2019-05-24 19:45,2424
2019-05-24 19:50,2409
2019-05-24 19:55,2410
2019-05-24 20:00,2404
2019-05-24 20:05,2373
2019-05-24 20:10,2375
2019-05-24 20:15,2346
2019-05-24 20:20,2325
2019-05-24 20:25,2326
2019-05-24 20:30,2312
2019-05-24 20:35,2328
2019-05-24 20:40,2296
2019-05-24 20:45,2293
2019-05-24 20:50,2300
2019-05-24 20:55,2293
2019-05-24 21:00,2286
2019-05-24 21:05,2265
2019-05-24 21:10,2233
2019-05-24 21:15,2239
2019-05-24 21:20,2240
2019-05-24 21:25,2211
2019-05-24 21:30,2203
2019-05-24 21:35,2200
2019-05-24 21:40,2171
2019-05-24 21:45,2138
2019-05-24 21:50,2136
2019-05-24 21:55,2116
2019-05-24 22:00,2089
2019-05-24 22:05,2061
2019-05-24 22:10,2045
2019-05-24 22:15,2017
2019-05-24 22:20,1993
2019-05-24 22:25,1969
2019-05-24 22:30,1952
2019-05-24 22:35,1944
2019-05-24 22:40,1927
2019-05-24 22:45,1902
2019-05-24 22:50,1896
2019-05-24 22:55,1890
2019-05-24 23:00,1873
2019-05-24 23:05,1827
2019-05-24 23:10,1790
2019-05-24 23:15,1765
2019-05-24 23:20,1764
2019-05-24 23:25,1752
2019-05-24 23:30,1733
2019-05-24 23:35,1720
2019-05-24 23:40,1704
2019-05-24 23:45,1699
2019-05-24 23:50,1703
2019-05-24 23:55,1698
2019-05-25 00:00,1694
2019-05-25 00:05,1695
2019-05-25 00:10,1709
2019-05-25 00:15,1693
2019-05-25 00:20,1709
2019-05-25 00:25,1716
2019-05-25 00:30,1719
2019-05-25 00:35,1717
2019-05-25 00:40,1709
2019-05-25 00:45,1707
2019-05-25 00:50,1710
2019-05-25 00:55,1704
2019-05-25 01:00,1697
2019-05-25 01:05,1691
2019-05-25 01:10,1671
2019-05-25 01:15,1676
2019-05-25 01:20,1693
2019-05-25 01:25,1684
2019-05-25 01:30,1679
2019-05-25 01:35,1693
2019-05-25 01:40,1689
2019-05-25 01:45,1685
2019-05-25 01:50,1662
2019-05-25 01:55,1683
2019-05-25 02:00,1677
2019-05-25 02:05,1677
2019-05-25 02:10,1691
2019-05-25 02:15,1668
2019-05-25 02:20,1664
2019-05-25 02:25,1649
2019-05-25 02:30,1629
2019-05-25 02:35,1626
2019-05-25 02:40,1618
2019-05-25 02:45,1633
2019-05-25 02:50,1630
2019-05-25 02:55,1629
2019-05-25 03:00,1610
2019-05-25 03:05,1604
2019-05-25 03:10,1581
2019-05-25 03:15,1582
2019-05-25 03:20,1567
2019-05-25 03:25,1548
2019-05-25 03:30,1530
2019-05-25 03:35,1519
2019-05-25 03:40,1514
2019-05-25 03:45,1491
2019-05-25 03:50,1467
2019-05-25 03:55,1452
2019-05-25 04:00,1429
2019-05-25 04:05,1423
2019-05-25 04:10,1412
2019-05-25 04:15,1401
2019-05-25 04:20,1397
2019-05-25 04:25,1407
2019-05-25 04:30,1417
2019-05-25 04:35,1402
2019-05-25 04:40,1406
2019-05-25 04:45,1401
2019-05-25 04:50,1390
2019-05-25 04:55,1381
2019-05-25 05:00,1386
2019-05-25 05:05,1378
2019-05-25 05:10,1379
2019-05-25 05:15,1369
2019-05-25 05:20,1370
2019-05-25 05:25,1348
2019-05-25 05:30,1348
2019-05-25 05:35,1333
2019-05-25 05:40,1337
2019-05-25 05:45,1333
2019-05-25 05:50,1333
2019-05-25 05:55,1325
2019-05-25 06:00,1308
2019-05-25 06:05,1290
2019-05-25 06:10,1287
2019-05-25 06:15,1292
2019-05-25 06:20,1283
2019-05-25 06:25,1284
2019-05-25 06:30,1289
2019-05-25 06:35,1272
2019-05-25 06:40,1272
2019-05-25 06:45,1267
2019-05-25 06:50,1265
2019-05-25 06:55,1285
2019-05-25 07:00,1296
2019-05-25 07:05,1308
2019-05-25 07:10,1314
2019-05-25 07:15,1316
2019-05-25 07:20,1322
2019-05-25 07:25,1316
2019-05-25 07:30,1311
2019-05-25 07:35,1322
2019-05-25 07:40,1316
2019-05-25 07:45,1311
2019-05-25 07:50,1313
2019-05-25 07:55,1321
2019-05-25 08:00,1321
2019-05-25 08:05,1330
2019-05-25 08:10,1341
2019-05-25 08:15,1364
2019-05-25 08:20,1371
2019-05-25 08:25,1373
2019-05-25 08:30,1393
2019-05-25 08:35,1404
2019-05-25 08:40,1402
2019-05-25 08:45,1409
2019-05-25 08:50,1438
2019-05-25 08:55,1437
2019-05-25 09:00,1443
2019-05-25 09:05,1451
2019-05-25 09:10,1471
2019-05-25 09:15,1473
2019-05-25 09:20,1487
2019-05-25 09:25,1512
2019-05-25 09:30,1537
2019-05-25 09:35,1552
2019-05-25 09:40,1564
2019-05-25 09:45,1577
2019-05-25 09:50,1587
2019-05-25 09:55,1603
2019-05-25 10:00,1616
2019-05-25 10:05,1651
2019-05-25 10:10,1681
2019-05-25 10:15,1707
2019-05-25 10:20,1732
2019-05-25 10:25,1737
2019-05-25 10:30,1769
2019-05-25 10:35,1770
2019-05-25 10:40,1782
2019-05-25 10:45,1776
2019-05-25 10:50,1779
2019-05-25 10:55,1788
2019-05-25 11:00,1797
2019-05-25 11:05,1825
2019-05-25 11:10,1811
2019-05-25 11:15,1828
2019-05-25 11:20,1851
2019-05-25 11:25,1856
2019-05-25 11:30,1891
2019-05-25 11:35,1919
2019-05-25 11:40,1937
2019-05-25 11:45,1946
2019-05-25 11:50,1968
2019-05-25 11:55,1962
2019-05-25 12:00,1964
2019-05-25 12:05,1995
2019-05-25 12:10,2020
2019-05-25 12:15,2004
2019-05-25 12:20,2028
2019-05-25 12:25,2020
2019-05-25 12:30,2026
2019-05-25 12:35,2040
2019-05-25 12:40,2049
2019-05-25 12:45,2059
2019-05-25 12:50,2080
2019-05-25 12:55,2101
2019-05-25 13:00,2111
2019-05-25 13:05,2130
2019-05-25 13:10,2141
2019-05-25 13:15,2151
2019-05-25 13:20,2167
2019-05-25 13:25,2169
2019-05-25 13:30,2186
2019-05-25 13:35,2183
2019-05-25 13:40,2197
2019-05-25 13:45,2206
2019-05-25 13:50,2195
2019-05-25 13:55,2214
2019-05-25 14:00,2223
2019-05-25 14:05,2225
2019-05-25 14:10,2229
2019-05-25 14:15,2255
2019-05-25 14:20,2278
2019-05-25 14:25,2297
2019-05-25 14:30,2277
2019-05-25 14:35,2274
2019-05-25 14:40,2277
2019-05-25 14:45,2281
2019-05-25 14:50,2289
2019-05-25 14:55,2319
2019-05-25 15:00,2332
2019-05-25 15:05,2334
2019-05-25 15:10,2325
2019-05-25 15:15,2314
2019-05-25 15:20,2313
2019-05-25 15:25,2339
2019-05-25 15:30,2334
2019-05-25 15:35,2344
2019-05-25 15:40,2357
2019-05-25 15:45,2381
2019-05-25 15:50,2380
2019-05-25 15:55,2403
2019-05-25 16:00,2392
2019-05-25 16:05,2401
2019-05-25 16:10,2411
2019-05-25 16:15,2420
2019-05-25 16:20,2436
2019-05-25 16:25,2435
2019-05-25 16:30,2444
2019-05-25 16:35,2449
2019-05-25 16:40,2460
2019-05-25 16:45,2469
2019-05-25 16:50,2469
2019-05-25 16:55,2483
2019-05-25 17:00,2500
2019-05-25 17:05,2501
2019-05-25 17:10,2494
2019-05-25 17:15,2490
2019-05-25 17:20,2478
2019-05-25 17:25,2487
2019-05-25 17:30,2494
2019-05-25 17:35,2486
2019-05-25 17:40,2494
2019-05-25 17:45,2521
2019-05-25 17:50,2528
2019-05-25 17:55,2526
2019-05-25 18:00,2537
2019-05-25 18:05,2530
2019-05-25 18:10,2527
2019-05-25 18:15,2543
2019-05-25 18:20,2567
2019-05-25 18:25,2579
2019-05-25 18:30,2576
2019-05-25 18:35,2566
2019-05-25 18:40,2598
2019-05-25 18:45,2616
2019-05-25 18:50,2597
2019-05-25 18:55,2603
2019-05-25 19:00,2598
2019-05-25 19:05,2596
2019-05-25 19:10,2583
2019-05-25 19:15,2610
2019-05-25 19:20,2621
2019-05-25 19:25,2627
2019-05-25 19:30,2630
2019-05-25 19:35,2659
2019-05-25 19:40,2637
2019-05-25 19:45,2643
2019-05-25 19:50,2658
2019-05-25 19:55,2656
2019-05-25 20:00,2669
2019-05-25 20:05,2656
2019-05-25 20:10,2598
2019-05-25 20:15,2631
2019-05-25 20:20,2641
2019-05-25 20:25,2633
2019-05-25 20:30,2640
2019-05-25 20:35,2599
2019-05-25 20:40,2571
2019-05-25 20:45,2544
2019-05-25 20:50,2539
2019-05-25 20:55,2550
2019-05-25 21:00,2537
2019-05-25 21:05,2534
2019-05-25 21:10,2514
2019-05-25 21:15,2497
2019-05-25 21:20,2469
2019-05-25 21:25,2459
2019-05-25 21:30,2465
2019-05-25 21:35,2455
2019-05-25 21:40,2428
2019-05-25 21:45,2411
2019-05-25 21:50,2395
2019-05-25 21:55,2373
2019-05-25 22:00,2324
2019-05-25 22:05,2305
2019-05-25 22:10,2269
2019-05-25 22:15,2244
2019-05-25 22:20,2201
2019-05-25 22:25,2164
2019-05-25 22:30,2111
2019-05-25 22:35,2117
2019-05-25 22:40,2089
2019-05-25 22:45,2070
2019-05-25 22:50,2038
2019-05-25 22:55,2023
2019-05-25 23:00,1990
2019-05-25 23:05,1967
2019-05-25 23:10,1967
2019-05-25 23:15,1956
2019-05-25 23:20,1937
2019-05-25 23:25,1926
2019-05-25 23:30,1907
2019-05-25 23:35,1903
2019-05-25 23:40,1906
2019-05-25 23:45,1897
2019-05-25 23:50,1875
2019-05-25 23:55,1871
2019-05-26 00:00,1856
2019-05-26 00:05,1852
2019-05-26 00:10,1817
2019-05-26 00:15,1810
2019-05-26 00:20,1810
2019-05-26 00:25,1813
2019-05-26 00:30,1788
2019-05-26 00:35,1772
2019-05-26 00:40,1751
2019-05-26 00:45,1742
2019-05-26 00:50,1748
2019-05-26 00:55,1750
2019-05-26 01:00,1754
2019-05-26 01:05,1752
2019-05-26 01:10,1751
2019-05-26 01:15,1715
2019-05-26 01:20,1739
2019-05-26 01:25,1740
2019-05-26 01:30,1737
2019-05-26 01:35,1731
2019-05-26 01:40,1714
2019-05-26 01:45,1718
2019-05-26 01:50,1712
2019-05-26 01:55,1710
2019-05-26 02:00,1718
2019-05-26 02:05,1719
2019-05-26 02:10,1725
2019-05-26 02:15,1724
2019-05-26 02:20,1689
2019-05-26 02:25,1669
2019-05-26 02:30,1669
2019-05-26 02:35,1665
2019-05-26 02:40,1675
2019-05-26 02:45,1666
2019-05-26 02:50,1650
2019-05-26 02:55,1641
2019-05-26 03:00,1655
2019-05-26 03:05,1648
2019-05-26 03:10,1643
2019-05-26 03:15,1646
2019-05-26 03:20,1610
2019-05-26 03:25,1607
2019-05-26 03:30,1580
2019-05-26 03:35,1577
2019-05-26 03:40,1576
2019-05-26 03:45,1563
2019-05-26 03:50,1550
2019-05-26 03:55,1544
2019-05-26 04:00,1533
2019-05-26 04:05,1512
2019-05-26 04:10,1498
2019-05-26 04:15,1502
2019-05-26 04:20,1504
2019-05-26 04:25,1491
2019-05-26 04:30,1491
2019-05-26 04:35,1471
2019-05-26 04:40,1491
2019-05-26 04:45,1471
2019-05-26 04:50,1456
2019-05-26 04:55,1455
2019-05-26 05:00,1441
2019-05-26 05:05,1433
2019-05-26 05:10,1441
2019-05-26 05:15,1423
2019-05-26 05:20,1428
2019-05-26 05:25,1405
2019-05-26 05:30,1398
2019-05-26 05:35,1398
2019-05-26 05:40,1386
2019-05-26 05:45,1374
2019-05-26 05:50,1361
2019-05-26 05:55,1378
2019-05-26 06:00,1375
2019-05-26 06:05,1376
2019-05-26 06:10,1378
2019-05-26 06:15,1374
2019-05-26 06:20,1362
2019-05-26 06:25,1366
2019-05-26 06:30,1390
2019-05-26 06:35,1392
2019-05-26 06:40,1418
2019-05-26 06:45,1437
2019-05-26 06:50,1427
2019-05-26 06:55,1453
2019-05-26 07:00,1450
2019-05-26 07:05,1458
2019-05-26 07:10,1459
2019-05-26 07:15,1478
2019-05-26 07:20,1489
2019-05-26 07:25,1493
2019-05-26 07:30,1499
2019-05-26 07:35,1500
2019-05-26 07:40,1509
2019-05-26 07:45,1517
2019-05-26 07:50,1516
2019-05-26 07:55,1565
2019-05-26 08:00,1564
2019-05-26 08:05,1569
2019-05-26 08:10,1569
2019-05-26 08:15,1560
2019-05-26 08:20,1569
2019-05-26 08:25,1579
2019-05-26 08:30,1595
2019-05-26 08:35,1610
2019-05-26 08:40,1620
2019-05-26 08:45,1636
2019-05-26 08:50,1658
2019-05-26 08:55,1680
2019-05-26 09:00,1688
2019-05-26 09:05,1705
2019-05-26 09:10,1715
2019-05-26 09:15,1738
2019-05-26 09:20,1762
2019-05-26 09:25,1779
2019-05-26 09:30,1774
2019-05-26 09:35,1776
2019-05-26 09:40,1781
2019-05-26 09:45,1766
2019-05-26 09:50,1773
2019-05-26 09:55,1768
2019-05-26 10:00,1774
2019-05-26 10:05,1820
2019-05-26 10:10,1875
2019-05-26 10:15,1898
2019-05-26 10:20,1920
2019-05-26 10:25,1932
2019-05-26 10:30,1963
2019-05-26 10:35,1957
2019-05-26 10:40,1955
2019-05-26 10:45,1958
2019-05-26 10:50,1979
2019-05-26 10:55,2015
2019-05-26 11:00,2020
2019-05-26 11:05,1990
2019-05-26 11:10,1982
2019-05-26 11:15,1988
2019-05-26 11:20,2007
2019-05-26 11:25,2045
2019-05-26 11:30,2038
2019-05-26 11:35,2060
2019-05-26 11:40,2049
2019-05-26 11:45,2076
2019-05-26 11:50,2084
2019-05-26 11:55,2091
2019-05-26 12:00,2105
2019-05-26 12:05,2115
2019-05-26 12:10,2143
2019-05-26 12:15,2145
2019-05-26 12:20,2120
2019-05-26 12:25,2118
2019-05-26 12:30,2125
2019-05-26 12:35,2150
2019-05-26 12:40,2156
2019-05-26 12:45,2165
2019-05-26 12:50,2170
2019-05-26 12:55,2166
2019-05-26 13:00,2186
2019-05-26 13:05,2193
2019-05-26 13:10,2208
2019-05-26 13:15,2192
2019-05-26 13:20,2205
2019-05-26 13:25,2223
2019-05-26 13:30,2239
2019-05-26 13:35,2235
2019-05-26 13:40,2250
2019-05-26 13:45,2292
2019-05-26 13:50,2274
2019-05-26 13:55,2285
2019-05-26 14:00,2287
2019-05-26 14:05,2280
2019-05-26 14:10,2292
2019-05-26 14:15,2331
2019-05-26 14:20,2356
2019-05-26 14:25,2360
2019-05-26 14:30,2392
2019-05-26 14:35,2423
2019-05-26 14:40,2437
2019-05-26 14:45,2448
2019-05-26 14:50,2450
2019-05-26 14:55,2467
2019-05-26 15:00,2473
2019-05-26 15:05,2504
2019-05-26 15:10,2514
2019-05-26 15:15,2534
2019-05-26 15:20,2526
2019-05-26 15:25,2560
2019-05-26 15:30,2568
2019-05-26 15:35,2600
2019-05-26 15:40,2599
2019-05-26 15:45,2594
2019-05-26 15:50,2619
2019-05-26 15:55,2645
2019-05-26 16:00,2672
2019-05-26 16:05,2664
2019-05-26 16:10,2676
2019-05-26 16:15,2705
2019-05-26 16:20,2705
2019-05-26 16:25,2708
2019-05-26 16:30,2753
2019-05-26 16:35,2774
2019-05-26 16:40,2806
2019-05-26 16:45,2809
2019-05-26 16:50,2838
2019-05-26 16:55,2838
2019-05-26 17:00,2843
2019-05-26 17:05,2851
2019-05-26 17:10,2825
2019-05-26 17:15,2839
2019-05-26 17:20,2834
2019-05-26 17:25,2844
2019-05-26 17:30,2868
2019-05-26 17:35,2872
2019-05-26 17:40,2862
2019-05-26 17:45,2871
2019-05-26 17:50,2883
2019-05-26 17:55,2908
2019-05-26 18:00,2919
2019-05-26 18:05,2937
2019-05-26 18:10,2924
2019-05-26 18:15,2928
2019-05-26 18:20,2914
2019-05-26 18:25,2909
2019-05-26 18:30,2917
2019-05-26 18:35,2898
2019-05-26 18:40,2900
2019-05-26 18:45,2865
2019-05-26 18:50,2889
2019-05-26 18:55,2888
2019-05-26 19:00,2895
2019-05-26 19:05,2900
2019-05-26 19:10,2882
2019-05-26 19:15,2842
2019-05-26 19:20,2821
2019-05-26 19:25,2801
2019-05-26 19:30,2805
2019-05-26 19:35,2775
2019-05-26 19:40,2775
2019-05-26 19:45,2771
2019-05-26 19:50,2776
2019-05-26 19:55,2746
2019-05-26 20:00,2722
2019-05-26 20:05,2711
2019-05-26 20:10,2689
2019-05-26 20:15,2656
2019-05-26 20:20,2642
2019-05-26 20:25,2615
2019-05-26 20:30,2602
2019-05-26 20:35,2574
2019-05-26 20:40,2544
2019-05-26 20:45,2521
2019-05-26 20:50,2530
2019-05-26 20:55,2502
2019-05-26 21:00,2487
2019-05-26 21:05,2474
2019-05-26 21:10,2475
2019-05-26 21:15,2456
2019-05-26 21:20,2429
2019-05-26 21:25,2422
2019-05-26 21:30,2413
2019-05-26 21:35,2378
2019-05-26 21:40,2374
2019-05-26 21:45,2352
2019-05-26 21:50,2359
2019-05-26 21:55,2325
2019-05-26 22:00,2312
2019-05-26 22:05,2272
2019-05-26 22:10,2261
2019-05-26 22:15,2235
2019-05-26 22:20,2211
2019-05-26 22:25,2174
2019-05-26 22:30,2149
2019-05-26 22:35,2134
2019-05-26 22:40,2116
2019-05-26 22:45,2106
2019-05-26 22:50,2096
2019-05-26 22:55,2065
2019-05-26 23:00,2072
2019-05-26 23:05,2070
2019-05-26 23:10,2025
2019-05-26 23:15,2016
2019-05-26 23:20,1983
2019-05-26 23:25,1943
2019-05-26 23:30,1933
2019-05-26 23:35,1929
2019-05-26 23:40,1906
2019-05-26 23:45,1903
2019-05-26 23:50,1895
2019-05-26 23:55,1891
2019-05-27 00:00,1891
2019-05-27 00:05,1877
2019-05-27 00:10,1855
2019-05-27 00:15,1829
2019-05-27 00:20,1806
2019-05-27 00:25,1803
2019-05-27 00:30,1818
2019-05-27 00:35,1809
2019-05-27 00:40,1801
2019-05-27 00:45,1771
2019-05-27 00:50,1786
2019-05-27 00:55,1777
2019-05-27 01:00,1763
2019-05-27 01:05,1747
2019-05-27 01:10,1743
2019-05-27 01:15,1752
2019-05-27 01:20,1751
2019-05-27 01:25,1742
2019-05-27 01:30,1732
2019-05-27 01:35,1745
2019-05-27 01:40,1733
2019-05-27 01:45,1746
2019-05-27 01:50,1731
2019-05-27 01:55,1716
2019-05-27 02:00,1699
2019-05-27 02:05,1689
2019-05-27 02:10,1690
2019-05-27 02:15,1700
2019-05-27 02:20,1701
2019-05-27 02:25,1696
2019-05-27 02:30,1696
2019-05-27 02:35,1679
2019-05-27 02:40,1676
2019-05-27 02:45,1665
2019-05-27 02:50,1656
2019-05-27 02:55,1641
2019-05-27 03:00,1651
2019-05-27 03:05,1646
2019-05-27 03:10,1629
2019-05-27 03:15,1607
2019-05-27 03:20,1603
2019-05-27 03:25,1582
2019-05-27 03:30,1577
2019-05-27 03:35,1549
2019-05-27 03:40,1546
2019-05-27 03:45,1547
2019-05-27 03:50,1517
2019-05-27 03:55,1491
2019-05-27 04:00,1475
2019-05-27 04:05,1431
2019-05-27 04:10,1406
2019-05-27 04:15,1411
2019-05-27 04:20,1410
2019-05-27 04:25,1399
2019-05-27 04:30,1390
2019-05-27 04:35,1403
2019-05-27 04:40,1384
2019-05-27 04:45,1357
2019-05-27 04:50,1338
2019-05-27 04:55,1321
2019-05-27 05:00,1319
2019-05-27 05:05,1301
2019-05-27 05:10,1288
2019-05-27 05:15,1287
2019-05-27 05:20,1278
2019-05-27 05:25,1285
2019-05-27 05:30,1268
2019-05-27 05:35,1270
2019-05-27 05:40,1250
2019-05-27 05:45,1252
2019-05-27 05:50,1241
2019-05-27 05:55,1246
2019-05-27 06:00,1233
2019-05-27 06:05,1229
2019-05-27 06:10,1225
2019-05-27 06:15,1232
2019-05-27 06:20,1213
2019-05-27 06:25,1200
2019-05-27 06:30,1204
2019-05-27 06:35,1210
2019-05-27 06:40,1211
2019-05-27 06:45,1201
2019-05-27 06:50,1202
2019-05-27 06:55,1212
2019-05-27 07:00,1201
2019-05-27 07:05,1183
2019-05-27 07:10,1174
2019-05-27 07:15,1182
2019-05-27 07:20,1189
2019-05-27 07:25,1181
2019-05-27 07:30,1181
2019-05-27 07:35,1180
2019-05-27 07:40,1181
2019-05-27 07:45,1180
2019-05-27 07:50,1171
2019-05-27 07:55,1186
2019-05-27 08:00,1197
2019-05-27 08:05,1185
2019-05-27 08:10,1195
2019-05-27 08:15,1205
2019-05-27 08:20,1200
2019-05-27 08:25,1198
2019-05-27 08:30,1190
2019-05-27 08:35,1218
2019-05-27 08:40,1221
2019-05-27 08:45,1241
2019-05-27 08:50,1249
2019-05-27 08:55,1234
2019-05-27 09:00,1230
2019-05-27 09:05,1240
2019-05-27 09:10,1261
2019-05-27 09:15,1254
2019-05-27 09:20,1258
2019-05-27 09:25,1293
2019-05-27 09:30,1314
2019-05-27 09:35,1325
2019-05-27 09:40,1319
2019-05-27 09:45,1310
2019-05-27 09:50,1328
2019-05-27 09:55,1346
2019-05-27 10:00,1355
2019-05-27 10:05,1372
2019-05-27 10:10,1393
2019-05-27 10:15,1427
2019-05-27 10:20,1442
2019-05-27 10:25,1449
2019-05-27 10:30,1465
2019-05-27 10:35,1476
2019-05-27 10:40,1501
2019-05-27 10:45,1530
2019-05-27 10:50,1559
2019-05-27 10:55,1571
2019-05-27 11:00,1567
2019-05-27 11:05,1576
2019-05-27 11:10,1594
2019-05-27 11:15,1589
2019-05-27 11:20,1607
2019-05-27 11:25,1602
2019-05-27 11:30,1602
2019-05-27 11:35,1606
2019-05-27 11:40,1608
2019-05-27 11:45,1610
2019-05-27 11:50,1624
2019-05-27 11:55,1655
2019-05-27 12:00,1668
2019-05-27 12:05,1671
2019-05-27 12:10,1691
2019-05-27 12:15,1690
2019-05-27 12:20,1700
2019-05-27 12:25,1707
2019-05-27 12:30,1723
2019-05-27 12:35,1733
2019-05-27 12:40,1743
2019-05-27 12:45,1754
2019-05-27 12:50,1773
2019-05-27 12:55,1774
2019-05-27 13:00,1798
2019-05-27 13:05,1803
2019-05-27 13:10,1829
2019-05-27 13:15,1855
2019-05-27 13:20,1876
2019-05-27 13:25,1885
2019-05-27 13:30,1905
2019-05-27 13:35,1922
2019-05-27 13:40,1935
2019-05-27 13:45,1956
2019-05-27 13:50,1962
2019-05-27 13:55,2006
2019-05-27 14:00,2020
2019-05-27 14:05,2028
2019-05-27 14:10,2041
2019-05-27 14:15,2068
2019-05-27 14:20,2072
2019-05-27 14:25,2082
2019-05-27 14:30,2093
2019-05-27 14:35,2098
2019-05-27 14:40,2134
2019-05-27 14:45,2129
2019-05-27 14:50,2145
2019-05-27 14:55,2149
2019-05-27 15:00,2166
2019-05-27 15:05,2201
2019-05-27 15:10,2221
2019-05-27 15:15,2233
2019-05-27 15:20,2233
2019-05-27 15:25,2252
2019-05-27 15:30,2261
2019-05-27 15:35,2308
2019-05-27 15:40,2322
2019-05-27 15:45,2337
2019-05-27 15:50,2340
2019-05-27 15:55,2323
2019-05-27 16:00,2360
2019-05-27 16:05,2375
2019-05-27 16:10,2394
2019-05-27 16:15,2412
2019-05-27 16:20,2414
2019-05-27 16:25,2436
2019-05-27 16:30,2456
2019-05-27 16:35,2469
2019-05-27 16:40,2468
2019-05-27 16:45,2502
2019-05-27 16:50,2514
2019-05-27 16:55,2514
2019-05-27 17:00,2537
2019-05-27 17:05,2544
2019-05-27 17:10,2547
2019-05-27 17:15,2555
2019-05-27 17:20,2554
2019-05-27 17:25,2569
2019-05-27 17:30,2598
2019-05-27 17:35,2613
2019-05-27 17:40,2611
2019-05-27 17:45,2637
2019-05-27 17:50,2640
2019-05-27 17:55,2680
2019-05-27 18:00,2704
2019-05-27 18:05,2703
2019-05-27 18:10,2709
2019-05-27 18:15,2698
2019-05-27 18:20,2711
2019-05-27 18:25,2686
2019-05-27 18:30,2709
2019-05-27 18:35,2705
2019-05-27 18:40,2712
2019-05-27 18:45,2717
2019-05-27 18:50,2734
2019-05-27 18:55,2735
2019-05-27 19:00,2756
2019-05-27 19:05,2772
2019-05-27 19:10,
2019-05-27 19:15,
2019-05-27 19:20,
2019-05-27 19:25,2752
2019-05-27 19:30,2764
2019-05-27 19:35,2750
2019-05-27 19:40,2728
2019-05-27 19:45,2729
2019-05-27 19:50,2713
2019-05-27 19:55,2701
2019-05-27 20:00,2669
2019-05-27 20:05,2643
2019-05-27 20:10,2628
2019-05-27 20:15,2605
2019-05-27 20:20,2601
2019-05-27 20:25,2555
2019-05-27 20:30,2550
2019-05-27 20:35,2551
2019-05-27 20:40,2551
2019-05-27 20:45,2513
2019-05-27 20:50,2485
2019-05-27 20:55,2485
2019-05-27 21:00,2493
2019-05-27 21:05,2461
2019-05-27 21:10,2446
2019-05-27 21:15,2423
2019-05-27 21:20,2397
2019-05-27 21:25,2367
2019-05-27 21:30,2345
2019-05-27 21:35,2317
2019-05-27 21:40,2301
2019-05-27 21:45,2277
2019-05-27 21:50,2236
2019-05-27 21:55,2203
2019-05-27 22:00,2196
2019-05-27 22:05,2141
2019-05-27 22:10,2116
2019-05-27 22:15,2127
2019-05-27 22:20,2094
2019-05-27 22:25,2088
2019-05-27 22:30,2089
2019-05-27 22:35,2087
2019-05-27 22:40,2054
2019-05-27 22:45,2021
2019-05-27 22:50,2024
2019-05-27 22:55,2010
2019-05-27 23:00,2007
2019-05-27 23:05,1994
2019-05-27 23:10,1977
2019-05-27 23:15,1967
2019-05-27 23:20,1952
2019-05-27 23:25,1945
2019-05-27 23:30,1908
2019-05-27 23:35,1899
2019-05-27 23:40,1899
2019-05-27 23:45,1866
2019-05-27 23:50,1840
2019-05-27 23:55,1838
2019-05-28 00:00,1811
2019-05-28 00:05,1811
2019-05-28 00:10,1815
2019-05-28 00:15,1799
2019-05-28 00:20,1809
2019-05-28 00:25,1799
2019-05-28 00:30,1774
2019-05-28 00:35,1767
2019-05-28 00:40,1755
2019-05-28 00:45,1762
2019-05-28 00:50,1762
2019-05-28 00:55,1747
2019-05-28 01:00,1729
2019-05-28 01:05,1721
2019-05-28 01:10,1718
2019-05-28 01:15,1700
2019-05-28 01:20,1708
2019-05-28 01:25,1692
2019-05-28 01:30,1697
2019-05-28 01:35,1698
2019-05-28 01:40,1696
2019-05-28 01:45,1675
2019-05-28 01:50,1663
2019-05-28 01:55,1659
2019-05-28 02:00,1648
2019-05-28 02:05,1637
2019-05-28 02:10,1615
2019-05-28 02:15,1599
2019-05-28 02:20,1568
2019-05-28 02:25,1565
2019-05-28 02:30,1564
2019-05-28 02:35,1539
2019-05-28 02:40,1513
2019-05-28 02:45,1505
2019-05-28 02:50,1495
2019-05-28 02:55,1508
2019-05-28 03:00,1496
2019-05-28 03:05,1458
2019-05-28 03:10,1444
2019-05-28 03:15,1427
2019-05-28 03:20,1426
2019-05-28 03:25,1422
2019-05-28 03:30,1393
2019-05-28 03:35,1378
2019-05-28 03:40,1366
2019-05-28 03:45,1356
2019-05-28 03:50,1354
2019-05-28 03:55,1347
2019-05-28 04:00,1330
2019-05-28 04:05,1317
2019-05-28 04:10,1307
2019-05-28 04:15,1284
2019-05-28 04:20,1268
2019-05-28 04:25,1270
2019-05-28 04:30,1260
2019-05-28 04:35,1257
2019-05-28 04:40,1245
2019-05-28 04:45,1231
2019-05-28 04:50,1216
2019-05-28 04:55,1203
2019-05-28 05:00,1186
2019-05-28 05:05,1179
2019-05-28 05:10,1165
2019-05-28 05:15,1157
2019-05-28 05:20,1150
2019-05-28 05:25,1145
2019-05-28 05:30,1149
2019-05-28 05:35,1133
2019-05-28 05:40,1126
2019-05-28 05:45,1118
2019-05-28 05:50,1111
2019-05-28 05:55,1102
2019-05-28 06:00,1099
2019-05-28 06:05,1097
2019-05-28 06:10,1084
2019-05-28 06:15,1075
2019-05-28 06:20,1071
2019-05-28 06:25,1068
2019-05-28 06:30,1059
2019-05-28 06:35,1034
2019-05-28 06:40,1047
2019-05-28 06:45,1043
2019-05-28 06:50,1043
2019-05-28 06:55,1053
2019-05-28 07:00,1047
2019-05-28 07:05,1049
2019-05-28 07:10,1051
2019-05-28 07:15,1038
2019-05-28 07:20,1051
2019-05-28 07:25,1051
2019-05-28 07:30,1068
2019-05-28 07:35,1077
2019-05-28 07:40,1079
2019-05-28 07:45,1082
2019-05-28 07:50,1088
2019-05-28 07:55,1090
2019-05-28 08:00,1102
2019-05-28 08:05,1110
2019-05-28 08:10,1106
2019-05-28 08:15,1109
2019-05-28 08:20,1090
2019-05-28 08:25,1117
2019-05-28 08:30,1124
2019-05-28 08:35,1118
2019-05-28 08:40,1131
2019-05-28 08:45,1134
2019-05-28 08:50,1130
2019-05-28 08:55,1135
2019-05-28 09:00,1138
2019-05-28 09:05,1158
2019-05-28 09:10,1162
2019-05-28 09:15,1189
2019-05-28 09:20,1195
2019-05-28 09:25,1207
2019-05-28 09:30,1204
2019-05-28 09:35,1217
2019-05-28 09:40,1214
2019-05-28 09:45,1237
2019-05-28 09:50,1244
2019-05-28 09:55,1249
2019-05-28 10:00,1271
2019-05-28 10:05,1319
2019-05-28 10:10,1335
2019-05-28 10:15,1359
2019-05-28 10:20,1371
2019-05-28 10:25,1372
2019-05-28 10:30,1393
2019-05-28 10:35,1405
2019-05-28 10:40,1438
2019-05-28 10:45,1455
2019-05-28 10:50,1461
2019-05-28 10:55,1482
2019-05-28 11:00,1478
2019-05-28 11:05,1486
2019-05-28 11:10,1508
2019-05-28 11:15,1530
2019-05-28 11:20,1536
2019-05-28 11:25,1518
2019-05-28 11:30,1522
2019-05-28 11:35,1514
2019-05-28 11:40,1521
2019-05-28 11:45,1529
2019-05-28 11:50,1528
2019-05-28 11:55,1530
2019-05-28 12:00,1534
2019-05-28 12:05,1537
2019-05-28 12:10,1536
2019-05-28 12:15,1534
2019-05-28 12:20,1562
2019-05-28 12:25,1549
2019-05-28 12:30,1558
2019-05-28 12:35,1572
2019-05-28 12:40,1554
2019-05-28 12:45,1568
2019-05-28 12:50,1580
2019-05-28 12:55,1586
2019-05-28 13:00,1588
2019-05-28 13:05,1596
2019-05-28 13:10,1620
2019-05-28 13:15,1645
2019-05-28 13:20,1649
2019-05-28 13:25,1658
2019-05-28 13:30,1659
2019-05-28 13:35,1669
2019-05-28 13:40,1676
2019-05-28 13:45,1692
2019-05-28 13:50,1695
2019-05-28 13:55,1723
2019-05-28 14:00,1716
2019-05-28 14:05,1719
2019-05-28 14:10,1695
2019-05-28 14:15,1693
2019-05-28 14:20,1721
2019-05-28 14:25,1733
2019-05-28 14:30,1773
2019-05-28 14:35,1781
2019-05-28 14:40,1801
2019-05-28 14:45,1786
2019-05-28 14:50,1798
2019-05-28 14:55,1812
2019-05-28 15:00,1828
2019-05-28 15:05,1851
2019-05-28 15:10,1883
2019-05-28 15:15,1884
2019-05-28 15:20,1923
2019-05-28 15:25,1944
2019-05-28 15:30,1960
2019-05-28 15:35,1975
2019-05-28 15:40,1975
2019-05-28 15:45,1989
2019-05-28 15:50,2001
2019-05-28 15:55,2034
2019-05-28 16:00,2060
2019-05-28 16:05,2071
2019-05-28 16:10,2079
2019-05-28 16:15,2116
2019-05-28 16:20,2117
2019-05-28 16:25,2135
2019-05-28 16:30,2146
2019-05-28 16:35,2159
2019-05-28 16:40,2159
2019-05-28 16:45,2199
2019-05-28 16:50,2207
2019-05-28 16:55,2228
2019-05-28 17:00,2223
2019-05-28 17:05,2233
2019-05-28 17:10,2235
2019-05-28 17:15,2249
2019-05-28 17:20,2273
2019-05-28 17:25,2270
2019-05-28 17:30,2280
2019-05-28 17:35,2271
2019-05-28 17:40,2277
2019-05-28 17:45,2306
2019-05-28 17:50,2332
2019-05-28 17:55,2340
2019-05-28 18:00,2363
2019-05-28 18:05,2381
2019-05-28 18:10,2396
2019-05-28 18:15,2415
2019-05-28 18:20,2425
2019-05-28 18:25,2391
2019-05-28 18:30,2409
2019-05-28 18:35,2416
2019-05-28 18:40,2417
2019-05-28 18:45,2439
2019-05-28 18:50,2438
2019-05-28 18:55,2436
2019-05-28 19:00,2438
2019-05-28 19:05,2428
2019-05-28 19:10,2408
2019-05-28 19:15,2434
2019-05-28 19:20,2427
2019-05-28 19:25,2408
2019-05-28 19:30,2408
2019-05-28 19:35,2404
2019-05-28 19:40,2409
2019-05-28 19:45,2420
2019-05-28 19:50,2396
2019-05-28 19:55,2381
2019-05-28 20:00,2377
2019-05-28 20:05,2351
2019-05-28 20:10,2333
2019-05-28 20:15,2325
2019-05-28 20:20,2309
2019-05-28 20:25,2300
2019-05-28 20:30,2284
2019-05-28 20:35,2273
2019-05-28 20:40,2256
2019-05-28 20:45,2254
2019-05-28 20:50,2231
2019-05-28 20:55,2233
2019-05-28 21:00,2215
2019-05-28 21:05,2202
2019-05-28 21:10,2178
2019-05-28 21:15,2150
2019-05-28 21:20,2140
2019-05-28 21:25,2094
2019-05-28 21:30,2057
2019-05-28 21:35,2031
2019-05-28 21:40,2006
2019-05-28 21:45,1956
2019-05-28 21:50,1944
2019-05-28 21:55,1932
2019-05-28 22:00,1900
2019-05-28 22:05,1846
2019-05-28 22:10,1818
2019-05-28 22:15,1813
2019-05-28 22:20,1790
2019-05-28 22:25,1782
2019-05-28 22:30,
2019-05-28 22:35,
2019-05-28 22:40,1353
2019-05-28 22:45,1673
2019-05-28 22:50,1725
2019-05-28 22:55,1716
2019-05-28 23:00,1696
2019-05-28 23:05,1693
2019-05-28 23:10,1660
2019-05-28 23:15,1650
2019-05-28 23:20,1654
2019-05-28 23:25,1632
2019-05-28 23:30,1646
2019-05-28 23:35,1633
2019-05-28 23:40,1619
2019-05-28 23:45,1599
2019-05-28 23:50,1594
2019-05-28 23:55,1582
2019-05-29 00:00,1582
2019-05-29 00:05,1562
2019-05-29 00:10,1555
2019-05-29 00:15,1552
2019-05-29 00:20,1540
2019-05-29 00:25,1529
2019-05-29 00:30,1528
2019-05-29 00:35,1537
2019-05-29 00:40,1554
2019-05-29 00:45,1567
2019-05-29 00:50,1564
2019-05-29 00:55,1541
2019-05-29 01:00,1546
2019-05-29 01:05,1540
2019-05-29 01:10,1522
2019-05-29 01:15,1523
2019-05-29 01:20,1511
2019-05-29 01:25,1491
2019-05-29 01:30,1482
2019-05-29 01:35,1484
2019-05-29 01:40,1465
2019-05-29 01:45,1462
2019-05-29 01:50,1452
2019-05-29 01:55,1453
2019-05-29 02:00,1462
2019-05-29 02:05,1451
2019-05-29 02:10,1455
2019-05-29 02:15,1441
2019-05-29 02:20,1440
2019-05-29 02:25,1407
2019-05-29 02:30,1401
2019-05-29 02:35,1381
2019-05-29 02:40,1389
2019-05-29 02:45,1380
2019-05-29 02:50,1367
2019-05-29 02:55,1352
2019-05-29 03:00,1349
2019-05-29 03:05,1319
2019-05-29 03:10,1316
2019-05-29 03:15,1297
2019-05-29 03:20,1292
2019-05-29 03:25,1293
2019-05-29 03:30,1294
2019-05-29 03:35,1292
2019-05-29 03:40,1284
2019-05-29 03:45,1279
2019-05-29 03:50,1274
2019-05-29 03:55,1279
2019-05-29 04:00,1268
2019-05-29 04:05,1256
2019-05-29 04:10,1240
2019-05-29 04:15,1217
2019-05-29 04:20,1194
2019-05-29 04:25,1201
2019-05-29 04:30,1205
2019-05-29 04:35,1186
2019-05-29 04:40,1177
2019-05-29 04:45,1162
2019-05-29 04:50,1159
2019-05-29 04:55,1150
2019-05-29 05:00,1153
2019-05-29 05:05,1139
2019-05-29 05:10,1126
2019-05-29 05:15,1120
2019-05-29 05:20,1118
2019-05-29 05:25,1115
2019-05-29 05:30,1097
2019-05-29 05:35,1100
2019-05-29 05:40,1100
2019-05-29 05:45,1113
2019-05-29 05:50,1103
2019-05-29 05:55,1084
2019-05-29 06:00,1081
2019-05-29 06:05,1066
2019-05-29 06:10,1070
2019-05-29 06:15,1056
2019-05-29 06:20,1060
2019-05-29 06:25,1073
2019-05-29 06:30,1044
2019-05-29 06:35,1055
2019-05-29 06:40,1079
2019-05-29 06:45,1072
2019-05-29 06:50,1067
2019-05-29 06:55,1065
2019-05-29 07:00,1064
2019-05-29 07:05,1062
2019-05-29 07:10,1051
2019-05-29 07:15,1043
2019-05-29 07:20,1043
2019-05-29 07:25,1034
2019-05-29 07:30,1031
2019-05-29 07:35,1026
2019-05-29 07:40,1031
2019-05-29 07:45,1049
2019-05-29 07:50,1051
2019-05-29 07:55,1050
2019-05-29 08:00,1047
2019-05-29 08:05,1040
2019-05-29 08:10,1048
2019-05-29 08:15,1053
2019-05-29 08:20,1051
2019-05-29 08:25,1057
2019-05-29 08:30,1059
2019-05-29 08:35,1045
2019-05-29 08:40,1066
2019-05-29 08:45,1066
2019-05-29 08:50,1064
2019-05-29 08:55,1094
2019-05-29 09:00,1102
2019-05-29 09:05,1111
2019-05-29 09:10,1116
2019-05-29 09:15,1136
2019-05-29 09:20,1127
2019-05-29 09:25,1139
2019-05-29 09:30,1153
2019-05-29 09:35,1164
2019-05-29 09:40,1172
2019-05-29 09:45,1184
2019-05-29 09:50,1188
2019-05-29 09:55,1199
2019-05-29 10:00,1229
2019-05-29 10:05,1245
2019-05-29 10:10,1266
2019-05-29 10:15,1281
2019-05-29 10:20,1305
2019-05-29 10:25,1324
2019-05-29 10:30,1338
2019-05-29 10:35,1344
2019-05-29 10:40,1338
2019-05-29 10:45,1340
2019-05-29 10:50,1338
2019-05-29 10:55,1362
2019-05-29 11:00,1361
2019-05-29 11:05,1353
2019-05-29 11:10,1349
2019-05-29 11:15,1364
2019-05-29 11:20,1388
2019-05-29 11:25,1380
2019-05-29 11:30,1361
2019-05-29 11:35,1352
2019-05-29 11:40,1330
2019-05-29 11:45,1313
2019-05-29 11:50,1293
2019-05-29 11:55,1226
2019-05-29 12:00,1121
2019-05-29 12:05,861
2019-05-29 12:10,582
2019-05-29 12:15,545
2019-05-29 12:20,531
2019-05-29 12:25,539
2019-05-29 12:30,523
2019-05-29 12:35,514
2019-05-29 12:40,502
2019-05-29 12:45,483
2019-05-29 12:50,486
2019-05-29 12:55,493
2019-05-29 13:00,494
2019-05-29 13:05,495
2019-05-29 13:10,490
2019-05-29 13:15,495
2019-05-29 13:20,487
2019-05-29 13:25,477
2019-05-29 13:30,477
2019-05-29 13:35,490
2019-05-29 13:40,486
2019-05-29 13:45,484
2019-05-29 13:50,473
2019-05-29 13:55,471
2019-05-29 14:00,473
2019-05-29 14:05,475
2019-05-29 14:10,485
2019-05-29 14:15,486
2019-05-29 14:20,494
2019-05-29 14:25,500
2019-05-29 14:30,495
2019-05-29 14:35,494
2019-05-29 14:40,512
2019-05-29 14:45,527
2019-05-29 14:50,515
2019-05-29 14:55,521
2019-05-29 15:00,530
2019-05-29 15:05,521
2019-05-29 15:10,508
2019-05-29 15:15,534
2019-05-29 15:20,561
2019-05-29 15:25,562
2019-05-29 15:30,558
2019-05-29 15:35,554
2019-05-29 15:40,573
2019-05-29 15:45,613
2019-05-29 15:50,645
2019-05-29 15:55,647
2019-05-29 16:00,657
2019-05-29 16:05,670
2019-05-29 16:10,699
2019-05-29 16:15,682
2019-05-29 16:20,691
2019-05-29 16:25,716
2019-05-29 16:30,728
2019-05-29 16:35,720
2019-05-29 16:40,837
2019-05-29 16:45,931
2019-05-29 16:50,1026
2019-05-29 16:55,1149
2019-05-29 17:00,1225
2019-05-29 17:05,1307
2019-05-29 17:10,1400
2019-05-29 17:15,1462
2019-05-29 17:20,1539
2019-05-29 17:25,1617
2019-05-29 17:30,1699
2019-05-29 17:35,1757
2019-05-29 17:40,1827
2019-05-29 17:45,1885
2019-05-29 17:50,1957
2019-05-29 17:55,2011
2019-05-29 18:00,2058
2019-05-29 18:05,2132
2019-05-29 18:10,2228
2019-05-29 18:15,2309
2019-05-29 18:20,2347
2019-05-29 18:25,2405
2019-05-29 18:30,2453
2019-05-29 18:35,2482
2019-05-29 18:40,2488
2019-05-29 18:45,2538
2019-05-29 18:50,2539
2019-05-29 18:55,2548
2019-05-29 19:00,2549
2019-05-29 19:05,2544
2019-05-29 19:10,2514
2019-05-29 19:15,2511
2019-05-29 19:20,2513
2019-05-29 19:25,2521
2019-05-29 19:30,2520
2019-05-29 19:35,2544
2019-05-29 19:40,2547
2019-05-29 19:45,2538
2019-05-29 19:50,2535
2019-05-29 19:55,2524
2019-05-29 20:00,2535
2019-05-29 20:05,2525
2019-05-29 20:10,2508
2019-05-29 20:15,2502
2019-05-29 20:20,2485
2019-05-29 20:25,2463
2019-05-29 20:30,2430
2019-05-29 20:35,2446
2019-05-29 20:40,2425
2019-05-29 20:45,2425
2019-05-29 20:50,2419
2019-05-29 20:55,2408
2019-05-29 21:00,2394
2019-05-29 21:05,2362
2019-05-29 21:10,2348
2019-05-29 21:15,2313
2019-05-29 21:20,2291
2019-05-29 21:25,2263
2019-05-29 21:30,2219
2019-05-29 21:35,2205
2019-05-29 21:40,2180
2019-05-29 21:45,2178
2019-05-29 21:50,2140
2019-05-29 21:55,2119
2019-05-29 22:00,2098
2019-05-29 22:05,2085
2019-05-29 22:10,2051
2019-05-29 22:15,2028
2019-05-29 22:20,2000
2019-05-29 22:25,1978
2019-05-29 22:30,1963
2019-05-29 22:35,1960
2019-05-29 22:40,1936
2019-05-29 22:45,1872
2019-05-29 22:50,1875
2019-05-29 22:55,1872
2019-05-29 23:00,1872
2019-05-29 23:05,1826
2019-05-29 23:10,1802
2019-05-29 23:15,1788
2019-05-29 23:20,1763
2019-05-29 23:25,1754
2019-05-29 23:30,1740
2019-05-29 23:35,1723
2019-05-29 23:40,1713
2019-05-29 23:45,1712
2019-05-29 23:50,1709
2019-05-29 23:55,1704
2019-05-30 00:00,1681
2019-05-30 00:05,1665
2019-05-30 00:10,1678
2019-05-30 00:15,1648
2019-05-30 00:20,1636
2019-05-30 00:25,1626
2019-05-30 00:30,1624
2019-05-30 00:35,1624
2019-05-30 00:40,1631
2019-05-30 00:45,1630
2019-05-30 00:50,1615
2019-05-30 00:55,1580
2019-05-30 01:00,1580
2019-05-30 01:05,1604
2019-05-30 01:10,1602
2019-05-30 01:15,1600
2019-05-30 01:20,1592
2019-05-30 01:25,1565
2019-05-30 01:30,1587
2019-05-30 01:35,1580
2019-05-30 01:40,1560
2019-05-30 01:45,1565
2019-05-30 01:50,1556
2019-05-30 01:55,1540
2019-05-30 02:00,1524
2019-05-30 02:05,1515
2019-05-30 02:10,1520
2019-05-30 02:15,1505
2019-05-30 02:20,1496
2019-05-30 02:25,1496
2019-05-30 02:30,1481
2019-05-30 02:35,1459
2019-05-30 02:40,1445
2019-05-30 02:45,1442
2019-05-30 02:50,1434
2019-05-30 02:55,1420
2019-05-30 03:00,1407
2019-05-30 03:05,1387
2019-05-30 03:10,1359
2019-05-30 03:15,1356
2019-05-30 03:20,1347
2019-05-30 03:25,1338
2019-05-30 03:30,1327
2019-05-30 03:35,1346
2019-05-30 03:40,1340
2019-05-30 03:45,1322
2019-05-30 03:50,1331
2019-05-30 03:55,1332
2019-05-30 04:00,1315
2019-05-30 04:05,1298
2019-05-30 04:10,1297
2019-05-30 04:15,1295
2019-05-30 04:20,1287
2019-05-30 04:25,1273
2019-05-30 04:30,1265
2019-05-30 04:35,1247
2019-05-30 04:40,1245
2019-05-30 04:45,1237
2019-05-30 04:50,1233
2019-05-30 04:55,1218
2019-05-30 05:00,1209
2019-05-30 05:05,1198
2019-05-30 05:10,1177
2019-05-30 05:15,1185
2019-05-30 05:20,1180
2019-05-30 05:25,1155
2019-05-30 05:30,1144
2019-05-30 05:35,1149
2019-05-30 05:40,1144
2019-05-30 05:45,1137
2019-05-30 05:50,1147
2019-05-30 05:55,1163
2019-05-30 06:00,1130
2019-05-30 06:05,1115
2019-05-30 06:10,1128
2019-05-30 06:15,1145
2019-05-30 06:20,1139
2019-05-30 06:25,1143
2019-05-30 06:30,1161
2019-05-30 06:35,1169
2019-05-30 06:40,1166
2019-05-30 06:45,1172
2019-05-30 06:50,1164
2019-05-30 06:55,1159
2019-05-30 07:00,1157
2019-05-30 07:05,1162
2019-05-30 07:10,1177
2019-05-30 07:15,1200
2019-05-30 07:20,1196
2019-05-30 07:25,1214
2019-05-30 07:30,1205
2019-05-30 07:35,1218
2019-05-30 07:40,1219
2019-05-30 07:45,1224
2019-05-30 07:50,1216
2019-05-30 07:55,1213
2019-05-30 08:00,1200
2019-05-30 08:05,1213
2019-05-30 08:10,1219
2019-05-30 08:15,1237
2019-05-30 08:20,1256
2019-05-30 08:25,1268
2019-05-30 08:30,1277
2019-05-30 08:35,1274
2019-05-30 08:40,1298
2019-05-30 08:45,1316
2019-05-30 08:50,1344
2019-05-30 08:55,1371
2019-05-30 09:00,1379
2019-05-30 09:05,1397
2019-05-30 09:10,1427
2019-05-30 09:15,1446
2019-05-30 09:20,1453
2019-05-30 09:25,1449
2019-05-30 09:30,1465
2019-05-30 09:35,1465
2019-05-30 09:40,1465
2019-05-30 09:45,1503
2019-05-30 09:50,1497
2019-05-30 09:55,1503
2019-05-30 10:00,1527
2019-05-30 10:05,1582
2019-05-30 10:10,1582
2019-05-30 10:15,1589
2019-05-30 10:20,1603
2019-05-30 10:25,1599
2019-05-30 10:30,1625
2019-05-30 10:35,1635
2019-05-30 10:40,1622
2019-05-30 10:45,1630
2019-05-30 10:50,1644
2019-05-30 10:55,1653
2019-05-30 11:00,1656
2019-05-30 11:05,1659
2019-05-30 11:10,1637
2019-05-30 11:15,1643
2019-05-30 11:20,1640
2019-05-30 11:25,1660
2019-05-30 11:30,1656
2019-05-30 11:35,1660
2019-05-30 11:40,1669
2019-05-30 11:45,1656
2019-05-30 11:50,1663
2019-05-30 11:55,1667
2019-05-30 12:00,1668
2019-05-30 12:05,1658
2019-05-30 12:10,1669
2019-05-30 12:15,1664
2019-05-30 12:20,1686
2019-05-30 12:25,1695
2019-05-30 12:30,1700
2019-05-30 12:35,1707
2019-05-30 12:40,1701
2019-05-30 12:45,1735
2019-05-30 12:50,1736
2019-05-30 12:55,1754
2019-05-30 13:00,1763
2019-05-30 13:05,1792
2019-05-30 13:10,1810
2019-05-30 13:15,1834
2019-05-30 13:20,1819
2019-05-30 13:25,1810
2019-05-30 13:30,1821
2019-05-30 13:35,1815
2019-05-30 13:40,1822
2019-05-30 13:45,1841
2019-05-30 13:50,1845
2019-05-30 13:55,1832
2019-05-30 14:00,1844
2019-05-30 14:05,1848
2019-05-30 14:10,1847
2019-05-30 14:15,1858
2019-05-30 14:20,1857
2019-05-30 14:25,1875
2019-05-30 14:30,1884
2019-05-30 14:35,1896
2019-05-30 14:40,1919
2019-05-30 14:45,1924
2019-05-30 14:50,1942
2019-05-30 14:55,1961
2019-05-30 15:00,1963
2019-05-30 15:05,1963
2019-05-30 15:10,1972
2019-05-30 15:15,1976
2019-05-30 15:20,1980
2019-05-30 15:25,2000
2019-05-30 15:30,2012
2019-05-30 15:35,2020
2019-05-30 15:40,2021
2019-05-30 15:45,2039
2019-05-30 15:50,2050
2019-05-30 15:55,2069
2019-05-30 16:00,2074
2019-05-30 16:05,2089
2019-05-30 16:10,2110
2019-05-30 16:15,2107
2019-05-30 16:20,2130
2019-05-30 16:25,2151
2019-05-30 16:30,2165
2019-05-30 16:35,2189
2019-05-30 16:40,2197
2019-05-30 16:45,2215
2019-05-30 16:50,2208
2019-05-30 16:55,2210
2019-05-30 17:00,2221
2019-05-30 17:05,2229
2019-05-30 17:10,2226
2019-05-30 17:15,2233
2019-05-30 17:20,2214
2019-05-30 17:25,2249
2019-05-30 17:30,2266
2019-05-30 17:35,2242
2019-05-30 17:40,2233
2019-05-30 17:45,2257
2019-05-30 17:50,2254
2019-05-30 17:55,2284
2019-05-30 18:00,2319
2019-05-30 18:05,2311
2019-05-30 18:10,2328
2019-05-30 18:15,2351
2019-05-30 18:20,2344
2019-05-30 18:25,2364
2019-05-30 18:30,2347
2019-05-30 18:35,2315
2019-05-30 18:40,2307
2019-05-30 18:45,2316
2019-05-30 18:50,2331
2019-05-30 18:55,2322
2019-05-30 19:00,2322
2019-05-30 19:05,2335
2019-05-30 19:10,2355
2019-05-30 19:15,2373
2019-05-30 19:20,2339
2019-05-30 19:25,2337
2019-05-30 19:30,2307
2019-05-30 19:35,2315
2019-05-30 19:40,2309
2019-05-30 19:45,2314
2019-05-30 19:50,2337
2019-05-30 19:55,2330
2019-05-30 20:00,2318
2019-05-30 20:05,2320
2019-05-30 20:10,2301
2019-05-30 20:15,2277
2019-05-30 20:20,2266
2019-05-30 20:25,2243
2019-05-30 20:30,2247
2019-05-30 20:35,2219
2019-05-30 20:40,2191
2019-05-30 20:45,2179
2019-05-30 20:50,2186
2019-05-30 20:55,2182
2019-05-30 21:00,2169
2019-05-30 21:05,2134
2019-05-30 21:10,2127
2019-05-30 21:15,2099
2019-05-30 21:20,2085
2019-05-30 21:25,2080
2019-05-30 21:30,1999
2019-05-30 21:35,2016
2019-05-30 21:40,1953
2019-05-30 21:45,1944
2019-05-30 21:50,1917
2019-05-30 21:55,1917
2019-05-30 22:00,1899
2019-05-30 22:05,1918
2019-05-30 22:10,1902
2019-05-30 22:15,1898
2019-05-30 22:20,1899
2019-05-30 22:25,1905
2019-05-30 22:30,1860
2019-05-30 22:35,1834
2019-05-30 22:40,1825
2019-05-30 22:45,1811
2019-05-30 22:50,1793
2019-05-30 22:55,1772
2019-05-30 23:00,1771
2019-05-30 23:05,1748
2019-05-30 23:10,1739
2019-05-30 23:15,1715
2019-05-30 23:20,1681
2019-05-30 23:25,1674
2019-05-30 23:30,1661
2019-05-30 23:35,1656
2019-05-30 23:40,1648
2019-05-30 23:45,1643
2019-05-30 23:50,1650
2019-05-30 23:55,1636
2019-05-31 00:00,1646
2019-05-31 00:05,1630
2019-05-31 00:10,1621
2019-05-31 00:15,1605
2019-05-31 00:20,1596
2019-05-31 00:25,1580
2019-05-31 00:30,1594
2019-05-31 00:35,1583
2019-05-31 00:40,1571
2019-05-31 00:45,1574
2019-05-31 00:50,1561
2019-05-31 00:55,1561
2019-05-31 01:00,1560
2019-05-31 01:05,1535
2019-05-31 01:10,1540
2019-05-31 01:15,1519
2019-05-31 01:20,1511
2019-05-31 01:25,1486
2019-05-31 01:30,1473
2019-05-31 01:35,1464
2019-05-31 01:40,1467
2019-05-31 01:45,1457
2019-05-31 01:50,1423
2019-05-31 01:55,1443
2019-05-31 02:00,1450
2019-05-31 02:05,1452
2019-05-31 02:10,1440
2019-05-31 02:15,1431
2019-05-31 02:20,1425
2019-05-31 02:25,1430
2019-05-31 02:30,1408
2019-05-31 02:35,1417
2019-05-31 02:40,1400
2019-05-31 02:45,1378
2019-05-31 02:50,1346
2019-05-31 02:55,1332
2019-05-31 03:00,1328
2019-05-31 03:05,1326
2019-05-31 03:10,1299
2019-05-31 03:15,1271
2019-05-31 03:20,1260
2019-05-31 03:25,1260
2019-05-31 03:30,1248
2019-05-31 03:35,1229
2019-05-31 03:40,1222
2019-05-31 03:45,1219
2019-05-31 03:50,1235
2019-05-31 03:55,1240
2019-05-31 04:00,1233
2019-05-31 04:05,1213
2019-05-31 04:10,1195
2019-05-31 04:15,1206
2019-05-31 04:20,1224
2019-05-31 04:25,1212
2019-05-31 04:30,1206
2019-05-31 04:35,1193
2019-05-31 04:40,1187
2019-05-31 04:45,1185
2019-05-31 04:50,1154
2019-05-31 04:55,1146
2019-05-31 05:00,1137
2019-05-31 05:05,1119
2019-05-31 05:10,1096
2019-05-31 05:15,1087
2019-05-31 05:20,1091
2019-05-31 05:25,1100
2019-05-31 05:30,1098
2019-05-31 05:35,1083
2019-05-31 05:40,1067
2019-05-31 05:45,1088
2019-05-31 05:50,1080
2019-05-31 05:55,1064
2019-05-31 06:00,1070
2019-05-31 06:05,1076
2019-05-31 06:10,1077
2019-05-31 06:15,1072
2019-05-31 06:20,1079
2019-05-31 06:25,1066
2019-05-31 06:30,1059
2019-05-31 06:35,1046
2019-05-31 06:40,1035
2019-05-31 06:45,1047
2019-05-31 06:50,1058
2019-05-31 06:55,1051
2019-05-31 07:00,1051
2019-05-31 07:05,1054
2019-05-31 07:10,1056
2019-05-31 07:15,1056
2019-05-31 07:20,1071
2019-05-31 07:25,1065
2019-05-31 07:30,1088
2019-05-31 07:35,1092
2019-05-31 07:40,1100
2019-05-31 07:45,1096
2019-05-31 07:50,1115
2019-05-31 07:55,1126
2019-05-31 08:00,1126
2019-05-31 08:05,1145
2019-05-31 08:10,1155
2019-05-31 08:15,1178
2019-05-31 08:20,1175
2019-05-31 08:25,1188
2019-05-31 08:30,1191
2019-05-31 08:35,1199
2019-05-31 08:40,1216
2019-05-31 08:45,1218
2019-05-31 08:50,1218
2019-05-31 08:55,1222
2019-05-31 09:00,1227
2019-05-31 09:05,1242
2019-05-31 09:10,1250
2019-05-31 09:15,1245
2019-05-31 09:20,1268
2019-05-31 09:25,1284
2019-05-31 09:30,1295
2019-05-31 09:35,1319
2019-05-31 09:40,1329
2019-05-31 09:45,1348
2019-05-31 09:50,1352
2019-05-31 09:55,1366
2019-05-31 10:00,1378
2019-05-31 10:05,1394
2019-05-31 10:10,1422
2019-05-31 10:15,1432
2019-05-31 10:20,1467
2019-05-31 10:25,1462
2019-05-31 10:30,1479
2019-05-31 10:35,1466
2019-05-31 10:40,1459
2019-05-31 10:45,1470
2019-05-31 10:50,1470
2019-05-31 10:55,1502
2019-05-31 11:00,1514
2019-05-31 11:05,1510
2019-05-31 11:10,1521
2019-05-31 11:15,1511
2019-05-31 11:20,1509
2019-05-31 11:25,1521
2019-05-31 11:30,1539
2019-05-31 11:35,1548
2019-05-31 11:40,1550
2019-05-31 11:45,1551
2019-05-31 11:50,1552
2019-05-31 11:55,1572
2019-05-31 12:00,1593
2019-05-31 12:05,1595
2019-05-31 12:10,1615
2019-05-31 12:15,1617
2019-05-31 12:20,1651
2019-05-31 12:25,1639
2019-05-31 12:30,1656
2019-05-31 12:35,1653
2019-05-31 12:40,1644
2019-05-31 12:45,1652
2019-05-31 12:50,1663
2019-05-31 12:55,1674
2019-05-31 13:00,1677
2019-05-31 13:05,1686
2019-05-31 13:10,1685
2019-05-31 13:15,1686
2019-05-31 13:20,1697
2019-05-31 13:25,1716
2019-05-31 13:30,1727
2019-05-31 13:35,1737
2019-05-31 13:40,1737
2019-05-31 13:45,1724
2019-05-31 13:50,1721
2019-05-31 13:55,1741
2019-05-31 14:00,1742
2019-05-31 14:05,1764
2019-05-31 14:10,
2019-05-31 14:15,1781
2019-05-31 14:20,1784
2019-05-31 14:25,1799
2019-05-31 14:30,1819
2019-05-31 14:35,1840
2019-05-31 14:40,1849
2019-05-31 14:45,1840
2019-05-31 14:50,1822
2019-05-31 14:55,1839
2019-05-31 15:00,1832
2019-05-31 15:05,1836
2019-05-31 15:10,1838
2019-05-31 15:15,1851
2019-05-31 15:20,1850
2019-05-31 15:25,1877
2019-05-31 15:30,1881
2019-05-31 15:35,1896
2019-05-31 15:40,1921
2019-05-31 15:45,1930
2019-05-31 15:50,1954
2019-05-31 15:55,1964
2019-05-31 16:00,1957
2019-05-31 16:05,1948
2019-05-31 16:10,1985
2019-05-31 16:15,2008
2019-05-31 16:20,2032
2019-05-31 16:25,2023
2019-05-31 16:30,2025
2019-05-31 16:35,2034
2019-05-31 16:40,2020
2019-05-31 16:45,2042
2019-05-31 16:50,2039
2019-05-31 16:55,2043
2019-05-31 17:00,2038
2019-05-31 17:05,2032
2019-05-31 17:10,2030
2019-05-31 17:15,2026
2019-05-31 17:20,2032
2019-05-31 17:25,2008
2019-05-31 17:30,2009
2019-05-31 17:35,2032
2019-05-31 17:40,2028
2019-05-31 17:45,2043
2019-05-31 17:50,2035
2019-05-31 17:55,2057
2019-05-31 18:00,2062
2019-05-31 18:05,2071
2019-05-31 18:10,2086
2019-05-31 18:15,2112
2019-05-31 18:20,2110
2019-05-31 18:25,2102
2019-05-31 18:30,2126
2019-05-31 18:35,2150
2019-05-31 18:40,2161
2019-05-31 18:45,2187
2019-05-31 18:50,2199
2019-05-31 18:55,2224
2019-05-31 19:00,2210
2019-05-31 19:05,2212
2019-05-31 19:10,2221
2019-05-31 19:15,2228
2019-05-31 19:20,2232
2019-05-31 19:25,2246
2019-05-31 19:30,2238
2019-05-31 19:35,2256
2019-05-31 19:40,2254
2019-05-31 19:45,2244
2019-05-31 19:50,2238
2019-05-31 19:55,2249
2019-05-31 20:00,2244
2019-05-31 20:05,2241
2019-05-31 20:10,2222
2019-05-31 20:15,2216
2019-05-31 20:20,2191
2019-05-31 20:25,2192
2019-05-31 20:30,2174
2019-05-31 20:35,2171
2019-05-31 20:40,2154
2019-05-31 20:45,2135
2019-05-31 20:50,2115
2019-05-31 20:55,2112
2019-05-31 21:00,2096
2019-05-31 21:05,2090
2019-05-31 21:10,2077
2019-05-31 21:15,2048
2019-05-31 21:20,2058
2019-05-31 21:25,1955
2019-05-31 21:30,2033
2019-05-31 21:35,2028
2019-05-31 21:40,2003
2019-05-31 21:45,1982
2019-05-31 21:50,1977
2019-05-31 21:55,1949
2019-05-31 22:00,1925
2019-05-31 22:05,1904
2019-05-31 22:10,1876
2019-05-31 22:15,1858
2019-05-31 22:20,1815
2019-05-31 22:25,1829
2019-05-31 22:30,1814
2019-05-31 22:35,1821
2019-05-31 22:40,1802
2019-05-31 22:45,1792
2019-05-31 22:50,1787
2019-05-31 22:55,1778
2019-05-31 23:00,1771
2019-05-31 23:05,1758
2019-05-31 23:10,1749
2019-05-31 23:15,1731
2019-05-31 23:20,1720
2019-05-31 23:25,1704
2019-05-31 23:30,1680
2019-05-31 23:35,1673
2019-05-31 23:40,1671
2019-05-31 23:45,1678
2019-05-31 23:50,1668
2019-05-31 23:55,1630
2019-06-01 00:00,1613
2019-06-01 00:05,1594
2019-06-01 00:10,1578
2019-06-01 00:15,1578
2019-06-01 00:20,1551
2019-06-01 00:25,1549
2019-06-01 00:30,1571
2019-06-01 00:35,1562
2019-06-01 00:40,1562
2019-06-01 00:45,
2019-06-01 00:50,
2019-06-01 00:55,
2019-06-01 01:00,
2019-06-01 01:05,
2019-06-01 01:10,1556
2019-06-01 01:15,1544
2019-06-01 01:20,1515
2019-06-01 01:25,1526
2019-06-01 01:30,1522
2019-06-01 01:35,1529
2019-06-01 01:40,1540
2019-06-01 01:45,1530
2019-06-01 01:50,1539
2019-06-01 01:55,
2019-06-01 02:00,
2019-06-01 02:05,
2019-06-01 02:10,1521
2019-06-01 02:15,1534
2019-06-01 02:20,1527
2019-06-01 02:25,1520
2019-06-01 02:30,1499
2019-06-01 02:35,1494
2019-06-01 02:40,1502
2019-06-01 02:45,
2019-06-01 02:50,
2019-06-01 02:55,
2019-06-01 03:00,
2019-06-01 03:05,
2019-06-01 03:10,1470
2019-06-01 03:15,1473
2019-06-01 03:20,1477
2019-06-01 03:25,1466
2019-06-01 03:30,1454
2019-06-01 03:35,1442
2019-06-01 03:40,1446
2019-06-01 03:45,1434
2019-06-01 03:50,1419
2019-06-01 03:55,1426
2019-06-01 04:00,1418
2019-06-01 04:05,1396
2019-06-01 04:10,1408
2019-06-01 04:15,1407
2019-06-01 04:20,1421
2019-06-01 04:25,1437
2019-06-01 04:30,1424
2019-06-01 04:35,1416
2019-06-01 04:40,1405
2019-06-01 04:45,1406
2019-06-01 04:50,1395
2019-06-01 04:55,1378
2019-06-01 05:00,1393
2019-06-01 05:05,1379
2019-06-01 05:10,1363
2019-06-01 05:15,1336
2019-06-01 05:20,1331
2019-06-01 05:25,1335
2019-06-01 05:30,1322
2019-06-01 05:35,1315
2019-06-01 05:40,1299
2019-06-01 05:45,1292
2019-06-01 05:50,1291
2019-06-01 05:55,1290
2019-06-01 06:00,1283
2019-06-01 06:05,1287
2019-06-01 06:10,1270
2019-06-01 06:15,1280
2019-06-01 06:20,1266
2019-06-01 06:25,1267
2019-06-01 06:30,1243
2019-06-01 06:35,1251
2019-06-01 06:40,1257
2019-06-01 06:45,1265
2019-06-01 06:50,1273
2019-06-01 06:55,1266
2019-06-01 07:00,1288
2019-06-01 07:05,1290
2019-06-01 07:10,1294
2019-06-01 07:15,1304
2019-06-01 07:20,1308
2019-06-01 07:25,1327
2019-06-01 07:30,1342
2019-06-01 07:35,1341
2019-06-01 07:40,1360
2019-06-01 07:45,1359
2019-06-01 07:50,1382
2019-06-01 07:55,1353
2019-06-01 08:00,1368
2019-06-01 08:05,1393
2019-06-01 08:10,1405
2019-06-01 08:15,1407
2019-06-01 08:20,1414
2019-06-01 08:25,1408
2019-06-01 08:30,1407
2019-06-01 08:35,1409
2019-06-01 08:40,1407
2019-06-01 08:45,1434
2019-06-01 08:50,1448
2019-06-01 08:55,1457
2019-06-01 09:00,1447
2019-06-01 09:05,1439
2019-06-01 09:10,1437
2019-06-01 09:15,1448
2019-06-01 09:20,1457
2019-06-01 09:25,1460
2019-06-01 09:30,1480
2019-06-01 09:35,1498
2019-06-01 09:40,1500
2019-06-01 09:45,1500
2019-06-01 09:50,1497
2019-06-01 09:55,1514
2019-06-01 10:00,1547
2019-06-01 10:05,1581
2019-06-01 10:10,1606
2019-06-01 10:15,1620
2019-06-01 10:20,1626
2019-06-01 10:25,1661
2019-06-01 10:30,1667
2019-06-01 10:35,1687
2019-06-01 10:40,1688
2019-06-01 10:45,1704
2019-06-01 10:50,1705
2019-06-01 10:55,1707
2019-06-01 11:00,1728
2019-06-01 11:05,1741
2019-06-01 11:10,1735
2019-06-01 11:15,1743
2019-06-01 11:20,1757
2019-06-01 11:25,1747
2019-06-01 11:30,1754
2019-06-01 11:35,1794
2019-06-01 11:40,1802
2019-06-01 11:45,1810
2019-06-01 11:50,1818
2019-06-01 11:55,1805
2019-06-01 12:00,1793
2019-06-01 12:05,1802
2019-06-01 12:10,1816
2019-06-01 12:15,1837
2019-06-01 12:20,1863
2019-06-01 12:25,1870
2019-06-01 12:30,1875
2019-06-01 12:35,1898
2019-06-01 12:40,1917
2019-06-01 12:45,1930
2019-06-01 12:50,1957
2019-06-01 12:55,1981
2019-06-01 13:00,1974
2019-06-01 13:05,1974
2019-06-01 13:10,1998
2019-06-01 13:15,2007
2019-06-01 13:20,2038
2019-06-01 13:25,2028
2019-06-01 13:30,2018
2019-06-01 13:35,2025
2019-06-01 13:40,2025
2019-06-01 13:45,2029
2019-06-01 13:50,2028
2019-06-01 13:55,2049
2019-06-01 14:00,2059
2019-06-01 14:05,2068
2019-06-01 14:10,2075
2019-06-01 14:15,2077
2019-06-01 14:20,2108
2019-06-01 14:25,2102
2019-06-01 14:30,2121
2019-06-01 14:35,2110
2019-06-01 14:40,2137
2019-06-01 14:45,2162
2019-06-01 14:50,2181
2019-06-01 14:55,2173
2019-06-01 15:00,2149
2019-06-01 15:05,2172
2019-06-01 15:10,2169
2019-06-01 15:15,2183
2019-06-01 15:20,2178
2019-06-01 15:25,2163
2019-06-01 15:30,2162
2019-06-01 15:35,2178
2019-06-01 15:40,2201
2019-06-01 15:45,2190
2019-06-01 15:50,2191
2019-06-01 15:55,2219
2019-06-01 16:00,2207
2019-06-01 16:05,2212
2019-06-01 16:10,2200
2019-06-01 16:15,2195
2019-06-01 16:20,2197
2019-06-01 16:25,2225
2019-06-01 16:30,2228
2019-06-01 16:35,2248
2019-06-01 16:40,2262
2019-06-01 16:45,2282
2019-06-01 16:50,2301
2019-06-01 16:55,2319
2019-06-01 17:00,2328
2019-06-01 17:05,2329
2019-06-01 17:10,2345
2019-06-01 17:15,2355
2019-06-01 17:20,2379
2019-06-01 17:25,2369
2019-06-01 17:30,2379
2019-06-01 17:35,2383
2019-06-01 17:40,2389
2019-06-01 17:45,2388
2019-06-01 17:50,2393
2019-06-01 17:55,2410
2019-06-01 18:00,2409
2019-06-01 18:05,2425
2019-06-01 18:10,2425
2019-06-01 18:15,2429
2019-06-01 18:20,2410
2019-06-01 18:25,2400
2019-06-01 18:30,2408
2019-06-01 18:35,2433
2019-06-01 18:40,2410
2019-06-01 18:45,2409
2019-06-01 18:50,2420
2019-06-01 18:55,2433
2019-06-01 19:00,2427
2019-06-01 19:05,2419
2019-06-01 19:10,2409
2019-06-01 19:15,2399
2019-06-01 19:20,2401
2019-06-01 19:25,2405
2019-06-01 19:30,2409
2019-06-01 19:35,2404
2019-06-01 19:40,2390
2019-06-01 19:45,2410
2019-06-01 19:50,2412
2019-06-01 19:55,2416
2019-06-01 20:00,2437
2019-06-01 20:05,2420
2019-06-01 20:10,2397
2019-06-01 20:15,2390
2019-06-01 20:20,2382
2019-06-01 20:25,2385
2019-06-01 20:30,2379
2019-06-01 20:35,2359
2019-06-01 20:40,2369
2019-06-01 20:45,2369
2019-06-01 20:50,2353
2019-06-01 20:55,2317
2019-06-01 21:00,2298
2019-06-01 21:05,2294
2019-06-01 21:10,2294
2019-06-01 21:15,2304
2019-06-01 21:20,2308
2019-06-01 21:25,2316
2019-06-01 21:30,
2019-06-01 21:35,
2019-06-01 21:40,
2019-06-01 21:45,
2019-06-01 21:50,2212
2019-06-01 21:55,2174
2019-06-01 22:00,2128
2019-06-01 22:05,2110
2019-06-01 22:10,2091
2019-06-01 22:15,2072
2019-06-01 22:20,2063
2019-06-01 22:25,2048
2019-06-01 22:30,2036
2019-06-01 22:35,1986
2019-06-01 22:40,1955
2019-06-01 22:45,1949
2019-06-01 22:50,1937
2019-06-01 22:55,1942
2019-06-01 23:00,1919
2019-06-01 23:05,1910
2019-06-01 23:10,1893
2019-06-01 23:15,1867
2019-06-01 23:20,1874
2019-06-01 23:25,1866
2019-06-01 23:30,1863
2019-06-01 23:35,1853
2019-06-01 23:40,1817
2019-06-01 23:45,1815
2019-06-01 23:50,1809
2019-06-01 23:55,1813
2019-06-02 00:00,1792
2019-06-02 00:05,1766
2019-06-02 00:10,1760
2019-06-02 00:15,1753
2019-06-02 00:20,1745
2019-06-02 00:25,1730
2019-06-02 00:30,1732
2019-06-02 00:35,1732
2019-06-02 00:40,1739
2019-06-02 00:45,1715
2019-06-02 00:50,1702
2019-06-02 00:55,1710
2019-06-02 01:00,1702
2019-06-02 01:05,1696
2019-06-02 01:10,1713
2019-06-02 01:15,1692
2019-06-02 01:20,1679
2019-06-02 01:25,1671
2019-06-02 01:30,1657
2019-06-02 01:35,1653
2019-06-02 01:40,1638
2019-06-02 01:45,1634
2019-06-02 01:50,1642
2019-06-02 01:55,1644
2019-06-02 02:00,1641
2019-06-02 02:05,1627
2019-06-02 02:10,1617
2019-06-02 02:15,1605
2019-06-02 02:20,1627
2019-06-02 02:25,1627
2019-06-02 02:30,1630
2019-06-02 02:35,1627
2019-06-02 02:40,1605
2019-06-02 02:45,1601
2019-06-02 02:50,1597
2019-06-02 02:55,1593
2019-06-02 03:00,1598
2019-06-02 03:05,1569
2019-06-02 03:10,1573
2019-06-02 03:15,1591
2019-06-02 03:20,1578
2019-06-02 03:25,1553
2019-06-02 03:30,1538
2019-06-02 03:35,1531
2019-06-02 03:40,1520
2019-06-02 03:45,1507
2019-06-02 03:50,1496
2019-06-02 03:55,1489
2019-06-02 04:00,1493
2019-06-02 04:05,1501
2019-06-02 04:10,1518
2019-06-02 04:15,1497
2019-06-02 04:20,1466
2019-06-02 04:25,1458
2019-06-02 04:30,1460
2019-06-02 04:35,1426
2019-06-02 04:40,1437
2019-06-02 04:45,1445
2019-06-02 04:50,1444
2019-06-02 04:55,1440
2019-06-02 05:00,1441
2019-06-02 05:05,1429
2019-06-02 05:10,1406
2019-06-02 05:15,1393
2019-06-02 05:20,1376
2019-06-02 05:25,1369
2019-06-02 05:30,1368
2019-06-02 05:35,1374
2019-06-02 05:40,1335
2019-06-02 05:45,1335
2019-06-02 05:50,1327
2019-06-02 05:55,1325
2019-06-02 06:00,1318
2019-06-02 06:05,1330
2019-06-02 06:10,1328
2019-06-02 06:15,1331
2019-06-02 06:20,1328
2019-06-02 06:25,1318
2019-06-02 06:30,1335
2019-06-02 06:35,1340
2019-06-02 06:40,1332
2019-06-02 06:45,1332
2019-06-02 06:50,1339
2019-06-02 06:55,1334
2019-06-02 07:00,1365
2019-06-02 07:05,1378
2019-06-02 07:10,1384
2019-06-02 07:15,1384
2019-06-02 07:20,1398
2019-06-02 07:25,1408
2019-06-02 07:30,1407
2019-06-02 07:35,1407
2019-06-02 07:40,1415
2019-06-02 07:45,1444
2019-06-02 07:50,1437
2019-06-02 07:55,1474
2019-06-02 08:00,1497
2019-06-02 08:05,1514
2019-06-02 08:10,1502
2019-06-02 08:15,1506
2019-06-02 08:20,1509
2019-06-02 08:25,1501
2019-06-02 08:30,1522
2019-06-02 08:35,1538
2019-06-02 08:40,1544
2019-06-02 08:45,1557
2019-06-02 08:50,1591
2019-06-02 08:55,1614
2019-06-02 09:00,1609
2019-06-02 09:05,1618
2019-06-02 09:10,1650
2019-06-02 09:15,1657
2019-06-02 09:20,1669
2019-06-02 09:25,1677
2019-06-02 09:30,1687
2019-06-02 09:35,1687
2019-06-02 09:40,1700
2019-06-02 09:45,1730
2019-06-02 09:50,1744
2019-06-02 09:55,1752
2019-06-02 10:00,1775
2019-06-02 10:05,1811
2019-06-02 10:10,1830
2019-06-02 10:15,1838
2019-06-02 10:20,1867
2019-06-02 10:25,1889
2019-06-02 10:30,1908
2019-06-02 10:35,1938
2019-06-02 10:40,1940
2019-06-02 10:45,1960
2019-06-02 10:50,1977
2019-06-02 10:55,1968
2019-06-02 11:00,1970
2019-06-02 11:05,1981
2019-06-02 11:10,1989
2019-06-02 11:15,1980
2019-06-02 11:20,1957
2019-06-02 11:25,1969
2019-06-02 11:30,1981
2019-06-02 11:35,1991
2019-06-02 11:40,2019
2019-06-02 11:45,2024
2019-06-02 11:50,2038
2019-06-02 11:55,2054
2019-06-02 12:00,2050
2019-06-02 12:05,2055
2019-06-02 12:10,2057
2019-06-02 12:15,2067
2019-06-02 12:20,2096
2019-06-02 12:25,2104
2019-06-02 12:30,2087
2019-06-02 12:35,2085
2019-06-02 12:40,2097
2019-06-02 12:45,2092
2019-06-02 12:50,2088
2019-06-02 12:55,2104
2019-06-02 13:00,2105
2019-06-02 13:05,2128
2019-06-02 13:10,2139
2019-06-02 13:15,2154
2019-06-02 13:20,2170
2019-06-02 13:25,2195
2019-06-02 13:30,2200
2019-06-02 13:35,2208
2019-06-02 13:40,2210
2019-06-02 13:45,2226
2019-06-02 13:50,2246
2019-06-02 13:55,2269
2019-06-02 14:00,2267
2019-06-02 14:05,2266
2019-06-02 14:10,2265
2019-06-02 14:15,2288
2019-06-02 14:20,2288
2019-06-02 14:25,2302
2019-06-02 14:30,2311
2019-06-02 14:35,2326
2019-06-02 14:40,2323
2019-06-02 14:45,2341
2019-06-02 14:50,2340
2019-06-02 14:55,2356
2019-06-02 15:00,2373
2019-06-02 15:05,2386
2019-06-02 15:10,2382
2019-06-02 15:15,2396
2019-06-02 15:20,2412
2019-06-02 15:25,2427
2019-06-02 15:30,2429
2019-06-02 15:35,2432
2019-06-02 15:40,2448
2019-06-02 15:45,2464
2019-06-02 15:50,2480
2019-06-02 15:55,2465
2019-06-02 16:00,2482
2019-06-02 16:05,2477
2019-06-02 16:10,2467
2019-06-02 16:15,2469
2019-06-02 16:20,2449
2019-06-02 16:25,2457
2019-06-02 16:30,
2019-06-02 16:35,
2019-06-02 16:40,
2019-06-02 16:45,
2019-06-02 16:50,
2019-06-02 16:55,2527
2019-06-02 17:00,2519
2019-06-02 17:05,2521
2019-06-02 17:10,2538
2019-06-02 17:15,2570
2019-06-02 17:20,2566
2019-06-02 17:25,2584
2019-06-02 17:30,2614
2019-06-02 17:35,2620
2019-06-02 17:40,2593
2019-06-02 17:45,2588
2019-06-02 17:50,2600
2019-06-02 17:55,2596
2019-06-02 18:00,2594
2019-06-02 18:05,2597
2019-06-02 18:10,2607
2019-06-02 18:15,2600
2019-06-02 18:20,2617
2019-06-02 18:25,2600
2019-06-02 18:30,2596
2019-06-02 18:35,2626
2019-06-02 18:40,2629
2019-06-02 18:45,2637
2019-06-02 18:50,2663
2019-06-02 18:55,2656
2019-06-02 19:00,2654
2019-06-02 19:05,2640
2019-06-02 19:10,2611
2019-06-02 19:15,2613
2019-06-02 19:20,2622
2019-06-02 19:25,2617
2019-06-02 19:30,2611
2019-06-02 19:35,2609
2019-06-02 19:40,2601
2019-06-02 19:45,2572
2019-06-02 19:50,2574
2019-06-02 19:55,2577
2019-06-02 20:00,2575
2019-06-02 20:05,2564
2019-06-02 20:10,
2019-06-02 20:15,
2019-06-02 20:20,2510
2019-06-02 20:25,2498
2019-06-02 20:30,2474
2019-06-02 20:35,2461
2019-06-02 20:40,2430
2019-06-02 20:45,2401
2019-06-02 20:50,2372
2019-06-02 20:55,2363
2019-06-02 21:00,2327
2019-06-02 21:05,2292
2019-06-02 21:10,2281
2019-06-02 21:15,2219
2019-06-02 21:20,2209
2019-06-02 21:25,2216
2019-06-02 21:30,2193
2019-06-02 21:35,2185
2019-06-02 21:40,2169
2019-06-02 21:45,2161
2019-06-02 21:50,2138
2019-06-02 21:55,2119
2019-06-02 22:00,2098
2019-06-02 22:05,2062
2019-06-02 22:10,2022
2019-06-02 22:15,2001
2019-06-02 22:20,1972
2019-06-02 22:25,1943
2019-06-02 22:30,1918
2019-06-02 22:35,1927
2019-06-02 22:40,1907
2019-06-02 22:45,1896
2019-06-02 22:50,1878
2019-06-02 22:55,1869
2019-06-02 23:00,1864
2019-06-02 23:05,1855
2019-06-02 23:10,1838
2019-06-02 23:15,1817
2019-06-02 23:20,1821
2019-06-02 23:25,1797
2019-06-02 23:30,1806
2019-06-02 23:35,1793
2019-06-02 23:40,1783
2019-06-02 23:45,1759
2019-06-02 23:50,1745
2019-06-02 23:55,1728
2019-06-03 00:00,1711
2019-06-03 00:05,1694
2019-06-03 00:10,1681
2019-06-03 00:15,1690
2019-06-03 00:20,1678
2019-06-03 00:25,1687
2019-06-03 00:30,1678
2019-06-03 00:35,1671
2019-06-03 00:40,1649
2019-06-03 00:45,1621
2019-06-03 00:50,1616
2019-06-03 00:55,1601
2019-06-03 01:00,1623
2019-06-03 01:05,1619
2019-06-03 01:10,1588
2019-06-03 01:15,1586
2019-06-03 01:20,1555
2019-06-03 01:25,1553
2019-06-03 01:30,1551
2019-06-03 01:35,1547
2019-06-03 01:40,1538
2019-06-03 01:45,1543
2019-06-03 01:50,1535
2019-06-03 01:55,1520
2019-06-03 02:00,1513
2019-06-03 02:05,1505
2019-06-03 02:10,1489
2019-06-03 02:15,1468
2019-06-03 02:20,1475
2019-06-03 02:25,1464
2019-06-03 02:30,1470
2019-06-03 02:35,1464
2019-06-03 02:40,1449
2019-06-03 02:45,1430
2019-06-03 02:50,1400
2019-06-03 02:55,1410
2019-06-03 03:00,1383
2019-06-03 03:05,1376
2019-06-03 03:10,1362
2019-06-03 03:15,1346
2019-06-03 03:20,1345
2019-06-03 03:25,1344
2019-06-03 03:30,1325
2019-06-03 03:35,1327
2019-06-03 03:40,1311
2019-06-03 03:45,1312
2019-06-03 03:50,1287
2019-06-03 03:55,1270
2019-06-03 04:00,1251
2019-06-03 04:05,1238
2019-06-03 04:10,1212
2019-06-03 04:15,1204
2019-06-03 04:20,1197
2019-06-03 04:25,1181
2019-06-03 04:30,1167
2019-06-03 04:35,1153
2019-06-03 04:40,1137
2019-06-03 04:45,1139
2019-06-03 04:50,1108
2019-06-03 04:55,1082
2019-06-03 05:00,
2019-06-03 05:05,1086
2019-06-03 05:10,1073
2019-06-03 05:15,1087
2019-06-03 05:20,1063
2019-06-03 05:25,1067
2019-06-03 05:30,1077
2019-06-03 05:35,1075
2019-06-03 05:40,1060
2019-06-03 05:45,1057
2019-06-03 05:50,1043
2019-06-03 05:55,1027
2019-06-03 06:00,1053
2019-06-03 06:05,1050
2019-06-03 06:10,1048
2019-06-03 06:15,
2019-06-03 06:20,1049
2019-06-03 06:25,1041
2019-06-03 06:30,1041
2019-06-03 06:35,1043
2019-06-03 06:40,1041
2019-06-03 06:45,1035
2019-06-03 06:50,1019
2019-06-03 06:55,1012
2019-06-03 07:00,1023
2019-06-03 07:05,1006
2019-06-03 07:10,1019
2019-06-03 07:15,1051
2019-06-03 07:20,1047
2019-06-03 07:25,1056
2019-06-03 07:30,1068
2019-06-03 07:35,1070
2019-06-03 07:40,1058
2019-06-03 07:45,1058
2019-06-03 07:50,1069
2019-06-03 07:55,1077
2019-06-03 08:00,1081
2019-06-03 08:05,1066
2019-06-03 08:10,1066
2019-06-03 08:15,1068
2019-06-03 08:20,1067
2019-06-03 08:25,1084
2019-06-03 08:30,1093
2019-06-03 08:35,1086
2019-06-03 08:40,1116
2019-06-03 08:45,1131
2019-06-03 08:50,1132
2019-06-03 08:55,1135
2019-06-03 09:00,1146
2019-06-03 09:05,1151
2019-06-03 09:10,1172
2019-06-03 09:15,1173
2019-06-03 09:20,1167
2019-06-03 09:25,1182
2019-06-03 09:30,1183
2019-06-03 09:35,1184
2019-06-03 09:40,1209
2019-06-03 09:45,1200
2019-06-03 09:50,1214
2019-06-03 09:55,1222
2019-06-03 10:00,1234
2019-06-03 10:05,1263
2019-06-03 10:10,1302
2019-06-03 10:15,1330
2019-06-03 10:20,1337
2019-06-03 10:25,1349
2019-06-03 10:30,1356
2019-06-03 10:35,1382
2019-06-03 10:40,1405
2019-06-03 10:45,1421
2019-06-03 10:50,1409
2019-06-03 10:55,1426
2019-06-03 11:00,1440
2019-06-03 11:05,1446
2019-06-03 11:10,1465
2019-06-03 11:15,1465
2019-06-03 11:20,1474
2019-06-03 11:25,1464
2019-06-03 11:30,1451
2019-06-03 11:35,1462
2019-06-03 11:40,1484
2019-06-03 11:45,1473
2019-06-03 11:50,1468
2019-06-03 11:55,1449
2019-06-03 12:00,1430
2019-06-03 12:05,1453
2019-06-03 12:10,1471
2019-06-03 12:15,1460
2019-06-03 12:20,1460
2019-06-03 12:25,1481
2019-06-03 12:30,1470
2019-06-03 12:35,1492
2019-06-03 12:40,1508
2019-06-03 12:45,1517
2019-06-03 12:50,1533
2019-06-03 12:55,1557
2019-06-03 13:00,1553
2019-06-03 13:05,1552
2019-06-03 13:10,1550
2019-06-03 13:15,1572
2019-06-03 13:20,1565
2019-06-03 13:25,1576
2019-06-03 13:30,1601
2019-06-03 13:35,1589
2019-06-03 13:40,1595
2019-06-03 13:45,1621
2019-06-03 13:50,1625
2019-06-03 13:55,1623
2019-06-03 14:00,1652
2019-06-03 14:05,1677
2019-06-03 14:10,1681
2019-06-03 14:15,1683
2019-06-03 14:20,1694
2019-06-03 14:25,1712
2019-06-03 14:30,1709
2019-06-03 14:35,1721
2019-06-03 14:40,1728
2019-06-03 14:45,1735
2019-06-03 14:50,1755
2019-06-03 14:55,1780
2019-06-03 15:00,1791
2019-06-03 15:05,1790
2019-06-03 15:10,
2019-06-03 15:15,
2019-06-03 15:20,
2019-06-03 15:25,1830
2019-06-03 15:30,1845
2019-06-03 15:35,1869
2019-06-03 15:40,1887
2019-06-03 15:45,1901
2019-06-03 15:50,1902
2019-06-03 15:55,1907
2019-06-03 16:00,1917
2019-06-03 16:05,1927
2019-06-03 16:10,1940
2019-06-03 16:15,1948
2019-06-03 16:20,1989
2019-06-03 16:25,1991
2019-06-03 16:30,1999
2019-06-03 16:35,2022
2019-06-03 16:40,2044
2019-06-03 16:45,2071
2019-06-03 16:50,2099
2019-06-03 16:55,2112
2019-06-03 17:00,
2019-06-03 17:05,
2019-06-03 17:10,
2019-06-03 17:15,2128
2019-06-03 17:20,2140
2019-06-03 17:25,2155
2019-06-03 17:30,2148
2019-06-03 17:35,2152
2019-06-03 17:40,2165
2019-06-03 17:45,2165
2019-06-03 17:50,2184
2019-06-03 17:55,2204
2019-06-03 18:00,2227
2019-06-03 18:05,2201
2019-06-03 18:10,2213
2019-06-03 18:15,2227
2019-06-03 18:20,2246
2019-06-03 18:25,2261
2019-06-03 18:30,2257
2019-06-03 18:35,2277
2019-06-03 18:40,2275
2019-06-03 18:45,2285
2019-06-03 18:50,2292
2019-06-03 18:55,2293
2019-06-03 19:00,2305
2019-06-03 19:05,2316
2019-06-03 19:10,2315
2019-06-03 19:15,2310
2019-06-03 19:20,2298
2019-06-03 19:25,2297
2019-06-03 19:30,2295
2019-06-03 19:35,2282
2019-06-03 19:40,2275
2019-06-03 19:45,2241
2019-06-03 19:50,2259
2019-06-03 19:55,2243
2019-06-03 20:00,2244
2019-06-03 20:05,2248
2019-06-03 20:10,2256
2019-06-03 20:15,2246
2019-06-03 20:20,2245
2019-06-03 20:25,2227
2019-06-03 20:30,2196
2019-06-03 20:35,2175
2019-06-03 20:40,2176
2019-06-03 20:45,2146
2019-06-03 20:50,2157
2019-06-03 20:55,2142
2019-06-03 21:00,2126
2019-06-03 21:05,2086
2019-06-03 21:10,2035
2019-06-03 21:15,1985
2019-06-03 21:20,1973
2019-06-03 21:25,1975
2019-06-03 21:30,1964
2019-06-03 21:35,1942
2019-06-03 21:40,1925
2019-06-03 21:45,1902
2019-06-03 21:50,1882
2019-06-03 21:55,1873
2019-06-03 22:00,1853
2019-06-03 22:05,1812
2019-06-03 22:10,1800
2019-06-03 22:15,1791
2019-06-03 22:20,1776
2019-06-03 22:25,1772
2019-06-03 22:30,1747
2019-06-03 22:35,1717
2019-06-03 22:40,1696
2019-06-03 22:45,1700
2019-06-03 22:50,1687
2019-06-03 22:55,1681
2019-06-03 23:00,1683
2019-06-03 23:05,1653
2019-06-03 23:10,1653
2019-06-03 23:15,1654
2019-06-03 23:20,1645
2019-06-03 23:25,1627
2019-06-03 23:30,1606
2019-06-03 23:35,1605
2019-06-03 23:40,1596
2019-06-03 23:45,1613
2019-06-03 23:50,1609
2019-06-03 23:55,1609
2019-06-04 00:00,1579
2019-06-04 00:05,1568
2019-06-04 00:10,1556
2019-06-04 00:15,1574
2019-06-04 00:20,1572
2019-06-04 00:25,1582
2019-06-04 00:30,1560
2019-06-04 00:35,1569
2019-06-04 00:40,1571
2019-06-04 00:45,1569
2019-06-04 00:50,1559
2019-06-04 00:55,1552
2019-06-04 01:00,1568
2019-06-04 01:05,1564
2019-06-04 01:10,1568
2019-06-04 01:15,1555
2019-06-04 01:20,1554
2019-06-04 01:25,1558
2019-06-04 01:30,1558
2019-06-04 01:35,1571
2019-06-04 01:40,1558
2019-06-04 01:45,1542
2019-06-04 01:50,1544
2019-06-04 01:55,1533
2019-06-04 02:00,1527
2019-06-04 02:05,1499
2019-06-04 02:10,1478
2019-06-04 02:15,1467
2019-06-04 02:20,1451
2019-06-04 02:25,1446
2019-06-04 02:30,1437
2019-06-04 02:35,1421
2019-06-04 02:40,1415
2019-06-04 02:45,1388
2019-06-04 02:50,1371
2019-06-04 02:55,1364
2019-06-04 03:00,1357
2019-06-04 03:05,1346
2019-06-04 03:10,1337
2019-06-04 03:15,1320
2019-06-04 03:20,1316
2019-06-04 03:25,1293
2019-06-04 03:30,1283
2019-06-04 03:35,1287
2019-06-04 03:40,1260
2019-06-04 03:45,1257
2019-06-04 03:50,1259
2019-06-04 03:55,1266
2019-06-04 04:00,1258
2019-06-04 04:05,1246
2019-06-04 04:10,1217
2019-06-04 04:15,1203
2019-06-04 04:20,1198
2019-06-04 04:25,1184
2019-06-04 04:30,1165
2019-06-04 04:35,1158
2019-06-04 04:40,1157
2019-06-04 04:45,1147
2019-06-04 04:50,1155
2019-06-04 04:55,1141
2019-06-04 05:00,1125
2019-06-04 05:05,1111
2019-06-04 05:10,1113
2019-06-04 05:15,1116
2019-06-04 05:20,1113
2019-06-04 05:25,1113
2019-06-04 05:30,1093
2019-06-04 05:35,1080
2019-06-04 05:40,1065
2019-06-04 05:45,1065
2019-06-04 05:50,1061
2019-06-04 05:55,1066
2019-06-04 06:00,1071
2019-06-04 06:05,1071
2019-06-04 06:10,1066
2019-06-04 06:15,1077
2019-06-04 06:20,1061
2019-06-04 06:25,1071
2019-06-04 06:30,1068
2019-06-04 06:35,1072
2019-06-04 06:40,1070
2019-06-04 06:45,1081
2019-06-04 06:50,1081
2019-06-04 06:55,1076
2019-06-04 07:00,1077
2019-06-04 07:05,1066
2019-06-04 07:10,1065
2019-06-04 07:15,1054
2019-06-04 07:20,1052
2019-06-04 07:25,1064
2019-06-04 07:30,1087
2019-06-04 07:35,1097
2019-06-04 07:40,1113
2019-06-04 07:45,1110
2019-06-04 07:50,1100
2019-06-04 07:55,1105
2019-06-04 08:00,1114
2019-06-04 08:05,1101
2019-06-04 08:10,1103
2019-06-04 08:15,1103
2019-06-04 08:20,1100
2019-06-04 08:25,1100
2019-06-04 08:30,1110
2019-06-04 08:35,1112
2019-06-04 08:40,1122
2019-06-04 08:45,1119
2019-06-04 08:50,1111
2019-06-04 08:55,1126
2019-06-04 09:00,1127
2019-06-04 09:05,1144
2019-06-04 09:10,1156
2019-06-04 09:15,1157
2019-06-04 09:20,1168
2019-06-04 09:25,1165
2019-06-04 09:30,1175
2019-06-04 09:35,1166
2019-06-04 09:40,1184
2019-06-04 09:45,1183
2019-06-04 09:50,1179
2019-06-04 09:55,1187
2019-06-04 10:00,1199
2019-06-04 10:05,1216
2019-06-04 10:10,1246
2019-06-04 10:15,1272
2019-06-04 10:20,1285
2019-06-04 10:25,1309
2019-06-04 10:30,1318
2019-06-04 10:35,1321
2019-06-04 10:40,1325
2019-06-04 10:45,1344
2019-06-04 10:50,1367
2019-06-04 10:55,1366
2019-06-04 11:00,1365
2019-06-04 11:05,1359
2019-06-04 11:10,1381
2019-06-04 11:15,1390
2019-06-04 11:20,1403
2019-06-04 11:25,1406
2019-06-04 11:30,1436
2019-06-04 11:35,1427
2019-06-04 11:40,1423
2019-06-04 11:45,1459
2019-06-04 11:50,1448
2019-06-04 11:55,1455
2019-06-04 12:00,1460
2019-06-04 12:05,1458
2019-06-04 12:10,1444
2019-06-04 12:15,1455
2019-06-04 12:20,1451
2019-06-04 12:25,1458
2019-06-04 12:30,1456
2019-06-04 12:35,1474
2019-06-04 12:40,1486
2019-06-04 12:45,1518
2019-06-04 12:50,1529
2019-06-04 12:55,1527
2019-06-04 13:00,1515
2019-06-04 13:05,1511
2019-06-04 13:10,1528
2019-06-04 13:15,1550
2019-06-04 13:20,1540
2019-06-04 13:25,1545
2019-06-04 13:30,1548
2019-06-04 13:35,1532
2019-06-04 13:40,1526
2019-06-04 13:45,1502
2019-06-04 13:50,1471
2019-06-04 13:55,1389
2019-06-04 14:00,1266
2019-06-04 14:05,887
2019-06-04 14:10,878
2019-06-04 14:15,904
2019-06-04 14:20,921
2019-06-04 14:25,941
2019-06-04 14:30,936
2019-06-04 14:35,936
2019-06-04 14:40,961
2019-06-04 14:45,960
2019-06-04 14:50,984
2019-06-04 14:55,998
2019-06-04 15:00,996
2019-06-04 15:05,1000
2019-06-04 15:10,1024
2019-06-04 15:15,1045
2019-06-04 15:20,1147
2019-06-04 15:25,1235
2019-06-04 15:30,1329
2019-06-04 15:35,1423
2019-06-04 15:40,1479
2019-06-04 15:45,1557
2019-06-04 15:50,1629
2019-06-04 15:55,1687
2019-06-04 16:00,1773
2019-06-04 16:05,1846
2019-06-04 16:10,1926
2019-06-04 16:15,2002
2019-06-04 16:20,2038
2019-06-04 16:25,2072
2019-06-04 16:30,2107
2019-06-04 16:35,2147
2019-06-04 16:40,2190
2019-06-04 16:45,2219
2019-06-04 16:50,2266
2019-06-04 16:55,2275
2019-06-04 17:00,2297
2019-06-04 17:05,2323
2019-06-04 17:10,2357
2019-06-04 17:15,2371
2019-06-04 17:20,2402
2019-06-04 17:25,2413
2019-06-04 17:30,2424
2019-06-04 17:35,2449
2019-06-04 17:40,2434
2019-06-04 17:45,2442
2019-06-04 17:50,2437
2019-06-04 17:55,2428
2019-06-04 18:00,2417
2019-06-04 18:05,2439
2019-06-04 18:10,2423
2019-06-04 18:15,2441
2019-06-04 18:20,2454
2019-06-04 18:25,2451
2019-06-04 18:30,2479
2019-06-04 18:35,2461
2019-06-04 18:40,2442
2019-06-04 18:45,2428
2019-06-04 18:50,2425
2019-06-04 18:55,2428
2019-06-04 19:00,2441
2019-06-04 19:05,2445
2019-06-04 19:10,2456
2019-06-04 19:15,2450
2019-06-04 19:20,2443
2019-06-04 19:25,2452
2019-06-04 19:30,2452
2019-06-04 19:35,2447
2019-06-04 19:40,2443
2019-06-04 19:45,2441
2019-06-04 19:50,2442
2019-06-04 19:55,2440
2019-06-04 20:00,2404
2019-06-04 20:05,2400
2019-06-04 20:10,2392
2019-06-04 20:15,2358
2019-06-04 20:20,2337
2019-06-04 20:25,2333
2019-06-04 20:30,2309
2019-06-04 20:35,2303
2019-06-04 20:40,2307
2019-06-04 20:45,2293
2019-06-04 20:50,2282
2019-06-04 20:55,2255
2019-06-04 21:00,2229
2019-06-04 21:05,2187
2019-06-04 21:10,2145
2019-06-04 21:15,2129
2019-06-04 21:20,2095
2019-06-04 21:25,2062
2019-06-04 21:30,2046
2019-06-04 21:35,2016
2019-06-04 21:40,2001
2019-06-04 21:45,1982
2019-06-04 21:50,1937
2019-06-04 21:55,1907
2019-06-04 22:00,1911
2019-06-04 22:05,1898
2019-06-04 22:10,1861
2019-06-04 22:15,1844
2019-06-04 22:20,1829
2019-06-04 22:25,1813
2019-06-04 22:30,1812
2019-06-04 22:35,1792
2019-06-04 22:40,1764
2019-06-04 22:45,1747
2019-06-04 22:50,1702
2019-06-04 22:55,
2019-06-04 23:00,
2019-06-04 23:05,
2019-06-04 23:10,1596
2019-06-04 23:15,1642
2019-06-04 23:20,1627
2019-06-04 23:25,1608
2019-06-04 23:30,1598
2019-06-04 23:35,1583
2019-06-04 23:40,1586
2019-06-04 23:45,1593
2019-06-04 23:50,1584
2019-06-04 23:55,1584
2019-06-05 00:00,1576
2019-06-05 00:05,1542
2019-06-05 00:10,1536
2019-06-05 00:15,1538
2019-06-05 00:20,1545
2019-06-05 00:25,1547
2019-06-05 00:30,1544
2019-06-05 00:35,1533
2019-06-05 00:40,1549
2019-06-05 00:45,1556
2019-06-05 00:50,1578
2019-06-05 00:55,1571
2019-06-05 01:00,1578
2019-06-05 01:05,1592
2019-06-05 01:10,1591
2019-06-05 01:15,1598
2019-06-05 01:20,1583
2019-06-05 01:25,1563
2019-06-05 01:30,1559
2019-06-05 01:35,1545
2019-06-05 01:40,1553
2019-06-05 01:45,1550
2019-06-05 01:50,1530
2019-06-05 01:55,1523
2019-06-05 02:00,1500
2019-06-05 02:05,1505
2019-06-05 02:10,1500
2019-06-05 02:15,1484
2019-06-05 02:20,1471
2019-06-05 02:25,1479
2019-06-05 02:30,1483
2019-06-05 02:35,1491
2019-06-05 02:40,1471
2019-06-05 02:45,1459
2019-06-05 02:50,1441
2019-06-05 02:55,1420
2019-06-05 03:00,1395
2019-06-05 03:05,1390
2019-06-05 03:10,1377
2019-06-05 03:15,1365
2019-06-05 03:20,1350
2019-06-05 03:25,1344
2019-06-05 03:30,1333
2019-06-05 03:35,1334
2019-06-05 03:40,1327
2019-06-05 03:45,1318
2019-06-05 03:50,1309
2019-06-05 03:55,1307
2019-06-05 04:00,1301
2019-06-05 04:05,1296
2019-06-05 04:10,1302
2019-06-05 04:15,1272
2019-06-05 04:20,1260
2019-06-05 04:25,1255
2019-06-05 04:30,1243
2019-06-05 04:35,1230
2019-06-05 04:40,1210
2019-06-05 04:45,1203
2019-06-05 04:50,1184
2019-06-05 04:55,1182
2019-06-05 05:00,1174
2019-06-05 05:05,1151
2019-06-05 05:10,1140
2019-06-05 05:15,1149
2019-06-05 05:20,1154
2019-06-05 05:25,1146
2019-06-05 05:30,1140
2019-06-05 05:35,1140
2019-06-05 05:40,1131
2019-06-05 05:45,1135
2019-06-05 05:50,1138
2019-06-05 05:55,1135
2019-06-05 06:00,1130
2019-06-05 06:05,1133
2019-06-05 06:10,1121
2019-06-05 06:15,1115
2019-06-05 06:20,1125
2019-06-05 06:25,1114
2019-06-05 06:30,1110
2019-06-05 06:35,1107
2019-06-05 06:40,1101
2019-06-05 06:45,1098
2019-06-05 06:50,1104
2019-06-05 06:55,1107
2019-06-05 07:00,1113
2019-06-05 07:05,1110
2019-06-05 07:10,1107
2019-06-05 07:15,1103
2019-06-05 07:20,1110
2019-06-05 07:25,1137
2019-06-05 07:30,1138
2019-06-05 07:35,1142
2019-06-05 07:40,1137
2019-06-05 07:45,1135
2019-06-05 07:50,1145
2019-06-05 07:55,1139
2019-06-05 08:00,1129
2019-06-05 08:05,1143
2019-06-05 08:10,1154
2019-06-05 08:15,1157
2019-06-05 08:20,1175
2019-06-05 08:25,1166
2019-06-05 08:30,1171
2019-06-05 08:35,1170
2019-06-05 08:40,1176
2019-06-05 08:45,1180
2019-06-05 08:50,1171
2019-06-05 08:55,1184
2019-06-05 09:00,1173
2019-06-05 09:05,1163
2019-06-05 09:10,1162
2019-06-05 09:15,1167
2019-06-05 09:20,1173
2019-06-05 09:25,1183
2019-06-05 09:30,1195
2019-06-05 09:35,1211
2019-06-05 09:40,1224
2019-06-05 09:45,1230
2019-06-05 09:50,1232
2019-06-05 09:55,1249
2019-06-05 10:00,1251
2019-06-05 10:05,1253
2019-06-05 10:10,1278
2019-06-05 10:15,1300
2019-06-05 10:20,1296
2019-06-05 10:25,1317
2019-06-05 10:30,1329
2019-06-05 10:35,1346
2019-06-05 10:40,1347
2019-06-05 10:45,1362
2019-06-05 10:50,1381
2019-06-05 10:55,1389
2019-06-05 11:00,1391
2019-06-05 11:05,1379
2019-06-05 11:10,1400
2019-06-05 11:15,1408
2019-06-05 11:20,1414
2019-06-05 11:25,1429
2019-06-05 11:30,1418
2019-06-05 11:35,1426
2019-06-05 11:40,1474
2019-06-05 11:45,1489
2019-06-05 11:50,1500
2019-06-05 11:55,1497
2019-06-05 12:00,1503
2019-06-05 12:05,1520
2019-06-05 12:10,1533
2019-06-05 12:15,1529
2019-06-05 12:20,1527
2019-06-05 12:25,1550
2019-06-05 12:30,1562
2019-06-05 12:35,1568
2019-06-05 12:40,1569
2019-06-05 12:45,1570
2019-06-05 12:50,1573
2019-06-05 12:55,1575
2019-06-05 13:00,1588
2019-06-05 13:05,1596
2019-06-05 13:10,1592
2019-06-05 13:15,1596
2019-06-05 13:20,1577
2019-06-05 13:25,1590
2019-06-05 13:30,1597
2019-06-05 13:35,1596
2019-06-05 13:40,1613
2019-06-05 13:45,1628
2019-06-05 13:50,1643
2019-06-05 13:55,1662
2019-06-05 14:00,1671
2019-06-05 14:05,1688
2019-06-05 14:10,1701
2019-06-05 14:15,1710
2019-06-05 14:20,1720
2019-06-05 14:25,1699
2019-06-05 14:30,1733
2019-06-05 14:35,1751
2019-06-05 14:40,1762
2019-06-05 14:45,1775
2019-06-05 14:50,1795
2019-06-05 14:55,1808
2019-06-05 15:00,1810
2019-06-05 15:05,1828
2019-06-05 15:10,1858
2019-06-05 15:15,1877
2019-06-05 15:20,1868
2019-06-05 15:25,1871
2019-06-05 15:30,1879
2019-06-05 15:35,1868
2019-06-05 15:40,1900
2019-06-05 15:45,1913
2019-06-05 15:50,1929
2019-06-05 15:55,1950
2019-06-05 16:00,1972
2019-06-05 16:05,1986
2019-06-05 16:10,2001
2019-06-05 16:15,2018
2019-06-05 16:20,2040
2019-06-05 16:25,2055
2019-06-05 16:30,2071
2019-06-05 16:35,2078
2019-06-05 16:40,2089
2019-06-05 16:45,2091
2019-06-05 16:50,2118
2019-06-05 16:55,2122
2019-06-05 17:00,2130
2019-06-05 17:05,2117
2019-06-05 17:10,2131
2019-06-05 17:15,2127
2019-06-05 17:20,2136
2019-06-05 17:25,2129
2019-06-05 17:30,2147
2019-06-05 17:35,2157
2019-06-05 17:40,2160
2019-06-05 17:45,2158
2019-06-05 17:50,2181
2019-06-05 17:55,2190
2019-06-05 18:00,2195
2019-06-05 18:05,2210
2019-06-05 18:10,2205
2019-06-05 18:15,2226
2019-06-05 18:20,2211
2019-06-05 18:25,2217
2019-06-05 18:30,2238
2019-06-05 18:35,2225
2019-06-05 18:40,2208
2019-06-05 18:45,2219
2019-06-05 18:50,2202
2019-06-05 18:55,2222
2019-06-05 19:00,2225
2019-06-05 19:05,2236
2019-06-05 19:10,2255
2019-06-05 19:15,2281
2019-06-05 19:20,2292
2019-06-05 19:25,2290
2019-06-05 19:30,2293
2019-06-05 19:35,2275
2019-06-05 19:40,2261
2019-06-05 19:45,2265
2019-06-05 19:50,2261
2019-06-05 19:55,2271
2019-06-05 20:00,2262
2019-06-05 20:05,2250
2019-06-05 20:10,2227
2019-06-05 20:15,2200
2019-06-05 20:20,2220
2019-06-05 20:25,2213
2019-06-05 20:30,2201
2019-06-05 20:35,2194
2019-06-05 20:40,2187
2019-06-05 20:45,2167
2019-06-05 20:50,2116
2019-06-05 20:55,2075
2019-06-05 21:00,2056
2019-06-05 21:05,2021
2019-06-05 21:10,1996
2019-06-05 21:15,1969
2019-06-05 21:20,1937
2019-06-05 21:25,1924
2019-06-05 21:30,1895
2019-06-05 21:35,1901
2019-06-05 21:40,1874
2019-06-05 21:45,1850
2019-06-05 21:50,1829
2019-06-05 21:55,1827
2019-06-05 22:00,1823
2019-06-05 22:05,1792
2019-06-05 22:10,1790
2019-06-05 22:15,1773
2019-06-05 22:20,1760
2019-06-05 22:25,1725
2019-06-05 22:30,1713
2019-06-05 22:35,1700
2019-06-05 22:40,1675
2019-06-05 22:45,1670
2019-06-05 22:50,1669
2019-06-05 22:55,1668
2019-06-05 23:00,1639
2019-06-05 23:05,1607
2019-06-05 23:10,1584
2019-06-05 23:15,1600
2019-06-05 23:20,1594
2019-06-05 23:25,1592
2019-06-05 23:30,1567
2019-06-05 23:35,1558
2019-06-05 23:40,1552
2019-06-05 23:45,1543
2019-06-05 23:50,1538
2019-06-05 23:55,1537
2019-06-06 00:00,1539
2019-06-06 00:05,1530
2019-06-06 00:10,1524
2019-06-06 00:15,1512
2019-06-06 00:20,1505
2019-06-06 00:25,1506
2019-06-06 00:30,1505
2019-06-06 00:35,1495
2019-06-06 00:40,1511
2019-06-06 00:45,1511
2019-06-06 00:50,1501
2019-06-06 00:55,1493
2019-06-06 01:00,1476
2019-06-06 01:05,1480
2019-06-06 01:10,1501
2019-06-06 01:15,1501
2019-06-06 01:20,1496
2019-06-06 01:25,1488
2019-06-06 01:30,1483
2019-06-06 01:35,1467
2019-06-06 01:40,1471
2019-06-06 01:45,1462
2019-06-06 01:50,1461
2019-06-06 01:55,1457
2019-06-06 02:00,1449
2019-06-06 02:05,1440
2019-06-06 02:10,1415
2019-06-06 02:15,1409
2019-06-06 02:20,1411
2019-06-06 02:25,1402
2019-06-06 02:30,1404
2019-06-06 02:35,1372
2019-06-06 02:40,1368
2019-06-06 02:45,1351
2019-06-06 02:50,1342
2019-06-06 02:55,1332
2019-06-06 03:00,1326
2019-06-06 03:05,1316
2019-06-06 03:10,1306
2019-06-06 03:15,1297
2019-06-06 03:20,1296
2019-06-06 03:25,1288
2019-06-06 03:30,1275
2019-06-06 03:35,1286
2019-06-06 03:40,1271
2019-06-06 03:45,1238
2019-06-06 03:50,1227
2019-06-06 03:55,1202
2019-06-06 04:00,1189
2019-06-06 04:05,1188
2019-06-06 04:10,1177
2019-06-06 04:15,1177
2019-06-06 04:20,1160
2019-06-06 04:25,1149
2019-06-06 04:30,1148
2019-06-06 04:35,1131
2019-06-06 04:40,1138
2019-06-06 04:45,1141
2019-06-06 04:50,1124
2019-06-06 04:55,1110
2019-06-06 05:00,1080
2019-06-06 05:05,1075
2019-06-06 05:10,1050
2019-06-06 05:15,1057
2019-06-06 05:20,1058
2019-06-06 05:25,1055
2019-06-06 05:30,1042
2019-06-06 05:35,1046
2019-06-06 05:40,1034
2019-06-06 05:45,1040
2019-06-06 05:50,1041
2019-06-06 05:55,1026
2019-06-06 06:00,1037
2019-06-06 06:05,1033
2019-06-06 06:10,1014
2019-06-06 06:15,1003
2019-06-06 06:20,990
2019-06-06 06:25,957
2019-06-06 06:30,961
2019-06-06 06:35,973
2019-06-06 06:40,984
2019-06-06 06:45,984
2019-06-06 06:50,993
2019-06-06 06:55,995
2019-06-06 07:00,984
2019-06-06 07:05,1001
2019-06-06 07:10,1002
2019-06-06 07:15,1014
2019-06-06 07:20,1014
2019-06-06 07:25,1021
2019-06-06 07:30,1011
2019-06-06 07:35,1009
2019-06-06 07:40,1003
2019-06-06 07:45,1024
2019-06-06 07:50,1038
2019-06-06 07:55,1047
2019-06-06 08:00,1053
2019-06-06 08:05,1043
2019-06-06 08:10,1055
2019-06-06 08:15,1074
2019-06-06 08:20,1080
2019-06-06 08:25,1074
2019-06-06 08:30,1083
2019-06-06 08:35,1085
2019-06-06 08:40,1086
2019-06-06 08:45,1084
2019-06-06 08:50,1084
2019-06-06 08:55,1090
2019-06-06 09:00,1101
2019-06-06 09:05,1107
2019-06-06 09:10,1113
2019-06-06 09:15,1118
2019-06-06 09:20,1133
2019-06-06 09:25,1154
2019-06-06 09:30,1149
2019-06-06 09:35,1151
2019-06-06 09:40,1161
2019-06-06 09:45,1155
2019-06-06 09:50,1163
2019-06-06 09:55,1179
2019-06-06 10:00,1198
2019-06-06 10:05,1246
2019-06-06 10:10,1276
2019-06-06 10:15,1270
2019-06-06 10:20,1292
2019-06-06 10:25,1312
2019-06-06 10:30,1320
2019-06-06 10:35,1320
2019-06-06 10:40,1335
2019-06-06 10:45,1348
2019-06-06 10:50,1358
2019-06-06 10:55,1363
2019-06-06 11:00,1386
2019-06-06 11:05,1398
2019-06-06 11:10,1414
2019-06-06 11:15,1412
2019-06-06 11:20,1415
2019-06-06 11:25,1444
2019-06-06 11:30,1474
2019-06-06 11:35,1485
2019-06-06 11:40,1481
2019-06-06 11:45,1464
2019-06-06 11:50,1463
2019-06-06 11:55,1461
2019-06-06 12:00,1448
2019-06-06 12:05,1451
2019-06-06 12:10,1464
2019-06-06 12:15,1465
2019-06-06 12:20,1453
2019-06-06 12:25,1466
2019-06-06 12:30,1459
2019-06-06 12:35,1472
2019-06-06 12:40,1466
2019-06-06 12:45,1473
2019-06-06 12:50,1495
2019-06-06 12:55,1498
2019-06-06 13:00,1525
2019-06-06 13:05,1524
2019-06-06 13:10,1540
2019-06-06 13:15,1548
2019-06-06 13:20,1549
2019-06-06 13:25,1543
2019-06-06 13:30,1546
2019-06-06 13:35,1552
2019-06-06 13:40,1556
2019-06-06 13:45,1572
2019-06-06 13:50,1574
2019-06-06 13:55,1592
2019-06-06 14:00,1609
2019-06-06 14:05,1624
2019-06-06 14:10,1617
2019-06-06 14:15,1644
2019-06-06 14:20,1654
2019-06-06 14:25,1666
2019-06-06 14:30,1692
2019-06-06 14:35,1683
2019-06-06 14:40,1695
2019-06-06 14:45,1695
2019-06-06 14:50,1696
2019-06-06 14:55,1716
2019-06-06 15:00,1727
2019-06-06 15:05,1719
2019-06-06 15:10,1742
2019-06-06 15:15,1751
2019-06-06 15:20,1760
2019-06-06 15:25,1771
2019-06-06 15:30,1782
2019-06-06 15:35,1801
2019-06-06 15:40,1828
2019-06-06 15:45,1857
2019-06-06 15:50,1865
2019-06-06 15:55,1891
2019-06-06 16:00,
2019-06-06 16:05,
2019-06-06 16:10,
2019-06-06 16:15,
2019-06-06 16:20,
2019-06-06 16:25,
2019-06-06 16:30,
2019-06-06 16:35,
2019-06-06 16:40,
2019-06-06 16:45,1997
2019-06-06 16:50,2021
2019-06-06 16:55,2031
2019-06-06 17:00,2049
2019-06-06 17:05,2056
2019-06-06 17:10,
2019-06-06 17:15,2044
2019-06-06 17:20,2031
2019-06-06 17:25,
2019-06-06 17:30,2017
2019-06-06 17:35,2034
2019-06-06 17:40,2049
2019-06-06 17:45,2063
2019-06-06 17:50,2073
2019-06-06 17:55,2087
2019-06-06 18:00,2087
2019-06-06 18:05,2098
2019-06-06 18:10,2076
2019-06-06 18:15,2110
2019-06-06 18:20,2117
2019-06-06 18:25,2125
2019-06-06 18:30,2139
2019-06-06 18:35,2130
2019-06-06 18:40,2128
2019-06-06 18:45,2130
2019-06-06 18:50,2148
2019-06-06 18:55,2128
2019-06-06 19:00,2124
2019-06-06 19:05,2158
2019-06-06 19:10,2163
2019-06-06 19:15,2158
2019-06-06 19:20,2174
2019-06-06 19:25,2186
2019-06-06 19:30,2218
2019-06-06 19:35,2204
2019-06-06 19:40,2206
2019-06-06 19:45,2179
2019-06-06 19:50,2167
2019-06-06 19:55,2185
2019-06-06 20:00,2169
2019-06-06 20:05,2165
2019-06-06 20:10,2128
2019-06-06 20:15,2134
2019-06-06 20:20,2119
2019-06-06 20:25,2086
2019-06-06 20:30,2080
2019-06-06 20:35,2065
2019-06-06 20:40,2057
2019-06-06 20:45,2047
2019-06-06 20:50,2021
2019-06-06 20:55,2021
2019-06-06 21:00,2003
2019-06-06 21:05,1978
2019-06-06 21:10,1931
2019-06-06 21:15,1877
2019-06-06 21:20,1849
2019-06-06 21:25,1826
2019-06-06 21:30,1814
2019-06-06 21:35,1775
2019-06-06 21:40,1740
2019-06-06 21:45,1737
2019-06-06 21:50,1732
2019-06-06 21:55,1749
2019-06-06 22:00,1747
2019-06-06 22:05,1729
2019-06-06 22:10,1710
2019-06-06 22:15,1708
2019-06-06 22:20,
2019-06-06 22:25,1700
2019-06-06 22:30,1682
2019-06-06 22:35,1674
2019-06-06 22:40,1649
2019-06-06 22:45,1623
2019-06-06 22:50,1601
2019-06-06 22:55,1584
2019-06-06 23:00,1584
2019-06-06 23:05,1572
2019-06-06 23:10,1584
2019-06-06 23:15,1578
2019-06-06 23:20,1553
2019-06-06 23:25,1538
2019-06-06 23:30,1540
2019-06-06 23:35,1541
2019-06-06 23:40,1514
2019-06-06 23:45,1504
2019-06-06 23:50,1495
2019-06-06 23:55,1508
2019-06-07 00:00,1475
2019-06-07 00:05,1489
2019-06-07 00:10,1476
2019-06-07 00:15,1472
2019-06-07 00:20,1453
2019-06-07 00:25,1447
2019-06-07 00:30,1439
2019-06-07 00:35,1473
2019-06-07 00:40,1472
2019-06-07 00:45,1481
2019-06-07 00:50,1470
2019-06-07 00:55,1455
2019-06-07 01:00,1473
2019-06-07 01:05,1460
2019-06-07 01:10,1445
2019-06-07 01:15,1446
2019-06-07 01:20,1444
2019-06-07 01:25,1425
2019-06-07 01:30,1422
2019-06-07 01:35,1420
2019-06-07 01:40,1428
2019-06-07 01:45,1427
2019-06-07 01:50,1416
2019-06-07 01:55,1407
2019-06-07 02:00,1396
2019-06-07 02:05,1361
2019-06-07 02:10,1357
2019-06-07 02:15,1371
2019-06-07 02:20,1363
2019-06-07 02:25,1367
2019-06-07 02:30,1364
2019-06-07 02:35,1368
2019-06-07 02:40,1373
2019-06-07 02:45,1370
2019-06-07 02:50,1370
2019-06-07 02:55,1351
2019-06-07 03:00,1361
2019-06-07 03:05,1350
2019-06-07 03:10,1327
2019-06-07 03:15,1327
2019-06-07 03:20,1310
2019-06-07 03:25,1297
2019-06-07 03:30,1276
2019-06-07 03:35,1271
2019-06-07 03:40,1248
2019-06-07 03:45,1248
2019-06-07 03:50,1222
2019-06-07 03:55,1206
2019-06-07 04:00,1196
2019-06-07 04:05,1200
2019-06-07 04:10,1201
2019-06-07 04:15,1166
2019-06-07 04:20,1144
2019-06-07 04:25,1126
2019-06-07 04:30,1110
2019-06-07 04:35,1089
2019-06-07 04:40,1077
2019-06-07 04:45,1075
2019-06-07 04:50,1065
2019-06-07 04:55,1063
2019-06-07 05:00,1073
2019-06-07 05:05,1061
2019-06-07 05:10,1048
2019-06-07 05:15,1043
2019-06-07 05:20,1024
2019-06-07 05:25,1025
2019-06-07 05:30,1025
2019-06-07 05:35,1036
2019-06-07 05:40,1017
2019-06-07 05:45,1022
2019-06-07 05:50,1026
2019-06-07 05:55,1037
2019-06-07 06:00,1027
2019-06-07 06:05,1033
2019-06-07 06:10,1023
2019-06-07 06:15,1017
2019-06-07 06:20,1016
2019-06-07 06:25,1007
2019-06-07 06:30,1005
2019-06-07 06:35,1011
2019-06-07 06:40,1014
2019-06-07 06:45,1034
2019-06-07 06:50,1038
2019-06-07 06:55,1026
2019-06-07 07:00,1013
2019-06-07 07:05,1005
2019-06-07 07:10,1008
2019-06-07 07:15,1010
2019-06-07 07:20,1003
2019-06-07 07:25,1016
2019-06-07 07:30,1006
2019-06-07 07:35,1007
2019-06-07 07:40,1034
2019-06-07 07:45,1042
2019-06-07 07:50,1047
2019-06-07 07:55,1044
2019-06-07 08:00,1055
2019-06-07 08:05,1050
2019-06-07 08:10,1054
2019-06-07 08:15,1073
2019-06-07 08:20,1083
2019-06-07 08:25,1076
2019-06-07 08:30,1092
2019-06-07 08:35,1108
2019-06-07 08:40,1106
2019-06-07 08:45,1102
2019-06-07 08:50,1125
2019-06-07 08:55,1130
2019-06-07 09:00,1144
2019-06-07 09:05,1163
2019-06-07 09:10,1162
2019-06-07 09:15,1174
2019-06-07 09:20,1186
2019-06-07 09:25,1180
2019-06-07 09:30,1180
2019-06-07 09:35,1198
2019-06-07 09:40,1215
2019-06-07 09:45,1224
2019-06-07 09:50,1226
2019-06-07 09:55,1211
2019-06-07 10:00,1222
2019-06-07 10:05,1259
2019-06-07 10:10,1280
2019-06-07 10:15,1294
2019-06-07 10:20,1310
2019-06-07 10:25,1331
2019-06-07 10:30,1330
2019-06-07 10:35,1335
2019-06-07 10:40,1356
2019-06-07 10:45,1356
2019-06-07 10:50,1367
2019-06-07 10:55,1382
2019-06-07 11:00,1392
2019-06-07 11:05,1400
2019-06-07 11:10,1389
2019-06-07 11:15,1392
2019-06-07 11:20,1405
2019-06-07 11:25,1409
2019-06-07 11:30,1413
2019-06-07 11:35,1410
2019-06-07 11:40,1420
2019-06-07 11:45,1436
2019-06-07 11:50,1454
2019-06-07 11:55,1454
2019-06-07 12:00,1478
2019-06-07 12:05,1470
2019-06-07 12:10,1480
2019-06-07 12:15,1478
2019-06-07 12:20,1486
2019-06-07 12:25,1481
2019-06-07 12:30,1494
2019-06-07 12:35,1526
2019-06-07 12:40,1528
2019-06-07 12:45,1544
2019-06-07 12:50,1579
2019-06-07 12:55,1586
2019-06-07 13:00,1601
2019-06-07 13:05,1602
2019-06-07 13:10,1600
2019-06-07 13:15,1602
2019-06-07 13:20,1612
2019-06-07 13:25,1627
2019-06-07 13:30,1652
2019-06-07 13:35,1689
2019-06-07 13:40,1682
2019-06-07 13:45,1679
2019-06-07 13:50,1670
2019-06-07 13:55,1667
2019-06-07 14:00,1689
2019-06-07 14:05,1711
2019-06-07 14:10,1709
2019-06-07 14:15,1719
2019-06-07 14:20,1731
2019-06-07 14:25,1735
2019-06-07 14:30,1760
2019-06-07 14:35,1760
2019-06-07 14:40,1755
2019-06-07 14:45,1767
2019-06-07 14:50,1771
2019-06-07 14:55,1778
2019-06-07 15:00,1794
2019-06-07 15:05,1791
2019-06-07 15:10,1798
2019-06-07 15:15,1802
2019-06-07 15:20,1820
2019-06-07 15:25,1829
2019-06-07 15:30,1840
2019-06-07 15:35,1865
2019-06-07 15:40,1892
2019-06-07 15:45,1918
2019-06-07 15:50,1943
2019-06-07 15:55,1952
2019-06-07 16:00,1949
2019-06-07 16:05,1993
2019-06-07 16:10,1987
2019-06-07 16:15,1993
2019-06-07 16:20,1968
2019-06-07 16:25,1965
2019-06-07 16:30,1991
2019-06-07 16:35,1990
2019-06-07 16:40,2003
2019-06-07 16:45,2013
2019-06-07 16:50,2007
2019-06-07 16:55,2007
2019-06-07 17:00,2004
2019-06-07 17:05,2000
2019-06-07 17:10,2024
2019-06-07 17:15,2044
2019-06-07 17:20,2050
2019-06-07 17:25,2057
2019-06-07 17:30,2076
2019-06-07 17:35,2078
2019-06-07 17:40,2110
2019-06-07 17:45,2094
2019-06-07 17:50,2097
2019-06-07 17:55,2114
2019-06-07 18:00,
2019-06-07 18:05,
2019-06-07 18:10,
2019-06-07 18:15,2116
2019-06-07 18:20,2117
2019-06-07 18:25,2123
2019-06-07 18:30,2137
2019-06-07 18:35,2157
2019-06-07 18:40,2153
2019-06-07 18:45,2148
2019-06-07 18:50,2139
2019-06-07 18:55,2125
2019-06-07 19:00,2141
2019-06-07 19:05,2153
2019-06-07 19:10,2157
2019-06-07 19:15,2160
2019-06-07 19:20,2163
2019-06-07 19:25,2163
2019-06-07 19:30,2171
2019-06-07 19:35,2163
2019-06-07 19:40,2179
2019-06-07 19:45,2164
2019-06-07 19:50,2151
2019-06-07 19:55,2121
2019-06-07 20:00,2152
2019-06-07 20:05,2138
2019-06-07 20:10,2150
2019-06-07 20:15,2149
2019-06-07 20:20,2154
2019-06-07 20:25,2155
2019-06-07 20:30,2163
2019-06-07 20:35,2159
2019-06-07 20:40,2162
2019-06-07 20:45,2132
2019-06-07 20:50,2115
2019-06-07 20:55,2111
2019-06-07 21:00,2086
2019-06-07 21:05,2073
2019-06-07 21:10,2054
2019-06-07 21:15,2022
2019-06-07 21:20,2030
2019-06-07 21:25,2002
2019-06-07 21:30,1968
2019-06-07 21:35,1968
2019-06-07 21:40,1944
2019-06-07 21:45,1940
2019-06-07 21:50,1900
2019-06-07 21:55,1879
2019-06-07 22:00,1848
2019-06-07 22:05,1817
2019-06-07 22:10,1795
2019-06-07 22:15,1791
2019-06-07 22:20,1789
2019-06-07 22:25,1789
2019-06-07 22:30,1765
2019-06-07 22:35,1769
2019-06-07 22:40,1757
2019-06-07 22:45,1726
2019-06-07 22:50,1703
2019-06-07 22:55,1678
2019-06-07 23:00,1674
2019-06-07 23:05,1648
2019-06-07 23:10,1650
2019-06-07 23:15,1657
2019-06-07 23:20,1636
2019-06-07 23:25,1622
2019-06-07 23:30,1617
2019-06-07 23:35,1614
2019-06-07 23:40,1608
2019-06-07 23:45,1598
2019-06-07 23:50,1598
2019-06-07 23:55,1602
2019-06-08 00:00,1590
2019-06-08 00:05,1588
2019-06-08 00:10,1601
2019-06-08 00:15,1582
2019-06-08 00:20,1559
2019-06-08 00:25,1556
2019-06-08 00:30,1533
2019-06-08 00:35,1531
2019-06-08 00:40,1510
2019-06-08 00:45,1507
2019-06-08 00:50,1492
2019-06-08 00:55,1502
2019-06-08 01:00,1491
2019-06-08 01:05,1493
2019-06-08 01:10,1488
2019-06-08 01:15,1470
2019-06-08 01:20,1455
2019-06-08 01:25,1427
2019-06-08 01:30,1413
2019-06-08 01:35,1408
2019-06-08 01:40,1383
2019-06-08 01:45,1386
2019-06-08 01:50,1382
2019-06-08 01:55,1409
2019-06-08 02:00,1401
2019-06-08 02:05,1414
2019-06-08 02:10,1431
2019-06-08 02:15,1439
2019-06-08 02:20,1427
2019-06-08 02:25,1429
2019-06-08 02:30,1409
2019-06-08 02:35,1399
2019-06-08 02:40,1394
2019-06-08 02:45,1383
2019-06-08 02:50,1375
2019-06-08 02:55,1388
2019-06-08 03:00,1386
2019-06-08 03:05,1393
2019-06-08 03:10,1390
2019-06-08 03:15,1386
2019-06-08 03:20,1399
2019-06-08 03:25,1374
2019-06-08 03:30,1361
2019-06-08 03:35,1357
2019-06-08 03:40,1334
2019-06-08 03:45,1335
2019-06-08 03:50,1327
2019-06-08 03:55,1339
2019-06-08 04:00,1350
2019-06-08 04:05,1338
2019-06-08 04:10,1333
2019-06-08 04:15,1308
2019-06-08 04:20,1285
2019-06-08 04:25,1294
2019-06-08 04:30,1291
2019-06-08 04:35,1261
2019-06-08 04:40,1249
2019-06-08 04:45,1247
2019-06-08 04:50,1239
2019-06-08 04:55,1218
2019-06-08 05:00,1222
2019-06-08 05:05,1214
2019-06-08 05:10,1190
2019-06-08 05:15,1185
2019-06-08 05:20,1190
2019-06-08 05:25,1170
2019-06-08 05:30,1171
2019-06-08 05:35,1167
2019-06-08 05:40,1166
2019-06-08 05:45,1169
2019-06-08 05:50,1159
2019-06-08 05:55,1156
2019-06-08 06:00,1146
2019-06-08 06:05,1130
2019-06-08 06:10,1162
2019-06-08 06:15,1153
2019-06-08 06:20,1157
2019-06-08 06:25,1156
2019-06-08 06:30,1166
2019-06-08 06:35,1160
2019-06-08 06:40,1150
2019-06-08 06:45,1136
2019-06-08 06:50,1141
2019-06-08 06:55,1147
2019-06-08 07:00,1138
2019-06-08 07:05,1143
2019-06-08 07:10,1157
2019-06-08 07:15,1164
2019-06-08 07:20,1169
2019-06-08 07:25,1167
2019-06-08 07:30,1156
2019-06-08 07:35,1169
2019-06-08 07:40,1161
2019-06-08 07:45,1174
2019-06-08 07:50,1187
2019-06-08 07:55,1209
2019-06-08 08:00,1227
2019-06-08 08:05,1242
2019-06-08 08:10,1237
2019-06-08 08:15,1236
2019-06-08 08:20,1249
2019-06-08 08:25,1243
2019-06-08 08:30,1242
2019-06-08 08:35,1261
2019-06-08 08:40,1282
2019-06-08 08:45,1276
2019-06-08 08:50,1278
2019-06-08 08:55,1304
2019-06-08 09:00,1321
2019-06-08 09:05,1337
2019-06-08 09:10,1353
2019-06-08 09:15,1357
2019-06-08 09:20,1385
2019-06-08 09:25,1386
2019-06-08 09:30,1390
2019-06-08 09:35,1407
2019-06-08 09:40,1417
2019-06-08 09:45,1424
2019-06-08 09:50,1440
2019-06-08 09:55,1468
2019-06-08 10:00,1492
2019-06-08 10:05,1529
2019-06-08 10:10,1542
2019-06-08 10:15,1556
2019-06-08 10:20,1556
2019-06-08 10:25,1577
2019-06-08 10:30,1609
2019-06-08 10:35,1615
2019-06-08 10:40,1629
2019-06-08 10:45,1656
2019-06-08 10:50,1671
2019-06-08 10:55,1675
2019-06-08 11:00,1674
2019-06-08 11:05,1671
2019-06-08 11:10,1656
2019-06-08 11:15,1671
2019-06-08 11:20,1678
2019-06-08 11:25,1687
2019-06-08 11:30,1700
2019-06-08 11:35,1697
2019-06-08 11:40,1716
2019-06-08 11:45,1743
2019-06-08 11:50,1751
2019-06-08 11:55,1750
2019-06-08 12:00,1783
2019-06-08 12:05,1788
2019-06-08 12:10,1798
2019-06-08 12:15,1790
2019-06-08 12:20,1797
2019-06-08 12:25,1798
2019-06-08 12:30,1813
2019-06-08 12:35,1834
2019-06-08 12:40,1833
2019-06-08 12:45,1850
2019-06-08 12:50,1846
2019-06-08 12:55,1867
2019-06-08 13:00,1871
2019-06-08 13:05,1893
2019-06-08 13:10,1911
2019-06-08 13:15,1905
2019-06-08 13:20,1904
2019-06-08 13:25,1906
2019-06-08 13:30,1923
2019-06-08 13:35,1933
2019-06-08 13:40,1920
2019-06-08 13:45,1948
2019-06-08 13:50,1982
2019-06-08 13:55,1983
2019-06-08 14:00,1981
2019-06-08 14:05,1987
2019-06-08 14:10,1997
2019-06-08 14:15,2003
2019-06-08 14:20,2028
2019-06-08 14:25,2022
2019-06-08 14:30,2021
2019-06-08 14:35,2010
2019-06-08 14:40,2000
2019-06-08 14:45,2022
2019-06-08 14:50,2047
2019-06-08 14:55,2041
2019-06-08 15:00,2036
2019-06-08 15:05,2053
2019-06-08 15:10,2060
2019-06-08 15:15,2080
2019-06-08 15:20,2117
2019-06-08 15:25,2137
2019-06-08 15:30,2144
2019-06-08 15:35,2150
2019-06-08 15:40,2170
2019-06-08 15:45,2182
2019-06-08 15:50,2168
2019-06-08 15:55,2184
2019-06-08 16:00,2180
2019-06-08 16:05,2161
2019-06-08 16:10,2162
2019-06-08 16:15,2152
2019-06-08 16:20,2173
2019-06-08 16:25,2180
2019-06-08 16:30,2183
2019-06-08 16:35,2192
2019-06-08 16:40,2184
2019-06-08 16:45,2185
2019-06-08 16:50,2178
2019-06-08 16:55,2195
2019-06-08 17:00,2208
2019-06-08 17:05,2215
2019-06-08 17:10,2232
2019-06-08 17:15,2219
2019-06-08 17:20,2238
2019-06-08 17:25,2269
2019-06-08 17:30,2277
2019-06-08 17:35,2287
2019-06-08 17:40,2269
2019-06-08 17:45,2278
2019-06-08 17:50,2291
2019-06-08 17:55,2286
2019-06-08 18:00,2281
2019-06-08 18:05,2290
2019-06-08 18:10,2286
2019-06-08 18:15,2290
2019-06-08 18:20,2285
2019-06-08 18:25,2286
2019-06-08 18:30,2287
2019-06-08 18:35,2319
2019-06-08 18:40,2312
2019-06-08 18:45,2316
2019-06-08 18:50,2313
2019-06-08 18:55,
2019-06-08 19:00,
2019-06-08 19:05,
2019-06-08 19:10,2289
2019-06-08 19:15,2324
2019-06-08 19:20,2329
2019-06-08 19:25,2355
2019-06-08 19:30,2352
2019-06-08 19:35,2347
2019-06-08 19:40,2347
2019-06-08 19:45,2361
2019-06-08 19:50,2382
2019-06-08 19:55,
2019-06-08 20:00,
2019-06-08 20:05,
2019-06-08 20:10,
2019-06-08 20:15,
2019-06-08 20:20,2356
2019-06-08 20:25,2377
2019-06-08 20:30,2366
2019-06-08 20:35,2339
2019-06-08 20:40,2351
2019-06-08 20:45,2334
2019-06-08 20:50,2333
2019-06-08 20:55,2316
2019-06-08 21:00,2311
2019-06-08 21:05,2296
2019-06-08 21:10,2280
2019-06-08 21:15,2267
2019-06-08 21:20,2241
2019-06-08 21:25,2227
2019-06-08 21:30,2214
2019-06-08 21:35,2178
2019-06-08 21:40,2171
2019-06-08 21:45,2154
2019-06-08 21:50,2103
2019-06-08 21:55,2085
2019-06-08 22:00,2078
2019-06-08 22:05,2067
2019-06-08 22:10,2065
2019-06-08 22:15,2050
2019-06-08 22:20,2037
2019-06-08 22:25,2020
2019-06-08 22:30,2004
2019-06-08 22:35,1994
2019-06-08 22:40,1967
2019-06-08 22:45,1944
2019-06-08 22:50,1924
2019-06-08 22:55,1887
2019-06-08 23:00,1854
2019-06-08 23:05,1840
2019-06-08 23:10,1805
2019-06-08 23:15,1794
2019-06-08 23:20,1783
2019-06-08 23:25,1757
2019-06-08 23:30,1756
2019-06-08 23:35,1752
2019-06-08 23:40,1738
2019-06-08 23:45,1708
2019-06-08 23:50,1704
2019-06-08 23:55,1687
2019-06-09 00:00,1685
2019-06-09 00:05,1663
2019-06-09 00:10,1657
2019-06-09 00:15,1665
2019-06-09 00:20,1675
2019-06-09 00:25,1676
2019-06-09 00:30,1658
2019-06-09 00:35,1658
2019-06-09 00:40,1655
2019-06-09 00:45,1662
2019-06-09 00:50,1646
2019-06-09 00:55,1617
2019-06-09 01:00,1630
2019-06-09 01:05,1616
2019-06-09 01:10,1604
2019-06-09 01:15,1589
2019-06-09 01:20,1591
2019-06-09 01:25,1578
2019-06-09 01:30,1580
2019-06-09 01:35,1572
2019-06-09 01:40,1588
2019-06-09 01:45,1578
2019-06-09 01:50,1569
2019-06-09 01:55,1556
2019-06-09 02:00,1543
2019-06-09 02:05,1527
2019-06-09 02:10,1498
2019-06-09 02:15,1474
2019-06-09 02:20,1459
2019-06-09 02:25,1453
2019-06-09 02:30,1458
2019-06-09 02:35,1445
2019-06-09 02:40,1434
2019-06-09 02:45,1434
2019-06-09 02:50,1442
2019-06-09 02:55,1440
2019-06-09 03:00,1429
2019-06-09 03:05,1435
2019-06-09 03:10,1428
2019-06-09 03:15,1437
2019-06-09 03:20,1423
2019-06-09 03:25,1429
2019-06-09 03:30,1412
2019-06-09 03:35,1410
2019-06-09 03:40,1386
2019-06-09 03:45,1387
2019-06-09 03:50,1389
2019-06-09 03:55,1374
2019-06-09 04:00,1375
2019-06-09 04:05,1359
2019-06-09 04:10,1350
2019-06-09 04:15,1355
2019-06-09 04:20,1360
2019-06-09 04:25,1359
2019-06-09 04:30,1329
2019-06-09 04:35,1327
2019-06-09 04:40,1328
2019-06-09 04:45,1305
2019-06-09 04:50,1293
2019-06-09 04:55,1268
2019-06-09 05:00,1251
2019-06-09 05:05,1246
2019-06-09 05:10,1229
2019-06-09 05:15,1226
2019-06-09 05:20,1198
2019-06-09 05:25,1193
2019-06-09 05:30,1189
2019-06-09 05:35,1192
2019-06-09 05:40,1171
2019-06-09 05:45,1165
2019-06-09 05:50,1168
2019-06-09 05:55,1182
2019-06-09 06:00,1189
2019-06-09 06:05,1194
2019-06-09 06:10,1185
2019-06-09 06:15,1190
2019-06-09 06:20,1179
2019-06-09 06:25,1193
2019-06-09 06:30,1199
2019-06-09 06:35,1202
2019-06-09 06:40,1200
2019-06-09 06:45,1235
2019-06-09 06:50,1244
2019-06-09 06:55,1264
2019-06-09 07:00,1274
2019-06-09 07:05,1284
2019-06-09 07:10,1283
2019-06-09 07:15,1299
2019-06-09 07:20,1299
2019-06-09 07:25,1304
2019-06-09 07:30,1319
2019-06-09 07:35,1321
2019-06-09 07:40,1313
2019-06-09 07:45,1342
2019-06-09 07:50,1336
2019-06-09 07:55,1363
2019-06-09 08:00,1396
2019-06-09 08:05,1386
2019-06-09 08:10,1388
2019-06-09 08:15,1394
2019-06-09 08:20,1402
2019-06-09 08:25,1405
2019-06-09 08:30,1419
2019-06-09 08:35,1431
2019-06-09 08:40,1461
2019-06-09 08:45,1465
2019-06-09 08:50,1488
2019-06-09 08:55,1497
2019-06-09 09:00,1520
2019-06-09 09:05,1518
2019-06-09 09:10,1530
2019-06-09 09:15,1540
2019-06-09 09:20,1541
2019-06-09 09:25,1556
2019-06-09 09:30,1562
2019-06-09 09:35,1566
2019-06-09 09:40,1566
2019-06-09 09:45,1566
2019-06-09 09:50,1582
2019-06-09 09:55,1609
2019-06-09 10:00,1623
2019-06-09 10:05,1640
2019-06-09 10:10,1659
2019-06-09 10:15,1661
2019-06-09 10:20,1691
2019-06-09 10:25,1699
2019-06-09 10:30,1711
2019-06-09 10:35,1732
2019-06-09 10:40,1736
2019-06-09 10:45,1772
2019-06-09 10:50,1779
2019-06-09 10:55,1788
2019-06-09 11:00,1788
2019-06-09 11:05,1802
2019-06-09 11:10,1809
2019-06-09 11:15,1809
2019-06-09 11:20,1800
2019-06-09 11:25,1851
2019-06-09 11:30,1865
2019-06-09 11:35,1865
2019-06-09 11:40,1876
2019-06-09 11:45,1859
2019-06-09 11:50,1868
2019-06-09 11:55,1884
2019-06-09 12:00,1899
2019-06-09 12:05,1919
2019-06-09 12:10,1937
2019-06-09 12:15,1961
2019-06-09 12:20,1980
2019-06-09 12:25,2006
2019-06-09 12:30,2019
2019-06-09 12:35,2038
2019-06-09 12:40,2035
2019-06-09 12:45,2064
2019-06-09 12:50,2072
2019-06-09 12:55,2081
2019-06-09 13:00,2066
2019-06-09 13:05,2060
2019-06-09 13:10,2052
2019-06-09 13:15,2052
2019-06-09 13:20,2083
2019-06-09 13:25,2077
2019-06-09 13:30,2080
2019-06-09 13:35,2100
2019-06-09 13:40,2119
2019-06-09 13:45,2101
2019-06-09 13:50,2111
2019-06-09 13:55,2095
2019-06-09 14:00,2117
2019-06-09 14:05,2126
2019-06-09 14:10,2126
2019-06-09 14:15,2153
2019-06-09 14:20,2195
2019-06-09 14:25,2193
2019-06-09 14:30,2213
2019-06-09 14:35,2216
2019-06-09 14:40,2206
2019-06-09 14:45,2230
2019-06-09 14:50,2252
2019-06-09 14:55,2270
2019-06-09 15:00,2277
2019-06-09 15:05,2294
2019-06-09 15:10,2258
2019-06-09 15:15,2278
2019-06-09 15:20,2291
2019-06-09 15:25,2289
2019-06-09 15:30,2296
2019-06-09 15:35,2308
2019-06-09 15:40,2315
2019-06-09 15:45,2338
2019-06-09 15:50,2362
2019-06-09 15:55,2384
2019-06-09 16:00,2424
2019-06-09 16:05,2440
2019-06-09 16:10,2489
2019-06-09 16:15,2486
2019-06-09 16:20,2472
2019-06-09 16:25,2471
2019-06-09 16:30,2463
2019-06-09 16:35,2476
2019-06-09 16:40,2497
2019-06-09 16:45,2504
2019-06-09 16:50,2510
2019-06-09 16:55,2513
2019-06-09 17:00,2533
2019-06-09 17:05,2527
2019-06-09 17:10,2547
2019-06-09 17:15,2533
2019-06-09 17:20,2534
2019-06-09 17:25,2538
2019-06-09 17:30,2533
2019-06-09 17:35,2542
2019-06-09 17:40,2548
2019-06-09 17:45,2552
2019-06-09 17:50,2554
2019-06-09 17:55,2563
2019-06-09 18:00,2564
2019-06-09 18:05,2561
2019-06-09 18:10,2556
2019-06-09 18:15,2549
2019-06-09 18:20,2553
2019-06-09 18:25,2596
2019-06-09 18:30,2562
2019-06-09 18:35,2566
2019-06-09 18:40,2560
2019-06-09 18:45,2560
2019-06-09 18:50,2543
2019-06-09 18:55,2565
2019-06-09 19:00,2579
2019-06-09 19:05,2579
2019-06-09 19:10,2583
2019-06-09 19:15,2571
2019-06-09 19:20,2567
2019-06-09 19:25,2553
2019-06-09 19:30,2564
2019-06-09 19:35,2572
2019-06-09 19:40,2568
2019-06-09 19:45,2554
2019-06-09 19:50,2565
2019-06-09 19:55,2579
2019-06-09 20:00,2571
2019-06-09 20:05,2553
2019-06-09 20:10,2523
2019-06-09 20:15,2508
2019-06-09 20:20,2495
2019-06-09 20:25,2500
2019-06-09 20:30,2462
2019-06-09 20:35,2448
2019-06-09 20:40,2457
2019-06-09 20:45,2424
2019-06-09 20:50,2433
2019-06-09 20:55,2394
2019-06-09 21:00,2384
2019-06-09 21:05,2375
2019-06-09 21:10,2342
2019-06-09 21:15,2323
2019-06-09 21:20,2289
2019-06-09 21:25,2275
2019-06-09 21:30,2257
2019-06-09 21:35,2203
2019-06-09 21:40,2193
2019-06-09 21:45,2190
2019-06-09 21:50,2171
2019-06-09 21:55,2160
2019-06-09 22:00,2137
2019-06-09 22:05,2099
2019-06-09 22:10,2076
2019-06-09 22:15,2074
2019-06-09 22:20,2061
2019-06-09 22:25,2030
2019-06-09 22:30,1994
2019-06-09 22:35,1977
2019-06-09 22:40,1933
2019-06-09 22:45,1922
2019-06-09 22:50,1913
2019-06-09 22:55,1902
2019-06-09 23:00,1869
2019-06-09 23:05,1850
2019-06-09 23:10,1839
2019-06-09 23:15,1801
2019-06-09 23:20,1770
2019-06-09 23:25,1766
2019-06-09 23:30,1751
2019-06-09 23:35,1755
2019-06-09 23:40,1747
2019-06-09 23:45,1739
2019-06-09 23:50,1718
2019-06-09 23:55,1683
2019-06-10 00:00,1668
2019-06-10 00:05,1646
2019-06-10 00:10,1633
2019-06-10 00:15,1634
2019-06-10 00:20,1633
2019-06-10 00:25,1639
2019-06-10 00:30,1632
2019-06-10 00:35,1597
2019-06-10 00:40,1580
2019-06-10 00:45,1575
2019-06-10 00:50,1572
2019-06-10 00:55,1567
2019-06-10 01:00,1548
2019-06-10 01:05,1556
2019-06-10 01:10,1562
2019-06-10 01:15,1550
2019-06-10 01:20,1544
2019-06-10 01:25,1549
2019-06-10 01:30,1552
2019-06-10 01:35,1541
2019-06-10 01:40,1530
2019-06-10 01:45,1528
2019-06-10 01:50,1523
2019-06-10 01:55,1512
2019-06-10 02:00,1504
2019-06-10 02:05,1479
2019-06-10 02:10,1459
2019-06-10 02:15,1436
2019-06-10 02:20,1442
2019-06-10 02:25,1435
2019-06-10 02:30,1434
2019-06-10 02:35,1430
2019-06-10 02:40,1429
2019-06-10 02:45,1410
2019-06-10 02:50,1420
2019-06-10 02:55,1389
2019-06-10 03:00,1376
2019-06-10 03:05,1350
2019-06-10 03:10,1339
2019-06-10 03:15,1340
2019-06-10 03:20,1319
2019-06-10 03:25,1309
2019-06-10 03:30,1293
2019-06-10 03:35,1274
2019-06-10 03:40,1284
2019-06-10 03:45,1267
2019-06-10 03:50,1246
2019-06-10 03:55,1236
2019-06-10 04:00,1229
2019-06-10 04:05,1220
2019-06-10 04:10,1202
2019-06-10 04:15,1185
2019-06-10 04:20,1184
2019-06-10 04:25,1150
2019-06-10 04:30,1129
2019-06-10 04:35,1106
2019-06-10 04:40,1107
2019-06-10 04:45,1099
2019-06-10 04:50,1093
2019-06-10 04:55,1076
2019-06-10 05:00,1074
2019-06-10 05:05,1070
2019-06-10 05:10,1068
2019-06-10 05:15,1065
2019-06-10 05:20,1062
2019-06-10 05:25,1056
2019-06-10 05:30,1061
2019-06-10 05:35,1063
2019-06-10 05:40,1063
2019-06-10 05:45,1063
2019-06-10 05:50,1055
2019-06-10 05:55,1068
2019-06-10 06:00,1068
2019-06-10 06:05,1042
2019-06-10 06:10,1032
2019-06-10 06:15,1033
2019-06-10 06:20,1034
2019-06-10 06:25,1042
2019-06-10 06:30,1042
2019-06-10 06:35,1050
2019-06-10 06:40,1054
2019-06-10 06:45,1074
2019-06-10 06:50,1084
2019-06-10 06:55,1086
2019-06-10 07:00,1101
2019-06-10 07:05,1096
2019-06-10 07:10,1106
2019-06-10 07:15,1100
2019-06-10 07:20,1120
2019-06-10 07:25,1124
2019-06-10 07:30,1124
2019-06-10 07:35,1134
2019-06-10 07:40,1152
2019-06-10 07:45,1152
2019-06-10 07:50,1164
2019-06-10 07:55,1170
2019-06-10 08:00,1169
2019-06-10 08:05,1176
2019-06-10 08:10,1178
2019-06-10 08:15,1210
2019-06-10 08:20,1218
2019-06-10 08:25,1229
2019-06-10 08:30,1233
2019-06-10 08:35,1265
2019-06-10 08:40,1277
2019-06-10 08:45,1282
2019-06-10 08:50,1285
2019-06-10 08:55,1292
2019-06-10 09:00,1290
2019-06-10 09:05,1315
2019-06-10 09:10,1334
2019-06-10 09:15,1334
2019-06-10 09:20,1334
2019-06-10 09:25,1333
2019-06-10 09:30,1348
2019-06-10 09:35,1358
2019-06-10 09:40,1368
2019-06-10 09:45,1393
2019-06-10 09:50,1389
2019-06-10 09:55,1393
2019-06-10 10:00,1433
2019-06-10 10:05,1457
2019-06-10 10:10,1470
2019-06-10 10:15,1501
2019-06-10 10:20,1537
2019-06-10 10:25,1540
2019-06-10 10:30,1557
2019-06-10 10:35,1585
2019-06-10 10:40,1599
2019-06-10 10:45,1604
2019-06-10 10:50,1602
2019-06-10 10:55,1597
2019-06-10 11:00,1619
2019-06-10 11:05,1608
2019-06-10 11:10,1621
2019-06-10 11:15,1626
2019-06-10 11:20,1642
2019-06-10 11:25,1643
2019-06-10 11:30,1663
2019-06-10 11:35,1668
2019-06-10 11:40,1679
2019-06-10 11:45,1675
2019-06-10 11:50,1662
2019-06-10 11:55,1675
2019-06-10 12:00,1693
2019-06-10 12:05,1692
2019-06-10 12:10,1709
2019-06-10 12:15,1710
2019-06-10 12:20,1708
2019-06-10 12:25,1721
2019-06-10 12:30,1727
2019-06-10 12:35,1740
2019-06-10 12:40,1759
2019-06-10 12:45,1766
2019-06-10 12:50,1793
2019-06-10 12:55,1807
2019-06-10 13:00,1810
2019-06-10 13:05,1810
2019-06-10 13:10,1827
2019-06-10 13:15,1838
2019-06-10 13:20,1856
2019-06-10 13:25,1847
2019-06-10 13:30,1839
2019-06-10 13:35,1862
2019-06-10 13:40,1862
2019-06-10 13:45,1874
2019-06-10 13:50,1870
2019-06-10 13:55,1881
2019-06-10 14:00,1896
2019-06-10 14:05,1908
2019-06-10 14:10,1917
2019-06-10 14:15,1926
2019-06-10 14:20,1925
2019-06-10 14:25,1939
2019-06-10 14:30,1935
2019-06-10 14:35,1926
2019-06-10 14:40,1924
2019-06-10 14:45,1944
2019-06-10 14:50,1963
2019-06-10 14:55,1974
2019-06-10 15:00,1981
2019-06-10 15:05,2002
2019-06-10 15:10,2021
2019-06-10 15:15,2039
2019-06-10 15:20,2032
2019-06-10 15:25,2032
2019-06-10 15:30,2059
2019-06-10 15:35,2073
2019-06-10 15:40,2097
2019-06-10 15:45,2117
2019-06-10 15:50,2104
2019-06-10 15:55,2137
2019-06-10 16:00,2146
2019-06-10 16:05,2137
2019-06-10 16:10,2138
2019-06-10 16:15,2140
2019-06-10 16:20,2151
2019-06-10 16:25,2160
2019-06-10 16:30,2157
2019-06-10 16:35,2136
2019-06-10 16:40,2150
2019-06-10 16:45,2151
2019-06-10 16:50,2169
2019-06-10 16:55,2174
2019-06-10 17:00,2179
2019-06-10 17:05,2175
2019-06-10 17:10,2174
2019-06-10 17:15,2184
2019-06-10 17:20,2207
2019-06-10 17:25,2221
2019-06-10 17:30,2227
2019-06-10 17:35,2255
2019-06-10 17:40,2265
2019-06-10 17:45,2255
2019-06-10 17:50,2247
2019-06-10 17:55,2279
2019-06-10 18:00,2293
2019-06-10 18:05,2296
2019-06-10 18:10,2273
2019-06-10 18:15,2257
2019-06-10 18:20,2254
2019-06-10 18:25,2254
2019-06-10 18:30,2252
2019-06-10 18:35,2244
2019-06-10 18:40,2240
2019-06-10 18:45,2239
2019-06-10 18:50,2241
2019-06-10 18:55,2239
2019-06-10 19:00,2230
2019-06-10 19:05,2239
2019-06-10 19:10,2233
2019-06-10 19:15,2187
2019-06-10 19:20,2170
2019-06-10 19:25,2173
2019-06-10 19:30,2161
2019-06-10 19:35,2138
2019-06-10 19:40,2105
2019-06-10 19:45,2115
2019-06-10 19:50,2126
2019-06-10 19:55,2105
2019-06-10 20:00,2064
2019-06-10 20:05,2044
2019-06-10 20:10,2049
2019-06-10 20:15,2055
2019-06-10 20:20,2031
2019-06-10 20:25,2019
2019-06-10 20:30,2004
2019-06-10 20:35,1973
2019-06-10 20:40,1947
2019-06-10 20:45,1927
2019-06-10 20:50,1915
2019-06-10 20:55,1890
2019-06-10 21:00,1862
2019-06-10 21:05,1845
2019-06-10 21:10,1810
2019-06-10 21:15,1772
2019-06-10 21:20,1774
2019-06-10 21:25,1761
2019-06-10 21:30,1741
2019-06-10 21:35,1731
2019-06-10 21:40,1709
2019-06-10 21:45,1672
2019-06-10 21:50,1680
2019-06-10 21:55,1681
2019-06-10 22:00,1678
2019-06-10 22:05,0
2019-06-10 22:10,1698
2019-06-10 22:15,1668
2019-06-10 22:20,1650
2019-06-10 22:25,1638
2019-06-10 22:30,1616
2019-06-10 22:35,1624
2019-06-10 22:40,1637
2019-06-10 22:45,1609
2019-06-10 22:50,1598
2019-06-10 22:55,1589
2019-06-10 23:00,1572
2019-06-10 23:05,1576
2019-06-10 23:10,1591
2019-06-10 23:15,1576
2019-06-10 23:20,1586
2019-06-10 23:25,1582
2019-06-10 23:30,1570
2019-06-10 23:35,1561
2019-06-10 23:40,1555
2019-06-10 23:45,1548
2019-06-10 23:50,0
2019-06-10 23:55,1549
2019-06-11 00:00,1529
2019-06-11 00:05,1520
2019-06-11 00:10,1513
2019-06-11 00:15,1494
2019-06-11 00:20,1502
2019-06-11 00:25,1482
2019-06-11 00:30,1476
2019-06-11 00:35,1462
2019-06-11 00:40,1461
2019-06-11 00:45,1456
2019-06-11 00:50,1468
2019-06-11 00:55,1448
2019-06-11 01:00,1434
2019-06-11 01:05,1424
2019-06-11 01:10,1418
2019-06-11 01:15,1400
2019-06-11 01:20,1390
2019-06-11 01:25,1377
2019-06-11 01:30,1365
2019-06-11 01:35,1377
2019-06-11 01:40,1383
2019-06-11 01:45,1368
2019-06-11 01:50,0
2019-06-11 01:55,1344
2019-06-11 02:00,1345
2019-06-11 02:05,1334
2019-06-11 02:10,1321
2019-06-11 02:15,1305
2019-06-11 02:20,1294
2019-06-11 02:25,1302
2019-06-11 02:30,1300
2019-06-11 02:35,1301
2019-06-11 02:40,1277
2019-06-11 02:45,1271
2019-06-11 02:50,1249
2019-06-11 02:55,1248
2019-06-11 03:00,1227
2019-06-11 03:05,1211
2019-06-11 03:10,1197
2019-06-11 03:15,1178
2019-06-11 03:20,1173
2019-06-11 03:25,1158
2019-06-11 03:30,1155
2019-06-11 03:35,1137
2019-06-11 03:40,1125
2019-06-11 03:45,1122
2019-06-11 03:50,1113
2019-06-11 03:55,1112
2019-06-11 04:00,1113
2019-06-11 04:05,1093
2019-06-11 04:10,1094
2019-06-11 04:15,1085
2019-06-11 04:20,1075
2019-06-11 04:25,1053
2019-06-11 04:30,1050
2019-06-11 04:35,1046
2019-06-11 04:40,1037
2019-06-11 04:45,1025
2019-06-11 04:50,1029
2019-06-11 04:55,1023
2019-06-11 05:00,1010
2019-06-11 05:05,1003
2019-06-11 05:10,981
2019-06-11 05:15,964
2019-06-11 05:20,953
2019-06-11 05:25,949
2019-06-11 05:30,933
2019-06-11 05:35,929
2019-06-11 05:40,946
2019-06-11 05:45,942
2019-06-11 05:50,935
2019-06-11 05:55,937
2019-06-11 06:00,943
2019-06-11 06:05,950
2019-06-11 06:10,926
2019-06-11 06:15,942
2019-06-11 06:20,918
2019-06-11 06:25,922
2019-06-11 06:30,911
2019-06-11 06:35,907
2019-06-11 06:40,913
2019-06-11 06:45,908
2019-06-11 06:50,927
2019-06-11 06:55,921
2019-06-11 07:00,937
2019-06-11 07:05,938
2019-06-11 07:10,943
2019-06-11 07:15,957
2019-06-11 07:20,963
2019-06-11 07:25,967
2019-06-11 07:30,982
2019-06-11 07:35,991
2019-06-11 07:40,996
2019-06-11 07:45,1010
2019-06-11 07:50,1000
2019-06-11 07:55,993
2019-06-11 08:00,999
2019-06-11 08:05,1019
2019-06-11 08:10,1026
2019-06-11 08:15,1021
2019-06-11 08:20,1024
2019-06-11 08:25,1024
2019-06-11 08:30,1031
2019-06-11 08:35,1030
2019-06-11 08:40,1042
2019-06-11 08:45,1053
2019-06-11 08:50,1056
2019-06-11 08:55,1073
2019-06-11 09:00,1073
2019-06-11 09:05,1078
2019-06-11 09:10,1081
2019-06-11 09:15,1098
2019-06-11 09:20,1117
2019-06-11 09:25,1132
2019-06-11 09:30,1140
2019-06-11 09:35,1154
2019-06-11 09:40,1165
2019-06-11 09:45,1163
2019-06-11 09:50,1186
2019-06-11 09:55,1198
2019-06-11 10:00,1216
2019-06-11 10:05,1230
2019-06-11 10:10,1242
2019-06-11 10:15,1237
2019-06-11 10:20,1252
2019-06-11 10:25,1241
2019-06-11 10:30,1236
2019-06-11 10:35,1248
2019-06-11 10:40,1253
2019-06-11 10:45,1260
2019-06-11 10:50,1273
2019-06-11 10:55,1276
2019-06-11 11:00,1287
2019-06-11 11:05,1285
2019-06-11 11:10,1314
2019-06-11 11:15,1307
2019-06-11 11:20,1321
2019-06-11 11:25,1332
2019-06-11 11:30,1334
2019-06-11 11:35,1344
2019-06-11 11:40,1345
2019-06-11 11:45,1349
2019-06-11 11:50,1335
2019-06-11 11:55,1338
2019-06-11 12:00,1340
2019-06-11 12:05,1361
2019-06-11 12:10,1379
2019-06-11 12:15,1381
2019-06-11 12:20,1400
2019-06-11 12:25,1408
2019-06-11 12:30,1420
2019-06-11 12:35,1418
2019-06-11 12:40,1402
2019-06-11 12:45,1405
2019-06-11 12:50,1415
2019-06-11 12:55,1432
2019-06-11 13:00,1445
2019-06-11 13:05,1453
2019-06-11 13:10,1466
2019-06-11 13:15,1471
2019-06-11 13:20,1483
2019-06-11 13:25,1504
2019-06-11 13:30,1513
2019-06-11 13:35,1504
2019-06-11 13:40,1525
2019-06-11 13:45,1511
2019-06-11 13:50,1546
2019-06-11 13:55,1565
2019-06-11 14:00,1588
2019-06-11 14:05,1601
2019-06-11 14:10,1599
2019-06-11 14:15,1610
2019-06-11 14:20,1605
2019-06-11 14:25,1603
2019-06-11 14:30,1619
2019-06-11 14:35,1641
2019-06-11 14:40,1650
2019-06-11 14:45,1664
2019-06-11 14:50,1695
2019-06-11 14:55,1693
2019-06-11 15:00,1703
2019-06-11 15:05,1718
2019-06-11 15:10,1722
2019-06-11 15:15,1728
2019-06-11 15:20,1742
2019-06-11 15:25,1775
2019-06-11 15:30,1799
2019-06-11 15:35,1804
2019-06-11 15:40,1811
2019-06-11 15:45,1821
2019-06-11 15:50,1825
2019-06-11 15:55,1833
2019-06-11 16:00,1836
2019-06-11 16:05,1856
2019-06-11 16:10,1888
2019-06-11 16:15,1898
2019-06-11 16:20,1903
2019-06-11 16:25,1904
2019-06-11 16:30,1909
2019-06-11 16:35,
2019-06-11 16:40,1938
2019-06-11 16:45,1989
2019-06-11 16:50,2014
2019-06-11 16:55,2045
2019-06-11 17:00,2030
2019-06-11 17:05,2053
2019-06-11 17:10,2060
2019-06-11 17:15,2070
2019-06-11 17:20,2045
2019-06-11 17:25,2058
2019-06-11 17:30,2080
2019-06-11 17:35,2099
2019-06-11 17:40,2094
2019-06-11 17:45,2101
2019-06-11 17:50,2102
2019-06-11 17:55,
2019-06-11 18:00,2108
2019-06-11 18:05,2122
2019-06-11 18:10,2116
2019-06-11 18:15,2111
2019-06-11 18:20,2112
2019-06-11 18:25,2090
2019-06-11 18:30,2101
2019-06-11 18:35,2117
2019-06-11 18:40,2126
2019-06-11 18:45,2122
2019-06-11 18:50,2110
2019-06-11 18:55,2116
2019-06-11 19:00,2100
2019-06-11 19:05,2090
2019-06-11 19:10,2092
2019-06-11 19:15,2082
2019-06-11 19:20,2075
2019-06-11 19:25,2099
2019-06-11 19:30,2104
2019-06-11 19:35,2087
2019-06-11 19:40,2087
2019-06-11 19:45,2066
2019-06-11 19:50,2057
2019-06-11 19:55,2061
2019-06-11 20:00,2035
2019-06-11 20:05,2018
2019-06-11 20:10,2001
2019-06-11 20:15,1988
2019-06-11 20:20,1992
2019-06-11 20:25,1961
2019-06-11 20:30,1962
2019-06-11 20:35,1962
2019-06-11 20:40,1940
2019-06-11 20:45,1935
2019-06-11 20:50,1924
2019-06-11 20:55,1915
2019-06-11 21:00,1898
2019-06-11 21:05,1878
2019-06-11 21:10,1853
2019-06-11 21:15,1835
2019-06-11 21:20,1816
2019-06-11 21:25,1795
2019-06-11 21:30,1795
2019-06-11 21:35,1771
2019-06-11 21:40,1777
2019-06-11 21:45,1753
2019-06-11 21:50,1731
2019-06-11 21:55,1697
2019-06-11 22:00,1700
2019-06-11 22:05,1683
2019-06-11 22:10,1667
2019-06-11 22:15,1669
2019-06-11 22:20,1656
2019-06-11 22:25,1643
2019-06-11 22:30,1632
2019-06-11 22:35,1619
2019-06-11 22:40,1592
2019-06-11 22:45,1589
2019-06-11 22:50,1575
2019-06-11 22:55,1590
2019-06-11 23:00,1588
2019-06-11 23:05,1577
2019-06-11 23:10,1564
2019-06-11 23:15,0
2019-06-11 23:20,135
2019-06-11 23:25,365
2019-06-11 23:30,866
2019-06-11 23:35,1042
2019-06-11 23:40,1083
2019-06-11 23:45,1093
2019-06-11 23:50,1104
2019-06-11 23:55,1114
2019-06-12 00:00,1138
2019-06-12 00:05,1146
2019-06-12 00:10,1144
2019-06-12 00:15,1137
2019-06-12 00:20,1124
2019-06-12 00:25,1136
2019-06-12 00:30,1136
2019-06-12 00:35,774
2019-06-12 00:40,1120
2019-06-12 00:45,1284
2019-06-12 00:50,1351
2019-06-12 00:55,1392
2019-06-12 01:00,1417
2019-06-12 01:05,1150
2019-06-12 01:10,1361
2019-06-12 01:15,1416
2019-06-12 01:20,1422
2019-06-12 01:25,1417
2019-06-12 01:30,1392
2019-06-12 01:35,1401
2019-06-12 01:40,1409
2019-06-12 01:45,1393
2019-06-12 01:50,1386
2019-06-12 01:55,1388
2019-06-12 02:00,1384
2019-06-12 02:05,1361
2019-06-12 02:10,1361
2019-06-12 02:15,1359
2019-06-12 02:20,1354
2019-06-12 02:25,1317
2019-06-12 02:30,1291
2019-06-12 02:35,1276
2019-06-12 02:40,1282
2019-06-12 02:45,1285
2019-06-12 02:50,1268
2019-06-12 02:55,1257
2019-06-12 03:00,1235
2019-06-12 03:05,1227
2019-06-12 03:10,1217
2019-06-12 03:15,1201
2019-06-12 03:20,1181
2019-06-12 03:25,1175
2019-06-12 03:30,1153
2019-06-12 03:35,1150
2019-06-12 03:40,1135
2019-06-12 03:45,1134
2019-06-12 03:50,1116
2019-06-12 03:55,1113
2019-06-12 04:00,1110
2019-06-12 04:05,1113
2019-06-12 04:10,1090
2019-06-12 04:15,1089
2019-06-12 04:20,1054
2019-06-12 04:25,1063
2019-06-12 04:30,1052
2019-06-12 04:35,1043
2019-06-12 04:40,1038
2019-06-12 04:45,1033
2019-06-12 04:50,1019
2019-06-12 04:55,1025
2019-06-12 05:00,1027
2019-06-12 05:05,1020
2019-06-12 05:10,1016
2019-06-12 05:15,991
2019-06-12 05:20,974
2019-06-12 05:25,966
2019-06-12 05:30,957
2019-06-12 05:35,950
2019-06-12 05:40,943
2019-06-12 05:45,925
2019-06-12 05:50,940
2019-06-12 05:55,966
2019-06-12 06:00,964
2019-06-12 06:05,949
2019-06-12 06:10,954
2019-06-12 06:15,950
2019-06-12 06:20,942
2019-06-12 06:25,940
2019-06-12 06:30,937
2019-06-12 06:35,934
2019-06-12 06:40,949
2019-06-12 06:45,945
2019-06-12 06:50,963
2019-06-12 06:55,958
2019-06-12 07:00,961
2019-06-12 07:05,961
2019-06-12 07:10,976
2019-06-12 07:15,974
2019-06-12 07:20,970
2019-06-12 07:25,981
2019-06-12 07:30,996
2019-06-12 07:35,989
2019-06-12 07:40,995
2019-06-12 07:45,1017
2019-06-12 07:50,1025
2019-06-12 07:55,1027
2019-06-12 08:00,1026
2019-06-12 08:05,1037
2019-06-12 08:10,1039
2019-06-12 08:15,1061
2019-06-12 08:20,1060
2019-06-12 08:25,1071
2019-06-12 08:30,1089
2019-06-12 08:35,1104
2019-06-12 08:40,1106
2019-06-12 08:45,1118
2019-06-12 08:50,1137
2019-06-12 08:55,1140
2019-06-12 09:00,1142
2019-06-12 09:05,1155
2019-06-12 09:10,1164
2019-06-12 09:15,1176
2019-06-12 09:20,1173
2019-06-12 09:25,1189
2019-06-12 09:30,1186
2019-06-12 09:35,1205
2019-06-12 09:40,1219
2019-06-12 09:45,1229
2019-06-12 09:50,1246
2019-06-12 09:55,1274
2019-06-12 10:00,1287
2019-06-12 10:05,1306
2019-06-12 10:10,1327
2019-06-12 10:15,1356
2019-06-12 10:20,1371
2019-06-12 10:25,1379
2019-06-12 10:30,1383
2019-06-12 10:35,1376
2019-06-12 10:40,1375
2019-06-12 10:45,1380
2019-06-12 10:50,1375
2019-06-12 10:55,1380
2019-06-12 11:00,1387
2019-06-12 11:05,1388
2019-06-12 11:10,1420
2019-06-12 11:15,1405
2019-06-12 11:20,1409
2019-06-12 11:25,1404
2019-06-12 11:30,1410
2019-06-12 11:35,1432
2019-06-12 11:40,1443
2019-06-12 11:45,1454
2019-06-12 11:50,1457
2019-06-12 11:55,1461
2019-06-12 12:00,1462
2019-06-12 12:05,1468
2019-06-12 12:10,1448
2019-06-12 12:15,1479
2019-06-12 12:20,1470
2019-06-12 12:25,1474
2019-06-12 12:30,1465
2019-06-12 12:35,1451
2019-06-12 12:40,1425
2019-06-12 12:45,1368
2019-06-12 12:50,1337
2019-06-12 12:55,1328
2019-06-12 13:00,1328
2019-06-12 13:05,1260
2019-06-12 13:10,1226
2019-06-12 13:15,1270
2019-06-12 13:20,1301
2019-06-12 13:25,1320
2019-06-12 13:30,1353
2019-06-12 13:35,1387
2019-06-12 13:40,1418
2019-06-12 13:45,1438
2019-06-12 13:50,1457
2019-06-12 13:55,
2019-06-12 14:00,
2019-06-12 14:05,
2019-06-12 14:10,1549
2019-06-12 14:15,1563
2019-06-12 14:20,1596
2019-06-12 14:25,1603
2019-06-12 14:30,1621
2019-06-12 14:35,1653
2019-06-12 14:40,1654
2019-06-12 14:45,1679
2019-06-12 14:50,1685
2019-06-12 14:55,1717
2019-06-12 15:00,1725
2019-06-12 15:05,1732
2019-06-12 15:10,1742
2019-06-12 15:15,1755
2019-06-12 15:20,1754
2019-06-12 15:25,1742
2019-06-12 15:30,1785
2019-06-12 15:35,1781
2019-06-12 15:40,1800
2019-06-12 15:45,1817
2019-06-12 15:50,1812
2019-06-12 15:55,1815
2019-06-12 16:00,1825
2019-06-12 16:05,1856
2019-06-12 16:10,1847
2019-06-12 16:15,1881
2019-06-12 16:20,1859
2019-06-12 16:25,1873
2019-06-12 16:30,1880
2019-06-12 16:35,1897
2019-06-12 16:40,1911
2019-06-12 16:45,1927
2019-06-12 16:50,1917
2019-06-12 16:55,1947
2019-06-12 17:00,1951
2019-06-12 17:05,1959
2019-06-12 17:10,1949
2019-06-12 17:15,1958
2019-06-12 17:20,2001
2019-06-12 17:25,2000
2019-06-12 17:30,2007
2019-06-12 17:35,2000
2019-06-12 17:40,1991
2019-06-12 17:45,2006
2019-06-12 17:50,2029
2019-06-12 17:55,2051
2019-06-12 18:00,2067
2019-06-12 18:05,2084
2019-06-12 18:10,2078
2019-06-12 18:15,2096
2019-06-12 18:20,2110
2019-06-12 18:25,2119
2019-06-12 18:30,2146
2019-06-12 18:35,2130
2019-06-12 18:40,2156
2019-06-12 18:45,2154
2019-06-12 18:50,2161
2019-06-12 18:55,2189
2019-06-12 19:00,2187
2019-06-12 19:05,2166
2019-06-12 19:10,2167
2019-06-12 19:15,2177
2019-06-12 19:20,2182
2019-06-12 19:25,2192
2019-06-12 19:30,2185
2019-06-12 19:35,2190
2019-06-12 19:40,2197
2019-06-12 19:45,2196
2019-06-12 19:50,2167
2019-06-12 19:55,2151
2019-06-12 20:00,2145
2019-06-12 20:05,2136
2019-06-12 20:10,2141
2019-06-12 20:15,2115
2019-06-12 20:20,2111
2019-06-12 20:25,2087
2019-06-12 20:30,2067
2019-06-12 20:35,2029
2019-06-12 20:40,1992
2019-06-12 20:45,1974
2019-06-12 20:50,1941
2019-06-12 20:55,1904
2019-06-12 21:00,1860
2019-06-12 21:05,1861
2019-06-12 21:10,1852
2019-06-12 21:15,1850
2019-06-12 21:20,1819
2019-06-12 21:25,1800
2019-06-12 21:30,1768
2019-06-12 21:35,1759
2019-06-12 21:40,1756
2019-06-12 21:45,1727
2019-06-12 21:50,1710
2019-06-12 21:55,1694
2019-06-12 22:00,1669
2019-06-12 22:05,1635
2019-06-12 22:10,1615
2019-06-12 22:15,1609
2019-06-12 22:20,1598
2019-06-12 22:25,1590
2019-06-12 22:30,1559
2019-06-12 22:35,1542
2019-06-12 22:40,1537
2019-06-12 22:45,1513
2019-06-12 22:50,1522
2019-06-12 22:55,1492
2019-06-12 23:00,1484
2019-06-12 23:05,1483
2019-06-12 23:10,1479
2019-06-12 23:15,1456
2019-06-12 23:20,1437
2019-06-12 23:25,1436
2019-06-12 23:30,1445
2019-06-12 23:35,1448
2019-06-12 23:40,1451
2019-06-12 23:45,1457
2019-06-12 23:50,1432
2019-06-12 23:55,1438
2019-06-13 00:00,1430
2019-06-13 00:05,1419
2019-06-13 00:10,1397
2019-06-13 00:15,1371
2019-06-13 00:20,1382
2019-06-13 00:25,1395
2019-06-13 00:30,1402
2019-06-13 00:35,1381
2019-06-13 00:40,1356
2019-06-13 00:45,1353
2019-06-13 00:50,1350
2019-06-13 00:55,1345
2019-06-13 01:00,1350
2019-06-13 01:05,1342
2019-06-13 01:10,1343
2019-06-13 01:15,1334
2019-06-13 01:20,1338
2019-06-13 01:25,1346
2019-06-13 01:30,1356
2019-06-13 01:35,1347
2019-06-13 01:40,1360
2019-06-13 01:45,1347
2019-06-13 01:50,1346
2019-06-13 01:55,1371
2019-06-13 02:00,1351
2019-06-13 02:05,1345
2019-06-13 02:10,1332
2019-06-13 02:15,1339
2019-06-13 02:20,1320
2019-06-13 02:25,1306
2019-06-13 02:30,1297
2019-06-13 02:35,1283
2019-06-13 02:40,1275
2019-06-13 02:45,1261
2019-06-13 02:50,1261
2019-06-13 02:55,1237
2019-06-13 03:00,1229
2019-06-13 03:05,1196
2019-06-13 03:10,1193
2019-06-13 03:15,1174
2019-06-13 03:20,1175
2019-06-13 03:25,1175
2019-06-13 03:30,1165
2019-06-13 03:35,1156
2019-06-13 03:40,1136
2019-06-13 03:45,1142
2019-06-13 03:50,1125
2019-06-13 03:55,1131
2019-06-13 04:00,1125
2019-06-13 04:05,1107
2019-06-13 04:10,1080
2019-06-13 04:15,1058
2019-06-13 04:20,1060
2019-06-13 04:25,1034
2019-06-13 04:30,1022
2019-06-13 04:35,1029
2019-06-13 04:40,1012
2019-06-13 04:45,1010
2019-06-13 04:50,1014
2019-06-13 04:55,1011
2019-06-13 05:00,1012
2019-06-13 05:05,1014
2019-06-13 05:10,1011
2019-06-13 05:15,1000
2019-06-13 05:20,997
2019-06-13 05:25,994
2019-06-13 05:30,981
2019-06-13 05:35,961
2019-06-13 05:40,943
2019-06-13 05:45,939
2019-06-13 05:50,949
2019-06-13 05:55,944
2019-06-13 06:00,940
2019-06-13 06:05,938
2019-06-13 06:10,930
2019-06-13 06:15,936
2019-06-13 06:20,934
2019-06-13 06:25,926
2019-06-13 06:30,932
2019-06-13 06:35,946
2019-06-13 06:40,959
2019-06-13 06:45,967
2019-06-13 06:50,968
2019-06-13 06:55,954
2019-06-13 07:00,949
2019-06-13 07:05,943
2019-06-13 07:10,934
2019-06-13 07:15,922
2019-06-13 07:20,918
2019-06-13 07:25,925
2019-06-13 07:30,924
2019-06-13 07:35,929
2019-06-13 07:40,943
2019-06-13 07:45,936
2019-06-13 07:50,939
2019-06-13 07:55,947
2019-06-13 08:00,959
2019-06-13 08:05,968
2019-06-13 08:10,984
2019-06-13 08:15,982
2019-06-13 08:20,984
2019-06-13 08:25,998
2019-06-13 08:30,994
2019-06-13 08:35,982
2019-06-13 08:40,993
2019-06-13 08:45,1000
2019-06-13 08:50,1016
2019-06-13 08:55,1026
2019-06-13 09:00,1049
2019-06-13 09:05,1037
2019-06-13 09:10,1046
2019-06-13 09:15,1049
2019-06-13 09:20,1055
2019-06-13 09:25,1068
2019-06-13 09:30,1078
2019-06-13 09:35,1087
2019-06-13 09:40,1096
2019-06-13 09:45,1091
2019-06-13 09:50,1100
2019-06-13 09:55,1131
2019-06-13 10:00,1168
2019-06-13 10:05,1190
2019-06-13 10:10,1219
2019-06-13 10:15,1239
2019-06-13 10:20,1254
2019-06-13 10:25,1257
2019-06-13 10:30,1263
2019-06-13 10:35,1266
2019-06-13 10:40,1268
2019-06-13 10:45,1299
2019-06-13 10:50,1318
2019-06-13 10:55,1297
2019-06-13 11:00,1312
2019-06-13 11:05,1311
2019-06-13 11:10,1321
2019-06-13 11:15,1320
2019-06-13 11:20,1304
2019-06-13 11:25,1320
2019-06-13 11:30,1325
2019-06-13 11:35,1321
2019-06-13 11:40,1336
2019-06-13 11:45,1335
2019-06-13 11:50,1360
2019-06-13 11:55,1351
2019-06-13 12:00,1352
2019-06-13 12:05,1370
2019-06-13 12:10,1379
2019-06-13 12:15,1389
2019-06-13 12:20,1372
2019-06-13 12:25,1378
2019-06-13 12:30,1384
2019-06-13 12:35,1369
2019-06-13 12:40,1397
2019-06-13 12:45,1396
2019-06-13 12:50,1401
2019-06-13 12:55,1423
2019-06-13 13:00,1427
2019-06-13 13:05,1435
2019-06-13 13:10,1434
2019-06-13 13:15,1431
2019-06-13 13:20,1435
2019-06-13 13:25,1436
2019-06-13 13:30,1445
2019-06-13 13:35,1444
2019-06-13 13:40,1428
2019-06-13 13:45,1410
2019-06-13 13:50,1390
2019-06-13 13:55,1321
2019-06-13 14:00,1157
2019-06-13 14:05,865
2019-06-13 14:10,848
2019-06-13 14:15,826
2019-06-13 14:20,825
2019-06-13 14:25,812
2019-06-13 14:30,832
2019-06-13 14:35,852
2019-06-13 14:40,862
2019-06-13 14:45,850
2019-06-13 14:50,840
2019-06-13 14:55,855
2019-06-13 15:00,867
2019-06-13 15:05,874
2019-06-13 15:10,891
2019-06-13 15:15,944
2019-06-13 15:20,1023
2019-06-13 15:25,1090
2019-06-13 15:30,1173
2019-06-13 15:35,1255
2019-06-13 15:40,1323
2019-06-13 15:45,1393
2019-06-13 15:50,1425
2019-06-13 15:55,1483
2019-06-13 16:00,1532
2019-06-13 16:05,1586
2019-06-13 16:10,1656
2019-06-13 16:15,1720
2019-06-13 16:20,1763
2019-06-13 16:25,1800
2019-06-13 16:30,1841
2019-06-13 16:35,1858
2019-06-13 16:40,1896
2019-06-13 16:45,1916
2019-06-13 16:50,1958
2019-06-13 16:55,1988
2019-06-13 17:00,2005
2019-06-13 17:05,2039
2019-06-13 17:10,2078
2019-06-13 17:15,2085
2019-06-13 17:20,2098
2019-06-13 17:25,2101
2019-06-13 17:30,2102
2019-06-13 17:35,2096
2019-06-13 17:40,2127
2019-06-13 17:45,2125
2019-06-13 17:50,2168
2019-06-13 17:55,2177
2019-06-13 18:00,2184
2019-06-13 18:05,2183
2019-06-13 18:10,2196
2019-06-13 18:15,2220
2019-06-13 18:20,2201
2019-06-13 18:25,2216
2019-06-13 18:30,2201
2019-06-13 18:35,2214
2019-06-13 18:40,2204
2019-06-13 18:45,2196
2019-06-13 18:50,2203
2019-06-13 18:55,2198
2019-06-13 19:00,2195
2019-06-13 19:05,2189
2019-06-13 19:10,2197
2019-06-13 19:15,2217
2019-06-13 19:20,2224
2019-06-13 19:25,2215
2019-06-13 19:30,2204
2019-06-13 19:35,2217
2019-06-13 19:40,2209
2019-06-13 19:45,2196
2019-06-13 19:50,2183
2019-06-13 19:55,2168
2019-06-13 20:00,2160
2019-06-13 20:05,2147
2019-06-13 20:10,2145
2019-06-13 20:15,2148
2019-06-13 20:20,2145
2019-06-13 20:25,2157
2019-06-13 20:30,2128
2019-06-13 20:35,2124
2019-06-13 20:40,2082
2019-06-13 20:45,2068
2019-06-13 20:50,2043
2019-06-13 20:55,2024
2019-06-13 21:00,2007
2019-06-13 21:05,1965
2019-06-13 21:10,1925
2019-06-13 21:15,1918
2019-06-13 21:20,1894
2019-06-13 21:25,1873
2019-06-13 21:30,1875
2019-06-13 21:35,1843
2019-06-13 21:40,1850
2019-06-13 21:45,1838
2019-06-13 21:50,1809
2019-06-13 21:55,1792
2019-06-13 22:00,1752
2019-06-13 22:05,1739
2019-06-13 22:10,1718
2019-06-13 22:15,1706
2019-06-13 22:20,1677
2019-06-13 22:25,1662
2019-06-13 22:30,1645
2019-06-13 22:35,1633
2019-06-13 22:40,1611
2019-06-13 22:45,1593
2019-06-13 22:50,1566
2019-06-13 22:55,1568
2019-06-13 23:00,1574
2019-06-13 23:05,1562
2019-06-13 23:10,1554
2019-06-13 23:15,1548
2019-06-13 23:20,1546
2019-06-13 23:25,1535
2019-06-13 23:30,1521
2019-06-13 23:35,1515
2019-06-13 23:40,1505
2019-06-13 23:45,1506
2019-06-13 23:50,1486
2019-06-13 23:55,1487
2019-06-14 00:00,1473
2019-06-14 00:05,1454
2019-06-14 00:10,1472
2019-06-14 00:15,1450
2019-06-14 00:20,1437
2019-06-14 00:25,1426
2019-06-14 00:30,1423
2019-06-14 00:35,1412
2019-06-14 00:40,1412
2019-06-14 00:45,1429
2019-06-14 00:50,1434
2019-06-14 00:55,1411
2019-06-14 01:00,1412
2019-06-14 01:05,1414
2019-06-14 01:10,1399
2019-06-14 01:15,1392
2019-06-14 01:20,1392
2019-06-14 01:25,1398
2019-06-14 01:30,1414
2019-06-14 01:35,1396
2019-06-14 01:40,1377
2019-06-14 01:45,1390
2019-06-14 01:50,1381
2019-06-14 01:55,1364
2019-06-14 02:00,1355
2019-06-14 02:05,1341
2019-06-14 02:10,1329
2019-06-14 02:15,1337
2019-06-14 02:20,1327
2019-06-14 02:25,1341
2019-06-14 02:30,1330
2019-06-14 02:35,1328
2019-06-14 02:40,1323
2019-06-14 02:45,1308
2019-06-14 02:50,1301
2019-06-14 02:55,1295
2019-06-14 03:00,1278
2019-06-14 03:05,1276
2019-06-14 03:10,1250
2019-06-14 03:15,1238
2019-06-14 03:20,1216
2019-06-14 03:25,1202
2019-06-14 03:30,1197
2019-06-14 03:35,1188
2019-06-14 03:40,1193
2019-06-14 03:45,1184
2019-06-14 03:50,1169
2019-06-14 03:55,1161
2019-06-14 04:00,1147
2019-06-14 04:05,1127
2019-06-14 04:10,1106
2019-06-14 04:15,1090
2019-06-14 04:20,1071
2019-06-14 04:25,1065
2019-06-14 04:30,1058
2019-06-14 04:35,1045
2019-06-14 04:40,1034
2019-06-14 04:45,1047
2019-06-14 04:50,1052
2019-06-14 04:55,1039
2019-06-14 05:00,1041
2019-06-14 05:05,1038
2019-06-14 05:10,1017
2019-06-14 05:15,1009
2019-06-14 05:20,990
2019-06-14 05:25,980
2019-06-14 05:30,985
2019-06-14 05:35,992
2019-06-14 05:40,993
2019-06-14 05:45,984
2019-06-14 05:50,980
2019-06-14 05:55,960
2019-06-14 06:00,952
2019-06-14 06:05,966
2019-06-14 06:10,962
2019-06-14 06:15,964
2019-06-14 06:20,978
2019-06-14 06:25,984
2019-06-14 06:30,979
2019-06-14 06:35,975
2019-06-14 06:40,976
2019-06-14 06:45,964
2019-06-14 06:50,978
2019-06-14 06:55,985
2019-06-14 07:00,992
2019-06-14 07:05,992
2019-06-14 07:10,982
2019-06-14 07:15,978
2019-06-14 07:20,987
2019-06-14 07:25,1001
2019-06-14 07:30,990
2019-06-14 07:35,1017
2019-06-14 07:40,1030
2019-06-14 07:45,1026
2019-06-14 07:50,1014
2019-06-14 07:55,1012
2019-06-14 08:00,1022
2019-06-14 08:05,1019
2019-06-14 08:10,1027
2019-06-14 08:15,1033
2019-06-14 08:20,1041
2019-06-14 08:25,1049
2019-06-14 08:30,1073
2019-06-14 08:35,1073
2019-06-14 08:40,1092
2019-06-14 08:45,1095
2019-06-14 08:50,1110
2019-06-14 08:55,1107
2019-06-14 09:00,1105
2019-06-14 09:05,1120
2019-06-14 09:10,1125
2019-06-14 09:15,1145
2019-06-14 09:20,1159
2019-06-14 09:25,1176
2019-06-14 09:30,1169
2019-06-14 09:35,1183
2019-06-14 09:40,1196
2019-06-14 09:45,1200
2019-06-14 09:50,1201
2019-06-14 09:55,1220
2019-06-14 10:00,1234
2019-06-14 10:05,1241
2019-06-14 10:10,1245
2019-06-14 10:15,1267
2019-06-14 10:20,1285
2019-06-14 10:25,1309
2019-06-14 10:30,1323
2019-06-14 10:35,1344
2019-06-14 10:40,1350
2019-06-14 10:45,1346
2019-06-14 10:50,1349
2019-06-14 10:55,1352
2019-06-14 11:00,1321
2019-06-14 11:05,1326
2019-06-14 11:10,1329
2019-06-14 11:15,1357
2019-06-14 11:20,1370
2019-06-14 11:25,1373
2019-06-14 11:30,1390
2019-06-14 11:35,1383
2019-06-14 11:40,1401
2019-06-14 11:45,1403
2019-06-14 11:50,1426
2019-06-14 11:55,1426
2019-06-14 12:00,1428
2019-06-14 12:05,1438
2019-06-14 12:10,1435
2019-06-14 12:15,1441
2019-06-14 12:20,1470
2019-06-14 12:25,1488
2019-06-14 12:30,1492
2019-06-14 12:35,1514
2019-06-14 12:40,1531
2019-06-14 12:45,1533
2019-06-14 12:50,1551
2019-06-14 12:55,1540
2019-06-14 13:00,1537
2019-06-14 13:05,1554
2019-06-14 13:10,1539
2019-06-14 13:15,1554
2019-06-14 13:20,1560
2019-06-14 13:25,1561
2019-06-14 13:30,1576
2019-06-14 13:35,1605
2019-06-14 13:40,1622
2019-06-14 13:45,1640
2019-06-14 13:50,1655
2019-06-14 13:55,1663
2019-06-14 14:00,1679
2019-06-14 14:05,1687
2019-06-14 14:10,1691
2019-06-14 14:15,1701
2019-06-14 14:20,1683
2019-06-14 14:25,1678
2019-06-14 14:30,1702
2019-06-14 14:35,1687
2019-06-14 14:40,1686
2019-06-14 14:45,1683
2019-06-14 14:50,1695
2019-06-14 14:55,1708
2019-06-14 15:00,1715
2019-06-14 15:05,1727
2019-06-14 15:10,1717
2019-06-14 15:15,1729
2019-06-14 15:20,1734
2019-06-14 15:25,1736
2019-06-14 15:30,1724
2019-06-14 15:35,1748
2019-06-14 15:40,1750
2019-06-14 15:45,1758
2019-06-14 15:50,1760
2019-06-14 15:55,1768
2019-06-14 16:00,1782
2019-06-14 16:05,1800
2019-06-14 16:10,1800
2019-06-14 16:15,1822
2019-06-14 16:20,1839
2019-06-14 16:25,
2019-06-14 16:30,1870
2019-06-14 16:35,1872
2019-06-14 16:40,1870
2019-06-14 16:45,1876
2019-06-14 16:50,1876
2019-06-14 16:55,1893
2019-06-14 17:00,1928
2019-06-14 17:05,1930
2019-06-14 17:10,1938
2019-06-14 17:15,1959
2019-06-14 17:20,1985
2019-06-14 17:25,2003
2019-06-14 17:30,1986
2019-06-14 17:35,2000
2019-06-14 17:40,2003
2019-06-14 17:45,2006
2019-06-14 17:50,2029
2019-06-14 17:55,2045
2019-06-14 18:00,2043
2019-06-14 18:05,2052
2019-06-14 18:10,2066
2019-06-14 18:15,2074
2019-06-14 18:20,2051
2019-06-14 18:25,2067
2019-06-14 18:30,2084
2019-06-14 18:35,2099
2019-06-14 18:40,2120
2019-06-14 18:45,2135
2019-06-14 18:50,2122
2019-06-14 18:55,2150
2019-06-14 19:00,2143
2019-06-14 19:05,2140
2019-06-14 19:10,2159
2019-06-14 19:15,2157
2019-06-14 19:20,2168
2019-06-14 19:25,2175
2019-06-14 19:30,2179
2019-06-14 19:35,2152
2019-06-14 19:40,2144
2019-06-14 19:45,2148
2019-06-14 19:50,2155
2019-06-14 19:55,2159
2019-06-14 20:00,2143
2019-06-14 20:05,2126
2019-06-14 20:10,2103
2019-06-14 20:15,2071
2019-06-14 20:20,2071
2019-06-14 20:25,2050
2019-06-14 20:30,2025
2019-06-14 20:35,2035
2019-06-14 20:40,2041
2019-06-14 20:45,2047
2019-06-14 20:50,2037
2019-06-14 20:55,2011
2019-06-14 21:00,1992
2019-06-14 21:05,1990
2019-06-14 21:10,1974
2019-06-14 21:15,1965
2019-06-14 21:20,1962
2019-06-14 21:25,1934
2019-06-14 21:30,1913
2019-06-14 21:35,1881
2019-06-14 21:40,1863
2019-06-14 21:45,1842
2019-06-14 21:50,1832
2019-06-14 21:55,1834
2019-06-14 22:00,1797
2019-06-14 22:05,1771
2019-06-14 22:10,1744
2019-06-14 22:15,1739
2019-06-14 22:20,1700
2019-06-14 22:25,1657
2019-06-14 22:30,1643
2019-06-14 22:35,1639
2019-06-14 22:40,1637
2019-06-14 22:45,1617
2019-06-14 22:50,1578
2019-06-14 22:55,1568
2019-06-14 23:00,1554
2019-06-14 23:05,1544
2019-06-14 23:10,1539
2019-06-14 23:15,1549
2019-06-14 23:20,1551
2019-06-14 23:25,1535
2019-06-14 23:30,1539
2019-06-14 23:35,1523
2019-06-14 23:40,1532
2019-06-14 23:45,1506
2019-06-14 23:50,1506
2019-06-14 23:55,1488
2019-06-15 00:00,1482
2019-06-15 00:05,1473
2019-06-15 00:10,1469
2019-06-15 00:15,1466
2019-06-15 00:20,1468
2019-06-15 00:25,1445
2019-06-15 00:30,1445
2019-06-15 00:35,1438
2019-06-15 00:40,1434
2019-06-15 00:45,1425
2019-06-15 00:50,1407
2019-06-15 00:55,1405
2019-06-15 01:00,1378
2019-06-15 01:05,1373
2019-06-15 01:10,1358
2019-06-15 01:15,1355
2019-06-15 01:20,1353
2019-06-15 01:25,1334
2019-06-15 01:30,1350
2019-06-15 01:35,1354
2019-06-15 01:40,1354
2019-06-15 01:45,1355
2019-06-15 01:50,1367
2019-06-15 01:55,1363
2019-06-15 02:00,1341
2019-06-15 02:05,1348
2019-06-15 02:10,1331
2019-06-15 02:15,1333
2019-06-15 02:20,1341
2019-06-15 02:25,1330
2019-06-15 02:30,1326
2019-06-15 02:35,1346
2019-06-15 02:40,1344
2019-06-15 02:45,1350
2019-06-15 02:50,1335
2019-06-15 02:55,1335
2019-06-15 03:00,1322
2019-06-15 03:05,1314
2019-06-15 03:10,1311
2019-06-15 03:15,1322
2019-06-15 03:20,1302
2019-06-15 03:25,1293
2019-06-15 03:30,1268
2019-06-15 03:35,1272
2019-06-15 03:40,1263
2019-06-15 03:45,1256
2019-06-15 03:50,1250
2019-06-15 03:55,1218
2019-06-15 04:00,1207
2019-06-15 04:05,1203
2019-06-15 04:10,1184
2019-06-15 04:15,1188
2019-06-15 04:20,1184
2019-06-15 04:25,1171
2019-06-15 04:30,1170
2019-06-15 04:35,1169
2019-06-15 04:40,1148
2019-06-15 04:45,1151
2019-06-15 04:50,1155
2019-06-15 04:55,1143
2019-06-15 05:00,1135
2019-06-15 05:05,1129
2019-06-15 05:10,1132
2019-06-15 05:15,1136
2019-06-15 05:20,1136
2019-06-15 05:25,1142
2019-06-15 05:30,1136
2019-06-15 05:35,1124
2019-06-15 05:40,1115
2019-06-15 05:45,1105
2019-06-15 05:50,1102
2019-06-15 05:55,1083
2019-06-15 06:00,1094
2019-06-15 06:05,1085
2019-06-15 06:10,1081
2019-06-15 06:15,1072
2019-06-15 06:20,1095
2019-06-15 06:25,1095
2019-06-15 06:30,1098
2019-06-15 06:35,1106
2019-06-15 06:40,1111
2019-06-15 06:45,1112
2019-06-15 06:50,1118
2019-06-15 06:55,1130
2019-06-15 07:00,1126
2019-06-15 07:05,1129
2019-06-15 07:10,1122
2019-06-15 07:15,1117
2019-06-15 07:20,1115
2019-06-15 07:25,1124
2019-06-15 07:30,1145
2019-06-15 07:35,1147
2019-06-15 07:40,1172
2019-06-15 07:45,1178
2019-06-15 07:50,1199
2019-06-15 07:55,1199
2019-06-15 08:00,1205
2019-06-15 08:05,1219
2019-06-15 08:10,1224
2019-06-15 08:15,1224
2019-06-15 08:20,1243
2019-06-15 08:25,1249
2019-06-15 08:30,1249
2019-06-15 08:35,1260
2019-06-15 08:40,1260
2019-06-15 08:45,1315
2019-06-15 08:50,1318
2019-06-15 08:55,1338
2019-06-15 09:00,1354
2019-06-15 09:05,1372
2019-06-15 09:10,1383
2019-06-15 09:15,1382
2019-06-15 09:20,1402
2019-06-15 09:25,1423
2019-06-15 09:30,1440
2019-06-15 09:35,1467
2019-06-15 09:40,1493
2019-06-15 09:45,1496
2019-06-15 09:50,1520
2019-06-15 09:55,1511
2019-06-15 10:00,1543
2019-06-15 10:05,1554
2019-06-15 10:10,1582
2019-06-15 10:15,1582
2019-06-15 10:20,1584
2019-06-15 10:25,1585
2019-06-15 10:30,1587
2019-06-15 10:35,1618
2019-06-15 10:40,1646
2019-06-15 10:45,1660
2019-06-15 10:50,1674
2019-06-15 10:55,1682
2019-06-15 11:00,1696
2019-06-15 11:05,1700
2019-06-15 11:10,1707
2019-06-15 11:15,1707
2019-06-15 11:20,1702
2019-06-15 11:25,1693
2019-06-15 11:30,1708
2019-06-15 11:35,1703
2019-06-15 11:40,1741
2019-06-15 11:45,1747
2019-06-15 11:50,1736
2019-06-15 11:55,1766
2019-06-15 12:00,1772
2019-06-15 12:05,1772
2019-06-15 12:10,1776
2019-06-15 12:15,1780
2019-06-15 12:20,1780
2019-06-15 12:25,1802
2019-06-15 12:30,1813
2019-06-15 12:35,1818
2019-06-15 12:40,1832
2019-06-15 12:45,1846
2019-06-15 12:50,1846
2019-06-15 12:55,1855
2019-06-15 13:00,1869
2019-06-15 13:05,1871
2019-06-15 13:10,1877
2019-06-15 13:15,1881
2019-06-15 13:20,1899
2019-06-15 13:25,1899
2019-06-15 13:30,1929
2019-06-15 13:35,1983
2019-06-15 13:40,1998
2019-06-15 13:45,1998
2019-06-15 13:50,1989
2019-06-15 13:55,2006
2019-06-15 14:00,2038
2019-06-15 14:05,2038
2019-06-15 14:10,2061
2019-06-15 14:15,2061
2019-06-15 14:20,
2019-06-15 14:25,
2019-06-15 14:30,2089
2019-06-15 14:35,2102
2019-06-15 14:40,2076
2019-06-15 14:45,2076
2019-06-15 14:50,2080
2019-06-15 14:55,2127
2019-06-15 15:00,2154
2019-06-15 15:05,2154
2019-06-15 15:10,2165
2019-06-15 15:15,2151
2019-06-15 15:20,2172
2019-06-15 15:25,2172
2019-06-15 15:30,2172
2019-06-15 15:35,2174
2019-06-15 15:40,2170
2019-06-15 15:45,2179
2019-06-15 15:50,2165
2019-06-15 15:55,2196
2019-06-15 16:00,2216
2019-06-15 16:05,2216
2019-06-15 16:10,2211
2019-06-15 16:15,2211
2019-06-15 16:20,2208
2019-06-15 16:25,2208
2019-06-15 16:30,2212
2019-06-15 16:35,2205
2019-06-15 16:40,2219
2019-06-15 16:45,2220
2019-06-15 16:50,2190
2019-06-15 16:55,2175
2019-06-15 17:00,2185
2019-06-15 17:05,2190
2019-06-15 17:10,2190
2019-06-15 17:15,2195
2019-06-15 17:20,2211
2019-06-15 17:25,2206
2019-06-15 17:30,2226
2019-06-15 17:35,2216
2019-06-15 17:40,2217
2019-06-15 17:45,2219
2019-06-15 17:50,2225
2019-06-15 17:55,2232
2019-06-15 18:00,2232
2019-06-15 18:05,2232
2019-06-15 18:10,2234
2019-06-15 18:15,2231
2019-06-15 18:20,2227
2019-06-15 18:25,2223
2019-06-15 18:30,2228
2019-06-15 18:35,2252
2019-06-15 18:40,2237
2019-06-15 18:45,2226
2019-06-15 18:50,2218
2019-06-15 18:55,2219
2019-06-15 19:00,2219
2019-06-15 19:05,2219
2019-06-15 19:10,2216
2019-06-15 19:15,2207
2019-06-15 19:20,2207
2019-06-15 19:25,2201
2019-06-15 19:30,2213
2019-06-15 19:35,2231
2019-06-15 19:40,2229
2019-06-15 19:45,2249
2019-06-15 19:50,2241
2019-06-15 19:55,2237
2019-06-15 20:00,2259
2019-06-15 20:05,2278
2019-06-15 20:10,2265
2019-06-15 20:15,2259
2019-06-15 20:20,2260
2019-06-15 20:25,2261
2019-06-15 20:30,2283
2019-06-15 20:35,2263
2019-06-15 20:40,2255
2019-06-15 20:45,2237
2019-06-15 20:50,2222
2019-06-15 20:55,2212
2019-06-15 21:00,2191
2019-06-15 21:05,2177
2019-06-15 21:10,2149
2019-06-15 21:15,2114
2019-06-15 21:20,2085
2019-06-15 21:25,2065
2019-06-15 21:30,2051
2019-06-15 21:35,2038
2019-06-15 21:40,2010
2019-06-15 21:45,1990
2019-06-15 21:50,1964
2019-06-15 21:55,1947
2019-06-15 22:00,1904
2019-06-15 22:05,1884
2019-06-15 22:10,1873
2019-06-15 22:15,1877
2019-06-15 22:20,1844
2019-06-15 22:25,1830
2019-06-15 22:30,1820
2019-06-15 22:35,1805
2019-06-15 22:40,1793
2019-06-15 22:45,1775
2019-06-15 22:50,1741
2019-06-15 22:55,1739
2019-06-15 23:00,1721
2019-06-15 23:05,1714
2019-06-15 23:10,1702
2019-06-15 23:15,1668
2019-06-15 23:20,1659
2019-06-15 23:25,1642
2019-06-15 23:30,1624
2019-06-15 23:35,1617
2019-06-15 23:40,1600
2019-06-15 23:45,1591
2019-06-15 23:50,1593
2019-06-15 23:55,1591
2019-06-16 00:00,1588
2019-06-16 00:05,1580
2019-06-16 00:10,1568
2019-06-16 00:15,1534
2019-06-16 00:20,1534
2019-06-16 00:25,1512
2019-06-16 00:30,1503
2019-06-16 00:35,1490
2019-06-16 00:40,1478
2019-06-16 00:45,1479
2019-06-16 00:50,1467
2019-06-16 00:55,1469
2019-06-16 01:00,1468
2019-06-16 01:05,1474
2019-06-16 01:10,1465
2019-06-16 01:15,1470
2019-06-16 01:20,1449
2019-06-16 01:25,1440
2019-06-16 01:30,1447
2019-06-16 01:35,1433
2019-06-16 01:40,1418
2019-06-16 01:45,1425
2019-06-16 01:50,1435
2019-06-16 01:55,1447
2019-06-16 02:00,1444
2019-06-16 02:05,1454
2019-06-16 02:10,1459
2019-06-16 02:15,1428
2019-06-16 02:20,1411
2019-06-16 02:25,1408
2019-06-16 02:30,1408
2019-06-16 02:35,1407
2019-06-16 02:40,1391
2019-06-16 02:45,1391
2019-06-16 02:50,1382
2019-06-16 02:55,1373
2019-06-16 03:00,1356
2019-06-16 03:05,1355
2019-06-16 03:10,1346
2019-06-16 03:15,1334
2019-06-16 03:20,1336
2019-06-16 03:25,1323
2019-06-16 03:30,1322
2019-06-16 03:35,1314
2019-06-16 03:40,1313
2019-06-16 03:45,1300
2019-06-16 03:50,1290
2019-06-16 03:55,1271
2019-06-16 04:00,1277
2019-06-16 04:05,1267
2019-06-16 04:10,1256
2019-06-16 04:15,1255
2019-06-16 04:20,1253
2019-06-16 04:25,1252
2019-06-16 04:30,1246
2019-06-16 04:35,1246
2019-06-16 04:40,1244
2019-06-16 04:45,1226
2019-06-16 04:50,1236
2019-06-16 04:55,1233
2019-06-16 05:00,1224
2019-06-16 05:05,1211
2019-06-16 05:10,1191
2019-06-16 05:15,1193
2019-06-16 05:20,1207
2019-06-16 05:25,1199
2019-06-16 05:30,1195
2019-06-16 05:35,1194
2019-06-16 05:40,1182
2019-06-16 05:45,1169
2019-06-16 05:50,1171
2019-06-16 05:55,1183
2019-06-16 06:00,1174
2019-06-16 06:05,1172
2019-06-16 06:10,1176
2019-06-16 06:15,1187
2019-06-16 06:20,1184
2019-06-16 06:25,1169
2019-06-16 06:30,1164
2019-06-16 06:35,1178
2019-06-16 06:40,1199
2019-06-16 06:45,1206
2019-06-16 06:50,1211
2019-06-16 06:55,1232
2019-06-16 07:00,1232
2019-06-16 07:05,1241
2019-06-16 07:10,1269
2019-06-16 07:15,1277
2019-06-16 07:20,1276
2019-06-16 07:25,1283
2019-06-16 07:30,1286
2019-06-16 07:35,1297
2019-06-16 07:40,1298
2019-06-16 07:45,1294
2019-06-16 07:50,1305
2019-06-16 07:55,1298
2019-06-16 08:00,1300
2019-06-16 08:05,1318
2019-06-16 08:10,1324
2019-06-16 08:15,1330
2019-06-16 08:20,1356
2019-06-16 08:25,1378
2019-06-16 08:30,1386
2019-06-16 08:35,1378
2019-06-16 08:40,1378
2019-06-16 08:45,1399
2019-06-16 08:50,1421
2019-06-16 08:55,1436
2019-06-16 09:00,1468
2019-06-16 09:05,1481
2019-06-16 09:10,1489
2019-06-16 09:15,1510
2019-06-16 09:20,1521
2019-06-16 09:25,1537
2019-06-16 09:30,1555
2019-06-16 09:35,1582
2019-06-16 09:40,1588
2019-06-16 09:45,1599
2019-06-16 09:50,1603
2019-06-16 09:55,1615
2019-06-16 10:00,1634
2019-06-16 10:05,1659
2019-06-16 10:10,1677
2019-06-16 10:15,1696
2019-06-16 10:20,1685
2019-06-16 10:25,1696
2019-06-16 10:30,1675
2019-06-16 10:35,1690
2019-06-16 10:40,1739
2019-06-16 10:45,1755
2019-06-16 10:50,1769
2019-06-16 10:55,1783
2019-06-16 11:00,1808
2019-06-16 11:05,1838
2019-06-16 11:10,1861
2019-06-16 11:15,1855
2019-06-16 11:20,1854
2019-06-16 11:25,1853
2019-06-16 11:30,1876
2019-06-16 11:35,1902
2019-06-16 11:40,1914
2019-06-16 11:45,1906
2019-06-16 11:50,1921
2019-06-16 11:55,1920
2019-06-16 12:00,1935
2019-06-16 12:05,1949
2019-06-16 12:10,1962
2019-06-16 12:15,1985
2019-06-16 12:20,2003
2019-06-16 12:25,1995
2019-06-16 12:30,2006
2019-06-16 12:35,1996
2019-06-16 12:40,1989
2019-06-16 12:45,1999
2019-06-16 12:50,2018
2019-06-16 12:55,2023
2019-06-16 13:00,2035
2019-06-16 13:05,2041
2019-06-16 13:10,2038
2019-06-16 13:15,2063
2019-06-16 13:20,2059
2019-06-16 13:25,2062
2019-06-16 13:30,2076
2019-06-16 13:35,2090
2019-06-16 13:40,2121
2019-06-16 13:45,2125
2019-06-16 13:50,2122
2019-06-16 13:55,2140
2019-06-16 14:00,2141
2019-06-16 14:05,2139
2019-06-16 14:10,2168
2019-06-16 14:15,2173
2019-06-16 14:20,2170
2019-06-16 14:25,2206
2019-06-16 14:30,2203
2019-06-16 14:35,2225
2019-06-16 14:40,2216
2019-06-16 14:45,2224
2019-06-16 14:50,2226
2019-06-16 14:55,2233
2019-06-16 15:00,2240
2019-06-16 15:05,2257
2019-06-16 15:10,2251
2019-06-16 15:15,2265
2019-06-16 15:20,2273
2019-06-16 15:25,2281
2019-06-16 15:30,2288
2019-06-16 15:35,2295
2019-06-16 15:40,2294
2019-06-16 15:45,2310
2019-06-16 15:50,2299
2019-06-16 15:55,2315
2019-06-16 16:00,2307
2019-06-16 16:05,2315
2019-06-16 16:10,2318
2019-06-16 16:15,2318
2019-06-16 16:20,2329
2019-06-16 16:25,2330
2019-06-16 16:30,2342
2019-06-16 16:35,2340
2019-06-16 16:40,2340
2019-06-16 16:45,2355
2019-06-16 16:50,2365
2019-06-16 16:55,2376
2019-06-16 17:00,2382
2019-06-16 17:05,2394
2019-06-16 17:10,2382
2019-06-16 17:15,2413
2019-06-16 17:20,2408
2019-06-16 17:25,2420
2019-06-16 17:30,2418
2019-06-16 17:35,2424
2019-06-16 17:40,2438
2019-06-16 17:45,2404
2019-06-16 17:50,2417
2019-06-16 17:55,2407
2019-06-16 18:00,2398
2019-06-16 18:05,2422
2019-06-16 18:10,2393
2019-06-16 18:15,2390
2019-06-16 18:20,2426
2019-06-16 18:25,2449
2019-06-16 18:30,2451
2019-06-16 18:35,2435
2019-06-16 18:40,2464
2019-06-16 18:45,2441
2019-06-16 18:50,2428
2019-06-16 18:55,2423
2019-06-16 19:00,2436
2019-06-16 19:05,2452
2019-06-16 19:10,2445
2019-06-16 19:15,2438
2019-06-16 19:20,2440
2019-06-16 19:25,2451
2019-06-16 19:30,2459
2019-06-16 19:35,2483
2019-06-16 19:40,2479
2019-06-16 19:45,2473
2019-06-16 19:50,2485
2019-06-16 19:55,2469
2019-06-16 20:00,2447
2019-06-16 20:05,2434
2019-06-16 20:10,2409
2019-06-16 20:15,2411
2019-06-16 20:20,2393
2019-06-16 20:25,2379
2019-06-16 20:30,2355
2019-06-16 20:35,2348
2019-06-16 20:40,2323
2019-06-16 20:45,2294
2019-06-16 20:50,2259
2019-06-16 20:55,2239
2019-06-16 21:00,2234
2019-06-16 21:05,2211
2019-06-16 21:10,2189
2019-06-16 21:15,2166
2019-06-16 21:20,2128
2019-06-16 21:25,2118
2019-06-16 21:30,2087
2019-06-16 21:35,2099
2019-06-16 21:40,2073
2019-06-16 21:45,2041
2019-06-16 21:50,2003
2019-06-16 21:55,1977
2019-06-16 22:00,1967
2019-06-16 22:05,1952
2019-06-16 22:10,1943
2019-06-16 22:15,1907
2019-06-16 22:20,1882
2019-06-16 22:25,1879
2019-06-16 22:30,1857
2019-06-16 22:35,1846
2019-06-16 22:40,1809
2019-06-16 22:45,1775
2019-06-16 22:50,1760
2019-06-16 22:55,1772
2019-06-16 23:00,1777
2019-06-16 23:05,1736
2019-06-16 23:10,1723
2019-06-16 23:15,1693
2019-06-16 23:20,1676
2019-06-16 23:25,1663
2019-06-16 23:30,1653
2019-06-16 23:35,1632
2019-06-16 23:40,1651
2019-06-16 23:45,1629
2019-06-16 23:50,1619
2019-06-16 23:55,1618
2019-06-17 00:00,1601
2019-06-17 00:05,1589
2019-06-17 00:10,1587
2019-06-17 00:15,1579
2019-06-17 00:20,1573
2019-06-17 00:25,1567
2019-06-17 00:30,1555
2019-06-17 00:35,1554
2019-06-17 00:40,1540
2019-06-17 00:45,1535
2019-06-17 00:50,1520
2019-06-17 00:55,1522
2019-06-17 01:00,1506
2019-06-17 01:05,1501
2019-06-17 01:10,1502
2019-06-17 01:15,1483
2019-06-17 01:20,1468
2019-06-17 01:25,1448
2019-06-17 01:30,1443
2019-06-17 01:35,1432
2019-06-17 01:40,1430
2019-06-17 01:45,1425
2019-06-17 01:50,1411
2019-06-17 01:55,1415
2019-06-17 02:00,1422
2019-06-17 02:05,1410
2019-06-17 02:10,1420
2019-06-17 02:15,1402
2019-06-17 02:20,1391
2019-06-17 02:25,1378
2019-06-17 02:30,1361
2019-06-17 02:35,1351
2019-06-17 02:40,1344
2019-06-17 02:45,1324
2019-06-17 02:50,1320
2019-06-17 02:55,1298
2019-06-17 03:00,1294
2019-06-17 03:05,1291
2019-06-17 03:10,1274
2019-06-17 03:15,1248
2019-06-17 03:20,1246
2019-06-17 03:25,1237
2019-06-17 03:30,1214
2019-06-17 03:35,1188
2019-06-17 03:40,1176
2019-06-17 03:45,1150
2019-06-17 03:50,1163
2019-06-17 03:55,1154
2019-06-17 04:00,1138
2019-06-17 04:05,1146
2019-06-17 04:10,1139
2019-06-17 04:15,1135
2019-06-17 04:20,1107
2019-06-17 04:25,1107
2019-06-17 04:30,1106
2019-06-17 04:35,1106
2019-06-17 04:40,1096
2019-06-17 04:45,1096
2019-06-17 04:50,1068
2019-06-17 04:55,1063
2019-06-17 05:00,1058
2019-06-17 05:05,1066
2019-06-17 05:10,1045
2019-06-17 05:15,1033
2019-06-17 05:20,1039
2019-06-17 05:25,1037
2019-06-17 05:30,1021
2019-06-17 05:35,1007
2019-06-17 05:40,1010
2019-06-17 05:45,993
2019-06-17 05:50,1005
2019-06-17 05:55,1001
2019-06-17 06:00,1003
2019-06-17 06:05,993
2019-06-17 06:10,984
2019-06-17 06:15,981
2019-06-17 06:20,987
2019-06-17 06:25,995
2019-06-17 06:30,996
2019-06-17 06:35,993
2019-06-17 06:40,968
2019-06-17 06:45,977
2019-06-17 06:50,986
2019-06-17 06:55,992
2019-06-17 07:00,989
2019-06-17 07:05,992
2019-06-17 07:10,990
2019-06-17 07:15,990
2019-06-17 07:20,1002
2019-06-17 07:25,993
2019-06-17 07:30,999
2019-06-17 07:35,1005
2019-06-17 07:40,1009
2019-06-17 07:45,1016
2019-06-17 07:50,1020
2019-06-17 07:55,1036
2019-06-17 08:00,1045
2019-06-17 08:05,1035
2019-06-17 08:10,1024
2019-06-17 08:15,1023
2019-06-17 08:20,1035
2019-06-17 08:25,1038
2019-06-17 08:30,1062
2019-06-17 08:35,1076
2019-06-17 08:40,1094
2019-06-17 08:45,1101
2019-06-17 08:50,1107
2019-06-17 08:55,1116
2019-06-17 09:00,1124
2019-06-17 09:05,1124
2019-06-17 09:10,1139
2019-06-17 09:15,1152
2019-06-17 09:20,1166
2019-06-17 09:25,1181
2019-06-17 09:30,1183
2019-06-17 09:35,1196
2019-06-17 09:40,1178
2019-06-17 09:45,1166
2019-06-17 09:50,1181
2019-06-17 09:55,1199
2019-06-17 10:00,1206
2019-06-17 10:05,1225
2019-06-17 10:10,1256
2019-06-17 10:15,1270
2019-06-17 10:20,1283
2019-06-17 10:25,1298
2019-06-17 10:30,1298
2019-06-17 10:35,1309
2019-06-17 10:40,1330
2019-06-17 10:45,1354
2019-06-17 10:50,1366
2019-06-17 10:55,1359
2019-06-17 11:00,1361
2019-06-17 11:05,1363
2019-06-17 11:10,1351
2019-06-17 11:15,1355
2019-06-17 11:20,1370
2019-06-17 11:25,1365
2019-06-17 11:30,1381
2019-06-17 11:35,1392
2019-06-17 11:40,1410
2019-06-17 11:45,1417
2019-06-17 11:50,1421
2019-06-17 11:55,1417
2019-06-17 12:00,1428
2019-06-17 12:05,1431
2019-06-17 12:10,1433
2019-06-17 12:15,1427
2019-06-17 12:20,1442
2019-06-17 12:25,1449
2019-06-17 12:30,1484
2019-06-17 12:35,1483
2019-06-17 12:40,1506
2019-06-17 12:45,1514
2019-06-17 12:50,1536
2019-06-17 12:55,1537
2019-06-17 13:00,1540
2019-06-17 13:05,1536
2019-06-17 13:10,1555
2019-06-17 13:15,1552
2019-06-17 13:20,1556
2019-06-17 13:25,1559
2019-06-17 13:30,1559
2019-06-17 13:35,1580
2019-06-17 13:40,1586
2019-06-17 13:45,1620
2019-06-17 13:50,1633
2019-06-17 13:55,1649
2019-06-17 14:00,1662
2019-06-17 14:05,1681
2019-06-17 14:10,1682
2019-06-17 14:15,1701
2019-06-17 14:20,1688
2019-06-17 14:25,1719
2019-06-17 14:30,1720
2019-06-17 14:35,1752
2019-06-17 14:40,1761
2019-06-17 14:45,1755
2019-06-17 14:50,1774
2019-06-17 14:55,1767
2019-06-17 15:00,1793
2019-06-17 15:05,1799
2019-06-17 15:10,1791
2019-06-17 15:15,1800
2019-06-17 15:20,1819
2019-06-17 15:25,1846
2019-06-17 15:30,1847
2019-06-17 15:35,1858
2019-06-17 15:40,1875
2019-06-17 15:45,1886
2019-06-17 15:50,1894
2019-06-17 15:55,1882
2019-06-17 16:00,1880
2019-06-17 16:05,
2019-06-17 16:10,1903
2019-06-17 16:15,1910
2019-06-17 16:20,1933
2019-06-17 16:25,1935
2019-06-17 16:30,1961
2019-06-17 16:35,1979
2019-06-17 16:40,1988
2019-06-17 16:45,2007
2019-06-17 16:50,2030
2019-06-17 16:55,2039
2019-06-17 17:00,2039
2019-06-17 17:05,2055
2019-06-17 17:10,2059
2019-06-17 17:15,2092
2019-06-17 17:20,2100
2019-06-17 17:25,2088
2019-06-17 17:30,2110
2019-06-17 17:35,2103
2019-06-17 17:40,2092
2019-06-17 17:45,2107
2019-06-17 17:50,2086
2019-06-17 17:55,2100
2019-06-17 18:00,2110
2019-06-17 18:05,2122
2019-06-17 18:10,2122
2019-06-17 18:15,2120
2019-06-17 18:20,2148
2019-06-17 18:25,2163
2019-06-17 18:30,2189
2019-06-17 18:35,2201
2019-06-17 18:40,2176
2019-06-17 18:45,2163
2019-06-17 18:50,2182
2019-06-17 18:55,2191
2019-06-17 19:00,2169
2019-06-17 19:05,2178
2019-06-17 19:10,2199
2019-06-17 19:15,2209
2019-06-17 19:20,2230
2019-06-17 19:25,2227
2019-06-17 19:30,2207
2019-06-17 19:35,2219
2019-06-17 19:40,2202
2019-06-17 19:45,2201
2019-06-17 19:50,2200
2019-06-17 19:55,2170
2019-06-17 20:00,2176
2019-06-17 20:05,2157
2019-06-17 20:10,2125
2019-06-17 20:15,2103
2019-06-17 20:20,2098
2019-06-17 20:25,2110
2019-06-17 20:30,2066
2019-06-17 20:35,2056
2019-06-17 20:40,2040
2019-06-17 20:45,2017
2019-06-17 20:50,1996
2019-06-17 20:55,1976
2019-06-17 21:00,1959
2019-06-17 21:05,1914
2019-06-17 21:10,1892
2019-06-17 21:15,1859
2019-06-17 21:20,1845
2019-06-17 21:25,1817
2019-06-17 21:30,1819
2019-06-17 21:35,1834
2019-06-17 21:40,1815
2019-06-17 21:45,1810
2019-06-17 21:50,1791
2019-06-17 21:55,1777
2019-06-17 22:00,1761
2019-06-17 22:05,1734
2019-06-17 22:10,1729
2019-06-17 22:15,1694
2019-06-17 22:20,1674
2019-06-17 22:25,1640
2019-06-17 22:30,1617
2019-06-17 22:35,1605
2019-06-17 22:40,1594
2019-06-17 22:45,1602
2019-06-17 22:50,1606
2019-06-17 22:55,1598
2019-06-17 23:00,1583
2019-06-17 23:05,1572
2019-06-17 23:10,1550
2019-06-17 23:15,1534
2019-06-17 23:20,1520
2019-06-17 23:25,1509
2019-06-17 23:30,1497
2019-06-17 23:35,1482
2019-06-17 23:40,1466
2019-06-17 23:45,1461
2019-06-17 23:50,1466
2019-06-17 23:55,1448
2019-06-18 00:00,1411
2019-06-18 00:05,1425
2019-06-18 00:10,1434
2019-06-18 00:15,1444
2019-06-18 00:20,1436
2019-06-18 00:25,1428
2019-06-18 00:30,1422
2019-06-18 00:35,1427
2019-06-18 00:40,1434
2019-06-18 00:45,1426
2019-06-18 00:50,1418
2019-06-18 00:55,1398
2019-06-18 01:00,1393
2019-06-18 01:05,1400
2019-06-18 01:10,1407
2019-06-18 01:15,1399
2019-06-18 01:20,1389
2019-06-18 01:25,1366
2019-06-18 01:30,1371
2019-06-18 01:35,1353
2019-06-18 01:40,1354
2019-06-18 01:45,1348
2019-06-18 01:50,1316
2019-06-18 01:55,1322
2019-06-18 02:00,1315
2019-06-18 02:05,1306
2019-06-18 02:10,1279
2019-06-18 02:15,1275
2019-06-18 02:20,1263
2019-06-18 02:25,1250
2019-06-18 02:30,1235
2019-06-18 02:35,1225
2019-06-18 02:40,1211
2019-06-18 02:45,1215
2019-06-18 02:50,1198
2019-06-18 02:55,1188
2019-06-18 03:00,1196
2019-06-18 03:05,1181
2019-06-18 03:10,1164
2019-06-18 03:15,1170
2019-06-18 03:20,1165
2019-06-18 03:25,1172
2019-06-18 03:30,1159
2019-06-18 03:35,1168
2019-06-18 03:40,1153
2019-06-18 03:45,1132
2019-06-18 03:50,1109
2019-06-18 03:55,1098
2019-06-18 04:00,1071
2019-06-18 04:05,1058
2019-06-18 04:10,1043
2019-06-18 04:15,1051
2019-06-18 04:20,1035
2019-06-18 04:25,1020
2019-06-18 04:30,1010
2019-06-18 04:35,989
2019-06-18 04:40,980
2019-06-18 04:45,986
2019-06-18 04:50,975
2019-06-18 04:55,965
2019-06-18 05:00,957
2019-06-18 05:05,957
2019-06-18 05:10,953
2019-06-18 05:15,940
2019-06-18 05:20,932
2019-06-18 05:25,926
2019-06-18 05:30,925
2019-06-18 05:35,935
2019-06-18 05:40,943
2019-06-18 05:45,951
2019-06-18 05:50,959
2019-06-18 05:55,960
2019-06-18 06:00,969
2019-06-18 06:05,990
2019-06-18 06:10,983
2019-06-18 06:15,976
2019-06-18 06:20,960
2019-06-18 06:25,954
2019-06-18 06:30,948
2019-06-18 06:35,961
2019-06-18 06:40,962
2019-06-18 06:45,958
2019-06-18 06:50,949
2019-06-18 06:55,962
2019-06-18 07:00,958
2019-06-18 07:05,963
2019-06-18 07:10,966
2019-06-18 07:15,979
2019-06-18 07:20,992
2019-06-18 07:25,992
2019-06-18 07:30,991
2019-06-18 07:35,986
2019-06-18 07:40,977
2019-06-18 07:45,993
2019-06-18 07:50,992
2019-06-18 07:55,1001
2019-06-18 08:00,1012
2019-06-18 08:05,1003
2019-06-18 08:10,992
2019-06-18 08:15,993
2019-06-18 08:20,1008
2019-06-18 08:25,1014
2019-06-18 08:30,1038
2019-06-18 08:35,1046
2019-06-18 08:40,1052
2019-06-18 08:45,1060
2019-06-18 08:50,1054
2019-06-18 08:55,1065
2019-06-18 09:00,1082
2019-06-18 09:05,1082
2019-06-18 09:10,1083
2019-06-18 09:15,1097
2019-06-18 09:20,1104
2019-06-18 09:25,1105
2019-06-18 09:30,1120
2019-06-18 09:35,1133
2019-06-18 09:40,1110
2019-06-18 09:45,1129
2019-06-18 09:50,1143
2019-06-18 09:55,1147
2019-06-18 10:00,1152
2019-06-18 10:05,1184
2019-06-18 10:10,1189
2019-06-18 10:15,1204
2019-06-18 10:20,1232
2019-06-18 10:25,1234
2019-06-18 10:30,1260
2019-06-18 10:35,1288
2019-06-18 10:40,1301
2019-06-18 10:45,1298
2019-06-18 10:50,1283
2019-06-18 10:55,1287
2019-06-18 11:00,1297
2019-06-18 11:05,1303
2019-06-18 11:10,1308
2019-06-18 11:15,1341
2019-06-18 11:20,1346
2019-06-18 11:25,1360
2019-06-18 11:30,1347
2019-06-18 11:35,1343
2019-06-18 11:40,1379
2019-06-18 11:45,1394
2019-06-18 11:50,1417
2019-06-18 11:55,1415
2019-06-18 12:00,1420
2019-06-18 12:05,1431
2019-06-18 12:10,1422
2019-06-18 12:15,1421
2019-06-18 12:20,1431
2019-06-18 12:25,1457
2019-06-18 12:30,1467
2019-06-18 12:35,1476
2019-06-18 12:40,1469
2019-06-18 12:45,1476
2019-06-18 12:50,1496
2019-06-18 12:55,1501
2019-06-18 13:00,1512
2019-06-18 13:05,1512
2019-06-18 13:10,1520
2019-06-18 13:15,1528
2019-06-18 13:20,1530
2019-06-18 13:25,1549
2019-06-18 13:30,1553
2019-06-18 13:35,1567
2019-06-18 13:40,1574
2019-06-18 13:45,1556
2019-06-18 13:50,1560
2019-06-18 13:55,1577
2019-06-18 14:00,1583
2019-06-18 14:05,1585
2019-06-18 14:10,1591
2019-06-18 14:15,1594
2019-06-18 14:20,1601
2019-06-18 14:25,1599
2019-06-18 14:30,1616
2019-06-18 14:35,1619
2019-06-18 14:40,1630
2019-06-18 14:45,1649
2019-06-18 14:50,1641
2019-06-18 14:55,1657
2019-06-18 15:00,1669
2019-06-18 15:05,1677
2019-06-18 15:10,1699
2019-06-18 15:15,1714
2019-06-18 15:20,1730
2019-06-18 15:25,1744
2019-06-18 15:30,1771
2019-06-18 15:35,1806
2019-06-18 15:40,1788
2019-06-18 15:45,1808
2019-06-18 15:50,1819
2019-06-18 15:55,1836
2019-06-18 16:00,1845
2019-06-18 16:05,1815
2019-06-18 16:10,1819
2019-06-18 16:15,1835
2019-06-18 16:20,1860
2019-06-18 16:25,1886
2019-06-18 16:30,1911
2019-06-18 16:35,1906
2019-06-18 16:40,1915
2019-06-18 16:45,1940
2019-06-18 16:50,1960
2019-06-18 16:55,1971
2019-06-18 17:00,1990
2019-06-18 17:05,1991
2019-06-18 17:10,2010
2019-06-18 17:15,2017
2019-06-18 17:20,2029
2019-06-18 17:25,2016
2019-06-18 17:30,2037
2019-06-18 17:35,2065
2019-06-18 17:40,2061
2019-06-18 17:45,2079
2019-06-18 17:50,2099
2019-06-18 17:55,2117
2019-06-18 18:00,2111
2019-06-18 18:05,2115
2019-06-18 18:10,2143
2019-06-18 18:15,2153
2019-06-18 18:20,2144
2019-06-18 18:25,2158
2019-06-18 18:30,2160
2019-06-18 18:35,2145
2019-06-18 18:40,2144
2019-06-18 18:45,2146
2019-06-18 18:50,2138
2019-06-18 18:55,2124
2019-06-18 19:00,2130
2019-06-18 19:05,2124
2019-06-18 19:10,2124
2019-06-18 19:15,2121
2019-06-18 19:20,2108
2019-06-18 19:25,2035
2019-06-18 19:30,2019
2019-06-18 19:35,2004
2019-06-18 19:40,1985
2019-06-18 19:45,1975
2019-06-18 19:50,1956
2019-06-18 19:55,1947
2019-06-18 20:00,1932
2019-06-18 20:05,1934
2019-06-18 20:10,1918
2019-06-18 20:15,1894
2019-06-18 20:20,1873
2019-06-18 20:25,1862
2019-06-18 20:30,1834
2019-06-18 20:35,1816
2019-06-18 20:40,1805
2019-06-18 20:45,1766
2019-06-18 20:50,1756
2019-06-18 20:55,1765
2019-06-18 21:00,1717
2019-06-18 21:05,1700
2019-06-18 21:10,1706
2019-06-18 21:15,1692
2019-06-18 21:20,1686
2019-06-18 21:25,1666
2019-06-18 21:30,1661
2019-06-18 21:35,1636
2019-06-18 21:40,1632
2019-06-18 21:45,1630
2019-06-18 21:50,1628
2019-06-18 21:55,1620
2019-06-18 22:00,1600
2019-06-18 22:05,1563
2019-06-18 22:10,1568
2019-06-18 22:15,1576
2019-06-18 22:20,1570
2019-06-18 22:25,1567
2019-06-18 22:30,1575
2019-06-18 22:35,1565
2019-06-18 22:40,
2019-06-18 22:45,
2019-06-18 22:50,
2019-06-18 22:55,
2019-06-18 23:00,
2019-06-18 23:05,
2019-06-18 23:10,
2019-06-18 23:15,
2019-06-18 23:20,
2019-06-18 23:25,1492
2019-06-18 23:30,1482
2019-06-18 23:35,1457
2019-06-18 23:40,1449
2019-06-18 23:45,1446
2019-06-18 23:50,1446
2019-06-18 23:55,1418
2019-06-19 00:00,1437
2019-06-19 00:05,
2019-06-19 00:10,
2019-06-19 00:15,1404
2019-06-19 00:20,1379
2019-06-19 00:25,1381
2019-06-19 00:30,1372
2019-06-19 00:35,1372
2019-06-19 00:40,1349
2019-06-19 00:45,1353
2019-06-19 00:50,1364
2019-06-19 00:55,1347
2019-06-19 01:00,1353
2019-06-19 01:05,1355
2019-06-19 01:10,1352
2019-06-19 01:15,1328
2019-06-19 01:20,1323
2019-06-19 01:25,1336
2019-06-19 01:30,1335
2019-06-19 01:35,1328
2019-06-19 01:40,1305
2019-06-19 01:45,1312
2019-06-19 01:50,1320
2019-06-19 01:55,1314
2019-06-19 02:00,1322
2019-06-19 02:05,1304
2019-06-19 02:10,1298
2019-06-19 02:15,1302
2019-06-19 02:20,1289
2019-06-19 02:25,1292
2019-06-19 02:30,1281
2019-06-19 02:35,1272
2019-06-19 02:40,1285
2019-06-19 02:45,1288
2019-06-19 02:50,1277
2019-06-19 02:55,1290
2019-06-19 03:00,1277
2019-06-19 03:05,1243
2019-06-19 03:10,1255
2019-06-19 03:15,1252
2019-06-19 03:20,1251
2019-06-19 03:25,1246
2019-06-19 03:30,1233
2019-06-19 03:35,1217
2019-06-19 03:40,1201
2019-06-19 03:45,1171
2019-06-19 03:50,1173
2019-06-19 03:55,1156
2019-06-19 04:00,1151
2019-06-19 04:05,1132
2019-06-19 04:10,1122
2019-06-19 04:15,1107
2019-06-19 04:20,1083
2019-06-19 04:25,1077
2019-06-19 04:30,1066
2019-06-19 04:35,1048
2019-06-19 04:40,1042
2019-06-19 04:45,1033
2019-06-19 04:50,1035
2019-06-19 04:55,1031
2019-06-19 05:00,1019
2019-06-19 05:05,1018
2019-06-19 05:10,1008
2019-06-19 05:15,1012
2019-06-19 05:20,1016
2019-06-19 05:25,997
2019-06-19 05:30,989
2019-06-19 05:35,977
2019-06-19 05:40,980
2019-06-19 05:45,969
2019-06-19 05:50,969
2019-06-19 05:55,987
2019-06-19 06:00,983
2019-06-19 06:05,987
2019-06-19 06:10,980
2019-06-19 06:15,982
2019-06-19 06:20,978
2019-06-19 06:25,987
2019-06-19 06:30,978
2019-06-19 06:35,970
2019-06-19 06:40,0
2019-06-19 06:45,962
2019-06-19 06:50,959
2019-06-19 06:55,961
2019-06-19 07:00,961
2019-06-19 07:05,961
2019-06-19 07:10,958
2019-06-19 07:15,952
2019-06-19 07:20,955
2019-06-19 07:25,956
2019-06-19 07:30,962
2019-06-19 07:35,969
2019-06-19 07:40,968
2019-06-19 07:45,979
2019-06-19 07:50,978
2019-06-19 07:55,977
2019-06-19 08:00,996
2019-06-19 08:05,996
2019-06-19 08:10,1000
2019-06-19 08:15,1014
2019-06-19 08:20,1033
2019-06-19 08:25,1047
2019-06-19 08:30,1057
2019-06-19 08:35,1061
2019-06-19 08:40,1075
2019-06-19 08:45,1080
2019-06-19 08:50,1096
2019-06-19 08:55,1101
2019-06-19 09:00,1108
2019-06-19 09:05,1100
2019-06-19 09:10,1115
2019-06-19 09:15,1125
2019-06-19 09:20,1133
2019-06-19 09:25,1140
2019-06-19 09:30,1144
2019-06-19 09:35,1167
2019-06-19 09:40,1173
2019-06-19 09:45,1166
2019-06-19 09:50,1178
2019-06-19 09:55,1193
2019-06-19 10:00,1204
2019-06-19 10:05,1206
2019-06-19 10:10,1207
2019-06-19 10:15,1205
2019-06-19 10:20,1228
2019-06-19 10:25,1241
2019-06-19 10:30,1258
2019-06-19 10:35,1259
2019-06-19 10:40,1281
2019-06-19 10:45,1293
2019-06-19 10:50,1306
2019-06-19 10:55,1306
2019-06-19 11:00,1320
2019-06-19 11:05,1308
2019-06-19 11:10,1319
2019-06-19 11:15,1341
2019-06-19 11:20,1363
2019-06-19 11:25,1362
2019-06-19 11:30,1354
2019-06-19 11:35,1355
2019-06-19 11:40,1352
2019-06-19 11:45,1363
2019-06-19 11:50,1378
2019-06-19 11:55,1373
2019-06-19 12:00,1369
2019-06-19 12:05,1375
2019-06-19 12:10,1388
2019-06-19 12:15,1406
2019-06-19 12:20,1396
2019-06-19 12:25,1418
2019-06-19 12:30,1419
2019-06-19 12:35,1410
2019-06-19 12:40,1415
2019-06-19 12:45,1399
2019-06-19 12:50,1395
2019-06-19 12:55,1399
2019-06-19 13:00,1414
2019-06-19 13:05,1408
2019-06-19 13:10,1413
2019-06-19 13:15,1440
2019-06-19 13:20,1458
2019-06-19 13:25,1484
2019-06-19 13:30,1502
2019-06-19 13:35,1501
2019-06-19 13:40,1520
2019-06-19 13:45,1543
2019-06-19 13:50,1568
2019-06-19 13:55,1562
2019-06-19 14:00,1579
2019-06-19 14:05,1602
2019-06-19 14:10,1609
2019-06-19 14:15,1616
2019-06-19 14:20,1612
2019-06-19 14:25,1642
2019-06-19 14:30,1653
2019-06-19 14:35,1660
2019-06-19 14:40,1652
2019-06-19 14:45,1656
2019-06-19 14:50,1658
2019-06-19 14:55,1682
2019-06-19 15:00,1710
2019-06-19 15:05,1728
2019-06-19 15:10,1750
2019-06-19 15:15,1758
2019-06-19 15:20,1774
2019-06-19 15:25,1774
2019-06-19 15:30,1771
2019-06-19 15:35,1741
2019-06-19 15:40,1769
2019-06-19 15:45,1751
2019-06-19 15:50,1752
2019-06-19 15:55,1771
2019-06-19 16:00,1789
2019-06-19 16:05,1820
2019-06-19 16:10,1814
2019-06-19 16:15,1827
2019-06-19 16:20,1829
2019-06-19 16:25,1835
2019-06-19 16:30,1829
2019-06-19 16:35,1831
2019-06-19 16:40,1855
2019-06-19 16:45,1855
2019-06-19 16:50,1863
2019-06-19 16:55,1870
2019-06-19 17:00,1877
2019-06-19 17:05,1894
2019-06-19 17:10,1916
2019-06-19 17:15,1940
2019-06-19 17:20,1957
2019-06-19 17:25,1966
2019-06-19 17:30,1964
2019-06-19 17:35,1966
2019-06-19 17:40,1954
2019-06-19 17:45,1957
2019-06-19 17:50,1972
2019-06-19 17:55,1979
2019-06-19 18:00,1987
2019-06-19 18:05,
2019-06-19 18:10,2002
2019-06-19 18:15,2020
2019-06-19 18:20,2015
2019-06-19 18:25,2029
2019-06-19 18:30,2051
2019-06-19 18:35,2047
2019-06-19 18:40,2067
2019-06-19 18:45,2063
2019-06-19 18:50,2063
2019-06-19 18:55,2068
2019-06-19 19:00,2100
2019-06-19 19:05,2099
2019-06-19 19:10,
2019-06-19 19:15,
2019-06-19 19:20,
2019-06-19 19:25,2089
2019-06-19 19:30,2071
2019-06-19 19:35,2067
2019-06-19 19:40,2059
2019-06-19 19:45,2039
2019-06-19 19:50,2031
2019-06-19 19:55,2022
2019-06-19 20:00,2008
2019-06-19 20:05,1985
2019-06-19 20:10,1992
2019-06-19 20:15,1984
2019-06-19 20:20,1967
2019-06-19 20:25,1943
2019-06-19 20:30,1927
2019-06-19 20:35,1916
2019-06-19 20:40,1909
2019-06-19 20:45,1903
2019-06-19 20:50,1889
2019-06-19 20:55,1859
2019-06-19 21:00,1832
2019-06-19 21:05,1805
2019-06-19 21:10,1773
2019-06-19 21:15,1734
2019-06-19 21:20,1704
2019-06-19 21:25,1696
2019-06-19 21:30,1697
2019-06-19 21:35,1685
2019-06-19 21:40,1685
2019-06-19 21:45,1685
2019-06-19 21:50,1664
2019-06-19 21:55,1666
2019-06-19 22:00,1681
2019-06-19 22:05,1669
2019-06-19 22:10,1671
2019-06-19 22:15,1656
2019-06-19 22:20,1644
2019-06-19 22:25,1641
2019-06-19 22:30,1639
2019-06-19 22:35,1628
2019-06-19 22:40,1605
2019-06-19 22:45,1607
2019-06-19 22:50,1567
2019-06-19 22:55,1542
2019-06-19 23:00,1526
2019-06-19 23:05,1512
2019-06-19 23:10,1491
2019-06-19 23:15,1494
2019-06-19 23:20,1487
2019-06-19 23:25,
2019-06-19 23:30,1443
2019-06-19 23:35,1447
2019-06-19 23:40,1432
2019-06-19 23:45,1427
2019-06-19 23:50,1415
2019-06-19 23:55,1415
2019-06-20 00:00,1410
2019-06-20 00:05,1424
2019-06-20 00:10,1414
2019-06-20 00:15,1392
2019-06-20 00:20,1412
2019-06-20 00:25,1395
2019-06-20 00:30,1396
2019-06-20 00:35,1402
2019-06-20 00:40,1387
2019-06-20 00:45,1380
2019-06-20 00:50,1366
2019-06-20 00:55,1374
2019-06-20 01:00,1369
2019-06-20 01:05,1359
2019-06-20 01:10,1369
2019-06-20 01:15,1356
2019-06-20 01:20,1343
2019-06-20 01:25,1353
2019-06-20 01:30,1360
2019-06-20 01:35,1346
2019-06-20 01:40,1329
2019-06-20 01:45,1322
2019-06-20 01:50,1333
2019-06-20 01:55,1350
2019-06-20 02:00,1368
2019-06-20 02:05,1352
2019-06-20 02:10,1325
2019-06-20 02:15,1301
2019-06-20 02:20,1311
2019-06-20 02:25,1294
2019-06-20 02:30,1293
2019-06-20 02:35,1279
2019-06-20 02:40,1280
2019-06-20 02:45,1261
2019-06-20 02:50,1259
2019-06-20 02:55,1243
2019-06-20 03:00,1233
2019-06-20 03:05,1220
2019-06-20 03:10,1217
2019-06-20 03:15,1204
2019-06-20 03:20,1178
2019-06-20 03:25,1177
2019-06-20 03:30,1157
2019-06-20 03:35,1148
2019-06-20 03:40,1152
2019-06-20 03:45,1131
2019-06-20 03:50,1129
2019-06-20 03:55,1125
2019-06-20 04:00,1124
2019-06-20 04:05,1115
2019-06-20 04:10,1107
2019-06-20 04:15,1097
2019-06-20 04:20,1085
2019-06-20 04:25,1086
2019-06-20 04:30,1069
2019-06-20 04:35,1062
2019-06-20 04:40,1049
2019-06-20 04:45,1040
2019-06-20 04:50,1030
2019-06-20 04:55,1008
2019-06-20 05:00,1007
2019-06-20 05:05,996
2019-06-20 05:10,990
2019-06-20 05:15,991
2019-06-20 05:20,1001
2019-06-20 05:25,1000
2019-06-20 05:30,987
2019-06-20 05:35,978
2019-06-20 05:40,987
2019-06-20 05:45,995
2019-06-20 05:50,996
2019-06-20 05:55,991
2019-06-20 06:00,1003
2019-06-20 06:05,995
2019-06-20 06:10,1005
2019-06-20 06:15,1008
2019-06-20 06:20,1003
2019-06-20 06:25,999
2019-06-20 06:30,996
2019-06-20 06:35,988
2019-06-20 06:40,985
2019-06-20 06:45,986
2019-06-20 06:50,968
2019-06-20 06:55,978
2019-06-20 07:00,976
2019-06-20 07:05,967
2019-06-20 07:10,983
2019-06-20 07:15,974
2019-06-20 07:20,986
2019-06-20 07:25,979
2019-06-20 07:30,985
2019-06-20 07:35,985
2019-06-20 07:40,988
2019-06-20 07:45,991
2019-06-20 07:50,1011
2019-06-20 07:55,1030
2019-06-20 08:00,1035
2019-06-20 08:05,1034
2019-06-20 08:10,1048
2019-06-20 08:15,1070
2019-06-20 08:20,1084
2019-06-20 08:25,1107
2019-06-20 08:30,1114
2019-06-20 08:35,1133
2019-06-20 08:40,1146
2019-06-20 08:45,1162
2019-06-20 08:50,1150
2019-06-20 08:55,1164
2019-06-20 09:00,1159
2019-06-20 09:05,1161
2019-06-20 09:10,1176
2019-06-20 09:15,1179
2019-06-20 09:20,1184
2019-06-20 09:25,1206
2019-06-20 09:30,1213
2019-06-20 09:35,1233
2019-06-20 09:40,1265
2019-06-20 09:45,1272
2019-06-20 09:50,1287
2019-06-20 09:55,1308
2019-06-20 10:00,1327
2019-06-20 10:05,1349
2019-06-20 10:10,1370
2019-06-20 10:15,1387
2019-06-20 10:20,1384
2019-06-20 10:25,1416
2019-06-20 10:30,1431
2019-06-20 10:35,1453
2019-06-20 10:40,1462
2019-06-20 10:45,1490
2019-06-20 10:50,1496
2019-06-20 10:55,1507
2019-06-20 11:00,1505
2019-06-20 11:05,1485
2019-06-20 11:10,1485
2019-06-20 11:15,1490
2019-06-20 11:20,1489
2019-06-20 11:25,1491
2019-06-20 11:30,1498
2019-06-20 11:35,1492
2019-06-20 11:40,1508
2019-06-20 11:45,1505
2019-06-20 11:50,1502
2019-06-20 11:55,1517
2019-06-20 12:00,1549
2019-06-20 12:05,1562
2019-06-20 12:10,1565
2019-06-20 12:15,1567
2019-06-20 12:20,1581
2019-06-20 12:25,1563
2019-06-20 12:30,1572
2019-06-20 12:35,1575
2019-06-20 12:40,1582
2019-06-20 12:45,1580
2019-06-20 12:50,1594
2019-06-20 12:55,1591
2019-06-20 13:00,1605
2019-06-20 13:05,1603
2019-06-20 13:10,1607
2019-06-20 13:15,1611
2019-06-20 13:20,1592
2019-06-20 13:25,1611
2019-06-20 13:30,1600
2019-06-20 13:35,1590
2019-06-20 13:40,1574
2019-06-20 13:45,1558
2019-06-20 13:50,1530
2019-06-20 13:55,1477
2019-06-20 14:00,1312
2019-06-20 14:05,880
2019-06-20 14:10,852
2019-06-20 14:15,850
2019-06-20 14:20,862
2019-06-20 14:25,874
2019-06-20 14:30,887
2019-06-20 14:35,899
2019-06-20 14:40,913
2019-06-20 14:45,896
2019-06-20 14:50,897
2019-06-20 14:55,912
2019-06-20 15:00,930
2019-06-20 15:05,968
2019-06-20 15:10,979
2019-06-20 15:15,1001
2019-06-20 15:20,1096
2019-06-20 15:25,1206
2019-06-20 15:30,1294
2019-06-20 15:35,1373
2019-06-20 15:40,1449
2019-06-20 15:45,1523
2019-06-20 15:50,1596
2019-06-20 15:55,1647
2019-06-20 16:00,1711
2019-06-20 16:05,1765
2019-06-20 16:10,1834
2019-06-20 16:15,1901
2019-06-20 16:20,1948
2019-06-20 16:25,1998
2019-06-20 16:30,2015
2019-06-20 16:35,2083
2019-06-20 16:40,2091
2019-06-20 16:45,2108
2019-06-20 16:50,2168
2019-06-20 16:55,2188
2019-06-20 17:00,2201
2019-06-20 17:05,2243
2019-06-20 17:10,2288
2019-06-20 17:15,2298
2019-06-20 17:20,2287
2019-06-20 17:25,2305
2019-06-20 17:30,2351
2019-06-20 17:35,2354
2019-06-20 17:40,2353
2019-06-20 17:45,2369
2019-06-20 17:50,2391
2019-06-20 17:55,2412
2019-06-20 18:00,2425
2019-06-20 18:05,2465
2019-06-20 18:10,2441
2019-06-20 18:15,2438
2019-06-20 18:20,2444
2019-06-20 18:25,2447
2019-06-20 18:30,2453
2019-06-20 18:35,2442
2019-06-20 18:40,2433
2019-06-20 18:45,2430
2019-06-20 18:50,2443
2019-06-20 18:55,2441
2019-06-20 19:00,2430
2019-06-20 19:05,2427
2019-06-20 19:10,2427
2019-06-20 19:15,2433
2019-06-20 19:20,2425
2019-06-20 19:25,2422
2019-06-20 19:30,2427
2019-06-20 19:35,2440
2019-06-20 19:40,2412
2019-06-20 19:45,2417
2019-06-20 19:50,2393
2019-06-20 19:55,2379
2019-06-20 20:00,2362
2019-06-20 20:05,2361
2019-06-20 20:10,2361
2019-06-20 20:15,2363
2019-06-20 20:20,2348
2019-06-20 20:25,2355
2019-06-20 20:30,2315
2019-06-20 20:35,2273
2019-06-20 20:40,2238
2019-06-20 20:45,2229
2019-06-20 20:50,2230
2019-06-20 20:55,2199
2019-06-20 21:00,2156
2019-06-20 21:05,2124
2019-06-20 21:10,2117
2019-06-20 21:15,2088
2019-06-20 21:20,2096
2019-06-20 21:25,2086
2019-06-20 21:30,2053
2019-06-20 21:35,2028
2019-06-20 21:40,1997
2019-06-20 21:45,1977
2019-06-20 21:50,1955
2019-06-20 21:55,1948
2019-06-20 22:00,1941
2019-06-20 22:05,1919
2019-06-20 22:10,1893
2019-06-20 22:15,1866
2019-06-20 22:20,1831
2019-06-20 22:25,1828
2019-06-20 22:30,1827
2019-06-20 22:35,1822
2019-06-20 22:40,1833
2019-06-20 22:45,1831
2019-06-20 22:50,1794
2019-06-20 22:55,1779
2019-06-20 23:00,1763
2019-06-20 23:05,1772
2019-06-20 23:10,1762
2019-06-20 23:15,1734
2019-06-20 23:20,1742
2019-06-20 23:25,1725
2019-06-20 23:30,1717
2019-06-20 23:35,1717
2019-06-20 23:40,1698
2019-06-20 23:45,1709
2019-06-20 23:50,1685
2019-06-20 23:55,1662
2019-06-21 00:00,1668
2019-06-21 00:05,1665
2019-06-21 00:10,1661
2019-06-21 00:15,1642
2019-06-21 00:20,1616
2019-06-21 00:25,1599
2019-06-21 00:30,1598
2019-06-21 00:35,1609
2019-06-21 00:40,1615
2019-06-21 00:45,1602
2019-06-21 00:50,1581
2019-06-21 00:55,1581
2019-06-21 01:00,1579
2019-06-21 01:05,1562
2019-06-21 01:10,1577
2019-06-21 01:15,1582
2019-06-21 01:20,1574
2019-06-21 01:25,1577
2019-06-21 01:30,1570
2019-06-21 01:35,1565
2019-06-21 01:40,1568
2019-06-21 01:45,1551
2019-06-21 01:50,1545
2019-06-21 01:55,1520
2019-06-21 02:00,1506
2019-06-21 02:05,1493
2019-06-21 02:10,1497
2019-06-21 02:15,1481
2019-06-21 02:20,1493
2019-06-21 02:25,1472
2019-06-21 02:30,1470
2019-06-21 02:35,1458
2019-06-21 02:40,1444
2019-06-21 02:45,1441
2019-06-21 02:50,1432
2019-06-21 02:55,1425
2019-06-21 03:00,1395
2019-06-21 03:05,1374
2019-06-21 03:10,1349
2019-06-21 03:15,1344
2019-06-21 03:20,1346
2019-06-21 03:25,1352
2019-06-21 03:30,1322
2019-06-21 03:35,1319
2019-06-21 03:40,1323
2019-06-21 03:45,1339
2019-06-21 03:50,1326
2019-06-21 03:55,1307
2019-06-21 04:00,1288
2019-06-21 04:05,1273
2019-06-21 04:10,1271
2019-06-21 04:15,1255
2019-06-21 04:20,1263
2019-06-21 04:25,1266
2019-06-21 04:30,1247
2019-06-21 04:35,1249
2019-06-21 04:40,1232
2019-06-21 04:45,1231
2019-06-21 04:50,1213
2019-06-21 04:55,1225
2019-06-21 05:00,1223
2019-06-21 05:05,1199
2019-06-21 05:10,1177
2019-06-21 05:15,1185
2019-06-21 05:20,1206
2019-06-21 05:25,1189
2019-06-21 05:30,1171
2019-06-21 05:35,1173
2019-06-21 05:40,1159
2019-06-21 05:45,1163
2019-06-21 05:50,1167
2019-06-21 05:55,1157
2019-06-21 06:00,1151
2019-06-21 06:05,1152
2019-06-21 06:10,1156
2019-06-21 06:15,1136
2019-06-21 06:20,1138
2019-06-21 06:25,1125
2019-06-21 06:30,1126
2019-06-21 06:35,1121
2019-06-21 06:40,1128
2019-06-21 06:45,1141
2019-06-21 06:50,1134
2019-06-21 06:55,1114
2019-06-21 07:00,1115
2019-06-21 07:05,1115
2019-06-21 07:10,1111
2019-06-21 07:15,1118
2019-06-21 07:20,1113
2019-06-21 07:25,1130
2019-06-21 07:30,1155
2019-06-21 07:35,1171
2019-06-21 07:40,1177
2019-06-21 07:45,1177
2019-06-21 07:50,1165
2019-06-21 07:55,1153
2019-06-21 08:00,1160
2019-06-21 08:05,1166
2019-06-21 08:10,1179
2019-06-21 08:15,1179
2019-06-21 08:20,1191
2019-06-21 08:25,1206
2019-06-21 08:30,1202
2019-06-21 08:35,1209
2019-06-21 08:40,1214
2019-06-21 08:45,1215
2019-06-21 08:50,1236
2019-06-21 08:55,1252
2019-06-21 09:00,1239
2019-06-21 09:05,1267
2019-06-21 09:10,1267
2019-06-21 09:15,1280
2019-06-21 09:20,1297
2019-06-21 09:25,1303
2019-06-21 09:30,1318
2019-06-21 09:35,1313
2019-06-21 09:40,1329
2019-06-21 09:45,1330
2019-06-21 09:50,1335
2019-06-21 09:55,1355
2019-06-21 10:00,1374
2019-06-21 10:05,1415
2019-06-21 10:10,1440
2019-06-21 10:15,1453
2019-06-21 10:20,1467
2019-06-21 10:25,1468
2019-06-21 10:30,1493
2019-06-21 10:35,1506
2019-06-21 10:40,1507
2019-06-21 10:45,1477
2019-06-21 10:50,1486
2019-06-21 10:55,1488
2019-06-21 11:00,1496
2019-06-21 11:05,1498
2019-06-21 11:10,1491
2019-06-21 11:15,1496
2019-06-21 11:20,1503
2019-06-21 11:25,1520
2019-06-21 11:30,1524
2019-06-21 11:35,1539
2019-06-21 11:40,1543
2019-06-21 11:45,1572
2019-06-21 11:50,1585
2019-06-21 11:55,1571
2019-06-21 12:00,1592
2019-06-21 12:05,1583
2019-06-21 12:10,1586
2019-06-21 12:15,1592
2019-06-21 12:20,1608
2019-06-21 12:25,1612
2019-06-21 12:30,1614
2019-06-21 12:35,1623
2019-06-21 12:40,1645
2019-06-21 12:45,1660
2019-06-21 12:50,1662
2019-06-21 12:55,1690
2019-06-21 13:00,1708
2019-06-21 13:05,1724
2019-06-21 13:10,1745
2019-06-21 13:15,1771
2019-06-21 13:20,1778
2019-06-21 13:25,1781
2019-06-21 13:30,1780
2019-06-21 13:35,1783
2019-06-21 13:40,1782
2019-06-21 13:45,1821
2019-06-21 13:50,1842
2019-06-21 13:55,1832
2019-06-21 14:00,1841
2019-06-21 14:05,1858
2019-06-21 14:10,1859
2019-06-21 14:15,1875
2019-06-21 14:20,1892
2019-06-21 14:25,1897
2019-06-21 14:30,1911
2019-06-21 14:35,1922
2019-06-21 14:40,1918
2019-06-21 14:45,1917
2019-06-21 14:50,1930
2019-06-21 14:55,1941
2019-06-21 15:00,1995
2019-06-21 15:05,1999
2019-06-21 15:10,1988
2019-06-21 15:15,1979
2019-06-21 15:20,1998
2019-06-21 15:25,2017
2019-06-21 15:30,2009
2019-06-21 15:35,1991
2019-06-21 15:40,2008
2019-06-21 15:45,1999
2019-06-21 15:50,1993
2019-06-21 15:55,1993
2019-06-21 16:00,2004
2019-06-21 16:05,2017
2019-06-21 16:10,2029
2019-06-21 16:15,2044
2019-06-21 16:20,2038
2019-06-21 16:25,2091
2019-06-21 16:30,2094
2019-06-21 16:35,2084
2019-06-21 16:40,2084
2019-06-21 16:45,2091
2019-06-21 16:50,2101
2019-06-21 16:55,2113
2019-06-21 17:00,2099
2019-06-21 17:05,2099
2019-06-21 17:10,2084
2019-06-21 17:15,2090
2019-06-21 17:20,2081
2019-06-21 17:25,2086
2019-06-21 17:30,2102
2019-06-21 17:35,2099
2019-06-21 17:40,2120
2019-06-21 17:45,2127
2019-06-21 17:50,2134
2019-06-21 17:55,2142
2019-06-21 18:00,2187
2019-06-21 18:05,2186
2019-06-21 18:10,2174
2019-06-21 18:15,2175
2019-06-21 18:20,2187
2019-06-21 18:25,2208
2019-06-21 18:30,2205
2019-06-21 18:35,2225
2019-06-21 18:40,2218
2019-06-21 18:45,2222
2019-06-21 18:50,2225
2019-06-21 18:55,2241
2019-06-21 19:00,2261
2019-06-21 19:05,2250
2019-06-21 19:10,2235
2019-06-21 19:15,2246
2019-06-21 19:20,2257
2019-06-21 19:25,2293
2019-06-21 19:30,2279
2019-06-21 19:35,2278
2019-06-21 19:40,2269
2019-06-21 19:45,2260
2019-06-21 19:50,2234
2019-06-21 19:55,2249
2019-06-21 20:00,2236
2019-06-21 20:05,2229
2019-06-21 20:10,2222
2019-06-21 20:15,2218
2019-06-21 20:20,2213
2019-06-21 20:25,2207
2019-06-21 20:30,2187
2019-06-21 20:35,2189
2019-06-21 20:40,2205
2019-06-21 20:45,2206
2019-06-21 20:50,2212
2019-06-21 20:55,2210
2019-06-21 21:00,2212
2019-06-21 21:05,2191
2019-06-21 21:10,2136
2019-06-21 21:15,2135
2019-06-21 21:20,2113
2019-06-21 21:25,2111
2019-06-21 21:30,2100
2019-06-21 21:35,2110
2019-06-21 21:40,2090
2019-06-21 21:45,2058
2019-06-21 21:50,2013
2019-06-21 21:55,2002
2019-06-21 22:00,1974
2019-06-21 22:05,1958
2019-06-21 22:10,1934
2019-06-21 22:15,1918
2019-06-21 22:20,1934
2019-06-21 22:25,1911
2019-06-21 22:30,1912
2019-06-21 22:35,1902
2019-06-21 22:40,1883
2019-06-21 22:45,1862
2019-06-21 22:50,1792
2019-06-21 22:55,0
2019-06-21 23:00,1681
2019-06-21 23:05,1643
2019-06-21 23:10,1578
2019-06-21 23:15,1318
2019-06-21 23:20,1342
2019-06-21 23:25,1391
2019-06-21 23:30,1417
2019-06-21 23:35,1452
2019-06-21 23:40,1447
2019-06-21 23:45,1473
2019-06-21 23:50,1500
2019-06-21 23:55,1532
2019-06-22 00:00,1554
2019-06-22 00:05,1573
2019-06-22 00:10,1576
2019-06-22 00:15,1574
2019-06-22 00:20,1586
2019-06-22 00:25,1595
2019-06-22 00:30,1610
2019-06-22 00:35,1607
2019-06-22 00:40,1608
2019-06-22 00:45,1619
2019-06-22 00:50,1611
2019-06-22 00:55,1605
2019-06-22 01:00,1638
2019-06-22 01:05,1623
2019-06-22 01:10,1630
2019-06-22 01:15,1641
2019-06-22 01:20,1626
2019-06-22 01:25,1631
2019-06-22 01:30,1626
2019-06-22 01:35,1646
2019-06-22 01:40,1643
2019-06-22 01:45,1646
2019-06-22 01:50,1636
2019-06-22 01:55,1644
2019-06-22 02:00,1655
2019-06-22 02:05,1645
2019-06-22 02:10,1628
2019-06-22 02:15,1614
2019-06-22 02:20,1610
2019-06-22 02:25,1604
2019-06-22 02:30,1575
2019-06-22 02:35,1568
2019-06-22 02:40,1550
2019-06-22 02:45,1544
2019-06-22 02:50,1567
2019-06-22 02:55,1550
2019-06-22 03:00,1525
2019-06-22 03:05,1527
2019-06-22 03:10,1525
2019-06-22 03:15,1521
2019-06-22 03:20,1521
2019-06-22 03:25,1501
2019-06-22 03:30,1502
2019-06-22 03:35,1473
2019-06-22 03:40,1460
2019-06-22 03:45,1448
2019-06-22 03:50,1427
2019-06-22 03:55,1416
2019-06-22 04:00,1406
2019-06-22 04:05,1399
2019-06-22 04:10,1399
2019-06-22 04:15,1401
2019-06-22 04:20,1375
2019-06-22 04:25,1366
2019-06-22 04:30,1364
2019-06-22 04:35,1364
2019-06-22 04:40,1364
2019-06-22 04:45,1355
2019-06-22 04:50,1346
2019-06-22 04:55,1331
2019-06-22 05:00,1323
2019-06-22 05:05,1295
2019-06-22 05:10,1284
2019-06-22 05:15,1265
2019-06-22 05:20,1263
2019-06-22 05:25,1254
2019-06-22 05:30,1241
2019-06-22 05:35,1240
2019-06-22 05:40,1247
2019-06-22 05:45,1245
2019-06-22 05:50,1236
2019-06-22 05:55,1240
2019-06-22 06:00,1236
2019-06-22 06:05,
2019-06-22 06:10,
2019-06-22 06:15,
2019-06-22 06:20,1277
2019-06-22 06:25,1285
2019-06-22 06:30,1276
2019-06-22 06:35,1274
2019-06-22 06:40,1278
2019-06-22 06:45,1297
2019-06-22 06:50,1312
2019-06-22 06:55,1313
2019-06-22 07:00,1318
2019-06-22 07:05,1315
2019-06-22 07:10,1319
2019-06-22 07:15,1333
2019-06-22 07:20,1334
2019-06-22 07:25,1320
2019-06-22 07:30,1334
2019-06-22 07:35,1334
2019-06-22 07:40,1360
2019-06-22 07:45,1364
2019-06-22 07:50,1362
2019-06-22 07:55,1365
2019-06-22 08:00,1376
2019-06-22 08:05,1376
2019-06-22 08:10,1396
2019-06-22 08:15,1409
2019-06-22 08:20,1414
2019-06-22 08:25,1405
2019-06-22 08:30,1426
2019-06-22 08:35,1433
2019-06-22 08:40,1455
2019-06-22 08:45,1455
2019-06-22 08:50,1465
2019-06-22 08:55,1480
2019-06-22 09:00,1496
2019-06-22 09:05,1496
2019-06-22 09:10,1507
2019-06-22 09:15,1509
2019-06-22 09:20,1527
2019-06-22 09:25,1542
2019-06-22 09:30,1563
2019-06-22 09:35,1573
2019-06-22 09:40,1583
2019-06-22 09:45,1601
2019-06-22 09:50,1623
2019-06-22 09:55,1651
2019-06-22 10:00,1651
2019-06-22 10:05,1676
2019-06-22 10:10,1701
2019-06-22 10:15,1720
2019-06-22 10:20,1738
2019-06-22 10:25,1759
2019-06-22 10:30,1750
2019-06-22 10:35,1756
2019-06-22 10:40,1774
2019-06-22 10:45,1803
2019-06-22 10:50,1798
2019-06-22 10:55,1798
2019-06-22 11:00,1835
2019-06-22 11:05,1835
2019-06-22 11:10,1833
2019-06-22 11:15,1816
2019-06-22 11:20,1821
2019-06-22 11:25,1842
2019-06-22 11:30,1858
2019-06-22 11:35,1864
2019-06-22 11:40,1853
2019-06-22 11:45,1855
2019-06-22 11:50,1850
2019-06-22 11:55,1850
2019-06-22 12:00,1888
2019-06-22 12:05,1888
2019-06-22 12:10,1890
2019-06-22 12:15,1911
2019-06-22 12:20,1925
2019-06-22 12:25,1930
2019-06-22 12:30,1942
2019-06-22 12:35,1938
2019-06-22 12:40,1938
2019-06-22 12:45,1934
2019-06-22 12:50,1967
2019-06-22 12:55,1993
2019-06-22 13:00,2019
2019-06-22 13:05,2019
2019-06-22 13:10,2023
2019-06-22 13:15,2032
2019-06-22 13:20,2042
2019-06-22 13:25,2033
2019-06-22 13:30,2024
2019-06-22 13:35,2030
2019-06-22 13:40,2047
2019-06-22 13:45,2049
2019-06-22 13:50,2061
2019-06-22 13:55,2074
2019-06-22 14:00,2097
2019-06-22 14:05,2097
2019-06-22 14:10,2093
2019-06-22 14:15,2096
2019-06-22 14:20,2127
2019-06-22 14:25,2057
2019-06-22 14:30,1987
2019-06-22 14:35,1905
2019-06-22 14:40,1973
2019-06-22 14:45,1989
2019-06-22 14:50,2005
2019-06-22 14:55,2058
2019-06-22 15:00,2073
2019-06-22 15:05,2114
2019-06-22 15:10,2118
2019-06-22 15:15,2142
2019-06-22 15:20,2160
2019-06-22 15:25,2173
2019-06-22 15:30,2183
2019-06-22 15:35,2193
2019-06-22 15:40,2206
2019-06-22 15:45,2186
2019-06-22 15:50,2179
2019-06-22 15:55,2176
2019-06-22 16:00,2211
2019-06-22 16:05,2229
2019-06-22 16:10,2231
2019-06-22 16:15,2216
2019-06-22 16:20,2235
2019-06-22 16:25,2240
2019-06-22 16:30,2245
2019-06-22 16:35,2239
2019-06-22 16:40,2264
2019-06-22 16:45,2279
2019-06-22 16:50,2260
2019-06-22 16:55,2229
2019-06-22 17:00,2229
2019-06-22 17:05,2248
2019-06-22 17:10,2289
2019-06-22 17:15,2301
2019-06-22 17:20,2305
2019-06-22 17:25,2329
2019-06-22 17:30,2346
2019-06-22 17:35,2344
2019-06-22 17:40,2326
2019-06-22 17:45,2344
2019-06-22 17:50,2351
2019-06-22 17:55,2363
2019-06-22 18:00,2384
2019-06-22 18:05,2377
2019-06-22 18:10,2376
2019-06-22 18:15,2383
2019-06-22 18:20,2369
2019-06-22 18:25,2378
2019-06-22 18:30,2385
2019-06-22 18:35,2378
2019-06-22 18:40,2382
2019-06-22 18:45,2356
2019-06-22 18:50,2329
2019-06-22 18:55,2349
2019-06-22 19:00,2339
2019-06-22 19:05,2356
2019-06-22 19:10,2366
2019-06-22 19:15,2377
2019-06-22 19:20,2379
2019-06-22 19:25,2375
2019-06-22 19:30,2395
2019-06-22 19:35,2400
2019-06-22 19:40,2411
2019-06-22 19:45,2415
2019-06-22 19:50,2419
2019-06-22 19:55,2422
2019-06-22 20:00,2416
2019-06-22 20:05,2400
2019-06-22 20:10,2379
2019-06-22 20:15,2390
2019-06-22 20:20,2378
2019-06-22 20:25,2351
2019-06-22 20:30,2338
2019-06-22 20:35,2325
2019-06-22 20:40,2320
2019-06-22 20:45,2302
2019-06-22 20:50,2292
2019-06-22 20:55,2276
2019-06-22 21:00,2250
2019-06-22 21:05,2238
2019-06-22 21:10,2221
2019-06-22 21:15,2186
2019-06-22 21:20,2180
2019-06-22 21:25,2200
2019-06-22 21:30,2173
2019-06-22 21:35,2180
2019-06-22 21:40,2165
2019-06-22 21:45,2136
2019-06-22 21:50,2145
2019-06-22 21:55,2110
2019-06-22 22:00,2115
2019-06-22 22:05,2101
2019-06-22 22:10,2070
2019-06-22 22:15,2059
2019-06-22 22:20,2062
2019-06-22 22:25,2052
2019-06-22 22:30,2029
2019-06-22 22:35,2000
2019-06-22 22:40,2005
2019-06-22 22:45,1982
2019-06-22 22:50,1955
2019-06-22 22:55,1947
2019-06-22 23:00,1911
2019-06-22 23:05,1887
2019-06-22 23:10,1887
2019-06-22 23:15,1857
2019-06-22 23:20,1836
2019-06-22 23:25,1843
2019-06-22 23:30,1825
2019-06-22 23:35,1805
2019-06-22 23:40,1773
2019-06-22 23:45,1741
2019-06-22 23:50,1746
2019-06-22 23:55,1743
2019-06-23 00:00,1735
2019-06-23 00:05,1729
2019-06-23 00:10,1716
2019-06-23 00:15,1687
2019-06-23 00:20,1691
2019-06-23 00:25,1682
2019-06-23 00:30,1686
2019-06-23 00:35,1661
2019-06-23 00:40,1639
2019-06-23 00:45,1640
2019-06-23 00:50,1626
2019-06-23 00:55,1607
2019-06-23 01:00,1613
2019-06-23 01:05,1614
2019-06-23 01:10,1594
2019-06-23 01:15,1599
2019-06-23 01:20,1590
2019-06-23 01:25,1601
2019-06-23 01:30,1598
2019-06-23 01:35,1585
2019-06-23 01:40,1572
2019-06-23 01:45,1580
2019-06-23 01:50,1560
2019-06-23 01:55,1557
2019-06-23 02:00,1571
2019-06-23 02:05,1596
2019-06-23 02:10,1602
2019-06-23 02:15,1592
2019-06-23 02:20,1602
2019-06-23 02:25,1596
2019-06-23 02:30,1597
2019-06-23 02:35,1583
2019-06-23 02:40,1578
2019-06-23 02:45,1592
2019-06-23 02:50,1590
2019-06-23 02:55,1596
2019-06-23 03:00,1582
2019-06-23 03:05,1579
2019-06-23 03:10,1581
2019-06-23 03:15,1564
2019-06-23 03:20,1570
2019-06-23 03:25,1580
2019-06-23 03:30,1576
2019-06-23 03:35,1588
2019-06-23 03:40,1569
2019-06-23 03:45,1576
2019-06-23 03:50,1564
2019-06-23 03:55,1550
2019-06-23 04:00,1534
2019-06-23 04:05,1541
2019-06-23 04:10,1537
2019-06-23 04:15,1512
2019-06-23 04:20,1496
2019-06-23 04:25,1501
2019-06-23 04:30,1501
2019-06-23 04:35,1493
2019-06-23 04:40,1464
2019-06-23 04:45,1450
2019-06-23 04:50,1431
2019-06-23 04:55,1418
2019-06-23 05:00,1405
2019-06-23 05:05,1413
2019-06-23 05:10,1389
2019-06-23 05:15,1383
2019-06-23 05:20,1404
2019-06-23 05:25,1401
2019-06-23 05:30,1406
2019-06-23 05:35,1397
2019-06-23 05:40,1394
2019-06-23 05:45,1384
2019-06-23 05:50,1397
2019-06-23 05:55,1404
2019-06-23 06:00,1394
2019-06-23 06:05,1390
2019-06-23 06:10,1373
2019-06-23 06:15,1371
2019-06-23 06:20,1359
2019-06-23 06:25,1354
2019-06-23 06:30,1358
2019-06-23 06:35,1369
2019-06-23 06:40,1385
2019-06-23 06:45,1377
2019-06-23 06:50,1374
2019-06-23 06:55,1382
2019-06-23 07:00,1395
2019-06-23 07:05,1393
2019-06-23 07:10,1400
2019-06-23 07:15,1417
2019-06-23 07:20,1425
2019-06-23 07:25,1422
2019-06-23 07:30,1416
2019-06-23 07:35,1423
2019-06-23 07:40,1422
2019-06-23 07:45,1424
2019-06-23 07:50,1442
2019-06-23 07:55,1425
2019-06-23 08:00,1439
2019-06-23 08:05,1449
2019-06-23 08:10,1450
2019-06-23 08:15,1459
2019-06-23 08:20,1446
2019-06-23 08:25,1475
2019-06-23 08:30,1510
2019-06-23 08:35,1522
2019-06-23 08:40,1549
2019-06-23 08:45,1575
2019-06-23 08:50,1570
2019-06-23 08:55,1575
2019-06-23 09:00,1598
2019-06-23 09:05,1604
2019-06-23 09:10,1613
2019-06-23 09:15,1629
2019-06-23 09:20,1636
2019-06-23 09:25,1653
2019-06-23 09:30,1654
2019-06-23 09:35,1655
2019-06-23 09:40,1679
2019-06-23 09:45,1679
2019-06-23 09:50,1697
2019-06-23 09:55,1694
2019-06-23 10:00,1718
2019-06-23 10:05,1718
2019-06-23 10:10,1747
2019-06-23 10:15,1760
2019-06-23 10:20,1784
2019-06-23 10:25,1800
2019-06-23 10:30,1831
2019-06-23 10:35,1852
2019-06-23 10:40,1867
2019-06-23 10:45,1870
2019-06-23 10:50,1889
2019-06-23 10:55,1892
2019-06-23 11:00,1887
2019-06-23 11:05,1909
2019-06-23 11:10,1909
2019-06-23 11:15,1923
2019-06-23 11:20,1918
2019-06-23 11:25,1923
2019-06-23 11:30,1933
2019-06-23 11:35,1953
2019-06-23 11:40,1966
2019-06-23 11:45,1981
2019-06-23 11:50,1985
2019-06-23 11:55,1992
2019-06-23 12:00,2028
2019-06-23 12:05,2016
2019-06-23 12:10,2022
2019-06-23 12:15,2025
2019-06-23 12:20,2081
2019-06-23 12:25,2061
2019-06-23 12:30,2069
2019-06-23 12:35,2069
2019-06-23 12:40,2079
2019-06-23 12:45,2074
2019-06-23 12:50,2052
2019-06-23 12:55,2044
2019-06-23 13:00,2065
2019-06-23 13:05,2061
2019-06-23 13:10,2078
2019-06-23 13:15,2083
2019-06-23 13:20,2108
2019-06-23 13:25,2114
2019-06-23 13:30,2119
2019-06-23 13:35,2127
2019-06-23 13:40,2142
2019-06-23 13:45,2168
2019-06-23 13:50,2169
2019-06-23 13:55,2191
2019-06-23 14:00,2217
2019-06-23 14:05,2236
2019-06-23 14:10,2235
2019-06-23 14:15,2260
2019-06-23 14:20,2272
2019-06-23 14:25,2280
2019-06-23 14:30,2254
2019-06-23 14:35,2254
2019-06-23 14:40,2260
2019-06-23 14:45,2263
2019-06-23 14:50,2279
2019-06-23 14:55,2311
2019-06-23 15:00,2338
2019-06-23 15:05,2340
2019-06-23 15:10,2339
2019-06-23 15:15,2372
2019-06-23 15:20,2362
2019-06-23 15:25,2376
2019-06-23 15:30,2378
2019-06-23 15:35,2393
2019-06-23 15:40,2392
2019-06-23 15:45,2407
2019-06-23 15:50,2399
2019-06-23 15:55,2388
2019-06-23 16:00,2397
2019-06-23 16:05,2412
2019-06-23 16:10,2431
2019-06-23 16:15,2431
2019-06-23 16:20,2438
2019-06-23 16:25,2477
2019-06-23 16:30,2479
2019-06-23 16:35,2482
2019-06-23 16:40,2498
2019-06-23 16:45,2538
2019-06-23 16:50,2562
2019-06-23 16:55,2590
2019-06-23 17:00,2616
2019-06-23 17:05,2590
2019-06-23 17:10,2593
2019-06-23 17:15,2589
2019-06-23 17:20,2613
2019-06-23 17:25,2614
2019-06-23 17:30,2633
2019-06-23 17:35,2639
2019-06-23 17:40,2633
2019-06-23 17:45,2649
2019-06-23 17:50,2624
2019-06-23 17:55,2616
2019-06-23 18:00,2617
2019-06-23 18:05,2632
2019-06-23 18:10,2627
2019-06-23 18:15,2632
2019-06-23 18:20,2615
2019-06-23 18:25,2596
2019-06-23 18:30,2590
2019-06-23 18:35,2617
2019-06-23 18:40,2613
2019-06-23 18:45,2586
2019-06-23 18:50,2580
2019-06-23 18:55,2601
2019-06-23 19:00,2596
2019-06-23 19:05,2596
2019-06-23 19:10,2590
2019-06-23 19:15,2585
2019-06-23 19:20,2569
2019-06-23 19:25,2600
2019-06-23 19:30,2620
2019-06-23 19:35,2579
2019-06-23 19:40,2557
2019-06-23 19:45,2566
2019-06-23 19:50,2569
2019-06-23 19:55,2555
2019-06-23 20:00,2562
2019-06-23 20:05,2541
2019-06-23 20:10,2555
2019-06-23 20:15,2531
2019-06-23 20:20,2514
2019-06-23 20:25,2492
2019-06-23 20:30,2489
2019-06-23 20:35,2473
2019-06-23 20:40,2467
2019-06-23 20:45,2437
2019-06-23 20:50,2408
2019-06-23 20:55,2374
2019-06-23 21:00,2348
2019-06-23 21:05,2336
2019-06-23 21:10,2341
2019-06-23 21:15,2294
2019-06-23 21:20,2271
2019-06-23 21:25,2266
2019-06-23 21:30,2234
2019-06-23 21:35,2233
2019-06-23 21:40,2212
2019-06-23 21:45,2158
2019-06-23 21:50,2139
2019-06-23 21:55,2121
2019-06-23 22:00,2097
2019-06-23 22:05,2066
2019-06-23 22:10,2045
2019-06-23 22:15,2020
2019-06-23 22:20,1990
2019-06-23 22:25,1967
2019-06-23 22:30,1950
2019-06-23 22:35,1911
2019-06-23 22:40,1911
2019-06-23 22:45,1902
2019-06-23 22:50,1876
2019-06-23 22:55,1867
2019-06-23 23:00,1842
2019-06-23 23:05,1845
2019-06-23 23:10,1859
2019-06-23 23:15,1836
2019-06-23 23:20,1810
2019-06-23 23:25,1796
2019-06-23 23:30,1787
2019-06-23 23:35,1768
2019-06-23 23:40,1766
2019-06-23 23:45,1741
2019-06-23 23:50,1737
2019-06-23 23:55,1731
2019-06-24 00:00,1724
2019-06-24 00:05,1723
2019-06-24 00:10,1685
2019-06-24 00:15,1674
2019-06-24 00:20,1673
2019-06-24 00:25,1664
2019-06-24 00:30,1649
2019-06-24 00:35,1648
2019-06-24 00:40,1633
2019-06-24 00:45,1629
2019-06-24 00:50,1611
2019-06-24 00:55,1614
2019-06-24 01:00,1631
2019-06-24 01:05,1616
2019-06-24 01:10,1618
2019-06-24 01:15,1614
2019-06-24 01:20,1614
2019-06-24 01:25,1616
2019-06-24 01:30,1615
2019-06-24 01:35,1597
2019-06-24 01:40,1602
2019-06-24 01:45,1621
2019-06-24 01:50,1600
2019-06-24 01:55,1594
2019-06-24 02:00,1596
2019-06-24 02:05,1584
2019-06-24 02:10,1562
2019-06-24 02:15,1552
2019-06-24 02:20,1542
2019-06-24 02:25,1527
2019-06-24 02:30,1528
2019-06-24 02:35,1517
2019-06-24 02:40,1499
2019-06-24 02:45,1480
2019-06-24 02:50,1472
2019-06-24 02:55,1466
2019-06-24 03:00,1451
2019-06-24 03:05,1435
2019-06-24 03:10,1414
2019-06-24 03:15,1404
2019-06-24 03:20,1396
2019-06-24 03:25,1381
2019-06-24 03:30,1375
2019-06-24 03:35,1355
2019-06-24 03:40,1360
2019-06-24 03:45,1334
2019-06-24 03:50,1327
2019-06-24 03:55,1313
2019-06-24 04:00,1316
2019-06-24 04:05,1318
2019-06-24 04:10,1314
2019-06-24 04:15,1313
2019-06-24 04:20,1287
2019-06-24 04:25,1265
2019-06-24 04:30,1237
2019-06-24 04:35,1235
2019-06-24 04:40,1233
2019-06-24 04:45,1238
2019-06-24 04:50,1228
2019-06-24 04:55,1215
2019-06-24 05:00,1192
2019-06-24 05:05,1178
2019-06-24 05:10,1167
2019-06-24 05:15,1144
2019-06-24 05:20,1124
2019-06-24 05:25,1101
2019-06-24 05:30,1091
2019-06-24 05:35,1087
2019-06-24 05:40,1088
2019-06-24 05:45,1101
2019-06-24 05:50,1101
2019-06-24 05:55,1103
2019-06-24 06:00,1116
2019-06-24 06:05,1113
2019-06-24 06:10,1089
2019-06-24 06:15,1072
2019-06-24 06:20,1084
2019-06-24 06:25,1067
2019-06-24 06:30,1078
2019-06-24 06:35,1073
2019-06-24 06:40,1060
2019-06-24 06:45,1057
2019-06-24 06:50,1063
2019-06-24 06:55,1069
2019-06-24 07:00,1065
2019-06-24 07:05,1061
2019-06-24 07:10,1051
2019-06-24 07:15,1062
2019-06-24 07:20,1068
2019-06-24 07:25,1056
2019-06-24 07:30,1073
2019-06-24 07:35,1075
2019-06-24 07:40,1084
2019-06-24 07:45,1107
2019-06-24 07:50,1100
2019-06-24 07:55,1123
2019-06-24 08:00,1138
2019-06-24 08:05,1152
2019-06-24 08:10,1167
2019-06-24 08:15,1161
2019-06-24 08:20,1162
2019-06-24 08:25,1153
2019-06-24 08:30,1175
2019-06-24 08:35,1184
2019-06-24 08:40,1203
2019-06-24 08:45,1196
2019-06-24 08:50,1213
2019-06-24 08:55,1223
2019-06-24 09:00,1232
2019-06-24 09:05,1246
2019-06-24 09:10,1250
2019-06-24 09:15,1272
2019-06-24 09:20,1277
2019-06-24 09:25,1258
2019-06-24 09:30,1261
2019-06-24 09:35,1261
2019-06-24 09:40,1260
2019-06-24 09:45,1294
2019-06-24 09:50,1288
2019-06-24 09:55,1282
2019-06-24 10:00,1305
2019-06-24 10:05,1304
2019-06-24 10:10,1322
2019-06-24 10:15,1324
2019-06-24 10:20,1335
2019-06-24 10:25,1360
2019-06-24 10:30,1379
2019-06-24 10:35,1406
2019-06-24 10:40,1411
2019-06-24 10:45,1417
2019-06-24 10:50,1439
2019-06-24 10:55,1451
2019-06-24 11:00,1472
2019-06-24 11:05,1488
2019-06-24 11:10,1489
2019-06-24 11:15,1498
2019-06-24 11:20,1517
2019-06-24 11:25,1535
2019-06-24 11:30,1533
2019-06-24 11:35,1556
2019-06-24 11:40,1547
2019-06-24 11:45,1566
2019-06-24 11:50,1578
2019-06-24 11:55,1575
2019-06-24 12:00,1561
2019-06-24 12:05,1577
2019-06-24 12:10,1574
2019-06-24 12:15,1581
2019-06-24 12:20,1572
2019-06-24 12:25,1580
2019-06-24 12:30,1598
2019-06-24 12:35,1594
2019-06-24 12:40,1609
2019-06-24 12:45,1619
2019-06-24 12:50,1628
2019-06-24 12:55,1625
2019-06-24 13:00,1644
2019-06-24 13:05,1665
2019-06-24 13:10,1683
2019-06-24 13:15,1692
2019-06-24 13:20,1708
2019-06-24 13:25,1713
2019-06-24 13:30,1722
2019-06-24 13:35,1736
2019-06-24 13:40,1761
2019-06-24 13:45,1769
2019-06-24 13:50,1793
2019-06-24 13:55,1795
2019-06-24 14:00,1806
2019-06-24 14:05,1805
2019-06-24 14:10,1816
2019-06-24 14:15,1820
2019-06-24 14:20,1819
2019-06-24 14:25,1812
2019-06-24 14:30,1834
2019-06-24 14:35,1845
2019-06-24 14:40,1861
2019-06-24 14:45,1877
2019-06-24 14:50,1837
2019-06-24 14:55,1836
2019-06-24 15:00,1842
2019-06-24 15:05,1845
2019-06-24 15:10,1875
2019-06-24 15:15,1873
2019-06-24 15:20,1902
2019-06-24 15:25,1929
2019-06-24 15:30,1924
2019-06-24 15:35,1935
2019-06-24 15:40,1936
2019-06-24 15:45,1913
2019-06-24 15:50,1919
2019-06-24 15:55,1939
2019-06-24 16:00,1957
2019-06-24 16:05,1960
2019-06-24 16:10,1947
2019-06-24 16:15,1966
2019-06-24 16:20,2006
2019-06-24 16:25,2009
2019-06-24 16:30,2038
2019-06-24 16:35,2048
2019-06-24 16:40,2061
2019-06-24 16:45,2082
2019-06-24 16:50,2113
2019-06-24 16:55,2144
2019-06-24 17:00,2144
2019-06-24 17:05,2144
2019-06-24 17:10,2170
2019-06-24 17:15,2187
2019-06-24 17:20,2197
2019-06-24 17:25,2204
2019-06-24 17:30,2217
2019-06-24 17:35,2239
2019-06-24 17:40,2244
2019-06-24 17:45,2268
2019-06-24 17:50,2273
2019-06-24 17:55,2287
2019-06-24 18:00,2296
2019-06-24 18:05,2304
2019-06-24 18:10,2325
2019-06-24 18:15,2321
2019-06-24 18:20,2321
2019-06-24 18:25,2360
2019-06-24 18:30,2372
2019-06-24 18:35,2356
2019-06-24 18:40,2360
2019-06-24 18:45,2346
2019-06-24 18:50,2350
2019-06-24 18:55,2324
2019-06-24 19:00,2339
2019-06-24 19:05,2329
2019-06-24 19:10,2338
2019-06-24 19:15,2323
2019-06-24 19:20,2331
2019-06-24 19:25,2329
2019-06-24 19:30,2351
2019-06-24 19:35,2359
2019-06-24 19:40,2367
2019-06-24 19:45,2348
2019-06-24 19:50,2309
2019-06-24 19:55,2304
2019-06-24 20:00,2307
2019-06-24 20:05,2314
2019-06-24 20:10,2302
2019-06-24 20:15,2291
2019-06-24 20:20,2283
2019-06-24 20:25,2253
2019-06-24 20:30,2217
2019-06-24 20:35,2210
2019-06-24 20:40,2194
2019-06-24 20:45,2138
2019-06-24 20:50,2136
2019-06-24 20:55,2138
2019-06-24 21:00,2159
2019-06-24 21:05,2133
2019-06-24 21:10,2114
2019-06-24 21:15,2085
2019-06-24 21:20,2068
2019-06-24 21:25,2026
2019-06-24 21:30,2032
2019-06-24 21:35,2010
2019-06-24 21:40,1987
2019-06-24 21:45,1969
2019-06-24 21:50,1951
2019-06-24 21:55,1927
2019-06-24 22:00,1922
2019-06-24 22:05,1896
2019-06-24 22:10,1896
2019-06-24 22:15,1868
2019-06-24 22:20,1859
2019-06-24 22:25,1846
2019-06-24 22:30,1831
2019-06-24 22:35,1821
2019-06-24 22:40,1807
2019-06-24 22:45,1811
2019-06-24 22:50,
2019-06-24 22:55,0
2019-06-24 23:00,1332
2019-06-24 23:05,1738
2019-06-24 23:10,1763
2019-06-24 23:15,1767
2019-06-24 23:20,1758
2019-06-24 23:25,1718
2019-06-24 23:30,1698
2019-06-24 23:35,1696
2019-06-24 23:40,1685
2019-06-24 23:45,1669
2019-06-24 23:50,1670
2019-06-24 23:55,1645
2019-06-25 00:00,1641
2019-06-25 00:05,1644
2019-06-25 00:10,1635
2019-06-25 00:15,1607
2019-06-25 00:20,1628
2019-06-25 00:25,1630
2019-06-25 00:30,1611
2019-06-25 00:35,1614
2019-06-25 00:40,1590
2019-06-25 00:45,1590
2019-06-25 00:50,1572
2019-06-25 00:55,1572
2019-06-25 01:00,1562
2019-06-25 01:05,1575
2019-06-25 01:10,1566
2019-06-25 01:15,1560
2019-06-25 01:20,1558
2019-06-25 01:25,1559
2019-06-25 01:30,1562
2019-06-25 01:35,1547
2019-06-25 01:40,1560
2019-06-25 01:45,1556
2019-06-25 01:50,1545
2019-06-25 01:55,1559
2019-06-25 02:00,1552
2019-06-25 02:05,1548
2019-06-25 02:10,1534
2019-06-25 02:15,1539
2019-06-25 02:20,1536
2019-06-25 02:25,1527
2019-06-25 02:30,1508
2019-06-25 02:35,1502
2019-06-25 02:40,1502
2019-06-25 02:45,1496
2019-06-25 02:50,1489
2019-06-25 02:55,1472
2019-06-25 03:00,1433
2019-06-25 03:05,1430
2019-06-25 03:10,1416
2019-06-25 03:15,1400
2019-06-25 03:20,1384
2019-06-25 03:25,1379
2019-06-25 03:30,1364
2019-06-25 03:35,1335
2019-06-25 03:40,1317
2019-06-25 03:45,1306
2019-06-25 03:50,1279
2019-06-25 03:55,1261
2019-06-25 04:00,1256
2019-06-25 04:05,1241
2019-06-25 04:10,1233
2019-06-25 04:15,1230
2019-06-25 04:20,1202
2019-06-25 04:25,1193
2019-06-25 04:30,1187
2019-06-25 04:35,1199
2019-06-25 04:40,1204
2019-06-25 04:45,1188
2019-06-25 04:50,1190
2019-06-25 04:55,1188
2019-06-25 05:00,1189
2019-06-25 05:05,1178
2019-06-25 05:10,1157
2019-06-25 05:15,1149
2019-06-25 05:20,1154
2019-06-25 05:25,1128
2019-06-25 05:30,1109
2019-06-25 05:35,1107
2019-06-25 05:40,1104
2019-06-25 05:45,1095
2019-06-25 05:50,1093
2019-06-25 05:55,1085
2019-06-25 06:00,1068
2019-06-25 06:05,1066
2019-06-25 06:10,1070
2019-06-25 06:15,1081
2019-06-25 06:20,1079
2019-06-25 06:25,1078
2019-06-25 06:30,1065
2019-06-25 06:35,1054
2019-06-25 06:40,1038
2019-06-25 06:45,1044
2019-06-25 06:50,1035
2019-06-25 06:55,1046
2019-06-25 07:00,1059
2019-06-25 07:05,1061
2019-06-25 07:10,1055
2019-06-25 07:15,1058
2019-06-25 07:20,1059
2019-06-25 07:25,1066
2019-06-25 07:30,1064
2019-06-25 07:35,1065
2019-06-25 07:40,1066
2019-06-25 07:45,1087
2019-06-25 07:50,1095
2019-06-25 07:55,1096
2019-06-25 08:00,1086
2019-06-25 08:05,1089
2019-06-25 08:10,1100
2019-06-25 08:15,1104
2019-06-25 08:20,1127
2019-06-25 08:25,1149
2019-06-25 08:30,1136
2019-06-25 08:35,1160
2019-06-25 08:40,1145
2019-06-25 08:45,1160
2019-06-25 08:50,1170
2019-06-25 08:55,1172
2019-06-25 09:00,1176
2019-06-25 09:05,1187
2019-06-25 09:10,1178
2019-06-25 09:15,1179
2019-06-25 09:20,1198
2019-06-25 09:25,1189
2019-06-25 09:30,1188
2019-06-25 09:35,1196
2019-06-25 09:40,1224
2019-06-25 09:45,1224
2019-06-25 09:50,1240
2019-06-25 09:55,1233
2019-06-25 10:00,1248
2019-06-25 10:05,1256
2019-06-25 10:10,1271
2019-06-25 10:15,1287
2019-06-25 10:20,1301
2019-06-25 10:25,1307
2019-06-25 10:30,1325
2019-06-25 10:35,1328
2019-06-25 10:40,1349
2019-06-25 10:45,1366
2019-06-25 10:50,1395
2019-06-25 10:55,1399
2019-06-25 11:00,1401
2019-06-25 11:05,1429
2019-06-25 11:10,1436
2019-06-25 11:15,1429
2019-06-25 11:20,1433
2019-06-25 11:25,1434
2019-06-25 11:30,1453
2019-06-25 11:35,1462
2019-06-25 11:40,1476
2019-06-25 11:45,1488
2019-06-25 11:50,1481
2019-06-25 11:55,1483
2019-06-25 12:00,1482
2019-06-25 12:05,1485
2019-06-25 12:10,1494
2019-06-25 12:15,1497
2019-06-25 12:20,1507
2019-06-25 12:25,1509
2019-06-25 12:30,1511
2019-06-25 12:35,1522
2019-06-25 12:40,1536
2019-06-25 12:45,1555
2019-06-25 12:50,1570
2019-06-25 12:55,1588
2019-06-25 13:00,1566
2019-06-25 13:05,1565
2019-06-25 13:10,1548
2019-06-25 13:15,1541
2019-06-25 13:20,1541
2019-06-25 13:25,1525
2019-06-25 13:30,1534
2019-06-25 13:35,1541
2019-06-25 13:40,1538
2019-06-25 13:45,1551
2019-06-25 13:50,1584
2019-06-25 13:55,1608
2019-06-25 14:00,1625
2019-06-25 14:05,1653
2019-06-25 14:10,1664
2019-06-25 14:15,1681
2019-06-25 14:20,1695
2019-06-25 14:25,1709
2019-06-25 14:30,1721
2019-06-25 14:35,1724
2019-06-25 14:40,1738
2019-06-25 14:45,1743
2019-06-25 14:50,1756
2019-06-25 14:55,1759
2019-06-25 15:00,1773
2019-06-25 15:05,1781
2019-06-25 15:10,1780
2019-06-25 15:15,1793
2019-06-25 15:20,1822
2019-06-25 15:25,1826
2019-06-25 15:30,1868
2019-06-25 15:35,1877
2019-06-25 15:40,1873
2019-06-25 15:45,1881
2019-06-25 15:50,1882
2019-06-25 15:55,1906
2019-06-25 16:00,1912
2019-06-25 16:05,1937
2019-06-25 16:10,1930
2019-06-25 16:15,1962
2019-06-25 16:20,1991
2019-06-25 16:25,1984
2019-06-25 16:30,1988
2019-06-25 16:35,1999
2019-06-25 16:40,1978
2019-06-25 16:45,1992
2019-06-25 16:50,1986
2019-06-25 16:55,2004
2019-06-25 17:00,1995
2019-06-25 17:05,2036
2019-06-25 17:10,2027
2019-06-25 17:15,2035
2019-06-25 17:20,2040
2019-06-25 17:25,2044
2019-06-25 17:30,2072
2019-06-25 17:35,2062
2019-06-25 17:40,2044
2019-06-25 17:45,2047
2019-06-25 17:50,2066
2019-06-25 17:55,2075
2019-06-25 18:00,2076
2019-06-25 18:05,2088
2019-06-25 18:10,2083
2019-06-25 18:15,2067
2019-06-25 18:20,2070
2019-06-25 18:25,2081
2019-06-25 18:30,2062
2019-06-25 18:35,2071
2019-06-25 18:40,2112
2019-06-25 18:45,2114
2019-06-25 18:50,2108
2019-06-25 18:55,2139
2019-06-25 19:00,2132
2019-06-25 19:05,2133
2019-06-25 19:10,2121
2019-06-25 19:15,2131
2019-06-25 19:20,2133
2019-06-25 19:25,2135
2019-06-25 19:30,2153
2019-06-25 19:35,2128
2019-06-25 19:40,2118
2019-06-25 19:45,2114
2019-06-25 19:50,2095
2019-06-25 19:55,2079
2019-06-25 20:00,2070
2019-06-25 20:05,2071
2019-06-25 20:10,2062
2019-06-25 20:15,2026
2019-06-25 20:20,2000
2019-06-25 20:25,1997
2019-06-25 20:30,1990
2019-06-25 20:35,1952
2019-06-25 20:40,1938
2019-06-25 20:45,1916
2019-06-25 20:50,1902
2019-06-25 20:55,1883
2019-06-25 21:00,1850
2019-06-25 21:05,1851
2019-06-25 21:10,1847
2019-06-25 21:15,1852
2019-06-25 21:20,1848
2019-06-25 21:25,1828
2019-06-25 21:30,1814
2019-06-25 21:35,1792
2019-06-25 21:40,1758
2019-06-25 21:45,1760
2019-06-25 21:50,1743
2019-06-25 21:55,1732
2019-06-25 22:00,1705
2019-06-25 22:05,1701
2019-06-25 22:10,1697
2019-06-25 22:15,1696
2019-06-25 22:20,1675
2019-06-25 22:25,1666
2019-06-25 22:30,1643
2019-06-25 22:35,1615
2019-06-25 22:40,1588
2019-06-25 22:45,1586
2019-06-25 22:50,
2019-06-25 22:55,1582
2019-06-25 23:00,1553
2019-06-25 23:05,1561
2019-06-25 23:10,1552
2019-06-25 23:15,1553
2019-06-25 23:20,1554
2019-06-25 23:25,1538
2019-06-25 23:30,1536
2019-06-25 23:35,1521
2019-06-25 23:40,1529
2019-06-25 23:45,1519
2019-06-25 23:50,1508
2019-06-25 23:55,1496
2019-06-26 00:00,1494
2019-06-26 00:05,1479
2019-06-26 00:10,1466
2019-06-26 00:15,1468
2019-06-26 00:20,1455
2019-06-26 00:25,1455
2019-06-26 00:30,1459
2019-06-26 00:35,1437
2019-06-26 00:40,1450
2019-06-26 00:45,1440
2019-06-26 00:50,1443
2019-06-26 00:55,1428
2019-06-26 01:00,1427
2019-06-26 01:05,1405
2019-06-26 01:10,1393
2019-06-26 01:15,1399
2019-06-26 01:20,1387
2019-06-26 01:25,1392
2019-06-26 01:30,1388
2019-06-26 01:35,1379
2019-06-26 01:40,1376
2019-06-26 01:45,1379
2019-06-26 01:50,1395
2019-06-26 01:55,1376
2019-06-26 02:00,1385
2019-06-26 02:05,1381
2019-06-26 02:10,1369
2019-06-26 02:15,1376
2019-06-26 02:20,1363
2019-06-26 02:25,1341
2019-06-26 02:30,1345
2019-06-26 02:35,1340
2019-06-26 02:40,1318
2019-06-26 02:45,1309
2019-06-26 02:50,1293
2019-06-26 02:55,1299
2019-06-26 03:00,1298
2019-06-26 03:05,1284
2019-06-26 03:10,1283
2019-06-26 03:15,1286
2019-06-26 03:20,1265
2019-06-26 03:25,1251
2019-06-26 03:30,1258
2019-06-26 03:35,1250
2019-06-26 03:40,1229
2019-06-26 03:45,1225
2019-06-26 03:50,1206
2019-06-26 03:55,1193
2019-06-26 04:00,1167
2019-06-26 04:05,1157
2019-06-26 04:10,1137
2019-06-26 04:15,1138
2019-06-26 04:20,1148
2019-06-26 04:25,1138
2019-06-26 04:30,1121
2019-06-26 04:35,1114
2019-06-26 04:40,1115
2019-06-26 04:45,1097
2019-06-26 04:50,1108
2019-06-26 04:55,1087
2019-06-26 05:00,1081
2019-06-26 05:05,1064
2019-06-26 05:10,1040
2019-06-26 05:15,1039
2019-06-26 05:20,1024
2019-06-26 05:25,1021
2019-06-26 05:30,1027
2019-06-26 05:35,1025
2019-06-26 05:40,1013
2019-06-26 05:45,1021
2019-06-26 05:50,1031
2019-06-26 05:55,1018
2019-06-26 06:00,1023
2019-06-26 06:05,1011
2019-06-26 06:10,1012
2019-06-26 06:15,1010
2019-06-26 06:20,996
2019-06-26 06:25,1015
2019-06-26 06:30,987
2019-06-26 06:35,981
2019-06-26 06:40,980
2019-06-26 06:45,988
2019-06-26 06:50,991
2019-06-26 06:55,980
2019-06-26 07:00,977
2019-06-26 07:05,991
2019-06-26 07:10,992
2019-06-26 07:15,988
2019-06-26 07:20,992
2019-06-26 07:25,984
2019-06-26 07:30,984
2019-06-26 07:35,1000
2019-06-26 07:40,1007
2019-06-26 07:45,1005
2019-06-26 07:50,1010
2019-06-26 07:55,1007
2019-06-26 08:00,1015
2019-06-26 08:05,1028
2019-06-26 08:10,1021
2019-06-26 08:15,1016
2019-06-26 08:20,1040
2019-06-26 08:25,1053
2019-06-26 08:30,1049
2019-06-26 08:35,1062
2019-06-26 08:40,1057
2019-06-26 08:45,1047
2019-06-26 08:50,1056
2019-06-26 08:55,1070
2019-06-26 09:00,1072
2019-06-26 09:05,1069
2019-06-26 09:10,1064
2019-06-26 09:15,1071
2019-06-26 09:20,1080
2019-06-26 09:25,1080
2019-06-26 09:30,1106
2019-06-26 09:35,1117
2019-06-26 09:40,1136
2019-06-26 09:45,1151
2019-06-26 09:50,1158
2019-06-26 09:55,1160
2019-06-26 10:00,1180
2019-06-26 10:05,1205
2019-06-26 10:10,1229
2019-06-26 10:15,1238
2019-06-26 10:20,1246
2019-06-26 10:25,1265
2019-06-26 10:30,1275
2019-06-26 10:35,1274
2019-06-26 10:40,1277
2019-06-26 10:45,1290
2019-06-26 10:50,1312
2019-06-26 10:55,1319
2019-06-26 11:00,1304
2019-06-26 11:05,1322
2019-06-26 11:10,1325
2019-06-26 11:15,1324
2019-06-26 11:20,1349
2019-06-26 11:25,1350
2019-06-26 11:30,1351
2019-06-26 11:35,1354
2019-06-26 11:40,1352
2019-06-26 11:45,1374
2019-06-26 11:50,1388
2019-06-26 11:55,1390
2019-06-26 12:00,1392
2019-06-26 12:05,1394
2019-06-26 12:10,1395
2019-06-26 12:15,1404
2019-06-26 12:20,1414
2019-06-26 12:25,1401
2019-06-26 12:30,1414
2019-06-26 12:35,1436
2019-06-26 12:40,1457
2019-06-26 12:45,1473
2019-06-26 12:50,1477
2019-06-26 12:55,1490
2019-06-26 13:00,1477
2019-06-26 13:05,1481
2019-06-26 13:10,1489
2019-06-26 13:15,1507
2019-06-26 13:20,1513
2019-06-26 13:25,1527
2019-06-26 13:30,1526
2019-06-26 13:35,1555
2019-06-26 13:40,1556
2019-06-26 13:45,1575
2019-06-26 13:50,1573
2019-06-26 13:55,1577
2019-06-26 14:00,1578
2019-06-26 14:05,1583
2019-06-26 14:10,1596
2019-06-26 14:15,1621
2019-06-26 14:20,1636
2019-06-26 14:25,1631
2019-06-26 14:30,1637
2019-06-26 14:35,1659
2019-06-26 14:40,1655
2019-06-26 14:45,1670
2019-06-26 14:50,1670
2019-06-26 14:55,1684
2019-06-26 15:00,1684
2019-06-26 15:05,1670
2019-06-26 15:10,1678
2019-06-26 15:15,1688
2019-06-26 15:20,1695
2019-06-26 15:25,1730
2019-06-26 15:30,1757
2019-06-26 15:35,1774
2019-06-26 15:40,1773
2019-06-26 15:45,1798
2019-06-26 15:50,1798
2019-06-26 15:55,1818
2019-06-26 16:00,1826
2019-06-26 16:05,1834
2019-06-26 16:10,1832
2019-06-26 16:15,1833
2019-06-26 16:20,1840
2019-06-26 16:25,1825
2019-06-26 16:30,1839
2019-06-26 16:35,1856
2019-06-26 16:40,1883
2019-06-26 16:45,1889
2019-06-26 16:50,1908
2019-06-26 16:55,1925
2019-06-26 17:00,1938
2019-06-26 17:05,1948
2019-06-26 17:10,1943
2019-06-26 17:15,1932
2019-06-26 17:20,1946
2019-06-26 17:25,1949
2019-06-26 17:30,1959
2019-06-26 17:35,1970
2019-06-26 17:40,1972
2019-06-26 17:45,1988
2019-06-26 17:50,2004
2019-06-26 17:55,2013
2019-06-26 18:00,2033
2019-06-26 18:05,2024
2019-06-26 18:10,2016
2019-06-26 18:15,2019
2019-06-26 18:20,2019
2019-06-26 18:25,2005
2019-06-26 18:30,2010
2019-06-26 18:35,2004
2019-06-26 18:40,1996
2019-06-26 18:45,1984
2019-06-26 18:50,2000
2019-06-26 18:55,2009
2019-06-26 19:00,2045
2019-06-26 19:05,2036
2019-06-26 19:10,2024
2019-06-26 19:15,2042
2019-06-26 19:20,2029
2019-06-26 19:25,2019
2019-06-26 19:30,2046
2019-06-26 19:35,2062
2019-06-26 19:40,
2019-06-26 19:45,
2019-06-26 19:50,
2019-06-26 19:55,2065
2019-06-26 20:00,2065
2019-06-26 20:05,2057
2019-06-26 20:10,2034
2019-06-26 20:15,2032
2019-06-26 20:20,2025
2019-06-26 20:25,2026
2019-06-26 20:30,2008
2019-06-26 20:35,1993
2019-06-26 20:40,1971
2019-06-26 20:45,1939
2019-06-26 20:50,1932
2019-06-26 20:55,1912
2019-06-26 21:00,1901
2019-06-26 21:05,1872
2019-06-26 21:10,1842
2019-06-26 21:15,1828
2019-06-26 21:20,1818
2019-06-26 21:25,1788
2019-06-26 21:30,1771
2019-06-26 21:35,1768
2019-06-26 21:40,1739
2019-06-26 21:45,1724
2019-06-26 21:50,1717
2019-06-26 21:55,1690
2019-06-26 22:00,1664
2019-06-26 22:05,1642
2019-06-26 22:10,1632
2019-06-26 22:15,1597
2019-06-26 22:20,1572
2019-06-26 22:25,1575
2019-06-26 22:30,1553
2019-06-26 22:35,1536
2019-06-26 22:40,1521
2019-06-26 22:45,1488
2019-06-26 22:50,1445
2019-06-26 22:55,1422
2019-06-26 23:00,1403
2019-06-26 23:05,1411
2019-06-26 23:10,1420
2019-06-26 23:15,1418
2019-06-26 23:20,1393
2019-06-26 23:25,1420
2019-06-26 23:30,1429
2019-06-26 23:35,1430
2019-06-26 23:40,1429
2019-06-26 23:45,1424
2019-06-26 23:50,1418
2019-06-26 23:55,1409
2019-06-27 00:00,1401
2019-06-27 00:05,1381
2019-06-27 00:10,1354
2019-06-27 00:15,1356
2019-06-27 00:20,1351
2019-06-27 00:25,1362
2019-06-27 00:30,1354
2019-06-27 00:35,1354
2019-06-27 00:40,1349
2019-06-27 00:45,1341
2019-06-27 00:50,1338
2019-06-27 00:55,1348
2019-06-27 01:00,1357
2019-06-27 01:05,1338
2019-06-27 01:10,1329
2019-06-27 01:15,1334
2019-06-27 01:20,1306
2019-06-27 01:25,1306
2019-06-27 01:30,1293
2019-06-27 01:35,1294
2019-06-27 01:40,1304
2019-06-27 01:45,1308
2019-06-27 01:50,1301
2019-06-27 01:55,1305
2019-06-27 02:00,1296
2019-06-27 02:05,1292
2019-06-27 02:10,1285
2019-06-27 02:15,1278
2019-06-27 02:20,1256
2019-06-27 02:25,1247
2019-06-27 02:30,1258
2019-06-27 02:35,1249
2019-06-27 02:40,1244
2019-06-27 02:45,1232
2019-06-27 02:50,1231
2019-06-27 02:55,1217
2019-06-27 03:00,1215
2019-06-27 03:05,1211
2019-06-27 03:10,1220
2019-06-27 03:15,1207
2019-06-27 03:20,1193
2019-06-27 03:25,1169
2019-06-27 03:30,1156
2019-06-27 03:35,1139
2019-06-27 03:40,1114
2019-06-27 03:45,1123
2019-06-27 03:50,1100
2019-06-27 03:55,1084
2019-06-27 04:00,1075
2019-06-27 04:05,1065
2019-06-27 04:10,1069
2019-06-27 04:15,1063
2019-06-27 04:20,1049
2019-06-27 04:25,1034
2019-06-27 04:30,1012
2019-06-27 04:35,1016
2019-06-27 04:40,1006
2019-06-27 04:45,999
2019-06-27 04:50,990
2019-06-27 04:55,980
2019-06-27 05:00,960
2019-06-27 05:05,952
2019-06-27 05:10,949
2019-06-27 05:15,947
2019-06-27 05:20,943
2019-06-27 05:25,926
2019-06-27 05:30,917
2019-06-27 05:35,912
2019-06-27 05:40,922
2019-06-27 05:45,915
2019-06-27 05:50,903
2019-06-27 05:55,904
2019-06-27 06:00,900
2019-06-27 06:05,904
2019-06-27 06:10,897
2019-06-27 06:15,895
2019-06-27 06:20,886
2019-06-27 06:25,881
2019-06-27 06:30,872
2019-06-27 06:35,869
2019-06-27 06:40,881
2019-06-27 06:45,877
2019-06-27 06:50,891
2019-06-27 06:55,898
2019-06-27 07:00,904
2019-06-27 07:05,904
2019-06-27 07:10,884
2019-06-27 07:15,878
2019-06-27 07:20,896
2019-06-27 07:25,908
2019-06-27 07:30,920
2019-06-27 07:35,908
2019-06-27 07:40,920
2019-06-27 07:45,927
2019-06-27 07:50,935
2019-06-27 07:55,955
2019-06-27 08:00,972
2019-06-27 08:05,967
2019-06-27 08:10,969
2019-06-27 08:15,979
2019-06-27 08:20,987
2019-06-27 08:25,995
2019-06-27 08:30,1000
2019-06-27 08:35,1016
2019-06-27 08:40,1014
2019-06-27 08:45,1031
2019-06-27 08:50,1026
2019-06-27 08:55,1048
2019-06-27 09:00,1043
2019-06-27 09:05,1046
2019-06-27 09:10,1054
2019-06-27 09:15,1062
2019-06-27 09:20,1057
2019-06-27 09:25,1064
2019-06-27 09:30,1070
2019-06-27 09:35,1072
2019-06-27 09:40,1081
2019-06-27 09:45,1095
2019-06-27 09:50,1091
2019-06-27 09:55,1106
2019-06-27 10:00,1109
2019-06-27 10:05,1137
2019-06-27 10:10,1145
2019-06-27 10:15,1173
2019-06-27 10:20,1192
2019-06-27 10:25,1210
2019-06-27 10:30,1214
2019-06-27 10:35,1211
2019-06-27 10:40,1216
2019-06-27 10:45,1238
2019-06-27 10:50,1261
2019-06-27 10:55,1269
2019-06-27 11:00,1281
2019-06-27 11:05,1287
2019-06-27 11:10,1313
2019-06-27 11:15,1318
2019-06-27 11:20,1317
2019-06-27 11:25,1317
2019-06-27 11:30,1333
2019-06-27 11:35,1323
2019-06-27 11:40,1316
2019-06-27 11:45,1354
2019-06-27 11:50,1371
2019-06-27 11:55,1364
2019-06-27 12:00,1367
2019-06-27 12:05,1352
2019-06-27 12:10,1348
2019-06-27 12:15,1354
2019-06-27 12:20,1354
2019-06-27 12:25,1353
2019-06-27 12:30,1351
2019-06-27 12:35,1365
2019-06-27 12:40,1391
2019-06-27 12:45,1385
2019-06-27 12:50,1391
2019-06-27 12:55,1412
2019-06-27 13:00,1417
2019-06-27 13:05,1389
2019-06-27 13:10,1409
2019-06-27 13:15,1398
2019-06-27 13:20,1395
2019-06-27 13:25,1401
2019-06-27 13:30,1398
2019-06-27 13:35,1392
2019-06-27 13:40,1391
2019-06-27 13:45,1387
2019-06-27 13:50,1360
2019-06-27 13:55,1328
2019-06-27 14:00,1241
2019-06-27 14:05,1000
2019-06-27 14:10,830
2019-06-27 14:15,804
2019-06-27 14:20,817
2019-06-27 14:25,834
2019-06-27 14:30,856
2019-06-27 14:35,874
2019-06-27 14:40,882
2019-06-27 14:45,881
2019-06-27 14:50,894
2019-06-27 14:55,907
2019-06-27 15:00,928
2019-06-27 15:05,939
2019-06-27 15:10,956
2019-06-27 15:15,981
2019-06-27 15:20,1000
2019-06-27 15:25,1099
2019-06-27 15:30,1188
2019-06-27 15:35,1273
2019-06-27 15:40,1327
2019-06-27 15:45,1399
2019-06-27 15:50,1471
2019-06-27 15:55,1508
2019-06-27 16:00,1540
2019-06-27 16:05,1602
2019-06-27 16:10,1667
2019-06-27 16:15,1730
2019-06-27 16:20,1762
2019-06-27 16:25,1815
2019-06-27 16:30,1879
2019-06-27 16:35,1917
2019-06-27 16:40,1944
2019-06-27 16:45,1973
2019-06-27 16:50,1996
2019-06-27 16:55,1996
2019-06-27 17:00,2007
2019-06-27 17:05,2019
2019-06-27 17:10,2073
2019-06-27 17:15,2088
2019-06-27 17:20,2112
2019-06-27 17:25,2103
2019-06-27 17:30,2125
2019-06-27 17:35,2146
2019-06-27 17:40,2151
2019-06-27 17:45,2146
2019-06-27 17:50,2172
2019-06-27 17:55,2186
2019-06-27 18:00,2189
2019-06-27 18:05,2197
2019-06-27 18:10,2196
2019-06-27 18:15,2227
2019-06-27 18:20,2238
2019-06-27 18:25,2225
2019-06-27 18:30,2223
2019-06-27 18:35,2244
2019-06-27 18:40,2228
2019-06-27 18:45,2220
2019-06-27 18:50,2209
2019-06-27 18:55,2224
2019-06-27 19:00,2219
2019-06-27 19:05,2228
2019-06-27 19:10,2210
2019-06-27 19:15,2206
2019-06-27 19:20,2192
2019-06-27 19:25,2180
2019-06-27 19:30,2159
2019-06-27 19:35,2161
2019-06-27 19:40,2164
2019-06-27 19:45,2159
2019-06-27 19:50,2129
2019-06-27 19:55,2122
2019-06-27 20:00,2139
2019-06-27 20:05,2144
2019-06-27 20:10,2133
2019-06-27 20:15,2132
2019-06-27 20:20,2132
2019-06-27 20:25,2124
2019-06-27 20:30,2099
2019-06-27 20:35,2082
2019-06-27 20:40,2059
2019-06-27 20:45,2045
2019-06-27 20:50,2024
2019-06-27 20:55,1990
2019-06-27 21:00,1989
2019-06-27 21:05,1975
2019-06-27 21:10,1950
2019-06-27 21:15,1936
2019-06-27 21:20,1909
2019-06-27 21:25,1861
2019-06-27 21:30,1834
2019-06-27 21:35,1804
2019-06-27 21:40,1782
2019-06-27 21:45,1768
2019-06-27 21:50,1744
2019-06-27 21:55,1725
2019-06-27 22:00,1730
2019-06-27 22:05,1698
2019-06-27 22:10,1672
2019-06-27 22:15,1658
2019-06-27 22:20,1649
2019-06-27 22:25,1659
2019-06-27 22:30,1621
2019-06-27 22:35,1573
2019-06-27 22:40,1545
2019-06-27 22:45,1569
2019-06-27 22:50,1545
2019-06-27 22:55,1541
2019-06-27 23:00,1533
2019-06-27 23:05,1513
2019-06-27 23:10,1496
2019-06-27 23:15,1481
2019-06-27 23:20,1480
2019-06-27 23:25,1476
2019-06-27 23:30,1463
2019-06-27 23:35,1455
2019-06-27 23:40,1446
2019-06-27 23:45,1449
2019-06-27 23:50,1449
2019-06-27 23:55,1430
2019-06-28 00:00,1417
2019-06-28 00:05,1386
2019-06-28 00:10,1383
2019-06-28 00:15,1392
2019-06-28 00:20,1370
2019-06-28 00:25,1370
2019-06-28 00:30,1364
2019-06-28 00:35,1365
2019-06-28 00:40,1346
2019-06-28 00:45,1365
2019-06-28 00:50,1358
2019-06-28 00:55,1355
2019-06-28 01:00,1347
2019-06-28 01:05,1344
2019-06-28 01:10,1347
2019-06-28 01:15,1331
2019-06-28 01:20,1319
2019-06-28 01:25,1295
2019-06-28 01:30,1313
2019-06-28 01:35,1319
2019-06-28 01:40,1316
2019-06-28 01:45,1306
2019-06-28 01:50,1311
2019-06-28 01:55,1322
2019-06-28 02:00,1321
2019-06-28 02:05,1332
2019-06-28 02:10,1312
2019-06-28 02:15,1318
2019-06-28 02:20,1305
2019-06-28 02:25,1309
2019-06-28 02:30,1317
2019-06-28 02:35,1309
2019-06-28 02:40,1316
2019-06-28 02:45,1304
2019-06-28 02:50,1286
2019-06-28 02:55,1269
2019-06-28 03:00,1243
2019-06-28 03:05,1241
2019-06-28 03:10,1219
2019-06-28 03:15,1205
2019-06-28 03:20,1196
2019-06-28 03:25,1198
2019-06-28 03:30,1181
2019-06-28 03:35,1179
2019-06-28 03:40,1181
2019-06-28 03:45,1169
2019-06-28 03:50,1169
2019-06-28 03:55,1167
2019-06-28 04:00,1164
2019-06-28 04:05,1152
2019-06-28 04:10,1146
2019-06-28 04:15,1121
2019-06-28 04:20,1110
2019-06-28 04:25,1097
2019-06-28 04:30,1099
2019-06-28 04:35,1108
2019-06-28 04:40,1102
2019-06-28 04:45,1091
2019-06-28 04:50,1090
2019-06-28 04:55,1071
2019-06-28 05:00,1073
2019-06-28 05:05,1057
2019-06-28 05:10,1057
2019-06-28 05:15,1030
2019-06-28 05:20,1020
2019-06-28 05:25,1020
2019-06-28 05:30,1022
2019-06-28 05:35,1016
2019-06-28 05:40,1014
2019-06-28 05:45,1018
2019-06-28 05:50,1030
2019-06-28 05:55,1029
2019-06-28 06:00,1009
2019-06-28 06:05,1001
2019-06-28 06:10,1004
2019-06-28 06:15,993
2019-06-28 06:20,999
2019-06-28 06:25,984
2019-06-28 06:30,983
2019-06-28 06:35,1004
2019-06-28 06:40,999
2019-06-28 06:45,999
2019-06-28 06:50,1003
2019-06-28 06:55,1007
2019-06-28 07:00,1009
2019-06-28 07:05,1011
2019-06-28 07:10,1009
2019-06-28 07:15,1025
2019-06-28 07:20,1026
2019-06-28 07:25,1035
2019-06-28 07:30,1043
2019-06-28 07:35,1033
2019-06-28 07:40,1018
2019-06-28 07:45,1016
2019-06-28 07:50,1021
2019-06-28 07:55,1041
2019-06-28 08:00,1041
2019-06-28 08:05,1056
2019-06-28 08:10,1047
2019-06-28 08:15,1048
2019-06-28 08:20,1064
2019-06-28 08:25,1060
2019-06-28 08:30,1057
2019-06-28 08:35,1067
2019-06-28 08:40,1077
2019-06-28 08:45,1076
2019-06-28 08:50,1068
2019-06-28 08:55,1075
2019-06-28 09:00,1094
2019-06-28 09:05,1106
2019-06-28 09:10,1104
2019-06-28 09:15,1119
2019-06-28 09:20,1118
2019-06-28 09:25,1127
2019-06-28 09:30,1125
2019-06-28 09:35,1140
2019-06-28 09:40,1152
2019-06-28 09:45,1160
2019-06-28 09:50,1161
2019-06-28 09:55,1159
2019-06-28 10:00,1175
2019-06-28 10:05,1205
2019-06-28 10:10,1236
2019-06-28 10:15,1252
2019-06-28 10:20,1274
2019-06-28 10:25,1271
2019-06-28 10:30,1295
2019-06-28 10:35,1299
2019-06-28 10:40,1295
2019-06-28 10:45,1296
2019-06-28 10:50,1304
2019-06-28 10:55,1312
2019-06-28 11:00,1310
2019-06-28 11:05,1308
2019-06-28 11:10,1293
2019-06-28 11:15,1310
2019-06-28 11:20,1331
2019-06-28 11:25,1345
2019-06-28 11:30,1335
2019-06-28 11:35,1338
2019-06-28 11:40,1344
2019-06-28 11:45,1352
2019-06-28 11:50,1369
2019-06-28 11:55,1368
2019-06-28 12:00,1379
2019-06-28 12:05,1360
2019-06-28 12:10,1362
2019-06-28 12:15,1380
2019-06-28 12:20,1401
2019-06-28 12:25,1400
2019-06-28 12:30,1419
2019-06-28 12:35,1449
2019-06-28 12:40,1458
2019-06-28 12:45,1477
2019-06-28 12:50,1499
2019-06-28 12:55,1491
2019-06-28 13:00,1505
2019-06-28 13:05,1506
2019-06-28 13:10,1527
2019-06-28 13:15,1547
2019-06-28 13:20,1550
2019-06-28 13:25,1568
2019-06-28 13:30,1566
2019-06-28 13:35,1554
2019-06-28 13:40,1549
2019-06-28 13:45,1555
2019-06-28 13:50,1578
2019-06-28 13:55,1585
2019-06-28 14:00,1578
2019-06-28 14:05,1558
2019-06-28 14:10,1566
2019-06-28 14:15,1550
2019-06-28 14:20,1558
2019-06-28 14:25,1600
2019-06-28 14:30,1643
2019-06-28 14:35,1653
2019-06-28 14:40,1645
2019-06-28 14:45,1658
2019-06-28 14:50,1669
2019-06-28 14:55,1666
2019-06-28 15:00,1681
2019-06-28 15:05,1688
2019-06-28 15:10,1698
2019-06-28 15:15,1712
2019-06-28 15:20,1742
2019-06-28 15:25,1741
2019-06-28 15:30,1753
2019-06-28 15:35,1764
2019-06-28 15:40,1761
2019-06-28 15:45,1770
2019-06-28 15:50,1796
2019-06-28 15:55,1786
2019-06-28 16:00,1783
2019-06-28 16:05,1795
2019-06-28 16:10,1794
2019-06-28 16:15,1804
2019-06-28 16:20,1829
2019-06-28 16:25,1844
2019-06-28 16:30,1833
2019-06-28 16:35,1820
2019-06-28 16:40,1841
2019-06-28 16:45,1844
2019-06-28 16:50,1837
2019-06-28 16:55,1831
2019-06-28 17:00,1820
2019-06-28 17:05,1820
2019-06-28 17:10,1836
2019-06-28 17:15,1846
2019-06-28 17:20,1854
2019-06-28 17:25,1875
2019-06-28 17:30,1881
2019-06-28 17:35,1902
2019-06-28 17:40,1926
2019-06-28 17:45,1934
2019-06-28 17:50,1935
2019-06-28 17:55,1939
2019-06-28 18:00,1954
2019-06-28 18:05,1979
2019-06-28 18:10,1977
2019-06-28 18:15,1951
2019-06-28 18:20,1947
2019-06-28 18:25,1960
2019-06-28 18:30,1956
2019-06-28 18:35,1941
2019-06-28 18:40,1943
2019-06-28 18:45,1931
2019-06-28 18:50,1925
2019-06-28 18:55,1931
2019-06-28 19:00,1928
2019-06-28 19:05,1941
2019-06-28 19:10,1930
2019-06-28 19:15,1918
2019-06-28 19:20,1913
2019-06-28 19:25,1908
2019-06-28 19:30,1915
2019-06-28 19:35,1880
2019-06-28 19:40,1898
2019-06-28 19:45,1923
2019-06-28 19:50,1928
2019-06-28 19:55,1929
2019-06-28 20:00,1932
2019-06-28 20:05,1951
2019-06-28 20:10,1953
2019-06-28 20:15,1952
2019-06-28 20:20,1948
2019-06-28 20:25,1944
2019-06-28 20:30,1941
2019-06-28 20:35,1930
2019-06-28 20:40,1926
2019-06-28 20:45,1917
2019-06-28 20:50,1910
2019-06-28 20:55,1892
2019-06-28 21:00,1873
2019-06-28 21:05,1856
2019-06-28 21:10,1826
2019-06-28 21:15,1827
2019-06-28 21:20,1828
2019-06-28 21:25,1791
2019-06-28 21:30,1787
2019-06-28 21:35,1778
2019-06-28 21:40,1760
2019-06-28 21:45,1734
2019-06-28 21:50,1725
2019-06-28 21:55,1702
2019-06-28 22:00,1646
2019-06-28 22:05,1645
2019-06-28 22:10,1641
2019-06-28 22:15,1625
2019-06-28 22:20,1614
2019-06-28 22:25,1596
2019-06-28 22:30,1565
2019-06-28 22:35,1543
2019-06-28 22:40,1552
2019-06-28 22:45,1551
2019-06-28 22:50,0
2019-06-28 22:55,1517
2019-06-28 23:00,1512
2019-06-28 23:05,1497
2019-06-28 23:10,1472
2019-06-28 23:15,1459
2019-06-28 23:20,1444
2019-06-28 23:25,1435
2019-06-28 23:30,1431
2019-06-28 23:35,1413
2019-06-28 23:40,1406
2019-06-28 23:45,1386
2019-06-28 23:50,1384
2019-06-28 23:55,1385
2019-06-29 00:00,1348
2019-06-29 00:05,1355
2019-06-29 00:10,1341
2019-06-29 00:15,1338
2019-06-29 00:20,1343
2019-06-29 00:25,1330
2019-06-29 00:30,1329
2019-06-29 00:35,1325
2019-06-29 00:40,1321
2019-06-29 00:45,1346
2019-06-29 00:50,1348
2019-06-29 00:55,1336
2019-06-29 01:00,1330
2019-06-29 01:05,1333
2019-06-29 01:10,1334
2019-06-29 01:15,1317
2019-06-29 01:20,1342
2019-06-29 01:25,1327
2019-06-29 01:30,1328
2019-06-29 01:35,1322
2019-06-29 01:40,1342
2019-06-29 01:45,1325
2019-06-29 01:50,1324
2019-06-29 01:55,1327
2019-06-29 02:00,1324
2019-06-29 02:05,1319
2019-06-29 02:10,1309
2019-06-29 02:15,1320
2019-06-29 02:20,1325
2019-06-29 02:25,1315
2019-06-29 02:30,1318
2019-06-29 02:35,1318
2019-06-29 02:40,1297
2019-06-29 02:45,1289
2019-06-29 02:50,1277
2019-06-29 02:55,1257
2019-06-29 03:00,1239
2019-06-29 03:05,1219
2019-06-29 03:10,1185
2019-06-29 03:15,1102
2019-06-29 03:20,842
2019-06-29 03:25,889
2019-06-29 03:30,939
2019-06-29 03:35,985
2019-06-29 03:40,1008
2019-06-29 03:45,1042
2019-06-29 03:50,1064
2019-06-29 03:55,1080
2019-06-29 04:00,1103
2019-06-29 04:05,1097
2019-06-29 04:10,1112
2019-06-29 04:15,1134
2019-06-29 04:20,1154
2019-06-29 04:25,1164
2019-06-29 04:30,1157
2019-06-29 04:35,1163
2019-06-29 04:40,1167
2019-06-29 04:45,1178
2019-06-29 04:50,1169
2019-06-29 04:55,1176
2019-06-29 05:00,1184
2019-06-29 05:05,1173
2019-06-29 05:10,1170
2019-06-29 05:15,1165
2019-06-29 05:20,1185
2019-06-29 05:25,1176
2019-06-29 05:30,1177
2019-06-29 05:35,1181
2019-06-29 05:40,1183
2019-06-29 05:45,1190
2019-06-29 05:50,1195
2019-06-29 05:55,1196
2019-06-29 06:00,1193
2019-06-29 06:05,1183
2019-06-29 06:10,1181
2019-06-29 06:15,1174
2019-06-29 06:20,1184
2019-06-29 06:25,1183
2019-06-29 06:30,1195
2019-06-29 06:35,1172
2019-06-29 06:40,1170
2019-06-29 06:45,1174
2019-06-29 06:50,1163
2019-06-29 06:55,
2019-06-29 07:00,1148
2019-06-29 07:05,1153
2019-06-29 07:10,1153
2019-06-29 07:15,1160
2019-06-29 07:20,1172
2019-06-29 07:25,1181
2019-06-29 07:30,1185
2019-06-29 07:35,1192
2019-06-29 07:40,1204
2019-06-29 07:45,1216
2019-06-29 07:50,1215
2019-06-29 07:55,1225
2019-06-29 08:00,1212
2019-06-29 08:05,1204
2019-06-29 08:10,1213
2019-06-29 08:15,1217
2019-06-29 08:20,1231
2019-06-29 08:25,1233
2019-06-29 08:30,1238
2019-06-29 08:35,1241
2019-06-29 08:40,1246
2019-06-29 08:45,1256
2019-06-29 08:50,1266
2019-06-29 08:55,1284
2019-06-29 09:00,1286
2019-06-29 09:05,1282
2019-06-29 09:10,1276
2019-06-29 09:15,1285
2019-06-29 09:20,1301
2019-06-29 09:25,1313
2019-06-29 09:30,1312
2019-06-29 09:35,1323
2019-06-29 09:40,1341
2019-06-29 09:45,1357
2019-06-29 09:50,1355
2019-06-29 09:55,1365
2019-06-29 10:00,1360
2019-06-29 10:05,1385
2019-06-29 10:10,1388
2019-06-29 10:15,1398
2019-06-29 10:20,1414
2019-06-29 10:25,1433
2019-06-29 10:30,1452
2019-06-29 10:35,1472
2019-06-29 10:40,1470
2019-06-29 10:45,1485
2019-06-29 10:50,1491
2019-06-29 10:55,1513
2019-06-29 11:00,1498
2019-06-29 11:05,1530
2019-06-29 11:10,1517
2019-06-29 11:15,1531
2019-06-29 11:20,1537
2019-06-29 11:25,1545
2019-06-29 11:30,1548
2019-06-29 11:35,1554
2019-06-29 11:40,1557
2019-06-29 11:45,1566
2019-06-29 11:50,1566
2019-06-29 11:55,1590
2019-06-29 12:00,1592
2019-06-29 12:05,1605
2019-06-29 12:10,1604
2019-06-29 12:15,1616
2019-06-29 12:20,1626
2019-06-29 12:25,1632
2019-06-29 12:30,1647
2019-06-29 12:35,1660
2019-06-29 12:40,1669
2019-06-29 12:45,1679
2019-06-29 12:50,1667
2019-06-29 12:55,1678
2019-06-29 13:00,1662
2019-06-29 13:05,1703
2019-06-29 13:10,1712
2019-06-29 13:15,1722
2019-06-29 13:20,1716
2019-06-29 13:25,1729
2019-06-29 13:30,1750
2019-06-29 13:35,1759
2019-06-29 13:40,1783
2019-06-29 13:45,1795
2019-06-29 13:50,1802
2019-06-29 13:55,1805
2019-06-29 14:00,1824
2019-06-29 14:05,1829
2019-06-29 14:10,1834
2019-06-29 14:15,1859
2019-06-29 14:20,1833
2019-06-29 14:25,1828
2019-06-29 14:30,1845
2019-06-29 14:35,1861
2019-06-29 14:40,1861
2019-06-29 14:45,1860
2019-06-29 14:50,1857
2019-06-29 14:55,1863
2019-06-29 15:00,1884
2019-06-29 15:05,1915
2019-06-29 15:10,1915
2019-06-29 15:15,1901
2019-06-29 15:20,1891
2019-06-29 15:25,1896
2019-06-29 15:30,1886
2019-06-29 15:35,1907
2019-06-29 15:40,1923
2019-06-29 15:45,1926
2019-06-29 15:50,1925
2019-06-29 15:55,1934
2019-06-29 16:00,1954
2019-06-29 16:05,1946
2019-06-29 16:10,1942
2019-06-29 16:15,1963
2019-06-29 16:20,1964
2019-06-29 16:25,2005
2019-06-29 16:30,1997
2019-06-29 16:35,2001
2019-06-29 16:40,1990
2019-06-29 16:45,2014
2019-06-29 16:50,2020
2019-06-29 16:55,2021
2019-06-29 17:00,2032
2019-06-29 17:05,2040
2019-06-29 17:10,2033
2019-06-29 17:15,2041
2019-06-29 17:20,2015
2019-06-29 17:25,2040
2019-06-29 17:30,2036
2019-06-29 17:35,2037
2019-06-29 17:40,2047
2019-06-29 17:45,2069
2019-06-29 17:50,2085
2019-06-29 17:55,2072
2019-06-29 18:00,2069
2019-06-29 18:05,2068
2019-06-29 18:10,2068
2019-06-29 18:15,2073
2019-06-29 18:20,2093
2019-06-29 18:25,2078
2019-06-29 18:30,2092
2019-06-29 18:35,2097
2019-06-29 18:40,2114
2019-06-29 18:45,2104
2019-06-29 18:50,2102
2019-06-29 18:55,2083
2019-06-29 19:00,2097
2019-06-29 19:05,2115
2019-06-29 19:10,2133
2019-06-29 19:15,2152
2019-06-29 19:20,2148
2019-06-29 19:25,2147
2019-06-29 19:30,2140
2019-06-29 19:35,2148
2019-06-29 19:40,2138
2019-06-29 19:45,2128
2019-06-29 19:50,2128
2019-06-29 19:55,2152
2019-06-29 20:00,2145
2019-06-29 20:05,2143
2019-06-29 20:10,2130
2019-06-29 20:15,2125
2019-06-29 20:20,2112
2019-06-29 20:25,2115
2019-06-29 20:30,2109
2019-06-29 20:35,2102
2019-06-29 20:40,2097
2019-06-29 20:45,2076
2019-06-29 20:50,2051
2019-06-29 20:55,2037
2019-06-29 21:00,2029
2019-06-29 21:05,1995
2019-06-29 21:10,1985
2019-06-29 21:15,1960
2019-06-29 21:20,1961
2019-06-29 21:25,1957
2019-06-29 21:30,1946
2019-06-29 21:35,1921
2019-06-29 21:40,1915
2019-06-29 21:45,1901
2019-06-29 21:50,1886
2019-06-29 21:55,1890
2019-06-29 22:00,1859
2019-06-29 22:05,1828
2019-06-29 22:10,1806
2019-06-29 22:15,1784
2019-06-29 22:20,1763
2019-06-29 22:25,1748
2019-06-29 22:30,1737
2019-06-29 22:35,1715
2019-06-29 22:40,1702
2019-06-29 22:45,1700
2019-06-29 22:50,1704
2019-06-29 22:55,1685
2019-06-29 23:00,1678
2019-06-29 23:05,1659
2019-06-29 23:10,1648
2019-06-29 23:15,1640
2019-06-29 23:20,1618
2019-06-29 23:25,1601
2019-06-29 23:30,1600
2019-06-29 23:35,1601
2019-06-29 23:40,1582
2019-06-29 23:45,1555
2019-06-29 23:50,1529
2019-06-29 23:55,1522
2019-06-30 00:00,1512
2019-06-30 00:05,1490
2019-06-30 00:10,1478
2019-06-30 00:15,1463
2019-06-30 00:20,1433
2019-06-30 00:25,1430
2019-06-30 00:30,1398
2019-06-30 00:35,1390
2019-06-30 00:40,1375
2019-06-30 00:45,1377
2019-06-30 00:50,1387
2019-06-30 00:55,1382
2019-06-30 01:00,1378
2019-06-30 01:05,1389
2019-06-30 01:10,1382
2019-06-30 01:15,1369
2019-06-30 01:20,1377
2019-06-30 01:25,1366
2019-06-30 01:30,1355
2019-06-30 01:35,1364
2019-06-30 01:40,1375
2019-06-30 01:45,1373
2019-06-30 01:50,1360
2019-06-30 01:55,1350
2019-06-30 02:00,1363
2019-06-30 02:05,1355
2019-06-30 02:10,1356
2019-06-30 02:15,1356
2019-06-30 02:20,1344
2019-06-30 02:25,1353
2019-06-30 02:30,1351
2019-06-30 02:35,1350
2019-06-30 02:40,1354
2019-06-30 02:45,1351
2019-06-30 02:50,1365
2019-06-30 02:55,1359
2019-06-30 03:00,1348
2019-06-30 03:05,1335
2019-06-30 03:10,1327
2019-06-30 03:15,1325
2019-06-30 03:20,1318
2019-06-30 03:25,1316
2019-06-30 03:30,1308
2019-06-30 03:35,1296
2019-06-30 03:40,1311
2019-06-30 03:45,1283
2019-06-30 03:50,1268
2019-06-30 03:55,1273
2019-06-30 04:00,1254
2019-06-30 04:05,1254
2019-06-30 04:10,1234
2019-06-30 04:15,1221
2019-06-30 04:20,1207
2019-06-30 04:25,1199
2019-06-30 04:30,1204
2019-06-30 04:35,1207
2019-06-30 04:40,1201
2019-06-30 04:45,1193
2019-06-30 04:50,1197
2019-06-30 04:55,1192
2019-06-30 05:00,1202
2019-06-30 05:05,1213
2019-06-30 05:10,1195
2019-06-30 05:15,1179
2019-06-30 05:20,1167
2019-06-30 05:25,1166
2019-06-30 05:30,1159
2019-06-30 05:35,1159
2019-06-30 05:40,1144
2019-06-30 05:45,1140
2019-06-30 05:50,1149
2019-06-30 05:55,1138
2019-06-30 06:00,1142
2019-06-30 06:05,1148
2019-06-30 06:10,1148
2019-06-30 06:15,1149
2019-06-30 06:20,1147
2019-06-30 06:25,1138
2019-06-30 06:30,1136
2019-06-30 06:35,1140
2019-06-30 06:40,1154
2019-06-30 06:45,1160
2019-06-30 06:50,1198
2019-06-30 06:55,1200
2019-06-30 07:00,1209
2019-06-30 07:05,1221
2019-06-30 07:10,1219
2019-06-30 07:15,1233
2019-06-30 07:20,1249
2019-06-30 07:25,1238
2019-06-30 07:30,1251
2019-06-30 07:35,1260
2019-06-30 07:40,1257
2019-06-30 07:45,1252
2019-06-30 07:50,1264
2019-06-30 07:55,1255
2019-06-30 08:00,1272
2019-06-30 08:05,1274
2019-06-30 08:10,1294
2019-06-30 08:15,1285
2019-06-30 08:20,1278
2019-06-30 08:25,1276
2019-06-30 08:30,1292
2019-06-30 08:35,1313
2019-06-30 08:40,1325
2019-06-30 08:45,1349
2019-06-30 08:50,1366
2019-06-30 08:55,1405
2019-06-30 09:00,1423
2019-06-30 09:05,1465
2019-06-30 09:10,1474
2019-06-30 09:15,1477
2019-06-30 09:20,1491
2019-06-30 09:25,1507
2019-06-30 09:30,1514
2019-06-30 09:35,1513
2019-06-30 09:40,1513
2019-06-30 09:45,1514
2019-06-30 09:50,1534
2019-06-30 09:55,1528
2019-06-30 10:00,1544
2019-06-30 10:05,1568
2019-06-30 10:10,1580
2019-06-30 10:15,1591
2019-06-30 10:20,1596
2019-06-30 10:25,1596
2019-06-30 10:30,1619
2019-06-30 10:35,1636
2019-06-30 10:40,1639
2019-06-30 10:45,1650
2019-06-30 10:50,1641
2019-06-30 10:55,1640
2019-06-30 11:00,1671
2019-06-30 11:05,1658
2019-06-30 11:10,1656
2019-06-30 11:15,1658
2019-06-30 11:20,1674
2019-06-30 11:25,1673
2019-06-30 11:30,1672
2019-06-30 11:35,1683
2019-06-30 11:40,1693
2019-06-30 11:45,1716
2019-06-30 11:50,1704
2019-06-30 11:55,1712
2019-06-30 12:00,1702
2019-06-30 12:05,1720
2019-06-30 12:10,1719
2019-06-30 12:15,1738
2019-06-30 12:20,1765
2019-06-30 12:25,1763
2019-06-30 12:30,1748
2019-06-30 12:35,1765
2019-06-30 12:40,1756
2019-06-30 12:45,1755
2019-06-30 12:50,1778
2019-06-30 12:55,1778
2019-06-30 13:00,1802
2019-06-30 13:05,1824
2019-06-30 13:10,1857
2019-06-30 13:15,1892
2019-06-30 13:20,1910
2019-06-30 13:25,1910
2019-06-30 13:30,1940
2019-06-30 13:35,1956
2019-06-30 13:40,1935
2019-06-30 13:45,1953
2019-06-30 13:50,1952
2019-06-30 13:55,1987
2019-06-30 14:00,1996
2019-06-30 14:05,2009
2019-06-30 14:10,2021
2019-06-30 14:15,1997
2019-06-30 14:20,2029
2019-06-30 14:25,2030
2019-06-30 14:30,2043
2019-06-30 14:35,2055
2019-06-30 14:40,2052
2019-06-30 14:45,2050
2019-06-30 14:50,2041
2019-06-30 14:55,2059
2019-06-30 15:00,2086
2019-06-30 15:05,2076
2019-06-30 15:10,2087
2019-06-30 15:15,2106
2019-06-30 15:20,2093
2019-06-30 15:25,2096
2019-06-30 15:30,2107
2019-06-30 15:35,2118
2019-06-30 15:40,2138
2019-06-30 15:45,2152
2019-06-30 15:50,2151
2019-06-30 15:55,2154
2019-06-30 16:00,2155
2019-06-30 16:05,2142
2019-06-30 16:10,2149
2019-06-30 16:15,2159
2019-06-30 16:20,2161
2019-06-30 16:25,2168
2019-06-30 16:30,2171
2019-06-30 16:35,2155
2019-06-30 16:40,2172
2019-06-30 16:45,2176
2019-06-30 16:50,2172
2019-06-30 16:55,2197
2019-06-30 17:00,2190
2019-06-30 17:05,2196
2019-06-30 17:10,2216
2019-06-30 17:15,2245
2019-06-30 17:20,2252
2019-06-30 17:25,2224
2019-06-30 17:30,2261
2019-06-30 17:35,2286
2019-06-30 17:40,2279
2019-06-30 17:45,2278
2019-06-30 17:50,2272
2019-06-30 17:55,2294
2019-06-30 18:00,2290
2019-06-30 18:05,2319
2019-06-30 18:10,2320
2019-06-30 18:15,2318
2019-06-30 18:20,2325
2019-06-30 18:25,2337
2019-06-30 18:30,2342
2019-06-30 18:35,2356
2019-06-30 18:40,2343
2019-06-30 18:45,2350
2019-06-30 18:50,2374
2019-06-30 18:55,2366
2019-06-30 19:00,2367
2019-06-30 19:05,2344
2019-06-30 19:10,2342
2019-06-30 19:15,2333
2019-06-30 19:20,2359
2019-06-30 19:25,2345
2019-06-30 19:30,2340
2019-06-30 19:35,2335
2019-06-30 19:40,2323
2019-06-30 19:45,2331
2019-06-30 19:50,2326
2019-06-30 19:55,2332
2019-06-30 20:00,2305
2019-06-30 20:05,2310
2019-06-30 20:10,2274
2019-06-30 20:15,2254
2019-06-30 20:20,2226
2019-06-30 20:25,2206
2019-06-30 20:30,2194
2019-06-30 20:35,2169
2019-06-30 20:40,2166
2019-06-30 20:45,2133
2019-06-30 20:50,2101
2019-06-30 20:55,2103
2019-06-30 21:00,2093
2019-06-30 21:05,2069
2019-06-30 21:10,2054
2019-06-30 21:15,2036
2019-06-30 21:20,2022
2019-06-30 21:25,2009
2019-06-30 21:30,1983
2019-06-30 21:35,1964
2019-06-30 21:40,1950
2019-06-30 21:45,1934
2019-06-30 21:50,1906
2019-06-30 21:55,1875
2019-06-30 22:00,1841
2019-06-30 22:05,1785
2019-06-30 22:10,1787
2019-06-30 22:15,1803
2019-06-30 22:20,1778
2019-06-30 22:25,1784
2019-06-30 22:30,1777
2019-06-30 22:35,1761
2019-06-30 22:40,1747
2019-06-30 22:45,1742
2019-06-30 22:50,1730
2019-06-30 22:55,1705
2019-06-30 23:00,1681
2019-06-30 23:05,1642
2019-06-30 23:10,1630
2019-06-30 23:15,1629
2019-06-30 23:20,1616
2019-06-30 23:25,1608
2019-06-30 23:30,1596
2019-06-30 23:35,1572
2019-06-30 23:40,1561
2019-06-30 23:45,1562
2019-06-30 23:50,1540
2019-06-30 23:55,1506
2019-07-01 00:00,1491
2019-07-01 00:05,1469
2019-07-01 00:10,1461
2019-07-01 00:15,1455
2019-07-01 00:20,1424
2019-07-01 00:25,1351
2019-07-01 00:30,1254
2019-07-01 00:35,918
2019-07-01 00:40,999
2019-07-01 00:45,1068
2019-07-01 00:50,1114
2019-07-01 00:55,1151
2019-07-01 01:00,1188
2019-07-01 01:05,1214
2019-07-01 01:10,1235
2019-07-01 01:15,1265
2019-07-01 01:20,1294
2019-07-01 01:25,1297
2019-07-01 01:30,1318
2019-07-01 01:35,1319
2019-07-01 01:40,1351
2019-07-01 01:45,1369
2019-07-01 01:50,1379
2019-07-01 01:55,1402
2019-07-01 02:00,1396
2019-07-01 02:05,1403
2019-07-01 02:10,1386
2019-07-01 02:15,1387
2019-07-01 02:20,1390
2019-07-01 02:25,1373
2019-07-01 02:30,1383
2019-07-01 02:35,1366
2019-07-01 02:40,1356
2019-07-01 02:45,1345
2019-07-01 02:50,1342
2019-07-01 02:55,1340
2019-07-01 03:00,1337
2019-07-01 03:05,1325
2019-07-01 03:10,1311
2019-07-01 03:15,1307
2019-07-01 03:20,1304
2019-07-01 03:25,1276
2019-07-01 03:30,1249
2019-07-01 03:35,1263
2019-07-01 03:40,1239
2019-07-01 03:45,1231
2019-07-01 03:50,1188
2019-07-01 03:55,1180
2019-07-01 04:00,1159
2019-07-01 04:05,1146
2019-07-01 04:10,1136
2019-07-01 04:15,1121
2019-07-01 04:20,1100
2019-07-01 04:25,1091
2019-07-01 04:30,1085
2019-07-01 04:35,1094
2019-07-01 04:40,1071
2019-07-01 04:45,1057
2019-07-01 04:50,1056
2019-07-01 04:55,1049
2019-07-01 05:00,1043
2019-07-01 05:05,1040
2019-07-01 05:10,1022
2019-07-01 05:15,1023
2019-07-01 05:20,1024
2019-07-01 05:25,1022
2019-07-01 05:30,1013
2019-07-01 05:35,1001
2019-07-01 05:40,988
2019-07-01 05:45,981
2019-07-01 05:50,981
2019-07-01 05:55,984
2019-07-01 06:00,973
2019-07-01 06:05,959
2019-07-01 06:10,954
2019-07-01 06:15,945
2019-07-01 06:20,935
2019-07-01 06:25,935
2019-07-01 06:30,923
2019-07-01 06:35,921
2019-07-01 06:40,938
2019-07-01 06:45,945
2019-07-01 06:50,937
2019-07-01 06:55,935
2019-07-01 07:00,940
2019-07-01 07:05,942
2019-07-01 07:10,938
2019-07-01 07:15,951
2019-07-01 07:20,953
2019-07-01 07:25,948
2019-07-01 07:30,953
2019-07-01 07:35,965
2019-07-01 07:40,953
2019-07-01 07:45,962
2019-07-01 07:50,955
2019-07-01 07:55,968
2019-07-01 08:00,984
2019-07-01 08:05,978
2019-07-01 08:10,980
2019-07-01 08:15,992
2019-07-01 08:20,1011
2019-07-01 08:25,1019
2019-07-01 08:30,1023
2019-07-01 08:35,1025
2019-07-01 08:40,1020
2019-07-01 08:45,1036
2019-07-01 08:50,1049
2019-07-01 08:55,1058
2019-07-01 09:00,1062
2019-07-01 09:05,1065
2019-07-01 09:10,1073
2019-07-01 09:15,1081
2019-07-01 09:20,1106
2019-07-01 09:25,1108
2019-07-01 09:30,1124
2019-07-01 09:35,1124
2019-07-01 09:40,1140
2019-07-01 09:45,1145
2019-07-01 09:50,1156
2019-07-01 09:55,1167
2019-07-01 10:00,1165
2019-07-01 10:05,1196
2019-07-01 10:10,1214
2019-07-01 10:15,1224
2019-07-01 10:20,1231
2019-07-01 10:25,1236
2019-07-01 10:30,1223
2019-07-01 10:35,1236
2019-07-01 10:40,1256
2019-07-01 10:45,1267
2019-07-01 10:50,1282
2019-07-01 10:55,1287
2019-07-01 11:00,1291
2019-07-01 11:05,1297
2019-07-01 11:10,1317
2019-07-01 11:15,1325
2019-07-01 11:20,1323
2019-07-01 11:25,1340
2019-07-01 11:30,1331
2019-07-01 11:35,1343
2019-07-01 11:40,1349
2019-07-01 11:45,1367
2019-07-01 11:50,1358
2019-07-01 11:55,1371
2019-07-01 12:00,1382
2019-07-01 12:05,1390
2019-07-01 12:10,1387
2019-07-01 12:15,1390
2019-07-01 12:20,1406
2019-07-01 12:25,1443
2019-07-01 12:30,1445
2019-07-01 12:35,1471
2019-07-01 12:40,1486
2019-07-01 12:45,1466
2019-07-01 12:50,1475
2019-07-01 12:55,1446
2019-07-01 13:00,1472
2019-07-01 13:05,1484
2019-07-01 13:10,1486
2019-07-01 13:15,1497
2019-07-01 13:20,1511
2019-07-01 13:25,1505
2019-07-01 13:30,1515
2019-07-01 13:35,1522
2019-07-01 13:40,1543
2019-07-01 13:45,1564
2019-07-01 13:50,1581
2019-07-01 13:55,1602
2019-07-01 14:00,1599
2019-07-01 14:05,1602
2019-07-01 14:10,1638
2019-07-01 14:15,1621
2019-07-01 14:20,1623
2019-07-01 14:25,1639
2019-07-01 14:30,1671
2019-07-01 14:35,1668
2019-07-01 14:40,1685
2019-07-01 14:45,1701
2019-07-01 14:50,1696
2019-07-01 14:55,1691
2019-07-01 15:00,1712
2019-07-01 15:05,1721
2019-07-01 15:10,1749
2019-07-01 15:15,1751
2019-07-01 15:20,1773
2019-07-01 15:25,1780
2019-07-01 15:30,1771
2019-07-01 15:35,1802
2019-07-01 15:40,1819
2019-07-01 15:45,1829
2019-07-01 15:50,1834
2019-07-01 15:55,1848
2019-07-01 16:00,1863
2019-07-01 16:05,1886
2019-07-01 16:10,1895
2019-07-01 16:15,1914
2019-07-01 16:20,1937
2019-07-01 16:25,1940
2019-07-01 16:30,1958
2019-07-01 16:35,1964
2019-07-01 16:40,1983
2019-07-01 16:45,1981
2019-07-01 16:50,2007
2019-07-01 16:55,2042
2019-07-01 17:00,2058
2019-07-01 17:05,2065
2019-07-01 17:10,2062
2019-07-01 17:15,2054
2019-07-01 17:20,2044
2019-07-01 17:25,2045
2019-07-01 17:30,2053
2019-07-01 17:35,2056
2019-07-01 17:40,2040
2019-07-01 17:45,2038
2019-07-01 17:50,2020
2019-07-01 17:55,2022
2019-07-01 18:00,2046
2019-07-01 18:05,2037
2019-07-01 18:10,2049
2019-07-01 18:15,2047
2019-07-01 18:20,2078
2019-07-01 18:25,2074
2019-07-01 18:30,2088
2019-07-01 18:35,2102
2019-07-01 18:40,2096
2019-07-01 18:45,2104
2019-07-01 18:50,2112
2019-07-01 18:55,2136
2019-07-01 19:00,2122
2019-07-01 19:05,2131
2019-07-01 19:10,2129
2019-07-01 19:15,2130
2019-07-01 19:20,2132
2019-07-01 19:25,2132
2019-07-01 19:30,2135
2019-07-01 19:35,2142
2019-07-01 19:40,2130
2019-07-01 19:45,2122
2019-07-01 19:50,2123
2019-07-01 19:55,2101
2019-07-01 20:00,2086
2019-07-01 20:05,2098
2019-07-01 20:10,2097
2019-07-01 20:15,2070
2019-07-01 20:20,2070
2019-07-01 20:25,2063
2019-07-01 20:30,2043
2019-07-01 20:35,2028
2019-07-01 20:40,2006
2019-07-01 20:45,1969
2019-07-01 20:50,1948
2019-07-01 20:55,1918
2019-07-01 21:00,1920
2019-07-01 21:05,1910
2019-07-01 21:10,1894
2019-07-01 21:15,1908
2019-07-01 21:20,1890
2019-07-01 21:25,1878
2019-07-01 21:30,1859
2019-07-01 21:35,1833
2019-07-01 21:40,1813
2019-07-01 21:45,1788
2019-07-01 21:50,1772
2019-07-01 21:55,1753
2019-07-01 22:00,1738
2019-07-01 22:05,0
2019-07-01 22:10,1699
2019-07-01 22:15,1686
2019-07-01 22:20,1671
2019-07-01 22:25,1660
2019-07-01 22:30,1651
2019-07-01 22:35,1611
2019-07-01 22:40,1607
2019-07-01 22:45,1596
2019-07-01 22:50,1571
2019-07-01 22:55,1547
2019-07-01 23:00,1540
2019-07-01 23:05,0
2019-07-01 23:10,1509
2019-07-01 23:15,1494
2019-07-01 23:20,1476
2019-07-01 23:25,1455
2019-07-01 23:30,1464
2019-07-01 23:35,1470
2019-07-01 23:40,1460
2019-07-01 23:45,1482
2019-07-01 23:50,1485
2019-07-01 23:55,1471
2019-07-02 00:00,1454
2019-07-02 00:05,1443
2019-07-02 00:10,1434
2019-07-02 00:15,1438
2019-07-02 00:20,1424
2019-07-02 00:25,1421
2019-07-02 00:30,1424
2019-07-02 00:35,1412
2019-07-02 00:40,1408
2019-07-02 00:45,1416
2019-07-02 00:50,1412
2019-07-02 00:55,1392
2019-07-02 01:00,1399
2019-07-02 01:05,1396
2019-07-02 01:10,1390
2019-07-02 01:15,1400
2019-07-02 01:20,1413
2019-07-02 01:25,1406
2019-07-02 01:30,1383
2019-07-02 01:35,1381
2019-07-02 01:40,1390
2019-07-02 01:45,1379
2019-07-02 01:50,1363
2019-07-02 01:55,1363
2019-07-02 02:00,1368
2019-07-02 02:05,1333
2019-07-02 02:10,1323
2019-07-02 02:15,1319
2019-07-02 02:20,1303
2019-07-02 02:25,1305
2019-07-02 02:30,1281
2019-07-02 02:35,1280
2019-07-02 02:40,1282
2019-07-02 02:45,1251
2019-07-02 02:50,1253
2019-07-02 02:55,1239
2019-07-02 03:00,1236
2019-07-02 03:05,1227
2019-07-02 03:10,1226
2019-07-02 03:15,1224
2019-07-02 03:20,1231
2019-07-02 03:25,1221
2019-07-02 03:30,1203
2019-07-02 03:35,1194
2019-07-02 03:40,1175
2019-07-02 03:45,1149
2019-07-02 03:50,1153
2019-07-02 03:55,1161
2019-07-02 04:00,1147
2019-07-02 04:05,1139
2019-07-02 04:10,1147
2019-07-02 04:15,1134
2019-07-02 04:20,1120
2019-07-02 04:25,1123
2019-07-02 04:30,1106
2019-07-02 04:35,1089
2019-07-02 04:40,1079
2019-07-02 04:45,1067
2019-07-02 04:50,1065
2019-07-02 04:55,1041
2019-07-02 05:00,1044
2019-07-02 05:05,1044
2019-07-02 05:10,1041
2019-07-02 05:15,1033
2019-07-02 05:20,1022
2019-07-02 05:25,1020
2019-07-02 05:30,1007
2019-07-02 05:35,998
2019-07-02 05:40,1009
2019-07-02 05:45,1011
2019-07-02 05:50,992
2019-07-02 05:55,990
2019-07-02 06:00,992
2019-07-02 06:05,974
2019-07-02 06:10,964
2019-07-02 06:15,953
2019-07-02 06:20,960
2019-07-02 06:25,936
2019-07-02 06:30,937
2019-07-02 06:35,921
2019-07-02 06:40,920
2019-07-02 06:45,912
2019-07-02 06:50,911
2019-07-02 06:55,913
2019-07-02 07:00,914
2019-07-02 07:05,900
2019-07-02 07:10,899
2019-07-02 07:15,915
2019-07-02 07:20,918
2019-07-02 07:25,913
2019-07-02 07:30,877
2019-07-02 07:35,879
2019-07-02 07:40,879
2019-07-02 07:45,886
2019-07-02 07:50,897
2019-07-02 07:55,921
2019-07-02 08:00,928
2019-07-02 08:05,933
2019-07-02 08:10,958
2019-07-02 08:15,962
2019-07-02 08:20,972
2019-07-02 08:25,987
2019-07-02 08:30,1007
2019-07-02 08:35,1004
2019-07-02 08:40,1017
2019-07-02 08:45,1023
2019-07-02 08:50,1006
2019-07-02 08:55,1032
2019-07-02 09:00,1033
2019-07-02 09:05,1057
2019-07-02 09:10,1060
2019-07-02 09:15,1072
2019-07-02 09:20,1081
2019-07-02 09:25,1091
2019-07-02 09:30,1130
2019-07-02 09:35,1134
2019-07-02 09:40,1141
2019-07-02 09:45,1151
2019-07-02 09:50,1147
2019-07-02 09:55,1150
2019-07-02 10:00,1168
2019-07-02 10:05,1186
2019-07-02 10:10,1198
2019-07-02 10:15,1199
2019-07-02 10:20,1228
2019-07-02 10:25,1247
2019-07-02 10:30,1248
2019-07-02 10:35,1268
2019-07-02 10:40,1274
2019-07-02 10:45,1291
2019-07-02 10:50,1299
2019-07-02 10:55,1311
2019-07-02 11:00,1307
2019-07-02 11:05,1340
2019-07-02 11:10,1349
2019-07-02 11:15,1330
2019-07-02 11:20,1337
2019-07-02 11:25,1359
2019-07-02 11:30,1357
2019-07-02 11:35,1369
2019-07-02 11:40,1387
2019-07-02 11:45,1378
2019-07-02 11:50,1400
2019-07-02 11:55,1389
2019-07-02 12:00,1402
2019-07-02 12:05,1413
2019-07-02 12:10,1419
2019-07-02 12:15,1422
2019-07-02 12:20,1427
2019-07-02 12:25,1439
2019-07-02 12:30,1451
2019-07-02 12:35,1456
2019-07-02 12:40,1443
2019-07-02 12:45,1449
2019-07-02 12:50,1471
2019-07-02 12:55,1484
2019-07-02 13:00,1484
2019-07-02 13:05,1493
2019-07-02 13:10,1503
2019-07-02 13:15,1490
2019-07-02 13:20,1488
2019-07-02 13:25,1483
2019-07-02 13:30,1483
2019-07-02 13:35,1469
2019-07-02 13:40,1458
2019-07-02 13:45,1436
2019-07-02 13:50,1414
2019-07-02 13:55,1341
2019-07-02 14:00,1219
2019-07-02 14:05,840
2019-07-02 14:10,817
2019-07-02 14:15,809
2019-07-02 14:20,815
2019-07-02 14:25,821
2019-07-02 14:30,824
2019-07-02 14:35,835
2019-07-02 14:40,847
2019-07-02 14:45,845
2019-07-02 14:50,868
2019-07-02 14:55,868
2019-07-02 15:00,891
2019-07-02 15:05,903
2019-07-02 15:10,913
2019-07-02 15:15,942
2019-07-02 15:20,954
2019-07-02 15:25,1038
2019-07-02 15:30,1118
2019-07-02 15:35,1195
2019-07-02 15:40,1253
2019-07-02 15:45,1334
2019-07-02 15:50,1421
2019-07-02 15:55,1470
2019-07-02 16:00,1538
2019-07-02 16:05,1607
2019-07-02 16:10,1683
2019-07-02 16:15,1718
2019-07-02 16:20,1799
2019-07-02 16:25,1842
2019-07-02 16:30,1854
2019-07-02 16:35,1886
2019-07-02 16:40,1913
2019-07-02 16:45,1938
2019-07-02 16:50,1960
2019-07-02 16:55,1982
2019-07-02 17:00,1993
2019-07-02 17:05,1981
2019-07-02 17:10,2021
2019-07-02 17:15,2042
2019-07-02 17:20,2049
2019-07-02 17:25,2061
2019-07-02 17:30,2053
2019-07-02 17:35,2040
2019-07-02 17:40,2033
2019-07-02 17:45,2020
2019-07-02 17:50,2023
2019-07-02 17:55,2030
2019-07-02 18:00,2032
2019-07-02 18:05,2066
2019-07-02 18:10,2061
2019-07-02 18:15,2063
2019-07-02 18:20,2074
2019-07-02 18:25,2076
2019-07-02 18:30,2062
2019-07-02 18:35,2054
2019-07-02 18:40,2046
2019-07-02 18:45,2074
2019-07-02 18:50,2087
2019-07-02 18:55,2115
2019-07-02 19:00,2116
2019-07-02 19:05,2138
2019-07-02 19:10,2166
2019-07-02 19:15,2167
2019-07-02 19:20,2152
2019-07-02 19:25,2148
2019-07-02 19:30,2148
2019-07-02 19:35,2169
2019-07-02 19:40,2134
2019-07-02 19:45,2142
2019-07-02 19:50,2156
2019-07-02 19:55,2142
2019-07-02 20:00,2138
2019-07-02 20:05,2117
2019-07-02 20:10,2105
2019-07-02 20:15,2098
2019-07-02 20:20,2084
2019-07-02 20:25,2060
2019-07-02 20:30,2048
2019-07-02 20:35,2036
2019-07-02 20:40,2014
2019-07-02 20:45,1997
2019-07-02 20:50,1949
2019-07-02 20:55,1929
2019-07-02 21:00,1931
2019-07-02 21:05,
2019-07-02 21:10,1878
2019-07-02 21:15,1857
2019-07-02 21:20,1839
2019-07-02 21:25,1819
2019-07-02 21:30,1814
2019-07-02 21:35,1789
2019-07-02 21:40,1769
2019-07-02 21:45,1744
2019-07-02 21:50,1728
2019-07-02 21:55,1729
2019-07-02 22:00,1727
2019-07-02 22:05,1692
2019-07-02 22:10,1658
2019-07-02 22:15,1646
2019-07-02 22:20,1637
2019-07-02 22:25,1634
2019-07-02 22:30,1625
2019-07-02 22:35,1582
2019-07-02 22:40,1573
2019-07-02 22:45,1561
2019-07-02 22:50,1559
2019-07-02 22:55,1545
2019-07-02 23:00,1509
2019-07-02 23:05,1517
2019-07-02 23:10,1489
2019-07-02 23:15,1467
2019-07-02 23:20,1465
2019-07-02 23:25,1458
2019-07-02 23:30,1455
2019-07-02 23:35,1424
2019-07-02 23:40,1416
2019-07-02 23:45,1391
2019-07-02 23:50,1404
2019-07-02 23:55,1397
2019-07-03 00:00,1381
2019-07-03 00:05,1353
2019-07-03 00:10,1347
2019-07-03 00:15,1345
2019-07-03 00:20,1334
2019-07-03 00:25,1328
2019-07-03 00:30,1316
2019-07-03 00:35,1302
2019-07-03 00:40,1312
2019-07-03 00:45,1308
2019-07-03 00:50,1317
2019-07-03 00:55,1322
2019-07-03 01:00,1324
2019-07-03 01:05,1315
2019-07-03 01:10,1320
2019-07-03 01:15,1308
2019-07-03 01:20,1308
2019-07-03 01:25,1316
2019-07-03 01:30,1318
2019-07-03 01:35,1317
2019-07-03 01:40,1320
2019-07-03 01:45,1346
2019-07-03 01:50,1336
2019-07-03 01:55,1324
2019-07-03 02:00,1320
2019-07-03 02:05,1307
2019-07-03 02:10,1306
2019-07-03 02:15,1298
2019-07-03 02:20,1300
2019-07-03 02:25,1287
2019-07-03 02:30,1279
2019-07-03 02:35,1266
2019-07-03 02:40,1267
2019-07-03 02:45,1259
2019-07-03 02:50,1267
2019-07-03 02:55,1241
2019-07-03 03:00,1244
2019-07-03 03:05,1223
2019-07-03 03:10,1221
2019-07-03 03:15,1225
2019-07-03 03:20,1225
2019-07-03 03:25,1205
2019-07-03 03:30,1197
2019-07-03 03:35,1196
2019-07-03 03:40,1195
2019-07-03 03:45,1206
2019-07-03 03:50,1197
2019-07-03 03:55,1186
2019-07-03 04:00,1154
2019-07-03 04:05,1135
2019-07-03 04:10,1114
2019-07-03 04:15,1121
2019-07-03 04:20,1113
2019-07-03 04:25,1115
2019-07-03 04:30,1123
2019-07-03 04:35,1090
2019-07-03 04:40,1089
2019-07-03 04:45,1094
2019-07-03 04:50,1082
2019-07-03 04:55,1058
2019-07-03 05:00,1066
2019-07-03 05:05,1048
2019-07-03 05:10,1042
2019-07-03 05:15,1028
2019-07-03 05:20,1017
2019-07-03 05:25,968
2019-07-03 05:30,1013
2019-07-03 05:35,1002
2019-07-03 05:40,995
2019-07-03 05:45,985
2019-07-03 05:50,984
2019-07-03 05:55,972
2019-07-03 06:00,962
2019-07-03 06:05,955
2019-07-03 06:10,969
2019-07-03 06:15,970
2019-07-03 06:20,966
2019-07-03 06:25,973
2019-07-03 06:30,968
2019-07-03 06:35,984
2019-07-03 06:40,964
2019-07-03 06:45,964
2019-07-03 06:50,974
2019-07-03 06:55,962
2019-07-03 07:00,965
2019-07-03 07:05,949
2019-07-03 07:10,977
2019-07-03 07:15,961
2019-07-03 07:20,964
2019-07-03 07:25,959
2019-07-03 07:30,962
2019-07-03 07:35,960
2019-07-03 07:40,977
2019-07-03 07:45,985
2019-07-03 07:50,1007
2019-07-03 07:55,1012
2019-07-03 08:00,1021
2019-07-03 08:05,1013
2019-07-03 08:10,1027
2019-07-03 08:15,1022
2019-07-03 08:20,1028
2019-07-03 08:25,1038
2019-07-03 08:30,1042
2019-07-03 08:35,1041
2019-07-03 08:40,1055
2019-07-03 08:45,1046
2019-07-03 08:50,1066
2019-07-03 08:55,1098
2019-07-03 09:00,1098
2019-07-03 09:05,1098
2019-07-03 09:10,1118
2019-07-03 09:15,1106
2019-07-03 09:20,1123
2019-07-03 09:25,1131
2019-07-03 09:30,1139
2019-07-03 09:35,1130
2019-07-03 09:40,1133
2019-07-03 09:45,1137
2019-07-03 09:50,1154
2019-07-03 09:55,1164
2019-07-03 10:00,1167
2019-07-03 10:05,1204
2019-07-03 10:10,1213
2019-07-03 10:15,1229
2019-07-03 10:20,1246
2019-07-03 10:25,1249
2019-07-03 10:30,1267
2019-07-03 10:35,1274
2019-07-03 10:40,1267
2019-07-03 10:45,1279
2019-07-03 10:50,1281
2019-07-03 10:55,1280
2019-07-03 11:00,1284
2019-07-03 11:05,1290
2019-07-03 11:10,1294
2019-07-03 11:15,1300
2019-07-03 11:20,1300
2019-07-03 11:25,1323
2019-07-03 11:30,1346
2019-07-03 11:35,1331
2019-07-03 11:40,1362
2019-07-03 11:45,1356
2019-07-03 11:50,1376
2019-07-03 11:55,1369
2019-07-03 12:00,1386
2019-07-03 12:05,1381
2019-07-03 12:10,1390
2019-07-03 12:15,1391
2019-07-03 12:20,1402
2019-07-03 12:25,1422
2019-07-03 12:30,1429
2019-07-03 12:35,1457
2019-07-03 12:40,1478
2019-07-03 12:45,1467
2019-07-03 12:50,1480
2019-07-03 12:55,1468
2019-07-03 13:00,1474
2019-07-03 13:05,1482
2019-07-03 13:10,1471
2019-07-03 13:15,1462
2019-07-03 13:20,1460
2019-07-03 13:25,1469
2019-07-03 13:30,1484
2019-07-03 13:35,1486
2019-07-03 13:40,1486
2019-07-03 13:45,1485
2019-07-03 13:50,1495
2019-07-03 13:55,1529
2019-07-03 14:00,1521
2019-07-03 14:05,1540
2019-07-03 14:10,1561
2019-07-03 14:15,1570
2019-07-03 14:20,1570
2019-07-03 14:25,1576
2019-07-03 14:30,1605
2019-07-03 14:35,1617
2019-07-03 14:40,1620
2019-07-03 14:45,1627
2019-07-03 14:50,1654
2019-07-03 14:55,1671
2019-07-03 15:00,1670
2019-07-03 15:05,1675
2019-07-03 15:10,1693
2019-07-03 15:15,1719
2019-07-03 15:20,1736
2019-07-03 15:25,1738
2019-07-03 15:30,1760
2019-07-03 15:35,1764
2019-07-03 15:40,1765
2019-07-03 15:45,1754
2019-07-03 15:50,1760
2019-07-03 15:55,1784
2019-07-03 16:00,1814
2019-07-03 16:05,1817
2019-07-03 16:10,1827
2019-07-03 16:15,1844
2019-07-03 16:20,1854
2019-07-03 16:25,1859
2019-07-03 16:30,1873
2019-07-03 16:35,1892
2019-07-03 16:40,1929
2019-07-03 16:45,1919
2019-07-03 16:50,1936
2019-07-03 16:55,1940
2019-07-03 17:00,1957
2019-07-03 17:05,1951
2019-07-03 17:10,1982
2019-07-03 17:15,1982
2019-07-03 17:20,1997
2019-07-03 17:25,2005
2019-07-03 17:30,2017
2019-07-03 17:35,2037
2019-07-03 17:40,2038
2019-07-03 17:45,2034
2019-07-03 17:50,2045
2019-07-03 17:55,2055
2019-07-03 18:00,2043
2019-07-03 18:05,2077
2019-07-03 18:10,2095
2019-07-03 18:15,2090
2019-07-03 18:20,2085
2019-07-03 18:25,2100
2019-07-03 18:30,2127
2019-07-03 18:35,2137
2019-07-03 18:40,2149
2019-07-03 18:45,2170
2019-07-03 18:50,2169
2019-07-03 18:55,2199
2019-07-03 19:00,2190
2019-07-03 19:05,2172
2019-07-03 19:10,2163
2019-07-03 19:15,2162
2019-07-03 19:20,2167
2019-07-03 19:25,2168
2019-07-03 19:30,2160
2019-07-03 19:35,2152
2019-07-03 19:40,2156
2019-07-03 19:45,2171
2019-07-03 19:50,2148
2019-07-03 19:55,2134
2019-07-03 20:00,2121
2019-07-03 20:05,2120
2019-07-03 20:10,2092
2019-07-03 20:15,2066
2019-07-03 20:20,2072
2019-07-03 20:25,2057
2019-07-03 20:30,2050
2019-07-03 20:35,2025
2019-07-03 20:40,2013
2019-07-03 20:45,1981
2019-07-03 20:50,1965
2019-07-03 20:55,1951
2019-07-03 21:00,1928
2019-07-03 21:05,1933
2019-07-03 21:10,1906
2019-07-03 21:15,1874
2019-07-03 21:20,1834
2019-07-03 21:25,1806
2019-07-03 21:30,1785
2019-07-03 21:35,1776
2019-07-03 21:40,1760
2019-07-03 21:45,1746
2019-07-03 21:50,1717
2019-07-03 21:55,1700
2019-07-03 22:00,1686
2019-07-03 22:05,1686
2019-07-03 22:10,1677
2019-07-03 22:15,1663
2019-07-03 22:20,1652
2019-07-03 22:25,1631
2019-07-03 22:30,1611
2019-07-03 22:35,1593
2019-07-03 22:40,1573
2019-07-03 22:45,1573
2019-07-03 22:50,1496
2019-07-03 22:55,1536
2019-07-03 23:00,1472
2019-07-03 23:05,1477
2019-07-03 23:10,1377
2019-07-03 23:15,1517
2019-07-03 23:20,1534
2019-07-03 23:25,1512
2019-07-03 23:30,1480
2019-07-03 23:35,1473
2019-07-03 23:40,1459
2019-07-03 23:45,1462
2019-07-03 23:50,1455
2019-07-03 23:55,1452
2019-07-04 00:00,1430
2019-07-04 00:05,1431
2019-07-04 00:10,1429
2019-07-04 00:15,1413
2019-07-04 00:20,1401
2019-07-04 00:25,1390
2019-07-04 00:30,1383
2019-07-04 00:35,1388
2019-07-04 00:40,1383
2019-07-04 00:45,1374
2019-07-04 00:50,1375
2019-07-04 00:55,1375
2019-07-04 01:00,1362
2019-07-04 01:05,1360
2019-07-04 01:10,1354
2019-07-04 01:15,1342
2019-07-04 01:20,1338
2019-07-04 01:25,1342
2019-07-04 01:30,1348
2019-07-04 01:35,1347
2019-07-04 01:40,1348
2019-07-04 01:45,1346
2019-07-04 01:50,1338
2019-07-04 01:55,1320
2019-07-04 02:00,1319
2019-07-04 02:05,1314
2019-07-04 02:10,1324
2019-07-04 02:15,1329
2019-07-04 02:20,1326
2019-07-04 02:25,1319
2019-07-04 02:30,1311
2019-07-04 02:35,1300
2019-07-04 02:40,1301
2019-07-04 02:45,1294
2019-07-04 02:50,1296
2019-07-04 02:55,1271
2019-07-04 03:00,1264
2019-07-04 03:05,1267
2019-07-04 03:10,1256
2019-07-04 03:15,1237
2019-07-04 03:20,1235
2019-07-04 03:25,1239
2019-07-04 03:30,1238
2019-07-04 03:35,1224
2019-07-04 03:40,1207
2019-07-04 03:45,1197
2019-07-04 03:50,1172
2019-07-04 03:55,1171
2019-07-04 04:00,1160
2019-07-04 04:05,1162
2019-07-04 04:10,1169
2019-07-04 04:15,1160
2019-07-04 04:20,1143
2019-07-04 04:25,1125
2019-07-04 04:30,1130
2019-07-04 04:35,1118
2019-07-04 04:40,1107
2019-07-04 04:45,1094
2019-07-04 04:50,1094
2019-07-04 04:55,1092
2019-07-04 05:00,1091
2019-07-04 05:05,1079
2019-07-04 05:10,1079
2019-07-04 05:15,1078
2019-07-04 05:20,1083
2019-07-04 05:25,1075
2019-07-04 05:30,1072
2019-07-04 05:35,1082
2019-07-04 05:40,1080
2019-07-04 05:45,1066
2019-07-04 05:50,1060
2019-07-04 05:55,1070
2019-07-04 06:00,1062
2019-07-04 06:05,1066
2019-07-04 06:10,1043
2019-07-04 06:15,1020
2019-07-04 06:20,1024
2019-07-04 06:25,1024
2019-07-04 06:30,1021
2019-07-04 06:35,1002
2019-07-04 06:40,994
2019-07-04 06:45,980
2019-07-04 06:50,985
2019-07-04 06:55,972
2019-07-04 07:00,974
2019-07-04 07:05,987
2019-07-04 07:10,971
2019-07-04 07:15,970
2019-07-04 07:20,969
2019-07-04 07:25,964
2019-07-04 07:30,963
2019-07-04 07:35,982
2019-07-04 07:40,989
2019-07-04 07:45,998
2019-07-04 07:50,1008
2019-07-04 07:55,1009
2019-07-04 08:00,1007
2019-07-04 08:05,1014
2019-07-04 08:10,1020
2019-07-04 08:15,1017
2019-07-04 08:20,1028
2019-07-04 08:25,1036
2019-07-04 08:30,1053
2019-07-04 08:35,1052
2019-07-04 08:40,1052
2019-07-04 08:45,1046
2019-07-04 08:50,1053
2019-07-04 08:55,1060
2019-07-04 09:00,1052
2019-07-04 09:05,1059
2019-07-04 09:10,1067
2019-07-04 09:15,1081
2019-07-04 09:20,1085
2019-07-04 09:25,1078
2019-07-04 09:30,1086
2019-07-04 09:35,1101
2019-07-04 09:40,1114
2019-07-04 09:45,1122
2019-07-04 09:50,1125
2019-07-04 09:55,1130
2019-07-04 10:00,1140
2019-07-04 10:05,1164
2019-07-04 10:10,1172
2019-07-04 10:15,1178
2019-07-04 10:20,1194
2019-07-04 10:25,1217
2019-07-04 10:30,1216
2019-07-04 10:35,1228
2019-07-04 10:40,1228
2019-07-04 10:45,1243
2019-07-04 10:50,1258
2019-07-04 10:55,1269
2019-07-04 11:00,1289
2019-07-04 11:05,1275
2019-07-04 11:10,1300
2019-07-04 11:15,1318
2019-07-04 11:20,1330
2019-07-04 11:25,1309
2019-07-04 11:30,1317
2019-07-04 11:35,1333
2019-07-04 11:40,1361
2019-07-04 11:45,1373
2019-07-04 11:50,1376
2019-07-04 11:55,1387
2019-07-04 12:00,1406
2019-07-04 12:05,1410
2019-07-04 12:10,1421
2019-07-04 12:15,1411
2019-07-04 12:20,1414
2019-07-04 12:25,1427
2019-07-04 12:30,1446
2019-07-04 12:35,1443
2019-07-04 12:40,1440
2019-07-04 12:45,1455
2019-07-04 12:50,1453
2019-07-04 12:55,1455
2019-07-04 13:00,1476
2019-07-04 13:05,1462
2019-07-04 13:10,1491
2019-07-04 13:15,1507
2019-07-04 13:20,1524
2019-07-04 13:25,1532
2019-07-04 13:30,1544
2019-07-04 13:35,1543
2019-07-04 13:40,1554
2019-07-04 13:45,1563
2019-07-04 13:50,1579
2019-07-04 13:55,1580
2019-07-04 14:00,1576
2019-07-04 14:05,1581
2019-07-04 14:10,1611
2019-07-04 14:15,1613
2019-07-04 14:20,1642
2019-07-04 14:25,1645
2019-07-04 14:30,1652
2019-07-04 14:35,1674
2019-07-04 14:40,1669
2019-07-04 14:45,1662
2019-07-04 14:50,1666
2019-07-04 14:55,1694
2019-07-04 15:00,1717
2019-07-04 15:05,1730
2019-07-04 15:10,1747
2019-07-04 15:15,1767
2019-07-04 15:20,1785
2019-07-04 15:25,1791
2019-07-04 15:30,1805
2019-07-04 15:35,1851
2019-07-04 15:40,1863
2019-07-04 15:45,1869
2019-07-04 15:50,1894
2019-07-04 15:55,1911
2019-07-04 16:00,1913
2019-07-04 16:05,1902
2019-07-04 16:10,1916
2019-07-04 16:15,1949
2019-07-04 16:20,1954
2019-07-04 16:25,1983
2019-07-04 16:30,1980
2019-07-04 16:35,1985
2019-07-04 16:40,2019
2019-07-04 16:45,2011
2019-07-04 16:50,2016
2019-07-04 16:55,2017
2019-07-04 17:00,2019
2019-07-04 17:05,2043
2019-07-04 17:10,2061
2019-07-04 17:15,2057
2019-07-04 17:20,2066
2019-07-04 17:25,2084
2019-07-04 17:30,2092
2019-07-04 17:35,2110
2019-07-04 17:40,2126
2019-07-04 17:45,2111
2019-07-04 17:50,2113
2019-07-04 17:55,2101
2019-07-04 18:00,2101
2019-07-04 18:05,2105
2019-07-04 18:10,2113
2019-07-04 18:15,2114
2019-07-04 18:20,2137
2019-07-04 18:25,0
2019-07-04 18:30,2142
2019-07-04 18:35,2139
2019-07-04 18:40,2151
2019-07-04 18:45,2144
2019-07-04 18:50,2156
2019-07-04 18:55,2154
2019-07-04 19:00,2175
2019-07-04 19:05,2197
2019-07-04 19:10,2204
2019-07-04 19:15,2190
2019-07-04 19:20,2172
2019-07-04 19:25,2162
2019-07-04 19:30,2146
2019-07-04 19:35,2150
2019-07-04 19:40,2139
2019-07-04 19:45,2128
2019-07-04 19:50,2153
2019-07-04 19:55,2126
2019-07-04 20:00,2122
2019-07-04 20:05,2095
2019-07-04 20:10,2097
2019-07-04 20:15,2082
2019-07-04 20:20,2093
2019-07-04 20:25,2088
2019-07-04 20:30,2079
2019-07-04 20:35,2068
2019-07-04 20:40,2034
2019-07-04 20:45,2009
2019-07-04 20:50,1981
2019-07-04 20:55,1969
2019-07-04 21:00,1956
2019-07-04 21:05,1947
2019-07-04 21:10,1926
2019-07-04 21:15,1908
2019-07-04 21:20,1866
2019-07-04 21:25,1848
2019-07-04 21:30,1824
2019-07-04 21:35,1806
2019-07-04 21:40,1788
2019-07-04 21:45,1770
2019-07-04 21:50,1769
2019-07-04 21:55,1751
2019-07-04 22:00,1730
2019-07-04 22:05,1726
2019-07-04 22:10,1709
2019-07-04 22:15,1681
2019-07-04 22:20,1685
2019-07-04 22:25,1667
2019-07-04 22:30,1645
2019-07-04 22:35,1628
2019-07-04 22:40,1631
2019-07-04 22:45,1612
2019-07-04 22:50,1585
2019-07-04 22:55,1569
2019-07-04 23:00,1559
2019-07-04 23:05,1559
2019-07-04 23:10,1527
2019-07-04 23:15,1513
2019-07-04 23:20,1509
2019-07-04 23:25,1495
2019-07-04 23:30,1494
2019-07-04 23:35,1476
2019-07-04 23:40,1460
2019-07-04 23:45,1438
2019-07-04 23:50,1429
2019-07-04 23:55,1431
2019-07-05 00:00,1423
2019-07-05 00:05,1421
2019-07-05 00:10,1408
2019-07-05 00:15,1408
2019-07-05 00:20,1382
2019-07-05 00:25,1378
2019-07-05 00:30,1382
2019-07-05 00:35,1366
2019-07-05 00:40,1369
2019-07-05 00:45,1378
2019-07-05 00:50,1374
2019-07-05 00:55,1377
2019-07-05 01:00,1350
2019-07-05 01:05,1350
2019-07-05 01:10,1342
2019-07-05 01:15,1328
2019-07-05 01:20,1322
2019-07-05 01:25,1302
2019-07-05 01:30,1313
2019-07-05 01:35,1308
2019-07-05 01:40,1308
2019-07-05 01:45,1288
2019-07-05 01:50,1280
2019-07-05 01:55,1288
2019-07-05 02:00,1288
2019-07-05 02:05,1288
2019-07-05 02:10,1268
2019-07-05 02:15,1255
2019-07-05 02:20,1253
2019-07-05 02:25,1239
2019-07-05 02:30,1233
2019-07-05 02:35,1222
2019-07-05 02:40,1218
2019-07-05 02:45,1223
2019-07-05 02:50,1222
2019-07-05 02:55,1196
2019-07-05 03:00,1163
2019-07-05 03:05,1164
2019-07-05 03:10,1155
2019-07-05 03:15,1157
2019-07-05 03:20,1140
2019-07-05 03:25,1144
2019-07-05 03:30,1143
2019-07-05 03:35,1147
2019-07-05 03:40,1143
2019-07-05 03:45,1149
2019-07-05 03:50,1130
2019-07-05 03:55,1120
2019-07-05 04:00,1115
2019-07-05 04:05,1118
2019-07-05 04:10,1105
2019-07-05 04:15,1091
2019-07-05 04:20,1081
2019-07-05 04:25,1072
2019-07-05 04:30,1061
2019-07-05 04:35,1052
2019-07-05 04:40,1057
2019-07-05 04:45,1045
2019-07-05 04:50,1033
2019-07-05 04:55,1022
2019-07-05 05:00,1022
2019-07-05 05:05,1026
2019-07-05 05:10,1012
2019-07-05 05:15,1013
2019-07-05 05:20,995
2019-07-05 05:25,1001
2019-07-05 05:30,1011
2019-07-05 05:35,1015
2019-07-05 05:40,1037
2019-07-05 05:45,1020
2019-07-05 05:50,1008
2019-07-05 05:55,1016
2019-07-05 06:00,1007
2019-07-05 06:05,1016
2019-07-05 06:10,1004
2019-07-05 06:15,999
2019-07-05 06:20,1018
2019-07-05 06:25,1029
2019-07-05 06:30,1032
2019-07-05 06:35,1021
2019-07-05 06:40,1035
2019-07-05 06:45,1047
2019-07-05 06:50,1036
2019-07-05 06:55,1046
2019-07-05 07:00,1051
2019-07-05 07:05,1041
2019-07-05 07:10,1024
2019-07-05 07:15,1025
2019-07-05 07:20,1041
2019-07-05 07:25,1046
2019-07-05 07:30,1060
2019-07-05 07:35,1045
2019-07-05 07:40,1048
2019-07-05 07:45,1041
2019-07-05 07:50,1045
2019-07-05 07:55,1049
2019-07-05 08:00,1056
2019-07-05 08:05,1046
2019-07-05 08:10,1062
2019-07-05 08:15,1055
2019-07-05 08:20,1061
2019-07-05 08:25,1052
2019-07-05 08:30,1059
2019-07-05 08:35,1062
2019-07-05 08:40,1081
2019-07-05 08:45,1094
2019-07-05 08:50,1107
2019-07-05 08:55,1116
2019-07-05 09:00,1129
2019-07-05 09:05,1121
2019-07-05 09:10,1126
2019-07-05 09:15,1145
2019-07-05 09:20,1139
2019-07-05 09:25,1133
2019-07-05 09:30,1128
2019-07-05 09:35,1150
2019-07-05 09:40,1158
2019-07-05 09:45,1172
2019-07-05 09:50,1186
2019-07-05 09:55,1208
2019-07-05 10:00,1231
2019-07-05 10:05,1252
2019-07-05 10:10,1279
2019-07-05 10:15,1292
2019-07-05 10:20,1290
2019-07-05 10:25,1286
2019-07-05 10:30,1286
2019-07-05 10:35,1297
2019-07-05 10:40,1311
2019-07-05 10:45,1312
2019-07-05 10:50,1309
2019-07-05 10:55,1312
2019-07-05 11:00,1311
2019-07-05 11:05,1334
2019-07-05 11:10,1329
2019-07-05 11:15,1333
2019-07-05 11:20,1361
2019-07-05 11:25,1361
2019-07-05 11:30,1377
2019-07-05 11:35,1375
2019-07-05 11:40,1374
2019-07-05 11:45,1378
2019-07-05 11:50,1389
2019-07-05 11:55,1392
2019-07-05 12:00,1386
2019-07-05 12:05,1394
2019-07-05 12:10,1404
2019-07-05 12:15,1408
2019-07-05 12:20,1405
2019-07-05 12:25,1404
2019-07-05 12:30,1456
2019-07-05 12:35,1469
2019-07-05 12:40,1479
2019-07-05 12:45,1499
2019-07-05 12:50,1498
2019-07-05 12:55,1501
2019-07-05 13:00,1519
2019-07-05 13:05,1536
2019-07-05 13:10,1530
2019-07-05 13:15,1534
2019-07-05 13:20,1548
2019-07-05 13:25,1555
2019-07-05 13:30,1558
2019-07-05 13:35,1578
2019-07-05 13:40,1591
2019-07-05 13:45,1595
2019-07-05 13:50,1624
2019-07-05 13:55,1619
2019-07-05 14:00,1651
2019-07-05 14:05,1645
2019-07-05 14:10,1649
2019-07-05 14:15,1650
2019-07-05 14:20,1648
2019-07-05 14:25,1654
2019-07-05 14:30,1657
2019-07-05 14:35,1639
2019-07-05 14:40,1664
2019-07-05 14:45,1651
2019-07-05 14:50,1651
2019-07-05 14:55,1670
2019-07-05 15:00,1682
2019-07-05 15:05,1705
2019-07-05 15:10,1737
2019-07-05 15:15,1741
2019-07-05 15:20,1757
2019-07-05 15:25,1765
2019-07-05 15:30,1758
2019-07-05 15:35,1757
2019-07-05 15:40,1743
2019-07-05 15:45,1763
2019-07-05 15:50,1755
2019-07-05 15:55,1775
2019-07-05 16:00,1781
2019-07-05 16:05,1776
2019-07-05 16:10,1799
2019-07-05 16:15,1788
2019-07-05 16:20,1816
2019-07-05 16:25,1813
2019-07-05 16:30,1818
2019-07-05 16:35,1841
2019-07-05 16:40,1848
2019-07-05 16:45,1853
2019-07-05 16:50,1842
2019-07-05 16:55,1875
2019-07-05 17:00,1860
2019-07-05 17:05,1861
2019-07-05 17:10,1861
2019-07-05 17:15,1848
2019-07-05 17:20,1839
2019-07-05 17:25,1834
2019-07-05 17:30,1837
2019-07-05 17:35,1858
2019-07-05 17:40,1865
2019-07-05 17:45,1878
2019-07-05 17:50,1892
2019-07-05 17:55,1912
2019-07-05 18:00,1915
2019-07-05 18:05,1931
2019-07-05 18:10,1916
2019-07-05 18:15,1906
2019-07-05 18:20,1924
2019-07-05 18:25,1929
2019-07-05 18:30,1927
2019-07-05 18:35,1955
2019-07-05 18:40,1991
2019-07-05 18:45,2001
2019-07-05 18:50,1985
2019-07-05 18:55,1997
2019-07-05 19:00,
2019-07-05 19:05,
2019-07-05 19:10,
2019-07-05 19:15,2010
2019-07-05 19:20,2012
2019-07-05 19:25,2029
2019-07-05 19:30,2022
2019-07-05 19:35,2035
2019-07-05 19:40,2039
2019-07-05 19:45,2020
2019-07-05 19:50,2039
2019-07-05 19:55,2021
2019-07-05 20:00,2033
2019-07-05 20:05,2022
2019-07-05 20:10,2002
2019-07-05 20:15,1995
2019-07-05 20:20,2010
2019-07-05 20:25,2005
2019-07-05 20:30,1973
2019-07-05 20:35,1968
2019-07-05 20:40,1967
2019-07-05 20:45,1973
2019-07-05 20:50,1981
2019-07-05 20:55,1958
2019-07-05 21:00,1946
2019-07-05 21:05,1913
2019-07-05 21:10,1889
2019-07-05 21:15,1865
2019-07-05 21:20,1842
2019-07-05 21:25,1843
2019-07-05 21:30,1823
2019-07-05 21:35,1804
2019-07-05 21:40,1813
2019-07-05 21:45,1794
2019-07-05 21:50,1798
2019-07-05 21:55,1786
2019-07-05 22:00,1767
2019-07-05 22:05,
2019-07-05 22:10,
2019-07-05 22:15,
2019-07-05 22:20,1660
2019-07-05 22:25,1666
2019-07-05 22:30,1647
2019-07-05 22:35,1619
2019-07-05 22:40,1602
2019-07-05 22:45,1578
2019-07-05 22:50,1579
2019-07-05 22:55,1581
2019-07-05 23:00,1567
2019-07-05 23:05,1563
2019-07-05 23:10,1530
2019-07-05 23:15,1527
2019-07-05 23:20,1510
2019-07-05 23:25,1495
2019-07-05 23:30,1515
2019-07-05 23:35,1490
2019-07-05 23:40,1493
2019-07-05 23:45,1482
2019-07-05 23:50,1452
2019-07-05 23:55,1445
2019-07-06 00:00,1432
2019-07-06 00:05,1441
2019-07-06 00:10,1433
2019-07-06 00:15,1417
2019-07-06 00:20,1410
2019-07-06 00:25,1404
2019-07-06 00:30,1399
2019-07-06 00:35,1383
2019-07-06 00:40,1376
2019-07-06 00:45,1376
2019-07-06 00:50,1379
2019-07-06 00:55,1380
2019-07-06 01:00,1379
2019-07-06 01:05,1374
2019-07-06 01:10,1378
2019-07-06 01:15,1382
2019-07-06 01:20,1374
2019-07-06 01:25,1382
2019-07-06 01:30,1387
2019-07-06 01:35,1381
2019-07-06 01:40,1394
2019-07-06 01:45,1379
2019-07-06 01:50,1367
2019-07-06 01:55,1375
2019-07-06 02:00,1363
2019-07-06 02:05,1378
2019-07-06 02:10,1390
2019-07-06 02:15,1373
2019-07-06 02:20,1350
2019-07-06 02:25,1347
2019-07-06 02:30,1344
2019-07-06 02:35,1340
2019-07-06 02:40,1352
2019-07-06 02:45,1346
2019-07-06 02:50,1351
2019-07-06 02:55,1332
2019-07-06 03:00,1329
2019-07-06 03:05,1332
2019-07-06 03:10,1323
2019-07-06 03:15,1293
2019-07-06 03:20,1279
2019-07-06 03:25,1262
2019-07-06 03:30,1251
2019-07-06 03:35,1237
2019-07-06 03:40,1247
2019-07-06 03:45,1242
2019-07-06 03:50,1231
2019-07-06 03:55,1228
2019-07-06 04:00,1209
2019-07-06 04:05,1227
2019-07-06 04:10,1198
2019-07-06 04:15,1183
2019-07-06 04:20,1177
2019-07-06 04:25,1174
2019-07-06 04:30,1164
2019-07-06 04:35,1165
2019-07-06 04:40,1168
2019-07-06 04:45,1163
2019-07-06 04:50,1155
2019-07-06 04:55,1145
2019-07-06 05:00,1137
2019-07-06 05:05,1148
2019-07-06 05:10,1127
2019-07-06 05:15,1112
2019-07-06 05:20,1114
2019-07-06 05:25,1125
2019-07-06 05:30,1133
2019-07-06 05:35,1131
2019-07-06 05:40,1115
2019-07-06 05:45,1101
2019-07-06 05:50,1093
2019-07-06 05:55,1106
2019-07-06 06:00,1108
2019-07-06 06:05,1115
2019-07-06 06:10,1117
2019-07-06 06:15,1122
2019-07-06 06:20,1116
2019-07-06 06:25,1105
2019-07-06 06:30,1120
2019-07-06 06:35,1126
2019-07-06 06:40,1123
2019-07-06 06:45,1129
2019-07-06 06:50,1127
2019-07-06 06:55,1130
2019-07-06 07:00,1119
2019-07-06 07:05,1123
2019-07-06 07:10,1121
2019-07-06 07:15,1129
2019-07-06 07:20,1129
2019-07-06 07:25,1124
2019-07-06 07:30,1145
2019-07-06 07:35,1162
2019-07-06 07:40,1183
2019-07-06 07:45,1185
2019-07-06 07:50,1179
2019-07-06 07:55,1175
2019-07-06 08:00,1180
2019-07-06 08:05,1184
2019-07-06 08:10,1179
2019-07-06 08:15,1183
2019-07-06 08:20,1202
2019-07-06 08:25,1213
2019-07-06 08:30,1223
2019-07-06 08:35,1238
2019-07-06 08:40,1257
2019-07-06 08:45,1271
2019-07-06 08:50,1286
2019-07-06 08:55,1304
2019-07-06 09:00,1327
2019-07-06 09:05,1339
2019-07-06 09:10,1339
2019-07-06 09:15,1363
2019-07-06 09:20,1381
2019-07-06 09:25,1385
2019-07-06 09:30,1396
2019-07-06 09:35,1387
2019-07-06 09:40,1401
2019-07-06 09:45,1398
2019-07-06 09:50,1403
2019-07-06 09:55,1394
2019-07-06 10:00,1423
2019-07-06 10:05,1431
2019-07-06 10:10,1431
2019-07-06 10:15,1455
2019-07-06 10:20,1463
2019-07-06 10:25,1486
2019-07-06 10:30,1478
2019-07-06 10:35,1481
2019-07-06 10:40,1495
2019-07-06 10:45,1495
2019-07-06 10:50,1524
2019-07-06 10:55,1551
2019-07-06 11:00,1574
2019-07-06 11:05,1564
2019-07-06 11:10,1571
2019-07-06 11:15,1588
2019-07-06 11:20,1610
2019-07-06 11:25,1621
2019-07-06 11:30,1623
2019-07-06 11:35,1615
2019-07-06 11:40,1623
2019-07-06 11:45,1649
2019-07-06 11:50,1652
2019-07-06 11:55,1663
2019-07-06 12:00,1684
2019-07-06 12:05,1700
2019-07-06 12:10,1717
2019-07-06 12:15,1723
2019-07-06 12:20,1747
2019-07-06 12:25,1749
2019-07-06 12:30,1779
2019-07-06 12:35,1766
2019-07-06 12:40,1804
2019-07-06 12:45,1798
2019-07-06 12:50,1816
2019-07-06 12:55,1813
2019-07-06 13:00,1827
2019-07-06 13:05,1820
2019-07-06 13:10,1820
2019-07-06 13:15,1821
2019-07-06 13:20,1815
2019-07-06 13:25,1813
2019-07-06 13:30,1824
2019-07-06 13:35,1814
2019-07-06 13:40,1845
2019-07-06 13:45,1845
2019-07-06 13:50,1843
2019-07-06 13:55,1822
2019-07-06 14:00,1855
2019-07-06 14:05,1855
2019-07-06 14:10,1859
2019-07-06 14:15,1898
2019-07-06 14:20,1898
2019-07-06 14:25,1904
2019-07-06 14:30,1908
2019-07-06 14:35,1933
2019-07-06 14:40,1942
2019-07-06 14:45,1942
2019-07-06 14:50,1925
2019-07-06 14:55,1913
2019-07-06 15:00,1928
2019-07-06 15:05,1961
2019-07-06 15:10,1961
2019-07-06 15:15,1959
2019-07-06 15:20,1978
2019-07-06 15:25,1978
2019-07-06 15:30,1983
2019-07-06 15:35,1997
2019-07-06 15:40,2010
2019-07-06 15:45,1999
2019-07-06 15:50,2000
2019-07-06 15:55,2011
2019-07-06 16:00,2032
2019-07-06 16:05,2032
2019-07-06 16:10,2038
2019-07-06 16:15,2022
2019-07-06 16:20,2013
2019-07-06 16:25,2041
2019-07-06 16:30,2025
2019-07-06 16:35,2026
2019-07-06 16:40,2045
2019-07-06 16:45,2045
2019-07-06 16:50,2045
2019-07-06 16:55,2047
2019-07-06 17:00,2062
2019-07-06 17:05,2062
2019-07-06 17:10,2079
2019-07-06 17:15,2092
2019-07-06 17:20,2083
2019-07-06 17:25,2086
2019-07-06 17:30,2086
2019-07-06 17:35,2076
2019-07-06 17:40,2079
2019-07-06 17:45,2081
2019-07-06 17:50,2093
2019-07-06 17:55,2113
2019-07-06 18:00,2117
2019-07-06 18:05,2126
2019-07-06 18:10,2119
2019-07-06 18:15,2142
2019-07-06 18:20,2127
2019-07-06 18:25,2115
2019-07-06 18:30,2152
2019-07-06 18:35,2131
2019-07-06 18:40,2131
2019-07-06 18:45,2150
2019-07-06 18:50,2174
2019-07-06 18:55,2174
2019-07-06 19:00,2175
2019-07-06 19:05,2174
2019-07-06 19:10,2164
2019-07-06 19:15,2187
2019-07-06 19:20,2188
2019-07-06 19:25,2180
2019-07-06 19:30,2174
2019-07-06 19:35,2165
2019-07-06 19:40,2160
2019-07-06 19:45,2171
2019-07-06 19:50,2173
2019-07-06 19:55,2164
2019-07-06 20:00,2160
2019-07-06 20:05,2160
2019-07-06 20:10,2179
2019-07-06 20:15,2166
2019-07-06 20:20,2166
2019-07-06 20:25,2152
2019-07-06 20:30,2158
2019-07-06 20:35,2152
2019-07-06 20:40,2145
2019-07-06 20:45,2133
2019-07-06 20:50,2135
2019-07-06 20:55,2113
2019-07-06 21:00,2089
2019-07-06 21:05,2067
2019-07-06 21:10,2047
2019-07-06 21:15,2030
2019-07-06 21:20,1995
2019-07-06 21:25,1988
2019-07-06 21:30,1979
2019-07-06 21:35,1951
2019-07-06 21:40,1942
2019-07-06 21:45,1940
2019-07-06 21:50,1908
2019-07-06 21:55,1895
2019-07-06 22:00,1908
2019-07-06 22:05,1883
2019-07-06 22:10,1881
2019-07-06 22:15,1852
2019-07-06 22:20,1837
2019-07-06 22:25,1820
2019-07-06 22:30,1801
2019-07-06 22:35,1788
2019-07-06 22:40,1774
2019-07-06 22:45,1770
2019-07-06 22:50,1753
2019-07-06 22:55,1734
2019-07-06 23:00,1744
2019-07-06 23:05,1721
2019-07-06 23:10,1681
2019-07-06 23:15,1689
2019-07-06 23:20,1664
2019-07-06 23:25,1652
2019-07-06 23:30,1663
2019-07-06 23:35,1653
2019-07-06 23:40,1619
2019-07-06 23:45,1609
2019-07-06 23:50,1611
2019-07-06 23:55,1592
2019-07-07 00:00,1564
2019-07-07 00:05,1557
2019-07-07 00:10,1541
2019-07-07 00:15,1527
2019-07-07 00:20,1525
2019-07-07 00:25,1527
2019-07-07 00:30,1519
2019-07-07 00:35,1520
2019-07-07 00:40,1496
2019-07-07 00:45,1496
2019-07-07 00:50,1496
2019-07-07 00:55,1489
2019-07-07 01:00,1476
2019-07-07 01:05,1485
2019-07-07 01:10,1478
2019-07-07 01:15,1478
2019-07-07 01:20,1490
2019-07-07 01:25,1485
2019-07-07 01:30,1488
2019-07-07 01:35,1492
2019-07-07 01:40,1478
2019-07-07 01:45,1461
2019-07-07 01:50,1463
2019-07-07 01:55,1452
2019-07-07 02:00,1445
2019-07-07 02:05,1431
2019-07-07 02:10,1415
2019-07-07 02:15,1427
2019-07-07 02:20,1422
2019-07-07 02:25,1420
2019-07-07 02:30,1420
2019-07-07 02:35,1420
2019-07-07 02:40,1418
2019-07-07 02:45,1435
2019-07-07 02:50,1424
2019-07-07 02:55,1418
2019-07-07 03:00,1401
2019-07-07 03:05,1386
2019-07-07 03:10,1383
2019-07-07 03:15,1381
2019-07-07 03:20,1387
2019-07-07 03:25,1366
2019-07-07 03:30,1350
2019-07-07 03:35,1351
2019-07-07 03:40,1339
2019-07-07 03:45,1338
2019-07-07 03:50,1328
2019-07-07 03:55,1321
2019-07-07 04:00,1340
2019-07-07 04:05,1331
2019-07-07 04:10,1322
2019-07-07 04:15,1326
2019-07-07 04:20,1304
2019-07-07 04:25,1297
2019-07-07 04:30,1295
2019-07-07 04:35,1288
2019-07-07 04:40,1272
2019-07-07 04:45,1261
2019-07-07 04:50,1260
2019-07-07 04:55,1243
2019-07-07 05:00,1224
2019-07-07 05:05,1204
2019-07-07 05:10,1190
2019-07-07 05:15,1199
2019-07-07 05:20,1184
2019-07-07 05:25,1193
2019-07-07 05:30,1179
2019-07-07 05:35,1175
2019-07-07 05:40,1180
2019-07-07 05:45,1190
2019-07-07 05:50,1185
2019-07-07 05:55,1186
2019-07-07 06:00,1172
2019-07-07 06:05,1174
2019-07-07 06:10,1197
2019-07-07 06:15,1186
2019-07-07 06:20,1184
2019-07-07 06:25,1185
2019-07-07 06:30,1194
2019-07-07 06:35,1183
2019-07-07 06:40,1206
2019-07-07 06:45,1216
2019-07-07 06:50,1220
2019-07-07 06:55,1233
2019-07-07 07:00,1256
2019-07-07 07:05,1266
2019-07-07 07:10,1271
2019-07-07 07:15,1283
2019-07-07 07:20,1257
2019-07-07 07:25,1247
2019-07-07 07:30,1238
2019-07-07 07:35,1243
2019-07-07 07:40,1259
2019-07-07 07:45,1264
2019-07-07 07:50,1266
2019-07-07 07:55,1277
2019-07-07 08:00,1283
2019-07-07 08:05,1294
2019-07-07 08:10,1308
2019-07-07 08:15,1320
2019-07-07 08:20,1340
2019-07-07 08:25,1369
2019-07-07 08:30,1373
2019-07-07 08:35,1382
2019-07-07 08:40,1398
2019-07-07 08:45,1409
2019-07-07 08:50,1412
2019-07-07 08:55,1427
2019-07-07 09:00,1420
2019-07-07 09:05,1428
2019-07-07 09:10,1440
2019-07-07 09:15,1445
2019-07-07 09:20,1464
2019-07-07 09:25,1474
2019-07-07 09:30,1481
2019-07-07 09:35,1491
2019-07-07 09:40,1501
2019-07-07 09:45,1516
2019-07-07 09:50,1526
2019-07-07 09:55,1542
2019-07-07 10:00,1558
2019-07-07 10:05,1583
2019-07-07 10:10,1625
2019-07-07 10:15,1641
2019-07-07 10:20,1670
2019-07-07 10:25,1651
2019-07-07 10:30,1671
2019-07-07 10:35,1713
2019-07-07 10:40,1739
2019-07-07 10:45,1725
2019-07-07 10:50,1748
2019-07-07 10:55,1750
2019-07-07 11:00,1763
2019-07-07 11:05,1782
2019-07-07 11:10,1782
2019-07-07 11:15,1806
2019-07-07 11:20,1790
2019-07-07 11:25,1763
2019-07-07 11:30,1788
2019-07-07 11:35,1784
2019-07-07 11:40,1791
2019-07-07 11:45,1839
2019-07-07 11:50,1839
2019-07-07 11:55,1843
2019-07-07 12:00,1867
2019-07-07 12:05,1881
2019-07-07 12:10,1888
2019-07-07 12:15,1877
2019-07-07 12:20,1871
2019-07-07 12:25,1895
2019-07-07 12:30,1881
2019-07-07 12:35,1899
2019-07-07 12:40,1920
2019-07-07 12:45,1905
2019-07-07 12:50,1898
2019-07-07 12:55,1927
2019-07-07 13:00,1945
2019-07-07 13:05,1950
2019-07-07 13:10,1975
2019-07-07 13:15,1990
2019-07-07 13:20,1997
2019-07-07 13:25,2018
2019-07-07 13:30,2036
2019-07-07 13:35,2061
2019-07-07 13:40,2045
2019-07-07 13:45,2052
2019-07-07 13:50,2053
2019-07-07 13:55,2073
2019-07-07 14:00,2094
2019-07-07 14:05,2113
2019-07-07 14:10,2131
2019-07-07 14:15,2148
2019-07-07 14:20,2130
2019-07-07 14:25,2134
2019-07-07 14:30,2144
2019-07-07 14:35,2131
2019-07-07 14:40,2136
2019-07-07 14:45,2149
2019-07-07 14:50,2176
2019-07-07 14:55,2201
2019-07-07 15:00,2207
2019-07-07 15:05,2218
2019-07-07 15:10,2231
2019-07-07 15:15,2223
2019-07-07 15:20,2224
2019-07-07 15:25,2263
2019-07-07 15:30,2272
2019-07-07 15:35,2272
2019-07-07 15:40,2253
2019-07-07 15:45,2260
2019-07-07 15:50,2271
2019-07-07 15:55,2243
2019-07-07 16:00,2256
2019-07-07 16:05,2268
2019-07-07 16:10,2287
2019-07-07 16:15,2295
2019-07-07 16:20,2286
2019-07-07 16:25,2307
2019-07-07 16:30,2326
2019-07-07 16:35,2330
2019-07-07 16:40,2346
2019-07-07 16:45,2345
2019-07-07 16:50,2338
2019-07-07 16:55,2334
2019-07-07 17:00,2339
2019-07-07 17:05,2352
2019-07-07 17:10,2354
2019-07-07 17:15,2347
2019-07-07 17:20,2335
2019-07-07 17:25,2316
2019-07-07 17:30,2325
2019-07-07 17:35,2353
2019-07-07 17:40,2374
2019-07-07 17:45,2377
2019-07-07 17:50,2367
2019-07-07 17:55,2336
2019-07-07 18:00,2359
2019-07-07 18:05,2383
2019-07-07 18:10,2382
2019-07-07 18:15,2400
2019-07-07 18:20,2421
2019-07-07 18:25,2457
2019-07-07 18:30,2463
2019-07-07 18:35,2438
2019-07-07 18:40,2443
2019-07-07 18:45,2441
2019-07-07 18:50,2439
2019-07-07 18:55,2407
2019-07-07 19:00,2436
2019-07-07 19:05,2423
2019-07-07 19:10,2425
2019-07-07 19:15,2440
2019-07-07 19:20,2440
2019-07-07 19:25,2431
2019-07-07 19:30,2406
2019-07-07 19:35,2415
2019-07-07 19:40,2437
2019-07-07 19:45,2426
2019-07-07 19:50,2401
2019-07-07 19:55,2416
2019-07-07 20:00,2394
2019-07-07 20:05,2363
2019-07-07 20:10,2323
2019-07-07 20:15,2335
2019-07-07 20:20,2320
2019-07-07 20:25,2321
2019-07-07 20:30,2316
2019-07-07 20:35,2289
2019-07-07 20:40,2266
2019-07-07 20:45,2240
2019-07-07 20:50,2242
2019-07-07 20:55,2202
2019-07-07 21:00,2195
2019-07-07 21:05,2155
2019-07-07 21:10,2136
2019-07-07 21:15,2124
2019-07-07 21:20,2091
2019-07-07 21:25,2072
2019-07-07 21:30,2059
2019-07-07 21:35,2055
2019-07-07 21:40,2050
2019-07-07 21:45,2041
2019-07-07 21:50,2007
2019-07-07 21:55,1992
2019-07-07 22:00,1979
2019-07-07 22:05,1962
2019-07-07 22:10,1947
2019-07-07 22:15,1932
2019-07-07 22:20,1913
2019-07-07 22:25,1884
2019-07-07 22:30,1870
2019-07-07 22:35,1856
2019-07-07 22:40,1853
2019-07-07 22:45,1843
2019-07-07 22:50,1839
2019-07-07 22:55,1811
2019-07-07 23:00,1801
2019-07-07 23:05,1775
2019-07-07 23:10,1764
2019-07-07 23:15,1753
2019-07-07 23:20,1748
2019-07-07 23:25,1726
2019-07-07 23:30,1709
2019-07-07 23:35,1702
2019-07-07 23:40,1683
2019-07-07 23:45,1679
2019-07-07 23:50,1659
2019-07-07 23:55,1664
2019-07-08 00:00,1627
2019-07-08 00:05,1613
2019-07-08 00:10,1598
2019-07-08 00:15,1618
2019-07-08 00:20,1603
2019-07-08 00:25,1596
2019-07-08 00:30,1578
2019-07-08 00:35,1564
2019-07-08 00:40,1556
2019-07-08 00:45,1541
2019-07-08 00:50,1523
2019-07-08 00:55,1523
2019-07-08 01:00,1508
2019-07-08 01:05,1515
2019-07-08 01:10,1492
2019-07-08 01:15,1499
2019-07-08 01:20,1481
2019-07-08 01:25,1475
2019-07-08 01:30,1469
2019-07-08 01:35,1483
2019-07-08 01:40,1489
2019-07-08 01:45,1473
2019-07-08 01:50,1466
2019-07-08 01:55,1461
2019-07-08 02:00,1447
2019-07-08 02:05,1439
2019-07-08 02:10,1441
2019-07-08 02:15,1424
2019-07-08 02:20,1418
2019-07-08 02:25,1405
2019-07-08 02:30,1393
2019-07-08 02:35,1360
2019-07-08 02:40,1351
2019-07-08 02:45,1340
2019-07-08 02:50,1337
2019-07-08 02:55,1328
2019-07-08 03:00,1313
2019-07-08 03:05,1298
2019-07-08 03:10,1292
2019-07-08 03:15,1281
2019-07-08 03:20,1261
2019-07-08 03:25,1259
2019-07-08 03:30,1261
2019-07-08 03:35,1244
2019-07-08 03:40,1236
2019-07-08 03:45,1226
2019-07-08 03:50,1223
2019-07-08 03:55,1206
2019-07-08 04:00,1205
2019-07-08 04:05,1196
2019-07-08 04:10,1183
2019-07-08 04:15,1176
2019-07-08 04:20,1153
2019-07-08 04:25,1153
2019-07-08 04:30,1135
2019-07-08 04:35,1122
2019-07-08 04:40,1104
2019-07-08 04:45,1098
2019-07-08 04:50,1075
2019-07-08 04:55,1076
2019-07-08 05:00,1069
2019-07-08 05:05,1051
2019-07-08 05:10,1051
2019-07-08 05:15,1033
2019-07-08 05:20,1042
2019-07-08 05:25,1039
2019-07-08 05:30,1035
2019-07-08 05:35,1022
2019-07-08 05:40,1026
2019-07-08 05:45,1040
2019-07-08 05:50,1018
2019-07-08 05:55,1015
2019-07-08 06:00,1011
2019-07-08 06:05,1021
2019-07-08 06:10,1018
2019-07-08 06:15,1019
2019-07-08 06:20,1001
2019-07-08 06:25,983
2019-07-08 06:30,983
2019-07-08 06:35,986
2019-07-08 06:40,997
2019-07-08 06:45,985
2019-07-08 06:50,987
2019-07-08 06:55,987
2019-07-08 07:00,983
2019-07-08 07:05,994
2019-07-08 07:10,989
2019-07-08 07:15,997
2019-07-08 07:20,990
2019-07-08 07:25,982
2019-07-08 07:30,987
2019-07-08 07:35,987
2019-07-08 07:40,
2019-07-08 07:45,1007
2019-07-08 07:50,1002
2019-07-08 07:55,1005
2019-07-08 08:00,1014
2019-07-08 08:05,1026
2019-07-08 08:10,1030
2019-07-08 08:15,1038
2019-07-08 08:20,1032
2019-07-08 08:25,1041
2019-07-08 08:30,1048
2019-07-08 08:35,1047
2019-07-08 08:40,1065
2019-07-08 08:45,1074
2019-07-08 08:50,1084
2019-07-08 08:55,1075
2019-07-08 09:00,1072
2019-07-08 09:05,1076
2019-07-08 09:10,1083
2019-07-08 09:15,1099
2019-07-08 09:20,1115
2019-07-08 09:25,1118
2019-07-08 09:30,1118
2019-07-08 09:35,1141
2019-07-08 09:40,1161
2019-07-08 09:45,1175
2019-07-08 09:50,1178
2019-07-08 09:55,1177
2019-07-08 10:00,1207
2019-07-08 10:05,1236
2019-07-08 10:10,1281
2019-07-08 10:15,1310
2019-07-08 10:20,1302
2019-07-08 10:25,1319
2019-07-08 10:30,1326
2019-07-08 10:35,1324
2019-07-08 10:40,1319
2019-07-08 10:45,1318
2019-07-08 10:50,1306
2019-07-08 10:55,1338
2019-07-08 11:00,1349
2019-07-08 11:05,1360
2019-07-08 11:10,1365
2019-07-08 11:15,1374
2019-07-08 11:20,1375
2019-07-08 11:25,1372
2019-07-08 11:30,1380
2019-07-08 11:35,1393
2019-07-08 11:40,1395
2019-07-08 11:45,1394
2019-07-08 11:50,1405
2019-07-08 11:55,1410
2019-07-08 12:00,1403
2019-07-08 12:05,1408
2019-07-08 12:10,1407
2019-07-08 12:15,1423
2019-07-08 12:20,1432
2019-07-08 12:25,1426
2019-07-08 12:30,1443
2019-07-08 12:35,1451
2019-07-08 12:40,1476
2019-07-08 12:45,1516
2019-07-08 12:50,1525
2019-07-08 12:55,1522
2019-07-08 13:00,1517
2019-07-08 13:05,1533
2019-07-08 13:10,1535
2019-07-08 13:15,1559
2019-07-08 13:20,1555
2019-07-08 13:25,1579
2019-07-08 13:30,1602
2019-07-08 13:35,1607
2019-07-08 13:40,1602
2019-07-08 13:45,1610
2019-07-08 13:50,1603
2019-07-08 13:55,1609
2019-07-08 14:00,1645
2019-07-08 14:05,1643
2019-07-08 14:10,1655
2019-07-08 14:15,1649
2019-07-08 14:20,1647
2019-07-08 14:25,1644
2019-07-08 14:30,1640
2019-07-08 14:35,1653
2019-07-08 14:40,1673
2019-07-08 14:45,1696
2019-07-08 14:50,1701
2019-07-08 14:55,1727
2019-07-08 15:00,1750
2019-07-08 15:05,1778
2019-07-08 15:10,1786
2019-07-08 15:15,1821
2019-07-08 15:20,1834
2019-07-08 15:25,1845
2019-07-08 15:30,1871
2019-07-08 15:35,1876
2019-07-08 15:40,1895
2019-07-08 15:45,1928
2019-07-08 15:50,1933
2019-07-08 15:55,1925
2019-07-08 16:00,1925
2019-07-08 16:05,1940
2019-07-08 16:10,1957
2019-07-08 16:15,1965
2019-07-08 16:20,1973
2019-07-08 16:25,1978
2019-07-08 16:30,1986
2019-07-08 16:35,1968
2019-07-08 16:40,1964
2019-07-08 16:45,1986
2019-07-08 16:50,1981
2019-07-08 16:55,2001
2019-07-08 17:00,1999
2019-07-08 17:05,2003
2019-07-08 17:10,2004
2019-07-08 17:15,2007
2019-07-08 17:20,2019
2019-07-08 17:25,2031
2019-07-08 17:30,2041
2019-07-08 17:35,2056
2019-07-08 17:40,2052
2019-07-08 17:45,2044
2019-07-08 17:50,2053
2019-07-08 17:55,2050
2019-07-08 18:00,2043
2019-07-08 18:05,2036
2019-07-08 18:10,2054
2019-07-08 18:15,2052
2019-07-08 18:20,2065
2019-07-08 18:25,2086
2019-07-08 18:30,2092
2019-07-08 18:35,2090
2019-07-08 18:40,2093
2019-07-08 18:45,2100
2019-07-08 18:50,2116
2019-07-08 18:55,2103
2019-07-08 19:00,2115
2019-07-08 19:05,2096
2019-07-08 19:10,2105
2019-07-08 19:15,2122
2019-07-08 19:20,2125
2019-07-08 19:25,2119
2019-07-08 19:30,2119
2019-07-08 19:35,2124
2019-07-08 19:40,2124
2019-07-08 19:45,2114
2019-07-08 19:50,2090
2019-07-08 19:55,2074
2019-07-08 20:00,2067
2019-07-08 20:05,2054
2019-07-08 20:10,2043
2019-07-08 20:15,2055
2019-07-08 20:20,2044
2019-07-08 20:25,2051
2019-07-08 20:30,2016
2019-07-08 20:35,2016
2019-07-08 20:40,2027
2019-07-08 20:45,1990
2019-07-08 20:50,1984
2019-07-08 20:55,1964
2019-07-08 21:00,1949
2019-07-08 21:05,1936
2019-07-08 21:10,1914
2019-07-08 21:15,1865
2019-07-08 21:20,1860
2019-07-08 21:25,1845
2019-07-08 21:30,1869
2019-07-08 21:35,1829
2019-07-08 21:40,1834
2019-07-08 21:45,1817
2019-07-08 21:50,1787
2019-07-08 21:55,1771
2019-07-08 22:00,1765
2019-07-08 22:05,1775
2019-07-08 22:10,1755
2019-07-08 22:15,1725
2019-07-08 22:20,1698
2019-07-08 22:25,1693
2019-07-08 22:30,1673
2019-07-08 22:35,1661
2019-07-08 22:40,1626
2019-07-08 22:45,1607
2019-07-08 22:50,1588
2019-07-08 22:55,1579
2019-07-08 23:00,1585
2019-07-08 23:05,1580
2019-07-08 23:10,1560
2019-07-08 23:15,1542
2019-07-08 23:20,1512
2019-07-08 23:25,1488
2019-07-08 23:30,1474
2019-07-08 23:35,1466
2019-07-08 23:40,1470
2019-07-08 23:45,1475
2019-07-08 23:50,1449
2019-07-08 23:55,1459
2019-07-09 00:00,1452
2019-07-09 00:05,1429
2019-07-09 00:10,1432
2019-07-09 00:15,1414
2019-07-09 00:20,1412
2019-07-09 00:25,1391
2019-07-09 00:30,1394
2019-07-09 00:35,1384
2019-07-09 00:40,1404
2019-07-09 00:45,1399
2019-07-09 00:50,1395
2019-07-09 00:55,1390
2019-07-09 01:00,1392
2019-07-09 01:05,1377
2019-07-09 01:10,1376
2019-07-09 01:15,1386
2019-07-09 01:20,1375
2019-07-09 01:25,1374
2019-07-09 01:30,1394
2019-07-09 01:35,1379
2019-07-09 01:40,1389
2019-07-09 01:45,1375
2019-07-09 01:50,1346
2019-07-09 01:55,1344
2019-07-09 02:00,1338
2019-07-09 02:05,1330
2019-07-09 02:10,1326
2019-07-09 02:15,1326
2019-07-09 02:20,1327
2019-07-09 02:25,1330
2019-07-09 02:30,1316
2019-07-09 02:35,1307
2019-07-09 02:40,1302
2019-07-09 02:45,1276
2019-07-09 02:50,1275
2019-07-09 02:55,1258
2019-07-09 03:00,1262
2019-07-09 03:05,1256
2019-07-09 03:10,1244
2019-07-09 03:15,1228
2019-07-09 03:20,1221
2019-07-09 03:25,1223
2019-07-09 03:30,1223
2019-07-09 03:35,1212
2019-07-09 03:40,1198
2019-07-09 03:45,1173
2019-07-09 03:50,1166
2019-07-09 03:55,1162
2019-07-09 04:00,1142
2019-07-09 04:05,1131
2019-07-09 04:10,1134
2019-07-09 04:15,1124
2019-07-09 04:20,1121
2019-07-09 04:25,1103
2019-07-09 04:30,1098
2019-07-09 04:35,1084
2019-07-09 04:40,1081
2019-07-09 04:45,1066
2019-07-09 04:50,1064
2019-07-09 04:55,1040
2019-07-09 05:00,1025
2019-07-09 05:05,1015
2019-07-09 05:10,1010
2019-07-09 05:15,985
2019-07-09 05:20,988
2019-07-09 05:25,972
2019-07-09 05:30,971
2019-07-09 05:35,975
2019-07-09 05:40,957
2019-07-09 05:45,958
2019-07-09 05:50,955
2019-07-09 05:55,953
2019-07-09 06:00,952
2019-07-09 06:05,960
2019-07-09 06:10,949
2019-07-09 06:15,934
2019-07-09 06:20,928
2019-07-09 06:25,907
2019-07-09 06:30,916
2019-07-09 06:35,932
2019-07-09 06:40,939
2019-07-09 06:45,939
2019-07-09 06:50,955
2019-07-09 06:55,970
2019-07-09 07:00,985
2019-07-09 07:05,974
2019-07-09 07:10,978
2019-07-09 07:15,969
2019-07-09 07:20,974
2019-07-09 07:25,984
2019-07-09 07:30,991
2019-07-09 07:35,977
2019-07-09 07:40,983
2019-07-09 07:45,1001
2019-07-09 07:50,1004
2019-07-09 07:55,1020
2019-07-09 08:00,1017
2019-07-09 08:05,1011
2019-07-09 08:10,1031
2019-07-09 08:15,1037
2019-07-09 08:20,1026
2019-07-09 08:25,1012
2019-07-09 08:30,1022
2019-07-09 08:35,1029
2019-07-09 08:40,1018
2019-07-09 08:45,1021
2019-07-09 08:50,1044
2019-07-09 08:55,1050
2019-07-09 09:00,1070
2019-07-09 09:05,1071
2019-07-09 09:10,1053
2019-07-09 09:15,1050
2019-07-09 09:20,1061
2019-07-09 09:25,1085
2019-07-09 09:30,1096
2019-07-09 09:35,1111
2019-07-09 09:40,1110
2019-07-09 09:45,1122
2019-07-09 09:50,1146
2019-07-09 09:55,1156
2019-07-09 10:00,1174
2019-07-09 10:05,1203
2019-07-09 10:10,1211
2019-07-09 10:15,1211
2019-07-09 10:20,1223
2019-07-09 10:25,1243
2019-07-09 10:30,1236
2019-07-09 10:35,1273
2019-07-09 10:40,1292
2019-07-09 10:45,1289
2019-07-09 10:50,1291
2019-07-09 10:55,1295
2019-07-09 11:00,1304
2019-07-09 11:05,1320
2019-07-09 11:10,1328
2019-07-09 11:15,1321
2019-07-09 11:20,1317
2019-07-09 11:25,1334
2019-07-09 11:30,1337
2019-07-09 11:35,1356
2019-07-09 11:40,1361
2019-07-09 11:45,1365
2019-07-09 11:50,1358
2019-07-09 11:55,1363
2019-07-09 12:00,1367
2019-07-09 12:05,1375
2019-07-09 12:10,1388
2019-07-09 12:15,1391
2019-07-09 12:20,1397
2019-07-09 12:25,1402
2019-07-09 12:30,1406
2019-07-09 12:35,1408
2019-07-09 12:40,1415
2019-07-09 12:45,1443
2019-07-09 12:50,1441
2019-07-09 12:55,1429
2019-07-09 13:00,1437
2019-07-09 13:05,1459
2019-07-09 13:10,1481
2019-07-09 13:15,1509
2019-07-09 13:20,1529
2019-07-09 13:25,1550
2019-07-09 13:30,1556
2019-07-09 13:35,1539
2019-07-09 13:40,1549
2019-07-09 13:45,1547
2019-07-09 13:50,1536
2019-07-09 13:55,1532
2019-07-09 14:00,1525
2019-07-09 14:05,1524
2019-07-09 14:10,1546
2019-07-09 14:15,1564
2019-07-09 14:20,1560
2019-07-09 14:25,1550
2019-07-09 14:30,1542
2019-07-09 14:35,1557
2019-07-09 14:40,1565
2019-07-09 14:45,1586
2019-07-09 14:50,1595
2019-07-09 14:55,1601
2019-07-09 15:00,1624
2019-07-09 15:05,1612
2019-07-09 15:10,1611
2019-07-09 15:15,1639
2019-07-09 15:20,1668
2019-07-09 15:25,1661
2019-07-09 15:30,1676
2019-07-09 15:35,1685
2019-07-09 15:40,1706
2019-07-09 15:45,1704
2019-07-09 15:50,1715
2019-07-09 15:55,1730
2019-07-09 16:00,1728
2019-07-09 16:05,
2019-07-09 16:10,1744
2019-07-09 16:15,1754
2019-07-09 16:20,1780
2019-07-09 16:25,1790
2019-07-09 16:30,1819
2019-07-09 16:35,1810
2019-07-09 16:40,1831
2019-07-09 16:45,1834
2019-07-09 16:50,1842
2019-07-09 16:55,1848
2019-07-09 17:00,1888
2019-07-09 17:05,1898
2019-07-09 17:10,1903
2019-07-09 17:15,1920
2019-07-09 17:20,1942
2019-07-09 17:25,1950
2019-07-09 17:30,1945
2019-07-09 17:35,1959
2019-07-09 17:40,1976
2019-07-09 17:45,2000
2019-07-09 17:50,1987
2019-07-09 17:55,2002
2019-07-09 18:00,2009
2019-07-09 18:05,2014
2019-07-09 18:10,2015
2019-07-09 18:15,2022
2019-07-09 18:20,2014
2019-07-09 18:25,1977
2019-07-09 18:30,1982
2019-07-09 18:35,1999
2019-07-09 18:40,2005
2019-07-09 18:45,2011
2019-07-09 18:50,2022
2019-07-09 18:55,2031
2019-07-09 19:00,2033
2019-07-09 19:05,2062
2019-07-09 19:10,2064
2019-07-09 19:15,2065
2019-07-09 19:20,2063
2019-07-09 19:25,2068
2019-07-09 19:30,2049
2019-07-09 19:35,2027
2019-07-09 19:40,2029
2019-07-09 19:45,2039
2019-07-09 19:50,2033
2019-07-09 19:55,2029
2019-07-09 20:00,2022
2019-07-09 20:05,1990
2019-07-09 20:10,1997
2019-07-09 20:15,1961
2019-07-09 20:20,1974
2019-07-09 20:25,1961
2019-07-09 20:30,1948
2019-07-09 20:35,1945
2019-07-09 20:40,1917
2019-07-09 20:45,1906
2019-07-09 20:50,1899
2019-07-09 20:55,1891
2019-07-09 21:00,1890
2019-07-09 21:05,1882
2019-07-09 21:10,1866
2019-07-09 21:15,1839
2019-07-09 21:20,1835
2019-07-09 21:25,1818
2019-07-09 21:30,1807
2019-07-09 21:35,1776
2019-07-09 21:40,1760
2019-07-09 21:45,1742
2019-07-09 21:50,1722
2019-07-09 21:55,1703
2019-07-09 22:00,1689
2019-07-09 22:05,1676
2019-07-09 22:10,1676
2019-07-09 22:15,1659
2019-07-09 22:20,1652
2019-07-09 22:25,1630
2019-07-09 22:30,1619
2019-07-09 22:35,1607
2019-07-09 22:40,
2019-07-09 22:45,
2019-07-09 22:50,
2019-07-09 22:55,1440
2019-07-09 23:00,1516
2019-07-09 23:05,1507
2019-07-09 23:10,1506
2019-07-09 23:15,1496
2019-07-09 23:20,1464
2019-07-09 23:25,1459
2019-07-09 23:30,1459
2019-07-09 23:35,1460
2019-07-09 23:40,1454
2019-07-09 23:45,1462
2019-07-09 23:50,1464
2019-07-09 23:55,1453
2019-07-10 00:00,1429
2019-07-10 00:05,1415
2019-07-10 00:10,1407
2019-07-10 00:15,1399
2019-07-10 00:20,1395
2019-07-10 00:25,1390
2019-07-10 00:30,1397
2019-07-10 00:35,1393
2019-07-10 00:40,1386
2019-07-10 00:45,1379
2019-07-10 00:50,1373
2019-07-10 00:55,1381
2019-07-10 01:00,1397
2019-07-10 01:05,1387
2019-07-10 01:10,1374
2019-07-10 01:15,1363
2019-07-10 01:20,1370
2019-07-10 01:25,1355
2019-07-10 01:30,1353
2019-07-10 01:35,1342
2019-07-10 01:40,1353
2019-07-10 01:45,1359
2019-07-10 01:50,1356
2019-07-10 01:55,1357
2019-07-10 02:00,1353
2019-07-10 02:05,1335
2019-07-10 02:10,1336
2019-07-10 02:15,1318
2019-07-10 02:20,1297
2019-07-10 02:25,1297
2019-07-10 02:30,1293
2019-07-10 02:35,1283
2019-07-10 02:40,1279
2019-07-10 02:45,1262
2019-07-10 02:50,1259
2019-07-10 02:55,1249
2019-07-10 03:00,1241
2019-07-10 03:05,1215
2019-07-10 03:10,1199
2019-07-10 03:15,1190
2019-07-10 03:20,1175
2019-07-10 03:25,1152
2019-07-10 03:30,1134
2019-07-10 03:35,1144
2019-07-10 03:40,1135
2019-07-10 03:45,1107
2019-07-10 03:50,1114
2019-07-10 03:55,1116
2019-07-10 04:00,1113
2019-07-10 04:05,1104
2019-07-10 04:10,1109
2019-07-10 04:15,1093
2019-07-10 04:20,1094
2019-07-10 04:25,1080
2019-07-10 04:30,1092
2019-07-10 04:35,1083
2019-07-10 04:40,1069
2019-07-10 04:45,1066
2019-07-10 04:50,1061
2019-07-10 04:55,1067
2019-07-10 05:00,1063
2019-07-10 05:05,1047
2019-07-10 05:10,1030
2019-07-10 05:15,1016
2019-07-10 05:20,1012
2019-07-10 05:25,1013
2019-07-10 05:30,1000
2019-07-10 05:35,1003
2019-07-10 05:40,1000
2019-07-10 05:45,1012
2019-07-10 05:50,1006
2019-07-10 05:55,998
2019-07-10 06:00,979
2019-07-10 06:05,983
2019-07-10 06:10,985
2019-07-10 06:15,989
2019-07-10 06:20,973
2019-07-10 06:25,974
2019-07-10 06:30,963
2019-07-10 06:35,965
2019-07-10 06:40,949
2019-07-10 06:45,946
2019-07-10 06:50,947
2019-07-10 06:55,952
2019-07-10 07:00,945
2019-07-10 07:05,951
2019-07-10 07:10,961
2019-07-10 07:15,952
2019-07-10 07:20,958
2019-07-10 07:25,956
2019-07-10 07:30,955
2019-07-10 07:35,971
2019-07-10 07:40,968
2019-07-10 07:45,969
2019-07-10 07:50,981
2019-07-10 07:55,975
2019-07-10 08:00,995
2019-07-10 08:05,1007
2019-07-10 08:10,1009
2019-07-10 08:15,1008
2019-07-10 08:20,1007
2019-07-10 08:25,1002
2019-07-10 08:30,998
2019-07-10 08:35,1025
2019-07-10 08:40,1037
2019-07-10 08:45,1043
2019-07-10 08:50,1057
2019-07-10 08:55,1058
2019-07-10 09:00,1076
2019-07-10 09:05,1073
2019-07-10 09:10,1080
2019-07-10 09:15,1086
2019-07-10 09:20,1082
2019-07-10 09:25,1101
2019-07-10 09:30,1111
2019-07-10 09:35,1120
2019-07-10 09:40,1131
2019-07-10 09:45,1127
2019-07-10 09:50,1136
2019-07-10 09:55,1147
2019-07-10 10:00,1154
2019-07-10 10:05,1171
2019-07-10 10:10,1193
2019-07-10 10:15,1209
2019-07-10 10:20,1207
2019-07-10 10:25,1202
2019-07-10 10:30,1196
2019-07-10 10:35,1206
2019-07-10 10:40,1227
2019-07-10 10:45,1259
2019-07-10 10:50,1253
2019-07-10 10:55,1247
2019-07-10 11:00,1252
2019-07-10 11:05,1245
2019-07-10 11:10,1259
2019-07-10 11:15,1270
2019-07-10 11:20,1286
2019-07-10 11:25,1294
2019-07-10 11:30,1305
2019-07-10 11:35,1313
2019-07-10 11:40,1336
2019-07-10 11:45,1349
2019-07-10 11:50,1365
2019-07-10 11:55,1370
2019-07-10 12:00,1352
2019-07-10 12:05,1352
2019-07-10 12:10,1366
2019-07-10 12:15,1377
2019-07-10 12:20,1376
2019-07-10 12:25,1402
2019-07-10 12:30,1406
2019-07-10 12:35,1410
2019-07-10 12:40,1405
2019-07-10 12:45,1435
2019-07-10 12:50,1443
2019-07-10 12:55,1459
2019-07-10 13:00,1480
2019-07-10 13:05,1479
2019-07-10 13:10,1502
2019-07-10 13:15,1508
2019-07-10 13:20,1501
2019-07-10 13:25,1499
2019-07-10 13:30,1497
2019-07-10 13:35,1491
2019-07-10 13:40,1495
2019-07-10 13:45,1527
2019-07-10 13:50,1560
2019-07-10 13:55,1561
2019-07-10 14:00,1572
2019-07-10 14:05,1573
2019-07-10 14:10,1567
2019-07-10 14:15,1556
2019-07-10 14:20,1563
2019-07-10 14:25,1581
2019-07-10 14:30,1582
2019-07-10 14:35,1583
2019-07-10 14:40,1584
2019-07-10 14:45,1611
2019-07-10 14:50,1603
2019-07-10 14:55,1625
2019-07-10 15:00,1645
2019-07-10 15:05,1676
2019-07-10 15:10,1681
2019-07-10 15:15,1687
2019-07-10 15:20,1708
2019-07-10 15:25,1707
2019-07-10 15:30,1710
2019-07-10 15:35,1743
2019-07-10 15:40,1758
2019-07-10 15:45,1758
2019-07-10 15:50,1763
2019-07-10 15:55,1785
2019-07-10 16:00,1789
2019-07-10 16:05,1800
2019-07-10 16:10,1826
2019-07-10 16:15,1827
2019-07-10 16:20,1866
2019-07-10 16:25,1882
2019-07-10 16:30,1908
2019-07-10 16:35,1907
2019-07-10 16:40,1927
2019-07-10 16:45,1927
2019-07-10 16:50,1916
2019-07-10 16:55,1936
2019-07-10 17:00,1949
2019-07-10 17:05,1965
2019-07-10 17:10,1953
2019-07-10 17:15,1977
2019-07-10 17:20,1991
2019-07-10 17:25,1982
2019-07-10 17:30,1985
2019-07-10 17:35,2018
2019-07-10 17:40,2018
2019-07-10 17:45,
2019-07-10 17:50,2024
2019-07-10 17:55,2051
2019-07-10 18:00,2043
2019-07-10 18:05,2038
2019-07-10 18:10,2045
2019-07-10 18:15,2019
2019-07-10 18:20,2026
2019-07-10 18:25,2045
2019-07-10 18:30,2060
2019-07-10 18:35,2070
2019-07-10 18:40,2081
2019-07-10 18:45,2089
2019-07-10 18:50,2094
2019-07-10 18:55,2137
2019-07-10 19:00,2109
2019-07-10 19:05,2091
2019-07-10 19:10,2092
2019-07-10 19:15,2087
2019-07-10 19:20,2095
2019-07-10 19:25,2105
2019-07-10 19:30,2107
2019-07-10 19:35,2104
2019-07-10 19:40,2103
2019-07-10 19:45,2100
2019-07-10 19:50,2107
2019-07-10 19:55,2109
2019-07-10 20:00,2103
2019-07-10 20:05,2078
2019-07-10 20:10,2064
2019-07-10 20:15,2025
2019-07-10 20:20,2032
2019-07-10 20:25,2016
2019-07-10 20:30,2015
2019-07-10 20:35,2016
2019-07-10 20:40,2002
2019-07-10 20:45,1991
2019-07-10 20:50,1968
2019-07-10 20:55,1927
2019-07-10 21:00,1921
2019-07-10 21:05,1902
2019-07-10 21:10,1876
2019-07-10 21:15,1855
2019-07-10 21:20,1863
2019-07-10 21:25,1852
2019-07-10 21:30,1826
2019-07-10 21:35,1812
2019-07-10 21:40,1793
2019-07-10 21:45,1767
2019-07-10 21:50,1755
2019-07-10 21:55,1738
2019-07-10 22:00,1708
2019-07-10 22:05,1700
2019-07-10 22:10,1658
2019-07-10 22:15,1623
2019-07-10 22:20,1610
2019-07-10 22:25,1618
2019-07-10 22:30,1611
2019-07-10 22:35,1597
2019-07-10 22:40,1575
2019-07-10 22:45,1555
2019-07-10 22:50,1554
2019-07-10 22:55,1552
2019-07-10 23:00,1513
2019-07-10 23:05,1503
2019-07-10 23:10,1493
2019-07-10 23:15,1491
2019-07-10 23:20,1492
2019-07-10 23:25,1506
2019-07-10 23:30,1510
2019-07-10 23:35,1509
2019-07-10 23:40,1484
2019-07-10 23:45,1465
2019-07-10 23:50,1464
2019-07-10 23:55,1452
2019-07-11 00:00,1435
2019-07-11 00:05,1435
2019-07-11 00:10,1413
2019-07-11 00:15,1413
2019-07-11 00:20,1392
2019-07-11 00:25,1387
2019-07-11 00:30,1396
2019-07-11 00:35,1402
2019-07-11 00:40,1406
2019-07-11 00:45,1389
2019-07-11 00:50,1397
2019-07-11 00:55,1395
2019-07-11 01:00,1386
2019-07-11 01:05,1377
2019-07-11 01:10,1366
2019-07-11 01:15,1371
2019-07-11 01:20,1350
2019-07-11 01:25,1357
2019-07-11 01:30,1352
2019-07-11 01:35,1333
2019-07-11 01:40,1308
2019-07-11 01:45,1294
2019-07-11 01:50,1283
2019-07-11 01:55,1284
2019-07-11 02:00,1280
2019-07-11 02:05,1273
2019-07-11 02:10,1254
2019-07-11 02:15,1269
2019-07-11 02:20,1271
2019-07-11 02:25,1263
2019-07-11 02:30,1259
2019-07-11 02:35,1255
2019-07-11 02:40,1259
2019-07-11 02:45,1262
2019-07-11 02:50,1242
2019-07-11 02:55,1219
2019-07-11 03:00,1190
2019-07-11 03:05,1185
2019-07-11 03:10,1152
2019-07-11 03:15,1133
2019-07-11 03:20,1132
2019-07-11 03:25,1129
2019-07-11 03:30,1123
2019-07-11 03:35,1126
2019-07-11 03:40,1117
2019-07-11 03:45,1128
2019-07-11 03:50,1110
2019-07-11 03:55,1099
2019-07-11 04:00,1108
2019-07-11 04:05,1090
2019-07-11 04:10,1065
2019-07-11 04:15,1066
2019-07-11 04:20,1060
2019-07-11 04:25,1069
2019-07-11 04:30,1043
2019-07-11 04:35,1035
2019-07-11 04:40,1019
2019-07-11 04:45,1022
2019-07-11 04:50,1013
2019-07-11 04:55,996
2019-07-11 05:00,995
2019-07-11 05:05,985
2019-07-11 05:10,983
2019-07-11 05:15,965
2019-07-11 05:20,978
2019-07-11 05:25,969
2019-07-11 05:30,968
2019-07-11 05:35,963
2019-07-11 05:40,965
2019-07-11 05:45,962
2019-07-11 05:50,949
2019-07-11 05:55,941
2019-07-11 06:00,930
2019-07-11 06:05,934
2019-07-11 06:10,937
2019-07-11 06:15,947
2019-07-11 06:20,934
2019-07-11 06:25,938
2019-07-11 06:30,948
2019-07-11 06:35,948
2019-07-11 06:40,956
2019-07-11 06:45,952
2019-07-11 06:50,950
2019-07-11 06:55,948
2019-07-11 07:00,957
2019-07-11 07:05,945
2019-07-11 07:10,940
2019-07-11 07:15,942
2019-07-11 07:20,938
2019-07-11 07:25,940
2019-07-11 07:30,936
2019-07-11 07:35,936
2019-07-11 07:40,959
2019-07-11 07:45,962
2019-07-11 07:50,969
2019-07-11 07:55,965
2019-07-11 08:00,964
2019-07-11 08:05,962
2019-07-11 08:10,986
2019-07-11 08:15,991
2019-07-11 08:20,992
2019-07-11 08:25,1005
2019-07-11 08:30,1031
2019-07-11 08:35,1043
2019-07-11 08:40,1053
2019-07-11 08:45,1063
2019-07-11 08:50,1072
2019-07-11 08:55,1084
2019-07-11 09:00,1070
2019-07-11 09:05,1069
2019-07-11 09:10,1077
2019-07-11 09:15,1096
2019-07-11 09:20,1085
2019-07-11 09:25,1100
2019-07-11 09:30,1106
2019-07-11 09:35,1121
2019-07-11 09:40,1125
2019-07-11 09:45,1144
2019-07-11 09:50,1150
2019-07-11 09:55,1163
2019-07-11 10:00,1176
2019-07-11 10:05,1202
2019-07-11 10:10,1213
2019-07-11 10:15,1231
2019-07-11 10:20,1220
2019-07-11 10:25,1241
2019-07-11 10:30,1260
2019-07-11 10:35,1292
2019-07-11 10:40,1298
2019-07-11 10:45,1300
2019-07-11 10:50,1312
2019-07-11 10:55,1322
2019-07-11 11:00,1335
2019-07-11 11:05,1324
2019-07-11 11:10,1342
2019-07-11 11:15,1340
2019-07-11 11:20,1348
2019-07-11 11:25,1364
2019-07-11 11:30,1377
2019-07-11 11:35,1368
2019-07-11 11:40,1372
2019-07-11 11:45,1358
2019-07-11 11:50,1375
2019-07-11 11:55,1374
2019-07-11 12:00,1394
2019-07-11 12:05,1396
2019-07-11 12:10,1408
2019-07-11 12:15,1422
2019-07-11 12:20,1424
2019-07-11 12:25,1417
2019-07-11 12:30,1424
2019-07-11 12:35,1424
2019-07-11 12:40,1422
2019-07-11 12:45,1430
2019-07-11 12:50,1442
2019-07-11 12:55,1457
2019-07-11 13:00,1448
2019-07-11 13:05,1443
2019-07-11 13:10,1451
2019-07-11 13:15,1463
2019-07-11 13:20,1479
2019-07-11 13:25,1479
2019-07-11 13:30,1465
2019-07-11 13:35,1405
2019-07-11 13:40,1406
2019-07-11 13:45,1390
2019-07-11 13:50,1371
2019-07-11 13:55,1343
2019-07-11 14:00,1278
2019-07-11 14:05,891
2019-07-11 14:10,875
2019-07-11 14:15,850
2019-07-11 14:20,848
2019-07-11 14:25,848
2019-07-11 14:30,854
2019-07-11 14:35,856
2019-07-11 14:40,849
2019-07-11 14:45,848
2019-07-11 14:50,835
2019-07-11 14:55,827
2019-07-11 15:00,833
2019-07-11 15:05,863
2019-07-11 15:10,900
2019-07-11 15:15,992
2019-07-11 15:20,1053
2019-07-11 15:25,1135
2019-07-11 15:30,1208
2019-07-11 15:35,1287
2019-07-11 15:40,1330
2019-07-11 15:45,1381
2019-07-11 15:50,1434
2019-07-11 15:55,1476
2019-07-11 16:00,1506
2019-07-11 16:05,1599
2019-07-11 16:10,1627
2019-07-11 16:15,1666
2019-07-11 16:20,1714
2019-07-11 16:25,1756
2019-07-11 16:30,1790
2019-07-11 16:35,1837
2019-07-11 16:40,1852
2019-07-11 16:45,1874
2019-07-11 16:50,1909
2019-07-11 16:55,1936
2019-07-11 17:00,1953
2019-07-11 17:05,
2019-07-11 17:10,1983
2019-07-11 17:15,1996
2019-07-11 17:20,2018
2019-07-11 17:25,2033
2019-07-11 17:30,2039
2019-07-11 17:35,2039
2019-07-11 17:40,2026
2019-07-11 17:45,2056
2019-07-11 17:50,2072
2019-07-11 17:55,2102
2019-07-11 18:00,2081
2019-07-11 18:05,2101
2019-07-11 18:10,2117
2019-07-11 18:15,2088
2019-07-11 18:20,2093
2019-07-11 18:25,2082
2019-07-11 18:30,2089
2019-07-11 18:35,2078
2019-07-11 18:40,2093
2019-07-11 18:45,2100
2019-07-11 18:50,2103
2019-07-11 18:55,2079
2019-07-11 19:00,2088
2019-07-11 19:05,2083
2019-07-11 19:10,2087
2019-07-11 19:15,2077
2019-07-11 19:20,2080
2019-07-11 19:25,2095
2019-07-11 19:30,2107
2019-07-11 19:35,2100
2019-07-11 19:40,2095
2019-07-11 19:45,2096
2019-07-11 19:50,2066
2019-07-11 19:55,2065
2019-07-11 20:00,2068
2019-07-11 20:05,2071
2019-07-11 20:10,2089
2019-07-11 20:15,2068
2019-07-11 20:20,2060
2019-07-11 20:25,2039
2019-07-11 20:30,2014
2019-07-11 20:35,1998
2019-07-11 20:40,1984
2019-07-11 20:45,1950
2019-07-11 20:50,1954
2019-07-11 20:55,1958
2019-07-11 21:00,1959
2019-07-11 21:05,1902
2019-07-11 21:10,1877
2019-07-11 21:15,1854
2019-07-11 21:20,1818
2019-07-11 21:25,1788
2019-07-11 21:30,1751
2019-07-11 21:35,1717
2019-07-11 21:40,1681
2019-07-11 21:45,1665
2019-07-11 21:50,1647
2019-07-11 21:55,1640
2019-07-11 22:00,1604
2019-07-11 22:05,1585
2019-07-11 22:10,1585
2019-07-11 22:15,1561
2019-07-11 22:20,1538
2019-07-11 22:25,1510
2019-07-11 22:30,1502
2019-07-11 22:35,1497
2019-07-11 22:40,1492
2019-07-11 22:45,1494
2019-07-11 22:50,1493
2019-07-11 22:55,1485
2019-07-11 23:00,1472
2019-07-11 23:05,1479
2019-07-11 23:10,1475
2019-07-11 23:15,1478
2019-07-11 23:20,1493
2019-07-11 23:25,1486
2019-07-11 23:30,1475
2019-07-11 23:35,1459
2019-07-11 23:40,1447
2019-07-11 23:45,1434
2019-07-11 23:50,1424
2019-07-11 23:55,1414
2019-07-12 00:00,1413
2019-07-12 00:05,1359
2019-07-12 00:10,1347
2019-07-12 00:15,1342
2019-07-12 00:20,1345
2019-07-12 00:25,1334
2019-07-12 00:30,1333
2019-07-12 00:35,1341
2019-07-12 00:40,1335
2019-07-12 00:45,1326
2019-07-12 00:50,1336
2019-07-12 00:55,1343
2019-07-12 01:00,1355
2019-07-12 01:05,1359
2019-07-12 01:10,1350
2019-07-12 01:15,1337
2019-07-12 01:20,1329
2019-07-12 01:25,1323
2019-07-12 01:30,1324
2019-07-12 01:35,1312
2019-07-12 01:40,1314
2019-07-12 01:45,1305
2019-07-12 01:50,1311
2019-07-12 01:55,1302
2019-07-12 02:00,1322
2019-07-12 02:05,1315
2019-07-12 02:10,1310
2019-07-12 02:15,1297
2019-07-12 02:20,1280
2019-07-12 02:25,1268
2019-07-12 02:30,1261
2019-07-12 02:35,1256
2019-07-12 02:40,1238
2019-07-12 02:45,1240
2019-07-12 02:50,1244
2019-07-12 02:55,1225
2019-07-12 03:00,1216
2019-07-12 03:05,1185
2019-07-12 03:10,1165
2019-07-12 03:15,1161
2019-07-12 03:20,1151
2019-07-12 03:25,1149
2019-07-12 03:30,1141
2019-07-12 03:35,1126
2019-07-12 03:40,1122
2019-07-12 03:45,1105
2019-07-12 03:50,1099
2019-07-12 03:55,1088
2019-07-12 04:00,1091
2019-07-12 04:05,1068
2019-07-12 04:10,1059
2019-07-12 04:15,1054
2019-07-12 04:20,1041
2019-07-12 04:25,1027
2019-07-12 04:30,1025
2019-07-12 04:35,1027
2019-07-12 04:40,991
2019-07-12 04:45,995
2019-07-12 04:50,975
2019-07-12 04:55,962
2019-07-12 05:00,960
2019-07-12 05:05,956
2019-07-12 05:10,967
2019-07-12 05:15,979
2019-07-12 05:20,969
2019-07-12 05:25,969
2019-07-12 05:30,970
2019-07-12 05:35,951
2019-07-12 05:40,957
2019-07-12 05:45,953
2019-07-12 05:50,968
2019-07-12 05:55,970
2019-07-12 06:00,961
2019-07-12 06:05,950
2019-07-12 06:10,953
2019-07-12 06:15,952
2019-07-12 06:20,949
2019-07-12 06:25,948
2019-07-12 06:30,965
2019-07-12 06:35,958
2019-07-12 06:40,950
2019-07-12 06:45,951
2019-07-12 06:50,961
2019-07-12 06:55,962
2019-07-12 07:00,974
2019-07-12 07:05,978
2019-07-12 07:10,984
2019-07-12 07:15,999
2019-07-12 07:20,1003
2019-07-12 07:25,999
2019-07-12 07:30,1013
2019-07-12 07:35,1015
2019-07-12 07:40,1028
2019-07-12 07:45,1028
2019-07-12 07:50,1036
2019-07-12 07:55,1018
2019-07-12 08:00,1010
2019-07-12 08:05,1004
2019-07-12 08:10,1006
2019-07-12 08:15,1014
2019-07-12 08:20,1019
2019-07-12 08:25,1027
2019-07-12 08:30,1033
2019-07-12 08:35,1049
2019-07-12 08:40,1051
2019-07-12 08:45,1068
2019-07-12 08:50,1072
2019-07-12 08:55,1062
2019-07-12 09:00,1067
2019-07-12 09:05,1066
2019-07-12 09:10,1064
2019-07-12 09:15,1070
2019-07-12 09:20,1084
2019-07-12 09:25,1076
2019-07-12 09:30,1097
2019-07-12 09:35,1089
2019-07-12 09:40,1108
2019-07-12 09:45,1115
2019-07-12 09:50,1124
2019-07-12 09:55,1142
2019-07-12 10:00,1151
2019-07-12 10:05,1190
2019-07-12 10:10,1198
2019-07-12 10:15,1210
2019-07-12 10:20,1219
2019-07-12 10:25,1226
2019-07-12 10:30,1222
2019-07-12 10:35,1236
2019-07-12 10:40,1249
2019-07-12 10:45,1276
2019-07-12 10:50,1293
2019-07-12 10:55,1286
2019-07-12 11:00,1292
2019-07-12 11:05,1312
2019-07-12 11:10,1308
2019-07-12 11:15,1306
2019-07-12 11:20,1318
2019-07-12 11:25,1345
2019-07-12 11:30,1337
2019-07-12 11:35,1340
2019-07-12 11:40,1345
2019-07-12 11:45,1353
2019-07-12 11:50,1380
2019-07-12 11:55,1397
2019-07-12 12:00,1401
2019-07-12 12:05,1396
2019-07-12 12:10,1409
2019-07-12 12:15,1393
2019-07-12 12:20,1406
2019-07-12 12:25,1414
2019-07-12 12:30,1421
2019-07-12 12:35,1428
2019-07-12 12:40,1438
2019-07-12 12:45,1438
2019-07-12 12:50,1444
2019-07-12 12:55,1453
2019-07-12 13:00,1454
2019-07-12 13:05,1469
2019-07-12 13:10,1483
2019-07-12 13:15,1483
2019-07-12 13:20,1504
2019-07-12 13:25,1512
2019-07-12 13:30,1498
2019-07-12 13:35,1498
2019-07-12 13:40,1504
2019-07-12 13:45,1507
2019-07-12 13:50,1522
2019-07-12 13:55,1530
2019-07-12 14:00,1554
2019-07-12 14:05,1572
2019-07-12 14:10,1583
2019-07-12 14:15,1578
2019-07-12 14:20,1591
2019-07-12 14:25,1586
2019-07-12 14:30,1591
2019-07-12 14:35,1600
2019-07-12 14:40,1597
2019-07-12 14:45,1627
2019-07-12 14:50,1667
2019-07-12 14:55,1692
2019-07-12 15:00,1674
2019-07-12 15:05,1660
2019-07-12 15:10,1641
2019-07-12 15:15,1644
2019-07-12 15:20,1639
2019-07-12 15:25,1640
2019-07-12 15:30,1659
2019-07-12 15:35,1657
2019-07-12 15:40,1670
2019-07-12 15:45,1677
2019-07-12 15:50,1689
2019-07-12 15:55,1701
2019-07-12 16:00,1710
2019-07-12 16:05,1706
2019-07-12 16:10,1732
2019-07-12 16:15,1739
2019-07-12 16:20,1726
2019-07-12 16:25,1751
2019-07-12 16:30,1755
2019-07-12 16:35,1766
2019-07-12 16:40,1792
2019-07-12 16:45,1806
2019-07-12 16:50,1823
2019-07-12 16:55,1820
2019-07-12 17:00,1845
2019-07-12 17:05,1843
2019-07-12 17:10,1833
2019-07-12 17:15,1839
2019-07-12 17:20,1872
2019-07-12 17:25,1878
2019-07-12 17:30,1906
2019-07-12 17:35,1918
2019-07-12 17:40,1923
2019-07-12 17:45,1930
2019-07-12 17:50,1945
2019-07-12 17:55,1959
2019-07-12 18:00,1948
2019-07-12 18:05,1936
2019-07-12 18:10,1951
2019-07-12 18:15,1944
2019-07-12 18:20,1928
2019-07-12 18:25,1948
2019-07-12 18:30,1946
2019-07-12 18:35,1945
2019-07-12 18:40,1955
2019-07-12 18:45,1954
2019-07-12 18:50,1951
2019-07-12 18:55,1973
2019-07-12 19:00,1991
2019-07-12 19:05,1992
2019-07-12 19:10,2015
2019-07-12 19:15,2014
2019-07-12 19:20,2037
2019-07-12 19:25,2036
2019-07-12 19:30,2021
2019-07-12 19:35,2034
2019-07-12 19:40,2054
2019-07-12 19:45,2057
2019-07-12 19:50,2053
2019-07-12 19:55,2059
2019-07-12 20:00,2035
2019-07-12 20:05,2050
2019-07-12 20:10,2043
2019-07-12 20:15,2055
2019-07-12 20:20,2041
2019-07-12 20:25,2040
2019-07-12 20:30,2048
2019-07-12 20:35,2041
2019-07-12 20:40,2035
2019-07-12 20:45,2018
2019-07-12 20:50,2004
2019-07-12 20:55,1998
2019-07-12 21:00,1988
2019-07-12 21:05,1963
2019-07-12 21:10,1952
2019-07-12 21:15,1916
2019-07-12 21:20,1896
2019-07-12 21:25,1881
2019-07-12 21:30,1857
2019-07-12 21:35,1857
2019-07-12 21:40,1834
2019-07-12 21:45,1823
2019-07-12 21:50,1793
2019-07-12 21:55,1771
2019-07-12 22:00,1771
2019-07-12 22:05,1748
2019-07-12 22:10,1721
2019-07-12 22:15,1716
2019-07-12 22:20,1695
2019-07-12 22:25,1695
2019-07-12 22:30,1702
2019-07-12 22:35,1695
2019-07-12 22:40,1665
2019-07-12 22:45,1660
2019-07-12 22:50,1655
2019-07-12 22:55,1626
2019-07-12 23:00,1608
2019-07-12 23:05,1581
2019-07-12 23:10,1555
2019-07-12 23:15,1544
2019-07-12 23:20,1530
2019-07-12 23:25,1550
2019-07-12 23:30,1532
2019-07-12 23:35,1509
2019-07-12 23:40,1499
2019-07-12 23:45,1496
2019-07-12 23:50,1459
2019-07-12 23:55,1452
2019-07-13 00:00,1446
2019-07-13 00:05,1453
2019-07-13 00:10,1448
2019-07-13 00:15,1441
2019-07-13 00:20,1415
2019-07-13 00:25,1406
2019-07-13 00:30,1418
2019-07-13 00:35,1408
2019-07-13 00:40,1405
2019-07-13 00:45,1384
2019-07-13 00:50,1378
2019-07-13 00:55,1372
2019-07-13 01:00,1350
2019-07-13 01:05,1341
2019-07-13 01:10,1328
2019-07-13 01:15,1309
2019-07-13 01:20,1306
2019-07-13 01:25,1299
2019-07-13 01:30,1289
2019-07-13 01:35,1276
2019-07-13 01:40,1263
2019-07-13 01:45,1244
2019-07-13 01:50,1221
2019-07-13 01:55,1172
2019-07-13 02:00,1095
2019-07-13 02:05,818
2019-07-13 02:10,891
2019-07-13 02:15,941
2019-07-13 02:20,1007
2019-07-13 02:25,1049
2019-07-13 02:30,1076
2019-07-13 02:35,1094
2019-07-13 02:40,1120
2019-07-13 02:45,1136
2019-07-13 02:50,1156
2019-07-13 02:55,1170
2019-07-13 03:00,1173
2019-07-13 03:05,1186
2019-07-13 03:10,1197
2019-07-13 03:15,1190
2019-07-13 03:20,1205
2019-07-13 03:25,1195
2019-07-13 03:30,1194
2019-07-13 03:35,1202
2019-07-13 03:40,1197
2019-07-13 03:45,1191
2019-07-13 03:50,1182
2019-07-13 03:55,1187
2019-07-13 04:00,1192
2019-07-13 04:05,1190
2019-07-13 04:10,1183
2019-07-13 04:15,1180
2019-07-13 04:20,1174
2019-07-13 04:25,1154
2019-07-13 04:30,1146
2019-07-13 04:35,1135
2019-07-13 04:40,1128
2019-07-13 04:45,1146
2019-07-13 04:50,1137
2019-07-13 04:55,1135
2019-07-13 05:00,1143
2019-07-13 05:05,1125
2019-07-13 05:10,1126
2019-07-13 05:15,1115
2019-07-13 05:20,1115
2019-07-13 05:25,1115
2019-07-13 05:30,1102
2019-07-13 05:35,1122
2019-07-13 05:40,1119
2019-07-13 05:45,1111
2019-07-13 05:50,1097
2019-07-13 05:55,1098
2019-07-13 06:00,1094
2019-07-13 06:05,1102
2019-07-13 06:10,1103
2019-07-13 06:15,1088
2019-07-13 06:20,1091
2019-07-13 06:25,1093
2019-07-13 06:30,1096
2019-07-13 06:35,1104
2019-07-13 06:40,1105
2019-07-13 06:45,1109
2019-07-13 06:50,1123
2019-07-13 06:55,1132
2019-07-13 07:00,1137
2019-07-13 07:05,1150
2019-07-13 07:10,1161
2019-07-13 07:15,1164
2019-07-13 07:20,1167
2019-07-13 07:25,1178
2019-07-13 07:30,1162
2019-07-13 07:35,1169
2019-07-13 07:40,1173
2019-07-13 07:45,1193
2019-07-13 07:50,1196
2019-07-13 07:55,1199
2019-07-13 08:00,1193
2019-07-13 08:05,1187
2019-07-13 08:10,1184
2019-07-13 08:15,1200
2019-07-13 08:20,1213
2019-07-13 08:25,1227
2019-07-13 08:30,1244
2019-07-13 08:35,1260
2019-07-13 08:40,1254
2019-07-13 08:45,1265
2019-07-13 08:50,1263
2019-07-13 08:55,1277
2019-07-13 09:00,1283
2019-07-13 09:05,1294
2019-07-13 09:10,1309
2019-07-13 09:15,1333
2019-07-13 09:20,1327
2019-07-13 09:25,1322
2019-07-13 09:30,1315
2019-07-13 09:35,1318
2019-07-13 09:40,1338
2019-07-13 09:45,1327
2019-07-13 09:50,1331
2019-07-13 09:55,1324
2019-07-13 10:00,1358
2019-07-13 10:05,1401
2019-07-13 10:10,1412
2019-07-13 10:15,1431
2019-07-13 10:20,1441
2019-07-13 10:25,1469
2019-07-13 10:30,1491
2019-07-13 10:35,1493
2019-07-13 10:40,1508
2019-07-13 10:45,1511
2019-07-13 10:50,1511
2019-07-13 10:55,1520
2019-07-13 11:00,1531
2019-07-13 11:05,1541
2019-07-13 11:10,1538
2019-07-13 11:15,1540
2019-07-13 11:20,1550
2019-07-13 11:25,1559
2019-07-13 11:30,1583
2019-07-13 11:35,1608
2019-07-13 11:40,1603
2019-07-13 11:45,1620
2019-07-13 11:50,1625
2019-07-13 11:55,1655
2019-07-13 12:00,1663
2019-07-13 12:05,1664
2019-07-13 12:10,1674
2019-07-13 12:15,1689
2019-07-13 12:20,1698
2019-07-13 12:25,1705
2019-07-13 12:30,1686
2019-07-13 12:35,1681
2019-07-13 12:40,1702
2019-07-13 12:45,1706
2019-07-13 12:50,1711
2019-07-13 12:55,1733
2019-07-13 13:00,1752
2019-07-13 13:05,1776
2019-07-13 13:10,1802
2019-07-13 13:15,1817
2019-07-13 13:20,1830
2019-07-13 13:25,1852
2019-07-13 13:30,1862
2019-07-13 13:35,1863
2019-07-13 13:40,1888
2019-07-13 13:45,1909
2019-07-13 13:50,1885
2019-07-13 13:55,1907
2019-07-13 14:00,1925
2019-07-13 14:05,1937
2019-07-13 14:10,1927
2019-07-13 14:15,1927
2019-07-13 14:20,1945
2019-07-13 14:25,1968
2019-07-13 14:30,1980
2019-07-13 14:35,1993
2019-07-13 14:40,2012
2019-07-13 14:45,2016
2019-07-13 14:50,2036
2019-07-13 14:55,2041
2019-07-13 15:00,2037
2019-07-13 15:05,2040
2019-07-13 15:10,2039
2019-07-13 15:15,2049
2019-07-13 15:20,2055
2019-07-13 15:25,2067
2019-07-13 15:30,2055
2019-07-13 15:35,2058
2019-07-13 15:40,2056
2019-07-13 15:45,2053
2019-07-13 15:50,2042
2019-07-13 15:55,2062
2019-07-13 16:00,2063
2019-07-13 16:05,2084
2019-07-13 16:10,2080
2019-07-13 16:15,2074
2019-07-13 16:20,2093
2019-07-13 16:25,2073
2019-07-13 16:30,2106
2019-07-13 16:35,2120
2019-07-13 16:40,2101
2019-07-13 16:45,2104
2019-07-13 16:50,2113
2019-07-13 16:55,2126
2019-07-13 17:00,2133
2019-07-13 17:05,2149
2019-07-13 17:10,2152
2019-07-13 17:15,2162
2019-07-13 17:20,2170
2019-07-13 17:25,2171
2019-07-13 17:30,2151
2019-07-13 17:35,2134
2019-07-13 17:40,2127
2019-07-13 17:45,2142
2019-07-13 17:50,2140
2019-07-13 17:55,2102
2019-07-13 18:00,2126
2019-07-13 18:05,2142
2019-07-13 18:10,2152
2019-07-13 18:15,2147
2019-07-13 18:20,2153
2019-07-13 18:25,2169
2019-07-13 18:30,2167
2019-07-13 18:35,2165
2019-07-13 18:40,2134
2019-07-13 18:45,2133
2019-07-13 18:50,2152
2019-07-13 18:55,2143
2019-07-13 19:00,2149
2019-07-13 19:05,2157
2019-07-13 19:10,2188
2019-07-13 19:15,2185
2019-07-13 19:20,2190
2019-07-13 19:25,2190
2019-07-13 19:30,2190
2019-07-13 19:35,2190
2019-07-13 19:40,2189
2019-07-13 19:45,2172
2019-07-13 19:50,2185
2019-07-13 19:55,2187
2019-07-13 20:00,2180
2019-07-13 20:05,2167
2019-07-13 20:10,2150
2019-07-13 20:15,2149
2019-07-13 20:20,2132
2019-07-13 20:25,2122
2019-07-13 20:30,2135
2019-07-13 20:35,2116
2019-07-13 20:40,2114
2019-07-13 20:45,2131
2019-07-13 20:50,2119
2019-07-13 20:55,2093
2019-07-13 21:00,2095
2019-07-13 21:05,2073
2019-07-13 21:10,2044
2019-07-13 21:15,2030
2019-07-13 21:20,2020
2019-07-13 21:25,2030
2019-07-13 21:30,2006
2019-07-13 21:35,1987
2019-07-13 21:40,1964
2019-07-13 21:45,1960
2019-07-13 21:50,1955
2019-07-13 21:55,1939
2019-07-13 22:00,1909
2019-07-13 22:05,1911
2019-07-13 22:10,1878
2019-07-13 22:15,1884
2019-07-13 22:20,1867
2019-07-13 22:25,1843
2019-07-13 22:30,1837
2019-07-13 22:35,1833
2019-07-13 22:40,1838
2019-07-13 22:45,1813
2019-07-13 22:50,1793
2019-07-13 22:55,1750
2019-07-13 23:00,1735
2019-07-13 23:05,1741
2019-07-13 23:10,1734
2019-07-13 23:15,1698
2019-07-13 23:20,1704
2019-07-13 23:25,1683
2019-07-13 23:30,1666
2019-07-13 23:35,1661
2019-07-13 23:40,1652
2019-07-13 23:45,1625
2019-07-13 23:50,1628
2019-07-13 23:55,1629
2019-07-14 00:00,1618
2019-07-14 00:05,1620
2019-07-14 00:10,1590
2019-07-14 00:15,1565
2019-07-14 00:20,1577
2019-07-14 00:25,1575
2019-07-14 00:30,1578
2019-07-14 00:35,1552
2019-07-14 00:40,1527
2019-07-14 00:45,1530
2019-07-14 00:50,1524
2019-07-14 00:55,1516
2019-07-14 01:00,1507
2019-07-14 01:05,1494
2019-07-14 01:10,1491
2019-07-14 01:15,1468
2019-07-14 01:20,1461
2019-07-14 01:25,1458
2019-07-14 01:30,1454
2019-07-14 01:35,1455
2019-07-14 01:40,1448
2019-07-14 01:45,1439
2019-07-14 01:50,1443
2019-07-14 01:55,1439
2019-07-14 02:00,1434
2019-07-14 02:05,1421
2019-07-14 02:10,1411
2019-07-14 02:15,1414
2019-07-14 02:20,1423
2019-07-14 02:25,1412
2019-07-14 02:30,1420
2019-07-14 02:35,1390
2019-07-14 02:40,1384
2019-07-14 02:45,1379
2019-07-14 02:50,1359
2019-07-14 02:55,1365
2019-07-14 03:00,1356
2019-07-14 03:05,1354
2019-07-14 03:10,1361
2019-07-14 03:15,1370
2019-07-14 03:20,1369
2019-07-14 03:25,1342
2019-07-14 03:30,1340
2019-07-14 03:35,1347
2019-07-14 03:40,1336
2019-07-14 03:45,1327
2019-07-14 03:50,1346
2019-07-14 03:55,1339
2019-07-14 04:00,1347
2019-07-14 04:05,1317
2019-07-14 04:10,1299
2019-07-14 04:15,1298
2019-07-14 04:20,1286
2019-07-14 04:25,1288
2019-07-14 04:30,1295
2019-07-14 04:35,1278
2019-07-14 04:40,1285
2019-07-14 04:45,1277
2019-07-14 04:50,1268
2019-07-14 04:55,1292
2019-07-14 05:00,1286
2019-07-14 05:05,1269
2019-07-14 05:10,1251
2019-07-14 05:15,1227
2019-07-14 05:20,1214
2019-07-14 05:25,1201
2019-07-14 05:30,1201
2019-07-14 05:35,1202
2019-07-14 05:40,1200
2019-07-14 05:45,1225
2019-07-14 05:50,1214
2019-07-14 05:55,1217
2019-07-14 06:00,1216
2019-07-14 06:05,1221
2019-07-14 06:10,1234
2019-07-14 06:15,1230
2019-07-14 06:20,1220
2019-07-14 06:25,1226
2019-07-14 06:30,1241
2019-07-14 06:35,1242
2019-07-14 06:40,1228
2019-07-14 06:45,1244
2019-07-14 06:50,1238
2019-07-14 06:55,1244
2019-07-14 07:00,1239
2019-07-14 07:05,1242
2019-07-14 07:10,1248
2019-07-14 07:15,1237
2019-07-14 07:20,1250
2019-07-14 07:25,1252
2019-07-14 07:30,1270
2019-07-14 07:35,1290
2019-07-14 07:40,1314
2019-07-14 07:45,1310
2019-07-14 07:50,1312
2019-07-14 07:55,1321
2019-07-14 08:00,1330
2019-07-14 08:05,1326
2019-07-14 08:10,1333
2019-07-14 08:15,1345
2019-07-14 08:20,1335
2019-07-14 08:25,1344
2019-07-14 08:30,1354
2019-07-14 08:35,1372
2019-07-14 08:40,1386
2019-07-14 08:45,1407
2019-07-14 08:50,1402
2019-07-14 08:55,1429
2019-07-14 09:00,
2019-07-14 09:05,1450
2019-07-14 09:10,1459
2019-07-14 09:15,1468
2019-07-14 09:20,1495
2019-07-14 09:25,1498
2019-07-14 09:30,1499
2019-07-14 09:35,1509
2019-07-14 09:40,1516
2019-07-14 09:45,1532
2019-07-14 09:50,1551
2019-07-14 09:55,1575
2019-07-14 10:00,1589
2019-07-14 10:05,1633
2019-07-14 10:10,1662
2019-07-14 10:15,1662
2019-07-14 10:20,1678
2019-07-14 10:25,1706
2019-07-14 10:30,1722
2019-07-14 10:35,1742
2019-07-14 10:40,1740
2019-07-14 10:45,1747
2019-07-14 10:50,1762
2019-07-14 10:55,1748
2019-07-14 11:00,1767
2019-07-14 11:05,1782
2019-07-14 11:10,1775
2019-07-14 11:15,1790
2019-07-14 11:20,1781
2019-07-14 11:25,1788
2019-07-14 11:30,1813
2019-07-14 11:35,1818
2019-07-14 11:40,1802
2019-07-14 11:45,1830
2019-07-14 11:50,1857
2019-07-14 11:55,1849
2019-07-14 12:00,1860
2019-07-14 12:05,1879
2019-07-14 12:10,1895
2019-07-14 12:15,1901
2019-07-14 12:20,1905
2019-07-14 12:25,1907
2019-07-14 12:30,1916
2019-07-14 12:35,1910
2019-07-14 12:40,1919
2019-07-14 12:45,1929
2019-07-14 12:50,1942
2019-07-14 12:55,1964
2019-07-14 13:00,1960
2019-07-14 13:05,1944
2019-07-14 13:10,1956
2019-07-14 13:15,1994
2019-07-14 13:20,2019
2019-07-14 13:25,2030
2019-07-14 13:30,2050
2019-07-14 13:35,2062
2019-07-14 13:40,2081
2019-07-14 13:45,2105
2019-07-14 13:50,2117
2019-07-14 13:55,2124
2019-07-14 14:00,2165
2019-07-14 14:05,2169
2019-07-14 14:10,2184
2019-07-14 14:15,2187
2019-07-14 14:20,2201
2019-07-14 14:25,2204
2019-07-14 14:30,2215
2019-07-14 14:35,2228
2019-07-14 14:40,2225
2019-07-14 14:45,2236
2019-07-14 14:50,2231
2019-07-14 14:55,2230
2019-07-14 15:00,2244
2019-07-14 15:05,2244
2019-07-14 15:10,2243
2019-07-14 15:15,2271
2019-07-14 15:20,2288
2019-07-14 15:25,2275
2019-07-14 15:30,2291
2019-07-14 15:35,2293
2019-07-14 15:40,2312
2019-07-14 15:45,2326
2019-07-14 15:50,2336
2019-07-14 15:55,2322
2019-07-14 16:00,2317
2019-07-14 16:05,2352
2019-07-14 16:10,2331
2019-07-14 16:15,2328
2019-07-14 16:20,2340
2019-07-14 16:25,2343
2019-07-14 16:30,2341
2019-07-14 16:35,2359
2019-07-14 16:40,2367
2019-07-14 16:45,2353
2019-07-14 16:50,2373
2019-07-14 16:55,2400
2019-07-14 17:00,2429
2019-07-14 17:05,2438
2019-07-14 17:10,2446
2019-07-14 17:15,2442
2019-07-14 17:20,2441
2019-07-14 17:25,2428
2019-07-14 17:30,2449
2019-07-14 17:35,2423
2019-07-14 17:40,2437
2019-07-14 17:45,2441
2019-07-14 17:50,2448
2019-07-14 17:55,2440
2019-07-14 18:00,2451
2019-07-14 18:05,2447
2019-07-14 18:10,2458
2019-07-14 18:15,2457
2019-07-14 18:20,2467
2019-07-14 18:25,2479
2019-07-14 18:30,2494
2019-07-14 18:35,2487
2019-07-14 18:40,2492
2019-07-14 18:45,2478
2019-07-14 18:50,2500
2019-07-14 18:55,2493
2019-07-14 19:00,2478
2019-07-14 19:05,2465
2019-07-14 19:10,2450
2019-07-14 19:15,2437
2019-07-14 19:20,2437
2019-07-14 19:25,2459
2019-07-14 19:30,2445
2019-07-14 19:35,2456
2019-07-14 19:40,2456
2019-07-14 19:45,2471
2019-07-14 19:50,2445
2019-07-14 19:55,2448
2019-07-14 20:00,2455
2019-07-14 20:05,2445
2019-07-14 20:10,2433
2019-07-14 20:15,2399
2019-07-14 20:20,2385
2019-07-14 20:25,2378
2019-07-14 20:30,2352
2019-07-14 20:35,2334
2019-07-14 20:40,2346
2019-07-14 20:45,2331
2019-07-14 20:50,2322
2019-07-14 20:55,2288
2019-07-14 21:00,2286
2019-07-14 21:05,2259
2019-07-14 21:10,2252
2019-07-14 21:15,2227
2019-07-14 21:20,2209
2019-07-14 21:25,2205
2019-07-14 21:30,2186
2019-07-14 21:35,2140
2019-07-14 21:40,2137
2019-07-14 21:45,2098
2019-07-14 21:50,2076
2019-07-14 21:55,2063
2019-07-14 22:00,2038
2019-07-14 22:05,2028
2019-07-14 22:10,1972
2019-07-14 22:15,1930
2019-07-14 22:20,1891
2019-07-14 22:25,1864
2019-07-14 22:30,1847
2019-07-14 22:35,1835
2019-07-14 22:40,1825
2019-07-14 22:45,1813
2019-07-14 22:50,1795
2019-07-14 22:55,1779
2019-07-14 23:00,1769
2019-07-14 23:05,1763
2019-07-14 23:10,1771
2019-07-14 23:15,1763
2019-07-14 23:20,1736
2019-07-14 23:25,1717
2019-07-14 23:30,1722
2019-07-14 23:35,1715
2019-07-14 23:40,1723
2019-07-14 23:45,1706
2019-07-14 23:50,1687
2019-07-14 23:55,1699
2019-07-15 00:00,1699
2019-07-15 00:05,1681
2019-07-15 00:10,1683
2019-07-15 00:15,1679
2019-07-15 00:20,1681
2019-07-15 00:25,1661
2019-07-15 00:30,1663
2019-07-15 00:35,1657
2019-07-15 00:40,1646
2019-07-15 00:45,1628
2019-07-15 00:50,1618
2019-07-15 00:55,1600
2019-07-15 01:00,1586
2019-07-15 01:05,1567
2019-07-15 01:10,1547
2019-07-15 01:15,1543
2019-07-15 01:20,1532
2019-07-15 01:25,1539
2019-07-15 01:30,1528
2019-07-15 01:35,1529
2019-07-15 01:40,1528
2019-07-15 01:45,1511
2019-07-15 01:50,1503
2019-07-15 01:55,1481
2019-07-15 02:00,1466
2019-07-15 02:05,1476
2019-07-15 02:10,1480
2019-07-15 02:15,1476
2019-07-15 02:20,1477
2019-07-15 02:25,1491
2019-07-15 02:30,1484
2019-07-15 02:35,1476
2019-07-15 02:40,1455
2019-07-15 02:45,1441
2019-07-15 02:50,1428
2019-07-15 02:55,1419
2019-07-15 03:00,1415
2019-07-15 03:05,1416
2019-07-15 03:10,1389
2019-07-15 03:15,1370
2019-07-15 03:20,1362
2019-07-15 03:25,1349
2019-07-15 03:30,1340
2019-07-15 03:35,1313
2019-07-15 03:40,1309
2019-07-15 03:45,1307
2019-07-15 03:50,1291
2019-07-15 03:55,1269
2019-07-15 04:00,1251
2019-07-15 04:05,1227
2019-07-15 04:10,1205
2019-07-15 04:15,1173
2019-07-15 04:20,1162
2019-07-15 04:25,1158
2019-07-15 04:30,1159
2019-07-15 04:35,1148
2019-07-15 04:40,1159
2019-07-15 04:45,1144
2019-07-15 04:50,1136
2019-07-15 04:55,1122
2019-07-15 05:00,1116
2019-07-15 05:05,1113
2019-07-15 05:10,1102
2019-07-15 05:15,1110
2019-07-15 05:20,1104
2019-07-15 05:25,1095
2019-07-15 05:30,1098
2019-07-15 05:35,1101
2019-07-15 05:40,1105
2019-07-15 05:45,1109
2019-07-15 05:50,1092
2019-07-15 05:55,1091
2019-07-15 06:00,1084
2019-07-15 06:05,1067
2019-07-15 06:10,1050
2019-07-15 06:15,1062
2019-07-15 06:20,1051
2019-07-15 06:25,1045
2019-07-15 06:30,1038
2019-07-15 06:35,1034
2019-07-15 06:40,1027
2019-07-15 06:45,1023
2019-07-15 06:50,1038
2019-07-15 06:55,1034
2019-07-15 07:00,1024
2019-07-15 07:05,1026
2019-07-15 07:10,1026
2019-07-15 07:15,1026
2019-07-15 07:20,1039
2019-07-15 07:25,1042
2019-07-15 07:30,1045
2019-07-15 07:35,1053
2019-07-15 07:40,1058
2019-07-15 07:45,1069
2019-07-15 07:50,1057
2019-07-15 07:55,1073
2019-07-15 08:00,1068
2019-07-15 08:05,1074
2019-07-15 08:10,1068
2019-07-15 08:15,1077
2019-07-15 08:20,1084
2019-07-15 08:25,1113
2019-07-15 08:30,1110
2019-07-15 08:35,1105
2019-07-15 08:40,1125
2019-07-15 08:45,1132
2019-07-15 08:50,1130
2019-07-15 08:55,1127
2019-07-15 09:00,1130
2019-07-15 09:05,1143
2019-07-15 09:10,1162
2019-07-15 09:15,1160
2019-07-15 09:20,
2019-07-15 09:25,1188
2019-07-15 09:30,1192
2019-07-15 09:35,1197
2019-07-15 09:40,1218
2019-07-15 09:45,1230
2019-07-15 09:50,1230
2019-07-15 09:55,1234
2019-07-15 10:00,1246
2019-07-15 10:05,1255
2019-07-15 10:10,1277
2019-07-15 10:15,1286
2019-07-15 10:20,1295
2019-07-15 10:25,1304
2019-07-15 10:30,1310
2019-07-15 10:35,1331
2019-07-15 10:40,1358
2019-07-15 10:45,1359
2019-07-15 10:50,1369
2019-07-15 10:55,1384
2019-07-15 11:00,1395
2019-07-15 11:05,1397
2019-07-15 11:10,1397
2019-07-15 11:15,1431
2019-07-15 11:20,1444
2019-07-15 11:25,1455
2019-07-15 11:30,1460
2019-07-15 11:35,1462
2019-07-15 11:40,1466
2019-07-15 11:45,1495
2019-07-15 11:50,1518
2019-07-15 11:55,1535
2019-07-15 12:00,1548
2019-07-15 12:05,1544
2019-07-15 12:10,1545
2019-07-15 12:15,1567
2019-07-15 12:20,1554
2019-07-15 12:25,1565
2019-07-15 12:30,1573
2019-07-15 12:35,1586
2019-07-15 12:40,1595
2019-07-15 12:45,1620
2019-07-15 12:50,1626
2019-07-15 12:55,1635
2019-07-15 13:00,1656
2019-07-15 13:05,1668
2019-07-15 13:10,1673
2019-07-15 13:15,1687
2019-07-15 13:20,1675
2019-07-15 13:25,1675
2019-07-15 13:30,1684
2019-07-15 13:35,1684
2019-07-15 13:40,1694
2019-07-15 13:45,1718
2019-07-15 13:50,1724
2019-07-15 13:55,1746
2019-07-15 14:00,1735
2019-07-15 14:05,1758
2019-07-15 14:10,1767
2019-07-15 14:15,1765
2019-07-15 14:20,1764
2019-07-15 14:25,1770
2019-07-15 14:30,1774
2019-07-15 14:35,1796
2019-07-15 14:40,1828
2019-07-15 14:45,1820
2019-07-15 14:50,1821
2019-07-15 14:55,1837
2019-07-15 15:00,1833
2019-07-15 15:05,1849
2019-07-15 15:10,1858
2019-07-15 15:15,
2019-07-15 15:20,1914
2019-07-15 15:25,1905
2019-07-15 15:30,1903
2019-07-15 15:35,1905
2019-07-15 15:40,1911
2019-07-15 15:45,1918
2019-07-15 15:50,1927
2019-07-15 15:55,1943
2019-07-15 16:00,1956
2019-07-15 16:05,1952
2019-07-15 16:10,1968
2019-07-15 16:15,2000
2019-07-15 16:20,2006
2019-07-15 16:25,2018
2019-07-15 16:30,2052
2019-07-15 16:35,2039
2019-07-15 16:40,2045
2019-07-15 16:45,2076
2019-07-15 16:50,2078
2019-07-15 16:55,2076
2019-07-15 17:00,2083
2019-07-15 17:05,2092
2019-07-15 17:10,2099
2019-07-15 17:15,2091
2019-07-15 17:20,2102
2019-07-15 17:25,2109
2019-07-15 17:30,2099
2019-07-15 17:35,2098
2019-07-15 17:40,2136
2019-07-15 17:45,2152
2019-07-15 17:50,2163
2019-07-15 17:55,2168
2019-07-15 18:00,2174
2019-07-15 18:05,2193
2019-07-15 18:10,2204
2019-07-15 18:15,2208
2019-07-15 18:20,2228
2019-07-15 18:25,2184
2019-07-15 18:30,2222
2019-07-15 18:35,2214
2019-07-15 18:40,2226
2019-07-15 18:45,2215
2019-07-15 18:50,2228
2019-07-15 18:55,2198
2019-07-15 19:00,2234
2019-07-15 19:05,2252
2019-07-15 19:10,2252
2019-07-15 19:15,2242
2019-07-15 19:20,2265
2019-07-15 19:25,2274
2019-07-15 19:30,2270
2019-07-15 19:35,2276
2019-07-15 19:40,2254
2019-07-15 19:45,2240
2019-07-15 19:50,2230
2019-07-15 19:55,2207
2019-07-15 20:00,2194
2019-07-15 20:05,
2019-07-15 20:10,
2019-07-15 20:15,
2019-07-15 20:20,2160
2019-07-15 20:25,2162
2019-07-15 20:30,2155
2019-07-15 20:35,2138
2019-07-15 20:40,2130
2019-07-15 20:45,2155
2019-07-15 20:50,2152
2019-07-15 20:55,2141
2019-07-15 21:00,2126
2019-07-15 21:05,2113
2019-07-15 21:10,2098
2019-07-15 21:15,2091
2019-07-15 21:20,2053
2019-07-15 21:25,2035
2019-07-15 21:30,2026
2019-07-15 21:35,1996
2019-07-15 21:40,1985
2019-07-15 21:45,1965
2019-07-15 21:50,1957
2019-07-15 21:55,1942
2019-07-15 22:00,1920
2019-07-15 22:05,1911
2019-07-15 22:10,1887
2019-07-15 22:15,1843
2019-07-15 22:20,1820
2019-07-15 22:25,1781
2019-07-15 22:30,1783
2019-07-15 22:35,1760
2019-07-15 22:40,1723
2019-07-15 22:45,1698
2019-07-15 22:50,1681
2019-07-15 22:55,1661
2019-07-15 23:00,1650
2019-07-15 23:05,1650
2019-07-15 23:10,1640
2019-07-15 23:15,1614
2019-07-15 23:20,1621
2019-07-15 23:25,1639
2019-07-15 23:30,1643
2019-07-15 23:35,1620
2019-07-15 23:40,1612
2019-07-15 23:45,1604
2019-07-15 23:50,1609
2019-07-15 23:55,1602
2019-07-16 00:00,1595
2019-07-16 00:05,1579
2019-07-16 00:10,1590
2019-07-16 00:15,1572
2019-07-16 00:20,1554
2019-07-16 00:25,1546
2019-07-16 00:30,1537
2019-07-16 00:35,1533
2019-07-16 00:40,1531
2019-07-16 00:45,1543
2019-07-16 00:50,1546
2019-07-16 00:55,1538
2019-07-16 01:00,1527
2019-07-16 01:05,1533
2019-07-16 01:10,1522
2019-07-16 01:15,1528
2019-07-16 01:20,1532
2019-07-16 01:25,1536
2019-07-16 01:30,1527
2019-07-16 01:35,1522
2019-07-16 01:40,1536
2019-07-16 01:45,1524
2019-07-16 01:50,1515
2019-07-16 01:55,1495
2019-07-16 02:00,1492
2019-07-16 02:05,1480
2019-07-16 02:10,1470
2019-07-16 02:15,1450
2019-07-16 02:20,1437
2019-07-16 02:25,1457
2019-07-16 02:30,1437
2019-07-16 02:35,1432
2019-07-16 02:40,1412
2019-07-16 02:45,1404
2019-07-16 02:50,1384
2019-07-16 02:55,1369
2019-07-16 03:00,1375
2019-07-16 03:05,1341
2019-07-16 03:10,1335
2019-07-16 03:15,1314
2019-07-16 03:20,1297
2019-07-16 03:25,1272
2019-07-16 03:30,1256
2019-07-16 03:35,1259
2019-07-16 03:40,1238
2019-07-16 03:45,1228
2019-07-16 03:50,1216
2019-07-16 03:55,1202
2019-07-16 04:00,1180
2019-07-16 04:05,1173
2019-07-16 04:10,1162
2019-07-16 04:15,1147
2019-07-16 04:20,1151
2019-07-16 04:25,1129
2019-07-16 04:30,1134
2019-07-16 04:35,1136
2019-07-16 04:40,1113
2019-07-16 04:45,1091
2019-07-16 04:50,1076
2019-07-16 04:55,1073
2019-07-16 05:00,1064
2019-07-16 05:05,1070
2019-07-16 05:10,1051
2019-07-16 05:15,1041
2019-07-16 05:20,1037
2019-07-16 05:25,1037
2019-07-16 05:30,1031
2019-07-16 05:35,1013
2019-07-16 05:40,1007
2019-07-16 05:45,1014
2019-07-16 05:50,999
2019-07-16 05:55,997
2019-07-16 06:00,993
2019-07-16 06:05,997
2019-07-16 06:10,989
2019-07-16 06:15,994
2019-07-16 06:20,984
2019-07-16 06:25,974
2019-07-16 06:30,967
2019-07-16 06:35,976
2019-07-16 06:40,980
2019-07-16 06:45,979
2019-07-16 06:50,989
2019-07-16 06:55,982
2019-07-16 07:00,993
2019-07-16 07:05,988
2019-07-16 07:10,987
2019-07-16 07:15,988
2019-07-16 07:20,987
2019-07-16 07:25,998
2019-07-16 07:30,1013
2019-07-16 07:35,1010
2019-07-16 07:40,1014
2019-07-16 07:45,1005
2019-07-16 07:50,1008
2019-07-16 07:55,1021
2019-07-16 08:00,1027
2019-07-16 08:05,1020
2019-07-16 08:10,1033
2019-07-16 08:15,1037
2019-07-16 08:20,1053
2019-07-16 08:25,1052
2019-07-16 08:30,1053
2019-07-16 08:35,1061
2019-07-16 08:40,1067
2019-07-16 08:45,1071
2019-07-16 08:50,1076
2019-07-16 08:55,1081
2019-07-16 09:00,1089
2019-07-16 09:05,1088
2019-07-16 09:10,1097
2019-07-16 09:15,1114
2019-07-16 09:20,1119
2019-07-16 09:25,1120
2019-07-16 09:30,1116
2019-07-16 09:35,1130
2019-07-16 09:40,1136
2019-07-16 09:45,1155
2019-07-16 09:50,1172
2019-07-16 09:55,1181
2019-07-16 10:00,1189
2019-07-16 10:05,1226
2019-07-16 10:10,1233
2019-07-16 10:15,1250
2019-07-16 10:20,1257
2019-07-16 10:25,1272
2019-07-16 10:30,1298
2019-07-16 10:35,1320
2019-07-16 10:40,1317
2019-07-16 10:45,1329
2019-07-16 10:50,1345
2019-07-16 10:55,1345
2019-07-16 11:00,1343
2019-07-16 11:05,1352
2019-07-16 11:10,1367
2019-07-16 11:15,1377
2019-07-16 11:20,1376
2019-07-16 11:25,1367
2019-07-16 11:30,1377
2019-07-16 11:35,1377
2019-07-16 11:40,1392
2019-07-16 11:45,1404
2019-07-16 11:50,1413
2019-07-16 11:55,1423
2019-07-16 12:00,1426
2019-07-16 12:05,1423
2019-07-16 12:10,1430
2019-07-16 12:15,1440
2019-07-16 12:20,1451
2019-07-16 12:25,1446
2019-07-16 12:30,1461
2019-07-16 12:35,1466
2019-07-16 12:40,1469
2019-07-16 12:45,1491
2019-07-16 12:50,1485
2019-07-16 12:55,1485
2019-07-16 13:00,1482
2019-07-16 13:05,1497
2019-07-16 13:10,1502
2019-07-16 13:15,1508
2019-07-16 13:20,1503
2019-07-16 13:25,1505
2019-07-16 13:30,1524
2019-07-16 13:35,1534
2019-07-16 13:40,1568
2019-07-16 13:45,1568
2019-07-16 13:50,1572
2019-07-16 13:55,1570
2019-07-16 14:00,1587
2019-07-16 14:05,1586
2019-07-16 14:10,1596
2019-07-16 14:15,1607
2019-07-16 14:20,1607
2019-07-16 14:25,1628
2019-07-16 14:30,1640
2019-07-16 14:35,1664
2019-07-16 14:40,1664
2019-07-16 14:45,1683
2019-07-16 14:50,1691
2019-07-16 14:55,1701
2019-07-16 15:00,1703
2019-07-16 15:05,1708
2019-07-16 15:10,1714
2019-07-16 15:15,1743
2019-07-16 15:20,1753
2019-07-16 15:25,1755
2019-07-16 15:30,1757
2019-07-16 15:35,1765
2019-07-16 15:40,1789
2019-07-16 15:45,1777
2019-07-16 15:50,1806
2019-07-16 15:55,1816
2019-07-16 16:00,1840
2019-07-16 16:05,1861
2019-07-16 16:10,1887
2019-07-16 16:15,1900
2019-07-16 16:20,1918
2019-07-16 16:25,1934
2019-07-16 16:30,1954
2019-07-16 16:35,1970
2019-07-16 16:40,1979
2019-07-16 16:45,1980
2019-07-16 16:50,2012
2019-07-16 16:55,2019
2019-07-16 17:00,2018
2019-07-16 17:05,2054
2019-07-16 17:10,2056
2019-07-16 17:15,2036
2019-07-16 17:20,2049
2019-07-16 17:25,2061
2019-07-16 17:30,2055
2019-07-16 17:35,2084
2019-07-16 17:40,2093
2019-07-16 17:45,2085
2019-07-16 17:50,2103
2019-07-16 17:55,2107
2019-07-16 18:00,2099
2019-07-16 18:05,2104
2019-07-16 18:10,2135
2019-07-16 18:15,2139
2019-07-16 18:20,2138
2019-07-16 18:25,2133
2019-07-16 18:30,2149
2019-07-16 18:35,2132
2019-07-16 18:40,2117
2019-07-16 18:45,2132
2019-07-16 18:50,2132
2019-07-16 18:55,2144
2019-07-16 19:00,2151
2019-07-16 19:05,2147
2019-07-16 19:10,2162
2019-07-16 19:15,2163
2019-07-16 19:20,2161
2019-07-16 19:25,2179
2019-07-16 19:30,2187
2019-07-16 19:35,2173
2019-07-16 19:40,2158
2019-07-16 19:45,2167
2019-07-16 19:50,2155
2019-07-16 19:55,2145
2019-07-16 20:00,2123
2019-07-16 20:05,2133
2019-07-16 20:10,2112
2019-07-16 20:15,2093
2019-07-16 20:20,2083
2019-07-16 20:25,2071
2019-07-16 20:30,2076
2019-07-16 20:35,2051
2019-07-16 20:40,2067
2019-07-16 20:45,2051
2019-07-16 20:50,2036
2019-07-16 20:55,2028
2019-07-16 21:00,1989
2019-07-16 21:05,1961
2019-07-16 21:10,1923
2019-07-16 21:15,1893
2019-07-16 21:20,1862
2019-07-16 21:25,1844
2019-07-16 21:30,1831
2019-07-16 21:35,1841
2019-07-16 21:40,1821
2019-07-16 21:45,1825
2019-07-16 21:50,1813
2019-07-16 21:55,1800
2019-07-16 22:00,1795
2019-07-16 22:05,1764
2019-07-16 22:10,0
2019-07-16 22:15,1133
2019-07-16 22:20,1581
2019-07-16 22:25,1661
2019-07-16 22:30,1658
2019-07-16 22:35,1633
2019-07-16 22:40,1623
2019-07-16 22:45,1615
2019-07-16 22:50,1620
2019-07-16 22:55,1583
2019-07-16 23:00,1576
2019-07-16 23:05,1570
2019-07-16 23:10,1550
2019-07-16 23:15,1533
2019-07-16 23:20,1513
2019-07-16 23:25,1508
2019-07-16 23:30,1504
2019-07-16 23:35,1500
2019-07-16 23:40,1490
2019-07-16 23:45,1484
2019-07-16 23:50,1467
2019-07-16 23:55,1460
2019-07-17 00:00,1452
2019-07-17 00:05,1440
2019-07-17 00:10,1432
2019-07-17 00:15,1424
2019-07-17 00:20,1435
2019-07-17 00:25,1434
2019-07-17 00:30,1446
2019-07-17 00:35,1434
2019-07-17 00:40,1413
2019-07-17 00:45,1425
2019-07-17 00:50,1407
2019-07-17 00:55,1427
2019-07-17 01:00,1435
2019-07-17 01:05,1419
2019-07-17 01:10,1402
2019-07-17 01:15,1389
2019-07-17 01:20,1371
2019-07-17 01:25,1356
2019-07-17 01:30,1357
2019-07-17 01:35,1342
2019-07-17 01:40,1330
2019-07-17 01:45,1324
2019-07-17 01:50,1330
2019-07-17 01:55,1316
2019-07-17 02:00,1312
2019-07-17 02:05,1304
2019-07-17 02:10,1295
2019-07-17 02:15,1284
2019-07-17 02:20,1281
2019-07-17 02:25,1292
2019-07-17 02:30,1296
2019-07-17 02:35,1286
2019-07-17 02:40,1267
2019-07-17 02:45,1268
2019-07-17 02:50,1255
2019-07-17 02:55,1240
2019-07-17 03:00,1231
2019-07-17 03:05,1209
2019-07-17 03:10,1205
2019-07-17 03:15,1198
2019-07-17 03:20,1181
2019-07-17 03:25,1180
2019-07-17 03:30,1189
2019-07-17 03:35,1160
2019-07-17 03:40,1143
2019-07-17 03:45,1130
2019-07-17 03:50,1119
2019-07-17 03:55,1133
2019-07-17 04:00,1120
2019-07-17 04:05,1100
2019-07-17 04:10,1093
2019-07-17 04:15,1077
2019-07-17 04:20,1070
2019-07-17 04:25,1082
2019-07-17 04:30,1070
2019-07-17 04:35,1065
2019-07-17 04:40,1046
2019-07-17 04:45,1040
2019-07-17 04:50,1043
2019-07-17 04:55,1031
2019-07-17 05:00,1026
2019-07-17 05:05,1010
2019-07-17 05:10,992
2019-07-17 05:15,1007
2019-07-17 05:20,1001
2019-07-17 05:25,1015
2019-07-17 05:30,1012
2019-07-17 05:35,995
2019-07-17 05:40,991
2019-07-17 05:45,998
2019-07-17 05:50,981
2019-07-17 05:55,989
2019-07-17 06:00,987
2019-07-17 06:05,976
2019-07-17 06:10,966
2019-07-17 06:15,965
2019-07-17 06:20,975
2019-07-17 06:25,962
2019-07-17 06:30,953
2019-07-17 06:35,967
2019-07-17 06:40,951
2019-07-17 06:45,967
2019-07-17 06:50,970
2019-07-17 06:55,970
2019-07-17 07:00,960
2019-07-17 07:05,955
2019-07-17 07:10,950
2019-07-17 07:15,945
2019-07-17 07:20,957
2019-07-17 07:25,951
2019-07-17 07:30,956
2019-07-17 07:35,959
2019-07-17 07:40,946
2019-07-17 07:45,962
2019-07-17 07:50,968
2019-07-17 07:55,969
2019-07-17 08:00,966
2019-07-17 08:05,970
2019-07-17 08:10,977
2019-07-17 08:15,975
2019-07-17 08:20,985
2019-07-17 08:25,986
2019-07-17 08:30,994
2019-07-17 08:35,984
2019-07-17 08:40,1000
2019-07-17 08:45,1019
2019-07-17 08:50,1016
2019-07-17 08:55,1032
2019-07-17 09:00,1046
2019-07-17 09:05,1043
2019-07-17 09:10,1046
2019-07-17 09:15,1051
2019-07-17 09:20,1066
2019-07-17 09:25,1081
2019-07-17 09:30,1081
2019-07-17 09:35,1077
2019-07-17 09:40,1083
2019-07-17 09:45,1101
2019-07-17 09:50,1119
2019-07-17 09:55,1149
2019-07-17 10:00,1175
2019-07-17 10:05,1195
2019-07-17 10:10,1196
2019-07-17 10:15,1218
2019-07-17 10:20,1233
2019-07-17 10:25,1252
2019-07-17 10:30,1262
2019-07-17 10:35,1246
2019-07-17 10:40,1266
2019-07-17 10:45,1269
2019-07-17 10:50,1279
2019-07-17 10:55,1291
2019-07-17 11:00,1271
2019-07-17 11:05,1282
2019-07-17 11:10,1285
2019-07-17 11:15,1297
2019-07-17 11:20,1329
2019-07-17 11:25,1345
2019-07-17 11:30,1349
2019-07-17 11:35,1353
2019-07-17 11:40,1358
2019-07-17 11:45,1383
2019-07-17 11:50,1391
2019-07-17 11:55,1401
2019-07-17 12:00,1386
2019-07-17 12:05,1385
2019-07-17 12:10,1396
2019-07-17 12:15,1420
2019-07-17 12:20,1430
2019-07-17 12:25,1439
2019-07-17 12:30,1476
2019-07-17 12:35,1495
2019-07-17 12:40,1493
2019-07-17 12:45,1488
2019-07-17 12:50,1503
2019-07-17 12:55,1505
2019-07-17 13:00,1507
2019-07-17 13:05,1494
2019-07-17 13:10,1511
2019-07-17 13:15,1504
2019-07-17 13:20,1512
2019-07-17 13:25,1526
2019-07-17 13:30,1524
2019-07-17 13:35,1533
2019-07-17 13:40,1534
2019-07-17 13:45,1534
2019-07-17 13:50,1552
2019-07-17 13:55,1584
2019-07-17 14:00,1630
2019-07-17 14:05,1637
2019-07-17 14:10,1638
2019-07-17 14:15,1650
2019-07-17 14:20,1644
2019-07-17 14:25,1653
2019-07-17 14:30,1667
2019-07-17 14:35,1665
2019-07-17 14:40,1672
2019-07-17 14:45,1693
2019-07-17 14:50,1691
2019-07-17 14:55,1693
2019-07-17 15:00,1689
2019-07-17 15:05,1714
2019-07-17 15:10,1716
2019-07-17 15:15,1719
2019-07-17 15:20,1729
2019-07-17 15:25,1743
2019-07-17 15:30,1762
2019-07-17 15:35,1794
2019-07-17 15:40,1804
2019-07-17 15:45,1805
2019-07-17 15:50,1816
2019-07-17 15:55,1832
2019-07-17 16:00,1850
2019-07-17 16:05,1866
2019-07-17 16:10,1878
2019-07-17 16:15,1865
2019-07-17 16:20,1867
2019-07-17 16:25,1893
2019-07-17 16:30,1907
2019-07-17 16:35,1944
2019-07-17 16:40,1956
2019-07-17 16:45,1948
2019-07-17 16:50,1952
2019-07-17 16:55,1962
2019-07-17 17:00,1970
2019-07-17 17:05,1997
2019-07-17 17:10,2002
2019-07-17 17:15,2012
2019-07-17 17:20,2012
2019-07-17 17:25,2019
2019-07-17 17:30,2023
2019-07-17 17:35,2025
2019-07-17 17:40,2034
2019-07-17 17:45,2039
2019-07-17 17:50,2051
2019-07-17 17:55,2035
2019-07-17 18:00,2034
2019-07-17 18:05,2030
2019-07-17 18:10,2043
2019-07-17 18:15,2051
2019-07-17 18:20,2043
2019-07-17 18:25,2059
2019-07-17 18:30,2068
2019-07-17 18:35,2085
2019-07-17 18:40,2090
2019-07-17 18:45,2094
2019-07-17 18:50,2085
2019-07-17 18:55,2099
2019-07-17 19:00,2104
2019-07-17 19:05,2082
2019-07-17 19:10,2094
2019-07-17 19:15,2084
2019-07-17 19:20,2083
2019-07-17 19:25,2082
2019-07-17 19:30,2081
2019-07-17 19:35,2087
2019-07-17 19:40,2086
2019-07-17 19:45,2064
2019-07-17 19:50,2078
2019-07-17 19:55,2067
2019-07-17 20:00,2048
2019-07-17 20:05,2062
2019-07-17 20:10,2060
2019-07-17 20:15,2057
2019-07-17 20:20,2054
2019-07-17 20:25,2027
2019-07-17 20:30,2033
2019-07-17 20:35,2037
2019-07-17 20:40,2025
2019-07-17 20:45,2002
2019-07-17 20:50,2002
2019-07-17 20:55,1991
2019-07-17 21:00,1988
2019-07-17 21:05,1975
2019-07-17 21:10,1943
2019-07-17 21:15,1936
2019-07-17 21:20,1914
2019-07-17 21:25,1896
2019-07-17 21:30,1877
2019-07-17 21:35,1870
2019-07-17 21:40,1851
2019-07-17 21:45,1832
2019-07-17 21:50,1815
2019-07-17 21:55,1777
2019-07-17 22:00,1760
2019-07-17 22:05,1737
2019-07-17 22:10,1719
2019-07-17 22:15,1677
2019-07-17 22:20,1661
2019-07-17 22:25,1651
2019-07-17 22:30,1638
2019-07-17 22:35,1628
2019-07-17 22:40,1587
2019-07-17 22:45,1584
2019-07-17 22:50,1563
2019-07-17 22:55,1567
2019-07-17 23:00,1572
2019-07-17 23:05,1548
2019-07-17 23:10,1530
2019-07-17 23:15,1505
2019-07-17 23:20,1510
2019-07-17 23:25,1507
2019-07-17 23:30,1495
2019-07-17 23:35,1493
2019-07-17 23:40,1509
2019-07-17 23:45,1495
2019-07-17 23:50,1482
2019-07-17 23:55,1464
2019-07-18 00:00,1473
2019-07-18 00:05,1461
2019-07-18 00:10,1448
2019-07-18 00:15,1436
2019-07-18 00:20,1424
2019-07-18 00:25,1420
2019-07-18 00:30,1414
2019-07-18 00:35,1397
2019-07-18 00:40,1401
2019-07-18 00:45,1394
2019-07-18 00:50,1399
2019-07-18 00:55,1396
2019-07-18 01:00,1397
2019-07-18 01:05,1407
2019-07-18 01:10,1403
2019-07-18 01:15,1396
2019-07-18 01:20,1393
2019-07-18 01:25,1406
2019-07-18 01:30,1404
2019-07-18 01:35,1391
2019-07-18 01:40,1387
2019-07-18 01:45,1360
2019-07-18 01:50,1366
2019-07-18 01:55,1365
2019-07-18 02:00,1376
2019-07-18 02:05,1374
2019-07-18 02:10,1367
2019-07-18 02:15,1352
2019-07-18 02:20,1337
2019-07-18 02:25,1318
2019-07-18 02:30,1306
2019-07-18 02:35,1299
2019-07-18 02:40,1273
2019-07-18 02:45,1283
2019-07-18 02:50,1273
2019-07-18 02:55,1257
2019-07-18 03:00,1236
2019-07-18 03:05,1223
2019-07-18 03:10,1225
2019-07-18 03:15,1220
2019-07-18 03:20,1215
2019-07-18 03:25,1215
2019-07-18 03:30,1203
2019-07-18 03:35,1189
2019-07-18 03:40,1189
2019-07-18 03:45,1180
2019-07-18 03:50,1168
2019-07-18 03:55,1165
2019-07-18 04:00,
2019-07-18 04:05,1164
2019-07-18 04:10,1137
2019-07-18 04:15,1131
2019-07-18 04:20,1111
2019-07-18 04:25,1103
2019-07-18 04:30,1103
2019-07-18 04:35,1099
2019-07-18 04:40,1093
2019-07-18 04:45,1089
2019-07-18 04:50,1057
2019-07-18 04:55,1036
2019-07-18 05:00,1022
2019-07-18 05:05,1023
2019-07-18 05:10,1007
2019-07-18 05:15,1011
2019-07-18 05:20,1010
2019-07-18 05:25,997
2019-07-18 05:30,1000
2019-07-18 05:35,1003
2019-07-18 05:40,1010
2019-07-18 05:45,1009
2019-07-18 05:50,997
2019-07-18 05:55,981
2019-07-18 06:00,988
2019-07-18 06:05,980
2019-07-18 06:10,982
2019-07-18 06:15,980
2019-07-18 06:20,993
2019-07-18 06:25,997
2019-07-18 06:30,1003
2019-07-18 06:35,988
2019-07-18 06:40,986
2019-07-18 06:45,999
2019-07-18 06:50,998
2019-07-18 06:55,994
2019-07-18 07:00,982
2019-07-18 07:05,977
2019-07-18 07:10,976
2019-07-18 07:15,983
2019-07-18 07:20,976
2019-07-18 07:25,994
2019-07-18 07:30,992
2019-07-18 07:35,991
2019-07-18 07:40,995
2019-07-18 07:45,1008
2019-07-18 07:50,1014
2019-07-18 07:55,1017
2019-07-18 08:00,1002
2019-07-18 08:05,1008
2019-07-18 08:10,1016
2019-07-18 08:15,1026
2019-07-18 08:20,1036
2019-07-18 08:25,1040
2019-07-18 08:30,1055
2019-07-18 08:35,1056
2019-07-18 08:40,1071
2019-07-18 08:45,1080
2019-07-18 08:50,1073
2019-07-18 08:55,1095
2019-07-18 09:00,1090
2019-07-18 09:05,1091
2019-07-18 09:10,1080
2019-07-18 09:15,1091
2019-07-18 09:20,1091
2019-07-18 09:25,1091
2019-07-18 09:30,1099
2019-07-18 09:35,1103
2019-07-18 09:40,1118
2019-07-18 09:45,1120
2019-07-18 09:50,1135
2019-07-18 09:55,1153
2019-07-18 10:00,1157
2019-07-18 10:05,1187
2019-07-18 10:10,1195
2019-07-18 10:15,1210
2019-07-18 10:20,1236
2019-07-18 10:25,1264
2019-07-18 10:30,1272
2019-07-18 10:35,1290
2019-07-18 10:40,1291
2019-07-18 10:45,1300
2019-07-18 10:50,1297
2019-07-18 10:55,1322
2019-07-18 11:00,1324
2019-07-18 11:05,1322
2019-07-18 11:10,1314
2019-07-18 11:15,1314
2019-07-18 11:20,1333
2019-07-18 11:25,1336
2019-07-18 11:30,1357
2019-07-18 11:35,1353
2019-07-18 11:40,1348
2019-07-18 11:45,1377
2019-07-18 11:50,1399
2019-07-18 11:55,1426
2019-07-18 12:00,1405
2019-07-18 12:05,1403
2019-07-18 12:10,1402
2019-07-18 12:15,1392
2019-07-18 12:20,1394
2019-07-18 12:25,1393
2019-07-18 12:30,1411
2019-07-18 12:35,1408
2019-07-18 12:40,1405
2019-07-18 12:45,1381
2019-07-18 12:50,1282
2019-07-18 12:55,1215
2019-07-18 13:00,1044
2019-07-18 13:05,587
2019-07-18 13:10,532
2019-07-18 13:15,514
2019-07-18 13:20,510
2019-07-18 13:25,513
2019-07-18 13:30,480
2019-07-18 13:35,480
2019-07-18 13:40,468
2019-07-18 13:45,469
2019-07-18 13:50,464
2019-07-18 13:55,484
2019-07-18 14:00,481
2019-07-18 14:05,489
2019-07-18 14:10,488
2019-07-18 14:15,481
2019-07-18 14:20,482
2019-07-18 14:25,489
2019-07-18 14:30,496
2019-07-18 14:35,502
2019-07-18 14:40,495
2019-07-18 14:45,516
2019-07-18 14:50,515
2019-07-18 14:55,528
2019-07-18 15:00,538
2019-07-18 15:05,549
2019-07-18 15:10,551
2019-07-18 15:15,558
2019-07-18 15:20,561
2019-07-18 15:25,573
2019-07-18 15:30,575
2019-07-18 15:35,586
2019-07-18 15:40,597
2019-07-18 15:45,602
2019-07-18 15:50,602
2019-07-18 15:55,593
2019-07-18 16:00,623
2019-07-18 16:05,626
2019-07-18 16:10,643
2019-07-18 16:15,637
2019-07-18 16:20,674
2019-07-18 16:25,711
2019-07-18 16:30,742
2019-07-18 16:35,741
2019-07-18 16:40,770
2019-07-18 16:45,750
2019-07-18 16:50,738
2019-07-18 16:55,741
2019-07-18 17:00,761
2019-07-18 17:05,782
2019-07-18 17:10,780
2019-07-18 17:15,773
2019-07-18 17:20,787
2019-07-18 17:25,808
2019-07-18 17:30,847
2019-07-18 17:35,908
2019-07-18 17:40,910
2019-07-18 17:45,910
2019-07-18 17:50,959
2019-07-18 17:55,962
2019-07-18 18:00,994
2019-07-18 18:05,1071
2019-07-18 18:10,1033
2019-07-18 18:15,1032
2019-07-18 18:20,1042
2019-07-18 18:25,1062
2019-07-18 18:30,1080
2019-07-18 18:35,1271
2019-07-18 18:40,1403
2019-07-18 18:45,1550
2019-07-18 18:50,1700
2019-07-18 18:55,1826
2019-07-18 19:00,1958
2019-07-18 19:05,2118
2019-07-18 19:10,2212
2019-07-18 19:15,2297
2019-07-18 19:20,2347
2019-07-18 19:25,2373
2019-07-18 19:30,2416
2019-07-18 19:35,2445
2019-07-18 19:40,2457
2019-07-18 19:45,2498
2019-07-18 19:50,2540
2019-07-18 19:55,2567
2019-07-18 20:00,2602
2019-07-18 20:05,2581
2019-07-18 20:10,2594
2019-07-18 20:15,2605
2019-07-18 20:20,2569
2019-07-18 20:25,2565
2019-07-18 20:30,2557
2019-07-18 20:35,2543
2019-07-18 20:40,2541
2019-07-18 20:45,2511
2019-07-18 20:50,2478
2019-07-18 20:55,2441
2019-07-18 21:00,2427
2019-07-18 21:05,2376
2019-07-18 21:10,2348
2019-07-18 21:15,2324
2019-07-18 21:20,2264
2019-07-18 21:25,2235
2019-07-18 21:30,2213
2019-07-18 21:35,2175
2019-07-18 21:40,2138
2019-07-18 21:45,2117
2019-07-18 21:50,2107
2019-07-18 21:55,2073
2019-07-18 22:00,2037
2019-07-18 22:05,1989
2019-07-18 22:10,1956
2019-07-18 22:15,1915
2019-07-18 22:20,1884
2019-07-18 22:25,1892
2019-07-18 22:30,1870
2019-07-18 22:35,1851
2019-07-18 22:40,1864
2019-07-18 22:45,1845
2019-07-18 22:50,1816
2019-07-18 22:55,1787
2019-07-18 23:00,1765
2019-07-18 23:05,1742
2019-07-18 23:10,1730
2019-07-18 23:15,1724
2019-07-18 23:20,1722
2019-07-18 23:25,1709
2019-07-18 23:30,1698
2019-07-18 23:35,1695
2019-07-18 23:40,1678
2019-07-18 23:45,1666
2019-07-18 23:50,1653
2019-07-18 23:55,1651
2019-07-19 00:00,1652
2019-07-19 00:05,1650
2019-07-19 00:10,1632
2019-07-19 00:15,1610
2019-07-19 00:20,1576
2019-07-19 00:25,1579
2019-07-19 00:30,1569
2019-07-19 00:35,1557
2019-07-19 00:40,1551
2019-07-19 00:45,1537
2019-07-19 00:50,1559
2019-07-19 00:55,1539
2019-07-19 01:00,1529
2019-07-19 01:05,1525
2019-07-19 01:10,1505
2019-07-19 01:15,1501
2019-07-19 01:20,1493
2019-07-19 01:25,1502
2019-07-19 01:30,1496
2019-07-19 01:35,1496
2019-07-19 01:40,1472
2019-07-19 01:45,1470
2019-07-19 01:50,1466
2019-07-19 01:55,1459
2019-07-19 02:00,1458
2019-07-19 02:05,1452
2019-07-19 02:10,1449
2019-07-19 02:15,1449
2019-07-19 02:20,1443
2019-07-19 02:25,1429
2019-07-19 02:30,1431
2019-07-19 02:35,1435
2019-07-19 02:40,1422
2019-07-19 02:45,1408
2019-07-19 02:50,1409
2019-07-19 02:55,1399
2019-07-19 03:00,1387
2019-07-19 03:05,1365
2019-07-19 03:10,1360
2019-07-19 03:15,1337
2019-07-19 03:20,1312
2019-07-19 03:25,1287
2019-07-19 03:30,1285
2019-07-19 03:35,1277
2019-07-19 03:40,1256
2019-07-19 03:45,1256
2019-07-19 03:50,1248
2019-07-19 03:55,1234
2019-07-19 04:00,1221
2019-07-19 04:05,1203
2019-07-19 04:10,1197
2019-07-19 04:15,1185
2019-07-19 04:20,1168
2019-07-19 04:25,1150
2019-07-19 04:30,1146
2019-07-19 04:35,1140
2019-07-19 04:40,1129
2019-07-19 04:45,1114
2019-07-19 04:50,1104
2019-07-19 04:55,1091
2019-07-19 05:00,1094
2019-07-19 05:05,1082
2019-07-19 05:10,1077
2019-07-19 05:15,1053
2019-07-19 05:20,1048
2019-07-19 05:25,1052
2019-07-19 05:30,1054
2019-07-19 05:35,1065
2019-07-19 05:40,1066
2019-07-19 05:45,1056
2019-07-19 05:50,1067
2019-07-19 05:55,1080
2019-07-19 06:00,1074
2019-07-19 06:05,1068
2019-07-19 06:10,1070
2019-07-19 06:15,1066
2019-07-19 06:20,1068
2019-07-19 06:25,1066
2019-07-19 06:30,1067
2019-07-19 06:35,1068
2019-07-19 06:40,1078
2019-07-19 06:45,1082
2019-07-19 06:50,1080
2019-07-19 06:55,1079
2019-07-19 07:00,1071
2019-07-19 07:05,1068
2019-07-19 07:10,1071
2019-07-19 07:15,1071
2019-07-19 07:20,1073
2019-07-19 07:25,1072
2019-07-19 07:30,1086
2019-07-19 07:35,1100
2019-07-19 07:40,1107
2019-07-19 07:45,1110
2019-07-19 07:50,1125
2019-07-19 07:55,1134
2019-07-19 08:00,1138
2019-07-19 08:05,1123
2019-07-19 08:10,1119
2019-07-19 08:15,1116
2019-07-19 08:20,1116
2019-07-19 08:25,1137
2019-07-19 08:30,1155
2019-07-19 08:35,1163
2019-07-19 08:40,1166
2019-07-19 08:45,1164
2019-07-19 08:50,1187
2019-07-19 08:55,1204
2019-07-19 09:00,1206
2019-07-19 09:05,1196
2019-07-19 09:10,1195
2019-07-19 09:15,1197
2019-07-19 09:20,1216
2019-07-19 09:25,1211
2019-07-19 09:30,1222
2019-07-19 09:35,1247
2019-07-19 09:40,1244
2019-07-19 09:45,1247
2019-07-19 09:50,1238
2019-07-19 09:55,1240
2019-07-19 10:00,1263
2019-07-19 10:05,1293
2019-07-19 10:10,1303
2019-07-19 10:15,1329
2019-07-19 10:20,1346
2019-07-19 10:25,1373
2019-07-19 10:30,1376
2019-07-19 10:35,1394
2019-07-19 10:40,1393
2019-07-19 10:45,1392
2019-07-19 10:50,1379
2019-07-19 10:55,1383
2019-07-19 11:00,1391
2019-07-19 11:05,1404
2019-07-19 11:10,1415
2019-07-19 11:15,1432
2019-07-19 11:20,1446
2019-07-19 11:25,1461
2019-07-19 11:30,1469
2019-07-19 11:35,1471
2019-07-19 11:40,1496
2019-07-19 11:45,1499
2019-07-19 11:50,1506
2019-07-19 11:55,1531
2019-07-19 12:00,1519
2019-07-19 12:05,1543
2019-07-19 12:10,1553
2019-07-19 12:15,1565
2019-07-19 12:20,1587
2019-07-19 12:25,1592
2019-07-19 12:30,1602
2019-07-19 12:35,1603
2019-07-19 12:40,1598
2019-07-19 12:45,1600
2019-07-19 12:50,1593
2019-07-19 12:55,1592
2019-07-19 13:00,1579
2019-07-19 13:05,1587
2019-07-19 13:10,1598
2019-07-19 13:15,1591
2019-07-19 13:20,1583
2019-07-19 13:25,1588
2019-07-19 13:30,1603
2019-07-19 13:35,1639
2019-07-19 13:40,1629
2019-07-19 13:45,1633
2019-07-19 13:50,1654
2019-07-19 13:55,1653
2019-07-19 14:00,1654
2019-07-19 14:05,1655
2019-07-19 14:10,1672
2019-07-19 14:15,1683
2019-07-19 14:20,1709
2019-07-19 14:25,1708
2019-07-19 14:30,1706
2019-07-19 14:35,1718
2019-07-19 14:40,1724
2019-07-19 14:45,1717
2019-07-19 14:50,1719
2019-07-19 14:55,1756
2019-07-19 15:00,1774
2019-07-19 15:05,1796
2019-07-19 15:10,1796
2019-07-19 15:15,1820
2019-07-19 15:20,1842
2019-07-19 15:25,1854
2019-07-19 15:30,1875
2019-07-19 15:35,1896
2019-07-19 15:40,1895
2019-07-19 15:45,1901
2019-07-19 15:50,1891
2019-07-19 15:55,1886
2019-07-19 16:00,1883
2019-07-19 16:05,1881
2019-07-19 16:10,1883
2019-07-19 16:15,1910
2019-07-19 16:20,1922
2019-07-19 16:25,1949
2019-07-19 16:30,1930
2019-07-19 16:35,1951
2019-07-19 16:40,1966
2019-07-19 16:45,1981
2019-07-19 16:50,2002
2019-07-19 16:55,2010
2019-07-19 17:00,2023
2019-07-19 17:05,2034
2019-07-19 17:10,2031
2019-07-19 17:15,2050
2019-07-19 17:20,2046
2019-07-19 17:25,2056
2019-07-19 17:30,2080
2019-07-19 17:35,2111
2019-07-19 17:40,2100
2019-07-19 17:45,2093
2019-07-19 17:50,2076
2019-07-19 17:55,2104
2019-07-19 18:00,2114
2019-07-19 18:05,2115
2019-07-19 18:10,2115
2019-07-19 18:15,2102
2019-07-19 18:20,2106
2019-07-19 18:25,2104
2019-07-19 18:30,2107
2019-07-19 18:35,2121
2019-07-19 18:40,2129
2019-07-19 18:45,2147
2019-07-19 18:50,2159
2019-07-19 18:55,2162
2019-07-19 19:00,2159
2019-07-19 19:05,2156
2019-07-19 19:10,2156
2019-07-19 19:15,2149
2019-07-19 19:20,2146
2019-07-19 19:25,2172
2019-07-19 19:30,2160
2019-07-19 19:35,2129
2019-07-19 19:40,2128
2019-07-19 19:45,2122
2019-07-19 19:50,2121
2019-07-19 19:55,2131
2019-07-19 20:00,2099
2019-07-19 20:05,2107
2019-07-19 20:10,0
2019-07-19 20:15,2100
2019-07-19 20:20,2098
2019-07-19 20:25,2079
2019-07-19 20:30,2080
2019-07-19 20:35,2080
2019-07-19 20:40,2077
2019-07-19 20:45,2062
2019-07-19 20:50,2072
2019-07-19 20:55,2058
2019-07-19 21:00,2024
2019-07-19 21:05,2003
2019-07-19 21:10,1980
2019-07-19 21:15,1960
2019-07-19 21:20,1937
2019-07-19 21:25,1923
2019-07-19 21:30,1895
2019-07-19 21:35,1881
2019-07-19 21:40,1879
2019-07-19 21:45,1860
2019-07-19 21:50,1834
2019-07-19 21:55,1827
2019-07-19 22:00,1794
2019-07-19 22:05,1774
2019-07-19 22:10,1736
2019-07-19 22:15,1721
2019-07-19 22:20,1719
2019-07-19 22:25,1697
2019-07-19 22:30,1672
2019-07-19 22:35,1675
2019-07-19 22:40,1667
2019-07-19 22:45,1675
2019-07-19 22:50,1651
2019-07-19 22:55,1633
2019-07-19 23:00,1635
2019-07-19 23:05,1618
2019-07-19 23:10,0
2019-07-19 23:15,1592
2019-07-19 23:20,1574
2019-07-19 23:25,1565
2019-07-19 23:30,1550
2019-07-19 23:35,1538
2019-07-19 23:40,1521
2019-07-19 23:45,1512
2019-07-19 23:50,1499
2019-07-19 23:55,1509
2019-07-20 00:00,1508
2019-07-20 00:05,1486
2019-07-20 00:10,1477
2019-07-20 00:15,1481
2019-07-20 00:20,1450
2019-07-20 00:25,1452
2019-07-20 00:30,1453
2019-07-20 00:35,1457
2019-07-20 00:40,1443
2019-07-20 00:45,1439
2019-07-20 00:50,1419
2019-07-20 00:55,1423
2019-07-20 01:00,1403
2019-07-20 01:05,1399
2019-07-20 01:10,1415
2019-07-20 01:15,1401
2019-07-20 01:20,1410
2019-07-20 01:25,1403
2019-07-20 01:30,1386
2019-07-20 01:35,1371
2019-07-20 01:40,1387
2019-07-20 01:45,1378
2019-07-20 01:50,1393
2019-07-20 01:55,1387
2019-07-20 02:00,1387
2019-07-20 02:05,1371
2019-07-20 02:10,1372
2019-07-20 02:15,1368
2019-07-20 02:20,1363
2019-07-20 02:25,1359
2019-07-20 02:30,1358
2019-07-20 02:35,1362
2019-07-20 02:40,1358
2019-07-20 02:45,1363
2019-07-20 02:50,1338
2019-07-20 02:55,1303
2019-07-20 03:00,1306
2019-07-20 03:05,1296
2019-07-20 03:10,1299
2019-07-20 03:15,1285
2019-07-20 03:20,1274
2019-07-20 03:25,1270
2019-07-20 03:30,1251
2019-07-20 03:35,1249
2019-07-20 03:40,1233
2019-07-20 03:45,1225
2019-07-20 03:50,1225
2019-07-20 03:55,1221
2019-07-20 04:00,1216
2019-07-20 04:05,1190
2019-07-20 04:10,1186
2019-07-20 04:15,1159
2019-07-20 04:20,1162
2019-07-20 04:25,1141
2019-07-20 04:30,1145
2019-07-20 04:35,1145
2019-07-20 04:40,1138
2019-07-20 04:45,1143
2019-07-20 04:50,1157
2019-07-20 04:55,1156
2019-07-20 05:00,1145
2019-07-20 05:05,1137
2019-07-20 05:10,1132
2019-07-20 05:15,1122
2019-07-20 05:20,1138
2019-07-20 05:25,1130
2019-07-20 05:30,1119
2019-07-20 05:35,1115
2019-07-20 05:40,1108
2019-07-20 05:45,1130
2019-07-20 05:50,1148
2019-07-20 05:55,1146
2019-07-20 06:00,1156
2019-07-20 06:05,1143
2019-07-20 06:10,1131
2019-07-20 06:15,1134
2019-07-20 06:20,1117
2019-07-20 06:25,1111
2019-07-20 06:30,1098
2019-07-20 06:35,1097
2019-07-20 06:40,1106
2019-07-20 06:45,1129
2019-07-20 06:50,1123
2019-07-20 06:55,1133
2019-07-20 07:00,1138
2019-07-20 07:05,1139
2019-07-20 07:10,1138
2019-07-20 07:15,1147
2019-07-20 07:20,1158
2019-07-20 07:25,1155
2019-07-20 07:30,1158
2019-07-20 07:35,1165
2019-07-20 07:40,1175
2019-07-20 07:45,1158
2019-07-20 07:50,1178
2019-07-20 07:55,1172
2019-07-20 08:00,1164
2019-07-20 08:05,1177
2019-07-20 08:10,1186
2019-07-20 08:15,1199
2019-07-20 08:20,1207
2019-07-20 08:25,1210
2019-07-20 08:30,1217
2019-07-20 08:35,1226
2019-07-20 08:40,1234
2019-07-20 08:45,1248
2019-07-20 08:50,1260
2019-07-20 08:55,1261
2019-07-20 09:00,1279
2019-07-20 09:05,1302
2019-07-20 09:10,1302
2019-07-20 09:15,1321
2019-07-20 09:20,1330
2019-07-20 09:25,1305
2019-07-20 09:30,1321
2019-07-20 09:35,1334
2019-07-20 09:40,1346
2019-07-20 09:45,1374
2019-07-20 09:50,1376
2019-07-20 09:55,1413
2019-07-20 10:00,1435
2019-07-20 10:05,1443
2019-07-20 10:10,1469
2019-07-20 10:15,1502
2019-07-20 10:20,1508
2019-07-20 10:25,1543
2019-07-20 10:30,1559
2019-07-20 10:35,1552
2019-07-20 10:40,1545
2019-07-20 10:45,1539
2019-07-20 10:50,1544
2019-07-20 10:55,1558
2019-07-20 11:00,1564
2019-07-20 11:05,1580
2019-07-20 11:10,1590
2019-07-20 11:15,1585
2019-07-20 11:20,1617
2019-07-20 11:25,1613
2019-07-20 11:30,1619
2019-07-20 11:35,1624
2019-07-20 11:40,1632
2019-07-20 11:45,1642
2019-07-20 11:50,1674
2019-07-20 11:55,1680
2019-07-20 12:00,1674
2019-07-20 12:05,1667
2019-07-20 12:10,1659
2019-07-20 12:15,1670
2019-07-20 12:20,1699
2019-07-20 12:25,1696
2019-07-20 12:30,1693
2019-07-20 12:35,1700
2019-07-20 12:40,1730
2019-07-20 12:45,1741
2019-07-20 12:50,1757
2019-07-20 12:55,1772
2019-07-20 13:00,1786
2019-07-20 13:05,1796
2019-07-20 13:10,1804
2019-07-20 13:15,1817
2019-07-20 13:20,1818
2019-07-20 13:25,1829
2019-07-20 13:30,1865
2019-07-20 13:35,1875
2019-07-20 13:40,1879
2019-07-20 13:45,1883
2019-07-20 13:50,1896
2019-07-20 13:55,1898
2019-07-20 14:00,1897
2019-07-20 14:05,1915
2019-07-20 14:10,1924
2019-07-20 14:15,1924
2019-07-20 14:20,1917
2019-07-20 14:25,1950
2019-07-20 14:30,1957
2019-07-20 14:35,1971
2019-07-20 14:40,1975
2019-07-20 14:45,1990
2019-07-20 14:50,1995
2019-07-20 14:55,2000
2019-07-20 15:00,2038
2019-07-20 15:05,2041
2019-07-20 15:10,2051
2019-07-20 15:15,2057
2019-07-20 15:20,2082
2019-07-20 15:25,2097
2019-07-20 15:30,2091
2019-07-20 15:35,2121
2019-07-20 15:40,2147
2019-07-20 15:45,2152
2019-07-20 15:50,2166
2019-07-20 15:55,2180
2019-07-20 16:00,2144
2019-07-20 16:05,2127
2019-07-20 16:10,2127
2019-07-20 16:15,2144
2019-07-20 16:20,2179
2019-07-20 16:25,2179
2019-07-20 16:30,2138
2019-07-20 16:35,2153
2019-07-20 16:40,2159
2019-07-20 16:45,2154
2019-07-20 16:50,2156
2019-07-20 16:55,2159
2019-07-20 17:00,2178
2019-07-20 17:05,2192
2019-07-20 17:10,2177
2019-07-20 17:15,2187
2019-07-20 17:20,2186
2019-07-20 17:25,2193
2019-07-20 17:30,2209
2019-07-20 17:35,2187
2019-07-20 17:40,2186
2019-07-20 17:45,2158
2019-07-20 17:50,2158
2019-07-20 17:55,2160
2019-07-20 18:00,2185
2019-07-20 18:05,2179
2019-07-20 18:10,2166
2019-07-20 18:15,2174
2019-07-20 18:20,2177
2019-07-20 18:25,2173
2019-07-20 18:30,2192
2019-07-20 18:35,2196
2019-07-20 18:40,2191
2019-07-20 18:45,2183
2019-07-20 18:50,2181
2019-07-20 18:55,2190
2019-07-20 19:00,2171
2019-07-20 19:05,2161
2019-07-20 19:10,2170
2019-07-20 19:15,2159
2019-07-20 19:20,2161
2019-07-20 19:25,2171
2019-07-20 19:30,2169
2019-07-20 19:35,2158
2019-07-20 19:40,2165
2019-07-20 19:45,2194
2019-07-20 19:50,2217
2019-07-20 19:55,2208
2019-07-20 20:00,2192
2019-07-20 20:05,2210
2019-07-20 20:10,2223
2019-07-20 20:15,2201
2019-07-20 20:20,2194
2019-07-20 20:25,2180
2019-07-20 20:30,2178
2019-07-20 20:35,2181
2019-07-20 20:40,2165
2019-07-20 20:45,2161
2019-07-20 20:50,2159
2019-07-20 20:55,2161
2019-07-20 21:00,2141
2019-07-20 21:05,2118
2019-07-20 21:10,2100
2019-07-20 21:15,2071
2019-07-20 21:20,2043
2019-07-20 21:25,2041
2019-07-20 21:30,2032
2019-07-20 21:35,2007
2019-07-20 21:40,2008
2019-07-20 21:45,1981
2019-07-20 21:50,1964
2019-07-20 21:55,1935
2019-07-20 22:00,1914
2019-07-20 22:05,1900
2019-07-20 22:10,1891
2019-07-20 22:15,1873
2019-07-20 22:20,1882
2019-07-20 22:25,1857
2019-07-20 22:30,1840
2019-07-20 22:35,1823
2019-07-20 22:40,1811
2019-07-20 22:45,1783
2019-07-20 22:50,1761
2019-07-20 22:55,1772
2019-07-20 23:00,1747
2019-07-20 23:05,1726
2019-07-20 23:10,1728
2019-07-20 23:15,1720
2019-07-20 23:20,1701
2019-07-20 23:25,1679
2019-07-20 23:30,1665
2019-07-20 23:35,1658
2019-07-20 23:40,1650
2019-07-20 23:45,1638
2019-07-20 23:50,1626
2019-07-20 23:55,1599
2019-07-21 00:00,1587
2019-07-21 00:05,1591
2019-07-21 00:10,1568
2019-07-21 00:15,1538
2019-07-21 00:20,1533
2019-07-21 00:25,1520
2019-07-21 00:30,1513
2019-07-21 00:35,1504
2019-07-21 00:40,1497
2019-07-21 00:45,1495
2019-07-21 00:50,1471
2019-07-21 00:55,1456
2019-07-21 01:00,1440
2019-07-21 01:05,1445
2019-07-21 01:10,1442
2019-07-21 01:15,1444
2019-07-21 01:20,1443
2019-07-21 01:25,1445
2019-07-21 01:30,1437
2019-07-21 01:35,1433
2019-07-21 01:40,1425
2019-07-21 01:45,1419
2019-07-21 01:50,1427
2019-07-21 01:55,1428
2019-07-21 02:00,1426
2019-07-21 02:05,1411
2019-07-21 02:10,1405
2019-07-21 02:15,1389
2019-07-21 02:20,1375
2019-07-21 02:25,1340
2019-07-21 02:30,1334
2019-07-21 02:35,1346
2019-07-21 02:40,1356
2019-07-21 02:45,1352
2019-07-21 02:50,1350
2019-07-21 02:55,1357
2019-07-21 03:00,1332
2019-07-21 03:05,1326
2019-07-21 03:10,1333
2019-07-21 03:15,1343
2019-07-21 03:20,1343
2019-07-21 03:25,1323
2019-07-21 03:30,1312
2019-07-21 03:35,1310
2019-07-21 03:40,1305
2019-07-21 03:45,1285
2019-07-21 03:50,1291
2019-07-21 03:55,1295
2019-07-21 04:00,1269
2019-07-21 04:05,1255
2019-07-21 04:10,1231
2019-07-21 04:15,1215
2019-07-21 04:20,1204
2019-07-21 04:25,1228
2019-07-21 04:30,1221
2019-07-21 04:35,1243
2019-07-21 04:40,1232
2019-07-21 04:45,1225
2019-07-21 04:50,1216
2019-07-21 04:55,1201
2019-07-21 05:00,1192
2019-07-21 05:05,1189
2019-07-21 05:10,1189
2019-07-21 05:15,1184
2019-07-21 05:20,1172
2019-07-21 05:25,1184
2019-07-21 05:30,1173
2019-07-21 05:35,1154
2019-07-21 05:40,1149
2019-07-21 05:45,1140
2019-07-21 05:50,1146
2019-07-21 05:55,1145
2019-07-21 06:00,1130
2019-07-21 06:05,1115
2019-07-21 06:10,1115
2019-07-21 06:15,1123
2019-07-21 06:20,1141
2019-07-21 06:25,1157
2019-07-21 06:30,1153
2019-07-21 06:35,1167
2019-07-21 06:40,1172
2019-07-21 06:45,1192
2019-07-21 06:50,1191
2019-07-21 06:55,1200
2019-07-21 07:00,1205
2019-07-21 07:05,1209
2019-07-21 07:10,1200
2019-07-21 07:15,1214
2019-07-21 07:20,1211
2019-07-21 07:25,1226
2019-07-21 07:30,1239
2019-07-21 07:35,1249
2019-07-21 07:40,1263
2019-07-21 07:45,1270
2019-07-21 07:50,1273
2019-07-21 07:55,1270
2019-07-21 08:00,1269
2019-07-21 08:05,1279
2019-07-21 08:10,1280
2019-07-21 08:15,1281
2019-07-21 08:20,1290
2019-07-21 08:25,1297
2019-07-21 08:30,1323
2019-07-21 08:35,1323
2019-07-21 08:40,1342
2019-07-21 08:45,1358
2019-07-21 08:50,1352
2019-07-21 08:55,1376
2019-07-21 09:00,1380
2019-07-21 09:05,1392
2019-07-21 09:10,1401
2019-07-21 09:15,1411
2019-07-21 09:20,1428
2019-07-21 09:25,1451
2019-07-21 09:30,1468
2019-07-21 09:35,1488
2019-07-21 09:40,1510
2019-07-21 09:45,1509
2019-07-21 09:50,1531
2019-07-21 09:55,1555
2019-07-21 10:00,1560
2019-07-21 10:05,1577
2019-07-21 10:10,1579
2019-07-21 10:15,1599
2019-07-21 10:20,1640
2019-07-21 10:25,1649
2019-07-21 10:30,1651
2019-07-21 10:35,1668
2019-07-21 10:40,1674
2019-07-21 10:45,1680
2019-07-21 10:50,1696
2019-07-21 10:55,1710
2019-07-21 11:00,1719
2019-07-21 11:05,1728
2019-07-21 11:10,1734
2019-07-21 11:15,1736
2019-07-21 11:20,1728
2019-07-21 11:25,1746
2019-07-21 11:30,1780
2019-07-21 11:35,1790
2019-07-21 11:40,1762
2019-07-21 11:45,1751
2019-07-21 11:50,1751
2019-07-21 11:55,1775
2019-07-21 12:00,1774
2019-07-21 12:05,1799
2019-07-21 12:10,1814
2019-07-21 12:15,1826
2019-07-21 12:20,1834
2019-07-21 12:25,1840
2019-07-21 12:30,1839
2019-07-21 12:35,1851
2019-07-21 12:40,1869
2019-07-21 12:45,1883
2019-07-21 12:50,1895
2019-07-21 12:55,1889
2019-07-21 13:00,1913
2019-07-21 13:05,1928
2019-07-21 13:10,1957
2019-07-21 13:15,1968
2019-07-21 13:20,1977
2019-07-21 13:25,1972
2019-07-21 13:30,2003
2019-07-21 13:35,2020
2019-07-21 13:40,2050
2019-07-21 13:45,2041
2019-07-21 13:50,2055
2019-07-21 13:55,2076
2019-07-21 14:00,2072
2019-07-21 14:05,2092
2019-07-21 14:10,2090
2019-07-21 14:15,2098
2019-07-21 14:20,2105
2019-07-21 14:25,2124
2019-07-21 14:30,2126
2019-07-21 14:35,2141
2019-07-21 14:40,2139
2019-07-21 14:45,2157
2019-07-21 14:50,2170
2019-07-21 14:55,2194
2019-07-21 15:00,2202
2019-07-21 15:05,2214
2019-07-21 15:10,2225
2019-07-21 15:15,2235
2019-07-21 15:20,2230
2019-07-21 15:25,2217
2019-07-21 15:30,2213
2019-07-21 15:35,2221
2019-07-21 15:40,2262
2019-07-21 15:45,2277
2019-07-21 15:50,2298
2019-07-21 15:55,2331
2019-07-21 16:00,2332
2019-07-21 16:05,2338
2019-07-21 16:10,2355
2019-07-21 16:15,2353
2019-07-21 16:20,2370
2019-07-21 16:25,2372
2019-07-21 16:30,2357
2019-07-21 16:35,2376
2019-07-21 16:40,2372
2019-07-21 16:45,2363
2019-07-21 16:50,2375
2019-07-21 16:55,2392
2019-07-21 17:00,2380
2019-07-21 17:05,2352
2019-07-21 17:10,2360
2019-07-21 17:15,2368
2019-07-21 17:20,2372
2019-07-21 17:25,2355
2019-07-21 17:30,2369
2019-07-21 17:35,2342
2019-07-21 17:40,2367
2019-07-21 17:45,2381
2019-07-21 17:50,2394
2019-07-21 17:55,2393
2019-07-21 18:00,2377
2019-07-21 18:05,2373
2019-07-21 18:10,2385
2019-07-21 18:15,2394
2019-07-21 18:20,2398
2019-07-21 18:25,2397
2019-07-21 18:30,2371
2019-07-21 18:35,2393
2019-07-21 18:40,2389
2019-07-21 18:45,2372
2019-07-21 18:50,2396
2019-07-21 18:55,2415
2019-07-21 19:00,2423
2019-07-21 19:05,2417
2019-07-21 19:10,2433
2019-07-21 19:15,2443
2019-07-21 19:20,2452
2019-07-21 19:25,2442
2019-07-21 19:30,2438
2019-07-21 19:35,2429
2019-07-21 19:40,2412
2019-07-21 19:45,2408
2019-07-21 19:50,2419
2019-07-21 19:55,2400
2019-07-21 20:00,2404
2019-07-21 20:05,2405
2019-07-21 20:10,2402
2019-07-21 20:15,2390
2019-07-21 20:20,2364
2019-07-21 20:25,2345
2019-07-21 20:30,2335
2019-07-21 20:35,2344
2019-07-21 20:40,2351
2019-07-21 20:45,2333
2019-07-21 20:50,2336
2019-07-21 20:55,2326
2019-07-21 21:00,2292
2019-07-21 21:05,2279
2019-07-21 21:10,2273
2019-07-21 21:15,2255
2019-07-21 21:20,2211
2019-07-21 21:25,2194
2019-07-21 21:30,2161
2019-07-21 21:35,2125
2019-07-21 21:40,2126
2019-07-21 21:45,2101
2019-07-21 21:50,2081
2019-07-21 21:55,2065
2019-07-21 22:00,2032
2019-07-21 22:05,1984
2019-07-21 22:10,1967
2019-07-21 22:15,1958
2019-07-21 22:20,1921
2019-07-21 22:25,1902
2019-07-21 22:30,1884
2019-07-21 22:35,1875
2019-07-21 22:40,1844
2019-07-21 22:45,1806
2019-07-21 22:50,1794
2019-07-21 22:55,1776
2019-07-21 23:00,1739
2019-07-21 23:05,1717
2019-07-21 23:10,1710
2019-07-21 23:15,1680
2019-07-21 23:20,1668
2019-07-21 23:25,1668
2019-07-21 23:30,1640
2019-07-21 23:35,1613
2019-07-21 23:40,1612
2019-07-21 23:45,1605
2019-07-21 23:50,1587
2019-07-21 23:55,1567
2019-07-22 00:00,1569
2019-07-22 00:05,1561
2019-07-22 00:10,1574
2019-07-22 00:15,1564
2019-07-22 00:20,1551
2019-07-22 00:25,1547
2019-07-22 00:30,1529
2019-07-22 00:35,1508
2019-07-22 00:40,1483
2019-07-22 00:45,1481
2019-07-22 00:50,1474
2019-07-22 00:55,1481
2019-07-22 01:00,1490
2019-07-22 01:05,1477
2019-07-22 01:10,1480
2019-07-22 01:15,1483
2019-07-22 01:20,1448
2019-07-22 01:25,1449
2019-07-22 01:30,1430
2019-07-22 01:35,1426
2019-07-22 01:40,1427
2019-07-22 01:45,1426
2019-07-22 01:50,1410
2019-07-22 01:55,1399
2019-07-22 02:00,1399
2019-07-22 02:05,1397
2019-07-22 02:10,1376
2019-07-22 02:15,1366
2019-07-22 02:20,1357
2019-07-22 02:25,1354
2019-07-22 02:30,1330
2019-07-22 02:35,1325
2019-07-22 02:40,1314
2019-07-22 02:45,1298
2019-07-22 02:50,1317
2019-07-22 02:55,1295
2019-07-22 03:00,1289
2019-07-22 03:05,1254
2019-07-22 03:10,1253
2019-07-22 03:15,1229
2019-07-22 03:20,1224
2019-07-22 03:25,1220
2019-07-22 03:30,1213
2019-07-22 03:35,1193
2019-07-22 03:40,1177
2019-07-22 03:45,1171
2019-07-22 03:50,1168
2019-07-22 03:55,1153
2019-07-22 04:00,1140
2019-07-22 04:05,1124
2019-07-22 04:10,1117
2019-07-22 04:15,1116
2019-07-22 04:20,1091
2019-07-22 04:25,1091
2019-07-22 04:30,1084
2019-07-22 04:35,1074
2019-07-22 04:40,1072
2019-07-22 04:45,1068
2019-07-22 04:50,1054
2019-07-22 04:55,1039
2019-07-22 05:00,1011
2019-07-22 05:05,999
2019-07-22 05:10,986
2019-07-22 05:15,977
2019-07-22 05:20,963
2019-07-22 05:25,954
2019-07-22 05:30,943
2019-07-22 05:35,924
2019-07-22 05:40,923
2019-07-22 05:45,910
2019-07-22 05:50,893
2019-07-22 05:55,899
2019-07-22 06:00,900
2019-07-22 06:05,898
2019-07-22 06:10,885
2019-07-22 06:15,894
2019-07-22 06:20,895
2019-07-22 06:25,895
2019-07-22 06:30,905
2019-07-22 06:35,892
2019-07-22 06:40,884
2019-07-22 06:45,896
2019-07-22 06:50,897
2019-07-22 06:55,895
2019-07-22 07:00,899
2019-07-22 07:05,890
2019-07-22 07:10,902
2019-07-22 07:15,914
2019-07-22 07:20,913
2019-07-22 07:25,912
2019-07-22 07:30,906
2019-07-22 07:35,918
2019-07-22 07:40,922
2019-07-22 07:45,944
2019-07-22 07:50,970
2019-07-22 07:55,970
2019-07-22 08:00,993
2019-07-22 08:05,1007
2019-07-22 08:10,998
2019-07-22 08:15,1017
2019-07-22 08:20,1032
2019-07-22 08:25,1024
2019-07-22 08:30,1037
2019-07-22 08:35,1032
2019-07-22 08:40,1041
2019-07-22 08:45,1049
2019-07-22 08:50,1066
2019-07-22 08:55,1071
2019-07-22 09:00,1087
2019-07-22 09:05,1077
2019-07-22 09:10,1096
2019-07-22 09:15,1101
2019-07-22 09:20,1090
2019-07-22 09:25,1094
2019-07-22 09:30,1105
2019-07-22 09:35,1114
2019-07-22 09:40,1127
2019-07-22 09:45,1131
2019-07-22 09:50,1161
2019-07-22 09:55,1183
2019-07-22 10:00,1204
2019-07-22 10:05,1233
2019-07-22 10:10,1244
2019-07-22 10:15,1257
2019-07-22 10:20,1269
2019-07-22 10:25,1280
2019-07-22 10:30,1288
2019-07-22 10:35,1287
2019-07-22 10:40,1281
2019-07-22 10:45,1273
2019-07-22 10:50,1290
2019-07-22 10:55,1306
2019-07-22 11:00,1317
2019-07-22 11:05,1322
2019-07-22 11:10,1329
2019-07-22 11:15,1326
2019-07-22 11:20,1345
2019-07-22 11:25,1371
2019-07-22 11:30,1386
2019-07-22 11:35,1411
2019-07-22 11:40,1419
2019-07-22 11:45,1433
2019-07-22 11:50,1446
2019-07-22 11:55,1459
2019-07-22 12:00,1476
2019-07-22 12:05,1481
2019-07-22 12:10,1471
2019-07-22 12:15,1477
2019-07-22 12:20,1498
2019-07-22 12:25,1504
2019-07-22 12:30,1522
2019-07-22 12:35,1525
2019-07-22 12:40,1532
2019-07-22 12:45,1532
2019-07-22 12:50,1524
2019-07-22 12:55,1527
2019-07-22 13:00,1538
2019-07-22 13:05,1526
2019-07-22 13:10,1524
2019-07-22 13:15,1534
2019-07-22 13:20,1536
2019-07-22 13:25,1532
2019-07-22 13:30,1524
2019-07-22 13:35,1536
2019-07-22 13:40,1557
2019-07-22 13:45,1563
2019-07-22 13:50,1575
2019-07-22 13:55,1593
2019-07-22 14:00,1598
2019-07-22 14:05,1630
2019-07-22 14:10,1640
2019-07-22 14:15,1643
2019-07-22 14:20,1666
2019-07-22 14:25,1673
2019-07-22 14:30,1683
2019-07-22 14:35,1695
2019-07-22 14:40,1701
2019-07-22 14:45,1708
2019-07-22 14:50,1717
2019-07-22 14:55,1738
2019-07-22 15:00,1762
2019-07-22 15:05,1805
2019-07-22 15:10,1814
2019-07-22 15:15,1826
2019-07-22 15:20,1836
2019-07-22 15:25,1848
2019-07-22 15:30,1871
2019-07-22 15:35,1872
2019-07-22 15:40,1864
2019-07-22 15:45,1838
2019-07-22 15:50,1832
2019-07-22 15:55,1829
2019-07-22 16:00,1856
2019-07-22 16:05,1849
2019-07-22 16:10,1875
2019-07-22 16:15,1905
2019-07-22 16:20,1910
2019-07-22 16:25,1917
2019-07-22 16:30,1955
2019-07-22 16:35,1974
2019-07-22 16:40,2001
2019-07-22 16:45,2000
2019-07-22 16:50,2020
2019-07-22 16:55,2009
2019-07-22 17:00,2035
2019-07-22 17:05,2025
2019-07-22 17:10,2055
2019-07-22 17:15,2080
2019-07-22 17:20,2091
2019-07-22 17:25,2100
2019-07-22 17:30,2119
2019-07-22 17:35,2143
2019-07-22 17:40,2149
2019-07-22 17:45,2160
2019-07-22 17:50,2150
2019-07-22 17:55,2172
2019-07-22 18:00,2162
2019-07-22 18:05,2138
2019-07-22 18:10,2154
2019-07-22 18:15,2162
2019-07-22 18:20,2179
2019-07-22 18:25,2182
2019-07-22 18:30,2169
2019-07-22 18:35,2188
2019-07-22 18:40,2202
2019-07-22 18:45,2216
2019-07-22 18:50,2222
2019-07-22 18:55,2228
2019-07-22 19:00,2217
2019-07-22 19:05,2218
2019-07-22 19:10,2217
2019-07-22 19:15,2217
2019-07-22 19:20,2225
2019-07-22 19:25,2231
2019-07-22 19:30,2221
2019-07-22 19:35,2200
2019-07-22 19:40,2213
2019-07-22 19:45,2225
2019-07-22 19:50,2214
2019-07-22 19:55,2210
2019-07-22 20:00,2215
2019-07-22 20:05,2185
2019-07-22 20:10,2173
2019-07-22 20:15,2149
2019-07-22 20:20,2131
2019-07-22 20:25,2123
2019-07-22 20:30,2103
2019-07-22 20:35,2117
2019-07-22 20:40,2114
2019-07-22 20:45,2095
2019-07-22 20:50,2078
2019-07-22 20:55,2059
2019-07-22 21:00,2042
2019-07-22 21:05,2024
2019-07-22 21:10,2016
2019-07-22 21:15,2014
2019-07-22 21:20,2016
2019-07-22 21:25,2007
2019-07-22 21:30,1989
2019-07-22 21:35,1964
2019-07-22 21:40,1941
2019-07-22 21:45,1939
2019-07-22 21:50,1939
2019-07-22 21:55,1936
2019-07-22 22:00,1931
2019-07-22 22:05,1923
2019-07-22 22:10,1919
2019-07-22 22:15,1893
2019-07-22 22:20,1868
2019-07-22 22:25,1846
2019-07-22 22:30,1849
2019-07-22 22:35,1823
2019-07-22 22:40,1824
2019-07-22 22:45,1784
2019-07-22 22:50,1769
2019-07-22 22:55,1739
2019-07-22 23:00,1721
2019-07-22 23:05,1679
2019-07-22 23:10,1656
2019-07-22 23:15,0
2019-07-22 23:20,1593
2019-07-22 23:25,1579
2019-07-22 23:30,1559
2019-07-22 23:35,1559
2019-07-22 23:40,1564
2019-07-22 23:45,1588
2019-07-22 23:50,1579
2019-07-22 23:55,1567
2019-07-23 00:00,0
2019-07-23 00:05,1534
2019-07-23 00:10,1537
2019-07-23 00:15,1545
2019-07-23 00:20,1523
2019-07-23 00:25,1527
2019-07-23 00:30,1507
2019-07-23 00:35,1508
2019-07-23 00:40,1502
2019-07-23 00:45,1509
2019-07-23 00:50,1497
2019-07-23 00:55,1476
2019-07-23 01:00,1466
2019-07-23 01:05,1479
2019-07-23 01:10,1488
2019-07-23 01:15,1473
2019-07-23 01:20,1459
2019-07-23 01:25,1446
2019-07-23 01:30,1449
2019-07-23 01:35,1430
2019-07-23 01:40,1433
2019-07-23 01:45,1432
2019-07-23 01:50,1417
2019-07-23 01:55,1416
2019-07-23 02:00,1402
2019-07-23 02:05,1397
2019-07-23 02:10,1391
2019-07-23 02:15,1402
2019-07-23 02:20,1378
2019-07-23 02:25,1379
2019-07-23 02:30,1372
2019-07-23 02:35,1378
2019-07-23 02:40,1373
2019-07-23 02:45,1348
2019-07-23 02:50,1340
2019-07-23 02:55,1319
2019-07-23 03:00,1310
2019-07-23 03:05,1310
2019-07-23 03:10,1293
2019-07-23 03:15,1290
2019-07-23 03:20,1279
2019-07-23 03:25,1275
2019-07-23 03:30,1275
2019-07-23 03:35,1265
2019-07-23 03:40,1234
2019-07-23 03:45,1214
2019-07-23 03:50,1205
2019-07-23 03:55,1180
2019-07-23 04:00,1180
2019-07-23 04:05,1154
2019-07-23 04:10,1149
2019-07-23 04:15,1152
2019-07-23 04:20,1155
2019-07-23 04:25,1139
2019-07-23 04:30,1126
2019-07-23 04:35,1125
2019-07-23 04:40,1118
2019-07-23 04:45,1091
2019-07-23 04:50,1092
2019-07-23 04:55,1069
2019-07-23 05:00,1071
2019-07-23 05:05,1050
2019-07-23 05:10,1022
2019-07-23 05:15,1021
2019-07-23 05:20,1012
2019-07-23 05:25,1018
2019-07-23 05:30,1013
2019-07-23 05:35,998
2019-07-23 05:40,1006
2019-07-23 05:45,992
2019-07-23 05:50,976
2019-07-23 05:55,980
2019-07-23 06:00,979
2019-07-23 06:05,979
2019-07-23 06:10,963
2019-07-23 06:15,957
2019-07-23 06:20,959
2019-07-23 06:25,967
2019-07-23 06:30,948
2019-07-23 06:35,943
2019-07-23 06:40,938
2019-07-23 06:45,932
2019-07-23 06:50,934
2019-07-23 06:55,953
2019-07-23 07:00,955
2019-07-23 07:05,940
2019-07-23 07:10,943
2019-07-23 07:15,944
2019-07-23 07:20,946
2019-07-23 07:25,971
2019-07-23 07:30,973
2019-07-23 07:35,974
2019-07-23 07:40,975
2019-07-23 07:45,978
2019-07-23 07:50,985
2019-07-23 07:55,989
2019-07-23 08:00,1010
2019-07-23 08:05,1003
2019-07-23 08:10,1013
2019-07-23 08:15,1028
2019-07-23 08:20,1038
2019-07-23 08:25,1045
2019-07-23 08:30,1050
2019-07-23 08:35,1050
2019-07-23 08:40,1053
2019-07-23 08:45,1072
2019-07-23 08:50,1089
2019-07-23 08:55,1101
2019-07-23 09:00,1111
2019-07-23 09:05,1110
2019-07-23 09:10,1113
2019-07-23 09:15,1129
2019-07-23 09:20,1130
2019-07-23 09:25,1138
2019-07-23 09:30,1143
2019-07-23 09:35,1151
2019-07-23 09:40,1156
2019-07-23 09:45,1154
2019-07-23 09:50,1166
2019-07-23 09:55,1190
2019-07-23 10:00,1220
2019-07-23 10:05,1238
2019-07-23 10:10,1232
2019-07-23 10:15,1243
2019-07-23 10:20,1266
2019-07-23 10:25,1279
2019-07-23 10:30,1286
2019-07-23 10:35,1302
2019-07-23 10:40,1303
2019-07-23 10:45,1299
2019-07-23 10:50,1307
2019-07-23 10:55,1318
2019-07-23 11:00,1314
2019-07-23 11:05,1311
2019-07-23 11:10,1326
2019-07-23 11:15,1341
2019-07-23 11:20,1345
2019-07-23 11:25,1365
2019-07-23 11:30,1365
2019-07-23 11:35,1362
2019-07-23 11:40,1372
2019-07-23 11:45,1400
2019-07-23 11:50,1406
2019-07-23 11:55,1411
2019-07-23 12:00,1398
2019-07-23 12:05,1399
2019-07-23 12:10,1409
2019-07-23 12:15,1426
2019-07-23 12:20,1436
2019-07-23 12:25,1452
2019-07-23 12:30,1449
2019-07-23 12:35,1451
2019-07-23 12:40,1456
2019-07-23 12:45,1468
2019-07-23 12:50,1469
2019-07-23 12:55,1488
2019-07-23 13:00,1496
2019-07-23 13:05,1500
2019-07-23 13:10,1503
2019-07-23 13:15,1520
2019-07-23 13:20,1549
2019-07-23 13:25,1574
2019-07-23 13:30,1594
2019-07-23 13:35,1593
2019-07-23 13:40,1596
2019-07-23 13:45,1616
2019-07-23 13:50,1632
2019-07-23 13:55,1629
2019-07-23 14:00,1650
2019-07-23 14:05,1646
2019-07-23 14:10,1657
2019-07-23 14:15,1658
2019-07-23 14:20,1654
2019-07-23 14:25,1649
2019-07-23 14:30,1659
2019-07-23 14:35,1687
2019-07-23 14:40,1674
2019-07-23 14:45,1664
2019-07-23 14:50,1671
2019-07-23 14:55,1679
2019-07-23 15:00,1683
2019-07-23 15:05,1685
2019-07-23 15:10,1695
2019-07-23 15:15,1699
2019-07-23 15:20,1739
2019-07-23 15:25,1760
2019-07-23 15:30,1766
2019-07-23 15:35,1765
2019-07-23 15:40,1773
2019-07-23 15:45,1792
2019-07-23 15:50,1806
2019-07-23 15:55,1805
2019-07-23 16:00,1815
2019-07-23 16:05,1818
2019-07-23 16:10,1826
2019-07-23 16:15,1858
2019-07-23 16:20,1869
2019-07-23 16:25,1884
2019-07-23 16:30,1888
2019-07-23 16:35,1910
2019-07-23 16:40,1914
2019-07-23 16:45,1919
2019-07-23 16:50,1956
2019-07-23 16:55,1968
2019-07-23 17:00,1992
2019-07-23 17:05,2010
2019-07-23 17:10,2038
2019-07-23 17:15,2033
2019-07-23 17:20,2039
2019-07-23 17:25,2055
2019-07-23 17:30,2055
2019-07-23 17:35,2055
2019-07-23 17:40,2078
2019-07-23 17:45,2080
2019-07-23 17:50,2078
2019-07-23 17:55,2074
2019-07-23 18:00,2091
2019-07-23 18:05,2088
2019-07-23 18:10,2096
2019-07-23 18:15,2108
2019-07-23 18:20,2087
2019-07-23 18:25,2114
2019-07-23 18:30,2123
2019-07-23 18:35,2115
2019-07-23 18:40,2123
2019-07-23 18:45,2124
2019-07-23 18:50,2124
2019-07-23 18:55,2129
2019-07-23 19:00,2150
2019-07-23 19:05,2162
2019-07-23 19:10,2173
2019-07-23 19:15,2154
2019-07-23 19:20,2164
2019-07-23 19:25,2163
2019-07-23 19:30,2177
2019-07-23 19:35,2173
2019-07-23 19:40,2180
2019-07-23 19:45,2191
2019-07-23 19:50,2161
2019-07-23 19:55,2156
2019-07-23 20:00,2129
2019-07-23 20:05,2119
2019-07-23 20:10,2115
2019-07-23 20:15,2112
2019-07-23 20:20,2088
2019-07-23 20:25,2068
2019-07-23 20:30,2053
2019-07-23 20:35,2047
2019-07-23 20:40,2045
2019-07-23 20:45,2030
2019-07-23 20:50,2001
2019-07-23 20:55,1958
2019-07-23 21:00,1964
2019-07-23 21:05,1947
2019-07-23 21:10,1917
2019-07-23 21:15,1920
2019-07-23 21:20,1916
2019-07-23 21:25,1905
2019-07-23 21:30,1865
2019-07-23 21:35,1854
2019-07-23 21:40,1836
2019-07-23 21:45,1826
2019-07-23 21:50,1826
2019-07-23 21:55,1833
2019-07-23 22:00,1832
2019-07-23 22:05,1791
2019-07-23 22:10,1777
2019-07-23 22:15,1742
2019-07-23 22:20,1700
2019-07-23 22:25,1694
2019-07-23 22:30,1685
2019-07-23 22:35,0
2019-07-23 22:40,0
2019-07-23 22:45,1130
2019-07-23 22:50,1575
2019-07-23 22:55,1590
2019-07-23 23:00,1588
2019-07-23 23:05,1601
2019-07-23 23:10,1588
2019-07-23 23:15,1567
2019-07-23 23:20,1557
2019-07-23 23:25,1560
2019-07-23 23:30,1559
2019-07-23 23:35,1552
2019-07-23 23:40,1546
2019-07-23 23:45,1540
2019-07-23 23:50,1524
2019-07-23 23:55,1518
2019-07-24 00:00,1498
2019-07-24 00:05,1489
2019-07-24 00:10,1476
2019-07-24 00:15,1482
2019-07-24 00:20,1468
2019-07-24 00:25,1476
2019-07-24 00:30,1474
2019-07-24 00:35,1468
2019-07-24 00:40,1466
2019-07-24 00:45,1467
2019-07-24 00:50,1446
2019-07-24 00:55,1431
2019-07-24 01:00,1422
2019-07-24 01:05,1420
2019-07-24 01:10,1446
2019-07-24 01:15,1438
2019-07-24 01:20,1431
2019-07-24 01:25,1419
2019-07-24 01:30,1417
2019-07-24 01:35,1419
2019-07-24 01:40,1419
2019-07-24 01:45,1415
2019-07-24 01:50,1425
2019-07-24 01:55,1421
2019-07-24 02:00,1419
2019-07-24 02:05,1384
2019-07-24 02:10,1351
2019-07-24 02:15,1351
2019-07-24 02:20,1321
2019-07-24 02:25,1321
2019-07-24 02:30,1320
2019-07-24 02:35,1305
2019-07-24 02:40,1286
2019-07-24 02:45,1280
2019-07-24 02:50,1258
2019-07-24 02:55,1257
2019-07-24 03:00,1249
2019-07-24 03:05,1248
2019-07-24 03:10,1262
2019-07-24 03:15,1247
2019-07-24 03:20,1241
2019-07-24 03:25,1240
2019-07-24 03:30,1210
2019-07-24 03:35,1202
2019-07-24 03:40,1175
2019-07-24 03:45,1162
2019-07-24 03:50,1150
2019-07-24 03:55,1148
2019-07-24 04:00,1151
2019-07-24 04:05,1132
2019-07-24 04:10,1119
2019-07-24 04:15,1098
2019-07-24 04:20,1098
2019-07-24 04:25,1085
2019-07-24 04:30,1088
2019-07-24 04:35,1082
2019-07-24 04:40,1078
2019-07-24 04:45,1061
2019-07-24 04:50,1054
2019-07-24 04:55,1048
2019-07-24 05:00,1043
2019-07-24 05:05,1037
2019-07-24 05:10,1022
2019-07-24 05:15,1006
2019-07-24 05:20,997
2019-07-24 05:25,976
2019-07-24 05:30,986
2019-07-24 05:35,996
2019-07-24 05:40,995
2019-07-24 05:45,984
2019-07-24 05:50,978
2019-07-24 05:55,955
2019-07-24 06:00,968
2019-07-24 06:05,980
2019-07-24 06:10,983
2019-07-24 06:15,972
2019-07-24 06:20,954
2019-07-24 06:25,963
2019-07-24 06:30,944
2019-07-24 06:35,932
2019-07-24 06:40,938
2019-07-24 06:45,948
2019-07-24 06:50,960
2019-07-24 06:55,949
2019-07-24 07:00,959
2019-07-24 07:05,978
2019-07-24 07:10,998
2019-07-24 07:15,999
2019-07-24 07:20,1008
2019-07-24 07:25,1005
2019-07-24 07:30,1008
2019-07-24 07:35,1022
2019-07-24 07:40,1025
2019-07-24 07:45,1025
2019-07-24 07:50,1027
2019-07-24 07:55,1029
2019-07-24 08:00,1039
2019-07-24 08:05,1040
2019-07-24 08:10,1044
2019-07-24 08:15,1055
2019-07-24 08:20,1060
2019-07-24 08:25,1053
2019-07-24 08:30,1057
2019-07-24 08:35,1048
2019-07-24 08:40,1056
2019-07-24 08:45,1074
2019-07-24 08:50,1077
2019-07-24 08:55,1083
2019-07-24 09:00,1083
2019-07-24 09:05,1079
2019-07-24 09:10,1103
2019-07-24 09:15,1100
2019-07-24 09:20,1100
2019-07-24 09:25,1090
2019-07-24 09:30,1102
2019-07-24 09:35,1128
2019-07-24 09:40,1136
2019-07-24 09:45,1128
2019-07-24 09:50,1152
2019-07-24 09:55,1166
2019-07-24 10:00,1184
2019-07-24 10:05,1205
2019-07-24 10:10,1223
2019-07-24 10:15,1234
2019-07-24 10:20,1248
2019-07-24 10:25,1259
2019-07-24 10:30,1280
2019-07-24 10:35,1278
2019-07-24 10:40,1291
2019-07-24 10:45,1293
2019-07-24 10:50,1292
2019-07-24 10:55,1312
2019-07-24 11:00,1324
2019-07-24 11:05,1306
2019-07-24 11:10,1308
2019-07-24 11:15,1321
2019-07-24 11:20,1332
2019-07-24 11:25,1345
2019-07-24 11:30,1344
2019-07-24 11:35,1340
2019-07-24 11:40,1352
2019-07-24 11:45,1353
2019-07-24 11:50,1370
2019-07-24 11:55,1383
2019-07-24 12:00,1378
2019-07-24 12:05,1383
2019-07-24 12:10,1411
2019-07-24 12:15,1412
2019-07-24 12:20,1410
2019-07-24 12:25,1426
2019-07-24 12:30,1425
2019-07-24 12:35,1424
2019-07-24 12:40,1433
2019-07-24 12:45,1421
2019-07-24 12:50,1433
2019-07-24 12:55,1452
2019-07-24 13:00,1449
2019-07-24 13:05,1459
2019-07-24 13:10,1478
2019-07-24 13:15,1480
2019-07-24 13:20,1483
2019-07-24 13:25,1462
2019-07-24 13:30,1478
2019-07-24 13:35,1489
2019-07-24 13:40,1488
2019-07-24 13:45,1496
2019-07-24 13:50,1513
2019-07-24 13:55,1524
2019-07-24 14:00,1521
2019-07-24 14:05,1533
2019-07-24 14:10,1548
2019-07-24 14:15,1545
2019-07-24 14:20,1541
2019-07-24 14:25,1555
2019-07-24 14:30,1577
2019-07-24 14:35,1619
2019-07-24 14:40,1616
2019-07-24 14:45,1643
2019-07-24 14:50,1645
2019-07-24 14:55,1653
2019-07-24 15:00,1674
2019-07-24 15:05,1670
2019-07-24 15:10,1677
2019-07-24 15:15,1700
2019-07-24 15:20,1710
2019-07-24 15:25,1700
2019-07-24 15:30,1691
2019-07-24 15:35,1681
2019-07-24 15:40,1722
2019-07-24 15:45,1729
2019-07-24 15:50,1747
2019-07-24 15:55,1769
2019-07-24 16:00,1789
2019-07-24 16:05,1784
2019-07-24 16:10,1796
2019-07-24 16:15,
2019-07-24 16:20,1813
2019-07-24 16:25,1836
2019-07-24 16:30,1826
2019-07-24 16:35,1846
2019-07-24 16:40,1834
2019-07-24 16:45,1836
2019-07-24 16:50,1847
2019-07-24 16:55,1858
2019-07-24 17:00,1874
2019-07-24 17:05,1888
2019-07-24 17:10,1899
2019-07-24 17:15,1900
2019-07-24 17:20,1893
2019-07-24 17:25,1924
2019-07-24 17:30,1944
2019-07-24 17:35,1961
2019-07-24 17:40,1961
2019-07-24 17:45,1967
2019-07-24 17:50,1955
2019-07-24 17:55,1943
2019-07-24 18:00,1938
2019-07-24 18:05,1944
2019-07-24 18:10,1954
2019-07-24 18:15,1938
2019-07-24 18:20,1942
2019-07-24 18:25,1971
2019-07-24 18:30,1988
2019-07-24 18:35,1984
2019-07-24 18:40,1978
2019-07-24 18:45,1956
2019-07-24 18:50,1969
2019-07-24 18:55,1987
2019-07-24 19:00,1996
2019-07-24 19:05,1989
2019-07-24 19:10,1984
2019-07-24 19:15,1996
2019-07-24 19:20,2016
2019-07-24 19:25,2002
2019-07-24 19:30,1977
2019-07-24 19:35,1984
2019-07-24 19:40,1967
2019-07-24 19:45,1985
2019-07-24 19:50,1986
2019-07-24 19:55,2000
2019-07-24 20:00,1991
2019-07-24 20:05,2009
2019-07-24 20:10,2004
2019-07-24 20:15,2002
2019-07-24 20:20,2007
2019-07-24 20:25,1993
2019-07-24 20:30,1982
2019-07-24 20:35,1969
2019-07-24 20:40,1941
2019-07-24 20:45,1926
2019-07-24 20:50,1907
2019-07-24 20:55,1888
2019-07-24 21:00,1860
2019-07-24 21:05,1861
2019-07-24 21:10,1849
2019-07-24 21:15,1843
2019-07-24 21:20,1811
2019-07-24 21:25,1805
2019-07-24 21:30,1728
2019-07-24 21:35,1730
2019-07-24 21:40,0
2019-07-24 21:45,1756
2019-07-24 21:50,1735
2019-07-24 21:55,1694
2019-07-24 22:00,1682
2019-07-24 22:05,1668
2019-07-24 22:10,1632
2019-07-24 22:15,1602
2019-07-24 22:20,1590
2019-07-24 22:25,1576
2019-07-24 22:30,1559
2019-07-24 22:35,1556
2019-07-24 22:40,1538
2019-07-24 22:45,1517
2019-07-24 22:50,1523
2019-07-24 22:55,1520
2019-07-24 23:00,1505
2019-07-24 23:05,1493
2019-07-24 23:10,1486
2019-07-24 23:15,1490
2019-07-24 23:20,1476
2019-07-24 23:25,1449
2019-07-24 23:30,1456
2019-07-24 23:35,1450
2019-07-24 23:40,1456
2019-07-24 23:45,1446
2019-07-24 23:50,1451
2019-07-24 23:55,1442
2019-07-25 00:00,1452
2019-07-25 00:05,1438
2019-07-25 00:10,1427
2019-07-25 00:15,1416
2019-07-25 00:20,1402
2019-07-25 00:25,1387
2019-07-25 00:30,1400
2019-07-25 00:35,1393
2019-07-25 00:40,1398
2019-07-25 00:45,1380
2019-07-25 00:50,1392
2019-07-25 00:55,1400
2019-07-25 01:00,1386
2019-07-25 01:05,1393
2019-07-25 01:10,1388
2019-07-25 01:15,1386
2019-07-25 01:20,1382
2019-07-25 01:25,1392
2019-07-25 01:30,1390
2019-07-25 01:35,1379
2019-07-25 01:40,1381
2019-07-25 01:45,1375
2019-07-25 01:50,1369
2019-07-25 01:55,1353
2019-07-25 02:00,1349
2019-07-25 02:05,1333
2019-07-25 02:10,1346
2019-07-25 02:15,1341
2019-07-25 02:20,1328
2019-07-25 02:25,1313
2019-07-25 02:30,1337
2019-07-25 02:35,1333
2019-07-25 02:40,1323
2019-07-25 02:45,1306
2019-07-25 02:50,1292
2019-07-25 02:55,1273
2019-07-25 03:00,1274
2019-07-25 03:05,1244
2019-07-25 03:10,1237
2019-07-25 03:15,1227
2019-07-25 03:20,1188
2019-07-25 03:25,1189
2019-07-25 03:30,1161
2019-07-25 03:35,1136
2019-07-25 03:40,1125
2019-07-25 03:45,1124
2019-07-25 03:50,1110
2019-07-25 03:55,1114
2019-07-25 04:00,1110
2019-07-25 04:05,1092
2019-07-25 04:10,1091
2019-07-25 04:15,1080
2019-07-25 04:20,1077
2019-07-25 04:25,1058
2019-07-25 04:30,1037
2019-07-25 04:35,1011
2019-07-25 04:40,1009
2019-07-25 04:45,1012
2019-07-25 04:50,1007
2019-07-25 04:55,1012
2019-07-25 05:00,1004
2019-07-25 05:05,987
2019-07-25 05:10,984
2019-07-25 05:15,985
2019-07-25 05:20,979
2019-07-25 05:25,963
2019-07-25 05:30,965
2019-07-25 05:35,969
2019-07-25 05:40,969
2019-07-25 05:45,972
2019-07-25 05:50,977
2019-07-25 05:55,971
2019-07-25 06:00,961
2019-07-25 06:05,957
2019-07-25 06:10,970
2019-07-25 06:15,962
2019-07-25 06:20,953
2019-07-25 06:25,962
2019-07-25 06:30,963
2019-07-25 06:35,965
2019-07-25 06:40,962
2019-07-25 06:45,969
2019-07-25 06:50,973
2019-07-25 06:55,979
2019-07-25 07:00,967
2019-07-25 07:05,964
2019-07-25 07:10,961
2019-07-25 07:15,974
2019-07-25 07:20,977
2019-07-25 07:25,1002
2019-07-25 07:30,1009
2019-07-25 07:35,1018
2019-07-25 07:40,1023
2019-07-25 07:45,1028
2019-07-25 07:50,1040
2019-07-25 07:55,1032
2019-07-25 08:00,1039
2019-07-25 08:05,1039
2019-07-25 08:10,1040
2019-07-25 08:15,1037
2019-07-25 08:20,1048
2019-07-25 08:25,1055
2019-07-25 08:30,1073
2019-07-25 08:35,1071
2019-07-25 08:40,1057
2019-07-25 08:45,1066
2019-07-25 08:50,1071
2019-07-25 08:55,1068
2019-07-25 09:00,1085
2019-07-25 09:05,1088
2019-07-25 09:10,1096
2019-07-25 09:15,1110
2019-07-25 09:20,1116
2019-07-25 09:25,1120
2019-07-25 09:30,1113
2019-07-25 09:35,1120
2019-07-25 09:40,1115
2019-07-25 09:45,1120
2019-07-25 09:50,1127
2019-07-25 09:55,1146
2019-07-25 10:00,1150
2019-07-25 10:05,1190
2019-07-25 10:10,1205
2019-07-25 10:15,1225
2019-07-25 10:20,1239
2019-07-25 10:25,1230
2019-07-25 10:30,1227
2019-07-25 10:35,1240
2019-07-25 10:40,1244
2019-07-25 10:45,1256
2019-07-25 10:50,1283
2019-07-25 10:55,1301
2019-07-25 11:00,1301
2019-07-25 11:05,1312
2019-07-25 11:10,1311
2019-07-25 11:15,1329
2019-07-25 11:20,1345
2019-07-25 11:25,1368
2019-07-25 11:30,1352
2019-07-25 11:35,1356
2019-07-25 11:40,1349
2019-07-25 11:45,1364
2019-07-25 11:50,1331
2019-07-25 11:55,1288
2019-07-25 12:00,1228
2019-07-25 12:05,1154
2019-07-25 12:10,1114
2019-07-25 12:15,1051
2019-07-25 12:20,1009
2019-07-25 12:25,973
2019-07-25 12:30,925
2019-07-25 12:35,887
2019-07-25 12:40,863
2019-07-25 12:45,835
2019-07-25 12:50,876
2019-07-25 12:55,969
2019-07-25 13:00,1023
2019-07-25 13:05,1079
2019-07-25 13:10,1127
2019-07-25 13:15,1158
2019-07-25 13:20,1190
2019-07-25 13:25,1228
2019-07-25 13:30,1243
2019-07-25 13:35,1245
2019-07-25 13:40,1271
2019-07-25 13:45,1279
2019-07-25 13:50,1274
2019-07-25 13:55,1244
2019-07-25 14:00,1148
2019-07-25 14:05,767
2019-07-25 14:10,768
2019-07-25 14:15,768
2019-07-25 14:20,759
2019-07-25 14:25,767
2019-07-25 14:30,783
2019-07-25 14:35,792
2019-07-25 14:40,800
2019-07-25 14:45,799
2019-07-25 14:50,802
2019-07-25 14:55,818
2019-07-25 15:00,806
2019-07-25 15:05,845
2019-07-25 15:10,869
2019-07-25 15:15,974
2019-07-25 15:20,1051
2019-07-25 15:25,1117
2019-07-25 15:30,1183
2019-07-25 15:35,1276
2019-07-25 15:40,1323
2019-07-25 15:45,1372
2019-07-25 15:50,1416
2019-07-25 15:55,1473
2019-07-25 16:00,1521
2019-07-25 16:05,1603
2019-07-25 16:10,1650
2019-07-25 16:15,1701
2019-07-25 16:20,1722
2019-07-25 16:25,1760
2019-07-25 16:30,1771
2019-07-25 16:35,1819
2019-07-25 16:40,1852
2019-07-25 16:45,1866
2019-07-25 16:50,1911
2019-07-25 16:55,1926
2019-07-25 17:00,1946
2019-07-25 17:05,1926
2019-07-25 17:10,1967
2019-07-25 17:15,1993
2019-07-25 17:20,1970
2019-07-25 17:25,1996
2019-07-25 17:30,2005
2019-07-25 17:35,1996
2019-07-25 17:40,1979
2019-07-25 17:45,1979
2019-07-25 17:50,1971
2019-07-25 17:55,1986
2019-07-25 18:00,1987
2019-07-25 18:05,1987
2019-07-25 18:10,1975
2019-07-25 18:15,1958
2019-07-25 18:20,1969
2019-07-25 18:25,1958
2019-07-25 18:30,1970
2019-07-25 18:35,1977
2019-07-25 18:40,1996
2019-07-25 18:45,1991
2019-07-25 18:50,1989
2019-07-25 18:55,2000
2019-07-25 19:00,2020
2019-07-25 19:05,2040
2019-07-25 19:10,2043
2019-07-25 19:15,2059
2019-07-25 19:20,2088
2019-07-25 19:25,2076
2019-07-25 19:30,2096
2019-07-25 19:35,2095
2019-07-25 19:40,2064
2019-07-25 19:45,2067
2019-07-25 19:50,2074
2019-07-25 19:55,2068
2019-07-25 20:00,2052
2019-07-25 20:05,2034
2019-07-25 20:10,2022
2019-07-25 20:15,2009
2019-07-25 20:20,2025
2019-07-25 20:25,2011
2019-07-25 20:30,2008
2019-07-25 20:35,1988
2019-07-25 20:40,1993
2019-07-25 20:45,1971
2019-07-25 20:50,1956
2019-07-25 20:55,1942
2019-07-25 21:00,1936
2019-07-25 21:05,1897
2019-07-25 21:10,1880
2019-07-25 21:15,1861
2019-07-25 21:20,1829
2019-07-25 21:25,1824
2019-07-25 21:30,1806
2019-07-25 21:35,1805
2019-07-25 21:40,1790
2019-07-25 21:45,1770
2019-07-25 21:50,1740
2019-07-25 21:55,1725
2019-07-25 22:00,1724
2019-07-25 22:05,1714
2019-07-25 22:10,1691
2019-07-25 22:15,1694
2019-07-25 22:20,1679
2019-07-25 22:25,1693
2019-07-25 22:30,1684
2019-07-25 22:35,1675
2019-07-25 22:40,1679
2019-07-25 22:45,1674
2019-07-25 22:50,1651
2019-07-25 22:55,1615
2019-07-25 23:00,1592
2019-07-25 23:05,1574
2019-07-25 23:10,1560
2019-07-25 23:15,1550
2019-07-25 23:20,1558
2019-07-25 23:25,1536
2019-07-25 23:30,1514
2019-07-25 23:35,1492
2019-07-25 23:40,1486
2019-07-25 23:45,1441
2019-07-25 23:50,1424
2019-07-25 23:55,1403
2019-07-26 00:00,1412
2019-07-26 00:05,1375
2019-07-26 00:10,1386
2019-07-26 00:15,1368
2019-07-26 00:20,1379
2019-07-26 00:25,1364
2019-07-26 00:30,1358
2019-07-26 00:35,1345
2019-07-26 00:40,1332
2019-07-26 00:45,1328
2019-07-26 00:50,1332
2019-07-26 00:55,1332
2019-07-26 01:00,1311
2019-07-26 01:05,1316
2019-07-26 01:10,1323
2019-07-26 01:15,1315
2019-07-26 01:20,1304
2019-07-26 01:25,1306
2019-07-26 01:30,1298
2019-07-26 01:35,1289
2019-07-26 01:40,1275
2019-07-26 01:45,1270
2019-07-26 01:50,1269
2019-07-26 01:55,1271
2019-07-26 02:00,1243
2019-07-26 02:05,1243
2019-07-26 02:10,1253
2019-07-26 02:15,1264
2019-07-26 02:20,1263
2019-07-26 02:25,1266
2019-07-26 02:30,1266
2019-07-26 02:35,1260
2019-07-26 02:40,1256
2019-07-26 02:45,1243
2019-07-26 02:50,1219
2019-07-26 02:55,1203
2019-07-26 03:00,1197
2019-07-26 03:05,1177
2019-07-26 03:10,1169
2019-07-26 03:15,1153
2019-07-26 03:20,1155
2019-07-26 03:25,1134
2019-07-26 03:30,1138
2019-07-26 03:35,1137
2019-07-26 03:40,1135
2019-07-26 03:45,1126
2019-07-26 03:50,1103
2019-07-26 03:55,1083
2019-07-26 04:00,1063
2019-07-26 04:05,1060
2019-07-26 04:10,1035
2019-07-26 04:15,1043
2019-07-26 04:20,1012
2019-07-26 04:25,1013
2019-07-26 04:30,1027
2019-07-26 04:35,1013
2019-07-26 04:40,995
2019-07-26 04:45,1013
2019-07-26 04:50,1012
2019-07-26 04:55,1020
2019-07-26 05:00,997
2019-07-26 05:05,997
2019-07-26 05:10,996
2019-07-26 05:15,969
2019-07-26 05:20,960
2019-07-26 05:25,976
2019-07-26 05:30,971
2019-07-26 05:35,988
2019-07-26 05:40,983
2019-07-26 05:45,991
2019-07-26 05:50,993
2019-07-26 05:55,987
2019-07-26 06:00,980
2019-07-26 06:05,975
2019-07-26 06:10,970
2019-07-26 06:15,983
2019-07-26 06:20,995
2019-07-26 06:25,990
2019-07-26 06:30,987
2019-07-26 06:35,986
2019-07-26 06:40,990
2019-07-26 06:45,993
2019-07-26 06:50,1005
2019-07-26 06:55,1008
2019-07-26 07:00,1020
2019-07-26 07:05,1023
2019-07-26 07:10,1025
2019-07-26 07:15,1034
2019-07-26 07:20,1036
2019-07-26 07:25,1035
2019-07-26 07:30,1045
2019-07-26 07:35,1057
2019-07-26 07:40,1047
2019-07-26 07:45,1070
2019-07-26 07:50,1081
2019-07-26 07:55,1080
2019-07-26 08:00,1082
2019-07-26 08:05,1086
2019-07-26 08:10,1086
2019-07-26 08:15,1073
2019-07-26 08:20,1070
2019-07-26 08:25,1067
2019-07-26 08:30,1075
2019-07-26 08:35,1082
2019-07-26 08:40,1077
2019-07-26 08:45,1070
2019-07-26 08:50,1064
2019-07-26 08:55,1081
2019-07-26 09:00,1082
2019-07-26 09:05,1092
2019-07-26 09:10,1104
2019-07-26 09:15,1127
2019-07-26 09:20,1126
2019-07-26 09:25,1127
2019-07-26 09:30,1140
2019-07-26 09:35,1141
2019-07-26 09:40,1145
2019-07-26 09:45,1161
2019-07-26 09:50,1171
2019-07-26 09:55,1202
2019-07-26 10:00,1216
2019-07-26 10:05,1205
2019-07-26 10:10,1214
2019-07-26 10:15,1243
2019-07-26 10:20,1261
2019-07-26 10:25,1272
2019-07-26 10:30,1265
2019-07-26 10:35,1263
2019-07-26 10:40,1278
2019-07-26 10:45,1290
2019-07-26 10:50,1295
2019-07-26 10:55,1313
2019-07-26 11:00,1323
2019-07-26 11:05,1326
2019-07-26 11:10,1326
2019-07-26 11:15,1335
2019-07-26 11:20,1318
2019-07-26 11:25,1331
2019-07-26 11:30,1329
2019-07-26 11:35,1331
2019-07-26 11:40,1343
2019-07-26 11:45,1352
2019-07-26 11:50,1357
2019-07-26 11:55,1360
2019-07-26 12:00,1394
2019-07-26 12:05,1389
2019-07-26 12:10,1405
2019-07-26 12:15,1408
2019-07-26 12:20,1410
2019-07-26 12:25,1413
2019-07-26 12:30,1417
2019-07-26 12:35,1437
2019-07-26 12:40,1434
2019-07-26 12:45,1442
2019-07-26 12:50,1472
2019-07-26 12:55,1473
2019-07-26 13:00,1485
2019-07-26 13:05,1492
2019-07-26 13:10,1502
2019-07-26 13:15,1514
2019-07-26 13:20,1515
2019-07-26 13:25,1537
2019-07-26 13:30,1550
2019-07-26 13:35,1544
2019-07-26 13:40,1549
2019-07-26 13:45,1561
2019-07-26 13:50,1567
2019-07-26 13:55,1583
2019-07-26 14:00,1595
2019-07-26 14:05,1604
2019-07-26 14:10,1617
2019-07-26 14:15,1618
2019-07-26 14:20,1639
2019-07-26 14:25,1626
2019-07-26 14:30,1606
2019-07-26 14:35,1614
2019-07-26 14:40,1593
2019-07-26 14:45,1607
2019-07-26 14:50,1606
2019-07-26 14:55,1624
2019-07-26 15:00,1636
2019-07-26 15:05,1637
2019-07-26 15:10,1648
2019-07-26 15:15,1691
2019-07-26 15:20,1686
2019-07-26 15:25,1701
2019-07-26 15:30,1730
2019-07-26 15:35,1752
2019-07-26 15:40,1775
2019-07-26 15:45,1781
2019-07-26 15:50,1794
2019-07-26 15:55,1776
2019-07-26 16:00,1806
2019-07-26 16:05,1803
2019-07-26 16:10,1801
2019-07-26 16:15,1826
2019-07-26 16:20,1853
2019-07-26 16:25,1889
2019-07-26 16:30,1894
2019-07-26 16:35,1888
2019-07-26 16:40,1884
2019-07-26 16:45,1873
2019-07-26 16:50,1879
2019-07-26 16:55,1901
2019-07-26 17:00,1902
2019-07-26 17:05,1884
2019-07-26 17:10,1883
2019-07-26 17:15,1919
2019-07-26 17:20,1893
2019-07-26 17:25,1905
2019-07-26 17:30,1906
2019-07-26 17:35,1932
2019-07-26 17:40,1931
2019-07-26 17:45,1915
2019-07-26 17:50,1908
2019-07-26 17:55,1905
2019-07-26 18:00,1902
2019-07-26 18:05,1891
2019-07-26 18:10,1878
2019-07-26 18:15,1899
2019-07-26 18:20,1921
2019-07-26 18:25,1919
2019-07-26 18:30,1941
2019-07-26 18:35,1957
2019-07-26 18:40,1949
2019-07-26 18:45,1932
2019-07-26 18:50,1939
2019-07-26 18:55,1943
2019-07-26 19:00,1951
2019-07-26 19:05,1951
2019-07-26 19:10,1958
2019-07-26 19:15,1958
2019-07-26 19:20,1956
2019-07-26 19:25,1944
2019-07-26 19:30,1939
2019-07-26 19:35,1958
2019-07-26 19:40,1943
2019-07-26 19:45,1944
2019-07-26 19:50,1954
2019-07-26 19:55,1961
2019-07-26 20:00,1959
2019-07-26 20:05,1938
2019-07-26 20:10,1941
2019-07-26 20:15,1922
2019-07-26 20:20,1911
2019-07-26 20:25,1895
2019-07-26 20:30,1883
2019-07-26 20:35,1892
2019-07-26 20:40,0
2019-07-26 20:45,0
2019-07-26 20:50,1833
2019-07-26 20:55,1826
2019-07-26 21:00,1825
2019-07-26 21:05,1823
2019-07-26 21:10,1816
2019-07-26 21:15,1804
2019-07-26 21:20,1801
2019-07-26 21:25,1788
2019-07-26 21:30,1789
2019-07-26 21:35,1788
2019-07-26 21:40,1780
2019-07-26 21:45,1781
2019-07-26 21:50,1788
2019-07-26 21:55,1745
2019-07-26 22:00,1689
2019-07-26 22:05,1666
2019-07-26 22:10,1666
2019-07-26 22:15,1669
2019-07-26 22:20,1639
2019-07-26 22:25,1638
2019-07-26 22:30,1626
2019-07-26 22:35,1638
2019-07-26 22:40,1607
2019-07-26 22:45,1619
2019-07-26 22:50,1616
2019-07-26 22:55,1596
2019-07-26 23:00,1584
2019-07-26 23:05,1577
2019-07-26 23:10,1563
2019-07-26 23:15,1567
2019-07-26 23:20,1542
2019-07-26 23:25,1524
2019-07-26 23:30,1509
2019-07-26 23:35,1503
2019-07-26 23:40,1491
2019-07-26 23:45,1484
2019-07-26 23:50,1467
2019-07-26 23:55,1452
2019-07-27 00:00,1415
2019-07-27 00:05,1366
2019-07-27 00:10,1319
2019-07-27 00:15,1220
2019-07-27 00:20,991
2019-07-27 00:25,1016
2019-07-27 00:30,1074
2019-07-27 00:35,1119
2019-07-27 00:40,1161
2019-07-27 00:45,1204
2019-07-27 00:50,1223
2019-07-27 00:55,1249
2019-07-27 01:00,1251
2019-07-27 01:05,1265
2019-07-27 01:10,1272
2019-07-27 01:15,1278
2019-07-27 01:20,1301
2019-07-27 01:25,1287
2019-07-27 01:30,1303
2019-07-27 01:35,1303
2019-07-27 01:40,1309
2019-07-27 01:45,1320
2019-07-27 01:50,1313
2019-07-27 01:55,1305
2019-07-27 02:00,1306
2019-07-27 02:05,1301
2019-07-27 02:10,1291
2019-07-27 02:15,1295
2019-07-27 02:20,1291
2019-07-27 02:25,1283
2019-07-27 02:30,1274
2019-07-27 02:35,1270
2019-07-27 02:40,1277
2019-07-27 02:45,1281
2019-07-27 02:50,1275
2019-07-27 02:55,1258
2019-07-27 03:00,1253
2019-07-27 03:05,1251
2019-07-27 03:10,1258
2019-07-27 03:15,1250
2019-07-27 03:20,1227
2019-07-27 03:25,1239
2019-07-27 03:30,1228
2019-07-27 03:35,1213
2019-07-27 03:40,1204
2019-07-27 03:45,1183
2019-07-27 03:50,1172
2019-07-27 03:55,1171
2019-07-27 04:00,1162
2019-07-27 04:05,1139
2019-07-27 04:10,1134
2019-07-27 04:15,1131
2019-07-27 04:20,1134
2019-07-27 04:25,1122
2019-07-27 04:30,1106
2019-07-27 04:35,1088
2019-07-27 04:40,1092
2019-07-27 04:45,1092
2019-07-27 04:50,1087
2019-07-27 04:55,1072
2019-07-27 05:00,1064
2019-07-27 05:05,1055
2019-07-27 05:10,1056
2019-07-27 05:15,1039
2019-07-27 05:20,1012
2019-07-27 05:25,1004
2019-07-27 05:30,1004
2019-07-27 05:35,1007
2019-07-27 05:40,1005
2019-07-27 05:45,994
2019-07-27 05:50,1004
2019-07-27 05:55,1004
2019-07-27 06:00,1001
2019-07-27 06:05,986
2019-07-27 06:10,1002
2019-07-27 06:15,1005
2019-07-27 06:20,1009
2019-07-27 06:25,1002
2019-07-27 06:30,1012
2019-07-27 06:35,1025
2019-07-27 06:40,1024
2019-07-27 06:45,1015
2019-07-27 06:50,1018
2019-07-27 06:55,1036
2019-07-27 07:00,1046
2019-07-27 07:05,1064
2019-07-27 07:10,1078
2019-07-27 07:15,1090
2019-07-27 07:20,1101
2019-07-27 07:25,1102
2019-07-27 07:30,1085
2019-07-27 07:35,1094
2019-07-27 07:40,1108
2019-07-27 07:45,1115
2019-07-27 07:50,1124
2019-07-27 07:55,1125
2019-07-27 08:00,1121
2019-07-27 08:05,1136
2019-07-27 08:10,1147
2019-07-27 08:15,1153
2019-07-27 08:20,1154
2019-07-27 08:25,1154
2019-07-27 08:30,1147
2019-07-27 08:35,1158
2019-07-27 08:40,1169
2019-07-27 08:45,1171
2019-07-27 08:50,1183
2019-07-27 08:55,1183
2019-07-27 09:00,1182
2019-07-27 09:05,1204
2019-07-27 09:10,1208
2019-07-27 09:15,1210
2019-07-27 09:20,1216
2019-07-27 09:25,1212
2019-07-27 09:30,1234
2019-07-27 09:35,1245
2019-07-27 09:40,1231
2019-07-27 09:45,1243
2019-07-27 09:50,1257
2019-07-27 09:55,1271
2019-07-27 10:00,1280
2019-07-27 10:05,1319
2019-07-27 10:10,1344
2019-07-27 10:15,1367
2019-07-27 10:20,1377
2019-07-27 10:25,1374
2019-07-27 10:30,1386
2019-07-27 10:35,1382
2019-07-27 10:40,1382
2019-07-27 10:45,1403
2019-07-27 10:50,1416
2019-07-27 10:55,1428
2019-07-27 11:00,1440
2019-07-27 11:05,1458
2019-07-27 11:10,1473
2019-07-27 11:15,1496
2019-07-27 11:20,1506
2019-07-27 11:25,1508
2019-07-27 11:30,1530
2019-07-27 11:35,1541
2019-07-27 11:40,1544
2019-07-27 11:45,1556
2019-07-27 11:50,1563
2019-07-27 11:55,1578
2019-07-27 12:00,1604
2019-07-27 12:05,1602
2019-07-27 12:10,1608
2019-07-27 12:15,1596
2019-07-27 12:20,1595
2019-07-27 12:25,1622
2019-07-27 12:30,1634
2019-07-27 12:35,1650
2019-07-27 12:40,1642
2019-07-27 12:45,1652
2019-07-27 12:50,1659
2019-07-27 12:55,1666
2019-07-27 13:00,1680
2019-07-27 13:05,1694
2019-07-27 13:10,1692
2019-07-27 13:15,1692
2019-07-27 13:20,1734
2019-07-27 13:25,1743
2019-07-27 13:30,1757
2019-07-27 13:35,1775
2019-07-27 13:40,1770
2019-07-27 13:45,1788
2019-07-27 13:50,1808
2019-07-27 13:55,1808
2019-07-27 14:00,1826
2019-07-27 14:05,1851
2019-07-27 14:10,1844
2019-07-27 14:15,1847
2019-07-27 14:20,1844
2019-07-27 14:25,1866
2019-07-27 14:30,1860
2019-07-27 14:35,1872
2019-07-27 14:40,1909
2019-07-27 14:45,1903
2019-07-27 14:50,1914
2019-07-27 14:55,1926
2019-07-27 15:00,1943
2019-07-27 15:05,1959
2019-07-27 15:10,1938
2019-07-27 15:15,1953
2019-07-27 15:20,1960
2019-07-27 15:25,1967
2019-07-27 15:30,1974
2019-07-27 15:35,1981
2019-07-27 15:40,2002
2019-07-27 15:45,1976
2019-07-27 15:50,1983
2019-07-27 15:55,1994
2019-07-27 16:00,1979
2019-07-27 16:05,1991
2019-07-27 16:10,1998
2019-07-27 16:15,2001
2019-07-27 16:20,2028
2019-07-27 16:25,2051
2019-07-27 16:30,2061
2019-07-27 16:35,2077
2019-07-27 16:40,2099
2019-07-27 16:45,2100
2019-07-27 16:50,2100
2019-07-27 16:55,2077
2019-07-27 17:00,2071
2019-07-27 17:05,2075
2019-07-27 17:10,2075
2019-07-27 17:15,2072
2019-07-27 17:20,2078
2019-07-27 17:25,2093
2019-07-27 17:30,2074
2019-07-27 17:35,2075
2019-07-27 17:40,2071
2019-07-27 17:45,2073
2019-07-27 17:50,2099
2019-07-27 17:55,2100
2019-07-27 18:00,2090
2019-07-27 18:05,2104
2019-07-27 18:10,2084
2019-07-27 18:15,2076
2019-07-27 18:20,2078
2019-07-27 18:25,2089
2019-07-27 18:30,2088
2019-07-27 18:35,2077
2019-07-27 18:40,2077
2019-07-27 18:45,2062
2019-07-27 18:50,2058
2019-07-27 18:55,2091
2019-07-27 19:00,2134
2019-07-27 19:05,2138
2019-07-27 19:10,2140
2019-07-27 19:15,2152
2019-07-27 19:20,2158
2019-07-27 19:25,2163
2019-07-27 19:30,2167
2019-07-27 19:35,2139
2019-07-27 19:40,2147
2019-07-27 19:45,2158
2019-07-27 19:50,2149
2019-07-27 19:55,2146
2019-07-27 20:00,2155
2019-07-27 20:05,2158
2019-07-27 20:10,2149
2019-07-27 20:15,2140
2019-07-27 20:20,2136
2019-07-27 20:25,2145
2019-07-27 20:30,2148
2019-07-27 20:35,2126
2019-07-27 20:40,2111
2019-07-27 20:45,2099
2019-07-27 20:50,2099
2019-07-27 20:55,2076
2019-07-27 21:00,2058
2019-07-27 21:05,2029
2019-07-27 21:10,2022
2019-07-27 21:15,2004
2019-07-27 21:20,1996
2019-07-27 21:25,1977
2019-07-27 21:30,1970
2019-07-27 21:35,1950
2019-07-27 21:40,1941
2019-07-27 21:45,1929
2019-07-27 21:50,1922
2019-07-27 21:55,1888
2019-07-27 22:00,1876
2019-07-27 22:05,1853
2019-07-27 22:10,1860
2019-07-27 22:15,1839
2019-07-27 22:20,1842
2019-07-27 22:25,1824
2019-07-27 22:30,1799
2019-07-27 22:35,1795
2019-07-27 22:40,1780
2019-07-27 22:45,1778
2019-07-27 22:50,1751
2019-07-27 22:55,1723
2019-07-27 23:00,1717
2019-07-27 23:05,1702
2019-07-27 23:10,1656
2019-07-27 23:15,1634
2019-07-27 23:20,1622
2019-07-27 23:25,1601
2019-07-27 23:30,1579
2019-07-27 23:35,1556
2019-07-27 23:40,1552
2019-07-27 23:45,1543
2019-07-27 23:50,1538
2019-07-27 23:55,1534
2019-07-28 00:00,1526
2019-07-28 00:05,1497
2019-07-28 00:10,1484
2019-07-28 00:15,1478
2019-07-28 00:20,1466
2019-07-28 00:25,1457
2019-07-28 00:30,1437
2019-07-28 00:35,1437
2019-07-28 00:40,1448
2019-07-28 00:45,1443
2019-07-28 00:50,1436
2019-07-28 00:55,1422
2019-07-28 01:00,1424
2019-07-28 01:05,1411
2019-07-28 01:10,1418
2019-07-28 01:15,1413
2019-07-28 01:20,1425
2019-07-28 01:25,1428
2019-07-28 01:30,1428
2019-07-28 01:35,1421
2019-07-28 01:40,1421
2019-07-28 01:45,1422
2019-07-28 01:50,1414
2019-07-28 01:55,1420
2019-07-28 02:00,1407
2019-07-28 02:05,1392
2019-07-28 02:10,1393
2019-07-28 02:15,1389
2019-07-28 02:20,1398
2019-07-28 02:25,1382
2019-07-28 02:30,1364
2019-07-28 02:35,1351
2019-07-28 02:40,1346
2019-07-28 02:45,1348
2019-07-28 02:50,1349
2019-07-28 02:55,1337
2019-07-28 03:00,1323
2019-07-28 03:05,1313
2019-07-28 03:10,1308
2019-07-28 03:15,1304
2019-07-28 03:20,1291
2019-07-28 03:25,1295
2019-07-28 03:30,1280
2019-07-28 03:35,1270
2019-07-28 03:40,1252
2019-07-28 03:45,1235
2019-07-28 03:50,1221
2019-07-28 03:55,1222
2019-07-28 04:00,1218
2019-07-28 04:05,1209
2019-07-28 04:10,1202
2019-07-28 04:15,1202
2019-07-28 04:20,1197
2019-07-28 04:25,1203
2019-07-28 04:30,1192
2019-07-28 04:35,1160
2019-07-28 04:40,1157
2019-07-28 04:45,1153
2019-07-28 04:50,1136
2019-07-28 04:55,1137
2019-07-28 05:00,1129
2019-07-28 05:05,1105
2019-07-28 05:10,1093
2019-07-28 05:15,1100
2019-07-28 05:20,1097
2019-07-28 05:25,1085
2019-07-28 05:30,1093
2019-07-28 05:35,1097
2019-07-28 05:40,1076
2019-07-28 05:45,1081
2019-07-28 05:50,1093
2019-07-28 05:55,1103
2019-07-28 06:00,1092
2019-07-28 06:05,1091
2019-07-28 06:10,1100
2019-07-28 06:15,1101
2019-07-28 06:20,1101
2019-07-28 06:25,1093
2019-07-28 06:30,1100
2019-07-28 06:35,1091
2019-07-28 06:40,1089
2019-07-28 06:45,1095
2019-07-28 06:50,1090
2019-07-28 06:55,1105
2019-07-28 07:00,1111
2019-07-28 07:05,1116
2019-07-28 07:10,1127
2019-07-28 07:15,1127
2019-07-28 07:20,1157
2019-07-28 07:25,1183
2019-07-28 07:30,1175
2019-07-28 07:35,1163
2019-07-28 07:40,1178
2019-07-28 07:45,1200
2019-07-28 07:50,1202
2019-07-28 07:55,1224
2019-07-28 08:00,1237
2019-07-28 08:05,1251
2019-07-28 08:10,1284
2019-07-28 08:15,1290
2019-07-28 08:20,1303
2019-07-28 08:25,1318
2019-07-28 08:30,1314
2019-07-28 08:35,1350
2019-07-28 08:40,1352
2019-07-28 08:45,1367
2019-07-28 08:50,1389
2019-07-28 08:55,1392
2019-07-28 09:00,1383
2019-07-28 09:05,1383
2019-07-28 09:10,1394
2019-07-28 09:15,1392
2019-07-28 09:20,1404
2019-07-28 09:25,1413
2019-07-28 09:30,1418
2019-07-28 09:35,1424
2019-07-28 09:40,1432
2019-07-28 09:45,1454
2019-07-28 09:50,1462
2019-07-28 09:55,1460
2019-07-28 10:00,1496
2019-07-28 10:05,1535
2019-07-28 10:10,1563
2019-07-28 10:15,1572
2019-07-28 10:20,1578
2019-07-28 10:25,1564
2019-07-28 10:30,1599
2019-07-28 10:35,1603
2019-07-28 10:40,1626
2019-07-28 10:45,1639
2019-07-28 10:50,1654
2019-07-28 10:55,1666
2019-07-28 11:00,1679
2019-07-28 11:05,1680
2019-07-28 11:10,1690
2019-07-28 11:15,1706
2019-07-28 11:20,1715
2019-07-28 11:25,1715
2019-07-28 11:30,1744
2019-07-28 11:35,1751
2019-07-28 11:40,1761
2019-07-28 11:45,1783
2019-07-28 11:50,1802
2019-07-28 11:55,1822
2019-07-28 12:00,1836
2019-07-28 12:05,1854
2019-07-28 12:10,1869
2019-07-28 12:15,1863
2019-07-28 12:20,1858
2019-07-28 12:25,1855
2019-07-28 12:30,1861
2019-07-28 12:35,1882
2019-07-28 12:40,1889
2019-07-28 12:45,1915
2019-07-28 12:50,1942
2019-07-28 12:55,1919
2019-07-28 13:00,1915
2019-07-28 13:05,1919
2019-07-28 13:10,1940
2019-07-28 13:15,1935
2019-07-28 13:20,1932
2019-07-28 13:25,1940
2019-07-28 13:30,1951
2019-07-28 13:35,1952
2019-07-28 13:40,1976
2019-07-28 13:45,2004
2019-07-28 13:50,2010
2019-07-28 13:55,2011
2019-07-28 14:00,2013
2019-07-28 14:05,2012
2019-07-28 14:10,2030
2019-07-28 14:15,2068
2019-07-28 14:20,2075
2019-07-28 14:25,2095
2019-07-28 14:30,2098
2019-07-28 14:35,2103
2019-07-28 14:40,2104
2019-07-28 14:45,2125
2019-07-28 14:50,2123
2019-07-28 14:55,2138
2019-07-28 15:00,2148
2019-07-28 15:05,2146
2019-07-28 15:10,2170
2019-07-28 15:15,2174
2019-07-28 15:20,2195
2019-07-28 15:25,2193
2019-07-28 15:30,2202
2019-07-28 15:35,2247
2019-07-28 15:40,2266
2019-07-28 15:45,2258
2019-07-28 15:50,2260
2019-07-28 15:55,2238
2019-07-28 16:00,2243
2019-07-28 16:05,2256
2019-07-28 16:10,2266
2019-07-28 16:15,2294
2019-07-28 16:20,2315
2019-07-28 16:25,2328
2019-07-28 16:30,2341
2019-07-28 16:35,2334
2019-07-28 16:40,2318
2019-07-28 16:45,2338
2019-07-28 16:50,2353
2019-07-28 16:55,2356
2019-07-28 17:00,2374
2019-07-28 17:05,2369
2019-07-28 17:10,2349
2019-07-28 17:15,2358
2019-07-28 17:20,2369
2019-07-28 17:25,2366
2019-07-28 17:30,2378
2019-07-28 17:35,2362
2019-07-28 17:40,2365
2019-07-28 17:45,2358
2019-07-28 17:50,2342
2019-07-28 17:55,2337
2019-07-28 18:00,2347
2019-07-28 18:05,2341
2019-07-28 18:10,2347
2019-07-28 18:15,2336
2019-07-28 18:20,2311
2019-07-28 18:25,2301
2019-07-28 18:30,2282
2019-07-28 18:35,2295
2019-07-28 18:40,2306
2019-07-28 18:45,2302
2019-07-28 18:50,2303
2019-07-28 18:55,2300
2019-07-28 19:00,2327
2019-07-28 19:05,2316
2019-07-28 19:10,2346
2019-07-28 19:15,2344
2019-07-28 19:20,2329
2019-07-28 19:25,2330
2019-07-28 19:30,2336
2019-07-28 19:35,2330
2019-07-28 19:40,2343
2019-07-28 19:45,2342
2019-07-28 19:50,2305
2019-07-28 19:55,2312
2019-07-28 20:00,2307
2019-07-28 20:05,2312
2019-07-28 20:10,2315
2019-07-28 20:15,2282
2019-07-28 20:20,2235
2019-07-28 20:25,2204
2019-07-28 20:30,2195
2019-07-28 20:35,2211
2019-07-28 20:40,2182
2019-07-28 20:45,2145
2019-07-28 20:50,2150
2019-07-28 20:55,2147
2019-07-28 21:00,2119
2019-07-28 21:05,2091
2019-07-28 21:10,2058
2019-07-28 21:15,2061
2019-07-28 21:20,2038
2019-07-28 21:25,2014
2019-07-28 21:30,2002
2019-07-28 21:35,1995
2019-07-28 21:40,1999
2019-07-28 21:45,2001
2019-07-28 21:50,1984
2019-07-28 21:55,1967
2019-07-28 22:00,1924
2019-07-28 22:05,1913
2019-07-28 22:10,1882
2019-07-28 22:15,1869
2019-07-28 22:20,1860
2019-07-28 22:25,1853
2019-07-28 22:30,1867
2019-07-28 22:35,1858
2019-07-28 22:40,1822
2019-07-28 22:45,1792
2019-07-28 22:50,1774
2019-07-28 22:55,1762
2019-07-28 23:00,1753
2019-07-28 23:05,1740
2019-07-28 23:10,1727
2019-07-28 23:15,1714
2019-07-28 23:20,1698
2019-07-28 23:25,1682
2019-07-28 23:30,1669
2019-07-28 23:35,1647
2019-07-28 23:40,1655
2019-07-28 23:45,1645
2019-07-28 23:50,1617
2019-07-28 23:55,1594
2019-07-29 00:00,1582
2019-07-29 00:05,1582
2019-07-29 00:10,1583
2019-07-29 00:15,1577
2019-07-29 00:20,1552
2019-07-29 00:25,1550
2019-07-29 00:30,1545
2019-07-29 00:35,1549
2019-07-29 00:40,1538
2019-07-29 00:45,1541
2019-07-29 00:50,1535
2019-07-29 00:55,1527
2019-07-29 01:00,1524
2019-07-29 01:05,1530
2019-07-29 01:10,1529
2019-07-29 01:15,1517
2019-07-29 01:20,1509
2019-07-29 01:25,1492
2019-07-29 01:30,1474
2019-07-29 01:35,1461
2019-07-29 01:40,1449
2019-07-29 01:45,1439
2019-07-29 01:50,1421
2019-07-29 01:55,1423
2019-07-29 02:00,1397
2019-07-29 02:05,1382
2019-07-29 02:10,1384
2019-07-29 02:15,1364
2019-07-29 02:20,1368
2019-07-29 02:25,1346
2019-07-29 02:30,1322
2019-07-29 02:35,1311
2019-07-29 02:40,1290
2019-07-29 02:45,1304
2019-07-29 02:50,1280
2019-07-29 02:55,1279
2019-07-29 03:00,1271
2019-07-29 03:05,1255
2019-07-29 03:10,1252
2019-07-29 03:15,1238
2019-07-29 03:20,1222
2019-07-29 03:25,1216
2019-07-29 03:30,1206
2019-07-29 03:35,1186
2019-07-29 03:40,1164
2019-07-29 03:45,1144
2019-07-29 03:50,1128
2019-07-29 03:55,1104
2019-07-29 04:00,1098
2019-07-29 04:05,1090
2019-07-29 04:10,1080
2019-07-29 04:15,1070
2019-07-29 04:20,1072
2019-07-29 04:25,1070
2019-07-29 04:30,1062
2019-07-29 04:35,1062
2019-07-29 04:40,1070
2019-07-29 04:45,1059
2019-07-29 04:50,1058
2019-07-29 04:55,1042
2019-07-29 05:00,1027
2019-07-29 05:05,1017
2019-07-29 05:10,1008
2019-07-29 05:15,1004
2019-07-29 05:20,1014
2019-07-29 05:25,993
2019-07-29 05:30,988
2019-07-29 05:35,991
2019-07-29 05:40,993
2019-07-29 05:45,1002
2019-07-29 05:50,962
2019-07-29 05:55,959
2019-07-29 06:00,958
2019-07-29 06:05,958
2019-07-29 06:10,957
2019-07-29 06:15,943
2019-07-29 06:20,936
2019-07-29 06:25,923
2019-07-29 06:30,905
2019-07-29 06:35,897
2019-07-29 06:40,904
2019-07-29 06:45,921
2019-07-29 06:50,918
2019-07-29 06:55,921
2019-07-29 07:00,924
2019-07-29 07:05,928
2019-07-29 07:10,933
2019-07-29 07:15,932
2019-07-29 07:20,932
2019-07-29 07:25,935
2019-07-29 07:30,929
2019-07-29 07:35,938
2019-07-29 07:40,930
2019-07-29 07:45,928
2019-07-29 07:50,930
2019-07-29 07:55,944
2019-07-29 08:00,965
2019-07-29 08:05,974
2019-07-29 08:10,990
2019-07-29 08:15,1006
2019-07-29 08:20,1021
2019-07-29 08:25,1028
2019-07-29 08:30,1046
2019-07-29 08:35,1047
2019-07-29 08:40,1056
2019-07-29 08:45,1056
2019-07-29 08:50,1069
2019-07-29 08:55,1075
2019-07-29 09:00,1099
2019-07-29 09:05,1102
2019-07-29 09:10,1118
2019-07-29 09:15,1101
2019-07-29 09:20,1115
2019-07-29 09:25,1119
2019-07-29 09:30,1130
2019-07-29 09:35,1144
2019-07-29 09:40,1159
2019-07-29 09:45,1169
2019-07-29 09:50,1176
2019-07-29 09:55,1197
2019-07-29 10:00,1205
2019-07-29 10:05,1220
2019-07-29 10:10,1241
2019-07-29 10:15,1279
2019-07-29 10:20,1319
2019-07-29 10:25,1320
2019-07-29 10:30,1310
2019-07-29 10:35,1317
2019-07-29 10:40,1337
2019-07-29 10:45,1333
2019-07-29 10:50,1355
2019-07-29 10:55,1356
2019-07-29 11:00,1356
2019-07-29 11:05,1330
2019-07-29 11:10,1275
2019-07-29 11:15,1275
2019-07-29 11:20,1250
2019-07-29 11:25,1250
2019-07-29 11:30,1250
2019-07-29 11:35,1274
2019-07-29 11:40,1283
2019-07-29 11:45,1282
2019-07-29 11:50,1291
2019-07-29 11:55,1305
2019-07-29 12:00,1295
2019-07-29 12:05,1306
2019-07-29 12:10,1310
2019-07-29 12:15,1316
2019-07-29 12:20,1305
2019-07-29 12:25,1307
2019-07-29 12:30,1311
2019-07-29 12:35,1335
2019-07-29 12:40,1316
2019-07-29 12:45,1341
2019-07-29 12:50,1396
2019-07-29 12:55,1432
2019-07-29 13:00,1451
2019-07-29 13:05,1471
2019-07-29 13:10,1478
2019-07-29 13:15,1485
2019-07-29 13:20,1521
2019-07-29 13:25,1535
2019-07-29 13:30,1529
2019-07-29 13:35,1540
2019-07-29 13:40,1550
2019-07-29 13:45,1559
2019-07-29 13:50,1570
2019-07-29 13:55,1592
2019-07-29 14:00,1615
2019-07-29 14:05,1643
2019-07-29 14:10,1630
2019-07-29 14:15,1646
2019-07-29 14:20,1663
2019-07-29 14:25,1668
2019-07-29 14:30,1684
2019-07-29 14:35,1697
2019-07-29 14:40,1690
2019-07-29 14:45,1696
2019-07-29 14:50,1703
2019-07-29 14:55,1687
2019-07-29 15:00,1704
2019-07-29 15:05,1707
2019-07-29 15:10,1716
2019-07-29 15:15,1739
2019-07-29 15:20,1744
2019-07-29 15:25,1755
2019-07-29 15:30,1780
2019-07-29 15:35,1810
2019-07-29 15:40,1836
2019-07-29 15:45,1851
2019-07-29 15:50,1866
2019-07-29 15:55,1889
2019-07-29 16:00,1886
2019-07-29 16:05,1882
2019-07-29 16:10,1893
2019-07-29 16:15,1899
2019-07-29 16:20,1919
2019-07-29 16:25,1945
2019-07-29 16:30,1968
2019-07-29 16:35,1977
2019-07-29 16:40,1970
2019-07-29 16:45,1986
2019-07-29 16:50,2017
2019-07-29 16:55,2023
2019-07-29 17:00,1993
2019-07-29 17:05,2019
2019-07-29 17:10,2025
2019-07-29 17:15,2016
2019-07-29 17:20,2023
2019-07-29 17:25,2025
2019-07-29 17:30,2027
2019-07-29 17:35,2029
2019-07-29 17:40,2040
2019-07-29 17:45,2056
2019-07-29 17:50,2063
2019-07-29 17:55,2077
2019-07-29 18:00,2077
2019-07-29 18:05,2107
2019-07-29 18:10,2111
2019-07-29 18:15,2110
2019-07-29 18:20,2097
2019-07-29 18:25,2097
2019-07-29 18:30,2113
2019-07-29 18:35,2098
2019-07-29 18:40,2124
2019-07-29 18:45,2127
2019-07-29 18:50,2144
2019-07-29 18:55,2162
2019-07-29 19:00,2160
2019-07-29 19:05,2144
2019-07-29 19:10,2142
2019-07-29 19:15,2158
2019-07-29 19:20,2155
2019-07-29 19:25,2150
2019-07-29 19:30,2138
2019-07-29 19:35,2143
2019-07-29 19:40,2118
2019-07-29 19:45,2104
2019-07-29 19:50,2103
2019-07-29 19:55,2122
2019-07-29 20:00,2135
2019-07-29 20:05,2137
2019-07-29 20:10,2118
2019-07-29 20:15,2103
2019-07-29 20:20,2096
2019-07-29 20:25,2093
2019-07-29 20:30,2078
2019-07-29 20:35,2051
2019-07-29 20:40,2071
2019-07-29 20:45,2048
2019-07-29 20:50,2046
2019-07-29 20:55,2025
2019-07-29 21:00,2022
2019-07-29 21:05,1996
2019-07-29 21:10,1962
2019-07-29 21:15,1930
2019-07-29 21:20,1894
2019-07-29 21:25,1871
2019-07-29 21:30,1848
2019-07-29 21:35,1855
2019-07-29 21:40,1813
2019-07-29 21:45,1808
2019-07-29 21:50,1786
2019-07-29 21:55,1773
2019-07-29 22:00,1765
2019-07-29 22:05,1766
2019-07-29 22:10,1760
2019-07-29 22:15,1740
2019-07-29 22:20,1726
2019-07-29 22:25,1716
2019-07-29 22:30,1716
2019-07-29 22:35,1701
2019-07-29 22:40,1670
2019-07-29 22:45,1636
2019-07-29 22:50,1620
2019-07-29 22:55,1616
2019-07-29 23:00,1598
2019-07-29 23:05,1607
2019-07-29 23:10,1588
2019-07-29 23:15,1554
2019-07-29 23:20,1570
2019-07-29 23:25,1571
2019-07-29 23:30,1547
2019-07-29 23:35,1532
2019-07-29 23:40,1538
2019-07-29 23:45,1535
2019-07-29 23:50,1519
2019-07-29 23:55,1518
2019-07-30 00:00,1511
2019-07-30 00:05,1482
2019-07-30 00:10,1487
2019-07-30 00:15,1490
2019-07-30 00:20,1498
2019-07-30 00:25,1500
2019-07-30 00:30,1489
2019-07-30 00:35,1476
2019-07-30 00:40,1450
2019-07-30 00:45,1439
2019-07-30 00:50,1424
2019-07-30 00:55,1421
2019-07-30 01:00,1413
2019-07-30 01:05,1404
2019-07-30 01:10,1406
2019-07-30 01:15,1416
2019-07-30 01:20,1411
2019-07-30 01:25,1415
2019-07-30 01:30,1412
2019-07-30 01:35,1407
2019-07-30 01:40,1385
2019-07-30 01:45,1382
2019-07-30 01:50,1384
2019-07-30 01:55,1375
2019-07-30 02:00,1386
2019-07-30 02:05,1379
2019-07-30 02:10,1366
2019-07-30 02:15,1364
2019-07-30 02:20,1344
2019-07-30 02:25,1323
2019-07-30 02:30,1279
2019-07-30 02:35,1251
2019-07-30 02:40,1233
2019-07-30 02:45,1222
2019-07-30 02:50,1222
2019-07-30 02:55,1189
2019-07-30 03:00,1183
2019-07-30 03:05,1148
2019-07-30 03:10,1135
2019-07-30 03:15,1133
2019-07-30 03:20,1123
2019-07-30 03:25,1117
2019-07-30 03:30,1120
2019-07-30 03:35,1116
2019-07-30 03:40,1090
2019-07-30 03:45,1084
2019-07-30 03:50,1094
2019-07-30 03:55,1102
2019-07-30 04:00,1088
2019-07-30 04:05,1077
2019-07-30 04:10,1063
2019-07-30 04:15,1048
2019-07-30 04:20,1019
2019-07-30 04:25,1013
2019-07-30 04:30,994
2019-07-30 04:35,999
2019-07-30 04:40,985
2019-07-30 04:45,981
2019-07-30 04:50,957
2019-07-30 04:55,958
2019-07-30 05:00,959
2019-07-30 05:05,953
2019-07-30 05:10,947
2019-07-30 05:15,948
2019-07-30 05:20,934
2019-07-30 05:25,943
2019-07-30 05:30,938
2019-07-30 05:35,922
2019-07-30 05:40,908
2019-07-30 05:45,905
2019-07-30 05:50,900
2019-07-30 05:55,896
2019-07-30 06:00,903
2019-07-30 06:05,901
2019-07-30 06:10,899
2019-07-30 06:15,883
2019-07-30 06:20,891
2019-07-30 06:25,901
2019-07-30 06:30,896
2019-07-30 06:35,917
2019-07-30 06:40,924
2019-07-30 06:45,917
2019-07-30 06:50,923
2019-07-30 06:55,930
2019-07-30 07:00,938
2019-07-30 07:05,943
2019-07-30 07:10,943
2019-07-30 07:15,938
2019-07-30 07:20,937
2019-07-30 07:25,923
2019-07-30 07:30,932
2019-07-30 07:35,950
2019-07-30 07:40,934
2019-07-30 07:45,944
2019-07-30 07:50,960
2019-07-30 07:55,970
2019-07-30 08:00,979
2019-07-30 08:05,996
2019-07-30 08:10,1011
2019-07-30 08:15,1027
2019-07-30 08:20,1044
2019-07-30 08:25,1049
2019-07-30 08:30,1054
2019-07-30 08:35,1057
2019-07-30 08:40,1083
2019-07-30 08:45,1090
2019-07-30 08:50,1097
2019-07-30 08:55,1098
2019-07-30 09:00,1109
2019-07-30 09:05,1121
2019-07-30 09:10,1113
2019-07-30 09:15,1126
2019-07-30 09:20,1146
2019-07-30 09:25,1157
2019-07-30 09:30,1182
2019-07-30 09:35,1197
2019-07-30 09:40,1204
2019-07-30 09:45,1212
2019-07-30 09:50,1197
2019-07-30 09:55,1216
2019-07-30 10:00,1228
2019-07-30 10:05,1245
2019-07-30 10:10,1255
2019-07-30 10:15,1271
2019-07-30 10:20,1265
2019-07-30 10:25,1282
2019-07-30 10:30,1303
2019-07-30 10:35,1307
2019-07-30 10:40,1332
2019-07-30 10:45,1348
2019-07-30 10:50,1363
2019-07-30 10:55,1369
2019-07-30 11:00,1370
2019-07-30 11:05,1382
2019-07-30 11:10,1391
2019-07-30 11:15,1385
2019-07-30 11:20,1392
2019-07-30 11:25,1390
2019-07-30 11:30,1385
2019-07-30 11:35,1384
2019-07-30 11:40,1389
2019-07-30 11:45,1404
2019-07-30 11:50,1414
2019-07-30 11:55,1418
2019-07-30 12:00,1427
2019-07-30 12:05,1406
2019-07-30 12:10,1425
2019-07-30 12:15,1438
2019-07-30 12:20,1443
2019-07-30 12:25,1444
2019-07-30 12:30,1435
2019-07-30 12:35,1442
2019-07-30 12:40,1457
2019-07-30 12:45,1474
2019-07-30 12:50,1481
2019-07-30 12:55,1503
2019-07-30 13:00,1513
2019-07-30 13:05,1509
2019-07-30 13:10,1521
2019-07-30 13:15,1528
2019-07-30 13:20,1546
2019-07-30 13:25,1552
2019-07-30 13:30,1564
2019-07-30 13:35,1561
2019-07-30 13:40,1563
2019-07-30 13:45,1552
2019-07-30 13:50,1576
2019-07-30 13:55,1586
2019-07-30 14:00,1605
2019-07-30 14:05,1622
2019-07-30 14:10,1624
2019-07-30 14:15,1629
2019-07-30 14:20,1637
2019-07-30 14:25,1668
2019-07-30 14:30,1672
2019-07-30 14:35,1702
2019-07-30 14:40,1725
2019-07-30 14:45,1709
2019-07-30 14:50,1714
2019-07-30 14:55,1711
2019-07-30 15:00,1737
2019-07-30 15:05,1748
2019-07-30 15:10,1761
2019-07-30 15:15,1785
2019-07-30 15:20,1797
2019-07-30 15:25,1824
2019-07-30 15:30,1828
2019-07-30 15:35,1827
2019-07-30 15:40,1836
2019-07-30 15:45,1831
2019-07-30 15:50,1844
2019-07-30 15:55,1856
2019-07-30 16:00,1885
2019-07-30 16:05,1900
2019-07-30 16:10,1903
2019-07-30 16:15,1921
2019-07-30 16:20,1919
2019-07-30 16:25,1929
2019-07-30 16:30,1918
2019-07-30 16:35,1920
2019-07-30 16:40,1911
2019-07-30 16:45,1943
2019-07-30 16:50,1962
2019-07-30 16:55,1966
2019-07-30 17:00,1984
2019-07-30 17:05,2007
2019-07-30 17:10,1998
2019-07-30 17:15,1999
2019-07-30 17:20,2001
2019-07-30 17:25,2028
2019-07-30 17:30,2036
2019-07-30 17:35,2029
2019-07-30 17:40,2022
2019-07-30 17:45,2018
2019-07-30 17:50,2031
2019-07-30 17:55,2045
2019-07-30 18:00,2051
2019-07-30 18:05,2061
2019-07-30 18:10,2050
2019-07-30 18:15,2042
2019-07-30 18:20,2024
2019-07-30 18:25,2021
2019-07-30 18:30,2050
2019-07-30 18:35,2058
2019-07-30 18:40,2072
2019-07-30 18:45,2073
2019-07-30 18:50,2054
2019-07-30 18:55,2064
2019-07-30 19:00,2047
2019-07-30 19:05,2054
2019-07-30 19:10,2038
2019-07-30 19:15,2045
2019-07-30 19:20,2032
2019-07-30 19:25,2019
2019-07-30 19:30,2036
2019-07-30 19:35,2048
2019-07-30 19:40,2046
2019-07-30 19:45,2063
2019-07-30 19:50,2066
2019-07-30 19:55,2063
2019-07-30 20:00,2048
2019-07-30 20:05,2044
2019-07-30 20:10,2020
2019-07-30 20:15,2018
2019-07-30 20:20,1999
2019-07-30 20:25,1991
2019-07-30 20:30,1983
2019-07-30 20:35,1969
2019-07-30 20:40,1964
2019-07-30 20:45,1948
2019-07-30 20:50,1935
2019-07-30 20:55,1920
2019-07-30 21:00,1923
2019-07-30 21:05,1909
2019-07-30 21:10,1881
2019-07-30 21:15,1865
2019-07-30 21:20,1842
2019-07-30 21:25,1845
2019-07-30 21:30,1839
2019-07-30 21:35,1805
2019-07-30 21:40,1801
2019-07-30 21:45,1769
2019-07-30 21:50,1743
2019-07-30 21:55,1733
2019-07-30 22:00,1726
2019-07-30 22:05,1713
2019-07-30 22:10,1680
2019-07-30 22:15,1687
2019-07-30 22:20,1656
2019-07-30 22:25,1628
2019-07-30 22:30,1634
2019-07-30 22:35,1619
2019-07-30 22:40,1606
2019-07-30 22:45,1594
2019-07-30 22:50,1582
2019-07-30 22:55,1582
2019-07-30 23:00,1569
2019-07-30 23:05,1574
2019-07-30 23:10,1571
2019-07-30 23:15,1533
2019-07-30 23:20,0
2019-07-30 23:25,1133
2019-07-30 23:30,1455
2019-07-30 23:35,1496
2019-07-30 23:40,1507
2019-07-30 23:45,1495
2019-07-30 23:50,1470
2019-07-30 23:55,1441
2019-07-31 00:00,1438
2019-07-31 00:05,1427
2019-07-31 00:10,1420
2019-07-31 00:15,1415
2019-07-31 00:20,1396
2019-07-31 00:25,1373
2019-07-31 00:30,1364
2019-07-31 00:35,1369
2019-07-31 00:40,1370
2019-07-31 00:45,1371
2019-07-31 00:50,1359
2019-07-31 00:55,1351
2019-07-31 01:00,1346
2019-07-31 01:05,1334
2019-07-31 01:10,1322
2019-07-31 01:15,1308
2019-07-31 01:20,1306
2019-07-31 01:25,1312
2019-07-31 01:30,1310
2019-07-31 01:35,1314
2019-07-31 01:40,1311
2019-07-31 01:45,1280
2019-07-31 01:50,1271
2019-07-31 01:55,1265
2019-07-31 02:00,1257
2019-07-31 02:05,1238
2019-07-31 02:10,1224
2019-07-31 02:15,1211
2019-07-31 02:20,1204
2019-07-31 02:25,1202
2019-07-31 02:30,1197
2019-07-31 02:35,1182
2019-07-31 02:40,1161
2019-07-31 02:45,1155
2019-07-31 02:50,1144
2019-07-31 02:55,1159
2019-07-31 03:00,1154
2019-07-31 03:05,1130
2019-07-31 03:10,1123
2019-07-31 03:15,1120
2019-07-31 03:20,1108
2019-07-31 03:25,1087
2019-07-31 03:30,1088
2019-07-31 03:35,1077
2019-07-31 03:40,1082
2019-07-31 03:45,1063
2019-07-31 03:50,1056
2019-07-31 03:55,1041
2019-07-31 04:00,1030
2019-07-31 04:05,1009
2019-07-31 04:10,1015
2019-07-31 04:15,1010
2019-07-31 04:20,1007
2019-07-31 04:25,1010
2019-07-31 04:30,1005
2019-07-31 04:35,984
2019-07-31 04:40,984
2019-07-31 04:45,975
2019-07-31 04:50,983
2019-07-31 04:55,988
2019-07-31 05:00,975
2019-07-31 05:05,953
2019-07-31 05:10,955
2019-07-31 05:15,935
2019-07-31 05:20,926
2019-07-31 05:25,921
2019-07-31 05:30,902
2019-07-31 05:35,910
2019-07-31 05:40,912
2019-07-31 05:45,894
2019-07-31 05:50,907
2019-07-31 05:55,896
2019-07-31 06:00,903
2019-07-31 06:05,916
2019-07-31 06:10,898
2019-07-31 06:15,892
2019-07-31 06:20,903
2019-07-31 06:25,889
2019-07-31 06:30,873
2019-07-31 06:35,865
2019-07-31 06:40,882
2019-07-31 06:45,889
2019-07-31 06:50,901
2019-07-31 06:55,906
2019-07-31 07:00,900
2019-07-31 07:05,895
2019-07-31 07:10,910
2019-07-31 07:15,912
2019-07-31 07:20,913
2019-07-31 07:25,912
2019-07-31 07:30,936
2019-07-31 07:35,937
2019-07-31 07:40,946
2019-07-31 07:45,936
2019-07-31 07:50,936
2019-07-31 07:55,957
2019-07-31 08:00,965
2019-07-31 08:05,964
2019-07-31 08:10,975
2019-07-31 08:15,983
2019-07-31 08:20,996
2019-07-31 08:25,1003
2019-07-31 08:30,1011
2019-07-31 08:35,1031
2019-07-31 08:40,1029
2019-07-31 08:45,1037
2019-07-31 08:50,1046
2019-07-31 08:55,1057
2019-07-31 09:00,1069
2019-07-31 09:05,1083
2019-07-31 09:10,1108
2019-07-31 09:15,1132
2019-07-31 09:20,1154
2019-07-31 09:25,1165
2019-07-31 09:30,1174
2019-07-31 09:35,1207
2019-07-31 09:40,1218
2019-07-31 09:45,1218
2019-07-31 09:50,1200
2019-07-31 09:55,1205
2019-07-31 10:00,1200
2019-07-31 10:05,1212
2019-07-31 10:10,1232
2019-07-31 10:15,1248
2019-07-31 10:20,1246
2019-07-31 10:25,1258
2019-07-31 10:30,1253
2019-07-31 10:35,1266
2019-07-31 10:40,1276
2019-07-31 10:45,1287
2019-07-31 10:50,1315
2019-07-31 10:55,1316
2019-07-31 11:00,1314
2019-07-31 11:05,1321
2019-07-31 11:10,1332
2019-07-31 11:15,1356
2019-07-31 11:20,1365
2019-07-31 11:25,1377
2019-07-31 11:30,1379
2019-07-31 11:35,1400
2019-07-31 11:40,1408
2019-07-31 11:45,1411
2019-07-31 11:50,1445
2019-07-31 11:55,1439
2019-07-31 12:00,1447
2019-07-31 12:05,1438
2019-07-31 12:10,1449
2019-07-31 12:15,1459
2019-07-31 12:20,1462
2019-07-31 12:25,1470
2019-07-31 12:30,1487
2019-07-31 12:35,1469
2019-07-31 12:40,1481
2019-07-31 12:45,1487
2019-07-31 12:50,1495
2019-07-31 12:55,1508
2019-07-31 13:00,1531
2019-07-31 13:05,1539
2019-07-31 13:10,1558
2019-07-31 13:15,1557
2019-07-31 13:20,1571
2019-07-31 13:25,1561
2019-07-31 13:30,1562
2019-07-31 13:35,1553
2019-07-31 13:40,1560
2019-07-31 13:45,1553
2019-07-31 13:50,1564
2019-07-31 13:55,1561
2019-07-31 14:00,1561
2019-07-31 14:05,1586
2019-07-31 14:10,1616
2019-07-31 14:15,1644
2019-07-31 14:20,1623
2019-07-31 14:25,1621
2019-07-31 14:30,1615
2019-07-31 14:35,1628
2019-07-31 14:40,1657
2019-07-31 14:45,1666
2019-07-31 14:50,1674
2019-07-31 14:55,1705
2019-07-31 15:00,1709
2019-07-31 15:05,1732
2019-07-31 15:10,1744
2019-07-31 15:15,1768
2019-07-31 15:20,1774
2019-07-31 15:25,1774
2019-07-31 15:30,1783
2019-07-31 15:35,1800
2019-07-31 15:40,1783
2019-07-31 15:45,1788
2019-07-31 15:50,1792
2019-07-31 15:55,1783
2019-07-31 16:00,1787
2019-07-31 16:05,1820
2019-07-31 16:10,1815
2019-07-31 16:15,1829
2019-07-31 16:20,1848
2019-07-31 16:25,1861
2019-07-31 16:30,1859
2019-07-31 16:35,1881
2019-07-31 16:40,1890
2019-07-31 16:45,1898
2019-07-31 16:50,1929
2019-07-31 16:55,1952
2019-07-31 17:00,1972
2019-07-31 17:05,1964
2019-07-31 17:10,1974
2019-07-31 17:15,1996
2019-07-31 17:20,1982
2019-07-31 17:25,1989
2019-07-31 17:30,2013
2019-07-31 17:35,2016
2019-07-31 17:40,2005
2019-07-31 17:45,2031
2019-07-31 17:50,2008
2019-07-31 17:55,2014
2019-07-31 18:00,2018
2019-07-31 18:05,2024
2019-07-31 18:10,2025
2019-07-31 18:15,2023
2019-07-31 18:20,2045
2019-07-31 18:25,2037
2019-07-31 18:30,2061
2019-07-31 18:35,2089
2019-07-31 18:40,2097
2019-07-31 18:45,2107
2019-07-31 18:50,2088
2019-07-31 18:55,2083
2019-07-31 19:00,2091
2019-07-31 19:05,2083
2019-07-31 19:10,2083
2019-07-31 19:15,2078
2019-07-31 19:20,2054
2019-07-31 19:25,2054
2019-07-31 19:30,2068
2019-07-31 19:35,2101
2019-07-31 19:40,2068
2019-07-31 19:45,2072
2019-07-31 19:50,2074
2019-07-31 19:55,2042
2019-07-31 20:00,2022
2019-07-31 20:05,2036
2019-07-31 20:10,2010
2019-07-31 20:15,2015
2019-07-31 20:20,1978
2019-07-31 20:25,1970
2019-07-31 20:30,1958
2019-07-31 20:35,1942
2019-07-31 20:40,1942
2019-07-31 20:45,1919
2019-07-31 20:50,1901
2019-07-31 20:55,1896
2019-07-31 21:00,1859
2019-07-31 21:05,1854
2019-07-31 21:10,1829
2019-07-31 21:15,1820
2019-07-31 21:20,1791
2019-07-31 21:25,1781
2019-07-31 21:30,1780
2019-07-31 21:35,1789
2019-07-31 21:40,1774
2019-07-31 21:45,1748
2019-07-31 21:50,1741
2019-07-31 21:55,1754
2019-07-31 22:00,1726
2019-07-31 22:05,1713
2019-07-31 22:10,1685
2019-07-31 22:15,1659
2019-07-31 22:20,1633
2019-07-31 22:25,1618
2019-07-31 22:30,1596
2019-07-31 22:35,1593
2019-07-31 22:40,1593
2019-07-31 22:45,1585
2019-07-31 22:50,1589
2019-07-31 22:55,1572
2019-07-31 23:00,1559
2019-07-31 23:05,1558
2019-07-31 23:10,1548
2019-07-31 23:15,1530
2019-07-31 23:20,1515
2019-07-31 23:25,1491
2019-07-31 23:30,1460
2019-07-31 23:35,1456
2019-07-31 23:40,1458
2019-07-31 23:45,1471
2019-07-31 23:50,1456
2019-07-31 23:55,1440
2019-08-01 00:00,1444
2019-08-01 00:05,1427
2019-08-01 00:10,1413
2019-08-01 00:15,1421
2019-08-01 00:20,1409
2019-08-01 00:25,1403
2019-08-01 00:30,1382
2019-08-01 00:35,1368
2019-08-01 00:40,1364
2019-08-01 00:45,1339
2019-08-01 00:50,1338
2019-08-01 00:55,1327
2019-08-01 01:00,1321
2019-08-01 01:05,1307
2019-08-01 01:10,1331
2019-08-01 01:15,1326
2019-08-01 01:20,1330
2019-08-01 01:25,1325
2019-08-01 01:30,1315
2019-08-01 01:35,1290
2019-08-01 01:40,1287
2019-08-01 01:45,1278
2019-08-01 01:50,1261
2019-08-01 01:55,1277
2019-08-01 02:00,1288
2019-08-01 02:05,1282
2019-08-01 02:10,1277
2019-08-01 02:15,1263
2019-08-01 02:20,1272
2019-08-01 02:25,1276
2019-08-01 02:30,1273
2019-08-01 02:35,1261
2019-08-01 02:40,1247
2019-08-01 02:45,1229
2019-08-01 02:50,1235
2019-08-01 02:55,1229
2019-08-01 03:00,1216
2019-08-01 03:05,1195
2019-08-01 03:10,1189
2019-08-01 03:15,1174
2019-08-01 03:20,1158
2019-08-01 03:25,1154
2019-08-01 03:30,1147
2019-08-01 03:35,1144
2019-08-01 03:40,1142
2019-08-01 03:45,1121
2019-08-01 03:50,1120
2019-08-01 03:55,1115
2019-08-01 04:00,1105
2019-08-01 04:05,1090
2019-08-01 04:10,1068
2019-08-01 04:15,1059
2019-08-01 04:20,1046
2019-08-01 04:25,1027
2019-08-01 04:30,1032
2019-08-01 04:35,1031
2019-08-01 04:40,1027
2019-08-01 04:45,1002
2019-08-01 04:50,994
2019-08-01 04:55,993
2019-08-01 05:00,990
2019-08-01 05:05,983
2019-08-01 05:10,978
2019-08-01 05:15,960
2019-08-01 05:20,960
2019-08-01 05:25,947
2019-08-01 05:30,954
2019-08-01 05:35,959
2019-08-01 05:40,947
2019-08-01 05:45,936
2019-08-01 05:50,929
2019-08-01 05:55,936
2019-08-01 06:00,934
2019-08-01 06:05,935
2019-08-01 06:10,929
2019-08-01 06:15,918
2019-08-01 06:20,917
2019-08-01 06:25,921
2019-08-01 06:30,936
2019-08-01 06:35,925
2019-08-01 06:40,914
2019-08-01 06:45,926
2019-08-01 06:50,909
2019-08-01 06:55,916
2019-08-01 07:00,926
2019-08-01 07:05,942
2019-08-01 07:10,936
2019-08-01 07:15,949
2019-08-01 07:20,956
2019-08-01 07:25,962
2019-08-01 07:30,961
2019-08-01 07:35,963
2019-08-01 07:40,971
2019-08-01 07:45,982
2019-08-01 07:50,991
2019-08-01 07:55,1011
2019-08-01 08:00,1031
2019-08-01 08:05,1013
2019-08-01 08:10,1005
2019-08-01 08:15,1027
2019-08-01 08:20,1047
2019-08-01 08:25,1070
2019-08-01 08:30,1055
2019-08-01 08:35,1075
2019-08-01 08:40,1083
2019-08-01 08:45,1084
2019-08-01 08:50,1068
2019-08-01 08:55,1087
2019-08-01 09:00,1099
2019-08-01 09:05,1089
2019-08-01 09:10,1102
2019-08-01 09:15,1104
2019-08-01 09:20,1099
2019-08-01 09:25,1104
2019-08-01 09:30,1125
2019-08-01 09:35,1123
2019-08-01 09:40,1130
2019-08-01 09:45,1136
2019-08-01 09:50,1148
2019-08-01 09:55,1172
2019-08-01 10:00,1178
2019-08-01 10:05,1194
2019-08-01 10:10,1229
2019-08-01 10:15,1233
2019-08-01 10:20,1236
2019-08-01 10:25,1239
2019-08-01 10:30,1265
2019-08-01 10:35,1286
2019-08-01 10:40,1270
2019-08-01 10:45,1283
2019-08-01 10:50,1295
2019-08-01 10:55,1327
2019-08-01 11:00,1330
2019-08-01 11:05,1314
2019-08-01 11:10,1300
2019-08-01 11:15,1298
2019-08-01 11:20,1298
2019-08-01 11:25,1331
2019-08-01 11:30,1328
2019-08-01 11:35,1334
2019-08-01 11:40,1346
2019-08-01 11:45,1372
2019-08-01 11:50,1391
2019-08-01 11:55,1398
2019-08-01 12:00,1413
2019-08-01 12:05,1399
2019-08-01 12:10,1397
2019-08-01 12:15,1404
2019-08-01 12:20,1382
2019-08-01 12:25,1380
2019-08-01 12:30,1407
2019-08-01 12:35,1393
2019-08-01 12:40,1380
2019-08-01 12:45,1346
2019-08-01 12:50,1289
2019-08-01 12:55,1196
2019-08-01 13:00,1003
2019-08-01 13:05,548
2019-08-01 13:10,507
2019-08-01 13:15,483
2019-08-01 13:20,474
2019-08-01 13:25,475
2019-08-01 13:30,460
2019-08-01 13:35,454
2019-08-01 13:40,449
2019-08-01 13:45,441
2019-08-01 13:50,435
2019-08-01 13:55,449
2019-08-01 14:00,438
2019-08-01 14:05,467
2019-08-01 14:10,499
2019-08-01 14:15,515
2019-08-01 14:20,533
2019-08-01 14:25,550
2019-08-01 14:30,562
2019-08-01 14:35,568
2019-08-01 14:40,576
2019-08-01 14:45,599
2019-08-01 14:50,607
2019-08-01 14:55,589
2019-08-01 15:00,595
2019-08-01 15:05,601
2019-08-01 15:10,617
2019-08-01 15:15,675
2019-08-01 15:20,790
2019-08-01 15:25,889
2019-08-01 15:30,971
2019-08-01 15:35,1061
2019-08-01 15:40,1143
2019-08-01 15:45,1229
2019-08-01 15:50,1299
2019-08-01 15:55,1383
2019-08-01 16:00,1445
2019-08-01 16:05,1531
2019-08-01 16:10,1610
2019-08-01 16:15,1695
2019-08-01 16:20,1744
2019-08-01 16:25,1789
2019-08-01 16:30,1828
2019-08-01 16:35,1867
2019-08-01 16:40,1913
2019-08-01 16:45,1950
2019-08-01 16:50,1991
2019-08-01 16:55,2031
2019-08-01 17:00,2023
2019-08-01 17:05,2038
2019-08-01 17:10,2069
2019-08-01 17:15,2075
2019-08-01 17:20,2084
2019-08-01 17:25,2091
2019-08-01 17:30,2055
2019-08-01 17:35,2083
2019-08-01 17:40,2099
2019-08-01 17:45,2113
2019-08-01 17:50,2106
2019-08-01 17:55,2106
2019-08-01 18:00,2126
2019-08-01 18:05,2102
2019-08-01 18:10,2103
2019-08-01 18:15,2079
2019-08-01 18:20,2086
2019-08-01 18:25,2126
2019-08-01 18:30,2133
2019-08-01 18:35,2157
2019-08-01 18:40,2151
2019-08-01 18:45,2139
2019-08-01 18:50,2141
2019-08-01 18:55,2127
2019-08-01 19:00,2134
2019-08-01 19:05,2124
2019-08-01 19:10,2111
2019-08-01 19:15,2110
2019-08-01 19:20,2120
2019-08-01 19:25,2109
2019-08-01 19:30,2113
2019-08-01 19:35,2131
2019-08-01 19:40,2133
2019-08-01 19:45,2122
2019-08-01 19:50,2129
2019-08-01 19:55,2138
2019-08-01 20:00,2106
2019-08-01 20:05,2093
2019-08-01 20:10,2093
2019-08-01 20:15,2066
2019-08-01 20:20,2048
2019-08-01 20:25,2024
2019-08-01 20:30,2020
2019-08-01 20:35,2010
2019-08-01 20:40,1980
2019-08-01 20:45,1948
2019-08-01 20:50,1938
2019-08-01 20:55,1933
2019-08-01 21:00,1928
2019-08-01 21:05,1872
2019-08-01 21:10,1861
2019-08-01 21:15,1850
2019-08-01 21:20,1832
2019-08-01 21:25,1809
2019-08-01 21:30,1814
2019-08-01 21:35,1821
2019-08-01 21:40,1811
2019-08-01 21:45,1795
2019-08-01 21:50,1775
2019-08-01 21:55,1750
2019-08-01 22:00,1736
2019-08-01 22:05,1726
2019-08-01 22:10,1702
2019-08-01 22:15,1688
2019-08-01 22:20,1656
2019-08-01 22:25,1650
2019-08-01 22:30,1626
2019-08-01 22:35,1599
2019-08-01 22:40,1596
2019-08-01 22:45,1567
2019-08-01 22:50,1564
2019-08-01 22:55,1566
2019-08-01 23:00,1544
2019-08-01 23:05,1517
2019-08-01 23:10,1505
2019-08-01 23:15,1508
2019-08-01 23:20,1503
2019-08-01 23:25,1507
2019-08-01 23:30,1481
2019-08-01 23:35,1453
2019-08-01 23:40,1453
2019-08-01 23:45,1471
2019-08-01 23:50,1450
2019-08-01 23:55,1427
2019-08-02 00:00,1404
2019-08-02 00:05,1408
2019-08-02 00:10,1400
2019-08-02 00:15,1398
2019-08-02 00:20,1380
2019-08-02 00:25,1382
2019-08-02 00:30,1373
2019-08-02 00:35,1375
2019-08-02 00:40,1366
2019-08-02 00:45,1364
2019-08-02 00:50,1364
2019-08-02 00:55,1356
2019-08-02 01:00,1359
2019-08-02 01:05,1359
2019-08-02 01:10,1344
2019-08-02 01:15,1321
2019-08-02 01:20,1336
2019-08-02 01:25,1333
2019-08-02 01:30,1332
2019-08-02 01:35,1338
2019-08-02 01:40,1345
2019-08-02 01:45,1334
2019-08-02 01:50,1327
2019-08-02 01:55,1325
2019-08-02 02:00,1319
2019-08-02 02:05,1323
2019-08-02 02:10,1332
2019-08-02 02:15,1323
2019-08-02 02:20,1310
2019-08-02 02:25,1306
2019-08-02 02:30,1305
2019-08-02 02:35,1308
2019-08-02 02:40,1288
2019-08-02 02:45,1283
2019-08-02 02:50,1285
2019-08-02 02:55,1271
2019-08-02 03:00,1255
2019-08-02 03:05,1228
2019-08-02 03:10,1237
2019-08-02 03:15,1258
2019-08-02 03:20,1271
2019-08-02 03:25,1260
2019-08-02 03:30,1246
2019-08-02 03:35,1235
2019-08-02 03:40,1224
2019-08-02 03:45,1210
2019-08-02 03:50,1197
2019-08-02 03:55,1189
2019-08-02 04:00,1176
2019-08-02 04:05,1170
2019-08-02 04:10,1155
2019-08-02 04:15,1137
2019-08-02 04:20,1131
2019-08-02 04:25,1103
2019-08-02 04:30,1096
2019-08-02 04:35,1090
2019-08-02 04:40,1079
2019-08-02 04:45,1059
2019-08-02 04:50,1053
2019-08-02 04:55,1047
2019-08-02 05:00,1040
2019-08-02 05:05,1014
2019-08-02 05:10,1000
2019-08-02 05:15,994
2019-08-02 05:20,989
2019-08-02 05:25,1002
2019-08-02 05:30,1003
2019-08-02 05:35,1008
2019-08-02 05:40,991
2019-08-02 05:45,998
2019-08-02 05:50,991
2019-08-02 05:55,989
2019-08-02 06:00,986
2019-08-02 06:05,976
2019-08-02 06:10,969
2019-08-02 06:15,969
2019-08-02 06:20,976
2019-08-02 06:25,987
2019-08-02 06:30,994
2019-08-02 06:35,984
2019-08-02 06:40,982
2019-08-02 06:45,990
2019-08-02 06:50,972
2019-08-02 06:55,990
2019-08-02 07:00,1004
2019-08-02 07:05,1019
2019-08-02 07:10,1019
2019-08-02 07:15,1024
2019-08-02 07:20,1032
2019-08-02 07:25,1034
2019-08-02 07:30,1032
2019-08-02 07:35,1046
2019-08-02 07:40,1055
2019-08-02 07:45,1065
2019-08-02 07:50,1056
2019-08-02 07:55,1066
2019-08-02 08:00,1079
2019-08-02 08:05,1100
2019-08-02 08:10,1099
2019-08-02 08:15,1105
2019-08-02 08:20,1103
2019-08-02 08:25,1114
2019-08-02 08:30,1109
2019-08-02 08:35,1129
2019-08-02 08:40,1126
2019-08-02 08:45,1134
2019-08-02 08:50,1142
2019-08-02 08:55,1153
2019-08-02 09:00,1154
2019-08-02 09:05,1158
2019-08-02 09:10,1165
2019-08-02 09:15,1172
2019-08-02 09:20,1179
2019-08-02 09:25,1171
2019-08-02 09:30,1159
2019-08-02 09:35,1182
2019-08-02 09:40,1187
2019-08-02 09:45,1203
2019-08-02 09:50,1221
2019-08-02 09:55,1229
2019-08-02 10:00,1253
2019-08-02 10:05,1249
2019-08-02 10:10,1279
2019-08-02 10:15,1271
2019-08-02 10:20,1277
2019-08-02 10:25,1296
2019-08-02 10:30,1326
2019-08-02 10:35,1343
2019-08-02 10:40,1350
2019-08-02 10:45,1348
2019-08-02 10:50,1366
2019-08-02 10:55,1361
2019-08-02 11:00,1372
2019-08-02 11:05,1388
2019-08-02 11:10,1396
2019-08-02 11:15,1402
2019-08-02 11:20,1406
2019-08-02 11:25,1416
2019-08-02 11:30,1426
2019-08-02 11:35,1439
2019-08-02 11:40,1448
2019-08-02 11:45,1456
2019-08-02 11:50,1469
2019-08-02 11:55,1490
2019-08-02 12:00,1487
2019-08-02 12:05,1493
2019-08-02 12:10,1499
2019-08-02 12:15,1509
2019-08-02 12:20,1520
2019-08-02 12:25,1531
2019-08-02 12:30,1563
2019-08-02 12:35,1553
2019-08-02 12:40,1564
2019-08-02 12:45,1566
2019-08-02 12:50,1584
2019-08-02 12:55,1589
2019-08-02 13:00,1610
2019-08-02 13:05,1616
2019-08-02 13:10,1632
2019-08-02 13:15,1624
2019-08-02 13:20,1635
2019-08-02 13:25,1629
2019-08-02 13:30,1637
2019-08-02 13:35,1639
2019-08-02 13:40,1652
2019-08-02 13:45,1670
2019-08-02 13:50,1674
2019-08-02 13:55,1692
2019-08-02 14:00,1694
2019-08-02 14:05,1701
2019-08-02 14:10,1706
2019-08-02 14:15,1699
2019-08-02 14:20,1716
2019-08-02 14:25,1716
2019-08-02 14:30,1728
2019-08-02 14:35,1742
2019-08-02 14:40,1748
2019-08-02 14:45,1755
2019-08-02 14:50,1747
2019-08-02 14:55,1743
2019-08-02 15:00,1771
2019-08-02 15:05,1797
2019-08-02 15:10,1814
2019-08-02 15:15,1827
2019-08-02 15:20,1827
2019-08-02 15:25,1825
2019-08-02 15:30,1821
2019-08-02 15:35,1833
2019-08-02 15:40,1839
2019-08-02 15:45,1845
2019-08-02 15:50,1872
2019-08-02 15:55,1869
2019-08-02 16:00,1851
2019-08-02 16:05,1861
2019-08-02 16:10,1860
2019-08-02 16:15,1860
2019-08-02 16:20,1911
2019-08-02 16:25,1917
2019-08-02 16:30,1919
2019-08-02 16:35,1915
2019-08-02 16:40,1931
2019-08-02 16:45,1937
2019-08-02 16:50,1939
2019-08-02 16:55,1952
2019-08-02 17:00,1952
2019-08-02 17:05,1947
2019-08-02 17:10,1967
2019-08-02 17:15,1977
2019-08-02 17:20,1977
2019-08-02 17:25,1996
2019-08-02 17:30,2042
2019-08-02 17:35,2053
2019-08-02 17:40,2053
2019-08-02 17:45,2060
2019-08-02 17:50,2051
2019-08-02 17:55,2068
2019-08-02 18:00,2075
2019-08-02 18:05,2075
2019-08-02 18:10,2064
2019-08-02 18:15,2064
2019-08-02 18:20,2119
2019-08-02 18:25,2120
2019-08-02 18:30,2132
2019-08-02 18:35,2131
2019-08-02 18:40,2131
2019-08-02 18:45,2118
2019-08-02 18:50,2121
2019-08-02 18:55,2123
2019-08-02 19:00,2133
2019-08-02 19:05,2149
2019-08-02 19:10,2148
2019-08-02 19:15,2145
2019-08-02 19:20,2145
2019-08-02 19:25,2091
2019-08-02 19:30,2093
2019-08-02 19:35,2102
2019-08-02 19:40,2067
2019-08-02 19:45,2053
2019-08-02 19:50,2053
2019-08-02 19:55,2047
2019-08-02 20:00,2046
2019-08-02 20:05,2021
2019-08-02 20:10,2021
2019-08-02 20:15,1985
2019-08-02 20:20,1985
2019-08-02 20:25,1995
2019-08-02 20:30,2011
2019-08-02 20:35,2011
2019-08-02 20:40,1996
2019-08-02 20:45,1985
2019-08-02 20:50,1965
2019-08-02 20:55,1965
2019-08-02 21:00,1927
2019-08-02 21:05,1917
2019-08-02 21:10,1917
2019-08-02 21:15,1889
2019-08-02 21:20,1895
2019-08-02 21:25,1882
2019-08-02 21:30,1887
2019-08-02 21:35,1887
2019-08-02 21:40,1860
2019-08-02 21:45,1863
2019-08-02 21:50,1882
2019-08-02 21:55,1883
2019-08-02 22:00,1827
2019-08-02 22:05,1790
2019-08-02 22:10,1790
2019-08-02 22:15,1776
2019-08-02 22:20,1759
2019-08-02 22:25,1755
2019-08-02 22:30,1755
2019-08-02 22:35,1729
2019-08-02 22:40,1729
2019-08-02 22:45,1661
2019-08-02 22:50,1661
2019-08-02 22:55,1649
2019-08-02 23:00,1636
2019-08-02 23:05,1610
2019-08-02 23:10,1608
2019-08-02 23:15,1608
2019-08-02 23:20,1579
2019-08-02 23:25,1547
2019-08-02 23:30,1516
2019-08-02 23:35,1513
2019-08-02 23:40,1508
2019-08-02 23:45,1489
2019-08-02 23:50,1492
2019-08-02 23:55,1482
2019-08-03 00:00,1472
2019-08-03 00:05,1472
2019-08-03 00:10,1450
2019-08-03 00:15,1437
2019-08-03 00:20,1430
2019-08-03 00:25,1423
2019-08-03 00:30,1411
2019-08-03 00:35,1409
2019-08-03 00:40,1412
2019-08-03 00:45,1393
2019-08-03 00:50,1394
2019-08-03 00:55,1406
2019-08-03 01:00,1368
2019-08-03 01:05,1368
2019-08-03 01:10,1361
2019-08-03 01:15,1371
2019-08-03 01:20,1336
2019-08-03 01:25,1336
2019-08-03 01:30,1334
2019-08-03 01:35,1341
2019-08-03 01:40,1327
2019-08-03 01:45,1318
2019-08-03 01:50,1308
2019-08-03 01:55,1305
2019-08-03 02:00,1313
2019-08-03 02:05,1323
2019-08-03 02:10,1323
2019-08-03 02:15,1310
2019-08-03 02:20,1310
2019-08-03 02:25,1326
2019-08-03 02:30,1333
2019-08-03 02:35,1324
2019-08-03 02:40,1319
2019-08-03 02:45,1306
2019-08-03 02:50,1300
2019-08-03 02:55,1285
2019-08-03 03:00,1271
2019-08-03 03:05,1261
2019-08-03 03:10,1260
2019-08-03 03:15,1245
2019-08-03 03:20,1254
2019-08-03 03:25,1262
2019-08-03 03:30,1245
2019-08-03 03:35,1223
2019-08-03 03:40,1157
2019-08-03 03:45,1128
2019-08-03 03:50,1075
2019-08-03 03:55,1049
2019-08-03 04:00,999
2019-08-03 04:05,929
2019-08-03 04:10,893
2019-08-03 04:15,854
2019-08-03 04:20,824
2019-08-03 04:25,842
2019-08-03 04:30,890
2019-08-03 04:35,937
2019-08-03 04:40,967
2019-08-03 04:45,979
2019-08-03 04:50,997
2019-08-03 04:55,1021
2019-08-03 05:00,1032
2019-08-03 05:05,1041
2019-08-03 05:10,1058
2019-08-03 05:15,1052
2019-08-03 05:20,1055
2019-08-03 05:25,1075
2019-08-03 05:30,1089
2019-08-03 05:35,1099
2019-08-03 05:40,1105
2019-08-03 05:45,1097
2019-08-03 05:50,1089
2019-08-03 05:55,1112
2019-08-03 06:00,1108
2019-08-03 06:05,1119
2019-08-03 06:10,1114
2019-08-03 06:15,1120
2019-08-03 06:20,1117
2019-08-03 06:25,1116
2019-08-03 06:30,1125
2019-08-03 06:35,1119
2019-08-03 06:40,1115
2019-08-03 06:45,1133
2019-08-03 06:50,1116
2019-08-03 06:55,1113
2019-08-03 07:00,1108
2019-08-03 07:05,1108
2019-08-03 07:10,1115
2019-08-03 07:15,1119
2019-08-03 07:20,1136
2019-08-03 07:25,1141
2019-08-03 07:30,1149
2019-08-03 07:35,1151
2019-08-03 07:40,1158
2019-08-03 07:45,1164
2019-08-03 07:50,1165
2019-08-03 07:55,1174
2019-08-03 08:00,1176
2019-08-03 08:05,1187
2019-08-03 08:10,1196
2019-08-03 08:15,1206
2019-08-03 08:20,1215
2019-08-03 08:25,1224
2019-08-03 08:30,1225
2019-08-03 08:35,1230
2019-08-03 08:40,1231
2019-08-03 08:45,1245
2019-08-03 08:50,1258
2019-08-03 08:55,1280
2019-08-03 09:00,1303
2019-08-03 09:05,1303
2019-08-03 09:10,1313
2019-08-03 09:15,1349
2019-08-03 09:20,1353
2019-08-03 09:25,1359
2019-08-03 09:30,1365
2019-08-03 09:35,1370
2019-08-03 09:40,1373
2019-08-03 09:45,1371
2019-08-03 09:50,1374
2019-08-03 09:55,1413
2019-08-03 10:00,1425
2019-08-03 10:05,1456
2019-08-03 10:10,1480
2019-08-03 10:15,1522
2019-08-03 10:20,1519
2019-08-03 10:25,1540
2019-08-03 10:30,1564
2019-08-03 10:35,1573
2019-08-03 10:40,1566
2019-08-03 10:45,1591
2019-08-03 10:50,1598
2019-08-03 10:55,1607
2019-08-03 11:00,1605
2019-08-03 11:05,1591
2019-08-03 11:10,1602
2019-08-03 11:15,1603
2019-08-03 11:20,1638
2019-08-03 11:25,1647
2019-08-03 11:30,1641
2019-08-03 11:35,1647
2019-08-03 11:40,1659
2019-08-03 11:45,1654
2019-08-03 11:50,1662
2019-08-03 11:55,1662
2019-08-03 12:00,1649
2019-08-03 12:05,1643
2019-08-03 12:10,1656
2019-08-03 12:15,1662
2019-08-03 12:20,1677
2019-08-03 12:25,1679
2019-08-03 12:30,1689
2019-08-03 12:35,1664
2019-08-03 12:40,1679
2019-08-03 12:45,1689
2019-08-03 12:50,1716
2019-08-03 12:55,1712
2019-08-03 13:00,1716
2019-08-03 13:05,1711
2019-08-03 13:10,1712
2019-08-03 13:15,1714
2019-08-03 13:20,1698
2019-08-03 13:25,1724
2019-08-03 13:30,1740
2019-08-03 13:35,1748
2019-08-03 13:40,1750
2019-08-03 13:45,1756
2019-08-03 13:50,1777
2019-08-03 13:55,1791
2019-08-03 14:00,1783
2019-08-03 14:05,1791
2019-08-03 14:10,1819
2019-08-03 14:15,1834
2019-08-03 14:20,1841
2019-08-03 14:25,1834
2019-08-03 14:30,1879
2019-08-03 14:35,1899
2019-08-03 14:40,1919
2019-08-03 14:45,1915
2019-08-03 14:50,1936
2019-08-03 14:55,1945
2019-08-03 15:00,1947
2019-08-03 15:05,1921
2019-08-03 15:10,1942
2019-08-03 15:15,1942
2019-08-03 15:20,1967
2019-08-03 15:25,1951
2019-08-03 15:30,1988
2019-08-03 15:35,1978
2019-08-03 15:40,1978
2019-08-03 15:45,1964
2019-08-03 15:50,1964
2019-08-03 15:55,1994
2019-08-03 16:00,1995
2019-08-03 16:05,2001
2019-08-03 16:10,2011
2019-08-03 16:15,2013
2019-08-03 16:20,2007
2019-08-03 16:25,2044
2019-08-03 16:30,2056
2019-08-03 16:35,2085
2019-08-03 16:40,2083
2019-08-03 16:45,2103
2019-08-03 16:50,2103
2019-08-03 16:55,2097
2019-08-03 17:00,2098
2019-08-03 17:05,2105
2019-08-03 17:10,2115
2019-08-03 17:15,2126
2019-08-03 17:20,2150
2019-08-03 17:25,2156
2019-08-03 17:30,2159
2019-08-03 17:35,2160
2019-08-03 17:40,2133
2019-08-03 17:45,2123
2019-08-03 17:50,2127
2019-08-03 17:55,2120
2019-08-03 18:00,2122
2019-08-03 18:05,2163
2019-08-03 18:10,2138
2019-08-03 18:15,2133
2019-08-03 18:20,2138
2019-08-03 18:25,2132
2019-08-03 18:30,2151
2019-08-03 18:35,2165
2019-08-03 18:40,2146
2019-08-03 18:45,2165
2019-08-03 18:50,2162
2019-08-03 18:55,2150
2019-08-03 19:00,2152
2019-08-03 19:05,2162
2019-08-03 19:10,2178
2019-08-03 19:15,2189
2019-08-03 19:20,2188
2019-08-03 19:25,2180
2019-08-03 19:30,2159
2019-08-03 19:35,2158
2019-08-03 19:40,2158
2019-08-03 19:45,2193
2019-08-03 19:50,2188
2019-08-03 19:55,2184
2019-08-03 20:00,2190
2019-08-03 20:05,2184
2019-08-03 20:10,2156
2019-08-03 20:15,2177
2019-08-03 20:20,2166
2019-08-03 20:25,2173
2019-08-03 20:30,2150
2019-08-03 20:35,2144
2019-08-03 20:40,2130
2019-08-03 20:45,2134
2019-08-03 20:50,2119
2019-08-03 20:55,2129
2019-08-03 21:00,2107
2019-08-03 21:05,2090
2019-08-03 21:10,2061
2019-08-03 21:15,2050
2019-08-03 21:20,2026
2019-08-03 21:25,1999
2019-08-03 21:30,1994
2019-08-03 21:35,1993
2019-08-03 21:40,1977
2019-08-03 21:45,1985
2019-08-03 21:50,1972
2019-08-03 21:55,1958
2019-08-03 22:00,1940
2019-08-03 22:05,1925
2019-08-03 22:10,1907
2019-08-03 22:15,1892
2019-08-03 22:20,1882
2019-08-03 22:25,1874
2019-08-03 22:30,1848
2019-08-03 22:35,1837
2019-08-03 22:40,1818
2019-08-03 22:45,1802
2019-08-03 22:50,1795
2019-08-03 22:55,1776
2019-08-03 23:00,1777
2019-08-03 23:05,1741
2019-08-03 23:10,1728
2019-08-03 23:15,1709
2019-08-03 23:20,1679
2019-08-03 23:25,1667
2019-08-03 23:30,1660
2019-08-03 23:35,1643
2019-08-03 23:40,1642
2019-08-03 23:45,1637
2019-08-03 23:50,1608
2019-08-03 23:55,1612
2019-08-04 00:00,1597
2019-08-04 00:05,1605
2019-08-04 00:10,1586
2019-08-04 00:15,1593
2019-08-04 00:20,1577
2019-08-04 00:25,1563
2019-08-04 00:30,1544
2019-08-04 00:35,1539
2019-08-04 00:40,1519
2019-08-04 00:45,1529
2019-08-04 00:50,1526
2019-08-04 00:55,1530
2019-08-04 01:00,1515
2019-08-04 01:05,1493
2019-08-04 01:10,1503
2019-08-04 01:15,1500
2019-08-04 01:20,1489
2019-08-04 01:25,1486
2019-08-04 01:30,1478
2019-08-04 01:35,1468
2019-08-04 01:40,1453
2019-08-04 01:45,1455
2019-08-04 01:50,1448
2019-08-04 01:55,1456
2019-08-04 02:00,1460
2019-08-04 02:05,1440
2019-08-04 02:10,1438
2019-08-04 02:15,1442
2019-08-04 02:20,1447
2019-08-04 02:25,1431
2019-08-04 02:30,1437
2019-08-04 02:35,1425
2019-08-04 02:40,1406
2019-08-04 02:45,1379
2019-08-04 02:50,1374
2019-08-04 02:55,1366
2019-08-04 03:00,1348
2019-08-04 03:05,1325
2019-08-04 03:10,1323
2019-08-04 03:15,1312
2019-08-04 03:20,1329
2019-08-04 03:25,1329
2019-08-04 03:30,1331
2019-08-04 03:35,1317
2019-08-04 03:40,1319
2019-08-04 03:45,1328
2019-08-04 03:50,1312
2019-08-04 03:55,1311
2019-08-04 04:00,1314
2019-08-04 04:05,1297
2019-08-04 04:10,1260
2019-08-04 04:15,1240
2019-08-04 04:20,1262
2019-08-04 04:25,1262
2019-08-04 04:30,1254
2019-08-04 04:35,1263
2019-08-04 04:40,1252
2019-08-04 04:45,1242
2019-08-04 04:50,1245
2019-08-04 04:55,1238
2019-08-04 05:00,1207
2019-08-04 05:05,1200
2019-08-04 05:10,1185
2019-08-04 05:15,1187
2019-08-04 05:20,1169
2019-08-04 05:25,1154
2019-08-04 05:30,1156
2019-08-04 05:35,1141
2019-08-04 05:40,1128
2019-08-04 05:45,1128
2019-08-04 05:50,1123
2019-08-04 05:55,1119
2019-08-04 06:00,1111
2019-08-04 06:05,1117
2019-08-04 06:10,1119
2019-08-04 06:15,1122
2019-08-04 06:20,1126
2019-08-04 06:25,1142
2019-08-04 06:30,1136
2019-08-04 06:35,1139
2019-08-04 06:40,1131
2019-08-04 06:45,1156
2019-08-04 06:50,1156
2019-08-04 06:55,1152
2019-08-04 07:00,1153
2019-08-04 07:05,1145
2019-08-04 07:10,1145
2019-08-04 07:15,1136
2019-08-04 07:20,1141
2019-08-04 07:25,1148
2019-08-04 07:30,1147
2019-08-04 07:35,1153
2019-08-04 07:40,1139
2019-08-04 07:45,1155
2019-08-04 07:50,1170
2019-08-04 07:55,1173
2019-08-04 08:00,1189
2019-08-04 08:05,1212
2019-08-04 08:10,1228
2019-08-04 08:15,1237
2019-08-04 08:20,1254
2019-08-04 08:25,1273
2019-08-04 08:30,1281
2019-08-04 08:35,1315
2019-08-04 08:40,1326
2019-08-04 08:45,1350
2019-08-04 08:50,1360
2019-08-04 08:55,1376
2019-08-04 09:00,1398
2019-08-04 09:05,1409
2019-08-04 09:10,1415
2019-08-04 09:15,1420
2019-08-04 09:20,1441
2019-08-04 09:25,1452
2019-08-04 09:30,1468
2019-08-04 09:35,1487
2019-08-04 09:40,1482
2019-08-04 09:45,1496
2019-08-04 09:50,1512
2019-08-04 09:55,1546
2019-08-04 10:00,1569
2019-08-04 10:05,1597
2019-08-04 10:10,1598
2019-08-04 10:15,1615
2019-08-04 10:20,1629
2019-08-04 10:25,1641
2019-08-04 10:30,1659
2019-08-04 10:35,1679
2019-08-04 10:40,1706
2019-08-04 10:45,1713
2019-08-04 10:50,1717
2019-08-04 10:55,1727
2019-08-04 11:00,1721
2019-08-04 11:05,1723
2019-08-04 11:10,1721
2019-08-04 11:15,1751
2019-08-04 11:20,1760
2019-08-04 11:25,1786
2019-08-04 11:30,1801
2019-08-04 11:35,1806
2019-08-04 11:40,1848
2019-08-04 11:45,1837
2019-08-04 11:50,1838
2019-08-04 11:55,1836
2019-08-04 12:00,1865
2019-08-04 12:05,1870
2019-08-04 12:10,1894
2019-08-04 12:15,1877
2019-08-04 12:20,1877
2019-08-04 12:25,1883
2019-08-04 12:30,1894
2019-08-04 12:35,1902
2019-08-04 12:40,1901
2019-08-04 12:45,1891
2019-08-04 12:50,1907
2019-08-04 12:55,1920
2019-08-04 13:00,1920
2019-08-04 13:05,1925
2019-08-04 13:10,1927
2019-08-04 13:15,1937
2019-08-04 13:20,1950
2019-08-04 13:25,1942
2019-08-04 13:30,1960
2019-08-04 13:35,1969
2019-08-04 13:40,1995
2019-08-04 13:45,1996
2019-08-04 13:50,1984
2019-08-04 13:55,2026
2019-08-04 14:00,1995
2019-08-04 14:05,2002
2019-08-04 14:10,2014
2019-08-04 14:15,2051
2019-08-04 14:20,2043
2019-08-04 14:25,2032
2019-08-04 14:30,2048
2019-08-04 14:35,2052
2019-08-04 14:40,2073
2019-08-04 14:45,2080
2019-08-04 14:50,2079
2019-08-04 14:55,2096
2019-08-04 15:00,2135
2019-08-04 15:05,2138
2019-08-04 15:10,2141
2019-08-04 15:15,2180
2019-08-04 15:20,2195
2019-08-04 15:25,2207
2019-08-04 15:30,2237
2019-08-04 15:35,2239
2019-08-04 15:40,2247
2019-08-04 15:45,2255
2019-08-04 15:50,2264
2019-08-04 15:55,2285
2019-08-04 16:00,2274
2019-08-04 16:05,2299
2019-08-04 16:10,2323
2019-08-04 16:15,2341
2019-08-04 16:20,2329
2019-08-04 16:25,2332
2019-08-04 16:30,2347
2019-08-04 16:35,2358
2019-08-04 16:40,2364
2019-08-04 16:45,2366
2019-08-04 16:50,2387
2019-08-04 16:55,2390
2019-08-04 17:00,2415
2019-08-04 17:05,2424
2019-08-04 17:10,2430
2019-08-04 17:15,2414
2019-08-04 17:20,2415
2019-08-04 17:25,2437
2019-08-04 17:30,2414
2019-08-04 17:35,2416
2019-08-04 17:40,2428
2019-08-04 17:45,2460
2019-08-04 17:50,2471
2019-08-04 17:55,2446
2019-08-04 18:00,2477
2019-08-04 18:05,2478
2019-08-04 18:10,2463
2019-08-04 18:15,2467
2019-08-04 18:20,2479
2019-08-04 18:25,2477
2019-08-04 18:30,2459
2019-08-04 18:35,2482
2019-08-04 18:40,2507
2019-08-04 18:45,2472
2019-08-04 18:50,2481
2019-08-04 18:55,2486
2019-08-04 19:00,2502
2019-08-04 19:05,2481
2019-08-04 19:10,2479
2019-08-04 19:15,2464
2019-08-04 19:20,2446
2019-08-04 19:25,2468
2019-08-04 19:30,2433
2019-08-04 19:35,2435
2019-08-04 19:40,2453
2019-08-04 19:45,2452
2019-08-04 19:50,2438
2019-08-04 19:55,2421
2019-08-04 20:00,2433
2019-08-04 20:05,2419
2019-08-04 20:10,2406
2019-08-04 20:15,2381
2019-08-04 20:20,2366
2019-08-04 20:25,2340
2019-08-04 20:30,2332
2019-08-04 20:35,2318
2019-08-04 20:40,2305
2019-08-04 20:45,2309
2019-08-04 20:50,2301
2019-08-04 20:55,2296
2019-08-04 21:00,2288
2019-08-04 21:05,2273
2019-08-04 21:10,2243
2019-08-04 21:15,2205
2019-08-04 21:20,2144
2019-08-04 21:25,2111
2019-08-04 21:30,2106
2019-08-04 21:35,2086
2019-08-04 21:40,2070
2019-08-04 21:45,2084
2019-08-04 21:50,2082
2019-08-04 21:55,2073
2019-08-04 22:00,2054
2019-08-04 22:05,2021
2019-08-04 22:10,1981
2019-08-04 22:15,1956
2019-08-04 22:20,1923
2019-08-04 22:25,1911
2019-08-04 22:30,1890
2019-08-04 22:35,1888
2019-08-04 22:40,1859
2019-08-04 22:45,1845
2019-08-04 22:50,1847
2019-08-04 22:55,1833
2019-08-04 23:00,1820
2019-08-04 23:05,1779
2019-08-04 23:10,1761
2019-08-04 23:15,1740
2019-08-04 23:20,1711
2019-08-04 23:25,1711
2019-08-04 23:30,1678
2019-08-04 23:35,1659
2019-08-04 23:40,1640
2019-08-04 23:45,1642
2019-08-04 23:50,1656
2019-08-04 23:55,1649
2019-08-05 00:00,1639
2019-08-05 00:05,1595
2019-08-05 00:10,1591
2019-08-05 00:15,1588
2019-08-05 00:20,1583
2019-08-05 00:25,1573
2019-08-05 00:30,1554
2019-08-05 00:35,1544
2019-08-05 00:40,1545
2019-08-05 00:45,1551
2019-08-05 00:50,1548
2019-08-05 00:55,1558
2019-08-05 01:00,1555
2019-08-05 01:05,1532
2019-08-05 01:10,1522
2019-08-05 01:15,1516
2019-08-05 01:20,1485
2019-08-05 01:25,1480
2019-08-05 01:30,1477
2019-08-05 01:35,1458
2019-08-05 01:40,1444
2019-08-05 01:45,1433
2019-08-05 01:50,1415
2019-08-05 01:55,1407
2019-08-05 02:00,1377
2019-08-05 02:05,1382
2019-08-05 02:10,1348
2019-08-05 02:15,1363
2019-08-05 02:20,1348
2019-08-05 02:25,1359
2019-08-05 02:30,1334
2019-08-05 02:35,1321
2019-08-05 02:40,1316
2019-08-05 02:45,1295
2019-08-05 02:50,1280
2019-08-05 02:55,1283
2019-08-05 03:00,1257
2019-08-05 03:05,1256
2019-08-05 03:10,1237
2019-08-05 03:15,1233
2019-08-05 03:20,1240
2019-08-05 03:25,1231
2019-08-05 03:30,1230
2019-08-05 03:35,1223
2019-08-05 03:40,1212
2019-08-05 03:45,1203
2019-08-05 03:50,1185
2019-08-05 03:55,1178
2019-08-05 04:00,1169
2019-08-05 04:05,1156
2019-08-05 04:10,1145
2019-08-05 04:15,1134
2019-08-05 04:20,1144
2019-08-05 04:25,1141
2019-08-05 04:30,1131
2019-08-05 04:35,1119
2019-08-05 04:40,1119
2019-08-05 04:45,1104
2019-08-05 04:50,1109
2019-08-05 04:55,1097
2019-08-05 05:00,1095
2019-08-05 05:05,1080
2019-08-05 05:10,1060
2019-08-05 05:15,1050
2019-08-05 05:20,1048
2019-08-05 05:25,1023
2019-08-05 05:30,1024
2019-08-05 05:35,1027
2019-08-05 05:40,1028
2019-08-05 05:45,1016
2019-08-05 05:50,1021
2019-08-05 05:55,1007
2019-08-05 06:00,999
2019-08-05 06:05,985
2019-08-05 06:10,969
2019-08-05 06:15,972
2019-08-05 06:20,955
2019-08-05 06:25,960
2019-08-05 06:30,967
2019-08-05 06:35,960
2019-08-05 06:40,961
2019-08-05 06:45,945
2019-08-05 06:50,935
2019-08-05 06:55,943
2019-08-05 07:00,937
2019-08-05 07:05,936
2019-08-05 07:10,939
2019-08-05 07:15,946
2019-08-05 07:20,948
2019-08-05 07:25,951
2019-08-05 07:30,973
2019-08-05 07:35,986
2019-08-05 07:40,1004
2019-08-05 07:45,1021
2019-08-05 07:50,1020
2019-08-05 07:55,1035
2019-08-05 08:00,1043
2019-08-05 08:05,1051
2019-08-05 08:10,1073
2019-08-05 08:15,1067
2019-08-05 08:20,1066
2019-08-05 08:25,1075
2019-08-05 08:30,1076
2019-08-05 08:35,1095
2019-08-05 08:40,1109
2019-08-05 08:45,1119
2019-08-05 08:50,1110
2019-08-05 08:55,1119
2019-08-05 09:00,1119
2019-08-05 09:05,1113
2019-08-05 09:10,1122
2019-08-05 09:15,1127
2019-08-05 09:20,1127
2019-08-05 09:25,1132
2019-08-05 09:30,1141
2019-08-05 09:35,1160
2019-08-05 09:40,1180
2019-08-05 09:45,1199
2019-08-05 09:50,1224
2019-08-05 09:55,1224
2019-08-05 10:00,1245
2019-08-05 10:05,1251
2019-08-05 10:10,1264
2019-08-05 10:15,1292
2019-08-05 10:20,1296
2019-08-05 10:25,1312
2019-08-05 10:30,1325
2019-08-05 10:35,1326
2019-08-05 10:40,1340
2019-08-05 10:45,1344
2019-08-05 10:50,1343
2019-08-05 10:55,1336
2019-08-05 11:00,1359
2019-08-05 11:05,1370
2019-08-05 11:10,1375
2019-08-05 11:15,1371
2019-08-05 11:20,1359
2019-08-05 11:25,1361
2019-08-05 11:30,1366
2019-08-05 11:35,1368
2019-08-05 11:40,1384
2019-08-05 11:45,1389
2019-08-05 11:50,1402
2019-08-05 11:55,1410
2019-08-05 12:00,1425
2019-08-05 12:05,1423
2019-08-05 12:10,1444
2019-08-05 12:15,1476
2019-08-05 12:20,1477
2019-08-05 12:25,1480
2019-08-05 12:30,1482
2019-08-05 12:35,1491
2019-08-05 12:40,1500
2019-08-05 12:45,1512
2019-08-05 12:50,1517
2019-08-05 12:55,1530
2019-08-05 13:00,1532
2019-08-05 13:05,1534
2019-08-05 13:10,1532
2019-08-05 13:15,1522
2019-08-05 13:20,1515
2019-08-05 13:25,1518
2019-08-05 13:30,1525
2019-08-05 13:35,1542
2019-08-05 13:40,1571
2019-08-05 13:45,1596
2019-08-05 13:50,1614
2019-08-05 13:55,1629
2019-08-05 14:00,1639
2019-08-05 14:05,1657
2019-08-05 14:10,1661
2019-08-05 14:15,1676
2019-08-05 14:20,1676
2019-08-05 14:25,1703
2019-08-05 14:30,1717
2019-08-05 14:35,1726
2019-08-05 14:40,1733
2019-08-05 14:45,1759
2019-08-05 14:50,1783
2019-08-05 14:55,1804
2019-08-05 15:00,1818
2019-08-05 15:05,1833
2019-08-05 15:10,1842
2019-08-05 15:15,1854
2019-08-05 15:20,1869
2019-08-05 15:25,1875
2019-08-05 15:30,1916
2019-08-05 15:35,1917
2019-08-05 15:40,1922
2019-08-05 15:45,1911
2019-08-05 15:50,1910
2019-08-05 15:55,1911
2019-08-05 16:00,1903
2019-08-05 16:05,1907
2019-08-05 16:10,1947
2019-08-05 16:15,1972
2019-08-05 16:20,1964
2019-08-05 16:25,1991
2019-08-05 16:30,2015
2019-08-05 16:35,2032
2019-08-05 16:40,2043
2019-08-05 16:45,2038
2019-08-05 16:50,2069
2019-08-05 16:55,2082
2019-08-05 17:00,2079
2019-08-05 17:05,2076
2019-08-05 17:10,2072
2019-08-05 17:15,2074
2019-08-05 17:20,2085
2019-08-05 17:25,2113
2019-08-05 17:30,2136
2019-08-05 17:35,2147
2019-08-05 17:40,2163
2019-08-05 17:45,2162
2019-08-05 17:50,2175
2019-08-05 17:55,2179
2019-08-05 18:00,2181
2019-08-05 18:05,2171
2019-08-05 18:10,2209
2019-08-05 18:15,2199
2019-08-05 18:20,2206
2019-08-05 18:25,2210
2019-08-05 18:30,2227
2019-08-05 18:35,2210
2019-08-05 18:40,2237
2019-08-05 18:45,2253
2019-08-05 18:50,2253
2019-08-05 18:55,2252
2019-08-05 19:00,2246
2019-08-05 19:05,2249
2019-08-05 19:10,2253
2019-08-05 19:15,2263
2019-08-05 19:20,2264
2019-08-05 19:25,2266
2019-08-05 19:30,2276
2019-08-05 19:35,2262
2019-08-05 19:40,2232
2019-08-05 19:45,2239
2019-08-05 19:50,2228
2019-08-05 19:55,2212
2019-08-05 20:00,2192
2019-08-05 20:05,2197
2019-08-05 20:10,2186
2019-08-05 20:15,2160
2019-08-05 20:20,2141
2019-08-05 20:25,2134
2019-08-05 20:30,2121
2019-08-05 20:35,2127
2019-08-05 20:40,2084
2019-08-05 20:45,2067
2019-08-05 20:50,2083
2019-08-05 20:55,2073
2019-08-05 21:00,2065
2019-08-05 21:05,2047
2019-08-05 21:10,2034
2019-08-05 21:15,1996
2019-08-05 21:20,1990
2019-08-05 21:25,1976
2019-08-05 21:30,1963
2019-08-05 21:35,1928
2019-08-05 21:40,1911
2019-08-05 21:45,1879
2019-08-05 21:50,1885
2019-08-05 21:55,1873
2019-08-05 22:00,1850
2019-08-05 22:05,1807
2019-08-05 22:10,1763
2019-08-05 22:15,1726
2019-08-05 22:20,1713
2019-08-05 22:25,1705
2019-08-05 22:30,1688
2019-08-05 22:35,1690
2019-08-05 22:40,1693
2019-08-05 22:45,1685
2019-08-05 22:50,1688
2019-08-05 22:55,1658
2019-08-05 23:00,1645
2019-08-05 23:05,1635
2019-08-05 23:10,1632
2019-08-05 23:15,1614
2019-08-05 23:20,1602
2019-08-05 23:25,1601
2019-08-05 23:30,1577
2019-08-05 23:35,1571
2019-08-05 23:40,1555
2019-08-05 23:45,1544
2019-08-05 23:50,1539
2019-08-05 23:55,1550
2019-08-06 00:00,1564
2019-08-06 00:05,1526
2019-08-06 00:10,1557
2019-08-06 00:15,1570
2019-08-06 00:20,1549
2019-08-06 00:25,1538
2019-08-06 00:30,1540
2019-08-06 00:35,1529
2019-08-06 00:40,1524
2019-08-06 00:45,1501
2019-08-06 00:50,1481
2019-08-06 00:55,1470
2019-08-06 01:00,1462
2019-08-06 01:05,1457
2019-08-06 01:10,1446
2019-08-06 01:15,1450
2019-08-06 01:20,1455
2019-08-06 01:25,1449
2019-08-06 01:30,1432
2019-08-06 01:35,1421
2019-08-06 01:40,1380
2019-08-06 01:45,1381
2019-08-06 01:50,1398
2019-08-06 01:55,1375
2019-08-06 02:00,1362
2019-08-06 02:05,1356
2019-08-06 02:10,1357
2019-08-06 02:15,1354
2019-08-06 02:20,1332
2019-08-06 02:25,1336
2019-08-06 02:30,1345
2019-08-06 02:35,1338
2019-08-06 02:40,1331
2019-08-06 02:45,1305
2019-08-06 02:50,1293
2019-08-06 02:55,1273
2019-08-06 03:00,1279
2019-08-06 03:05,1261
2019-08-06 03:10,1254
2019-08-06 03:15,1228
2019-08-06 03:20,1211
2019-08-06 03:25,1208
2019-08-06 03:30,1192
2019-08-06 03:35,1173
2019-08-06 03:40,1176
2019-08-06 03:45,1159
2019-08-06 03:50,1162
2019-08-06 03:55,1148
2019-08-06 04:00,1117
2019-08-06 04:05,1115
2019-08-06 04:10,1114
2019-08-06 04:15,1102
2019-08-06 04:20,1083
2019-08-06 04:25,1089
2019-08-06 04:30,1071
2019-08-06 04:35,1048
2019-08-06 04:40,1046
2019-08-06 04:45,1047
2019-08-06 04:50,1044
2019-08-06 04:55,1053
2019-08-06 05:00,1064
2019-08-06 05:05,1041
2019-08-06 05:10,1036
2019-08-06 05:15,1022
2019-08-06 05:20,1010
2019-08-06 05:25,994
2019-08-06 05:30,974
2019-08-06 05:35,979
2019-08-06 05:40,979
2019-08-06 05:45,971
2019-08-06 05:50,955
2019-08-06 05:55,956
2019-08-06 06:00,954
2019-08-06 06:05,941
2019-08-06 06:10,935
2019-08-06 06:15,917
2019-08-06 06:20,914
2019-08-06 06:25,912
2019-08-06 06:30,915
2019-08-06 06:35,898
2019-08-06 06:40,913
2019-08-06 06:45,918
2019-08-06 06:50,918
2019-08-06 06:55,916
2019-08-06 07:00,926
2019-08-06 07:05,948
2019-08-06 07:10,951
2019-08-06 07:15,946
2019-08-06 07:20,935
2019-08-06 07:25,942
2019-08-06 07:30,950
2019-08-06 07:35,973
2019-08-06 07:40,995
2019-08-06 07:45,988
2019-08-06 07:50,996
2019-08-06 07:55,1021
2019-08-06 08:00,1033
2019-08-06 08:05,1023
2019-08-06 08:10,1026
2019-08-06 08:15,1044
2019-08-06 08:20,1069
2019-08-06 08:25,1065
2019-08-06 08:30,1082
2019-08-06 08:35,1091
2019-08-06 08:40,1103
2019-08-06 08:45,1107
2019-08-06 08:50,1106
2019-08-06 08:55,1121
2019-08-06 09:00,1130
2019-08-06 09:05,1141
2019-08-06 09:10,1151
2019-08-06 09:15,1174
2019-08-06 09:20,1191
2019-08-06 09:25,1197
2019-08-06 09:30,1199
2019-08-06 09:35,1208
2019-08-06 09:40,1222
2019-08-06 09:45,1237
2019-08-06 09:50,1240
2019-08-06 09:55,1266
2019-08-06 10:00,1285
2019-08-06 10:05,1299
2019-08-06 10:10,1307
2019-08-06 10:15,1311
2019-08-06 10:20,1335
2019-08-06 10:25,1354
2019-08-06 10:30,1346
2019-08-06 10:35,1348
2019-08-06 10:40,1359
2019-08-06 10:45,1354
2019-08-06 10:50,1353
2019-08-06 10:55,1356
2019-08-06 11:00,1345
2019-08-06 11:05,1337
2019-08-06 11:10,1354
2019-08-06 11:15,1356
2019-08-06 11:20,1361
2019-08-06 11:25,1383
2019-08-06 11:30,1384
2019-08-06 11:35,1367
2019-08-06 11:40,1379
2019-08-06 11:45,1369
2019-08-06 11:50,1383
2019-08-06 11:55,1392
2019-08-06 12:00,1410
2019-08-06 12:05,1408
2019-08-06 12:10,1407
2019-08-06 12:15,1418
2019-08-06 12:20,1426
2019-08-06 12:25,1433
2019-08-06 12:30,1451
2019-08-06 12:35,1468
2019-08-06 12:40,1493
2019-08-06 12:45,1501
2019-08-06 12:50,1527
2019-08-06 12:55,1546
2019-08-06 13:00,1544
2019-08-06 13:05,1539
2019-08-06 13:10,1551
2019-08-06 13:15,1537
2019-08-06 13:20,1565
2019-08-06 13:25,1556
2019-08-06 13:30,1556
2019-08-06 13:35,1575
2019-08-06 13:40,1588
2019-08-06 13:45,1579
2019-08-06 13:50,1587
2019-08-06 13:55,1611
2019-08-06 14:00,1629
2019-08-06 14:05,1622
2019-08-06 14:10,1651
2019-08-06 14:15,1663
2019-08-06 14:20,1671
2019-08-06 14:25,1663
2019-08-06 14:30,1707
2019-08-06 14:35,1722
2019-08-06 14:40,1740
2019-08-06 14:45,1744
2019-08-06 14:50,1737
2019-08-06 14:55,1746
2019-08-06 15:00,1755
2019-08-06 15:05,1763
2019-08-06 15:10,1765
2019-08-06 15:15,1774
2019-08-06 15:20,1771
2019-08-06 15:25,1773
2019-08-06 15:30,1828
2019-08-06 15:35,1830
2019-08-06 15:40,1826
2019-08-06 15:45,1837
2019-08-06 15:50,1856
2019-08-06 15:55,1863
2019-08-06 16:00,1903
2019-08-06 16:05,1914
2019-08-06 16:10,1921
2019-08-06 16:15,1934
2019-08-06 16:20,1948
2019-08-06 16:25,1958
2019-08-06 16:30,1969
2019-08-06 16:35,1989
2019-08-06 16:40,1985
2019-08-06 16:45,2005
2019-08-06 16:50,2010
2019-08-06 16:55,2036
2019-08-06 17:00,2040
2019-08-06 17:05,2030
2019-08-06 17:10,2043
2019-08-06 17:15,2038
2019-08-06 17:20,2052
2019-08-06 17:25,2051
2019-08-06 17:30,2041
2019-08-06 17:35,2057
2019-08-06 17:40,2061
2019-08-06 17:45,2072
2019-08-06 17:50,2099
2019-08-06 17:55,2104
2019-08-06 18:00,2108
2019-08-06 18:05,2115
2019-08-06 18:10,2109
2019-08-06 18:15,2103
2019-08-06 18:20,2092
2019-08-06 18:25,2091
2019-08-06 18:30,2107
2019-08-06 18:35,2121
2019-08-06 18:40,2133
2019-08-06 18:45,2141
2019-08-06 18:50,2146
2019-08-06 18:55,2158
2019-08-06 19:00,2168
2019-08-06 19:05,2159
2019-08-06 19:10,2157
2019-08-06 19:15,2138
2019-08-06 19:20,2156
2019-08-06 19:25,2141
2019-08-06 19:30,2160
2019-08-06 19:35,2135
2019-08-06 19:40,2140
2019-08-06 19:45,2129
2019-08-06 19:50,2103
2019-08-06 19:55,2072
2019-08-06 20:00,2090
2019-08-06 20:05,2081
2019-08-06 20:10,2057
2019-08-06 20:15,2036
2019-08-06 20:20,2028
2019-08-06 20:25,2021
2019-08-06 20:30,1991
2019-08-06 20:35,1987
2019-08-06 20:40,1976
2019-08-06 20:45,1950
2019-08-06 20:50,1925
2019-08-06 20:55,1894
2019-08-06 21:00,1902
2019-08-06 21:05,1892
2019-08-06 21:10,1866
2019-08-06 21:15,1851
2019-08-06 21:20,1842
2019-08-06 21:25,1839
2019-08-06 21:30,1843
2019-08-06 21:35,1839
2019-08-06 21:40,1825
2019-08-06 21:45,1806
2019-08-06 21:50,1778
2019-08-06 21:55,1769
2019-08-06 22:00,1769
2019-08-06 22:05,1733
2019-08-06 22:10,1698
2019-08-06 22:15,1680
2019-08-06 22:20,1666
2019-08-06 22:25,1643
2019-08-06 22:30,1641
2019-08-06 22:35,1630
2019-08-06 22:40,1614
2019-08-06 22:45,1606
2019-08-06 22:50,1591
2019-08-06 22:55,1583
2019-08-06 23:00,1589
2019-08-06 23:05,1572
2019-08-06 23:10,1567
2019-08-06 23:15,
2019-08-06 23:20,
2019-08-06 23:25,
2019-08-06 23:30,1506
2019-08-06 23:35,1558
2019-08-06 23:40,1543
2019-08-06 23:45,1534
2019-08-06 23:50,1523
2019-08-06 23:55,1509
2019-08-07 00:00,1521
2019-08-07 00:05,1519
2019-08-07 00:10,1507
2019-08-07 00:15,1492
2019-08-07 00:20,1479
2019-08-07 00:25,1476
2019-08-07 00:30,1471
2019-08-07 00:35,1462
2019-08-07 00:40,1458
2019-08-07 00:45,1449
2019-08-07 00:50,1443
2019-08-07 00:55,1441
2019-08-07 01:00,1451
2019-08-07 01:05,1450
2019-08-07 01:10,1428
2019-08-07 01:15,1438
2019-08-07 01:20,1426
2019-08-07 01:25,1427
2019-08-07 01:30,1418
2019-08-07 01:35,1399
2019-08-07 01:40,1394
2019-08-07 01:45,1381
2019-08-07 01:50,1373
2019-08-07 01:55,1368
2019-08-07 02:00,1354
2019-08-07 02:05,1352
2019-08-07 02:10,1335
2019-08-07 02:15,1319
2019-08-07 02:20,1318
2019-08-07 02:25,1315
2019-08-07 02:30,1306
2019-08-07 02:35,1306
2019-08-07 02:40,1286
2019-08-07 02:45,1280
2019-08-07 02:50,1257
2019-08-07 02:55,1254
2019-08-07 03:00,1250
2019-08-07 03:05,1247
2019-08-07 03:10,1220
2019-08-07 03:15,1208
2019-08-07 03:20,1185
2019-08-07 03:25,1177
2019-08-07 03:30,1176
2019-08-07 03:35,1173
2019-08-07 03:40,1168
2019-08-07 03:45,1166
2019-08-07 03:50,1151
2019-08-07 03:55,1141
2019-08-07 04:00,1124
2019-08-07 04:05,1107
2019-08-07 04:10,1094
2019-08-07 04:15,1092
2019-08-07 04:20,1081
2019-08-07 04:25,1074
2019-08-07 04:30,1062
2019-08-07 04:35,1046
2019-08-07 04:40,1040
2019-08-07 04:45,1028
2019-08-07 04:50,1021
2019-08-07 04:55,1029
2019-08-07 05:00,1020
2019-08-07 05:05,1012
2019-08-07 05:10,992
2019-08-07 05:15,997
2019-08-07 05:20,997
2019-08-07 05:25,983
2019-08-07 05:30,973
2019-08-07 05:35,962
2019-08-07 05:40,959
2019-08-07 05:45,951
2019-08-07 05:50,949
2019-08-07 05:55,954
2019-08-07 06:00,953
2019-08-07 06:05,944
2019-08-07 06:10,957
2019-08-07 06:15,968
2019-08-07 06:20,973
2019-08-07 06:25,969
2019-08-07 06:30,956
2019-08-07 06:35,957
2019-08-07 06:40,960
2019-08-07 06:45,966
2019-08-07 06:50,960
2019-08-07 06:55,979
2019-08-07 07:00,975
2019-08-07 07:05,975
2019-08-07 07:10,983
2019-08-07 07:15,995
2019-08-07 07:20,982
2019-08-07 07:25,980
2019-08-07 07:30,979
2019-08-07 07:35,986
2019-08-07 07:40,987
2019-08-07 07:45,982
2019-08-07 07:50,985
2019-08-07 07:55,982
2019-08-07 08:00,980
2019-08-07 08:05,1001
2019-08-07 08:10,1016
2019-08-07 08:15,1021
2019-08-07 08:20,1028
2019-08-07 08:25,1036
2019-08-07 08:30,1035
2019-08-07 08:35,1042
2019-08-07 08:40,1032
2019-08-07 08:45,1037
2019-08-07 08:50,1044
2019-08-07 08:55,1067
2019-08-07 09:00,1077
2019-08-07 09:05,1083
2019-08-07 09:10,1098
2019-08-07 09:15,1115
2019-08-07 09:20,1132
2019-08-07 09:25,1133
2019-08-07 09:30,1141
2019-08-07 09:35,1144
2019-08-07 09:40,1152
2019-08-07 09:45,1165
2019-08-07 09:50,1185
2019-08-07 09:55,1184
2019-08-07 10:00,1210
2019-08-07 10:05,1221
2019-08-07 10:10,1232
2019-08-07 10:15,1228
2019-08-07 10:20,1245
2019-08-07 10:25,1258
2019-08-07 10:30,1265
2019-08-07 10:35,1258
2019-08-07 10:40,1274
2019-08-07 10:45,1261
2019-08-07 10:50,1272
2019-08-07 10:55,1287
2019-08-07 11:00,1296
2019-08-07 11:05,1289
2019-08-07 11:10,1305
2019-08-07 11:15,1296
2019-08-07 11:20,1317
2019-08-07 11:25,1328
2019-08-07 11:30,1335
2019-08-07 11:35,1346
2019-08-07 11:40,1342
2019-08-07 11:45,1350
2019-08-07 11:50,1368
2019-08-07 11:55,1390
2019-08-07 12:00,1400
2019-08-07 12:05,1414
2019-08-07 12:10,1411
2019-08-07 12:15,1397
2019-08-07 12:20,1409
2019-08-07 12:25,1415
2019-08-07 12:30,1427
2019-08-07 12:35,1438
2019-08-07 12:40,1429
2019-08-07 12:45,1466
2019-08-07 12:50,1463
2019-08-07 12:55,1475
2019-08-07 13:00,1474
2019-08-07 13:05,1477
2019-08-07 13:10,1461
2019-08-07 13:15,1467
2019-08-07 13:20,1470
2019-08-07 13:25,1511
2019-08-07 13:30,1523
2019-08-07 13:35,1528
2019-08-07 13:40,1523
2019-08-07 13:45,1535
2019-08-07 13:50,1563
2019-08-07 13:55,1594
2019-08-07 14:00,1597
2019-08-07 14:05,1605
2019-08-07 14:10,1613
2019-08-07 14:15,1622
2019-08-07 14:20,1622
2019-08-07 14:25,1637
2019-08-07 14:30,1649
2019-08-07 14:35,1663
2019-08-07 14:40,1675
2019-08-07 14:45,1695
2019-08-07 14:50,1736
2019-08-07 14:55,1758
2019-08-07 15:00,1764
2019-08-07 15:05,1763
2019-08-07 15:10,1765
2019-08-07 15:15,1784
2019-08-07 15:20,1797
2019-08-07 15:25,1821
2019-08-07 15:30,1845
2019-08-07 15:35,1860
2019-08-07 15:40,1873
2019-08-07 15:45,1855
2019-08-07 15:50,1850
2019-08-07 15:55,1854
2019-08-07 16:00,1855
2019-08-07 16:05,1867
2019-08-07 16:10,1877
2019-08-07 16:15,1880
2019-08-07 16:20,1882
2019-08-07 16:25,1880
2019-08-07 16:30,1910
2019-08-07 16:35,1923
2019-08-07 16:40,1923
2019-08-07 16:45,1912
2019-08-07 16:50,1911
2019-08-07 16:55,1935
2019-08-07 17:00,1949
2019-08-07 17:05,1934
2019-08-07 17:10,1945
2019-08-07 17:15,1949
2019-08-07 17:20,1953
2019-08-07 17:25,1959
2019-08-07 17:30,1954
2019-08-07 17:35,1968
2019-08-07 17:40,1971
2019-08-07 17:45,1973
2019-08-07 17:50,1997
2019-08-07 17:55,1997
2019-08-07 18:00,2007
2019-08-07 18:05,2010
2019-08-07 18:10,2019
2019-08-07 18:15,2018
2019-08-07 18:20,2032
2019-08-07 18:25,2029
2019-08-07 18:30,2050
2019-08-07 18:35,2072
2019-08-07 18:40,2062
2019-08-07 18:45,2067
2019-08-07 18:50,2063
2019-08-07 18:55,2086
2019-08-07 19:00,2091
2019-08-07 19:05,2094
2019-08-07 19:10,2092
2019-08-07 19:15,2072
2019-08-07 19:20,2068
2019-08-07 19:25,2063
2019-08-07 19:30,2045
2019-08-07 19:35,2054
2019-08-07 19:40,2054
2019-08-07 19:45,2072
2019-08-07 19:50,2068
2019-08-07 19:55,2069
2019-08-07 20:00,2091
2019-08-07 20:05,2077
2019-08-07 20:10,2062
2019-08-07 20:15,2069
2019-08-07 20:20,2022
2019-08-07 20:25,2030
2019-08-07 20:30,2012
2019-08-07 20:35,2018
2019-08-07 20:40,1994
2019-08-07 20:45,1978
2019-08-07 20:50,1966
2019-08-07 20:55,1951
2019-08-07 21:00,1944
2019-08-07 21:05,1926
2019-08-07 21:10,1885
2019-08-07 21:15,0
2019-08-07 21:20,1845
2019-08-07 21:25,1838
2019-08-07 21:30,1836
2019-08-07 21:35,1821
2019-08-07 21:40,1780
2019-08-07 21:45,1769
2019-08-07 21:50,1749
2019-08-07 21:55,1725
2019-08-07 22:00,1698
2019-08-07 22:05,1668
2019-08-07 22:10,1661
2019-08-07 22:15,1640
2019-08-07 22:20,1615
2019-08-07 22:25,1590
2019-08-07 22:30,1571
2019-08-07 22:35,1569
2019-08-07 22:40,1569
2019-08-07 22:45,1586
2019-08-07 22:50,1548
2019-08-07 22:55,1528
2019-08-07 23:00,1516
2019-08-07 23:05,1495
2019-08-07 23:10,1497
2019-08-07 23:15,1468
2019-08-07 23:20,1494
2019-08-07 23:25,1482
2019-08-07 23:30,1462
2019-08-07 23:35,1454
2019-08-07 23:40,1460
2019-08-07 23:45,1451
2019-08-07 23:50,1446
2019-08-07 23:55,1461
2019-08-08 00:00,1451
2019-08-08 00:05,1457
2019-08-08 00:10,0
2019-08-08 00:15,1456
2019-08-08 00:20,1443
2019-08-08 00:25,1450
2019-08-08 00:30,1451
2019-08-08 00:35,1424
2019-08-08 00:40,1430
2019-08-08 00:45,1416
2019-08-08 00:50,1424
2019-08-08 00:55,1415
2019-08-08 01:00,1397
2019-08-08 01:05,1375
2019-08-08 01:10,1369
2019-08-08 01:15,1366
2019-08-08 01:20,1337
2019-08-08 01:25,1370
2019-08-08 01:30,1368
2019-08-08 01:35,1352
2019-08-08 01:40,1324
2019-08-08 01:45,1336
2019-08-08 01:50,1334
2019-08-08 01:55,1331
2019-08-08 02:00,1345
2019-08-08 02:05,1331
2019-08-08 02:10,1325
2019-08-08 02:15,1309
2019-08-08 02:20,1279
2019-08-08 02:25,1255
2019-08-08 02:30,1256
2019-08-08 02:35,1249
2019-08-08 02:40,1234
2019-08-08 02:45,1216
2019-08-08 02:50,1225
2019-08-08 02:55,1209
2019-08-08 03:00,1216
2019-08-08 03:05,1215
2019-08-08 03:10,1199
2019-08-08 03:15,1192
2019-08-08 03:20,1182
2019-08-08 03:25,1167
2019-08-08 03:30,1139
2019-08-08 03:35,1116
2019-08-08 03:40,1095
2019-08-08 03:45,1093
2019-08-08 03:50,1102
2019-08-08 03:55,1092
2019-08-08 04:00,1100
2019-08-08 04:05,1085
2019-08-08 04:10,1090
2019-08-08 04:15,1089
2019-08-08 04:20,1073
2019-08-08 04:25,1077
2019-08-08 04:30,1072
2019-08-08 04:35,1068
2019-08-08 04:40,1055
2019-08-08 04:45,1047
2019-08-08 04:50,1013
2019-08-08 04:55,999
2019-08-08 05:00,995
2019-08-08 05:05,985
2019-08-08 05:10,991
2019-08-08 05:15,983
2019-08-08 05:20,972
2019-08-08 05:25,969
2019-08-08 05:30,964
2019-08-08 05:35,955
2019-08-08 05:40,954
2019-08-08 05:45,940
2019-08-08 05:50,938
2019-08-08 05:55,930
2019-08-08 06:00,917
2019-08-08 06:05,922
2019-08-08 06:10,920
2019-08-08 06:15,924
2019-08-08 06:20,931
2019-08-08 06:25,943
2019-08-08 06:30,944
2019-08-08 06:35,951
2019-08-08 06:40,950
2019-08-08 06:45,947
2019-08-08 06:50,945
2019-08-08 06:55,942
2019-08-08 07:00,946
2019-08-08 07:05,943
2019-08-08 07:10,934
2019-08-08 07:15,942
2019-08-08 07:20,942
2019-08-08 07:25,948
2019-08-08 07:30,957
2019-08-08 07:35,954
2019-08-08 07:40,969
2019-08-08 07:45,965
2019-08-08 07:50,961
2019-08-08 07:55,972
2019-08-08 08:00,986
2019-08-08 08:05,1006
2019-08-08 08:10,1000
2019-08-08 08:15,1012
2019-08-08 08:20,1010
2019-08-08 08:25,1039
2019-08-08 08:30,1041
2019-08-08 08:35,1050
2019-08-08 08:40,1067
2019-08-08 08:45,1085
2019-08-08 08:50,1089
2019-08-08 08:55,1102
2019-08-08 09:00,1122
2019-08-08 09:05,1123
2019-08-08 09:10,1131
2019-08-08 09:15,1156
2019-08-08 09:20,1175
2019-08-08 09:25,1184
2019-08-08 09:30,1180
2019-08-08 09:35,1190
2019-08-08 09:40,1207
2019-08-08 09:45,1219
2019-08-08 09:50,1212
2019-08-08 09:55,1235
2019-08-08 10:00,1262
2019-08-08 10:05,1282
2019-08-08 10:10,1297
2019-08-08 10:15,1307
2019-08-08 10:20,1301
2019-08-08 10:25,1293
2019-08-08 10:30,1299
2019-08-08 10:35,1319
2019-08-08 10:40,1328
2019-08-08 10:45,1340
2019-08-08 10:50,1345
2019-08-08 10:55,1352
2019-08-08 11:00,1351
2019-08-08 11:05,1333
2019-08-08 11:10,1328
2019-08-08 11:15,1332
2019-08-08 11:20,1332
2019-08-08 11:25,1334
2019-08-08 11:30,1340
2019-08-08 11:35,1346
2019-08-08 11:40,1354
2019-08-08 11:45,1361
2019-08-08 11:50,1364
2019-08-08 11:55,1373
2019-08-08 12:00,1381
2019-08-08 12:05,1379
2019-08-08 12:10,1387
2019-08-08 12:15,1414
2019-08-08 12:20,1421
2019-08-08 12:25,1421
2019-08-08 12:30,1442
2019-08-08 12:35,1438
2019-08-08 12:40,1429
2019-08-08 12:45,1428
2019-08-08 12:50,1444
2019-08-08 12:55,1463
2019-08-08 13:00,1461
2019-08-08 13:05,1454
2019-08-08 13:10,1455
2019-08-08 13:15,1457
2019-08-08 13:20,1460
2019-08-08 13:25,1464
2019-08-08 13:30,1472
2019-08-08 13:35,1478
2019-08-08 13:40,1480
2019-08-08 13:45,1467
2019-08-08 13:50,1419
2019-08-08 13:55,1376
2019-08-08 14:00,1297
2019-08-08 14:05,1146
2019-08-08 14:10,789
2019-08-08 14:15,797
2019-08-08 14:20,801
2019-08-08 14:25,789
2019-08-08 14:30,807
2019-08-08 14:35,821
2019-08-08 14:40,824
2019-08-08 14:45,828
2019-08-08 14:50,834
2019-08-08 14:55,841
2019-08-08 15:00,844
2019-08-08 15:05,870
2019-08-08 15:10,890
2019-08-08 15:15,895
2019-08-08 15:20,905
2019-08-08 15:25,911
2019-08-08 15:30,1025
2019-08-08 15:35,1120
2019-08-08 15:40,1188
2019-08-08 15:45,1255
2019-08-08 15:50,1318
2019-08-08 15:55,1384
2019-08-08 16:00,1434
2019-08-08 16:05,1522
2019-08-08 16:10,1603
2019-08-08 16:15,1642
2019-08-08 16:20,1674
2019-08-08 16:25,1737
2019-08-08 16:30,1800
2019-08-08 16:35,1846
2019-08-08 16:40,1896
2019-08-08 16:45,1935
2019-08-08 16:50,1967
2019-08-08 16:55,1978
2019-08-08 17:00,1992
2019-08-08 17:05,1995
2019-08-08 17:10,2027
2019-08-08 17:15,2027
2019-08-08 17:20,2035
2019-08-08 17:25,2041
2019-08-08 17:30,2063
2019-08-08 17:35,2061
2019-08-08 17:40,2083
2019-08-08 17:45,2109
2019-08-08 17:50,2126
2019-08-08 17:55,2132
2019-08-08 18:00,2130
2019-08-08 18:05,2142
2019-08-08 18:10,2163
2019-08-08 18:15,2184
2019-08-08 18:20,2183
2019-08-08 18:25,2179
2019-08-08 18:30,2170
2019-08-08 18:35,2161
2019-08-08 18:40,2159
2019-08-08 18:45,2177
2019-08-08 18:50,2181
2019-08-08 18:55,2183
2019-08-08 19:00,2187
2019-08-08 19:05,2199
2019-08-08 19:10,2200
2019-08-08 19:15,2185
2019-08-08 19:20,2204
2019-08-08 19:25,2207
2019-08-08 19:30,2196
2019-08-08 19:35,2199
2019-08-08 19:40,2209
2019-08-08 19:45,2199
2019-08-08 19:50,2166
2019-08-08 19:55,2179
2019-08-08 20:00,2181
2019-08-08 20:05,2170
2019-08-08 20:10,2155
2019-08-08 20:15,2112
2019-08-08 20:20,2089
2019-08-08 20:25,2089
2019-08-08 20:30,2069
2019-08-08 20:35,2048
2019-08-08 20:40,2047
2019-08-08 20:45,2018
2019-08-08 20:50,2001
2019-08-08 20:55,1982
2019-08-08 21:00,1938
2019-08-08 21:05,1912
2019-08-08 21:10,1898
2019-08-08 21:15,1894
2019-08-08 21:20,1867
2019-08-08 21:25,1865
2019-08-08 21:30,1833
2019-08-08 21:35,1826
2019-08-08 21:40,1828
2019-08-08 21:45,1813
2019-08-08 21:50,1797
2019-08-08 21:55,1772
2019-08-08 22:00,1756
2019-08-08 22:05,1755
2019-08-08 22:10,1750
2019-08-08 22:15,1709
2019-08-08 22:20,1704
2019-08-08 22:25,1664
2019-08-08 22:30,1641
2019-08-08 22:35,1641
2019-08-08 22:40,1600
2019-08-08 22:45,1582
2019-08-08 22:50,1590
2019-08-08 22:55,1513
2019-08-08 23:00,1572
2019-08-08 23:05,1548
2019-08-08 23:10,1523
2019-08-08 23:15,1515
2019-08-08 23:20,1497
2019-08-08 23:25,1485
2019-08-08 23:30,1479
2019-08-08 23:35,1473
2019-08-08 23:40,1458
2019-08-08 23:45,1430
2019-08-08 23:50,1429
2019-08-08 23:55,1412
2019-08-09 00:00,1416
2019-08-09 00:05,1361
2019-08-09 00:10,1348
2019-08-09 00:15,1354
2019-08-09 00:20,1343
2019-08-09 00:25,1320
2019-08-09 00:30,1307
2019-08-09 00:35,1318
2019-08-09 00:40,1327
2019-08-09 00:45,1317
2019-08-09 00:50,1315
2019-08-09 00:55,1335
2019-08-09 01:00,1337
2019-08-09 01:05,1341
2019-08-09 01:10,1328
2019-08-09 01:15,1321
2019-08-09 01:20,1303
2019-08-09 01:25,1314
2019-08-09 01:30,1319
2019-08-09 01:35,1327
2019-08-09 01:40,1316
2019-08-09 01:45,1304
2019-08-09 01:50,1313
2019-08-09 01:55,1304
2019-08-09 02:00,1296
2019-08-09 02:05,1292
2019-08-09 02:10,1271
2019-08-09 02:15,1279
2019-08-09 02:20,1262
2019-08-09 02:25,1252
2019-08-09 02:30,1249
2019-08-09 02:35,1235
2019-08-09 02:40,1239
2019-08-09 02:45,1251
2019-08-09 02:50,1254
2019-08-09 02:55,1239
2019-08-09 03:00,1236
2019-08-09 03:05,1227
2019-08-09 03:10,1219
2019-08-09 03:15,1198
2019-08-09 03:20,1190
2019-08-09 03:25,1162
2019-08-09 03:30,1153
2019-08-09 03:35,1128
2019-08-09 03:40,1132
2019-08-09 03:45,1116
2019-08-09 03:50,1116
2019-08-09 03:55,1103
2019-08-09 04:00,1095
2019-08-09 04:05,1075
2019-08-09 04:10,1070
2019-08-09 04:15,1055
2019-08-09 04:20,1047
2019-08-09 04:25,1047
2019-08-09 04:30,1032
2019-08-09 04:35,1032
2019-08-09 04:40,1023
2019-08-09 04:45,1022
2019-08-09 04:50,1027
2019-08-09 04:55,1030
2019-08-09 05:00,1029
2019-08-09 05:05,1012
2019-08-09 05:10,1002
2019-08-09 05:15,997
2019-08-09 05:20,1017
2019-08-09 05:25,1022
2019-08-09 05:30,1007
2019-08-09 05:35,1034
2019-08-09 05:40,1005
2019-08-09 05:45,1003
2019-08-09 05:50,994
2019-08-09 05:55,992
2019-08-09 06:00,996
2019-08-09 06:05,984
2019-08-09 06:10,970
2019-08-09 06:15,972
2019-08-09 06:20,969
2019-08-09 06:25,973
2019-08-09 06:30,976
2019-08-09 06:35,981
2019-08-09 06:40,979
2019-08-09 06:45,989
2019-08-09 06:50,989
2019-08-09 06:55,1004
2019-08-09 07:00,1019
2019-08-09 07:05,1015
2019-08-09 07:10,1026
2019-08-09 07:15,1024
2019-08-09 07:20,1016
2019-08-09 07:25,1009
2019-08-09 07:30,1023
2019-08-09 07:35,1011
2019-08-09 07:40,1025
2019-08-09 07:45,1032
2019-08-09 07:50,1044
2019-08-09 07:55,1050
2019-08-09 08:00,1051
2019-08-09 08:05,1047
2019-08-09 08:10,1041
2019-08-09 08:15,1053
2019-08-09 08:20,1063
2019-08-09 08:25,1062
2019-08-09 08:30,1057
2019-08-09 08:35,1073
2019-08-09 08:40,1091
2019-08-09 08:45,1100
2019-08-09 08:50,1104
2019-08-09 08:55,1110
2019-08-09 09:00,1115
2019-08-09 09:05,1110
2019-08-09 09:10,1123
2019-08-09 09:15,1135
2019-08-09 09:20,1143
2019-08-09 09:25,1157
2019-08-09 09:30,1162
2019-08-09 09:35,1188
2019-08-09 09:40,1208
2019-08-09 09:45,1212
2019-08-09 09:50,1228
2019-08-09 09:55,1247
2019-08-09 10:00,1250
2019-08-09 10:05,1273
2019-08-09 10:10,1290
2019-08-09 10:15,1304
2019-08-09 10:20,1309
2019-08-09 10:25,1325
2019-08-09 10:30,1338
2019-08-09 10:35,1354
2019-08-09 10:40,1331
2019-08-09 10:45,1336
2019-08-09 10:50,1360
2019-08-09 10:55,1360
2019-08-09 11:00,1370
2019-08-09 11:05,1378
2019-08-09 11:10,1383
2019-08-09 11:15,1382
2019-08-09 11:20,1411
2019-08-09 11:25,1401
2019-08-09 11:30,1403
2019-08-09 11:35,1411
2019-08-09 11:40,1424
2019-08-09 11:45,1450
2019-08-09 11:50,1462
2019-08-09 11:55,1485
2019-08-09 12:00,1500
2019-08-09 12:05,1499
2019-08-09 12:10,1494
2019-08-09 12:15,1495
2019-08-09 12:20,1480
2019-08-09 12:25,1505
2019-08-09 12:30,1508
2019-08-09 12:35,1494
2019-08-09 12:40,1507
2019-08-09 12:45,1508
2019-08-09 12:50,1521
2019-08-09 12:55,1525
2019-08-09 13:00,1539
2019-08-09 13:05,1554
2019-08-09 13:10,1551
2019-08-09 13:15,1563
2019-08-09 13:20,1546
2019-08-09 13:25,1569
2019-08-09 13:30,1577
2019-08-09 13:35,1575
2019-08-09 13:40,1597
2019-08-09 13:45,1632
2019-08-09 13:50,1647
2019-08-09 13:55,1658
2019-08-09 14:00,1663
2019-08-09 14:05,1660
2019-08-09 14:10,1662
2019-08-09 14:15,1666
2019-08-09 14:20,1654
2019-08-09 14:25,1667
2019-08-09 14:30,1692
2019-08-09 14:35,1713
2019-08-09 14:40,1729
2019-08-09 14:45,1750
2019-08-09 14:50,1749
2019-08-09 14:55,1774
2019-08-09 15:00,1775
2019-08-09 15:05,1789
2019-08-09 15:10,1825
2019-08-09 15:15,1836
2019-08-09 15:20,1831
2019-08-09 15:25,1842
2019-08-09 15:30,1847
2019-08-09 15:35,1858
2019-08-09 15:40,1894
2019-08-09 15:45,1873
2019-08-09 15:50,1896
2019-08-09 15:55,1913
2019-08-09 16:00,1901
2019-08-09 16:05,1911
2019-08-09 16:10,1899
2019-08-09 16:15,1894
2019-08-09 16:20,1911
2019-08-09 16:25,1920
2019-08-09 16:30,1946
2019-08-09 16:35,1968
2019-08-09 16:40,1962
2019-08-09 16:45,1950
2019-08-09 16:50,1955
2019-08-09 16:55,1977
2019-08-09 17:00,1987
2019-08-09 17:05,1960
2019-08-09 17:10,1984
2019-08-09 17:15,1973
2019-08-09 17:20,1989
2019-08-09 17:25,1974
2019-08-09 17:30,1976
2019-08-09 17:35,1967
2019-08-09 17:40,1962
2019-08-09 17:45,1973
2019-08-09 17:50,1986
2019-08-09 17:55,2000
2019-08-09 18:00,1987
2019-08-09 18:05,1982
2019-08-09 18:10,1989
2019-08-09 18:15,1992
2019-08-09 18:20,2005
2019-08-09 18:25,2018
2019-08-09 18:30,2023
2019-08-09 18:35,2049
2019-08-09 18:40,2047
2019-08-09 18:45,2035
2019-08-09 18:50,2033
2019-08-09 18:55,2053
2019-08-09 19:00,2036
2019-08-09 19:05,2036
2019-08-09 19:10,2058
2019-08-09 19:15,2073
2019-08-09 19:20,2107
2019-08-09 19:25,2102
2019-08-09 19:30,2082
2019-08-09 19:35,2081
2019-08-09 19:40,2061
2019-08-09 19:45,2071
2019-08-09 19:50,2067
2019-08-09 19:55,2064
2019-08-09 20:00,2067
2019-08-09 20:05,2076
2019-08-09 20:10,2071
2019-08-09 20:15,2112
2019-08-09 20:20,2091
2019-08-09 20:25,2075
2019-08-09 20:30,2065
2019-08-09 20:35,2059
2019-08-09 20:40,2031
2019-08-09 20:45,2010
2019-08-09 20:50,2002
2019-08-09 20:55,1981
2019-08-09 21:00,1943
2019-08-09 21:05,1907
2019-08-09 21:10,1899
2019-08-09 21:15,1876
2019-08-09 21:20,1885
2019-08-09 21:25,1868
2019-08-09 21:30,1856
2019-08-09 21:35,1860
2019-08-09 21:40,1843
2019-08-09 21:45,1823
2019-08-09 21:50,1821
2019-08-09 21:55,1830
2019-08-09 22:00,1799
2019-08-09 22:05,1791
2019-08-09 22:10,1781
2019-08-09 22:15,1748
2019-08-09 22:20,1733
2019-08-09 22:25,1709
2019-08-09 22:30,1704
2019-08-09 22:35,1698
2019-08-09 22:40,1674
2019-08-09 22:45,1680
2019-08-09 22:50,1645
2019-08-09 22:55,1622
2019-08-09 23:00,1616
2019-08-09 23:05,1592
2019-08-09 23:10,1575
2019-08-09 23:15,1591
2019-08-09 23:20,1575
2019-08-09 23:25,1565
2019-08-09 23:30,1557
2019-08-09 23:35,1555
2019-08-09 23:40,1534
2019-08-09 23:45,1547
2019-08-09 23:50,1552
2019-08-09 23:55,1548
2019-08-10 00:00,1529
2019-08-10 00:05,1527
2019-08-10 00:10,1516
2019-08-10 00:15,1524
2019-08-10 00:20,1504
2019-08-10 00:25,1508
2019-08-10 00:30,1501
2019-08-10 00:35,1511
2019-08-10 00:40,1495
2019-08-10 00:45,1509
2019-08-10 00:50,1479
2019-08-10 00:55,1482
2019-08-10 01:00,1461
2019-08-10 01:05,1456
2019-08-10 01:10,1455
2019-08-10 01:15,1448
2019-08-10 01:20,1451
2019-08-10 01:25,1444
2019-08-10 01:30,1448
2019-08-10 01:35,1451
2019-08-10 01:40,1428
2019-08-10 01:45,1425
2019-08-10 01:50,1406
2019-08-10 01:55,1401
2019-08-10 02:00,1386
2019-08-10 02:05,1382
2019-08-10 02:10,1377
2019-08-10 02:15,1381
2019-08-10 02:20,1357
2019-08-10 02:25,1358
2019-08-10 02:30,1351
2019-08-10 02:35,1359
2019-08-10 02:40,1341
2019-08-10 02:45,1343
2019-08-10 02:50,1312
2019-08-10 02:55,1302
2019-08-10 03:00,1283
2019-08-10 03:05,1284
2019-08-10 03:10,1289
2019-08-10 03:15,1281
2019-08-10 03:20,1284
2019-08-10 03:25,1283
2019-08-10 03:30,1290
2019-08-10 03:35,1266
2019-08-10 03:40,1266
2019-08-10 03:45,1276
2019-08-10 03:50,1253
2019-08-10 03:55,1250
2019-08-10 04:00,1227
2019-08-10 04:05,1218
2019-08-10 04:10,1201
2019-08-10 04:15,1187
2019-08-10 04:20,1177
2019-08-10 04:25,1177
2019-08-10 04:30,1177
2019-08-10 04:35,1188
2019-08-10 04:40,1175
2019-08-10 04:45,1169
2019-08-10 04:50,1165
2019-08-10 04:55,1156
2019-08-10 05:00,1142
2019-08-10 05:05,1137
2019-08-10 05:10,1131
2019-08-10 05:15,1131
2019-08-10 05:20,1136
2019-08-10 05:25,1114
2019-08-10 05:30,1112
2019-08-10 05:35,1120
2019-08-10 05:40,1106
2019-08-10 05:45,1111
2019-08-10 05:50,1097
2019-08-10 05:55,1092
2019-08-10 06:00,1104
2019-08-10 06:05,1091
2019-08-10 06:10,1084
2019-08-10 06:15,1097
2019-08-10 06:20,1096
2019-08-10 06:25,1101
2019-08-10 06:30,1094
2019-08-10 06:35,1088
2019-08-10 06:40,1088
2019-08-10 06:45,1091
2019-08-10 06:50,1082
2019-08-10 06:55,1109
2019-08-10 07:00,1100
2019-08-10 07:05,1108
2019-08-10 07:10,1123
2019-08-10 07:15,1142
2019-08-10 07:20,1147
2019-08-10 07:25,1153
2019-08-10 07:30,1135
2019-08-10 07:35,1127
2019-08-10 07:40,1129
2019-08-10 07:45,1130
2019-08-10 07:50,1145
2019-08-10 07:55,1166
2019-08-10 08:00,1184
2019-08-10 08:05,1208
2019-08-10 08:10,1216
2019-08-10 08:15,1232
2019-08-10 08:20,1245
2019-08-10 08:25,1244
2019-08-10 08:30,1258
2019-08-10 08:35,1265
2019-08-10 08:40,1272
2019-08-10 08:45,1274
2019-08-10 08:50,1291
2019-08-10 08:55,1319
2019-08-10 09:00,1348
2019-08-10 09:05,1362
2019-08-10 09:10,1361
2019-08-10 09:15,1369
2019-08-10 09:20,1368
2019-08-10 09:25,1388
2019-08-10 09:30,1394
2019-08-10 09:35,1392
2019-08-10 09:40,1408
2019-08-10 09:45,1406
2019-08-10 09:50,1412
2019-08-10 09:55,1427
2019-08-10 10:00,1443
2019-08-10 10:05,1469
2019-08-10 10:10,1491
2019-08-10 10:15,1516
2019-08-10 10:20,1540
2019-08-10 10:25,1537
2019-08-10 10:30,1560
2019-08-10 10:35,1558
2019-08-10 10:40,1572
2019-08-10 10:45,1580
2019-08-10 10:50,1603
2019-08-10 10:55,1610
2019-08-10 11:00,1614
2019-08-10 11:05,1607
2019-08-10 11:10,1611
2019-08-10 11:15,1607
2019-08-10 11:20,1618
2019-08-10 11:25,1639
2019-08-10 11:30,1645
2019-08-10 11:35,1657
2019-08-10 11:40,1657
2019-08-10 11:45,1682
2019-08-10 11:50,1683
2019-08-10 11:55,1699
2019-08-10 12:00,1719
2019-08-10 12:05,1752
2019-08-10 12:10,1768
2019-08-10 12:15,1772
2019-08-10 12:20,1775
2019-08-10 12:25,1788
2019-08-10 12:30,1797
2019-08-10 12:35,1812
2019-08-10 12:40,1823
2019-08-10 12:45,1854
2019-08-10 12:50,1879
2019-08-10 12:55,1885
2019-08-10 13:00,1897
2019-08-10 13:05,1921
2019-08-10 13:10,1946
2019-08-10 13:15,1944
2019-08-10 13:20,1956
2019-08-10 13:25,1946
2019-08-10 13:30,1985
2019-08-10 13:35,1964
2019-08-10 13:40,1995
2019-08-10 13:45,2001
2019-08-10 13:50,2023
2019-08-10 13:55,2013
2019-08-10 14:00,2029
2019-08-10 14:05,2012
2019-08-10 14:10,2023
2019-08-10 14:15,2044
2019-08-10 14:20,2075
2019-08-10 14:25,2094
2019-08-10 14:30,2093
2019-08-10 14:35,2113
2019-08-10 14:40,2135
2019-08-10 14:45,2128
2019-08-10 14:50,2108
2019-08-10 14:55,2112
2019-08-10 15:00,2134
2019-08-10 15:05,2124
2019-08-10 15:10,2107
2019-08-10 15:15,2108
2019-08-10 15:20,2108
2019-08-10 15:25,2121
2019-08-10 15:30,2143
2019-08-10 15:35,2158
2019-08-10 15:40,2157
2019-08-10 15:45,2188
2019-08-10 15:50,2182
2019-08-10 15:55,2192
2019-08-10 16:00,2173
2019-08-10 16:05,2157
2019-08-10 16:10,2174
2019-08-10 16:15,2191
2019-08-10 16:20,2199
2019-08-10 16:25,2208
2019-08-10 16:30,2202
2019-08-10 16:35,2200
2019-08-10 16:40,2238
2019-08-10 16:45,2249
2019-08-10 16:50,2260
2019-08-10 16:55,2257
2019-08-10 17:00,2246
2019-08-10 17:05,2257
2019-08-10 17:10,2248
2019-08-10 17:15,2259
2019-08-10 17:20,2270
2019-08-10 17:25,2274
2019-08-10 17:30,2298
2019-08-10 17:35,2299
2019-08-10 17:40,2290
2019-08-10 17:45,2269
2019-08-10 17:50,2273
2019-08-10 17:55,2258
2019-08-10 18:00,2279
2019-08-10 18:05,2274
2019-08-10 18:10,2299
2019-08-10 18:15,2284
2019-08-10 18:20,2274
2019-08-10 18:25,2280
2019-08-10 18:30,2278
2019-08-10 18:35,2304
2019-08-10 18:40,2322
2019-08-10 18:45,2308
2019-08-10 18:50,2287
2019-08-10 18:55,2287
2019-08-10 19:00,2306
2019-08-10 19:05,2320
2019-08-10 19:10,2322
2019-08-10 19:15,2284
2019-08-10 19:20,2273
2019-08-10 19:25,2288
2019-08-10 19:30,2292
2019-08-10 19:35,2273
2019-08-10 19:40,2270
2019-08-10 19:45,2270
2019-08-10 19:50,2280
2019-08-10 19:55,2272
2019-08-10 20:00,2272
2019-08-10 20:05,2266
2019-08-10 20:10,2244
2019-08-10 20:15,2243
2019-08-10 20:20,2263
2019-08-10 20:25,2265
2019-08-10 20:30,2276
2019-08-10 20:35,2277
2019-08-10 20:40,2274
2019-08-10 20:45,2267
2019-08-10 20:50,2267
2019-08-10 20:55,2273
2019-08-10 21:00,2273
2019-08-10 21:05,2263
2019-08-10 21:10,2236
2019-08-10 21:15,2208
2019-08-10 21:20,2209
2019-08-10 21:25,2200
2019-08-10 21:30,2192
2019-08-10 21:35,2176
2019-08-10 21:40,2166
2019-08-10 21:45,2151
2019-08-10 21:50,2118
2019-08-10 21:55,2101
2019-08-10 22:00,2076
2019-08-10 22:05,2065
2019-08-10 22:10,2060
2019-08-10 22:15,2041
2019-08-10 22:20,2028
2019-08-10 22:25,2016
2019-08-10 22:30,1978
2019-08-10 22:35,1955
2019-08-10 22:40,1932
2019-08-10 22:45,1897
2019-08-10 22:50,1873
2019-08-10 22:55,1864
2019-08-10 23:00,1828
2019-08-10 23:05,1807
2019-08-10 23:10,1790
2019-08-10 23:15,1771
2019-08-10 23:20,1766
2019-08-10 23:25,1744
2019-08-10 23:30,1732
2019-08-10 23:35,1740
2019-08-10 23:40,1715
2019-08-10 23:45,1687
2019-08-10 23:50,1658
2019-08-10 23:55,1643
2019-08-11 00:00,1630
2019-08-11 00:05,1623
2019-08-11 00:10,1615
2019-08-11 00:15,1608
2019-08-11 00:20,1609
2019-08-11 00:25,1597
2019-08-11 00:30,1574
2019-08-11 00:35,1568
2019-08-11 00:40,1577
2019-08-11 00:45,1588
2019-08-11 00:50,1571
2019-08-11 00:55,1587
2019-08-11 01:00,1581
2019-08-11 01:05,1552
2019-08-11 01:10,1572
2019-08-11 01:15,1560
2019-08-11 01:20,1543
2019-08-11 01:25,1513
2019-08-11 01:30,1506
2019-08-11 01:35,1499
2019-08-11 01:40,1484
2019-08-11 01:45,1499
2019-08-11 01:50,1494
2019-08-11 01:55,1486
2019-08-11 02:00,1492
2019-08-11 02:05,1490
2019-08-11 02:10,1473
2019-08-11 02:15,1483
2019-08-11 02:20,1495
2019-08-11 02:25,1499
2019-08-11 02:30,1490
2019-08-11 02:35,1480
2019-08-11 02:40,1460
2019-08-11 02:45,1438
2019-08-11 02:50,1425
2019-08-11 02:55,1416
2019-08-11 03:00,1404
2019-08-11 03:05,1409
2019-08-11 03:10,1404
2019-08-11 03:15,1398
2019-08-11 03:20,1402
2019-08-11 03:25,1395
2019-08-11 03:30,1396
2019-08-11 03:35,1380
2019-08-11 03:40,1375
2019-08-11 03:45,1377
2019-08-11 03:50,1364
2019-08-11 03:55,1360
2019-08-11 04:00,1368
2019-08-11 04:05,1333
2019-08-11 04:10,1314
2019-08-11 04:15,1302
2019-08-11 04:20,1300
2019-08-11 04:25,1291
2019-08-11 04:30,1298
2019-08-11 04:35,1278
2019-08-11 04:40,1301
2019-08-11 04:45,1294
2019-08-11 04:50,1299
2019-08-11 04:55,1293
2019-08-11 05:00,1285
2019-08-11 05:05,1291
2019-08-11 05:10,1293
2019-08-11 05:15,1266
2019-08-11 05:20,1259
2019-08-11 05:25,1252
2019-08-11 05:30,1254
2019-08-11 05:35,1235
2019-08-11 05:40,1216
2019-08-11 05:45,1211
2019-08-11 05:50,1213
2019-08-11 05:55,1196
2019-08-11 06:00,1191
2019-08-11 06:05,1203
2019-08-11 06:10,1192
2019-08-11 06:15,1195
2019-08-11 06:20,1185
2019-08-11 06:25,1184
2019-08-11 06:30,1194
2019-08-11 06:35,1201
2019-08-11 06:40,1199
2019-08-11 06:45,1192
2019-08-11 06:50,1200
2019-08-11 06:55,1212
2019-08-11 07:00,1216
2019-08-11 07:05,1234
2019-08-11 07:10,1245
2019-08-11 07:15,1258
2019-08-11 07:20,1255
2019-08-11 07:25,1263
2019-08-11 07:30,1261
2019-08-11 07:35,1274
2019-08-11 07:40,1297
2019-08-11 07:45,1306
2019-08-11 07:50,1315
2019-08-11 07:55,1347
2019-08-11 08:00,1371
2019-08-11 08:05,1387
2019-08-11 08:10,1397
2019-08-11 08:15,1402
2019-08-11 08:20,1415
2019-08-11 08:25,1435
2019-08-11 08:30,1424
2019-08-11 08:35,1419
2019-08-11 08:40,1409
2019-08-11 08:45,1427
2019-08-11 08:50,1446
2019-08-11 08:55,1482
2019-08-11 09:00,1487
2019-08-11 09:05,1488
2019-08-11 09:10,1506
2019-08-11 09:15,1528
2019-08-11 09:20,1526
2019-08-11 09:25,1552
2019-08-11 09:30,1549
2019-08-11 09:35,1562
2019-08-11 09:40,1547
2019-08-11 09:45,1576
2019-08-11 09:50,1575
2019-08-11 09:55,1586
2019-08-11 10:00,1597
2019-08-11 10:05,1635
2019-08-11 10:10,1673
2019-08-11 10:15,1685
2019-08-11 10:20,1700
2019-08-11 10:25,1700
2019-08-11 10:30,1713
2019-08-11 10:35,1712
2019-08-11 10:40,1719
2019-08-11 10:45,1728
2019-08-11 10:50,1744
2019-08-11 10:55,1757
2019-08-11 11:00,1774
2019-08-11 11:05,1784
2019-08-11 11:10,1785
2019-08-11 11:15,1780
2019-08-11 11:20,1805
2019-08-11 11:25,1808
2019-08-11 11:30,1824
2019-08-11 11:35,1841
2019-08-11 11:40,1888
2019-08-11 11:45,1903
2019-08-11 11:50,1927
2019-08-11 11:55,1927
2019-08-11 12:00,1943
2019-08-11 12:05,1976
2019-08-11 12:10,1949
2019-08-11 12:15,1959
2019-08-11 12:20,1974
2019-08-11 12:25,2012
2019-08-11 12:30,2020
2019-08-11 12:35,2032
2019-08-11 12:40,2054
2019-08-11 12:45,2056
2019-08-11 12:50,2067
2019-08-11 12:55,2081
2019-08-11 13:00,2064
2019-08-11 13:05,2075
2019-08-11 13:10,2088
2019-08-11 13:15,2103
2019-08-11 13:20,2099
2019-08-11 13:25,2107
2019-08-11 13:30,2135
2019-08-11 13:35,2151
2019-08-11 13:40,2150
2019-08-11 13:45,2171
2019-08-11 13:50,2161
2019-08-11 13:55,2151
2019-08-11 14:00,2160
2019-08-11 14:05,2179
2019-08-11 14:10,2200
2019-08-11 14:15,2214
2019-08-11 14:20,2224
2019-08-11 14:25,2215
2019-08-11 14:30,2230
2019-08-11 14:35,2251
2019-08-11 14:40,2254
2019-08-11 14:45,2274
2019-08-11 14:50,2296
2019-08-11 14:55,2302
2019-08-11 15:00,2314
2019-08-11 15:05,2315
2019-08-11 15:10,2341
2019-08-11 15:15,2370
2019-08-11 15:20,2377
2019-08-11 15:25,2384
2019-08-11 15:30,2399
2019-08-11 15:35,2407
2019-08-11 15:40,2422
2019-08-11 15:45,2444
2019-08-11 15:50,2459
2019-08-11 15:55,2457
2019-08-11 16:00,2456
2019-08-11 16:05,2442
2019-08-11 16:10,2462
2019-08-11 16:15,2498
2019-08-11 16:20,2494
2019-08-11 16:25,2491
2019-08-11 16:30,2489
2019-08-11 16:35,2482
2019-08-11 16:40,2498
2019-08-11 16:45,2496
2019-08-11 16:50,2514
2019-08-11 16:55,2493
2019-08-11 17:00,2495
2019-08-11 17:05,2501
2019-08-11 17:10,2526
2019-08-11 17:15,2519
2019-08-11 17:20,2510
2019-08-11 17:25,2550
2019-08-11 17:30,2564
2019-08-11 17:35,2583
2019-08-11 17:40,2585
2019-08-11 17:45,2581
2019-08-11 17:50,2590
2019-08-11 17:55,2593
2019-08-11 18:00,2600
2019-08-11 18:05,2618
2019-08-11 18:10,2628
2019-08-11 18:15,2623
2019-08-11 18:20,2621
2019-08-11 18:25,2620
2019-08-11 18:30,2626
2019-08-11 18:35,2616
2019-08-11 18:40,2615
2019-08-11 18:45,2633
2019-08-11 18:50,2628
2019-08-11 18:55,2629
2019-08-11 19:00,2621
2019-08-11 19:05,2601
2019-08-11 19:10,2595
2019-08-11 19:15,2602
2019-08-11 19:20,2621
2019-08-11 19:25,2605
2019-08-11 19:30,2604
2019-08-11 19:35,2585
2019-08-11 19:40,2553
2019-08-11 19:45,2551
2019-08-11 19:50,2568
2019-08-11 19:55,2564
2019-08-11 20:00,2569
2019-08-11 20:05,2513
2019-08-11 20:10,2508
2019-08-11 20:15,2513
2019-08-11 20:20,2486
2019-08-11 20:25,2449
2019-08-11 20:30,2454
2019-08-11 20:35,2455
2019-08-11 20:40,2429
2019-08-11 20:45,2416
2019-08-11 20:50,2407
2019-08-11 20:55,2396
2019-08-11 21:00,2384
2019-08-11 21:05,2384
2019-08-11 21:10,2342
2019-08-11 21:15,2319
2019-08-11 21:20,2292
2019-08-11 21:25,2293
2019-08-11 21:30,2280
2019-08-11 21:35,2272
2019-08-11 21:40,2228
2019-08-11 21:45,2197
2019-08-11 21:50,2179
2019-08-11 21:55,2168
2019-08-11 22:00,2149
2019-08-11 22:05,2122
2019-08-11 22:10,2092
2019-08-11 22:15,2056
2019-08-11 22:20,2023
2019-08-11 22:25,1992
2019-08-11 22:30,1951
2019-08-11 22:35,1933
2019-08-11 22:40,1900
2019-08-11 22:45,1872
2019-08-11 22:50,1841
2019-08-11 22:55,1834
2019-08-11 23:00,1829
2019-08-11 23:05,1818
2019-08-11 23:10,1787
2019-08-11 23:15,1758
2019-08-11 23:20,1736
2019-08-11 23:25,1727
2019-08-11 23:30,1707
2019-08-11 23:35,1688
2019-08-11 23:40,1698
2019-08-11 23:45,1681
2019-08-11 23:50,1664
2019-08-11 23:55,1668
2019-08-12 00:00,1669
2019-08-12 00:05,1642
2019-08-12 00:10,1621
2019-08-12 00:15,1611
2019-08-12 00:20,1594
2019-08-12 00:25,1577
2019-08-12 00:30,1584
2019-08-12 00:35,1574
2019-08-12 00:40,1588
2019-08-12 00:45,1572
2019-08-12 00:50,1594
2019-08-12 00:55,1570
2019-08-12 01:00,1568
2019-08-12 01:05,1572
2019-08-12 01:10,1559
2019-08-12 01:15,1562
2019-08-12 01:20,1556
2019-08-12 01:25,1557
2019-08-12 01:30,1555
2019-08-12 01:35,1557
2019-08-12 01:40,1545
2019-08-12 01:45,1539
2019-08-12 01:50,1528
2019-08-12 01:55,1498
2019-08-12 02:00,1489
2019-08-12 02:05,1486
2019-08-12 02:10,1488
2019-08-12 02:15,1470
2019-08-12 02:20,1461
2019-08-12 02:25,1433
2019-08-12 02:30,1414
2019-08-12 02:35,1399
2019-08-12 02:40,1403
2019-08-12 02:45,1384
2019-08-12 02:50,1387
2019-08-12 02:55,1393
2019-08-12 03:00,1377
2019-08-12 03:05,1371
2019-08-12 03:10,1344
2019-08-12 03:15,1334
2019-08-12 03:20,1304
2019-08-12 03:25,1292
2019-08-12 03:30,1277
2019-08-12 03:35,1281
2019-08-12 03:40,1267
2019-08-12 03:45,1254
2019-08-12 03:50,1229
2019-08-12 03:55,1222
2019-08-12 04:00,1215
2019-08-12 04:05,1181
2019-08-12 04:10,1178
2019-08-12 04:15,1165
2019-08-12 04:20,1150
2019-08-12 04:25,1127
2019-08-12 04:30,1122
2019-08-12 04:35,1100
2019-08-12 04:40,1089
2019-08-12 04:45,1075
2019-08-12 04:50,1052
2019-08-12 04:55,1053
2019-08-12 05:00,1038
2019-08-12 05:05,1038
2019-08-12 05:10,1036
2019-08-12 05:15,1031
2019-08-12 05:20,1028
2019-08-12 05:25,1043
2019-08-12 05:30,1048
2019-08-12 05:35,1040
2019-08-12 05:40,1028
2019-08-12 05:45,1010
2019-08-12 05:50,1022
2019-08-12 05:55,1028
2019-08-12 06:00,1022
2019-08-12 06:05,1005
2019-08-12 06:10,1012
2019-08-12 06:15,1012
2019-08-12 06:20,1016
2019-08-12 06:25,1025
2019-08-12 06:30,994
2019-08-12 06:35,994
2019-08-12 06:40,1010
2019-08-12 06:45,1002
2019-08-12 06:50,1003
2019-08-12 06:55,1013
2019-08-12 07:00,1006
2019-08-12 07:05,999
2019-08-12 07:10,992
2019-08-12 07:15,1007
2019-08-12 07:20,1007
2019-08-12 07:25,1001
2019-08-12 07:30,1029
2019-08-12 07:35,1030
2019-08-12 07:40,1031
2019-08-12 07:45,1048
2019-08-12 07:50,1054
2019-08-12 07:55,1058
2019-08-12 08:00,1072
2019-08-12 08:05,1075
2019-08-12 08:10,1106
2019-08-12 08:15,1103
2019-08-12 08:20,1119
2019-08-12 08:25,1127
2019-08-12 08:30,1146
2019-08-12 08:35,1170
2019-08-12 08:40,1180
2019-08-12 08:45,1191
2019-08-12 08:50,1216
2019-08-12 08:55,1215
2019-08-12 09:00,1215
2019-08-12 09:05,1217
2019-08-12 09:10,1231
2019-08-12 09:15,1237
2019-08-12 09:20,1255
2019-08-12 09:25,1251
2019-08-12 09:30,1261
2019-08-12 09:35,1269
2019-08-12 09:40,1275
2019-08-12 09:45,1276
2019-08-12 09:50,1273
2019-08-12 09:55,1279
2019-08-12 10:00,1292
2019-08-12 10:05,1334
2019-08-12 10:10,1361
2019-08-12 10:15,1363
2019-08-12 10:20,1366
2019-08-12 10:25,1379
2019-08-12 10:30,1380
2019-08-12 10:35,1402
2019-08-12 10:40,1394
2019-08-12 10:45,1405
2019-08-12 10:50,1418
2019-08-12 10:55,1429
2019-08-12 11:00,1429
2019-08-12 11:05,1429
2019-08-12 11:10,1445
2019-08-12 11:15,1460
2019-08-12 11:20,1460
2019-08-12 11:25,1477
2019-08-12 11:30,1497
2019-08-12 11:35,1496
2019-08-12 11:40,1517
2019-08-12 11:45,1524
2019-08-12 11:50,1512
2019-08-12 11:55,1517
2019-08-12 12:00,1519
2019-08-12 12:05,1549
2019-08-12 12:10,1562
2019-08-12 12:15,1575
2019-08-12 12:20,1594
2019-08-12 12:25,1619
2019-08-12 12:30,1636
2019-08-12 12:35,1639
2019-08-12 12:40,1648
2019-08-12 12:45,1626
2019-08-12 12:50,1632
2019-08-12 12:55,1652
2019-08-12 13:00,1639
2019-08-12 13:05,1633
2019-08-12 13:10,1642
2019-08-12 13:15,1643
2019-08-12 13:20,1664
2019-08-12 13:25,1679
2019-08-12 13:30,1702
2019-08-12 13:35,1725
2019-08-12 13:40,1758
2019-08-12 13:45,1742
2019-08-12 13:50,1754
2019-08-12 13:55,1769
2019-08-12 14:00,1786
2019-08-12 14:05,1800
2019-08-12 14:10,1790
2019-08-12 14:15,1808
2019-08-12 14:20,1817
2019-08-12 14:25,1810
2019-08-12 14:30,1831
2019-08-12 14:35,1842
2019-08-12 14:40,1849
2019-08-12 14:45,1859
2019-08-12 14:50,1862
2019-08-12 14:55,1870
2019-08-12 15:00,1891
2019-08-12 15:05,1913
2019-08-12 15:10,1929
2019-08-12 15:15,1932
2019-08-12 15:20,1950
2019-08-12 15:25,1983
2019-08-12 15:30,1989
2019-08-12 15:35,1989
2019-08-12 15:40,2013
2019-08-12 15:45,2025
2019-08-12 15:50,2037
2019-08-12 15:55,2045
2019-08-12 16:00,2050
2019-08-12 16:05,2070
2019-08-12 16:10,2057
2019-08-12 16:15,2075
2019-08-12 16:20,2102
2019-08-12 16:25,2124
2019-08-12 16:30,2144
2019-08-12 16:35,2139
2019-08-12 16:40,2154
2019-08-12 16:45,2174
2019-08-12 16:50,2160
2019-08-12 16:55,2160
2019-08-12 17:00,2170
2019-08-12 17:05,2200
2019-08-12 17:10,2187
2019-08-12 17:15,2202
2019-08-12 17:20,2194
2019-08-12 17:25,2210
2019-08-12 17:30,2192
2019-08-12 17:35,2182
2019-08-12 17:40,2190
2019-08-12 17:45,2183
2019-08-12 17:50,2164
2019-08-12 17:55,2187
2019-08-12 18:00,2187
2019-08-12 18:05,2178
2019-08-12 18:10,2184
2019-08-12 18:15,2185
2019-08-12 18:20,2168
2019-08-12 18:25,2153
2019-08-12 18:30,2166
2019-08-12 18:35,2166
2019-08-12 18:40,2185
2019-08-12 18:45,2204
2019-08-12 18:50,2210
2019-08-12 18:55,2227
2019-08-12 19:00,2229
2019-08-12 19:05,2245
2019-08-12 19:10,2239
2019-08-12 19:15,2231
2019-08-12 19:20,2241
2019-08-12 19:25,2248
2019-08-12 19:30,2259
2019-08-12 19:35,2247
2019-08-12 19:40,2256
2019-08-12 19:45,2233
2019-08-12 19:50,2221
2019-08-12 19:55,2193
2019-08-12 20:00,2186
2019-08-12 20:05,2196
2019-08-12 20:10,2185
2019-08-12 20:15,2180
2019-08-12 20:20,2157
2019-08-12 20:25,2144
2019-08-12 20:30,2123
2019-08-12 20:35,2118
2019-08-12 20:40,2106
2019-08-12 20:45,2091
2019-08-12 20:50,2074
2019-08-12 20:55,2050
2019-08-12 21:00,2002
2019-08-12 21:05,1968
2019-08-12 21:10,1963
2019-08-12 21:15,1922
2019-08-12 21:20,1892
2019-08-12 21:25,1855
2019-08-12 21:30,1845
2019-08-12 21:35,1839
2019-08-12 21:40,1811
2019-08-12 21:45,1811
2019-08-12 21:50,1804
2019-08-12 21:55,1789
2019-08-12 22:00,1752
2019-08-12 22:05,1756
2019-08-12 22:10,1743
2019-08-12 22:15,1734
2019-08-12 22:20,1714
2019-08-12 22:25,1701
2019-08-12 22:30,1697
2019-08-12 22:35,1695
2019-08-12 22:40,1696
2019-08-12 22:45,1668
2019-08-12 22:50,1670
2019-08-12 22:55,1655
2019-08-12 23:00,1649
2019-08-12 23:05,1643
2019-08-12 23:10,1635
2019-08-12 23:15,1624
2019-08-12 23:20,1606
2019-08-12 23:25,1584
2019-08-12 23:30,1563
2019-08-12 23:35,1552
2019-08-12 23:40,1540
2019-08-12 23:45,1535
2019-08-12 23:50,1548
2019-08-12 23:55,1543
2019-08-13 00:00,1545
2019-08-13 00:05,1529
2019-08-13 00:10,1516
2019-08-13 00:15,1507
2019-08-13 00:20,1501
2019-08-13 00:25,1508
2019-08-13 00:30,1501
2019-08-13 00:35,1510
2019-08-13 00:40,1485
2019-08-13 00:45,1482
2019-08-13 00:50,1498
2019-08-13 00:55,1497
2019-08-13 01:00,1499
2019-08-13 01:05,1477
2019-08-13 01:10,1471
2019-08-13 01:15,1461
2019-08-13 01:20,1465
2019-08-13 01:25,1464
2019-08-13 01:30,1442
2019-08-13 01:35,1454
2019-08-13 01:40,1439
2019-08-13 01:45,1430
2019-08-13 01:50,1416
2019-08-13 01:55,1418
2019-08-13 02:00,1389
2019-08-13 02:05,1397
2019-08-13 02:10,1367
2019-08-13 02:15,1344
2019-08-13 02:20,1342
2019-08-13 02:25,1324
2019-08-13 02:30,1304
2019-08-13 02:35,1290
2019-08-13 02:40,1280
2019-08-13 02:45,1271
2019-08-13 02:50,1271
2019-08-13 02:55,1270
2019-08-13 03:00,1264
2019-08-13 03:05,1239
2019-08-13 03:10,1221
2019-08-13 03:15,1208
2019-08-13 03:20,1190
2019-08-13 03:25,1167
2019-08-13 03:30,1178
2019-08-13 03:35,1171
2019-08-13 03:40,1148
2019-08-13 03:45,1132
2019-08-13 03:50,1133
2019-08-13 03:55,1102
2019-08-13 04:00,1094
2019-08-13 04:05,1082
2019-08-13 04:10,1081
2019-08-13 04:15,1075
2019-08-13 04:20,1073
2019-08-13 04:25,1076
2019-08-13 04:30,1067
2019-08-13 04:35,1054
2019-08-13 04:40,1065
2019-08-13 04:45,1054
2019-08-13 04:50,1040
2019-08-13 04:55,1030
2019-08-13 05:00,1023
2019-08-13 05:05,994
2019-08-13 05:10,995
2019-08-13 05:15,984
2019-08-13 05:20,979
2019-08-13 05:25,965
2019-08-13 05:30,960
2019-08-13 05:35,965
2019-08-13 05:40,961
2019-08-13 05:45,968
2019-08-13 05:50,966
2019-08-13 05:55,959
2019-08-13 06:00,964
2019-08-13 06:05,948
2019-08-13 06:10,948
2019-08-13 06:15,932
2019-08-13 06:20,941
2019-08-13 06:25,945
2019-08-13 06:30,944
2019-08-13 06:35,933
2019-08-13 06:40,946
2019-08-13 06:45,952
2019-08-13 06:50,940
2019-08-13 06:55,947
2019-08-13 07:00,948
2019-08-13 07:05,945
2019-08-13 07:10,948
2019-08-13 07:15,962
2019-08-13 07:20,966
2019-08-13 07:25,973
2019-08-13 07:30,979
2019-08-13 07:35,966
2019-08-13 07:40,966
2019-08-13 07:45,972
2019-08-13 07:50,971
2019-08-13 07:55,981
2019-08-13 08:00,1000
2019-08-13 08:05,994
2019-08-13 08:10,991
2019-08-13 08:15,1004
2019-08-13 08:20,1016
2019-08-13 08:25,1030
2019-08-13 08:30,1049
2019-08-13 08:35,1058
2019-08-13 08:40,1049
2019-08-13 08:45,1057
2019-08-13 08:50,1060
2019-08-13 08:55,1079
2019-08-13 09:00,1086
2019-08-13 09:05,1082
2019-08-13 09:10,1105
2019-08-13 09:15,1133
2019-08-13 09:20,1154
2019-08-13 09:25,1173
2019-08-13 09:30,1201
2019-08-13 09:35,1215
2019-08-13 09:40,1222
2019-08-13 09:45,1223
2019-08-13 09:50,1226
2019-08-13 09:55,1242
2019-08-13 10:00,1249
2019-08-13 10:05,1283
2019-08-13 10:10,1296
2019-08-13 10:15,1301
2019-08-13 10:20,1311
2019-08-13 10:25,1340
2019-08-13 10:30,1341
2019-08-13 10:35,1372
2019-08-13 10:40,1395
2019-08-13 10:45,1405
2019-08-13 10:50,1419
2019-08-13 10:55,1429
2019-08-13 11:00,1421
2019-08-13 11:05,1437
2019-08-13 11:10,1436
2019-08-13 11:15,1436
2019-08-13 11:20,1444
2019-08-13 11:25,1452
2019-08-13 11:30,1463
2019-08-13 11:35,1477
2019-08-13 11:40,1486
2019-08-13 11:45,1516
2019-08-13 11:50,1509
2019-08-13 11:55,1517
2019-08-13 12:00,1515
2019-08-13 12:05,1524
2019-08-13 12:10,1528
2019-08-13 12:15,1528
2019-08-13 12:20,1547
2019-08-13 12:25,1568
2019-08-13 12:30,1572
2019-08-13 12:35,1590
2019-08-13 12:40,1594
2019-08-13 12:45,1598
2019-08-13 12:50,1615
2019-08-13 12:55,1606
2019-08-13 13:00,1610
2019-08-13 13:05,1638
2019-08-13 13:10,1628
2019-08-13 13:15,1616
2019-08-13 13:20,1619
2019-08-13 13:25,1636
2019-08-13 13:30,1608
2019-08-13 13:35,1625
2019-08-13 13:40,1608
2019-08-13 13:45,1600
2019-08-13 13:50,1581
2019-08-13 13:55,1520
2019-08-13 14:00,1395
2019-08-13 14:05,945
2019-08-13 14:10,892
2019-08-13 14:15,869
2019-08-13 14:20,875
2019-08-13 14:25,883
2019-08-13 14:30,885
2019-08-13 14:35,880
2019-08-13 14:40,897
2019-08-13 14:45,930
2019-08-13 14:50,971
2019-08-13 14:55,997
2019-08-13 15:00,1034
2019-08-13 15:05,1063
2019-08-13 15:10,1088
2019-08-13 15:15,1114
2019-08-13 15:20,1130
2019-08-13 15:25,1176
2019-08-13 15:30,1201
2019-08-13 15:35,1208
2019-08-13 15:40,1205
2019-08-13 15:45,1237
2019-08-13 15:50,1245
2019-08-13 15:55,1261
2019-08-13 16:00,1290
2019-08-13 16:05,1316
2019-08-13 16:10,1439
2019-08-13 16:15,1587
2019-08-13 16:20,1680
2019-08-13 16:25,1763
2019-08-13 16:30,1847
2019-08-13 16:35,1949
2019-08-13 16:40,2056
2019-08-13 16:45,2142
2019-08-13 16:50,2230
2019-08-13 16:55,2282
2019-08-13 17:00,2355
2019-08-13 17:05,2381
2019-08-13 17:10,2438
2019-08-13 17:15,2467
2019-08-13 17:20,2503
2019-08-13 17:25,2531
2019-08-13 17:30,2577
2019-08-13 17:35,2618
2019-08-13 17:40,2679
2019-08-13 17:45,2716
2019-08-13 17:50,2736
2019-08-13 17:55,2745
2019-08-13 18:00,2758
2019-08-13 18:05,2772
2019-08-13 18:10,2818
2019-08-13 18:15,2850
2019-08-13 18:20,2858
2019-08-13 18:25,2869
2019-08-13 18:30,2855
2019-08-13 18:35,2875
2019-08-13 18:40,2860
2019-08-13 18:45,2902
2019-08-13 18:50,2906
2019-08-13 18:55,2911
2019-08-13 19:00,2908
2019-08-13 19:05,2901
2019-08-13 19:10,2905
2019-08-13 19:15,2842
2019-08-13 19:20,2825
2019-08-13 19:25,2843
2019-08-13 19:30,2841
2019-08-13 19:35,2822
2019-08-13 19:40,2821
2019-08-13 19:45,2803
2019-08-13 19:50,2787
2019-08-13 19:55,2782
2019-08-13 20:00,2788
2019-08-13 20:05,2766
2019-08-13 20:10,2763
2019-08-13 20:15,2725
2019-08-13 20:20,2701
2019-08-13 20:25,2676
2019-08-13 20:30,2650
2019-08-13 20:35,2626
2019-08-13 20:40,2623
2019-08-13 20:45,2568
2019-08-13 20:50,2547
2019-08-13 20:55,2515
2019-08-13 21:00,2498
2019-08-13 21:05,2458
2019-08-13 21:10,2439
2019-08-13 21:15,2421
2019-08-13 21:20,2414
2019-08-13 21:25,2404
2019-08-13 21:30,2378
2019-08-13 21:35,2350
2019-08-13 21:40,2331
2019-08-13 21:45,2298
2019-08-13 21:50,2280
2019-08-13 21:55,2275
2019-08-13 22:00,2225
2019-08-13 22:05,2218
2019-08-13 22:10,2204
2019-08-13 22:15,2210
2019-08-13 22:20,2213
2019-08-13 22:25,2234
2019-08-13 22:30,2209
2019-08-13 22:35,2193
2019-08-13 22:40,2193
2019-08-13 22:45,2175
2019-08-13 22:50,2155
2019-08-13 22:55,2129
2019-08-13 23:00,2105
2019-08-13 23:05,2091
2019-08-13 23:10,0
2019-08-13 23:15,1520
2019-08-13 23:20,1929
2019-08-13 23:25,1996
2019-08-13 23:30,1993
2019-08-13 23:35,1977
2019-08-13 23:40,1927
2019-08-13 23:45,1928
2019-08-13 23:50,1914
2019-08-13 23:55,1915
2019-08-14 00:00,1904
2019-08-14 00:05,1843
2019-08-14 00:10,1845
2019-08-14 00:15,1851
2019-08-14 00:20,1840
2019-08-14 00:25,1871
2019-08-14 00:30,1871
2019-08-14 00:35,1885
2019-08-14 00:40,1876
2019-08-14 00:45,1862
2019-08-14 00:50,1875
2019-08-14 00:55,1869
2019-08-14 01:00,1867
2019-08-14 01:05,1853
2019-08-14 01:10,1845
2019-08-14 01:15,1814
2019-08-14 01:20,1804
2019-08-14 01:25,1789
2019-08-14 01:30,1759
2019-08-14 01:35,1767
2019-08-14 01:40,1741
2019-08-14 01:45,1761
2019-08-14 01:50,1749
2019-08-14 01:55,1758
2019-08-14 02:00,1751
2019-08-14 02:05,1757
2019-08-14 02:10,1725
2019-08-14 02:15,1723
2019-08-14 02:20,1736
2019-08-14 02:25,1749
2019-08-14 02:30,1729
2019-08-14 02:35,1711
2019-08-14 02:40,1683
2019-08-14 02:45,1665
2019-08-14 02:50,1676
2019-08-14 02:55,1656
2019-08-14 03:00,1639
2019-08-14 03:05,1596
2019-08-14 03:10,1577
2019-08-14 03:15,1556
2019-08-14 03:20,1555
2019-08-14 03:25,1550
2019-08-14 03:30,1553
2019-08-14 03:35,1551
2019-08-14 03:40,1528
2019-08-14 03:45,1520
2019-08-14 03:50,1502
2019-08-14 03:55,1487
2019-08-14 04:00,1474
2019-08-14 04:05,1446
2019-08-14 04:10,1420
2019-08-14 04:15,1399
2019-08-14 04:20,1390
2019-08-14 04:25,1377
2019-08-14 04:30,1363
2019-08-14 04:35,1357
2019-08-14 04:40,1350
2019-08-14 04:45,1330
2019-08-14 04:50,1320
2019-08-14 04:55,1319
2019-08-14 05:00,1299
2019-08-14 05:05,1289
2019-08-14 05:10,1278
2019-08-14 05:15,1264
2019-08-14 05:20,1281
2019-08-14 05:25,1277
2019-08-14 05:30,1286
2019-08-14 05:35,1291
2019-08-14 05:40,1289
2019-08-14 05:45,1277
2019-08-14 05:50,1288
2019-08-14 05:55,1293
2019-08-14 06:00,1284
2019-08-14 06:05,1293
2019-08-14 06:10,1276
2019-08-14 06:15,1282
2019-08-14 06:20,1286
2019-08-14 06:25,1290
2019-08-14 06:30,1296
2019-08-14 06:35,1297
2019-08-14 06:40,1312
2019-08-14 06:45,1304
2019-08-14 06:50,1320
2019-08-14 06:55,1335
2019-08-14 07:00,1314
2019-08-14 07:05,1327
2019-08-14 07:10,1330
2019-08-14 07:15,1345
2019-08-14 07:20,1353
2019-08-14 07:25,1339
2019-08-14 07:30,1348
2019-08-14 07:35,1355
2019-08-14 07:40,1362
2019-08-14 07:45,1366
2019-08-14 07:50,1351
2019-08-14 07:55,1369
2019-08-14 08:00,1401
2019-08-14 08:05,1399
2019-08-14 08:10,1408
2019-08-14 08:15,1422
2019-08-14 08:20,1427
2019-08-14 08:25,1424
2019-08-14 08:30,1440
2019-08-14 08:35,1439
2019-08-14 08:40,1465
2019-08-14 08:45,1473
2019-08-14 08:50,1479
2019-08-14 08:55,1473
2019-08-14 09:00,1492
2019-08-14 09:05,1508
2019-08-14 09:10,1516
2019-08-14 09:15,1532
2019-08-14 09:20,1558
2019-08-14 09:25,1561
2019-08-14 09:30,1577
2019-08-14 09:35,1576
2019-08-14 09:40,1572
2019-08-14 09:45,1584
2019-08-14 09:50,1604
2019-08-14 09:55,1605
2019-08-14 10:00,1644
2019-08-14 10:05,1664
2019-08-14 10:10,1681
2019-08-14 10:15,1690
2019-08-14 10:20,1715
2019-08-14 10:25,1721
2019-08-14 10:30,1728
2019-08-14 10:35,1731
2019-08-14 10:40,1746
2019-08-14 10:45,1772
2019-08-14 10:50,1766
2019-08-14 10:55,1776
2019-08-14 11:00,1795
2019-08-14 11:05,1811
2019-08-14 11:10,1815
2019-08-14 11:15,1832
2019-08-14 11:20,1855
2019-08-14 11:25,1868
2019-08-14 11:30,1866
2019-08-14 11:35,1896
2019-08-14 11:40,1900
2019-08-14 11:45,1914
2019-08-14 11:50,1912
2019-08-14 11:55,1918
2019-08-14 12:00,1954
2019-08-14 12:05,1987
2019-08-14 12:10,1998
2019-08-14 12:15,1992
2019-08-14 12:20,1994
2019-08-14 12:25,2001
2019-08-14 12:30,2034
2019-08-14 12:35,2019
2019-08-14 12:40,2007
2019-08-14 12:45,2022
2019-08-14 12:50,2011
2019-08-14 12:55,1998
2019-08-14 13:00,2009
2019-08-14 13:05,2000
2019-08-14 13:10,2033
2019-08-14 13:15,2022
2019-08-14 13:20,2039
2019-08-14 13:25,2049
2019-08-14 13:30,2060
2019-08-14 13:35,2068
2019-08-14 13:40,2079
2019-08-14 13:45,2089
2019-08-14 13:50,2048
2019-08-14 13:55,2005
2019-08-14 14:00,1828
2019-08-14 14:05,1372
2019-08-14 14:10,1355
2019-08-14 14:15,1368
2019-08-14 14:20,1369
2019-08-14 14:25,1360
2019-08-14 14:30,1360
2019-08-14 14:35,1378
2019-08-14 14:40,1390
2019-08-14 14:45,1325
2019-08-14 14:50,1338
2019-08-14 14:55,1353
2019-08-14 15:00,1341
2019-08-14 15:05,1353
2019-08-14 15:10,1375
2019-08-14 15:15,1435
2019-08-14 15:20,1572
2019-08-14 15:25,1694
2019-08-14 15:30,1798
2019-08-14 15:35,1863
2019-08-14 15:40,1940
2019-08-14 15:45,2035
2019-08-14 15:50,2088
2019-08-14 15:55,2172
2019-08-14 16:00,2252
2019-08-14 16:05,2314
2019-08-14 16:10,2361
2019-08-14 16:15,2388
2019-08-14 16:20,2414
2019-08-14 16:25,2445
2019-08-14 16:30,2475
2019-08-14 16:35,2492
2019-08-14 16:40,2496
2019-08-14 16:45,2508
2019-08-14 16:50,2532
2019-08-14 16:55,2547
2019-08-14 17:00,2551
2019-08-14 17:05,2552
2019-08-14 17:10,2435
2019-08-14 17:15,2207
2019-08-14 17:20,2188
2019-08-14 17:25,2010
2019-08-14 17:30,1996
2019-08-14 17:35,1821
2019-08-14 17:40,1507
2019-08-14 17:45,1728
2019-08-14 17:50,1398
2019-08-14 17:55,1338
2019-08-14 18:00,1542
2019-08-14 18:05,1224
2019-08-14 18:10,1361
2019-08-14 18:15,984
2019-08-14 18:20,1242
2019-08-14 18:25,1201
2019-08-14 18:30,890
2019-08-14 18:35,858
2019-08-14 18:40,828
2019-08-14 18:45,1031
2019-08-14 18:50,779
2019-08-14 18:55,968
2019-08-14 19:00,932
2019-08-14 19:05,901
2019-08-14 19:10,872
2019-08-14 19:15,852
2019-08-14 19:20,825
2019-08-14 19:25,760
2019-08-14 19:30,741
2019-08-14 19:35,719
2019-08-14 19:40,702
2019-08-14 19:45,714
2019-08-14 19:50,657
2019-08-14 19:55,669
2019-08-14 20:00,613
2019-08-14 20:05,588
2019-08-14 20:10,573
2019-08-14 20:15,437
2019-08-14 20:20,560
2019-08-14 20:25,540
2019-08-14 20:30,500
2019-08-14 20:35,544
2019-08-14 20:40,639
2019-08-14 20:45,
2019-08-14 20:50,821
2019-08-14 20:55,898
2019-08-14 21:00,961
2019-08-14 21:05,1015
2019-08-14 21:10,1076
2019-08-14 21:15,1103
2019-08-14 21:20,1156
2019-08-14 21:25,1209
2019-08-14 21:30,1261
2019-08-14 21:35,1298
2019-08-14 21:40,1324
2019-08-14 21:45,1345
2019-08-14 21:50,1363
2019-08-14 21:55,1388
2019-08-14 22:00,1395
2019-08-14 22:05,1434
2019-08-14 22:10,1462
2019-08-14 22:15,1438
2019-08-14 22:20,1461
2019-08-14 22:25,1466
2019-08-14 22:30,1478
2019-08-14 22:35,1480
2019-08-14 22:40,1524
2019-08-14 22:45,1507
2019-08-14 22:50,1524
2019-08-14 22:55,1538
2019-08-14 23:00,1517
2019-08-14 23:05,1532
2019-08-14 23:10,1547
2019-08-14 23:15,1520
2019-08-14 23:20,1522
2019-08-14 23:25,1502
2019-08-14 23:30,1498
2019-08-14 23:35,1569
2019-08-14 23:40,1568
2019-08-14 23:45,1569
2019-08-14 23:50,1500
2019-08-14 23:55,1489
2019-08-15 00:00,1536
2019-08-15 00:05,1535
2019-08-15 00:10,1541
2019-08-15 00:15,1533
2019-08-15 00:20,1554
2019-08-15 00:25,1490
2019-08-15 00:30,1484
2019-08-15 00:35,1566
2019-08-15 00:40,1570
2019-08-15 00:45,1553
2019-08-15 00:50,1517
2019-08-15 00:55,1510
2019-08-15 01:00,1505
2019-08-15 01:05,1510
2019-08-15 01:10,1507
2019-08-15 01:15,1497
2019-08-15 01:20,1483
2019-08-15 01:25,1480
2019-08-15 01:30,1481
2019-08-15 01:35,1477
2019-08-15 01:40,1481
2019-08-15 01:45,1471
2019-08-15 01:50,1479
2019-08-15 01:55,1466
2019-08-15 02:00,1461
2019-08-15 02:05,1453
2019-08-15 02:10,1439
2019-08-15 02:15,1420
2019-08-15 02:20,1420
2019-08-15 02:25,1408
2019-08-15 02:30,1415
2019-08-15 02:35,1420
2019-08-15 02:40,1398
2019-08-15 02:45,1396
2019-08-15 02:50,1389
2019-08-15 02:55,1383
2019-08-15 03:00,1339
2019-08-15 03:05,1323
2019-08-15 03:10,1312
2019-08-15 03:15,1293
2019-08-15 03:20,1287
2019-08-15 03:25,1281
2019-08-15 03:30,1289
2019-08-15 03:35,1272
2019-08-15 03:40,1251
2019-08-15 03:45,1225
2019-08-15 03:50,1229
2019-08-15 03:55,1223
2019-08-15 04:00,1203
2019-08-15 04:05,1189
2019-08-15 04:10,1193
2019-08-15 04:15,1190
2019-08-15 04:20,1198
2019-08-15 04:25,1183
2019-08-15 04:30,1159
2019-08-15 04:35,1153
2019-08-15 04:40,1148
2019-08-15 04:45,1159
2019-08-15 04:50,1171
2019-08-15 04:55,1168
2019-08-15 05:00,1180
2019-08-15 05:05,1149
2019-08-15 05:10,1141
2019-08-15 05:15,1149
2019-08-15 05:20,1151
2019-08-15 05:25,1145
2019-08-15 05:30,1159
2019-08-15 05:35,1147
2019-08-15 05:40,1143
2019-08-15 05:45,1121
2019-08-15 05:50,1133
2019-08-15 05:55,1126
2019-08-15 06:00,1136
2019-08-15 06:05,1139
2019-08-15 06:10,1142
2019-08-15 06:15,1124
2019-08-15 06:20,1141
2019-08-15 06:25,1138
2019-08-15 06:30,1136
2019-08-15 06:35,1138
2019-08-15 06:40,1142
2019-08-15 06:45,1142
2019-08-15 06:50,1149
2019-08-15 06:55,1156
2019-08-15 07:00,1172
2019-08-15 07:05,1180
2019-08-15 07:10,1173
2019-08-15 07:15,1189
2019-08-15 07:20,1204
2019-08-15 07:25,1215
2019-08-15 07:30,1227
2019-08-15 07:35,1235
2019-08-15 07:40,1244
2019-08-15 07:45,1240
2019-08-15 07:50,1240
2019-08-15 07:55,1258
2019-08-15 08:00,1276
2019-08-15 08:05,1282
2019-08-15 08:10,1294
2019-08-15 08:15,1317
2019-08-15 08:20,1318
2019-08-15 08:25,1308
2019-08-15 08:30,1318
2019-08-15 08:35,1325
2019-08-15 08:40,1328
2019-08-15 08:45,1320
2019-08-15 08:50,1314
2019-08-15 08:55,1324
2019-08-15 09:00,1337
2019-08-15 09:05,1362
2019-08-15 09:10,1362
2019-08-15 09:15,1381
2019-08-15 09:20,1400
2019-08-15 09:25,1419
2019-08-15 09:30,1445
2019-08-15 09:35,1453
2019-08-15 09:40,1462
2019-08-15 09:45,1479
2019-08-15 09:50,1496
2019-08-15 09:55,1492
2019-08-15 10:00,1528
2019-08-15 10:05,1522
2019-08-15 10:10,1538
2019-08-15 10:15,1557
2019-08-15 10:20,1580
2019-08-15 10:25,1597
2019-08-15 10:30,1602
2019-08-15 10:35,1582
2019-08-15 10:40,1603
2019-08-15 10:45,1630
2019-08-15 10:50,1656
2019-08-15 10:55,1652
2019-08-15 11:00,1650
2019-08-15 11:05,1650
2019-08-15 11:10,1668
2019-08-15 11:15,1687
2019-08-15 11:20,1686
2019-08-15 11:25,1697
2019-08-15 11:30,1677
2019-08-15 11:35,1683
2019-08-15 11:40,1683
2019-08-15 11:45,1701
2019-08-15 11:50,1729
2019-08-15 11:55,1734
2019-08-15 12:00,1728
2019-08-15 12:05,1737
2019-08-15 12:10,1731
2019-08-15 12:15,1759
2019-08-15 12:20,1790
2019-08-15 12:25,1827
2019-08-15 12:30,1836
2019-08-15 12:35,1823
2019-08-15 12:40,1837
2019-08-15 12:45,1853
2019-08-15 12:50,1817
2019-08-15 12:55,1823
2019-08-15 13:00,1801
2019-08-15 13:05,1825
2019-08-15 13:10,1823
2019-08-15 13:15,1848
2019-08-15 13:20,1868
2019-08-15 13:25,1900
2019-08-15 13:30,1903
2019-08-15 13:35,1924
2019-08-15 13:40,1922
2019-08-15 13:45,1923
2019-08-15 13:50,1932
2019-08-15 13:55,1940
2019-08-15 14:00,1969
2019-08-15 14:05,1977
2019-08-15 14:10,1977
2019-08-15 14:15,2002
2019-08-15 14:20,1993
2019-08-15 14:25,2018
2019-08-15 14:30,2031
2019-08-15 14:35,2055
2019-08-15 14:40,2068
2019-08-15 14:45,2075
2019-08-15 14:50,2084
2019-08-15 14:55,2083
2019-08-15 15:00,2098
2019-08-15 15:05,2098
2019-08-15 15:10,2100
2019-08-15 15:15,2116
2019-08-15 15:20,2110
2019-08-15 15:25,2127
2019-08-15 15:30,2161
2019-08-15 15:35,2177
2019-08-15 15:40,2213
2019-08-15 15:45,2221
2019-08-15 15:50,2238
2019-08-15 15:55,2246
2019-08-15 16:00,2248
2019-08-15 16:05,2249
2019-08-15 16:10,2266
2019-08-15 16:15,2280
2019-08-15 16:20,2303
2019-08-15 16:25,2295
2019-08-15 16:30,2288
2019-08-15 16:35,2300
2019-08-15 16:40,2291
2019-08-15 16:45,2297
2019-08-15 16:50,2309
2019-08-15 16:55,2313
2019-08-15 17:00,2315
2019-08-15 17:05,2337
2019-08-15 17:10,2351
2019-08-15 17:15,2344
2019-08-15 17:20,2355
2019-08-15 17:25,2378
2019-08-15 17:30,2397
2019-08-15 17:35,2390
2019-08-15 17:40,2386
2019-08-15 17:45,2388
2019-08-15 17:50,2390
2019-08-15 17:55,2381
2019-08-15 18:00,2383
2019-08-15 18:05,2395
2019-08-15 18:10,2397
2019-08-15 18:15,2370
2019-08-15 18:20,2388
2019-08-15 18:25,2395
2019-08-15 18:30,2409
2019-08-15 18:35,2405
2019-08-15 18:40,2398
2019-08-15 18:45,2387
2019-08-15 18:50,2380
2019-08-15 18:55,2360
2019-08-15 19:00,2368
2019-08-15 19:05,2384
2019-08-15 19:10,2382
2019-08-15 19:15,2390
2019-08-15 19:20,2372
2019-08-15 19:25,2364
2019-08-15 19:30,2383
2019-08-15 19:35,2353
2019-08-15 19:40,2372
2019-08-15 19:45,2354
2019-08-15 19:50,2350
2019-08-15 19:55,0
2019-08-15 20:00,2361
2019-08-15 20:05,2348
2019-08-15 20:10,2338
2019-08-15 20:15,2207
2019-08-15 20:20,2264
2019-08-15 20:25,2256
2019-08-15 20:30,2119
2019-08-15 20:35,2088
2019-08-15 20:40,2246
2019-08-15 20:45,2249
2019-08-15 20:50,2221
2019-08-15 20:55,2163
2019-08-15 21:00,2164
2019-08-15 21:05,2158
2019-08-15 21:10,2132
2019-08-15 21:15,2132
2019-08-15 21:20,2118
2019-08-15 21:25,2119
2019-08-15 21:30,2104
2019-08-15 21:35,2074
2019-08-15 21:40,2062
2019-08-15 21:45,2037
2019-08-15 21:50,2019
2019-08-15 21:55,2005
2019-08-15 22:00,2003
2019-08-15 22:05,1985
2019-08-15 22:10,1968
2019-08-15 22:15,1953
2019-08-15 22:20,1962
2019-08-15 22:25,1939
2019-08-15 22:30,1934
2019-08-15 22:35,1957
2019-08-15 22:40,1954
2019-08-15 22:45,1956
2019-08-15 22:50,1928
2019-08-15 22:55,1907
2019-08-15 23:00,1883
2019-08-15 23:05,1854
2019-08-15 23:10,1827
2019-08-15 23:15,1819
2019-08-15 23:20,1798
2019-08-15 23:25,1782
2019-08-15 23:30,1764
2019-08-15 23:35,1744
2019-08-15 23:40,1743
2019-08-15 23:45,1738
2019-08-15 23:50,1744
2019-08-15 23:55,1756
2019-08-16 00:00,1749
2019-08-16 00:05,1737
2019-08-16 00:10,1728
2019-08-16 00:15,1721
2019-08-16 00:20,1708
2019-08-16 00:25,1696
2019-08-16 00:30,1697
2019-08-16 00:35,1691
2019-08-16 00:40,1674
2019-08-16 00:45,1656
2019-08-16 00:50,1665
2019-08-16 00:55,1659
2019-08-16 01:00,1659
2019-08-16 01:05,1647
2019-08-16 01:10,1659
2019-08-16 01:15,1625
2019-08-16 01:20,1617
2019-08-16 01:25,1631
2019-08-16 01:30,1613
2019-08-16 01:35,1609
2019-08-16 01:40,1596
2019-08-16 01:45,1597
2019-08-16 01:50,1592
2019-08-16 01:55,1580
2019-08-16 02:00,1570
2019-08-16 02:05,1563
2019-08-16 02:10,1535
2019-08-16 02:15,1507
2019-08-16 02:20,1501
2019-08-16 02:25,1486
2019-08-16 02:30,1478
2019-08-16 02:35,1483
2019-08-16 02:40,1467
2019-08-16 02:45,1464
2019-08-16 02:50,1474
2019-08-16 02:55,1453
2019-08-16 03:00,1436
2019-08-16 03:05,1410
2019-08-16 03:10,1400
2019-08-16 03:15,1379
2019-08-16 03:20,1375
2019-08-16 03:25,1355
2019-08-16 03:30,1342
2019-08-16 03:35,1327
2019-08-16 03:40,1314
2019-08-16 03:45,1292
2019-08-16 03:50,1286
2019-08-16 03:55,1268
2019-08-16 04:00,1246
2019-08-16 04:05,1228
2019-08-16 04:10,1202
2019-08-16 04:15,1194
2019-08-16 04:20,1179
2019-08-16 04:25,1180
2019-08-16 04:30,1170
2019-08-16 04:35,1155
2019-08-16 04:40,1145
2019-08-16 04:45,1141
2019-08-16 04:50,1125
2019-08-16 04:55,1108
2019-08-16 05:00,1098
2019-08-16 05:05,1101
2019-08-16 05:10,1097
2019-08-16 05:15,1092
2019-08-16 05:20,1094
2019-08-16 05:25,1105
2019-08-16 05:30,1105
2019-08-16 05:35,1110
2019-08-16 05:40,1108
2019-08-16 05:45,1099
2019-08-16 05:50,1102
2019-08-16 05:55,1107
2019-08-16 06:00,1120
2019-08-16 06:05,1125
2019-08-16 06:10,1121
2019-08-16 06:15,1107
2019-08-16 06:20,1102
2019-08-16 06:25,1117
2019-08-16 06:30,1126
2019-08-16 06:35,1128
2019-08-16 06:40,1138
2019-08-16 06:45,1111
2019-08-16 06:50,1128
2019-08-16 06:55,1137
2019-08-16 07:00,1125
2019-08-16 07:05,1126
2019-08-16 07:10,1109
2019-08-16 07:15,1101
2019-08-16 07:20,1095
2019-08-16 07:25,1091
2019-08-16 07:30,1093
2019-08-16 07:35,1109
2019-08-16 07:40,1127
2019-08-16 07:45,1137
2019-08-16 07:50,1128
2019-08-16 07:55,1138
2019-08-16 08:00,1134
2019-08-16 08:05,1148
2019-08-16 08:10,1160
2019-08-16 08:15,1160
2019-08-16 08:20,1170
2019-08-16 08:25,1179
2019-08-16 08:30,1182
2019-08-16 08:35,1196
2019-08-16 08:40,1209
2019-08-16 08:45,1223
2019-08-16 08:50,1232
2019-08-16 08:55,1248
2019-08-16 09:00,1271
2019-08-16 09:05,1277
2019-08-16 09:10,1286
2019-08-16 09:15,1278
2019-08-16 09:20,1288
2019-08-16 09:25,1307
2019-08-16 09:30,1324
2019-08-16 09:35,1336
2019-08-16 09:40,1362
2019-08-16 09:45,1393
2019-08-16 09:50,1383
2019-08-16 09:55,1389
2019-08-16 10:00,1409
2019-08-16 10:05,1436
2019-08-16 10:10,1453
2019-08-16 10:15,1465
2019-08-16 10:20,1486
2019-08-16 10:25,1487
2019-08-16 10:30,1523
2019-08-16 10:35,1538
2019-08-16 10:40,1520
2019-08-16 10:45,1533
2019-08-16 10:50,1560
2019-08-16 10:55,1582
2019-08-16 11:00,1593
2019-08-16 11:05,1599
2019-08-16 11:10,1591
2019-08-16 11:15,1614
2019-08-16 11:20,1626
2019-08-16 11:25,1612
2019-08-16 11:30,1631
2019-08-16 11:35,1647
2019-08-16 11:40,1664
2019-08-16 11:45,1684
2019-08-16 11:50,1682
2019-08-16 11:55,1696
2019-08-16 12:00,1710
2019-08-16 12:05,1708
2019-08-16 12:10,1711
2019-08-16 12:15,1732
2019-08-16 12:20,1733
2019-08-16 12:25,1758
2019-08-16 12:30,1786
2019-08-16 12:35,1780
2019-08-16 12:40,1785
2019-08-16 12:45,1798
2019-08-16 12:50,1822
2019-08-16 12:55,1841
2019-08-16 13:00,1857
2019-08-16 13:05,1857
2019-08-16 13:10,1881
2019-08-16 13:15,1886
2019-08-16 13:20,1889
2019-08-16 13:25,1904
2019-08-16 13:30,1921
2019-08-16 13:35,1945
2019-08-16 13:40,1964
2019-08-16 13:45,1967
2019-08-16 13:50,1984
2019-08-16 13:55,2001
2019-08-16 14:00,1999
2019-08-16 14:05,1998
2019-08-16 14:10,2005
2019-08-16 14:15,1984
2019-08-16 14:20,2020
2019-08-16 14:25,2024
2019-08-16 14:30,2026
2019-08-16 14:35,2052
2019-08-16 14:40,2045
2019-08-16 14:45,2060
2019-08-16 14:50,2071
2019-08-16 14:55,2074
2019-08-16 15:00,2086
2019-08-16 15:05,2077
2019-08-16 15:10,2099
2019-08-16 15:15,2097
2019-08-16 15:20,2083
2019-08-16 15:25,2083
2019-08-16 15:30,2112
2019-08-16 15:35,2126
2019-08-16 15:40,2129
2019-08-16 15:45,2142
2019-08-16 15:50,2131
2019-08-16 15:55,2124
2019-08-16 16:00,2126
2019-08-16 16:05,2103
2019-08-16 16:10,2104
2019-08-16 16:15,2110
2019-08-16 16:20,2116
2019-08-16 16:25,2146
2019-08-16 16:30,2152
2019-08-16 16:35,2166
2019-08-16 16:40,2184
2019-08-16 16:45,2202
2019-08-16 16:50,2218
2019-08-16 16:55,2224
2019-08-16 17:00,2233
2019-08-16 17:05,2227
2019-08-16 17:10,2237
2019-08-16 17:15,2233
2019-08-16 17:20,2251
2019-08-16 17:25,2228
2019-08-16 17:30,2241
2019-08-16 17:35,2280
2019-08-16 17:40,2287
2019-08-16 17:45,2297
2019-08-16 17:50,2295
2019-08-16 17:55,2311
2019-08-16 18:00,2313
2019-08-16 18:05,2309
2019-08-16 18:10,2286
2019-08-16 18:15,2282
2019-08-16 18:20,2275
2019-08-16 18:25,2280
2019-08-16 18:30,2307
2019-08-16 18:35,2297
2019-08-16 18:40,2304
2019-08-16 18:45,2288
2019-08-16 18:50,2281
2019-08-16 18:55,2299
2019-08-16 19:00,2295
2019-08-16 19:05,2315
2019-08-16 19:10,2309
2019-08-16 19:15,2290
2019-08-16 19:20,2315
2019-08-16 19:25,2320
2019-08-16 19:30,2348
2019-08-16 19:35,2346
2019-08-16 19:40,2353
2019-08-16 19:45,2351
2019-08-16 19:50,2341
2019-08-16 19:55,2337
2019-08-16 20:00,2322
2019-08-16 20:05,2328
2019-08-16 20:10,2316
2019-08-16 20:15,2292
2019-08-16 20:20,2281
2019-08-16 20:25,2267
2019-08-16 20:30,2266
2019-08-16 20:35,2260
2019-08-16 20:40,2249
2019-08-16 20:45,2220
2019-08-16 20:50,2198
2019-08-16 20:55,2207
2019-08-16 21:00,2200
2019-08-16 21:05,2187
2019-08-16 21:10,2186
2019-08-16 21:15,2163
2019-08-16 21:20,2149
2019-08-16 21:25,2140
2019-08-16 21:30,2115
2019-08-16 21:35,2099
2019-08-16 21:40,2079
2019-08-16 21:45,2046
2019-08-16 21:50,2038
2019-08-16 21:55,2036
2019-08-16 22:00,2022
2019-08-16 22:05,1997
2019-08-16 22:10,1962
2019-08-16 22:15,1958
2019-08-16 22:20,1925
2019-08-16 22:25,1923
2019-08-16 22:30,1910
2019-08-16 22:35,1911
2019-08-16 22:40,1891
2019-08-16 22:45,1888
2019-08-16 22:50,1881
2019-08-16 22:55,1869
2019-08-16 23:00,1844
2019-08-16 23:05,1837
2019-08-16 23:10,1842
2019-08-16 23:15,1829
2019-08-16 23:20,1834
2019-08-16 23:25,1824
2019-08-16 23:30,1814
2019-08-16 23:35,1793
2019-08-16 23:40,1751
2019-08-16 23:45,1744
2019-08-16 23:50,1731
2019-08-16 23:55,1730
2019-08-17 00:00,1729
2019-08-17 00:05,1713
2019-08-17 00:10,1706
2019-08-17 00:15,1702
2019-08-17 00:20,1701
2019-08-17 00:25,1687
2019-08-17 00:30,1672
2019-08-17 00:35,1667
2019-08-17 00:40,1664
2019-08-17 00:45,1657
2019-08-17 00:50,1641
2019-08-17 00:55,1638
2019-08-17 01:00,1626
2019-08-17 01:05,1629
2019-08-17 01:10,1635
2019-08-17 01:15,1632
2019-08-17 01:20,1637
2019-08-17 01:25,1601
2019-08-17 01:30,1581
2019-08-17 01:35,1568
2019-08-17 01:40,1571
2019-08-17 01:45,1553
2019-08-17 01:50,1544
2019-08-17 01:55,1537
2019-08-17 02:00,1527
2019-08-17 02:05,1521
2019-08-17 02:10,1524
2019-08-17 02:15,1533
2019-08-17 02:20,1547
2019-08-17 02:25,1555
2019-08-17 02:30,1554
2019-08-17 02:35,1554
2019-08-17 02:40,1537
2019-08-17 02:45,1529
2019-08-17 02:50,1532
2019-08-17 02:55,1537
2019-08-17 03:00,1518
2019-08-17 03:05,1523
2019-08-17 03:10,1500
2019-08-17 03:15,1485
2019-08-17 03:20,1483
2019-08-17 03:25,1490
2019-08-17 03:30,1487
2019-08-17 03:35,1472
2019-08-17 03:40,1447
2019-08-17 03:45,1447
2019-08-17 03:50,1452
2019-08-17 03:55,1445
2019-08-17 04:00,1443
2019-08-17 04:05,1411
2019-08-17 04:10,1378
2019-08-17 04:15,1376
2019-08-17 04:20,1383
2019-08-17 04:25,1366
2019-08-17 04:30,1342
2019-08-17 04:35,1338
2019-08-17 04:40,1324
2019-08-17 04:45,1339
2019-08-17 04:50,1316
2019-08-17 04:55,1315
2019-08-17 05:00,1310
2019-08-17 05:05,1299
2019-08-17 05:10,1298
2019-08-17 05:15,1284
2019-08-17 05:20,1277
2019-08-17 05:25,1285
2019-08-17 05:30,1285
2019-08-17 05:35,1286
2019-08-17 05:40,1297
2019-08-17 05:45,1276
2019-08-17 05:50,1274
2019-08-17 05:55,1268
2019-08-17 06:00,1261
2019-08-17 06:05,1249
2019-08-17 06:10,1246
2019-08-17 06:15,1260
2019-08-17 06:20,1262
2019-08-17 06:25,1250
2019-08-17 06:30,1250
2019-08-17 06:35,1256
2019-08-17 06:40,1283
2019-08-17 06:45,1287
2019-08-17 06:50,1277
2019-08-17 06:55,1305
2019-08-17 07:00,1320
2019-08-17 07:05,1296
2019-08-17 07:10,1301
2019-08-17 07:15,1324
2019-08-17 07:20,1315
2019-08-17 07:25,1299
2019-08-17 07:30,1313
2019-08-17 07:35,1316
2019-08-17 07:40,1336
2019-08-17 07:45,1333
2019-08-17 07:50,1354
2019-08-17 07:55,1377
2019-08-17 08:00,1379
2019-08-17 08:05,1389
2019-08-17 08:10,1407
2019-08-17 08:15,1436
2019-08-17 08:20,1446
2019-08-17 08:25,1437
2019-08-17 08:30,1467
2019-08-17 08:35,1478
2019-08-17 08:40,1498
2019-08-17 08:45,1521
2019-08-17 08:50,1540
2019-08-17 08:55,1548
2019-08-17 09:00,1556
2019-08-17 09:05,1564
2019-08-17 09:10,1562
2019-08-17 09:15,1571
2019-08-17 09:20,1586
2019-08-17 09:25,1606
2019-08-17 09:30,1626
2019-08-17 09:35,1637
2019-08-17 09:40,1649
2019-08-17 09:45,1665
2019-08-17 09:50,1671
2019-08-17 09:55,1698
2019-08-17 10:00,1711
2019-08-17 10:05,1731
2019-08-17 10:10,1753
2019-08-17 10:15,1747
2019-08-17 10:20,1743
2019-08-17 10:25,1740
2019-08-17 10:30,1771
2019-08-17 10:35,1764
2019-08-17 10:40,1782
2019-08-17 10:45,1778
2019-08-17 10:50,1789
2019-08-17 10:55,1816
2019-08-17 11:00,1836
2019-08-17 11:05,1850
2019-08-17 11:10,1845
2019-08-17 11:15,1860
2019-08-17 11:20,1880
2019-08-17 11:25,1907
2019-08-17 11:30,1902
2019-08-17 11:35,1909
2019-08-17 11:40,1905
2019-08-17 11:45,1931
2019-08-17 11:50,1949
2019-08-17 11:55,1936
2019-08-17 12:00,1943
2019-08-17 12:05,1957
2019-08-17 12:10,1956
2019-08-17 12:15,1978
2019-08-17 12:20,1972
2019-08-17 12:25,1990
2019-08-17 12:30,1997
2019-08-17 12:35,2010
2019-08-17 12:40,2030
2019-08-17 12:45,2031
2019-08-17 12:50,2047
2019-08-17 12:55,2047
2019-08-17 13:00,2106
2019-08-17 13:05,2112
2019-08-17 13:10,2139
2019-08-17 13:15,2141
2019-08-17 13:20,2163
2019-08-17 13:25,2177
2019-08-17 13:30,2179
2019-08-17 13:35,2205
2019-08-17 13:40,2237
2019-08-17 13:45,2267
2019-08-17 13:50,2274
2019-08-17 13:55,2263
2019-08-17 14:00,2277
2019-08-17 14:05,2304
2019-08-17 14:10,2320
2019-08-17 14:15,2331
2019-08-17 14:20,2328
2019-08-17 14:25,2353
2019-08-17 14:30,2382
2019-08-17 14:35,2358
2019-08-17 14:40,2360
2019-08-17 14:45,2366
2019-08-17 14:50,2355
2019-08-17 14:55,2362
2019-08-17 15:00,2374
2019-08-17 15:05,2370
2019-08-17 15:10,2352
2019-08-17 15:15,2361
2019-08-17 15:20,2361
2019-08-17 15:25,2372
2019-08-17 15:30,2414
2019-08-17 15:35,2415
2019-08-17 15:40,2427
2019-08-17 15:45,2441
2019-08-17 15:50,2450
2019-08-17 15:55,2436
2019-08-17 16:00,2413
2019-08-17 16:05,2451
2019-08-17 16:10,2453
2019-08-17 16:15,2449
2019-08-17 16:20,2470
2019-08-17 16:25,2470
2019-08-17 16:30,2465
2019-08-17 16:35,2456
2019-08-17 16:40,2447
2019-08-17 16:45,2455
2019-08-17 16:50,2487
2019-08-17 16:55,2462
2019-08-17 17:00,2470
2019-08-17 17:05,2485
2019-08-17 17:10,2524
2019-08-17 17:15,2508
2019-08-17 17:20,2498
2019-08-17 17:25,2491
2019-08-17 17:30,2480
2019-08-17 17:35,2494
2019-08-17 17:40,2517
2019-08-17 17:45,2528
2019-08-17 17:50,2519
2019-08-17 17:55,2532
2019-08-17 18:00,2527
2019-08-17 18:05,2539
2019-08-17 18:10,2542
2019-08-17 18:15,2570
2019-08-17 18:20,2549
2019-08-17 18:25,2550
2019-08-17 18:30,2536
2019-08-17 18:35,2567
2019-08-17 18:40,2562
2019-08-17 18:45,2574
2019-08-17 18:50,2548
2019-08-17 18:55,2548
2019-08-17 19:00,2564
2019-08-17 19:05,2574
2019-08-17 19:10,2568
2019-08-17 19:15,2580
2019-08-17 19:20,2589
2019-08-17 19:25,2584
2019-08-17 19:30,2599
2019-08-17 19:35,2598
2019-08-17 19:40,2604
2019-08-17 19:45,2605
2019-08-17 19:50,2604
2019-08-17 19:55,2591
2019-08-17 20:00,2565
2019-08-17 20:05,2565
2019-08-17 20:10,2577
2019-08-17 20:15,2563
2019-08-17 20:20,2552
2019-08-17 20:25,2546
2019-08-17 20:30,2519
2019-08-17 20:35,2501
2019-08-17 20:40,2493
2019-08-17 20:45,2484
2019-08-17 20:50,2472
2019-08-17 20:55,2462
2019-08-17 21:00,2440
2019-08-17 21:05,2417
2019-08-17 21:10,2381
2019-08-17 21:15,2373
2019-08-17 21:20,2351
2019-08-17 21:25,2346
2019-08-17 21:30,2332
2019-08-17 21:35,2315
2019-08-17 21:40,2323
2019-08-17 21:45,2313
2019-08-17 21:50,2301
2019-08-17 21:55,2297
2019-08-17 22:00,2273
2019-08-17 22:05,2246
2019-08-17 22:10,2227
2019-08-17 22:15,2223
2019-08-17 22:20,2189
2019-08-17 22:25,2174
2019-08-17 22:30,2130
2019-08-17 22:35,2098
2019-08-17 22:40,2088
2019-08-17 22:45,2047
2019-08-17 22:50,2028
2019-08-17 22:55,2028
2019-08-17 23:00,1962
2019-08-17 23:05,1935
2019-08-17 23:10,1934
2019-08-17 23:15,1918
2019-08-17 23:20,1891
2019-08-17 23:25,1883
2019-08-17 23:30,1876
2019-08-17 23:35,1870
2019-08-17 23:40,1852
2019-08-17 23:45,1815
2019-08-17 23:50,1815
2019-08-17 23:55,1804
2019-08-18 00:00,1780
2019-08-18 00:05,1764
2019-08-18 00:10,1760
2019-08-18 00:15,1755
2019-08-18 00:20,1749
2019-08-18 00:25,1769
2019-08-18 00:30,1766
2019-08-18 00:35,1754
2019-08-18 00:40,1743
2019-08-18 00:45,1723
2019-08-18 00:50,1699
2019-08-18 00:55,1721
2019-08-18 01:00,1716
2019-08-18 01:05,1724
2019-08-18 01:10,1711
2019-08-18 01:15,1710
2019-08-18 01:20,1704
2019-08-18 01:25,1703
2019-08-18 01:30,1692
2019-08-18 01:35,1670
2019-08-18 01:40,1660
2019-08-18 01:45,1659
2019-08-18 01:50,1639
2019-08-18 01:55,1641
2019-08-18 02:00,1641
2019-08-18 02:05,1611
2019-08-18 02:10,1578
2019-08-18 02:15,1578
2019-08-18 02:20,1572
2019-08-18 02:25,1566
2019-08-18 02:30,1587
2019-08-18 02:35,1591
2019-08-18 02:40,1582
2019-08-18 02:45,1587
2019-08-18 02:50,1575
2019-08-18 02:55,1571
2019-08-18 03:00,1569
2019-08-18 03:05,1566
2019-08-18 03:10,1548
2019-08-18 03:15,1542
2019-08-18 03:20,1526
2019-08-18 03:25,1502
2019-08-18 03:30,1502
2019-08-18 03:35,1496
2019-08-18 03:40,1492
2019-08-18 03:45,1479
2019-08-18 03:50,1469
2019-08-18 03:55,1469
2019-08-18 04:00,1454
2019-08-18 04:05,1431
2019-08-18 04:10,1410
2019-08-18 04:15,1391
2019-08-18 04:20,1384
2019-08-18 04:25,1371
2019-08-18 04:30,1373
2019-08-18 04:35,1372
2019-08-18 04:40,1356
2019-08-18 04:45,1341
2019-08-18 04:50,1330
2019-08-18 04:55,1330
2019-08-18 05:00,1316
2019-08-18 05:05,1316
2019-08-18 05:10,1303
2019-08-18 05:15,1282
2019-08-18 05:20,1278
2019-08-18 05:25,1286
2019-08-18 05:30,1285
2019-08-18 05:35,1308
2019-08-18 05:40,1311
2019-08-18 05:45,1311
2019-08-18 05:50,1283
2019-08-18 05:55,1283
2019-08-18 06:00,1321
2019-08-18 06:05,1321
2019-08-18 06:10,1311
2019-08-18 06:15,1295
2019-08-18 06:20,1292
2019-08-18 06:25,1302
2019-08-18 06:30,1283
2019-08-18 06:35,1290
2019-08-18 06:40,1283
2019-08-18 06:45,1295
2019-08-18 06:50,1295
2019-08-18 06:55,1294
2019-08-18 07:00,1319
2019-08-18 07:05,1347
2019-08-18 07:10,1347
2019-08-18 07:15,1322
2019-08-18 07:20,1344
2019-08-18 07:25,1344
2019-08-18 07:30,1374
2019-08-18 07:35,1381
2019-08-18 07:40,1381
2019-08-18 07:45,1427
2019-08-18 07:50,1459
2019-08-18 07:55,1459
2019-08-18 08:00,1487
2019-08-18 08:05,1495
2019-08-18 08:10,1514
2019-08-18 08:15,1525
2019-08-18 08:20,1527
2019-08-18 08:25,1554
2019-08-18 08:30,1583
2019-08-18 08:35,1583
2019-08-18 08:40,1620
2019-08-18 08:45,1620
2019-08-18 08:50,1633
2019-08-18 08:55,1633
2019-08-18 09:00,1681
2019-08-18 09:05,1681
2019-08-18 09:10,1689
2019-08-18 09:15,1715
2019-08-18 09:20,1715
2019-08-18 09:25,1736
2019-08-18 09:30,1740
2019-08-18 09:35,1751
2019-08-18 09:40,1781
2019-08-18 09:45,1811
2019-08-18 09:50,1828
2019-08-18 09:55,1848
2019-08-18 10:00,1894
2019-08-18 10:05,1894
2019-08-18 10:10,1960
2019-08-18 10:15,1960
2019-08-18 10:20,1976
2019-08-18 10:25,1991
2019-08-18 10:30,2016
2019-08-18 10:35,2061
2019-08-18 10:40,2091
2019-08-18 10:45,2117
2019-08-18 10:50,2116
2019-08-18 10:55,2131
2019-08-18 11:00,2122
2019-08-18 11:05,2136
2019-08-18 11:10,2134
2019-08-18 11:15,2119
2019-08-18 11:20,2155
2019-08-18 11:25,2155
2019-08-18 11:30,2172
2019-08-18 11:35,2185
2019-08-18 11:40,2176
2019-08-18 11:45,2160
2019-08-18 11:50,2185
2019-08-18 11:55,2172
2019-08-18 12:00,2190
2019-08-18 12:05,2173
2019-08-18 12:10,2181
2019-08-18 12:15,2219
2019-08-18 12:20,2227
2019-08-18 12:25,2251
2019-08-18 12:30,2235
2019-08-18 12:35,2233
2019-08-18 12:40,2253
2019-08-18 12:45,2274
2019-08-18 12:50,2298
2019-08-18 12:55,2276
2019-08-18 13:00,2285
2019-08-18 13:05,2295
2019-08-18 13:10,2327
2019-08-18 13:15,2323
2019-08-18 13:20,2365
2019-08-18 13:25,2387
2019-08-18 13:30,2421
2019-08-18 13:35,2428
2019-08-18 13:40,2431
2019-08-18 13:45,2449
2019-08-18 13:50,2475
2019-08-18 13:55,2478
2019-08-18 14:00,2502
2019-08-18 14:05,2512
2019-08-18 14:10,2519
2019-08-18 14:15,2547
2019-08-18 14:20,2551
2019-08-18 14:25,2554
2019-08-18 14:30,2553
2019-08-18 14:35,2567
2019-08-18 14:40,2571
2019-08-18 14:45,2572
2019-08-18 14:50,2564
2019-08-18 14:55,2582
2019-08-18 15:00,2615
2019-08-18 15:05,2624
2019-08-18 15:10,2614
2019-08-18 15:15,2630
2019-08-18 15:20,2642
2019-08-18 15:25,2667
2019-08-18 15:30,2669
2019-08-18 15:35,2686
2019-08-18 15:40,2706
2019-08-18 15:45,2728
2019-08-18 15:50,2744
2019-08-18 15:55,2754
2019-08-18 16:00,2766
2019-08-18 16:05,2768
2019-08-18 16:10,2775
2019-08-18 16:15,2788
2019-08-18 16:20,2799
2019-08-18 16:25,2801
2019-08-18 16:30,2802
2019-08-18 16:35,2783
2019-08-18 16:40,2788
2019-08-18 16:45,2807
2019-08-18 16:50,2817
2019-08-18 16:55,2842
2019-08-18 17:00,2839
2019-08-18 17:05,2833
2019-08-18 17:10,2842
2019-08-18 17:15,2852
2019-08-18 17:20,2855
2019-08-18 17:25,2865
2019-08-18 17:30,2891
2019-08-18 17:35,2894
2019-08-18 17:40,2905
2019-08-18 17:45,2892
2019-08-18 17:50,2894
2019-08-18 17:55,2873
2019-08-18 18:00,2869
2019-08-18 18:05,2866
2019-08-18 18:10,2862
2019-08-18 18:15,2841
2019-08-18 18:20,2861
2019-08-18 18:25,2855
2019-08-18 18:30,2878
2019-08-18 18:35,2862
2019-08-18 18:40,2846
2019-08-18 18:45,2824
2019-08-18 18:50,2822
2019-08-18 18:55,2838
2019-08-18 19:00,2836
2019-08-18 19:05,2831
2019-08-18 19:10,2838
2019-08-18 19:15,2846
2019-08-18 19:20,2835
2019-08-18 19:25,2849
2019-08-18 19:30,2840
2019-08-18 19:35,2851
2019-08-18 19:40,2848
2019-08-18 19:45,2847
2019-08-18 19:50,2836
2019-08-18 19:55,2837
2019-08-18 20:00,2817
2019-08-18 20:05,2782
2019-08-18 20:10,2725
2019-08-18 20:15,2707
2019-08-18 20:20,2701
2019-08-18 20:25,2733
2019-08-18 20:30,2722
2019-08-18 20:35,2702
2019-08-18 20:40,2659
2019-08-18 20:45,2634
2019-08-18 20:50,2619
2019-08-18 20:55,2595
2019-08-18 21:00,2576
2019-08-18 21:05,2553
2019-08-18 21:10,2522
2019-08-18 21:15,2499
2019-08-18 21:20,2493
2019-08-18 21:25,2465
2019-08-18 21:30,2436
2019-08-18 21:35,2404
2019-08-18 21:40,2402
2019-08-18 21:45,2355
2019-08-18 21:50,2318
2019-08-18 21:55,2316
2019-08-18 22:00,2288
2019-08-18 22:05,2255
2019-08-18 22:10,2219
2019-08-18 22:15,2198
2019-08-18 22:20,2152
2019-08-18 22:25,2141
2019-08-18 22:30,2139
2019-08-18 22:35,2124
2019-08-18 22:40,2111
2019-08-18 22:45,2104
2019-08-18 22:50,2068
2019-08-18 22:55,2061
2019-08-18 23:00,2057
2019-08-18 23:05,2073
2019-08-18 23:10,2027
2019-08-18 23:15,2005
2019-08-18 23:20,2004
2019-08-18 23:25,1987
2019-08-18 23:30,1991
2019-08-18 23:35,1952
2019-08-18 23:40,1926
2019-08-18 23:45,1899
2019-08-18 23:50,1892
2019-08-18 23:55,1872
2019-08-19 00:00,1874
2019-08-19 00:05,1840
2019-08-19 00:10,1802
2019-08-19 00:15,1782
2019-08-19 00:20,1775
2019-08-19 00:25,1767
2019-08-19 00:30,1778
2019-08-19 00:35,1774
2019-08-19 00:40,1764
2019-08-19 00:45,1767
2019-08-19 00:50,1767
2019-08-19 00:55,1771
2019-08-19 01:00,1755
2019-08-19 01:05,1720
2019-08-19 01:10,1707
2019-08-19 01:15,1704
2019-08-19 01:20,1705
2019-08-19 01:25,1687
2019-08-19 01:30,1670
2019-08-19 01:35,1668
2019-08-19 01:40,1670
2019-08-19 01:45,1664
2019-08-19 01:50,1653
2019-08-19 01:55,1629
2019-08-19 02:00,1635
2019-08-19 02:05,1626
2019-08-19 02:10,1636
2019-08-19 02:15,1628
2019-08-19 02:20,1606
2019-08-19 02:25,1579
2019-08-19 02:30,1560
2019-08-19 02:35,1529
2019-08-19 02:40,1478
2019-08-19 02:45,1475
2019-08-19 02:50,1466
2019-08-19 02:55,1459
2019-08-19 03:00,1439
2019-08-19 03:05,1410
2019-08-19 03:10,1394
2019-08-19 03:15,1372
2019-08-19 03:20,1364
2019-08-19 03:25,1351
2019-08-19 03:30,1333
2019-08-19 03:35,1316
2019-08-19 03:40,1310
2019-08-19 03:45,1297
2019-08-19 03:50,1269
2019-08-19 03:55,1254
2019-08-19 04:00,1253
2019-08-19 04:05,1247
2019-08-19 04:10,1232
2019-08-19 04:15,1216
2019-08-19 04:20,1204
2019-08-19 04:25,1190
2019-08-19 04:30,1170
2019-08-19 04:35,1183
2019-08-19 04:40,1162
2019-08-19 04:45,1168
2019-08-19 04:50,1173
2019-08-19 04:55,1163
2019-08-19 05:00,1160
2019-08-19 05:05,1160
2019-08-19 05:10,1144
2019-08-19 05:15,1148
2019-08-19 05:20,1152
2019-08-19 05:25,1148
2019-08-19 05:30,1125
2019-08-19 05:35,1136
2019-08-19 05:40,1142
2019-08-19 05:45,1134
2019-08-19 05:50,1139
2019-08-19 05:55,1140
2019-08-19 06:00,1129
2019-08-19 06:05,1126
2019-08-19 06:10,1113
2019-08-19 06:15,1117
2019-08-19 06:20,1127
2019-08-19 06:25,1121
2019-08-19 06:30,1119
2019-08-19 06:35,1120
2019-08-19 06:40,1127
2019-08-19 06:45,1127
2019-08-19 06:50,1131
2019-08-19 06:55,1130
2019-08-19 07:00,1127
2019-08-19 07:05,1116
2019-08-19 07:10,1135
2019-08-19 07:15,1138
2019-08-19 07:20,1135
2019-08-19 07:25,1134
2019-08-19 07:30,1145
2019-08-19 07:35,1154
2019-08-19 07:40,1150
2019-08-19 07:45,1145
2019-08-19 07:50,1147
2019-08-19 07:55,1155
2019-08-19 08:00,1166
2019-08-19 08:05,1166
2019-08-19 08:10,1175
2019-08-19 08:15,1170
2019-08-19 08:20,1177
2019-08-19 08:25,1177
2019-08-19 08:30,1202
2019-08-19 08:35,1215
2019-08-19 08:40,1232
2019-08-19 08:45,1237
2019-08-19 08:50,1231
2019-08-19 08:55,1256
2019-08-19 09:00,1259
2019-08-19 09:05,1276
2019-08-19 09:10,1294
2019-08-19 09:15,1311
2019-08-19 09:20,1325
2019-08-19 09:25,1343
2019-08-19 09:30,1326
2019-08-19 09:35,1356
2019-08-19 09:40,1378
2019-08-19 09:45,1402
2019-08-19 09:50,1417
2019-08-19 09:55,1435
2019-08-19 10:00,1455
2019-08-19 10:05,1484
2019-08-19 10:10,1487
2019-08-19 10:15,1508
2019-08-19 10:20,1516
2019-08-19 10:25,1547
2019-08-19 10:30,1550
2019-08-19 10:35,1560
2019-08-19 10:40,1561
2019-08-19 10:45,1567
2019-08-19 10:50,1575
2019-08-19 10:55,1604
2019-08-19 11:00,1611
2019-08-19 11:05,1619
2019-08-19 11:10,1605
2019-08-19 11:15,1614
2019-08-19 11:20,1603
2019-08-19 11:25,1627
2019-08-19 11:30,1646
2019-08-19 11:35,1652
2019-08-19 11:40,1663
2019-08-19 11:45,1666
2019-08-19 11:50,1662
2019-08-19 11:55,1696
2019-08-19 12:00,1714
2019-08-19 12:05,1706
2019-08-19 12:10,1695
2019-08-19 12:15,1705
2019-08-19 12:20,1701
2019-08-19 12:25,1713
2019-08-19 12:30,1714
2019-08-19 12:35,1710
2019-08-19 12:40,1729
2019-08-19 12:45,1746
2019-08-19 12:50,1766
2019-08-19 12:55,1773
2019-08-19 13:00,1785
2019-08-19 13:05,1782
2019-08-19 13:10,1789
2019-08-19 13:15,1781
2019-08-19 13:20,1806
2019-08-19 13:25,1822
2019-08-19 13:30,1851
2019-08-19 13:35,1869
2019-08-19 13:40,1868
2019-08-19 13:45,1889
2019-08-19 13:50,1909
2019-08-19 13:55,1946
2019-08-19 14:00,1958
2019-08-19 14:05,1974
2019-08-19 14:10,1974
2019-08-19 14:15,1996
2019-08-19 14:20,2006
2019-08-19 14:25,2027
2019-08-19 14:30,2035
2019-08-19 14:35,2036
2019-08-19 14:40,2022
2019-08-19 14:45,2053
2019-08-19 14:50,2084
2019-08-19 14:55,2077
2019-08-19 15:00,2071
2019-08-19 15:05,2079
2019-08-19 15:10,2085
2019-08-19 15:15,2108
2019-08-19 15:20,2118
2019-08-19 15:25,2115
2019-08-19 15:30,2138
2019-08-19 15:35,2113
2019-08-19 15:40,2126
2019-08-19 15:45,2114
2019-08-19 15:50,2126
2019-08-19 15:55,2121
2019-08-19 16:00,2179
2019-08-19 16:05,2200
2019-08-19 16:10,2238
2019-08-19 16:15,2259
2019-08-19 16:20,2276
2019-08-19 16:25,2288
2019-08-19 16:30,2302
2019-08-19 16:35,2301
2019-08-19 16:40,2319
2019-08-19 16:45,2325
2019-08-19 16:50,2332
2019-08-19 16:55,2370
2019-08-19 17:00,2381
2019-08-19 17:05,2398
2019-08-19 17:10,2395
2019-08-19 17:15,2381
2019-08-19 17:20,2378
2019-08-19 17:25,2361
2019-08-19 17:30,2376
2019-08-19 17:35,2395
2019-08-19 17:40,2380
2019-08-19 17:45,2397
2019-08-19 17:50,2405
2019-08-19 17:55,2403
2019-08-19 18:00,2415
2019-08-19 18:05,2439
2019-08-19 18:10,2439
2019-08-19 18:15,2444
2019-08-19 18:20,2428
2019-08-19 18:25,2439
2019-08-19 18:30,2444
2019-08-19 18:35,2455
2019-08-19 18:40,2458
2019-08-19 18:45,2458
2019-08-19 18:50,2461
2019-08-19 18:55,2488
2019-08-19 19:00,2496
2019-08-19 19:05,2501
2019-08-19 19:10,2501
2019-08-19 19:15,2481
2019-08-19 19:20,2475
2019-08-19 19:25,2477
2019-08-19 19:30,2466
2019-08-19 19:35,2462
2019-08-19 19:40,2450
2019-08-19 19:45,2481
2019-08-19 19:50,2474
2019-08-19 19:55,2479
2019-08-19 20:00,2483
2019-08-19 20:05,2494
2019-08-19 20:10,2487
2019-08-19 20:15,2475
2019-08-19 20:20,2457
2019-08-19 20:25,2441
2019-08-19 20:30,2431
2019-08-19 20:35,2415
2019-08-19 20:40,2412
2019-08-19 20:45,2370
2019-08-19 20:50,2360
2019-08-19 20:55,2332
2019-08-19 21:00,2305
2019-08-19 21:05,2300
2019-08-19 21:10,2263
2019-08-19 21:15,2226
2019-08-19 21:20,2227
2019-08-19 21:25,2220
2019-08-19 21:30,2177
2019-08-19 21:35,2158
2019-08-19 21:40,2134
2019-08-19 21:45,2125
2019-08-19 21:50,2092
2019-08-19 21:55,2051
2019-08-19 22:00,2043
2019-08-19 22:05,1999
2019-08-19 22:10,1987
2019-08-19 22:15,1978
2019-08-19 22:20,1977
2019-08-19 22:25,1940
2019-08-19 22:30,1932
2019-08-19 22:35,1919
2019-08-19 22:40,1894
2019-08-19 22:45,1880
2019-08-19 22:50,1876
2019-08-19 22:55,1846
2019-08-19 23:00,1821
2019-08-19 23:05,1821
2019-08-19 23:10,1828
2019-08-19 23:15,1813
2019-08-19 23:20,1800
2019-08-19 23:25,1800
2019-08-19 23:30,1796
2019-08-19 23:35,1787
2019-08-19 23:40,1783
2019-08-19 23:45,1760
2019-08-19 23:50,1769
2019-08-19 23:55,1750
2019-08-20 00:00,1731
2019-08-20 00:05,1726
2019-08-20 00:10,1719
2019-08-20 00:15,1722
2019-08-20 00:20,1690
2019-08-20 00:25,1681
2019-08-20 00:30,1672
2019-08-20 00:35,1660
2019-08-20 00:40,1654
2019-08-20 00:45,1656
2019-08-20 00:50,1648
2019-08-20 00:55,1647
2019-08-20 01:00,1619
2019-08-20 01:05,1612
2019-08-20 01:10,1584
2019-08-20 01:15,1583
2019-08-20 01:20,1559
2019-08-20 01:25,1543
2019-08-20 01:30,1522
2019-08-20 01:35,1509
2019-08-20 01:40,1527
2019-08-20 01:45,1532
2019-08-20 01:50,1512
2019-08-20 01:55,1516
2019-08-20 02:00,1512
2019-08-20 02:05,1507
2019-08-20 02:10,1494
2019-08-20 02:15,1486
2019-08-20 02:20,1476
2019-08-20 02:25,1472
2019-08-20 02:30,1457
2019-08-20 02:35,1468
2019-08-20 02:40,1457
2019-08-20 02:45,1447
2019-08-20 02:50,1434
2019-08-20 02:55,1398
2019-08-20 03:00,1372
2019-08-20 03:05,1363
2019-08-20 03:10,1349
2019-08-20 03:15,1345
2019-08-20 03:20,1332
2019-08-20 03:25,1317
2019-08-20 03:30,1316
2019-08-20 03:35,1303
2019-08-20 03:40,1298
2019-08-20 03:45,1277
2019-08-20 03:50,1271
2019-08-20 03:55,1263
2019-08-20 04:00,1254
2019-08-20 04:05,1230
2019-08-20 04:10,1235
2019-08-20 04:15,1225
2019-08-20 04:20,1218
2019-08-20 04:25,1215
2019-08-20 04:30,1197
2019-08-20 04:35,1191
2019-08-20 04:40,1187
2019-08-20 04:45,1179
2019-08-20 04:50,1179
2019-08-20 04:55,1154
2019-08-20 05:00,1152
2019-08-20 05:05,1136
2019-08-20 05:10,1124
2019-08-20 05:15,1094
2019-08-20 05:20,1098
2019-08-20 05:25,1090
2019-08-20 05:30,1098
2019-08-20 05:35,1093
2019-08-20 05:40,1106
2019-08-20 05:45,1090
2019-08-20 05:50,1085
2019-08-20 05:55,1080
2019-08-20 06:00,1078
2019-08-20 06:05,1081
2019-08-20 06:10,1081
2019-08-20 06:15,1092
2019-08-20 06:20,1092
2019-08-20 06:25,1108
2019-08-20 06:30,1111
2019-08-20 06:35,1100
2019-08-20 06:40,1095
2019-08-20 06:45,1099
2019-08-20 06:50,1095
2019-08-20 06:55,1088
2019-08-20 07:00,1080
2019-08-20 07:05,1090
2019-08-20 07:10,1093
2019-08-20 07:15,1101
2019-08-20 07:20,1094
2019-08-20 07:25,1089
2019-08-20 07:30,1105
2019-08-20 07:35,1102
2019-08-20 07:40,1092
2019-08-20 07:45,1120
2019-08-20 07:50,1120
2019-08-20 07:55,1114
2019-08-20 08:00,1114
2019-08-20 08:05,1126
2019-08-20 08:10,1138
2019-08-20 08:15,1163
2019-08-20 08:20,1172
2019-08-20 08:25,1171
2019-08-20 08:30,1183
2019-08-20 08:35,1187
2019-08-20 08:40,1196
2019-08-20 08:45,1190
2019-08-20 08:50,1211
2019-08-20 08:55,1215
2019-08-20 09:00,1219
2019-08-20 09:05,1222
2019-08-20 09:10,1233
2019-08-20 09:15,1241
2019-08-20 09:20,1255
2019-08-20 09:25,1277
2019-08-20 09:30,1276
2019-08-20 09:35,1283
2019-08-20 09:40,1295
2019-08-20 09:45,1296
2019-08-20 09:50,1304
2019-08-20 09:55,1326
2019-08-20 10:00,1354
2019-08-20 10:05,1373
2019-08-20 10:10,1404
2019-08-20 10:15,1407
2019-08-20 10:20,1417
2019-08-20 10:25,1436
2019-08-20 10:30,1458
2019-08-20 10:35,1480
2019-08-20 10:40,1473
2019-08-20 10:45,1482
2019-08-20 10:50,1503
2019-08-20 10:55,1514
2019-08-20 11:00,1524
2019-08-20 11:05,1526
2019-08-20 11:10,1537
2019-08-20 11:15,1553
2019-08-20 11:20,1570
2019-08-20 11:25,1563
2019-08-20 11:30,1581
2019-08-20 11:35,1585
2019-08-20 11:40,1596
2019-08-20 11:45,1604
2019-08-20 11:50,1617
2019-08-20 11:55,1602
2019-08-20 12:00,1601
2019-08-20 12:05,1594
2019-08-20 12:10,1606
2019-08-20 12:15,1596
2019-08-20 12:20,1604
2019-08-20 12:25,1611
2019-08-20 12:30,1625
2019-08-20 12:35,1632
2019-08-20 12:40,1627
2019-08-20 12:45,1639
2019-08-20 12:50,1647
2019-08-20 12:55,1677
2019-08-20 13:00,1683
2019-08-20 13:05,1704
2019-08-20 13:10,1713
2019-08-20 13:15,1745
2019-08-20 13:20,1749
2019-08-20 13:25,1756
2019-08-20 13:30,1751
2019-08-20 13:35,1742
2019-08-20 13:40,1757
2019-08-20 13:45,1773
2019-08-20 13:50,1772
2019-08-20 13:55,1789
2019-08-20 14:00,1780
2019-08-20 14:05,1807
2019-08-20 14:10,1807
2019-08-20 14:15,1819
2019-08-20 14:20,1825
2019-08-20 14:25,1826
2019-08-20 14:30,1837
2019-08-20 14:35,1851
2019-08-20 14:40,1875
2019-08-20 14:45,1878
2019-08-20 14:50,1894
2019-08-20 14:55,1908
2019-08-20 15:00,1903
2019-08-20 15:05,1909
2019-08-20 15:10,1919
2019-08-20 15:15,1939
2019-08-20 15:20,1958
2019-08-20 15:25,1997
2019-08-20 15:30,2009
2019-08-20 15:35,2028
2019-08-20 15:40,2058
2019-08-20 15:45,2079
2019-08-20 15:50,2078
2019-08-20 15:55,2106
2019-08-20 16:00,2130
2019-08-20 16:05,2134
2019-08-20 16:10,2154
2019-08-20 16:15,2165
2019-08-20 16:20,
2019-08-20 16:25,2145
2019-08-20 16:30,2160
2019-08-20 16:35,2193
2019-08-20 16:40,2209
2019-08-20 16:45,2215
2019-08-20 16:50,2223
2019-08-20 16:55,2231
2019-08-20 17:00,2253
2019-08-20 17:05,2269
2019-08-20 17:10,2273
2019-08-20 17:15,2269
2019-08-20 17:20,2246
2019-08-20 17:25,2261
2019-08-20 17:30,2280
2019-08-20 17:35,2286
2019-08-20 17:40,2306
2019-08-20 17:45,2317
2019-08-20 17:50,2329
2019-08-20 17:55,2337
2019-08-20 18:00,2360
2019-08-20 18:05,2364
2019-08-20 18:10,2348
2019-08-20 18:15,2359
2019-08-20 18:20,2347
2019-08-20 18:25,2358
2019-08-20 18:30,2360
2019-08-20 18:35,2370
2019-08-20 18:40,2346
2019-08-20 18:45,2354
2019-08-20 18:50,2358
2019-08-20 18:55,2342
2019-08-20 19:00,2362
2019-08-20 19:05,2373
2019-08-20 19:10,2362
2019-08-20 19:15,2334
2019-08-20 19:20,2337
2019-08-20 19:25,2340
2019-08-20 19:30,2338
2019-08-20 19:35,2328
2019-08-20 19:40,2327
2019-08-20 19:45,2327
2019-08-20 19:50,2344
2019-08-20 19:55,2353
2019-08-20 20:00,2352
2019-08-20 20:05,2349
2019-08-20 20:10,2313
2019-08-20 20:15,2319
2019-08-20 20:20,2303
2019-08-20 20:25,2297
2019-08-20 20:30,2259
2019-08-20 20:35,2250
2019-08-20 20:40,2233
2019-08-20 20:45,2206
2019-08-20 20:50,2160
2019-08-20 20:55,2156
2019-08-20 21:00,2127
2019-08-20 21:05,2129
2019-08-20 21:10,2096
2019-08-20 21:15,2091
2019-08-20 21:20,2058
2019-08-20 21:25,2048
2019-08-20 21:30,2040
2019-08-20 21:35,2020
2019-08-20 21:40,2002
2019-08-20 21:45,2003
2019-08-20 21:50,1971
2019-08-20 21:55,1947
2019-08-20 22:00,1911
2019-08-20 22:05,1907
2019-08-20 22:10,
2019-08-20 22:15,
2019-08-20 22:20,
2019-08-20 22:25,1783
2019-08-20 22:30,1846
2019-08-20 22:35,1813
2019-08-20 22:40,1807
2019-08-20 22:45,1780
2019-08-20 22:50,1786
2019-08-20 22:55,1758
2019-08-20 23:00,1740
2019-08-20 23:05,1706
2019-08-20 23:10,1709
2019-08-20 23:15,1705
2019-08-20 23:20,1701
2019-08-20 23:25,1680
2019-08-20 23:30,1660
2019-08-20 23:35,1614
2019-08-20 23:40,1661
2019-08-20 23:45,1598
2019-08-20 23:50,1604
2019-08-20 23:55,1624
2019-08-21 00:00,1584
2019-08-21 00:05,1648
2019-08-21 00:10,1397
2019-08-21 00:15,1587
2019-08-21 00:20,1588
2019-08-21 00:25,1569
2019-08-21 00:30,1412
2019-08-21 00:35,1553
2019-08-21 00:40,1574
2019-08-21 00:45,1420
2019-08-21 00:50,1405
2019-08-21 00:55,1419
2019-08-21 01:00,1576
2019-08-21 01:05,1553
2019-08-21 01:10,1547
2019-08-21 01:15,1536
2019-08-21 01:20,1376
2019-08-21 01:25,1504
2019-08-21 01:30,1385
2019-08-21 01:35,1378
2019-08-21 01:40,1496
2019-08-21 01:45,1365
2019-08-21 01:50,1468
2019-08-21 01:55,1345
2019-08-21 02:00,1446
2019-08-21 02:05,1313
2019-08-21 02:10,1320
2019-08-21 02:15,1416
2019-08-21 02:20,1307
2019-08-21 02:25,1384
2019-08-21 02:30,1275
2019-08-21 02:35,1269
2019-08-21 02:40,1307
2019-08-21 02:45,1296
2019-08-21 02:50,1336
2019-08-21 02:55,1272
2019-08-21 03:00,1312
2019-08-21 03:05,1217
2019-08-21 03:10,1213
2019-08-21 03:15,1303
2019-08-21 03:20,1280
2019-08-21 03:25,1212
2019-08-21 03:30,1174
2019-08-21 03:35,1234
2019-08-21 03:40,1224
2019-08-21 03:45,1224
2019-08-21 03:50,1196
2019-08-21 03:55,1177
2019-08-21 04:00,1175
2019-08-21 04:05,1169
2019-08-21 04:10,1170
2019-08-21 04:15,1164
2019-08-21 04:20,1145
2019-08-21 04:25,1156
2019-08-21 04:30,1134
2019-08-21 04:35,1119
2019-08-21 04:40,1105
2019-08-21 04:45,1098
2019-08-21 04:50,1072
2019-08-21 04:55,1074
2019-08-21 05:00,1079
2019-08-21 05:05,1065
2019-08-21 05:10,1062
2019-08-21 05:15,1065
2019-08-21 05:20,1002
2019-08-21 05:25,988
2019-08-21 05:30,1032
2019-08-21 05:35,981
2019-08-21 05:40,1019
2019-08-21 05:45,1016
2019-08-21 05:50,1013
2019-08-21 05:55,1008
2019-08-21 06:00,1029
2019-08-21 06:05,1025
2019-08-21 06:10,1021
2019-08-21 06:15,983
2019-08-21 06:20,1018
2019-08-21 06:25,1008
2019-08-21 06:30,1009
2019-08-21 06:35,1010
2019-08-21 06:40,1036
2019-08-21 06:45,1008
2019-08-21 06:50,1008
2019-08-21 06:55,1028
2019-08-21 07:00,1050
2019-08-21 07:05,1047
2019-08-21 07:10,1047
2019-08-21 07:15,1047
2019-08-21 07:20,1078
2019-08-21 07:25,1058
2019-08-21 07:30,1066
2019-08-21 07:35,1086
2019-08-21 07:40,1071
2019-08-21 07:45,1046
2019-08-21 07:50,1055
2019-08-21 07:55,1068
2019-08-21 08:00,1097
2019-08-21 08:05,1111
2019-08-21 08:10,1092
2019-08-21 08:15,1103
2019-08-21 08:20,1128
2019-08-21 08:25,1116
2019-08-21 08:30,1118
2019-08-21 08:35,1112
2019-08-21 08:40,1135
2019-08-21 08:45,1149
2019-08-21 08:50,1159
2019-08-21 08:55,1151
2019-08-21 09:00,1173
2019-08-21 09:05,1202
2019-08-21 09:10,1195
2019-08-21 09:15,1188
2019-08-21 09:20,1195
2019-08-21 09:25,1214
2019-08-21 09:30,1251
2019-08-21 09:35,1271
2019-08-21 09:40,1266
2019-08-21 09:45,1279
2019-08-21 09:50,1276
2019-08-21 09:55,1313
2019-08-21 10:00,1323
2019-08-21 10:05,1345
2019-08-21 10:10,1369
2019-08-21 10:15,1390
2019-08-21 10:20,1429
2019-08-21 10:25,1386
2019-08-21 10:30,1430
2019-08-21 10:35,1441
2019-08-21 10:40,1448
2019-08-21 10:45,1447
2019-08-21 10:50,1471
2019-08-21 10:55,1471
2019-08-21 11:00,1483
2019-08-21 11:05,1467
2019-08-21 11:10,1468
2019-08-21 11:15,1494
2019-08-21 11:20,1496
2019-08-21 11:25,1497
2019-08-21 11:30,1534
2019-08-21 11:35,1537
2019-08-21 11:40,1543
2019-08-21 11:45,1531
2019-08-21 11:50,1534
2019-08-21 11:55,1527
2019-08-21 12:00,1525
2019-08-21 12:05,1560
2019-08-21 12:10,1572
2019-08-21 12:15,1583
2019-08-21 12:20,1595
2019-08-21 12:25,1599
2019-08-21 12:30,1616
2019-08-21 12:35,1637
2019-08-21 12:40,1662
2019-08-21 12:45,1657
2019-08-21 12:50,1646
2019-08-21 12:55,1645
2019-08-21 13:00,1645
2019-08-21 13:05,1663
2019-08-21 13:10,1677
2019-08-21 13:15,1711
2019-08-21 13:20,1719
2019-08-21 13:25,1721
2019-08-21 13:30,1726
2019-08-21 13:35,1729
2019-08-21 13:40,1755
2019-08-21 13:45,1759
2019-08-21 13:50,1746
2019-08-21 13:55,1754
2019-08-21 14:00,1771
2019-08-21 14:05,1797
2019-08-21 14:10,1803
2019-08-21 14:15,1803
2019-08-21 14:20,1813
2019-08-21 14:25,1811
2019-08-21 14:30,1824
2019-08-21 14:35,1857
2019-08-21 14:40,1865
2019-08-21 14:45,1892
2019-08-21 14:50,1896
2019-08-21 14:55,1913
2019-08-21 15:00,1915
2019-08-21 15:05,1920
2019-08-21 15:10,1943
2019-08-21 15:15,1961
2019-08-21 15:20,1966
2019-08-21 15:25,1982
2019-08-21 15:30,1987
2019-08-21 15:35,1996
2019-08-21 15:40,2003
2019-08-21 15:45,1997
2019-08-21 15:50,2027
2019-08-21 15:55,2044
2019-08-21 16:00,2047
2019-08-21 16:05,2042
2019-08-21 16:10,2054
2019-08-21 16:15,2043
2019-08-21 16:20,2061
2019-08-21 16:25,2092
2019-08-21 16:30,2110
2019-08-21 16:35,2096
2019-08-21 16:40,2101
2019-08-21 16:45,2105
2019-08-21 16:50,2149
2019-08-21 16:55,2161
2019-08-21 17:00,2175
2019-08-21 17:05,2189
2019-08-21 17:10,2180
2019-08-21 17:15,2204
2019-08-21 17:20,2217
2019-08-21 17:25,2219
2019-08-21 17:30,2217
2019-08-21 17:35,2230
2019-08-21 17:40,2237
2019-08-21 17:45,2254
2019-08-21 17:50,2293
2019-08-21 17:55,2295
2019-08-21 18:00,2283
2019-08-21 18:05,2268
2019-08-21 18:10,2267
2019-08-21 18:15,2265
2019-08-21 18:20,2258
2019-08-21 18:25,2268
2019-08-21 18:30,2272
2019-08-21 18:35,2290
2019-08-21 18:40,2291
2019-08-21 18:45,2303
2019-08-21 18:50,2308
2019-08-21 18:55,2319
2019-08-21 19:00,2312
2019-08-21 19:05,2317
2019-08-21 19:10,2310
2019-08-21 19:15,2324
2019-08-21 19:20,2316
2019-08-21 19:25,2306
2019-08-21 19:30,2328
2019-08-21 19:35,2339
2019-08-21 19:40,2346
2019-08-21 19:45,2328
2019-08-21 19:50,2329
2019-08-21 19:55,2288
2019-08-21 20:00,2250
2019-08-21 20:05,2244
2019-08-21 20:10,2225
2019-08-21 20:15,2227
2019-08-21 20:20,2218
2019-08-21 20:25,2187
2019-08-21 20:30,2175
2019-08-21 20:35,2147
2019-08-21 20:40,2131
2019-08-21 20:45,2125
2019-08-21 20:50,2118
2019-08-21 20:55,2114
2019-08-21 21:00,2102
2019-08-21 21:05,2090
2019-08-21 21:10,2063
2019-08-21 21:15,2033
2019-08-21 21:20,2024
2019-08-21 21:25,2023
2019-08-21 21:30,2000
2019-08-21 21:35,1980
2019-08-21 21:40,1975
2019-08-21 21:45,1952
2019-08-21 21:50,1927
2019-08-21 21:55,1896
2019-08-21 22:00,1883
2019-08-21 22:05,1855
2019-08-21 22:10,1843
2019-08-21 22:15,1844
2019-08-21 22:20,1827
2019-08-21 22:25,1812
2019-08-21 22:30,1809
2019-08-21 22:35,1788
2019-08-21 22:40,1752
2019-08-21 22:45,1728
2019-08-21 22:50,1691
2019-08-21 22:55,1683
2019-08-21 23:00,1674
2019-08-21 23:05,1652
2019-08-21 23:10,1631
2019-08-21 23:15,1618
2019-08-21 23:20,1625
2019-08-21 23:25,1607
2019-08-21 23:30,1600
2019-08-21 23:35,1600
2019-08-21 23:40,1596
2019-08-21 23:45,1593
2019-08-21 23:50,1579
2019-08-21 23:55,1581
2019-08-22 00:00,1566
2019-08-22 00:05,1551
2019-08-22 00:10,1554
2019-08-22 00:15,1545
2019-08-22 00:20,1540
2019-08-22 00:25,1521
2019-08-22 00:30,1525
2019-08-22 00:35,1525
2019-08-22 00:40,1512
2019-08-22 00:45,1518
2019-08-22 00:50,1497
2019-08-22 00:55,1494
2019-08-22 01:00,1485
2019-08-22 01:05,1477
2019-08-22 01:10,1456
2019-08-22 01:15,1447
2019-08-22 01:20,1437
2019-08-22 01:25,1449
2019-08-22 01:30,1431
2019-08-22 01:35,1420
2019-08-22 01:40,1418
2019-08-22 01:45,1415
2019-08-22 01:50,1406
2019-08-22 01:55,1406
2019-08-22 02:00,1408
2019-08-22 02:05,1409
2019-08-22 02:10,1370
2019-08-22 02:15,1363
2019-08-22 02:20,1370
2019-08-22 02:25,1388
2019-08-22 02:30,1390
2019-08-22 02:35,1369
2019-08-22 02:40,1359
2019-08-22 02:45,1342
2019-08-22 02:50,1325
2019-08-22 02:55,1326
2019-08-22 03:00,1316
2019-08-22 03:05,1305
2019-08-22 03:10,1283
2019-08-22 03:15,1278
2019-08-22 03:20,1267
2019-08-22 03:25,1263
2019-08-22 03:30,1239
2019-08-22 03:35,1241
2019-08-22 03:40,1248
2019-08-22 03:45,1228
2019-08-22 03:50,1216
2019-08-22 03:55,1219
2019-08-22 04:00,1207
2019-08-22 04:05,1202
2019-08-22 04:10,1189
2019-08-22 04:15,1182
2019-08-22 04:20,1157
2019-08-22 04:25,1143
2019-08-22 04:30,1133
2019-08-22 04:35,1123
2019-08-22 04:40,1121
2019-08-22 04:45,1090
2019-08-22 04:50,1076
2019-08-22 04:55,1070
2019-08-22 05:00,1048
2019-08-22 05:05,1029
2019-08-22 05:10,1040
2019-08-22 05:15,1036
2019-08-22 05:20,1044
2019-08-22 05:25,1055
2019-08-22 05:30,1045
2019-08-22 05:35,1040
2019-08-22 05:40,1032
2019-08-22 05:45,1033
2019-08-22 05:50,1029
2019-08-22 05:55,1027
2019-08-22 06:00,1022
2019-08-22 06:05,1014
2019-08-22 06:10,1003
2019-08-22 06:15,1005
2019-08-22 06:20,1010
2019-08-22 06:25,1019
2019-08-22 06:30,1029
2019-08-22 06:35,1027
2019-08-22 06:40,1023
2019-08-22 06:45,1032
2019-08-22 06:50,1037
2019-08-22 06:55,1040
2019-08-22 07:00,1062
2019-08-22 07:05,1071
2019-08-22 07:10,1072
2019-08-22 07:15,1081
2019-08-22 07:20,1076
2019-08-22 07:25,1090
2019-08-22 07:30,1071
2019-08-22 07:35,1077
2019-08-22 07:40,1059
2019-08-22 07:45,1079
2019-08-22 07:50,1086
2019-08-22 07:55,1065
2019-08-22 08:00,1066
2019-08-22 08:05,1067
2019-08-22 08:10,1089
2019-08-22 08:15,1094
2019-08-22 08:20,1109
2019-08-22 08:25,1117
2019-08-22 08:30,1131
2019-08-22 08:35,1152
2019-08-22 08:40,1157
2019-08-22 08:45,1173
2019-08-22 08:50,1181
2019-08-22 08:55,1180
2019-08-22 09:00,1187
2019-08-22 09:05,1212
2019-08-22 09:10,1214
2019-08-22 09:15,1221
2019-08-22 09:20,1224
2019-08-22 09:25,1216
2019-08-22 09:30,1236
2019-08-22 09:35,1257
2019-08-22 09:40,1268
2019-08-22 09:45,1290
2019-08-22 09:50,1299
2019-08-22 09:55,1311
2019-08-22 10:00,1306
2019-08-22 10:05,1351
2019-08-22 10:10,1360
2019-08-22 10:15,1390
2019-08-22 10:20,1401
2019-08-22 10:25,1424
2019-08-22 10:30,1436
2019-08-22 10:35,1458
2019-08-22 10:40,1460
2019-08-22 10:45,1475
2019-08-22 10:50,1484
2019-08-22 10:55,1483
2019-08-22 11:00,1484
2019-08-22 11:05,1497
2019-08-22 11:10,1507
2019-08-22 11:15,1485
2019-08-22 11:20,1488
2019-08-22 11:25,1500
2019-08-22 11:30,1501
2019-08-22 11:35,1512
2019-08-22 11:40,1548
2019-08-22 11:45,1535
2019-08-22 11:50,1556
2019-08-22 11:55,1575
2019-08-22 12:00,1569
2019-08-22 12:05,1555
2019-08-22 12:10,1561
2019-08-22 12:15,1580
2019-08-22 12:20,1580
2019-08-22 12:25,1566
2019-08-22 12:30,1583
2019-08-22 12:35,1589
2019-08-22 12:40,1581
2019-08-22 12:45,1595
2019-08-22 12:50,1587
2019-08-22 12:55,1584
2019-08-22 13:00,1562
2019-08-22 13:05,1563
2019-08-22 13:10,1588
2019-08-22 13:15,1599
2019-08-22 13:20,1587
2019-08-22 13:25,1589
2019-08-22 13:30,1578
2019-08-22 13:35,1595
2019-08-22 13:40,1573
2019-08-22 13:45,1568
2019-08-22 13:50,1557
2019-08-22 13:55,1493
2019-08-22 14:00,1406
2019-08-22 14:05,1151
2019-08-22 14:10,835
2019-08-22 14:15,852
2019-08-22 14:20,848
2019-08-22 14:25,860
2019-08-22 14:30,872
2019-08-22 14:35,876
2019-08-22 14:40,895
2019-08-22 14:45,901
2019-08-22 14:50,900
2019-08-22 14:55,910
2019-08-22 15:00,921
2019-08-22 15:05,938
2019-08-22 15:10,944
2019-08-22 15:15,971
2019-08-22 15:20,1024
2019-08-22 15:25,1133
2019-08-22 15:30,1239
2019-08-22 15:35,1326
2019-08-22 15:40,1410
2019-08-22 15:45,1493
2019-08-22 15:50,1542
2019-08-22 15:55,1606
2019-08-22 16:00,1669
2019-08-22 16:05,1727
2019-08-22 16:10,1801
2019-08-22 16:15,1854
2019-08-22 16:20,1914
2019-08-22 16:25,1969
2019-08-22 16:30,2013
2019-08-22 16:35,2046
2019-08-22 16:40,2058
2019-08-22 16:45,2100
2019-08-22 16:50,2144
2019-08-22 16:55,2161
2019-08-22 17:00,2185
2019-08-22 17:05,2202
2019-08-22 17:10,2238
2019-08-22 17:15,2264
2019-08-22 17:20,2260
2019-08-22 17:25,2294
2019-08-22 17:30,2307
2019-08-22 17:35,2331
2019-08-22 17:40,2347
2019-08-22 17:45,2350
2019-08-22 17:50,2361
2019-08-22 17:55,2355
2019-08-22 18:00,2363
2019-08-22 18:05,2381
2019-08-22 18:10,2381
2019-08-22 18:15,2317
2019-08-22 18:20,2216
2019-08-22 18:25,2258
2019-08-22 18:30,2285
2019-08-22 18:35,2297
2019-08-22 18:40,2331
2019-08-22 18:45,2358
2019-08-22 18:50,2380
2019-08-22 18:55,2373
2019-08-22 19:00,2362
2019-08-22 19:05,2352
2019-08-22 19:10,2342
2019-08-22 19:15,2357
2019-08-22 19:20,2337
2019-08-22 19:25,2330
2019-08-22 19:30,2339
2019-08-22 19:35,2316
2019-08-22 19:40,2339
2019-08-22 19:45,2317
2019-08-22 19:50,2311
2019-08-22 19:55,2337
2019-08-22 20:00,2357
2019-08-22 20:05,2345
2019-08-22 20:10,2321
2019-08-22 20:15,2303
2019-08-22 20:20,2281
2019-08-22 20:25,2264
2019-08-22 20:30,2234
2019-08-22 20:35,2218
2019-08-22 20:40,2208
2019-08-22 20:45,2186
2019-08-22 20:50,2157
2019-08-22 20:55,2160
2019-08-22 21:00,2137
2019-08-22 21:05,2108
2019-08-22 21:10,2108
2019-08-22 21:15,2092
2019-08-22 21:20,2083
2019-08-22 21:25,2075
2019-08-22 21:30,2055
2019-08-22 21:35,2031
2019-08-22 21:40,2010
2019-08-22 21:45,2001
2019-08-22 21:50,2009
2019-08-22 21:55,1994
2019-08-22 22:00,1968
2019-08-22 22:05,1945
2019-08-22 22:10,1935
2019-08-22 22:15,1904
2019-08-22 22:20,1863
2019-08-22 22:25,1852
2019-08-22 22:30,1821
2019-08-22 22:35,1809
2019-08-22 22:40,1801
2019-08-22 22:45,1780
2019-08-22 22:50,1782
2019-08-22 22:55,1765
2019-08-22 23:00,1759
2019-08-22 23:05,1749
2019-08-22 23:10,1739
2019-08-22 23:15,1743
2019-08-22 23:20,1712
2019-08-22 23:25,1726
2019-08-22 23:30,1719
2019-08-22 23:35,1703
2019-08-22 23:40,1674
2019-08-22 23:45,1676
2019-08-22 23:50,1657
2019-08-22 23:55,1654
2019-08-23 00:00,1638
2019-08-23 00:05,1634
2019-08-23 00:10,1622
2019-08-23 00:15,1599
2019-08-23 00:20,1608
2019-08-23 00:25,1606
2019-08-23 00:30,1593
2019-08-23 00:35,1580
2019-08-23 00:40,1583
2019-08-23 00:45,1570
2019-08-23 00:50,1562
2019-08-23 00:55,1572
2019-08-23 01:00,1557
2019-08-23 01:05,1556
2019-08-23 01:10,1551
2019-08-23 01:15,1535
2019-08-23 01:20,1542
2019-08-23 01:25,1529
2019-08-23 01:30,1523
2019-08-23 01:35,1509
2019-08-23 01:40,1477
2019-08-23 01:45,1475
2019-08-23 01:50,1447
2019-08-23 01:55,1418
2019-08-23 02:00,1419
2019-08-23 02:05,1390
2019-08-23 02:10,1399
2019-08-23 02:15,1408
2019-08-23 02:20,1374
2019-08-23 02:25,1372
2019-08-23 02:30,1358
2019-08-23 02:35,1344
2019-08-23 02:40,1336
2019-08-23 02:45,1344
2019-08-23 02:50,1330
2019-08-23 02:55,1322
2019-08-23 03:00,1330
2019-08-23 03:05,1310
2019-08-23 03:10,1298
2019-08-23 03:15,1268
2019-08-23 03:20,1266
2019-08-23 03:25,1256
2019-08-23 03:30,1245
2019-08-23 03:35,1227
2019-08-23 03:40,1221
2019-08-23 03:45,1224
2019-08-23 03:50,1193
2019-08-23 03:55,1187
2019-08-23 04:00,1176
2019-08-23 04:05,1157
2019-08-23 04:10,1160
2019-08-23 04:15,1175
2019-08-23 04:20,1160
2019-08-23 04:25,1159
2019-08-23 04:30,1142
2019-08-23 04:35,1137
2019-08-23 04:40,1118
2019-08-23 04:45,1116
2019-08-23 04:50,1117
2019-08-23 04:55,1120
2019-08-23 05:00,1099
2019-08-23 05:05,1110
2019-08-23 05:10,1093
2019-08-23 05:15,1080
2019-08-23 05:20,1083
2019-08-23 05:25,1055
2019-08-23 05:30,1055
2019-08-23 05:35,1070
2019-08-23 05:40,1069
2019-08-23 05:45,1068
2019-08-23 05:50,1072
2019-08-23 05:55,1083
2019-08-23 06:00,1079
2019-08-23 06:05,1073
2019-08-23 06:10,1072
2019-08-23 06:15,1075
2019-08-23 06:20,1073
2019-08-23 06:25,1064
2019-08-23 06:30,1075
2019-08-23 06:35,1084
2019-08-23 06:40,1091
2019-08-23 06:45,1107
2019-08-23 06:50,1116
2019-08-23 06:55,1114
2019-08-23 07:00,1101
2019-08-23 07:05,1104
2019-08-23 07:10,1132
2019-08-23 07:15,1130
2019-08-23 07:20,1136
2019-08-23 07:25,1150
2019-08-23 07:30,1149
2019-08-23 07:35,1145
2019-08-23 07:40,1149
2019-08-23 07:45,1143
2019-08-23 07:50,1159
2019-08-23 07:55,1140
2019-08-23 08:00,1139
2019-08-23 08:05,1129
2019-08-23 08:10,1131
2019-08-23 08:15,1164
2019-08-23 08:20,1174
2019-08-23 08:25,1181
2019-08-23 08:30,1193
2019-08-23 08:35,1202
2019-08-23 08:40,1207
2019-08-23 08:45,1225
2019-08-23 08:50,1231
2019-08-23 08:55,1227
2019-08-23 09:00,1237
2019-08-23 09:05,1259
2019-08-23 09:10,1275
2019-08-23 09:15,1302
2019-08-23 09:20,1309
2019-08-23 09:25,1316
2019-08-23 09:30,1325
2019-08-23 09:35,1330
2019-08-23 09:40,1334
2019-08-23 09:45,1346
2019-08-23 09:50,1353
2019-08-23 09:55,1351
2019-08-23 10:00,1358
2019-08-23 10:05,1378
2019-08-23 10:10,1406
2019-08-23 10:15,1427
2019-08-23 10:20,1443
2019-08-23 10:25,1430
2019-08-23 10:30,1456
2019-08-23 10:35,1466
2019-08-23 10:40,1477
2019-08-23 10:45,1484
2019-08-23 10:50,1484
2019-08-23 10:55,1502
2019-08-23 11:00,1527
2019-08-23 11:05,1542
2019-08-23 11:10,1544
2019-08-23 11:15,1572
2019-08-23 11:20,1599
2019-08-23 11:25,1595
2019-08-23 11:30,1591
2019-08-23 11:35,1615
2019-08-23 11:40,1625
2019-08-23 11:45,1647
2019-08-23 11:50,1656
2019-08-23 11:55,1653
2019-08-23 12:00,1664
2019-08-23 12:05,1673
2019-08-23 12:10,1684
2019-08-23 12:15,1697
2019-08-23 12:20,1701
2019-08-23 12:25,1694
2019-08-23 12:30,1707
2019-08-23 12:35,1709
2019-08-23 12:40,1688
2019-08-23 12:45,1695
2019-08-23 12:50,1696
2019-08-23 12:55,1732
2019-08-23 13:00,1746
2019-08-23 13:05,1743
2019-08-23 13:10,1758
2019-08-23 13:15,1748
2019-08-23 13:20,1757
2019-08-23 13:25,1754
2019-08-23 13:30,1765
2019-08-23 13:35,1770
2019-08-23 13:40,1789
2019-08-23 13:45,1805
2019-08-23 13:50,1827
2019-08-23 13:55,1854
2019-08-23 14:00,1855
2019-08-23 14:05,1862
2019-08-23 14:10,1862
2019-08-23 14:15,1860
2019-08-23 14:20,1879
2019-08-23 14:25,1897
2019-08-23 14:30,1903
2019-08-23 14:35,1896
2019-08-23 14:40,1910
2019-08-23 14:45,1929
2019-08-23 14:50,1934
2019-08-23 14:55,1948
2019-08-23 15:00,1949
2019-08-23 15:05,1965
2019-08-23 15:10,1978
2019-08-23 15:15,1992
2019-08-23 15:20,1991
2019-08-23 15:25,2002
2019-08-23 15:30,1996
2019-08-23 15:35,2007
2019-08-23 15:40,2000
2019-08-23 15:45,2008
2019-08-23 15:50,2018
2019-08-23 15:55,2036
2019-08-23 16:00,2053
2019-08-23 16:05,2059
2019-08-23 16:10,2075
2019-08-23 16:15,2056
2019-08-23 16:20,2081
2019-08-23 16:25,2087
2019-08-23 16:30,2081
2019-08-23 16:35,2081
2019-08-23 16:40,2085
2019-08-23 16:45,2103
2019-08-23 16:50,2142
2019-08-23 16:55,2143
2019-08-23 17:00,2140
2019-08-23 17:05,2161
2019-08-23 17:10,2177
2019-08-23 17:15,2190
2019-08-23 17:20,2194
2019-08-23 17:25,2241
2019-08-23 17:30,2240
2019-08-23 17:35,2251
2019-08-23 17:40,2273
2019-08-23 17:45,2277
2019-08-23 17:50,2284
2019-08-23 17:55,2301
2019-08-23 18:00,2269
2019-08-23 18:05,2256
2019-08-23 18:10,2258
2019-08-23 18:15,2231
2019-08-23 18:20,2231
2019-08-23 18:25,2213
2019-08-23 18:30,2207
2019-08-23 18:35,2233
2019-08-23 18:40,2221
2019-08-23 18:45,2240
2019-08-23 18:50,2241
2019-08-23 18:55,2243
2019-08-23 19:00,2243
2019-08-23 19:05,2261
2019-08-23 19:10,2248
2019-08-23 19:15,2270
2019-08-23 19:20,2284
2019-08-23 19:25,2259
2019-08-23 19:30,2258
2019-08-23 19:35,2242
2019-08-23 19:40,2265
2019-08-23 19:45,2269
2019-08-23 19:50,2270
2019-08-23 19:55,2265
2019-08-23 20:00,2248
2019-08-23 20:05,2220
2019-08-23 20:10,2214
2019-08-23 20:15,2233
2019-08-23 20:20,2231
2019-08-23 20:25,2193
2019-08-23 20:30,2190
2019-08-23 20:35,2204
2019-08-23 20:40,2211
2019-08-23 20:45,2220
2019-08-23 20:50,2211
2019-08-23 20:55,2189
2019-08-23 21:00,2170
2019-08-23 21:05,2153
2019-08-23 21:10,2141
2019-08-23 21:15,2109
2019-08-23 21:20,2115
2019-08-23 21:25,2095
2019-08-23 21:30,2106
2019-08-23 21:35,2102
2019-08-23 21:40,2094
2019-08-23 21:45,2069
2019-08-23 21:50,2043
2019-08-23 21:55,2015
2019-08-23 22:00,1984
2019-08-23 22:05,1958
2019-08-23 22:10,1945
2019-08-23 22:15,1926
2019-08-23 22:20,1917
2019-08-23 22:25,1884
2019-08-23 22:30,1846
2019-08-23 22:35,1840
2019-08-23 22:40,1813
2019-08-23 22:45,1804
2019-08-23 22:50,1791
2019-08-23 22:55,1764
2019-08-23 23:00,1747
2019-08-23 23:05,1730
2019-08-23 23:10,1711
2019-08-23 23:15,1698
2019-08-23 23:20,1703
2019-08-23 23:25,1680
2019-08-23 23:30,1662
2019-08-23 23:35,1675
2019-08-23 23:40,1673
2019-08-23 23:45,1649
2019-08-23 23:50,1650
2019-08-23 23:55,1659
2019-08-24 00:00,1648
2019-08-24 00:05,1640
2019-08-24 00:10,1638
2019-08-24 00:15,1647
2019-08-24 00:20,1626
2019-08-24 00:25,1613
2019-08-24 00:30,1599
2019-08-24 00:35,1586
2019-08-24 00:40,1578
2019-08-24 00:45,1573
2019-08-24 00:50,1553
2019-08-24 00:55,1564
2019-08-24 01:00,1535
2019-08-24 01:05,1507
2019-08-24 01:10,1487
2019-08-24 01:15,1478
2019-08-24 01:20,1489
2019-08-24 01:25,1478
2019-08-24 01:30,1487
2019-08-24 01:35,1476
2019-08-24 01:40,1490
2019-08-24 01:45,1495
2019-08-24 01:50,1502
2019-08-24 01:55,1499
2019-08-24 02:00,1495
2019-08-24 02:05,1494
2019-08-24 02:10,1487
2019-08-24 02:15,1472
2019-08-24 02:20,1465
2019-08-24 02:25,1462
2019-08-24 02:30,1478
2019-08-24 02:35,1483
2019-08-24 02:40,1459
2019-08-24 02:45,1463
2019-08-24 02:50,1452
2019-08-24 02:55,1449
2019-08-24 03:00,1461
2019-08-24 03:05,1444
2019-08-24 03:10,1429
2019-08-24 03:15,1400
2019-08-24 03:20,1386
2019-08-24 03:25,1390
2019-08-24 03:30,1385
2019-08-24 03:35,1376
2019-08-24 03:40,1369
2019-08-24 03:45,1357
2019-08-24 03:50,1356
2019-08-24 03:55,1355
2019-08-24 04:00,1345
2019-08-24 04:05,1321
2019-08-24 04:10,1309
2019-08-24 04:15,1319
2019-08-24 04:20,1311
2019-08-24 04:25,1296
2019-08-24 04:30,1286
2019-08-24 04:35,1290
2019-08-24 04:40,1278
2019-08-24 04:45,1274
2019-08-24 04:50,1284
2019-08-24 04:55,1266
2019-08-24 05:00,1244
2019-08-24 05:05,1236
2019-08-24 05:10,1236
2019-08-24 05:15,1223
2019-08-24 05:20,1212
2019-08-24 05:25,1223
2019-08-24 05:30,1219
2019-08-24 05:35,1224
2019-08-24 05:40,1225
2019-08-24 05:45,1226
2019-08-24 05:50,1233
2019-08-24 05:55,1238
2019-08-24 06:00,1230
2019-08-24 06:05,1223
2019-08-24 06:10,1239
2019-08-24 06:15,1216
2019-08-24 06:20,1235
2019-08-24 06:25,1230
2019-08-24 06:30,1221
2019-08-24 06:35,1228
2019-08-24 06:40,1239
2019-08-24 06:45,1243
2019-08-24 06:50,1256
2019-08-24 06:55,1260
2019-08-24 07:00,1268
2019-08-24 07:05,1278
2019-08-24 07:10,1275
2019-08-24 07:15,1292
2019-08-24 07:20,1302
2019-08-24 07:25,1292
2019-08-24 07:30,1303
2019-08-24 07:35,1298
2019-08-24 07:40,1299
2019-08-24 07:45,1315
2019-08-24 07:50,1322
2019-08-24 07:55,1350
2019-08-24 08:00,1358
2019-08-24 08:05,1355
2019-08-24 08:10,1370
2019-08-24 08:15,1373
2019-08-24 08:20,1384
2019-08-24 08:25,1377
2019-08-24 08:30,1383
2019-08-24 08:35,1374
2019-08-24 08:40,1393
2019-08-24 08:45,1408
2019-08-24 08:50,1410
2019-08-24 08:55,1415
2019-08-24 09:00,1433
2019-08-24 09:05,1444
2019-08-24 09:10,1445
2019-08-24 09:15,1455
2019-08-24 09:20,1468
2019-08-24 09:25,1497
2019-08-24 09:30,1503
2019-08-24 09:35,1512
2019-08-24 09:40,1521
2019-08-24 09:45,1522
2019-08-24 09:50,1537
2019-08-24 09:55,1559
2019-08-24 10:00,1582
2019-08-24 10:05,1604
2019-08-24 10:10,1623
2019-08-24 10:15,1655
2019-08-24 10:20,1665
2019-08-24 10:25,1670
2019-08-24 10:30,1687
2019-08-24 10:35,1695
2019-08-24 10:40,1717
2019-08-24 10:45,1729
2019-08-24 10:50,1744
2019-08-24 10:55,1743
2019-08-24 11:00,1751
2019-08-24 11:05,1753
2019-08-24 11:10,1759
2019-08-24 11:15,1771
2019-08-24 11:20,1790
2019-08-24 11:25,1816
2019-08-24 11:30,1803
2019-08-24 11:35,1825
2019-08-24 11:40,1847
2019-08-24 11:45,1874
2019-08-24 11:50,1881
2019-08-24 11:55,1882
2019-08-24 12:00,1895
2019-08-24 12:05,1900
2019-08-24 12:10,1928
2019-08-24 12:15,1936
2019-08-24 12:20,1936
2019-08-24 12:25,1956
2019-08-24 12:30,1968
2019-08-24 12:35,1980
2019-08-24 12:40,2004
2019-08-24 12:45,2017
2019-08-24 12:50,2045
2019-08-24 12:55,2051
2019-08-24 13:00,2057
2019-08-24 13:05,2058
2019-08-24 13:10,2075
2019-08-24 13:15,2077
2019-08-24 13:20,2093
2019-08-24 13:25,2126
2019-08-24 13:30,2146
2019-08-24 13:35,2144
2019-08-24 13:40,2125
2019-08-24 13:45,2136
2019-08-24 13:50,2165
2019-08-24 13:55,2166
2019-08-24 14:00,2181
2019-08-24 14:05,2193
2019-08-24 14:10,2213
2019-08-24 14:15,2205
2019-08-24 14:20,2192
2019-08-24 14:25,2201
2019-08-24 14:30,2216
2019-08-24 14:35,2232
2019-08-24 14:40,2243
2019-08-24 14:45,2272
2019-08-24 14:50,2270
2019-08-24 14:55,2273
2019-08-24 15:00,2291
2019-08-24 15:05,2313
2019-08-24 15:10,2304
2019-08-24 15:15,2306
2019-08-24 15:20,2293
2019-08-24 15:25,2270
2019-08-24 15:30,2287
2019-08-24 15:35,2276
2019-08-24 15:40,2283
2019-08-24 15:45,2283
2019-08-24 15:50,2280
2019-08-24 15:55,2275
2019-08-24 16:00,2310
2019-08-24 16:05,2329
2019-08-24 16:10,2314
2019-08-24 16:15,2312
2019-08-24 16:20,2315
2019-08-24 16:25,2334
2019-08-24 16:30,2340
2019-08-24 16:35,2356
2019-08-24 16:40,2368
2019-08-24 16:45,2361
2019-08-24 16:50,2349
2019-08-24 16:55,2345
2019-08-24 17:00,2370
2019-08-24 17:05,2358
2019-08-24 17:10,2360
2019-08-24 17:15,2364
2019-08-24 17:20,2365
2019-08-24 17:25,2368
2019-08-24 17:30,2366
2019-08-24 17:35,2367
2019-08-24 17:40,2378
2019-08-24 17:45,2358
2019-08-24 17:50,2379
2019-08-24 17:55,2380
2019-08-24 18:00,2354
2019-08-24 18:05,2343
2019-08-24 18:10,2342
2019-08-24 18:15,2362
2019-08-24 18:20,2384
2019-08-24 18:25,2362
2019-08-24 18:30,2358
2019-08-24 18:35,2363
2019-08-24 18:40,2346
2019-08-24 18:45,2343
2019-08-24 18:50,2387
2019-08-24 18:55,2389
2019-08-24 19:00,2389
2019-08-24 19:05,2387
2019-08-24 19:10,2408
2019-08-24 19:15,2411
2019-08-24 19:20,2421
2019-08-24 19:25,2410
2019-08-24 19:30,2407
2019-08-24 19:35,2415
2019-08-24 19:40,2424
2019-08-24 19:45,2440
2019-08-24 19:50,2438
2019-08-24 19:55,2452
2019-08-24 20:00,2466
2019-08-24 20:05,2473
2019-08-24 20:10,2462
2019-08-24 20:15,2472
2019-08-24 20:20,2444
2019-08-24 20:25,1247
2019-08-24 20:30,242
2019-08-24 20:35,2388
2019-08-24 20:40,2388
2019-08-24 20:45,2366
2019-08-24 20:50,2367
2019-08-24 20:55,2369
2019-08-24 21:00,2330
2019-08-24 21:05,2352
2019-08-24 21:10,2337
2019-08-24 21:15,2302
2019-08-24 21:20,2293
2019-08-24 21:25,2288
2019-08-24 21:30,2295
2019-08-24 21:35,2263
2019-08-24 21:40,2243
2019-08-24 21:45,2201
2019-08-24 21:50,2212
2019-08-24 21:55,2197
2019-08-24 22:00,2176
2019-08-24 22:05,2144
2019-08-24 22:10,2129
2019-08-24 22:15,2095
2019-08-24 22:20,2092
2019-08-24 22:25,2083
2019-08-24 22:30,2074
2019-08-24 22:35,2046
2019-08-24 22:40,2029
2019-08-24 22:45,2022
2019-08-24 22:50,1994
2019-08-24 22:55,1958
2019-08-24 23:00,1938
2019-08-24 23:05,1903
2019-08-24 23:10,1881
2019-08-24 23:15,1854
2019-08-24 23:20,1855
2019-08-24 23:25,1823
2019-08-24 23:30,1806
2019-08-24 23:35,1805
2019-08-24 23:40,1807
2019-08-24 23:45,1815
2019-08-24 23:50,1800
2019-08-24 23:55,1792
2019-08-25 00:00,1787
2019-08-25 00:05,1767
2019-08-25 00:10,1738
2019-08-25 00:15,1733
2019-08-25 00:20,1710
2019-08-25 00:25,1697
2019-08-25 00:30,1699
2019-08-25 00:35,1678
2019-08-25 00:40,852
2019-08-25 00:45,1646
2019-08-25 00:50,1647
2019-08-25 00:55,1631
2019-08-25 01:00,1588
2019-08-25 01:05,1576
2019-08-25 01:10,1576
2019-08-25 01:15,1573
2019-08-25 01:20,1566
2019-08-25 01:25,1582
2019-08-25 01:30,1558
2019-08-25 01:35,1547
2019-08-25 01:40,1556
2019-08-25 01:45,1578
2019-08-25 01:50,1569
2019-08-25 01:55,1555
2019-08-25 02:00,1561
2019-08-25 02:05,1546
2019-08-25 02:10,1564
2019-08-25 02:15,1557
2019-08-25 02:20,1539
2019-08-25 02:25,1535
2019-08-25 02:30,1550
2019-08-25 02:35,1555
2019-08-25 02:40,1548
2019-08-25 02:45,1556
2019-08-25 02:50,1546
2019-08-25 02:55,1543
2019-08-25 03:00,1523
2019-08-25 03:05,1501
2019-08-25 03:10,1476
2019-08-25 03:15,1459
2019-08-25 03:20,1449
2019-08-25 03:25,1447
2019-08-25 03:30,1447
2019-08-25 03:35,1454
2019-08-25 03:40,1437
2019-08-25 03:45,1428
2019-08-25 03:50,1403
2019-08-25 03:55,1405
2019-08-25 04:00,1411
2019-08-25 04:05,1414
2019-08-25 04:10,1391
2019-08-25 04:15,1374
2019-08-25 04:20,1337
2019-08-25 04:25,1339
2019-08-25 04:30,1336
2019-08-25 04:35,1336
2019-08-25 04:40,1370
2019-08-25 04:45,1349
2019-08-25 04:50,1328
2019-08-25 04:55,1331
2019-08-25 05:00,1325
2019-08-25 05:05,1325
2019-08-25 05:10,1324
2019-08-25 05:15,1319
2019-08-25 05:20,1322
2019-08-25 05:25,1290
2019-08-25 05:30,1293
2019-08-25 05:35,1297
2019-08-25 05:40,1289
2019-08-25 05:45,1296
2019-08-25 05:50,1287
2019-08-25 05:55,1282
2019-08-25 06:00,1298
2019-08-25 06:05,1281
2019-08-25 06:10,1286
2019-08-25 06:15,1285
2019-08-25 06:20,1276
2019-08-25 06:25,1275
2019-08-25 06:30,1274
2019-08-25 06:35,1279
2019-08-25 06:40,1286
2019-08-25 06:45,1278
2019-08-25 06:50,1292
2019-08-25 06:55,1311
2019-08-25 07:00,1331
2019-08-25 07:05,1327
2019-08-25 07:10,1329
2019-08-25 07:15,1347
2019-08-25 07:20,1346
2019-08-25 07:25,1365
2019-08-25 07:30,1375
2019-08-25 07:35,1395
2019-08-25 07:40,1386
2019-08-25 07:45,1384
2019-08-25 07:50,1403
2019-08-25 07:55,1407
2019-08-25 08:00,1425
2019-08-25 08:05,1448
2019-08-25 08:10,1454
2019-08-25 08:15,1470
2019-08-25 08:20,1478
2019-08-25 08:25,1474
2019-08-25 08:30,1487
2019-08-25 08:35,1503
2019-08-25 08:40,1510
2019-08-25 08:45,1526
2019-08-25 08:50,1536
2019-08-25 08:55,1563
2019-08-25 09:00,1579
2019-08-25 09:05,1581
2019-08-25 09:10,1602
2019-08-25 09:15,1608
2019-08-25 09:20,1616
2019-08-25 09:25,1613
2019-08-25 09:30,1621
2019-08-25 09:35,1634
2019-08-25 09:40,1635
2019-08-25 09:45,1652
2019-08-25 09:50,1650
2019-08-25 09:55,1647
2019-08-25 10:00,1664
2019-08-25 10:05,1684
2019-08-25 10:10,1732
2019-08-25 10:15,1735
2019-08-25 10:20,1742
2019-08-25 10:25,1740
2019-08-25 10:30,1769
2019-08-25 10:35,1805
2019-08-25 10:40,1817
2019-08-25 10:45,1812
2019-08-25 10:50,1814
2019-08-25 10:55,1863
2019-08-25 11:00,1863
2019-08-25 11:05,1860
2019-08-25 11:10,1867
2019-08-25 11:15,1861
2019-08-25 11:20,1883
2019-08-25 11:25,1885
2019-08-25 11:30,1881
2019-08-25 11:35,1881
2019-08-25 11:40,1876
2019-08-25 11:45,1879
2019-08-25 11:50,1897
2019-08-25 11:55,1915
2019-08-25 12:00,1928
2019-08-25 12:05,1931
2019-08-25 12:10,1935
2019-08-25 12:15,1945
2019-08-25 12:20,1953
2019-08-25 12:25,1948
2019-08-25 12:30,1981
2019-08-25 12:35,2007
2019-08-25 12:40,2027
2019-08-25 12:45,2044
2019-08-25 12:50,2063
2019-08-25 12:55,2073
2019-08-25 13:00,2081
2019-08-25 13:05,2078
2019-08-25 13:10,2071
2019-08-25 13:15,2111
2019-08-25 13:20,2127
2019-08-25 13:25,2147
2019-08-25 13:30,2157
2019-08-25 13:35,2159
2019-08-25 13:40,2175
2019-08-25 13:45,2205
2019-08-25 13:50,2211
2019-08-25 13:55,2232
2019-08-25 14:00,2257
2019-08-25 14:05,2280
2019-08-25 14:10,2278
2019-08-25 14:15,2272
2019-08-25 14:20,2281
2019-08-25 14:25,2288
2019-08-25 14:30,2312
2019-08-25 14:35,2322
2019-08-25 14:40,2347
2019-08-25 14:45,2348
2019-08-25 14:50,2363
2019-08-25 14:55,2348
2019-08-25 15:00,2356
2019-08-25 15:05,2346
2019-08-25 15:10,2366
2019-08-25 15:15,2334
2019-08-25 15:20,2338
2019-08-25 15:25,2169
2019-08-25 15:30,2379
2019-08-25 15:35,2188
2019-08-25 15:40,2206
2019-08-25 15:45,2180
2019-08-25 15:50,2201
2019-08-25 15:55,2416
2019-08-25 16:00,2435
2019-08-25 16:05,2441
2019-08-25 16:10,2459
2019-08-25 16:15,2255
2019-08-25 16:20,2453
2019-08-25 16:25,2259
2019-08-25 16:30,2259
2019-08-25 16:35,2462
2019-08-25 16:40,2237
2019-08-25 16:45,2457
2019-08-25 16:50,2470
2019-08-25 16:55,2475
2019-08-25 17:00,2476
2019-08-25 17:05,2481
2019-08-25 17:10,2493
2019-08-25 17:15,2303
2019-08-25 17:20,2299
2019-08-25 17:25,2306
2019-08-25 17:30,2499
2019-08-25 17:35,2282
2019-08-25 17:40,2302
2019-08-25 17:45,2305
2019-08-25 17:50,2311
2019-08-25 17:55,2313
2019-08-25 18:00,2573
2019-08-25 18:05,2356
2019-08-25 18:10,2613
2019-08-25 18:15,2646
2019-08-25 18:20,2410
2019-08-25 18:25,2405
2019-08-25 18:30,2655
2019-08-25 18:35,2424
2019-08-25 18:40,2639
2019-08-25 18:45,2655
2019-08-25 18:50,2429
2019-08-25 18:55,2435
2019-08-25 19:00,2660
2019-08-25 19:05,2416
2019-08-25 19:10,2669
2019-08-25 19:15,2661
2019-08-25 19:20,2659
2019-08-25 19:25,2665
2019-08-25 19:30,2413
2019-08-25 19:35,2384
2019-08-25 19:40,2613
2019-08-25 19:45,2391
2019-08-25 19:50,2637
2019-08-25 19:55,2375
2019-08-25 20:00,2605
2019-08-25 20:05,2354
2019-08-25 20:10,2292
2019-08-25 20:15,2498
2019-08-25 20:20,2270
2019-08-25 20:25,2285
2019-08-25 20:30,2470
2019-08-25 20:35,2457
2019-08-25 20:40,2432
2019-08-25 20:45,2217
2019-08-25 20:50,2199
2019-08-25 20:55,2178
2019-08-25 21:00,2339
2019-08-25 21:05,2133
2019-08-25 21:10,2135
2019-08-25 21:15,2305
2019-08-25 21:20,2297
2019-08-25 21:25,2288
2019-08-25 21:30,2102
2019-08-25 21:35,2233
2019-08-25 21:40,2205
2019-08-25 21:45,2184
2019-08-25 21:50,2150
2019-08-25 21:55,2122
2019-08-25 22:00,2097
2019-08-25 22:05,2090
2019-08-25 22:10,2094
2019-08-25 22:15,2078
2019-08-25 22:20,1883
2019-08-25 22:25,1867
2019-08-25 22:30,1997
2019-08-25 22:35,1974
2019-08-25 22:40,1797
2019-08-25 22:45,1802
2019-08-25 22:50,1932
2019-08-25 22:55,1896
2019-08-25 23:00,1886
2019-08-25 23:05,1884
2019-08-25 23:10,1886
2019-08-25 23:15,1878
2019-08-25 23:20,1859
2019-08-25 23:25,1707
2019-08-25 23:30,1679
2019-08-25 23:35,1814
2019-08-25 23:40,1798
2019-08-25 23:45,1775
2019-08-25 23:50,1790
2019-08-25 23:55,1783
2019-08-26 00:00,1637
2019-08-26 00:05,1766
2019-08-26 00:10,1748
2019-08-26 00:15,1739
2019-08-26 00:20,1728
2019-08-26 00:25,1727
2019-08-26 00:30,1738
2019-08-26 00:35,1736
2019-08-26 00:40,1731
2019-08-26 00:45,1702
2019-08-26 00:50,1709
2019-08-26 00:55,1682
2019-08-26 01:00,1671
2019-08-26 01:05,1664
2019-08-26 01:10,1663
2019-08-26 01:15,1649
2019-08-26 01:20,1612
2019-08-26 01:25,1607
2019-08-26 01:30,1594
2019-08-26 01:35,1579
2019-08-26 01:40,1557
2019-08-26 01:45,1554
2019-08-26 01:50,1553
2019-08-26 01:55,1531
2019-08-26 02:00,1532
2019-08-26 02:05,1519
2019-08-26 02:10,1474
2019-08-26 02:15,1349
2019-08-26 02:20,1454
2019-08-26 02:25,1435
2019-08-26 02:30,1315
2019-08-26 02:35,1437
2019-08-26 02:40,1433
2019-08-26 02:45,1317
2019-08-26 02:50,1403
2019-08-26 02:55,1376
2019-08-26 03:00,1254
2019-08-26 03:05,1344
2019-08-26 03:10,1318
2019-08-26 03:15,1219
2019-08-26 03:20,1226
2019-08-26 03:25,1313
2019-08-26 03:30,1314
2019-08-26 03:35,1286
2019-08-26 03:40,1264
2019-08-26 03:45,1233
2019-08-26 03:50,1114
2019-08-26 03:55,1122
2019-08-26 04:00,1114
2019-08-26 04:05,1199
2019-08-26 04:10,1190
2019-08-26 04:15,1079
2019-08-26 04:20,1073
2019-08-26 04:25,1155
2019-08-26 04:30,1151
2019-08-26 04:35,1111
2019-08-26 04:40,1109
2019-08-26 04:45,1118
2019-08-26 04:50,1025
2019-08-26 04:55,1011
2019-08-26 05:00,1003
2019-08-26 05:05,1000
2019-08-26 05:10,981
2019-08-26 05:15,1050
2019-08-26 05:20,1036
2019-08-26 05:25,1033
2019-08-26 05:30,1020
2019-08-26 05:35,1013
2019-08-26 05:40,924
2019-08-26 05:45,1017
2019-08-26 05:50,1014
2019-08-26 05:55,948
2019-08-26 06:00,948
2019-08-26 06:05,937
2019-08-26 06:10,924
2019-08-26 06:15,1010
2019-08-26 06:20,1024
2019-08-26 06:25,1011
2019-08-26 06:30,1034
2019-08-26 06:35,1031
2019-08-26 06:40,1020
2019-08-26 06:45,1033
2019-08-26 06:50,1034
2019-08-26 06:55,1031
2019-08-26 07:00,1031
2019-08-26 07:05,1053
2019-08-26 07:10,968
2019-08-26 07:15,1071
2019-08-26 07:20,1082
2019-08-26 07:25,1089
2019-08-26 07:30,1086
2019-08-26 07:35,1080
2019-08-26 07:40,1090
2019-08-26 07:45,1108
2019-08-26 07:50,1115
2019-08-26 07:55,1119
2019-08-26 08:00,1126
2019-08-26 08:05,1139
2019-08-26 08:10,1158
2019-08-26 08:15,1154
2019-08-26 08:20,1171
2019-08-26 08:25,1189
2019-08-26 08:30,1196
2019-08-26 08:35,1204
2019-08-26 08:40,1201
2019-08-26 08:45,1214
2019-08-26 08:50,1225
2019-08-26 08:55,1224
2019-08-26 09:00,1227
2019-08-26 09:05,1240
2019-08-26 09:10,1242
2019-08-26 09:15,1250
2019-08-26 09:20,1268
2019-08-26 09:25,1267
2019-08-26 09:30,1276
2019-08-26 09:35,1291
2019-08-26 09:40,1295
2019-08-26 09:45,1306
2019-08-26 09:50,1333
2019-08-26 09:55,1341
2019-08-26 10:00,1371
2019-08-26 10:05,1385
2019-08-26 10:10,1423
2019-08-26 10:15,1424
2019-08-26 10:20,1444
2019-08-26 10:25,1467
2019-08-26 10:30,1485
2019-08-26 10:35,1493
2019-08-26 10:40,1485
2019-08-26 10:45,1492
2019-08-26 10:50,1486
2019-08-26 10:55,1501
2019-08-26 11:00,1505
2019-08-26 11:05,1512
2019-08-26 11:10,1522
2019-08-26 11:15,1528
2019-08-26 11:20,1543
2019-08-26 11:25,1551
2019-08-26 11:30,1559
2019-08-26 11:35,1560
2019-08-26 11:40,1569
2019-08-26 11:45,1568
2019-08-26 11:50,1588
2019-08-26 11:55,1596
2019-08-26 12:00,1592
2019-08-26 12:05,1601
2019-08-26 12:10,1617
2019-08-26 12:15,1614
2019-08-26 12:20,1495
2019-08-26 12:25,1509
2019-08-26 12:30,1625
2019-08-26 12:35,1500
2019-08-26 12:40,1507
2019-08-26 12:45,1650
2019-08-26 12:50,1522
2019-08-26 12:55,1530
2019-08-26 13:00,1694
2019-08-26 13:05,1697
2019-08-26 13:10,1705
2019-08-26 13:15,1708
2019-08-26 13:20,1694
2019-08-26 13:25,1704
2019-08-26 13:30,1702
2019-08-26 13:35,1726
2019-08-26 13:40,1749
2019-08-26 13:45,1721
2019-08-26 13:50,1713
2019-08-26 13:55,1710
2019-08-26 14:00,1734
2019-08-26 14:05,1745
2019-08-26 14:10,1758
2019-08-26 14:15,1775
2019-08-26 14:20,1784
2019-08-26 14:25,1794
2019-08-26 14:30,1801
2019-08-26 14:35,1816
2019-08-26 14:40,1853
2019-08-26 14:45,1855
2019-08-26 14:50,1864
2019-08-26 14:55,1870
2019-08-26 15:00,1871
2019-08-26 15:05,1894
2019-08-26 15:10,1916
2019-08-26 15:15,1924
2019-08-26 15:20,1910
2019-08-26 15:25,1926
2019-08-26 15:30,1976
2019-08-26 15:35,1967
2019-08-26 15:40,1968
2019-08-26 15:45,2001
2019-08-26 15:50,2008
2019-08-26 15:55,1995
2019-08-26 16:00,2004
2019-08-26 16:05,2027
2019-08-26 16:10,2052
2019-08-26 16:15,2073
2019-08-26 16:20,2046
2019-08-26 16:25,2079
2019-08-26 16:30,2104
2019-08-26 16:35,2131
2019-08-26 16:40,2164
2019-08-26 16:45,2155
2019-08-26 16:50,2182
2019-08-26 16:55,2191
2019-08-26 17:00,2203
2019-08-26 17:05,2201
2019-08-26 17:10,2194
2019-08-26 17:15,2195
2019-08-26 17:20,2194
2019-08-26 17:25,2225
2019-08-26 17:30,2140
2019-08-26 17:35,2240
2019-08-26 17:40,2248
2019-08-26 17:45,2262
2019-08-26 17:50,2270
2019-08-26 17:55,2273
2019-08-26 18:00,2266
2019-08-26 18:05,2286
2019-08-26 18:10,2287
2019-08-26 18:15,2290
2019-08-26 18:20,2318
2019-08-26 18:25,2295
2019-08-26 18:30,2287
2019-08-26 18:35,2079
2019-08-26 18:40,2267
2019-08-26 18:45,2077
2019-08-26 18:50,2289
2019-08-26 18:55,2269
2019-08-26 19:00,2251
2019-08-26 19:05,2240
2019-08-26 19:10,2247
2019-08-26 19:15,2227
2019-08-26 19:20,2256
2019-08-26 19:25,2250
2019-08-26 19:30,2238
2019-08-26 19:35,2221
2019-08-26 19:40,2214
2019-08-26 19:45,2194
2019-08-26 19:50,2166
2019-08-26 19:55,2127
2019-08-26 20:00,2108
2019-08-26 20:05,2109
2019-08-26 20:10,2076
2019-08-26 20:15,2081
2019-08-26 20:20,2085
2019-08-26 20:25,2070
2019-08-26 20:30,2045
2019-08-26 20:35,2033
2019-08-26 20:40,2020
2019-08-26 20:45,2003
2019-08-26 20:50,1990
2019-08-26 20:55,1949
2019-08-26 21:00,1940
2019-08-26 21:05,1911
2019-08-26 21:10,1918
2019-08-26 21:15,1901
2019-08-26 21:20,1892
2019-08-26 21:25,1902
2019-08-26 21:30,1909
2019-08-26 21:35,1903
2019-08-26 21:40,1912
2019-08-26 21:45,1905
2019-08-26 21:50,1885
2019-08-26 21:55,1878
2019-08-26 22:00,1880
2019-08-26 22:05,1864
2019-08-26 22:10,1862
2019-08-26 22:15,1844
2019-08-26 22:20,1837
2019-08-26 22:25,1835
2019-08-26 22:30,1804
2019-08-26 22:35,1795
2019-08-26 22:40,1795
2019-08-26 22:45,1749
2019-08-26 22:50,1748
2019-08-26 22:55,1738
2019-08-26 23:00,1721
2019-08-26 23:05,1697
2019-08-26 23:10,1676
2019-08-26 23:15,1643
2019-08-26 23:20,1633
2019-08-26 23:25,1630
2019-08-26 23:30,1604
2019-08-26 23:35,1610
2019-08-26 23:40,1595
2019-08-26 23:45,1608
2019-08-26 23:50,1600
2019-08-26 23:55,1583
2019-08-27 00:00,1563
2019-08-27 00:05,1550
2019-08-27 00:10,1537
2019-08-27 00:15,1534
2019-08-27 00:20,1512
2019-08-27 00:25,1506
2019-08-27 00:30,1504
2019-08-27 00:35,1507
2019-08-27 00:40,1492
2019-08-27 00:45,1499
2019-08-27 00:50,1493
2019-08-27 00:55,1494
2019-08-27 01:00,1490
2019-08-27 01:05,1490
2019-08-27 01:10,1467
2019-08-27 01:15,1448
2019-08-27 01:20,1436
2019-08-27 01:25,1413
2019-08-27 01:30,1411
2019-08-27 01:35,1404
2019-08-27 01:40,1392
2019-08-27 01:45,1380
2019-08-27 01:50,1392
2019-08-27 01:55,1392
2019-08-27 02:00,1382
2019-08-27 02:05,1376
2019-08-27 02:10,1367
2019-08-27 02:15,1363
2019-08-27 02:20,1357
2019-08-27 02:25,1346
2019-08-27 02:30,1334
2019-08-27 02:35,1310
2019-08-27 02:40,1296
2019-08-27 02:45,1305
2019-08-27 02:50,1291
2019-08-27 02:55,1279
2019-08-27 03:00,1262
2019-08-27 03:05,1267
2019-08-27 03:10,1250
2019-08-27 03:15,1217
2019-08-27 03:20,1210
2019-08-27 03:25,1205
2019-08-27 03:30,1183
2019-08-27 03:35,1165
2019-08-27 03:40,1142
2019-08-27 03:45,1140
2019-08-27 03:50,1123
2019-08-27 03:55,1101
2019-08-27 04:00,1083
2019-08-27 04:05,1082
2019-08-27 04:10,1081
2019-08-27 04:15,1069
2019-08-27 04:20,1063
2019-08-27 04:25,1055
2019-08-27 04:30,1036
2019-08-27 04:35,1027
2019-08-27 04:40,1013
2019-08-27 04:45,1012
2019-08-27 04:50,997
2019-08-27 04:55,985
2019-08-27 05:00,984
2019-08-27 05:05,960
2019-08-27 05:10,962
2019-08-27 05:15,957
2019-08-27 05:20,969
2019-08-27 05:25,981
2019-08-27 05:30,979
2019-08-27 05:35,966
2019-08-27 05:40,964
2019-08-27 05:45,962
2019-08-27 05:50,971
2019-08-27 05:55,969
2019-08-27 06:00,957
2019-08-27 06:05,958
2019-08-27 06:10,953
2019-08-27 06:15,940
2019-08-27 06:20,941
2019-08-27 06:25,939
2019-08-27 06:30,941
2019-08-27 06:35,942
2019-08-27 06:40,947
2019-08-27 06:45,957
2019-08-27 06:50,968
2019-08-27 06:55,975
2019-08-27 07:00,982
2019-08-27 07:05,986
2019-08-27 07:10,995
2019-08-27 07:15,1020
2019-08-27 07:20,1020
2019-08-27 07:25,1040
2019-08-27 07:30,1049
2019-08-27 07:35,1067
2019-08-27 07:40,1076
2019-08-27 07:45,1086
2019-08-27 07:50,1096
2019-08-27 07:55,1088
2019-08-27 08:00,1100
2019-08-27 08:05,1109
2019-08-27 08:10,1104
2019-08-27 08:15,1115
2019-08-27 08:20,1121
2019-08-27 08:25,1131
2019-08-27 08:30,1138
2019-08-27 08:35,1133
2019-08-27 08:40,1147
2019-08-27 08:45,1153
2019-08-27 08:50,1164
2019-08-27 08:55,1174
2019-08-27 09:00,1197
2019-08-27 09:05,1216
2019-08-27 09:10,1230
2019-08-27 09:15,1240
2019-08-27 09:20,1263
2019-08-27 09:25,1275
2019-08-27 09:30,1284
2019-08-27 09:35,1303
2019-08-27 09:40,1309
2019-08-27 09:45,1309
2019-08-27 09:50,1300
2019-08-27 09:55,1318
2019-08-27 10:00,1332
2019-08-27 10:05,1353
2019-08-27 10:10,1369
2019-08-27 10:15,1375
2019-08-27 10:20,1388
2019-08-27 10:25,1392
2019-08-27 10:30,1401
2019-08-27 10:35,1402
2019-08-27 10:40,1429
2019-08-27 10:45,1441
2019-08-27 10:50,1438
2019-08-27 10:55,1422
2019-08-27 11:00,1421
2019-08-27 11:05,1429
2019-08-27 11:10,1446
2019-08-27 11:15,1464
2019-08-27 11:20,1480
2019-08-27 11:25,1488
2019-08-27 11:30,1497
2019-08-27 11:35,1500
2019-08-27 11:40,1518
2019-08-27 11:45,1539
2019-08-27 11:50,1529
2019-08-27 11:55,1516
2019-08-27 12:00,1525
2019-08-27 12:05,1524
2019-08-27 12:10,1528
2019-08-27 12:15,1533
2019-08-27 12:20,1541
2019-08-27 12:25,1548
2019-08-27 12:30,1558
2019-08-27 12:35,1569
2019-08-27 12:40,1576
2019-08-27 12:45,1617
2019-08-27 12:50,1626
2019-08-27 12:55,1635
2019-08-27 13:00,1618
2019-08-27 13:05,1616
2019-08-27 13:10,1595
2019-08-27 13:15,1605
2019-08-27 13:20,1613
2019-08-27 13:25,1613
2019-08-27 13:30,1600
2019-08-27 13:35,1587
2019-08-27 13:40,1576
2019-08-27 13:45,1576
2019-08-27 13:50,1550
2019-08-27 13:55,1495
2019-08-27 14:00,1314
2019-08-27 14:05,902
2019-08-27 14:10,895
2019-08-27 14:15,921
2019-08-27 14:20,915
2019-08-27 14:25,910
2019-08-27 14:30,935
2019-08-27 14:35,942
2019-08-27 14:40,943
2019-08-27 14:45,939
2019-08-27 14:50,953
2019-08-27 14:55,957
2019-08-27 15:00,972
2019-08-27 15:05,994
2019-08-27 15:10,1007
2019-08-27 15:15,1027
2019-08-27 15:20,1034
2019-08-27 15:25,1052
2019-08-27 15:30,1094
2019-08-27 15:35,1198
2019-08-27 15:40,1298
2019-08-27 15:45,1381
2019-08-27 15:50,1466
2019-08-27 15:55,1516
2019-08-27 16:00,1627
2019-08-27 16:05,1689
2019-08-27 16:10,1778
2019-08-27 16:15,1833
2019-08-27 16:20,1909
2019-08-27 16:25,1955
2019-08-27 16:30,1977
2019-08-27 16:35,2028
2019-08-27 16:40,2050
2019-08-27 16:45,2095
2019-08-27 16:50,2141
2019-08-27 16:55,2152
2019-08-27 17:00,2175
2019-08-27 17:05,2191
2019-08-27 17:10,2233
2019-08-27 17:15,2261
2019-08-27 17:20,2258
2019-08-27 17:25,2275
2019-08-27 17:30,2267
2019-08-27 17:35,2284
2019-08-27 17:40,2289
2019-08-27 17:45,
2019-08-27 17:50,2314
2019-08-27 17:55,2322
2019-08-27 18:00,2324
2019-08-27 18:05,2320
2019-08-27 18:10,2327
2019-08-27 18:15,2312
2019-08-27 18:20,2307
2019-08-27 18:25,2292
2019-08-27 18:30,2307
2019-08-27 18:35,2324
2019-08-27 18:40,2338
2019-08-27 18:45,2343
2019-08-27 18:50,2306
2019-08-27 18:55,2310
2019-08-27 19:00,2311
2019-08-27 19:05,2318
2019-08-27 19:10,2294
2019-08-27 19:15,2281
2019-08-27 19:20,2291
2019-08-27 19:25,2302
2019-08-27 19:30,2308
2019-08-27 19:35,2304
2019-08-27 19:40,2293
2019-08-27 19:45,2281
2019-08-27 19:50,2266
2019-08-27 19:55,2254
2019-08-27 20:00,2249
2019-08-27 20:05,2242
2019-08-27 20:10,2245
2019-08-27 20:15,2249
2019-08-27 20:20,2227
2019-08-27 20:25,2204
2019-08-27 20:30,2206
2019-08-27 20:35,2191
2019-08-27 20:40,2177
2019-08-27 20:45,2175
2019-08-27 20:50,2164
2019-08-27 20:55,2120
2019-08-27 21:00,2113
2019-08-27 21:05,2077
2019-08-27 21:10,2038
2019-08-27 21:15,2037
2019-08-27 21:20,1999
2019-08-27 21:25,1992
2019-08-27 21:30,1976
2019-08-27 21:35,1944
2019-08-27 21:40,1913
2019-08-27 21:45,1891
2019-08-27 21:50,1869
2019-08-27 21:55,1839
2019-08-27 22:00,1818
2019-08-27 22:05,1809
2019-08-27 22:10,1789
2019-08-27 22:15,1772
2019-08-27 22:20,1764
2019-08-27 22:25,1749
2019-08-27 22:30,1740
2019-08-27 22:35,1714
2019-08-27 22:40,1719
2019-08-27 22:45,1713
2019-08-27 22:50,0
2019-08-27 22:55,1219
2019-08-27 23:00,1583
2019-08-27 23:05,1652
2019-08-27 23:10,1647
2019-08-27 23:15,1630
2019-08-27 23:20,1628
2019-08-27 23:25,1614
2019-08-27 23:30,1598
2019-08-27 23:35,1604
2019-08-27 23:40,1603
2019-08-27 23:45,1624
2019-08-27 23:50,1594
2019-08-27 23:55,1603
2019-08-28 00:00,1591
2019-08-28 00:05,1538
2019-08-28 00:10,1529
2019-08-28 00:15,1519
2019-08-28 00:20,1518
2019-08-28 00:25,1506
2019-08-28 00:30,1514
2019-08-28 00:35,1502
2019-08-28 00:40,1496
2019-08-28 00:45,1496
2019-08-28 00:50,1489
2019-08-28 00:55,1487
2019-08-28 01:00,1472
2019-08-28 01:05,1482
2019-08-28 01:10,1467
2019-08-28 01:15,1474
2019-08-28 01:20,1464
2019-08-28 01:25,1457
2019-08-28 01:30,1454
2019-08-28 01:35,1445
2019-08-28 01:40,1438
2019-08-28 01:45,1433
2019-08-28 01:50,1435
2019-08-28 01:55,1446
2019-08-28 02:00,1424
2019-08-28 02:05,1422
2019-08-28 02:10,1413
2019-08-28 02:15,1414
2019-08-28 02:20,1419
2019-08-28 02:25,1414
2019-08-28 02:30,1405
2019-08-28 02:35,1401
2019-08-28 02:40,1414
2019-08-28 02:45,1413
2019-08-28 02:50,1391
2019-08-28 02:55,1371
2019-08-28 03:00,1354
2019-08-28 03:05,1335
2019-08-28 03:10,1313
2019-08-28 03:15,1292
2019-08-28 03:20,1282
2019-08-28 03:25,1207
2019-08-28 03:30,1163
2019-08-28 03:35,1112
2019-08-28 03:40,1050
2019-08-28 03:45,1015
2019-08-28 03:50,984
2019-08-28 03:55,954
2019-08-28 04:00,899
2019-08-28 04:05,860
2019-08-28 04:10,830
2019-08-28 04:15,883
2019-08-28 04:20,929
2019-08-28 04:25,945
2019-08-28 04:30,953
2019-08-28 04:35,958
2019-08-28 04:40,964
2019-08-28 04:45,973
2019-08-28 04:50,985
2019-08-28 04:55,992
2019-08-28 05:00,994
2019-08-28 05:05,976
2019-08-28 05:10,997
2019-08-28 05:15,1004
2019-08-28 05:20,1008
2019-08-28 05:25,1009
2019-08-28 05:30,1005
2019-08-28 05:35,1010
2019-08-28 05:40,1020
2019-08-28 05:45,1038
2019-08-28 05:50,1046
2019-08-28 05:55,1046
2019-08-28 06:00,1043
2019-08-28 06:05,1054
2019-08-28 06:10,1058
2019-08-28 06:15,1036
2019-08-28 06:20,1049
2019-08-28 06:25,1060
2019-08-28 06:30,1054
2019-08-28 06:35,1067
2019-08-28 06:40,1068
2019-08-28 06:45,1085
2019-08-28 06:50,1084
2019-08-28 06:55,1096
2019-08-28 07:00,1116
2019-08-28 07:05,1117
2019-08-28 07:10,1113
2019-08-28 07:15,1122
2019-08-28 07:20,1114
2019-08-28 07:25,1125
2019-08-28 07:30,1114
2019-08-28 07:35,1102
2019-08-28 07:40,1106
2019-08-28 07:45,1105
2019-08-28 07:50,1102
2019-08-28 07:55,1118
2019-08-28 08:00,1136
2019-08-28 08:05,1145
2019-08-28 08:10,1165
2019-08-28 08:15,1193
2019-08-28 08:20,1220
2019-08-28 08:25,1214
2019-08-28 08:30,1204
2019-08-28 08:35,1198
2019-08-28 08:40,1200
2019-08-28 08:45,1190
2019-08-28 08:50,1220
2019-08-28 08:55,1232
2019-08-28 09:00,1242
2019-08-28 09:05,1233
2019-08-28 09:10,1247
2019-08-28 09:15,1261
2019-08-28 09:20,1264
2019-08-28 09:25,1284
2019-08-28 09:30,1292
2019-08-28 09:35,1308
2019-08-28 09:40,1326
2019-08-28 09:45,1344
2019-08-28 09:50,1359
2019-08-28 09:55,1358
2019-08-28 10:00,1382
2019-08-28 10:05,1410
2019-08-28 10:10,1416
2019-08-28 10:15,1430
2019-08-28 10:20,1442
2019-08-28 10:25,1464
2019-08-28 10:30,1474
2019-08-28 10:35,1481
2019-08-28 10:40,1501
2019-08-28 10:45,1509
2019-08-28 10:50,1503
2019-08-28 10:55,1527
2019-08-28 11:00,1528
2019-08-28 11:05,1532
2019-08-28 11:10,1544
2019-08-28 11:15,1546
2019-08-28 11:20,1561
2019-08-28 11:25,1575
2019-08-28 11:30,1572
2019-08-28 11:35,1583
2019-08-28 11:40,1592
2019-08-28 11:45,1600
2019-08-28 11:50,1603
2019-08-28 11:55,1601
2019-08-28 12:00,1613
2019-08-28 12:05,1625
2019-08-28 12:10,1631
2019-08-28 12:15,1644
2019-08-28 12:20,1662
2019-08-28 12:25,1690
2019-08-28 12:30,1715
2019-08-28 12:35,1735
2019-08-28 12:40,1748
2019-08-28 12:45,1729
2019-08-28 12:50,1725
2019-08-28 12:55,1735
2019-08-28 13:00,1733
2019-08-28 13:05,1730
2019-08-28 13:10,1723
2019-08-28 13:15,1709
2019-08-28 13:20,1694
2019-08-28 13:25,1694
2019-08-28 13:30,1717
2019-08-28 13:35,1737
2019-08-28 13:40,1738
2019-08-28 13:45,1750
2019-08-28 13:50,1768
2019-08-28 13:55,1783
2019-08-28 14:00,1789
2019-08-28 14:05,1790
2019-08-28 14:10,1802
2019-08-28 14:15,1801
2019-08-28 14:20,1798
2019-08-28 14:25,1823
2019-08-28 14:30,1857
2019-08-28 14:35,1822
2019-08-28 14:40,1821
2019-08-28 14:45,1823
2019-08-28 14:50,1843
2019-08-28 14:55,1850
2019-08-28 15:00,1871
2019-08-28 15:05,1895
2019-08-28 15:10,1888
2019-08-28 15:15,1903
2019-08-28 15:20,1934
2019-08-28 15:25,1967
2019-08-28 15:30,1974
2019-08-28 15:35,1988
2019-08-28 15:40,1998
2019-08-28 15:45,1987
2019-08-28 15:50,1986
2019-08-28 15:55,1977
2019-08-28 16:00,1983
2019-08-28 16:05,1989
2019-08-28 16:10,2016
2019-08-28 16:15,2037
2019-08-28 16:20,2070
2019-08-28 16:25,2091
2019-08-28 16:30,2092
2019-08-28 16:35,2108
2019-08-28 16:40,2115
2019-08-28 16:45,2126
2019-08-28 16:50,2159
2019-08-28 16:55,2181
2019-08-28 17:00,2201
2019-08-28 17:05,2196
2019-08-28 17:10,2192
2019-08-28 17:15,2209
2019-08-28 17:20,2230
2019-08-28 17:25,2242
2019-08-28 17:30,2265
2019-08-28 17:35,2260
2019-08-28 17:40,2273
2019-08-28 17:45,2279
2019-08-28 17:50,2311
2019-08-28 17:55,2327
2019-08-28 18:00,2300
2019-08-28 18:05,2314
2019-08-28 18:10,2271
2019-08-28 18:15,2295
2019-08-28 18:20,2288
2019-08-28 18:25,2288
2019-08-28 18:30,2297
2019-08-28 18:35,2280
2019-08-28 18:40,2286
2019-08-28 18:45,2317
2019-08-28 18:50,2317
2019-08-28 18:55,2301
2019-08-28 19:00,2285
2019-08-28 19:05,2280
2019-08-28 19:10,2308
2019-08-28 19:15,2304
2019-08-28 19:20,2303
2019-08-28 19:25,2301
2019-08-28 19:30,2278
2019-08-28 19:35,2250
2019-08-28 19:40,2265
2019-08-28 19:45,2247
2019-08-28 19:50,2266
2019-08-28 19:55,2236
2019-08-28 20:00,2213
2019-08-28 20:05,2219
2019-08-28 20:10,2202
2019-08-28 20:15,2208
2019-08-28 20:20,2197
2019-08-28 20:25,2191
2019-08-28 20:30,2190
2019-08-28 20:35,2182
2019-08-28 20:40,2168
2019-08-28 20:45,2154
2019-08-28 20:50,2140
2019-08-28 20:55,2127
2019-08-28 21:00,2101
2019-08-28 21:05,
2019-08-28 21:10,
2019-08-28 21:15,
2019-08-28 21:20,1974
2019-08-28 21:25,1976
2019-08-28 21:30,1939
2019-08-28 21:35,1928
2019-08-28 21:40,1907
2019-08-28 21:45,1890
2019-08-28 21:50,1860
2019-08-28 21:55,
2019-08-28 22:00,
2019-08-28 22:05,
2019-08-28 22:10,1809
2019-08-28 22:15,1801
2019-08-28 22:20,1809
2019-08-28 22:25,1783
2019-08-28 22:30,1790
2019-08-28 22:35,1778
2019-08-28 22:40,1774
2019-08-28 22:45,1750
2019-08-28 22:50,1758
2019-08-28 22:55,1732
2019-08-28 23:00,1726
2019-08-28 23:05,1731
2019-08-28 23:10,1714
2019-08-28 23:15,1694
2019-08-28 23:20,1665
2019-08-28 23:25,1672
2019-08-28 23:30,1642
2019-08-28 23:35,1625
2019-08-28 23:40,1631
2019-08-28 23:45,1620
2019-08-28 23:50,1603
2019-08-28 23:55,1594
2019-08-29 00:00,1597
2019-08-29 00:05,1602
2019-08-29 00:10,1581
2019-08-29 00:15,1562
2019-08-29 00:20,1550
2019-08-29 00:25,1558
2019-08-29 00:30,1555
2019-08-29 00:35,1577
2019-08-29 00:40,1588
2019-08-29 00:45,1579
2019-08-29 00:50,1564
2019-08-29 00:55,1545
2019-08-29 01:00,1530
2019-08-29 01:05,1519
2019-08-29 01:10,1516
2019-08-29 01:15,1522
2019-08-29 01:20,1489
2019-08-29 01:25,1479
2019-08-29 01:30,1458
2019-08-29 01:35,1444
2019-08-29 01:40,1432
2019-08-29 01:45,1419
2019-08-29 01:50,1410
2019-08-29 01:55,1401
2019-08-29 02:00,1392
2019-08-29 02:05,1363
2019-08-29 02:10,1367
2019-08-29 02:15,1368
2019-08-29 02:20,1372
2019-08-29 02:25,1356
2019-08-29 02:30,1353
2019-08-29 02:35,1354
2019-08-29 02:40,1338
2019-08-29 02:45,1330
2019-08-29 02:50,1327
2019-08-29 02:55,1311
2019-08-29 03:00,1305
2019-08-29 03:05,1279
2019-08-29 03:10,1273
2019-08-29 03:15,1258
2019-08-29 03:20,1231
2019-08-29 03:25,1227
2019-08-29 03:30,1238
2019-08-29 03:35,1219
2019-08-29 03:40,1214
2019-08-29 03:45,1197
2019-08-29 03:50,1182
2019-08-29 03:55,1156
2019-08-29 04:00,1144
2019-08-29 04:05,1128
2019-08-29 04:10,1108
2019-08-29 04:15,1098
2019-08-29 04:20,1081
2019-08-29 04:25,1090
2019-08-29 04:30,1081
2019-08-29 04:35,1067
2019-08-29 04:40,1083
2019-08-29 04:45,1078
2019-08-29 04:50,1057
2019-08-29 04:55,1048
2019-08-29 05:00,1032
2019-08-29 05:05,1025
2019-08-29 05:10,1018
2019-08-29 05:15,1020
2019-08-29 05:20,1008
2019-08-29 05:25,1009
2019-08-29 05:30,996
2019-08-29 05:35,999
2019-08-29 05:40,997
2019-08-29 05:45,999
2019-08-29 05:50,998
2019-08-29 05:55,987
2019-08-29 06:00,976
2019-08-29 06:05,962
2019-08-29 06:10,970
2019-08-29 06:15,980
2019-08-29 06:20,1000
2019-08-29 06:25,1010
2019-08-29 06:30,1020
2019-08-29 06:35,1025
2019-08-29 06:40,1022
2019-08-29 06:45,1021
2019-08-29 06:50,1023
2019-08-29 06:55,1019
2019-08-29 07:00,1031
2019-08-29 07:05,1040
2019-08-29 07:10,1036
2019-08-29 07:15,1036
2019-08-29 07:20,1032
2019-08-29 07:25,1051
2019-08-29 07:30,1045
2019-08-29 07:35,1045
2019-08-29 07:40,1030
2019-08-29 07:45,1036
2019-08-29 07:50,1053
2019-08-29 07:55,1074
2019-08-29 08:00,1078
2019-08-29 08:05,1101
2019-08-29 08:10,1104
2019-08-29 08:15,1104
2019-08-29 08:20,1101
2019-08-29 08:25,1111
2019-08-29 08:30,1113
2019-08-29 08:35,1118
2019-08-29 08:40,1135
2019-08-29 08:45,1149
2019-08-29 08:50,1150
2019-08-29 08:55,1162
2019-08-29 09:00,1155
2019-08-29 09:05,1156
2019-08-29 09:10,1419
2019-08-29 09:15,1434
2019-08-29 09:20,1443
2019-08-29 09:25,1465
2019-08-29 09:30,1472
2019-08-29 09:35,1500
2019-08-29 09:40,1502
2019-08-29 09:45,1498
2019-08-29 09:50,1523
2019-08-29 09:55,1538
2019-08-29 10:00,1550
2019-08-29 10:05,1323
2019-08-29 10:10,1361
2019-08-29 10:15,1366
2019-08-29 10:20,1385
2019-08-29 10:25,1403
2019-08-29 10:30,1411
2019-08-29 10:35,1420
2019-08-29 10:40,1421
2019-08-29 10:45,1430
2019-08-29 10:50,1433
2019-08-29 10:55,1454
2019-08-29 11:00,1470
2019-08-29 11:05,1477
2019-08-29 11:10,1473
2019-08-29 11:15,1705
2019-08-29 11:20,1777
2019-08-29 11:25,1757
2019-08-29 11:30,1752
2019-08-29 11:35,1751
2019-08-29 11:40,1771
2019-08-29 11:45,1779
2019-08-29 11:50,1502
2019-08-29 11:55,1504
2019-08-29 12:00,1491
2019-08-29 12:05,1497
2019-08-29 12:10,1511
2019-08-29 12:15,1511
2019-08-29 12:20,1525
2019-08-29 12:25,1555
2019-08-29 12:30,1548
2019-08-29 12:35,1562
2019-08-29 12:40,1555
2019-08-29 12:45,1581
2019-08-29 12:50,1581
2019-08-29 12:55,1890
2019-08-29 13:00,1908
2019-08-29 13:05,1913
2019-08-29 13:10,1943
2019-08-29 13:15,1937
2019-08-29 13:20,1911
2019-08-29 13:25,1923
2019-08-29 13:30,1893
2019-08-29 13:35,1892
2019-08-29 13:40,1862
2019-08-29 13:45,1847
2019-08-29 13:50,1825
2019-08-29 13:55,1777
2019-08-29 14:00,1699
2019-08-29 14:05,1355
2019-08-29 14:10,1138
2019-08-29 14:15,1117
2019-08-29 14:20,1117
2019-08-29 14:25,1096
2019-08-29 14:30,840
2019-08-29 14:35,794
2019-08-29 14:40,774
2019-08-29 14:45,775
2019-08-29 14:50,750
2019-08-29 14:55,759
2019-08-29 15:00,774
2019-08-29 15:05,768
2019-08-29 15:10,775
2019-08-29 15:15,792
2019-08-29 15:20,793
2019-08-29 15:25,804
2019-08-29 15:30,786
2019-08-29 15:35,806
2019-08-29 15:40,825
2019-08-29 15:45,820
2019-08-29 15:50,825
2019-08-29 15:55,859
2019-08-29 16:00,851
2019-08-29 16:05,875
2019-08-29 16:10,907
2019-08-29 16:15,983
2019-08-29 16:20,1157
2019-08-29 16:25,1032
2019-08-29 16:30,1058
2019-08-29 16:35,1141
2019-08-29 16:40,1160
2019-08-29 16:45,1212
2019-08-29 16:50,1243
2019-08-29 16:55,1280
2019-08-29 17:00,1310
2019-08-29 17:05,1377
2019-08-29 17:10,1371
2019-08-29 17:15,1393
2019-08-29 17:20,1492
2019-08-29 17:25,1524
2019-08-29 17:30,1528
2019-08-29 17:35,1589
2019-08-29 17:40,1711
2019-08-29 17:45,1906
2019-08-29 17:50,2038
2019-08-29 17:55,2152
2019-08-29 18:00,2225
2019-08-29 18:05,2296
2019-08-29 18:10,2342
2019-08-29 18:15,2400
2019-08-29 18:20,2443
2019-08-29 18:25,2468
2019-08-29 18:30,2483
2019-08-29 18:35,2510
2019-08-29 18:40,2503
2019-08-29 18:45,2552
2019-08-29 18:50,2587
2019-08-29 18:55,2570
2019-08-29 19:00,2572
2019-08-29 19:05,2587
2019-08-29 19:10,2575
2019-08-29 19:15,2560
2019-08-29 19:20,2566
2019-08-29 19:25,2528
2019-08-29 19:30,2506
2019-08-29 19:35,2510
2019-08-29 19:40,2483
2019-08-29 19:45,2441
2019-08-29 19:50,2405
2019-08-29 19:55,2372
2019-08-29 20:00,2366
2019-08-29 20:05,2358
2019-08-29 20:10,2338
2019-08-29 20:15,2310
2019-08-29 20:20,2295
2019-08-29 20:25,2279
2019-08-29 20:30,2263
2019-08-29 20:35,2251
2019-08-29 20:40,2226
2019-08-29 20:45,2221
2019-08-29 20:50,2203
2019-08-29 20:55,2173
2019-08-29 21:00,2176
2019-08-29 21:05,2142
2019-08-29 21:10,2090
2019-08-29 21:15,2063
2019-08-29 21:20,2038
2019-08-29 21:25,2012
2019-08-29 21:30,2009
2019-08-29 21:35,1978
2019-08-29 21:40,1956
2019-08-29 21:45,1944
2019-08-29 21:50,1949
2019-08-29 21:55,1926
2019-08-29 22:00,1910
2019-08-29 22:05,0
2019-08-29 22:10,1834
2019-08-29 22:15,1817
2019-08-29 22:20,1812
2019-08-29 22:25,1793
2019-08-29 22:30,1743
2019-08-29 22:35,1713
2019-08-29 22:40,1693
2019-08-29 22:45,1669
2019-08-29 22:50,1658
2019-08-29 22:55,1636
2019-08-29 23:00,1622
2019-08-29 23:05,1641
2019-08-29 23:10,1636
2019-08-29 23:15,1645
2019-08-29 23:20,1632
2019-08-29 23:25,1619
2019-08-29 23:30,1598
2019-08-29 23:35,1587
2019-08-29 23:40,1598
2019-08-29 23:45,1606
2019-08-29 23:50,1594
2019-08-29 23:55,1591
2019-08-30 00:00,1587
2019-08-30 00:05,1562
2019-08-30 00:10,1552
2019-08-30 00:15,1525
2019-08-30 00:20,1499
2019-08-30 00:25,1480
2019-08-30 00:30,1492
2019-08-30 00:35,1476
2019-08-30 00:40,1463
2019-08-30 00:45,1451
2019-08-30 00:50,1440
2019-08-30 00:55,1434
2019-08-30 01:00,1425
2019-08-30 01:05,1438
2019-08-30 01:10,1431
2019-08-30 01:15,1397
2019-08-30 01:20,1363
2019-08-30 01:25,1283
2019-08-30 01:30,916
2019-08-30 01:35,1023
2019-08-30 01:40,1071
2019-08-30 01:45,1121
2019-08-30 01:50,1161
2019-08-30 01:55,1188
2019-08-30 02:00,1213
2019-08-30 02:05,1245
2019-08-30 02:10,1241
2019-08-30 02:15,1234
2019-08-30 02:20,1259
2019-08-30 02:25,1264
2019-08-30 02:30,1280
2019-08-30 02:35,1280
2019-08-30 02:40,1297
2019-08-30 02:45,1316
2019-08-30 02:50,1320
2019-08-30 02:55,1304
2019-08-30 03:00,1332
2019-08-30 03:05,1327
2019-08-30 03:10,1317
2019-08-30 03:15,1320
2019-08-30 03:20,1296
2019-08-30 03:25,1306
2019-08-30 03:30,1283
2019-08-30 03:35,1289
2019-08-30 03:40,1288
2019-08-30 03:45,1278
2019-08-30 03:50,1269
2019-08-30 03:55,1255
2019-08-30 04:00,1233
2019-08-30 04:05,1206
2019-08-30 04:10,1204
2019-08-30 04:15,1196
2019-08-30 04:20,1188
2019-08-30 04:25,1163
2019-08-30 04:30,1175
2019-08-30 04:35,1177
2019-08-30 04:40,1182
2019-08-30 04:45,1164
2019-08-30 04:50,1152
2019-08-30 04:55,1128
2019-08-30 05:00,1122
2019-08-30 05:05,1089
2019-08-30 05:10,1077
2019-08-30 05:15,1091
2019-08-30 05:20,1102
2019-08-30 05:25,1106
2019-08-30 05:30,1088
2019-08-30 05:35,1088
2019-08-30 05:40,1082
2019-08-30 05:45,1089
2019-08-30 05:50,1083
2019-08-30 05:55,1071
2019-08-30 06:00,1064
2019-08-30 06:05,1068
2019-08-30 06:10,1065
2019-08-30 06:15,1074
2019-08-30 06:20,1078
2019-08-30 06:25,1089
2019-08-30 06:30,1104
2019-08-30 06:35,1115
2019-08-30 06:40,1125
2019-08-30 06:45,1117
2019-08-30 06:50,1110
2019-08-30 06:55,1110
2019-08-30 07:00,1102
2019-08-30 07:05,1110
2019-08-30 07:10,1094
2019-08-30 07:15,1092
2019-08-30 07:20,1085
2019-08-30 07:25,1101
2019-08-30 07:30,1114
2019-08-30 07:35,1122
2019-08-30 07:40,1120
2019-08-30 07:45,1117
2019-08-30 07:50,1143
2019-08-30 07:55,1164
2019-08-30 08:00,1164
2019-08-30 08:05,1418
2019-08-30 08:10,1164
2019-08-30 08:15,1163
2019-08-30 08:20,1172
2019-08-30 08:25,1193
2019-08-30 08:30,1211
2019-08-30 08:35,1211
2019-08-30 08:40,1217
2019-08-30 08:45,1231
2019-08-30 08:50,1237
2019-08-30 08:55,1257
2019-08-30 09:00,
2019-08-30 09:05,1251
2019-08-30 09:10,1259
2019-08-30 09:15,1256
2019-08-30 09:20,1255
2019-08-30 09:25,1263
2019-08-30 09:30,1270
2019-08-30 09:35,1268
2019-08-30 09:40,1285
2019-08-30 09:45,1285
2019-08-30 09:50,1294
2019-08-30 09:55,1310
2019-08-30 10:00,1321
2019-08-30 10:05,1356
2019-08-30 10:10,1377
2019-08-30 10:15,1384
2019-08-30 10:20,1415
2019-08-30 10:25,1422
2019-08-30 10:30,1417
2019-08-30 10:35,1408
2019-08-30 10:40,1422
2019-08-30 10:45,1446
2019-08-30 10:50,1468
2019-08-30 10:55,1471
2019-08-30 11:00,1493
2019-08-30 11:05,1509
2019-08-30 11:10,1512
2019-08-30 11:15,1765
2019-08-30 11:20,1788
2019-08-30 11:25,1567
2019-08-30 11:30,1558
2019-08-30 11:35,1581
2019-08-30 11:40,1589
2019-08-30 11:45,1586
2019-08-30 11:50,1606
2019-08-30 11:55,1616
2019-08-30 12:00,1632
2019-08-30 12:05,1634
2019-08-30 12:10,1636
2019-08-30 12:15,1622
2019-08-30 12:20,1635
2019-08-30 12:25,1662
2019-08-30 12:30,1656
2019-08-30 12:35,1651
2019-08-30 12:40,1648
2019-08-30 12:45,1642
2019-08-30 12:50,1647
2019-08-30 12:55,1673
2019-08-30 13:00,1694
2019-08-30 13:05,1691
2019-08-30 13:10,1704
2019-08-30 13:15,1725
2019-08-30 13:20,1762
2019-08-30 13:25,1790
2019-08-30 13:30,1804
2019-08-30 13:35,1822
2019-08-30 13:40,1844
2019-08-30 13:45,1868
2019-08-30 13:50,1878
2019-08-30 13:55,1873
2019-08-30 14:00,1885
2019-08-30 14:05,1891
2019-08-30 14:10,1907
2019-08-30 14:15,1936
2019-08-30 14:20,1934
2019-08-30 14:25,1953
2019-08-30 14:30,1954
2019-08-30 14:35,1929
2019-08-30 14:40,1964
2019-08-30 14:45,1974
2019-08-30 14:50,1978
2019-08-30 14:55,1988
2019-08-30 15:00,2003
2019-08-30 15:05,1997
2019-08-30 15:10,1998
2019-08-30 15:15,1980
2019-08-30 15:20,2000
2019-08-30 15:25,2008
2019-08-30 15:30,2009
2019-08-30 15:35,2009
2019-08-30 15:40,2013
2019-08-30 15:45,2012
2019-08-30 15:50,2033
2019-08-30 15:55,2026
2019-08-30 16:00,2056
2019-08-30 16:05,2067
2019-08-30 16:10,2070
2019-08-30 16:15,2068
2019-08-30 16:20,2104
2019-08-30 16:25,2118
2019-08-30 16:30,2119
2019-08-30 16:35,2118
2019-08-30 16:40,2128
2019-08-30 16:45,2132
2019-08-30 16:50,2139
2019-08-30 16:55,2121
2019-08-30 17:00,2132
2019-08-30 17:05,2150
2019-08-30 17:10,2158
2019-08-30 17:15,2179
2019-08-30 17:20,2157
2019-08-30 17:25,2160
2019-08-30 17:30,2171
2019-08-30 17:35,2179
2019-08-30 17:40,2195
2019-08-30 17:45,2199
2019-08-30 17:50,2223
2019-08-30 17:55,2231
2019-08-30 18:00,2223
2019-08-30 18:05,2226
2019-08-30 18:10,2243
2019-08-30 18:15,2262
2019-08-30 18:20,2282
2019-08-30 18:25,2253
2019-08-30 18:30,2268
2019-08-30 18:35,2245
2019-08-30 18:40,2239
2019-08-30 18:45,2243
2019-08-30 18:50,2260
2019-08-30 18:55,2288
2019-08-30 19:00,2303
2019-08-30 19:05,2307
2019-08-30 19:10,2296
2019-08-30 19:15,2296
2019-08-30 19:20,2320
2019-08-30 19:25,2292
2019-08-30 19:30,2296
2019-08-30 19:35,2293
2019-08-30 19:40,2281
2019-08-30 19:45,2274
2019-08-30 19:50,2264
2019-08-30 19:55,2268
2019-08-30 20:00,2268
2019-08-30 20:05,2263
2019-08-30 20:10,2252
2019-08-30 20:15,2246
2019-08-30 20:20,2253
2019-08-30 20:25,2266
2019-08-30 20:30,2254
2019-08-30 20:35,2265
2019-08-30 20:40,2264
2019-08-30 20:45,2225
2019-08-30 20:50,2229
2019-08-30 20:55,2199
2019-08-30 21:00,2194
2019-08-30 21:05,2169
2019-08-30 21:10,2157
2019-08-30 21:15,2163
2019-08-30 21:20,2155
2019-08-30 21:25,2141
2019-08-30 21:30,2129
2019-08-30 21:35,2106
2019-08-30 21:40,2094
2019-08-30 21:45,2075
2019-08-30 21:50,2081
2019-08-30 21:55,2061
2019-08-30 22:00,2047
2019-08-30 22:05,2045
2019-08-30 22:10,2022
2019-08-30 22:15,1981
2019-08-30 22:20,1959
2019-08-30 22:25,1927
2019-08-30 22:30,1906
2019-08-30 22:35,1926
2019-08-30 22:40,1926
2019-08-30 22:45,1912
2019-08-30 22:50,1918
2019-08-30 22:55,1878
2019-08-30 23:00,1862
2019-08-30 23:05,1839
2019-08-30 23:10,1815
2019-08-30 23:15,1812
2019-08-30 23:20,1820
2019-08-30 23:25,1792
2019-08-30 23:30,1755
2019-08-30 23:35,1727
2019-08-30 23:40,1713
2019-08-30 23:45,1707
2019-08-30 23:50,1698
2019-08-30 23:55,1658
2019-08-31 00:00,1662
2019-08-31 00:05,1683
2019-08-31 00:10,1663
2019-08-31 00:15,1636
2019-08-31 00:20,1650
2019-08-31 00:25,1642
2019-08-31 00:30,1644
2019-08-31 00:35,1628
2019-08-31 00:40,1640
2019-08-31 00:45,1659
2019-08-31 00:50,1656
2019-08-31 00:55,1650
2019-08-31 01:00,1635
2019-08-31 01:05,1610
2019-08-31 01:10,1621
2019-08-31 01:15,1613
2019-08-31 01:20,1609
2019-08-31 01:25,1600
2019-08-31 01:30,1592
2019-08-31 01:35,1588
2019-08-31 01:40,1591
2019-08-31 01:45,1582
2019-08-31 01:50,1565
2019-08-31 01:55,1549
2019-08-31 02:00,1548
2019-08-31 02:05,1542
2019-08-31 02:10,1537
2019-08-31 02:15,1527
2019-08-31 02:20,1530
2019-08-31 02:25,1523
2019-08-31 02:30,1517
2019-08-31 02:35,1480
2019-08-31 02:40,1493
2019-08-31 02:45,1488
2019-08-31 02:50,1454
2019-08-31 02:55,1456
2019-08-31 03:00,1449
2019-08-31 03:05,1434
2019-08-31 03:10,1414
2019-08-31 03:15,1414
2019-08-31 03:20,1406
2019-08-31 03:25,1421
2019-08-31 03:30,1394
2019-08-31 03:35,1406
2019-08-31 03:40,1402
2019-08-31 03:45,1389
2019-08-31 03:50,1384
2019-08-31 03:55,1382
2019-08-31 04:00,1378
2019-08-31 04:05,1353
2019-08-31 04:10,1348
2019-08-31 04:15,1331
2019-08-31 04:20,1338
2019-08-31 04:25,1318
2019-08-31 04:30,1293
2019-08-31 04:35,1284
2019-08-31 04:40,1291
2019-08-31 04:45,1294
2019-08-31 04:50,1304
2019-08-31 04:55,1293
2019-08-31 05:00,1269
2019-08-31 05:05,1243
2019-08-31 05:10,1243
2019-08-31 05:15,1241
2019-08-31 05:20,1226
2019-08-31 05:25,1234
2019-08-31 05:30,1235
2019-08-31 05:35,1227
2019-08-31 05:40,1208
2019-08-31 05:45,1219
2019-08-31 05:50,1238
2019-08-31 05:55,1233
2019-08-31 06:00,1246
2019-08-31 06:05,1228
2019-08-31 06:10,1239
2019-08-31 06:15,1244
2019-08-31 06:20,1236
2019-08-31 06:25,1228
2019-08-31 06:30,1226
2019-08-31 06:35,1213
2019-08-31 06:40,1220
2019-08-31 06:45,1218
2019-08-31 06:50,1219
2019-08-31 06:55,1218
2019-08-31 07:00,1231
2019-08-31 07:05,1245
2019-08-31 07:10,1259
2019-08-31 07:15,1261
2019-08-31 07:20,1250
2019-08-31 07:25,1274
2019-08-31 07:30,1271
2019-08-31 07:35,1282
2019-08-31 07:40,1295
2019-08-31 07:45,1303
2019-08-31 07:50,1307
2019-08-31 07:55,1318
2019-08-31 08:00,1302
2019-08-31 08:05,1305
2019-08-31 08:10,1322
2019-08-31 08:15,1346
2019-08-31 08:20,1357
2019-08-31 08:25,1374
2019-08-31 08:30,1384
2019-08-31 08:35,1402
2019-08-31 08:40,1418
2019-08-31 08:45,1413
2019-08-31 08:50,1442
2019-08-31 08:55,1466
2019-08-31 09:00,1468
2019-08-31 09:05,1480
2019-08-31 09:10,1493
2019-08-31 09:15,1505
2019-08-31 09:20,1514
2019-08-31 09:25,1522
2019-08-31 09:30,1548
2019-08-31 09:35,1555
2019-08-31 09:40,1585
2019-08-31 09:45,1597
2019-08-31 09:50,1624
2019-08-31 09:55,1643
2019-08-31 10:00,1663
2019-08-31 10:05,1682
2019-08-31 10:10,1717
2019-08-31 10:15,1726
2019-08-31 10:20,1728
2019-08-31 10:25,1753
2019-08-31 10:30,1757
2019-08-31 10:35,1766
2019-08-31 10:40,1768
2019-08-31 10:45,1760
2019-08-31 10:50,1773
2019-08-31 10:55,1781
2019-08-31 11:00,1782
2019-08-31 11:05,1794
2019-08-31 11:10,1798
2019-08-31 11:15,1805
2019-08-31 11:20,1803
2019-08-31 11:25,1817
2019-08-31 11:30,1835
2019-08-31 11:35,1859
2019-08-31 11:40,1877
2019-08-31 11:45,1852
2019-08-31 11:50,1885
2019-08-31 11:55,1906
2019-08-31 12:00,1913
2019-08-31 12:05,1909
2019-08-31 12:10,1924
2019-08-31 12:15,1928
2019-08-31 12:20,1928
2019-08-31 12:25,1952
2019-08-31 12:30,1952
2019-08-31 12:35,1973
2019-08-31 12:40,1957
2019-08-31 12:45,1953
2019-08-31 12:50,1972
2019-08-31 12:55,1979
2019-08-31 13:00,1959
2019-08-31 13:05,1967
2019-08-31 13:10,1986
2019-08-31 13:15,2004
2019-08-31 13:20,2031
2019-08-31 13:25,2041
2019-08-31 13:30,2040
2019-08-31 13:35,2046
2019-08-31 13:40,2082
2019-08-31 13:45,2094
2019-08-31 13:50,2101
2019-08-31 13:55,2134
2019-08-31 14:00,2142
2019-08-31 14:05,2149
2019-08-31 14:10,2152
2019-08-31 14:15,2179
2019-08-31 14:20,2179
2019-08-31 14:25,2197
2019-08-31 14:30,2238
2019-08-31 14:35,2241
2019-08-31 14:40,2264
2019-08-31 14:45,2261
2019-08-31 14:50,2266
2019-08-31 14:55,2311
2019-08-31 15:00,2291
2019-08-31 15:05,2307
2019-08-31 15:10,2302
2019-08-31 15:15,2299
2019-08-31 15:20,2319
2019-08-31 15:25,2331
2019-08-31 15:30,2340
2019-08-31 15:35,2352
2019-08-31 15:40,2357
2019-08-31 15:45,2345
2019-08-31 15:50,2355
2019-08-31 15:55,2364
2019-08-31 16:00,2358
2019-08-31 16:05,2341
2019-08-31 16:10,2346
2019-08-31 16:15,2343
2019-08-31 16:20,2358
2019-08-31 16:25,2359
2019-08-31 16:30,2379
2019-08-31 16:35,2387
2019-08-31 16:40,2389
2019-08-31 16:45,2405
2019-08-31 16:50,2393
2019-08-31 16:55,2397
2019-08-31 17:00,2424
2019-08-31 17:05,2414
2019-08-31 17:10,2400
2019-08-31 17:15,2404
2019-08-31 17:20,2397
2019-08-31 17:25,2395
2019-08-31 17:30,2379
2019-08-31 17:35,2380
2019-08-31 17:40,2386
2019-08-31 17:45,2397
2019-08-31 17:50,2413
2019-08-31 17:55,2419
2019-08-31 18:00,2423
2019-08-31 18:05,2460
2019-08-31 18:10,2466
2019-08-31 18:15,2456
2019-08-31 18:20,2478
2019-08-31 18:25,2476
2019-08-31 18:30,2489
2019-08-31 18:35,2494
2019-08-31 18:40,2498
2019-08-31 18:45,2525
2019-08-31 18:50,2523
2019-08-31 18:55,2535
2019-08-31 19:00,2528
2019-08-31 19:05,2525
2019-08-31 19:10,2530
2019-08-31 19:15,2523
2019-08-31 19:20,2502
2019-08-31 19:25,2480
2019-08-31 19:30,2497
2019-08-31 19:35,2489
2019-08-31 19:40,2484
2019-08-31 19:45,2502
2019-08-31 19:50,2483
2019-08-31 19:55,2416
2019-08-31 20:00,2401
2019-08-31 20:05,2281
2019-08-31 20:10,2263
2019-08-31 20:15,2301
2019-08-31 20:20,2339
2019-08-31 20:25,2338
2019-08-31 20:30,2343
2019-08-31 20:35,2327
2019-08-31 20:40,2347
2019-08-31 20:45,2353
2019-08-31 20:50,2388
2019-08-31 20:55,2398
2019-08-31 21:00,2379
2019-08-31 21:05,2392
2019-08-31 21:10,2385
2019-08-31 21:15,2369
2019-08-31 21:20,2347
2019-08-31 21:25,2319
2019-08-31 21:30,2292
2019-08-31 21:35,2280
2019-08-31 21:40,2267
2019-08-31 21:45,2236
2019-08-31 21:50,2207
2019-08-31 21:55,2199
2019-08-31 22:00,2181
2019-08-31 22:05,2157
2019-08-31 22:10,2161
2019-08-31 22:15,2143
2019-08-31 22:20,2116
2019-08-31 22:25,2117
2019-08-31 22:30,2061
2019-08-31 22:35,2051
2019-08-31 22:40,2021
2019-08-31 22:45,2009
2019-08-31 22:50,1994
2019-08-31 22:55,1987
2019-08-31 23:00,1969
2019-08-31 23:05,1951
2019-08-31 23:10,1939
2019-08-31 23:15,1913
2019-08-31 23:20,1898
2019-08-31 23:25,1893
2019-08-31 23:30,1875
2019-08-31 23:35,1864
2019-08-31 23:40,1840
2019-08-31 23:45,1848
2019-08-31 23:50,1817
2019-08-31 23:55,1812
2019-09-01 00:00,1813
2019-09-01 00:05,1799
2019-09-01 00:10,1804
2019-09-01 00:15,1788
2019-09-01 00:20,1777
2019-09-01 00:25,1740
2019-09-01 00:30,1733
2019-09-01 00:35,1699
2019-09-01 00:40,1685
2019-09-01 00:45,1693
2019-09-01 00:50,1692
2019-09-01 00:55,1702
2019-09-01 01:00,1681
2019-09-01 01:05,1686
2019-09-01 01:10,1675
2019-09-01 01:15,1693
2019-09-01 01:20,1678
2019-09-01 01:25,1690
2019-09-01 01:30,1691
2019-09-01 01:35,1695
2019-09-01 01:40,1709
2019-09-01 01:45,1695
2019-09-01 01:50,1678
2019-09-01 01:55,1681
2019-09-01 02:00,1665
2019-09-01 02:05,1655
2019-09-01 02:10,1659
2019-09-01 02:15,1657
2019-09-01 02:20,1637
2019-09-01 02:25,1612
2019-09-01 02:30,1589
2019-09-01 02:35,1579
2019-09-01 02:40,1567
2019-09-01 02:45,1574
2019-09-01 02:50,1588
2019-09-01 02:55,1571
2019-09-01 03:00,1560
2019-09-01 03:05,1560
2019-09-01 03:10,1562
2019-09-01 03:15,1548
2019-09-01 03:20,1517
2019-09-01 03:25,1518
2019-09-01 03:30,1483
2019-09-01 03:35,1479
2019-09-01 03:40,1467
2019-09-01 03:45,1459
2019-09-01 03:50,1466
2019-09-01 03:55,1459
2019-09-01 04:00,1432
2019-09-01 04:05,1403
2019-09-01 04:10,1387
2019-09-01 04:15,1367
2019-09-01 04:20,1355
2019-09-01 04:25,1338
2019-09-01 04:30,1346
2019-09-01 04:35,1351
2019-09-01 04:40,1343
2019-09-01 04:45,1330
2019-09-01 04:50,1333
2019-09-01 04:55,1339
2019-09-01 05:00,1330
2019-09-01 05:05,1333
2019-09-01 05:10,1320
2019-09-01 05:15,1324
2019-09-01 05:20,1340
2019-09-01 05:25,1325
2019-09-01 05:30,1323
2019-09-01 05:35,1317
2019-09-01 05:40,1326
2019-09-01 05:45,1335
2019-09-01 05:50,1332
2019-09-01 05:55,1325
2019-09-01 06:00,1320
2019-09-01 06:05,1310
2019-09-01 06:10,1307
2019-09-01 06:15,1305
2019-09-01 06:20,1302
2019-09-01 06:25,1298
2019-09-01 06:30,1308
2019-09-01 06:35,1326
2019-09-01 06:40,1332
2019-09-01 06:45,1329
2019-09-01 06:50,1321
2019-09-01 06:55,1327
2019-09-01 07:00,1344
2019-09-01 07:05,1341
2019-09-01 07:10,1336
2019-09-01 07:15,1344
2019-09-01 07:20,1340
2019-09-01 07:25,1342
2019-09-01 07:30,1380
2019-09-01 07:35,1387
2019-09-01 07:40,1400
2019-09-01 07:45,1407
2019-09-01 07:50,1446
2019-09-01 07:55,1438
2019-09-01 08:00,1432
2019-09-01 08:05,1448
2019-09-01 08:10,1451
2019-09-01 08:15,1453
2019-09-01 08:20,1457
2019-09-01 08:25,1501
2019-09-01 08:30,1843
2019-09-01 08:35,1849
2019-09-01 08:40,1881
2019-09-01 08:45,1901
2019-09-01 08:50,1594
2019-09-01 08:55,1599
2019-09-01 09:00,1619
2019-09-01 09:05,1626
2019-09-01 09:10,1657
2019-09-01 09:15,1682
2019-09-01 09:20,1706
2019-09-01 09:25,1706
2019-09-01 09:30,1719
2019-09-01 09:35,1728
2019-09-01 09:40,1736
2019-09-01 09:45,1752
2019-09-01 09:50,1780
2019-09-01 09:55,1787
2019-09-01 10:00,1800
2019-09-01 10:05,1807
2019-09-01 10:10,1837
2019-09-01 10:15,1849
2019-09-01 10:20,1869
2019-09-01 10:25,1886
2019-09-01 10:30,1910
2019-09-01 10:35,1900
2019-09-01 10:40,1910
2019-09-01 10:45,1933
2019-09-01 10:50,1944
2019-09-01 10:55,1947
2019-09-01 11:00,1943
2019-09-01 11:05,1949
2019-09-01 11:10,1968
2019-09-01 11:15,1980
2019-09-01 11:20,1989
2019-09-01 11:25,1991
2019-09-01 11:30,2022
2019-09-01 11:35,2027
2019-09-01 11:40,2030
2019-09-01 11:45,2042
2019-09-01 11:50,2054
2019-09-01 11:55,2101
2019-09-01 12:00,2068
2019-09-01 12:05,2083
2019-09-01 12:10,2123
2019-09-01 12:15,2124
2019-09-01 12:20,2140
2019-09-01 12:25,2159
2019-09-01 12:30,2174
2019-09-01 12:35,2176
2019-09-01 12:40,2183
2019-09-01 12:45,2172
2019-09-01 12:50,2181
2019-09-01 12:55,2222
2019-09-01 13:00,2243
2019-09-01 13:05,2248
2019-09-01 13:10,2261
2019-09-01 13:15,2268
2019-09-01 13:20,2289
2019-09-01 13:25,2286
2019-09-01 13:30,2330
2019-09-01 13:35,2329
2019-09-01 13:40,2338
2019-09-01 13:45,2354
2019-09-01 13:50,2363
2019-09-01 13:55,2380
2019-09-01 14:00,2402
2019-09-01 14:05,2404
2019-09-01 14:10,2413
2019-09-01 14:15,2441
2019-09-01 14:20,2448
2019-09-01 14:25,2456
2019-09-01 14:30,2446
2019-09-01 14:35,2465
2019-09-01 14:40,2469
2019-09-01 14:45,2492
2019-09-01 14:50,2495
2019-09-01 14:55,2514
2019-09-01 15:00,2539
2019-09-01 15:05,2555
2019-09-01 15:10,2563
2019-09-01 15:15,2567
2019-09-01 15:20,2596
2019-09-01 15:25,2617
2019-09-01 15:30,2617
2019-09-01 15:35,2637
2019-09-01 15:40,2638
2019-09-01 15:45,2658
2019-09-01 15:50,2677
2019-09-01 15:55,2707
2019-09-01 16:00,2708
2019-09-01 16:05,2700
2019-09-01 16:10,2683
2019-09-01 16:15,2673
2019-09-01 16:20,2691
2019-09-01 16:25,2699
2019-09-01 16:30,2702
2019-09-01 16:35,2712
2019-09-01 16:40,2705
2019-09-01 16:45,2715
2019-09-01 16:50,2713
2019-09-01 16:55,2857
2019-09-01 17:00,2903
2019-09-01 17:05,2889
2019-09-01 17:10,2890
2019-09-01 17:15,2864
2019-09-01 17:20,2732
2019-09-01 17:25,2726
2019-09-01 17:30,2728
2019-09-01 17:35,2755
2019-09-01 17:40,2773
2019-09-01 17:45,2785
2019-09-01 17:50,2787
2019-09-01 17:55,2809
2019-09-01 18:00,2818
2019-09-01 18:05,2824
2019-09-01 18:10,2825
2019-09-01 18:15,2830
2019-09-01 18:20,2827
2019-09-01 18:25,2803
2019-09-01 18:30,2793
2019-09-01 18:35,2800
2019-09-01 18:40,2792
2019-09-01 18:45,2774
2019-09-01 18:50,2767
2019-09-01 18:55,2782
2019-09-01 19:00,2763
2019-09-01 19:05,2744
2019-09-01 19:10,2710
2019-09-01 19:15,2703
2019-09-01 19:20,2688
2019-09-01 19:25,2656
2019-09-01 19:30,2636
2019-09-01 19:35,2634
2019-09-01 19:40,2648
2019-09-01 19:45,2625
2019-09-01 19:50,2607
2019-09-01 19:55,2587
2019-09-01 20:00,2604
2019-09-01 20:05,2590
2019-09-01 20:10,2579
2019-09-01 20:15,2560
2019-09-01 20:20,2577
2019-09-01 20:25,2554
2019-09-01 20:30,2527
2019-09-01 20:35,2521
2019-09-01 20:40,2525
2019-09-01 20:45,2479
2019-09-01 20:50,2473
2019-09-01 20:55,2443
2019-09-01 21:00,2415
2019-09-01 21:05,2377
2019-09-01 21:10,2371
2019-09-01 21:15,2357
2019-09-01 21:20,2354
2019-09-01 21:25,2326
2019-09-01 21:30,2308
2019-09-01 21:35,2288
2019-09-01 21:40,2273
2019-09-01 21:45,2252
2019-09-01 21:50,2243
2019-09-01 21:55,2230
2019-09-01 22:00,2187
2019-09-01 22:05,2162
2019-09-01 22:10,2145
2019-09-01 22:15,2122
2019-09-01 22:20,2098
2019-09-01 22:25,2086
2019-09-01 22:30,2068
2019-09-01 22:35,2058
2019-09-01 22:40,2046
2019-09-01 22:45,2042
2019-09-01 22:50,2039
2019-09-01 22:55,2026
2019-09-01 23:00,2006
2019-09-01 23:05,2000
2019-09-01 23:10,1949
2019-09-01 23:15,1924
2019-09-01 23:20,1931
2019-09-01 23:25,1914
2019-09-01 23:30,1872
2019-09-01 23:35,1846
2019-09-01 23:40,1860
2019-09-01 23:45,1859
2019-09-01 23:50,1837
2019-09-01 23:55,1812
2019-09-02 00:00,1797
2019-09-02 00:05,1772
2019-09-02 00:10,1767
2019-09-02 00:15,1766
2019-09-02 00:20,1750
2019-09-02 00:25,1744
2019-09-02 00:30,1739
2019-09-02 00:35,1717
2019-09-02 00:40,1722
2019-09-02 00:45,1735
2019-09-02 00:50,1715
2019-09-02 00:55,1700
2019-09-02 01:00,1702
2019-09-02 01:05,1701
2019-09-02 01:10,1692
2019-09-02 01:15,1689
2019-09-02 01:20,1671
2019-09-02 01:25,1671
2019-09-02 01:30,1670
2019-09-02 01:35,1649
2019-09-02 01:40,1651
2019-09-02 01:45,1642
2019-09-02 01:50,1632
2019-09-02 01:55,1617
2019-09-02 02:00,1614
2019-09-02 02:05,1607
2019-09-02 02:10,1609
2019-09-02 02:15,1594
2019-09-02 02:20,1593
2019-09-02 02:25,1589
2019-09-02 02:30,1566
2019-09-02 02:35,1575
2019-09-02 02:40,1565
2019-09-02 02:45,1573
2019-09-02 02:50,1564
2019-09-02 02:55,1555
2019-09-02 03:00,1544
2019-09-02 03:05,1524
2019-09-02 03:10,1493
2019-09-02 03:15,1490
2019-09-02 03:20,1480
2019-09-02 03:25,1465
2019-09-02 03:30,1449
2019-09-02 03:35,1436
2019-09-02 03:40,1427
2019-09-02 03:45,1433
2019-09-02 03:50,1426
2019-09-02 03:55,1416
2019-09-02 04:00,1419
2019-09-02 04:05,1401
2019-09-02 04:10,1379
2019-09-02 04:15,1380
2019-09-02 04:20,1364
2019-09-02 04:25,1342
2019-09-02 04:30,1335
2019-09-02 04:35,1323
2019-09-02 04:40,1319
2019-09-02 04:45,1303
2019-09-02 04:50,1304
2019-09-02 04:55,1308
2019-09-02 05:00,1302
2019-09-02 05:05,1290
2019-09-02 05:10,1273
2019-09-02 05:15,1257
2019-09-02 05:20,1226
2019-09-02 05:25,1230
2019-09-02 05:30,1206
2019-09-02 05:35,1211
2019-09-02 05:40,1207
2019-09-02 05:45,1195
2019-09-02 05:50,1192
2019-09-02 05:55,1189
2019-09-02 06:00,1195
2019-09-02 06:05,1188
2019-09-02 06:10,1185
2019-09-02 06:15,1191
2019-09-02 06:20,1180
2019-09-02 06:25,1174
2019-09-02 06:30,1173
2019-09-02 06:35,1169
2019-09-02 06:40,1148
2019-09-02 06:45,1146
2019-09-02 06:50,1144
2019-09-02 06:55,1140
2019-09-02 07:00,1129
2019-09-02 07:05,1109
2019-09-02 07:10,1113
2019-09-02 07:15,1112
2019-09-02 07:20,1115
2019-09-02 07:25,1123
2019-09-02 07:30,1134
2019-09-02 07:35,1136
2019-09-02 07:40,1130
2019-09-02 07:45,1144
2019-09-02 07:50,1151
2019-09-02 07:55,1149
2019-09-02 08:00,1144
2019-09-02 08:05,1137
2019-09-02 08:10,1142
2019-09-02 08:15,1145
2019-09-02 08:20,1158
2019-09-02 08:25,1154
2019-09-02 08:30,1180
2019-09-02 08:35,1184
2019-09-02 08:40,1187
2019-09-02 08:45,1187
2019-09-02 08:50,1187
2019-09-02 08:55,1190
2019-09-02 09:00,1186
2019-09-02 09:05,1186
2019-09-02 09:10,1189
2019-09-02 09:15,1187
2019-09-02 09:20,1221
2019-09-02 09:25,1219
2019-09-02 09:30,1225
2019-09-02 09:35,1232
2019-09-02 09:40,1247
2019-09-02 09:45,1250
2019-09-02 09:50,1267
2019-09-02 09:55,1288
2019-09-02 10:00,1293
2019-09-02 10:05,1340
2019-09-02 10:10,1362
2019-09-02 10:15,1366
2019-09-02 10:20,1368
2019-09-02 10:25,1385
2019-09-02 10:30,1389
2019-09-02 10:35,1380
2019-09-02 10:40,1386
2019-09-02 10:45,1400
2019-09-02 10:50,1418
2019-09-02 10:55,1423
2019-09-02 11:00,1435
2019-09-02 11:05,1463
2019-09-02 11:10,1482
2019-09-02 11:15,1499
2019-09-02 11:20,1517
2019-09-02 11:25,1522
2019-09-02 11:30,1526
2019-09-02 11:35,1550
2019-09-02 11:40,1557
2019-09-02 11:45,1576
2019-09-02 11:50,1569
2019-09-02 11:55,1579
2019-09-02 12:00,1576
2019-09-02 12:05,1591
2019-09-02 12:10,1596
2019-09-02 12:15,1623
2019-09-02 12:20,1623
2019-09-02 12:25,1643
2019-09-02 12:30,1653
2019-09-02 12:35,1658
2019-09-02 12:40,1680
2019-09-02 12:45,1692
2019-09-02 12:50,1706
2019-09-02 12:55,1717
2019-09-02 13:00,1728
2019-09-02 13:05,1746
2019-09-02 13:10,1764
2019-09-02 13:15,1764
2019-09-02 13:20,1781
2019-09-02 13:25,1798
2019-09-02 13:30,1806
2019-09-02 13:35,1833
2019-09-02 13:40,1843
2019-09-02 13:45,1854
2019-09-02 13:50,1867
2019-09-02 13:55,1878
2019-09-02 14:00,1901
2019-09-02 14:05,1924
2019-09-02 14:10,1944
2019-09-02 14:15,1953
2019-09-02 14:20,1977
2019-09-02 14:25,1992
2019-09-02 14:30,2038
2019-09-02 14:35,2067
2019-09-02 14:40,2082
2019-09-02 14:45,2088
2019-09-02 14:50,2109
2019-09-02 14:55,2113
2019-09-02 15:00,2118
2019-09-02 15:05,2148
2019-09-02 15:10,2169
2019-09-02 15:15,2184
2019-09-02 15:20,2214
2019-09-02 15:25,2239
2019-09-02 15:30,2275
2019-09-02 15:35,2286
2019-09-02 15:40,2320
2019-09-02 15:45,2365
2019-09-02 15:50,2398
2019-09-02 15:55,2399
2019-09-02 16:00,2429
2019-09-02 16:05,2435
2019-09-02 16:10,2462
2019-09-02 16:15,2490
2019-09-02 16:20,2512
2019-09-02 16:25,2526
2019-09-02 16:30,2543
2019-09-02 16:35,2531
2019-09-02 16:40,2530
2019-09-02 16:45,2551
2019-09-02 16:50,2565
2019-09-02 16:55,2550
2019-09-02 17:00,2560
2019-09-02 17:05,2573
2019-09-02 17:10,2584
2019-09-02 17:15,2595
2019-09-02 17:20,2596
2019-09-02 17:25,2605
2019-09-02 17:30,2642
2019-09-02 17:35,2632
2019-09-02 17:40,2653
2019-09-02 17:45,
2019-09-02 17:50,2679
2019-09-02 17:55,2696
2019-09-02 18:00,2698
2019-09-02 18:05,2680
2019-09-02 18:10,2689
2019-09-02 18:15,2697
2019-09-02 18:20,2696
2019-09-02 18:25,2702
2019-09-02 18:30,2701
2019-09-02 18:35,2697
2019-09-02 18:40,2705
2019-09-02 18:45,2716
2019-09-02 18:50,2736
2019-09-02 18:55,2752
2019-09-02 19:00,2747
2019-09-02 19:05,2725
2019-09-02 19:10,2743
2019-09-02 19:15,2724
2019-09-02 19:20,2708
2019-09-02 19:25,2686
2019-09-02 19:30,2674
2019-09-02 19:35,2638
2019-09-02 19:40,2634
2019-09-02 19:45,2639
2019-09-02 19:50,2643
2019-09-02 19:55,2638
2019-09-02 20:00,2634
2019-09-02 20:05,2639
2019-09-02 20:10,2629
2019-09-02 20:15,2585
2019-09-02 20:20,2561
2019-09-02 20:25,2539
2019-09-02 20:30,2566
2019-09-02 20:35,2552
2019-09-02 20:40,2526
2019-09-02 20:45,2507
2019-09-02 20:50,2466
2019-09-02 20:55,2457
2019-09-02 21:00,2434
2019-09-02 21:05,2403
2019-09-02 21:10,2383
2019-09-02 21:15,2339
2019-09-02 21:20,2313
2019-09-02 21:25,2279
2019-09-02 21:30,2236
2019-09-02 21:35,2221
2019-09-02 21:40,2197
2019-09-02 21:45,2189
2019-09-02 21:50,2153
2019-09-02 21:55,2132
2019-09-02 22:00,2103
2019-09-02 22:05,2085
2019-09-02 22:10,2078
2019-09-02 22:15,2044
2019-09-02 22:20,2044
2019-09-02 22:25,2017
2019-09-02 22:30,2017
2019-09-02 22:35,1999
2019-09-02 22:40,1985
2019-09-02 22:45,1994
2019-09-02 22:50,1980
2019-09-02 22:55,1987
2019-09-02 23:00,1966
2019-09-02 23:05,1951
2019-09-02 23:10,1941
2019-09-02 23:15,1930
2019-09-02 23:20,1918
2019-09-02 23:25,1903
2019-09-02 23:30,1879
2019-09-02 23:35,1865
2019-09-02 23:40,1826
2019-09-02 23:45,1817
2019-09-02 23:50,1813
2019-09-02 23:55,1795
2019-09-03 00:00,1769
2019-09-03 00:05,1766
2019-09-03 00:10,1779
2019-09-03 00:15,1769
2019-09-03 00:20,1766
2019-09-03 00:25,1752
2019-09-03 00:30,1758
2019-09-03 00:35,1736
2019-09-03 00:40,1723
2019-09-03 00:45,1711
2019-09-03 00:50,1693
2019-09-03 00:55,1713
2019-09-03 01:00,1710
2019-09-03 01:05,1675
2019-09-03 01:10,1664
2019-09-03 01:15,1643
2019-09-03 01:20,1640
2019-09-03 01:25,1644
2019-09-03 01:30,1617
2019-09-03 01:35,1628
2019-09-03 01:40,1627
2019-09-03 01:45,1618
2019-09-03 01:50,1625
2019-09-03 01:55,1600
2019-09-03 02:00,1585
2019-09-03 02:05,1580
2019-09-03 02:10,1578
2019-09-03 02:15,1573
2019-09-03 02:20,1552
2019-09-03 02:25,1539
2019-09-03 02:30,1535
2019-09-03 02:35,1517
2019-09-03 02:40,1520
2019-09-03 02:45,1496
2019-09-03 02:50,1488
2019-09-03 02:55,1468
2019-09-03 03:00,1446
2019-09-03 03:05,1419
2019-09-03 03:10,1418
2019-09-03 03:15,1397
2019-09-03 03:20,1387
2019-09-03 03:25,1369
2019-09-03 03:30,1351
2019-09-03 03:35,1338
2019-09-03 03:40,1325
2019-09-03 03:45,1324
2019-09-03 03:50,1307
2019-09-03 03:55,1292
2019-09-03 04:00,1274
2019-09-03 04:05,1242
2019-09-03 04:10,1208
2019-09-03 04:15,1176
2019-09-03 04:20,1182
2019-09-03 04:25,1165
2019-09-03 04:30,1167
2019-09-03 04:35,1157
2019-09-03 04:40,1159
2019-09-03 04:45,1139
2019-09-03 04:50,1125
2019-09-03 04:55,1115
2019-09-03 05:00,1117
2019-09-03 05:05,1100
2019-09-03 05:10,1091
2019-09-03 05:15,1064
2019-09-03 05:20,1066
2019-09-03 05:25,1049
2019-09-03 05:30,1041
2019-09-03 05:35,1036
2019-09-03 05:40,1028
2019-09-03 05:45,1018
2019-09-03 05:50,1023
2019-09-03 05:55,1018
2019-09-03 06:00,1012
2019-09-03 06:05,1011
2019-09-03 06:10,1016
2019-09-03 06:15,1020
2019-09-03 06:20,1016
2019-09-03 06:25,1004
2019-09-03 06:30,998
2019-09-03 06:35,1000
2019-09-03 06:40,1011
2019-09-03 06:45,1006
2019-09-03 06:50,1010
2019-09-03 06:55,1025
2019-09-03 07:00,1032
2019-09-03 07:05,1032
2019-09-03 07:10,1033
2019-09-03 07:15,1028
2019-09-03 07:20,1043
2019-09-03 07:25,1043
2019-09-03 07:30,1033
2019-09-03 07:35,1060
2019-09-03 07:40,1069
2019-09-03 07:45,1084
2019-09-03 07:50,1079
2019-09-03 07:55,1088
2019-09-03 08:00,1096
2019-09-03 08:05,1093
2019-09-03 08:10,1100
2019-09-03 08:15,1099
2019-09-03 08:20,1100
2019-09-03 08:25,1092
2019-09-03 08:30,1087
2019-09-03 08:35,1087
2019-09-03 08:40,1089
2019-09-03 08:45,1074
2019-09-03 08:50,1090
2019-09-03 08:55,1097
2019-09-03 09:00,1101
2019-09-03 09:05,1099
2019-09-03 09:10,1107
2019-09-03 09:15,1125
2019-09-03 09:20,1133
2019-09-03 09:25,1146
2019-09-03 09:30,1151
2019-09-03 09:35,1152
2019-09-03 09:40,1162
2019-09-03 09:45,1153
2019-09-03 09:50,1188
2019-09-03 09:55,1195
2019-09-03 10:00,1201
2019-09-03 10:05,1212
2019-09-03 10:10,1232
2019-09-03 10:15,1240
2019-09-03 10:20,1259
2019-09-03 10:25,1273
2019-09-03 10:30,1291
2019-09-03 10:35,1295
2019-09-03 10:40,1320
2019-09-03 10:45,1326
2019-09-03 10:50,1335
2019-09-03 10:55,1339
2019-09-03 11:00,1339
2019-09-03 11:05,1342
2019-09-03 11:10,1345
2019-09-03 11:15,1350
2019-09-03 11:20,1358
2019-09-03 11:25,1359
2019-09-03 11:30,1370
2019-09-03 11:35,1384
2019-09-03 11:40,1372
2019-09-03 11:45,1383
2019-09-03 11:50,1396
2019-09-03 11:55,1408
2019-09-03 12:00,1427
2019-09-03 12:05,1440
2019-09-03 12:10,1446
2019-09-03 12:15,1465
2019-09-03 12:20,1456
2019-09-03 12:25,1474
2019-09-03 12:30,1493
2019-09-03 12:35,1511
2019-09-03 12:40,1536
2019-09-03 12:45,1554
2019-09-03 12:50,1549
2019-09-03 12:55,1574
2019-09-03 13:00,1567
2019-09-03 13:05,1576
2019-09-03 13:10,1585
2019-09-03 13:15,1579
2019-09-03 13:20,1575
2019-09-03 13:25,1591
2019-09-03 13:30,1602
2019-09-03 13:35,1599
2019-09-03 13:40,1631
2019-09-03 13:45,1620
2019-09-03 13:50,1626
2019-09-03 13:55,1651
2019-09-03 14:00,1661
2019-09-03 14:05,1666
2019-09-03 14:10,1676
2019-09-03 14:15,1695
2019-09-03 14:20,1707
2019-09-03 14:25,1719
2019-09-03 14:30,1724
2019-09-03 14:35,1757
2019-09-03 14:40,1775
2019-09-03 14:45,1775
2019-09-03 14:50,1795
2019-09-03 14:55,1814
2019-09-03 15:00,1850
2019-09-03 15:05,1871
2019-09-03 15:10,1892
2019-09-03 15:15,1893
2019-09-03 15:20,1902
2019-09-03 15:25,1916
2019-09-03 15:30,1954
2019-09-03 15:35,2007
2019-09-03 15:40,2004
2019-09-03 15:45,2034
2019-09-03 15:50,2054
2019-09-03 15:55,2078
2019-09-03 16:00,2095
2019-09-03 16:05,2105
2019-09-03 16:10,2107
2019-09-03 16:15,2128
2019-09-03 16:20,2143
2019-09-03 16:25,2164
2019-09-03 16:30,2186
2019-09-03 16:35,2189
2019-09-03 16:40,2184
2019-09-03 16:45,2195
2019-09-03 16:50,2198
2019-09-03 16:55,2231
2019-09-03 17:00,2259
2019-09-03 17:05,2258
2019-09-03 17:10,2282
2019-09-03 17:15,2290
2019-09-03 17:20,2296
2019-09-03 17:25,2303
2019-09-03 17:30,2312
2019-09-03 17:35,2298
2019-09-03 17:40,2305
2019-09-03 17:45,2200
2019-09-03 17:50,2305
2019-09-03 17:55,2303
2019-09-03 18:00,2319
2019-09-03 18:05,2341
2019-09-03 18:10,2353
2019-09-03 18:15,2330
2019-09-03 18:20,2331
2019-09-03 18:25,2347
2019-09-03 18:30,2364
2019-09-03 18:35,2371
2019-09-03 18:40,2381
2019-09-03 18:45,2390
2019-09-03 18:50,2395
2019-09-03 18:55,2370
2019-09-03 19:00,2359
2019-09-03 19:05,2341
2019-09-03 19:10,2323
2019-09-03 19:15,2315
2019-09-03 19:20,2323
2019-09-03 19:25,2312
2019-09-03 19:30,2295
2019-09-03 19:35,2303
2019-09-03 19:40,2274
2019-09-03 19:45,2271
2019-09-03 19:50,2258
2019-09-03 19:55,2250
2019-09-03 20:00,2229
2019-09-03 20:05,2221
2019-09-03 20:10,2225
2019-09-03 20:15,2204
2019-09-03 20:20,2194
2019-09-03 20:25,2164
2019-09-03 20:30,2165
2019-09-03 20:35,2142
2019-09-03 20:40,2119
2019-09-03 20:45,2104
2019-09-03 20:50,2106
2019-09-03 20:55,2092
2019-09-03 21:00,2065
2019-09-03 21:05,2051
2019-09-03 21:10,2014
2019-09-03 21:15,1986
2019-09-03 21:20,1968
2019-09-03 21:25,1958
2019-09-03 21:30,1945
2019-09-03 21:35,1940
2019-09-03 21:40,1935
2019-09-03 21:45,1911
2019-09-03 21:50,1884
2019-09-03 21:55,1902
2019-09-03 22:00,1880
2019-09-03 22:05,1846
2019-09-03 22:10,1812
2019-09-03 22:15,1789
2019-09-03 22:20,
2019-09-03 22:25,
2019-09-03 22:30,
2019-09-03 22:35,1417
2019-09-03 22:40,1688
2019-09-03 22:45,1703
2019-09-03 22:50,1689
2019-09-03 22:55,1690
2019-09-03 23:00,1676
2019-09-03 23:05,1659
2019-09-03 23:10,1654
2019-09-03 23:15,1643
2019-09-03 23:20,1626
2019-09-03 23:25,1606
2019-09-03 23:30,1601
2019-09-03 23:35,1574
2019-09-03 23:40,1569
2019-09-03 23:45,1569
2019-09-03 23:50,1562
2019-09-03 23:55,1533
2019-09-04 00:00,1550
2019-09-04 00:05,1532
2019-09-04 00:10,1541
2019-09-04 00:15,1519
2019-09-04 00:20,1527
2019-09-04 00:25,1538
2019-09-04 00:30,1534
2019-09-04 00:35,1536
2019-09-04 00:40,1528
2019-09-04 00:45,1527
2019-09-04 00:50,1515
2019-09-04 00:55,1514
2019-09-04 01:00,1510
2019-09-04 01:05,1489
2019-09-04 01:10,1500
2019-09-04 01:15,1481
2019-09-04 01:20,1464
2019-09-04 01:25,1454
2019-09-04 01:30,1447
2019-09-04 01:35,1475
2019-09-04 01:40,1456
2019-09-04 01:45,1453
2019-09-04 01:50,1436
2019-09-04 01:55,1438
2019-09-04 02:00,1411
2019-09-04 02:05,1397
2019-09-04 02:10,1382
2019-09-04 02:15,1373
2019-09-04 02:20,1358
2019-09-04 02:25,1347
2019-09-04 02:30,1336
2019-09-04 02:35,1340
2019-09-04 02:40,1335
2019-09-04 02:45,1329
2019-09-04 02:50,1334
2019-09-04 02:55,1330
2019-09-04 03:00,1341
2019-09-04 03:05,1313
2019-09-04 03:10,1299
2019-09-04 03:15,1298
2019-09-04 03:20,1283
2019-09-04 03:25,1274
2019-09-04 03:30,1266
2019-09-04 03:35,1250
2019-09-04 03:40,1225
2019-09-04 03:45,1212
2019-09-04 03:50,1207
2019-09-04 03:55,1193
2019-09-04 04:00,1187
2019-09-04 04:05,1165
2019-09-04 04:10,1142
2019-09-04 04:15,1120
2019-09-04 04:20,1090
2019-09-04 04:25,1084
2019-09-04 04:30,1075
2019-09-04 04:35,1066
2019-09-04 04:40,1046
2019-09-04 04:45,1040
2019-09-04 04:50,1020
2019-09-04 04:55,1020
2019-09-04 05:00,1014
2019-09-04 05:05,1004
2019-09-04 05:10,997
2019-09-04 05:15,985
2019-09-04 05:20,988
2019-09-04 05:25,1001
2019-09-04 05:30,1011
2019-09-04 05:35,989
2019-09-04 05:40,976
2019-09-04 05:45,978
2019-09-04 05:50,978
2019-09-04 05:55,972
2019-09-04 06:00,957
2019-09-04 06:05,965
2019-09-04 06:10,963
2019-09-04 06:15,954
2019-09-04 06:20,962
2019-09-04 06:25,965
2019-09-04 06:30,954
2019-09-04 06:35,958
2019-09-04 06:40,970
2019-09-04 06:45,982
2019-09-04 06:50,977
2019-09-04 06:55,974
2019-09-04 07:00,975
2019-09-04 07:05,960
2019-09-04 07:10,970
2019-09-04 07:15,980
2019-09-04 07:20,989
2019-09-04 07:25,987
2019-09-04 07:30,1001
2019-09-04 07:35,1014
2019-09-04 07:40,1019
2019-09-04 07:45,1020
2019-09-04 07:50,1023
2019-09-04 07:55,1002
2019-09-04 08:00,995
2019-09-04 08:05,1009
2019-09-04 08:10,1022
2019-09-04 08:15,1017
2019-09-04 08:20,1020
2019-09-04 08:25,1031
2019-09-04 08:30,1026
2019-09-04 08:35,1024
2019-09-04 08:40,1043
2019-09-04 08:45,1036
2019-09-04 08:50,1045
2019-09-04 08:55,1041
2019-09-04 09:00,1058
2019-09-04 09:05,1066
2019-09-04 09:10,1081
2019-09-04 09:15,1087
2019-09-04 09:20,1098
2019-09-04 09:25,1099
2019-09-04 09:30,1111
2019-09-04 09:35,1119
2019-09-04 09:40,1106
2019-09-04 09:45,1120
2019-09-04 09:50,1137
2019-09-04 09:55,1148
2019-09-04 10:00,1175
2019-09-04 10:05,1199
2019-09-04 10:10,1226
2019-09-04 10:15,1237
2019-09-04 10:20,1246
2019-09-04 10:25,1264
2019-09-04 10:30,1277
2019-09-04 10:35,1277
2019-09-04 10:40,1301
2019-09-04 10:45,1322
2019-09-04 10:50,1327
2019-09-04 10:55,1331
2019-09-04 11:00,1344
2019-09-04 11:05,1334
2019-09-04 11:10,1333
2019-09-04 11:15,1335
2019-09-04 11:20,1341
2019-09-04 11:25,1351
2019-09-04 11:30,1353
2019-09-04 11:35,1354
2019-09-04 11:40,1359
2019-09-04 11:45,1382
2019-09-04 11:50,1392
2019-09-04 11:55,1405
2019-09-04 12:00,1406
2019-09-04 12:05,1407
2019-09-04 12:10,1444
2019-09-04 12:15,1441
2019-09-04 12:20,1446
2019-09-04 12:25,1445
2019-09-04 12:30,1457
2019-09-04 12:35,1476
2019-09-04 12:40,1484
2019-09-04 12:45,1481
2019-09-04 12:50,1503
2019-09-04 12:55,1510
2019-09-04 13:00,1528
2019-09-04 13:05,1536
2019-09-04 13:10,1551
2019-09-04 13:15,1565
2019-09-04 13:20,1588
2019-09-04 13:25,1594
2019-09-04 13:30,1577
2019-09-04 13:35,1578
2019-09-04 13:40,1588
2019-09-04 13:45,1592
2019-09-04 13:50,1608
2019-09-04 13:55,1619
2019-09-04 14:00,1639
2019-09-04 14:05,1657
2019-09-04 14:10,1655
2019-09-04 14:15,1680
2019-09-04 14:20,1675
2019-09-04 14:25,1695
2019-09-04 14:30,1703
2019-09-04 14:35,1704
2019-09-04 14:40,1727
2019-09-04 14:45,1743
2019-09-04 14:50,1769
2019-09-04 14:55,1792
2019-09-04 15:00,1787
2019-09-04 15:05,1808
2019-09-04 15:10,1819
2019-09-04 15:15,1818
2019-09-04 15:20,1848
2019-09-04 15:25,1845
2019-09-04 15:30,1879
2019-09-04 15:35,1887
2019-09-04 15:40,1902
2019-09-04 15:45,1914
2019-09-04 15:50,1922
2019-09-04 15:55,1941
2019-09-04 16:00,1943
2019-09-04 16:05,1944
2019-09-04 16:10,1947
2019-09-04 16:15,1961
2019-09-04 16:20,1971
2019-09-04 16:25,1959
2019-09-04 16:30,1990
2019-09-04 16:35,2000
2019-09-04 16:40,1989
2019-09-04 16:45,2007
2019-09-04 16:50,2004
2019-09-04 16:55,2002
2019-09-04 17:00,2034
2019-09-04 17:05,2051
2019-09-04 17:10,2062
2019-09-04 17:15,2073
2019-09-04 17:20,2101
2019-09-04 17:25,2124
2019-09-04 17:30,2110
2019-09-04 17:35,2127
2019-09-04 17:40,2158
2019-09-04 17:45,2175
2019-09-04 17:50,2172
2019-09-04 17:55,2174
2019-09-04 18:00,2182
2019-09-04 18:05,2175
2019-09-04 18:10,2173
2019-09-04 18:15,2192
2019-09-04 18:20,2180
2019-09-04 18:25,2178
2019-09-04 18:30,2179
2019-09-04 18:35,2213
2019-09-04 18:40,2228
2019-09-04 18:45,2258
2019-09-04 18:50,2281
2019-09-04 18:55,2286
2019-09-04 19:00,2268
2019-09-04 19:05,2257
2019-09-04 19:10,2251
2019-09-04 19:15,2262
2019-09-04 19:20,2259
2019-09-04 19:25,2282
2019-09-04 19:30,2300
2019-09-04 19:35,2288
2019-09-04 19:40,2279
2019-09-04 19:45,2250
2019-09-04 19:50,2248
2019-09-04 19:55,2229
2019-09-04 20:00,2214
2019-09-04 20:05,2207
2019-09-04 20:10,2189
2019-09-04 20:15,2178
2019-09-04 20:20,2154
2019-09-04 20:25,2127
2019-09-04 20:30,2101
2019-09-04 20:35,2085
2019-09-04 20:40,2054
2019-09-04 20:45,2021
2019-09-04 20:50,2008
2019-09-04 20:55,1988
2019-09-04 21:00,1974
2019-09-04 21:05,1946
2019-09-04 21:10,1935
2019-09-04 21:15,1932
2019-09-04 21:20,1928
2019-09-04 21:25,1930
2019-09-04 21:30,1907
2019-09-04 21:35,1853
2019-09-04 21:40,1830
2019-09-04 21:45,1820
2019-09-04 21:50,1811
2019-09-04 21:55,1820
2019-09-04 22:00,1813
2019-09-04 22:05,1785
2019-09-04 22:10,1775
2019-09-04 22:15,1763
2019-09-04 22:20,1744
2019-09-04 22:25,1731
2019-09-04 22:30,1706
2019-09-04 22:35,1685
2019-09-04 22:40,1689
2019-09-04 22:45,1690
2019-09-04 22:50,1662
2019-09-04 22:55,1655
2019-09-04 23:00,1658
2019-09-04 23:05,1642
2019-09-04 23:10,1651
2019-09-04 23:15,1664
2019-09-04 23:20,1645
2019-09-04 23:25,1617
2019-09-04 23:30,1583
2019-09-04 23:35,1571
2019-09-04 23:40,1583
2019-09-04 23:45,1561
2019-09-04 23:50,1548
2019-09-04 23:55,1543
2019-09-05 00:00,1529
2019-09-05 00:05,1523
2019-09-05 00:10,1531
2019-09-05 00:15,1527
2019-09-05 00:20,1515
2019-09-05 00:25,1515
2019-09-05 00:30,1505
2019-09-05 00:35,1499
2019-09-05 00:40,1487
2019-09-05 00:45,1487
2019-09-05 00:50,1497
2019-09-05 00:55,1490
2019-09-05 01:00,1471
2019-09-05 01:05,1464
2019-09-05 01:10,1455
2019-09-05 01:15,1455
2019-09-05 01:20,1432
2019-09-05 01:25,1429
2019-09-05 01:30,1446
2019-09-05 01:35,1443
2019-09-05 01:40,1423
2019-09-05 01:45,1417
2019-09-05 01:50,1415
2019-09-05 01:55,1408
2019-09-05 02:00,1401
2019-09-05 02:05,1402
2019-09-05 02:10,1404
2019-09-05 02:15,1375
2019-09-05 02:20,1357
2019-09-05 02:25,1373
2019-09-05 02:30,1372
2019-09-05 02:35,1353
2019-09-05 02:40,1346
2019-09-05 02:45,1340
2019-09-05 02:50,1309
2019-09-05 02:55,1310
2019-09-05 03:00,1292
2019-09-05 03:05,1275
2019-09-05 03:10,1249
2019-09-05 03:15,1254
2019-09-05 03:20,1237
2019-09-05 03:25,1213
2019-09-05 03:30,1212
2019-09-05 03:35,1196
2019-09-05 03:40,1191
2019-09-05 03:45,1181
2019-09-05 03:50,1152
2019-09-05 03:55,1135
2019-09-05 04:00,1107
2019-09-05 04:05,1098
2019-09-05 04:10,1080
2019-09-05 04:15,1064
2019-09-05 04:20,1054
2019-09-05 04:25,1045
2019-09-05 04:30,1039
2019-09-05 04:35,1033
2019-09-05 04:40,1030
2019-09-05 04:45,1031
2019-09-05 04:50,1028
2019-09-05 04:55,1015
2019-09-05 05:00,998
2019-09-05 05:05,997
2019-09-05 05:10,986
2019-09-05 05:15,976
2019-09-05 05:20,969
2019-09-05 05:25,961
2019-09-05 05:30,945
2019-09-05 05:35,940
2019-09-05 05:40,947
2019-09-05 05:45,944
2019-09-05 05:50,925
2019-09-05 05:55,938
2019-09-05 06:00,940
2019-09-05 06:05,942
2019-09-05 06:10,937
2019-09-05 06:15,925
2019-09-05 06:20,940
2019-09-05 06:25,926
2019-09-05 06:30,921
2019-09-05 06:35,931
2019-09-05 06:40,938
2019-09-05 06:45,936
2019-09-05 06:50,952
2019-09-05 06:55,951
2019-09-05 07:00,944
2019-09-05 07:05,956
2019-09-05 07:10,949
2019-09-05 07:15,948
2019-09-05 07:20,946
2019-09-05 07:25,947
2019-09-05 07:30,948
2019-09-05 07:35,963
2019-09-05 07:40,963
2019-09-05 07:45,966
2019-09-05 07:50,965
2019-09-05 07:55,969
2019-09-05 08:00,961
2019-09-05 08:05,968
2019-09-05 08:10,991
2019-09-05 08:15,995
2019-09-05 08:20,999
2019-09-05 08:25,1000
2019-09-05 08:30,1008
2019-09-05 08:35,1003
2019-09-05 08:40,1022
2019-09-05 08:45,1022
2019-09-05 08:50,1037
2019-09-05 08:55,1036
2019-09-05 09:00,1030
2019-09-05 09:05,1031
2019-09-05 09:10,1050
2019-09-05 09:15,1075
2019-09-05 09:20,1080
2019-09-05 09:25,1074
2019-09-05 09:30,1075
2019-09-05 09:35,1097
2019-09-05 09:40,1086
2019-09-05 09:45,1105
2019-09-05 09:50,1107
2019-09-05 09:55,1107
2019-09-05 10:00,1122
2019-09-05 10:05,1146
2019-09-05 10:10,1181
2019-09-05 10:15,1186
2019-09-05 10:20,1206
2019-09-05 10:25,1219
2019-09-05 10:30,1238
2019-09-05 10:35,1229
2019-09-05 10:40,1246
2019-09-05 10:45,1255
2019-09-05 10:50,1255
2019-09-05 10:55,1267
2019-09-05 11:00,1263
2019-09-05 11:05,1292
2019-09-05 11:10,1287
2019-09-05 11:15,1302
2019-09-05 11:20,1285
2019-09-05 11:25,1322
2019-09-05 11:30,1311
2019-09-05 11:35,1300
2019-09-05 11:40,1296
2019-09-05 11:45,1296
2019-09-05 11:50,1315
2019-09-05 11:55,1321
2019-09-05 12:00,1325
2019-09-05 12:05,1340
2019-09-05 12:10,1353
2019-09-05 12:15,1358
2019-09-05 12:20,1368
2019-09-05 12:25,1383
2019-09-05 12:30,1395
2019-09-05 12:35,1402
2019-09-05 12:40,1408
2019-09-05 12:45,1436
2019-09-05 12:50,1429
2019-09-05 12:55,1443
2019-09-05 13:00,1448
2019-09-05 13:05,1465
2019-09-05 13:10,1469
2019-09-05 13:15,1466
2019-09-05 13:20,1474
2019-09-05 13:25,1499
2019-09-05 13:30,1493
2019-09-05 13:35,1502
2019-09-05 13:40,1478
2019-09-05 13:45,1500
2019-09-05 13:50,1525
2019-09-05 13:55,1559
2019-09-05 14:00,1579
2019-09-05 14:05,1583
2019-09-05 14:10,1592
2019-09-05 14:15,1601
2019-09-05 14:20,1595
2019-09-05 14:25,1599
2019-09-05 14:30,1593
2019-09-05 14:35,1594
2019-09-05 14:40,1605
2019-09-05 14:45,1620
2019-09-05 14:50,1608
2019-09-05 14:55,1604
2019-09-05 15:00,1616
2019-09-05 15:05,1643
2019-09-05 15:10,1654
2019-09-05 15:15,1674
2019-09-05 15:20,1701
2019-09-05 15:25,1706
2019-09-05 15:30,1737
2019-09-05 15:35,1769
2019-09-05 15:40,1767
2019-09-05 15:45,1782
2019-09-05 15:50,1790
2019-09-05 15:55,1802
2019-09-05 16:00,1831
2019-09-05 16:05,1864
2019-09-05 16:10,1877
2019-09-05 16:15,1896
2019-09-05 16:20,1917
2019-09-05 16:25,1888
2019-09-05 16:30,1917
2019-09-05 16:35,1959
2019-09-05 16:40,1956
2019-09-05 16:45,1967
2019-09-05 16:50,1991
2019-09-05 16:55,2005
2019-09-05 17:00,2010
2019-09-05 17:05,2014
2019-09-05 17:10,2032
2019-09-05 17:15,2048
2019-09-05 17:20,2064
2019-09-05 17:25,2082
2019-09-05 17:30,2089
2019-09-05 17:35,2114
2019-09-05 17:40,2146
2019-09-05 17:45,2156
2019-09-05 17:50,2150
2019-09-05 17:55,2167
2019-09-05 18:00,2164
2019-09-05 18:05,2175
2019-09-05 18:10,2159
2019-09-05 18:15,2171
2019-09-05 18:20,2148
2019-09-05 18:25,2149
2019-09-05 18:30,2152
2019-09-05 18:35,2159
2019-09-05 18:40,2157
2019-09-05 18:45,2157
2019-09-05 18:50,2138
2019-09-05 18:55,2159
2019-09-05 19:00,2163
2019-09-05 19:05,2156
2019-09-05 19:10,2151
2019-09-05 19:15,2127
2019-09-05 19:20,2114
2019-09-05 19:25,2119
2019-09-05 19:30,2114
2019-09-05 19:35,2117
2019-09-05 19:40,2117
2019-09-05 19:45,2126
2019-09-05 19:50,2094
2019-09-05 19:55,2080
2019-09-05 20:00,2086
2019-09-05 20:05,2054
2019-09-05 20:10,2053
2019-09-05 20:15,2008
2019-09-05 20:20,2004
2019-09-05 20:25,1986
2019-09-05 20:30,1954
2019-09-05 20:35,1934
2019-09-05 20:40,1917
2019-09-05 20:45,1896
2019-09-05 20:50,1873
2019-09-05 20:55,1859
2019-09-05 21:00,1845
2019-09-05 21:05,1827
2019-09-05 21:10,1823
2019-09-05 21:15,1788
2019-09-05 21:20,1775
2019-09-05 21:25,1767
2019-09-05 21:30,1741
2019-09-05 21:35,1707
2019-09-05 21:40,1679
2019-09-05 21:45,1668
2019-09-05 21:50,1648
2019-09-05 21:55,1608
2019-09-05 22:00,1608
2019-09-05 22:05,1602
2019-09-05 22:10,1610
2019-09-05 22:15,1599
2019-09-05 22:20,1599
2019-09-05 22:25,1584
2019-09-05 22:30,1593
2019-09-05 22:35,1596
2019-09-05 22:40,1595
2019-09-05 22:45,1591
2019-09-05 22:50,1585
2019-09-05 22:55,1585
2019-09-05 23:00,1572
2019-09-05 23:05,0
2019-09-05 23:10,1557
2019-09-05 23:15,1556
2019-09-05 23:20,1561
2019-09-05 23:25,1552
2019-09-05 23:30,1524
2019-09-05 23:35,1524
2019-09-05 23:40,1506
2019-09-05 23:45,1488
2019-09-05 23:50,1473
2019-09-05 23:55,1486
2019-09-06 00:00,1477
2019-09-06 00:05,1482
2019-09-06 00:10,1471
2019-09-06 00:15,1462
2019-09-06 00:20,1461
2019-09-06 00:25,1456
2019-09-06 00:30,1460
2019-09-06 00:35,1459
2019-09-06 00:40,1462
2019-09-06 00:45,1477
2019-09-06 00:50,1479
2019-09-06 00:55,1480
2019-09-06 01:00,1463
2019-09-06 01:05,1440
2019-09-06 01:10,1430
2019-09-06 01:15,1425
2019-09-06 01:20,1410
2019-09-06 01:25,1406
2019-09-06 01:30,1424
2019-09-06 01:35,1408
2019-09-06 01:40,1407
2019-09-06 01:45,1402
2019-09-06 01:50,1392
2019-09-06 01:55,1382
2019-09-06 02:00,1379
2019-09-06 02:05,1362
2019-09-06 02:10,1357
2019-09-06 02:15,1376
2019-09-06 02:20,1354
2019-09-06 02:25,1325
2019-09-06 02:30,1302
2019-09-06 02:35,1291
2019-09-06 02:40,1267
2019-09-06 02:45,1260
2019-09-06 02:50,1264
2019-09-06 02:55,1255
2019-09-06 03:00,1226
2019-09-06 03:05,1212
2019-09-06 03:10,1193
2019-09-06 03:15,1167
2019-09-06 03:20,1162
2019-09-06 03:25,1161
2019-09-06 03:30,1158
2019-09-06 03:35,1135
2019-09-06 03:40,1102
2019-09-06 03:45,1110
2019-09-06 03:50,1105
2019-09-06 03:55,1083
2019-09-06 04:00,1077
2019-09-06 04:05,1078
2019-09-06 04:10,1077
2019-09-06 04:15,1069
2019-09-06 04:20,1078
2019-09-06 04:25,1063
2019-09-06 04:30,1050
2019-09-06 04:35,1047
2019-09-06 04:40,1055
2019-09-06 04:45,1045
2019-09-06 04:50,1040
2019-09-06 04:55,1014
2019-09-06 05:00,1002
2019-09-06 05:05,984
2019-09-06 05:10,973
2019-09-06 05:15,975
2019-09-06 05:20,956
2019-09-06 05:25,949
2019-09-06 05:30,940
2019-09-06 05:35,939
2019-09-06 05:40,947
2019-09-06 05:45,940
2019-09-06 05:50,943
2019-09-06 05:55,943
2019-09-06 06:00,933
2019-09-06 06:05,937
2019-09-06 06:10,933
2019-09-06 06:15,923
2019-09-06 06:20,920
2019-09-06 06:25,933
2019-09-06 06:30,937
2019-09-06 06:35,942
2019-09-06 06:40,965
2019-09-06 06:45,959
2019-09-06 06:50,947
2019-09-06 06:55,961
2019-09-06 07:00,960
2019-09-06 07:05,957
2019-09-06 07:10,969
2019-09-06 07:15,955
2019-09-06 07:20,958
2019-09-06 07:25,947
2019-09-06 07:30,955
2019-09-06 07:35,957
2019-09-06 07:40,965
2019-09-06 07:45,973
2019-09-06 07:50,979
2019-09-06 07:55,977
2019-09-06 08:00,976
2019-09-06 08:05,992
2019-09-06 08:10,999
2019-09-06 08:15,999
2019-09-06 08:20,1012
2019-09-06 08:25,1007
2019-09-06 08:30,1009
2019-09-06 08:35,1016
2019-09-06 08:40,1016
2019-09-06 08:45,1009
2019-09-06 08:50,1020
2019-09-06 08:55,1008
2019-09-06 09:00,1011
2019-09-06 09:05,1023
2019-09-06 09:10,1035
2019-09-06 09:15,1043
2019-09-06 09:20,1056
2019-09-06 09:25,1074
2019-09-06 09:30,1085
2019-09-06 09:35,1070
2019-09-06 09:40,1088
2019-09-06 09:45,1088
2019-09-06 09:50,1090
2019-09-06 09:55,1113
2019-09-06 10:00,1160
2019-09-06 10:05,1179
2019-09-06 10:10,1201
2019-09-06 10:15,1215
2019-09-06 10:20,1240
2019-09-06 10:25,1268
2019-09-06 10:30,1273
2019-09-06 10:35,1275
2019-09-06 10:40,1283
2019-09-06 10:45,1279
2019-09-06 10:50,1287
2019-09-06 10:55,1308
2019-09-06 11:00,1319
2019-09-06 11:05,1314
2019-09-06 11:10,1310
2019-09-06 11:15,1341
2019-09-06 11:20,1356
2019-09-06 11:25,1351
2019-09-06 11:30,1380
2019-09-06 11:35,1363
2019-09-06 11:40,1376
2019-09-06 11:45,1391
2019-09-06 11:50,1386
2019-09-06 11:55,1392
2019-09-06 12:00,1377
2019-09-06 12:05,1391
2019-09-06 12:10,1400
2019-09-06 12:15,1429
2019-09-06 12:20,1433
2019-09-06 12:25,1457
2019-09-06 12:30,1470
2019-09-06 12:35,1469
2019-09-06 12:40,1483
2019-09-06 12:45,1486
2019-09-06 12:50,1480
2019-09-06 12:55,1489
2019-09-06 13:00,1488
2019-09-06 13:05,1490
2019-09-06 13:10,1493
2019-09-06 13:15,1503
2019-09-06 13:20,1512
2019-09-06 13:25,1516
2019-09-06 13:30,1506
2019-09-06 13:35,1483
2019-09-06 13:40,1441
2019-09-06 13:45,1410
2019-09-06 13:50,1394
2019-09-06 13:55,1312
2019-09-06 14:00,1124
2019-09-06 14:05,782
2019-09-06 14:10,728
2019-09-06 14:15,712
2019-09-06 14:20,677
2019-09-06 14:25,654
2019-09-06 14:30,660
2019-09-06 14:35,639
2019-09-06 14:40,635
2019-09-06 14:45,629
2019-09-06 14:50,629
2019-09-06 14:55,644
2019-09-06 15:00,650
2019-09-06 15:05,669
2019-09-06 15:10,714
2019-09-06 15:15,735
2019-09-06 15:20,756
2019-09-06 15:25,796
2019-09-06 15:30,891
2019-09-06 15:35,1018
2019-09-06 15:40,1128
2019-09-06 15:45,1235
2019-09-06 15:50,1341
2019-09-06 15:55,1405
2019-09-06 16:00,1493
2019-09-06 16:05,1565
2019-09-06 16:10,1637
2019-09-06 16:15,1705
2019-09-06 16:20,1781
2019-09-06 16:25,1860
2019-09-06 16:30,1901
2019-09-06 16:35,1947
2019-09-06 16:40,1984
2019-09-06 16:45,2002
2019-09-06 16:50,2021
2019-09-06 16:55,2041
2019-09-06 17:00,2055
2019-09-06 17:05,2073
2019-09-06 17:10,1911
2019-09-06 17:15,2077
2019-09-06 17:20,2100
2019-09-06 17:25,2127
2019-09-06 17:30,2134
2019-09-06 17:35,2168
2019-09-06 17:40,2142
2019-09-06 17:45,2149
2019-09-06 17:50,2160
2019-09-06 17:55,2175
2019-09-06 18:00,2166
2019-09-06 18:05,2137
2019-09-06 18:10,2131
2019-09-06 18:15,2148
2019-09-06 18:20,2155
2019-09-06 18:25,2157
2019-09-06 18:30,2169
2019-09-06 18:35,2185
2019-09-06 18:40,2206
2019-09-06 18:45,2199
2019-09-06 18:50,2199
2019-09-06 18:55,2202
2019-09-06 19:00,2194
2019-09-06 19:05,2186
2019-09-06 19:10,2199
2019-09-06 19:15,2201
2019-09-06 19:20,2223
2019-09-06 19:25,2223
2019-09-06 19:30,2198
2019-09-06 19:35,2204
2019-09-06 19:40,2197
2019-09-06 19:45,2194
2019-09-06 19:50,2198
2019-09-06 19:55,2161
2019-09-06 20:00,2149
2019-09-06 20:05,2113
2019-09-06 20:10,2105
2019-09-06 20:15,2117
2019-09-06 20:20,2085
2019-09-06 20:25,2086
2019-09-06 20:30,2091
2019-09-06 20:35,2094
2019-09-06 20:40,2095
2019-09-06 20:45,2101
2019-09-06 20:50,2103
2019-09-06 20:55,2093
2019-09-06 21:00,2088
2019-09-06 21:05,2063
2019-09-06 21:10,2061
2019-09-06 21:15,2022
2019-09-06 21:20,1997
2019-09-06 21:25,1972
2019-09-06 21:30,1958
2019-09-06 21:35,1956
2019-09-06 21:40,1930
2019-09-06 21:45,1917
2019-09-06 21:50,1912
2019-09-06 21:55,1876
2019-09-06 22:00,1863
2019-09-06 22:05,1850
2019-09-06 22:10,1846
2019-09-06 22:15,1837
2019-09-06 22:20,1848
2019-09-06 22:25,1838
2019-09-06 22:30,1828
2019-09-06 22:35,1815
2019-09-06 22:40,1813
2019-09-06 22:45,1811
2019-09-06 22:50,1802
2019-09-06 22:55,1798
2019-09-06 23:00,1790
2019-09-06 23:05,1756
2019-09-06 23:10,1726
2019-09-06 23:15,1733
2019-09-06 23:20,0
2019-09-06 23:25,1727
2019-09-06 23:30,1719
2019-09-06 23:35,1696
2019-09-06 23:40,1704
2019-09-06 23:45,1689
2019-09-06 23:50,1679
2019-09-06 23:55,1675
2019-09-07 00:00,1632
2019-09-07 00:05,1599
2019-09-07 00:10,1608
2019-09-07 00:15,1592
2019-09-07 00:20,1582
2019-09-07 00:25,1578
2019-09-07 00:30,1581
2019-09-07 00:35,1579
2019-09-07 00:40,1588
2019-09-07 00:45,1598
2019-09-07 00:50,1593
2019-09-07 00:55,1596
2019-09-07 01:00,1603
2019-09-07 01:05,1593
2019-09-07 01:10,1576
2019-09-07 01:15,1572
2019-09-07 01:20,1578
2019-09-07 01:25,1577
2019-09-07 01:30,1574
2019-09-07 01:35,1589
2019-09-07 01:40,1590
2019-09-07 01:45,1567
2019-09-07 01:50,1564
2019-09-07 01:55,1576
2019-09-07 02:00,1584
2019-09-07 02:05,1583
2019-09-07 02:10,1584
2019-09-07 02:15,1592
2019-09-07 02:20,1583
2019-09-07 02:25,1564
2019-09-07 02:30,1554
2019-09-07 02:35,1549
2019-09-07 02:40,1534
2019-09-07 02:45,1522
2019-09-07 02:50,1517
2019-09-07 02:55,1517
2019-09-07 03:00,1509
2019-09-07 03:05,1485
2019-09-07 03:10,1472
2019-09-07 03:15,1454
2019-09-07 03:20,1449
2019-09-07 03:25,1441
2019-09-07 03:30,1424
2019-09-07 03:35,1416
2019-09-07 03:40,1398
2019-09-07 03:45,1390
2019-09-07 03:50,1383
2019-09-07 03:55,1364
2019-09-07 04:00,1340
2019-09-07 04:05,1336
2019-09-07 04:10,1328
2019-09-07 04:15,1324
2019-09-07 04:20,1323
2019-09-07 04:25,1314
2019-09-07 04:30,1306
2019-09-07 04:35,1285
2019-09-07 04:40,1277
2019-09-07 04:45,1288
2019-09-07 04:50,1295
2019-09-07 04:55,1301
2019-09-07 05:00,1290
2019-09-07 05:05,1287
2019-09-07 05:10,1284
2019-09-07 05:15,1269
2019-09-07 05:20,1244
2019-09-07 05:25,1234
2019-09-07 05:30,1218
2019-09-07 05:35,1200
2019-09-07 05:40,1186
2019-09-07 05:45,1195
2019-09-07 05:50,1200
2019-09-07 05:55,1197
2019-09-07 06:00,1193
2019-09-07 06:05,1204
2019-09-07 06:10,1176
2019-09-07 06:15,1185
2019-09-07 06:20,1176
2019-09-07 06:25,1190
2019-09-07 06:30,1199
2019-09-07 06:35,1216
2019-09-07 06:40,1194
2019-09-07 06:45,1208
2019-09-07 06:50,1213
2019-09-07 06:55,1228
2019-09-07 07:00,1233
2019-09-07 07:05,1222
2019-09-07 07:10,1234
2019-09-07 07:15,1223
2019-09-07 07:20,1227
2019-09-07 07:25,1234
2019-09-07 07:30,1234
2019-09-07 07:35,1256
2019-09-07 07:40,1284
2019-09-07 07:45,1285
2019-09-07 07:50,1298
2019-09-07 07:55,1311
2019-09-07 08:00,1335
2019-09-07 08:05,1326
2019-09-07 08:10,1337
2019-09-07 08:15,1349
2019-09-07 08:20,1353
2019-09-07 08:25,1359
2019-09-07 08:30,1369
2019-09-07 08:35,1376
2019-09-07 08:40,1387
2019-09-07 08:45,1413
2019-09-07 08:50,1424
2019-09-07 08:55,1428
2019-09-07 09:00,1439
2019-09-07 09:05,1444
2019-09-07 09:10,1464
2019-09-07 09:15,1468
2019-09-07 09:20,1470
2019-09-07 09:25,1508
2019-09-07 09:30,1523
2019-09-07 09:35,1516
2019-09-07 09:40,1543
2019-09-07 09:45,1552
2019-09-07 09:50,1571
2019-09-07 09:55,1584
2019-09-07 10:00,1609
2019-09-07 10:05,1648
2019-09-07 10:10,1673
2019-09-07 10:15,1653
2019-09-07 10:20,1669
2019-09-07 10:25,1683
2019-09-07 10:30,1698
2019-09-07 10:35,1723
2019-09-07 10:40,1744
2019-09-07 10:45,1750
2019-09-07 10:50,1764
2019-09-07 10:55,1766
2019-09-07 11:00,1792
2019-09-07 11:05,1795
2019-09-07 11:10,1789
2019-09-07 11:15,1809
2019-09-07 11:20,1800
2019-09-07 11:25,1808
2019-09-07 11:30,1813
2019-09-07 11:35,1824
2019-09-07 11:40,1802
2019-09-07 11:45,1823
2019-09-07 11:50,1827
2019-09-07 11:55,1828
2019-09-07 12:00,1828
2019-09-07 12:05,1851
2019-09-07 12:10,1846
2019-09-07 12:15,1860
2019-09-07 12:20,1872
2019-09-07 12:25,1881
2019-09-07 12:30,1887
2019-09-07 12:35,1915
2019-09-07 12:40,1914
2019-09-07 12:45,1939
2019-09-07 12:50,1938
2019-09-07 12:55,1937
2019-09-07 13:00,1960
2019-09-07 13:05,1969
2019-09-07 13:10,2096
2019-09-07 13:15,2402
2019-09-07 13:20,2001
2019-09-07 13:25,2014
2019-09-07 13:30,2047
2019-09-07 13:35,2074
2019-09-07 13:40,2092
2019-09-07 13:45,2077
2019-09-07 13:50,2117
2019-09-07 13:55,2140
2019-09-07 14:00,2157
2019-09-07 14:05,2179
2019-09-07 14:10,2197
2019-09-07 14:15,2218
2019-09-07 14:20,2213
2019-09-07 14:25,2260
2019-09-07 14:30,2276
2019-09-07 14:35,2267
2019-09-07 14:40,2283
2019-09-07 14:45,2285
2019-09-07 14:50,2312
2019-09-07 14:55,2327
2019-09-07 15:00,2322
2019-09-07 15:05,2340
2019-09-07 15:10,2356
2019-09-07 15:15,2378
2019-09-07 15:20,2383
2019-09-07 15:25,2396
2019-09-07 15:30,2391
2019-09-07 15:35,2404
2019-09-07 15:40,2401
2019-09-07 15:45,2393
2019-09-07 15:50,2389
2019-09-07 15:55,2373
2019-09-07 16:00,2383
2019-09-07 16:05,2369
2019-09-07 16:10,2369
2019-09-07 16:15,2359
2019-09-07 16:20,2383
2019-09-07 16:25,2380
2019-09-07 16:30,2389
2019-09-07 16:35,2385
2019-09-07 16:40,2372
2019-09-07 16:45,2375
2019-09-07 16:50,2370
2019-09-07 16:55,2381
2019-09-07 17:00,2369
2019-09-07 17:05,2382
2019-09-07 17:10,2393
2019-09-07 17:15,2400
2019-09-07 17:20,2433
2019-09-07 17:25,2470
2019-09-07 17:30,2485
2019-09-07 17:35,2505
2019-09-07 17:40,2503
2019-09-07 17:45,2482
2019-09-07 17:50,2478
2019-09-07 17:55,2471
2019-09-07 18:00,2505
2019-09-07 18:05,2522
2019-09-07 18:10,2506
2019-09-07 18:15,2517
2019-09-07 18:20,2522
2019-09-07 18:25,2528
2019-09-07 18:30,2513
2019-09-07 18:35,2526
2019-09-07 18:40,2543
2019-09-07 18:45,2523
2019-09-07 18:50,2522
2019-09-07 18:55,2527
2019-09-07 19:00,2495
2019-09-07 19:05,2507
2019-09-07 19:10,2506
2019-09-07 19:15,2517
2019-09-07 19:20,2519
2019-09-07 19:25,2536
2019-09-07 19:30,2520
2019-09-07 19:35,2511
2019-09-07 19:40,2491
2019-09-07 19:45,2526
2019-09-07 19:50,2515
2019-09-07 19:55,2521
2019-09-07 20:00,2509
2019-09-07 20:05,2488
2019-09-07 20:10,2495
2019-09-07 20:15,2492
2019-09-07 20:20,2471
2019-09-07 20:25,2475
2019-09-07 20:30,2465
2019-09-07 20:35,2440
2019-09-07 20:40,2421
2019-09-07 20:45,2413
2019-09-07 20:50,2411
2019-09-07 20:55,2427
2019-09-07 21:00,2414
2019-09-07 21:05,2406
2019-09-07 21:10,2369
2019-09-07 21:15,2365
2019-09-07 21:20,2361
2019-09-07 21:25,2345
2019-09-07 21:30,2342
2019-09-07 21:35,2329
2019-09-07 21:40,2321
2019-09-07 21:45,2279
2019-09-07 21:50,2272
2019-09-07 21:55,2255
2019-09-07 22:00,2222
2019-09-07 22:05,2219
2019-09-07 22:10,2187
2019-09-07 22:15,2193
2019-09-07 22:20,2154
2019-09-07 22:25,2128
2019-09-07 22:30,2134
2019-09-07 22:35,2115
2019-09-07 22:40,2074
2019-09-07 22:45,2069
2019-09-07 22:50,2035
2019-09-07 22:55,2028
2019-09-07 23:00,2007
2019-09-07 23:05,1966
2019-09-07 23:10,1968
2019-09-07 23:15,1948
2019-09-07 23:20,1943
2019-09-07 23:25,1927
2019-09-07 23:30,1891
2019-09-07 23:35,1872
2019-09-07 23:40,1859
2019-09-07 23:45,1841
2019-09-07 23:50,1834
2019-09-07 23:55,1809
2019-09-08 00:00,1807
2019-09-08 00:05,1778
2019-09-08 00:10,1780
2019-09-08 00:15,1775
2019-09-08 00:20,1774
2019-09-08 00:25,1801
2019-09-08 00:30,1777
2019-09-08 00:35,1782
2019-09-08 00:40,1797
2019-09-08 00:45,1782
2019-09-08 00:50,1769
2019-09-08 00:55,1756
2019-09-08 01:00,1738
2019-09-08 01:05,1727
2019-09-08 01:10,1725
2019-09-08 01:15,1715
2019-09-08 01:20,1731
2019-09-08 01:25,1702
2019-09-08 01:30,1694
2019-09-08 01:35,1689
2019-09-08 01:40,1668
2019-09-08 01:45,1657
2019-09-08 01:50,1650
2019-09-08 01:55,1647
2019-09-08 02:00,1650
2019-09-08 02:05,1642
2019-09-08 02:10,1628
2019-09-08 02:15,1619
2019-09-08 02:20,1603
2019-09-08 02:25,1591
2019-09-08 02:30,1591
2019-09-08 02:35,1595
2019-09-08 02:40,1589
2019-09-08 02:45,1574
2019-09-08 02:50,1572
2019-09-08 02:55,1569
2019-09-08 03:00,1565
2019-09-08 03:05,1546
2019-09-08 03:10,1534
2019-09-08 03:15,1536
2019-09-08 03:20,1515
2019-09-08 03:25,1513
2019-09-08 03:30,1492
2019-09-08 03:35,1477
2019-09-08 03:40,1461
2019-09-08 03:45,1458
2019-09-08 03:50,1460
2019-09-08 03:55,1462
2019-09-08 04:00,1457
2019-09-08 04:05,1445
2019-09-08 04:10,1403
2019-09-08 04:15,1410
2019-09-08 04:20,1415
2019-09-08 04:25,1404
2019-09-08 04:30,1385
2019-09-08 04:35,1392
2019-09-08 04:40,1373
2019-09-08 04:45,1368
2019-09-08 04:50,1364
2019-09-08 04:55,1367
2019-09-08 05:00,1362
2019-09-08 05:05,1356
2019-09-08 05:10,1362
2019-09-08 05:15,1343
2019-09-08 05:20,1332
2019-09-08 05:25,1342
2019-09-08 05:30,1341
2019-09-08 05:35,1351
2019-09-08 05:40,1341
2019-09-08 05:45,1338
2019-09-08 05:50,1342
2019-09-08 05:55,1325
2019-09-08 06:00,1316
2019-09-08 06:05,1327
2019-09-08 06:10,1341
2019-09-08 06:15,1350
2019-09-08 06:20,1355
2019-09-08 06:25,1354
2019-09-08 06:30,1354
2019-09-08 06:35,1350
2019-09-08 06:40,1353
2019-09-08 06:45,1353
2019-09-08 06:50,1358
2019-09-08 06:55,1369
2019-09-08 07:00,1356
2019-09-08 07:05,1351
2019-09-08 07:10,1365
2019-09-08 07:15,1389
2019-09-08 07:20,1378
2019-09-08 07:25,1383
2019-09-08 07:30,1412
2019-09-08 07:35,1430
2019-09-08 07:40,1432
2019-09-08 07:45,1425
2019-09-08 07:50,1427
2019-09-08 07:55,1431
2019-09-08 08:00,1467
2019-09-08 08:05,1486
2019-09-08 08:10,1491
2019-09-08 08:15,1511
2019-09-08 08:20,1512
2019-09-08 08:25,1526
2019-09-08 08:30,1532
2019-09-08 08:35,1548
2019-09-08 08:40,1565
2019-09-08 08:45,1595
2019-09-08 08:50,1615
2019-09-08 08:55,1652
2019-09-08 09:00,1662
2019-09-08 09:05,1640
2019-09-08 09:10,1660
2019-09-08 09:15,1689
2019-09-08 09:20,1678
2019-09-08 09:25,1684
2019-09-08 09:30,1698
2019-09-08 09:35,1698
2019-09-08 09:40,1715
2019-09-08 09:45,1718
2019-09-08 09:50,1728
2019-09-08 09:55,1717
2019-09-08 10:00,1723
2019-09-08 10:05,1749
2019-09-08 10:10,1767
2019-09-08 10:15,1785
2019-09-08 10:20,1828
2019-09-08 10:25,1851
2019-09-08 10:30,1853
2019-09-08 10:35,1864
2019-09-08 10:40,1867
2019-09-08 10:45,1884
2019-09-08 10:50,1906
2019-09-08 10:55,1909
2019-09-08 11:00,1928
2019-09-08 11:05,1922
2019-09-08 11:10,1936
2019-09-08 11:15,1939
2019-09-08 11:20,1955
2019-09-08 11:25,1980
2019-09-08 11:30,1978
2019-09-08 11:35,1970
2019-09-08 11:40,2015
2019-09-08 11:45,2028
2019-09-08 11:50,2034
2019-09-08 11:55,2048
2019-09-08 12:00,2052
2019-09-08 12:05,2066
2019-09-08 12:10,2076
2019-09-08 12:15,2070
2019-09-08 12:20,2083
2019-09-08 12:25,2096
2019-09-08 12:30,2103
2019-09-08 12:35,2112
2019-09-08 12:40,2119
2019-09-08 12:45,2133
2019-09-08 12:50,2167
2019-09-08 12:55,2166
2019-09-08 13:00,2179
2019-09-08 13:05,2204
2019-09-08 13:10,2220
2019-09-08 13:15,2219
2019-09-08 13:20,2234
2019-09-08 13:25,2242
2019-09-08 13:30,2238
2019-09-08 13:35,2243
2019-09-08 13:40,2239
2019-09-08 13:45,2263
2019-09-08 13:50,2289
2019-09-08 13:55,2277
2019-09-08 14:00,2301
2019-09-08 14:05,2334
2019-09-08 14:10,2342
2019-09-08 14:15,2361
2019-09-08 14:20,2368
2019-09-08 14:25,2375
2019-09-08 14:30,2408
2019-09-08 14:35,2386
2019-09-08 14:40,2393
2019-09-08 14:45,2433
2019-09-08 14:50,2431
2019-09-08 14:55,2469
2019-09-08 15:00,2473
2019-09-08 15:05,2506
2019-09-08 15:10,2515
2019-09-08 15:15,2531
2019-09-08 15:20,2555
2019-09-08 15:25,2553
2019-09-08 15:30,2570
2019-09-08 15:35,2577
2019-09-08 15:40,2596
2019-09-08 15:45,2626
2019-09-08 15:50,2632
2019-09-08 15:55,2624
2019-09-08 16:00,2615
2019-09-08 16:05,2633
2019-09-08 16:10,2651
2019-09-08 16:15,2668
2019-09-08 16:20,2657
2019-09-08 16:25,2644
2019-09-08 16:30,2626
2019-09-08 16:35,2639
2019-09-08 16:40,2654
2019-09-08 16:45,2647
2019-09-08 16:50,2665
2019-09-08 16:55,2675
2019-09-08 17:00,2668
2019-09-08 17:05,2685
2019-09-08 17:10,2724
2019-09-08 17:15,2710
2019-09-08 17:20,2700
2019-09-08 17:25,2715
2019-09-08 17:30,2719
2019-09-08 17:35,2721
2019-09-08 17:40,2702
2019-09-08 17:45,2702
2019-09-08 17:50,2689
2019-09-08 17:55,2675
2019-09-08 18:00,2679
2019-09-08 18:05,2679
2019-09-08 18:10,2691
2019-09-08 18:15,2691
2019-09-08 18:20,2686
2019-09-08 18:25,2693
2019-09-08 18:30,2706
2019-09-08 18:35,2717
2019-09-08 18:40,2721
2019-09-08 18:45,2716
2019-09-08 18:50,2717
2019-09-08 18:55,2717
2019-09-08 19:00,2714
2019-09-08 19:05,2697
2019-09-08 19:10,2702
2019-09-08 19:15,2705
2019-09-08 19:20,2675
2019-09-08 19:25,2659
2019-09-08 19:30,2651
2019-09-08 19:35,2636
2019-09-08 19:40,2614
2019-09-08 19:45,2592
2019-09-08 19:50,2614
2019-09-08 19:55,2587
2019-09-08 20:00,2564
2019-09-08 20:05,2540
2019-09-08 20:10,2517
2019-09-08 20:15,2519
2019-09-08 20:20,2490
2019-09-08 20:25,2462
2019-09-08 20:30,2421
2019-09-08 20:35,2422
2019-09-08 20:40,2395
2019-09-08 20:45,2393
2019-09-08 20:50,2400
2019-09-08 20:55,2368
2019-09-08 21:00,2334
2019-09-08 21:05,2299
2019-09-08 21:10,2291
2019-09-08 21:15,2257
2019-09-08 21:20,2221
2019-09-08 21:25,2207
2019-09-08 21:30,2199
2019-09-08 21:35,2178
2019-09-08 21:40,2148
2019-09-08 21:45,2144
2019-09-08 21:50,2108
2019-09-08 21:55,2089
2019-09-08 22:00,2074
2019-09-08 22:05,2062
2019-09-08 22:10,2031
2019-09-08 22:15,2027
2019-09-08 22:20,1991
2019-09-08 22:25,1986
2019-09-08 22:30,1977
2019-09-08 22:35,1995
2019-09-08 22:40,1971
2019-09-08 22:45,1940
2019-09-08 22:50,1938
2019-09-08 22:55,1916
2019-09-08 23:00,1891
2019-09-08 23:05,1854
2019-09-08 23:10,1838
2019-09-08 23:15,1825
2019-09-08 23:20,1805
2019-09-08 23:25,1790
2019-09-08 23:30,1769
2019-09-08 23:35,1752
2019-09-08 23:40,1734
2019-09-08 23:45,1724
2019-09-08 23:50,1717
2019-09-08 23:55,1718
2019-09-09 00:00,1678
2019-09-09 00:05,1672
2019-09-09 00:10,1662
2019-09-09 00:15,1666
2019-09-09 00:20,1655
2019-09-09 00:25,1645
2019-09-09 00:30,1626
2019-09-09 00:35,1617
2019-09-09 00:40,1617
2019-09-09 00:45,1592
2019-09-09 00:50,1607
2019-09-09 00:55,1605
2019-09-09 01:00,1608
2019-09-09 01:05,1586
2019-09-09 01:10,1583
2019-09-09 01:15,1575
2019-09-09 01:20,1570
2019-09-09 01:25,1575
2019-09-09 01:30,1551
2019-09-09 01:35,1548
2019-09-09 01:40,1530
2019-09-09 01:45,1526
2019-09-09 01:50,1487
2019-09-09 01:55,1489
2019-09-09 02:00,1469
2019-09-09 02:05,1444
2019-09-09 02:10,1434
2019-09-09 02:15,1436
2019-09-09 02:20,1437
2019-09-09 02:25,1419
2019-09-09 02:30,1414
2019-09-09 02:35,1375
2019-09-09 02:40,1383
2019-09-09 02:45,1374
2019-09-09 02:50,1348
2019-09-09 02:55,1329
2019-09-09 03:00,1319
2019-09-09 03:05,1284
2019-09-09 03:10,1291
2019-09-09 03:15,1277
2019-09-09 03:20,1270
2019-09-09 03:25,1264
2019-09-09 03:30,1242
2019-09-09 03:35,1236
2019-09-09 03:40,1217
2019-09-09 03:45,1205
2019-09-09 03:50,1219
2019-09-09 03:55,1207
2019-09-09 04:00,1189
2019-09-09 04:05,1188
2019-09-09 04:10,1191
2019-09-09 04:15,1178
2019-09-09 04:20,1176
2019-09-09 04:25,1156
2019-09-09 04:30,1137
2019-09-09 04:35,1113
2019-09-09 04:40,1093
2019-09-09 04:45,1100
2019-09-09 04:50,1098
2019-09-09 04:55,1098
2019-09-09 05:00,1078
2019-09-09 05:05,1073
2019-09-09 05:10,1042
2019-09-09 05:15,1037
2019-09-09 05:20,1042
2019-09-09 05:25,1053
2019-09-09 05:30,1037
2019-09-09 05:35,1012
2019-09-09 05:40,1003
2019-09-09 05:45,985
2019-09-09 05:50,993
2019-09-09 05:55,981
2019-09-09 06:00,973
2019-09-09 06:05,965
2019-09-09 06:10,978
2019-09-09 06:15,973
2019-09-09 06:20,972
2019-09-09 06:25,962
2019-09-09 06:30,965
2019-09-09 06:35,970
2019-09-09 06:40,981
2019-09-09 06:45,982
2019-09-09 06:50,986
2019-09-09 06:55,983
2019-09-09 07:00,990
2019-09-09 07:05,1007
2019-09-09 07:10,1022
2019-09-09 07:15,1014
2019-09-09 07:20,1010
2019-09-09 07:25,1007
2019-09-09 07:30,1009
2019-09-09 07:35,1015
2019-09-09 07:40,1014
2019-09-09 07:45,1010
2019-09-09 07:50,1012
2019-09-09 07:55,1028
2019-09-09 08:00,1039
2019-09-09 08:05,
2019-09-09 08:10,
2019-09-09 08:15,1037
2019-09-09 08:20,
2019-09-09 08:25,
2019-09-09 08:30,1053
2019-09-09 08:35,1043
2019-09-09 08:40,
2019-09-09 08:45,
2019-09-09 08:50,1063
2019-09-09 08:55,1071
2019-09-09 09:00,
2019-09-09 09:05,
2019-09-09 09:10,
2019-09-09 09:15,1087
2019-09-09 09:20,1093
2019-09-09 09:25,1116
2019-09-09 09:30,1137
2019-09-09 09:35,1138
2019-09-09 09:40,
2019-09-09 09:45,
2019-09-09 09:50,1171
2019-09-09 09:55,
2019-09-09 10:00,
2019-09-09 10:05,
2019-09-09 10:10,
2019-09-09 10:15,1257
2019-09-09 10:20,
2019-09-09 10:25,
2019-09-09 10:30,
2019-09-09 10:35,
2019-09-09 10:40,
2019-09-09 10:45,
2019-09-09 10:50,
2019-09-09 10:55,
2019-09-09 11:00,
2019-09-09 11:05,
2019-09-09 11:10,
2019-09-09 11:15,
2019-09-09 11:20,
2019-09-09 11:25,
2019-09-09 11:30,
2019-09-09 11:35,1373
2019-09-09 11:40,1387
2019-09-09 11:45,1395
2019-09-09 11:50,1403
2019-09-09 11:55,1408
2019-09-09 12:00,1430
2019-09-09 12:05,1411
2019-09-09 12:10,1410
2019-09-09 12:15,1405
2019-09-09 12:20,1414
2019-09-09 12:25,1440
2019-09-09 12:30,1468
2019-09-09 12:35,1488
2019-09-09 12:40,1510
2019-09-09 12:45,1522
2019-09-09 12:50,1543
2019-09-09 12:55,1548
2019-09-09 13:00,1572
2019-09-09 13:05,1582
2019-09-09 13:10,1591
2019-09-09 13:15,1595
2019-09-09 13:20,1583
2019-09-09 13:25,1591
2019-09-09 13:30,1607
2019-09-09 13:35,1614
2019-09-09 13:40,1626
2019-09-09 13:45,1640
2019-09-09 13:50,1636
2019-09-09 13:55,1649
2019-09-09 14:00,1651
2019-09-09 14:05,1660
2019-09-09 14:10,1658
2019-09-09 14:15,1668
2019-09-09 14:20,1685
2019-09-09 14:25,1712
2019-09-09 14:30,1725
2019-09-09 14:35,1760
2019-09-09 14:40,1770
2019-09-09 14:45,1803
2019-09-09 14:50,1819
2019-09-09 14:55,1837
2019-09-09 15:00,1828
2019-09-09 15:05,1837
2019-09-09 15:10,1831
2019-09-09 15:15,1838
2019-09-09 15:20,1846
2019-09-09 15:25,1838
2019-09-09 15:30,1853
2019-09-09 15:35,1844
2019-09-09 15:40,1857
2019-09-09 15:45,1882
2019-09-09 15:50,1910
2019-09-09 15:55,1917
2019-09-09 16:00,1921
2019-09-09 16:05,1931
2019-09-09 16:10,1955
2019-09-09 16:15,1949
2019-09-09 16:20,1972
2019-09-09 16:25,1982
2019-09-09 16:30,1987
2019-09-09 16:35,2011
2019-09-09 16:40,2037
2019-09-09 16:45,2065
2019-09-09 16:50,2081
2019-09-09 16:55,2104
2019-09-09 17:00,2109
2019-09-09 17:05,2093
2019-09-09 17:10,2120
2019-09-09 17:15,2152
2019-09-09 17:20,2164
2019-09-09 17:25,2184
2019-09-09 17:30,2205
2019-09-09 17:35,2195
2019-09-09 17:40,2213
2019-09-09 17:45,2200
2019-09-09 17:50,2217
2019-09-09 17:55,2239
2019-09-09 18:00,2252
2019-09-09 18:05,2252
2019-09-09 18:10,2256
2019-09-09 18:15,2262
2019-09-09 18:20,2302
2019-09-09 18:25,2319
2019-09-09 18:30,2312
2019-09-09 18:35,2313
2019-09-09 18:40,2308
2019-09-09 18:45,2301
2019-09-09 18:50,2317
2019-09-09 18:55,2328
2019-09-09 19:00,2325
2019-09-09 19:05,2313
2019-09-09 19:10,2319
2019-09-09 19:15,2317
2019-09-09 19:20,2299
2019-09-09 19:25,2281
2019-09-09 19:30,2267
2019-09-09 19:35,2294
2019-09-09 19:40,2276
2019-09-09 19:45,2274
2019-09-09 19:50,2253
2019-09-09 19:55,2239
2019-09-09 20:00,2218
2019-09-09 20:05,0
2019-09-09 20:10,2169
2019-09-09 20:15,2159
2019-09-09 20:20,2138
2019-09-09 20:25,2125
2019-09-09 20:30,2112
2019-09-09 20:35,2071
2019-09-09 20:40,2073
2019-09-09 20:45,2070
2019-09-09 20:50,2069
2019-09-09 20:55,2057
2019-09-09 21:00,2025
2019-09-09 21:05,1996
2019-09-09 21:10,1977
2019-09-09 21:15,1966
2019-09-09 21:20,1956
2019-09-09 21:25,1935
2019-09-09 21:30,1912
2019-09-09 21:35,1887
2019-09-09 21:40,1879
2019-09-09 21:45,1858
2019-09-09 21:50,1820
2019-09-09 21:55,1823
2019-09-09 22:00,1815
2019-09-09 22:05,1773
2019-09-09 22:10,1737
2019-09-09 22:15,1741
2019-09-09 22:20,1738
2019-09-09 22:25,1713
2019-09-09 22:30,1713
2019-09-09 22:35,1682
2019-09-09 22:40,1670
2019-09-09 22:45,1650
2019-09-09 22:50,1657
2019-09-09 22:55,1658
2019-09-09 23:00,1629
2019-09-09 23:05,1633
2019-09-09 23:10,1623
2019-09-09 23:15,1605
2019-09-09 23:20,1577
2019-09-09 23:25,1566
2019-09-09 23:30,1563
2019-09-09 23:35,1577
2019-09-09 23:40,1572
2019-09-09 23:45,1558
2019-09-09 23:50,1573
2019-09-09 23:55,1562
2019-09-10 00:00,1561
2019-09-10 00:05,1553
2019-09-10 00:10,1558
2019-09-10 00:15,1531
2019-09-10 00:20,1507
2019-09-10 00:25,1500
2019-09-10 00:30,1485
2019-09-10 00:35,1484
2019-09-10 00:40,1482
2019-09-10 00:45,1476
2019-09-10 00:50,1469
2019-09-10 00:55,1456
2019-09-10 01:00,1448
2019-09-10 01:05,1458
2019-09-10 01:10,1446
2019-09-10 01:15,1408
2019-09-10 01:20,1405
2019-09-10 01:25,1362
2019-09-10 01:30,1323
2019-09-10 01:35,1261
2019-09-10 01:40,1225
2019-09-10 01:45,1269
2019-09-10 01:50,1289
2019-09-10 01:55,1295
2019-09-10 02:00,1306
2019-09-10 02:05,1297
2019-09-10 02:10,1279
2019-09-10 02:15,1289
2019-09-10 02:20,1280
2019-09-10 02:25,1269
2019-09-10 02:30,1267
2019-09-10 02:35,1272
2019-09-10 02:40,1265
2019-09-10 02:45,1254
2019-09-10 02:50,1247
2019-09-10 02:55,1245
2019-09-10 03:00,1251
2019-09-10 03:05,1250
2019-09-10 03:10,1255
2019-09-10 03:15,1238
2019-09-10 03:20,1215
2019-09-10 03:25,1213
2019-09-10 03:30,1201
2019-09-10 03:35,1199
2019-09-10 03:40,1191
2019-09-10 03:45,1180
2019-09-10 03:50,1169
2019-09-10 03:55,1129
2019-09-10 04:00,1131
2019-09-10 04:05,1122
2019-09-10 04:10,1086
2019-09-10 04:15,1083
2019-09-10 04:20,1078
2019-09-10 04:25,1080
2019-09-10 04:30,1066
2019-09-10 04:35,1052
2019-09-10 04:40,1055
2019-09-10 04:45,1052
2019-09-10 04:50,1060
2019-09-10 04:55,1039
2019-09-10 05:00,1034
2019-09-10 05:05,1033
2019-09-10 05:10,1032
2019-09-10 05:15,1036
2019-09-10 05:20,1022
2019-09-10 05:25,1014
2019-09-10 05:30,989
2019-09-10 05:35,976
2019-09-10 05:40,960
2019-09-10 05:45,960
2019-09-10 05:50,951
2019-09-10 05:55,947
2019-09-10 06:00,933
2019-09-10 06:05,931
2019-09-10 06:10,914
2019-09-10 06:15,909
2019-09-10 06:20,916
2019-09-10 06:25,910
2019-09-10 06:30,910
2019-09-10 06:35,899
2019-09-10 06:40,922
2019-09-10 06:45,916
2019-09-10 06:50,920
2019-09-10 06:55,919
2019-09-10 07:00,952
2019-09-10 07:05,951
2019-09-10 07:10,942
2019-09-10 07:15,924
2019-09-10 07:20,940
2019-09-10 07:25,942
2019-09-10 07:30,954
2019-09-10 07:35,966
2019-09-10 07:40,965
2019-09-10 07:45,966
2019-09-10 07:50,964
2019-09-10 07:55,945
2019-09-10 08:00,941
2019-09-10 08:05,933
2019-09-10 08:10,935
2019-09-10 08:15,938
2019-09-10 08:20,947
2019-09-10 08:25,958
2019-09-10 08:30,961
2019-09-10 08:35,976
2019-09-10 08:40,982
2019-09-10 08:45,979
2019-09-10 08:50,979
2019-09-10 08:55,983
2019-09-10 09:00,983
2019-09-10 09:05,994
2019-09-10 09:10,1008
2019-09-10 09:15,1028
2019-09-10 09:20,1045
2019-09-10 09:25,1063
2019-09-10 09:30,1072
2019-09-10 09:35,1084
2019-09-10 09:40,1099
2019-09-10 09:45,1113
2019-09-10 09:50,1110
2019-09-10 09:55,1125
2019-09-10 10:00,1148
2019-09-10 10:05,1149
2019-09-10 10:10,1143
2019-09-10 10:15,1155
2019-09-10 10:20,1174
2019-09-10 10:25,1179
2019-09-10 10:30,1207
2019-09-10 10:35,1198
2019-09-10 10:40,1223
2019-09-10 10:45,1217
2019-09-10 10:50,1207
2019-09-10 10:55,1220
2019-09-10 11:00,1230
2019-09-10 11:05,1243
2019-09-10 11:10,1233
2019-09-10 11:15,1241
2019-09-10 11:20,1253
2019-09-10 11:25,1268
2019-09-10 11:30,1275
2019-09-10 11:35,1302
2019-09-10 11:40,1309
2019-09-10 11:45,1309
2019-09-10 11:50,1316
2019-09-10 11:55,1312
2019-09-10 12:00,1311
2019-09-10 12:05,1320
2019-09-10 12:10,1341
2019-09-10 12:15,1364
2019-09-10 12:20,1357
2019-09-10 12:25,1363
2019-09-10 12:30,1386
2019-09-10 12:35,1397
2019-09-10 12:40,1413
2019-09-10 12:45,1433
2019-09-10 12:50,1440
2019-09-10 12:55,1450
2019-09-10 13:00,1468
2019-09-10 13:05,1456
2019-09-10 13:10,1458
2019-09-10 13:15,1497
2019-09-10 13:20,1490
2019-09-10 13:25,1505
2019-09-10 13:30,1512
2019-09-10 13:35,1518
2019-09-10 13:40,1527
2019-09-10 13:45,1559
2019-09-10 13:50,1564
2019-09-10 13:55,1585
2019-09-10 14:00,1609
2019-09-10 14:05,1619
2019-09-10 14:10,1612
2019-09-10 14:15,1638
2019-09-10 14:20,1661
2019-09-10 14:25,1688
2019-09-10 14:30,1691
2019-09-10 14:35,1690
2019-09-10 14:40,1710
2019-09-10 14:45,1722
2019-09-10 14:50,1734
2019-09-10 14:55,1746
2019-09-10 15:00,1742
2019-09-10 15:05,1721
2019-09-10 15:10,1743
2019-09-10 15:15,1767
2019-09-10 15:20,1772
2019-09-10 15:25,1795
2019-09-10 15:30,1820
2019-09-10 15:35,1838
2019-09-10 15:40,1850
2019-09-10 15:45,1868
2019-09-10 15:50,1866
2019-09-10 15:55,1873
2019-09-10 16:00,1878
2019-09-10 16:05,1877
2019-09-10 16:10,1889
2019-09-10 16:15,1908
2019-09-10 16:20,1950
2019-09-10 16:25,1974
2019-09-10 16:30,1981
2019-09-10 16:35,1977
2019-09-10 16:40,1994
2019-09-10 16:45,2009
2019-09-10 16:50,2008
2019-09-10 16:55,2037
2019-09-10 17:00,2059
2019-09-10 17:05,2084
2019-09-10 17:10,2101
2019-09-10 17:15,2117
2019-09-10 17:20,2110
2019-09-10 17:25,2127
2019-09-10 17:30,2162
2019-09-10 17:35,2153
2019-09-10 17:40,2164
2019-09-10 17:45,2183
2019-09-10 17:50,2188
2019-09-10 17:55,2200
2019-09-10 18:00,2192
2019-09-10 18:05,2169
2019-09-10 18:10,2180
2019-09-10 18:15,2197
2019-09-10 18:20,2176
2019-09-10 18:25,2159
2019-09-10 18:30,2156
2019-09-10 18:35,2152
2019-09-10 18:40,2143
2019-09-10 18:45,2155
2019-09-10 18:50,2162
2019-09-10 18:55,2194
2019-09-10 19:00,2175
2019-09-10 19:05,2176
2019-09-10 19:10,2159
2019-09-10 19:15,2139
2019-09-10 19:20,2099
2019-09-10 19:25,2074
2019-09-10 19:30,2075
2019-09-10 19:35,2058
2019-09-10 19:40,2031
2019-09-10 19:45,2024
2019-09-10 19:50,2031
2019-09-10 19:55,2030
2019-09-10 20:00,2009
2019-09-10 20:05,2014
2019-09-10 20:10,1999
2019-09-10 20:15,1986
2019-09-10 20:20,1972
2019-09-10 20:25,1956
2019-09-10 20:30,1959
2019-09-10 20:35,1928
2019-09-10 20:40,1921
2019-09-10 20:45,1913
2019-09-10 20:50,1921
2019-09-10 20:55,1909
2019-09-10 21:00,1885
2019-09-10 21:05,1885
2019-09-10 21:10,1854
2019-09-10 21:15,1847
2019-09-10 21:20,1839
2019-09-10 21:25,1806
2019-09-10 21:30,1801
2019-09-10 21:35,1788
2019-09-10 21:40,1757
2019-09-10 21:45,1728
2019-09-10 21:50,1730
2019-09-10 21:55,1734
2019-09-10 22:00,1720
2019-09-10 22:05,1708
2019-09-10 22:10,1712
2019-09-10 22:15,1672
2019-09-10 22:20,1649
2019-09-10 22:25,1634
2019-09-10 22:30,
2019-09-10 22:35,
2019-09-10 22:40,
2019-09-10 22:45,963
2019-09-10 22:50,1564
2019-09-10 22:55,1586
2019-09-10 23:00,1594
2019-09-10 23:05,1582
2019-09-10 23:10,1564
2019-09-10 23:15,1578
2019-09-10 23:20,1579
2019-09-10 23:25,1558
2019-09-10 23:30,1540
2019-09-10 23:35,1535
2019-09-10 23:40,1533
2019-09-10 23:45,1540
2019-09-10 23:50,1515
2019-09-10 23:55,1504
2019-09-11 00:00,1483
2019-09-11 00:05,1484
2019-09-11 00:10,1483
2019-09-11 00:15,1469
2019-09-11 00:20,1450
2019-09-11 00:25,1451
2019-09-11 00:30,1431
2019-09-11 00:35,1417
2019-09-11 00:40,1417
2019-09-11 00:45,1431
2019-09-11 00:50,1414
2019-09-11 00:55,1409
2019-09-11 01:00,1400
2019-09-11 01:05,1391
2019-09-11 01:10,1388
2019-09-11 01:15,1382
2019-09-11 01:20,1408
2019-09-11 01:25,1411
2019-09-11 01:30,1409
2019-09-11 01:35,1406
2019-09-11 01:40,1392
2019-09-11 01:45,1400
2019-09-11 01:50,1387
2019-09-11 01:55,1379
2019-09-11 02:00,1369
2019-09-11 02:05,1350
2019-09-11 02:10,1321
2019-09-11 02:15,1325
2019-09-11 02:20,1315
2019-09-11 02:25,1322
2019-09-11 02:30,1313
2019-09-11 02:35,1282
2019-09-11 02:40,1278
2019-09-11 02:45,1268
2019-09-11 02:50,1252
2019-09-11 02:55,1238
2019-09-11 03:00,1245
2019-09-11 03:05,1235
2019-09-11 03:10,1220
2019-09-11 03:15,1205
2019-09-11 03:20,1202
2019-09-11 03:25,1187
2019-09-11 03:30,1187
2019-09-11 03:35,1165
2019-09-11 03:40,1147
2019-09-11 03:45,1138
2019-09-11 03:50,1132
2019-09-11 03:55,1118
2019-09-11 04:00,1116
2019-09-11 04:05,1106
2019-09-11 04:10,1089
2019-09-11 04:15,1070
2019-09-11 04:20,1069
2019-09-11 04:25,1083
2019-09-11 04:30,1056
2019-09-11 04:35,1055
2019-09-11 04:40,1052
2019-09-11 04:45,1059
2019-09-11 04:50,1065
2019-09-11 04:55,1067
2019-09-11 05:00,1057
2019-09-11 05:05,1054
2019-09-11 05:10,1034
2019-09-11 05:15,1019
2019-09-11 05:20,994
2019-09-11 05:25,991
2019-09-11 05:30,993
2019-09-11 05:35,967
2019-09-11 05:40,967
2019-09-11 05:45,953
2019-09-11 05:50,942
2019-09-11 05:55,946
2019-09-11 06:00,940
2019-09-11 06:05,945
2019-09-11 06:10,948
2019-09-11 06:15,926
2019-09-11 06:20,918
2019-09-11 06:25,912
2019-09-11 06:30,908
2019-09-11 06:35,908
2019-09-11 06:40,912
2019-09-11 06:45,905
2019-09-11 06:50,894
2019-09-11 06:55,900
2019-09-11 07:00,908
2019-09-11 07:05,909
2019-09-11 07:10,907
2019-09-11 07:15,916
2019-09-11 07:20,915
2019-09-11 07:25,926
2019-09-11 07:30,944
2019-09-11 07:35,930
2019-09-11 07:40,939
2019-09-11 07:45,941
2019-09-11 07:50,952
2019-09-11 07:55,964
2019-09-11 08:00,972
2019-09-11 08:05,974
2019-09-11 08:10,964
2019-09-11 08:15,969
2019-09-11 08:20,969
2019-09-11 08:25,967
2019-09-11 08:30,974
2019-09-11 08:35,960
2019-09-11 08:40,973
2019-09-11 08:45,974
2019-09-11 08:50,984
2019-09-11 08:55,992
2019-09-11 09:00,1009
2019-09-11 09:05,1015
2019-09-11 09:10,1027
2019-09-11 09:15,1036
2019-09-11 09:20,1056
2019-09-11 09:25,1059
2019-09-11 09:30,1061
2019-09-11 09:35,1060
2019-09-11 09:40,1065
2019-09-11 09:45,1093
2019-09-11 09:50,1092
2019-09-11 09:55,1107
2019-09-11 10:00,1114
2019-09-11 10:05,1147
2019-09-11 10:10,1177
2019-09-11 10:15,1200
2019-09-11 10:20,1215
2019-09-11 10:25,1199
2019-09-11 10:30,1211
2019-09-11 10:35,1229
2019-09-11 10:40,1246
2019-09-11 10:45,1267
2019-09-11 10:50,1285
2019-09-11 10:55,1273
2019-09-11 11:00,1289
2019-09-11 11:05,1292
2019-09-11 11:10,1311
2019-09-11 11:15,1315
2019-09-11 11:20,1320
2019-09-11 11:25,1325
2019-09-11 11:30,1329
2019-09-11 11:35,1338
2019-09-11 11:40,1339
2019-09-11 11:45,1341
2019-09-11 11:50,1365
2019-09-11 11:55,1372
2019-09-11 12:00,1392
2019-09-11 12:05,1389
2019-09-11 12:10,1387
2019-09-11 12:15,1389
2019-09-11 12:20,1394
2019-09-11 12:25,1418
2019-09-11 12:30,1425
2019-09-11 12:35,1416
2019-09-11 12:40,1426
2019-09-11 12:45,1458
2019-09-11 12:50,1478
2019-09-11 12:55,1487
2019-09-11 13:00,1501
2019-09-11 13:05,1512
2019-09-11 13:10,1509
2019-09-11 13:15,1521
2019-09-11 13:20,1512
2019-09-11 13:25,1527
2019-09-11 13:30,1550
2019-09-11 13:35,1540
2019-09-11 13:40,1572
2019-09-11 13:45,1559
2019-09-11 13:50,1589
2019-09-11 13:55,1594
2019-09-11 14:00,1611
2019-09-11 14:05,1610
2019-09-11 14:10,1632
2019-09-11 14:15,1641
2019-09-11 14:20,1640
2019-09-11 14:25,1656
2019-09-11 14:30,1645
2019-09-11 14:35,1652
2019-09-11 14:40,1678
2019-09-11 14:45,1692
2019-09-11 14:50,1697
2019-09-11 14:55,1714
2019-09-11 15:00,1715
2019-09-11 15:05,1702
2019-09-11 15:10,1724
2019-09-11 15:15,1744
2019-09-11 15:20,1725
2019-09-11 15:25,1733
2019-09-11 15:30,1751
2019-09-11 15:35,1774
2019-09-11 15:40,1777
2019-09-11 15:45,1795
2019-09-11 15:50,1788
2019-09-11 15:55,1793
2019-09-11 16:00,1821
2019-09-11 16:05,1834
2019-09-11 16:10,1824
2019-09-11 16:15,1849
2019-09-11 16:20,1872
2019-09-11 16:25,1884
2019-09-11 16:30,1899
2019-09-11 16:35,1930
2019-09-11 16:40,1940
2019-09-11 16:45,1944
2019-09-11 16:50,1979
2019-09-11 16:55,2011
2019-09-11 17:00,2001
2019-09-11 17:05,2008
2019-09-11 17:10,2018
2019-09-11 17:15,2025
2019-09-11 17:20,2027
2019-09-11 17:25,2034
2019-09-11 17:30,2050
2019-09-11 17:35,2025
2019-09-11 17:40,2040
2019-09-11 17:45,2041
2019-09-11 17:50,2046
2019-09-11 17:55,2054
2019-09-11 18:00,2067
2019-09-11 18:05,2078
2019-09-11 18:10,2070
2019-09-11 18:15,2078
2019-09-11 18:20,2044
2019-09-11 18:25,2047
2019-09-11 18:30,2054
2019-09-11 18:35,2072
2019-09-11 18:40,2079
2019-09-11 18:45,2089
2019-09-11 18:50,2092
2019-09-11 18:55,2093
2019-09-11 19:00,2094
2019-09-11 19:05,2102
2019-09-11 19:10,2103
2019-09-11 19:15,2095
2019-09-11 19:20,2092
2019-09-11 19:25,2100
2019-09-11 19:30,2113
2019-09-11 19:35,2117
2019-09-11 19:40,2101
2019-09-11 19:45,2101
2019-09-11 19:50,2085
2019-09-11 19:55,2070
2019-09-11 20:00,2064
2019-09-11 20:05,2034
2019-09-11 20:10,2010
2019-09-11 20:15,1998
2019-09-11 20:20,2000
2019-09-11 20:25,1989
2019-09-11 20:30,1971
2019-09-11 20:35,1933
2019-09-11 20:40,1916
2019-09-11 20:45,1908
2019-09-11 20:50,1870
2019-09-11 20:55,1865
2019-09-11 21:00,1842
2019-09-11 21:05,1818
2019-09-11 21:10,1793
2019-09-11 21:15,1751
2019-09-11 21:20,1724
2019-09-11 21:25,1716
2019-09-11 21:30,1709
2019-09-11 21:35,1696
2019-09-11 21:40,1683
2019-09-11 21:45,1700
2019-09-11 21:50,1685
2019-09-11 21:55,1666
2019-09-11 22:00,1653
2019-09-11 22:05,1639
2019-09-11 22:10,1627
2019-09-11 22:15,1608
2019-09-11 22:20,1578
2019-09-11 22:25,1574
2019-09-11 22:30,1555
2019-09-11 22:35,1572
2019-09-11 22:40,1544
2019-09-11 22:45,1529
2019-09-11 22:50,1508
2019-09-11 22:55,1510
2019-09-11 23:00,1485
2019-09-11 23:05,1481
2019-09-11 23:10,1461
2019-09-11 23:15,1463
2019-09-11 23:20,1443
2019-09-11 23:25,1421
2019-09-11 23:30,0
2019-09-11 23:35,1408
2019-09-11 23:40,1393
2019-09-11 23:45,1391
2019-09-11 23:50,1381
2019-09-11 23:55,1384
2019-09-12 00:00,1336
2019-09-12 00:05,1386
2019-09-12 00:10,1386
2019-09-12 00:15,1358
2019-09-12 00:20,1344
2019-09-12 00:25,1352
2019-09-12 00:30,1372
2019-09-12 00:35,1375
2019-09-12 00:40,1380
2019-09-12 00:45,1382
2019-09-12 00:50,1377
2019-09-12 00:55,1386
2019-09-12 01:00,1376
2019-09-12 01:05,1371
2019-09-12 01:10,1360
2019-09-12 01:15,1353
2019-09-12 01:20,1362
2019-09-12 01:25,1349
2019-09-12 01:30,1343
2019-09-12 01:35,1332
2019-09-12 01:40,1318
2019-09-12 01:45,1313
2019-09-12 01:50,1296
2019-09-12 01:55,1296
2019-09-12 02:00,1289
2019-09-12 02:05,1293
2019-09-12 02:10,1300
2019-09-12 02:15,1298
2019-09-12 02:20,1292
2019-09-12 02:25,1265
2019-09-12 02:30,1274
2019-09-12 02:35,1258
2019-09-12 02:40,1249
2019-09-12 02:45,1216
2019-09-12 02:50,1205
2019-09-12 02:55,1186
2019-09-12 03:00,1184
2019-09-12 03:05,1162
2019-09-12 03:10,1159
2019-09-12 03:15,1144
2019-09-12 03:20,1132
2019-09-12 03:25,1102
2019-09-12 03:30,1086
2019-09-12 03:35,1069
2019-09-12 03:40,1074
2019-09-12 03:45,1056
2019-09-12 03:50,1045
2019-09-12 03:55,1028
2019-09-12 04:00,1023
2019-09-12 04:05,1023
2019-09-12 04:10,1012
2019-09-12 04:15,1014
2019-09-12 04:20,1023
2019-09-12 04:25,999
2019-09-12 04:30,996
2019-09-12 04:35,991
2019-09-12 04:40,984
2019-09-12 04:45,977
2019-09-12 04:50,960
2019-09-12 04:55,946
2019-09-12 05:00,944
2019-09-12 05:05,931
2019-09-12 05:10,931
2019-09-12 05:15,943
2019-09-12 05:20,939
2019-09-12 05:25,928
2019-09-12 05:30,915
2019-09-12 05:35,910
2019-09-12 05:40,910
2019-09-12 05:45,903
2019-09-12 05:50,896
2019-09-12 05:55,893
2019-09-12 06:00,885
2019-09-12 06:05,878
2019-09-12 06:10,871
2019-09-12 06:15,880
2019-09-12 06:20,883
2019-09-12 06:25,880
2019-09-12 06:30,883
2019-09-12 06:35,877
2019-09-12 06:40,880
2019-09-12 06:45,876
2019-09-12 06:50,866
2019-09-12 06:55,866
2019-09-12 07:00,860
2019-09-12 07:05,850
2019-09-12 07:10,849
2019-09-12 07:15,859
2019-09-12 07:20,848
2019-09-12 07:25,854
2019-09-12 07:30,861
2019-09-12 07:35,868
2019-09-12 07:40,883
2019-09-12 07:45,880
2019-09-12 07:50,882
2019-09-12 07:55,894
2019-09-12 08:00,885
2019-09-12 08:05,897
2019-09-12 08:10,908
2019-09-12 08:15,909
2019-09-12 08:20,925
2019-09-12 08:25,954
2019-09-12 08:30,937
2019-09-12 08:35,934
2019-09-12 08:40,942
2019-09-12 08:45,948
2019-09-12 08:50,941
2019-09-12 08:55,943
2019-09-12 09:00,954
2019-09-12 09:05,967
2019-09-12 09:10,977
2019-09-12 09:15,981
2019-09-12 09:20,973
2019-09-12 09:25,979
2019-09-12 09:30,978
2019-09-12 09:35,977
2019-09-12 09:40,979
2019-09-12 09:45,988
2019-09-12 09:50,993
2019-09-12 09:55,1021
2019-09-12 10:00,1055
2019-09-12 10:05,1080
2019-09-12 10:10,1074
2019-09-12 10:15,1104
2019-09-12 10:20,1135
2019-09-12 10:25,1157
2019-09-12 10:30,1168
2019-09-12 10:35,1182
2019-09-12 10:40,1176
2019-09-12 10:45,1204
2019-09-12 10:50,1217
2019-09-12 10:55,1223
2019-09-12 11:00,1227
2019-09-12 11:05,1221
2019-09-12 11:10,1240
2019-09-12 11:15,1265
2019-09-12 11:20,1274
2019-09-12 11:25,1295
2019-09-12 11:30,1310
2019-09-12 11:35,1299
2019-09-12 11:40,1302
2019-09-12 11:45,1305
2019-09-12 11:50,1320
2019-09-12 11:55,1322
2019-09-12 12:00,1309
2019-09-12 12:05,1295
2019-09-12 12:10,1301
2019-09-12 12:15,1321
2019-09-12 12:20,1320
2019-09-12 12:25,1322
2019-09-12 12:30,1332
2019-09-12 12:35,1353
2019-09-12 12:40,1356
2019-09-12 12:45,1357
2019-09-12 12:50,1353
2019-09-12 12:55,1357
2019-09-12 13:00,1368
2019-09-12 13:05,1380
2019-09-12 13:10,1380
2019-09-12 13:15,1376
2019-09-12 13:20,1358
2019-09-12 13:25,1362
2019-09-12 13:30,1368
2019-09-12 13:35,1360
2019-09-12 13:40,1345
2019-09-12 13:45,1315
2019-09-12 13:50,1277
2019-09-12 13:55,1203
2019-09-12 14:00,1046
2019-09-12 14:05,719
2019-09-12 14:10,713
2019-09-12 14:15,709
2019-09-12 14:20,702
2019-09-12 14:25,700
2019-09-12 14:30,709
2019-09-12 14:35,707
2019-09-12 14:40,737
2019-09-12 14:45,738
2019-09-12 14:50,741
2019-09-12 14:55,784
2019-09-12 15:00,793
2019-09-12 15:05,817
2019-09-12 15:10,814
2019-09-12 15:15,827
2019-09-12 15:20,847
2019-09-12 15:25,852
2019-09-12 15:30,895
2019-09-12 15:35,1019
2019-09-12 15:40,1103
2019-09-12 15:45,1197
2019-09-12 15:50,1276
2019-09-12 15:55,1361
2019-09-12 16:00,1432
2019-09-12 16:05,1504
2019-09-12 16:10,1579
2019-09-12 16:15,1655
2019-09-12 16:20,1703
2019-09-12 16:25,1744
2019-09-12 16:30,1803
2019-09-12 16:35,1851
2019-09-12 16:40,1881
2019-09-12 16:45,1897
2019-09-12 16:50,1942
2019-09-12 16:55,1975
2019-09-12 17:00,1994
2019-09-12 17:05,2009
2019-09-12 17:10,2046
2019-09-12 17:15,2081
2019-09-12 17:20,2085
2019-09-12 17:25,2114
2019-09-12 17:30,2136
2019-09-12 17:35,2132
2019-09-12 17:40,2135
2019-09-12 17:45,
2019-09-12 17:50,2169
2019-09-12 17:55,2177
2019-09-12 18:00,2161
2019-09-12 18:05,2168
2019-09-12 18:10,2173
2019-09-12 18:15,2168
2019-09-12 18:20,2160
2019-09-12 18:25,2168
2019-09-12 18:30,2183
2019-09-12 18:35,2168
2019-09-12 18:40,2173
2019-09-12 18:45,2153
2019-09-12 18:50,2154
2019-09-12 18:55,2159
2019-09-12 19:00,2153
2019-09-12 19:05,2150
2019-09-12 19:10,2165
2019-09-12 19:15,2174
2019-09-12 19:20,2178
2019-09-12 19:25,2176
2019-09-12 19:30,2184
2019-09-12 19:35,2166
2019-09-12 19:40,2141
2019-09-12 19:45,2126
2019-09-12 19:50,2122
2019-09-12 19:55,2115
2019-09-12 20:00,2106
2019-09-12 20:05,2067
2019-09-12 20:10,2022
2019-09-12 20:15,1986
2019-09-12 20:20,1987
2019-09-12 20:25,1948
2019-09-12 20:30,1940
2019-09-12 20:35,1920
2019-09-12 20:40,1882
2019-09-12 20:45,1857
2019-09-12 20:50,1849
2019-09-12 20:55,1860
2019-09-12 21:00,1871
2019-09-12 21:05,1847
2019-09-12 21:10,1804
2019-09-12 21:15,1805
2019-09-12 21:20,1786
2019-09-12 21:25,1782
2019-09-12 21:30,1781
2019-09-12 21:35,1758
2019-09-12 21:40,1718
2019-09-12 21:45,1692
2019-09-12 21:50,1690
2019-09-12 21:55,1649
2019-09-12 22:00,1635
2019-09-12 22:05,1630
2019-09-12 22:10,1597
2019-09-12 22:15,1593
2019-09-12 22:20,1574
2019-09-12 22:25,1581
2019-09-12 22:30,1565
2019-09-12 22:35,1569
2019-09-12 22:40,1570
2019-09-12 22:45,1570
2019-09-12 22:50,1557
2019-09-12 22:55,1538
2019-09-12 23:00,1524
2019-09-12 23:05,1503
2019-09-12 23:10,1478
2019-09-12 23:15,1477
2019-09-12 23:20,1468
2019-09-12 23:25,1472
2019-09-12 23:30,1456
2019-09-12 23:35,1456
2019-09-12 23:40,1456
2019-09-12 23:45,1440
2019-09-12 23:50,1441
2019-09-12 23:55,1447
2019-09-13 00:00,1441
2019-09-13 00:05,1434
2019-09-13 00:10,1425
2019-09-13 00:15,1410
2019-09-13 00:20,1408
2019-09-13 00:25,1406
2019-09-13 00:30,1396
2019-09-13 00:35,1393
2019-09-13 00:40,1399
2019-09-13 00:45,1415
2019-09-13 00:50,1418
2019-09-13 00:55,1402
2019-09-13 01:00,1392
2019-09-13 01:05,1393
2019-09-13 01:10,1377
2019-09-13 01:15,1376
2019-09-13 01:20,1348
2019-09-13 01:25,1327
2019-09-13 01:30,1325
2019-09-13 01:35,1312
2019-09-13 01:40,1324
2019-09-13 01:45,1319
2019-09-13 01:50,1317
2019-09-13 01:55,1307
2019-09-13 02:00,1314
2019-09-13 02:05,1294
2019-09-13 02:10,1286
2019-09-13 02:15,1276
2019-09-13 02:20,1268
2019-09-13 02:25,1255
2019-09-13 02:30,1253
2019-09-13 02:35,1247
2019-09-13 02:40,1247
2019-09-13 02:45,1241
2019-09-13 02:50,1226
2019-09-13 02:55,1221
2019-09-13 03:00,1198
2019-09-13 03:05,1209
2019-09-13 03:10,1190
2019-09-13 03:15,1185
2019-09-13 03:20,1186
2019-09-13 03:25,1180
2019-09-13 03:30,1178
2019-09-13 03:35,1154
2019-09-13 03:40,1154
2019-09-13 03:45,1146
2019-09-13 03:50,1129
2019-09-13 03:55,1125
2019-09-13 04:00,1095
2019-09-13 04:05,1080
2019-09-13 04:10,1059
2019-09-13 04:15,1051
2019-09-13 04:20,1039
2019-09-13 04:25,1053
2019-09-13 04:30,1030
2019-09-13 04:35,1012
2019-09-13 04:40,1013
2019-09-13 04:45,1009
2019-09-13 04:50,1002
2019-09-13 04:55,993
2019-09-13 05:00,976
2019-09-13 05:05,972
2019-09-13 05:10,965
2019-09-13 05:15,976
2019-09-13 05:20,984
2019-09-13 05:25,994
2019-09-13 05:30,985
2019-09-13 05:35,980
2019-09-13 05:40,988
2019-09-13 05:45,981
2019-09-13 05:50,969
2019-09-13 05:55,973
2019-09-13 06:00,958
2019-09-13 06:05,953
2019-09-13 06:10,949
2019-09-13 06:15,945
2019-09-13 06:20,946
2019-09-13 06:25,951
2019-09-13 06:30,956
2019-09-13 06:35,958
2019-09-13 06:40,955
2019-09-13 06:45,968
2019-09-13 06:50,960
2019-09-13 06:55,969
2019-09-13 07:00,968
2019-09-13 07:05,984
2019-09-13 07:10,992
2019-09-13 07:15,1002
2019-09-13 07:20,995
2019-09-13 07:25,995
2019-09-13 07:30,990
2019-09-13 07:35,993
2019-09-13 07:40,988
2019-09-13 07:45,971
2019-09-13 07:50,991
2019-09-13 07:55,992
2019-09-13 08:00,984
2019-09-13 08:05,992
2019-09-13 08:10,985
2019-09-13 08:15,994
2019-09-13 08:20,1001
2019-09-13 08:25,994
2019-09-13 08:30,1005
2019-09-13 08:35,1011
2019-09-13 08:40,1016
2019-09-13 08:45,1020
2019-09-13 08:50,1024
2019-09-13 08:55,1025
2019-09-13 09:00,1014
2019-09-13 09:05,1009
2019-09-13 09:10,1019
2019-09-13 09:15,1032
2019-09-13 09:20,1033
2019-09-13 09:25,1053
2019-09-13 09:30,1059
2019-09-13 09:35,1058
2019-09-13 09:40,1060
2019-09-13 09:45,1082
2019-09-13 09:50,1087
2019-09-13 09:55,1105
2019-09-13 10:00,1111
2019-09-13 10:05,1140
2019-09-13 10:10,1144
2019-09-13 10:15,1164
2019-09-13 10:20,1158
2019-09-13 10:25,1165
2019-09-13 10:30,1170
2019-09-13 10:35,1184
2019-09-13 10:40,1186
2019-09-13 10:45,1208
2019-09-13 10:50,1242
2019-09-13 10:55,1267
2019-09-13 11:00,1279
2019-09-13 11:05,1290
2019-09-13 11:10,1306
2019-09-13 11:15,1312
2019-09-13 11:20,1322
2019-09-13 11:25,1335
2019-09-13 11:30,1349
2019-09-13 11:35,1355
2019-09-13 11:40,1368
2019-09-13 11:45,1386
2019-09-13 11:50,1394
2019-09-13 11:55,1397
2019-09-13 12:00,1405
2019-09-13 12:05,1418
2019-09-13 12:10,1413
2019-09-13 12:15,1420
2019-09-13 12:20,1453
2019-09-13 12:25,1469
2019-09-13 12:30,1488
2019-09-13 12:35,1496
2019-09-13 12:40,1514
2019-09-13 12:45,1525
2019-09-13 12:50,1545
2019-09-13 12:55,1551
2019-09-13 13:00,1542
2019-09-13 13:05,1560
2019-09-13 13:10,1570
2019-09-13 13:15,1565
2019-09-13 13:20,1561
2019-09-13 13:25,1579
2019-09-13 13:30,1590
2019-09-13 13:35,1587
2019-09-13 13:40,1607
2019-09-13 13:45,1595
2019-09-13 13:50,1596
2019-09-13 13:55,1591
2019-09-13 14:00,1607
2019-09-13 14:05,1617
2019-09-13 14:10,1619
2019-09-13 14:15,1613
2019-09-13 14:20,1632
2019-09-13 14:25,1638
2019-09-13 14:30,1655
2019-09-13 14:35,1662
2019-09-13 14:40,1692
2019-09-13 14:45,1713
2019-09-13 14:50,1727
2019-09-13 14:55,1747
2019-09-13 15:00,1764
2019-09-13 15:05,1769
2019-09-13 15:10,1743
2019-09-13 15:15,1777
2019-09-13 15:20,1789
2019-09-13 15:25,1807
2019-09-13 15:30,1846
2019-09-13 15:35,1862
2019-09-13 15:40,1873
2019-09-13 15:45,1872
2019-09-13 15:50,1906
2019-09-13 15:55,1922
2019-09-13 16:00,1937
2019-09-13 16:05,1948
2019-09-13 16:10,1958
2019-09-13 16:15,
2019-09-13 16:20,1953
2019-09-13 16:25,1945
2019-09-13 16:30,1933
2019-09-13 16:35,1922
2019-09-13 16:40,1924
2019-09-13 16:45,1936
2019-09-13 16:50,1941
2019-09-13 16:55,1991
2019-09-13 17:00,2001
2019-09-13 17:05,2010
2019-09-13 17:10,2027
2019-09-13 17:15,2015
2019-09-13 17:20,2045
2019-09-13 17:25,2055
2019-09-13 17:30,2058
2019-09-13 17:35,2086
2019-09-13 17:40,2078
2019-09-13 17:45,2085
2019-09-13 17:50,2081
2019-09-13 17:55,2081
2019-09-13 18:00,2071
2019-09-13 18:05,2032
2019-09-13 18:10,2009
2019-09-13 18:15,2014
2019-09-13 18:20,2004
2019-09-13 18:25,2009
2019-09-13 18:30,2014
2019-09-13 18:35,2013
2019-09-13 18:40,2019
2019-09-13 18:45,2023
2019-09-13 18:50,2028
2019-09-13 18:55,2049
2019-09-13 19:00,2025
2019-09-13 19:05,2028
2019-09-13 19:10,2013
2019-09-13 19:15,2025
2019-09-13 19:20,2024
2019-09-13 19:25,2060
2019-09-13 19:30,2093
2019-09-13 19:35,2084
2019-09-13 19:40,2094
2019-09-13 19:45,2112
2019-09-13 19:50,2106
2019-09-13 19:55,2121
2019-09-13 20:00,2128
2019-09-13 20:05,2109
2019-09-13 20:10,2102
2019-09-13 20:15,2097
2019-09-13 20:20,2097
2019-09-13 20:25,2098
2019-09-13 20:30,2082
2019-09-13 20:35,2092
2019-09-13 20:40,2069
2019-09-13 20:45,2040
2019-09-13 20:50,2005
2019-09-13 20:55,1995
2019-09-13 21:00,1978
2019-09-13 21:05,1985
2019-09-13 21:10,1945
2019-09-13 21:15,1942
2019-09-13 21:20,1921
2019-09-13 21:25,1887
2019-09-13 21:30,1873
2019-09-13 21:35,1868
2019-09-13 21:40,1862
2019-09-13 21:45,1843
2019-09-13 21:50,1850
2019-09-13 21:55,1844
2019-09-13 22:00,1825
2019-09-13 22:05,1790
2019-09-13 22:10,1778
2019-09-13 22:15,1770
2019-09-13 22:20,1754
2019-09-13 22:25,1724
2019-09-13 22:30,1679
2019-09-13 22:35,1663
2019-09-13 22:40,1671
2019-09-13 22:45,1670
2019-09-13 22:50,1654
2019-09-13 22:55,1642
2019-09-13 23:00,1630
2019-09-13 23:05,1603
2019-09-13 23:10,1616
2019-09-13 23:15,1598
2019-09-13 23:20,1578
2019-09-13 23:25,1560
2019-09-13 23:30,1554
2019-09-13 23:35,1547
2019-09-13 23:40,1522
2019-09-13 23:45,1512
2019-09-13 23:50,1497
2019-09-13 23:55,1486
2019-09-14 00:00,1487
2019-09-14 00:05,1479
2019-09-14 00:10,1474
2019-09-14 00:15,1458
2019-09-14 00:20,1445
2019-09-14 00:25,1423
2019-09-14 00:30,1417
2019-09-14 00:35,1401
2019-09-14 00:40,1394
2019-09-14 00:45,1382
2019-09-14 00:50,1392
2019-09-14 00:55,1406
2019-09-14 01:00,1418
2019-09-14 01:05,1406
2019-09-14 01:10,1410
2019-09-14 01:15,1410
2019-09-14 01:20,1395
2019-09-14 01:25,1403
2019-09-14 01:30,1400
2019-09-14 01:35,1402
2019-09-14 01:40,1413
2019-09-14 01:45,1402
2019-09-14 01:50,1383
2019-09-14 01:55,1395
2019-09-14 02:00,1394
2019-09-14 02:05,1397
2019-09-14 02:10,1408
2019-09-14 02:15,1398
2019-09-14 02:20,1401
2019-09-14 02:25,1393
2019-09-14 02:30,1380
2019-09-14 02:35,1361
2019-09-14 02:40,1355
2019-09-14 02:45,1334
2019-09-14 02:50,1335
2019-09-14 02:55,1320
2019-09-14 03:00,1322
2019-09-14 03:05,1346
2019-09-14 03:10,1349
2019-09-14 03:15,1325
2019-09-14 03:20,1313
2019-09-14 03:25,1308
2019-09-14 03:30,1305
2019-09-14 03:35,1291
2019-09-14 03:40,1283
2019-09-14 03:45,1291
2019-09-14 03:50,1280
2019-09-14 03:55,1283
2019-09-14 04:00,1281
2019-09-14 04:05,1285
2019-09-14 04:10,1264
2019-09-14 04:15,1253
2019-09-14 04:20,1229
2019-09-14 04:25,1217
2019-09-14 04:30,1211
2019-09-14 04:35,1202
2019-09-14 04:40,1205
2019-09-14 04:45,1201
2019-09-14 04:50,1193
2019-09-14 04:55,1191
2019-09-14 05:00,1173
2019-09-14 05:05,1174
2019-09-14 05:10,1173
2019-09-14 05:15,1169
2019-09-14 05:20,1180
2019-09-14 05:25,1185
2019-09-14 05:30,1182
2019-09-14 05:35,1171
2019-09-14 05:40,1155
2019-09-14 05:45,1161
2019-09-14 05:50,1150
2019-09-14 05:55,1146
2019-09-14 06:00,1145
2019-09-14 06:05,1138
2019-09-14 06:10,1137
2019-09-14 06:15,1127
2019-09-14 06:20,1125
2019-09-14 06:25,1136
2019-09-14 06:30,1135
2019-09-14 06:35,1130
2019-09-14 06:40,1128
2019-09-14 06:45,958
2019-09-14 06:50,1136
2019-09-14 06:55,1160
2019-09-14 07:00,1173
2019-09-14 07:05,1185
2019-09-14 07:10,1190
2019-09-14 07:15,1213
2019-09-14 07:20,1217
2019-09-14 07:25,1223
2019-09-14 07:30,1233
2019-09-14 07:35,1241
2019-09-14 07:40,1260
2019-09-14 07:45,1260
2019-09-14 07:50,1277
2019-09-14 07:55,1304
2019-09-14 08:00,1307
2019-09-14 08:05,1315
2019-09-14 08:10,1355
2019-09-14 08:15,1350
2019-09-14 08:20,1358
2019-09-14 08:25,1365
2019-09-14 08:30,1356
2019-09-14 08:35,1110
2019-09-14 08:40,1291
2019-09-14 08:45,1386
2019-09-14 08:50,1405
2019-09-14 08:55,1428
2019-09-14 09:00,1435
2019-09-14 09:05,1446
2019-09-14 09:10,1450
2019-09-14 09:15,1466
2019-09-14 09:20,1508
2019-09-14 09:25,1510
2019-09-14 09:30,1522
2019-09-14 09:35,1539
2019-09-14 09:40,1570
2019-09-14 09:45,1590
2019-09-14 09:50,1594
2019-09-14 09:55,1590
2019-09-14 10:00,1618
2019-09-14 10:05,1657
2019-09-14 10:10,1662
2019-09-14 10:15,1660
2019-09-14 10:20,1664
2019-09-14 10:25,1664
2019-09-14 10:30,1677
2019-09-14 10:35,1702
2019-09-14 10:40,1707
2019-09-14 10:45,1722
2019-09-14 10:50,1723
2019-09-14 10:55,1705
2019-09-14 11:00,1705
2019-09-14 11:05,1727
2019-09-14 11:10,1722
2019-09-14 11:15,1730
2019-09-14 11:20,1738
2019-09-14 11:25,1747
2019-09-14 11:30,1751
2019-09-14 11:35,1751
2019-09-14 11:40,1750
2019-09-14 11:45,1760
2019-09-14 11:50,1766
2019-09-14 11:55,1765
2019-09-14 12:00,1784
2019-09-14 12:05,1779
2019-09-14 12:10,1797
2019-09-14 12:15,1809
2019-09-14 12:20,1821
2019-09-14 12:25,1838
2019-09-14 12:30,1844
2019-09-14 12:35,1857
2019-09-14 12:40,1876
2019-09-14 12:45,1875
2019-09-14 12:50,1870
2019-09-14 12:55,1861
2019-09-14 13:00,1884
2019-09-14 13:05,1890
2019-09-14 13:10,1906
2019-09-14 13:15,1940
2019-09-14 13:20,1957
2019-09-14 13:25,1960
2019-09-14 13:30,1959
2019-09-14 13:35,1978
2019-09-14 13:40,1990
2019-09-14 13:45,1987
2019-09-14 13:50,1988
2019-09-14 13:55,1997
2019-09-14 14:00,2013
2019-09-14 14:05,2020
2019-09-14 14:10,2006
2019-09-14 14:15,2016
2019-09-14 14:20,2013
2019-09-14 14:25,2033
2019-09-14 14:30,2050
2019-09-14 14:35,2059
2019-09-14 14:40,2071
2019-09-14 14:45,2072
2019-09-14 14:50,2072
2019-09-14 14:55,2119
2019-09-14 15:00,2136
2019-09-14 15:05,2154
2019-09-14 15:10,2141
2019-09-14 15:15,2151
2019-09-14 15:20,2163
2019-09-14 15:25,2186
2019-09-14 15:30,2172
2019-09-14 15:35,2172
2019-09-14 15:40,2177
2019-09-14 15:45,2170
2019-09-14 15:50,2168
2019-09-14 15:55,2193
2019-09-14 16:00,2195
2019-09-14 16:05,2213
2019-09-14 16:10,2205
2019-09-14 16:15,2196
2019-09-14 16:20,2211
2019-09-14 16:25,2213
2019-09-14 16:30,2230
2019-09-14 16:35,2236
2019-09-14 16:40,2252
2019-09-14 16:45,2255
2019-09-14 16:50,2287
2019-09-14 16:55,2266
2019-09-14 17:00,2264
2019-09-14 17:05,2254
2019-09-14 17:10,2261
2019-09-14 17:15,2257
2019-09-14 17:20,2268
2019-09-14 17:25,2278
2019-09-14 17:30,2278
2019-09-14 17:35,2275
2019-09-14 17:40,2309
2019-09-14 17:45,2311
2019-09-14 17:50,2310
2019-09-14 17:55,2313
2019-09-14 18:00,2341
2019-09-14 18:05,2360
2019-09-14 18:10,2341
2019-09-14 18:15,2337
2019-09-14 18:20,2337
2019-09-14 18:25,2336
2019-09-14 18:30,2335
2019-09-14 18:35,2321
2019-09-14 18:40,2314
2019-09-14 18:45,2332
2019-09-14 18:50,2371
2019-09-14 18:55,2366
2019-09-14 19:00,2398
2019-09-14 19:05,2376
2019-09-14 19:10,2371
2019-09-14 19:15,2365
2019-09-14 19:20,2356
2019-09-14 19:25,2347
2019-09-14 19:30,2344
2019-09-14 19:35,2365
2019-09-14 19:40,2365
2019-09-14 19:45,2387
2019-09-14 19:50,2400
2019-09-14 19:55,2388
2019-09-14 20:00,2397
2019-09-14 20:05,2387
2019-09-14 20:10,2376
2019-09-14 20:15,2374
2019-09-14 20:20,2374
2019-09-14 20:25,2370
2019-09-14 20:30,2370
2019-09-14 20:35,2361
2019-09-14 20:40,2361
2019-09-14 20:45,2353
2019-09-14 20:50,2311
2019-09-14 20:55,2300
2019-09-14 21:00,2278
2019-09-14 21:05,2238
2019-09-14 21:10,2215
2019-09-14 21:15,2198
2019-09-14 21:20,2187
2019-09-14 21:25,2170
2019-09-14 21:30,2166
2019-09-14 21:35,2155
2019-09-14 21:40,2120
2019-09-14 21:45,2096
2019-09-14 21:50,2076
2019-09-14 21:55,2076
2019-09-14 22:00,2070
2019-09-14 22:05,2048
2019-09-14 22:10,2037
2019-09-14 22:15,2042
2019-09-14 22:20,2013
2019-09-14 22:25,1979
2019-09-14 22:30,1951
2019-09-14 22:35,1943
2019-09-14 22:40,1923
2019-09-14 22:45,1911
2019-09-14 22:50,1889
2019-09-14 22:55,1864
2019-09-14 23:00,1854
2019-09-14 23:05,1838
2019-09-14 23:10,1818
2019-09-14 23:15,1792
2019-09-14 23:20,1771
2019-09-14 23:25,1762
2019-09-14 23:30,1762
2019-09-14 23:35,1753
2019-09-14 23:40,1748
2019-09-14 23:45,1750
2019-09-14 23:50,1712
2019-09-14 23:55,1707
2019-09-15 00:00,1678
2019-09-15 00:05,1678
2019-09-15 00:10,1659
2019-09-15 00:15,1641
2019-09-15 00:20,1641
2019-09-15 00:25,1621
2019-09-15 00:30,1619
2019-09-15 00:35,1615
2019-09-15 00:40,1589
2019-09-15 00:45,1595
2019-09-15 00:50,1586
2019-09-15 00:55,1575
2019-09-15 01:00,1590
2019-09-15 01:05,1567
2019-09-15 01:10,1561
2019-09-15 01:15,1561
2019-09-15 01:20,1561
2019-09-15 01:25,1534
2019-09-15 01:30,1507
2019-09-15 01:35,1497
2019-09-15 01:40,1511
2019-09-15 01:45,1513
2019-09-15 01:50,1518
2019-09-15 01:55,1506
2019-09-15 02:00,1505
2019-09-15 02:05,1504
2019-09-15 02:10,1512
2019-09-15 02:15,1504
2019-09-15 02:20,1503
2019-09-15 02:25,1475
2019-09-15 02:30,1475
2019-09-15 02:35,1486
2019-09-15 02:40,1479
2019-09-15 02:45,1466
2019-09-15 02:50,1453
2019-09-15 02:55,1430
2019-09-15 03:00,1420
2019-09-15 03:05,1410
2019-09-15 03:10,1400
2019-09-15 03:15,1378
2019-09-15 03:20,1389
2019-09-15 03:25,1391
2019-09-15 03:30,1391
2019-09-15 03:35,1371
2019-09-15 03:40,1371
2019-09-15 03:45,1357
2019-09-15 03:50,1357
2019-09-15 03:55,1346
2019-09-15 04:00,1340
2019-09-15 04:05,1340
2019-09-15 04:10,1337
2019-09-15 04:15,1342
2019-09-15 04:20,1342
2019-09-15 04:25,1333
2019-09-15 04:30,1333
2019-09-15 04:35,1335
2019-09-15 04:40,1324
2019-09-15 04:45,1336
2019-09-15 04:50,1330
2019-09-15 04:55,1330
2019-09-15 05:00,1301
2019-09-15 05:05,1301
2019-09-15 05:10,1301
2019-09-15 05:15,1281
2019-09-15 05:20,
2019-09-15 05:25,
2019-09-15 05:30,1259
2019-09-15 05:35,1261
2019-09-15 05:40,1265
2019-09-15 05:45,1250
2019-09-15 05:50,1257
2019-09-15 05:55,1247
2019-09-15 06:00,1253
2019-09-15 06:05,1253
2019-09-15 06:10,1249
2019-09-15 06:15,1249
2019-09-15 06:20,1225
2019-09-15 06:25,1225
2019-09-15 06:30,1228
2019-09-15 06:35,1235
2019-09-15 06:40,1243
2019-09-15 06:45,1233
2019-09-15 06:50,1256
2019-09-15 06:55,1265
2019-09-15 07:00,1268
2019-09-15 07:05,1268
2019-09-15 07:10,1261
2019-09-15 07:15,1256
2019-09-15 07:20,1267
2019-09-15 07:25,1260
2019-09-15 07:30,1259
2019-09-15 07:35,1293
2019-09-15 07:40,1310
2019-09-15 07:45,1330
2019-09-15 07:50,1344
2019-09-15 07:55,1371
2019-09-15 08:00,1410
2019-09-15 08:05,1410
2019-09-15 08:10,1438
2019-09-15 08:15,1459
2019-09-15 08:20,1486
2019-09-15 08:25,1505
2019-09-15 08:30,1518
2019-09-15 08:35,1532
2019-09-15 08:40,1553
2019-09-15 08:45,1568
2019-09-15 08:50,1591
2019-09-15 08:55,1594
2019-09-15 09:00,1614
2019-09-15 09:05,1631
2019-09-15 09:10,1647
2019-09-15 09:15,1657
2019-09-15 09:20,1661
2019-09-15 09:25,1681
2019-09-15 09:30,1679
2019-09-15 09:35,1679
2019-09-15 09:40,1693
2019-09-15 09:45,1696
2019-09-15 09:50,1703
2019-09-15 09:55,1719
2019-09-15 10:00,1744
2019-09-15 10:05,1766
2019-09-15 10:10,1796
2019-09-15 10:15,1808
2019-09-15 10:20,1807
2019-09-15 10:25,1829
2019-09-15 10:30,1840
2019-09-15 10:35,1846
2019-09-15 10:40,1832
2019-09-15 10:45,1847
2019-09-15 10:50,1863
2019-09-15 10:55,1866
2019-09-15 11:00,1881
2019-09-15 11:05,1893
2019-09-15 11:10,1902
2019-09-15 11:15,1920
2019-09-15 11:20,1935
2019-09-15 11:25,1931
2019-09-15 11:30,1949
2019-09-15 11:35,1958
2019-09-15 11:40,1956
2019-09-15 11:45,1959
2019-09-15 11:50,1986
2019-09-15 11:55,1989
2019-09-15 12:00,2023
2019-09-15 12:05,2022
2019-09-15 12:10,2031
2019-09-15 12:15,2049
2019-09-15 12:20,2035
2019-09-15 12:25,2043
2019-09-15 12:30,2029
2019-09-15 12:35,2025
2019-09-15 12:40,2051
2019-09-15 12:45,2082
2019-09-15 12:50,2126
2019-09-15 12:55,2124
2019-09-15 13:00,2119
2019-09-15 13:05,2138
2019-09-15 13:10,2149
2019-09-15 13:15,2146
2019-09-15 13:20,2174
2019-09-15 13:25,2192
2019-09-15 13:30,2204
2019-09-15 13:35,2203
2019-09-15 13:40,2206
2019-09-15 13:45,2239
2019-09-15 13:50,2249
2019-09-15 13:55,2259
2019-09-15 14:00,2252
2019-09-15 14:05,2261
2019-09-15 14:10,2242
2019-09-15 14:15,2253
2019-09-15 14:20,2268
2019-09-15 14:25,2262
2019-09-15 14:30,2290
2019-09-15 14:35,2292
2019-09-15 14:40,2288
2019-09-15 14:45,2294
2019-09-15 14:50,2303
2019-09-15 14:55,2320
2019-09-15 15:00,2339
2019-09-15 15:05,2331
2019-09-15 15:10,2320
2019-09-15 15:15,2352
2019-09-15 15:20,2367
2019-09-15 15:25,2356
2019-09-15 15:30,2370
2019-09-15 15:35,2371
2019-09-15 15:40,2372
2019-09-15 15:45,2380
2019-09-15 15:50,2411
2019-09-15 15:55,2438
2019-09-15 16:00,2456
2019-09-15 16:05,2435
2019-09-15 16:10,2432
2019-09-15 16:15,2425
2019-09-15 16:20,2459
2019-09-15 16:25,2463
2019-09-15 16:30,2495
2019-09-15 16:35,2518
2019-09-15 16:40,2514
2019-09-15 16:45,2499
2019-09-15 16:50,2510
2019-09-15 16:55,2514
2019-09-15 17:00,2529
2019-09-15 17:05,2518
2019-09-15 17:10,2509
2019-09-15 17:15,2521
2019-09-15 17:20,2519
2019-09-15 17:25,2516
2019-09-15 17:30,2546
2019-09-15 17:35,2546
2019-09-15 17:40,2542
2019-09-15 17:45,2540
2019-09-15 17:50,2558
2019-09-15 17:55,2529
2019-09-15 18:00,2548
2019-09-15 18:05,2547
2019-09-15 18:10,2546
2019-09-15 18:15,2556
2019-09-15 18:20,2557
2019-09-15 18:25,2566
2019-09-15 18:30,2564
2019-09-15 18:35,2564
2019-09-15 18:40,2561
2019-09-15 18:45,2551
2019-09-15 18:50,2550
2019-09-15 18:55,2538
2019-09-15 19:00,2530
2019-09-15 19:05,2529
2019-09-15 19:10,2504
2019-09-15 19:15,2518
2019-09-15 19:20,2522
2019-09-15 19:25,2538
2019-09-15 19:30,2522
2019-09-15 19:35,2527
2019-09-15 19:40,2519
2019-09-15 19:45,2494
2019-09-15 19:50,2496
2019-09-15 19:55,2488
2019-09-15 20:00,2466
2019-09-15 20:05,2451
2019-09-15 20:10,2434
2019-09-15 20:15,2415
2019-09-15 20:20,2401
2019-09-15 20:25,2397
2019-09-15 20:30,2381
2019-09-15 20:35,2368
2019-09-15 20:40,2324
2019-09-15 20:45,2288
2019-09-15 20:50,2262
2019-09-15 20:55,2253
2019-09-15 21:00,2244
2019-09-15 21:05,2211
2019-09-15 21:10,2172
2019-09-15 21:15,2172
2019-09-15 21:20,2144
2019-09-15 21:25,2120
2019-09-15 21:30,2099
2019-09-15 21:35,2070
2019-09-15 21:40,2046
2019-09-15 21:45,2021
2019-09-15 21:50,2014
2019-09-15 21:55,1992
2019-09-15 22:00,1995
2019-09-15 22:05,1956
2019-09-15 22:10,1953
2019-09-15 22:15,1932
2019-09-15 22:20,1897
2019-09-15 22:25,1866
2019-09-15 22:30,1872
2019-09-15 22:35,1852
2019-09-15 22:40,1834
2019-09-15 22:45,1822
2019-09-15 22:50,1819
2019-09-15 22:55,1797
2019-09-15 23:00,1777
2019-09-15 23:05,1753
2019-09-15 23:10,1739
2019-09-15 23:15,1730
2019-09-15 23:20,1738
2019-09-15 23:25,1713
2019-09-15 23:30,1708
2019-09-15 23:35,1691
2019-09-15 23:40,1685
2019-09-15 23:45,1666
2019-09-15 23:50,1654
2019-09-15 23:55,1633
2019-09-16 00:00,1620
2019-09-16 00:05,1609
2019-09-16 00:10,1592
2019-09-16 00:15,1571
2019-09-16 00:20,1540
2019-09-16 00:25,1549
2019-09-16 00:30,1532
2019-09-16 00:35,1514
2019-09-16 00:40,1509
2019-09-16 00:45,1481
2019-09-16 00:50,1478
2019-09-16 00:55,1480
2019-09-16 01:00,1477
2019-09-16 01:05,1476
2019-09-16 01:10,1473
2019-09-16 01:15,1454
2019-09-16 01:20,1474
2019-09-16 01:25,1463
2019-09-16 01:30,1443
2019-09-16 01:35,1434
2019-09-16 01:40,1431
2019-09-16 01:45,1411
2019-09-16 01:50,1412
2019-09-16 01:55,1382
2019-09-16 02:00,
2019-09-16 02:05,
2019-09-16 02:10,
2019-09-16 02:15,1337
2019-09-16 02:20,1311
2019-09-16 02:25,1296
2019-09-16 02:30,1287
2019-09-16 02:35,1277
2019-09-16 02:40,1271
2019-09-16 02:45,1281
2019-09-16 02:50,1250
2019-09-16 02:55,1231
2019-09-16 03:00,1232
2019-09-16 03:05,1214
2019-09-16 03:10,1199
2019-09-16 03:15,1196
2019-09-16 03:20,1188
2019-09-16 03:25,1177
2019-09-16 03:30,1165
2019-09-16 03:35,1147
2019-09-16 03:40,1131
2019-09-16 03:45,1127
2019-09-16 03:50,1127
2019-09-16 03:55,1113
2019-09-16 04:00,1102
2019-09-16 04:05,1097
2019-09-16 04:10,1081
2019-09-16 04:15,1062
2019-09-16 04:20,1039
2019-09-16 04:25,1037
2019-09-16 04:30,1031
2019-09-16 04:35,1040
2019-09-16 04:40,1034
2019-09-16 04:45,1014
2019-09-16 04:50,1004
2019-09-16 04:55,1009
2019-09-16 05:00,1006
2019-09-16 05:05,988
2019-09-16 05:10,978
2019-09-16 05:15,978
2019-09-16 05:20,961
2019-09-16 05:25,965
2019-09-16 05:30,953
2019-09-16 05:35,930
2019-09-16 05:40,928
2019-09-16 05:45,925
2019-09-16 05:50,930
2019-09-16 05:55,926
2019-09-16 06:00,925
2019-09-16 06:05,918
2019-09-16 06:10,907
2019-09-16 06:15,899
2019-09-16 06:20,897
2019-09-16 06:25,890
2019-09-16 06:30,875
2019-09-16 06:35,877
2019-09-16 06:40,872
2019-09-16 06:45,891
2019-09-16 06:50,872
2019-09-16 06:55,876
2019-09-16 07:00,867
2019-09-16 07:05,864
2019-09-16 07:10,880
2019-09-16 07:15,885
2019-09-16 07:20,899
2019-09-16 07:25,894
2019-09-16 07:30,880
2019-09-16 07:35,893
2019-09-16 07:40,914
2019-09-16 07:45,916
2019-09-16 07:50,927
2019-09-16 07:55,935
2019-09-16 08:00,951
2019-09-16 08:05,959
2019-09-16 08:10,969
2019-09-16 08:15,972
2019-09-16 08:20,982
2019-09-16 08:25,985
2019-09-16 08:30,997
2019-09-16 08:35,998
2019-09-16 08:40,998
2019-09-16 08:45,991
2019-09-16 08:50,992
2019-09-16 08:55,990
2019-09-16 09:00,1001
2019-09-16 09:05,1007
2019-09-16 09:10,1014
2019-09-16 09:15,1036
2019-09-16 09:20,1038
2019-09-16 09:25,1060
2019-09-16 09:30,1068
2019-09-16 09:35,1098
2019-09-16 09:40,1109
2019-09-16 09:45,1093
2019-09-16 09:50,1102
2019-09-16 09:55,1098
2019-09-16 10:00,
2019-09-16 10:05,
2019-09-16 10:10,
2019-09-16 10:15,1174
2019-09-16 10:20,1181
2019-09-16 10:25,1174
2019-09-16 10:30,1195
2019-09-16 10:35,1211
2019-09-16 10:40,1223
2019-09-16 10:45,1240
2019-09-16 10:50,1225
2019-09-16 10:55,1237
2019-09-16 11:00,1267
2019-09-16 11:05,1274
2019-09-16 11:10,1284
2019-09-16 11:15,1300
2019-09-16 11:20,1324
2019-09-16 11:25,1324
2019-09-16 11:30,1344
2019-09-16 11:35,1351
2019-09-16 11:40,1364
2019-09-16 11:45,1394
2019-09-16 11:50,1378
2019-09-16 11:55,1385
2019-09-16 12:00,1384
2019-09-16 12:05,1391
2019-09-16 12:10,1386
2019-09-16 12:15,1384
2019-09-16 12:20,1394
2019-09-16 12:25,1388
2019-09-16 12:30,1396
2019-09-16 12:35,1425
2019-09-16 12:40,1434
2019-09-16 12:45,1437
2019-09-16 12:50,1454
2019-09-16 12:55,1463
2019-09-16 13:00,1469
2019-09-16 13:05,1467
2019-09-16 13:10,1474
2019-09-16 13:15,1487
2019-09-16 13:20,1483
2019-09-16 13:25,1480
2019-09-16 13:30,1503
2019-09-16 13:35,1496
2019-09-16 13:40,1527
2019-09-16 13:45,1526
2019-09-16 13:50,1536
2019-09-16 13:55,1550
2019-09-16 14:00,1554
2019-09-16 14:05,1551
2019-09-16 14:10,1545
2019-09-16 14:15,1560
2019-09-16 14:20,1596
2019-09-16 14:25,1582
2019-09-16 14:30,1600
2019-09-16 14:35,1618
2019-09-16 14:40,1632
2019-09-16 14:45,1653
2019-09-16 14:50,1656
2019-09-16 14:55,1654
2019-09-16 15:00,1652
2019-09-16 15:05,1684
2019-09-16 15:10,1695
2019-09-16 15:15,1722
2019-09-16 15:20,1725
2019-09-16 15:25,1725
2019-09-16 15:30,1752
2019-09-16 15:35,1758
2019-09-16 15:40,1796
2019-09-16 15:45,1844
2019-09-16 15:50,1837
2019-09-16 15:55,1868
2019-09-16 16:00,1880
2019-09-16 16:05,1891
2019-09-16 16:10,1927
2019-09-16 16:15,1953
2019-09-16 16:20,1946
2019-09-16 16:25,1984
2019-09-16 16:30,1997
2019-09-16 16:35,1992
2019-09-16 16:40,1996
2019-09-16 16:45,2013
2019-09-16 16:50,2028
2019-09-16 16:55,2048
2019-09-16 17:00,2063
2019-09-16 17:05,
2019-09-16 17:10,2073
2019-09-16 17:15,2058
2019-09-16 17:20,2103
2019-09-16 17:25,2111
2019-09-16 17:30,2150
2019-09-16 17:35,2155
2019-09-16 17:40,2154
2019-09-16 17:45,2174
2019-09-16 17:50,2172
2019-09-16 17:55,
2019-09-16 18:00,
2019-09-16 18:05,
2019-09-16 18:10,
2019-09-16 18:15,
2019-09-16 18:20,2155
2019-09-16 18:25,2148
2019-09-16 18:30,2170
2019-09-16 18:35,2173
2019-09-16 18:40,2155
2019-09-16 18:45,2165
2019-09-16 18:50,2150
2019-09-16 18:55,2169
2019-09-16 19:00,2181
2019-09-16 19:05,2167
2019-09-16 19:10,2164
2019-09-16 19:15,2140
2019-09-16 19:20,2132
2019-09-16 19:25,2114
2019-09-16 19:30,2134
2019-09-16 19:35,2130
2019-09-16 19:40,2121
2019-09-16 19:45,2131
2019-09-16 19:50,2116
2019-09-16 19:55,2105
2019-09-16 20:00,2089
2019-09-16 20:05,2045
2019-09-16 20:10,2045
2019-09-16 20:15,2032
2019-09-16 20:20,2032
2019-09-16 20:25,2014
2019-09-16 20:30,1980
2019-09-16 20:35,1987
2019-09-16 20:40,1972
2019-09-16 20:45,1962
2019-09-16 20:50,1945
2019-09-16 20:55,1935
2019-09-16 21:00,1906
2019-09-16 21:05,1891
2019-09-16 21:10,1853
2019-09-16 21:15,1835
2019-09-16 21:20,1814
2019-09-16 21:25,1810
2019-09-16 21:30,1786
2019-09-16 21:35,1770
2019-09-16 21:40,1743
2019-09-16 21:45,1737
2019-09-16 21:50,1709
2019-09-16 21:55,1673
2019-09-16 22:00,1648
2019-09-16 22:05,1629
2019-09-16 22:10,1597
2019-09-16 22:15,1554
2019-09-16 22:20,1551
2019-09-16 22:25,
2019-09-16 22:30,
2019-09-16 22:35,
2019-09-16 22:40,
2019-09-16 22:45,1493
2019-09-16 22:50,1490
2019-09-16 22:55,1489
2019-09-16 23:00,1487
2019-09-16 23:05,1485
2019-09-16 23:10,1466
2019-09-16 23:15,1435
2019-09-16 23:20,1428
2019-09-16 23:25,1410
2019-09-16 23:30,1409
2019-09-16 23:35,1410
2019-09-16 23:40,1399
2019-09-16 23:45,1404
2019-09-16 23:50,1403
2019-09-16 23:55,1391
2019-09-17 00:00,1399
2019-09-17 00:05,1395
2019-09-17 00:10,1392
2019-09-17 00:15,1403
2019-09-17 00:20,1386
2019-09-17 00:25,1385
2019-09-17 00:30,1363
2019-09-17 00:35,1380
2019-09-17 00:40,1381
2019-09-17 00:45,1383
2019-09-17 00:50,1379
2019-09-17 00:55,1357
2019-09-17 01:00,1363
2019-09-17 01:05,1366
2019-09-17 01:10,1361
2019-09-17 01:15,1350
2019-09-17 01:20,1340
2019-09-17 01:25,1333
2019-09-17 01:30,1332
2019-09-17 01:35,1336
2019-09-17 01:40,1340
2019-09-17 01:45,1338
2019-09-17 01:50,1336
2019-09-17 01:55,1348
2019-09-17 02:00,1342
2019-09-17 02:05,1335
2019-09-17 02:10,1311
2019-09-17 02:15,1321
2019-09-17 02:20,1313
2019-09-17 02:25,1291
2019-09-17 02:30,1286
2019-09-17 02:35,1280
2019-09-17 02:40,1273
2019-09-17 02:45,1283
2019-09-17 02:50,1270
2019-09-17 02:55,1256
2019-09-17 03:00,1254
2019-09-17 03:05,1246
2019-09-17 03:10,1233
2019-09-17 03:15,1214
2019-09-17 03:20,1192
2019-09-17 03:25,1177
2019-09-17 03:30,1165
2019-09-17 03:35,1152
2019-09-17 03:40,1131
2019-09-17 03:45,1128
2019-09-17 03:50,1107
2019-09-17 03:55,1108
2019-09-17 04:00,1107
2019-09-17 04:05,1093
2019-09-17 04:10,1080
2019-09-17 04:15,1074
2019-09-17 04:20,1069
2019-09-17 04:25,1077
2019-09-17 04:30,1049
2019-09-17 04:35,1046
2019-09-17 04:40,1038
2019-09-17 04:45,1027
2019-09-17 04:50,1022
2019-09-17 04:55,1007
2019-09-17 05:00,1004
2019-09-17 05:05,995
2019-09-17 05:10,974
2019-09-17 05:15,949
2019-09-17 05:20,942
2019-09-17 05:25,949
2019-09-17 05:30,949
2019-09-17 05:35,942
2019-09-17 05:40,931
2019-09-17 05:45,921
2019-09-17 05:50,914
2019-09-17 05:55,912
2019-09-17 06:00,913
2019-09-17 06:05,910
2019-09-17 06:10,911
2019-09-17 06:15,914
2019-09-17 06:20,908
2019-09-17 06:25,901
2019-09-17 06:30,910
2019-09-17 06:35,911
2019-09-17 06:40,893
2019-09-17 06:45,891
2019-09-17 06:50,884
2019-09-17 06:55,896
2019-09-17 07:00,896
2019-09-17 07:05,898
2019-09-17 07:10,908
2019-09-17 07:15,894
2019-09-17 07:20,895
2019-09-17 07:25,905
2019-09-17 07:30,909
2019-09-17 07:35,900
2019-09-17 07:40,884
2019-09-17 07:45,901
2019-09-17 07:50,906
2019-09-17 07:55,921
2019-09-17 08:00,917
2019-09-17 08:05,922
2019-09-17 08:10,927
2019-09-17 08:15,935
2019-09-17 08:20,933
2019-09-17 08:25,924
2019-09-17 08:30,935
2019-09-17 08:35,930
2019-09-17 08:40,941
2019-09-17 08:45,964
2019-09-17 08:50,972
2019-09-17 08:55,971
2019-09-17 09:00,991
2019-09-17 09:05,998
2019-09-17 09:10,1021
2019-09-17 09:15,1023
2019-09-17 09:20,1029
2019-09-17 09:25,1037
2019-09-17 09:30,1057
2019-09-17 09:35,1076
2019-09-17 09:40,1094
2019-09-17 09:45,1114
2019-09-17 09:50,1123
2019-09-17 09:55,1126
2019-09-17 10:00,1145
2019-09-17 10:05,1166
2019-09-17 10:10,1170
2019-09-17 10:15,1174
2019-09-17 10:20,1181
2019-09-17 10:25,1163
2019-09-17 10:30,1208
2019-09-17 10:35,1208
2019-09-17 10:40,1220
2019-09-17 10:45,1217
2019-09-17 10:50,1237
2019-09-17 10:55,1248
2019-09-17 11:00,1273
2019-09-17 11:05,1274
2019-09-17 11:10,1289
2019-09-17 11:15,1290
2019-09-17 11:20,1292
2019-09-17 11:25,1297
2019-09-17 11:30,1310
2019-09-17 11:35,1309
2019-09-17 11:40,1317
2019-09-17 11:45,1313
2019-09-17 11:50,1318
2019-09-17 11:55,1326
2019-09-17 12:00,1330
2019-09-17 12:05,1329
2019-09-17 12:10,1323
2019-09-17 12:15,1336
2019-09-17 12:20,1346
2019-09-17 12:25,1364
2019-09-17 12:30,1359
2019-09-17 12:35,1391
2019-09-17 12:40,1383
2019-09-17 12:45,1370
2019-09-17 12:50,1385
2019-09-17 12:55,1395
2019-09-17 13:00,1390
2019-09-17 13:05,1392
2019-09-17 13:10,1404
2019-09-17 13:15,1412
2019-09-17 13:20,1410
2019-09-17 13:25,1441
2019-09-17 13:30,1452
2019-09-17 13:35,1474
2019-09-17 13:40,1483
2019-09-17 13:45,1482
2019-09-17 13:50,1496
2019-09-17 13:55,1484
2019-09-17 14:00,1502
2019-09-17 14:05,1519
2019-09-17 14:10,1536
2019-09-17 14:15,1538
2019-09-17 14:20,1557
2019-09-17 14:25,1574
2019-09-17 14:30,1578
2019-09-17 14:35,1568
2019-09-17 14:40,1590
2019-09-17 14:45,1591
2019-09-17 14:50,1595
2019-09-17 14:55,1614
2019-09-17 15:00,1631
2019-09-17 15:05,1638
2019-09-17 15:10,1646
2019-09-17 15:15,1668
2019-09-17 15:20,1681
2019-09-17 15:25,1712
2019-09-17 15:30,1722
2019-09-17 15:35,1753
2019-09-17 15:40,1777
2019-09-17 15:45,1749
2019-09-17 15:50,1787
2019-09-17 15:55,1803
2019-09-17 16:00,1795
2019-09-17 16:05,1808
2019-09-17 16:10,1815
2019-09-17 16:15,1832
2019-09-17 16:20,1812
2019-09-17 16:25,1823
2019-09-17 16:30,1843
2019-09-17 16:35,1893
2019-09-17 16:40,1921
2019-09-17 16:45,1931
2019-09-17 16:50,1953
2019-09-17 16:55,1958
2019-09-17 17:00,1978
2019-09-17 17:05,1981
2019-09-17 17:10,1987
2019-09-17 17:15,2001
2019-09-17 17:20,2010
2019-09-17 17:25,2024
2019-09-17 17:30,2041
2019-09-17 17:35,2052
2019-09-17 17:40,2066
2019-09-17 17:45,2081
2019-09-17 17:50,2094
2019-09-17 17:55,2090
2019-09-17 18:00,2093
2019-09-17 18:05,2057
2019-09-17 18:10,2059
2019-09-17 18:15,2047
2019-09-17 18:20,2071
2019-09-17 18:25,2074
2019-09-17 18:30,2076
2019-09-17 18:35,2071
2019-09-17 18:40,2090
2019-09-17 18:45,2080
2019-09-17 18:50,2074
2019-09-17 18:55,2084
2019-09-17 19:00,2080
2019-09-17 19:05,2056
2019-09-17 19:10,2069
2019-09-17 19:15,2063
2019-09-17 19:20,2059
2019-09-17 19:25,2051
2019-09-17 19:30,2053
2019-09-17 19:35,2055
2019-09-17 19:40,2031
2019-09-17 19:45,2045
2019-09-17 19:50,2040
2019-09-17 19:55,2015
2019-09-17 20:00,1990
2019-09-17 20:05,1980
2019-09-17 20:10,1956
2019-09-17 20:15,1951
2019-09-17 20:20,1927
2019-09-17 20:25,1896
2019-09-17 20:30,1884
2019-09-17 20:35,1867
2019-09-17 20:40,1859
2019-09-17 20:45,1825
2019-09-17 20:50,1811
2019-09-17 20:55,1802
2019-09-17 21:00,1778
2019-09-17 21:05,1761
2019-09-17 21:10,1761
2019-09-17 21:15,1745
2019-09-17 21:20,1736
2019-09-17 21:25,1721
2019-09-17 21:30,1703
2019-09-17 21:35,1674
2019-09-17 21:40,1657
2019-09-17 21:45,1652
2019-09-17 21:50,1644
2019-09-17 21:55,1621
2019-09-17 22:00,1579
2019-09-17 22:05,1581
2019-09-17 22:10,0
2019-09-17 22:15,1224
2019-09-17 22:20,1493
2019-09-17 22:25,1527
2019-09-17 22:30,1511
2019-09-17 22:35,1503
2019-09-17 22:40,1505
2019-09-17 22:45,1495
2019-09-17 22:50,1481
2019-09-17 22:55,1491
2019-09-17 23:00,1489
2019-09-17 23:05,1485
2019-09-17 23:10,1479
2019-09-17 23:15,1479
2019-09-17 23:20,1490
2019-09-17 23:25,1480
2019-09-17 23:30,1466
2019-09-17 23:35,1448
2019-09-17 23:40,1451
2019-09-17 23:45,1456
2019-09-17 23:50,1422
2019-09-17 23:55,1436
2019-09-18 00:00,1397
2019-09-18 00:05,1389
2019-09-18 00:10,1397
2019-09-18 00:15,1375
2019-09-18 00:20,1373
2019-09-18 00:25,1363
2019-09-18 00:30,1342
2019-09-18 00:35,1349
2019-09-18 00:40,1344
2019-09-18 00:45,1297
2019-09-18 00:50,1336
2019-09-18 00:55,1305
2019-09-18 01:00,1302
2019-09-18 01:05,1310
2019-09-18 01:10,1327
2019-09-18 01:15,1316
2019-09-18 01:20,1310
2019-09-18 01:25,1300
2019-09-18 01:30,1276
2019-09-18 01:35,1288
2019-09-18 01:40,1284
2019-09-18 01:45,1284
2019-09-18 01:50,1285
2019-09-18 01:55,1282
2019-09-18 02:00,1285
2019-09-18 02:05,
2019-09-18 02:10,
2019-09-18 02:15,1252
2019-09-18 02:20,1259
2019-09-18 02:25,1250
2019-09-18 02:30,1242
2019-09-18 02:35,1238
2019-09-18 02:40,1242
2019-09-18 02:45,1229
2019-09-18 02:50,1216
2019-09-18 02:55,1225
2019-09-18 03:00,1209
2019-09-18 03:05,1204
2019-09-18 03:10,1195
2019-09-18 03:15,1196
2019-09-18 03:20,1195
2019-09-18 03:25,1182
2019-09-18 03:30,1182
2019-09-18 03:35,1172
2019-09-18 03:40,1158
2019-09-18 03:45,1152
2019-09-18 03:50,1112
2019-09-18 03:55,1093
2019-09-18 04:00,1092
2019-09-18 04:05,1078
2019-09-18 04:10,1084
2019-09-18 04:15,1072
2019-09-18 04:20,1082
2019-09-18 04:25,1077
2019-09-18 04:30,1076
2019-09-18 04:35,1061
2019-09-18 04:40,1058
2019-09-18 04:45,1030
2019-09-18 04:50,1017
2019-09-18 04:55,1008
2019-09-18 05:00,998
2019-09-18 05:05,1011
2019-09-18 05:10,989
2019-09-18 05:15,979
2019-09-18 05:20,979
2019-09-18 05:25,960
2019-09-18 05:30,960
2019-09-18 05:35,964
2019-09-18 05:40,952
2019-09-18 05:45,951
2019-09-18 05:50,964
2019-09-18 05:55,962
2019-09-18 06:00,957
2019-09-18 06:05,955
2019-09-18 06:10,949
2019-09-18 06:15,933
2019-09-18 06:20,
2019-09-18 06:25,927
2019-09-18 06:30,917
2019-09-18 06:35,922
2019-09-18 06:40,915
2019-09-18 06:45,907
2019-09-18 06:50,906
2019-09-18 06:55,911
2019-09-18 07:00,912
2019-09-18 07:05,900
2019-09-18 07:10,893
2019-09-18 07:15,888
2019-09-18 07:20,883
2019-09-18 07:25,885
2019-09-18 07:30,892
2019-09-18 07:35,877
2019-09-18 07:40,862
2019-09-18 07:45,868
2019-09-18 07:50,861
2019-09-18 07:55,873
2019-09-18 08:00,886
2019-09-18 08:05,912
2019-09-18 08:10,906
2019-09-18 08:15,906
2019-09-18 08:20,926
2019-09-18 08:25,939
2019-09-18 08:30,941
2019-09-18 08:35,957
2019-09-18 08:40,957
2019-09-18 08:45,977
2019-09-18 08:50,984
2019-09-18 08:55,982
2019-09-18 09:00,974
2019-09-18 09:05,980
2019-09-18 09:10,982
2019-09-18 09:15,994
2019-09-18 09:20,994
2019-09-18 09:25,1015
2019-09-18 09:30,1030
2019-09-18 09:35,1035
2019-09-18 09:40,1044
2019-09-18 09:45,1045
2019-09-18 09:50,1051
2019-09-18 09:55,1061
2019-09-18 10:00,1070
2019-09-18 10:05,1083
2019-09-18 10:10,1100
2019-09-18 10:15,1107
2019-09-18 10:20,1134
2019-09-18 10:25,1153
2019-09-18 10:30,1169
2019-09-18 10:35,1165
2019-09-18 10:40,1208
2019-09-18 10:45,1222
2019-09-18 10:50,1252
2019-09-18 10:55,1260
2019-09-18 11:00,1270
2019-09-18 11:05,1288
2019-09-18 11:10,1310
2019-09-18 11:15,1314
2019-09-18 11:20,1311
2019-09-18 11:25,1320
2019-09-18 11:30,1338
2019-09-18 11:35,1342
2019-09-18 11:40,1343
2019-09-18 11:45,1359
2019-09-18 11:50,1368
2019-09-18 11:55,1375
2019-09-18 12:00,1369
2019-09-18 12:05,1366
2019-09-18 12:10,1366
2019-09-18 12:15,1382
2019-09-18 12:20,1379
2019-09-18 12:25,1387
2019-09-18 12:30,1376
2019-09-18 12:35,1383
2019-09-18 12:40,1393
2019-09-18 12:45,1399
2019-09-18 12:50,1403
2019-09-18 12:55,1394
2019-09-18 13:00,1405
2019-09-18 13:05,1406
2019-09-18 13:10,1408
2019-09-18 13:15,1424
2019-09-18 13:20,1432
2019-09-18 13:25,1426
2019-09-18 13:30,1439
2019-09-18 13:35,1457
2019-09-18 13:40,1473
2019-09-18 13:45,1484
2019-09-18 13:50,1479
2019-09-18 13:55,1489
2019-09-18 14:00,1496
2019-09-18 14:05,1510
2019-09-18 14:10,1517
2019-09-18 14:15,1527
2019-09-18 14:20,1544
2019-09-18 14:25,1572
2019-09-18 14:30,1589
2019-09-18 14:35,1592
2019-09-18 14:40,1605
2019-09-18 14:45,1624
2019-09-18 14:50,1629
2019-09-18 14:55,1615
2019-09-18 15:00,1651
2019-09-18 15:05,1665
2019-09-18 15:10,1655
2019-09-18 15:15,1654
2019-09-18 15:20,1682
2019-09-18 15:25,1727
2019-09-18 15:30,1726
2019-09-18 15:35,1733
2019-09-18 15:40,1754
2019-09-18 15:45,1798
2019-09-18 15:50,1786
2019-09-18 15:55,1828
2019-09-18 16:00,1843
2019-09-18 16:05,1846
2019-09-18 16:10,1841
2019-09-18 16:15,1861
2019-09-18 16:20,1893
2019-09-18 16:25,1901
2019-09-18 16:30,1915
2019-09-18 16:35,1924
2019-09-18 16:40,1919
2019-09-18 16:45,1944
2019-09-18 16:50,1961
2019-09-18 16:55,1956
2019-09-18 17:00,1952
2019-09-18 17:05,1957
2019-09-18 17:10,1960
2019-09-18 17:15,1969
2019-09-18 17:20,1990
2019-09-18 17:25,2017
2019-09-18 17:30,2031
2019-09-18 17:35,2054
2019-09-18 17:40,2049
2019-09-18 17:45,2043
2019-09-18 17:50,2014
2019-09-18 17:55,2027
2019-09-18 18:00,2034
2019-09-18 18:05,2020
2019-09-18 18:10,2035
2019-09-18 18:15,2055
2019-09-18 18:20,2092
2019-09-18 18:25,2090
2019-09-18 18:30,2068
2019-09-18 18:35,2078
2019-09-18 18:40,2099
2019-09-18 18:45,2116
2019-09-18 18:50,2150
2019-09-18 18:55,2144
2019-09-18 19:00,2137
2019-09-18 19:05,2126
2019-09-18 19:10,2116
2019-09-18 19:15,2110
2019-09-18 19:20,2117
2019-09-18 19:25,2113
2019-09-18 19:30,2097
2019-09-18 19:35,2097
2019-09-18 19:40,2078
2019-09-18 19:45,2058
2019-09-18 19:50,2015
2019-09-18 19:55,2011
2019-09-18 20:00,1989
2019-09-18 20:05,1993
2019-09-18 20:10,1972
2019-09-18 20:15,1960
2019-09-18 20:20,1931
2019-09-18 20:25,1902
2019-09-18 20:30,1876
2019-09-18 20:35,1862
2019-09-18 20:40,1825
2019-09-18 20:45,1810
2019-09-18 20:50,1800
2019-09-18 20:55,1783
2019-09-18 21:00,1767
2019-09-18 21:05,1736
2019-09-18 21:10,1706
2019-09-18 21:15,1704
2019-09-18 21:20,1683
2019-09-18 21:25,1667
2019-09-18 21:30,1637
2019-09-18 21:35,1611
2019-09-18 21:40,1604
2019-09-18 21:45,1589
2019-09-18 21:50,1583
2019-09-18 21:55,1581
2019-09-18 22:00,1536
2019-09-18 22:05,1533
2019-09-18 22:10,1508
2019-09-18 22:15,1499
2019-09-18 22:20,1487
2019-09-18 22:25,1490
2019-09-18 22:30,1482
2019-09-18 22:35,1442
2019-09-18 22:40,1463
2019-09-18 22:45,1470
2019-09-18 22:50,1472
2019-09-18 22:55,1471
2019-09-18 23:00,1442
2019-09-18 23:05,1443
2019-09-18 23:10,1425
2019-09-18 23:15,1431
2019-09-18 23:20,1413
2019-09-18 23:25,1424
2019-09-18 23:30,1436
2019-09-18 23:35,1409
2019-09-18 23:40,1400
2019-09-18 23:45,1383
2019-09-18 23:50,1380
2019-09-18 23:55,1363
2019-09-19 00:00,1357
2019-09-19 00:05,1360
2019-09-19 00:10,1349
2019-09-19 00:15,1355
2019-09-19 00:20,1360
2019-09-19 00:25,1361
2019-09-19 00:30,
2019-09-19 00:35,
2019-09-19 00:40,
2019-09-19 00:45,1343
2019-09-19 00:50,1325
2019-09-19 00:55,1313
2019-09-19 01:00,1308
2019-09-19 01:05,1312
2019-09-19 01:10,1294
2019-09-19 01:15,1293
2019-09-19 01:20,1282
2019-09-19 01:25,1277
2019-09-19 01:30,1270
2019-09-19 01:35,1260
2019-09-19 01:40,1241
2019-09-19 01:45,1246
2019-09-19 01:50,1243
2019-09-19 01:55,0
2019-09-19 02:00,1229
2019-09-19 02:05,1215
2019-09-19 02:10,1202
2019-09-19 02:15,1192
2019-09-19 02:20,1171
2019-09-19 02:25,1181
2019-09-19 02:30,1167
2019-09-19 02:35,1175
2019-09-19 02:40,1167
2019-09-19 02:45,1155
2019-09-19 02:50,1159
2019-09-19 02:55,1176
2019-09-19 03:00,1167
2019-09-19 03:05,1166
2019-09-19 03:10,1158
2019-09-19 03:15,1139
2019-09-19 03:20,1137
2019-09-19 03:25,1125
2019-09-19 03:30,1116
2019-09-19 03:35,1105
2019-09-19 03:40,1090
2019-09-19 03:45,1082
2019-09-19 03:50,1066
2019-09-19 03:55,1057
2019-09-19 04:00,1051
2019-09-19 04:05,1043
2019-09-19 04:10,
2019-09-19 04:15,
2019-09-19 04:20,993
2019-09-19 04:25,980
2019-09-19 04:30,992
2019-09-19 04:35,985
2019-09-19 04:40,974
2019-09-19 04:45,971
2019-09-19 04:50,952
2019-09-19 04:55,950
2019-09-19 05:00,951
2019-09-19 05:05,
2019-09-19 05:10,
2019-09-19 05:15,
2019-09-19 05:20,
2019-09-19 05:25,
2019-09-19 05:30,
2019-09-19 05:35,
2019-09-19 05:40,
2019-09-19 05:45,
2019-09-19 05:50,879
2019-09-19 05:55,
2019-09-19 06:00,
2019-09-19 06:05,855
2019-09-19 06:10,841
2019-09-19 06:15,837
2019-09-19 06:20,855
2019-09-19 06:25,857
2019-09-19 06:30,871
2019-09-19 06:35,873
2019-09-19 06:40,874
2019-09-19 06:45,871
2019-09-19 06:50,873
2019-09-19 06:55,870
2019-09-19 07:00,871
2019-09-19 07:05,865
2019-09-19 07:10,872
2019-09-19 07:15,859
2019-09-19 07:20,850
2019-09-19 07:25,852
2019-09-19 07:30,847
2019-09-19 07:35,845
2019-09-19 07:40,851
2019-09-19 07:45,848
2019-09-19 07:50,872
2019-09-19 07:55,858
2019-09-19 08:00,865
2019-09-19 08:05,870
2019-09-19 08:10,872
2019-09-19 08:15,883
2019-09-19 08:20,890
2019-09-19 08:25,913
2019-09-19 08:30,927
2019-09-19 08:35,936
2019-09-19 08:40,926
2019-09-19 08:45,945
2019-09-19 08:50,947
2019-09-19 08:55,961
2019-09-19 09:00,966
2019-09-19 09:05,984
2019-09-19 09:10,983
2019-09-19 09:15,970
2019-09-19 09:20,987
2019-09-19 09:25,999
2019-09-19 09:30,996
2019-09-19 09:35,1009
2019-09-19 09:40,1017
2019-09-19 09:45,1026
2019-09-19 09:50,1042
2019-09-19 09:55,1049
2019-09-19 10:00,1080
2019-09-19 10:05,1101
2019-09-19 10:10,1122
2019-09-19 10:15,1132
2019-09-19 10:20,1164
2019-09-19 10:25,1174
2019-09-19 10:30,1177
2019-09-19 10:35,1193
2019-09-19 10:40,1202
2019-09-19 10:45,1207
2019-09-19 10:50,1231
2019-09-19 10:55,1234
2019-09-19 11:00,1250
2019-09-19 11:05,1260
2019-09-19 11:10,1266
2019-09-19 11:15,1277
2019-09-19 11:20,1289
2019-09-19 11:25,1296
2019-09-19 11:30,1307
2019-09-19 11:35,1332
2019-09-19 11:40,1327
2019-09-19 11:45,1332
2019-09-19 11:50,1331
2019-09-19 11:55,1329
2019-09-19 12:00,1347
2019-09-19 12:05,1360
2019-09-19 12:10,1350
2019-09-19 12:15,1338
2019-09-19 12:20,1349
2019-09-19 12:25,1367
2019-09-19 12:30,1358
2019-09-19 12:35,1361
2019-09-19 12:40,1378
2019-09-19 12:45,1373
2019-09-19 12:50,1396
2019-09-19 12:55,1403
2019-09-19 13:00,1401
2019-09-19 13:05,1399
2019-09-19 13:10,1405
2019-09-19 13:15,1408
2019-09-19 13:20,1422
2019-09-19 13:25,1416
2019-09-19 13:30,1425
2019-09-19 13:35,1419
2019-09-19 13:40,1417
2019-09-19 13:45,1408
2019-09-19 13:50,1396
2019-09-19 13:55,1365
2019-09-19 14:00,1266
2019-09-19 14:05,1064
2019-09-19 14:10,798
2019-09-19 14:15,795
2019-09-19 14:20,791
2019-09-19 14:25,790
2019-09-19 14:30,803
2019-09-19 14:35,823
2019-09-19 14:40,813
2019-09-19 14:45,843
2019-09-19 14:50,843
2019-09-19 14:55,839
2019-09-19 15:00,875
2019-09-19 15:05,862
2019-09-19 15:10,913
2019-09-19 15:15,943
2019-09-19 15:20,955
2019-09-19 15:25,995
2019-09-19 15:30,1067
2019-09-19 15:35,1127
2019-09-19 15:40,1210
2019-09-19 15:45,1271
2019-09-19 15:50,1341
2019-09-19 15:55,1392
2019-09-19 16:00,1477
2019-09-19 16:05,1544
2019-09-19 16:10,1626
2019-09-19 16:15,1684
2019-09-19 16:20,1722
2019-09-19 16:25,1757
2019-09-19 16:30,1795
2019-09-19 16:35,1858
2019-09-19 16:40,1893
2019-09-19 16:45,1946
2019-09-19 16:50,1988
2019-09-19 16:55,2024
2019-09-19 17:00,2066
2019-09-19 17:05,2083
2019-09-19 17:10,2125
2019-09-19 17:15,2127
2019-09-19 17:20,2130
2019-09-19 17:25,2148
2019-09-19 17:30,2167
2019-09-19 17:35,2187
2019-09-19 17:40,2210
2019-09-19 17:45,2202
2019-09-19 17:50,2196
2019-09-19 17:55,2197
2019-09-19 18:00,2215
2019-09-19 18:05,2220
2019-09-19 18:10,2195
2019-09-19 18:15,2219
2019-09-19 18:20,2215
2019-09-19 18:25,2190
2019-09-19 18:30,2209
2019-09-19 18:35,2212
2019-09-19 18:40,2197
2019-09-19 18:45,2214
2019-09-19 18:50,2209
2019-09-19 18:55,2199
2019-09-19 19:00,2188
2019-09-19 19:05,2181
2019-09-19 19:10,2164
2019-09-19 19:15,2187
2019-09-19 19:20,2196
2019-09-19 19:25,2198
2019-09-19 19:30,2169
2019-09-19 19:35,2175
2019-09-19 19:40,2180
2019-09-19 19:45,2153
2019-09-19 19:50,2131
2019-09-19 19:55,2109
2019-09-19 20:00,2086
2019-09-19 20:05,2048
2019-09-19 20:10,2036
2019-09-19 20:15,2035
2019-09-19 20:20,2024
2019-09-19 20:25,2021
2019-09-19 20:30,2007
2019-09-19 20:35,1960
2019-09-19 20:40,1946
2019-09-19 20:45,1910
2019-09-19 20:50,1893
2019-09-19 20:55,1902
2019-09-19 21:00,1887
2019-09-19 21:05,1851
2019-09-19 21:10,1836
2019-09-19 21:15,1832
2019-09-19 21:20,1811
2019-09-19 21:25,1790
2019-09-19 21:30,1780
2019-09-19 21:35,1759
2019-09-19 21:40,1742
2019-09-19 21:45,1710
2019-09-19 21:50,1690
2019-09-19 21:55,1673
2019-09-19 22:00,1629
2019-09-19 22:05,1622
2019-09-19 22:10,1595
2019-09-19 22:15,1568
2019-09-19 22:20,1548
2019-09-19 22:25,1533
2019-09-19 22:30,1533
2019-09-19 22:35,1539
2019-09-19 22:40,1530
2019-09-19 22:45,1545
2019-09-19 22:50,1507
2019-09-19 22:55,1499
2019-09-19 23:00,1474
2019-09-19 23:05,1459
2019-09-19 23:10,1433
2019-09-19 23:15,1414
2019-09-19 23:20,1413
2019-09-19 23:25,1417
2019-09-19 23:30,1411
2019-09-19 23:35,1392
2019-09-19 23:40,1399
2019-09-19 23:45,1387
2019-09-19 23:50,1383
2019-09-19 23:55,1376
2019-09-20 00:00,1374
2019-09-20 00:05,1367
2019-09-20 00:10,1331
2019-09-20 00:15,1328
2019-09-20 00:20,1318
2019-09-20 00:25,1309
2019-09-20 00:30,1295
2019-09-20 00:35,1287
2019-09-20 00:40,1286
2019-09-20 00:45,1277
2019-09-20 00:50,1281
2019-09-20 00:55,1269
2019-09-20 01:00,1261
2019-09-20 01:05,1257
2019-09-20 01:10,1259
2019-09-20 01:15,1252
2019-09-20 01:20,1234
2019-09-20 01:25,1231
2019-09-20 01:30,1219
2019-09-20 01:35,1210
2019-09-20 01:40,1211
2019-09-20 01:45,1212
2019-09-20 01:50,1227
2019-09-20 01:55,1207
2019-09-20 02:00,1202
2019-09-20 02:05,1216
2019-09-20 02:10,1203
2019-09-20 02:15,1191
2019-09-20 02:20,1177
2019-09-20 02:25,1200
2019-09-20 02:30,1192
2019-09-20 02:35,1185
2019-09-20 02:40,1157
2019-09-20 02:45,1155
2019-09-20 02:50,1144
2019-09-20 02:55,1128
2019-09-20 03:00,1124
2019-09-20 03:05,1103
2019-09-20 03:10,1101
2019-09-20 03:15,1091
2019-09-20 03:20,1084
2019-09-20 03:25,1065
2019-09-20 03:30,1059
2019-09-20 03:35,1048
2019-09-20 03:40,1046
2019-09-20 03:45,1042
2019-09-20 03:50,1033
2019-09-20 03:55,1019
2019-09-20 04:00,1002
2019-09-20 04:05,981
2019-09-20 04:10,974
2019-09-20 04:15,984
2019-09-20 04:20,999
2019-09-20 04:25,1010
2019-09-20 04:30,1016
2019-09-20 04:35,1020
2019-09-20 04:40,1009
2019-09-20 04:45,1002
2019-09-20 04:50,1012
2019-09-20 04:55,1011
2019-09-20 05:00,1007
2019-09-20 05:05,981
2019-09-20 05:10,978
2019-09-20 05:15,956
2019-09-20 05:20,961
2019-09-20 05:25,957
2019-09-20 05:30,962
2019-09-20 05:35,953
2019-09-20 05:40,956
2019-09-20 05:45,947
2019-09-20 05:50,960
2019-09-20 05:55,952
2019-09-20 06:00,950
2019-09-20 06:05,951
2019-09-20 06:10,959
2019-09-20 06:15,946
2019-09-20 06:20,959
2019-09-20 06:25,943
2019-09-20 06:30,946
2019-09-20 06:35,939
2019-09-20 06:40,944
2019-09-20 06:45,961
2019-09-20 06:50,954
2019-09-20 06:55,947
2019-09-20 07:00,946
2019-09-20 07:05,955
2019-09-20 07:10,961
2019-09-20 07:15,956
2019-09-20 07:20,964
2019-09-20 07:25,975
2019-09-20 07:30,974
2019-09-20 07:35,980
2019-09-20 07:40,977
2019-09-20 07:45,977
2019-09-20 07:50,973
2019-09-20 07:55,983
2019-09-20 08:00,977
2019-09-20 08:05,983
2019-09-20 08:10,982
2019-09-20 08:15,982
2019-09-20 08:20,980
2019-09-20 08:25,1001
2019-09-20 08:30,1011
2019-09-20 08:35,1014
2019-09-20 08:40,1024
2019-09-20 08:45,1022
2019-09-20 08:50,1017
2019-09-20 08:55,1014
2019-09-20 09:00,1042
2019-09-20 09:05,1044
2019-09-20 09:10,1057
2019-09-20 09:15,1076
2019-09-20 09:20,1080
2019-09-20 09:25,1088
2019-09-20 09:30,1090
2019-09-20 09:35,1103
2019-09-20 09:40,1096
2019-09-20 09:45,1116
2019-09-20 09:50,1125
2019-09-20 09:55,1140
2019-09-20 10:00,1158
2019-09-20 10:05,1192
2019-09-20 10:10,1215
2019-09-20 10:15,1217
2019-09-20 10:20,1222
2019-09-20 10:25,1258
2019-09-20 10:30,1261
2019-09-20 10:35,1275
2019-09-20 10:40,1300
2019-09-20 10:45,1318
2019-09-20 10:50,1327
2019-09-20 10:55,1335
2019-09-20 11:00,1329
2019-09-20 11:05,1330
2019-09-20 11:10,1350
2019-09-20 11:15,1360
2019-09-20 11:20,1359
2019-09-20 11:25,1382
2019-09-20 11:30,1361
2019-09-20 11:35,1362
2019-09-20 11:40,1365
2019-09-20 11:45,1395
2019-09-20 11:50,1376
2019-09-20 11:55,1386
2019-09-20 12:00,1374
2019-09-20 12:05,1364
2019-09-20 12:10,1364
2019-09-20 12:15,1381
2019-09-20 12:20,1399
2019-09-20 12:25,1427
2019-09-20 12:30,1452
2019-09-20 12:35,1443
2019-09-20 12:40,1471
2019-09-20 12:45,1477
2019-09-20 12:50,1499
2019-09-20 12:55,1531
2019-09-20 13:00,1520
2019-09-20 13:05,1518
2019-09-20 13:10,1532
2019-09-20 13:15,1559
2019-09-20 13:20,1567
2019-09-20 13:25,1570
2019-09-20 13:30,1566
2019-09-20 13:35,1585
2019-09-20 13:40,1581
2019-09-20 13:45,1568
2019-09-20 13:50,1573
2019-09-20 13:55,1579
2019-09-20 14:00,1607
2019-09-20 14:05,1626
2019-09-20 14:10,1635
2019-09-20 14:15,1647
2019-09-20 14:20,1654
2019-09-20 14:25,1695
2019-09-20 14:30,1725
2019-09-20 14:35,1733
2019-09-20 14:40,1738
2019-09-20 14:45,1731
2019-09-20 14:50,1763
2019-09-20 14:55,1768
2019-09-20 15:00,1793
2019-09-20 15:05,1791
2019-09-20 15:10,1809
2019-09-20 15:15,1799
2019-09-20 15:20,1836
2019-09-20 15:25,1875
2019-09-20 15:30,1902
2019-09-20 15:35,1876
2019-09-20 15:40,1881
2019-09-20 15:45,1916
2019-09-20 15:50,1916
2019-09-20 15:55,1929
2019-09-20 16:00,1918
2019-09-20 16:05,1938
2019-09-20 16:10,1959
2019-09-20 16:15,1972
2019-09-20 16:20,1989
2019-09-20 16:25,1957
2019-09-20 16:30,1969
2019-09-20 16:35,1970
2019-09-20 16:40,1981
2019-09-20 16:45,1982
2019-09-20 16:50,1982
2019-09-20 16:55,1989
2019-09-20 17:00,1998
2019-09-20 17:05,2019
2019-09-20 17:10,2013
2019-09-20 17:15,2013
2019-09-20 17:20,2016
2019-09-20 17:25,2034
2019-09-20 17:30,2027
2019-09-20 17:35,2037
2019-09-20 17:40,2028
2019-09-20 17:45,2021
2019-09-20 17:50,2043
2019-09-20 17:55,2067
2019-09-20 18:00,2088
2019-09-20 18:05,2081
2019-09-20 18:10,2080
2019-09-20 18:15,2071
2019-09-20 18:20,2102
2019-09-20 18:25,2091
2019-09-20 18:30,2114
2019-09-20 18:35,2122
2019-09-20 18:40,2103
2019-09-20 18:45,2126
2019-09-20 18:50,2118
2019-09-20 18:55,2133
2019-09-20 19:00,2122
2019-09-20 19:05,2133
2019-09-20 19:10,2123
2019-09-20 19:15,2112
2019-09-20 19:20,2124
2019-09-20 19:25,2148
2019-09-20 19:30,2145
2019-09-20 19:35,2158
2019-09-20 19:40,2168
2019-09-20 19:45,2167
2019-09-20 19:50,2151
2019-09-20 19:55,2158
2019-09-20 20:00,2149
2019-09-20 20:05,2130
2019-09-20 20:10,2109
2019-09-20 20:15,2098
2019-09-20 20:20,2078
2019-09-20 20:25,2054
2019-09-20 20:30,2058
2019-09-20 20:35,2066
2019-09-20 20:40,2058
2019-09-20 20:45,2032
2019-09-20 20:50,2050
2019-09-20 20:55,2039
2019-09-20 21:00,2022
2019-09-20 21:05,2022
2019-09-20 21:10,1993
2019-09-20 21:15,1968
2019-09-20 21:20,1943
2019-09-20 21:25,1927
2019-09-20 21:30,1890
2019-09-20 21:35,1887
2019-09-20 21:40,1895
2019-09-20 21:45,1880
2019-09-20 21:50,1856
2019-09-20 21:55,1839
2019-09-20 22:00,1800
2019-09-20 22:05,1780
2019-09-20 22:10,1771
2019-09-20 22:15,1750
2019-09-20 22:20,1733
2019-09-20 22:25,1706
2019-09-20 22:30,1694
2019-09-20 22:35,1676
2019-09-20 22:40,1651
2019-09-20 22:45,1649
2019-09-20 22:50,1636
2019-09-20 22:55,1635
2019-09-20 23:00,1616
2019-09-20 23:05,1605
2019-09-20 23:10,1580
2019-09-20 23:15,1571
2019-09-20 23:20,1552
2019-09-20 23:25,1561
2019-09-20 23:30,1532
2019-09-20 23:35,1535
2019-09-20 23:40,1515
2019-09-20 23:45,1509
2019-09-20 23:50,1503
2019-09-20 23:55,1478
2019-09-21 00:00,1485
2019-09-21 00:05,1462
2019-09-21 00:10,1463
2019-09-21 00:15,1455
2019-09-21 00:20,1452
2019-09-21 00:25,1461
2019-09-21 00:30,1438
2019-09-21 00:35,1443
2019-09-21 00:40,1445
2019-09-21 00:45,1439
2019-09-21 00:50,1442
2019-09-21 00:55,1433
2019-09-21 01:00,1410
2019-09-21 01:05,1400
2019-09-21 01:10,1395
2019-09-21 01:15,1385
2019-09-21 01:20,1370
2019-09-21 01:25,1365
2019-09-21 01:30,1354
2019-09-21 01:35,1363
2019-09-21 01:40,1381
2019-09-21 01:45,1381
2019-09-21 01:50,1382
2019-09-21 01:55,1384
2019-09-21 02:00,1375
2019-09-21 02:05,1383
2019-09-21 02:10,1379
2019-09-21 02:15,1378
2019-09-21 02:20,1376
2019-09-21 02:25,1376
2019-09-21 02:30,1383
2019-09-21 02:35,1379
2019-09-21 02:40,1359
2019-09-21 02:45,1353
2019-09-21 02:50,1343
2019-09-21 02:55,1305
2019-09-21 03:00,1312
2019-09-21 03:05,1325
2019-09-21 03:10,1327
2019-09-21 03:15,1312
2019-09-21 03:20,1304
2019-09-21 03:25,1297
2019-09-21 03:30,1300
2019-09-21 03:35,1285
2019-09-21 03:40,1278
2019-09-21 03:45,1274
2019-09-21 03:50,1280
2019-09-21 03:55,1270
2019-09-21 04:00,1243
2019-09-21 04:05,1227
2019-09-21 04:10,1229
2019-09-21 04:15,1214
2019-09-21 04:20,1211
2019-09-21 04:25,1208
2019-09-21 04:30,1189
2019-09-21 04:35,1193
2019-09-21 04:40,1188
2019-09-21 04:45,1161
2019-09-21 04:50,1169
2019-09-21 04:55,1148
2019-09-21 05:00,1148
2019-09-21 05:05,1136
2019-09-21 05:10,1135
2019-09-21 05:15,1119
2019-09-21 05:20,1107
2019-09-21 05:25,1113
2019-09-21 05:30,1098
2019-09-21 05:35,1101
2019-09-21 05:40,1108
2019-09-21 05:45,1115
2019-09-21 05:50,1118
2019-09-21 05:55,1127
2019-09-21 06:00,1129
2019-09-21 06:05,1139
2019-09-21 06:10,1148
2019-09-21 06:15,1147
2019-09-21 06:20,1146
2019-09-21 06:25,1153
2019-09-21 06:30,1151
2019-09-21 06:35,1163
2019-09-21 06:40,1177
2019-09-21 06:45,1188
2019-09-21 06:50,1180
2019-09-21 06:55,1190
2019-09-21 07:00,1191
2019-09-21 07:05,1200
2019-09-21 07:10,1205
2019-09-21 07:15,1202
2019-09-21 07:20,1197
2019-09-21 07:25,1193
2019-09-21 07:30,1200
2019-09-21 07:35,1204
2019-09-21 07:40,1205
2019-09-21 07:45,1225
2019-09-21 07:50,1236
2019-09-21 07:55,1244
2019-09-21 08:00,1254
2019-09-21 08:05,1261
2019-09-21 08:10,1275
2019-09-21 08:15,1281
2019-09-21 08:20,1288
2019-09-21 08:25,1307
2019-09-21 08:30,1326
2019-09-21 08:35,1347
2019-09-21 08:40,1348
2019-09-21 08:45,1369
2019-09-21 08:50,1379
2019-09-21 08:55,1399
2019-09-21 09:00,1402
2019-09-21 09:05,1417
2019-09-21 09:10,1435
2019-09-21 09:15,1452
2019-09-21 09:20,1461
2019-09-21 09:25,1461
2019-09-21 09:30,1467
2019-09-21 09:35,1476
2019-09-21 09:40,1494
2019-09-21 09:45,1501
2019-09-21 09:50,1517
2019-09-21 09:55,1521
2019-09-21 10:00,1550
2019-09-21 10:05,1585
2019-09-21 10:10,1611
2019-09-21 10:15,1609
2019-09-21 10:20,1645
2019-09-21 10:25,1640
2019-09-21 10:30,1651
2019-09-21 10:35,1676
2019-09-21 10:40,1688
2019-09-21 10:45,1708
2019-09-21 10:50,1723
2019-09-21 10:55,1718
2019-09-21 11:00,1735
2019-09-21 11:05,1752
2019-09-21 11:10,1740
2019-09-21 11:15,1740
2019-09-21 11:20,1749
2019-09-21 11:25,1771
2019-09-21 11:30,1780
2019-09-21 11:35,1784
2019-09-21 11:40,1782
2019-09-21 11:45,1789
2019-09-21 11:50,1797
2019-09-21 11:55,1814
2019-09-21 12:00,1834
2019-09-21 12:05,1839
2019-09-21 12:10,1855
2019-09-21 12:15,1862
2019-09-21 12:20,1890
2019-09-21 12:25,1905
2019-09-21 12:30,1936
2019-09-21 12:35,1921
2019-09-21 12:40,1886
2019-09-21 12:45,1917
2019-09-21 12:50,1932
2019-09-21 12:55,1943
2019-09-21 13:00,1955
2019-09-21 13:05,1975
2019-09-21 13:10,1989
2019-09-21 13:15,1992
2019-09-21 13:20,2020
2019-09-21 13:25,2026
2019-09-21 13:30,2024
2019-09-21 13:35,2030
2019-09-21 13:40,2049
2019-09-21 13:45,2064
2019-09-21 13:50,2072
2019-09-21 13:55,2076
2019-09-21 14:00,2072
2019-09-21 14:05,2082
2019-09-21 14:10,2091
2019-09-21 14:15,2107
2019-09-21 14:20,2105
2019-09-21 14:25,2112
2019-09-21 14:30,2132
2019-09-21 14:35,2145
2019-09-21 14:40,2157
2019-09-21 14:45,2170
2019-09-21 14:50,2185
2019-09-21 14:55,2188
2019-09-21 15:00,2229
2019-09-21 15:05,2223
2019-09-21 15:10,2235
2019-09-21 15:15,2226
2019-09-21 15:20,2234
2019-09-21 15:25,2249
2019-09-21 15:30,2242
2019-09-21 15:35,2272
2019-09-21 15:40,2269
2019-09-21 15:45,2296
2019-09-21 15:50,2290
2019-09-21 15:55,2302
2019-09-21 16:00,2306
2019-09-21 16:05,2326
2019-09-21 16:10,2333
2019-09-21 16:15,2345
2019-09-21 16:20,2343
2019-09-21 16:25,2365
2019-09-21 16:30,2356
2019-09-21 16:35,2377
2019-09-21 16:40,2395
2019-09-21 16:45,2429
2019-09-21 16:50,2422
2019-09-21 16:55,2425
2019-09-21 17:00,2413
2019-09-21 17:05,2412
2019-09-21 17:10,2434
2019-09-21 17:15,2452
2019-09-21 17:20,2452
2019-09-21 17:25,2452
2019-09-21 17:30,2474
2019-09-21 17:35,2498
2019-09-21 17:40,2508
2019-09-21 17:45,2519
2019-09-21 17:50,2514
2019-09-21 17:55,2495
2019-09-21 18:00,2485
2019-09-21 18:05,2488
2019-09-21 18:10,2489
2019-09-21 18:15,2480
2019-09-21 18:20,2487
2019-09-21 18:25,2504
2019-09-21 18:30,2487
2019-09-21 18:35,2494
2019-09-21 18:40,2473
2019-09-21 18:45,2494
2019-09-21 18:50,2531
2019-09-21 18:55,2550
2019-09-21 19:00,2525
2019-09-21 19:05,2520
2019-09-21 19:10,2510
2019-09-21 19:15,2524
2019-09-21 19:20,2537
2019-09-21 19:25,2545
2019-09-21 19:30,2558
2019-09-21 19:35,2565
2019-09-21 19:40,2548
2019-09-21 19:45,2556
2019-09-21 19:50,2531
2019-09-21 19:55,2514
2019-09-21 20:00,2506
2019-09-21 20:05,2485
2019-09-21 20:10,2493
2019-09-21 20:15,2476
2019-09-21 20:20,2464
2019-09-21 20:25,2445
2019-09-21 20:30,2441
2019-09-21 20:35,2441
2019-09-21 20:40,2443
2019-09-21 20:45,2407
2019-09-21 20:50,2393
2019-09-21 20:55,2380
2019-09-21 21:00,2360
2019-09-21 21:05,2323
2019-09-21 21:10,2316
2019-09-21 21:15,2289
2019-09-21 21:20,2272
2019-09-21 21:25,2256
2019-09-21 21:30,2229
2019-09-21 21:35,2231
2019-09-21 21:40,2205
2019-09-21 21:45,2189
2019-09-21 21:50,2153
2019-09-21 21:55,2162
2019-09-21 22:00,2156
2019-09-21 22:05,2143
2019-09-21 22:10,2107
2019-09-21 22:15,2097
2019-09-21 22:20,2079
2019-09-21 22:25,2050
2019-09-21 22:30,2028
2019-09-21 22:35,2044
2019-09-21 22:40,2011
2019-09-21 22:45,1965
2019-09-21 22:50,1945
2019-09-21 22:55,1928
2019-09-21 23:00,1903
2019-09-21 23:05,1872
2019-09-21 23:10,1854
2019-09-21 23:15,1839
2019-09-21 23:20,1817
2019-09-21 23:25,1782
2019-09-21 23:30,1761
2019-09-21 23:35,1736
2019-09-21 23:40,1724
2019-09-21 23:45,1719
2019-09-21 23:50,1681
2019-09-21 23:55,1661
2019-09-22 00:00,1656
2019-09-22 00:05,1646
2019-09-22 00:10,1635
2019-09-22 00:15,1634
2019-09-22 00:20,1624
2019-09-22 00:25,1601
2019-09-22 00:30,1599
2019-09-22 00:35,1589
2019-09-22 00:40,1573
2019-09-22 00:45,1560
2019-09-22 00:50,1547
2019-09-22 00:55,1556
2019-09-22 01:00,1568
2019-09-22 01:05,1566
2019-09-22 01:10,1561
2019-09-22 01:15,1565
2019-09-22 01:20,1566
2019-09-22 01:25,1572
2019-09-22 01:30,1557
2019-09-22 01:35,1563
2019-09-22 01:40,1562
2019-09-22 01:45,1573
2019-09-22 01:50,1591
2019-09-22 01:55,1562
2019-09-22 02:00,1569
2019-09-22 02:05,1560
2019-09-22 02:10,1550
2019-09-22 02:15,1546
2019-09-22 02:20,1544
2019-09-22 02:25,1526
2019-09-22 02:30,1522
2019-09-22 02:35,1509
2019-09-22 02:40,1498
2019-09-22 02:45,1513
2019-09-22 02:50,1494
2019-09-22 02:55,1491
2019-09-22 03:00,1484
2019-09-22 03:05,1478
2019-09-22 03:10,1481
2019-09-22 03:15,1486
2019-09-22 03:20,1485
2019-09-22 03:25,1463
2019-09-22 03:30,1444
2019-09-22 03:35,1441
2019-09-22 03:40,1440
2019-09-22 03:45,1434
2019-09-22 03:50,1425
2019-09-22 03:55,1397
2019-09-22 04:00,1371
2019-09-22 04:05,1352
2019-09-22 04:10,1340
2019-09-22 04:15,1315
2019-09-22 04:20,1307
2019-09-22 04:25,1312
2019-09-22 04:30,1321
2019-09-22 04:35,1313
2019-09-22 04:40,1313
2019-09-22 04:45,1297
2019-09-22 04:50,1280
2019-09-22 04:55,1282
2019-09-22 05:00,1276
2019-09-22 05:05,1266
2019-09-22 05:10,1259
2019-09-22 05:15,1253
2019-09-22 05:20,1261
2019-09-22 05:25,1246
2019-09-22 05:30,1246
2019-09-22 05:35,1240
2019-09-22 05:40,1243
2019-09-22 05:45,1241
2019-09-22 05:50,1251
2019-09-22 05:55,1265
2019-09-22 06:00,1268
2019-09-22 06:05,1258
2019-09-22 06:10,1233
2019-09-22 06:15,1237
2019-09-22 06:20,1254
2019-09-22 06:25,1242
2019-09-22 06:30,1255
2019-09-22 06:35,1246
2019-09-22 06:40,1256
2019-09-22 06:45,1245
2019-09-22 06:50,1237
2019-09-22 06:55,1245
2019-09-22 07:00,1265
2019-09-22 07:05,1269
2019-09-22 07:10,1295
2019-09-22 07:15,1310
2019-09-22 07:20,1313
2019-09-22 07:25,1312
2019-09-22 07:30,1329
2019-09-22 07:35,1333
2019-09-22 07:40,1335
2019-09-22 07:45,1335
2019-09-22 07:50,1362
2019-09-22 07:55,1362
2019-09-22 08:00,1384
2019-09-22 08:05,1383
2019-09-22 08:10,1380
2019-09-22 08:15,1385
2019-09-22 08:20,1397
2019-09-22 08:25,1403
2019-09-22 08:30,1424
2019-09-22 08:35,1454
2019-09-22 08:40,1457
2019-09-22 08:45,1475
2019-09-22 08:50,1497
2019-09-22 08:55,1498
2019-09-22 09:00,1496
2019-09-22 09:05,1530
2019-09-22 09:10,1538
2019-09-22 09:15,1532
2019-09-22 09:20,1555
2019-09-22 09:25,1583
2019-09-22 09:30,1611
2019-09-22 09:35,1625
2019-09-22 09:40,1640
2019-09-22 09:45,1650
2019-09-22 09:50,1676
2019-09-22 09:55,1692
2019-09-22 10:00,1714
2019-09-22 10:05,1761
2019-09-22 10:10,1779
2019-09-22 10:15,1783
2019-09-22 10:20,1823
2019-09-22 10:25,1837
2019-09-22 10:30,1841
2019-09-22 10:35,1834
2019-09-22 10:40,1865
2019-09-22 10:45,1875
2019-09-22 10:50,1882
2019-09-22 10:55,1889
2019-09-22 11:00,1885
2019-09-22 11:05,1890
2019-09-22 11:10,1922
2019-09-22 11:15,1907
2019-09-22 11:20,1926
2019-09-22 11:25,1947
2019-09-22 11:30,1955
2019-09-22 11:35,1965
2019-09-22 11:40,1987
2019-09-22 11:45,1997
2019-09-22 11:50,2009
2019-09-22 11:55,2040
2019-09-22 12:00,2053
2019-09-22 12:05,2047
2019-09-22 12:10,2069
2019-09-22 12:15,2092
2019-09-22 12:20,2131
2019-09-22 12:25,2138
2019-09-22 12:30,2161
2019-09-22 12:35,2180
2019-09-22 12:40,2205
2019-09-22 12:45,2228
2019-09-22 12:50,2246
2019-09-22 12:55,2250
2019-09-22 13:00,2259
2019-09-22 13:05,2265
2019-09-22 13:10,2278
2019-09-22 13:15,2285
2019-09-22 13:20,2302
2019-09-22 13:25,2304
2019-09-22 13:30,2296
2019-09-22 13:35,2291
2019-09-22 13:40,2290
2019-09-22 13:45,2282
2019-09-22 13:50,2289
2019-09-22 13:55,2301
2019-09-22 14:00,2307
2019-09-22 14:05,2322
2019-09-22 14:10,2320
2019-09-22 14:15,2332
2019-09-22 14:20,2359
2019-09-22 14:25,2365
2019-09-22 14:30,2389
2019-09-22 14:35,2410
2019-09-22 14:40,2403
2019-09-22 14:45,2406
2019-09-22 14:50,2413
2019-09-22 14:55,2433
2019-09-22 15:00,2435
2019-09-22 15:05,2444
2019-09-22 15:10,2444
2019-09-22 15:15,2466
2019-09-22 15:20,2483
2019-09-22 15:25,2482
2019-09-22 15:30,2484
2019-09-22 15:35,2480
2019-09-22 15:40,2486
2019-09-22 15:45,2489
2019-09-22 15:50,2529
2019-09-22 15:55,2520
2019-09-22 16:00,2502
2019-09-22 16:05,2532
2019-09-22 16:10,2532
2019-09-22 16:15,2531
2019-09-22 16:20,2520
2019-09-22 16:25,2523
2019-09-22 16:30,2518
2019-09-22 16:35,2517
2019-09-22 16:40,2520
2019-09-22 16:45,2531
2019-09-22 16:50,2534
2019-09-22 16:55,2513
2019-09-22 17:00,2525
2019-09-22 17:05,2502
2019-09-22 17:10,2475
2019-09-22 17:15,2496
2019-09-22 17:20,2488
2019-09-22 17:25,2494
2019-09-22 17:30,2506
2019-09-22 17:35,2489
2019-09-22 17:40,2509
2019-09-22 17:45,2536
2019-09-22 17:50,2580
2019-09-22 17:55,2600
2019-09-22 18:00,2593
2019-09-22 18:05,2586
2019-09-22 18:10,2602
2019-09-22 18:15,2612
2019-09-22 18:20,2606
2019-09-22 18:25,2585
2019-09-22 18:30,2610
2019-09-22 18:35,2622
2019-09-22 18:40,2615
2019-09-22 18:45,2642
2019-09-22 18:50,2630
2019-09-22 18:55,2633
2019-09-22 19:00,2647
2019-09-22 19:05,2642
2019-09-22 19:10,2630
2019-09-22 19:15,2607
2019-09-22 19:20,2618
2019-09-22 19:25,2603
2019-09-22 19:30,2587
2019-09-22 19:35,2584
2019-09-22 19:40,2588
2019-09-22 19:45,2568
2019-09-22 19:50,2575
2019-09-22 19:55,2548
2019-09-22 20:00,2533
2019-09-22 20:05,2484
2019-09-22 20:10,2468
2019-09-22 20:15,2439
2019-09-22 20:20,2432
2019-09-22 20:25,2425
2019-09-22 20:30,2411
2019-09-22 20:35,2385
2019-09-22 20:40,2371
2019-09-22 20:45,2326
2019-09-22 20:50,2313
2019-09-22 20:55,2274
2019-09-22 21:00,2268
2019-09-22 21:05,2260
2019-09-22 21:10,2224
2019-09-22 21:15,2211
2019-09-22 21:20,2163
2019-09-22 21:25,2139
2019-09-22 21:30,2115
2019-09-22 21:35,2071
2019-09-22 21:40,2036
2019-09-22 21:45,2018
2019-09-22 21:50,1984
2019-09-22 21:55,1976
2019-09-22 22:00,1945
2019-09-22 22:05,1913
2019-09-22 22:10,1881
2019-09-22 22:15,1867
2019-09-22 22:20,1837
2019-09-22 22:25,1823
2019-09-22 22:30,1803
2019-09-22 22:35,1771
2019-09-22 22:40,1749
2019-09-22 22:45,1719
2019-09-22 22:50,1697
2019-09-22 22:55,1671
2019-09-22 23:00,1662
2019-09-22 23:05,1644
2019-09-22 23:10,1651
2019-09-22 23:15,1661
2019-09-22 23:20,1668
2019-09-22 23:25,1649
2019-09-22 23:30,1635
2019-09-22 23:35,1605
2019-09-22 23:40,1606
2019-09-22 23:45,1596
2019-09-22 23:50,1602
2019-09-22 23:55,1623
2019-09-23 00:00,1612
2019-09-23 00:05,1604
2019-09-23 00:10,1593
2019-09-23 00:15,1595
2019-09-23 00:20,1587
2019-09-23 00:25,1597
2019-09-23 00:30,1605
2019-09-23 00:35,1594
2019-09-23 00:40,1580
2019-09-23 00:45,1566
2019-09-23 00:50,1550
2019-09-23 00:55,1561
2019-09-23 01:00,1556
2019-09-23 01:05,1547
2019-09-23 01:10,1548
2019-09-23 01:15,1538
2019-09-23 01:20,1529
2019-09-23 01:25,1509
2019-09-23 01:30,1487
2019-09-23 01:35,1483
2019-09-23 01:40,1476
2019-09-23 01:45,1468
2019-09-23 01:50,1459
2019-09-23 01:55,1456
2019-09-23 02:00,1443
2019-09-23 02:05,1425
2019-09-23 02:10,1412
2019-09-23 02:15,1409
2019-09-23 02:20,1391
2019-09-23 02:25,1383
2019-09-23 02:30,1377
2019-09-23 02:35,1353
2019-09-23 02:40,1367
2019-09-23 02:45,1364
2019-09-23 02:50,1332
2019-09-23 02:55,1307
2019-09-23 03:00,1297
2019-09-23 03:05,1288
2019-09-23 03:10,1264
2019-09-23 03:15,1264
2019-09-23 03:20,1236
2019-09-23 03:25,1236
2019-09-23 03:30,1228
2019-09-23 03:35,1222
2019-09-23 03:40,1196
2019-09-23 03:45,1174
2019-09-23 03:50,1160
2019-09-23 03:55,1151
2019-09-23 04:00,1130
2019-09-23 04:05,1108
2019-09-23 04:10,1097
2019-09-23 04:15,1094
2019-09-23 04:20,1093
2019-09-23 04:25,1083
2019-09-23 04:30,1081
2019-09-23 04:35,1064
2019-09-23 04:40,1058
2019-09-23 04:45,1054
2019-09-23 04:50,1030
2019-09-23 04:55,1012
2019-09-23 05:00,1010
2019-09-23 05:05,995
2019-09-23 05:10,981
2019-09-23 05:15,967
2019-09-23 05:20,952
2019-09-23 05:25,948
2019-09-23 05:30,937
2019-09-23 05:35,933
2019-09-23 05:40,939
2019-09-23 05:45,936
2019-09-23 05:50,942
2019-09-23 05:55,931
2019-09-23 06:00,916
2019-09-23 06:05,923
2019-09-23 06:10,922
2019-09-23 06:15,927
2019-09-23 06:20,933
2019-09-23 06:25,945
2019-09-23 06:30,943
2019-09-23 06:35,954
2019-09-23 06:40,966
2019-09-23 06:45,971
2019-09-23 06:50,973
2019-09-23 06:55,982
2019-09-23 07:00,993
2019-09-23 07:05,985
2019-09-23 07:10,986
2019-09-23 07:15,977
2019-09-23 07:20,988
2019-09-23 07:25,994
2019-09-23 07:30,1010
2019-09-23 07:35,1018
2019-09-23 07:40,1018
2019-09-23 07:45,1009
2019-09-23 07:50,1005
2019-09-23 07:55,1012
2019-09-23 08:00,1017
2019-09-23 08:05,1025
2019-09-23 08:10,1019
2019-09-23 08:15,1032
2019-09-23 08:20,1038
2019-09-23 08:25,1042
2019-09-23 08:30,1045
2019-09-23 08:35,1035
2019-09-23 08:40,1039
2019-09-23 08:45,1034
2019-09-23 08:50,1040
2019-09-23 08:55,1057
2019-09-23 09:00,1072
2019-09-23 09:05,1072
2019-09-23 09:10,1081
2019-09-23 09:15,1089
2019-09-23 09:20,1094
2019-09-23 09:25,1105
2019-09-23 09:30,1115
2019-09-23 09:35,1118
2019-09-23 09:40,1104
2019-09-23 09:45,1099
2019-09-23 09:50,1101
2019-09-23 09:55,1114
2019-09-23 10:00,1134
2019-09-23 10:05,1170
2019-09-23 10:10,1191
2019-09-23 10:15,1205
2019-09-23 10:20,1236
2019-09-23 10:25,1260
2019-09-23 10:30,1269
2019-09-23 10:35,1306
2019-09-23 10:40,1305
2019-09-23 10:45,1317
2019-09-23 10:50,1325
2019-09-23 10:55,1321
2019-09-23 11:00,1333
2019-09-23 11:05,1342
2019-09-23 11:10,1349
2019-09-23 11:15,1369
2019-09-23 11:20,1379
2019-09-23 11:25,1384
2019-09-23 11:30,1390
2019-09-23 11:35,1388
2019-09-23 11:40,1395
2019-09-23 11:45,1386
2019-09-23 11:50,1407
2019-09-23 11:55,1408
2019-09-23 12:00,1422
2019-09-23 12:05,1435
2019-09-23 12:10,1444
2019-09-23 12:15,1440
2019-09-23 12:20,1447
2019-09-23 12:25,1459
2019-09-23 12:30,1478
2019-09-23 12:35,1481
2019-09-23 12:40,1499
2019-09-23 12:45,1522
2019-09-23 12:50,1531
2019-09-23 12:55,1532
2019-09-23 13:00,1546
2019-09-23 13:05,1549
2019-09-23 13:10,1568
2019-09-23 13:15,1576
2019-09-23 13:20,1602
2019-09-23 13:25,1617
2019-09-23 13:30,1639
2019-09-23 13:35,1644
2019-09-23 13:40,1651
2019-09-23 13:45,1662
2019-09-23 13:50,1652
2019-09-23 13:55,1654
2019-09-23 14:00,1668
2019-09-23 14:05,1677
2019-09-23 14:10,1687
2019-09-23 14:15,1691
2019-09-23 14:20,1696
2019-09-23 14:25,1707
2019-09-23 14:30,1730
2019-09-23 14:35,1760
2019-09-23 14:40,1786
2019-09-23 14:45,1806
2019-09-23 14:50,1815
2019-09-23 14:55,1834
2019-09-23 15:00,1837
2019-09-23 15:05,1861
2019-09-23 15:10,1862
2019-09-23 15:15,1869
2019-09-23 15:20,1862
2019-09-23 15:25,1881
2019-09-23 15:30,1905
2019-09-23 15:35,1915
2019-09-23 15:40,1924
2019-09-23 15:45,1924
2019-09-23 15:50,1945
2019-09-23 15:55,1926
2019-09-23 16:00,1942
2019-09-23 16:05,1941
2019-09-23 16:10,1941
2019-09-23 16:15,1970
2019-09-23 16:20,1987
2019-09-23 16:25,2005
2019-09-23 16:30,2009
2019-09-23 16:35,2014
2019-09-23 16:40,2040
2019-09-23 16:45,2048
2019-09-23 16:50,2072
2019-09-23 16:55,2111
2019-09-23 17:00,2131
2019-09-23 17:05,2134
2019-09-23 17:10,2129
2019-09-23 17:15,2135
2019-09-23 17:20,2145
2019-09-23 17:25,2172
2019-09-23 17:30,2209
2019-09-23 17:35,2190
2019-09-23 17:40,2203
2019-09-23 17:45,2215
2019-09-23 17:50,2222
2019-09-23 17:55,2242
2019-09-23 18:00,2211
2019-09-23 18:05,2219
2019-09-23 18:10,2223
2019-09-23 18:15,2228
2019-09-23 18:20,2238
2019-09-23 18:25,2253
2019-09-23 18:30,2242
2019-09-23 18:35,2249
2019-09-23 18:40,2262
2019-09-23 18:45,2265
2019-09-23 18:50,2235
2019-09-23 18:55,2243
2019-09-23 19:00,2241
2019-09-23 19:05,2224
2019-09-23 19:10,2214
2019-09-23 19:15,2226
2019-09-23 19:20,2229
2019-09-23 19:25,2224
2019-09-23 19:30,2213
2019-09-23 19:35,2184
2019-09-23 19:40,2169
2019-09-23 19:45,2175
2019-09-23 19:50,2150
2019-09-23 19:55,2121
2019-09-23 20:00,2108
2019-09-23 20:05,2087
2019-09-23 20:10,2094
2019-09-23 20:15,2070
2019-09-23 20:20,2040
2019-09-23 20:25,2030
2019-09-23 20:30,2011
2019-09-23 20:35,2020
2019-09-23 20:40,1991
2019-09-23 20:45,1966
2019-09-23 20:50,1939
2019-09-23 20:55,1937
2019-09-23 21:00,1913
2019-09-23 21:05,1886
2019-09-23 21:10,1874
2019-09-23 21:15,1889
2019-09-23 21:20,1873
2019-09-23 21:25,1860
2019-09-23 21:30,1823
2019-09-23 21:35,1806
2019-09-23 21:40,1794
2019-09-23 21:45,1781
2019-09-23 21:50,1734
2019-09-23 21:55,1718
2019-09-23 22:00,1711
2019-09-23 22:05,1707
2019-09-23 22:10,1688
2019-09-23 22:15,1649
2019-09-23 22:20,1645
2019-09-23 22:25,1638
2019-09-23 22:30,1617
2019-09-23 22:35,1604
2019-09-23 22:40,1579
2019-09-23 22:45,1586
2019-09-23 22:50,1590
2019-09-23 22:55,1567
2019-09-23 23:00,1577
2019-09-23 23:05,1564
2019-09-23 23:10,1543
2019-09-23 23:15,1542
2019-09-23 23:20,1552
2019-09-23 23:25,1542
2019-09-23 23:30,1525
2019-09-23 23:35,1509
2019-09-23 23:40,1487
2019-09-23 23:45,1475
2019-09-23 23:50,1481
2019-09-23 23:55,1481
2019-09-24 00:00,1475
2019-09-24 00:05,1462
2019-09-24 00:10,1478
2019-09-24 00:15,1474
2019-09-24 00:20,1456
2019-09-24 00:25,1434
2019-09-24 00:30,1428
2019-09-24 00:35,1424
2019-09-24 00:40,1425
2019-09-24 00:45,1401
2019-09-24 00:50,1409
2019-09-24 00:55,1408
2019-09-24 01:00,1405
2019-09-24 01:05,1400
2019-09-24 01:10,1386
2019-09-24 01:15,1392
2019-09-24 01:20,1400
2019-09-24 01:25,1391
2019-09-24 01:30,1399
2019-09-24 01:35,1395
2019-09-24 01:40,1383
2019-09-24 01:45,1366
2019-09-24 01:50,1353
2019-09-24 01:55,1336
2019-09-24 02:00,1337
2019-09-24 02:05,1313
2019-09-24 02:10,1291
2019-09-24 02:15,1261
2019-09-24 02:20,1273
2019-09-24 02:25,1257
2019-09-24 02:30,1239
2019-09-24 02:35,1235
2019-09-24 02:40,1249
2019-09-24 02:45,1217
2019-09-24 02:50,1220
2019-09-24 02:55,1216
2019-09-24 03:00,1200
2019-09-24 03:05,1166
2019-09-24 03:10,1147
2019-09-24 03:15,1145
2019-09-24 03:20,1137
2019-09-24 03:25,1138
2019-09-24 03:30,1116
2019-09-24 03:35,1090
2019-09-24 03:40,1059
2019-09-24 03:45,1048
2019-09-24 03:50,1034
2019-09-24 03:55,1027
2019-09-24 04:00,1014
2019-09-24 04:05,995
2019-09-24 04:10,984
2019-09-24 04:15,983
2019-09-24 04:20,965
2019-09-24 04:25,963
2019-09-24 04:30,954
2019-09-24 04:35,942
2019-09-24 04:40,922
2019-09-24 04:45,905
2019-09-24 04:50,907
2019-09-24 04:55,899
2019-09-24 05:00,885
2019-09-24 05:05,882
2019-09-24 05:10,873
2019-09-24 05:15,863
2019-09-24 05:20,858
2019-09-24 05:25,849
2019-09-24 05:30,849
2019-09-24 05:35,841
2019-09-24 05:40,847
2019-09-24 05:45,855
2019-09-24 05:50,857
2019-09-24 05:55,860
2019-09-24 06:00,859
2019-09-24 06:05,873
2019-09-24 06:10,862
2019-09-24 06:15,880
2019-09-24 06:20,893
2019-09-24 06:25,893
2019-09-24 06:30,878
2019-09-24 06:35,871
2019-09-24 06:40,865
2019-09-24 06:45,872
2019-09-24 06:50,871
2019-09-24 06:55,878
2019-09-24 07:00,870
2019-09-24 07:05,866
2019-09-24 07:10,865
2019-09-24 07:15,857
2019-09-24 07:20,857
2019-09-24 07:25,860
2019-09-24 07:30,865
2019-09-24 07:35,851
2019-09-24 07:40,862
2019-09-24 07:45,867
2019-09-24 07:50,893
2019-09-24 07:55,883
2019-09-24 08:00,886
2019-09-24 08:05,890
2019-09-24 08:10,892
2019-09-24 08:15,885
2019-09-24 08:20,891
2019-09-24 08:25,903
2019-09-24 08:30,908
2019-09-24 08:35,919
2019-09-24 08:40,921
2019-09-24 08:45,937
2019-09-24 08:50,972
2019-09-24 08:55,971
2019-09-24 09:00,966
2019-09-24 09:05,976
2019-09-24 09:10,981
2019-09-24 09:15,1004
2019-09-24 09:20,1000
2019-09-24 09:25,999
2019-09-24 09:30,1015
2019-09-24 09:35,1015
2019-09-24 09:40,1033
2019-09-24 09:45,1048
2019-09-24 09:50,1062
2019-09-24 09:55,1068
2019-09-24 10:00,1073
2019-09-24 10:05,1091
2019-09-24 10:10,1092
2019-09-24 10:15,1119
2019-09-24 10:20,1148
2019-09-24 10:25,1155
2019-09-24 10:30,1175
2019-09-24 10:35,1182
2019-09-24 10:40,1193
2019-09-24 10:45,1196
2019-09-24 10:50,1207
2019-09-24 10:55,1211
2019-09-24 11:00,1211
2019-09-24 11:05,1214
2019-09-24 11:10,1231
2019-09-24 11:15,1255
2019-09-24 11:20,1263
2019-09-24 11:25,1270
2019-09-24 11:30,1267
2019-09-24 11:35,1256
2019-09-24 11:40,1273
2019-09-24 11:45,1264
2019-09-24 11:50,1279
2019-09-24 11:55,1294
2019-09-24 12:00,1326
2019-09-24 12:05,1326
2019-09-24 12:10,1323
2019-09-24 12:15,1330
2019-09-24 12:20,1338
2019-09-24 12:25,1348
2019-09-24 12:30,1380
2019-09-24 12:35,1382
2019-09-24 12:40,1374
2019-09-24 12:45,1399
2019-09-24 12:50,1420
2019-09-24 12:55,1426
2019-09-24 13:00,1416
2019-09-24 13:05,1430
2019-09-24 13:10,1432
2019-09-24 13:15,1442
2019-09-24 13:20,1470
2019-09-24 13:25,1485
2019-09-24 13:30,1486
2019-09-24 13:35,1500
2019-09-24 13:40,1510
2019-09-24 13:45,1532
2019-09-24 13:50,1541
2019-09-24 13:55,1531
2019-09-24 14:00,1552
2019-09-24 14:05,1570
2019-09-24 14:10,1580
2019-09-24 14:15,1583
2019-09-24 14:20,1602
2019-09-24 14:25,1602
2019-09-24 14:30,1622
2019-09-24 14:35,1632
2019-09-24 14:40,1649
2019-09-24 14:45,1662
2019-09-24 14:50,1685
2019-09-24 14:55,1695
2019-09-24 15:00,1685
2019-09-24 15:05,1684
2019-09-24 15:10,1702
2019-09-24 15:15,1706
2019-09-24 15:20,1712
2019-09-24 15:25,1739
2019-09-24 15:30,1750
2019-09-24 15:35,1781
2019-09-24 15:40,1811
2019-09-24 15:45,1811
2019-09-24 15:50,1822
2019-09-24 15:55,1842
2019-09-24 16:00,1885
2019-09-24 16:05,1836
2019-09-24 16:10,1851
2019-09-24 16:15,1849
2019-09-24 16:20,1859
2019-09-24 16:25,1878
2019-09-24 16:30,1889
2019-09-24 16:35,1925
2019-09-24 16:40,1925
2019-09-24 16:45,1942
2019-09-24 16:50,1954
2019-09-24 16:55,1954
2019-09-24 17:00,1971
2019-09-24 17:05,1976
2019-09-24 17:10,1996
2019-09-24 17:15,2009
2019-09-24 17:20,2025
2019-09-24 17:25,2017
2019-09-24 17:30,2017
2019-09-24 17:35,2036
2019-09-24 17:40,2062
2019-09-24 17:45,2069
2019-09-24 17:50,2087
2019-09-24 17:55,2096
2019-09-24 18:00,2095
2019-09-24 18:05,2098
2019-09-24 18:10,2092
2019-09-24 18:15,2103
2019-09-24 18:20,2095
2019-09-24 18:25,2084
2019-09-24 18:30,2078
2019-09-24 18:35,2051
2019-09-24 18:40,2070
2019-09-24 18:45,2076
2019-09-24 18:50,2097
2019-09-24 18:55,2071
2019-09-24 19:00,2057
2019-09-24 19:05,2051
2019-09-24 19:10,2061
2019-09-24 19:15,2073
2019-09-24 19:20,2035
2019-09-24 19:25,2033
2019-09-24 19:30,2042
2019-09-24 19:35,2044
2019-09-24 19:40,2058
2019-09-24 19:45,2040
2019-09-24 19:50,2034
2019-09-24 19:55,2003
2019-09-24 20:00,1999
2019-09-24 20:05,1996
2019-09-24 20:10,2003
2019-09-24 20:15,1990
2019-09-24 20:20,1987
2019-09-24 20:25,1980
2019-09-24 20:30,1969
2019-09-24 20:35,1936
2019-09-24 20:40,1914
2019-09-24 20:45,1917
2019-09-24 20:50,1895
2019-09-24 20:55,1852
2019-09-24 21:00,1822
2019-09-24 21:05,1801
2019-09-24 21:10,1780
2019-09-24 21:15,1760
2019-09-24 21:20,1740
2019-09-24 21:25,1718
2019-09-24 21:30,1705
2019-09-24 21:35,1696
2019-09-24 21:40,1685
2019-09-24 21:45,1669
2019-09-24 21:50,1643
2019-09-24 21:55,1620
2019-09-24 22:00,1584
2019-09-24 22:05,1585
2019-09-24 22:10,1559
2019-09-24 22:15,1545
2019-09-24 22:20,1517
2019-09-24 22:25,1508
2019-09-24 22:30,1490
2019-09-24 22:35,1476
2019-09-24 22:40,1477
2019-09-24 22:45,1455
2019-09-24 22:50,1435
2019-09-24 22:55,1452
2019-09-24 23:00,1460
2019-09-24 23:05,0
2019-09-24 23:10,886
2019-09-24 23:15,
2019-09-24 23:20,0
2019-09-24 23:25,
2019-09-24 23:30,1330
2019-09-24 23:35,1344
2019-09-24 23:40,1356
2019-09-24 23:45,1356
2019-09-24 23:50,1361
2019-09-24 23:55,1346
2019-09-25 00:00,1345
2019-09-25 00:05,1341
2019-09-25 00:10,1340
2019-09-25 00:15,1365
2019-09-25 00:20,1355
2019-09-25 00:25,1348
2019-09-25 00:30,1337
2019-09-25 00:35,1324
2019-09-25 00:40,1327
2019-09-25 00:45,1320
2019-09-25 00:50,1321
2019-09-25 00:55,1329
2019-09-25 01:00,1315
2019-09-25 01:05,1309
2019-09-25 01:10,1308
2019-09-25 01:15,1296
2019-09-25 01:20,1289
2019-09-25 01:25,1295
2019-09-25 01:30,1283
2019-09-25 01:35,1269
2019-09-25 01:40,1267
2019-09-25 01:45,1275
2019-09-25 01:50,1264
2019-09-25 01:55,1261
2019-09-25 02:00,1252
2019-09-25 02:05,1235
2019-09-25 02:10,1236
2019-09-25 02:15,1229
2019-09-25 02:20,1220
2019-09-25 02:25,1227
2019-09-25 02:30,1215
2019-09-25 02:35,1184
2019-09-25 02:40,1192
2019-09-25 02:45,1184
2019-09-25 02:50,1165
2019-09-25 02:55,1155
2019-09-25 03:00,1142
2019-09-25 03:05,1141
2019-09-25 03:10,1120
2019-09-25 03:15,1116
2019-09-25 03:20,1096
2019-09-25 03:25,1090
2019-09-25 03:30,1078
2019-09-25 03:35,1065
2019-09-25 03:40,1050
2019-09-25 03:45,1041
2019-09-25 03:50,1029
2019-09-25 03:55,1029
2019-09-25 04:00,1016
2019-09-25 04:05,989
2019-09-25 04:10,984
2019-09-25 04:15,971
2019-09-25 04:20,944
2019-09-25 04:25,916
2019-09-25 04:30,919
2019-09-25 04:35,929
2019-09-25 04:40,906
2019-09-25 04:45,913
2019-09-25 04:50,912
2019-09-25 04:55,897
2019-09-25 05:00,876
2019-09-25 05:05,890
2019-09-25 05:10,886
2019-09-25 05:15,883
2019-09-25 05:20,890
2019-09-25 05:25,877
2019-09-25 05:30,861
2019-09-25 05:35,859
2019-09-25 05:40,862
2019-09-25 05:45,861
2019-09-25 05:50,861
2019-09-25 05:55,852
2019-09-25 06:00,834
2019-09-25 06:05,835
2019-09-25 06:10,831
2019-09-25 06:15,831
2019-09-25 06:20,845
2019-09-25 06:25,832
2019-09-25 06:30,824
2019-09-25 06:35,831
2019-09-25 06:40,838
2019-09-25 06:45,846
2019-09-25 06:50,854
2019-09-25 06:55,837
2019-09-25 07:00,830
2019-09-25 07:05,826
2019-09-25 07:10,826
2019-09-25 07:15,853
2019-09-25 07:20,844
2019-09-25 07:25,856
2019-09-25 07:30,851
2019-09-25 07:35,853
2019-09-25 07:40,864
2019-09-25 07:45,872
2019-09-25 07:50,871
2019-09-25 07:55,864
2019-09-25 08:00,862
2019-09-25 08:05,862
2019-09-25 08:10,879
2019-09-25 08:15,893
2019-09-25 08:20,916
2019-09-25 08:25,938
2019-09-25 08:30,960
2019-09-25 08:35,971
2019-09-25 08:40,970
2019-09-25 08:45,988
2019-09-25 08:50,987
2019-09-25 08:55,993
2019-09-25 09:00,1013
2019-09-25 09:05,1008
2019-09-25 09:10,1012
2019-09-25 09:15,1008
2019-09-25 09:20,1004
2019-09-25 09:25,999
2019-09-25 09:30,1011
2019-09-25 09:35,1018
2019-09-25 09:40,1026
2019-09-25 09:45,1029
2019-09-25 09:50,1030
2019-09-25 09:55,1049
2019-09-25 10:00,1067
2019-09-25 10:05,1085
2019-09-25 10:10,1117
2019-09-25 10:15,1148
2019-09-25 10:20,1161
2019-09-25 10:25,1172
2019-09-25 10:30,1181
2019-09-25 10:35,1201
2019-09-25 10:40,1221
2019-09-25 10:45,1229
2019-09-25 10:50,1239
2019-09-25 10:55,1262
2019-09-25 11:00,1260
2019-09-25 11:05,1285
2019-09-25 11:10,1296
2019-09-25 11:15,1288
2019-09-25 11:20,1294
2019-09-25 11:25,1281
2019-09-25 11:30,1284
2019-09-25 11:35,1283
2019-09-25 11:40,1263
2019-09-25 11:45,1284
2019-09-25 11:50,1267
2019-09-25 11:55,1273
2019-09-25 12:00,1270
2019-09-25 12:05,1276
2019-09-25 12:10,1284
2019-09-25 12:15,1282
2019-09-25 12:20,1283
2019-09-25 12:25,1277
2019-09-25 12:30,1307
2019-09-25 12:35,1325
2019-09-25 12:40,1336
2019-09-25 12:45,1336
2019-09-25 12:50,1348
2019-09-25 12:55,1356
2019-09-25 13:00,1369
2019-09-25 13:05,1407
2019-09-25 13:10,1419
2019-09-25 13:15,1442
2019-09-25 13:20,1458
2019-09-25 13:25,1462
2019-09-25 13:30,1464
2019-09-25 13:35,1494
2019-09-25 13:40,1495
2019-09-25 13:45,1491
2019-09-25 13:50,1505
2019-09-25 13:55,1505
2019-09-25 14:00,1505
2019-09-25 14:05,1489
2019-09-25 14:10,1511
2019-09-25 14:15,1533
2019-09-25 14:20,1525
2019-09-25 14:25,1538
2019-09-25 14:30,1524
2019-09-25 14:35,1557
2019-09-25 14:40,1580
2019-09-25 14:45,1590
2019-09-25 14:50,1588
2019-09-25 14:55,1615
2019-09-25 15:00,1616
2019-09-25 15:05,1613
2019-09-25 15:10,1643
2019-09-25 15:15,1659
2019-09-25 15:20,1666
2019-09-25 15:25,1699
2019-09-25 15:30,1705
2019-09-25 15:35,1723
2019-09-25 15:40,1746
2019-09-25 15:45,1753
2019-09-25 15:50,1787
2019-09-25 15:55,1778
2019-09-25 16:00,1788
2019-09-25 16:05,1821
2019-09-25 16:10,1834
2019-09-25 16:15,1857
2019-09-25 16:20,1893
2019-09-25 16:25,1906
2019-09-25 16:30,1923
2019-09-25 16:35,1927
2019-09-25 16:40,1941
2019-09-25 16:45,1955
2019-09-25 16:50,1975
2019-09-25 16:55,1967
2019-09-25 17:00,1983
2019-09-25 17:05,2012
2019-09-25 17:10,2024
2019-09-25 17:15,2015
2019-09-25 17:20,2020
2019-09-25 17:25,2046
2019-09-25 17:30,2038
2019-09-25 17:35,2059
2019-09-25 17:40,2077
2019-09-25 17:45,2072
2019-09-25 17:50,2083
2019-09-25 17:55,2087
2019-09-25 18:00,2077
2019-09-25 18:05,2043
2019-09-25 18:10,2045
2019-09-25 18:15,2041
2019-09-25 18:20,2045
2019-09-25 18:25,2048
2019-09-25 18:30,2059
2019-09-25 18:35,2054
2019-09-25 18:40,2061
2019-09-25 18:45,2067
2019-09-25 18:50,2062
2019-09-25 18:55,2061
2019-09-25 19:00,2064
2019-09-25 19:05,2058
2019-09-25 19:10,2060
2019-09-25 19:15,2079
2019-09-25 19:20,2085
2019-09-25 19:25,2079
2019-09-25 19:30,2095
2019-09-25 19:35,2082
2019-09-25 19:40,2062
2019-09-25 19:45,2046
2019-09-25 19:50,2048
2019-09-25 19:55,2032
2019-09-25 20:00,2034
2019-09-25 20:05,2006
2019-09-25 20:10,1961
2019-09-25 20:15,1961
2019-09-25 20:20,1930
2019-09-25 20:25,1908
2019-09-25 20:30,1882
2019-09-25 20:35,1893
2019-09-25 20:40,1879
2019-09-25 20:45,1850
2019-09-25 20:50,1850
2019-09-25 20:55,1854
2019-09-25 21:00,1823
2019-09-25 21:05,1805
2019-09-25 21:10,1774
2019-09-25 21:15,1749
2019-09-25 21:20,1733
2019-09-25 21:25,1713
2019-09-25 21:30,1673
2019-09-25 21:35,1652
2019-09-25 21:40,1628
2019-09-25 21:45,1620
2019-09-25 21:50,1611
2019-09-25 21:55,1586
2019-09-25 22:00,1548
2019-09-25 22:05,1534
2019-09-25 22:10,1519
2019-09-25 22:15,1528
2019-09-25 22:20,1508
2019-09-25 22:25,1498
2019-09-25 22:30,1484
2019-09-25 22:35,1469
2019-09-25 22:40,1462
2019-09-25 22:45,1438
2019-09-25 22:50,1436
2019-09-25 22:55,1401
2019-09-25 23:00,1411
2019-09-25 23:05,1389
2019-09-25 23:10,1391
2019-09-25 23:15,1387
2019-09-25 23:20,1388
2019-09-25 23:25,1386
2019-09-25 23:30,1361
2019-09-25 23:35,1356
2019-09-25 23:40,1352
2019-09-25 23:45,1338
2019-09-25 23:50,1341
2019-09-25 23:55,1348
2019-09-26 00:00,1329
2019-09-26 00:05,1324
2019-09-26 00:10,1306
2019-09-26 00:15,1300
2019-09-26 00:20,1310
2019-09-26 00:25,1312
2019-09-26 00:30,1303
2019-09-26 00:35,1292
2019-09-26 00:40,1289
2019-09-26 00:45,1280
2019-09-26 00:50,1276
2019-09-26 00:55,1276
2019-09-26 01:00,1281
2019-09-26 01:05,1264
2019-09-26 01:10,1260
2019-09-26 01:15,1257
2019-09-26 01:20,1255
2019-09-26 01:25,1258
2019-09-26 01:30,1233
2019-09-26 01:35,1232
2019-09-26 01:40,1233
2019-09-26 01:45,1235
2019-09-26 01:50,1236
2019-09-26 01:55,1210
2019-09-26 02:00,1222
2019-09-26 02:05,1206
2019-09-26 02:10,1192
2019-09-26 02:15,1176
2019-09-26 02:20,1171
2019-09-26 02:25,1177
2019-09-26 02:30,1166
2019-09-26 02:35,1170
2019-09-26 02:40,1170
2019-09-26 02:45,1156
2019-09-26 02:50,1140
2019-09-26 02:55,1117
2019-09-26 03:00,1115
2019-09-26 03:05,1100
2019-09-26 03:10,1085
2019-09-26 03:15,1072
2019-09-26 03:20,1057
2019-09-26 03:25,1051
2019-09-26 03:30,1026
2019-09-26 03:35,1026
2019-09-26 03:40,1003
2019-09-26 03:45,985
2019-09-26 03:50,974
2019-09-26 03:55,962
2019-09-26 04:00,956
2019-09-26 04:05,946
2019-09-26 04:10,930
2019-09-26 04:15,916
2019-09-26 04:20,905
2019-09-26 04:25,882
2019-09-26 04:30,886
2019-09-26 04:35,875
2019-09-26 04:40,870
2019-09-26 04:45,874
2019-09-26 04:50,889
2019-09-26 04:55,874
2019-09-26 05:00,855
2019-09-26 05:05,860
2019-09-26 05:10,850
2019-09-26 05:15,849
2019-09-26 05:20,
2019-09-26 05:25,
2019-09-26 05:30,
2019-09-26 05:35,845
2019-09-26 05:40,838
2019-09-26 05:45,842
2019-09-26 05:50,844
2019-09-26 05:55,846
2019-09-26 06:00,844
2019-09-26 06:05,834
2019-09-26 06:10,822
2019-09-26 06:15,826
2019-09-26 06:20,827
2019-09-26 06:25,819
2019-09-26 06:30,818
2019-09-26 06:35,821
2019-09-26 06:40,815
2019-09-26 06:45,844
2019-09-26 06:50,832
2019-09-26 06:55,843
2019-09-26 07:00,847
2019-09-26 07:05,849
2019-09-26 07:10,840
2019-09-26 07:15,835
2019-09-26 07:20,838
2019-09-26 07:25,833
2019-09-26 07:30,827
2019-09-26 07:35,833
2019-09-26 07:40,842
2019-09-26 07:45,845
2019-09-26 07:50,861
2019-09-26 07:55,860
2019-09-26 08:00,866
2019-09-26 08:05,878
2019-09-26 08:10,883
2019-09-26 08:15,889
2019-09-26 08:20,902
2019-09-26 08:25,892
2019-09-26 08:30,898
2019-09-26 08:35,888
2019-09-26 08:40,908
2019-09-26 08:45,922
2019-09-26 08:50,926
2019-09-26 08:55,929
2019-09-26 09:00,943
2019-09-26 09:05,953
2019-09-26 09:10,957
2019-09-26 09:15,962
2019-09-26 09:20,976
2019-09-26 09:25,985
2019-09-26 09:30,995
2019-09-26 09:35,990
2019-09-26 09:40,1003
2019-09-26 09:45,1025
2019-09-26 09:50,1032
2019-09-26 09:55,1054
2019-09-26 10:00,1065
2019-09-26 10:05,1074
2019-09-26 10:10,1080
2019-09-26 10:15,1091
2019-09-26 10:20,1115
2019-09-26 10:25,1124
2019-09-26 10:30,1144
2019-09-26 10:35,1157
2019-09-26 10:40,1160
2019-09-26 10:45,1148
2019-09-26 10:50,1163
2019-09-26 10:55,1171
2019-09-26 11:00,1172
2019-09-26 11:05,1148
2019-09-26 11:10,1180
2019-09-26 11:15,1178
2019-09-26 11:20,1183
2019-09-26 11:25,1185
2019-09-26 11:30,1183
2019-09-26 11:35,1184
2019-09-26 11:40,1169
2019-09-26 11:45,1154
2019-09-26 11:50,1108
2019-09-26 11:55,1019
2019-09-26 12:00,833
2019-09-26 12:05,471
2019-09-26 12:10,448
2019-09-26 12:15,435
2019-09-26 12:20,406
2019-09-26 12:25,405
2019-09-26 12:30,407
2019-09-26 12:35,402
2019-09-26 12:40,400
2019-09-26 12:45,394
2019-09-26 12:50,406
2019-09-26 12:55,402
2019-09-26 13:00,397
2019-09-26 13:05,388
2019-09-26 13:10,397
2019-09-26 13:15,389
2019-09-26 13:20,393
2019-09-26 13:25,393
2019-09-26 13:30,384
2019-09-26 13:35,385
2019-09-26 13:40,395
2019-09-26 13:45,399
2019-09-26 13:50,403
2019-09-26 13:55,394
2019-09-26 14:00,399
2019-09-26 14:05,400
2019-09-26 14:10,399
2019-09-26 14:15,403
2019-09-26 14:20,397
2019-09-26 14:25,380
2019-09-26 14:30,376
2019-09-26 14:35,407
2019-09-26 14:40,423
2019-09-26 14:45,425
2019-09-26 14:50,437
2019-09-26 14:55,445
2019-09-26 15:00,457
2019-09-26 15:05,465
2019-09-26 15:10,475
2019-09-26 15:15,464
2019-09-26 15:20,463
2019-09-26 15:25,477
2019-09-26 15:30,496
2019-09-26 15:35,493
2019-09-26 15:40,483
2019-09-26 15:45,492
2019-09-26 15:50,509
2019-09-26 15:55,519
2019-09-26 16:00,561
2019-09-26 16:05,587
2019-09-26 16:10,610
2019-09-26 16:15,658
2019-09-26 16:20,673
2019-09-26 16:25,700
2019-09-26 16:30,727
2019-09-26 16:35,721
2019-09-26 16:40,712
2019-09-26 16:45,704
2019-09-26 16:50,729
2019-09-26 16:55,743
2019-09-26 17:00,749
2019-09-26 17:05,759
2019-09-26 17:10,785
2019-09-26 17:15,796
2019-09-26 17:20,969
2019-09-26 17:25,1127
2019-09-26 17:30,1238
2019-09-26 17:35,1347
2019-09-26 17:40,1449
2019-09-26 17:45,1525
2019-09-26 17:50,1608
2019-09-26 17:55,1685
2019-09-26 18:00,1762
2019-09-26 18:05,1876
2019-09-26 18:10,1962
2019-09-26 18:15,2012
2019-09-26 18:20,2086
2019-09-26 18:25,2138
2019-09-26 18:30,2156
2019-09-26 18:35,2184
2019-09-26 18:40,2240
2019-09-26 18:45,2269
2019-09-26 18:50,2288
2019-09-26 18:55,2286
2019-09-26 19:00,2299
2019-09-26 19:05,2290
2019-09-26 19:10,2294
2019-09-26 19:15,2319
2019-09-26 19:20,2331
2019-09-26 19:25,2346
2019-09-26 19:30,2333
2019-09-26 19:35,2324
2019-09-26 19:40,2334
2019-09-26 19:45,2345
2019-09-26 19:50,2323
2019-09-26 19:55,2325
2019-09-26 20:00,2290
2019-09-26 20:05,2251
2019-09-26 20:10,2217
2019-09-26 20:15,2183
2019-09-26 20:20,2182
2019-09-26 20:25,2162
2019-09-26 20:30,2152
2019-09-26 20:35,2109
2019-09-26 20:40,2087
2019-09-26 20:45,2041
2019-09-26 20:50,2012
2019-09-26 20:55,1995
2019-09-26 21:00,1968
2019-09-26 21:05,1922
2019-09-26 21:10,1906
2019-09-26 21:15,1888
2019-09-26 21:20,1855
2019-09-26 21:25,1828
2019-09-26 21:30,1811
2019-09-26 21:35,1789
2019-09-26 21:40,1761
2019-09-26 21:45,1759
2019-09-26 21:50,1754
2019-09-26 21:55,1727
2019-09-26 22:00,1694
2019-09-26 22:05,1676
2019-09-26 22:10,1651
2019-09-26 22:15,1607
2019-09-26 22:20,1595
2019-09-26 22:25,1569
2019-09-26 22:30,1543
2019-09-26 22:35,1513
2019-09-26 22:40,1515
2019-09-26 22:45,1513
2019-09-26 22:50,1500
2019-09-26 22:55,1500
2019-09-26 23:00,1484
2019-09-26 23:05,1480
2019-09-26 23:10,1479
2019-09-26 23:15,1454
2019-09-26 23:20,1458
2019-09-26 23:25,1443
2019-09-26 23:30,1437
2019-09-26 23:35,1433
2019-09-26 23:40,1421
2019-09-26 23:45,1425
2019-09-26 23:50,1416
2019-09-26 23:55,1410
2019-09-27 00:00,1415
2019-09-27 00:05,1382
2019-09-27 00:10,1376
2019-09-27 00:15,1372
2019-09-27 00:20,1366
2019-09-27 00:25,1356
2019-09-27 00:30,1352
2019-09-27 00:35,1342
2019-09-27 00:40,1350
2019-09-27 00:45,1338
2019-09-27 00:50,1346
2019-09-27 00:55,1327
2019-09-27 01:00,1319
2019-09-27 01:05,1314
2019-09-27 01:10,1314
2019-09-27 01:15,1316
2019-09-27 01:20,1312
2019-09-27 01:25,1300
2019-09-27 01:30,1295
2019-09-27 01:35,1274
2019-09-27 01:40,1292
2019-09-27 01:45,1275
2019-09-27 01:50,1263
2019-09-27 01:55,1252
2019-09-27 02:00,1235
2019-09-27 02:05,1221
2019-09-27 02:10,1224
2019-09-27 02:15,1212
2019-09-27 02:20,1219
2019-09-27 02:25,1204
2019-09-27 02:30,1209
2019-09-27 02:35,1198
2019-09-27 02:40,1185
2019-09-27 02:45,1171
2019-09-27 02:50,1177
2019-09-27 02:55,1167
2019-09-27 03:00,1147
2019-09-27 03:05,1144
2019-09-27 03:10,1135
2019-09-27 03:15,1116
2019-09-27 03:20,1102
2019-09-27 03:25,1103
2019-09-27 03:30,1093
2019-09-27 03:35,1071
2019-09-27 03:40,1077
2019-09-27 03:45,1065
2019-09-27 03:50,1049
2019-09-27 03:55,1038
2019-09-27 04:00,998
2019-09-27 04:05,994
2019-09-27 04:10,996
2019-09-27 04:15,991
2019-09-27 04:20,995
2019-09-27 04:25,982
2019-09-27 04:30,979
2019-09-27 04:35,972
2019-09-27 04:40,954
2019-09-27 04:45,941
2019-09-27 04:50,931
2019-09-27 04:55,930
2019-09-27 05:00,915
2019-09-27 05:05,917
2019-09-27 05:10,910
2019-09-27 05:15,908
2019-09-27 05:20,892
2019-09-27 05:25,889
2019-09-27 05:30,903
2019-09-27 05:35,905
2019-09-27 05:40,919
2019-09-27 05:45,906
2019-09-27 05:50,911
2019-09-27 05:55,900
2019-09-27 06:00,901
2019-09-27 06:05,896
2019-09-27 06:10,887
2019-09-27 06:15,876
2019-09-27 06:20,880
2019-09-27 06:25,878
2019-09-27 06:30,889
2019-09-27 06:35,897
2019-09-27 06:40,895
2019-09-27 06:45,900
2019-09-27 06:50,916
2019-09-27 06:55,926
2019-09-27 07:00,946
2019-09-27 07:05,936
2019-09-27 07:10,930
2019-09-27 07:15,914
2019-09-27 07:20,910
2019-09-27 07:25,916
2019-09-27 07:30,905
2019-09-27 07:35,904
2019-09-27 07:40,925
2019-09-27 07:45,935
2019-09-27 07:50,942
2019-09-27 07:55,934
2019-09-27 08:00,934
2019-09-27 08:05,933
2019-09-27 08:10,922
2019-09-27 08:15,929
2019-09-27 08:20,944
2019-09-27 08:25,958
2019-09-27 08:30,963
2019-09-27 08:35,978
2019-09-27 08:40,981
2019-09-27 08:45,997
2019-09-27 08:50,995
2019-09-27 08:55,1003
2019-09-27 09:00,1026
2019-09-27 09:05,1037
2019-09-27 09:10,1050
2019-09-27 09:15,1069
2019-09-27 09:20,1075
2019-09-27 09:25,1089
2019-09-27 09:30,1085
2019-09-27 09:35,1095
2019-09-27 09:40,1106
2019-09-27 09:45,1094
2019-09-27 09:50,1102
2019-09-27 09:55,1106
2019-09-27 10:00,1114
2019-09-27 10:05,1144
2019-09-27 10:10,1165
2019-09-27 10:15,1179
2019-09-27 10:20,1185
2019-09-27 10:25,1202
2019-09-27 10:30,1219
2019-09-27 10:35,1231
2019-09-27 10:40,1257
2019-09-27 10:45,1269
2019-09-27 10:50,1286
2019-09-27 10:55,1292
2019-09-27 11:00,1309
2019-09-27 11:05,1326
2019-09-27 11:10,1341
2019-09-27 11:15,1337
2019-09-27 11:20,1356
2019-09-27 11:25,1366
2019-09-27 11:30,1374
2019-09-27 11:35,1400
2019-09-27 11:40,1100
2019-09-27 11:45,1410
2019-09-27 11:50,1411
2019-09-27 11:55,1410
2019-09-27 12:00,1408
2019-09-27 12:05,1409
2019-09-27 12:10,1424
2019-09-27 12:15,1423
2019-09-27 12:20,1438
2019-09-27 12:25,1433
2019-09-27 12:30,1431
2019-09-27 12:35,1424
2019-09-27 12:40,1438
2019-09-27 12:45,1448
2019-09-27 12:50,1447
2019-09-27 12:55,1451
2019-09-27 13:00,1455
2019-09-27 13:05,1449
2019-09-27 13:10,1471
2019-09-27 13:15,1483
2019-09-27 13:20,1494
2019-09-27 13:25,1515
2019-09-27 13:30,1548
2019-09-27 13:35,1544
2019-09-27 13:40,1556
2019-09-27 13:45,1569
2019-09-27 13:50,1588
2019-09-27 13:55,1583
2019-09-27 14:00,1575
2019-09-27 14:05,1589
2019-09-27 14:10,1577
2019-09-27 14:15,1594
2019-09-27 14:20,1607
2019-09-27 14:25,1612
2019-09-27 14:30,1640
2019-09-27 14:35,1646
2019-09-27 14:40,1665
2019-09-27 14:45,1681
2019-09-27 14:50,1668
2019-09-27 14:55,1716
2019-09-27 15:00,1730
2019-09-27 15:05,1737
2019-09-27 15:10,1736
2019-09-27 15:15,1746
2019-09-27 15:20,1751
2019-09-27 15:25,1774
2019-09-27 15:30,1797
2019-09-27 15:35,1794
2019-09-27 15:40,1801
2019-09-27 15:45,1831
2019-09-27 15:50,1853
2019-09-27 15:55,1862
2019-09-27 16:00,1851
2019-09-27 16:05,1850
2019-09-27 16:10,1857
2019-09-27 16:15,1868
2019-09-27 16:20,1886
2019-09-27 16:25,1924
2019-09-27 16:30,1938
2019-09-27 16:35,1947
2019-09-27 16:40,1958
2019-09-27 16:45,1990
2019-09-27 16:50,1991
2019-09-27 16:55,1994
2019-09-27 17:00,1996
2019-09-27 17:05,2002
2019-09-27 17:10,2011
2019-09-27 17:15,2004
2019-09-27 17:20,1996
2019-09-27 17:25,2003
2019-09-27 17:30,2002
2019-09-27 17:35,2031
2019-09-27 17:40,2043
2019-09-27 17:45,2047
2019-09-27 17:50,2029
2019-09-27 17:55,2063
2019-09-27 18:00,2059
2019-09-27 18:05,2068
2019-09-27 18:10,2083
2019-09-27 18:15,2086
2019-09-27 18:20,2085
2019-09-27 18:25,2097
2019-09-27 18:30,2122
2019-09-27 18:35,2114
2019-09-27 18:40,2117
2019-09-27 18:45,2119
2019-09-27 18:50,2117
2019-09-27 18:55,2129
2019-09-27 19:00,2140
2019-09-27 19:05,2143
2019-09-27 19:10,2105
2019-09-27 19:15,2112
2019-09-27 19:20,2115
2019-09-27 19:25,2114
2019-09-27 19:30,2093
2019-09-27 19:35,2086
2019-09-27 19:40,2102
2019-09-27 19:45,2094
2019-09-27 19:50,2085
2019-09-27 19:55,2080
2019-09-27 20:00,2088
2019-09-27 20:05,2071
2019-09-27 20:10,2064
2019-09-27 20:15,2054
2019-09-27 20:20,2050
2019-09-27 20:25,2058
2019-09-27 20:30,2071
2019-09-27 20:35,2064
2019-09-27 20:40,2061
2019-09-27 20:45,2038
2019-09-27 20:50,2025
2019-09-27 20:55,2012
2019-09-27 21:00,2000
2019-09-27 21:05,1983
2019-09-27 21:10,1983
2019-09-27 21:15,1946
2019-09-27 21:20,1925
2019-09-27 21:25,1891
2019-09-27 21:30,1859
2019-09-27 21:35,1848
2019-09-27 21:40,1828
2019-09-27 21:45,1829
2019-09-27 21:50,1813
2019-09-27 21:55,1812
2019-09-27 22:00,1817
2019-09-27 22:05,1784
2019-09-27 22:10,1760
2019-09-27 22:15,1727
2019-09-27 22:20,1720
2019-09-27 22:25,1720
2019-09-27 22:30,1696
2019-09-27 22:35,1676
2019-09-27 22:40,1657
2019-09-27 22:45,1643
2019-09-27 22:50,1626
2019-09-27 22:55,1601
2019-09-27 23:00,1571
2019-09-27 23:05,1547
2019-09-27 23:10,1530
2019-09-27 23:15,1541
2019-09-27 23:20,1527
2019-09-27 23:25,1519
2019-09-27 23:30,1528
2019-09-27 23:35,1514
2019-09-27 23:40,1501
2019-09-27 23:45,1495
2019-09-27 23:50,1484
2019-09-27 23:55,1476
2019-09-28 00:00,1468
2019-09-28 00:05,1448
2019-09-28 00:10,1441
2019-09-28 00:15,1434
2019-09-28 00:20,1421
2019-09-28 00:25,1421
2019-09-28 00:30,1418
2019-09-28 00:35,1418
2019-09-28 00:40,1396
2019-09-28 00:45,1375
2019-09-28 00:50,1385
2019-09-28 00:55,1369
2019-09-28 01:00,1349
2019-09-28 01:05,1336
2019-09-28 01:10,1327
2019-09-28 01:15,1312
2019-09-28 01:20,1310
2019-09-28 01:25,1316
2019-09-28 01:30,1317
2019-09-28 01:35,1298
2019-09-28 01:40,1292
2019-09-28 01:45,1288
2019-09-28 01:50,1275
2019-09-28 01:55,1276
2019-09-28 02:00,1265
2019-09-28 02:05,1254
2019-09-28 02:10,1253
2019-09-28 02:15,1255
2019-09-28 02:20,1251
2019-09-28 02:25,1257
2019-09-28 02:30,1250
2019-09-28 02:35,1264
2019-09-28 02:40,1266
2019-09-28 02:45,1249
2019-09-28 02:50,1241
2019-09-28 02:55,1227
2019-09-28 03:00,1210
2019-09-28 03:05,1202
2019-09-28 03:10,1194
2019-09-28 03:15,1201
2019-09-28 03:20,1207
2019-09-28 03:25,1202
2019-09-28 03:30,1200
2019-09-28 03:35,1203
2019-09-28 03:40,1191
2019-09-28 03:45,1171
2019-09-28 03:50,1171
2019-09-28 03:55,1162
2019-09-28 04:00,1145
2019-09-28 04:05,1153
2019-09-28 04:10,1136
2019-09-28 04:15,1121
2019-09-28 04:20,1121
2019-09-28 04:25,1130
2019-09-28 04:30,1120
2019-09-28 04:35,1121
2019-09-28 04:40,1112
2019-09-28 04:45,1110
2019-09-28 04:50,1097
2019-09-28 04:55,1088
2019-09-28 05:00,1088
2019-09-28 05:05,1077
2019-09-28 05:10,1066
2019-09-28 05:15,1060
2019-09-28 05:20,1042
2019-09-28 05:25,1037
2019-09-28 05:30,1027
2019-09-28 05:35,1016
2019-09-28 05:40,1010
2019-09-28 05:45,1006
2019-09-28 05:50,999
2019-09-28 05:55,994
2019-09-28 06:00,993
2019-09-28 06:05,990
2019-09-28 06:10,1003
2019-09-28 06:15,1004
2019-09-28 06:20,1025
2019-09-28 06:25,1024
2019-09-28 06:30,1036
2019-09-28 06:35,1045
2019-09-28 06:40,1042
2019-09-28 06:45,1048
2019-09-28 06:50,1062
2019-09-28 06:55,1060
2019-09-28 07:00,1072
2019-09-28 07:05,1075
2019-09-28 07:10,1095
2019-09-28 07:15,1098
2019-09-28 07:20,1095
2019-09-28 07:25,1100
2019-09-28 07:30,1102
2019-09-28 07:35,1111
2019-09-28 07:40,1119
2019-09-28 07:45,1132
2019-09-28 07:50,1154
2019-09-28 07:55,1153
2019-09-28 08:00,1163
2019-09-28 08:05,1181
2019-09-28 08:10,1184
2019-09-28 08:15,1191
2019-09-28 08:20,1214
2019-09-28 08:25,1219
2019-09-28 08:30,1228
2019-09-28 08:35,1255
2019-09-28 08:40,1266
2019-09-28 08:45,1277
2019-09-28 08:50,1288
2019-09-28 08:55,1284
2019-09-28 09:00,1301
2019-09-28 09:05,1310
2019-09-28 09:10,1316
2019-09-28 09:15,1348
2019-09-28 09:20,1359
2019-09-28 09:25,1374
2019-09-28 09:30,1391
2019-09-28 09:35,1405
2019-09-28 09:40,1410
2019-09-28 09:45,1421
2019-09-28 09:50,1434
2019-09-28 09:55,1436
2019-09-28 10:00,1474
2019-09-28 10:05,1497
2019-09-28 10:10,1514
2019-09-28 10:15,1532
2019-09-28 10:20,1548
2019-09-28 10:25,1569
2019-09-28 10:30,1571
2019-09-28 10:35,1588
2019-09-28 10:40,1580
2019-09-28 10:45,1583
2019-09-28 10:50,1591
2019-09-28 10:55,1593
2019-09-28 11:00,1589
2019-09-28 11:05,1607
2019-09-28 11:10,1621
2019-09-28 11:15,1640
2019-09-28 11:20,1663
2019-09-28 11:25,1683
2019-09-28 11:30,1695
2019-09-28 11:35,1710
2019-09-28 11:40,1712
2019-09-28 11:45,1709
2019-09-28 11:50,1728
2019-09-28 11:55,1734
2019-09-28 12:00,1751
2019-09-28 12:05,1760
2019-09-28 12:10,1772
2019-09-28 12:15,1806
2019-09-28 12:20,1839
2019-09-28 12:25,1818
2019-09-28 12:30,1811
2019-09-28 12:35,1831
2019-09-28 12:40,1837
2019-09-28 12:45,1847
2019-09-28 12:50,1880
2019-09-28 12:55,1876
2019-09-28 13:00,1875
2019-09-28 13:05,1862
2019-09-28 13:10,1885
2019-09-28 13:15,1910
2019-09-28 13:20,1916
2019-09-28 13:25,1916
2019-09-28 13:30,1925
2019-09-28 13:35,1942
2019-09-28 13:40,1956
2019-09-28 13:45,1957
2019-09-28 13:50,1986
2019-09-28 13:55,2001
2019-09-28 14:00,2018
2019-09-28 14:05,2032
2019-09-28 14:10,2059
2019-09-28 14:15,2086
2019-09-28 14:20,2093
2019-09-28 14:25,2110
2019-09-28 14:30,2116
2019-09-28 14:35,2100
2019-09-28 14:40,2090
2019-09-28 14:45,2103
2019-09-28 14:50,2126
2019-09-28 14:55,2121
2019-09-28 15:00,2132
2019-09-28 15:05,2147
2019-09-28 15:10,2163
2019-09-28 15:15,2185
2019-09-28 15:20,2169
2019-09-28 15:25,2172
2019-09-28 15:30,2161
2019-09-28 15:35,2171
2019-09-28 15:40,2176
2019-09-28 15:45,2161
2019-09-28 15:50,2184
2019-09-28 15:55,2198
2019-09-28 16:00,2178
2019-09-28 16:05,2201
2019-09-28 16:10,2201
2019-09-28 16:15,2190
2019-09-28 16:20,2192
2019-09-28 16:25,2196
2019-09-28 16:30,2205
2019-09-28 16:35,2213
2019-09-28 16:40,2223
2019-09-28 16:45,2230
2019-09-28 16:50,2216
2019-09-28 16:55,2217
2019-09-28 17:00,2223
2019-09-28 17:05,2211
2019-09-28 17:10,2222
2019-09-28 17:15,2231
2019-09-28 17:20,2224
2019-09-28 17:25,2237
2019-09-28 17:30,2247
2019-09-28 17:35,2251
2019-09-28 17:40,2236
2019-09-28 17:45,2229
2019-09-28 17:50,2234
2019-09-28 17:55,2257
2019-09-28 18:00,2270
2019-09-28 18:05,2289
2019-09-28 18:10,2301
2019-09-28 18:15,2307
2019-09-28 18:20,2322
2019-09-28 18:25,2333
2019-09-28 18:30,2334
2019-09-28 18:35,2339
2019-09-28 18:40,2363
2019-09-28 18:45,2362
2019-09-28 18:50,2371
2019-09-28 18:55,2381
2019-09-28 19:00,2414
2019-09-28 19:05,2409
2019-09-28 19:10,2423
2019-09-28 19:15,2402
2019-09-28 19:20,2420
2019-09-28 19:25,2403
2019-09-28 19:30,2417
2019-09-28 19:35,2424
2019-09-28 19:40,2422
2019-09-28 19:45,2423
2019-09-28 19:50,2418
2019-09-28 19:55,2374
2019-09-28 20:00,2364
2019-09-28 20:05,2358
2019-09-28 20:10,
2019-09-28 20:15,
2019-09-28 20:20,
2019-09-28 20:25,
2019-09-28 20:30,
2019-09-28 20:35,
2019-09-28 20:40,
2019-09-28 20:45,
2019-09-28 20:50,
2019-09-28 20:55,
2019-09-28 21:00,
2019-09-28 21:05,
2019-09-28 21:10,
2019-09-28 21:15,1938
2019-09-28 21:20,1992
2019-09-28 21:25,2001
2019-09-28 21:30,1992
2019-09-28 21:35,1990
2019-09-28 21:40,1984
2019-09-28 21:45,1981
2019-09-28 21:50,1976
2019-09-28 21:55,1966
2019-09-28 22:00,1945
2019-09-28 22:05,1915
2019-09-28 22:10,1896
2019-09-28 22:15,1879
2019-09-28 22:20,1871
2019-09-28 22:25,1850
2019-09-28 22:30,1835
2019-09-28 22:35,1818
2019-09-28 22:40,1787
2019-09-28 22:45,1754
2019-09-28 22:50,1750
2019-09-28 22:55,1754
2019-09-28 23:00,1746
2019-09-28 23:05,1743
2019-09-28 23:10,1733
2019-09-28 23:15,1705
2019-09-28 23:20,1684
2019-09-28 23:25,1684
2019-09-28 23:30,1644
2019-09-28 23:35,1629
2019-09-28 23:40,1587
2019-09-28 23:45,1560
2019-09-28 23:50,1528
2019-09-28 23:55,1539
2019-09-29 00:00,1520
2019-09-29 00:05,1502
2019-09-29 00:10,1489
2019-09-29 00:15,1490
2019-09-29 00:20,1497
2019-09-29 00:25,1485
2019-09-29 00:30,1482
2019-09-29 00:35,1488
2019-09-29 00:40,1480
2019-09-29 00:45,1455
2019-09-29 00:50,1458
2019-09-29 00:55,1466
2019-09-29 01:00,1416
2019-09-29 01:05,1414
2019-09-29 01:10,1396
2019-09-29 01:15,1395
2019-09-29 01:20,1396
2019-09-29 01:25,1399
2019-09-29 01:30,1400
2019-09-29 01:35,1419
2019-09-29 01:40,1409
2019-09-29 01:45,1395
2019-09-29 01:50,1388
2019-09-29 01:55,1401
2019-09-29 02:00,1389
2019-09-29 02:05,1367
2019-09-29 02:10,1369
2019-09-29 02:15,1362
2019-09-29 02:20,1350
2019-09-29 02:25,1360
2019-09-29 02:30,1364
2019-09-29 02:35,1349
2019-09-29 02:40,1353
2019-09-29 02:45,1334
2019-09-29 02:50,1321
2019-09-29 02:55,1326
2019-09-29 03:00,1314
2019-09-29 03:05,1316
2019-09-29 03:10,1310
2019-09-29 03:15,1296
2019-09-29 03:20,1287
2019-09-29 03:25,1272
2019-09-29 03:30,1265
2019-09-29 03:35,1265
2019-09-29 03:40,1242
2019-09-29 03:45,1231
2019-09-29 03:50,1210
2019-09-29 03:55,1208
2019-09-29 04:00,1182
2019-09-29 04:05,1183
2019-09-29 04:10,1191
2019-09-29 04:15,1178
2019-09-29 04:20,1165
2019-09-29 04:25,1165
2019-09-29 04:30,1148
2019-09-29 04:35,1144
2019-09-29 04:40,1140
2019-09-29 04:45,1118
2019-09-29 04:50,1105
2019-09-29 04:55,1098
2019-09-29 05:00,1088
2019-09-29 05:05,1100
2019-09-29 05:10,1110
2019-09-29 05:15,1111
2019-09-29 05:20,1124
2019-09-29 05:25,1112
2019-09-29 05:30,1113
2019-09-29 05:35,1115
2019-09-29 05:40,1102
2019-09-29 05:45,1083
2019-09-29 05:50,1093
2019-09-29 05:55,1077
2019-09-29 06:00,1077
2019-09-29 06:05,1081
2019-09-29 06:10,1087
2019-09-29 06:15,1091
2019-09-29 06:20,1105
2019-09-29 06:25,1113
2019-09-29 06:30,1123
2019-09-29 06:35,1102
2019-09-29 06:40,1130
2019-09-29 06:45,1140
2019-09-29 06:50,1160
2019-09-29 06:55,1177
2019-09-29 07:00,1190
2019-09-29 07:05,1190
2019-09-29 07:10,1204
2019-09-29 07:15,1225
2019-09-29 07:20,1223
2019-09-29 07:25,1237
2019-09-29 07:30,1254
2019-09-29 07:35,1260
2019-09-29 07:40,1265
2019-09-29 07:45,1276
2019-09-29 07:50,1286
2019-09-29 07:55,1291
2019-09-29 08:00,1318
2019-09-29 08:05,1327
2019-09-29 08:10,1328
2019-09-29 08:15,1327
2019-09-29 08:20,1345
2019-09-29 08:25,1349
2019-09-29 08:30,1362
2019-09-29 08:35,1373
2019-09-29 08:40,1397
2019-09-29 08:45,1401
2019-09-29 08:50,1409
2019-09-29 08:55,1425
2019-09-29 09:00,1446
2019-09-29 09:05,1459
2019-09-29 09:10,1482
2019-09-29 09:15,1500
2019-09-29 09:20,1498
2019-09-29 09:25,1519
2019-09-29 09:30,1521
2019-09-29 09:35,1526
2019-09-29 09:40,1536
2019-09-29 09:45,1575
2019-09-29 09:50,1590
2019-09-29 09:55,1615
2019-09-29 10:00,1632
2019-09-29 10:05,1667
2019-09-29 10:10,1695
2019-09-29 10:15,1722
2019-09-29 10:20,1748
2019-09-29 10:25,1757
2019-09-29 10:30,1756
2019-09-29 10:35,1747
2019-09-29 10:40,1761
2019-09-29 10:45,1763
2019-09-29 10:50,1787
2019-09-29 10:55,1816
2019-09-29 11:00,1827
2019-09-29 11:05,1839
2019-09-29 11:10,1857
2019-09-29 11:15,1872
2019-09-29 11:20,1896
2019-09-29 11:25,1884
2019-09-29 11:30,1891
2019-09-29 11:35,1871
2019-09-29 11:40,1872
2019-09-29 11:45,1889
2019-09-29 11:50,1885
2019-09-29 11:55,1884
2019-09-29 12:00,1926
2019-09-29 12:05,1944
2019-09-29 12:10,1954
2019-09-29 12:15,1966
2019-09-29 12:20,1975
2019-09-29 12:25,2002
2019-09-29 12:30,2023
2019-09-29 12:35,2037
2019-09-29 12:40,2047
2019-09-29 12:45,2056
2019-09-29 12:50,2065
2019-09-29 12:55,2077
2019-09-29 13:00,2072
2019-09-29 13:05,2100
2019-09-29 13:10,2110
2019-09-29 13:15,2103
2019-09-29 13:20,2119
2019-09-29 13:25,2132
2019-09-29 13:30,2127
2019-09-29 13:35,2146
2019-09-29 13:40,2168
2019-09-29 13:45,2167
2019-09-29 13:50,2189
2019-09-29 13:55,2214
2019-09-29 14:00,2233
2019-09-29 14:05,2221
2019-09-29 14:10,2254
2019-09-29 14:15,2270
2019-09-29 14:20,2270
2019-09-29 14:25,2257
2019-09-29 14:30,2281
2019-09-29 14:35,2288
2019-09-29 14:40,2317
2019-09-29 14:45,2317
2019-09-29 14:50,2366
2019-09-29 14:55,2390
2019-09-29 15:00,2427
2019-09-29 15:05,2412
2019-09-29 15:10,2416
2019-09-29 15:15,2422
2019-09-29 15:20,2431
2019-09-29 15:25,2444
2019-09-29 15:30,2441
2019-09-29 15:35,2438
2019-09-29 15:40,2444
2019-09-29 15:45,2451
2019-09-29 15:50,2451
2019-09-29 15:55,2473
2019-09-29 16:00,2476
2019-09-29 16:05,2485
2019-09-29 16:10,2471
2019-09-29 16:15,2462
2019-09-29 16:20,2462
2019-09-29 16:25,2441
2019-09-29 16:30,2438
2019-09-29 16:35,2438
2019-09-29 16:40,2456
2019-09-29 16:45,2472
2019-09-29 16:50,2471
2019-09-29 16:55,2482
2019-09-29 17:00,2502
2019-09-29 17:05,2544
2019-09-29 17:10,2536
2019-09-29 17:15,
2019-09-29 17:20,2530
2019-09-29 17:25,2525
2019-09-29 17:30,2548
2019-09-29 17:35,2590
2019-09-29 17:40,2597
2019-09-29 17:45,2576
2019-09-29 17:50,2576
2019-09-29 17:55,2609
2019-09-29 18:00,2618
2019-09-29 18:05,2618
2019-09-29 18:10,2613
2019-09-29 18:15,2613
2019-09-29 18:20,2605
2019-09-29 18:25,2604
2019-09-29 18:30,2604
2019-09-29 18:35,2602
2019-09-29 18:40,2597
2019-09-29 18:45,2597
2019-09-29 18:50,2568
2019-09-29 18:55,2568
2019-09-29 19:00,2567
2019-09-29 19:05,2550
2019-09-29 19:10,2563
2019-09-29 19:15,2547
2019-09-29 19:20,2552
2019-09-29 19:25,2533
2019-09-29 19:30,2533
2019-09-29 19:35,2513
2019-09-29 19:40,2513
2019-09-29 19:45,2497
2019-09-29 19:50,2486
2019-09-29 19:55,2465
2019-09-29 20:00,2427
2019-09-29 20:05,2409
2019-09-29 20:10,2409
2019-09-29 20:15,2346
2019-09-29 20:20,2346
2019-09-29 20:25,2347
2019-09-29 20:30,2290
2019-09-29 20:35,2290
2019-09-29 20:40,2266
2019-09-29 20:45,2182
2019-09-29 20:50,2161
2019-09-29 20:55,2149
2019-09-29 21:00,2104
2019-09-29 21:05,2104
2019-09-29 21:10,2046
2019-09-29 21:15,2026
2019-09-29 21:20,2026
2019-09-29 21:25,1995
2019-09-29 21:30,1976
2019-09-29 21:35,1951
2019-09-29 21:40,1951
2019-09-29 21:45,1900
2019-09-29 21:50,1900
2019-09-29 21:55,1875
2019-09-29 22:00,1831
2019-09-29 22:05,1831
2019-09-29 22:10,1786
2019-09-29 22:15,1786
2019-09-29 22:20,1755
2019-09-29 22:25,1737
2019-09-29 22:30,1710
2019-09-29 22:35,1710
2019-09-29 22:40,1709
2019-09-29 22:45,1686
2019-09-29 22:50,1653
2019-09-29 22:55,1645
2019-09-29 23:00,1635
2019-09-29 23:05,1638
2019-09-29 23:10,1632
2019-09-29 23:15,1602
2019-09-29 23:20,1612
2019-09-29 23:25,1594
2019-09-29 23:30,1579
2019-09-29 23:35,1577
2019-09-29 23:40,1555
2019-09-29 23:45,1543
2019-09-29 23:50,1543
2019-09-29 23:55,1533
2019-09-30 00:00,1518
2019-09-30 00:05,1518
2019-09-30 00:10,1511
2019-09-30 00:15,1506
2019-09-30 00:20,1481
2019-09-30 00:25,1477
2019-09-30 00:30,1458
2019-09-30 00:35,1464
2019-09-30 00:40,1443
2019-09-30 00:45,1428
2019-09-30 00:50,1416
2019-09-30 00:55,1393
2019-09-30 01:00,1376
2019-09-30 01:05,1376
2019-09-30 01:10,1354
2019-09-30 01:15,1362
2019-09-30 01:20,1362
2019-09-30 01:25,1344
2019-09-30 01:30,1342
2019-09-30 01:35,1317
2019-09-30 01:40,1314
2019-09-30 01:45,1301
2019-09-30 01:50,1286
2019-09-30 01:55,1282
2019-09-30 02:00,1262
2019-09-30 02:05,1252
2019-09-30 02:10,1242
2019-09-30 02:15,1246
2019-09-30 02:20,1245
2019-09-30 02:25,1238
2019-09-30 02:30,1234
2019-09-30 02:35,1235
2019-09-30 02:40,1204
2019-09-30 02:45,1180
2019-09-30 02:50,1164
2019-09-30 02:55,1138
2019-09-30 03:00,1132
2019-09-30 03:05,1131
2019-09-30 03:10,1116
2019-09-30 03:15,1100
2019-09-30 03:20,1079
2019-09-30 03:25,1070
2019-09-30 03:30,1064
2019-09-30 03:35,1065
2019-09-30 03:40,1037
2019-09-30 03:45,1039
2019-09-30 03:50,1021
2019-09-30 03:55,1007
2019-09-30 04:00,977
2019-09-30 04:05,977
2019-09-30 04:10,974
2019-09-30 04:15,993
2019-09-30 04:20,981
2019-09-30 04:25,972
2019-09-30 04:30,978
2019-09-30 04:35,962
2019-09-30 04:40,951
2019-09-30 04:45,942
2019-09-30 04:50,928
2019-09-30 04:55,925
2019-09-30 05:00,929
2019-09-30 05:05,929
2019-09-30 05:10,909
2019-09-30 05:15,916
2019-09-30 05:20,914
2019-09-30 05:25,917
2019-09-30 05:30,914
2019-09-30 05:35,891
2019-09-30 05:40,875
2019-09-30 05:45,876
2019-09-30 05:50,864
2019-09-30 05:55,873
2019-09-30 06:00,862
2019-09-30 06:05,862
2019-09-30 06:10,857
2019-09-30 06:15,863
2019-09-30 06:20,852
2019-09-30 06:25,857
2019-09-30 06:30,850
2019-09-30 06:35,851
2019-09-30 06:40,848
2019-09-30 06:45,841
2019-09-30 06:50,829
2019-09-30 06:55,836
2019-09-30 07:00,828
2019-09-30 07:05,828
2019-09-30 07:10,827
2019-09-30 07:15,830
2019-09-30 07:20,834
2019-09-30 07:25,848
2019-09-30 07:30,860
2019-09-30 07:35,863
2019-09-30 07:40,878
2019-09-30 07:45,885
2019-09-30 07:50,898
2019-09-30 07:55,906
2019-09-30 08:00,899
2019-09-30 08:05,922
2019-09-30 08:10,936
2019-09-30 08:15,933
2019-09-30 08:20,936
2019-09-30 08:25,940
2019-09-30 08:30,935
2019-09-30 08:35,952
2019-09-30 08:40,965
2019-09-30 08:45,974
2019-09-30 08:50,972
2019-09-30 08:55,973
2019-09-30 09:00,974
2019-09-30 09:05,982
2019-09-30 09:10,978
2019-09-30 09:15,989
2019-09-30 09:20,985
2019-09-30 09:25,991
2019-09-30 09:30,995
2019-09-30 09:35,998
2019-09-30 09:40,1007
2019-09-30 09:45,1016
2019-09-30 09:50,1015
2019-09-30 09:55,1029
2019-09-30 10:00,1043
2019-09-30 10:05,1070
2019-09-30 10:10,1096
2019-09-30 10:15,1106
2019-09-30 10:20,1136
2019-09-30 10:25,1149
2019-09-30 10:30,1159
2019-09-30 10:35,1162
2019-09-30 10:40,1177
2019-09-30 10:45,1190
2019-09-30 10:50,1217
2019-09-30 10:55,1226
2019-09-30 11:00,1216
2019-09-30 11:05,1233
2019-09-30 11:10,1244
2019-09-30 11:15,1238
2019-09-30 11:20,1243
2019-09-30 11:25,1262
2019-09-30 11:30,1282
2019-09-30 11:35,1297
2019-09-30 11:40,1284
2019-09-30 11:45,1302
2019-09-30 11:50,1317
2019-09-30 11:55,1322
2019-09-30 12:00,1332
2019-09-30 12:05,1362
2019-09-30 12:10,1362
2019-09-30 12:15,1371
2019-09-30 12:20,1372
2019-09-30 12:25,1383
2019-09-30 12:30,1396
2019-09-30 12:35,1407
2019-09-30 12:40,1394
2019-09-30 12:45,1411
2019-09-30 12:50,1419
2019-09-30 12:55,1426
2019-09-30 13:00,1415
2019-09-30 13:05,1452
2019-09-30 13:10,1460
2019-09-30 13:15,1448
2019-09-30 13:20,1451
2019-09-30 13:25,1444
2019-09-30 13:30,1455
2019-09-30 13:35,1477
2019-09-30 13:40,1505
2019-09-30 13:45,1510
2019-09-30 13:50,1500
2019-09-30 13:55,1506
2019-09-30 14:00,1513
2019-09-30 14:05,1545
2019-09-30 14:10,1542
2019-09-30 14:15,1561
2019-09-30 14:20,1581
2019-09-30 14:25,1581
2019-09-30 14:30,1581
2019-09-30 14:35,1594
2019-09-30 14:40,1609
2019-09-30 14:45,1595
2019-09-30 14:50,1620
2019-09-30 14:55,1662
2019-09-30 15:00,1683
2019-09-30 15:05,1699
2019-09-30 15:10,1700
2019-09-30 15:15,1716
2019-09-30 15:20,1736
2019-09-30 15:25,1750
2019-09-30 15:30,1778
2019-09-30 15:35,1785
2019-09-30 15:40,1822
2019-09-30 15:45,1831
2019-09-30 15:50,1868
2019-09-30 15:55,1871
2019-09-30 16:00,1899
2019-09-30 16:05,1925
2019-09-30 16:10,1923
2019-09-30 16:15,1941
2019-09-30 16:20,1957
2019-09-30 16:25,1966
2019-09-30 16:30,1982
2019-09-30 16:35,1985
2019-09-30 16:40,2006
2019-09-30 16:45,2005
2019-09-30 16:50,2016
2019-09-30 16:55,2003
2019-09-30 17:00,2019
2019-09-30 17:05,2017
2019-09-30 17:10,2026
2019-09-30 17:15,2015
2019-09-30 17:20,2026
2019-09-30 17:25,2069
2019-09-30 17:30,2073
2019-09-30 17:35,2092
2019-09-30 17:40,2105
2019-09-30 17:45,2132
2019-09-30 17:50,2140
2019-09-30 17:55,2153
2019-09-30 18:00,2154
2019-09-30 18:05,2133
2019-09-30 18:10,2145
2019-09-30 18:15,2157
2019-09-30 18:20,2155
2019-09-30 18:25,2161
2019-09-30 18:30,2160
2019-09-30 18:35,2151
2019-09-30 18:40,2146
2019-09-30 18:45,2139
2019-09-30 18:50,2140
2019-09-30 18:55,2163
2019-09-30 19:00,2165
2019-09-30 19:05,2172
2019-09-30 19:10,2165
2019-09-30 19:15,2167
2019-09-30 19:20,2146
2019-09-30 19:25,2155
2019-09-30 19:30,2153
2019-09-30 19:35,2156
2019-09-30 19:40,2143
2019-09-30 19:45,2124
2019-09-30 19:50,2138
2019-09-30 19:55,2126
2019-09-30 20:00,2102
2019-09-30 20:05,2083
2019-09-30 20:10,2056
2019-09-30 20:15,2036
2019-09-30 20:20,2052
2019-09-30 20:25,2039
2019-09-30 20:30,2014
2019-09-30 20:35,2013
2019-09-30 20:40,2000
2019-09-30 20:45,1967
2019-09-30 20:50,1936
2019-09-30 20:55,1924
2019-09-30 21:00,1879
2019-09-30 21:05,1865
2019-09-30 21:10,1829
2019-09-30 21:15,1780
2019-09-30 21:20,1753
2019-09-30 21:25,1765
2019-09-30 21:30,1739
2019-09-30 21:35,1731
2019-09-30 21:40,1697
2019-09-30 21:45,1678
2019-09-30 21:50,1663
2019-09-30 21:55,1651
2019-09-30 22:00,1630
2019-09-30 22:05,1634
2019-09-30 22:10,1600
2019-09-30 22:15,1577
2019-09-30 22:20,1549
2019-09-30 22:25,1527
2019-09-30 22:30,1536
2019-09-30 22:35,1521
2019-09-30 22:40,1495
2019-09-30 22:45,1494
2019-09-30 22:50,1482
2019-09-30 22:55,1471
2019-09-30 23:00,1452
2019-09-30 23:05,1445
2019-09-30 23:10,1456
2019-09-30 23:15,1452
2019-09-30 23:20,0
2019-09-30 23:25,0
2019-09-30 23:30,815
2019-09-30 23:35,1366
2019-09-30 23:40,1414
2019-09-30 23:45,1415
2019-09-30 23:50,1382
2019-09-30 23:55,
2019-10-01 00:00,
2019-10-01 00:05,0
2019-10-01 00:10,983
2019-10-01 00:15,1302
2019-10-01 00:20,1329
2019-10-01 00:25,1324
2019-10-01 00:30,1315
2019-10-01 00:35,1329
2019-10-01 00:40,1318
2019-10-01 00:45,1313
2019-10-01 00:50,1308
2019-10-01 00:55,1308
2019-10-01 01:00,
2019-10-01 01:05,
2019-10-01 01:10,
2019-10-01 01:15,
2019-10-01 01:20,
2019-10-01 01:25,1212
2019-10-01 01:30,1211
2019-10-01 01:35,1209
2019-10-01 01:40,1195
2019-10-01 01:45,1188
2019-10-01 01:50,1191
2019-10-01 01:55,1177
2019-10-01 02:00,1170
2019-10-01 02:05,1163
2019-10-01 02:10,1164
2019-10-01 02:15,1163
2019-10-01 02:20,1165
2019-10-01 02:25,1149
2019-10-01 02:30,1140
2019-10-01 02:35,1130
2019-10-01 02:40,1122
2019-10-01 02:45,1112
2019-10-01 02:50,1104
2019-10-01 02:55,1100
2019-10-01 03:00,1094
2019-10-01 03:05,1094
2019-10-01 03:10,1084
2019-10-01 03:15,1067
2019-10-01 03:20,1070
2019-10-01 03:25,1061
2019-10-01 03:30,1052
2019-10-01 03:35,1038
2019-10-01 03:40,1034
2019-10-01 03:45,1029
2019-10-01 03:50,1027
2019-10-01 03:55,1022
2019-10-01 04:00,1010
2019-10-01 04:05,988
2019-10-01 04:10,985
2019-10-01 04:15,980
2019-10-01 04:20,961
2019-10-01 04:25,956
2019-10-01 04:30,950
2019-10-01 04:35,945
2019-10-01 04:40,937
2019-10-01 04:45,918
2019-10-01 04:50,898
2019-10-01 04:55,892
2019-10-01 05:00,898
2019-10-01 05:05,893
2019-10-01 05:10,876
2019-10-01 05:15,879
2019-10-01 05:20,869
2019-10-01 05:25,867
2019-10-01 05:30,881
2019-10-01 05:35,862
2019-10-01 05:40,855
2019-10-01 05:45,847
2019-10-01 05:50,853
2019-10-01 05:55,862
2019-10-01 06:00,861
2019-10-01 06:05,861
2019-10-01 06:10,864
2019-10-01 06:15,864
2019-10-01 06:20,855
2019-10-01 06:25,843
2019-10-01 06:30,856
2019-10-01 06:35,851
2019-10-01 06:40,792
2019-10-01 06:45,859
2019-10-01 06:50,858
2019-10-01 06:55,854
2019-10-01 07:00,859
2019-10-01 07:05,870
2019-10-01 07:10,863
2019-10-01 07:15,865
2019-10-01 07:20,869
2019-10-01 07:25,877
2019-10-01 07:30,890
2019-10-01 07:35,889
2019-10-01 07:40,898
2019-10-01 07:45,902
2019-10-01 07:50,900
2019-10-01 07:55,894
2019-10-01 08:00,893
2019-10-01 08:05,901
2019-10-01 08:10,901
2019-10-01 08:15,914
2019-10-01 08:20,921
2019-10-01 08:25,919
2019-10-01 08:30,936
2019-10-01 08:35,948
2019-10-01 08:40,955
2019-10-01 08:45,965
2019-10-01 08:50,982
2019-10-01 08:55,981
2019-10-01 09:00,978
2019-10-01 09:05,990
2019-10-01 09:10,1006
2019-10-01 09:15,1000
2019-10-01 09:20,993
2019-10-01 09:25,975
2019-10-01 09:30,986
2019-10-01 09:35,1001
2019-10-01 09:40,1007
2019-10-01 09:45,1027
2019-10-01 09:50,
2019-10-01 09:55,1020
2019-10-01 10:00,
2019-10-01 10:05,1049
2019-10-01 10:10,
2019-10-01 10:15,1091
2019-10-01 10:20,1115
2019-10-01 10:25,1125
2019-10-01 10:30,1142
2019-10-01 10:35,1161
2019-10-01 10:40,1149
2019-10-01 10:45,1155
2019-10-01 10:50,1156
2019-10-01 10:55,1166
2019-10-01 11:00,1169
2019-10-01 11:05,1186
2019-10-01 11:10,1206
2019-10-01 11:15,1214
2019-10-01 11:20,1232
2019-10-01 11:25,1250
2019-10-01 11:30,1249
2019-10-01 11:35,1262
2019-10-01 11:40,1277
2019-10-01 11:45,1275
2019-10-01 11:50,1264
2019-10-01 11:55,1282
2019-10-01 12:00,1278
2019-10-01 12:05,1291
2019-10-01 12:10,1304
2019-10-01 12:15,1301
2019-10-01 12:20,1309
2019-10-01 12:25,1326
2019-10-01 12:30,1344
2019-10-01 12:35,1352
2019-10-01 12:40,1355
2019-10-01 12:45,1372
2019-10-01 12:50,1372
2019-10-01 12:55,1383
2019-10-01 13:00,1394
2019-10-01 13:05,1398
2019-10-01 13:10,1396
2019-10-01 13:15,1407
2019-10-01 13:20,1418
2019-10-01 13:25,1422
2019-10-01 13:30,1437
2019-10-01 13:35,1452
2019-10-01 13:40,1459
2019-10-01 13:45,1487
2019-10-01 13:50,1491
2019-10-01 13:55,1503
2019-10-01 14:00,1503
2019-10-01 14:05,1523
2019-10-01 14:10,1531
2019-10-01 14:15,1509
2019-10-01 14:20,1526
2019-10-01 14:25,1534
2019-10-01 14:30,1551
2019-10-01 14:35,1555
2019-10-01 14:40,1560
2019-10-01 14:45,1572
2019-10-01 14:50,1578
2019-10-01 14:55,1593
2019-10-01 15:00,1601
2019-10-01 15:05,1615
2019-10-01 15:10,1630
2019-10-01 15:15,1634
2019-10-01 15:20,1659
2019-10-01 15:25,1671
2019-10-01 15:30,1668
2019-10-01 15:35,1710
2019-10-01 15:40,1093
2019-10-01 15:45,1446
2019-10-01 15:50,1699
2019-10-01 15:55,1724
2019-10-01 16:00,1739
2019-10-01 16:05,1752
2019-10-01 16:10,1796
2019-10-01 16:15,1791
2019-10-01 16:20,1787
2019-10-01 16:25,1803
2019-10-01 16:30,1804
2019-10-01 16:35,1809
2019-10-01 16:40,1844
2019-10-01 16:45,1850
2019-10-01 16:50,1875
2019-10-01 16:55,1903
2019-10-01 17:00,1906
2019-10-01 17:05,1932
2019-10-01 17:10,1951
2019-10-01 17:15,1955
2019-10-01 17:20,1967
2019-10-01 17:25,1994
2019-10-01 17:30,1996
2019-10-01 17:35,2020
2019-10-01 17:40,2046
2019-10-01 17:45,2054
2019-10-01 17:50,2077
2019-10-01 17:55,2090
2019-10-01 18:00,2112
2019-10-01 18:05,2137
2019-10-01 18:10,2151
2019-10-01 18:15,2146
2019-10-01 18:20,2151
2019-10-01 18:25,2131
2019-10-01 18:30,2111
2019-10-01 18:35,2100
2019-10-01 18:40,2106
2019-10-01 18:45,2114
2019-10-01 18:50,2106
2019-10-01 18:55,2077
2019-10-01 19:00,2080
2019-10-01 19:05,2087
2019-10-01 19:10,2080
2019-10-01 19:15,2099
2019-10-01 19:20,2112
2019-10-01 19:25,2114
2019-10-01 19:30,2105
2019-10-01 19:35,2113
2019-10-01 19:40,2099
2019-10-01 19:45,2070
2019-10-01 19:50,2049
2019-10-01 19:55,2039
2019-10-01 20:00,2018
2019-10-01 20:05,2000
2019-10-01 20:10,2006
2019-10-01 20:15,1972
2019-10-01 20:20,1948
2019-10-01 20:25,1926
2019-10-01 20:30,1908
2019-10-01 20:35,1877
2019-10-01 20:40,1901
2019-10-01 20:45,1869
2019-10-01 20:50,1848
2019-10-01 20:55,1807
2019-10-01 21:00,1799
2019-10-01 21:05,1771
2019-10-01 21:10,1745
2019-10-01 21:15,1761
2019-10-01 21:20,1759
2019-10-01 21:25,1750
2019-10-01 21:30,1727
2019-10-01 21:35,1665
2019-10-01 21:40,1670
2019-10-01 21:45,1656
2019-10-01 21:50,1641
2019-10-01 21:55,1615
2019-10-01 22:00,0
2019-10-01 22:05,1587
2019-10-01 22:10,1579
2019-10-01 22:15,1578
2019-10-01 22:20,1558
2019-10-01 22:25,1538
2019-10-01 22:30,1527
2019-10-01 22:35,1499
2019-10-01 22:40,1476
2019-10-01 22:45,1470
2019-10-01 22:50,1468
2019-10-01 22:55,1449
2019-10-01 23:00,1433
2019-10-01 23:05,1411
2019-10-01 23:10,1414
2019-10-01 23:15,1411
2019-10-01 23:20,1393
2019-10-01 23:25,1380
2019-10-01 23:30,1364
2019-10-01 23:35,1372
2019-10-01 23:40,1370
2019-10-01 23:45,1371
2019-10-01 23:50,1369
2019-10-01 23:55,1349
2019-10-02 00:00,1322
2019-10-02 00:05,1311
2019-10-02 00:10,1301
2019-10-02 00:15,1297
2019-10-02 00:20,1283
2019-10-02 00:25,1298
2019-10-02 00:30,1300
2019-10-02 00:35,1295
2019-10-02 00:40,1296
2019-10-02 00:45,1297
2019-10-02 00:50,1304
2019-10-02 00:55,1290
2019-10-02 01:00,1276
2019-10-02 01:05,1277
2019-10-02 01:10,1293
2019-10-02 01:15,1290
2019-10-02 01:20,1280
2019-10-02 01:25,1275
2019-10-02 01:30,1265
2019-10-02 01:35,1264
2019-10-02 01:40,1267
2019-10-02 01:45,1249
2019-10-02 01:50,1223
2019-10-02 01:55,1219
2019-10-02 02:00,1216
2019-10-02 02:05,1198
2019-10-02 02:10,1186
2019-10-02 02:15,1184
2019-10-02 02:20,1169
2019-10-02 02:25,1180
2019-10-02 02:30,1170
2019-10-02 02:35,1166
2019-10-02 02:40,1150
2019-10-02 02:45,1125
2019-10-02 02:50,1115
2019-10-02 02:55,1111
2019-10-02 03:00,1094
2019-10-02 03:05,1078
2019-10-02 03:10,1073
2019-10-02 03:15,1090
2019-10-02 03:20,1083
2019-10-02 03:25,1083
2019-10-02 03:30,1072
2019-10-02 03:35,1059
2019-10-02 03:40,1029
2019-10-02 03:45,1021
2019-10-02 03:50,997
2019-10-02 03:55,995
2019-10-02 04:00,980
2019-10-02 04:05,964
2019-10-02 04:10,956
2019-10-02 04:15,944
2019-10-02 04:20,949
2019-10-02 04:25,936
2019-10-02 04:30,932
2019-10-02 04:35,932
2019-10-02 04:40,923
2019-10-02 04:45,928
2019-10-02 04:50,920
2019-10-02 04:55,915
2019-10-02 05:00,898
2019-10-02 05:05,889
2019-10-02 05:10,882
2019-10-02 05:15,868
2019-10-02 05:20,871
2019-10-02 05:25,863
2019-10-02 05:30,853
2019-10-02 05:35,854
2019-10-02 05:40,839
2019-10-02 05:45,826
2019-10-02 05:50,815
2019-10-02 05:55,818
2019-10-02 06:00,822
2019-10-02 06:05,824
2019-10-02 06:10,819
2019-10-02 06:15,826
2019-10-02 06:20,825
2019-10-02 06:25,817
2019-10-02 06:30,814
2019-10-02 06:35,795
2019-10-02 06:40,803
2019-10-02 06:45,798
2019-10-02 06:50,820
2019-10-02 06:55,837
2019-10-02 07:00,836
2019-10-02 07:05,845
2019-10-02 07:10,849
2019-10-02 07:15,872
2019-10-02 07:20,880
2019-10-02 07:25,876
2019-10-02 07:30,873
2019-10-02 07:35,879
2019-10-02 07:40,876
2019-10-02 07:45,891
2019-10-02 07:50,892
2019-10-02 07:55,892
2019-10-02 08:00,895
2019-10-02 08:05,902
2019-10-02 08:10,919
2019-10-02 08:15,918
2019-10-02 08:20,920
2019-10-02 08:25,917
2019-10-02 08:30,934
2019-10-02 08:35,929
2019-10-02 08:40,932
2019-10-02 08:45,937
2019-10-02 08:50,940
2019-10-02 08:55,957
2019-10-02 09:00,976
2019-10-02 09:05,982
2019-10-02 09:10,995
2019-10-02 09:15,1002
2019-10-02 09:20,1004
2019-10-02 09:25,1011
2019-10-02 09:30,1008
2019-10-02 09:35,1023
2019-10-02 09:40,1050
2019-10-02 09:45,1057
2019-10-02 09:50,1068
2019-10-02 09:55,1060
2019-10-02 10:00,1071
2019-10-02 10:05,1081
2019-10-02 10:10,1103
2019-10-02 10:15,1113
2019-10-02 10:20,1143
2019-10-02 10:25,1137
2019-10-02 10:30,1134
2019-10-02 10:35,1150
2019-10-02 10:40,1150
2019-10-02 10:45,1164
2019-10-02 10:50,1176
2019-10-02 10:55,1179
2019-10-02 11:00,1158
2019-10-02 11:05,1168
2019-10-02 11:10,1185
2019-10-02 11:15,1195
2019-10-02 11:20,1214
2019-10-02 11:25,1223
2019-10-02 11:30,1227
2019-10-02 11:35,1232
2019-10-02 11:40,1253
2019-10-02 11:45,1261
2019-10-02 11:50,1261
2019-10-02 11:55,1268
2019-10-02 12:00,1261
2019-10-02 12:05,1249
2019-10-02 12:10,1240
2019-10-02 12:15,1233
2019-10-02 12:20,1222
2019-10-02 12:25,
2019-10-02 12:30,
2019-10-02 12:35,
2019-10-02 12:40,1263
2019-10-02 12:45,1282
2019-10-02 12:50,1286
2019-10-02 12:55,1287
2019-10-02 13:00,1294
2019-10-02 13:05,1290
2019-10-02 13:10,1313
2019-10-02 13:15,1326
2019-10-02 13:20,1331
2019-10-02 13:25,1334
2019-10-02 13:30,1343
2019-10-02 13:35,1368
2019-10-02 13:40,1381
2019-10-02 13:45,1410
2019-10-02 13:50,1405
2019-10-02 13:55,1400
2019-10-02 14:00,1416
2019-10-02 14:05,1427
2019-10-02 14:10,1447
2019-10-02 14:15,1445
2019-10-02 14:20,1466
2019-10-02 14:25,1502
2019-10-02 14:30,1535
2019-10-02 14:35,1559
2019-10-02 14:40,1577
2019-10-02 14:45,1592
2019-10-02 14:50,1599
2019-10-02 14:55,1607
2019-10-02 15:00,1610
2019-10-02 15:05,1616
2019-10-02 15:10,1620
2019-10-02 15:15,1613
2019-10-02 15:20,1636
2019-10-02 15:25,1647
2019-10-02 15:30,1678
2019-10-02 15:35,1682
2019-10-02 15:40,1715
2019-10-02 15:45,1728
2019-10-02 15:50,1719
2019-10-02 15:55,1738
2019-10-02 16:00,1733
2019-10-02 16:05,1743
2019-10-02 16:10,1732
2019-10-02 16:15,1739
2019-10-02 16:20,1749
2019-10-02 16:25,1779
2019-10-02 16:30,1794
2019-10-02 16:35,1827
2019-10-02 16:40,1839
2019-10-02 16:45,1835
2019-10-02 16:50,1870
2019-10-02 16:55,1872
2019-10-02 17:00,1904
2019-10-02 17:05,1919
2019-10-02 17:10,1938
2019-10-02 17:15,1934
2019-10-02 17:20,1927
2019-10-02 17:25,1929
2019-10-02 17:30,
2019-10-02 17:35,1956
2019-10-02 17:40,1974
2019-10-02 17:45,
2019-10-02 17:50,1983
2019-10-02 17:55,1982
2019-10-02 18:00,1981
2019-10-02 18:05,1991
2019-10-02 18:10,1997
2019-10-02 18:15,1999
2019-10-02 18:20,2000
2019-10-02 18:25,2027
2019-10-02 18:30,2039
2019-10-02 18:35,2047
2019-10-02 18:40,2035
2019-10-02 18:45,2045
2019-10-02 18:50,2074
2019-10-02 18:55,2072
2019-10-02 19:00,2099
2019-10-02 19:05,2082
2019-10-02 19:10,2082
2019-10-02 19:15,2078
2019-10-02 19:20,2053
2019-10-02 19:25,2043
2019-10-02 19:30,2044
2019-10-02 19:35,2036
2019-10-02 19:40,2006
2019-10-02 19:45,1997
2019-10-02 19:50,1980
2019-10-02 19:55,1990
2019-10-02 20:00,1971
2019-10-02 20:05,1956
2019-10-02 20:10,1941
2019-10-02 20:15,1950
2019-10-02 20:20,1939
2019-10-02 20:25,1930
2019-10-02 20:30,1916
2019-10-02 20:35,1891
2019-10-02 20:40,1886
2019-10-02 20:45,1861
2019-10-02 20:50,1832
2019-10-02 20:55,1805
2019-10-02 21:00,1777
2019-10-02 21:05,1732
2019-10-02 21:10,0
2019-10-02 21:15,1708
2019-10-02 21:20,1698
2019-10-02 21:25,1675
2019-10-02 21:30,1670
2019-10-02 21:35,1648
2019-10-02 21:40,1621
2019-10-02 21:45,1595
2019-10-02 21:50,1603
2019-10-02 21:55,1574
2019-10-02 22:00,1560
2019-10-02 22:05,1544
2019-10-02 22:10,1522
2019-10-02 22:15,1502
2019-10-02 22:20,1507
2019-10-02 22:25,1487
2019-10-02 22:30,1460
2019-10-02 22:35,1458
2019-10-02 22:40,1440
2019-10-02 22:45,1436
2019-10-02 22:50,1408
2019-10-02 22:55,1423
2019-10-02 23:00,1413
2019-10-02 23:05,1402
2019-10-02 23:10,1392
2019-10-02 23:15,1387
2019-10-02 23:20,1380
2019-10-02 23:25,1378
2019-10-02 23:30,1366
2019-10-02 23:35,1359
2019-10-02 23:40,1359
2019-10-02 23:45,1352
2019-10-02 23:50,1337
2019-10-02 23:55,1339
2019-10-03 00:00,1325
2019-10-03 00:05,1319
2019-10-03 00:10,1307
2019-10-03 00:15,1302
2019-10-03 00:20,1296
2019-10-03 00:25,1291
2019-10-03 00:30,1285
2019-10-03 00:35,1271
2019-10-03 00:40,1296
2019-10-03 00:45,1283
2019-10-03 00:50,1295
2019-10-03 00:55,1300
2019-10-03 01:00,1290
2019-10-03 01:05,1277
2019-10-03 01:10,1277
2019-10-03 01:15,1262
2019-10-03 01:20,1247
2019-10-03 01:25,1225
2019-10-03 01:30,1211
2019-10-03 01:35,1202
2019-10-03 01:40,1180
2019-10-03 01:45,1185
2019-10-03 01:50,1189
2019-10-03 01:55,1170
2019-10-03 02:00,1164
2019-10-03 02:05,1151
2019-10-03 02:10,1157
2019-10-03 02:15,1148
2019-10-03 02:20,1130
2019-10-03 02:25,1123
2019-10-03 02:30,1137
2019-10-03 02:35,1126
2019-10-03 02:40,1143
2019-10-03 02:45,1132
2019-10-03 02:50,1129
2019-10-03 02:55,1113
2019-10-03 03:00,1111
2019-10-03 03:05,1085
2019-10-03 03:10,1065
2019-10-03 03:15,1057
2019-10-03 03:20,1052
2019-10-03 03:25,1046
2019-10-03 03:30,1031
2019-10-03 03:35,989
2019-10-03 03:40,939
2019-10-03 03:45,934
2019-10-03 03:50,907
2019-10-03 03:55,906
2019-10-03 04:00,895
2019-10-03 04:05,894
2019-10-03 04:10,909
2019-10-03 04:15,882
2019-10-03 04:20,882
2019-10-03 04:25,897
2019-10-03 04:30,900
2019-10-03 04:35,894
2019-10-03 04:40,899
2019-10-03 04:45,908
2019-10-03 04:50,912
2019-10-03 04:55,908
2019-10-03 05:00,882
2019-10-03 05:05,874
2019-10-03 05:10,858
2019-10-03 05:15,850
2019-10-03 05:20,843
2019-10-03 05:25,831
2019-10-03 05:30,821
2019-10-03 05:35,812
2019-10-03 05:40,815
2019-10-03 05:45,812
2019-10-03 05:50,802
2019-10-03 05:55,802
2019-10-03 06:00,791
2019-10-03 06:05,788
2019-10-03 06:10,786
2019-10-03 06:15,772
2019-10-03 06:20,782
2019-10-03 06:25,778
2019-10-03 06:30,778
2019-10-03 06:35,783
2019-10-03 06:40,793
2019-10-03 06:45,789
2019-10-03 06:50,785
2019-10-03 06:55,793
2019-10-03 07:00,802
2019-10-03 07:05,813
2019-10-03 07:10,812
2019-10-03 07:15,823
2019-10-03 07:20,835
2019-10-03 07:25,857
2019-10-03 07:30,840
2019-10-03 07:35,854
2019-10-03 07:40,859
2019-10-03 07:45,858
2019-10-03 07:50,855
2019-10-03 07:55,849
2019-10-03 08:00,863
2019-10-03 08:05,879
2019-10-03 08:10,882
2019-10-03 08:15,899
2019-10-03 08:20,902
2019-10-03 08:25,911
2019-10-03 08:30,907
2019-10-03 08:35,917
2019-10-03 08:40,922
2019-10-03 08:45,936
2019-10-03 08:50,950
2019-10-03 08:55,958
2019-10-03 09:00,963
2019-10-03 09:05,984
2019-10-03 09:10,993
2019-10-03 09:15,1003
2019-10-03 09:20,1027
2019-10-03 09:25,1031
2019-10-03 09:30,1031
2019-10-03 09:35,1038
2019-10-03 09:40,1042
2019-10-03 09:45,1068
2019-10-03 09:50,1072
2019-10-03 09:55,1097
2019-10-03 10:00,1117
2019-10-03 10:05,1140
2019-10-03 10:10,1147
2019-10-03 10:15,1182
2019-10-03 10:20,1201
2019-10-03 10:25,1211
2019-10-03 10:30,1221
2019-10-03 10:35,1231
2019-10-03 10:40,1240
2019-10-03 10:45,1261
2019-10-03 10:50,1268
2019-10-03 10:55,1252
2019-10-03 11:00,1249
2019-10-03 11:05,1260
2019-10-03 11:10,1264
2019-10-03 11:15,1263
2019-10-03 11:20,1285
2019-10-03 11:25,1286
2019-10-03 11:30,1277
2019-10-03 11:35,1264
2019-10-03 11:40,1269
2019-10-03 11:45,1273
2019-10-03 11:50,1282
2019-10-03 11:55,1308
2019-10-03 12:00,1321
2019-10-03 12:05,1324
2019-10-03 12:10,1317
2019-10-03 12:15,1329
2019-10-03 12:20,1338
2019-10-03 12:25,1340
2019-10-03 12:30,1354
2019-10-03 12:35,1375
2019-10-03 12:40,1390
2019-10-03 12:45,1401
2019-10-03 12:50,1407
2019-10-03 12:55,1401
2019-10-03 13:00,1392
2019-10-03 13:05,1382
2019-10-03 13:10,1385
2019-10-03 13:15,1375
2019-10-03 13:20,1366
2019-10-03 13:25,1380
2019-10-03 13:30,1366
2019-10-03 13:35,1375
2019-10-03 13:40,1360
2019-10-03 13:45,1365
2019-10-03 13:50,1329
2019-10-03 13:55,1269
2019-10-03 14:00,1061
2019-10-03 14:05,737
2019-10-03 14:10,749
2019-10-03 14:15,755
2019-10-03 14:20,741
2019-10-03 14:25,734
2019-10-03 14:30,742
2019-10-03 14:35,749
2019-10-03 14:40,783
2019-10-03 14:45,793
2019-10-03 14:50,791
2019-10-03 14:55,785
2019-10-03 15:00,802
2019-10-03 15:05,831
2019-10-03 15:10,853
2019-10-03 15:15,852
2019-10-03 15:20,906
2019-10-03 15:25,985
2019-10-03 15:30,1076
2019-10-03 15:35,1150
2019-10-03 15:40,1217
2019-10-03 15:45,1299
2019-10-03 15:50,1373
2019-10-03 15:55,1433
2019-10-03 16:00,1490
2019-10-03 16:05,1578
2019-10-03 16:10,
2019-10-03 16:15,1684
2019-10-03 16:20,1744
2019-10-03 16:25,1755
2019-10-03 16:30,1818
2019-10-03 16:35,1839
2019-10-03 16:40,1860
2019-10-03 16:45,1878
2019-10-03 16:50,1888
2019-10-03 16:55,1918
2019-10-03 17:00,1932
2019-10-03 17:05,1943
2019-10-03 17:10,1951
2019-10-03 17:15,1989
2019-10-03 17:20,2006
2019-10-03 17:25,1998
2019-10-03 17:30,2024
2019-10-03 17:35,2016
2019-10-03 17:40,2047
2019-10-03 17:45,2057
2019-10-03 17:50,2074
2019-10-03 17:55,2065
2019-10-03 18:00,2094
2019-10-03 18:05,2102
2019-10-03 18:10,2109
2019-10-03 18:15,2129
2019-10-03 18:20,2118
2019-10-03 18:25,2101
2019-10-03 18:30,2111
2019-10-03 18:35,2119
2019-10-03 18:40,2103
2019-10-03 18:45,2112
2019-10-03 18:50,2099
2019-10-03 18:55,2091
2019-10-03 19:00,2062
2019-10-03 19:05,2056
2019-10-03 19:10,2056
2019-10-03 19:15,2039
2019-10-03 19:20,2029
2019-10-03 19:25,2048
2019-10-03 19:30,2039
2019-10-03 19:35,2035
2019-10-03 19:40,2032
2019-10-03 19:45,2025
2019-10-03 19:50,2024
2019-10-03 19:55,2034
2019-10-03 20:00,2005
2019-10-03 20:05,1988
2019-10-03 20:10,1971
2019-10-03 20:15,1938
2019-10-03 20:20,1942
2019-10-03 20:25,1936
2019-10-03 20:30,1919
2019-10-03 20:35,1921
2019-10-03 20:40,1909
2019-10-03 20:45,1885
2019-10-03 20:50,1859
2019-10-03 20:55,1860
2019-10-03 21:00,1837
2019-10-03 21:05,1816
2019-10-03 21:10,1813
2019-10-03 21:15,1774
2019-10-03 21:20,1742
2019-10-03 21:25,1713
2019-10-03 21:30,1664
2019-10-03 21:35,1654
2019-10-03 21:40,1641
2019-10-03 21:45,1636
2019-10-03 21:50,1621
2019-10-03 21:55,1613
2019-10-03 22:00,1589
2019-10-03 22:05,1583
2019-10-03 22:10,1547
2019-10-03 22:15,1538
2019-10-03 22:20,1529
2019-10-03 22:25,1518
2019-10-03 22:30,1507
2019-10-03 22:35,1497
2019-10-03 22:40,1472
2019-10-03 22:45,1461
2019-10-03 22:50,1442
2019-10-03 22:55,1434
2019-10-03 23:00,1441
2019-10-03 23:05,1418
2019-10-03 23:10,1421
2019-10-03 23:15,1408
2019-10-03 23:20,1409
2019-10-03 23:25,1394
2019-10-03 23:30,1387
2019-10-03 23:35,1392
2019-10-03 23:40,1380
2019-10-03 23:45,1367
2019-10-03 23:50,1356
2019-10-03 23:55,1350
2019-10-04 00:00,1314
2019-10-04 00:05,1261
2019-10-04 00:10,1272
2019-10-04 00:15,1271
2019-10-04 00:20,1267
2019-10-04 00:25,1270
2019-10-04 00:30,1269
2019-10-04 00:35,1266
2019-10-04 00:40,1279
2019-10-04 00:45,1281
2019-10-04 00:50,1273
2019-10-04 00:55,1277
2019-10-04 01:00,1269
2019-10-04 01:05,1265
2019-10-04 01:10,1252
2019-10-04 01:15,1251
2019-10-04 01:20,1251
2019-10-04 01:25,1259
2019-10-04 01:30,1247
2019-10-04 01:35,1250
2019-10-04 01:40,1249
2019-10-04 01:45,1245
2019-10-04 01:50,1228
2019-10-04 01:55,1234
2019-10-04 02:00,1234
2019-10-04 02:05,1221
2019-10-04 02:10,1208
2019-10-04 02:15,1205
2019-10-04 02:20,1178
2019-10-04 02:25,1162
2019-10-04 02:30,1137
2019-10-04 02:35,1149
2019-10-04 02:40,1133
2019-10-04 02:45,1111
2019-10-04 02:50,1089
2019-10-04 02:55,1091
2019-10-04 03:00,1084
2019-10-04 03:05,1076
2019-10-04 03:10,1062
2019-10-04 03:15,1061
2019-10-04 03:20,1054
2019-10-04 03:25,1031
2019-10-04 03:30,1021
2019-10-04 03:35,1005
2019-10-04 03:40,1010
2019-10-04 03:45,1016
2019-10-04 03:50,1001
2019-10-04 03:55,1001
2019-10-04 04:00,989
2019-10-04 04:05,966
2019-10-04 04:10,959
2019-10-04 04:15,936
2019-10-04 04:20,931
2019-10-04 04:25,930
2019-10-04 04:30,931
2019-10-04 04:35,916
2019-10-04 04:40,922
2019-10-04 04:45,932
2019-10-04 04:50,921
2019-10-04 04:55,915
2019-10-04 05:00,918
2019-10-04 05:05,907
2019-10-04 05:10,900
2019-10-04 05:15,912
2019-10-04 05:20,901
2019-10-04 05:25,906
2019-10-04 05:30,902
2019-10-04 05:35,906
2019-10-04 05:40,906
2019-10-04 05:45,913
2019-10-04 05:50,899
2019-10-04 05:55,885
2019-10-04 06:00,878
2019-10-04 06:05,881
2019-10-04 06:10,881
2019-10-04 06:15,881
2019-10-04 06:20,872
2019-10-04 06:25,877
2019-10-04 06:30,874
2019-10-04 06:35,880
2019-10-04 06:40,880
2019-10-04 06:45,878
2019-10-04 06:50,865
2019-10-04 06:55,851
2019-10-04 07:00,868
2019-10-04 07:05,866
2019-10-04 07:10,868
2019-10-04 07:15,877
2019-10-04 07:20,872
2019-10-04 07:25,880
2019-10-04 07:30,901
2019-10-04 07:35,876
2019-10-04 07:40,887
2019-10-04 07:45,893
2019-10-04 07:50,901
2019-10-04 07:55,911
2019-10-04 08:00,915
2019-10-04 08:05,925
2019-10-04 08:10,937
2019-10-04 08:15,936
2019-10-04 08:20,956
2019-10-04 08:25,946
2019-10-04 08:30,965
2019-10-04 08:35,995
2019-10-04 08:40,1007
2019-10-04 08:45,1012
2019-10-04 08:50,1024
2019-10-04 08:55,1033
2019-10-04 09:00,1043
2019-10-04 09:05,1032
2019-10-04 09:10,1050
2019-10-04 09:15,1079
2019-10-04 09:20,1089
2019-10-04 09:25,1100
2019-10-04 09:30,1109
2019-10-04 09:35,1123
2019-10-04 09:40,1127
2019-10-04 09:45,1135
2019-10-04 09:50,1144
2019-10-04 09:55,1139
2019-10-04 10:00,1152
2019-10-04 10:05,1163
2019-10-04 10:10,1172
2019-10-04 10:15,1175
2019-10-04 10:20,1188
2019-10-04 10:25,1212
2019-10-04 10:30,1234
2019-10-04 10:35,1242
2019-10-04 10:40,1240
2019-10-04 10:45,1256
2019-10-04 10:50,1266
2019-10-04 10:55,1272
2019-10-04 11:00,1281
2019-10-04 11:05,1285
2019-10-04 11:10,1290
2019-10-04 11:15,1297
2019-10-04 11:20,1300
2019-10-04 11:25,1300
2019-10-04 11:30,1317
2019-10-04 11:35,1317
2019-10-04 11:40,1318
2019-10-04 11:45,1323
2019-10-04 11:50,1315
2019-10-04 11:55,1346
2019-10-04 12:00,1344
2019-10-04 12:05,1316
2019-10-04 12:10,1318
2019-10-04 12:15,1336
2019-10-04 12:20,1368
2019-10-04 12:25,1378
2019-10-04 12:30,1400
2019-10-04 12:35,1392
2019-10-04 12:40,1404
2019-10-04 12:45,1414
2019-10-04 12:50,1415
2019-10-04 12:55,1406
2019-10-04 13:00,1425
2019-10-04 13:05,1424
2019-10-04 13:10,1440
2019-10-04 13:15,1436
2019-10-04 13:20,1437
2019-10-04 13:25,1458
2019-10-04 13:30,1451
2019-10-04 13:35,1449
2019-10-04 13:40,1495
2019-10-04 13:45,1499
2019-10-04 13:50,1501
2019-10-04 13:55,1493
2019-10-04 14:00,1497
2019-10-04 14:05,1499
2019-10-04 14:10,1509
2019-10-04 14:15,1521
2019-10-04 14:20,1541
2019-10-04 14:25,1551
2019-10-04 14:30,1561
2019-10-04 14:35,1561
2019-10-04 14:40,1587
2019-10-04 14:45,1595
2019-10-04 14:50,1610
2019-10-04 14:55,1627
2019-10-04 15:00,1640
2019-10-04 15:05,1645
2019-10-04 15:10,1677
2019-10-04 15:15,1683
2019-10-04 15:20,1696
2019-10-04 15:25,1704
2019-10-04 15:30,1719
2019-10-04 15:35,1733
2019-10-04 15:40,1730
2019-10-04 15:45,1752
2019-10-04 15:50,1745
2019-10-04 15:55,1750
2019-10-04 16:00,1754
2019-10-04 16:05,1759
2019-10-04 16:10,1781
2019-10-04 16:15,1805
2019-10-04 16:20,1821
2019-10-04 16:25,1825
2019-10-04 16:30,1829
2019-10-04 16:35,1856
2019-10-04 16:40,1859
2019-10-04 16:45,1889
2019-10-04 16:50,1898
2019-10-04 16:55,1893
2019-10-04 17:00,1913
2019-10-04 17:05,1916
2019-10-04 17:10,1922
2019-10-04 17:15,1930
2019-10-04 17:20,1945
2019-10-04 17:25,1977
2019-10-04 17:30,1982
2019-10-04 17:35,1998
2019-10-04 17:40,2016
2019-10-04 17:45,2025
2019-10-04 17:50,2036
2019-10-04 17:55,2032
2019-10-04 18:00,2031
2019-10-04 18:05,2041
2019-10-04 18:10,2054
2019-10-04 18:15,2045
2019-10-04 18:20,2020
2019-10-04 18:25,2028
2019-10-04 18:30,2026
2019-10-04 18:35,2044
2019-10-04 18:40,2010
2019-10-04 18:45,2018
2019-10-04 18:50,2039
2019-10-04 18:55,2042
2019-10-04 19:00,2030
2019-10-04 19:05,2031
2019-10-04 19:10,2031
2019-10-04 19:15,2032
2019-10-04 19:20,2030
2019-10-04 19:25,2045
2019-10-04 19:30,2048
2019-10-04 19:35,2056
2019-10-04 19:40,2054
2019-10-04 19:45,2056
2019-10-04 19:50,2055
2019-10-04 19:55,2043
2019-10-04 20:00,2004
2019-10-04 20:05,2000
2019-10-04 20:10,2013
2019-10-04 20:15,2025
2019-10-04 20:20,2013
2019-10-04 20:25,2007
2019-10-04 20:30,2019
2019-10-04 20:35,2010
2019-10-04 20:40,2027
2019-10-04 20:45,1995
2019-10-04 20:50,1966
2019-10-04 20:55,1963
2019-10-04 21:00,1928
2019-10-04 21:05,1906
2019-10-04 21:10,1902
2019-10-04 21:15,1905
2019-10-04 21:20,1862
2019-10-04 21:25,1821
2019-10-04 21:30,1811
2019-10-04 21:35,1785
2019-10-04 21:40,1759
2019-10-04 21:45,1753
2019-10-04 21:50,1742
2019-10-04 21:55,1729
2019-10-04 22:00,1695
2019-10-04 22:05,1681
2019-10-04 22:10,1656
2019-10-04 22:15,1648
2019-10-04 22:20,1634
2019-10-04 22:25,1626
2019-10-04 22:30,1642
2019-10-04 22:35,1627
2019-10-04 22:40,1606
2019-10-04 22:45,1589
2019-10-04 22:50,1561
2019-10-04 22:55,1544
2019-10-04 23:00,1532
2019-10-04 23:05,1521
2019-10-04 23:10,1520
2019-10-04 23:15,1493
2019-10-04 23:20,1479
2019-10-04 23:25,1485
2019-10-04 23:30,1473
2019-10-04 23:35,1474
2019-10-04 23:40,1487
2019-10-04 23:45,1475
2019-10-04 23:50,1487
2019-10-04 23:55,1470
2019-10-05 00:00,1455
2019-10-05 00:05,1465
2019-10-05 00:10,1429
2019-10-05 00:15,1424
2019-10-05 00:20,1416
2019-10-05 00:25,1407
2019-10-05 00:30,1398
2019-10-05 00:35,1407
2019-10-05 00:40,1404
2019-10-05 00:45,1403
2019-10-05 00:50,1380
2019-10-05 00:55,1365
2019-10-05 01:00,1344
2019-10-05 01:05,1340
2019-10-05 01:10,1327
2019-10-05 01:15,1325
2019-10-05 01:20,1329
2019-10-05 01:25,1308
2019-10-05 01:30,1301
2019-10-05 01:35,1305
2019-10-05 01:40,1306
2019-10-05 01:45,1295
2019-10-05 01:50,1272
2019-10-05 01:55,1249
2019-10-05 02:00,1249
2019-10-05 02:05,1241
2019-10-05 02:10,1244
2019-10-05 02:15,1232
2019-10-05 02:20,1244
2019-10-05 02:25,1244
2019-10-05 02:30,1242
2019-10-05 02:35,1222
2019-10-05 02:40,1224
2019-10-05 02:45,1213
2019-10-05 02:50,1182
2019-10-05 02:55,1173
2019-10-05 03:00,1177
2019-10-05 03:05,1168
2019-10-05 03:10,1160
2019-10-05 03:15,1155
2019-10-05 03:20,1155
2019-10-05 03:25,1151
2019-10-05 03:30,1138
2019-10-05 03:35,1129
2019-10-05 03:40,1122
2019-10-05 03:45,1133
2019-10-05 03:50,1118
2019-10-05 03:55,1107
2019-10-05 04:00,1106
2019-10-05 04:05,1102
2019-10-05 04:10,1100
2019-10-05 04:15,1100
2019-10-05 04:20,1103
2019-10-05 04:25,1093
2019-10-05 04:30,1098
2019-10-05 04:35,1108
2019-10-05 04:40,1112
2019-10-05 04:45,1113
2019-10-05 04:50,1110
2019-10-05 04:55,1103
2019-10-05 05:00,1112
2019-10-05 05:05,1105
2019-10-05 05:10,1087
2019-10-05 05:15,1076
2019-10-05 05:20,1057
2019-10-05 05:25,1043
2019-10-05 05:30,1042
2019-10-05 05:35,1053
2019-10-05 05:40,1039
2019-10-05 05:45,1021
2019-10-05 05:50,999
2019-10-05 05:55,991
2019-10-05 06:00,968
2019-10-05 06:05,966
2019-10-05 06:10,973
2019-10-05 06:15,991
2019-10-05 06:20,996
2019-10-05 06:25,1011
2019-10-05 06:30,1007
2019-10-05 06:35,998
2019-10-05 06:40,1017
2019-10-05 06:45,1020
2019-10-05 06:50,1034
2019-10-05 06:55,1036
2019-10-05 07:00,1028
2019-10-05 07:05,1029
2019-10-05 07:10,1033
2019-10-05 07:15,1057
2019-10-05 07:20,1063
2019-10-05 07:25,1075
2019-10-05 07:30,1090
2019-10-05 07:35,1106
2019-10-05 07:40,1119
2019-10-05 07:45,1113
2019-10-05 07:50,1131
2019-10-05 07:55,1145
2019-10-05 08:00,1159
2019-10-05 08:05,1164
2019-10-05 08:10,1189
2019-10-05 08:15,1216
2019-10-05 08:20,1219
2019-10-05 08:25,1241
2019-10-05 08:30,1253
2019-10-05 08:35,1256
2019-10-05 08:40,1281
2019-10-05 08:45,1301
2019-10-05 08:50,1303
2019-10-05 08:55,1314
2019-10-05 09:00,1315
2019-10-05 09:05,1323
2019-10-05 09:10,1323
2019-10-05 09:15,1364
2019-10-05 09:20,1395
2019-10-05 09:25,1404
2019-10-05 09:30,1408
2019-10-05 09:35,1421
2019-10-05 09:40,1416
2019-10-05 09:45,1423
2019-10-05 09:50,1432
2019-10-05 09:55,1445
2019-10-05 10:00,1474
2019-10-05 10:05,1518
2019-10-05 10:10,1518
2019-10-05 10:15,1551
2019-10-05 10:20,1569
2019-10-05 10:25,1561
2019-10-05 10:30,1577
2019-10-05 10:35,1602
2019-10-05 10:40,1591
2019-10-05 10:45,1622
2019-10-05 10:50,1623
2019-10-05 10:55,1621
2019-10-05 11:00,1626
2019-10-05 11:05,1619
2019-10-05 11:10,1621
2019-10-05 11:15,1621
2019-10-05 11:20,1636
2019-10-05 11:25,1643
2019-10-05 11:30,1658
2019-10-05 11:35,1648
2019-10-05 11:40,1660
2019-10-05 11:45,1687
2019-10-05 11:50,1688
2019-10-05 11:55,1711
2019-10-05 12:00,1710
2019-10-05 12:05,1724
2019-10-05 12:10,1724
2019-10-05 12:15,1704
2019-10-05 12:20,1704
2019-10-05 12:25,1725
2019-10-05 12:30,1733
2019-10-05 12:35,1755
2019-10-05 12:40,1771
2019-10-05 12:45,1781
2019-10-05 12:50,1793
2019-10-05 12:55,1784
2019-10-05 13:00,1798
2019-10-05 13:05,1812
2019-10-05 13:10,1812
2019-10-05 13:15,1817
2019-10-05 13:20,1824
2019-10-05 13:25,1818
2019-10-05 13:30,1846
2019-10-05 13:35,1849
2019-10-05 13:40,1874
2019-10-05 13:45,1894
2019-10-05 13:50,1924
2019-10-05 13:55,1941
2019-10-05 14:00,1950
2019-10-05 14:05,1958
2019-10-05 14:10,1962
2019-10-05 14:15,1984
2019-10-05 14:20,1987
2019-10-05 14:25,2012
2019-10-05 14:30,2007
2019-10-05 14:35,2026
2019-10-05 14:40,2022
2019-10-05 14:45,2012
2019-10-05 14:50,2029
2019-10-05 14:55,2055
2019-10-05 15:00,2048
2019-10-05 15:05,2076
2019-10-05 15:10,2076
2019-10-05 15:15,2081
2019-10-05 15:20,2092
2019-10-05 15:25,2120
2019-10-05 15:30,2126
2019-10-05 15:35,2126
2019-10-05 15:40,2148
2019-10-05 15:45,2159
2019-10-05 15:50,2157
2019-10-05 15:55,2181
2019-10-05 16:00,2187
2019-10-05 16:05,2174
2019-10-05 16:10,2180
2019-10-05 16:15,
2019-10-05 16:20,2255
2019-10-05 16:25,2252
2019-10-05 16:30,2260
2019-10-05 16:35,2253
2019-10-05 16:40,2253
2019-10-05 16:45,2259
2019-10-05 16:50,2251
2019-10-05 16:55,2250
2019-10-05 17:00,2245
2019-10-05 17:05,2239
2019-10-05 17:10,2239
2019-10-05 17:15,2249
2019-10-05 17:20,2267
2019-10-05 17:25,2263
2019-10-05 17:30,2274
2019-10-05 17:35,2266
2019-10-05 17:40,2281
2019-10-05 17:45,2291
2019-10-05 17:50,2291
2019-10-05 17:55,2292
2019-10-05 18:00,2299
2019-10-05 18:05,2291
2019-10-05 18:10,2291
2019-10-05 18:15,2285
2019-10-05 18:20,2288
2019-10-05 18:25,2283
2019-10-05 18:30,2298
2019-10-05 18:35,2292
2019-10-05 18:40,2316
2019-10-05 18:45,2284
2019-10-05 18:50,2249
2019-10-05 18:55,2263
2019-10-05 19:00,2243
2019-10-05 19:05,2254
2019-10-05 19:10,2254
2019-10-05 19:15,2246
2019-10-05 19:20,2268
2019-10-05 19:25,2302
2019-10-05 19:30,2298
2019-10-05 19:35,2307
2019-10-05 19:40,2301
2019-10-05 19:45,2294
2019-10-05 19:50,2294
2019-10-05 19:55,2265
2019-10-05 20:00,2269
2019-10-05 20:05,2269
2019-10-05 20:10,2250
2019-10-05 20:15,2266
2019-10-05 20:20,2265
2019-10-05 20:25,2277
2019-10-05 20:30,2229
2019-10-05 20:35,2229
2019-10-05 20:40,2195
2019-10-05 20:45,2195
2019-10-05 20:50,2187
2019-10-05 20:55,2198
2019-10-05 21:00,2194
2019-10-05 21:05,2168
2019-10-05 21:10,2168
2019-10-05 21:15,2157
2019-10-05 21:20,2129
2019-10-05 21:25,2102
2019-10-05 21:30,2077
2019-10-05 21:35,2029
2019-10-05 21:40,2029
2019-10-05 21:45,2021
2019-10-05 21:50,1979
2019-10-05 21:55,1940
2019-10-05 22:00,1938
2019-10-05 22:05,1907
2019-10-05 22:10,1908
2019-10-05 22:15,1879
2019-10-05 22:20,1857
2019-10-05 22:25,1851
2019-10-05 22:30,1789
2019-10-05 22:35,1789
2019-10-05 22:40,1766
2019-10-05 22:45,1745
2019-10-05 22:50,1745
2019-10-05 22:55,1745
2019-10-05 23:00,1675
2019-10-05 23:05,1675
2019-10-05 23:10,1668
2019-10-05 23:15,1661
2019-10-05 23:20,1677
2019-10-05 23:25,1679
2019-10-05 23:30,1650
2019-10-05 23:35,1644
2019-10-05 23:40,1633
2019-10-05 23:45,1612
2019-10-05 23:50,1596
2019-10-05 23:55,1587
2019-10-06 00:00,1561
2019-10-06 00:05,1561
2019-10-06 00:10,1557
2019-10-06 00:15,1542
2019-10-06 00:20,1513
2019-10-06 00:25,1504
2019-10-06 00:30,1490
2019-10-06 00:35,1459
2019-10-06 00:40,1453
2019-10-06 00:45,1457
2019-10-06 00:50,1453
2019-10-06 00:55,1454
2019-10-06 01:00,1409
2019-10-06 01:05,1409
2019-10-06 01:10,1390
2019-10-06 01:15,1384
2019-10-06 01:20,1377
2019-10-06 01:25,1362
2019-10-06 01:30,1366
2019-10-06 01:35,1358
2019-10-06 01:40,1344
2019-10-06 01:45,1350
2019-10-06 01:50,1348
2019-10-06 01:55,1339
2019-10-06 02:00,1325
2019-10-06 02:05,1330
2019-10-06 02:10,1338
2019-10-06 02:15,1316
2019-10-06 02:20,1322
2019-10-06 02:25,1308
2019-10-06 02:30,1299
2019-10-06 02:35,1296
2019-10-06 02:40,1283
2019-10-06 02:45,1297
2019-10-06 02:50,1282
2019-10-06 02:55,1285
2019-10-06 03:00,1266
2019-10-06 03:05,1261
2019-10-06 03:10,1258
2019-10-06 03:15,1245
2019-10-06 03:20,1257
2019-10-06 03:25,1267
2019-10-06 03:30,1265
2019-10-06 03:35,1264
2019-10-06 03:40,1263
2019-10-06 03:45,1238
2019-10-06 03:50,1231
2019-10-06 03:55,1223
2019-10-06 04:00,1219
2019-10-06 04:05,1216
2019-10-06 04:10,1212
2019-10-06 04:15,1198
2019-10-06 04:20,1185
2019-10-06 04:25,1177
2019-10-06 04:30,1167
2019-10-06 04:35,1171
2019-10-06 04:40,1155
2019-10-06 04:45,1145
2019-10-06 04:50,1149
2019-10-06 04:55,1160
2019-10-06 05:00,1145
2019-10-06 05:05,1140
2019-10-06 05:10,1135
2019-10-06 05:15,1112
2019-10-06 05:20,1117
2019-10-06 05:25,1122
2019-10-06 05:30,1110
2019-10-06 05:35,1106
2019-10-06 05:40,1101
2019-10-06 05:45,1095
2019-10-06 05:50,1087
2019-10-06 05:55,1084
2019-10-06 06:00,1091
2019-10-06 06:05,1076
2019-10-06 06:10,1068
2019-10-06 06:15,1062
2019-10-06 06:20,1065
2019-10-06 06:25,1078
2019-10-06 06:30,1073
2019-10-06 06:35,1074
2019-10-06 06:40,1069
2019-10-06 06:45,1084
2019-10-06 06:50,1096
2019-10-06 06:55,1095
2019-10-06 07:00,1115
2019-10-06 07:05,1128
2019-10-06 07:10,1135
2019-10-06 07:15,1148
2019-10-06 07:20,1160
2019-10-06 07:25,1155
2019-10-06 07:30,1165
2019-10-06 07:35,1182
2019-10-06 07:40,1174
2019-10-06 07:45,1188
2019-10-06 07:50,1191
2019-10-06 07:55,1214
2019-10-06 08:00,1233
2019-10-06 08:05,1255
2019-10-06 08:10,1269
2019-10-06 08:15,1284
2019-10-06 08:20,1310
2019-10-06 08:25,1308
2019-10-06 08:30,1318
2019-10-06 08:35,1318
2019-10-06 08:40,1337
2019-10-06 08:45,1353
2019-10-06 08:50,1357
2019-10-06 08:55,1369
2019-10-06 09:00,1398
2019-10-06 09:05,1424
2019-10-06 09:10,1456
2019-10-06 09:15,1479
2019-10-06 09:20,1502
2019-10-06 09:25,1523
2019-10-06 09:30,1549
2019-10-06 09:35,1571
2019-10-06 09:40,1591
2019-10-06 09:45,1582
2019-10-06 09:50,1598
2019-10-06 09:55,1611
2019-10-06 10:00,1634
2019-10-06 10:05,1654
2019-10-06 10:10,1674
2019-10-06 10:15,1682
2019-10-06 10:20,1704
2019-10-06 10:25,1711
2019-10-06 10:30,1736
2019-10-06 10:35,1748
2019-10-06 10:40,1758
2019-10-06 10:45,1758
2019-10-06 10:50,1758
2019-10-06 10:55,1744
2019-10-06 11:00,1760
2019-10-06 11:05,1758
2019-10-06 11:10,1770
2019-10-06 11:15,1769
2019-10-06 11:20,1780
2019-10-06 11:25,1787
2019-10-06 11:30,1807
2019-10-06 11:35,1809
2019-10-06 11:40,1824
2019-10-06 11:45,1849
2019-10-06 11:50,1861
2019-10-06 11:55,1870
2019-10-06 12:00,1884
2019-10-06 12:05,
2019-10-06 12:10,
2019-10-06 12:15,1921
2019-10-06 12:20,1937
2019-10-06 12:25,1961
2019-10-06 12:30,1973
2019-10-06 12:35,1960
2019-10-06 12:40,1995
2019-10-06 12:45,2026
2019-10-06 12:50,2039
2019-10-06 12:55,2061
2019-10-06 13:00,2050
2019-10-06 13:05,2055
2019-10-06 13:10,2082
2019-10-06 13:15,2098
2019-10-06 13:20,2102
2019-10-06 13:25,2125
2019-10-06 13:30,2123
2019-10-06 13:35,2119
2019-10-06 13:40,2121
2019-10-06 13:45,2141
2019-10-06 13:50,2143
2019-10-06 13:55,2163
2019-10-06 14:00,2179
2019-10-06 14:05,2167
2019-10-06 14:10,2173
2019-10-06 14:15,2179
2019-10-06 14:20,2200
2019-10-06 14:25,2231
2019-10-06 14:30,2220
2019-10-06 14:35,2242
2019-10-06 14:40,2245
2019-10-06 14:45,2277
2019-10-06 14:50,2263
2019-10-06 14:55,2295
2019-10-06 15:00,2299
2019-10-06 15:05,2298
2019-10-06 15:10,2306
2019-10-06 15:15,2280
2019-10-06 15:20,2288
2019-10-06 15:25,2302
2019-10-06 15:30,2329
2019-10-06 15:35,2335
2019-10-06 15:40,2349
2019-10-06 15:45,2353
2019-10-06 15:50,2343
2019-10-06 15:55,2359
2019-10-06 16:00,2381
2019-10-06 16:05,2399
2019-10-06 16:10,2413
2019-10-06 16:15,2390
2019-10-06 16:20,2414
2019-10-06 16:25,2419
2019-10-06 16:30,2417
2019-10-06 16:35,2407
2019-10-06 16:40,2404
2019-10-06 16:45,2430
2019-10-06 16:50,2439
2019-10-06 16:55,2444
2019-10-06 17:00,2446
2019-10-06 17:05,2447
2019-10-06 17:10,2434
2019-10-06 17:15,2449
2019-10-06 17:20,2440
2019-10-06 17:25,2414
2019-10-06 17:30,2419
2019-10-06 17:35,2439
2019-10-06 17:40,2426
2019-10-06 17:45,2449
2019-10-06 17:50,2445
2019-10-06 17:55,2442
2019-10-06 18:00,2460
2019-10-06 18:05,2470
2019-10-06 18:10,2449
2019-10-06 18:15,2457
2019-10-06 18:20,2450
2019-10-06 18:25,2445
2019-10-06 18:30,2438
2019-10-06 18:35,2446
2019-10-06 18:40,2476
2019-10-06 18:45,2498
2019-10-06 18:50,2467
2019-10-06 18:55,2439
2019-10-06 19:00,2455
2019-10-06 19:05,2447
2019-10-06 19:10,2436
2019-10-06 19:15,2413
2019-10-06 19:20,2395
2019-10-06 19:25,2376
2019-10-06 19:30,2375
2019-10-06 19:35,2382
2019-10-06 19:40,2369
2019-10-06 19:45,2375
2019-10-06 19:50,2366
2019-10-06 19:55,2351
2019-10-06 20:00,2325
2019-10-06 20:05,2322
2019-10-06 20:10,2313
2019-10-06 20:15,2304
2019-10-06 20:20,2277
2019-10-06 20:25,2256
2019-10-06 20:30,2235
2019-10-06 20:35,2225
2019-10-06 20:40,2184
2019-10-06 20:45,2131
2019-10-06 20:50,2123
2019-10-06 20:55,2099
2019-10-06 21:00,2085
2019-10-06 21:05,2061
2019-10-06 21:10,2037
2019-10-06 21:15,2011
2019-10-06 21:20,2008
2019-10-06 21:25,1978
2019-10-06 21:30,1949
2019-10-06 21:35,1921
2019-10-06 21:40,1913
2019-10-06 21:45,1880
2019-10-06 21:50,1872
2019-10-06 21:55,1862
2019-10-06 22:00,1846
2019-10-06 22:05,1814
2019-10-06 22:10,1787
2019-10-06 22:15,1760
2019-10-06 22:20,1740
2019-10-06 22:25,1738
2019-10-06 22:30,1700
2019-10-06 22:35,1693
2019-10-06 22:40,1675
2019-10-06 22:45,1664
2019-10-06 22:50,1634
2019-10-06 22:55,1609
2019-10-06 23:00,1599
2019-10-06 23:05,1596
2019-10-06 23:10,1556
2019-10-06 23:15,1514
2019-10-06 23:20,1499
2019-10-06 23:25,1479
2019-10-06 23:30,1481
2019-10-06 23:35,1476
2019-10-06 23:40,1467
2019-10-06 23:45,1464
2019-10-06 23:50,1449
2019-10-06 23:55,1440
2019-10-07 00:00,1440
2019-10-07 00:05,1430
2019-10-07 00:10,1434
2019-10-07 00:15,1429
2019-10-07 00:20,1410
2019-10-07 00:25,1403
2019-10-07 00:30,1400
2019-10-07 00:35,1395
2019-10-07 00:40,1390
2019-10-07 00:45,1386
2019-10-07 00:50,1375
2019-10-07 00:55,1385
2019-10-07 01:00,1383
2019-10-07 01:05,1378
2019-10-07 01:10,1369
2019-10-07 01:15,1367
2019-10-07 01:20,1361
2019-10-07 01:25,1361
2019-10-07 01:30,1373
2019-10-07 01:35,1366
2019-10-07 01:40,1354
2019-10-07 01:45,1340
2019-10-07 01:50,1319
2019-10-07 01:55,1309
2019-10-07 02:00,1294
2019-10-07 02:05,1279
2019-10-07 02:10,1276
2019-10-07 02:15,1271
2019-10-07 02:20,1250
2019-10-07 02:25,1237
2019-10-07 02:30,1224
2019-10-07 02:35,1207
2019-10-07 02:40,1199
2019-10-07 02:45,1176
2019-10-07 02:50,1160
2019-10-07 02:55,1142
2019-10-07 03:00,1136
2019-10-07 03:05,1116
2019-10-07 03:10,1100
2019-10-07 03:15,1098
2019-10-07 03:20,1091
2019-10-07 03:25,1086
2019-10-07 03:30,1077
2019-10-07 03:35,1060
2019-10-07 03:40,1055
2019-10-07 03:45,1053
2019-10-07 03:50,1039
2019-10-07 03:55,1038
2019-10-07 04:00,1033
2019-10-07 04:05,1018
2019-10-07 04:10,1012
2019-10-07 04:15,1009
2019-10-07 04:20,1011
2019-10-07 04:25,995
2019-10-07 04:30,973
2019-10-07 04:35,977
2019-10-07 04:40,964
2019-10-07 04:45,967
2019-10-07 04:50,967
2019-10-07 04:55,961
2019-10-07 05:00,954
2019-10-07 05:05,938
2019-10-07 05:10,937
2019-10-07 05:15,931
2019-10-07 05:20,906
2019-10-07 05:25,899
2019-10-07 05:30,901
2019-10-07 05:35,901
2019-10-07 05:40,895
2019-10-07 05:45,887
2019-10-07 05:50,878
2019-10-07 05:55,878
2019-10-07 06:00,860
2019-10-07 06:05,848
2019-10-07 06:10,855
2019-10-07 06:15,864
2019-10-07 06:20,841
2019-10-07 06:25,833
2019-10-07 06:30,837
2019-10-07 06:35,839
2019-10-07 06:40,835
2019-10-07 06:45,834
2019-10-07 06:50,839
2019-10-07 06:55,842
2019-10-07 07:00,846
2019-10-07 07:05,837
2019-10-07 07:10,829
2019-10-07 07:15,836
2019-10-07 07:20,840
2019-10-07 07:25,846
2019-10-07 07:30,853
2019-10-07 07:35,851
2019-10-07 07:40,843
2019-10-07 07:45,851
2019-10-07 07:50,866
2019-10-07 07:55,868
2019-10-07 08:00,881
2019-10-07 08:05,878
2019-10-07 08:10,885
2019-10-07 08:15,898
2019-10-07 08:20,888
2019-10-07 08:25,890
2019-10-07 08:30,892
2019-10-07 08:35,911
2019-10-07 08:40,927
2019-10-07 08:45,931
2019-10-07 08:50,937
2019-10-07 08:55,947
2019-10-07 09:00,954
2019-10-07 09:05,956
2019-10-07 09:10,959
2019-10-07 09:15,957
2019-10-07 09:20,969
2019-10-07 09:25,969
2019-10-07 09:30,972
2019-10-07 09:35,977
2019-10-07 09:40,982
2019-10-07 09:45,1010
2019-10-07 09:50,1010
2019-10-07 09:55,1006
2019-10-07 10:00,1019
2019-10-07 10:05,1031
2019-10-07 10:10,1052
2019-10-07 10:15,1067
2019-10-07 10:20,1084
2019-10-07 10:25,1096
2019-10-07 10:30,1096
2019-10-07 10:35,1129
2019-10-07 10:40,1132
2019-10-07 10:45,1136
2019-10-07 10:50,1142
2019-10-07 10:55,1176
2019-10-07 11:00,1195
2019-10-07 11:05,1182
2019-10-07 11:10,1178
2019-10-07 11:15,1167
2019-10-07 11:20,1180
2019-10-07 11:25,1192
2019-10-07 11:30,1212
2019-10-07 11:35,1212
2019-10-07 11:40,1228
2019-10-07 11:45,1251
2019-10-07 11:50,1269
2019-10-07 11:55,1256
2019-10-07 12:00,1264
2019-10-07 12:05,1264
2019-10-07 12:10,1286
2019-10-07 12:15,1292
2019-10-07 12:20,1314
2019-10-07 12:25,1337
2019-10-07 12:30,1340
2019-10-07 12:35,1347
2019-10-07 12:40,1354
2019-10-07 12:45,1375
2019-10-07 12:50,1376
2019-10-07 12:55,1381
2019-10-07 13:00,1377
2019-10-07 13:05,1394
2019-10-07 13:10,1403
2019-10-07 13:15,1415
2019-10-07 13:20,1407
2019-10-07 13:25,1422
2019-10-07 13:30,1434
2019-10-07 13:35,1445
2019-10-07 13:40,1443
2019-10-07 13:45,1261
2019-10-07 13:50,1456
2019-10-07 13:55,1459
2019-10-07 14:00,1460
2019-10-07 14:05,1480
2019-10-07 14:10,1480
2019-10-07 14:15,1484
2019-10-07 14:20,1498
2019-10-07 14:25,1516
2019-10-07 14:30,1527
2019-10-07 14:35,1537
2019-10-07 14:40,1557
2019-10-07 14:45,1567
2019-10-07 14:50,1591
2019-10-07 14:55,1603
2019-10-07 15:00,1607
2019-10-07 15:05,1629
2019-10-07 15:10,1627
2019-10-07 15:15,1641
2019-10-07 15:20,1660
2019-10-07 15:25,1676
2019-10-07 15:30,1711
2019-10-07 15:35,1727
2019-10-07 15:40,1766
2019-10-07 15:45,1765
2019-10-07 15:50,1781
2019-10-07 15:55,1776
2019-10-07 16:00,1793
2019-10-07 16:05,1805
2019-10-07 16:10,1802
2019-10-07 16:15,1818
2019-10-07 16:20,
2019-10-07 16:25,
2019-10-07 16:30,1850
2019-10-07 16:35,1882
2019-10-07 16:40,1882
2019-10-07 16:45,1883
2019-10-07 16:50,1899
2019-10-07 16:55,1925
2019-10-07 17:00,1941
2019-10-07 17:05,1968
2019-10-07 17:10,1966
2019-10-07 17:15,1962
2019-10-07 17:20,1969
2019-10-07 17:25,1977
2019-10-07 17:30,1990
2019-10-07 17:35,2009
2019-10-07 17:40,2008
2019-10-07 17:45,2024
2019-10-07 17:50,2023
2019-10-07 17:55,2037
2019-10-07 18:00,2047
2019-10-07 18:05,2069
2019-10-07 18:10,2079
2019-10-07 18:15,2090
2019-10-07 18:20,2095
2019-10-07 18:25,2103
2019-10-07 18:30,2117
2019-10-07 18:35,2110
2019-10-07 18:40,2122
2019-10-07 18:45,2091
2019-10-07 18:50,2099
2019-10-07 18:55,2091
2019-10-07 19:00,2089
2019-10-07 19:05,2086
2019-10-07 19:10,2088
2019-10-07 19:15,2073
2019-10-07 19:20,2095
2019-10-07 19:25,2100
2019-10-07 19:30,2129
2019-10-07 19:35,2116
2019-10-07 19:40,2109
2019-10-07 19:45,2105
2019-10-07 19:50,2080
2019-10-07 19:55,2047
2019-10-07 20:00,2037
2019-10-07 20:05,2027
2019-10-07 20:10,1980
2019-10-07 20:15,1965
2019-10-07 20:20,1963
2019-10-07 20:25,1946
2019-10-07 20:30,1928
2019-10-07 20:35,1908
2019-10-07 20:40,1895
2019-10-07 20:45,1886
2019-10-07 20:50,1863
2019-10-07 20:55,1854
2019-10-07 21:00,1843
2019-10-07 21:05,1849
2019-10-07 21:10,1805
2019-10-07 21:15,1773
2019-10-07 21:20,1754
2019-10-07 21:25,1746
2019-10-07 21:30,1709
2019-10-07 21:35,1697
2019-10-07 21:40,1667
2019-10-07 21:45,1647
2019-10-07 21:50,1608
2019-10-07 21:55,1609
2019-10-07 22:00,1589
2019-10-07 22:05,1573
2019-10-07 22:10,1552
2019-10-07 22:15,1556
2019-10-07 22:20,1528
2019-10-07 22:25,1504
2019-10-07 22:30,1493
2019-10-07 22:35,1511
2019-10-07 22:40,1492
2019-10-07 22:45,1471
2019-10-07 22:50,1450
2019-10-07 22:55,1452
2019-10-07 23:00,1437
2019-10-07 23:05,1399
2019-10-07 23:10,1407
2019-10-07 23:15,1417
2019-10-07 23:20,1427
2019-10-07 23:25,1417
2019-10-07 23:30,1424
2019-10-07 23:35,1420
2019-10-07 23:40,1412
2019-10-07 23:45,1394
2019-10-07 23:50,1392
2019-10-07 23:55,1385
2019-10-08 00:00,1380
2019-10-08 00:05,1381
2019-10-08 00:10,1369
2019-10-08 00:15,1351
2019-10-08 00:20,1346
2019-10-08 00:25,1346
2019-10-08 00:30,1346
2019-10-08 00:35,1346
2019-10-08 00:40,1346
2019-10-08 00:45,1346
2019-10-08 00:50,1346
2019-10-08 00:55,1346
2019-10-08 01:00,1346
2019-10-08 01:05,1322
2019-10-08 01:10,1328
2019-10-08 01:15,1335
2019-10-08 01:20,1314
2019-10-08 01:25,1307
2019-10-08 01:30,1292
2019-10-08 01:35,1278
2019-10-08 01:40,1274
2019-10-08 01:45,1272
2019-10-08 01:50,1290
2019-10-08 01:55,1279
2019-10-08 02:00,1276
2019-10-08 02:05,1251
2019-10-08 02:10,1231
2019-10-08 02:15,1230
2019-10-08 02:20,1216
2019-10-08 02:25,1213
2019-10-08 02:30,1198
2019-10-08 02:35,1178
2019-10-08 02:40,1162
2019-10-08 02:45,1154
2019-10-08 02:50,1139
2019-10-08 02:55,1129
2019-10-08 03:00,1114
2019-10-08 03:05,1096
2019-10-08 03:10,1075
2019-10-08 03:15,1076
2019-10-08 03:20,1072
2019-10-08 03:25,1071
2019-10-08 03:30,1067
2019-10-08 03:35,1044
2019-10-08 03:40,1029
2019-10-08 03:45,1033
2019-10-08 03:50,1021
2019-10-08 03:55,1003
2019-10-08 04:00,996
2019-10-08 04:05,972
2019-10-08 04:10,963
2019-10-08 04:15,952
2019-10-08 04:20,942
2019-10-08 04:25,935
2019-10-08 04:30,940
2019-10-08 04:35,942
2019-10-08 04:40,927
2019-10-08 04:45,922
2019-10-08 04:50,916
2019-10-08 04:55,915
2019-10-08 05:00,910
2019-10-08 05:05,909
2019-10-08 05:10,889
2019-10-08 05:15,888
2019-10-08 05:20,873
2019-10-08 05:25,882
2019-10-08 05:30,879
2019-10-08 05:35,876
2019-10-08 05:40,860
2019-10-08 05:45,855
2019-10-08 05:50,880
2019-10-08 05:55,862
2019-10-08 06:00,851
2019-10-08 06:05,849
2019-10-08 06:10,838
2019-10-08 06:15,839
2019-10-08 06:20,841
2019-10-08 06:25,833
2019-10-08 06:30,843
2019-10-08 06:35,841
2019-10-08 06:40,833
2019-10-08 06:45,837
2019-10-08 06:50,829
2019-10-08 06:55,839
2019-10-08 07:00,836
2019-10-08 07:05,839
2019-10-08 07:10,847
2019-10-08 07:15,831
2019-10-08 07:20,840
2019-10-08 07:25,837
2019-10-08 07:30,846
2019-10-08 07:35,848
2019-10-08 07:40,846
2019-10-08 07:45,848
2019-10-08 07:50,846
2019-10-08 07:55,872
2019-10-08 08:00,878
2019-10-08 08:05,882
2019-10-08 08:10,888
2019-10-08 08:15,880
2019-10-08 08:20,885
2019-10-08 08:25,893
2019-10-08 08:30,906
2019-10-08 08:35,913
2019-10-08 08:40,924
2019-10-08 08:45,938
2019-10-08 08:50,948
2019-10-08 08:55,942
2019-10-08 09:00,940
2019-10-08 09:05,950
2019-10-08 09:10,975
2019-10-08 09:15,975
2019-10-08 09:20,963
2019-10-08 09:25,951
2019-10-08 09:30,969
2019-10-08 09:35,975
2019-10-08 09:40,967
2019-10-08 09:45,983
2019-10-08 09:50,988
2019-10-08 09:55,994
2019-10-08 10:00,1008
2019-10-08 10:05,1026
2019-10-08 10:10,1023
2019-10-08 10:15,1018
2019-10-08 10:20,1025
2019-10-08 10:25,1060
2019-10-08 10:30,1074
2019-10-08 10:35,1081
2019-10-08 10:40,1086
2019-10-08 10:45,1093
2019-10-08 10:50,1105
2019-10-08 10:55,1105
2019-10-08 11:00,1118
2019-10-08 11:05,1122
2019-10-08 11:10,1125
2019-10-08 11:15,1146
2019-10-08 11:20,1155
2019-10-08 11:25,1161
2019-10-08 11:30,1179
2019-10-08 11:35,1179
2019-10-08 11:40,1179
2019-10-08 11:45,1191
2019-10-08 11:50,1200
2019-10-08 11:55,1191
2019-10-08 12:00,1187
2019-10-08 12:05,1194
2019-10-08 12:10,1193
2019-10-08 12:15,1179
2019-10-08 12:20,1195
2019-10-08 12:25,1203
2019-10-08 12:30,1215
2019-10-08 12:35,1241
2019-10-08 12:40,1236
2019-10-08 12:45,1240
2019-10-08 12:50,1239
2019-10-08 12:55,1214
2019-10-08 13:00,1206
2019-10-08 13:05,1230
2019-10-08 13:10,1222
2019-10-08 13:15,1246
2019-10-08 13:20,1239
2019-10-08 13:25,1288
2019-10-08 13:30,1310
2019-10-08 13:35,1332
2019-10-08 13:40,1348
2019-10-08 13:45,1387
2019-10-08 13:50,1396
2019-10-08 13:55,1407
2019-10-08 14:00,1426
2019-10-08 14:05,1447
2019-10-08 14:10,1462
2019-10-08 14:15,1455
2019-10-08 14:20,1471
2019-10-08 14:25,1469
2019-10-08 14:30,1475
2019-10-08 14:35,1497
2019-10-08 14:40,1504
2019-10-08 14:45,1525
2019-10-08 14:50,1509
2019-10-08 14:55,1535
2019-10-08 15:00,1559
2019-10-08 15:05,1571
2019-10-08 15:10,1591
2019-10-08 15:15,1602
2019-10-08 15:20,1607
2019-10-08 15:25,1639
2019-10-08 15:30,1636
2019-10-08 15:35,1644
2019-10-08 15:40,1674
2019-10-08 15:45,1700
2019-10-08 15:50,1690
2019-10-08 15:55,1690
2019-10-08 16:00,1707
2019-10-08 16:05,1718
2019-10-08 16:10,1745
2019-10-08 16:15,1777
2019-10-08 16:20,1815
2019-10-08 16:25,1799
2019-10-08 16:30,1818
2019-10-08 16:35,1832
2019-10-08 16:40,1841
2019-10-08 16:45,1867
2019-10-08 16:50,1882
2019-10-08 16:55,1897
2019-10-08 17:00,1899
2019-10-08 17:05,1920
2019-10-08 17:10,1914
2019-10-08 17:15,1917
2019-10-08 17:20,1934
2019-10-08 17:25,1922
2019-10-08 17:30,1930
2019-10-08 17:35,1951
2019-10-08 17:40,1977
2019-10-08 17:45,1961
2019-10-08 17:50,1969
2019-10-08 17:55,1945
2019-10-08 18:00,1977
2019-10-08 18:05,1985
2019-10-08 18:10,1994
2019-10-08 18:15,1970
2019-10-08 18:20,1972
2019-10-08 18:25,1979
2019-10-08 18:30,1986
2019-10-08 18:35,1972
2019-10-08 18:40,1960
2019-10-08 18:45,1969
2019-10-08 18:50,1955
2019-10-08 18:55,1948
2019-10-08 19:00,1950
2019-10-08 19:05,1978
2019-10-08 19:10,1962
2019-10-08 19:15,1938
2019-10-08 19:20,1946
2019-10-08 19:25,1948
2019-10-08 19:30,1938
2019-10-08 19:35,1925
2019-10-08 19:40,1920
2019-10-08 19:45,1921
2019-10-08 19:50,1902
2019-10-08 19:55,1902
2019-10-08 20:00,1903
2019-10-08 20:05,1887
2019-10-08 20:10,1896
2019-10-08 20:15,1875
2019-10-08 20:20,1830
2019-10-08 20:25,1835
2019-10-08 20:30,1820
2019-10-08 20:35,1795
2019-10-08 20:40,1790
2019-10-08 20:45,1770
2019-10-08 20:50,1752
2019-10-08 20:55,1735
2019-10-08 21:00,1736
2019-10-08 21:05,1716
2019-10-08 21:10,1702
2019-10-08 21:15,1675
2019-10-08 21:20,1634
2019-10-08 21:25,1628
2019-10-08 21:30,1600
2019-10-08 21:35,1583
2019-10-08 21:40,1578
2019-10-08 21:45,1563
2019-10-08 21:50,1580
2019-10-08 21:55,1568
2019-10-08 22:00,1550
2019-10-08 22:05,1535
2019-10-08 22:10,1515
2019-10-08 22:15,1487
2019-10-08 22:20,1474
2019-10-08 22:25,1466
2019-10-08 22:30,1448
2019-10-08 22:35,1426
2019-10-08 22:40,0
2019-10-08 22:45,1003
2019-10-08 22:50,
2019-10-08 22:55,1385
2019-10-08 23:00,931
2019-10-08 23:05,1366
2019-10-08 23:10,1349
2019-10-08 23:15,1348
2019-10-08 23:20,1343
2019-10-08 23:25,1314
2019-10-08 23:30,1307
2019-10-08 23:35,1304
2019-10-08 23:40,1312
2019-10-08 23:45,
2019-10-08 23:50,
2019-10-08 23:55,1300
2019-10-09 00:00,1299
2019-10-09 00:05,1301
2019-10-09 00:10,1297
2019-10-09 00:15,1288
2019-10-09 00:20,1300
2019-10-09 00:25,1296
2019-10-09 00:30,1301
2019-10-09 00:35,1283
2019-10-09 00:40,1273
2019-10-09 00:45,1268
2019-10-09 00:50,1264
2019-10-09 00:55,1259
2019-10-09 01:00,1266
2019-10-09 01:05,1260
2019-10-09 01:10,1257
2019-10-09 01:15,1250
2019-10-09 01:20,1247
2019-10-09 01:25,1234
2019-10-09 01:30,1234
2019-10-09 01:35,1227
2019-10-09 01:40,1219
2019-10-09 01:45,1216
2019-10-09 01:50,1208
2019-10-09 01:55,1200
2019-10-09 02:00,1180
2019-10-09 02:05,
2019-10-09 02:10,
2019-10-09 02:15,1171
2019-10-09 02:20,1169
2019-10-09 02:25,1157
2019-10-09 02:30,
2019-10-09 02:35,
2019-10-09 02:40,
2019-10-09 02:45,1124
2019-10-09 02:50,1120
2019-10-09 02:55,1117
2019-10-09 03:00,1103
2019-10-09 03:05,1088
2019-10-09 03:10,1069
2019-10-09 03:15,1054
2019-10-09 03:20,1040
2019-10-09 03:25,1040
2019-10-09 03:30,1016
2019-10-09 03:35,994
2019-10-09 03:40,968
2019-10-09 03:45,978
2019-10-09 03:50,981
2019-10-09 03:55,961
2019-10-09 04:00,932
2019-10-09 04:05,921
2019-10-09 04:10,920
2019-10-09 04:15,920
2019-10-09 04:20,924
2019-10-09 04:25,909
2019-10-09 04:30,909
2019-10-09 04:35,901
2019-10-09 04:40,890
2019-10-09 04:45,894
2019-10-09 04:50,885
2019-10-09 04:55,879
2019-10-09 05:00,853
2019-10-09 05:05,842
2019-10-09 05:10,846
2019-10-09 05:15,837
2019-10-09 05:20,844
2019-10-09 05:25,838
2019-10-09 05:30,842
2019-10-09 05:35,838
2019-10-09 05:40,836
2019-10-09 05:45,832
2019-10-09 05:50,837
2019-10-09 05:55,846
2019-10-09 06:00,834
2019-10-09 06:05,823
2019-10-09 06:10,815
2019-10-09 06:15,813
2019-10-09 06:20,820
2019-10-09 06:25,829
2019-10-09 06:30,822
2019-10-09 06:35,825
2019-10-09 06:40,817
2019-10-09 06:45,810
2019-10-09 06:50,812
2019-10-09 06:55,812
2019-10-09 07:00,808
2019-10-09 07:05,809
2019-10-09 07:10,836
2019-10-09 07:15,838
2019-10-09 07:20,853
2019-10-09 07:25,858
2019-10-09 07:30,869
2019-10-09 07:35,869
2019-10-09 07:40,867
2019-10-09 07:45,875
2019-10-09 07:50,877
2019-10-09 07:55,878
2019-10-09 08:00,869
2019-10-09 08:05,870
2019-10-09 08:10,870
2019-10-09 08:15,872
2019-10-09 08:20,884
2019-10-09 08:25,898
2019-10-09 08:30,906
2019-10-09 08:35,913
2019-10-09 08:40,912
2019-10-09 08:45,934
2019-10-09 08:50,925
2019-10-09 08:55,932
2019-10-09 09:00,933
2019-10-09 09:05,945
2019-10-09 09:10,937
2019-10-09 09:15,952
2019-10-09 09:20,952
2019-10-09 09:25,955
2019-10-09 09:30,948
2019-10-09 09:35,945
2019-10-09 09:40,942
2019-10-09 09:45,946
2019-10-09 09:50,955
2019-10-09 09:55,965
2019-10-09 10:00,982
2019-10-09 10:05,1011
2019-10-09 10:10,1038
2019-10-09 10:15,1060
2019-10-09 10:20,1058
2019-10-09 10:25,1069
2019-10-09 10:30,1078
2019-10-09 10:35,1079
2019-10-09 10:40,1100
2019-10-09 10:45,1121
2019-10-09 10:50,1125
2019-10-09 10:55,1134
2019-10-09 11:00,1132
2019-10-09 11:05,1150
2019-10-09 11:10,1154
2019-10-09 11:15,1173
2019-10-09 11:20,1176
2019-10-09 11:25,1187
2019-10-09 11:30,1188
2019-10-09 11:35,1201
2019-10-09 11:40,1220
2019-10-09 11:45,1225
2019-10-09 11:50,1222
2019-10-09 11:55,1231
2019-10-09 12:00,1228
2019-10-09 12:05,1239
2019-10-09 12:10,1234
2019-10-09 12:15,1234
2019-10-09 12:20,1225
2019-10-09 12:25,1234
2019-10-09 12:30,1254
2019-10-09 12:35,1278
2019-10-09 12:40,1266
2019-10-09 12:45,1276
2019-10-09 12:50,1287
2019-10-09 12:55,1307
2019-10-09 13:00,1310
2019-10-09 13:05,1317
2019-10-09 13:10,1315
2019-10-09 13:15,1349
2019-10-09 13:20,1365
2019-10-09 13:25,1382
2019-10-09 13:30,1396
2019-10-09 13:35,1411
2019-10-09 13:40,1445
2019-10-09 13:45,1450
2019-10-09 13:50,1464
2019-10-09 13:55,1474
2019-10-09 14:00,1481
2019-10-09 14:05,1471
2019-10-09 14:10,1473
2019-10-09 14:15,1487
2019-10-09 14:20,1491
2019-10-09 14:25,1506
2019-10-09 14:30,1528
2019-10-09 14:35,1543
2019-10-09 14:40,1545
2019-10-09 14:45,1565
2019-10-09 14:50,1578
2019-10-09 14:55,1604
2019-10-09 15:00,1604
2019-10-09 15:05,1607
2019-10-09 15:10,1627
2019-10-09 15:15,1634
2019-10-09 15:20,1649
2019-10-09 15:25,1678
2019-10-09 15:30,1688
2019-10-09 15:35,1718
2019-10-09 15:40,1715
2019-10-09 15:45,1733
2019-10-09 15:50,1727
2019-10-09 15:55,1755
2019-10-09 16:00,1760
2019-10-09 16:05,1750
2019-10-09 16:10,1771
2019-10-09 16:15,1776
2019-10-09 16:20,1802
2019-10-09 16:25,1801
2019-10-09 16:30,1810
2019-10-09 16:35,1851
2019-10-09 16:40,1871
2019-10-09 16:45,1864
2019-10-09 16:50,1887
2019-10-09 16:55,1896
2019-10-09 17:00,1885
2019-10-09 17:05,1898
2019-10-09 17:10,1901
2019-10-09 17:15,1898
2019-10-09 17:20,1926
2019-10-09 17:25,1929
2019-10-09 17:30,1966
2019-10-09 17:35,1964
2019-10-09 17:40,1992
2019-10-09 17:45,2017
2019-10-09 17:50,2022
2019-10-09 17:55,2026
2019-10-09 18:00,2035
2019-10-09 18:05,2049
2019-10-09 18:10,2049
2019-10-09 18:15,2045
2019-10-09 18:20,2058
2019-10-09 18:25,2077
2019-10-09 18:30,2089
2019-10-09 18:35,2065
2019-10-09 18:40,2093
2019-10-09 18:45,2090
2019-10-09 18:50,2054
2019-10-09 18:55,2058
2019-10-09 19:00,2068
2019-10-09 19:05,2045
2019-10-09 19:10,2026
2019-10-09 19:15,2019
2019-10-09 19:20,2003
2019-10-09 19:25,2008
2019-10-09 19:30,2018
2019-10-09 19:35,2007
2019-10-09 19:40,2004
2019-10-09 19:45,1982
2019-10-09 19:50,1983
2019-10-09 19:55,1977
2019-10-09 20:00,1944
2019-10-09 20:05,1953
2019-10-09 20:10,1930
2019-10-09 20:15,1912
2019-10-09 20:20,1912
2019-10-09 20:25,1886
2019-10-09 20:30,1874
2019-10-09 20:35,1848
2019-10-09 20:40,1840
2019-10-09 20:45,1830
2019-10-09 20:50,1812
2019-10-09 20:55,1777
2019-10-09 21:00,1774
2019-10-09 21:05,1738
2019-10-09 21:10,1705
2019-10-09 21:15,1695
2019-10-09 21:20,1676
2019-10-09 21:25,1660
2019-10-09 21:30,1628
2019-10-09 21:35,1605
2019-10-09 21:40,1580
2019-10-09 21:45,1558
2019-10-09 21:50,1544
2019-10-09 21:55,1529
2019-10-09 22:00,1512
2019-10-09 22:05,1500
2019-10-09 22:10,1485
2019-10-09 22:15,1472
2019-10-09 22:20,1455
2019-10-09 22:25,1442
2019-10-09 22:30,1417
2019-10-09 22:35,1397
2019-10-09 22:40,1391
2019-10-09 22:45,1383
2019-10-09 22:50,1367
2019-10-09 22:55,1369
2019-10-09 23:00,1339
2019-10-09 23:05,1320
2019-10-09 23:10,1304
2019-10-09 23:15,1316
2019-10-09 23:20,1289
2019-10-09 23:25,1286
2019-10-09 23:30,1289
2019-10-09 23:35,1297
2019-10-09 23:40,1287
2019-10-09 23:45,1302
2019-10-09 23:50,1304
2019-10-09 23:55,1300
2019-10-10 00:00,1300
2019-10-10 00:05,1269
2019-10-10 00:10,1274
2019-10-10 00:15,1284
2019-10-10 00:20,1272
2019-10-10 00:25,0
2019-10-10 00:30,1278
2019-10-10 00:35,1291
2019-10-10 00:40,1277
2019-10-10 00:45,1274
2019-10-10 00:50,1279
2019-10-10 00:55,1256
2019-10-10 01:00,1244
2019-10-10 01:05,1232
2019-10-10 01:10,1227
2019-10-10 01:15,1204
2019-10-10 01:20,1208
2019-10-10 01:25,1199
2019-10-10 01:30,1195
2019-10-10 01:35,1201
2019-10-10 01:40,1199
2019-10-10 01:45,1192
2019-10-10 01:50,1200
2019-10-10 01:55,1184
2019-10-10 02:00,1170
2019-10-10 02:05,1173
2019-10-10 02:10,1175
2019-10-10 02:15,1150
2019-10-10 02:20,1134
2019-10-10 02:25,1132
2019-10-10 02:30,1128
2019-10-10 02:35,1116
2019-10-10 02:40,1104
2019-10-10 02:45,1096
2019-10-10 02:50,1086
2019-10-10 02:55,1086
2019-10-10 03:00,1063
2019-10-10 03:05,567
2019-10-10 03:10,1034
2019-10-10 03:15,1019
2019-10-10 03:20,993
2019-10-10 03:25,983
2019-10-10 03:30,983
2019-10-10 03:35,971
2019-10-10 03:40,957
2019-10-10 03:45,966
2019-10-10 03:50,948
2019-10-10 03:55,954
2019-10-10 04:00,954
2019-10-10 04:05,937
2019-10-10 04:10,943
2019-10-10 04:15,946
2019-10-10 04:20,940
2019-10-10 04:25,935
2019-10-10 04:30,928
2019-10-10 04:35,912
2019-10-10 04:40,899
2019-10-10 04:45,
2019-10-10 04:50,882
2019-10-10 04:55,885
2019-10-10 05:00,883
2019-10-10 05:05,865
2019-10-10 05:10,861
2019-10-10 05:15,855
2019-10-10 05:20,857
2019-10-10 05:25,854
2019-10-10 05:30,839
2019-10-10 05:35,825
2019-10-10 05:40,814
2019-10-10 05:45,817
2019-10-10 05:50,809
2019-10-10 05:55,812
2019-10-10 06:00,805
2019-10-10 06:05,814
2019-10-10 06:10,819
2019-10-10 06:15,835
2019-10-10 06:20,825
2019-10-10 06:25,821
2019-10-10 06:30,829
2019-10-10 06:35,829
2019-10-10 06:40,814
2019-10-10 06:45,824
2019-10-10 06:50,828
2019-10-10 06:55,831
2019-10-10 07:00,826
2019-10-10 07:05,830
2019-10-10 07:10,846
2019-10-10 07:15,846
2019-10-10 07:20,845
2019-10-10 07:25,835
2019-10-10 07:30,846
2019-10-10 07:35,851
2019-10-10 07:40,835
2019-10-10 07:45,834
2019-10-10 07:50,848
2019-10-10 07:55,857
2019-10-10 08:00,870
2019-10-10 08:05,860
2019-10-10 08:10,863
2019-10-10 08:15,866
2019-10-10 08:20,877
2019-10-10 08:25,871
2019-10-10 08:30,861
2019-10-10 08:35,868
2019-10-10 08:40,874
2019-10-10 08:45,883
2019-10-10 08:50,895
2019-10-10 08:55,896
2019-10-10 09:00,895
2019-10-10 09:05,884
2019-10-10 09:10,887
2019-10-10 09:15,899
2019-10-10 09:20,905
2019-10-10 09:25,917
2019-10-10 09:30,917
2019-10-10 09:35,939
2019-10-10 09:40,948
2019-10-10 09:45,953
2019-10-10 09:50,959
2019-10-10 09:55,957
2019-10-10 10:00,970
2019-10-10 10:05,1006
2019-10-10 10:10,1024
2019-10-10 10:15,1034
2019-10-10 10:20,1042
2019-10-10 10:25,1036
2019-10-10 10:30,1035
2019-10-10 10:35,1046
2019-10-10 10:40,1072
2019-10-10 10:45,1077
2019-10-10 10:50,1085
2019-10-10 10:55,1094
2019-10-10 11:00,1111
2019-10-10 11:05,1124
2019-10-10 11:10,1121
2019-10-10 11:15,1126
2019-10-10 11:20,1138
2019-10-10 11:25,1147
2019-10-10 11:30,1160
2019-10-10 11:35,1150
2019-10-10 11:40,1177
2019-10-10 11:45,1174
2019-10-10 11:50,1186
2019-10-10 11:55,1197
2019-10-10 12:00,1209
2019-10-10 12:05,1199
2019-10-10 12:10,1204
2019-10-10 12:15,1200
2019-10-10 12:20,1217
2019-10-10 12:25,1216
2019-10-10 12:30,1229
2019-10-10 12:35,1229
2019-10-10 12:40,1244
2019-10-10 12:45,1260
2019-10-10 12:50,1280
2019-10-10 12:55,1288
2019-10-10 13:00,1293
2019-10-10 13:05,1297
2019-10-10 13:10,1304
2019-10-10 13:15,1324
2019-10-10 13:20,1322
2019-10-10 13:25,1260
2019-10-10 13:30,1289
2019-10-10 13:35,1299
2019-10-10 13:40,1288
2019-10-10 13:45,1290
2019-10-10 13:50,1270
2019-10-10 13:55,1223
2019-10-10 14:00,1143
2019-10-10 14:05,942
2019-10-10 14:10,731
2019-10-10 14:15,719
2019-10-10 14:20,740
2019-10-10 14:25,741
2019-10-10 14:30,760
2019-10-10 14:35,775
2019-10-10 14:40,797
2019-10-10 14:45,817
2019-10-10 14:50,831
2019-10-10 14:55,832
2019-10-10 15:00,808
2019-10-10 15:05,816
2019-10-10 15:10,845
2019-10-10 15:15,823
2019-10-10 15:20,837
2019-10-10 15:25,856
2019-10-10 15:30,871
2019-10-10 15:35,882
2019-10-10 15:40,955
2019-10-10 15:45,1039
2019-10-10 15:50,1135
2019-10-10 15:55,1199
2019-10-10 16:00,1280
2019-10-10 16:05,1348
2019-10-10 16:10,1414
2019-10-10 16:15,1469
2019-10-10 16:20,1532
2019-10-10 16:25,1599
2019-10-10 16:30,1656
2019-10-10 16:35,1705
2019-10-10 16:40,1754
2019-10-10 16:45,1776
2019-10-10 16:50,1828
2019-10-10 16:55,1860
2019-10-10 17:00,1880
2019-10-10 17:05,1895
2019-10-10 17:10,1890
2019-10-10 17:15,1899
2019-10-10 17:20,1935
2019-10-10 17:25,1946
2019-10-10 17:30,1947
2019-10-10 17:35,1955
2019-10-10 17:40,2012
2019-10-10 17:45,2038
2019-10-10 17:50,2044
2019-10-10 17:55,2046
2019-10-10 18:00,2067
2019-10-10 18:05,2060
2019-10-10 18:10,2065
2019-10-10 18:15,2079
2019-10-10 18:20,2092
2019-10-10 18:25,2094
2019-10-10 18:30,2084
2019-10-10 18:35,2077
2019-10-10 18:40,2079
2019-10-10 18:45,2086
2019-10-10 18:50,2091
2019-10-10 18:55,2090
2019-10-10 19:00,2080
2019-10-10 19:05,2080
2019-10-10 19:10,2078
2019-10-10 19:15,2071
2019-10-10 19:20,2075
2019-10-10 19:25,2056
2019-10-10 19:30,2043
2019-10-10 19:35,2039
2019-10-10 19:40,2022
2019-10-10 19:45,2015
2019-10-10 19:50,2010
2019-10-10 19:55,1986
2019-10-10 20:00,1978
2019-10-10 20:05,1986
2019-10-10 20:10,1959
2019-10-10 20:15,1931
2019-10-10 20:20,1909
2019-10-10 20:25,1892
2019-10-10 20:30,1879
2019-10-10 20:35,1860
2019-10-10 20:40,1847
2019-10-10 20:45,1811
2019-10-10 20:50,1779
2019-10-10 20:55,1767
2019-10-10 21:00,1762
2019-10-10 21:05,1744
2019-10-10 21:10,1738
2019-10-10 21:15,1724
2019-10-10 21:20,1717
2019-10-10 21:25,1707
2019-10-10 21:30,1684
2019-10-10 21:35,1685
2019-10-10 21:40,1664
2019-10-10 21:45,1634
2019-10-10 21:50,1617
2019-10-10 21:55,1600
2019-10-10 22:00,1592
2019-10-10 22:05,1583
2019-10-10 22:10,1561
2019-10-10 22:15,1541
2019-10-10 22:20,1535
2019-10-10 22:25,1518
2019-10-10 22:30,1517
2019-10-10 22:35,1507
2019-10-10 22:40,1499
2019-10-10 22:45,1498
2019-10-10 22:50,1479
2019-10-10 22:55,1475
2019-10-10 23:00,1467
2019-10-10 23:05,816
2019-10-10 23:10,1407
2019-10-10 23:15,1408
2019-10-10 23:20,1386
2019-10-10 23:25,1383
2019-10-10 23:30,1367
2019-10-10 23:35,1351
2019-10-10 23:40,1330
2019-10-10 23:45,1312
2019-10-10 23:50,1298
2019-10-10 23:55,1288
2019-10-11 00:00,1291
2019-10-11 00:05,1270
2019-10-11 00:10,1262
2019-10-11 00:15,1255
2019-10-11 00:20,1246
2019-10-11 00:25,1232
2019-10-11 00:30,1232
2019-10-11 00:35,1239
2019-10-11 00:40,1238
2019-10-11 00:45,1239
2019-10-11 00:50,1240
2019-10-11 00:55,1249
2019-10-11 01:00,1250
2019-10-11 01:05,1249
2019-10-11 01:10,1240
2019-10-11 01:15,1227
2019-10-11 01:20,1209
2019-10-11 01:25,1197
2019-10-11 01:30,1186
2019-10-11 01:35,1192
2019-10-11 01:40,1191
2019-10-11 01:45,1197
2019-10-11 01:50,1200
2019-10-11 01:55,1196
2019-10-11 02:00,1204
2019-10-11 02:05,1212
2019-10-11 02:10,1196
2019-10-11 02:15,1185
2019-10-11 02:20,1175
2019-10-11 02:25,1171
2019-10-11 02:30,1158
2019-10-11 02:35,1157
2019-10-11 02:40,1151
2019-10-11 02:45,1135
2019-10-11 02:50,1139
2019-10-11 02:55,1129
2019-10-11 03:00,1133
2019-10-11 03:05,1125
2019-10-11 03:10,1106
2019-10-11 03:15,1090
2019-10-11 03:20,1061
2019-10-11 03:25,1049
2019-10-11 03:30,1041
2019-10-11 03:35,1025
2019-10-11 03:40,1022
2019-10-11 03:45,1003
2019-10-11 03:50,996
2019-10-11 03:55,996
2019-10-11 04:00,996
2019-10-11 04:05,984
2019-10-11 04:10,965
2019-10-11 04:15,953
2019-10-11 04:20,946
2019-10-11 04:25,946
2019-10-11 04:30,941
2019-10-11 04:35,944
2019-10-11 04:40,944
2019-10-11 04:45,940
2019-10-11 04:50,927
2019-10-11 04:55,919
2019-10-11 05:00,915
2019-10-11 05:05,916
2019-10-11 05:10,910
2019-10-11 05:15,901
2019-10-11 05:20,905
2019-10-11 05:25,910
2019-10-11 05:30,888
2019-10-11 05:35,881
2019-10-11 05:40,863
2019-10-11 05:45,856
2019-10-11 05:50,870
2019-10-11 05:55,881
2019-10-11 06:00,880
2019-10-11 06:05,869
2019-10-11 06:10,858
2019-10-11 06:15,859
2019-10-11 06:20,849
2019-10-11 06:25,850
2019-10-11 06:30,850
2019-10-11 06:35,844
2019-10-11 06:40,847
2019-10-11 06:45,845
2019-10-11 06:50,847
2019-10-11 06:55,854
2019-10-11 07:00,831
2019-10-11 07:05,822
2019-10-11 07:10,826
2019-10-11 07:15,827
2019-10-11 07:20,826
2019-10-11 07:25,831
2019-10-11 07:30,837
2019-10-11 07:35,836
2019-10-11 07:40,830
2019-10-11 07:45,834
2019-10-11 07:50,838
2019-10-11 07:55,843
2019-10-11 08:00,849
2019-10-11 08:05,867
2019-10-11 08:10,861
2019-10-11 08:15,859
2019-10-11 08:20,862
2019-10-11 08:25,872
2019-10-11 08:30,891
2019-10-11 08:35,893
2019-10-11 08:40,893
2019-10-11 08:45,909
2019-10-11 08:50,936
2019-10-11 08:55,933
2019-10-11 09:00,950
2019-10-11 09:05,958
2019-10-11 09:10,957
2019-10-11 09:15,972
2019-10-11 09:20,965
2019-10-11 09:25,957
2019-10-11 09:30,972
2019-10-11 09:35,960
2019-10-11 09:40,953
2019-10-11 09:45,963
2019-10-11 09:50,966
2019-10-11 09:55,981
2019-10-11 10:00,993
2019-10-11 10:05,1019
2019-10-11 10:10,1022
2019-10-11 10:15,1046
2019-10-11 10:20,1047
2019-10-11 10:25,1079
2019-10-11 10:30,1087
2019-10-11 10:35,1092
2019-10-11 10:40,1096
2019-10-11 10:45,1120
2019-10-11 10:50,1106
2019-10-11 10:55,1120
2019-10-11 11:00,1118
2019-10-11 11:05,1129
2019-10-11 11:10,1120
2019-10-11 11:15,1132
2019-10-11 11:20,1137
2019-10-11 11:25,1150
2019-10-11 11:30,1177
2019-10-11 11:35,1183
2019-10-11 11:40,1188
2019-10-11 11:45,1191
2019-10-11 11:50,1209
2019-10-11 11:55,1222
2019-10-11 12:00,1217
2019-10-11 12:05,1225
2019-10-11 12:10,1238
2019-10-11 12:15,1235
2019-10-11 12:20,1246
2019-10-11 12:25,1243
2019-10-11 12:30,1242
2019-10-11 12:35,1245
2019-10-11 12:40,1259
2019-10-11 12:45,1276
2019-10-11 12:50,1280
2019-10-11 12:55,1281
2019-10-11 13:00,1299
2019-10-11 13:05,1295
2019-10-11 13:10,1303
2019-10-11 13:15,1336
2019-10-11 13:20,1354
2019-10-11 13:25,1352
2019-10-11 13:30,1357
2019-10-11 13:35,1352
2019-10-11 13:40,1340
2019-10-11 13:45,1327
2019-10-11 13:50,1328
2019-10-11 13:55,1278
2019-10-11 14:00,1163
2019-10-11 14:05,828
2019-10-11 14:10,757
2019-10-11 14:15,766
2019-10-11 14:20,767
2019-10-11 14:25,786
2019-10-11 14:30,793
2019-10-11 14:35,809
2019-10-11 14:40,803
2019-10-11 14:45,800
2019-10-11 14:50,833
2019-10-11 14:55,840
2019-10-11 15:00,847
2019-10-11 15:05,847
2019-10-11 15:10,867
2019-10-11 15:15,868
2019-10-11 15:20,928
2019-10-11 15:25,995
2019-10-11 15:30,1093
2019-10-11 15:35,1206
2019-10-11 15:40,1278
2019-10-11 15:45,1335
2019-10-11 15:50,1377
2019-10-11 15:55,1423
2019-10-11 16:00,1497
2019-10-11 16:05,1546
2019-10-11 16:10,1602
2019-10-11 16:15,1635
2019-10-11 16:20,1710
2019-10-11 16:25,1737
2019-10-11 16:30,1756
2019-10-11 16:35,1801
2019-10-11 16:40,1835
2019-10-11 16:45,1846
2019-10-11 16:50,1861
2019-10-11 16:55,1895
2019-10-11 17:00,1923
2019-10-11 17:05,1961
2019-10-11 17:10,1970
2019-10-11 17:15,1997
2019-10-11 17:20,1999
2019-10-11 17:25,2007
2019-10-11 17:30,1993
2019-10-11 17:35,2018
2019-10-11 17:40,1996
2019-10-11 17:45,0
2019-10-11 17:50,2048
2019-10-11 17:55,2052
2019-10-11 18:00,2050
2019-10-11 18:05,2055
2019-10-11 18:10,2063
2019-10-11 18:15,2060
2019-10-11 18:20,2050
2019-10-11 18:25,2054
2019-10-11 18:30,2066
2019-10-11 18:35,2078
2019-10-11 18:40,2093
2019-10-11 18:45,2111
2019-10-11 18:50,2106
2019-10-11 18:55,2123
2019-10-11 19:00,2116
2019-10-11 19:05,2105
2019-10-11 19:10,2097
2019-10-11 19:15,2110
2019-10-11 19:20,2096
2019-10-11 19:25,2085
2019-10-11 19:30,2088
2019-10-11 19:35,2085
2019-10-11 19:40,2082
2019-10-11 19:45,2067
2019-10-11 19:50,2057
2019-10-11 19:55,2062
2019-10-11 20:00,2055
2019-10-11 20:05,2062
2019-10-11 20:10,2060
2019-10-11 20:15,2050
2019-10-11 20:20,2041
2019-10-11 20:25,2034
2019-10-11 20:30,2038
2019-10-11 20:35,2041
2019-10-11 20:40,2007
2019-10-11 20:45,1985
2019-10-11 20:50,1981
2019-10-11 20:55,1960
2019-10-11 21:00,1932
2019-10-11 21:05,1906
2019-10-11 21:10,1880
2019-10-11 21:15,1868
2019-10-11 21:20,1856
2019-10-11 21:25,1835
2019-10-11 21:30,1834
2019-10-11 21:35,1822
2019-10-11 21:40,1829
2019-10-11 21:45,1804
2019-10-11 21:50,1793
2019-10-11 21:55,1753
2019-10-11 22:00,1732
2019-10-11 22:05,1744
2019-10-11 22:10,1712
2019-10-11 22:15,1686
2019-10-11 22:20,1683
2019-10-11 22:25,1662
2019-10-11 22:30,1646
2019-10-11 22:35,1614
2019-10-11 22:40,1582
2019-10-11 22:45,1565
2019-10-11 22:50,1538
2019-10-11 22:55,1532
2019-10-11 23:00,1499
2019-10-11 23:05,1508
2019-10-11 23:10,1512
2019-10-11 23:15,1514
2019-10-11 23:20,1528
2019-10-11 23:25,1530
2019-10-11 23:30,1498
2019-10-11 23:35,1478
2019-10-11 23:40,1486
2019-10-11 23:45,1446
2019-10-11 23:50,1437
2019-10-11 23:55,1432
2019-10-12 00:00,1410
2019-10-12 00:05,1383
2019-10-12 00:10,1370
2019-10-12 00:15,1352
2019-10-12 00:20,1339
2019-10-12 00:25,1347
2019-10-12 00:30,1334
2019-10-12 00:35,1337
2019-10-12 00:40,1313
2019-10-12 00:45,1305
2019-10-12 00:50,1305
2019-10-12 00:55,1304
2019-10-12 01:00,1292
2019-10-12 01:05,1287
2019-10-12 01:10,1300
2019-10-12 01:15,1312
2019-10-12 01:20,1306
2019-10-12 01:25,1291
2019-10-12 01:30,1300
2019-10-12 01:35,1305
2019-10-12 01:40,1305
2019-10-12 01:45,1303
2019-10-12 01:50,1296
2019-10-12 01:55,1278
2019-10-12 02:00,1281
2019-10-12 02:05,1278
2019-10-12 02:10,1298
2019-10-12 02:15,1294
2019-10-12 02:20,1284
2019-10-12 02:25,1278
2019-10-12 02:30,1276
2019-10-12 02:35,1282
2019-10-12 02:40,1286
2019-10-12 02:45,1290
2019-10-12 02:50,1286
2019-10-12 02:55,1277
2019-10-12 03:00,1246
2019-10-12 03:05,1249
2019-10-12 03:10,1225
2019-10-12 03:15,1227
2019-10-12 03:20,1217
2019-10-12 03:25,1218
2019-10-12 03:30,1216
2019-10-12 03:35,1199
2019-10-12 03:40,1200
2019-10-12 03:45,1199
2019-10-12 03:50,1169
2019-10-12 03:55,1161
2019-10-12 04:00,1143
2019-10-12 04:05,1121
2019-10-12 04:10,1107
2019-10-12 04:15,1122
2019-10-12 04:20,1113
2019-10-12 04:25,1114
2019-10-12 04:30,1123
2019-10-12 04:35,1096
2019-10-12 04:40,1084
2019-10-12 04:45,1071
2019-10-12 04:50,1064
2019-10-12 04:55,1061
2019-10-12 05:00,1072
2019-10-12 05:05,1045
2019-10-12 05:10,1042
2019-10-12 05:15,1032
2019-10-12 05:20,1034
2019-10-12 05:25,1021
2019-10-12 05:30,1031
2019-10-12 05:35,1037
2019-10-12 05:40,1037
2019-10-12 05:45,1040
2019-10-12 05:50,1047
2019-10-12 05:55,1041
2019-10-12 06:00,1051
2019-10-12 06:05,1058
2019-10-12 06:10,1058
2019-10-12 06:15,1080
2019-10-12 06:20,1076
2019-10-12 06:25,1064
2019-10-12 06:30,1060
2019-10-12 06:35,1060
2019-10-12 06:40,1064
2019-10-12 06:45,1059
2019-10-12 06:50,1072
2019-10-12 06:55,1065
2019-10-12 07:00,1098
2019-10-12 07:05,1104
2019-10-12 07:10,1128
2019-10-12 07:15,1141
2019-10-12 07:20,1142
2019-10-12 07:25,1165
2019-10-12 07:30,1185
2019-10-12 07:35,1186
2019-10-12 07:40,1183
2019-10-12 07:45,1191
2019-10-12 07:50,1205
2019-10-12 07:55,1211
2019-10-12 08:00,1204
2019-10-12 08:05,1204
2019-10-12 08:10,1209
2019-10-12 08:15,1206
2019-10-12 08:20,1217
2019-10-12 08:25,1219
2019-10-12 08:30,1241
2019-10-12 08:35,1247
2019-10-12 08:40,1256
2019-10-12 08:45,1274
2019-10-12 08:50,1268
2019-10-12 08:55,1274
2019-10-12 09:00,1276
2019-10-12 09:05,1286
2019-10-12 09:10,1323
2019-10-12 09:15,1321
2019-10-12 09:20,1330
2019-10-12 09:25,1327
2019-10-12 09:30,1332
2019-10-12 09:35,1322
2019-10-12 09:40,1340
2019-10-12 09:45,1340
2019-10-12 09:50,1366
2019-10-12 09:55,1378
2019-10-12 10:00,1393
2019-10-12 10:05,1403
2019-10-12 10:10,1464
2019-10-12 10:15,1465
2019-10-12 10:20,1486
2019-10-12 10:25,1487
2019-10-12 10:30,1486
2019-10-12 10:35,1472
2019-10-12 10:40,1471
2019-10-12 10:45,1476
2019-10-12 10:50,1487
2019-10-12 10:55,1511
2019-10-12 11:00,1529
2019-10-12 11:05,1528
2019-10-12 11:10,1531
2019-10-12 11:15,1546
2019-10-12 11:20,1541
2019-10-12 11:25,1548
2019-10-12 11:30,1550
2019-10-12 11:35,1572
2019-10-12 11:40,1584
2019-10-12 11:45,1600
2019-10-12 11:50,1591
2019-10-12 11:55,1609
2019-10-12 12:00,1611
2019-10-12 12:05,1614
2019-10-12 12:10,1622
2019-10-12 12:15,1654
2019-10-12 12:20,1677
2019-10-12 12:25,1677
2019-10-12 12:30,1695
2019-10-12 12:35,1719
2019-10-12 12:40,1735
2019-10-12 12:45,1749
2019-10-12 12:50,1739
2019-10-12 12:55,1749
2019-10-12 13:00,1764
2019-10-12 13:05,1777
2019-10-12 13:10,1795
2019-10-12 13:15,1807
2019-10-12 13:20,1807
2019-10-12 13:25,1809
2019-10-12 13:30,1827
2019-10-12 13:35,1848
2019-10-12 13:40,1886
2019-10-12 13:45,1883
2019-10-12 13:50,1889
2019-10-12 13:55,1905
2019-10-12 14:00,1910
2019-10-12 14:05,1901
2019-10-12 14:10,1916
2019-10-12 14:15,1905
2019-10-12 14:20,1918
2019-10-12 14:25,1936
2019-10-12 14:30,1932
2019-10-12 14:35,1960
2019-10-12 14:40,1987
2019-10-12 14:45,2004
2019-10-12 14:50,1992
2019-10-12 14:55,1997
2019-10-12 15:00,2006
2019-10-12 15:05,2020
2019-10-12 15:10,2015
2019-10-12 15:15,2039
2019-10-12 15:20,2038
2019-10-12 15:25,2058
2019-10-12 15:30,2043
2019-10-12 15:35,2071
2019-10-12 15:40,2091
2019-10-12 15:45,2094
2019-10-12 15:50,2088
2019-10-12 15:55,2107
2019-10-12 16:00,2125
2019-10-12 16:05,2125
2019-10-12 16:10,2115
2019-10-12 16:15,2132
2019-10-12 16:20,2138
2019-10-12 16:25,2133
2019-10-12 16:30,2157
2019-10-12 16:35,2148
2019-10-12 16:40,2158
2019-10-12 16:45,2143
2019-10-12 16:50,2169
2019-10-12 16:55,2175
2019-10-12 17:00,2191
2019-10-12 17:05,2187
2019-10-12 17:10,2185
2019-10-12 17:15,2184
2019-10-12 17:20,2198
2019-10-12 17:25,2194
2019-10-12 17:30,2205
2019-10-12 17:35,2208
2019-10-12 17:40,2201
2019-10-12 17:45,2208
2019-10-12 17:50,2200
2019-10-12 17:55,2195
2019-10-12 18:00,2184
2019-10-12 18:05,2205
2019-10-12 18:10,2206
2019-10-12 18:15,2252
2019-10-12 18:20,2248
2019-10-12 18:25,2242
2019-10-12 18:30,2265
2019-10-12 18:35,2267
2019-10-12 18:40,2280
2019-10-12 18:45,2253
2019-10-12 18:50,2253
2019-10-12 18:55,2262
2019-10-12 19:00,2290
2019-10-12 19:05,2269
2019-10-12 19:10,2270
2019-10-12 19:15,2257
2019-10-12 19:20,2225
2019-10-12 19:25,2219
2019-10-12 19:30,2217
2019-10-12 19:35,2220
2019-10-12 19:40,2222
2019-10-12 19:45,2219
2019-10-12 19:50,2212
2019-10-12 19:55,2206
2019-10-12 20:00,2188
2019-10-12 20:05,2182
2019-10-12 20:10,2181
2019-10-12 20:15,2184
2019-10-12 20:20,2183
2019-10-12 20:25,2186
2019-10-12 20:30,2163
2019-10-12 20:35,2157
2019-10-12 20:40,2148
2019-10-12 20:45,2152
2019-10-12 20:50,2136
2019-10-12 20:55,2105
2019-10-12 21:00,2068
2019-10-12 21:05,2068
2019-10-12 21:10,2067
2019-10-12 21:15,2051
2019-10-12 21:20,2035
2019-10-12 21:25,2048
2019-10-12 21:30,2026
2019-10-12 21:35,2032
2019-10-12 21:40,1998
2019-10-12 21:45,1963
2019-10-12 21:50,1936
2019-10-12 21:55,1933
2019-10-12 22:00,1917
2019-10-12 22:05,1888
2019-10-12 22:10,1844
2019-10-12 22:15,1818
2019-10-12 22:20,1786
2019-10-12 22:25,1787
2019-10-12 22:30,1768
2019-10-12 22:35,1739
2019-10-12 22:40,1701
2019-10-12 22:45,1683
2019-10-12 22:50,1668
2019-10-12 22:55,1675
2019-10-12 23:00,1631
2019-10-12 23:05,1612
2019-10-12 23:10,1599
2019-10-12 23:15,1595
2019-10-12 23:20,1581
2019-10-12 23:25,1571
2019-10-12 23:30,1575
2019-10-12 23:35,1561
2019-10-12 23:40,1551
2019-10-12 23:45,1562
2019-10-12 23:50,1544
2019-10-12 23:55,1520
2019-10-13 00:00,1493
2019-10-13 00:05,1485
2019-10-13 00:10,1477
2019-10-13 00:15,1472
2019-10-13 00:20,1458
2019-10-13 00:25,1437
2019-10-13 00:30,1444
2019-10-13 00:35,1429
2019-10-13 00:40,1405
2019-10-13 00:45,1386
2019-10-13 00:50,1374
2019-10-13 00:55,1387
2019-10-13 01:00,1383
2019-10-13 01:05,1364
2019-10-13 01:10,1371
2019-10-13 01:15,1374
2019-10-13 01:20,1360
2019-10-13 01:25,1363
2019-10-13 01:30,1344
2019-10-13 01:35,1342
2019-10-13 01:40,1348
2019-10-13 01:45,1325
2019-10-13 01:50,1338
2019-10-13 01:55,1336
2019-10-13 02:00,1332
2019-10-13 02:05,1331
2019-10-13 02:10,1335
2019-10-13 02:15,1313
2019-10-13 02:20,1314
2019-10-13 02:25,1304
2019-10-13 02:30,1299
2019-10-13 02:35,1291
2019-10-13 02:40,1291
2019-10-13 02:45,1281
2019-10-13 02:50,1281
2019-10-13 02:55,1265
2019-10-13 03:00,1263
2019-10-13 03:05,1257
2019-10-13 03:10,1265
2019-10-13 03:15,1251
2019-10-13 03:20,1247
2019-10-13 03:25,1241
2019-10-13 03:30,1235
2019-10-13 03:35,1237
2019-10-13 03:40,1228
2019-10-13 03:45,1244
2019-10-13 03:50,1238
2019-10-13 03:55,1235
2019-10-13 04:00,1213
2019-10-13 04:05,1202
2019-10-13 04:10,1209
2019-10-13 04:15,1214
2019-10-13 04:20,1199
2019-10-13 04:25,1187
2019-10-13 04:30,1189
2019-10-13 04:35,1192
2019-10-13 04:40,1183
2019-10-13 04:45,1176
2019-10-13 04:50,1170
2019-10-13 04:55,1168
2019-10-13 05:00,1163
2019-10-13 05:05,1149
2019-10-13 05:10,1130
2019-10-13 05:15,1128
2019-10-13 05:20,1122
2019-10-13 05:25,1122
2019-10-13 05:30,1109
2019-10-13 05:35,1101
2019-10-13 05:40,1090
2019-10-13 05:45,1087
2019-10-13 05:50,1079
2019-10-13 05:55,1086
2019-10-13 06:00,1095
2019-10-13 06:05,1090
2019-10-13 06:10,1091
2019-10-13 06:15,1082
2019-10-13 06:20,1078
2019-10-13 06:25,1095
2019-10-13 06:30,1103
2019-10-13 06:35,1125
2019-10-13 06:40,1138
2019-10-13 06:45,1152
2019-10-13 06:50,1163
2019-10-13 06:55,1180
2019-10-13 07:00,1190
2019-10-13 07:05,1181
2019-10-13 07:10,1190
2019-10-13 07:15,1183
2019-10-13 07:20,1191
2019-10-13 07:25,1209
2019-10-13 07:30,1216
2019-10-13 07:35,1229
2019-10-13 07:40,1228
2019-10-13 07:45,1252
2019-10-13 07:50,1266
2019-10-13 07:55,1262
2019-10-13 08:00,1252
2019-10-13 08:05,1251
2019-10-13 08:10,1256
2019-10-13 08:15,1251
2019-10-13 08:20,1266
2019-10-13 08:25,1288
2019-10-13 08:30,1287
2019-10-13 08:35,1294
2019-10-13 08:40,1302
2019-10-13 08:45,1309
2019-10-13 08:50,1326
2019-10-13 08:55,1345
2019-10-13 09:00,1358
2019-10-13 09:05,1404
2019-10-13 09:10,1431
2019-10-13 09:15,1441
2019-10-13 09:20,1480
2019-10-13 09:25,1488
2019-10-13 09:30,1502
2019-10-13 09:35,1515
2019-10-13 09:40,1531
2019-10-13 09:45,1539
2019-10-13 09:50,1545
2019-10-13 09:55,1559
2019-10-13 10:00,1561
2019-10-13 10:05,1588
2019-10-13 10:10,1611
2019-10-13 10:15,1629
2019-10-13 10:20,1636
2019-10-13 10:25,1643
2019-10-13 10:30,1656
2019-10-13 10:35,1669
2019-10-13 10:40,1678
2019-10-13 10:45,1689
2019-10-13 10:50,1684
2019-10-13 10:55,1676
2019-10-13 11:00,1675
2019-10-13 11:05,1689
2019-10-13 11:10,1702
2019-10-13 11:15,1708
2019-10-13 11:20,1733
2019-10-13 11:25,1742
2019-10-13 11:30,1762
2019-10-13 11:35,1774
2019-10-13 11:40,1780
2019-10-13 11:45,1800
2019-10-13 11:50,1785
2019-10-13 11:55,1801
2019-10-13 12:00,1824
2019-10-13 12:05,1849
2019-10-13 12:10,1868
2019-10-13 12:15,1890
2019-10-13 12:20,1906
2019-10-13 12:25,1888
2019-10-13 12:30,1898
2019-10-13 12:35,1897
2019-10-13 12:40,1892
2019-10-13 12:45,1909
2019-10-13 12:50,1894
2019-10-13 12:55,1916
2019-10-13 13:00,1903
2019-10-13 13:05,1903
2019-10-13 13:10,1922
2019-10-13 13:15,1933
2019-10-13 13:20,1953
2019-10-13 13:25,1975
2019-10-13 13:30,1977
2019-10-13 13:35,2014
2019-10-13 13:40,2030
2019-10-13 13:45,2065
2019-10-13 13:50,2088
2019-10-13 13:55,2098
2019-10-13 14:00,2110
2019-10-13 14:05,2128
2019-10-13 14:10,2128
2019-10-13 14:15,2156
2019-10-13 14:20,2172
2019-10-13 14:25,2203
2019-10-13 14:30,2212
2019-10-13 14:35,2222
2019-10-13 14:40,2230
2019-10-13 14:45,2220
2019-10-13 14:50,2209
2019-10-13 14:55,2241
2019-10-13 15:00,2237
2019-10-13 15:05,2238
2019-10-13 15:10,2236
2019-10-13 15:15,2253
2019-10-13 15:20,2255
2019-10-13 15:25,2262
2019-10-13 15:30,2267
2019-10-13 15:35,2283
2019-10-13 15:40,2292
2019-10-13 15:45,2273
2019-10-13 15:50,2291
2019-10-13 15:55,2284
2019-10-13 16:00,2304
2019-10-13 16:05,2316
2019-10-13 16:10,2323
2019-10-13 16:15,2332
2019-10-13 16:20,2341
2019-10-13 16:25,2322
2019-10-13 16:30,2345
2019-10-13 16:35,2338
2019-10-13 16:40,2351
2019-10-13 16:45,2350
2019-10-13 16:50,2331
2019-10-13 16:55,2320
2019-10-13 17:00,2340
2019-10-13 17:05,2336
2019-10-13 17:10,2344
2019-10-13 17:15,2348
2019-10-13 17:20,2358
2019-10-13 17:25,2352
2019-10-13 17:30,2378
2019-10-13 17:35,2396
2019-10-13 17:40,2394
2019-10-13 17:45,2390
2019-10-13 17:50,2397
2019-10-13 17:55,2415
2019-10-13 18:00,2391
2019-10-13 18:05,2397
2019-10-13 18:10,2413
2019-10-13 18:15,2368
2019-10-13 18:20,2385
2019-10-13 18:25,2364
2019-10-13 18:30,2363
2019-10-13 18:35,2367
2019-10-13 18:40,2378
2019-10-13 18:45,2385
2019-10-13 18:50,2395
2019-10-13 18:55,2394
2019-10-13 19:00,2389
2019-10-13 19:05,2399
2019-10-13 19:10,2397
2019-10-13 19:15,2365
2019-10-13 19:20,2382
2019-10-13 19:25,2390
2019-10-13 19:30,2386
2019-10-13 19:35,2369
2019-10-13 19:40,2363
2019-10-13 19:45,2367
2019-10-13 19:50,2361
2019-10-13 19:55,2363
2019-10-13 20:00,2344
2019-10-13 20:05,2291
2019-10-13 20:10,2308
2019-10-13 20:15,2290
2019-10-13 20:20,2269
2019-10-13 20:25,2246
2019-10-13 20:30,2238
2019-10-13 20:35,2179
2019-10-13 20:40,2159
2019-10-13 20:45,2110
2019-10-13 20:50,2099
2019-10-13 20:55,2055
2019-10-13 21:00,2030
2019-10-13 21:05,2018
2019-10-13 21:10,1998
2019-10-13 21:15,1981
2019-10-13 21:20,1963
2019-10-13 21:25,1934
2019-10-13 21:30,1919
2019-10-13 21:35,1890
2019-10-13 21:40,1887
2019-10-13 21:45,1868
2019-10-13 21:50,1843
2019-10-13 21:55,1829
2019-10-13 22:00,1794
2019-10-13 22:05,1776
2019-10-13 22:10,1741
2019-10-13 22:15,1734
2019-10-13 22:20,1732
2019-10-13 22:25,1717
2019-10-13 22:30,1695
2019-10-13 22:35,1672
2019-10-13 22:40,1639
2019-10-13 22:45,1631
2019-10-13 22:50,1612
2019-10-13 22:55,1613
2019-10-13 23:00,1591
2019-10-13 23:05,1569
2019-10-13 23:10,1554
2019-10-13 23:15,1522
2019-10-13 23:20,1517
2019-10-13 23:25,1497
2019-10-13 23:30,1495
2019-10-13 23:35,1481
2019-10-13 23:40,1481
2019-10-13 23:45,1460
2019-10-13 23:50,1455
2019-10-13 23:55,1426
2019-10-14 00:00,1410
2019-10-14 00:05,1413
2019-10-14 00:10,1419
2019-10-14 00:15,1402
2019-10-14 00:20,1406
2019-10-14 00:25,1396
2019-10-14 00:30,1389
2019-10-14 00:35,1365
2019-10-14 00:40,1349
2019-10-14 00:45,1326
2019-10-14 00:50,1317
2019-10-14 00:55,1312
2019-10-14 01:00,1320
2019-10-14 01:05,1312
2019-10-14 01:10,1319
2019-10-14 01:15,1308
2019-10-14 01:20,1300
2019-10-14 01:25,1291
2019-10-14 01:30,1303
2019-10-14 01:35,1300
2019-10-14 01:40,1283
2019-10-14 01:45,1274
2019-10-14 01:50,1265
2019-10-14 01:55,1260
2019-10-14 02:00,1262
2019-10-14 02:05,1257
2019-10-14 02:10,1253
2019-10-14 02:15,1260
2019-10-14 02:20,1260
2019-10-14 02:25,1234
2019-10-14 02:30,1217
2019-10-14 02:35,1203
2019-10-14 02:40,1181
2019-10-14 02:45,1162
2019-10-14 02:50,1165
2019-10-14 02:55,1155
2019-10-14 03:00,1159
2019-10-14 03:05,1148
2019-10-14 03:10,1132
2019-10-14 03:15,1124
2019-10-14 03:20,1116
2019-10-14 03:25,1113
2019-10-14 03:30,1106
2019-10-14 03:35,1088
2019-10-14 03:40,1075
2019-10-14 03:45,1077
2019-10-14 03:50,1061
2019-10-14 03:55,1057
2019-10-14 04:00,1057
2019-10-14 04:05,1034
2019-10-14 04:10,1018
2019-10-14 04:15,1007
2019-10-14 04:20,993
2019-10-14 04:25,975
2019-10-14 04:30,980
2019-10-14 04:35,984
2019-10-14 04:40,976
2019-10-14 04:45,969
2019-10-14 04:50,964
2019-10-14 04:55,953
2019-10-14 05:00,936
2019-10-14 05:05,926
2019-10-14 05:10,925
2019-10-14 05:15,912
2019-10-14 05:20,916
2019-10-14 05:25,910
2019-10-14 05:30,905
2019-10-14 05:35,901
2019-10-14 05:40,902
2019-10-14 05:45,890
2019-10-14 05:50,889
2019-10-14 05:55,886
2019-10-14 06:00,873
2019-10-14 06:05,872
2019-10-14 06:10,863
2019-10-14 06:15,861
2019-10-14 06:20,845
2019-10-14 06:25,838
2019-10-14 06:30,843
2019-10-14 06:35,863
2019-10-14 06:40,862
2019-10-14 06:45,858
2019-10-14 06:50,856
2019-10-14 06:55,864
2019-10-14 07:00,870
2019-10-14 07:05,864
2019-10-14 07:10,877
2019-10-14 07:15,886
2019-10-14 07:20,890
2019-10-14 07:25,876
2019-10-14 07:30,888
2019-10-14 07:35,889
2019-10-14 07:40,896
2019-10-14 07:45,902
2019-10-14 07:50,917
2019-10-14 07:55,928
2019-10-14 08:00,918
2019-10-14 08:05,920
2019-10-14 08:10,933
2019-10-14 08:15,956
2019-10-14 08:20,956
2019-10-14 08:25,945
2019-10-14 08:30,948
2019-10-14 08:35,955
2019-10-14 08:40,952
2019-10-14 08:45,945
2019-10-14 08:50,959
2019-10-14 08:55,955
2019-10-14 09:00,969
2019-10-14 09:05,987
2019-10-14 09:10,984
2019-10-14 09:15,996
2019-10-14 09:20,994
2019-10-14 09:25,1009
2019-10-14 09:30,1042
2019-10-14 09:35,1057
2019-10-14 09:40,1064
2019-10-14 09:45,1072
2019-10-14 09:50,1062
2019-10-14 09:55,1071
2019-10-14 10:00,1076
2019-10-14 10:05,1095
2019-10-14 10:10,1119
2019-10-14 10:15,1138
2019-10-14 10:20,1138
2019-10-14 10:25,1152
2019-10-14 10:30,1163
2019-10-14 10:35,1163
2019-10-14 10:40,1183
2019-10-14 10:45,1198
2019-10-14 10:50,1190
2019-10-14 10:55,1201
2019-10-14 11:00,1210
2019-10-14 11:05,1225
2019-10-14 11:10,1225
2019-10-14 11:15,1233
2019-10-14 11:20,1248
2019-10-14 11:25,1251
2019-10-14 11:30,1254
2019-10-14 11:35,1255
2019-10-14 11:40,1270
2019-10-14 11:45,1280
2019-10-14 11:50,1286
2019-10-14 11:55,1284
2019-10-14 12:00,1303
2019-10-14 12:05,1300
2019-10-14 12:10,1311
2019-10-14 12:15,1326
2019-10-14 12:20,1341
2019-10-14 12:25,1350
2019-10-14 12:30,1373
2019-10-14 12:35,1400
2019-10-14 12:40,1396
2019-10-14 12:45,1399
2019-10-14 12:50,1404
2019-10-14 12:55,1422
2019-10-14 13:00,1430
2019-10-14 13:05,1434
2019-10-14 13:10,1436
2019-10-14 13:15,1452
2019-10-14 13:20,1478
2019-10-14 13:25,1475
2019-10-14 13:30,1505
2019-10-14 13:35,1517
2019-10-14 13:40,1509
2019-10-14 13:45,1522
2019-10-14 13:50,1529
2019-10-14 13:55,1541
2019-10-14 14:00,1549
2019-10-14 14:05,1559
2019-10-14 14:10,1566
2019-10-14 14:15,1600
2019-10-14 14:20,1613
2019-10-14 14:25,1635
2019-10-14 14:30,1647
2019-10-14 14:35,1658
2019-10-14 14:40,1643
2019-10-14 14:45,1662
2019-10-14 14:50,1692
2019-10-14 14:55,1705
2019-10-14 15:00,1713
2019-10-14 15:05,1723
2019-10-14 15:10,1742
2019-10-14 15:15,1764
2019-10-14 15:20,1793
2019-10-14 15:25,1806
2019-10-14 15:30,1834
2019-10-14 15:35,1864
2019-10-14 15:40,1871
2019-10-14 15:45,1882
2019-10-14 15:50,1885
2019-10-14 15:55,1896
2019-10-14 16:00,1913
2019-10-14 16:05,1944
2019-10-14 16:10,1960
2019-10-14 16:15,1987
2019-10-14 16:20,2018
2019-10-14 16:25,2049
2019-10-14 16:30,2056
2019-10-14 16:35,2063
2019-10-14 16:40,2073
2019-10-14 16:45,2073
2019-10-14 16:50,2084
2019-10-14 16:55,2102
2019-10-14 17:00,2120
2019-10-14 17:05,2139
2019-10-14 17:10,2134
2019-10-14 17:15,2152
2019-10-14 17:20,2176
2019-10-14 17:25,2189
2019-10-14 17:30,2211
2019-10-14 17:35,2216
2019-10-14 17:40,2199
2019-10-14 17:45,2209
2019-10-14 17:50,2237
2019-10-14 17:55,2249
2019-10-14 18:00,2266
2019-10-14 18:05,2256
2019-10-14 18:10,2284
2019-10-14 18:15,2265
2019-10-14 18:20,2254
2019-10-14 18:25,2252
2019-10-14 18:30,2244
2019-10-14 18:35,2223
2019-10-14 18:40,2219
2019-10-14 18:45,2212
2019-10-14 18:50,2199
2019-10-14 18:55,2205
2019-10-14 19:00,2218
2019-10-14 19:05,2208
2019-10-14 19:10,2229
2019-10-14 19:15,2208
2019-10-14 19:20,2199
2019-10-14 19:25,2208
2019-10-14 19:30,2178
2019-10-14 19:35,2210
2019-10-14 19:40,2190
2019-10-14 19:45,2162
2019-10-14 19:50,2161
2019-10-14 19:55,2169
2019-10-14 20:00,2161
2019-10-14 20:05,2142
2019-10-14 20:10,1140
2019-10-14 20:15,1876
2019-10-14 20:20,2104
2019-10-14 20:25,2073
2019-10-14 20:30,2034
2019-10-14 20:35,2013
2019-10-14 20:40,1991
2019-10-14 20:45,1189
2019-10-14 20:50,1896
2019-10-14 20:55,1931
2019-10-14 21:00,1885
2019-10-14 21:05,1880
2019-10-14 21:10,1857
2019-10-14 21:15,1805
2019-10-14 21:20,1789
2019-10-14 21:25,1761
2019-10-14 21:30,1745
2019-10-14 21:35,1722
2019-10-14 21:40,1705
2019-10-14 21:45,1687
2019-10-14 21:50,1672
2019-10-14 21:55,1653
2019-10-14 22:00,1643
2019-10-14 22:05,1621
2019-10-14 22:10,1614
2019-10-14 22:15,1590
2019-10-14 22:20,1552
2019-10-14 22:25,1541
2019-10-14 22:30,1525
2019-10-14 22:35,1525
2019-10-14 22:40,1528
2019-10-14 22:45,1513
2019-10-14 22:50,1488
2019-10-14 22:55,1484
2019-10-14 23:00,1471
2019-10-14 23:05,1472
2019-10-14 23:10,1473
2019-10-14 23:15,1466
2019-10-14 23:20,1450
2019-10-14 23:25,1430
2019-10-14 23:30,1428
2019-10-14 23:35,1279
2019-10-14 23:40,1412
2019-10-14 23:45,1403
2019-10-14 23:50,1396
2019-10-14 23:55,1381
2019-10-15 00:00,1374
2019-10-15 00:05,1367
2019-10-15 00:10,1360
2019-10-15 00:15,1349
2019-10-15 00:20,1320
2019-10-15 00:25,1320
2019-10-15 00:30,1327
2019-10-15 00:35,1316
2019-10-15 00:40,1305
2019-10-15 00:45,1295
2019-10-15 00:50,1282
2019-10-15 00:55,1272
2019-10-15 01:00,1273
2019-10-15 01:05,1265
2019-10-15 01:10,1273
2019-10-15 01:15,1291
2019-10-15 01:20,1294
2019-10-15 01:25,1297
2019-10-15 01:30,1280
2019-10-15 01:35,1270
2019-10-15 01:40,1269
2019-10-15 01:45,1262
2019-10-15 01:50,1258
2019-10-15 01:55,1240
2019-10-15 02:00,1228
2019-10-15 02:05,1214
2019-10-15 02:10,1214
2019-10-15 02:15,1181
2019-10-15 02:20,1155
2019-10-15 02:25,1131
2019-10-15 02:30,1127
2019-10-15 02:35,1115
2019-10-15 02:40,1097
2019-10-15 02:45,1089
2019-10-15 02:50,1083
2019-10-15 02:55,1062
2019-10-15 03:00,1048
2019-10-15 03:05,1049
2019-10-15 03:10,1029
2019-10-15 03:15,1027
2019-10-15 03:20,1031
2019-10-15 03:25,1023
2019-10-15 03:30,1014
2019-10-15 03:35,989
2019-10-15 03:40,980
2019-10-15 03:45,972
2019-10-15 03:50,952
2019-10-15 03:55,961
2019-10-15 04:00,944
2019-10-15 04:05,943
2019-10-15 04:10,949
2019-10-15 04:15,952
2019-10-15 04:20,918
2019-10-15 04:25,913
2019-10-15 04:30,907
2019-10-15 04:35,905
2019-10-15 04:40,920
2019-10-15 04:45,917
2019-10-15 04:50,910
2019-10-15 04:55,901
2019-10-15 05:00,902
2019-10-15 05:05,885
2019-10-15 05:10,882
2019-10-15 05:15,887
2019-10-15 05:20,851
2019-10-15 05:25,858
2019-10-15 05:30,855
2019-10-15 05:35,839
2019-10-15 05:40,843
2019-10-15 05:45,836
2019-10-15 05:50,836
2019-10-15 05:55,838
2019-10-15 06:00,841
2019-10-15 06:05,838
2019-10-15 06:10,825
2019-10-15 06:15,820
2019-10-15 06:20,804
2019-10-15 06:25,806
2019-10-15 06:30,805
2019-10-15 06:35,796
2019-10-15 06:40,813
2019-10-15 06:45,805
2019-10-15 06:50,797
2019-10-15 06:55,808
2019-10-15 07:00,802
2019-10-15 07:05,814
2019-10-15 07:10,814
2019-10-15 07:15,815
2019-10-15 07:20,816
2019-10-15 07:25,842
2019-10-15 07:30,838
2019-10-15 07:35,834
2019-10-15 07:40,831
2019-10-15 07:45,851
2019-10-15 07:50,855
2019-10-15 07:55,871
2019-10-15 08:00,874
2019-10-15 08:05,887
2019-10-15 08:10,886
2019-10-15 08:15,876
2019-10-15 08:20,883
2019-10-15 08:25,876
2019-10-15 08:30,887
2019-10-15 08:35,897
2019-10-15 08:40,906
2019-10-15 08:45,924
2019-10-15 08:50,926
2019-10-15 08:55,928
2019-10-15 09:00,917
2019-10-15 09:05,918
2019-10-15 09:10,922
2019-10-15 09:15,918
2019-10-15 09:20,933
2019-10-15 09:25,959
2019-10-15 09:30,962
2019-10-15 09:35,964
2019-10-15 09:40,959
2019-10-15 09:45,963
2019-10-15 09:50,978
2019-10-15 09:55,976
2019-10-15 10:00,992
2019-10-15 10:05,1020
2019-10-15 10:10,1036
2019-10-15 10:15,1052
2019-10-15 10:20,1041
2019-10-15 10:25,1059
2019-10-15 10:30,1086
2019-10-15 10:35,
2019-10-15 10:40,
2019-10-15 10:45,1094
2019-10-15 10:50,1102
2019-10-15 10:55,1122
2019-10-15 11:00,1134
2019-10-15 11:05,1137
2019-10-15 11:10,1129
2019-10-15 11:15,1142
2019-10-15 11:20,1146
2019-10-15 11:25,1151
2019-10-15 11:30,1170
2019-10-15 11:35,1169
2019-10-15 11:40,1185
2019-10-15 11:45,1189
2019-10-15 11:50,1184
2019-10-15 11:55,1179
2019-10-15 12:00,1208
2019-10-15 12:05,1204
2019-10-15 12:10,1229
2019-10-15 12:15,1244
2019-10-15 12:20,1232
2019-10-15 12:25,1251
2019-10-15 12:30,1275
2019-10-15 12:35,1279
2019-10-15 12:40,1298
2019-10-15 12:45,1305
2019-10-15 12:50,1339
2019-10-15 12:55,1349
2019-10-15 13:00,1340
2019-10-15 13:05,1366
2019-10-15 13:10,1387
2019-10-15 13:15,1393
2019-10-15 13:20,1390
2019-10-15 13:25,1403
2019-10-15 13:30,1398
2019-10-15 13:35,1387
2019-10-15 13:40,1387
2019-10-15 13:45,1414
2019-10-15 13:50,1439
2019-10-15 13:55,1449
2019-10-15 14:00,1480
2019-10-15 14:05,1485
2019-10-15 14:10,1490
2019-10-15 14:15,1505
2019-10-15 14:20,1499
2019-10-15 14:25,1500
2019-10-15 14:30,1522
2019-10-15 14:35,1545
2019-10-15 14:40,1548
2019-10-15 14:45,
2019-10-15 14:50,1550
2019-10-15 14:55,1555
2019-10-15 15:00,1582
2019-10-15 15:05,1594
2019-10-15 15:10,1604
2019-10-15 15:15,1642
2019-10-15 15:20,1652
2019-10-15 15:25,1666
2019-10-15 15:30,1663
2019-10-15 15:35,1683
2019-10-15 15:40,1693
2019-10-15 15:45,1708
2019-10-15 15:50,1709
2019-10-15 15:55,1729
2019-10-15 16:00,1763
2019-10-15 16:05,1774
2019-10-15 16:10,1799
2019-10-15 16:15,1818
2019-10-15 16:20,1816
2019-10-15 16:25,1857
2019-10-15 16:30,1879
2019-10-15 16:35,1876
2019-10-15 16:40,1919
2019-10-15 16:45,1915
2019-10-15 16:50,1937
2019-10-15 16:55,1943
2019-10-15 17:00,1948
2019-10-15 17:05,1970
2019-10-15 17:10,1987
2019-10-15 17:15,2002
2019-10-15 17:20,2004
2019-10-15 17:25,2005
2019-10-15 17:30,2029
2019-10-15 17:35,2016
2019-10-15 17:40,2018
2019-10-15 17:45,2049
2019-10-15 17:50,2067
2019-10-15 17:55,2072
2019-10-15 18:00,2070
2019-10-15 18:05,2070
2019-10-15 18:10,2053
2019-10-15 18:15,2066
2019-10-15 18:20,2046
2019-10-15 18:25,2027
2019-10-15 18:30,2026
2019-10-15 18:35,2033
2019-10-15 18:40,2029
2019-10-15 18:45,2035
2019-10-15 18:50,1999
2019-10-15 18:55,2013
2019-10-15 19:00,2016
2019-10-15 19:05,2016
2019-10-15 19:10,2011
2019-10-15 19:15,2015
2019-10-15 19:20,2013
2019-10-15 19:25,2014
2019-10-15 19:30,1996
2019-10-15 19:35,1997
2019-10-15 19:40,2007
2019-10-15 19:45,2011
2019-10-15 19:50,1999
2019-10-15 19:55,1983
2019-10-15 20:00,1954
2019-10-15 20:05,1913
2019-10-15 20:10,1883
2019-10-15 20:15,1860
2019-10-15 20:20,1835
2019-10-15 20:25,1804
2019-10-15 20:30,1792
2019-10-15 20:35,1813
2019-10-15 20:40,1766
2019-10-15 20:45,1767
2019-10-15 20:50,1764
2019-10-15 20:55,1741
2019-10-15 21:00,1723
2019-10-15 21:05,1704
2019-10-15 21:10,1676
2019-10-15 21:15,1664
2019-10-15 21:20,1653
2019-10-15 21:25,1657
2019-10-15 21:30,1629
2019-10-15 21:35,1607
2019-10-15 21:40,1597
2019-10-15 21:45,1582
2019-10-15 21:50,1572
2019-10-15 21:55,1562
2019-10-15 22:00,1537
2019-10-15 22:05,1518
2019-10-15 22:10,1480
2019-10-15 22:15,1481
2019-10-15 22:20,1463
2019-10-15 22:25,1444
2019-10-15 22:30,1445
2019-10-15 22:35,1436
2019-10-15 22:40,1425
2019-10-15 22:45,1413
2019-10-15 22:50,1401
2019-10-15 22:55,1400
2019-10-15 23:00,1412
2019-10-15 23:05,1400
2019-10-15 23:10,0
2019-10-15 23:15,1071
2019-10-15 23:20,1294
2019-10-15 23:25,1352
2019-10-15 23:30,1345
2019-10-15 23:35,1330
2019-10-15 23:40,1329
2019-10-15 23:45,1313
2019-10-15 23:50,1303
2019-10-15 23:55,1301
2019-10-16 00:00,1301
2019-10-16 00:05,1317
2019-10-16 00:10,1305
2019-10-16 00:15,1312
2019-10-16 00:20,1288
2019-10-16 00:25,1275
2019-10-16 00:30,1275
2019-10-16 00:35,1266
2019-10-16 00:40,1261
2019-10-16 00:45,1257
2019-10-16 00:50,1264
2019-10-16 00:55,1258
2019-10-16 01:00,1239
2019-10-16 01:05,1225
2019-10-16 01:10,1208
2019-10-16 01:15,1211
2019-10-16 01:20,1222
2019-10-16 01:25,1225
2019-10-16 01:30,1213
2019-10-16 01:35,1207
2019-10-16 01:40,1194
2019-10-16 01:45,1190
2019-10-16 01:50,1175
2019-10-16 01:55,1177
2019-10-16 02:00,1164
2019-10-16 02:05,1143
2019-10-16 02:10,1135
2019-10-16 02:15,1139
2019-10-16 02:20,1135
2019-10-16 02:25,1120
2019-10-16 02:30,1110
2019-10-16 02:35,1118
2019-10-16 02:40,1106
2019-10-16 02:45,1107
2019-10-16 02:50,1105
2019-10-16 02:55,1102
2019-10-16 03:00,1085
2019-10-16 03:05,1070
2019-10-16 03:10,1050
2019-10-16 03:15,1039
2019-10-16 03:20,1032
2019-10-16 03:25,1020
2019-10-16 03:30,1025
2019-10-16 03:35,1024
2019-10-16 03:40,1016
2019-10-16 03:45,996
2019-10-16 03:50,978
2019-10-16 03:55,973
2019-10-16 04:00,955
2019-10-16 04:05,945
2019-10-16 04:10,928
2019-10-16 04:15,919
2019-10-16 04:20,912
2019-10-16 04:25,884
2019-10-16 04:30,894
2019-10-16 04:35,887
2019-10-16 04:40,880
2019-10-16 04:45,883
2019-10-16 04:50,878
2019-10-16 04:55,863
2019-10-16 05:00,856
2019-10-16 05:05,847
2019-10-16 05:10,831
2019-10-16 05:15,831
2019-10-16 05:20,807
2019-10-16 05:25,813
2019-10-16 05:30,805
2019-10-16 05:35,800
2019-10-16 05:40,815
2019-10-16 05:45,820
2019-10-16 05:50,803
2019-10-16 05:55,806
2019-10-16 06:00,788
2019-10-16 06:05,775
2019-10-16 06:10,761
2019-10-16 06:15,764
2019-10-16 06:20,773
2019-10-16 06:25,785
2019-10-16 06:30,789
2019-10-16 06:35,782
2019-10-16 06:40,783
2019-10-16 06:45,778
2019-10-16 06:50,774
2019-10-16 06:55,776
2019-10-16 07:00,799
2019-10-16 07:05,792
2019-10-16 07:10,793
2019-10-16 07:15,801
2019-10-16 07:20,806
2019-10-16 07:25,821
2019-10-16 07:30,826
2019-10-16 07:35,845
2019-10-16 07:40,829
2019-10-16 07:45,839
2019-10-16 07:50,835
2019-10-16 07:55,840
2019-10-16 08:00,843
2019-10-16 08:05,837
2019-10-16 08:10,846
2019-10-16 08:15,854
2019-10-16 08:20,855
2019-10-16 08:25,858
2019-10-16 08:30,853
2019-10-16 08:35,857
2019-10-16 08:40,865
2019-10-16 08:45,870
2019-10-16 08:50,880
2019-10-16 08:55,884
2019-10-16 09:00,887
2019-10-16 09:05,896
2019-10-16 09:10,905
2019-10-16 09:15,915
2019-10-16 09:20,933
2019-10-16 09:25,946
2019-10-16 09:30,966
2019-10-16 09:35,964
2019-10-16 09:40,974
2019-10-16 09:45,967
2019-10-16 09:50,976
2019-10-16 09:55,991
2019-10-16 10:00,1010
2019-10-16 10:05,1015
2019-10-16 10:10,1035
2019-10-16 10:15,1027
2019-10-16 10:20,1042
2019-10-16 10:25,1029
2019-10-16 10:30,1039
2019-10-16 10:35,1032
2019-10-16 10:40,1045
2019-10-16 10:45,1077
2019-10-16 10:50,1076
2019-10-16 10:55,1089
2019-10-16 11:00,1095
2019-10-16 11:05,1098
2019-10-16 11:10,1096
2019-10-16 11:15,1102
2019-10-16 11:20,1112
2019-10-16 11:25,1106
2019-10-16 11:30,1121
2019-10-16 11:35,1121
2019-10-16 11:40,1140
2019-10-16 11:45,1149
2019-10-16 11:50,1160
2019-10-16 11:55,1158
2019-10-16 12:00,1160
2019-10-16 12:05,1156
2019-10-16 12:10,1156
2019-10-16 12:15,1171
2019-10-16 12:20,1189
2019-10-16 12:25,1204
2019-10-16 12:30,1208
2019-10-16 12:35,1206
2019-10-16 12:40,1217
2019-10-16 12:45,1233
2019-10-16 12:50,1231
2019-10-16 12:55,1243
2019-10-16 13:00,1233
2019-10-16 13:05,1257
2019-10-16 13:10,1260
2019-10-16 13:15,1269
2019-10-16 13:20,1287
2019-10-16 13:25,1296
2019-10-16 13:30,1301
2019-10-16 13:35,1316
2019-10-16 13:40,1303
2019-10-16 13:45,1329
2019-10-16 13:50,1348
2019-10-16 13:55,1366
2019-10-16 14:00,1387
2019-10-16 14:05,1414
2019-10-16 14:10,1414
2019-10-16 14:15,1418
2019-10-16 14:20,1424
2019-10-16 14:25,1431
2019-10-16 14:30,1419
2019-10-16 14:35,1438
2019-10-16 14:40,1449
2019-10-16 14:45,1478
2019-10-16 14:50,1499
2019-10-16 14:55,1515
2019-10-16 15:00,1530
2019-10-16 15:05,1532
2019-10-16 15:10,1556
2019-10-16 15:15,1584
2019-10-16 15:20,1599
2019-10-16 15:25,1605
2019-10-16 15:30,1620
2019-10-16 15:35,1628
2019-10-16 15:40,1629
2019-10-16 15:45,1663
2019-10-16 15:50,1679
2019-10-16 15:55,1662
2019-10-16 16:00,1667
2019-10-16 16:05,1679
2019-10-16 16:10,1711
2019-10-16 16:15,1738
2019-10-16 16:20,1769
2019-10-16 16:25,1787
2019-10-16 16:30,1802
2019-10-16 16:35,1830
2019-10-16 16:40,
2019-10-16 16:45,1880
2019-10-16 16:50,1882
2019-10-16 16:55,1898
2019-10-16 17:00,1924
2019-10-16 17:05,1920
2019-10-16 17:10,1923
2019-10-16 17:15,1943
2019-10-16 17:20,1941
2019-10-16 17:25,1957
2019-10-16 17:30,1972
2019-10-16 17:35,1986
2019-10-16 17:40,1990
2019-10-16 17:45,2017
2019-10-16 17:50,2007
2019-10-16 17:55,2007
2019-10-16 18:00,2036
2019-10-16 18:05,2039
2019-10-16 18:10,2014
2019-10-16 18:15,2027
2019-10-16 18:20,2032
2019-10-16 18:25,2039
2019-10-16 18:30,2056
2019-10-16 18:35,2040
2019-10-16 18:40,2020
2019-10-16 18:45,2023
2019-10-16 18:50,2030
2019-10-16 18:55,2042
2019-10-16 19:00,2048
2019-10-16 19:05,2035
2019-10-16 19:10,2035
2019-10-16 19:15,2026
2019-10-16 19:20,2034
2019-10-16 19:25,2042
2019-10-16 19:30,2028
2019-10-16 19:35,2014
2019-10-16 19:40,1985
2019-10-16 19:45,1974
2019-10-16 19:50,1946
2019-10-16 19:55,1966
2019-10-16 20:00,1945
2019-10-16 20:05,1915
2019-10-16 20:10,1885
2019-10-16 20:15,1874
2019-10-16 20:20,1836
2019-10-16 20:25,1843
2019-10-16 20:30,1825
2019-10-16 20:35,1806
2019-10-16 20:40,1798
2019-10-16 20:45,1756
2019-10-16 20:50,1748
2019-10-16 20:55,1728
2019-10-16 21:00,1701
2019-10-16 21:05,1695
2019-10-16 21:10,1664
2019-10-16 21:15,1630
2019-10-16 21:20,1617
2019-10-16 21:25,1589
2019-10-16 21:30,1569
2019-10-16 21:35,1547
2019-10-16 21:40,1527
2019-10-16 21:45,1495
2019-10-16 21:50,1461
2019-10-16 21:55,1445
2019-10-16 22:00,1433
2019-10-16 22:05,1413
2019-10-16 22:10,1394
2019-10-16 22:15,1403
2019-10-16 22:20,1393
2019-10-16 22:25,1402
2019-10-16 22:30,1382
2019-10-16 22:35,1380
2019-10-16 22:40,1379
2019-10-16 22:45,1370
2019-10-16 22:50,1346
2019-10-16 22:55,1337
2019-10-16 23:00,1335
2019-10-16 23:05,1331
2019-10-16 23:10,1318
2019-10-16 23:15,1322
2019-10-16 23:20,1322
2019-10-16 23:25,1305
2019-10-16 23:30,1301
2019-10-16 23:35,1286
2019-10-16 23:40,1281
2019-10-16 23:45,1273
2019-10-16 23:50,1264
2019-10-16 23:55,1256
2019-10-17 00:00,1256
2019-10-17 00:05,1248
2019-10-17 00:10,1241
2019-10-17 00:15,1252
2019-10-17 00:20,1245
2019-10-17 00:25,1240
2019-10-17 00:30,1238
2019-10-17 00:35,1233
2019-10-17 00:40,1230
2019-10-17 00:45,1248
2019-10-17 00:50,1247
2019-10-17 00:55,1255
2019-10-17 01:00,1247
2019-10-17 01:05,1238
2019-10-17 01:10,1231
2019-10-17 01:15,1236
2019-10-17 01:20,1230
2019-10-17 01:25,1221
2019-10-17 01:30,1217
2019-10-17 01:35,1230
2019-10-17 01:40,1243
2019-10-17 01:45,1241
2019-10-17 01:50,1237
2019-10-17 01:55,1241
2019-10-17 02:00,1241
2019-10-17 02:05,1225
2019-10-17 02:10,1207
2019-10-17 02:15,1193
2019-10-17 02:20,1190
2019-10-17 02:25,1160
2019-10-17 02:30,1134
2019-10-17 02:35,1126
2019-10-17 02:40,1115
2019-10-17 02:45,1096
2019-10-17 02:50,1090
2019-10-17 02:55,1089
2019-10-17 03:00,1069
2019-10-17 03:05,1048
2019-10-17 03:10,1053
2019-10-17 03:15,1039
2019-10-17 03:20,1033
2019-10-17 03:25,1014
2019-10-17 03:30,993
2019-10-17 03:35,980
2019-10-17 03:40,979
2019-10-17 03:45,976
2019-10-17 03:50,969
2019-10-17 03:55,960
2019-10-17 04:00,941
2019-10-17 04:05,932
2019-10-17 04:10,915
2019-10-17 04:15,902
2019-10-17 04:20,890
2019-10-17 04:25,872
2019-10-17 04:30,868
2019-10-17 04:35,862
2019-10-17 04:40,856
2019-10-17 04:45,862
2019-10-17 04:50,840
2019-10-17 04:55,819
2019-10-17 05:00,805
2019-10-17 05:05,790
2019-10-17 05:10,791
2019-10-17 05:15,789
2019-10-17 05:20,794
2019-10-17 05:25,787
2019-10-17 05:30,779
2019-10-17 05:35,770
2019-10-17 05:40,771
2019-10-17 05:45,773
2019-10-17 05:50,777
2019-10-17 05:55,786
2019-10-17 06:00,790
2019-10-17 06:05,805
2019-10-17 06:10,803
2019-10-17 06:15,790
2019-10-17 06:20,789
2019-10-17 06:25,780
2019-10-17 06:30,772
2019-10-17 06:35,766
2019-10-17 06:40,770
2019-10-17 06:45,759
2019-10-17 06:50,756
2019-10-17 06:55,761
2019-10-17 07:00,763
2019-10-17 07:05,770
2019-10-17 07:10,766
2019-10-17 07:15,778
2019-10-17 07:20,778
2019-10-17 07:25,796
2019-10-17 07:30,796
2019-10-17 07:35,799
2019-10-17 07:40,802
2019-10-17 07:45,816
2019-10-17 07:50,814
2019-10-17 07:55,814
2019-10-17 08:00,831
2019-10-17 08:05,840
2019-10-17 08:10,844
2019-10-17 08:15,850
2019-10-17 08:20,852
2019-10-17 08:25,860
2019-10-17 08:30,864
2019-10-17 08:35,858
2019-10-17 08:40,853
2019-10-17 08:45,865
2019-10-17 08:50,876
2019-10-17 08:55,881
2019-10-17 09:00,896
2019-10-17 09:05,896
2019-10-17 09:10,902
2019-10-17 09:15,914
2019-10-17 09:20,918
2019-10-17 09:25,925
2019-10-17 09:30,933
2019-10-17 09:35,941
2019-10-17 09:40,963
2019-10-17 09:45,969
2019-10-17 09:50,978
2019-10-17 09:55,990
2019-10-17 10:00,1001
2019-10-17 10:05,1043
2019-10-17 10:10,1055
2019-10-17 10:15,1067
2019-10-17 10:20,1096
2019-10-17 10:25,1113
2019-10-17 10:30,1119
2019-10-17 10:35,1116
2019-10-17 10:40,1126
2019-10-17 10:45,1126
2019-10-17 10:50,1129
2019-10-17 10:55,1131
2019-10-17 11:00,1141
2019-10-17 11:05,1137
2019-10-17 11:10,1152
2019-10-17 11:15,1141
2019-10-17 11:20,1161
2019-10-17 11:25,1165
2019-10-17 11:30,1174
2019-10-17 11:35,1169
2019-10-17 11:40,1171
2019-10-17 11:45,1189
2019-10-17 11:50,1185
2019-10-17 11:55,1181
2019-10-17 12:00,1189
2019-10-17 12:05,1193
2019-10-17 12:10,1208
2019-10-17 12:15,1208
2019-10-17 12:20,1232
2019-10-17 12:25,1248
2019-10-17 12:30,1265
2019-10-17 12:35,1278
2019-10-17 12:40,1289
2019-10-17 12:45,1299
2019-10-17 12:50,1322
2019-10-17 12:55,1308
2019-10-17 13:00,1301
2019-10-17 13:05,1311
2019-10-17 13:10,1313
2019-10-17 13:15,1311
2019-10-17 13:20,1322
2019-10-17 13:25,1333
2019-10-17 13:30,1344
2019-10-17 13:35,1341
2019-10-17 13:40,1328
2019-10-17 13:45,1315
2019-10-17 13:50,1303
2019-10-17 13:55,1233
2019-10-17 14:00,1131
2019-10-17 14:05,779
2019-10-17 14:10,777
2019-10-17 14:15,780
2019-10-17 14:20,778
2019-10-17 14:25,781
2019-10-17 14:30,797
2019-10-17 14:35,790
2019-10-17 14:40,816
2019-10-17 14:45,828
2019-10-17 14:50,848
2019-10-17 14:55,868
2019-10-17 15:00,874
2019-10-17 15:05,864
2019-10-17 15:10,873
2019-10-17 15:15,
2019-10-17 15:20,932
2019-10-17 15:25,1011
2019-10-17 15:30,1090
2019-10-17 15:35,1156
2019-10-17 15:40,1235
2019-10-17 15:45,1296
2019-10-17 15:50,1355
2019-10-17 15:55,1409
2019-10-17 16:00,1460
2019-10-17 16:05,1529
2019-10-17 16:10,1612
2019-10-17 16:15,1652
2019-10-17 16:20,1701
2019-10-17 16:25,1734
2019-10-17 16:30,1752
2019-10-17 16:35,1775
2019-10-17 16:40,1830
2019-10-17 16:45,1866
2019-10-17 16:50,1897
2019-10-17 16:55,1923
2019-10-17 17:00,1941
2019-10-17 17:05,1980
2019-10-17 17:10,1997
2019-10-17 17:15,2046
2019-10-17 17:20,2054
2019-10-17 17:25,2068
2019-10-17 17:30,2076
2019-10-17 17:35,2084
2019-10-17 17:40,2121
2019-10-17 17:45,2126
2019-10-17 17:50,2126
2019-10-17 17:55,2116
2019-10-17 18:00,2118
2019-10-17 18:05,2109
2019-10-17 18:10,2124
2019-10-17 18:15,2142
2019-10-17 18:20,2117
2019-10-17 18:25,2137
2019-10-17 18:30,2128
2019-10-17 18:35,2138
2019-10-17 18:40,2116
2019-10-17 18:45,2131
2019-10-17 18:50,2133
2019-10-17 18:55,2134
2019-10-17 19:00,2145
2019-10-17 19:05,2143
2019-10-17 19:10,2134
2019-10-17 19:15,2112
2019-10-17 19:20,2088
2019-10-17 19:25,2070
2019-10-17 19:30,2055
2019-10-17 19:35,2031
2019-10-17 19:40,2038
2019-10-17 19:45,2004
2019-10-17 19:50,2002
2019-10-17 19:55,1974
2019-10-17 20:00,1958
2019-10-17 20:05,1934
2019-10-17 20:10,1899
2019-10-17 20:15,1889
2019-10-17 20:20,1883
2019-10-17 20:25,1869
2019-10-17 20:30,1841
2019-10-17 20:35,1817
2019-10-17 20:40,1824
2019-10-17 20:45,1792
2019-10-17 20:50,1796
2019-10-17 20:55,1777
2019-10-17 21:00,1778
2019-10-17 21:05,1742
2019-10-17 21:10,1726
2019-10-17 21:15,1699
2019-10-17 21:20,1694
2019-10-17 21:25,1690
2019-10-17 21:30,1671
2019-10-17 21:35,1639
2019-10-17 21:40,1624
2019-10-17 21:45,1595
2019-10-17 21:50,1610
2019-10-17 21:55,1573
2019-10-17 22:00,1543
2019-10-17 22:05,1522
2019-10-17 22:10,1498
2019-10-17 22:15,1524
2019-10-17 22:20,1516
2019-10-17 22:25,1514
2019-10-17 22:30,1493
2019-10-17 22:35,1487
2019-10-17 22:40,1484
2019-10-17 22:45,1462
2019-10-17 22:50,1468
2019-10-17 22:55,1465
2019-10-17 23:00,1453
2019-10-17 23:05,1449
2019-10-17 23:10,1436
2019-10-17 23:15,1450
2019-10-17 23:20,1421
2019-10-17 23:25,1399
2019-10-17 23:30,1386
2019-10-17 23:35,1381
2019-10-17 23:40,1377
2019-10-17 23:45,1364
2019-10-17 23:50,1363
2019-10-17 23:55,1363
2019-10-18 00:00,1350
2019-10-18 00:05,1294
2019-10-18 00:10,1296
2019-10-18 00:15,1288
2019-10-18 00:20,1267
2019-10-18 00:25,1279
2019-10-18 00:30,1277
2019-10-18 00:35,1271
2019-10-18 00:40,1263
2019-10-18 00:45,1266
2019-10-18 00:50,0
2019-10-18 00:55,1245
2019-10-18 01:00,1250
2019-10-18 01:05,1244
2019-10-18 01:10,1232
2019-10-18 01:15,1232
2019-10-18 01:20,1222
2019-10-18 01:25,1220
2019-10-18 01:30,1209
2019-10-18 01:35,1209
2019-10-18 01:40,1190
2019-10-18 01:45,1194
2019-10-18 01:50,1196
2019-10-18 01:55,1199
2019-10-18 02:00,1202
2019-10-18 02:05,1186
2019-10-18 02:10,1187
2019-10-18 02:15,1181
2019-10-18 02:20,1180
2019-10-18 02:25,1180
2019-10-18 02:30,1171
2019-10-18 02:35,1177
2019-10-18 02:40,1166
2019-10-18 02:45,1136
2019-10-18 02:50,1115
2019-10-18 02:55,1100
2019-10-18 03:00,1102
2019-10-18 03:05,1101
2019-10-18 03:10,1075
2019-10-18 03:15,1071
2019-10-18 03:20,1069
2019-10-18 03:25,1054
2019-10-18 03:30,1054
2019-10-18 03:35,1041
2019-10-18 03:40,1042
2019-10-18 03:45,1027
2019-10-18 03:50,1005
2019-10-18 03:55,1003
2019-10-18 04:00,983
2019-10-18 04:05,974
2019-10-18 04:10,959
2019-10-18 04:15,953
2019-10-18 04:20,960
2019-10-18 04:25,948
2019-10-18 04:30,932
2019-10-18 04:35,930
2019-10-18 04:40,927
2019-10-18 04:45,923
2019-10-18 04:50,922
2019-10-18 04:55,913
2019-10-18 05:00,898
2019-10-18 05:05,884
2019-10-18 05:10,886
2019-10-18 05:15,883
2019-10-18 05:20,881
2019-10-18 05:25,889
2019-10-18 05:30,873
2019-10-18 05:35,862
2019-10-18 05:40,860
2019-10-18 05:45,853
2019-10-18 05:50,856
2019-10-18 05:55,850
2019-10-18 06:00,859
2019-10-18 06:05,866
2019-10-18 06:10,856
2019-10-18 06:15,829
2019-10-18 06:20,819
2019-10-18 06:25,818
2019-10-18 06:30,814
2019-10-18 06:35,805
2019-10-18 06:40,805
2019-10-18 06:45,810
2019-10-18 06:50,802
2019-10-18 06:55,786
2019-10-18 07:00,793
2019-10-18 07:05,797
2019-10-18 07:10,799
2019-10-18 07:15,819
2019-10-18 07:20,817
2019-10-18 07:25,818
2019-10-18 07:30,834
2019-10-18 07:35,845
2019-10-18 07:40,859
2019-10-18 07:45,853
2019-10-18 07:50,842
2019-10-18 07:55,841
2019-10-18 08:00,851
2019-10-18 08:05,868
2019-10-18 08:10,873
2019-10-18 08:15,876
2019-10-18 08:20,887
2019-10-18 08:25,896
2019-10-18 08:30,908
2019-10-18 08:35,906
2019-10-18 08:40,913
2019-10-18 08:45,927
2019-10-18 08:50,935
2019-10-18 08:55,941
2019-10-18 09:00,959
2019-10-18 09:05,984
2019-10-18 09:10,988
2019-10-18 09:15,993
2019-10-18 09:20,1013
2019-10-18 09:25,1020
2019-10-18 09:30,1023
2019-10-18 09:35,1012
2019-10-18 09:40,1022
2019-10-18 09:45,1040
2019-10-18 09:50,1043
2019-10-18 09:55,1056
2019-10-18 10:00,1071
2019-10-18 10:05,1100
2019-10-18 10:10,1113
2019-10-18 10:15,1121
2019-10-18 10:20,1142
2019-10-18 10:25,1156
2019-10-18 10:30,1166
2019-10-18 10:35,1177
2019-10-18 10:40,1186
2019-10-18 10:45,1201
2019-10-18 10:50,1220
2019-10-18 10:55,1223
2019-10-18 11:00,1234
2019-10-18 11:05,1224
2019-10-18 11:10,1237
2019-10-18 11:15,1236
2019-10-18 11:20,1252
2019-10-18 11:25,1268
2019-10-18 11:30,1289
2019-10-18 11:35,1289
2019-10-18 11:40,1300
2019-10-18 11:45,1311
2019-10-18 11:50,1322
2019-10-18 11:55,1331
2019-10-18 12:00,1333
2019-10-18 12:05,1336
2019-10-18 12:10,1320
2019-10-18 12:15,1310
2019-10-18 12:20,1325
2019-10-18 12:25,1334
2019-10-18 12:30,1333
2019-10-18 12:35,1353
2019-10-18 12:40,1354
2019-10-18 12:45,1353
2019-10-18 12:50,1391
2019-10-18 12:55,1397
2019-10-18 13:00,1413
2019-10-18 13:05,1431
2019-10-18 13:10,1424
2019-10-18 13:15,1424
2019-10-18 13:20,1433
2019-10-18 13:25,1452
2019-10-18 13:30,1471
2019-10-18 13:35,1494
2019-10-18 13:40,1494
2019-10-18 13:45,1495
2019-10-18 13:50,1500
2019-10-18 13:55,1496
2019-10-18 14:00,1498
2019-10-18 14:05,1521
2019-10-18 14:10,1526
2019-10-18 14:15,1547
2019-10-18 14:20,1566
2019-10-18 14:25,1566
2019-10-18 14:30,1564
2019-10-18 14:35,1590
2019-10-18 14:40,1599
2019-10-18 14:45,1602
2019-10-18 14:50,1604
2019-10-18 14:55,1619
2019-10-18 15:00,1637
2019-10-18 15:05,1658
2019-10-18 15:10,1680
2019-10-18 15:15,1701
2019-10-18 15:20,1717
2019-10-18 15:25,1734
2019-10-18 15:30,1744
2019-10-18 15:35,1772
2019-10-18 15:40,1760
2019-10-18 15:45,1777
2019-10-18 15:50,1789
2019-10-18 15:55,1785
2019-10-18 16:00,1793
2019-10-18 16:05,1815
2019-10-18 16:10,1846
2019-10-18 16:15,1859
2019-10-18 16:20,1866
2019-10-18 16:25,1878
2019-10-18 16:30,0
2019-10-18 16:35,1900
2019-10-18 16:40,1899
2019-10-18 16:45,1884
2019-10-18 16:50,1899
2019-10-18 16:55,1908
2019-10-18 17:00,1906
2019-10-18 17:05,1903
2019-10-18 17:10,1887
2019-10-18 17:15,1897
2019-10-18 17:20,1895
2019-10-18 17:25,1887
2019-10-18 17:30,1885
2019-10-18 17:35,1917
2019-10-18 17:40,1936
2019-10-18 17:45,1946
2019-10-18 17:50,1948
2019-10-18 17:55,1950
2019-10-18 18:00,1954
2019-10-18 18:05,1962
2019-10-18 18:10,1969
2019-10-18 18:15,1955
2019-10-18 18:20,1957
2019-10-18 18:25,1947
2019-10-18 18:30,1955
2019-10-18 18:35,1933
2019-10-18 18:40,1931
2019-10-18 18:45,1928
2019-10-18 18:50,1931
2019-10-18 18:55,1924
2019-10-18 19:00,1926
2019-10-18 19:05,1927
2019-10-18 19:10,1909
2019-10-18 19:15,1929
2019-10-18 19:20,1936
2019-10-18 19:25,1950
2019-10-18 19:30,1965
2019-10-18 19:35,1952
2019-10-18 19:40,1937
2019-10-18 19:45,1948
2019-10-18 19:50,1937
2019-10-18 19:55,1943
2019-10-18 20:00,1938
2019-10-18 20:05,1918
2019-10-18 20:10,1925
2019-10-18 20:15,1906
2019-10-18 20:20,1884
2019-10-18 20:25,1866
2019-10-18 20:30,1866
2019-10-18 20:35,1867
2019-10-18 20:40,1838
2019-10-18 20:45,1823
2019-10-18 20:50,1816
2019-10-18 20:55,1776
2019-10-18 21:00,1740
2019-10-18 21:05,1703
2019-10-18 21:10,1692
2019-10-18 21:15,1696
2019-10-18 21:20,1681
2019-10-18 21:25,1678
2019-10-18 21:30,1659
2019-10-18 21:35,1620
2019-10-18 21:40,1596
2019-10-18 21:45,1574
2019-10-18 21:50,1570
2019-10-18 21:55,1563
2019-10-18 22:00,1547
2019-10-18 22:05,1540
2019-10-18 22:10,1526
2019-10-18 22:15,1523
2019-10-18 22:20,1528
2019-10-18 22:25,1499
2019-10-18 22:30,1509
2019-10-18 22:35,1522
2019-10-18 22:40,1532
2019-10-18 22:45,1532
2019-10-18 22:50,1539
2019-10-18 22:55,1523
2019-10-18 23:00,1521
2019-10-18 23:05,1504
2019-10-18 23:10,1486
2019-10-18 23:15,1470
2019-10-18 23:20,1467
2019-10-18 23:25,1434
2019-10-18 23:30,1415
2019-10-18 23:35,1424
2019-10-18 23:40,1403
2019-10-18 23:45,1411
2019-10-18 23:50,1415
2019-10-18 23:55,1390
2019-10-19 00:00,1386
2019-10-19 00:05,1355
2019-10-19 00:10,1359
2019-10-19 00:15,1342
2019-10-19 00:20,1330
2019-10-19 00:25,1320
2019-10-19 00:30,1316
2019-10-19 00:35,1300
2019-10-19 00:40,1276
2019-10-19 00:45,1286
2019-10-19 00:50,1285
2019-10-19 00:55,1285
2019-10-19 01:00,1287
2019-10-19 01:05,1285
2019-10-19 01:10,1291
2019-10-19 01:15,1290
2019-10-19 01:20,1284
2019-10-19 01:25,1285
2019-10-19 01:30,1277
2019-10-19 01:35,1271
2019-10-19 01:40,1266
2019-10-19 01:45,1257
2019-10-19 01:50,1253
2019-10-19 01:55,1239
2019-10-19 02:00,1248
2019-10-19 02:05,1243
2019-10-19 02:10,1230
2019-10-19 02:15,1219
2019-10-19 02:20,1208
2019-10-19 02:25,1200
2019-10-19 02:30,1184
2019-10-19 02:35,1160
2019-10-19 02:40,1145
2019-10-19 02:45,1147
2019-10-19 02:50,1148
2019-10-19 02:55,1140
2019-10-19 03:00,1149
2019-10-19 03:05,1152
2019-10-19 03:10,1152
2019-10-19 03:15,1154
2019-10-19 03:20,1139
2019-10-19 03:25,1124
2019-10-19 03:30,1118
2019-10-19 03:35,1114
2019-10-19 03:40,1112
2019-10-19 03:45,1113
2019-10-19 03:50,1116
2019-10-19 03:55,1088
2019-10-19 04:00,1081
2019-10-19 04:05,1068
2019-10-19 04:10,1070
2019-10-19 04:15,1057
2019-10-19 04:20,1044
2019-10-19 04:25,1028
2019-10-19 04:30,1023
2019-10-19 04:35,1009
2019-10-19 04:40,1008
2019-10-19 04:45,996
2019-10-19 04:50,995
2019-10-19 04:55,993
2019-10-19 05:00,977
2019-10-19 05:05,987
2019-10-19 05:10,973
2019-10-19 05:15,952
2019-10-19 05:20,962
2019-10-19 05:25,966
2019-10-19 05:30,966
2019-10-19 05:35,968
2019-10-19 05:40,955
2019-10-19 05:45,950
2019-10-19 05:50,936
2019-10-19 05:55,953
2019-10-19 06:00,938
2019-10-19 06:05,939
2019-10-19 06:10,942
2019-10-19 06:15,953
2019-10-19 06:20,964
2019-10-19 06:25,955
2019-10-19 06:30,978
2019-10-19 06:35,972
2019-10-19 06:40,980
2019-10-19 06:45,969
2019-10-19 06:50,981
2019-10-19 06:55,999
2019-10-19 07:00,1002
2019-10-19 07:05,1001
2019-10-19 07:10,999
2019-10-19 07:15,1002
2019-10-19 07:20,1019
2019-10-19 07:25,1029
2019-10-19 07:30,1035
2019-10-19 07:35,1048
2019-10-19 07:40,1066
2019-10-19 07:45,1077
2019-10-19 07:50,1092
2019-10-19 07:55,1099
2019-10-19 08:00,1105
2019-10-19 08:05,1113
2019-10-19 08:10,1129
2019-10-19 08:15,1146
2019-10-19 08:20,1157
2019-10-19 08:25,1184
2019-10-19 08:30,1182
2019-10-19 08:35,1181
2019-10-19 08:40,1202
2019-10-19 08:45,1215
2019-10-19 08:50,1225
2019-10-19 08:55,1243
2019-10-19 09:00,1266
2019-10-19 09:05,1286
2019-10-19 09:10,1296
2019-10-19 09:15,1303
2019-10-19 09:20,1303
2019-10-19 09:25,1306
2019-10-19 09:30,1339
2019-10-19 09:35,1322
2019-10-19 09:40,1336
2019-10-19 09:45,1342
2019-10-19 09:50,1359
2019-10-19 09:55,1373
2019-10-19 10:00,1395
2019-10-19 10:05,1416
2019-10-19 10:10,1436
2019-10-19 10:15,1450
2019-10-19 10:20,1458
2019-10-19 10:25,1441
2019-10-19 10:30,1461
2019-10-19 10:35,1485
2019-10-19 10:40,1497
2019-10-19 10:45,1533
2019-10-19 10:50,1544
2019-10-19 10:55,1541
2019-10-19 11:00,1564
2019-10-19 11:05,1551
2019-10-19 11:10,1561
2019-10-19 11:15,1562
2019-10-19 11:20,1581
2019-10-19 11:25,1579
2019-10-19 11:30,1595
2019-10-19 11:35,1608
2019-10-19 11:40,1604
2019-10-19 11:45,1601
2019-10-19 11:50,1598
2019-10-19 11:55,1617
2019-10-19 12:00,1625
2019-10-19 12:05,1630
2019-10-19 12:10,1662
2019-10-19 12:15,1655
2019-10-19 12:20,1674
2019-10-19 12:25,1683
2019-10-19 12:30,1680
2019-10-19 12:35,1690
2019-10-19 12:40,1691
2019-10-19 12:45,1698
2019-10-19 12:50,1714
2019-10-19 12:55,1720
2019-10-19 13:00,1733
2019-10-19 13:05,1774
2019-10-19 13:10,1777
2019-10-19 13:15,1790
2019-10-19 13:20,1797
2019-10-19 13:25,1804
2019-10-19 13:30,1811
2019-10-19 13:35,1797
2019-10-19 13:40,1838
2019-10-19 13:45,1841
2019-10-19 13:50,1867
2019-10-19 13:55,1893
2019-10-19 14:00,1901
2019-10-19 14:05,1917
2019-10-19 14:10,1926
2019-10-19 14:15,1921
2019-10-19 14:20,1923
2019-10-19 14:25,1937
2019-10-19 14:30,1958
2019-10-19 14:35,1956
2019-10-19 14:40,1961
2019-10-19 14:45,1977
2019-10-19 14:50,1987
2019-10-19 14:55,1992
2019-10-19 15:00,2011
2019-10-19 15:05,2011
2019-10-19 15:10,2025
2019-10-19 15:15,2039
2019-10-19 15:20,2030
2019-10-19 15:25,2048
2019-10-19 15:30,2033
2019-10-19 15:35,2046
2019-10-19 15:40,2041
2019-10-19 15:45,2034
2019-10-19 15:50,2062
2019-10-19 15:55,2042
2019-10-19 16:00,2050
2019-10-19 16:05,2048
2019-10-19 16:10,2070
2019-10-19 16:15,2078
2019-10-19 16:20,2101
2019-10-19 16:25,2092
2019-10-19 16:30,2097
2019-10-19 16:35,2120
2019-10-19 16:40,2119
2019-10-19 16:45,2131
2019-10-19 16:50,2133
2019-10-19 16:55,2138
2019-10-19 17:00,2167
2019-10-19 17:05,2177
2019-10-19 17:10,2173
2019-10-19 17:15,2175
2019-10-19 17:20,2190
2019-10-19 17:25,2173
2019-10-19 17:30,2197
2019-10-19 17:35,2198
2019-10-19 17:40,2204
2019-10-19 17:45,2219
2019-10-19 17:50,2214
2019-10-19 17:55,2235
2019-10-19 18:00,2238
2019-10-19 18:05,2224
2019-10-19 18:10,2251
2019-10-19 18:15,2254
2019-10-19 18:20,2248
2019-10-19 18:25,2232
2019-10-19 18:30,2235
2019-10-19 18:35,2227
2019-10-19 18:40,2219
2019-10-19 18:45,2239
2019-10-19 18:50,2233
2019-10-19 18:55,2227
2019-10-19 19:00,2224
2019-10-19 19:05,2238
2019-10-19 19:10,2262
2019-10-19 19:15,2255
2019-10-19 19:20,2262
2019-10-19 19:25,2284
2019-10-19 19:30,2299
2019-10-19 19:35,2304
2019-10-19 19:40,2289
2019-10-19 19:45,2283
2019-10-19 19:50,2269
2019-10-19 19:55,2249
2019-10-19 20:00,2255
2019-10-19 20:05,2250
2019-10-19 20:10,2260
2019-10-19 20:15,2267
2019-10-19 20:20,2244
2019-10-19 20:25,2222
2019-10-19 20:30,2190
2019-10-19 20:35,2158
2019-10-19 20:40,2128
2019-10-19 20:45,2098
2019-10-19 20:50,2096
2019-10-19 20:55,2089
2019-10-19 21:00,2104
2019-10-19 21:05,2101
2019-10-19 21:10,2074
2019-10-19 21:15,2068
2019-10-19 21:20,2052
2019-10-19 21:25,2046
2019-10-19 21:30,2024
2019-10-19 21:35,2000
2019-10-19 21:40,1987
2019-10-19 21:45,1982
2019-10-19 21:50,1942
2019-10-19 21:55,1910
2019-10-19 22:00,1872
2019-10-19 22:05,1842
2019-10-19 22:10,1853
2019-10-19 22:15,1831
2019-10-19 22:20,1806
2019-10-19 22:25,1777
2019-10-19 22:30,1758
2019-10-19 22:35,1753
2019-10-19 22:40,1732
2019-10-19 22:45,1702
2019-10-19 22:50,1689
2019-10-19 22:55,1690
2019-10-19 23:00,1679
2019-10-19 23:05,1674
2019-10-19 23:10,1662
2019-10-19 23:15,1643
2019-10-19 23:20,1639
2019-10-19 23:25,1623
2019-10-19 23:30,1626
2019-10-19 23:35,1631
2019-10-19 23:40,1602
2019-10-19 23:45,1591
2019-10-19 23:50,1607
2019-10-19 23:55,1589
2019-10-20 00:00,1584
2019-10-20 00:05,1574
2019-10-20 00:10,1572
2019-10-20 00:15,1561
2019-10-20 00:20,1538
2019-10-20 00:25,1526
2019-10-20 00:30,1505
2019-10-20 00:35,1490
2019-10-20 00:40,1473
2019-10-20 00:45,1465
2019-10-20 00:50,1465
2019-10-20 00:55,1455
2019-10-20 01:00,1451
2019-10-20 01:05,1434
2019-10-20 01:10,1411
2019-10-20 01:15,1413
2019-10-20 01:20,1400
2019-10-20 01:25,1399
2019-10-20 01:30,1404
2019-10-20 01:35,1418
2019-10-20 01:40,1412
2019-10-20 01:45,1411
2019-10-20 01:50,1387
2019-10-20 01:55,1386
2019-10-20 02:00,1368
2019-10-20 02:05,1375
2019-10-20 02:10,1362
2019-10-20 02:15,1361
2019-10-20 02:20,1349
2019-10-20 02:25,1345
2019-10-20 02:30,1325
2019-10-20 02:35,1316
2019-10-20 02:40,1309
2019-10-20 02:45,1306
2019-10-20 02:50,1272
2019-10-20 02:55,1270
2019-10-20 03:00,1254
2019-10-20 03:05,1237
2019-10-20 03:10,1233
2019-10-20 03:15,1234
2019-10-20 03:20,1232
2019-10-20 03:25,1218
2019-10-20 03:30,1224
2019-10-20 03:35,1228
2019-10-20 03:40,1221
2019-10-20 03:45,1212
2019-10-20 03:50,1193
2019-10-20 03:55,1197
2019-10-20 04:00,1181
2019-10-20 04:05,1172
2019-10-20 04:10,1175
2019-10-20 04:15,1168
2019-10-20 04:20,1161
2019-10-20 04:25,1155
2019-10-20 04:30,1137
2019-10-20 04:35,1143
2019-10-20 04:40,1135
2019-10-20 04:45,1124
2019-10-20 04:50,1118
2019-10-20 04:55,1118
2019-10-20 05:00,1111
2019-10-20 05:05,1110
2019-10-20 05:10,1122
2019-10-20 05:15,1115
2019-10-20 05:20,1111
2019-10-20 05:25,1118
2019-10-20 05:30,1120
2019-10-20 05:35,1123
2019-10-20 05:40,1102
2019-10-20 05:45,1107
2019-10-20 05:50,1092
2019-10-20 05:55,1089
2019-10-20 06:00,1082
2019-10-20 06:05,1086
2019-10-20 06:10,1093
2019-10-20 06:15,1087
2019-10-20 06:20,1082
2019-10-20 06:25,1086
2019-10-20 06:30,1090
2019-10-20 06:35,1086
2019-10-20 06:40,1097
2019-10-20 06:45,1103
2019-10-20 06:50,1108
2019-10-20 06:55,1112
2019-10-20 07:00,1117
2019-10-20 07:05,1122
2019-10-20 07:10,1120
2019-10-20 07:15,1135
2019-10-20 07:20,1143
2019-10-20 07:25,1141
2019-10-20 07:30,1145
2019-10-20 07:35,1150
2019-10-20 07:40,1167
2019-10-20 07:45,1188
2019-10-20 07:50,1207
2019-10-20 07:55,1217
2019-10-20 08:00,1238
2019-10-20 08:05,1276
2019-10-20 08:10,1287
2019-10-20 08:15,1284
2019-10-20 08:20,1293
2019-10-20 08:25,1315
2019-10-20 08:30,1331
2019-10-20 08:35,1340
2019-10-20 08:40,1347
2019-10-20 08:45,1346
2019-10-20 08:50,1345
2019-10-20 08:55,1351
2019-10-20 09:00,1369
2019-10-20 09:05,1388
2019-10-20 09:10,1418
2019-10-20 09:15,1427
2019-10-20 09:20,1439
2019-10-20 09:25,1445
2019-10-20 09:30,1470
2019-10-20 09:35,1485
2019-10-20 09:40,1514
2019-10-20 09:45,1514
2019-10-20 09:50,1534
2019-10-20 09:55,1531
2019-10-20 10:00,1564
2019-10-20 10:05,1600
2019-10-20 10:10,1621
2019-10-20 10:15,1651
2019-10-20 10:20,1669
2019-10-20 10:25,1684
2019-10-20 10:30,1689
2019-10-20 10:35,1706
2019-10-20 10:40,1720
2019-10-20 10:45,1740
2019-10-20 10:50,1744
2019-10-20 10:55,1746
2019-10-20 11:00,1728
2019-10-20 11:05,1728
2019-10-20 11:10,1760
2019-10-20 11:15,1757
2019-10-20 11:20,1756
2019-10-20 11:25,1748
2019-10-20 11:30,1751
2019-10-20 11:35,1756
2019-10-20 11:40,1770
2019-10-20 11:45,1780
2019-10-20 11:50,1785
2019-10-20 11:55,1809
2019-10-20 12:00,1793
2019-10-20 12:05,1805
2019-10-20 12:10,1819
2019-10-20 12:15,1850
2019-10-20 12:20,1860
2019-10-20 12:25,1872
2019-10-20 12:30,1878
2019-10-20 12:35,1901
2019-10-20 12:40,1943
2019-10-20 12:45,1918
2019-10-20 12:50,1945
2019-10-20 12:55,1960
2019-10-20 13:00,1960
2019-10-20 13:05,1986
2019-10-20 13:10,1995
2019-10-20 13:15,2020
2019-10-20 13:20,2043
2019-10-20 13:25,2054
2019-10-20 13:30,2050
2019-10-20 13:35,2065
2019-10-20 13:40,2083
2019-10-20 13:45,2067
2019-10-20 13:50,2095
2019-10-20 13:55,2129
2019-10-20 14:00,2129
2019-10-20 14:05,2144
2019-10-20 14:10,2167
2019-10-20 14:15,2159
2019-10-20 14:20,2185
2019-10-20 14:25,2214
2019-10-20 14:30,2235
2019-10-20 14:35,2228
2019-10-20 14:40,2245
2019-10-20 14:45,2253
2019-10-20 14:50,2265
2019-10-20 14:55,2268
2019-10-20 15:00,2282
2019-10-20 15:05,2259
2019-10-20 15:10,2267
2019-10-20 15:15,2246
2019-10-20 15:20,2260
2019-10-20 15:25,2273
2019-10-20 15:30,2272
2019-10-20 15:35,2264
2019-10-20 15:40,2276
2019-10-20 15:45,2275
2019-10-20 15:50,2294
2019-10-20 15:55,2272
2019-10-20 16:00,2280
2019-10-20 16:05,2292
2019-10-20 16:10,2323
2019-10-20 16:15,2315
2019-10-20 16:20,2301
2019-10-20 16:25,2321
2019-10-20 16:30,2337
2019-10-20 16:35,2322
2019-10-20 16:40,2349
2019-10-20 16:45,2377
2019-10-20 16:50,2385
2019-10-20 16:55,2392
2019-10-20 17:00,2376
2019-10-20 17:05,2401
2019-10-20 17:10,2390
2019-10-20 17:15,2423
2019-10-20 17:20,2439
2019-10-20 17:25,2446
2019-10-20 17:30,2436
2019-10-20 17:35,2438
2019-10-20 17:40,2438
2019-10-20 17:45,2434
2019-10-20 17:50,2426
2019-10-20 17:55,2435
2019-10-20 18:00,2423
2019-10-20 18:05,2423
2019-10-20 18:10,2411
2019-10-20 18:15,2400
2019-10-20 18:20,2385
2019-10-20 18:25,2413
2019-10-20 18:30,2389
2019-10-20 18:35,2411
2019-10-20 18:40,2419
2019-10-20 18:45,2421
2019-10-20 18:50,2402
2019-10-20 18:55,2413
2019-10-20 19:00,2426
2019-10-20 19:05,2445
2019-10-20 19:10,2430
2019-10-20 19:15,2413
2019-10-20 19:20,2392
2019-10-20 19:25,2404
2019-10-20 19:30,2412
2019-10-20 19:35,2388
2019-10-20 19:40,2364
2019-10-20 19:45,2355
2019-10-20 19:50,2354
2019-10-20 19:55,2349
2019-10-20 20:00,2335
2019-10-20 20:05,2322
2019-10-20 20:10,2288
2019-10-20 20:15,2265
2019-10-20 20:20,2246
2019-10-20 20:25,2223
2019-10-20 20:30,2203
2019-10-20 20:35,2191
2019-10-20 20:40,2167
2019-10-20 20:45,2130
2019-10-20 20:50,2107
2019-10-20 20:55,2074
2019-10-20 21:00,2035
2019-10-20 21:05,2005
2019-10-20 21:10,1938
2019-10-20 21:15,1898
2019-10-20 21:20,1887
2019-10-20 21:25,1866
2019-10-20 21:30,1856
2019-10-20 21:35,1810
2019-10-20 21:40,1798
2019-10-20 21:45,1765
2019-10-20 21:50,1755
2019-10-20 21:55,1739
2019-10-20 22:00,1720
2019-10-20 22:05,1701
2019-10-20 22:10,1689
2019-10-20 22:15,1670
2019-10-20 22:20,1659
2019-10-20 22:25,1630
2019-10-20 22:30,1614
2019-10-20 22:35,1612
2019-10-20 22:40,1597
2019-10-20 22:45,1597
2019-10-20 22:50,1586
2019-10-20 22:55,1581
2019-10-20 23:00,1590
2019-10-20 23:05,1578
2019-10-20 23:10,1557
2019-10-20 23:15,1544
2019-10-20 23:20,1531
2019-10-20 23:25,1502
2019-10-20 23:30,1488
2019-10-20 23:35,1471
2019-10-20 23:40,1458
2019-10-20 23:45,1467
2019-10-20 23:50,1455
2019-10-20 23:55,1446
2019-10-21 00:00,1429
2019-10-21 00:05,1430
2019-10-21 00:10,1414
2019-10-21 00:15,1399
2019-10-21 00:20,1402
2019-10-21 00:25,1388
2019-10-21 00:30,1369
2019-10-21 00:35,1351
2019-10-21 00:40,1341
2019-10-21 00:45,1327
2019-10-21 00:50,1322
2019-10-21 00:55,1314
2019-10-21 01:00,1297
2019-10-21 01:05,1278
2019-10-21 01:10,1268
2019-10-21 01:15,1269
2019-10-21 01:20,1258
2019-10-21 01:25,1248
2019-10-21 01:30,1254
2019-10-21 01:35,1237
2019-10-21 01:40,1244
2019-10-21 01:45,1232
2019-10-21 01:50,1225
2019-10-21 01:55,1212
2019-10-21 02:00,1195
2019-10-21 02:05,1174
2019-10-21 02:10,1152
2019-10-21 02:15,1133
2019-10-21 02:20,1128
2019-10-21 02:25,1121
2019-10-21 02:30,1125
2019-10-21 02:35,1125
2019-10-21 02:40,1134
2019-10-21 02:45,1128
2019-10-21 02:50,1115
2019-10-21 02:55,1107
2019-10-21 03:00,1106
2019-10-21 03:05,1079
2019-10-21 03:10,1063
2019-10-21 03:15,1048
2019-10-21 03:20,1047
2019-10-21 03:25,1044
2019-10-21 03:30,1045
2019-10-21 03:35,1030
2019-10-21 03:40,1005
2019-10-21 03:45,993
2019-10-21 03:50,1003
2019-10-21 03:55,986
2019-10-21 04:00,963
2019-10-21 04:05,955
2019-10-21 04:10,930
2019-10-21 04:15,930
2019-10-21 04:20,928
2019-10-21 04:25,930
2019-10-21 04:30,895
2019-10-21 04:35,904
2019-10-21 04:40,896
2019-10-21 04:45,877
2019-10-21 04:50,868
2019-10-21 04:55,854
2019-10-21 05:00,852
2019-10-21 05:05,837
2019-10-21 05:10,832
2019-10-21 05:15,825
2019-10-21 05:20,800
2019-10-21 05:25,796
2019-10-21 05:30,805
2019-10-21 05:35,811
2019-10-21 05:40,797
2019-10-21 05:45,802
2019-10-21 05:50,813
2019-10-21 05:55,814
2019-10-21 06:00,810
2019-10-21 06:05,795
2019-10-21 06:10,797
2019-10-21 06:15,801
2019-10-21 06:20,799
2019-10-21 06:25,797
2019-10-21 06:30,813
2019-10-21 06:35,809
2019-10-21 06:40,808
2019-10-21 06:45,811
2019-10-21 06:50,816
2019-10-21 06:55,818
2019-10-21 07:00,813
2019-10-21 07:05,814
2019-10-21 07:10,818
2019-10-21 07:15,820
2019-10-21 07:20,833
2019-10-21 07:25,844
2019-10-21 07:30,846
2019-10-21 07:35,856
2019-10-21 07:40,852
2019-10-21 07:45,840
2019-10-21 07:50,837
2019-10-21 07:55,858
2019-10-21 08:00,867
2019-10-21 08:05,879
2019-10-21 08:10,884
2019-10-21 08:15,900
2019-10-21 08:20,910
2019-10-21 08:25,901
2019-10-21 08:30,894
2019-10-21 08:35,900
2019-10-21 08:40,917
2019-10-21 08:45,922
2019-10-21 08:50,921
2019-10-21 08:55,916
2019-10-21 09:00,925
2019-10-21 09:05,950
2019-10-21 09:10,971
2019-10-21 09:15,975
2019-10-21 09:20,985
2019-10-21 09:25,980
2019-10-21 09:30,997
2019-10-21 09:35,995
2019-10-21 09:40,1011
2019-10-21 09:45,1014
2019-10-21 09:50,1017
2019-10-21 09:55,1027
2019-10-21 10:00,1044
2019-10-21 10:05,1065
2019-10-21 10:10,1061
2019-10-21 10:15,1066
2019-10-21 10:20,1078
2019-10-21 10:25,1095
2019-10-21 10:30,1103
2019-10-21 10:35,1120
2019-10-21 10:40,1142
2019-10-21 10:45,1155
2019-10-21 10:50,1162
2019-10-21 10:55,1157
2019-10-21 11:00,1174
2019-10-21 11:05,1167
2019-10-21 11:10,1167
2019-10-21 11:15,1168
2019-10-21 11:20,1180
2019-10-21 11:25,1176
2019-10-21 11:30,1180
2019-10-21 11:35,1196
2019-10-21 11:40,1216
2019-10-21 11:45,1217
2019-10-21 11:50,1237
2019-10-21 11:55,1240
2019-10-21 12:00,1256
2019-10-21 12:05,1243
2019-10-21 12:10,1257
2019-10-21 12:15,1277
2019-10-21 12:20,1289
2019-10-21 12:25,1289
2019-10-21 12:30,1285
2019-10-21 12:35,1298
2019-10-21 12:40,1307
2019-10-21 12:45,1313
2019-10-21 12:50,1311
2019-10-21 12:55,1325
2019-10-21 13:00,1350
2019-10-21 13:05,1358
2019-10-21 13:10,1357
2019-10-21 13:15,1370
2019-10-21 13:20,1392
2019-10-21 13:25,1394
2019-10-21 13:30,1418
2019-10-21 13:35,1422
2019-10-21 13:40,1412
2019-10-21 13:45,1414
2019-10-21 13:50,1415
2019-10-21 13:55,1394
2019-10-21 14:00,1407
2019-10-21 14:05,1429
2019-10-21 14:10,1451
2019-10-21 14:15,1464
2019-10-21 14:20,1473
2019-10-21 14:25,1491
2019-10-21 14:30,1491
2019-10-21 14:35,1488
2019-10-21 14:40,1506
2019-10-21 14:45,1524
2019-10-21 14:50,1532
2019-10-21 14:55,1556
2019-10-21 15:00,1558
2019-10-21 15:05,1571
2019-10-21 15:10,1596
2019-10-21 15:15,1617
2019-10-21 15:20,1625
2019-10-21 15:25,1646
2019-10-21 15:30,1661
2019-10-21 15:35,1671
2019-10-21 15:40,1680
2019-10-21 15:45,1706
2019-10-21 15:50,1715
2019-10-21 15:55,1745
2019-10-21 16:00,1762
2019-10-21 16:05,1795
2019-10-21 16:10,1817
2019-10-21 16:15,1816
2019-10-21 16:20,1831
2019-10-21 16:25,1859
2019-10-21 16:30,1880
2019-10-21 16:35,1880
2019-10-21 16:40,1878
2019-10-21 16:45,1903
2019-10-21 16:50,1928
2019-10-21 16:55,1929
2019-10-21 17:00,1941
2019-10-21 17:05,1961
2019-10-21 17:10,1960
2019-10-21 17:15,1970
2019-10-21 17:20,1990
2019-10-21 17:25,1998
2019-10-21 17:30,2009
2019-10-21 17:35,2011
2019-10-21 17:40,2016
2019-10-21 17:45,2023
2019-10-21 17:50,2022
2019-10-21 17:55,2019
2019-10-21 18:00,2028
2019-10-21 18:05,2028
2019-10-21 18:10,2051
2019-10-21 18:15,2043
2019-10-21 18:20,2072
2019-10-21 18:25,2071
2019-10-21 18:30,2089
2019-10-21 18:35,2087
2019-10-21 18:40,2084
2019-10-21 18:45,2080
2019-10-21 18:50,2068
2019-10-21 18:55,2055
2019-10-21 19:00,2025
2019-10-21 19:05,2002
2019-10-21 19:10,2002
2019-10-21 19:15,1998
2019-10-21 19:20,2010
2019-10-21 19:25,1997
2019-10-21 19:30,1997
2019-10-21 19:35,2011
2019-10-21 19:40,1974
2019-10-21 19:45,1950
2019-10-21 19:50,1931
2019-10-21 19:55,1896
2019-10-21 20:00,1899
2019-10-21 20:05,1889
2019-10-21 20:10,1869
2019-10-21 20:15,1847
2019-10-21 20:20,1833
2019-10-21 20:25,1807
2019-10-21 20:30,1796
2019-10-21 20:35,1784
2019-10-21 20:40,1772
2019-10-21 20:45,1757
2019-10-21 20:50,1738
2019-10-21 20:55,1715
2019-10-21 21:00,1707
2019-10-21 21:05,1696
2019-10-21 21:10,1672
2019-10-21 21:15,1648
2019-10-21 21:20,1615
2019-10-21 21:25,1609
2019-10-21 21:30,1577
2019-10-21 21:35,1566
2019-10-21 21:40,1567
2019-10-21 21:45,1541
2019-10-21 21:50,1523
2019-10-21 21:55,1499
2019-10-21 22:00,1473
2019-10-21 22:05,1440
2019-10-21 22:10,1428
2019-10-21 22:15,1396
2019-10-21 22:20,1403
2019-10-21 22:25,1394
2019-10-21 22:30,1403
2019-10-21 22:35,1403
2019-10-21 22:40,1379
2019-10-21 22:45,1363
2019-10-21 22:50,1363
2019-10-21 22:55,1341
2019-10-21 23:00,1358
2019-10-21 23:05,1344
2019-10-21 23:10,1334
2019-10-21 23:15,1327
2019-10-21 23:20,1334
2019-10-21 23:25,1323
2019-10-21 23:30,1300
2019-10-21 23:35,1286
2019-10-21 23:40,1295
2019-10-21 23:45,1281
2019-10-21 23:50,1276
2019-10-21 23:55,1260
2019-10-22 00:00,1256
2019-10-22 00:05,1245
2019-10-22 00:10,1238
2019-10-22 00:15,1248
2019-10-22 00:20,1242
2019-10-22 00:25,1242
2019-10-22 00:30,1258
2019-10-22 00:35,1259
2019-10-22 00:40,1250
2019-10-22 00:45,1243
2019-10-22 00:50,1246
2019-10-22 00:55,1250
2019-10-22 01:00,1241
2019-10-22 01:05,1233
2019-10-22 01:10,1233
2019-10-22 01:15,1197
2019-10-22 01:20,1197
2019-10-22 01:25,1190
2019-10-22 01:30,1190
2019-10-22 01:35,1170
2019-10-22 01:40,1166
2019-10-22 01:45,1152
2019-10-22 01:50,1146
2019-10-22 01:55,1149
2019-10-22 02:00,1142
2019-10-22 02:05,1145
2019-10-22 02:10,1143
2019-10-22 02:15,1142
2019-10-22 02:20,1134
2019-10-22 02:25,1129
2019-10-22 02:30,1131
2019-10-22 02:35,1131
2019-10-22 02:40,1111
2019-10-22 02:45,1093
2019-10-22 02:50,1075
2019-10-22 02:55,1060
2019-10-22 03:00,1059
2019-10-22 03:05,1056
2019-10-22 03:10,1043
2019-10-22 03:15,1022
2019-10-22 03:20,1023
2019-10-22 03:25,1001
2019-10-22 03:30,984
2019-10-22 03:35,965
2019-10-22 03:40,953
2019-10-22 03:45,937
2019-10-22 03:50,926
2019-10-22 03:55,905
2019-10-22 04:00,897
2019-10-22 04:05,872
2019-10-22 04:10,874
2019-10-22 04:15,867
2019-10-22 04:20,870
2019-10-22 04:25,869
2019-10-22 04:30,863
2019-10-22 04:35,861
2019-10-22 04:40,865
2019-10-22 04:45,866
2019-10-22 04:50,856
2019-10-22 04:55,856
2019-10-22 05:00,829
2019-10-22 05:05,829
2019-10-22 05:10,828
2019-10-22 05:15,817
2019-10-22 05:20,808
2019-10-22 05:25,800
2019-10-22 05:30,786
2019-10-22 05:35,774
2019-10-22 05:40,770
2019-10-22 05:45,766
2019-10-22 05:50,765
2019-10-22 05:55,766
2019-10-22 06:00,764
2019-10-22 06:05,770
2019-10-22 06:10,771
2019-10-22 06:15,771
2019-10-22 06:20,779
2019-10-22 06:25,784
2019-10-22 06:30,786
2019-10-22 06:35,779
2019-10-22 06:40,760
2019-10-22 06:45,752
2019-10-22 06:50,758
2019-10-22 06:55,765
2019-10-22 07:00,774
2019-10-22 07:05,769
2019-10-22 07:10,774
2019-10-22 07:15,779
2019-10-22 07:20,784
2019-10-22 07:25,777
2019-10-22 07:30,775
2019-10-22 07:35,765
2019-10-22 07:40,788
2019-10-22 07:45,784
2019-10-22 07:50,782
2019-10-22 07:55,781
2019-10-22 08:00,782
2019-10-22 08:05,782
2019-10-22 08:10,795
2019-10-22 08:15,801
2019-10-22 08:20,820
2019-10-22 08:25,832
2019-10-22 08:30,836
2019-10-22 08:35,847
2019-10-22 08:40,859
2019-10-22 08:45,867
2019-10-22 08:50,869
2019-10-22 08:55,875
2019-10-22 09:00,887
2019-10-22 09:05,888
2019-10-22 09:10,903
2019-10-22 09:15,900
2019-10-22 09:20,906
2019-10-22 09:25,920
2019-10-22 09:30,931
2019-10-22 09:35,932
2019-10-22 09:40,938
2019-10-22 09:45,940
2019-10-22 09:50,934
2019-10-22 09:55,942
2019-10-22 10:00,965
2019-10-22 10:05,987
2019-10-22 10:10,997
2019-10-22 10:15,1021
2019-10-22 10:20,1034
2019-10-22 10:25,1033
2019-10-22 10:30,1035
2019-10-22 10:35,1049
2019-10-22 10:40,1048
2019-10-22 10:45,1037
2019-10-22 10:50,1050
2019-10-22 10:55,1054
2019-10-22 11:00,1054
2019-10-22 11:05,1067
2019-10-22 11:10,1075
2019-10-22 11:15,1080
2019-10-22 11:20,1103
2019-10-22 11:25,1090
2019-10-22 11:30,1113
2019-10-22 11:35,1121
2019-10-22 11:40,1140
2019-10-22 11:45,1147
2019-10-22 11:50,1160
2019-10-22 11:55,1168
2019-10-22 12:00,1186
2019-10-22 12:05,1172
2019-10-22 12:10,1176
2019-10-22 12:15,1194
2019-10-22 12:20,1196
2019-10-22 12:25,1196
2019-10-22 12:30,1202
2019-10-22 12:35,1213
2019-10-22 12:40,1221
2019-10-22 12:45,1218
2019-10-22 12:50,1230
2019-10-22 12:55,1230
2019-10-22 13:00,1233
2019-10-22 13:05,1230
2019-10-22 13:10,1252
2019-10-22 13:15,1254
2019-10-22 13:20,1253
2019-10-22 13:25,1263
2019-10-22 13:30,1267
2019-10-22 13:35,1276
2019-10-22 13:40,1254
2019-10-22 13:45,1219
2019-10-22 13:50,1227
2019-10-22 13:55,1228
2019-10-22 14:00,1154
2019-10-22 14:05,984
2019-10-22 14:10,748
2019-10-22 14:15,769
2019-10-22 14:20,762
2019-10-22 14:25,759
2019-10-22 14:30,755
2019-10-22 14:35,750
2019-10-22 14:40,760
2019-10-22 14:45,789
2019-10-22 14:50,773
2019-10-22 14:55,796
2019-10-22 15:00,815
2019-10-22 15:05,820
2019-10-22 15:10,851
2019-10-22 15:15,842
2019-10-22 15:20,893
2019-10-22 15:25,967
2019-10-22 15:30,1060
2019-10-22 15:35,1143
2019-10-22 15:40,1207
2019-10-22 15:45,1260
2019-10-22 15:50,1296
2019-10-22 15:55,1350
2019-10-22 16:00,1388
2019-10-22 16:05,1462
2019-10-22 16:10,1522
2019-10-22 16:15,1579
2019-10-22 16:20,1674
2019-10-22 16:25,
2019-10-22 16:30,1718
2019-10-22 16:35,1746
2019-10-22 16:40,1773
2019-10-22 16:45,
2019-10-22 16:50,1848
2019-10-22 16:55,1859
2019-10-22 17:00,1897
2019-10-22 17:05,1912
2019-10-22 17:10,1911
2019-10-22 17:15,1908
2019-10-22 17:20,1937
2019-10-22 17:25,1950
2019-10-22 17:30,1974
2019-10-22 17:35,1980
2019-10-22 17:40,1969
2019-10-22 17:45,1961
2019-10-22 17:50,1978
2019-10-22 17:55,1982
2019-10-22 18:00,2005
2019-10-22 18:05,1990
2019-10-22 18:10,1983
2019-10-22 18:15,1976
2019-10-22 18:20,1979
2019-10-22 18:25,1990
2019-10-22 18:30,1988
2019-10-22 18:35,2003
2019-10-22 18:40,1984
2019-10-22 18:45,2005
2019-10-22 18:50,1984
2019-10-22 18:55,1977
2019-10-22 19:00,1966
2019-10-22 19:05,1970
2019-10-22 19:10,1970
2019-10-22 19:15,1953
2019-10-22 19:20,1955
2019-10-22 19:25,1958
2019-10-22 19:30,1921
2019-10-22 19:35,1938
2019-10-22 19:40,1918
2019-10-22 19:45,1903
2019-10-22 19:50,1898
2019-10-22 19:55,1882
2019-10-22 20:00,1878
2019-10-22 20:05,1868
2019-10-22 20:10,
2019-10-22 20:15,
2019-10-22 20:20,1811
2019-10-22 20:25,1783
2019-10-22 20:30,1773
2019-10-22 20:35,1719
2019-10-22 20:40,1723
2019-10-22 20:45,1710
2019-10-22 20:50,1688
2019-10-22 20:55,1656
2019-10-22 21:00,1663
2019-10-22 21:05,1650
2019-10-22 21:10,1653
2019-10-22 21:15,1656
2019-10-22 21:20,1642
2019-10-22 21:25,1636
2019-10-22 21:30,1634
2019-10-22 21:35,1622
2019-10-22 21:40,1466
2019-10-22 21:45,1599
2019-10-22 21:50,1586
2019-10-22 21:55,1560
2019-10-22 22:00,1551
2019-10-22 22:05,1536
2019-10-22 22:10,1528
2019-10-22 22:15,1494
2019-10-22 22:20,1480
2019-10-22 22:25,1474
2019-10-22 22:30,1471
2019-10-22 22:35,1477
2019-10-22 22:40,1454
2019-10-22 22:45,1427
2019-10-22 22:50,1404
2019-10-22 22:55,1404
2019-10-22 23:00,1384
2019-10-22 23:05,0
2019-10-22 23:10,1073
2019-10-22 23:15,1293
2019-10-22 23:20,1331
2019-10-22 23:25,1323
2019-10-22 23:30,1302
2019-10-22 23:35,1295
2019-10-22 23:40,1298
2019-10-22 23:45,1280
2019-10-22 23:50,1277
2019-10-22 23:55,1266
2019-10-23 00:00,1246
2019-10-23 00:05,1210
2019-10-23 00:10,1181
2019-10-23 00:15,1172
2019-10-23 00:20,1184
2019-10-23 00:25,1177
2019-10-23 00:30,1173
2019-10-23 00:35,1156
2019-10-23 00:40,1151
2019-10-23 00:45,1153
2019-10-23 00:50,1155
2019-10-23 00:55,1141
2019-10-23 01:00,1141
2019-10-23 01:05,1135
2019-10-23 01:10,1132
2019-10-23 01:15,1132
2019-10-23 01:20,1124
2019-10-23 01:25,1117
2019-10-23 01:30,1127
2019-10-23 01:35,1124
2019-10-23 01:40,1113
2019-10-23 01:45,1121
2019-10-23 01:50,1105
2019-10-23 01:55,1103
2019-10-23 02:00,1080
2019-10-23 02:05,1070
2019-10-23 02:10,1063
2019-10-23 02:15,1054
2019-10-23 02:20,1056
2019-10-23 02:25,1048
2019-10-23 02:30,1028
2019-10-23 02:35,1035
2019-10-23 02:40,1035
2019-10-23 02:45,1025
2019-10-23 02:50,1025
2019-10-23 02:55,1012
2019-10-23 03:00,1004
2019-10-23 03:05,1014
2019-10-23 03:10,1019
2019-10-23 03:15,992
2019-10-23 03:20,983
2019-10-23 03:25,959
2019-10-23 03:30,955
2019-10-23 03:35,949
2019-10-23 03:40,940
2019-10-23 03:45,943
2019-10-23 03:50,933
2019-10-23 03:55,926
2019-10-23 04:00,918
2019-10-23 04:05,903
2019-10-23 04:10,903
2019-10-23 04:15,895
2019-10-23 04:20,891
2019-10-23 04:25,877
2019-10-23 04:30,874
2019-10-23 04:35,872
2019-10-23 04:40,844
2019-10-23 04:45,850
2019-10-23 04:50,850
2019-10-23 04:55,839
2019-10-23 05:00,822
2019-10-23 05:05,830
2019-10-23 05:10,823
2019-10-23 05:15,823
2019-10-23 05:20,819
2019-10-23 05:25,811
2019-10-23 05:30,805
2019-10-23 05:35,799
2019-10-23 05:40,801
2019-10-23 05:45,813
2019-10-23 05:50,796
2019-10-23 05:55,794
2019-10-23 06:00,797
2019-10-23 06:05,804
2019-10-23 06:10,798
2019-10-23 06:15,784
2019-10-23 06:20,791
2019-10-23 06:25,799
2019-10-23 06:30,803
2019-10-23 06:35,804
2019-10-23 06:40,799
2019-10-23 06:45,794
2019-10-23 06:50,792
2019-10-23 06:55,786
2019-10-23 07:00,787
2019-10-23 07:05,795
2019-10-23 07:10,804
2019-10-23 07:15,803
2019-10-23 07:20,805
2019-10-23 07:25,805
2019-10-23 07:30,818
2019-10-23 07:35,812
2019-10-23 07:40,809
2019-10-23 07:45,810
2019-10-23 07:50,804
2019-10-23 07:55,810
2019-10-23 08:00,826
2019-10-23 08:05,827
2019-10-23 08:10,827
2019-10-23 08:15,836
2019-10-23 08:20,839
2019-10-23 08:25,855
2019-10-23 08:30,864
2019-10-23 08:35,877
2019-10-23 08:40,880
2019-10-23 08:45,876
2019-10-23 08:50,882
2019-10-23 08:55,898
2019-10-23 09:00,891
2019-10-23 09:05,890
2019-10-23 09:10,894
2019-10-23 09:15,911
2019-10-23 09:20,931
2019-10-23 09:25,940
2019-10-23 09:30,953
2019-10-23 09:35,958
2019-10-23 09:40,973
2019-10-23 09:45,970
2019-10-23 09:50,989
2019-10-23 09:55,988
2019-10-23 10:00,1011
2019-10-23 10:05,1024
2019-10-23 10:10,1033
2019-10-23 10:15,1059
2019-10-23 10:20,1071
2019-10-23 10:25,1097
2019-10-23 10:30,1112
2019-10-23 10:35,1108
2019-10-23 10:40,1117
2019-10-23 10:45,1133
2019-10-23 10:50,1125
2019-10-23 10:55,1127
2019-10-23 11:00,1116
2019-10-23 11:05,1121
2019-10-23 11:10,1119
2019-10-23 11:15,1116
2019-10-23 11:20,1117
2019-10-23 11:25,1138
2019-10-23 11:30,1131
2019-10-23 11:35,1148
2019-10-23 11:40,1162
2019-10-23 11:45,1178
2019-10-23 11:50,1206
2019-10-23 11:55,1205
2019-10-23 12:00,1197
2019-10-23 12:05,1204
2019-10-23 12:10,1208
2019-10-23 12:15,1213
2019-10-23 12:20,1229
2019-10-23 12:25,1246
2019-10-23 12:30,1253
2019-10-23 12:35,1257
2019-10-23 12:40,1276
2019-10-23 12:45,1315
2019-10-23 12:50,1319
2019-10-23 12:55,1322
2019-10-23 13:00,1324
2019-10-23 13:05,1307
2019-10-23 13:10,1292
2019-10-23 13:15,1305
2019-10-23 13:20,1321
2019-10-23 13:25,1353
2019-10-23 13:30,1376
2019-10-23 13:35,1393
2019-10-23 13:40,1397
2019-10-23 13:45,1390
2019-10-23 13:50,1407
2019-10-23 13:55,1391
2019-10-23 14:00,1412
2019-10-23 14:05,1417
2019-10-23 14:10,1425
2019-10-23 14:15,1441
2019-10-23 14:20,1435
2019-10-23 14:25,1459
2019-10-23 14:30,1457
2019-10-23 14:35,1464
2019-10-23 14:40,1471
2019-10-23 14:45,1470
2019-10-23 14:50,1477
2019-10-23 14:55,1482
2019-10-23 15:00,1492
2019-10-23 15:05,1499
2019-10-23 15:10,1511
2019-10-23 15:15,1535
2019-10-23 15:20,1541
2019-10-23 15:25,1574
2019-10-23 15:30,1581
2019-10-23 15:35,1613
2019-10-23 15:40,1607
2019-10-23 15:45,1630
2019-10-23 15:50,1637
2019-10-23 15:55,1632
2019-10-23 16:00,1646
2019-10-23 16:05,1650
2019-10-23 16:10,1657
2019-10-23 16:15,1685
2019-10-23 16:20,1696
2019-10-23 16:25,1704
2019-10-23 16:30,1708
2019-10-23 16:35,1709
2019-10-23 16:40,1718
2019-10-23 16:45,1766
2019-10-23 16:50,1775
2019-10-23 16:55,1802
2019-10-23 17:00,1831
2019-10-23 17:05,1844
2019-10-23 17:10,1831
2019-10-23 17:15,1845
2019-10-23 17:20,1844
2019-10-23 17:25,1867
2019-10-23 17:30,1883
2019-10-23 17:35,1897
2019-10-23 17:40,1904
2019-10-23 17:45,1886
2019-10-23 17:50,1896
2019-10-23 17:55,1882
2019-10-23 18:00,1881
2019-10-23 18:05,1862
2019-10-23 18:10,1865
2019-10-23 18:15,1867
2019-10-23 18:20,1882
2019-10-23 18:25,1897
2019-10-23 18:30,1908
2019-10-23 18:35,1904
2019-10-23 18:40,1907
2019-10-23 18:45,1910
2019-10-23 18:50,1926
2019-10-23 18:55,1901
2019-10-23 19:00,1895
2019-10-23 19:05,1876
2019-10-23 19:10,1899
2019-10-23 19:15,1903
2019-10-23 19:20,1902
2019-10-23 19:25,1891
2019-10-23 19:30,1891
2019-10-23 19:35,1899
2019-10-23 19:40,1902
2019-10-23 19:45,1866
2019-10-23 19:50,1856
2019-10-23 19:55,1838
2019-10-23 20:00,1843
2019-10-23 20:05,1847
2019-10-23 20:10,1847
2019-10-23 20:15,1836
2019-10-23 20:20,1803
2019-10-23 20:25,1780
2019-10-23 20:30,1744
2019-10-23 20:35,1734
2019-10-23 20:40,1734
2019-10-23 20:45,1708
2019-10-23 20:50,1710
2019-10-23 20:55,1688
2019-10-23 21:00,1660
2019-10-23 21:05,1645
2019-10-23 21:10,1647
2019-10-23 21:15,1625
2019-10-23 21:20,1609
2019-10-23 21:25,1599
2019-10-23 21:30,1568
2019-10-23 21:35,1565
2019-10-23 21:40,1555
2019-10-23 21:45,1529
2019-10-23 21:50,1505
2019-10-23 21:55,1500
2019-10-23 22:00,1483
2019-10-23 22:05,1461
2019-10-23 22:10,1442
2019-10-23 22:15,1447
2019-10-23 22:20,1434
2019-10-23 22:25,1418
2019-10-23 22:30,1403
2019-10-23 22:35,1391
2019-10-23 22:40,1367
2019-10-23 22:45,0
2019-10-23 22:50,0
2019-10-23 22:55,1351
2019-10-23 23:00,1344
2019-10-23 23:05,1348
2019-10-23 23:10,1348
2019-10-23 23:15,1332
2019-10-23 23:20,1322
2019-10-23 23:25,1329
2019-10-23 23:30,1317
2019-10-23 23:35,1320
2019-10-23 23:40,1320
2019-10-23 23:45,1315
2019-10-23 23:50,1304
2019-10-23 23:55,1280
2019-10-24 00:00,1259
2019-10-24 00:05,1263
2019-10-24 00:10,1259
2019-10-24 00:15,1224
2019-10-24 00:20,1220
2019-10-24 00:25,1224
2019-10-24 00:30,1225
2019-10-24 00:35,1255
2019-10-24 00:40,1244
2019-10-24 00:45,1237
2019-10-24 00:50,1232
2019-10-24 00:55,1210
2019-10-24 01:00,1201
2019-10-24 01:05,1185
2019-10-24 01:10,1173
2019-10-24 01:15,1175
2019-10-24 01:20,1160
2019-10-24 01:25,1153
2019-10-24 01:30,1140
2019-10-24 01:35,1150
2019-10-24 01:40,1161
2019-10-24 01:45,1154
2019-10-24 01:50,1143
2019-10-24 01:55,1130
2019-10-24 02:00,1129
2019-10-24 02:05,1122
2019-10-24 02:10,1124
2019-10-24 02:15,1123
2019-10-24 02:20,1107
2019-10-24 02:25,1087
2019-10-24 02:30,1101
2019-10-24 02:35,1085
2019-10-24 02:40,1088
2019-10-24 02:45,1080
2019-10-24 02:50,1063
2019-10-24 02:55,1050
2019-10-24 03:00,1030
2019-10-24 03:05,1002
2019-10-24 03:10,995
2019-10-24 03:15,989
2019-10-24 03:20,997
2019-10-24 03:25,986
2019-10-24 03:30,976
2019-10-24 03:35,971
2019-10-24 03:40,959
2019-10-24 03:45,950
2019-10-24 03:50,953
2019-10-24 03:55,932
2019-10-24 04:00,912
2019-10-24 04:05,897
2019-10-24 04:10,887
2019-10-24 04:15,886
2019-10-24 04:20,875
2019-10-24 04:25,868
2019-10-24 04:30,860
2019-10-24 04:35,859
2019-10-24 04:40,869
2019-10-24 04:45,867
2019-10-24 04:50,858
2019-10-24 04:55,855
2019-10-24 05:00,845
2019-10-24 05:05,834
2019-10-24 05:10,837
2019-10-24 05:15,834
2019-10-24 05:20,833
2019-10-24 05:25,812
2019-10-24 05:30,798
2019-10-24 05:35,809
2019-10-24 05:40,799
2019-10-24 05:45,797
2019-10-24 05:50,783
2019-10-24 05:55,796
2019-10-24 06:00,792
2019-10-24 06:05,780
2019-10-24 06:10,783
2019-10-24 06:15,786
2019-10-24 06:20,771
2019-10-24 06:25,776
2019-10-24 06:30,777
2019-10-24 06:35,780
2019-10-24 06:40,775
2019-10-24 06:45,768
2019-10-24 06:50,777
2019-10-24 06:55,773
2019-10-24 07:00,779
2019-10-24 07:05,784
2019-10-24 07:10,791
2019-10-24 07:15,794
2019-10-24 07:20,793
2019-10-24 07:25,789
2019-10-24 07:30,794
2019-10-24 07:35,794
2019-10-24 07:40,805
2019-10-24 07:45,807
2019-10-24 07:50,803
2019-10-24 07:55,811
2019-10-24 08:00,814
2019-10-24 08:05,824
2019-10-24 08:10,826
2019-10-24 08:15,824
2019-10-24 08:20,834
2019-10-24 08:25,846
2019-10-24 08:30,851
2019-10-24 08:35,859
2019-10-24 08:40,870
2019-10-24 08:45,878
2019-10-24 08:50,870
2019-10-24 08:55,866
2019-10-24 09:00,875
2019-10-24 09:05,879
2019-10-24 09:10,888
2019-10-24 09:15,892
2019-10-24 09:20,896
2019-10-24 09:25,908
2019-10-24 09:30,917
2019-10-24 09:35,924
2019-10-24 09:40,929
2019-10-24 09:45,963
2019-10-24 09:50,961
2019-10-24 09:55,981
2019-10-24 10:00,987
2019-10-24 10:05,989
2019-10-24 10:10,1009
2019-10-24 10:15,1024
2019-10-24 10:20,1042
2019-10-24 10:25,1051
2019-10-24 10:30,1063
2019-10-24 10:35,1064
2019-10-24 10:40,1069
2019-10-24 10:45,1080
2019-10-24 10:50,1073
2019-10-24 10:55,1078
2019-10-24 11:00,1105
2019-10-24 11:05,1117
2019-10-24 11:10,1117
2019-10-24 11:15,1117
2019-10-24 11:20,1105
2019-10-24 11:25,1121
2019-10-24 11:30,1123
2019-10-24 11:35,1127
2019-10-24 11:40,1127
2019-10-24 11:45,1137
2019-10-24 11:50,1149
2019-10-24 11:55,1160
2019-10-24 12:00,1187
2019-10-24 12:05,1180
2019-10-24 12:10,1172
2019-10-24 12:15,1180
2019-10-24 12:20,1198
2019-10-24 12:25,1197
2019-10-24 12:30,1213
2019-10-24 12:35,1229
2019-10-24 12:40,1246
2019-10-24 12:45,1272
2019-10-24 12:50,1277
2019-10-24 12:55,1295
2019-10-24 13:00,1310
2019-10-24 13:05,1303
2019-10-24 13:10,1318
2019-10-24 13:15,1330
2019-10-24 13:20,1329
2019-10-24 13:25,1316
2019-10-24 13:30,1320
2019-10-24 13:35,1323
2019-10-24 13:40,1324
2019-10-24 13:45,1319
2019-10-24 13:50,1330
2019-10-24 13:55,1325
2019-10-24 14:00,1306
2019-10-24 14:05,1238
2019-10-24 14:10,1181
2019-10-24 14:15,1171
2019-10-24 14:20,1162
2019-10-24 14:25,1148
2019-10-24 14:30,1168
2019-10-24 14:35,1171
2019-10-24 14:40,1192
2019-10-24 14:45,1212
2019-10-24 14:50,1224
2019-10-24 14:55,1231
2019-10-24 15:00,1245
2019-10-24 15:05,1251
2019-10-24 15:10,1250
2019-10-24 15:15,1255
2019-10-24 15:20,1267
2019-10-24 15:25,1287
2019-10-24 15:30,1291
2019-10-24 15:35,1314
2019-10-24 15:40,1334
2019-10-24 15:45,1335
2019-10-24 15:50,1350
2019-10-24 15:55,0
2019-10-24 16:00,1381
2019-10-24 16:05,1412
2019-10-24 16:10,1421
2019-10-24 16:15,1411
2019-10-24 16:20,1420
2019-10-24 16:25,1475
2019-10-24 16:30,1488
2019-10-24 16:35,1506
2019-10-24 16:40,1516
2019-10-24 16:45,1534
2019-10-24 16:50,0
2019-10-24 16:55,1570
2019-10-24 17:00,1574
2019-10-24 17:05,1611
2019-10-24 17:10,1630
2019-10-24 17:15,1641
2019-10-24 17:20,1641
2019-10-24 17:25,1668
2019-10-24 17:30,1668
2019-10-24 17:35,1691
2019-10-24 17:40,1703
2019-10-24 17:45,1723
2019-10-24 17:50,1723
2019-10-24 17:55,1768
2019-10-24 18:00,1796
2019-10-24 18:05,1901
2019-10-24 18:10,1948
2019-10-24 18:15,1974
2019-10-24 18:20,1998
2019-10-24 18:25,2013
2019-10-24 18:30,2013
2019-10-24 18:35,2023
2019-10-24 18:40,2054
2019-10-24 18:45,2066
2019-10-24 18:50,2066
2019-10-24 18:55,2050
2019-10-24 19:00,2061
2019-10-24 19:05,1853
2019-10-24 19:10,2050
2019-10-24 19:15,2041
2019-10-24 19:20,2041
2019-10-24 19:25,2038
2019-10-24 19:30,2035
2019-10-24 19:35,2039
2019-10-24 19:40,2043
2019-10-24 19:45,2043
2019-10-24 19:50,2023
2019-10-24 19:55,1414
2019-10-24 20:00,1853
2019-10-24 20:05,1929
2019-10-24 20:10,
2019-10-24 20:15,
2019-10-24 20:20,1897
2019-10-24 20:25,1887
2019-10-24 20:30,1876
2019-10-24 20:35,1867
2019-10-24 20:40,1844
2019-10-24 20:45,1832
2019-10-24 20:50,0
2019-10-24 20:55,1781
2019-10-24 21:00,1756
2019-10-24 21:05,1728
2019-10-24 21:10,1678
2019-10-24 21:15,1658
2019-10-24 21:20,1636
2019-10-24 21:25,1629
2019-10-24 21:30,1638
2019-10-24 21:35,1623
2019-10-24 21:40,1599
2019-10-24 21:45,1575
2019-10-24 21:50,1567
2019-10-24 21:55,1541
2019-10-24 22:00,1515
2019-10-24 22:05,1498
2019-10-24 22:10,1483
2019-10-24 22:15,1490
2019-10-24 22:20,1459
2019-10-24 22:25,1441
2019-10-24 22:30,1407
2019-10-24 22:35,1407
2019-10-24 22:40,1387
2019-10-24 22:45,1393
2019-10-24 22:50,1384
2019-10-24 22:55,1388
2019-10-24 23:00,1383
2019-10-24 23:05,1358
2019-10-24 23:10,1348
2019-10-24 23:15,1332
2019-10-24 23:20,1318
2019-10-24 23:25,1320
2019-10-24 23:30,1311
2019-10-24 23:35,1298
2019-10-24 23:40,1311
2019-10-24 23:45,1315
2019-10-24 23:50,1317
2019-10-24 23:55,1304
2019-10-25 00:00,1293
2019-10-25 00:05,1296
2019-10-25 00:10,1274
2019-10-25 00:15,1276
2019-10-25 00:20,1273
2019-10-25 00:25,1263
2019-10-25 00:30,
2019-10-25 00:35,
2019-10-25 00:40,1234
2019-10-25 00:45,1213
2019-10-25 00:50,1210
2019-10-25 00:55,0
2019-10-25 01:00,1217
2019-10-25 01:05,1199
2019-10-25 01:10,1206
2019-10-25 01:15,1201
2019-10-25 01:20,1203
2019-10-25 01:25,1198
2019-10-25 01:30,1212
2019-10-25 01:35,1215
2019-10-25 01:40,1199
2019-10-25 01:45,1187
2019-10-25 01:50,1168
2019-10-25 01:55,1156
2019-10-25 02:00,1156
2019-10-25 02:05,1137
2019-10-25 02:10,1127
2019-10-25 02:15,1108
2019-10-25 02:20,1106
2019-10-25 02:25,1101
2019-10-25 02:30,1101
2019-10-25 02:35,1099
2019-10-25 02:40,1089
2019-10-25 02:45,1095
2019-10-25 02:50,1072
2019-10-25 02:55,1062
2019-10-25 03:00,1054
2019-10-25 03:05,1048
2019-10-25 03:10,1038
2019-10-25 03:15,1042
2019-10-25 03:20,1042
2019-10-25 03:25,1041
2019-10-25 03:30,1021
2019-10-25 03:35,1023
2019-10-25 03:40,1002
2019-10-25 03:45,1003
2019-10-25 03:50,989
2019-10-25 03:55,997
2019-10-25 04:00,975
2019-10-25 04:05,964
2019-10-25 04:10,953
2019-10-25 04:15,951
2019-10-25 04:20,958
2019-10-25 04:25,937
2019-10-25 04:30,920
2019-10-25 04:35,908
2019-10-25 04:40,912
2019-10-25 04:45,908
2019-10-25 04:50,898
2019-10-25 04:55,901
2019-10-25 05:00,883
2019-10-25 05:05,856
2019-10-25 05:10,853
2019-10-25 05:15,859
2019-10-25 05:20,860
2019-10-25 05:25,873
2019-10-25 05:30,869
2019-10-25 05:35,853
2019-10-25 05:40,845
2019-10-25 05:45,849
2019-10-25 05:50,855
2019-10-25 05:55,857
2019-10-25 06:00,846
2019-10-25 06:05,851
2019-10-25 06:10,840
2019-10-25 06:15,834
2019-10-25 06:20,823
2019-10-25 06:25,812
2019-10-25 06:30,810
2019-10-25 06:35,814
2019-10-25 06:40,818
2019-10-25 06:45,811
2019-10-25 06:50,815
2019-10-25 06:55,811
2019-10-25 07:00,819
2019-10-25 07:05,814
2019-10-25 07:10,816
2019-10-25 07:15,814
2019-10-25 07:20,817
2019-10-25 07:25,822
2019-10-25 07:30,830
2019-10-25 07:35,847
2019-10-25 07:40,848
2019-10-25 07:45,844
2019-10-25 07:50,841
2019-10-25 07:55,863
2019-10-25 08:00,857
2019-10-25 08:05,859
2019-10-25 08:10,857
2019-10-25 08:15,847
2019-10-25 08:20,854
2019-10-25 08:25,856
2019-10-25 08:30,849
2019-10-25 08:35,850
2019-10-25 08:40,857
2019-10-25 08:45,860
2019-10-25 08:50,855
2019-10-25 08:55,869
2019-10-25 09:00,867
2019-10-25 09:05,890
2019-10-25 09:10,904
2019-10-25 09:15,918
2019-10-25 09:20,925
2019-10-25 09:25,936
2019-10-25 09:30,946
2019-10-25 09:35,958
2019-10-25 09:40,985
2019-10-25 09:45,991
2019-10-25 09:50,1000
2019-10-25 09:55,1014
2019-10-25 10:00,1032
2019-10-25 10:05,1038
2019-10-25 10:10,1062
2019-10-25 10:15,1071
2019-10-25 10:20,1082
2019-10-25 10:25,1106
2019-10-25 10:30,1119
2019-10-25 10:35,1125
2019-10-25 10:40,1151
2019-10-25 10:45,1166
2019-10-25 10:50,1174
2019-10-25 10:55,1172
2019-10-25 11:00,1188
2019-10-25 11:05,1195
2019-10-25 11:10,1202
2019-10-25 11:15,1199
2019-10-25 11:20,1196
2019-10-25 11:25,1208
2019-10-25 11:30,1224
2019-10-25 11:35,1221
2019-10-25 11:40,1238
2019-10-25 11:45,1244
2019-10-25 11:50,1261
2019-10-25 11:55,1271
2019-10-25 12:00,1278
2019-10-25 12:05,1271
2019-10-25 12:10,1282
2019-10-25 12:15,1287
2019-10-25 12:20,1294
2019-10-25 12:25,1293
2019-10-25 12:30,1319
2019-10-25 12:35,1330
2019-10-25 12:40,1333
2019-10-25 12:45,1355
2019-10-25 12:50,1366
2019-10-25 12:55,1353
2019-10-25 13:00,1369
2019-10-25 13:05,1384
2019-10-25 13:10,1395
2019-10-25 13:15,1403
2019-10-25 13:20,1395
2019-10-25 13:25,1414
2019-10-25 13:30,1406
2019-10-25 13:35,1456
2019-10-25 13:40,1482
2019-10-25 13:45,1499
2019-10-25 13:50,1488
2019-10-25 13:55,1484
2019-10-25 14:00,1492
2019-10-25 14:05,1511
2019-10-25 14:10,1521
2019-10-25 14:15,1528
2019-10-25 14:20,1547
2019-10-25 14:25,1541
2019-10-25 14:30,1537
2019-10-25 14:35,1544
2019-10-25 14:40,1566
2019-10-25 14:45,1577
2019-10-25 14:50,1594
2019-10-25 14:55,1604
2019-10-25 15:00,1605
2019-10-25 15:05,1614
2019-10-25 15:10,1622
2019-10-25 15:15,1653
2019-10-25 15:20,1655
2019-10-25 15:25,1669
2019-10-25 15:30,1667
2019-10-25 15:35,1669
2019-10-25 15:40,1681
2019-10-25 15:45,
2019-10-25 15:50,1717
2019-10-25 15:55,1714
2019-10-25 16:00,1719
2019-10-25 16:05,1721
2019-10-25 16:10,1746
2019-10-25 16:15,1759
2019-10-25 16:20,1784
2019-10-25 16:25,1808
2019-10-25 16:30,1833
2019-10-25 16:35,1841
2019-10-25 16:40,1862
2019-10-25 16:45,1858
2019-10-25 16:50,1878
2019-10-25 16:55,1887
2019-10-25 17:00,1890
2019-10-25 17:05,1888
2019-10-25 17:10,1902
2019-10-25 17:15,1888
2019-10-25 17:20,1916
2019-10-25 17:25,1928
2019-10-25 17:30,1925
2019-10-25 17:35,1928
2019-10-25 17:40,1912
2019-10-25 17:45,1914
2019-10-25 17:50,1910
2019-10-25 17:55,1929
2019-10-25 18:00,1916
2019-10-25 18:05,1911
2019-10-25 18:10,1905
2019-10-25 18:15,
2019-10-25 18:20,
2019-10-25 18:25,1906
2019-10-25 18:30,1912
2019-10-25 18:35,1936
2019-10-25 18:40,1944
2019-10-25 18:45,1961
2019-10-25 18:50,1970
2019-10-25 18:55,1986
2019-10-25 19:00,1998
2019-10-25 19:05,1988
2019-10-25 19:10,1992
2019-10-25 19:15,1995
2019-10-25 19:20,1998
2019-10-25 19:25,2003
2019-10-25 19:30,1993
2019-10-25 19:35,2003
2019-10-25 19:40,1993
2019-10-25 19:45,1985
2019-10-25 19:50,1986
2019-10-25 19:55,1980
2019-10-25 20:00,1967
2019-10-25 20:05,1957
2019-10-25 20:10,1945
2019-10-25 20:15,1928
2019-10-25 20:20,1904
2019-10-25 20:25,1895
2019-10-25 20:30,1874
2019-10-25 20:35,1886
2019-10-25 20:40,1888
2019-10-25 20:45,1870
2019-10-25 20:50,1888
2019-10-25 20:55,1876
2019-10-25 21:00,1871
2019-10-25 21:05,1850
2019-10-25 21:10,1833
2019-10-25 21:15,1815
2019-10-25 21:20,1829
2019-10-25 21:25,1812
2019-10-25 21:30,1797
2019-10-25 21:35,1784
2019-10-25 21:40,1755
2019-10-25 21:45,1746
2019-10-25 21:50,1736
2019-10-25 21:55,1730
2019-10-25 22:00,1702
2019-10-25 22:05,1670
2019-10-25 22:10,1654
2019-10-25 22:15,1625
2019-10-25 22:20,1611
2019-10-25 22:25,1598
2019-10-25 22:30,1590
2019-10-25 22:35,1553
2019-10-25 22:40,1524
2019-10-25 22:45,1507
2019-10-25 22:50,1491
2019-10-25 22:55,1466
2019-10-25 23:00,1450
2019-10-25 23:05,1447
2019-10-25 23:10,1431
2019-10-25 23:15,1437
2019-10-25 23:20,1441
2019-10-25 23:25,1416
2019-10-25 23:30,1409
2019-10-25 23:35,1399
2019-10-25 23:40,1381
2019-10-25 23:45,1375
2019-10-25 23:50,1361
2019-10-25 23:55,1356
2019-10-26 00:00,1352
2019-10-26 00:05,1345
2019-10-26 00:10,1334
2019-10-26 00:15,1326
2019-10-26 00:20,1332
2019-10-26 00:25,1324
2019-10-26 00:30,1304
2019-10-26 00:35,1290
2019-10-26 00:40,1278
2019-10-26 00:45,1264
2019-10-26 00:50,1269
2019-10-26 00:55,1281
2019-10-26 01:00,1274
2019-10-26 01:05,1276
2019-10-26 01:10,1271
2019-10-26 01:15,1275
2019-10-26 01:20,1287
2019-10-26 01:25,1290
2019-10-26 01:30,1276
2019-10-26 01:35,1261
2019-10-26 01:40,1259
2019-10-26 01:45,1248
2019-10-26 01:50,1249
2019-10-26 01:55,1238
2019-10-26 02:00,1219
2019-10-26 02:05,1225
2019-10-26 02:10,1224
2019-10-26 02:15,1215
2019-10-26 02:20,1226
2019-10-26 02:25,1218
2019-10-26 02:30,1210
2019-10-26 02:35,1215
2019-10-26 02:40,1217
2019-10-26 02:45,1217
2019-10-26 02:50,1211
2019-10-26 02:55,1199
2019-10-26 03:00,1180
2019-10-26 03:05,1173
2019-10-26 03:10,1162
2019-10-26 03:15,1158
2019-10-26 03:20,1151
2019-10-26 03:25,1139
2019-10-26 03:30,1128
2019-10-26 03:35,1115
2019-10-26 03:40,1111
2019-10-26 03:45,1112
2019-10-26 03:50,1096
2019-10-26 03:55,1077
2019-10-26 04:00,1075
2019-10-26 04:05,1079
2019-10-26 04:10,1080
2019-10-26 04:15,1067
2019-10-26 04:20,1067
2019-10-26 04:25,1068
2019-10-26 04:30,1069
2019-10-26 04:35,1055
2019-10-26 04:40,1043
2019-10-26 04:45,1031
2019-10-26 04:50,1040
2019-10-26 04:55,1039
2019-10-26 05:00,1029
2019-10-26 05:05,1025
2019-10-26 05:10,1016
2019-10-26 05:15,1015
2019-10-26 05:20,1022
2019-10-26 05:25,1015
2019-10-26 05:30,994
2019-10-26 05:35,981
2019-10-26 05:40,966
2019-10-26 05:45,968
2019-10-26 05:50,956
2019-10-26 05:55,942
2019-10-26 06:00,961
2019-10-26 06:05,966
2019-10-26 06:10,973
2019-10-26 06:15,966
2019-10-26 06:20,964
2019-10-26 06:25,977
2019-10-26 06:30,960
2019-10-26 06:35,964
2019-10-26 06:40,975
2019-10-26 06:45,977
2019-10-26 06:50,984
2019-10-26 06:55,979
2019-10-26 07:00,980
2019-10-26 07:05,965
2019-10-26 07:10,967
2019-10-26 07:15,988
2019-10-26 07:20,992
2019-10-26 07:25,986
2019-10-26 07:30,993
2019-10-26 07:35,1001
2019-10-26 07:40,1007
2019-10-26 07:45,1018
2019-10-26 07:50,1027
2019-10-26 07:55,1048
2019-10-26 08:00,1054
2019-10-26 08:05,1056
2019-10-26 08:10,1050
2019-10-26 08:15,1047
2019-10-26 08:20,1059
2019-10-26 08:25,1063
2019-10-26 08:30,1064
2019-10-26 08:35,1081
2019-10-26 08:40,1108
2019-10-26 08:45,1119
2019-10-26 08:50,1126
2019-10-26 08:55,1129
2019-10-26 09:00,1128
2019-10-26 09:05,1141
2019-10-26 09:10,1168
2019-10-26 09:15,1181
2019-10-26 09:20,1182
2019-10-26 09:25,1204
2019-10-26 09:30,1207
2019-10-26 09:35,1226
2019-10-26 09:40,1240
2019-10-26 09:45,1258
2019-10-26 09:50,1277
2019-10-26 09:55,1305
2019-10-26 10:00,1330
2019-10-26 10:05,1358
2019-10-26 10:10,1380
2019-10-26 10:15,1386
2019-10-26 10:20,1401
2019-10-26 10:25,1421
2019-10-26 10:30,1435
2019-10-26 10:35,1445
2019-10-26 10:40,1428
2019-10-26 10:45,1432
2019-10-26 10:50,1448
2019-10-26 10:55,1458
2019-10-26 11:00,1480
2019-10-26 11:05,1461
2019-10-26 11:10,1468
2019-10-26 11:15,1483
2019-10-26 11:20,1496
2019-10-26 11:25,1505
2019-10-26 11:30,1521
2019-10-26 11:35,1497
2019-10-26 11:40,1489
2019-10-26 11:45,1524
2019-10-26 11:50,1538
2019-10-26 11:55,1525
2019-10-26 12:00,1522
2019-10-26 12:05,1550
2019-10-26 12:10,1560
2019-10-26 12:15,1558
2019-10-26 12:20,1564
2019-10-26 12:25,1577
2019-10-26 12:30,1592
2019-10-26 12:35,1599
2019-10-26 12:40,1613
2019-10-26 12:45,1628
2019-10-26 12:50,1644
2019-10-26 12:55,1662
2019-10-26 13:00,1669
2019-10-26 13:05,1671
2019-10-26 13:10,1690
2019-10-26 13:15,1714
2019-10-26 13:20,1687
2019-10-26 13:25,1691
2019-10-26 13:30,1697
2019-10-26 13:35,1699
2019-10-26 13:40,1730
2019-10-26 13:45,1746
2019-10-26 13:50,1734
2019-10-26 13:55,1737
2019-10-26 14:00,1782
2019-10-26 14:05,1785
2019-10-26 14:10,1788
2019-10-26 14:15,1801
2019-10-26 14:20,1816
2019-10-26 14:25,1831
2019-10-26 14:30,1831
2019-10-26 14:35,1802
2019-10-26 14:40,1833
2019-10-26 14:45,1846
2019-10-26 14:50,1845
2019-10-26 14:55,1863
2019-10-26 15:00,1889
2019-10-26 15:05,1889
2019-10-26 15:10,1887
2019-10-26 15:15,1896
2019-10-26 15:20,1926
2019-10-26 15:25,1936
2019-10-26 15:30,1921
2019-10-26 15:35,1934
2019-10-26 15:40,1952
2019-10-26 15:45,1963
2019-10-26 15:50,1962
2019-10-26 15:55,1949
2019-10-26 16:00,1960
2019-10-26 16:05,1954
2019-10-26 16:10,1953
2019-10-26 16:15,1975
2019-10-26 16:20,1985
2019-10-26 16:25,1982
2019-10-26 16:30,1976
2019-10-26 16:35,1987
2019-10-26 16:40,1999
2019-10-26 16:45,2003
2019-10-26 16:50,2045
2019-10-26 16:55,2060
2019-10-26 17:00,2078
2019-10-26 17:05,2088
2019-10-26 17:10,2101
2019-10-26 17:15,2106
2019-10-26 17:20,2097
2019-10-26 17:25,2105
2019-10-26 17:30,2097
2019-10-26 17:35,2096
2019-10-26 17:40,2105
2019-10-26 17:45,2116
2019-10-26 17:50,2127
2019-10-26 17:55,2143
2019-10-26 18:00,2135
2019-10-26 18:05,2120
2019-10-26 18:10,2123
2019-10-26 18:15,2115
2019-10-26 18:20,2103
2019-10-26 18:25,2078
2019-10-26 18:30,2068
2019-10-26 18:35,2100
2019-10-26 18:40,2105
2019-10-26 18:45,2135
2019-10-26 18:50,2118
2019-10-26 18:55,2119
2019-10-26 19:00,2119
2019-10-26 19:05,2120
2019-10-26 19:10,2110
2019-10-26 19:15,2146
2019-10-26 19:20,2129
2019-10-26 19:25,2134
2019-10-26 19:30,2111
2019-10-26 19:35,2099
2019-10-26 19:40,2106
2019-10-26 19:45,2112
2019-10-26 19:50,2122
2019-10-26 19:55,2125
2019-10-26 20:00,2111
2019-10-26 20:05,2116
2019-10-26 20:10,2113
2019-10-26 20:15,2098
2019-10-26 20:20,2095
2019-10-26 20:25,2099
2019-10-26 20:30,2081
2019-10-26 20:35,2070
2019-10-26 20:40,2074
2019-10-26 20:45,2057
2019-10-26 20:50,2029
2019-10-26 20:55,2015
2019-10-26 21:00,2009
2019-10-26 21:05,2005
2019-10-26 21:10,1988
2019-10-26 21:15,1971
2019-10-26 21:20,1940
2019-10-26 21:25,1920
2019-10-26 21:30,1900
2019-10-26 21:35,1888
2019-10-26 21:40,1867
2019-10-26 21:45,1858
2019-10-26 21:50,1836
2019-10-26 21:55,1820
2019-10-26 22:00,1794
2019-10-26 22:05,1781
2019-10-26 22:10,1760
2019-10-26 22:15,1757
2019-10-26 22:20,1754
2019-10-26 22:25,1742
2019-10-26 22:30,1724
2019-10-26 22:35,1707
2019-10-26 22:40,1690
2019-10-26 22:45,1671
2019-10-26 22:50,1642
2019-10-26 22:55,1614
2019-10-26 23:00,1595
2019-10-26 23:05,1592
2019-10-26 23:10,1582
2019-10-26 23:15,1571
2019-10-26 23:20,1556
2019-10-26 23:25,1535
2019-10-26 23:30,1511
2019-10-26 23:35,1470
2019-10-26 23:40,1474
2019-10-26 23:45,1459
2019-10-26 23:50,1447
2019-10-26 23:55,1446
2019-10-27 00:00,1433
2019-10-27 00:05,1438
2019-10-27 00:10,1404
2019-10-27 00:15,1390
2019-10-27 00:20,1380
2019-10-27 00:25,1351
2019-10-27 00:30,1344
2019-10-27 00:35,1329
2019-10-27 00:40,1316
2019-10-27 00:45,1319
2019-10-27 00:50,1319
2019-10-27 00:55,1314
2019-10-27 01:00,1319
2019-10-27 01:05,1324
2019-10-27 01:10,1322
2019-10-27 01:15,1344
2019-10-27 01:20,1347
2019-10-27 01:25,1347
2019-10-27 01:30,1341
2019-10-27 01:35,1325
2019-10-27 01:40,1328
2019-10-27 01:45,1311
2019-10-27 01:50,1311
2019-10-27 01:55,1308
2019-10-27 02:00,1313
2019-10-27 02:05,1300
2019-10-27 02:10,1310
2019-10-27 02:15,1308
2019-10-27 02:20,1313
2019-10-27 02:25,1301
2019-10-27 02:30,1303
2019-10-27 02:35,1298
2019-10-27 02:40,1300
2019-10-27 02:45,1291
2019-10-27 02:50,1279
2019-10-27 02:55,1267
2019-10-27 03:00,1257
2019-10-27 03:05,1257
2019-10-27 03:10,1242
2019-10-27 03:15,1241
2019-10-27 03:20,1235
2019-10-27 03:25,1203
2019-10-27 03:30,1195
2019-10-27 03:35,1180
2019-10-27 03:40,1167
2019-10-27 03:45,1132
2019-10-27 03:50,1114
2019-10-27 03:55,1114
2019-10-27 04:00,1108
2019-10-27 04:05,1100
2019-10-27 04:10,1092
2019-10-27 04:15,1093
2019-10-27 04:20,1099
2019-10-27 04:25,1099
2019-10-27 04:30,1100
2019-10-27 04:35,1095
2019-10-27 04:40,1081
2019-10-27 04:45,1073
2019-10-27 04:50,1071
2019-10-27 04:55,1061
2019-10-27 05:00,1059
2019-10-27 05:05,1066
2019-10-27 05:10,1067
2019-10-27 05:15,1068
2019-10-27 05:20,1065
2019-10-27 05:25,1066
2019-10-27 05:30,1057
2019-10-27 05:35,1038
2019-10-27 05:40,1037
2019-10-27 05:45,1031
2019-10-27 05:50,1034
2019-10-27 05:55,1019
2019-10-27 06:00,1014
2019-10-27 06:05,1010
2019-10-27 06:10,1017
2019-10-27 06:15,1016
2019-10-27 06:20,1027
2019-10-27 06:25,1019
2019-10-27 06:30,1016
2019-10-27 06:35,1020
2019-10-27 06:40,1020
2019-10-27 06:45,1013
2019-10-27 06:50,1024
2019-10-27 06:55,1011
2019-10-27 07:00,1028
2019-10-27 07:05,1050
2019-10-27 07:10,1054
2019-10-27 07:15,1079
2019-10-27 07:20,1071
2019-10-27 07:25,1073
2019-10-27 07:30,1090
2019-10-27 07:35,1104
2019-10-27 07:40,1118
2019-10-27 07:45,1132
2019-10-27 07:50,1134
2019-10-27 07:55,1153
2019-10-27 08:00,1168
2019-10-27 08:05,1187
2019-10-27 08:10,1182
2019-10-27 08:15,1174
2019-10-27 08:20,1167
2019-10-27 08:25,1173
2019-10-27 08:30,1186
2019-10-27 08:35,1205
2019-10-27 08:40,1227
2019-10-27 08:45,1255
2019-10-27 08:50,1266
2019-10-27 08:55,1283
2019-10-27 09:00,1322
2019-10-27 09:05,1351
2019-10-27 09:10,1360
2019-10-27 09:15,1346
2019-10-27 09:20,1379
2019-10-27 09:25,1380
2019-10-27 09:30,1391
2019-10-27 09:35,1410
2019-10-27 09:40,1423
2019-10-27 09:45,1421
2019-10-27 09:50,1424
2019-10-27 09:55,1432
2019-10-27 10:00,1452
2019-10-27 10:05,1460
2019-10-27 10:10,1487
2019-10-27 10:15,1503
2019-10-27 10:20,1526
2019-10-27 10:25,1535
2019-10-27 10:30,1551
2019-10-27 10:35,1560
2019-10-27 10:40,1568
2019-10-27 10:45,1587
2019-10-27 10:50,1601
2019-10-27 10:55,1599
2019-10-27 11:00,1612
2019-10-27 11:05,1616
2019-10-27 11:10,1628
2019-10-27 11:15,1640
2019-10-27 11:20,1645
2019-10-27 11:25,1674
2019-10-27 11:30,1679
2019-10-27 11:35,1683
2019-10-27 11:40,1693
2019-10-27 11:45,1709
2019-10-27 11:50,1715
2019-10-27 11:55,1720
2019-10-27 12:00,1736
2019-10-27 12:05,1730
2019-10-27 12:10,1705
2019-10-27 12:15,1704
2019-10-27 12:20,1712
2019-10-27 12:25,1695
2019-10-27 12:30,1691
2019-10-27 12:35,1696
2019-10-27 12:40,1721
2019-10-27 12:45,1731
2019-10-27 12:50,1751
2019-10-27 12:55,1775
2019-10-27 13:00,1773
2019-10-27 13:05,1772
2019-10-27 13:10,1778
2019-10-27 13:15,1793
2019-10-27 13:20,1796
2019-10-27 13:25,1825
2019-10-27 13:30,1838
2019-10-27 13:35,1843
2019-10-27 13:40,1866
2019-10-27 13:45,1878
2019-10-27 13:50,1910
2019-10-27 13:55,1914
2019-10-27 14:00,1898
2019-10-27 14:05,1926
2019-10-27 14:10,1927
2019-10-27 14:15,1963
2019-10-27 14:20,1966
2019-10-27 14:25,1958
2019-10-27 14:30,1959
2019-10-27 14:35,1963
2019-10-27 14:40,1969
2019-10-27 14:45,1992
2019-10-27 14:50,1999
2019-10-27 14:55,2010
2019-10-27 15:00,2018
2019-10-27 15:05,2048
2019-10-27 15:10,2054
2019-10-27 15:15,2075
2019-10-27 15:20,2088
2019-10-27 15:25,2088
2019-10-27 15:30,2085
2019-10-27 15:35,2073
2019-10-27 15:40,2068
2019-10-27 15:45,2116
2019-10-27 15:50,2128
2019-10-27 15:55,2143
2019-10-27 16:00,2159
2019-10-27 16:05,2179
2019-10-27 16:10,2161
2019-10-27 16:15,2164
2019-10-27 16:20,2166
2019-10-27 16:25,2183
2019-10-27 16:30,2192
2019-10-27 16:35,2205
2019-10-27 16:40,2202
2019-10-27 16:45,2223
2019-10-27 16:50,2223
2019-10-27 16:55,2229
2019-10-27 17:00,2233
2019-10-27 17:05,2251
2019-10-27 17:10,2269
2019-10-27 17:15,2282
2019-10-27 17:20,2290
2019-10-27 17:25,2287
2019-10-27 17:30,2304
2019-10-27 17:35,2337
2019-10-27 17:40,2342
2019-10-27 17:45,2355
2019-10-27 17:50,2371
2019-10-27 17:55,2382
2019-10-27 18:00,2395
2019-10-27 18:05,2407
2019-10-27 18:10,2430
2019-10-27 18:15,2416
2019-10-27 18:20,2406
2019-10-27 18:25,2395
2019-10-27 18:30,2401
2019-10-27 18:35,2412
2019-10-27 18:40,2414
2019-10-27 18:45,2418
2019-10-27 18:50,2415
2019-10-27 18:55,2402
2019-10-27 19:00,2393
2019-10-27 19:05,2381
2019-10-27 19:10,2363
2019-10-27 19:15,2364
2019-10-27 19:20,2368
2019-10-27 19:25,2376
2019-10-27 19:30,2385
2019-10-27 19:35,2393
2019-10-27 19:40,2379
2019-10-27 19:45,2367
2019-10-27 19:50,2339
2019-10-27 19:55,2345
2019-10-27 20:00,2335
2019-10-27 20:05,2327
2019-10-27 20:10,2332
2019-10-27 20:15,2319
2019-10-27 20:20,2315
2019-10-27 20:25,2300
2019-10-27 20:30,2282
2019-10-27 20:35,2236
2019-10-27 20:40,2222
2019-10-27 20:45,2227
2019-10-27 20:50,2222
2019-10-27 20:55,2211
2019-10-27 21:00,2206
2019-10-27 21:05,2178
2019-10-27 21:10,2176
2019-10-27 21:15,2166
2019-10-27 21:20,2137
2019-10-27 21:25,2130
2019-10-27 21:30,2120
2019-10-27 21:35,2102
2019-10-27 21:40,2098
2019-10-27 21:45,2090
2019-10-27 21:50,2049
2019-10-27 21:55,2021
2019-10-27 22:00,1986
2019-10-27 22:05,1950
2019-10-27 22:10,1928
2019-10-27 22:15,1915
2019-10-27 22:20,1895
2019-10-27 22:25,1870
2019-10-27 22:30,1827
2019-10-27 22:35,1799
2019-10-27 22:40,1789
2019-10-27 22:45,1781
2019-10-27 22:50,1768
2019-10-27 22:55,1740
2019-10-27 23:00,1723
2019-10-27 23:05,1708
2019-10-27 23:10,1701
2019-10-27 23:15,1682
2019-10-27 23:20,1683
2019-10-27 23:25,1664
2019-10-27 23:30,1642
2019-10-27 23:35,1639
2019-10-27 23:40,1628
2019-10-27 23:45,1593
2019-10-27 23:50,1599
2019-10-27 23:55,1567
2019-10-28 00:00,1558
2019-10-28 00:05,1537
2019-10-28 00:10,1523
2019-10-28 00:15,1514
2019-10-28 00:20,1501
2019-10-28 00:25,1487
2019-10-28 00:30,1472
2019-10-28 00:35,1446
2019-10-28 00:40,1439
2019-10-28 00:45,1417
2019-10-28 00:50,1412
2019-10-28 00:55,1387
2019-10-28 01:00,1375
2019-10-28 01:05,1374
2019-10-28 01:10,1350
2019-10-28 01:15,1328
2019-10-28 01:20,1337
2019-10-28 01:25,1324
2019-10-28 01:30,1315
2019-10-28 01:35,1317
2019-10-28 01:40,1323
2019-10-28 01:45,1330
2019-10-28 01:50,1329
2019-10-28 01:55,1313
2019-10-28 02:00,1289
2019-10-28 02:05,1276
2019-10-28 02:10,1284
2019-10-28 02:15,1263
2019-10-28 02:20,1260
2019-10-28 02:25,1256
2019-10-28 02:30,1233
2019-10-28 02:35,1215
2019-10-28 02:40,1201
2019-10-28 02:45,1182
2019-10-28 02:50,1166
2019-10-28 02:55,1155
2019-10-28 03:00,1137
2019-10-28 03:05,1141
2019-10-28 03:10,1140
2019-10-28 03:15,1117
2019-10-28 03:20,1091
2019-10-28 03:25,1077
2019-10-28 03:30,1067
2019-10-28 03:35,1066
2019-10-28 03:40,1054
2019-10-28 03:45,1050
2019-10-28 03:50,1025
2019-10-28 03:55,1013
2019-10-28 04:00,1008
2019-10-28 04:05,997
2019-10-28 04:10,987
2019-10-28 04:15,986
2019-10-28 04:20,994
2019-10-28 04:25,973
2019-10-28 04:30,960
2019-10-28 04:35,945
2019-10-28 04:40,920
2019-10-28 04:45,906
2019-10-28 04:50,892
2019-10-28 04:55,898
2019-10-28 05:00,885
2019-10-28 05:05,865
2019-10-28 05:10,847
2019-10-28 05:15,844
2019-10-28 05:20,832
2019-10-28 05:25,818
2019-10-28 05:30,808
2019-10-28 05:35,796
2019-10-28 05:40,790
2019-10-28 05:45,802
2019-10-28 05:50,794
2019-10-28 05:55,806
2019-10-28 06:00,797
2019-10-28 06:05,788
2019-10-28 06:10,786
2019-10-28 06:15,782
2019-10-28 06:20,774
2019-10-28 06:25,781
2019-10-28 06:30,784
2019-10-28 06:35,783
2019-10-28 06:40,781
2019-10-28 06:45,780
2019-10-28 06:50,785
2019-10-28 06:55,781
2019-10-28 07:00,787
2019-10-28 07:05,794
2019-10-28 07:10,797
2019-10-28 07:15,815
2019-10-28 07:20,819
2019-10-28 07:25,807
2019-10-28 07:30,825
2019-10-28 07:35,807
2019-10-28 07:40,809
2019-10-28 07:45,816
2019-10-28 07:50,829
2019-10-28 07:55,807
2019-10-28 08:00,814
2019-10-28 08:05,813
2019-10-28 08:10,828
2019-10-28 08:15,846
2019-10-28 08:20,839
2019-10-28 08:25,851
2019-10-28 08:30,862
2019-10-28 08:35,863
2019-10-28 08:40,868
2019-10-28 08:45,884
2019-10-28 08:50,897
2019-10-28 08:55,905
2019-10-28 09:00,909
2019-10-28 09:05,908
2019-10-28 09:10,920
2019-10-28 09:15,939
2019-10-28 09:20,951
2019-10-28 09:25,956
2019-10-28 09:30,969
2019-10-28 09:35,970
2019-10-28 09:40,995
2019-10-28 09:45,1005
2019-10-28 09:50,1015
2019-10-28 09:55,1020
2019-10-28 10:00,1055
2019-10-28 10:05,1076
2019-10-28 10:10,1072
2019-10-28 10:15,1070
2019-10-28 10:20,1096
2019-10-28 10:25,1085
2019-10-28 10:30,1107
2019-10-28 10:35,1120
2019-10-28 10:40,1139
2019-10-28 10:45,1137
2019-10-28 10:50,1155
2019-10-28 10:55,1165
2019-10-28 11:00,1158
2019-10-28 11:05,1164
2019-10-28 11:10,1156
2019-10-28 11:15,1158
2019-10-28 11:20,1178
2019-10-28 11:25,1170
2019-10-28 11:30,1193
2019-10-28 11:35,1180
2019-10-28 11:40,1201
2019-10-28 11:45,1199
2019-10-28 11:50,1197
2019-10-28 11:55,1215
2019-10-28 12:00,1207
2019-10-28 12:05,1207
2019-10-28 12:10,1215
2019-10-28 12:15,1227
2019-10-28 12:20,1239
2019-10-28 12:25,1247
2019-10-28 12:30,1248
2019-10-28 12:35,1249
2019-10-28 12:40,1271
2019-10-28 12:45,1273
2019-10-28 12:50,1272
2019-10-28 12:55,1281
2019-10-28 13:00,1289
2019-10-28 13:05,1295
2019-10-28 13:10,1324
2019-10-28 13:15,1325
2019-10-28 13:20,1310
2019-10-28 13:25,1333
2019-10-28 13:30,1335
2019-10-28 13:35,1346
2019-10-28 13:40,1357
2019-10-28 13:45,1354
2019-10-28 13:50,1347
2019-10-28 13:55,1356
2019-10-28 14:00,1362
2019-10-28 14:05,1378
2019-10-28 14:10,1404
2019-10-28 14:15,1426
2019-10-28 14:20,1442
2019-10-28 14:25,1460
2019-10-28 14:30,1478
2019-10-28 14:35,1477
2019-10-28 14:40,1486
2019-10-28 14:45,1486
2019-10-28 14:50,1500
2019-10-28 14:55,1510
2019-10-28 15:00,1521
2019-10-28 15:05,1536
2019-10-28 15:10,1554
2019-10-28 15:15,1562
2019-10-28 15:20,1559
2019-10-28 15:25,1569
2019-10-28 15:30,1599
2019-10-28 15:35,1601
2019-10-28 15:40,1617
2019-10-28 15:45,1626
2019-10-28 15:50,1637
2019-10-28 15:55,1649
2019-10-28 16:00,1675
2019-10-28 16:05,1691
2019-10-28 16:10,1692
2019-10-28 16:15,1712
2019-10-28 16:20,1750
2019-10-28 16:25,1750
2019-10-28 16:30,1773
2019-10-28 16:35,1786
2019-10-28 16:40,1796
2019-10-28 16:45,1826
2019-10-28 16:50,1816
2019-10-28 16:55,1853
2019-10-28 17:00,1862
2019-10-28 17:05,1859
2019-10-28 17:10,1853
2019-10-28 17:15,1874
2019-10-28 17:20,1883
2019-10-28 17:25,1897
2019-10-28 17:30,1910
2019-10-28 17:35,1922
2019-10-28 17:40,1927
2019-10-28 17:45,1920
2019-10-28 17:50,1947
2019-10-28 17:55,1958
2019-10-28 18:00,1956
2019-10-28 18:05,1941
2019-10-28 18:10,1930
2019-10-28 18:15,
2019-10-28 18:20,
2019-10-28 18:25,
2019-10-28 18:30,
2019-10-28 18:35,
2019-10-28 18:40,
2019-10-28 18:45,
2019-10-28 18:50,
2019-10-28 18:55,
2019-10-28 19:00,
2019-10-28 19:05,
2019-10-28 19:10,
2019-10-28 19:15,
2019-10-28 19:20,
2019-10-28 19:25,
2019-10-28 19:30,
2019-10-28 19:35,
2019-10-28 19:40,
2019-10-28 19:45,
2019-10-28 19:50,
2019-10-28 19:55,1920
2019-10-28 20:00,1936
2019-10-28 20:05,1923
2019-10-28 20:10,1911
2019-10-28 20:15,1929
2019-10-28 20:20,1917
2019-10-28 20:25,1919
2019-10-28 20:30,1912
2019-10-28 20:35,1922
2019-10-28 20:40,1911
2019-10-28 20:45,1891
2019-10-28 20:50,1866
2019-10-28 20:55,1865
2019-10-28 21:00,1848
2019-10-28 21:05,1829
2019-10-28 21:10,1833
2019-10-28 21:15,1830
2019-10-28 21:20,1810
2019-10-28 21:25,1804
2019-10-28 21:30,1814
2019-10-28 21:35,1769
2019-10-28 21:40,1758
2019-10-28 21:45,1721
2019-10-28 21:50,1700
2019-10-28 21:55,1662
2019-10-28 22:00,1630
2019-10-28 22:05,1606
2019-10-28 22:10,1605
2019-10-28 22:15,1582
2019-10-28 22:20,1583
2019-10-28 22:25,1558
2019-10-28 22:30,1544
2019-10-28 22:35,1529
2019-10-28 22:40,1507
2019-10-28 22:45,1499
2019-10-28 22:50,1506
2019-10-28 22:55,1485
2019-10-28 23:00,1479
2019-10-28 23:05,1471
2019-10-28 23:10,1456
2019-10-28 23:15,1425
2019-10-28 23:20,1396
2019-10-28 23:25,1393
2019-10-28 23:30,1383
2019-10-28 23:35,1376
2019-10-28 23:40,1371
2019-10-28 23:45,1347
2019-10-28 23:50,1357
2019-10-28 23:55,1342
2019-10-29 00:00,1336
2019-10-29 00:05,1325
2019-10-29 00:10,1315
2019-10-29 00:15,1312
2019-10-29 00:20,1307
2019-10-29 00:25,1327
2019-10-29 00:30,1339
2019-10-29 00:35,1320
2019-10-29 00:40,1316
2019-10-29 00:45,1329
2019-10-29 00:50,1322
2019-10-29 00:55,1322
2019-10-29 01:00,1309
2019-10-29 01:05,1302
2019-10-29 01:10,1269
2019-10-29 01:15,1265
2019-10-29 01:20,1266
2019-10-29 01:25,1276
2019-10-29 01:30,1263
2019-10-29 01:35,1258
2019-10-29 01:40,1240
2019-10-29 01:45,1227
2019-10-29 01:50,1227
2019-10-29 01:55,1214
2019-10-29 02:00,1209
2019-10-29 02:05,1204
2019-10-29 02:10,1193
2019-10-29 02:15,1201
2019-10-29 02:20,1179
2019-10-29 02:25,1163
2019-10-29 02:30,1145
2019-10-29 02:35,1152
2019-10-29 02:40,1109
2019-10-29 02:45,1074
2019-10-29 02:50,1063
2019-10-29 02:55,1048
2019-10-29 03:00,1046
2019-10-29 03:05,1026
2019-10-29 03:10,1012
2019-10-29 03:15,1008
2019-10-29 03:20,1009
2019-10-29 03:25,1001
2019-10-29 03:30,1008
2019-10-29 03:35,1004
2019-10-29 03:40,991
2019-10-29 03:45,969
2019-10-29 03:50,964
2019-10-29 03:55,942
2019-10-29 04:00,930
2019-10-29 04:05,927
2019-10-29 04:10,903
2019-10-29 04:15,906
2019-10-29 04:20,897
2019-10-29 04:25,899
2019-10-29 04:30,874
2019-10-29 04:35,856
2019-10-29 04:40,846
2019-10-29 04:45,820
2019-10-29 04:50,803
2019-10-29 04:55,793
2019-10-29 05:00,793
2019-10-29 05:05,767
2019-10-29 05:10,775
2019-10-29 05:15,761
2019-10-29 05:20,767
2019-10-29 05:25,757
2019-10-29 05:30,755
2019-10-29 05:35,752
2019-10-29 05:40,745
2019-10-29 05:45,741
2019-10-29 05:50,751
2019-10-29 05:55,753
2019-10-29 06:00,751
2019-10-29 06:05,748
2019-10-29 06:10,745
2019-10-29 06:15,745
2019-10-29 06:20,728
2019-10-29 06:25,723
2019-10-29 06:30,732
2019-10-29 06:35,721
2019-10-29 06:40,735
2019-10-29 06:45,747
2019-10-29 06:50,723
2019-10-29 06:55,736
2019-10-29 07:00,762
2019-10-29 07:05,760
2019-10-29 07:10,770
2019-10-29 07:15,777
2019-10-29 07:20,768
2019-10-29 07:25,764
2019-10-29 07:30,759
2019-10-29 07:35,771
2019-10-29 07:40,775
2019-10-29 07:45,790
2019-10-29 07:50,788
2019-10-29 07:55,802
2019-10-29 08:00,799
2019-10-29 08:05,807
2019-10-29 08:10,805
2019-10-29 08:15,816
2019-10-29 08:20,813
2019-10-29 08:25,808
2019-10-29 08:30,813
2019-10-29 08:35,821
2019-10-29 08:40,827
2019-10-29 08:45,833
2019-10-29 08:50,835
2019-10-29 08:55,833
2019-10-29 09:00,838
2019-10-29 09:05,839
2019-10-29 09:10,844
2019-10-29 09:15,859
2019-10-29 09:20,859
2019-10-29 09:25,864
2019-10-29 09:30,862
2019-10-29 09:35,879
2019-10-29 09:40,887
2019-10-29 09:45,897
2019-10-29 09:50,905
2019-10-29 09:55,917
2019-10-29 10:00,925
2019-10-29 10:05,947
2019-10-29 10:10,964
2019-10-29 10:15,986
2019-10-29 10:20,996
2019-10-29 10:25,993
2019-10-29 10:30,1024
2019-10-29 10:35,1046
2019-10-29 10:40,1053
2019-10-29 10:45,1057
2019-10-29 10:50,1078
2019-10-29 10:55,1080
2019-10-29 11:00,1096
2019-10-29 11:05,1106
2019-10-29 11:10,1104
2019-10-29 11:15,1090
2019-10-29 11:20,1108
2019-10-29 11:25,1095
2019-10-29 11:30,1109
2019-10-29 11:35,1117
2019-10-29 11:40,1114
2019-10-29 11:45,1109
2019-10-29 11:50,1122
2019-10-29 11:55,1140
2019-10-29 12:00,1139
2019-10-29 12:05,1132
2019-10-29 12:10,1142
2019-10-29 12:15,1133
2019-10-29 12:20,1151
2019-10-29 12:25,1149
2019-10-29 12:30,1154
2019-10-29 12:35,1150
2019-10-29 12:40,1149
2019-10-29 12:45,1151
2019-10-29 12:50,1155
2019-10-29 12:55,1157
2019-10-29 13:00,1160
2019-10-29 13:05,1163
2019-10-29 13:10,1175
2019-10-29 13:15,1187
2019-10-29 13:20,1208
2019-10-29 13:25,1219
2019-10-29 13:30,1199
2019-10-29 13:35,1210
2019-10-29 13:40,1227
2019-10-29 13:45,1228
2019-10-29 13:50,1258
2019-10-29 13:55,1283
2019-10-29 14:00,1271
2019-10-29 14:05,1277
2019-10-29 14:10,1286
2019-10-29 14:15,1289
2019-10-29 14:20,1300
2019-10-29 14:25,1317
2019-10-29 14:30,1330
2019-10-29 14:35,1326
2019-10-29 14:40,1317
2019-10-29 14:45,1329
2019-10-29 14:50,1327
2019-10-29 14:55,1351
2019-10-29 15:00,1361
2019-10-29 15:05,1363
2019-10-29 15:10,1381
2019-10-29 15:15,1384
2019-10-29 15:20,1400
2019-10-29 15:25,1429
2019-10-29 15:30,1446
2019-10-29 15:35,1463
2019-10-29 15:40,1471
2019-10-29 15:45,1495
2019-10-29 15:50,1499
2019-10-29 15:55,1513
2019-10-29 16:00,1520
2019-10-29 16:05,1538
2019-10-29 16:10,1548
2019-10-29 16:15,1556
2019-10-29 16:20,1571
2019-10-29 16:25,1568
2019-10-29 16:30,1579
2019-10-29 16:35,1584
2019-10-29 16:40,1573
2019-10-29 16:45,1600
2019-10-29 16:50,1620
2019-10-29 16:55,1635
2019-10-29 17:00,1648
2019-10-29 17:05,1660
2019-10-29 17:10,1666
2019-10-29 17:15,1692
2019-10-29 17:20,1685
2019-10-29 17:25,1709
2019-10-29 17:30,1715
2019-10-29 17:35,1717
2019-10-29 17:40,1743
2019-10-29 17:45,1743
2019-10-29 17:50,1769
2019-10-29 17:55,1766
2019-10-29 18:00,1759
2019-10-29 18:05,1769
2019-10-29 18:10,1770
2019-10-29 18:15,1792
2019-10-29 18:20,1781
2019-10-29 18:25,1794
2019-10-29 18:30,1813
2019-10-29 18:35,1827
2019-10-29 18:40,1809
2019-10-29 18:45,1819
2019-10-29 18:50,1819
2019-10-29 18:55,1853
2019-10-29 19:00,1850
2019-10-29 19:05,1840
2019-10-29 19:10,1840
2019-10-29 19:15,1827
2019-10-29 19:20,1818
2019-10-29 19:25,1824
2019-10-29 19:30,1823
2019-10-29 19:35,1838
2019-10-29 19:40,1854
2019-10-29 19:45,1845
2019-10-29 19:50,1809
2019-10-29 19:55,1788
2019-10-29 20:00,1793
2019-10-29 20:05,1781
2019-10-29 20:10,1784
2019-10-29 20:15,1802
2019-10-29 20:20,1797
2019-10-29 20:25,1805
2019-10-29 20:30,1796
2019-10-29 20:35,1785
2019-10-29 20:40,1781
2019-10-29 20:45,1774
2019-10-29 20:50,1759
2019-10-29 20:55,1752
2019-10-29 21:00,1740
2019-10-29 21:05,1726
2019-10-29 21:10,1696
2019-10-29 21:15,1678
2019-10-29 21:20,1666
2019-10-29 21:25,1661
2019-10-29 21:30,1646
2019-10-29 21:35,1623
2019-10-29 21:40,1635
2019-10-29 21:45,1625
2019-10-29 21:50,1606
2019-10-29 21:55,1589
2019-10-29 22:00,1575
2019-10-29 22:05,1553
2019-10-29 22:10,1518
2019-10-29 22:15,1513
2019-10-29 22:20,1515
2019-10-29 22:25,1516
2019-10-29 22:30,1500
2019-10-29 22:35,1505
2019-10-29 22:40,1494
2019-10-29 22:45,1480
2019-10-29 22:50,1469
2019-10-29 22:55,1444
2019-10-29 23:00,1417
2019-10-29 23:05,
2019-10-29 23:10,
2019-10-29 23:15,1252
2019-10-29 23:20,1344
2019-10-29 23:25,1355
2019-10-29 23:30,1354
2019-10-29 23:35,1339
2019-10-29 23:40,1336
2019-10-29 23:45,1326
2019-10-29 23:50,1327
2019-10-29 23:55,1322
2019-10-30 00:00,1309
2019-10-30 00:05,1288
2019-10-30 00:10,1288
2019-10-30 00:15,1277
2019-10-30 00:20,1280
2019-10-30 00:25,1305
2019-10-30 00:30,1309
2019-10-30 00:35,1286
2019-10-30 00:40,1271
2019-10-30 00:45,1273
2019-10-30 00:50,1263
2019-10-30 00:55,1239
2019-10-30 01:00,1230
2019-10-30 01:05,1220
2019-10-30 01:10,1223
2019-10-30 01:15,1214
2019-10-30 01:20,1214
2019-10-30 01:25,1210
2019-10-30 01:30,1200
2019-10-30 01:35,1189
2019-10-30 01:40,1185
2019-10-30 01:45,1184
2019-10-30 01:50,1166
2019-10-30 01:55,1148
2019-10-30 02:00,1122
2019-10-30 02:05,1097
2019-10-30 02:10,1085
2019-10-30 02:15,1088
2019-10-30 02:20,1083
2019-10-30 02:25,1080
2019-10-30 02:30,1073
2019-10-30 02:35,1078
2019-10-30 02:40,1061
2019-10-30 02:45,1055
2019-10-30 02:50,1050
2019-10-30 02:55,1036
2019-10-30 03:00,1018
2019-10-30 03:05,1019
2019-10-30 03:10,1007
2019-10-30 03:15,976
2019-10-30 03:20,986
2019-10-30 03:25,973
2019-10-30 03:30,955
2019-10-30 03:35,941
2019-10-30 03:40,936
2019-10-30 03:45,922
2019-10-30 03:50,907
2019-10-30 03:55,893
2019-10-30 04:00,885
2019-10-30 04:05,857
2019-10-30 04:10,851
2019-10-30 04:15,852
2019-10-30 04:20,843
2019-10-30 04:25,847
2019-10-30 04:30,836
2019-10-30 04:35,823
2019-10-30 04:40,825
2019-10-30 04:45,835
2019-10-30 04:50,836
2019-10-30 04:55,842
2019-10-30 05:00,826
2019-10-30 05:05,821
2019-10-30 05:10,818
2019-10-30 05:15,807
2019-10-30 05:20,803
2019-10-30 05:25,800
2019-10-30 05:30,787
2019-10-30 05:35,790
2019-10-30 05:40,781
2019-10-30 05:45,774
2019-10-30 05:50,781
2019-10-30 05:55,764
2019-10-30 06:00,761
2019-10-30 06:05,771
2019-10-30 06:10,773
2019-10-30 06:15,762
2019-10-30 06:20,758
2019-10-30 06:25,748
2019-10-30 06:30,749
2019-10-30 06:35,755
2019-10-30 06:40,765
2019-10-30 06:45,763
2019-10-30 06:50,762
2019-10-30 06:55,763
2019-10-30 07:00,745
2019-10-30 07:05,748
2019-10-30 07:10,735
2019-10-30 07:15,743
2019-10-30 07:20,744
2019-10-30 07:25,746
2019-10-30 07:30,745
2019-10-30 07:35,747
2019-10-30 07:40,751
2019-10-30 07:45,757
2019-10-30 07:50,754
2019-10-30 07:55,754
2019-10-30 08:00,756
2019-10-30 08:05,759
2019-10-30 08:10,763
2019-10-30 08:15,759
2019-10-30 08:20,766
2019-10-30 08:25,780
2019-10-30 08:30,786
2019-10-30 08:35,788
2019-10-30 08:40,806
2019-10-30 08:45,815
2019-10-30 08:50,813
2019-10-30 08:55,827
2019-10-30 09:00,832
2019-10-30 09:05,837
2019-10-30 09:10,853
2019-10-30 09:15,868
2019-10-30 09:20,877
2019-10-30 09:25,883
2019-10-30 09:30,888
2019-10-30 09:35,902
2019-10-30 09:40,884
2019-10-30 09:45,876
2019-10-30 09:50,889
2019-10-30 09:55,909
2019-10-30 10:00,915
2019-10-30 10:05,921
2019-10-30 10:10,936
2019-10-30 10:15,967
2019-10-30 10:20,975
2019-10-30 10:25,994
2019-10-30 10:30,1006
2019-10-30 10:35,1013
2019-10-30 10:40,1044
2019-10-30 10:45,1049
2019-10-30 10:50,1041
2019-10-30 10:55,1053
2019-10-30 11:00,1063
2019-10-30 11:05,1066
2019-10-30 11:10,1076
2019-10-30 11:15,1078
2019-10-30 11:20,1067
2019-10-30 11:25,1082
2019-10-30 11:30,1082
2019-10-30 11:35,1092
2019-10-30 11:40,1084
2019-10-30 11:45,1082
2019-10-30 11:50,1085
2019-10-30 11:55,1088
2019-10-30 12:00,1095
2019-10-30 12:05,1088
2019-10-30 12:10,1087
2019-10-30 12:15,1093
2019-10-30 12:20,1107
2019-10-30 12:25,1114
2019-10-30 12:30,1118
2019-10-30 12:35,1116
2019-10-30 12:40,1117
2019-10-30 12:45,1137
2019-10-30 12:50,1142
2019-10-30 12:55,1136
2019-10-30 13:00,1141
2019-10-30 13:05,1150
2019-10-30 13:10,1165
2019-10-30 13:15,1173
2019-10-30 13:20,1190
2019-10-30 13:25,1202
2019-10-30 13:30,1201
2019-10-30 13:35,1208
2019-10-30 13:40,1214
2019-10-30 13:45,1222
2019-10-30 13:50,1225
2019-10-30 13:55,1227
2019-10-30 14:00,1234
2019-10-30 14:05,1249
2019-10-30 14:10,1235
2019-10-30 14:15,1248
2019-10-30 14:20,1262
2019-10-30 14:25,1270
2019-10-30 14:30,1279
2019-10-30 14:35,1269
2019-10-30 14:40,1289
2019-10-30 14:45,1286
2019-10-30 14:50,1318
2019-10-30 14:55,1315
2019-10-30 15:00,1316
2019-10-30 15:05,1328
2019-10-30 15:10,1327
2019-10-30 15:15,1329
2019-10-30 15:20,1356
2019-10-30 15:25,1347
2019-10-30 15:30,1380
2019-10-30 15:35,1387
2019-10-30 15:40,1382
2019-10-30 15:45,
2019-10-30 15:50,1429
2019-10-30 15:55,1442
2019-10-30 16:00,1457
2019-10-30 16:05,1469
2019-10-30 16:10,1489
2019-10-30 16:15,1506
2019-10-30 16:20,1520
2019-10-30 16:25,1526
2019-10-30 16:30,1554
2019-10-30 16:35,1576
2019-10-30 16:40,1569
2019-10-30 16:45,1570
2019-10-30 16:50,1588
2019-10-30 16:55,1604
2019-10-30 17:00,1611
2019-10-30 17:05,1625
2019-10-30 17:10,1643
2019-10-30 17:15,1665
2019-10-30 17:20,1650
2019-10-30 17:25,1675
2019-10-30 17:30,1674
2019-10-30 17:35,1684
2019-10-30 17:40,1690
2019-10-30 17:45,1735
2019-10-30 17:50,1728
2019-10-30 17:55,1749
2019-10-30 18:00,1748
2019-10-30 18:05,1759
2019-10-30 18:10,1763
2019-10-30 18:15,1734
2019-10-30 18:20,1737
2019-10-30 18:25,1743
2019-10-30 18:30,1751
2019-10-30 18:35,1758
2019-10-30 18:40,1767
2019-10-30 18:45,1770
2019-10-30 18:50,1784
2019-10-30 18:55,1796
2019-10-30 19:00,1787
2019-10-30 19:05,1797
2019-10-30 19:10,1784
2019-10-30 19:15,1788
2019-10-30 19:20,1790
2019-10-30 19:25,1790
2019-10-30 19:30,1793
2019-10-30 19:35,1776
2019-10-30 19:40,1760
2019-10-30 19:45,1750
2019-10-30 19:50,1742
2019-10-30 19:55,1736
2019-10-30 20:00,1741
2019-10-30 20:05,1717
2019-10-30 20:10,1733
2019-10-30 20:15,1737
2019-10-30 20:20,1732
2019-10-30 20:25,1752
2019-10-30 20:30,1729
2019-10-30 20:35,1702
2019-10-30 20:40,1690
2019-10-30 20:45,1683
2019-10-30 20:50,1669
2019-10-30 20:55,1657
2019-10-30 21:00,1654
2019-10-30 21:05,1652
2019-10-30 21:10,1636
2019-10-30 21:15,1635
2019-10-30 21:20,1635
2019-10-30 21:25,1644
2019-10-30 21:30,1640
2019-10-30 21:35,1647
2019-10-30 21:40,1635
2019-10-30 21:45,1619
2019-10-30 21:50,1594
2019-10-30 21:55,1579
2019-10-30 22:00,1571
2019-10-30 22:05,1575
2019-10-30 22:10,1541
2019-10-30 22:15,1520
2019-10-30 22:20,1503
2019-10-30 22:25,1485
2019-10-30 22:30,1481
2019-10-30 22:35,1482
2019-10-30 22:40,1458
2019-10-30 22:45,1452
2019-10-30 22:50,1442
2019-10-30 22:55,1417
2019-10-30 23:00,1400
2019-10-30 23:05,1398
2019-10-30 23:10,1391
2019-10-30 23:15,1378
2019-10-30 23:20,1371
2019-10-30 23:25,1373
2019-10-30 23:30,1341
2019-10-30 23:35,1337
2019-10-30 23:40,1337
2019-10-30 23:45,1320
2019-10-30 23:50,1316
2019-10-30 23:55,1310
2019-10-31 00:00,1293
2019-10-31 00:05,1292
2019-10-31 00:10,1284
2019-10-31 00:15,1296
2019-10-31 00:20,1290
2019-10-31 00:25,1291
2019-10-31 00:30,1261
2019-10-31 00:35,1245
2019-10-31 00:40,1225
2019-10-31 00:45,1223
2019-10-31 00:50,1207
2019-10-31 00:55,1197
2019-10-31 01:00,1196
2019-10-31 01:05,1191
2019-10-31 01:10,1184
2019-10-31 01:15,1170
2019-10-31 01:20,1176
2019-10-31 01:25,1172
2019-10-31 01:30,1172
2019-10-31 01:35,1178
2019-10-31 01:40,1179
2019-10-31 01:45,1173
2019-10-31 01:50,1142
2019-10-31 01:55,1119
2019-10-31 02:00,1122
2019-10-31 02:05,1123
2019-10-31 02:10,1118
2019-10-31 02:15,1115
2019-10-31 02:20,1102
2019-10-31 02:25,1100
2019-10-31 02:30,1103
2019-10-31 02:35,1094
2019-10-31 02:40,1078
2019-10-31 02:45,1067
2019-10-31 02:50,1040
2019-10-31 02:55,1026
2019-10-31 03:00,1019
2019-10-31 03:05,1009
2019-10-31 03:10,999
2019-10-31 03:15,990
2019-10-31 03:20,977
2019-10-31 03:25,981
2019-10-31 03:30,969
2019-10-31 03:35,964
2019-10-31 03:40,942
2019-10-31 03:45,919
2019-10-31 03:50,918
2019-10-31 03:55,902
2019-10-31 04:00,898
2019-10-31 04:05,884
2019-10-31 04:10,872
2019-10-31 04:15,876
2019-10-31 04:20,864
2019-10-31 04:25,852
2019-10-31 04:30,864
2019-10-31 04:35,850
2019-10-31 04:40,859
2019-10-31 04:45,839
2019-10-31 04:50,838
2019-10-31 04:55,829
2019-10-31 05:00,827
2019-10-31 05:05,808
2019-10-31 05:10,804
2019-10-31 05:15,814
2019-10-31 05:20,814
2019-10-31 05:25,793
2019-10-31 05:30,779
2019-10-31 05:35,772
2019-10-31 05:40,769
2019-10-31 05:45,758
2019-10-31 05:50,769
2019-10-31 05:55,769
2019-10-31 06:00,753
2019-10-31 06:05,744
2019-10-31 06:10,738
2019-10-31 06:15,731
2019-10-31 06:20,732
2019-10-31 06:25,733
2019-10-31 06:30,722
2019-10-31 06:35,716
2019-10-31 06:40,713
2019-10-31 06:45,708
2019-10-31 06:50,717
2019-10-31 06:55,718
2019-10-31 07:00,708
2019-10-31 07:05,716
2019-10-31 07:10,723
2019-10-31 07:15,720
2019-10-31 07:20,731
2019-10-31 07:25,725
2019-10-31 07:30,734
2019-10-31 07:35,734
2019-10-31 07:40,733
2019-10-31 07:45,730
2019-10-31 07:50,723
2019-10-31 07:55,735
2019-10-31 08:00,736
2019-10-31 08:05,737
2019-10-31 08:10,732
2019-10-31 08:15,750
2019-10-31 08:20,762
2019-10-31 08:25,785
2019-10-31 08:30,810
2019-10-31 08:35,801
2019-10-31 08:40,806
2019-10-31 08:45,813
2019-10-31 08:50,821
2019-10-31 08:55,818
2019-10-31 09:00,830
2019-10-31 09:05,833
2019-10-31 09:10,857
2019-10-31 09:15,848
2019-10-31 09:20,866
2019-10-31 09:25,884
2019-10-31 09:30,890
2019-10-31 09:35,894
2019-10-31 09:40,915
2019-10-31 09:45,923
2019-10-31 09:50,921
2019-10-31 09:55,929
2019-10-31 10:00,948
2019-10-31 10:05,978
2019-10-31 10:10,982
2019-10-31 10:15,1008
2019-10-31 10:20,1015
2019-10-31 10:25,1027
2019-10-31 10:30,1026
2019-10-31 10:35,1028
2019-10-31 10:40,1038
2019-10-31 10:45,1046
2019-10-31 10:50,1058
2019-10-31 10:55,1062
2019-10-31 11:00,1078
2019-10-31 11:05,1090
2019-10-31 11:10,1105
2019-10-31 11:15,1113
2019-10-31 11:20,1121
2019-10-31 11:25,1120
2019-10-31 11:30,1132
2019-10-31 11:35,1138
2019-10-31 11:40,1123
2019-10-31 11:45,1123
2019-10-31 11:50,1129
2019-10-31 11:55,1147
2019-10-31 12:00,1160
2019-10-31 12:05,1171
2019-10-31 12:10,1163
2019-10-31 12:15,1171
2019-10-31 12:20,1187
2019-10-31 12:25,1198
2019-10-31 12:30,1201
2019-10-31 12:35,1194
2019-10-31 12:40,1178
2019-10-31 12:45,1179
2019-10-31 12:50,1155
2019-10-31 12:55,1170
2019-10-31 13:00,1178
2019-10-31 13:05,1191
2019-10-31 13:10,1196
2019-10-31 13:15,1202
2019-10-31 13:20,1233
2019-10-31 13:25,1218
2019-10-31 13:30,1223
2019-10-31 13:35,1213
2019-10-31 13:40,1194
2019-10-31 13:45,1184
2019-10-31 13:50,1180
2019-10-31 13:55,1148
2019-10-31 14:00,1063
2019-10-31 14:05,741
2019-10-31 14:10,713
2019-10-31 14:15,701
2019-10-31 14:20,701
2019-10-31 14:25,714
2019-10-31 14:30,730
2019-10-31 14:35,728
2019-10-31 14:40,730
2019-10-31 14:45,713
2019-10-31 14:50,717
2019-10-31 14:55,725
2019-10-31 15:00,732
2019-10-31 15:05,763
2019-10-31 15:10,782
2019-10-31 15:15,857
2019-10-31 15:20,913
2019-10-31 15:25,986
2019-10-31 15:30,1056
2019-10-31 15:35,1097
2019-10-31 15:40,1165
2019-10-31 15:45,1197
2019-10-31 15:50,1250
2019-10-31 15:55,1306
2019-10-31 16:00,1356
2019-10-31 16:05,1406
2019-10-31 16:10,1466
2019-10-31 16:15,1522
2019-10-31 16:20,1550
2019-10-31 16:25,1577
2019-10-31 16:30,1598
2019-10-31 16:35,1606
2019-10-31 16:40,1628
2019-10-31 16:45,1663
2019-10-31 16:50,1689
2019-10-31 16:55,1688
2019-10-31 17:00,1702
2019-10-31 17:05,1709
2019-10-31 17:10,1716
2019-10-31 17:15,1737
2019-10-31 17:20,1755
2019-10-31 17:25,1777
2019-10-31 17:30,1784
2019-10-31 17:35,1801
2019-10-31 17:40,1808
2019-10-31 17:45,1807
2019-10-31 17:50,1831
2019-10-31 17:55,1841
2019-10-31 18:00,1847
2019-10-31 18:05,1860
2019-10-31 18:10,1857
2019-10-31 18:15,1859
2019-10-31 18:20,1854
2019-10-31 18:25,1841
2019-10-31 18:30,1840
2019-10-31 18:35,1834
2019-10-31 18:40,1806
2019-10-31 18:45,1833
2019-10-31 18:50,1828
2019-10-31 18:55,1845
2019-10-31 19:00,1816
2019-10-31 19:05,1816
2019-10-31 19:10,1812
2019-10-31 19:15,1807
2019-10-31 19:20,1808
2019-10-31 19:25,1837
2019-10-31 19:30,1818
2019-10-31 19:35,1824
2019-10-31 19:40,1835
2019-10-31 19:45,1812
2019-10-31 19:50,1814
2019-10-31 19:55,1816
2019-10-31 20:00,1822
2019-10-31 20:05,1800
2019-10-31 20:10,1814
2019-10-31 20:15,1790
2019-10-31 20:20,1788
2019-10-31 20:25,1776
2019-10-31 20:30,1758
2019-10-31 20:35,1759
2019-10-31 20:40,1754
2019-10-31 20:45,1771
2019-10-31 20:50,1758
2019-10-31 20:55,1755
2019-10-31 21:00,1745
2019-10-31 21:05,1720
2019-10-31 21:10,1723
2019-10-31 21:15,1704
2019-10-31 21:20,1678
2019-10-31 21:25,1681
2019-10-31 21:30,1672
2019-10-31 21:35,1650
2019-10-31 21:40,1634
2019-10-31 21:45,1619
2019-10-31 21:50,1614
2019-10-31 21:55,1586
2019-10-31 22:00,1574
2019-10-31 22:05,1549
2019-10-31 22:10,1541
2019-10-31 22:15,1529
2019-10-31 22:20,1516
2019-10-31 22:25,1509
2019-10-31 22:30,1495
2019-10-31 22:35,1494
2019-10-31 22:40,1472
2019-10-31 22:45,1456
2019-10-31 22:50,1459
2019-10-31 22:55,1468
2019-10-31 23:00,1451
2019-10-31 23:05,1432
2019-10-31 23:10,1427
2019-10-31 23:15,1389
2019-10-31 23:20,1379
2019-10-31 23:25,1357
2019-10-31 23:30,1348
2019-10-31 23:35,1352
2019-10-31 23:40,1344
2019-10-31 23:45,1330
2019-10-31 23:50,1311
2019-10-31 23:55,1295
2019-11-01 00:00,1276
2019-11-01 00:05,1237
2019-11-01 00:10,1184
2019-11-01 00:15,1161
2019-11-01 00:20,1166
2019-11-01 00:25,1164
2019-11-01 00:30,1178
2019-11-01 00:35,1179
2019-11-01 00:40,1169
2019-11-01 00:45,1158
2019-11-01 00:50,1159
2019-11-01 00:55,1150
2019-11-01 01:00,1147
2019-11-01 01:05,1153
2019-11-01 01:10,1141
2019-11-01 01:15,1126
2019-11-01 01:20,1123
2019-11-01 01:25,1125
2019-11-01 01:30,1113
2019-11-01 01:35,1090
2019-11-01 01:40,1086
2019-11-01 01:45,1078
2019-11-01 01:50,1076
2019-11-01 01:55,1051
2019-11-01 02:00,1041
2019-11-01 02:05,1052
2019-11-01 02:10,1084
2019-11-01 02:15,1069
2019-11-01 02:20,1049
2019-11-01 02:25,1040
2019-11-01 02:30,1044
2019-11-01 02:35,1035
2019-11-01 02:40,1044
2019-11-01 02:45,1053
2019-11-01 02:50,1053
2019-11-01 02:55,1052
2019-11-01 03:00,1038
2019-11-01 03:05,1023
2019-11-01 03:10,1009
2019-11-01 03:15,980
2019-11-01 03:20,965
2019-11-01 03:25,956
2019-11-01 03:30,945
2019-11-01 03:35,925
2019-11-01 03:40,919
2019-11-01 03:45,923
2019-11-01 03:50,916
2019-11-01 03:55,892
2019-11-01 04:00,894
2019-11-01 04:05,881
2019-11-01 04:10,865
2019-11-01 04:15,850
2019-11-01 04:20,853
2019-11-01 04:25,844
2019-11-01 04:30,828
2019-11-01 04:35,824
2019-11-01 04:40,820
2019-11-01 04:45,816
2019-11-01 04:50,817
2019-11-01 04:55,790
2019-11-01 05:00,779
2019-11-01 05:05,785
2019-11-01 05:10,775
2019-11-01 05:15,772
2019-11-01 05:20,776
2019-11-01 05:25,770
2019-11-01 05:30,773
2019-11-01 05:35,771
2019-11-01 05:40,776
2019-11-01 05:45,765
2019-11-01 05:50,769
2019-11-01 05:55,765
2019-11-01 06:00,756
2019-11-01 06:05,772
2019-11-01 06:10,781
2019-11-01 06:15,773
2019-11-01 06:20,764
2019-11-01 06:25,765
2019-11-01 06:30,759
2019-11-01 06:35,762
2019-11-01 06:40,775
2019-11-01 06:45,771
2019-11-01 06:50,776
2019-11-01 06:55,770
2019-11-01 07:00,773
2019-11-01 07:05,783
2019-11-01 07:10,776
2019-11-01 07:15,772
2019-11-01 07:20,784
2019-11-01 07:25,788
2019-11-01 07:30,791
2019-11-01 07:35,801
2019-11-01 07:40,808
2019-11-01 07:45,816
2019-11-01 07:50,814
2019-11-01 07:55,811
2019-11-01 08:00,828
2019-11-01 08:05,850
2019-11-01 08:10,849
2019-11-01 08:15,854
2019-11-01 08:20,875
2019-11-01 08:25,885
2019-11-01 08:30,897
2019-11-01 08:35,915
2019-11-01 08:40,932
2019-11-01 08:45,942
2019-11-01 08:50,943
2019-11-01 08:55,964
2019-11-01 09:00,980
2019-11-01 09:05,989
2019-11-01 09:10,1016
2019-11-01 09:15,1033
2019-11-01 09:20,1024
2019-11-01 09:25,1030
2019-11-01 09:30,1040
2019-11-01 09:35,1044
2019-11-01 09:40,1072
2019-11-01 09:45,1072
2019-11-01 09:50,1064
2019-11-01 09:55,1093
2019-11-01 10:00,1094
2019-11-01 10:05,1117
2019-11-01 10:10,1129
2019-11-01 10:15,1130
2019-11-01 10:20,1130
2019-11-01 10:25,1152
2019-11-01 10:30,1175
2019-11-01 10:35,1195
2019-11-01 10:40,1211
2019-11-01 10:45,1241
2019-11-01 10:50,1247
2019-11-01 10:55,1265
2019-11-01 11:00,1270
2019-11-01 11:05,1279
2019-11-01 11:10,1291
2019-11-01 11:15,1310
2019-11-01 11:20,1320
2019-11-01 11:25,1303
2019-11-01 11:30,1290
2019-11-01 11:35,1298
2019-11-01 11:40,1324
2019-11-01 11:45,1339
2019-11-01 11:50,1352
2019-11-01 11:55,1348
2019-11-01 12:00,1346
2019-11-01 12:05,1343
2019-11-01 12:10,1359
2019-11-01 12:15,1358
2019-11-01 12:20,1349
2019-11-01 12:25,1370
2019-11-01 12:30,1393
2019-11-01 12:35,1398
2019-11-01 12:40,1394
2019-11-01 12:45,1416
2019-11-01 12:50,1415
2019-11-01 12:55,1405
2019-11-01 13:00,1424
2019-11-01 13:05,1430
2019-11-01 13:10,1448
2019-11-01 13:15,1439
2019-11-01 13:20,1440
2019-11-01 13:25,1459
2019-11-01 13:30,1473
2019-11-01 13:35,1486
2019-11-01 13:40,1484
2019-11-01 13:45,1495
2019-11-01 13:50,1496
2019-11-01 13:55,1514
2019-11-01 14:00,1522
2019-11-01 14:05,1518
2019-11-01 14:10,1522
2019-11-01 14:15,1513
2019-11-01 14:20,1539
2019-11-01 14:25,1525
2019-11-01 14:30,1552
2019-11-01 14:35,1557
2019-11-01 14:40,1576
2019-11-01 14:45,1572
2019-11-01 14:50,1574
2019-11-01 14:55,1591
2019-11-01 15:00,1583
2019-11-01 15:05,1595
2019-11-01 15:10,1599
2019-11-01 15:15,
2019-11-01 15:20,1574
2019-11-01 15:25,1594
2019-11-01 15:30,1612
2019-11-01 15:35,1622
2019-11-01 15:40,1622
2019-11-01 15:45,1632
2019-11-01 15:50,1659
2019-11-01 15:55,1665
2019-11-01 16:00,1680
2019-11-01 16:05,1677
2019-11-01 16:10,1678
2019-11-01 16:15,1667
2019-11-01 16:20,1683
2019-11-01 16:25,1696
2019-11-01 16:30,1692
2019-11-01 16:35,1698
2019-11-01 16:40,1723
2019-11-01 16:45,1766
2019-11-01 16:50,1772
2019-11-01 16:55,1788
2019-11-01 17:00,1797
2019-11-01 17:05,1814
2019-11-01 17:10,1802
2019-11-01 17:15,1833
2019-11-01 17:20,1846
2019-11-01 17:25,1848
2019-11-01 17:30,1854
2019-11-01 17:35,1839
2019-11-01 17:40,1855
2019-11-01 17:45,1850
2019-11-01 17:50,1835
2019-11-01 17:55,1810
2019-11-01 18:00,1800
2019-11-01 18:05,1799
2019-11-01 18:10,1802
2019-11-01 18:15,1807
2019-11-01 18:20,1827
2019-11-01 18:25,1815
2019-11-01 18:30,1839
2019-11-01 18:35,1843
2019-11-01 18:40,1869
2019-11-01 18:45,1872
2019-11-01 18:50,1876
2019-11-01 18:55,1854
2019-11-01 19:00,1841
2019-11-01 19:05,1837
2019-11-01 19:10,1852
2019-11-01 19:15,1828
2019-11-01 19:20,1830
2019-11-01 19:25,1812
2019-11-01 19:30,1830
2019-11-01 19:35,1844
2019-11-01 19:40,1834
2019-11-01 19:45,1823
2019-11-01 19:50,1827
2019-11-01 19:55,1813
2019-11-01 20:00,1809
2019-11-01 20:05,1810
2019-11-01 20:10,1812
2019-11-01 20:15,1833
2019-11-01 20:20,1836
2019-11-01 20:25,1840
2019-11-01 20:30,1857
2019-11-01 20:35,1829
2019-11-01 20:40,1798
2019-11-01 20:45,1767
2019-11-01 20:50,1772
2019-11-01 20:55,1772
2019-11-01 21:00,1772
2019-11-01 21:05,1772
2019-11-01 21:10,1772
2019-11-01 21:15,1772
2019-11-01 21:20,1772
2019-11-01 21:25,1766
2019-11-01 21:30,1761
2019-11-01 21:35,1791
2019-11-01 21:40,1761
2019-11-01 21:45,1755
2019-11-01 21:50,1752
2019-11-01 21:55,1743
2019-11-01 22:00,1745
2019-11-01 22:05,1723
2019-11-01 22:10,1690
2019-11-01 22:15,1679
2019-11-01 22:20,1671
2019-11-01 22:25,1656
2019-11-01 22:30,1656
2019-11-01 22:35,1670
2019-11-01 22:40,1658
2019-11-01 22:45,1642
2019-11-01 22:50,1650
2019-11-01 22:55,1635
2019-11-01 23:00,1626
2019-11-01 23:05,1584
2019-11-01 23:10,1547
2019-11-01 23:15,1543
2019-11-01 23:20,1530
2019-11-01 23:25,1504
2019-11-01 23:30,1469
2019-11-01 23:35,1450
2019-11-01 23:40,1440
2019-11-01 23:45,1425
2019-11-01 23:50,1403
2019-11-01 23:55,1392
2019-11-02 00:00,1377
2019-11-02 00:05,1359
2019-11-02 00:10,1355
2019-11-02 00:15,1352
2019-11-02 00:20,1334
2019-11-02 00:25,1311
2019-11-02 00:30,1302
2019-11-02 00:35,1309
2019-11-02 00:40,1312
2019-11-02 00:45,1294
2019-11-02 00:50,1287
2019-11-02 00:55,1278
2019-11-02 01:00,1276
2019-11-02 01:05,1284
2019-11-02 01:10,1270
2019-11-02 01:15,1252
2019-11-02 01:20,1249
2019-11-02 01:25,1238
2019-11-02 01:30,1231
2019-11-02 01:35,1230
2019-11-02 01:40,1235
2019-11-02 01:45,1221
2019-11-02 01:50,1220
2019-11-02 01:55,1206
2019-11-02 02:00,1219
2019-11-02 02:05,1213
2019-11-02 02:10,1221
2019-11-02 02:15,1210
2019-11-02 02:20,1205
2019-11-02 02:25,1204
2019-11-02 02:30,1198
2019-11-02 02:35,1207
2019-11-02 02:40,1217
2019-11-02 02:45,1182
2019-11-02 02:50,1176
2019-11-02 02:55,1178
2019-11-02 03:00,1177
2019-11-02 03:05,1170
2019-11-02 03:10,1157
2019-11-02 03:15,1139
2019-11-02 03:20,1147
2019-11-02 03:25,1127
2019-11-02 03:30,1124
2019-11-02 03:35,1122
2019-11-02 03:40,1127
2019-11-02 03:45,1113
2019-11-02 03:50,1105
2019-11-02 03:55,1099
2019-11-02 04:00,1077
2019-11-02 04:05,1066
2019-11-02 04:10,1037
2019-11-02 04:15,1032
2019-11-02 04:20,1031
2019-11-02 04:25,1032
2019-11-02 04:30,1012
2019-11-02 04:35,1000
2019-11-02 04:40,998
2019-11-02 04:45,995
2019-11-02 04:50,1008
2019-11-02 04:55,1006
2019-11-02 05:00,993
2019-11-02 05:05,994
2019-11-02 05:10,1005
2019-11-02 05:15,1007
2019-11-02 05:20,1002
2019-11-02 05:25,983
2019-11-02 05:30,975
2019-11-02 05:35,966
2019-11-02 05:40,949
2019-11-02 05:45,951
2019-11-02 05:50,958
2019-11-02 05:55,952
2019-11-02 06:00,939
2019-11-02 06:05,915
2019-11-02 06:10,919
2019-11-02 06:15,932
2019-11-02 06:20,913
2019-11-02 06:25,907
2019-11-02 06:30,920
2019-11-02 06:35,929
2019-11-02 06:40,919
2019-11-02 06:45,932
2019-11-02 06:50,942
2019-11-02 06:55,944
2019-11-02 07:00,969
2019-11-02 07:05,959
2019-11-02 07:10,964
2019-11-02 07:15,973
2019-11-02 07:20,976
2019-11-02 07:25,979
2019-11-02 07:30,981
2019-11-02 07:35,990
2019-11-02 07:40,994
2019-11-02 07:45,1008
2019-11-02 07:50,1012
2019-11-02 07:55,1010
2019-11-02 08:00,1011
2019-11-02 08:05,1024
2019-11-02 08:10,1026
2019-11-02 08:15,1024
2019-11-02 08:20,1024
2019-11-02 08:25,1036
2019-11-02 08:30,1056
2019-11-02 08:35,1061
2019-11-02 08:40,1072
2019-11-02 08:45,1081
2019-11-02 08:50,1091
2019-11-02 08:55,1095
2019-11-02 09:00,1115
2019-11-02 09:05,1127
2019-11-02 09:10,1138
2019-11-02 09:15,1151
2019-11-02 09:20,1172
2019-11-02 09:25,1173
2019-11-02 09:30,1177
2019-11-02 09:35,1177
2019-11-02 09:40,1205
2019-11-02 09:45,1229
2019-11-02 09:50,1243
2019-11-02 09:55,1241
2019-11-02 10:00,1266
2019-11-02 10:05,1294
2019-11-02 10:10,1322
2019-11-02 10:15,1340
2019-11-02 10:20,1342
2019-11-02 10:25,1368
2019-11-02 10:30,1372
2019-11-02 10:35,1387
2019-11-02 10:40,1386
2019-11-02 10:45,1401
2019-11-02 10:50,1431
2019-11-02 10:55,1434
2019-11-02 11:00,1445
2019-11-02 11:05,1463
2019-11-02 11:10,1478
2019-11-02 11:15,1484
2019-11-02 11:20,1488
2019-11-02 11:25,1484
2019-11-02 11:30,1483
2019-11-02 11:35,1511
2019-11-02 11:40,1529
2019-11-02 11:45,1539
2019-11-02 11:50,1528
2019-11-02 11:55,1538
2019-11-02 12:00,1544
2019-11-02 12:05,1564
2019-11-02 12:10,1564
2019-11-02 12:15,1567
2019-11-02 12:20,1574
2019-11-02 12:25,1583
2019-11-02 12:30,1596
2019-11-02 12:35,1579
2019-11-02 12:40,1586
2019-11-02 12:45,1583
2019-11-02 12:50,1608
2019-11-02 12:55,1639
2019-11-02 13:00,1672
2019-11-02 13:05,1683
2019-11-02 13:10,1692
2019-11-02 13:15,1695
2019-11-02 13:20,1695
2019-11-02 13:25,1696
2019-11-02 13:30,1712
2019-11-02 13:35,1695
2019-11-02 13:40,1697
2019-11-02 13:45,1691
2019-11-02 13:50,1698
2019-11-02 13:55,1726
2019-11-02 14:00,1771
2019-11-02 14:05,1787
2019-11-02 14:10,1762
2019-11-02 14:15,1770
2019-11-02 14:20,1761
2019-11-02 14:25,1773
2019-11-02 14:30,1791
2019-11-02 14:35,1791
2019-11-02 14:40,1808
2019-11-02 14:45,1823
2019-11-02 14:50,1846
2019-11-02 14:55,1870
2019-11-02 15:00,1881
2019-11-02 15:05,1916
2019-11-02 15:10,1939
2019-11-02 15:15,1917
2019-11-02 15:20,1932
2019-11-02 15:25,1943
2019-11-02 15:30,1938
2019-11-02 15:35,1939
2019-11-02 15:40,1954
2019-11-02 15:45,1966
2019-11-02 15:50,1953
2019-11-02 15:55,1974
2019-11-02 16:00,1992
2019-11-02 16:05,1971
2019-11-02 16:10,1983
2019-11-02 16:15,1992
2019-11-02 16:20,1982
2019-11-02 16:25,1995
2019-11-02 16:30,2021
2019-11-02 16:35,2011
2019-11-02 16:40,2031
2019-11-02 16:45,2045
2019-11-02 16:50,2077
2019-11-02 16:55,2096
2019-11-02 17:00,2090
2019-11-02 17:05,2078
2019-11-02 17:10,2077
2019-11-02 17:15,2079
2019-11-02 17:20,2098
2019-11-02 17:25,2085
2019-11-02 17:30,2079
2019-11-02 17:35,2078
2019-11-02 17:40,2095
2019-11-02 17:45,2076
2019-11-02 17:50,2070
2019-11-02 17:55,2080
2019-11-02 18:00,2081
2019-11-02 18:05,2086
2019-11-02 18:10,2077
2019-11-02 18:15,2092
2019-11-02 18:20,2106
2019-11-02 18:25,2120
2019-11-02 18:30,2129
2019-11-02 18:35,2121
2019-11-02 18:40,2127
2019-11-02 18:45,2138
2019-11-02 18:50,2123
2019-11-02 18:55,2124
2019-11-02 19:00,2147
2019-11-02 19:05,2148
2019-11-02 19:10,2154
2019-11-02 19:15,2145
2019-11-02 19:20,2164
2019-11-02 19:25,2171
2019-11-02 19:30,2178
2019-11-02 19:35,2169
2019-11-02 19:40,2178
2019-11-02 19:45,2187
2019-11-02 19:50,2175
2019-11-02 19:55,2168
2019-11-02 20:00,2177
2019-11-02 20:05,2152
2019-11-02 20:10,2162
2019-11-02 20:15,2177
2019-11-02 20:20,2172
2019-11-02 20:25,2168
2019-11-02 20:30,2178
2019-11-02 20:35,2181
2019-11-02 20:40,2160
2019-11-02 20:45,2169
2019-11-02 20:50,2149
2019-11-02 20:55,2136
2019-11-02 21:00,2096
2019-11-02 21:05,2068
2019-11-02 21:10,2063
2019-11-02 21:15,2054
2019-11-02 21:20,2039
2019-11-02 21:25,2010
2019-11-02 21:30,2011
2019-11-02 21:35,2022
2019-11-02 21:40,2011
2019-11-02 21:45,2005
2019-11-02 21:50,1990
2019-11-02 21:55,1970
2019-11-02 22:00,1943
2019-11-02 22:05,1937
2019-11-02 22:10,1933
2019-11-02 22:15,1915
2019-11-02 22:20,1898
2019-11-02 22:25,1894
2019-11-02 22:30,1866
2019-11-02 22:35,1849
2019-11-02 22:40,1843
2019-11-02 22:45,1819
2019-11-02 22:50,1792
2019-11-02 22:55,1768
2019-11-02 23:00,1765
2019-11-02 23:05,1733
2019-11-02 23:10,1712
2019-11-02 23:15,1685
2019-11-02 23:20,1667
2019-11-02 23:25,1644
2019-11-02 23:30,1634
2019-11-02 23:35,1597
2019-11-02 23:40,1606
2019-11-02 23:45,1595
2019-11-02 23:50,1588
2019-11-02 23:55,1589
2019-11-03 00:00,1562
2019-11-03 00:05,1575
2019-11-03 00:10,1562
2019-11-03 00:15,1526
2019-11-03 00:20,1515
2019-11-03 00:25,1517
2019-11-03 00:30,1501
2019-11-03 00:35,1481
2019-11-03 00:40,1466
2019-11-03 00:45,1463
2019-11-03 00:50,1476
2019-11-03 00:55,1459
2019-11-03 01:00,1424
2019-11-03 01:05,1430
2019-11-03 01:10,1412
2019-11-03 01:15,1415
2019-11-03 01:20,1405
2019-11-03 01:25,1405
2019-11-03 01:30,1409
2019-11-03 01:35,1401
2019-11-03 01:40,1381
2019-11-03 01:45,1347
2019-11-03 01:50,1348
2019-11-03 01:55,1346
2019-11-03 02:00,1349
2019-11-03 02:05,1340
2019-11-03 02:10,1339
2019-11-03 02:15,1323
2019-11-03 02:20,1307
2019-11-03 02:25,1288
2019-11-03 02:30,1301
2019-11-03 02:35,1284
2019-11-03 02:40,1275
2019-11-03 02:45,1243
2019-11-03 02:50,1242
2019-11-03 02:55,1246
2019-11-03 03:00,1243
2019-11-03 03:05,1234
2019-11-03 03:10,1233
2019-11-03 03:15,1233
2019-11-03 03:20,1235
2019-11-03 03:25,1218
2019-11-03 03:30,1199
2019-11-03 03:35,1184
2019-11-03 03:40,1169
2019-11-03 03:45,1165
2019-11-03 03:50,1132
2019-11-03 03:55,1130
2019-11-03 04:00,1124
2019-11-03 04:05,1125
2019-11-03 04:10,1127
2019-11-03 04:15,1124
2019-11-03 04:20,1125
2019-11-03 04:25,1112
2019-11-03 04:30,1097
2019-11-03 04:35,1081
2019-11-03 04:40,1076
2019-11-03 04:45,1072
2019-11-03 04:50,1072
2019-11-03 04:55,1070
2019-11-03 05:00,1055
2019-11-03 05:05,1043
2019-11-03 05:10,1055
2019-11-03 05:15,1033
2019-11-03 05:20,1033
2019-11-03 05:25,1040
2019-11-03 05:30,1046
2019-11-03 05:35,1048
2019-11-03 05:40,1046
2019-11-03 05:45,1044
2019-11-03 05:50,1041
2019-11-03 05:55,1042
2019-11-03 06:00,1036
2019-11-03 06:05,1019
2019-11-03 06:10,1007
2019-11-03 06:15,1001
2019-11-03 06:20,997
2019-11-03 06:25,986
2019-11-03 06:30,992
2019-11-03 06:35,992
2019-11-03 06:40,1005
2019-11-03 06:45,1005
2019-11-03 06:50,1017
2019-11-03 06:55,1029
2019-11-03 07:00,1030
2019-11-03 07:05,1032
2019-11-03 07:10,1034
2019-11-03 07:15,1042
2019-11-03 07:20,1038
2019-11-03 07:25,1054
2019-11-03 07:30,1057
2019-11-03 07:35,1061
2019-11-03 07:40,1050
2019-11-03 07:45,1067
2019-11-03 07:50,1075
2019-11-03 07:55,1081
2019-11-03 08:00,1082
2019-11-03 08:05,1085
2019-11-03 08:10,1114
2019-11-03 08:15,1127
2019-11-03 08:20,1149
2019-11-03 08:25,1157
2019-11-03 08:30,1174
2019-11-03 08:35,1199
2019-11-03 08:40,1191
2019-11-03 08:45,1216
2019-11-03 08:50,1215
2019-11-03 08:55,1234
2019-11-03 09:00,1245
2019-11-03 09:05,1256
2019-11-03 09:10,1269
2019-11-03 09:15,1273
2019-11-03 09:20,1293
2019-11-03 09:25,1314
2019-11-03 09:30,1317
2019-11-03 09:35,1337
2019-11-03 09:40,1369
2019-11-03 09:45,1388
2019-11-03 09:50,1391
2019-11-03 09:55,1413
2019-11-03 10:00,1430
2019-11-03 10:05,1459
2019-11-03 10:10,1488
2019-11-03 10:15,1507
2019-11-03 10:20,1517
2019-11-03 10:25,1542
2019-11-03 10:30,1539
2019-11-03 10:35,1551
2019-11-03 10:40,1562
2019-11-03 10:45,1589
2019-11-03 10:50,1612
2019-11-03 10:55,1606
2019-11-03 11:00,1604
2019-11-03 11:05,1627
2019-11-03 11:10,1633
2019-11-03 11:15,1644
2019-11-03 11:20,1652
2019-11-03 11:25,1658
2019-11-03 11:30,1686
2019-11-03 11:35,1708
2019-11-03 11:40,1710
2019-11-03 11:45,1706
2019-11-03 11:50,1743
2019-11-03 11:55,1752
2019-11-03 12:00,1761
2019-11-03 12:05,1741
2019-11-03 12:10,1718
2019-11-03 12:15,1696
2019-11-03 12:20,1756
2019-11-03 12:25,1768
2019-11-03 12:30,1795
2019-11-03 12:35,1819
2019-11-03 12:40,1809
2019-11-03 12:45,1834
2019-11-03 12:50,1848
2019-11-03 12:55,1873
2019-11-03 13:00,1872
2019-11-03 13:05,1872
2019-11-03 13:10,1884
2019-11-03 13:15,1886
2019-11-03 13:20,1900
2019-11-03 13:25,1899
2019-11-03 13:30,1913
2019-11-03 13:35,1920
2019-11-03 13:40,1937
2019-11-03 13:45,1971
2019-11-03 13:50,1981
2019-11-03 13:55,2020
2019-11-03 14:00,2049
2019-11-03 14:05,2047
2019-11-03 14:10,2034
2019-11-03 14:15,2018
2019-11-03 14:20,2018
2019-11-03 14:25,2032
2019-11-03 14:30,2031
2019-11-03 14:35,2048
2019-11-03 14:40,2041
2019-11-03 14:45,2029
2019-11-03 14:50,2035
2019-11-03 14:55,2053
2019-11-03 15:00,2062
2019-11-03 15:05,2082
2019-11-03 15:10,2089
2019-11-03 15:15,2070
2019-11-03 15:20,2064
2019-11-03 15:25,2072
2019-11-03 15:30,2097
2019-11-03 15:35,2117
2019-11-03 15:40,2136
2019-11-03 15:45,2162
2019-11-03 15:50,2175
2019-11-03 15:55,2178
2019-11-03 16:00,2190
2019-11-03 16:05,2191
2019-11-03 16:10,2219
2019-11-03 16:15,2237
2019-11-03 16:20,2269
2019-11-03 16:25,2253
2019-11-03 16:30,2252
2019-11-03 16:35,2253
2019-11-03 16:40,2277
2019-11-03 16:45,2286
2019-11-03 16:50,2282
2019-11-03 16:55,2274
2019-11-03 17:00,2295
2019-11-03 17:05,2308
2019-11-03 17:10,2307
2019-11-03 17:15,2316
2019-11-03 17:20,2313
2019-11-03 17:25,2330
2019-11-03 17:30,2315
2019-11-03 17:35,2306
2019-11-03 17:40,2305
2019-11-03 17:45,2315
2019-11-03 17:50,2326
2019-11-03 17:55,2321
2019-11-03 18:00,2320
2019-11-03 18:05,2312
2019-11-03 18:10,2312
2019-11-03 18:15,2320
2019-11-03 18:20,2353
2019-11-03 18:25,2344
2019-11-03 18:30,2330
2019-11-03 18:35,2338
2019-11-03 18:40,2344
2019-11-03 18:45,2341
2019-11-03 18:50,2322
2019-11-03 18:55,2299
2019-11-03 19:00,2302
2019-11-03 19:05,2290
2019-11-03 19:10,2276
2019-11-03 19:15,2277
2019-11-03 19:20,2286
2019-11-03 19:25,2288
2019-11-03 19:30,2302
2019-11-03 19:35,2276
2019-11-03 19:40,2295
2019-11-03 19:45,2300
2019-11-03 19:50,2309
2019-11-03 19:55,2300
2019-11-03 20:00,2296
2019-11-03 20:05,2284
2019-11-03 20:10,2255
2019-11-03 20:15,2230
2019-11-03 20:20,2218
2019-11-03 20:25,2197
2019-11-03 20:30,2194
2019-11-03 20:35,2161
2019-11-03 20:40,2165
2019-11-03 20:45,2139
2019-11-03 20:50,2116
2019-11-03 20:55,2094
2019-11-03 21:00,2108
2019-11-03 21:05,2096
2019-11-03 21:10,2075
2019-11-03 21:15,2048
2019-11-03 21:20,2030
2019-11-03 21:25,2010
2019-11-03 21:30,1993
2019-11-03 21:35,1975
2019-11-03 21:40,1974
2019-11-03 21:45,1956
2019-11-03 21:50,1936
2019-11-03 21:55,1913
2019-11-03 22:00,1914
2019-11-03 22:05,1906
2019-11-03 22:10,1887
2019-11-03 22:15,1878
2019-11-03 22:20,1873
2019-11-03 22:25,1840
2019-11-03 22:30,1807
2019-11-03 22:35,1781
2019-11-03 22:40,1755
2019-11-03 22:45,1739
2019-11-03 22:50,1735
2019-11-03 22:55,1737
2019-11-03 23:00,1719
2019-11-03 23:05,1687
2019-11-03 23:10,1670
2019-11-03 23:15,1642
2019-11-03 23:20,1619
2019-11-03 23:25,1604
2019-11-03 23:30,1587
2019-11-03 23:35,1571
2019-11-03 23:40,1562
2019-11-03 23:45,1548
2019-11-03 23:50,1542
2019-11-03 23:55,1527
2019-11-04 00:00,1521
2019-11-04 00:05,1504
2019-11-04 00:10,1498
2019-11-04 00:15,1501
2019-11-04 00:20,1473
2019-11-04 00:25,1470
2019-11-04 00:30,1448
2019-11-04 00:35,1437
2019-11-04 00:40,1440
2019-11-04 00:45,1412
2019-11-04 00:50,1394
2019-11-04 00:55,1383
2019-11-04 01:00,1363
2019-11-04 01:05,1360
2019-11-04 01:10,1328
2019-11-04 01:15,1293
2019-11-04 01:20,1287
2019-11-04 01:25,1280
2019-11-04 01:30,1284
2019-11-04 01:35,1284
2019-11-04 01:40,1274
2019-11-04 01:45,1284
2019-11-04 01:50,1279
2019-11-04 01:55,1278
2019-11-04 02:00,1266
2019-11-04 02:05,1270
2019-11-04 02:10,1282
2019-11-04 02:15,1271
2019-11-04 02:20,1261
2019-11-04 02:25,1245
2019-11-04 02:30,1251
2019-11-04 02:35,1235
2019-11-04 02:40,1222
2019-11-04 02:45,1218
2019-11-04 02:50,1224
2019-11-04 02:55,1198
2019-11-04 03:00,1176
2019-11-04 03:05,1164
2019-11-04 03:10,1164
2019-11-04 03:15,1151
2019-11-04 03:20,1150
2019-11-04 03:25,1127
2019-11-04 03:30,1130
2019-11-04 03:35,1105
2019-11-04 03:40,1091
2019-11-04 03:45,1059
2019-11-04 03:50,1055
2019-11-04 03:55,1057
2019-11-04 04:00,1044
2019-11-04 04:05,1042
2019-11-04 04:10,1031
2019-11-04 04:15,1021
2019-11-04 04:20,991
2019-11-04 04:25,978
2019-11-04 04:30,951
2019-11-04 04:35,932
2019-11-04 04:40,920
2019-11-04 04:45,919
2019-11-04 04:50,929
2019-11-04 04:55,914
2019-11-04 05:00,907
2019-11-04 05:05,902
2019-11-04 05:10,902
2019-11-04 05:15,910
2019-11-04 05:20,890
2019-11-04 05:25,890
2019-11-04 05:30,883
2019-11-04 05:35,881
2019-11-04 05:40,884
2019-11-04 05:45,885
2019-11-04 05:50,871
2019-11-04 05:55,857
2019-11-04 06:00,837
2019-11-04 06:05,826
2019-11-04 06:10,822
2019-11-04 06:15,822
2019-11-04 06:20,826
2019-11-04 06:25,808
2019-11-04 06:30,806
2019-11-04 06:35,799
2019-11-04 06:40,809
2019-11-04 06:45,807
2019-11-04 06:50,805
2019-11-04 06:55,807
2019-11-04 07:00,797
2019-11-04 07:05,800
2019-11-04 07:10,802
2019-11-04 07:15,808
2019-11-04 07:20,806
2019-11-04 07:25,806
2019-11-04 07:30,810
2019-11-04 07:35,822
2019-11-04 07:40,836
2019-11-04 07:45,836
2019-11-04 07:50,842
2019-11-04 07:55,862
2019-11-04 08:00,867
2019-11-04 08:05,878
2019-11-04 08:10,880
2019-11-04 08:15,886
2019-11-04 08:20,881
2019-11-04 08:25,889
2019-11-04 08:30,913
2019-11-04 08:35,901
2019-11-04 08:40,901
2019-11-04 08:45,911
2019-11-04 08:50,916
2019-11-04 08:55,921
2019-11-04 09:00,925
2019-11-04 09:05,940
2019-11-04 09:10,944
2019-11-04 09:15,948
2019-11-04 09:20,953
2019-11-04 09:25,949
2019-11-04 09:30,958
2019-11-04 09:35,960
2019-11-04 09:40,974
2019-11-04 09:45,972
2019-11-04 09:50,983
2019-11-04 09:55,981
2019-11-04 10:00,993
2019-11-04 10:05,1021
2019-11-04 10:10,1039
2019-11-04 10:15,1048
2019-11-04 10:20,1066
2019-11-04 10:25,1078
2019-11-04 10:30,1079
2019-11-04 10:35,1093
2019-11-04 10:40,1073
2019-11-04 10:45,1078
2019-11-04 10:50,1082
2019-11-04 10:55,1090
2019-11-04 11:00,1100
2019-11-04 11:05,1115
2019-11-04 11:10,1109
2019-11-04 11:15,1117
2019-11-04 11:20,1137
2019-11-04 11:25,1148
2019-11-04 11:30,1153
2019-11-04 11:35,1145
2019-11-04 11:40,1169
2019-11-04 11:45,1164
2019-11-04 11:50,1190
2019-11-04 11:55,1198
2019-11-04 12:00,1205
2019-11-04 12:05,1224
2019-11-04 12:10,1236
2019-11-04 12:15,1224
2019-11-04 12:20,1220
2019-11-04 12:25,1218
2019-11-04 12:30,1216
2019-11-04 12:35,1235
2019-11-04 12:40,1236
2019-11-04 12:45,1234
2019-11-04 12:50,1244
2019-11-04 12:55,1251
2019-11-04 13:00,1269
2019-11-04 13:05,1253
2019-11-04 13:10,1235
2019-11-04 13:15,1246
2019-11-04 13:20,1257
2019-11-04 13:25,1271
2019-11-04 13:30,1287
2019-11-04 13:35,1289
2019-11-04 13:40,1305
2019-11-04 13:45,1315
2019-11-04 13:50,1343
2019-11-04 13:55,1364
2019-11-04 14:00,1400
2019-11-04 14:05,1414
2019-11-04 14:10,1404
2019-11-04 14:15,1421
2019-11-04 14:20,1428
2019-11-04 14:25,1433
2019-11-04 14:30,1435
2019-11-04 14:35,1438
2019-11-04 14:40,1436
2019-11-04 14:45,1445
2019-11-04 14:50,1448
2019-11-04 14:55,1441
2019-11-04 15:00,1453
2019-11-04 15:05,1472
2019-11-04 15:10,1485
2019-11-04 15:15,1489
2019-11-04 15:20,1492
2019-11-04 15:25,1503
2019-11-04 15:30,1517
2019-11-04 15:35,1538
2019-11-04 15:40,1551
2019-11-04 15:45,1566
2019-11-04 15:50,1582
2019-11-04 15:55,1590
2019-11-04 16:00,1607
2019-11-04 16:05,1628
2019-11-04 16:10,1629
2019-11-04 16:15,1633
2019-11-04 16:20,1648
2019-11-04 16:25,1683
2019-11-04 16:30,1686
2019-11-04 16:35,1709
2019-11-04 16:40,1723
2019-11-04 16:45,1747
2019-11-04 16:50,1754
2019-11-04 16:55,1787
2019-11-04 17:00,1793
2019-11-04 17:05,1799
2019-11-04 17:10,1798
2019-11-04 17:15,1818
2019-11-04 17:20,1812
2019-11-04 17:25,1811
2019-11-04 17:30,1813
2019-11-04 17:35,1826
2019-11-04 17:40,1839
2019-11-04 17:45,1862
2019-11-04 17:50,1846
2019-11-04 17:55,1845
2019-11-04 18:00,1866
2019-11-04 18:05,1869
2019-11-04 18:10,1873
2019-11-04 18:15,1894
2019-11-04 18:20,1892
2019-11-04 18:25,1897
2019-11-04 18:30,1900
2019-11-04 18:35,1911
2019-11-04 18:40,1919
2019-11-04 18:45,1928
2019-11-04 18:50,1907
2019-11-04 18:55,1904
2019-11-04 19:00,1907
2019-11-04 19:05,1906
2019-11-04 19:10,1933
2019-11-04 19:15,1914
2019-11-04 19:20,1930
2019-11-04 19:25,1933
2019-11-04 19:30,1932
2019-11-04 19:35,1934
2019-11-04 19:40,1941
2019-11-04 19:45,1935
2019-11-04 19:50,1957
2019-11-04 19:55,1957
2019-11-04 20:00,1955
2019-11-04 20:05,1950
2019-11-04 20:10,1946
2019-11-04 20:15,1938
2019-11-04 20:20,1929
2019-11-04 20:25,1928
2019-11-04 20:30,1924
2019-11-04 20:35,1907
2019-11-04 20:40,1903
2019-11-04 20:45,1888
2019-11-04 20:50,1873
2019-11-04 20:55,1853
2019-11-04 21:00,1818
2019-11-04 21:05,1801
2019-11-04 21:10,1787
2019-11-04 21:15,1795
2019-11-04 21:20,1753
2019-11-04 21:25,1726
2019-11-04 21:30,1716
2019-11-04 21:35,1705
2019-11-04 21:40,1693
2019-11-04 21:45,1688
2019-11-04 21:50,1688
2019-11-04 21:55,1667
2019-11-04 22:00,1626
2019-11-04 22:05,1600
2019-11-04 22:10,1593
2019-11-04 22:15,1573
2019-11-04 22:20,1553
2019-11-04 22:25,1543
2019-11-04 22:30,1520
2019-11-04 22:35,1529
2019-11-04 22:40,1536
2019-11-04 22:45,1508
2019-11-04 22:50,1514
2019-11-04 22:55,1520
2019-11-04 23:00,1506
2019-11-04 23:05,1493
2019-11-04 23:10,1469
2019-11-04 23:15,1453
2019-11-04 23:20,1454
2019-11-04 23:25,1455
2019-11-04 23:30,1441
2019-11-04 23:35,1442
2019-11-04 23:40,1414
2019-11-04 23:45,1406
2019-11-04 23:50,1391
2019-11-04 23:55,1382
2019-11-05 00:00,1364
2019-11-05 00:05,1364
2019-11-05 00:10,1353
2019-11-05 00:15,1342
2019-11-05 00:20,1340
2019-11-05 00:25,1346
2019-11-05 00:30,1339
2019-11-05 00:35,1360
2019-11-05 00:40,1344
2019-11-05 00:45,1332
2019-11-05 00:50,1320
2019-11-05 00:55,1335
2019-11-05 01:00,1338
2019-11-05 01:05,1306
2019-11-05 01:10,1303
2019-11-05 01:15,1299
2019-11-05 01:20,1273
2019-11-05 01:25,1256
2019-11-05 01:30,1270
2019-11-05 01:35,1259
2019-11-05 01:40,1255
2019-11-05 01:45,1249
2019-11-05 01:50,1236
2019-11-05 01:55,1224
2019-11-05 02:00,1225
2019-11-05 02:05,1195
2019-11-05 02:10,1209
2019-11-05 02:15,1214
2019-11-05 02:20,1216
2019-11-05 02:25,1181
2019-11-05 02:30,1192
2019-11-05 02:35,1183
2019-11-05 02:40,1175
2019-11-05 02:45,1182
2019-11-05 02:50,1175
2019-11-05 02:55,1146
2019-11-05 03:00,1118
2019-11-05 03:05,1093
2019-11-05 03:10,1105
2019-11-05 03:15,1112
2019-11-05 03:20,1108
2019-11-05 03:25,1117
2019-11-05 03:30,1108
2019-11-05 03:35,1090
2019-11-05 03:40,1080
2019-11-05 03:45,1070
2019-11-05 03:50,1071
2019-11-05 03:55,1063
2019-11-05 04:00,1063
2019-11-05 04:05,1051
2019-11-05 04:10,1040
2019-11-05 04:15,1020
2019-11-05 04:20,1000
2019-11-05 04:25,990
2019-11-05 04:30,966
2019-11-05 04:35,971
2019-11-05 04:40,950
2019-11-05 04:45,942
2019-11-05 04:50,931
2019-11-05 04:55,924
2019-11-05 05:00,914
2019-11-05 05:05,911
2019-11-05 05:10,903
2019-11-05 05:15,907
2019-11-05 05:20,896
2019-11-05 05:25,885
2019-11-05 05:30,878
2019-11-05 05:35,891
2019-11-05 05:40,888
2019-11-05 05:45,881
2019-11-05 05:50,871
2019-11-05 05:55,863
2019-11-05 06:00,851
2019-11-05 06:05,844
2019-11-05 06:10,841
2019-11-05 06:15,844
2019-11-05 06:20,828
2019-11-05 06:25,822
2019-11-05 06:30,815
2019-11-05 06:35,806
2019-11-05 06:40,805
2019-11-05 06:45,809
2019-11-05 06:50,802
2019-11-05 06:55,811
2019-11-05 07:00,811
2019-11-05 07:05,803
2019-11-05 07:10,801
2019-11-05 07:15,813
2019-11-05 07:20,810
2019-11-05 07:25,816
2019-11-05 07:30,810
2019-11-05 07:35,801
2019-11-05 07:40,791
2019-11-05 07:45,789
2019-11-05 07:50,799
2019-11-05 07:55,800
2019-11-05 08:00,801
2019-11-05 08:05,803
2019-11-05 08:10,802
2019-11-05 08:15,800
2019-11-05 08:20,802
2019-11-05 08:25,808
2019-11-05 08:30,832
2019-11-05 08:35,833
2019-11-05 08:40,827
2019-11-05 08:45,819
2019-11-05 08:50,829
2019-11-05 08:55,839
2019-11-05 09:00,844
2019-11-05 09:05,846
2019-11-05 09:10,843
2019-11-05 09:15,856
2019-11-05 09:20,864
2019-11-05 09:25,867
2019-11-05 09:30,874
2019-11-05 09:35,891
2019-11-05 09:40,924
2019-11-05 09:45,924
2019-11-05 09:50,919
2019-11-05 09:55,928
2019-11-05 10:00,936
2019-11-05 10:05,964
2019-11-05 10:10,979
2019-11-05 10:15,992
2019-11-05 10:20,1014
2019-11-05 10:25,1015
2019-11-05 10:30,1015
2019-11-05 10:35,1026
2019-11-05 10:40,1032
2019-11-05 10:45,1031
2019-11-05 10:50,1040
2019-11-05 10:55,1046
2019-11-05 11:00,1059
2019-11-05 11:05,1072
2019-11-05 11:10,1079
2019-11-05 11:15,1089
2019-11-05 11:20,1068
2019-11-05 11:25,
2019-11-05 11:30,1087
2019-11-05 11:35,1101
2019-11-05 11:40,1115
2019-11-05 11:45,1132
2019-11-05 11:50,1130
2019-11-05 11:55,1140
2019-11-05 12:00,1141
2019-11-05 12:05,1149
2019-11-05 12:10,1147
2019-11-05 12:15,1156
2019-11-05 12:20,1169
2019-11-05 12:25,1170
2019-11-05 12:30,1163
2019-11-05 12:35,1168
2019-11-05 12:40,1191
2019-11-05 12:45,1192
2019-11-05 12:50,1189
2019-11-05 12:55,1209
2019-11-05 13:00,1217
2019-11-05 13:05,1224
2019-11-05 13:10,1229
2019-11-05 13:15,1228
2019-11-05 13:20,1228
2019-11-05 13:25,1244
2019-11-05 13:30,1258
2019-11-05 13:35,1264
2019-11-05 13:40,1274
2019-11-05 13:45,1282
2019-11-05 13:50,1293
2019-11-05 13:55,1315
2019-11-05 14:00,1334
2019-11-05 14:05,1345
2019-11-05 14:10,1355
2019-11-05 14:15,1370
2019-11-05 14:20,1383
2019-11-05 14:25,1399
2019-11-05 14:30,1401
2019-11-05 14:35,1395
2019-11-05 14:40,1398
2019-11-05 14:45,1414
2019-11-05 14:50,1415
2019-11-05 14:55,1423
2019-11-05 15:00,1438
2019-11-05 15:05,1459
2019-11-05 15:10,1479
2019-11-05 15:15,1479
2019-11-05 15:20,1483
2019-11-05 15:25,1492
2019-11-05 15:30,1519
2019-11-05 15:35,1535
2019-11-05 15:40,1537
2019-11-05 15:45,1532
2019-11-05 15:50,1546
2019-11-05 15:55,1520
2019-11-05 16:00,1555
2019-11-05 16:05,1551
2019-11-05 16:10,1552
2019-11-05 16:15,1566
2019-11-05 16:20,1587
2019-11-05 16:25,1594
2019-11-05 16:30,1617
2019-11-05 16:35,1633
2019-11-05 16:40,1645
2019-11-05 16:45,1651
2019-11-05 16:50,1676
2019-11-05 16:55,1677
2019-11-05 17:00,1676
2019-11-05 17:05,1694
2019-11-05 17:10,1693
2019-11-05 17:15,1711
2019-11-05 17:20,1745
2019-11-05 17:25,1774
2019-11-05 17:30,1757
2019-11-05 17:35,1786
2019-11-05 17:40,1788
2019-11-05 17:45,1793
2019-11-05 17:50,1785
2019-11-05 17:55,1792
2019-11-05 18:00,1776
2019-11-05 18:05,1779
2019-11-05 18:10,1805
2019-11-05 18:15,1801
2019-11-05 18:20,1806
2019-11-05 18:25,1819
2019-11-05 18:30,1827
2019-11-05 18:35,1831
2019-11-05 18:40,1825
2019-11-05 18:45,1831
2019-11-05 18:50,1818
2019-11-05 18:55,1847
2019-11-05 19:00,1542
2019-11-05 19:05,1750
2019-11-05 19:10,1868
2019-11-05 19:15,1900
2019-11-05 19:20,1893
2019-11-05 19:25,1890
2019-11-05 19:30,1909
2019-11-05 19:35,1893
2019-11-05 19:40,1869
2019-11-05 19:45,1877
2019-11-05 19:50,1875
2019-11-05 19:55,1876
2019-11-05 20:00,1866
2019-11-05 20:05,1865
2019-11-05 20:10,1856
2019-11-05 20:15,1843
2019-11-05 20:20,1834
2019-11-05 20:25,1840
2019-11-05 20:30,1835
2019-11-05 20:35,1801
2019-11-05 20:40,1762
2019-11-05 20:45,1759
2019-11-05 20:50,1756
2019-11-05 20:55,1743
2019-11-05 21:00,1747
2019-11-05 21:05,1745
2019-11-05 21:10,1734
2019-11-05 21:15,1720
2019-11-05 21:20,1706
2019-11-05 21:25,
2019-11-05 21:30,
2019-11-05 21:35,
2019-11-05 21:40,1619
2019-11-05 21:45,1596
2019-11-05 21:50,1589
2019-11-05 21:55,1582
2019-11-05 22:00,1561
2019-11-05 22:05,1535
2019-11-05 22:10,1521
2019-11-05 22:15,1501
2019-11-05 22:20,1495
2019-11-05 22:25,1492
2019-11-05 22:30,1488
2019-11-05 22:35,1483
2019-11-05 22:40,1478
2019-11-05 22:45,1458
2019-11-05 22:50,1440
2019-11-05 22:55,1439
2019-11-05 23:00,1407
2019-11-05 23:05,1389
2019-11-05 23:10,1384
2019-11-05 23:15,1363
2019-11-05 23:20,1356
2019-11-05 23:25,1359
2019-11-05 23:30,0
2019-11-05 23:35,1085
2019-11-05 23:40,1251
2019-11-05 23:45,1306
2019-11-05 23:50,1311
2019-11-05 23:55,1316
2019-11-06 00:00,1298
2019-11-06 00:05,1324
2019-11-06 00:10,1329
2019-11-06 00:15,1314
2019-11-06 00:20,1311
2019-11-06 00:25,1301
2019-11-06 00:30,1293
2019-11-06 00:35,1282
2019-11-06 00:40,1286
2019-11-06 00:45,1300
2019-11-06 00:50,1294
2019-11-06 00:55,1283
2019-11-06 01:00,1278
2019-11-06 01:05,1267
2019-11-06 01:10,1250
2019-11-06 01:15,1247
2019-11-06 01:20,1250
2019-11-06 01:25,1253
2019-11-06 01:30,1251
2019-11-06 01:35,1248
2019-11-06 01:40,1235
2019-11-06 01:45,1237
2019-11-06 01:50,1220
2019-11-06 01:55,1219
2019-11-06 02:00,1214
2019-11-06 02:05,1208
2019-11-06 02:10,1202
2019-11-06 02:15,1201
2019-11-06 02:20,1207
2019-11-06 02:25,1204
2019-11-06 02:30,1193
2019-11-06 02:35,1186
2019-11-06 02:40,1176
2019-11-06 02:45,1159
2019-11-06 02:50,1147
2019-11-06 02:55,1138
2019-11-06 03:00,1133
2019-11-06 03:05,1123
2019-11-06 03:10,1108
2019-11-06 03:15,1101
2019-11-06 03:20,1099
2019-11-06 03:25,1065
2019-11-06 03:30,1043
2019-11-06 03:35,1040
2019-11-06 03:40,1020
2019-11-06 03:45,1026
2019-11-06 03:50,1014
2019-11-06 03:55,1005
2019-11-06 04:00,993
2019-11-06 04:05,990
2019-11-06 04:10,976
2019-11-06 04:15,973
2019-11-06 04:20,957
2019-11-06 04:25,947
2019-11-06 04:30,942
2019-11-06 04:35,938
2019-11-06 04:40,938
2019-11-06 04:45,931
2019-11-06 04:50,923
2019-11-06 04:55,925
2019-11-06 05:00,915
2019-11-06 05:05,903
2019-11-06 05:10,881
2019-11-06 05:15,877
2019-11-06 05:20,873
2019-11-06 05:25,849
2019-11-06 05:30,833
2019-11-06 05:35,825
2019-11-06 05:40,842
2019-11-06 05:45,819
2019-11-06 05:50,814
2019-11-06 05:55,810
2019-11-06 06:00,803
2019-11-06 06:05,787
2019-11-06 06:10,766
2019-11-06 06:15,766
2019-11-06 06:20,764
2019-11-06 06:25,756
2019-11-06 06:30,745
2019-11-06 06:35,753
2019-11-06 06:40,751
2019-11-06 06:45,756
2019-11-06 06:50,754
2019-11-06 06:55,746
2019-11-06 07:00,760
2019-11-06 07:05,759
2019-11-06 07:10,769
2019-11-06 07:15,789
2019-11-06 07:20,792
2019-11-06 07:25,787
2019-11-06 07:30,782
2019-11-06 07:35,792
2019-11-06 07:40,789
2019-11-06 07:45,801
2019-11-06 07:50,799
2019-11-06 07:55,806
2019-11-06 08:00,806
2019-11-06 08:05,798
2019-11-06 08:10,785
2019-11-06 08:15,794
2019-11-06 08:20,797
2019-11-06 08:25,796
2019-11-06 08:30,811
2019-11-06 08:35,817
2019-11-06 08:40,826
2019-11-06 08:45,835
2019-11-06 08:50,826
2019-11-06 08:55,830
2019-11-06 09:00,844
2019-11-06 09:05,851
2019-11-06 09:10,863
2019-11-06 09:15,873
2019-11-06 09:20,875
2019-11-06 09:25,885
2019-11-06 09:30,908
2019-11-06 09:35,905
2019-11-06 09:40,919
2019-11-06 09:45,925
2019-11-06 09:50,928
2019-11-06 09:55,940
2019-11-06 10:00,952
2019-11-06 10:05,976
2019-11-06 10:10,983
2019-11-06 10:15,1000
2019-11-06 10:20,1025
2019-11-06 10:25,1035
2019-11-06 10:30,1030
2019-11-06 10:35,1028
2019-11-06 10:40,1039
2019-11-06 10:45,1053
2019-11-06 10:50,1058
2019-11-06 10:55,1053
2019-11-06 11:00,1053
2019-11-06 11:05,1068
2019-11-06 11:10,1079
2019-11-06 11:15,1080
2019-11-06 11:20,1098
2019-11-06 11:25,1110
2019-11-06 11:30,1120
2019-11-06 11:35,1143
2019-11-06 11:40,1145
2019-11-06 11:45,1161
2019-11-06 11:50,1151
2019-11-06 11:55,1155
2019-11-06 12:00,1145
2019-11-06 12:05,1138
2019-11-06 12:10,1145
2019-11-06 12:15,1144
2019-11-06 12:20,1135
2019-11-06 12:25,1150
2019-11-06 12:30,1169
2019-11-06 12:35,1175
2019-11-06 12:40,1165
2019-11-06 12:45,1154
2019-11-06 12:50,1160
2019-11-06 12:55,1166
2019-11-06 13:00,1169
2019-11-06 13:05,1163
2019-11-06 13:10,1166
2019-11-06 13:15,1168
2019-11-06 13:20,1189
2019-11-06 13:25,1186
2019-11-06 13:30,1188
2019-11-06 13:35,1195
2019-11-06 13:40,1196
2019-11-06 13:45,1210
2019-11-06 13:50,1224
2019-11-06 13:55,1233
2019-11-06 14:00,1242
2019-11-06 14:05,1251
2019-11-06 14:10,1255
2019-11-06 14:15,1287
2019-11-06 14:20,1302
2019-11-06 14:25,1334
2019-11-06 14:30,1337
2019-11-06 14:35,1343
2019-11-06 14:40,1352
2019-11-06 14:45,1381
2019-11-06 14:50,1391
2019-11-06 14:55,1394
2019-11-06 15:00,1397
2019-11-06 15:05,1402
2019-11-06 15:10,1437
2019-11-06 15:15,1439
2019-11-06 15:20,1439
2019-11-06 15:25,1463
2019-11-06 15:30,1466
2019-11-06 15:35,1472
2019-11-06 15:40,1483
2019-11-06 15:45,1480
2019-11-06 15:50,1484
2019-11-06 15:55,1486
2019-11-06 16:00,1485
2019-11-06 16:05,1488
2019-11-06 16:10,1510
2019-11-06 16:15,1509
2019-11-06 16:20,1525
2019-11-06 16:25,1528
2019-11-06 16:30,1544
2019-11-06 16:35,1551
2019-11-06 16:40,1577
2019-11-06 16:45,1593
2019-11-06 16:50,1612
2019-11-06 16:55,1625
2019-11-06 17:00,1618
2019-11-06 17:05,1635
2019-11-06 17:10,1649
2019-11-06 17:15,1680
2019-11-06 17:20,1700
2019-11-06 17:25,1726
2019-11-06 17:30,1736
2019-11-06 17:35,1751
2019-11-06 17:40,1763
2019-11-06 17:45,1777
2019-11-06 17:50,1805
2019-11-06 17:55,1794
2019-11-06 18:00,1786
2019-11-06 18:05,1778
2019-11-06 18:10,1778
2019-11-06 18:15,1787
2019-11-06 18:20,1793
2019-11-06 18:25,1823
2019-11-06 18:30,1809
2019-11-06 18:35,1811
2019-11-06 18:40,
2019-11-06 18:45,0
2019-11-06 18:50,1820
2019-11-06 18:55,1804
2019-11-06 19:00,1829
2019-11-06 19:05,1838
2019-11-06 19:10,1834
2019-11-06 19:15,1841
2019-11-06 19:20,1844
2019-11-06 19:25,1846
2019-11-06 19:30,1849
2019-11-06 19:35,1848
2019-11-06 19:40,1853
2019-11-06 19:45,1826
2019-11-06 19:50,1849
2019-11-06 19:55,1847
2019-11-06 20:00,1847
2019-11-06 20:05,1837
2019-11-06 20:10,1850
2019-11-06 20:15,1823
2019-11-06 20:20,1803
2019-11-06 20:25,1807
2019-11-06 20:30,1793
2019-11-06 20:35,1788
2019-11-06 20:40,1781
2019-11-06 20:45,1784
2019-11-06 20:50,1765
2019-11-06 20:55,1763
2019-11-06 21:00,1736
2019-11-06 21:05,1702
2019-11-06 21:10,1691
2019-11-06 21:15,1687
2019-11-06 21:20,1663
2019-11-06 21:25,1640
2019-11-06 21:30,1643
2019-11-06 21:35,1626
2019-11-06 21:40,1598
2019-11-06 21:45,1586
2019-11-06 21:50,1571
2019-11-06 21:55,1551
2019-11-06 22:00,1543
2019-11-06 22:05,1538
2019-11-06 22:10,1529
2019-11-06 22:15,1527
2019-11-06 22:20,1498
2019-11-06 22:25,1489
2019-11-06 22:30,1482
2019-11-06 22:35,1456
2019-11-06 22:40,1453
2019-11-06 22:45,1435
2019-11-06 22:50,1411
2019-11-06 22:55,1405
2019-11-06 23:00,1388
2019-11-06 23:05,1357
2019-11-06 23:10,1335
2019-11-06 23:15,1327
2019-11-06 23:20,1325
2019-11-06 23:25,1319
2019-11-06 23:30,1317
2019-11-06 23:35,1328
2019-11-06 23:40,1324
2019-11-06 23:45,1312
2019-11-06 23:50,1304
2019-11-06 23:55,1309
2019-11-07 00:00,1325
2019-11-07 00:05,1322
2019-11-07 00:10,1329
2019-11-07 00:15,1345
2019-11-07 00:20,1322
2019-11-07 00:25,1294
2019-11-07 00:30,1289
2019-11-07 00:35,1307
2019-11-07 00:40,1283
2019-11-07 00:45,1271
2019-11-07 00:50,1274
2019-11-07 00:55,1268
2019-11-07 01:00,1268
2019-11-07 01:05,1251
2019-11-07 01:10,1253
2019-11-07 01:15,1250
2019-11-07 01:20,1243
2019-11-07 01:25,1237
2019-11-07 01:30,1225
2019-11-07 01:35,1211
2019-11-07 01:40,1206
2019-11-07 01:45,1193
2019-11-07 01:50,1173
2019-11-07 01:55,1168
2019-11-07 02:00,1172
2019-11-07 02:05,1148
2019-11-07 02:10,1154
2019-11-07 02:15,1156
2019-11-07 02:20,1152
2019-11-07 02:25,1140
2019-11-07 02:30,1127
2019-11-07 02:35,1123
2019-11-07 02:40,1109
2019-11-07 02:45,1102
2019-11-07 02:50,1121
2019-11-07 02:55,1106
2019-11-07 03:00,1100
2019-11-07 03:05,1103
2019-11-07 03:10,1091
2019-11-07 03:15,1070
2019-11-07 03:20,1057
2019-11-07 03:25,1048
2019-11-07 03:30,1044
2019-11-07 03:35,1047
2019-11-07 03:40,1047
2019-11-07 03:45,1038
2019-11-07 03:50,1030
2019-11-07 03:55,1020
2019-11-07 04:00,1001
2019-11-07 04:05,987
2019-11-07 04:10,976
2019-11-07 04:15,956
2019-11-07 04:20,955
2019-11-07 04:25,948
2019-11-07 04:30,945
2019-11-07 04:35,929
2019-11-07 04:40,916
2019-11-07 04:45,913
2019-11-07 04:50,903
2019-11-07 04:55,896
2019-11-07 05:00,895
2019-11-07 05:05,900
2019-11-07 05:10,885
2019-11-07 05:15,885
2019-11-07 05:20,880
2019-11-07 05:25,884
2019-11-07 05:30,885
2019-11-07 05:35,888
2019-11-07 05:40,882
2019-11-07 05:45,877
2019-11-07 05:50,879
2019-11-07 05:55,882
2019-11-07 06:00,888
2019-11-07 06:05,860
2019-11-07 06:10,853
2019-11-07 06:15,838
2019-11-07 06:20,834
2019-11-07 06:25,840
2019-11-07 06:30,826
2019-11-07 06:35,824
2019-11-07 06:40,810
2019-11-07 06:45,810
2019-11-07 06:50,810
2019-11-07 06:55,803
2019-11-07 07:00,792
2019-11-07 07:05,799
2019-11-07 07:10,802
2019-11-07 07:15,800
2019-11-07 07:20,805
2019-11-07 07:25,809
2019-11-07 07:30,818
2019-11-07 07:35,811
2019-11-07 07:40,803
2019-11-07 07:45,811
2019-11-07 07:50,824
2019-11-07 07:55,828
2019-11-07 08:00,834
2019-11-07 08:05,827
2019-11-07 08:10,821
2019-11-07 08:15,816
2019-11-07 08:20,821
2019-11-07 08:25,814
2019-11-07 08:30,819
2019-11-07 08:35,829
2019-11-07 08:40,827
2019-11-07 08:45,820
2019-11-07 08:50,813
2019-11-07 08:55,816
2019-11-07 09:00,818
2019-11-07 09:05,840
2019-11-07 09:10,860
2019-11-07 09:15,859
2019-11-07 09:20,863
2019-11-07 09:25,877
2019-11-07 09:30,884
2019-11-07 09:35,902
2019-11-07 09:40,895
2019-11-07 09:45,911
2019-11-07 09:50,910
2019-11-07 09:55,928
2019-11-07 10:00,927
2019-11-07 10:05,945
2019-11-07 10:10,953
2019-11-07 10:15,962
2019-11-07 10:20,980
2019-11-07 10:25,988
2019-11-07 10:30,990
2019-11-07 10:35,982
2019-11-07 10:40,995
2019-11-07 10:45,995
2019-11-07 10:50,992
2019-11-07 10:55,987
2019-11-07 11:00,992
2019-11-07 11:05,1015
2019-11-07 11:10,1029
2019-11-07 11:15,1015
2019-11-07 11:20,1023
2019-11-07 11:25,1055
2019-11-07 11:30,1060
2019-11-07 11:35,1067
2019-11-07 11:40,1066
2019-11-07 11:45,1066
2019-11-07 11:50,1078
2019-11-07 11:55,1097
2019-11-07 12:00,1102
2019-11-07 12:05,1115
2019-11-07 12:10,1126
2019-11-07 12:15,1115
2019-11-07 12:20,1123
2019-11-07 12:25,1138
2019-11-07 12:30,1145
2019-11-07 12:35,1164
2019-11-07 12:40,1172
2019-11-07 12:45,1179
2019-11-07 12:50,1182
2019-11-07 12:55,1191
2019-11-07 13:00,1184
2019-11-07 13:05,1190
2019-11-07 13:10,1209
2019-11-07 13:15,1220
2019-11-07 13:20,1235
2019-11-07 13:25,1227
2019-11-07 13:30,1240
2019-11-07 13:35,1249
2019-11-07 13:40,1255
2019-11-07 13:45,1260
2019-11-07 13:50,1259
2019-11-07 13:55,1250
2019-11-07 14:00,1257
2019-11-07 14:05,1256
2019-11-07 14:10,1275
2019-11-07 14:15,1283
2019-11-07 14:20,1290
2019-11-07 14:25,1301
2019-11-07 14:30,1299
2019-11-07 14:35,1302
2019-11-07 14:40,1282
2019-11-07 14:45,1295
2019-11-07 14:50,1291
2019-11-07 14:55,1259
2019-11-07 15:00,1184
2019-11-07 15:05,797
2019-11-07 15:10,737
2019-11-07 15:15,747
2019-11-07 15:20,778
2019-11-07 15:25,774
2019-11-07 15:30,808
2019-11-07 15:35,807
2019-11-07 15:40,822
2019-11-07 15:45,836
2019-11-07 15:50,842
2019-11-07 15:55,865
2019-11-07 16:00,879
2019-11-07 16:05,876
2019-11-07 16:10,903
2019-11-07 16:15,983
2019-11-07 16:20,1084
2019-11-07 16:25,1133
2019-11-07 16:30,1207
2019-11-07 16:35,1267
2019-11-07 16:40,1312
2019-11-07 16:45,1373
2019-11-07 16:50,1437
2019-11-07 16:55,1494
2019-11-07 17:00,1556
2019-11-07 17:05,1611
2019-11-07 17:10,1675
2019-11-07 17:15,1742
2019-11-07 17:20,1792
2019-11-07 17:25,1826
2019-11-07 17:30,1869
2019-11-07 17:35,1881
2019-11-07 17:40,1899
2019-11-07 17:45,1905
2019-11-07 17:50,1952
2019-11-07 17:55,1975
2019-11-07 18:00,1998
2019-11-07 18:05,2010
2019-11-07 18:10,2018
2019-11-07 18:15,2025
2019-11-07 18:20,2030
2019-11-07 18:25,2033
2019-11-07 18:30,2029
2019-11-07 18:35,2012
2019-11-07 18:40,2033
2019-11-07 18:45,2032
2019-11-07 18:50,2045
2019-11-07 18:55,2040
2019-11-07 19:00,2021
2019-11-07 19:05,2007
2019-11-07 19:10,1985
2019-11-07 19:15,1991
2019-11-07 19:20,1976
2019-11-07 19:25,1966
2019-11-07 19:30,1979
2019-11-07 19:35,1963
2019-11-07 19:40,1971
2019-11-07 19:45,1979
2019-11-07 19:50,1997
2019-11-07 19:55,1989
2019-11-07 20:00,1973
2019-11-07 20:05,1972
2019-11-07 20:10,1943
2019-11-07 20:15,1949
2019-11-07 20:20,1968
2019-11-07 20:25,1960
2019-11-07 20:30,1951
2019-11-07 20:35,1937
2019-11-07 20:40,1936
2019-11-07 20:45,1920
2019-11-07 20:50,1905
2019-11-07 20:55,1893
2019-11-07 21:00,1876
2019-11-07 21:05,1864
2019-11-07 21:10,1830
2019-11-07 21:15,1820
2019-11-07 21:20,1807
2019-11-07 21:25,1778
2019-11-07 21:30,1754
2019-11-07 21:35,1744
2019-11-07 21:40,1733
2019-11-07 21:45,1719
2019-11-07 21:50,1716
2019-11-07 21:55,1693
2019-11-07 22:00,1666
2019-11-07 22:05,1632
2019-11-07 22:10,1604
2019-11-07 22:15,1602
2019-11-07 22:20,1601
2019-11-07 22:25,1585
2019-11-07 22:30,1560
2019-11-07 22:35,1554
2019-11-07 22:40,1537
2019-11-07 22:45,1541
2019-11-07 22:50,1509
2019-11-07 22:55,1508
2019-11-07 23:00,1519
2019-11-07 23:05,1495
2019-11-07 23:10,1493
2019-11-07 23:15,1490
2019-11-07 23:20,1474
2019-11-07 23:25,1447
2019-11-07 23:30,1432
2019-11-07 23:35,1418
2019-11-07 23:40,1402
2019-11-07 23:45,1399
2019-11-07 23:50,1389
2019-11-07 23:55,1373
2019-11-08 00:00,1355
2019-11-08 00:05,1352
2019-11-08 00:10,1346
2019-11-08 00:15,1339
2019-11-08 00:20,1353
2019-11-08 00:25,1359
2019-11-08 00:30,1356
2019-11-08 00:35,1341
2019-11-08 00:40,1315
2019-11-08 00:45,1302
2019-11-08 00:50,1286
2019-11-08 00:55,1276
2019-11-08 01:00,1250
2019-11-08 01:05,1250
2019-11-08 01:10,1251
2019-11-08 01:15,1258
2019-11-08 01:20,1246
2019-11-08 01:25,1257
2019-11-08 01:30,1258
2019-11-08 01:35,1243
2019-11-08 01:40,1227
2019-11-08 01:45,1223
2019-11-08 01:50,1214
2019-11-08 01:55,1219
2019-11-08 02:00,1218
2019-11-08 02:05,1198
2019-11-08 02:10,1186
2019-11-08 02:15,1178
2019-11-08 02:20,1170
2019-11-08 02:25,1177
2019-11-08 02:30,1176
2019-11-08 02:35,1164
2019-11-08 02:40,1143
2019-11-08 02:45,1144
2019-11-08 02:50,1147
2019-11-08 02:55,1144
2019-11-08 03:00,1137
2019-11-08 03:05,1113
2019-11-08 03:10,1124
2019-11-08 03:15,1122
2019-11-08 03:20,1120
2019-11-08 03:25,1116
2019-11-08 03:30,1087
2019-11-08 03:35,1100
2019-11-08 03:40,1089
2019-11-08 03:45,1077
2019-11-08 03:50,1062
2019-11-08 03:55,1047
2019-11-08 04:00,1049
2019-11-08 04:05,1027
2019-11-08 04:10,1011
2019-11-08 04:15,1015
2019-11-08 04:20,1015
2019-11-08 04:25,1004
2019-11-08 04:30,1000
2019-11-08 04:35,1002
2019-11-08 04:40,980
2019-11-08 04:45,976
2019-11-08 04:50,970
2019-11-08 04:55,961
2019-11-08 05:00,960
2019-11-08 05:05,948
2019-11-08 05:10,926
2019-11-08 05:15,920
2019-11-08 05:20,907
2019-11-08 05:25,902
2019-11-08 05:30,886
2019-11-08 05:35,896
2019-11-08 05:40,889
2019-11-08 05:45,880
2019-11-08 05:50,893
2019-11-08 05:55,875
2019-11-08 06:00,881
2019-11-08 06:05,867
2019-11-08 06:10,868
2019-11-08 06:15,871
2019-11-08 06:20,869
2019-11-08 06:25,861
2019-11-08 06:30,852
2019-11-08 06:35,864
2019-11-08 06:40,864
2019-11-08 06:45,850
2019-11-08 06:50,843
2019-11-08 06:55,846
2019-11-08 07:00,844
2019-11-08 07:05,833
2019-11-08 07:10,830
2019-11-08 07:15,830
2019-11-08 07:20,839
2019-11-08 07:25,832
2019-11-08 07:30,841
2019-11-08 07:35,852
2019-11-08 07:40,840
2019-11-08 07:45,857
2019-11-08 07:50,863
2019-11-08 07:55,873
2019-11-08 08:00,865
2019-11-08 08:05,869
2019-11-08 08:10,863
2019-11-08 08:15,871
2019-11-08 08:20,874
2019-11-08 08:25,860
2019-11-08 08:30,852
2019-11-08 08:35,863
2019-11-08 08:40,857
2019-11-08 08:45,858
2019-11-08 08:50,883
2019-11-08 08:55,886
2019-11-08 09:00,889
2019-11-08 09:05,896
2019-11-08 09:10,914
2019-11-08 09:15,905
2019-11-08 09:20,909
2019-11-08 09:25,913
2019-11-08 09:30,925
2019-11-08 09:35,924
2019-11-08 09:40,932
2019-11-08 09:45,952
2019-11-08 09:50,966
2019-11-08 09:55,981
2019-11-08 10:00,968
2019-11-08 10:05,991
2019-11-08 10:10,1007
2019-11-08 10:15,1009
2019-11-08 10:20,1032
2019-11-08 10:25,1038
2019-11-08 10:30,1046
2019-11-08 10:35,1055
2019-11-08 10:40,1074
2019-11-08 10:45,1080
2019-11-08 10:50,1096
2019-11-08 10:55,1096
2019-11-08 11:00,1091
2019-11-08 11:05,1094
2019-11-08 11:10,1111
2019-11-08 11:15,1119
2019-11-08 11:20,1115
2019-11-08 11:25,1126
2019-11-08 11:30,1126
2019-11-08 11:35,1118
2019-11-08 11:40,1113
2019-11-08 11:45,1121
2019-11-08 11:50,1131
2019-11-08 11:55,1123
2019-11-08 12:00,1136
2019-11-08 12:05,1148
2019-11-08 12:10,1154
2019-11-08 12:15,1160
2019-11-08 12:20,1167
2019-11-08 12:25,1164
2019-11-08 12:30,1160
2019-11-08 12:35,1182
2019-11-08 12:40,1188
2019-11-08 12:45,1207
2019-11-08 12:50,1223
2019-11-08 12:55,1227
2019-11-08 13:00,1247
2019-11-08 13:05,1247
2019-11-08 13:10,1267
2019-11-08 13:15,1270
2019-11-08 13:20,1275
2019-11-08 13:25,1285
2019-11-08 13:30,1316
2019-11-08 13:35,1330
2019-11-08 13:40,1337
2019-11-08 13:45,1348
2019-11-08 13:50,1341
2019-11-08 13:55,1340
2019-11-08 14:00,1365
2019-11-08 14:05,1394
2019-11-08 14:10,1405
2019-11-08 14:15,1425
2019-11-08 14:20,1442
2019-11-08 14:25,1458
2019-11-08 14:30,1444
2019-11-08 14:35,1447
2019-11-08 14:40,1471
2019-11-08 14:45,1493
2019-11-08 14:50,1494
2019-11-08 14:55,1491
2019-11-08 15:00,1507
2019-11-08 15:05,1500
2019-11-08 15:10,1504
2019-11-08 15:15,1512
2019-11-08 15:20,1521
2019-11-08 15:25,1523
2019-11-08 15:30,1537
2019-11-08 15:35,1549
2019-11-08 15:40,1553
2019-11-08 15:45,1571
2019-11-08 15:50,1580
2019-11-08 15:55,1575
2019-11-08 16:00,1570
2019-11-08 16:05,1576
2019-11-08 16:10,1576
2019-11-08 16:15,1578
2019-11-08 16:20,1590
2019-11-08 16:25,1624
2019-11-08 16:30,1630
2019-11-08 16:35,1640
2019-11-08 16:40,1635
2019-11-08 16:45,1649
2019-11-08 16:50,1672
2019-11-08 16:55,1666
2019-11-08 17:00,1671
2019-11-08 17:05,1652
2019-11-08 17:10,1653
2019-11-08 17:15,1654
2019-11-08 17:20,1679
2019-11-08 17:25,1702
2019-11-08 17:30,1693
2019-11-08 17:35,1711
2019-11-08 17:40,1653
2019-11-08 17:45,1658
2019-11-08 17:50,1646
2019-11-08 17:55,1556
2019-11-08 18:00,1365
2019-11-08 18:05,774
2019-11-08 18:10,665
2019-11-08 18:15,668
2019-11-08 18:20,657
2019-11-08 18:25,672
2019-11-08 18:30,673
2019-11-08 18:35,680
2019-11-08 18:40,706
2019-11-08 18:45,709
2019-11-08 18:50,707
2019-11-08 18:55,701
2019-11-08 19:00,727
2019-11-08 19:05,734
2019-11-08 19:10,767
2019-11-08 19:15,777
2019-11-08 19:20,896
2019-11-08 19:25,1016
2019-11-08 19:30,1125
2019-11-08 19:35,1194
2019-11-08 19:40,1255
2019-11-08 19:45,1320
2019-11-08 19:50,1393
2019-11-08 19:55,1454
2019-11-08 20:00,1506
2019-11-08 20:05,1574
2019-11-08 20:10,1645
2019-11-08 20:15,1691
2019-11-08 20:20,1739
2019-11-08 20:25,1775
2019-11-08 20:30,1808
2019-11-08 20:35,1837
2019-11-08 20:40,1844
2019-11-08 20:45,1878
2019-11-08 20:50,1884
2019-11-08 20:55,1922
2019-11-08 21:00,1928
2019-11-08 21:05,1938
2019-11-08 21:10,1950
2019-11-08 21:15,1969
2019-11-08 21:20,1954
2019-11-08 21:25,1981
2019-11-08 21:30,1998
2019-11-08 21:35,2000
2019-11-08 21:40,1979
2019-11-08 21:45,1984
2019-11-08 21:50,1969
2019-11-08 21:55,1942
2019-11-08 22:00,1928
2019-11-08 22:05,1916
2019-11-08 22:10,1894
2019-11-08 22:15,1877
2019-11-08 22:20,1869
2019-11-08 22:25,1826
2019-11-08 22:30,1816
2019-11-08 22:35,1797
2019-11-08 22:40,1792
2019-11-08 22:45,1768
2019-11-08 22:50,1748
2019-11-08 22:55,1734
2019-11-08 23:00,1732
2019-11-08 23:05,1696
2019-11-08 23:10,1697
2019-11-08 23:15,1680
2019-11-08 23:20,1658
2019-11-08 23:25,1641
2019-11-08 23:30,1641
2019-11-08 23:35,1617
2019-11-08 23:40,1616
2019-11-08 23:45,1597
2019-11-08 23:50,1585
2019-11-08 23:55,1570
2019-11-09 00:00,1557
2019-11-09 00:05,1561
2019-11-09 00:10,1553
2019-11-09 00:15,1537
2019-11-09 00:20,1553
2019-11-09 00:25,1539
2019-11-09 00:30,1531
2019-11-09 00:35,1535
2019-11-09 00:40,1517
2019-11-09 00:45,1500
2019-11-09 00:50,1485
2019-11-09 00:55,
2019-11-09 01:00,0
2019-11-09 01:05,1452
2019-11-09 01:10,1457
2019-11-09 01:15,1437
2019-11-09 01:20,1453
2019-11-09 01:25,1429
2019-11-09 01:30,1426
2019-11-09 01:35,1411
2019-11-09 01:40,1405
2019-11-09 01:45,1402
2019-11-09 01:50,1407
2019-11-09 01:55,1399
2019-11-09 02:00,1395
2019-11-09 02:05,1396
2019-11-09 02:10,1396
2019-11-09 02:15,1397
2019-11-09 02:20,1375
2019-11-09 02:25,1367
2019-11-09 02:30,1359
2019-11-09 02:35,1362
2019-11-09 02:40,1362
2019-11-09 02:45,1354
2019-11-09 02:50,1330
2019-11-09 02:55,1322
2019-11-09 03:00,1317
2019-11-09 03:05,1325
2019-11-09 03:10,1336
2019-11-09 03:15,1311
2019-11-09 03:20,1287
2019-11-09 03:25,1258
2019-11-09 03:30,1268
2019-11-09 03:35,1260
2019-11-09 03:40,1247
2019-11-09 03:45,1240
2019-11-09 03:50,1226
2019-11-09 03:55,1211
2019-11-09 04:00,1214
2019-11-09 04:05,1218
2019-11-09 04:10,1221
2019-11-09 04:15,1206
2019-11-09 04:20,1199
2019-11-09 04:25,1189
2019-11-09 04:30,1188
2019-11-09 04:35,1185
2019-11-09 04:40,1169
2019-11-09 04:45,1168
2019-11-09 04:50,1153
2019-11-09 04:55,1144
2019-11-09 05:00,1136
2019-11-09 05:05,1131
2019-11-09 05:10,1122
2019-11-09 05:15,1123
2019-11-09 05:20,1117
2019-11-09 05:25,1092
2019-11-09 05:30,1096
2019-11-09 05:35,1103
2019-11-09 05:40,1099
2019-11-09 05:45,1090
2019-11-09 05:50,1080
2019-11-09 05:55,1074
2019-11-09 06:00,1068
2019-11-09 06:05,1058
2019-11-09 06:10,1051
2019-11-09 06:15,1049
2019-11-09 06:20,1039
2019-11-09 06:25,1055
2019-11-09 06:30,1043
2019-11-09 06:35,1040
2019-11-09 06:40,1048
2019-11-09 06:45,1044
2019-11-09 06:50,1056
2019-11-09 06:55,1061
2019-11-09 07:00,1060
2019-11-09 07:05,1065
2019-11-09 07:10,1077
2019-11-09 07:15,1072
2019-11-09 07:20,1080
2019-11-09 07:25,1087
2019-11-09 07:30,1094
2019-11-09 07:35,1086
2019-11-09 07:40,1093
2019-11-09 07:45,1085
2019-11-09 07:50,1096
2019-11-09 07:55,1102
2019-11-09 08:00,1112
2019-11-09 08:05,1118
2019-11-09 08:10,1126
2019-11-09 08:15,1125
2019-11-09 08:20,1121
2019-11-09 08:25,1129
2019-11-09 08:30,1131
2019-11-09 08:35,1149
2019-11-09 08:40,1167
2019-11-09 08:45,1169
2019-11-09 08:50,1188
2019-11-09 08:55,1200
2019-11-09 09:00,1225
2019-11-09 09:05,1235
2019-11-09 09:10,1239
2019-11-09 09:15,1261
2019-11-09 09:20,1277
2019-11-09 09:25,1287
2019-11-09 09:30,1289
2019-11-09 09:35,1303
2019-11-09 09:40,1316
2019-11-09 09:45,1307
2019-11-09 09:50,1310
2019-11-09 09:55,1311
2019-11-09 10:00,1350
2019-11-09 10:05,1375
2019-11-09 10:10,1393
2019-11-09 10:15,1397
2019-11-09 10:20,1419
2019-11-09 10:25,1441
2019-11-09 10:30,1464
2019-11-09 10:35,1477
2019-11-09 10:40,1491
2019-11-09 10:45,1504
2019-11-09 10:50,1533
2019-11-09 10:55,1543
2019-11-09 11:00,1551
2019-11-09 11:05,1553
2019-11-09 11:10,1568
2019-11-09 11:15,1572
2019-11-09 11:20,1576
2019-11-09 11:25,1581
2019-11-09 11:30,1590
2019-11-09 11:35,1609
2019-11-09 11:40,1599
2019-11-09 11:45,1622
2019-11-09 11:50,1624
2019-11-09 11:55,1623
2019-11-09 12:00,1627
2019-11-09 12:05,1647
2019-11-09 12:10,1655
2019-11-09 12:15,1659
2019-11-09 12:20,1670
2019-11-09 12:25,1690
2019-11-09 12:30,1702
2019-11-09 12:35,1706
2019-11-09 12:40,1698
2019-11-09 12:45,1704
2019-11-09 12:50,1690
2019-11-09 12:55,1700
2019-11-09 13:00,1707
2019-11-09 13:05,1742
2019-11-09 13:10,1741
2019-11-09 13:15,1753
2019-11-09 13:20,1772
2019-11-09 13:25,1793
2019-11-09 13:30,1807
2019-11-09 13:35,1819
2019-11-09 13:40,1837
2019-11-09 13:45,1850
2019-11-09 13:50,1858
2019-11-09 13:55,1847
2019-11-09 14:00,1848
2019-11-09 14:05,1887
2019-11-09 14:10,1904
2019-11-09 14:15,1930
2019-11-09 14:20,1962
2019-11-09 14:25,1984
2019-11-09 14:30,1993
2019-11-09 14:35,2004
2019-11-09 14:40,2009
2019-11-09 14:45,2047
2019-11-09 14:50,2056
2019-11-09 14:55,2064
2019-11-09 15:00,2071
2019-11-09 15:05,2079
2019-11-09 15:10,2074
2019-11-09 15:15,2082
2019-11-09 15:20,2103
2019-11-09 15:25,2087
2019-11-09 15:30,2094
2019-11-09 15:35,2113
2019-11-09 15:40,2127
2019-11-09 15:45,2153
2019-11-09 15:50,2163
2019-11-09 15:55,2175
2019-11-09 16:00,2171
2019-11-09 16:05,1380
2019-11-09 16:10,2028
2019-11-09 16:15,2159
2019-11-09 16:20,2198
2019-11-09 16:25,2217
2019-11-09 16:30,2218
2019-11-09 16:35,2224
2019-11-09 16:40,2228
2019-11-09 16:45,2239
2019-11-09 16:50,2256
2019-11-09 16:55,2277
2019-11-09 17:00,2274
2019-11-09 17:05,2282
2019-11-09 17:10,2311
2019-11-09 17:15,2309
2019-11-09 17:20,2304
2019-11-09 17:25,2326
2019-11-09 17:30,2335
2019-11-09 17:35,2330
2019-11-09 17:40,2322
2019-11-09 17:45,2321
2019-11-09 17:50,2318
2019-11-09 17:55,2358
2019-11-09 18:00,2346
2019-11-09 18:05,2328
2019-11-09 18:10,2316
2019-11-09 18:15,2309
2019-11-09 18:20,2295
2019-11-09 18:25,2289
2019-11-09 18:30,2299
2019-11-09 18:35,2293
2019-11-09 18:40,2312
2019-11-09 18:45,2282
2019-11-09 18:50,2318
2019-11-09 18:55,2326
2019-11-09 19:00,2329
2019-11-09 19:05,2323
2019-11-09 19:10,2317
2019-11-09 19:15,2324
2019-11-09 19:20,2334
2019-11-09 19:25,2344
2019-11-09 19:30,2351
2019-11-09 19:35,2350
2019-11-09 19:40,2363
2019-11-09 19:45,2353
2019-11-09 19:50,2359
2019-11-09 19:55,2351
2019-11-09 20:00,2341
2019-11-09 20:05,2336
2019-11-09 20:10,2337
2019-11-09 20:15,2353
2019-11-09 20:20,2313
2019-11-09 20:25,2329
2019-11-09 20:30,2320
2019-11-09 20:35,2342
2019-11-09 20:40,2344
2019-11-09 20:45,2351
2019-11-09 20:50,2345
2019-11-09 20:55,2357
2019-11-09 21:00,2336
2019-11-09 21:05,2328
2019-11-09 21:10,2309
2019-11-09 21:15,2291
2019-11-09 21:20,2280
2019-11-09 21:25,2268
2019-11-09 21:30,2265
2019-11-09 21:35,2251
2019-11-09 21:40,2231
2019-11-09 21:45,2197
2019-11-09 21:50,2157
2019-11-09 21:55,2155
2019-11-09 22:00,2138
2019-11-09 22:05,2154
2019-11-09 22:10,2147
2019-11-09 22:15,2120
2019-11-09 22:20,2113
2019-11-09 22:25,2094
2019-11-09 22:30,2098
2019-11-09 22:35,2077
2019-11-09 22:40,2049
2019-11-09 22:45,2014
2019-11-09 22:50,1989
2019-11-09 22:55,1978
2019-11-09 23:00,1989
2019-11-09 23:05,1961
2019-11-09 23:10,1933
2019-11-09 23:15,1920
2019-11-09 23:20,1896
2019-11-09 23:25,1902
2019-11-09 23:30,1896
2019-11-09 23:35,1878
2019-11-09 23:40,1864
2019-11-09 23:45,1843
2019-11-09 23:50,1811
2019-11-09 23:55,1776
2019-11-10 00:00,1754
2019-11-10 00:05,1750
2019-11-10 00:10,1723
2019-11-10 00:15,1698
2019-11-10 00:20,1688
2019-11-10 00:25,1684
2019-11-10 00:30,1660
2019-11-10 00:35,1676
2019-11-10 00:40,1662
2019-11-10 00:45,1659
2019-11-10 00:50,1634
2019-11-10 00:55,1630
2019-11-10 01:00,0
2019-11-10 01:05,1632
2019-11-10 01:10,1622
2019-11-10 01:15,1599
2019-11-10 01:20,1602
2019-11-10 01:25,1594
2019-11-10 01:30,1576
2019-11-10 01:35,1563
2019-11-10 01:40,1535
2019-11-10 01:45,1531
2019-11-10 01:50,1532
2019-11-10 01:55,1536
2019-11-10 02:00,1515
2019-11-10 02:05,1500
2019-11-10 02:10,1488
2019-11-10 02:15,1484
2019-11-10 02:20,1481
2019-11-10 02:25,1468
2019-11-10 02:30,1454
2019-11-10 02:35,1438
2019-11-10 02:40,1446
2019-11-10 02:45,1452
2019-11-10 02:50,1448
2019-11-10 02:55,1447
2019-11-10 03:00,1443
2019-11-10 03:05,1445
2019-11-10 03:10,1409
2019-11-10 03:15,1415
2019-11-10 03:20,1404
2019-11-10 03:25,1389
2019-11-10 03:30,1383
2019-11-10 03:35,1363
2019-11-10 03:40,1356
2019-11-10 03:45,1359
2019-11-10 03:50,1329
2019-11-10 03:55,1323
2019-11-10 04:00,1309
2019-11-10 04:05,1321
2019-11-10 04:10,1313
2019-11-10 04:15,1302
2019-11-10 04:20,1289
2019-11-10 04:25,1292
2019-11-10 04:30,1299
2019-11-10 04:35,1296
2019-11-10 04:40,1254
2019-11-10 04:45,1239
2019-11-10 04:50,1221
2019-11-10 04:55,1231
2019-11-10 05:00,1208
2019-11-10 05:05,1211
2019-11-10 05:10,1205
2019-11-10 05:15,1219
2019-11-10 05:20,1219
2019-11-10 05:25,1211
2019-11-10 05:30,1214
2019-11-10 05:35,1210
2019-11-10 05:40,1204
2019-11-10 05:45,1195
2019-11-10 05:50,1190
2019-11-10 05:55,1189
2019-11-10 06:00,1177
2019-11-10 06:05,1174
2019-11-10 06:10,1178
2019-11-10 06:15,1180
2019-11-10 06:20,1162
2019-11-10 06:25,1156
2019-11-10 06:30,1159
2019-11-10 06:35,1142
2019-11-10 06:40,1145
2019-11-10 06:45,1147
2019-11-10 06:50,1147
2019-11-10 06:55,1157
2019-11-10 07:00,1158
2019-11-10 07:05,1162
2019-11-10 07:10,1156
2019-11-10 07:15,1162
2019-11-10 07:20,1180
2019-11-10 07:25,1168
2019-11-10 07:30,1179
2019-11-10 07:35,1184
2019-11-10 07:40,1188
2019-11-10 07:45,1216
2019-11-10 07:50,1217
2019-11-10 07:55,1224
2019-11-10 08:00,1232
2019-11-10 08:05,1242
2019-11-10 08:10,1242
2019-11-10 08:15,1262
2019-11-10 08:20,1256
2019-11-10 08:25,1262
2019-11-10 08:30,1261
2019-11-10 08:35,1257
2019-11-10 08:40,1266
2019-11-10 08:45,1268
2019-11-10 08:50,1284
2019-11-10 08:55,1300
2019-11-10 09:00,1319
2019-11-10 09:05,1338
2019-11-10 09:10,1334
2019-11-10 09:15,1366
2019-11-10 09:20,1366
2019-11-10 09:25,1374
2019-11-10 09:30,1386
2019-11-10 09:35,1411
2019-11-10 09:40,1430
2019-11-10 09:45,1441
2019-11-10 09:50,1436
2019-11-10 09:55,1467
2019-11-10 10:00,1496
2019-11-10 10:05,1523
2019-11-10 10:10,1558
2019-11-10 10:15,1579
2019-11-10 10:20,1584
2019-11-10 10:25,1597
2019-11-10 10:30,1631
2019-11-10 10:35,1649
2019-11-10 10:40,1670
2019-11-10 10:45,1679
2019-11-10 10:50,1695
2019-11-10 10:55,1723
2019-11-10 11:00,1720
2019-11-10 11:05,1715
2019-11-10 11:10,1743
2019-11-10 11:15,1736
2019-11-10 11:20,1733
2019-11-10 11:25,1736
2019-11-10 11:30,1750
2019-11-10 11:35,1749
2019-11-10 11:40,1736
2019-11-10 11:45,1736
2019-11-10 11:50,1739
2019-11-10 11:55,1761
2019-11-10 12:00,1777
2019-11-10 12:05,1758
2019-11-10 12:10,1796
2019-11-10 12:15,1836
2019-11-10 12:20,1838
2019-11-10 12:25,1854
2019-11-10 12:30,1865
2019-11-10 12:35,1882
2019-11-10 12:40,1879
2019-11-10 12:45,1879
2019-11-10 12:50,1884
2019-11-10 12:55,1889
2019-11-10 13:00,1899
2019-11-10 13:05,1899
2019-11-10 13:10,1909
2019-11-10 13:15,1911
2019-11-10 13:20,1920
2019-11-10 13:25,1940
2019-11-10 13:30,1940
2019-11-10 13:35,1965
2019-11-10 13:40,1984
2019-11-10 13:45,1986
2019-11-10 13:50,2007
2019-11-10 13:55,2021
2019-11-10 14:00,2028
2019-11-10 14:05,2018
2019-11-10 14:10,2033
2019-11-10 14:15,2031
2019-11-10 14:20,2042
2019-11-10 14:25,2045
2019-11-10 14:30,2032
2019-11-10 14:35,2031
2019-11-10 14:40,2045
2019-11-10 14:45,2070
2019-11-10 14:50,2070
2019-11-10 14:55,2083
2019-11-10 15:00,2106
2019-11-10 15:05,2118
2019-11-10 15:10,2098
2019-11-10 15:15,2113
2019-11-10 15:20,2138
2019-11-10 15:25,2150
2019-11-10 15:30,2159
2019-11-10 15:35,2170
2019-11-10 15:40,2187
2019-11-10 15:45,2182
2019-11-10 15:50,2227
2019-11-10 15:55,2245
2019-11-10 16:00,2262
2019-11-10 16:05,2266
2019-11-10 16:10,2304
2019-11-10 16:15,2303
2019-11-10 16:20,2323
2019-11-10 16:25,2324
2019-11-10 16:30,2348
2019-11-10 16:35,2359
2019-11-10 16:40,2365
2019-11-10 16:45,2371
2019-11-10 16:50,2384
2019-11-10 16:55,2390
2019-11-10 17:00,2396
2019-11-10 17:05,2403
2019-11-10 17:10,2387
2019-11-10 17:15,2382
2019-11-10 17:20,2393
2019-11-10 17:25,2427
2019-11-10 17:30,2443
2019-11-10 17:35,2447
2019-11-10 17:40,2447
2019-11-10 17:45,2468
2019-11-10 17:50,2481
2019-11-10 17:55,2519
2019-11-10 18:00,2524
2019-11-10 18:05,2521
2019-11-10 18:10,2536
2019-11-10 18:15,2520
2019-11-10 18:20,2507
2019-11-10 18:25,2503
2019-11-10 18:30,2510
2019-11-10 18:35,2499
2019-11-10 18:40,2448
2019-11-10 18:45,2433
2019-11-10 18:50,2422
2019-11-10 18:55,2428
2019-11-10 19:00,2418
2019-11-10 19:05,2421
2019-11-10 19:10,2411
2019-11-10 19:15,2421
2019-11-10 19:20,2416
2019-11-10 19:25,2442
2019-11-10 19:30,2438
2019-11-10 19:35,2429
2019-11-10 19:40,2438
2019-11-10 19:45,2404
2019-11-10 19:50,2418
2019-11-10 19:55,2431
2019-11-10 20:00,2415
2019-11-10 20:05,2385
2019-11-10 20:10,2363
2019-11-10 20:15,2368
2019-11-10 20:20,2392
2019-11-10 20:25,2373
2019-11-10 20:30,2361
2019-11-10 20:35,2387
2019-11-10 20:40,2350
2019-11-10 20:45,2322
2019-11-10 20:50,2316
2019-11-10 20:55,2306
2019-11-10 21:00,2292
2019-11-10 21:05,2283
2019-11-10 21:10,2239
2019-11-10 21:15,2214
2019-11-10 21:20,2182
2019-11-10 21:25,2189
2019-11-10 21:30,2171
2019-11-10 21:35,2159
2019-11-10 21:40,2125
2019-11-10 21:45,2109
2019-11-10 21:50,2099
2019-11-10 21:55,2086
2019-11-10 22:00,2081
2019-11-10 22:05,2084
2019-11-10 22:10,2066
2019-11-10 22:15,2062
2019-11-10 22:20,2050
2019-11-10 22:25,2026
2019-11-10 22:30,1990
2019-11-10 22:35,1970
2019-11-10 22:40,1954
2019-11-10 22:45,1931
2019-11-10 22:50,1927
2019-11-10 22:55,1899
2019-11-10 23:00,1895
2019-11-10 23:05,1876
2019-11-10 23:10,1852
2019-11-10 23:15,1823
2019-11-10 23:20,1790
2019-11-10 23:25,1741
2019-11-10 23:30,1729
2019-11-10 23:35,1702
2019-11-10 23:40,1688
2019-11-10 23:45,1679
2019-11-10 23:50,1663
2019-11-10 23:55,1637
2019-11-11 00:00,1620
2019-11-11 00:05,1616
2019-11-11 00:10,1611
2019-11-11 00:15,1599
2019-11-11 00:20,1559
2019-11-11 00:25,1563
2019-11-11 00:30,1555
2019-11-11 00:35,1551
2019-11-11 00:40,1573
2019-11-11 00:45,1566
2019-11-11 00:50,1537
2019-11-11 00:55,1540
2019-11-11 01:00,0
2019-11-11 01:05,1507
2019-11-11 01:10,1500
2019-11-11 01:15,1500
2019-11-11 01:20,1498
2019-11-11 01:25,1477
2019-11-11 01:30,1456
2019-11-11 01:35,1460
2019-11-11 01:40,1450
2019-11-11 01:45,1441
2019-11-11 01:50,1433
2019-11-11 01:55,1431
2019-11-11 02:00,1413
2019-11-11 02:05,1417
2019-11-11 02:10,1408
2019-11-11 02:15,1413
2019-11-11 02:20,1406
2019-11-11 02:25,1406
2019-11-11 02:30,1390
2019-11-11 02:35,1363
2019-11-11 02:40,1339
2019-11-11 02:45,1328
2019-11-11 02:50,1318
2019-11-11 02:55,1318
2019-11-11 03:00,1314
2019-11-11 03:05,1317
2019-11-11 03:10,1302
2019-11-11 03:15,1296
2019-11-11 03:20,1300
2019-11-11 03:25,1291
2019-11-11 03:30,1286
2019-11-11 03:35,1260
2019-11-11 03:40,1258
2019-11-11 03:45,1245
2019-11-11 03:50,1236
2019-11-11 03:55,1221
2019-11-11 04:00,1197
2019-11-11 04:05,1168
2019-11-11 04:10,1156
2019-11-11 04:15,1136
2019-11-11 04:20,1122
2019-11-11 04:25,1108
2019-11-11 04:30,1114
2019-11-11 04:35,1107
2019-11-11 04:40,1114
2019-11-11 04:45,1108
2019-11-11 04:50,1090
2019-11-11 04:55,1078
2019-11-11 05:00,1062
2019-11-11 05:05,1048
2019-11-11 05:10,1038
2019-11-11 05:15,1026
2019-11-11 05:20,1021
2019-11-11 05:25,997
2019-11-11 05:30,984
2019-11-11 05:35,991
2019-11-11 05:40,975
2019-11-11 05:45,976
2019-11-11 05:50,974
2019-11-11 05:55,970
2019-11-11 06:00,968
2019-11-11 06:05,950
2019-11-11 06:10,936
2019-11-11 06:15,933
2019-11-11 06:20,936
2019-11-11 06:25,928
2019-11-11 06:30,931
2019-11-11 06:35,917
2019-11-11 06:40,912
2019-11-11 06:45,907
2019-11-11 06:50,915
2019-11-11 06:55,908
2019-11-11 07:00,890
2019-11-11 07:05,904
2019-11-11 07:10,907
2019-11-11 07:15,910
2019-11-11 07:20,908
2019-11-11 07:25,910
2019-11-11 07:30,906
2019-11-11 07:35,906
2019-11-11 07:40,920
2019-11-11 07:45,914
2019-11-11 07:50,930
2019-11-11 07:55,931
2019-11-11 08:00,937
2019-11-11 08:05,919
2019-11-11 08:10,926
2019-11-11 08:15,921
2019-11-11 08:20,917
2019-11-11 08:25,915
2019-11-11 08:30,918
2019-11-11 08:35,921
2019-11-11 08:40,920
2019-11-11 08:45,939
2019-11-11 08:50,961
2019-11-11 08:55,979
2019-11-11 09:00,1001
2019-11-11 09:05,1014
2019-11-11 09:10,1033
2019-11-11 09:15,1050
2019-11-11 09:20,1053
2019-11-11 09:25,1059
2019-11-11 09:30,1067
2019-11-11 09:35,1075
2019-11-11 09:40,1080
2019-11-11 09:45,1097
2019-11-11 09:50,1114
2019-11-11 09:55,1121
2019-11-11 10:00,1129
2019-11-11 10:05,1150
2019-11-11 10:10,1171
2019-11-11 10:15,1179
2019-11-11 10:20,1184
2019-11-11 10:25,1198
2019-11-11 10:30,1222
2019-11-11 10:35,1220
2019-11-11 10:40,1236
2019-11-11 10:45,1255
2019-11-11 10:50,1247
2019-11-11 10:55,1251
2019-11-11 11:00,1252
2019-11-11 11:05,1263
2019-11-11 11:10,1275
2019-11-11 11:15,1281
2019-11-11 11:20,1292
2019-11-11 11:25,1302
2019-11-11 11:30,1313
2019-11-11 11:35,1327
2019-11-11 11:40,1353
2019-11-11 11:45,1330
2019-11-11 11:50,1339
2019-11-11 11:55,1353
2019-11-11 12:00,1354
2019-11-11 12:05,1340
2019-11-11 12:10,1342
2019-11-11 12:15,1329
2019-11-11 12:20,1328
2019-11-11 12:25,1341
2019-11-11 12:30,1338
2019-11-11 12:35,1336
2019-11-11 12:40,1351
2019-11-11 12:45,1349
2019-11-11 12:50,1333
2019-11-11 12:55,1345
2019-11-11 13:00,1354
2019-11-11 13:05,1358
2019-11-11 13:10,1368
2019-11-11 13:15,1376
2019-11-11 13:20,1389
2019-11-11 13:25,1391
2019-11-11 13:30,1401
2019-11-11 13:35,1423
2019-11-11 13:40,1441
2019-11-11 13:45,1445
2019-11-11 13:50,1457
2019-11-11 13:55,1468
2019-11-11 14:00,1461
2019-11-11 14:05,1481
2019-11-11 14:10,1498
2019-11-11 14:15,1489
2019-11-11 14:20,1505
2019-11-11 14:25,1516
2019-11-11 14:30,1543
2019-11-11 14:35,1569
2019-11-11 14:40,1565
2019-11-11 14:45,1591
2019-11-11 14:50,1611
2019-11-11 14:55,1614
2019-11-11 15:00,1626
2019-11-11 15:05,1645
2019-11-11 15:10,1673
2019-11-11 15:15,1684
2019-11-11 15:20,1704
2019-11-11 15:25,1703
2019-11-11 15:30,1708
2019-11-11 15:35,1732
2019-11-11 15:40,1744
2019-11-11 15:45,1764
2019-11-11 15:50,1788
2019-11-11 15:55,1804
2019-11-11 16:00,1806
2019-11-11 16:05,1804
2019-11-11 16:10,1823
2019-11-11 16:15,1850
2019-11-11 16:20,1868
2019-11-11 16:25,1865
2019-11-11 16:30,1875
2019-11-11 16:35,1885
2019-11-11 16:40,1909
2019-11-11 16:45,1926
2019-11-11 16:50,1946
2019-11-11 16:55,1952
2019-11-11 17:00,1972
2019-11-11 17:05,1980
2019-11-11 17:10,2000
2019-11-11 17:15,2005
2019-11-11 17:20,2020
2019-11-11 17:25,2020
2019-11-11 17:30,2049
2019-11-11 17:35,2062
2019-11-11 17:40,2061
2019-11-11 17:45,2059
2019-11-11 17:50,2077
2019-11-11 17:55,2089
2019-11-11 18:00,2081
2019-11-11 18:05,2092
2019-11-11 18:10,2087
2019-11-11 18:15,2080
2019-11-11 18:20,2074
2019-11-11 18:25,2070
2019-11-11 18:30,2083
2019-11-11 18:35,2089
2019-11-11 18:40,2077
2019-11-11 18:45,2095
2019-11-11 18:50,2112
2019-11-11 18:55,2096
2019-11-11 19:00,2100
2019-11-11 19:05,2113
2019-11-11 19:10,2089
2019-11-11 19:15,2079
2019-11-11 19:20,2081
2019-11-11 19:25,2085
2019-11-11 19:30,2088
2019-11-11 19:35,2075
2019-11-11 19:40,2051
2019-11-11 19:45,2066
2019-11-11 19:50,2072
2019-11-11 19:55,2052
2019-11-11 20:00,2066
2019-11-11 20:05,2050
2019-11-11 20:10,2048
2019-11-11 20:15,2026
2019-11-11 20:20,2030
2019-11-11 20:25,2013
2019-11-11 20:30,2013
2019-11-11 20:35,1993
2019-11-11 20:40,1975
2019-11-11 20:45,1935
2019-11-11 20:50,1938
2019-11-11 20:55,1925
2019-11-11 21:00,1920
2019-11-11 21:05,1906
2019-11-11 21:10,1880
2019-11-11 21:15,1878
2019-11-11 21:20,0
2019-11-11 21:25,1890
2019-11-11 21:30,1867
2019-11-11 21:35,1864
2019-11-11 21:40,1848
2019-11-11 21:45,1845
2019-11-11 21:50,1832
2019-11-11 21:55,1820
2019-11-11 22:00,1811
2019-11-11 22:05,1800
2019-11-11 22:10,1805
2019-11-11 22:15,1766
2019-11-11 22:20,1737
2019-11-11 22:25,1728
2019-11-11 22:30,1708
2019-11-11 22:35,1696
2019-11-11 22:40,1657
2019-11-11 22:45,1662
2019-11-11 22:50,1662
2019-11-11 22:55,1646
2019-11-11 23:00,1632
2019-11-11 23:05,1623
2019-11-11 23:10,1601
2019-11-11 23:15,1597
2019-11-11 23:20,1572
2019-11-11 23:25,1565
2019-11-11 23:30,1548
2019-11-11 23:35,1542
2019-11-11 23:40,1537
2019-11-11 23:45,1520
2019-11-11 23:50,1513
2019-11-11 23:55,1499
2019-11-12 00:00,1493
2019-11-12 00:05,1484
2019-11-12 00:10,1481
2019-11-12 00:15,1460
2019-11-12 00:20,1438
2019-11-12 00:25,1440
2019-11-12 00:30,1439
2019-11-12 00:35,1459
2019-11-12 00:40,1450
2019-11-12 00:45,1428
2019-11-12 00:50,1411
2019-11-12 00:55,1407
2019-11-12 01:00,1385
2019-11-12 01:05,1386
2019-11-12 01:10,1374
2019-11-12 01:15,1378
2019-11-12 01:20,1357
2019-11-12 01:25,1343
2019-11-12 01:30,1340
2019-11-12 01:35,1331
2019-11-12 01:40,1330
2019-11-12 01:45,1329
2019-11-12 01:50,1335
2019-11-12 01:55,1323
2019-11-12 02:00,1319
2019-11-12 02:05,1329
2019-11-12 02:10,1328
2019-11-12 02:15,1323
2019-11-12 02:20,1327
2019-11-12 02:25,1326
2019-11-12 02:30,1306
2019-11-12 02:35,1310
2019-11-12 02:40,1295
2019-11-12 02:45,1276
2019-11-12 02:50,1268
2019-11-12 02:55,1251
2019-11-12 03:00,1233
2019-11-12 03:05,1224
2019-11-12 03:10,1225
2019-11-12 03:15,1231
2019-11-12 03:20,1214
2019-11-12 03:25,1196
2019-11-12 03:30,1196
2019-11-12 03:35,1188
2019-11-12 03:40,1161
2019-11-12 03:45,1151
2019-11-12 03:50,1132
2019-11-12 03:55,1113
2019-11-12 04:00,1111
2019-11-12 04:05,1106
2019-11-12 04:10,1080
2019-11-12 04:15,1078
2019-11-12 04:20,1071
2019-11-12 04:25,1059
2019-11-12 04:30,1052
2019-11-12 04:35,1024
2019-11-12 04:40,1011
2019-11-12 04:45,1008
2019-11-12 04:50,1006
2019-11-12 04:55,997
2019-11-12 05:00,963
2019-11-12 05:05,954
2019-11-12 05:10,933
2019-11-12 05:15,929
2019-11-12 05:20,915
2019-11-12 05:25,910
2019-11-12 05:30,906
2019-11-12 05:35,894
2019-11-12 05:40,900
2019-11-12 05:45,897
2019-11-12 05:50,874
2019-11-12 05:55,860
2019-11-12 06:00,847
2019-11-12 06:05,853
2019-11-12 06:10,848
2019-11-12 06:15,848
2019-11-12 06:20,845
2019-11-12 06:25,844
2019-11-12 06:30,824
2019-11-12 06:35,838
2019-11-12 06:40,829
2019-11-12 06:45,816
2019-11-12 06:50,819
2019-11-12 06:55,830
2019-11-12 07:00,826
2019-11-12 07:05,822
2019-11-12 07:10,825
2019-11-12 07:15,835
2019-11-12 07:20,826
2019-11-12 07:25,826
2019-11-12 07:30,831
2019-11-12 07:35,840
2019-11-12 07:40,831
2019-11-12 07:45,837
2019-11-12 07:50,849
2019-11-12 07:55,847
2019-11-12 08:00,858
2019-11-12 08:05,844
2019-11-12 08:10,848
2019-11-12 08:15,839
2019-11-12 08:20,843
2019-11-12 08:25,842
2019-11-12 08:30,849
2019-11-12 08:35,848
2019-11-12 08:40,848
2019-11-12 08:45,869
2019-11-12 08:50,863
2019-11-12 08:55,865
2019-11-12 09:00,875
2019-11-12 09:05,884
2019-11-12 09:10,880
2019-11-12 09:15,873
2019-11-12 09:20,878
2019-11-12 09:25,888
2019-11-12 09:30,891
2019-11-12 09:35,899
2019-11-12 09:40,899
2019-11-12 09:45,904
2019-11-12 09:50,918
2019-11-12 09:55,915
2019-11-12 10:00,930
2019-11-12 10:05,954
2019-11-12 10:10,971
2019-11-12 10:15,978
2019-11-12 10:20,988
2019-11-12 10:25,994
2019-11-12 10:30,1004
2019-11-12 10:35,1018
2019-11-12 10:40,1036
2019-11-12 10:45,1036
2019-11-12 10:50,1043
2019-11-12 10:55,1032
2019-11-12 11:00,1031
2019-11-12 11:05,1035
2019-11-12 11:10,1024
2019-11-12 11:15,1032
2019-11-12 11:20,1049
2019-11-12 11:25,1051
2019-11-12 11:30,1064
2019-11-12 11:35,1079
2019-11-12 11:40,1106
2019-11-12 11:45,1111
2019-11-12 11:50,1115
2019-11-12 11:55,1119
2019-11-12 12:00,1122
2019-11-12 12:05,1116
2019-11-12 12:10,1129
2019-11-12 12:15,1120
2019-11-12 12:20,1138
2019-11-12 12:25,1146
2019-11-12 12:30,1155
2019-11-12 12:35,1159
2019-11-12 12:40,1145
2019-11-12 12:45,1162
2019-11-12 12:50,1177
2019-11-12 12:55,1196
2019-11-12 13:00,1193
2019-11-12 13:05,1189
2019-11-12 13:10,1176
2019-11-12 13:15,1178
2019-11-12 13:20,1197
2019-11-12 13:25,1206
2019-11-12 13:30,1215
2019-11-12 13:35,1226
2019-11-12 13:40,1235
2019-11-12 13:45,1250
2019-11-12 13:50,1245
2019-11-12 13:55,1264
2019-11-12 14:00,1269
2019-11-12 14:05,1257
2019-11-12 14:10,1274
2019-11-12 14:15,1288
2019-11-12 14:20,1314
2019-11-12 14:25,1336
2019-11-12 14:30,1346
2019-11-12 14:35,1359
2019-11-12 14:40,1359
2019-11-12 14:45,1390
2019-11-12 14:50,1385
2019-11-12 14:55,1401
2019-11-12 15:00,1429
2019-11-12 15:05,1436
2019-11-12 15:10,1466
2019-11-12 15:15,1456
2019-11-12 15:20,1459
2019-11-12 15:25,1456
2019-11-12 15:30,1471
2019-11-12 15:35,1507
2019-11-12 15:40,1514
2019-11-12 15:45,1548
2019-11-12 15:50,1574
2019-11-12 15:55,1584
2019-11-12 16:00,1580
2019-11-12 16:05,1610
2019-11-12 16:10,1623
2019-11-12 16:15,1651
2019-11-12 16:20,1667
2019-11-12 16:25,1680
2019-11-12 16:30,1688
2019-11-12 16:35,1727
2019-11-12 16:40,1740
2019-11-12 16:45,1744
2019-11-12 16:50,1769
2019-11-12 16:55,1793
2019-11-12 17:00,1808
2019-11-12 17:05,1806
2019-11-12 17:10,1828
2019-11-12 17:15,1825
2019-11-12 17:20,1831
2019-11-12 17:25,1850
2019-11-12 17:30,1839
2019-11-12 17:35,1862
2019-11-12 17:40,1879
2019-11-12 17:45,1899
2019-11-12 17:50,1920
2019-11-12 17:55,1930
2019-11-12 18:00,1929
2019-11-12 18:05,1931
2019-11-12 18:10,1950
2019-11-12 18:15,1967
2019-11-12 18:20,1969
2019-11-12 18:25,1955
2019-11-12 18:30,1973
2019-11-12 18:35,1994
2019-11-12 18:40,1994
2019-11-12 18:45,1980
2019-11-12 18:50,1971
2019-11-12 18:55,1961
2019-11-12 19:00,1972
2019-11-12 19:05,1989
2019-11-12 19:10,1980
2019-11-12 19:15,1647
2019-11-12 19:20,775
2019-11-12 19:25,877
2019-11-12 19:30,993
2019-11-12 19:35,1771
2019-11-12 19:40,1909
2019-11-12 19:45,1912
2019-11-12 19:50,1897
2019-11-12 19:55,1916
2019-11-12 20:00,1910
2019-11-12 20:05,1899
2019-11-12 20:10,1877
2019-11-12 20:15,1866
2019-11-12 20:20,1833
2019-11-12 20:25,1839
2019-11-12 20:30,1849
2019-11-12 20:35,1847
2019-11-12 20:40,1853
2019-11-12 20:45,1856
2019-11-12 20:50,1830
2019-11-12 20:55,1820
2019-11-12 21:00,1817
2019-11-12 21:05,1790
2019-11-12 21:10,1758
2019-11-12 21:15,1734
2019-11-12 21:20,1728
2019-11-12 21:25,1704
2019-11-12 21:30,1701
2019-11-12 21:35,1701
2019-11-12 21:40,1674
2019-11-12 21:45,1668
2019-11-12 21:50,1637
2019-11-12 21:55,1647
2019-11-12 22:00,1639
2019-11-12 22:05,1634
2019-11-12 22:10,1596
2019-11-12 22:15,1557
2019-11-12 22:20,1568
2019-11-12 22:25,1546
2019-11-12 22:30,1549
2019-11-12 22:35,1519
2019-11-12 22:40,1508
2019-11-12 22:45,1522
2019-11-12 22:50,1510
2019-11-12 22:55,1511
2019-11-12 23:00,1486
2019-11-12 23:05,1475
2019-11-12 23:10,0
2019-11-12 23:15,1069
2019-11-12 23:20,1319
2019-11-12 23:25,1406
2019-11-12 23:30,1406
2019-11-12 23:35,1387
2019-11-12 23:40,1375
2019-11-12 23:45,1369
2019-11-12 23:50,1360
2019-11-12 23:55,1360
2019-11-13 00:00,1362
2019-11-13 00:05,1352
2019-11-13 00:10,1351
2019-11-13 00:15,1349
2019-11-13 00:20,1359
2019-11-13 00:25,1353
2019-11-13 00:30,1346
2019-11-13 00:35,1352
2019-11-13 00:40,1338
2019-11-13 00:45,1352
2019-11-13 00:50,1342
2019-11-13 00:55,1331
2019-11-13 01:00,1312
2019-11-13 01:05,1290
2019-11-13 01:10,1307
2019-11-13 01:15,1299
2019-11-13 01:20,1297
2019-11-13 01:25,1293
2019-11-13 01:30,1286
2019-11-13 01:35,1271
2019-11-13 01:40,1255
2019-11-13 01:45,1265
2019-11-13 01:50,1252
2019-11-13 01:55,1244
2019-11-13 02:00,1243
2019-11-13 02:05,1225
2019-11-13 02:10,1233
2019-11-13 02:15,1230
2019-11-13 02:20,1243
2019-11-13 02:25,1240
2019-11-13 02:30,1241
2019-11-13 02:35,1235
2019-11-13 02:40,1237
2019-11-13 02:45,1234
2019-11-13 02:50,1224
2019-11-13 02:55,1221
2019-11-13 03:00,1232
2019-11-13 03:05,1216
2019-11-13 03:10,1221
2019-11-13 03:15,1210
2019-11-13 03:20,1178
2019-11-13 03:25,1161
2019-11-13 03:30,1165
2019-11-13 03:35,1132
2019-11-13 03:40,1119
2019-11-13 03:45,1114
2019-11-13 03:50,1114
2019-11-13 03:55,1113
2019-11-13 04:00,1100
2019-11-13 04:05,1084
2019-11-13 04:10,1072
2019-11-13 04:15,1060
2019-11-13 04:20,1046
2019-11-13 04:25,1027
2019-11-13 04:30,1022
2019-11-13 04:35,994
2019-11-13 04:40,990
2019-11-13 04:45,982
2019-11-13 04:50,968
2019-11-13 04:55,966
2019-11-13 05:00,959
2019-11-13 05:05,948
2019-11-13 05:10,956
2019-11-13 05:15,945
2019-11-13 05:20,917
2019-11-13 05:25,931
2019-11-13 05:30,918
2019-11-13 05:35,907
2019-11-13 05:40,887
2019-11-13 05:45,890
2019-11-13 05:50,889
2019-11-13 05:55,868
2019-11-13 06:00,858
2019-11-13 06:05,855
2019-11-13 06:10,862
2019-11-13 06:15,859
2019-11-13 06:20,853
2019-11-13 06:25,844
2019-11-13 06:30,820
2019-11-13 06:35,815
2019-11-13 06:40,819
2019-11-13 06:45,802
2019-11-13 06:50,791
2019-11-13 06:55,783
2019-11-13 07:00,781
2019-11-13 07:05,783
2019-11-13 07:10,799
2019-11-13 07:15,803
2019-11-13 07:20,795
2019-11-13 07:25,807
2019-11-13 07:30,809
2019-11-13 07:35,818
2019-11-13 07:40,819
2019-11-13 07:45,825
2019-11-13 07:50,842
2019-11-13 07:55,836
2019-11-13 08:00,847
2019-11-13 08:05,843
2019-11-13 08:10,843
2019-11-13 08:15,849
2019-11-13 08:20,847
2019-11-13 08:25,860
2019-11-13 08:30,870
2019-11-13 08:35,881
2019-11-13 08:40,884
2019-11-13 08:45,885
2019-11-13 08:50,911
2019-11-13 08:55,907
2019-11-13 09:00,891
2019-11-13 09:05,888
2019-11-13 09:10,903
2019-11-13 09:15,898
2019-11-13 09:20,915
2019-11-13 09:25,919
2019-11-13 09:30,915
2019-11-13 09:35,914
2019-11-13 09:40,912
2019-11-13 09:45,920
2019-11-13 09:50,930
2019-11-13 09:55,931
2019-11-13 10:00,935
2019-11-13 10:05,946
2019-11-13 10:10,952
2019-11-13 10:15,977
2019-11-13 10:20,977
2019-11-13 10:25,987
2019-11-13 10:30,992
2019-11-13 10:35,1003
2019-11-13 10:40,1006
2019-11-13 10:45,1005
2019-11-13 10:50,997
2019-11-13 10:55,990
2019-11-13 11:00,987
2019-11-13 11:05,998
2019-11-13 11:10,1004
2019-11-13 11:15,1010
2019-11-13 11:20,1021
2019-11-13 11:25,1036
2019-11-13 11:30,1061
2019-11-13 11:35,1076
2019-11-13 11:40,1081
2019-11-13 11:45,1101
2019-11-13 11:50,1094
2019-11-13 11:55,1101
2019-11-13 12:00,1093
2019-11-13 12:05,1101
2019-11-13 12:10,1127
2019-11-13 12:15,1123
2019-11-13 12:20,1135
2019-11-13 12:25,1136
2019-11-13 12:30,1152
2019-11-13 12:35,1162
2019-11-13 12:40,1151
2019-11-13 12:45,1154
2019-11-13 12:50,1171
2019-11-13 12:55,1174
2019-11-13 13:00,1168
2019-11-13 13:05,1178
2019-11-13 13:10,1180
2019-11-13 13:15,1188
2019-11-13 13:20,1222
2019-11-13 13:25,1225
2019-11-13 13:30,1234
2019-11-13 13:35,1237
2019-11-13 13:40,1252
2019-11-13 13:45,1264
2019-11-13 13:50,1271
2019-11-13 13:55,1266
2019-11-13 14:00,1269
2019-11-13 14:05,1283
2019-11-13 14:10,1278
2019-11-13 14:15,1289
2019-11-13 14:20,1293
2019-11-13 14:25,1304
2019-11-13 14:30,1320
2019-11-13 14:35,1325
2019-11-13 14:40,1339
2019-11-13 14:45,1344
2019-11-13 14:50,1354
2019-11-13 14:55,1357
2019-11-13 15:00,1382
2019-11-13 15:05,1385
2019-11-13 15:10,1419
2019-11-13 15:15,1422
2019-11-13 15:20,1467
2019-11-13 15:25,1499
2019-11-13 15:30,1529
2019-11-13 15:35,1542
2019-11-13 15:40,1567
2019-11-13 15:45,1584
2019-11-13 15:50,1576
2019-11-13 15:55,1576
2019-11-13 16:00,1588
2019-11-13 16:05,1595
2019-11-13 16:10,1586
2019-11-13 16:15,1603
2019-11-13 16:20,1602
2019-11-13 16:25,1606
2019-11-13 16:30,1628
2019-11-13 16:35,1648
2019-11-13 16:40,1648
2019-11-13 16:45,1658
2019-11-13 16:50,1655
2019-11-13 16:55,1694
2019-11-13 17:00,1702
2019-11-13 17:05,1705
2019-11-13 17:10,1723
2019-11-13 17:15,1745
2019-11-13 17:20,1744
2019-11-13 17:25,1752
2019-11-13 17:30,1768
2019-11-13 17:35,1768
2019-11-13 17:40,1759
2019-11-13 17:45,1759
2019-11-13 17:50,1768
2019-11-13 17:55,1783
2019-11-13 18:00,1783
2019-11-13 18:05,1799
2019-11-13 18:10,1815
2019-11-13 18:15,1826
2019-11-13 18:20,1820
2019-11-13 18:25,1826
2019-11-13 18:30,1828
2019-11-13 18:35,1856
2019-11-13 18:40,1871
2019-11-13 18:45,1875
2019-11-13 18:50,1883
2019-11-13 18:55,1879
2019-11-13 19:00,1874
2019-11-13 19:05,1845
2019-11-13 19:10,1869
2019-11-13 19:15,1851
2019-11-13 19:20,1884
2019-11-13 19:25,1856
2019-11-13 19:30,1868
2019-11-13 19:35,1869
2019-11-13 19:40,1846
2019-11-13 19:45,1851
2019-11-13 19:50,1855
2019-11-13 19:55,1855
2019-11-13 20:00,1840
2019-11-13 20:05,1824
2019-11-13 20:10,1807
2019-11-13 20:15,1798
2019-11-13 20:20,1805
2019-11-13 20:25,1817
2019-11-13 20:30,1801
2019-11-13 20:35,1788
2019-11-13 20:40,1768
2019-11-13 20:45,1764
2019-11-13 20:50,1767
2019-11-13 20:55,1765
2019-11-13 21:00,1749
2019-11-13 21:05,1741
2019-11-13 21:10,1736
2019-11-13 21:15,1726
2019-11-13 21:20,1698
2019-11-13 21:25,1656
2019-11-13 21:30,1651
2019-11-13 21:35,1663
2019-11-13 21:40,1647
2019-11-13 21:45,1636
2019-11-13 21:50,1613
2019-11-13 21:55,1598
2019-11-13 22:00,1573
2019-11-13 22:05,1554
2019-11-13 22:10,1545
2019-11-13 22:15,1534
2019-11-13 22:20,1530
2019-11-13 22:25,1520
2019-11-13 22:30,1522
2019-11-13 22:35,1521
2019-11-13 22:40,1519
2019-11-13 22:45,1508
2019-11-13 22:50,1495
2019-11-13 22:55,1475
2019-11-13 23:00,1469
2019-11-13 23:05,1470
2019-11-13 23:10,1454
2019-11-13 23:15,1454
2019-11-13 23:20,1444
2019-11-13 23:25,1413
2019-11-13 23:30,1400
2019-11-13 23:35,1392
2019-11-13 23:40,1368
2019-11-13 23:45,1360
2019-11-13 23:50,1342
2019-11-13 23:55,1333
2019-11-14 00:00,1312
2019-11-14 00:05,1302
2019-11-14 00:10,1294
2019-11-14 00:15,1267
2019-11-14 00:20,1276
2019-11-14 00:25,1275
2019-11-14 00:30,1266
2019-11-14 00:35,1239
2019-11-14 00:40,1226
2019-11-14 00:45,1223
2019-11-14 00:50,1211
2019-11-14 00:55,1232
2019-11-14 01:00,1249
2019-11-14 01:05,1240
2019-11-14 01:10,1246
2019-11-14 01:15,1243
2019-11-14 01:20,1240
2019-11-14 01:25,1234
2019-11-14 01:30,1219
2019-11-14 01:35,1224
2019-11-14 01:40,1215
2019-11-14 01:45,1214
2019-11-14 01:50,1208
2019-11-14 01:55,1203
2019-11-14 02:00,1202
2019-11-14 02:05,1195
2019-11-14 02:10,1204
2019-11-14 02:15,1213
2019-11-14 02:20,1202
2019-11-14 02:25,1191
2019-11-14 02:30,1189
2019-11-14 02:35,1206
2019-11-14 02:40,1202
2019-11-14 02:45,1198
2019-11-14 02:50,1206
2019-11-14 02:55,1206
2019-11-14 03:00,1186
2019-11-14 03:05,1178
2019-11-14 03:10,1171
2019-11-14 03:15,1156
2019-11-14 03:20,1140
2019-11-14 03:25,1142
2019-11-14 03:30,1140
2019-11-14 03:35,1136
2019-11-14 03:40,1107
2019-11-14 03:45,1092
2019-11-14 03:50,1065
2019-11-14 03:55,1064
2019-11-14 04:00,1045
2019-11-14 04:05,1040
2019-11-14 04:10,1025
2019-11-14 04:15,1015
2019-11-14 04:20,998
2019-11-14 04:25,980
2019-11-14 04:30,966
2019-11-14 04:35,964
2019-11-14 04:40,955
2019-11-14 04:45,945
2019-11-14 04:50,941
2019-11-14 04:55,931
2019-11-14 05:00,920
2019-11-14 05:05,896
2019-11-14 05:10,885
2019-11-14 05:15,877
2019-11-14 05:20,878
2019-11-14 05:25,889
2019-11-14 05:30,882
2019-11-14 05:35,865
2019-11-14 05:40,851
2019-11-14 05:45,847
2019-11-14 05:50,835
2019-11-14 05:55,835
2019-11-14 06:00,826
2019-11-14 06:05,817
2019-11-14 06:10,811
2019-11-14 06:15,802
2019-11-14 06:20,812
2019-11-14 06:25,802
2019-11-14 06:30,788
2019-11-14 06:35,794
2019-11-14 06:40,792
2019-11-14 06:45,784
2019-11-14 06:50,778
2019-11-14 06:55,766
2019-11-14 07:00,777
2019-11-14 07:05,774
2019-11-14 07:10,780
2019-11-14 07:15,774
2019-11-14 07:20,768
2019-11-14 07:25,765
2019-11-14 07:30,772
2019-11-14 07:35,779
2019-11-14 07:40,774
2019-11-14 07:45,775
2019-11-14 07:50,772
2019-11-14 07:55,752
2019-11-14 08:00,755
2019-11-14 08:05,760
2019-11-14 08:10,770
2019-11-14 08:15,759
2019-11-14 08:20,761
2019-11-14 08:25,752
2019-11-14 08:30,756
2019-11-14 08:35,767
2019-11-14 08:40,772
2019-11-14 08:45,776
2019-11-14 08:50,785
2019-11-14 08:55,788
2019-11-14 09:00,792
2019-11-14 09:05,807
2019-11-14 09:10,813
2019-11-14 09:15,822
2019-11-14 09:20,821
2019-11-14 09:25,842
2019-11-14 09:30,837
2019-11-14 09:35,835
2019-11-14 09:40,855
2019-11-14 09:45,860
2019-11-14 09:50,874
2019-11-14 09:55,876
2019-11-14 10:00,883
2019-11-14 10:05,903
2019-11-14 10:10,916
2019-11-14 10:15,939
2019-11-14 10:20,976
2019-11-14 10:25,967
2019-11-14 10:30,976
2019-11-14 10:35,977
2019-11-14 10:40,987
2019-11-14 10:45,994
2019-11-14 10:50,1009
2019-11-14 10:55,998
2019-11-14 11:00,999
2019-11-14 11:05,998
2019-11-14 11:10,1004
2019-11-14 11:15,1008
2019-11-14 11:20,1021
2019-11-14 11:25,1028
2019-11-14 11:30,1016
2019-11-14 11:35,1043
2019-11-14 11:40,1041
2019-11-14 11:45,1039
2019-11-14 11:50,1066
2019-11-14 11:55,1056
2019-11-14 12:00,1053
2019-11-14 12:05,1052
2019-11-14 12:10,1057
2019-11-14 12:15,1086
2019-11-14 12:20,1085
2019-11-14 12:25,1089
2019-11-14 12:30,1070
2019-11-14 12:35,1077
2019-11-14 12:40,1087
2019-11-14 12:45,1092
2019-11-14 12:50,1081
2019-11-14 12:55,1084
2019-11-14 13:00,1071
2019-11-14 13:05,1067
2019-11-14 13:10,1080
2019-11-14 13:15,1092
2019-11-14 13:20,1100
2019-11-14 13:25,1116
2019-11-14 13:30,1136
2019-11-14 13:35,1153
2019-11-14 13:40,1170
2019-11-14 13:45,1179
2019-11-14 13:50,1177
2019-11-14 13:55,1201
2019-11-14 14:00,1215
2019-11-14 14:05,1216
2019-11-14 14:10,1230
2019-11-14 14:15,1236
2019-11-14 14:20,1245
2019-11-14 14:25,1255
2019-11-14 14:30,1259
2019-11-14 14:35,1252
2019-11-14 14:40,1234
2019-11-14 14:45,1236
2019-11-14 14:50,1229
2019-11-14 14:55,1197
2019-11-14 15:00,1129
2019-11-14 15:05,936
2019-11-14 15:10,791
2019-11-14 15:15,784
2019-11-14 15:20,778
2019-11-14 15:25,789
2019-11-14 15:30,789
2019-11-14 15:35,791
2019-11-14 15:40,826
2019-11-14 15:45,854
2019-11-14 15:50,850
2019-11-14 15:55,866
2019-11-14 16:00,874
2019-11-14 16:05,868
2019-11-14 16:10,884
2019-11-14 16:15,908
2019-11-14 16:20,991
2019-11-14 16:25,1091
2019-11-14 16:30,1161
2019-11-14 16:35,1230
2019-11-14 16:40,1289
2019-11-14 16:45,1350
2019-11-14 16:50,1406
2019-11-14 16:55,1446
2019-11-14 17:00,1483
2019-11-14 17:05,1542
2019-11-14 17:10,1580
2019-11-14 17:15,1616
2019-11-14 17:20,1663
2019-11-14 17:25,1706
2019-11-14 17:30,1733
2019-11-14 17:35,1781
2019-11-14 17:40,1826
2019-11-14 17:45,1832
2019-11-14 17:50,1831
2019-11-14 17:55,1839
2019-11-14 18:00,1857
2019-11-14 18:05,1890
2019-11-14 18:10,1896
2019-11-14 18:15,1907
2019-11-14 18:20,1916
2019-11-14 18:25,1930
2019-11-14 18:30,1917
2019-11-14 18:35,1911
2019-11-14 18:40,1945
2019-11-14 18:45,1947
2019-11-14 18:50,1959
2019-11-14 18:55,1963
2019-11-14 19:00,1948
2019-11-14 19:05,1921
2019-11-14 19:10,1951
2019-11-14 19:15,1966
2019-11-14 19:20,1973
2019-11-14 19:25,1959
2019-11-14 19:30,1964
2019-11-14 19:35,1946
2019-11-14 19:40,1961
2019-11-14 19:45,1964
2019-11-14 19:50,1956
2019-11-14 19:55,1921
2019-11-14 20:00,1931
2019-11-14 20:05,1935
2019-11-14 20:10,1914
2019-11-14 20:15,1891
2019-11-14 20:20,1893
2019-11-14 20:25,1885
2019-11-14 20:30,1872
2019-11-14 20:35,1846
2019-11-14 20:40,1837
2019-11-14 20:45,1843
2019-11-14 20:50,1840
2019-11-14 20:55,1853
2019-11-14 21:00,1829
2019-11-14 21:05,1822
2019-11-14 21:10,1819
2019-11-14 21:15,1834
2019-11-14 21:20,1803
2019-11-14 21:25,1799
2019-11-14 21:30,1786
2019-11-14 21:35,1757
2019-11-14 21:40,1717
2019-11-14 21:45,1709
2019-11-14 21:50,1718
2019-11-14 21:55,1680
2019-11-14 22:00,1651
2019-11-14 22:05,1625
2019-11-14 22:10,1607
2019-11-14 22:15,1580
2019-11-14 22:20,1569
2019-11-14 22:25,1550
2019-11-14 22:30,1552
2019-11-14 22:35,1561
2019-11-14 22:40,1550
2019-11-14 22:45,1530
2019-11-14 22:50,1519
2019-11-14 22:55,1501
2019-11-14 23:00,1480
2019-11-14 23:05,1485
2019-11-14 23:10,1477
2019-11-14 23:15,1475
2019-11-14 23:20,1481
2019-11-14 23:25,1483
2019-11-14 23:30,1476
2019-11-14 23:35,1463
2019-11-14 23:40,1429
2019-11-14 23:45,1430
2019-11-14 23:50,1432
2019-11-14 23:55,1409
2019-11-15 00:00,1412
2019-11-15 00:05,1394
2019-11-15 00:10,1389
2019-11-15 00:15,1372
2019-11-15 00:20,1364
2019-11-15 00:25,1345
2019-11-15 00:30,1340
2019-11-15 00:35,1331
2019-11-15 00:40,1312
2019-11-15 00:45,1181
2019-11-15 00:50,0
2019-11-15 00:55,1302
2019-11-15 01:00,1267
2019-11-15 01:05,1237
2019-11-15 01:10,1235
2019-11-15 01:15,1238
2019-11-15 01:20,1215
2019-11-15 01:25,1199
2019-11-15 01:30,1212
2019-11-15 01:35,1223
2019-11-15 01:40,1221
2019-11-15 01:45,1203
2019-11-15 01:50,1196
2019-11-15 01:55,1196
2019-11-15 02:00,1169
2019-11-15 02:05,1182
2019-11-15 02:10,1179
2019-11-15 02:15,1180
2019-11-15 02:20,1186
2019-11-15 02:25,1183
2019-11-15 02:30,1198
2019-11-15 02:35,1201
2019-11-15 02:40,1193
2019-11-15 02:45,1184
2019-11-15 02:50,1175
2019-11-15 02:55,1181
2019-11-15 03:00,1173
2019-11-15 03:05,1176
2019-11-15 03:10,1172
2019-11-15 03:15,1173
2019-11-15 03:20,1168
2019-11-15 03:25,1164
2019-11-15 03:30,1150
2019-11-15 03:35,1137
2019-11-15 03:40,1147
2019-11-15 03:45,1130
2019-11-15 03:50,1131
2019-11-15 03:55,1125
2019-11-15 04:00,1112
2019-11-15 04:05,1090
2019-11-15 04:10,1074
2019-11-15 04:15,1066
2019-11-15 04:20,1068
2019-11-15 04:25,1068
2019-11-15 04:30,1065
2019-11-15 04:35,1038
2019-11-15 04:40,1039
2019-11-15 04:45,1019
2019-11-15 04:50,1025
2019-11-15 04:55,1014
2019-11-15 05:00,1008
2019-11-15 05:05,994
2019-11-15 05:10,976
2019-11-15 05:15,954
2019-11-15 05:20,941
2019-11-15 05:25,932
2019-11-15 05:30,902
2019-11-15 05:35,902
2019-11-15 05:40,898
2019-11-15 05:45,897
2019-11-15 05:50,884
2019-11-15 05:55,870
2019-11-15 06:00,876
2019-11-15 06:05,868
2019-11-15 06:10,870
2019-11-15 06:15,863
2019-11-15 06:20,865
2019-11-15 06:25,857
2019-11-15 06:30,862
2019-11-15 06:35,863
2019-11-15 06:40,883
2019-11-15 06:45,869
2019-11-15 06:50,864
2019-11-15 06:55,854
2019-11-15 07:00,843
2019-11-15 07:05,847
2019-11-15 07:10,848
2019-11-15 07:15,838
2019-11-15 07:20,833
2019-11-15 07:25,815
2019-11-15 07:30,823
2019-11-15 07:35,819
2019-11-15 07:40,820
2019-11-15 07:45,805
2019-11-15 07:50,795
2019-11-15 07:55,790
2019-11-15 08:00,804
2019-11-15 08:05,802
2019-11-15 08:10,813
2019-11-15 08:15,812
2019-11-15 08:20,826
2019-11-15 08:25,823
2019-11-15 08:30,807
2019-11-15 08:35,816
2019-11-15 08:40,831
2019-11-15 08:45,822
2019-11-15 08:50,831
2019-11-15 08:55,844
2019-11-15 09:00,849
2019-11-15 09:05,841
2019-11-15 09:10,850
2019-11-15 09:15,865
2019-11-15 09:20,872
2019-11-15 09:25,874
2019-11-15 09:30,869
2019-11-15 09:35,875
2019-11-15 09:40,887
2019-11-15 09:45,878
2019-11-15 09:50,876
2019-11-15 09:55,871
2019-11-15 10:00,889
2019-11-15 10:05,907
2019-11-15 10:10,933
2019-11-15 10:15,949
2019-11-15 10:20,957
2019-11-15 10:25,981
2019-11-15 10:30,996
2019-11-15 10:35,995
2019-11-15 10:40,1007
2019-11-15 10:45,1022
2019-11-15 10:50,1027
2019-11-15 10:55,1039
2019-11-15 11:00,1035
2019-11-15 11:05,1058
2019-11-15 11:10,1059
2019-11-15 11:15,1067
2019-11-15 11:20,1064
2019-11-15 11:25,1058
2019-11-15 11:30,1077
2019-11-15 11:35,1083
2019-11-15 11:40,1072
2019-11-15 11:45,1086
2019-11-15 11:50,1103
2019-11-15 11:55,1096
2019-11-15 12:00,1128
2019-11-15 12:05,1141
2019-11-15 12:10,1143
2019-11-15 12:15,1152
2019-11-15 12:20,1148
2019-11-15 12:25,1157
2019-11-15 12:30,1156
2019-11-15 12:35,1168
2019-11-15 12:40,1195
2019-11-15 12:45,1194
2019-11-15 12:50,1211
2019-11-15 12:55,1227
2019-11-15 13:00,1225
2019-11-15 13:05,1237
2019-11-15 13:10,1247
2019-11-15 13:15,1263
2019-11-15 13:20,1263
2019-11-15 13:25,1283
2019-11-15 13:30,1288
2019-11-15 13:35,1287
2019-11-15 13:40,1298
2019-11-15 13:45,1303
2019-11-15 13:50,1311
2019-11-15 13:55,1301
2019-11-15 14:00,1320
2019-11-15 14:05,1324
2019-11-15 14:10,1335
2019-11-15 14:15,1367
2019-11-15 14:20,1382
2019-11-15 14:25,1397
2019-11-15 14:30,1411
2019-11-15 14:35,1415
2019-11-15 14:40,1444
2019-11-15 14:45,1467
2019-11-15 14:50,1471
2019-11-15 14:55,1477
2019-11-15 15:00,1464
2019-11-15 15:05,1486
2019-11-15 15:10,1496
2019-11-15 15:15,1507
2019-11-15 15:20,1523
2019-11-15 15:25,1536
2019-11-15 15:30,1548
2019-11-15 15:35,1585
2019-11-15 15:40,1591
2019-11-15 15:45,1615
2019-11-15 15:50,1642
2019-11-15 15:55,1655
2019-11-15 16:00,1656
2019-11-15 16:05,1684
2019-11-15 16:10,1682
2019-11-15 16:15,1701
2019-11-15 16:20,1724
2019-11-15 16:25,1724
2019-11-15 16:30,1729
2019-11-15 16:35,1766
2019-11-15 16:40,1775
2019-11-15 16:45,1805
2019-11-15 16:50,1791
2019-11-15 16:55,1803
2019-11-15 17:00,1822
2019-11-15 17:05,1812
2019-11-15 17:10,1824
2019-11-15 17:15,1841
2019-11-15 17:20,1853
2019-11-15 17:25,1866
2019-11-15 17:30,1855
2019-11-15 17:35,1850
2019-11-15 17:40,1852
2019-11-15 17:45,1862
2019-11-15 17:50,1853
2019-11-15 17:55,1885
2019-11-15 18:00,1891
2019-11-15 18:05,1906
2019-11-15 18:10,1898
2019-11-15 18:15,1885
2019-11-15 18:20,1888
2019-11-15 18:25,1888
2019-11-15 18:30,1870
2019-11-15 18:35,1880
2019-11-15 18:40,1906
2019-11-15 18:45,1888
2019-11-15 18:50,1907
2019-11-15 18:55,1935
2019-11-15 19:00,1936
2019-11-15 19:05,1926
2019-11-15 19:10,1927
2019-11-15 19:15,1939
2019-11-15 19:20,1943
2019-11-15 19:25,1936
2019-11-15 19:30,1966
2019-11-15 19:35,1961
2019-11-15 19:40,1959
2019-11-15 19:45,1954
2019-11-15 19:50,1956
2019-11-15 19:55,1956
2019-11-15 20:00,1945
2019-11-15 20:05,1958
2019-11-15 20:10,1959
2019-11-15 20:15,1966
2019-11-15 20:20,1956
2019-11-15 20:25,1950
2019-11-15 20:30,1954
2019-11-15 20:35,1936
2019-11-15 20:40,1945
2019-11-15 20:45,1927
2019-11-15 20:50,1920
2019-11-15 20:55,1894
2019-11-15 21:00,1910
2019-11-15 21:05,1894
2019-11-15 21:10,1875
2019-11-15 21:15,1885
2019-11-15 21:20,1872
2019-11-15 21:25,1869
2019-11-15 21:30,1867
2019-11-15 21:35,1850
2019-11-15 21:40,1839
2019-11-15 21:45,1816
2019-11-15 21:50,1805
2019-11-15 21:55,1779
2019-11-15 22:00,1748
2019-11-15 22:05,1728
2019-11-15 22:10,1728
2019-11-15 22:15,1716
2019-11-15 22:20,1701
2019-11-15 22:25,1670
2019-11-15 22:30,1654
2019-11-15 22:35,1650
2019-11-15 22:40,1611
2019-11-15 22:45,1603
2019-11-15 22:50,1599
2019-11-15 22:55,1591
2019-11-15 23:00,1583
2019-11-15 23:05,1597
2019-11-15 23:10,1587
2019-11-15 23:15,1565
2019-11-15 23:20,1518
2019-11-15 23:25,1498
2019-11-15 23:30,1498
2019-11-15 23:35,1488
2019-11-15 23:40,1488
2019-11-15 23:45,1478
2019-11-15 23:50,1468
2019-11-15 23:55,1466
2019-11-16 00:00,1467
2019-11-16 00:05,1457
2019-11-16 00:10,1447
2019-11-16 00:15,1429
2019-11-16 00:20,1420
2019-11-16 00:25,1417
2019-11-16 00:30,1413
2019-11-16 00:35,1391
2019-11-16 00:40,1389
2019-11-16 00:45,1384
2019-11-16 00:50,1384
2019-11-16 00:55,1384
2019-11-16 01:00,1363
2019-11-16 01:05,1354
2019-11-16 01:10,1342
2019-11-16 01:15,1334
2019-11-16 01:20,1322
2019-11-16 01:25,1314
2019-11-16 01:30,1319
2019-11-16 01:35,1319
2019-11-16 01:40,1310
2019-11-16 01:45,1312
2019-11-16 01:50,1319
2019-11-16 01:55,1319
2019-11-16 02:00,1304
2019-11-16 02:05,1292
2019-11-16 02:10,1290
2019-11-16 02:15,1287
2019-11-16 02:20,1285
2019-11-16 02:25,1279
2019-11-16 02:30,1275
2019-11-16 02:35,1259
2019-11-16 02:40,1262
2019-11-16 02:45,1256
2019-11-16 02:50,1275
2019-11-16 02:55,1268
2019-11-16 03:00,1269
2019-11-16 03:05,1267
2019-11-16 03:10,1284
2019-11-16 03:15,1275
2019-11-16 03:20,1251
2019-11-16 03:25,1250
2019-11-16 03:30,1231
2019-11-16 03:35,1247
2019-11-16 03:40,1242
2019-11-16 03:45,1225
2019-11-16 03:50,1225
2019-11-16 03:55,1203
2019-11-16 04:00,1199
2019-11-16 04:05,1189
2019-11-16 04:10,1169
2019-11-16 04:15,1152
2019-11-16 04:20,1128
2019-11-16 04:25,1132
2019-11-16 04:30,1129
2019-11-16 04:35,1106
2019-11-16 04:40,1100
2019-11-16 04:45,1085
2019-11-16 04:50,1077
2019-11-16 04:55,1088
2019-11-16 05:00,1075
2019-11-16 05:05,1054
2019-11-16 05:10,1058
2019-11-16 05:15,1044
2019-11-16 05:20,1026
2019-11-16 05:25,1020
2019-11-16 05:30,1015
2019-11-16 05:35,1031
2019-11-16 05:40,1032
2019-11-16 05:45,1019
2019-11-16 05:50,1032
2019-11-16 05:55,1029
2019-11-16 06:00,1041
2019-11-16 06:05,1026
2019-11-16 06:10,1016
2019-11-16 06:15,1024
2019-11-16 06:20,1018
2019-11-16 06:25,1014
2019-11-16 06:30,1020
2019-11-16 06:35,1022
2019-11-16 06:40,1018
2019-11-16 06:45,1019
2019-11-16 06:50,1027
2019-11-16 06:55,1017
2019-11-16 07:00,1022
2019-11-16 07:05,1022
2019-11-16 07:10,1011
2019-11-16 07:15,996
2019-11-16 07:20,981
2019-11-16 07:25,980
2019-11-16 07:30,985
2019-11-16 07:35,997
2019-11-16 07:40,1005
2019-11-16 07:45,1018
2019-11-16 07:50,1019
2019-11-16 07:55,1026
2019-11-16 08:00,1034
2019-11-16 08:05,1062
2019-11-16 08:10,1076
2019-11-16 08:15,1082
2019-11-16 08:20,1072
2019-11-16 08:25,1102
2019-11-16 08:30,1098
2019-11-16 08:35,1094
2019-11-16 08:40,1112
2019-11-16 08:45,1113
2019-11-16 08:50,1113
2019-11-16 08:55,1126
2019-11-16 09:00,1132
2019-11-16 09:05,1134
2019-11-16 09:10,1137
2019-11-16 09:15,1143
2019-11-16 09:20,1156
2019-11-16 09:25,1169
2019-11-16 09:30,1184
2019-11-16 09:35,1195
2019-11-16 09:40,1217
2019-11-16 09:45,1219
2019-11-16 09:50,1234
2019-11-16 09:55,1234
2019-11-16 10:00,1251
2019-11-16 10:05,1277
2019-11-16 10:10,1287
2019-11-16 10:15,1304
2019-11-16 10:20,1346
2019-11-16 10:25,1341
2019-11-16 10:30,1349
2019-11-16 10:35,1368
2019-11-16 10:40,1381
2019-11-16 10:45,1399
2019-11-16 10:50,1399
2019-11-16 10:55,1405
2019-11-16 11:00,1402
2019-11-16 11:05,1418
2019-11-16 11:10,1425
2019-11-16 11:15,1448
2019-11-16 11:20,1457
2019-11-16 11:25,1462
2019-11-16 11:30,1458
2019-11-16 11:35,1470
2019-11-16 11:40,1495
2019-11-16 11:45,1508
2019-11-16 11:50,1508
2019-11-16 11:55,1540
2019-11-16 12:00,1563
2019-11-16 12:05,1551
2019-11-16 12:10,1587
2019-11-16 12:15,1589
2019-11-16 12:20,1601
2019-11-16 12:25,1608
2019-11-16 12:30,1580
2019-11-16 12:35,1599
2019-11-16 12:40,1609
2019-11-16 12:45,1596
2019-11-16 12:50,1596
2019-11-16 12:55,1600
2019-11-16 13:00,1596
2019-11-16 13:05,1608
2019-11-16 13:10,1606
2019-11-16 13:15,1586
2019-11-16 13:20,1597
2019-11-16 13:25,1617
2019-11-16 13:30,1630
2019-11-16 13:35,1647
2019-11-16 13:40,1652
2019-11-16 13:45,1651
2019-11-16 13:50,1651
2019-11-16 13:55,1695
2019-11-16 14:00,1713
2019-11-16 14:05,1713
2019-11-16 14:10,1722
2019-11-16 14:15,1778
2019-11-16 14:20,1804
2019-11-16 14:25,1818
2019-11-16 14:30,1838
2019-11-16 14:35,1857
2019-11-16 14:40,1877
2019-11-16 14:45,1876
2019-11-16 14:50,1876
2019-11-16 14:55,1891
2019-11-16 15:00,1903
2019-11-16 15:05,1903
2019-11-16 15:10,1916
2019-11-16 15:15,1931
2019-11-16 15:20,1959
2019-11-16 15:25,1959
2019-11-16 15:30,1964
2019-11-16 15:35,1969
2019-11-16 15:40,1996
2019-11-16 15:45,2021
2019-11-16 15:50,2021
2019-11-16 15:55,2029
2019-11-16 16:00,
2019-11-16 16:05,
2019-11-16 16:10,
2019-11-16 16:15,
2019-11-16 16:20,
2019-11-16 16:25,2079
2019-11-16 16:30,2090
2019-11-16 16:35,2104
2019-11-16 16:40,2118
2019-11-16 16:45,2134
2019-11-16 16:50,
2019-11-16 16:55,
2019-11-16 17:00,2149
2019-11-16 17:05,2175
2019-11-16 17:10,2175
2019-11-16 17:15,2183
2019-11-16 17:20,2183
2019-11-16 17:25,2195
2019-11-16 17:30,2177
2019-11-16 17:35,2162
2019-11-16 17:40,2176
2019-11-16 17:45,2146
2019-11-16 17:50,2148
2019-11-16 17:55,2170
2019-11-16 18:00,2148
2019-11-16 18:05,2165
2019-11-16 18:10,2164
2019-11-16 18:15,
2019-11-16 18:20,
2019-11-16 18:25,2189
2019-11-16 18:30,2184
2019-11-16 18:35,2242
2019-11-16 18:40,2242
2019-11-16 18:45,2231
2019-11-16 18:50,
2019-11-16 18:55,
2019-11-16 19:00,
2019-11-16 19:05,
2019-11-16 19:10,
2019-11-16 19:15,
2019-11-16 19:20,
2019-11-16 19:25,2197
2019-11-16 19:30,
2019-11-16 19:35,
2019-11-16 19:40,
2019-11-16 19:45,2192
2019-11-16 19:50,2188
2019-11-16 19:55,2175
2019-11-16 20:00,2192
2019-11-16 20:05,2171
2019-11-16 20:10,2169
2019-11-16 20:15,2155
2019-11-16 20:20,2165
2019-11-16 20:25,2166
2019-11-16 20:30,2163
2019-11-16 20:35,2165
2019-11-16 20:40,2183
2019-11-16 20:45,2168
2019-11-16 20:50,2178
2019-11-16 20:55,2173
2019-11-16 21:00,2168
2019-11-16 21:05,2174
2019-11-16 21:10,2136
2019-11-16 21:15,2137
2019-11-16 21:20,2151
2019-11-16 21:25,2123
2019-11-16 21:30,2127
2019-11-16 21:35,2095
2019-11-16 21:40,2101
2019-11-16 21:45,2078
2019-11-16 21:50,2053
2019-11-16 21:55,2060
2019-11-16 22:00,2051
2019-11-16 22:05,2025
2019-11-16 22:10,2013
2019-11-16 22:15,1992
2019-11-16 22:20,1988
2019-11-16 22:25,1982
2019-11-16 22:30,1987
2019-11-16 22:35,1975
2019-11-16 22:40,1944
2019-11-16 22:45,1934
2019-11-16 22:50,1911
2019-11-16 22:55,1916
2019-11-16 23:00,1911
2019-11-16 23:05,1891
2019-11-16 23:10,1870
2019-11-16 23:15,1861
2019-11-16 23:20,1847
2019-11-16 23:25,1824
2019-11-16 23:30,1815
2019-11-16 23:35,1796
2019-11-16 23:40,1789
2019-11-16 23:45,1787
2019-11-16 23:50,1771
2019-11-16 23:55,1744
2019-11-17 00:00,1724
2019-11-17 00:05,1711
2019-11-17 00:10,1679
2019-11-17 00:15,1668
2019-11-17 00:20,1658
2019-11-17 00:25,1640
2019-11-17 00:30,1617
2019-11-17 00:35,1594
2019-11-17 00:40,1589
2019-11-17 00:45,1566
2019-11-17 00:50,1560
2019-11-17 00:55,1541
2019-11-17 01:00,1517
2019-11-17 01:05,1491
2019-11-17 01:10,1473
2019-11-17 01:15,1471
2019-11-17 01:20,1469
2019-11-17 01:25,1461
2019-11-17 01:30,1460
2019-11-17 01:35,1461
2019-11-17 01:40,1449
2019-11-17 01:45,1446
2019-11-17 01:50,1426
2019-11-17 01:55,1413
2019-11-17 02:00,1394
2019-11-17 02:05,1378
2019-11-17 02:10,1387
2019-11-17 02:15,1375
2019-11-17 02:20,1366
2019-11-17 02:25,1351
2019-11-17 02:30,
2019-11-17 02:35,
2019-11-17 02:40,1365
2019-11-17 02:45,1346
2019-11-17 02:50,1340
2019-11-17 02:55,1340
2019-11-17 03:00,1349
2019-11-17 03:05,1346
2019-11-17 03:10,1334
2019-11-17 03:15,1332
2019-11-17 03:20,1322
2019-11-17 03:25,1318
2019-11-17 03:30,1303
2019-11-17 03:35,1304
2019-11-17 03:40,1281
2019-11-17 03:45,1277
2019-11-17 03:50,1256
2019-11-17 03:55,1251
2019-11-17 04:00,1243
2019-11-17 04:05,1242
2019-11-17 04:10,1237
2019-11-17 04:15,1227
2019-11-17 04:20,1222
2019-11-17 04:25,1220
2019-11-17 04:30,1214
2019-11-17 04:35,1195
2019-11-17 04:40,1179
2019-11-17 04:45,1169
2019-11-17 04:50,1166
2019-11-17 04:55,1169
2019-11-17 05:00,1155
2019-11-17 05:05,1155
2019-11-17 05:10,1142
2019-11-17 05:15,1139
2019-11-17 05:20,1141
2019-11-17 05:25,1137
2019-11-17 05:30,1131
2019-11-17 05:35,1127
2019-11-17 05:40,1127
2019-11-17 05:45,1108
2019-11-17 05:50,1091
2019-11-17 05:55,1080
2019-11-17 06:00,1089
2019-11-17 06:05,1079
2019-11-17 06:10,1092
2019-11-17 06:15,1091
2019-11-17 06:20,1078
2019-11-17 06:25,1079
2019-11-17 06:30,1087
2019-11-17 06:35,1090
2019-11-17 06:40,1070
2019-11-17 06:45,1070
2019-11-17 06:50,1071
2019-11-17 06:55,1074
2019-11-17 07:00,1079
2019-11-17 07:05,1071
2019-11-17 07:10,1072
2019-11-17 07:15,1081
2019-11-17 07:20,1084
2019-11-17 07:25,1084
2019-11-17 07:30,1074
2019-11-17 07:35,1086
2019-11-17 07:40,1096
2019-11-17 07:45,1106
2019-11-17 07:50,1120
2019-11-17 07:55,1123
2019-11-17 08:00,1138
2019-11-17 08:05,1140
2019-11-17 08:10,1141
2019-11-17 08:15,
2019-11-17 08:20,1146
2019-11-17 08:25,
2019-11-17 08:30,1157
2019-11-17 08:35,1186
2019-11-17 08:40,1194
2019-11-17 08:45,1204
2019-11-17 08:50,1219
2019-11-17 08:55,1234
2019-11-17 09:00,1257
2019-11-17 09:05,1278
2019-11-17 09:10,1274
2019-11-17 09:15,1308
2019-11-17 09:20,1312
2019-11-17 09:25,1311
2019-11-17 09:30,1322
2019-11-17 09:35,1319
2019-11-17 09:40,1326
2019-11-17 09:45,1338
2019-11-17 09:50,1363
2019-11-17 09:55,1374
2019-11-17 10:00,1389
2019-11-17 10:05,1411
2019-11-17 10:10,1443
2019-11-17 10:15,1457
2019-11-17 10:20,1488
2019-11-17 10:25,1516
2019-11-17 10:30,1527
2019-11-17 10:35,1524
2019-11-17 10:40,1530
2019-11-17 10:45,1561
2019-11-17 10:50,1584
2019-11-17 10:55,1575
2019-11-17 11:00,1594
2019-11-17 11:05,1617
2019-11-17 11:10,1623
2019-11-17 11:15,1624
2019-11-17 11:20,1640
2019-11-17 11:25,1647
2019-11-17 11:30,1663
2019-11-17 11:35,1672
2019-11-17 11:40,1688
2019-11-17 11:45,1685
2019-11-17 11:50,1686
2019-11-17 11:55,1677
2019-11-17 12:00,1678
2019-11-17 12:05,1682
2019-11-17 12:10,1677
2019-11-17 12:15,1684
2019-11-17 12:20,1697
2019-11-17 12:25,1697
2019-11-17 12:30,1706
2019-11-17 12:35,1714
2019-11-17 12:40,1716
2019-11-17 12:45,1753
2019-11-17 12:50,1766
2019-11-17 12:55,1765
2019-11-17 13:00,1773
2019-11-17 13:05,1786
2019-11-17 13:10,1835
2019-11-17 13:15,1857
2019-11-17 13:20,1879
2019-11-17 13:25,1898
2019-11-17 13:30,1898
2019-11-17 13:35,1923
2019-11-17 13:40,1928
2019-11-17 13:45,1938
2019-11-17 13:50,1941
2019-11-17 13:55,1954
2019-11-17 14:00,1953
2019-11-17 14:05,1970
2019-11-17 14:10,1971
2019-11-17 14:15,2014
2019-11-17 14:20,2023
2019-11-17 14:25,2042
2019-11-17 14:30,2057
2019-11-17 14:35,2086
2019-11-17 14:40,2089
2019-11-17 14:45,2095
2019-11-17 14:50,2119
2019-11-17 14:55,2139
2019-11-17 15:00,2139
2019-11-17 15:05,2147
2019-11-17 15:10,2159
2019-11-17 15:15,2177
2019-11-17 15:20,2179
2019-11-17 15:25,2176
2019-11-17 15:30,2204
2019-11-17 15:35,2202
2019-11-17 15:40,2234
2019-11-17 15:45,2247
2019-11-17 15:50,2254
2019-11-17 15:55,
2019-11-17 16:00,
2019-11-17 16:05,2271
2019-11-17 16:10,2272
2019-11-17 16:15,2269
2019-11-17 16:20,2284
2019-11-17 16:25,2315
2019-11-17 16:30,2299
2019-11-17 16:35,2289
2019-11-17 16:40,2302
2019-11-17 16:45,2294
2019-11-17 16:50,2277
2019-11-17 16:55,2289
2019-11-17 17:00,2309
2019-11-17 17:05,2330
2019-11-17 17:10,2304
2019-11-17 17:15,2328
2019-11-17 17:20,2345
2019-11-17 17:25,2360
2019-11-17 17:30,2361
2019-11-17 17:35,2321
2019-11-17 17:40,2317
2019-11-17 17:45,2331
2019-11-17 17:50,2320
2019-11-17 17:55,2330
2019-11-17 18:00,2307
2019-11-17 18:05,2310
2019-11-17 18:10,2301
2019-11-17 18:15,2324
2019-11-17 18:20,2321
2019-11-17 18:25,2320
2019-11-17 18:30,2322
2019-11-17 18:35,2327
2019-11-17 18:40,2323
2019-11-17 18:45,2330
2019-11-17 18:50,2323
2019-11-17 18:55,2317
2019-11-17 19:00,2310
2019-11-17 19:05,2287
2019-11-17 19:10,2297
2019-11-17 19:15,2317
2019-11-17 19:20,2307
2019-11-17 19:25,2312
2019-11-17 19:30,2278
2019-11-17 19:35,2270
2019-11-17 19:40,2267
2019-11-17 19:45,2269
2019-11-17 19:50,2281
2019-11-17 19:55,2257
2019-11-17 20:00,2273
2019-11-17 20:05,2260
2019-11-17 20:10,2245
2019-11-17 20:15,2243
2019-11-17 20:20,2260
2019-11-17 20:25,2262
2019-11-17 20:30,2247
2019-11-17 20:35,2241
2019-11-17 20:40,2211
2019-11-17 20:45,2189
2019-11-17 20:50,2182
2019-11-17 20:55,2188
2019-11-17 21:00,2172
2019-11-17 21:05,2141
2019-11-17 21:10,2109
2019-11-17 21:15,2096
2019-11-17 21:20,2090
2019-11-17 21:25,2065
2019-11-17 21:30,2075
2019-11-17 21:35,2047
2019-11-17 21:40,2040
2019-11-17 21:45,2013
2019-11-17 21:50,2009
2019-11-17 21:55,1996
2019-11-17 22:00,2001
2019-11-17 22:05,1983
2019-11-17 22:10,1946
2019-11-17 22:15,1905
2019-11-17 22:20,1889
2019-11-17 22:25,1849
2019-11-17 22:30,1827
2019-11-17 22:35,1801
2019-11-17 22:40,1795
2019-11-17 22:45,1770
2019-11-17 22:50,1749
2019-11-17 22:55,1717
2019-11-17 23:00,1678
2019-11-17 23:05,1686
2019-11-17 23:10,1677
2019-11-17 23:15,1660
2019-11-17 23:20,1645
2019-11-17 23:25,1627
2019-11-17 23:30,1610
2019-11-17 23:35,1594
2019-11-17 23:40,1599
2019-11-17 23:45,1574
2019-11-17 23:50,1554
2019-11-17 23:55,1558
2019-11-18 00:00,1544
2019-11-18 00:05,1553
2019-11-18 00:10,1531
2019-11-18 00:15,1514
2019-11-18 00:20,1518
2019-11-18 00:25,1508
2019-11-18 00:30,1485
2019-11-18 00:35,
2019-11-18 00:40,
2019-11-18 00:45,1487
2019-11-18 00:50,1466
2019-11-18 00:55,1450
2019-11-18 01:00,1438
2019-11-18 01:05,1427
2019-11-18 01:10,1429
2019-11-18 01:15,1432
2019-11-18 01:20,1420
2019-11-18 01:25,1402
2019-11-18 01:30,1391
2019-11-18 01:35,1393
2019-11-18 01:40,1373
2019-11-18 01:45,1372
2019-11-18 01:50,1371
2019-11-18 01:55,1347
2019-11-18 02:00,1357
2019-11-18 02:05,1352
2019-11-18 02:10,1342
2019-11-18 02:15,1321
2019-11-18 02:20,1309
2019-11-18 02:25,1309
2019-11-18 02:30,1320
2019-11-18 02:35,1324
2019-11-18 02:40,1307
2019-11-18 02:45,1301
2019-11-18 02:50,1279
2019-11-18 02:55,1254
2019-11-18 03:00,1227
2019-11-18 03:05,1211
2019-11-18 03:10,1204
2019-11-18 03:15,1182
2019-11-18 03:20,1176
2019-11-18 03:25,1148
2019-11-18 03:30,1137
2019-11-18 03:35,1140
2019-11-18 03:40,1137
2019-11-18 03:45,1124
2019-11-18 03:50,1116
2019-11-18 03:55,1105
2019-11-18 04:00,1103
2019-11-18 04:05,1110
2019-11-18 04:10,1095
2019-11-18 04:15,1084
2019-11-18 04:20,1084
2019-11-18 04:25,1094
2019-11-18 04:30,1089
2019-11-18 04:35,1083
2019-11-18 04:40,1055
2019-11-18 04:45,1057
2019-11-18 04:50,1045
2019-11-18 04:55,1039
2019-11-18 05:00,1021
2019-11-18 05:05,1002
2019-11-18 05:10,994
2019-11-18 05:15,993
2019-11-18 05:20,978
2019-11-18 05:25,962
2019-11-18 05:30,959
2019-11-18 05:35,951
2019-11-18 05:40,930
2019-11-18 05:45,925
2019-11-18 05:50,919
2019-11-18 05:55,920
2019-11-18 06:00,893
2019-11-18 06:05,884
2019-11-18 06:10,865
2019-11-18 06:15,864
2019-11-18 06:20,861
2019-11-18 06:25,860
2019-11-18 06:30,869
2019-11-18 06:35,861
2019-11-18 06:40,858
2019-11-18 06:45,866
2019-11-18 06:50,862
2019-11-18 06:55,858
2019-11-18 07:00,856
2019-11-18 07:05,869
2019-11-18 07:10,854
2019-11-18 07:15,852
2019-11-18 07:20,843
2019-11-18 07:25,854
2019-11-18 07:30,830
2019-11-18 07:35,837
2019-11-18 07:40,839
2019-11-18 07:45,847
2019-11-18 07:50,848
2019-11-18 07:55,842
2019-11-18 08:00,845
2019-11-18 08:05,846
2019-11-18 08:10,853
2019-11-18 08:15,855
2019-11-18 08:20,859
2019-11-18 08:25,886
2019-11-18 08:30,878
2019-11-18 08:35,885
2019-11-18 08:40,900
2019-11-18 08:45,909
2019-11-18 08:50,908
2019-11-18 08:55,910
2019-11-18 09:00,915
2019-11-18 09:05,906
2019-11-18 09:10,913
2019-11-18 09:15,929
2019-11-18 09:20,934
2019-11-18 09:25,936
2019-11-18 09:30,942
2019-11-18 09:35,947
2019-11-18 09:40,957
2019-11-18 09:45,951
2019-11-18 09:50,953
2019-11-18 09:55,956
2019-11-18 10:00,955
2019-11-18 10:05,986
2019-11-18 10:10,1005
2019-11-18 10:15,1011
2019-11-18 10:20,1013
2019-11-18 10:25,1018
2019-11-18 10:30,1017
2019-11-18 10:35,1004
2019-11-18 10:40,1012
2019-11-18 10:45,1020
2019-11-18 10:50,1028
2019-11-18 10:55,
2019-11-18 11:00,1029
2019-11-18 11:05,1032
2019-11-18 11:10,1035
2019-11-18 11:15,1044
2019-11-18 11:20,1054
2019-11-18 11:25,1071
2019-11-18 11:30,1078
2019-11-18 11:35,1072
2019-11-18 11:40,1063
2019-11-18 11:45,1079
2019-11-18 11:50,1083
2019-11-18 11:55,1091
2019-11-18 12:00,1093
2019-11-18 12:05,1102
2019-11-18 12:10,1104
2019-11-18 12:15,1122
2019-11-18 12:20,1132
2019-11-18 12:25,1166
2019-11-18 12:30,1185
2019-11-18 12:35,1180
2019-11-18 12:40,1190
2019-11-18 12:45,1201
2019-11-18 12:50,1214
2019-11-18 12:55,1212
2019-11-18 13:00,1220
2019-11-18 13:05,1227
2019-11-18 13:10,1244
2019-11-18 13:15,1261
2019-11-18 13:20,1279
2019-11-18 13:25,1296
2019-11-18 13:30,1296
2019-11-18 13:35,1303
2019-11-18 13:40,1312
2019-11-18 13:45,1323
2019-11-18 13:50,1317
2019-11-18 13:55,1334
2019-11-18 14:00,1331
2019-11-18 14:05,1345
2019-11-18 14:10,1338
2019-11-18 14:15,1342
2019-11-18 14:20,1356
2019-11-18 14:25,1383
2019-11-18 14:30,1378
2019-11-18 14:35,1372
2019-11-18 14:40,1384
2019-11-18 14:45,1405
2019-11-18 14:50,1406
2019-11-18 14:55,1413
2019-11-18 15:00,1444
2019-11-18 15:05,1447
2019-11-18 15:10,1469
2019-11-18 15:15,1479
2019-11-18 15:20,1490
2019-11-18 15:25,1515
2019-11-18 15:30,1503
2019-11-18 15:35,1504
2019-11-18 15:40,1518
2019-11-18 15:45,1529
2019-11-18 15:50,1531
2019-11-18 15:55,1552
2019-11-18 16:00,1567
2019-11-18 16:05,1574
2019-11-18 16:10,1573
2019-11-18 16:15,1589
2019-11-18 16:20,1616
2019-11-18 16:25,1608
2019-11-18 16:30,1627
2019-11-18 16:35,1648
2019-11-18 16:40,1667
2019-11-18 16:45,1701
2019-11-18 16:50,1714
2019-11-18 16:55,1706
2019-11-18 17:00,1722
2019-11-18 17:05,1745
2019-11-18 17:10,1775
2019-11-18 17:15,1776
2019-11-18 17:20,1783
2019-11-18 17:25,1807
2019-11-18 17:30,1806
2019-11-18 17:35,1825
2019-11-18 17:40,1835
2019-11-18 17:45,1870
2019-11-18 17:50,1879
2019-11-18 17:55,1867
2019-11-18 18:00,1865
2019-11-18 18:05,1878
2019-11-18 18:10,1875
2019-11-18 18:15,1899
2019-11-18 18:20,1889
2019-11-18 18:25,1908
2019-11-18 18:30,1913
2019-11-18 18:35,1929
2019-11-18 18:40,1964
2019-11-18 18:45,1988
2019-11-18 18:50,1958
2019-11-18 18:55,1972
2019-11-18 19:00,1979
2019-11-18 19:05,1987
2019-11-18 19:10,1989
2019-11-18 19:15,1974
2019-11-18 19:20,1968
2019-11-18 19:25,1989
2019-11-18 19:30,1977
2019-11-18 19:35,1980
2019-11-18 19:40,2003
2019-11-18 19:45,1993
2019-11-18 19:50,1966
2019-11-18 19:55,1954
2019-11-18 20:00,1938
2019-11-18 20:05,1923
2019-11-18 20:10,1898
2019-11-18 20:15,1866
2019-11-18 20:20,1846
2019-11-18 20:25,1855
2019-11-18 20:30,1836
2019-11-18 20:35,1828
2019-11-18 20:40,1829
2019-11-18 20:45,1810
2019-11-18 20:50,1805
2019-11-18 20:55,1809
2019-11-18 21:00,1826
2019-11-18 21:05,1818
2019-11-18 21:10,1806
2019-11-18 21:15,1789
2019-11-18 21:20,1772
2019-11-18 21:25,1773
2019-11-18 21:30,1747
2019-11-18 21:35,1731
2019-11-18 21:40,1716
2019-11-18 21:45,1692
2019-11-18 21:50,1677
2019-11-18 21:55,1670
2019-11-18 22:00,1634
2019-11-18 22:05,1627
2019-11-18 22:10,1637
2019-11-18 22:15,1627
2019-11-18 22:20,1614
2019-11-18 22:25,1624
2019-11-18 22:30,1596
2019-11-18 22:35,1582
2019-11-18 22:40,1549
2019-11-18 22:45,1538
2019-11-18 22:50,1541
2019-11-18 22:55,1550
2019-11-18 23:00,1539
2019-11-18 23:05,1522
2019-11-18 23:10,1506
2019-11-18 23:15,1495
2019-11-18 23:20,1473
2019-11-18 23:25,1473
2019-11-18 23:30,1462
2019-11-18 23:35,
2019-11-18 23:40,1449
2019-11-18 23:45,1453
2019-11-18 23:50,1452
2019-11-18 23:55,1438
2019-11-19 00:00,1429
2019-11-19 00:05,1424
2019-11-19 00:10,1419
2019-11-19 00:15,1409
2019-11-19 00:20,1406
2019-11-19 00:25,1406
2019-11-19 00:30,1071
2019-11-19 00:35,1375
2019-11-19 00:40,1378
2019-11-19 00:45,1381
2019-11-19 00:50,1391
2019-11-19 00:55,1395
2019-11-19 01:00,1385
2019-11-19 01:05,1379
2019-11-19 01:10,1367
2019-11-19 01:15,1355
2019-11-19 01:20,1360
2019-11-19 01:25,1340
2019-11-19 01:30,1333
2019-11-19 01:35,1321
2019-11-19 01:40,1302
2019-11-19 01:45,1279
2019-11-19 01:50,1279
2019-11-19 01:55,1277
2019-11-19 02:00,1257
2019-11-19 02:05,1253
2019-11-19 02:10,1263
2019-11-19 02:15,1248
2019-11-19 02:20,1240
2019-11-19 02:25,1229
2019-11-19 02:30,1234
2019-11-19 02:35,1221
2019-11-19 02:40,1215
2019-11-19 02:45,1223
2019-11-19 02:50,1218
2019-11-19 02:55,1197
2019-11-19 03:00,1197
2019-11-19 03:05,1179
2019-11-19 03:10,1170
2019-11-19 03:15,1137
2019-11-19 03:20,1115
2019-11-19 03:25,1108
2019-11-19 03:30,1096
2019-11-19 03:35,1089
2019-11-19 03:40,1092
2019-11-19 03:45,1079
2019-11-19 03:50,1077
2019-11-19 03:55,1078
2019-11-19 04:00,1073
2019-11-19 04:05,1058
2019-11-19 04:10,1041
2019-11-19 04:15,1033
2019-11-19 04:20,1012
2019-11-19 04:25,995
2019-11-19 04:30,991
2019-11-19 04:35,985
2019-11-19 04:40,982
2019-11-19 04:45,964
2019-11-19 04:50,960
2019-11-19 04:55,933
2019-11-19 05:00,937
2019-11-19 05:05,921
2019-11-19 05:10,923
2019-11-19 05:15,919
2019-11-19 05:20,923
2019-11-19 05:25,909
2019-11-19 05:30,913
2019-11-19 05:35,907
2019-11-19 05:40,890
2019-11-19 05:45,884
2019-11-19 05:50,863
2019-11-19 05:55,857
2019-11-19 06:00,840
2019-11-19 06:05,848
2019-11-19 06:10,856
2019-11-19 06:15,843
2019-11-19 06:20,830
2019-11-19 06:25,829
2019-11-19 06:30,825
2019-11-19 06:35,814
2019-11-19 06:40,798
2019-11-19 06:45,793
2019-11-19 06:50,792
2019-11-19 06:55,805
2019-11-19 07:00,800
2019-11-19 07:05,803
2019-11-19 07:10,794
2019-11-19 07:15,783
2019-11-19 07:20,770
2019-11-19 07:25,775
2019-11-19 07:30,782
2019-11-19 07:35,784
2019-11-19 07:40,789
2019-11-19 07:45,786
2019-11-19 07:50,785
2019-11-19 07:55,784
2019-11-19 08:00,766
2019-11-19 08:05,766
2019-11-19 08:10,768
2019-11-19 08:15,782
2019-11-19 08:20,774
2019-11-19 08:25,781
2019-11-19 08:30,790
2019-11-19 08:35,798
2019-11-19 08:40,800
2019-11-19 08:45,812
2019-11-19 08:50,811
2019-11-19 08:55,
2019-11-19 09:00,
2019-11-19 09:05,827
2019-11-19 09:10,833
2019-11-19 09:15,850
2019-11-19 09:20,851
2019-11-19 09:25,869
2019-11-19 09:30,873
2019-11-19 09:35,891
2019-11-19 09:40,
2019-11-19 09:45,
2019-11-19 09:50,900
2019-11-19 09:55,911
2019-11-19 10:00,923
2019-11-19 10:05,941
2019-11-19 10:10,954
2019-11-19 10:15,959
2019-11-19 10:20,957
2019-11-19 10:25,963
2019-11-19 10:30,957
2019-11-19 10:35,974
2019-11-19 10:40,975
2019-11-19 10:45,
2019-11-19 10:50,
2019-11-19 10:55,996
2019-11-19 11:00,996
2019-11-19 11:05,986
2019-11-19 11:10,996
2019-11-19 11:15,1013
2019-11-19 11:20,1016
2019-11-19 11:25,1026
2019-11-19 11:30,1041
2019-11-19 11:35,1062
2019-11-19 11:40,1060
2019-11-19 11:45,1075
2019-11-19 11:50,1087
2019-11-19 11:55,1090
2019-11-19 12:00,1089
2019-11-19 12:05,1095
2019-11-19 12:10,1106
2019-11-19 12:15,1129
2019-11-19 12:20,1122
2019-11-19 12:25,1126
2019-11-19 12:30,1151
2019-11-19 12:35,1168
2019-11-19 12:40,1165
2019-11-19 12:45,1161
2019-11-19 12:50,1153
2019-11-19 12:55,1147
2019-11-19 13:00,1146
2019-11-19 13:05,1158
2019-11-19 13:10,1158
2019-11-19 13:15,1161
2019-11-19 13:20,1165
2019-11-19 13:25,1169
2019-11-19 13:30,1185
2019-11-19 13:35,1200
2019-11-19 13:40,1189
2019-11-19 13:45,1214
2019-11-19 13:50,1234
2019-11-19 13:55,1241
2019-11-19 14:00,1264
2019-11-19 14:05,1264
2019-11-19 14:10,1267
2019-11-19 14:15,1259
2019-11-19 14:20,1281
2019-11-19 14:25,1278
2019-11-19 14:30,1279
2019-11-19 14:35,1291
2019-11-19 14:40,1302
2019-11-19 14:45,1314
2019-11-19 14:50,1329
2019-11-19 14:55,1319
2019-11-19 15:00,1321
2019-11-19 15:05,1344
2019-11-19 15:10,1364
2019-11-19 15:15,1375
2019-11-19 15:20,1393
2019-11-19 15:25,1419
2019-11-19 15:30,1445
2019-11-19 15:35,1452
2019-11-19 15:40,1473
2019-11-19 15:45,1494
2019-11-19 15:50,1509
2019-11-19 15:55,1517
2019-11-19 16:00,1537
2019-11-19 16:05,1537
2019-11-19 16:10,1545
2019-11-19 16:15,1551
2019-11-19 16:20,1583
2019-11-19 16:25,1607
2019-11-19 16:30,1613
2019-11-19 16:35,1641
2019-11-19 16:40,1661
2019-11-19 16:45,1679
2019-11-19 16:50,1698
2019-11-19 16:55,1722
2019-11-19 17:00,1731
2019-11-19 17:05,1740
2019-11-19 17:10,1745
2019-11-19 17:15,1761
2019-11-19 17:20,1771
2019-11-19 17:25,1775
2019-11-19 17:30,1796
2019-11-19 17:35,1799
2019-11-19 17:40,1794
2019-11-19 17:45,1791
2019-11-19 17:50,1821
2019-11-19 17:55,1812
2019-11-19 18:00,1834
2019-11-19 18:05,1837
2019-11-19 18:10,1846
2019-11-19 18:15,1846
2019-11-19 18:20,1870
2019-11-19 18:25,1878
2019-11-19 18:30,1887
2019-11-19 18:35,1908
2019-11-19 18:40,1897
2019-11-19 18:45,1887
2019-11-19 18:50,1896
2019-11-19 18:55,1898
2019-11-19 19:00,1905
2019-11-19 19:05,1916
2019-11-19 19:10,1921
2019-11-19 19:15,1925
2019-11-19 19:20,1948
2019-11-19 19:25,1925
2019-11-19 19:30,1915
2019-11-19 19:35,1902
2019-11-19 19:40,1912
2019-11-19 19:45,1916
2019-11-19 19:50,1907
2019-11-19 19:55,1883
2019-11-19 20:00,1889
2019-11-19 20:05,1893
2019-11-19 20:10,1888
2019-11-19 20:15,1894
2019-11-19 20:20,1869
2019-11-19 20:25,1874
2019-11-19 20:30,1847
2019-11-19 20:35,1823
2019-11-19 20:40,1834
2019-11-19 20:45,1828
2019-11-19 20:50,1827
2019-11-19 20:55,1816
2019-11-19 21:00,1809
2019-11-19 21:05,1788
2019-11-19 21:10,
2019-11-19 21:15,
2019-11-19 21:20,
2019-11-19 21:25,1763
2019-11-19 21:30,1743
2019-11-19 21:35,1705
2019-11-19 21:40,1672
2019-11-19 21:45,1650
2019-11-19 21:50,1626
2019-11-19 21:55,1622
2019-11-19 22:00,1612
2019-11-19 22:05,1596
2019-11-19 22:10,1584
2019-11-19 22:15,1593
2019-11-19 22:20,1567
2019-11-19 22:25,
2019-11-19 22:30,
2019-11-19 22:35,21
2019-11-19 22:40,356
2019-11-19 22:45,1354
2019-11-19 22:50,1490
2019-11-19 22:55,1476
2019-11-19 23:00,1455
2019-11-19 23:05,1455
2019-11-19 23:10,1459
2019-11-19 23:15,1457
2019-11-19 23:20,1440
2019-11-19 23:25,1435
2019-11-19 23:30,1432
2019-11-19 23:35,1419
2019-11-19 23:40,1400
2019-11-19 23:45,1380
2019-11-19 23:50,1380
2019-11-19 23:55,1382
2019-11-20 00:00,1382
2019-11-20 00:05,1383
2019-11-20 00:10,1350
2019-11-20 00:15,
2019-11-20 00:20,
2019-11-20 00:25,1326
2019-11-20 00:30,1309
2019-11-20 00:35,1319
2019-11-20 00:40,1330
2019-11-20 00:45,1332
2019-11-20 00:50,1329
2019-11-20 00:55,1324
2019-11-20 01:00,1318
2019-11-20 01:05,1318
2019-11-20 01:10,1301
2019-11-20 01:15,1294
2019-11-20 01:20,1285
2019-11-20 01:25,1270
2019-11-20 01:30,0
2019-11-20 01:35,1277
2019-11-20 01:40,1269
2019-11-20 01:45,1236
2019-11-20 01:50,1236
2019-11-20 01:55,1231
2019-11-20 02:00,1233
2019-11-20 02:05,1242
2019-11-20 02:10,1251
2019-11-20 02:15,1224
2019-11-20 02:20,1211
2019-11-20 02:25,1204
2019-11-20 02:30,1197
2019-11-20 02:35,1179
2019-11-20 02:40,1176
2019-11-20 02:45,1177
2019-11-20 02:50,1168
2019-11-20 02:55,1156
2019-11-20 03:00,1141
2019-11-20 03:05,1137
2019-11-20 03:10,1137
2019-11-20 03:15,1126
2019-11-20 03:20,1116
2019-11-20 03:25,1112
2019-11-20 03:30,1094
2019-11-20 03:35,1093
2019-11-20 03:40,1091
2019-11-20 03:45,1085
2019-11-20 03:50,1064
2019-11-20 03:55,1057
2019-11-20 04:00,1038
2019-11-20 04:05,1020
2019-11-20 04:10,1009
2019-11-20 04:15,1008
2019-11-20 04:20,1004
2019-11-20 04:25,975
2019-11-20 04:30,977
2019-11-20 04:35,967
2019-11-20 04:40,966
2019-11-20 04:45,972
2019-11-20 04:50,963
2019-11-20 04:55,960
2019-11-20 05:00,957
2019-11-20 05:05,939
2019-11-20 05:10,914
2019-11-20 05:15,907
2019-11-20 05:20,897
2019-11-20 05:25,894
2019-11-20 05:30,893
2019-11-20 05:35,874
2019-11-20 05:40,873
2019-11-20 05:45,864
2019-11-20 05:50,853
2019-11-20 05:55,859
2019-11-20 06:00,866
2019-11-20 06:05,861
2019-11-20 06:10,849
2019-11-20 06:15,849
2019-11-20 06:20,844
2019-11-20 06:25,843
2019-11-20 06:30,847
2019-11-20 06:35,836
2019-11-20 06:40,828
2019-11-20 06:45,830
2019-11-20 06:50,828
2019-11-20 06:55,831
2019-11-20 07:00,839
2019-11-20 07:05,828
2019-11-20 07:10,822
2019-11-20 07:15,837
2019-11-20 07:20,836
2019-11-20 07:25,835
2019-11-20 07:30,831
2019-11-20 07:35,832
2019-11-20 07:40,846
2019-11-20 07:45,841
2019-11-20 07:50,837
2019-11-20 07:55,838
2019-11-20 08:00,838
2019-11-20 08:05,831
2019-11-20 08:10,827
2019-11-20 08:15,837
2019-11-20 08:20,839
2019-11-20 08:25,853
2019-11-20 08:30,838
2019-11-20 08:35,835
2019-11-20 08:40,837
2019-11-20 08:45,838
2019-11-20 08:50,847
2019-11-20 08:55,855
2019-11-20 09:00,853
2019-11-20 09:05,869
2019-11-20 09:10,882
2019-11-20 09:15,890
2019-11-20 09:20,897
2019-11-20 09:25,911
2019-11-20 09:30,925
2019-11-20 09:35,925
2019-11-20 09:40,938
2019-11-20 09:45,954
2019-11-20 09:50,948
2019-11-20 09:55,952
2019-11-20 10:00,973
2019-11-20 10:05,993
2019-11-20 10:10,1009
2019-11-20 10:15,1031
2019-11-20 10:20,1025
2019-11-20 10:25,1020
2019-11-20 10:30,1027
2019-11-20 10:35,1031
2019-11-20 10:40,1028
2019-11-20 10:45,1046
2019-11-20 10:50,1052
2019-11-20 10:55,1064
2019-11-20 11:00,1073
2019-11-20 11:05,1090
2019-11-20 11:10,1085
2019-11-20 11:15,1093
2019-11-20 11:20,1086
2019-11-20 11:25,1101
2019-11-20 11:30,1108
2019-11-20 11:35,1099
2019-11-20 11:40,1101
2019-11-20 11:45,1104
2019-11-20 11:50,1121
2019-11-20 11:55,1112
2019-11-20 12:00,1115
2019-11-20 12:05,1137
2019-11-20 12:10,1135
2019-11-20 12:15,1141
2019-11-20 12:20,1159
2019-11-20 12:25,1167
2019-11-20 12:30,1183
2019-11-20 12:35,1198
2019-11-20 12:40,1212
2019-11-20 12:45,1211
2019-11-20 12:50,1217
2019-11-20 12:55,1215
2019-11-20 13:00,1228
2019-11-20 13:05,
2019-11-20 13:10,
2019-11-20 13:15,1233
2019-11-20 13:20,1231
2019-11-20 13:25,1235
2019-11-20 13:30,1240
2019-11-20 13:35,1284
2019-11-20 13:40,1269
2019-11-20 13:45,1267
2019-11-20 13:50,1275
2019-11-20 13:55,1305
2019-11-20 14:00,1299
2019-11-20 14:05,1291
2019-11-20 14:10,1298
2019-11-20 14:15,1288
2019-11-20 14:20,1287
2019-11-20 14:25,1300
2019-11-20 14:30,1320
2019-11-20 14:35,1337
2019-11-20 14:40,1338
2019-11-20 14:45,1366
2019-11-20 14:50,1402
2019-11-20 14:55,1411
2019-11-20 15:00,1411
2019-11-20 15:05,1419
2019-11-20 15:10,1430
2019-11-20 15:15,1445
2019-11-20 15:20,1445
2019-11-20 15:25,1452
2019-11-20 15:30,1477
2019-11-20 15:35,1505
2019-11-20 15:40,1521
2019-11-20 15:45,1558
2019-11-20 15:50,1548
2019-11-20 15:55,1562
2019-11-20 16:00,1562
2019-11-20 16:05,1579
2019-11-20 16:10,1606
2019-11-20 16:15,1627
2019-11-20 16:20,1649
2019-11-20 16:25,1660
2019-11-20 16:30,1687
2019-11-20 16:35,1687
2019-11-20 16:40,1707
2019-11-20 16:45,1725
2019-11-20 16:50,1749
2019-11-20 16:55,1745
2019-11-20 17:00,1747
2019-11-20 17:05,1750
2019-11-20 17:10,1753
2019-11-20 17:15,1767
2019-11-20 17:20,1782
2019-11-20 17:25,1819
2019-11-20 17:30,1832
2019-11-20 17:35,1844
2019-11-20 17:40,1842
2019-11-20 17:45,1872
2019-11-20 17:50,1890
2019-11-20 17:55,1870
2019-11-20 18:00,1875
2019-11-20 18:05,1885
2019-11-20 18:10,1905
2019-11-20 18:15,1913
2019-11-20 18:20,1908
2019-11-20 18:25,1919
2019-11-20 18:30,1911
2019-11-20 18:35,1918
2019-11-20 18:40,1914
2019-11-20 18:45,1937
2019-11-20 18:50,1925
2019-11-20 18:55,1921
2019-11-20 19:00,1923
2019-11-20 19:05,1936
2019-11-20 19:10,1944
2019-11-20 19:15,1939
2019-11-20 19:20,1943
2019-11-20 19:25,1944
2019-11-20 19:30,1941
2019-11-20 19:35,1950
2019-11-20 19:40,1960
2019-11-20 19:45,1958
2019-11-20 19:50,1922
2019-11-20 19:55,1936
2019-11-20 20:00,1914
2019-11-20 20:05,1917
2019-11-20 20:10,1909
2019-11-20 20:15,1880
2019-11-20 20:20,1873
2019-11-20 20:25,1840
2019-11-20 20:30,1836
2019-11-20 20:35,1852
2019-11-20 20:40,1842
2019-11-20 20:45,1836
2019-11-20 20:50,1833
2019-11-20 20:55,1812
2019-11-20 21:00,1821
2019-11-20 21:05,1783
2019-11-20 21:10,1764
2019-11-20 21:15,1754
2019-11-20 21:20,1746
2019-11-20 21:25,1739
2019-11-20 21:30,1724
2019-11-20 21:35,1715
2019-11-20 21:40,1705
2019-11-20 21:45,1689
2019-11-20 21:50,1667
2019-11-20 21:55,1647
2019-11-20 22:00,1644
2019-11-20 22:05,1631
2019-11-20 22:10,1617
2019-11-20 22:15,1610
2019-11-20 22:20,1574
2019-11-20 22:25,1554
2019-11-20 22:30,1554
2019-11-20 22:35,1506
2019-11-20 22:40,1510
2019-11-20 22:45,1512
2019-11-20 22:50,1487
2019-11-20 22:55,1475
2019-11-20 23:00,1457
2019-11-20 23:05,1440
2019-11-20 23:10,1418
2019-11-20 23:15,1398
2019-11-20 23:20,1395
2019-11-20 23:25,1389
2019-11-20 23:30,1381
2019-11-20 23:35,1369
2019-11-20 23:40,1358
2019-11-20 23:45,1329
2019-11-20 23:50,1315
2019-11-20 23:55,1311
2019-11-21 00:00,1301
2019-11-21 00:05,1300
2019-11-21 00:10,1297
2019-11-21 00:15,1293
2019-11-21 00:20,1299
2019-11-21 00:25,1294
2019-11-21 00:30,1301
2019-11-21 00:35,
2019-11-21 00:40,
2019-11-21 00:45,1299
2019-11-21 00:50,1308
2019-11-21 00:55,1292
2019-11-21 01:00,1315
2019-11-21 01:05,1315
2019-11-21 01:10,1314
2019-11-21 01:15,1312
2019-11-21 01:20,1300
2019-11-21 01:25,1301
2019-11-21 01:30,1304
2019-11-21 01:35,1304
2019-11-21 01:40,
2019-11-21 01:45,
2019-11-21 01:50,1232
2019-11-21 01:55,
2019-11-21 02:00,
2019-11-21 02:05,
2019-11-21 02:10,
2019-11-21 02:15,723
2019-11-21 02:20,733
2019-11-21 02:25,977
2019-11-21 02:30,1142
2019-11-21 02:35,1197
2019-11-21 02:40,1193
2019-11-21 02:45,1171
2019-11-21 02:50,1182
2019-11-21 02:55,1189
2019-11-21 03:00,1195
2019-11-21 03:05,1183
2019-11-21 03:10,1174
2019-11-21 03:15,1163
2019-11-21 03:20,1153
2019-11-21 03:25,1128
2019-11-21 03:30,1123
2019-11-21 03:35,1110
2019-11-21 03:40,1120
2019-11-21 03:45,1112
2019-11-21 03:50,1095
2019-11-21 03:55,1067
2019-11-21 04:00,1059
2019-11-21 04:05,1055
2019-11-21 04:10,1053
2019-11-21 04:15,1036
2019-11-21 04:20,1026
2019-11-21 04:25,
2019-11-21 04:30,
2019-11-21 04:35,
2019-11-21 04:40,994
2019-11-21 04:45,998
2019-11-21 04:50,991
2019-11-21 04:55,994
2019-11-21 05:00,977
2019-11-21 05:05,
2019-11-21 05:10,
2019-11-21 05:15,
2019-11-21 05:20,967
2019-11-21 05:25,961
2019-11-21 05:30,947
2019-11-21 05:35,934
2019-11-21 05:40,936
2019-11-21 05:45,920
2019-11-21 05:50,902
2019-11-21 05:55,892
2019-11-21 06:00,894
2019-11-21 06:05,889
2019-11-21 06:10,878
2019-11-21 06:15,872
2019-11-21 06:20,865
2019-11-21 06:25,854
2019-11-21 06:30,845
2019-11-21 06:35,833
2019-11-21 06:40,834
2019-11-21 06:45,817
2019-11-21 06:50,819
2019-11-21 06:55,821
2019-11-21 07:00,828
2019-11-21 07:05,845
2019-11-21 07:10,828
2019-11-21 07:15,827
2019-11-21 07:20,819
2019-11-21 07:25,827
2019-11-21 07:30,831
2019-11-21 07:35,836
2019-11-21 07:40,828
2019-11-21 07:45,821
2019-11-21 07:50,818
2019-11-21 07:55,819
2019-11-21 08:00,826
2019-11-21 08:05,834
2019-11-21 08:10,839
2019-11-21 08:15,838
2019-11-21 08:20,846
2019-11-21 08:25,860
2019-11-21 08:30,860
2019-11-21 08:35,874
2019-11-21 08:40,861
2019-11-21 08:45,875
2019-11-21 08:50,877
2019-11-21 08:55,883
2019-11-21 09:00,900
2019-11-21 09:05,
2019-11-21 09:10,909
2019-11-21 09:15,916
2019-11-21 09:20,922
2019-11-21 09:25,941
2019-11-21 09:30,931
2019-11-21 09:35,939
2019-11-21 09:40,941
2019-11-21 09:45,948
2019-11-21 09:50,957
2019-11-21 09:55,967
2019-11-21 10:00,966
2019-11-21 10:05,998
2019-11-21 10:10,1000
2019-11-21 10:15,1025
2019-11-21 10:20,1033
2019-11-21 10:25,1051
2019-11-21 10:30,1050
2019-11-21 10:35,1058
2019-11-21 10:40,1072
2019-11-21 10:45,1087
2019-11-21 10:50,1090
2019-11-21 10:55,1099
2019-11-21 11:00,1094
2019-11-21 11:05,1102
2019-11-21 11:10,1113
2019-11-21 11:15,1107
2019-11-21 11:20,1110
2019-11-21 11:25,1110
2019-11-21 11:30,1127
2019-11-21 11:35,1115
2019-11-21 11:40,1116
2019-11-21 11:45,1127
2019-11-21 11:50,1119
2019-11-21 11:55,1118
2019-11-21 12:00,1145
2019-11-21 12:05,1143
2019-11-21 12:10,1159
2019-11-21 12:15,1159
2019-11-21 12:20,1164
2019-11-21 12:25,1174
2019-11-21 12:30,1176
2019-11-21 12:35,1187
2019-11-21 12:40,1197
2019-11-21 12:45,1203
2019-11-21 12:50,1230
2019-11-21 12:55,1237
2019-11-21 13:00,1251
2019-11-21 13:05,1265
2019-11-21 13:10,1262
2019-11-21 13:15,1272
2019-11-21 13:20,1268
2019-11-21 13:25,1259
2019-11-21 13:30,1252
2019-11-21 13:35,1258
2019-11-21 13:40,1259
2019-11-21 13:45,1254
2019-11-21 13:50,1252
2019-11-21 13:55,1260
2019-11-21 14:00,1264
2019-11-21 14:05,1264
2019-11-21 14:10,1253
2019-11-21 14:15,1285
2019-11-21 14:20,1286
2019-11-21 14:25,1276
2019-11-21 14:30,1295
2019-11-21 14:35,1304
2019-11-21 14:40,1296
2019-11-21 14:45,1284
2019-11-21 14:50,1277
2019-11-21 14:55,1243
2019-11-21 15:00,1163
2019-11-21 15:05,876
2019-11-21 15:10,807
2019-11-21 15:15,799
2019-11-21 15:20,814
2019-11-21 15:25,805
2019-11-21 15:30,812
2019-11-21 15:35,820
2019-11-21 15:40,820
2019-11-21 15:45,851
2019-11-21 15:50,867
2019-11-21 15:55,875
2019-11-21 16:00,896
2019-11-21 16:05,918
2019-11-21 16:10,939
2019-11-21 16:15,936
2019-11-21 16:20,959
2019-11-21 16:25,1026
2019-11-21 16:30,1133
2019-11-21 16:35,
2019-11-21 16:40,1260
2019-11-21 16:45,1302
2019-11-21 16:50,1383
2019-11-21 16:55,1435
2019-11-21 17:00,1476
2019-11-21 17:05,1525
2019-11-21 17:10,1597
2019-11-21 17:15,1643
2019-11-21 17:20,1698
2019-11-21 17:25,1729
2019-11-21 17:30,1759
2019-11-21 17:35,1772
2019-11-21 17:40,1801
2019-11-21 17:45,0
2019-11-21 17:50,1861
2019-11-21 17:55,1908
2019-11-21 18:00,1926
2019-11-21 18:05,1962
2019-11-21 18:10,1998
2019-11-21 18:15,1998
2019-11-21 18:20,2030
2019-11-21 18:25,2046
2019-11-21 18:30,2054
2019-11-21 18:35,2066
2019-11-21 18:40,2086
2019-11-21 18:45,2088
2019-11-21 18:50,2077
2019-11-21 18:55,2069
2019-11-21 19:00,2059
2019-11-21 19:05,2027
2019-11-21 19:10,2039
2019-11-21 19:15,2051
2019-11-21 19:20,2028
2019-11-21 19:25,2014
2019-11-21 19:30,1999
2019-11-21 19:35,2018
2019-11-21 19:40,1990
2019-11-21 19:45,1950
2019-11-21 19:50,1947
2019-11-21 19:55,1946
2019-11-21 20:00,1947
2019-11-21 20:05,1941
2019-11-21 20:10,1910
2019-11-21 20:15,1921
2019-11-21 20:20,1920
2019-11-21 20:25,1918
2019-11-21 20:30,1909
2019-11-21 20:35,1913
2019-11-21 20:40,1910
2019-11-21 20:45,1879
2019-11-21 20:50,1868
2019-11-21 20:55,1860
2019-11-21 21:00,1839
2019-11-21 21:05,1823
2019-11-21 21:10,1790
2019-11-21 21:15,1791
2019-11-21 21:20,1785
2019-11-21 21:25,1779
2019-11-21 21:30,1774
2019-11-21 21:35,1770
2019-11-21 21:40,1740
2019-11-21 21:45,1746
2019-11-21 21:50,1737
2019-11-21 21:55,1729
2019-11-21 22:00,0
2019-11-21 22:05,1691
2019-11-21 22:10,1693
2019-11-21 22:15,1699
2019-11-21 22:20,1679
2019-11-21 22:25,1650
2019-11-21 22:30,1639
2019-11-21 22:35,1485
2019-11-21 22:40,1591
2019-11-21 22:45,1612
2019-11-21 22:50,1581
2019-11-21 22:55,1538
2019-11-21 23:00,1533
2019-11-21 23:05,1501
2019-11-21 23:10,1342
2019-11-21 23:15,1345
2019-11-21 23:20,1478
2019-11-21 23:25,1471
2019-11-21 23:30,1463
2019-11-21 23:35,1442
2019-11-21 23:40,1432
2019-11-21 23:45,1431
2019-11-21 23:50,1422
2019-11-21 23:55,1410
2019-11-22 00:00,1420
2019-11-22 00:05,1414
2019-11-22 00:10,1408
2019-11-22 00:15,1388
2019-11-22 00:20,1393
2019-11-22 00:25,1380
2019-11-22 00:30,1377
2019-11-22 00:35,1375
2019-11-22 00:40,1358
2019-11-22 00:45,1341
2019-11-22 00:50,1342
2019-11-22 00:55,1332
2019-11-22 01:00,1328
2019-11-22 01:05,1308
2019-11-22 01:10,1310
2019-11-22 01:15,1318
2019-11-22 01:20,1308
2019-11-22 01:25,1305
2019-11-22 01:30,0
2019-11-22 01:35,1324
2019-11-22 01:40,1328
2019-11-22 01:45,1335
2019-11-22 01:50,1322
2019-11-22 01:55,1337
2019-11-22 02:00,1320
2019-11-22 02:05,1301
2019-11-22 02:10,1286
2019-11-22 02:15,1275
2019-11-22 02:20,1279
2019-11-22 02:25,1266
2019-11-22 02:30,1254
2019-11-22 02:35,1235
2019-11-22 02:40,1227
2019-11-22 02:45,
2019-11-22 02:50,
2019-11-22 02:55,1235
2019-11-22 03:00,1219
2019-11-22 03:05,1207
2019-11-22 03:10,1207
2019-11-22 03:15,1202
2019-11-22 03:20,1202
2019-11-22 03:25,1186
2019-11-22 03:30,
2019-11-22 03:35,
2019-11-22 03:40,
2019-11-22 03:45,1161
2019-11-22 03:50,1155
2019-11-22 03:55,1142
2019-11-22 04:00,1122
2019-11-22 04:05,1127
2019-11-22 04:10,1107
2019-11-22 04:15,1092
2019-11-22 04:20,1091
2019-11-22 04:25,1081
2019-11-22 04:30,1062
2019-11-22 04:35,1035
2019-11-22 04:40,1031
2019-11-22 04:45,1026
2019-11-22 04:50,1027
2019-11-22 04:55,1020
2019-11-22 05:00,1002
2019-11-22 05:05,984
2019-11-22 05:10,979
2019-11-22 05:15,970
2019-11-22 05:20,983
2019-11-22 05:25,974
2019-11-22 05:30,966
2019-11-22 05:35,953
2019-11-22 05:40,949
2019-11-22 05:45,933
2019-11-22 05:50,927
2019-11-22 05:55,906
2019-11-22 06:00,906
2019-11-22 06:05,905
2019-11-22 06:10,899
2019-11-22 06:15,896
2019-11-22 06:20,890
2019-11-22 06:25,871
2019-11-22 06:30,868
2019-11-22 06:35,854
2019-11-22 06:40,857
2019-11-22 06:45,854
2019-11-22 06:50,837
2019-11-22 06:55,831
2019-11-22 07:00,829
2019-11-22 07:05,828
2019-11-22 07:10,831
2019-11-22 07:15,822
2019-11-22 07:20,812
2019-11-22 07:25,801
2019-11-22 07:30,802
2019-11-22 07:35,801
2019-11-22 07:40,806
2019-11-22 07:45,
2019-11-22 07:50,805
2019-11-22 07:55,828
2019-11-22 08:00,830
2019-11-22 08:05,838
2019-11-22 08:10,858
2019-11-22 08:15,858
2019-11-22 08:20,861
2019-11-22 08:25,858
2019-11-22 08:30,867
2019-11-22 08:35,871
2019-11-22 08:40,888
2019-11-22 08:45,895
2019-11-22 08:50,901
2019-11-22 08:55,909
2019-11-22 09:00,909
2019-11-22 09:05,913
2019-11-22 09:10,932
2019-11-22 09:15,927
2019-11-22 09:20,954
2019-11-22 09:25,964
2019-11-22 09:30,958
2019-11-22 09:35,951
2019-11-22 09:40,952
2019-11-22 09:45,965
2019-11-22 09:50,971
2019-11-22 09:55,961
2019-11-22 10:00,974
2019-11-22 10:05,980
2019-11-22 10:10,996
2019-11-22 10:15,996
2019-11-22 10:20,1016
2019-11-22 10:25,1030
2019-11-22 10:30,1056
2019-11-22 10:35,1059
2019-11-22 10:40,1067
2019-11-22 10:45,1074
2019-11-22 10:50,1094
2019-11-22 10:55,1089
2019-11-22 11:00,1089
2019-11-22 11:05,1090
2019-11-22 11:10,1094
2019-11-22 11:15,1103
2019-11-22 11:20,1122
2019-11-22 11:25,1130
2019-11-22 11:30,1133
2019-11-22 11:35,1142
2019-11-22 11:40,1155
2019-11-22 11:45,1171
2019-11-22 11:50,1187
2019-11-22 11:55,1197
2019-11-22 12:00,1195
2019-11-22 12:05,1183
2019-11-22 12:10,1183
2019-11-22 12:15,1190
2019-11-22 12:20,1192
2019-11-22 12:25,1213
2019-11-22 12:30,1213
2019-11-22 12:35,1220
2019-11-22 12:40,1238
2019-11-22 12:45,1241
2019-11-22 12:50,1251
2019-11-22 12:55,1255
2019-11-22 13:00,1250
2019-11-22 13:05,1261
2019-11-22 13:10,1272
2019-11-22 13:15,1294
2019-11-22 13:20,1314
2019-11-22 13:25,1312
2019-11-22 13:30,1305
2019-11-22 13:35,1305
2019-11-22 13:40,1328
2019-11-22 13:45,1354
2019-11-22 13:50,1367
2019-11-22 13:55,1374
2019-11-22 14:00,1388
2019-11-22 14:05,1393
2019-11-22 14:10,1408
2019-11-22 14:15,1407
2019-11-22 14:20,1403
2019-11-22 14:25,1418
2019-11-22 14:30,1439
2019-11-22 14:35,1458
2019-11-22 14:40,1453
2019-11-22 14:45,1484
2019-11-22 14:50,1478
2019-11-22 14:55,1491
2019-11-22 15:00,1519
2019-11-22 15:05,1539
2019-11-22 15:10,1552
2019-11-22 15:15,1551
2019-11-22 15:20,1561
2019-11-22 15:25,1581
2019-11-22 15:30,1609
2019-11-22 15:35,1619
2019-11-22 15:40,1625
2019-11-22 15:45,1633
2019-11-22 15:50,1628
2019-11-22 15:55,1637
2019-11-22 16:00,1647
2019-11-22 16:05,1650
2019-11-22 16:10,1647
2019-11-22 16:15,1662
2019-11-22 16:20,1666
2019-11-22 16:25,1659
2019-11-22 16:30,1680
2019-11-22 16:35,1689
2019-11-22 16:40,1698
2019-11-22 16:45,1707
2019-11-22 16:50,1725
2019-11-22 16:55,1742
2019-11-22 17:00,1750
2019-11-22 17:05,1780
2019-11-22 17:10,1786
2019-11-22 17:15,1801
2019-11-22 17:20,1819
2019-11-22 17:25,1848
2019-11-22 17:30,1877
2019-11-22 17:35,1866
2019-11-22 17:40,1843
2019-11-22 17:45,1833
2019-11-22 17:50,1859
2019-11-22 17:55,1854
2019-11-22 18:00,1859
2019-11-22 18:05,1872
2019-11-22 18:10,1888
2019-11-22 18:15,1895
2019-11-22 18:20,1906
2019-11-22 18:25,1946
2019-11-22 18:30,1954
2019-11-22 18:35,1976
2019-11-22 18:40,1975
2019-11-22 18:45,1980
2019-11-22 18:50,1981
2019-11-22 18:55,1968
2019-11-22 19:00,1978
2019-11-22 19:05,1997
2019-11-22 19:10,2008
2019-11-22 19:15,1993
2019-11-22 19:20,2013
2019-11-22 19:25,2041
2019-11-22 19:30,2057
2019-11-22 19:35,2040
2019-11-22 19:40,2048
2019-11-22 19:45,2051
2019-11-22 19:50,2048
2019-11-22 19:55,2042
2019-11-22 20:00,2020
2019-11-22 20:05,2014
2019-11-22 20:10,2024
2019-11-22 20:15,2017
2019-11-22 20:20,2036
2019-11-22 20:25,2011
2019-11-22 20:30,2020
2019-11-22 20:35,2023
2019-11-22 20:40,2032
2019-11-22 20:45,2019
2019-11-22 20:50,2024
2019-11-22 20:55,2021
2019-11-22 21:00,2024
2019-11-22 21:05,1992
2019-11-22 21:10,1992
2019-11-22 21:15,1991
2019-11-22 21:20,1990
2019-11-22 21:25,1983
2019-11-22 21:30,1972
2019-11-22 21:35,1974
2019-11-22 21:40,1972
2019-11-22 21:45,1969
2019-11-22 21:50,1947
2019-11-22 21:55,1934
2019-11-22 22:00,1922
2019-11-22 22:05,1898
2019-11-22 22:10,1892
2019-11-22 22:15,1918
2019-11-22 22:20,1905
2019-11-22 22:25,1895
2019-11-22 22:30,1877
2019-11-22 22:35,1862
2019-11-22 22:40,1816
2019-11-22 22:45,1798
2019-11-22 22:50,1804
2019-11-22 22:55,
2019-11-22 23:00,
2019-11-22 23:05,1777
2019-11-22 23:10,1751
2019-11-22 23:15,1718
2019-11-22 23:20,1701
2019-11-22 23:25,1702
2019-11-22 23:30,1672
2019-11-22 23:35,
2019-11-22 23:40,
2019-11-22 23:45,
2019-11-22 23:50,
2019-11-22 23:55,
2019-11-23 00:00,
2019-11-23 00:05,
2019-11-23 00:10,
2019-11-23 00:15,
2019-11-23 00:20,1433
2019-11-23 00:25,1341
2019-11-23 00:30,1210
2019-11-23 00:35,716
2019-11-23 00:40,685
2019-11-23 00:45,683
2019-11-23 00:50,666
2019-11-23 00:55,645
2019-11-23 01:00,659
2019-11-23 01:05,641
2019-11-23 01:10,619
2019-11-23 01:15,612
2019-11-23 01:20,603
2019-11-23 01:25,603
2019-11-23 01:30,603
2019-11-23 01:35,606
2019-11-23 01:40,601
2019-11-23 01:45,605
2019-11-23 01:50,
2019-11-23 01:55,
2019-11-23 02:00,812
2019-11-23 02:05,864
2019-11-23 02:10,910
2019-11-23 02:15,972
2019-11-23 02:20,1012
2019-11-23 02:25,1066
2019-11-23 02:30,1099
2019-11-23 02:35,1139
2019-11-23 02:40,1193
2019-11-23 02:45,1228
2019-11-23 02:50,1259
2019-11-23 02:55,1275
2019-11-23 03:00,1289
2019-11-23 03:05,1303
2019-11-23 03:10,1311
2019-11-23 03:15,1318
2019-11-23 03:20,1340
2019-11-23 03:25,1349
2019-11-23 03:30,1349
2019-11-23 03:35,1340
2019-11-23 03:40,1331
2019-11-23 03:45,1333
2019-11-23 03:50,1329
2019-11-23 03:55,1334
2019-11-23 04:00,1326
2019-11-23 04:05,1316
2019-11-23 04:10,1310
2019-11-23 04:15,1315
2019-11-23 04:20,1311
2019-11-23 04:25,1293
2019-11-23 04:30,1276
2019-11-23 04:35,1286
2019-11-23 04:40,1284
2019-11-23 04:45,1254
2019-11-23 04:50,1238
2019-11-23 04:55,1222
2019-11-23 05:00,1225
2019-11-23 05:05,1225
2019-11-23 05:10,1225
2019-11-23 05:15,1219
2019-11-23 05:20,1214
2019-11-23 05:25,1217
2019-11-23 05:30,1216
2019-11-23 05:35,1205
2019-11-23 05:40,1194
2019-11-23 05:45,1185
2019-11-23 05:50,1188
2019-11-23 05:55,1165
2019-11-23 06:00,1137
2019-11-23 06:05,1111
2019-11-23 06:10,1109
2019-11-23 06:15,1086
2019-11-23 06:20,1070
2019-11-23 06:25,1062
2019-11-23 06:30,1065
2019-11-23 06:35,1068
2019-11-23 06:40,1072
2019-11-23 06:45,1075
2019-11-23 06:50,1068
2019-11-23 06:55,1069
2019-11-23 07:00,1061
2019-11-23 07:05,1071
2019-11-23 07:10,1068
2019-11-23 07:15,1054
2019-11-23 07:20,1058
2019-11-23 07:25,1065
2019-11-23 07:30,1061
2019-11-23 07:35,1059
2019-11-23 07:40,1062
2019-11-23 07:45,1074
2019-11-23 07:50,1084
2019-11-23 07:55,1080
2019-11-23 08:00,1084
2019-11-23 08:05,1093
2019-11-23 08:10,1104
2019-11-23 08:15,1116
2019-11-23 08:20,1110
2019-11-23 08:25,1140
2019-11-23 08:30,1139
2019-11-23 08:35,1145
2019-11-23 08:40,1140
2019-11-23 08:45,1157
2019-11-23 08:50,1162
2019-11-23 08:55,1171
2019-11-23 09:00,1178
2019-11-23 09:05,1201
2019-11-23 09:10,1210
2019-11-23 09:15,1214
2019-11-23 09:20,1221
2019-11-23 09:25,1223
2019-11-23 09:30,1230
2019-11-23 09:35,1236
2019-11-23 09:40,1255
2019-11-23 09:45,1280
2019-11-23 09:50,1300
2019-11-23 09:55,1300
2019-11-23 10:00,1308
2019-11-23 10:05,1341
2019-11-23 10:10,1370
2019-11-23 10:15,1388
2019-11-23 10:20,1386
2019-11-23 10:25,1407
2019-11-23 10:30,1441
2019-11-23 10:35,1438
2019-11-23 10:40,1433
2019-11-23 10:45,1456
2019-11-23 10:50,1464
2019-11-23 10:55,1449
2019-11-23 11:00,1457
2019-11-23 11:05,1489
2019-11-23 11:10,1506
2019-11-23 11:15,1524
2019-11-23 11:20,1522
2019-11-23 11:25,1517
2019-11-23 11:30,1527
2019-11-23 11:35,1541
2019-11-23 11:40,1560
2019-11-23 11:45,1587
2019-11-23 11:50,1593
2019-11-23 11:55,1602
2019-11-23 12:00,1620
2019-11-23 12:05,1619
2019-11-23 12:10,1606
2019-11-23 12:15,1620
2019-11-23 12:20,1625
2019-11-23 12:25,1635
2019-11-23 12:30,1641
2019-11-23 12:35,1656
2019-11-23 12:40,1671
2019-11-23 12:45,1685
2019-11-23 12:50,1693
2019-11-23 12:55,1703
2019-11-23 13:00,1699
2019-11-23 13:05,1732
2019-11-23 13:10,1746
2019-11-23 13:15,1768
2019-11-23 13:20,1800
2019-11-23 13:25,1819
2019-11-23 13:30,1829
2019-11-23 13:35,1839
2019-11-23 13:40,1862
2019-11-23 13:45,1861
2019-11-23 13:50,1897
2019-11-23 13:55,1897
2019-11-23 14:00,1910
2019-11-23 14:05,1936
2019-11-23 14:10,1951
2019-11-23 14:15,1953
2019-11-23 14:20,1971
2019-11-23 14:25,1989
2019-11-23 14:30,2005
2019-11-23 14:35,
2019-11-23 14:40,1997
2019-11-23 14:45,2023
2019-11-23 14:50,2026
2019-11-23 14:55,2033
2019-11-23 15:00,2044
2019-11-23 15:05,2076
2019-11-23 15:10,2087
2019-11-23 15:15,2083
2019-11-23 15:20,2072
2019-11-23 15:25,2085
2019-11-23 15:30,2087
2019-11-23 15:35,
2019-11-23 15:40,2086
2019-11-23 15:45,2089
2019-11-23 15:50,2104
2019-11-23 15:55,2112
2019-11-23 16:00,2137
2019-11-23 16:05,2150
2019-11-23 16:10,2156
2019-11-23 16:15,2168
2019-11-23 16:20,2161
2019-11-23 16:25,2184
2019-11-23 16:30,2194
2019-11-23 16:35,2169
2019-11-23 16:40,2186
2019-11-23 16:45,2216
2019-11-23 16:50,2193
2019-11-23 16:55,2202
2019-11-23 17:00,2211
2019-11-23 17:05,2209
2019-11-23 17:10,2206
2019-11-23 17:15,2221
2019-11-23 17:20,2211
2019-11-23 17:25,2236
2019-11-23 17:30,2263
2019-11-23 17:35,2278
2019-11-23 17:40,2260
2019-11-23 17:45,2257
2019-11-23 17:50,2251
2019-11-23 17:55,2271
2019-11-23 18:00,2280
2019-11-23 18:05,2287
2019-11-23 18:10,2281
2019-11-23 18:15,2284
2019-11-23 18:20,2306
2019-11-23 18:25,2310
2019-11-23 18:30,2308
2019-11-23 18:35,2307
2019-11-23 18:40,2325
2019-11-23 18:45,2352
2019-11-23 18:50,2378
2019-11-23 18:55,2378
2019-11-23 19:00,2388
2019-11-23 19:05,2388
2019-11-23 19:10,2415
2019-11-23 19:15,2406
2019-11-23 19:20,2401
2019-11-23 19:25,2395
2019-11-23 19:30,2390
2019-11-23 19:35,2360
2019-11-23 19:40,2339
2019-11-23 19:45,2344
2019-11-23 19:50,2327
2019-11-23 19:55,2353
2019-11-23 20:00,2329
2019-11-23 20:05,2339
2019-11-23 20:10,2320
2019-11-23 20:15,2317
2019-11-23 20:20,2307
2019-11-23 20:25,2292
2019-11-23 20:30,2283
2019-11-23 20:35,2313
2019-11-23 20:40,2326
2019-11-23 20:45,2360
2019-11-23 20:50,2311
2019-11-23 20:55,2317
2019-11-23 21:00,2282
2019-11-23 21:05,2258
2019-11-23 21:10,2262
2019-11-23 21:15,2251
2019-11-23 21:20,2257
2019-11-23 21:25,2245
2019-11-23 21:30,2249
2019-11-23 21:35,2222
2019-11-23 21:40,2215
2019-11-23 21:45,2200
2019-11-23 21:50,2195
2019-11-23 21:55,2199
2019-11-23 22:00,2182
2019-11-23 22:05,2164
2019-11-23 22:10,2133
2019-11-23 22:15,2103
2019-11-23 22:20,2097
2019-11-23 22:25,2089
2019-11-23 22:30,2074
2019-11-23 22:35,2061
2019-11-23 22:40,2031
2019-11-23 22:45,1996
2019-11-23 22:50,1981
2019-11-23 22:55,1982
2019-11-23 23:00,1977
2019-11-23 23:05,1975
2019-11-23 23:10,1954
2019-11-23 23:15,1927
2019-11-23 23:20,1907
2019-11-23 23:25,1886
2019-11-23 23:30,1892
2019-11-23 23:35,1856
2019-11-23 23:40,1824
2019-11-23 23:45,1806
2019-11-23 23:50,1795
2019-11-23 23:55,1782
2019-11-24 00:00,1765
2019-11-24 00:05,1758
2019-11-24 00:10,1739
2019-11-24 00:15,1744
2019-11-24 00:20,1746
2019-11-24 00:25,1760
2019-11-24 00:30,1736
2019-11-24 00:35,1702
2019-11-24 00:40,1683
2019-11-24 00:45,1683
2019-11-24 00:50,1677
2019-11-24 00:55,1673
2019-11-24 01:00,1666
2019-11-24 01:05,1636
2019-11-24 01:10,1620
2019-11-24 01:15,1623
2019-11-24 01:20,1613
2019-11-24 01:25,1601
2019-11-24 01:30,1595
2019-11-24 01:35,1596
2019-11-24 01:40,1556
2019-11-24 01:45,1555
2019-11-24 01:50,1550
2019-11-24 01:55,1544
2019-11-24 02:00,1531
2019-11-24 02:05,1536
2019-11-24 02:10,1512
2019-11-24 02:15,1509
2019-11-24 02:20,1497
2019-11-24 02:25,1481
2019-11-24 02:30,1454
2019-11-24 02:35,1465
2019-11-24 02:40,1460
2019-11-24 02:45,1465
2019-11-24 02:50,1451
2019-11-24 02:55,1437
2019-11-24 03:00,1420
2019-11-24 03:05,1398
2019-11-24 03:10,1399
2019-11-24 03:15,1399
2019-11-24 03:20,1395
2019-11-24 03:25,1394
2019-11-24 03:30,1384
2019-11-24 03:35,1381
2019-11-24 03:40,1365
2019-11-24 03:45,1353
2019-11-24 03:50,1354
2019-11-24 03:55,1356
2019-11-24 04:00,1362
2019-11-24 04:05,1355
2019-11-24 04:10,1351
2019-11-24 04:15,1350
2019-11-24 04:20,1345
2019-11-24 04:25,1340
2019-11-24 04:30,1325
2019-11-24 04:35,1318
2019-11-24 04:40,1315
2019-11-24 04:45,1292
2019-11-24 04:50,1283
2019-11-24 04:55,1275
2019-11-24 05:00,1255
2019-11-24 05:05,1244
2019-11-24 05:10,1236
2019-11-24 05:15,1233
2019-11-24 05:20,1222
2019-11-24 05:25,1210
2019-11-24 05:30,1225
2019-11-24 05:35,1220
2019-11-24 05:40,1202
2019-11-24 05:45,1186
2019-11-24 05:50,1182
2019-11-24 05:55,1180
2019-11-24 06:00,1173
2019-11-24 06:05,1172
2019-11-24 06:10,1175
2019-11-24 06:15,1150
2019-11-24 06:20,1153
2019-11-24 06:25,1155
2019-11-24 06:30,1155
2019-11-24 06:35,1156
2019-11-24 06:40,1153
2019-11-24 06:45,1147
2019-11-24 06:50,1163
2019-11-24 06:55,1168
2019-11-24 07:00,1162
2019-11-24 07:05,1153
2019-11-24 07:10,1143
2019-11-24 07:15,1134
2019-11-24 07:20,1126
2019-11-24 07:25,1134
2019-11-24 07:30,1140
2019-11-24 07:35,1158
2019-11-24 07:40,1182
2019-11-24 07:45,1188
2019-11-24 07:50,1204
2019-11-24 07:55,1209
2019-11-24 08:00,1196
2019-11-24 08:05,1202
2019-11-24 08:10,1199
2019-11-24 08:15,1207
2019-11-24 08:20,1208
2019-11-24 08:25,1221
2019-11-24 08:30,1229
2019-11-24 08:35,1217
2019-11-24 08:40,1232
2019-11-24 08:45,1243
2019-11-24 08:50,1262
2019-11-24 08:55,1265
2019-11-24 09:00,1285
2019-11-24 09:05,1307
2019-11-24 09:10,1322
2019-11-24 09:15,1324
2019-11-24 09:20,1344
2019-11-24 09:25,1340
2019-11-24 09:30,1362
2019-11-24 09:35,1371
2019-11-24 09:40,1384
2019-11-24 09:45,1401
2019-11-24 09:50,1422
2019-11-24 09:55,1430
2019-11-24 10:00,1461
2019-11-24 10:05,1503
2019-11-24 10:10,1533
2019-11-24 10:15,1566
2019-11-24 10:20,1591
2019-11-24 10:25,1608
2019-11-24 10:30,1631
2019-11-24 10:35,1647
2019-11-24 10:40,1655
2019-11-24 10:45,1654
2019-11-24 10:50,1673
2019-11-24 10:55,1678
2019-11-24 11:00,1710
2019-11-24 11:05,1711
2019-11-24 11:10,1735
2019-11-24 11:15,1741
2019-11-24 11:20,1756
2019-11-24 11:25,1779
2019-11-24 11:30,1786
2019-11-24 11:35,1788
2019-11-24 11:40,1797
2019-11-24 11:45,1816
2019-11-24 11:50,1834
2019-11-24 11:55,1823
2019-11-24 12:00,1827
2019-11-24 12:05,1835
2019-11-24 12:10,1844
2019-11-24 12:15,1856
2019-11-24 12:20,1860
2019-11-24 12:25,1887
2019-11-24 12:30,1889
2019-11-24 12:35,1905
2019-11-24 12:40,1940
2019-11-24 12:45,1938
2019-11-24 12:50,1945
2019-11-24 12:55,1945
2019-11-24 13:00,1960
2019-11-24 13:05,1956
2019-11-24 13:10,1967
2019-11-24 13:15,1980
2019-11-24 13:20,1996
2019-11-24 13:25,2003
2019-11-24 13:30,2002
2019-11-24 13:35,1990
2019-11-24 13:40,2018
2019-11-24 13:45,2037
2019-11-24 13:50,2039
2019-11-24 13:55,2047
2019-11-24 14:00,2053
2019-11-24 14:05,2058
2019-11-24 14:10,2050
2019-11-24 14:15,2055
2019-11-24 14:20,2083
2019-11-24 14:25,2108
2019-11-24 14:30,2096
2019-11-24 14:35,2104
2019-11-24 14:40,2101
2019-11-24 14:45,2113
2019-11-24 14:50,2138
2019-11-24 14:55,2140
2019-11-24 15:00,2172
2019-11-24 15:05,2182
2019-11-24 15:10,2196
2019-11-24 15:15,2210
2019-11-24 15:20,2228
2019-11-24 15:25,2250
2019-11-24 15:30,2262
2019-11-24 15:35,2294
2019-11-24 15:40,2309
2019-11-24 15:45,2338
2019-11-24 15:50,2361
2019-11-24 15:55,2369
2019-11-24 16:00,2375
2019-11-24 16:05,2372
2019-11-24 16:10,2379
2019-11-24 16:15,2378
2019-11-24 16:20,2371
2019-11-24 16:25,2381
2019-11-24 16:30,2405
2019-11-24 16:35,2427
2019-11-24 16:40,2441
2019-11-24 16:45,2461
2019-11-24 16:50,2455
2019-11-24 16:55,2444
2019-11-24 17:00,2463
2019-11-24 17:05,2472
2019-11-24 17:10,2464
2019-11-24 17:15,2470
2019-11-24 17:20,2479
2019-11-24 17:25,2486
2019-11-24 17:30,2509
2019-11-24 17:35,2506
2019-11-24 17:40,2500
2019-11-24 17:45,2470
2019-11-24 17:50,2449
2019-11-24 17:55,2446
2019-11-24 18:00,2450
2019-11-24 18:05,2448
2019-11-24 18:10,2455
2019-11-24 18:15,2455
2019-11-24 18:20,2445
2019-11-24 18:25,2419
2019-11-24 18:30,2416
2019-11-24 18:35,2402
2019-11-24 18:40,2403
2019-11-24 18:45,2430
2019-11-24 18:50,2411
2019-11-24 18:55,2429
2019-11-24 19:00,2454
2019-11-24 19:05,2437
2019-11-24 19:10,2410
2019-11-24 19:15,2395
2019-11-24 19:20,2400
2019-11-24 19:25,2385
2019-11-24 19:30,2404
2019-11-24 19:35,2397
2019-11-24 19:40,2400
2019-11-24 19:45,2389
2019-11-24 19:50,2405
2019-11-24 19:55,2383
2019-11-24 20:00,2400
2019-11-24 20:05,2383
2019-11-24 20:10,2371
2019-11-24 20:15,2366
2019-11-24 20:20,2376
2019-11-24 20:25,2390
2019-11-24 20:30,2348
2019-11-24 20:35,2347
2019-11-24 20:40,2336
2019-11-24 20:45,2330
2019-11-24 20:50,2309
2019-11-24 20:55,2305
2019-11-24 21:00,2275
2019-11-24 21:05,2251
2019-11-24 21:10,2208
2019-11-24 21:15,2171
2019-11-24 21:20,2168
2019-11-24 21:25,2154
2019-11-24 21:30,2138
2019-11-24 21:35,2132
2019-11-24 21:40,2117
2019-11-24 21:45,2111
2019-11-24 21:50,2091
2019-11-24 21:55,2069
2019-11-24 22:00,2059
2019-11-24 22:05,2052
2019-11-24 22:10,1988
2019-11-24 22:15,1971
2019-11-24 22:20,1952
2019-11-24 22:25,1951
2019-11-24 22:30,1912
2019-11-24 22:35,1888
2019-11-24 22:40,1888
2019-11-24 22:45,1886
2019-11-24 22:50,1855
2019-11-24 22:55,1834
2019-11-24 23:00,1812
2019-11-24 23:05,1800
2019-11-24 23:10,1785
2019-11-24 23:15,1771
2019-11-24 23:20,1756
2019-11-24 23:25,1760
2019-11-24 23:30,1729
2019-11-24 23:35,1723
2019-11-24 23:40,1714
2019-11-24 23:45,1692
2019-11-24 23:50,1679
2019-11-24 23:55,1671
2019-11-25 00:00,1659
2019-11-25 00:05,1647
2019-11-25 00:10,1646
2019-11-25 00:15,1631
2019-11-25 00:20,1639
2019-11-25 00:25,1623
2019-11-25 00:30,1605
2019-11-25 00:35,1606
2019-11-25 00:40,1604
2019-11-25 00:45,1590
2019-11-25 00:50,1585
2019-11-25 00:55,1567
2019-11-25 01:00,1535
2019-11-25 01:05,1532
2019-11-25 01:10,1525
2019-11-25 01:15,1513
2019-11-25 01:20,1502
2019-11-25 01:25,1502
2019-11-25 01:30,1470
2019-11-25 01:35,1477
2019-11-25 01:40,1445
2019-11-25 01:45,1443
2019-11-25 01:50,1433
2019-11-25 01:55,1444
2019-11-25 02:00,1445
2019-11-25 02:05,1436
2019-11-25 02:10,1426
2019-11-25 02:15,1419
2019-11-25 02:20,1411
2019-11-25 02:25,1401
2019-11-25 02:30,1380
2019-11-25 02:35,1368
2019-11-25 02:40,1379
2019-11-25 02:45,1363
2019-11-25 02:50,1356
2019-11-25 02:55,1349
2019-11-25 03:00,1334
2019-11-25 03:05,1309
2019-11-25 03:10,1285
2019-11-25 03:15,1272
2019-11-25 03:20,1255
2019-11-25 03:25,1246
2019-11-25 03:30,1226
2019-11-25 03:35,1210
2019-11-25 03:40,1179
2019-11-25 03:45,1176
2019-11-25 03:50,1153
2019-11-25 03:55,1142
2019-11-25 04:00,1122
2019-11-25 04:05,1126
2019-11-25 04:10,1119
2019-11-25 04:15,1103
2019-11-25 04:20,1083
2019-11-25 04:25,1054
2019-11-25 04:30,1042
2019-11-25 04:35,1035
2019-11-25 04:40,1037
2019-11-25 04:45,1024
2019-11-25 04:50,1018
2019-11-25 04:55,1029
2019-11-25 05:00,1017
2019-11-25 05:05,1014
2019-11-25 05:10,1010
2019-11-25 05:15,1011
2019-11-25 05:20,1017
2019-11-25 05:25,1026
2019-11-25 05:30,1015
2019-11-25 05:35,997
2019-11-25 05:40,989
2019-11-25 05:45,981
2019-11-25 05:50,975
2019-11-25 05:55,968
2019-11-25 06:00,945
2019-11-25 06:05,931
2019-11-25 06:10,926
2019-11-25 06:15,925
2019-11-25 06:20,920
2019-11-25 06:25,931
2019-11-25 06:30,905
2019-11-25 06:35,894
2019-11-25 06:40,886
2019-11-25 06:45,879
2019-11-25 06:50,863
2019-11-25 06:55,843
2019-11-25 07:00,837
2019-11-25 07:05,836
2019-11-25 07:10,825
2019-11-25 07:15,822
2019-11-25 07:20,843
2019-11-25 07:25,851
2019-11-25 07:30,863
2019-11-25 07:35,846
2019-11-25 07:40,851
2019-11-25 07:45,864
2019-11-25 07:50,874
2019-11-25 07:55,882
2019-11-25 08:00,881
2019-11-25 08:05,881
2019-11-25 08:10,878
2019-11-25 08:15,874
2019-11-25 08:20,893
2019-11-25 08:25,896
2019-11-25 08:30,901
2019-11-25 08:35,902
2019-11-25 08:40,905
2019-11-25 08:45,909
2019-11-25 08:50,906
2019-11-25 08:55,910
2019-11-25 09:00,924
2019-11-25 09:05,925
2019-11-25 09:10,930
2019-11-25 09:15,926
2019-11-25 09:20,933
2019-11-25 09:25,943
2019-11-25 09:30,958
2019-11-25 09:35,963
2019-11-25 09:40,974
2019-11-25 09:45,976
2019-11-25 09:50,985
2019-11-25 09:55,986
2019-11-25 10:00,998
2019-11-25 10:05,1011
2019-11-25 10:10,1026
2019-11-25 10:15,1050
2019-11-25 10:20,1079
2019-11-25 10:25,1081
2019-11-25 10:30,1093
2019-11-25 10:35,1091
2019-11-25 10:40,1104
2019-11-25 10:45,1103
2019-11-25 10:50,1114
2019-11-25 10:55,1123
2019-11-25 11:00,1126
2019-11-25 11:05,1134
2019-11-25 11:10,1159
2019-11-25 11:15,1162
2019-11-25 11:20,1169
2019-11-25 11:25,1165
2019-11-25 11:30,1174
2019-11-25 11:35,1171
2019-11-25 11:40,1177
2019-11-25 11:45,1182
2019-11-25 11:50,1197
2019-11-25 11:55,1180
2019-11-25 12:00,1175
2019-11-25 12:05,1193
2019-11-25 12:10,1207
2019-11-25 12:15,1208
2019-11-25 12:20,1219
2019-11-25 12:25,1238
2019-11-25 12:30,1222
2019-11-25 12:35,1229
2019-11-25 12:40,1254
2019-11-25 12:45,1262
2019-11-25 12:50,1295
2019-11-25 12:55,1289
2019-11-25 13:00,1300
2019-11-25 13:05,1307
2019-11-25 13:10,1332
2019-11-25 13:15,1341
2019-11-25 13:20,1354
2019-11-25 13:25,1358
2019-11-25 13:30,1359
2019-11-25 13:35,1384
2019-11-25 13:40,1403
2019-11-25 13:45,1419
2019-11-25 13:50,1430
2019-11-25 13:55,1443
2019-11-25 14:00,1447
2019-11-25 14:05,1439
2019-11-25 14:10,1432
2019-11-25 14:15,1434
2019-11-25 14:20,1458
2019-11-25 14:25,1469
2019-11-25 14:30,1488
2019-11-25 14:35,1496
2019-11-25 14:40,1506
2019-11-25 14:45,1533
2019-11-25 14:50,1539
2019-11-25 14:55,1539
2019-11-25 15:00,1564
2019-11-25 15:05,1572
2019-11-25 15:10,1577
2019-11-25 15:15,1578
2019-11-25 15:20,1589
2019-11-25 15:25,1608
2019-11-25 15:30,1631
2019-11-25 15:35,1634
2019-11-25 15:40,1656
2019-11-25 15:45,1670
2019-11-25 15:50,1696
2019-11-25 15:55,1713
2019-11-25 16:00,1713
2019-11-25 16:05,1725
2019-11-25 16:10,1752
2019-11-25 16:15,1770
2019-11-25 16:20,1771
2019-11-25 16:25,1786
2019-11-25 16:30,1804
2019-11-25 16:35,1817
2019-11-25 16:40,1843
2019-11-25 16:45,1839
2019-11-25 16:50,1834
2019-11-25 16:55,1850
2019-11-25 17:00,1850
2019-11-25 17:05,1883
2019-11-25 17:10,1871
2019-11-25 17:15,1907
2019-11-25 17:20,1910
2019-11-25 17:25,1913
2019-11-25 17:30,1933
2019-11-25 17:35,1938
2019-11-25 17:40,1968
2019-11-25 17:45,1996
2019-11-25 17:50,2007
2019-11-25 17:55,2031
2019-11-25 18:00,2031
2019-11-25 18:05,2047
2019-11-25 18:10,2059
2019-11-25 18:15,2086
2019-11-25 18:20,2105
2019-11-25 18:25,2100
2019-11-25 18:30,2102
2019-11-25 18:35,2092
2019-11-25 18:40,2097
2019-11-25 18:45,2100
2019-11-25 18:50,2121
2019-11-25 18:55,2113
2019-11-25 19:00,2113
2019-11-25 19:05,2102
2019-11-25 19:10,2090
2019-11-25 19:15,2093
2019-11-25 19:20,2097
2019-11-25 19:25,2116
2019-11-25 19:30,2110
2019-11-25 19:35,2085
2019-11-25 19:40,2110
2019-11-25 19:45,2100
2019-11-25 19:50,2093
2019-11-25 19:55,2088
2019-11-25 20:00,2081
2019-11-25 20:05,2081
2019-11-25 20:10,2081
2019-11-25 20:15,2081
2019-11-25 20:20,2081
2019-11-25 20:25,2081
2019-11-25 20:30,2035
2019-11-25 20:35,2050
2019-11-25 20:40,2032
2019-11-25 20:45,1998
2019-11-25 20:50,1977
2019-11-25 20:55,1995
2019-11-25 21:00,1990
2019-11-25 21:05,1965
2019-11-25 21:10,1944
2019-11-25 21:15,1923
2019-11-25 21:20,1916
2019-11-25 21:25,1889
2019-11-25 21:30,1910
2019-11-25 21:35,1916
2019-11-25 21:40,1907
2019-11-25 21:45,1900
2019-11-25 21:50,1885
2019-11-25 21:55,1862
2019-11-25 22:00,1836
2019-11-25 22:05,1814
2019-11-25 22:10,1809
2019-11-25 22:15,1798
2019-11-25 22:20,1770
2019-11-25 22:25,1754
2019-11-25 22:30,1751
2019-11-25 22:35,1760
2019-11-25 22:40,1724
2019-11-25 22:45,1688
2019-11-25 22:50,1670
2019-11-25 22:55,1657
2019-11-25 23:00,1648
2019-11-25 23:05,1626
2019-11-25 23:10,1607
2019-11-25 23:15,1592
2019-11-25 23:20,1572
2019-11-25 23:25,1559
2019-11-25 23:30,1554
2019-11-25 23:35,1557
2019-11-25 23:40,1566
2019-11-25 23:45,0
2019-11-25 23:50,1109
2019-11-25 23:55,1402
2019-11-26 00:00,1496
2019-11-26 00:05,1514
2019-11-26 00:10,1516
2019-11-26 00:15,1511
2019-11-26 00:20,1482
2019-11-26 00:25,1490
2019-11-26 00:30,1498
2019-11-26 00:35,1499
2019-11-26 00:40,1482
2019-11-26 00:45,1470
2019-11-26 00:50,1463
2019-11-26 00:55,1471
2019-11-26 01:00,1453
2019-11-26 01:05,1462
2019-11-26 01:10,1440
2019-11-26 01:15,1438
2019-11-26 01:20,1446
2019-11-26 01:25,1438
2019-11-26 01:30,1435
2019-11-26 01:35,1426
2019-11-26 01:40,1432
2019-11-26 01:45,0
2019-11-26 01:50,1412
2019-11-26 01:55,1418
2019-11-26 02:00,1389
2019-11-26 02:05,1380
2019-11-26 02:10,1360
2019-11-26 02:15,1358
2019-11-26 02:20,1358
2019-11-26 02:25,1377
2019-11-26 02:30,1385
2019-11-26 02:35,1385
2019-11-26 02:40,1363
2019-11-26 02:45,1322
2019-11-26 02:50,1304
2019-11-26 02:55,1297
2019-11-26 03:00,1293
2019-11-26 03:05,1277
2019-11-26 03:10,1272
2019-11-26 03:15,1254
2019-11-26 03:20,1239
2019-11-26 03:25,1214
2019-11-26 03:30,1201
2019-11-26 03:35,1195
2019-11-26 03:40,1186
2019-11-26 03:45,1174
2019-11-26 03:50,1166
2019-11-26 03:55,1166
2019-11-26 04:00,1151
2019-11-26 04:05,1125
2019-11-26 04:10,1108
2019-11-26 04:15,1104
2019-11-26 04:20,1108
2019-11-26 04:25,1090
2019-11-26 04:30,1085
2019-11-26 04:35,1075
2019-11-26 04:40,1075
2019-11-26 04:45,1066
2019-11-26 04:50,1039
2019-11-26 04:55,1029
2019-11-26 05:00,1002
2019-11-26 05:05,991
2019-11-26 05:10,992
2019-11-26 05:15,976
2019-11-26 05:20,964
2019-11-26 05:25,973
2019-11-26 05:30,957
2019-11-26 05:35,959
2019-11-26 05:40,941
2019-11-26 05:45,943
2019-11-26 05:50,931
2019-11-26 05:55,915
2019-11-26 06:00,906
2019-11-26 06:05,888
2019-11-26 06:10,873
2019-11-26 06:15,857
2019-11-26 06:20,867
2019-11-26 06:25,847
2019-11-26 06:30,852
2019-11-26 06:35,841
2019-11-26 06:40,828
2019-11-26 06:45,824
2019-11-26 06:50,829
2019-11-26 06:55,828
2019-11-26 07:00,826
2019-11-26 07:05,826
2019-11-26 07:10,838
2019-11-26 07:15,835
2019-11-26 07:20,820
2019-11-26 07:25,823
2019-11-26 07:30,829
2019-11-26 07:35,833
2019-11-26 07:40,842
2019-11-26 07:45,841
2019-11-26 07:50,841
2019-11-26 07:55,852
2019-11-26 08:00,859
2019-11-26 08:05,861
2019-11-26 08:10,865
2019-11-26 08:15,866
2019-11-26 08:20,869
2019-11-26 08:25,869
2019-11-26 08:30,870
2019-11-26 08:35,884
2019-11-26 08:40,889
2019-11-26 08:45,899
2019-11-26 08:50,897
2019-11-26 08:55,899
2019-11-26 09:00,899
2019-11-26 09:05,906
2019-11-26 09:10,912
2019-11-26 09:15,909
2019-11-26 09:20,911
2019-11-26 09:25,925
2019-11-26 09:30,946
2019-11-26 09:35,943
2019-11-26 09:40,944
2019-11-26 09:45,949
2019-11-26 09:50,965
2019-11-26 09:55,972
2019-11-26 10:00,986
2019-11-26 10:05,1000
2019-11-26 10:10,1011
2019-11-26 10:15,1026
2019-11-26 10:20,1022
2019-11-26 10:25,1046
2019-11-26 10:30,1045
2019-11-26 10:35,1047
2019-11-26 10:40,1052
2019-11-26 10:45,1052
2019-11-26 10:50,1070
2019-11-26 10:55,1069
2019-11-26 11:00,1087
2019-11-26 11:05,1088
2019-11-26 11:10,1087
2019-11-26 11:15,1095
2019-11-26 11:20,1112
2019-11-26 11:25,1129
2019-11-26 11:30,1143
2019-11-26 11:35,1156
2019-11-26 11:40,1159
2019-11-26 11:45,1180
2019-11-26 11:50,1199
2019-11-26 11:55,1198
2019-11-26 12:00,1197
2019-11-26 12:05,1202
2019-11-26 12:10,1214
2019-11-26 12:15,1230
2019-11-26 12:20,1236
2019-11-26 12:25,1237
2019-11-26 12:30,1229
2019-11-26 12:35,1246
2019-11-26 12:40,1256
2019-11-26 12:45,1257
2019-11-26 12:50,1261
2019-11-26 12:55,1266
2019-11-26 13:00,1279
2019-11-26 13:05,1287
2019-11-26 13:10,1315
2019-11-26 13:15,1335
2019-11-26 13:20,1340
2019-11-26 13:25,1352
2019-11-26 13:30,1355
2019-11-26 13:35,1353
2019-11-26 13:40,1363
2019-11-26 13:45,1289
2019-11-26 13:50,1313
2019-11-26 13:55,1327
2019-11-26 14:00,1350
2019-11-26 14:05,1379
2019-11-26 14:10,1387
2019-11-26 14:15,1406
2019-11-26 14:20,1417
2019-11-26 14:25,1402
2019-11-26 14:30,1401
2019-11-26 14:35,1401
2019-11-26 14:40,1396
2019-11-26 14:45,1384
2019-11-26 14:50,1365
2019-11-26 14:55,1306
2019-11-26 15:00,1213
2019-11-26 15:05,
2019-11-26 15:10,822
2019-11-26 15:15,815
2019-11-26 15:20,801
2019-11-26 15:25,841
2019-11-26 15:30,856
2019-11-26 15:35,880
2019-11-26 15:40,874
2019-11-26 15:45,877
2019-11-26 15:50,875
2019-11-26 15:55,891
2019-11-26 16:00,925
2019-11-26 16:05,947
2019-11-26 16:10,943
2019-11-26 16:15,960
2019-11-26 16:20,985
2019-11-26 16:25,
2019-11-26 16:30,
2019-11-26 16:35,1023
2019-11-26 16:40,1100
2019-11-26 16:45,1219
2019-11-26 16:50,1307
2019-11-26 16:55,1387
2019-11-26 17:00,1464
2019-11-26 17:05,1541
2019-11-26 17:10,1629
2019-11-26 17:15,1705
2019-11-26 17:20,1784
2019-11-26 17:25,1836
2019-11-26 17:30,1872
2019-11-26 17:35,1895
2019-11-26 17:40,1923
2019-11-26 17:45,1938
2019-11-26 17:50,1981
2019-11-26 17:55,2009
2019-11-26 18:00,2063
2019-11-26 18:05,2085
2019-11-26 18:10,2085
2019-11-26 18:15,2093
2019-11-26 18:20,2089
2019-11-26 18:25,2101
2019-11-26 18:30,2084
2019-11-26 18:35,2076
2019-11-26 18:40,2089
2019-11-26 18:45,2099
2019-11-26 18:50,2089
2019-11-26 18:55,2096
2019-11-26 19:00,2122
2019-11-26 19:05,2115
2019-11-26 19:10,2121
2019-11-26 19:15,2102
2019-11-26 19:20,2084
2019-11-26 19:25,2078
2019-11-26 19:30,2001
2019-11-26 19:35,1985
2019-11-26 19:40,1988
2019-11-26 19:45,1991
2019-11-26 19:50,1987
2019-11-26 19:55,1975
2019-11-26 20:00,1967
2019-11-26 20:05,1973
2019-11-26 20:10,1988
2019-11-26 20:15,1988
2019-11-26 20:20,1991
2019-11-26 20:25,1998
2019-11-26 20:30,2000
2019-11-26 20:35,1980
2019-11-26 20:40,1977
2019-11-26 20:45,1970
2019-11-26 20:50,1952
2019-11-26 20:55,1927
2019-11-26 21:00,1913
2019-11-26 21:05,1901
2019-11-26 21:10,1901
2019-11-26 21:15,1881
2019-11-26 21:20,1845
2019-11-26 21:25,1840
2019-11-26 21:30,1822
2019-11-26 21:35,1820
2019-11-26 21:40,1814
2019-11-26 21:45,1789
2019-11-26 21:50,1762
2019-11-26 21:55,1743
2019-11-26 22:00,1733
2019-11-26 22:05,1649
2019-11-26 22:10,1662
2019-11-26 22:15,1644
2019-11-26 22:20,1649
2019-11-26 22:25,1645
2019-11-26 22:30,1642
2019-11-26 22:35,1642
2019-11-26 22:40,1640
2019-11-26 22:45,1628
2019-11-26 22:50,1607
2019-11-26 22:55,1581
2019-11-26 23:00,1570
2019-11-26 23:05,1568
2019-11-26 23:10,1550
2019-11-26 23:15,1558
2019-11-26 23:20,1555
2019-11-26 23:25,1542
2019-11-26 23:30,1517
2019-11-26 23:35,1524
2019-11-26 23:40,1509
2019-11-26 23:45,1506
2019-11-26 23:50,1501
2019-11-26 23:55,1482
2019-11-27 00:00,1455
2019-11-27 00:05,1441
2019-11-27 00:10,1427
2019-11-27 00:15,1420
2019-11-27 00:20,1412
2019-11-27 00:25,1392
2019-11-27 00:30,1389
2019-11-27 00:35,1373
2019-11-27 00:40,1368
2019-11-27 00:45,1346
2019-11-27 00:50,1355
2019-11-27 00:55,1328
2019-11-27 01:00,1314
2019-11-27 01:05,1289
2019-11-27 01:10,1281
2019-11-27 01:15,1285
2019-11-27 01:20,1278
2019-11-27 01:25,1271
2019-11-27 01:30,1276
2019-11-27 01:35,1280
2019-11-27 01:40,1293
2019-11-27 01:45,1285
2019-11-27 01:50,1288
2019-11-27 01:55,1285
2019-11-27 02:00,1280
2019-11-27 02:05,1271
2019-11-27 02:10,1274
2019-11-27 02:15,1271
2019-11-27 02:20,1269
2019-11-27 02:25,1269
2019-11-27 02:30,1269
2019-11-27 02:35,1258
2019-11-27 02:40,1232
2019-11-27 02:45,1218
2019-11-27 02:50,1210
2019-11-27 02:55,1197
2019-11-27 03:00,1210
2019-11-27 03:05,1215
2019-11-27 03:10,1217
2019-11-27 03:15,1217
2019-11-27 03:20,1195
2019-11-27 03:25,1212
2019-11-27 03:30,1193
2019-11-27 03:35,1182
2019-11-27 03:40,1170
2019-11-27 03:45,1157
2019-11-27 03:50,1153
2019-11-27 03:55,1150
2019-11-27 04:00,1130
2019-11-27 04:05,1111
2019-11-27 04:10,1103
2019-11-27 04:15,1102
2019-11-27 04:20,1093
2019-11-27 04:25,1080
2019-11-27 04:30,1073
2019-11-27 04:35,1061
2019-11-27 04:40,1061
2019-11-27 04:45,1067
2019-11-27 04:50,1039
2019-11-27 04:55,1037
2019-11-27 05:00,1020
2019-11-27 05:05,1010
2019-11-27 05:10,1009
2019-11-27 05:15,1013
2019-11-27 05:20,986
2019-11-27 05:25,987
2019-11-27 05:30,980
2019-11-27 05:35,1001
2019-11-27 05:40,988
2019-11-27 05:45,978
2019-11-27 05:50,965
2019-11-27 05:55,949
2019-11-27 06:00,941
2019-11-27 06:05,909
2019-11-27 06:10,900
2019-11-27 06:15,899
2019-11-27 06:20,877
2019-11-27 06:25,884
2019-11-27 06:30,882
2019-11-27 06:35,867
2019-11-27 06:40,869
2019-11-27 06:45,875
2019-11-27 06:50,868
2019-11-27 06:55,867
2019-11-27 07:00,872
2019-11-27 07:05,861
2019-11-27 07:10,861
2019-11-27 07:15,857
2019-11-27 07:20,865
2019-11-27 07:25,876
2019-11-27 07:30,871
2019-11-27 07:35,877
2019-11-27 07:40,877
2019-11-27 07:45,888
2019-11-27 07:50,880
2019-11-27 07:55,888
2019-11-27 08:00,887
2019-11-27 08:05,879
2019-11-27 08:10,889
2019-11-27 08:15,880
2019-11-27 08:20,861
2019-11-27 08:25,865
2019-11-27 08:30,867
2019-11-27 08:35,884
2019-11-27 08:40,883
2019-11-27 08:45,894
2019-11-27 08:50,884
2019-11-27 08:55,883
2019-11-27 09:00,890
2019-11-27 09:05,888
2019-11-27 09:10,883
2019-11-27 09:15,890
2019-11-27 09:20,891
2019-11-27 09:25,908
2019-11-27 09:30,917
2019-11-27 09:35,919
2019-11-27 09:40,937
2019-11-27 09:45,954
2019-11-27 09:50,971
2019-11-27 09:55,975
2019-11-27 10:00,984
2019-11-27 10:05,1005
2019-11-27 10:10,1018
2019-11-27 10:15,1038
2019-11-27 10:20,1029
2019-11-27 10:25,1031
2019-11-27 10:30,1047
2019-11-27 10:35,1068
2019-11-27 10:40,1073
2019-11-27 10:45,1075
2019-11-27 10:50,1074
2019-11-27 10:55,1071
2019-11-27 11:00,1058
2019-11-27 11:05,1076
2019-11-27 11:10,1091
2019-11-27 11:15,1071
2019-11-27 11:20,1080
2019-11-27 11:25,1097
2019-11-27 11:30,1110
2019-11-27 11:35,1114
2019-11-27 11:40,1111
2019-11-27 11:45,1123
2019-11-27 11:50,1104
2019-11-27 11:55,1107
2019-11-27 12:00,1118
2019-11-27 12:05,1126
2019-11-27 12:10,1124
2019-11-27 12:15,1133
2019-11-27 12:20,1136
2019-11-27 12:25,1137
2019-11-27 12:30,1168
2019-11-27 12:35,1160
2019-11-27 12:40,1156
2019-11-27 12:45,1140
2019-11-27 12:50,1175
2019-11-27 12:55,1203
2019-11-27 13:00,1210
2019-11-27 13:05,1247
2019-11-27 13:10,1252
2019-11-27 13:15,1256
2019-11-27 13:20,1291
2019-11-27 13:25,1315
2019-11-27 13:30,1327
2019-11-27 13:35,1333
2019-11-27 13:40,1324
2019-11-27 13:45,1344
2019-11-27 13:50,1354
2019-11-27 13:55,1366
2019-11-27 14:00,1375
2019-11-27 14:05,1393
2019-11-27 14:10,1411
2019-11-27 14:15,1430
2019-11-27 14:20,1451
2019-11-27 14:25,1463
2019-11-27 14:30,1452
2019-11-27 14:35,1464
2019-11-27 14:40,1480
2019-11-27 14:45,1495
2019-11-27 14:50,1506
2019-11-27 14:55,1535
2019-11-27 15:00,1547
2019-11-27 15:05,1567
2019-11-27 15:10,1566
2019-11-27 15:15,1586
2019-11-27 15:20,1599
2019-11-27 15:25,1595
2019-11-27 15:30,1636
2019-11-27 15:35,1668
2019-11-27 15:40,1661
2019-11-27 15:45,1663
2019-11-27 15:50,1682
2019-11-27 15:55,1673
2019-11-27 16:00,1678
2019-11-27 16:05,1659
2019-11-27 16:10,1654
2019-11-27 16:15,1650
2019-11-27 16:20,1680
2019-11-27 16:25,1723
2019-11-27 16:30,1736
2019-11-27 16:35,1760
2019-11-27 16:40,1777
2019-11-27 16:45,1797
2019-11-27 16:50,1799
2019-11-27 16:55,1820
2019-11-27 17:00,1804
2019-11-27 17:05,1838
2019-11-27 17:10,1882
2019-11-27 17:15,1887
2019-11-27 17:20,1892
2019-11-27 17:25,1903
2019-11-27 17:30,1925
2019-11-27 17:35,1939
2019-11-27 17:40,1950
2019-11-27 17:45,1955
2019-11-27 17:50,1959
2019-11-27 17:55,1988
2019-11-27 18:00,1984
2019-11-27 18:05,1993
2019-11-27 18:10,1995
2019-11-27 18:15,2015
2019-11-27 18:20,2005
2019-11-27 18:25,2006
2019-11-27 18:30,2002
2019-11-27 18:35,2022
2019-11-27 18:40,2029
2019-11-27 18:45,2031
2019-11-27 18:50,2050
2019-11-27 18:55,2046
2019-11-27 19:00,2064
2019-11-27 19:05,2049
2019-11-27 19:10,2069
2019-11-27 19:15,2056
2019-11-27 19:20,2073
2019-11-27 19:25,2087
2019-11-27 19:30,2077
2019-11-27 19:35,2061
2019-11-27 19:40,2059
2019-11-27 19:45,2049
2019-11-27 19:50,2047
2019-11-27 19:55,2044
2019-11-27 20:00,2029
2019-11-27 20:05,2032
2019-11-27 20:10,2043
2019-11-27 20:15,2012
2019-11-27 20:20,2005
2019-11-27 20:25,1996
2019-11-27 20:30,1985
2019-11-27 20:35,1959
2019-11-27 20:40,1955
2019-11-27 20:45,1917
2019-11-27 20:50,1909
2019-11-27 20:55,1916
2019-11-27 21:00,1897
2019-11-27 21:05,1892
2019-11-27 21:10,1860
2019-11-27 21:15,1848
2019-11-27 21:20,1852
2019-11-27 21:25,1819
2019-11-27 21:30,1784
2019-11-27 21:35,1750
2019-11-27 21:40,1729
2019-11-27 21:45,1735
2019-11-27 21:50,1708
2019-11-27 21:55,1688
2019-11-27 22:00,1683
2019-11-27 22:05,1667
2019-11-27 22:10,1651
2019-11-27 22:15,1660
2019-11-27 22:20,1642
2019-11-27 22:25,1630
2019-11-27 22:30,1610
2019-11-27 22:35,1606
2019-11-27 22:40,1568
2019-11-27 22:45,1536
2019-11-27 22:50,1536
2019-11-27 22:55,1529
2019-11-27 23:00,1519
2019-11-27 23:05,1522
2019-11-27 23:10,1522
2019-11-27 23:15,1528
2019-11-27 23:20,1535
2019-11-27 23:25,1523
2019-11-27 23:30,1528
2019-11-27 23:35,1520
2019-11-27 23:40,1514
2019-11-27 23:45,1491
2019-11-27 23:50,1471
2019-11-27 23:55,1466
2019-11-28 00:00,1472
2019-11-28 00:05,1458
2019-11-28 00:10,1443
2019-11-28 00:15,1420
2019-11-28 00:20,1410
2019-11-28 00:25,1399
2019-11-28 00:30,1411
2019-11-28 00:35,1411
2019-11-28 00:40,1400
2019-11-28 00:45,1379
2019-11-28 00:50,1379
2019-11-28 00:55,1366
2019-11-28 01:00,1362
2019-11-28 01:05,1371
2019-11-28 01:10,1353
2019-11-28 01:15,1345
2019-11-28 01:20,1342
2019-11-28 01:25,1323
2019-11-28 01:30,1292
2019-11-28 01:35,1289
2019-11-28 01:40,1284
2019-11-28 01:45,1289
2019-11-28 01:50,1294
2019-11-28 01:55,1280
2019-11-28 02:00,1263
2019-11-28 02:05,1275
2019-11-28 02:10,1275
2019-11-28 02:15,1282
2019-11-28 02:20,1273
2019-11-28 02:25,1255
2019-11-28 02:30,1248
2019-11-28 02:35,1241
2019-11-28 02:40,1244
2019-11-28 02:45,1234
2019-11-28 02:50,1236
2019-11-28 02:55,1233
2019-11-28 03:00,1232
2019-11-28 03:05,1229
2019-11-28 03:10,1214
2019-11-28 03:15,1196
2019-11-28 03:20,1186
2019-11-28 03:25,1179
2019-11-28 03:30,1166
2019-11-28 03:35,1157
2019-11-28 03:40,1153
2019-11-28 03:45,1159
2019-11-28 03:50,1149
2019-11-28 03:55,1141
2019-11-28 04:00,1129
2019-11-28 04:05,1114
2019-11-28 04:10,1124
2019-11-28 04:15,1120
2019-11-28 04:20,1107
2019-11-28 04:25,1114
2019-11-28 04:30,1102
2019-11-28 04:35,1088
2019-11-28 04:40,1089
2019-11-28 04:45,1065
2019-11-28 04:50,1038
2019-11-28 04:55,1027
2019-11-28 05:00,1024
2019-11-28 05:05,1008
2019-11-28 05:10,997
2019-11-28 05:15,999
2019-11-28 05:20,978
2019-11-28 05:25,989
2019-11-28 05:30,988
2019-11-28 05:35,997
2019-11-28 05:40,988
2019-11-28 05:45,984
2019-11-28 05:50,971
2019-11-28 05:55,966
2019-11-28 06:00,957
2019-11-28 06:05,966
2019-11-28 06:10,945
2019-11-28 06:15,935
2019-11-28 06:20,918
2019-11-28 06:25,918
2019-11-28 06:30,908
2019-11-28 06:35,909
2019-11-28 06:40,905
2019-11-28 06:45,908
2019-11-28 06:50,913
2019-11-28 06:55,913
2019-11-28 07:00,906
2019-11-28 07:05,910
2019-11-28 07:10,902
2019-11-28 07:15,895
2019-11-28 07:20,894
2019-11-28 07:25,894
2019-11-28 07:30,898
2019-11-28 07:35,901
2019-11-28 07:40,898
2019-11-28 07:45,887
2019-11-28 07:50,877
2019-11-28 07:55,869
2019-11-28 08:00,851
2019-11-28 08:05,854
2019-11-28 08:10,854
2019-11-28 08:15,858
2019-11-28 08:20,862
2019-11-28 08:25,891
2019-11-28 08:30,884
2019-11-28 08:35,882
2019-11-28 08:40,902
2019-11-28 08:45,898
2019-11-28 08:50,879
2019-11-28 08:55,883
2019-11-28 09:00,893
2019-11-28 09:05,899
2019-11-28 09:10,902
2019-11-28 09:15,909
2019-11-28 09:20,910
2019-11-28 09:25,926
2019-11-28 09:30,927
2019-11-28 09:35,925
2019-11-28 09:40,928
2019-11-28 09:45,939
2019-11-28 09:50,927
2019-11-28 09:55,926
2019-11-28 10:00,943
2019-11-28 10:05,958
2019-11-28 10:10,975
2019-11-28 10:15,1004
2019-11-28 10:20,1009
2019-11-28 10:25,1016
2019-11-28 10:30,1027
2019-11-28 10:35,1040
2019-11-28 10:40,1030
2019-11-28 10:45,1046
2019-11-28 10:50,1041
2019-11-28 10:55,1053
2019-11-28 11:00,1054
2019-11-28 11:05,1071
2019-11-28 11:10,1076
2019-11-28 11:15,1070
2019-11-28 11:20,1094
2019-11-28 11:25,1106
2019-11-28 11:30,1131
2019-11-28 11:35,1134
2019-11-28 11:40,1143
2019-11-28 11:45,1144
2019-11-28 11:50,1148
2019-11-28 11:55,1160
2019-11-28 12:00,1174
2019-11-28 12:05,1182
2019-11-28 12:10,1204
2019-11-28 12:15,1219
2019-11-28 12:20,1211
2019-11-28 12:25,1201
2019-11-28 12:30,1223
2019-11-28 12:35,1223
2019-11-28 12:40,1236
2019-11-28 12:45,1243
2019-11-28 12:50,1248
2019-11-28 12:55,1269
2019-11-28 13:00,1273
2019-11-28 13:05,1279
2019-11-28 13:10,1305
2019-11-28 13:15,1302
2019-11-28 13:20,1301
2019-11-28 13:25,1307
2019-11-28 13:30,1312
2019-11-28 13:35,1330
2019-11-28 13:40,1359
2019-11-28 13:45,1360
2019-11-28 13:50,1372
2019-11-28 13:55,1390
2019-11-28 14:00,1420
2019-11-28 14:05,1438
2019-11-28 14:10,1435
2019-11-28 14:15,1449
2019-11-28 14:20,1460
2019-11-28 14:25,1462
2019-11-28 14:30,1490
2019-11-28 14:35,1505
2019-11-28 14:40,1508
2019-11-28 14:45,1510
2019-11-28 14:50,1517
2019-11-28 14:55,1520
2019-11-28 15:00,1551
2019-11-28 15:05,1556
2019-11-28 15:10,1572
2019-11-28 15:15,1577
2019-11-28 15:20,1588
2019-11-28 15:25,1615
2019-11-28 15:30,1639
2019-11-28 15:35,1659
2019-11-28 15:40,1659
2019-11-28 15:45,1698
2019-11-28 15:50,1714
2019-11-28 15:55,1718
2019-11-28 16:00,1720
2019-11-28 16:05,1716
2019-11-28 16:10,1752
2019-11-28 16:15,1756
2019-11-28 16:20,1747
2019-11-28 16:25,1767
2019-11-28 16:30,1778
2019-11-28 16:35,1799
2019-11-28 16:40,1816
2019-11-28 16:45,1820
2019-11-28 16:50,1832
2019-11-28 16:55,1841
2019-11-28 17:00,1843
2019-11-28 17:05,1860
2019-11-28 17:10,1870
2019-11-28 17:15,1881
2019-11-28 17:20,1907
2019-11-28 17:25,1909
2019-11-28 17:30,1932
2019-11-28 17:35,1927
2019-11-28 17:40,1948
2019-11-28 17:45,1962
2019-11-28 17:50,1972
2019-11-28 17:55,2000
2019-11-28 18:00,2019
2019-11-28 18:05,2009
2019-11-28 18:10,1998
2019-11-28 18:15,2016
2019-11-28 18:20,2017
2019-11-28 18:25,2048
2019-11-28 18:30,2035
2019-11-28 18:35,2026
2019-11-28 18:40,2001
2019-11-28 18:45,1994
2019-11-28 18:50,2000
2019-11-28 18:55,2003
2019-11-28 19:00,2001
2019-11-28 19:05,2004
2019-11-28 19:10,2023
2019-11-28 19:15,2027
2019-11-28 19:20,2013
2019-11-28 19:25,2025
2019-11-28 19:30,2029
2019-11-28 19:35,2023
2019-11-28 19:40,2009
2019-11-28 19:45,1993
2019-11-28 19:50,2003
2019-11-28 19:55,1997
2019-11-28 20:00,1990
2019-11-28 20:05,1976
2019-11-28 20:10,1986
2019-11-28 20:15,1968
2019-11-28 20:20,1974
2019-11-28 20:25,1965
2019-11-28 20:30,1955
2019-11-28 20:35,1940
2019-11-28 20:40,1940
2019-11-28 20:45,1924
2019-11-28 20:50,1912
2019-11-28 20:55,1890
2019-11-28 21:00,1888
2019-11-28 21:05,1880
2019-11-28 21:10,1859
2019-11-28 21:15,1831
2019-11-28 21:20,1812
2019-11-28 21:25,1797
2019-11-28 21:30,1772
2019-11-28 21:35,1758
2019-11-28 21:40,1734
2019-11-28 21:45,1708
2019-11-28 21:50,1697
2019-11-28 21:55,1675
2019-11-28 22:00,1667
2019-11-28 22:05,1639
2019-11-28 22:10,1616
2019-11-28 22:15,1600
2019-11-28 22:20,1584
2019-11-28 22:25,1575
2019-11-28 22:30,1561
2019-11-28 22:35,1514
2019-11-28 22:40,1504
2019-11-28 22:45,1486
2019-11-28 22:50,1466
2019-11-28 22:55,1457
2019-11-28 23:00,1460
2019-11-28 23:05,1443
2019-11-28 23:10,1428
2019-11-28 23:15,1399
2019-11-28 23:20,1396
2019-11-28 23:25,1378
2019-11-28 23:30,1374
2019-11-28 23:35,1350
2019-11-28 23:40,1324
2019-11-28 23:45,1321
2019-11-28 23:50,1334
2019-11-28 23:55,1331
2019-11-29 00:00,1317
2019-11-29 00:05,1307
2019-11-29 00:10,1302
2019-11-29 00:15,1296
2019-11-29 00:20,1275
2019-11-29 00:25,1256
2019-11-29 00:30,1251
2019-11-29 00:35,1236
2019-11-29 00:40,1250
2019-11-29 00:45,1235
2019-11-29 00:50,1235
2019-11-29 00:55,1233
2019-11-29 01:00,1228
2019-11-29 01:05,1225
2019-11-29 01:10,1232
2019-11-29 01:15,1231
2019-11-29 01:20,1231
2019-11-29 01:25,1213
2019-11-29 01:30,1215
2019-11-29 01:35,1224
2019-11-29 01:40,1228
2019-11-29 01:45,1240
2019-11-29 01:50,1224
2019-11-29 01:55,1235
2019-11-29 02:00,1217
2019-11-29 02:05,1217
2019-11-29 02:10,1218
2019-11-29 02:15,1209
2019-11-29 02:20,1196
2019-11-29 02:25,1203
2019-11-29 02:30,1197
2019-11-29 02:35,1186
2019-11-29 02:40,1200
2019-11-29 02:45,1214
2019-11-29 02:50,1186
2019-11-29 02:55,1189
2019-11-29 03:00,1182
2019-11-29 03:05,1187
2019-11-29 03:10,1178
2019-11-29 03:15,1178
2019-11-29 03:20,1186
2019-11-29 03:25,1177
2019-11-29 03:30,1144
2019-11-29 03:35,1139
2019-11-29 03:40,1143
2019-11-29 03:45,1133
2019-11-29 03:50,1120
2019-11-29 03:55,1108
2019-11-29 04:00,1099
2019-11-29 04:05,1095
2019-11-29 04:10,1079
2019-11-29 04:15,1068
2019-11-29 04:20,1067
2019-11-29 04:25,1070
2019-11-29 04:30,1069
2019-11-29 04:35,1054
2019-11-29 04:40,1026
2019-11-29 04:45,995
2019-11-29 04:50,986
2019-11-29 04:55,988
2019-11-29 05:00,989
2019-11-29 05:05,987
2019-11-29 05:10,992
2019-11-29 05:15,992
2019-11-29 05:20,982
2019-11-29 05:25,981
2019-11-29 05:30,963
2019-11-29 05:35,962
2019-11-29 05:40,943
2019-11-29 05:45,957
2019-11-29 05:50,943
2019-11-29 05:55,944
2019-11-29 06:00,933
2019-11-29 06:05,927
2019-11-29 06:10,913
2019-11-29 06:15,916
2019-11-29 06:20,907
2019-11-29 06:25,903
2019-11-29 06:30,897
2019-11-29 06:35,905
2019-11-29 06:40,915
2019-11-29 06:45,913
2019-11-29 06:50,927
2019-11-29 06:55,927
2019-11-29 07:00,917
2019-11-29 07:05,914
2019-11-29 07:10,905
2019-11-29 07:15,896
2019-11-29 07:20,898
2019-11-29 07:25,902
2019-11-29 07:30,904
2019-11-29 07:35,915
2019-11-29 07:40,894
2019-11-29 07:45,892
2019-11-29 07:50,899
2019-11-29 07:55,892
2019-11-29 08:00,882
2019-11-29 08:05,880
2019-11-29 08:10,869
2019-11-29 08:15,856
2019-11-29 08:20,870
2019-11-29 08:25,880
2019-11-29 08:30,882
2019-11-29 08:35,880
2019-11-29 08:40,878
2019-11-29 08:45,871
2019-11-29 08:50,875
2019-11-29 08:55,891
2019-11-29 09:00,893
2019-11-29 09:05,904
2019-11-29 09:10,908
2019-11-29 09:15,914
2019-11-29 09:20,925
2019-11-29 09:25,920
2019-11-29 09:30,924
2019-11-29 09:35,939
2019-11-29 09:40,929
2019-11-29 09:45,945
2019-11-29 09:50,959
2019-11-29 09:55,941
2019-11-29 10:00,957
2019-11-29 10:05,977
2019-11-29 10:10,970
2019-11-29 10:15,998
2019-11-29 10:20,1020
2019-11-29 10:25,1023
2019-11-29 10:30,1026
2019-11-29 10:35,1037
2019-11-29 10:40,1044
2019-11-29 10:45,1048
2019-11-29 10:50,1055
2019-11-29 10:55,1059
2019-11-29 11:00,1054
2019-11-29 11:05,1069
2019-11-29 11:10,1064
2019-11-29 11:15,1079
2019-11-29 11:20,1089
2019-11-29 11:25,1088
2019-11-29 11:30,1111
2019-11-29 11:35,1119
2019-11-29 11:40,1119
2019-11-29 11:45,1124
2019-11-29 11:50,1139
2019-11-29 11:55,1157
2019-11-29 12:00,1172
2019-11-29 12:05,1195
2019-11-29 12:10,1208
2019-11-29 12:15,1210
2019-11-29 12:20,1219
2019-11-29 12:25,1231
2019-11-29 12:30,1224
2019-11-29 12:35,1251
2019-11-29 12:40,1256
2019-11-29 12:45,1263
2019-11-29 12:50,1266
2019-11-29 12:55,1279
2019-11-29 13:00,1304
2019-11-29 13:05,1305
2019-11-29 13:10,1308
2019-11-29 13:15,1301
2019-11-29 13:20,1310
2019-11-29 13:25,1321
2019-11-29 13:30,1323
2019-11-29 13:35,1333
2019-11-29 13:40,1336
2019-11-29 13:45,1351
2019-11-29 13:50,1355
2019-11-29 13:55,1369
2019-11-29 14:00,1379
2019-11-29 14:05,1400
2019-11-29 14:10,1418
2019-11-29 14:15,1428
2019-11-29 14:20,1435
2019-11-29 14:25,1440
2019-11-29 14:30,1452
2019-11-29 14:35,1469
2019-11-29 14:40,1499
2019-11-29 14:45,1519
2019-11-29 14:50,1508
2019-11-29 14:55,1525
2019-11-29 15:00,1547
2019-11-29 15:05,1544
2019-11-29 15:10,1558
2019-11-29 15:15,1560
2019-11-29 15:20,1559
2019-11-29 15:25,1574
2019-11-29 15:30,1574
2019-11-29 15:35,1583
2019-11-29 15:40,1580
2019-11-29 15:45,1591
2019-11-29 15:50,1613
2019-11-29 15:55,1617
2019-11-29 16:00,1633
2019-11-29 16:05,1634
2019-11-29 16:10,1688
2019-11-29 16:15,1711
2019-11-29 16:20,1712
2019-11-29 16:25,1712
2019-11-29 16:30,1714
2019-11-29 16:35,1733
2019-11-29 16:40,1754
2019-11-29 16:45,1765
2019-11-29 16:50,1753
2019-11-29 16:55,1768
2019-11-29 17:00,1795
2019-11-29 17:05,1809
2019-11-29 17:10,1810
2019-11-29 17:15,1821
2019-11-29 17:20,1868
2019-11-29 17:25,1876
2019-11-29 17:30,1890
2019-11-29 17:35,1892
2019-11-29 17:40,1901
2019-11-29 17:45,1906
2019-11-29 17:50,1904
2019-11-29 17:55,1909
2019-11-29 18:00,1916
2019-11-29 18:05,1907
2019-11-29 18:10,1909
2019-11-29 18:15,1925
2019-11-29 18:20,1925
2019-11-29 18:25,1931
2019-11-29 18:30,1947
2019-11-29 18:35,1966
2019-11-29 18:40,1963
2019-11-29 18:45,1965
2019-11-29 18:50,1950
2019-11-29 18:55,1961
2019-11-29 19:00,1966
2019-11-29 19:05,1979
2019-11-29 19:10,1984
2019-11-29 19:15,1987
2019-11-29 19:20,1977
2019-11-29 19:25,1982
2019-11-29 19:30,1964
2019-11-29 19:35,1966
2019-11-29 19:40,1971
2019-11-29 19:45,1969
2019-11-29 19:50,1977
2019-11-29 19:55,1975
2019-11-29 20:00,1966
2019-11-29 20:05,1966
2019-11-29 20:10,1964
2019-11-29 20:15,1964
2019-11-29 20:20,1978
2019-11-29 20:25,1963
2019-11-29 20:30,1954
2019-11-29 20:35,1971
2019-11-29 20:40,1971
2019-11-29 20:45,1983
2019-11-29 20:50,1956
2019-11-29 20:55,1968
2019-11-29 21:00,1961
2019-11-29 21:05,1948
2019-11-29 21:10,1940
2019-11-29 21:15,1946
2019-11-29 21:20,1920
2019-11-29 21:25,1935
2019-11-29 21:30,1926
2019-11-29 21:35,1917
2019-11-29 21:40,1909
2019-11-29 21:45,1904
2019-11-29 21:50,1900
2019-11-29 21:55,1915
2019-11-29 22:00,1923
2019-11-29 22:05,1915
2019-11-29 22:10,1873
2019-11-29 22:15,1853
2019-11-29 22:20,1833
2019-11-29 22:25,1805
2019-11-29 22:30,1823
2019-11-29 22:35,1805
2019-11-29 22:40,1759
2019-11-29 22:45,1750
2019-11-29 22:50,1738
2019-11-29 22:55,1720
2019-11-29 23:00,1694
2019-11-29 23:05,1683
2019-11-29 23:10,1680
2019-11-29 23:15,1673
2019-11-29 23:20,1664
2019-11-29 23:25,1650
2019-11-29 23:30,1639
2019-11-29 23:35,1634
2019-11-29 23:40,1603
2019-11-29 23:45,1576
2019-11-29 23:50,1585
2019-11-29 23:55,1587
2019-11-30 00:00,1573
2019-11-30 00:05,1560
2019-11-30 00:10,1554
2019-11-30 00:15,1552
2019-11-30 00:20,1518
2019-11-30 00:25,1500
2019-11-30 00:30,1488
2019-11-30 00:35,1463
2019-11-30 00:40,1462
2019-11-30 00:45,1455
2019-11-30 00:50,1456
2019-11-30 00:55,1455
2019-11-30 01:00,1439
2019-11-30 01:05,1441
2019-11-30 01:10,1427
2019-11-30 01:15,1415
2019-11-30 01:20,1411
2019-11-30 01:25,1403
2019-11-30 01:30,1393
2019-11-30 01:35,1386
2019-11-30 01:40,1383
2019-11-30 01:45,1380
2019-11-30 01:50,1381
2019-11-30 01:55,1367
2019-11-30 02:00,1376
2019-11-30 02:05,1376
2019-11-30 02:10,1370
2019-11-30 02:15,1374
2019-11-30 02:20,1367
2019-11-30 02:25,1351
2019-11-30 02:30,1344
2019-11-30 02:35,1337
2019-11-30 02:40,1338
2019-11-30 02:45,1330
2019-11-30 02:50,1320
2019-11-30 02:55,1312
2019-11-30 03:00,1308
2019-11-30 03:05,1292
2019-11-30 03:10,1284
2019-11-30 03:15,1273
2019-11-30 03:20,1269
2019-11-30 03:25,1260
2019-11-30 03:30,1255
2019-11-30 03:35,1240
2019-11-30 03:40,1229
2019-11-30 03:45,1221
2019-11-30 03:50,1223
2019-11-30 03:55,1232
2019-11-30 04:00,1210
2019-11-30 04:05,1219
2019-11-30 04:10,1202
2019-11-30 04:15,1192
2019-11-30 04:20,1197
2019-11-30 04:25,1199
2019-11-30 04:30,1177
2019-11-30 04:35,1170
2019-11-30 04:40,1179
2019-11-30 04:45,1170
2019-11-30 04:50,1175
2019-11-30 04:55,1163
2019-11-30 05:00,1149
2019-11-30 05:05,1144
2019-11-30 05:10,1146
2019-11-30 05:15,1134
2019-11-30 05:20,1146
2019-11-30 05:25,1134
2019-11-30 05:30,1131
2019-11-30 05:35,1133
2019-11-30 05:40,1124
2019-11-30 05:45,1122
2019-11-30 05:50,1119
2019-11-30 05:55,1126
2019-11-30 06:00,1112
2019-11-30 06:05,1099
2019-11-30 06:10,1091
2019-11-30 06:15,1093
2019-11-30 06:20,1091
2019-11-30 06:25,1094
2019-11-30 06:30,1092
2019-11-30 06:35,1079
2019-11-30 06:40,1066
2019-11-30 06:45,1055
2019-11-30 06:50,1049
2019-11-30 06:55,1032
2019-11-30 07:00,1012
2019-11-30 07:05,1030
2019-11-30 07:10,1031
2019-11-30 07:15,1014
2019-11-30 07:20,1011
2019-11-30 07:25,1008
2019-11-30 07:30,1016
2019-11-30 07:35,1024
2019-11-30 07:40,1012
2019-11-30 07:45,1014
2019-11-30 07:50,1028
2019-11-30 07:55,1054
2019-11-30 08:00,1065
2019-11-30 08:05,1068
2019-11-30 08:10,1066
2019-11-30 08:15,1067
2019-11-30 08:20,1083
2019-11-30 08:25,1083
2019-11-30 08:30,1099
2019-11-30 08:35,1103
2019-11-30 08:40,1098
2019-11-30 08:45,1101
2019-11-30 08:50,1111
2019-11-30 08:55,1114
2019-11-30 09:00,1124
2019-11-30 09:05,1142
2019-11-30 09:10,1143
2019-11-30 09:15,1156
2019-11-30 09:20,1175
2019-11-30 09:25,1170
2019-11-30 09:30,1202
2019-11-30 09:35,1202
2019-11-30 09:40,1208
2019-11-30 09:45,1217
2019-11-30 09:50,1232
2019-11-30 09:55,1241
2019-11-30 10:00,1267
2019-11-30 10:05,1285
2019-11-30 10:10,1299
2019-11-30 10:15,1316
2019-11-30 10:20,1323
2019-11-30 10:25,1343
2019-11-30 10:30,1350
2019-11-30 10:35,1364
2019-11-30 10:40,1379
2019-11-30 10:45,1374
2019-11-30 10:50,1399
2019-11-30 10:55,1422
2019-11-30 11:00,1445
2019-11-30 11:05,1448
2019-11-30 11:10,1452
2019-11-30 11:15,1452
2019-11-30 11:20,1454
2019-11-30 11:25,1427
2019-11-30 11:30,1426
2019-11-30 11:35,1426
2019-11-30 11:40,1439
2019-11-30 11:45,1449
2019-11-30 11:50,1450
2019-11-30 11:55,1427
2019-11-30 12:00,1439
2019-11-30 12:05,1463
2019-11-30 12:10,1455
2019-11-30 12:15,1463
2019-11-30 12:20,1483
2019-11-30 12:25,1483
2019-11-30 12:30,1489
2019-11-30 12:35,1495
2019-11-30 12:40,1479
2019-11-30 12:45,1521
2019-11-30 12:50,1545
2019-11-30 12:55,1545
2019-11-30 13:00,1526
2019-11-30 13:05,1539
2019-11-30 13:10,1563
2019-11-30 13:15,1583
2019-11-30 13:20,1596
2019-11-30 13:25,1611
2019-11-30 13:30,1632
2019-11-30 13:35,1632
2019-11-30 13:40,1638
2019-11-30 13:45,1641
2019-11-30 13:50,1626
2019-11-30 13:55,1627
2019-11-30 14:00,1663
2019-11-30 14:05,1665
2019-11-30 14:10,1685
2019-11-30 14:15,1675
2019-11-30 14:20,1673
2019-11-30 14:25,1690
2019-11-30 14:30,1715
2019-11-30 14:35,1706
2019-11-30 14:40,1719
2019-11-30 14:45,1749
2019-11-30 14:50,1763
2019-11-30 14:55,1790
2019-11-30 15:00,1814
2019-11-30 15:05,1810
2019-11-30 15:10,1809
2019-11-30 15:15,1815
2019-11-30 15:20,1817
2019-11-30 15:25,1839
2019-11-30 15:30,1852
2019-11-30 15:35,1867
2019-11-30 15:40,1879
2019-11-30 15:45,1897
2019-11-30 15:50,1904
2019-11-30 15:55,1919
2019-11-30 16:00,1924
2019-11-30 16:05,1924
2019-11-30 16:10,1927
2019-11-30 16:15,1902
2019-11-30 16:20,1905
2019-11-30 16:25,1903
2019-11-30 16:30,1935
2019-11-30 16:35,1947
2019-11-30 16:40,1970
2019-11-30 16:45,1991
2019-11-30 16:50,2000
2019-11-30 16:55,1999
2019-11-30 17:00,2001
2019-11-30 17:05,2010
2019-11-30 17:10,2013
2019-11-30 17:15,2028
2019-11-30 17:20,2049
2019-11-30 17:25,2054
2019-11-30 17:30,2063
2019-11-30 17:35,2072
2019-11-30 17:40,2083
2019-11-30 17:45,2058
2019-11-30 17:50,2069
2019-11-30 17:55,2064
2019-11-30 18:00,2073
2019-11-30 18:05,2091
2019-11-30 18:10,2096
2019-11-30 18:15,2088
2019-11-30 18:20,2098
2019-11-30 18:25,2101
2019-11-30 18:30,2088
2019-11-30 18:35,2094
2019-11-30 18:40,2110
2019-11-30 18:45,2088
2019-11-30 18:50,2072
2019-11-30 18:55,2087
2019-11-30 19:00,2108
2019-11-30 19:05,2098
2019-11-30 19:10,2112
2019-11-30 19:15,2103
2019-11-30 19:20,2104
2019-11-30 19:25,2112
2019-11-30 19:30,2113
2019-11-30 19:35,2106
2019-11-30 19:40,2124
2019-11-30 19:45,2130
2019-11-30 19:50,2127
2019-11-30 19:55,2115
2019-11-30 20:00,2088
2019-11-30 20:05,2091
2019-11-30 20:10,2104
2019-11-30 20:15,2112
2019-11-30 20:20,2126
2019-11-30 20:25,2106
2019-11-30 20:30,2086
2019-11-30 20:35,2100
2019-11-30 20:40,2113
2019-11-30 20:45,2112
2019-11-30 20:50,2099
2019-11-30 20:55,2086
2019-11-30 21:00,2077
2019-11-30 21:05,2055
2019-11-30 21:10,2058
2019-11-30 21:15,2043
2019-11-30 21:20,2050
2019-11-30 21:25,2057
2019-11-30 21:30,2039
2019-11-30 21:35,2044
2019-11-30 21:40,2041
2019-11-30 21:45,2044
2019-11-30 21:50,2024
2019-11-30 21:55,1998
2019-11-30 22:00,2008
2019-11-30 22:05,1992
2019-11-30 22:10,1991
2019-11-30 22:15,1966
2019-11-30 22:20,1966
2019-11-30 22:25,1934
2019-11-30 22:30,1903
2019-11-30 22:35,1888
2019-11-30 22:40,1876
2019-11-30 22:45,1849
2019-11-30 22:50,1863
2019-11-30 22:55,1856
2019-11-30 23:00,1867
2019-11-30 23:05,1836
2019-11-30 23:10,1815
2019-11-30 23:15,1803
2019-11-30 23:20,1802
2019-11-30 23:25,1774
2019-11-30 23:30,1774
2019-11-30 23:35,1777
2019-11-30 23:40,1767
2019-11-30 23:45,1725
2019-11-30 23:50,1702
2019-11-30 23:55,1710
2019-12-01 00:00,1676
2019-12-01 00:05,1657
2019-12-01 00:10,1636
2019-12-01 00:15,1606
2019-12-01 00:20,1590
2019-12-01 00:25,1585
2019-12-01 00:30,1578
2019-12-01 00:35,1552
2019-12-01 00:40,1531
2019-12-01 00:45,1531
2019-12-01 00:50,1516
2019-12-01 00:55,1496
2019-12-01 01:00,1499
2019-12-01 01:05,1480
2019-12-01 01:10,1468
2019-12-01 01:15,1445
2019-12-01 01:20,1438
2019-12-01 01:25,1422
2019-12-01 01:30,1439
2019-12-01 01:35,1416
2019-12-01 01:40,1420
2019-12-01 01:45,1421
2019-12-01 01:50,1404
2019-12-01 01:55,1402
2019-12-01 02:00,1412
2019-12-01 02:05,1406
2019-12-01 02:10,1403
2019-12-01 02:15,1382
2019-12-01 02:20,1380
2019-12-01 02:25,1370
2019-12-01 02:30,1363
2019-12-01 02:35,1352
2019-12-01 02:40,1362
2019-12-01 02:45,1363
2019-12-01 02:50,1354
2019-12-01 02:55,1349
2019-12-01 03:00,1344
2019-12-01 03:05,1350
2019-12-01 03:10,1342
2019-12-01 03:15,1347
2019-12-01 03:20,1335
2019-12-01 03:25,1345
2019-12-01 03:30,1335
2019-12-01 03:35,1334
2019-12-01 03:40,1330
2019-12-01 03:45,1312
2019-12-01 03:50,1301
2019-12-01 03:55,1299
2019-12-01 04:00,1296
2019-12-01 04:05,1294
2019-12-01 04:10,1292
2019-12-01 04:15,1271
2019-12-01 04:20,1264
2019-12-01 04:25,1250
2019-12-01 04:30,1232
2019-12-01 04:35,1229
2019-12-01 04:40,1221
2019-12-01 04:45,1218
2019-12-01 04:50,1206
2019-12-01 04:55,1214
2019-12-01 05:00,1213
2019-12-01 05:05,1180
2019-12-01 05:10,1150
2019-12-01 05:15,1144
2019-12-01 05:20,1135
2019-12-01 05:25,1122
2019-12-01 05:30,1124
2019-12-01 05:35,1131
2019-12-01 05:40,1123
2019-12-01 05:45,1109
2019-12-01 05:50,1103
2019-12-01 05:55,1106
2019-12-01 06:00,1112
2019-12-01 06:05,1099
2019-12-01 06:10,1086
2019-12-01 06:15,1095
2019-12-01 06:20,1084
2019-12-01 06:25,1100
2019-12-01 06:30,1097
2019-12-01 06:35,1076
2019-12-01 06:40,1064
2019-12-01 06:45,1055
2019-12-01 06:50,1063
2019-12-01 06:55,1057
2019-12-01 07:00,1056
2019-12-01 07:05,1050
2019-12-01 07:10,1042
2019-12-01 07:15,1036
2019-12-01 07:20,1037
2019-12-01 07:25,1036
2019-12-01 07:30,1026
2019-12-01 07:35,1033
2019-12-01 07:40,1033
2019-12-01 07:45,1032
2019-12-01 07:50,1036
2019-12-01 07:55,1045
2019-12-01 08:00,1046
2019-12-01 08:05,1066
2019-12-01 08:10,1078
2019-12-01 08:15,1090
2019-12-01 08:20,1094
2019-12-01 08:25,1106
2019-12-01 08:30,1113
2019-12-01 08:35,1133
2019-12-01 08:40,1149
2019-12-01 08:45,1166
2019-12-01 08:50,1164
2019-12-01 08:55,1175
2019-12-01 09:00,1186
2019-12-01 09:05,1199
2019-12-01 09:10,1209
2019-12-01 09:15,1228
2019-12-01 09:20,1232
2019-12-01 09:25,1251
2019-12-01 09:30,1275
2019-12-01 09:35,1288
2019-12-01 09:40,1307
2019-12-01 09:45,1327
2019-12-01 09:50,1340
2019-12-01 09:55,1353
2019-12-01 10:00,1379
2019-12-01 10:05,1393
2019-12-01 10:10,1408
2019-12-01 10:15,1427
2019-12-01 10:20,1451
2019-12-01 10:25,1481
2019-12-01 10:30,1507
2019-12-01 10:35,1505
2019-12-01 10:40,1535
2019-12-01 10:45,1561
2019-12-01 10:50,1569
2019-12-01 10:55,1561
2019-12-01 11:00,1570
2019-12-01 11:05,1569
2019-12-01 11:10,1572
2019-12-01 11:15,1575
2019-12-01 11:20,1571
2019-12-01 11:25,1576
2019-12-01 11:30,1598
2019-12-01 11:35,1600
2019-12-01 11:40,1611
2019-12-01 11:45,1604
2019-12-01 11:50,1609
2019-12-01 11:55,1605
2019-12-01 12:00,1620
2019-12-01 12:05,1626
2019-12-01 12:10,1654
2019-12-01 12:15,1650
2019-12-01 12:20,1652
2019-12-01 12:25,1479
2019-12-01 12:30,1638
2019-12-01 12:35,1664
2019-12-01 12:40,1678
2019-12-01 12:45,1693
2019-12-01 12:50,1707
2019-12-01 12:55,1727
2019-12-01 13:00,1729
2019-12-01 13:05,1709
2019-12-01 13:10,1715
2019-12-01 13:15,1716
2019-12-01 13:20,1746
2019-12-01 13:25,1748
2019-12-01 13:30,1754
2019-12-01 13:35,1770
2019-12-01 13:40,1786
2019-12-01 13:45,1775
2019-12-01 13:50,1783
2019-12-01 13:55,1794
2019-12-01 14:00,1809
2019-12-01 14:05,1818
2019-12-01 14:10,1827
2019-12-01 14:15,1833
2019-12-01 14:20,1858
2019-12-01 14:25,1855
2019-12-01 14:30,1859
2019-12-01 14:35,1852
2019-12-01 14:40,1845
2019-12-01 14:45,1857
2019-12-01 14:50,1885
2019-12-01 14:55,1884
2019-12-01 15:00,1863
2019-12-01 15:05,1908
2019-12-01 15:10,1921
2019-12-01 15:15,1956
2019-12-01 15:20,1969
2019-12-01 15:25,1956
2019-12-01 15:30,1974
2019-12-01 15:35,1976
2019-12-01 15:40,1977
2019-12-01 15:45,2011
2019-12-01 15:50,2030
2019-12-01 15:55,2071
2019-12-01 16:00,2116
2019-12-01 16:05,2129
2019-12-01 16:10,2155
2019-12-01 16:15,2184
2019-12-01 16:20,2164
2019-12-01 16:25,2160
2019-12-01 16:30,2192
2019-12-01 16:35,
2019-12-01 16:40,2122
2019-12-01 16:45,2138
2019-12-01 16:50,2136
2019-12-01 16:55,2138
2019-12-01 17:00,2153
2019-12-01 17:05,2135
2019-12-01 17:10,2159
2019-12-01 17:15,2157
2019-12-01 17:20,2176
2019-12-01 17:25,2199
2019-12-01 17:30,2214
2019-12-01 17:35,2194
2019-12-01 17:40,2196
2019-12-01 17:45,2204
2019-12-01 17:50,2208
2019-12-01 17:55,2210
2019-12-01 18:00,2225
2019-12-01 18:05,2227
2019-12-01 18:10,2242
2019-12-01 18:15,2237
2019-12-01 18:20,2245
2019-12-01 18:25,2264
2019-12-01 18:30,2266
2019-12-01 18:35,2260
2019-12-01 18:40,2265
2019-12-01 18:45,2268
2019-12-01 18:50,2292
2019-12-01 18:55,2258
2019-12-01 19:00,2275
2019-12-01 19:05,2286
2019-12-01 19:10,2282
2019-12-01 19:15,2290
2019-12-01 19:20,2268
2019-12-01 19:25,2252
2019-12-01 19:30,2258
2019-12-01 19:35,2238
2019-12-01 19:40,2251
2019-12-01 19:45,2244
2019-12-01 19:50,2237
2019-12-01 19:55,2212
2019-12-01 20:00,2222
2019-12-01 20:05,2223
2019-12-01 20:10,2223
2019-12-01 20:15,2182
2019-12-01 20:20,2180
2019-12-01 20:25,2161
2019-12-01 20:30,2131
2019-12-01 20:35,2123
2019-12-01 20:40,2103
2019-12-01 20:45,2112
2019-12-01 20:50,2103
2019-12-01 20:55,2076
2019-12-01 21:00,2047
2019-12-01 21:05,2043
2019-12-01 21:10,2064
2019-12-01 21:15,2056
2019-12-01 21:20,2038
2019-12-01 21:25,2042
2019-12-01 21:30,2023
2019-12-01 21:35,2016
2019-12-01 21:40,1992
2019-12-01 21:45,1979
2019-12-01 21:50,1943
2019-12-01 21:55,1924
2019-12-01 22:00,1926
2019-12-01 22:05,1899
2019-12-01 22:10,1879
2019-12-01 22:15,1871
2019-12-01 22:20,1852
2019-12-01 22:25,1803
2019-12-01 22:30,1798
2019-12-01 22:35,1785
2019-12-01 22:40,1766
2019-12-01 22:45,1761
2019-12-01 22:50,1746
2019-12-01 22:55,1701
2019-12-01 23:00,1693
2019-12-01 23:05,1685
2019-12-01 23:10,1664
2019-12-01 23:15,1655
2019-12-01 23:20,1631
2019-12-01 23:25,1611
2019-12-01 23:30,1610
2019-12-01 23:35,1608
2019-12-01 23:40,1594
2019-12-01 23:45,1583
2019-12-01 23:50,1572
2019-12-01 23:55,1563
2019-12-02 00:00,1557
2019-12-02 00:05,1547
2019-12-02 00:10,1528
2019-12-02 00:15,1540
2019-12-02 00:20,1543
2019-12-02 00:25,1529
2019-12-02 00:30,1529
2019-12-02 00:35,1526
2019-12-02 00:40,1511
2019-12-02 00:45,1494
2019-12-02 00:50,1487
2019-12-02 00:55,1473
2019-12-02 01:00,1453
2019-12-02 01:05,1439
2019-12-02 01:10,1418
2019-12-02 01:15,1410
2019-12-02 01:20,1400
2019-12-02 01:25,1393
2019-12-02 01:30,1385
2019-12-02 01:35,1372
2019-12-02 01:40,1357
2019-12-02 01:45,1371
2019-12-02 01:50,1383
2019-12-02 01:55,1374
2019-12-02 02:00,1379
2019-12-02 02:05,1358
2019-12-02 02:10,1369
2019-12-02 02:15,1354
2019-12-02 02:20,1360
2019-12-02 02:25,1353
2019-12-02 02:30,1338
2019-12-02 02:35,1312
2019-12-02 02:40,1300
2019-12-02 02:45,1296
2019-12-02 02:50,1286
2019-12-02 02:55,1271
2019-12-02 03:00,1267
2019-12-02 03:05,1244
2019-12-02 03:10,1242
2019-12-02 03:15,1235
2019-12-02 03:20,1215
2019-12-02 03:25,1206
2019-12-02 03:30,1177
2019-12-02 03:35,1154
2019-12-02 03:40,1136
2019-12-02 03:45,1107
2019-12-02 03:50,1102
2019-12-02 03:55,1096
2019-12-02 04:00,1073
2019-12-02 04:05,1065
2019-12-02 04:10,1054
2019-12-02 04:15,1030
2019-12-02 04:20,1033
2019-12-02 04:25,1028
2019-12-02 04:30,1013
2019-12-02 04:35,997
2019-12-02 04:40,1005
2019-12-02 04:45,992
2019-12-02 04:50,975
2019-12-02 04:55,970
2019-12-02 05:00,957
2019-12-02 05:05,937
2019-12-02 05:10,934
2019-12-02 05:15,928
2019-12-02 05:20,907
2019-12-02 05:25,908
2019-12-02 05:30,909
2019-12-02 05:35,915
2019-12-02 05:40,911
2019-12-02 05:45,892
2019-12-02 05:50,879
2019-12-02 05:55,867
2019-12-02 06:00,861
2019-12-02 06:05,865
2019-12-02 06:10,846
2019-12-02 06:15,842
2019-12-02 06:20,840
2019-12-02 06:25,829
2019-12-02 06:30,811
2019-12-02 06:35,813
2019-12-02 06:40,810
2019-12-02 06:45,805
2019-12-02 06:50,808
2019-12-02 06:55,803
2019-12-02 07:00,811
2019-12-02 07:05,815
2019-12-02 07:10,808
2019-12-02 07:15,823
2019-12-02 07:20,825
2019-12-02 07:25,824
2019-12-02 07:30,816
2019-12-02 07:35,815
2019-12-02 07:40,813
2019-12-02 07:45,822
2019-12-02 07:50,819
2019-12-02 07:55,816
2019-12-02 08:00,814
2019-12-02 08:05,817
2019-12-02 08:10,815
2019-12-02 08:15,824
2019-12-02 08:20,815
2019-12-02 08:25,820
2019-12-02 08:30,825
2019-12-02 08:35,823
2019-12-02 08:40,824
2019-12-02 08:45,828
2019-12-02 08:50,833
2019-12-02 08:55,852
2019-12-02 09:00,0
2019-12-02 09:05,864
2019-12-02 09:10,858
2019-12-02 09:15,852
2019-12-02 09:20,859
2019-12-02 09:25,864
2019-12-02 09:30,874
2019-12-02 09:35,894
2019-12-02 09:40,905
2019-12-02 09:45,898
2019-12-02 09:50,904
2019-12-02 09:55,922
2019-12-02 10:00,948
2019-12-02 10:05,967
2019-12-02 10:10,978
2019-12-02 10:15,1008
2019-12-02 10:20,1014
2019-12-02 10:25,1021
2019-12-02 10:30,1031
2019-12-02 10:35,1028
2019-12-02 10:40,1032
2019-12-02 10:45,1028
2019-12-02 10:50,1047
2019-12-02 10:55,1053
2019-12-02 11:00,1049
2019-12-02 11:05,1057
2019-12-02 11:10,1070
2019-12-02 11:15,1072
2019-12-02 11:20,1065
2019-12-02 11:25,1058
2019-12-02 11:30,1057
2019-12-02 11:35,1064
2019-12-02 11:40,1068
2019-12-02 11:45,1052
2019-12-02 11:50,1042
2019-12-02 11:55,1054
2019-12-02 12:00,1053
2019-12-02 12:05,1050
2019-12-02 12:10,1077
2019-12-02 12:15,1085
2019-12-02 12:20,1104
2019-12-02 12:25,1110
2019-12-02 12:30,1118
2019-12-02 12:35,1120
2019-12-02 12:40,1135
2019-12-02 12:45,1131
2019-12-02 12:50,1139
2019-12-02 12:55,1138
2019-12-02 13:00,1141
2019-12-02 13:05,1156
2019-12-02 13:10,1153
2019-12-02 13:15,1156
2019-12-02 13:20,1163
2019-12-02 13:25,1176
2019-12-02 13:30,1193
2019-12-02 13:35,1197
2019-12-02 13:40,1236
2019-12-02 13:45,1225
2019-12-02 13:50,1234
2019-12-02 13:55,1236
2019-12-02 14:00,1218
2019-12-02 14:05,1218
2019-12-02 14:10,1231
2019-12-02 14:15,1246
2019-12-02 14:20,1257
2019-12-02 14:25,1280
2019-12-02 14:30,1302
2019-12-02 14:35,1302
2019-12-02 14:40,1324
2019-12-02 14:45,1327
2019-12-02 14:50,1350
2019-12-02 14:55,1351
2019-12-02 15:00,1355
2019-12-02 15:05,1382
2019-12-02 15:10,1388
2019-12-02 15:15,1411
2019-12-02 15:20,1427
2019-12-02 15:25,1440
2019-12-02 15:30,1452
2019-12-02 15:35,1446
2019-12-02 15:40,1459
2019-12-02 15:45,1486
2019-12-02 15:50,1481
2019-12-02 15:55,1499
2019-12-02 16:00,1508
2019-12-02 16:05,1512
2019-12-02 16:10,1540
2019-12-02 16:15,1550
2019-12-02 16:20,1564
2019-12-02 16:25,1571
2019-12-02 16:30,1597
2019-12-02 16:35,1615
2019-12-02 16:40,1631
2019-12-02 16:45,1635
2019-12-02 16:50,1645
2019-12-02 16:55,1666
2019-12-02 17:00,1690
2019-12-02 17:05,1703
2019-12-02 17:10,1719
2019-12-02 17:15,1737
2019-12-02 17:20,1780
2019-12-02 17:25,1795
2019-12-02 17:30,1813
2019-12-02 17:35,1820
2019-12-02 17:40,1836
2019-12-02 17:45,1833
2019-12-02 17:50,1838
2019-12-02 17:55,1875
2019-12-02 18:00,1859
2019-12-02 18:05,1856
2019-12-02 18:10,1867
2019-12-02 18:15,1878
2019-12-02 18:20,1879
2019-12-02 18:25,1897
2019-12-02 18:30,1914
2019-12-02 18:35,1896
2019-12-02 18:40,1911
2019-12-02 18:45,1897
2019-12-02 18:50,1918
2019-12-02 18:55,1920
2019-12-02 19:00,1911
2019-12-02 19:05,1910
2019-12-02 19:10,1925
2019-12-02 19:15,1892
2019-12-02 19:20,1887
2019-12-02 19:25,1913
2019-12-02 19:30,1919
2019-12-02 19:35,1916
2019-12-02 19:40,1912
2019-12-02 19:45,1919
2019-12-02 19:50,1901
2019-12-02 19:55,1895
2019-12-02 20:00,1882
2019-12-02 20:05,1903
2019-12-02 20:10,1895
2019-12-02 20:15,1906
2019-12-02 20:20,1897
2019-12-02 20:25,1887
2019-12-02 20:30,1880
2019-12-02 20:35,1896
2019-12-02 20:40,1871
2019-12-02 20:45,1863
2019-12-02 20:50,1832
2019-12-02 20:55,1821
2019-12-02 21:00,1811
2019-12-02 21:05,1782
2019-12-02 21:10,1763
2019-12-02 21:15,1745
2019-12-02 21:20,1741
2019-12-02 21:25,1723
2019-12-02 21:30,1726
2019-12-02 21:35,1711
2019-12-02 21:40,1683
2019-12-02 21:45,1676
2019-12-02 21:50,1660
2019-12-02 21:55,1641
2019-12-02 22:00,1601
2019-12-02 22:05,1568
2019-12-02 22:10,1560
2019-12-02 22:15,1537
2019-12-02 22:20,1539
2019-12-02 22:25,1523
2019-12-02 22:30,1492
2019-12-02 22:35,1483
2019-12-02 22:40,1458
2019-12-02 22:45,1459
2019-12-02 22:50,1461
2019-12-02 22:55,1457
2019-12-02 23:00,1465
2019-12-02 23:05,1472
2019-12-02 23:10,1465
2019-12-02 23:15,1463
2019-12-02 23:20,1460
2019-12-02 23:25,1442
2019-12-02 23:30,1432
2019-12-02 23:35,1426
2019-12-02 23:40,1435
2019-12-02 23:45,1420
2019-12-02 23:50,1424
2019-12-02 23:55,1410
2019-12-03 00:00,1412
2019-12-03 00:05,1419
2019-12-03 00:10,1417
2019-12-03 00:15,1395
2019-12-03 00:20,1388
2019-12-03 00:25,1379
2019-12-03 00:30,1390
2019-12-03 00:35,1389
2019-12-03 00:40,1409
2019-12-03 00:45,1402
2019-12-03 00:50,1402
2019-12-03 00:55,1400
2019-12-03 01:00,1367
2019-12-03 01:05,1356
2019-12-03 01:10,1339
2019-12-03 01:15,1347
2019-12-03 01:20,1332
2019-12-03 01:25,1326
2019-12-03 01:30,1320
2019-12-03 01:35,1323
2019-12-03 01:40,1336
2019-12-03 01:45,1314
2019-12-03 01:50,1307
2019-12-03 01:55,1312
2019-12-03 02:00,1305
2019-12-03 02:05,1296
2019-12-03 02:10,1287
2019-12-03 02:15,1278
2019-12-03 02:20,1281
2019-12-03 02:25,1285
2019-12-03 02:30,1280
2019-12-03 02:35,1273
2019-12-03 02:40,1278
2019-12-03 02:45,1276
2019-12-03 02:50,1286
2019-12-03 02:55,1289
2019-12-03 03:00,1283
2019-12-03 03:05,1257
2019-12-03 03:10,1245
2019-12-03 03:15,1220
2019-12-03 03:20,1204
2019-12-03 03:25,1202
2019-12-03 03:30,1186
2019-12-03 03:35,1187
2019-12-03 03:40,1170
2019-12-03 03:45,1158
2019-12-03 03:50,1151
2019-12-03 03:55,1138
2019-12-03 04:00,1118
2019-12-03 04:05,1113
2019-12-03 04:10,1084
2019-12-03 04:15,1074
2019-12-03 04:20,1069
2019-12-03 04:25,1066
2019-12-03 04:30,1048
2019-12-03 04:35,1035
2019-12-03 04:40,1025
2019-12-03 04:45,1002
2019-12-03 04:50,990
2019-12-03 04:55,978
2019-12-03 05:00,974
2019-12-03 05:05,958
2019-12-03 05:10,952
2019-12-03 05:15,929
2019-12-03 05:20,931
2019-12-03 05:25,914
2019-12-03 05:30,912
2019-12-03 05:35,906
2019-12-03 05:40,906
2019-12-03 05:45,902
2019-12-03 05:50,889
2019-12-03 05:55,867
2019-12-03 06:00,849
2019-12-03 06:05,846
2019-12-03 06:10,844
2019-12-03 06:15,835
2019-12-03 06:20,838
2019-12-03 06:25,831
2019-12-03 06:30,825
2019-12-03 06:35,813
2019-12-03 06:40,810
2019-12-03 06:45,802
2019-12-03 06:50,802
2019-12-03 06:55,797
2019-12-03 07:00,799
2019-12-03 07:05,794
2019-12-03 07:10,796
2019-12-03 07:15,792
2019-12-03 07:20,801
2019-12-03 07:25,803
2019-12-03 07:30,809
2019-12-03 07:35,806
2019-12-03 07:40,793
2019-12-03 07:45,800
2019-12-03 07:50,797
2019-12-03 07:55,804
2019-12-03 08:00,805
2019-12-03 08:05,795
2019-12-03 08:10,803
2019-12-03 08:15,809
2019-12-03 08:20,823
2019-12-03 08:25,825
2019-12-03 08:30,825
2019-12-03 08:35,835
2019-12-03 08:40,839
2019-12-03 08:45,858
2019-12-03 08:50,847
2019-12-03 08:55,852
2019-12-03 09:00,853
2019-12-03 09:05,858
2019-12-03 09:10,860
2019-12-03 09:15,867
2019-12-03 09:20,870
2019-12-03 09:25,874
2019-12-03 09:30,864
2019-12-03 09:35,876
2019-12-03 09:40,892
2019-12-03 09:45,901
2019-12-03 09:50,902
2019-12-03 09:55,919
2019-12-03 10:00,925
2019-12-03 10:05,929
2019-12-03 10:10,938
2019-12-03 10:15,948
2019-12-03 10:20,974
2019-12-03 10:25,975
2019-12-03 10:30,980
2019-12-03 10:35,971
2019-12-03 10:40,967
2019-12-03 10:45,961
2019-12-03 10:50,971
2019-12-03 10:55,995
2019-12-03 11:00,1005
2019-12-03 11:05,1007
2019-12-03 11:10,1014
2019-12-03 11:15,1014
2019-12-03 11:20,1005
2019-12-03 11:25,1022
2019-12-03 11:30,1039
2019-12-03 11:35,1045
2019-12-03 11:40,1061
2019-12-03 11:45,1055
2019-12-03 11:50,1065
2019-12-03 11:55,1058
2019-12-03 12:00,1077
2019-12-03 12:05,1087
2019-12-03 12:10,1104
2019-12-03 12:15,1103
2019-12-03 12:20,1107
2019-12-03 12:25,1117
2019-12-03 12:30,1097
2019-12-03 12:35,1109
2019-12-03 12:40,1107
2019-12-03 12:45,1119
2019-12-03 12:50,1132
2019-12-03 12:55,1153
2019-12-03 13:00,1154
2019-12-03 13:05,1163
2019-12-03 13:10,1161
2019-12-03 13:15,1163
2019-12-03 13:20,1181
2019-12-03 13:25,1197
2019-12-03 13:30,1193
2019-12-03 13:35,1215
2019-12-03 13:40,1213
2019-12-03 13:45,1213
2019-12-03 13:50,1222
2019-12-03 13:55,1245
2019-12-03 14:00,1258
2019-12-03 14:05,1265
2019-12-03 14:10,1285
2019-12-03 14:15,1287
2019-12-03 14:20,1309
2019-12-03 14:25,1308
2019-12-03 14:30,1317
2019-12-03 14:35,1337
2019-12-03 14:40,1361
2019-12-03 14:45,1393
2019-12-03 14:50,1390
2019-12-03 14:55,1388
2019-12-03 15:00,1390
2019-12-03 15:05,1395
2019-12-03 15:10,1407
2019-12-03 15:15,1434
2019-12-03 15:20,1431
2019-12-03 15:25,1458
2019-12-03 15:30,1452
2019-12-03 15:35,1462
2019-12-03 15:40,1473
2019-12-03 15:45,1496
2019-12-03 15:50,1490
2019-12-03 15:55,1540
2019-12-03 16:00,1542
2019-12-03 16:05,1564
2019-12-03 16:10,1573
2019-12-03 16:15,1590
2019-12-03 16:20,1611
2019-12-03 16:25,1629
2019-12-03 16:30,1625
2019-12-03 16:35,
2019-12-03 16:40,1629
2019-12-03 16:45,1674
2019-12-03 16:50,1697
2019-12-03 16:55,1699
2019-12-03 17:00,1698
2019-12-03 17:05,1723
2019-12-03 17:10,1722
2019-12-03 17:15,1723
2019-12-03 17:20,1741
2019-12-03 17:25,1685
2019-12-03 17:30,1760
2019-12-03 17:35,1773
2019-12-03 17:40,1774
2019-12-03 17:45,1770
2019-12-03 17:50,1774
2019-12-03 17:55,1787
2019-12-03 18:00,1790
2019-12-03 18:05,1805
2019-12-03 18:10,1820
2019-12-03 18:15,1843
2019-12-03 18:20,1837
2019-12-03 18:25,1865
2019-12-03 18:30,1860
2019-12-03 18:35,1864
2019-12-03 18:40,1874
2019-12-03 18:45,1897
2019-12-03 18:50,1901
2019-12-03 18:55,1895
2019-12-03 19:00,1902
2019-12-03 19:05,1912
2019-12-03 19:10,1916
2019-12-03 19:15,1899
2019-12-03 19:20,1906
2019-12-03 19:25,1905
2019-12-03 19:30,1902
2019-12-03 19:35,1898
2019-12-03 19:40,1892
2019-12-03 19:45,1879
2019-12-03 19:50,1867
2019-12-03 19:55,1873
2019-12-03 20:00,1885
2019-12-03 20:05,1879
2019-12-03 20:10,1882
2019-12-03 20:15,1889
2019-12-03 20:20,1888
2019-12-03 20:25,1869
2019-12-03 20:30,1871
2019-12-03 20:35,1871
2019-12-03 20:40,1874
2019-12-03 20:45,1853
2019-12-03 20:50,1829
2019-12-03 20:55,1799
2019-12-03 21:00,1792
2019-12-03 21:05,1764
2019-12-03 21:10,1754
2019-12-03 21:15,1742
2019-12-03 21:20,1723
2019-12-03 21:25,1700
2019-12-03 21:30,1700
2019-12-03 21:35,1673
2019-12-03 21:40,1677
2019-12-03 21:45,1677
2019-12-03 21:50,1644
2019-12-03 21:55,1618
2019-12-03 22:00,1611
2019-12-03 22:05,1589
2019-12-03 22:10,1585
2019-12-03 22:15,1567
2019-12-03 22:20,1571
2019-12-03 22:25,1560
2019-12-03 22:30,1524
2019-12-03 22:35,1526
2019-12-03 22:40,1522
2019-12-03 22:45,1515
2019-12-03 22:50,1495
2019-12-03 22:55,1475
2019-12-03 23:00,1463
2019-12-03 23:05,1457
2019-12-03 23:10,1450
2019-12-03 23:15,1445
2019-12-03 23:20,1441
2019-12-03 23:25,1433
2019-12-03 23:30,0
2019-12-03 23:35,961
2019-12-03 23:40,1335
2019-12-03 23:45,1417
2019-12-03 23:50,1396
2019-12-03 23:55,1394
2019-12-04 00:00,1382
2019-12-04 00:05,1365
2019-12-04 00:10,1349
2019-12-04 00:15,1342
2019-12-04 00:20,1334
2019-12-04 00:25,1333
2019-12-04 00:30,1311
2019-12-04 00:35,1302
2019-12-04 00:40,1304
2019-12-04 00:45,1291
2019-12-04 00:50,1273
2019-12-04 00:55,1264
2019-12-04 01:00,1255
2019-12-04 01:05,1252
2019-12-04 01:10,1240
2019-12-04 01:15,1254
2019-12-04 01:20,1242
2019-12-04 01:25,1230
2019-12-04 01:30,1244
2019-12-04 01:35,1245
2019-12-04 01:40,1242
2019-12-04 01:45,1234
2019-12-04 01:50,1222
2019-12-04 01:55,1238
2019-12-04 02:00,1244
2019-12-04 02:05,1237
2019-12-04 02:10,1248
2019-12-04 02:15,1240
2019-12-04 02:20,1237
2019-12-04 02:25,1229
2019-12-04 02:30,1240
2019-12-04 02:35,1231
2019-12-04 02:40,1225
2019-12-04 02:45,1241
2019-12-04 02:50,1233
2019-12-04 02:55,1217
2019-12-04 03:00,1229
2019-12-04 03:05,1204
2019-12-04 03:10,1193
2019-12-04 03:15,1177
2019-12-04 03:20,1160
2019-12-04 03:25,1149
2019-12-04 03:30,1132
2019-12-04 03:35,1132
2019-12-04 03:40,1128
2019-12-04 03:45,1124
2019-12-04 03:50,1116
2019-12-04 03:55,1117
2019-12-04 04:00,1109
2019-12-04 04:05,1100
2019-12-04 04:10,1091
2019-12-04 04:15,1083
2019-12-04 04:20,1073
2019-12-04 04:25,1056
2019-12-04 04:30,1043
2019-12-04 04:35,1020
2019-12-04 04:40,1010
2019-12-04 04:45,995
2019-12-04 04:50,983
2019-12-04 04:55,977
2019-12-04 05:00,951
2019-12-04 05:05,937
2019-12-04 05:10,923
2019-12-04 05:15,916
2019-12-04 05:20,903
2019-12-04 05:25,894
2019-12-04 05:30,893
2019-12-04 05:35,883
2019-12-04 05:40,876
2019-12-04 05:45,881
2019-12-04 05:50,878
2019-12-04 05:55,870
2019-12-04 06:00,861
2019-12-04 06:05,876
2019-12-04 06:10,854
2019-12-04 06:15,856
2019-12-04 06:20,853
2019-12-04 06:25,846
2019-12-04 06:30,838
2019-12-04 06:35,837
2019-12-04 06:40,847
2019-12-04 06:45,840
2019-12-04 06:50,841
2019-12-04 06:55,844
2019-12-04 07:00,830
2019-12-04 07:05,820
2019-12-04 07:10,830
2019-12-04 07:15,832
2019-12-04 07:20,829
2019-12-04 07:25,835
2019-12-04 07:30,837
2019-12-04 07:35,833
2019-12-04 07:40,837
2019-12-04 07:45,848
2019-12-04 07:50,856
2019-12-04 07:55,838
2019-12-04 08:00,840
2019-12-04 08:05,837
2019-12-04 08:10,844
2019-12-04 08:15,870
2019-12-04 08:20,870
2019-12-04 08:25,880
2019-12-04 08:30,877
2019-12-04 08:35,872
2019-12-04 08:40,874
2019-12-04 08:45,876
2019-12-04 08:50,881
2019-12-04 08:55,878
2019-12-04 09:00,882
2019-12-04 09:05,882
2019-12-04 09:10,884
2019-12-04 09:15,890
2019-12-04 09:20,898
2019-12-04 09:25,906
2019-12-04 09:30,917
2019-12-04 09:35,900
2019-12-04 09:40,918
2019-12-04 09:45,914
2019-12-04 09:50,931
2019-12-04 09:55,928
2019-12-04 10:00,940
2019-12-04 10:05,954
2019-12-04 10:10,979
2019-12-04 10:15,983
2019-12-04 10:20,997
2019-12-04 10:25,997
2019-12-04 10:30,988
2019-12-04 10:35,996
2019-12-04 10:40,1016
2019-12-04 10:45,1025
2019-12-04 10:50,1024
2019-12-04 10:55,1031
2019-12-04 11:00,1041
2019-12-04 11:05,1051
2019-12-04 11:10,1059
2019-12-04 11:15,1067
2019-12-04 11:20,1080
2019-12-04 11:25,1089
2019-12-04 11:30,1098
2019-12-04 11:35,1091
2019-12-04 11:40,1108
2019-12-04 11:45,1125
2019-12-04 11:50,1127
2019-12-04 11:55,1144
2019-12-04 12:00,1142
2019-12-04 12:05,1152
2019-12-04 12:10,0
2019-12-04 12:15,1151
2019-12-04 12:20,1171
2019-12-04 12:25,1189
2019-12-04 12:30,1204
2019-12-04 12:35,1198
2019-12-04 12:40,1215
2019-12-04 12:45,1215
2019-12-04 12:50,1210
2019-12-04 12:55,1209
2019-12-04 13:00,1217
2019-12-04 13:05,1209
2019-12-04 13:10,1209
2019-12-04 13:15,1240
2019-12-04 13:20,1249
2019-12-04 13:25,1263
2019-12-04 13:30,1277
2019-12-04 13:35,1291
2019-12-04 13:40,1297
2019-12-04 13:45,1311
2019-12-04 13:50,1325
2019-12-04 13:55,1325
2019-12-04 14:00,1307
2019-12-04 14:05,1304
2019-12-04 14:10,1304
2019-12-04 14:15,1307
2019-12-04 14:20,1319
2019-12-04 14:25,1310
2019-12-04 14:30,1315
2019-12-04 14:35,1296
2019-12-04 14:40,1297
2019-12-04 14:45,1303
2019-12-04 14:50,1259
2019-12-04 14:55,1207
2019-12-04 15:00,1064
2019-12-04 15:05,775
2019-12-04 15:10,775
2019-12-04 15:15,763
2019-12-04 15:20,781
2019-12-04 15:25,792
2019-12-04 15:30,792
2019-12-04 15:35,782
2019-12-04 15:40,797
2019-12-04 15:45,784
2019-12-04 15:50,793
2019-12-04 15:55,809
2019-12-04 16:00,828
2019-12-04 16:05,858
2019-12-04 16:10,860
2019-12-04 16:15,862
2019-12-04 16:20,915
2019-12-04 16:25,995
2019-12-04 16:30,1067
2019-12-04 16:35,1146
2019-12-04 16:40,1226
2019-12-04 16:45,1285
2019-12-04 16:50,1337
2019-12-04 16:55,1392
2019-12-04 17:00,1480
2019-12-04 17:05,1543
2019-12-04 17:10,
2019-12-04 17:15,1631
2019-12-04 17:20,1631
2019-12-04 17:25,1701
2019-12-04 17:30,1751
2019-12-04 17:35,1774
2019-12-04 17:40,1828
2019-12-04 17:45,1824
2019-12-04 17:50,1863
2019-12-04 17:55,1870
2019-12-04 18:00,1887
2019-12-04 18:05,1904
2019-12-04 18:10,1904
2019-12-04 18:15,1919
2019-12-04 18:20,1926
2019-12-04 18:25,1913
2019-12-04 18:30,1911
2019-12-04 18:35,1923
2019-12-04 18:40,1938
2019-12-04 18:45,1937
2019-12-04 18:50,1934
2019-12-04 18:55,1931
2019-12-04 19:00,1935
2019-12-04 19:05,1935
2019-12-04 19:10,1934
2019-12-04 19:15,1898
2019-12-04 19:20,1898
2019-12-04 19:25,1915
2019-12-04 19:30,1924
2019-12-04 19:35,1924
2019-12-04 19:40,1921
2019-12-04 19:45,1921
2019-12-04 19:50,1966
2019-12-04 19:55,1966
2019-12-04 20:00,1959
2019-12-04 20:05,1959
2019-12-04 20:10,1941
2019-12-04 20:15,1948
2019-12-04 20:20,1962
2019-12-04 20:25,1961
2019-12-04 20:30,1957
2019-12-04 20:35,1947
2019-12-04 20:40,1933
2019-12-04 20:45,1926
2019-12-04 20:50,1893
2019-12-04 20:55,1857
2019-12-04 21:00,1854
2019-12-04 21:05,1857
2019-12-04 21:10,1857
2019-12-04 21:15,1831
2019-12-04 21:20,1816
2019-12-04 21:25,1795
2019-12-04 21:30,1788
2019-12-04 21:35,1765
2019-12-04 21:40,1754
2019-12-04 21:45,1705
2019-12-04 21:50,1680
2019-12-04 21:55,1660
2019-12-04 22:00,1638
2019-12-04 22:05,1624
2019-12-04 22:10,1624
2019-12-04 22:15,1610
2019-12-04 22:20,1610
2019-12-04 22:25,1603
2019-12-04 22:30,1572
2019-12-04 22:35,1559
2019-12-04 22:40,1559
2019-12-04 22:45,1507
2019-12-04 22:50,1507
2019-12-04 22:55,1487
2019-12-04 23:00,1473
2019-12-04 23:05,1473
2019-12-04 23:10,1445
2019-12-04 23:15,1416
2019-12-04 23:20,1401
2019-12-04 23:25,1399
2019-12-04 23:30,1399
2019-12-04 23:35,1384
2019-12-04 23:40,1345
2019-12-04 23:45,1334
2019-12-04 23:50,1327
2019-12-04 23:55,1301
2019-12-05 00:00,1078
2019-12-05 00:05,1078
2019-12-05 00:10,794
2019-12-05 00:15,896
2019-12-05 00:20,988
2019-12-05 00:25,1035
2019-12-05 00:30,1090
2019-12-05 00:35,1172
2019-12-05 00:40,1172
2019-12-05 00:45,1216
2019-12-05 00:50,1218
2019-12-05 00:55,1229
2019-12-05 01:00,1235
2019-12-05 01:05,1228
2019-12-05 01:10,1228
2019-12-05 01:15,1230
2019-12-05 01:20,1230
2019-12-05 01:25,1248
2019-12-05 01:30,1222
2019-12-05 01:35,1239
2019-12-05 01:40,1250
2019-12-05 01:45,1258
2019-12-05 01:50,1263
2019-12-05 01:55,1271
2019-12-05 02:00,1178
2019-12-05 02:05,1178
2019-12-05 02:10,1252
2019-12-05 02:15,1245
2019-12-05 02:20,1244
2019-12-05 02:25,1234
2019-12-05 02:30,1227
2019-12-05 02:35,1213
2019-12-05 02:40,1200
2019-12-05 02:45,1193
2019-12-05 02:50,1196
2019-12-05 02:55,1181
2019-12-05 03:00,1180
2019-12-05 03:05,1176
2019-12-05 03:10,1161
2019-12-05 03:15,1154
2019-12-05 03:20,1165
2019-12-05 03:25,1155
2019-12-05 03:30,1156
2019-12-05 03:35,1141
2019-12-05 03:40,1132
2019-12-05 03:45,1105
2019-12-05 03:50,1099
2019-12-05 03:55,1104
2019-12-05 04:00,1092
2019-12-05 04:05,1094
2019-12-05 04:10,1103
2019-12-05 04:15,1080
2019-12-05 04:20,1075
2019-12-05 04:25,1068
2019-12-05 04:30,1052
2019-12-05 04:35,1041
2019-12-05 04:40,1028
2019-12-05 04:45,1023
2019-12-05 04:50,1027
2019-12-05 04:55,1008
2019-12-05 05:00,990
2019-12-05 05:05,990
2019-12-05 05:10,978
2019-12-05 05:15,970
2019-12-05 05:20,950
2019-12-05 05:25,937
2019-12-05 05:30,925
2019-12-05 05:35,903
2019-12-05 05:40,886
2019-12-05 05:45,879
2019-12-05 05:50,873
2019-12-05 05:55,865
2019-12-05 06:00,853
2019-12-05 06:05,846
2019-12-05 06:10,836
2019-12-05 06:15,819
2019-12-05 06:20,820
2019-12-05 06:25,819
2019-12-05 06:30,807
2019-12-05 06:35,813
2019-12-05 06:40,809
2019-12-05 06:45,813
2019-12-05 06:50,826
2019-12-05 06:55,817
2019-12-05 07:00,819
2019-12-05 07:05,809
2019-12-05 07:10,813
2019-12-05 07:15,817
2019-12-05 07:20,820
2019-12-05 07:25,815
2019-12-05 07:30,815
2019-12-05 07:35,795
2019-12-05 07:40,800
2019-12-05 07:45,806
2019-12-05 07:50,818
2019-12-05 07:55,813
2019-12-05 08:00,822
2019-12-05 08:05,824
2019-12-05 08:10,824
2019-12-05 08:15,819
2019-12-05 08:20,825
2019-12-05 08:25,820
2019-12-05 08:30,826
2019-12-05 08:35,837
2019-12-05 08:40,833
2019-12-05 08:45,825
2019-12-05 08:50,848
2019-12-05 08:55,853
2019-12-05 09:00,858
2019-12-05 09:05,859
2019-12-05 09:10,858
2019-12-05 09:15,872
2019-12-05 09:20,873
2019-12-05 09:25,881
2019-12-05 09:30,891
2019-12-05 09:35,908
2019-12-05 09:40,904
2019-12-05 09:45,926
2019-12-05 09:50,938
2019-12-05 09:55,948
2019-12-05 10:00,959
2019-12-05 10:05,1000
2019-12-05 10:10,1033
2019-12-05 10:15,1040
2019-12-05 10:20,1050
2019-12-05 10:25,1040
2019-12-05 10:30,1046
2019-12-05 10:35,1060
2019-12-05 10:40,1066
2019-12-05 10:45,1069
2019-12-05 10:50,1062
2019-12-05 10:55,1056
2019-12-05 11:00,1050
2019-12-05 11:05,1049
2019-12-05 11:10,1037
2019-12-05 11:15,1047
2019-12-05 11:20,1058
2019-12-05 11:25,1057
2019-12-05 11:30,1060
2019-12-05 11:35,1077
2019-12-05 11:40,1079
2019-12-05 11:45,1093
2019-12-05 11:50,1105
2019-12-05 11:55,1101
2019-12-05 12:00,1100
2019-12-05 12:05,1107
2019-12-05 12:10,1114
2019-12-05 12:15,1132
2019-12-05 12:20,1130
2019-12-05 12:25,1140
2019-12-05 12:30,1153
2019-12-05 12:35,1148
2019-12-05 12:40,1152
2019-12-05 12:45,1166
2019-12-05 12:50,1163
2019-12-05 12:55,1178
2019-12-05 13:00,1161
2019-12-05 13:05,1180
2019-12-05 13:10,1188
2019-12-05 13:15,1219
2019-12-05 13:20,1239
2019-12-05 13:25,1236
2019-12-05 13:30,1233
2019-12-05 13:35,1248
2019-12-05 13:40,1243
2019-12-05 13:45,1259
2019-12-05 13:50,1265
2019-12-05 13:55,1278
2019-12-05 14:00,1274
2019-12-05 14:05,1303
2019-12-05 14:10,1301
2019-12-05 14:15,1326
2019-12-05 14:20,1322
2019-12-05 14:25,1339
2019-12-05 14:30,1340
2019-12-05 14:35,1345
2019-12-05 14:40,1374
2019-12-05 14:45,1399
2019-12-05 14:50,1399
2019-12-05 14:55,1411
2019-12-05 15:00,1430
2019-12-05 15:05,1421
2019-12-05 15:10,1441
2019-12-05 15:15,1443
2019-12-05 15:20,1448
2019-12-05 15:25,1453
2019-12-05 15:30,1448
2019-12-05 15:35,1474
2019-12-05 15:40,1469
2019-12-05 15:45,1478
2019-12-05 15:50,1522
2019-12-05 15:55,1526
2019-12-05 16:00,1546
2019-12-05 16:05,1525
2019-12-05 16:10,1515
2019-12-05 16:15,1524
2019-12-05 16:20,1536
2019-12-05 16:25,1545
2019-12-05 16:30,1559
2019-12-05 16:35,1572
2019-12-05 16:40,1602
2019-12-05 16:45,1628
2019-12-05 16:50,1651
2019-12-05 16:55,1673
2019-12-05 17:00,1692
2019-12-05 17:05,1708
2019-12-05 17:10,1709
2019-12-05 17:15,1729
2019-12-05 17:20,1745
2019-12-05 17:25,1773
2019-12-05 17:30,1779
2019-12-05 17:35,1787
2019-12-05 17:40,1816
2019-12-05 17:45,1820
2019-12-05 17:50,1824
2019-12-05 17:55,1837
2019-12-05 18:00,1839
2019-12-05 18:05,1836
2019-12-05 18:10,1839
2019-12-05 18:15,1831
2019-12-05 18:20,1828
2019-12-05 18:25,1835
2019-12-05 18:30,1833
2019-12-05 18:35,1823
2019-12-05 18:40,1848
2019-12-05 18:45,1853
2019-12-05 18:50,1852
2019-12-05 18:55,1859
2019-12-05 19:00,1860
2019-12-05 19:05,1843
2019-12-05 19:10,1875
2019-12-05 19:15,1894
2019-12-05 19:20,1901
2019-12-05 19:25,1901
2019-12-05 19:30,1890
2019-12-05 19:35,1883
2019-12-05 19:40,1884
2019-12-05 19:45,1869
2019-12-05 19:50,1872
2019-12-05 19:55,1869
2019-12-05 20:00,1857
2019-12-05 20:05,1851
2019-12-05 20:10,1838
2019-12-05 20:15,1816
2019-12-05 20:20,1838
2019-12-05 20:25,1830
2019-12-05 20:30,1843
2019-12-05 20:35,1834
2019-12-05 20:40,1802
2019-12-05 20:45,1802
2019-12-05 20:50,1798
2019-12-05 20:55,1793
2019-12-05 21:00,1765
2019-12-05 21:05,1777
2019-12-05 21:10,1786
2019-12-05 21:15,1773
2019-12-05 21:20,1778
2019-12-05 21:25,1783
2019-12-05 21:30,1738
2019-12-05 21:35,1730
2019-12-05 21:40,1700
2019-12-05 21:45,1691
2019-12-05 21:50,1673
2019-12-05 21:55,1657
2019-12-05 22:00,1627
2019-12-05 22:05,1636
2019-12-05 22:10,1602
2019-12-05 22:15,1578
2019-12-05 22:20,1569
2019-12-05 22:25,1548
2019-12-05 22:30,1539
2019-12-05 22:35,1526
2019-12-05 22:40,1500
2019-12-05 22:45,1489
2019-12-05 22:50,1480
2019-12-05 22:55,1469
2019-12-05 23:00,1451
2019-12-05 23:05,1448
2019-12-05 23:10,1431
2019-12-05 23:15,1433
2019-12-05 23:20,1423
2019-12-05 23:25,1414
2019-12-05 23:30,1396
2019-12-05 23:35,1382
2019-12-05 23:40,1365
2019-12-05 23:45,1359
2019-12-05 23:50,1370
2019-12-05 23:55,1368
2019-12-06 00:00,1373
2019-12-06 00:05,1346
2019-12-06 00:10,1353
2019-12-06 00:15,1366
2019-12-06 00:20,1339
2019-12-06 00:25,1349
2019-12-06 00:30,1330
2019-12-06 00:35,1324
2019-12-06 00:40,1319
2019-12-06 00:45,1306
2019-12-06 00:50,1303
2019-12-06 00:55,1316
2019-12-06 01:00,1300
2019-12-06 01:05,1305
2019-12-06 01:10,1295
2019-12-06 01:15,1283
2019-12-06 01:20,1283
2019-12-06 01:25,1279
2019-12-06 01:30,1278
2019-12-06 01:35,1274
2019-12-06 01:40,1263
2019-12-06 01:45,1267
2019-12-06 01:50,1263
2019-12-06 01:55,1263
2019-12-06 02:00,1249
2019-12-06 02:05,1247
2019-12-06 02:10,1228
2019-12-06 02:15,1211
2019-12-06 02:20,1203
2019-12-06 02:25,1196
2019-12-06 02:30,1196
2019-12-06 02:35,1187
2019-12-06 02:40,1179
2019-12-06 02:45,1168
2019-12-06 02:50,1181
2019-12-06 02:55,1170
2019-12-06 03:00,1158
2019-12-06 03:05,1146
2019-12-06 03:10,1134
2019-12-06 03:15,1140
2019-12-06 03:20,1119
2019-12-06 03:25,1109
2019-12-06 03:30,1100
2019-12-06 03:35,1101
2019-12-06 03:40,1096
2019-12-06 03:45,1087
2019-12-06 03:50,1087
2019-12-06 03:55,1081
2019-12-06 04:00,1069
2019-12-06 04:05,1053
2019-12-06 04:10,1048
2019-12-06 04:15,1039
2019-12-06 04:20,1028
2019-12-06 04:25,1036
2019-12-06 04:30,1041
2019-12-06 04:35,1032
2019-12-06 04:40,1013
2019-12-06 04:45,1012
2019-12-06 04:50,997
2019-12-06 04:55,984
2019-12-06 05:00,986
2019-12-06 05:05,982
2019-12-06 05:10,972
2019-12-06 05:15,946
2019-12-06 05:20,947
2019-12-06 05:25,943
2019-12-06 05:30,931
2019-12-06 05:35,935
2019-12-06 05:40,931
2019-12-06 05:45,921
2019-12-06 05:50,901
2019-12-06 05:55,897
2019-12-06 06:00,890
2019-12-06 06:05,868
2019-12-06 06:10,872
2019-12-06 06:15,885
2019-12-06 06:20,884
2019-12-06 06:25,901
2019-12-06 06:30,884
2019-12-06 06:35,864
2019-12-06 06:40,860
2019-12-06 06:45,847
2019-12-06 06:50,847
2019-12-06 06:55,852
2019-12-06 07:00,847
2019-12-06 07:05,849
2019-12-06 07:10,852
2019-12-06 07:15,849
2019-12-06 07:20,857
2019-12-06 07:25,854
2019-12-06 07:30,836
2019-12-06 07:35,840
2019-12-06 07:40,842
2019-12-06 07:45,834
2019-12-06 07:50,836
2019-12-06 07:55,843
2019-12-06 08:00,843
2019-12-06 08:05,845
2019-12-06 08:10,847
2019-12-06 08:15,861
2019-12-06 08:20,859
2019-12-06 08:25,858
2019-12-06 08:30,867
2019-12-06 08:35,868
2019-12-06 08:40,873
2019-12-06 08:45,880
2019-12-06 08:50,906
2019-12-06 08:55,903
2019-12-06 09:00,915
2019-12-06 09:05,926
2019-12-06 09:10,919
2019-12-06 09:15,920
2019-12-06 09:20,914
2019-12-06 09:25,916
2019-12-06 09:30,919
2019-12-06 09:35,931
2019-12-06 09:40,939
2019-12-06 09:45,942
2019-12-06 09:50,947
2019-12-06 09:55,959
2019-12-06 10:00,979
2019-12-06 10:05,990
2019-12-06 10:10,1014
2019-12-06 10:15,1017
2019-12-06 10:20,1037
2019-12-06 10:25,1039
2019-12-06 10:30,1041
2019-12-06 10:35,1069
2019-12-06 10:40,1069
2019-12-06 10:45,1066
2019-12-06 10:50,1062
2019-12-06 10:55,1072
2019-12-06 11:00,1067
2019-12-06 11:05,1086
2019-12-06 11:10,1089
2019-12-06 11:15,1076
2019-12-06 11:20,1073
2019-12-06 11:25,1082
2019-12-06 11:30,1111
2019-12-06 11:35,1112
2019-12-06 11:40,1110
2019-12-06 11:45,1123
2019-12-06 11:50,1135
2019-12-06 11:55,1153
2019-12-06 12:00,1143
2019-12-06 12:05,1148
2019-12-06 12:10,1164
2019-12-06 12:15,1163
2019-12-06 12:20,1161
2019-12-06 12:25,1162
2019-12-06 12:30,1167
2019-12-06 12:35,1182
2019-12-06 12:40,1194
2019-12-06 12:45,1204
2019-12-06 12:50,1207
2019-12-06 12:55,1214
2019-12-06 13:00,1235
2019-12-06 13:05,1245
2019-12-06 13:10,1265
2019-12-06 13:15,1278
2019-12-06 13:20,1274
2019-12-06 13:25,1267
2019-12-06 13:30,1269
2019-12-06 13:35,1261
2019-12-06 13:40,1272
2019-12-06 13:45,1286
2019-12-06 13:50,1308
2019-12-06 13:55,1304
2019-12-06 14:00,1325
2019-12-06 14:05,1338
2019-12-06 14:10,1339
2019-12-06 14:15,1345
2019-12-06 14:20,1369
2019-12-06 14:25,1360
2019-12-06 14:30,1378
2019-12-06 14:35,1380
2019-12-06 14:40,1389
2019-12-06 14:45,1417
2019-12-06 14:50,1430
2019-12-06 14:55,1439
2019-12-06 15:00,1431
2019-12-06 15:05,1438
2019-12-06 15:10,1461
2019-12-06 15:15,1469
2019-12-06 15:20,1480
2019-12-06 15:25,1481
2019-12-06 15:30,1497
2019-12-06 15:35,1512
2019-12-06 15:40,1531
2019-12-06 15:45,1554
2019-12-06 15:50,1563
2019-12-06 15:55,1567
2019-12-06 16:00,1595
2019-12-06 16:05,1611
2019-12-06 16:10,1636
2019-12-06 16:15,1645
2019-12-06 16:20,1659
2019-12-06 16:25,1662
2019-12-06 16:30,1647
2019-12-06 16:35,1661
2019-12-06 16:40,1688
2019-12-06 16:45,1676
2019-12-06 16:50,1716
2019-12-06 16:55,1721
2019-12-06 17:00,1753
2019-12-06 17:05,1749
2019-12-06 17:10,1750
2019-12-06 17:15,1760
2019-12-06 17:20,1759
2019-12-06 17:25,1777
2019-12-06 17:30,1766
2019-12-06 17:35,1781
2019-12-06 17:40,1789
2019-12-06 17:45,1777
2019-12-06 17:50,0
2019-12-06 17:55,1793
2019-12-06 18:00,1781
2019-12-06 18:05,1807
2019-12-06 18:10,1798
2019-12-06 18:15,1816
2019-12-06 18:20,1809
2019-12-06 18:25,1818
2019-12-06 18:30,1803
2019-12-06 18:35,1787
2019-12-06 18:40,1785
2019-12-06 18:45,1781
2019-12-06 18:50,1779
2019-12-06 18:55,1789
2019-12-06 19:00,1805
2019-12-06 19:05,1807
2019-12-06 19:10,1817
2019-12-06 19:15,1820
2019-12-06 19:20,1808
2019-12-06 19:25,1822
2019-12-06 19:30,1817
2019-12-06 19:35,1831
2019-12-06 19:40,1822
2019-12-06 19:45,1854
2019-12-06 19:50,1857
2019-12-06 19:55,1854
2019-12-06 20:00,1866
2019-12-06 20:05,1860
2019-12-06 20:10,1870
2019-12-06 20:15,1866
2019-12-06 20:20,1847
2019-12-06 20:25,1846
2019-12-06 20:30,1840
2019-12-06 20:35,1844
2019-12-06 20:40,1828
2019-12-06 20:45,1816
2019-12-06 20:50,1804
2019-12-06 20:55,1787
2019-12-06 21:00,1791
2019-12-06 21:05,1774
2019-12-06 21:10,1774
2019-12-06 21:15,1767
2019-12-06 21:20,1766
2019-12-06 21:25,1739
2019-12-06 21:30,1755
2019-12-06 21:35,1742
2019-12-06 21:40,1746
2019-12-06 21:45,1727
2019-12-06 21:50,1712
2019-12-06 21:55,1721
2019-12-06 22:00,1692
2019-12-06 22:05,1659
2019-12-06 22:10,1656
2019-12-06 22:15,1635
2019-12-06 22:20,1615
2019-12-06 22:25,1621
2019-12-06 22:30,1606
2019-12-06 22:35,1596
2019-12-06 22:40,1614
2019-12-06 22:45,1612
2019-12-06 22:50,1590
2019-12-06 22:55,0
2019-12-06 23:00,1576
2019-12-06 23:05,1568
2019-12-06 23:10,1553
2019-12-06 23:15,1525
2019-12-06 23:20,1511
2019-12-06 23:25,1508
2019-12-06 23:30,1511
2019-12-06 23:35,1489
2019-12-06 23:40,1476
2019-12-06 23:45,1462
2019-12-06 23:50,1436
2019-12-06 23:55,1430
2019-12-07 00:00,1435
2019-12-07 00:05,1420
2019-12-07 00:10,1405
2019-12-07 00:15,1391
2019-12-07 00:20,1370
2019-12-07 00:25,1352
2019-12-07 00:30,1337
2019-12-07 00:35,1331
2019-12-07 00:40,1330
2019-12-07 00:45,1326
2019-12-07 00:50,1330
2019-12-07 00:55,1331
2019-12-07 01:00,1322
2019-12-07 01:05,1321
2019-12-07 01:10,1320
2019-12-07 01:15,1312
2019-12-07 01:20,1316
2019-12-07 01:25,1313
2019-12-07 01:30,1305
2019-12-07 01:35,1302
2019-12-07 01:40,1300
2019-12-07 01:45,1293
2019-12-07 01:50,1281
2019-12-07 01:55,1270
2019-12-07 02:00,1273
2019-12-07 02:05,1272
2019-12-07 02:10,1275
2019-12-07 02:15,1274
2019-12-07 02:20,1289
2019-12-07 02:25,1281
2019-12-07 02:30,1304
2019-12-07 02:35,1304
2019-12-07 02:40,1305
2019-12-07 02:45,1310
2019-12-07 02:50,1311
2019-12-07 02:55,1300
2019-12-07 03:00,1294
2019-12-07 03:05,1271
2019-12-07 03:10,1273
2019-12-07 03:15,1255
2019-12-07 03:20,1257
2019-12-07 03:25,1237
2019-12-07 03:30,1220
2019-12-07 03:35,1226
2019-12-07 03:40,1219
2019-12-07 03:45,1211
2019-12-07 03:50,1200
2019-12-07 03:55,1182
2019-12-07 04:00,1168
2019-12-07 04:05,1165
2019-12-07 04:10,1163
2019-12-07 04:15,1161
2019-12-07 04:20,1157
2019-12-07 04:25,1149
2019-12-07 04:30,1159
2019-12-07 04:35,1163
2019-12-07 04:40,1162
2019-12-07 04:45,1150
2019-12-07 04:50,1140
2019-12-07 04:55,1146
2019-12-07 05:00,1140
2019-12-07 05:05,1132
2019-12-07 05:10,1129
2019-12-07 05:15,1122
2019-12-07 05:20,1101
2019-12-07 05:25,1082
2019-12-07 05:30,1087
2019-12-07 05:35,1067
2019-12-07 05:40,1064
2019-12-07 05:45,1051
2019-12-07 05:50,1046
2019-12-07 05:55,1026
2019-12-07 06:00,1036
2019-12-07 06:05,1021
2019-12-07 06:10,1002
2019-12-07 06:15,1003
2019-12-07 06:20,1010
2019-12-07 06:25,1013
2019-12-07 06:30,999
2019-12-07 06:35,980
2019-12-07 06:40,978
2019-12-07 06:45,966
2019-12-07 06:50,977
2019-12-07 06:55,980
2019-12-07 07:00,970
2019-12-07 07:05,972
2019-12-07 07:10,958
2019-12-07 07:15,972
2019-12-07 07:20,967
2019-12-07 07:25,976
2019-12-07 07:30,996
2019-12-07 07:35,982
2019-12-07 07:40,995
2019-12-07 07:45,1008
2019-12-07 07:50,1015
2019-12-07 07:55,1019
2019-12-07 08:00,1025
2019-12-07 08:05,1038
2019-12-07 08:10,1052
2019-12-07 08:15,1068
2019-12-07 08:20,1073
2019-12-07 08:25,1096
2019-12-07 08:30,1113
2019-12-07 08:35,1107
2019-12-07 08:40,1111
2019-12-07 08:45,1118
2019-12-07 08:50,1125
2019-12-07 08:55,1138
2019-12-07 09:00,1136
2019-12-07 09:05,1149
2019-12-07 09:10,1147
2019-12-07 09:15,1156
2019-12-07 09:20,1157
2019-12-07 09:25,1160
2019-12-07 09:30,1175
2019-12-07 09:35,1181
2019-12-07 09:40,1194
2019-12-07 09:45,1198
2019-12-07 09:50,1186
2019-12-07 09:55,1216
2019-12-07 10:00,1243
2019-12-07 10:05,1255
2019-12-07 10:10,1291
2019-12-07 10:15,1314
2019-12-07 10:20,1353
2019-12-07 10:25,1372
2019-12-07 10:30,1376
2019-12-07 10:35,1392
2019-12-07 10:40,1400
2019-12-07 10:45,1409
2019-12-07 10:50,1451
2019-12-07 10:55,1475
2019-12-07 11:00,1492
2019-12-07 11:05,1500
2019-12-07 11:10,1512
2019-12-07 11:15,1501
2019-12-07 11:20,1504
2019-12-07 11:25,1502
2019-12-07 11:30,1495
2019-12-07 11:35,1500
2019-12-07 11:40,1504
2019-12-07 11:45,1508
2019-12-07 11:50,1516
2019-12-07 11:55,1512
2019-12-07 12:00,1521
2019-12-07 12:05,1554
2019-12-07 12:10,1571
2019-12-07 12:15,1573
2019-12-07 12:20,1577
2019-12-07 12:25,1539
2019-12-07 12:30,1556
2019-12-07 12:35,1583
2019-12-07 12:40,1585
2019-12-07 12:45,1564
2019-12-07 12:50,1567
2019-12-07 12:55,1595
2019-12-07 13:00,1607
2019-12-07 13:05,1620
2019-12-07 13:10,1637
2019-12-07 13:15,1645
2019-12-07 13:20,1661
2019-12-07 13:25,1674
2019-12-07 13:30,1683
2019-12-07 13:35,1694
2019-12-07 13:40,1699
2019-12-07 13:45,1716
2019-12-07 13:50,1714
2019-12-07 13:55,1748
2019-12-07 14:00,1739
2019-12-07 14:05,1739
2019-12-07 14:10,1749
2019-12-07 14:15,1760
2019-12-07 14:20,1760
2019-12-07 14:25,1783
2019-12-07 14:30,1781
2019-12-07 14:35,1805
2019-12-07 14:40,1808
2019-12-07 14:45,1829
2019-12-07 14:50,1837
2019-12-07 14:55,1847
2019-12-07 15:00,1854
2019-12-07 15:05,1850
2019-12-07 15:10,1862
2019-12-07 15:15,1867
2019-12-07 15:20,1873
2019-12-07 15:25,1882
2019-12-07 15:30,1896
2019-12-07 15:35,1901
2019-12-07 15:40,1892
2019-12-07 15:45,1906
2019-12-07 15:50,1928
2019-12-07 15:55,1941
2019-12-07 16:00,1953
2019-12-07 16:05,1952
2019-12-07 16:10,1960
2019-12-07 16:15,1963
2019-12-07 16:20,1970
2019-12-07 16:25,1977
2019-12-07 16:30,1991
2019-12-07 16:35,1991
2019-12-07 16:40,2000
2019-12-07 16:45,1996
2019-12-07 16:50,2010
2019-12-07 16:55,2007
2019-12-07 17:00,2002
2019-12-07 17:05,2050
2019-12-07 17:10,2050
2019-12-07 17:15,2036
2019-12-07 17:20,2050
2019-12-07 17:25,2075
2019-12-07 17:30,2065
2019-12-07 17:35,2060
2019-12-07 17:40,2087
2019-12-07 17:45,2090
2019-12-07 17:50,2097
2019-12-07 17:55,2108
2019-12-07 18:00,2115
2019-12-07 18:05,2108
2019-12-07 18:10,2118
2019-12-07 18:15,2133
2019-12-07 18:20,2150
2019-12-07 18:25,2167
2019-12-07 18:30,2151
2019-12-07 18:35,2132
2019-12-07 18:40,2140
2019-12-07 18:45,2149
2019-12-07 18:50,2143
2019-12-07 18:55,2125
2019-12-07 19:00,2130
2019-12-07 19:05,2148
2019-12-07 19:10,2179
2019-12-07 19:15,2158
2019-12-07 19:20,2152
2019-12-07 19:25,2136
2019-12-07 19:30,2149
2019-12-07 19:35,2142
2019-12-07 19:40,2114
2019-12-07 19:45,2112
2019-12-07 19:50,2102
2019-12-07 19:55,2084
2019-12-07 20:00,2066
2019-12-07 20:05,2053
2019-12-07 20:10,2053
2019-12-07 20:15,2058
2019-12-07 20:20,2072
2019-12-07 20:25,2071
2019-12-07 20:30,2070
2019-12-07 20:35,2075
2019-12-07 20:40,2064
2019-12-07 20:45,2070
2019-12-07 20:50,2073
2019-12-07 20:55,2054
2019-12-07 21:00,2053
2019-12-07 21:05,2057
2019-12-07 21:10,2044
2019-12-07 21:15,2059
2019-12-07 21:20,2023
2019-12-07 21:25,2027
2019-12-07 21:30,2008
2019-12-07 21:35,1999
2019-12-07 21:40,1963
2019-12-07 21:45,1956
2019-12-07 21:50,1962
2019-12-07 21:55,1944
2019-12-07 22:00,1927
2019-12-07 22:05,1898
2019-12-07 22:10,1880
2019-12-07 22:15,1850
2019-12-07 22:20,1853
2019-12-07 22:25,1847
2019-12-07 22:30,1823
2019-12-07 22:35,1806
2019-12-07 22:40,1795
2019-12-07 22:45,1800
2019-12-07 22:50,1803
2019-12-07 22:55,1791
2019-12-07 23:00,1753
2019-12-07 23:05,1736
2019-12-07 23:10,1729
2019-12-07 23:15,1731
2019-12-07 23:20,1718
2019-12-07 23:25,1728
2019-12-07 23:30,1717
2019-12-07 23:35,1714
2019-12-07 23:40,1700
2019-12-07 23:45,1683
2019-12-07 23:50,1664
2019-12-07 23:55,1635
2019-12-08 00:00,1625
2019-12-08 00:05,1622
2019-12-08 00:10,1615
2019-12-08 00:15,1595
2019-12-08 00:20,1595
2019-12-08 00:25,1594
2019-12-08 00:30,1580
2019-12-08 00:35,1548
2019-12-08 00:40,1527
2019-12-08 00:45,1509
2019-12-08 00:50,1492
2019-12-08 00:55,1475
2019-12-08 01:00,1469
2019-12-08 01:05,1461
2019-12-08 01:10,1467
2019-12-08 01:15,1475
2019-12-08 01:20,1482
2019-12-08 01:25,1464
2019-12-08 01:30,1464
2019-12-08 01:35,1470
2019-12-08 01:40,1465
2019-12-08 01:45,1460
2019-12-08 01:50,1459
2019-12-08 01:55,1436
2019-12-08 02:00,1426
2019-12-08 02:05,1425
2019-12-08 02:10,1423
2019-12-08 02:15,1417
2019-12-08 02:20,1411
2019-12-08 02:25,1395
2019-12-08 02:30,1403
2019-12-08 02:35,1400
2019-12-08 02:40,1394
2019-12-08 02:45,1391
2019-12-08 02:50,1388
2019-12-08 02:55,1388
2019-12-08 03:00,1390
2019-12-08 03:05,1385
2019-12-08 03:10,1394
2019-12-08 03:15,1375
2019-12-08 03:20,1358
2019-12-08 03:25,1345
2019-12-08 03:30,1346
2019-12-08 03:35,1357
2019-12-08 03:40,1344
2019-12-08 03:45,1325
2019-12-08 03:50,1303
2019-12-08 03:55,1306
2019-12-08 04:00,1297
2019-12-08 04:05,1288
2019-12-08 04:10,1292
2019-12-08 04:15,1284
2019-12-08 04:20,1285
2019-12-08 04:25,1282
2019-12-08 04:30,1285
2019-12-08 04:35,1284
2019-12-08 04:40,1275
2019-12-08 04:45,1272
2019-12-08 04:50,1244
2019-12-08 04:55,1226
2019-12-08 05:00,1229
2019-12-08 05:05,1228
2019-12-08 05:10,1234
2019-12-08 05:15,1209
2019-12-08 05:20,1199
2019-12-08 05:25,1191
2019-12-08 05:30,1166
2019-12-08 05:35,1157
2019-12-08 05:40,1144
2019-12-08 05:45,1143
2019-12-08 05:50,1126
2019-12-08 05:55,1123
2019-12-08 06:00,1116
2019-12-08 06:05,1095
2019-12-08 06:10,1093
2019-12-08 06:15,1094
2019-12-08 06:20,1092
2019-12-08 06:25,1083
2019-12-08 06:30,1079
2019-12-08 06:35,1079
2019-12-08 06:40,1085
2019-12-08 06:45,1093
2019-12-08 06:50,1085
2019-12-08 06:55,1084
2019-12-08 07:00,1077
2019-12-08 07:05,1074
2019-12-08 07:10,1095
2019-12-08 07:15,1099
2019-12-08 07:20,1104
2019-12-08 07:25,1119
2019-12-08 07:30,1136
2019-12-08 07:35,1141
2019-12-08 07:40,1151
2019-12-08 07:45,1154
2019-12-08 07:50,1152
2019-12-08 07:55,1163
2019-12-08 08:00,1157
2019-12-08 08:05,1159
2019-12-08 08:10,1163
2019-12-08 08:15,1179
2019-12-08 08:20,1191
2019-12-08 08:25,1198
2019-12-08 08:30,1212
2019-12-08 08:35,1226
2019-12-08 08:40,1227
2019-12-08 08:45,1237
2019-12-08 08:50,1259
2019-12-08 08:55,1273
2019-12-08 09:00,1287
2019-12-08 09:05,1291
2019-12-08 09:10,1287
2019-12-08 09:15,1299
2019-12-08 09:20,1302
2019-12-08 09:25,1325
2019-12-08 09:30,1334
2019-12-08 09:35,1354
2019-12-08 09:40,1349
2019-12-08 09:45,1376
2019-12-08 09:50,1379
2019-12-08 09:55,1413
2019-12-08 10:00,1430
2019-12-08 10:05,1461
2019-12-08 10:10,1480
2019-12-08 10:15,1499
2019-12-08 10:20,1522
2019-12-08 10:25,1555
2019-12-08 10:30,1565
2019-12-08 10:35,1561
2019-12-08 10:40,1584
2019-12-08 10:45,1604
2019-12-08 10:50,1618
2019-12-08 10:55,1639
2019-12-08 11:00,1641
2019-12-08 11:05,1624
2019-12-08 11:10,1623
2019-12-08 11:15,1648
2019-12-08 11:20,1659
2019-12-08 11:25,1695
2019-12-08 11:30,1693
2019-12-08 11:35,1706
2019-12-08 11:40,1722
2019-12-08 11:45,1727
2019-12-08 11:50,1734
2019-12-08 11:55,1736
2019-12-08 12:00,1740
2019-12-08 12:05,1761
2019-12-08 12:10,1780
2019-12-08 12:15,1784
2019-12-08 12:20,1789
2019-12-08 12:25,1791
2019-12-08 12:30,1799
2019-12-08 12:35,1806
2019-12-08 12:40,1813
2019-12-08 12:45,1804
2019-12-08 12:50,1824
2019-12-08 12:55,1835
2019-12-08 13:00,1849
2019-12-08 13:05,1844
2019-12-08 13:10,1840
2019-12-08 13:15,1870
2019-12-08 13:20,1870
2019-12-08 13:25,1877
2019-12-08 13:30,1880
2019-12-08 13:35,1901
2019-12-08 13:40,1930
2019-12-08 13:45,1968
2019-12-08 13:50,1937
2019-12-08 13:55,1953
2019-12-08 14:00,1976
2019-12-08 14:05,1991
2019-12-08 14:10,2011
2019-12-08 14:15,1980
2019-12-08 14:20,2013
2019-12-08 14:25,2017
2019-12-08 14:30,2022
2019-12-08 14:35,2047
2019-12-08 14:40,2050
2019-12-08 14:45,2058
2019-12-08 14:50,2083
2019-12-08 14:55,2087
2019-12-08 15:00,2105
2019-12-08 15:05,2105
2019-12-08 15:10,2113
2019-12-08 15:15,2144
2019-12-08 15:20,2148
2019-12-08 15:25,2135
2019-12-08 15:30,2129
2019-12-08 15:35,2136
2019-12-08 15:40,2143
2019-12-08 15:45,2123
2019-12-08 15:50,2129
2019-12-08 15:55,2141
2019-12-08 16:00,2157
2019-12-08 16:05,2154
2019-12-08 16:10,2168
2019-12-08 16:15,2172
2019-12-08 16:20,2192
2019-12-08 16:25,2204
2019-12-08 16:30,2231
2019-12-08 16:35,2251
2019-12-08 16:40,2265
2019-12-08 16:45,2287
2019-12-08 16:50,2311
2019-12-08 16:55,2330
2019-12-08 17:00,2337
2019-12-08 17:05,2343
2019-12-08 17:10,2346
2019-12-08 17:15,2371
2019-12-08 17:20,2371
2019-12-08 17:25,2363
2019-12-08 17:30,2354
2019-12-08 17:35,2353
2019-12-08 17:40,2352
2019-12-08 17:45,2352
2019-12-08 17:50,2345
2019-12-08 17:55,2324
2019-12-08 18:00,2333
2019-12-08 18:05,2307
2019-12-08 18:10,2301
2019-12-08 18:15,2289
2019-12-08 18:20,2285
2019-12-08 18:25,2282
2019-12-08 18:30,2296
2019-12-08 18:35,2303
2019-12-08 18:40,2316
2019-12-08 18:45,2308
2019-12-08 18:50,2343
2019-12-08 18:55,2351
2019-12-08 19:00,2332
2019-12-08 19:05,2325
2019-12-08 19:10,2327
2019-12-08 19:15,2329
2019-12-08 19:20,2330
2019-12-08 19:25,2309
2019-12-08 19:30,2292
2019-12-08 19:35,2279
2019-12-08 19:40,2271
2019-12-08 19:45,2254
2019-12-08 19:50,2243
2019-12-08 19:55,2231
2019-12-08 20:00,2237
2019-12-08 20:05,2250
2019-12-08 20:10,2237
2019-12-08 20:15,2231
2019-12-08 20:20,2212
2019-12-08 20:25,2223
2019-12-08 20:30,2233
2019-12-08 20:35,2221
2019-12-08 20:40,2213
2019-12-08 20:45,2218
2019-12-08 20:50,2199
2019-12-08 20:55,2195
2019-12-08 21:00,2206
2019-12-08 21:05,2195
2019-12-08 21:10,2174
2019-12-08 21:15,2143
2019-12-08 21:20,2131
2019-12-08 21:25,2115
2019-12-08 21:30,2098
2019-12-08 21:35,2059
2019-12-08 21:40,2058
2019-12-08 21:45,2045
2019-12-08 21:50,2043
2019-12-08 21:55,2026
2019-12-08 22:00,2001
2019-12-08 22:05,1975
2019-12-08 22:10,1955
2019-12-08 22:15,1901
2019-12-08 22:20,1879
2019-12-08 22:25,1862
2019-12-08 22:30,1831
2019-12-08 22:35,1816
2019-12-08 22:40,1798
2019-12-08 22:45,1786
2019-12-08 22:50,1759
2019-12-08 22:55,1725
2019-12-08 23:00,1700
2019-12-08 23:05,1692
2019-12-08 23:10,1671
2019-12-08 23:15,1654
2019-12-08 23:20,1637
2019-12-08 23:25,1639
2019-12-08 23:30,1634
2019-12-08 23:35,1611
2019-12-08 23:40,1605
2019-12-08 23:45,1587
2019-12-08 23:50,1573
2019-12-08 23:55,1565
2019-12-09 00:00,1553
2019-12-09 00:05,1531
2019-12-09 00:10,1517
2019-12-09 00:15,1499
2019-12-09 00:20,1495
2019-12-09 00:25,1486
2019-12-09 00:30,1491
2019-12-09 00:35,1487
2019-12-09 00:40,1477
2019-12-09 00:45,1484
2019-12-09 00:50,1483
2019-12-09 00:55,1472
2019-12-09 01:00,1474
2019-12-09 01:05,1478
2019-12-09 01:10,1470
2019-12-09 01:15,1469
2019-12-09 01:20,1460
2019-12-09 01:25,1443
2019-12-09 01:30,1422
2019-12-09 01:35,1432
2019-12-09 01:40,1407
2019-12-09 01:45,1383
2019-12-09 01:50,1379
2019-12-09 01:55,1350
2019-12-09 02:00,1350
2019-12-09 02:05,1350
2019-12-09 02:10,1335
2019-12-09 02:15,1323
2019-12-09 02:20,1316
2019-12-09 02:25,1318
2019-12-09 02:30,1327
2019-12-09 02:35,1326
2019-12-09 02:40,1309
2019-12-09 02:45,1312
2019-12-09 02:50,1296
2019-12-09 02:55,1287
2019-12-09 03:00,1270
2019-12-09 03:05,1265
2019-12-09 03:10,1257
2019-12-09 03:15,1263
2019-12-09 03:20,1248
2019-12-09 03:25,1250
2019-12-09 03:30,1231
2019-12-09 03:35,1246
2019-12-09 03:40,1245
2019-12-09 03:45,1232
2019-12-09 03:50,1226
2019-12-09 03:55,1214
2019-12-09 04:00,1210
2019-12-09 04:05,1186
2019-12-09 04:10,1161
2019-12-09 04:15,1161
2019-12-09 04:20,1139
2019-12-09 04:25,1124
2019-12-09 04:30,1104
2019-12-09 04:35,1095
2019-12-09 04:40,1079
2019-12-09 04:45,1069
2019-12-09 04:50,1058
2019-12-09 04:55,1043
2019-12-09 05:00,1019
2019-12-09 05:05,1016
2019-12-09 05:10,1018
2019-12-09 05:15,1007
2019-12-09 05:20,988
2019-12-09 05:25,974
2019-12-09 05:30,979
2019-12-09 05:35,975
2019-12-09 05:40,972
2019-12-09 05:45,958
2019-12-09 05:50,960
2019-12-09 05:55,951
2019-12-09 06:00,948
2019-12-09 06:05,939
2019-12-09 06:10,934
2019-12-09 06:15,933
2019-12-09 06:20,923
2019-12-09 06:25,893
2019-12-09 06:30,880
2019-12-09 06:35,879
2019-12-09 06:40,869
2019-12-09 06:45,857
2019-12-09 06:50,853
2019-12-09 06:55,848
2019-12-09 07:00,851
2019-12-09 07:05,850
2019-12-09 07:10,843
2019-12-09 07:15,838
2019-12-09 07:20,837
2019-12-09 07:25,841
2019-12-09 07:30,836
2019-12-09 07:35,833
2019-12-09 07:40,828
2019-12-09 07:45,827
2019-12-09 07:50,820
2019-12-09 07:55,836
2019-12-09 08:00,837
2019-12-09 08:05,836
2019-12-09 08:10,834
2019-12-09 08:15,841
2019-12-09 08:20,830
2019-12-09 08:25,833
2019-12-09 08:30,837
2019-12-09 08:35,841
2019-12-09 08:40,842
2019-12-09 08:45,858
2019-12-09 08:50,873
2019-12-09 08:55,877
2019-12-09 09:00,892
2019-12-09 09:05,893
2019-12-09 09:10,900
2019-12-09 09:15,906
2019-12-09 09:20,900
2019-12-09 09:25,900
2019-12-09 09:30,914
2019-12-09 09:35,931
2019-12-09 09:40,936
2019-12-09 09:45,943
2019-12-09 09:50,935
2019-12-09 09:55,951
2019-12-09 10:00,976
2019-12-09 10:05,992
2019-12-09 10:10,988
2019-12-09 10:15,1003
2019-12-09 10:20,1016
2019-12-09 10:25,1040
2019-12-09 10:30,1051
2019-12-09 10:35,1046
2019-12-09 10:40,1056
2019-12-09 10:45,1078
2019-12-09 10:50,1080
2019-12-09 10:55,1103
2019-12-09 11:00,1106
2019-12-09 11:05,1103
2019-12-09 11:10,1123
2019-12-09 11:15,1138
2019-12-09 11:20,1143
2019-12-09 11:25,1149
2019-12-09 11:30,1150
2019-12-09 11:35,1171
2019-12-09 11:40,1179
2019-12-09 11:45,1183
2019-12-09 11:50,1190
2019-12-09 11:55,1207
2019-12-09 12:00,1198
2019-12-09 12:05,1181
2019-12-09 12:10,1181
2019-12-09 12:15,1188
2019-12-09 12:20,1200
2019-12-09 12:25,1213
2019-12-09 12:30,1208
2019-12-09 12:35,1218
2019-12-09 12:40,1240
2019-12-09 12:45,1238
2019-12-09 12:50,1245
2019-12-09 12:55,1228
2019-12-09 13:00,1243
2019-12-09 13:05,1238
2019-12-09 13:10,1256
2019-12-09 13:15,1267
2019-12-09 13:20,1271
2019-12-09 13:25,1275
2019-12-09 13:30,1274
2019-12-09 13:35,1299
2019-12-09 13:40,1305
2019-12-09 13:45,1333
2019-12-09 13:50,1334
2019-12-09 13:55,1355
2019-12-09 14:00,1374
2019-12-09 14:05,1365
2019-12-09 14:10,1369
2019-12-09 14:15,1385
2019-12-09 14:20,1402
2019-12-09 14:25,1404
2019-12-09 14:30,1411
2019-12-09 14:35,1423
2019-12-09 14:40,1426
2019-12-09 14:45,1468
2019-12-09 14:50,1469
2019-12-09 14:55,1473
2019-12-09 15:00,
2019-12-09 15:05,
2019-12-09 15:10,1534
2019-12-09 15:15,1530
2019-12-09 15:20,1540
2019-12-09 15:25,1573
2019-12-09 15:30,1582
2019-12-09 15:35,1605
2019-12-09 15:40,1627
2019-12-09 15:45,1626
2019-12-09 15:50,1616
2019-12-09 15:55,1639
2019-12-09 16:00,1638
2019-12-09 16:05,1645
2019-12-09 16:10,1663
2019-12-09 16:15,1679
2019-12-09 16:20,1674
2019-12-09 16:25,1706
2019-12-09 16:30,1709
2019-12-09 16:35,1719
2019-12-09 16:40,1720
2019-12-09 16:45,1758
2019-12-09 16:50,1782
2019-12-09 16:55,1801
2019-12-09 17:00,1810
2019-12-09 17:05,1807
2019-12-09 17:10,1803
2019-12-09 17:15,1814
2019-12-09 17:20,1802
2019-12-09 17:25,1815
2019-12-09 17:30,1868
2019-12-09 17:35,1896
2019-12-09 17:40,1907
2019-12-09 17:45,1910
2019-12-09 17:50,1915
2019-12-09 17:55,1925
2019-12-09 18:00,1913
2019-12-09 18:05,1921
2019-12-09 18:10,1944
2019-12-09 18:15,1938
2019-12-09 18:20,1956
2019-12-09 18:25,1961
2019-12-09 18:30,1982
2019-12-09 18:35,1960
2019-12-09 18:40,1946
2019-12-09 18:45,1970
2019-12-09 18:50,1973
2019-12-09 18:55,1988
2019-12-09 19:00,1988
2019-12-09 19:05,1972
2019-12-09 19:10,1955
2019-12-09 19:15,1956
2019-12-09 19:20,1949
2019-12-09 19:25,1932
2019-12-09 19:30,1927
2019-12-09 19:35,1922
2019-12-09 19:40,1945
2019-12-09 19:45,1954
2019-12-09 19:50,1982
2019-12-09 19:55,1977
2019-12-09 20:00,1978
2019-12-09 20:05,1962
2019-12-09 20:10,1979
2019-12-09 20:15,2005
2019-12-09 20:20,1985
2019-12-09 20:25,1981
2019-12-09 20:30,1961
2019-12-09 20:35,1963
2019-12-09 20:40,1975
2019-12-09 20:45,1988
2019-12-09 20:50,1970
2019-12-09 20:55,1956
2019-12-09 21:00,1952
2019-12-09 21:05,1938
2019-12-09 21:10,1927
2019-12-09 21:15,1910
2019-12-09 21:20,1885
2019-12-09 21:25,1863
2019-12-09 21:30,1819
2019-12-09 21:35,1793
2019-12-09 21:40,1780
2019-12-09 21:45,1755
2019-12-09 21:50,1744
2019-12-09 21:55,1733
2019-12-09 22:00,1724
2019-12-09 22:05,1704
2019-12-09 22:10,1689
2019-12-09 22:15,1669
2019-12-09 22:20,1641
2019-12-09 22:25,1619
2019-12-09 22:30,1603
2019-12-09 22:35,1594
2019-12-09 22:40,1570
2019-12-09 22:45,1549
2019-12-09 22:50,1533
2019-12-09 22:55,1528
2019-12-09 23:00,1520
2019-12-09 23:05,1517
2019-12-09 23:10,1506
2019-12-09 23:15,1492
2019-12-09 23:20,1493
2019-12-09 23:25,1474
2019-12-09 23:30,1452
2019-12-09 23:35,1445
2019-12-09 23:40,1428
2019-12-09 23:45,1410
2019-12-09 23:50,1399
2019-12-09 23:55,1403
2019-12-10 00:00,1402
2019-12-10 00:05,1384
2019-12-10 00:10,1370
2019-12-10 00:15,1350
2019-12-10 00:20,1360
2019-12-10 00:25,1365
2019-12-10 00:30,1367
2019-12-10 00:35,1369
2019-12-10 00:40,1384
2019-12-10 00:45,1398
2019-12-10 00:50,1399
2019-12-10 00:55,1390
2019-12-10 01:00,1374
2019-12-10 01:05,1373
2019-12-10 01:10,1383
2019-12-10 01:15,1385
2019-12-10 01:20,1365
2019-12-10 01:25,1358
2019-12-10 01:30,1369
2019-12-10 01:35,1373
2019-12-10 01:40,1378
2019-12-10 01:45,1373
2019-12-10 01:50,1362
2019-12-10 01:55,1342
2019-12-10 02:00,1343
2019-12-10 02:05,1344
2019-12-10 02:10,1339
2019-12-10 02:15,1340
2019-12-10 02:20,1335
2019-12-10 02:25,1336
2019-12-10 02:30,1334
2019-12-10 02:35,1315
2019-12-10 02:40,1302
2019-12-10 02:45,1310
2019-12-10 02:50,1297
2019-12-10 02:55,1281
2019-12-10 03:00,1260
2019-12-10 03:05,1255
2019-12-10 03:10,1236
2019-12-10 03:15,1211
2019-12-10 03:20,1196
2019-12-10 03:25,1188
2019-12-10 03:30,1182
2019-12-10 03:35,1167
2019-12-10 03:40,1168
2019-12-10 03:45,1145
2019-12-10 03:50,1125
2019-12-10 03:55,1109
2019-12-10 04:00,1096
2019-12-10 04:05,1088
2019-12-10 04:10,1079
2019-12-10 04:15,1080
2019-12-10 04:20,1085
2019-12-10 04:25,1062
2019-12-10 04:30,1045
2019-12-10 04:35,1041
2019-12-10 04:40,1031
2019-12-10 04:45,1013
2019-12-10 04:50,1002
2019-12-10 04:55,999
2019-12-10 05:00,998
2019-12-10 05:05,1021
2019-12-10 05:10,1010
2019-12-10 05:15,992
2019-12-10 05:20,971
2019-12-10 05:25,957
2019-12-10 05:30,952
2019-12-10 05:35,945
2019-12-10 05:40,932
2019-12-10 05:45,913
2019-12-10 05:50,915
2019-12-10 05:55,910
2019-12-10 06:00,910
2019-12-10 06:05,895
2019-12-10 06:10,888
2019-12-10 06:15,882
2019-12-10 06:20,869
2019-12-10 06:25,868
2019-12-10 06:30,860
2019-12-10 06:35,858
2019-12-10 06:40,857
2019-12-10 06:45,852
2019-12-10 06:50,851
2019-12-10 06:55,851
2019-12-10 07:00,843
2019-12-10 07:05,835
2019-12-10 07:10,834
2019-12-10 07:15,845
2019-12-10 07:20,847
2019-12-10 07:25,860
2019-12-10 07:30,866
2019-12-10 07:35,855
2019-12-10 07:40,850
2019-12-10 07:45,835
2019-12-10 07:50,835
2019-12-10 07:55,827
2019-12-10 08:00,837
2019-12-10 08:05,851
2019-12-10 08:10,849
2019-12-10 08:15,832
2019-12-10 08:20,827
2019-12-10 08:25,819
2019-12-10 08:30,841
2019-12-10 08:35,851
2019-12-10 08:40,853
2019-12-10 08:45,859
2019-12-10 08:50,864
2019-12-10 08:55,881
2019-12-10 09:00,896
2019-12-10 09:05,894
2019-12-10 09:10,907
2019-12-10 09:15,908
2019-12-10 09:20,905
2019-12-10 09:25,918
2019-12-10 09:30,917
2019-12-10 09:35,929
2019-12-10 09:40,937
2019-12-10 09:45,935
2019-12-10 09:50,941
2019-12-10 09:55,936
2019-12-10 10:00,949
2019-12-10 10:05,946
2019-12-10 10:10,960
2019-12-10 10:15,985
2019-12-10 10:20,1001
2019-12-10 10:25,1012
2019-12-10 10:30,1017
2019-12-10 10:35,1024
2019-12-10 10:40,1041
2019-12-10 10:45,1036
2019-12-10 10:50,1041
2019-12-10 10:55,1064
2019-12-10 11:00,1083
2019-12-10 11:05,1089
2019-12-10 11:10,1083
2019-12-10 11:15,1086
2019-12-10 11:20,1084
2019-12-10 11:25,1097
2019-12-10 11:30,1083
2019-12-10 11:35,1093
2019-12-10 11:40,1093
2019-12-10 11:45,1102
2019-12-10 11:50,1115
2019-12-10 11:55,1118
2019-12-10 12:00,1111
2019-12-10 12:05,1134
2019-12-10 12:10,1136
2019-12-10 12:15,1153
2019-12-10 12:20,1154
2019-12-10 12:25,1153
2019-12-10 12:30,1163
2019-12-10 12:35,1179
2019-12-10 12:40,1187
2019-12-10 12:45,1199
2019-12-10 12:50,1198
2019-12-10 12:55,1198
2019-12-10 13:00,1212
2019-12-10 13:05,1212
2019-12-10 13:10,1236
2019-12-10 13:15,1251
2019-12-10 13:20,1251
2019-12-10 13:25,1275
2019-12-10 13:30,1264
2019-12-10 13:35,1276
2019-12-10 13:40,1310
2019-12-10 13:45,1308
2019-12-10 13:50,1308
2019-12-10 13:55,1316
2019-12-10 14:00,1320
2019-12-10 14:05,1331
2019-12-10 14:10,1334
2019-12-10 14:15,1348
2019-12-10 14:20,1355
2019-12-10 14:25,1356
2019-12-10 14:30,1356
2019-12-10 14:35,1355
2019-12-10 14:40,1375
2019-12-10 14:45,1400
2019-12-10 14:50,1427
2019-12-10 14:55,1437
2019-12-10 15:00,1422
2019-12-10 15:05,1422
2019-12-10 15:10,1421
2019-12-10 15:15,1435
2019-12-10 15:20,1448
2019-12-10 15:25,1453
2019-12-10 15:30,1452
2019-12-10 15:35,1474
2019-12-10 15:40,1469
2019-12-10 15:45,1494
2019-12-10 15:50,1482
2019-12-10 15:55,1510
2019-12-10 16:00,1536
2019-12-10 16:05,1556
2019-12-10 16:10,1556
2019-12-10 16:15,1576
2019-12-10 16:20,1604
2019-12-10 16:25,1612
2019-12-10 16:30,1610
2019-12-10 16:35,1608
2019-12-10 16:40,1638
2019-12-10 16:45,1627
2019-12-10 16:50,1661
2019-12-10 16:55,1661
2019-12-10 17:00,1658
2019-12-10 17:05,1677
2019-12-10 17:10,1677
2019-12-10 17:15,1721
2019-12-10 17:20,1743
2019-12-10 17:25,1755
2019-12-10 17:30,1770
2019-12-10 17:35,1788
2019-12-10 17:40,1785
2019-12-10 17:45,1787
2019-12-10 17:50,1811
2019-12-10 17:55,1825
2019-12-10 18:00,1833
2019-12-10 18:05,1858
2019-12-10 18:10,1860
2019-12-10 18:15,1843
2019-12-10 18:20,1837
2019-12-10 18:25,1849
2019-12-10 18:30,1849
2019-12-10 18:35,1859
2019-12-10 18:40,1861
2019-12-10 18:45,1879
2019-12-10 18:50,1852
2019-12-10 18:55,1842
2019-12-10 19:00,1838
2019-12-10 19:05,1828
2019-12-10 19:10,1844
2019-12-10 19:15,1826
2019-12-10 19:20,1851
2019-12-10 19:25,1861
2019-12-10 19:30,1869
2019-12-10 19:35,1868
2019-12-10 19:40,1867
2019-12-10 19:45,1862
2019-12-10 19:50,1839
2019-12-10 19:55,1857
2019-12-10 20:00,1848
2019-12-10 20:05,1837
2019-12-10 20:10,1814
2019-12-10 20:15,1801
2019-12-10 20:20,1812
2019-12-10 20:25,1800
2019-12-10 20:30,1789
2019-12-10 20:35,1769
2019-12-10 20:40,1791
2019-12-10 20:45,1779
2019-12-10 20:50,1775
2019-12-10 20:55,1779
2019-12-10 21:00,1772
2019-12-10 21:05,1777
2019-12-10 21:10,1749
2019-12-10 21:15,1754
2019-12-10 21:20,1746
2019-12-10 21:25,1734
2019-12-10 21:30,1709
2019-12-10 21:35,1690
2019-12-10 21:40,1660
2019-12-10 21:45,1665
2019-12-10 21:50,1649
2019-12-10 21:55,1653
2019-12-10 22:00,1641
2019-12-10 22:05,1633
2019-12-10 22:10,1606
2019-12-10 22:15,1586
2019-12-10 22:20,1575
2019-12-10 22:25,1562
2019-12-10 22:30,1525
2019-12-10 22:35,1519
2019-12-10 22:40,1500
2019-12-10 22:45,1499
2019-12-10 22:50,1477
2019-12-10 22:55,1462
2019-12-10 23:00,1446
2019-12-10 23:05,1444
2019-12-10 23:10,1436
2019-12-10 23:15,
2019-12-10 23:20,
2019-12-10 23:25,
2019-12-10 23:30,1265
2019-12-10 23:35,1360
2019-12-10 23:40,1363
2019-12-10 23:45,1366
2019-12-10 23:50,1360
2019-12-10 23:55,1356
2019-12-11 00:00,1348
2019-12-11 00:05,1344
2019-12-11 00:10,1351
2019-12-11 00:15,1344
2019-12-11 00:20,1343
2019-12-11 00:25,1330
2019-12-11 00:30,1318
2019-12-11 00:35,1309
2019-12-11 00:40,1297
2019-12-11 00:45,1304
2019-12-11 00:50,1305
2019-12-11 00:55,1312
2019-12-11 01:00,1307
2019-12-11 01:05,1291
2019-12-11 01:10,1279
2019-12-11 01:15,1267
2019-12-11 01:20,1281
2019-12-11 01:25,1295
2019-12-11 01:30,1291
2019-12-11 01:35,1269
2019-12-11 01:40,1255
2019-12-11 01:45,1257
2019-12-11 01:50,1252
2019-12-11 01:55,1261
2019-12-11 02:00,1262
2019-12-11 02:05,1250
2019-12-11 02:10,1225
2019-12-11 02:15,1225
2019-12-11 02:20,1202
2019-12-11 02:25,1197
2019-12-11 02:30,1200
2019-12-11 02:35,1205
2019-12-11 02:40,1219
2019-12-11 02:45,1214
2019-12-11 02:50,1200
2019-12-11 02:55,1194
2019-12-11 03:00,1186
2019-12-11 03:05,1167
2019-12-11 03:10,1153
2019-12-11 03:15,1142
2019-12-11 03:20,1139
2019-12-11 03:25,1123
2019-12-11 03:30,1107
2019-12-11 03:35,1082
2019-12-11 03:40,1067
2019-12-11 03:45,1055
2019-12-11 03:50,1060
2019-12-11 03:55,1049
2019-12-11 04:00,1046
2019-12-11 04:05,1029
2019-12-11 04:10,1020
2019-12-11 04:15,1004
2019-12-11 04:20,992
2019-12-11 04:25,974
2019-12-11 04:30,970
2019-12-11 04:35,977
2019-12-11 04:40,981
2019-12-11 04:45,969
2019-12-11 04:50,941
2019-12-11 04:55,925
2019-12-11 05:00,917
2019-12-11 05:05,927
2019-12-11 05:10,915
2019-12-11 05:15,926
2019-12-11 05:20,921
2019-12-11 05:25,912
2019-12-11 05:30,904
2019-12-11 05:35,901
2019-12-11 05:40,873
2019-12-11 05:45,860
2019-12-11 05:50,859
2019-12-11 05:55,858
2019-12-11 06:00,848
2019-12-11 06:05,846
2019-12-11 06:10,828
2019-12-11 06:15,822
2019-12-11 06:20,805
2019-12-11 06:25,803
2019-12-11 06:30,801
2019-12-11 06:35,781
2019-12-11 06:40,779
2019-12-11 06:45,785
2019-12-11 06:50,782
2019-12-11 06:55,787
2019-12-11 07:00,792
2019-12-11 07:05,781
2019-12-11 07:10,780
2019-12-11 07:15,775
2019-12-11 07:20,782
2019-12-11 07:25,773
2019-12-11 07:30,773
2019-12-11 07:35,777
2019-12-11 07:40,781
2019-12-11 07:45,771
2019-12-11 07:50,774
2019-12-11 07:55,768
2019-12-11 08:00,773
2019-12-11 08:05,770
2019-12-11 08:10,767
2019-12-11 08:15,763
2019-12-11 08:20,760
2019-12-11 08:25,768
2019-12-11 08:30,768
2019-12-11 08:35,776
2019-12-11 08:40,769
2019-12-11 08:45,777
2019-12-11 08:50,780
2019-12-11 08:55,794
2019-12-11 09:00,799
2019-12-11 09:05,804
2019-12-11 09:10,804
2019-12-11 09:15,814
2019-12-11 09:20,818
2019-12-11 09:25,813
2019-12-11 09:30,830
2019-12-11 09:35,847
2019-12-11 09:40,861
2019-12-11 09:45,870
2019-12-11 09:50,871
2019-12-11 09:55,891
2019-12-11 10:00,913
2019-12-11 10:05,924
2019-12-11 10:10,946
2019-12-11 10:15,948
2019-12-11 10:20,972
2019-12-11 10:25,995
2019-12-11 10:30,1000
2019-12-11 10:35,991
2019-12-11 10:40,1011
2019-12-11 10:45,1002
2019-12-11 10:50,1013
2019-12-11 10:55,1030
2019-12-11 11:00,1037
2019-12-11 11:05,1030
2019-12-11 11:10,1043
2019-12-11 11:15,1046
2019-12-11 11:20,1047
2019-12-11 11:25,1061
2019-12-11 11:30,1060
2019-12-11 11:35,1074
2019-12-11 11:40,1077
2019-12-11 11:45,1084
2019-12-11 11:50,1105
2019-12-11 11:55,1105
2019-12-11 12:00,1111
2019-12-11 12:05,1113
2019-12-11 12:10,1113
2019-12-11 12:15,1120
2019-12-11 12:20,1119
2019-12-11 12:25,1128
2019-12-11 12:30,1121
2019-12-11 12:35,1125
2019-12-11 12:40,1094
2019-12-11 12:45,1079
2019-12-11 12:50,1077
2019-12-11 12:55,1034
2019-12-11 13:00,943
2019-12-11 13:05,733
2019-12-11 13:10,460
2019-12-11 13:15,428
2019-12-11 13:20,402
2019-12-11 13:25,402
2019-12-11 13:30,393
2019-12-11 13:35,380
2019-12-11 13:40,371
2019-12-11 13:45,372
2019-12-11 13:50,366
2019-12-11 13:55,368
2019-12-11 14:00,346
2019-12-11 14:05,341
2019-12-11 14:10,342
2019-12-11 14:15,326
2019-12-11 14:20,331
2019-12-11 14:25,323
2019-12-11 14:30,331
2019-12-11 14:35,332
2019-12-11 14:40,352
2019-12-11 14:45,336
2019-12-11 14:50,336
2019-12-11 14:55,348
2019-12-11 15:00,343
2019-12-11 15:05,360
2019-12-11 15:10,354
2019-12-11 15:15,356
2019-12-11 15:20,357
2019-12-11 15:25,349
2019-12-11 15:30,345
2019-12-11 15:35,352
2019-12-11 15:40,375
2019-12-11 15:45,386
2019-12-11 15:50,420
2019-12-11 15:55,431
2019-12-11 16:00,448
2019-12-11 16:05,475
2019-12-11 16:10,494
2019-12-11 16:15,504
2019-12-11 16:20,512
2019-12-11 16:25,535
2019-12-11 16:30,543
2019-12-11 16:35,520
2019-12-11 16:40,534
2019-12-11 16:45,537
2019-12-11 16:50,550
2019-12-11 16:55,535
2019-12-11 17:00,545
2019-12-11 17:05,533
2019-12-11 17:10,619
2019-12-11 17:15,742
2019-12-11 17:20,853
2019-12-11 17:25,923
2019-12-11 17:30,1020
2019-12-11 17:35,1106
2019-12-11 17:40,1179
2019-12-11 17:45,1218
2019-12-11 17:50,1302
2019-12-11 17:55,1365
2019-12-11 18:00,1427
2019-12-11 18:05,1495
2019-12-11 18:10,1568
2019-12-11 18:15,1626
2019-12-11 18:20,1645
2019-12-11 18:25,1678
2019-12-11 18:30,1717
2019-12-11 18:35,1763
2019-12-11 18:40,1806
2019-12-11 18:45,1817
2019-12-11 18:50,1849
2019-12-11 18:55,1861
2019-12-11 19:00,1896
2019-12-11 19:05,1915
2019-12-11 19:10,1944
2019-12-11 19:15,1976
2019-12-11 19:20,2007
2019-12-11 19:25,2039
2019-12-11 19:30,2055
2019-12-11 19:35,2042
2019-12-11 19:40,2056
2019-12-11 19:45,2036
2019-12-11 19:50,2065
2019-12-11 19:55,2067
2019-12-11 20:00,2065
2019-12-11 20:05,2065
2019-12-11 20:10,2046
2019-12-11 20:15,2043
2019-12-11 20:20,2037
2019-12-11 20:25,2023
2019-12-11 20:30,2005
2019-12-11 20:35,1990
2019-12-11 20:40,1996
2019-12-11 20:45,1986
2019-12-11 20:50,1970
2019-12-11 20:55,1935
2019-12-11 21:00,1898
2019-12-11 21:05,1897
2019-12-11 21:10,1887
2019-12-11 21:15,1850
2019-12-11 21:20,1839
2019-12-11 21:25,1819
2019-12-11 21:30,1789
2019-12-11 21:35,1800
2019-12-11 21:40,1786
2019-12-11 21:45,1755
2019-12-11 21:50,1749
2019-12-11 21:55,1727
2019-12-11 22:00,1704
2019-12-11 22:05,1704
2019-12-11 22:10,1704
2019-12-11 22:15,1685
2019-12-11 22:20,1672
2019-12-11 22:25,1651
2019-12-11 22:30,1641
2019-12-11 22:35,1623
2019-12-11 22:40,1596
2019-12-11 22:45,1585
2019-12-11 22:50,1562
2019-12-11 22:55,1529
2019-12-11 23:00,1530
2019-12-11 23:05,1508
2019-12-11 23:10,1474
2019-12-11 23:15,1458
2019-12-11 23:20,1438
2019-12-11 23:25,1410
2019-12-11 23:30,1404
2019-12-11 23:35,1379
2019-12-11 23:40,1358
2019-12-11 23:45,1341
2019-12-11 23:50,1332
2019-12-11 23:55,1330
2019-12-12 00:00,1329
2019-12-12 00:05,1306
2019-12-12 00:10,1301
2019-12-12 00:15,1303
2019-12-12 00:20,1307
2019-12-12 00:25,1301
2019-12-12 00:30,1314
2019-12-12 00:35,1317
2019-12-12 00:40,1312
2019-12-12 00:45,1304
2019-12-12 00:50,1284
2019-12-12 00:55,1286
2019-12-12 01:00,1276
2019-12-12 01:05,1279
2019-12-12 01:10,1275
2019-12-12 01:15,1286
2019-12-12 01:20,1270
2019-12-12 01:25,1275
2019-12-12 01:30,1272
2019-12-12 01:35,1251
2019-12-12 01:40,1256
2019-12-12 01:45,1255
2019-12-12 01:50,1245
2019-12-12 01:55,1229
2019-12-12 02:00,0
2019-12-12 02:05,1256
2019-12-12 02:10,1260
2019-12-12 02:15,1250
2019-12-12 02:20,1246
2019-12-12 02:25,1232
2019-12-12 02:30,1238
2019-12-12 02:35,1234
2019-12-12 02:40,1230
2019-12-12 02:45,1215
2019-12-12 02:50,1206
2019-12-12 02:55,1206
2019-12-12 03:00,1213
2019-12-12 03:05,1205
2019-12-12 03:10,1178
2019-12-12 03:15,1203
2019-12-12 03:20,1201
2019-12-12 03:25,1181
2019-12-12 03:30,1164
2019-12-12 03:35,1148
2019-12-12 03:40,1133
2019-12-12 03:45,1129
2019-12-12 03:50,1142
2019-12-12 03:55,1119
2019-12-12 04:00,1110
2019-12-12 04:05,1114
2019-12-12 04:10,1094
2019-12-12 04:15,1084
2019-12-12 04:20,1072
2019-12-12 04:25,1074
2019-12-12 04:30,1057
2019-12-12 04:35,1048
2019-12-12 04:40,1023
2019-12-12 04:45,1004
2019-12-12 04:50,985
2019-12-12 04:55,985
2019-12-12 05:00,995
2019-12-12 05:05,979
2019-12-12 05:10,967
2019-12-12 05:15,968
2019-12-12 05:20,959
2019-12-12 05:25,955
2019-12-12 05:30,945
2019-12-12 05:35,937
2019-12-12 05:40,928
2019-12-12 05:45,901
2019-12-12 05:50,898
2019-12-12 05:55,884
2019-12-12 06:00,871
2019-12-12 06:05,858
2019-12-12 06:10,852
2019-12-12 06:15,858
2019-12-12 06:20,845
2019-12-12 06:25,837
2019-12-12 06:30,832
2019-12-12 06:35,831
2019-12-12 06:40,816
2019-12-12 06:45,823
2019-12-12 06:50,817
2019-12-12 06:55,827
2019-12-12 07:00,827
2019-12-12 07:05,812
2019-12-12 07:10,809
2019-12-12 07:15,806
2019-12-12 07:20,823
2019-12-12 07:25,813
2019-12-12 07:30,812
2019-12-12 07:35,799
2019-12-12 07:40,789
2019-12-12 07:45,801
2019-12-12 07:50,802
2019-12-12 07:55,812
2019-12-12 08:00,799
2019-12-12 08:05,801
2019-12-12 08:10,801
2019-12-12 08:15,800
2019-12-12 08:20,807
2019-12-12 08:25,812
2019-12-12 08:30,819
2019-12-12 08:35,834
2019-12-12 08:40,836
2019-12-12 08:45,842
2019-12-12 08:50,850
2019-12-12 08:55,857
2019-12-12 09:00,866
2019-12-12 09:05,873
2019-12-12 09:10,872
2019-12-12 09:15,876
2019-12-12 09:20,872
2019-12-12 09:25,887
2019-12-12 09:30,904
2019-12-12 09:35,916
2019-12-12 09:40,924
2019-12-12 09:45,923
2019-12-12 09:50,924
2019-12-12 09:55,933
2019-12-12 10:00,946
2019-12-12 10:05,955
2019-12-12 10:10,967
2019-12-12 10:15,984
2019-12-12 10:20,995
2019-12-12 10:25,995
2019-12-12 10:30,1008
2019-12-12 10:35,1026
2019-12-12 10:40,1031
2019-12-12 10:45,1047
2019-12-12 10:50,1055
2019-12-12 10:55,1060
2019-12-12 11:00,1082
2019-12-12 11:05,1089
2019-12-12 11:10,1071
2019-12-12 11:15,1080
2019-12-12 11:20,1089
2019-12-12 11:25,1082
2019-12-12 11:30,1088
2019-12-12 11:35,1092
2019-12-12 11:40,1080
2019-12-12 11:45,1084
2019-12-12 11:50,1091
2019-12-12 11:55,1114
2019-12-12 12:00,1083
2019-12-12 12:05,1096
2019-12-12 12:10,1101
2019-12-12 12:15,1102
2019-12-12 12:20,1120
2019-12-12 12:25,1130
2019-12-12 12:30,1136
2019-12-12 12:35,1143
2019-12-12 12:40,1137
2019-12-12 12:45,1150
2019-12-12 12:50,1164
2019-12-12 12:55,1180
2019-12-12 13:00,1211
2019-12-12 13:05,1202
2019-12-12 13:10,1212
2019-12-12 13:15,1231
2019-12-12 13:20,1224
2019-12-12 13:25,1219
2019-12-12 13:30,1230
2019-12-12 13:35,1237
2019-12-12 13:40,1253
2019-12-12 13:45,1266
2019-12-12 13:50,1270
2019-12-12 13:55,1293
2019-12-12 14:00,1306
2019-12-12 14:05,1311
2019-12-12 14:10,1310
2019-12-12 14:15,1347
2019-12-12 14:20,1346
2019-12-12 14:25,1339
2019-12-12 14:30,1370
2019-12-12 14:35,1369
2019-12-12 14:40,1368
2019-12-12 14:45,1384
2019-12-12 14:50,1378
2019-12-12 14:55,1385
2019-12-12 15:00,1403
2019-12-12 15:05,1404
2019-12-12 15:10,1411
2019-12-12 15:15,1400
2019-12-12 15:20,1411
2019-12-12 15:25,1438
2019-12-12 15:30,1419
2019-12-12 15:35,1430
2019-12-12 15:40,1467
2019-12-12 15:45,1468
2019-12-12 15:50,1479
2019-12-12 15:55,1517
2019-12-12 16:00,1549
2019-12-12 16:05,1546
2019-12-12 16:10,1580
2019-12-12 16:15,1585
2019-12-12 16:20,1598
2019-12-12 16:25,1626
2019-12-12 16:30,1651
2019-12-12 16:35,1673
2019-12-12 16:40,1685
2019-12-12 16:45,1710
2019-12-12 16:50,1721
2019-12-12 16:55,1744
2019-12-12 17:00,1742
2019-12-12 17:05,1756
2019-12-12 17:10,1771
2019-12-12 17:15,1788
2019-12-12 17:20,1780
2019-12-12 17:25,1783
2019-12-12 17:30,1798
2019-12-12 17:35,1794
2019-12-12 17:40,1807
2019-12-12 17:45,1824
2019-12-12 17:50,1829
2019-12-12 17:55,1823
2019-12-12 18:00,1812
2019-12-12 18:05,1812
2019-12-12 18:10,1831
2019-12-12 18:15,1861
2019-12-12 18:20,1897
2019-12-12 18:25,1925
2019-12-12 18:30,1935
2019-12-12 18:35,1977
2019-12-12 18:40,1985
2019-12-12 18:45,1981
2019-12-12 18:50,2004
2019-12-12 18:55,2004
2019-12-12 19:00,2006
2019-12-12 19:05,2018
2019-12-12 19:10,2003
2019-12-12 19:15,2009
2019-12-12 19:20,1997
2019-12-12 19:25,2002
2019-12-12 19:30,2012
2019-12-12 19:35,2011
2019-12-12 19:40,1987
2019-12-12 19:45,1983
2019-12-12 19:50,1980
2019-12-12 19:55,1945
2019-12-12 20:00,1938
2019-12-12 20:05,1923
2019-12-12 20:10,1921
2019-12-12 20:15,1901
2019-12-12 20:20,1891
2019-12-12 20:25,1888
2019-12-12 20:30,1861
2019-12-12 20:35,1860
2019-12-12 20:40,1850
2019-12-12 20:45,1854
2019-12-12 20:50,1845
2019-12-12 20:55,1819
2019-12-12 21:00,1812
2019-12-12 21:05,1821
2019-12-12 21:10,1827
2019-12-12 21:15,1811
2019-12-12 21:20,1793
2019-12-12 21:25,1771
2019-12-12 21:30,1767
2019-12-12 21:35,1765
2019-12-12 21:40,1749
2019-12-12 21:45,1732
2019-12-12 21:50,1728
2019-12-12 21:55,1733
2019-12-12 22:00,1711
2019-12-12 22:05,1695
2019-12-12 22:10,1672
2019-12-12 22:15,1647
2019-12-12 22:20,1626
2019-12-12 22:25,1625
2019-12-12 22:30,1593
2019-12-12 22:35,1586
2019-12-12 22:40,1565
2019-12-12 22:45,1541
2019-12-12 22:50,1509
2019-12-12 22:55,1490
2019-12-12 23:00,1480
2019-12-12 23:05,1499
2019-12-12 23:10,1498
2019-12-12 23:15,1481
2019-12-12 23:20,1483
2019-12-12 23:25,1459
2019-12-12 23:30,1439
2019-12-12 23:35,1455
2019-12-12 23:40,1440
2019-12-12 23:45,1451
2019-12-12 23:50,1437
2019-12-12 23:55,1417
2019-12-13 00:00,1400
2019-12-13 00:05,1399
2019-12-13 00:10,1409
2019-12-13 00:15,1385
2019-12-13 00:20,1366
2019-12-13 00:25,1363
2019-12-13 00:30,1347
2019-12-13 00:35,1351
2019-12-13 00:40,1353
2019-12-13 00:45,1359
2019-12-13 00:50,1347
2019-12-13 00:55,1351
2019-12-13 01:00,1347
2019-12-13 01:05,1347
2019-12-13 01:10,1348
2019-12-13 01:15,1327
2019-12-13 01:20,1314
2019-12-13 01:25,1318
2019-12-13 01:30,1336
2019-12-13 01:35,1337
2019-12-13 01:40,1331
2019-12-13 01:45,1337
2019-12-13 01:50,1330
2019-12-13 01:55,1336
2019-12-13 02:00,1339
2019-12-13 02:05,1346
2019-12-13 02:10,1324
2019-12-13 02:15,1332
2019-12-13 02:20,1325
2019-12-13 02:25,1314
2019-12-13 02:30,1302
2019-12-13 02:35,1315
2019-12-13 02:40,1303
2019-12-13 02:45,1289
2019-12-13 02:50,1289
2019-12-13 02:55,1304
2019-12-13 03:00,1304
2019-12-13 03:05,1283
2019-12-13 03:10,1280
2019-12-13 03:15,1272
2019-12-13 03:20,1258
2019-12-13 03:25,1238
2019-12-13 03:30,1222
2019-12-13 03:35,1196
2019-12-13 03:40,1186
2019-12-13 03:45,1183
2019-12-13 03:50,1172
2019-12-13 03:55,1154
2019-12-13 04:00,1149
2019-12-13 04:05,1142
2019-12-13 04:10,1119
2019-12-13 04:15,1113
2019-12-13 04:20,1099
2019-12-13 04:25,1071
2019-12-13 04:30,1050
2019-12-13 04:35,1053
2019-12-13 04:40,1053
2019-12-13 04:45,1018
2019-12-13 04:50,995
2019-12-13 04:55,976
2019-12-13 05:00,955
2019-12-13 05:05,954
2019-12-13 05:10,946
2019-12-13 05:15,939
2019-12-13 05:20,940
2019-12-13 05:25,930
2019-12-13 05:30,925
2019-12-13 05:35,915
2019-12-13 05:40,912
2019-12-13 05:45,913
2019-12-13 05:50,917
2019-12-13 05:55,918
2019-12-13 06:00,908
2019-12-13 06:05,897
2019-12-13 06:10,888
2019-12-13 06:15,884
2019-12-13 06:20,887
2019-12-13 06:25,871
2019-12-13 06:30,874
2019-12-13 06:35,894
2019-12-13 06:40,881
2019-12-13 06:45,880
2019-12-13 06:50,893
2019-12-13 06:55,887
2019-12-13 07:00,884
2019-12-13 07:05,858
2019-12-13 07:10,866
2019-12-13 07:15,873
2019-12-13 07:20,878
2019-12-13 07:25,886
2019-12-13 07:30,875
2019-12-13 07:35,875
2019-12-13 07:40,881
2019-12-13 07:45,879
2019-12-13 07:50,876
2019-12-13 07:55,868
2019-12-13 08:00,857
2019-12-13 08:05,863
2019-12-13 08:10,853
2019-12-13 08:15,862
2019-12-13 08:20,863
2019-12-13 08:25,861
2019-12-13 08:30,876
2019-12-13 08:35,871
2019-12-13 08:40,868
2019-12-13 08:45,872
2019-12-13 08:50,880
2019-12-13 08:55,892
2019-12-13 09:00,890
2019-12-13 09:05,897
2019-12-13 09:10,880
2019-12-13 09:15,888
2019-12-13 09:20,881
2019-12-13 09:25,902
2019-12-13 09:30,913
2019-12-13 09:35,910
2019-12-13 09:40,920
2019-12-13 09:45,944
2019-12-13 09:50,948
2019-12-13 09:55,959
2019-12-13 10:00,968
2019-12-13 10:05,992
2019-12-13 10:10,1000
2019-12-13 10:15,1018
2019-12-13 10:20,1023
2019-12-13 10:25,1046
2019-12-13 10:30,1055
2019-12-13 10:35,1075
2019-12-13 10:40,1066
2019-12-13 10:45,1080
2019-12-13 10:50,1088
2019-12-13 10:55,1101
2019-12-13 11:00,1110
2019-12-13 11:05,1121
2019-12-13 11:10,1128
2019-12-13 11:15,1120
2019-12-13 11:20,1128
2019-12-13 11:25,1130
2019-12-13 11:30,1145
2019-12-13 11:35,1156
2019-12-13 11:40,1161
2019-12-13 11:45,1161
2019-12-13 11:50,1182
2019-12-13 11:55,1176
2019-12-13 12:00,1170
2019-12-13 12:05,1175
2019-12-13 12:10,1166
2019-12-13 12:15,1165
2019-12-13 12:20,1183
2019-12-13 12:25,1200
2019-12-13 12:30,1206
2019-12-13 12:35,1192
2019-12-13 12:40,1206
2019-12-13 12:45,1212
2019-12-13 12:50,1203
2019-12-13 12:55,1199
2019-12-13 13:00,1227
2019-12-13 13:05,1242
2019-12-13 13:10,1236
2019-12-13 13:15,1253
2019-12-13 13:20,1255
2019-12-13 13:25,1249
2019-12-13 13:30,1272
2019-12-13 13:35,1290
2019-12-13 13:40,1296
2019-12-13 13:45,1320
2019-12-13 13:50,1329
2019-12-13 13:55,1343
2019-12-13 14:00,1361
2019-12-13 14:05,1370
2019-12-13 14:10,1379
2019-12-13 14:15,1384
2019-12-13 14:20,1381
2019-12-13 14:25,1382
2019-12-13 14:30,1398
2019-12-13 14:35,1414
2019-12-13 14:40,1428
2019-12-13 14:45,1429
2019-12-13 14:50,1453
2019-12-13 14:55,1461
2019-12-13 15:00,1487
2019-12-13 15:05,1505
2019-12-13 15:10,1531
2019-12-13 15:15,1534
2019-12-13 15:20,1561
2019-12-13 15:25,1568
2019-12-13 15:30,1582
2019-12-13 15:35,1596
2019-12-13 15:40,1617
2019-12-13 15:45,1625
2019-12-13 15:50,1637
2019-12-13 15:55,1647
2019-12-13 16:00,1661
2019-12-13 16:05,1671
2019-12-13 16:10,1690
2019-12-13 16:15,1703
2019-12-13 16:20,1675
2019-12-13 16:25,1705
2019-12-13 16:30,1720
2019-12-13 16:35,1743
2019-12-13 16:40,1740
2019-12-13 16:45,1766
2019-12-13 16:50,1762
2019-12-13 16:55,1782
2019-12-13 17:00,1801
2019-12-13 17:05,1794
2019-12-13 17:10,1808
2019-12-13 17:15,1825
2019-12-13 17:20,1818
2019-12-13 17:25,1826
2019-12-13 17:30,1831
2019-12-13 17:35,1838
2019-12-13 17:40,1848
2019-12-13 17:45,1862
2019-12-13 17:50,1870
2019-12-13 17:55,1863
2019-12-13 18:00,1881
2019-12-13 18:05,1890
2019-12-13 18:10,1890
2019-12-13 18:15,1907
2019-12-13 18:20,1918
2019-12-13 18:25,1926
2019-12-13 18:30,1904
2019-12-13 18:35,1900
2019-12-13 18:40,1886
2019-12-13 18:45,1901
2019-12-13 18:50,1890
2019-12-13 18:55,1894
2019-12-13 19:00,1888
2019-12-13 19:05,1892
2019-12-13 19:10,1923
2019-12-13 19:15,1929
2019-12-13 19:20,1930
2019-12-13 19:25,1945
2019-12-13 19:30,1955
2019-12-13 19:35,1972
2019-12-13 19:40,1962
2019-12-13 19:45,1959
2019-12-13 19:50,1961
2019-12-13 19:55,1960
2019-12-13 20:00,1948
2019-12-13 20:05,1932
2019-12-13 20:10,1940
2019-12-13 20:15,1920
2019-12-13 20:20,1899
2019-12-13 20:25,1896
2019-12-13 20:30,1909
2019-12-13 20:35,1924
2019-12-13 20:40,1927
2019-12-13 20:45,1932
2019-12-13 20:50,1942
2019-12-13 20:55,1913
2019-12-13 21:00,1903
2019-12-13 21:05,1908
2019-12-13 21:10,1885
2019-12-13 21:15,1858
2019-12-13 21:20,1844
2019-12-13 21:25,1853
2019-12-13 21:30,1861
2019-12-13 21:35,1867
2019-12-13 21:40,1864
2019-12-13 21:45,1833
2019-12-13 21:50,1846
2019-12-13 21:55,1829
2019-12-13 22:00,1815
2019-12-13 22:05,1795
2019-12-13 22:10,1788
2019-12-13 22:15,1774
2019-12-13 22:20,1749
2019-12-13 22:25,1748
2019-12-13 22:30,1734
2019-12-13 22:35,1729
2019-12-13 22:40,1684
2019-12-13 22:45,1675
2019-12-13 22:50,1682
2019-12-13 22:55,1644
2019-12-13 23:00,1611
2019-12-13 23:05,1611
2019-12-13 23:10,1619
2019-12-13 23:15,1606
2019-12-13 23:20,1589
2019-12-13 23:25,1567
2019-12-13 23:30,1544
2019-12-13 23:35,1524
2019-12-13 23:40,1507
2019-12-13 23:45,1484
2019-12-13 23:50,1454
2019-12-13 23:55,1454
2019-12-14 00:00,1449
2019-12-14 00:05,1439
2019-12-14 00:10,1421
2019-12-14 00:15,1414
2019-12-14 00:20,1428
2019-12-14 00:25,1427
2019-12-14 00:30,1439
2019-12-14 00:35,1417
2019-12-14 00:40,1441
2019-12-14 00:45,1424
2019-12-14 00:50,1407
2019-12-14 00:55,1388
2019-12-14 01:00,1374
2019-12-14 01:05,1367
2019-12-14 01:10,1348
2019-12-14 01:15,1353
2019-12-14 01:20,1348
2019-12-14 01:25,1347
2019-12-14 01:30,1336
2019-12-14 01:35,1326
2019-12-14 01:40,1331
2019-12-14 01:45,1325
2019-12-14 01:50,1317
2019-12-14 01:55,1297
2019-12-14 02:00,1277
2019-12-14 02:05,1292
2019-12-14 02:10,1315
2019-12-14 02:15,1300
2019-12-14 02:20,1290
2019-12-14 02:25,1287
2019-12-14 02:30,1294
2019-12-14 02:35,1282
2019-12-14 02:40,1281
2019-12-14 02:45,1269
2019-12-14 02:50,1264
2019-12-14 02:55,1268
2019-12-14 03:00,1254
2019-12-14 03:05,1249
2019-12-14 03:10,1233
2019-12-14 03:15,1236
2019-12-14 03:20,1253
2019-12-14 03:25,1254
2019-12-14 03:30,1246
2019-12-14 03:35,1244
2019-12-14 03:40,1248
2019-12-14 03:45,1255
2019-12-14 03:50,1254
2019-12-14 03:55,1241
2019-12-14 04:00,1236
2019-12-14 04:05,1216
2019-12-14 04:10,1219
2019-12-14 04:15,1192
2019-12-14 04:20,1175
2019-12-14 04:25,1169
2019-12-14 04:30,1163
2019-12-14 04:35,1164
2019-12-14 04:40,1153
2019-12-14 04:45,1145
2019-12-14 04:50,1123
2019-12-14 04:55,1114
2019-12-14 05:00,1097
2019-12-14 05:05,1077
2019-12-14 05:10,1074
2019-12-14 05:15,1063
2019-12-14 05:20,1062
2019-12-14 05:25,1061
2019-12-14 05:30,1054
2019-12-14 05:35,1049
2019-12-14 05:40,1038
2019-12-14 05:45,1043
2019-12-14 05:50,1035
2019-12-14 05:55,1042
2019-12-14 06:00,1029
2019-12-14 06:05,1035
2019-12-14 06:10,1025
2019-12-14 06:15,1014
2019-12-14 06:20,1009
2019-12-14 06:25,1008
2019-12-14 06:30,1009
2019-12-14 06:35,1015
2019-12-14 06:40,1014
2019-12-14 06:45,1007
2019-12-14 06:50,1011
2019-12-14 06:55,1004
2019-12-14 07:00,999
2019-12-14 07:05,989
2019-12-14 07:10,993
2019-12-14 07:15,1002
2019-12-14 07:20,1012
2019-12-14 07:25,1010
2019-12-14 07:30,1014
2019-12-14 07:35,1023
2019-12-14 07:40,1028
2019-12-14 07:45,1025
2019-12-14 07:50,1037
2019-12-14 07:55,1047
2019-12-14 08:00,1059
2019-12-14 08:05,1065
2019-12-14 08:10,1080
2019-12-14 08:15,1093
2019-12-14 08:20,1089
2019-12-14 08:25,1092
2019-12-14 08:30,1094
2019-12-14 08:35,1096
2019-12-14 08:40,1121
2019-12-14 08:45,1128
2019-12-14 08:50,1136
2019-12-14 08:55,1134
2019-12-14 09:00,1128
2019-12-14 09:05,1148
2019-12-14 09:10,1155
2019-12-14 09:15,1171
2019-12-14 09:20,1189
2019-12-14 09:25,1190
2019-12-14 09:30,1178
2019-12-14 09:35,1192
2019-12-14 09:40,1206
2019-12-14 09:45,1215
2019-12-14 09:50,1226
2019-12-14 09:55,1236
2019-12-14 10:00,1256
2019-12-14 10:05,1287
2019-12-14 10:10,1316
2019-12-14 10:15,1335
2019-12-14 10:20,1352
2019-12-14 10:25,1377
2019-12-14 10:30,1399
2019-12-14 10:35,1394
2019-12-14 10:40,1403
2019-12-14 10:45,1409
2019-12-14 10:50,1454
2019-12-14 10:55,1458
2019-12-14 11:00,1474
2019-12-14 11:05,1478
2019-12-14 11:10,1482
2019-12-14 11:15,1488
2019-12-14 11:20,1485
2019-12-14 11:25,1495
2019-12-14 11:30,1505
2019-12-14 11:35,1521
2019-12-14 11:40,1532
2019-12-14 11:45,1529
2019-12-14 11:50,1532
2019-12-14 11:55,1525
2019-12-14 12:00,1543
2019-12-14 12:05,1564
2019-12-14 12:10,1578
2019-12-14 12:15,1578
2019-12-14 12:20,1594
2019-12-14 12:25,1611
2019-12-14 12:30,1639
2019-12-14 12:35,1654
2019-12-14 12:40,1675
2019-12-14 12:45,1686
2019-12-14 12:50,1677
2019-12-14 12:55,1692
2019-12-14 13:00,1692
2019-12-14 13:05,1683
2019-12-14 13:10,1693
2019-12-14 13:15,1704
2019-12-14 13:20,1720
2019-12-14 13:25,1728
2019-12-14 13:30,1733
2019-12-14 13:35,1743
2019-12-14 13:40,1739
2019-12-14 13:45,1762
2019-12-14 13:50,1764
2019-12-14 13:55,1760
2019-12-14 14:00,1759
2019-12-14 14:05,1774
2019-12-14 14:10,1768
2019-12-14 14:15,1780
2019-12-14 14:20,1797
2019-12-14 14:25,1789
2019-12-14 14:30,1779
2019-12-14 14:35,1789
2019-12-14 14:40,1801
2019-12-14 14:45,1838
2019-12-14 14:50,1851
2019-12-14 14:55,1852
2019-12-14 15:00,1864
2019-12-14 15:05,1870
2019-12-14 15:10,1870
2019-12-14 15:15,1897
2019-12-14 15:20,1910
2019-12-14 15:25,1933
2019-12-14 15:30,1945
2019-12-14 15:35,1935
2019-12-14 15:40,1920
2019-12-14 15:45,1946
2019-12-14 15:50,1983
2019-12-14 15:55,1968
2019-12-14 16:00,1966
2019-12-14 16:05,1967
2019-12-14 16:10,1981
2019-12-14 16:15,1966
2019-12-14 16:20,1979
2019-12-14 16:25,2003
2019-12-14 16:30,2034
2019-12-14 16:35,2077
2019-12-14 16:40,2069
2019-12-14 16:45,2070
2019-12-14 16:50,2103
2019-12-14 16:55,2121
2019-12-14 17:00,2108
2019-12-14 17:05,2113
2019-12-14 17:10,2136
2019-12-14 17:15,2120
2019-12-14 17:20,2136
2019-12-14 17:25,2136
2019-12-14 17:30,2136
2019-12-14 17:35,2146
2019-12-14 17:40,2167
2019-12-14 17:45,2164
2019-12-14 17:50,2165
2019-12-14 17:55,2164
2019-12-14 18:00,2151
2019-12-14 18:05,2151
2019-12-14 18:10,2156
2019-12-14 18:15,2157
2019-12-14 18:20,2151
2019-12-14 18:25,2142
2019-12-14 18:30,2132
2019-12-14 18:35,2121
2019-12-14 18:40,2138
2019-12-14 18:45,2139
2019-12-14 18:50,2137
2019-12-14 18:55,2143
2019-12-14 19:00,2133
2019-12-14 19:05,2126
2019-12-14 19:10,2142
2019-12-14 19:15,2157
2019-12-14 19:20,2136
2019-12-14 19:25,2130
2019-12-14 19:30,2149
2019-12-14 19:35,2133
2019-12-14 19:40,2142
2019-12-14 19:45,2165
2019-12-14 19:50,2152
2019-12-14 19:55,2161
2019-12-14 20:00,2166
2019-12-14 20:05,2156
2019-12-14 20:10,2154
2019-12-14 20:15,2167
2019-12-14 20:20,2169
2019-12-14 20:25,2148
2019-12-14 20:30,2163
2019-12-14 20:35,2151
2019-12-14 20:40,2148
2019-12-14 20:45,2150
2019-12-14 20:50,2142
2019-12-14 20:55,2107
2019-12-14 21:00,2115
2019-12-14 21:05,2106
2019-12-14 21:10,2087
2019-12-14 21:15,2076
2019-12-14 21:20,2079
2019-12-14 21:25,2074
2019-12-14 21:30,2078
2019-12-14 21:35,2093
2019-12-14 21:40,2082
2019-12-14 21:45,2070
2019-12-14 21:50,2076
2019-12-14 21:55,2053
2019-12-14 22:00,2030
2019-12-14 22:05,2014
2019-12-14 22:10,2012
2019-12-14 22:15,2015
2019-12-14 22:20,2014
2019-12-14 22:25,2016
2019-12-14 22:30,1998
2019-12-14 22:35,1991
2019-12-14 22:40,1967
2019-12-14 22:45,1953
2019-12-14 22:50,1945
2019-12-14 22:55,1931
2019-12-14 23:00,1909
2019-12-14 23:05,1890
2019-12-14 23:10,1884
2019-12-14 23:15,1862
2019-12-14 23:20,1848
2019-12-14 23:25,1813
2019-12-14 23:30,1782
2019-12-14 23:35,1749
2019-12-14 23:40,1751
2019-12-14 23:45,1728
2019-12-14 23:50,1728
2019-12-14 23:55,1714
2019-12-15 00:00,1650
2019-12-15 00:05,1650
2019-12-15 00:10,1641
2019-12-15 00:15,1620
2019-12-15 00:20,1563
2019-12-15 00:25,1547
2019-12-15 00:30,1528
2019-12-15 00:35,1509
2019-12-15 00:40,1483
2019-12-15 00:45,1479
2019-12-15 00:50,1487
2019-12-15 00:55,1472
2019-12-15 01:00,1458
2019-12-15 01:05,1443
2019-12-15 01:10,1416
2019-12-15 01:15,1406
2019-12-15 01:20,1397
2019-12-15 01:25,1370
2019-12-15 01:30,1355
2019-12-15 01:35,1354
2019-12-15 01:40,1366
2019-12-15 01:45,1369
2019-12-15 01:50,1363
2019-12-15 01:55,1343
2019-12-15 02:00,1338
2019-12-15 02:05,1325
2019-12-15 02:10,1328
2019-12-15 02:15,1314
2019-12-15 02:20,1322
2019-12-15 02:25,1319
2019-12-15 02:30,1325
2019-12-15 02:35,1317
2019-12-15 02:40,1298
2019-12-15 02:45,1294
2019-12-15 02:50,1289
2019-12-15 02:55,1303
2019-12-15 03:00,1299
2019-12-15 03:05,1277
2019-12-15 03:10,1270
2019-12-15 03:15,1273
2019-12-15 03:20,1262
2019-12-15 03:25,1270
2019-12-15 03:30,1277
2019-12-15 03:35,1271
2019-12-15 03:40,1246
2019-12-15 03:45,1256
2019-12-15 03:50,1264
2019-12-15 03:55,1259
2019-12-15 04:00,1260
2019-12-15 04:05,1237
2019-12-15 04:10,1215
2019-12-15 04:15,1216
2019-12-15 04:20,1210
2019-12-15 04:25,1217
2019-12-15 04:30,1214
2019-12-15 04:35,1209
2019-12-15 04:40,1193
2019-12-15 04:45,1190
2019-12-15 04:50,1177
2019-12-15 04:55,1181
2019-12-15 05:00,1180
2019-12-15 05:05,1157
2019-12-15 05:10,1150
2019-12-15 05:15,1151
2019-12-15 05:20,1162
2019-12-15 05:25,1137
2019-12-15 05:30,1129
2019-12-15 05:35,1129
2019-12-15 05:40,1134
2019-12-15 05:45,1137
2019-12-15 05:50,1139
2019-12-15 05:55,1135
2019-12-15 06:00,1122
2019-12-15 06:05,1130
2019-12-15 06:10,1116
2019-12-15 06:15,1111
2019-12-15 06:20,1092
2019-12-15 06:25,1078
2019-12-15 06:30,1076
2019-12-15 06:35,1081
2019-12-15 06:40,1089
2019-12-15 06:45,1079
2019-12-15 06:50,1072
2019-12-15 06:55,1083
2019-12-15 07:00,1091
2019-12-15 07:05,1089
2019-12-15 07:10,1101
2019-12-15 07:15,1092
2019-12-15 07:20,1089
2019-12-15 07:25,1088
2019-12-15 07:30,1094
2019-12-15 07:35,1105
2019-12-15 07:40,1117
2019-12-15 07:45,1119
2019-12-15 07:50,1128
2019-12-15 07:55,1132
2019-12-15 08:00,1143
2019-12-15 08:05,1160
2019-12-15 08:10,1167
2019-12-15 08:15,1168
2019-12-15 08:20,1183
2019-12-15 08:25,1172
2019-12-15 08:30,1195
2019-12-15 08:35,1187
2019-12-15 08:40,1190
2019-12-15 08:45,1199
2019-12-15 08:50,1205
2019-12-15 08:55,1219
2019-12-15 09:00,1237
2019-12-15 09:05,1250
2019-12-15 09:10,1261
2019-12-15 09:15,1272
2019-12-15 09:20,1278
2019-12-15 09:25,1288
2019-12-15 09:30,1290
2019-12-15 09:35,1302
2019-12-15 09:40,1328
2019-12-15 09:45,1337
2019-12-15 09:50,1356
2019-12-15 09:55,1372
2019-12-15 10:00,1390
2019-12-15 10:05,1422
2019-12-15 10:10,1429
2019-12-15 10:15,1434
2019-12-15 10:20,1465
2019-12-15 10:25,1475
2019-12-15 10:30,1498
2019-12-15 10:35,1509
2019-12-15 10:40,1515
2019-12-15 10:45,1543
2019-12-15 10:50,1527
2019-12-15 10:55,1529
2019-12-15 11:00,1556
2019-12-15 11:05,1572
2019-12-15 11:10,1588
2019-12-15 11:15,1577
2019-12-15 11:20,1582
2019-12-15 11:25,1597
2019-12-15 11:30,1637
2019-12-15 11:35,1640
2019-12-15 11:40,1647
2019-12-15 11:45,1652
2019-12-15 11:50,1661
2019-12-15 11:55,1675
2019-12-15 12:00,1666
2019-12-15 12:05,1672
2019-12-15 12:10,1672
2019-12-15 12:15,1691
2019-12-15 12:20,1699
2019-12-15 12:25,1707
2019-12-15 12:30,1723
2019-12-15 12:35,1719
2019-12-15 12:40,1711
2019-12-15 12:45,1730
2019-12-15 12:50,1750
2019-12-15 12:55,1757
2019-12-15 13:00,1746
2019-12-15 13:05,1763
2019-12-15 13:10,1755
2019-12-15 13:15,1766
2019-12-15 13:20,1788
2019-12-15 13:25,1796
2019-12-15 13:30,1816
2019-12-15 13:35,1825
2019-12-15 13:40,1832
2019-12-15 13:45,1832
2019-12-15 13:50,1841
2019-12-15 13:55,1832
2019-12-15 14:00,1852
2019-12-15 14:05,1863
2019-12-15 14:10,1874
2019-12-15 14:15,1878
2019-12-15 14:20,1899
2019-12-15 14:25,1919
2019-12-15 14:30,1938
2019-12-15 14:35,1948
2019-12-15 14:40,1977
2019-12-15 14:45,1982
2019-12-15 14:50,1998
2019-12-15 14:55,2009
2019-12-15 15:00,2024
2019-12-15 15:05,2048
2019-12-15 15:10,2049
2019-12-15 15:15,2073
2019-12-15 15:20,2076
2019-12-15 15:25,2087
2019-12-15 15:30,2088
2019-12-15 15:35,2086
2019-12-15 15:40,2095
2019-12-15 15:45,2084
2019-12-15 15:50,2091
2019-12-15 15:55,2084
2019-12-15 16:00,2099
2019-12-15 16:05,2090
2019-12-15 16:10,2084
2019-12-15 16:15,2095
2019-12-15 16:20,2115
2019-12-15 16:25,2129
2019-12-15 16:30,2112
2019-12-15 16:35,2133
2019-12-15 16:40,2147
2019-12-15 16:45,2141
2019-12-15 16:50,2172
2019-12-15 16:55,2167
2019-12-15 17:00,2157
2019-12-15 17:05,2172
2019-12-15 17:10,2204
2019-12-15 17:15,2201
2019-12-15 17:20,2223
2019-12-15 17:25,2234
2019-12-15 17:30,2259
2019-12-15 17:35,2264
2019-12-15 17:40,2278
2019-12-15 17:45,2289
2019-12-15 17:50,2317
2019-12-15 17:55,2325
2019-12-15 18:00,2358
2019-12-15 18:05,2344
2019-12-15 18:10,2336
2019-12-15 18:15,2337
2019-12-15 18:20,2342
2019-12-15 18:25,2344
2019-12-15 18:30,2316
2019-12-15 18:35,2301
2019-12-15 18:40,2327
2019-12-15 18:45,2319
2019-12-15 18:50,2355
2019-12-15 18:55,2364
2019-12-15 19:00,2359
2019-12-15 19:05,2360
2019-12-15 19:10,2353
2019-12-15 19:15,2352
2019-12-15 19:20,2336
2019-12-15 19:25,2330
2019-12-15 19:30,2341
2019-12-15 19:35,2365
2019-12-15 19:40,2346
2019-12-15 19:45,2369
2019-12-15 19:50,2358
2019-12-15 19:55,2346
2019-12-15 20:00,2336
2019-12-15 20:05,2337
2019-12-15 20:10,2312
2019-12-15 20:15,2302
2019-12-15 20:20,2293
2019-12-15 20:25,2269
2019-12-15 20:30,2271
2019-12-15 20:35,2245
2019-12-15 20:40,2225
2019-12-15 20:45,2192
2019-12-15 20:50,2180
2019-12-15 20:55,2166
2019-12-15 21:00,2135
2019-12-15 21:05,2113
2019-12-15 21:10,2087
2019-12-15 21:15,2095
2019-12-15 21:20,2068
2019-12-15 21:25,2060
2019-12-15 21:30,2042
2019-12-15 21:35,2035
2019-12-15 21:40,2033
2019-12-15 21:45,2008
2019-12-15 21:50,2000
2019-12-15 21:55,1994
2019-12-15 22:00,1973
2019-12-15 22:05,1938
2019-12-15 22:10,1913
2019-12-15 22:15,1874
2019-12-15 22:20,1844
2019-12-15 22:25,1814
2019-12-15 22:30,1777
2019-12-15 22:35,1758
2019-12-15 22:40,1762
2019-12-15 22:45,1732
2019-12-15 22:50,1718
2019-12-15 22:55,1704
2019-12-15 23:00,1705
2019-12-15 23:05,1680
2019-12-15 23:10,1674
2019-12-15 23:15,1662
2019-12-15 23:20,1633
2019-12-15 23:25,1622
2019-12-15 23:30,1589
2019-12-15 23:35,1588
2019-12-15 23:40,1575
2019-12-15 23:45,1574
2019-12-15 23:50,1551
2019-12-15 23:55,1551
2019-12-16 00:00,1517
2019-12-16 00:05,1519
2019-12-16 00:10,1519
2019-12-16 00:15,1528
2019-12-16 00:20,1508
2019-12-16 00:25,1500
2019-12-16 00:30,1494
2019-12-16 00:35,1484
2019-12-16 00:40,1472
2019-12-16 00:45,1462
2019-12-16 00:50,1443
2019-12-16 00:55,1427
2019-12-16 01:00,1429
2019-12-16 01:05,1425
2019-12-16 01:10,1447
2019-12-16 01:15,1428
2019-12-16 01:20,1412
2019-12-16 01:25,1412
2019-12-16 01:30,1415
2019-12-16 01:35,1409
2019-12-16 01:40,1398
2019-12-16 01:45,1407
2019-12-16 01:50,1396
2019-12-16 01:55,1382
2019-12-16 02:00,1383
2019-12-16 02:05,1359
2019-12-16 02:10,1349
2019-12-16 02:15,1346
2019-12-16 02:20,1345
2019-12-16 02:25,1347
2019-12-16 02:30,1348
2019-12-16 02:35,1325
2019-12-16 02:40,1306
2019-12-16 02:45,1324
2019-12-16 02:50,1319
2019-12-16 02:55,1291
2019-12-16 03:00,1271
2019-12-16 03:05,1273
2019-12-16 03:10,1257
2019-12-16 03:15,1262
2019-12-16 03:20,1256
2019-12-16 03:25,1232
2019-12-16 03:30,1224
2019-12-16 03:35,1207
2019-12-16 03:40,1218
2019-12-16 03:45,1213
2019-12-16 03:50,1219
2019-12-16 03:55,1213
2019-12-16 04:00,1197
2019-12-16 04:05,1163
2019-12-16 04:10,1150
2019-12-16 04:15,1147
2019-12-16 04:20,1131
2019-12-16 04:25,1132
2019-12-16 04:30,1101
2019-12-16 04:35,1085
2019-12-16 04:40,1077
2019-12-16 04:45,1059
2019-12-16 04:50,1066
2019-12-16 04:55,1072
2019-12-16 05:00,1070
2019-12-16 05:05,1040
2019-12-16 05:10,1039
2019-12-16 05:15,1024
2019-12-16 05:20,1027
2019-12-16 05:25,1019
2019-12-16 05:30,1006
2019-12-16 05:35,998
2019-12-16 05:40,973
2019-12-16 05:45,972
2019-12-16 05:50,960
2019-12-16 05:55,966
2019-12-16 06:00,953
2019-12-16 06:05,937
2019-12-16 06:10,934
2019-12-16 06:15,934
2019-12-16 06:20,922
2019-12-16 06:25,909
2019-12-16 06:30,888
2019-12-16 06:35,879
2019-12-16 06:40,884
2019-12-16 06:45,882
2019-12-16 06:50,892
2019-12-16 06:55,882
2019-12-16 07:00,875
2019-12-16 07:05,868
2019-12-16 07:10,854
2019-12-16 07:15,849
2019-12-16 07:20,843
2019-12-16 07:25,844
2019-12-16 07:30,849
2019-12-16 07:35,851
2019-12-16 07:40,857
2019-12-16 07:45,859
2019-12-16 07:50,850
2019-12-16 07:55,857
2019-12-16 08:00,872
2019-12-16 08:05,867
2019-12-16 08:10,869
2019-12-16 08:15,882
2019-12-16 08:20,887
2019-12-16 08:25,894
2019-12-16 08:30,898
2019-12-16 08:35,888
2019-12-16 08:40,893
2019-12-16 08:45,906
2019-12-16 08:50,914
2019-12-16 08:55,905
2019-12-16 09:00,912
2019-12-16 09:05,902
2019-12-16 09:10,918
2019-12-16 09:15,923
2019-12-16 09:20,928
2019-12-16 09:25,925
2019-12-16 09:30,944
2019-12-16 09:35,938
2019-12-16 09:40,943
2019-12-16 09:45,955
2019-12-16 09:50,954
2019-12-16 09:55,968
2019-12-16 10:00,982
2019-12-16 10:05,1000
2019-12-16 10:10,1018
2019-12-16 10:15,1038
2019-12-16 10:20,1043
2019-12-16 10:25,1043
2019-12-16 10:30,1052
2019-12-16 10:35,1049
2019-12-16 10:40,1062
2019-12-16 10:45,1061
2019-12-16 10:50,1073
2019-12-16 10:55,1084
2019-12-16 11:00,1104
2019-12-16 11:05,1095
2019-12-16 11:10,1095
2019-12-16 11:15,1097
2019-12-16 11:20,1123
2019-12-16 11:25,1111
2019-12-16 11:30,1104
2019-12-16 11:35,1106
2019-12-16 11:40,1121
2019-12-16 11:45,1137
2019-12-16 11:50,1161
2019-12-16 11:55,1173
2019-12-16 12:00,1186
2019-12-16 12:05,1189
2019-12-16 12:10,1186
2019-12-16 12:15,1189
2019-12-16 12:20,1213
2019-12-16 12:25,1223
2019-12-16 12:30,1230
2019-12-16 12:35,1237
2019-12-16 12:40,1250
2019-12-16 12:45,1257
2019-12-16 12:50,1253
2019-12-16 12:55,1256
2019-12-16 13:00,1263
2019-12-16 13:05,1268
2019-12-16 13:10,1258
2019-12-16 13:15,1255
2019-12-16 13:20,1256
2019-12-16 13:25,1261
2019-12-16 13:30,1292
2019-12-16 13:35,1291
2019-12-16 13:40,1321
2019-12-16 13:45,1331
2019-12-16 13:50,1336
2019-12-16 13:55,1338
2019-12-16 14:00,1343
2019-12-16 14:05,1352
2019-12-16 14:10,1352
2019-12-16 14:15,1357
2019-12-16 14:20,1382
2019-12-16 14:25,1408
2019-12-16 14:30,1426
2019-12-16 14:35,1433
2019-12-16 14:40,1468
2019-12-16 14:45,1490
2019-12-16 14:50,1503
2019-12-16 14:55,1524
2019-12-16 15:00,1515
2019-12-16 15:05,1530
2019-12-16 15:10,1541
2019-12-16 15:15,1546
2019-12-16 15:20,1547
2019-12-16 15:25,1542
2019-12-16 15:30,1551
2019-12-16 15:35,1544
2019-12-16 15:40,1585
2019-12-16 15:45,1600
2019-12-16 15:50,1612
2019-12-16 15:55,1626
2019-12-16 16:00,1637
2019-12-16 16:05,1656
2019-12-16 16:10,1667
2019-12-16 16:15,1690
2019-12-16 16:20,1695
2019-12-16 16:25,1700
2019-12-16 16:30,1721
2019-12-16 16:35,1740
2019-12-16 16:40,1748
2019-12-16 16:45,1748
2019-12-16 16:50,1750
2019-12-16 16:55,1767
2019-12-16 17:00,1767
2019-12-16 17:05,1750
2019-12-16 17:10,1787
2019-12-16 17:15,1802
2019-12-16 17:20,1808
2019-12-16 17:25,1829
2019-12-16 17:30,1853
2019-12-16 17:35,1869
2019-12-16 17:40,1873
2019-12-16 17:45,1875
2019-12-16 17:50,1867
2019-12-16 17:55,1873
2019-12-16 18:00,1879
2019-12-16 18:05,1878
2019-12-16 18:10,1908
2019-12-16 18:15,1883
2019-12-16 18:20,1900
2019-12-16 18:25,1906
2019-12-16 18:30,1913
2019-12-16 18:35,1930
2019-12-16 18:40,1954
2019-12-16 18:45,1939
2019-12-16 18:50,1940
2019-12-16 18:55,1958
2019-12-16 19:00,1964
2019-12-16 19:05,1958
2019-12-16 19:10,1951
2019-12-16 19:15,1965
2019-12-16 19:20,1943
2019-12-16 19:25,1946
2019-12-16 19:30,1960
2019-12-16 19:35,1968
2019-12-16 19:40,1969
2019-12-16 19:45,1979
2019-12-16 19:50,1979
2019-12-16 19:55,1996
2019-12-16 20:00,1995
2019-12-16 20:05,2003
2019-12-16 20:10,1996
2019-12-16 20:15,2009
2019-12-16 20:20,2008
2019-12-16 20:25,1986
2019-12-16 20:30,1970
2019-12-16 20:35,1962
2019-12-16 20:40,1969
2019-12-16 20:45,1952
2019-12-16 20:50,1944
2019-12-16 20:55,1922
2019-12-16 21:00,1927
2019-12-16 21:05,1934
2019-12-16 21:10,1904
2019-12-16 21:15,1873
2019-12-16 21:20,1880
2019-12-16 21:25,1853
2019-12-16 21:30,1826
2019-12-16 21:35,1827
2019-12-16 21:40,1803
2019-12-16 21:45,1790
2019-12-16 21:50,1770
2019-12-16 21:55,1737
2019-12-16 22:00,1727
2019-12-16 22:05,1695
2019-12-16 22:10,1665
2019-12-16 22:15,1656
2019-12-16 22:20,1623
2019-12-16 22:25,1625
2019-12-16 22:30,1624
2019-12-16 22:35,1596
2019-12-16 22:40,1572
2019-12-16 22:45,1564
2019-12-16 22:50,1540
2019-12-16 22:55,1511
2019-12-16 23:00,1508
2019-12-16 23:05,1494
2019-12-16 23:10,1415
2019-12-16 23:15,1415
2019-12-16 23:20,1455
2019-12-16 23:25,1438
2019-12-16 23:30,1424
2019-12-16 23:35,1415
2019-12-16 23:40,1434
2019-12-16 23:45,1424
2019-12-16 23:50,1429
2019-12-16 23:55,1427
2019-12-17 00:00,1419
2019-12-17 00:05,1423
2019-12-17 00:10,1408
2019-12-17 00:15,1390
2019-12-17 00:20,1383
2019-12-17 00:25,1354
2019-12-17 00:30,1364
2019-12-17 00:35,1361
2019-12-17 00:40,1372
2019-12-17 00:45,1385
2019-12-17 00:50,1388
2019-12-17 00:55,1403
2019-12-17 01:00,1394
2019-12-17 01:05,1393
2019-12-17 01:10,1384
2019-12-17 01:15,1379
2019-12-17 01:20,1368
2019-12-17 01:25,1348
2019-12-17 01:30,1340
2019-12-17 01:35,1344
2019-12-17 01:40,1343
2019-12-17 01:45,1320
2019-12-17 01:50,1330
2019-12-17 01:55,1329
2019-12-17 02:00,1297
2019-12-17 02:05,1284
2019-12-17 02:10,1283
2019-12-17 02:15,1283
2019-12-17 02:20,1288
2019-12-17 02:25,1281
2019-12-17 02:30,1276
2019-12-17 02:35,1274
2019-12-17 02:40,1276
2019-12-17 02:45,1268
2019-12-17 02:50,1280
2019-12-17 02:55,1273
2019-12-17 03:00,1274
2019-12-17 03:05,1265
2019-12-17 03:10,1252
2019-12-17 03:15,1235
2019-12-17 03:20,1225
2019-12-17 03:25,1225
2019-12-17 03:30,1201
2019-12-17 03:35,1197
2019-12-17 03:40,1184
2019-12-17 03:45,1172
2019-12-17 03:50,1157
2019-12-17 03:55,1147
2019-12-17 04:00,1138
2019-12-17 04:05,1116
2019-12-17 04:10,1107
2019-12-17 04:15,1103
2019-12-17 04:20,1085
2019-12-17 04:25,1077
2019-12-17 04:30,1074
2019-12-17 04:35,1071
2019-12-17 04:40,1054
2019-12-17 04:45,1050
2019-12-17 04:50,1024
2019-12-17 04:55,1013
2019-12-17 05:00,1004
2019-12-17 05:05,986
2019-12-17 05:10,983
2019-12-17 05:15,974
2019-12-17 05:20,959
2019-12-17 05:25,959
2019-12-17 05:30,951
2019-12-17 05:35,936
2019-12-17 05:40,925
2019-12-17 05:45,931
2019-12-17 05:50,920
2019-12-17 05:55,897
2019-12-17 06:00,903
2019-12-17 06:05,903
2019-12-17 06:10,909
2019-12-17 06:15,890
2019-12-17 06:20,881
2019-12-17 06:25,883
2019-12-17 06:30,882
2019-12-17 06:35,887
2019-12-17 06:40,882
2019-12-17 06:45,860
2019-12-17 06:50,860
2019-12-17 06:55,856
2019-12-17 07:00,845
2019-12-17 07:05,848
2019-12-17 07:10,842
2019-12-17 07:15,854
2019-12-17 07:20,845
2019-12-17 07:25,842
2019-12-17 07:30,839
2019-12-17 07:35,839
2019-12-17 07:40,822
2019-12-17 07:45,816
2019-12-17 07:50,824
2019-12-17 07:55,829
2019-12-17 08:00,817
2019-12-17 08:05,815
2019-12-17 08:10,818
2019-12-17 08:15,811
2019-12-17 08:20,823
2019-12-17 08:25,830
2019-12-17 08:30,830
2019-12-17 08:35,830
2019-12-17 08:40,828
2019-12-17 08:45,830
2019-12-17 08:50,842
2019-12-17 08:55,849
2019-12-17 09:00,862
2019-12-17 09:05,862
2019-12-17 09:10,862
2019-12-17 09:15,862
2019-12-17 09:20,858
2019-12-17 09:25,861
2019-12-17 09:30,847
2019-12-17 09:35,854
2019-12-17 09:40,870
2019-12-17 09:45,890
2019-12-17 09:50,897
2019-12-17 09:55,906
2019-12-17 10:00,918
2019-12-17 10:05,922
2019-12-17 10:10,944
2019-12-17 10:15,962
2019-12-17 10:20,974
2019-12-17 10:25,936
2019-12-17 10:30,1003
2019-12-17 10:35,1014
2019-12-17 10:40,1024
2019-12-17 10:45,1038
2019-12-17 10:50,1034
2019-12-17 10:55,1029
2019-12-17 11:00,1037
2019-12-17 11:05,1046
2019-12-17 11:10,1052
2019-12-17 11:15,1056
2019-12-17 11:20,1075
2019-12-17 11:25,1068
2019-12-17 11:30,1081
2019-12-17 11:35,1098
2019-12-17 11:40,1102
2019-12-17 11:45,1113
2019-12-17 11:50,1098
2019-12-17 11:55,1114
2019-12-17 12:00,1120
2019-12-17 12:05,1132
2019-12-17 12:10,1146
2019-12-17 12:15,1160
2019-12-17 12:20,1136
2019-12-17 12:25,1176
2019-12-17 12:30,1170
2019-12-17 12:35,1184
2019-12-17 12:40,1191
2019-12-17 12:45,1203
2019-12-17 12:50,1224
2019-12-17 12:55,1232
2019-12-17 13:00,1249
2019-12-17 13:05,1265
2019-12-17 13:10,1261
2019-12-17 13:15,1261
2019-12-17 13:20,1266
2019-12-17 13:25,1254
2019-12-17 13:30,1265
2019-12-17 13:35,1282
2019-12-17 13:40,1282
2019-12-17 13:45,1295
2019-12-17 13:50,1308
2019-12-17 13:55,1332
2019-12-17 14:00,1341
2019-12-17 14:05,1346
2019-12-17 14:10,
2019-12-17 14:15,1335
2019-12-17 14:20,1329
2019-12-17 14:25,1346
2019-12-17 14:30,1363
2019-12-17 14:35,1378
2019-12-17 14:40,1390
2019-12-17 14:45,1395
2019-12-17 14:50,1409
2019-12-17 14:55,1423
2019-12-17 15:00,1452
2019-12-17 15:05,1450
2019-12-17 15:10,1451
2019-12-17 15:15,1459
2019-12-17 15:20,1468
2019-12-17 15:25,1469
2019-12-17 15:30,1489
2019-12-17 15:35,1487
2019-12-17 15:40,1514
2019-12-17 15:45,1512
2019-12-17 15:50,1538
2019-12-17 15:55,1539
2019-12-17 16:00,1551
2019-12-17 16:05,1567
2019-12-17 16:10,1564
2019-12-17 16:15,1591
2019-12-17 16:20,1591
2019-12-17 16:25,1598
2019-12-17 16:30,1632
2019-12-17 16:35,1659
2019-12-17 16:40,1676
2019-12-17 16:45,1710
2019-12-17 16:50,1710
2019-12-17 16:55,1724
2019-12-17 17:00,1745
2019-12-17 17:05,1787
2019-12-17 17:10,
2019-12-17 17:15,
2019-12-17 17:20,1810
2019-12-17 17:25,1803
2019-12-17 17:30,1818
2019-12-17 17:35,1816
2019-12-17 17:40,1822
2019-12-17 17:45,1843
2019-12-17 17:50,1837
2019-12-17 17:55,1865
2019-12-17 18:00,1856
2019-12-17 18:05,1859
2019-12-17 18:10,1869
2019-12-17 18:15,1880
2019-12-17 18:20,1856
2019-12-17 18:25,1864
2019-12-17 18:30,1876
2019-12-17 18:35,1897
2019-12-17 18:40,1934
2019-12-17 18:45,1913
2019-12-17 18:50,1909
2019-12-17 18:55,1918
2019-12-17 19:00,1932
2019-12-17 19:05,1902
2019-12-17 19:10,1903
2019-12-17 19:15,1925
2019-12-17 19:20,1913
2019-12-17 19:25,1917
2019-12-17 19:30,1916
2019-12-17 19:35,1916
2019-12-17 19:40,1920
2019-12-17 19:45,1924
2019-12-17 19:50,1920
2019-12-17 19:55,1925
2019-12-17 20:00,1936
2019-12-17 20:05,1937
2019-12-17 20:10,1914
2019-12-17 20:15,1927
2019-12-17 20:20,1921
2019-12-17 20:25,1899
2019-12-17 20:30,1916
2019-12-17 20:35,1917
2019-12-17 20:40,1924
2019-12-17 20:45,1914
2019-12-17 20:50,1900
2019-12-17 20:55,1902
2019-12-17 21:00,1875
2019-12-17 21:05,1874
2019-12-17 21:10,1870
2019-12-17 21:15,1847
2019-12-17 21:20,1815
2019-12-17 21:25,1796
2019-12-17 21:30,1789
2019-12-17 21:35,1772
2019-12-17 21:40,1735
2019-12-17 21:45,1720
2019-12-17 21:50,1693
2019-12-17 21:55,1682
2019-12-17 22:00,1659
2019-12-17 22:05,1626
2019-12-17 22:10,1597
2019-12-17 22:15,1582
2019-12-17 22:20,1574
2019-12-17 22:25,1544
2019-12-17 22:30,1526
2019-12-17 22:35,1505
2019-12-17 22:40,1487
2019-12-17 22:45,1486
2019-12-17 22:50,1475
2019-12-17 22:55,1478
2019-12-17 23:00,1465
2019-12-17 23:05,
2019-12-17 23:10,0
2019-12-17 23:15,
2019-12-17 23:20,1404
2019-12-17 23:25,1439
2019-12-17 23:30,1424
2019-12-17 23:35,1417
2019-12-17 23:40,1423
2019-12-17 23:45,1400
2019-12-17 23:50,1399
2019-12-17 23:55,1373
2019-12-18 00:00,1370
2019-12-18 00:05,1366
2019-12-18 00:10,1342
2019-12-18 00:15,1354
2019-12-18 00:20,1364
2019-12-18 00:25,1357
2019-12-18 00:30,1354
2019-12-18 00:35,1338
2019-12-18 00:40,1340
2019-12-18 00:45,1341
2019-12-18 00:50,1338
2019-12-18 00:55,1317
2019-12-18 01:00,1325
2019-12-18 01:05,1328
2019-12-18 01:10,1321
2019-12-18 01:15,1325
2019-12-18 01:20,1324
2019-12-18 01:25,1305
2019-12-18 01:30,1305
2019-12-18 01:35,1297
2019-12-18 01:40,1287
2019-12-18 01:45,1294
2019-12-18 01:50,1304
2019-12-18 01:55,1285
2019-12-18 02:00,1284
2019-12-18 02:05,1280
2019-12-18 02:10,1269
2019-12-18 02:15,1275
2019-12-18 02:20,1270
2019-12-18 02:25,1246
2019-12-18 02:30,1255
2019-12-18 02:35,1242
2019-12-18 02:40,1228
2019-12-18 02:45,1221
2019-12-18 02:50,1205
2019-12-18 02:55,1202
2019-12-18 03:00,1201
2019-12-18 03:05,1205
2019-12-18 03:10,1206
2019-12-18 03:15,1194
2019-12-18 03:20,1179
2019-12-18 03:25,1158
2019-12-18 03:30,1170
2019-12-18 03:35,1155
2019-12-18 03:40,1152
2019-12-18 03:45,1144
2019-12-18 03:50,1151
2019-12-18 03:55,1125
2019-12-18 04:00,1095
2019-12-18 04:05,1082
2019-12-18 04:10,1070
2019-12-18 04:15,1071
2019-12-18 04:20,1072
2019-12-18 04:25,1065
2019-12-18 04:30,1067
2019-12-18 04:35,1053
2019-12-18 04:40,1043
2019-12-18 04:45,1031
2019-12-18 04:50,1022
2019-12-18 04:55,1008
2019-12-18 05:00,994
2019-12-18 05:05,985
2019-12-18 05:10,982
2019-12-18 05:15,969
2019-12-18 05:20,964
2019-12-18 05:25,974
2019-12-18 05:30,962
2019-12-18 05:35,951
2019-12-18 05:40,927
2019-12-18 05:45,923
2019-12-18 05:50,909
2019-12-18 05:55,910
2019-12-18 06:00,920
2019-12-18 06:05,932
2019-12-18 06:10,908
2019-12-18 06:15,901
2019-12-18 06:20,887
2019-12-18 06:25,892
2019-12-18 06:30,880
2019-12-18 06:35,875
2019-12-18 06:40,880
2019-12-18 06:45,894
2019-12-18 06:50,882
2019-12-18 06:55,883
2019-12-18 07:00,893
2019-12-18 07:05,872
2019-12-18 07:10,872
2019-12-18 07:15,869
2019-12-18 07:20,862
2019-12-18 07:25,862
2019-12-18 07:30,854
2019-12-18 07:35,863
2019-12-18 07:40,851
2019-12-18 07:45,857
2019-12-18 07:50,851
2019-12-18 07:55,852
2019-12-18 08:00,841
2019-12-18 08:05,831
2019-12-18 08:10,821
2019-12-18 08:15,834
2019-12-18 08:20,841
2019-12-18 08:25,838
2019-12-18 08:30,839
2019-12-18 08:35,839
2019-12-18 08:40,833
2019-12-18 08:45,840
2019-12-18 08:50,858
2019-12-18 08:55,864
2019-12-18 09:00,864
2019-12-18 09:05,866
2019-12-18 09:10,861
2019-12-18 09:15,858
2019-12-18 09:20,852
2019-12-18 09:25,854
2019-12-18 09:30,861
2019-12-18 09:35,855
2019-12-18 09:40,874
2019-12-18 09:45,883
2019-12-18 09:50,907
2019-12-18 09:55,901
2019-12-18 10:00,917
2019-12-18 10:05,946
2019-12-18 10:10,954
2019-12-18 10:15,975
2019-12-18 10:20,1006
2019-12-18 10:25,1013
2019-12-18 10:30,1028
2019-12-18 10:35,1029
2019-12-18 10:40,1035
2019-12-18 10:45,1034
2019-12-18 10:50,1034
2019-12-18 10:55,1044
2019-12-18 11:00,1051
2019-12-18 11:05,1055
2019-12-18 11:10,1074
2019-12-18 11:15,1083
2019-12-18 11:20,1078
2019-12-18 11:25,1089
2019-12-18 11:30,1102
2019-12-18 11:35,1091
2019-12-18 11:40,1072
2019-12-18 11:45,1077
2019-12-18 11:50,1082
2019-12-18 11:55,1099
2019-12-18 12:00,1104
2019-12-18 12:05,1126
2019-12-18 12:10,1104
2019-12-18 12:15,1114
2019-12-18 12:20,1109
2019-12-18 12:25,1122
2019-12-18 12:30,1122
2019-12-18 12:35,1118
2019-12-18 12:40,1116
2019-12-18 12:45,1121
2019-12-18 12:50,1131
2019-12-18 12:55,1150
2019-12-18 13:00,1137
2019-12-18 13:05,1147
2019-12-18 13:10,1169
2019-12-18 13:15,1161
2019-12-18 13:20,1186
2019-12-18 13:25,1211
2019-12-18 13:30,1239
2019-12-18 13:35,1245
2019-12-18 13:40,1253
2019-12-18 13:45,1273
2019-12-18 13:50,1291
2019-12-18 13:55,1306
2019-12-18 14:00,1326
2019-12-18 14:05,1343
2019-12-18 14:10,1359
2019-12-18 14:15,1372
2019-12-18 14:20,1395
2019-12-18 14:25,1384
2019-12-18 14:30,1386
2019-12-18 14:35,1415
2019-12-18 14:40,1405
2019-12-18 14:45,1423
2019-12-18 14:50,1424
2019-12-18 14:55,1435
2019-12-18 15:00,1462
2019-12-18 15:05,1472
2019-12-18 15:10,1510
2019-12-18 15:15,1525
2019-12-18 15:20,1524
2019-12-18 15:25,1537
2019-12-18 15:30,1561
2019-12-18 15:35,1577
2019-12-18 15:40,1572
2019-12-18 15:45,1587
2019-12-18 15:50,1605
2019-12-18 15:55,1616
2019-12-18 16:00,1583
2019-12-18 16:05,1593
2019-12-18 16:10,1582
2019-12-18 16:15,1606
2019-12-18 16:20,1588
2019-12-18 16:25,1635
2019-12-18 16:30,1667
2019-12-18 16:35,1665
2019-12-18 16:40,1671
2019-12-18 16:45,1686
2019-12-18 16:50,1690
2019-12-18 16:55,1668
2019-12-18 17:00,1695
2019-12-18 17:05,1695
2019-12-18 17:10,1710
2019-12-18 17:15,1722
2019-12-18 17:20,1733
2019-12-18 17:25,1720
2019-12-18 17:30,1729
2019-12-18 17:35,1744
2019-12-18 17:40,1756
2019-12-18 17:45,1787
2019-12-18 17:50,1793
2019-12-18 17:55,1788
2019-12-18 18:00,1798
2019-12-18 18:05,1806
2019-12-18 18:10,1827
2019-12-18 18:15,1831
2019-12-18 18:20,1825
2019-12-18 18:25,1837
2019-12-18 18:30,1835
2019-12-18 18:35,1841
2019-12-18 18:40,1849
2019-12-18 18:45,1881
2019-12-18 18:50,1911
2019-12-18 18:55,1922
2019-12-18 19:00,1936
2019-12-18 19:05,1926
2019-12-18 19:10,1918
2019-12-18 19:15,1917
2019-12-18 19:20,1937
2019-12-18 19:25,1923
2019-12-18 19:30,1938
2019-12-18 19:35,1943
2019-12-18 19:40,1941
2019-12-18 19:45,1963
2019-12-18 19:50,1965
2019-12-18 19:55,1940
2019-12-18 20:00,1928
2019-12-18 20:05,1930
2019-12-18 20:10,1924
2019-12-18 20:15,1916
2019-12-18 20:20,1902
2019-12-18 20:25,1920
2019-12-18 20:30,1879
2019-12-18 20:35,1866
2019-12-18 20:40,1850
2019-12-18 20:45,1839
2019-12-18 20:50,1818
2019-12-18 20:55,1799
2019-12-18 21:00,1790
2019-12-18 21:05,1781
2019-12-18 21:10,1783
2019-12-18 21:15,1774
2019-12-18 21:20,1743
2019-12-18 21:25,1730
2019-12-18 21:30,1715
2019-12-18 21:35,1705
2019-12-18 21:40,1689
2019-12-18 21:45,1693
2019-12-18 21:50,1684
2019-12-18 21:55,1672
2019-12-18 22:00,1653
2019-12-18 22:05,1617
2019-12-18 22:10,1603
2019-12-18 22:15,1578
2019-12-18 22:20,1585
2019-12-18 22:25,1554
2019-12-18 22:30,1535
2019-12-18 22:35,1528
2019-12-18 22:40,1498
2019-12-18 22:45,1526
2019-12-18 22:50,1530
2019-12-18 22:55,1525
2019-12-18 23:00,1507
2019-12-18 23:05,1496
2019-12-18 23:10,1476
2019-12-18 23:15,1456
2019-12-18 23:20,1441
2019-12-18 23:25,1446
2019-12-18 23:30,1435
2019-12-18 23:35,1433
2019-12-18 23:40,1431
2019-12-18 23:45,1410
2019-12-18 23:50,1382
2019-12-18 23:55,1390
2019-12-19 00:00,1394
2019-12-19 00:05,1359
2019-12-19 00:10,1343
2019-12-19 00:15,1311
2019-12-19 00:20,1310
2019-12-19 00:25,1288
2019-12-19 00:30,1293
2019-12-19 00:35,1279
2019-12-19 00:40,1294
2019-12-19 00:45,1290
2019-12-19 00:50,1280
2019-12-19 00:55,1277
2019-12-19 01:00,1261
2019-12-19 01:05,1266
2019-12-19 01:10,1236
2019-12-19 01:15,1233
2019-12-19 01:20,1233
2019-12-19 01:25,1244
2019-12-19 01:30,1230
2019-12-19 01:35,1245
2019-12-19 01:40,1265
2019-12-19 01:45,1252
2019-12-19 01:50,1254
2019-12-19 01:55,1253
2019-12-19 02:00,1239
2019-12-19 02:05,1242
2019-12-19 02:10,1229
2019-12-19 02:15,1227
2019-12-19 02:20,1247
2019-12-19 02:25,1232
2019-12-19 02:30,1209
2019-12-19 02:35,1193
2019-12-19 02:40,1185
2019-12-19 02:45,1190
2019-12-19 02:50,1185
2019-12-19 02:55,1186
2019-12-19 03:00,1179
2019-12-19 03:05,1178
2019-12-19 03:10,1149
2019-12-19 03:15,1146
2019-12-19 03:20,1120
2019-12-19 03:25,1118
2019-12-19 03:30,1098
2019-12-19 03:35,1099
2019-12-19 03:40,1098
2019-12-19 03:45,1090
2019-12-19 03:50,1084
2019-12-19 03:55,1063
2019-12-19 04:00,1056
2019-12-19 04:05,1024
2019-12-19 04:10,1037
2019-12-19 04:15,1022
2019-12-19 04:20,992
2019-12-19 04:25,987
2019-12-19 04:30,980
2019-12-19 04:35,963
2019-12-19 04:40,956
2019-12-19 04:45,961
2019-12-19 04:50,956
2019-12-19 04:55,962
2019-12-19 05:00,962
2019-12-19 05:05,943
2019-12-19 05:10,945
2019-12-19 05:15,945
2019-12-19 05:20,942
2019-12-19 05:25,931
2019-12-19 05:30,922
2019-12-19 05:35,898
2019-12-19 05:40,880
2019-12-19 05:45,874
2019-12-19 05:50,867
2019-12-19 05:55,858
2019-12-19 06:00,849
2019-12-19 06:05,844
2019-12-19 06:10,838
2019-12-19 06:15,840
2019-12-19 06:20,832
2019-12-19 06:25,824
2019-12-19 06:30,813
2019-12-19 06:35,799
2019-12-19 06:40,798
2019-12-19 06:45,810
2019-12-19 06:50,814
2019-12-19 06:55,820
2019-12-19 07:00,815
2019-12-19 07:05,818
2019-12-19 07:10,810
2019-12-19 07:15,814
2019-12-19 07:20,810
2019-12-19 07:25,808
2019-12-19 07:30,826
2019-12-19 07:35,820
2019-12-19 07:40,818
2019-12-19 07:45,799
2019-12-19 07:50,796
2019-12-19 07:55,808
2019-12-19 08:00,804
2019-12-19 08:05,797
2019-12-19 08:10,806
2019-12-19 08:15,807
2019-12-19 08:20,807
2019-12-19 08:25,805
2019-12-19 08:30,798
2019-12-19 08:35,802
2019-12-19 08:40,793
2019-12-19 08:45,800
2019-12-19 08:50,806
2019-12-19 08:55,826
2019-12-19 09:00,822
2019-12-19 09:05,820
2019-12-19 09:10,830
2019-12-19 09:15,829
2019-12-19 09:20,833
2019-12-19 09:25,837
2019-12-19 09:30,854
2019-12-19 09:35,849
2019-12-19 09:40,856
2019-12-19 09:45,873
2019-12-19 09:50,865
2019-12-19 09:55,884
2019-12-19 10:00,893
2019-12-19 10:05,916
2019-12-19 10:10,937
2019-12-19 10:15,952
2019-12-19 10:20,966
2019-12-19 10:25,961
2019-12-19 10:30,960
2019-12-19 10:35,967
2019-12-19 10:40,971
2019-12-19 10:45,981
2019-12-19 10:50,993
2019-12-19 10:55,1002
2019-12-19 11:00,1017
2019-12-19 11:05,1020
2019-12-19 11:10,1009
2019-12-19 11:15,1029
2019-12-19 11:20,1046
2019-12-19 11:25,1056
2019-12-19 11:30,1063
2019-12-19 11:35,1071
2019-12-19 11:40,1101
2019-12-19 11:45,1108
2019-12-19 11:50,1099
2019-12-19 11:55,1089
2019-12-19 12:00,1092
2019-12-19 12:05,1105
2019-12-19 12:10,1102
2019-12-19 12:15,1087
2019-12-19 12:20,1102
2019-12-19 12:25,1107
2019-12-19 12:30,1107
2019-12-19 12:35,1115
2019-12-19 12:40,1132
2019-12-19 12:45,1158
2019-12-19 12:50,1179
2019-12-19 12:55,1182
2019-12-19 13:00,1179
2019-12-19 13:05,1181
2019-12-19 13:10,1201
2019-12-19 13:15,1212
2019-12-19 13:20,1194
2019-12-19 13:25,1214
2019-12-19 13:30,1211
2019-12-19 13:35,1215
2019-12-19 13:40,1212
2019-12-19 13:45,1207
2019-12-19 13:50,1212
2019-12-19 13:55,1229
2019-12-19 14:00,1223
2019-12-19 14:05,1228
2019-12-19 14:10,1232
2019-12-19 14:15,1229
2019-12-19 14:20,1242
2019-12-19 14:25,1246
2019-12-19 14:30,1279
2019-12-19 14:35,1289
2019-12-19 14:40,1285
2019-12-19 14:45,1272
2019-12-19 14:50,1255
2019-12-19 14:55,1202
2019-12-19 15:00,1087
2019-12-19 15:05,733
2019-12-19 15:10,747
2019-12-19 15:15,731
2019-12-19 15:20,716
2019-12-19 15:25,733
2019-12-19 15:30,719
2019-12-19 15:35,748
2019-12-19 15:40,751
2019-12-19 15:45,744
2019-12-19 15:50,756
2019-12-19 15:55,762
2019-12-19 16:00,793
2019-12-19 16:05,804
2019-12-19 16:10,893
2019-12-19 16:15,975
2019-12-19 16:20,1053
2019-12-19 16:25,1102
2019-12-19 16:30,1176
2019-12-19 16:35,1237
2019-12-19 16:40,1272
2019-12-19 16:45,1328
2019-12-19 16:50,1376
2019-12-19 16:55,1433
2019-12-19 17:00,1477
2019-12-19 17:05,1525
2019-12-19 17:10,1592
2019-12-19 17:15,1625
2019-12-19 17:20,1669
2019-12-19 17:25,1698
2019-12-19 17:30,1744
2019-12-19 17:35,1783
2019-12-19 17:40,1797
2019-12-19 17:45,1809
2019-12-19 17:50,1829
2019-12-19 17:55,1846
2019-12-19 18:00,1874
2019-12-19 18:05,1873
2019-12-19 18:10,1875
2019-12-19 18:15,1897
2019-12-19 18:20,1897
2019-12-19 18:25,1902
2019-12-19 18:30,1928
2019-12-19 18:35,1943
2019-12-19 18:40,1927
2019-12-19 18:45,1926
2019-12-19 18:50,1925
2019-12-19 18:55,1936
2019-12-19 19:00,1925
2019-12-19 19:05,1919
2019-12-19 19:10,1927
2019-12-19 19:15,1938
2019-12-19 19:20,1915
2019-12-19 19:25,1953
2019-12-19 19:30,1954
2019-12-19 19:35,1953
2019-12-19 19:40,1976
2019-12-19 19:45,1981
2019-12-19 19:50,1969
2019-12-19 19:55,1962
2019-12-19 20:00,1969
2019-12-19 20:05,1950
2019-12-19 20:10,1945
2019-12-19 20:15,1946
2019-12-19 20:20,1954
2019-12-19 20:25,1931
2019-12-19 20:30,1918
2019-12-19 20:35,1917
2019-12-19 20:40,1917
2019-12-19 20:45,1912
2019-12-19 20:50,1901
2019-12-19 20:55,1893
2019-12-19 21:00,1867
2019-12-19 21:05,1876
2019-12-19 21:10,1841
2019-12-19 21:15,1830
2019-12-19 21:20,1818
2019-12-19 21:25,1800
2019-12-19 21:30,1787
2019-12-19 21:35,1794
2019-12-19 21:40,0
2019-12-19 21:45,1782
2019-12-19 21:50,1776
2019-12-19 21:55,1752
2019-12-19 22:00,1726
2019-12-19 22:05,1675
2019-12-19 22:10,1674
2019-12-19 22:15,1665
2019-12-19 22:20,1639
2019-12-19 22:25,1624
2019-12-19 22:30,1633
2019-12-19 22:35,1602
2019-12-19 22:40,1565
2019-12-19 22:45,1563
2019-12-19 22:50,1564
2019-12-19 22:55,1557
2019-12-19 23:00,1551
2019-12-19 23:05,1556
2019-12-19 23:10,1515
2019-12-19 23:15,1514
2019-12-19 23:20,1500
2019-12-19 23:25,1510
2019-12-19 23:30,1492
2019-12-19 23:35,1480
2019-12-19 23:40,1477
2019-12-19 23:45,1452
2019-12-19 23:50,1433
2019-12-19 23:55,1420
2019-12-20 00:00,1415
2019-12-20 00:05,1412
2019-12-20 00:10,1403
2019-12-20 00:15,1409
2019-12-20 00:20,1398
2019-12-20 00:25,1384
2019-12-20 00:30,1383
2019-12-20 00:35,1379
2019-12-20 00:40,1372
2019-12-20 00:45,1357
2019-12-20 00:50,1351
2019-12-20 00:55,1326
2019-12-20 01:00,1328
2019-12-20 01:05,1308
2019-12-20 01:10,1275
2019-12-20 01:15,1264
2019-12-20 01:20,1253
2019-12-20 01:25,1246
2019-12-20 01:30,1241
2019-12-20 01:35,1242
2019-12-20 01:40,1231
2019-12-20 01:45,1230
2019-12-20 01:50,1239
2019-12-20 01:55,1228
2019-12-20 02:00,1228
2019-12-20 02:05,1210
2019-12-20 02:10,1207
2019-12-20 02:15,1200
2019-12-20 02:20,1207
2019-12-20 02:25,1198
2019-12-20 02:30,1190
2019-12-20 02:35,1192
2019-12-20 02:40,1171
2019-12-20 02:45,1180
2019-12-20 02:50,1169
2019-12-20 02:55,1166
2019-12-20 03:00,1158
2019-12-20 03:05,1168
2019-12-20 03:10,1160
2019-12-20 03:15,1158
2019-12-20 03:20,1162
2019-12-20 03:25,1157
2019-12-20 03:30,1183
2019-12-20 03:35,1175
2019-12-20 03:40,1160
2019-12-20 03:45,1146
2019-12-20 03:50,1148
2019-12-20 03:55,1152
2019-12-20 04:00,1170
2019-12-20 04:05,1170
2019-12-20 04:10,1141
2019-12-20 04:15,1130
2019-12-20 04:20,1114
2019-12-20 04:25,1096
2019-12-20 04:30,1086
2019-12-20 04:35,1085
2019-12-20 04:40,1065
2019-12-20 04:45,1045
2019-12-20 04:50,1015
2019-12-20 04:55,1008
2019-12-20 05:00,1011
2019-12-20 05:05,999
2019-12-20 05:10,977
2019-12-20 05:15,989
2019-12-20 05:20,970
2019-12-20 05:25,974
2019-12-20 05:30,988
2019-12-20 05:35,992
2019-12-20 05:40,988
2019-12-20 05:45,973
2019-12-20 05:50,967
2019-12-20 05:55,966
2019-12-20 06:00,939
2019-12-20 06:05,928
2019-12-20 06:10,924
2019-12-20 06:15,936
2019-12-20 06:20,916
2019-12-20 06:25,917
2019-12-20 06:30,921
2019-12-20 06:35,914
2019-12-20 06:40,904
2019-12-20 06:45,904
2019-12-20 06:50,904
2019-12-20 06:55,906
2019-12-20 07:00,908
2019-12-20 07:05,889
2019-12-20 07:10,876
2019-12-20 07:15,870
2019-12-20 07:20,870
2019-12-20 07:25,872
2019-12-20 07:30,861
2019-12-20 07:35,864
2019-12-20 07:40,862
2019-12-20 07:45,880
2019-12-20 07:50,882
2019-12-20 07:55,889
2019-12-20 08:00,879
2019-12-20 08:05,875
2019-12-20 08:10,874
2019-12-20 08:15,861
2019-12-20 08:20,846
2019-12-20 08:25,848
2019-12-20 08:30,860
2019-12-20 08:35,858
2019-12-20 08:40,864
2019-12-20 08:45,854
2019-12-20 08:50,872
2019-12-20 08:55,879
2019-12-20 09:00,875
2019-12-20 09:05,874
2019-12-20 09:10,860
2019-12-20 09:15,878
2019-12-20 09:20,883
2019-12-20 09:25,895
2019-12-20 09:30,927
2019-12-20 09:35,931
2019-12-20 09:40,941
2019-12-20 09:45,940
2019-12-20 09:50,950
2019-12-20 09:55,963
2019-12-20 10:00,964
2019-12-20 10:05,973
2019-12-20 10:10,982
2019-12-20 10:15,1006
2019-12-20 10:20,1013
2019-12-20 10:25,1032
2019-12-20 10:30,1023
2019-12-20 10:35,1020
2019-12-20 10:40,1019
2019-12-20 10:45,1015
2019-12-20 10:50,1033
2019-12-20 10:55,1039
2019-12-20 11:00,1025
2019-12-20 11:05,1028
2019-12-20 11:10,1029
2019-12-20 11:15,1035
2019-12-20 11:20,1047
2019-12-20 11:25,1060
2019-12-20 11:30,1058
2019-12-20 11:35,1064
2019-12-20 11:40,1080
2019-12-20 11:45,1096
2019-12-20 11:50,1100
2019-12-20 11:55,1114
2019-12-20 12:00,1126
2019-12-20 12:05,1125
2019-12-20 12:10,1132
2019-12-20 12:15,1116
2019-12-20 12:20,1127
2019-12-20 12:25,1127
2019-12-20 12:30,1129
2019-12-20 12:35,1133
2019-12-20 12:40,1158
2019-12-20 12:45,1156
2019-12-20 12:50,1177
2019-12-20 12:55,1176
2019-12-20 13:00,1185
2019-12-20 13:05,1210
2019-12-20 13:10,1206
2019-12-20 13:15,1218
2019-12-20 13:20,1228
2019-12-20 13:25,1244
2019-12-20 13:30,1275
2019-12-20 13:35,1274
2019-12-20 13:40,1317
2019-12-20 13:45,1331
2019-12-20 13:50,1325
2019-12-20 13:55,1340
2019-12-20 14:00,1341
2019-12-20 14:05,1349
2019-12-20 14:10,1359
2019-12-20 14:15,1362
2019-12-20 14:20,1389
2019-12-20 14:25,1407
2019-12-20 14:30,1427
2019-12-20 14:35,1450
2019-12-20 14:40,1461
2019-12-20 14:45,1461
2019-12-20 14:50,1488
2019-12-20 14:55,1514
2019-12-20 15:00,1502
2019-12-20 15:05,1508
2019-12-20 15:10,1538
2019-12-20 15:15,1539
2019-12-20 15:20,1553
2019-12-20 15:25,1552
2019-12-20 15:30,1573
2019-12-20 15:35,1577
2019-12-20 15:40,1574
2019-12-20 15:45,1589
2019-12-20 15:50,1603
2019-12-20 15:55,1602
2019-12-20 16:00,1640
2019-12-20 16:05,1622
2019-12-20 16:10,1621
2019-12-20 16:15,1626
2019-12-20 16:20,1650
2019-12-20 16:25,1654
2019-12-20 16:30,1666
2019-12-20 16:35,1665
2019-12-20 16:40,1690
2019-12-20 16:45,1685
2019-12-20 16:50,1697
2019-12-20 16:55,1711
2019-12-20 17:00,1712
2019-12-20 17:05,1753
2019-12-20 17:10,1759
2019-12-20 17:15,1760
2019-12-20 17:20,1743
2019-12-20 17:25,1733
2019-12-20 17:30,1753
2019-12-20 17:35,1766
2019-12-20 17:40,1750
2019-12-20 17:45,1759
2019-12-20 17:50,1754
2019-12-20 17:55,1786
2019-12-20 18:00,1780
2019-12-20 18:05,1806
2019-12-20 18:10,1793
2019-12-20 18:15,1826
2019-12-20 18:20,1821
2019-12-20 18:25,1822
2019-12-20 18:30,1845
2019-12-20 18:35,1843
2019-12-20 18:40,1853
2019-12-20 18:45,1854
2019-12-20 18:50,1883
2019-12-20 18:55,1864
2019-12-20 19:00,1888
2019-12-20 19:05,1869
2019-12-20 19:10,1867
2019-12-20 19:15,1871
2019-12-20 19:20,1872
2019-12-20 19:25,1855
2019-12-20 19:30,1865
2019-12-20 19:35,1864
2019-12-20 19:40,1860
2019-12-20 19:45,1864
2019-12-20 19:50,1871
2019-12-20 19:55,1850
2019-12-20 20:00,1854
2019-12-20 20:05,1856
2019-12-20 20:10,1867
2019-12-20 20:15,1875
2019-12-20 20:20,1888
2019-12-20 20:25,1895
2019-12-20 20:30,1880
2019-12-20 20:35,1892
2019-12-20 20:40,1890
2019-12-20 20:45,1877
2019-12-20 20:50,1863
2019-12-20 20:55,1860
2019-12-20 21:00,1847
2019-12-20 21:05,1820
2019-12-20 21:10,1804
2019-12-20 21:15,1788
2019-12-20 21:20,1776
2019-12-20 21:25,1760
2019-12-20 21:30,1747
2019-12-20 21:35,1721
2019-12-20 21:40,1722
2019-12-20 21:45,1706
2019-12-20 21:50,1697
2019-12-20 21:55,1683
2019-12-20 22:00,1671
2019-12-20 22:05,1648
2019-12-20 22:10,1633
2019-12-20 22:15,1632
2019-12-20 22:20,1629
2019-12-20 22:25,1615
2019-12-20 22:30,1585
2019-12-20 22:35,1578
2019-12-20 22:40,1593
2019-12-20 22:45,1567
2019-12-20 22:50,1554
2019-12-20 22:55,1536
2019-12-20 23:00,1526
2019-12-20 23:05,1507
2019-12-20 23:10,1513
2019-12-20 23:15,1500
2019-12-20 23:20,1503
2019-12-20 23:25,1497
2019-12-20 23:30,1497
2019-12-20 23:35,1486
2019-12-20 23:40,1472
2019-12-20 23:45,1449
2019-12-20 23:50,0
2019-12-20 23:55,1393
2019-12-21 00:00,1386
2019-12-21 00:05,1370
2019-12-21 00:10,1350
2019-12-21 00:15,1341
2019-12-21 00:20,1335
2019-12-21 00:25,1329
2019-12-21 00:30,1313
2019-12-21 00:35,1291
2019-12-21 00:40,1273
2019-12-21 00:45,1267
2019-12-21 00:50,1271
2019-12-21 00:55,1280
2019-12-21 01:00,
2019-12-21 01:05,1253
2019-12-21 01:10,1238
2019-12-21 01:15,1229
2019-12-21 01:20,1219
2019-12-21 01:25,1232
2019-12-21 01:30,1223
2019-12-21 01:35,1235
2019-12-21 01:40,1225
2019-12-21 01:45,1222
2019-12-21 01:50,1247
2019-12-21 01:55,1249
2019-12-21 02:00,1256
2019-12-21 02:05,1239
2019-12-21 02:10,1234
2019-12-21 02:15,1246
2019-12-21 02:20,1240
2019-12-21 02:25,1237
2019-12-21 02:30,1232
2019-12-21 02:35,1227
2019-12-21 02:40,1195
2019-12-21 02:45,1209
2019-12-21 02:50,1198
2019-12-21 02:55,1195
2019-12-21 03:00,1180
2019-12-21 03:05,1177
2019-12-21 03:10,1176
2019-12-21 03:15,1163
2019-12-21 03:20,1170
2019-12-21 03:25,1172
2019-12-21 03:30,1170
2019-12-21 03:35,1165
2019-12-21 03:40,1168
2019-12-21 03:45,1151
2019-12-21 03:50,1153
2019-12-21 03:55,1143
2019-12-21 04:00,1141
2019-12-21 04:05,1130
2019-12-21 04:10,1124
2019-12-21 04:15,1127
2019-12-21 04:20,1124
2019-12-21 04:25,1112
2019-12-21 04:30,1097
2019-12-21 04:35,1089
2019-12-21 04:40,1071
2019-12-21 04:45,1078
2019-12-21 04:50,1074
2019-12-21 04:55,1068
2019-12-21 05:00,1067
2019-12-21 05:05,1060
2019-12-21 05:10,1046
2019-12-21 05:15,1041
2019-12-21 05:20,1044
2019-12-21 05:25,1023
2019-12-21 05:30,1037
2019-12-21 05:35,1027
2019-12-21 05:40,1032
2019-12-21 05:45,1027
2019-12-21 05:50,1024
2019-12-21 05:55,1024
2019-12-21 06:00,1016
2019-12-21 06:05,999
2019-12-21 06:10,1001
2019-12-21 06:15,1001
2019-12-21 06:20,995
2019-12-21 06:25,998
2019-12-21 06:30,992
2019-12-21 06:35,985
2019-12-21 06:40,983
2019-12-21 06:45,987
2019-12-21 06:50,992
2019-12-21 06:55,971
2019-12-21 07:00,982
2019-12-21 07:05,973
2019-12-21 07:10,988
2019-12-21 07:15,998
2019-12-21 07:20,1012
2019-12-21 07:25,1017
2019-12-21 07:30,1031
2019-12-21 07:35,1019
2019-12-21 07:40,1019
2019-12-21 07:45,1014
2019-12-21 07:50,1017
2019-12-21 07:55,1003
2019-12-21 08:00,1000
2019-12-21 08:05,1008
2019-12-21 08:10,1026
2019-12-21 08:15,1049
2019-12-21 08:20,1052
2019-12-21 08:25,1046
2019-12-21 08:30,1054
2019-12-21 08:35,1044
2019-12-21 08:40,1044
2019-12-21 08:45,1051
2019-12-21 08:50,1061
2019-12-21 08:55,1057
2019-12-21 09:00,1054
2019-12-21 09:05,1063
2019-12-21 09:10,1073
2019-12-21 09:15,1084
2019-12-21 09:20,1095
2019-12-21 09:25,1116
2019-12-21 09:30,1125
2019-12-21 09:35,1136
2019-12-21 09:40,1136
2019-12-21 09:45,1160
2019-12-21 09:50,1171
2019-12-21 09:55,1176
2019-12-21 10:00,1196
2019-12-21 10:05,1227
2019-12-21 10:10,1250
2019-12-21 10:15,1247
2019-12-21 10:20,1260
2019-12-21 10:25,1274
2019-12-21 10:30,1289
2019-12-21 10:35,1292
2019-12-21 10:40,1298
2019-12-21 10:45,1312
2019-12-21 10:50,1333
2019-12-21 10:55,1343
2019-12-21 11:00,1325
2019-12-21 11:05,1328
2019-12-21 11:10,1348
2019-12-21 11:15,1337
2019-12-21 11:20,1354
2019-12-21 11:25,1357
2019-12-21 11:30,1370
2019-12-21 11:35,1371
2019-12-21 11:40,1377
2019-12-21 11:45,1377
2019-12-21 11:50,1396
2019-12-21 11:55,1394
2019-12-21 12:00,1404
2019-12-21 12:05,1412
2019-12-21 12:10,1405
2019-12-21 12:15,1401
2019-12-21 12:20,1430
2019-12-21 12:25,1440
2019-12-21 12:30,1453
2019-12-21 12:35,1467
2019-12-21 12:40,1464
2019-12-21 12:45,1485
2019-12-21 12:50,1502
2019-12-21 12:55,1521
2019-12-21 13:00,1536
2019-12-21 13:05,1556
2019-12-21 13:10,1564
2019-12-21 13:15,1581
2019-12-21 13:20,1551
2019-12-21 13:25,1549
2019-12-21 13:30,1575
2019-12-21 13:35,1595
2019-12-21 13:40,1594
2019-12-21 13:45,1601
2019-12-21 13:50,1606
2019-12-21 13:55,1606
2019-12-21 14:00,1619
2019-12-21 14:05,1630
2019-12-21 14:10,1655
2019-12-21 14:15,1673
2019-12-21 14:20,1673
2019-12-21 14:25,1666
2019-12-21 14:30,1678
2019-12-21 14:35,1706
2019-12-21 14:40,1720
2019-12-21 14:45,1742
2019-12-21 14:50,1754
2019-12-21 14:55,1758
2019-12-21 15:00,1771
2019-12-21 15:05,1754
2019-12-21 15:10,1742
2019-12-21 15:15,1764
2019-12-21 15:20,1773
2019-12-21 15:25,1803
2019-12-21 15:30,1805
2019-12-21 15:35,1801
2019-12-21 15:40,1830
2019-12-21 15:45,1832
2019-12-21 15:50,1830
2019-12-21 15:55,1877
2019-12-21 16:00,1880
2019-12-21 16:05,1863
2019-12-21 16:10,1888
2019-12-21 16:15,1910
2019-12-21 16:20,1910
2019-12-21 16:25,1936
2019-12-21 16:30,1955
2019-12-21 16:35,1981
2019-12-21 16:40,1979
2019-12-21 16:45,1984
2019-12-21 16:50,1989
2019-12-21 16:55,1975
2019-12-21 17:00,1961
2019-12-21 17:05,1965
2019-12-21 17:10,1963
2019-12-21 17:15,1972
2019-12-21 17:20,1953
2019-12-21 17:25,1950
2019-12-21 17:30,1940
2019-12-21 17:35,
2019-12-21 17:40,1941
2019-12-21 17:45,1945
2019-12-21 17:50,1945
2019-12-21 17:55,1935
2019-12-21 18:00,1946
2019-12-21 18:05,1932
2019-12-21 18:10,1949
2019-12-21 18:15,1954
2019-12-21 18:20,1955
2019-12-21 18:25,1984
2019-12-21 18:30,2013
2019-12-21 18:35,2017
2019-12-21 18:40,2005
2019-12-21 18:45,2008
2019-12-21 18:50,2017
2019-12-21 18:55,2024
2019-12-21 19:00,2036
2019-12-21 19:05,2017
2019-12-21 19:10,2044
2019-12-21 19:15,2031
2019-12-21 19:20,2016
2019-12-21 19:25,2038
2019-12-21 19:30,2039
2019-12-21 19:35,2035
2019-12-21 19:40,2036
2019-12-21 19:45,2048
2019-12-21 19:50,2036
2019-12-21 19:55,2017
2019-12-21 20:00,2025
2019-12-21 20:05,2042
2019-12-21 20:10,2017
2019-12-21 20:15,2007
2019-12-21 20:20,2004
2019-12-21 20:25,2013
2019-12-21 20:30,2020
2019-12-21 20:35,2022
2019-12-21 20:40,2033
2019-12-21 20:45,2020
2019-12-21 20:50,2019
2019-12-21 20:55,1981
2019-12-21 21:00,1947
2019-12-21 21:05,1942
2019-12-21 21:10,1961
2019-12-21 21:15,1944
2019-12-21 21:20,1923
2019-12-21 21:25,1930
2019-12-21 21:30,1921
2019-12-21 21:35,1901
2019-12-21 21:40,1900
2019-12-21 21:45,1879
2019-12-21 21:50,1882
2019-12-21 21:55,1882
2019-12-21 22:00,1864
2019-12-21 22:05,1882
2019-12-21 22:10,1849
2019-12-21 22:15,1832
2019-12-21 22:20,1804
2019-12-21 22:25,1785
2019-12-21 22:30,1771
2019-12-21 22:35,1738
2019-12-21 22:40,1728
2019-12-21 22:45,1723
2019-12-21 22:50,1704
2019-12-21 22:55,1695
2019-12-21 23:00,1686
2019-12-21 23:05,1658
2019-12-21 23:10,1649
2019-12-21 23:15,1614
2019-12-21 23:20,1614
2019-12-21 23:25,1616
2019-12-21 23:30,1594
2019-12-21 23:35,1587
2019-12-21 23:40,1579
2019-12-21 23:45,1570
2019-12-21 23:50,1549
2019-12-21 23:55,1517
2019-12-22 00:00,1501
2019-12-22 00:05,1480
2019-12-22 00:10,1462
2019-12-22 00:15,1442
2019-12-22 00:20,1445
2019-12-22 00:25,1429
2019-12-22 00:30,1405
2019-12-22 00:35,1406
2019-12-22 00:40,1389
2019-12-22 00:45,1368
2019-12-22 00:50,1358
2019-12-22 00:55,1337
2019-12-22 01:00,1352
2019-12-22 01:05,1358
2019-12-22 01:10,1355
2019-12-22 01:15,1333
2019-12-22 01:20,1345
2019-12-22 01:25,1332
2019-12-22 01:30,1325
2019-12-22 01:35,1306
2019-12-22 01:40,1291
2019-12-22 01:45,1288
2019-12-22 01:50,1276
2019-12-22 01:55,1274
2019-12-22 02:00,1285
2019-12-22 02:05,1292
2019-12-22 02:10,1288
2019-12-22 02:15,1293
2019-12-22 02:20,1277
2019-12-22 02:25,1271
2019-12-22 02:30,1274
2019-12-22 02:35,1276
2019-12-22 02:40,1260
2019-12-22 02:45,1255
2019-12-22 02:50,1263
2019-12-22 02:55,1226
2019-12-22 03:00,1224
2019-12-22 03:05,1220
2019-12-22 03:10,1211
2019-12-22 03:15,1201
2019-12-22 03:20,1191
2019-12-22 03:25,1163
2019-12-22 03:30,1155
2019-12-22 03:35,1146
2019-12-22 03:40,1151
2019-12-22 03:45,1137
2019-12-22 03:50,1139
2019-12-22 03:55,1141
2019-12-22 04:00,1147
2019-12-22 04:05,1149
2019-12-22 04:10,1148
2019-12-22 04:15,1133
2019-12-22 04:20,1109
2019-12-22 04:25,1083
2019-12-22 04:30,1069
2019-12-22 04:35,1064
2019-12-22 04:40,1072
2019-12-22 04:45,1065
2019-12-22 04:50,1062
2019-12-22 04:55,1063
2019-12-22 05:00,1056
2019-12-22 05:05,1041
2019-12-22 05:10,1036
2019-12-22 05:15,1038
2019-12-22 05:20,1023
2019-12-22 05:25,1012
2019-12-22 05:30,1009
2019-12-22 05:35,1009
2019-12-22 05:40,997
2019-12-22 05:45,1014
2019-12-22 05:50,1013
2019-12-22 05:55,1011
2019-12-22 06:00,1014
2019-12-22 06:05,1008
2019-12-22 06:10,1002
2019-12-22 06:15,1016
2019-12-22 06:20,1005
2019-12-22 06:25,989
2019-12-22 06:30,988
2019-12-22 06:35,985
2019-12-22 06:40,984
2019-12-22 06:45,981
2019-12-22 06:50,983
2019-12-22 06:55,980
2019-12-22 07:00,973
2019-12-22 07:05,976
2019-12-22 07:10,970
2019-12-22 07:15,976
2019-12-22 07:20,989
2019-12-22 07:25,1005
2019-12-22 07:30,1029
2019-12-22 07:35,1033
2019-12-22 07:40,1067
2019-12-22 07:45,1050
2019-12-22 07:50,1047
2019-12-22 07:55,1050
2019-12-22 08:00,1056
2019-12-22 08:05,1070
2019-12-22 08:10,1059
2019-12-22 08:15,1077
2019-12-22 08:20,1084
2019-12-22 08:25,1077
2019-12-22 08:30,1085
2019-12-22 08:35,1099
2019-12-22 08:40,1112
2019-12-22 08:45,1098
2019-12-22 08:50,1116
2019-12-22 08:55,1129
2019-12-22 09:00,1142
2019-12-22 09:05,1138
2019-12-22 09:10,1150
2019-12-22 09:15,1166
2019-12-22 09:20,1184
2019-12-22 09:25,1183
2019-12-22 09:30,1180
2019-12-22 09:35,1195
2019-12-22 09:40,1208
2019-12-22 09:45,1227
2019-12-22 09:50,1241
2019-12-22 09:55,1257
2019-12-22 10:00,1282
2019-12-22 10:05,1284
2019-12-22 10:10,1315
2019-12-22 10:15,1337
2019-12-22 10:20,1349
2019-12-22 10:25,1377
2019-12-22 10:30,1400
2019-12-22 10:35,1395
2019-12-22 10:40,1420
2019-12-22 10:45,1420
2019-12-22 10:50,1433
2019-12-22 10:55,1455
2019-12-22 11:00,1450
2019-12-22 11:05,1464
2019-12-22 11:10,1480
2019-12-22 11:15,1496
2019-12-22 11:20,1499
2019-12-22 11:25,1510
2019-12-22 11:30,1514
2019-12-22 11:35,1528
2019-12-22 11:40,1521
2019-12-22 11:45,1541
2019-12-22 11:50,1537
2019-12-22 11:55,1572
2019-12-22 12:00,1580
2019-12-22 12:05,1603
2019-12-22 12:10,1605
2019-12-22 12:15,1619
2019-12-22 12:20,1594
2019-12-22 12:25,1608
2019-12-22 12:30,1625
2019-12-22 12:35,1650
2019-12-22 12:40,1648
2019-12-22 12:45,1659
2019-12-22 12:50,1651
2019-12-22 12:55,1667
2019-12-22 13:00,1673
2019-12-22 13:05,1674
2019-12-22 13:10,1674
2019-12-22 13:15,1695
2019-12-22 13:20,1713
2019-12-22 13:25,1712
2019-12-22 13:30,1723
2019-12-22 13:35,1741
2019-12-22 13:40,1777
2019-12-22 13:45,1775
2019-12-22 13:50,1793
2019-12-22 13:55,1804
2019-12-22 14:00,1811
2019-12-22 14:05,1808
2019-12-22 14:10,1812
2019-12-22 14:15,1817
2019-12-22 14:20,1828
2019-12-22 14:25,1847
2019-12-22 14:30,1879
2019-12-22 14:35,1868
2019-12-22 14:40,1870
2019-12-22 14:45,1883
2019-12-22 14:50,1898
2019-12-22 14:55,1930
2019-12-22 15:00,1941
2019-12-22 15:05,1930
2019-12-22 15:10,1944
2019-12-22 15:15,1933
2019-12-22 15:20,1928
2019-12-22 15:25,1942
2019-12-22 15:30,1957
2019-12-22 15:35,1976
2019-12-22 15:40,2005
2019-12-22 15:45,2010
2019-12-22 15:50,2029
2019-12-22 15:55,2043
2019-12-22 16:00,2046
2019-12-22 16:05,2073
2019-12-22 16:10,2074
2019-12-22 16:15,2071
2019-12-22 16:20,2074
2019-12-22 16:25,2093
2019-12-22 16:30,2112
2019-12-22 16:35,2133
2019-12-22 16:40,2100
2019-12-22 16:45,2115
2019-12-22 16:50,2111
2019-12-22 16:55,2134
2019-12-22 17:00,2124
2019-12-22 17:05,2104
2019-12-22 17:10,2103
2019-12-22 17:15,2084
2019-12-22 17:20,2082
2019-12-22 17:25,2076
2019-12-22 17:30,2113
2019-12-22 17:35,2117
2019-12-22 17:40,2115
2019-12-22 17:45,2113
2019-12-22 17:50,2096
2019-12-22 17:55,2100
2019-12-22 18:00,2098
2019-12-22 18:05,2089
2019-12-22 18:10,2095
2019-12-22 18:15,2076
2019-12-22 18:20,2086
2019-12-22 18:25,2080
2019-12-22 18:30,2101
2019-12-22 18:35,2087
2019-12-22 18:40,2105
2019-12-22 18:45,2097
2019-12-22 18:50,2096
2019-12-22 18:55,2099
2019-12-22 19:00,2103
2019-12-22 19:05,2092
2019-12-22 19:10,2086
2019-12-22 19:15,2091
2019-12-22 19:20,2105
2019-12-22 19:25,2120
2019-12-22 19:30,2109
2019-12-22 19:35,2128
2019-12-22 19:40,2102
2019-12-22 19:45,2100
2019-12-22 19:50,2086
2019-12-22 19:55,2093
2019-12-22 20:00,2079
2019-12-22 20:05,2063
2019-12-22 20:10,2075
2019-12-22 20:15,2091
2019-12-22 20:20,2076
2019-12-22 20:25,2071
2019-12-22 20:30,2053
2019-12-22 20:35,2058
2019-12-22 20:40,2055
2019-12-22 20:45,2020
2019-12-22 20:50,2010
2019-12-22 20:55,1999
2019-12-22 21:00,1988
2019-12-22 21:05,1997
2019-12-22 21:10,1983
2019-12-22 21:15,2002
2019-12-22 21:20,1979
2019-12-22 21:25,1951
2019-12-22 21:30,1959
2019-12-22 21:35,1930
2019-12-22 21:40,1913
2019-12-22 21:45,1899
2019-12-22 21:50,1867
2019-12-22 21:55,1879
2019-12-22 22:00,1881
2019-12-22 22:05,1863
2019-12-22 22:10,1851
2019-12-22 22:15,1833
2019-12-22 22:20,1828
2019-12-22 22:25,1833
2019-12-22 22:30,1830
2019-12-22 22:35,1822
2019-12-22 22:40,1797
2019-12-22 22:45,1767
2019-12-22 22:50,1750
2019-12-22 22:55,1724
2019-12-22 23:00,1712
2019-12-22 23:05,1704
2019-12-22 23:10,1714
2019-12-22 23:15,1715
2019-12-22 23:20,1685
2019-12-22 23:25,1679
2019-12-22 23:30,1663
2019-12-22 23:35,1633
2019-12-22 23:40,1607
2019-12-22 23:45,1583
2019-12-22 23:50,1570
2019-12-22 23:55,1548
2019-12-23 00:00,1545
2019-12-23 00:05,1518
2019-12-23 00:10,1505
2019-12-23 00:15,1494
2019-12-23 00:20,1497
2019-12-23 00:25,1489
2019-12-23 00:30,1466
2019-12-23 00:35,1475
2019-12-23 00:40,1470
2019-12-23 00:45,1451
2019-12-23 00:50,1443
2019-12-23 00:55,1448
2019-12-23 01:00,1438
2019-12-23 01:05,1434
2019-12-23 01:10,1442
2019-12-23 01:15,1438
2019-12-23 01:20,1440
2019-12-23 01:25,1444
2019-12-23 01:30,1441
2019-12-23 01:35,1425
2019-12-23 01:40,1406
2019-12-23 01:45,1382
2019-12-23 01:50,1352
2019-12-23 01:55,1327
2019-12-23 02:00,1319
2019-12-23 02:05,1324
2019-12-23 02:10,1307
2019-12-23 02:15,1299
2019-12-23 02:20,1290
2019-12-23 02:25,1284
2019-12-23 02:30,1285
2019-12-23 02:35,1266
2019-12-23 02:40,1269
2019-12-23 02:45,1253
2019-12-23 02:50,1257
2019-12-23 02:55,1269
2019-12-23 03:00,1252
2019-12-23 03:05,1245
2019-12-23 03:10,1233
2019-12-23 03:15,1231
2019-12-23 03:20,1217
2019-12-23 03:25,1198
2019-12-23 03:30,1190
2019-12-23 03:35,1184
2019-12-23 03:40,1177
2019-12-23 03:45,1179
2019-12-23 03:50,1165
2019-12-23 03:55,1132
2019-12-23 04:00,1118
2019-12-23 04:05,1108
2019-12-23 04:10,1087
2019-12-23 04:15,1063
2019-12-23 04:20,1054
2019-12-23 04:25,1043
2019-12-23 04:30,1030
2019-12-23 04:35,1013
2019-12-23 04:40,990
2019-12-23 04:45,987
2019-12-23 04:50,979
2019-12-23 04:55,978
2019-12-23 05:00,973
2019-12-23 05:05,971
2019-12-23 05:10,957
2019-12-23 05:15,947
2019-12-23 05:20,950
2019-12-23 05:25,948
2019-12-23 05:30,943
2019-12-23 05:35,931
2019-12-23 05:40,929
2019-12-23 05:45,925
2019-12-23 05:50,913
2019-12-23 05:55,901
2019-12-23 06:00,899
2019-12-23 06:05,891
2019-12-23 06:10,902
2019-12-23 06:15,897
2019-12-23 06:20,884
2019-12-23 06:25,874
2019-12-23 06:30,877
2019-12-23 06:35,889
2019-12-23 06:40,885
2019-12-23 06:45,882
2019-12-23 06:50,894
2019-12-23 06:55,892
2019-12-23 07:00,888
2019-12-23 07:05,896
2019-12-23 07:10,900
2019-12-23 07:15,906
2019-12-23 07:20,898
2019-12-23 07:25,900
2019-12-23 07:30,911
2019-12-23 07:35,906
2019-12-23 07:40,901
2019-12-23 07:45,911
2019-12-23 07:50,919
2019-12-23 07:55,911
2019-12-23 08:00,898
2019-12-23 08:05,888
2019-12-23 08:10,881
2019-12-23 08:15,869
2019-12-23 08:20,874
2019-12-23 08:25,869
2019-12-23 08:30,874
2019-12-23 08:35,874
2019-12-23 08:40,893
2019-12-23 08:45,897
2019-12-23 08:50,898
2019-12-23 08:55,904
2019-12-23 09:00,918
2019-12-23 09:05,917
2019-12-23 09:10,925
2019-12-23 09:15,903
2019-12-23 09:20,916
2019-12-23 09:25,933
2019-12-23 09:30,947
2019-12-23 09:35,955
2019-12-23 09:40,955
2019-12-23 09:45,981
2019-12-23 09:50,995
2019-12-23 09:55,998
2019-12-23 10:00,1030
2019-12-23 10:05,1057
2019-12-23 10:10,1086
2019-12-23 10:15,1101
2019-12-23 10:20,1112
2019-12-23 10:25,1113
2019-12-23 10:30,1119
2019-12-23 10:35,1125
2019-12-23 10:40,1140
2019-12-23 10:45,1161
2019-12-23 10:50,1168
2019-12-23 10:55,1167
2019-12-23 11:00,1173
2019-12-23 11:05,1182
2019-12-23 11:10,1165
2019-12-23 11:15,1160
2019-12-23 11:20,1170
2019-12-23 11:25,1177
2019-12-23 11:30,1181
2019-12-23 11:35,1178
2019-12-23 11:40,1206
2019-12-23 11:45,1210
2019-12-23 11:50,1218
2019-12-23 11:55,1240
2019-12-23 12:00,1236
2019-12-23 12:05,1242
2019-12-23 12:10,1252
2019-12-23 12:15,1254
2019-12-23 12:20,1271
2019-12-23 12:25,1282
2019-12-23 12:30,1285
2019-12-23 12:35,1291
2019-12-23 12:40,1318
2019-12-23 12:45,1336
2019-12-23 12:50,1365
2019-12-23 12:55,1387
2019-12-23 13:00,1398
2019-12-23 13:05,1417
2019-12-23 13:10,1418
2019-12-23 13:15,1433
2019-12-23 13:20,1436
2019-12-23 13:25,1446
2019-12-23 13:30,1437
2019-12-23 13:35,1469
2019-12-23 13:40,1477
2019-12-23 13:45,1474
2019-12-23 13:50,1485
2019-12-23 13:55,1477
2019-12-23 14:00,1495
2019-12-23 14:05,1491
2019-12-23 14:10,1511
2019-12-23 14:15,1515
2019-12-23 14:20,1508
2019-12-23 14:25,1519
2019-12-23 14:30,1525
2019-12-23 14:35,1499
2019-12-23 14:40,1500
2019-12-23 14:45,1496
2019-12-23 14:50,1466
2019-12-23 14:55,1352
2019-12-23 15:00,1213
2019-12-23 15:05,707
2019-12-23 15:10,615
2019-12-23 15:15,606
2019-12-23 15:20,605
2019-12-23 15:25,586
2019-12-23 15:30,599
2019-12-23 15:35,600
2019-12-23 15:40,608
2019-12-23 15:45,599
2019-12-23 15:50,609
2019-12-23 15:55,602
2019-12-23 16:00,620
2019-12-23 16:05,636
2019-12-23 16:10,637
2019-12-23 16:15,654
2019-12-23 16:20,677
2019-12-23 16:25,711
2019-12-23 16:30,745
2019-12-23 16:35,771
2019-12-23 16:40,867
2019-12-23 16:45,976
2019-12-23 16:50,1085
2019-12-23 16:55,1190
2019-12-23 17:00,1290
2019-12-23 17:05,1427
2019-12-23 17:10,1524
2019-12-23 17:15,1608
2019-12-23 17:20,1676
2019-12-23 17:25,1758
2019-12-23 17:30,1819
2019-12-23 17:35,1848
2019-12-23 17:40,1901
2019-12-23 17:45,1907
2019-12-23 17:50,1938
2019-12-23 17:55,1962
2019-12-23 18:00,1984
2019-12-23 18:05,2011
2019-12-23 18:10,2049
2019-12-23 18:15,2051
2019-12-23 18:20,2059
2019-12-23 18:25,2069
2019-12-23 18:30,2074
2019-12-23 18:35,2060
2019-12-23 18:40,2079
2019-12-23 18:45,2080
2019-12-23 18:50,2099
2019-12-23 18:55,2090
2019-12-23 19:00,2081
2019-12-23 19:05,2093
2019-12-23 19:10,2087
2019-12-23 19:15,2083
2019-12-23 19:20,2049
2019-12-23 19:25,2070
2019-12-23 19:30,2068
2019-12-23 19:35,2061
2019-12-23 19:40,
2019-12-23 19:45,
2019-12-23 19:50,2044
2019-12-23 19:55,1870
2019-12-23 20:00,1792
2019-12-23 20:05,1697
2019-12-23 20:10,1645
2019-12-23 20:15,1932
2019-12-23 20:20,2043
2019-12-23 20:25,2036
2019-12-23 20:30,2041
2019-12-23 20:35,2034
2019-12-23 20:40,2023
2019-12-23 20:45,2038
2019-12-23 20:50,2034
2019-12-23 20:55,2027
2019-12-23 21:00,2033
2019-12-23 21:05,2018
2019-12-23 21:10,2017
2019-12-23 21:15,1997
2019-12-23 21:20,1980
2019-12-23 21:25,1990
2019-12-23 21:30,1978
2019-12-23 21:35,1949
2019-12-23 21:40,1920
2019-12-23 21:45,1911
2019-12-23 21:50,1881
2019-12-23 21:55,1875
2019-12-23 22:00,1855
2019-12-23 22:05,1823
2019-12-23 22:10,1799
2019-12-23 22:15,1785
2019-12-23 22:20,1763
2019-12-23 22:25,1766
2019-12-23 22:30,1744
2019-12-23 22:35,1710
2019-12-23 22:40,1714
2019-12-23 22:45,1701
2019-12-23 22:50,1697
2019-12-23 22:55,1681
2019-12-23 23:00,1672
2019-12-23 23:05,1675
2019-12-23 23:10,1652
2019-12-23 23:15,1664
2019-12-23 23:20,1644
2019-12-23 23:25,1624
2019-12-23 23:30,1610
2019-12-23 23:35,1593
2019-12-23 23:40,1573
2019-12-23 23:45,1563
2019-12-23 23:50,1579
2019-12-23 23:55,1554
2019-12-24 00:00,1532
2019-12-24 00:05,1511
2019-12-24 00:10,1501
2019-12-24 00:15,1483
2019-12-24 00:20,1466
2019-12-24 00:25,1472
2019-12-24 00:30,1472
2019-12-24 00:35,1465
2019-12-24 00:40,1452
2019-12-24 00:45,1442
2019-12-24 00:50,1412
2019-12-24 00:55,1409
2019-12-24 01:00,1395
2019-12-24 01:05,1388
2019-12-24 01:10,1379
2019-12-24 01:15,1368
2019-12-24 01:20,1370
2019-12-24 01:25,1367
2019-12-24 01:30,1348
2019-12-24 01:35,1348
2019-12-24 01:40,1353
2019-12-24 01:45,1345
2019-12-24 01:50,1335
2019-12-24 01:55,1332
2019-12-24 02:00,1318
2019-12-24 02:05,1305
2019-12-24 02:10,1281
2019-12-24 02:15,1265
2019-12-24 02:20,1266
2019-12-24 02:25,1271
2019-12-24 02:30,1267
2019-12-24 02:35,1250
2019-12-24 02:40,1239
2019-12-24 02:45,1251
2019-12-24 02:50,1243
2019-12-24 02:55,1238
2019-12-24 03:00,1220
2019-12-24 03:05,1215
2019-12-24 03:10,1211
2019-12-24 03:15,1210
2019-12-24 03:20,1210
2019-12-24 03:25,1203
2019-12-24 03:30,1192
2019-12-24 03:35,1184
2019-12-24 03:40,1178
2019-12-24 03:45,1180
2019-12-24 03:50,1178
2019-12-24 03:55,1165
2019-12-24 04:00,1176
2019-12-24 04:05,1153
2019-12-24 04:10,1152
2019-12-24 04:15,1158
2019-12-24 04:20,1142
2019-12-24 04:25,1145
2019-12-24 04:30,1143
2019-12-24 04:35,1137
2019-12-24 04:40,1112
2019-12-24 04:45,1098
2019-12-24 04:50,1109
2019-12-24 04:55,1107
2019-12-24 05:00,1085
2019-12-24 05:05,1092
2019-12-24 05:10,1080
2019-12-24 05:15,1074
2019-12-24 05:20,1073
2019-12-24 05:25,1072
2019-12-24 05:30,1077
2019-12-24 05:35,1075
2019-12-24 05:40,1061
2019-12-24 05:45,1047
2019-12-24 05:50,1037
2019-12-24 05:55,1035
2019-12-24 06:00,1035
2019-12-24 06:05,1029
2019-12-24 06:10,1024
2019-12-24 06:15,1025
2019-12-24 06:20,1017
2019-12-24 06:25,1008
2019-12-24 06:30,1001
2019-12-24 06:35,983
2019-12-24 06:40,994
2019-12-24 06:45,982
2019-12-24 06:50,968
2019-12-24 06:55,962
2019-12-24 07:00,952
2019-12-24 07:05,942
2019-12-24 07:10,941
2019-12-24 07:15,926
2019-12-24 07:20,941
2019-12-24 07:25,927
2019-12-24 07:30,941
2019-12-24 07:35,935
2019-12-24 07:40,920
2019-12-24 07:45,931
2019-12-24 07:50,945
2019-12-24 07:55,947
2019-12-24 08:00,947
2019-12-24 08:05,949
2019-12-24 08:10,935
2019-12-24 08:15,930
2019-12-24 08:20,939
2019-12-24 08:25,938
2019-12-24 08:30,940
2019-12-24 08:35,957
2019-12-24 08:40,946
2019-12-24 08:45,952
2019-12-24 08:50,965
2019-12-24 08:55,960
2019-12-24 09:00,967
2019-12-24 09:05,983
2019-12-24 09:10,974
2019-12-24 09:15,987
2019-12-24 09:20,988
2019-12-24 09:25,1004
2019-12-24 09:30,1012
2019-12-24 09:35,1009
2019-12-24 09:40,1017
2019-12-24 09:45,1023
2019-12-24 09:50,1025
2019-12-24 09:55,1048
2019-12-24 10:00,1066
2019-12-24 10:05,1108
2019-12-24 10:10,1109
2019-12-24 10:15,1134
2019-12-24 10:20,1147
2019-12-24 10:25,1157
2019-12-24 10:30,1170
2019-12-24 10:35,1187
2019-12-24 10:40,1188
2019-12-24 10:45,1206
2019-12-24 10:50,1207
2019-12-24 10:55,1214
2019-12-24 11:00,1212
2019-12-24 11:05,1222
2019-12-24 11:10,1218
2019-12-24 11:15,1240
2019-12-24 11:20,1255
2019-12-24 11:25,1250
2019-12-24 11:30,1278
2019-12-24 11:35,1292
2019-12-24 11:40,1295
2019-12-24 11:45,1292
2019-12-24 11:50,1311
2019-12-24 11:55,1316
2019-12-24 12:00,1315
2019-12-24 12:05,1328
2019-12-24 12:10,1339
2019-12-24 12:15,1348
2019-12-24 12:20,1363
2019-12-24 12:25,1367
2019-12-24 12:30,1368
2019-12-24 12:35,1380
2019-12-24 12:40,1398
2019-12-24 12:45,1385
2019-12-24 12:50,1400
2019-12-24 12:55,1408
2019-12-24 13:00,1426
2019-12-24 13:05,1449
2019-12-24 13:10,1460
2019-12-24 13:15,1465
2019-12-24 13:20,1482
2019-12-24 13:25,1488
2019-12-24 13:30,1515
2019-12-24 13:35,1527
2019-12-24 13:40,1523
2019-12-24 13:45,1514
2019-12-24 13:50,1523
2019-12-24 13:55,1537
2019-12-24 14:00,1539
2019-12-24 14:05,1529
2019-12-24 14:10,1540
2019-12-24 14:15,1558
2019-12-24 14:20,1567
2019-12-24 14:25,1584
2019-12-24 14:30,1570
2019-12-24 14:35,1549
2019-12-24 14:40,1562
2019-12-24 14:45,1570
2019-12-24 14:50,1582
2019-12-24 14:55,1605
2019-12-24 15:00,1583
2019-12-24 15:05,1600
2019-12-24 15:10,1626
2019-12-24 15:15,1641
2019-12-24 15:20,1651
2019-12-24 15:25,1657
2019-12-24 15:30,1645
2019-12-24 15:35,1648
2019-12-24 15:40,1648
2019-12-24 15:45,1666
2019-12-24 15:50,1672
2019-12-24 15:55,1678
2019-12-24 16:00,1646
2019-12-24 16:05,1638
2019-12-24 16:10,1649
2019-12-24 16:15,1668
2019-12-24 16:20,1684
2019-12-24 16:25,1688
2019-12-24 16:30,1698
2019-12-24 16:35,1693
2019-12-24 16:40,1690
2019-12-24 16:45,1704
2019-12-24 16:50,1720
2019-12-24 16:55,1713
2019-12-24 17:00,1715
2019-12-24 17:05,1731
2019-12-24 17:10,1714
2019-12-24 17:15,1714
2019-12-24 17:20,1700
2019-12-24 17:25,1704
2019-12-24 17:30,1699
2019-12-24 17:35,1683
2019-12-24 17:40,1679
2019-12-24 17:45,1667
2019-12-24 17:50,1686
2019-12-24 17:55,1680
2019-12-24 18:00,1685
2019-12-24 18:05,1693
2019-12-24 18:10,1704
2019-12-24 18:15,1709
2019-12-24 18:20,1706
2019-12-24 18:25,1706
2019-12-24 18:30,1716
2019-12-24 18:35,1713
2019-12-24 18:40,1710
2019-12-24 18:45,1712
2019-12-24 18:50,1725
2019-12-24 18:55,1734
2019-12-24 19:00,1734
2019-12-24 19:05,1746
2019-12-24 19:10,1748
2019-12-24 19:15,1741
2019-12-24 19:20,1719
2019-12-24 19:25,1720
2019-12-24 19:30,1713
2019-12-24 19:35,1701
2019-12-24 19:40,1685
2019-12-24 19:45,1678
2019-12-24 19:50,1689
2019-12-24 19:55,1692
2019-12-24 20:00,1712
2019-12-24 20:05,1714
2019-12-24 20:10,1713
2019-12-24 20:15,1717
2019-12-24 20:20,1707
2019-12-24 20:25,1714
2019-12-24 20:30,1717
2019-12-24 20:35,1709
2019-12-24 20:40,1691
2019-12-24 20:45,1677
2019-12-24 20:50,1670
2019-12-24 20:55,1656
2019-12-24 21:00,1662
2019-12-24 21:05,1651
2019-12-24 21:10,1631
2019-12-24 21:15,1636
2019-12-24 21:20,1635
2019-12-24 21:25,1630
2019-12-24 21:30,1629
2019-12-24 21:35,1606
2019-12-24 21:40,1615
2019-12-24 21:45,1616
2019-12-24 21:50,1622
2019-12-24 21:55,1597
2019-12-24 22:00,1587
2019-12-24 22:05,1581
2019-12-24 22:10,1573
2019-12-24 22:15,1557
2019-12-24 22:20,1541
2019-12-24 22:25,1526
2019-12-24 22:30,1499
2019-12-24 22:35,1479
2019-12-24 22:40,1463
2019-12-24 22:45,1453
2019-12-24 22:50,1443
2019-12-24 22:55,1425
2019-12-24 23:00,1417
2019-12-24 23:05,1403
2019-12-24 23:10,1381
2019-12-24 23:15,1369
2019-12-24 23:20,1352
2019-12-24 23:25,1334
2019-12-24 23:30,1321
2019-12-24 23:35,1317
2019-12-24 23:40,1316
2019-12-24 23:45,1324
2019-12-24 23:50,1327
2019-12-24 23:55,1319
2019-12-25 00:00,1298
2019-12-25 00:05,1281
2019-12-25 00:10,1285
2019-12-25 00:15,1256
2019-12-25 00:20,1236
2019-12-25 00:25,1232
2019-12-25 00:30,1236
2019-12-25 00:35,1236
2019-12-25 00:40,1228
2019-12-25 00:45,1204
2019-12-25 00:50,1178
2019-12-25 00:55,1154
2019-12-25 01:00,1131
2019-12-25 01:05,1119
2019-12-25 01:10,1099
2019-12-25 01:15,1097
2019-12-25 01:20,1097
2019-12-25 01:25,1070
2019-12-25 01:30,1068
2019-12-25 01:35,1055
2019-12-25 01:40,1066
2019-12-25 01:45,1059
2019-12-25 01:50,1059
2019-12-25 01:55,1052
2019-12-25 02:00,1038
2019-12-25 02:05,1042
2019-12-25 02:10,1055
2019-12-25 02:15,1044
2019-12-25 02:20,1048
2019-12-25 02:25,1047
2019-12-25 02:30,1030
2019-12-25 02:35,1039
2019-12-25 02:40,1041
2019-12-25 02:45,1050
2019-12-25 02:50,1039
2019-12-25 02:55,1027
2019-12-25 03:00,1026
2019-12-25 03:05,1026
2019-12-25 03:10,1037
2019-12-25 03:15,1023
2019-12-25 03:20,1009
2019-12-25 03:25,1008
2019-12-25 03:30,999
2019-12-25 03:35,1004
2019-12-25 03:40,1007
2019-12-25 03:45,1018
2019-12-25 03:50,1022
2019-12-25 03:55,1032
2019-12-25 04:00,1033
2019-12-25 04:05,1026
2019-12-25 04:10,1023
2019-12-25 04:15,1024
2019-12-25 04:20,1019
2019-12-25 04:25,1015
2019-12-25 04:30,1007
2019-12-25 04:35,995
2019-12-25 04:40,1002
2019-12-25 04:45,974
2019-12-25 04:50,973
2019-12-25 04:55,998
2019-12-25 05:00,882
2019-12-25 05:05,966
2019-12-25 05:10,958
2019-12-25 05:15,954
2019-12-25 05:20,935
2019-12-25 05:25,936
2019-12-25 05:30,940
2019-12-25 05:35,947
2019-12-25 05:40,949
2019-12-25 05:45,950
2019-12-25 05:50,946
2019-12-25 05:55,935
2019-12-25 06:00,932
2019-12-25 06:05,923
2019-12-25 06:10,916
2019-12-25 06:15,903
2019-12-25 06:20,908
2019-12-25 06:25,916
2019-12-25 06:30,915
2019-12-25 06:35,931
2019-12-25 06:40,930
2019-12-25 06:45,915
2019-12-25 06:50,912
2019-12-25 06:55,902
2019-12-25 07:00,903
2019-12-25 07:05,885
2019-12-25 07:10,886
2019-12-25 07:15,893
2019-12-25 07:20,899
2019-12-25 07:25,891
2019-12-25 07:30,888
2019-12-25 07:35,890
2019-12-25 07:40,896
2019-12-25 07:45,897
2019-12-25 07:50,909
2019-12-25 07:55,902
2019-12-25 08:00,906
2019-12-25 08:05,899
2019-12-25 08:10,902
2019-12-25 08:15,906
2019-12-25 08:20,905
2019-12-25 08:25,903
2019-12-25 08:30,908
2019-12-25 08:35,903
2019-12-25 08:40,916
2019-12-25 08:45,909
2019-12-25 08:50,916
2019-12-25 08:55,943
2019-12-25 09:00,946
2019-12-25 09:05,947
2019-12-25 09:10,956
2019-12-25 09:15,951
2019-12-25 09:20,955
2019-12-25 09:25,974
2019-12-25 09:30,999
2019-12-25 09:35,1013
2019-12-25 09:40,1015
2019-12-25 09:45,1025
2019-12-25 09:50,1046
2019-12-25 09:55,1063
2019-12-25 10:00,1085
2019-12-25 10:05,1102
2019-12-25 10:10,1130
2019-12-25 10:15,1142
2019-12-25 10:20,1152
2019-12-25 10:25,1165
2019-12-25 10:30,1160
2019-12-25 10:35,1166
2019-12-25 10:40,1187
2019-12-25 10:45,1186
2019-12-25 10:50,1193
2019-12-25 10:55,1184
2019-12-25 11:00,1177
2019-12-25 11:05,1169
2019-12-25 11:10,1172
2019-12-25 11:15,1184
2019-12-25 11:20,1185
2019-12-25 11:25,1189
2019-12-25 11:30,1202
2019-12-25 11:35,1200
2019-12-25 11:40,1205
2019-12-25 11:45,1219
2019-12-25 11:50,1224
2019-12-25 11:55,1236
2019-12-25 12:00,1235
2019-12-25 12:05,1214
2019-12-25 12:10,1217
2019-12-25 12:15,1219
2019-12-25 12:20,1209
2019-12-25 12:25,1226
2019-12-25 12:30,1247
2019-12-25 12:35,1250
2019-12-25 12:40,1269
2019-12-25 12:45,1265
2019-12-25 12:50,1267
2019-12-25 12:55,1291
2019-12-25 13:00,1295
2019-12-25 13:05,1317
2019-12-25 13:10,1309
2019-12-25 13:15,1300
2019-12-25 13:20,1296
2019-12-25 13:25,1308
2019-12-25 13:30,1318
2019-12-25 13:35,1311
2019-12-25 13:40,1343
2019-12-25 13:45,1350
2019-12-25 13:50,1352
2019-12-25 13:55,1360
2019-12-25 14:00,1364
2019-12-25 14:05,1368
2019-12-25 14:10,1367
2019-12-25 14:15,1378
2019-12-25 14:20,1390
2019-12-25 14:25,1377
2019-12-25 14:30,1365
2019-12-25 14:35,1361
2019-12-25 14:40,1355
2019-12-25 14:45,1362
2019-12-25 14:50,1360
2019-12-25 14:55,1369
2019-12-25 15:00,1390
2019-12-25 15:05,1405
2019-12-25 15:10,1423
2019-12-25 15:15,1436
2019-12-25 15:20,1456
2019-12-25 15:25,1488
2019-12-25 15:30,1500
2019-12-25 15:35,1495
2019-12-25 15:40,1495
2019-12-25 15:45,1536
2019-12-25 15:50,1546
2019-12-25 15:55,1565
2019-12-25 16:00,1589
2019-12-25 16:05,
2019-12-25 16:10,1620
2019-12-25 16:15,1632
2019-12-25 16:20,1639
2019-12-25 16:25,1666
2019-12-25 16:30,1679
2019-12-25 16:35,1697
2019-12-25 16:40,1699
2019-12-25 16:45,1705
2019-12-25 16:50,1706
2019-12-25 16:55,1707
2019-12-25 17:00,1691
2019-12-25 17:05,1714
2019-12-25 17:10,1755
2019-12-25 17:15,1765
2019-12-25 17:20,1761
2019-12-25 17:25,1754
2019-12-25 17:30,1772
2019-12-25 17:35,1773
2019-12-25 17:40,1767
2019-12-25 17:45,1767
2019-12-25 17:50,1767
2019-12-25 17:55,1783
2019-12-25 18:00,1801
2019-12-25 18:05,1793
2019-12-25 18:10,1801
2019-12-25 18:15,1801
2019-12-25 18:20,1828
2019-12-25 18:25,1802
2019-12-25 18:30,1847
2019-12-25 18:35,1832
2019-12-25 18:40,1847
2019-12-25 18:45,1871
2019-12-25 18:50,1865
2019-12-25 18:55,1834
2019-12-25 19:00,1824
2019-12-25 19:05,1819
2019-12-25 19:10,1828
2019-12-25 19:15,1834
2019-12-25 19:20,1837
2019-12-25 19:25,1835
2019-12-25 19:30,1845
2019-12-25 19:35,1842
2019-12-25 19:40,1853
2019-12-25 19:45,1869
2019-12-25 19:50,1869
2019-12-25 19:55,1867
2019-12-25 20:00,1867
2019-12-25 20:05,1870
2019-12-25 20:10,1873
2019-12-25 20:15,1877
2019-12-25 20:20,1869
2019-12-25 20:25,1867
2019-12-25 20:30,1879
2019-12-25 20:35,1855
2019-12-25 20:40,1869
2019-12-25 20:45,1869
2019-12-25 20:50,1859
2019-12-25 20:55,1874
2019-12-25 21:00,1840
2019-12-25 21:05,1828
2019-12-25 21:10,1818
2019-12-25 21:15,1801
2019-12-25 21:20,1808
2019-12-25 21:25,1790
2019-12-25 21:30,1795
2019-12-25 21:35,1785
2019-12-25 21:40,1763
2019-12-25 21:45,1770
2019-12-25 21:50,1768
2019-12-25 21:55,1767
2019-12-25 22:00,1765
2019-12-25 22:05,1776
2019-12-25 22:10,1775
2019-12-25 22:15,1764
2019-12-25 22:20,1746
2019-12-25 22:25,1729
2019-12-25 22:30,1712
2019-12-25 22:35,1688
2019-12-25 22:40,1696
2019-12-25 22:45,1660
2019-12-25 22:50,1646
2019-12-25 22:55,1615
2019-12-25 23:00,1591
2019-12-25 23:05,1582
2019-12-25 23:10,1572
2019-12-25 23:15,1554
2019-12-25 23:20,1530
2019-12-25 23:25,1512
2019-12-25 23:30,1496
2019-12-25 23:35,1502
2019-12-25 23:40,1470
2019-12-25 23:45,1477
2019-12-25 23:50,1468
2019-12-25 23:55,1465
2019-12-26 00:00,1453
2019-12-26 00:05,1447
2019-12-26 00:10,1434
2019-12-26 00:15,1426
2019-12-26 00:20,1400
2019-12-26 00:25,1395
2019-12-26 00:30,1382
2019-12-26 00:35,1375
2019-12-26 00:40,1374
2019-12-26 00:45,1385
2019-12-26 00:50,1378
2019-12-26 00:55,1372
2019-12-26 01:00,1342
2019-12-26 01:05,1319
2019-12-26 01:10,1308
2019-12-26 01:15,1301
2019-12-26 01:20,1295
2019-12-26 01:25,1279
2019-12-26 01:30,1266
2019-12-26 01:35,1250
2019-12-26 01:40,1248
2019-12-26 01:45,1249
2019-12-26 01:50,1240
2019-12-26 01:55,1224
2019-12-26 02:00,1220
2019-12-26 02:05,1216
2019-12-26 02:10,1213
2019-12-26 02:15,1203
2019-12-26 02:20,1208
2019-12-26 02:25,1191
2019-12-26 02:30,1192
2019-12-26 02:35,1200
2019-12-26 02:40,1178
2019-12-26 02:45,1176
2019-12-26 02:50,1174
2019-12-26 02:55,1164
2019-12-26 03:00,1162
2019-12-26 03:05,1145
2019-12-26 03:10,1142
2019-12-26 03:15,1133
2019-12-26 03:20,1115
2019-12-26 03:25,1107
2019-12-26 03:30,1112
2019-12-26 03:35,1093
2019-12-26 03:40,1096
2019-12-26 03:45,1095
2019-12-26 03:50,1083
2019-12-26 03:55,1086
2019-12-26 04:00,1075
2019-12-26 04:05,1084
2019-12-26 04:10,1076
2019-12-26 04:15,1064
2019-12-26 04:20,1066
2019-12-26 04:25,1058
2019-12-26 04:30,1043
2019-12-26 04:35,1032
2019-12-26 04:40,1022
2019-12-26 04:45,1007
2019-12-26 04:50,1001
2019-12-26 04:55,994
2019-12-26 05:00,991
2019-12-26 05:05,979
2019-12-26 05:10,976
2019-12-26 05:15,972
2019-12-26 05:20,971
2019-12-26 05:25,973
2019-12-26 05:30,969
2019-12-26 05:35,959
2019-12-26 05:40,954
2019-12-26 05:45,936
2019-12-26 05:50,925
2019-12-26 05:55,911
2019-12-26 06:00,897
2019-12-26 06:05,921
2019-12-26 06:10,916
2019-12-26 06:15,908
2019-12-26 06:20,885
2019-12-26 06:25,900
2019-12-26 06:30,890
2019-12-26 06:35,883
2019-12-26 06:40,878
2019-12-26 06:45,880
2019-12-26 06:50,881
2019-12-26 06:55,878
2019-12-26 07:00,867
2019-12-26 07:05,874
2019-12-26 07:10,878
2019-12-26 07:15,878
2019-12-26 07:20,855
2019-12-26 07:25,856
2019-12-26 07:30,851
2019-12-26 07:35,868
2019-12-26 07:40,864
2019-12-26 07:45,862
2019-12-26 07:50,859
2019-12-26 07:55,859
2019-12-26 08:00,871
2019-12-26 08:05,869
2019-12-26 08:10,873
2019-12-26 08:15,895
2019-12-26 08:20,914
2019-12-26 08:25,926
2019-12-26 08:30,913
2019-12-26 08:35,932
2019-12-26 08:40,928
2019-12-26 08:45,950
2019-12-26 08:50,944
2019-12-26 08:55,944
2019-12-26 09:00,955
2019-12-26 09:05,962
2019-12-26 09:10,969
2019-12-26 09:15,985
2019-12-26 09:20,999
2019-12-26 09:25,991
2019-12-26 09:30,1024
2019-12-26 09:35,1029
2019-12-26 09:40,1049
2019-12-26 09:45,1074
2019-12-26 09:50,1074
2019-12-26 09:55,1083
2019-12-26 10:00,1107
2019-12-26 10:05,1121
2019-12-26 10:10,1133
2019-12-26 10:15,1142
2019-12-26 10:20,1153
2019-12-26 10:25,1173
2019-12-26 10:30,1206
2019-12-26 10:35,1215
2019-12-26 10:40,1231
2019-12-26 10:45,1242
2019-12-26 10:50,1251
2019-12-26 10:55,1277
2019-12-26 11:00,1270
2019-12-26 11:05,1277
2019-12-26 11:10,1265
2019-12-26 11:15,1286
2019-12-26 11:20,1290
2019-12-26 11:25,1304
2019-12-26 11:30,1321
2019-12-26 11:35,1313
2019-12-26 11:40,1310
2019-12-26 11:45,1322
2019-12-26 11:50,1338
2019-12-26 11:55,1340
2019-12-26 12:00,1325
2019-12-26 12:05,1341
2019-12-26 12:10,1343
2019-12-26 12:15,1345
2019-12-26 12:20,1341
2019-12-26 12:25,1357
2019-12-26 12:30,1345
2019-12-26 12:35,1350
2019-12-26 12:40,1353
2019-12-26 12:45,1365
2019-12-26 12:50,1347
2019-12-26 12:55,1359
2019-12-26 13:00,1351
2019-12-26 13:05,1360
2019-12-26 13:10,1379
2019-12-26 13:15,1388
2019-12-26 13:20,1411
2019-12-26 13:25,1412
2019-12-26 13:30,1403
2019-12-26 13:35,1418
2019-12-26 13:40,1458
2019-12-26 13:45,1459
2019-12-26 13:50,1460
2019-12-26 13:55,1466
2019-12-26 14:00,1478
2019-12-26 14:05,1488
2019-12-26 14:10,1493
2019-12-26 14:15,1490
2019-12-26 14:20,1503
2019-12-26 14:25,1501
2019-12-26 14:30,1511
2019-12-26 14:35,1530
2019-12-26 14:40,1529
2019-12-26 14:45,1533
2019-12-26 14:50,1561
2019-12-26 14:55,1582
2019-12-26 15:00,1594
2019-12-26 15:05,1587
2019-12-26 15:10,1583
2019-12-26 15:15,1611
2019-12-26 15:20,1607
2019-12-26 15:25,1626
2019-12-26 15:30,1625
2019-12-26 15:35,1633
2019-12-26 15:40,1660
2019-12-26 15:45,1664
2019-12-26 15:50,1684
2019-12-26 15:55,1692
2019-12-26 16:00,1715
2019-12-26 16:05,1719
2019-12-26 16:10,1738
2019-12-26 16:15,1756
2019-12-26 16:20,1763
2019-12-26 16:25,1764
2019-12-26 16:30,1783
2019-12-26 16:35,1798
2019-12-26 16:40,1799
2019-12-26 16:45,1817
2019-12-26 16:50,1799
2019-12-26 16:55,1831
2019-12-26 17:00,1837
2019-12-26 17:05,1844
2019-12-26 17:10,1849
2019-12-26 17:15,1866
2019-12-26 17:20,1859
2019-12-26 17:25,1877
2019-12-26 17:30,1864
2019-12-26 17:35,1875
2019-12-26 17:40,1891
2019-12-26 17:45,1874
2019-12-26 17:50,1863
2019-12-26 17:55,1884
2019-12-26 18:00,1892
2019-12-26 18:05,1864
2019-12-26 18:10,1863
2019-12-26 18:15,1870
2019-12-26 18:20,1862
2019-12-26 18:25,1858
2019-12-26 18:30,1852
2019-12-26 18:35,1853
2019-12-26 18:40,1843
2019-12-26 18:45,1847
2019-12-26 18:50,1848
2019-12-26 18:55,1858
2019-12-26 19:00,1885
2019-12-26 19:05,1882
2019-12-26 19:10,1885
2019-12-26 19:15,1869
2019-12-26 19:20,1879
2019-12-26 19:25,1885
2019-12-26 19:30,1888
2019-12-26 19:35,1902
2019-12-26 19:40,1876
2019-12-26 19:45,1894
2019-12-26 19:50,1893
2019-12-26 19:55,1881
2019-12-26 20:00,1892
2019-12-26 20:05,1897
2019-12-26 20:10,1891
2019-12-26 20:15,1882
2019-12-26 20:20,1869
2019-12-26 20:25,1883
2019-12-26 20:30,1883
2019-12-26 20:35,1880
2019-12-26 20:40,1867
2019-12-26 20:45,1875
2019-12-26 20:50,1882
2019-12-26 20:55,1880
2019-12-26 21:00,1879
2019-12-26 21:05,1863
2019-12-26 21:10,1839
2019-12-26 21:15,1835
2019-12-26 21:20,1831
2019-12-26 21:25,1806
2019-12-26 21:30,1822
2019-12-26 21:35,1786
2019-12-26 21:40,1802
2019-12-26 21:45,1802
2019-12-26 21:50,1806
2019-12-26 21:55,1808
2019-12-26 22:00,1811
2019-12-26 22:05,1825
2019-12-26 22:10,1805
2019-12-26 22:15,1795
2019-12-26 22:20,1749
2019-12-26 22:25,1743
2019-12-26 22:30,1715
2019-12-26 22:35,1688
2019-12-26 22:40,1679
2019-12-26 22:45,1670
2019-12-26 22:50,1649
2019-12-26 22:55,1638
2019-12-26 23:00,1626
2019-12-26 23:05,1594
2019-12-26 23:10,1594
2019-12-26 23:15,1567
2019-12-26 23:20,1593
2019-12-26 23:25,1589
2019-12-26 23:30,1583
2019-12-26 23:35,1566
2019-12-26 23:40,1569
2019-12-26 23:45,1564
2019-12-26 23:50,1545
2019-12-26 23:55,1543
2019-12-27 00:00,1531
2019-12-27 00:05,1529
2019-12-27 00:10,1527
2019-12-27 00:15,1511
2019-12-27 00:20,1502
2019-12-27 00:25,1498
2019-12-27 00:30,1502
2019-12-27 00:35,1485
2019-12-27 00:40,1486
2019-12-27 00:45,1484
2019-12-27 00:50,1483
2019-12-27 00:55,1465
2019-12-27 01:00,1461
2019-12-27 01:05,1458
2019-12-27 01:10,1450
2019-12-27 01:15,1424
2019-12-27 01:20,1427
2019-12-27 01:25,1430
2019-12-27 01:30,1419
2019-12-27 01:35,1411
2019-12-27 01:40,1430
2019-12-27 01:45,1445
2019-12-27 01:50,1438
2019-12-27 01:55,1427
2019-12-27 02:00,1406
2019-12-27 02:05,1385
2019-12-27 02:10,1372
2019-12-27 02:15,1361
2019-12-27 02:20,1359
2019-12-27 02:25,1377
2019-12-27 02:30,1357
2019-12-27 02:35,1353
2019-12-27 02:40,1353
2019-12-27 02:45,1358
2019-12-27 02:50,1353
2019-12-27 02:55,1326
2019-12-27 03:00,1317
2019-12-27 03:05,1311
2019-12-27 03:10,1304
2019-12-27 03:15,1278
2019-12-27 03:20,1265
2019-12-27 03:25,1248
2019-12-27 03:30,1231
2019-12-27 03:35,1212
2019-12-27 03:40,1209
2019-12-27 03:45,1202
2019-12-27 03:50,1202
2019-12-27 03:55,1185
2019-12-27 04:00,1155
2019-12-27 04:05,1166
2019-12-27 04:10,1156
2019-12-27 04:15,1130
2019-12-27 04:20,1125
2019-12-27 04:25,1102
2019-12-27 04:30,1089
2019-12-27 04:35,1077
2019-12-27 04:40,1087
2019-12-27 04:45,1078
2019-12-27 04:50,1070
2019-12-27 04:55,1059
2019-12-27 05:00,1069
2019-12-27 05:05,1053
2019-12-27 05:10,1025
2019-12-27 05:15,1009
2019-12-27 05:20,1015
2019-12-27 05:25,1009
2019-12-27 05:30,1014
2019-12-27 05:35,993
2019-12-27 05:40,987
2019-12-27 05:45,978
2019-12-27 05:50,977
2019-12-27 05:55,985
2019-12-27 06:00,971
2019-12-27 06:05,965
2019-12-27 06:10,956
2019-12-27 06:15,965
2019-12-27 06:20,963
2019-12-27 06:25,952
2019-12-27 06:30,949
2019-12-27 06:35,934
2019-12-27 06:40,944
2019-12-27 06:45,948
2019-12-27 06:50,952
2019-12-27 06:55,929
2019-12-27 07:00,913
2019-12-27 07:05,928
2019-12-27 07:10,901
2019-12-27 07:15,900
2019-12-27 07:20,894
2019-12-27 07:25,899
2019-12-27 07:30,883
2019-12-27 07:35,887
2019-12-27 07:40,879
2019-12-27 07:45,891
2019-12-27 07:50,891
2019-12-27 07:55,889
2019-12-27 08:00,884
2019-12-27 08:05,899
2019-12-27 08:10,904
2019-12-27 08:15,901
2019-12-27 08:20,895
2019-12-27 08:25,889
2019-12-27 08:30,915
2019-12-27 08:35,922
2019-12-27 08:40,925
2019-12-27 08:45,927
2019-12-27 08:50,940
2019-12-27 08:55,944
2019-12-27 09:00,947
2019-12-27 09:05,950
2019-12-27 09:10,957
2019-12-27 09:15,974
2019-12-27 09:20,983
2019-12-27 09:25,993
2019-12-27 09:30,992
2019-12-27 09:35,1010
2019-12-27 09:40,1019
2019-12-27 09:45,1009
2019-12-27 09:50,1004
2019-12-27 09:55,1000
2019-12-27 10:00,1021
2019-12-27 10:05,1041
2019-12-27 10:10,1053
2019-12-27 10:15,1067
2019-12-27 10:20,1080
2019-12-27 10:25,1092
2019-12-27 10:30,1115
2019-12-27 10:35,1138
2019-12-27 10:40,1165
2019-12-27 10:45,1176
2019-12-27 10:50,1179
2019-12-27 10:55,1174
2019-12-27 11:00,1179
2019-12-27 11:05,1179
2019-12-27 11:10,1166
2019-12-27 11:15,1173
2019-12-27 11:20,1193
2019-12-27 11:25,1202
2019-12-27 11:30,1187
2019-12-27 11:35,1212
2019-12-27 11:40,1236
2019-12-27 11:45,1251
2019-12-27 11:50,1254
2019-12-27 11:55,1269
2019-12-27 12:00,1278
2019-12-27 12:05,1300
2019-12-27 12:10,1311
2019-12-27 12:15,1310
2019-12-27 12:20,1325
2019-12-27 12:25,1317
2019-12-27 12:30,1325
2019-12-27 12:35,1344
2019-12-27 12:40,1372
2019-12-27 12:45,1388
2019-12-27 12:50,1389
2019-12-27 12:55,1404
2019-12-27 13:00,1412
2019-12-27 13:05,1414
2019-12-27 13:10,1413
2019-12-27 13:15,1431
2019-12-27 13:20,1439
2019-12-27 13:25,1451
2019-12-27 13:30,1458
2019-12-27 13:35,1478
2019-12-27 13:40,1510
2019-12-27 13:45,1517
2019-12-27 13:50,1527
2019-12-27 13:55,1536
2019-12-27 14:00,1553
2019-12-27 14:05,1559
2019-12-27 14:10,1570
2019-12-27 14:15,1579
2019-12-27 14:20,1582
2019-12-27 14:25,1573
2019-12-27 14:30,1590
2019-12-27 14:35,1590
2019-12-27 14:40,1597
2019-12-27 14:45,1606
2019-12-27 14:50,1606
2019-12-27 14:55,1639
2019-12-27 15:00,
2019-12-27 15:05,1638
2019-12-27 15:10,1622
2019-12-27 15:15,1640
2019-12-27 15:20,1655
2019-12-27 15:25,1659
2019-12-27 15:30,1684
2019-12-27 15:35,1699
2019-12-27 15:40,1706
2019-12-27 15:45,1701
2019-12-27 15:50,1707
2019-12-27 15:55,1732
2019-12-27 16:00,1726
2019-12-27 16:05,1741
2019-12-27 16:10,1742
2019-12-27 16:15,1751
2019-12-27 16:20,1752
2019-12-27 16:25,1778
2019-12-27 16:30,1792
2019-12-27 16:35,1800
2019-12-27 16:40,1818
2019-12-27 16:45,1821
2019-12-27 16:50,1841
2019-12-27 16:55,1854
2019-12-27 17:00,1852
2019-12-27 17:05,1852
2019-12-27 17:10,1853
2019-12-27 17:15,1868
2019-12-27 17:20,1874
2019-12-27 17:25,1888
2019-12-27 17:30,1894
2019-12-27 17:35,1907
2019-12-27 17:40,1883
2019-12-27 17:45,1896
2019-12-27 17:50,1886
2019-12-27 17:55,1895
2019-12-27 18:00,1911
2019-12-27 18:05,1925
2019-12-27 18:10,1917
2019-12-27 18:15,1922
2019-12-27 18:20,1931
2019-12-27 18:25,1945
2019-12-27 18:30,1968
2019-12-27 18:35,1969
2019-12-27 18:40,1962
2019-12-27 18:45,1965
2019-12-27 18:50,1980
2019-12-27 18:55,1973
2019-12-27 19:00,1964
2019-12-27 19:05,1976
2019-12-27 19:10,1959
2019-12-27 19:15,1950
2019-12-27 19:20,1940
2019-12-27 19:25,1948
2019-12-27 19:30,1963
2019-12-27 19:35,1974
2019-12-27 19:40,1968
2019-12-27 19:45,1978
2019-12-27 19:50,1993
2019-12-27 19:55,1979
2019-12-27 20:00,1973
2019-12-27 20:05,1984
2019-12-27 20:10,2019
2019-12-27 20:15,2018
2019-12-27 20:20,2019
2019-12-27 20:25,2033
2019-12-27 20:30,2030
2019-12-27 20:35,2036
2019-12-27 20:40,2031
2019-12-27 20:45,2026
2019-12-27 20:50,2030
2019-12-27 20:55,1999
2019-12-27 21:00,1964
2019-12-27 21:05,1935
2019-12-27 21:10,1929
2019-12-27 21:15,1926
2019-12-27 21:20,1934
2019-12-27 21:25,1913
2019-12-27 21:30,1938
2019-12-27 21:35,1916
2019-12-27 21:40,1903
2019-12-27 21:45,1883
2019-12-27 21:50,1887
2019-12-27 21:55,1870
2019-12-27 22:00,1855
2019-12-27 22:05,1837
2019-12-27 22:10,1830
2019-12-27 22:15,1835
2019-12-27 22:20,1819
2019-12-27 22:25,1802
2019-12-27 22:30,1800
2019-12-27 22:35,1784
2019-12-27 22:40,1787
2019-12-27 22:45,1776
2019-12-27 22:50,1778
2019-12-27 22:55,1753
2019-12-27 23:00,1752
2019-12-27 23:05,1737
2019-12-27 23:10,1720
2019-12-27 23:15,1696
2019-12-27 23:20,1673
2019-12-27 23:25,1656
2019-12-27 23:30,1666
2019-12-27 23:35,1676
2019-12-27 23:40,1664
2019-12-27 23:45,1655
2019-12-27 23:50,1642
2019-12-27 23:55,1593
2019-12-28 00:00,1585
2019-12-28 00:05,1566
2019-12-28 00:10,1543
2019-12-28 00:15,1536
2019-12-28 00:20,1509
2019-12-28 00:25,1504
2019-12-28 00:30,1501
2019-12-28 00:35,1486
2019-12-28 00:40,1466
2019-12-28 00:45,1450
2019-12-28 00:50,1462
2019-12-28 00:55,1460
2019-12-28 01:00,1441
2019-12-28 01:05,1452
2019-12-28 01:10,1424
2019-12-28 01:15,1430
2019-12-28 01:20,1408
2019-12-28 01:25,1403
2019-12-28 01:30,1413
2019-12-28 01:35,1401
2019-12-28 01:40,1384
2019-12-28 01:45,1367
2019-12-28 01:50,1349
2019-12-28 01:55,1348
2019-12-28 02:00,1347
2019-12-28 02:05,1335
2019-12-28 02:10,1320
2019-12-28 02:15,1319
2019-12-28 02:20,1307
2019-12-28 02:25,1303
2019-12-28 02:30,1308
2019-12-28 02:35,1300
2019-12-28 02:40,1291
2019-12-28 02:45,1291
2019-12-28 02:50,1265
2019-12-28 02:55,1277
2019-12-28 03:00,1268
2019-12-28 03:05,1265
2019-12-28 03:10,1269
2019-12-28 03:15,1275
2019-12-28 03:20,1235
2019-12-28 03:25,1241
2019-12-28 03:30,1235
2019-12-28 03:35,1221
2019-12-28 03:40,1201
2019-12-28 03:45,1195
2019-12-28 03:50,1199
2019-12-28 03:55,1198
2019-12-28 04:00,1190
2019-12-28 04:05,1192
2019-12-28 04:10,1177
2019-12-28 04:15,1153
2019-12-28 04:20,1158
2019-12-28 04:25,1144
2019-12-28 04:30,1158
2019-12-28 04:35,1157
2019-12-28 04:40,1146
2019-12-28 04:45,1137
2019-12-28 04:50,1121
2019-12-28 04:55,1113
2019-12-28 05:00,1110
2019-12-28 05:05,1097
2019-12-28 05:10,1095
2019-12-28 05:15,1083
2019-12-28 05:20,1073
2019-12-28 05:25,1054
2019-12-28 05:30,1044
2019-12-28 05:35,1042
2019-12-28 05:40,1030
2019-12-28 05:45,1034
2019-12-28 05:50,1018
2019-12-28 05:55,1015
2019-12-28 06:00,1004
2019-12-28 06:05,1002
2019-12-28 06:10,997
2019-12-28 06:15,1015
2019-12-28 06:20,1002
2019-12-28 06:25,999
2019-12-28 06:30,990
2019-12-28 06:35,976
2019-12-28 06:40,965
2019-12-28 06:45,956
2019-12-28 06:50,941
2019-12-28 06:55,946
2019-12-28 07:00,942
2019-12-28 07:05,938
2019-12-28 07:10,921
2019-12-28 07:15,924
2019-12-28 07:20,908
2019-12-28 07:25,905
2019-12-28 07:30,904
2019-12-28 07:35,904
2019-12-28 07:40,896
2019-12-28 07:45,878
2019-12-28 07:50,875
2019-12-28 07:55,869
2019-12-28 08:00,887
2019-12-28 08:05,899
2019-12-28 08:10,909
2019-12-28 08:15,914
2019-12-28 08:20,920
2019-12-28 08:25,920
2019-12-28 08:30,922
2019-12-28 08:35,940
2019-12-28 08:40,953
2019-12-28 08:45,950
2019-12-28 08:50,951
2019-12-28 08:55,951
2019-12-28 09:00,958
2019-12-28 09:05,968
2019-12-28 09:10,980
2019-12-28 09:15,988
2019-12-28 09:20,990
2019-12-28 09:25,1000
2019-12-28 09:30,1014
2019-12-28 09:35,1036
2019-12-28 09:40,1059
2019-12-28 09:45,1067
2019-12-28 09:50,1093
2019-12-28 09:55,1095
2019-12-28 10:00,1107
2019-12-28 10:05,1135
2019-12-28 10:10,1147
2019-12-28 10:15,1155
2019-12-28 10:20,1180
2019-12-28 10:25,1210
2019-12-28 10:30,1220
2019-12-28 10:35,1224
2019-12-28 10:40,1244
2019-12-28 10:45,1255
2019-12-28 10:50,1283
2019-12-28 10:55,1300
2019-12-28 11:00,1310
2019-12-28 11:05,1303
2019-12-28 11:10,1305
2019-12-28 11:15,1315
2019-12-28 11:20,1334
2019-12-28 11:25,1344
2019-12-28 11:30,1365
2019-12-28 11:35,1370
2019-12-28 11:40,1373
2019-12-28 11:45,1390
2019-12-28 11:50,1399
2019-12-28 11:55,1406
2019-12-28 12:00,1416
2019-12-28 12:05,1430
2019-12-28 12:10,1433
2019-12-28 12:15,1445
2019-12-28 12:20,1450
2019-12-28 12:25,1460
2019-12-28 12:30,1475
2019-12-28 12:35,1491
2019-12-28 12:40,1506
2019-12-28 12:45,1529
2019-12-28 12:50,1537
2019-12-28 12:55,1542
2019-12-28 13:00,1566
2019-12-28 13:05,1565
2019-12-28 13:10,1568
2019-12-28 13:15,1588
2019-12-28 13:20,1586
2019-12-28 13:25,1582
2019-12-28 13:30,1582
2019-12-28 13:35,1593
2019-12-28 13:40,1589
2019-12-28 13:45,1616
2019-12-28 13:50,1633
2019-12-28 13:55,1630
2019-12-28 14:00,1611
2019-12-28 14:05,1629
2019-12-28 14:10,1660
2019-12-28 14:15,1688
2019-12-28 14:20,1703
2019-12-28 14:25,1722
2019-12-28 14:30,1737
2019-12-28 14:35,1756
2019-12-28 14:40,1778
2019-12-28 14:45,1763
2019-12-28 14:50,1774
2019-12-28 14:55,1797
2019-12-28 15:00,1808
2019-12-28 15:05,1836
2019-12-28 15:10,1850
2019-12-28 15:15,1861
2019-12-28 15:20,1867
2019-12-28 15:25,1851
2019-12-28 15:30,1853
2019-12-28 15:35,1864
2019-12-28 15:40,1870
2019-12-28 15:45,1879
2019-12-28 15:50,1885
2019-12-28 15:55,1877
2019-12-28 16:00,1911
2019-12-28 16:05,1925
2019-12-28 16:10,1928
2019-12-28 16:15,1944
2019-12-28 16:20,1949
2019-12-28 16:25,1970
2019-12-28 16:30,2006
2019-12-28 16:35,1986
2019-12-28 16:40,2003
2019-12-28 16:45,1987
2019-12-28 16:50,2003
2019-12-28 16:55,2021
2019-12-28 17:00,2015
2019-12-28 17:05,2020
2019-12-28 17:10,2017
2019-12-28 17:15,2027
2019-12-28 17:20,2043
2019-12-28 17:25,2053
2019-12-28 17:30,2041
2019-12-28 17:35,2028
2019-12-28 17:40,2038
2019-12-28 17:45,2012
2019-12-28 17:50,1994
2019-12-28 17:55,2004
2019-12-28 18:00,2008
2019-12-28 18:05,1998
2019-12-28 18:10,2020
2019-12-28 18:15,2009
2019-12-28 18:20,2022
2019-12-28 18:25,2040
2019-12-28 18:30,2045
2019-12-28 18:35,2051
2019-12-28 18:40,2065
2019-12-28 18:45,2048
2019-12-28 18:50,2044
2019-12-28 18:55,2061
2019-12-28 19:00,2074
2019-12-28 19:05,2048
2019-12-28 19:10,2042
2019-12-28 19:15,2070
2019-12-28 19:20,2071
2019-12-28 19:25,2077
2019-12-28 19:30,2092
2019-12-28 19:35,2076
2019-12-28 19:40,2065
2019-12-28 19:45,2062
2019-12-28 19:50,2037
2019-12-28 19:55,2019
2019-12-28 20:00,2019
2019-12-28 20:05,2032
2019-12-28 20:10,2037
2019-12-28 20:15,2044
2019-12-28 20:20,2040
2019-12-28 20:25,2053
2019-12-28 20:30,2054
2019-12-28 20:35,2060
2019-12-28 20:40,2064
2019-12-28 20:45,2055
2019-12-28 20:50,2043
2019-12-28 20:55,2019
2019-12-28 21:00,2003
2019-12-28 21:05,2010
2019-12-28 21:10,1998
2019-12-28 21:15,1994
2019-12-28 21:20,1990
2019-12-28 21:25,1991
2019-12-28 21:30,2006
2019-12-28 21:35,1991
2019-12-28 21:40,2002
2019-12-28 21:45,1999
2019-12-28 21:50,1987
2019-12-28 21:55,1978
2019-12-28 22:00,1960
2019-12-28 22:05,1946
2019-12-28 22:10,1936
2019-12-28 22:15,1925
2019-12-28 22:20,1919
2019-12-28 22:25,1922
2019-12-28 22:30,1897
2019-12-28 22:35,1870
2019-12-28 22:40,1848
2019-12-28 22:45,1831
2019-12-28 22:50,1834
2019-12-28 22:55,1837
2019-12-28 23:00,1814
2019-12-28 23:05,1802
2019-12-28 23:10,1775
2019-12-28 23:15,1780
2019-12-28 23:20,1756
2019-12-28 23:25,1754
2019-12-28 23:30,1745
2019-12-28 23:35,1741
2019-12-28 23:40,1712
2019-12-28 23:45,1711
2019-12-28 23:50,1695
2019-12-28 23:55,1679
2019-12-29 00:00,1667
2019-12-29 00:05,1635
2019-12-29 00:10,1617
2019-12-29 00:15,1604
2019-12-29 00:20,1575
2019-12-29 00:25,1569
2019-12-29 00:30,1551
2019-12-29 00:35,1549
2019-12-29 00:40,1552
2019-12-29 00:45,1530
2019-12-29 00:50,1522
2019-12-29 00:55,1514
2019-12-29 01:00,1496
2019-12-29 01:05,1486
2019-12-29 01:10,1472
2019-12-29 01:15,1466
2019-12-29 01:20,1476
2019-12-29 01:25,1465
2019-12-29 01:30,1464
2019-12-29 01:35,1488
2019-12-29 01:40,1469
2019-12-29 01:45,1440
2019-12-29 01:50,1428
2019-12-29 01:55,1427
2019-12-29 02:00,1424
2019-12-29 02:05,1412
2019-12-29 02:10,1404
2019-12-29 02:15,1379
2019-12-29 02:20,1372
2019-12-29 02:25,1371
2019-12-29 02:30,1369
2019-12-29 02:35,1351
2019-12-29 02:40,1347
2019-12-29 02:45,1343
2019-12-29 02:50,1347
2019-12-29 02:55,1342
2019-12-29 03:00,1350
2019-12-29 03:05,1310
2019-12-29 03:10,1304
2019-12-29 03:15,1294
2019-12-29 03:20,1290
2019-12-29 03:25,1289
2019-12-29 03:30,1283
2019-12-29 03:35,1284
2019-12-29 03:40,1283
2019-12-29 03:45,1285
2019-12-29 03:50,1285
2019-12-29 03:55,1274
2019-12-29 04:00,1261
2019-12-29 04:05,1262
2019-12-29 04:10,1247
2019-12-29 04:15,1233
2019-12-29 04:20,1225
2019-12-29 04:25,1207
2019-12-29 04:30,1217
2019-12-29 04:35,1212
2019-12-29 04:40,1212
2019-12-29 04:45,1201
2019-12-29 04:50,1197
2019-12-29 04:55,1205
2019-12-29 05:00,1191
2019-12-29 05:05,1189
2019-12-29 05:10,1185
2019-12-29 05:15,1178
2019-12-29 05:20,1164
2019-12-29 05:25,1175
2019-12-29 05:30,1164
2019-12-29 05:35,1164
2019-12-29 05:40,1144
2019-12-29 05:45,1137
2019-12-29 05:50,1128
2019-12-29 05:55,1118
2019-12-29 06:00,1107
2019-12-29 06:05,1092
2019-12-29 06:10,1084
2019-12-29 06:15,1090
2019-12-29 06:20,1090
2019-12-29 06:25,1083
2019-12-29 06:30,1068
2019-12-29 06:35,1059
2019-12-29 06:40,1062
2019-12-29 06:45,1057
2019-12-29 06:50,1042
2019-12-29 06:55,1051
2019-12-29 07:00,1049
2019-12-29 07:05,1057
2019-12-29 07:10,1059
2019-12-29 07:15,1049
2019-12-29 07:20,1051
2019-12-29 07:25,1071
2019-12-29 07:30,1058
2019-12-29 07:35,1072
2019-12-29 07:40,1066
2019-12-29 07:45,1071
2019-12-29 07:50,1081
2019-12-29 07:55,1097
2019-12-29 08:00,1101
2019-12-29 08:05,1120
2019-12-29 08:10,1118
2019-12-29 08:15,1123
2019-12-29 08:20,1128
2019-12-29 08:25,1125
2019-12-29 08:30,1110
2019-12-29 08:35,1108
2019-12-29 08:40,1113
2019-12-29 08:45,1123
2019-12-29 08:50,1122
2019-12-29 08:55,1139
2019-12-29 09:00,1141
2019-12-29 09:05,1163
2019-12-29 09:10,1177
2019-12-29 09:15,1173
2019-12-29 09:20,1185
2019-12-29 09:25,1197
2019-12-29 09:30,1191
2019-12-29 09:35,1206
2019-12-29 09:40,1208
2019-12-29 09:45,1231
2019-12-29 09:50,1224
2019-12-29 09:55,1248
2019-12-29 10:00,1276
2019-12-29 10:05,1308
2019-12-29 10:10,1309
2019-12-29 10:15,1333
2019-12-29 10:20,1337
2019-12-29 10:25,1364
2019-12-29 10:30,1374
2019-12-29 10:35,1373
2019-12-29 10:40,1385
2019-12-29 10:45,1419
2019-12-29 10:50,1442
2019-12-29 10:55,1454
2019-12-29 11:00,1459
2019-12-29 11:05,1469
2019-12-29 11:10,1487
2019-12-29 11:15,1490
2019-12-29 11:20,1486
2019-12-29 11:25,1501
2019-12-29 11:30,1508
2019-12-29 11:35,1524
2019-12-29 11:40,1521
2019-12-29 11:45,1525
2019-12-29 11:50,1527
2019-12-29 11:55,1525
2019-12-29 12:00,1523
2019-12-29 12:05,1526
2019-12-29 12:10,1547
2019-12-29 12:15,1556
2019-12-29 12:20,1552
2019-12-29 12:25,1574
2019-12-29 12:30,1568
2019-12-29 12:35,1586
2019-12-29 12:40,1578
2019-12-29 12:45,1595
2019-12-29 12:50,1609
2019-12-29 12:55,1631
2019-12-29 13:00,1625
2019-12-29 13:05,1630
2019-12-29 13:10,1642
2019-12-29 13:15,1651
2019-12-29 13:20,1687
2019-12-29 13:25,1693
2019-12-29 13:30,1714
2019-12-29 13:35,1721
2019-12-29 13:40,1739
2019-12-29 13:45,1758
2019-12-29 13:50,1782
2019-12-29 13:55,1787
2019-12-29 14:00,1793
2019-12-29 14:05,1827
2019-12-29 14:10,1865
2019-12-29 14:15,1872
2019-12-29 14:20,1875
2019-12-29 14:25,1893
2019-12-29 14:30,1882
2019-12-29 14:35,1904
2019-12-29 14:40,1894
2019-12-29 14:45,1921
2019-12-29 14:50,1948
2019-12-29 14:55,1966
2019-12-29 15:00,1964
2019-12-29 15:05,1970
2019-12-29 15:10,1985
2019-12-29 15:15,1986
2019-12-29 15:20,1998
2019-12-29 15:25,2020
2019-12-29 15:30,2005
2019-12-29 15:35,1994
2019-12-29 15:40,2007
2019-12-29 15:45,2047
2019-12-29 15:50,2063
2019-12-29 15:55,2080
2019-12-29 16:00,2089
2019-12-29 16:05,2091
2019-12-29 16:10,2097
2019-12-29 16:15,2110
2019-12-29 16:20,2123
2019-12-29 16:25,2134
2019-12-29 16:30,2155
2019-12-29 16:35,2158
2019-12-29 16:40,2160
2019-12-29 16:45,2182
2019-12-29 16:50,2190
2019-12-29 16:55,2203
2019-12-29 17:00,2207
2019-12-29 17:05,2205
2019-12-29 17:10,2218
2019-12-29 17:15,2227
2019-12-29 17:20,2234
2019-12-29 17:25,2247
2019-12-29 17:30,2240
2019-12-29 17:35,2269
2019-12-29 17:40,2260
2019-12-29 17:45,2269
2019-12-29 17:50,2293
2019-12-29 17:55,2268
2019-12-29 18:00,2256
2019-12-29 18:05,2254
2019-12-29 18:10,2255
2019-12-29 18:15,2248
2019-12-29 18:20,2253
2019-12-29 18:25,2282
2019-12-29 18:30,2278
2019-12-29 18:35,2282
2019-12-29 18:40,2302
2019-12-29 18:45,2314
2019-12-29 18:50,2305
2019-12-29 18:55,2295
2019-12-29 19:00,2318
2019-12-29 19:05,2322
2019-12-29 19:10,2321
2019-12-29 19:15,2330
2019-12-29 19:20,2342
2019-12-29 19:25,2331
2019-12-29 19:30,2316
2019-12-29 19:35,2321
2019-12-29 19:40,2285
2019-12-29 19:45,2295
2019-12-29 19:50,2312
2019-12-29 19:55,2315
2019-12-29 20:00,2288
2019-12-29 20:05,2282
2019-12-29 20:10,2279
2019-12-29 20:15,2267
2019-12-29 20:20,2278
2019-12-29 20:25,2291
2019-12-29 20:30,2296
2019-12-29 20:35,2291
2019-12-29 20:40,2277
2019-12-29 20:45,2264
2019-12-29 20:50,2273
2019-12-29 20:55,2266
2019-12-29 21:00,2254
2019-12-29 21:05,2222
2019-12-29 21:10,2215
2019-12-29 21:15,2178
2019-12-29 21:20,2164
2019-12-29 21:25,2146
2019-12-29 21:30,2114
2019-12-29 21:35,2110
2019-12-29 21:40,2118
2019-12-29 21:45,2115
2019-12-29 21:50,2103
2019-12-29 21:55,2066
2019-12-29 22:00,2050
2019-12-29 22:05,2045
2019-12-29 22:10,2038
2019-12-29 22:15,2046
2019-12-29 22:20,2022
2019-12-29 22:25,2016
2019-12-29 22:30,1991
2019-12-29 22:35,2002
2019-12-29 22:40,1971
2019-12-29 22:45,1949
2019-12-29 22:50,1927
2019-12-29 22:55,1921
2019-12-29 23:00,1896
2019-12-29 23:05,1883
2019-12-29 23:10,1862
2019-12-29 23:15,1843
2019-12-29 23:20,1798
2019-12-29 23:25,1765
2019-12-29 23:30,1749
2019-12-29 23:35,1716
2019-12-29 23:40,1692
2019-12-29 23:45,1708
2019-12-29 23:50,1675
2019-12-29 23:55,1640
2019-12-30 00:00,1637
2019-12-30 00:05,1633
2019-12-30 00:10,1644
2019-12-30 00:15,1630
2019-12-30 00:20,1627
2019-12-30 00:25,1620
2019-12-30 00:30,1611
2019-12-30 00:35,1616
2019-12-30 00:40,1601
2019-12-30 00:45,1576
2019-12-30 00:50,1576
2019-12-30 00:55,1568
2019-12-30 01:00,1565
2019-12-30 01:05,1544
2019-12-30 01:10,1538
2019-12-30 01:15,1535
2019-12-30 01:20,1543
2019-12-30 01:25,1544
2019-12-30 01:30,1528
2019-12-30 01:35,1520
2019-12-30 01:40,1504
2019-12-30 01:45,1506
2019-12-30 01:50,1487
2019-12-30 01:55,1471
2019-12-30 02:00,1463
2019-12-30 02:05,1455
2019-12-30 02:10,1449
2019-12-30 02:15,1454
2019-12-30 02:20,1442
2019-12-30 02:25,1429
2019-12-30 02:30,1430
2019-12-30 02:35,1413
2019-12-30 02:40,1401
2019-12-30 02:45,1398
2019-12-30 02:50,1401
2019-12-30 02:55,1403
2019-12-30 03:00,1393
2019-12-30 03:05,1367
2019-12-30 03:10,1346
2019-12-30 03:15,1343
2019-12-30 03:20,1335
2019-12-30 03:25,1323
2019-12-30 03:30,1307
2019-12-30 03:35,1296
2019-12-30 03:40,1272
2019-12-30 03:45,1275
2019-12-30 03:50,1252
2019-12-30 03:55,1237
2019-12-30 04:00,1223
2019-12-30 04:05,1214
2019-12-30 04:10,1224
2019-12-30 04:15,1221
2019-12-30 04:20,1209
2019-12-30 04:25,1205
2019-12-30 04:30,1188
2019-12-30 04:35,1168
2019-12-30 04:40,1156
2019-12-30 04:45,1143
2019-12-30 04:50,1131
2019-12-30 04:55,1122
2019-12-30 05:00,1112
2019-12-30 05:05,1096
2019-12-30 05:10,1082
2019-12-30 05:15,1084
2019-12-30 05:20,1057
2019-12-30 05:25,1043
2019-12-30 05:30,1032
2019-12-30 05:35,1009
2019-12-30 05:40,1001
2019-12-30 05:45,997
2019-12-30 05:50,988
2019-12-30 05:55,975
2019-12-30 06:00,985
2019-12-30 06:05,977
2019-12-30 06:10,984
2019-12-30 06:15,968
2019-12-30 06:20,950
2019-12-30 06:25,950
2019-12-30 06:30,945
2019-12-30 06:35,941
2019-12-30 06:40,951
2019-12-30 06:45,946
2019-12-30 06:50,940
2019-12-30 06:55,940
2019-12-30 07:00,934
2019-12-30 07:05,938
2019-12-30 07:10,919
2019-12-30 07:15,919
2019-12-30 07:20,915
2019-12-30 07:25,917
2019-12-30 07:30,925
2019-12-30 07:35,916
2019-12-30 07:40,923
2019-12-30 07:45,927
2019-12-30 07:50,916
2019-12-30 07:55,911
2019-12-30 08:00,910
2019-12-30 08:05,898
2019-12-30 08:10,903
2019-12-30 08:15,919
2019-12-30 08:20,927
2019-12-30 08:25,935
2019-12-30 08:30,947
2019-12-30 08:35,962
2019-12-30 08:40,976
2019-12-30 08:45,972
2019-12-30 08:50,967
2019-12-30 08:55,960
2019-12-30 09:00,974
2019-12-30 09:05,991
2019-12-30 09:10,1007
2019-12-30 09:15,1005
2019-12-30 09:20,1022
2019-12-30 09:25,1019
2019-12-30 09:30,1018
2019-12-30 09:35,1024
2019-12-30 09:40,1021
2019-12-30 09:45,1034
2019-12-30 09:50,1041
2019-12-30 09:55,1059
2019-12-30 10:00,1066
2019-12-30 10:05,1105
2019-12-30 10:10,1113
2019-12-30 10:15,1141
2019-12-30 10:20,1169
2019-12-30 10:25,1180
2019-12-30 10:30,1180
2019-12-30 10:35,1191
2019-12-30 10:40,1207
2019-12-30 10:45,1217
2019-12-30 10:50,1226
2019-12-30 10:55,1244
2019-12-30 11:00,1266
2019-12-30 11:05,1266
2019-12-30 11:10,1269
2019-12-30 11:15,1267
2019-12-30 11:20,1275
2019-12-30 11:25,1300
2019-12-30 11:30,1309
2019-12-30 11:35,1325
2019-12-30 11:40,1340
2019-12-30 11:45,1338
2019-12-30 11:50,1360
2019-12-30 11:55,1367
2019-12-30 12:00,1388
2019-12-30 12:05,1404
2019-12-30 12:10,1402
2019-12-30 12:15,1401
2019-12-30 12:20,1419
2019-12-30 12:25,1421
2019-12-30 12:30,1427
2019-12-30 12:35,1431
2019-12-30 12:40,1431
2019-12-30 12:45,1438
2019-12-30 12:50,1448
2019-12-30 12:55,1451
2019-12-30 13:00,1449
2019-12-30 13:05,1443
2019-12-30 13:10,1449
2019-12-30 13:15,1437
2019-12-30 13:20,1444
2019-12-30 13:25,1453
2019-12-30 13:30,1464
2019-12-30 13:35,1473
2019-12-30 13:40,1482
2019-12-30 13:45,1504
2019-12-30 13:50,1510
2019-12-30 13:55,1511
2019-12-30 14:00,1551
2019-12-30 14:05,1547
2019-12-30 14:10,1574
2019-12-30 14:15,1579
2019-12-30 14:20,1588
2019-12-30 14:25,1593
2019-12-30 14:30,1583
2019-12-30 14:35,1582
2019-12-30 14:40,1582
2019-12-30 14:45,1542
2019-12-30 14:50,1511
2019-12-30 14:55,1413
2019-12-30 15:00,1267
2019-12-30 15:05,644
2019-12-30 15:10,588
2019-12-30 15:15,590
2019-12-30 15:20,582
2019-12-30 15:25,581
2019-12-30 15:30,578
2019-12-30 15:35,594
2019-12-30 15:40,574
2019-12-30 15:45,560
2019-12-30 15:50,558
2019-12-30 15:55,563
2019-12-30 16:00,578
2019-12-30 16:05,592
2019-12-30 16:10,593
2019-12-30 16:15,640
2019-12-30 16:20,655
2019-12-30 16:25,671
2019-12-30 16:30,685
2019-12-30 16:35,741
2019-12-30 16:40,845
2019-12-30 16:45,949
2019-12-30 16:50,1033
2019-12-30 16:55,1126
2019-12-30 17:00,1223
2019-12-30 17:05,
2019-12-30 17:10,1456
2019-12-30 17:15,1555
2019-12-30 17:20,1636
2019-12-30 17:25,1697
2019-12-30 17:30,1773
2019-12-30 17:35,1852
2019-12-30 17:40,1902
2019-12-30 17:45,1955
2019-12-30 17:50,1984
2019-12-30 17:55,2016
2019-12-30 18:00,2036
2019-12-30 18:05,2052
2019-12-30 18:10,2073
2019-12-30 18:15,2113
2019-12-30 18:20,2112
2019-12-30 18:25,2120
2019-12-30 18:30,2129
2019-12-30 18:35,2140
2019-12-30 18:40,2158
2019-12-30 18:45,2160
2019-12-30 18:50,2153
2019-12-30 18:55,2181
2019-12-30 19:00,2184
2019-12-30 19:05,2186
2019-12-30 19:10,2167
2019-12-30 19:15,2152
2019-12-30 19:20,2139
2019-12-30 19:25,2167
2019-12-30 19:30,2177
2019-12-30 19:35,2184
2019-12-30 19:40,2182
2019-12-30 19:45,2177
2019-12-30 19:50,2167
2019-12-30 19:55,2169
2019-12-30 20:00,2162
2019-12-30 20:05,2171
2019-12-30 20:10,2174
2019-12-30 20:15,2186
2019-12-30 20:20,2188
2019-12-30 20:25,2196
2019-12-30 20:30,2163
2019-12-30 20:35,2159
2019-12-30 20:40,2152
2019-12-30 20:45,2161
2019-12-30 20:50,2170
2019-12-30 20:55,2181
2019-12-30 21:00,2172
2019-12-30 21:05,2135
2019-12-30 21:10,2112
2019-12-30 21:15,2085
2019-12-30 21:20,2091
2019-12-30 21:25,2096
2019-12-30 21:30,2072
2019-12-30 21:35,2059
2019-12-30 21:40,2061
2019-12-30 21:45,2074
2019-12-30 21:50,2060
2019-12-30 21:55,2057
2019-12-30 22:00,2040
2019-12-30 22:05,2019
2019-12-30 22:10,2006
2019-12-30 22:15,1994
2019-12-30 22:20,1978
2019-12-30 22:25,1947
2019-12-30 22:30,1941
2019-12-30 22:35,1931
2019-12-30 22:40,1913
2019-12-30 22:45,1892
2019-12-30 22:50,1882
2019-12-30 22:55,1867
2019-12-30 23:00,1847
2019-12-30 23:05,1833
2019-12-30 23:10,1813
2019-12-30 23:15,1824
2019-12-30 23:20,1819
2019-12-30 23:25,1817
2019-12-30 23:30,1795
2019-12-30 23:35,1776
2019-12-30 23:40,1716
2019-12-30 23:45,1711
2019-12-30 23:50,1694
2019-12-30 23:55,1679
2019-12-31 00:00,1673
2019-12-31 00:05,1638
2019-12-31 00:10,1634
2019-12-31 00:15,1628
2019-12-31 00:20,1638
2019-12-31 00:25,1626
2019-12-31 00:30,1634
2019-12-31 00:35,1609
2019-12-31 00:40,1607
2019-12-31 00:45,1601
2019-12-31 00:50,1574
2019-12-31 00:55,1565
2019-12-31 01:00,1571
2019-12-31 01:05,1549
2019-12-31 01:10,1524
2019-12-31 01:15,1498
2019-12-31 01:20,1481
2019-12-31 01:25,1472
2019-12-31 01:30,1460
2019-12-31 01:35,1463
2019-12-31 01:40,1466
2019-12-31 01:45,1469
2019-12-31 01:50,1476
2019-12-31 01:55,1466
2019-12-31 02:00,1457
2019-12-31 02:05,1439
2019-12-31 02:10,1428
2019-12-31 02:15,1420
2019-12-31 02:20,1388
2019-12-31 02:25,1389
2019-12-31 02:30,1387
2019-12-31 02:35,1387
2019-12-31 02:40,1377
2019-12-31 02:45,1367
2019-12-31 02:50,1342
2019-12-31 02:55,1318
2019-12-31 03:00,1305
2019-12-31 03:05,1293
2019-12-31 03:10,1291
2019-12-31 03:15,1298
2019-12-31 03:20,1281
2019-12-31 03:25,1275
2019-12-31 03:30,1280
2019-12-31 03:35,1275
2019-12-31 03:40,1264
2019-12-31 03:45,1267
2019-12-31 03:50,1263
2019-12-31 03:55,1246
2019-12-31 04:00,1250
2019-12-31 04:05,1245
2019-12-31 04:10,1225
2019-12-31 04:15,1212
2019-12-31 04:20,1178
2019-12-31 04:25,1185
2019-12-31 04:30,1193
2019-12-31 04:35,1190
2019-12-31 04:40,1182
2019-12-31 04:45,1175
2019-12-31 04:50,1167
2019-12-31 04:55,1151
2019-12-31 05:00,1129
2019-12-31 05:05,1119
2019-12-31 05:10,1104
2019-12-31 05:15,1114
2019-12-31 05:20,1102
2019-12-31 05:25,1108
2019-12-31 05:30,1110
2019-12-31 05:35,1097
2019-12-31 05:40,1095
2019-12-31 05:45,1083
2019-12-31 05:50,1067
2019-12-31 05:55,1058
2019-12-31 06:00,1058
2019-12-31 06:05,1052
2019-12-31 06:10,1050
2019-12-31 06:15,1040
2019-12-31 06:20,1024
2019-12-31 06:25,1023
2019-12-31 06:30,1027
2019-12-31 06:35,1019
2019-12-31 06:40,1011
2019-12-31 06:45,1021
2019-12-31 06:50,1009
2019-12-31 06:55,998
2019-12-31 07:00,991
2019-12-31 07:05,983
2019-12-31 07:10,976
2019-12-31 07:15,976
2019-12-31 07:20,986
2019-12-31 07:25,973
2019-12-31 07:30,974
2019-12-31 07:35,970
2019-12-31 07:40,963
2019-12-31 07:45,955
2019-12-31 07:50,953
2019-12-31 07:55,953
2019-12-31 08:00,949
2019-12-31 08:05,950
2019-12-31 08:10,937
2019-12-31 08:15,944
2019-12-31 08:20,945
2019-12-31 08:25,951
2019-12-31 08:30,964
2019-12-31 08:35,970
2019-12-31 08:40,968
2019-12-31 08:45,975
2019-12-31 08:50,994
2019-12-31 08:55,999
2019-12-31 09:00,1037
2019-12-31 09:05,1054
2019-12-31 09:10,1058
2019-12-31 09:15,1077
2019-12-31 09:20,1077
2019-12-31 09:25,1073
2019-12-31 09:30,1082
2019-12-31 09:35,1093
2019-12-31 09:40,1088
2019-12-31 09:45,1098
2019-12-31 09:50,1127
2019-12-31 09:55,1160
2019-12-31 10:00,1179
2019-12-31 10:05,1202
2019-12-31 10:10,1201
2019-12-31 10:15,1215
2019-12-31 10:20,1227
2019-12-31 10:25,1229
2019-12-31 10:30,1242
2019-12-31 10:35,1236
2019-12-31 10:40,1261
2019-12-31 10:45,1261
2019-12-31 10:50,1272
2019-12-31 10:55,1310
2019-12-31 11:00,1311
2019-12-31 11:05,1317
2019-12-31 11:10,1326
2019-12-31 11:15,1336
2019-12-31 11:20,1334
2019-12-31 11:25,1361
2019-12-31 11:30,1359
2019-12-31 11:35,1380
2019-12-31 11:40,1402
2019-12-31 11:45,1414
2019-12-31 11:50,1407
2019-12-31 11:55,1436
2019-12-31 12:00,1461
2019-12-31 12:05,1462
2019-12-31 12:10,1456
2019-12-31 12:15,1459
2019-12-31 12:20,1475
2019-12-31 12:25,1473
2019-12-31 12:30,1481
2019-12-31 12:35,1487
2019-12-31 12:40,1504
2019-12-31 12:45,1500
2019-12-31 12:50,1490
2019-12-31 12:55,1497
2019-12-31 13:00,1514
2019-12-31 13:05,1515
2019-12-31 13:10,1524
2019-12-31 13:15,1547
2019-12-31 13:20,1562
2019-12-31 13:25,1588
2019-12-31 13:30,1594
2019-12-31 13:35,1603
2019-12-31 13:40,1607
2019-12-31 13:45,1604
2019-12-31 13:50,1598
2019-12-31 13:55,1615
2019-12-31 14:00,1637
2019-12-31 14:05,1656
2019-12-31 14:10,1677
2019-12-31 14:15,1692
2019-12-31 14:20,1685
2019-12-31 14:25,1704
2019-12-31 14:30,1707
2019-12-31 14:35,1695
2019-12-31 14:40,1697
2019-12-31 14:45,1708
2019-12-31 14:50,1694
2019-12-31 14:55,1683
2019-12-31 15:00,1681
2019-12-31 15:05,1687
2019-12-31 15:10,1678
2019-12-31 15:15,1672
2019-12-31 15:20,1668
2019-12-31 15:25,1676
2019-12-31 15:30,1685
2019-12-31 15:35,1697
2019-12-31 15:40,1705
2019-12-31 15:45,1711
2019-12-31 15:50,1723
2019-12-31 15:55,1725
2019-12-31 16:00,1730
2019-12-31 16:05,1750
2019-12-31 16:10,1763
2019-12-31 16:15,1749
2019-12-31 16:20,1747
2019-12-31 16:25,1760
2019-12-31 16:30,1761
2019-12-31 16:35,1748
2019-12-31 16:40,1756
2019-12-31 16:45,1776
2019-12-31 16:50,1769
2019-12-31 16:55,1783
2019-12-31 17:00,1773
2019-12-31 17:05,1763
2019-12-31 17:10,1764
2019-12-31 17:15,1779
2019-12-31 17:20,1777
2019-12-31 17:25,1775
2019-12-31 17:30,1756
2019-12-31 17:35,1736
2019-12-31 17:40,1723
2019-12-31 17:45,1715
2019-12-31 17:50,1712
2019-12-31 17:55,1718
2019-12-31 18:00,1704
2019-12-31 18:05,1700
2019-12-31 18:10,1699
2019-12-31 18:15,1706
2019-12-31 18:20,1696
2019-12-31 18:25,1710
2019-12-31 18:30,1697
2019-12-31 18:35,1680
2019-12-31 18:40,1669
2019-12-31 18:45,1681
2019-12-31 18:50,1680
2019-12-31 18:55,1676
2019-12-31 19:00,1675
2019-12-31 19:05,1661
2019-12-31 19:10,1676
2019-12-31 19:15,1670
2019-12-31 19:20,1679
2019-12-31 19:25,1674
2019-12-31 19:30,1667
2019-12-31 19:35,1639
2019-12-31 19:40,1638
2019-12-31 19:45,1635
2019-12-31 19:50,1632
2019-12-31 19:55,1621
2019-12-31 20:00,1616
2019-12-31 20:05,1616
2019-12-31 20:10,1604
2019-12-31 20:15,1609
2019-12-31 20:20,1602
2019-12-31 20:25,1605
2019-12-31 20:30,1603
2019-12-31 20:35,1567
2019-12-31 20:40,1589
2019-12-31 20:45,1591
2019-12-31 20:50,1584
2019-12-31 20:55,1564
2019-12-31 21:00,1572
2019-12-31 21:05,1563
2019-12-31 21:10,1553
2019-12-31 21:15,1558
2019-12-31 21:20,1552
2019-12-31 21:25,1548
2019-12-31 21:30,1562
2019-12-31 21:35,1560
2019-12-31 21:40,1547
2019-12-31 21:45,1563
2019-12-31 21:50,1545
2019-12-31 21:55,1559
2019-12-31 22:00,1549
2019-12-31 22:05,1546
2019-12-31 22:10,1552
2019-12-31 22:15,1546
2019-12-31 22:20,1538
2019-12-31 22:25,1517
2019-12-31 22:30,1496
2019-12-31 22:35,1465
2019-12-31 22:40,1457
2019-12-31 22:45,1464
2019-12-31 22:50,1465
2019-12-31 22:55,1455
2019-12-31 23:00,1441
2019-12-31 23:05,1409
2019-12-31 23:10,1412
2019-12-31 23:15,1407
2019-12-31 23:20,1420
2019-12-31 23:25,1418
2019-12-31 23:30,1409
2019-12-31 23:35,1391
2019-12-31 23:40,1403
2019-12-31 23:45,1403
2019-12-31 23:50,1405
2019-12-31 23:55,1389
2020-01-01 00:00,1361
2020-01-01 00:05,1355
2020-01-01 00:10,1361
2020-01-01 00:15,1362
2020-01-01 00:20,1344
2020-01-01 00:25,1338
2020-01-01 00:30,1321
2020-01-01 00:35,1336
2020-01-01 00:40,1327
2020-01-01 00:45,1325
2020-01-01 00:50,1318
2020-01-01 00:55,1306
2020-01-01 01:00,1298
2020-01-01 01:05,1303
2020-01-01 01:10,1296
2020-01-01 01:15,1297
2020-01-01 01:20,1296
2020-01-01 01:25,1314
2020-01-01 01:30,1282
2020-01-01 01:35,1273
2020-01-01 01:40,1258
2020-01-01 01:45,1227
2020-01-01 01:50,1202
2020-01-01 01:55,1213
2020-01-01 02:00,1194
2020-01-01 02:05,1185
2020-01-01 02:10,1190
2020-01-01 02:15,1185
2020-01-01 02:20,1182
2020-01-01 02:25,1170
2020-01-01 02:30,1160
2020-01-01 02:35,1139
2020-01-01 02:40,1133
2020-01-01 02:45,1135
2020-01-01 02:50,1129
2020-01-01 02:55,1117
2020-01-01 03:00,1121
2020-01-01 03:05,1109
2020-01-01 03:10,1114
2020-01-01 03:15,1113
2020-01-01 03:20,1100
2020-01-01 03:25,1096
2020-01-01 03:30,1086
2020-01-01 03:35,1087
2020-01-01 03:40,1096
2020-01-01 03:45,1097
2020-01-01 03:50,1091
2020-01-01 03:55,1084
2020-01-01 04:00,1077
2020-01-01 04:05,1068
2020-01-01 04:10,1059
2020-01-01 04:15,1035
2020-01-01 04:20,1023
2020-01-01 04:25,1027
2020-01-01 04:30,1016
2020-01-01 04:35,1001
2020-01-01 04:40,1003
2020-01-01 04:45,992
2020-01-01 04:50,990
2020-01-01 04:55,995
2020-01-01 05:00,970
2020-01-01 05:05,962
2020-01-01 05:10,969
2020-01-01 05:15,969
2020-01-01 05:20,977
2020-01-01 05:25,978
2020-01-01 05:30,966
2020-01-01 05:35,948
2020-01-01 05:40,957
2020-01-01 05:45,961
2020-01-01 05:50,955
2020-01-01 05:55,957
2020-01-01 06:00,959
2020-01-01 06:05,959
2020-01-01 06:10,948
2020-01-01 06:15,953
2020-01-01 06:20,933
2020-01-01 06:25,923
2020-01-01 06:30,922
2020-01-01 06:35,919
2020-01-01 06:40,934
2020-01-01 06:45,919
2020-01-01 06:50,908
2020-01-01 06:55,895
2020-01-01 07:00,884
2020-01-01 07:05,881
2020-01-01 07:10,877
2020-01-01 07:15,869
2020-01-01 07:20,864
2020-01-01 07:25,860
2020-01-01 07:30,869
2020-01-01 07:35,868
2020-01-01 07:40,871
2020-01-01 07:45,880
2020-01-01 07:50,880
2020-01-01 07:55,888
2020-01-01 08:00,881
2020-01-01 08:05,900
2020-01-01 08:10,905
2020-01-01 08:15,914
2020-01-01 08:20,921
2020-01-01 08:25,945
2020-01-01 08:30,940
2020-01-01 08:35,937
2020-01-01 08:40,951
2020-01-01 08:45,969
2020-01-01 08:50,962
2020-01-01 08:55,968
2020-01-01 09:00,962
2020-01-01 09:05,966
2020-01-01 09:10,955
2020-01-01 09:15,959
2020-01-01 09:20,966
2020-01-01 09:25,978
2020-01-01 09:30,983
2020-01-01 09:35,999
2020-01-01 09:40,1015
2020-01-01 09:45,1025
2020-01-01 09:50,1045
2020-01-01 09:55,1070
2020-01-01 10:00,1069
2020-01-01 10:05,1089
2020-01-01 10:10,1101
2020-01-01 10:15,1113
2020-01-01 10:20,1113
2020-01-01 10:25,1136
2020-01-01 10:30,1161
2020-01-01 10:35,1186
2020-01-01 10:40,1198
2020-01-01 10:45,1201
2020-01-01 10:50,1216
2020-01-01 10:55,1220
2020-01-01 11:00,1230
2020-01-01 11:05,1232
2020-01-01 11:10,1255
2020-01-01 11:15,1253
2020-01-01 11:20,1245
2020-01-01 11:25,1255
2020-01-01 11:30,1266
2020-01-01 11:35,1270
2020-01-01 11:40,1269
2020-01-01 11:45,1279
2020-01-01 11:50,1279
2020-01-01 11:55,1288
2020-01-01 12:00,1288
2020-01-01 12:05,1311
2020-01-01 12:10,1316
2020-01-01 12:15,1345
2020-01-01 12:20,1367
2020-01-01 12:25,1382
2020-01-01 12:30,1389
2020-01-01 12:35,1415
2020-01-01 12:40,1434
2020-01-01 12:45,1443
2020-01-01 12:50,1457
2020-01-01 12:55,1456
2020-01-01 13:00,1478
2020-01-01 13:05,1502
2020-01-01 13:10,1504
2020-01-01 13:15,1529
2020-01-01 13:20,1543
2020-01-01 13:25,1547
2020-01-01 13:30,1561
2020-01-01 13:35,1583
2020-01-01 13:40,1580
2020-01-01 13:45,1601
2020-01-01 13:50,1610
2020-01-01 13:55,1630
2020-01-01 14:00,1627
2020-01-01 14:05,1634
2020-01-01 14:10,1644
2020-01-01 14:15,1681
2020-01-01 14:20,1666
2020-01-01 14:25,1688
2020-01-01 14:30,1714
2020-01-01 14:35,1722
2020-01-01 14:40,1741
2020-01-01 14:45,1756
2020-01-01 14:50,1773
2020-01-01 14:55,1790
2020-01-01 15:00,1818
2020-01-01 15:05,1828
2020-01-01 15:10,1849
2020-01-01 15:15,1872
2020-01-01 15:20,1880
2020-01-01 15:25,1899
2020-01-01 15:30,1933
2020-01-01 15:35,1943
2020-01-01 15:40,1977
2020-01-01 15:45,2001
2020-01-01 15:50,2017
2020-01-01 15:55,2037
2020-01-01 16:00,2043
2020-01-01 16:05,2074
2020-01-01 16:10,2071
2020-01-01 16:15,2095
2020-01-01 16:20,2121
2020-01-01 16:25,2137
2020-01-01 16:30,2141
2020-01-01 16:35,2174
2020-01-01 16:40,2180
2020-01-01 16:45,2180
2020-01-01 16:50,2194
2020-01-01 16:55,2208
2020-01-01 17:00,2209
2020-01-01 17:05,2226
2020-01-01 17:10,2229
2020-01-01 17:15,2234
2020-01-01 17:20,2235
2020-01-01 17:25,2248
2020-01-01 17:30,2265
2020-01-01 17:35,2261
2020-01-01 17:40,2283
2020-01-01 17:45,2288
2020-01-01 17:50,2298
2020-01-01 17:55,2309
2020-01-01 18:00,2284
2020-01-01 18:05,2274
2020-01-01 18:10,2283
2020-01-01 18:15,2296
2020-01-01 18:20,2264
2020-01-01 18:25,2247
2020-01-01 18:30,2245
2020-01-01 18:35,2275
2020-01-01 18:40,2273
2020-01-01 18:45,2289
2020-01-01 18:50,2303
2020-01-01 18:55,2317
2020-01-01 19:00,2312
2020-01-01 19:05,2289
2020-01-01 19:10,2286
2020-01-01 19:15,2281
2020-01-01 19:20,2306
2020-01-01 19:25,2300
2020-01-01 19:30,2325
2020-01-01 19:35,2328
2020-01-01 19:40,2321
2020-01-01 19:45,2320
2020-01-01 19:50,2338
2020-01-01 19:55,2335
2020-01-01 20:00,2330
2020-01-01 20:05,2325
2020-01-01 20:10,2324
2020-01-01 20:15,2324
2020-01-01 20:20,2310
2020-01-01 20:25,2293
2020-01-01 20:30,2294
2020-01-01 20:35,2286
2020-01-01 20:40,2288
2020-01-01 20:45,2266
2020-01-01 20:50,2252
2020-01-01 20:55,2261
2020-01-01 21:00,2243
2020-01-01 21:05,2248
2020-01-01 21:10,2230
2020-01-01 21:15,2215
2020-01-01 21:20,2201
2020-01-01 21:25,2198
2020-01-01 21:30,2170
2020-01-01 21:35,2156
2020-01-01 21:40,2131
2020-01-01 21:45,2099
2020-01-01 21:50,2085
2020-01-01 21:55,2084
2020-01-01 22:00,2080
2020-01-01 22:05,2094
2020-01-01 22:10,2098
2020-01-01 22:15,2105
2020-01-01 22:20,2066
2020-01-01 22:25,2064
2020-01-01 22:30,2037
2020-01-01 22:35,2016
2020-01-01 22:40,2016
2020-01-01 22:45,2003
2020-01-01 22:50,2014
2020-01-01 22:55,1986
2020-01-01 23:00,1971
2020-01-01 23:05,1961
2020-01-01 23:10,1948
2020-01-01 23:15,1951
2020-01-01 23:20,1951
2020-01-01 23:25,1925
2020-01-01 23:30,1906
2020-01-01 23:35,1891
2020-01-01 23:40,1868
2020-01-01 23:45,1851
2020-01-01 23:50,1851
2020-01-01 23:55,1835
2020-01-02 00:00,1834
2020-01-02 00:05,1836
2020-01-02 00:10,1807
2020-01-02 00:15,1789
2020-01-02 00:20,1791
2020-01-02 00:25,1765
2020-01-02 00:30,1756
2020-01-02 00:35,1733
2020-01-02 00:40,1729
2020-01-02 00:45,1703
2020-01-02 00:50,1680
2020-01-02 00:55,1649
2020-01-02 01:00,1633
2020-01-02 01:05,1629
2020-01-02 01:10,1614
2020-01-02 01:15,1597
2020-01-02 01:20,1595
2020-01-02 01:25,1589
2020-01-02 01:30,1578
2020-01-02 01:35,1559
2020-01-02 01:40,1557
2020-01-02 01:45,1532
2020-01-02 01:50,1553
2020-01-02 01:55,1534
2020-01-02 02:00,1525
2020-01-02 02:05,1527
2020-01-02 02:10,1523
2020-01-02 02:15,1503
2020-01-02 02:20,1499
2020-01-02 02:25,1480
2020-01-02 02:30,1459
2020-01-02 02:35,1455
2020-01-02 02:40,1441
2020-01-02 02:45,1449
2020-01-02 02:50,1447
2020-01-02 02:55,1432
2020-01-02 03:00,1412
2020-01-02 03:05,1413
2020-01-02 03:10,1413
2020-01-02 03:15,1401
2020-01-02 03:20,1399
2020-01-02 03:25,1370
2020-01-02 03:30,1325
2020-01-02 03:35,1312
2020-01-02 03:40,1313
2020-01-02 03:45,1303
2020-01-02 03:50,1283
2020-01-02 03:55,1274
2020-01-02 04:00,1283
2020-01-02 04:05,1270
2020-01-02 04:10,1255
2020-01-02 04:15,1238
2020-01-02 04:20,1215
2020-01-02 04:25,1224
2020-01-02 04:30,1203
2020-01-02 04:35,1189
2020-01-02 04:40,1174
2020-01-02 04:45,1156
2020-01-02 04:50,1157
2020-01-02 04:55,1152
2020-01-02 05:00,1135
2020-01-02 05:05,1131
2020-01-02 05:10,1131
2020-01-02 05:15,1119
2020-01-02 05:20,1098
2020-01-02 05:25,1097
2020-01-02 05:30,1089
2020-01-02 05:35,1098
2020-01-02 05:40,1090
2020-01-02 05:45,1079
2020-01-02 05:50,1054
2020-01-02 05:55,1047
2020-01-02 06:00,1041
2020-01-02 06:05,1041
2020-01-02 06:10,1050
2020-01-02 06:15,929
2020-01-02 06:20,1025
2020-01-02 06:25,1025
2020-01-02 06:30,1019
2020-01-02 06:35,1030
2020-01-02 06:40,1012
2020-01-02 06:45,1004
2020-01-02 06:50,989
2020-01-02 06:55,982
2020-01-02 07:00,993
2020-01-02 07:05,967
2020-01-02 07:10,953
2020-01-02 07:15,963
2020-01-02 07:20,967
2020-01-02 07:25,973
2020-01-02 07:30,959
2020-01-02 07:35,965
2020-01-02 07:40,973
2020-01-02 07:45,971
2020-01-02 07:50,967
2020-01-02 07:55,973
2020-01-02 08:00,961
2020-01-02 08:05,961
2020-01-02 08:10,963
2020-01-02 08:15,953
2020-01-02 08:20,949
2020-01-02 08:25,965
2020-01-02 08:30,972
2020-01-02 08:35,967
2020-01-02 08:40,988
2020-01-02 08:45,995
2020-01-02 08:50,991
2020-01-02 08:55,997
2020-01-02 09:00,995
2020-01-02 09:05,1009
2020-01-02 09:10,1024
2020-01-02 09:15,1024
2020-01-02 09:20,1028
2020-01-02 09:25,1037
2020-01-02 09:30,1053
2020-01-02 09:35,1046
2020-01-02 09:40,1057
2020-01-02 09:45,1062
2020-01-02 09:50,1055
2020-01-02 09:55,1066
2020-01-02 10:00,1091
2020-01-02 10:05,1124
2020-01-02 10:10,1159
2020-01-02 10:15,1190
2020-01-02 10:20,1220
2020-01-02 10:25,1225
2020-01-02 10:30,1232
2020-01-02 10:35,1261
2020-01-02 10:40,1268
2020-01-02 10:45,1285
2020-01-02 10:50,1303
2020-01-02 10:55,1313
2020-01-02 11:00,1330
2020-01-02 11:05,1346
2020-01-02 11:10,1337
2020-01-02 11:15,1369
2020-01-02 11:20,1364
2020-01-02 11:25,1375
2020-01-02 11:30,1397
2020-01-02 11:35,1393
2020-01-02 11:40,1395
2020-01-02 11:45,1418
2020-01-02 11:50,1435
2020-01-02 11:55,1448
2020-01-02 12:00,1446
2020-01-02 12:05,0
2020-01-02 12:10,1441
2020-01-02 12:15,1447
2020-01-02 12:20,1456
2020-01-02 12:25,1458
2020-01-02 12:30,1485
2020-01-02 12:35,1500
2020-01-02 12:40,1512
2020-01-02 12:45,1521
2020-01-02 12:50,1534
2020-01-02 12:55,1553
2020-01-02 13:00,1566
2020-01-02 13:05,1566
2020-01-02 13:10,1569
2020-01-02 13:15,1572
2020-01-02 13:20,1577
2020-01-02 13:25,1605
2020-01-02 13:30,1638
2020-01-02 13:35,1613
2020-01-02 13:40,1621
2020-01-02 13:45,1634
2020-01-02 13:50,1658
2020-01-02 13:55,1673
2020-01-02 14:00,1690
2020-01-02 14:05,1706
2020-01-02 14:10,1730
2020-01-02 14:15,1746
2020-01-02 14:20,1755
2020-01-02 14:25,1722
2020-01-02 14:30,1759
2020-01-02 14:35,1761
2020-01-02 14:40,1778
2020-01-02 14:45,1801
2020-01-02 14:50,1803
2020-01-02 14:55,1832
2020-01-02 15:00,1840
2020-01-02 15:05,1846
2020-01-02 15:10,1838
2020-01-02 15:15,1857
2020-01-02 15:20,1879
2020-01-02 15:25,1912
2020-01-02 15:30,1932
2020-01-02 15:35,1963
2020-01-02 15:40,1947
2020-01-02 15:45,1954
2020-01-02 15:50,1961
2020-01-02 15:55,1979
2020-01-02 16:00,2004
2020-01-02 16:05,1997
2020-01-02 16:10,1999
2020-01-02 16:15,2013
2020-01-02 16:20,2034
2020-01-02 16:25,2043
2020-01-02 16:30,2036
2020-01-02 16:35,2053
2020-01-02 16:40,2064
2020-01-02 16:45,2050
2020-01-02 16:50,2083
2020-01-02 16:55,2095
2020-01-02 17:00,2102
2020-01-02 17:05,2108
2020-01-02 17:10,2142
2020-01-02 17:15,2147
2020-01-02 17:20,2143
2020-01-02 17:25,2152
2020-01-02 17:30,2156
2020-01-02 17:35,2165
2020-01-02 17:40,2175
2020-01-02 17:45,2179
2020-01-02 17:50,2171
2020-01-02 17:55,2152
2020-01-02 18:00,2153
2020-01-02 18:05,2151
2020-01-02 18:10,2144
2020-01-02 18:15,2140
2020-01-02 18:20,2144
2020-01-02 18:25,2140
2020-01-02 18:30,2141
2020-01-02 18:35,2106
2020-01-02 18:40,2080
2020-01-02 18:45,2052
2020-01-02 18:50,2065
2020-01-02 18:55,2053
2020-01-02 19:00,2065
2020-01-02 19:05,2064
2020-01-02 19:10,2075
2020-01-02 19:15,2094
2020-01-02 19:20,2096
2020-01-02 19:25,2092
2020-01-02 19:30,2077
2020-01-02 19:35,2074
2020-01-02 19:40,2091
2020-01-02 19:45,2073
2020-01-02 19:50,2092
2020-01-02 19:55,2090
2020-01-02 20:00,2102
2020-01-02 20:05,2102
2020-01-02 20:10,2114
2020-01-02 20:15,2121
2020-01-02 20:20,2132
2020-01-02 20:25,2142
2020-01-02 20:30,2145
2020-01-02 20:35,2150
2020-01-02 20:40,2146
2020-01-02 20:45,2187
2020-01-02 20:50,2176
2020-01-02 20:55,2160
2020-01-02 21:00,2141
2020-01-02 21:05,2141
2020-01-02 21:10,2127
2020-01-02 21:15,2115
2020-01-02 21:20,2092
2020-01-02 21:25,2086
2020-01-02 21:30,2063
2020-01-02 21:35,2040
2020-01-02 21:40,2030
2020-01-02 21:45,2006
2020-01-02 21:50,1993
2020-01-02 21:55,1993
2020-01-02 22:00,1984
2020-01-02 22:05,1984
2020-01-02 22:10,1956
2020-01-02 22:15,1942
2020-01-02 22:20,1916
2020-01-02 22:25,1882
2020-01-02 22:30,1868
2020-01-02 22:35,1877
2020-01-02 22:40,1842
2020-01-02 22:45,1840
2020-01-02 22:50,1828
2020-01-02 22:55,1791
2020-01-02 23:00,1806
2020-01-02 23:05,1791
2020-01-02 23:10,1775
2020-01-02 23:15,1758
2020-01-02 23:20,1751
2020-01-02 23:25,1748
2020-01-02 23:30,1750
2020-01-02 23:35,1718
2020-01-02 23:40,1712
2020-01-02 23:45,1713
2020-01-02 23:50,1701
2020-01-02 23:55,1683
2020-01-03 00:00,1640
2020-01-03 00:05,1640
2020-01-03 00:10,1634
2020-01-03 00:15,1610
2020-01-03 00:20,1610
2020-01-03 00:25,1595
2020-01-03 00:30,1586
2020-01-03 00:35,1574
2020-01-03 00:40,1570
2020-01-03 00:45,1578
2020-01-03 00:50,1578
2020-01-03 00:55,1569
2020-01-03 01:00,1575
2020-01-03 01:05,1552
2020-01-03 01:10,1536
2020-01-03 01:15,1505
2020-01-03 01:20,1505
2020-01-03 01:25,1515
2020-01-03 01:30,1470
2020-01-03 01:35,1472
2020-01-03 01:40,1447
2020-01-03 01:45,1432
2020-01-03 01:50,1421
2020-01-03 01:55,1415
2020-01-03 02:00,1404
2020-01-03 02:05,1404
2020-01-03 02:10,1375
2020-01-03 02:15,1354
2020-01-03 02:20,1353
2020-01-03 02:25,1350
2020-01-03 02:30,1345
2020-01-03 02:35,1343
2020-01-03 02:40,1335
2020-01-03 02:45,1320
2020-01-03 02:50,1324
2020-01-03 02:55,1315
2020-01-03 03:00,1303
2020-01-03 03:05,1303
2020-01-03 03:10,1306
2020-01-03 03:15,1294
2020-01-03 03:20,1286
2020-01-03 03:25,1286
2020-01-03 03:30,1293
2020-01-03 03:35,1266
2020-01-03 03:40,1244
2020-01-03 03:45,1252
2020-01-03 03:50,1234
2020-01-03 03:55,1228
2020-01-03 04:00,1211
2020-01-03 04:05,1208
2020-01-03 04:10,1208
2020-01-03 04:15,1178
2020-01-03 04:20,1159
2020-01-03 04:25,1159
2020-01-03 04:30,1160
2020-01-03 04:35,1142
2020-01-03 04:40,1139
2020-01-03 04:45,1131
2020-01-03 04:50,1117
2020-01-03 04:55,1103
2020-01-03 05:00,1089
2020-01-03 05:05,1074
2020-01-03 05:10,1051
2020-01-03 05:15,1049
2020-01-03 05:20,1049
2020-01-03 05:25,1042
2020-01-03 05:30,1042
2020-01-03 05:35,1018
2020-01-03 05:40,998
2020-01-03 05:45,998
2020-01-03 05:50,1005
2020-01-03 05:55,1005
2020-01-03 06:00,995
2020-01-03 06:05,995
2020-01-03 06:10,990
2020-01-03 06:15,981
2020-01-03 06:20,976
2020-01-03 06:25,974
2020-01-03 06:30,954
2020-01-03 06:35,950
2020-01-03 06:40,950
2020-01-03 06:45,943
2020-01-03 06:50,943
2020-01-03 06:55,937
2020-01-03 07:00,939
2020-01-03 07:05,927
2020-01-03 07:10,904
2020-01-03 07:15,904
2020-01-03 07:20,905
2020-01-03 07:25,909
2020-01-03 07:30,918
2020-01-03 07:35,929
2020-01-03 07:40,935
2020-01-03 07:45,929
2020-01-03 07:50,922
2020-01-03 07:55,929
2020-01-03 08:00,931
2020-01-03 08:05,931
2020-01-03 08:10,937
2020-01-03 08:15,931
2020-01-03 08:20,947
2020-01-03 08:25,954
2020-01-03 08:30,954
2020-01-03 08:35,951
2020-01-03 08:40,968
2020-01-03 08:45,984
2020-01-03 08:50,989
2020-01-03 08:55,989
2020-01-03 09:00,996
2020-01-03 09:05,1001
2020-01-03 09:10,1006
2020-01-03 09:15,1017
2020-01-03 09:20,1012
2020-01-03 09:25,1015
2020-01-03 09:30,1020
2020-01-03 09:35,1031
2020-01-03 09:40,1031
2020-01-03 09:45,1040
2020-01-03 09:50,1048
2020-01-03 09:55,1057
2020-01-03 10:00,1076
2020-01-03 10:05,1076
2020-01-03 10:10,1079
2020-01-03 10:15,1103
2020-01-03 10:20,1120
2020-01-03 10:25,1141
2020-01-03 10:30,1132
2020-01-03 10:35,1154
2020-01-03 10:40,1160
2020-01-03 10:45,1160
2020-01-03 10:50,1182
2020-01-03 10:55,1206
2020-01-03 11:00,1229
2020-01-03 11:05,1234
2020-01-03 11:10,1254
2020-01-03 11:15,1266
2020-01-03 11:20,1282
2020-01-03 11:25,1303
2020-01-03 11:30,1319
2020-01-03 11:35,1326
2020-01-03 11:40,1330
2020-01-03 11:45,1321
2020-01-03 11:50,1327
2020-01-03 11:55,1319
2020-01-03 12:00,1335
2020-01-03 12:05,1370
2020-01-03 12:10,1361
2020-01-03 12:15,1367
2020-01-03 12:20,1367
2020-01-03 12:25,1370
2020-01-03 12:30,1387
2020-01-03 12:35,1404
2020-01-03 12:40,1406
2020-01-03 12:45,1424
2020-01-03 12:50,1432
2020-01-03 12:55,1440
2020-01-03 13:00,1451
2020-01-03 13:05,1447
2020-01-03 13:10,1454
2020-01-03 13:15,1464
2020-01-03 13:20,1468
2020-01-03 13:25,1469
2020-01-03 13:30,1480
2020-01-03 13:35,1496
2020-01-03 13:40,1514
2020-01-03 13:45,1534
2020-01-03 13:50,1543
2020-01-03 13:55,1545
2020-01-03 14:00,1578
2020-01-03 14:05,1584
2020-01-03 14:10,1610
2020-01-03 14:15,1615
2020-01-03 14:20,1628
2020-01-03 14:25,1637
2020-01-03 14:30,1664
2020-01-03 14:35,1668
2020-01-03 14:40,1662
2020-01-03 14:45,1658
2020-01-03 14:50,1652
2020-01-03 14:55,1645
2020-01-03 15:00,1671
2020-01-03 15:05,1668
2020-01-03 15:10,1672
2020-01-03 15:15,1687
2020-01-03 15:20,1690
2020-01-03 15:25,1697
2020-01-03 15:30,1707
2020-01-03 15:35,1718
2020-01-03 15:40,1756
2020-01-03 15:45,1758
2020-01-03 15:50,1788
2020-01-03 15:55,1775
2020-01-03 16:00,1802
2020-01-03 16:05,1823
2020-01-03 16:10,1818
2020-01-03 16:15,1831
2020-01-03 16:20,1829
2020-01-03 16:25,1847
2020-01-03 16:30,1839
2020-01-03 16:35,1857
2020-01-03 16:40,1843
2020-01-03 16:45,1848
2020-01-03 16:50,1848
2020-01-03 16:55,1868
2020-01-03 17:00,1872
2020-01-03 17:05,1892
2020-01-03 17:10,1904
2020-01-03 17:15,1926
2020-01-03 17:20,1926
2020-01-03 17:25,1962
2020-01-03 17:30,1969
2020-01-03 17:35,1965
2020-01-03 17:40,1971
2020-01-03 17:45,1946
2020-01-03 17:50,1956
2020-01-03 17:55,1966
2020-01-03 18:00,1954
2020-01-03 18:05,1962
2020-01-03 18:10,1971
2020-01-03 18:15,1970
2020-01-03 18:20,1985
2020-01-03 18:25,1998
2020-01-03 18:30,2022
2020-01-03 18:35,2012
2020-01-03 18:40,2040
2020-01-03 18:45,2034
2020-01-03 18:50,2032
2020-01-03 18:55,2060
2020-01-03 19:00,2063
2020-01-03 19:05,2067
2020-01-03 19:10,2056
2020-01-03 19:15,2063
2020-01-03 19:20,2062
2020-01-03 19:25,2068
2020-01-03 19:30,2061
2020-01-03 19:35,1620
2020-01-03 19:40,1477
2020-01-03 19:45,2007
2020-01-03 19:50,2071
2020-01-03 19:55,2055
2020-01-03 20:00,2055
2020-01-03 20:05,2077
2020-01-03 20:10,2100
2020-01-03 20:15,2110
2020-01-03 20:20,2128
2020-01-03 20:25,2125
2020-01-03 20:30,2135
2020-01-03 20:35,2135
2020-01-03 20:40,2143
2020-01-03 20:45,2159
2020-01-03 20:50,2153
2020-01-03 20:55,2125
2020-01-03 21:00,2131
2020-01-03 21:05,2137
2020-01-03 21:10,2132
2020-01-03 21:15,2135
2020-01-03 21:20,2150
2020-01-03 21:25,2135
2020-01-03 21:30,2126
2020-01-03 21:35,2110
2020-01-03 21:40,2092
2020-01-03 21:45,2090
2020-01-03 21:50,2082
2020-01-03 21:55,2064
2020-01-03 22:00,2035
2020-01-03 22:05,2008
2020-01-03 22:10,2000
2020-01-03 22:15,1997
2020-01-03 22:20,2003
2020-01-03 22:25,2002
2020-01-03 22:30,1988
2020-01-03 22:35,1969
2020-01-03 22:40,1945
2020-01-03 22:45,1928
2020-01-03 22:50,1921
2020-01-03 22:55,1898
2020-01-03 23:00,1867
2020-01-03 23:05,1851
2020-01-03 23:10,1841
2020-01-03 23:15,1845
2020-01-03 23:20,1811
2020-01-03 23:25,1796
2020-01-03 23:30,1766
2020-01-03 23:35,1769
2020-01-03 23:40,1749
2020-01-03 23:45,1730
2020-01-03 23:50,1702
2020-01-03 23:55,1704
2020-01-04 00:00,1690
2020-01-04 00:05,1661
2020-01-04 00:10,1646
2020-01-04 00:15,1617
2020-01-04 00:20,1617
2020-01-04 00:25,1608
2020-01-04 00:30,1613
2020-01-04 00:35,1591
2020-01-04 00:40,1579
2020-01-04 00:45,1553
2020-01-04 00:50,1560
2020-01-04 00:55,1546
2020-01-04 01:00,1528
2020-01-04 01:05,1507
2020-01-04 01:10,1507
2020-01-04 01:15,1513
2020-01-04 01:20,1494
2020-01-04 01:25,1495
2020-01-04 01:30,1484
2020-01-04 01:35,1469
2020-01-04 01:40,1454
2020-01-04 01:45,1460
2020-01-04 01:50,1446
2020-01-04 01:55,1447
2020-01-04 02:00,1453
2020-01-04 02:05,1429
2020-01-04 02:10,1416
2020-01-04 02:15,1396
2020-01-04 02:20,1393
2020-01-04 02:25,1401
2020-01-04 02:30,1398
2020-01-04 02:35,1398
2020-01-04 02:40,1405
2020-01-04 02:45,1401
2020-01-04 02:50,1397
2020-01-04 02:55,1379
2020-01-04 03:00,1358
2020-01-04 03:05,1359
2020-01-04 03:10,1341
2020-01-04 03:15,1330
2020-01-04 03:20,1315
2020-01-04 03:25,1310
2020-01-04 03:30,1302
2020-01-04 03:35,1291
2020-01-04 03:40,1289
2020-01-04 03:45,1287
2020-01-04 03:50,1287
2020-01-04 03:55,1246
2020-01-04 04:00,1251
2020-01-04 04:05,1251
2020-01-04 04:10,1250
2020-01-04 04:15,1251
2020-01-04 04:20,1245
2020-01-04 04:25,1237
2020-01-04 04:30,1225
2020-01-04 04:35,1218
2020-01-04 04:40,1219
2020-01-04 04:45,1216
2020-01-04 04:50,1193
2020-01-04 04:55,1191
2020-01-04 05:00,1173
2020-01-04 05:05,1183
2020-01-04 05:10,1159
2020-01-04 05:15,1143
2020-01-04 05:20,1139
2020-01-04 05:25,1131
2020-01-04 05:30,1113
2020-01-04 05:35,1113
2020-01-04 05:40,1115
2020-01-04 05:45,1090
2020-01-04 05:50,1095
2020-01-04 05:55,1087
2020-01-04 06:00,1092
2020-01-04 06:05,1091
2020-01-04 06:10,1091
2020-01-04 06:15,1107
2020-01-04 06:20,1101
2020-01-04 06:25,1082
2020-01-04 06:30,1078
2020-01-04 06:35,1084
2020-01-04 06:40,1072
2020-01-04 06:45,1067
2020-01-04 06:50,1050
2020-01-04 06:55,1036
2020-01-04 07:00,1033
2020-01-04 07:05,1019
2020-01-04 07:10,1012
2020-01-04 07:15,1004
2020-01-04 07:20,1003
2020-01-04 07:25,1000
2020-01-04 07:30,994
2020-01-04 07:35,987
2020-01-04 07:40,968
2020-01-04 07:45,971
2020-01-04 07:50,966
2020-01-04 07:55,968
2020-01-04 08:00,972
2020-01-04 08:05,964
2020-01-04 08:10,986
2020-01-04 08:15,1006
2020-01-04 08:20,1010
2020-01-04 08:25,1008
2020-01-04 08:30,1019
2020-01-04 08:35,1026
2020-01-04 08:40,1024
2020-01-04 08:45,1009
2020-01-04 08:50,1020
2020-01-04 08:55,1024
2020-01-04 09:00,1041
2020-01-04 09:05,1048
2020-01-04 09:10,1066
2020-01-04 09:15,1070
2020-01-04 09:20,1075
2020-01-04 09:25,1082
2020-01-04 09:30,1095
2020-01-04 09:35,1106
2020-01-04 09:40,1117
2020-01-04 09:45,1139
2020-01-04 09:50,1128
2020-01-04 09:55,1146
2020-01-04 10:00,1155
2020-01-04 10:05,1194
2020-01-04 10:10,1220
2020-01-04 10:15,1250
2020-01-04 10:20,1264
2020-01-04 10:25,1277
2020-01-04 10:30,1288
2020-01-04 10:35,1294
2020-01-04 10:40,1305
2020-01-04 10:45,1305
2020-01-04 10:50,1326
2020-01-04 10:55,1336
2020-01-04 11:00,1364
2020-01-04 11:05,1379
2020-01-04 11:10,1371
2020-01-04 11:15,1383
2020-01-04 11:20,1400
2020-01-04 11:25,1409
2020-01-04 11:30,1406
2020-01-04 11:35,1431
2020-01-04 11:40,1468
2020-01-04 11:45,1473
2020-01-04 11:50,1476
2020-01-04 11:55,1470
2020-01-04 12:00,1458
2020-01-04 12:05,1470
2020-01-04 12:10,1454
2020-01-04 12:15,1472
2020-01-04 12:20,1485
2020-01-04 12:25,1473
2020-01-04 12:30,1503
2020-01-04 12:35,1508
2020-01-04 12:40,1532
2020-01-04 12:45,1538
2020-01-04 12:50,1538
2020-01-04 12:55,1555
2020-01-04 13:00,1569
2020-01-04 13:05,1564
2020-01-04 13:10,1567
2020-01-04 13:15,1593
2020-01-04 13:20,1612
2020-01-04 13:25,1625
2020-01-04 13:30,1639
2020-01-04 13:35,1664
2020-01-04 13:40,1673
2020-01-04 13:45,1684
2020-01-04 13:50,1674
2020-01-04 13:55,1679
2020-01-04 14:00,1707
2020-01-04 14:05,1739
2020-01-04 14:10,
2020-01-04 14:15,1773
2020-01-04 14:20,1787
2020-01-04 14:25,1803
2020-01-04 14:30,1830
2020-01-04 14:35,1860
2020-01-04 14:40,1848
2020-01-04 14:45,1858
2020-01-04 14:50,1866
2020-01-04 14:55,1870
2020-01-04 15:00,1892
2020-01-04 15:05,1903
2020-01-04 15:10,1901
2020-01-04 15:15,1907
2020-01-04 15:20,1962
2020-01-04 15:25,1979
2020-01-04 15:30,1973
2020-01-04 15:35,1956
2020-01-04 15:40,1965
2020-01-04 15:45,1956
2020-01-04 15:50,1961
2020-01-04 15:55,1958
2020-01-04 16:00,1964
2020-01-04 16:05,1969
2020-01-04 16:10,1988
2020-01-04 16:15,1994
2020-01-04 16:20,2019
2020-01-04 16:25,2029
2020-01-04 16:30,2037
2020-01-04 16:35,2039
2020-01-04 16:40,2045
2020-01-04 16:45,2050
2020-01-04 16:50,2082
2020-01-04 16:55,2114
2020-01-04 17:00,2103
2020-01-04 17:05,2115
2020-01-04 17:10,2130
2020-01-04 17:15,2125
2020-01-04 17:20,2137
2020-01-04 17:25,2145
2020-01-04 17:30,2155
2020-01-04 17:35,2180
2020-01-04 17:40,2173
2020-01-04 17:45,2192
2020-01-04 17:50,2210
2020-01-04 17:55,2210
2020-01-04 18:00,2211
2020-01-04 18:05,2220
2020-01-04 18:10,2228
2020-01-04 18:15,2203
2020-01-04 18:20,2188
2020-01-04 18:25,2194
2020-01-04 18:30,2213
2020-01-04 18:35,2230
2020-01-04 18:40,2222
2020-01-04 18:45,2226
2020-01-04 18:50,2226
2020-01-04 18:55,2220
2020-01-04 19:00,2193
2020-01-04 19:05,2216
2020-01-04 19:10,2214
2020-01-04 19:15,2203
2020-01-04 19:20,2218
2020-01-04 19:25,2203
2020-01-04 19:30,2210
2020-01-04 19:35,2201
2020-01-04 19:40,2195
2020-01-04 19:45,2219
2020-01-04 19:50,2228
2020-01-04 19:55,2243
2020-01-04 20:00,2259
2020-01-04 20:05,2245
2020-01-04 20:10,2252
2020-01-04 20:15,2256
2020-01-04 20:20,2251
2020-01-04 20:25,2253
2020-01-04 20:30,2271
2020-01-04 20:35,2291
2020-01-04 20:40,2292
2020-01-04 20:45,2282
2020-01-04 20:50,2297
2020-01-04 20:55,2287
2020-01-04 21:00,2259
2020-01-04 21:05,2253
2020-01-04 21:10,2241
2020-01-04 21:15,2248
2020-01-04 21:20,2228
2020-01-04 21:25,2214
2020-01-04 21:30,2205
2020-01-04 21:35,2205
2020-01-04 21:40,2190
2020-01-04 21:45,2204
2020-01-04 21:50,2222
2020-01-04 21:55,2217
2020-01-04 22:00,2209
2020-01-04 22:05,2220
2020-01-04 22:10,2217
2020-01-04 22:15,2221
2020-01-04 22:20,2201
2020-01-04 22:25,2187
2020-01-04 22:30,2172
2020-01-04 22:35,2139
2020-01-04 22:40,2118
2020-01-04 22:45,2110
2020-01-04 22:50,2079
2020-01-04 22:55,2069
2020-01-04 23:00,2055
2020-01-04 23:05,2038
2020-01-04 23:10,2018
2020-01-04 23:15,2018
2020-01-04 23:20,1982
2020-01-04 23:25,1975
2020-01-04 23:30,1942
2020-01-04 23:35,1932
2020-01-04 23:40,1925
2020-01-04 23:45,1912
2020-01-04 23:50,1887
2020-01-04 23:55,1869
2020-01-05 00:00,1854
2020-01-05 00:05,1825
2020-01-05 00:10,1822
2020-01-05 00:15,1821
2020-01-05 00:20,1793
2020-01-05 00:25,1793
2020-01-05 00:30,1774
2020-01-05 00:35,1763
2020-01-05 00:40,1754
2020-01-05 00:45,1738
2020-01-05 00:50,1729
2020-01-05 00:55,1714
2020-01-05 01:00,1689
2020-01-05 01:05,1650
2020-01-05 01:10,1634
2020-01-05 01:15,1613
2020-01-05 01:20,1622
2020-01-05 01:25,1635
2020-01-05 01:30,1621
2020-01-05 01:35,1601
2020-01-05 01:40,1583
2020-01-05 01:45,1567
2020-01-05 01:50,1555
2020-01-05 01:55,1548
2020-01-05 02:00,1528
2020-01-05 02:05,1515
2020-01-05 02:10,1508
2020-01-05 02:15,1490
2020-01-05 02:20,1481
2020-01-05 02:25,1468
2020-01-05 02:30,1475
2020-01-05 02:35,1470
2020-01-05 02:40,1450
2020-01-05 02:45,1442
2020-01-05 02:50,1429
2020-01-05 02:55,1406
2020-01-05 03:00,1401
2020-01-05 03:05,1390
2020-01-05 03:10,1393
2020-01-05 03:15,1374
2020-01-05 03:20,1366
2020-01-05 03:25,1357
2020-01-05 03:30,1341
2020-01-05 03:35,1326
2020-01-05 03:40,1320
2020-01-05 03:45,1333
2020-01-05 03:50,1318
2020-01-05 03:55,1308
2020-01-05 04:00,1288
2020-01-05 04:05,1275
2020-01-05 04:10,1268
2020-01-05 04:15,1252
2020-01-05 04:20,1253
2020-01-05 04:25,1261
2020-01-05 04:30,1264
2020-01-05 04:35,1259
2020-01-05 04:40,1257
2020-01-05 04:45,1258
2020-01-05 04:50,1251
2020-01-05 04:55,1244
2020-01-05 05:00,1231
2020-01-05 05:05,1216
2020-01-05 05:10,1214
2020-01-05 05:15,1185
2020-01-05 05:20,1187
2020-01-05 05:25,1180
2020-01-05 05:30,1172
2020-01-05 05:35,1155
2020-01-05 05:40,1158
2020-01-05 05:45,1155
2020-01-05 05:50,1148
2020-01-05 05:55,1138
2020-01-05 06:00,1120
2020-01-05 06:05,1121
2020-01-05 06:10,1099
2020-01-05 06:15,1086
2020-01-05 06:20,1083
2020-01-05 06:25,1089
2020-01-05 06:30,1089
2020-01-05 06:35,1084
2020-01-05 06:40,1089
2020-01-05 06:45,1085
2020-01-05 06:50,1067
2020-01-05 06:55,1058
2020-01-05 07:00,1064
2020-01-05 07:05,1067
2020-01-05 07:10,1063
2020-01-05 07:15,1069
2020-01-05 07:20,1060
2020-01-05 07:25,1059
2020-01-05 07:30,1053
2020-01-05 07:35,1059
2020-01-05 07:40,1072
2020-01-05 07:45,1072
2020-01-05 07:50,1075
2020-01-05 07:55,1075
2020-01-05 08:00,1063
2020-01-05 08:05,1065
2020-01-05 08:10,1054
2020-01-05 08:15,1048
2020-01-05 08:20,1052
2020-01-05 08:25,1044
2020-01-05 08:30,1037
2020-01-05 08:35,1051
2020-01-05 08:40,1070
2020-01-05 08:45,1065
2020-01-05 08:50,1080
2020-01-05 08:55,1107
2020-01-05 09:00,1125
2020-01-05 09:05,1126
2020-01-05 09:10,1132
2020-01-05 09:15,1122
2020-01-05 09:20,1113
2020-01-05 09:25,1113
2020-01-05 09:30,1130
2020-01-05 09:35,1127
2020-01-05 09:40,1144
2020-01-05 09:45,1167
2020-01-05 09:50,1177
2020-01-05 09:55,1201
2020-01-05 10:00,1219
2020-01-05 10:05,1240
2020-01-05 10:10,1259
2020-01-05 10:15,1286
2020-01-05 10:20,1313
2020-01-05 10:25,1326
2020-01-05 10:30,1340
2020-01-05 10:35,1361
2020-01-05 10:40,1368
2020-01-05 10:45,1405
2020-01-05 10:50,1409
2020-01-05 10:55,1430
2020-01-05 11:00,1435
2020-01-05 11:05,1444
2020-01-05 11:10,1455
2020-01-05 11:15,1449
2020-01-05 11:20,1451
2020-01-05 11:25,1462
2020-01-05 11:30,1478
2020-01-05 11:35,1482
2020-01-05 11:40,1470
2020-01-05 11:45,1500
2020-01-05 11:50,1506
2020-01-05 11:55,1519
2020-01-05 12:00,1530
2020-01-05 12:05,1540
2020-01-05 12:10,1563
2020-01-05 12:15,1548
2020-01-05 12:20,1550
2020-01-05 12:25,1554
2020-01-05 12:30,1577
2020-01-05 12:35,1588
2020-01-05 12:40,1620
2020-01-05 12:45,1615
2020-01-05 12:50,1611
2020-01-05 12:55,1628
2020-01-05 13:00,1637
2020-01-05 13:05,1649
2020-01-05 13:10,1706
2020-01-05 13:15,1715
2020-01-05 13:20,1729
2020-01-05 13:25,1717
2020-01-05 13:30,1738
2020-01-05 13:35,1737
2020-01-05 13:40,1741
2020-01-05 13:45,1754
2020-01-05 13:50,1759
2020-01-05 13:55,1792
2020-01-05 14:00,1778
2020-01-05 14:05,1798
2020-01-05 14:10,1822
2020-01-05 14:15,1823
2020-01-05 14:20,1822
2020-01-05 14:25,1845
2020-01-05 14:30,1882
2020-01-05 14:35,1886
2020-01-05 14:40,1911
2020-01-05 14:45,1938
2020-01-05 14:50,1957
2020-01-05 14:55,1960
2020-01-05 15:00,1969
2020-01-05 15:05,1961
2020-01-05 15:10,1983
2020-01-05 15:15,1998
2020-01-05 15:20,2002
2020-01-05 15:25,2024
2020-01-05 15:30,2044
2020-01-05 15:35,2041
2020-01-05 15:40,2040
2020-01-05 15:45,2050
2020-01-05 15:50,2066
2020-01-05 15:55,2068
2020-01-05 16:00,2074
2020-01-05 16:05,2086
2020-01-05 16:10,2120
2020-01-05 16:15,2122
2020-01-05 16:20,2138
2020-01-05 16:25,2132
2020-01-05 16:30,2138
2020-01-05 16:35,2148
2020-01-05 16:40,2144
2020-01-05 16:45,2138
2020-01-05 16:50,2146
2020-01-05 16:55,2143
2020-01-05 17:00,2145
2020-01-05 17:05,2147
2020-01-05 17:10,2153
2020-01-05 17:15,2161
2020-01-05 17:20,2182
2020-01-05 17:25,2190
2020-01-05 17:30,2203
2020-01-05 17:35,2211
2020-01-05 17:40,2229
2020-01-05 17:45,2229
2020-01-05 17:50,2225
2020-01-05 17:55,2229
2020-01-05 18:00,2262
2020-01-05 18:05,2245
2020-01-05 18:10,2256
2020-01-05 18:15,2297
2020-01-05 18:20,2311
2020-01-05 18:25,2321
2020-01-05 18:30,2321
2020-01-05 18:35,2325
2020-01-05 18:40,2343
2020-01-05 18:45,2344
2020-01-05 18:50,2333
2020-01-05 18:55,2334
2020-01-05 19:00,2341
2020-01-05 19:05,2328
2020-01-05 19:10,2358
2020-01-05 19:15,2337
2020-01-05 19:20,2351
2020-01-05 19:25,2346
2020-01-05 19:30,2365
2020-01-05 19:35,2370
2020-01-05 19:40,2370
2020-01-05 19:45,2377
2020-01-05 19:50,2383
2020-01-05 19:55,2366
2020-01-05 20:00,2380
2020-01-05 20:05,2389
2020-01-05 20:10,2373
2020-01-05 20:15,2366
2020-01-05 20:20,2378
2020-01-05 20:25,2394
2020-01-05 20:30,2386
2020-01-05 20:35,2397
2020-01-05 20:40,2355
2020-01-05 20:45,2342
2020-01-05 20:50,2330
2020-01-05 20:55,2323
2020-01-05 21:00,2301
2020-01-05 21:05,2269
2020-01-05 21:10,2249
2020-01-05 21:15,2222
2020-01-05 21:20,2209
2020-01-05 21:25,2197
2020-01-05 21:30,2211
2020-01-05 21:35,2190
2020-01-05 21:40,2185
2020-01-05 21:45,2177
2020-01-05 21:50,2156
2020-01-05 21:55,2147
2020-01-05 22:00,2117
2020-01-05 22:05,2086
2020-01-05 22:10,2085
2020-01-05 22:15,2048
2020-01-05 22:20,2022
2020-01-05 22:25,2019
2020-01-05 22:30,1993
2020-01-05 22:35,1982
2020-01-05 22:40,1993
2020-01-05 22:45,1983
2020-01-05 22:50,1938
2020-01-05 22:55,1930
2020-01-05 23:00,1910
2020-01-05 23:05,1883
2020-01-05 23:10,1882
2020-01-05 23:15,1882
2020-01-05 23:20,1842
2020-01-05 23:25,1841
2020-01-05 23:30,1806
2020-01-05 23:35,1790
2020-01-05 23:40,1780
2020-01-05 23:45,1758
2020-01-05 23:50,1753
2020-01-05 23:55,1742
2020-01-06 00:00,1718
2020-01-06 00:05,1696
2020-01-06 00:10,1702
2020-01-06 00:15,1692
2020-01-06 00:20,1678
2020-01-06 00:25,1667
2020-01-06 00:30,1658
2020-01-06 00:35,1641
2020-01-06 00:40,1626
2020-01-06 00:45,1610
2020-01-06 00:50,1598
2020-01-06 00:55,1579
2020-01-06 01:00,1568
2020-01-06 01:05,1566
2020-01-06 01:10,1552
2020-01-06 01:15,1558
2020-01-06 01:20,1540
2020-01-06 01:25,1536
2020-01-06 01:30,1531
2020-01-06 01:35,1530
2020-01-06 01:40,1540
2020-01-06 01:45,1541
2020-01-06 01:50,1537
2020-01-06 01:55,1524
2020-01-06 02:00,1494
2020-01-06 02:05,1503
2020-01-06 02:10,1519
2020-01-06 02:15,1508
2020-01-06 02:20,1485
2020-01-06 02:25,1476
2020-01-06 02:30,1480
2020-01-06 02:35,1461
2020-01-06 02:40,1451
2020-01-06 02:45,1444
2020-01-06 02:50,1443
2020-01-06 02:55,1427
2020-01-06 03:00,1403
2020-01-06 03:05,1365
2020-01-06 03:10,1352
2020-01-06 03:15,1312
2020-01-06 03:20,1297
2020-01-06 03:25,1302
2020-01-06 03:30,1289
2020-01-06 03:35,1283
2020-01-06 03:40,1267
2020-01-06 03:45,1270
2020-01-06 03:50,1246
2020-01-06 03:55,1244
2020-01-06 04:00,1217
2020-01-06 04:05,1203
2020-01-06 04:10,1199
2020-01-06 04:15,1176
2020-01-06 04:20,1168
2020-01-06 04:25,1163
2020-01-06 04:30,1151
2020-01-06 04:35,1145
2020-01-06 04:40,1113
2020-01-06 04:45,1106
2020-01-06 04:50,1094
2020-01-06 04:55,1083
2020-01-06 05:00,1074
2020-01-06 05:05,1048
2020-01-06 05:10,1029
2020-01-06 05:15,1020
2020-01-06 05:20,1012
2020-01-06 05:25,1016
2020-01-06 05:30,990
2020-01-06 05:35,989
2020-01-06 05:40,982
2020-01-06 05:45,947
2020-01-06 05:50,943
2020-01-06 05:55,938
2020-01-06 06:00,923
2020-01-06 06:05,920
2020-01-06 06:10,912
2020-01-06 06:15,884
2020-01-06 06:20,878
2020-01-06 06:25,858
2020-01-06 06:30,852
2020-01-06 06:35,858
2020-01-06 06:40,851
2020-01-06 06:45,853
2020-01-06 06:50,851
2020-01-06 06:55,852
2020-01-06 07:00,853
2020-01-06 07:05,840
2020-01-06 07:10,835
2020-01-06 07:15,836
2020-01-06 07:20,840
2020-01-06 07:25,839
2020-01-06 07:30,843
2020-01-06 07:35,848
2020-01-06 07:40,861
2020-01-06 07:45,851
2020-01-06 07:50,849
2020-01-06 07:55,850
2020-01-06 08:00,854
2020-01-06 08:05,852
2020-01-06 08:10,864
2020-01-06 08:15,877
2020-01-06 08:20,892
2020-01-06 08:25,906
2020-01-06 08:30,908
2020-01-06 08:35,919
2020-01-06 08:40,921
2020-01-06 08:45,936
2020-01-06 08:50,949
2020-01-06 08:55,949
2020-01-06 09:00,955
2020-01-06 09:05,962
2020-01-06 09:10,971
2020-01-06 09:15,987
2020-01-06 09:20,1003
2020-01-06 09:25,998
2020-01-06 09:30,1013
2020-01-06 09:35,1028
2020-01-06 09:40,1055
2020-01-06 09:45,1057
2020-01-06 09:50,1066
2020-01-06 09:55,1080
2020-01-06 10:00,1115
2020-01-06 10:05,1136
2020-01-06 10:10,1142
2020-01-06 10:15,1160
2020-01-06 10:20,1189
2020-01-06 10:25,1179
2020-01-06 10:30,1225
2020-01-06 10:35,1231
2020-01-06 10:40,1218
2020-01-06 10:45,1239
2020-01-06 10:50,1257
2020-01-06 10:55,1257
2020-01-06 11:00,1262
2020-01-06 11:05,1276
2020-01-06 11:10,1288
2020-01-06 11:15,1294
2020-01-06 11:20,1301
2020-01-06 11:25,1312
2020-01-06 11:30,1303
2020-01-06 11:35,1318
2020-01-06 11:40,1315
2020-01-06 11:45,1315
2020-01-06 11:50,1327
2020-01-06 11:55,1353
2020-01-06 12:00,1369
2020-01-06 12:05,1379
2020-01-06 12:10,1382
2020-01-06 12:15,1381
2020-01-06 12:20,1386
2020-01-06 12:25,1387
2020-01-06 12:30,1396
2020-01-06 12:35,1407
2020-01-06 12:40,1423
2020-01-06 12:45,1417
2020-01-06 12:50,1431
2020-01-06 12:55,1461
2020-01-06 13:00,1453
2020-01-06 13:05,1472
2020-01-06 13:10,1483
2020-01-06 13:15,1495
2020-01-06 13:20,1490
2020-01-06 13:25,1505
2020-01-06 13:30,1524
2020-01-06 13:35,1542
2020-01-06 13:40,1556
2020-01-06 13:45,1561
2020-01-06 13:50,1544
2020-01-06 13:55,1531
2020-01-06 14:00,1539
2020-01-06 14:05,1549
2020-01-06 14:10,1557
2020-01-06 14:15,1540
2020-01-06 14:20,1580
2020-01-06 14:25,1587
2020-01-06 14:30,1609
2020-01-06 14:35,1616
2020-01-06 14:40,1635
2020-01-06 14:45,1629
2020-01-06 14:50,1657
2020-01-06 14:55,1652
2020-01-06 15:00,1662
2020-01-06 15:05,1671
2020-01-06 15:10,1682
2020-01-06 15:15,1686
2020-01-06 15:20,1701
2020-01-06 15:25,1697
2020-01-06 15:30,1721
2020-01-06 15:35,1733
2020-01-06 15:40,1747
2020-01-06 15:45,1765
2020-01-06 15:50,1754
2020-01-06 15:55,1757
2020-01-06 16:00,1769
2020-01-06 16:05,1761
2020-01-06 16:10,1772
2020-01-06 16:15,1782
2020-01-06 16:20,1796
2020-01-06 16:25,1814
2020-01-06 16:30,1800
2020-01-06 16:35,1810
2020-01-06 16:40,1817
2020-01-06 16:45,1838
2020-01-06 16:50,1856
2020-01-06 16:55,1842
2020-01-06 17:00,1859
2020-01-06 17:05,1873
2020-01-06 17:10,1882
2020-01-06 17:15,1898
2020-01-06 17:20,1898
2020-01-06 17:25,1901
2020-01-06 17:30,1904
2020-01-06 17:35,1890
2020-01-06 17:40,1866
2020-01-06 17:45,1889
2020-01-06 17:50,1899
2020-01-06 17:55,1902
2020-01-06 18:00,1939
2020-01-06 18:05,1926
2020-01-06 18:10,1911
2020-01-06 18:15,1911
2020-01-06 18:20,1922
2020-01-06 18:25,1964
2020-01-06 18:30,1992
2020-01-06 18:35,2011
2020-01-06 18:40,2041
2020-01-06 18:45,2050
2020-01-06 18:50,2048
2020-01-06 18:55,2051
2020-01-06 19:00,2033
2020-01-06 19:05,2028
2020-01-06 19:10,2014
2020-01-06 19:15,2022
2020-01-06 19:20,2028
2020-01-06 19:25,2012
2020-01-06 19:30,2013
2020-01-06 19:35,2026
2020-01-06 19:40,2009
2020-01-06 19:45,2024
2020-01-06 19:50,2020
2020-01-06 19:55,2007
2020-01-06 20:00,2020
2020-01-06 20:05,2024
2020-01-06 20:10,2037
2020-01-06 20:15,2025
2020-01-06 20:20,2013
2020-01-06 20:25,2002
2020-01-06 20:30,1999
2020-01-06 20:35,1996
2020-01-06 20:40,1977
2020-01-06 20:45,1966
2020-01-06 20:50,1965
2020-01-06 20:55,1968
2020-01-06 21:00,1955
2020-01-06 21:05,1953
2020-01-06 21:10,1930
2020-01-06 21:15,1918
2020-01-06 21:20,1915
2020-01-06 21:25,1915
2020-01-06 21:30,1917
2020-01-06 21:35,1915
2020-01-06 21:40,1891
2020-01-06 21:45,1884
2020-01-06 21:50,1869
2020-01-06 21:55,1863
2020-01-06 22:00,1852
2020-01-06 22:05,1818
2020-01-06 22:10,1800
2020-01-06 22:15,1762
2020-01-06 22:20,1760
2020-01-06 22:25,1751
2020-01-06 22:30,1725
2020-01-06 22:35,1710
2020-01-06 22:40,1680
2020-01-06 22:45,1673
2020-01-06 22:50,1670
2020-01-06 22:55,1673
2020-01-06 23:00,1659
2020-01-06 23:05,1663
2020-01-06 23:10,1663
2020-01-06 23:15,1636
2020-01-06 23:20,1627
2020-01-06 23:25,1624
2020-01-06 23:30,1595
2020-01-06 23:35,1560
2020-01-06 23:40,1548
2020-01-06 23:45,1545
2020-01-06 23:50,1534
2020-01-06 23:55,1532
2020-01-07 00:00,1518
2020-01-07 00:05,1497
2020-01-07 00:10,1517
2020-01-07 00:15,1533
2020-01-07 00:20,1509
2020-01-07 00:25,1501
2020-01-07 00:30,1471
2020-01-07 00:35,1463
2020-01-07 00:40,1452
2020-01-07 00:45,1442
2020-01-07 00:50,1441
2020-01-07 00:55,1432
2020-01-07 01:00,1409
2020-01-07 01:05,1415
2020-01-07 01:10,1400
2020-01-07 01:15,1384
2020-01-07 01:20,1383
2020-01-07 01:25,1380
2020-01-07 01:30,1369
2020-01-07 01:35,1378
2020-01-07 01:40,1345
2020-01-07 01:45,1341
2020-01-07 01:50,1343
2020-01-07 01:55,1346
2020-01-07 02:00,1335
2020-01-07 02:05,1326
2020-01-07 02:10,1332
2020-01-07 02:15,1341
2020-01-07 02:20,1333
2020-01-07 02:25,1323
2020-01-07 02:30,1314
2020-01-07 02:35,1312
2020-01-07 02:40,1300
2020-01-07 02:45,1288
2020-01-07 02:50,1291
2020-01-07 02:55,1281
2020-01-07 03:00,1267
2020-01-07 03:05,1267
2020-01-07 03:10,1246
2020-01-07 03:15,1225
2020-01-07 03:20,1207
2020-01-07 03:25,1203
2020-01-07 03:30,1182
2020-01-07 03:35,1178
2020-01-07 03:40,1170
2020-01-07 03:45,1178
2020-01-07 03:50,1164
2020-01-07 03:55,1175
2020-01-07 04:00,1140
2020-01-07 04:05,1140
2020-01-07 04:10,1132
2020-01-07 04:15,1108
2020-01-07 04:20,1105
2020-01-07 04:25,1072
2020-01-07 04:30,1057
2020-01-07 04:35,1050
2020-01-07 04:40,1036
2020-01-07 04:45,1036
2020-01-07 04:50,1009
2020-01-07 04:55,1008
2020-01-07 05:00,1002
2020-01-07 05:05,999
2020-01-07 05:10,988
2020-01-07 05:15,958
2020-01-07 05:20,955
2020-01-07 05:25,937
2020-01-07 05:30,925
2020-01-07 05:35,908
2020-01-07 05:40,892
2020-01-07 05:45,891
2020-01-07 05:50,875
2020-01-07 05:55,865
2020-01-07 06:00,875
2020-01-07 06:05,879
2020-01-07 06:10,866
2020-01-07 06:15,848
2020-01-07 06:20,836
2020-01-07 06:25,836
2020-01-07 06:30,815
2020-01-07 06:35,811
2020-01-07 06:40,824
2020-01-07 06:45,821
2020-01-07 06:50,824
2020-01-07 06:55,827
2020-01-07 07:00,820
2020-01-07 07:05,823
2020-01-07 07:10,825
2020-01-07 07:15,801
2020-01-07 07:20,806
2020-01-07 07:25,808
2020-01-07 07:30,811
2020-01-07 07:35,815
2020-01-07 07:40,833
2020-01-07 07:45,833
2020-01-07 07:50,826
2020-01-07 07:55,826
2020-01-07 08:00,831
2020-01-07 08:05,833
2020-01-07 08:10,829
2020-01-07 08:15,847
2020-01-07 08:20,849
2020-01-07 08:25,871
2020-01-07 08:30,882
2020-01-07 08:35,888
2020-01-07 08:40,891
2020-01-07 08:45,897
2020-01-07 08:50,906
2020-01-07 08:55,908
2020-01-07 09:00,903
2020-01-07 09:05,897
2020-01-07 09:10,890
2020-01-07 09:15,873
2020-01-07 09:20,886
2020-01-07 09:25,890
2020-01-07 09:30,899
2020-01-07 09:35,900
2020-01-07 09:40,932
2020-01-07 09:45,955
2020-01-07 09:50,968
2020-01-07 09:55,979
2020-01-07 10:00,992
2020-01-07 10:05,1011
2020-01-07 10:10,1020
2020-01-07 10:15,1039
2020-01-07 10:20,1059
2020-01-07 10:25,1069
2020-01-07 10:30,1073
2020-01-07 10:35,1085
2020-01-07 10:40,1089
2020-01-07 10:45,1086
2020-01-07 10:50,1097
2020-01-07 10:55,1105
2020-01-07 11:00,1117
2020-01-07 11:05,1116
2020-01-07 11:10,1137
2020-01-07 11:15,1142
2020-01-07 11:20,1134
2020-01-07 11:25,1154
2020-01-07 11:30,1155
2020-01-07 11:35,1142
2020-01-07 11:40,1155
2020-01-07 11:45,1167
2020-01-07 11:50,1181
2020-01-07 11:55,1179
2020-01-07 12:00,1193
2020-01-07 12:05,1198
2020-01-07 12:10,1208
2020-01-07 12:15,1209
2020-01-07 12:20,1201
2020-01-07 12:25,1216
2020-01-07 12:30,1230
2020-01-07 12:35,1221
2020-01-07 12:40,1231
2020-01-07 12:45,1250
2020-01-07 12:50,1262
2020-01-07 12:55,1260
2020-01-07 13:00,1273
2020-01-07 13:05,1275
2020-01-07 13:10,1282
2020-01-07 13:15,1298
2020-01-07 13:20,1325
2020-01-07 13:25,1325
2020-01-07 13:30,1336
2020-01-07 13:35,1362
2020-01-07 13:40,1377
2020-01-07 13:45,1364
2020-01-07 13:50,1382
2020-01-07 13:55,1385
2020-01-07 14:00,1370
2020-01-07 14:05,1408
2020-01-07 14:10,1413
2020-01-07 14:15,1433
2020-01-07 14:20,1453
2020-01-07 14:25,1462
2020-01-07 14:30,1469
2020-01-07 14:35,1501
2020-01-07 14:40,1492
2020-01-07 14:45,1503
2020-01-07 14:50,1518
2020-01-07 14:55,1502
2020-01-07 15:00,1508
2020-01-07 15:05,1514
2020-01-07 15:10,1531
2020-01-07 15:15,1523
2020-01-07 15:20,1539
2020-01-07 15:25,1547
2020-01-07 15:30,1555
2020-01-07 15:35,1584
2020-01-07 15:40,1579
2020-01-07 15:45,1585
2020-01-07 15:50,1597
2020-01-07 15:55,1619
2020-01-07 16:00,1642
2020-01-07 16:05,1650
2020-01-07 16:10,1685
2020-01-07 16:15,1684
2020-01-07 16:20,1674
2020-01-07 16:25,1685
2020-01-07 16:30,1699
2020-01-07 16:35,1711
2020-01-07 16:40,1712
2020-01-07 16:45,1736
2020-01-07 16:50,1756
2020-01-07 16:55,1756
2020-01-07 17:00,1754
2020-01-07 17:05,1762
2020-01-07 17:10,1797
2020-01-07 17:15,1810
2020-01-07 17:20,1810
2020-01-07 17:25,1819
2020-01-07 17:30,1821
2020-01-07 17:35,1840
2020-01-07 17:40,1863
2020-01-07 17:45,1892
2020-01-07 17:50,1939
2020-01-07 17:55,1933
2020-01-07 18:00,1940
2020-01-07 18:05,1943
2020-01-07 18:10,1951
2020-01-07 18:15,1975
2020-01-07 18:20,1962
2020-01-07 18:25,1958
2020-01-07 18:30,1972
2020-01-07 18:35,1979
2020-01-07 18:40,1991
2020-01-07 18:45,1991
2020-01-07 18:50,1994
2020-01-07 18:55,2007
2020-01-07 19:00,2015
2020-01-07 19:05,2006
2020-01-07 19:10,2032
2020-01-07 19:15,2034
2020-01-07 19:20,2018
2020-01-07 19:25,2014
2020-01-07 19:30,2000
2020-01-07 19:35,1982
2020-01-07 19:40,1966
2020-01-07 19:45,1974
2020-01-07 19:50,1968
2020-01-07 19:55,2003
2020-01-07 20:00,1988
2020-01-07 20:05,1993
2020-01-07 20:10,1994
2020-01-07 20:15,2007
2020-01-07 20:20,2015
2020-01-07 20:25,2019
2020-01-07 20:30,2023
2020-01-07 20:35,2021
2020-01-07 20:40,2030
2020-01-07 20:45,2046
2020-01-07 20:50,2038
2020-01-07 20:55,2002
2020-01-07 21:00,1971
2020-01-07 21:05,1955
2020-01-07 21:10,1929
2020-01-07 21:15,1921
2020-01-07 21:20,1908
2020-01-07 21:25,1879
2020-01-07 21:30,1859
2020-01-07 21:35,1842
2020-01-07 21:40,1823
2020-01-07 21:45,1808
2020-01-07 21:50,1793
2020-01-07 21:55,1786
2020-01-07 22:00,1794
2020-01-07 22:05,1788
2020-01-07 22:10,1756
2020-01-07 22:15,1713
2020-01-07 22:20,1702
2020-01-07 22:25,1682
2020-01-07 22:30,1685
2020-01-07 22:35,1659
2020-01-07 22:40,1641
2020-01-07 22:45,1622
2020-01-07 22:50,1608
2020-01-07 22:55,1618
2020-01-07 23:00,1602
2020-01-07 23:05,1600
2020-01-07 23:10,1600
2020-01-07 23:15,1585
2020-01-07 23:20,1575
2020-01-07 23:25,1575
2020-01-07 23:30,1580
2020-01-07 23:35,1578
2020-01-07 23:40,1570
2020-01-07 23:45,1571
2020-01-07 23:50,1545
2020-01-07 23:55,1532
2020-01-08 00:00,1498
2020-01-08 00:05,1472
2020-01-08 00:10,1445
2020-01-08 00:15,1438
2020-01-08 00:20,1433
2020-01-08 00:25,1420
2020-01-08 00:30,1416
2020-01-08 00:35,1414
2020-01-08 00:40,
2020-01-08 00:45,
2020-01-08 00:50,
2020-01-08 00:55,1394
2020-01-08 01:00,1398
2020-01-08 01:05,1391
2020-01-08 01:10,1406
2020-01-08 01:15,1399
2020-01-08 01:20,1392
2020-01-08 01:25,1381
2020-01-08 01:30,1377
2020-01-08 01:35,1375
2020-01-08 01:40,1396
2020-01-08 01:45,1390
2020-01-08 01:50,1396
2020-01-08 01:55,1384
2020-01-08 02:00,1361
2020-01-08 02:05,1345
2020-01-08 02:10,1347
2020-01-08 02:15,1327
2020-01-08 02:20,1318
2020-01-08 02:25,1289
2020-01-08 02:30,1268
2020-01-08 02:35,1253
2020-01-08 02:40,1255
2020-01-08 02:45,1253
2020-01-08 02:50,1245
2020-01-08 02:55,1238
2020-01-08 03:00,1229
2020-01-08 03:05,1211
2020-01-08 03:10,1218
2020-01-08 03:15,1194
2020-01-08 03:20,1197
2020-01-08 03:25,1190
2020-01-08 03:30,1180
2020-01-08 03:35,1173
2020-01-08 03:40,1172
2020-01-08 03:45,1171
2020-01-08 03:50,1164
2020-01-08 03:55,1137
2020-01-08 04:00,1122
2020-01-08 04:05,1102
2020-01-08 04:10,1089
2020-01-08 04:15,1088
2020-01-08 04:20,1064
2020-01-08 04:25,1042
2020-01-08 04:30,1041
2020-01-08 04:35,1022
2020-01-08 04:40,1003
2020-01-08 04:45,986
2020-01-08 04:50,968
2020-01-08 04:55,950
2020-01-08 05:00,938
2020-01-08 05:05,937
2020-01-08 05:10,917
2020-01-08 05:15,916
2020-01-08 05:20,917
2020-01-08 05:25,902
2020-01-08 05:30,905
2020-01-08 05:35,898
2020-01-08 05:40,905
2020-01-08 05:45,908
2020-01-08 05:50,910
2020-01-08 05:55,885
2020-01-08 06:00,920
2020-01-08 06:05,913
2020-01-08 06:10,902
2020-01-08 06:15,897
2020-01-08 06:20,898
2020-01-08 06:25,905
2020-01-08 06:30,892
2020-01-08 06:35,887
2020-01-08 06:40,878
2020-01-08 06:45,882
2020-01-08 06:50,884
2020-01-08 06:55,882
2020-01-08 07:00,872
2020-01-08 07:05,852
2020-01-08 07:10,857
2020-01-08 07:15,851
2020-01-08 07:20,854
2020-01-08 07:25,845
2020-01-08 07:30,850
2020-01-08 07:35,856
2020-01-08 07:40,866
2020-01-08 07:45,857
2020-01-08 07:50,850
2020-01-08 07:55,861
2020-01-08 08:00,856
2020-01-08 08:05,872
2020-01-08 08:10,880
2020-01-08 08:15,881
2020-01-08 08:20,877
2020-01-08 08:25,877
2020-01-08 08:30,862
2020-01-08 08:35,881
2020-01-08 08:40,887
2020-01-08 08:45,894
2020-01-08 08:50,905
2020-01-08 08:55,922
2020-01-08 09:00,928
2020-01-08 09:05,932
2020-01-08 09:10,944
2020-01-08 09:15,956
2020-01-08 09:20,956
2020-01-08 09:25,960
2020-01-08 09:30,980
2020-01-08 09:35,995
2020-01-08 09:40,1037
2020-01-08 09:45,1040
2020-01-08 09:50,1050
2020-01-08 09:55,1048
2020-01-08 10:00,1049
2020-01-08 10:05,1074
2020-01-08 10:10,1098
2020-01-08 10:15,1116
2020-01-08 10:20,1106
2020-01-08 10:25,1113
2020-01-08 10:30,1134
2020-01-08 10:35,1148
2020-01-08 10:40,1142
2020-01-08 10:45,1150
2020-01-08 10:50,1164
2020-01-08 10:55,1152
2020-01-08 11:00,1164
2020-01-08 11:05,1167
2020-01-08 11:10,1172
2020-01-08 11:15,1195
2020-01-08 11:20,1222
2020-01-08 11:25,1219
2020-01-08 11:30,1215
2020-01-08 11:35,1212
2020-01-08 11:40,1219
2020-01-08 11:45,1213
2020-01-08 11:50,1205
2020-01-08 11:55,1196
2020-01-08 12:00,1210
2020-01-08 12:05,1230
2020-01-08 12:10,1239
2020-01-08 12:15,1238
2020-01-08 12:20,1233
2020-01-08 12:25,1230
2020-01-08 12:30,1226
2020-01-08 12:35,1231
2020-01-08 12:40,1223
2020-01-08 12:45,1246
2020-01-08 12:50,1265
2020-01-08 12:55,1289
2020-01-08 13:00,1308
2020-01-08 13:05,1319
2020-01-08 13:10,1333
2020-01-08 13:15,1354
2020-01-08 13:20,1366
2020-01-08 13:25,1369
2020-01-08 13:30,1369
2020-01-08 13:35,1395
2020-01-08 13:40,1410
2020-01-08 13:45,1417
2020-01-08 13:50,1424
2020-01-08 13:55,1441
2020-01-08 14:00,1463
2020-01-08 14:05,1479
2020-01-08 14:10,1500
2020-01-08 14:15,1510
2020-01-08 14:20,1506
2020-01-08 14:25,1508
2020-01-08 14:30,1515
2020-01-08 14:35,1521
2020-01-08 14:40,1510
2020-01-08 14:45,1524
2020-01-08 14:50,1525
2020-01-08 14:55,1542
2020-01-08 15:00,1535
2020-01-08 15:05,1546
2020-01-08 15:10,1542
2020-01-08 15:15,1558
2020-01-08 15:20,1567
2020-01-08 15:25,1589
2020-01-08 15:30,1587
2020-01-08 15:35,1588
2020-01-08 15:40,1614
2020-01-08 15:45,1607
2020-01-08 15:50,1628
2020-01-08 15:55,1639
2020-01-08 16:00,1639
2020-01-08 16:05,1634
2020-01-08 16:10,1651
2020-01-08 16:15,1684
2020-01-08 16:20,1695
2020-01-08 16:25,1702
2020-01-08 16:30,1715
2020-01-08 16:35,1732
2020-01-08 16:40,1745
2020-01-08 16:45,1776
2020-01-08 16:50,1791
2020-01-08 16:55,1805
2020-01-08 17:00,1842
2020-01-08 17:05,1865
2020-01-08 17:10,1851
2020-01-08 17:15,1875
2020-01-08 17:20,1900
2020-01-08 17:25,1911
2020-01-08 17:30,1918
2020-01-08 17:35,1933
2020-01-08 17:40,1931
2020-01-08 17:45,1971
2020-01-08 17:50,1994
2020-01-08 17:55,1997
2020-01-08 18:00,2000
2020-01-08 18:05,2014
2020-01-08 18:10,2001
2020-01-08 18:15,2000
2020-01-08 18:20,2009
2020-01-08 18:25,1998
2020-01-08 18:30,2001
2020-01-08 18:35,1987
2020-01-08 18:40,1978
2020-01-08 18:45,1991
2020-01-08 18:50,1989
2020-01-08 18:55,1993
2020-01-08 19:00,1992
2020-01-08 19:05,2004
2020-01-08 19:10,2010
2020-01-08 19:15,0
2020-01-08 19:20,1995
2020-01-08 19:25,2003
2020-01-08 19:30,1989
2020-01-08 19:35,1980
2020-01-08 19:40,1992
2020-01-08 19:45,1982
2020-01-08 19:50,1977
2020-01-08 19:55,1974
2020-01-08 20:00,1997
2020-01-08 20:05,2014
2020-01-08 20:10,2018
2020-01-08 20:15,2005
2020-01-08 20:20,2009
2020-01-08 20:25,1989
2020-01-08 20:30,1990
2020-01-08 20:35,1982
2020-01-08 20:40,1956
2020-01-08 20:45,1936
2020-01-08 20:50,1914
2020-01-08 20:55,1910
2020-01-08 21:00,1894
2020-01-08 21:05,1882
2020-01-08 21:10,1870
2020-01-08 21:15,1855
2020-01-08 21:20,1837
2020-01-08 21:25,1842
2020-01-08 21:30,1810
2020-01-08 21:35,1788
2020-01-08 21:40,1765
2020-01-08 21:45,1738
2020-01-08 21:50,1714
2020-01-08 21:55,1710
2020-01-08 22:00,1698
2020-01-08 22:05,1692
2020-01-08 22:10,1667
2020-01-08 22:15,1663
2020-01-08 22:20,1650
2020-01-08 22:25,1634
2020-01-08 22:30,1637
2020-01-08 22:35,1627
2020-01-08 22:40,1615
2020-01-08 22:45,1611
2020-01-08 22:50,1593
2020-01-08 22:55,1595
2020-01-08 23:00,1573
2020-01-08 23:05,1552
2020-01-08 23:10,1541
2020-01-08 23:15,1540
2020-01-08 23:20,1537
2020-01-08 23:25,1528
2020-01-08 23:30,1536
2020-01-08 23:35,1526
2020-01-08 23:40,1512
2020-01-08 23:45,1511
2020-01-08 23:50,1504
2020-01-08 23:55,1503
2020-01-09 00:00,1477
2020-01-09 00:05,1470
2020-01-09 00:10,1458
2020-01-09 00:15,1442
2020-01-09 00:20,1416
2020-01-09 00:25,1412
2020-01-09 00:30,1399
2020-01-09 00:35,1372
2020-01-09 00:40,1367
2020-01-09 00:45,1372
2020-01-09 00:50,1372
2020-01-09 00:55,1345
2020-01-09 01:00,1351
2020-01-09 01:05,1352
2020-01-09 01:10,1344
2020-01-09 01:15,1347
2020-01-09 01:20,1362
2020-01-09 01:25,1361
2020-01-09 01:30,1338
2020-01-09 01:35,1314
2020-01-09 01:40,1305
2020-01-09 01:45,1298
2020-01-09 01:50,1287
2020-01-09 01:55,1285
2020-01-09 02:00,1271
2020-01-09 02:05,1269
2020-01-09 02:10,1277
2020-01-09 02:15,1255
2020-01-09 02:20,1241
2020-01-09 02:25,1230
2020-01-09 02:30,1218
2020-01-09 02:35,1215
2020-01-09 02:40,1226
2020-01-09 02:45,1226
2020-01-09 02:50,1215
2020-01-09 02:55,1211
2020-01-09 03:00,1217
2020-01-09 03:05,1191
2020-01-09 03:10,1170
2020-01-09 03:15,1153
2020-01-09 03:20,1151
2020-01-09 03:25,1130
2020-01-09 03:30,1125
2020-01-09 03:35,1126
2020-01-09 03:40,1123
2020-01-09 03:45,1109
2020-01-09 03:50,1086
2020-01-09 03:55,1081
2020-01-09 04:00,1076
2020-01-09 04:05,1058
2020-01-09 04:10,1055
2020-01-09 04:15,1034
2020-01-09 04:20,1028
2020-01-09 04:25,1038
2020-01-09 04:30,1036
2020-01-09 04:35,1034
2020-01-09 04:40,1012
2020-01-09 04:45,1006
2020-01-09 04:50,988
2020-01-09 04:55,987
2020-01-09 05:00,980
2020-01-09 05:05,959
2020-01-09 05:10,953
2020-01-09 05:15,953
2020-01-09 05:20,940
2020-01-09 05:25,939
2020-01-09 05:30,938
2020-01-09 05:35,922
2020-01-09 05:40,908
2020-01-09 05:45,897
2020-01-09 05:50,893
2020-01-09 05:55,882
2020-01-09 06:00,889
2020-01-09 06:05,885
2020-01-09 06:10,874
2020-01-09 06:15,859
2020-01-09 06:20,857
2020-01-09 06:25,859
2020-01-09 06:30,836
2020-01-09 06:35,844
2020-01-09 06:40,848
2020-01-09 06:45,845
2020-01-09 06:50,842
2020-01-09 06:55,843
2020-01-09 07:00,843
2020-01-09 07:05,838
2020-01-09 07:10,844
2020-01-09 07:15,835
2020-01-09 07:20,846
2020-01-09 07:25,840
2020-01-09 07:30,843
2020-01-09 07:35,845
2020-01-09 07:40,849
2020-01-09 07:45,847
2020-01-09 07:50,846
2020-01-09 07:55,847
2020-01-09 08:00,831
2020-01-09 08:05,824
2020-01-09 08:10,815
2020-01-09 08:15,820
2020-01-09 08:20,831
2020-01-09 08:25,838
2020-01-09 08:30,850
2020-01-09 08:35,852
2020-01-09 08:40,858
2020-01-09 08:45,847
2020-01-09 08:50,844
2020-01-09 08:55,844
2020-01-09 09:00,834
2020-01-09 09:05,835
2020-01-09 09:10,850
2020-01-09 09:15,844
2020-01-09 09:20,864
2020-01-09 09:25,879
2020-01-09 09:30,892
2020-01-09 09:35,900
2020-01-09 09:40,917
2020-01-09 09:45,921
2020-01-09 09:50,945
2020-01-09 09:55,955
2020-01-09 10:00,975
2020-01-09 10:05,1004
2020-01-09 10:10,1015
2020-01-09 10:15,1034
2020-01-09 10:20,1032
2020-01-09 10:25,1048
2020-01-09 10:30,1051
2020-01-09 10:35,1061
2020-01-09 10:40,1060
2020-01-09 10:45,1088
2020-01-09 10:50,1095
2020-01-09 10:55,1111
2020-01-09 11:00,1120
2020-01-09 11:05,1113
2020-01-09 11:10,1115
2020-01-09 11:15,1107
2020-01-09 11:20,1115
2020-01-09 11:25,1118
2020-01-09 11:30,1130
2020-01-09 11:35,1132
2020-01-09 11:40,1137
2020-01-09 11:45,1133
2020-01-09 11:50,1130
2020-01-09 11:55,1139
2020-01-09 12:00,1154
2020-01-09 12:05,1163
2020-01-09 12:10,1161
2020-01-09 12:15,1161
2020-01-09 12:20,1170
2020-01-09 12:25,1175
2020-01-09 12:30,1181
2020-01-09 12:35,1216
2020-01-09 12:40,1235
2020-01-09 12:45,1229
2020-01-09 12:50,1223
2020-01-09 12:55,1219
2020-01-09 13:00,1219
2020-01-09 13:05,1218
2020-01-09 13:10,1230
2020-01-09 13:15,1238
2020-01-09 13:20,1250
2020-01-09 13:25,1256
2020-01-09 13:30,1267
2020-01-09 13:35,1281
2020-01-09 13:40,1279
2020-01-09 13:45,1277
2020-01-09 13:50,1310
2020-01-09 13:55,1303
2020-01-09 14:00,1306
2020-01-09 14:05,1314
2020-01-09 14:10,1332
2020-01-09 14:15,1355
2020-01-09 14:20,1349
2020-01-09 14:25,1334
2020-01-09 14:30,1338
2020-01-09 14:35,1340
2020-01-09 14:40,1318
2020-01-09 14:45,1301
2020-01-09 14:50,1256
2020-01-09 14:55,1195
2020-01-09 15:00,1071
2020-01-09 15:05,793
2020-01-09 15:10,767
2020-01-09 15:15,767
2020-01-09 15:20,769
2020-01-09 15:25,775
2020-01-09 15:30,801
2020-01-09 15:35,812
2020-01-09 15:40,827
2020-01-09 15:45,828
2020-01-09 15:50,849
2020-01-09 15:55,866
2020-01-09 16:00,866
2020-01-09 16:05,894
2020-01-09 16:10,909
2020-01-09 16:15,935
2020-01-09 16:20,1013
2020-01-09 16:25,1077
2020-01-09 16:30,1166
2020-01-09 16:35,1256
2020-01-09 16:40,1312
2020-01-09 16:45,1381
2020-01-09 16:50,1446
2020-01-09 16:55,1516
2020-01-09 17:00,1553
2020-01-09 17:05,1617
2020-01-09 17:10,1688
2020-01-09 17:15,1754
2020-01-09 17:20,1811
2020-01-09 17:25,1854
2020-01-09 17:30,1885
2020-01-09 17:35,1927
2020-01-09 17:40,1942
2020-01-09 17:45,1976
2020-01-09 17:50,1985
2020-01-09 17:55,2014
2020-01-09 18:00,2021
2020-01-09 18:05,2015
2020-01-09 18:10,2009
2020-01-09 18:15,1994
2020-01-09 18:20,2031
2020-01-09 18:25,2057
2020-01-09 18:30,2067
2020-01-09 18:35,2062
2020-01-09 18:40,2056
2020-01-09 18:45,2077
2020-01-09 18:50,2077
2020-01-09 18:55,2085
2020-01-09 19:00,2099
2020-01-09 19:05,2093
2020-01-09 19:10,2073
2020-01-09 19:15,2091
2020-01-09 19:20,2076
2020-01-09 19:25,2069
2020-01-09 19:30,2039
2020-01-09 19:35,2025
2020-01-09 19:40,2029
2020-01-09 19:45,2021
2020-01-09 19:50,2026
2020-01-09 19:55,2029
2020-01-09 20:00,2024
2020-01-09 20:05,2036
2020-01-09 20:10,2040
2020-01-09 20:15,2014
2020-01-09 20:20,2031
2020-01-09 20:25,2026
2020-01-09 20:30,2043
2020-01-09 20:35,2050
2020-01-09 20:40,2027
2020-01-09 20:45,2035
2020-01-09 20:50,2037
2020-01-09 20:55,2023
2020-01-09 21:00,2017
2020-01-09 21:05,1991
2020-01-09 21:10,1987
2020-01-09 21:15,1989
2020-01-09 21:20,1967
2020-01-09 21:25,1929
2020-01-09 21:30,1927
2020-01-09 21:35,1903
2020-01-09 21:40,1916
2020-01-09 21:45,1876
2020-01-09 21:50,1863
2020-01-09 21:55,1857
2020-01-09 22:00,1833
2020-01-09 22:05,1796
2020-01-09 22:10,1796
2020-01-09 22:15,1767
2020-01-09 22:20,1764
2020-01-09 22:25,1747
2020-01-09 22:30,1732
2020-01-09 22:35,1712
2020-01-09 22:40,1683
2020-01-09 22:45,1681
2020-01-09 22:50,1665
2020-01-09 22:55,1667
2020-01-09 23:00,1626
2020-01-09 23:05,1600
2020-01-09 23:10,1583
2020-01-09 23:15,1581
2020-01-09 23:20,1578
2020-01-09 23:25,1573
2020-01-09 23:30,1562
2020-01-09 23:35,1549
2020-01-09 23:40,1536
2020-01-09 23:45,1538
2020-01-09 23:50,1548
2020-01-09 23:55,1536
2020-01-10 00:00,1524
2020-01-10 00:05,1495
2020-01-10 00:10,1491
2020-01-10 00:15,1481
2020-01-10 00:20,1483
2020-01-10 00:25,1480
2020-01-10 00:30,1466
2020-01-10 00:35,1441
2020-01-10 00:40,1436
2020-01-10 00:45,1427
2020-01-10 00:50,1398
2020-01-10 00:55,1387
2020-01-10 01:00,1368
2020-01-10 01:05,1318
2020-01-10 01:10,1324
2020-01-10 01:15,1317
2020-01-10 01:20,1314
2020-01-10 01:25,1290
2020-01-10 01:30,1288
2020-01-10 01:35,1285
2020-01-10 01:40,1281
2020-01-10 01:45,1279
2020-01-10 01:50,1274
2020-01-10 01:55,1268
2020-01-10 02:00,1271
2020-01-10 02:05,1260
2020-01-10 02:10,1252
2020-01-10 02:15,1246
2020-01-10 02:20,1258
2020-01-10 02:25,1239
2020-01-10 02:30,1245
2020-01-10 02:35,
2020-01-10 02:40,
2020-01-10 02:45,
2020-01-10 02:50,1218
2020-01-10 02:55,1209
2020-01-10 03:00,1212
2020-01-10 03:05,1200
2020-01-10 03:10,1189
2020-01-10 03:15,1192
2020-01-10 03:20,1193
2020-01-10 03:25,1180
2020-01-10 03:30,1186
2020-01-10 03:35,1172
2020-01-10 03:40,1163
2020-01-10 03:45,1158
2020-01-10 03:50,1153
2020-01-10 03:55,1146
2020-01-10 04:00,1147
2020-01-10 04:05,1122
2020-01-10 04:10,1112
2020-01-10 04:15,1110
2020-01-10 04:20,1097
2020-01-10 04:25,1088
2020-01-10 04:30,1074
2020-01-10 04:35,1058
2020-01-10 04:40,1048
2020-01-10 04:45,1030
2020-01-10 04:50,1014
2020-01-10 04:55,1000
2020-01-10 05:00,1004
2020-01-10 05:05,979
2020-01-10 05:10,972
2020-01-10 05:15,955
2020-01-10 05:20,955
2020-01-10 05:25,943
2020-01-10 05:30,933
2020-01-10 05:35,934
2020-01-10 05:40,934
2020-01-10 05:45,917
2020-01-10 05:50,919
2020-01-10 05:55,907
2020-01-10 06:00,908
2020-01-10 06:05,906
2020-01-10 06:10,896
2020-01-10 06:15,905
2020-01-10 06:20,893
2020-01-10 06:25,892
2020-01-10 06:30,883
2020-01-10 06:35,880
2020-01-10 06:40,871
2020-01-10 06:45,866
2020-01-10 06:50,863
2020-01-10 06:55,842
2020-01-10 07:00,837
2020-01-10 07:05,842
2020-01-10 07:10,831
2020-01-10 07:15,825
2020-01-10 07:20,830
2020-01-10 07:25,837
2020-01-10 07:30,826
2020-01-10 07:35,816
2020-01-10 07:40,818
2020-01-10 07:45,829
2020-01-10 07:50,829
2020-01-10 07:55,835
2020-01-10 08:00,854
2020-01-10 08:05,870
2020-01-10 08:10,871
2020-01-10 08:15,856
2020-01-10 08:20,854
2020-01-10 08:25,848
2020-01-10 08:30,835
2020-01-10 08:35,836
2020-01-10 08:40,841
2020-01-10 08:45,831
2020-01-10 08:50,837
2020-01-10 08:55,837
2020-01-10 09:00,848
2020-01-10 09:05,857
2020-01-10 09:10,851
2020-01-10 09:15,877
2020-01-10 09:20,895
2020-01-10 09:25,891
2020-01-10 09:30,907
2020-01-10 09:35,912
2020-01-10 09:40,915
2020-01-10 09:45,915
2020-01-10 09:50,916
2020-01-10 09:55,938
2020-01-10 10:00,962
2020-01-10 10:05,988
2020-01-10 10:10,1005
2020-01-10 10:15,1035
2020-01-10 10:20,1046
2020-01-10 10:25,1050
2020-01-10 10:30,1062
2020-01-10 10:35,1059
2020-01-10 10:40,1073
2020-01-10 10:45,1082
2020-01-10 10:50,1079
2020-01-10 10:55,1100
2020-01-10 11:00,1097
2020-01-10 11:05,1101
2020-01-10 11:10,1103
2020-01-10 11:15,1089
2020-01-10 11:20,1097
2020-01-10 11:25,1100
2020-01-10 11:30,1122
2020-01-10 11:35,1133
2020-01-10 11:40,1133
2020-01-10 11:45,1148
2020-01-10 11:50,1156
2020-01-10 11:55,1166
2020-01-10 12:00,1173
2020-01-10 12:05,1169
2020-01-10 12:10,1174
2020-01-10 12:15,1171
2020-01-10 12:20,1181
2020-01-10 12:25,1192
2020-01-10 12:30,1188
2020-01-10 12:35,1191
2020-01-10 12:40,1218
2020-01-10 12:45,1245
2020-01-10 12:50,1269
2020-01-10 12:55,1286
2020-01-10 13:00,1268
2020-01-10 13:05,1282
2020-01-10 13:10,1272
2020-01-10 13:15,1268
2020-01-10 13:20,1266
2020-01-10 13:25,1274
2020-01-10 13:30,1278
2020-01-10 13:35,1299
2020-01-10 13:40,1300
2020-01-10 13:45,1317
2020-01-10 13:50,1315
2020-01-10 13:55,1343
2020-01-10 14:00,1353
2020-01-10 14:05,1358
2020-01-10 14:10,1379
2020-01-10 14:15,1402
2020-01-10 14:20,1408
2020-01-10 14:25,1415
2020-01-10 14:30,1432
2020-01-10 14:35,1450
2020-01-10 14:40,1469
2020-01-10 14:45,1482
2020-01-10 14:50,1482
2020-01-10 14:55,1494
2020-01-10 15:00,1515
2020-01-10 15:05,1523
2020-01-10 15:10,1523
2020-01-10 15:15,1523
2020-01-10 15:20,1524
2020-01-10 15:25,1559
2020-01-10 15:30,1562
2020-01-10 15:35,1606
2020-01-10 15:40,1618
2020-01-10 15:45,1627
2020-01-10 15:50,1640
2020-01-10 15:55,1650
2020-01-10 16:00,1647
2020-01-10 16:05,1640
2020-01-10 16:10,1673
2020-01-10 16:15,1687
2020-01-10 16:20,1704
2020-01-10 16:25,1708
2020-01-10 16:30,1729
2020-01-10 16:35,1745
2020-01-10 16:40,1763
2020-01-10 16:45,1766
2020-01-10 16:50,1784
2020-01-10 16:55,1798
2020-01-10 17:00,1802
2020-01-10 17:05,1828
2020-01-10 17:10,1831
2020-01-10 17:15,1846
2020-01-10 17:20,1871
2020-01-10 17:25,1922
2020-01-10 17:30,1911
2020-01-10 17:35,1917
2020-01-10 17:40,1933
2020-01-10 17:45,1968
2020-01-10 17:50,1973
2020-01-10 17:55,1978
2020-01-10 18:00,1968
2020-01-10 18:05,1982
2020-01-10 18:10,1968
2020-01-10 18:15,1980
2020-01-10 18:20,1982
2020-01-10 18:25,1987
2020-01-10 18:30,1999
2020-01-10 18:35,2015
2020-01-10 18:40,2007
2020-01-10 18:45,2049
2020-01-10 18:50,2062
2020-01-10 18:55,2078
2020-01-10 19:00,2054
2020-01-10 19:05,2063
2020-01-10 19:10,2064
2020-01-10 19:15,2064
2020-01-10 19:20,2073
2020-01-10 19:25,2091
2020-01-10 19:30,2079
2020-01-10 19:35,2095
2020-01-10 19:40,2115
2020-01-10 19:45,2106
2020-01-10 19:50,2100
2020-01-10 19:55,2100
2020-01-10 20:00,2100
2020-01-10 20:05,2095
2020-01-10 20:10,2081
2020-01-10 20:15,2079
2020-01-10 20:20,2068
2020-01-10 20:25,2067
2020-01-10 20:30,2042
2020-01-10 20:35,2045
2020-01-10 20:40,2048
2020-01-10 20:45,2041
2020-01-10 20:50,2029
2020-01-10 20:55,2040
2020-01-10 21:00,2033
2020-01-10 21:05,2032
2020-01-10 21:10,1999
2020-01-10 21:15,1989
2020-01-10 21:20,1997
2020-01-10 21:25,1989
2020-01-10 21:30,1979
2020-01-10 21:35,1959
2020-01-10 21:40,1942
2020-01-10 21:45,1964
2020-01-10 21:50,1967
2020-01-10 21:55,1949
2020-01-10 22:00,1931
2020-01-10 22:05,1914
2020-01-10 22:10,1893
2020-01-10 22:15,1886
2020-01-10 22:20,1884
2020-01-10 22:25,1868
2020-01-10 22:30,1835
2020-01-10 22:35,1829
2020-01-10 22:40,1829
2020-01-10 22:45,1835
2020-01-10 22:50,1816
2020-01-10 22:55,1803
2020-01-10 23:00,1781
2020-01-10 23:05,1771
2020-01-10 23:10,1743
2020-01-10 23:15,1749
2020-01-10 23:20,1750
2020-01-10 23:25,1738
2020-01-10 23:30,1717
2020-01-10 23:35,1701
2020-01-10 23:40,1702
2020-01-10 23:45,1709
2020-01-10 23:50,1690
2020-01-10 23:55,1688
2020-01-11 00:00,1680
2020-01-11 00:05,1657
2020-01-11 00:10,1636
2020-01-11 00:15,1616
2020-01-11 00:20,1579
2020-01-11 00:25,1561
2020-01-11 00:30,1549
2020-01-11 00:35,1542
2020-01-11 00:40,1535
2020-01-11 00:45,1540
2020-01-11 00:50,1519
2020-01-11 00:55,1516
2020-01-11 01:00,1506
2020-01-11 01:05,1492
2020-01-11 01:10,1483
2020-01-11 01:15,1461
2020-01-11 01:20,1458
2020-01-11 01:25,1459
2020-01-11 01:30,1435
2020-01-11 01:35,1412
2020-01-11 01:40,1408
2020-01-11 01:45,1405
2020-01-11 01:50,1386
2020-01-11 01:55,1376
2020-01-11 02:00,1357
2020-01-11 02:05,1351
2020-01-11 02:10,1346
2020-01-11 02:15,1345
2020-01-11 02:20,1338
2020-01-11 02:25,1338
2020-01-11 02:30,1340
2020-01-11 02:35,1346
2020-01-11 02:40,1333
2020-01-11 02:45,1333
2020-01-11 02:50,1321
2020-01-11 02:55,1318
2020-01-11 03:00,1305
2020-01-11 03:05,1295
2020-01-11 03:10,1288
2020-01-11 03:15,1297
2020-01-11 03:20,1287
2020-01-11 03:25,1296
2020-01-11 03:30,1297
2020-01-11 03:35,1294
2020-01-11 03:40,1296
2020-01-11 03:45,1286
2020-01-11 03:50,1289
2020-01-11 03:55,1289
2020-01-11 04:00,1282
2020-01-11 04:05,1290
2020-01-11 04:10,1294
2020-01-11 04:15,1287
2020-01-11 04:20,1273
2020-01-11 04:25,1280
2020-01-11 04:30,1280
2020-01-11 04:35,1284
2020-01-11 04:40,1273
2020-01-11 04:45,1253
2020-01-11 04:50,1252
2020-01-11 04:55,1250
2020-01-11 05:00,1245
2020-01-11 05:05,1221
2020-01-11 05:10,1199
2020-01-11 05:15,1208
2020-01-11 05:20,1202
2020-01-11 05:25,1187
2020-01-11 05:30,1167
2020-01-11 05:35,1163
2020-01-11 05:40,1167
2020-01-11 05:45,1169
2020-01-11 05:50,1147
2020-01-11 05:55,1132
2020-01-11 06:00,1129
2020-01-11 06:05,1130
2020-01-11 06:10,1126
2020-01-11 06:15,1118
2020-01-11 06:20,1115
2020-01-11 06:25,1114
2020-01-11 06:30,1117
2020-01-11 06:35,1083
2020-01-11 06:40,1066
2020-01-11 06:45,1060
2020-01-11 06:50,1058
2020-01-11 06:55,1054
2020-01-11 07:00,1047
2020-01-11 07:05,1041
2020-01-11 07:10,1036
2020-01-11 07:15,1018
2020-01-11 07:20,1012
2020-01-11 07:25,1005
2020-01-11 07:30,1006
2020-01-11 07:35,1015
2020-01-11 07:40,1010
2020-01-11 07:45,1011
2020-01-11 07:50,1007
2020-01-11 07:55,1020
2020-01-11 08:00,1017
2020-01-11 08:05,1024
2020-01-11 08:10,1021
2020-01-11 08:15,1035
2020-01-11 08:20,1046
2020-01-11 08:25,1064
2020-01-11 08:30,1076
2020-01-11 08:35,1095
2020-01-11 08:40,1109
2020-01-11 08:45,1123
2020-01-11 08:50,1127
2020-01-11 08:55,1133
2020-01-11 09:00,1169
2020-01-11 09:05,1175
2020-01-11 09:10,1184
2020-01-11 09:15,1194
2020-01-11 09:20,1212
2020-01-11 09:25,1222
2020-01-11 09:30,1236
2020-01-11 09:35,1251
2020-01-11 09:40,1268
2020-01-11 09:45,1274
2020-01-11 09:50,1281
2020-01-11 09:55,1321
2020-01-11 10:00,1344
2020-01-11 10:05,1382
2020-01-11 10:10,1397
2020-01-11 10:15,1415
2020-01-11 10:20,1429
2020-01-11 10:25,1442
2020-01-11 10:30,1460
2020-01-11 10:35,1450
2020-01-11 10:40,1461
2020-01-11 10:45,1476
2020-01-11 10:50,1480
2020-01-11 10:55,1493
2020-01-11 11:00,1496
2020-01-11 11:05,1504
2020-01-11 11:10,1531
2020-01-11 11:15,1536
2020-01-11 11:20,1527
2020-01-11 11:25,1551
2020-01-11 11:30,1550
2020-01-11 11:35,1563
2020-01-11 11:40,1567
2020-01-11 11:45,1578
2020-01-11 11:50,1572
2020-01-11 11:55,1573
2020-01-11 12:00,1555
2020-01-11 12:05,1549
2020-01-11 12:10,1543
2020-01-11 12:15,1553
2020-01-11 12:20,1540
2020-01-11 12:25,1559
2020-01-11 12:30,1570
2020-01-11 12:35,1575
2020-01-11 12:40,1593
2020-01-11 12:45,1592
2020-01-11 12:50,1602
2020-01-11 12:55,1601
2020-01-11 13:00,1593
2020-01-11 13:05,1601
2020-01-11 13:10,1623
2020-01-11 13:15,1619
2020-01-11 13:20,1640
2020-01-11 13:25,1682
2020-01-11 13:30,1695
2020-01-11 13:35,1731
2020-01-11 13:40,1729
2020-01-11 13:45,1744
2020-01-11 13:50,1755
2020-01-11 13:55,1775
2020-01-11 14:00,1788
2020-01-11 14:05,1802
2020-01-11 14:10,1815
2020-01-11 14:15,1809
2020-01-11 14:20,1810
2020-01-11 14:25,1833
2020-01-11 14:30,1824
2020-01-11 14:35,1825
2020-01-11 14:40,1840
2020-01-11 14:45,1852
2020-01-11 14:50,1858
2020-01-11 14:55,1878
2020-01-11 15:00,1904
2020-01-11 15:05,1912
2020-01-11 15:10,1933
2020-01-11 15:15,1916
2020-01-11 15:20,1925
2020-01-11 15:25,1945
2020-01-11 15:30,1951
2020-01-11 15:35,1970
2020-01-11 15:40,1971
2020-01-11 15:45,1993
2020-01-11 15:50,2032
2020-01-11 15:55,2041
2020-01-11 16:00,2065
2020-01-11 16:05,2068
2020-01-11 16:10,2069
2020-01-11 16:15,2095
2020-01-11 16:20,2096
2020-01-11 16:25,2103
2020-01-11 16:30,2128
2020-01-11 16:35,2141
2020-01-11 16:40,2118
2020-01-11 16:45,2146
2020-01-11 16:50,2166
2020-01-11 16:55,2185
2020-01-11 17:00,2183
2020-01-11 17:05,2203
2020-01-11 17:10,2235
2020-01-11 17:15,2248
2020-01-11 17:20,2254
2020-01-11 17:25,2244
2020-01-11 17:30,2261
2020-01-11 17:35,2270
2020-01-11 17:40,2297
2020-01-11 17:45,2336
2020-01-11 17:50,2352
2020-01-11 17:55,2345
2020-01-11 18:00,2322
2020-01-11 18:05,2315
2020-01-11 18:10,2331
2020-01-11 18:15,2316
2020-01-11 18:20,2300
2020-01-11 18:25,2330
2020-01-11 18:30,2343
2020-01-11 18:35,2366
2020-01-11 18:40,2378
2020-01-11 18:45,2375
2020-01-11 18:50,2358
2020-01-11 18:55,2349
2020-01-11 19:00,2344
2020-01-11 19:05,2345
2020-01-11 19:10,2329
2020-01-11 19:15,2324
2020-01-11 19:20,2325
2020-01-11 19:25,2323
2020-01-11 19:30,2322
2020-01-11 19:35,2350
2020-01-11 19:40,2371
2020-01-11 19:45,2369
2020-01-11 19:50,2372
2020-01-11 19:55,2372
2020-01-11 20:00,2385
2020-01-11 20:05,2379
2020-01-11 20:10,2389
2020-01-11 20:15,2396
2020-01-11 20:20,2386
2020-01-11 20:25,2401
2020-01-11 20:30,2402
2020-01-11 20:35,2401
2020-01-11 20:40,2408
2020-01-11 20:45,2390
2020-01-11 20:50,2388
2020-01-11 20:55,2376
2020-01-11 21:00,2396
2020-01-11 21:05,2383
2020-01-11 21:10,2374
2020-01-11 21:15,2351
2020-01-11 21:20,2348
2020-01-11 21:25,2349
2020-01-11 21:30,2319
2020-01-11 21:35,2299
2020-01-11 21:40,2279
2020-01-11 21:45,2292
2020-01-11 21:50,2297
2020-01-11 21:55,2324
2020-01-11 22:00,2316
2020-01-11 22:05,2335
2020-01-11 22:10,2303
2020-01-11 22:15,2269
2020-01-11 22:20,2271
2020-01-11 22:25,2251
2020-01-11 22:30,2237
2020-01-11 22:35,2198
2020-01-11 22:40,2170
2020-01-11 22:45,2132
2020-01-11 22:50,2103
2020-01-11 22:55,2088
2020-01-11 23:00,2074
2020-01-11 23:05,2076
2020-01-11 23:10,2054
2020-01-11 23:15,2049
2020-01-11 23:20,2017
2020-01-11 23:25,2003
2020-01-11 23:30,1979
2020-01-11 23:35,1960
2020-01-11 23:40,1933
2020-01-11 23:45,1909
2020-01-11 23:50,1883
2020-01-11 23:55,1887
2020-01-12 00:00,1877
2020-01-12 00:05,1852
2020-01-12 00:10,1824
2020-01-12 00:15,1805
2020-01-12 00:20,1792
2020-01-12 00:25,1778
2020-01-12 00:30,1766
2020-01-12 00:35,1732
2020-01-12 00:40,1706
2020-01-12 00:45,1704
2020-01-12 00:50,1695
2020-01-12 00:55,1687
2020-01-12 01:00,1651
2020-01-12 01:05,1612
2020-01-12 01:10,1617
2020-01-12 01:15,1602
2020-01-12 01:20,1602
2020-01-12 01:25,1583
2020-01-12 01:30,1576
2020-01-12 01:35,1564
2020-01-12 01:40,1537
2020-01-12 01:45,1545
2020-01-12 01:50,1554
2020-01-12 01:55,1553
2020-01-12 02:00,1552
2020-01-12 02:05,1552
2020-01-12 02:10,1539
2020-01-12 02:15,1526
2020-01-12 02:20,1522
2020-01-12 02:25,1506
2020-01-12 02:30,1483
2020-01-12 02:35,1466
2020-01-12 02:40,1466
2020-01-12 02:45,1460
2020-01-12 02:50,1441
2020-01-12 02:55,1437
2020-01-12 03:00,1428
2020-01-12 03:05,1414
2020-01-12 03:10,1395
2020-01-12 03:15,1400
2020-01-12 03:20,1383
2020-01-12 03:25,1375
2020-01-12 03:30,1380
2020-01-12 03:35,1374
2020-01-12 03:40,1363
2020-01-12 03:45,1354
2020-01-12 03:50,1350
2020-01-12 03:55,1358
2020-01-12 04:00,1341
2020-01-12 04:05,1332
2020-01-12 04:10,1316
2020-01-12 04:15,1299
2020-01-12 04:20,1294
2020-01-12 04:25,1277
2020-01-12 04:30,1279
2020-01-12 04:35,1269
2020-01-12 04:40,1279
2020-01-12 04:45,1284
2020-01-12 04:50,1278
2020-01-12 04:55,1260
2020-01-12 05:00,1259
2020-01-12 05:05,1240
2020-01-12 05:10,1242
2020-01-12 05:15,1247
2020-01-12 05:20,1248
2020-01-12 05:25,1230
2020-01-12 05:30,1205
2020-01-12 05:35,1195
2020-01-12 05:40,1195
2020-01-12 05:45,1194
2020-01-12 05:50,1200
2020-01-12 05:55,1192
2020-01-12 06:00,1191
2020-01-12 06:05,1164
2020-01-12 06:10,1163
2020-01-12 06:15,1166
2020-01-12 06:20,1147
2020-01-12 06:25,1148
2020-01-12 06:30,1143
2020-01-12 06:35,1137
2020-01-12 06:40,1149
2020-01-12 06:45,1148
2020-01-12 06:50,1150
2020-01-12 06:55,1141
2020-01-12 07:00,1125
2020-01-12 07:05,1123
2020-01-12 07:10,1123
2020-01-12 07:15,1129
2020-01-12 07:20,1131
2020-01-12 07:25,1135
2020-01-12 07:30,1125
2020-01-12 07:35,1137
2020-01-12 07:40,1156
2020-01-12 07:45,1160
2020-01-12 07:50,1156
2020-01-12 07:55,1178
2020-01-12 08:00,1168
2020-01-12 08:05,1158
2020-01-12 08:10,1158
2020-01-12 08:15,1171
2020-01-12 08:20,1151
2020-01-12 08:25,1163
2020-01-12 08:30,1186
2020-01-12 08:35,1184
2020-01-12 08:40,1189
2020-01-12 08:45,1175
2020-01-12 08:50,1197
2020-01-12 08:55,1194
2020-01-12 09:00,1201
2020-01-12 09:05,1214
2020-01-12 09:10,1237
2020-01-12 09:15,1242
2020-01-12 09:20,1264
2020-01-12 09:25,1272
2020-01-12 09:30,1297
2020-01-12 09:35,1307
2020-01-12 09:40,1315
2020-01-12 09:45,1356
2020-01-12 09:50,1364
2020-01-12 09:55,1367
2020-01-12 10:00,1403
2020-01-12 10:05,1450
2020-01-12 10:10,1462
2020-01-12 10:15,1470
2020-01-12 10:20,1489
2020-01-12 10:25,1498
2020-01-12 10:30,1529
2020-01-12 10:35,1567
2020-01-12 10:40,1608
2020-01-12 10:45,1627
2020-01-12 10:50,1633
2020-01-12 10:55,1629
2020-01-12 11:00,1658
2020-01-12 11:05,1651
2020-01-12 11:10,1669
2020-01-12 11:15,1688
2020-01-12 11:20,1694
2020-01-12 11:25,1699
2020-01-12 11:30,1717
2020-01-12 11:35,1707
2020-01-12 11:40,1717
2020-01-12 11:45,1719
2020-01-12 11:50,1730
2020-01-12 11:55,1736
2020-01-12 12:00,1766
2020-01-12 12:05,1751
2020-01-12 12:10,1770
2020-01-12 12:15,1776
2020-01-12 12:20,1772
2020-01-12 12:25,1787
2020-01-12 12:30,1787
2020-01-12 12:35,1762
2020-01-12 12:40,1774
2020-01-12 12:45,1792
2020-01-12 12:50,1799
2020-01-12 12:55,1842
2020-01-12 13:00,1861
2020-01-12 13:05,1873
2020-01-12 13:10,1887
2020-01-12 13:15,1887
2020-01-12 13:20,1892
2020-01-12 13:25,1891
2020-01-12 13:30,1893
2020-01-12 13:35,1911
2020-01-12 13:40,1900
2020-01-12 13:45,1898
2020-01-12 13:50,1922
2020-01-12 13:55,1944
2020-01-12 14:00,1958
2020-01-12 14:05,1981
2020-01-12 14:10,1980
2020-01-12 14:15,2008
2020-01-12 14:20,2004
2020-01-12 14:25,2036
2020-01-12 14:30,2044
2020-01-12 14:35,2061
2020-01-12 14:40,2064
2020-01-12 14:45,2077
2020-01-12 14:50,2086
2020-01-12 14:55,2100
2020-01-12 15:00,2098
2020-01-12 15:05,2101
2020-01-12 15:10,2122
2020-01-12 15:15,2150
2020-01-12 15:20,2160
2020-01-12 15:25,2167
2020-01-12 15:30,2175
2020-01-12 15:35,2185
2020-01-12 15:40,2171
2020-01-12 15:45,2176
2020-01-12 15:50,2216
2020-01-12 15:55,2223
2020-01-12 16:00,2237
2020-01-12 16:05,2242
2020-01-12 16:10,2268
2020-01-12 16:15,2275
2020-01-12 16:20,2278
2020-01-12 16:25,2286
2020-01-12 16:30,2289
2020-01-12 16:35,2312
2020-01-12 16:40,2321
2020-01-12 16:45,2310
2020-01-12 16:50,2305
2020-01-12 16:55,2308
2020-01-12 17:00,2314
2020-01-12 17:05,2308
2020-01-12 17:10,2315
2020-01-12 17:15,2319
2020-01-12 17:20,2349
2020-01-12 17:25,2352
2020-01-12 17:30,2354
2020-01-12 17:35,2366
2020-01-12 17:40,2382
2020-01-12 17:45,2374
2020-01-12 17:50,2388
2020-01-12 17:55,2392
2020-01-12 18:00,2398
2020-01-12 18:05,2396
2020-01-12 18:10,2394
2020-01-12 18:15,2371
2020-01-12 18:20,2366
2020-01-12 18:25,2365
2020-01-12 18:30,2386
2020-01-12 18:35,2394
2020-01-12 18:40,2398
2020-01-12 18:45,2397
2020-01-12 18:50,2411
2020-01-12 18:55,2408
2020-01-12 19:00,2406
2020-01-12 19:05,2399
2020-01-12 19:10,2417
2020-01-12 19:15,2412
2020-01-12 19:20,2411
2020-01-12 19:25,2408
2020-01-12 19:30,2438
2020-01-12 19:35,2438
2020-01-12 19:40,2419
2020-01-12 19:45,2436
2020-01-12 19:50,2440
2020-01-12 19:55,2451
2020-01-12 20:00,2445
2020-01-12 20:05,2454
2020-01-12 20:10,2444
2020-01-12 20:15,2435
2020-01-12 20:20,2426
2020-01-12 20:25,2430
2020-01-12 20:30,2431
2020-01-12 20:35,2420
2020-01-12 20:40,2392
2020-01-12 20:45,2357
2020-01-12 20:50,2348
2020-01-12 20:55,2348
2020-01-12 21:00,2319
2020-01-12 21:05,2325
2020-01-12 21:10,2299
2020-01-12 21:15,2285
2020-01-12 21:20,2266
2020-01-12 21:25,2248
2020-01-12 21:30,2225
2020-01-12 21:35,2225
2020-01-12 21:40,2202
2020-01-12 21:45,2186
2020-01-12 21:50,2154
2020-01-12 21:55,2131
2020-01-12 22:00,2112
2020-01-12 22:05,2104
2020-01-12 22:10,2093
2020-01-12 22:15,2073
2020-01-12 22:20,2058
2020-01-12 22:25,2043
2020-01-12 22:30,2038
2020-01-12 22:35,2032
2020-01-12 22:40,2016
2020-01-12 22:45,2004
2020-01-12 22:50,1990
2020-01-12 22:55,1971
2020-01-12 23:00,1934
2020-01-12 23:05,1913
2020-01-12 23:10,1886
2020-01-12 23:15,1864
2020-01-12 23:20,1857
2020-01-12 23:25,1833
2020-01-12 23:30,1789
2020-01-12 23:35,1773
2020-01-12 23:40,1770
2020-01-12 23:45,1765
2020-01-12 23:50,1734
2020-01-12 23:55,1725
2020-01-13 00:00,1701
2020-01-13 00:05,1697
2020-01-13 00:10,1696
2020-01-13 00:15,1687
2020-01-13 00:20,1661
2020-01-13 00:25,1639
2020-01-13 00:30,1627
2020-01-13 00:35,1615
2020-01-13 00:40,1609
2020-01-13 00:45,1589
2020-01-13 00:50,1584
2020-01-13 00:55,1581
2020-01-13 01:00,1552
2020-01-13 01:05,1551
2020-01-13 01:10,1533
2020-01-13 01:15,1521
2020-01-13 01:20,1524
2020-01-13 01:25,1519
2020-01-13 01:30,1512
2020-01-13 01:35,1488
2020-01-13 01:40,1480
2020-01-13 01:45,1478
2020-01-13 01:50,1491
2020-01-13 01:55,1455
2020-01-13 02:00,1445
2020-01-13 02:05,1432
2020-01-13 02:10,1415
2020-01-13 02:15,1409
2020-01-13 02:20,1406
2020-01-13 02:25,1394
2020-01-13 02:30,1402
2020-01-13 02:35,1408
2020-01-13 02:40,1394
2020-01-13 02:45,1385
2020-01-13 02:50,1356
2020-01-13 02:55,1345
2020-01-13 03:00,1327
2020-01-13 03:05,1301
2020-01-13 03:10,1288
2020-01-13 03:15,1280
2020-01-13 03:20,1269
2020-01-13 03:25,1261
2020-01-13 03:30,1257
2020-01-13 03:35,1241
2020-01-13 03:40,1233
2020-01-13 03:45,1231
2020-01-13 03:50,1206
2020-01-13 03:55,1191
2020-01-13 04:00,1199
2020-01-13 04:05,1180
2020-01-13 04:10,1176
2020-01-13 04:15,1170
2020-01-13 04:20,1166
2020-01-13 04:25,1168
2020-01-13 04:30,1162
2020-01-13 04:35,1124
2020-01-13 04:40,1100
2020-01-13 04:45,1094
2020-01-13 04:50,1081
2020-01-13 04:55,1074
2020-01-13 05:00,1058
2020-01-13 05:05,1042
2020-01-13 05:10,1036
2020-01-13 05:15,1025
2020-01-13 05:20,1006
2020-01-13 05:25,989
2020-01-13 05:30,985
2020-01-13 05:35,986
2020-01-13 05:40,974
2020-01-13 05:45,970
2020-01-13 05:50,964
2020-01-13 05:55,944
2020-01-13 06:00,936
2020-01-13 06:05,925
2020-01-13 06:10,915
2020-01-13 06:15,899
2020-01-13 06:20,886
2020-01-13 06:25,887
2020-01-13 06:30,876
2020-01-13 06:35,869
2020-01-13 06:40,860
2020-01-13 06:45,852
2020-01-13 06:50,851
2020-01-13 06:55,845
2020-01-13 07:00,835
2020-01-13 07:05,839
2020-01-13 07:10,841
2020-01-13 07:15,834
2020-01-13 07:20,831
2020-01-13 07:25,826
2020-01-13 07:30,819
2020-01-13 07:35,820
2020-01-13 07:40,821
2020-01-13 07:45,822
2020-01-13 07:50,829
2020-01-13 07:55,827
2020-01-13 08:00,816
2020-01-13 08:05,831
2020-01-13 08:10,820
2020-01-13 08:15,812
2020-01-13 08:20,821
2020-01-13 08:25,821
2020-01-13 08:30,822
2020-01-13 08:35,827
2020-01-13 08:40,841
2020-01-13 08:45,845
2020-01-13 08:50,851
2020-01-13 08:55,848
2020-01-13 09:00,848
2020-01-13 09:05,854
2020-01-13 09:10,870
2020-01-13 09:15,867
2020-01-13 09:20,868
2020-01-13 09:25,859
2020-01-13 09:30,867
2020-01-13 09:35,872
2020-01-13 09:40,889
2020-01-13 09:45,910
2020-01-13 09:50,924
2020-01-13 09:55,918
2020-01-13 10:00,933
2020-01-13 10:05,952
2020-01-13 10:10,956
2020-01-13 10:15,962
2020-01-13 10:20,980
2020-01-13 10:25,978
2020-01-13 10:30,979
2020-01-13 10:35,1006
2020-01-13 10:40,1009
2020-01-13 10:45,1010
2020-01-13 10:50,1023
2020-01-13 10:55,1046
2020-01-13 11:00,1055
2020-01-13 11:05,1060
2020-01-13 11:10,1060
2020-01-13 11:15,1061
2020-01-13 11:20,1075
2020-01-13 11:25,1074
2020-01-13 11:30,1074
2020-01-13 11:35,1090
2020-01-13 11:40,1079
2020-01-13 11:45,1097
2020-01-13 11:50,1108
2020-01-13 11:55,1134
2020-01-13 12:00,1143
2020-01-13 12:05,1152
2020-01-13 12:10,1157
2020-01-13 12:15,1150
2020-01-13 12:20,1151
2020-01-13 12:25,1166
2020-01-13 12:30,1182
2020-01-13 12:35,1172
2020-01-13 12:40,1180
2020-01-13 12:45,1180
2020-01-13 12:50,1187
2020-01-13 12:55,1194
2020-01-13 13:00,1189
2020-01-13 13:05,1206
2020-01-13 13:10,1213
2020-01-13 13:15,1200
2020-01-13 13:20,1210
2020-01-13 13:25,1212
2020-01-13 13:30,1215
2020-01-13 13:35,1207
2020-01-13 13:40,1237
2020-01-13 13:45,1245
2020-01-13 13:50,1251
2020-01-13 13:55,1273
2020-01-13 14:00,1283
2020-01-13 14:05,1291
2020-01-13 14:10,1311
2020-01-13 14:15,1310
2020-01-13 14:20,1320
2020-01-13 14:25,1351
2020-01-13 14:30,1387
2020-01-13 14:35,1395
2020-01-13 14:40,1413
2020-01-13 14:45,1434
2020-01-13 14:50,1434
2020-01-13 14:55,1450
2020-01-13 15:00,1463
2020-01-13 15:05,1478
2020-01-13 15:10,1491
2020-01-13 15:15,1500
2020-01-13 15:20,1505
2020-01-13 15:25,1540
2020-01-13 15:30,1552
2020-01-13 15:35,1555
2020-01-13 15:40,1578
2020-01-13 15:45,1609
2020-01-13 15:50,1619
2020-01-13 15:55,1629
2020-01-13 16:00,1651
2020-01-13 16:05,1659
2020-01-13 16:10,1696
2020-01-13 16:15,1694
2020-01-13 16:20,1458
2020-01-13 16:25,1709
2020-01-13 16:30,1746
2020-01-13 16:35,1754
2020-01-13 16:40,1771
2020-01-13 16:45,1778
2020-01-13 16:50,1789
2020-01-13 16:55,1813
2020-01-13 17:00,1831
2020-01-13 17:05,1864
2020-01-13 17:10,1865
2020-01-13 17:15,1856
2020-01-13 17:20,1842
2020-01-13 17:25,1867
2020-01-13 17:30,1872
2020-01-13 17:35,1891
2020-01-13 17:40,1917
2020-01-13 17:45,1940
2020-01-13 17:50,1946
2020-01-13 17:55,1954
2020-01-13 18:00,1971
2020-01-13 18:05,1979
2020-01-13 18:10,2017
2020-01-13 18:15,2041
2020-01-13 18:20,2042
2020-01-13 18:25,2039
2020-01-13 18:30,2064
2020-01-13 18:35,2075
2020-01-13 18:40,2084
2020-01-13 18:45,2088
2020-01-13 18:50,2104
2020-01-13 18:55,2095
2020-01-13 19:00,2107
2020-01-13 19:05,2113
2020-01-13 19:10,2108
2020-01-13 19:15,2114
2020-01-13 19:20,2125
2020-01-13 19:25,2117
2020-01-13 19:30,2137
2020-01-13 19:35,2140
2020-01-13 19:40,2127
2020-01-13 19:45,2152
2020-01-13 19:50,2170
2020-01-13 19:55,2156
2020-01-13 20:00,2154
2020-01-13 20:05,2150
2020-01-13 20:10,2129
2020-01-13 20:15,2132
2020-01-13 20:20,2128
2020-01-13 20:25,2133
2020-01-13 20:30,2132
2020-01-13 20:35,2125
2020-01-13 20:40,2107
2020-01-13 20:45,2092
2020-01-13 20:50,2080
2020-01-13 20:55,2040
2020-01-13 21:00,2035
2020-01-13 21:05,2028
2020-01-13 21:10,2004
2020-01-13 21:15,1970
2020-01-13 21:20,1939
2020-01-13 21:25,1916
2020-01-13 21:30,1909
2020-01-13 21:35,1908
2020-01-13 21:40,1905
2020-01-13 21:45,1909
2020-01-13 21:50,1894
2020-01-13 21:55,1888
2020-01-13 22:00,1879
2020-01-13 22:05,1863
2020-01-13 22:10,1834
2020-01-13 22:15,1833
2020-01-13 22:20,1793
2020-01-13 22:25,1750
2020-01-13 22:30,1748
2020-01-13 22:35,1717
2020-01-13 22:40,1685
2020-01-13 22:45,1679
2020-01-13 22:50,1668
2020-01-13 22:55,1642
2020-01-13 23:00,1646
2020-01-13 23:05,1629
2020-01-13 23:10,1610
2020-01-13 23:15,1597
2020-01-13 23:20,1604
2020-01-13 23:25,1609
2020-01-13 23:30,1587
2020-01-13 23:35,1581
2020-01-13 23:40,1562
2020-01-13 23:45,1541
2020-01-13 23:50,1531
2020-01-13 23:55,1504
2020-01-14 00:00,1491
2020-01-14 00:05,1464
2020-01-14 00:10,1473
2020-01-14 00:15,1452
2020-01-14 00:20,1449
2020-01-14 00:25,1457
2020-01-14 00:30,1462
2020-01-14 00:35,1467
2020-01-14 00:40,1457
2020-01-14 00:45,1456
2020-01-14 00:50,1460
2020-01-14 00:55,1428
2020-01-14 01:00,1466
2020-01-14 01:05,1466
2020-01-14 01:10,1469
2020-01-14 01:15,1447
2020-01-14 01:20,1448
2020-01-14 01:25,1463
2020-01-14 01:30,1441
2020-01-14 01:35,1440
2020-01-14 01:40,1447
2020-01-14 01:45,1439
2020-01-14 01:50,1425
2020-01-14 01:55,1424
2020-01-14 02:00,1408
2020-01-14 02:05,1401
2020-01-14 02:10,1377
2020-01-14 02:15,1384
2020-01-14 02:20,1381
2020-01-14 02:25,1354
2020-01-14 02:30,1347
2020-01-14 02:35,1349
2020-01-14 02:40,1342
2020-01-14 02:45,1343
2020-01-14 02:50,1340
2020-01-14 02:55,1314
2020-01-14 03:00,1308
2020-01-14 03:05,1304
2020-01-14 03:10,1301
2020-01-14 03:15,1289
2020-01-14 03:20,1273
2020-01-14 03:25,1260
2020-01-14 03:30,1266
2020-01-14 03:35,1253
2020-01-14 03:40,1250
2020-01-14 03:45,1232
2020-01-14 03:50,1224
2020-01-14 03:55,1194
2020-01-14 04:00,1180
2020-01-14 04:05,1163
2020-01-14 04:10,1165
2020-01-14 04:15,1158
2020-01-14 04:20,1129
2020-01-14 04:25,1122
2020-01-14 04:30,1121
2020-01-14 04:35,1114
2020-01-14 04:40,1113
2020-01-14 04:45,1123
2020-01-14 04:50,1108
2020-01-14 04:55,1086
2020-01-14 05:00,1062
2020-01-14 05:05,1054
2020-01-14 05:10,1051
2020-01-14 05:15,1041
2020-01-14 05:20,1031
2020-01-14 05:25,1035
2020-01-14 05:30,1024
2020-01-14 05:35,1003
2020-01-14 05:40,1009
2020-01-14 05:45,1006
2020-01-14 05:50,988
2020-01-14 05:55,995
2020-01-14 06:00,984
2020-01-14 06:05,974
2020-01-14 06:10,965
2020-01-14 06:15,971
2020-01-14 06:20,971
2020-01-14 06:25,956
2020-01-14 06:30,957
2020-01-14 06:35,958
2020-01-14 06:40,934
2020-01-14 06:45,928
2020-01-14 06:50,922
2020-01-14 06:55,928
2020-01-14 07:00,917
2020-01-14 07:05,898
2020-01-14 07:10,889
2020-01-14 07:15,890
2020-01-14 07:20,885
2020-01-14 07:25,868
2020-01-14 07:30,859
2020-01-14 07:35,857
2020-01-14 07:40,856
2020-01-14 07:45,858
2020-01-14 07:50,860
2020-01-14 07:55,869
2020-01-14 08:00,855
2020-01-14 08:05,864
2020-01-14 08:10,867
2020-01-14 08:15,860
2020-01-14 08:20,867
2020-01-14 08:25,876
2020-01-14 08:30,880
2020-01-14 08:35,885
2020-01-14 08:40,897
2020-01-14 08:45,908
2020-01-14 08:50,901
2020-01-14 08:55,906
2020-01-14 09:00,907
2020-01-14 09:05,884
2020-01-14 09:10,902
2020-01-14 09:15,903
2020-01-14 09:20,906
2020-01-14 09:25,911
2020-01-14 09:30,926
2020-01-14 09:35,931
2020-01-14 09:40,930
2020-01-14 09:45,935
2020-01-14 09:50,954
2020-01-14 09:55,960
2020-01-14 10:00,985
2020-01-14 10:05,1017
2020-01-14 10:10,1032
2020-01-14 10:15,1049
2020-01-14 10:20,1068
2020-01-14 10:25,1070
2020-01-14 10:30,1078
2020-01-14 10:35,1080
2020-01-14 10:40,1091
2020-01-14 10:45,1095
2020-01-14 10:50,1093
2020-01-14 10:55,1098
2020-01-14 11:00,1098
2020-01-14 11:05,1103
2020-01-14 11:10,1107
2020-01-14 11:15,1108
2020-01-14 11:20,1111
2020-01-14 11:25,1134
2020-01-14 11:30,1129
2020-01-14 11:35,1139
2020-01-14 11:40,1126
2020-01-14 11:45,1115
2020-01-14 11:50,1133
2020-01-14 11:55,1120
2020-01-14 12:00,1117
2020-01-14 12:05,1119
2020-01-14 12:10,1151
2020-01-14 12:15,1165
2020-01-14 12:20,1169
2020-01-14 12:25,1168
2020-01-14 12:30,1185
2020-01-14 12:35,1208
2020-01-14 12:40,1220
2020-01-14 12:45,1228
2020-01-14 12:50,1232
2020-01-14 12:55,1246
2020-01-14 13:00,1252
2020-01-14 13:05,1256
2020-01-14 13:10,1270
2020-01-14 13:15,1299
2020-01-14 13:20,1316
2020-01-14 13:25,1334
2020-01-14 13:30,1331
2020-01-14 13:35,1324
2020-01-14 13:40,1333
2020-01-14 13:45,1363
2020-01-14 13:50,1374
2020-01-14 13:55,1375
2020-01-14 14:00,1373
2020-01-14 14:05,1386
2020-01-14 14:10,1381
2020-01-14 14:15,1373
2020-01-14 14:20,1371
2020-01-14 14:25,1393
2020-01-14 14:30,1402
2020-01-14 14:35,1412
2020-01-14 14:40,1429
2020-01-14 14:45,1443
2020-01-14 14:50,1464
2020-01-14 14:55,1459
2020-01-14 15:00,1475
2020-01-14 15:05,1482
2020-01-14 15:10,1502
2020-01-14 15:15,1513
2020-01-14 15:20,1521
2020-01-14 15:25,1538
2020-01-14 15:30,1526
2020-01-14 15:35,1538
2020-01-14 15:40,1555
2020-01-14 15:45,1564
2020-01-14 15:50,1566
2020-01-14 15:55,1568
2020-01-14 16:00,1599
2020-01-14 16:05,1605
2020-01-14 16:10,1615
2020-01-14 16:15,1636
2020-01-14 16:20,1660
2020-01-14 16:25,1662
2020-01-14 16:30,1677
2020-01-14 16:35,1731
2020-01-14 16:40,1726
2020-01-14 16:45,1756
2020-01-14 16:50,1772
2020-01-14 16:55,1792
2020-01-14 17:00,1803
2020-01-14 17:05,1830
2020-01-14 17:10,1838
2020-01-14 17:15,1879
2020-01-14 17:20,1880
2020-01-14 17:25,1885
2020-01-14 17:30,1899
2020-01-14 17:35,1922
2020-01-14 17:40,1938
2020-01-14 17:45,1938
2020-01-14 17:50,1946
2020-01-14 17:55,1963
2020-01-14 18:00,1980
2020-01-14 18:05,2005
2020-01-14 18:10,2014
2020-01-14 18:15,2037
2020-01-14 18:20,2036
2020-01-14 18:25,2036
2020-01-14 18:30,2024
2020-01-14 18:35,2018
2020-01-14 18:40,2013
2020-01-14 18:45,2004
2020-01-14 18:50,2004
2020-01-14 18:55,2009
2020-01-14 19:00,2025
2020-01-14 19:05,2001
2020-01-14 19:10,2001
2020-01-14 19:15,1996
2020-01-14 19:20,1995
2020-01-14 19:25,1974
2020-01-14 19:30,1980
2020-01-14 19:35,2009
2020-01-14 19:40,2008
2020-01-14 19:45,2008
2020-01-14 19:50,1984
2020-01-14 19:55,1986
2020-01-14 20:00,1996
2020-01-14 20:05,1987
2020-01-14 20:10,1991
2020-01-14 20:15,1984
2020-01-14 20:20,1968
2020-01-14 20:25,1969
2020-01-14 20:30,1961
2020-01-14 20:35,1945
2020-01-14 20:40,1928
2020-01-14 20:45,1940
2020-01-14 20:50,1951
2020-01-14 20:55,1936
2020-01-14 21:00,1930
2020-01-14 21:05,1900
2020-01-14 21:10,1877
2020-01-14 21:15,1860
2020-01-14 21:20,1856
2020-01-14 21:25,1829
2020-01-14 21:30,1820
2020-01-14 21:35,1812
2020-01-14 21:40,1794
2020-01-14 21:45,1775
2020-01-14 21:50,1756
2020-01-14 21:55,1740
2020-01-14 22:00,1724
2020-01-14 22:05,1693
2020-01-14 22:10,1663
2020-01-14 22:15,1633
2020-01-14 22:20,1634
2020-01-14 22:25,1617
2020-01-14 22:30,1602
2020-01-14 22:35,1603
2020-01-14 22:40,1599
2020-01-14 22:45,1623
2020-01-14 22:50,1623
2020-01-14 22:55,1593
2020-01-14 23:00,1591
2020-01-14 23:05,1568
2020-01-14 23:10,1523
2020-01-14 23:15,
2020-01-14 23:20,0
2020-01-14 23:25,479
2020-01-14 23:30,1458
2020-01-14 23:35,1458
2020-01-14 23:40,1467
2020-01-14 23:45,1454
2020-01-14 23:50,1443
2020-01-14 23:55,1435
2020-01-15 00:00,1437
2020-01-15 00:05,1429
2020-01-15 00:10,1428
2020-01-15 00:15,1440
2020-01-15 00:20,1415
2020-01-15 00:25,1406
2020-01-15 00:30,1403
2020-01-15 00:35,1393
2020-01-15 00:40,1367
2020-01-15 00:45,1380
2020-01-15 00:50,1370
2020-01-15 00:55,1358
2020-01-15 01:00,1354
2020-01-15 01:05,1348
2020-01-15 01:10,1333
2020-01-15 01:15,1323
2020-01-15 01:20,1313
2020-01-15 01:25,1314
2020-01-15 01:30,1302
2020-01-15 01:35,1306
2020-01-15 01:40,1311
2020-01-15 01:45,1293
2020-01-15 01:50,1306
2020-01-15 01:55,1288
2020-01-15 02:00,1316
2020-01-15 02:05,1326
2020-01-15 02:10,1326
2020-01-15 02:15,1318
2020-01-15 02:20,1305
2020-01-15 02:25,1299
2020-01-15 02:30,1295
2020-01-15 02:35,1289
2020-01-15 02:40,1284
2020-01-15 02:45,1273
2020-01-15 02:50,1265
2020-01-15 02:55,1260
2020-01-15 03:00,1267
2020-01-15 03:05,1246
2020-01-15 03:10,1240
2020-01-15 03:15,1234
2020-01-15 03:20,1227
2020-01-15 03:25,1218
2020-01-15 03:30,1190
2020-01-15 03:35,1188
2020-01-15 03:40,1187
2020-01-15 03:45,1168
2020-01-15 03:50,1165
2020-01-15 03:55,1158
2020-01-15 04:00,1143
2020-01-15 04:05,1139
2020-01-15 04:10,1113
2020-01-15 04:15,1120
2020-01-15 04:20,1110
2020-01-15 04:25,1108
2020-01-15 04:30,1091
2020-01-15 04:35,1072
2020-01-15 04:40,1067
2020-01-15 04:45,1069
2020-01-15 04:50,1059
2020-01-15 04:55,1037
2020-01-15 05:00,1032
2020-01-15 05:05,1043
2020-01-15 05:10,1041
2020-01-15 05:15,1023
2020-01-15 05:20,1014
2020-01-15 05:25,1002
2020-01-15 05:30,1001
2020-01-15 05:35,991
2020-01-15 05:40,910
2020-01-15 05:45,871
2020-01-15 05:50,918
2020-01-15 05:55,933
2020-01-15 06:00,924
2020-01-15 06:05,916
2020-01-15 06:10,914
2020-01-15 06:15,906
2020-01-15 06:20,897
2020-01-15 06:25,907
2020-01-15 06:30,885
2020-01-15 06:35,887
2020-01-15 06:40,861
2020-01-15 06:45,864
2020-01-15 06:50,855
2020-01-15 06:55,840
2020-01-15 07:00,837
2020-01-15 07:05,843
2020-01-15 07:10,838
2020-01-15 07:15,836
2020-01-15 07:20,846
2020-01-15 07:25,819
2020-01-15 07:30,794
2020-01-15 07:35,803
2020-01-15 07:40,800
2020-01-15 07:45,813
2020-01-15 07:50,806
2020-01-15 07:55,817
2020-01-15 08:00,819
2020-01-15 08:05,828
2020-01-15 08:10,828
2020-01-15 08:15,826
2020-01-15 08:20,822
2020-01-15 08:25,822
2020-01-15 08:30,826
2020-01-15 08:35,848
2020-01-15 08:40,863
2020-01-15 08:45,868
2020-01-15 08:50,849
2020-01-15 08:55,839
2020-01-15 09:00,848
2020-01-15 09:05,862
2020-01-15 09:10,872
2020-01-15 09:15,886
2020-01-15 09:20,888
2020-01-15 09:25,906
2020-01-15 09:30,922
2020-01-15 09:35,920
2020-01-15 09:40,917
2020-01-15 09:45,929
2020-01-15 09:50,926
2020-01-15 09:55,940
2020-01-15 10:00,952
2020-01-15 10:05,952
2020-01-15 10:10,968
2020-01-15 10:15,979
2020-01-15 10:20,989
2020-01-15 10:25,1013
2020-01-15 10:30,1032
2020-01-15 10:35,1040
2020-01-15 10:40,1042
2020-01-15 10:45,1055
2020-01-15 10:50,1051
2020-01-15 10:55,1048
2020-01-15 11:00,1062
2020-01-15 11:05,1088
2020-01-15 11:10,1106
2020-01-15 11:15,1106
2020-01-15 11:20,1117
2020-01-15 11:25,1136
2020-01-15 11:30,1138
2020-01-15 11:35,1139
2020-01-15 11:40,1147
2020-01-15 11:45,1148
2020-01-15 11:50,1154
2020-01-15 11:55,1165
2020-01-15 12:00,1173
2020-01-15 12:05,1188
2020-01-15 12:10,1185
2020-01-15 12:15,1189
2020-01-15 12:20,1205
2020-01-15 12:25,1203
2020-01-15 12:30,1230
2020-01-15 12:35,1231
2020-01-15 12:40,1246
2020-01-15 12:45,1283
2020-01-15 12:50,1274
2020-01-15 12:55,1290
2020-01-15 13:00,1286
2020-01-15 13:05,1305
2020-01-15 13:10,1294
2020-01-15 13:15,1303
2020-01-15 13:20,1297
2020-01-15 13:25,1317
2020-01-15 13:30,1317
2020-01-15 13:35,1326
2020-01-15 13:40,1339
2020-01-15 13:45,1349
2020-01-15 13:50,1365
2020-01-15 13:55,1359
2020-01-15 14:00,1343
2020-01-15 14:05,1349
2020-01-15 14:10,1373
2020-01-15 14:15,1387
2020-01-15 14:20,1384
2020-01-15 14:25,1380
2020-01-15 14:30,1367
2020-01-15 14:35,1369
2020-01-15 14:40,1375
2020-01-15 14:45,1373
2020-01-15 14:50,1380
2020-01-15 14:55,1382
2020-01-15 15:00,1411
2020-01-15 15:05,1404
2020-01-15 15:10,1425
2020-01-15 15:15,1441
2020-01-15 15:20,1458
2020-01-15 15:25,1480
2020-01-15 15:30,1495
2020-01-15 15:35,1502
2020-01-15 15:40,1517
2020-01-15 15:45,1512
2020-01-15 15:50,1516
2020-01-15 15:55,1544
2020-01-15 16:00,1559
2020-01-15 16:05,1569
2020-01-15 16:10,1576
2020-01-15 16:15,1586
2020-01-15 16:20,1601
2020-01-15 16:25,1619
2020-01-15 16:30,1639
2020-01-15 16:35,1641
2020-01-15 16:40,1657
2020-01-15 16:45,1677
2020-01-15 16:50,1698
2020-01-15 16:55,1713
2020-01-15 17:00,1749
2020-01-15 17:05,1773
2020-01-15 17:10,1764
2020-01-15 17:15,1783
2020-01-15 17:20,1817
2020-01-15 17:25,1820
2020-01-15 17:30,1828
2020-01-15 17:35,1865
2020-01-15 17:40,1874
2020-01-15 17:45,1895
2020-01-15 17:50,0
2020-01-15 17:55,1877
2020-01-15 18:00,1851
2020-01-15 18:05,1853
2020-01-15 18:10,1950
2020-01-15 18:15,1947
2020-01-15 18:20,1964
2020-01-15 18:25,1975
2020-01-15 18:30,1979
2020-01-15 18:35,1985
2020-01-15 18:40,1971
2020-01-15 18:45,1978
2020-01-15 18:50,1046
2020-01-15 18:55,1080
2020-01-15 19:00,1732
2020-01-15 19:05,1954
2020-01-15 19:10,1966
2020-01-15 19:15,1958
2020-01-15 19:20,1964
2020-01-15 19:25,1974
2020-01-15 19:30,1982
2020-01-15 19:35,1980
2020-01-15 19:40,1998
2020-01-15 19:45,1986
2020-01-15 19:50,1977
2020-01-15 19:55,1989
2020-01-15 20:00,1973
2020-01-15 20:05,1965
2020-01-15 20:10,1962
2020-01-15 20:15,1965
2020-01-15 20:20,1973
2020-01-15 20:25,1971
2020-01-15 20:30,1947
2020-01-15 20:35,1957
2020-01-15 20:40,1917
2020-01-15 20:45,1931
2020-01-15 20:50,1831
2020-01-15 20:55,1922
2020-01-15 21:00,1915
2020-01-15 21:05,1907
2020-01-15 21:10,1875
2020-01-15 21:15,1856
2020-01-15 21:20,1818
2020-01-15 21:25,1796
2020-01-15 21:30,1772
2020-01-15 21:35,1762
2020-01-15 21:40,1764
2020-01-15 21:45,1733
2020-01-15 21:50,1715
2020-01-15 21:55,1708
2020-01-15 22:00,1686
2020-01-15 22:05,1664
2020-01-15 22:10,1641
2020-01-15 22:15,1651
2020-01-15 22:20,1664
2020-01-15 22:25,1657
2020-01-15 22:30,1613
2020-01-15 22:35,1591
2020-01-15 22:40,1567
2020-01-15 22:45,1578
2020-01-15 22:50,1578
2020-01-15 22:55,1566
2020-01-15 23:00,1553
2020-01-15 23:05,1535
2020-01-15 23:10,1535
2020-01-15 23:15,1506
2020-01-15 23:20,1515
2020-01-15 23:25,1472
2020-01-15 23:30,1482
2020-01-15 23:35,1448
2020-01-15 23:40,1442
2020-01-15 23:45,1437
2020-01-15 23:50,1201
2020-01-15 23:55,1205
2020-01-16 00:00,1336
2020-01-16 00:05,1373
2020-01-16 00:10,1375
2020-01-16 00:15,1395
2020-01-16 00:20,1415
2020-01-16 00:25,1402
2020-01-16 00:30,1383
2020-01-16 00:35,1391
2020-01-16 00:40,1408
2020-01-16 00:45,1392
2020-01-16 00:50,1391
2020-01-16 00:55,1384
2020-01-16 01:00,1368
2020-01-16 01:05,1363
2020-01-16 01:10,1359
2020-01-16 01:15,1349
2020-01-16 01:20,1350
2020-01-16 01:25,1349
2020-01-16 01:30,1349
2020-01-16 01:35,1352
2020-01-16 01:40,1357
2020-01-16 01:45,1346
2020-01-16 01:50,1333
2020-01-16 01:55,1325
2020-01-16 02:00,1313
2020-01-16 02:05,1293
2020-01-16 02:10,1312
2020-01-16 02:15,1312
2020-01-16 02:20,1314
2020-01-16 02:25,1317
2020-01-16 02:30,1309
2020-01-16 02:35,1304
2020-01-16 02:40,1292
2020-01-16 02:45,1288
2020-01-16 02:50,1271
2020-01-16 02:55,1262
2020-01-16 03:00,1257
2020-01-16 03:05,1243
2020-01-16 03:10,1221
2020-01-16 03:15,1211
2020-01-16 03:20,1193
2020-01-16 03:25,1189
2020-01-16 03:30,1169
2020-01-16 03:35,1153
2020-01-16 03:40,1154
2020-01-16 03:45,1140
2020-01-16 03:50,1129
2020-01-16 03:55,1111
2020-01-16 04:00,1110
2020-01-16 04:05,1116
2020-01-16 04:10,1119
2020-01-16 04:15,1096
2020-01-16 04:20,1095
2020-01-16 04:25,1083
2020-01-16 04:30,1071
2020-01-16 04:35,1054
2020-01-16 04:40,1037
2020-01-16 04:45,1039
2020-01-16 04:50,1020
2020-01-16 04:55,1016
2020-01-16 05:00,1001
2020-01-16 05:05,997
2020-01-16 05:10,992
2020-01-16 05:15,984
2020-01-16 05:20,981
2020-01-16 05:25,982
2020-01-16 05:30,959
2020-01-16 05:35,961
2020-01-16 05:40,941
2020-01-16 05:45,938
2020-01-16 05:50,938
2020-01-16 05:55,936
2020-01-16 06:00,936
2020-01-16 06:05,918
2020-01-16 06:10,909
2020-01-16 06:15,900
2020-01-16 06:20,880
2020-01-16 06:25,868
2020-01-16 06:30,870
2020-01-16 06:35,863
2020-01-16 06:40,859
2020-01-16 06:45,850
2020-01-16 06:50,845
2020-01-16 06:55,851
2020-01-16 07:00,855
2020-01-16 07:05,854
2020-01-16 07:10,852
2020-01-16 07:15,856
2020-01-16 07:20,857
2020-01-16 07:25,862
2020-01-16 07:30,861
2020-01-16 07:35,858
2020-01-16 07:40,846
2020-01-16 07:45,843
2020-01-16 07:50,855
2020-01-16 07:55,852
2020-01-16 08:00,837
2020-01-16 08:05,842
2020-01-16 08:10,859
2020-01-16 08:15,859
2020-01-16 08:20,863
2020-01-16 08:25,861
2020-01-16 08:30,846
2020-01-16 08:35,849
2020-01-16 08:40,851
2020-01-16 08:45,850
2020-01-16 08:50,847
2020-01-16 08:55,847
2020-01-16 09:00,847
2020-01-16 09:05,861
2020-01-16 09:10,870
2020-01-16 09:15,884
2020-01-16 09:20,888
2020-01-16 09:25,896
2020-01-16 09:30,906
2020-01-16 09:35,919
2020-01-16 09:40,923
2020-01-16 09:45,941
2020-01-16 09:50,939
2020-01-16 09:55,952
2020-01-16 10:00,967
2020-01-16 10:05,981
2020-01-16 10:10,972
2020-01-16 10:15,991
2020-01-16 10:20,997
2020-01-16 10:25,1008
2020-01-16 10:30,1009
2020-01-16 10:35,1008
2020-01-16 10:40,1024
2020-01-16 10:45,1043
2020-01-16 10:50,1039
2020-01-16 10:55,1061
2020-01-16 11:00,1059
2020-01-16 11:05,1072
2020-01-16 11:10,1091
2020-01-16 11:15,1105
2020-01-16 11:20,1122
2020-01-16 11:25,1110
2020-01-16 11:30,1117
2020-01-16 11:35,1124
2020-01-16 11:40,1114
2020-01-16 11:45,1108
2020-01-16 11:50,1106
2020-01-16 11:55,1107
2020-01-16 12:00,1114
2020-01-16 12:05,1120
2020-01-16 12:10,1138
2020-01-16 12:15,1145
2020-01-16 12:20,1155
2020-01-16 12:25,1159
2020-01-16 12:30,1171
2020-01-16 12:35,1162
2020-01-16 12:40,1168
2020-01-16 12:45,1174
2020-01-16 12:50,1184
2020-01-16 12:55,1183
2020-01-16 13:00,1186
2020-01-16 13:05,1191
2020-01-16 13:10,1206
2020-01-16 13:15,1236
2020-01-16 13:20,1256
2020-01-16 13:25,1272
2020-01-16 13:30,1260
2020-01-16 13:35,1294
2020-01-16 13:40,1295
2020-01-16 13:45,1310
2020-01-16 13:50,1320
2020-01-16 13:55,1333
2020-01-16 14:00,1327
2020-01-16 14:05,1356
2020-01-16 14:10,1374
2020-01-16 14:15,1364
2020-01-16 14:20,1379
2020-01-16 14:25,1362
2020-01-16 14:30,1376
2020-01-16 14:35,1368
2020-01-16 14:40,1362
2020-01-16 14:45,1353
2020-01-16 14:50,1325
2020-01-16 14:55,1257
2020-01-16 15:00,1121
2020-01-16 15:05,769
2020-01-16 15:10,756
2020-01-16 15:15,752
2020-01-16 15:20,772
2020-01-16 15:25,784
2020-01-16 15:30,792
2020-01-16 15:35,814
2020-01-16 15:40,834
2020-01-16 15:45,824
2020-01-16 15:50,841
2020-01-16 15:55,857
2020-01-16 16:00,863
2020-01-16 16:05,867
2020-01-16 16:10,870
2020-01-16 16:15,896
2020-01-16 16:20,934
2020-01-16 16:25,1014
2020-01-16 16:30,1098
2020-01-16 16:35,1181
2020-01-16 16:40,1257
2020-01-16 16:45,1308
2020-01-16 16:50,1378
2020-01-16 16:55,1432
2020-01-16 17:00,1519
2020-01-16 17:05,1593
2020-01-16 17:10,1664
2020-01-16 17:15,1704
2020-01-16 17:20,1722
2020-01-16 17:25,1773
2020-01-16 17:30,1821
2020-01-16 17:35,1840
2020-01-16 17:40,1872
2020-01-16 17:45,1901
2020-01-16 17:50,1891
2020-01-16 17:55,1908
2020-01-16 18:00,1919
2020-01-16 18:05,1932
2020-01-16 18:10,1944
2020-01-16 18:15,1960
2020-01-16 18:20,1972
2020-01-16 18:25,1995
2020-01-16 18:30,1999
2020-01-16 18:35,2009
2020-01-16 18:40,2031
2020-01-16 18:45,2032
2020-01-16 18:50,2046
2020-01-16 18:55,2044
2020-01-16 19:00,2041
2020-01-16 19:05,2033
2020-01-16 19:10,2028
2020-01-16 19:15,2016
2020-01-16 19:20,0
2020-01-16 19:25,2049
2020-01-16 19:30,2049
2020-01-16 19:35,2057
2020-01-16 19:40,2033
2020-01-16 19:45,2084
2020-01-16 19:50,2079
2020-01-16 19:55,2057
2020-01-16 20:00,2060
2020-01-16 20:05,2048
2020-01-16 20:10,1589
2020-01-16 20:15,1977
2020-01-16 20:20,2019
2020-01-16 20:25,1993
2020-01-16 20:30,1964
2020-01-16 20:35,1929
2020-01-16 20:40,1910
2020-01-16 20:45,1911
2020-01-16 20:50,1893
2020-01-16 20:55,1871
2020-01-16 21:00,1849
2020-01-16 21:05,1854
2020-01-16 21:10,1841
2020-01-16 21:15,1827
2020-01-16 21:20,1819
2020-01-16 21:25,1834
2020-01-16 21:30,1820
2020-01-16 21:35,1810
2020-01-16 21:40,1766
2020-01-16 21:45,1772
2020-01-16 21:50,1753
2020-01-16 21:55,1743
2020-01-16 22:00,1733
2020-01-16 22:05,1697
2020-01-16 22:10,1689
2020-01-16 22:15,1680
2020-01-16 22:20,1673
2020-01-16 22:25,1666
2020-01-16 22:30,1660
2020-01-16 22:35,1636
2020-01-16 22:40,1614
2020-01-16 22:45,1593
2020-01-16 22:50,1586
2020-01-16 22:55,1578
2020-01-16 23:00,1570
2020-01-16 23:05,1559
2020-01-16 23:10,1532
2020-01-16 23:15,1525
2020-01-16 23:20,1521
2020-01-16 23:25,1507
2020-01-16 23:30,1491
2020-01-16 23:35,1468
2020-01-16 23:40,1457
2020-01-16 23:45,1458
2020-01-16 23:50,1457
2020-01-16 23:55,1463
2020-01-17 00:00,1441
2020-01-17 00:05,1421
2020-01-17 00:10,1417
2020-01-17 00:15,1397
2020-01-17 00:20,1389
2020-01-17 00:25,1400
2020-01-17 00:30,1361
2020-01-17 00:35,1353
2020-01-17 00:40,1350
2020-01-17 00:45,1356
2020-01-17 00:50,1343
2020-01-17 00:55,1331
2020-01-17 01:00,1306
2020-01-17 01:05,1276
2020-01-17 01:10,1279
2020-01-17 01:15,1277
2020-01-17 01:20,1290
2020-01-17 01:25,1290
2020-01-17 01:30,1296
2020-01-17 01:35,1301
2020-01-17 01:40,1314
2020-01-17 01:45,1319
2020-01-17 01:50,1316
2020-01-17 01:55,1322
2020-01-17 02:00,1310
2020-01-17 02:05,1303
2020-01-17 02:10,1305
2020-01-17 02:15,1302
2020-01-17 02:20,1286
2020-01-17 02:25,1282
2020-01-17 02:30,1278
2020-01-17 02:35,1263
2020-01-17 02:40,1261
2020-01-17 02:45,1252
2020-01-17 02:50,1251
2020-01-17 02:55,1246
2020-01-17 03:00,1241
2020-01-17 03:05,1237
2020-01-17 03:10,1232
2020-01-17 03:15,1219
2020-01-17 03:20,1209
2020-01-17 03:25,1184
2020-01-17 03:30,1174
2020-01-17 03:35,1155
2020-01-17 03:40,1143
2020-01-17 03:45,1151
2020-01-17 03:50,1158
2020-01-17 03:55,1149
2020-01-17 04:00,1125
2020-01-17 04:05,1126
2020-01-17 04:10,1109
2020-01-17 04:15,1100
2020-01-17 04:20,1106
2020-01-17 04:25,1097
2020-01-17 04:30,1088
2020-01-17 04:35,1063
2020-01-17 04:40,1062
2020-01-17 04:45,1057
2020-01-17 04:50,1066
2020-01-17 04:55,1037
2020-01-17 05:00,1035
2020-01-17 05:05,1016
2020-01-17 05:10,1008
2020-01-17 05:15,996
2020-01-17 05:20,979
2020-01-17 05:25,959
2020-01-17 05:30,950
2020-01-17 05:35,932
2020-01-17 05:40,926
2020-01-17 05:45,925
2020-01-17 05:50,934
2020-01-17 05:55,938
2020-01-17 06:00,923
2020-01-17 06:05,921
2020-01-17 06:10,924
2020-01-17 06:15,902
2020-01-17 06:20,913
2020-01-17 06:25,896
2020-01-17 06:30,891
2020-01-17 06:35,902
2020-01-17 06:40,891
2020-01-17 06:45,898
2020-01-17 06:50,888
2020-01-17 06:55,888
2020-01-17 07:00,882
2020-01-17 07:05,878
2020-01-17 07:10,883
2020-01-17 07:15,883
2020-01-17 07:20,873
2020-01-17 07:25,883
2020-01-17 07:30,859
2020-01-17 07:35,861
2020-01-17 07:40,864
2020-01-17 07:45,853
2020-01-17 07:50,853
2020-01-17 07:55,854
2020-01-17 08:00,853
2020-01-17 08:05,839
2020-01-17 08:10,839
2020-01-17 08:15,843
2020-01-17 08:20,857
2020-01-17 08:25,843
2020-01-17 08:30,835
2020-01-17 08:35,849
2020-01-17 08:40,859
2020-01-17 08:45,874
2020-01-17 08:50,864
2020-01-17 08:55,856
2020-01-17 09:00,855
2020-01-17 09:05,843
2020-01-17 09:10,852
2020-01-17 09:15,849
2020-01-17 09:20,865
2020-01-17 09:25,870
2020-01-17 09:30,875
2020-01-17 09:35,886
2020-01-17 09:40,893
2020-01-17 09:45,896
2020-01-17 09:50,900
2020-01-17 09:55,918
2020-01-17 10:00,915
2020-01-17 10:05,926
2020-01-17 10:10,958
2020-01-17 10:15,974
2020-01-17 10:20,996
2020-01-17 10:25,992
2020-01-17 10:30,1016
2020-01-17 10:35,1044
2020-01-17 10:40,1043
2020-01-17 10:45,1057
2020-01-17 10:50,1066
2020-01-17 10:55,1081
2020-01-17 11:00,1078
2020-01-17 11:05,1096
2020-01-17 11:10,1095
2020-01-17 11:15,1083
2020-01-17 11:20,1086
2020-01-17 11:25,1099
2020-01-17 11:30,1109
2020-01-17 11:35,1109
2020-01-17 11:40,1111
2020-01-17 11:45,1124
2020-01-17 11:50,1134
2020-01-17 11:55,1137
2020-01-17 12:00,1130
2020-01-17 12:05,1154
2020-01-17 12:10,1171
2020-01-17 12:15,1169
2020-01-17 12:20,1163
2020-01-17 12:25,1185
2020-01-17 12:30,1213
2020-01-17 12:35,1237
2020-01-17 12:40,1266
2020-01-17 12:45,1246
2020-01-17 12:50,1267
2020-01-17 12:55,1260
2020-01-17 13:00,1269
2020-01-17 13:05,1254
2020-01-17 13:10,1243
2020-01-17 13:15,1259
2020-01-17 13:20,1271
2020-01-17 13:25,1287
2020-01-17 13:30,1289
2020-01-17 13:35,1291
2020-01-17 13:40,1312
2020-01-17 13:45,1337
2020-01-17 13:50,1337
2020-01-17 13:55,1361
2020-01-17 14:00,1373
2020-01-17 14:05,1379
2020-01-17 14:10,1376
2020-01-17 14:15,1395
2020-01-17 14:20,1405
2020-01-17 14:25,1420
2020-01-17 14:30,1435
2020-01-17 14:35,1451
2020-01-17 14:40,1449
2020-01-17 14:45,1469
2020-01-17 14:50,1479
2020-01-17 14:55,1523
2020-01-17 15:00,1539
2020-01-17 15:05,1546
2020-01-17 15:10,1553
2020-01-17 15:15,1568
2020-01-17 15:20,1583
2020-01-17 15:25,1611
2020-01-17 15:30,1612
2020-01-17 15:35,1610
2020-01-17 15:40,1639
2020-01-17 15:45,1645
2020-01-17 15:50,1654
2020-01-17 15:55,1667
2020-01-17 16:00,1678
2020-01-17 16:05,1702
2020-01-17 16:10,1710
2020-01-17 16:15,1714
2020-01-17 16:20,1724
2020-01-17 16:25,1731
2020-01-17 16:30,1737
2020-01-17 16:35,1747
2020-01-17 16:40,1764
2020-01-17 16:45,1773
2020-01-17 16:50,1807
2020-01-17 16:55,
2020-01-17 17:00,
2020-01-17 17:05,
2020-01-17 17:10,1854
2020-01-17 17:15,1681
2020-01-17 17:20,1862
2020-01-17 17:25,1946
2020-01-17 17:30,710
2020-01-17 17:35,1459
2020-01-17 17:40,1961
2020-01-17 17:45,2004
2020-01-17 17:50,2022
2020-01-17 17:55,2035
2020-01-17 18:00,2046
2020-01-17 18:05,2060
2020-01-17 18:10,2072
2020-01-17 18:15,2095
2020-01-17 18:20,2113
2020-01-17 18:25,2096
2020-01-17 18:30,2103
2020-01-17 18:35,2110
2020-01-17 18:40,2111
2020-01-17 18:45,2114
2020-01-17 18:50,2129
2020-01-17 18:55,2132
2020-01-17 19:00,2126
2020-01-17 19:05,2123
2020-01-17 19:10,2130
2020-01-17 19:15,2148
2020-01-17 19:20,2152
2020-01-17 19:25,2131
2020-01-17 19:30,2135
2020-01-17 19:35,2143
2020-01-17 19:40,2159
2020-01-17 19:45,2166
2020-01-17 19:50,2177
2020-01-17 19:55,2174
2020-01-17 20:00,2151
2020-01-17 20:05,2131
2020-01-17 20:10,2131
2020-01-17 20:15,2147
2020-01-17 20:20,2147
2020-01-17 20:25,2137
2020-01-17 20:30,2127
2020-01-17 20:35,2126
2020-01-17 20:40,2134
2020-01-17 20:45,2142
2020-01-17 20:50,2116
2020-01-17 20:55,2123
2020-01-17 21:00,2132
2020-01-17 21:05,2116
2020-01-17 21:10,2103
2020-01-17 21:15,2097
2020-01-17 21:20,2098
2020-01-17 21:25,2104
2020-01-17 21:30,2085
2020-01-17 21:35,2086
2020-01-17 21:40,2069
2020-01-17 21:45,2059
2020-01-17 21:50,2032
2020-01-17 21:55,2022
2020-01-17 22:00,1994
2020-01-17 22:05,1991
2020-01-17 22:10,2004
2020-01-17 22:15,1986
2020-01-17 22:20,1985
2020-01-17 22:25,1973
2020-01-17 22:30,1948
2020-01-17 22:35,1919
2020-01-17 22:40,1908
2020-01-17 22:45,1906
2020-01-17 22:50,1890
2020-01-17 22:55,1883
2020-01-17 23:00,1870
2020-01-17 23:05,1848
2020-01-17 23:10,1818
2020-01-17 23:15,1796
2020-01-17 23:20,1793
2020-01-17 23:25,1784
2020-01-17 23:30,1752
2020-01-17 23:35,1775
2020-01-17 23:40,1743
2020-01-17 23:45,1721
2020-01-17 23:50,1686
2020-01-17 23:55,1668
2020-01-18 00:00,1651
2020-01-18 00:05,1628
2020-01-18 00:10,1625
2020-01-18 00:15,1602
2020-01-18 00:20,1581
2020-01-18 00:25,1573
2020-01-18 00:30,1565
2020-01-18 00:35,1553
2020-01-18 00:40,1531
2020-01-18 00:45,1496
2020-01-18 00:50,1500
2020-01-18 00:55,1497
2020-01-18 01:00,1480
2020-01-18 01:05,1484
2020-01-18 01:10,1479
2020-01-18 01:15,1469
2020-01-18 01:20,1473
2020-01-18 01:25,1489
2020-01-18 01:30,1487
2020-01-18 01:35,1501
2020-01-18 01:40,1510
2020-01-18 01:45,1504
2020-01-18 01:50,1521
2020-01-18 01:55,1510
2020-01-18 02:00,1499
2020-01-18 02:05,1503
2020-01-18 02:10,1495
2020-01-18 02:15,1499
2020-01-18 02:20,1500
2020-01-18 02:25,1492
2020-01-18 02:30,1495
2020-01-18 02:35,1487
2020-01-18 02:40,1491
2020-01-18 02:45,1477
2020-01-18 02:50,1487
2020-01-18 02:55,1491
2020-01-18 03:00,1477
2020-01-18 03:05,1458
2020-01-18 03:10,1456
2020-01-18 03:15,1439
2020-01-18 03:20,1423
2020-01-18 03:25,1415
2020-01-18 03:30,1415
2020-01-18 03:35,1410
2020-01-18 03:40,1414
2020-01-18 03:45,1416
2020-01-18 03:50,1389
2020-01-18 03:55,1383
2020-01-18 04:00,1370
2020-01-18 04:05,1354
2020-01-18 04:10,1342
2020-01-18 04:15,1334
2020-01-18 04:20,1323
2020-01-18 04:25,1301
2020-01-18 04:30,1291
2020-01-18 04:35,1285
2020-01-18 04:40,1267
2020-01-18 04:45,1268
2020-01-18 04:50,1258
2020-01-18 04:55,1244
2020-01-18 05:00,1255
2020-01-18 05:05,1248
2020-01-18 05:10,1231
2020-01-18 05:15,1207
2020-01-18 05:20,1208
2020-01-18 05:25,1233
2020-01-18 05:30,1215
2020-01-18 05:35,1217
2020-01-18 05:40,1225
2020-01-18 05:45,1210
2020-01-18 05:50,1205
2020-01-18 05:55,1211
2020-01-18 06:00,1215
2020-01-18 06:05,1211
2020-01-18 06:10,1213
2020-01-18 06:15,1207
2020-01-18 06:20,1206
2020-01-18 06:25,1196
2020-01-18 06:30,1196
2020-01-18 06:35,1184
2020-01-18 06:40,1179
2020-01-18 06:45,1188
2020-01-18 06:50,1188
2020-01-18 06:55,1199
2020-01-18 07:00,1207
2020-01-18 07:05,1203
2020-01-18 07:10,1196
2020-01-18 07:15,1181
2020-01-18 07:20,1172
2020-01-18 07:25,1177
2020-01-18 07:30,1188
2020-01-18 07:35,1188
2020-01-18 07:40,1165
2020-01-18 07:45,1166
2020-01-18 07:50,1172
2020-01-18 07:55,1180
2020-01-18 08:00,1192
2020-01-18 08:05,1195
2020-01-18 08:10,1206
2020-01-18 08:15,1218
2020-01-18 08:20,1220
2020-01-18 08:25,1231
2020-01-18 08:30,1227
2020-01-18 08:35,1254
2020-01-18 08:40,1264
2020-01-18 08:45,1268
2020-01-18 08:50,1274
2020-01-18 08:55,1297
2020-01-18 09:00,1308
2020-01-18 09:05,1316
2020-01-18 09:10,1329
2020-01-18 09:15,1342
2020-01-18 09:20,1360
2020-01-18 09:25,1370
2020-01-18 09:30,1383
2020-01-18 09:35,1385
2020-01-18 09:40,1401
2020-01-18 09:45,1418
2020-01-18 09:50,1426
2020-01-18 09:55,1446
2020-01-18 10:00,1484
2020-01-18 10:05,1536
2020-01-18 10:10,1542
2020-01-18 10:15,1572
2020-01-18 10:20,1584
2020-01-18 10:25,1593
2020-01-18 10:30,1601
2020-01-18 10:35,1594
2020-01-18 10:40,1615
2020-01-18 10:45,1637
2020-01-18 10:50,1666
2020-01-18 10:55,1668
2020-01-18 11:00,1676
2020-01-18 11:05,1697
2020-01-18 11:10,1729
2020-01-18 11:15,1748
2020-01-18 11:20,1737
2020-01-18 11:25,1768
2020-01-18 11:30,1770
2020-01-18 11:35,1770
2020-01-18 11:40,1784
2020-01-18 11:45,1786
2020-01-18 11:50,1788
2020-01-18 11:55,1794
2020-01-18 12:00,1796
2020-01-18 12:05,1770
2020-01-18 12:10,1802
2020-01-18 12:15,1799
2020-01-18 12:20,1824
2020-01-18 12:25,1842
2020-01-18 12:30,1831
2020-01-18 12:35,1846
2020-01-18 12:40,1873
2020-01-18 12:45,1878
2020-01-18 12:50,1888
2020-01-18 12:55,1910
2020-01-18 13:00,1913
2020-01-18 13:05,1918
2020-01-18 13:10,1913
2020-01-18 13:15,1910
2020-01-18 13:20,1924
2020-01-18 13:25,1931
2020-01-18 13:30,1965
2020-01-18 13:35,1987
2020-01-18 13:40,1982
2020-01-18 13:45,1996
2020-01-18 13:50,1988
2020-01-18 13:55,2013
2020-01-18 14:00,2024
2020-01-18 14:05,2064
2020-01-18 14:10,2072
2020-01-18 14:15,2073
2020-01-18 14:20,2085
2020-01-18 14:25,2092
2020-01-18 14:30,2104
2020-01-18 14:35,2114
2020-01-18 14:40,2139
2020-01-18 14:45,2131
2020-01-18 14:50,2162
2020-01-18 14:55,2161
2020-01-18 15:00,2183
2020-01-18 15:05,2205
2020-01-18 15:10,2210
2020-01-18 15:15,2217
2020-01-18 15:20,2235
2020-01-18 15:25,2252
2020-01-18 15:30,2254
2020-01-18 15:35,2280
2020-01-18 15:40,2281
2020-01-18 15:45,2281
2020-01-18 15:50,2305
2020-01-18 15:55,2323
2020-01-18 16:00,2364
2020-01-18 16:05,2349
2020-01-18 16:10,2336
2020-01-18 16:15,2340
2020-01-18 16:20,2383
2020-01-18 16:25,2410
2020-01-18 16:30,2425
2020-01-18 16:35,2450
2020-01-18 16:40,2484
2020-01-18 16:45,2482
2020-01-18 16:50,2498
2020-01-18 16:55,2508
2020-01-18 17:00,2498
2020-01-18 17:05,2487
2020-01-18 17:10,2513
2020-01-18 17:15,2522
2020-01-18 17:20,2529
2020-01-18 17:25,2541
2020-01-18 17:30,2540
2020-01-18 17:35,2570
2020-01-18 17:40,2570
2020-01-18 17:45,2582
2020-01-18 17:50,2579
2020-01-18 17:55,2581
2020-01-18 18:00,2568
2020-01-18 18:05,2572
2020-01-18 18:10,2575
2020-01-18 18:15,2576
2020-01-18 18:20,2561
2020-01-18 18:25,2565
2020-01-18 18:30,2551
2020-01-18 18:35,2536
2020-01-18 18:40,2540
2020-01-18 18:45,2528
2020-01-18 18:50,2533
2020-01-18 18:55,2551
2020-01-18 19:00,2565
2020-01-18 19:05,2577
2020-01-18 19:10,2554
2020-01-18 19:15,2576
2020-01-18 19:20,2596
2020-01-18 19:25,2617
2020-01-18 19:30,2627
2020-01-18 19:35,2632
2020-01-18 19:40,2656
2020-01-18 19:45,2647
2020-01-18 19:50,2645
2020-01-18 19:55,2648
2020-01-18 20:00,2626
2020-01-18 20:05,2638
2020-01-18 20:10,2621
2020-01-18 20:15,2617
2020-01-18 20:20,2617
2020-01-18 20:25,2593
2020-01-18 20:30,2595
2020-01-18 20:35,2595
2020-01-18 20:40,2598
2020-01-18 20:45,2585
2020-01-18 20:50,2582
2020-01-18 20:55,2579
2020-01-18 21:00,2586
2020-01-18 21:05,2590
2020-01-18 21:10,2593
2020-01-18 21:15,2593
2020-01-18 21:20,2593
2020-01-18 21:25,2592
2020-01-18 21:30,2622
2020-01-18 21:35,2606
2020-01-18 21:40,2558
2020-01-18 21:45,2559
2020-01-18 21:50,2542
2020-01-18 21:55,2552
2020-01-18 22:00,2555
2020-01-18 22:05,2543
2020-01-18 22:10,2546
2020-01-18 22:15,2523
2020-01-18 22:20,2522
2020-01-18 22:25,2498
2020-01-18 22:30,2456
2020-01-18 22:35,2450
2020-01-18 22:40,2400
2020-01-18 22:45,2375
2020-01-18 22:50,2356
2020-01-18 22:55,2329
2020-01-18 23:00,2310
2020-01-18 23:05,2276
2020-01-18 23:10,2237
2020-01-18 23:15,2209
2020-01-18 23:20,2181
2020-01-18 23:25,2173
2020-01-18 23:30,2168
2020-01-18 23:35,2152
2020-01-18 23:40,2115
2020-01-18 23:45,2089
2020-01-18 23:50,2070
2020-01-18 23:55,2054
2020-01-19 00:00,2032
2020-01-19 00:05,2019
2020-01-19 00:10,1999
2020-01-19 00:15,1989
2020-01-19 00:20,1965
2020-01-19 00:25,1961
2020-01-19 00:30,1952
2020-01-19 00:35,1949
2020-01-19 00:40,1918
2020-01-19 00:45,1892
2020-01-19 00:50,1882
2020-01-19 00:55,1870
2020-01-19 01:00,1866
2020-01-19 01:05,1839
2020-01-19 01:10,1815
2020-01-19 01:15,1814
2020-01-19 01:20,1810
2020-01-19 01:25,1811
2020-01-19 01:30,1791
2020-01-19 01:35,1776
2020-01-19 01:40,1757
2020-01-19 01:45,1722
2020-01-19 01:50,1708
2020-01-19 01:55,1689
2020-01-19 02:00,1673
2020-01-19 02:05,1661
2020-01-19 02:10,1652
2020-01-19 02:15,1652
2020-01-19 02:20,1653
2020-01-19 02:25,1633
2020-01-19 02:30,1630
2020-01-19 02:35,1612
2020-01-19 02:40,1612
2020-01-19 02:45,1618
2020-01-19 02:50,1596
2020-01-19 02:55,1600
2020-01-19 03:00,1605
2020-01-19 03:05,1616
2020-01-19 03:10,1611
2020-01-19 03:15,1586
2020-01-19 03:20,1575
2020-01-19 03:25,1582
2020-01-19 03:30,1569
2020-01-19 03:35,1553
2020-01-19 03:40,1555
2020-01-19 03:45,1555
2020-01-19 03:50,1544
2020-01-19 03:55,1536
2020-01-19 04:00,1530
2020-01-19 04:05,1526
2020-01-19 04:10,1526
2020-01-19 04:15,1507
2020-01-19 04:20,1503
2020-01-19 04:25,1493
2020-01-19 04:30,1486
2020-01-19 04:35,1476
2020-01-19 04:40,1463
2020-01-19 04:45,1460
2020-01-19 04:50,1445
2020-01-19 04:55,1432
2020-01-19 05:00,1427
2020-01-19 05:05,1398
2020-01-19 05:10,1391
2020-01-19 05:15,1374
2020-01-19 05:20,1380
2020-01-19 05:25,1358
2020-01-19 05:30,1361
2020-01-19 05:35,1358
2020-01-19 05:40,1339
2020-01-19 05:45,1328
2020-01-19 05:50,1318
2020-01-19 05:55,1315
2020-01-19 06:00,1297
2020-01-19 06:05,1302
2020-01-19 06:10,1302
2020-01-19 06:15,1287
2020-01-19 06:20,1273
2020-01-19 06:25,1263
2020-01-19 06:30,1248
2020-01-19 06:35,1236
2020-01-19 06:40,1233
2020-01-19 06:45,1230
2020-01-19 06:50,1232
2020-01-19 06:55,1226
2020-01-19 07:00,1233
2020-01-19 07:05,1215
2020-01-19 07:10,1228
2020-01-19 07:15,1232
2020-01-19 07:20,1247
2020-01-19 07:25,1254
2020-01-19 07:30,1261
2020-01-19 07:35,1262
2020-01-19 07:40,1270
2020-01-19 07:45,1284
2020-01-19 07:50,1289
2020-01-19 07:55,1305
2020-01-19 08:00,1308
2020-01-19 08:05,1321
2020-01-19 08:10,1316
2020-01-19 08:15,1337
2020-01-19 08:20,1336
2020-01-19 08:25,1345
2020-01-19 08:30,1356
2020-01-19 08:35,1376
2020-01-19 08:40,1372
2020-01-19 08:45,1393
2020-01-19 08:50,1416
2020-01-19 08:55,1426
2020-01-19 09:00,1456
2020-01-19 09:05,1455
2020-01-19 09:10,1456
2020-01-19 09:15,1446
2020-01-19 09:20,1459
2020-01-19 09:25,1483
2020-01-19 09:30,1518
2020-01-19 09:35,1527
2020-01-19 09:40,1554
2020-01-19 09:45,1561
2020-01-19 09:50,1579
2020-01-19 09:55,1618
2020-01-19 10:00,1638
2020-01-19 10:05,1677
2020-01-19 10:10,1695
2020-01-19 10:15,1714
2020-01-19 10:20,1761
2020-01-19 10:25,1790
2020-01-19 10:30,1799
2020-01-19 10:35,1804
2020-01-19 10:40,1817
2020-01-19 10:45,1833
2020-01-19 10:50,1857
2020-01-19 10:55,1872
2020-01-19 11:00,1876
2020-01-19 11:05,1916
2020-01-19 11:10,1917
2020-01-19 11:15,1932
2020-01-19 11:20,1940
2020-01-19 11:25,1954
2020-01-19 11:30,1966
2020-01-19 11:35,1970
2020-01-19 11:40,1980
2020-01-19 11:45,1998
2020-01-19 11:50,2016
2020-01-19 11:55,2037
2020-01-19 12:00,2024
2020-01-19 12:05,2033
2020-01-19 12:10,2027
2020-01-19 12:15,2047
2020-01-19 12:20,2060
2020-01-19 12:25,2082
2020-01-19 12:30,2091
2020-01-19 12:35,2090
2020-01-19 12:40,2107
2020-01-19 12:45,2107
2020-01-19 12:50,2104
2020-01-19 12:55,2099
2020-01-19 13:00,2097
2020-01-19 13:05,2102
2020-01-19 13:10,2107
2020-01-19 13:15,2116
2020-01-19 13:20,2105
2020-01-19 13:25,2147
2020-01-19 13:30,2155
2020-01-19 13:35,2162
2020-01-19 13:40,2175
2020-01-19 13:45,2187
2020-01-19 13:50,2198
2020-01-19 13:55,2220
2020-01-19 14:00,2236
2020-01-19 14:05,2263
2020-01-19 14:10,2289
2020-01-19 14:15,2301
2020-01-19 14:20,2333
2020-01-19 14:25,2330
2020-01-19 14:30,2366
2020-01-19 14:35,2394
2020-01-19 14:40,2368
2020-01-19 14:45,2384
2020-01-19 14:50,2376
2020-01-19 14:55,2401
2020-01-19 15:00,2411
2020-01-19 15:05,2424
2020-01-19 15:10,2411
2020-01-19 15:15,2418
2020-01-19 15:20,2439
2020-01-19 15:25,2441
2020-01-19 15:30,2474
2020-01-19 15:35,2490
2020-01-19 15:40,2498
2020-01-19 15:45,2494
2020-01-19 15:50,2502
2020-01-19 15:55,2518
2020-01-19 16:00,2557
2020-01-19 16:05,2560
2020-01-19 16:10,2580
2020-01-19 16:15,2572
2020-01-19 16:20,2603
2020-01-19 16:25,2608
2020-01-19 16:30,2622
2020-01-19 16:35,2606
2020-01-19 16:40,2643
2020-01-19 16:45,2659
2020-01-19 16:50,2681
2020-01-19 16:55,2682
2020-01-19 17:00,2656
2020-01-19 17:05,2672
2020-01-19 17:10,2677
2020-01-19 17:15,2683
2020-01-19 17:20,2711
2020-01-19 17:25,2730
2020-01-19 17:30,2728
2020-01-19 17:35,2605
2020-01-19 17:40,2743
2020-01-19 17:45,2803
2020-01-19 17:50,2789
2020-01-19 17:55,2789
2020-01-19 18:00,2788
2020-01-19 18:05,2768
2020-01-19 18:10,2747
2020-01-19 18:15,2754
2020-01-19 18:20,2745
2020-01-19 18:25,2745
2020-01-19 18:30,2755
2020-01-19 18:35,2750
2020-01-19 18:40,2752
2020-01-19 18:45,2758
2020-01-19 18:50,2774
2020-01-19 18:55,2806
2020-01-19 19:00,2830
2020-01-19 19:05,2815
2020-01-19 19:10,2835
2020-01-19 19:15,2852
2020-01-19 19:20,2831
2020-01-19 19:25,2821
2020-01-19 19:30,2824
2020-01-19 19:35,2827
2020-01-19 19:40,2819
2020-01-19 19:45,2831
2020-01-19 19:50,2839
2020-01-19 19:55,2830
2020-01-19 20:00,2821
2020-01-19 20:05,2805
2020-01-19 20:10,2787
2020-01-19 20:15,2761
2020-01-19 20:20,2740
2020-01-19 20:25,2724
2020-01-19 20:30,2718
2020-01-19 20:35,2708
2020-01-19 20:40,2701
2020-01-19 20:45,2704
2020-01-19 20:50,2673
2020-01-19 20:55,2662
2020-01-19 21:00,2627
2020-01-19 21:05,2605
2020-01-19 21:10,2569
2020-01-19 21:15,2539
2020-01-19 21:20,2519
2020-01-19 21:25,2493
2020-01-19 21:30,2471
2020-01-19 21:35,2457
2020-01-19 21:40,2447
2020-01-19 21:45,2428
2020-01-19 21:50,2405
2020-01-19 21:55,2365
2020-01-19 22:00,2355
2020-01-19 22:05,2351
2020-01-19 22:10,2319
2020-01-19 22:15,2284
2020-01-19 22:20,2277
2020-01-19 22:25,2249
2020-01-19 22:30,2230
2020-01-19 22:35,2194
2020-01-19 22:40,2178
2020-01-19 22:45,2165
2020-01-19 22:50,2142
2020-01-19 22:55,2126
2020-01-19 23:00,2102
2020-01-19 23:05,2083
2020-01-19 23:10,2065
2020-01-19 23:15,2035
2020-01-19 23:20,2015
2020-01-19 23:25,2007
2020-01-19 23:30,2008
2020-01-19 23:35,1971
2020-01-19 23:40,1947
2020-01-19 23:45,1897
2020-01-19 23:50,1893
2020-01-19 23:55,1882
2020-01-20 00:00,1839
2020-01-20 00:05,1832
2020-01-20 00:10,1811
2020-01-20 00:15,1802
2020-01-20 00:20,1798
2020-01-20 00:25,1771
2020-01-20 00:30,1763
2020-01-20 00:35,1745
2020-01-20 00:40,1741
2020-01-20 00:45,1748
2020-01-20 00:50,1732
2020-01-20 00:55,1707
2020-01-20 01:00,1701
2020-01-20 01:05,1707
2020-01-20 01:10,1705
2020-01-20 01:15,1706
2020-01-20 01:20,1695
2020-01-20 01:25,1693
2020-01-20 01:30,1695
2020-01-20 01:35,1694
2020-01-20 01:40,1690
2020-01-20 01:45,1689
2020-01-20 01:50,1685
2020-01-20 01:55,1675
2020-01-20 02:00,1658
2020-01-20 02:05,1654
2020-01-20 02:10,1647
2020-01-20 02:15,1635
2020-01-20 02:20,1612
2020-01-20 02:25,1593
2020-01-20 02:30,1572
2020-01-20 02:35,1547
2020-01-20 02:40,1558
2020-01-20 02:45,1544
2020-01-20 02:50,1542
2020-01-20 02:55,1544
2020-01-20 03:00,1510
2020-01-20 03:05,1501
2020-01-20 03:10,1486
2020-01-20 03:15,1487
2020-01-20 03:20,1479
2020-01-20 03:25,1473
2020-01-20 03:30,1469
2020-01-20 03:35,1465
2020-01-20 03:40,1453
2020-01-20 03:45,1436
2020-01-20 03:50,1433
2020-01-20 03:55,1409
2020-01-20 04:00,1396
2020-01-20 04:05,1396
2020-01-20 04:10,1396
2020-01-20 04:15,1384
2020-01-20 04:20,1361
2020-01-20 04:25,1351
2020-01-20 04:30,1332
2020-01-20 04:35,1328
2020-01-20 04:40,1320
2020-01-20 04:45,1317
2020-01-20 04:50,1310
2020-01-20 04:55,1293
2020-01-20 05:00,1270
2020-01-20 05:05,1268
2020-01-20 05:10,1262
2020-01-20 05:15,1245
2020-01-20 05:20,1232
2020-01-20 05:25,1230
2020-01-20 05:30,1230
2020-01-20 05:35,1227
2020-01-20 05:40,1211
2020-01-20 05:45,1197
2020-01-20 05:50,1203
2020-01-20 05:55,1200
2020-01-20 06:00,1183
2020-01-20 06:05,1177
2020-01-20 06:10,1165
2020-01-20 06:15,1158
2020-01-20 06:20,1169
2020-01-20 06:25,1163
2020-01-20 06:30,1155
2020-01-20 06:35,1148
2020-01-20 06:40,1134
2020-01-20 06:45,1117
2020-01-20 06:50,1111
2020-01-20 06:55,1105
2020-01-20 07:00,1097
2020-01-20 07:05,1096
2020-01-20 07:10,1092
2020-01-20 07:15,1093
2020-01-20 07:20,1091
2020-01-20 07:25,1070
2020-01-20 07:30,1058
2020-01-20 07:35,1053
2020-01-20 07:40,1054
2020-01-20 07:45,1058
2020-01-20 07:50,1061
2020-01-20 07:55,1058
2020-01-20 08:00,1040
2020-01-20 08:05,1052
2020-01-20 08:10,1039
2020-01-20 08:15,1036
2020-01-20 08:20,1039
2020-01-20 08:25,1047
2020-01-20 08:30,1048
2020-01-20 08:35,1039
2020-01-20 08:40,1047
2020-01-20 08:45,1054
2020-01-20 08:50,1054
2020-01-20 08:55,1063
2020-01-20 09:00,1053
2020-01-20 09:05,1045
2020-01-20 09:10,1037
2020-01-20 09:15,1061
2020-01-20 09:20,1072
2020-01-20 09:25,1067
2020-01-20 09:30,1074
2020-01-20 09:35,1086
2020-01-20 09:40,1096
2020-01-20 09:45,1092
2020-01-20 09:50,1093
2020-01-20 09:55,1099
2020-01-20 10:00,1117
2020-01-20 10:05,1140
2020-01-20 10:10,1144
2020-01-20 10:15,1194
2020-01-20 10:20,1220
2020-01-20 10:25,1221
2020-01-20 10:30,1216
2020-01-20 10:35,1230
2020-01-20 10:40,1245
2020-01-20 10:45,1258
2020-01-20 10:50,1273
2020-01-20 10:55,1281
2020-01-20 11:00,1294
2020-01-20 11:05,1304
2020-01-20 11:10,1314
2020-01-20 11:15,1303
2020-01-20 11:20,1304
2020-01-20 11:25,1304
2020-01-20 11:30,1314
2020-01-20 11:35,1332
2020-01-20 11:40,1325
2020-01-20 11:45,1329
2020-01-20 11:50,1334
2020-01-20 11:55,1347
2020-01-20 12:00,1353
2020-01-20 12:05,1360
2020-01-20 12:10,1358
2020-01-20 12:15,1374
2020-01-20 12:20,1390
2020-01-20 12:25,1395
2020-01-20 12:30,1404
2020-01-20 12:35,1436
2020-01-20 12:40,1433
2020-01-20 12:45,1444
2020-01-20 12:50,1445
2020-01-20 12:55,1457
2020-01-20 13:00,1466
2020-01-20 13:05,1493
2020-01-20 13:10,1514
2020-01-20 13:15,1523
2020-01-20 13:20,1536
2020-01-20 13:25,1558
2020-01-20 13:30,1578
2020-01-20 13:35,1572
2020-01-20 13:40,1588
2020-01-20 13:45,1610
2020-01-20 13:50,1616
2020-01-20 13:55,1646
2020-01-20 14:00,1647
2020-01-20 14:05,1650
2020-01-20 14:10,1656
2020-01-20 14:15,1649
2020-01-20 14:20,1663
2020-01-20 14:25,1697
2020-01-20 14:30,1718
2020-01-20 14:35,1729
2020-01-20 14:40,1733
2020-01-20 14:45,1757
2020-01-20 14:50,1780
2020-01-20 14:55,1803
2020-01-20 15:00,1820
2020-01-20 15:05,1813
2020-01-20 15:10,1826
2020-01-20 15:15,1844
2020-01-20 15:20,1842
2020-01-20 15:25,1857
2020-01-20 15:30,1857
2020-01-20 15:35,1901
2020-01-20 15:40,1898
2020-01-20 15:45,1905
2020-01-20 15:50,1918
2020-01-20 15:55,1919
2020-01-20 16:00,1955
2020-01-20 16:05,1970
2020-01-20 16:10,1970
2020-01-20 16:15,1986
2020-01-20 16:20,1983
2020-01-20 16:25,2011
2020-01-20 16:30,2047
2020-01-20 16:35,2037
2020-01-20 16:40,2048
2020-01-20 16:45,2079
2020-01-20 16:50,2116
2020-01-20 16:55,2124
2020-01-20 17:00,2131
2020-01-20 17:05,2154
2020-01-20 17:10,2167
2020-01-20 17:15,2201
2020-01-20 17:20,2245
2020-01-20 17:25,2252
2020-01-20 17:30,2271
2020-01-20 17:35,2295
2020-01-20 17:40,2316
2020-01-20 17:45,2338
2020-01-20 17:50,2358
2020-01-20 17:55,2366
2020-01-20 18:00,2367
2020-01-20 18:05,2377
2020-01-20 18:10,2392
2020-01-20 18:15,2416
2020-01-20 18:20,2404
2020-01-20 18:25,2412
2020-01-20 18:30,2414
2020-01-20 18:35,2412
2020-01-20 18:40,2459
2020-01-20 18:45,2460
2020-01-20 18:50,2449
2020-01-20 18:55,2471
2020-01-20 19:00,2481
2020-01-20 19:05,2482
2020-01-20 19:10,2474
2020-01-20 19:15,2489
2020-01-20 19:20,2509
2020-01-20 19:25,2511
2020-01-20 19:30,2526
2020-01-20 19:35,2495
2020-01-20 19:40,2498
2020-01-20 19:45,2505
2020-01-20 19:50,2493
2020-01-20 19:55,2495
2020-01-20 20:00,2489
2020-01-20 20:05,2468
2020-01-20 20:10,2481
2020-01-20 20:15,2470
2020-01-20 20:20,2449
2020-01-20 20:25,2437
2020-01-20 20:30,2429
2020-01-20 20:35,2424
2020-01-20 20:40,2415
2020-01-20 20:45,2410
2020-01-20 20:50,2375
2020-01-20 20:55,2363
2020-01-20 21:00,2351
2020-01-20 21:05,2355
2020-01-20 21:10,2326
2020-01-20 21:15,2307
2020-01-20 21:20,2300
2020-01-20 21:25,2289
2020-01-20 21:30,2244
2020-01-20 21:35,2230
2020-01-20 21:40,2193
2020-01-20 21:45,2192
2020-01-20 21:50,2149
2020-01-20 21:55,2120
2020-01-20 22:00,2106
2020-01-20 22:05,2075
2020-01-20 22:10,2058
2020-01-20 22:15,2032
2020-01-20 22:20,2032
2020-01-20 22:25,2049
2020-01-20 22:30,2010
2020-01-20 22:35,1996
2020-01-20 22:40,1974
2020-01-20 22:45,1962
2020-01-20 22:50,1941
2020-01-20 22:55,1921
2020-01-20 23:00,1911
2020-01-20 23:05,1882
2020-01-20 23:10,1849
2020-01-20 23:15,1832
2020-01-20 23:20,1818
2020-01-20 23:25,1801
2020-01-20 23:30,1788
2020-01-20 23:35,1762
2020-01-20 23:40,1743
2020-01-20 23:45,1748
2020-01-20 23:50,1756
2020-01-20 23:55,1725
2020-01-21 00:00,1702
2020-01-21 00:05,1683
2020-01-21 00:10,1661
2020-01-21 00:15,1642
2020-01-21 00:20,1618
2020-01-21 00:25,1594
2020-01-21 00:30,1601
2020-01-21 00:35,1589
2020-01-21 00:40,1578
2020-01-21 00:45,1578
2020-01-21 00:50,1571
2020-01-21 00:55,1583
2020-01-21 01:00,1558
2020-01-21 01:05,1539
2020-01-21 01:10,1533
2020-01-21 01:15,1531
2020-01-21 01:20,1532
2020-01-21 01:25,1530
2020-01-21 01:30,1522
2020-01-21 01:35,1521
2020-01-21 01:40,1526
2020-01-21 01:45,1534
2020-01-21 01:50,1547
2020-01-21 01:55,1525
2020-01-21 02:00,1519
2020-01-21 02:05,1524
2020-01-21 02:10,1515
2020-01-21 02:15,1536
2020-01-21 02:20,1540
2020-01-21 02:25,1535
2020-01-21 02:30,1522
2020-01-21 02:35,1520
2020-01-21 02:40,1515
2020-01-21 02:45,1499
2020-01-21 02:50,1489
2020-01-21 02:55,1463
2020-01-21 03:00,1447
2020-01-21 03:05,1421
2020-01-21 03:10,1406
2020-01-21 03:15,1408
2020-01-21 03:20,1398
2020-01-21 03:25,1383
2020-01-21 03:30,1371
2020-01-21 03:35,1361
2020-01-21 03:40,1338
2020-01-21 03:45,1328
2020-01-21 03:50,1324
2020-01-21 03:55,1310
2020-01-21 04:00,1304
2020-01-21 04:05,1281
2020-01-21 04:10,1256
2020-01-21 04:15,1235
2020-01-21 04:20,1216
2020-01-21 04:25,1212
2020-01-21 04:30,1203
2020-01-21 04:35,1199
2020-01-21 04:40,1202
2020-01-21 04:45,1197
2020-01-21 04:50,1188
2020-01-21 04:55,1183
2020-01-21 05:00,1160
2020-01-21 05:05,1147
2020-01-21 05:10,1138
2020-01-21 05:15,1116
2020-01-21 05:20,1109
2020-01-21 05:25,1088
2020-01-21 05:30,1092
2020-01-21 05:35,1074
2020-01-21 05:40,1066
2020-01-21 05:45,1060
2020-01-21 05:50,1057
2020-01-21 05:55,1055
2020-01-21 06:00,1055
2020-01-21 06:05,1061
2020-01-21 06:10,1043
2020-01-21 06:15,1040
2020-01-21 06:20,1034
2020-01-21 06:25,1024
2020-01-21 06:30,1025
2020-01-21 06:35,1015
2020-01-21 06:40,1021
2020-01-21 06:45,1015
2020-01-21 06:50,1019
2020-01-21 06:55,1018
2020-01-21 07:00,1019
2020-01-21 07:05,999
2020-01-21 07:10,1001
2020-01-21 07:15,990
2020-01-21 07:20,995
2020-01-21 07:25,1000
2020-01-21 07:30,1008
2020-01-21 07:35,1026
2020-01-21 07:40,1022
2020-01-21 07:45,1026
2020-01-21 07:50,1023
2020-01-21 07:55,1033
2020-01-21 08:00,1020
2020-01-21 08:05,1006
2020-01-21 08:10,1016
2020-01-21 08:15,1026
2020-01-21 08:20,1032
2020-01-21 08:25,1027
2020-01-21 08:30,1019
2020-01-21 08:35,1022
2020-01-21 08:40,1029
2020-01-21 08:45,1033
2020-01-21 08:50,1038
2020-01-21 08:55,1024
2020-01-21 09:00,1011
2020-01-21 09:05,1035
2020-01-21 09:10,1031
2020-01-21 09:15,1040
2020-01-21 09:20,1041
2020-01-21 09:25,1054
2020-01-21 09:30,1060
2020-01-21 09:35,1059
2020-01-21 09:40,1065
2020-01-21 09:45,1074
2020-01-21 09:50,1086
2020-01-21 09:55,1103
2020-01-21 10:00,1127
2020-01-21 10:05,1146
2020-01-21 10:10,1165
2020-01-21 10:15,1184
2020-01-21 10:20,1194
2020-01-21 10:25,1201
2020-01-21 10:30,1215
2020-01-21 10:35,1214
2020-01-21 10:40,1209
2020-01-21 10:45,1215
2020-01-21 10:50,1220
2020-01-21 10:55,1229
2020-01-21 11:00,1231
2020-01-21 11:05,1247
2020-01-21 11:10,1252
2020-01-21 11:15,1261
2020-01-21 11:20,1264
2020-01-21 11:25,1267
2020-01-21 11:30,1284
2020-01-21 11:35,1283
2020-01-21 11:40,1313
2020-01-21 11:45,1307
2020-01-21 11:50,1320
2020-01-21 11:55,1331
2020-01-21 12:00,1344
2020-01-21 12:05,1339
2020-01-21 12:10,1343
2020-01-21 12:15,1364
2020-01-21 12:20,1373
2020-01-21 12:25,1391
2020-01-21 12:30,1402
2020-01-21 12:35,1399
2020-01-21 12:40,1414
2020-01-21 12:45,1400
2020-01-21 12:50,1389
2020-01-21 12:55,1397
2020-01-21 13:00,1408
2020-01-21 13:05,1421
2020-01-21 13:10,1415
2020-01-21 13:15,1423
2020-01-21 13:20,1440
2020-01-21 13:25,1431
2020-01-21 13:30,1433
2020-01-21 13:35,1436
2020-01-21 13:40,1419
2020-01-21 13:45,1396
2020-01-21 13:50,1343
2020-01-21 13:55,1247
2020-01-21 14:00,1041
2020-01-21 14:05,709
2020-01-21 14:10,673
2020-01-21 14:15,650
2020-01-21 14:20,633
2020-01-21 14:25,615
2020-01-21 14:30,621
2020-01-21 14:35,620
2020-01-21 14:40,600
2020-01-21 14:45,607
2020-01-21 14:50,642
2020-01-21 14:55,654
2020-01-21 15:00,669
2020-01-21 15:05,701
2020-01-21 15:10,695
2020-01-21 15:15,712
2020-01-21 15:20,756
2020-01-21 15:25,766
2020-01-21 15:30,793
2020-01-21 15:35,794
2020-01-21 15:40,824
2020-01-21 15:45,814
2020-01-21 15:50,841
2020-01-21 15:55,860
2020-01-21 16:00,860
2020-01-21 16:05,878
2020-01-21 16:10,897
2020-01-21 16:15,924
2020-01-21 16:20,936
2020-01-21 16:25,934
2020-01-21 16:30,952
2020-01-21 16:35,969
2020-01-21 16:40,995
2020-01-21 16:45,998
2020-01-21 16:50,1025
2020-01-21 16:55,1020
2020-01-21 17:00,1057
2020-01-21 17:05,1087
2020-01-21 17:10,1064
2020-01-21 17:15,1079
2020-01-21 17:20,1069
2020-01-21 17:25,1095
2020-01-21 17:30,1090
2020-01-21 17:35,1123
2020-01-21 17:40,1117
2020-01-21 17:45,1145
2020-01-21 17:50,1158
2020-01-21 17:55,1186
2020-01-21 18:00,1173
2020-01-21 18:05,1183
2020-01-21 18:10,1166
2020-01-21 18:15,1155
2020-01-21 18:20,1171
2020-01-21 18:25,1200
2020-01-21 18:30,1212
2020-01-21 18:35,1190
2020-01-21 18:40,1199
2020-01-21 18:45,1202
2020-01-21 18:50,1214
2020-01-21 18:55,1250
2020-01-21 19:00,1258
2020-01-21 19:05,1277
2020-01-21 19:10,1270
2020-01-21 19:15,1279
2020-01-21 19:20,1319
2020-01-21 19:25,1326
2020-01-21 19:30,1367
2020-01-21 19:35,1472
2020-01-21 19:40,1684
2020-01-21 19:45,1516
2020-01-21 19:50,1512
2020-01-21 19:55,1487
2020-01-21 20:00,1601
2020-01-21 20:05,1764
2020-01-21 20:10,1739
2020-01-21 20:15,1694
2020-01-21 20:20,1639
2020-01-21 20:25,1624
2020-01-21 20:30,1572
2020-01-21 20:35,1587
2020-01-21 20:40,1573
2020-01-21 20:45,1548
2020-01-21 20:50,1506
2020-01-21 20:55,1493
2020-01-21 21:00,1751
2020-01-21 21:05,2026
2020-01-21 21:10,2219
2020-01-21 21:15,2340
2020-01-21 21:20,2424
2020-01-21 21:25,2477
2020-01-21 21:30,2536
2020-01-21 21:35,2560
2020-01-21 21:40,2593
2020-01-21 21:45,2610
2020-01-21 21:50,2610
2020-01-21 21:55,2629
2020-01-21 22:00,2653
2020-01-21 22:05,2656
2020-01-21 22:10,2677
2020-01-21 22:15,2670
2020-01-21 22:20,2636
2020-01-21 22:25,2625
2020-01-21 22:30,2606
2020-01-21 22:35,2581
2020-01-21 22:40,2571
2020-01-21 22:45,2557
2020-01-21 22:50,2550
2020-01-21 22:55,2564
2020-01-21 23:00,2533
2020-01-21 23:05,2488
2020-01-21 23:10,2456
2020-01-21 23:15,2422
2020-01-21 23:20,0
2020-01-21 23:25,1557
2020-01-21 23:30,2125
2020-01-21 23:35,2299
2020-01-21 23:40,2270
2020-01-21 23:45,2263
2020-01-21 23:50,2254
2020-01-21 23:55,2223
2020-01-22 00:00,2233
2020-01-22 00:05,2191
2020-01-22 00:10,2186
2020-01-22 00:15,2173
2020-01-22 00:20,2145
2020-01-22 00:25,2136
2020-01-22 00:30,2107
2020-01-22 00:35,2096
2020-01-22 00:40,2090
2020-01-22 00:45,2080
2020-01-22 00:50,2081
2020-01-22 00:55,2072
2020-01-22 01:00,2067
2020-01-22 01:05,2063
2020-01-22 01:10,2079
2020-01-22 01:15,2057
2020-01-22 01:20,2066
2020-01-22 01:25,2037
2020-01-22 01:30,2016
2020-01-22 01:35,2016
2020-01-22 01:40,1998
2020-01-22 01:45,1997
2020-01-22 01:50,1990
2020-01-22 01:55,1978
2020-01-22 02:00,1960
2020-01-22 02:05,1951
2020-01-22 02:10,1942
2020-01-22 02:15,1947
2020-01-22 02:20,1936
2020-01-22 02:25,1904
2020-01-22 02:30,1905
2020-01-22 02:35,1863
2020-01-22 02:40,1863
2020-01-22 02:45,1856
2020-01-22 02:50,1854
2020-01-22 02:55,1833
2020-01-22 03:00,1828
2020-01-22 03:05,1801
2020-01-22 03:10,1816
2020-01-22 03:15,1788
2020-01-22 03:20,1784
2020-01-22 03:25,1758
2020-01-22 03:30,1732
2020-01-22 03:35,1723
2020-01-22 03:40,1703
2020-01-22 03:45,1669
2020-01-22 03:50,1659
2020-01-22 03:55,1637
2020-01-22 04:00,1628
2020-01-22 04:05,1617
2020-01-22 04:10,1617
2020-01-22 04:15,1606
2020-01-22 04:20,1564
2020-01-22 04:25,1548
2020-01-22 04:30,1550
2020-01-22 04:35,1542
2020-01-22 04:40,1513
2020-01-22 04:45,1488
2020-01-22 04:50,1491
2020-01-22 04:55,1472
2020-01-22 05:00,1453
2020-01-22 05:05,1457
2020-01-22 05:10,1426
2020-01-22 05:15,1405
2020-01-22 05:20,1391
2020-01-22 05:25,1370
2020-01-22 05:30,1368
2020-01-22 05:35,1358
2020-01-22 05:40,1354
2020-01-22 05:45,1335
2020-01-22 05:50,1317
2020-01-22 05:55,1313
2020-01-22 06:00,1313
2020-01-22 06:05,1299
2020-01-22 06:10,1309
2020-01-22 06:15,1291
2020-01-22 06:20,1277
2020-01-22 06:25,1263
2020-01-22 06:30,1277
2020-01-22 06:35,1279
2020-01-22 06:40,1256
2020-01-22 06:45,1267
2020-01-22 06:50,1263
2020-01-22 06:55,1262
2020-01-22 07:00,1256
2020-01-22 07:05,1261
2020-01-22 07:10,1266
2020-01-22 07:15,1280
2020-01-22 07:20,1274
2020-01-22 07:25,1286
2020-01-22 07:30,1276
2020-01-22 07:35,1278
2020-01-22 07:40,1280
2020-01-22 07:45,1279
2020-01-22 07:50,1282
2020-01-22 07:55,1271
2020-01-22 08:00,1268
2020-01-22 08:05,1272
2020-01-22 08:10,1282
2020-01-22 08:15,1290
2020-01-22 08:20,1315
2020-01-22 08:25,1318
2020-01-22 08:30,1327
2020-01-22 08:35,1343
2020-01-22 08:40,1364
2020-01-22 08:45,1382
2020-01-22 08:50,1374
2020-01-22 08:55,1370
2020-01-22 09:00,1369
2020-01-22 09:05,1378
2020-01-22 09:10,1391
2020-01-22 09:15,1404
2020-01-22 09:20,1402
2020-01-22 09:25,1389
2020-01-22 09:30,1407
2020-01-22 09:35,1422
2020-01-22 09:40,1410
2020-01-22 09:45,1427
2020-01-22 09:50,1430
2020-01-22 09:55,1459
2020-01-22 10:00,1474
2020-01-22 10:05,1480
2020-01-22 10:10,1489
2020-01-22 10:15,1490
2020-01-22 10:20,1519
2020-01-22 10:25,1529
2020-01-22 10:30,1533
2020-01-22 10:35,1535
2020-01-22 10:40,1544
2020-01-22 10:45,1539
2020-01-22 10:50,1543
2020-01-22 10:55,1565
2020-01-22 11:00,1574
2020-01-22 11:05,1581
2020-01-22 11:10,1578
2020-01-22 11:15,1575
2020-01-22 11:20,1596
2020-01-22 11:25,1620
2020-01-22 11:30,1629
2020-01-22 11:35,1630
2020-01-22 11:40,1635
2020-01-22 11:45,1648
2020-01-22 11:50,1661
2020-01-22 11:55,1665
2020-01-22 12:00,1671
2020-01-22 12:05,1712
2020-01-22 12:10,1725
2020-01-22 12:15,1748
2020-01-22 12:20,1778
2020-01-22 12:25,1783
2020-01-22 12:30,1790
2020-01-22 12:35,1781
2020-01-22 12:40,1786
2020-01-22 12:45,1795
2020-01-22 12:50,1363
2020-01-22 12:55,1804
2020-01-22 13:00,1801
2020-01-22 13:05,1795
2020-01-22 13:10,1817
2020-01-22 13:15,1832
2020-01-22 13:20,1832
2020-01-22 13:25,1854
2020-01-22 13:30,1873
2020-01-22 13:35,1841
2020-01-22 13:40,1816
2020-01-22 13:45,1778
2020-01-22 13:50,1734
2020-01-22 13:55,1637
2020-01-22 14:00,1438
2020-01-22 14:05,836
2020-01-22 14:10,784
2020-01-22 14:15,735
2020-01-22 14:20,711
2020-01-22 14:25,706
2020-01-22 14:30,686
2020-01-22 14:35,683
2020-01-22 14:40,671
2020-01-22 14:45,724
2020-01-22 14:50,736
2020-01-22 14:55,772
2020-01-22 15:00,785
2020-01-22 15:05,796
2020-01-22 15:10,784
2020-01-22 15:15,805
2020-01-22 15:20,794
2020-01-22 15:25,802
2020-01-22 15:30,804
2020-01-22 15:35,791
2020-01-22 15:40,783
2020-01-22 15:45,808
2020-01-22 15:50,818
2020-01-22 15:55,833
2020-01-22 16:00,865
2020-01-22 16:05,988
2020-01-22 16:10,1118
2020-01-22 16:15,1204
2020-01-22 16:20,1310
2020-01-22 16:25,1401
2020-01-22 16:30,1444
2020-01-22 16:35,1414
2020-01-22 16:40,1367
2020-01-22 16:45,1340
2020-01-22 16:50,1282
2020-01-22 16:55,1285
2020-01-22 17:00,1268
2020-01-22 17:05,1247
2020-01-22 17:10,1226
2020-01-22 17:15,1220
2020-01-22 17:20,1184
2020-01-22 17:25,1390
2020-01-22 17:30,1528
2020-01-22 17:35,1694
2020-01-22 17:40,1815
2020-01-22 17:45,1908
2020-01-22 17:50,2024
2020-01-22 17:55,2129
2020-01-22 18:00,2211
2020-01-22 18:05,2264
2020-01-22 18:10,2352
2020-01-22 18:15,2404
2020-01-22 18:20,2451
2020-01-22 18:25,2498
2020-01-22 18:30,2534
2020-01-22 18:35,2564
2020-01-22 18:40,2595
2020-01-22 18:45,2625
2020-01-22 18:50,2630
2020-01-22 18:55,2678
2020-01-22 19:00,2701
2020-01-22 19:05,2756
2020-01-22 19:10,2803
2020-01-22 19:15,2823
2020-01-22 19:20,2855
2020-01-22 19:25,2883
2020-01-22 19:30,2864
2020-01-22 19:35,2881
2020-01-22 19:40,2897
2020-01-22 19:45,2924
2020-01-22 19:50,2929
2020-01-22 19:55,2920
2020-01-22 20:00,2892
2020-01-22 20:05,2874
2020-01-22 20:10,2892
2020-01-22 20:15,2890
2020-01-22 20:20,2878
2020-01-22 20:25,2865
2020-01-22 20:30,2865
2020-01-22 20:35,2860
2020-01-22 20:40,2844
2020-01-22 20:45,2839
2020-01-22 20:50,2818
2020-01-22 20:55,2788
2020-01-22 21:00,2764
2020-01-22 21:05,2717
2020-01-22 21:10,2686
2020-01-22 21:15,2687
2020-01-22 21:20,2647
2020-01-22 21:25,2647
2020-01-22 21:30,2634
2020-01-22 21:35,2610
2020-01-22 21:40,2576
2020-01-22 21:45,2554
2020-01-22 21:50,2547
2020-01-22 21:55,2512
2020-01-22 22:00,2487
2020-01-22 22:05,2466
2020-01-22 22:10,2453
2020-01-22 22:15,2427
2020-01-22 22:20,2428
2020-01-22 22:25,2406
2020-01-22 22:30,2363
2020-01-22 22:35,2314
2020-01-22 22:40,2291
2020-01-22 22:45,2288
2020-01-22 22:50,2276
2020-01-22 22:55,2269
2020-01-22 23:00,2239
2020-01-22 23:05,2205
2020-01-22 23:10,2212
2020-01-22 23:15,2165
2020-01-22 23:20,2147
2020-01-22 23:25,2147
2020-01-22 23:30,2098
2020-01-22 23:35,2077
2020-01-22 23:40,2072
2020-01-22 23:45,2064
2020-01-22 23:50,2058
2020-01-22 23:55,2044
2020-01-23 00:00,2033
2020-01-23 00:05,2012
2020-01-23 00:10,1973
2020-01-23 00:15,1971
2020-01-23 00:20,1947
2020-01-23 00:25,1934
2020-01-23 00:30,1929
2020-01-23 00:35,1901
2020-01-23 00:40,1897
2020-01-23 00:45,1902
2020-01-23 00:50,1893
2020-01-23 00:55,1892
2020-01-23 01:00,1897
2020-01-23 01:05,1899
2020-01-23 01:10,1883
2020-01-23 01:15,1878
2020-01-23 01:20,1883
2020-01-23 01:25,1858
2020-01-23 01:30,1824
2020-01-23 01:35,1824
2020-01-23 01:40,1816
2020-01-23 01:45,1788
2020-01-23 01:50,1793
2020-01-23 01:55,1775
2020-01-23 02:00,1782
2020-01-23 02:05,1773
2020-01-23 02:10,1773
2020-01-23 02:15,1771
2020-01-23 02:20,1769
2020-01-23 02:25,1766
2020-01-23 02:30,1756
2020-01-23 02:35,1748
2020-01-23 02:40,1737
2020-01-23 02:45,1713
2020-01-23 02:50,1708
2020-01-23 02:55,1683
2020-01-23 03:00,1652
2020-01-23 03:05,1647
2020-01-23 03:10,1618
2020-01-23 03:15,1592
2020-01-23 03:20,1595
2020-01-23 03:25,1600
2020-01-23 03:30,1597
2020-01-23 03:35,1584
2020-01-23 03:40,1556
2020-01-23 03:45,1544
2020-01-23 03:50,1531
2020-01-23 03:55,1523
2020-01-23 04:00,1501
2020-01-23 04:05,1493
2020-01-23 04:10,1496
2020-01-23 04:15,1457
2020-01-23 04:20,1448
2020-01-23 04:25,1437
2020-01-23 04:30,1417
2020-01-23 04:35,1402
2020-01-23 04:40,1397
2020-01-23 04:45,1390
2020-01-23 04:50,1375
2020-01-23 04:55,1347
2020-01-23 05:00,1335
2020-01-23 05:05,1343
2020-01-23 05:10,1314
2020-01-23 05:15,1309
2020-01-23 05:20,1293
2020-01-23 05:25,1296
2020-01-23 05:30,1292
2020-01-23 05:35,1282
2020-01-23 05:40,1255
2020-01-23 05:45,1246
2020-01-23 05:50,1238
2020-01-23 05:55,1230
2020-01-23 06:00,1208
2020-01-23 06:05,1212
2020-01-23 06:10,1214
2020-01-23 06:15,1228
2020-01-23 06:20,1225
2020-01-23 06:25,1218
2020-01-23 06:30,1206
2020-01-23 06:35,1187
2020-01-23 06:40,1191
2020-01-23 06:45,1182
2020-01-23 06:50,1185
2020-01-23 06:55,1192
2020-01-23 07:00,1191
2020-01-23 07:05,1180
2020-01-23 07:10,1185
2020-01-23 07:15,1192
2020-01-23 07:20,1191
2020-01-23 07:25,1182
2020-01-23 07:30,1183
2020-01-23 07:35,1193
2020-01-23 07:40,1205
2020-01-23 07:45,1200
2020-01-23 07:50,1189
2020-01-23 07:55,1211
2020-01-23 08:00,1207
2020-01-23 08:05,1207
2020-01-23 08:10,1215
2020-01-23 08:15,1223
2020-01-23 08:20,1223
2020-01-23 08:25,1242
2020-01-23 08:30,1233
2020-01-23 08:35,1243
2020-01-23 08:40,1255
2020-01-23 08:45,1274
2020-01-23 08:50,1293
2020-01-23 08:55,1287
2020-01-23 09:00,1306
2020-01-23 09:05,1314
2020-01-23 09:10,1321
2020-01-23 09:15,1321
2020-01-23 09:20,1326
2020-01-23 09:25,1342
2020-01-23 09:30,1356
2020-01-23 09:35,1353
2020-01-23 09:40,1339
2020-01-23 09:45,1323
2020-01-23 09:50,1330
2020-01-23 09:55,1333
2020-01-23 10:00,1361
2020-01-23 10:05,1392
2020-01-23 10:10,1416
2020-01-23 10:15,1431
2020-01-23 10:20,1438
2020-01-23 10:25,1436
2020-01-23 10:30,1448
2020-01-23 10:35,1445
2020-01-23 10:40,1432
2020-01-23 10:45,1437
2020-01-23 10:50,1446
2020-01-23 10:55,1431
2020-01-23 11:00,1438
2020-01-23 11:05,1454
2020-01-23 11:10,1457
2020-01-23 11:15,1463
2020-01-23 11:20,1463
2020-01-23 11:25,1465
2020-01-23 11:30,1480
2020-01-23 11:35,1518
2020-01-23 11:40,1509
2020-01-23 11:45,1530
2020-01-23 11:50,1530
2020-01-23 11:55,1512
2020-01-23 12:00,1519
2020-01-23 12:05,1520
2020-01-23 12:10,1520
2020-01-23 12:15,1538
2020-01-23 12:20,1553
2020-01-23 12:25,1554
2020-01-23 12:30,1554
2020-01-23 12:35,1585
2020-01-23 12:40,1610
2020-01-23 12:45,1628
2020-01-23 12:50,1629
2020-01-23 12:55,1613
2020-01-23 13:00,1634
2020-01-23 13:05,1649
2020-01-23 13:10,1670
2020-01-23 13:15,1678
2020-01-23 13:20,1692
2020-01-23 13:25,1720
2020-01-23 13:30,1728
2020-01-23 13:35,1743
2020-01-23 13:40,1610
2020-01-23 13:45,1494
2020-01-23 13:50,1530
2020-01-23 13:55,1559
2020-01-23 14:00,1569
2020-01-23 14:05,1569
2020-01-23 14:10,1634
2020-01-23 14:15,1634
2020-01-23 14:20,1663
2020-01-23 14:25,1678
2020-01-23 14:30,1693
2020-01-23 14:35,1715
2020-01-23 14:40,1739
2020-01-23 14:45,1739
2020-01-23 14:50,1732
2020-01-23 14:55,1716
2020-01-23 15:00,1710
2020-01-23 15:05,1683
2020-01-23 15:10,1703
2020-01-23 15:15,1710
2020-01-23 15:20,1710
2020-01-23 15:25,1724
2020-01-23 15:30,1750
2020-01-23 15:35,1762
2020-01-23 15:40,1815
2020-01-23 15:45,1815
2020-01-23 15:50,1841
2020-01-23 15:55,1865
2020-01-23 16:00,1891
2020-01-23 16:05,1911
2020-01-23 16:10,1927
2020-01-23 16:15,1964
2020-01-23 16:20,2000
2020-01-23 16:25,2032
2020-01-23 16:30,2070
2020-01-23 16:35,2107
2020-01-23 16:40,2141
2020-01-23 16:45,2165
2020-01-23 16:50,2181
2020-01-23 16:55,2244
2020-01-23 17:00,2281
2020-01-23 17:05,2339
2020-01-23 17:10,2377
2020-01-23 17:15,2392
2020-01-23 17:20,2392
2020-01-23 17:25,2405
2020-01-23 17:30,2440
2020-01-23 17:35,2479
2020-01-23 17:40,2489
2020-01-23 17:45,2503
2020-01-23 17:50,2498
2020-01-23 17:55,2515
2020-01-23 18:00,2543
2020-01-23 18:05,2543
2020-01-23 18:10,2558
2020-01-23 18:15,2554
2020-01-23 18:20,2555
2020-01-23 18:25,2555
2020-01-23 18:30,2616
2020-01-23 18:35,2616
2020-01-23 18:40,2613
2020-01-23 18:45,2628
2020-01-23 18:50,2658
2020-01-23 18:55,2654
2020-01-23 19:00,2648
2020-01-23 19:05,2648
2020-01-23 19:10,2633
2020-01-23 19:15,2633
2020-01-23 19:20,2624
2020-01-23 19:25,2633
2020-01-23 19:30,2625
2020-01-23 19:35,2614
2020-01-23 19:40,2609
2020-01-23 19:45,2600
2020-01-23 19:50,2591
2020-01-23 19:55,2571
2020-01-23 20:00,2539
2020-01-23 20:05,2568
2020-01-23 20:10,2572
2020-01-23 20:15,2564
2020-01-23 20:20,2571
2020-01-23 20:25,2553
2020-01-23 20:30,2543
2020-01-23 20:35,2525
2020-01-23 20:40,2524
2020-01-23 20:45,2513
2020-01-23 20:50,2491
2020-01-23 20:55,2444
2020-01-23 21:00,2413
2020-01-23 21:05,2413
2020-01-23 21:10,2391
2020-01-23 21:15,2372
2020-01-23 21:20,2339
2020-01-23 21:25,2335
2020-01-23 21:30,2317
2020-01-23 21:35,2314
2020-01-23 21:40,2285
2020-01-23 21:45,2291
2020-01-23 21:50,2259
2020-01-23 21:55,2225
2020-01-23 22:00,2202
2020-01-23 22:05,2177
2020-01-23 22:10,2153
2020-01-23 22:15,2147
2020-01-23 22:20,2125
2020-01-23 22:25,2110
2020-01-23 22:30,2116
2020-01-23 22:35,2103
2020-01-23 22:40,2090
2020-01-23 22:45,2082
2020-01-23 22:50,2049
2020-01-23 22:55,2033
2020-01-23 23:00,2011
2020-01-23 23:05,2003
2020-01-23 23:10,2003
2020-01-23 23:15,1990
2020-01-23 23:20,1977
2020-01-23 23:25,1947
2020-01-23 23:30,1930
2020-01-23 23:35,1904
2020-01-23 23:40,1892
2020-01-23 23:45,1893
2020-01-23 23:50,1879
2020-01-23 23:55,1863
2020-01-24 00:00,1830
2020-01-24 00:05,1830
2020-01-24 00:10,1823
2020-01-24 00:15,1815
2020-01-24 00:20,1812
2020-01-24 00:25,1798
2020-01-24 00:30,1795
2020-01-24 00:35,1780
2020-01-24 00:40,1789
2020-01-24 00:45,1796
2020-01-24 00:50,1779
2020-01-24 00:55,1748
2020-01-24 01:00,1763
2020-01-24 01:05,1775
2020-01-24 01:10,1751
2020-01-24 01:15,1751
2020-01-24 01:20,1725
2020-01-24 01:25,1735
2020-01-24 01:30,1721
2020-01-24 01:35,1714
2020-01-24 01:40,1700
2020-01-24 01:45,1686
2020-01-24 01:50,1656
2020-01-24 01:55,1622
2020-01-24 02:00,1624
2020-01-24 02:05,1608
2020-01-24 02:10,1609
2020-01-24 02:15,1611
2020-01-24 02:20,1596
2020-01-24 02:25,1600
2020-01-24 02:30,1615
2020-01-24 02:35,1596
2020-01-24 02:40,1584
2020-01-24 02:45,1575
2020-01-24 02:50,1564
2020-01-24 02:55,1544
2020-01-24 03:00,1542
2020-01-24 03:05,1538
2020-01-24 03:10,1548
2020-01-24 03:15,1529
2020-01-24 03:20,1513
2020-01-24 03:25,1507
2020-01-24 03:30,1519
2020-01-24 03:35,1501
2020-01-24 03:40,1493
2020-01-24 03:45,1469
2020-01-24 03:50,1454
2020-01-24 03:55,1451
2020-01-24 04:00,1436
2020-01-24 04:05,1423
2020-01-24 04:10,1403
2020-01-24 04:15,1382
2020-01-24 04:20,1377
2020-01-24 04:25,1368
2020-01-24 04:30,1372
2020-01-24 04:35,1371
2020-01-24 04:40,1356
2020-01-24 04:45,1343
2020-01-24 04:50,1322
2020-01-24 04:55,1289
2020-01-24 05:00,1277
2020-01-24 05:05,1278
2020-01-24 05:10,1265
2020-01-24 05:15,1258
2020-01-24 05:20,1242
2020-01-24 05:25,1237
2020-01-24 05:30,1237
2020-01-24 05:35,1232
2020-01-24 05:40,1221
2020-01-24 05:45,1215
2020-01-24 05:50,1197
2020-01-24 05:55,1209
2020-01-24 06:00,1188
2020-01-24 06:05,1165
2020-01-24 06:10,1157
2020-01-24 06:15,1159
2020-01-24 06:20,1139
2020-01-24 06:25,1129
2020-01-24 06:30,1135
2020-01-24 06:35,1137
2020-01-24 06:40,1135
2020-01-24 06:45,1125
2020-01-24 06:50,1117
2020-01-24 06:55,1120
2020-01-24 07:00,1104
2020-01-24 07:05,1106
2020-01-24 07:10,1110
2020-01-24 07:15,1109
2020-01-24 07:20,1103
2020-01-24 07:25,1082
2020-01-24 07:30,1047
2020-01-24 07:35,1070
2020-01-24 07:40,1066
2020-01-24 07:45,1063
2020-01-24 07:50,1080
2020-01-24 07:55,1081
2020-01-24 08:00,1086
2020-01-24 08:05,1085
2020-01-24 08:10,1090
2020-01-24 08:15,1088
2020-01-24 08:20,1095
2020-01-24 08:25,1111
2020-01-24 08:30,1115
2020-01-24 08:35,1131
2020-01-24 08:40,1144
2020-01-24 08:45,1153
2020-01-24 08:50,1156
2020-01-24 08:55,1167
2020-01-24 09:00,1177
2020-01-24 09:05,1189
2020-01-24 09:10,1197
2020-01-24 09:15,1206
2020-01-24 09:20,1216
2020-01-24 09:25,1223
2020-01-24 09:30,1242
2020-01-24 09:35,1258
2020-01-24 09:40,1275
2020-01-24 09:45,1260
2020-01-24 09:50,1250
2020-01-24 09:55,1257
2020-01-24 10:00,1260
2020-01-24 10:05,1292
2020-01-24 10:10,1304
2020-01-24 10:15,1307
2020-01-24 10:20,1323
2020-01-24 10:25,1357
2020-01-24 10:30,1371
2020-01-24 10:35,1371
2020-01-24 10:40,1373
2020-01-24 10:45,1361
2020-01-24 10:50,1365
2020-01-24 10:55,1356
2020-01-24 11:00,1358
2020-01-24 11:05,1374
2020-01-24 11:10,1367
2020-01-24 11:15,1387
2020-01-24 11:20,1394
2020-01-24 11:25,1396
2020-01-24 11:30,1408
2020-01-24 11:35,1411
2020-01-24 11:40,1427
2020-01-24 11:45,1446
2020-01-24 11:50,1450
2020-01-24 11:55,1461
2020-01-24 12:00,1464
2020-01-24 12:05,1479
2020-01-24 12:10,1466
2020-01-24 12:15,1474
2020-01-24 12:20,1467
2020-01-24 12:25,1469
2020-01-24 12:30,1478
2020-01-24 12:35,1495
2020-01-24 12:40,1516
2020-01-24 12:45,1526
2020-01-24 12:50,1537
2020-01-24 12:55,1560
2020-01-24 13:00,1571
2020-01-24 13:05,1571
2020-01-24 13:10,1602
2020-01-24 13:15,1613
2020-01-24 13:20,1616
2020-01-24 13:25,1624
2020-01-24 13:30,1609
2020-01-24 13:35,1613
2020-01-24 13:40,1602
2020-01-24 13:45,1570
2020-01-24 13:50,1568
2020-01-24 13:55,1511
2020-01-24 14:00,1380
2020-01-24 14:05,1123
2020-01-24 14:10,623
2020-01-24 14:15,602
2020-01-24 14:20,576
2020-01-24 14:25,572
2020-01-24 14:30,566
2020-01-24 14:35,565
2020-01-24 14:40,559
2020-01-24 14:45,562
2020-01-24 14:50,593
2020-01-24 14:55,632
2020-01-24 15:00,656
2020-01-24 15:05,682
2020-01-24 15:10,686
2020-01-24 15:15,689
2020-01-24 15:20,718
2020-01-24 15:25,719
2020-01-24 15:30,731
2020-01-24 15:35,728
2020-01-24 15:40,725
2020-01-24 15:45,732
2020-01-24 15:50,761
2020-01-24 15:55,746
2020-01-24 16:00,777
2020-01-24 16:05,818
2020-01-24 16:10,949
2020-01-24 16:15,1102
2020-01-24 16:20,1215
2020-01-24 16:25,1346
2020-01-24 16:30,1461
2020-01-24 16:35,1544
2020-01-24 16:40,1626
2020-01-24 16:45,1719
2020-01-24 16:50,1800
2020-01-24 16:55,1867
2020-01-24 17:00,1945
2020-01-24 17:05,1998
2020-01-24 17:10,2069
2020-01-24 17:15,2143
2020-01-24 17:20,2186
2020-01-24 17:25,2257
2020-01-24 17:30,2290
2020-01-24 17:35,2313
2020-01-24 17:40,2352
2020-01-24 17:45,2393
2020-01-24 17:50,2422
2020-01-24 17:55,2450
2020-01-24 18:00,2494
2020-01-24 18:05,2519
2020-01-24 18:10,2513
2020-01-24 18:15,2536
2020-01-24 18:20,2564
2020-01-24 18:25,2568
2020-01-24 18:30,2581
2020-01-24 18:35,2596
2020-01-24 18:40,2604
2020-01-24 18:45,2605
2020-01-24 18:50,2644
2020-01-24 18:55,2636
2020-01-24 19:00,2643
2020-01-24 19:05,2624
2020-01-24 19:10,2636
2020-01-24 19:15,2615
2020-01-24 19:20,2630
2020-01-24 19:25,2648
2020-01-24 19:30,2645
2020-01-24 19:35,2626
2020-01-24 19:40,2637
2020-01-24 19:45,2653
2020-01-24 19:50,2652
2020-01-24 19:55,2645
2020-01-24 20:00,2631
2020-01-24 20:05,2637
2020-01-24 20:10,2636
2020-01-24 20:15,2634
2020-01-24 20:20,2641
2020-01-24 20:25,2600
2020-01-24 20:30,2567
2020-01-24 20:35,2586
2020-01-24 20:40,2584
2020-01-24 20:45,2560
2020-01-24 20:50,2539
2020-01-24 20:55,2547
2020-01-24 21:00,2529
2020-01-24 21:05,2523
2020-01-24 21:10,2505
2020-01-24 21:15,2506
2020-01-24 21:20,2503
2020-01-24 21:25,2501
2020-01-24 21:30,2493
2020-01-24 21:35,2494
2020-01-24 21:40,2483
2020-01-24 21:45,2462
2020-01-24 21:50,2417
2020-01-24 21:55,2410
2020-01-24 22:00,2391
2020-01-24 22:05,2386
2020-01-24 22:10,2353
2020-01-24 22:15,2329
2020-01-24 22:20,2311
2020-01-24 22:25,2315
2020-01-24 22:30,2294
2020-01-24 22:35,2267
2020-01-24 22:40,2256
2020-01-24 22:45,2243
2020-01-24 22:50,2209
2020-01-24 22:55,2195
2020-01-24 23:00,2167
2020-01-24 23:05,2146
2020-01-24 23:10,2139
2020-01-24 23:15,2111
2020-01-24 23:20,2099
2020-01-24 23:25,2082
2020-01-24 23:30,2041
2020-01-24 23:35,2027
2020-01-24 23:40,2009
2020-01-24 23:45,2001
2020-01-24 23:50,1985
2020-01-24 23:55,1962
2020-01-25 00:00,1943
2020-01-25 00:05,1919
2020-01-25 00:10,1920
2020-01-25 00:15,1898
2020-01-25 00:20,1904
2020-01-25 00:25,1899
2020-01-25 00:30,1876
2020-01-25 00:35,1907
2020-01-25 00:40,1896
2020-01-25 00:45,1862
2020-01-25 00:50,1853
2020-01-25 00:55,1837
2020-01-25 01:00,1851
2020-01-25 01:05,1826
2020-01-25 01:10,1823
2020-01-25 01:15,1824
2020-01-25 01:20,1806
2020-01-25 01:25,1795
2020-01-25 01:30,1792
2020-01-25 01:35,1789
2020-01-25 01:40,1787
2020-01-25 01:45,1772
2020-01-25 01:50,1750
2020-01-25 01:55,1736
2020-01-25 02:00,1724
2020-01-25 02:05,1707
2020-01-25 02:10,1709
2020-01-25 02:15,1690
2020-01-25 02:20,1693
2020-01-25 02:25,1683
2020-01-25 02:30,1675
2020-01-25 02:35,1677
2020-01-25 02:40,1677
2020-01-25 02:45,1673
2020-01-25 02:50,1670
2020-01-25 02:55,1674
2020-01-25 03:00,1675
2020-01-25 03:05,1660
2020-01-25 03:10,1637
2020-01-25 03:15,1636
2020-01-25 03:20,1616
2020-01-25 03:25,1606
2020-01-25 03:30,1582
2020-01-25 03:35,1605
2020-01-25 03:40,1597
2020-01-25 03:45,1586
2020-01-25 03:50,1571
2020-01-25 03:55,1570
2020-01-25 04:00,1544
2020-01-25 04:05,1543
2020-01-25 04:10,1535
2020-01-25 04:15,1514
2020-01-25 04:20,1481
2020-01-25 04:25,1486
2020-01-25 04:30,1477
2020-01-25 04:35,1475
2020-01-25 04:40,1461
2020-01-25 04:45,1449
2020-01-25 04:50,1452
2020-01-25 04:55,1447
2020-01-25 05:00,1432
2020-01-25 05:05,1420
2020-01-25 05:10,1383
2020-01-25 05:15,1383
2020-01-25 05:20,1380
2020-01-25 05:25,1390
2020-01-25 05:30,1368
2020-01-25 05:35,1383
2020-01-25 05:40,1395
2020-01-25 05:45,1391
2020-01-25 05:50,1390
2020-01-25 05:55,1376
2020-01-25 06:00,1374
2020-01-25 06:05,1354
2020-01-25 06:10,1342
2020-01-25 06:15,1352
2020-01-25 06:20,1356
2020-01-25 06:25,1332
2020-01-25 06:30,1326
2020-01-25 06:35,1340
2020-01-25 06:40,1342
2020-01-25 06:45,1315
2020-01-25 06:50,1343
2020-01-25 06:55,1354
2020-01-25 07:00,1349
2020-01-25 07:05,1346
2020-01-25 07:10,1351
2020-01-25 07:15,1349
2020-01-25 07:20,1359
2020-01-25 07:25,1356
2020-01-25 07:30,1366
2020-01-25 07:35,1372
2020-01-25 07:40,1386
2020-01-25 07:45,1387
2020-01-25 07:50,1380
2020-01-25 07:55,1376
2020-01-25 08:00,1366
2020-01-25 08:05,1368
2020-01-25 08:10,1370
2020-01-25 08:15,1377
2020-01-25 08:20,1378
2020-01-25 08:25,1367
2020-01-25 08:30,1382
2020-01-25 08:35,1403
2020-01-25 08:40,1410
2020-01-25 08:45,1410
2020-01-25 08:50,1412
2020-01-25 08:55,1419
2020-01-25 09:00,1435
2020-01-25 09:05,1459
2020-01-25 09:10,1486
2020-01-25 09:15,1519
2020-01-25 09:20,1532
2020-01-25 09:25,1550
2020-01-25 09:30,1545
2020-01-25 09:35,1559
2020-01-25 09:40,1577
2020-01-25 09:45,1580
2020-01-25 09:50,1577
2020-01-25 09:55,1582
2020-01-25 10:00,1576
2020-01-25 10:05,1604
2020-01-25 10:10,1642
2020-01-25 10:15,1658
2020-01-25 10:20,1704
2020-01-25 10:25,1726
2020-01-25 10:30,1751
2020-01-25 10:35,1769
2020-01-25 10:40,1783
2020-01-25 10:45,1799
2020-01-25 10:50,1813
2020-01-25 10:55,1808
2020-01-25 11:00,1806
2020-01-25 11:05,1813
2020-01-25 11:10,1832
2020-01-25 11:15,1848
2020-01-25 11:20,1860
2020-01-25 11:25,1837
2020-01-25 11:30,1856
2020-01-25 11:35,1860
2020-01-25 11:40,1861
2020-01-25 11:45,1875
2020-01-25 11:50,1862
2020-01-25 11:55,1878
2020-01-25 12:00,1904
2020-01-25 12:05,1942
2020-01-25 12:10,1922
2020-01-25 12:15,1944
2020-01-25 12:20,1962
2020-01-25 12:25,1968
2020-01-25 12:30,2003
2020-01-25 12:35,2012
2020-01-25 12:40,2025
2020-01-25 12:45,2047
2020-01-25 12:50,2083
2020-01-25 12:55,2077
2020-01-25 13:00,2099
2020-01-25 13:05,2101
2020-01-25 13:10,2115
2020-01-25 13:15,2133
2020-01-25 13:20,2135
2020-01-25 13:25,2160
2020-01-25 13:30,2171
2020-01-25 13:35,2200
2020-01-25 13:40,2215
2020-01-25 13:45,2236
2020-01-25 13:50,2245
2020-01-25 13:55,2259
2020-01-25 14:00,2265
2020-01-25 14:05,2275
2020-01-25 14:10,2283
2020-01-25 14:15,2300
2020-01-25 14:20,2320
2020-01-25 14:25,2330
2020-01-25 14:30,2346
2020-01-25 14:35,2367
2020-01-25 14:40,2387
2020-01-25 14:45,2417
2020-01-25 14:50,2410
2020-01-25 14:55,2403
2020-01-25 15:00,2426
2020-01-25 15:05,2428
2020-01-25 15:10,2425
2020-01-25 15:15,2441
2020-01-25 15:20,2457
2020-01-25 15:25,2464
2020-01-25 15:30,2464
2020-01-25 15:35,2507
2020-01-25 15:40,2512
2020-01-25 15:45,2482
2020-01-25 15:50,2509
2020-01-25 15:55,2514
2020-01-25 16:00,2515
2020-01-25 16:05,2527
2020-01-25 16:10,2554
2020-01-25 16:15,2574
2020-01-25 16:20,2603
2020-01-25 16:25,2636
2020-01-25 16:30,2665
2020-01-25 16:35,2666
2020-01-25 16:40,2684
2020-01-25 16:45,2693
2020-01-25 16:50,2685
2020-01-25 16:55,2715
2020-01-25 17:00,2723
2020-01-25 17:05,2729
2020-01-25 17:10,2756
2020-01-25 17:15,2748
2020-01-25 17:20,2777
2020-01-25 17:25,2771
2020-01-25 17:30,2804
2020-01-25 17:35,2794
2020-01-25 17:40,2814
2020-01-25 17:45,2826
2020-01-25 17:50,2821
2020-01-25 17:55,2817
2020-01-25 18:00,2811
2020-01-25 18:05,2828
2020-01-25 18:10,2828
2020-01-25 18:15,2817
2020-01-25 18:20,2806
2020-01-25 18:25,2801
2020-01-25 18:30,2792
2020-01-25 18:35,2808
2020-01-25 18:40,2811
2020-01-25 18:45,2821
2020-01-25 18:50,2820
2020-01-25 18:55,2841
2020-01-25 19:00,2825
2020-01-25 19:05,2821
2020-01-25 19:10,2819
2020-01-25 19:15,2822
2020-01-25 19:20,2837
2020-01-25 19:25,2829
2020-01-25 19:30,2819
2020-01-25 19:35,2811
2020-01-25 19:40,2834
2020-01-25 19:45,2824
2020-01-25 19:50,2849
2020-01-25 19:55,2853
2020-01-25 20:00,2846
2020-01-25 20:05,2849
2020-01-25 20:10,2834
2020-01-25 20:15,2830
2020-01-25 20:20,2826
2020-01-25 20:25,2815
2020-01-25 20:30,2802
2020-01-25 20:35,2790
2020-01-25 20:40,2820
2020-01-25 20:45,2813
2020-01-25 20:50,2798
2020-01-25 20:55,2791
2020-01-25 21:00,2791
2020-01-25 21:05,2792
2020-01-25 21:10,2793
2020-01-25 21:15,2792
2020-01-25 21:20,2770
2020-01-25 21:25,2773
2020-01-25 21:30,2750
2020-01-25 21:35,2757
2020-01-25 21:40,2759
2020-01-25 21:45,2772
2020-01-25 21:50,2747
2020-01-25 21:55,2767
2020-01-25 22:00,2764
2020-01-25 22:05,2753
2020-01-25 22:10,2720
2020-01-25 22:15,2697
2020-01-25 22:20,2693
2020-01-25 22:25,2679
2020-01-25 22:30,2631
2020-01-25 22:35,2619
2020-01-25 22:40,2562
2020-01-25 22:45,2546
2020-01-25 22:50,2516
2020-01-25 22:55,2519
2020-01-25 23:00,2511
2020-01-25 23:05,2479
2020-01-25 23:10,2441
2020-01-25 23:15,2414
2020-01-25 23:20,2376
2020-01-25 23:25,2341
2020-01-25 23:30,2312
2020-01-25 23:35,2302
2020-01-25 23:40,2283
2020-01-25 23:45,
2020-01-25 23:50,2235
2020-01-25 23:55,2194
2020-01-26 00:00,2163
2020-01-26 00:05,2130
2020-01-26 00:10,2135
2020-01-26 00:15,2125
2020-01-26 00:20,2099
2020-01-26 00:25,2091
2020-01-26 00:30,2062
2020-01-26 00:35,2058
2020-01-26 00:40,2053
2020-01-26 00:45,2043
2020-01-26 00:50,2039
2020-01-26 00:55,2013
2020-01-26 01:00,2017
2020-01-26 01:05,1976
2020-01-26 01:10,1963
2020-01-26 01:15,1930
2020-01-26 01:20,1918
2020-01-26 01:25,1889
2020-01-26 01:30,1890
2020-01-26 01:35,1861
2020-01-26 01:40,1853
2020-01-26 01:45,1820
2020-01-26 01:50,1812
2020-01-26 01:55,1802
2020-01-26 02:00,1789
2020-01-26 02:05,1795
2020-01-26 02:10,1795
2020-01-26 02:15,1783
2020-01-26 02:20,1762
2020-01-26 02:25,1790
2020-01-26 02:30,1790
2020-01-26 02:35,1785
2020-01-26 02:40,1785
2020-01-26 02:45,1782
2020-01-26 02:50,1785
2020-01-26 02:55,1780
2020-01-26 03:00,1772
2020-01-26 03:05,1753
2020-01-26 03:10,1726
2020-01-26 03:15,1724
2020-01-26 03:20,1722
2020-01-26 03:25,1701
2020-01-26 03:30,1694
2020-01-26 03:35,1662
2020-01-26 03:40,1655
2020-01-26 03:45,1656
2020-01-26 03:50,1648
2020-01-26 03:55,1634
2020-01-26 04:00,1629
2020-01-26 04:05,1606
2020-01-26 04:10,1563
2020-01-26 04:15,1549
2020-01-26 04:20,1554
2020-01-26 04:25,1532
2020-01-26 04:30,1535
2020-01-26 04:35,1534
2020-01-26 04:40,1513
2020-01-26 04:45,1521
2020-01-26 04:50,1495
2020-01-26 04:55,1490
2020-01-26 05:00,1488
2020-01-26 05:05,1470
2020-01-26 05:10,1461
2020-01-26 05:15,1445
2020-01-26 05:20,1437
2020-01-26 05:25,1416
2020-01-26 05:30,1405
2020-01-26 05:35,1396
2020-01-26 05:40,1388
2020-01-26 05:45,1375
2020-01-26 05:50,1370
2020-01-26 05:55,1370
2020-01-26 06:00,1374
2020-01-26 06:05,1370
2020-01-26 06:10,1364
2020-01-26 06:15,1379
2020-01-26 06:20,1372
2020-01-26 06:25,1376
2020-01-26 06:30,1374
2020-01-26 06:35,1377
2020-01-26 06:40,1371
2020-01-26 06:45,1338
2020-01-26 06:50,1330
2020-01-26 06:55,1354
2020-01-26 07:00,1350
2020-01-26 07:05,1356
2020-01-26 07:10,1338
2020-01-26 07:15,1334
2020-01-26 07:20,1340
2020-01-26 07:25,1346
2020-01-26 07:30,1355
2020-01-26 07:35,1370
2020-01-26 07:40,1376
2020-01-26 07:45,1392
2020-01-26 07:50,1396
2020-01-26 07:55,1401
2020-01-26 08:00,1424
2020-01-26 08:05,1412
2020-01-26 08:10,1436
2020-01-26 08:15,1447
2020-01-26 08:20,1466
2020-01-26 08:25,1492
2020-01-26 08:30,1498
2020-01-26 08:35,1529
2020-01-26 08:40,1540
2020-01-26 08:45,1534
2020-01-26 08:50,1534
2020-01-26 08:55,1557
2020-01-26 09:00,1582
2020-01-26 09:05,1609
2020-01-26 09:10,1619
2020-01-26 09:15,1650
2020-01-26 09:20,1657
2020-01-26 09:25,1670
2020-01-26 09:30,1699
2020-01-26 09:35,1730
2020-01-26 09:40,1761
2020-01-26 09:45,1766
2020-01-26 09:50,1791
2020-01-26 09:55,1806
2020-01-26 10:00,1844
2020-01-26 10:05,1899
2020-01-26 10:10,1895
2020-01-26 10:15,1929
2020-01-26 10:20,1950
2020-01-26 10:25,1960
2020-01-26 10:30,1984
2020-01-26 10:35,1997
2020-01-26 10:40,2004
2020-01-26 10:45,2009
2020-01-26 10:50,2030
2020-01-26 10:55,2049
2020-01-26 11:00,2054
2020-01-26 11:05,2061
2020-01-26 11:10,2079
2020-01-26 11:15,2075
2020-01-26 11:20,2080
2020-01-26 11:25,2108
2020-01-26 11:30,2141
2020-01-26 11:35,2158
2020-01-26 11:40,2175
2020-01-26 11:45,2220
2020-01-26 11:50,2222
2020-01-26 11:55,2240
2020-01-26 12:00,2235
2020-01-26 12:05,2232
2020-01-26 12:10,2234
2020-01-26 12:15,2218
2020-01-26 12:20,2237
2020-01-26 12:25,2252
2020-01-26 12:30,2259
2020-01-26 12:35,2273
2020-01-26 12:40,2296
2020-01-26 12:45,2306
2020-01-26 12:50,2300
2020-01-26 12:55,2331
2020-01-26 13:00,2335
2020-01-26 13:05,2347
2020-01-26 13:10,2358
2020-01-26 13:15,2344
2020-01-26 13:20,2375
2020-01-26 13:25,2369
2020-01-26 13:30,2343
2020-01-26 13:35,2353
2020-01-26 13:40,2398
2020-01-26 13:45,2397
2020-01-26 13:50,2407
2020-01-26 13:55,2424
2020-01-26 14:00,2439
2020-01-26 14:05,2452
2020-01-26 14:10,2458
2020-01-26 14:15,2471
2020-01-26 14:20,2509
2020-01-26 14:25,2541
2020-01-26 14:30,2543
2020-01-26 14:35,2548
2020-01-26 14:40,2555
2020-01-26 14:45,2556
2020-01-26 14:50,2533
2020-01-26 14:55,2552
2020-01-26 15:00,2582
2020-01-26 15:05,2590
2020-01-26 15:10,2595
2020-01-26 15:15,2631
2020-01-26 15:20,2638
2020-01-26 15:25,2649
2020-01-26 15:30,2652
2020-01-26 15:35,2660
2020-01-26 15:40,2683
2020-01-26 15:45,2717
2020-01-26 15:50,2732
2020-01-26 15:55,2742
2020-01-26 16:00,2744
2020-01-26 16:05,2774
2020-01-26 16:10,2765
2020-01-26 16:15,2794
2020-01-26 16:20,2811
2020-01-26 16:25,2869
2020-01-26 16:30,2871
2020-01-26 16:35,2882
2020-01-26 16:40,2889
2020-01-26 16:45,2906
2020-01-26 16:50,2892
2020-01-26 16:55,2941
2020-01-26 17:00,2959
2020-01-26 17:05,2926
2020-01-26 17:10,2913
2020-01-26 17:15,2929
2020-01-26 17:20,2943
2020-01-26 17:25,2930
2020-01-26 17:30,2967
2020-01-26 17:35,2988
2020-01-26 17:40,2988
2020-01-26 17:45,3002
2020-01-26 17:50,3018
2020-01-26 17:55,3011
2020-01-26 18:00,3013
2020-01-26 18:05,3047
2020-01-26 18:10,3033
2020-01-26 18:15,3038
2020-01-26 18:20,3027
2020-01-26 18:25,3034
2020-01-26 18:30,3018
2020-01-26 18:35,3036
2020-01-26 18:40,3001
2020-01-26 18:45,3006
2020-01-26 18:50,3010
2020-01-26 18:55,2994
2020-01-26 19:00,2999
2020-01-26 19:05,2976
2020-01-26 19:10,2980
2020-01-26 19:15,2986
2020-01-26 19:20,2982
2020-01-26 19:25,2993
2020-01-26 19:30,2993
2020-01-26 19:35,3015
2020-01-26 19:40,3001
2020-01-26 19:45,2974
2020-01-26 19:50,2996
2020-01-26 19:55,2991
2020-01-26 20:00,3000
2020-01-26 20:05,2983
2020-01-26 20:10,2964
2020-01-26 20:15,2974
2020-01-26 20:20,2958
2020-01-26 20:25,2955
2020-01-26 20:30,2943
2020-01-26 20:35,2941
2020-01-26 20:40,2926
2020-01-26 20:45,2910
2020-01-26 20:50,2889
2020-01-26 20:55,2889
2020-01-26 21:00,2871
2020-01-26 21:05,2857
2020-01-26 21:10,2828
2020-01-26 21:15,2803
2020-01-26 21:20,2777
2020-01-26 21:25,2768
2020-01-26 21:30,2750
2020-01-26 21:35,2717
2020-01-26 21:40,2685
2020-01-26 21:45,2642
2020-01-26 21:50,2614
2020-01-26 21:55,2590
2020-01-26 22:00,2577
2020-01-26 22:05,2542
2020-01-26 22:10,2501
2020-01-26 22:15,2442
2020-01-26 22:20,2387
2020-01-26 22:25,2384
2020-01-26 22:30,2336
2020-01-26 22:35,2332
2020-01-26 22:40,2325
2020-01-26 22:45,2323
2020-01-26 22:50,2301
2020-01-26 22:55,2264
2020-01-26 23:00,2244
2020-01-26 23:05,2228
2020-01-26 23:10,2199
2020-01-26 23:15,2157
2020-01-26 23:20,2139
2020-01-26 23:25,2134
2020-01-26 23:30,2124
2020-01-26 23:35,2093
2020-01-26 23:40,2075
2020-01-26 23:45,2060
2020-01-26 23:50,2086
2020-01-26 23:55,2065
2020-01-27 00:00,2052
2020-01-27 00:05,2020
2020-01-27 00:10,2013
2020-01-27 00:15,1998
2020-01-27 00:20,1974
2020-01-27 00:25,1939
2020-01-27 00:30,1915
2020-01-27 00:35,1882
2020-01-27 00:40,1881
2020-01-27 00:45,1879
2020-01-27 00:50,1855
2020-01-27 00:55,1848
2020-01-27 01:00,1851
2020-01-27 01:05,1834
2020-01-27 01:10,1830
2020-01-27 01:15,1810
2020-01-27 01:20,1801
2020-01-27 01:25,1791
2020-01-27 01:30,1779
2020-01-27 01:35,1765
2020-01-27 01:40,1764
2020-01-27 01:45,1766
2020-01-27 01:50,1768
2020-01-27 01:55,1754
2020-01-27 02:00,1737
2020-01-27 02:05,1727
2020-01-27 02:10,1713
2020-01-27 02:15,1678
2020-01-27 02:20,1673
2020-01-27 02:25,1669
2020-01-27 02:30,1671
2020-01-27 02:35,1630
2020-01-27 02:40,1627
2020-01-27 02:45,1632
2020-01-27 02:50,1623
2020-01-27 02:55,1596
2020-01-27 03:00,1599
2020-01-27 03:05,1588
2020-01-27 03:10,1573
2020-01-27 03:15,1548
2020-01-27 03:20,1527
2020-01-27 03:25,1519
2020-01-27 03:30,1485
2020-01-27 03:35,1468
2020-01-27 03:40,1457
2020-01-27 03:45,1449
2020-01-27 03:50,1421
2020-01-27 03:55,1413
2020-01-27 04:00,1399
2020-01-27 04:05,1383
2020-01-27 04:10,1361
2020-01-27 04:15,1356
2020-01-27 04:20,1340
2020-01-27 04:25,1332
2020-01-27 04:30,1328
2020-01-27 04:35,1334
2020-01-27 04:40,1324
2020-01-27 04:45,1308
2020-01-27 04:50,1294
2020-01-27 04:55,1269
2020-01-27 05:00,1244
2020-01-27 05:05,1231
2020-01-27 05:10,1220
2020-01-27 05:15,1213
2020-01-27 05:20,1194
2020-01-27 05:25,1192
2020-01-27 05:30,1185
2020-01-27 05:35,1172
2020-01-27 05:40,1160
2020-01-27 05:45,1147
2020-01-27 05:50,1137
2020-01-27 05:55,1135
2020-01-27 06:00,1131
2020-01-27 06:05,1123
2020-01-27 06:10,1106
2020-01-27 06:15,1082
2020-01-27 06:20,1071
2020-01-27 06:25,1068
2020-01-27 06:30,1060
2020-01-27 06:35,1062
2020-01-27 06:40,1058
2020-01-27 06:45,1054
2020-01-27 06:50,1052
2020-01-27 06:55,1053
2020-01-27 07:00,1052
2020-01-27 07:05,1049
2020-01-27 07:10,1047
2020-01-27 07:15,1033
2020-01-27 07:20,1015
2020-01-27 07:25,1016
2020-01-27 07:30,1035
2020-01-27 07:35,1035
2020-01-27 07:40,1034
2020-01-27 07:45,1043
2020-01-27 07:50,1049
2020-01-27 07:55,1052
2020-01-27 08:00,1042
2020-01-27 08:05,1042
2020-01-27 08:10,1043
2020-01-27 08:15,1040
2020-01-27 08:20,1036
2020-01-27 08:25,1050
2020-01-27 08:30,1072
2020-01-27 08:35,1081
2020-01-27 08:40,1082
2020-01-27 08:45,1084
2020-01-27 08:50,1110
2020-01-27 08:55,1107
2020-01-27 09:00,1104
2020-01-27 09:05,1105
2020-01-27 09:10,1110
2020-01-27 09:15,1118
2020-01-27 09:20,1128
2020-01-27 09:25,1140
2020-01-27 09:30,1153
2020-01-27 09:35,1166
2020-01-27 09:40,1167
2020-01-27 09:45,1177
2020-01-27 09:50,1190
2020-01-27 09:55,1180
2020-01-27 10:00,1206
2020-01-27 10:05,1217
2020-01-27 10:10,1251
2020-01-27 10:15,1266
2020-01-27 10:20,1284
2020-01-27 10:25,1310
2020-01-27 10:30,1331
2020-01-27 10:35,1323
2020-01-27 10:40,1325
2020-01-27 10:45,1334
2020-01-27 10:50,1349
2020-01-27 10:55,1366
2020-01-27 11:00,1369
2020-01-27 11:05,1379
2020-01-27 11:10,1384
2020-01-27 11:15,1394
2020-01-27 11:20,1404
2020-01-27 11:25,1395
2020-01-27 11:30,1421
2020-01-27 11:35,1429
2020-01-27 11:40,1419
2020-01-27 11:45,1435
2020-01-27 11:50,1456
2020-01-27 11:55,1467
2020-01-27 12:00,1475
2020-01-27 12:05,1476
2020-01-27 12:10,1504
2020-01-27 12:15,1492
2020-01-27 12:20,1524
2020-01-27 12:25,1515
2020-01-27 12:30,1531
2020-01-27 12:35,1541
2020-01-27 12:40,1548
2020-01-27 12:45,1569
2020-01-27 12:50,1580
2020-01-27 12:55,1601
2020-01-27 13:00,1615
2020-01-27 13:05,1613
2020-01-27 13:10,1616
2020-01-27 13:15,1625
2020-01-27 13:20,1648
2020-01-27 13:25,1660
2020-01-27 13:30,1649
2020-01-27 13:35,1670
2020-01-27 13:40,1673
2020-01-27 13:45,1689
2020-01-27 13:50,1667
2020-01-27 13:55,1678
2020-01-27 14:00,1683
2020-01-27 14:05,1697
2020-01-27 14:10,1698
2020-01-27 14:15,1721
2020-01-27 14:20,1736
2020-01-27 14:25,1749
2020-01-27 14:30,1779
2020-01-27 14:35,1775
2020-01-27 14:40,1789
2020-01-27 14:45,1822
2020-01-27 14:50,1831
2020-01-27 14:55,1866
2020-01-27 15:00,1869
2020-01-27 15:05,1868
2020-01-27 15:10,1865
2020-01-27 15:15,1882
2020-01-27 15:20,1923
2020-01-27 15:25,1940
2020-01-27 15:30,1957
2020-01-27 15:35,1976
2020-01-27 15:40,1982
2020-01-27 15:45,2015
2020-01-27 15:50,2040
2020-01-27 15:55,2037
2020-01-27 16:00,2061
2020-01-27 16:05,2082
2020-01-27 16:10,2110
2020-01-27 16:15,2096
2020-01-27 16:20,2129
2020-01-27 16:25,2158
2020-01-27 16:30,2178
2020-01-27 16:35,2193
2020-01-27 16:40,2239
2020-01-27 16:45,2305
2020-01-27 16:50,2335
2020-01-27 16:55,2344
2020-01-27 17:00,2365
2020-01-27 17:05,2423
2020-01-27 17:10,2433
2020-01-27 17:15,2474
2020-01-27 17:20,2475
2020-01-27 17:25,2488
2020-01-27 17:30,2512
2020-01-27 17:35,2513
2020-01-27 17:40,2515
2020-01-27 17:45,2528
2020-01-27 17:50,2539
2020-01-27 17:55,2526
2020-01-27 18:00,2563
2020-01-27 18:05,2594
2020-01-27 18:10,2569
2020-01-27 18:15,2513
2020-01-27 18:20,2537
2020-01-27 18:25,2538
2020-01-27 18:30,2527
2020-01-27 18:35,2525
2020-01-27 18:40,2506
2020-01-27 18:45,2526
2020-01-27 18:50,2538
2020-01-27 18:55,2545
2020-01-27 19:00,2568
2020-01-27 19:05,2552
2020-01-27 19:10,2538
2020-01-27 19:15,2564
2020-01-27 19:20,2575
2020-01-27 19:25,2568
2020-01-27 19:30,2567
2020-01-27 19:35,2555
2020-01-27 19:40,2544
2020-01-27 19:45,2555
2020-01-27 19:50,2584
2020-01-27 19:55,2569
2020-01-27 20:00,2546
2020-01-27 20:05,2543
2020-01-27 20:10,2555
2020-01-27 20:15,2569
2020-01-27 20:20,2557
2020-01-27 20:25,2557
2020-01-27 20:30,2557
2020-01-27 20:35,2540
2020-01-27 20:40,2547
2020-01-27 20:45,2542
2020-01-27 20:50,2519
2020-01-27 20:55,2497
2020-01-27 21:00,2494
2020-01-27 21:05,2481
2020-01-27 21:10,2445
2020-01-27 21:15,2437
2020-01-27 21:20,2442
2020-01-27 21:25,2450
2020-01-27 21:30,2419
2020-01-27 21:35,2377
2020-01-27 21:40,2341
2020-01-27 21:45,2327
2020-01-27 21:50,2307
2020-01-27 21:55,2283
2020-01-27 22:00,2273
2020-01-27 22:05,2255
2020-01-27 22:10,2213
2020-01-27 22:15,2151
2020-01-27 22:20,2115
2020-01-27 22:25,2103
2020-01-27 22:30,2064
2020-01-27 22:35,2052
2020-01-27 22:40,2033
2020-01-27 22:45,2022
2020-01-27 22:50,2004
2020-01-27 22:55,1970
2020-01-27 23:00,1947
2020-01-27 23:05,1951
2020-01-27 23:10,1917
2020-01-27 23:15,1914
2020-01-27 23:20,1921
2020-01-27 23:25,1912
2020-01-27 23:30,1891
2020-01-27 23:35,1875
2020-01-27 23:40,1844
2020-01-27 23:45,1847
2020-01-27 23:50,1845
2020-01-27 23:55,1848
2020-01-28 00:00,1848
2020-01-28 00:05,1862
2020-01-28 00:10,1843
2020-01-28 00:15,1819
2020-01-28 00:20,1815
2020-01-28 00:25,1816
2020-01-28 00:30,1812
2020-01-28 00:35,1800
2020-01-28 00:40,1791
2020-01-28 00:45,1785
2020-01-28 00:50,1775
2020-01-28 00:55,1760
2020-01-28 01:00,1754
2020-01-28 01:05,1741
2020-01-28 01:10,1732
2020-01-28 01:15,1723
2020-01-28 01:20,1709
2020-01-28 01:25,1702
2020-01-28 01:30,1705
2020-01-28 01:35,1718
2020-01-28 01:40,1709
2020-01-28 01:45,1682
2020-01-28 01:50,1671
2020-01-28 01:55,1670
2020-01-28 02:00,1657
2020-01-28 02:05,1647
2020-01-28 02:10,1612
2020-01-28 02:15,1599
2020-01-28 02:20,1597
2020-01-28 02:25,1596
2020-01-28 02:30,1612
2020-01-28 02:35,1617
2020-01-28 02:40,1593
2020-01-28 02:45,1606
2020-01-28 02:50,1603
2020-01-28 02:55,1599
2020-01-28 03:00,1592
2020-01-28 03:05,1573
2020-01-28 03:10,1568
2020-01-28 03:15,1565
2020-01-28 03:20,1550
2020-01-28 03:25,1515
2020-01-28 03:30,1519
2020-01-28 03:35,1488
2020-01-28 03:40,1476
2020-01-28 03:45,1448
2020-01-28 03:50,1442
2020-01-28 03:55,1426
2020-01-28 04:00,1393
2020-01-28 04:05,1389
2020-01-28 04:10,1359
2020-01-28 04:15,1364
2020-01-28 04:20,1360
2020-01-28 04:25,1340
2020-01-28 04:30,1326
2020-01-28 04:35,1293
2020-01-28 04:40,1265
2020-01-28 04:45,1252
2020-01-28 04:50,1235
2020-01-28 04:55,1223
2020-01-28 05:00,1209
2020-01-28 05:05,1201
2020-01-28 05:10,1170
2020-01-28 05:15,1175
2020-01-28 05:20,1179
2020-01-28 05:25,1164
2020-01-28 05:30,1152
2020-01-28 05:35,1142
2020-01-28 05:40,1153
2020-01-28 05:45,1128
2020-01-28 05:50,1130
2020-01-28 05:55,1104
2020-01-28 06:00,1115
2020-01-28 06:05,1128
2020-01-28 06:10,1115
2020-01-28 06:15,1103
2020-01-28 06:20,1094
2020-01-28 06:25,1096
2020-01-28 06:30,1095
2020-01-28 06:35,1073
2020-01-28 06:40,1063
2020-01-28 06:45,1053
2020-01-28 06:50,1050
2020-01-28 06:55,1052
2020-01-28 07:00,1053
2020-01-28 07:05,1040
2020-01-28 07:10,1033
2020-01-28 07:15,1018
2020-01-28 07:20,1020
2020-01-28 07:25,1003
2020-01-28 07:30,1010
2020-01-28 07:35,1010
2020-01-28 07:40,1014
2020-01-28 07:45,1018
2020-01-28 07:50,1010
2020-01-28 07:55,1015
2020-01-28 08:00,1013
2020-01-28 08:05,1033
2020-01-28 08:10,1037
2020-01-28 08:15,1025
2020-01-28 08:20,1030
2020-01-28 08:25,1038
2020-01-28 08:30,1042
2020-01-28 08:35,1033
2020-01-28 08:40,1022
2020-01-28 08:45,1024
2020-01-28 08:50,1019
2020-01-28 08:55,1036
2020-01-28 09:00,1035
2020-01-28 09:05,1045
2020-01-28 09:10,1044
2020-01-28 09:15,1031
2020-01-28 09:20,1038
2020-01-28 09:25,1043
2020-01-28 09:30,1059
2020-01-28 09:35,1085
2020-01-28 09:40,1084
2020-01-28 09:45,1091
2020-01-28 09:50,1096
2020-01-28 09:55,1118
2020-01-28 10:00,1133
2020-01-28 10:05,1152
2020-01-28 10:10,1173
2020-01-28 10:15,1184
2020-01-28 10:20,1198
2020-01-28 10:25,1212
2020-01-28 10:30,1223
2020-01-28 10:35,1226
2020-01-28 10:40,1245
2020-01-28 10:45,1245
2020-01-28 10:50,1264
2020-01-28 10:55,1272
2020-01-28 11:00,1290
2020-01-28 11:05,1301
2020-01-28 11:10,1334
2020-01-28 11:15,1359
2020-01-28 11:20,1378
2020-01-28 11:25,1405
2020-01-28 11:30,1411
2020-01-28 11:35,1412
2020-01-28 11:40,1431
2020-01-28 11:45,1453
2020-01-28 11:50,1424
2020-01-28 11:55,1418
2020-01-28 12:00,1411
2020-01-28 12:05,1436
2020-01-28 12:10,1460
2020-01-28 12:15,1475
2020-01-28 12:20,1483
2020-01-28 12:25,1490
2020-01-28 12:30,1510
2020-01-28 12:35,1527
2020-01-28 12:40,1536
2020-01-28 12:45,1552
2020-01-28 12:50,1562
2020-01-28 12:55,1565
2020-01-28 13:00,1570
2020-01-28 13:05,1578
2020-01-28 13:10,1573
2020-01-28 13:15,1592
2020-01-28 13:20,1595
2020-01-28 13:25,1600
2020-01-28 13:30,1603
2020-01-28 13:35,1631
2020-01-28 13:40,1617
2020-01-28 13:45,1626
2020-01-28 13:50,1634
2020-01-28 13:55,1636
2020-01-28 14:00,1622
2020-01-28 14:05,1631
2020-01-28 14:10,1667
2020-01-28 14:15,1673
2020-01-28 14:20,1689
2020-01-28 14:25,1712
2020-01-28 14:30,1723
2020-01-28 14:35,1761
2020-01-28 14:40,1758
2020-01-28 14:45,1753
2020-01-28 14:50,1760
2020-01-28 14:55,1796
2020-01-28 15:00,1816
2020-01-28 15:05,1826
2020-01-28 15:10,1850
2020-01-28 15:15,1850
2020-01-28 15:20,1884
2020-01-28 15:25,1913
2020-01-28 15:30,1939
2020-01-28 15:35,1937
2020-01-28 15:40,1960
2020-01-28 15:45,1983
2020-01-28 15:50,2003
2020-01-28 15:55,2006
2020-01-28 16:00,1998
2020-01-28 16:05,2037
2020-01-28 16:10,2040
2020-01-28 16:15,2059
2020-01-28 16:20,2078
2020-01-28 16:25,2117
2020-01-28 16:30,2132
2020-01-28 16:35,2130
2020-01-28 16:40,2170
2020-01-28 16:45,2193
2020-01-28 16:50,2210
2020-01-28 16:55,2226
2020-01-28 17:00,2247
2020-01-28 17:05,2246
2020-01-28 17:10,2260
2020-01-28 17:15,2287
2020-01-28 17:20,2303
2020-01-28 17:25,2307
2020-01-28 17:30,2336
2020-01-28 17:35,2346
2020-01-28 17:40,2367
2020-01-28 17:45,2372
2020-01-28 17:50,2373
2020-01-28 17:55,2378
2020-01-28 18:00,2382
2020-01-28 18:05,2391
2020-01-28 18:10,2395
2020-01-28 18:15,2385
2020-01-28 18:20,2387
2020-01-28 18:25,2387
2020-01-28 18:30,2392
2020-01-28 18:35,2403
2020-01-28 18:40,2390
2020-01-28 18:45,2383
2020-01-28 18:50,2373
2020-01-28 18:55,2347
2020-01-28 19:00,2352
2020-01-28 19:05,2372
2020-01-28 19:10,2384
2020-01-28 19:15,2392
2020-01-28 19:20,2388
2020-01-28 19:25,2389
2020-01-28 19:30,2426
2020-01-28 19:35,2463
2020-01-28 19:40,2442
2020-01-28 19:45,2448
2020-01-28 19:50,2463
2020-01-28 19:55,2454
2020-01-28 20:00,2458
2020-01-28 20:05,2437
2020-01-28 20:10,2413
2020-01-28 20:15,2418
2020-01-28 20:20,2435
2020-01-28 20:25,2403
2020-01-28 20:30,2405
2020-01-28 20:35,2410
2020-01-28 20:40,2407
2020-01-28 20:45,2386
2020-01-28 20:50,2360
2020-01-28 20:55,2341
2020-01-28 21:00,2326
2020-01-28 21:05,2297
2020-01-28 21:10,2290
2020-01-28 21:15,2270
2020-01-28 21:20,2246
2020-01-28 21:25,2210
2020-01-28 21:30,2218
2020-01-28 21:35,2196
2020-01-28 21:40,2160
2020-01-28 21:45,2149
2020-01-28 21:50,2170
2020-01-28 21:55,2137
2020-01-28 22:00,2115
2020-01-28 22:05,2103
2020-01-28 22:10,2075
2020-01-28 22:15,2074
2020-01-28 22:20,2053
2020-01-28 22:25,2030
2020-01-28 22:30,2015
2020-01-28 22:35,2019
2020-01-28 22:40,2005
2020-01-28 22:45,1969
2020-01-28 22:50,1947
2020-01-28 22:55,1918
2020-01-28 23:00,1910
2020-01-28 23:05,1923
2020-01-28 23:10,1895
2020-01-28 23:15,1888
2020-01-28 23:20,
2020-01-28 23:25,
2020-01-28 23:30,1124
2020-01-28 23:35,1659
2020-01-28 23:40,1803
2020-01-28 23:45,1799
2020-01-28 23:50,1822
2020-01-28 23:55,1820
2020-01-29 00:00,1794
2020-01-29 00:05,1821
2020-01-29 00:10,1816
2020-01-29 00:15,1799
2020-01-29 00:20,1808
2020-01-29 00:25,1785
2020-01-29 00:30,1753
2020-01-29 00:35,1746
2020-01-29 00:40,1732
2020-01-29 00:45,1737
2020-01-29 00:50,1746
2020-01-29 00:55,1735
2020-01-29 01:00,1743
2020-01-29 01:05,1724
2020-01-29 01:10,1701
2020-01-29 01:15,1706
2020-01-29 01:20,1685
2020-01-29 01:25,1695
2020-01-29 01:30,1658
2020-01-29 01:35,1643
2020-01-29 01:40,1629
2020-01-29 01:45,1611
2020-01-29 01:50,1607
2020-01-29 01:55,1610
2020-01-29 02:00,1623
2020-01-29 02:05,1598
2020-01-29 02:10,1600
2020-01-29 02:15,
2020-01-29 02:20,
2020-01-29 02:25,
2020-01-29 02:30,1583
2020-01-29 02:35,1586
2020-01-29 02:40,1574
2020-01-29 02:45,1564
2020-01-29 02:50,1551
2020-01-29 02:55,1544
2020-01-29 03:00,1517
2020-01-29 03:05,1512
2020-01-29 03:10,1403
2020-01-29 03:15,1375
2020-01-29 03:20,1390
2020-01-29 03:25,1377
2020-01-29 03:30,1422
2020-01-29 03:35,1422
2020-01-29 03:40,1406
2020-01-29 03:45,1395
2020-01-29 03:50,1372
2020-01-29 03:55,1363
2020-01-29 04:00,1345
2020-01-29 04:05,1320
2020-01-29 04:10,1307
2020-01-29 04:15,1309
2020-01-29 04:20,1299
2020-01-29 04:25,1273
2020-01-29 04:30,1261
2020-01-29 04:35,1226
2020-01-29 04:40,1202
2020-01-29 04:45,1189
2020-01-29 04:50,1177
2020-01-29 04:55,1152
2020-01-29 05:00,1138
2020-01-29 05:05,1128
2020-01-29 05:10,1120
2020-01-29 05:15,1119
2020-01-29 05:20,1111
2020-01-29 05:25,1111
2020-01-29 05:30,1086
2020-01-29 05:35,1097
2020-01-29 05:40,1074
2020-01-29 05:45,1052
2020-01-29 05:50,1040
2020-01-29 05:55,1022
2020-01-29 06:00,1022
2020-01-29 06:05,1015
2020-01-29 06:10,1003
2020-01-29 06:15,990
2020-01-29 06:20,968
2020-01-29 06:25,961
2020-01-29 06:30,961
2020-01-29 06:35,974
2020-01-29 06:40,974
2020-01-29 06:45,971
2020-01-29 06:50,969
2020-01-29 06:55,972
2020-01-29 07:00,974
2020-01-29 07:05,962
2020-01-29 07:10,961
2020-01-29 07:15,950
2020-01-29 07:20,955
2020-01-29 07:25,947
2020-01-29 07:30,937
2020-01-29 07:35,937
2020-01-29 07:40,932
2020-01-29 07:45,928
2020-01-29 07:50,957
2020-01-29 07:55,954
2020-01-29 08:00,961
2020-01-29 08:05,953
2020-01-29 08:10,967
2020-01-29 08:15,970
2020-01-29 08:20,972
2020-01-29 08:25,979
2020-01-29 08:30,995
2020-01-29 08:35,1006
2020-01-29 08:40,1020
2020-01-29 08:45,1026
2020-01-29 08:50,1022
2020-01-29 08:55,1034
2020-01-29 09:00,1039
2020-01-29 09:05,1043
2020-01-29 09:10,1061
2020-01-29 09:15,1059
2020-01-29 09:20,1066
2020-01-29 09:25,1082
2020-01-29 09:30,1085
2020-01-29 09:35,1101
2020-01-29 09:40,1093
2020-01-29 09:45,1111
2020-01-29 09:50,1117
2020-01-29 09:55,1106
2020-01-29 10:00,1115
2020-01-29 10:05,1142
2020-01-29 10:10,1162
2020-01-29 10:15,1159
2020-01-29 10:20,1173
2020-01-29 10:25,1176
2020-01-29 10:30,1198
2020-01-29 10:35,1209
2020-01-29 10:40,1199
2020-01-29 10:45,1221
2020-01-29 10:50,1234
2020-01-29 10:55,1248
2020-01-29 11:00,1271
2020-01-29 11:05,1273
2020-01-29 11:10,1286
2020-01-29 11:15,1291
2020-01-29 11:20,1303
2020-01-29 11:25,1304
2020-01-29 11:30,1315
2020-01-29 11:35,1332
2020-01-29 11:40,1368
2020-01-29 11:45,1381
2020-01-29 11:50,1391
2020-01-29 11:55,1403
2020-01-29 12:00,1389
2020-01-29 12:05,1421
2020-01-29 12:10,1421
2020-01-29 12:15,1435
2020-01-29 12:20,1426
2020-01-29 12:25,1408
2020-01-29 12:30,1442
2020-01-29 12:35,1439
2020-01-29 12:40,1408
2020-01-29 12:45,1466
2020-01-29 12:50,1474
2020-01-29 12:55,1484
2020-01-29 13:00,1488
2020-01-29 13:05,1492
2020-01-29 13:10,1515
2020-01-29 13:15,1532
2020-01-29 13:20,1539
2020-01-29 13:25,1543
2020-01-29 13:30,1562
2020-01-29 13:35,1561
2020-01-29 13:40,1581
2020-01-29 13:45,1577
2020-01-29 13:50,1572
2020-01-29 13:55,1587
2020-01-29 14:00,1619
2020-01-29 14:05,1613
2020-01-29 14:10,1637
2020-01-29 14:15,1652
2020-01-29 14:20,1653
2020-01-29 14:25,1673
2020-01-29 14:30,1685
2020-01-29 14:35,1700
2020-01-29 14:40,1702
2020-01-29 14:45,1730
2020-01-29 14:50,1750
2020-01-29 14:55,1741
2020-01-29 15:00,1762
2020-01-29 15:05,1775
2020-01-29 15:10,1789
2020-01-29 15:15,1814
2020-01-29 15:20,1831
2020-01-29 15:25,1860
2020-01-29 15:30,1860
2020-01-29 15:35,1883
2020-01-29 15:40,1895
2020-01-29 15:45,1916
2020-01-29 15:50,1907
2020-01-29 15:55,1912
2020-01-29 16:00,1945
2020-01-29 16:05,1969
2020-01-29 16:10,1972
2020-01-29 16:15,1999
2020-01-29 16:20,2032
2020-01-29 16:25,2068
2020-01-29 16:30,2090
2020-01-29 16:35,2120
2020-01-29 16:40,2143
2020-01-29 16:45,2140
2020-01-29 16:50,2142
2020-01-29 16:55,2154
2020-01-29 17:00,2168
2020-01-29 17:05,2180
2020-01-29 17:10,2202
2020-01-29 17:15,2203
2020-01-29 17:20,2198
2020-01-29 17:25,2199
2020-01-29 17:30,2204
2020-01-29 17:35,2228
2020-01-29 17:40,2268
2020-01-29 17:45,2261
2020-01-29 17:50,2277
2020-01-29 17:55,2286
2020-01-29 18:00,2281
2020-01-29 18:05,2178
2020-01-29 18:10,2316
2020-01-29 18:15,2314
2020-01-29 18:20,2333
2020-01-29 18:25,2355
2020-01-29 18:30,2342
2020-01-29 18:35,2388
2020-01-29 18:40,2400
2020-01-29 18:45,2379
2020-01-29 18:50,2377
2020-01-29 18:55,2361
2020-01-29 19:00,2341
2020-01-29 19:05,2311
2020-01-29 19:10,2311
2020-01-29 19:15,2318
2020-01-29 19:20,2330
2020-01-29 19:25,2367
2020-01-29 19:30,2373
2020-01-29 19:35,2381
2020-01-29 19:40,2374
2020-01-29 19:45,2362
2020-01-29 19:50,2352
2020-01-29 19:55,2351
2020-01-29 20:00,2342
2020-01-29 20:05,2336
2020-01-29 20:10,2335
2020-01-29 20:15,2327
2020-01-29 20:20,2294
2020-01-29 20:25,2284
2020-01-29 20:30,2257
2020-01-29 20:35,2243
2020-01-29 20:40,2264
2020-01-29 20:45,2281
2020-01-29 20:50,2288
2020-01-29 20:55,2293
2020-01-29 21:00,2277
2020-01-29 21:05,2252
2020-01-29 21:10,2242
2020-01-29 21:15,2214
2020-01-29 21:20,2210
2020-01-29 21:25,2200
2020-01-29 21:30,2162
2020-01-29 21:35,2125
2020-01-29 21:40,2115
2020-01-29 21:45,2113
2020-01-29 21:50,2086
2020-01-29 21:55,2074
2020-01-29 22:00,2050
2020-01-29 22:05,2013
2020-01-29 22:10,1994
2020-01-29 22:15,1995
2020-01-29 22:20,2008
2020-01-29 22:25,1979
2020-01-29 22:30,1928
2020-01-29 22:35,1927
2020-01-29 22:40,1901
2020-01-29 22:45,1887
2020-01-29 22:50,1874
2020-01-29 22:55,1838
2020-01-29 23:00,1822
2020-01-29 23:05,1808
2020-01-29 23:10,1788
2020-01-29 23:15,1781
2020-01-29 23:20,1748
2020-01-29 23:25,1747
2020-01-29 23:30,1734
2020-01-29 23:35,1726
2020-01-29 23:40,1722
2020-01-29 23:45,1702
2020-01-29 23:50,1674
2020-01-29 23:55,1678
2020-01-30 00:00,1666
2020-01-30 00:05,1648
2020-01-30 00:10,1652
2020-01-30 00:15,1643
2020-01-30 00:20,1617
2020-01-30 00:25,1605
2020-01-30 00:30,1585
2020-01-30 00:35,1591
2020-01-30 00:40,1580
2020-01-30 00:45,1574
2020-01-30 00:50,1588
2020-01-30 00:55,1581
2020-01-30 01:00,1576
2020-01-30 01:05,1561
2020-01-30 01:10,1561
2020-01-30 01:15,1551
2020-01-30 01:20,1537
2020-01-30 01:25,1541
2020-01-30 01:30,1541
2020-01-30 01:35,1535
2020-01-30 01:40,1525
2020-01-30 01:45,1532
2020-01-30 01:50,1515
2020-01-30 01:55,1523
2020-01-30 02:00,1528
2020-01-30 02:05,1504
2020-01-30 02:10,1488
2020-01-30 02:15,1475
2020-01-30 02:20,1474
2020-01-30 02:25,1484
2020-01-30 02:30,1459
2020-01-30 02:35,1431
2020-01-30 02:40,1407
2020-01-30 02:45,1388
2020-01-30 02:50,1388
2020-01-30 02:55,1382
2020-01-30 03:00,1392
2020-01-30 03:05,1372
2020-01-30 03:10,1352
2020-01-30 03:15,1337
2020-01-30 03:20,1350
2020-01-30 03:25,1339
2020-01-30 03:30,1334
2020-01-30 03:35,1308
2020-01-30 03:40,1311
2020-01-30 03:45,1286
2020-01-30 03:50,1266
2020-01-30 03:55,1270
2020-01-30 04:00,1249
2020-01-30 04:05,1249
2020-01-30 04:10,1233
2020-01-30 04:15,1225
2020-01-30 04:20,1218
2020-01-30 04:25,1228
2020-01-30 04:30,1196
2020-01-30 04:35,1176
2020-01-30 04:40,1172
2020-01-30 04:45,1163
2020-01-30 04:50,1169
2020-01-30 04:55,1153
2020-01-30 05:00,1147
2020-01-30 05:05,1127
2020-01-30 05:10,1109
2020-01-30 05:15,1081
2020-01-30 05:20,1069
2020-01-30 05:25,1055
2020-01-30 05:30,1065
2020-01-30 05:35,1051
2020-01-30 05:40,1040
2020-01-30 05:45,1020
2020-01-30 05:50,1016
2020-01-30 05:55,1011
2020-01-30 06:00,999
2020-01-30 06:05,1005
2020-01-30 06:10,1021
2020-01-30 06:15,1024
2020-01-30 06:20,1033
2020-01-30 06:25,1027
2020-01-30 06:30,1003
2020-01-30 06:35,993
2020-01-30 06:40,1003
2020-01-30 06:45,991
2020-01-30 06:50,992
2020-01-30 06:55,1005
2020-01-30 07:00,1000
2020-01-30 07:05,1008
2020-01-30 07:10,999
2020-01-30 07:15,992
2020-01-30 07:20,985
2020-01-30 07:25,985
2020-01-30 07:30,988
2020-01-30 07:35,1000
2020-01-30 07:40,1012
2020-01-30 07:45,1013
2020-01-30 07:50,1018
2020-01-30 07:55,1027
2020-01-30 08:00,1027
2020-01-30 08:05,1028
2020-01-30 08:10,1029
2020-01-30 08:15,1028
2020-01-30 08:20,1034
2020-01-30 08:25,1037
2020-01-30 08:30,1053
2020-01-30 08:35,1050
2020-01-30 08:40,1053
2020-01-30 08:45,1070
2020-01-30 08:50,1074
2020-01-30 08:55,1081
2020-01-30 09:00,1078
2020-01-30 09:05,1087
2020-01-30 09:10,1080
2020-01-30 09:15,1087
2020-01-30 09:20,1097
2020-01-30 09:25,1100
2020-01-30 09:30,1093
2020-01-30 09:35,1100
2020-01-30 09:40,1106
2020-01-30 09:45,1119
2020-01-30 09:50,1117
2020-01-30 09:55,1124
2020-01-30 10:00,1125
2020-01-30 10:05,1158
2020-01-30 10:10,1178
2020-01-30 10:15,1179
2020-01-30 10:20,1198
2020-01-30 10:25,1204
2020-01-30 10:30,1220
2020-01-30 10:35,1240
2020-01-30 10:40,1235
2020-01-30 10:45,1245
2020-01-30 10:50,1256
2020-01-30 10:55,1258
2020-01-30 11:00,1263
2020-01-30 11:05,1272
2020-01-30 11:10,1262
2020-01-30 11:15,1286
2020-01-30 11:20,1286
2020-01-30 11:25,1302
2020-01-30 11:30,1313
2020-01-30 11:35,1330
2020-01-30 11:40,1327
2020-01-30 11:45,1327
2020-01-30 11:50,1340
2020-01-30 11:55,1351
2020-01-30 12:00,1362
2020-01-30 12:05,1358
2020-01-30 12:10,1366
2020-01-30 12:15,1366
2020-01-30 12:20,1378
2020-01-30 12:25,1390
2020-01-30 12:30,1425
2020-01-30 12:35,1428
2020-01-30 12:40,1441
2020-01-30 12:45,1476
2020-01-30 12:50,1489
2020-01-30 12:55,1504
2020-01-30 13:00,1526
2020-01-30 13:05,1532
2020-01-30 13:10,1535
2020-01-30 13:15,1543
2020-01-30 13:20,1577
2020-01-30 13:25,1578
2020-01-30 13:30,
2020-01-30 13:35,
2020-01-30 13:40,1591
2020-01-30 13:45,1615
2020-01-30 13:50,
2020-01-30 13:55,
2020-01-30 14:00,1650
2020-01-30 14:05,
2020-01-30 14:10,
2020-01-30 14:15,
2020-01-30 14:20,1647
2020-01-30 14:25,
2020-01-30 14:30,
2020-01-30 14:35,1676
2020-01-30 14:40,1672
2020-01-30 14:45,1636
2020-01-30 14:50,1617
2020-01-30 14:55,
2020-01-30 15:00,1477
2020-01-30 15:05,1136
2020-01-30 15:10,934
2020-01-30 15:15,935
2020-01-30 15:20,934
2020-01-30 15:25,962
2020-01-30 15:30,977
2020-01-30 15:35,962
2020-01-30 15:40,997
2020-01-30 15:45,1023
2020-01-30 15:50,1046
2020-01-30 15:55,1046
2020-01-30 16:00,1063
2020-01-30 16:05,
2020-01-30 16:10,
2020-01-30 16:15,
2020-01-30 16:20,
2020-01-30 16:25,
2020-01-30 16:30,
2020-01-30 16:35,
2020-01-30 16:40,
2020-01-30 16:45,
2020-01-30 16:50,
2020-01-30 16:55,
2020-01-30 17:00,
2020-01-30 17:05,
2020-01-30 17:10,
2020-01-30 17:15,
2020-01-30 17:20,
2020-01-30 17:25,
2020-01-30 17:30,2048
2020-01-30 17:35,
2020-01-30 17:40,
2020-01-30 17:45,
2020-01-30 17:50,
2020-01-30 17:55,
2020-01-30 18:00,
2020-01-30 18:05,
2020-01-30 18:10,
2020-01-30 18:15,2275
2020-01-30 18:20,
2020-01-30 18:25,2321
2020-01-30 18:30,1552
2020-01-30 18:35,2191
2020-01-30 18:40,2364
2020-01-30 18:45,2387
2020-01-30 18:50,2402
2020-01-30 18:55,2404
2020-01-30 19:00,2377
2020-01-30 19:05,2363
2020-01-30 19:10,2384
2020-01-30 19:15,2368
2020-01-30 19:20,2366
2020-01-30 19:25,2363
2020-01-30 19:30,2353
2020-01-30 19:35,2368
2020-01-30 19:40,2396
2020-01-30 19:45,2398
2020-01-30 19:50,2388
2020-01-30 19:55,2379
2020-01-30 20:00,2393
2020-01-30 20:05,2396
2020-01-30 20:10,2378
2020-01-30 20:15,2373
2020-01-30 20:20,2362
2020-01-30 20:25,2355
2020-01-30 20:30,2329
2020-01-30 20:35,2322
2020-01-30 20:40,2313
2020-01-30 20:45,2279
2020-01-30 20:50,2277
2020-01-30 20:55,2289
2020-01-30 21:00,2265
2020-01-30 21:05,2274
2020-01-30 21:10,2248
2020-01-30 21:15,2229
2020-01-30 21:20,2228
2020-01-30 21:25,2206
2020-01-30 21:30,2176
2020-01-30 21:35,2153
2020-01-30 21:40,2121
2020-01-30 21:45,2127
2020-01-30 21:50,2111
2020-01-30 21:55,2087
2020-01-30 22:00,2065
2020-01-30 22:05,2058
2020-01-30 22:10,2029
2020-01-30 22:15,2004
2020-01-30 22:20,1988
2020-01-30 22:25,1974
2020-01-30 22:30,1947
2020-01-30 22:35,1934
2020-01-30 22:40,1920
2020-01-30 22:45,1901
2020-01-30 22:50,1885
2020-01-30 22:55,1869
2020-01-30 23:00,1865
2020-01-30 23:05,1865
2020-01-30 23:10,1819
2020-01-30 23:15,1819
2020-01-30 23:20,1818
2020-01-30 23:25,1818
2020-01-30 23:30,1796
2020-01-30 23:35,1794
2020-01-30 23:40,1788
2020-01-30 23:45,1777
2020-01-30 23:50,1777
2020-01-30 23:55,1760
2020-01-31 00:00,1752
2020-01-31 00:05,1737
2020-01-31 00:10,1728
2020-01-31 00:15,1712
2020-01-31 00:20,1708
2020-01-31 00:25,1703
2020-01-31 00:30,1685
2020-01-31 00:35,1666
2020-01-31 00:40,1650
2020-01-31 00:45,1650
2020-01-31 00:50,1642
2020-01-31 00:55,1623
2020-01-31 01:00,1587
2020-01-31 01:05,1507
2020-01-31 01:10,1486
2020-01-31 01:15,1473
2020-01-31 01:20,1440
2020-01-31 01:25,1399
2020-01-31 01:30,1263
2020-01-31 01:35,869
2020-01-31 01:40,897
2020-01-31 01:45,975
2020-01-31 01:50,1038
2020-01-31 01:55,1095
2020-01-31 02:00,1142
2020-01-31 02:05,1195
2020-01-31 02:10,1237
2020-01-31 02:15,1244
2020-01-31 02:20,1274
2020-01-31 02:25,1276
2020-01-31 02:30,1292
2020-01-31 02:35,1299
2020-01-31 02:40,1317
2020-01-31 02:45,1322
2020-01-31 02:50,1342
2020-01-31 02:55,1340
2020-01-31 03:00,1346
2020-01-31 03:05,1348
2020-01-31 03:10,1353
2020-01-31 03:15,1352
2020-01-31 03:20,1345
2020-01-31 03:25,1321
2020-01-31 03:30,1310
2020-01-31 03:35,1306
2020-01-31 03:40,1305
2020-01-31 03:45,1281
2020-01-31 03:50,1268
2020-01-31 03:55,1236
2020-01-31 04:00,1218
2020-01-31 04:05,1217
2020-01-31 04:10,1222
2020-01-31 04:15,1232
2020-01-31 04:20,1219
2020-01-31 04:25,1211
2020-01-31 04:30,1234
2020-01-31 04:35,1234
2020-01-31 04:40,1211
2020-01-31 04:45,1211
2020-01-31 04:50,1178
2020-01-31 04:55,1161
2020-01-31 05:00,1153
2020-01-31 05:05,1136
2020-01-31 05:10,1128
2020-01-31 05:15,1128
2020-01-31 05:20,1115
2020-01-31 05:25,1112
2020-01-31 05:30,1092
2020-01-31 05:35,1092
2020-01-31 05:40,1090
2020-01-31 05:45,1078
2020-01-31 05:50,1055
2020-01-31 05:55,1039
2020-01-31 06:00,1042
2020-01-31 06:05,1030
2020-01-31 06:10,1023
2020-01-31 06:15,1019
2020-01-31 06:20,1015
2020-01-31 06:25,1025
2020-01-31 06:30,1016
2020-01-31 06:35,1015
2020-01-31 06:40,1010
2020-01-31 06:45,1017
2020-01-31 06:50,1013
2020-01-31 06:55,1011
2020-01-31 07:00,996
2020-01-31 07:05,985
2020-01-31 07:10,988
2020-01-31 07:15,1003
2020-01-31 07:20,997
2020-01-31 07:25,997
2020-01-31 07:30,988
2020-01-31 07:35,988
2020-01-31 07:40,975
2020-01-31 07:45,982
2020-01-31 07:50,982
2020-01-31 07:55,975
2020-01-31 08:00,974
2020-01-31 08:05,967
2020-01-31 08:10,964
2020-01-31 08:15,989
2020-01-31 08:20,989
2020-01-31 08:25,999
2020-01-31 08:30,1019
2020-01-31 08:35,1022
2020-01-31 08:40,1022
2020-01-31 08:45,1028
2020-01-31 08:50,1063
2020-01-31 08:55,1063
2020-01-31 09:00,1076
2020-01-31 09:05,1096
2020-01-31 09:10,1103
2020-01-31 09:15,1113
2020-01-31 09:20,1143
2020-01-31 09:25,1143
2020-01-31 09:30,1159
2020-01-31 09:35,1159
2020-01-31 09:40,1168
2020-01-31 09:45,1189
2020-01-31 09:50,1189
2020-01-31 09:55,1189
2020-01-31 10:00,1198
2020-01-31 10:05,1198
2020-01-31 10:10,1222
2020-01-31 10:15,1222
2020-01-31 10:20,1241
2020-01-31 10:25,1242
2020-01-31 10:30,1260
2020-01-31 10:35,1260
2020-01-31 10:40,1275
2020-01-31 10:45,1300
2020-01-31 10:50,1300
2020-01-31 10:55,1308
2020-01-31 11:00,1348
2020-01-31 11:05,1348
2020-01-31 11:10,1345
2020-01-31 11:15,1362
2020-01-31 11:20,1362
2020-01-31 11:25,1370
2020-01-31 11:30,1378
2020-01-31 11:35,1379
2020-01-31 11:40,1380
2020-01-31 11:45,1387
2020-01-31 11:50,1404
2020-01-31 11:55,1402
2020-01-31 12:00,1417
2020-01-31 12:05,1426
2020-01-31 12:10,1438
2020-01-31 12:15,1445
2020-01-31 12:20,1430
2020-01-31 12:25,1437
2020-01-31 12:30,1445
2020-01-31 12:35,1478
2020-01-31 12:40,1486
2020-01-31 12:45,1495
2020-01-31 12:50,1510
2020-01-31 12:55,1525
2020-01-31 13:00,1566
2020-01-31 13:05,1566
2020-01-31 13:10,1574
2020-01-31 13:15,1599
2020-01-31 13:20,1611
2020-01-31 13:25,1613
2020-01-31 13:30,1626
2020-01-31 13:35,1639
2020-01-31 13:40,1644
2020-01-31 13:45,1658
2020-01-31 13:50,1649
2020-01-31 13:55,1667
2020-01-31 14:00,1675
2020-01-31 14:05,1691
2020-01-31 14:10,1730
2020-01-31 14:15,1744
2020-01-31 14:20,1761
2020-01-31 14:25,1766
2020-01-31 14:30,1784
2020-01-31 14:35,1787
2020-01-31 14:40,1789
2020-01-31 14:45,1800
2020-01-31 14:50,1795
2020-01-31 14:55,1811
2020-01-31 15:00,1822
2020-01-31 15:05,1810
2020-01-31 15:10,1817
2020-01-31 15:15,1837
2020-01-31 15:20,1843
2020-01-31 15:25,1863
2020-01-31 15:30,1881
2020-01-31 15:35,1877
2020-01-31 15:40,1881
2020-01-31 15:45,1908
2020-01-31 15:50,1943
2020-01-31 15:55,1952
2020-01-31 16:00,1965
2020-01-31 16:05,1963
2020-01-31 16:10,1977
2020-01-31 16:15,1998
2020-01-31 16:20,1992
2020-01-31 16:25,1992
2020-01-31 16:30,2016
2020-01-31 16:35,2044
2020-01-31 16:40,2036
2020-01-31 16:45,2064
2020-01-31 16:50,2066
2020-01-31 16:55,2082
2020-01-31 17:00,2088
2020-01-31 17:05,2083
2020-01-31 17:10,2115
2020-01-31 17:15,2117
2020-01-31 17:20,1813
2020-01-31 17:25,2160
2020-01-31 17:30,2178
2020-01-31 17:35,2218
2020-01-31 17:40,2206
2020-01-31 17:45,2264
2020-01-31 17:50,2270
2020-01-31 17:55,2251
2020-01-31 18:00,2260
2020-01-31 18:05,2262
2020-01-31 18:10,2265
2020-01-31 18:15,2279
2020-01-31 18:20,2262
2020-01-31 18:25,2253
2020-01-31 18:30,2284
2020-01-31 18:35,2270
2020-01-31 18:40,2284
2020-01-31 18:45,2272
2020-01-31 18:50,2293
2020-01-31 18:55,2301
2020-01-31 19:00,2285
2020-01-31 19:05,2275
2020-01-31 19:10,2286
2020-01-31 19:15,2289
2020-01-31 19:20,2290
2020-01-31 19:25,2301
2020-01-31 19:30,2295
2020-01-31 19:35,2334
2020-01-31 19:40,2329
2020-01-31 19:45,2321
2020-01-31 19:50,2326
2020-01-31 19:55,2332
2020-01-31 20:00,2311
2020-01-31 20:05,2321
2020-01-31 20:10,2327
2020-01-31 20:15,2346
2020-01-31 20:20,2347
2020-01-31 20:25,2354
2020-01-31 20:30,2359
2020-01-31 20:35,2368
2020-01-31 20:40,2365
2020-01-31 20:45,2335
2020-01-31 20:50,2313
2020-01-31 20:55,2278
2020-01-31 21:00,2265
2020-01-31 21:05,2256
2020-01-31 21:10,2252
2020-01-31 21:15,2238
2020-01-31 21:20,2233
2020-01-31 21:25,2232
2020-01-31 21:30,2236
2020-01-31 21:35,2232
2020-01-31 21:40,2197
2020-01-31 21:45,2178
2020-01-31 21:50,2163
2020-01-31 21:55,2131
2020-01-31 22:00,2126
2020-01-31 22:05,2099
2020-01-31 22:10,2089
2020-01-31 22:15,2067
2020-01-31 22:20,2041
2020-01-31 22:25,2031
2020-01-31 22:30,2024
2020-01-31 22:35,2026
2020-01-31 22:40,1990
2020-01-31 22:45,1936
2020-01-31 22:50,1931
2020-01-31 22:55,1917
2020-01-31 23:00,1902
2020-01-31 23:05,1888
2020-01-31 23:10,1873
2020-01-31 23:15,1872
2020-01-31 23:20,1851
2020-01-31 23:25,1854
2020-01-31 23:30,1849
2020-01-31 23:35,1821
2020-01-31 23:40,1806
2020-01-31 23:45,1777
2020-01-31 23:50,1794
2020-01-31 23:55,1792
2020-02-01 00:00,1772
2020-02-01 00:05,1765
2020-02-01 00:10,1751
2020-02-01 00:15,1733
2020-02-01 00:20,1746
2020-02-01 00:25,1760
2020-02-01 00:30,1731
2020-02-01 00:35,1726
2020-02-01 00:40,1710
2020-02-01 00:45,1683
2020-02-01 00:50,1681
2020-02-01 00:55,1664
2020-02-01 01:00,1653
2020-02-01 01:05,1642
2020-02-01 01:10,1614
2020-02-01 01:15,1596
2020-02-01 01:20,1576
2020-02-01 01:25,1535
2020-02-01 01:30,1496
2020-02-01 01:35,1454
2020-02-01 01:40,1453
2020-02-01 01:45,1474
2020-02-01 01:50,1481
2020-02-01 01:55,1474
2020-02-01 02:00,1471
2020-02-01 02:05,1480
2020-02-01 02:10,1503
2020-02-01 02:15,1500
2020-02-01 02:20,1497
2020-02-01 02:25,1506
2020-02-01 02:30,1490
2020-02-01 02:35,1493
2020-02-01 02:40,1495
2020-02-01 02:45,1498
2020-02-01 02:50,1511
2020-02-01 02:55,1486
2020-02-01 03:00,1499
2020-02-01 03:05,1477
2020-02-01 03:10,1466
2020-02-01 03:15,1462
2020-02-01 03:20,1440
2020-02-01 03:25,1432
2020-02-01 03:30,1444
2020-02-01 03:35,1446
2020-02-01 03:40,1425
2020-02-01 03:45,1421
2020-02-01 03:50,1413
2020-02-01 03:55,1412
2020-02-01 04:00,1396
2020-02-01 04:05,1384
2020-02-01 04:10,1386
2020-02-01 04:15,1372
2020-02-01 04:20,1360
2020-02-01 04:25,1354
2020-02-01 04:30,1346
2020-02-01 04:35,1320
2020-02-01 04:40,1319
2020-02-01 04:45,1317
2020-02-01 04:50,1310
2020-02-01 04:55,1307
2020-02-01 05:00,1294
2020-02-01 05:05,1290
2020-02-01 05:10,1281
2020-02-01 05:15,1273
2020-02-01 05:20,1270
2020-02-01 05:25,1265
2020-02-01 05:30,1259
2020-02-01 05:35,1248
2020-02-01 05:40,1241
2020-02-01 05:45,1238
2020-02-01 05:50,1235
2020-02-01 05:55,1228
2020-02-01 06:00,1225
2020-02-01 06:05,1222
2020-02-01 06:10,1213
2020-02-01 06:15,1215
2020-02-01 06:20,1204
2020-02-01 06:25,1203
2020-02-01 06:30,1186
2020-02-01 06:35,1204
2020-02-01 06:40,1210
2020-02-01 06:45,1216
2020-02-01 06:50,1215
2020-02-01 06:55,1217
2020-02-01 07:00,1208
2020-02-01 07:05,1216
2020-02-01 07:10,1219
2020-02-01 07:15,1225
2020-02-01 07:20,1228
2020-02-01 07:25,1233
2020-02-01 07:30,1254
2020-02-01 07:35,1272
2020-02-01 07:40,1275
2020-02-01 07:45,1274
2020-02-01 07:50,1266
2020-02-01 07:55,1287
2020-02-01 08:00,1288
2020-02-01 08:05,1307
2020-02-01 08:10,1324
2020-02-01 08:15,1339
2020-02-01 08:20,1336
2020-02-01 08:25,1330
2020-02-01 08:30,1348
2020-02-01 08:35,1341
2020-02-01 08:40,1348
2020-02-01 08:45,1363
2020-02-01 08:50,1367
2020-02-01 08:55,1372
2020-02-01 09:00,1378
2020-02-01 09:05,1386
2020-02-01 09:10,1391
2020-02-01 09:15,1404
2020-02-01 09:20,1427
2020-02-01 09:25,1428
2020-02-01 09:30,1437
2020-02-01 09:35,1458
2020-02-01 09:40,1464
2020-02-01 09:45,1452
2020-02-01 09:50,1465
2020-02-01 09:55,1479
2020-02-01 10:00,1507
2020-02-01 10:05,1538
2020-02-01 10:10,1560
2020-02-01 10:15,1560
2020-02-01 10:20,1579
2020-02-01 10:25,1606
2020-02-01 10:30,1622
2020-02-01 10:35,1633
2020-02-01 10:40,1648
2020-02-01 10:45,1660
2020-02-01 10:50,1665
2020-02-01 10:55,1684
2020-02-01 11:00,1693
2020-02-01 11:05,1691
2020-02-01 11:10,1704
2020-02-01 11:15,1719
2020-02-01 11:20,1736
2020-02-01 11:25,1749
2020-02-01 11:30,1774
2020-02-01 11:35,1777
2020-02-01 11:40,1804
2020-02-01 11:45,1828
2020-02-01 11:50,1839
2020-02-01 11:55,1848
2020-02-01 12:00,1877
2020-02-01 12:05,1893
2020-02-01 12:10,1895
2020-02-01 12:15,1914
2020-02-01 12:20,1926
2020-02-01 12:25,1948
2020-02-01 12:30,1971
2020-02-01 12:35,1987
2020-02-01 12:40,1978
2020-02-01 12:45,2008
2020-02-01 12:50,2013
2020-02-01 12:55,2027
2020-02-01 13:00,2060
2020-02-01 13:05,2056
2020-02-01 13:10,2072
2020-02-01 13:15,2092
2020-02-01 13:20,2106
2020-02-01 13:25,2114
2020-02-01 13:30,2158
2020-02-01 13:35,2143
2020-02-01 13:40,2152
2020-02-01 13:45,2165
2020-02-01 13:50,2161
2020-02-01 13:55,2169
2020-02-01 14:00,2190
2020-02-01 14:05,2217
2020-02-01 14:10,2199
2020-02-01 14:15,2206
2020-02-01 14:20,2218
2020-02-01 14:25,2222
2020-02-01 14:30,2216
2020-02-01 14:35,2242
2020-02-01 14:40,2265
2020-02-01 14:45,2258
2020-02-01 14:50,2251
2020-02-01 14:55,2255
2020-02-01 15:00,2275
2020-02-01 15:05,2276
2020-02-01 15:10,2298
2020-02-01 15:15,2320
2020-02-01 15:20,2335
2020-02-01 15:25,2362
2020-02-01 15:30,2368
2020-02-01 15:35,2364
2020-02-01 15:40,2352
2020-02-01 15:45,2353
2020-02-01 15:50,2343
2020-02-01 15:55,2347
2020-02-01 16:00,2359
2020-02-01 16:05,2345
2020-02-01 16:10,2340
2020-02-01 16:15,2384
2020-02-01 16:20,2390
2020-02-01 16:25,2413
2020-02-01 16:30,2438
2020-02-01 16:35,2478
2020-02-01 16:40,2480
2020-02-01 16:45,2493
2020-02-01 16:50,2518
2020-02-01 16:55,2516
2020-02-01 17:00,2538
2020-02-01 17:05,2560
2020-02-01 17:10,2575
2020-02-01 17:15,2574
2020-02-01 17:20,2568
2020-02-01 17:25,2586
2020-02-01 17:30,2577
2020-02-01 17:35,2586
2020-02-01 17:40,2599
2020-02-01 17:45,2612
2020-02-01 17:50,2605
2020-02-01 17:55,2607
2020-02-01 18:00,2604
2020-02-01 18:05,2605
2020-02-01 18:10,2614
2020-02-01 18:15,2612
2020-02-01 18:20,2635
2020-02-01 18:25,2647
2020-02-01 18:30,2645
2020-02-01 18:35,2655
2020-02-01 18:40,2658
2020-02-01 18:45,2632
2020-02-01 18:50,2643
2020-02-01 18:55,2653
2020-02-01 19:00,2643
2020-02-01 19:05,2636
2020-02-01 19:10,2667
2020-02-01 19:15,2678
2020-02-01 19:20,2589
2020-02-01 19:25,2665
2020-02-01 19:30,2640
2020-02-01 19:35,2636
2020-02-01 19:40,
2020-02-01 19:45,2658
2020-02-01 19:50,2309
2020-02-01 19:55,2660
2020-02-01 20:00,2673
2020-02-01 20:05,2669
2020-02-01 20:10,
2020-02-01 20:15,
2020-02-01 20:20,
2020-02-01 20:25,
2020-02-01 20:30,2646
2020-02-01 20:35,2661
2020-02-01 20:40,2668
2020-02-01 20:45,2666
2020-02-01 20:50,2656
2020-02-01 20:55,2665
2020-02-01 21:00,2673
2020-02-01 21:05,2660
2020-02-01 21:10,2646
2020-02-01 21:15,2620
2020-02-01 21:20,2622
2020-02-01 21:25,2612
2020-02-01 21:30,2628
2020-02-01 21:35,2604
2020-02-01 21:40,2574
2020-02-01 21:45,2580
2020-02-01 21:50,2581
2020-02-01 21:55,2573
2020-02-01 22:00,2548
2020-02-01 22:05,2520
2020-02-01 22:10,2515
2020-02-01 22:15,2506
2020-02-01 22:20,2491
2020-02-01 22:25,2456
2020-02-01 22:30,2438
2020-02-01 22:35,2416
2020-02-01 22:40,2370
2020-02-01 22:45,2364
2020-02-01 22:50,2327
2020-02-01 22:55,2279
2020-02-01 23:00,2261
2020-02-01 23:05,2254
2020-02-01 23:10,2240
2020-02-01 23:15,2261
2020-02-01 23:20,2279
2020-02-01 23:25,2272
2020-02-01 23:30,2247
2020-02-01 23:35,2227
2020-02-01 23:40,2212
2020-02-01 23:45,2177
2020-02-01 23:50,2138
2020-02-01 23:55,2107
2020-02-02 00:00,2070
2020-02-02 00:05,2056
2020-02-02 00:10,2048
2020-02-02 00:15,2016
2020-02-02 00:20,1995
2020-02-02 00:25,1956
2020-02-02 00:30,1940
2020-02-02 00:35,1908
2020-02-02 00:40,1899
2020-02-02 00:45,1859
2020-02-02 00:50,1871
2020-02-02 00:55,1853
2020-02-02 01:00,1852
2020-02-02 01:05,1822
2020-02-02 01:10,1820
2020-02-02 01:15,1814
2020-02-02 01:20,1794
2020-02-02 01:25,1782
2020-02-02 01:30,1776
2020-02-02 01:35,1756
2020-02-02 01:40,1753
2020-02-02 01:45,1743
2020-02-02 01:50,1740
2020-02-02 01:55,1734
2020-02-02 02:00,1723
2020-02-02 02:05,1725
2020-02-02 02:10,1721
2020-02-02 02:15,1709
2020-02-02 02:20,1699
2020-02-02 02:25,1704
2020-02-02 02:30,1671
2020-02-02 02:35,1670
2020-02-02 02:40,1665
2020-02-02 02:45,1642
2020-02-02 02:50,1626
2020-02-02 02:55,1617
2020-02-02 03:00,1628
2020-02-02 03:05,1626
2020-02-02 03:10,1623
2020-02-02 03:15,1596
2020-02-02 03:20,1596
2020-02-02 03:25,1604
2020-02-02 03:30,1591
2020-02-02 03:35,1570
2020-02-02 03:40,1561
2020-02-02 03:45,1559
2020-02-02 03:50,1546
2020-02-02 03:55,1531
2020-02-02 04:00,1537
2020-02-02 04:05,1518
2020-02-02 04:10,1512
2020-02-02 04:15,1517
2020-02-02 04:20,1514
2020-02-02 04:25,1501
2020-02-02 04:30,1494
2020-02-02 04:35,1487
2020-02-02 04:40,1468
2020-02-02 04:45,1465
2020-02-02 04:50,1447
2020-02-02 04:55,1439
2020-02-02 05:00,1407
2020-02-02 05:05,1415
2020-02-02 05:10,1425
2020-02-02 05:15,1417
2020-02-02 05:20,1425
2020-02-02 05:25,1424
2020-02-02 05:30,1423
2020-02-02 05:35,1396
2020-02-02 05:40,1385
2020-02-02 05:45,1375
2020-02-02 05:50,1378
2020-02-02 05:55,1364
2020-02-02 06:00,1360
2020-02-02 06:05,1346
2020-02-02 06:10,1332
2020-02-02 06:15,1320
2020-02-02 06:20,1296
2020-02-02 06:25,1292
2020-02-02 06:30,1296
2020-02-02 06:35,1296
2020-02-02 06:40,1276
2020-02-02 06:45,1279
2020-02-02 06:50,1283
2020-02-02 06:55,1292
2020-02-02 07:00,1285
2020-02-02 07:05,1288
2020-02-02 07:10,1271
2020-02-02 07:15,1273
2020-02-02 07:20,1285
2020-02-02 07:25,1282
2020-02-02 07:30,1280
2020-02-02 07:35,1304
2020-02-02 07:40,1303
2020-02-02 07:45,1291
2020-02-02 07:50,1297
2020-02-02 07:55,1314
2020-02-02 08:00,1312
2020-02-02 08:05,1332
2020-02-02 08:10,1339
2020-02-02 08:15,1345
2020-02-02 08:20,1350
2020-02-02 08:25,1357
2020-02-02 08:30,1376
2020-02-02 08:35,1395
2020-02-02 08:40,1400
2020-02-02 08:45,1424
2020-02-02 08:50,1441
2020-02-02 08:55,1456
2020-02-02 09:00,1483
2020-02-02 09:05,1474
2020-02-02 09:10,1480
2020-02-02 09:15,1488
2020-02-02 09:20,1496
2020-02-02 09:25,1494
2020-02-02 09:30,1513
2020-02-02 09:35,1518
2020-02-02 09:40,1526
2020-02-02 09:45,1546
2020-02-02 09:50,1568
2020-02-02 09:55,1572
2020-02-02 10:00,1597
2020-02-02 10:05,1643
2020-02-02 10:10,1656
2020-02-02 10:15,1658
2020-02-02 10:20,1690
2020-02-02 10:25,1711
2020-02-02 10:30,1730
2020-02-02 10:35,1759
2020-02-02 10:40,1777
2020-02-02 10:45,1797
2020-02-02 10:50,1813
2020-02-02 10:55,1829
2020-02-02 11:00,1859
2020-02-02 11:05,1849
2020-02-02 11:10,1870
2020-02-02 11:15,1879
2020-02-02 11:20,1892
2020-02-02 11:25,1917
2020-02-02 11:30,1922
2020-02-02 11:35,1935
2020-02-02 11:40,1937
2020-02-02 11:45,1939
2020-02-02 11:50,1954
2020-02-02 11:55,1972
2020-02-02 12:00,1961
2020-02-02 12:05,1958
2020-02-02 12:10,1981
2020-02-02 12:15,1983
2020-02-02 12:20,2004
2020-02-02 12:25,2016
2020-02-02 12:30,2034
2020-02-02 12:35,2044
2020-02-02 12:40,2048
2020-02-02 12:45,2064
2020-02-02 12:50,2072
2020-02-02 12:55,2083
2020-02-02 13:00,2093
2020-02-02 13:05,2109
2020-02-02 13:10,2130
2020-02-02 13:15,2160
2020-02-02 13:20,2193
2020-02-02 13:25,2206
2020-02-02 13:30,2227
2020-02-02 13:35,2224
2020-02-02 13:40,2247
2020-02-02 13:45,2249
2020-02-02 13:50,2276
2020-02-02 13:55,2308
2020-02-02 14:00,2345
2020-02-02 14:05,2372
2020-02-02 14:10,2387
2020-02-02 14:15,2408
2020-02-02 14:20,2412
2020-02-02 14:25,2427
2020-02-02 14:30,2457
2020-02-02 14:35,2471
2020-02-02 14:40,2496
2020-02-02 14:45,2485
2020-02-02 14:50,2476
2020-02-02 14:55,2490
2020-02-02 15:00,2482
2020-02-02 15:05,2494
2020-02-02 15:10,2509
2020-02-02 15:15,2543
2020-02-02 15:20,2567
2020-02-02 15:25,2569
2020-02-02 15:30,2563
2020-02-02 15:35,2561
2020-02-02 15:40,2542
2020-02-02 15:45,2542
2020-02-02 15:50,2544
2020-02-02 15:55,2544
2020-02-02 16:00,2542
2020-02-02 16:05,2561
2020-02-02 16:10,2563
2020-02-02 16:15,2551
2020-02-02 16:20,2559
2020-02-02 16:25,2563
2020-02-02 16:30,2567
2020-02-02 16:35,2583
2020-02-02 16:40,2614
2020-02-02 16:45,2627
2020-02-02 16:50,2660
2020-02-02 16:55,2671
2020-02-02 17:00,2677
2020-02-02 17:05,2681
2020-02-02 17:10,2693
2020-02-02 17:15,2703
2020-02-02 17:20,2713
2020-02-02 17:25,2711
2020-02-02 17:30,2708
2020-02-02 17:35,2709
2020-02-02 17:40,2748
2020-02-02 17:45,2756
2020-02-02 17:50,2791
2020-02-02 17:55,2794
2020-02-02 18:00,2786
2020-02-02 18:05,2784
2020-02-02 18:10,2785
2020-02-02 18:15,2784
2020-02-02 18:20,2776
2020-02-02 18:25,2785
2020-02-02 18:30,2793
2020-02-02 18:35,2802
2020-02-02 18:40,2798
2020-02-02 18:45,2805
2020-02-02 18:50,2839
2020-02-02 18:55,2844
2020-02-02 19:00,2841
2020-02-02 19:05,2884
2020-02-02 19:10,2868
2020-02-02 19:15,2842
2020-02-02 19:20,2834
2020-02-02 19:25,2850
2020-02-02 19:30,2828
2020-02-02 19:35,2831
2020-02-02 19:40,2835
2020-02-02 19:45,2841
2020-02-02 19:50,2823
2020-02-02 19:55,2804
2020-02-02 20:00,2764
2020-02-02 20:05,2761
2020-02-02 20:10,2741
2020-02-02 20:15,2740
2020-02-02 20:20,2718
2020-02-02 20:25,2711
2020-02-02 20:30,2705
2020-02-02 20:35,2709
2020-02-02 20:40,2703
2020-02-02 20:45,2703
2020-02-02 20:50,2674
2020-02-02 20:55,2655
2020-02-02 21:00,2639
2020-02-02 21:05,2616
2020-02-02 21:10,2575
2020-02-02 21:15,2540
2020-02-02 21:20,2525
2020-02-02 21:25,2512
2020-02-02 21:30,2464
2020-02-02 21:35,2446
2020-02-02 21:40,2422
2020-02-02 21:45,2403
2020-02-02 21:50,2388
2020-02-02 21:55,2380
2020-02-02 22:00,2355
2020-02-02 22:05,2330
2020-02-02 22:10,2288
2020-02-02 22:15,2262
2020-02-02 22:20,2205
2020-02-02 22:25,2171
2020-02-02 22:30,2142
2020-02-02 22:35,2122
2020-02-02 22:40,2092
2020-02-02 22:45,2070
2020-02-02 22:50,2039
2020-02-02 22:55,2014
2020-02-02 23:00,1994
2020-02-02 23:05,1989
2020-02-02 23:10,1972
2020-02-02 23:15,1951
2020-02-02 23:20,1937
2020-02-02 23:25,1910
2020-02-02 23:30,1887
2020-02-02 23:35,1870
2020-02-02 23:40,1847
2020-02-02 23:45,1828
2020-02-02 23:50,1805
2020-02-02 23:55,1772
2020-02-03 00:00,1745
2020-02-03 00:05,1738
2020-02-03 00:10,1710
2020-02-03 00:15,1722
2020-02-03 00:20,1692
2020-02-03 00:25,1681
2020-02-03 00:30,1678
2020-02-03 00:35,1642
2020-02-03 00:40,1623
2020-02-03 00:45,1601
2020-02-03 00:50,1601
2020-02-03 00:55,1596
2020-02-03 01:00,1583
2020-02-03 01:05,1564
2020-02-03 01:10,1569
2020-02-03 01:15,1550
2020-02-03 01:20,1523
2020-02-03 01:25,1497
2020-02-03 01:30,1479
2020-02-03 01:35,1486
2020-02-03 01:40,1471
2020-02-03 01:45,1452
2020-02-03 01:50,1446
2020-02-03 01:55,1446
2020-02-03 02:00,1439
2020-02-03 02:05,1431
2020-02-03 02:10,1406
2020-02-03 02:15,1404
2020-02-03 02:20,1403
2020-02-03 02:25,1401
2020-02-03 02:30,1396
2020-02-03 02:35,1395
2020-02-03 02:40,1378
2020-02-03 02:45,1359
2020-02-03 02:50,1338
2020-02-03 02:55,1343
2020-02-03 03:00,1337
2020-02-03 03:05,1310
2020-02-03 03:10,1292
2020-02-03 03:15,1286
2020-02-03 03:20,1287
2020-02-03 03:25,1282
2020-02-03 03:30,1282
2020-02-03 03:35,1270
2020-02-03 03:40,1280
2020-02-03 03:45,1249
2020-02-03 03:50,1229
2020-02-03 03:55,1221
2020-02-03 04:00,1211
2020-02-03 04:05,1198
2020-02-03 04:10,1184
2020-02-03 04:15,1160
2020-02-03 04:20,1155
2020-02-03 04:25,1143
2020-02-03 04:30,1149
2020-02-03 04:35,1135
2020-02-03 04:40,1139
2020-02-03 04:45,1124
2020-02-03 04:50,1121
2020-02-03 04:55,1121
2020-02-03 05:00,1110
2020-02-03 05:05,1108
2020-02-03 05:10,1095
2020-02-03 05:15,1096
2020-02-03 05:20,1088
2020-02-03 05:25,1089
2020-02-03 05:30,1077
2020-02-03 05:35,1082
2020-02-03 05:40,1079
2020-02-03 05:45,1070
2020-02-03 05:50,1056
2020-02-03 05:55,1049
2020-02-03 06:00,1036
2020-02-03 06:05,1031
2020-02-03 06:10,1002
2020-02-03 06:15,1012
2020-02-03 06:20,1017
2020-02-03 06:25,1013
2020-02-03 06:30,996
2020-02-03 06:35,985
2020-02-03 06:40,981
2020-02-03 06:45,969
2020-02-03 06:50,956
2020-02-03 06:55,964
2020-02-03 07:00,963
2020-02-03 07:05,953
2020-02-03 07:10,955
2020-02-03 07:15,954
2020-02-03 07:20,948
2020-02-03 07:25,944
2020-02-03 07:30,938
2020-02-03 07:35,944
2020-02-03 07:40,948
2020-02-03 07:45,953
2020-02-03 07:50,962
2020-02-03 07:55,955
2020-02-03 08:00,963
2020-02-03 08:05,971
2020-02-03 08:10,979
2020-02-03 08:15,991
2020-02-03 08:20,999
2020-02-03 08:25,1019
2020-02-03 08:30,1029
2020-02-03 08:35,1033
2020-02-03 08:40,1031
2020-02-03 08:45,1021
2020-02-03 08:50,1023
2020-02-03 08:55,1010
2020-02-03 09:00,1002
2020-02-03 09:05,1009
2020-02-03 09:10,1007
2020-02-03 09:15,1015
2020-02-03 09:20,1023
2020-02-03 09:25,1043
2020-02-03 09:30,1053
2020-02-03 09:35,1070
2020-02-03 09:40,1075
2020-02-03 09:45,1076
2020-02-03 09:50,1082
2020-02-03 09:55,1113
2020-02-03 10:00,1126
2020-02-03 10:05,1145
2020-02-03 10:10,1158
2020-02-03 10:15,1180
2020-02-03 10:20,1213
2020-02-03 10:25,1217
2020-02-03 10:30,1215
2020-02-03 10:35,1219
2020-02-03 10:40,1223
2020-02-03 10:45,1220
2020-02-03 10:50,1225
2020-02-03 10:55,1233
2020-02-03 11:00,1244
2020-02-03 11:05,1257
2020-02-03 11:10,1291
2020-02-03 11:15,1300
2020-02-03 11:20,1306
2020-02-03 11:25,1320
2020-02-03 11:30,
2020-02-03 11:35,
2020-02-03 11:40,
2020-02-03 11:45,
2020-02-03 11:50,
2020-02-03 11:55,
2020-02-03 12:00,
2020-02-03 12:05,1399
2020-02-03 12:10,1383
2020-02-03 12:15,1402
2020-02-03 12:20,1400
2020-02-03 12:25,1411
2020-02-03 12:30,1426
2020-02-03 12:35,1434
2020-02-03 12:40,1441
2020-02-03 12:45,1465
2020-02-03 12:50,1470
2020-02-03 12:55,1494
2020-02-03 13:00,1490
2020-02-03 13:05,1471
2020-02-03 13:10,1498
2020-02-03 13:15,1500
2020-02-03 13:20,1509
2020-02-03 13:25,1532
2020-02-03 13:30,1543
2020-02-03 13:35,1562
2020-02-03 13:40,1577
2020-02-03 13:45,1583
2020-02-03 13:50,1590
2020-02-03 13:55,1596
2020-02-03 14:00,1591
2020-02-03 14:05,1621
2020-02-03 14:10,1609
2020-02-03 14:15,1620
2020-02-03 14:20,1617
2020-02-03 14:25,1622
2020-02-03 14:30,1641
2020-02-03 14:35,1656
2020-02-03 14:40,1659
2020-02-03 14:45,1659
2020-02-03 14:50,1682
2020-02-03 14:55,1697
2020-02-03 15:00,1706
2020-02-03 15:05,1720
2020-02-03 15:10,1722
2020-02-03 15:15,1753
2020-02-03 15:20,1730
2020-02-03 15:25,1757
2020-02-03 15:30,1779
2020-02-03 15:35,1815
2020-02-03 15:40,1820
2020-02-03 15:45,1835
2020-02-03 15:50,1860
2020-02-03 15:55,1882
2020-02-03 16:00,1899
2020-02-03 16:05,1921
2020-02-03 16:10,1927
2020-02-03 16:15,1946
2020-02-03 16:20,1962
2020-02-03 16:25,1982
2020-02-03 16:30,1977
2020-02-03 16:35,2006
2020-02-03 16:40,2011
2020-02-03 16:45,2038
2020-02-03 16:50,2070
2020-02-03 16:55,2065
2020-02-03 17:00,2088
2020-02-03 17:05,2116
2020-02-03 17:10,2121
2020-02-03 17:15,2168
2020-02-03 17:20,2193
2020-02-03 17:25,2222
2020-02-03 17:30,2257
2020-02-03 17:35,2244
2020-02-03 17:40,2234
2020-02-03 17:45,2253
2020-02-03 17:50,2242
2020-02-03 17:55,2258
2020-02-03 18:00,2267
2020-02-03 18:05,2294
2020-02-03 18:10,2307
2020-02-03 18:15,2319
2020-02-03 18:20,2331
2020-02-03 18:25,2330
2020-02-03 18:30,2338
2020-02-03 18:35,2358
2020-02-03 18:40,2360
2020-02-03 18:45,2371
2020-02-03 18:50,2388
2020-02-03 18:55,2384
2020-02-03 19:00,2364
2020-02-03 19:05,2390
2020-02-03 19:10,2390
2020-02-03 19:15,2389
2020-02-03 19:20,2421
2020-02-03 19:25,2388
2020-02-03 19:30,2392
2020-02-03 19:35,2379
2020-02-03 19:40,2364
2020-02-03 19:45,2310
2020-02-03 19:50,2328
2020-02-03 19:55,2319
2020-02-03 20:00,2315
2020-02-03 20:05,2312
2020-02-03 20:10,2317
2020-02-03 20:15,2325
2020-02-03 20:20,2303
2020-02-03 20:25,2306
2020-02-03 20:30,2293
2020-02-03 20:35,2280
2020-02-03 20:40,2289
2020-02-03 20:45,2303
2020-02-03 20:50,2317
2020-02-03 20:55,2305
2020-02-03 21:00,2298
2020-02-03 21:05,2313
2020-02-03 21:10,2307
2020-02-03 21:15,2280
2020-02-03 21:20,2264
2020-02-03 21:25,2263
2020-02-03 21:30,2244
2020-02-03 21:35,2217
2020-02-03 21:40,2192
2020-02-03 21:45,
2020-02-03 21:50,
2020-02-03 21:55,491
2020-02-03 22:00,1679
2020-02-03 22:05,2075
2020-02-03 22:10,2059
2020-02-03 22:15,2040
2020-02-03 22:20,2030
2020-02-03 22:25,2002
2020-02-03 22:30,1987
2020-02-03 22:35,1958
2020-02-03 22:40,1931
2020-02-03 22:45,1899
2020-02-03 22:50,1871
2020-02-03 22:55,1843
2020-02-03 23:00,1841
2020-02-03 23:05,1839
2020-02-03 23:10,1816
2020-02-03 23:15,1803
2020-02-03 23:20,1777
2020-02-03 23:25,1761
2020-02-03 23:30,1759
2020-02-03 23:35,1743
2020-02-03 23:40,1736
2020-02-03 23:45,1717
2020-02-03 23:50,1713
2020-02-03 23:55,1717
2020-02-04 00:00,1724
2020-02-04 00:05,1714
2020-02-04 00:10,1718
2020-02-04 00:15,1698
2020-02-04 00:20,1689
2020-02-04 00:25,1672
2020-02-04 00:30,1662
2020-02-04 00:35,1658
2020-02-04 00:40,1651
2020-02-04 00:45,1642
2020-02-04 00:50,1614
2020-02-04 00:55,1624
2020-02-04 01:00,1625
2020-02-04 01:05,1616
2020-02-04 01:10,1595
2020-02-04 01:15,1591
2020-02-04 01:20,1582
2020-02-04 01:25,1550
2020-02-04 01:30,1538
2020-02-04 01:35,1529
2020-02-04 01:40,1528
2020-02-04 01:45,1524
2020-02-04 01:50,1502
2020-02-04 01:55,1485
2020-02-04 02:00,1497
2020-02-04 02:05,1479
2020-02-04 02:10,1482
2020-02-04 02:15,1490
2020-02-04 02:20,1476
2020-02-04 02:25,1473
2020-02-04 02:30,1477
2020-02-04 02:35,1470
2020-02-04 02:40,1447
2020-02-04 02:45,1459
2020-02-04 02:50,1441
2020-02-04 02:55,1430
2020-02-04 03:00,1444
2020-02-04 03:05,1436
2020-02-04 03:10,1397
2020-02-04 03:15,1368
2020-02-04 03:20,1342
2020-02-04 03:25,1349
2020-02-04 03:30,1339
2020-02-04 03:35,1339
2020-02-04 03:40,1315
2020-02-04 03:45,1306
2020-02-04 03:50,1287
2020-02-04 03:55,1280
2020-02-04 04:00,1268
2020-02-04 04:05,1255
2020-02-04 04:10,1229
2020-02-04 04:15,1212
2020-02-04 04:20,1195
2020-02-04 04:25,1188
2020-02-04 04:30,1188
2020-02-04 04:35,1173
2020-02-04 04:40,1168
2020-02-04 04:45,1144
2020-02-04 04:50,1123
2020-02-04 04:55,1108
2020-02-04 05:00,1093
2020-02-04 05:05,1069
2020-02-04 05:10,1060
2020-02-04 05:15,1048
2020-02-04 05:20,1046
2020-02-04 05:25,1048
2020-02-04 05:30,1056
2020-02-04 05:35,1039
2020-02-04 05:40,1030
2020-02-04 05:45,1029
2020-02-04 05:50,1016
2020-02-04 05:55,1011
2020-02-04 06:00,1010
2020-02-04 06:05,987
2020-02-04 06:10,992
2020-02-04 06:15,991
2020-02-04 06:20,994
2020-02-04 06:25,988
2020-02-04 06:30,987
2020-02-04 06:35,973
2020-02-04 06:40,968
2020-02-04 06:45,960
2020-02-04 06:50,964
2020-02-04 06:55,979
2020-02-04 07:00,970
2020-02-04 07:05,976
2020-02-04 07:10,952
2020-02-04 07:15,945
2020-02-04 07:20,947
2020-02-04 07:25,945
2020-02-04 07:30,951
2020-02-04 07:35,947
2020-02-04 07:40,945
2020-02-04 07:45,953
2020-02-04 07:50,961
2020-02-04 07:55,943
2020-02-04 08:00,959
2020-02-04 08:05,967
2020-02-04 08:10,968
2020-02-04 08:15,979
2020-02-04 08:20,986
2020-02-04 08:25,990
2020-02-04 08:30,987
2020-02-04 08:35,984
2020-02-04 08:40,979
2020-02-04 08:45,982
2020-02-04 08:50,996
2020-02-04 08:55,994
2020-02-04 09:00,988
2020-02-04 09:05,1008
2020-02-04 09:10,1017
2020-02-04 09:15,1025
2020-02-04 09:20,1022
2020-02-04 09:25,1037
2020-02-04 09:30,1042
2020-02-04 09:35,1049
2020-02-04 09:40,1062
2020-02-04 09:45,1066
2020-02-04 09:50,1069
2020-02-04 09:55,1077
2020-02-04 10:00,1100
2020-02-04 10:05,1136
2020-02-04 10:10,1141
2020-02-04 10:15,1165
2020-02-04 10:20,1171
2020-02-04 10:25,1182
2020-02-04 10:30,1196
2020-02-04 10:35,1209
2020-02-04 10:40,1218
2020-02-04 10:45,1215
2020-02-04 10:50,1243
2020-02-04 10:55,1252
2020-02-04 11:00,1241
2020-02-04 11:05,1253
2020-02-04 11:10,1272
2020-02-04 11:15,1274
2020-02-04 11:20,1292
2020-02-04 11:25,1293
2020-02-04 11:30,1285
2020-02-04 11:35,1297
2020-02-04 11:40,1308
2020-02-04 11:45,1322
2020-02-04 11:50,1318
2020-02-04 11:55,1324
2020-02-04 12:00,1344
2020-02-04 12:05,1347
2020-02-04 12:10,1346
2020-02-04 12:15,1355
2020-02-04 12:20,1360
2020-02-04 12:25,1377
2020-02-04 12:30,1387
2020-02-04 12:35,1379
2020-02-04 12:40,1385
2020-02-04 12:45,1408
2020-02-04 12:50,1418
2020-02-04 12:55,1404
2020-02-04 13:00,1414
2020-02-04 13:05,1434
2020-02-04 13:10,1435
2020-02-04 13:15,1434
2020-02-04 13:20,1440
2020-02-04 13:25,1436
2020-02-04 13:30,1458
2020-02-04 13:35,1478
2020-02-04 13:40,1493
2020-02-04 13:45,1498
2020-02-04 13:50,1510
2020-02-04 13:55,1537
2020-02-04 14:00,1543
2020-02-04 14:05,1555
2020-02-04 14:10,1545
2020-02-04 14:15,1548
2020-02-04 14:20,1558
2020-02-04 14:25,1567
2020-02-04 14:30,1579
2020-02-04 14:35,1592
2020-02-04 14:40,1579
2020-02-04 14:45,1575
2020-02-04 14:50,1536
2020-02-04 14:55,1488
2020-02-04 15:00,1432
2020-02-04 15:05,1068
2020-02-04 15:10,889
2020-02-04 15:15,876
2020-02-04 15:20,875
2020-02-04 15:25,898
2020-02-04 15:30,925
2020-02-04 15:35,929
2020-02-04 15:40,936
2020-02-04 15:45,942
2020-02-04 15:50,948
2020-02-04 15:55,947
2020-02-04 16:00,958
2020-02-04 16:05,966
2020-02-04 16:10,981
2020-02-04 16:15,1016
2020-02-04 16:20,1023
2020-02-04 16:25,1058
2020-02-04 16:30,1066
2020-02-04 16:35,1128
2020-02-04 16:40,1240
2020-02-04 16:45,1360
2020-02-04 16:50,1468
2020-02-04 16:55,1575
2020-02-04 17:00,1680
2020-02-04 17:05,1776
2020-02-04 17:10,1850
2020-02-04 17:15,1936
2020-02-04 17:20,1996
2020-02-04 17:25,2045
2020-02-04 17:30,2094
2020-02-04 17:35,2130
2020-02-04 17:40,2171
2020-02-04 17:45,2194
2020-02-04 17:50,2211
2020-02-04 17:55,2258
2020-02-04 18:00,2286
2020-02-04 18:05,2300
2020-02-04 18:10,2283
2020-02-04 18:15,2280
2020-02-04 18:20,2271
2020-02-04 18:25,2273
2020-02-04 18:30,2303
2020-02-04 18:35,2318
2020-02-04 18:40,2317
2020-02-04 18:45,2337
2020-02-04 18:50,2337
2020-02-04 18:55,2330
2020-02-04 19:00,2340
2020-02-04 19:05,2339
2020-02-04 19:10,2353
2020-02-04 19:15,2358
2020-02-04 19:20,0
2020-02-04 19:25,2329
2020-02-04 19:30,2318
2020-02-04 19:35,2330
2020-02-04 19:40,2317
2020-02-04 19:45,2320
2020-02-04 19:50,2306
2020-02-04 19:55,2304
2020-02-04 20:00,2289
2020-02-04 20:05,2297
2020-02-04 20:10,2298
2020-02-04 20:15,2283
2020-02-04 20:20,2264
2020-02-04 20:25,2278
2020-02-04 20:30,2287
2020-02-04 20:35,2272
2020-02-04 20:40,2255
2020-02-04 20:45,2230
2020-02-04 20:50,2209
2020-02-04 20:55,2196
2020-02-04 21:00,2188
2020-02-04 21:05,2163
2020-02-04 21:10,2152
2020-02-04 21:15,2155
2020-02-04 21:20,2137
2020-02-04 21:25,2135
2020-02-04 21:30,2122
2020-02-04 21:35,2123
2020-02-04 21:40,2107
2020-02-04 21:45,2112
2020-02-04 21:50,2103
2020-02-04 21:55,2088
2020-02-04 22:00,2061
2020-02-04 22:05,2056
2020-02-04 22:10,2032
2020-02-04 22:15,2018
2020-02-04 22:20,1998
2020-02-04 22:25,1957
2020-02-04 22:30,1957
2020-02-04 22:35,1920
2020-02-04 22:40,1911
2020-02-04 22:45,1909
2020-02-04 22:50,1887
2020-02-04 22:55,1860
2020-02-04 23:00,1821
2020-02-04 23:05,1829
2020-02-04 23:10,0
2020-02-04 23:15,20
2020-02-04 23:20,1132
2020-02-04 23:25,1695
2020-02-04 23:30,1712
2020-02-04 23:35,1687
2020-02-04 23:40,1683
2020-02-04 23:45,1649
2020-02-04 23:50,1622
2020-02-04 23:55,0
2020-02-05 00:00,76
2020-02-05 00:05,1174
2020-02-05 00:10,1576
2020-02-05 00:15,1589
2020-02-05 00:20,1564
2020-02-05 00:25,1558
2020-02-05 00:30,1556
2020-02-05 00:35,1546
2020-02-05 00:40,1529
2020-02-05 00:45,1533
2020-02-05 00:50,1526
2020-02-05 00:55,1545
2020-02-05 01:00,1528
2020-02-05 01:05,1476
2020-02-05 01:10,1468
2020-02-05 01:15,1468
2020-02-05 01:20,1467
2020-02-05 01:25,1453
2020-02-05 01:30,1459
2020-02-05 01:35,1435
2020-02-05 01:40,1411
2020-02-05 01:45,1410
2020-02-05 01:50,1405
2020-02-05 01:55,1408
2020-02-05 02:00,1402
2020-02-05 02:05,1398
2020-02-05 02:10,1391
2020-02-05 02:15,1388
2020-02-05 02:20,1380
2020-02-05 02:25,1388
2020-02-05 02:30,1409
2020-02-05 02:35,1394
2020-02-05 02:40,1394
2020-02-05 02:45,1412
2020-02-05 02:50,1417
2020-02-05 02:55,1408
2020-02-05 03:00,1380
2020-02-05 03:05,1375
2020-02-05 03:10,1376
2020-02-05 03:15,1364
2020-02-05 03:20,1355
2020-02-05 03:25,1346
2020-02-05 03:30,1314
2020-02-05 03:35,1286
2020-02-05 03:40,1260
2020-02-05 03:45,1252
2020-02-05 03:50,1253
2020-02-05 03:55,1235
2020-02-05 04:00,1239
2020-02-05 04:05,1237
2020-02-05 04:10,1241
2020-02-05 04:15,1210
2020-02-05 04:20,1198
2020-02-05 04:25,1197
2020-02-05 04:30,1171
2020-02-05 04:35,1173
2020-02-05 04:40,1140
2020-02-05 04:45,1140
2020-02-05 04:50,1153
2020-02-05 04:55,1139
2020-02-05 05:00,1136
2020-02-05 05:05,1109
2020-02-05 05:10,1096
2020-02-05 05:15,1086
2020-02-05 05:20,1067
2020-02-05 05:25,1059
2020-02-05 05:30,1047
2020-02-05 05:35,1036
2020-02-05 05:40,1042
2020-02-05 05:45,1021
2020-02-05 05:50,985
2020-02-05 05:55,980
2020-02-05 06:00,979
2020-02-05 06:05,958
2020-02-05 06:10,959
2020-02-05 06:15,957
2020-02-05 06:20,952
2020-02-05 06:25,943
2020-02-05 06:30,937
2020-02-05 06:35,927
2020-02-05 06:40,933
2020-02-05 06:45,930
2020-02-05 06:50,935
2020-02-05 06:55,927
2020-02-05 07:00,924
2020-02-05 07:05,912
2020-02-05 07:10,907
2020-02-05 07:15,900
2020-02-05 07:20,896
2020-02-05 07:25,893
2020-02-05 07:30,884
2020-02-05 07:35,883
2020-02-05 07:40,879
2020-02-05 07:45,882
2020-02-05 07:50,898
2020-02-05 07:55,911
2020-02-05 08:00,918
2020-02-05 08:05,926
2020-02-05 08:10,918
2020-02-05 08:15,933
2020-02-05 08:20,932
2020-02-05 08:25,936
2020-02-05 08:30,949
2020-02-05 08:35,953
2020-02-05 08:40,953
2020-02-05 08:45,963
2020-02-05 08:50,979
2020-02-05 08:55,980
2020-02-05 09:00,987
2020-02-05 09:05,1000
2020-02-05 09:10,1011
2020-02-05 09:15,1004
2020-02-05 09:20,1009
2020-02-05 09:25,1006
2020-02-05 09:30,1003
2020-02-05 09:35,1007
2020-02-05 09:40,1020
2020-02-05 09:45,1031
2020-02-05 09:50,1048
2020-02-05 09:55,1071
2020-02-05 10:00,1078
2020-02-05 10:05,1101
2020-02-05 10:10,1112
2020-02-05 10:15,1127
2020-02-05 10:20,1143
2020-02-05 10:25,1147
2020-02-05 10:30,1166
2020-02-05 10:35,1174
2020-02-05 10:40,1169
2020-02-05 10:45,1185
2020-02-05 10:50,1205
2020-02-05 10:55,1225
2020-02-05 11:00,1223
2020-02-05 11:05,1246
2020-02-05 11:10,1239
2020-02-05 11:15,1240
2020-02-05 11:20,1241
2020-02-05 11:25,1242
2020-02-05 11:30,1255
2020-02-05 11:35,1274
2020-02-05 11:40,1274
2020-02-05 11:45,1279
2020-02-05 11:50,1270
2020-02-05 11:55,1288
2020-02-05 12:00,1299
2020-02-05 12:05,1300
2020-02-05 12:10,1297
2020-02-05 12:15,1334
2020-02-05 12:20,1343
2020-02-05 12:25,1353
2020-02-05 12:30,1384
2020-02-05 12:35,1385
2020-02-05 12:40,1386
2020-02-05 12:45,1381
2020-02-05 12:50,1391
2020-02-05 12:55,1423
2020-02-05 13:00,1431
2020-02-05 13:05,1443
2020-02-05 13:10,1450
2020-02-05 13:15,1430
2020-02-05 13:20,1455
2020-02-05 13:25,1454
2020-02-05 13:30,1484
2020-02-05 13:35,1496
2020-02-05 13:40,1505
2020-02-05 13:45,1533
2020-02-05 13:50,1562
2020-02-05 13:55,1584
2020-02-05 14:00,1605
2020-02-05 14:05,1602
2020-02-05 14:10,1609
2020-02-05 14:15,1609
2020-02-05 14:20,1628
2020-02-05 14:25,1630
2020-02-05 14:30,1653
2020-02-05 14:35,1650
2020-02-05 14:40,1665
2020-02-05 14:45,1661
2020-02-05 14:50,1695
2020-02-05 14:55,1691
2020-02-05 15:00,1690
2020-02-05 15:05,1705
2020-02-05 15:10,1718
2020-02-05 15:15,1732
2020-02-05 15:20,1745
2020-02-05 15:25,1758
2020-02-05 15:30,1772
2020-02-05 15:35,1777
2020-02-05 15:40,1771
2020-02-05 15:45,1794
2020-02-05 15:50,1809
2020-02-05 15:55,1823
2020-02-05 16:00,1820
2020-02-05 16:05,1840
2020-02-05 16:10,1832
2020-02-05 16:15,1845
2020-02-05 16:20,1897
2020-02-05 16:25,1913
2020-02-05 16:30,1923
2020-02-05 16:35,1944
2020-02-05 16:40,1944
2020-02-05 16:45,1979
2020-02-05 16:50,2015
2020-02-05 16:55,2031
2020-02-05 17:00,2049
2020-02-05 17:05,2017
2020-02-05 17:10,2019
2020-02-05 17:15,2039
2020-02-05 17:20,2054
2020-02-05 17:25,2069
2020-02-05 17:30,2087
2020-02-05 17:35,2103
2020-02-05 17:40,2111
2020-02-05 17:45,2129
2020-02-05 17:50,2140
2020-02-05 17:55,2143
2020-02-05 18:00,2154
2020-02-05 18:05,2150
2020-02-05 18:10,2150
2020-02-05 18:15,2150
2020-02-05 18:20,2175
2020-02-05 18:25,2191
2020-02-05 18:30,2217
2020-02-05 18:35,2223
2020-02-05 18:40,2240
2020-02-05 18:45,2260
2020-02-05 18:50,2260
2020-02-05 18:55,2240
2020-02-05 19:00,2234
2020-02-05 19:05,2242
2020-02-05 19:10,2234
2020-02-05 19:15,2229
2020-02-05 19:20,2218
2020-02-05 19:25,2209
2020-02-05 19:30,2206
2020-02-05 19:35,2209
2020-02-05 19:40,2205
2020-02-05 19:45,2203
2020-02-05 19:50,2198
2020-02-05 19:55,2205
2020-02-05 20:00,2202
2020-02-05 20:05,2201
2020-02-05 20:10,2195
2020-02-05 20:15,2168
2020-02-05 20:20,2153
2020-02-05 20:25,2125
2020-02-05 20:30,2119
2020-02-05 20:35,2135
2020-02-05 20:40,2122
2020-02-05 20:45,2112
2020-02-05 20:50,2089
2020-02-05 20:55,2079
2020-02-05 21:00,2068
2020-02-05 21:05,2043
2020-02-05 21:10,2039
2020-02-05 21:15,2047
2020-02-05 21:20,2021
2020-02-05 21:25,2009
2020-02-05 21:30,1987
2020-02-05 21:35,1979
2020-02-05 21:40,1977
2020-02-05 21:45,1945
2020-02-05 21:50,1934
2020-02-05 21:55,1899
2020-02-05 22:00,1920
2020-02-05 22:05,1892
2020-02-05 22:10,1882
2020-02-05 22:15,1857
2020-02-05 22:20,1834
2020-02-05 22:25,1804
2020-02-05 22:30,1779
2020-02-05 22:35,1767
2020-02-05 22:40,1756
2020-02-05 22:45,1740
2020-02-05 22:50,1731
2020-02-05 22:55,1725
2020-02-05 23:00,1704
2020-02-05 23:05,1680
2020-02-05 23:10,1684
2020-02-05 23:15,1688
2020-02-05 23:20,1670
2020-02-05 23:25,1673
2020-02-05 23:30,1639
2020-02-05 23:35,1635
2020-02-05 23:40,1630
2020-02-05 23:45,1625
2020-02-05 23:50,1630
2020-02-05 23:55,1636
2020-02-06 00:00,1616
2020-02-06 00:05,1591
2020-02-06 00:10,1563
2020-02-06 00:15,1552
2020-02-06 00:20,1548
2020-02-06 00:25,1527
2020-02-06 00:30,1510
2020-02-06 00:35,1519
2020-02-06 00:40,1488
2020-02-06 00:45,1477
2020-02-06 00:50,1489
2020-02-06 00:55,1487
2020-02-06 01:00,1492
2020-02-06 01:05,1493
2020-02-06 01:10,1486
2020-02-06 01:15,1485
2020-02-06 01:20,1480
2020-02-06 01:25,1498
2020-02-06 01:30,1468
2020-02-06 01:35,1477
2020-02-06 01:40,1458
2020-02-06 01:45,1465
2020-02-06 01:50,1439
2020-02-06 01:55,1430
2020-02-06 02:00,1411
2020-02-06 02:05,1439
2020-02-06 02:10,1443
2020-02-06 02:15,1454
2020-02-06 02:20,1437
2020-02-06 02:25,1401
2020-02-06 02:30,1378
2020-02-06 02:35,1363
2020-02-06 02:40,1352
2020-02-06 02:45,1352
2020-02-06 02:50,1329
2020-02-06 02:55,1310
2020-02-06 03:00,1299
2020-02-06 03:05,1279
2020-02-06 03:10,1271
2020-02-06 03:15,1256
2020-02-06 03:20,1234
2020-02-06 03:25,1219
2020-02-06 03:30,1224
2020-02-06 03:35,1206
2020-02-06 03:40,1209
2020-02-06 03:45,1205
2020-02-06 03:50,1199
2020-02-06 03:55,1174
2020-02-06 04:00,1150
2020-02-06 04:05,1143
2020-02-06 04:10,1143
2020-02-06 04:15,1135
2020-02-06 04:20,1115
2020-02-06 04:25,1107
2020-02-06 04:30,1094
2020-02-06 04:35,1085
2020-02-06 04:40,1072
2020-02-06 04:45,1073
2020-02-06 04:50,1060
2020-02-06 04:55,1052
2020-02-06 05:00,1049
2020-02-06 05:05,1049
2020-02-06 05:10,1034
2020-02-06 05:15,1030
2020-02-06 05:20,1024
2020-02-06 05:25,1026
2020-02-06 05:30,1031
2020-02-06 05:35,1009
2020-02-06 05:40,998
2020-02-06 05:45,990
2020-02-06 05:50,998
2020-02-06 05:55,985
2020-02-06 06:00,974
2020-02-06 06:05,971
2020-02-06 06:10,949
2020-02-06 06:15,929
2020-02-06 06:20,941
2020-02-06 06:25,936
2020-02-06 06:30,928
2020-02-06 06:35,928
2020-02-06 06:40,920
2020-02-06 06:45,921
2020-02-06 06:50,924
2020-02-06 06:55,937
2020-02-06 07:00,923
2020-02-06 07:05,922
2020-02-06 07:10,916
2020-02-06 07:15,914
2020-02-06 07:20,919
2020-02-06 07:25,907
2020-02-06 07:30,921
2020-02-06 07:35,914
2020-02-06 07:40,923
2020-02-06 07:45,923
2020-02-06 07:50,935
2020-02-06 07:55,945
2020-02-06 08:00,953
2020-02-06 08:05,935
2020-02-06 08:10,935
2020-02-06 08:15,924
2020-02-06 08:20,932
2020-02-06 08:25,941
2020-02-06 08:30,932
2020-02-06 08:35,949
2020-02-06 08:40,958
2020-02-06 08:45,957
2020-02-06 08:50,961
2020-02-06 08:55,971
2020-02-06 09:00,975
2020-02-06 09:05,979
2020-02-06 09:10,984
2020-02-06 09:15,987
2020-02-06 09:20,987
2020-02-06 09:25,1000
2020-02-06 09:30,991
2020-02-06 09:35,999
2020-02-06 09:40,997
2020-02-06 09:45,1019
2020-02-06 09:50,1038
2020-02-06 09:55,1035
2020-02-06 10:00,1063
2020-02-06 10:05,1108
2020-02-06 10:10,1116
2020-02-06 10:15,1139
2020-02-06 10:20,1162
2020-02-06 10:25,1161
2020-02-06 10:30,1170
2020-02-06 10:35,1180
2020-02-06 10:40,1187
2020-02-06 10:45,1193
2020-02-06 10:50,1209
2020-02-06 10:55,1226
2020-02-06 11:00,1242
2020-02-06 11:05,1236
2020-02-06 11:10,1233
2020-02-06 11:15,1260
2020-02-06 11:20,1266
2020-02-06 11:25,1259
2020-02-06 11:30,1278
2020-02-06 11:35,1282
2020-02-06 11:40,1279
2020-02-06 11:45,1294
2020-02-06 11:50,1314
2020-02-06 11:55,1349
2020-02-06 12:00,1347
2020-02-06 12:05,1364
2020-02-06 12:10,1368
2020-02-06 12:15,1376
2020-02-06 12:20,1361
2020-02-06 12:25,1356
2020-02-06 12:30,1355
2020-02-06 12:35,1385
2020-02-06 12:40,1377
2020-02-06 12:45,1390
2020-02-06 12:50,1405
2020-02-06 12:55,1412
2020-02-06 13:00,1426
2020-02-06 13:05,1442
2020-02-06 13:10,1459
2020-02-06 13:15,1447
2020-02-06 13:20,1450
2020-02-06 13:25,1456
2020-02-06 13:30,1471
2020-02-06 13:35,1450
2020-02-06 13:40,1452
2020-02-06 13:45,1473
2020-02-06 13:50,1472
2020-02-06 13:55,1489
2020-02-06 14:00,1484
2020-02-06 14:05,1490
2020-02-06 14:10,1500
2020-02-06 14:15,1499
2020-02-06 14:20,1496
2020-02-06 14:25,1514
2020-02-06 14:30,1518
2020-02-06 14:35,1522
2020-02-06 14:40,1539
2020-02-06 14:45,1535
2020-02-06 14:50,1538
2020-02-06 14:55,1520
2020-02-06 15:00,1485
2020-02-06 15:05,1423
2020-02-06 15:10,1440
2020-02-06 15:15,1447
2020-02-06 15:20,1439
2020-02-06 15:25,1458
2020-02-06 15:30,1472
2020-02-06 15:35,1483
2020-02-06 15:40,1504
2020-02-06 15:45,1534
2020-02-06 15:50,1573
2020-02-06 15:55,1593
2020-02-06 16:00,1618
2020-02-06 16:05,1664
2020-02-06 16:10,1687
2020-02-06 16:15,1705
2020-02-06 16:20,1717
2020-02-06 16:25,1769
2020-02-06 16:30,1777
2020-02-06 16:35,1805
2020-02-06 16:40,1850
2020-02-06 16:45,1867
2020-02-06 16:50,1918
2020-02-06 16:55,1938
2020-02-06 17:00,1962
2020-02-06 17:05,1975
2020-02-06 17:10,1994
2020-02-06 17:15,2019
2020-02-06 17:20,2032
2020-02-06 17:25,2034
2020-02-06 17:30,2079
2020-02-06 17:35,2079
2020-02-06 17:40,2109
2020-02-06 17:45,2126
2020-02-06 17:50,2119
2020-02-06 17:55,2129
2020-02-06 18:00,2128
2020-02-06 18:05,2126
2020-02-06 18:10,2145
2020-02-06 18:15,2171
2020-02-06 18:20,2167
2020-02-06 18:25,2160
2020-02-06 18:30,2179
2020-02-06 18:35,2186
2020-02-06 18:40,2207
2020-02-06 18:45,2215
2020-02-06 18:50,2212
2020-02-06 18:55,2237
2020-02-06 19:00,2263
2020-02-06 19:05,2258
2020-02-06 19:10,2272
2020-02-06 19:15,2265
2020-02-06 19:20,2274
2020-02-06 19:25,2291
2020-02-06 19:30,2292
2020-02-06 19:35,2296
2020-02-06 19:40,2295
2020-02-06 19:45,2320
2020-02-06 19:50,2280
2020-02-06 19:55,2279
2020-02-06 20:00,2244
2020-02-06 20:05,2208
2020-02-06 20:10,2220
2020-02-06 20:15,2208
2020-02-06 20:20,2186
2020-02-06 20:25,2163
2020-02-06 20:30,2148
2020-02-06 20:35,2139
2020-02-06 20:40,2141
2020-02-06 20:45,2143
2020-02-06 20:50,2133
2020-02-06 20:55,2134
2020-02-06 21:00,2144
2020-02-06 21:05,2119
2020-02-06 21:10,2105
2020-02-06 21:15,2080
2020-02-06 21:20,2037
2020-02-06 21:25,2035
2020-02-06 21:30,2030
2020-02-06 21:35,2040
2020-02-06 21:40,2021
2020-02-06 21:45,1985
2020-02-06 21:50,1974
2020-02-06 21:55,1945
2020-02-06 22:00,1917
2020-02-06 22:05,1897
2020-02-06 22:10,1877
2020-02-06 22:15,1865
2020-02-06 22:20,1847
2020-02-06 22:25,1836
2020-02-06 22:30,1830
2020-02-06 22:35,1834
2020-02-06 22:40,1844
2020-02-06 22:45,1830
2020-02-06 22:50,1817
2020-02-06 22:55,1795
2020-02-06 23:00,1779
2020-02-06 23:05,1758
2020-02-06 23:10,1724
2020-02-06 23:15,1702
2020-02-06 23:20,1709
2020-02-06 23:25,1684
2020-02-06 23:30,1668
2020-02-06 23:35,1657
2020-02-06 23:40,1645
2020-02-06 23:45,1652
2020-02-06 23:50,1650
2020-02-06 23:55,1656
2020-02-07 00:00,1646
2020-02-07 00:05,1638
2020-02-07 00:10,1632
2020-02-07 00:15,1622
2020-02-07 00:20,1625
2020-02-07 00:25,1608
2020-02-07 00:30,1610
2020-02-07 00:35,1581
2020-02-07 00:40,1563
2020-02-07 00:45,1556
2020-02-07 00:50,1562
2020-02-07 00:55,1548
2020-02-07 01:00,1555
2020-02-07 01:05,1535
2020-02-07 01:10,1523
2020-02-07 01:15,1515
2020-02-07 01:20,1505
2020-02-07 01:25,1508
2020-02-07 01:30,1505
2020-02-07 01:35,1482
2020-02-07 01:40,1471
2020-02-07 01:45,1455
2020-02-07 01:50,1457
2020-02-07 01:55,1441
2020-02-07 02:00,1428
2020-02-07 02:05,1427
2020-02-07 02:10,1415
2020-02-07 02:15,1411
2020-02-07 02:20,1294
2020-02-07 02:25,1261
2020-02-07 02:30,1390
2020-02-07 02:35,1374
2020-02-07 02:40,1356
2020-02-07 02:45,1348
2020-02-07 02:50,1346
2020-02-07 02:55,1346
2020-02-07 03:00,1316
2020-02-07 03:05,1294
2020-02-07 03:10,1280
2020-02-07 03:15,1293
2020-02-07 03:20,1305
2020-02-07 03:25,1286
2020-02-07 03:30,1247
2020-02-07 03:35,1228
2020-02-07 03:40,1219
2020-02-07 03:45,1215
2020-02-07 03:50,1242
2020-02-07 03:55,1223
2020-02-07 04:00,1202
2020-02-07 04:05,1195
2020-02-07 04:10,1178
2020-02-07 04:15,1169
2020-02-07 04:20,1161
2020-02-07 04:25,1160
2020-02-07 04:30,1138
2020-02-07 04:35,1117
2020-02-07 04:40,1100
2020-02-07 04:45,1095
2020-02-07 04:50,1107
2020-02-07 04:55,1131
2020-02-07 05:00,1104
2020-02-07 05:05,1109
2020-02-07 05:10,1101
2020-02-07 05:15,1075
2020-02-07 05:20,1060
2020-02-07 05:25,1051
2020-02-07 05:30,1045
2020-02-07 05:35,1031
2020-02-07 05:40,1033
2020-02-07 05:45,1029
2020-02-07 05:50,1015
2020-02-07 05:55,1017
2020-02-07 06:00,1021
2020-02-07 06:05,993
2020-02-07 06:10,987
2020-02-07 06:15,985
2020-02-07 06:20,968
2020-02-07 06:25,984
2020-02-07 06:30,969
2020-02-07 06:35,955
2020-02-07 06:40,942
2020-02-07 06:45,954
2020-02-07 06:50,960
2020-02-07 06:55,968
2020-02-07 07:00,968
2020-02-07 07:05,983
2020-02-07 07:10,967
2020-02-07 07:15,958
2020-02-07 07:20,969
2020-02-07 07:25,959
2020-02-07 07:30,958
2020-02-07 07:35,964
2020-02-07 07:40,959
2020-02-07 07:45,963
2020-02-07 07:50,968
2020-02-07 07:55,962
2020-02-07 08:00,955
2020-02-07 08:05,961
2020-02-07 08:10,973
2020-02-07 08:15,978
2020-02-07 08:20,1012
2020-02-07 08:25,1012
2020-02-07 08:30,1014
2020-02-07 08:35,1027
2020-02-07 08:40,1040
2020-02-07 08:45,1047
2020-02-07 08:50,1037
2020-02-07 08:55,1039
2020-02-07 09:00,1047
2020-02-07 09:05,1045
2020-02-07 09:10,1052
2020-02-07 09:15,1061
2020-02-07 09:20,1068
2020-02-07 09:25,1070
2020-02-07 09:30,1078
2020-02-07 09:35,1084
2020-02-07 09:40,1087
2020-02-07 09:45,1082
2020-02-07 09:50,1100
2020-02-07 09:55,1121
2020-02-07 10:00,1124
2020-02-07 10:05,1128
2020-02-07 10:10,1154
2020-02-07 10:15,1167
2020-02-07 10:20,1172
2020-02-07 10:25,1195
2020-02-07 10:30,1199
2020-02-07 10:35,1191
2020-02-07 10:40,1204
2020-02-07 10:45,1224
2020-02-07 10:50,1246
2020-02-07 10:55,1230
2020-02-07 11:00,1263
2020-02-07 11:05,1271
2020-02-07 11:10,1280
2020-02-07 11:15,1309
2020-02-07 11:20,1300
2020-02-07 11:25,1309
2020-02-07 11:30,1311
2020-02-07 11:35,1311
2020-02-07 11:40,1316
2020-02-07 11:45,1318
2020-02-07 11:50,1307
2020-02-07 11:55,1314
2020-02-07 12:00,1316
2020-02-07 12:05,1316
2020-02-07 12:10,1325
2020-02-07 12:15,1342
2020-02-07 12:20,1361
2020-02-07 12:25,1378
2020-02-07 12:30,1387
2020-02-07 12:35,1395
2020-02-07 12:40,1419
2020-02-07 12:45,1434
2020-02-07 12:50,1445
2020-02-07 12:55,1468
2020-02-07 13:00,1477
2020-02-07 13:05,1477
2020-02-07 13:10,1488
2020-02-07 13:15,1476
2020-02-07 13:20,1461
2020-02-07 13:25,1464
2020-02-07 13:30,1484
2020-02-07 13:35,1510
2020-02-07 13:40,1543
2020-02-07 13:45,1552
2020-02-07 13:50,1572
2020-02-07 13:55,1572
2020-02-07 14:00,1586
2020-02-07 14:05,1612
2020-02-07 14:10,1607
2020-02-07 14:15,1614
2020-02-07 14:20,1638
2020-02-07 14:25,1656
2020-02-07 14:30,1674
2020-02-07 14:35,1682
2020-02-07 14:40,1702
2020-02-07 14:45,1716
2020-02-07 14:50,1721
2020-02-07 14:55,1722
2020-02-07 15:00,1747
2020-02-07 15:05,1726
2020-02-07 15:10,1739
2020-02-07 15:15,1720
2020-02-07 15:20,1738
2020-02-07 15:25,1765
2020-02-07 15:30,1759
2020-02-07 15:35,1774
2020-02-07 15:40,1786
2020-02-07 15:45,1804
2020-02-07 15:50,
2020-02-07 15:55,1837
2020-02-07 16:00,1848
2020-02-07 16:05,1874
2020-02-07 16:10,1881
2020-02-07 16:15,1879
2020-02-07 16:20,1887
2020-02-07 16:25,1907
2020-02-07 16:30,1918
2020-02-07 16:35,1921
2020-02-07 16:40,1942
2020-02-07 16:45,1942
2020-02-07 16:50,1946
2020-02-07 16:55,1936
2020-02-07 17:00,1929
2020-02-07 17:05,1941
2020-02-07 17:10,1952
2020-02-07 17:15,1954
2020-02-07 17:20,1960
2020-02-07 17:25,2000
2020-02-07 17:30,2012
2020-02-07 17:35,2028
2020-02-07 17:40,2021
2020-02-07 17:45,2038
2020-02-07 17:50,2054
2020-02-07 17:55,2055
2020-02-07 18:00,2071
2020-02-07 18:05,2089
2020-02-07 18:10,2102
2020-02-07 18:15,2104
2020-02-07 18:20,2085
2020-02-07 18:25,2120
2020-02-07 18:30,2112
2020-02-07 18:35,2123
2020-02-07 18:40,2128
2020-02-07 18:45,2136
2020-02-07 18:50,2144
2020-02-07 18:55,2140
2020-02-07 19:00,2156
2020-02-07 19:05,2150
2020-02-07 19:10,2163
2020-02-07 19:15,2188
2020-02-07 19:20,2193
2020-02-07 19:25,2179
2020-02-07 19:30,2218
2020-02-07 19:35,2249
2020-02-07 19:40,2260
2020-02-07 19:45,2273
2020-02-07 19:50,2261
2020-02-07 19:55,2240
2020-02-07 20:00,2252
2020-02-07 20:05,2237
2020-02-07 20:10,2238
2020-02-07 20:15,2247
2020-02-07 20:20,2230
2020-02-07 20:25,2211
2020-02-07 20:30,2231
2020-02-07 20:35,2239
2020-02-07 20:40,2237
2020-02-07 20:45,2248
2020-02-07 20:50,2248
2020-02-07 20:55,2222
2020-02-07 21:00,2219
2020-02-07 21:05,2210
2020-02-07 21:10,2203
2020-02-07 21:15,2199
2020-02-07 21:20,2198
2020-02-07 21:25,2171
2020-02-07 21:30,2177
2020-02-07 21:35,2167
2020-02-07 21:40,2167
2020-02-07 21:45,2153
2020-02-07 21:50,2138
2020-02-07 21:55,2111
2020-02-07 22:00,2104
2020-02-07 22:05,2094
2020-02-07 22:10,2094
2020-02-07 22:15,2071
2020-02-07 22:20,2052
2020-02-07 22:25,2024
2020-02-07 22:30,1984
2020-02-07 22:35,1987
2020-02-07 22:40,1960
2020-02-07 22:45,1948
2020-02-07 22:50,1928
2020-02-07 22:55,1910
2020-02-07 23:00,1895
2020-02-07 23:05,1875
2020-02-07 23:10,1848
2020-02-07 23:15,1842
2020-02-07 23:20,1837
2020-02-07 23:25,1824
2020-02-07 23:30,1801
2020-02-07 23:35,1797
2020-02-07 23:40,1769
2020-02-07 23:45,1753
2020-02-07 23:50,1690
2020-02-07 23:55,1675
2020-02-08 00:00,1665
2020-02-08 00:05,1659
2020-02-08 00:10,1655
2020-02-08 00:15,1624
2020-02-08 00:20,1616
2020-02-08 00:25,1623
2020-02-08 00:30,1610
2020-02-08 00:35,1594
2020-02-08 00:40,1600
2020-02-08 00:45,1613
2020-02-08 00:50,1598
2020-02-08 00:55,1589
2020-02-08 01:00,1569
2020-02-08 01:05,1560
2020-02-08 01:10,1532
2020-02-08 01:15,1520
2020-02-08 01:20,1506
2020-02-08 01:25,1504
2020-02-08 01:30,1529
2020-02-08 01:35,1530
2020-02-08 01:40,1519
2020-02-08 01:45,1525
2020-02-08 01:50,1544
2020-02-08 01:55,1521
2020-02-08 02:00,1526
2020-02-08 02:05,1513
2020-02-08 02:10,1512
2020-02-08 02:15,1495
2020-02-08 02:20,1486
2020-02-08 02:25,1499
2020-02-08 02:30,1485
2020-02-08 02:35,1487
2020-02-08 02:40,1494
2020-02-08 02:45,1479
2020-02-08 02:50,1479
2020-02-08 02:55,1466
2020-02-08 03:00,1467
2020-02-08 03:05,1448
2020-02-08 03:10,1424
2020-02-08 03:15,1404
2020-02-08 03:20,1391
2020-02-08 03:25,1386
2020-02-08 03:30,1382
2020-02-08 03:35,1380
2020-02-08 03:40,1385
2020-02-08 03:45,1376
2020-02-08 03:50,1376
2020-02-08 03:55,1348
2020-02-08 04:00,1348
2020-02-08 04:05,1329
2020-02-08 04:10,1322
2020-02-08 04:15,1309
2020-02-08 04:20,1303
2020-02-08 04:25,1302
2020-02-08 04:30,1293
2020-02-08 04:35,1284
2020-02-08 04:40,1281
2020-02-08 04:45,1269
2020-02-08 04:50,1257
2020-02-08 04:55,1255
2020-02-08 05:00,1257
2020-02-08 05:05,1244
2020-02-08 05:10,1238
2020-02-08 05:15,1230
2020-02-08 05:20,1225
2020-02-08 05:25,1249
2020-02-08 05:30,1215
2020-02-08 05:35,1200
2020-02-08 05:40,1186
2020-02-08 05:45,1178
2020-02-08 05:50,1164
2020-02-08 05:55,1166
2020-02-08 06:00,1156
2020-02-08 06:05,1157
2020-02-08 06:10,1136
2020-02-08 06:15,1132
2020-02-08 06:20,1129
2020-02-08 06:25,1129
2020-02-08 06:30,1122
2020-02-08 06:35,1116
2020-02-08 06:40,1123
2020-02-08 06:45,1135
2020-02-08 06:50,1139
2020-02-08 06:55,1133
2020-02-08 07:00,1128
2020-02-08 07:05,1133
2020-02-08 07:10,1134
2020-02-08 07:15,1138
2020-02-08 07:20,1144
2020-02-08 07:25,1143
2020-02-08 07:30,1160
2020-02-08 07:35,1168
2020-02-08 07:40,1170
2020-02-08 07:45,1194
2020-02-08 07:50,1204
2020-02-08 07:55,1207
2020-02-08 08:00,1203
2020-02-08 08:05,1203
2020-02-08 08:10,1212
2020-02-08 08:15,1218
2020-02-08 08:20,1233
2020-02-08 08:25,1255
2020-02-08 08:30,1258
2020-02-08 08:35,1245
2020-02-08 08:40,1261
2020-02-08 08:45,1280
2020-02-08 08:50,1281
2020-02-08 08:55,1306
2020-02-08 09:00,1289
2020-02-08 09:05,1312
2020-02-08 09:10,1314
2020-02-08 09:15,1342
2020-02-08 09:20,1377
2020-02-08 09:25,1408
2020-02-08 09:30,1418
2020-02-08 09:35,1420
2020-02-08 09:40,1422
2020-02-08 09:45,1446
2020-02-08 09:50,1457
2020-02-08 09:55,1453
2020-02-08 10:00,1476
2020-02-08 10:05,1520
2020-02-08 10:10,1533
2020-02-08 10:15,1539
2020-02-08 10:20,1538
2020-02-08 10:25,1560
2020-02-08 10:30,1576
2020-02-08 10:35,1592
2020-02-08 10:40,1590
2020-02-08 10:45,1604
2020-02-08 10:50,1628
2020-02-08 10:55,1655
2020-02-08 11:00,1646
2020-02-08 11:05,1653
2020-02-08 11:10,1669
2020-02-08 11:15,1665
2020-02-08 11:20,1689
2020-02-08 11:25,1708
2020-02-08 11:30,1705
2020-02-08 11:35,1717
2020-02-08 11:40,1695
2020-02-08 11:45,1685
2020-02-08 11:50,1695
2020-02-08 11:55,1693
2020-02-08 12:00,1686
2020-02-08 12:05,1690
2020-02-08 12:10,1711
2020-02-08 12:15,1721
2020-02-08 12:20,1734
2020-02-08 12:25,1761
2020-02-08 12:30,1769
2020-02-08 12:35,1770
2020-02-08 12:40,1802
2020-02-08 12:45,1817
2020-02-08 12:50,1825
2020-02-08 12:55,1840
2020-02-08 13:00,1863
2020-02-08 13:05,1854
2020-02-08 13:10,1890
2020-02-08 13:15,1912
2020-02-08 13:20,1936
2020-02-08 13:25,1950
2020-02-08 13:30,1987
2020-02-08 13:35,2004
2020-02-08 13:40,2012
2020-02-08 13:45,2041
2020-02-08 13:50,2065
2020-02-08 13:55,2055
2020-02-08 14:00,2082
2020-02-08 14:05,2099
2020-02-08 14:10,2128
2020-02-08 14:15,2138
2020-02-08 14:20,2163
2020-02-08 14:25,2157
2020-02-08 14:30,2174
2020-02-08 14:35,2181
2020-02-08 14:40,2191
2020-02-08 14:45,2216
2020-02-08 14:50,2210
2020-02-08 14:55,2209
2020-02-08 15:00,2211
2020-02-08 15:05,2195
2020-02-08 15:10,2205
2020-02-08 15:15,2245
2020-02-08 15:20,2260
2020-02-08 15:25,
2020-02-08 15:30,2320
2020-02-08 15:35,2314
2020-02-08 15:40,2352
2020-02-08 15:45,2378
2020-02-08 15:50,2355
2020-02-08 15:55,2358
2020-02-08 16:00,2358
2020-02-08 16:05,2365
2020-02-08 16:10,2374
2020-02-08 16:15,2383
2020-02-08 16:20,2393
2020-02-08 16:25,2410
2020-02-08 16:30,2413
2020-02-08 16:35,2415
2020-02-08 16:40,2428
2020-02-08 16:45,2443
2020-02-08 16:50,2444
2020-02-08 16:55,2439
2020-02-08 17:00,2444
2020-02-08 17:05,2451
2020-02-08 17:10,2458
2020-02-08 17:15,2482
2020-02-08 17:20,2478
2020-02-08 17:25,2468
2020-02-08 17:30,2491
2020-02-08 17:35,2487
2020-02-08 17:40,2470
2020-02-08 17:45,2511
2020-02-08 17:50,2514
2020-02-08 17:55,2560
2020-02-08 18:00,2554
2020-02-08 18:05,2551
2020-02-08 18:10,2568
2020-02-08 18:15,2578
2020-02-08 18:20,2589
2020-02-08 18:25,2599
2020-02-08 18:30,2620
2020-02-08 18:35,2616
2020-02-08 18:40,2621
2020-02-08 18:45,2613
2020-02-08 18:50,2578
2020-02-08 18:55,2606
2020-02-08 19:00,2606
2020-02-08 19:05,2616
2020-02-08 19:10,2609
2020-02-08 19:15,2624
2020-02-08 19:20,2607
2020-02-08 19:25,2610
2020-02-08 19:30,2601
2020-02-08 19:35,2584
2020-02-08 19:40,2566
2020-02-08 19:45,2584
2020-02-08 19:50,2574
2020-02-08 19:55,2564
2020-02-08 20:00,2593
2020-02-08 20:05,2595
2020-02-08 20:10,2592
2020-02-08 20:15,2596
2020-02-08 20:20,2584
2020-02-08 20:25,2593
2020-02-08 20:30,2583
2020-02-08 20:35,2569
2020-02-08 20:40,2583
2020-02-08 20:45,2573
2020-02-08 20:50,2560
2020-02-08 20:55,2520
2020-02-08 21:00,2490
2020-02-08 21:05,2503
2020-02-08 21:10,2470
2020-02-08 21:15,2455
2020-02-08 21:20,2425
2020-02-08 21:25,2425
2020-02-08 21:30,2411
2020-02-08 21:35,2393
2020-02-08 21:40,2379
2020-02-08 21:45,2382
2020-02-08 21:50,2358
2020-02-08 21:55,2361
2020-02-08 22:00,2350
2020-02-08 22:05,2362
2020-02-08 22:10,2337
2020-02-08 22:15,2324
2020-02-08 22:20,2305
2020-02-08 22:25,2290
2020-02-08 22:30,2276
2020-02-08 22:35,2265
2020-02-08 22:40,2237
2020-02-08 22:45,2217
2020-02-08 22:50,2197
2020-02-08 22:55,2179
2020-02-08 23:00,2152
2020-02-08 23:05,2142
2020-02-08 23:10,2104
2020-02-08 23:15,2087
2020-02-08 23:20,2081
2020-02-08 23:25,2072
2020-02-08 23:30,2073
2020-02-08 23:35,2067
2020-02-08 23:40,2029
2020-02-08 23:45,2002
2020-02-08 23:50,1979
2020-02-08 23:55,1955
2020-02-09 00:00,1932
2020-02-09 00:05,1909
2020-02-09 00:10,1892
2020-02-09 00:15,1874
2020-02-09 00:20,1874
2020-02-09 00:25,1844
2020-02-09 00:30,1829
2020-02-09 00:35,1825
2020-02-09 00:40,1796
2020-02-09 00:45,1798
2020-02-09 00:50,1791
2020-02-09 00:55,1790
2020-02-09 01:00,1758
2020-02-09 01:05,1759
2020-02-09 01:10,1748
2020-02-09 01:15,1755
2020-02-09 01:20,1735
2020-02-09 01:25,1730
2020-02-09 01:30,1722
2020-02-09 01:35,1714
2020-02-09 01:40,1697
2020-02-09 01:45,1680
2020-02-09 01:50,1674
2020-02-09 01:55,1658
2020-02-09 02:00,1633
2020-02-09 02:05,1616
2020-02-09 02:10,1589
2020-02-09 02:15,1583
2020-02-09 02:20,1577
2020-02-09 02:25,1561
2020-02-09 02:30,1548
2020-02-09 02:35,1544
2020-02-09 02:40,1538
2020-02-09 02:45,1539
2020-02-09 02:50,1557
2020-02-09 02:55,1547
2020-02-09 03:00,1541
2020-02-09 03:05,1536
2020-02-09 03:10,1532
2020-02-09 03:15,1530
2020-02-09 03:20,1501
2020-02-09 03:25,1495
2020-02-09 03:30,1495
2020-02-09 03:35,1499
2020-02-09 03:40,1472
2020-02-09 03:45,1462
2020-02-09 03:50,1442
2020-02-09 03:55,1440
2020-02-09 04:00,1438
2020-02-09 04:05,1427
2020-02-09 04:10,1414
2020-02-09 04:15,1412
2020-02-09 04:20,1399
2020-02-09 04:25,1395
2020-02-09 04:30,1369
2020-02-09 04:35,1368
2020-02-09 04:40,1359
2020-02-09 04:45,1353
2020-02-09 04:50,1344
2020-02-09 04:55,1346
2020-02-09 05:00,1325
2020-02-09 05:05,1307
2020-02-09 05:10,1300
2020-02-09 05:15,1298
2020-02-09 05:20,1276
2020-02-09 05:25,1263
2020-02-09 05:30,1275
2020-02-09 05:35,1274
2020-02-09 05:40,1284
2020-02-09 05:45,1284
2020-02-09 05:50,1274
2020-02-09 05:55,1273
2020-02-09 06:00,1275
2020-02-09 06:05,1283
2020-02-09 06:10,1266
2020-02-09 06:15,1254
2020-02-09 06:20,1265
2020-02-09 06:25,1245
2020-02-09 06:30,1231
2020-02-09 06:35,1234
2020-02-09 06:40,1235
2020-02-09 06:45,1250
2020-02-09 06:50,1242
2020-02-09 06:55,1236
2020-02-09 07:00,1241
2020-02-09 07:05,1228
2020-02-09 07:10,1230
2020-02-09 07:15,1240
2020-02-09 07:20,1247
2020-02-09 07:25,1240
2020-02-09 07:30,1231
2020-02-09 07:35,1234
2020-02-09 07:40,1258
2020-02-09 07:45,1248
2020-02-09 07:50,1269
2020-02-09 07:55,1267
2020-02-09 08:00,1282
2020-02-09 08:05,1291
2020-02-09 08:10,1310
2020-02-09 08:15,1304
2020-02-09 08:20,1303
2020-02-09 08:25,1311
2020-02-09 08:30,1340
2020-02-09 08:35,1346
2020-02-09 08:40,1372
2020-02-09 08:45,1378
2020-02-09 08:50,1394
2020-02-09 08:55,1421
2020-02-09 09:00,1409
2020-02-09 09:05,1421
2020-02-09 09:10,1436
2020-02-09 09:15,1458
2020-02-09 09:20,1469
2020-02-09 09:25,1503
2020-02-09 09:30,1501
2020-02-09 09:35,1496
2020-02-09 09:40,1499
2020-02-09 09:45,1522
2020-02-09 09:50,1545
2020-02-09 09:55,1571
2020-02-09 10:00,1609
2020-02-09 10:05,1665
2020-02-09 10:10,1677
2020-02-09 10:15,1690
2020-02-09 10:20,1703
2020-02-09 10:25,1717
2020-02-09 10:30,1714
2020-02-09 10:35,1752
2020-02-09 10:40,1764
2020-02-09 10:45,1779
2020-02-09 10:50,1800
2020-02-09 10:55,1810
2020-02-09 11:00,1851
2020-02-09 11:05,1874
2020-02-09 11:10,1874
2020-02-09 11:15,1891
2020-02-09 11:20,1908
2020-02-09 11:25,1933
2020-02-09 11:30,1941
2020-02-09 11:35,1949
2020-02-09 11:40,1949
2020-02-09 11:45,1985
2020-02-09 11:50,2005
2020-02-09 11:55,2012
2020-02-09 12:00,1999
2020-02-09 12:05,1991
2020-02-09 12:10,2006
2020-02-09 12:15,2001
2020-02-09 12:20,2019
2020-02-09 12:25,2028
2020-02-09 12:30,2018
2020-02-09 12:35,2030
2020-02-09 12:40,2047
2020-02-09 12:45,2047
2020-02-09 12:50,2063
2020-02-09 12:55,2076
2020-02-09 13:00,2088
2020-02-09 13:05,2075
2020-02-09 13:10,2106
2020-02-09 13:15,2126
2020-02-09 13:20,2142
2020-02-09 13:25,2165
2020-02-09 13:30,2172
2020-02-09 13:35,2197
2020-02-09 13:40,2232
2020-02-09 13:45,2240
2020-02-09 13:50,2257
2020-02-09 13:55,2269
2020-02-09 14:00,2275
2020-02-09 14:05,2290
2020-02-09 14:10,2286
2020-02-09 14:15,2309
2020-02-09 14:20,2324
2020-02-09 14:25,2332
2020-02-09 14:30,2329
2020-02-09 14:35,2354
2020-02-09 14:40,2366
2020-02-09 14:45,2374
2020-02-09 14:50,2390
2020-02-09 14:55,2408
2020-02-09 15:00,2396
2020-02-09 15:05,2406
2020-02-09 15:10,2437
2020-02-09 15:15,2437
2020-02-09 15:20,2439
2020-02-09 15:25,2461
2020-02-09 15:30,2476
2020-02-09 15:35,2493
2020-02-09 15:40,2509
2020-02-09 15:45,2541
2020-02-09 15:50,2559
2020-02-09 15:55,2562
2020-02-09 16:00,2576
2020-02-09 16:05,2604
2020-02-09 16:10,2615
2020-02-09 16:15,2635
2020-02-09 16:20,2636
2020-02-09 16:25,2639
2020-02-09 16:30,2675
2020-02-09 16:35,2680
2020-02-09 16:40,2671
2020-02-09 16:45,2674
2020-02-09 16:50,2689
2020-02-09 16:55,2698
2020-02-09 17:00,2693
2020-02-09 17:05,2689
2020-02-09 17:10,2693
2020-02-09 17:15,2716
2020-02-09 17:20,2738
2020-02-09 17:25,2761
2020-02-09 17:30,2774
2020-02-09 17:35,2758
2020-02-09 17:40,2762
2020-02-09 17:45,2736
2020-02-09 17:50,2745
2020-02-09 17:55,2738
2020-02-09 18:00,
2020-02-09 18:05,2742
2020-02-09 18:10,2741
2020-02-09 18:15,2743
2020-02-09 18:20,2712
2020-02-09 18:25,2709
2020-02-09 18:30,2727
2020-02-09 18:35,2746
2020-02-09 18:40,2737
2020-02-09 18:45,2734
2020-02-09 18:50,2747
2020-02-09 18:55,2739
2020-02-09 19:00,2753
2020-02-09 19:05,2752
2020-02-09 19:10,2740
2020-02-09 19:15,2725
2020-02-09 19:20,2724
2020-02-09 19:25,2741
2020-02-09 19:30,2757
2020-02-09 19:35,2748
2020-02-09 19:40,2754
2020-02-09 19:45,2738
2020-02-09 19:50,2718
2020-02-09 19:55,2711
2020-02-09 20:00,2721
2020-02-09 20:05,2711
2020-02-09 20:10,2728
2020-02-09 20:15,2716
2020-02-09 20:20,2696
2020-02-09 20:25,2675
2020-02-09 20:30,2671
2020-02-09 20:35,2661
2020-02-09 20:40,2642
2020-02-09 20:45,2648
2020-02-09 20:50,2635
2020-02-09 20:55,2602
2020-02-09 21:00,2560
2020-02-09 21:05,2505
2020-02-09 21:10,2490
2020-02-09 21:15,2456
2020-02-09 21:20,2439
2020-02-09 21:25,2414
2020-02-09 21:30,2413
2020-02-09 21:35,2414
2020-02-09 21:40,2394
2020-02-09 21:45,2368
2020-02-09 21:50,2362
2020-02-09 21:55,2343
2020-02-09 22:00,2323
2020-02-09 22:05,2310
2020-02-09 22:10,2270
2020-02-09 22:15,2258
2020-02-09 22:20,2222
2020-02-09 22:25,2190
2020-02-09 22:30,2161
2020-02-09 22:35,2136
2020-02-09 22:40,2114
2020-02-09 22:45,2101
2020-02-09 22:50,2108
2020-02-09 22:55,2099
2020-02-09 23:00,2074
2020-02-09 23:05,2067
2020-02-09 23:10,2044
2020-02-09 23:15,2023
2020-02-09 23:20,1989
2020-02-09 23:25,1973
2020-02-09 23:30,1941
2020-02-09 23:35,1914
2020-02-09 23:40,1889
2020-02-09 23:45,1874
2020-02-09 23:50,1875
2020-02-09 23:55,1877
2020-02-10 00:00,1840
2020-02-10 00:05,1828
2020-02-10 00:10,1821
2020-02-10 00:15,1817
2020-02-10 00:20,1809
2020-02-10 00:25,1781
2020-02-10 00:30,1779
2020-02-10 00:35,1759
2020-02-10 00:40,1754
2020-02-10 00:45,1734
2020-02-10 00:50,1739
2020-02-10 00:55,1718
2020-02-10 01:00,1702
2020-02-10 01:05,1693
2020-02-10 01:10,1684
2020-02-10 01:15,1671
2020-02-10 01:20,1652
2020-02-10 01:25,1644
2020-02-10 01:30,1628
2020-02-10 01:35,1621
2020-02-10 01:40,1612
2020-02-10 01:45,1602
2020-02-10 01:50,1599
2020-02-10 01:55,1582
2020-02-10 02:00,1574
2020-02-10 02:05,1554
2020-02-10 02:10,1524
2020-02-10 02:15,1533
2020-02-10 02:20,1517
2020-02-10 02:25,1497
2020-02-10 02:30,1493
2020-02-10 02:35,1481
2020-02-10 02:40,1475
2020-02-10 02:45,1458
2020-02-10 02:50,1445
2020-02-10 02:55,1439
2020-02-10 03:00,1451
2020-02-10 03:05,1437
2020-02-10 03:10,1405
2020-02-10 03:15,1369
2020-02-10 03:20,1360
2020-02-10 03:25,1356
2020-02-10 03:30,1347
2020-02-10 03:35,1323
2020-02-10 03:40,1302
2020-02-10 03:45,1296
2020-02-10 03:50,1299
2020-02-10 03:55,1281
2020-02-10 04:00,1279
2020-02-10 04:05,1270
2020-02-10 04:10,1238
2020-02-10 04:15,1206
2020-02-10 04:20,1202
2020-02-10 04:25,1191
2020-02-10 04:30,1186
2020-02-10 04:35,1184
2020-02-10 04:40,1172
2020-02-10 04:45,1150
2020-02-10 04:50,1153
2020-02-10 04:55,1119
2020-02-10 05:00,1082
2020-02-10 05:05,1073
2020-02-10 05:10,1065
2020-02-10 05:15,1054
2020-02-10 05:20,1049
2020-02-10 05:25,1053
2020-02-10 05:30,1038
2020-02-10 05:35,1025
2020-02-10 05:40,1017
2020-02-10 05:45,1004
2020-02-10 05:50,1018
2020-02-10 05:55,1006
2020-02-10 06:00,1002
2020-02-10 06:05,990
2020-02-10 06:10,984
2020-02-10 06:15,982
2020-02-10 06:20,969
2020-02-10 06:25,967
2020-02-10 06:30,962
2020-02-10 06:35,952
2020-02-10 06:40,962
2020-02-10 06:45,962
2020-02-10 06:50,974
2020-02-10 06:55,981
2020-02-10 07:00,961
2020-02-10 07:05,950
2020-02-10 07:10,939
2020-02-10 07:15,923
2020-02-10 07:20,922
2020-02-10 07:25,924
2020-02-10 07:30,922
2020-02-10 07:35,933
2020-02-10 07:40,943
2020-02-10 07:45,946
2020-02-10 07:50,948
2020-02-10 07:55,943
2020-02-10 08:00,962
2020-02-10 08:05,966
2020-02-10 08:10,981
2020-02-10 08:15,981
2020-02-10 08:20,1002
2020-02-10 08:25,1002
2020-02-10 08:30,999
2020-02-10 08:35,1017
2020-02-10 08:40,1021
2020-02-10 08:45,1028
2020-02-10 08:50,1035
2020-02-10 08:55,1036
2020-02-10 09:00,1052
2020-02-10 09:05,1036
2020-02-10 09:10,1057
2020-02-10 09:15,1061
2020-02-10 09:20,1065
2020-02-10 09:25,1087
2020-02-10 09:30,1092
2020-02-10 09:35,1104
2020-02-10 09:40,1104
2020-02-10 09:45,1117
2020-02-10 09:50,1127
2020-02-10 09:55,1143
2020-02-10 10:00,1179
2020-02-10 10:05,1213
2020-02-10 10:10,1236
2020-02-10 10:15,1254
2020-02-10 10:20,1279
2020-02-10 10:25,1308
2020-02-10 10:30,1321
2020-02-10 10:35,1344
2020-02-10 10:40,1352
2020-02-10 10:45,1367
2020-02-10 10:50,1364
2020-02-10 10:55,1379
2020-02-10 11:00,1389
2020-02-10 11:05,1389
2020-02-10 11:10,1407
2020-02-10 11:15,1430
2020-02-10 11:20,1440
2020-02-10 11:25,1441
2020-02-10 11:30,1453
2020-02-10 11:35,1464
2020-02-10 11:40,1481
2020-02-10 11:45,1476
2020-02-10 11:50,1502
2020-02-10 11:55,1489
2020-02-10 12:00,1474
2020-02-10 12:05,1482
2020-02-10 12:10,1506
2020-02-10 12:15,1506
2020-02-10 12:20,1523
2020-02-10 12:25,1517
2020-02-10 12:30,1523
2020-02-10 12:35,1533
2020-02-10 12:40,1542
2020-02-10 12:45,1540
2020-02-10 12:50,1550
2020-02-10 12:55,1552
2020-02-10 13:00,1554
2020-02-10 13:05,1556
2020-02-10 13:10,1549
2020-02-10 13:15,1573
2020-02-10 13:20,1583
2020-02-10 13:25,1573
2020-02-10 13:30,1567
2020-02-10 13:35,1584
2020-02-10 13:40,1611
2020-02-10 13:45,1620
2020-02-10 13:50,1645
2020-02-10 13:55,1645
2020-02-10 14:00,1645
2020-02-10 14:05,1645
2020-02-10 14:10,1645
2020-02-10 14:15,1645
2020-02-10 14:20,1645
2020-02-10 14:25,1645
2020-02-10 14:30,1645
2020-02-10 14:35,1645
2020-02-10 14:40,1645
2020-02-10 14:45,1766
2020-02-10 14:50,1764
2020-02-10 14:55,1763
2020-02-10 15:00,1762
2020-02-10 15:05,1792
2020-02-10 15:10,1806
2020-02-10 15:15,1828
2020-02-10 15:20,1839
2020-02-10 15:25,1844
2020-02-10 15:30,1859
2020-02-10 15:35,1875
2020-02-10 15:40,1907
2020-02-10 15:45,1892
2020-02-10 15:50,1901
2020-02-10 15:55,1915
2020-02-10 16:00,1953
2020-02-10 16:05,1983
2020-02-10 16:10,1980
2020-02-10 16:15,2019
2020-02-10 16:20,2027
2020-02-10 16:25,2049
2020-02-10 16:30,2062
2020-02-10 16:35,2066
2020-02-10 16:40,2089
2020-02-10 16:45,
2020-02-10 16:50,2117
2020-02-10 16:55,2128
2020-02-10 17:00,2169
2020-02-10 17:05,2146
2020-02-10 17:10,2173
2020-02-10 17:15,2186
2020-02-10 17:20,2203
2020-02-10 17:25,2183
2020-02-10 17:30,2195
2020-02-10 17:35,2211
2020-02-10 17:40,2242
2020-02-10 17:45,2226
2020-02-10 17:50,2240
2020-02-10 17:55,2239
2020-02-10 18:00,2260
2020-02-10 18:05,2283
2020-02-10 18:10,2284
2020-02-10 18:15,2274
2020-02-10 18:20,2272
2020-02-10 18:25,2286
2020-02-10 18:30,2282
2020-02-10 18:35,2319
2020-02-10 18:40,2310
2020-02-10 18:45,2345
2020-02-10 18:50,2350
2020-02-10 18:55,2338
2020-02-10 19:00,2348
2020-02-10 19:05,2341
2020-02-10 19:10,2342
2020-02-10 19:15,2355
2020-02-10 19:20,2354
2020-02-10 19:25,2361
2020-02-10 19:30,2346
2020-02-10 19:35,2355
2020-02-10 19:40,2342
2020-02-10 19:45,2377
2020-02-10 19:50,2392
2020-02-10 19:55,2390
2020-02-10 20:00,2387
2020-02-10 20:05,2363
2020-02-10 20:10,2367
2020-02-10 20:15,2343
2020-02-10 20:20,2340
2020-02-10 20:25,2360
2020-02-10 20:30,2354
2020-02-10 20:35,2332
2020-02-10 20:40,2333
2020-02-10 20:45,2312
2020-02-10 20:50,2296
2020-02-10 20:55,2289
2020-02-10 21:00,2262
2020-02-10 21:05,2238
2020-02-10 21:10,2219
2020-02-10 21:15,2187
2020-02-10 21:20,2159
2020-02-10 21:25,2146
2020-02-10 21:30,2138
2020-02-10 21:35,2131
2020-02-10 21:40,2102
2020-02-10 21:45,2108
2020-02-10 21:50,2035
2020-02-10 21:55,2079
2020-02-10 22:00,2063
2020-02-10 22:05,2037
2020-02-10 22:10,2026
2020-02-10 22:15,2022
2020-02-10 22:20,2007
2020-02-10 22:25,1989
2020-02-10 22:30,1985
2020-02-10 22:35,1973
2020-02-10 22:40,1945
2020-02-10 22:45,1906
2020-02-10 22:50,1892
2020-02-10 22:55,1889
2020-02-10 23:00,1872
2020-02-10 23:05,1857
2020-02-10 23:10,1846
2020-02-10 23:15,1834
2020-02-10 23:20,1806
2020-02-10 23:25,1797
2020-02-10 23:30,1786
2020-02-10 23:35,1752
2020-02-10 23:40,1735
2020-02-10 23:45,1709
2020-02-10 23:50,1681
2020-02-10 23:55,1675
2020-02-11 00:00,1659
2020-02-11 00:05,1633
2020-02-11 00:10,1624
2020-02-11 00:15,1617
2020-02-11 00:20,1609
2020-02-11 00:25,1625
2020-02-11 00:30,1620
2020-02-11 00:35,1623
2020-02-11 00:40,1617
2020-02-11 00:45,1577
2020-02-11 00:50,1589
2020-02-11 00:55,1590
2020-02-11 01:00,1588
2020-02-11 01:05,1580
2020-02-11 01:10,1545
2020-02-11 01:15,1562
2020-02-11 01:20,1540
2020-02-11 01:25,1540
2020-02-11 01:30,1533
2020-02-11 01:35,1527
2020-02-11 01:40,1536
2020-02-11 01:45,1534
2020-02-11 01:50,1531
2020-02-11 01:55,1526
2020-02-11 02:00,1532
2020-02-11 02:05,1502
2020-02-11 02:10,1512
2020-02-11 02:15,1523
2020-02-11 02:20,1515
2020-02-11 02:25,1499
2020-02-11 02:30,1497
2020-02-11 02:35,1483
2020-02-11 02:40,1471
2020-02-11 02:45,1466
2020-02-11 02:50,1453
2020-02-11 02:55,1439
2020-02-11 03:00,1441
2020-02-11 03:05,1420
2020-02-11 03:10,1394
2020-02-11 03:15,1377
2020-02-11 03:20,1370
2020-02-11 03:25,1357
2020-02-11 03:30,1351
2020-02-11 03:35,1317
2020-02-11 03:40,1297
2020-02-11 03:45,1301
2020-02-11 03:50,1299
2020-02-11 03:55,1275
2020-02-11 04:00,1255
2020-02-11 04:05,1239
2020-02-11 04:10,1223
2020-02-11 04:15,1218
2020-02-11 04:20,1218
2020-02-11 04:25,1198
2020-02-11 04:30,1163
2020-02-11 04:35,1140
2020-02-11 04:40,1134
2020-02-11 04:45,1136
2020-02-11 04:50,1120
2020-02-11 04:55,1122
2020-02-11 05:00,1109
2020-02-11 05:05,1093
2020-02-11 05:10,1090
2020-02-11 05:15,1080
2020-02-11 05:20,1064
2020-02-11 05:25,1069
2020-02-11 05:30,1063
2020-02-11 05:35,1047
2020-02-11 05:40,1035
2020-02-11 05:45,1024
2020-02-11 05:50,1005
2020-02-11 05:55,995
2020-02-11 06:00,970
2020-02-11 06:05,967
2020-02-11 06:10,971
2020-02-11 06:15,968
2020-02-11 06:20,981
2020-02-11 06:25,992
2020-02-11 06:30,992
2020-02-11 06:35,978
2020-02-11 06:40,978
2020-02-11 06:45,974
2020-02-11 06:50,964
2020-02-11 06:55,954
2020-02-11 07:00,948
2020-02-11 07:05,942
2020-02-11 07:10,934
2020-02-11 07:15,926
2020-02-11 07:20,923
2020-02-11 07:25,927
2020-02-11 07:30,935
2020-02-11 07:35,935
2020-02-11 07:40,938
2020-02-11 07:45,953
2020-02-11 07:50,954
2020-02-11 07:55,956
2020-02-11 08:00,951
2020-02-11 08:05,953
2020-02-11 08:10,969
2020-02-11 08:15,971
2020-02-11 08:20,974
2020-02-11 08:25,979
2020-02-11 08:30,972
2020-02-11 08:35,985
2020-02-11 08:40,991
2020-02-11 08:45,989
2020-02-11 08:50,1001
2020-02-11 08:55,1016
2020-02-11 09:00,1033
2020-02-11 09:05,1029
2020-02-11 09:10,1055
2020-02-11 09:15,1069
2020-02-11 09:20,1082
2020-02-11 09:25,1098
2020-02-11 09:30,1094
2020-02-11 09:35,1099
2020-02-11 09:40,1089
2020-02-11 09:45,1098
2020-02-11 09:50,1099
2020-02-11 09:55,1097
2020-02-11 10:00,1107
2020-02-11 10:05,1151
2020-02-11 10:10,1167
2020-02-11 10:15,1172
2020-02-11 10:20,1175
2020-02-11 10:25,1185
2020-02-11 10:30,1213
2020-02-11 10:35,1229
2020-02-11 10:40,1233
2020-02-11 10:45,1245
2020-02-11 10:50,1256
2020-02-11 10:55,1270
2020-02-11 11:00,1269
2020-02-11 11:05,1282
2020-02-11 11:10,1273
2020-02-11 11:15,1276
2020-02-11 11:20,1291
2020-02-11 11:25,1281
2020-02-11 11:30,1269
2020-02-11 11:35,1268
2020-02-11 11:40,1270
2020-02-11 11:45,1291
2020-02-11 11:50,1288
2020-02-11 11:55,1304
2020-02-11 12:00,1318
2020-02-11 12:05,1322
2020-02-11 12:10,1335
2020-02-11 12:15,1362
2020-02-11 12:20,1377
2020-02-11 12:25,1359
2020-02-11 12:30,1360
2020-02-11 12:35,1366
2020-02-11 12:40,1394
2020-02-11 12:45,1416
2020-02-11 12:50,1419
2020-02-11 12:55,1423
2020-02-11 13:00,1416
2020-02-11 13:05,1431
2020-02-11 13:10,1444
2020-02-11 13:15,1466
2020-02-11 13:20,1475
2020-02-11 13:25,1490
2020-02-11 13:30,1498
2020-02-11 13:35,1505
2020-02-11 13:40,1516
2020-02-11 13:45,1524
2020-02-11 13:50,1561
2020-02-11 13:55,1558
2020-02-11 14:00,1563
2020-02-11 14:05,1562
2020-02-11 14:10,1579
2020-02-11 14:15,1575
2020-02-11 14:20,1591
2020-02-11 14:25,1598
2020-02-11 14:30,1604
2020-02-11 14:35,1594
2020-02-11 14:40,1603
2020-02-11 14:45,1623
2020-02-11 14:50,1634
2020-02-11 14:55,1635
2020-02-11 15:00,1649
2020-02-11 15:05,1673
2020-02-11 15:10,1693
2020-02-11 15:15,1733
2020-02-11 15:20,1750
2020-02-11 15:25,1784
2020-02-11 15:30,1781
2020-02-11 15:35,1784
2020-02-11 15:40,1803
2020-02-11 15:45,1825
2020-02-11 15:50,1849
2020-02-11 15:55,1862
2020-02-11 16:00,1890
2020-02-11 16:05,1911
2020-02-11 16:10,1934
2020-02-11 16:15,1960
2020-02-11 16:20,1973
2020-02-11 16:25,1984
2020-02-11 16:30,2005
2020-02-11 16:35,1996
2020-02-11 16:40,2014
2020-02-11 16:45,2038
2020-02-11 16:50,2064
2020-02-11 16:55,2074
2020-02-11 17:00,2080
2020-02-11 17:05,2092
2020-02-11 17:10,2121
2020-02-11 17:15,2141
2020-02-11 17:20,2138
2020-02-11 17:25,2178
2020-02-11 17:30,2187
2020-02-11 17:35,2198
2020-02-11 17:40,2218
2020-02-11 17:45,2226
2020-02-11 17:50,2233
2020-02-11 17:55,2244
2020-02-11 18:00,2223
2020-02-11 18:05,2251
2020-02-11 18:10,2272
2020-02-11 18:15,2265
2020-02-11 18:20,2288
2020-02-11 18:25,2264
2020-02-11 18:30,2269
2020-02-11 18:35,2287
2020-02-11 18:40,2287
2020-02-11 18:45,2292
2020-02-11 18:50,2304
2020-02-11 18:55,2321
2020-02-11 19:00,2326
2020-02-11 19:05,2329
2020-02-11 19:10,2345
2020-02-11 19:15,2343
2020-02-11 19:20,2340
2020-02-11 19:25,2323
2020-02-11 19:30,2318
2020-02-11 19:35,2334
2020-02-11 19:40,2337
2020-02-11 19:45,2328
2020-02-11 19:50,2318
2020-02-11 19:55,2323
2020-02-11 20:00,2303
2020-02-11 20:05,2283
2020-02-11 20:10,2290
2020-02-11 20:15,2272
2020-02-11 20:20,2283
2020-02-11 20:25,2294
2020-02-11 20:30,2283
2020-02-11 20:35,2253
2020-02-11 20:40,2258
2020-02-11 20:45,2259
2020-02-11 20:50,2245
2020-02-11 20:55,2236
2020-02-11 21:00,2198
2020-02-11 21:05,2184
2020-02-11 21:10,2180
2020-02-11 21:15,2175
2020-02-11 21:20,2178
2020-02-11 21:25,2173
2020-02-11 21:30,2182
2020-02-11 21:35,2163
2020-02-11 21:40,2119
2020-02-11 21:45,2103
2020-02-11 21:50,2083
2020-02-11 21:55,2063
2020-02-11 22:00,2031
2020-02-11 22:05,2018
2020-02-11 22:10,2002
2020-02-11 22:15,1983
2020-02-11 22:20,1945
2020-02-11 22:25,1949
2020-02-11 22:30,1923
2020-02-11 22:35,1915
2020-02-11 22:40,1907
2020-02-11 22:45,1863
2020-02-11 22:50,1840
2020-02-11 22:55,1830
2020-02-11 23:00,1821
2020-02-11 23:05,1822
2020-02-11 23:10,1776
2020-02-11 23:15,0
2020-02-11 23:20,1084
2020-02-11 23:25,1561
2020-02-11 23:30,1706
2020-02-11 23:35,1694
2020-02-11 23:40,1690
2020-02-11 23:45,1673
2020-02-11 23:50,1655
2020-02-11 23:55,1658
2020-02-12 00:00,1642
2020-02-12 00:05,1618
2020-02-12 00:10,1623
2020-02-12 00:15,1612
2020-02-12 00:20,1600
2020-02-12 00:25,1601
2020-02-12 00:30,1583
2020-02-12 00:35,1586
2020-02-12 00:40,1571
2020-02-12 00:45,1564
2020-02-12 00:50,1565
2020-02-12 00:55,1534
2020-02-12 01:00,1550
2020-02-12 01:05,1538
2020-02-12 01:10,1536
2020-02-12 01:15,1530
2020-02-12 01:20,1522
2020-02-12 01:25,1506
2020-02-12 01:30,1507
2020-02-12 01:35,1494
2020-02-12 01:40,1490
2020-02-12 01:45,1486
2020-02-12 01:50,1466
2020-02-12 01:55,1481
2020-02-12 02:00,1480
2020-02-12 02:05,1451
2020-02-12 02:10,1444
2020-02-12 02:15,1455
2020-02-12 02:20,1454
2020-02-12 02:25,1446
2020-02-12 02:30,1441
2020-02-12 02:35,1449
2020-02-12 02:40,1437
2020-02-12 02:45,1433
2020-02-12 02:50,1422
2020-02-12 02:55,1420
2020-02-12 03:00,1398
2020-02-12 03:05,1373
2020-02-12 03:10,1369
2020-02-12 03:15,1359
2020-02-12 03:20,1347
2020-02-12 03:25,1339
2020-02-12 03:30,1328
2020-02-12 03:35,1298
2020-02-12 03:40,1294
2020-02-12 03:45,1268
2020-02-12 03:50,1258
2020-02-12 03:55,1244
2020-02-12 04:00,1221
2020-02-12 04:05,1224
2020-02-12 04:10,1207
2020-02-12 04:15,1205
2020-02-12 04:20,1192
2020-02-12 04:25,1192
2020-02-12 04:30,1172
2020-02-12 04:35,1168
2020-02-12 04:40,1154
2020-02-12 04:45,1152
2020-02-12 04:50,1143
2020-02-12 04:55,1112
2020-02-12 05:00,1096
2020-02-12 05:05,1086
2020-02-12 05:10,1068
2020-02-12 05:15,1059
2020-02-12 05:20,1053
2020-02-12 05:25,1047
2020-02-12 05:30,1036
2020-02-12 05:35,1007
2020-02-12 05:40,1015
2020-02-12 05:45,1015
2020-02-12 05:50,992
2020-02-12 05:55,991
2020-02-12 06:00,995
2020-02-12 06:05,989
2020-02-12 06:10,995
2020-02-12 06:15,986
2020-02-12 06:20,991
2020-02-12 06:25,987
2020-02-12 06:30,979
2020-02-12 06:35,989
2020-02-12 06:40,989
2020-02-12 06:45,975
2020-02-12 06:50,979
2020-02-12 06:55,966
2020-02-12 07:00,952
2020-02-12 07:05,961
2020-02-12 07:10,954
2020-02-12 07:15,954
2020-02-12 07:20,954
2020-02-12 07:25,932
2020-02-12 07:30,919
2020-02-12 07:35,913
2020-02-12 07:40,917
2020-02-12 07:45,924
2020-02-12 07:50,934
2020-02-12 07:55,950
2020-02-12 08:00,975
2020-02-12 08:05,967
2020-02-12 08:10,972
2020-02-12 08:15,975
2020-02-12 08:20,992
2020-02-12 08:25,971
2020-02-12 08:30,982
2020-02-12 08:35,984
2020-02-12 08:40,1002
2020-02-12 08:45,1018
2020-02-12 08:50,1018
2020-02-12 08:55,1015
2020-02-12 09:00,1019
2020-02-12 09:05,1035
2020-02-12 09:10,1032
2020-02-12 09:15,1060
2020-02-12 09:20,1074
2020-02-12 09:25,1075
2020-02-12 09:30,1092
2020-02-12 09:35,1101
2020-02-12 09:40,1106
2020-02-12 09:45,1103
2020-02-12 09:50,0
2020-02-12 09:55,1106
2020-02-12 10:00,1106
2020-02-12 10:05,1120
2020-02-12 10:10,1150
2020-02-12 10:15,1163
2020-02-12 10:20,1189
2020-02-12 10:25,1225
2020-02-12 10:30,1220
2020-02-12 10:35,1217
2020-02-12 10:40,1222
2020-02-12 10:45,1237
2020-02-12 10:50,1234
2020-02-12 10:55,1256
2020-02-12 11:00,1268
2020-02-12 11:05,1275
2020-02-12 11:10,1270
2020-02-12 11:15,1265
2020-02-12 11:20,1265
2020-02-12 11:25,1271
2020-02-12 11:30,1273
2020-02-12 11:35,1284
2020-02-12 11:40,1289
2020-02-12 11:45,1288
2020-02-12 11:50,1294
2020-02-12 11:55,1299
2020-02-12 12:00,1294
2020-02-12 12:05,1292
2020-02-12 12:10,1301
2020-02-12 12:15,1305
2020-02-12 12:20,1310
2020-02-12 12:25,1313
2020-02-12 12:30,1331
2020-02-12 12:35,1328
2020-02-12 12:40,1317
2020-02-12 12:45,1344
2020-02-12 12:50,1353
2020-02-12 12:55,1364
2020-02-12 13:00,1367
2020-02-12 13:05,1379
2020-02-12 13:10,1375
2020-02-12 13:15,1395
2020-02-12 13:20,1415
2020-02-12 13:25,1420
2020-02-12 13:30,1439
2020-02-12 13:35,1441
2020-02-12 13:40,1436
2020-02-12 13:45,1454
2020-02-12 13:50,1451
2020-02-12 13:55,1467
2020-02-12 14:00,1474
2020-02-12 14:05,1498
2020-02-12 14:10,1523
2020-02-12 14:15,1528
2020-02-12 14:20,1546
2020-02-12 14:25,1563
2020-02-12 14:30,1573
2020-02-12 14:35,1569
2020-02-12 14:40,1568
2020-02-12 14:45,1584
2020-02-12 14:50,1599
2020-02-12 14:55,1627
2020-02-12 15:00,1631
2020-02-12 15:05,1639
2020-02-12 15:10,1643
2020-02-12 15:15,1667
2020-02-12 15:20,1690
2020-02-12 15:25,1725
2020-02-12 15:30,1735
2020-02-12 15:35,1752
2020-02-12 15:40,1754
2020-02-12 15:45,1767
2020-02-12 15:50,1784
2020-02-12 15:55,1801
2020-02-12 16:00,1818
2020-02-12 16:05,1813
2020-02-12 16:10,1838
2020-02-12 16:15,1851
2020-02-12 16:20,1861
2020-02-12 16:25,1874
2020-02-12 16:30,1885
2020-02-12 16:35,1893
2020-02-12 16:40,1907
2020-02-12 16:45,1934
2020-02-12 16:50,1962
2020-02-12 16:55,1992
2020-02-12 17:00,2003
2020-02-12 17:05,2015
2020-02-12 17:10,2036
2020-02-12 17:15,2064
2020-02-12 17:20,2069
2020-02-12 17:25,2066
2020-02-12 17:30,0
2020-02-12 17:35,2138
2020-02-12 17:40,2170
2020-02-12 17:45,2195
2020-02-12 17:50,2202
2020-02-12 17:55,2193
2020-02-12 18:00,2199
2020-02-12 18:05,2190
2020-02-12 18:10,2193
2020-02-12 18:15,2197
2020-02-12 18:20,2206
2020-02-12 18:25,2187
2020-02-12 18:30,2198
2020-02-12 18:35,2164
2020-02-12 18:40,2178
2020-02-12 18:45,2190
2020-02-12 18:50,2164
2020-02-12 18:55,2175
2020-02-12 19:00,2167
2020-02-12 19:05,2175
2020-02-12 19:10,2180
2020-02-12 19:15,2171
2020-02-12 19:20,2187
2020-02-12 19:25,2182
2020-02-12 19:30,2148
2020-02-12 19:35,2200
2020-02-12 19:40,2199
2020-02-12 19:45,2204
2020-02-12 19:50,2183
2020-02-12 19:55,2208
2020-02-12 20:00,2213
2020-02-12 20:05,2219
2020-02-12 20:10,2217
2020-02-12 20:15,2226
2020-02-12 20:20,2195
2020-02-12 20:25,2188
2020-02-12 20:30,2190
2020-02-12 20:35,2194
2020-02-12 20:40,2182
2020-02-12 20:45,2142
2020-02-12 20:50,2110
2020-02-12 20:55,2092
2020-02-12 21:00,2080
2020-02-12 21:05,2053
2020-02-12 21:10,2029
2020-02-12 21:15,2002
2020-02-12 21:20,2012
2020-02-12 21:25,1994
2020-02-12 21:30,0
2020-02-12 21:35,1970
2020-02-12 21:40,1959
2020-02-12 21:45,1949
2020-02-12 21:50,1923
2020-02-12 21:55,1917
2020-02-12 22:00,1889
2020-02-12 22:05,1897
2020-02-12 22:10,1874
2020-02-12 22:15,1861
2020-02-12 22:20,1846
2020-02-12 22:25,1810
2020-02-12 22:30,1813
2020-02-12 22:35,1792
2020-02-12 22:40,1783
2020-02-12 22:45,1759
2020-02-12 22:50,1750
2020-02-12 22:55,1735
2020-02-12 23:00,1709
2020-02-12 23:05,1700
2020-02-12 23:10,1684
2020-02-12 23:15,1671
2020-02-12 23:20,1667
2020-02-12 23:25,1652
2020-02-12 23:30,1631
2020-02-12 23:35,1633
2020-02-12 23:40,1617
2020-02-12 23:45,1614
2020-02-12 23:50,1586
2020-02-12 23:55,1586
2020-02-13 00:00,1569
2020-02-13 00:05,1582
2020-02-13 00:10,1567
2020-02-13 00:15,1565
2020-02-13 00:20,1547
2020-02-13 00:25,1546
2020-02-13 00:30,1548
2020-02-13 00:35,1521
2020-02-13 00:40,1517
2020-02-13 00:45,1507
2020-02-13 00:50,1499
2020-02-13 00:55,1450
2020-02-13 01:00,1452
2020-02-13 01:05,1480
2020-02-13 01:10,0
2020-02-13 01:15,1478
2020-02-13 01:20,1479
2020-02-13 01:25,1464
2020-02-13 01:30,1450
2020-02-13 01:35,1450
2020-02-13 01:40,1451
2020-02-13 01:45,1454
2020-02-13 01:50,1448
2020-02-13 01:55,1447
2020-02-13 02:00,1448
2020-02-13 02:05,1461
2020-02-13 02:10,1468
2020-02-13 02:15,1448
2020-02-13 02:20,1452
2020-02-13 02:25,1436
2020-02-13 02:30,1420
2020-02-13 02:35,1417
2020-02-13 02:40,1403
2020-02-13 02:45,0
2020-02-13 02:50,1388
2020-02-13 02:55,1380
2020-02-13 03:00,1357
2020-02-13 03:05,1337
2020-02-13 03:10,1314
2020-02-13 03:15,1295
2020-02-13 03:20,1300
2020-02-13 03:25,1294
2020-02-13 03:30,1289
2020-02-13 03:35,1259
2020-02-13 03:40,1245
2020-02-13 03:45,1250
2020-02-13 03:50,1238
2020-02-13 03:55,1236
2020-02-13 04:00,1222
2020-02-13 04:05,1199
2020-02-13 04:10,1194
2020-02-13 04:15,1168
2020-02-13 04:20,1162
2020-02-13 04:25,1146
2020-02-13 04:30,1136
2020-02-13 04:35,1132
2020-02-13 04:40,1117
2020-02-13 04:45,1092
2020-02-13 04:50,1090
2020-02-13 04:55,1076
2020-02-13 05:00,1060
2020-02-13 05:05,1041
2020-02-13 05:10,1024
2020-02-13 05:15,1024
2020-02-13 05:20,1026
2020-02-13 05:25,1012
2020-02-13 05:30,1001
2020-02-13 05:35,1006
2020-02-13 05:40,979
2020-02-13 05:45,987
2020-02-13 05:50,983
2020-02-13 05:55,985
2020-02-13 06:00,991
2020-02-13 06:05,988
2020-02-13 06:10,976
2020-02-13 06:15,977
2020-02-13 06:20,976
2020-02-13 06:25,988
2020-02-13 06:30,979
2020-02-13 06:35,981
2020-02-13 06:40,959
2020-02-13 06:45,946
2020-02-13 06:50,950
2020-02-13 06:55,952
2020-02-13 07:00,959
2020-02-13 07:05,955
2020-02-13 07:10,950
2020-02-13 07:15,949
2020-02-13 07:20,952
2020-02-13 07:25,958
2020-02-13 07:30,958
2020-02-13 07:35,962
2020-02-13 07:40,958
2020-02-13 07:45,963
2020-02-13 07:50,961
2020-02-13 07:55,953
2020-02-13 08:00,958
2020-02-13 08:05,955
2020-02-13 08:10,954
2020-02-13 08:15,954
2020-02-13 08:20,957
2020-02-13 08:25,952
2020-02-13 08:30,962
2020-02-13 08:35,961
2020-02-13 08:40,961
2020-02-13 08:45,969
2020-02-13 08:50,974
2020-02-13 08:55,972
2020-02-13 09:00,972
2020-02-13 09:05,984
2020-02-13 09:10,987
2020-02-13 09:15,1006
2020-02-13 09:20,1034
2020-02-13 09:25,1026
2020-02-13 09:30,0
2020-02-13 09:35,1035
2020-02-13 09:40,1035
2020-02-13 09:45,1032
2020-02-13 09:50,1050
2020-02-13 09:55,1060
2020-02-13 10:00,1073
2020-02-13 10:05,1094
2020-02-13 10:10,1118
2020-02-13 10:15,1130
2020-02-13 10:20,1145
2020-02-13 10:25,1153
2020-02-13 10:30,1163
2020-02-13 10:35,1179
2020-02-13 10:40,1186
2020-02-13 10:45,1183
2020-02-13 10:50,1175
2020-02-13 10:55,1183
2020-02-13 11:00,1188
2020-02-13 11:05,1190
2020-02-13 11:10,1215
2020-02-13 11:15,1222
2020-02-13 11:20,1242
2020-02-13 11:25,1263
2020-02-13 11:30,1269
2020-02-13 11:35,1255
2020-02-13 11:40,1250
2020-02-13 11:45,1264
2020-02-13 11:50,1278
2020-02-13 11:55,1272
2020-02-13 12:00,1278
2020-02-13 12:05,1292
2020-02-13 12:10,1306
2020-02-13 12:15,1310
2020-02-13 12:20,1306
2020-02-13 12:25,1314
2020-02-13 12:30,1332
2020-02-13 12:35,1352
2020-02-13 12:40,1342
2020-02-13 12:45,1350
2020-02-13 12:50,1372
2020-02-13 12:55,1387
2020-02-13 13:00,1386
2020-02-13 13:05,1408
2020-02-13 13:10,1410
2020-02-13 13:15,1433
2020-02-13 13:20,1444
2020-02-13 13:25,1464
2020-02-13 13:30,1461
2020-02-13 13:35,1475
2020-02-13 13:40,1460
2020-02-13 13:45,1465
2020-02-13 13:50,1485
2020-02-13 13:55,1494
2020-02-13 14:00,1509
2020-02-13 14:05,1508
2020-02-13 14:10,1514
2020-02-13 14:15,1528
2020-02-13 14:20,1525
2020-02-13 14:25,1535
2020-02-13 14:30,1543
2020-02-13 14:35,1543
2020-02-13 14:40,1523
2020-02-13 14:45,1519
2020-02-13 14:50,1492
2020-02-13 14:55,1424
2020-02-13 15:00,1248
2020-02-13 15:05,871
2020-02-13 15:10,864
2020-02-13 15:15,848
2020-02-13 15:20,869
2020-02-13 15:25,877
2020-02-13 15:30,890
2020-02-13 15:35,938
2020-02-13 15:40,930
2020-02-13 15:45,946
2020-02-13 15:50,987
2020-02-13 15:55,988
2020-02-13 16:00,999
2020-02-13 16:05,1023
2020-02-13 16:10,1036
2020-02-13 16:15,1056
2020-02-13 16:20,1064
2020-02-13 16:25,1151
2020-02-13 16:30,1261
2020-02-13 16:35,1346
2020-02-13 16:40,1428
2020-02-13 16:45,1496
2020-02-13 16:50,1552
2020-02-13 16:55,1654
2020-02-13 17:00,1724
2020-02-13 17:05,1786
2020-02-13 17:10,1882
2020-02-13 17:15,1953
2020-02-13 17:20,1995
2020-02-13 17:25,2045
2020-02-13 17:30,2084
2020-02-13 17:35,2118
2020-02-13 17:40,2135
2020-02-13 17:45,2160
2020-02-13 17:50,2196
2020-02-13 17:55,2227
2020-02-13 18:00,2258
2020-02-13 18:05,2279
2020-02-13 18:10,2335
2020-02-13 18:15,2325
2020-02-13 18:20,2339
2020-02-13 18:25,2346
2020-02-13 18:30,2360
2020-02-13 18:35,2380
2020-02-13 18:40,2404
2020-02-13 18:45,2388
2020-02-13 18:50,2407
2020-02-13 18:55,2395
2020-02-13 19:00,2400
2020-02-13 19:05,2416
2020-02-13 19:10,2389
2020-02-13 19:15,2368
2020-02-13 19:20,0
2020-02-13 19:25,2385
2020-02-13 19:30,2365
2020-02-13 19:35,2365
2020-02-13 19:40,2379
2020-02-13 19:45,2360
2020-02-13 19:50,2361
2020-02-13 19:55,2355
2020-02-13 20:00,2339
2020-02-13 20:05,2331
2020-02-13 20:10,2306
2020-02-13 20:15,2295
2020-02-13 20:20,2281
2020-02-13 20:25,2267
2020-02-13 20:30,2293
2020-02-13 20:35,2280
2020-02-13 20:40,2271
2020-02-13 20:45,2250
2020-02-13 20:50,2254
2020-02-13 20:55,2249
2020-02-13 21:00,2240
2020-02-13 21:05,2224
2020-02-13 21:10,2207
2020-02-13 21:15,2173
2020-02-13 21:20,2158
2020-02-13 21:25,2141
2020-02-13 21:30,2163
2020-02-13 21:35,2161
2020-02-13 21:40,2144
2020-02-13 21:45,2109
2020-02-13 21:50,2096
2020-02-13 21:55,2057
2020-02-13 22:00,2023
2020-02-13 22:05,1983
2020-02-13 22:10,1969
2020-02-13 22:15,1961
2020-02-13 22:20,1940
2020-02-13 22:25,1912
2020-02-13 22:30,1913
2020-02-13 22:35,1887
2020-02-13 22:40,1869
2020-02-13 22:45,1848
2020-02-13 22:50,1832
2020-02-13 22:55,1823
2020-02-13 23:00,1808
2020-02-13 23:05,1795
2020-02-13 23:10,1790
2020-02-13 23:15,1767
2020-02-13 23:20,1740
2020-02-13 23:25,1722
2020-02-13 23:30,1697
2020-02-13 23:35,1682
2020-02-13 23:40,1659
2020-02-13 23:45,1656
2020-02-13 23:50,1638
2020-02-13 23:55,1627
2020-02-14 00:00,1625
2020-02-14 00:05,1617
2020-02-14 00:10,1612
2020-02-14 00:15,1597
2020-02-14 00:20,1566
2020-02-14 00:25,1557
2020-02-14 00:30,1558
2020-02-14 00:35,1553
2020-02-14 00:40,1540
2020-02-14 00:45,1532
2020-02-14 00:50,1535
2020-02-14 00:55,1507
2020-02-14 01:00,1489
2020-02-14 01:05,1465
2020-02-14 01:10,1447
2020-02-14 01:15,1423
2020-02-14 01:20,1419
2020-02-14 01:25,1419
2020-02-14 01:30,1414
2020-02-14 01:35,1424
2020-02-14 01:40,1428
2020-02-14 01:45,1448
2020-02-14 01:50,1431
2020-02-14 01:55,1416
2020-02-14 02:00,1421
2020-02-14 02:05,1416
2020-02-14 02:10,1405
2020-02-14 02:15,1398
2020-02-14 02:20,1401
2020-02-14 02:25,1387
2020-02-14 02:30,1374
2020-02-14 02:35,1392
2020-02-14 02:40,1397
2020-02-14 02:45,1389
2020-02-14 02:50,1370
2020-02-14 02:55,1358
2020-02-14 03:00,1354
2020-02-14 03:05,0
2020-02-14 03:10,1337
2020-02-14 03:15,1332
2020-02-14 03:20,1316
2020-02-14 03:25,1314
2020-02-14 03:30,1301
2020-02-14 03:35,1292
2020-02-14 03:40,1287
2020-02-14 03:45,1280
2020-02-14 03:50,1258
2020-02-14 03:55,1260
2020-02-14 04:00,1225
2020-02-14 04:05,1206
2020-02-14 04:10,1191
2020-02-14 04:15,1194
2020-02-14 04:20,1170
2020-02-14 04:25,1165
2020-02-14 04:30,1145
2020-02-14 04:35,0
2020-02-14 04:40,1119
2020-02-14 04:45,1115
2020-02-14 04:50,1109
2020-02-14 04:55,1122
2020-02-14 05:00,1099
2020-02-14 05:05,1089
2020-02-14 05:10,1081
2020-02-14 05:15,1065
2020-02-14 05:20,1054
2020-02-14 05:25,1052
2020-02-14 05:30,1047
2020-02-14 05:35,1038
2020-02-14 05:40,1036
2020-02-14 05:45,0
2020-02-14 05:50,1031
2020-02-14 05:55,1031
2020-02-14 06:00,1031
2020-02-14 06:05,1032
2020-02-14 06:10,1026
2020-02-14 06:15,1031
2020-02-14 06:20,1035
2020-02-14 06:25,1026
2020-02-14 06:30,1029
2020-02-14 06:35,1049
2020-02-14 06:40,0
2020-02-14 06:45,1048
2020-02-14 06:50,1041
2020-02-14 06:55,1033
2020-02-14 07:00,1011
2020-02-14 07:05,1007
2020-02-14 07:10,991
2020-02-14 07:15,991
2020-02-14 07:20,982
2020-02-14 07:25,992
2020-02-14 07:30,988
2020-02-14 07:35,971
2020-02-14 07:40,971
2020-02-14 07:45,987
2020-02-14 07:50,989
2020-02-14 07:55,983
2020-02-14 08:00,982
2020-02-14 08:05,982
2020-02-14 08:10,981
2020-02-14 08:15,980
2020-02-14 08:20,991
2020-02-14 08:25,994
2020-02-14 08:30,1001
2020-02-14 08:35,987
2020-02-14 08:40,989
2020-02-14 08:45,990
2020-02-14 08:50,993
2020-02-14 08:55,1018
2020-02-14 09:00,1023
2020-02-14 09:05,1044
2020-02-14 09:10,1055
2020-02-14 09:15,1048
2020-02-14 09:20,1057
2020-02-14 09:25,1064
2020-02-14 09:30,1084
2020-02-14 09:35,1089
2020-02-14 09:40,1107
2020-02-14 09:45,1095
2020-02-14 09:50,1115
2020-02-14 09:55,1113
2020-02-14 10:00,1121
2020-02-14 10:05,1149
2020-02-14 10:10,1153
2020-02-14 10:15,1174
2020-02-14 10:20,1176
2020-02-14 10:25,1174
2020-02-14 10:30,1183
2020-02-14 10:35,1189
2020-02-14 10:40,1192
2020-02-14 10:45,1194
2020-02-14 10:50,1209
2020-02-14 10:55,1214
2020-02-14 11:00,1226
2020-02-14 11:05,1221
2020-02-14 11:10,1226
2020-02-14 11:15,1234
2020-02-14 11:20,1239
2020-02-14 11:25,1250
2020-02-14 11:30,1257
2020-02-14 11:35,1273
2020-02-14 11:40,1293
2020-02-14 11:45,1309
2020-02-14 11:50,1325
2020-02-14 11:55,1336
2020-02-14 12:00,1344
2020-02-14 12:05,1344
2020-02-14 12:10,1345
2020-02-14 12:15,1363
2020-02-14 12:20,1367
2020-02-14 12:25,1378
2020-02-14 12:30,1373
2020-02-14 12:35,1360
2020-02-14 12:40,1368
2020-02-14 12:45,1390
2020-02-14 12:50,1392
2020-02-14 12:55,1411
2020-02-14 13:00,1412
2020-02-14 13:05,1419
2020-02-14 13:10,1444
2020-02-14 13:15,1465
2020-02-14 13:20,1481
2020-02-14 13:25,1475
2020-02-14 13:30,1476
2020-02-14 13:35,1492
2020-02-14 13:40,1499
2020-02-14 13:45,1529
2020-02-14 13:50,1519
2020-02-14 13:55,1516
2020-02-14 14:00,1523
2020-02-14 14:05,1542
2020-02-14 14:10,1549
2020-02-14 14:15,1572
2020-02-14 14:20,1596
2020-02-14 14:25,1624
2020-02-14 14:30,1612
2020-02-14 14:35,1618
2020-02-14 14:40,1654
2020-02-14 14:45,1658
2020-02-14 14:50,1664
2020-02-14 14:55,1676
2020-02-14 15:00,1684
2020-02-14 15:05,1707
2020-02-14 15:10,1703
2020-02-14 15:15,1699
2020-02-14 15:20,1716
2020-02-14 15:25,1723
2020-02-14 15:30,1734
2020-02-14 15:35,1734
2020-02-14 15:40,1748
2020-02-14 15:45,1767
2020-02-14 15:50,1784
2020-02-14 15:55,1789
2020-02-14 16:00,0
2020-02-14 16:05,1820
2020-02-14 16:10,1843
2020-02-14 16:15,1860
2020-02-14 16:20,1881
2020-02-14 16:25,1919
2020-02-14 16:30,0
2020-02-14 16:35,1925
2020-02-14 16:40,1925
2020-02-14 16:45,1937
2020-02-14 16:50,1954
2020-02-14 16:55,1971
2020-02-14 17:00,1973
2020-02-14 17:05,1961
2020-02-14 17:10,1993
2020-02-14 17:15,1973
2020-02-14 17:20,1983
2020-02-14 17:25,1996
2020-02-14 17:30,2014
2020-02-14 17:35,2030
2020-02-14 17:40,2027
2020-02-14 17:45,2056
2020-02-14 17:50,2059
2020-02-14 17:55,2067
2020-02-14 18:00,2088
2020-02-14 18:05,2106
2020-02-14 18:10,2096
2020-02-14 18:15,2102
2020-02-14 18:20,2094
2020-02-14 18:25,2082
2020-02-14 18:30,2092
2020-02-14 18:35,2091
2020-02-14 18:40,2110
2020-02-14 18:45,2118
2020-02-14 18:50,2101
2020-02-14 18:55,2139
2020-02-14 19:00,2137
2020-02-14 19:05,2123
2020-02-14 19:10,2115
2020-02-14 19:15,2126
2020-02-14 19:20,2119
2020-02-14 19:25,2126
2020-02-14 19:30,2116
2020-02-14 19:35,2123
2020-02-14 19:40,2116
2020-02-14 19:45,2116
2020-02-14 19:50,2155
2020-02-14 19:55,2159
2020-02-14 20:00,2181
2020-02-14 20:05,2188
2020-02-14 20:10,2177
2020-02-14 20:15,2194
2020-02-14 20:20,2163
2020-02-14 20:25,2173
2020-02-14 20:30,2186
2020-02-14 20:35,2199
2020-02-14 20:40,2189
2020-02-14 20:45,2177
2020-02-14 20:50,2189
2020-02-14 20:55,2205
2020-02-14 21:00,2184
2020-02-14 21:05,2155
2020-02-14 21:10,2146
2020-02-14 21:15,2150
2020-02-14 21:20,2140
2020-02-14 21:25,2156
2020-02-14 21:30,2133
2020-02-14 21:35,2115
2020-02-14 21:40,2111
2020-02-14 21:45,2098
2020-02-14 21:50,2080
2020-02-14 21:55,2080
2020-02-14 22:00,2061
2020-02-14 22:05,0
2020-02-14 22:10,2045
2020-02-14 22:15,2028
2020-02-14 22:20,2002
2020-02-14 22:25,1996
2020-02-14 22:30,1961
2020-02-14 22:35,0
2020-02-14 22:40,1929
2020-02-14 22:45,1935
2020-02-14 22:50,1911
2020-02-14 22:55,1884
2020-02-14 23:00,1853
2020-02-14 23:05,1827
2020-02-14 23:10,1802
2020-02-14 23:15,1784
2020-02-14 23:20,1768
2020-02-14 23:25,1732
2020-02-14 23:30,1716
2020-02-14 23:35,1698
2020-02-14 23:40,1682
2020-02-14 23:45,1672
2020-02-14 23:50,1667
2020-02-14 23:55,1660
2020-02-15 00:00,1661
2020-02-15 00:05,1642
2020-02-15 00:10,1631
2020-02-15 00:15,1618
2020-02-15 00:20,1618
2020-02-15 00:25,1615
2020-02-15 00:30,1592
2020-02-15 00:35,1580
2020-02-15 00:40,1586
2020-02-15 00:45,1566
2020-02-15 00:50,1537
2020-02-15 00:55,0
2020-02-15 01:00,1532
2020-02-15 01:05,1521
2020-02-15 01:10,1494
2020-02-15 01:15,1462
2020-02-15 01:20,1462
2020-02-15 01:25,1456
2020-02-15 01:30,1448
2020-02-15 01:35,1449
2020-02-15 01:40,1426
2020-02-15 01:45,1442
2020-02-15 01:50,1442
2020-02-15 01:55,1432
2020-02-15 02:00,1433
2020-02-15 02:05,1415
2020-02-15 02:10,1407
2020-02-15 02:15,0
2020-02-15 02:20,1403
2020-02-15 02:25,1397
2020-02-15 02:30,1381
2020-02-15 02:35,1388
2020-02-15 02:40,1394
2020-02-15 02:45,1411
2020-02-15 02:50,1420
2020-02-15 02:55,1411
2020-02-15 03:00,1399
2020-02-15 03:05,1399
2020-02-15 03:10,1394
2020-02-15 03:15,1390
2020-02-15 03:20,1363
2020-02-15 03:25,1362
2020-02-15 03:30,1361
2020-02-15 03:35,1341
2020-02-15 03:40,1314
2020-02-15 03:45,1307
2020-02-15 03:50,1299
2020-02-15 03:55,1280
2020-02-15 04:00,1283
2020-02-15 04:05,1277
2020-02-15 04:10,1243
2020-02-15 04:15,1242
2020-02-15 04:20,1236
2020-02-15 04:25,1229
2020-02-15 04:30,1206
2020-02-15 04:35,1196
2020-02-15 04:40,1223
2020-02-15 04:45,1244
2020-02-15 04:50,1249
2020-02-15 04:55,1252
2020-02-15 05:00,1237
2020-02-15 05:05,1222
2020-02-15 05:10,1224
2020-02-15 05:15,1215
2020-02-15 05:20,1204
2020-02-15 05:25,1197
2020-02-15 05:30,1183
2020-02-15 05:35,1190
2020-02-15 05:40,1188
2020-02-15 05:45,1176
2020-02-15 05:50,1176
2020-02-15 05:55,1170
2020-02-15 06:00,1157
2020-02-15 06:05,1147
2020-02-15 06:10,1152
2020-02-15 06:15,1147
2020-02-15 06:20,1150
2020-02-15 06:25,1141
2020-02-15 06:30,1143
2020-02-15 06:35,1131
2020-02-15 06:40,1136
2020-02-15 06:45,1121
2020-02-15 06:50,1110
2020-02-15 06:55,1108
2020-02-15 07:00,1121
2020-02-15 07:05,1124
2020-02-15 07:10,1144
2020-02-15 07:15,1137
2020-02-15 07:20,1128
2020-02-15 07:25,1119
2020-02-15 07:30,1122
2020-02-15 07:35,1119
2020-02-15 07:40,1122
2020-02-15 07:45,1128
2020-02-15 07:50,1150
2020-02-15 07:55,1158
2020-02-15 08:00,1157
2020-02-15 08:05,1151
2020-02-15 08:10,1161
2020-02-15 08:15,1173
2020-02-15 08:20,1189
2020-02-15 08:25,1182
2020-02-15 08:30,1181
2020-02-15 08:35,1180
2020-02-15 08:40,1193
2020-02-15 08:45,1215
2020-02-15 08:50,1222
2020-02-15 08:55,1213
2020-02-15 09:00,1212
2020-02-15 09:05,1219
2020-02-15 09:10,0
2020-02-15 09:15,1272
2020-02-15 09:20,1277
2020-02-15 09:25,1291
2020-02-15 09:30,1301
2020-02-15 09:35,1325
2020-02-15 09:40,1350
2020-02-15 09:45,1373
2020-02-15 09:50,1398
2020-02-15 09:55,1408
2020-02-15 10:00,1425
2020-02-15 10:05,1466
2020-02-15 10:10,1486
2020-02-15 10:15,1502
2020-02-15 10:20,1527
2020-02-15 10:25,1551
2020-02-15 10:30,1571
2020-02-15 10:35,0
2020-02-15 10:40,1584
2020-02-15 10:45,1591
2020-02-15 10:50,1629
2020-02-15 10:55,1639
2020-02-15 11:00,1638
2020-02-15 11:05,1646
2020-02-15 11:10,1647
2020-02-15 11:15,1657
2020-02-15 11:20,1665
2020-02-15 11:25,1662
2020-02-15 11:30,1690
2020-02-15 11:35,1699
2020-02-15 11:40,1712
2020-02-15 11:45,1700
2020-02-15 11:50,1697
2020-02-15 11:55,1721
2020-02-15 12:00,1744
2020-02-15 12:05,1738
2020-02-15 12:10,1763
2020-02-15 12:15,0
2020-02-15 12:20,1761
2020-02-15 12:25,1771
2020-02-15 12:30,1794
2020-02-15 12:35,0
2020-02-15 12:40,1828
2020-02-15 12:45,1822
2020-02-15 12:50,1835
2020-02-15 12:55,1847
2020-02-15 13:00,1876
2020-02-15 13:05,1866
2020-02-15 13:10,1890
2020-02-15 13:15,1912
2020-02-15 13:20,1917
2020-02-15 13:25,1946
2020-02-15 13:30,1959
2020-02-15 13:35,1966
2020-02-15 13:40,1974
2020-02-15 13:45,1974
2020-02-15 13:50,1975
2020-02-15 13:55,2011
2020-02-15 14:00,1994
2020-02-15 14:05,1994
2020-02-15 14:10,2010
2020-02-15 14:15,2038
2020-02-15 14:20,2049
2020-02-15 14:25,2041
2020-02-15 14:30,2048
2020-02-15 14:35,2084
2020-02-15 14:40,2098
2020-02-15 14:45,0
2020-02-15 14:50,2112
2020-02-15 14:55,2115
2020-02-15 15:00,2110
2020-02-15 15:05,2135
2020-02-15 15:10,2149
2020-02-15 15:15,2178
2020-02-15 15:20,2165
2020-02-15 15:25,2174
2020-02-15 15:30,2159
2020-02-15 15:35,2148
2020-02-15 15:40,2143
2020-02-15 15:45,2169
2020-02-15 15:50,2188
2020-02-15 15:55,2208
2020-02-15 16:00,2233
2020-02-15 16:05,2256
2020-02-15 16:10,2278
2020-02-15 16:15,2290
2020-02-15 16:20,2313
2020-02-15 16:25,2314
2020-02-15 16:30,2335
2020-02-15 16:35,2343
2020-02-15 16:40,2346
2020-02-15 16:45,2376
2020-02-15 16:50,2402
2020-02-15 16:55,2395
2020-02-15 17:00,2403
2020-02-15 17:05,2416
2020-02-15 17:10,2434
2020-02-15 17:15,2444
2020-02-15 17:20,2450
2020-02-15 17:25,2486
2020-02-15 17:30,2469
2020-02-15 17:35,2482
2020-02-15 17:40,2476
2020-02-15 17:45,2450
2020-02-15 17:50,2474
2020-02-15 17:55,2469
2020-02-15 18:00,2477
2020-02-15 18:05,2461
2020-02-15 18:10,2461
2020-02-15 18:15,2445
2020-02-15 18:20,2447
2020-02-15 18:25,2459
2020-02-15 18:30,2442
2020-02-15 18:35,2458
2020-02-15 18:40,2449
2020-02-15 18:45,2494
2020-02-15 18:50,2486
2020-02-15 18:55,2520
2020-02-15 19:00,2536
2020-02-15 19:05,2557
2020-02-15 19:10,2559
2020-02-15 19:15,2564
2020-02-15 19:20,2571
2020-02-15 19:25,2561
2020-02-15 19:30,2570
2020-02-15 19:35,2584
2020-02-15 19:40,2580
2020-02-15 19:45,2609
2020-02-15 19:50,2609
2020-02-15 19:55,2606
2020-02-15 20:00,2611
2020-02-15 20:05,2618
2020-02-15 20:10,0
2020-02-15 20:15,2637
2020-02-15 20:20,2628
2020-02-15 20:25,2608
2020-02-15 20:30,2607
2020-02-15 20:35,2595
2020-02-15 20:40,2586
2020-02-15 20:45,2584
2020-02-15 20:50,2580
2020-02-15 20:55,2572
2020-02-15 21:00,2563
2020-02-15 21:05,2529
2020-02-15 21:10,2503
2020-02-15 21:15,2512
2020-02-15 21:20,2499
2020-02-15 21:25,2480
2020-02-15 21:30,2460
2020-02-15 21:35,2436
2020-02-15 21:40,2426
2020-02-15 21:45,2411
2020-02-15 21:50,2379
2020-02-15 21:55,2358
2020-02-15 22:00,2365
2020-02-15 22:05,2387
2020-02-15 22:10,2384
2020-02-15 22:15,2364
2020-02-15 22:20,2345
2020-02-15 22:25,2326
2020-02-15 22:30,2292
2020-02-15 22:35,2255
2020-02-15 22:40,2249
2020-02-15 22:45,2212
2020-02-15 22:50,2185
2020-02-15 22:55,2161
2020-02-15 23:00,2124
2020-02-15 23:05,0
2020-02-15 23:10,0
2020-02-15 23:15,2079
2020-02-15 23:20,2050
2020-02-15 23:25,2030
2020-02-15 23:30,2019
2020-02-15 23:35,2005
2020-02-15 23:40,1980
2020-02-15 23:45,1964
2020-02-15 23:50,1969
2020-02-15 23:55,1967
2020-02-16 00:00,1974
2020-02-16 00:05,1935
2020-02-16 00:10,1928
2020-02-16 00:15,1903
2020-02-16 00:20,1877
2020-02-16 00:25,1852
2020-02-16 00:30,1850
2020-02-16 00:35,1819
2020-02-16 00:40,1812
2020-02-16 00:45,1796
2020-02-16 00:50,1780
2020-02-16 00:55,1762
2020-02-16 01:00,1737
2020-02-16 01:05,1740
2020-02-16 01:10,1712
2020-02-16 01:15,1699
2020-02-16 01:20,1669
2020-02-16 01:25,1679
2020-02-16 01:30,1671
2020-02-16 01:35,1674
2020-02-16 01:40,1669
2020-02-16 01:45,1664
2020-02-16 01:50,1661
2020-02-16 01:55,1645
2020-02-16 02:00,1642
2020-02-16 02:05,1636
2020-02-16 02:10,0
2020-02-16 02:15,1610
2020-02-16 02:20,1620
2020-02-16 02:25,1614
2020-02-16 02:30,1606
2020-02-16 02:35,1600
2020-02-16 02:40,1583
2020-02-16 02:45,1579
2020-02-16 02:50,1574
2020-02-16 02:55,1558
2020-02-16 03:00,1536
2020-02-16 03:05,1521
2020-02-16 03:10,1514
2020-02-16 03:15,1521
2020-02-16 03:20,1508
2020-02-16 03:25,1488
2020-02-16 03:30,1496
2020-02-16 03:35,1491
2020-02-16 03:40,1479
2020-02-16 03:45,1485
2020-02-16 03:50,1471
2020-02-16 03:55,1458
2020-02-16 04:00,1440
2020-02-16 04:05,1428
2020-02-16 04:10,1412
2020-02-16 04:15,1410
2020-02-16 04:20,1420
2020-02-16 04:25,1406
2020-02-16 04:30,1412
2020-02-16 04:35,1403
2020-02-16 04:40,1380
2020-02-16 04:45,1366
2020-02-16 04:50,0
2020-02-16 04:55,1340
2020-02-16 05:00,1331
2020-02-16 05:05,1315
2020-02-16 05:10,1311
2020-02-16 05:15,1314
2020-02-16 05:20,1313
2020-02-16 05:25,1297
2020-02-16 05:30,1301
2020-02-16 05:35,1295
2020-02-16 05:40,1278
2020-02-16 05:45,1296
2020-02-16 05:50,0
2020-02-16 05:55,1276
2020-02-16 06:00,1266
2020-02-16 06:05,1262
2020-02-16 06:10,1256
2020-02-16 06:15,1257
2020-02-16 06:20,1270
2020-02-16 06:25,1262
2020-02-16 06:30,1265
2020-02-16 06:35,1254
2020-02-16 06:40,1262
2020-02-16 06:45,1256
2020-02-16 06:50,1263
2020-02-16 06:55,1255
2020-02-16 07:00,1252
2020-02-16 07:05,1256
2020-02-16 07:10,1260
2020-02-16 07:15,1277
2020-02-16 07:20,1262
2020-02-16 07:25,1257
2020-02-16 07:30,1256
2020-02-16 07:35,1267
2020-02-16 07:40,1289
2020-02-16 07:45,1294
2020-02-16 07:50,1307
2020-02-16 07:55,1316
2020-02-16 08:00,1318
2020-02-16 08:05,1323
2020-02-16 08:10,1327
2020-02-16 08:15,1348
2020-02-16 08:20,1328
2020-02-16 08:25,0
2020-02-16 08:30,1343
2020-02-16 08:35,1367
2020-02-16 08:40,1369
2020-02-16 08:45,1388
2020-02-16 08:50,1387
2020-02-16 08:55,1409
2020-02-16 09:00,1427
2020-02-16 09:05,1452
2020-02-16 09:10,1441
2020-02-16 09:15,1467
2020-02-16 09:20,1485
2020-02-16 09:25,1510
2020-02-16 09:30,1526
2020-02-16 09:35,1536
2020-02-16 09:40,1552
2020-02-16 09:45,1576
2020-02-16 09:50,1591
2020-02-16 09:55,1602
2020-02-16 10:00,1619
2020-02-16 10:05,1658
2020-02-16 10:10,1682
2020-02-16 10:15,1692
2020-02-16 10:20,1714
2020-02-16 10:25,1726
2020-02-16 10:30,1765
2020-02-16 10:35,1778
2020-02-16 10:40,1785
2020-02-16 10:45,1817
2020-02-16 10:50,1835
2020-02-16 10:55,1837
2020-02-16 11:00,1843
2020-02-16 11:05,1860
2020-02-16 11:10,1871
2020-02-16 11:15,1901
2020-02-16 11:20,1925
2020-02-16 11:25,1948
2020-02-16 11:30,1946
2020-02-16 11:35,1958
2020-02-16 11:40,1974
2020-02-16 11:45,1997
2020-02-16 11:50,1996
2020-02-16 11:55,2005
2020-02-16 12:00,2002
2020-02-16 12:05,2000
2020-02-16 12:10,2006
2020-02-16 12:15,2023
2020-02-16 12:20,2029
2020-02-16 12:25,2033
2020-02-16 12:30,2053
2020-02-16 12:35,2067
2020-02-16 12:40,0
2020-02-16 12:45,2106
2020-02-16 12:50,2123
2020-02-16 12:55,2130
2020-02-16 13:00,2136
2020-02-16 13:05,2157
2020-02-16 13:10,2162
2020-02-16 13:15,2177
2020-02-16 13:20,2168
2020-02-16 13:25,2197
2020-02-16 13:30,2217
2020-02-16 13:35,2233
2020-02-16 13:40,2237
2020-02-16 13:45,2255
2020-02-16 13:50,2274
2020-02-16 13:55,2280
2020-02-16 14:00,2280
2020-02-16 14:05,2316
2020-02-16 14:10,0
2020-02-16 14:15,2318
2020-02-16 14:20,2344
2020-02-16 14:25,2372
2020-02-16 14:30,2373
2020-02-16 14:35,2368
2020-02-16 14:40,2380
2020-02-16 14:45,2363
2020-02-16 14:50,2409
2020-02-16 14:55,2432
2020-02-16 15:00,2457
2020-02-16 15:05,2485
2020-02-16 15:10,2493
2020-02-16 15:15,2518
2020-02-16 15:20,2535
2020-02-16 15:25,2535
2020-02-16 15:30,2562
2020-02-16 15:35,2571
2020-02-16 15:40,2593
2020-02-16 15:45,2597
2020-02-16 15:50,2586
2020-02-16 15:55,2598
2020-02-16 16:00,2609
2020-02-16 16:05,0
2020-02-16 16:10,2637
2020-02-16 16:15,2656
2020-02-16 16:20,2683
2020-02-16 16:25,2700
2020-02-16 16:30,2075
2020-02-16 16:35,1690
2020-02-16 16:40,2514
2020-02-16 16:45,0
2020-02-16 16:50,2725
2020-02-16 16:55,2763
2020-02-16 17:00,2768
2020-02-16 17:05,2785
2020-02-16 17:10,2761
2020-02-16 17:15,2744
2020-02-16 17:20,2765
2020-02-16 17:25,2748
2020-02-16 17:30,0
2020-02-16 17:35,2751
2020-02-16 17:40,2771
2020-02-16 17:45,2772
2020-02-16 17:50,2765
2020-02-16 17:55,2753
2020-02-16 18:00,2789
2020-02-16 18:05,0
2020-02-16 18:10,2819
2020-02-16 18:15,2825
2020-02-16 18:20,2832
2020-02-16 18:25,0
2020-02-16 18:30,2865
2020-02-16 18:35,2887
2020-02-16 18:40,2900
2020-02-16 18:45,0
2020-02-16 18:50,2908
2020-02-16 18:55,0
2020-02-16 19:00,2880
2020-02-16 19:05,2863
2020-02-16 19:10,2835
2020-02-16 19:15,0
2020-02-16 19:20,2843
2020-02-16 19:25,2839
2020-02-16 19:30,2822
2020-02-16 19:35,2816
2020-02-16 19:40,2799
2020-02-16 19:45,2771
2020-02-16 19:50,2760
2020-02-16 19:55,2776
2020-02-16 20:00,2735
2020-02-16 20:05,2710
2020-02-16 20:10,2716
2020-02-16 20:15,2680
2020-02-16 20:20,
2020-02-16 20:25,0
2020-02-16 20:30,2657
2020-02-16 20:35,2641
2020-02-16 20:40,2652
2020-02-16 20:45,0
2020-02-16 20:50,0
2020-02-16 20:55,2611
2020-02-16 21:00,2600
2020-02-16 21:05,2561
2020-02-16 21:10,2529
2020-02-16 21:15,2522
2020-02-16 21:20,2473
2020-02-16 21:25,2449
2020-02-16 21:30,2462
2020-02-16 21:35,2439
2020-02-16 21:40,2413
2020-02-16 21:45,2406
2020-02-16 21:50,2382
2020-02-16 21:55,2354
2020-02-16 22:00,2333
2020-02-16 22:05,2320
2020-02-16 22:10,2299
2020-02-16 22:15,2296
2020-02-16 22:20,2274
2020-02-16 22:25,2255
2020-02-16 22:30,2219
2020-02-16 22:35,2202
2020-02-16 22:40,0
2020-02-16 22:45,2171
2020-02-16 22:50,2134
2020-02-16 22:55,2125
2020-02-16 23:00,2086
2020-02-16 23:05,0
2020-02-16 23:10,2030
2020-02-16 23:15,2001
2020-02-16 23:20,1981
2020-02-16 23:25,1960
2020-02-16 23:30,1932
2020-02-16 23:35,1932
2020-02-16 23:40,1903
2020-02-16 23:45,1883
2020-02-16 23:50,1871
2020-02-16 23:55,1864
2020-02-17 00:00,1837
2020-02-17 00:05,1826
2020-02-17 00:10,1785
2020-02-17 00:15,1778
2020-02-17 00:20,1763
2020-02-17 00:25,1766
2020-02-17 00:30,1755
2020-02-17 00:35,1739
2020-02-17 00:40,1728
2020-02-17 00:45,1688
2020-02-17 00:50,1690
2020-02-17 00:55,1690
2020-02-17 01:00,1660
2020-02-17 01:05,1654
2020-02-17 01:10,1647
2020-02-17 01:15,1634
2020-02-17 01:20,1618
2020-02-17 01:25,1593
2020-02-17 01:30,1598
2020-02-17 01:35,0
2020-02-17 01:40,1555
2020-02-17 01:45,1572
2020-02-17 01:50,1585
2020-02-17 01:55,1590
2020-02-17 02:00,0
2020-02-17 02:05,1575
2020-02-17 02:10,1559
2020-02-17 02:15,1541
2020-02-17 02:20,1539
2020-02-17 02:25,1518
2020-02-17 02:30,1510
2020-02-17 02:35,1502
2020-02-17 02:40,1476
2020-02-17 02:45,1472
2020-02-17 02:50,1469
2020-02-17 02:55,1480
2020-02-17 03:00,1476
2020-02-17 03:05,1455
2020-02-17 03:10,1438
2020-02-17 03:15,1434
2020-02-17 03:20,1422
2020-02-17 03:25,1418
2020-02-17 03:30,1415
2020-02-17 03:35,1418
2020-02-17 03:40,1396
2020-02-17 03:45,1381
2020-02-17 03:50,1372
2020-02-17 03:55,1359
2020-02-17 04:00,1355
2020-02-17 04:05,1316
2020-02-17 04:10,1304
2020-02-17 04:15,1292
2020-02-17 04:20,1268
2020-02-17 04:25,1255
2020-02-17 04:30,1234
2020-02-17 04:35,1194
2020-02-17 04:40,1183
2020-02-17 04:45,1180
2020-02-17 04:50,1162
2020-02-17 04:55,0
2020-02-17 05:00,1138
2020-02-17 05:05,1122
2020-02-17 05:10,1103
2020-02-17 05:15,1096
2020-02-17 05:20,1094
2020-02-17 05:25,1076
2020-02-17 05:30,1073
2020-02-17 05:35,1070
2020-02-17 05:40,1061
2020-02-17 05:45,1051
2020-02-17 05:50,1065
2020-02-17 05:55,1059
2020-02-17 06:00,1063
2020-02-17 06:05,1059
2020-02-17 06:10,1067
2020-02-17 06:15,1071
2020-02-17 06:20,1083
2020-02-17 06:25,1059
2020-02-17 06:30,1058
2020-02-17 06:35,1044
2020-02-17 06:40,1035
2020-02-17 06:45,1040
2020-02-17 06:50,1023
2020-02-17 06:55,1024
2020-02-17 07:00,1032
2020-02-17 07:05,1026
2020-02-17 07:10,1005
2020-02-17 07:15,1003
2020-02-17 07:20,998
2020-02-17 07:25,1002
2020-02-17 07:30,1008
2020-02-17 07:35,1006
2020-02-17 07:40,997
2020-02-17 07:45,1001
2020-02-17 07:50,1012
2020-02-17 07:55,1005
2020-02-17 08:00,1008
2020-02-17 08:05,1002
2020-02-17 08:10,0
2020-02-17 08:15,1005
2020-02-17 08:20,1015
2020-02-17 08:25,1028
2020-02-17 08:30,1028
2020-02-17 08:35,1019
2020-02-17 08:40,1029
2020-02-17 08:45,1047
2020-02-17 08:50,1037
2020-02-17 08:55,1044
2020-02-17 09:00,1067
2020-02-17 09:05,1080
2020-02-17 09:10,1078
2020-02-17 09:15,1088
2020-02-17 09:20,1099
2020-02-17 09:25,1103
2020-02-17 09:30,1106
2020-02-17 09:35,1126
2020-02-17 09:40,1129
2020-02-17 09:45,1130
2020-02-17 09:50,1132
2020-02-17 09:55,1160
2020-02-17 10:00,1172
2020-02-17 10:05,1193
2020-02-17 10:10,1226
2020-02-17 10:15,1233
2020-02-17 10:20,1256
2020-02-17 10:25,1268
2020-02-17 10:30,1291
2020-02-17 10:35,1297
2020-02-17 10:40,1310
2020-02-17 10:45,1317
2020-02-17 10:50,1343
2020-02-17 10:55,1338
2020-02-17 11:00,1357
2020-02-17 11:05,1368
2020-02-17 11:10,1378
2020-02-17 11:15,1368
2020-02-17 11:20,1378
2020-02-17 11:25,1377
2020-02-17 11:30,1354
2020-02-17 11:35,1354
2020-02-17 11:40,1360
2020-02-17 11:45,1378
2020-02-17 11:50,1396
2020-02-17 11:55,1394
2020-02-17 12:00,1396
2020-02-17 12:05,1402
2020-02-17 12:10,1418
2020-02-17 12:15,1428
2020-02-17 12:20,1438
2020-02-17 12:25,1443
2020-02-17 12:30,1445
2020-02-17 12:35,1441
2020-02-17 12:40,1447
2020-02-17 12:45,1466
2020-02-17 12:50,1472
2020-02-17 12:55,1477
2020-02-17 13:00,1491
2020-02-17 13:05,1521
2020-02-17 13:10,1520
2020-02-17 13:15,1538
2020-02-17 13:20,1558
2020-02-17 13:25,1568
2020-02-17 13:30,1562
2020-02-17 13:35,1577
2020-02-17 13:40,1572
2020-02-17 13:45,1604
2020-02-17 13:50,1620
2020-02-17 13:55,1635
2020-02-17 14:00,1650
2020-02-17 14:05,1680
2020-02-17 14:10,1681
2020-02-17 14:15,1698
2020-02-17 14:20,1696
2020-02-17 14:25,1717
2020-02-17 14:30,1741
2020-02-17 14:35,1748
2020-02-17 14:40,1750
2020-02-17 14:45,1770
2020-02-17 14:50,1788
2020-02-17 14:55,1778
2020-02-17 15:00,1804
2020-02-17 15:05,1812
2020-02-17 15:10,1830
2020-02-17 15:15,1841
2020-02-17 15:20,1851
2020-02-17 15:25,1865
2020-02-17 15:30,1863
2020-02-17 15:35,1891
2020-02-17 15:40,1905
2020-02-17 15:45,1927
2020-02-17 15:50,1931
2020-02-17 15:55,1953
2020-02-17 16:00,1982
2020-02-17 16:05,1999
2020-02-17 16:10,2014
2020-02-17 16:15,2046
2020-02-17 16:20,2067
2020-02-17 16:25,2062
2020-02-17 16:30,2066
2020-02-17 16:35,0
2020-02-17 16:40,2098
2020-02-17 16:45,2110
2020-02-17 16:50,2114
2020-02-17 16:55,2108
2020-02-17 17:00,2122
2020-02-17 17:05,2157
2020-02-17 17:10,2188
2020-02-17 17:15,2229
2020-02-17 17:20,2248
2020-02-17 17:25,2244
2020-02-17 17:30,2272
2020-02-17 17:35,2265
2020-02-17 17:40,2270
2020-02-17 17:45,2298
2020-02-17 17:50,2326
2020-02-17 17:55,2336
2020-02-17 18:00,2345
2020-02-17 18:05,2385
2020-02-17 18:10,2386
2020-02-17 18:15,2391
2020-02-17 18:20,2405
2020-02-17 18:25,2399
2020-02-17 18:30,2396
2020-02-17 18:35,2410
2020-02-17 18:40,2445
2020-02-17 18:45,2434
2020-02-17 18:50,2427
2020-02-17 18:55,2409
2020-02-17 19:00,2410
2020-02-17 19:05,2398
2020-02-17 19:10,2423
2020-02-17 19:15,2422
2020-02-17 19:20,2429
2020-02-17 19:25,2463
2020-02-17 19:30,2458
2020-02-17 19:35,2447
2020-02-17 19:40,2447
2020-02-17 19:45,2459
2020-02-17 19:50,2475
2020-02-17 19:55,2454
2020-02-17 20:00,2457
2020-02-17 20:05,2461
2020-02-17 20:10,2454
2020-02-17 20:15,2457
2020-02-17 20:20,2448
2020-02-17 20:25,2424
2020-02-17 20:30,2414
2020-02-17 20:35,2407
2020-02-17 20:40,2378
2020-02-17 20:45,2360
2020-02-17 20:50,2366
2020-02-17 20:55,2347
2020-02-17 21:00,2333
2020-02-17 21:05,2318
2020-02-17 21:10,2302
2020-02-17 21:15,
2020-02-17 21:20,0
2020-02-17 21:25,2247
2020-02-17 21:30,2250
2020-02-17 21:35,2247
2020-02-17 21:40,2226
2020-02-17 21:45,2197
2020-02-17 21:50,2183
2020-02-17 21:55,2166
2020-02-17 22:00,2121
2020-02-17 22:05,2113
2020-02-17 22:10,2107
2020-02-17 22:15,2107
2020-02-17 22:20,2094
2020-02-17 22:25,2062
2020-02-17 22:30,2049
2020-02-17 22:35,2035
2020-02-17 22:40,2004
2020-02-17 22:45,1984
2020-02-17 22:50,1976
2020-02-17 22:55,1949
2020-02-17 23:00,1925
2020-02-17 23:05,1893
2020-02-17 23:10,1882
2020-02-17 23:15,1850
2020-02-17 23:20,1830
2020-02-17 23:25,1815
2020-02-17 23:30,1800
2020-02-17 23:35,1770
2020-02-17 23:40,1763
2020-02-17 23:45,1743
2020-02-17 23:50,1748
2020-02-17 23:55,1761
2020-02-18 00:00,1744
2020-02-18 00:05,1713
2020-02-18 00:10,1691
2020-02-18 00:15,1684
2020-02-18 00:20,1667
2020-02-18 00:25,1679
2020-02-18 00:30,1648
2020-02-18 00:35,1648
2020-02-18 00:40,1675
2020-02-18 00:45,1659
2020-02-18 00:50,1640
2020-02-18 00:55,1623
2020-02-18 01:00,1607
2020-02-18 01:05,1586
2020-02-18 01:10,1580
2020-02-18 01:15,1584
2020-02-18 01:20,1584
2020-02-18 01:25,1566
2020-02-18 01:30,1566
2020-02-18 01:35,1564
2020-02-18 01:40,1542
2020-02-18 01:45,1546
2020-02-18 01:50,1548
2020-02-18 01:55,1533
2020-02-18 02:00,1523
2020-02-18 02:05,1507
2020-02-18 02:10,1522
2020-02-18 02:15,1520
2020-02-18 02:20,1501
2020-02-18 02:25,1497
2020-02-18 02:30,1481
2020-02-18 02:35,1467
2020-02-18 02:40,1456
2020-02-18 02:45,1465
2020-02-18 02:50,1433
2020-02-18 02:55,1432
2020-02-18 03:00,1414
2020-02-18 03:05,1392
2020-02-18 03:10,1369
2020-02-18 03:15,1348
2020-02-18 03:20,1346
2020-02-18 03:25,1333
2020-02-18 03:30,1327
2020-02-18 03:35,1318
2020-02-18 03:40,1303
2020-02-18 03:45,1294
2020-02-18 03:50,1283
2020-02-18 03:55,0
2020-02-18 04:00,1263
2020-02-18 04:05,1266
2020-02-18 04:10,1250
2020-02-18 04:15,1226
2020-02-18 04:20,1208
2020-02-18 04:25,1202
2020-02-18 04:30,1183
2020-02-18 04:35,1169
2020-02-18 04:40,1166
2020-02-18 04:45,1144
2020-02-18 04:50,1133
2020-02-18 04:55,1126
2020-02-18 05:00,1110
2020-02-18 05:05,1085
2020-02-18 05:10,0
2020-02-18 05:15,1065
2020-02-18 05:20,1054
2020-02-18 05:25,1059
2020-02-18 05:30,1058
2020-02-18 05:35,0
2020-02-18 05:40,1049
2020-02-18 05:45,1027
2020-02-18 05:50,1021
2020-02-18 05:55,1017
2020-02-18 06:00,1008
2020-02-18 06:05,1000
2020-02-18 06:10,992
2020-02-18 06:15,983
2020-02-18 06:20,996
2020-02-18 06:25,982
2020-02-18 06:30,984
2020-02-18 06:35,967
2020-02-18 06:40,974
2020-02-18 06:45,960
2020-02-18 06:50,962
2020-02-18 06:55,952
2020-02-18 07:00,967
2020-02-18 07:05,964
2020-02-18 07:10,963
2020-02-18 07:15,959
2020-02-18 07:20,972
2020-02-18 07:25,969
2020-02-18 07:30,967
2020-02-18 07:35,980
2020-02-18 07:40,978
2020-02-18 07:45,968
2020-02-18 07:50,970
2020-02-18 07:55,970
2020-02-18 08:00,977
2020-02-18 08:05,971
2020-02-18 08:10,979
2020-02-18 08:15,991
2020-02-18 08:20,994
2020-02-18 08:25,987
2020-02-18 08:30,983
2020-02-18 08:35,968
2020-02-18 08:40,977
2020-02-18 08:45,988
2020-02-18 08:50,991
2020-02-18 08:55,993
2020-02-18 09:00,995
2020-02-18 09:05,1028
2020-02-18 09:10,1040
2020-02-18 09:15,1031
2020-02-18 09:20,1036
2020-02-18 09:25,1057
2020-02-18 09:30,1085
2020-02-18 09:35,1092
2020-02-18 09:40,1106
2020-02-18 09:45,1107
2020-02-18 09:50,1113
2020-02-18 09:55,1124
2020-02-18 10:00,1130
2020-02-18 10:05,1158
2020-02-18 10:10,0
2020-02-18 10:15,1168
2020-02-18 10:20,1158
2020-02-18 10:25,1173
2020-02-18 10:30,1204
2020-02-18 10:35,1216
2020-02-18 10:40,1224
2020-02-18 10:45,1247
2020-02-18 10:50,0
2020-02-18 10:55,1287
2020-02-18 11:00,1296
2020-02-18 11:05,1317
2020-02-18 11:10,1312
2020-02-18 11:15,1302
2020-02-18 11:20,1290
2020-02-18 11:25,1294
2020-02-18 11:30,1301
2020-02-18 11:35,1319
2020-02-18 11:40,1341
2020-02-18 11:45,1336
2020-02-18 11:50,1324
2020-02-18 11:55,1348
2020-02-18 12:00,1367
2020-02-18 12:05,1345
2020-02-18 12:10,1366
2020-02-18 12:15,1390
2020-02-18 12:20,1385
2020-02-18 12:25,1389
2020-02-18 12:30,1388
2020-02-18 12:35,1419
2020-02-18 12:40,1420
2020-02-18 12:45,1435
2020-02-18 12:50,1443
2020-02-18 12:55,1440
2020-02-18 13:00,1451
2020-02-18 13:05,1451
2020-02-18 13:10,1451
2020-02-18 13:15,1460
2020-02-18 13:20,1474
2020-02-18 13:25,1498
2020-02-18 13:30,1502
2020-02-18 13:35,1508
2020-02-18 13:40,1505
2020-02-18 13:45,1526
2020-02-18 13:50,1547
2020-02-18 13:55,1548
2020-02-18 14:00,1584
2020-02-18 14:05,1586
2020-02-18 14:10,1582
2020-02-18 14:15,1597
2020-02-18 14:20,1620
2020-02-18 14:25,1626
2020-02-18 14:30,1631
2020-02-18 14:35,1644
2020-02-18 14:40,1640
2020-02-18 14:45,1653
2020-02-18 14:50,1653
2020-02-18 14:55,1669
2020-02-18 15:00,1683
2020-02-18 15:05,1688
2020-02-18 15:10,1697
2020-02-18 15:15,1726
2020-02-18 15:20,1745
2020-02-18 15:25,1751
2020-02-18 15:30,1764
2020-02-18 15:35,1790
2020-02-18 15:40,1808
2020-02-18 15:45,1816
2020-02-18 15:50,1836
2020-02-18 15:55,1839
2020-02-18 16:00,1836
2020-02-18 16:05,1840
2020-02-18 16:10,1855
2020-02-18 16:15,1887
2020-02-18 16:20,1902
2020-02-18 16:25,1922
2020-02-18 16:30,1936
2020-02-18 16:35,1944
2020-02-18 16:40,1968
2020-02-18 16:45,1988
2020-02-18 16:50,1992
2020-02-18 16:55,2019
2020-02-18 17:00,2017
2020-02-18 17:05,2018
2020-02-18 17:10,2028
2020-02-18 17:15,2046
2020-02-18 17:20,2078
2020-02-18 17:25,2104
2020-02-18 17:30,2123
2020-02-18 17:35,2147
2020-02-18 17:40,2136
2020-02-18 17:45,2168
2020-02-18 17:50,2185
2020-02-18 17:55,2204
2020-02-18 18:00,2206
2020-02-18 18:05,2222
2020-02-18 18:10,2224
2020-02-18 18:15,2244
2020-02-18 18:20,2229
2020-02-18 18:25,2238
2020-02-18 18:30,2239
2020-02-18 18:35,2266
2020-02-18 18:40,2267
2020-02-18 18:45,2251
2020-02-18 18:50,2265
2020-02-18 18:55,2265
2020-02-18 19:00,2247
2020-02-18 19:05,2266
2020-02-18 19:10,2256
2020-02-18 19:15,0
2020-02-18 19:20,2233
2020-02-18 19:25,2225
2020-02-18 19:30,2210
2020-02-18 19:35,2201
2020-02-18 19:40,2199
2020-02-18 19:45,0
2020-02-18 19:50,2197
2020-02-18 19:55,2179
2020-02-18 20:00,2180
2020-02-18 20:05,2155
2020-02-18 20:10,2142
2020-02-18 20:15,2135
2020-02-18 20:20,2152
2020-02-18 20:25,2164
2020-02-18 20:30,0
2020-02-18 20:35,2112
2020-02-18 20:40,2104
2020-02-18 20:45,2097
2020-02-18 20:50,2073
2020-02-18 20:55,2080
2020-02-18 21:00,2071
2020-02-18 21:05,2011
2020-02-18 21:10,1985
2020-02-18 21:15,1962
2020-02-18 21:20,1960
2020-02-18 21:25,1929
2020-02-18 21:30,1908
2020-02-18 21:35,1886
2020-02-18 21:40,1884
2020-02-18 21:45,1878
2020-02-18 21:50,1867
2020-02-18 21:55,1858
2020-02-18 22:00,1847
2020-02-18 22:05,1829
2020-02-18 22:10,0
2020-02-18 22:15,1770
2020-02-18 22:20,1782
2020-02-18 22:25,1778
2020-02-18 22:30,1778
2020-02-18 22:35,1790
2020-02-18 22:40,1785
2020-02-18 22:45,1765
2020-02-18 22:50,1749
2020-02-18 22:55,1733
2020-02-18 23:00,1730
2020-02-18 23:05,1686
2020-02-18 23:10,1686
2020-02-18 23:15,0
2020-02-18 23:20,26
2020-02-18 23:25,56
2020-02-18 23:30,103
2020-02-18 23:35,200
2020-02-18 23:40,266
2020-02-18 23:45,355
2020-02-18 23:50,447
2020-02-18 23:55,0
2020-02-19 00:00,0
2020-02-19 00:05,500
2020-02-19 00:10,596
2020-02-19 00:15,786
2020-02-19 00:20,940
2020-02-19 00:25,1096
2020-02-19 00:30,1191
2020-02-19 00:35,1324
2020-02-19 00:40,1388
2020-02-19 00:45,1441
2020-02-19 00:50,941
2020-02-19 00:55,1401
2020-02-19 01:00,1425
2020-02-19 01:05,1434
2020-02-19 01:10,1417
2020-02-19 01:15,1428
2020-02-19 01:20,1442
2020-02-19 01:25,1454
2020-02-19 01:30,1441
2020-02-19 01:35,1448
2020-02-19 01:40,1446
2020-02-19 01:45,1427
2020-02-19 01:50,1435
2020-02-19 01:55,1448
2020-02-19 02:00,1433
2020-02-19 02:05,1431
2020-02-19 02:10,1438
2020-02-19 02:15,1453
2020-02-19 02:20,1459
2020-02-19 02:25,1455
2020-02-19 02:30,1440
2020-02-19 02:35,1422
2020-02-19 02:40,1404
2020-02-19 02:45,1398
2020-02-19 02:50,1385
2020-02-19 02:55,1370
2020-02-19 03:00,1352
2020-02-19 03:05,1342
2020-02-19 03:10,1324
2020-02-19 03:15,1301
2020-02-19 03:20,1282
2020-02-19 03:25,1270
2020-02-19 03:30,1251
2020-02-19 03:35,1245
2020-02-19 03:40,1255
2020-02-19 03:45,1251
2020-02-19 03:50,1256
2020-02-19 03:55,1237
2020-02-19 04:00,1213
2020-02-19 04:05,1193
2020-02-19 04:10,1182
2020-02-19 04:15,1176
2020-02-19 04:20,1152
2020-02-19 04:25,1132
2020-02-19 04:30,1132
2020-02-19 04:35,1105
2020-02-19 04:40,1094
2020-02-19 04:45,1086
2020-02-19 04:50,1074
2020-02-19 04:55,1056
2020-02-19 05:00,1046
2020-02-19 05:05,1033
2020-02-19 05:10,1045
2020-02-19 05:15,1032
2020-02-19 05:20,1018
2020-02-19 05:25,1007
2020-02-19 05:30,1013
2020-02-19 05:35,1016
2020-02-19 05:40,998
2020-02-19 05:45,996
2020-02-19 05:50,991
2020-02-19 05:55,961
2020-02-19 06:00,960
2020-02-19 06:05,971
2020-02-19 06:10,973
2020-02-19 06:15,965
2020-02-19 06:20,950
2020-02-19 06:25,942
2020-02-19 06:30,934
2020-02-19 06:35,919
2020-02-19 06:40,927
2020-02-19 06:45,913
2020-02-19 06:50,930
2020-02-19 06:55,911
2020-02-19 07:00,904
2020-02-19 07:05,905
2020-02-19 07:10,915
2020-02-19 07:15,920
2020-02-19 07:20,915
2020-02-19 07:25,927
2020-02-19 07:30,927
2020-02-19 07:35,943
2020-02-19 07:40,941
2020-02-19 07:45,943
2020-02-19 07:50,947
2020-02-19 07:55,949
2020-02-19 08:00,949
2020-02-19 08:05,962
2020-02-19 08:10,940
2020-02-19 08:15,937
2020-02-19 08:20,932
2020-02-19 08:25,921
2020-02-19 08:30,922
2020-02-19 08:35,924
2020-02-19 08:40,917
2020-02-19 08:45,935
2020-02-19 08:50,937
2020-02-19 08:55,951
2020-02-19 09:00,970
2020-02-19 09:05,984
2020-02-19 09:10,986
2020-02-19 09:15,986
2020-02-19 09:20,998
2020-02-19 09:25,1006
2020-02-19 09:30,1030
2020-02-19 09:35,1020
2020-02-19 09:40,1021
2020-02-19 09:45,1017
2020-02-19 09:50,1010
2020-02-19 09:55,1030
2020-02-19 10:00,1051
2020-02-19 10:05,1065
2020-02-19 10:10,1087
2020-02-19 10:15,1107
2020-02-19 10:20,1107
2020-02-19 10:25,1123
2020-02-19 10:30,1106
2020-02-19 10:35,1119
2020-02-19 10:40,1134
2020-02-19 10:45,1145
2020-02-19 10:50,1147
2020-02-19 10:55,1154
2020-02-19 11:00,1156
2020-02-19 11:05,1168
2020-02-19 11:10,1174
2020-02-19 11:15,1167
2020-02-19 11:20,1178
2020-02-19 11:25,1193
2020-02-19 11:30,1201
2020-02-19 11:35,1217
2020-02-19 11:40,1225
2020-02-19 11:45,1239
2020-02-19 11:50,1247
2020-02-19 11:55,1253
2020-02-19 12:00,1254
2020-02-19 12:05,1278
2020-02-19 12:10,1283
2020-02-19 12:15,1299
2020-02-19 12:20,1316
2020-02-19 12:25,1317
2020-02-19 12:30,1315
2020-02-19 12:35,1317
2020-02-19 12:40,1317
2020-02-19 12:45,1336
2020-02-19 12:50,1348
2020-02-19 12:55,1333
2020-02-19 13:00,1334
2020-02-19 13:05,1327
2020-02-19 13:10,1335
2020-02-19 13:15,1335
2020-02-19 13:20,1373
2020-02-19 13:25,1382
2020-02-19 13:30,1384
2020-02-19 13:35,1396
2020-02-19 13:40,1394
2020-02-19 13:45,1399
2020-02-19 13:50,1398
2020-02-19 13:55,1420
2020-02-19 14:00,1419
2020-02-19 14:05,1430
2020-02-19 14:10,1439
2020-02-19 14:15,
2020-02-19 14:20,1469
2020-02-19 14:25,1479
2020-02-19 14:30,1488
2020-02-19 14:35,1505
2020-02-19 14:40,1540
2020-02-19 14:45,1581
2020-02-19 14:50,1608
2020-02-19 14:55,1610
2020-02-19 15:00,1616
2020-02-19 15:05,1634
2020-02-19 15:10,1635
2020-02-19 15:15,1653
2020-02-19 15:20,1683
2020-02-19 15:25,1700
2020-02-19 15:30,1725
2020-02-19 15:35,1739
2020-02-19 15:40,1768
2020-02-19 15:45,1800
2020-02-19 15:50,1800
2020-02-19 15:55,1828
2020-02-19 16:00,1837
2020-02-19 16:05,1817
2020-02-19 16:10,1833
2020-02-19 16:15,1822
2020-02-19 16:20,1845
2020-02-19 16:25,1844
2020-02-19 16:30,1863
2020-02-19 16:35,1902
2020-02-19 16:40,1909
2020-02-19 16:45,1931
2020-02-19 16:50,1932
2020-02-19 16:55,1940
2020-02-19 17:00,1956
2020-02-19 17:05,1982
2020-02-19 17:10,1986
2020-02-19 17:15,2009
2020-02-19 17:20,2021
2020-02-19 17:25,2045
2020-02-19 17:30,2040
2020-02-19 17:35,2063
2020-02-19 17:40,2091
2020-02-19 17:45,2128
2020-02-19 17:50,2159
2020-02-19 17:55,2156
2020-02-19 18:00,2135
2020-02-19 18:05,2102
2020-02-19 18:10,2100
2020-02-19 18:15,2123
2020-02-19 18:20,2130
2020-02-19 18:25,2135
2020-02-19 18:30,2128
2020-02-19 18:35,2117
2020-02-19 18:40,2119
2020-02-19 18:45,2127
2020-02-19 18:50,2149
2020-02-19 18:55,2139
2020-02-19 19:00,2150
2020-02-19 19:05,2178
2020-02-19 19:10,2170
2020-02-19 19:15,2187
2020-02-19 19:20,2215
2020-02-19 19:25,2233
2020-02-19 19:30,2205
2020-02-19 19:35,2193
2020-02-19 19:40,2222
2020-02-19 19:45,2229
2020-02-19 19:50,2219
2020-02-19 19:55,2244
2020-02-19 20:00,2236
2020-02-19 20:05,2214
2020-02-19 20:10,2193
2020-02-19 20:15,2196
2020-02-19 20:20,2179
2020-02-19 20:25,2184
2020-02-19 20:30,2179
2020-02-19 20:35,2149
2020-02-19 20:40,2132
2020-02-19 20:45,2136
2020-02-19 20:50,2116
2020-02-19 20:55,2128
2020-02-19 21:00,2115
2020-02-19 21:05,2098
2020-02-19 21:10,2095
2020-02-19 21:15,2073
2020-02-19 21:20,2055
2020-02-19 21:25,2042
2020-02-19 21:30,2028
2020-02-19 21:35,2023
2020-02-19 21:40,2008
2020-02-19 21:45,1996
2020-02-19 21:50,1990
2020-02-19 21:55,1974
2020-02-19 22:00,1942
2020-02-19 22:05,1931
2020-02-19 22:10,1902
2020-02-19 22:15,1895
2020-02-19 22:20,1874
2020-02-19 22:25,1865
2020-02-19 22:30,1850
2020-02-19 22:35,1826
2020-02-19 22:40,1794
2020-02-19 22:45,1779
2020-02-19 22:50,1745
2020-02-19 22:55,1737
2020-02-19 23:00,1711
2020-02-19 23:05,1695
2020-02-19 23:10,1677
2020-02-19 23:15,1680
2020-02-19 23:20,1664
2020-02-19 23:25,1648
2020-02-19 23:30,1614
2020-02-19 23:35,1627
2020-02-19 23:40,1632
2020-02-19 23:45,1617
2020-02-19 23:50,1590
2020-02-19 23:55,1588
2020-02-20 00:00,1599
2020-02-20 00:05,1565
2020-02-20 00:10,1550
2020-02-20 00:15,1531
2020-02-20 00:20,1529
2020-02-20 00:25,1515
2020-02-20 00:30,1484
2020-02-20 00:35,1482
2020-02-20 00:40,1468
2020-02-20 00:45,1467
2020-02-20 00:50,1460
2020-02-20 00:55,1449
2020-02-20 01:00,1470
2020-02-20 01:05,1454
2020-02-20 01:10,1456
2020-02-20 01:15,1454
2020-02-20 01:20,1466
2020-02-20 01:25,1443
2020-02-20 01:30,1450
2020-02-20 01:35,1441
2020-02-20 01:40,1430
2020-02-20 01:45,1416
2020-02-20 01:50,1420
2020-02-20 01:55,1401
2020-02-20 02:00,1393
2020-02-20 02:05,1368
2020-02-20 02:10,1370
2020-02-20 02:15,1378
2020-02-20 02:20,1384
2020-02-20 02:25,1353
2020-02-20 02:30,1371
2020-02-20 02:35,1358
2020-02-20 02:40,1349
2020-02-20 02:45,1344
2020-02-20 02:50,1320
2020-02-20 02:55,1322
2020-02-20 03:00,1299
2020-02-20 03:05,1285
2020-02-20 03:10,1276
2020-02-20 03:15,1243
2020-02-20 03:20,1225
2020-02-20 03:25,1208
2020-02-20 03:30,1204
2020-02-20 03:35,1189
2020-02-20 03:40,1198
2020-02-20 03:45,1183
2020-02-20 03:50,1182
2020-02-20 03:55,1169
2020-02-20 04:00,1144
2020-02-20 04:05,1131
2020-02-20 04:10,1130
2020-02-20 04:15,1120
2020-02-20 04:20,1099
2020-02-20 04:25,1094
2020-02-20 04:30,1092
2020-02-20 04:35,1068
2020-02-20 04:40,1057
2020-02-20 04:45,1056
2020-02-20 04:50,1060
2020-02-20 04:55,1064
2020-02-20 05:00,1042
2020-02-20 05:05,1035
2020-02-20 05:10,1025
2020-02-20 05:15,1030
2020-02-20 05:20,1024
2020-02-20 05:25,1020
2020-02-20 05:30,1016
2020-02-20 05:35,1013
2020-02-20 05:40,1011
2020-02-20 05:45,993
2020-02-20 05:50,986
2020-02-20 05:55,995
2020-02-20 06:00,990
2020-02-20 06:05,982
2020-02-20 06:10,988
2020-02-20 06:15,1000
2020-02-20 06:20,994
2020-02-20 06:25,974
2020-02-20 06:30,976
2020-02-20 06:35,971
2020-02-20 06:40,979
2020-02-20 06:45,982
2020-02-20 06:50,986
2020-02-20 06:55,971
2020-02-20 07:00,959
2020-02-20 07:05,949
2020-02-20 07:10,936
2020-02-20 07:15,943
2020-02-20 07:20,939
2020-02-20 07:25,934
2020-02-20 07:30,927
2020-02-20 07:35,930
2020-02-20 07:40,938
2020-02-20 07:45,924
2020-02-20 07:50,928
2020-02-20 07:55,922
2020-02-20 08:00,928
2020-02-20 08:05,914
2020-02-20 08:10,914
2020-02-20 08:15,914
2020-02-20 08:20,910
2020-02-20 08:25,909
2020-02-20 08:30,915
2020-02-20 08:35,916
2020-02-20 08:40,924
2020-02-20 08:45,927
2020-02-20 08:50,946
2020-02-20 08:55,944
2020-02-20 09:00,947
2020-02-20 09:05,963
2020-02-20 09:10,951
2020-02-20 09:15,942
2020-02-20 09:20,949
2020-02-20 09:25,952
2020-02-20 09:30,956
2020-02-20 09:35,981
2020-02-20 09:40,983
2020-02-20 09:45,977
2020-02-20 09:50,987
2020-02-20 09:55,1014
2020-02-20 10:00,1025
2020-02-20 10:05,1035
2020-02-20 10:10,1078
2020-02-20 10:15,1077
2020-02-20 10:20,1085
2020-02-20 10:25,1107
2020-02-20 10:30,1119
2020-02-20 10:35,1148
2020-02-20 10:40,1142
2020-02-20 10:45,1154
2020-02-20 10:50,1153
2020-02-20 10:55,1168
2020-02-20 11:00,1187
2020-02-20 11:05,1191
2020-02-20 11:10,1213
2020-02-20 11:15,1211
2020-02-20 11:20,1207
2020-02-20 11:25,1201
2020-02-20 11:30,1205
2020-02-20 11:35,1218
2020-02-20 11:40,1220
2020-02-20 11:45,1237
2020-02-20 11:50,1259
2020-02-20 11:55,1262
2020-02-20 12:00,1261
2020-02-20 12:05,1272
2020-02-20 12:10,1269
2020-02-20 12:15,1265
2020-02-20 12:20,1289
2020-02-20 12:25,1283
2020-02-20 12:30,1286
2020-02-20 12:35,1300
2020-02-20 12:40,1304
2020-02-20 12:45,1326
2020-02-20 12:50,1329
2020-02-20 12:55,1350
2020-02-20 13:00,1355
2020-02-20 13:05,1354
2020-02-20 13:10,1379
2020-02-20 13:15,1380
2020-02-20 13:20,1383
2020-02-20 13:25,1388
2020-02-20 13:30,1403
2020-02-20 13:35,1394
2020-02-20 13:40,1383
2020-02-20 13:45,1406
2020-02-20 13:50,1443
2020-02-20 13:55,1467
2020-02-20 14:00,1477
2020-02-20 14:05,1480
2020-02-20 14:10,1505
2020-02-20 14:15,1495
2020-02-20 14:20,1502
2020-02-20 14:25,1528
2020-02-20 14:30,1519
2020-02-20 14:35,1514
2020-02-20 14:40,1513
2020-02-20 14:45,1496
2020-02-20 14:50,1468
2020-02-20 14:55,1414
2020-02-20 15:00,1352
2020-02-20 15:05,1174
2020-02-20 15:10,850
2020-02-20 15:15,829
2020-02-20 15:20,834
2020-02-20 15:25,837
2020-02-20 15:30,837
2020-02-20 15:35,851
2020-02-20 15:40,848
2020-02-20 15:45,863
2020-02-20 15:50,881
2020-02-20 15:55,890
2020-02-20 16:00,867
2020-02-20 16:05,889
2020-02-20 16:10,899
2020-02-20 16:15,921
2020-02-20 16:20,934
2020-02-20 16:25,980
2020-02-20 16:30,1086
2020-02-20 16:35,1185
2020-02-20 16:40,1252
2020-02-20 16:45,1351
2020-02-20 16:50,1421
2020-02-20 16:55,1476
2020-02-20 17:00,1564
2020-02-20 17:05,1655
2020-02-20 17:10,1712
2020-02-20 17:15,1781
2020-02-20 17:20,1829
2020-02-20 17:25,1863
2020-02-20 17:30,1916
2020-02-20 17:35,1982
2020-02-20 17:40,2028
2020-02-20 17:45,2058
2020-02-20 17:50,2088
2020-02-20 17:55,2099
2020-02-20 18:00,2107
2020-02-20 18:05,2103
2020-02-20 18:10,2107
2020-02-20 18:15,2123
2020-02-20 18:20,2136
2020-02-20 18:25,2157
2020-02-20 18:30,2187
2020-02-20 18:35,2181
2020-02-20 18:40,2204
2020-02-20 18:45,2213
2020-02-20 18:50,2237
2020-02-20 18:55,2229
2020-02-20 19:00,2200
2020-02-20 19:05,2174
2020-02-20 19:10,2140
2020-02-20 19:15,2133
2020-02-20 19:20,2143
2020-02-20 19:25,2154
2020-02-20 19:30,2170
2020-02-20 19:35,2179
2020-02-20 19:40,2164
2020-02-20 19:45,2185
2020-02-20 19:50,2176
2020-02-20 19:55,2163
2020-02-20 20:00,2182
2020-02-20 20:05,2177
2020-02-20 20:10,2182
2020-02-20 20:15,2165
2020-02-20 20:20,2151
2020-02-20 20:25,2163
2020-02-20 20:30,2157
2020-02-20 20:35,2141
2020-02-20 20:40,2128
2020-02-20 20:45,2133
2020-02-20 20:50,2131
2020-02-20 20:55,2124
2020-02-20 21:00,2104
2020-02-20 21:05,2084
2020-02-20 21:10,2072
2020-02-20 21:15,2060
2020-02-20 21:20,2068
2020-02-20 21:25,2035
2020-02-20 21:30,2035
2020-02-20 21:35,2010
2020-02-20 21:40,2013
2020-02-20 21:45,2014
2020-02-20 21:50,2002
2020-02-20 21:55,1989
2020-02-20 22:00,1969
2020-02-20 22:05,1953
2020-02-20 22:10,1926
2020-02-20 22:15,1922
2020-02-20 22:20,1887
2020-02-20 22:25,1874
2020-02-20 22:30,1857
2020-02-20 22:35,1835
2020-02-20 22:40,1833
2020-02-20 22:45,1796
2020-02-20 22:50,1805
2020-02-20 22:55,1779
2020-02-20 23:00,1775
2020-02-20 23:05,1748
2020-02-20 23:10,1731
2020-02-20 23:15,1689
2020-02-20 23:20,1689
2020-02-20 23:25,1694
2020-02-20 23:30,1691
2020-02-20 23:35,1666
2020-02-20 23:40,1643
2020-02-20 23:45,1632
2020-02-20 23:50,1637
2020-02-20 23:55,1621
2020-02-21 00:00,1606
2020-02-21 00:05,1593
2020-02-21 00:10,1608
2020-02-21 00:15,1587
2020-02-21 00:20,1568
2020-02-21 00:25,1579
2020-02-21 00:30,1575
2020-02-21 00:35,1560
2020-02-21 00:40,1523
2020-02-21 00:45,1509
2020-02-21 00:50,1497
2020-02-21 00:55,1489
2020-02-21 01:00,1478
2020-02-21 01:05,1451
2020-02-21 01:10,1411
2020-02-21 01:15,1403
2020-02-21 01:20,1408
2020-02-21 01:25,1399
2020-02-21 01:30,1396
2020-02-21 01:35,1419
2020-02-21 01:40,1397
2020-02-21 01:45,1389
2020-02-21 01:50,1402
2020-02-21 01:55,1419
2020-02-21 02:00,1407
2020-02-21 02:05,1408
2020-02-21 02:10,1386
2020-02-21 02:15,1396
2020-02-21 02:20,1389
2020-02-21 02:25,1391
2020-02-21 02:30,1375
2020-02-21 02:35,1351
2020-02-21 02:40,1349
2020-02-21 02:45,1343
2020-02-21 02:50,1337
2020-02-21 02:55,1324
2020-02-21 03:00,1337
2020-02-21 03:05,1343
2020-02-21 03:10,1324
2020-02-21 03:15,1330
2020-02-21 03:20,1337
2020-02-21 03:25,1333
2020-02-21 03:30,1336
2020-02-21 03:35,1331
2020-02-21 03:40,1317
2020-02-21 03:45,1313
2020-02-21 03:50,1308
2020-02-21 03:55,1283
2020-02-21 04:00,1264
2020-02-21 04:05,1237
2020-02-21 04:10,1225
2020-02-21 04:15,1208
2020-02-21 04:20,1195
2020-02-21 04:25,1208
2020-02-21 04:30,1180
2020-02-21 04:35,1170
2020-02-21 04:40,1165
2020-02-21 04:45,1141
2020-02-21 04:50,1148
2020-02-21 04:55,1149
2020-02-21 05:00,1134
2020-02-21 05:05,1118
2020-02-21 05:10,1115
2020-02-21 05:15,1103
2020-02-21 05:20,1096
2020-02-21 05:25,1087
2020-02-21 05:30,1089
2020-02-21 05:35,1072
2020-02-21 05:40,1068
2020-02-21 05:45,1057
2020-02-21 05:50,1051
2020-02-21 05:55,1043
2020-02-21 06:00,1021
2020-02-21 06:05,1016
2020-02-21 06:10,985
2020-02-21 06:15,980
2020-02-21 06:20,966
2020-02-21 06:25,959
2020-02-21 06:30,958
2020-02-21 06:35,955
2020-02-21 06:40,946
2020-02-21 06:45,954
2020-02-21 06:50,965
2020-02-21 06:55,946
2020-02-21 07:00,945
2020-02-21 07:05,945
2020-02-21 07:10,945
2020-02-21 07:15,976
2020-02-21 07:20,955
2020-02-21 07:25,958
2020-02-21 07:30,955
2020-02-21 07:35,960
2020-02-21 07:40,967
2020-02-21 07:45,954
2020-02-21 07:50,965
2020-02-21 07:55,965
2020-02-21 08:00,952
2020-02-21 08:05,962
2020-02-21 08:10,964
2020-02-21 08:15,964
2020-02-21 08:20,971
2020-02-21 08:25,976
2020-02-21 08:30,988
2020-02-21 08:35,989
2020-02-21 08:40,989
2020-02-21 08:45,1000
2020-02-21 08:50,998
2020-02-21 08:55,1028
2020-02-21 09:00,1019
2020-02-21 09:05,1033
2020-02-21 09:10,1036
2020-02-21 09:15,1036
2020-02-21 09:20,1039
2020-02-21 09:25,1050
2020-02-21 09:30,1069
2020-02-21 09:35,1084
2020-02-21 09:40,1099
2020-02-21 09:45,1100
2020-02-21 09:50,1113
2020-02-21 09:55,1122
2020-02-21 10:00,1129
2020-02-21 10:05,1139
2020-02-21 10:10,1150
2020-02-21 10:15,1155
2020-02-21 10:20,1169
2020-02-21 10:25,1174
2020-02-21 10:30,1204
2020-02-21 10:35,1216
2020-02-21 10:40,1234
2020-02-21 10:45,1266
2020-02-21 10:50,1264
2020-02-21 10:55,1287
2020-02-21 11:00,1269
2020-02-21 11:05,1294
2020-02-21 11:10,1306
2020-02-21 11:15,1295
2020-02-21 11:20,1295
2020-02-21 11:25,1331
2020-02-21 11:30,1337
2020-02-21 11:35,1339
2020-02-21 11:40,1340
2020-02-21 11:45,1347
2020-02-21 11:50,1363
2020-02-21 11:55,1376
2020-02-21 12:00,1400
2020-02-21 12:05,1409
2020-02-21 12:10,1429
2020-02-21 12:15,1431
2020-02-21 12:20,1437
2020-02-21 12:25,1432
2020-02-21 12:30,1453
2020-02-21 12:35,1444
2020-02-21 12:40,1462
2020-02-21 12:45,1458
2020-02-21 12:50,1491
2020-02-21 12:55,1487
2020-02-21 13:00,1466
2020-02-21 13:05,1474
2020-02-21 13:10,1477
2020-02-21 13:15,1482
2020-02-21 13:20,1492
2020-02-21 13:25,1498
2020-02-21 13:30,1508
2020-02-21 13:35,1506
2020-02-21 13:40,1534
2020-02-21 13:45,1536
2020-02-21 13:50,1555
2020-02-21 13:55,1557
2020-02-21 14:00,1587
2020-02-21 14:05,1595
2020-02-21 14:10,1601
2020-02-21 14:15,1611
2020-02-21 14:20,1632
2020-02-21 14:25,1658
2020-02-21 14:30,1689
2020-02-21 14:35,1694
2020-02-21 14:40,1700
2020-02-21 14:45,1705
2020-02-21 14:50,1704
2020-02-21 14:55,1724
2020-02-21 15:00,1756
2020-02-21 15:05,1754
2020-02-21 15:10,1755
2020-02-21 15:15,1760
2020-02-21 15:20,1778
2020-02-21 15:25,1801
2020-02-21 15:30,1803
2020-02-21 15:35,1813
2020-02-21 15:40,1832
2020-02-21 15:45,1843
2020-02-21 15:50,1841
2020-02-21 15:55,1854
2020-02-21 16:00,1855
2020-02-21 16:05,1839
2020-02-21 16:10,1865
2020-02-21 16:15,1889
2020-02-21 16:20,1907
2020-02-21 16:25,1922
2020-02-21 16:30,1940
2020-02-21 16:35,1928
2020-02-21 16:40,1949
2020-02-21 16:45,1980
2020-02-21 16:50,2008
2020-02-21 16:55,2000
2020-02-21 17:00,2023
2020-02-21 17:05,2031
2020-02-21 17:10,2041
2020-02-21 17:15,2057
2020-02-21 17:20,2058
2020-02-21 17:25,2080
2020-02-21 17:30,2115
2020-02-21 17:35,2108
2020-02-21 17:40,2123
2020-02-21 17:45,2120
2020-02-21 17:50,2138
2020-02-21 17:55,2138
2020-02-21 18:00,2137
2020-02-21 18:05,2128
2020-02-21 18:10,2117
2020-02-21 18:15,2129
2020-02-21 18:20,2156
2020-02-21 18:25,2169
2020-02-21 18:30,2154
2020-02-21 18:35,2163
2020-02-21 18:40,2146
2020-02-21 18:45,2144
2020-02-21 18:50,2138
2020-02-21 18:55,2149
2020-02-21 19:00,2166
2020-02-21 19:05,2148
2020-02-21 19:10,2156
2020-02-21 19:15,2167
2020-02-21 19:20,2204
2020-02-21 19:25,2189
2020-02-21 19:30,2181
2020-02-21 19:35,2187
2020-02-21 19:40,2192
2020-02-21 19:45,2197
2020-02-21 19:50,2169
2020-02-21 19:55,2148
2020-02-21 20:00,2169
2020-02-21 20:05,2184
2020-02-21 20:10,2206
2020-02-21 20:15,2185
2020-02-21 20:20,2180
2020-02-21 20:25,2198
2020-02-21 20:30,2194
2020-02-21 20:35,2180
2020-02-21 20:40,2184
2020-02-21 20:45,2200
2020-02-21 20:50,2213
2020-02-21 20:55,2190
2020-02-21 21:00,2183
2020-02-21 21:05,2168
2020-02-21 21:10,2175
2020-02-21 21:15,2185
2020-02-21 21:20,2192
2020-02-21 21:25,2201
2020-02-21 21:30,2190
2020-02-21 21:35,2162
2020-02-21 21:40,2151
2020-02-21 21:45,2147
2020-02-21 21:50,2146
2020-02-21 21:55,2143
2020-02-21 22:00,2114
2020-02-21 22:05,2078
2020-02-21 22:10,2063
2020-02-21 22:15,2036
2020-02-21 22:20,2032
2020-02-21 22:25,2024
2020-02-21 22:30,2023
2020-02-21 22:35,2013
2020-02-21 22:40,1996
2020-02-21 22:45,1996
2020-02-21 22:50,1994
2020-02-21 22:55,1974
2020-02-21 23:00,1965
2020-02-21 23:05,1933
2020-02-21 23:10,1925
2020-02-21 23:15,1930
2020-02-21 23:20,1901
2020-02-21 23:25,1884
2020-02-21 23:30,1853
2020-02-21 23:35,1850
2020-02-21 23:40,1842
2020-02-21 23:45,1803
2020-02-21 23:50,1799
2020-02-21 23:55,1781
2020-02-22 00:00,1787
2020-02-22 00:05,1788
2020-02-22 00:10,1761
2020-02-22 00:15,1742
2020-02-22 00:20,1738
2020-02-22 00:25,1715
2020-02-22 00:30,1721
2020-02-22 00:35,1721
2020-02-22 00:40,1710
2020-02-22 00:45,1689
2020-02-22 00:50,1689
2020-02-22 00:55,1659
2020-02-22 01:00,1622
2020-02-22 01:05,1592
2020-02-22 01:10,1583
2020-02-22 01:15,1569
2020-02-22 01:20,1562
2020-02-22 01:25,1562
2020-02-22 01:30,1570
2020-02-22 01:35,1561
2020-02-22 01:40,1527
2020-02-22 01:45,1527
2020-02-22 01:50,1505
2020-02-22 01:55,1508
2020-02-22 02:00,1513
2020-02-22 02:05,1503
2020-02-22 02:10,1485
2020-02-22 02:15,1481
2020-02-22 02:20,1456
2020-02-22 02:25,1461
2020-02-22 02:30,1473
2020-02-22 02:35,1466
2020-02-22 02:40,1476
2020-02-22 02:45,1450
2020-02-22 02:50,1445
2020-02-22 02:55,1446
2020-02-22 03:00,1439
2020-02-22 03:05,1429
2020-02-22 03:10,1426
2020-02-22 03:15,1406
2020-02-22 03:20,1411
2020-02-22 03:25,1398
2020-02-22 03:30,1398
2020-02-22 03:35,1399
2020-02-22 03:40,1393
2020-02-22 03:45,1378
2020-02-22 03:50,1350
2020-02-22 03:55,1357
2020-02-22 04:00,1340
2020-02-22 04:05,1321
2020-02-22 04:10,1318
2020-02-22 04:15,1313
2020-02-22 04:20,1303
2020-02-22 04:25,1289
2020-02-22 04:30,1271
2020-02-22 04:35,1279
2020-02-22 04:40,1261
2020-02-22 04:45,1250
2020-02-22 04:50,1243
2020-02-22 04:55,1244
2020-02-22 05:00,1245
2020-02-22 05:05,1234
2020-02-22 05:10,1218
2020-02-22 05:15,1217
2020-02-22 05:20,1211
2020-02-22 05:25,1221
2020-02-22 05:30,1236
2020-02-22 05:35,1234
2020-02-22 05:40,1227
2020-02-22 05:45,1218
2020-02-22 05:50,1200
2020-02-22 05:55,1189
2020-02-22 06:00,1170
2020-02-22 06:05,1168
2020-02-22 06:10,1162
2020-02-22 06:15,1170
2020-02-22 06:20,1174
2020-02-22 06:25,1170
2020-02-22 06:30,1175
2020-02-22 06:35,1174
2020-02-22 06:40,1183
2020-02-22 06:45,1187
2020-02-22 06:50,1183
2020-02-22 06:55,1189
2020-02-22 07:00,1171
2020-02-22 07:05,1161
2020-02-22 07:10,1177
2020-02-22 07:15,1189
2020-02-22 07:20,1198
2020-02-22 07:25,1196
2020-02-22 07:30,1210
2020-02-22 07:35,1204
2020-02-22 07:40,1211
2020-02-22 07:45,1208
2020-02-22 07:50,1212
2020-02-22 07:55,1229
2020-02-22 08:00,1241
2020-02-22 08:05,1249
2020-02-22 08:10,1252
2020-02-22 08:15,1260
2020-02-22 08:20,1269
2020-02-22 08:25,1267
2020-02-22 08:30,1265
2020-02-22 08:35,1264
2020-02-22 08:40,1268
2020-02-22 08:45,1279
2020-02-22 08:50,1294
2020-02-22 08:55,1295
2020-02-22 09:00,1314
2020-02-22 09:05,1316
2020-02-22 09:10,1325
2020-02-22 09:15,1334
2020-02-22 09:20,1340
2020-02-22 09:25,1325
2020-02-22 09:30,1347
2020-02-22 09:35,1345
2020-02-22 09:40,1359
2020-02-22 09:45,1390
2020-02-22 09:50,1425
2020-02-22 09:55,1447
2020-02-22 10:00,1454
2020-02-22 10:05,1490
2020-02-22 10:10,1524
2020-02-22 10:15,1566
2020-02-22 10:20,1580
2020-02-22 10:25,1603
2020-02-22 10:30,1596
2020-02-22 10:35,1587
2020-02-22 10:40,1608
2020-02-22 10:45,1629
2020-02-22 10:50,1654
2020-02-22 10:55,1646
2020-02-22 11:00,1651
2020-02-22 11:05,1653
2020-02-22 11:10,1661
2020-02-22 11:15,1686
2020-02-22 11:20,1695
2020-02-22 11:25,1699
2020-02-22 11:30,1711
2020-02-22 11:35,1720
2020-02-22 11:40,1732
2020-02-22 11:45,1749
2020-02-22 11:50,1755
2020-02-22 11:55,1745
2020-02-22 12:00,1766
2020-02-22 12:05,1766
2020-02-22 12:10,1757
2020-02-22 12:15,1775
2020-02-22 12:20,1785
2020-02-22 12:25,1803
2020-02-22 12:30,1813
2020-02-22 12:35,1829
2020-02-22 12:40,1840
2020-02-22 12:45,1863
2020-02-22 12:50,1879
2020-02-22 12:55,1885
2020-02-22 13:00,1914
2020-02-22 13:05,1927
2020-02-22 13:10,1935
2020-02-22 13:15,1959
2020-02-22 13:20,1959
2020-02-22 13:25,1981
2020-02-22 13:30,2009
2020-02-22 13:35,2021
2020-02-22 13:40,2034
2020-02-22 13:45,2048
2020-02-22 13:50,2062
2020-02-22 13:55,2081
2020-02-22 14:00,2092
2020-02-22 14:05,2099
2020-02-22 14:10,2090
2020-02-22 14:15,2116
2020-02-22 14:20,2128
2020-02-22 14:25,2131
2020-02-22 14:30,2133
2020-02-22 14:35,2157
2020-02-22 14:40,2165
2020-02-22 14:45,2172
2020-02-22 14:50,2173
2020-02-22 14:55,2170
2020-02-22 15:00,2193
2020-02-22 15:05,2211
2020-02-22 15:10,2237
2020-02-22 15:15,2238
2020-02-22 15:20,2214
2020-02-22 15:25,2216
2020-02-22 15:30,2219
2020-02-22 15:35,2209
2020-02-22 15:40,2219
2020-02-22 15:45,2238
2020-02-22 15:50,2253
2020-02-22 15:55,2286
2020-02-22 16:00,2285
2020-02-22 16:05,2280
2020-02-22 16:10,2275
2020-02-22 16:15,2280
2020-02-22 16:20,2285
2020-02-22 16:25,2287
2020-02-22 16:30,2302
2020-02-22 16:35,2323
2020-02-22 16:40,2307
2020-02-22 16:45,2309
2020-02-22 16:50,2334
2020-02-22 16:55,2354
2020-02-22 17:00,2384
2020-02-22 17:05,2391
2020-02-22 17:10,2372
2020-02-22 17:15,2382
2020-02-22 17:20,2395
2020-02-22 17:25,2409
2020-02-22 17:30,2413
2020-02-22 17:35,2424
2020-02-22 17:40,2432
2020-02-22 17:45,2444
2020-02-22 17:50,2422
2020-02-22 17:55,2444
2020-02-22 18:00,2447
2020-02-22 18:05,2451
2020-02-22 18:10,2431
2020-02-22 18:15,2424
2020-02-22 18:20,2407
2020-02-22 18:25,2441
2020-02-22 18:30,2452
2020-02-22 18:35,2434
2020-02-22 18:40,2459
2020-02-22 18:45,2428
2020-02-22 18:50,2442
2020-02-22 18:55,2458
2020-02-22 19:00,2467
2020-02-22 19:05,2470
2020-02-22 19:10,2477
2020-02-22 19:15,2500
2020-02-22 19:20,2470
2020-02-22 19:25,2465
2020-02-22 19:30,2480
2020-02-22 19:35,2483
2020-02-22 19:40,2509
2020-02-22 19:45,2506
2020-02-22 19:50,2498
2020-02-22 19:55,2500
2020-02-22 20:00,2483
2020-02-22 20:05,2481
2020-02-22 20:10,2487
2020-02-22 20:15,2497
2020-02-22 20:20,2498
2020-02-22 20:25,2485
2020-02-22 20:30,2472
2020-02-22 20:35,2466
2020-02-22 20:40,2445
2020-02-22 20:45,2438
2020-02-22 20:50,2444
2020-02-22 20:55,2439
2020-02-22 21:00,2448
2020-02-22 21:05,2423
2020-02-22 21:10,2414
2020-02-22 21:15,2403
2020-02-22 21:20,2396
2020-02-22 21:25,2411
2020-02-22 21:30,2403
2020-02-22 21:35,2386
2020-02-22 21:40,2369
2020-02-22 21:45,2366
2020-02-22 21:50,2363
2020-02-22 21:55,2338
2020-02-22 22:00,2305
2020-02-22 22:05,2294
2020-02-22 22:10,2287
2020-02-22 22:15,2262
2020-02-22 22:20,2229
2020-02-22 22:25,2217
2020-02-22 22:30,2191
2020-02-22 22:35,2169
2020-02-22 22:40,2146
2020-02-22 22:45,2119
2020-02-22 22:50,2117
2020-02-22 22:55,2098
2020-02-22 23:00,2086
2020-02-22 23:05,1895
2020-02-22 23:10,2014
2020-02-22 23:15,1992
2020-02-22 23:20,1993
2020-02-22 23:25,1988
2020-02-22 23:30,1951
2020-02-22 23:35,1941
2020-02-22 23:40,1922
2020-02-22 23:45,1896
2020-02-22 23:50,1896
2020-02-22 23:55,1861
2020-02-23 00:00,1848
2020-02-23 00:05,1825
2020-02-23 00:10,1789
2020-02-23 00:15,1772
2020-02-23 00:20,1756
2020-02-23 00:25,1743
2020-02-23 00:30,1724
2020-02-23 00:35,1691
2020-02-23 00:40,1689
2020-02-23 00:45,1685
2020-02-23 00:50,1676
2020-02-23 00:55,1672
2020-02-23 01:00,1661
2020-02-23 01:05,1654
2020-02-23 01:10,1642
2020-02-23 01:15,1629
2020-02-23 01:20,1629
2020-02-23 01:25,1603
2020-02-23 01:30,1621
2020-02-23 01:35,1628
2020-02-23 01:40,1614
2020-02-23 01:45,1610
2020-02-23 01:50,1604
2020-02-23 01:55,1610
2020-02-23 02:00,1585
2020-02-23 02:05,1580
2020-02-23 02:10,1590
2020-02-23 02:15,1577
2020-02-23 02:20,1579
2020-02-23 02:25,1584
2020-02-23 02:30,1553
2020-02-23 02:35,1535
2020-02-23 02:40,1533
2020-02-23 02:45,1525
2020-02-23 02:50,1516
2020-02-23 02:55,1517
2020-02-23 03:00,1513
2020-02-23 03:05,1504
2020-02-23 03:10,1505
2020-02-23 03:15,1502
2020-02-23 03:20,1475
2020-02-23 03:25,1482
2020-02-23 03:30,1462
2020-02-23 03:35,1443
2020-02-23 03:40,1438
2020-02-23 03:45,1429
2020-02-23 03:50,1406
2020-02-23 03:55,1412
2020-02-23 04:00,1408
2020-02-23 04:05,1408
2020-02-23 04:10,1399
2020-02-23 04:15,1392
2020-02-23 04:20,1366
2020-02-23 04:25,1357
2020-02-23 04:30,1347
2020-02-23 04:35,1352
2020-02-23 04:40,1346
2020-02-23 04:45,1342
2020-02-23 04:50,1340
2020-02-23 04:55,1322
2020-02-23 05:00,1319
2020-02-23 05:05,1288
2020-02-23 05:10,1307
2020-02-23 05:15,1287
2020-02-23 05:20,1287
2020-02-23 05:25,1274
2020-02-23 05:30,1253
2020-02-23 05:35,1237
2020-02-23 05:40,1234
2020-02-23 05:45,1219
2020-02-23 05:50,1228
2020-02-23 05:55,1230
2020-02-23 06:00,1202
2020-02-23 06:05,1205
2020-02-23 06:10,1209
2020-02-23 06:15,1207
2020-02-23 06:20,1203
2020-02-23 06:25,1206
2020-02-23 06:30,1182
2020-02-23 06:35,1171
2020-02-23 06:40,1178
2020-02-23 06:45,1181
2020-02-23 06:50,1202
2020-02-23 06:55,1203
2020-02-23 07:00,1192
2020-02-23 07:05,1205
2020-02-23 07:10,1214
2020-02-23 07:15,1212
2020-02-23 07:20,1190
2020-02-23 07:25,1193
2020-02-23 07:30,1204
2020-02-23 07:35,1211
2020-02-23 07:40,1212
2020-02-23 07:45,1228
2020-02-23 07:50,1247
2020-02-23 07:55,1250
2020-02-23 08:00,1263
2020-02-23 08:05,1275
2020-02-23 08:10,1288
2020-02-23 08:15,1298
2020-02-23 08:20,1297
2020-02-23 08:25,1315
2020-02-23 08:30,1329
2020-02-23 08:35,1324
2020-02-23 08:40,1341
2020-02-23 08:45,1379
2020-02-23 08:50,1374
2020-02-23 08:55,1383
2020-02-23 09:00,1394
2020-02-23 09:05,1426
2020-02-23 09:10,1450
2020-02-23 09:15,1461
2020-02-23 09:20,1450
2020-02-23 09:25,1471
2020-02-23 09:30,1477
2020-02-23 09:35,1490
2020-02-23 09:40,1497
2020-02-23 09:45,1516
2020-02-23 09:50,1528
2020-02-23 09:55,1545
2020-02-23 10:00,1593
2020-02-23 10:05,1621
2020-02-23 10:10,1639
2020-02-23 10:15,1660
2020-02-23 10:20,1708
2020-02-23 10:25,1726
2020-02-23 10:30,1752
2020-02-23 10:35,1782
2020-02-23 10:40,1779
2020-02-23 10:45,1802
2020-02-23 10:50,1817
2020-02-23 10:55,1805
2020-02-23 11:00,1805
2020-02-23 11:05,1821
2020-02-23 11:10,1842
2020-02-23 11:15,1850
2020-02-23 11:20,1864
2020-02-23 11:25,1876
2020-02-23 11:30,1896
2020-02-23 11:35,1907
2020-02-23 11:40,1921
2020-02-23 11:45,1934
2020-02-23 11:50,1944
2020-02-23 11:55,1952
2020-02-23 12:00,1967
2020-02-23 12:05,1967
2020-02-23 12:10,1947
2020-02-23 12:15,1960
2020-02-23 12:20,1975
2020-02-23 12:25,1975
2020-02-23 12:30,1973
2020-02-23 12:35,1987
2020-02-23 12:40,2007
2020-02-23 12:45,2028
2020-02-23 12:50,2020
2020-02-23 12:55,2023
2020-02-23 13:00,2028
2020-02-23 13:05,2046
2020-02-23 13:10,2054
2020-02-23 13:15,2059
2020-02-23 13:20,2061
2020-02-23 13:25,2058
2020-02-23 13:30,2080
2020-02-23 13:35,2107
2020-02-23 13:40,2113
2020-02-23 13:45,2116
2020-02-23 13:50,2146
2020-02-23 13:55,2166
2020-02-23 14:00,2180
2020-02-23 14:05,2187
2020-02-23 14:10,2201
2020-02-23 14:15,2203
2020-02-23 14:20,2215
2020-02-23 14:25,2216
2020-02-23 14:30,2232
2020-02-23 14:35,2251
2020-02-23 14:40,2264
2020-02-23 14:45,2294
2020-02-23 14:50,2308
2020-02-23 14:55,2318
2020-02-23 15:00,2326
2020-02-23 15:05,2322
2020-02-23 15:10,2341
2020-02-23 15:15,2387
2020-02-23 15:20,2380
2020-02-23 15:25,2373
2020-02-23 15:30,2387
2020-02-23 15:35,2384
2020-02-23 15:40,2392
2020-02-23 15:45,2396
2020-02-23 15:50,2383
2020-02-23 15:55,2392
2020-02-23 16:00,2417
2020-02-23 16:05,2445
2020-02-23 16:10,2457
2020-02-23 16:15,2438
2020-02-23 16:20,2438
2020-02-23 16:25,2477
2020-02-23 16:30,2495
2020-02-23 16:35,2491
2020-02-23 16:40,2510
2020-02-23 16:45,2504
2020-02-23 16:50,2500
2020-02-23 16:55,2526
2020-02-23 17:00,2530
2020-02-23 17:05,2513
2020-02-23 17:10,2523
2020-02-23 17:15,2558
2020-02-23 17:20,2560
2020-02-23 17:25,2581
2020-02-23 17:30,2600
2020-02-23 17:35,2609
2020-02-23 17:40,2624
2020-02-23 17:45,2628
2020-02-23 17:50,2629
2020-02-23 17:55,2630
2020-02-23 18:00,2653
2020-02-23 18:05,2656
2020-02-23 18:10,2650
2020-02-23 18:15,2655
2020-02-23 18:20,2667
2020-02-23 18:25,2683
2020-02-23 18:30,2653
2020-02-23 18:35,2669
2020-02-23 18:40,2684
2020-02-23 18:45,2698
2020-02-23 18:50,2705
2020-02-23 18:55,2696
2020-02-23 19:00,2673
2020-02-23 19:05,2663
2020-02-23 19:10,2650
2020-02-23 19:15,2654
2020-02-23 19:20,2658
2020-02-23 19:25,2649
2020-02-23 19:30,2673
2020-02-23 19:35,2649
2020-02-23 19:40,2672
2020-02-23 19:45,2652
2020-02-23 19:50,2673
2020-02-23 19:55,2690
2020-02-23 20:00,2687
2020-02-23 20:05,2672
2020-02-23 20:10,2645
2020-02-23 20:15,2641
2020-02-23 20:20,2650
2020-02-23 20:25,2608
2020-02-23 20:30,2601
2020-02-23 20:35,2592
2020-02-23 20:40,2565
2020-02-23 20:45,2550
2020-02-23 20:50,2541
2020-02-23 20:55,2546
2020-02-23 21:00,2535
2020-02-23 21:05,2520
2020-02-23 21:10,2522
2020-02-23 21:15,2497
2020-02-23 21:20,2496
2020-02-23 21:25,2464
2020-02-23 21:30,2431
2020-02-23 21:35,2416
2020-02-23 21:40,2387
2020-02-23 21:45,2379
2020-02-23 21:50,2368
2020-02-23 21:55,2329
2020-02-23 22:00,2299
2020-02-23 22:05,2283
2020-02-23 22:10,2245
2020-02-23 22:15,2227
2020-02-23 22:20,2217
2020-02-23 22:25,2188
2020-02-23 22:30,2154
2020-02-23 22:35,2128
2020-02-23 22:40,2108
2020-02-23 22:45,2081
2020-02-23 22:50,2058
2020-02-23 22:55,2028
2020-02-23 23:00,2034
2020-02-23 23:05,2016
2020-02-23 23:10,2000
2020-02-23 23:15,1986
2020-02-23 23:20,1950
2020-02-23 23:25,1948
2020-02-23 23:30,1926
2020-02-23 23:35,1932
2020-02-23 23:40,1916
2020-02-23 23:45,1893
2020-02-23 23:50,1879
2020-02-23 23:55,1844
2020-02-24 00:00,1822
2020-02-24 00:05,1815
2020-02-24 00:10,1791
2020-02-24 00:15,1774
2020-02-24 00:20,1755
2020-02-24 00:25,1716
2020-02-24 00:30,1716
2020-02-24 00:35,1707
2020-02-24 00:40,1678
2020-02-24 00:45,1657
2020-02-24 00:50,1654
2020-02-24 00:55,1644
2020-02-24 01:00,1643
2020-02-24 01:05,1618
2020-02-24 01:10,1623
2020-02-24 01:15,1605
2020-02-24 01:20,1618
2020-02-24 01:25,1603
2020-02-24 01:30,1611
2020-02-24 01:35,1603
2020-02-24 01:40,1602
2020-02-24 01:45,1621
2020-02-24 01:50,1611
2020-02-24 01:55,1590
2020-02-24 02:00,1558
2020-02-24 02:05,1541
2020-02-24 02:10,1544
2020-02-24 02:15,1510
2020-02-24 02:20,1486
2020-02-24 02:25,1470
2020-02-24 02:30,1460
2020-02-24 02:35,1432
2020-02-24 02:40,1437
2020-02-24 02:45,1427
2020-02-24 02:50,1408
2020-02-24 02:55,1403
2020-02-24 03:00,1395
2020-02-24 03:05,1383
2020-02-24 03:10,1357
2020-02-24 03:15,1362
2020-02-24 03:20,1330
2020-02-24 03:25,1330
2020-02-24 03:30,1307
2020-02-24 03:35,1288
2020-02-24 03:40,1286
2020-02-24 03:45,1275
2020-02-24 03:50,1273
2020-02-24 03:55,1266
2020-02-24 04:00,1243
2020-02-24 04:05,1255
2020-02-24 04:10,1242
2020-02-24 04:15,1238
2020-02-24 04:20,1231
2020-02-24 04:25,1204
2020-02-24 04:30,1198
2020-02-24 04:35,1163
2020-02-24 04:40,1132
2020-02-24 04:45,1117
2020-02-24 04:50,1114
2020-02-24 04:55,1083
2020-02-24 05:00,1097
2020-02-24 05:05,1068
2020-02-24 05:10,1069
2020-02-24 05:15,1054
2020-02-24 05:20,1054
2020-02-24 05:25,1033
2020-02-24 05:30,1029
2020-02-24 05:35,1020
2020-02-24 05:40,1021
2020-02-24 05:45,1008
2020-02-24 05:50,997
2020-02-24 05:55,994
2020-02-24 06:00,996
2020-02-24 06:05,1006
2020-02-24 06:10,1006
2020-02-24 06:15,1004
2020-02-24 06:20,998
2020-02-24 06:25,997
2020-02-24 06:30,1004
2020-02-24 06:35,988
2020-02-24 06:40,995
2020-02-24 06:45,987
2020-02-24 06:50,986
2020-02-24 06:55,1009
2020-02-24 07:00,1002
2020-02-24 07:05,1007
2020-02-24 07:10,1005
2020-02-24 07:15,1010
2020-02-24 07:20,996
2020-02-24 07:25,993
2020-02-24 07:30,1002
2020-02-24 07:35,1012
2020-02-24 07:40,1000
2020-02-24 07:45,992
2020-02-24 07:50,990
2020-02-24 07:55,999
2020-02-24 08:00,1003
2020-02-24 08:05,1021
2020-02-24 08:10,1008
2020-02-24 08:15,1026
2020-02-24 08:20,1040
2020-02-24 08:25,1054
2020-02-24 08:30,1061
2020-02-24 08:35,1058
2020-02-24 08:40,1069
2020-02-24 08:45,1095
2020-02-24 08:50,1103
2020-02-24 08:55,1099
2020-02-24 09:00,1091
2020-02-24 09:05,1079
2020-02-24 09:10,1088
2020-02-24 09:15,1092
2020-02-24 09:20,1123
2020-02-24 09:25,1131
2020-02-24 09:30,1149
2020-02-24 09:35,1160
2020-02-24 09:40,1161
2020-02-24 09:45,1166
2020-02-24 09:50,1185
2020-02-24 09:55,1228
2020-02-24 10:00,1244
2020-02-24 10:05,1255
2020-02-24 10:10,1279
2020-02-24 10:15,1304
2020-02-24 10:20,1303
2020-02-24 10:25,1326
2020-02-24 10:30,1333
2020-02-24 10:35,1352
2020-02-24 10:40,1371
2020-02-24 10:45,1385
2020-02-24 10:50,1392
2020-02-24 10:55,1404
2020-02-24 11:00,1408
2020-02-24 11:05,1432
2020-02-24 11:10,1446
2020-02-24 11:15,1436
2020-02-24 11:20,1445
2020-02-24 11:25,1448
2020-02-24 11:30,1440
2020-02-24 11:35,1434
2020-02-24 11:40,1439
2020-02-24 11:45,1480
2020-02-24 11:50,1490
2020-02-24 11:55,1497
2020-02-24 12:00,1510
2020-02-24 12:05,1514
2020-02-24 12:10,1517
2020-02-24 12:15,1522
2020-02-24 12:20,1519
2020-02-24 12:25,1537
2020-02-24 12:30,1571
2020-02-24 12:35,1581
2020-02-24 12:40,1583
2020-02-24 12:45,1584
2020-02-24 12:50,1588
2020-02-24 12:55,1578
2020-02-24 13:00,1618
2020-02-24 13:05,1624
2020-02-24 13:10,1632
2020-02-24 13:15,1642
2020-02-24 13:20,1650
2020-02-24 13:25,1672
2020-02-24 13:30,1687
2020-02-24 13:35,1696
2020-02-24 13:40,1690
2020-02-24 13:45,1695
2020-02-24 13:50,1707
2020-02-24 13:55,1744
2020-02-24 14:00,1744
2020-02-24 14:05,1741
2020-02-24 14:10,1758
2020-02-24 14:15,1778
2020-02-24 14:20,1794
2020-02-24 14:25,1822
2020-02-24 14:30,1830
2020-02-24 14:35,1846
2020-02-24 14:40,1836
2020-02-24 14:45,1847
2020-02-24 14:50,1876
2020-02-24 14:55,1883
2020-02-24 15:00,1885
2020-02-24 15:05,1907
2020-02-24 15:10,1942
2020-02-24 15:15,1955
2020-02-24 15:20,1964
2020-02-24 15:25,1961
2020-02-24 15:30,2015
2020-02-24 15:35,2004
2020-02-24 15:40,2013
2020-02-24 15:45,2052
2020-02-24 15:50,2035
2020-02-24 15:55,2053
2020-02-24 16:00,2049
2020-02-24 16:05,2031
2020-02-24 16:10,2037
2020-02-24 16:15,2042
2020-02-24 16:20,2044
2020-02-24 16:25,2017
2020-02-24 16:30,2076
2020-02-24 16:35,2083
2020-02-24 16:40,2112
2020-02-24 16:45,2125
2020-02-24 16:50,2143
2020-02-24 16:55,2162
2020-02-24 17:00,2148
2020-02-24 17:05,2162
2020-02-24 17:10,2143
2020-02-24 17:15,2153
2020-02-24 17:20,2139
2020-02-24 17:25,2144
2020-02-24 17:30,2170
2020-02-24 17:35,2182
2020-02-24 17:40,2210
2020-02-24 17:45,2231
2020-02-24 17:50,2220
2020-02-24 17:55,2243
2020-02-24 18:00,2236
2020-02-24 18:05,2261
2020-02-24 18:10,2281
2020-02-24 18:15,2283
2020-02-24 18:20,2289
2020-02-24 18:25,2316
2020-02-24 18:30,2328
2020-02-24 18:35,2317
2020-02-24 18:40,2333
2020-02-24 18:45,2317
2020-02-24 18:50,2320
2020-02-24 18:55,2333
2020-02-24 19:00,2355
2020-02-24 19:05,2367
2020-02-24 19:10,2358
2020-02-24 19:15,2347
2020-02-24 19:20,2343
2020-02-24 19:25,2353
2020-02-24 19:30,2366
2020-02-24 19:35,2378
2020-02-24 19:40,2357
2020-02-24 19:45,2381
2020-02-24 19:50,2393
2020-02-24 19:55,2383
2020-02-24 20:00,2373
2020-02-24 20:05,2370
2020-02-24 20:10,2355
2020-02-24 20:15,2348
2020-02-24 20:20,2337
2020-02-24 20:25,2339
2020-02-24 20:30,2323
2020-02-24 20:35,2339
2020-02-24 20:40,2349
2020-02-24 20:45,2346
2020-02-24 20:50,2324
2020-02-24 20:55,2309
2020-02-24 21:00,2292
2020-02-24 21:05,2276
2020-02-24 21:10,2268
2020-02-24 21:15,2240
2020-02-24 21:20,2213
2020-02-24 21:25,2206
2020-02-24 21:30,2172
2020-02-24 21:35,2158
2020-02-24 21:40,2144
2020-02-24 21:45,2120
2020-02-24 21:50,2106
2020-02-24 21:55,2091
2020-02-24 22:00,2065
2020-02-24 22:05,2032
2020-02-24 22:10,2012
2020-02-24 22:15,2018
2020-02-24 22:20,1969
2020-02-24 22:25,1937
2020-02-24 22:30,1918
2020-02-24 22:35,1904
2020-02-24 22:40,1888
2020-02-24 22:45,1871
2020-02-24 22:50,1874
2020-02-24 22:55,1839
2020-02-24 23:00,1827
2020-02-24 23:05,1778
2020-02-24 23:10,1774
2020-02-24 23:15,1715
2020-02-24 23:20,1709
2020-02-24 23:25,1696
2020-02-24 23:30,1680
2020-02-24 23:35,1673
2020-02-24 23:40,1660
2020-02-24 23:45,1651
2020-02-24 23:50,1638
2020-02-24 23:55,1637
2020-02-25 00:00,1638
2020-02-25 00:05,1602
2020-02-25 00:10,1595
2020-02-25 00:15,1587
2020-02-25 00:20,1585
2020-02-25 00:25,1589
2020-02-25 00:30,1590
2020-02-25 00:35,1554
2020-02-25 00:40,1554
2020-02-25 00:45,1537
2020-02-25 00:50,1546
2020-02-25 00:55,1526
2020-02-25 01:00,1513
2020-02-25 01:05,1523
2020-02-25 01:10,1511
2020-02-25 01:15,1508
2020-02-25 01:20,1511
2020-02-25 01:25,1514
2020-02-25 01:30,1509
2020-02-25 01:35,1501
2020-02-25 01:40,1468
2020-02-25 01:45,1468
2020-02-25 01:50,1453
2020-02-25 01:55,1462
2020-02-25 02:00,1450
2020-02-25 02:05,1444
2020-02-25 02:10,1443
2020-02-25 02:15,1451
2020-02-25 02:20,1459
2020-02-25 02:25,1437
2020-02-25 02:30,1429
2020-02-25 02:35,1436
2020-02-25 02:40,1427
2020-02-25 02:45,1412
2020-02-25 02:50,1407
2020-02-25 02:55,1400
2020-02-25 03:00,1396
2020-02-25 03:05,1389
2020-02-25 03:10,1374
2020-02-25 03:15,1375
2020-02-25 03:20,1363
2020-02-25 03:25,1347
2020-02-25 03:30,1316
2020-02-25 03:35,1307
2020-02-25 03:40,1301
2020-02-25 03:45,1288
2020-02-25 03:50,1269
2020-02-25 03:55,1261
2020-02-25 04:00,1260
2020-02-25 04:05,1249
2020-02-25 04:10,1236
2020-02-25 04:15,1219
2020-02-25 04:20,1204
2020-02-25 04:25,1204
2020-02-25 04:30,1193
2020-02-25 04:35,1193
2020-02-25 04:40,1186
2020-02-25 04:45,1165
2020-02-25 04:50,1151
2020-02-25 04:55,1128
2020-02-25 05:00,1109
2020-02-25 05:05,1087
2020-02-25 05:10,1083
2020-02-25 05:15,1080
2020-02-25 05:20,1054
2020-02-25 05:25,1047
2020-02-25 05:30,1040
2020-02-25 05:35,1032
2020-02-25 05:40,1030
2020-02-25 05:45,1025
2020-02-25 05:50,1018
2020-02-25 05:55,1025
2020-02-25 06:00,1017
2020-02-25 06:05,1026
2020-02-25 06:10,1017
2020-02-25 06:15,1000
2020-02-25 06:20,992
2020-02-25 06:25,976
2020-02-25 06:30,971
2020-02-25 06:35,960
2020-02-25 06:40,941
2020-02-25 06:45,944
2020-02-25 06:50,945
2020-02-25 06:55,957
2020-02-25 07:00,956
2020-02-25 07:05,949
2020-02-25 07:10,962
2020-02-25 07:15,942
2020-02-25 07:20,942
2020-02-25 07:25,940
2020-02-25 07:30,949
2020-02-25 07:35,944
2020-02-25 07:40,938
2020-02-25 07:45,935
2020-02-25 07:50,926
2020-02-25 07:55,928
2020-02-25 08:00,934
2020-02-25 08:05,944
2020-02-25 08:10,944
2020-02-25 08:15,957
2020-02-25 08:20,972
2020-02-25 08:25,962
2020-02-25 08:30,966
2020-02-25 08:35,976
2020-02-25 08:40,982
2020-02-25 08:45,970
2020-02-25 08:50,986
2020-02-25 08:55,985
2020-02-25 09:00,995
2020-02-25 09:05,990
2020-02-25 09:10,990
2020-02-25 09:15,1012
2020-02-25 09:20,1022
2020-02-25 09:25,1029
2020-02-25 09:30,1042
2020-02-25 09:35,1059
2020-02-25 09:40,1068
2020-02-25 09:45,1080
2020-02-25 09:50,1096
2020-02-25 09:55,1084
2020-02-25 10:00,1113
2020-02-25 10:05,1137
2020-02-25 10:10,1148
2020-02-25 10:15,1145
2020-02-25 10:20,1152
2020-02-25 10:25,1155
2020-02-25 10:30,1166
2020-02-25 10:35,1163
2020-02-25 10:40,1171
2020-02-25 10:45,1207
2020-02-25 10:50,1212
2020-02-25 10:55,1214
2020-02-25 11:00,1232
2020-02-25 11:05,1242
2020-02-25 11:10,1239
2020-02-25 11:15,1244
2020-02-25 11:20,1245
2020-02-25 11:25,1245
2020-02-25 11:30,1253
2020-02-25 11:35,1261
2020-02-25 11:40,1259
2020-02-25 11:45,1266
2020-02-25 11:50,1272
2020-02-25 11:55,1273
2020-02-25 12:00,1273
2020-02-25 12:05,1276
2020-02-25 12:10,1308
2020-02-25 12:15,1313
2020-02-25 12:20,1352
2020-02-25 12:25,1350
2020-02-25 12:30,1356
2020-02-25 12:35,1379
2020-02-25 12:40,1389
2020-02-25 12:45,1419
2020-02-25 12:50,1403
2020-02-25 12:55,1391
2020-02-25 13:00,1413
2020-02-25 13:05,1421
2020-02-25 13:10,1451
2020-02-25 13:15,1448
2020-02-25 13:20,1489
2020-02-25 13:25,1509
2020-02-25 13:30,1522
2020-02-25 13:35,1538
2020-02-25 13:40,1557
2020-02-25 13:45,1561
2020-02-25 13:50,1556
2020-02-25 13:55,1577
2020-02-25 14:00,1613
2020-02-25 14:05,1628
2020-02-25 14:10,1627
2020-02-25 14:15,1633
2020-02-25 14:20,1651
2020-02-25 14:25,1672
2020-02-25 14:30,1671
2020-02-25 14:35,1671
2020-02-25 14:40,1701
2020-02-25 14:45,1715
2020-02-25 14:50,1713
2020-02-25 14:55,1715
2020-02-25 15:00,1709
2020-02-25 15:05,1731
2020-02-25 15:10,1743
2020-02-25 15:15,1750
2020-02-25 15:20,1803
2020-02-25 15:25,1817
2020-02-25 15:30,1831
2020-02-25 15:35,1826
2020-02-25 15:40,1841
2020-02-25 15:45,1839
2020-02-25 15:50,1859
2020-02-25 15:55,1876
2020-02-25 16:00,1833
2020-02-25 16:05,1855
2020-02-25 16:10,1876
2020-02-25 16:15,1876
2020-02-25 16:20,1871
2020-02-25 16:25,1874
2020-02-25 16:30,1906
2020-02-25 16:35,1938
2020-02-25 16:40,1948
2020-02-25 16:45,1969
2020-02-25 16:50,1997
2020-02-25 16:55,2003
2020-02-25 17:00,2017
2020-02-25 17:05,2052
2020-02-25 17:10,2066
2020-02-25 17:15,2076
2020-02-25 17:20,2099
2020-02-25 17:25,2106
2020-02-25 17:30,2121
2020-02-25 17:35,2113
2020-02-25 17:40,2146
2020-02-25 17:45,2176
2020-02-25 17:50,2178
2020-02-25 17:55,2182
2020-02-25 18:00,2203
2020-02-25 18:05,2215
2020-02-25 18:10,2249
2020-02-25 18:15,2248
2020-02-25 18:20,2240
2020-02-25 18:25,2275
2020-02-25 18:30,2275
2020-02-25 18:35,2313
2020-02-25 18:40,2328
2020-02-25 18:45,2310
2020-02-25 18:50,2360
2020-02-25 18:55,2375
2020-02-25 19:00,2388
2020-02-25 19:05,2393
2020-02-25 19:10,2386
2020-02-25 19:15,2383
2020-02-25 19:20,2375
2020-02-25 19:25,2377
2020-02-25 19:30,2364
2020-02-25 19:35,2334
2020-02-25 19:40,2355
2020-02-25 19:45,2352
2020-02-25 19:50,2350
2020-02-25 19:55,2339
2020-02-25 20:00,2335
2020-02-25 20:05,2308
2020-02-25 20:10,2291
2020-02-25 20:15,2253
2020-02-25 20:20,2257
2020-02-25 20:25,2259
2020-02-25 20:30,2220
2020-02-25 20:35,2236
2020-02-25 20:40,2212
2020-02-25 20:45,2193
2020-02-25 20:50,2186
2020-02-25 20:55,2151
2020-02-25 21:00,2156
2020-02-25 21:05,2121
2020-02-25 21:10,2089
2020-02-25 21:15,2055
2020-02-25 21:20,2029
2020-02-25 21:25,2022
2020-02-25 21:30,2014
2020-02-25 21:35,1996
2020-02-25 21:40,1986
2020-02-25 21:45,1984
2020-02-25 21:50,1968
2020-02-25 21:55,1937
2020-02-25 22:00,1915
2020-02-25 22:05,1899
2020-02-25 22:10,1904
2020-02-25 22:15,1907
2020-02-25 22:20,1891
2020-02-25 22:25,1884
2020-02-25 22:30,1845
2020-02-25 22:35,1841
2020-02-25 22:40,1818
2020-02-25 22:45,1809
2020-02-25 22:50,1817
2020-02-25 22:55,1793
2020-02-25 23:00,1775
2020-02-25 23:05,1769
2020-02-25 23:10,1730
2020-02-25 23:15,1697
2020-02-25 23:20,1673
2020-02-25 23:25,1663
2020-02-25 23:30,1639
2020-02-25 23:35,1624
2020-02-25 23:40,1618
2020-02-25 23:45,0
2020-02-25 23:50,218
2020-02-25 23:55,1113
2020-02-26 00:00,1519
2020-02-26 00:05,1519
2020-02-26 00:10,1526
2020-02-26 00:15,1531
2020-02-26 00:20,1532
2020-02-26 00:25,1520
2020-02-26 00:30,1518
2020-02-26 00:35,1511
2020-02-26 00:40,1527
2020-02-26 00:45,1515
2020-02-26 00:50,1506
2020-02-26 00:55,1470
2020-02-26 01:00,1458
2020-02-26 01:05,1441
2020-02-26 01:10,1420
2020-02-26 01:15,1398
2020-02-26 01:20,1405
2020-02-26 01:25,1405
2020-02-26 01:30,1388
2020-02-26 01:35,1418
2020-02-26 01:40,1412
2020-02-26 01:45,1397
2020-02-26 01:50,1402
2020-02-26 01:55,1373
2020-02-26 02:00,1379
2020-02-26 02:05,1356
2020-02-26 02:10,1364
2020-02-26 02:15,1362
2020-02-26 02:20,1344
2020-02-26 02:25,1341
2020-02-26 02:30,1333
2020-02-26 02:35,1327
2020-02-26 02:40,1314
2020-02-26 02:45,1313
2020-02-26 02:50,1303
2020-02-26 02:55,1285
2020-02-26 03:00,1265
2020-02-26 03:05,1263
2020-02-26 03:10,1273
2020-02-26 03:15,1273
2020-02-26 03:20,1261
2020-02-26 03:25,1253
2020-02-26 03:30,1255
2020-02-26 03:35,1259
2020-02-26 03:40,1246
2020-02-26 03:45,1235
2020-02-26 03:50,1236
2020-02-26 03:55,1234
2020-02-26 04:00,1193
2020-02-26 04:05,1177
2020-02-26 04:10,1163
2020-02-26 04:15,1150
2020-02-26 04:20,1142
2020-02-26 04:25,1125
2020-02-26 04:30,1119
2020-02-26 04:35,1115
2020-02-26 04:40,1101
2020-02-26 04:45,1085
2020-02-26 04:50,1086
2020-02-26 04:55,1095
2020-02-26 05:00,1070
2020-02-26 05:05,1050
2020-02-26 05:10,1033
2020-02-26 05:15,1022
2020-02-26 05:20,1005
2020-02-26 05:25,1000
2020-02-26 05:30,1005
2020-02-26 05:35,1005
2020-02-26 05:40,1009
2020-02-26 05:45,996
2020-02-26 05:50,990
2020-02-26 05:55,991
2020-02-26 06:00,984
2020-02-26 06:05,962
2020-02-26 06:10,938
2020-02-26 06:15,939
2020-02-26 06:20,935
2020-02-26 06:25,932
2020-02-26 06:30,939
2020-02-26 06:35,944
2020-02-26 06:40,946
2020-02-26 06:45,952
2020-02-26 06:50,947
2020-02-26 06:55,942
2020-02-26 07:00,943
2020-02-26 07:05,959
2020-02-26 07:10,957
2020-02-26 07:15,941
2020-02-26 07:20,941
2020-02-26 07:25,935
2020-02-26 07:30,942
2020-02-26 07:35,935
2020-02-26 07:40,939
2020-02-26 07:45,942
2020-02-26 07:50,956
2020-02-26 07:55,952
2020-02-26 08:00,950
2020-02-26 08:05,950
2020-02-26 08:10,944
2020-02-26 08:15,935
2020-02-26 08:20,946
2020-02-26 08:25,948
2020-02-26 08:30,958
2020-02-26 08:35,960
2020-02-26 08:40,947
2020-02-26 08:45,953
2020-02-26 08:50,964
2020-02-26 08:55,964
2020-02-26 09:00,959
2020-02-26 09:05,969
2020-02-26 09:10,969
2020-02-26 09:15,972
2020-02-26 09:20,986
2020-02-26 09:25,1001
2020-02-26 09:30,1017
2020-02-26 09:35,1036
2020-02-26 09:40,1054
2020-02-26 09:45,1060
2020-02-26 09:50,1084
2020-02-26 09:55,1098
2020-02-26 10:00,1115
2020-02-26 10:05,1132
2020-02-26 10:10,1131
2020-02-26 10:15,1142
2020-02-26 10:20,1167
2020-02-26 10:25,1171
2020-02-26 10:30,1184
2020-02-26 10:35,1209
2020-02-26 10:40,1216
2020-02-26 10:45,1215
2020-02-26 10:50,1229
2020-02-26 10:55,1230
2020-02-26 11:00,1234
2020-02-26 11:05,1248
2020-02-26 11:10,1249
2020-02-26 11:15,1254
2020-02-26 11:20,1259
2020-02-26 11:25,1256
2020-02-26 11:30,1268
2020-02-26 11:35,1266
2020-02-26 11:40,1274
2020-02-26 11:45,1291
2020-02-26 11:50,1292
2020-02-26 11:55,1304
2020-02-26 12:00,1300
2020-02-26 12:05,1311
2020-02-26 12:10,1323
2020-02-26 12:15,1329
2020-02-26 12:20,1330
2020-02-26 12:25,1347
2020-02-26 12:30,1343
2020-02-26 12:35,1336
2020-02-26 12:40,1352
2020-02-26 12:45,1354
2020-02-26 12:50,1381
2020-02-26 12:55,1390
2020-02-26 13:00,1402
2020-02-26 13:05,1417
2020-02-26 13:10,1406
2020-02-26 13:15,1407
2020-02-26 13:20,1428
2020-02-26 13:25,1448
2020-02-26 13:30,1439
2020-02-26 13:35,1466
2020-02-26 13:40,1492
2020-02-26 13:45,1510
2020-02-26 13:50,1525
2020-02-26 13:55,1530
2020-02-26 14:00,1543
2020-02-26 14:05,1539
2020-02-26 14:10,1551
2020-02-26 14:15,1556
2020-02-26 14:20,1578
2020-02-26 14:25,1598
2020-02-26 14:30,1612
2020-02-26 14:35,1621
2020-02-26 14:40,1630
2020-02-26 14:45,1639
2020-02-26 14:50,1653
2020-02-26 14:55,1652
2020-02-26 15:00,1665
2020-02-26 15:05,1656
2020-02-26 15:10,1656
2020-02-26 15:15,1664
2020-02-26 15:20,1694
2020-02-26 15:25,1712
2020-02-26 15:30,1733
2020-02-26 15:35,1739
2020-02-26 15:40,1744
2020-02-26 15:45,1757
2020-02-26 15:50,1772
2020-02-26 15:55,1792
2020-02-26 16:00,1819
2020-02-26 16:05,1834
2020-02-26 16:10,1849
2020-02-26 16:15,1875
2020-02-26 16:20,1893
2020-02-26 16:25,1911
2020-02-26 16:30,1925
2020-02-26 16:35,1928
2020-02-26 16:40,1956
2020-02-26 16:45,1975
2020-02-26 16:50,1992
2020-02-26 16:55,1984
2020-02-26 17:00,1985
2020-02-26 17:05,1999
2020-02-26 17:10,2015
2020-02-26 17:15,2034
2020-02-26 17:20,2068
2020-02-26 17:25,2084
2020-02-26 17:30,2103
2020-02-26 17:35,2111
2020-02-26 17:40,2131
2020-02-26 17:45,2151
2020-02-26 17:50,2142
2020-02-26 17:55,2167
2020-02-26 18:00,2163
2020-02-26 18:05,2169
2020-02-26 18:10,2201
2020-02-26 18:15,2206
2020-02-26 18:20,2207
2020-02-26 18:25,2201
2020-02-26 18:30,2192
2020-02-26 18:35,2196
2020-02-26 18:40,2219
2020-02-26 18:45,2203
2020-02-26 18:50,2208
2020-02-26 18:55,2227
2020-02-26 19:00,2230
2020-02-26 19:05,2215
2020-02-26 19:10,2234
2020-02-26 19:15,2216
2020-02-26 19:20,2217
2020-02-26 19:25,2213
2020-02-26 19:30,2209
2020-02-26 19:35,2197
2020-02-26 19:40,2179
2020-02-26 19:45,2171
2020-02-26 19:50,2169
2020-02-26 19:55,2154
2020-02-26 20:00,2149
2020-02-26 20:05,2138
2020-02-26 20:10,2112
2020-02-26 20:15,2103
2020-02-26 20:20,2093
2020-02-26 20:25,2093
2020-02-26 20:30,2112
2020-02-26 20:35,2083
2020-02-26 20:40,2071
2020-02-26 20:45,2076
2020-02-26 20:50,2048
2020-02-26 20:55,2055
2020-02-26 21:00,2060
2020-02-26 21:05,2045
2020-02-26 21:10,2008
2020-02-26 21:15,1999
2020-02-26 21:20,1992
2020-02-26 21:25,1982
2020-02-26 21:30,1983
2020-02-26 21:35,1949
2020-02-26 21:40,1959
2020-02-26 21:45,1948
2020-02-26 21:50,1963
2020-02-26 21:55,1928
2020-02-26 22:00,1905
2020-02-26 22:05,1899
2020-02-26 22:10,1873
2020-02-26 22:15,1856
2020-02-26 22:20,1821
2020-02-26 22:25,1823
2020-02-26 22:30,1811
2020-02-26 22:35,1769
2020-02-26 22:40,1745
2020-02-26 22:45,1717
2020-02-26 22:50,1707
2020-02-26 22:55,1714
2020-02-26 23:00,1684
2020-02-26 23:05,1650
2020-02-26 23:10,1648
2020-02-26 23:15,1615
2020-02-26 23:20,1583
2020-02-26 23:25,1551
2020-02-26 23:30,1559
2020-02-26 23:35,1538
2020-02-26 23:40,1534
2020-02-26 23:45,1522
2020-02-26 23:50,1509
2020-02-26 23:55,1498
2020-02-27 00:00,1499
2020-02-27 00:05,1482
2020-02-27 00:10,1483
2020-02-27 00:15,1461
2020-02-27 00:20,1444
2020-02-27 00:25,1437
2020-02-27 00:30,1425
2020-02-27 00:35,1429
2020-02-27 00:40,1429
2020-02-27 00:45,1421
2020-02-27 00:50,1417
2020-02-27 00:55,1399
2020-02-27 01:00,1402
2020-02-27 01:05,1392
2020-02-27 01:10,1385
2020-02-27 01:15,1387
2020-02-27 01:20,1393
2020-02-27 01:25,1382
2020-02-27 01:30,1388
2020-02-27 01:35,1365
2020-02-27 01:40,1369
2020-02-27 01:45,1350
2020-02-27 01:50,1351
2020-02-27 01:55,1334
2020-02-27 02:00,1332
2020-02-27 02:05,1340
2020-02-27 02:10,1360
2020-02-27 02:15,1356
2020-02-27 02:20,1353
2020-02-27 02:25,1360
2020-02-27 02:30,1345
2020-02-27 02:35,1311
2020-02-27 02:40,1297
2020-02-27 02:45,1298
2020-02-27 02:50,1264
2020-02-27 02:55,1261
2020-02-27 03:00,1235
2020-02-27 03:05,1225
2020-02-27 03:10,1240
2020-02-27 03:15,1224
2020-02-27 03:20,1234
2020-02-27 03:25,1234
2020-02-27 03:30,1230
2020-02-27 03:35,1213
2020-02-27 03:40,1208
2020-02-27 03:45,1190
2020-02-27 03:50,1170
2020-02-27 03:55,1150
2020-02-27 04:00,1133
2020-02-27 04:05,1130
2020-02-27 04:10,1125
2020-02-27 04:15,1098
2020-02-27 04:20,1081
2020-02-27 04:25,1072
2020-02-27 04:30,1060
2020-02-27 04:35,1036
2020-02-27 04:40,1029
2020-02-27 04:45,1020
2020-02-27 04:50,1014
2020-02-27 04:55,996
2020-02-27 05:00,998
2020-02-27 05:05,972
2020-02-27 05:10,958
2020-02-27 05:15,946
2020-02-27 05:20,947
2020-02-27 05:25,947
2020-02-27 05:30,929
2020-02-27 05:35,933
2020-02-27 05:40,915
2020-02-27 05:45,906
2020-02-27 05:50,911
2020-02-27 05:55,909
2020-02-27 06:00,900
2020-02-27 06:05,883
2020-02-27 06:10,890
2020-02-27 06:15,904
2020-02-27 06:20,899
2020-02-27 06:25,890
2020-02-27 06:30,894
2020-02-27 06:35,887
2020-02-27 06:40,890
2020-02-27 06:45,903
2020-02-27 06:50,879
2020-02-27 06:55,880
2020-02-27 07:00,869
2020-02-27 07:05,858
2020-02-27 07:10,863
2020-02-27 07:15,868
2020-02-27 07:20,871
2020-02-27 07:25,854
2020-02-27 07:30,867
2020-02-27 07:35,864
2020-02-27 07:40,861
2020-02-27 07:45,860
2020-02-27 07:50,862
2020-02-27 07:55,871
2020-02-27 08:00,872
2020-02-27 08:05,888
2020-02-27 08:10,906
2020-02-27 08:15,910
2020-02-27 08:20,919
2020-02-27 08:25,925
2020-02-27 08:30,937
2020-02-27 08:35,934
2020-02-27 08:40,951
2020-02-27 08:45,941
2020-02-27 08:50,938
2020-02-27 08:55,937
2020-02-27 09:00,936
2020-02-27 09:05,951
2020-02-27 09:10,948
2020-02-27 09:15,959
2020-02-27 09:20,964
2020-02-27 09:25,983
2020-02-27 09:30,1002
2020-02-27 09:35,1020
2020-02-27 09:40,1028
2020-02-27 09:45,1027
2020-02-27 09:50,1041
2020-02-27 09:55,1054
2020-02-27 10:00,1075
2020-02-27 10:05,1091
2020-02-27 10:10,1120
2020-02-27 10:15,1129
2020-02-27 10:20,1133
2020-02-27 10:25,1144
2020-02-27 10:30,1164
2020-02-27 10:35,1167
2020-02-27 10:40,1154
2020-02-27 10:45,1180
2020-02-27 10:50,1184
2020-02-27 10:55,1202
2020-02-27 11:00,1208
2020-02-27 11:05,1215
2020-02-27 11:10,1204
2020-02-27 11:15,1210
2020-02-27 11:20,1227
2020-02-27 11:25,1227
2020-02-27 11:30,1226
2020-02-27 11:35,1245
2020-02-27 11:40,1258
2020-02-27 11:45,1273
2020-02-27 11:50,1285
2020-02-27 11:55,1286
2020-02-27 12:00,1296
2020-02-27 12:05,1303
2020-02-27 12:10,1316
2020-02-27 12:15,1332
2020-02-27 12:20,1345
2020-02-27 12:25,1331
2020-02-27 12:30,1321
2020-02-27 12:35,1321
2020-02-27 12:40,1345
2020-02-27 12:45,1360
2020-02-27 12:50,1374
2020-02-27 12:55,1384
2020-02-27 13:00,1405
2020-02-27 13:05,1431
2020-02-27 13:10,1444
2020-02-27 13:15,1459
2020-02-27 13:20,1480
2020-02-27 13:25,1491
2020-02-27 13:30,1500
2020-02-27 13:35,1525
2020-02-27 13:40,1518
2020-02-27 13:45,1529
2020-02-27 13:50,1542
2020-02-27 13:55,1558
2020-02-27 14:00,1563
2020-02-27 14:05,1566
2020-02-27 14:10,1561
2020-02-27 14:15,1562
2020-02-27 14:20,1572
2020-02-27 14:25,1578
2020-02-27 14:30,1571
2020-02-27 14:35,1587
2020-02-27 14:40,1558
2020-02-27 14:45,1540
2020-02-27 14:50,1517
2020-02-27 14:55,1450
2020-02-27 15:00,1353
2020-02-27 15:05,873
2020-02-27 15:10,842
2020-02-27 15:15,842
2020-02-27 15:20,848
2020-02-27 15:25,836
2020-02-27 15:30,839
2020-02-27 15:35,836
2020-02-27 15:40,855
2020-02-27 15:45,856
2020-02-27 15:50,867
2020-02-27 15:55,874
2020-02-27 16:00,900
2020-02-27 16:05,928
2020-02-27 16:10,940
2020-02-27 16:15,958
2020-02-27 16:20,1011
2020-02-27 16:25,1113
2020-02-27 16:30,1201
2020-02-27 16:35,1293
2020-02-27 16:40,1387
2020-02-27 16:45,1483
2020-02-27 16:50,1540
2020-02-27 16:55,1609
2020-02-27 17:00,1690
2020-02-27 17:05,1725
2020-02-27 17:10,1796
2020-02-27 17:15,1844
2020-02-27 17:20,1895
2020-02-27 17:25,1959
2020-02-27 17:30,1979
2020-02-27 17:35,2026
2020-02-27 17:40,2059
2020-02-27 17:45,2104
2020-02-27 17:50,2104
2020-02-27 17:55,2146
2020-02-27 18:00,2159
2020-02-27 18:05,2181
2020-02-27 18:10,2162
2020-02-27 18:15,2179
2020-02-27 18:20,2188
2020-02-27 18:25,2208
2020-02-27 18:30,2218
2020-02-27 18:35,2227
2020-02-27 18:40,2211
2020-02-27 18:45,2228
2020-02-27 18:50,2216
2020-02-27 18:55,2217
2020-02-27 19:00,2215
2020-02-27 19:05,2221
2020-02-27 19:10,2235
2020-02-27 19:15,2242
2020-02-27 19:20,2260
2020-02-27 19:25,2250
2020-02-27 19:30,2242
2020-02-27 19:35,2228
2020-02-27 19:40,2208
2020-02-27 19:45,2200
2020-02-27 19:50,2206
2020-02-27 19:55,2183
2020-02-27 20:00,2202
2020-02-27 20:05,2190
2020-02-27 20:10,2171
2020-02-27 20:15,2166
2020-02-27 20:20,2146
2020-02-27 20:25,2125
2020-02-27 20:30,2109
2020-02-27 20:35,2102
2020-02-27 20:40,2097
2020-02-27 20:45,2097
2020-02-27 20:50,2076
2020-02-27 20:55,2070
2020-02-27 21:00,2038
2020-02-27 21:05,2019
2020-02-27 21:10,1999
2020-02-27 21:15,1993
2020-02-27 21:20,1958
2020-02-27 21:25,1959
2020-02-27 21:30,1938
2020-02-27 21:35,1919
2020-02-27 21:40,1929
2020-02-27 21:45,1917
2020-02-27 21:50,1904
2020-02-27 21:55,1892
2020-02-27 22:00,1879
2020-02-27 22:05,1867
2020-02-27 22:10,1869
2020-02-27 22:15,1860
2020-02-27 22:20,1835
2020-02-27 22:25,1839
2020-02-27 22:30,1789
2020-02-27 22:35,1760
2020-02-27 22:40,1746
2020-02-27 22:45,1722
2020-02-27 22:50,1697
2020-02-27 22:55,1690
2020-02-27 23:00,1669
2020-02-27 23:05,1646
2020-02-27 23:10,1611
2020-02-27 23:15,1609
2020-02-27 23:20,1605
2020-02-27 23:25,1582
2020-02-27 23:30,1549
2020-02-27 23:35,1535
2020-02-27 23:40,1522
2020-02-27 23:45,1531
2020-02-27 23:50,1512
2020-02-27 23:55,1505
2020-02-28 00:00,1491
2020-02-28 00:05,1468
2020-02-28 00:10,1466
2020-02-28 00:15,1453
2020-02-28 00:20,1450
2020-02-28 00:25,1430
2020-02-28 00:30,1411
2020-02-28 00:35,1409
2020-02-28 00:40,1408
2020-02-28 00:45,1410
2020-02-28 00:50,1387
2020-02-28 00:55,1387
2020-02-28 01:00,1383
2020-02-28 01:05,1367
2020-02-28 01:10,1354
2020-02-28 01:15,1365
2020-02-28 01:20,1341
2020-02-28 01:25,1354
2020-02-28 01:30,1344
2020-02-28 01:35,1320
2020-02-28 01:40,1314
2020-02-28 01:45,1312
2020-02-28 01:50,1302
2020-02-28 01:55,1287
2020-02-28 02:00,1303
2020-02-28 02:05,1292
2020-02-28 02:10,1287
2020-02-28 02:15,1272
2020-02-28 02:20,1261
2020-02-28 02:25,1269
2020-02-28 02:30,1277
2020-02-28 02:35,1264
2020-02-28 02:40,1261
2020-02-28 02:45,1251
2020-02-28 02:50,1246
2020-02-28 02:55,1253
2020-02-28 03:00,1252
2020-02-28 03:05,1255
2020-02-28 03:10,1240
2020-02-28 03:15,1232
2020-02-28 03:20,1196
2020-02-28 03:25,1186
2020-02-28 03:30,1176
2020-02-28 03:35,1174
2020-02-28 03:40,1162
2020-02-28 03:45,1143
2020-02-28 03:50,1135
2020-02-28 03:55,1115
2020-02-28 04:00,1115
2020-02-28 04:05,1093
2020-02-28 04:10,1070
2020-02-28 04:15,1061
2020-02-28 04:20,1067
2020-02-28 04:25,1054
2020-02-28 04:30,1057
2020-02-28 04:35,1037
2020-02-28 04:40,1021
2020-02-28 04:45,997
2020-02-28 04:50,978
2020-02-28 04:55,964
2020-02-28 05:00,954
2020-02-28 05:05,957
2020-02-28 05:10,942
2020-02-28 05:15,935
2020-02-28 05:20,940
2020-02-28 05:25,921
2020-02-28 05:30,920
2020-02-28 05:35,891
2020-02-28 05:40,889
2020-02-28 05:45,890
2020-02-28 05:50,876
2020-02-28 05:55,873
2020-02-28 06:00,879
2020-02-28 06:05,870
2020-02-28 06:10,871
2020-02-28 06:15,882
2020-02-28 06:20,874
2020-02-28 06:25,876
2020-02-28 06:30,886
2020-02-28 06:35,886
2020-02-28 06:40,882
2020-02-28 06:45,884
2020-02-28 06:50,895
2020-02-28 06:55,890
2020-02-28 07:00,885
2020-02-28 07:05,898
2020-02-28 07:10,902
2020-02-28 07:15,889
2020-02-28 07:20,882
2020-02-28 07:25,886
2020-02-28 07:30,890
2020-02-28 07:35,893
2020-02-28 07:40,902
2020-02-28 07:45,917
2020-02-28 07:50,912
2020-02-28 07:55,903
2020-02-28 08:00,904
2020-02-28 08:05,905
2020-02-28 08:10,917
2020-02-28 08:15,922
2020-02-28 08:20,924
2020-02-28 08:25,927
2020-02-28 08:30,925
2020-02-28 08:35,928
2020-02-28 08:40,931
2020-02-28 08:45,926
2020-02-28 08:50,944
2020-02-28 08:55,952
2020-02-28 09:00,953
2020-02-28 09:05,962
2020-02-28 09:10,974
2020-02-28 09:15,997
2020-02-28 09:20,1016
2020-02-28 09:25,1012
2020-02-28 09:30,1007
2020-02-28 09:35,1007
2020-02-28 09:40,1028
2020-02-28 09:45,1029
2020-02-28 09:50,1027
2020-02-28 09:55,1056
2020-02-28 10:00,1072
2020-02-28 10:05,1087
2020-02-28 10:10,1107
2020-02-28 10:15,1117
2020-02-28 10:20,1120
2020-02-28 10:25,1140
2020-02-28 10:30,1143
2020-02-28 10:35,1156
2020-02-28 10:40,1170
2020-02-28 10:45,1166
2020-02-28 10:50,1170
2020-02-28 10:55,1176
2020-02-28 11:00,1168
2020-02-28 11:05,1169
2020-02-28 11:10,1189
2020-02-28 11:15,1215
2020-02-28 11:20,1218
2020-02-28 11:25,1242
2020-02-28 11:30,1239
2020-02-28 11:35,1247
2020-02-28 11:40,1253
2020-02-28 11:45,1255
2020-02-28 11:50,1252
2020-02-28 11:55,1268
2020-02-28 12:00,1262
2020-02-28 12:05,1261
2020-02-28 12:10,1279
2020-02-28 12:15,1285
2020-02-28 12:20,1297
2020-02-28 12:25,1319
2020-02-28 12:30,1325
2020-02-28 12:35,1337
2020-02-28 12:40,1359
2020-02-28 12:45,1361
2020-02-28 12:50,1387
2020-02-28 12:55,1400
2020-02-28 13:00,1423
2020-02-28 13:05,1414
2020-02-28 13:10,1431
2020-02-28 13:15,1460
2020-02-28 13:20,1467
2020-02-28 13:25,1477
2020-02-28 13:30,1481
2020-02-28 13:35,1493
2020-02-28 13:40,1500
2020-02-28 13:45,1512
2020-02-28 13:50,1529
2020-02-28 13:55,1523
2020-02-28 14:00,1539
2020-02-28 14:05,1549
2020-02-28 14:10,1568
2020-02-28 14:15,1579
2020-02-28 14:20,1596
2020-02-28 14:25,1613
2020-02-28 14:30,1624
2020-02-28 14:35,1651
2020-02-28 14:40,1664
2020-02-28 14:45,1669
2020-02-28 14:50,1692
2020-02-28 14:55,1688
2020-02-28 15:00,1703
2020-02-28 15:05,1700
2020-02-28 15:10,1711
2020-02-28 15:15,1733
2020-02-28 15:20,1747
2020-02-28 15:25,1736
2020-02-28 15:30,1725
2020-02-28 15:35,1743
2020-02-28 15:40,1759
2020-02-28 15:45,1768
2020-02-28 15:50,1791
2020-02-28 15:55,1820
2020-02-28 16:00,1848
2020-02-28 16:05,1862
2020-02-28 16:10,1880
2020-02-28 16:15,1894
2020-02-28 16:20,1907
2020-02-28 16:25,1912
2020-02-28 16:30,1908
2020-02-28 16:35,1913
2020-02-28 16:40,1911
2020-02-28 16:45,1913
2020-02-28 16:50,1918
2020-02-28 16:55,1927
2020-02-28 17:00,1929
2020-02-28 17:05,1966
2020-02-28 17:10,1971
2020-02-28 17:15,1988
2020-02-28 17:20,1983
2020-02-28 17:25,1975
2020-02-28 17:30,1990
2020-02-28 17:35,2012
2020-02-28 17:40,2014
2020-02-28 17:45,2010
2020-02-28 17:50,2020
2020-02-28 17:55,1998
2020-02-28 18:00,2007
2020-02-28 18:05,1987
2020-02-28 18:10,2008
2020-02-28 18:15,2017
2020-02-28 18:20,2009
2020-02-28 18:25,2019
2020-02-28 18:30,2047
2020-02-28 18:35,2031
2020-02-28 18:40,2039
2020-02-28 18:45,2040
2020-02-28 18:50,2039
2020-02-28 18:55,2037
2020-02-28 19:00,2046
2020-02-28 19:05,2073
2020-02-28 19:10,2075
2020-02-28 19:15,2054
2020-02-28 19:20,2068
2020-02-28 19:25,2073
2020-02-28 19:30,2079
2020-02-28 19:35,2062
2020-02-28 19:40,2071
2020-02-28 19:45,2066
2020-02-28 19:50,2063
2020-02-28 19:55,2066
2020-02-28 20:00,2064
2020-02-28 20:05,2079
2020-02-28 20:10,2071
2020-02-28 20:15,2072
2020-02-28 20:20,2083
2020-02-28 20:25,2087
2020-02-28 20:30,2101
2020-02-28 20:35,2122
2020-02-28 20:40,2108
2020-02-28 20:45,2118
2020-02-28 20:50,2129
2020-02-28 20:55,2116
2020-02-28 21:00,2117
2020-02-28 21:05,2129
2020-02-28 21:10,2111
2020-02-28 21:15,2073
2020-02-28 21:20,2082
2020-02-28 21:25,2067
2020-02-28 21:30,2071
2020-02-28 21:35,2079
2020-02-28 21:40,2058
2020-02-28 21:45,2059
2020-02-28 21:50,2019
2020-02-28 21:55,2000
2020-02-28 22:00,2002
2020-02-28 22:05,1977
2020-02-28 22:10,1953
2020-02-28 22:15,1952
2020-02-28 22:20,1928
2020-02-28 22:25,1922
2020-02-28 22:30,1910
2020-02-28 22:35,1904
2020-02-28 22:40,1905
2020-02-28 22:45,1899
2020-02-28 22:50,1879
2020-02-28 22:55,1881
2020-02-28 23:00,1863
2020-02-28 23:05,1833
2020-02-28 23:10,1820
2020-02-28 23:15,1783
2020-02-28 23:20,1780
2020-02-28 23:25,1757
2020-02-28 23:30,1742
2020-02-28 23:35,1731
2020-02-28 23:40,1718
2020-02-28 23:45,1711
2020-02-28 23:50,1694
2020-02-28 23:55,1664
2020-02-29 00:00,1635
2020-02-29 00:05,1602
2020-02-29 00:10,1569
2020-02-29 00:15,1576
2020-02-29 00:20,1573
2020-02-29 00:25,1552
2020-02-29 00:30,1535
2020-02-29 00:35,1519
2020-02-29 00:40,1538
2020-02-29 00:45,1509
2020-02-29 00:50,1495
2020-02-29 00:55,1486
2020-02-29 01:00,1480
2020-02-29 01:05,1481
2020-02-29 01:10,1469
2020-02-29 01:15,1462
2020-02-29 01:20,1442
2020-02-29 01:25,1424
2020-02-29 01:30,1418
2020-02-29 01:35,1418
2020-02-29 01:40,1414
2020-02-29 01:45,1428
2020-02-29 01:50,1426
2020-02-29 01:55,1424
2020-02-29 02:00,1424
2020-02-29 02:05,1402
2020-02-29 02:10,1403
2020-02-29 02:15,1393
2020-02-29 02:20,1392
2020-02-29 02:25,1394
2020-02-29 02:30,1392
2020-02-29 02:35,1400
2020-02-29 02:40,1399
2020-02-29 02:45,1416
2020-02-29 02:50,1394
2020-02-29 02:55,1407
2020-02-29 03:00,1401
2020-02-29 03:05,1378
2020-02-29 03:10,1363
2020-02-29 03:15,1363
2020-02-29 03:20,1367
2020-02-29 03:25,1364
2020-02-29 03:30,1354
2020-02-29 03:35,1362
2020-02-29 03:40,1350
2020-02-29 03:45,1334
2020-02-29 03:50,1335
2020-02-29 03:55,1341
2020-02-29 04:00,1333
2020-02-29 04:05,1326
2020-02-29 04:10,1307
2020-02-29 04:15,1293
2020-02-29 04:20,1275
2020-02-29 04:25,1268
2020-02-29 04:30,1284
2020-02-29 04:35,1290
2020-02-29 04:40,1289
2020-02-29 04:45,1266
2020-02-29 04:50,1249
2020-02-29 04:55,1231
2020-02-29 05:00,1224
2020-02-29 05:05,1207
2020-02-29 05:10,1196
2020-02-29 05:15,1189
2020-02-29 05:20,1196
2020-02-29 05:25,1179
2020-02-29 05:30,1177
2020-02-29 05:35,1166
2020-02-29 05:40,1150
2020-02-29 05:45,1137
2020-02-29 05:50,1146
2020-02-29 05:55,1136
2020-02-29 06:00,1130
2020-02-29 06:05,1121
2020-02-29 06:10,1111
2020-02-29 06:15,1109
2020-02-29 06:20,1113
2020-02-29 06:25,1100
2020-02-29 06:30,1088
2020-02-29 06:35,1093
2020-02-29 06:40,1092
2020-02-29 06:45,1105
2020-02-29 06:50,1095
2020-02-29 06:55,1102
2020-02-29 07:00,1101
2020-02-29 07:05,1113
2020-02-29 07:10,1139
2020-02-29 07:15,1141
2020-02-29 07:20,1134
2020-02-29 07:25,1143
2020-02-29 07:30,1146
2020-02-29 07:35,1150
2020-02-29 07:40,1161
2020-02-29 07:45,1159
2020-02-29 07:50,1172
2020-02-29 07:55,1197
2020-02-29 08:00,1199
2020-02-29 08:05,1172
2020-02-29 08:10,1163
2020-02-29 08:15,1175
2020-02-29 08:20,1181
2020-02-29 08:25,1182
2020-02-29 08:30,1194
2020-02-29 08:35,1213
2020-02-29 08:40,1213
2020-02-29 08:45,1229
2020-02-29 08:50,1227
2020-02-29 08:55,1222
2020-02-29 09:00,1226
2020-02-29 09:05,1235
2020-02-29 09:10,1266
2020-02-29 09:15,1277
2020-02-29 09:20,1278
2020-02-29 09:25,1317
2020-02-29 09:30,1334
2020-02-29 09:35,1335
2020-02-29 09:40,1351
2020-02-29 09:45,1361
2020-02-29 09:50,1375
2020-02-29 09:55,1384
2020-02-29 10:00,1410
2020-02-29 10:05,1451
2020-02-29 10:10,1461
2020-02-29 10:15,1495
2020-02-29 10:20,1509
2020-02-29 10:25,1522
2020-02-29 10:30,1544
2020-02-29 10:35,1570
2020-02-29 10:40,1579
2020-02-29 10:45,1605
2020-02-29 10:50,1617
2020-02-29 10:55,1654
2020-02-29 11:00,1657
2020-02-29 11:05,1648
2020-02-29 11:10,1648
2020-02-29 11:15,1644
2020-02-29 11:20,1673
2020-02-29 11:25,1672
2020-02-29 11:30,1686
2020-02-29 11:35,1701
2020-02-29 11:40,1707
2020-02-29 11:45,1713
2020-02-29 11:50,1723
2020-02-29 11:55,1730
2020-02-29 12:00,1748
2020-02-29 12:05,1757
2020-02-29 12:10,1757
2020-02-29 12:15,1750
2020-02-29 12:20,1752
2020-02-29 12:25,1769
2020-02-29 12:30,1787
2020-02-29 12:35,1807
2020-02-29 12:40,1840
2020-02-29 12:45,1854
2020-02-29 12:50,1873
2020-02-29 12:55,1886
2020-02-29 13:00,1872
2020-02-29 13:05,1879
2020-02-29 13:10,1894
2020-02-29 13:15,1906
2020-02-29 13:20,1914
2020-02-29 13:25,1936
2020-02-29 13:30,1932
2020-02-29 13:35,1931
2020-02-29 13:40,1955
2020-02-29 13:45,1976
2020-02-29 13:50,1998
2020-02-29 13:55,2007
2020-02-29 14:00,2020
2020-02-29 14:05,2022
2020-02-29 14:10,2045
2020-02-29 14:15,2054
2020-02-29 14:20,2084
2020-02-29 14:25,2096
2020-02-29 14:30,2107
2020-02-29 14:35,2129
2020-02-29 14:40,2126
2020-02-29 14:45,2148
2020-02-29 14:50,2169
2020-02-29 14:55,2187
2020-02-29 15:00,2204
2020-02-29 15:05,2215
2020-02-29 15:10,2207
2020-02-29 15:15,2191
2020-02-29 15:20,2227
2020-02-29 15:25,2251
2020-02-29 15:30,2260
2020-02-29 15:35,2224
2020-02-29 15:40,2242
2020-02-29 15:45,2240
2020-02-29 15:50,2239
2020-02-29 15:55,2268
2020-02-29 16:00,2295
2020-02-29 16:05,2267
2020-02-29 16:10,2263
2020-02-29 16:15,2275
2020-02-29 16:20,2299
2020-02-29 16:25,2313
2020-02-29 16:30,2317
2020-02-29 16:35,2319
2020-02-29 16:40,2317
2020-02-29 16:45,2345
2020-02-29 16:50,2371
2020-02-29 16:55,2375
2020-02-29 17:00,2368
2020-02-29 17:05,2358
2020-02-29 17:10,2387
2020-02-29 17:15,2408
2020-02-29 17:20,2434
2020-02-29 17:25,2453
2020-02-29 17:30,2480
2020-02-29 17:35,2499
2020-02-29 17:40,2512
2020-02-29 17:45,2513
2020-02-29 17:50,2505
2020-02-29 17:55,2483
2020-02-29 18:00,2469
2020-02-29 18:05,2457
2020-02-29 18:10,2482
2020-02-29 18:15,2496
2020-02-29 18:20,2501
2020-02-29 18:25,2501
2020-02-29 18:30,2490
2020-02-29 18:35,2498
2020-02-29 18:40,2463
2020-02-29 18:45,2471
2020-02-29 18:50,2487
2020-02-29 18:55,2502
2020-02-29 19:00,2499
2020-02-29 19:05,2475
2020-02-29 19:10,2460
2020-02-29 19:15,2472
2020-02-29 19:20,2459
2020-02-29 19:25,2444
2020-02-29 19:30,2451
2020-02-29 19:35,2432
2020-02-29 19:40,2429
2020-02-29 19:45,2431
2020-02-29 19:50,2440
2020-02-29 19:55,2470
2020-02-29 20:00,2460
2020-02-29 20:05,2454
2020-02-29 20:10,2467
2020-02-29 20:15,2471
2020-02-29 20:20,2466
2020-02-29 20:25,2439
2020-02-29 20:30,2431
2020-02-29 20:35,2433
2020-02-29 20:40,2438
2020-02-29 20:45,2425
2020-02-29 20:50,2418
2020-02-29 20:55,2434
2020-02-29 21:00,2418
2020-02-29 21:05,2421
2020-02-29 21:10,2408
2020-02-29 21:15,2384
2020-02-29 21:20,2356
2020-02-29 21:25,2369
2020-02-29 21:30,2365
2020-02-29 21:35,2345
2020-02-29 21:40,2342
2020-02-29 21:45,2315
2020-02-29 21:50,2309
2020-02-29 21:55,2288
2020-02-29 22:00,2276
2020-02-29 22:05,2262
2020-02-29 22:10,2244
2020-02-29 22:15,2236
2020-02-29 22:20,2217
2020-02-29 22:25,2215
2020-02-29 22:30,2205
2020-02-29 22:35,2183
2020-02-29 22:40,2148
2020-02-29 22:45,2133
2020-02-29 22:50,2096
2020-02-29 22:55,2063
2020-02-29 23:00,2046
2020-02-29 23:05,2018
2020-02-29 23:10,1993
2020-02-29 23:15,1989
2020-02-29 23:20,1964
2020-02-29 23:25,1954
2020-02-29 23:30,1934
2020-02-29 23:35,1928
2020-02-29 23:40,1921
2020-02-29 23:45,1898
2020-02-29 23:50,1872
2020-02-29 23:55,1860
2020-03-01 00:00,1847
2020-03-01 00:05,1814
2020-03-01 00:10,1777
2020-03-01 00:15,1757
2020-03-01 00:20,1750
2020-03-01 00:25,1741
2020-03-01 00:30,1750
2020-03-01 00:35,1737
2020-03-01 00:40,1728
2020-03-01 00:45,1707
2020-03-01 00:50,1676
2020-03-01 00:55,1689
2020-03-01 01:00,1672
2020-03-01 01:05,1655
2020-03-01 01:10,1658
2020-03-01 01:15,1639
2020-03-01 01:20,1620
2020-03-01 01:25,1570
2020-03-01 01:30,1582
2020-03-01 01:35,1584
2020-03-01 01:40,1579
2020-03-01 01:45,1580
2020-03-01 01:50,1559
2020-03-01 01:55,1557
2020-03-01 02:00,1564
2020-03-01 02:05,1570
2020-03-01 02:10,1555
2020-03-01 02:15,1537
2020-03-01 02:20,1528
2020-03-01 02:25,1537
2020-03-01 02:30,1535
2020-03-01 02:35,1534
2020-03-01 02:40,1512
2020-03-01 02:45,1517
2020-03-01 02:50,1490
2020-03-01 02:55,1463
2020-03-01 03:00,1471
2020-03-01 03:05,1465
2020-03-01 03:10,1464
2020-03-01 03:15,1448
2020-03-01 03:20,1440
2020-03-01 03:25,1415
2020-03-01 03:30,1424
2020-03-01 03:35,1421
2020-03-01 03:40,1421
2020-03-01 03:45,1414
2020-03-01 03:50,1397
2020-03-01 03:55,1390
2020-03-01 04:00,1371
2020-03-01 04:05,1376
2020-03-01 04:10,1372
2020-03-01 04:15,1353
2020-03-01 04:20,1348
2020-03-01 04:25,1347
2020-03-01 04:30,1347
2020-03-01 04:35,1318
2020-03-01 04:40,1317
2020-03-01 04:45,1300
2020-03-01 04:50,1283
2020-03-01 04:55,1281
2020-03-01 05:00,1270
2020-03-01 05:05,1254
2020-03-01 05:10,1258
2020-03-01 05:15,1263
2020-03-01 05:20,1249
2020-03-01 05:25,1230
2020-03-01 05:30,1215
2020-03-01 05:35,1218
2020-03-01 05:40,1218
2020-03-01 05:45,1203
2020-03-01 05:50,1187
2020-03-01 05:55,1181
2020-03-01 06:00,1166
2020-03-01 06:05,1171
2020-03-01 06:10,1169
2020-03-01 06:15,1159
2020-03-01 06:20,1173
2020-03-01 06:25,1183
2020-03-01 06:30,1170
2020-03-01 06:35,1158
2020-03-01 06:40,1166
2020-03-01 06:45,1192
2020-03-01 06:50,1205
2020-03-01 06:55,1196
2020-03-01 07:00,1193
2020-03-01 07:05,1204
2020-03-01 07:10,1209
2020-03-01 07:15,1216
2020-03-01 07:20,1225
2020-03-01 07:25,1220
2020-03-01 07:30,1223
2020-03-01 07:35,1223
2020-03-01 07:40,1233
2020-03-01 07:45,1237
2020-03-01 07:50,1259
2020-03-01 07:55,1245
2020-03-01 08:00,1254
2020-03-01 08:05,1282
2020-03-01 08:10,1279
2020-03-01 08:15,1283
2020-03-01 08:20,1289
2020-03-01 08:25,1310
2020-03-01 08:30,1306
2020-03-01 08:35,1327
2020-03-01 08:40,1346
2020-03-01 08:45,1367
2020-03-01 08:50,1377
2020-03-01 08:55,1403
2020-03-01 09:00,1414
2020-03-01 09:05,1422
2020-03-01 09:10,1424
2020-03-01 09:15,1427
2020-03-01 09:20,1434
2020-03-01 09:25,1449
2020-03-01 09:30,1464
2020-03-01 09:35,1487
2020-03-01 09:40,1512
2020-03-01 09:45,1524
2020-03-01 09:50,1546
2020-03-01 09:55,1574
2020-03-01 10:00,1591
2020-03-01 10:05,1653
2020-03-01 10:10,1671
2020-03-01 10:15,1710
2020-03-01 10:20,1706
2020-03-01 10:25,1731
2020-03-01 10:30,1777
2020-03-01 10:35,1813
2020-03-01 10:40,1809
2020-03-01 10:45,1799
2020-03-01 10:50,1828
2020-03-01 10:55,1827
2020-03-01 11:00,1846
2020-03-01 11:05,1856
2020-03-01 11:10,1869
2020-03-01 11:15,1867
2020-03-01 11:20,1868
2020-03-01 11:25,1873
2020-03-01 11:30,1891
2020-03-01 11:35,1891
2020-03-01 11:40,1883
2020-03-01 11:45,1893
2020-03-01 11:50,1896
2020-03-01 11:55,1901
2020-03-01 12:00,1920
2020-03-01 12:05,1923
2020-03-01 12:10,1938
2020-03-01 12:15,1929
2020-03-01 12:20,1940
2020-03-01 12:25,1965
2020-03-01 12:30,1969
2020-03-01 12:35,1986
2020-03-01 12:40,2004
2020-03-01 12:45,2039
2020-03-01 12:50,2043
2020-03-01 12:55,2055
2020-03-01 13:00,2060
2020-03-01 13:05,2060
2020-03-01 13:10,2098
2020-03-01 13:15,2079
2020-03-01 13:20,2095
2020-03-01 13:25,2110
2020-03-01 13:30,2115
2020-03-01 13:35,2127
2020-03-01 13:40,2144
2020-03-01 13:45,2173
2020-03-01 13:50,2202
2020-03-01 13:55,2209
2020-03-01 14:00,2203
2020-03-01 14:05,2223
2020-03-01 14:10,2219
2020-03-01 14:15,2231
2020-03-01 14:20,2233
2020-03-01 14:25,2255
2020-03-01 14:30,2271
2020-03-01 14:35,2298
2020-03-01 14:40,2315
2020-03-01 14:45,2321
2020-03-01 14:50,2348
2020-03-01 14:55,2359
2020-03-01 15:00,2360
2020-03-01 15:05,2392
2020-03-01 15:10,2376
2020-03-01 15:15,2391
2020-03-01 15:20,2397
2020-03-01 15:25,2399
2020-03-01 15:30,2414
2020-03-01 15:35,2446
2020-03-01 15:40,2463
2020-03-01 15:45,2469
2020-03-01 15:50,2468
2020-03-01 15:55,2492
2020-03-01 16:00,2491
2020-03-01 16:05,2476
2020-03-01 16:10,2457
2020-03-01 16:15,2498
2020-03-01 16:20,2519
2020-03-01 16:25,2534
2020-03-01 16:30,2534
2020-03-01 16:35,2535
2020-03-01 16:40,2527
2020-03-01 16:45,2562
2020-03-01 16:50,2566
2020-03-01 16:55,2590
2020-03-01 17:00,2573
2020-03-01 17:05,2568
2020-03-01 17:10,2556
2020-03-01 17:15,2576
2020-03-01 17:20,2576
2020-03-01 17:25,2587
2020-03-01 17:30,2599
2020-03-01 17:35,2620
2020-03-01 17:40,2623
2020-03-01 17:45,2596
2020-03-01 17:50,2607
2020-03-01 17:55,2597
2020-03-01 18:00,2605
2020-03-01 18:05,2610
2020-03-01 18:10,2606
2020-03-01 18:15,2611
2020-03-01 18:20,2588
2020-03-01 18:25,2581
2020-03-01 18:30,2601
2020-03-01 18:35,2618
2020-03-01 18:40,2657
2020-03-01 18:45,2664
2020-03-01 18:50,2655
2020-03-01 18:55,2651
2020-03-01 19:00,2636
2020-03-01 19:05,2636
2020-03-01 19:10,2656
2020-03-01 19:15,2659
2020-03-01 19:20,2671
2020-03-01 19:25,2655
2020-03-01 19:30,2651
2020-03-01 19:35,2665
2020-03-01 19:40,2653
2020-03-01 19:45,2653
2020-03-01 19:50,2648
2020-03-01 19:55,2658
2020-03-01 20:00,2634
2020-03-01 20:05,2632
2020-03-01 20:10,2607
2020-03-01 20:15,2604
2020-03-01 20:20,2575
2020-03-01 20:25,2564
2020-03-01 20:30,2516
2020-03-01 20:35,2513
2020-03-01 20:40,2497
2020-03-01 20:45,2488
2020-03-01 20:50,2491
2020-03-01 20:55,2502
2020-03-01 21:00,2483
2020-03-01 21:05,2462
2020-03-01 21:10,2452
2020-03-01 21:15,2420
2020-03-01 21:20,2420
2020-03-01 21:25,2416
2020-03-01 21:30,2385
2020-03-01 21:35,2369
2020-03-01 21:40,2334
2020-03-01 21:45,2321
2020-03-01 21:50,2281
2020-03-01 21:55,2254
2020-03-01 22:00,2239
2020-03-01 22:05,2217
2020-03-01 22:10,2174
2020-03-01 22:15,2144
2020-03-01 22:20,2133
2020-03-01 22:25,2133
2020-03-01 22:30,2111
2020-03-01 22:35,2067
2020-03-01 22:40,2023
2020-03-01 22:45,2000
2020-03-01 22:50,1967
2020-03-01 22:55,1947
2020-03-01 23:00,1924
2020-03-01 23:05,1896
2020-03-01 23:10,1884
2020-03-01 23:15,1865
2020-03-01 23:20,1841
2020-03-01 23:25,1806
2020-03-01 23:30,1795
2020-03-01 23:35,1770
2020-03-01 23:40,1781
2020-03-01 23:45,1774
2020-03-01 23:50,1743
2020-03-01 23:55,1725
2020-03-02 00:00,1712
2020-03-02 00:05,1709
2020-03-02 00:10,1684
2020-03-02 00:15,1644
2020-03-02 00:20,1620
2020-03-02 00:25,1595
2020-03-02 00:30,1599
2020-03-02 00:35,1596
2020-03-02 00:40,1561
2020-03-02 00:45,1550
2020-03-02 00:50,1547
2020-03-02 00:55,1540
2020-03-02 01:00,1551
2020-03-02 01:05,1554
2020-03-02 01:10,1541
2020-03-02 01:15,1529
2020-03-02 01:20,1524
2020-03-02 01:25,1522
2020-03-02 01:30,1515
2020-03-02 01:35,1512
2020-03-02 01:40,1498
2020-03-02 01:45,1490
2020-03-02 01:50,1471
2020-03-02 01:55,1457
2020-03-02 02:00,1468
2020-03-02 02:05,1472
2020-03-02 02:10,1455
2020-03-02 02:15,1443
2020-03-02 02:20,1426
2020-03-02 02:25,1416
2020-03-02 02:30,1410
2020-03-02 02:35,1395
2020-03-02 02:40,1370
2020-03-02 02:45,1368
2020-03-02 02:50,1364
2020-03-02 02:55,1365
2020-03-02 03:00,1352
2020-03-02 03:05,1349
2020-03-02 03:10,1341
2020-03-02 03:15,1340
2020-03-02 03:20,1332
2020-03-02 03:25,1300
2020-03-02 03:30,1292
2020-03-02 03:35,1293
2020-03-02 03:40,1270
2020-03-02 03:45,1259
2020-03-02 03:50,1257
2020-03-02 03:55,1242
2020-03-02 04:00,1220
2020-03-02 04:05,1198
2020-03-02 04:10,1212
2020-03-02 04:15,1193
2020-03-02 04:20,1185
2020-03-02 04:25,1186
2020-03-02 04:30,1182
2020-03-02 04:35,1157
2020-03-02 04:40,1139
2020-03-02 04:45,1135
2020-03-02 04:50,1123
2020-03-02 04:55,1106
2020-03-02 05:00,1101
2020-03-02 05:05,1094
2020-03-02 05:10,1082
2020-03-02 05:15,1078
2020-03-02 05:20,1073
2020-03-02 05:25,1043
2020-03-02 05:30,1030
2020-03-02 05:35,1016
2020-03-02 05:40,1009
2020-03-02 05:45,1007
2020-03-02 05:50,997
2020-03-02 05:55,992
2020-03-02 06:00,1002
2020-03-02 06:05,995
2020-03-02 06:10,987
2020-03-02 06:15,983
2020-03-02 06:20,984
2020-03-02 06:25,991
2020-03-02 06:30,986
2020-03-02 06:35,967
2020-03-02 06:40,967
2020-03-02 06:45,962
2020-03-02 06:50,949
2020-03-02 06:55,948
2020-03-02 07:00,941
2020-03-02 07:05,938
2020-03-02 07:10,912
2020-03-02 07:15,897
2020-03-02 07:20,900
2020-03-02 07:25,894
2020-03-02 07:30,897
2020-03-02 07:35,892
2020-03-02 07:40,894
2020-03-02 07:45,900
2020-03-02 07:50,902
2020-03-02 07:55,902
2020-03-02 08:00,907
2020-03-02 08:05,915
2020-03-02 08:10,932
2020-03-02 08:15,930
2020-03-02 08:20,940
2020-03-02 08:25,943
2020-03-02 08:30,951
2020-03-02 08:35,956
2020-03-02 08:40,952
2020-03-02 08:45,952
2020-03-02 08:50,948
2020-03-02 08:55,948
2020-03-02 09:00,945
2020-03-02 09:05,946
2020-03-02 09:10,957
2020-03-02 09:15,967
2020-03-02 09:20,989
2020-03-02 09:25,990
2020-03-02 09:30,1004
2020-03-02 09:35,1026
2020-03-02 09:40,1034
2020-03-02 09:45,1042
2020-03-02 09:50,1042
2020-03-02 09:55,1059
2020-03-02 10:00,1080
2020-03-02 10:05,1117
2020-03-02 10:10,1138
2020-03-02 10:15,1158
2020-03-02 10:20,1172
2020-03-02 10:25,1182
2020-03-02 10:30,1189
2020-03-02 10:35,1210
2020-03-02 10:40,1212
2020-03-02 10:45,1215
2020-03-02 10:50,1227
2020-03-02 10:55,1220
2020-03-02 11:00,1229
2020-03-02 11:05,1248
2020-03-02 11:10,1246
2020-03-02 11:15,1249
2020-03-02 11:20,1262
2020-03-02 11:25,1267
2020-03-02 11:30,1281
2020-03-02 11:35,1285
2020-03-02 11:40,1276
2020-03-02 11:45,1279
2020-03-02 11:50,1280
2020-03-02 11:55,1301
2020-03-02 12:00,1303
2020-03-02 12:05,1302
2020-03-02 12:10,1302
2020-03-02 12:15,1323
2020-03-02 12:20,1325
2020-03-02 12:25,1336
2020-03-02 12:30,1340
2020-03-02 12:35,1330
2020-03-02 12:40,1329
2020-03-02 12:45,1358
2020-03-02 12:50,1361
2020-03-02 12:55,1397
2020-03-02 13:00,1413
2020-03-02 13:05,1417
2020-03-02 13:10,1429
2020-03-02 13:15,1445
2020-03-02 13:20,1444
2020-03-02 13:25,1472
2020-03-02 13:30,1484
2020-03-02 13:35,1498
2020-03-02 13:40,1512
2020-03-02 13:45,1538
2020-03-02 13:50,1553
2020-03-02 13:55,1571
2020-03-02 14:00,1577
2020-03-02 14:05,1586
2020-03-02 14:10,1604
2020-03-02 14:15,1598
2020-03-02 14:20,1614
2020-03-02 14:25,1629
2020-03-02 14:30,1645
2020-03-02 14:35,1632
2020-03-02 14:40,1651
2020-03-02 14:45,1659
2020-03-02 14:50,1672
2020-03-02 14:55,1692
2020-03-02 15:00,1696
2020-03-02 15:05,1698
2020-03-02 15:10,1717
2020-03-02 15:15,1717
2020-03-02 15:20,1738
2020-03-02 15:25,1747
2020-03-02 15:30,1764
2020-03-02 15:35,1782
2020-03-02 15:40,1781
2020-03-02 15:45,1794
2020-03-02 15:50,1804
2020-03-02 15:55,1816
2020-03-02 16:00,1826
2020-03-02 16:05,1844
2020-03-02 16:10,1848
2020-03-02 16:15,1876
2020-03-02 16:20,1900
2020-03-02 16:25,1913
2020-03-02 16:30,1936
2020-03-02 16:35,1927
2020-03-02 16:40,1955
2020-03-02 16:45,1968
2020-03-02 16:50,1992
2020-03-02 16:55,2004
2020-03-02 17:00,2010
2020-03-02 17:05,2028
2020-03-02 17:10,2033
2020-03-02 17:15,2049
2020-03-02 17:20,2057
2020-03-02 17:25,2053
2020-03-02 17:30,2058
2020-03-02 17:35,2093
2020-03-02 17:40,2102
2020-03-02 17:45,2108
2020-03-02 17:50,2131
2020-03-02 17:55,2160
2020-03-02 18:00,2173
2020-03-02 18:05,2180
2020-03-02 18:10,2205
2020-03-02 18:15,2206
2020-03-02 18:20,2189
2020-03-02 18:25,2203
2020-03-02 18:30,2215
2020-03-02 18:35,2219
2020-03-02 18:40,2250
2020-03-02 18:45,2265
2020-03-02 18:50,2276
2020-03-02 18:55,2278
2020-03-02 19:00,2268
2020-03-02 19:05,2280
2020-03-02 19:10,2281
2020-03-02 19:15,2298
2020-03-02 19:20,2288
2020-03-02 19:25,2296
2020-03-02 19:30,2308
2020-03-02 19:35,2314
2020-03-02 19:40,2313
2020-03-02 19:45,2313
2020-03-02 19:50,2298
2020-03-02 19:55,2283
2020-03-02 20:00,2273
2020-03-02 20:05,2257
2020-03-02 20:10,2257
2020-03-02 20:15,2229
2020-03-02 20:20,2244
2020-03-02 20:25,2241
2020-03-02 20:30,2228
2020-03-02 20:35,2197
2020-03-02 20:40,2182
2020-03-02 20:45,2161
2020-03-02 20:50,2166
2020-03-02 20:55,2155
2020-03-02 21:00,2145
2020-03-02 21:05,2121
2020-03-02 21:10,2100
2020-03-02 21:15,2090
2020-03-02 21:20,2087
2020-03-02 21:25,2068
2020-03-02 21:30,2057
2020-03-02 21:35,2028
2020-03-02 21:40,2018
2020-03-02 21:45,2007
2020-03-02 21:50,1975
2020-03-02 21:55,1940
2020-03-02 22:00,1945
2020-03-02 22:05,1922
2020-03-02 22:10,1896
2020-03-02 22:15,1834
2020-03-02 22:20,1811
2020-03-02 22:25,1827
2020-03-02 22:30,1820
2020-03-02 22:35,1822
2020-03-02 22:40,1791
2020-03-02 22:45,1804
2020-03-02 22:50,1781
2020-03-02 22:55,1777
2020-03-02 23:00,1767
2020-03-02 23:05,1752
2020-03-02 23:10,1732
2020-03-02 23:15,1726
2020-03-02 23:20,1730
2020-03-02 23:25,1720
2020-03-02 23:30,1697
2020-03-02 23:35,1679
2020-03-02 23:40,1661
2020-03-02 23:45,1640
2020-03-02 23:50,1617
2020-03-02 23:55,1630
2020-03-03 00:00,1615
2020-03-03 00:05,1627
2020-03-03 00:10,1613
2020-03-03 00:15,1610
2020-03-03 00:20,1586
2020-03-03 00:25,1572
2020-03-03 00:30,1557
2020-03-03 00:35,1547
2020-03-03 00:40,1559
2020-03-03 00:45,1566
2020-03-03 00:50,1574
2020-03-03 00:55,1568
2020-03-03 01:00,1547
2020-03-03 01:05,1539
2020-03-03 01:10,1531
2020-03-03 01:15,1497
2020-03-03 01:20,1487
2020-03-03 01:25,1483
2020-03-03 01:30,1468
2020-03-03 01:35,1457
2020-03-03 01:40,1435
2020-03-03 01:45,1436
2020-03-03 01:50,1425
2020-03-03 01:55,1429
2020-03-03 02:00,1425
2020-03-03 02:05,1439
2020-03-03 02:10,1434
2020-03-03 02:15,1431
2020-03-03 02:20,1410
2020-03-03 02:25,1403
2020-03-03 02:30,1400
2020-03-03 02:35,1383
2020-03-03 02:40,1367
2020-03-03 02:45,1358
2020-03-03 02:50,1345
2020-03-03 02:55,1320
2020-03-03 03:00,1320
2020-03-03 03:05,1307
2020-03-03 03:10,1293
2020-03-03 03:15,1296
2020-03-03 03:20,1309
2020-03-03 03:25,1302
2020-03-03 03:30,1288
2020-03-03 03:35,1271
2020-03-03 03:40,1263
2020-03-03 03:45,1260
2020-03-03 03:50,1246
2020-03-03 03:55,1231
2020-03-03 04:00,1218
2020-03-03 04:05,1207
2020-03-03 04:10,1208
2020-03-03 04:15,1189
2020-03-03 04:20,1183
2020-03-03 04:25,1168
2020-03-03 04:30,1151
2020-03-03 04:35,1146
2020-03-03 04:40,1132
2020-03-03 04:45,1110
2020-03-03 04:50,1093
2020-03-03 04:55,1074
2020-03-03 05:00,1053
2020-03-03 05:05,1053
2020-03-03 05:10,1043
2020-03-03 05:15,1012
2020-03-03 05:20,1005
2020-03-03 05:25,999
2020-03-03 05:30,989
2020-03-03 05:35,974
2020-03-03 05:40,976
2020-03-03 05:45,970
2020-03-03 05:50,969
2020-03-03 05:55,959
2020-03-03 06:00,952
2020-03-03 06:05,952
2020-03-03 06:10,952
2020-03-03 06:15,949
2020-03-03 06:20,941
2020-03-03 06:25,946
2020-03-03 06:30,942
2020-03-03 06:35,934
2020-03-03 06:40,916
2020-03-03 06:45,902
2020-03-03 06:50,916
2020-03-03 06:55,905
2020-03-03 07:00,895
2020-03-03 07:05,898
2020-03-03 07:10,881
2020-03-03 07:15,871
2020-03-03 07:20,891
2020-03-03 07:25,876
2020-03-03 07:30,879
2020-03-03 07:35,887
2020-03-03 07:40,887
2020-03-03 07:45,891
2020-03-03 07:50,895
2020-03-03 07:55,907
2020-03-03 08:00,910
2020-03-03 08:05,903
2020-03-03 08:10,899
2020-03-03 08:15,916
2020-03-03 08:20,918
2020-03-03 08:25,898
2020-03-03 08:30,908
2020-03-03 08:35,921
2020-03-03 08:40,937
2020-03-03 08:45,933
2020-03-03 08:50,940
2020-03-03 08:55,945
2020-03-03 09:00,956
2020-03-03 09:05,954
2020-03-03 09:10,951
2020-03-03 09:15,963
2020-03-03 09:20,985
2020-03-03 09:25,998
2020-03-03 09:30,1008
2020-03-03 09:35,1022
2020-03-03 09:40,1046
2020-03-03 09:45,1034
2020-03-03 09:50,1048
2020-03-03 09:55,1058
2020-03-03 10:00,1081
2020-03-03 10:05,1098
2020-03-03 10:10,1105
2020-03-03 10:15,1125
2020-03-03 10:20,1134
2020-03-03 10:25,1131
2020-03-03 10:30,1129
2020-03-03 10:35,1143
2020-03-03 10:40,1159
2020-03-03 10:45,1176
2020-03-03 10:50,1192
2020-03-03 10:55,1206
2020-03-03 11:00,1219
2020-03-03 11:05,1238
2020-03-03 11:10,1240
2020-03-03 11:15,1244
2020-03-03 11:20,1252
2020-03-03 11:25,1256
2020-03-03 11:30,1246
2020-03-03 11:35,1253
2020-03-03 11:40,1260
2020-03-03 11:45,1257
2020-03-03 11:50,1264
2020-03-03 11:55,1275
2020-03-03 12:00,1271
2020-03-03 12:05,1271
2020-03-03 12:10,1272
2020-03-03 12:15,1300
2020-03-03 12:20,1318
2020-03-03 12:25,1341
2020-03-03 12:30,1344
2020-03-03 12:35,1337
2020-03-03 12:40,1351
2020-03-03 12:45,1346
2020-03-03 12:50,1349
2020-03-03 12:55,1357
2020-03-03 13:00,1366
2020-03-03 13:05,1387
2020-03-03 13:10,1397
2020-03-03 13:15,1403
2020-03-03 13:20,1409
2020-03-03 13:25,1420
2020-03-03 13:30,1427
2020-03-03 13:35,1438
2020-03-03 13:40,1447
2020-03-03 13:45,1470
2020-03-03 13:50,1479
2020-03-03 13:55,1494
2020-03-03 14:00,1504
2020-03-03 14:05,1508
2020-03-03 14:10,1501
2020-03-03 14:15,1511
2020-03-03 14:20,1511
2020-03-03 14:25,1515
2020-03-03 14:30,1501
2020-03-03 14:35,1513
2020-03-03 14:40,1540
2020-03-03 14:45,1566
2020-03-03 14:50,1582
2020-03-03 14:55,1577
2020-03-03 15:00,1604
2020-03-03 15:05,1636
2020-03-03 15:10,1659
2020-03-03 15:15,1685
2020-03-03 15:20,1684
2020-03-03 15:25,1695
2020-03-03 15:30,1710
2020-03-03 15:35,1702
2020-03-03 15:40,1712
2020-03-03 15:45,1714
2020-03-03 15:50,1738
2020-03-03 15:55,1745
2020-03-03 16:00,1737
2020-03-03 16:05,1769
2020-03-03 16:10,1766
2020-03-03 16:15,1775
2020-03-03 16:20,1796
2020-03-03 16:25,1793
2020-03-03 16:30,1798
2020-03-03 16:35,1797
2020-03-03 16:40,1840
2020-03-03 16:45,1856
2020-03-03 16:50,1879
2020-03-03 16:55,1902
2020-03-03 17:00,1898
2020-03-03 17:05,1913
2020-03-03 17:10,1939
2020-03-03 17:15,1935
2020-03-03 17:20,1964
2020-03-03 17:25,1966
2020-03-03 17:30,1993
2020-03-03 17:35,2013
2020-03-03 17:40,2035
2020-03-03 17:45,2044
2020-03-03 17:50,2048
2020-03-03 17:55,2061
2020-03-03 18:00,2060
2020-03-03 18:05,2070
2020-03-03 18:10,2089
2020-03-03 18:15,2113
2020-03-03 18:20,2130
2020-03-03 18:25,2135
2020-03-03 18:30,2147
2020-03-03 18:35,2169
2020-03-03 18:40,2172
2020-03-03 18:45,2174
2020-03-03 18:50,2186
2020-03-03 18:55,2170
2020-03-03 19:00,2168
2020-03-03 19:05,2179
2020-03-03 19:10,2167
2020-03-03 19:15,2165
2020-03-03 19:20,2176
2020-03-03 19:25,2167
2020-03-03 19:30,2167
2020-03-03 19:35,2163
2020-03-03 19:40,2170
2020-03-03 19:45,2172
2020-03-03 19:50,2160
2020-03-03 19:55,2151
2020-03-03 20:00,2157
2020-03-03 20:05,2146
2020-03-03 20:10,2139
2020-03-03 20:15,2110
2020-03-03 20:20,2118
2020-03-03 20:25,2103
2020-03-03 20:30,2095
2020-03-03 20:35,2099
2020-03-03 20:40,2099
2020-03-03 20:45,2103
2020-03-03 20:50,2086
2020-03-03 20:55,2053
2020-03-03 21:00,2050
2020-03-03 21:05,2052
2020-03-03 21:10,2046
2020-03-03 21:15,2045
2020-03-03 21:20,2030
2020-03-03 21:25,2004
2020-03-03 21:30,1983
2020-03-03 21:35,1959
2020-03-03 21:40,1927
2020-03-03 21:45,1920
2020-03-03 21:50,1917
2020-03-03 21:55,1897
2020-03-03 22:00,1876
2020-03-03 22:05,1863
2020-03-03 22:10,1830
2020-03-03 22:15,1801
2020-03-03 22:20,1775
2020-03-03 22:25,1762
2020-03-03 22:30,1752
2020-03-03 22:35,1757
2020-03-03 22:40,1718
2020-03-03 22:45,1692
2020-03-03 22:50,1699
2020-03-03 22:55,1683
2020-03-03 23:00,1666
2020-03-03 23:05,1645
2020-03-03 23:10,0
2020-03-03 23:15,975
2020-03-03 23:20,1447
2020-03-03 23:25,1597
2020-03-03 23:30,1573
2020-03-03 23:35,1546
2020-03-03 23:40,1555
2020-03-03 23:45,1574
2020-03-03 23:50,1568
2020-03-03 23:55,1561
2020-03-04 00:00,1560
2020-03-04 00:05,1540
2020-03-04 00:10,1530
2020-03-04 00:15,1526
2020-03-04 00:20,1474
2020-03-04 00:25,1488
2020-03-04 00:30,1482
2020-03-04 00:35,1466
2020-03-04 00:40,1463
2020-03-04 00:45,1451
2020-03-04 00:50,1439
2020-03-04 00:55,1449
2020-03-04 01:00,1440
2020-03-04 01:05,1430
2020-03-04 01:10,1417
2020-03-04 01:15,1430
2020-03-04 01:20,1422
2020-03-04 01:25,1431
2020-03-04 01:30,1434
2020-03-04 01:35,1436
2020-03-04 01:40,1439
2020-03-04 01:45,1425
2020-03-04 01:50,1422
2020-03-04 01:55,1428
2020-03-04 02:00,1413
2020-03-04 02:05,1412
2020-03-04 02:10,1389
2020-03-04 02:15,1372
2020-03-04 02:20,1366
2020-03-04 02:25,1370
2020-03-04 02:30,1363
2020-03-04 02:35,1353
2020-03-04 02:40,1341
2020-03-04 02:45,1327
2020-03-04 02:50,1305
2020-03-04 02:55,1285
2020-03-04 03:00,1272
2020-03-04 03:05,1260
2020-03-04 03:10,1263
2020-03-04 03:15,1257
2020-03-04 03:20,1245
2020-03-04 03:25,1243
2020-03-04 03:30,1237
2020-03-04 03:35,1226
2020-03-04 03:40,1242
2020-03-04 03:45,1228
2020-03-04 03:50,1228
2020-03-04 03:55,1213
2020-03-04 04:00,1188
2020-03-04 04:05,1179
2020-03-04 04:10,1173
2020-03-04 04:15,1165
2020-03-04 04:20,1155
2020-03-04 04:25,1140
2020-03-04 04:30,1119
2020-03-04 04:35,1124
2020-03-04 04:40,1108
2020-03-04 04:45,1094
2020-03-04 04:50,1098
2020-03-04 04:55,1094
2020-03-04 05:00,1084
2020-03-04 05:05,1058
2020-03-04 05:10,1036
2020-03-04 05:15,1013
2020-03-04 05:20,991
2020-03-04 05:25,998
2020-03-04 05:30,977
2020-03-04 05:35,955
2020-03-04 05:40,943
2020-03-04 05:45,934
2020-03-04 05:50,930
2020-03-04 05:55,926
2020-03-04 06:00,916
2020-03-04 06:05,914
2020-03-04 06:10,916
2020-03-04 06:15,896
2020-03-04 06:20,895
2020-03-04 06:25,900
2020-03-04 06:30,872
2020-03-04 06:35,879
2020-03-04 06:40,877
2020-03-04 06:45,851
2020-03-04 06:50,853
2020-03-04 06:55,859
2020-03-04 07:00,860
2020-03-04 07:05,861
2020-03-04 07:10,862
2020-03-04 07:15,864
2020-03-04 07:20,879
2020-03-04 07:25,879
2020-03-04 07:30,892
2020-03-04 07:35,886
2020-03-04 07:40,893
2020-03-04 07:45,905
2020-03-04 07:50,902
2020-03-04 07:55,899
2020-03-04 08:00,899
2020-03-04 08:05,922
2020-03-04 08:10,923
2020-03-04 08:15,931
2020-03-04 08:20,947
2020-03-04 08:25,950
2020-03-04 08:30,955
2020-03-04 08:35,940
2020-03-04 08:40,944
2020-03-04 08:45,949
2020-03-04 08:50,951
2020-03-04 08:55,951
2020-03-04 09:00,973
2020-03-04 09:05,962
2020-03-04 09:10,976
2020-03-04 09:15,974
2020-03-04 09:20,981
2020-03-04 09:25,988
2020-03-04 09:30,991
2020-03-04 09:35,988
2020-03-04 09:40,1009
2020-03-04 09:45,1007
2020-03-04 09:50,1021
2020-03-04 09:55,1024
2020-03-04 10:00,1041
2020-03-04 10:05,1048
2020-03-04 10:10,1058
2020-03-04 10:15,1080
2020-03-04 10:20,1092
2020-03-04 10:25,1094
2020-03-04 10:30,1111
2020-03-04 10:35,1124
2020-03-04 10:40,1152
2020-03-04 10:45,1138
2020-03-04 10:50,1140
2020-03-04 10:55,1150
2020-03-04 11:00,1155
2020-03-04 11:05,1168
2020-03-04 11:10,1178
2020-03-04 11:15,1185
2020-03-04 11:20,1169
2020-03-04 11:25,1192
2020-03-04 11:30,1196
2020-03-04 11:35,1186
2020-03-04 11:40,1203
2020-03-04 11:45,1206
2020-03-04 11:50,1229
2020-03-04 11:55,1241
2020-03-04 12:00,1253
2020-03-04 12:05,1261
2020-03-04 12:10,1284
2020-03-04 12:15,1289
2020-03-04 12:20,1292
2020-03-04 12:25,1282
2020-03-04 12:30,1292
2020-03-04 12:35,1280
2020-03-04 12:40,1299
2020-03-04 12:45,1325
2020-03-04 12:50,1348
2020-03-04 12:55,1367
2020-03-04 13:00,1381
2020-03-04 13:05,1379
2020-03-04 13:10,1388
2020-03-04 13:15,1401
2020-03-04 13:20,1396
2020-03-04 13:25,1409
2020-03-04 13:30,1428
2020-03-04 13:35,1437
2020-03-04 13:40,1446
2020-03-04 13:45,1445
2020-03-04 13:50,1462
2020-03-04 13:55,1470
2020-03-04 14:00,1485
2020-03-04 14:05,1514
2020-03-04 14:10,1534
2020-03-04 14:15,1553
2020-03-04 14:20,1549
2020-03-04 14:25,1544
2020-03-04 14:30,1566
2020-03-04 14:35,1560
2020-03-04 14:40,1587
2020-03-04 14:45,1612
2020-03-04 14:50,1608
2020-03-04 14:55,1604
2020-03-04 15:00,1601
2020-03-04 15:05,1605
2020-03-04 15:10,1612
2020-03-04 15:15,1631
2020-03-04 15:20,1634
2020-03-04 15:25,1643
2020-03-04 15:30,1639
2020-03-04 15:35,1649
2020-03-04 15:40,1658
2020-03-04 15:45,1661
2020-03-04 15:50,1678
2020-03-04 15:55,1699
2020-03-04 16:00,1734
2020-03-04 16:05,1730
2020-03-04 16:10,1738
2020-03-04 16:15,1741
2020-03-04 16:20,1766
2020-03-04 16:25,1792
2020-03-04 16:30,1811
2020-03-04 16:35,1831
2020-03-04 16:40,1869
2020-03-04 16:45,1862
2020-03-04 16:50,1882
2020-03-04 16:55,1903
2020-03-04 17:00,1917
2020-03-04 17:05,1929
2020-03-04 17:10,1931
2020-03-04 17:15,1981
2020-03-04 17:20,1987
2020-03-04 17:25,2017
2020-03-04 17:30,2020
2020-03-04 17:35,2043
2020-03-04 17:40,2053
2020-03-04 17:45,2072
2020-03-04 17:50,2071
2020-03-04 17:55,2081
2020-03-04 18:00,2069
2020-03-04 18:05,2064
2020-03-04 18:10,2076
2020-03-04 18:15,2075
2020-03-04 18:20,2090
2020-03-04 18:25,2092
2020-03-04 18:30,2081
2020-03-04 18:35,2108
2020-03-04 18:40,2119
2020-03-04 18:45,2122
2020-03-04 18:50,2113
2020-03-04 18:55,2128
2020-03-04 19:00,2125
2020-03-04 19:05,2121
2020-03-04 19:10,2140
2020-03-04 19:15,2119
2020-03-04 19:20,2150
2020-03-04 19:25,2137
2020-03-04 19:30,2163
2020-03-04 19:35,2163
2020-03-04 19:40,2163
2020-03-04 19:45,2169
2020-03-04 19:50,2160
2020-03-04 19:55,2165
2020-03-04 20:00,2144
2020-03-04 20:05,2138
2020-03-04 20:10,2117
2020-03-04 20:15,2127
2020-03-04 20:20,2139
2020-03-04 20:25,2133
2020-03-04 20:30,2147
2020-03-04 20:35,2147
2020-03-04 20:40,2258
2020-03-04 20:45,2236
2020-03-04 20:50,2232
2020-03-04 20:55,2215
2020-03-04 21:00,2181
2020-03-04 21:05,2164
2020-03-04 21:10,2112
2020-03-04 21:15,2011
2020-03-04 21:20,2000
2020-03-04 21:25,1983
2020-03-04 21:30,1965
2020-03-04 21:35,1949
2020-03-04 21:40,1954
2020-03-04 21:45,1954
2020-03-04 21:50,1946
2020-03-04 21:55,1931
2020-03-04 22:00,1894
2020-03-04 22:05,1853
2020-03-04 22:10,1832
2020-03-04 22:15,1822
2020-03-04 22:20,1806
2020-03-04 22:25,1788
2020-03-04 22:30,1765
2020-03-04 22:35,1732
2020-03-04 22:40,1716
2020-03-04 22:45,1692
2020-03-04 22:50,1684
2020-03-04 22:55,1668
2020-03-04 23:00,1666
2020-03-04 23:05,1651
2020-03-04 23:10,1651
2020-03-04 23:15,1617
2020-03-04 23:20,1598
2020-03-04 23:25,1582
2020-03-04 23:30,1539
2020-03-04 23:35,1523
2020-03-04 23:40,1523
2020-03-04 23:45,1523
2020-03-04 23:50,1526
2020-03-04 23:55,1506
2020-03-05 00:00,1509
2020-03-05 00:05,1488
2020-03-05 00:10,1480
2020-03-05 00:15,1458
2020-03-05 00:20,1437
2020-03-05 00:25,1431
2020-03-05 00:30,1422
2020-03-05 00:35,1425
2020-03-05 00:40,1424
2020-03-05 00:45,1433
2020-03-05 00:50,1420
2020-03-05 00:55,1391
2020-03-05 01:00,1396
2020-03-05 01:05,1402
2020-03-05 01:10,1384
2020-03-05 01:15,1385
2020-03-05 01:20,1392
2020-03-05 01:25,1382
2020-03-05 01:30,1354
2020-03-05 01:35,1317
2020-03-05 01:40,1336
2020-03-05 01:45,1349
2020-03-05 01:50,1324
2020-03-05 01:55,1323
2020-03-05 02:00,1328
2020-03-05 02:05,1318
2020-03-05 02:10,1307
2020-03-05 02:15,1298
2020-03-05 02:20,1300
2020-03-05 02:25,1300
2020-03-05 02:30,1268
2020-03-05 02:35,1261
2020-03-05 02:40,1265
2020-03-05 02:45,1279
2020-03-05 02:50,1270
2020-03-05 02:55,1247
2020-03-05 03:00,1237
2020-03-05 03:05,1240
2020-03-05 03:10,1219
2020-03-05 03:15,1212
2020-03-05 03:20,1203
2020-03-05 03:25,1198
2020-03-05 03:30,1177
2020-03-05 03:35,1149
2020-03-05 03:40,1147
2020-03-05 03:45,1143
2020-03-05 03:50,1132
2020-03-05 03:55,1125
2020-03-05 04:00,1136
2020-03-05 04:05,1126
2020-03-05 04:10,1103
2020-03-05 04:15,1094
2020-03-05 04:20,1084
2020-03-05 04:25,1075
2020-03-05 04:30,1063
2020-03-05 04:35,1053
2020-03-05 04:40,1051
2020-03-05 04:45,1038
2020-03-05 04:50,1023
2020-03-05 04:55,1009
2020-03-05 05:00,982
2020-03-05 05:05,974
2020-03-05 05:10,946
2020-03-05 05:15,951
2020-03-05 05:20,945
2020-03-05 05:25,941
2020-03-05 05:30,931
2020-03-05 05:35,927
2020-03-05 05:40,917
2020-03-05 05:45,912
2020-03-05 05:50,916
2020-03-05 05:55,910
2020-03-05 06:00,898
2020-03-05 06:05,899
2020-03-05 06:10,871
2020-03-05 06:15,867
2020-03-05 06:20,865
2020-03-05 06:25,844
2020-03-05 06:30,851
2020-03-05 06:35,850
2020-03-05 06:40,849
2020-03-05 06:45,843
2020-03-05 06:50,841
2020-03-05 06:55,869
2020-03-05 07:00,878
2020-03-05 07:05,881
2020-03-05 07:10,880
2020-03-05 07:15,877
2020-03-05 07:20,867
2020-03-05 07:25,850
2020-03-05 07:30,856
2020-03-05 07:35,849
2020-03-05 07:40,851
2020-03-05 07:45,862
2020-03-05 07:50,858
2020-03-05 07:55,865
2020-03-05 08:00,873
2020-03-05 08:05,870
2020-03-05 08:10,870
2020-03-05 08:15,869
2020-03-05 08:20,879
2020-03-05 08:25,883
2020-03-05 08:30,906
2020-03-05 08:35,902
2020-03-05 08:40,905
2020-03-05 08:45,920
2020-03-05 08:50,906
2020-03-05 08:55,912
2020-03-05 09:00,930
2020-03-05 09:05,931
2020-03-05 09:10,938
2020-03-05 09:15,922
2020-03-05 09:20,930
2020-03-05 09:25,943
2020-03-05 09:30,945
2020-03-05 09:35,965
2020-03-05 09:40,969
2020-03-05 09:45,993
2020-03-05 09:50,1007
2020-03-05 09:55,1007
2020-03-05 10:00,1031
2020-03-05 10:05,1052
2020-03-05 10:10,1069
2020-03-05 10:15,1068
2020-03-05 10:20,1096
2020-03-05 10:25,1108
2020-03-05 10:30,1092
2020-03-05 10:35,1101
2020-03-05 10:40,1110
2020-03-05 10:45,1114
2020-03-05 10:50,1124
2020-03-05 10:55,1136
2020-03-05 11:00,1145
2020-03-05 11:05,1151
2020-03-05 11:10,1157
2020-03-05 11:15,1175
2020-03-05 11:20,1183
2020-03-05 11:25,1193
2020-03-05 11:30,1197
2020-03-05 11:35,1193
2020-03-05 11:40,1193
2020-03-05 11:45,1216
2020-03-05 11:50,1228
2020-03-05 11:55,1225
2020-03-05 12:00,1236
2020-03-05 12:05,1243
2020-03-05 12:10,1248
2020-03-05 12:15,1253
2020-03-05 12:20,1253
2020-03-05 12:25,1257
2020-03-05 12:30,1274
2020-03-05 12:35,1263
2020-03-05 12:40,1260
2020-03-05 12:45,1267
2020-03-05 12:50,1259
2020-03-05 12:55,1273
2020-03-05 13:00,1247
2020-03-05 13:05,1260
2020-03-05 13:10,1281
2020-03-05 13:15,1308
2020-03-05 13:20,1307
2020-03-05 13:25,1303
2020-03-05 13:30,1317
2020-03-05 13:35,1310
2020-03-05 13:40,1268
2020-03-05 13:45,1258
2020-03-05 13:50,1224
2020-03-05 13:55,1148
2020-03-05 14:00,964
2020-03-05 14:05,511
2020-03-05 14:10,465
2020-03-05 14:15,477
2020-03-05 14:20,442
2020-03-05 14:25,441
2020-03-05 14:30,444
2020-03-05 14:35,432
2020-03-05 14:40,440
2020-03-05 14:45,440
2020-03-05 14:50,459
2020-03-05 14:55,480
2020-03-05 15:00,466
2020-03-05 15:05,485
2020-03-05 15:10,492
2020-03-05 15:15,506
2020-03-05 15:20,500
2020-03-05 15:25,513
2020-03-05 15:30,518
2020-03-05 15:35,562
2020-03-05 15:40,569
2020-03-05 15:45,574
2020-03-05 15:50,581
2020-03-05 15:55,593
2020-03-05 16:00,642
2020-03-05 16:05,766
2020-03-05 16:10,854
2020-03-05 16:15,935
2020-03-05 16:20,1012
2020-03-05 16:25,1071
2020-03-05 16:30,1116
2020-03-05 16:35,1191
2020-03-05 16:40,1261
2020-03-05 16:45,1323
2020-03-05 16:50,1372
2020-03-05 16:55,1395
2020-03-05 17:00,1437
2020-03-05 17:05,1479
2020-03-05 17:10,1575
2020-03-05 17:15,1656
2020-03-05 17:20,1693
2020-03-05 17:25,1726
2020-03-05 17:30,1671
2020-03-05 17:35,1618
2020-03-05 17:40,1553
2020-03-05 17:45,1491
2020-03-05 17:50,1443
2020-03-05 17:55,1392
2020-03-05 18:00,1345
2020-03-05 18:05,1338
2020-03-05 18:10,1309
2020-03-05 18:15,1357
2020-03-05 18:20,1596
2020-03-05 18:25,1738
2020-03-05 18:30,1814
2020-03-05 18:35,1890
2020-03-05 18:40,1958
2020-03-05 18:45,2029
2020-03-05 18:50,2071
2020-03-05 18:55,2126
2020-03-05 19:00,2160
2020-03-05 19:05,2193
2020-03-05 19:10,2224
2020-03-05 19:15,2240
2020-03-05 19:20,2249
2020-03-05 19:25,2260
2020-03-05 19:30,2284
2020-03-05 19:35,2269
2020-03-05 19:40,2283
2020-03-05 19:45,2291
2020-03-05 19:50,2300
2020-03-05 19:55,2310
2020-03-05 20:00,2290
2020-03-05 20:05,2285
2020-03-05 20:10,2266
2020-03-05 20:15,2252
2020-03-05 20:20,2227
2020-03-05 20:25,2230
2020-03-05 20:30,2220
2020-03-05 20:35,2211
2020-03-05 20:40,2223
2020-03-05 20:45,2191
2020-03-05 20:50,2188
2020-03-05 20:55,2146
2020-03-05 21:00,2145
2020-03-05 21:05,2117
2020-03-05 21:10,2085
2020-03-05 21:15,2045
2020-03-05 21:20,2009
2020-03-05 21:25,2004
2020-03-05 21:30,1990
2020-03-05 21:35,1979
2020-03-05 21:40,1977
2020-03-05 21:45,1956
2020-03-05 21:50,1922
2020-03-05 21:55,1916
2020-03-05 22:00,1918
2020-03-05 22:05,1890
2020-03-05 22:10,1860
2020-03-05 22:15,1859
2020-03-05 22:20,1852
2020-03-05 22:25,1852
2020-03-05 22:30,1842
2020-03-05 22:35,1811
2020-03-05 22:40,1796
2020-03-05 22:45,1790
2020-03-05 22:50,1771
2020-03-05 22:55,1745
2020-03-05 23:00,1734
2020-03-05 23:05,1705
2020-03-05 23:10,1672
2020-03-05 23:15,1658
2020-03-05 23:20,1644
2020-03-05 23:25,1634
2020-03-05 23:30,1619
2020-03-05 23:35,1618
2020-03-05 23:40,1616
2020-03-05 23:45,1611
2020-03-05 23:50,1602
2020-03-05 23:55,1591
2020-03-06 00:00,1568
2020-03-06 00:05,1553
2020-03-06 00:10,1540
2020-03-06 00:15,1528
2020-03-06 00:20,1536
2020-03-06 00:25,1521
2020-03-06 00:30,1499
2020-03-06 00:35,1502
2020-03-06 00:40,1493
2020-03-06 00:45,1482
2020-03-06 00:50,1476
2020-03-06 00:55,1497
2020-03-06 01:00,1476
2020-03-06 01:05,1482
2020-03-06 01:10,1499
2020-03-06 01:15,1491
2020-03-06 01:20,1476
2020-03-06 01:25,1476
2020-03-06 01:30,1451
2020-03-06 01:35,1430
2020-03-06 01:40,1440
2020-03-06 01:45,1440
2020-03-06 01:50,1432
2020-03-06 01:55,1432
2020-03-06 02:00,1439
2020-03-06 02:05,1413
2020-03-06 02:10,1409
2020-03-06 02:15,1390
2020-03-06 02:20,1395
2020-03-06 02:25,1368
2020-03-06 02:30,1352
2020-03-06 02:35,1352
2020-03-06 02:40,1344
2020-03-06 02:45,1331
2020-03-06 02:50,1304
2020-03-06 02:55,1304
2020-03-06 03:00,1298
2020-03-06 03:05,1309
2020-03-06 03:10,1312
2020-03-06 03:15,1306
2020-03-06 03:20,1317
2020-03-06 03:25,1299
2020-03-06 03:30,1303
2020-03-06 03:35,1288
2020-03-06 03:40,1268
2020-03-06 03:45,1246
2020-03-06 03:50,1240
2020-03-06 03:55,1220
2020-03-06 04:00,1196
2020-03-06 04:05,1196
2020-03-06 04:10,1172
2020-03-06 04:15,1166
2020-03-06 04:20,1158
2020-03-06 04:25,1140
2020-03-06 04:30,1141
2020-03-06 04:35,1135
2020-03-06 04:40,1130
2020-03-06 04:45,1128
2020-03-06 04:50,1135
2020-03-06 04:55,1125
2020-03-06 05:00,1109
2020-03-06 05:05,1097
2020-03-06 05:10,1094
2020-03-06 05:15,1077
2020-03-06 05:20,1076
2020-03-06 05:25,1080
2020-03-06 05:30,1077
2020-03-06 05:35,1073
2020-03-06 05:40,1064
2020-03-06 05:45,1049
2020-03-06 05:50,1058
2020-03-06 05:55,1044
2020-03-06 06:00,1038
2020-03-06 06:05,1016
2020-03-06 06:10,1001
2020-03-06 06:15,1006
2020-03-06 06:20,986
2020-03-06 06:25,978
2020-03-06 06:30,970
2020-03-06 06:35,954
2020-03-06 06:40,947
2020-03-06 06:45,938
2020-03-06 06:50,948
2020-03-06 06:55,957
2020-03-06 07:00,948
2020-03-06 07:05,954
2020-03-06 07:10,944
2020-03-06 07:15,942
2020-03-06 07:20,934
2020-03-06 07:25,928
2020-03-06 07:30,926
2020-03-06 07:35,920
2020-03-06 07:40,926
2020-03-06 07:45,931
2020-03-06 07:50,918
2020-03-06 07:55,930
2020-03-06 08:00,919
2020-03-06 08:05,925
2020-03-06 08:10,931
2020-03-06 08:15,950
2020-03-06 08:20,944
2020-03-06 08:25,944
2020-03-06 08:30,942
2020-03-06 08:35,939
2020-03-06 08:40,947
2020-03-06 08:45,950
2020-03-06 08:50,961
2020-03-06 08:55,969
2020-03-06 09:00,974
2020-03-06 09:05,965
2020-03-06 09:10,963
2020-03-06 09:15,975
2020-03-06 09:20,986
2020-03-06 09:25,1004
2020-03-06 09:30,1010
2020-03-06 09:35,1029
2020-03-06 09:40,1044
2020-03-06 09:45,1060
2020-03-06 09:50,1067
2020-03-06 09:55,1102
2020-03-06 10:00,1108
2020-03-06 10:05,1125
2020-03-06 10:10,1141
2020-03-06 10:15,1160
2020-03-06 10:20,1178
2020-03-06 10:25,1183
2020-03-06 10:30,1195
2020-03-06 10:35,1195
2020-03-06 10:40,1193
2020-03-06 10:45,1213
2020-03-06 10:50,1228
2020-03-06 10:55,1226
2020-03-06 11:00,1227
2020-03-06 11:05,1226
2020-03-06 11:10,1238
2020-03-06 11:15,1247
2020-03-06 11:20,1264
2020-03-06 11:25,1269
2020-03-06 11:30,1285
2020-03-06 11:35,1283
2020-03-06 11:40,1292
2020-03-06 11:45,1286
2020-03-06 11:50,1292
2020-03-06 11:55,1316
2020-03-06 12:00,1336
2020-03-06 12:05,1347
2020-03-06 12:10,1349
2020-03-06 12:15,1385
2020-03-06 12:20,1377
2020-03-06 12:25,1393
2020-03-06 12:30,1400
2020-03-06 12:35,1411
2020-03-06 12:40,1427
2020-03-06 12:45,1439
2020-03-06 12:50,1438
2020-03-06 12:55,1435
2020-03-06 13:00,1439
2020-03-06 13:05,1464
2020-03-06 13:10,1485
2020-03-06 13:15,1483
2020-03-06 13:20,1493
2020-03-06 13:25,1509
2020-03-06 13:30,1511
2020-03-06 13:35,1522
2020-03-06 13:40,1533
2020-03-06 13:45,1566
2020-03-06 13:50,1574
2020-03-06 13:55,1580
2020-03-06 14:00,1569
2020-03-06 14:05,1610
2020-03-06 14:10,1636
2020-03-06 14:15,1649
2020-03-06 14:20,1659
2020-03-06 14:25,1670
2020-03-06 14:30,1682
2020-03-06 14:35,1693
2020-03-06 14:40,1687
2020-03-06 14:45,1708
2020-03-06 14:50,1714
2020-03-06 14:55,1725
2020-03-06 15:00,1731
2020-03-06 15:05,1750
2020-03-06 15:10,1763
2020-03-06 15:15,1776
2020-03-06 15:20,1788
2020-03-06 15:25,1807
2020-03-06 15:30,1796
2020-03-06 15:35,1796
2020-03-06 15:40,1819
2020-03-06 15:45,1807
2020-03-06 15:50,1833
2020-03-06 15:55,1853
2020-03-06 16:00,1867
2020-03-06 16:05,1876
2020-03-06 16:10,1893
2020-03-06 16:15,1891
2020-03-06 16:20,1919
2020-03-06 16:25,1903
2020-03-06 16:30,1906
2020-03-06 16:35,1946
2020-03-06 16:40,1956
2020-03-06 16:45,1967
2020-03-06 16:50,1979
2020-03-06 16:55,1987
2020-03-06 17:00,2027
2020-03-06 17:05,2047
2020-03-06 17:10,2056
2020-03-06 17:15,2064
2020-03-06 17:20,2083
2020-03-06 17:25,2091
2020-03-06 17:30,2087
2020-03-06 17:35,2094
2020-03-06 17:40,2124
2020-03-06 17:45,2130
2020-03-06 17:50,2145
2020-03-06 17:55,2127
2020-03-06 18:00,2132
2020-03-06 18:05,2127
2020-03-06 18:10,2107
2020-03-06 18:15,2125
2020-03-06 18:20,2147
2020-03-06 18:25,2142
2020-03-06 18:30,2132
2020-03-06 18:35,2160
2020-03-06 18:40,2185
2020-03-06 18:45,2186
2020-03-06 18:50,2198
2020-03-06 18:55,2204
2020-03-06 19:00,2188
2020-03-06 19:05,2155
2020-03-06 19:10,2162
2020-03-06 19:15,2148
2020-03-06 19:20,2172
2020-03-06 19:25,2178
2020-03-06 19:30,2161
2020-03-06 19:35,2161
2020-03-06 19:40,2189
2020-03-06 19:45,2189
2020-03-06 19:50,2195
2020-03-06 19:55,2205
2020-03-06 20:00,2202
2020-03-06 20:05,2179
2020-03-06 20:10,2190
2020-03-06 20:15,2203
2020-03-06 20:20,2232
2020-03-06 20:25,2225
2020-03-06 20:30,2230
2020-03-06 20:35,2223
2020-03-06 20:40,2219
2020-03-06 20:45,2223
2020-03-06 20:50,2238
2020-03-06 20:55,2232
2020-03-06 21:00,2237
2020-03-06 21:05,2218
2020-03-06 21:10,2206
2020-03-06 21:15,2198
2020-03-06 21:20,2182
2020-03-06 21:25,2157
2020-03-06 21:30,2126
2020-03-06 21:35,2120
2020-03-06 21:40,2110
2020-03-06 21:45,2090
2020-03-06 21:50,2075
2020-03-06 21:55,2057
2020-03-06 22:00,2045
2020-03-06 22:05,2021
2020-03-06 22:10,1991
2020-03-06 22:15,1970
2020-03-06 22:20,1961
2020-03-06 22:25,1961
2020-03-06 22:30,1955
2020-03-06 22:35,1921
2020-03-06 22:40,1884
2020-03-06 22:45,1875
2020-03-06 22:50,1846
2020-03-06 22:55,0
2020-03-06 23:00,1813
2020-03-06 23:05,1785
2020-03-06 23:10,1767
2020-03-06 23:15,1755
2020-03-06 23:20,1737
2020-03-06 23:25,1730
2020-03-06 23:30,1716
2020-03-06 23:35,1694
2020-03-06 23:40,1681
2020-03-06 23:45,1657
2020-03-06 23:50,1660
2020-03-06 23:55,1656
2020-03-07 00:00,1670
2020-03-07 00:05,1632
2020-03-07 00:10,1620
2020-03-07 00:15,1611
2020-03-07 00:20,1596
2020-03-07 00:25,1591
2020-03-07 00:30,1585
2020-03-07 00:35,1573
2020-03-07 00:40,1575
2020-03-07 00:45,0
2020-03-07 00:50,1555
2020-03-07 00:55,1553
2020-03-07 01:00,1558
2020-03-07 01:05,1527
2020-03-07 01:10,1542
2020-03-07 01:15,1526
2020-03-07 01:20,1524
2020-03-07 01:25,1533
2020-03-07 01:30,1526
2020-03-07 01:35,1529
2020-03-07 01:40,1535
2020-03-07 01:45,1517
2020-03-07 01:50,1492
2020-03-07 01:55,1490
2020-03-07 02:00,1500
2020-03-07 02:05,1490
2020-03-07 02:10,1475
2020-03-07 02:15,1470
2020-03-07 02:20,0
2020-03-07 02:25,1443
2020-03-07 02:30,1446
2020-03-07 02:35,1438
2020-03-07 02:40,1418
2020-03-07 02:45,1414
2020-03-07 02:50,1395
2020-03-07 02:55,1395
2020-03-07 03:00,1383
2020-03-07 03:05,1389
2020-03-07 03:10,1385
2020-03-07 03:15,1392
2020-03-07 03:20,1386
2020-03-07 03:25,1375
2020-03-07 03:30,1378
2020-03-07 03:35,1360
2020-03-07 03:40,1365
2020-03-07 03:45,1358
2020-03-07 03:50,1354
2020-03-07 03:55,0
2020-03-07 04:00,1360
2020-03-07 04:05,1342
2020-03-07 04:10,1324
2020-03-07 04:15,1299
2020-03-07 04:20,1306
2020-03-07 04:25,1294
2020-03-07 04:30,1294
2020-03-07 04:35,1276
2020-03-07 04:40,1270
2020-03-07 04:45,1268
2020-03-07 04:50,1242
2020-03-07 04:55,1235
2020-03-07 05:00,1237
2020-03-07 05:05,1217
2020-03-07 05:10,1207
2020-03-07 05:15,1193
2020-03-07 05:20,1184
2020-03-07 05:25,0
2020-03-07 05:30,1190
2020-03-07 05:35,1173
2020-03-07 05:40,1154
2020-03-07 05:45,1152
2020-03-07 05:50,1159
2020-03-07 05:55,1156
2020-03-07 06:00,1152
2020-03-07 06:05,1137
2020-03-07 06:10,1130
2020-03-07 06:15,1129
2020-03-07 06:20,1115
2020-03-07 06:25,1097
2020-03-07 06:30,1093
2020-03-07 06:35,1095
2020-03-07 06:40,1100
2020-03-07 06:45,1127
2020-03-07 06:50,1139
2020-03-07 06:55,0
2020-03-07 07:00,1120
2020-03-07 07:05,1124
2020-03-07 07:10,1132
2020-03-07 07:15,1139
2020-03-07 07:20,1126
2020-03-07 07:25,1136
2020-03-07 07:30,1138
2020-03-07 07:35,1159
2020-03-07 07:40,1155
2020-03-07 07:45,1152
2020-03-07 07:50,1175
2020-03-07 07:55,1187
2020-03-07 08:00,1205
2020-03-07 08:05,1197
2020-03-07 08:10,1213
2020-03-07 08:15,0
2020-03-07 08:20,1241
2020-03-07 08:25,1243
2020-03-07 08:30,1255
2020-03-07 08:35,1252
2020-03-07 08:40,1258
2020-03-07 08:45,1269
2020-03-07 08:50,1271
2020-03-07 08:55,1272
2020-03-07 09:00,1279
2020-03-07 09:05,1281
2020-03-07 09:10,1274
2020-03-07 09:15,1290
2020-03-07 09:20,1294
2020-03-07 09:25,1314
2020-03-07 09:30,1329
2020-03-07 09:35,1322
2020-03-07 09:40,1329
2020-03-07 09:45,1337
2020-03-07 09:50,1356
2020-03-07 09:55,1387
2020-03-07 10:00,1407
2020-03-07 10:05,1446
2020-03-07 10:10,1493
2020-03-07 10:15,1516
2020-03-07 10:20,1522
2020-03-07 10:25,1548
2020-03-07 10:30,1549
2020-03-07 10:35,1538
2020-03-07 10:40,1553
2020-03-07 10:45,1571
2020-03-07 10:50,1607
2020-03-07 10:55,1598
2020-03-07 11:00,1601
2020-03-07 11:05,1611
2020-03-07 11:10,1641
2020-03-07 11:15,1653
2020-03-07 11:20,1653
2020-03-07 11:25,1653
2020-03-07 11:30,1675
2020-03-07 11:35,1686
2020-03-07 11:40,1703
2020-03-07 11:45,1706
2020-03-07 11:50,1713
2020-03-07 11:55,1735
2020-03-07 12:00,1751
2020-03-07 12:05,1757
2020-03-07 12:10,1753
2020-03-07 12:15,1779
2020-03-07 12:20,1783
2020-03-07 12:25,1811
2020-03-07 12:30,1818
2020-03-07 12:35,1832
2020-03-07 12:40,1845
2020-03-07 12:45,1847
2020-03-07 12:50,1836
2020-03-07 12:55,1869
2020-03-07 13:00,1878
2020-03-07 13:05,1896
2020-03-07 13:10,1899
2020-03-07 13:15,1923
2020-03-07 13:20,1928
2020-03-07 13:25,1959
2020-03-07 13:30,1964
2020-03-07 13:35,1961
2020-03-07 13:40,2002
2020-03-07 13:45,2048
2020-03-07 13:50,2056
2020-03-07 13:55,2066
2020-03-07 14:00,2084
2020-03-07 14:05,2091
2020-03-07 14:10,2105
2020-03-07 14:15,2116
2020-03-07 14:20,2133
2020-03-07 14:25,2142
2020-03-07 14:30,2142
2020-03-07 14:35,2147
2020-03-07 14:40,2152
2020-03-07 14:45,2178
2020-03-07 14:50,2200
2020-03-07 14:55,2220
2020-03-07 15:00,2226
2020-03-07 15:05,2243
2020-03-07 15:10,2227
2020-03-07 15:15,2263
2020-03-07 15:20,2228
2020-03-07 15:25,2244
2020-03-07 15:30,2228
2020-03-07 15:35,2247
2020-03-07 15:40,2276
2020-03-07 15:45,2280
2020-03-07 15:50,2298
2020-03-07 15:55,2312
2020-03-07 16:00,2322
2020-03-07 16:05,2309
2020-03-07 16:10,2315
2020-03-07 16:15,2347
2020-03-07 16:20,2351
2020-03-07 16:25,2376
2020-03-07 16:30,2368
2020-03-07 16:35,2388
2020-03-07 16:40,0
2020-03-07 16:45,2400
2020-03-07 16:50,2397
2020-03-07 16:55,2407
2020-03-07 17:00,0
2020-03-07 17:05,2424
2020-03-07 17:10,2433
2020-03-07 17:15,2440
2020-03-07 17:20,2464
2020-03-07 17:25,2465
2020-03-07 17:30,2494
2020-03-07 17:35,2501
2020-03-07 17:40,2509
2020-03-07 17:45,2495
2020-03-07 17:50,2492
2020-03-07 17:55,2481
2020-03-07 18:00,2478
2020-03-07 18:05,2494
2020-03-07 18:10,2486
2020-03-07 18:15,2489
2020-03-07 18:20,2483
2020-03-07 18:25,2499
2020-03-07 18:30,2506
2020-03-07 18:35,2488
2020-03-07 18:40,2487
2020-03-07 18:45,2504
2020-03-07 18:50,2508
2020-03-07 18:55,2516
2020-03-07 19:00,2521
2020-03-07 19:05,2517
2020-03-07 19:10,2537
2020-03-07 19:15,2548
2020-03-07 19:20,2530
2020-03-07 19:25,2521
2020-03-07 19:30,2519
2020-03-07 19:35,2528
2020-03-07 19:40,2515
2020-03-07 19:45,2509
2020-03-07 19:50,2510
2020-03-07 19:55,2513
2020-03-07 20:00,2511
2020-03-07 20:05,2539
2020-03-07 20:10,2530
2020-03-07 20:15,2536
2020-03-07 20:20,2529
2020-03-07 20:25,2504
2020-03-07 20:30,2520
2020-03-07 20:35,2535
2020-03-07 20:40,2521
2020-03-07 20:45,2515
2020-03-07 20:50,2508
2020-03-07 20:55,2493
2020-03-07 21:00,2505
2020-03-07 21:05,2507
2020-03-07 21:10,2483
2020-03-07 21:15,2477
2020-03-07 21:20,2468
2020-03-07 21:25,2464
2020-03-07 21:30,2454
2020-03-07 21:35,2455
2020-03-07 21:40,2402
2020-03-07 21:45,2426
2020-03-07 21:50,2399
2020-03-07 21:55,2396
2020-03-07 22:00,2385
2020-03-07 22:05,2359
2020-03-07 22:10,2359
2020-03-07 22:15,2353
2020-03-07 22:20,2343
2020-03-07 22:25,2316
2020-03-07 22:30,2299
2020-03-07 22:35,2269
2020-03-07 22:40,2247
2020-03-07 22:45,2230
2020-03-07 22:50,2204
2020-03-07 22:55,2184
2020-03-07 23:00,2154
2020-03-07 23:05,2115
2020-03-07 23:10,2101
2020-03-07 23:15,2068
2020-03-07 23:20,2060
2020-03-07 23:25,2032
2020-03-07 23:30,2025
2020-03-07 23:35,1998
2020-03-07 23:40,1966
2020-03-07 23:45,1958
2020-03-07 23:50,1942
2020-03-07 23:55,1926
2020-03-08 00:00,1883
2020-03-08 00:05,1845
2020-03-08 00:10,1821
2020-03-08 00:15,1802
2020-03-08 00:20,1780
2020-03-08 00:25,1752
2020-03-08 00:30,1763
2020-03-08 00:35,1741
2020-03-08 00:40,1709
2020-03-08 00:45,1697
2020-03-08 00:50,1671
2020-03-08 00:55,1648
2020-03-08 01:00,1635
2020-03-08 01:05,1636
2020-03-08 01:10,1632
2020-03-08 01:15,1620
2020-03-08 01:20,1613
2020-03-08 01:25,1611
2020-03-08 01:30,1593
2020-03-08 01:35,1587
2020-03-08 01:40,1568
2020-03-08 01:45,1567
2020-03-08 01:50,1542
2020-03-08 01:55,1524
2020-03-08 02:00,1511
2020-03-08 02:05,1491
2020-03-08 02:10,1482
2020-03-08 02:15,1487
2020-03-08 02:20,1501
2020-03-08 02:25,1495
2020-03-08 02:30,1494
2020-03-08 02:35,1499
2020-03-08 02:40,1509
2020-03-08 02:45,1514
2020-03-08 02:50,1520
2020-03-08 02:55,1548
2020-03-08 03:00,1528
2020-03-08 03:05,1515
2020-03-08 03:10,1498
2020-03-08 03:15,1492
2020-03-08 03:20,1481
2020-03-08 03:25,1477
2020-03-08 03:30,1455
2020-03-08 03:35,1452
2020-03-08 03:40,1440
2020-03-08 03:45,1428
2020-03-08 03:50,1407
2020-03-08 03:55,1390
2020-03-08 04:00,1379
2020-03-08 04:05,1367
2020-03-08 04:10,1352
2020-03-08 04:15,1348
2020-03-08 04:20,1357
2020-03-08 04:25,1336
2020-03-08 04:30,1325
2020-03-08 04:35,1307
2020-03-08 04:40,1305
2020-03-08 04:45,1293
2020-03-08 04:50,1290
2020-03-08 04:55,1298
2020-03-08 05:00,1289
2020-03-08 05:05,1261
2020-03-08 05:10,1236
2020-03-08 05:15,1249
2020-03-08 05:20,1248
2020-03-08 05:25,1237
2020-03-08 05:30,1241
2020-03-08 05:35,1227
2020-03-08 05:40,1216
2020-03-08 05:45,1209
2020-03-08 05:50,1197
2020-03-08 05:55,1179
2020-03-08 06:00,1171
2020-03-08 06:05,1169
2020-03-08 06:10,1181
2020-03-08 06:15,1177
2020-03-08 06:20,1173
2020-03-08 06:25,1167
2020-03-08 06:30,1167
2020-03-08 06:35,1173
2020-03-08 06:40,1171
2020-03-08 06:45,1173
2020-03-08 06:50,1179
2020-03-08 06:55,1179
2020-03-08 07:00,1184
2020-03-08 07:05,1173
2020-03-08 07:10,1192
2020-03-08 07:15,1184
2020-03-08 07:20,1189
2020-03-08 07:25,1180
2020-03-08 07:30,1176
2020-03-08 07:35,1178
2020-03-08 07:40,1214
2020-03-08 07:45,1241
2020-03-08 07:50,1252
2020-03-08 07:55,1241
2020-03-08 08:00,1249
2020-03-08 08:05,1250
2020-03-08 08:10,1261
2020-03-08 08:15,1285
2020-03-08 08:20,1298
2020-03-08 08:25,1293
2020-03-08 08:30,1305
2020-03-08 08:35,1322
2020-03-08 08:40,1311
2020-03-08 08:45,1316
2020-03-08 08:50,1339
2020-03-08 08:55,1357
2020-03-08 09:00,1365
2020-03-08 09:05,1393
2020-03-08 09:10,1417
2020-03-08 09:15,1429
2020-03-08 09:20,1431
2020-03-08 09:25,1443
2020-03-08 09:30,1454
2020-03-08 09:35,1478
2020-03-08 09:40,1487
2020-03-08 09:45,1500
2020-03-08 09:50,1518
2020-03-08 09:55,1540
2020-03-08 10:00,1560
2020-03-08 10:05,1603
2020-03-08 10:10,1626
2020-03-08 10:15,1632
2020-03-08 10:20,1662
2020-03-08 10:25,1682
2020-03-08 10:30,1729
2020-03-08 10:35,1747
2020-03-08 10:40,1736
2020-03-08 10:45,1733
2020-03-08 10:50,1762
2020-03-08 10:55,1774
2020-03-08 11:00,1772
2020-03-08 11:05,1778
2020-03-08 11:10,1774
2020-03-08 11:15,1806
2020-03-08 11:20,1834
2020-03-08 11:25,1848
2020-03-08 11:30,1882
2020-03-08 11:35,1892
2020-03-08 11:40,1902
2020-03-08 11:45,1903
2020-03-08 11:50,1896
2020-03-08 11:55,1905
2020-03-08 12:00,1873
2020-03-08 12:05,1866
2020-03-08 12:10,1860
2020-03-08 12:15,1887
2020-03-08 12:20,1893
2020-03-08 12:25,1902
2020-03-08 12:30,1910
2020-03-08 12:35,1923
2020-03-08 12:40,1934
2020-03-08 12:45,1951
2020-03-08 12:50,1955
2020-03-08 12:55,1968
2020-03-08 13:00,1961
2020-03-08 13:05,2001
2020-03-08 13:10,2013
2020-03-08 13:15,2027
2020-03-08 13:20,2061
2020-03-08 13:25,2051
2020-03-08 13:30,2051
2020-03-08 13:35,2076
2020-03-08 13:40,2089
2020-03-08 13:45,2097
2020-03-08 13:50,2091
2020-03-08 13:55,2098
2020-03-08 14:00,2103
2020-03-08 14:05,2125
2020-03-08 14:10,2167
2020-03-08 14:15,2179
2020-03-08 14:20,2211
2020-03-08 14:25,2231
2020-03-08 14:30,2242
2020-03-08 14:35,2252
2020-03-08 14:40,2273
2020-03-08 14:45,2281
2020-03-08 14:50,2311
2020-03-08 14:55,2309
2020-03-08 15:00,2303
2020-03-08 15:05,2332
2020-03-08 15:10,2346
2020-03-08 15:15,2353
2020-03-08 15:20,2373
2020-03-08 15:25,2412
2020-03-08 15:30,2417
2020-03-08 15:35,2408
2020-03-08 15:40,2425
2020-03-08 15:45,2440
2020-03-08 15:50,2458
2020-03-08 15:55,2472
2020-03-08 16:00,2454
2020-03-08 16:05,2481
2020-03-08 16:10,2498
2020-03-08 16:15,2517
2020-03-08 16:20,2508
2020-03-08 16:25,2528
2020-03-08 16:30,2525
2020-03-08 16:35,2530
2020-03-08 16:40,2544
2020-03-08 16:45,2567
2020-03-08 16:50,2566
2020-03-08 16:55,2578
2020-03-08 17:00,2590
2020-03-08 17:05,2590
2020-03-08 17:10,2586
2020-03-08 17:15,2575
2020-03-08 17:20,2584
2020-03-08 17:25,2601
2020-03-08 17:30,2616
2020-03-08 17:35,2608
2020-03-08 17:40,2630
2020-03-08 17:45,2630
2020-03-08 17:50,2618
2020-03-08 17:55,2598
2020-03-08 18:00,2600
2020-03-08 18:05,2596
2020-03-08 18:10,2629
2020-03-08 18:15,2643
2020-03-08 18:20,2619
2020-03-08 18:25,2625
2020-03-08 18:30,2639
2020-03-08 18:35,2634
2020-03-08 18:40,2653
2020-03-08 18:45,2643
2020-03-08 18:50,2641
2020-03-08 18:55,2639
2020-03-08 19:00,2642
2020-03-08 19:05,2640
2020-03-08 19:10,2653
2020-03-08 19:15,2662
2020-03-08 19:20,2665
2020-03-08 19:25,2669
2020-03-08 19:30,2659
2020-03-08 19:35,2698
2020-03-08 19:40,2701
2020-03-08 19:45,2727
2020-03-08 19:50,2705
2020-03-08 19:55,2679
2020-03-08 20:00,2670
2020-03-08 20:05,2647
2020-03-08 20:10,2641
2020-03-08 20:15,2638
2020-03-08 20:20,2657
2020-03-08 20:25,2670
2020-03-08 20:30,2677
2020-03-08 20:35,2667
2020-03-08 20:40,2668
2020-03-08 20:45,2687
2020-03-08 20:50,2668
2020-03-08 20:55,2668
2020-03-08 21:00,2631
2020-03-08 21:05,2631
2020-03-08 21:10,2651
2020-03-08 21:15,2628
2020-03-08 21:20,2606
2020-03-08 21:25,2590
2020-03-08 21:30,2566
2020-03-08 21:35,2545
2020-03-08 21:40,2494
2020-03-08 21:45,2439
2020-03-08 21:50,2400
2020-03-08 21:55,2367
2020-03-08 22:00,2338
2020-03-08 22:05,2328
2020-03-08 22:10,2291
2020-03-08 22:15,2274
2020-03-08 22:20,2252
2020-03-08 22:25,2225
2020-03-08 22:30,2207
2020-03-08 22:35,2156
2020-03-08 22:40,2132
2020-03-08 22:45,2124
2020-03-08 22:50,2099
2020-03-08 22:55,2066
2020-03-08 23:00,2048
2020-03-08 23:05,2007
2020-03-08 23:10,1985
2020-03-08 23:15,1957
2020-03-08 23:20,1937
2020-03-08 23:25,1894
2020-03-08 23:30,1880
2020-03-08 23:35,1862
2020-03-08 23:40,1855
2020-03-08 23:45,1839
2020-03-08 23:50,1810
2020-03-08 23:55,1794
2020-03-09 00:00,1788
2020-03-09 00:05,1767
2020-03-09 00:10,1757
2020-03-09 00:15,1721
2020-03-09 00:20,1706
2020-03-09 00:25,1713
2020-03-09 00:30,1684
2020-03-09 00:35,1677
2020-03-09 00:40,1659
2020-03-09 00:45,1660
2020-03-09 00:50,1627
2020-03-09 00:55,1595
2020-03-09 01:00,1599
2020-03-09 01:05,1595
2020-03-09 01:10,1586
2020-03-09 01:15,1570
2020-03-09 01:20,1550
2020-03-09 01:25,1528
2020-03-09 01:30,1516
2020-03-09 01:35,1497
2020-03-09 01:40,1502
2020-03-09 01:45,1491
2020-03-09 01:50,1483
2020-03-09 01:55,1473
2020-03-09 02:00,1472
2020-03-09 02:05,1467
2020-03-09 02:10,1445
2020-03-09 02:15,1427
2020-03-09 02:20,1385
2020-03-09 02:25,1375
2020-03-09 02:30,1363
2020-03-09 02:35,1342
2020-03-09 02:40,1300
2020-03-09 02:45,1279
2020-03-09 02:50,1285
2020-03-09 02:55,1293
2020-03-09 03:00,1275
2020-03-09 03:05,1275
2020-03-09 03:10,1254
2020-03-09 03:15,1235
2020-03-09 03:20,1195
2020-03-09 03:25,1186
2020-03-09 03:30,1173
2020-03-09 03:35,1166
2020-03-09 03:40,1147
2020-03-09 03:45,1131
2020-03-09 03:50,1103
2020-03-09 03:55,1098
2020-03-09 04:00,1100
2020-03-09 04:05,1086
2020-03-09 04:10,1076
2020-03-09 04:15,1063
2020-03-09 04:20,1061
2020-03-09 04:25,1052
2020-03-09 04:30,1040
2020-03-09 04:35,1040
2020-03-09 04:40,1038
2020-03-09 04:45,1020
2020-03-09 04:50,1008
2020-03-09 04:55,1007
2020-03-09 05:00,1002
2020-03-09 05:05,998
2020-03-09 05:10,989
2020-03-09 05:15,992
2020-03-09 05:20,982
2020-03-09 05:25,965
2020-03-09 05:30,943
2020-03-09 05:35,943
2020-03-09 05:40,943
2020-03-09 05:45,939
2020-03-09 05:50,951
2020-03-09 05:55,941
2020-03-09 06:00,942
2020-03-09 06:05,926
2020-03-09 06:10,918
2020-03-09 06:15,924
2020-03-09 06:20,925
2020-03-09 06:25,928
2020-03-09 06:30,919
2020-03-09 06:35,909
2020-03-09 06:40,911
2020-03-09 06:45,922
2020-03-09 06:50,922
2020-03-09 06:55,935
2020-03-09 07:00,938
2020-03-09 07:05,958
2020-03-09 07:10,951
2020-03-09 07:15,948
2020-03-09 07:20,954
2020-03-09 07:25,968
2020-03-09 07:30,969
2020-03-09 07:35,965
2020-03-09 07:40,959
2020-03-09 07:45,965
2020-03-09 07:50,971
2020-03-09 07:55,978
2020-03-09 08:00,970
2020-03-09 08:05,959
2020-03-09 08:10,976
2020-03-09 08:15,995
2020-03-09 08:20,1014
2020-03-09 08:25,1005
2020-03-09 08:30,1009
2020-03-09 08:35,1023
2020-03-09 08:40,1037
2020-03-09 08:45,1041
2020-03-09 08:50,1042
2020-03-09 08:55,1035
2020-03-09 09:00,1036
2020-03-09 09:05,1046
2020-03-09 09:10,1040
2020-03-09 09:15,1045
2020-03-09 09:20,1062
2020-03-09 09:25,1068
2020-03-09 09:30,1074
2020-03-09 09:35,1094
2020-03-09 09:40,1124
2020-03-09 09:45,1144
2020-03-09 09:50,1156
2020-03-09 09:55,1172
2020-03-09 10:00,1201
2020-03-09 10:05,1230
2020-03-09 10:10,1246
2020-03-09 10:15,1267
2020-03-09 10:20,1276
2020-03-09 10:25,1275
2020-03-09 10:30,1280
2020-03-09 10:35,1287
2020-03-09 10:40,1296
2020-03-09 10:45,1325
2020-03-09 10:50,1336
2020-03-09 10:55,1328
2020-03-09 11:00,1315
2020-03-09 11:05,1317
2020-03-09 11:10,1330
2020-03-09 11:15,1330
2020-03-09 11:20,1331
2020-03-09 11:25,1322
2020-03-09 11:30,1340
2020-03-09 11:35,1347
2020-03-09 11:40,1364
2020-03-09 11:45,1371
2020-03-09 11:50,1374
2020-03-09 11:55,1382
2020-03-09 12:00,1389
2020-03-09 12:05,1402
2020-03-09 12:10,1412
2020-03-09 12:15,1415
2020-03-09 12:20,1425
2020-03-09 12:25,1436
2020-03-09 12:30,1444
2020-03-09 12:35,1463
2020-03-09 12:40,1478
2020-03-09 12:45,1476
2020-03-09 12:50,1489
2020-03-09 12:55,1509
2020-03-09 13:00,1509
2020-03-09 13:05,1529
2020-03-09 13:10,1564
2020-03-09 13:15,1558
2020-03-09 13:20,1565
2020-03-09 13:25,1589
2020-03-09 13:30,1572
2020-03-09 13:35,1590
2020-03-09 13:40,1624
2020-03-09 13:45,1628
2020-03-09 13:50,1633
2020-03-09 13:55,1650
2020-03-09 14:00,1674
2020-03-09 14:05,1688
2020-03-09 14:10,1700
2020-03-09 14:15,1722
2020-03-09 14:20,1724
2020-03-09 14:25,1738
2020-03-09 14:30,1730
2020-03-09 14:35,1714
2020-03-09 14:40,1698
2020-03-09 14:45,1696
2020-03-09 14:50,1729
2020-03-09 14:55,1753
2020-03-09 15:00,1744
2020-03-09 15:05,1757
2020-03-09 15:10,1744
2020-03-09 15:15,1770
2020-03-09 15:20,1786
2020-03-09 15:25,1805
2020-03-09 15:30,1820
2020-03-09 15:35,1819
2020-03-09 15:40,1844
2020-03-09 15:45,1850
2020-03-09 15:50,1863
2020-03-09 15:55,1863
2020-03-09 16:00,1861
2020-03-09 16:05,1875
2020-03-09 16:10,1907
2020-03-09 16:15,1909
2020-03-09 16:20,1915
2020-03-09 16:25,1922
2020-03-09 16:30,1923
2020-03-09 16:35,1936
2020-03-09 16:40,1974
2020-03-09 16:45,1968
2020-03-09 16:50,1990
2020-03-09 16:55,2035
2020-03-09 17:00,2038
2020-03-09 17:05,2057
2020-03-09 17:10,2068
2020-03-09 17:15,2082
2020-03-09 17:20,2081
2020-03-09 17:25,2098
2020-03-09 17:30,2108
2020-03-09 17:35,2123
2020-03-09 17:40,2141
2020-03-09 17:45,2158
2020-03-09 17:50,2172
2020-03-09 17:55,2165
2020-03-09 18:00,2183
2020-03-09 18:05,2186
2020-03-09 18:10,2205
2020-03-09 18:15,2195
2020-03-09 18:20,2201
2020-03-09 18:25,2209
2020-03-09 18:30,2236
2020-03-09 18:35,2260
2020-03-09 18:40,2250
2020-03-09 18:45,2274
2020-03-09 18:50,2256
2020-03-09 18:55,2284
2020-03-09 19:00,2290
2020-03-09 19:05,2290
2020-03-09 19:10,2263
2020-03-09 19:15,2301
2020-03-09 19:20,2299
2020-03-09 19:25,2300
2020-03-09 19:30,2287
2020-03-09 19:35,2299
2020-03-09 19:40,2313
2020-03-09 19:45,2323
2020-03-09 19:50,2349
2020-03-09 19:55,2348
2020-03-09 20:00,2345
2020-03-09 20:05,2348
2020-03-09 20:10,2351
2020-03-09 20:15,2347
2020-03-09 20:20,2357
2020-03-09 20:25,2335
2020-03-09 20:30,2317
2020-03-09 20:35,2299
2020-03-09 20:40,2289
2020-03-09 20:45,2274
2020-03-09 20:50,2235
2020-03-09 20:55,2259
2020-03-09 21:00,2226
2020-03-09 21:05,2170
2020-03-09 21:10,2163
2020-03-09 21:15,2143
2020-03-09 21:20,2125
2020-03-09 21:25,2112
2020-03-09 21:30,2102
2020-03-09 21:35,2075
2020-03-09 21:40,2069
2020-03-09 21:45,2064
2020-03-09 21:50,2059
2020-03-09 21:55,2040
2020-03-09 22:00,2005
2020-03-09 22:05,1968
2020-03-09 22:10,1930
2020-03-09 22:15,1924
2020-03-09 22:20,1911
2020-03-09 22:25,1885
2020-03-09 22:30,1897
2020-03-09 22:35,1880
2020-03-09 22:40,1872
2020-03-09 22:45,1844
2020-03-09 22:50,1814
2020-03-09 22:55,1767
2020-03-09 23:00,1745
2020-03-09 23:05,1739
2020-03-09 23:10,1700
2020-03-09 23:15,1680
2020-03-09 23:20,1662
2020-03-09 23:25,1665
2020-03-09 23:30,1655
2020-03-09 23:35,1660
2020-03-09 23:40,1646
2020-03-09 23:45,1636
2020-03-09 23:50,1630
2020-03-09 23:55,1622
2020-03-10 00:00,1600
2020-03-10 00:05,1586
2020-03-10 00:10,1567
2020-03-10 00:15,1562
2020-03-10 00:20,1563
2020-03-10 00:25,1552
2020-03-10 00:30,1514
2020-03-10 00:35,1520
2020-03-10 00:40,1509
2020-03-10 00:45,1500
2020-03-10 00:50,1482
2020-03-10 00:55,1465
2020-03-10 01:00,1465
2020-03-10 01:05,1475
2020-03-10 01:10,1466
2020-03-10 01:15,1470
2020-03-10 01:20,1470
2020-03-10 01:25,1445
2020-03-10 01:30,1448
2020-03-10 01:35,1437
2020-03-10 01:40,1408
2020-03-10 01:45,1387
2020-03-10 01:50,1378
2020-03-10 01:55,1365
2020-03-10 02:00,1358
2020-03-10 02:05,1338
2020-03-10 02:10,1324
2020-03-10 02:15,1327
2020-03-10 02:20,1317
2020-03-10 02:25,1315
2020-03-10 02:30,1300
2020-03-10 02:35,1303
2020-03-10 02:40,1295
2020-03-10 02:45,1309
2020-03-10 02:50,1298
2020-03-10 02:55,1278
2020-03-10 03:00,1263
2020-03-10 03:05,1241
2020-03-10 03:10,1228
2020-03-10 03:15,1202
2020-03-10 03:20,1193
2020-03-10 03:25,1192
2020-03-10 03:30,1186
2020-03-10 03:35,1160
2020-03-10 03:40,1147
2020-03-10 03:45,1139
2020-03-10 03:50,1126
2020-03-10 03:55,1106
2020-03-10 04:00,1096
2020-03-10 04:05,1071
2020-03-10 04:10,1072
2020-03-10 04:15,1059
2020-03-10 04:20,1059
2020-03-10 04:25,1048
2020-03-10 04:30,1033
2020-03-10 04:35,1017
2020-03-10 04:40,1006
2020-03-10 04:45,998
2020-03-10 04:50,983
2020-03-10 04:55,966
2020-03-10 05:00,953
2020-03-10 05:05,933
2020-03-10 05:10,922
2020-03-10 05:15,911
2020-03-10 05:20,905
2020-03-10 05:25,900
2020-03-10 05:30,891
2020-03-10 05:35,873
2020-03-10 05:40,870
2020-03-10 05:45,862
2020-03-10 05:50,864
2020-03-10 05:55,857
2020-03-10 06:00,838
2020-03-10 06:05,828
2020-03-10 06:10,843
2020-03-10 06:15,844
2020-03-10 06:20,835
2020-03-10 06:25,836
2020-03-10 06:30,831
2020-03-10 06:35,816
2020-03-10 06:40,812
2020-03-10 06:45,827
2020-03-10 06:50,829
2020-03-10 06:55,822
2020-03-10 07:00,815
2020-03-10 07:05,824
2020-03-10 07:10,832
2020-03-10 07:15,829
2020-03-10 07:20,824
2020-03-10 07:25,835
2020-03-10 07:30,838
2020-03-10 07:35,833
2020-03-10 07:40,848
2020-03-10 07:45,850
2020-03-10 07:50,850
2020-03-10 07:55,852
2020-03-10 08:00,846
2020-03-10 08:05,847
2020-03-10 08:10,847
2020-03-10 08:15,849
2020-03-10 08:20,861
2020-03-10 08:25,876
2020-03-10 08:30,887
2020-03-10 08:35,897
2020-03-10 08:40,895
2020-03-10 08:45,903
2020-03-10 08:50,920
2020-03-10 08:55,932
2020-03-10 09:00,929
2020-03-10 09:05,949
2020-03-10 09:10,953
2020-03-10 09:15,966
2020-03-10 09:20,981
2020-03-10 09:25,977
2020-03-10 09:30,984
2020-03-10 09:35,988
2020-03-10 09:40,1010
2020-03-10 09:45,1027
2020-03-10 09:50,1032
2020-03-10 09:55,1040
2020-03-10 10:00,1056
2020-03-10 10:05,1092
2020-03-10 10:10,1101
2020-03-10 10:15,1136
2020-03-10 10:20,1143
2020-03-10 10:25,1152
2020-03-10 10:30,1159
2020-03-10 10:35,1161
2020-03-10 10:40,1167
2020-03-10 10:45,1162
2020-03-10 10:50,1177
2020-03-10 10:55,1197
2020-03-10 11:00,1188
2020-03-10 11:05,1203
2020-03-10 11:10,1215
2020-03-10 11:15,1234
2020-03-10 11:20,1240
2020-03-10 11:25,1261
2020-03-10 11:30,1262
2020-03-10 11:35,1260
2020-03-10 11:40,1269
2020-03-10 11:45,1270
2020-03-10 11:50,1277
2020-03-10 11:55,1280
2020-03-10 12:00,1280
2020-03-10 12:05,1280
2020-03-10 12:10,1293
2020-03-10 12:15,1289
2020-03-10 12:20,1298
2020-03-10 12:25,1295
2020-03-10 12:30,1306
2020-03-10 12:35,1317
2020-03-10 12:40,1351
2020-03-10 12:45,1348
2020-03-10 12:50,1354
2020-03-10 12:55,1365
2020-03-10 13:00,1364
2020-03-10 13:05,1381
2020-03-10 13:10,1394
2020-03-10 13:15,1419
2020-03-10 13:20,1441
2020-03-10 13:25,1422
2020-03-10 13:30,1444
2020-03-10 13:35,1448
2020-03-10 13:40,1455
2020-03-10 13:45,1478
2020-03-10 13:50,1496
2020-03-10 13:55,1511
2020-03-10 14:00,1508
2020-03-10 14:05,1532
2020-03-10 14:10,1540
2020-03-10 14:15,1566
2020-03-10 14:20,1573
2020-03-10 14:25,1574
2020-03-10 14:30,1579
2020-03-10 14:35,1577
2020-03-10 14:40,1571
2020-03-10 14:45,1591
2020-03-10 14:50,1599
2020-03-10 14:55,1596
2020-03-10 15:00,1608
2020-03-10 15:05,1610
2020-03-10 15:10,1623
2020-03-10 15:15,1655
2020-03-10 15:20,1672
2020-03-10 15:25,1681
2020-03-10 15:30,1698
2020-03-10 15:35,1692
2020-03-10 15:40,1723
2020-03-10 15:45,1740
2020-03-10 15:50,1757
2020-03-10 15:55,1785
2020-03-10 16:00,1793
2020-03-10 16:05,1803
2020-03-10 16:10,1809
2020-03-10 16:15,1828
2020-03-10 16:20,1828
2020-03-10 16:25,1863
2020-03-10 16:30,1868
2020-03-10 16:35,1889
2020-03-10 16:40,1886
2020-03-10 16:45,1889
2020-03-10 16:50,1884
2020-03-10 16:55,1914
2020-03-10 17:00,1932
2020-03-10 17:05,1956
2020-03-10 17:10,1973
2020-03-10 17:15,2000
2020-03-10 17:20,2001
2020-03-10 17:25,2023
2020-03-10 17:30,2023
2020-03-10 17:35,2028
2020-03-10 17:40,2044
2020-03-10 17:45,2047
2020-03-10 17:50,2074
2020-03-10 17:55,2089
2020-03-10 18:00,2125
2020-03-10 18:05,2115
2020-03-10 18:10,2140
2020-03-10 18:15,2141
2020-03-10 18:20,2137
2020-03-10 18:25,2164
2020-03-10 18:30,2192
2020-03-10 18:35,2187
2020-03-10 18:40,2202
2020-03-10 18:45,2203
2020-03-10 18:50,2200
2020-03-10 18:55,2215
2020-03-10 19:00,2223
2020-03-10 19:05,2240
2020-03-10 19:10,2246
2020-03-10 19:15,2248
2020-03-10 19:20,2248
2020-03-10 19:25,2243
2020-03-10 19:30,2244
2020-03-10 19:35,2232
2020-03-10 19:40,2219
2020-03-10 19:45,2203
2020-03-10 19:50,2199
2020-03-10 19:55,2199
2020-03-10 20:00,2195
2020-03-10 20:05,2183
2020-03-10 20:10,2176
2020-03-10 20:15,2157
2020-03-10 20:20,2159
2020-03-10 20:25,2173
2020-03-10 20:30,2145
2020-03-10 20:35,2147
2020-03-10 20:40,2127
2020-03-10 20:45,2117
2020-03-10 20:50,2122
2020-03-10 20:55,2110
2020-03-10 21:00,2077
2020-03-10 21:05,2078
2020-03-10 21:10,2066
2020-03-10 21:15,2065
2020-03-10 21:20,2043
2020-03-10 21:25,2039
2020-03-10 21:30,2010
2020-03-10 21:35,1982
2020-03-10 21:40,2000
2020-03-10 21:45,1972
2020-03-10 21:50,1953
2020-03-10 21:55,1931
2020-03-10 22:00,1918
2020-03-10 22:05,1891
2020-03-10 22:10,1895
2020-03-10 22:15,1881
2020-03-10 22:20,1875
2020-03-10 22:25,1886
2020-03-10 22:30,1858
2020-03-10 22:35,1827
2020-03-10 22:40,1815
2020-03-10 22:45,1801
2020-03-10 22:50,1800
2020-03-10 22:55,1781
2020-03-10 23:00,1778
2020-03-10 23:05,1735
2020-03-10 23:10,1718
2020-03-10 23:15,1694
2020-03-10 23:20,1694
2020-03-10 23:25,1678
2020-03-10 23:30,1659
2020-03-10 23:35,1667
2020-03-10 23:40,1658
2020-03-10 23:45,1629
2020-03-10 23:50,1608
2020-03-10 23:55,1607
2020-03-11 00:00,1581
2020-03-11 00:05,1557
2020-03-11 00:10,1548
2020-03-11 00:15,1549
2020-03-11 00:20,1534
2020-03-11 00:25,1526
2020-03-11 00:30,1489
2020-03-11 00:35,1458
2020-03-11 00:40,1444
2020-03-11 00:45,1443
2020-03-11 00:50,1438
2020-03-11 00:55,1428
2020-03-11 01:00,1426
2020-03-11 01:05,1410
2020-03-11 01:10,1402
2020-03-11 01:15,1398
2020-03-11 01:20,1379
2020-03-11 01:25,1381
2020-03-11 01:30,1361
2020-03-11 01:35,1350
2020-03-11 01:40,1348
2020-03-11 01:45,1325
2020-03-11 01:50,1311
2020-03-11 01:55,1314
2020-03-11 02:00,1305
2020-03-11 02:05,1295
2020-03-11 02:10,1279
2020-03-11 02:15,1267
2020-03-11 02:20,1274
2020-03-11 02:25,1259
2020-03-11 02:30,1241
2020-03-11 02:35,1260
2020-03-11 02:40,1237
2020-03-11 02:45,1228
2020-03-11 02:50,1211
2020-03-11 02:55,1206
2020-03-11 03:00,1193
2020-03-11 03:05,1196
2020-03-11 03:10,1199
2020-03-11 03:15,1186
2020-03-11 03:20,1149
2020-03-11 03:25,1132
2020-03-11 03:30,1114
2020-03-11 03:35,1097
2020-03-11 03:40,1054
2020-03-11 03:45,1025
2020-03-11 03:50,1032
2020-03-11 03:55,1026
2020-03-11 04:00,1020
2020-03-11 04:05,999
2020-03-11 04:10,998
2020-03-11 04:15,977
2020-03-11 04:20,968
2020-03-11 04:25,963
2020-03-11 04:30,943
2020-03-11 04:35,935
2020-03-11 04:40,934
2020-03-11 04:45,934
2020-03-11 04:50,919
2020-03-11 04:55,914
2020-03-11 05:00,895
2020-03-11 05:05,898
2020-03-11 05:10,894
2020-03-11 05:15,884
2020-03-11 05:20,885
2020-03-11 05:25,887
2020-03-11 05:30,872
2020-03-11 05:35,863
2020-03-11 05:40,851
2020-03-11 05:45,843
2020-03-11 05:50,839
2020-03-11 05:55,828
2020-03-11 06:00,828
2020-03-11 06:05,817
2020-03-11 06:10,812
2020-03-11 06:15,802
2020-03-11 06:20,811
2020-03-11 06:25,811
2020-03-11 06:30,799
2020-03-11 06:35,804
2020-03-11 06:40,806
2020-03-11 06:45,801
2020-03-11 06:50,798
2020-03-11 06:55,805
2020-03-11 07:00,796
2020-03-11 07:05,805
2020-03-11 07:10,807
2020-03-11 07:15,811
2020-03-11 07:20,818
2020-03-11 07:25,800
2020-03-11 07:30,797
2020-03-11 07:35,813
2020-03-11 07:40,831
2020-03-11 07:45,839
2020-03-11 07:50,847
2020-03-11 07:55,868
2020-03-11 08:00,862
2020-03-11 08:05,866
2020-03-11 08:10,866
2020-03-11 08:15,875
2020-03-11 08:20,885
2020-03-11 08:25,897
2020-03-11 08:30,891
2020-03-11 08:35,892
2020-03-11 08:40,905
2020-03-11 08:45,922
2020-03-11 08:50,921
2020-03-11 08:55,937
2020-03-11 09:00,938
2020-03-11 09:05,958
2020-03-11 09:10,964
2020-03-11 09:15,984
2020-03-11 09:20,982
2020-03-11 09:25,995
2020-03-11 09:30,1006
2020-03-11 09:35,1008
2020-03-11 09:40,1034
2020-03-11 09:45,1052
2020-03-11 09:50,1039
2020-03-11 09:55,1043
2020-03-11 10:00,1063
2020-03-11 10:05,1097
2020-03-11 10:10,1130
2020-03-11 10:15,1155
2020-03-11 10:20,1165
2020-03-11 10:25,1156
2020-03-11 10:30,1165
2020-03-11 10:35,1181
2020-03-11 10:40,1195
2020-03-11 10:45,1212
2020-03-11 10:50,1217
2020-03-11 10:55,1213
2020-03-11 11:00,1213
2020-03-11 11:05,1199
2020-03-11 11:10,1197
2020-03-11 11:15,1223
2020-03-11 11:20,1217
2020-03-11 11:25,1230
2020-03-11 11:30,1236
2020-03-11 11:35,1261
2020-03-11 11:40,1257
2020-03-11 11:45,1263
2020-03-11 11:50,1256
2020-03-11 11:55,1290
2020-03-11 12:00,1287
2020-03-11 12:05,1291
2020-03-11 12:10,1285
2020-03-11 12:15,1288
2020-03-11 12:20,1283
2020-03-11 12:25,1283
2020-03-11 12:30,1299
2020-03-11 12:35,1314
2020-03-11 12:40,1301
2020-03-11 12:45,1306
2020-03-11 12:50,1311
2020-03-11 12:55,1339
2020-03-11 13:00,1353
2020-03-11 13:05,1363
2020-03-11 13:10,1386
2020-03-11 13:15,1392
2020-03-11 13:20,1390
2020-03-11 13:25,1393
2020-03-11 13:30,1399
2020-03-11 13:35,1409
2020-03-11 13:40,1412
2020-03-11 13:45,1416
2020-03-11 13:50,1431
2020-03-11 13:55,1468
2020-03-11 14:00,1478
2020-03-11 14:05,1478
2020-03-11 14:10,1488
2020-03-11 14:15,1502
2020-03-11 14:20,1507
2020-03-11 14:25,1526
2020-03-11 14:30,1547
2020-03-11 14:35,1568
2020-03-11 14:40,1572
2020-03-11 14:45,1574
2020-03-11 14:50,1566
2020-03-11 14:55,1589
2020-03-11 15:00,1589
2020-03-11 15:05,1592
2020-03-11 15:10,1586
2020-03-11 15:15,1598
2020-03-11 15:20,1632
2020-03-11 15:25,1647
2020-03-11 15:30,1660
2020-03-11 15:35,1673
2020-03-11 15:40,1668
2020-03-11 15:45,1681
2020-03-11 15:50,1692
2020-03-11 15:55,1704
2020-03-11 16:00,1710
2020-03-11 16:05,1733
2020-03-11 16:10,1734
2020-03-11 16:15,1761
2020-03-11 16:20,1796
2020-03-11 16:25,1806
2020-03-11 16:30,1822
2020-03-11 16:35,1817
2020-03-11 16:40,1813
2020-03-11 16:45,1819
2020-03-11 16:50,1837
2020-03-11 16:55,1848
2020-03-11 17:00,1873
2020-03-11 17:05,1895
2020-03-11 17:10,1903
2020-03-11 17:15,1938
2020-03-11 17:20,1943
2020-03-11 17:25,1976
2020-03-11 17:30,1989
2020-03-11 17:35,2000
2020-03-11 17:40,2005
2020-03-11 17:45,2030
2020-03-11 17:50,2027
2020-03-11 17:55,2028
2020-03-11 18:00,2046
2020-03-11 18:05,2058
2020-03-11 18:10,2081
2020-03-11 18:15,2096
2020-03-11 18:20,2093
2020-03-11 18:25,2110
2020-03-11 18:30,2097
2020-03-11 18:35,2099
2020-03-11 18:40,2105
2020-03-11 18:45,2115
2020-03-11 18:50,2119
2020-03-11 18:55,2129
2020-03-11 19:00,2140
2020-03-11 19:05,2137
2020-03-11 19:10,2133
2020-03-11 19:15,2118
2020-03-11 19:20,2114
2020-03-11 19:25,2143
2020-03-11 19:30,2164
2020-03-11 19:35,2144
2020-03-11 19:40,2149
2020-03-11 19:45,2133
2020-03-11 19:50,2158
2020-03-11 19:55,2150
2020-03-11 20:00,2146
2020-03-11 20:05,2153
2020-03-11 20:10,2133
2020-03-11 20:15,2114
2020-03-11 20:20,2106
2020-03-11 20:25,2118
2020-03-11 20:30,2127
2020-03-11 20:35,2110
2020-03-11 20:40,2119
2020-03-11 20:45,2108
2020-03-11 20:50,2064
2020-03-11 20:55,2045
2020-03-11 21:00,2017
2020-03-11 21:05,2014
2020-03-11 21:10,1997
2020-03-11 21:15,1988
2020-03-11 21:20,1991
2020-03-11 21:25,2025
2020-03-11 21:30,1998
2020-03-11 21:35,1988
2020-03-11 21:40,1970
2020-03-11 21:45,1951
2020-03-11 21:50,1927
2020-03-11 21:55,1907
2020-03-11 22:00,1894
2020-03-11 22:05,1881
2020-03-11 22:10,1874
2020-03-11 22:15,1853
2020-03-11 22:20,1829
2020-03-11 22:25,1796
2020-03-11 22:30,1778
2020-03-11 22:35,1755
2020-03-11 22:40,1737
2020-03-11 22:45,1738
2020-03-11 22:50,1697
2020-03-11 22:55,1675
2020-03-11 23:00,1652
2020-03-11 23:05,1623
2020-03-11 23:10,1618
2020-03-11 23:15,0
2020-03-11 23:20,0
2020-03-11 23:25,0
2020-03-11 23:30,0
2020-03-11 23:35,1521
2020-03-11 23:40,1515
2020-03-11 23:45,0
2020-03-11 23:50,957
2020-03-11 23:55,1380
2020-03-12 00:00,1455
2020-03-12 00:05,1455
2020-03-12 00:10,1429
2020-03-12 00:15,1429
2020-03-12 00:20,1411
2020-03-12 00:25,1401
2020-03-12 00:30,1401
2020-03-12 00:35,1380
2020-03-12 00:40,1368
2020-03-12 00:45,1371
2020-03-12 00:50,1364
2020-03-12 00:55,1360
2020-03-12 01:00,1363
2020-03-12 01:05,1334
2020-03-12 01:10,1336
2020-03-12 01:15,1333
2020-03-12 01:20,1334
2020-03-12 01:25,1331
2020-03-12 01:30,1342
2020-03-12 01:35,1320
2020-03-12 01:40,1326
2020-03-12 01:45,1325
2020-03-12 01:50,1311
2020-03-12 01:55,1298
2020-03-12 02:00,1271
2020-03-12 02:05,1269
2020-03-12 02:10,1240
2020-03-12 02:15,1237
2020-03-12 02:20,1228
2020-03-12 02:25,1211
2020-03-12 02:30,1204
2020-03-12 02:35,1195
2020-03-12 02:40,1205
2020-03-12 02:45,1203
2020-03-12 02:50,1199
2020-03-12 02:55,1186
2020-03-12 03:00,1153
2020-03-12 03:05,1156
2020-03-12 03:10,1129
2020-03-12 03:15,1123
2020-03-12 03:20,1109
2020-03-12 03:25,1106
2020-03-12 03:30,1108
2020-03-12 03:35,1100
2020-03-12 03:40,1096
2020-03-12 03:45,1068
2020-03-12 03:50,1036
2020-03-12 03:55,1017
2020-03-12 04:00,1003
2020-03-12 04:05,996
2020-03-12 04:10,987
2020-03-12 04:15,962
2020-03-12 04:20,948
2020-03-12 04:25,935
2020-03-12 04:30,931
2020-03-12 04:35,932
2020-03-12 04:40,938
2020-03-12 04:45,934
2020-03-12 04:50,903
2020-03-12 04:55,892
2020-03-12 05:00,886
2020-03-12 05:05,872
2020-03-12 05:10,856
2020-03-12 05:15,858
2020-03-12 05:20,851
2020-03-12 05:25,850
2020-03-12 05:30,855
2020-03-12 05:35,855
2020-03-12 05:40,853
2020-03-12 05:45,839
2020-03-12 05:50,842
2020-03-12 05:55,844
2020-03-12 06:00,846
2020-03-12 06:05,832
2020-03-12 06:10,822
2020-03-12 06:15,809
2020-03-12 06:20,803
2020-03-12 06:25,794
2020-03-12 06:30,789
2020-03-12 06:35,792
2020-03-12 06:40,798
2020-03-12 06:45,797
2020-03-12 06:50,778
2020-03-12 06:55,783
2020-03-12 07:00,780
2020-03-12 07:05,761
2020-03-12 07:10,771
2020-03-12 07:15,774
2020-03-12 07:20,789
2020-03-12 07:25,787
2020-03-12 07:30,799
2020-03-12 07:35,799
2020-03-12 07:40,808
2020-03-12 07:45,809
2020-03-12 07:50,808
2020-03-12 07:55,811
2020-03-12 08:00,810
2020-03-12 08:05,821
2020-03-12 08:10,837
2020-03-12 08:15,841
2020-03-12 08:20,840
2020-03-12 08:25,850
2020-03-12 08:30,838
2020-03-12 08:35,836
2020-03-12 08:40,840
2020-03-12 08:45,849
2020-03-12 08:50,858
2020-03-12 08:55,862
2020-03-12 09:00,874
2020-03-12 09:05,865
2020-03-12 09:10,879
2020-03-12 09:15,890
2020-03-12 09:20,894
2020-03-12 09:25,909
2020-03-12 09:30,923
2020-03-12 09:35,939
2020-03-12 09:40,959
2020-03-12 09:45,979
2020-03-12 09:50,988
2020-03-12 09:55,1002
2020-03-12 10:00,1017
2020-03-12 10:05,1041
2020-03-12 10:10,1071
2020-03-12 10:15,1068
2020-03-12 10:20,1118
2020-03-12 10:25,1110
2020-03-12 10:30,1126
2020-03-12 10:35,1123
2020-03-12 10:40,1129
2020-03-12 10:45,1147
2020-03-12 10:50,1159
2020-03-12 10:55,1172
2020-03-12 11:00,1174
2020-03-12 11:05,1166
2020-03-12 11:10,1176
2020-03-12 11:15,1194
2020-03-12 11:20,1196
2020-03-12 11:25,1213
2020-03-12 11:30,1231
2020-03-12 11:35,1223
2020-03-12 11:40,1232
2020-03-12 11:45,1256
2020-03-12 11:50,1251
2020-03-12 11:55,1269
2020-03-12 12:00,1266
2020-03-12 12:05,1248
2020-03-12 12:10,1265
2020-03-12 12:15,1280
2020-03-12 12:20,1295
2020-03-12 12:25,1294
2020-03-12 12:30,1309
2020-03-12 12:35,1276
2020-03-12 12:40,1253
2020-03-12 12:45,1238
2020-03-12 12:50,1181
2020-03-12 12:55,1104
2020-03-12 13:00,993
2020-03-12 13:05,535
2020-03-12 13:10,482
2020-03-12 13:15,446
2020-03-12 13:20,439
2020-03-12 13:25,419
2020-03-12 13:30,408
2020-03-12 13:35,408
2020-03-12 13:40,407
2020-03-12 13:45,414
2020-03-12 13:50,429
2020-03-12 13:55,410
2020-03-12 14:00,407
2020-03-12 14:05,417
2020-03-12 14:10,431
2020-03-12 14:15,443
2020-03-12 14:20,454
2020-03-12 14:25,485
2020-03-12 14:30,478
2020-03-12 14:35,473
2020-03-12 14:40,458
2020-03-12 14:45,478
2020-03-12 14:50,493
2020-03-12 14:55,496
2020-03-12 15:00,485
2020-03-12 15:05,560
2020-03-12 15:10,666
2020-03-12 15:15,773
2020-03-12 15:20,870
2020-03-12 15:25,954
2020-03-12 15:30,1029
2020-03-12 15:35,1096
2020-03-12 15:40,1172
2020-03-12 15:45,1250
2020-03-12 15:50,1325
2020-03-12 15:55,1372
2020-03-12 16:00,1427
2020-03-12 16:05,1507
2020-03-12 16:10,1588
2020-03-12 16:15,1649
2020-03-12 16:20,1706
2020-03-12 16:25,1776
2020-03-12 16:30,1811
2020-03-12 16:35,1835
2020-03-12 16:40,1882
2020-03-12 16:45,1926
2020-03-12 16:50,1966
2020-03-12 16:55,1993
2020-03-12 17:00,2043
2020-03-12 17:05,2059
2020-03-12 17:10,2070
2020-03-12 17:15,2086
2020-03-12 17:20,2133
2020-03-12 17:25,2159
2020-03-12 17:30,2177
2020-03-12 17:35,2213
2020-03-12 17:40,2232
2020-03-12 17:45,2247
2020-03-12 17:50,2259
2020-03-12 17:55,2271
2020-03-12 18:00,2278
2020-03-12 18:05,2286
2020-03-12 18:10,2316
2020-03-12 18:15,2324
2020-03-12 18:20,2335
2020-03-12 18:25,2312
2020-03-12 18:30,2299
2020-03-12 18:35,2321
2020-03-12 18:40,2330
2020-03-12 18:45,2346
2020-03-12 18:50,2363
2020-03-12 18:55,2365
2020-03-12 19:00,2374
2020-03-12 19:05,2373
2020-03-12 19:10,2364
2020-03-12 19:15,2385
2020-03-12 19:20,2381
2020-03-12 19:25,2359
2020-03-12 19:30,2364
2020-03-12 19:35,2343
2020-03-12 19:40,2333
2020-03-12 19:45,2337
2020-03-12 19:50,2341
2020-03-12 19:55,2354
2020-03-12 20:00,2346
2020-03-12 20:05,2331
2020-03-12 20:10,2316
2020-03-12 20:15,2321
2020-03-12 20:20,2324
2020-03-12 20:25,2308
2020-03-12 20:30,2278
2020-03-12 20:35,2273
2020-03-12 20:40,2279
2020-03-12 20:45,2265
2020-03-12 20:50,2249
2020-03-12 20:55,2244
2020-03-12 21:00,2228
2020-03-12 21:05,2215
2020-03-12 21:10,2197
2020-03-12 21:15,2185
2020-03-12 21:20,2167
2020-03-12 21:25,2135
2020-03-12 21:30,2111
2020-03-12 21:35,2110
2020-03-12 21:40,2090
2020-03-12 21:45,2099
2020-03-12 21:50,2072
2020-03-12 21:55,2067
2020-03-12 22:00,2051
2020-03-12 22:05,1999
2020-03-12 22:10,1981
2020-03-12 22:15,1968
2020-03-12 22:20,1945
2020-03-12 22:25,1947
2020-03-12 22:30,1919
2020-03-12 22:35,1886
2020-03-12 22:40,1867
2020-03-12 22:45,1879
2020-03-12 22:50,1842
2020-03-12 22:55,1834
2020-03-12 23:00,1819
2020-03-12 23:05,1795
2020-03-12 23:10,1784
2020-03-12 23:15,1780
2020-03-12 23:20,1743
2020-03-12 23:25,1721
2020-03-12 23:30,1688
2020-03-12 23:35,1665
2020-03-12 23:40,1653
2020-03-12 23:45,1645
2020-03-12 23:50,1636
2020-03-12 23:55,1625
2020-03-13 00:00,1630
2020-03-13 00:05,1619
2020-03-13 00:10,1605
2020-03-13 00:15,1586
2020-03-13 00:20,1595
2020-03-13 00:25,1590
2020-03-13 00:30,1580
2020-03-13 00:35,1588
2020-03-13 00:40,1556
2020-03-13 00:45,1537
2020-03-13 00:50,0
2020-03-13 00:55,1477
2020-03-13 01:00,1384
2020-03-13 01:05,1388
2020-03-13 01:10,1321
2020-03-13 01:15,1314
2020-03-13 01:20,1416
2020-03-13 01:25,1329
2020-03-13 01:30,1304
2020-03-13 01:35,1403
2020-03-13 01:40,1381
2020-03-13 01:45,1348
2020-03-13 01:50,1327
2020-03-13 01:55,1331
2020-03-13 02:00,1318
2020-03-13 02:05,1306
2020-03-13 02:10,1291
2020-03-13 02:15,1281
2020-03-13 02:20,1266
2020-03-13 02:25,1247
2020-03-13 02:30,1237
2020-03-13 02:35,1217
2020-03-13 02:40,1198
2020-03-13 02:45,1199
2020-03-13 02:50,1204
2020-03-13 02:55,1208
2020-03-13 03:00,1200
2020-03-13 03:05,1185
2020-03-13 03:10,1174
2020-03-13 03:15,1164
2020-03-13 03:20,1143
2020-03-13 03:25,1109
2020-03-13 03:30,1109
2020-03-13 03:35,1112
2020-03-13 03:40,1086
2020-03-13 03:45,1063
2020-03-13 03:50,1051
2020-03-13 03:55,1047
2020-03-13 04:00,1035
2020-03-13 04:05,1006
2020-03-13 04:10,1016
2020-03-13 04:15,1010
2020-03-13 04:20,1011
2020-03-13 04:25,1014
2020-03-13 04:30,997
2020-03-13 04:35,982
2020-03-13 04:40,969
2020-03-13 04:45,968
2020-03-13 04:50,965
2020-03-13 04:55,963
2020-03-13 05:00,944
2020-03-13 05:05,936
2020-03-13 05:10,928
2020-03-13 05:15,925
2020-03-13 05:20,907
2020-03-13 05:25,906
2020-03-13 05:30,900
2020-03-13 05:35,881
2020-03-13 05:40,856
2020-03-13 05:45,856
2020-03-13 05:50,843
2020-03-13 05:55,861
2020-03-13 06:00,856
2020-03-13 06:05,853
2020-03-13 06:10,862
2020-03-13 06:15,843
2020-03-13 06:20,835
2020-03-13 06:25,830
2020-03-13 06:30,841
2020-03-13 06:35,842
2020-03-13 06:40,841
2020-03-13 06:45,844
2020-03-13 06:50,852
2020-03-13 06:55,855
2020-03-13 07:00,857
2020-03-13 07:05,870
2020-03-13 07:10,873
2020-03-13 07:15,870
2020-03-13 07:20,872
2020-03-13 07:25,866
2020-03-13 07:30,864
2020-03-13 07:35,851
2020-03-13 07:40,856
2020-03-13 07:45,863
2020-03-13 07:50,870
2020-03-13 07:55,898
2020-03-13 08:00,896
2020-03-13 08:05,898
2020-03-13 08:10,919
2020-03-13 08:15,919
2020-03-13 08:20,926
2020-03-13 08:25,948
2020-03-13 08:30,946
2020-03-13 08:35,953
2020-03-13 08:40,949
2020-03-13 08:45,957
2020-03-13 08:50,968
2020-03-13 08:55,979
2020-03-13 09:00,988
2020-03-13 09:05,999
2020-03-13 09:10,1028
2020-03-13 09:15,1030
2020-03-13 09:20,1042
2020-03-13 09:25,1042
2020-03-13 09:30,1044
2020-03-13 09:35,1061
2020-03-13 09:40,1067
2020-03-13 09:45,1079
2020-03-13 09:50,1114
2020-03-13 09:55,1118
2020-03-13 10:00,1144
2020-03-13 10:05,1182
2020-03-13 10:10,1201
2020-03-13 10:15,1227
2020-03-13 10:20,1261
2020-03-13 10:25,1260
2020-03-13 10:30,1273
2020-03-13 10:35,1289
2020-03-13 10:40,1306
2020-03-13 10:45,1312
2020-03-13 10:50,1324
2020-03-13 10:55,1344
2020-03-13 11:00,1342
2020-03-13 11:05,1358
2020-03-13 11:10,1361
2020-03-13 11:15,1367
2020-03-13 11:20,1375
2020-03-13 11:25,1377
2020-03-13 11:30,1372
2020-03-13 11:35,1393
2020-03-13 11:40,1389
2020-03-13 11:45,1405
2020-03-13 11:50,1394
2020-03-13 11:55,1404
2020-03-13 12:00,1416
2020-03-13 12:05,1428
2020-03-13 12:10,1436
2020-03-13 12:15,1444
2020-03-13 12:20,1454
2020-03-13 12:25,1471
2020-03-13 12:30,1473
2020-03-13 12:35,1490
2020-03-13 12:40,1508
2020-03-13 12:45,1536
2020-03-13 12:50,1559
2020-03-13 12:55,1565
2020-03-13 13:00,1592
2020-03-13 13:05,1607
2020-03-13 13:10,1630
2020-03-13 13:15,1631
2020-03-13 13:20,1633
2020-03-13 13:25,1647
2020-03-13 13:30,1656
2020-03-13 13:35,1642
2020-03-13 13:40,1679
2020-03-13 13:45,1709
2020-03-13 13:50,1713
2020-03-13 13:55,1741
2020-03-13 14:00,1774
2020-03-13 14:05,1778
2020-03-13 14:10,1790
2020-03-13 14:15,1795
2020-03-13 14:20,1799
2020-03-13 14:25,1820
2020-03-13 14:30,1832
2020-03-13 14:35,1822
2020-03-13 14:40,1840
2020-03-13 14:45,1848
2020-03-13 14:50,1858
2020-03-13 14:55,1832
2020-03-13 15:00,1844
2020-03-13 15:05,1868
2020-03-13 15:10,1871
2020-03-13 15:15,1895
2020-03-13 15:20,1921
2020-03-13 15:25,1947
2020-03-13 15:30,1951
2020-03-13 15:35,1964
2020-03-13 15:40,1980
2020-03-13 15:45,2005
2020-03-13 15:50,2009
2020-03-13 15:55,2023
2020-03-13 16:00,2050
2020-03-13 16:05,2041
2020-03-13 16:10,2039
2020-03-13 16:15,2065
2020-03-13 16:20,2088
2020-03-13 16:25,2094
2020-03-13 16:30,2106
2020-03-13 16:35,2111
2020-03-13 16:40,2133
2020-03-13 16:45,2149
2020-03-13 16:50,2171
2020-03-13 16:55,2189
2020-03-13 17:00,2202
2020-03-13 17:05,2199
2020-03-13 17:10,2226
2020-03-13 17:15,2240
2020-03-13 17:20,2181
2020-03-13 17:25,2229
2020-03-13 17:30,2234
2020-03-13 17:35,2242
2020-03-13 17:40,2254
2020-03-13 17:45,2273
2020-03-13 17:50,2281
2020-03-13 17:55,2283
2020-03-13 18:00,2282
2020-03-13 18:05,2277
2020-03-13 18:10,2282
2020-03-13 18:15,2305
2020-03-13 18:20,2319
2020-03-13 18:25,2313
2020-03-13 18:30,2279
2020-03-13 18:35,2308
2020-03-13 18:40,2309
2020-03-13 18:45,2284
2020-03-13 18:50,2292
2020-03-13 18:55,2269
2020-03-13 19:00,2265
2020-03-13 19:05,2274
2020-03-13 19:10,2317
2020-03-13 19:15,2320
2020-03-13 19:20,2326
2020-03-13 19:25,2315
2020-03-13 19:30,2308
2020-03-13 19:35,2304
2020-03-13 19:40,2306
2020-03-13 19:45,2327
2020-03-13 19:50,2354
2020-03-13 19:55,2383
2020-03-13 20:00,2386
2020-03-13 20:05,2389
2020-03-13 20:10,2363
2020-03-13 20:15,2364
2020-03-13 20:20,2372
2020-03-13 20:25,2394
2020-03-13 20:30,2397
2020-03-13 20:35,2388
2020-03-13 20:40,2404
2020-03-13 20:45,2368
2020-03-13 20:50,2356
2020-03-13 20:55,2373
2020-03-13 21:00,2374
2020-03-13 21:05,2361
2020-03-13 21:10,2347
2020-03-13 21:15,2327
2020-03-13 21:20,2332
2020-03-13 21:25,2334
2020-03-13 21:30,2311
2020-03-13 21:35,2299
2020-03-13 21:40,2285
2020-03-13 21:45,2263
2020-03-13 21:50,2253
2020-03-13 21:55,2250
2020-03-13 22:00,2250
2020-03-13 22:05,2239
2020-03-13 22:10,2211
2020-03-13 22:15,2172
2020-03-13 22:20,2148
2020-03-13 22:25,2131
2020-03-13 22:30,2100
2020-03-13 22:35,2065
2020-03-13 22:40,2054
2020-03-13 22:45,2055
2020-03-13 22:50,2053
2020-03-13 22:55,2027
2020-03-13 23:00,1995
2020-03-13 23:05,2011
2020-03-13 23:10,1983
2020-03-13 23:15,1930
2020-03-13 23:20,1896
2020-03-13 23:25,1866
2020-03-13 23:30,1840
2020-03-13 23:35,1837
2020-03-13 23:40,1827
2020-03-13 23:45,1790
2020-03-13 23:50,1776
2020-03-13 23:55,1725
2020-03-14 00:00,1713
2020-03-14 00:05,1690
2020-03-14 00:10,1697
2020-03-14 00:15,1674
2020-03-14 00:20,1657
2020-03-14 00:25,1649
2020-03-14 00:30,1623
2020-03-14 00:35,1587
2020-03-14 00:40,1580
2020-03-14 00:45,1553
2020-03-14 00:50,1553
2020-03-14 00:55,1565
2020-03-14 01:00,1549
2020-03-14 01:05,1538
2020-03-14 01:10,1548
2020-03-14 01:15,1541
2020-03-14 01:20,1523
2020-03-14 01:25,1506
2020-03-14 01:30,1495
2020-03-14 01:35,1501
2020-03-14 01:40,1502
2020-03-14 01:45,1495
2020-03-14 01:50,1477
2020-03-14 01:55,1479
2020-03-14 02:00,1464
2020-03-14 02:05,1460
2020-03-14 02:10,1467
2020-03-14 02:15,1485
2020-03-14 02:20,1474
2020-03-14 02:25,1451
2020-03-14 02:30,1444
2020-03-14 02:35,1430
2020-03-14 02:40,1438
2020-03-14 02:45,1422
2020-03-14 02:50,1418
2020-03-14 02:55,1398
2020-03-14 03:00,1384
2020-03-14 03:05,1364
2020-03-14 03:10,1331
2020-03-14 03:15,1333
2020-03-14 03:20,1313
2020-03-14 03:25,1291
2020-03-14 03:30,1289
2020-03-14 03:35,1284
2020-03-14 03:40,1267
2020-03-14 03:45,1249
2020-03-14 03:50,1245
2020-03-14 03:55,1251
2020-03-14 04:00,1231
2020-03-14 04:05,1228
2020-03-14 04:10,1207
2020-03-14 04:15,1202
2020-03-14 04:20,1196
2020-03-14 04:25,1194
2020-03-14 04:30,1173
2020-03-14 04:35,1142
2020-03-14 04:40,1144
2020-03-14 04:45,1128
2020-03-14 04:50,1121
2020-03-14 04:55,1087
2020-03-14 05:00,1085
2020-03-14 05:05,1069
2020-03-14 05:10,1068
2020-03-14 05:15,1068
2020-03-14 05:20,1074
2020-03-14 05:25,1066
2020-03-14 05:30,1041
2020-03-14 05:35,1059
2020-03-14 05:40,1058
2020-03-14 05:45,1053
2020-03-14 05:50,1058
2020-03-14 05:55,1052
2020-03-14 06:00,1057
2020-03-14 06:05,1058
2020-03-14 06:10,1057
2020-03-14 06:15,1051
2020-03-14 06:20,1046
2020-03-14 06:25,1056
2020-03-14 06:30,1053
2020-03-14 06:35,1047
2020-03-14 06:40,1030
2020-03-14 06:45,1026
2020-03-14 06:50,1025
2020-03-14 06:55,1028
2020-03-14 07:00,1041
2020-03-14 07:05,1055
2020-03-14 07:10,1056
2020-03-14 07:15,1064
2020-03-14 07:20,1082
2020-03-14 07:25,1087
2020-03-14 07:30,1087
2020-03-14 07:35,1097
2020-03-14 07:40,1101
2020-03-14 07:45,1110
2020-03-14 07:50,1113
2020-03-14 07:55,1124
2020-03-14 08:00,1125
2020-03-14 08:05,1101
2020-03-14 08:10,1119
2020-03-14 08:15,1136
2020-03-14 08:20,1145
2020-03-14 08:25,1165
2020-03-14 08:30,1190
2020-03-14 08:35,1221
2020-03-14 08:40,1232
2020-03-14 08:45,1245
2020-03-14 08:50,1237
2020-03-14 08:55,1258
2020-03-14 09:00,1246
2020-03-14 09:05,1264
2020-03-14 09:10,1265
2020-03-14 09:15,1296
2020-03-14 09:20,1322
2020-03-14 09:25,1331
2020-03-14 09:30,1349
2020-03-14 09:35,1374
2020-03-14 09:40,1380
2020-03-14 09:45,1394
2020-03-14 09:50,1435
2020-03-14 09:55,1441
2020-03-14 10:00,1489
2020-03-14 10:05,1511
2020-03-14 10:10,1529
2020-03-14 10:15,1553
2020-03-14 10:20,1570
2020-03-14 10:25,1608
2020-03-14 10:30,1625
2020-03-14 10:35,1638
2020-03-14 10:40,1649
2020-03-14 10:45,1640
2020-03-14 10:50,1654
2020-03-14 10:55,1680
2020-03-14 11:00,1706
2020-03-14 11:05,1720
2020-03-14 11:10,1725
2020-03-14 11:15,1762
2020-03-14 11:20,1759
2020-03-14 11:25,1769
2020-03-14 11:30,1768
2020-03-14 11:35,1778
2020-03-14 11:40,1784
2020-03-14 11:45,1807
2020-03-14 11:50,1790
2020-03-14 11:55,1807
2020-03-14 12:00,1807
2020-03-14 12:05,1808
2020-03-14 12:10,1820
2020-03-14 12:15,1847
2020-03-14 12:20,1855
2020-03-14 12:25,1886
2020-03-14 12:30,1901
2020-03-14 12:35,1903
2020-03-14 12:40,1913
2020-03-14 12:45,1942
2020-03-14 12:50,1952
2020-03-14 12:55,1941
2020-03-14 13:00,1963
2020-03-14 13:05,2004
2020-03-14 13:10,2029
2020-03-14 13:15,2021
2020-03-14 13:20,2022
2020-03-14 13:25,2048
2020-03-14 13:30,2066
2020-03-14 13:35,2068
2020-03-14 13:40,2098
2020-03-14 13:45,2122
2020-03-14 13:50,2152
2020-03-14 13:55,2160
2020-03-14 14:00,2165
2020-03-14 14:05,2151
2020-03-14 14:10,2164
2020-03-14 14:15,2182
2020-03-14 14:20,2218
2020-03-14 14:25,2236
2020-03-14 14:30,0
2020-03-14 14:35,2232
2020-03-14 14:40,2258
2020-03-14 14:45,2255
2020-03-14 14:50,2262
2020-03-14 14:55,2271
2020-03-14 15:00,2267
2020-03-14 15:05,2257
2020-03-14 15:10,2296
2020-03-14 15:15,2341
2020-03-14 15:20,2355
2020-03-14 15:25,2375
2020-03-14 15:30,2381
2020-03-14 15:35,2397
2020-03-14 15:40,2410
2020-03-14 15:45,2417
2020-03-14 15:50,2441
2020-03-14 15:55,2447
2020-03-14 16:00,2470
2020-03-14 16:05,2502
2020-03-14 16:10,2501
2020-03-14 16:15,2505
2020-03-14 16:20,2488
2020-03-14 16:25,2491
2020-03-14 16:30,2495
2020-03-14 16:35,2515
2020-03-14 16:40,2554
2020-03-14 16:45,2560
2020-03-14 16:50,2579
2020-03-14 16:55,2575
2020-03-14 17:00,2600
2020-03-14 17:05,2590
2020-03-14 17:10,2629
2020-03-14 17:15,2635
2020-03-14 17:20,2634
2020-03-14 17:25,2636
2020-03-14 17:30,2641
2020-03-14 17:35,2647
2020-03-14 17:40,2648
2020-03-14 17:45,2635
2020-03-14 17:50,2640
2020-03-14 17:55,2623
2020-03-14 18:00,2603
2020-03-14 18:05,2618
2020-03-14 18:10,2628
2020-03-14 18:15,2637
2020-03-14 18:20,2647
2020-03-14 18:25,2635
2020-03-14 18:30,2656
2020-03-14 18:35,2677
2020-03-14 18:40,2690
2020-03-14 18:45,2642
2020-03-14 18:50,2623
2020-03-14 18:55,2623
2020-03-14 19:00,2618
2020-03-14 19:05,2614
2020-03-14 19:10,2623
2020-03-14 19:15,2656
2020-03-14 19:20,2640
2020-03-14 19:25,2655
2020-03-14 19:30,2660
2020-03-14 19:35,2658
2020-03-14 19:40,2668
2020-03-14 19:45,2658
2020-03-14 19:50,2678
2020-03-14 19:55,2654
2020-03-14 20:00,2662
2020-03-14 20:05,2656
2020-03-14 20:10,2655
2020-03-14 20:15,2664
2020-03-14 20:20,2661
2020-03-14 20:25,2657
2020-03-14 20:30,2649
2020-03-14 20:35,2640
2020-03-14 20:40,2631
2020-03-14 20:45,2656
2020-03-14 20:50,2640
2020-03-14 20:55,2656
2020-03-14 21:00,2653
2020-03-14 21:05,2655
2020-03-14 21:10,2648
2020-03-14 21:15,2635
2020-03-14 21:20,2634
2020-03-14 21:25,2625
2020-03-14 21:30,2620
2020-03-14 21:35,2608
2020-03-14 21:40,2604
2020-03-14 21:45,2600
2020-03-14 21:50,2579
2020-03-14 21:55,2571
2020-03-14 22:00,2525
2020-03-14 22:05,2500
2020-03-14 22:10,2479
2020-03-14 22:15,2449
2020-03-14 22:20,2426
2020-03-14 22:25,2388
2020-03-14 22:30,2388
2020-03-14 22:35,2371
2020-03-14 22:40,2350
2020-03-14 22:45,2333
2020-03-14 22:50,2315
2020-03-14 22:55,2289
2020-03-14 23:00,2268
2020-03-14 23:05,2242
2020-03-14 23:10,2186
2020-03-14 23:15,2168
2020-03-14 23:20,2123
2020-03-14 23:25,2083
2020-03-14 23:30,2084
2020-03-14 23:35,2064
2020-03-14 23:40,2077
2020-03-14 23:45,2044
2020-03-14 23:50,2044
2020-03-14 23:55,2009
2020-03-15 00:00,1985
2020-03-15 00:05,1959
2020-03-15 00:10,1923
2020-03-15 00:15,1887
2020-03-15 00:20,1888
2020-03-15 00:25,1877
2020-03-15 00:30,1863
2020-03-15 00:35,1841
2020-03-15 00:40,1809
2020-03-15 00:45,1800
2020-03-15 00:50,1786
2020-03-15 00:55,1752
2020-03-15 01:00,1745
2020-03-15 01:05,1728
2020-03-15 01:10,1704
2020-03-15 01:15,1664
2020-03-15 01:20,1652
2020-03-15 01:25,1641
2020-03-15 01:30,1629
2020-03-15 01:35,1627
2020-03-15 01:40,1621
2020-03-15 01:45,1605
2020-03-15 01:50,1604
2020-03-15 01:55,1575
2020-03-15 02:00,1574
2020-03-15 02:05,1546
2020-03-15 02:10,1549
2020-03-15 02:15,1516
2020-03-15 02:20,1507
2020-03-15 02:25,1487
2020-03-15 02:30,1481
2020-03-15 02:35,1480
2020-03-15 02:40,1470
2020-03-15 02:45,1450
2020-03-15 02:50,1452
2020-03-15 02:55,1455
2020-03-15 03:00,1430
2020-03-15 03:05,1401
2020-03-15 03:10,1393
2020-03-15 03:15,1379
2020-03-15 03:20,1375
2020-03-15 03:25,1360
2020-03-15 03:30,1366
2020-03-15 03:35,1360
2020-03-15 03:40,1353
2020-03-15 03:45,1362
2020-03-15 03:50,1345
2020-03-15 03:55,1329
2020-03-15 04:00,1308
2020-03-15 04:05,1277
2020-03-15 04:10,1279
2020-03-15 04:15,1259
2020-03-15 04:20,1255
2020-03-15 04:25,1254
2020-03-15 04:30,1261
2020-03-15 04:35,1258
2020-03-15 04:40,1236
2020-03-15 04:45,1241
2020-03-15 04:50,1224
2020-03-15 04:55,1207
2020-03-15 05:00,1191
2020-03-15 05:05,1181
2020-03-15 05:10,1156
2020-03-15 05:15,1152
2020-03-15 05:20,1139
2020-03-15 05:25,1116
2020-03-15 05:30,1100
2020-03-15 05:35,1096
2020-03-15 05:40,1102
2020-03-15 05:45,1098
2020-03-15 05:50,1090
2020-03-15 05:55,1083
2020-03-15 06:00,1081
2020-03-15 06:05,1080
2020-03-15 06:10,1069
2020-03-15 06:15,1063
2020-03-15 06:20,1070
2020-03-15 06:25,1069
2020-03-15 06:30,1076
2020-03-15 06:35,1102
2020-03-15 06:40,1105
2020-03-15 06:45,1106
2020-03-15 06:50,1107
2020-03-15 06:55,1105
2020-03-15 07:00,1103
2020-03-15 07:05,1116
2020-03-15 07:10,1125
2020-03-15 07:15,1121
2020-03-15 07:20,1128
2020-03-15 07:25,1139
2020-03-15 07:30,1148
2020-03-15 07:35,1159
2020-03-15 07:40,1164
2020-03-15 07:45,1177
2020-03-15 07:50,1205
2020-03-15 07:55,1226
2020-03-15 08:00,1246
2020-03-15 08:05,1264
2020-03-15 08:10,1272
2020-03-15 08:15,1276
2020-03-15 08:20,1284
2020-03-15 08:25,1297
2020-03-15 08:30,1297
2020-03-15 08:35,1318
2020-03-15 08:40,1327
2020-03-15 08:45,1327
2020-03-15 08:50,1347
2020-03-15 08:55,1361
2020-03-15 09:00,1370
2020-03-15 09:05,1400
2020-03-15 09:10,1429
2020-03-15 09:15,1456
2020-03-15 09:20,1492
2020-03-15 09:25,1512
2020-03-15 09:30,1510
2020-03-15 09:35,1517
2020-03-15 09:40,1534
2020-03-15 09:45,1548
2020-03-15 09:50,1561
2020-03-15 09:55,1595
2020-03-15 10:00,1634
2020-03-15 10:05,1676
2020-03-15 10:10,1684
2020-03-15 10:15,1702
2020-03-15 10:20,1732
2020-03-15 10:25,1749
2020-03-15 10:30,1749
2020-03-15 10:35,1770
2020-03-15 10:40,1832
2020-03-15 10:45,1832
2020-03-15 10:50,1874
2020-03-15 10:55,1874
2020-03-15 11:00,1903
2020-03-15 11:05,1932
2020-03-15 11:10,1949
2020-03-15 11:15,1966
2020-03-15 11:20,1999
2020-03-15 11:25,2004
2020-03-15 11:30,2004
2020-03-15 11:35,2012
2020-03-15 11:40,1990
2020-03-15 11:45,2014
2020-03-15 11:50,2009
2020-03-15 11:55,2018
2020-03-15 12:00,2068
2020-03-15 12:05,2071
2020-03-15 12:10,2062
2020-03-15 12:15,2077
2020-03-15 12:20,2071
2020-03-15 12:25,2089
2020-03-15 12:30,2089
2020-03-15 12:35,2141
2020-03-15 12:40,2153
2020-03-15 12:45,2193
2020-03-15 12:50,2206
2020-03-15 12:55,2206
2020-03-15 13:00,2260
2020-03-15 13:05,2263
2020-03-15 13:10,2273
2020-03-15 13:15,2308
2020-03-15 13:20,2298
2020-03-15 13:25,2317
2020-03-15 13:30,2317
2020-03-15 13:35,2326
2020-03-15 13:40,2339
2020-03-15 13:45,2356
2020-03-15 13:50,2374
2020-03-15 13:55,2399
2020-03-15 14:00,2446
2020-03-15 14:05,2446
2020-03-15 14:10,2477
2020-03-15 14:15,2477
2020-03-15 14:20,2498
2020-03-15 14:25,2553
2020-03-15 14:30,2553
2020-03-15 14:35,2555
2020-03-15 14:40,2577
2020-03-15 14:45,2589
2020-03-15 14:50,2616
2020-03-15 14:55,2629
2020-03-15 15:00,2624
2020-03-15 15:05,2643
2020-03-15 15:10,2656
2020-03-15 15:15,2656
2020-03-15 15:20,2647
2020-03-15 15:25,2642
2020-03-15 15:30,2652
2020-03-15 15:35,2660
2020-03-15 15:40,2680
2020-03-15 15:45,2698
2020-03-15 15:50,2698
2020-03-15 15:55,2719
2020-03-15 16:00,2722
2020-03-15 16:05,2722
2020-03-15 16:10,2731
2020-03-15 16:15,2729
2020-03-15 16:20,2745
2020-03-15 16:25,2751
2020-03-15 16:30,2758
2020-03-15 16:35,2782
2020-03-15 16:40,2776
2020-03-15 16:45,2797
2020-03-15 16:50,2802
2020-03-15 16:55,2818
2020-03-15 17:00,2818
2020-03-15 17:05,2821
2020-03-15 17:10,2831
2020-03-15 17:15,2858
2020-03-15 17:20,2880
2020-03-15 17:25,2892
2020-03-15 17:30,2920
2020-03-15 17:35,2919
2020-03-15 17:40,2910
2020-03-15 17:45,2921
2020-03-15 17:50,2899
2020-03-15 17:55,2902
2020-03-15 18:00,2922
2020-03-15 18:05,2940
2020-03-15 18:10,2940
2020-03-15 18:15,2944
2020-03-15 18:20,2935
2020-03-15 18:25,2915
2020-03-15 18:30,2906
2020-03-15 18:35,2878
2020-03-15 18:40,2857
2020-03-15 18:45,2876
2020-03-15 18:50,2884
2020-03-15 18:55,2898
2020-03-15 19:00,2893
2020-03-15 19:05,2890
2020-03-15 19:10,2906
2020-03-15 19:15,2899
2020-03-15 19:20,2898
2020-03-15 19:25,2911
2020-03-15 19:30,2912
2020-03-15 19:35,2911
2020-03-15 19:40,2877
2020-03-15 19:45,2854
2020-03-15 19:50,2853
2020-03-15 19:55,2850
2020-03-15 20:00,2835
2020-03-15 20:05,2837
2020-03-15 20:10,2839
2020-03-15 20:15,2834
2020-03-15 20:20,2810
2020-03-15 20:25,2787
2020-03-15 20:30,2800
2020-03-15 20:35,2783
2020-03-15 20:40,2779
2020-03-15 20:45,2763
2020-03-15 20:50,2748
2020-03-15 20:55,2750
2020-03-15 21:00,2731
2020-03-15 21:05,2745
2020-03-15 21:10,2726
2020-03-15 21:15,2713
2020-03-15 21:20,2707
2020-03-15 21:25,2685
2020-03-15 21:30,2653
2020-03-15 21:35,2655
2020-03-15 21:40,2640
2020-03-15 21:45,2603
2020-03-15 21:50,2594
2020-03-15 21:55,2589
2020-03-15 22:00,2536
2020-03-15 22:05,2492
2020-03-15 22:10,2474
2020-03-15 22:15,2429
2020-03-15 22:20,2403
2020-03-15 22:25,2391
2020-03-15 22:30,2365
2020-03-15 22:35,2320
2020-03-15 22:40,2317
2020-03-15 22:45,2292
2020-03-15 22:50,2276
2020-03-15 22:55,2249
2020-03-15 23:00,2199
2020-03-15 23:05,2183
2020-03-15 23:10,2155
2020-03-15 23:15,2136
2020-03-15 23:20,2125
2020-03-15 23:25,2103
2020-03-15 23:30,2108
2020-03-15 23:35,2089
2020-03-15 23:40,2039
2020-03-15 23:45,2002
2020-03-15 23:50,1980
2020-03-15 23:55,1960
2020-03-16 00:00,1921
2020-03-16 00:05,1898
2020-03-16 00:10,1882
2020-03-16 00:15,1864
2020-03-16 00:20,1862
2020-03-16 00:25,1836
2020-03-16 00:30,1812
2020-03-16 00:35,1809
2020-03-16 00:40,1805
2020-03-16 00:45,1790
2020-03-16 00:50,1778
2020-03-16 00:55,1749
2020-03-16 01:00,1735
2020-03-16 01:05,1717
2020-03-16 01:10,1670
2020-03-16 01:15,1662
2020-03-16 01:20,1657
2020-03-16 01:25,1650
2020-03-16 01:30,1628
2020-03-16 01:35,1617
2020-03-16 01:40,1602
2020-03-16 01:45,1594
2020-03-16 01:50,1572
2020-03-16 01:55,1547
2020-03-16 02:00,1546
2020-03-16 02:05,1520
2020-03-16 02:10,1509
2020-03-16 02:15,1492
2020-03-16 02:20,1458
2020-03-16 02:25,1423
2020-03-16 02:30,1415
2020-03-16 02:35,1388
2020-03-16 02:40,1382
2020-03-16 02:45,1371
2020-03-16 02:50,1356
2020-03-16 02:55,1348
2020-03-16 03:00,1354
2020-03-16 03:05,1337
2020-03-16 03:10,1331
2020-03-16 03:15,1338
2020-03-16 03:20,1323
2020-03-16 03:25,1307
2020-03-16 03:30,1287
2020-03-16 03:35,1278
2020-03-16 03:40,1260
2020-03-16 03:45,1251
2020-03-16 03:50,1234
2020-03-16 03:55,1230
2020-03-16 04:00,1224
2020-03-16 04:05,1213
2020-03-16 04:10,1211
2020-03-16 04:15,1183
2020-03-16 04:20,1170
2020-03-16 04:25,1169
2020-03-16 04:30,1166
2020-03-16 04:35,1148
2020-03-16 04:40,1140
2020-03-16 04:45,1127
2020-03-16 04:50,1126
2020-03-16 04:55,1110
2020-03-16 05:00,1090
2020-03-16 05:05,1059
2020-03-16 05:10,1055
2020-03-16 05:15,1045
2020-03-16 05:20,1034
2020-03-16 05:25,1028
2020-03-16 05:30,1030
2020-03-16 05:35,1021
2020-03-16 05:40,1009
2020-03-16 05:45,1022
2020-03-16 05:50,1007
2020-03-16 05:55,1002
2020-03-16 06:00,1001
2020-03-16 06:05,1002
2020-03-16 06:10,1001
2020-03-16 06:15,981
2020-03-16 06:20,980
2020-03-16 06:25,967
2020-03-16 06:30,956
2020-03-16 06:35,968
2020-03-16 06:40,970
2020-03-16 06:45,948
2020-03-16 06:50,959
2020-03-16 06:55,952
2020-03-16 07:00,954
2020-03-16 07:05,963
2020-03-16 07:10,957
2020-03-16 07:15,970
2020-03-16 07:20,979
2020-03-16 07:25,991
2020-03-16 07:30,989
2020-03-16 07:35,984
2020-03-16 07:40,984
2020-03-16 07:45,999
2020-03-16 07:50,1009
2020-03-16 07:55,1000
2020-03-16 08:00,998
2020-03-16 08:05,1000
2020-03-16 08:10,1019
2020-03-16 08:15,1025
2020-03-16 08:20,1015
2020-03-16 08:25,1000
2020-03-16 08:30,1013
2020-03-16 08:35,1034
2020-03-16 08:40,1024
2020-03-16 08:45,1055
2020-03-16 08:50,1072
2020-03-16 08:55,1103
2020-03-16 09:00,1115
2020-03-16 09:05,1125
2020-03-16 09:10,1135
2020-03-16 09:15,1141
2020-03-16 09:20,1178
2020-03-16 09:25,1200
2020-03-16 09:30,1220
2020-03-16 09:35,1228
2020-03-16 09:40,1246
2020-03-16 09:45,1263
2020-03-16 09:50,1294
2020-03-16 09:55,1325
2020-03-16 10:00,1336
2020-03-16 10:05,1365
2020-03-16 10:10,1385
2020-03-16 10:15,1405
2020-03-16 10:20,1414
2020-03-16 10:25,1432
2020-03-16 10:30,1456
2020-03-16 10:35,1468
2020-03-16 10:40,1486
2020-03-16 10:45,1486
2020-03-16 10:50,1522
2020-03-16 10:55,1535
2020-03-16 11:00,1540
2020-03-16 11:05,1545
2020-03-16 11:10,1563
2020-03-16 11:15,1578
2020-03-16 11:20,1587
2020-03-16 11:25,1577
2020-03-16 11:30,1594
2020-03-16 11:35,1597
2020-03-16 11:40,1608
2020-03-16 11:45,1588
2020-03-16 11:50,1602
2020-03-16 11:55,1612
2020-03-16 12:00,1621
2020-03-16 12:05,1619
2020-03-16 12:10,1627
2020-03-16 12:15,1649
2020-03-16 12:20,1672
2020-03-16 12:25,1679
2020-03-16 12:30,1681
2020-03-16 12:35,1683
2020-03-16 12:40,1689
2020-03-16 12:45,1689
2020-03-16 12:50,1699
2020-03-16 12:55,1710
2020-03-16 13:00,1713
2020-03-16 13:05,1738
2020-03-16 13:10,1767
2020-03-16 13:15,1787
2020-03-16 13:20,1804
2020-03-16 13:25,1810
2020-03-16 13:30,1836
2020-03-16 13:35,1861
2020-03-16 13:40,1875
2020-03-16 13:45,1871
2020-03-16 13:50,1882
2020-03-16 13:55,1878
2020-03-16 14:00,1918
2020-03-16 14:05,1926
2020-03-16 14:10,1961
2020-03-16 14:15,1972
2020-03-16 14:20,1998
2020-03-16 14:25,2020
2020-03-16 14:30,2042
2020-03-16 14:35,2051
2020-03-16 14:40,2053
2020-03-16 14:45,2080
2020-03-16 14:50,2092
2020-03-16 14:55,2113
2020-03-16 15:00,2116
2020-03-16 15:05,2130
2020-03-16 15:10,2139
2020-03-16 15:15,2152
2020-03-16 15:20,2166
2020-03-16 15:25,2184
2020-03-16 15:30,2194
2020-03-16 15:35,2196
2020-03-16 15:40,2221
2020-03-16 15:45,2222
2020-03-16 15:50,2224
2020-03-16 15:55,2247
2020-03-16 16:00,2278
2020-03-16 16:05,2320
2020-03-16 16:10,2331
2020-03-16 16:15,2375
2020-03-16 16:20,2409
2020-03-16 16:25,2388
2020-03-16 16:30,2402
2020-03-16 16:35,2408
2020-03-16 16:40,2421
2020-03-16 16:45,2434
2020-03-16 16:50,2455
2020-03-16 16:55,2457
2020-03-16 17:00,2457
2020-03-16 17:05,2495
2020-03-16 17:10,2500
2020-03-16 17:15,2524
2020-03-16 17:20,2562
2020-03-16 17:25,2570
2020-03-16 17:30,2570
2020-03-16 17:35,2574
2020-03-16 17:40,2602
2020-03-16 17:45,2629
2020-03-16 17:50,2631
2020-03-16 17:55,2653
2020-03-16 18:00,2661
2020-03-16 18:05,2660
2020-03-16 18:10,2679
2020-03-16 18:15,2673
2020-03-16 18:20,2682
2020-03-16 18:25,2681
2020-03-16 18:30,2709
2020-03-16 18:35,2731
2020-03-16 18:40,2747
2020-03-16 18:45,2729
2020-03-16 18:50,2700
2020-03-16 18:55,2684
2020-03-16 19:00,2683
2020-03-16 19:05,2671
2020-03-16 19:10,2673
2020-03-16 19:15,2633
2020-03-16 19:20,2639
2020-03-16 19:25,2651
2020-03-16 19:30,2639
2020-03-16 19:35,2655
2020-03-16 19:40,2670
2020-03-16 19:45,2673
2020-03-16 19:50,2689
2020-03-16 19:55,2706
2020-03-16 20:00,2711
2020-03-16 20:05,2740
2020-03-16 20:10,2757
2020-03-16 20:15,2747
2020-03-16 20:20,2736
2020-03-16 20:25,2717
2020-03-16 20:30,2701
2020-03-16 20:35,2731
2020-03-16 20:40,2726
2020-03-16 20:45,2713
2020-03-16 20:50,2680
2020-03-16 20:55,2676
2020-03-16 21:00,2650
2020-03-16 21:05,2620
2020-03-16 21:10,2607
2020-03-16 21:15,2612
2020-03-16 21:20,2582
2020-03-16 21:25,2569
2020-03-16 21:30,2540
2020-03-16 21:35,2519
2020-03-16 21:40,2489
2020-03-16 21:45,2460
2020-03-16 21:50,2432
2020-03-16 21:55,2397
2020-03-16 22:00,2390
2020-03-16 22:05,2379
2020-03-16 22:10,2321
2020-03-16 22:15,2320
2020-03-16 22:20,2284
2020-03-16 22:25,2256
2020-03-16 22:30,2234
2020-03-16 22:35,2212
2020-03-16 22:40,2179
2020-03-16 22:45,2141
2020-03-16 22:50,2150
2020-03-16 22:55,2145
2020-03-16 23:00,2127
2020-03-16 23:05,2086
2020-03-16 23:10,2038
2020-03-16 23:15,2014
2020-03-16 23:20,1980
2020-03-16 23:25,1968
2020-03-16 23:30,1965
2020-03-16 23:35,1950
2020-03-16 23:40,1934
2020-03-16 23:45,1918
2020-03-16 23:50,1919
2020-03-16 23:55,1906
2020-03-17 00:00,1876
2020-03-17 00:05,1857
2020-03-17 00:10,1814
2020-03-17 00:15,1816
2020-03-17 00:20,1799
2020-03-17 00:25,1800
2020-03-17 00:30,1782
2020-03-17 00:35,1777
2020-03-17 00:40,1786
2020-03-17 00:45,1773
2020-03-17 00:50,1759
2020-03-17 00:55,1757
2020-03-17 01:00,1744
2020-03-17 01:05,1726
2020-03-17 01:10,1713
2020-03-17 01:15,1700
2020-03-17 01:20,1708
2020-03-17 01:25,1669
2020-03-17 01:30,1663
2020-03-17 01:35,1653
2020-03-17 01:40,1627
2020-03-17 01:45,1606
2020-03-17 01:50,1585
2020-03-17 01:55,1585
2020-03-17 02:00,1557
2020-03-17 02:05,1552
2020-03-17 02:10,1553
2020-03-17 02:15,1537
2020-03-17 02:20,1537
2020-03-17 02:25,1515
2020-03-17 02:30,1499
2020-03-17 02:35,1503
2020-03-17 02:40,1496
2020-03-17 02:45,1471
2020-03-17 02:50,1442
2020-03-17 02:55,1415
2020-03-17 03:00,1415
2020-03-17 03:05,1391
2020-03-17 03:10,1371
2020-03-17 03:15,1354
2020-03-17 03:20,1323
2020-03-17 03:25,1311
2020-03-17 03:30,1304
2020-03-17 03:35,1294
2020-03-17 03:40,1278
2020-03-17 03:45,1283
2020-03-17 03:50,1275
2020-03-17 03:55,1255
2020-03-17 04:00,1227
2020-03-17 04:05,1209
2020-03-17 04:10,1197
2020-03-17 04:15,1181
2020-03-17 04:20,1171
2020-03-17 04:25,1167
2020-03-17 04:30,1176
2020-03-17 04:35,1170
2020-03-17 04:40,1167
2020-03-17 04:45,1142
2020-03-17 04:50,1134
2020-03-17 04:55,1135
2020-03-17 05:00,1123
2020-03-17 05:05,1103
2020-03-17 05:10,1093
2020-03-17 05:15,1074
2020-03-17 05:20,1079
2020-03-17 05:25,1087
2020-03-17 05:30,1061
2020-03-17 05:35,1056
2020-03-17 05:40,1030
2020-03-17 05:45,1015
2020-03-17 05:50,1023
2020-03-17 05:55,1005
2020-03-17 06:00,1010
2020-03-17 06:05,1012
2020-03-17 06:10,1002
2020-03-17 06:15,978
2020-03-17 06:20,970
2020-03-17 06:25,967
2020-03-17 06:30,962
2020-03-17 06:35,973
2020-03-17 06:40,974
2020-03-17 06:45,975
2020-03-17 06:50,977
2020-03-17 06:55,983
2020-03-17 07:00,1001
2020-03-17 07:05,1009
2020-03-17 07:10,1022
2020-03-17 07:15,1011
2020-03-17 07:20,1009
2020-03-17 07:25,1004
2020-03-17 07:30,1007
2020-03-17 07:35,1011
2020-03-17 07:40,1006
2020-03-17 07:45,1038
2020-03-17 07:50,1045
2020-03-17 07:55,1058
2020-03-17 08:00,1082
2020-03-17 08:05,1078
2020-03-17 08:10,1081
2020-03-17 08:15,1095
2020-03-17 08:20,1084
2020-03-17 08:25,1118
2020-03-17 08:30,1131
2020-03-17 08:35,1135
2020-03-17 08:40,1142
2020-03-17 08:45,1176
2020-03-17 08:50,1183
2020-03-17 08:55,1203
2020-03-17 09:00,1228
2020-03-17 09:05,1253
2020-03-17 09:10,1279
2020-03-17 09:15,1280
2020-03-17 09:20,1280
2020-03-17 09:25,1295
2020-03-17 09:30,1300
2020-03-17 09:35,1333
2020-03-17 09:40,1348
2020-03-17 09:45,1360
2020-03-17 09:50,1383
2020-03-17 09:55,1386
2020-03-17 10:00,1423
2020-03-17 10:05,1445
2020-03-17 10:10,1491
2020-03-17 10:15,1510
2020-03-17 10:20,1530
2020-03-17 10:25,1523
2020-03-17 10:30,1544
2020-03-17 10:35,1569
2020-03-17 10:40,1559
2020-03-17 10:45,1564
2020-03-17 10:50,1562
2020-03-17 10:55,1542
2020-03-17 11:00,1596
2020-03-17 11:05,1607
2020-03-17 11:10,1619
2020-03-17 11:15,1632
2020-03-17 11:20,1631
2020-03-17 11:25,1634
2020-03-17 11:30,1642
2020-03-17 11:35,1649
2020-03-17 11:40,1658
2020-03-17 11:45,1689
2020-03-17 11:50,1722
2020-03-17 11:55,1719
2020-03-17 12:00,1738
2020-03-17 12:05,1723
2020-03-17 12:10,1743
2020-03-17 12:15,1751
2020-03-17 12:20,1773
2020-03-17 12:25,1774
2020-03-17 12:30,1782
2020-03-17 12:35,1775
2020-03-17 12:40,1790
2020-03-17 12:45,1799
2020-03-17 12:50,1830
2020-03-17 12:55,1818
2020-03-17 13:00,1807
2020-03-17 13:05,1831
2020-03-17 13:10,1844
2020-03-17 13:15,1839
2020-03-17 13:20,1877
2020-03-17 13:25,1908
2020-03-17 13:30,1909
2020-03-17 13:35,1918
2020-03-17 13:40,1948
2020-03-17 13:45,1933
2020-03-17 13:50,1954
2020-03-17 13:55,1953
2020-03-17 14:00,1970
2020-03-17 14:05,1992
2020-03-17 14:10,2017
2020-03-17 14:15,2034
2020-03-17 14:20,2061
2020-03-17 14:25,2077
2020-03-17 14:30,2081
2020-03-17 14:35,2079
2020-03-17 14:40,2098
2020-03-17 14:45,2118
2020-03-17 14:50,2153
2020-03-17 14:55,2176
2020-03-17 15:00,2187
2020-03-17 15:05,2222
2020-03-17 15:10,2216
2020-03-17 15:15,2219
2020-03-17 15:20,2219
2020-03-17 15:25,2243
2020-03-17 15:30,2271
2020-03-17 15:35,2286
2020-03-17 15:40,2273
2020-03-17 15:45,2286
2020-03-17 15:50,2300
2020-03-17 15:55,2319
2020-03-17 16:00,2356
2020-03-17 16:05,2403
2020-03-17 16:10,2434
2020-03-17 16:15,2455
2020-03-17 16:20,2487
2020-03-17 16:25,2520
2020-03-17 16:30,2512
2020-03-17 16:35,2524
2020-03-17 16:40,2545
2020-03-17 16:45,2549
2020-03-17 16:50,2568
2020-03-17 16:55,2575
2020-03-17 17:00,2587
2020-03-17 17:05,2589
2020-03-17 17:10,2617
2020-03-17 17:15,2648
2020-03-17 17:20,2670
2020-03-17 17:25,2682
2020-03-17 17:30,2715
2020-03-17 17:35,2712
2020-03-17 17:40,2740
2020-03-17 17:45,2754
2020-03-17 17:50,2770
2020-03-17 17:55,2770
2020-03-17 18:00,2779
2020-03-17 18:05,2790
2020-03-17 18:10,2811
2020-03-17 18:15,2815
2020-03-17 18:20,2822
2020-03-17 18:25,2802
2020-03-17 18:30,2834
2020-03-17 18:35,2838
2020-03-17 18:40,2857
2020-03-17 18:45,2827
2020-03-17 18:50,2829
2020-03-17 18:55,2838
2020-03-17 19:00,2832
2020-03-17 19:05,2831
2020-03-17 19:10,2847
2020-03-17 19:15,2850
2020-03-17 19:20,2817
2020-03-17 19:25,2815
2020-03-17 19:30,2814
2020-03-17 19:35,2762
2020-03-17 19:40,2754
2020-03-17 19:45,2793
2020-03-17 19:50,2800
2020-03-17 19:55,2819
2020-03-17 20:00,2792
2020-03-17 20:05,2777
2020-03-17 20:10,2752
2020-03-17 20:15,2717
2020-03-17 20:20,2693
2020-03-17 20:25,2686
2020-03-17 20:30,2692
2020-03-17 20:35,2698
2020-03-17 20:40,2684
2020-03-17 20:45,2669
2020-03-17 20:50,2674
2020-03-17 20:55,2653
2020-03-17 21:00,2643
2020-03-17 21:05,2602
2020-03-17 21:10,2615
2020-03-17 21:15,2585
2020-03-17 21:20,2571
2020-03-17 21:25,2556
2020-03-17 21:30,2558
2020-03-17 21:35,2540
2020-03-17 21:40,2531
2020-03-17 21:45,2516
2020-03-17 21:50,2494
2020-03-17 21:55,2514
2020-03-17 22:00,2465
2020-03-17 22:05,2445
2020-03-17 22:10,2428
2020-03-17 22:15,2425
2020-03-17 22:20,2410
2020-03-17 22:25,2404
2020-03-17 22:30,2382
2020-03-17 22:35,2347
2020-03-17 22:40,2325
2020-03-17 22:45,2283
2020-03-17 22:50,2261
2020-03-17 22:55,2254
2020-03-17 23:00,2229
2020-03-17 23:05,2198
2020-03-17 23:10,2132
2020-03-17 23:15,2126
2020-03-17 23:20,0
2020-03-17 23:25,0
2020-03-17 23:30,1053
2020-03-17 23:35,1798
2020-03-17 23:40,2039
2020-03-17 23:45,2043
2020-03-17 23:50,2045
2020-03-17 23:55,2045
2020-03-18 00:00,2026
2020-03-18 00:05,2011
2020-03-18 00:10,1995
2020-03-18 00:15,1969
2020-03-18 00:20,1959
2020-03-18 00:25,1956
2020-03-18 00:30,0
2020-03-18 00:35,1914
2020-03-18 00:40,1892
2020-03-18 00:45,1870
2020-03-18 00:50,1838
2020-03-18 00:55,1828
2020-03-18 01:00,1819
2020-03-18 01:05,1804
2020-03-18 01:10,1778
2020-03-18 01:15,1772
2020-03-18 01:20,1751
2020-03-18 01:25,1731
2020-03-18 01:30,1713
2020-03-18 01:35,1701
2020-03-18 01:40,1706
2020-03-18 01:45,1699
2020-03-18 01:50,1682
2020-03-18 01:55,1695
2020-03-18 02:00,1694
2020-03-18 02:05,1675
2020-03-18 02:10,1674
2020-03-18 02:15,1649
2020-03-18 02:20,1631
2020-03-18 02:25,1616
2020-03-18 02:30,1605
2020-03-18 02:35,1588
2020-03-18 02:40,1589
2020-03-18 02:45,1592
2020-03-18 02:50,1581
2020-03-18 02:55,1559
2020-03-18 03:00,1547
2020-03-18 03:05,1512
2020-03-18 03:10,1492
2020-03-18 03:15,1470
2020-03-18 03:20,1464
2020-03-18 03:25,1455
2020-03-18 03:30,1442
2020-03-18 03:35,1442
2020-03-18 03:40,1414
2020-03-18 03:45,1383
2020-03-18 03:50,1383
2020-03-18 03:55,1377
2020-03-18 04:00,1365
2020-03-18 04:05,1329
2020-03-18 04:10,1315
2020-03-18 04:15,1318
2020-03-18 04:20,1291
2020-03-18 04:25,1276
2020-03-18 04:30,1250
2020-03-18 04:35,1245
2020-03-18 04:40,1236
2020-03-18 04:45,1218
2020-03-18 04:50,1214
2020-03-18 04:55,1199
2020-03-18 05:00,1175
2020-03-18 05:05,1145
2020-03-18 05:10,1147
2020-03-18 05:15,1136
2020-03-18 05:20,1142
2020-03-18 05:25,1138
2020-03-18 05:30,1120
2020-03-18 05:35,1102
2020-03-18 05:40,1098
2020-03-18 05:45,1099
2020-03-18 05:50,1092
2020-03-18 05:55,1088
2020-03-18 06:00,1069
2020-03-18 06:05,1070
2020-03-18 06:10,1065
2020-03-18 06:15,1075
2020-03-18 06:20,1049
2020-03-18 06:25,1033
2020-03-18 06:30,1033
2020-03-18 06:35,1022
2020-03-18 06:40,1048
2020-03-18 06:45,1041
2020-03-18 06:50,1041
2020-03-18 06:55,1046
2020-03-18 07:00,1051
2020-03-18 07:05,1054
2020-03-18 07:10,1055
2020-03-18 07:15,1072
2020-03-18 07:20,1063
2020-03-18 07:25,1068
2020-03-18 07:30,1068
2020-03-18 07:35,1080
2020-03-18 07:40,1086
2020-03-18 07:45,1086
2020-03-18 07:50,1098
2020-03-18 07:55,1122
2020-03-18 08:00,1134
2020-03-18 08:05,1134
2020-03-18 08:10,1123
2020-03-18 08:15,1135
2020-03-18 08:20,1158
2020-03-18 08:25,1175
2020-03-18 08:30,1175
2020-03-18 08:35,1202
2020-03-18 08:40,1210
2020-03-18 08:45,1225
2020-03-18 08:50,1222
2020-03-18 08:55,1222
2020-03-18 09:00,1249
2020-03-18 09:05,1249
2020-03-18 09:10,1268
2020-03-18 09:15,1282
2020-03-18 09:20,1298
2020-03-18 09:25,1314
2020-03-18 09:30,1328
2020-03-18 09:35,1341
2020-03-18 09:40,1350
2020-03-18 09:45,1376
2020-03-18 09:50,1375
2020-03-18 09:55,1396
2020-03-18 10:00,1434
2020-03-18 10:05,1434
2020-03-18 10:10,1504
2020-03-18 10:15,1545
2020-03-18 10:20,1575
2020-03-18 10:25,1578
2020-03-18 10:30,1597
2020-03-18 10:35,1612
2020-03-18 10:40,1628
2020-03-18 10:45,1633
2020-03-18 10:50,1645
2020-03-18 10:55,1662
2020-03-18 11:00,1681
2020-03-18 11:05,1688
2020-03-18 11:10,1691
2020-03-18 11:15,1699
2020-03-18 11:20,1688
2020-03-18 11:25,1693
2020-03-18 11:30,1693
2020-03-18 11:35,1727
2020-03-18 11:40,1743
2020-03-18 11:45,1768
2020-03-18 11:50,1795
2020-03-18 11:55,1799
2020-03-18 12:00,1801
2020-03-18 12:05,1828
2020-03-18 12:10,1839
2020-03-18 12:15,1862
2020-03-18 12:20,1877
2020-03-18 12:25,1891
2020-03-18 12:30,1891
2020-03-18 12:35,1898
2020-03-18 12:40,1900
2020-03-18 12:45,1923
2020-03-18 12:50,1933
2020-03-18 12:55,1940
2020-03-18 13:00,1970
2020-03-18 13:05,1970
2020-03-18 13:10,1995
2020-03-18 13:15,2004
2020-03-18 13:20,2006
2020-03-18 13:25,2007
2020-03-18 13:30,2027
2020-03-18 13:35,2029
2020-03-18 13:40,2043
2020-03-18 13:45,2039
2020-03-18 13:50,2059
2020-03-18 13:55,2064
2020-03-18 14:00,2079
2020-03-18 14:05,2078
2020-03-18 14:10,2082
2020-03-18 14:15,2130
2020-03-18 14:20,2156
2020-03-18 14:25,2172
2020-03-18 14:30,2193
2020-03-18 14:35,2207
2020-03-18 14:40,2234
2020-03-18 14:45,2239
2020-03-18 14:50,2258
2020-03-18 14:55,2251
2020-03-18 15:00,2279
2020-03-18 15:05,2287
2020-03-18 15:10,2292
2020-03-18 15:15,2320
2020-03-18 15:20,2350
2020-03-18 15:25,2340
2020-03-18 15:30,2345
2020-03-18 15:35,2361
2020-03-18 15:40,2378
2020-03-18 15:45,2402
2020-03-18 15:50,2408
2020-03-18 15:55,2392
2020-03-18 16:00,2416
2020-03-18 16:05,2440
2020-03-18 16:10,2440
2020-03-18 16:15,2453
2020-03-18 16:20,2482
2020-03-18 16:25,2511
2020-03-18 16:30,2515
2020-03-18 16:35,2555
2020-03-18 16:40,2588
2020-03-18 16:45,2606
2020-03-18 16:50,2618
2020-03-18 16:55,2600
2020-03-18 17:00,2629
2020-03-18 17:05,2657
2020-03-18 17:10,2638
2020-03-18 17:15,2658
2020-03-18 17:20,2678
2020-03-18 17:25,2724
2020-03-18 17:30,2724
2020-03-18 17:35,2740
2020-03-18 17:40,2734
2020-03-18 17:45,2739
2020-03-18 17:50,2744
2020-03-18 17:55,2738
2020-03-18 18:00,2733
2020-03-18 18:05,2740
2020-03-18 18:10,2764
2020-03-18 18:15,2753
2020-03-18 18:20,2744
2020-03-18 18:25,2727
2020-03-18 18:30,2754
2020-03-18 18:35,2779
2020-03-18 18:40,2757
2020-03-18 18:45,2742
2020-03-18 18:50,2769
2020-03-18 18:55,2787
2020-03-18 19:00,2798
2020-03-18 19:05,2811
2020-03-18 19:10,2784
2020-03-18 19:15,2840
2020-03-18 19:20,2835
2020-03-18 19:25,2847
2020-03-18 19:30,2842
2020-03-18 19:35,2846
2020-03-18 19:40,2876
2020-03-18 19:45,2886
2020-03-18 19:50,2866
2020-03-18 19:55,2902
2020-03-18 20:00,2923
2020-03-18 20:05,2914
2020-03-18 20:10,2896
2020-03-18 20:15,2924
2020-03-18 20:20,2922
2020-03-18 20:25,2926
2020-03-18 20:30,2937
2020-03-18 20:35,2918
2020-03-18 20:40,2903
2020-03-18 20:45,2889
2020-03-18 20:50,2863
2020-03-18 20:55,2857
2020-03-18 21:00,2853
2020-03-18 21:05,2829
2020-03-18 21:10,2773
2020-03-18 21:15,2753
2020-03-18 21:20,2747
2020-03-18 21:25,2712
2020-03-18 21:30,2698
2020-03-18 21:35,2688
2020-03-18 21:40,2671
2020-03-18 21:45,2666
2020-03-18 21:50,2654
2020-03-18 21:55,2596
2020-03-18 22:00,2565
2020-03-18 22:05,2541
2020-03-18 22:10,2507
2020-03-18 22:15,2471
2020-03-18 22:20,2466
2020-03-18 22:25,2454
2020-03-18 22:30,2423
2020-03-18 22:35,2389
2020-03-18 22:40,2363
2020-03-18 22:45,2310
2020-03-18 22:50,2295
2020-03-18 22:55,2272
2020-03-18 23:00,2264
2020-03-18 23:05,2243
2020-03-18 23:10,2207
2020-03-18 23:15,2194
2020-03-18 23:20,2171
2020-03-18 23:25,2159
2020-03-18 23:30,2132
2020-03-18 23:35,2110
2020-03-18 23:40,2091
2020-03-18 23:45,2066
2020-03-18 23:50,2045
2020-03-18 23:55,2036
2020-03-19 00:00,2016
2020-03-19 00:05,2004
2020-03-19 00:10,1976
2020-03-19 00:15,1962
2020-03-19 00:20,1939
2020-03-19 00:25,1913
2020-03-19 00:30,1896
2020-03-19 00:35,1885
2020-03-19 00:40,1882
2020-03-19 00:45,1868
2020-03-19 00:50,1847
2020-03-19 00:55,1840
2020-03-19 01:00,1816
2020-03-19 01:05,1809
2020-03-19 01:10,1784
2020-03-19 01:15,1773
2020-03-19 01:20,1767
2020-03-19 01:25,1768
2020-03-19 01:30,1781
2020-03-19 01:35,1756
2020-03-19 01:40,1717
2020-03-19 01:45,1720
2020-03-19 01:50,1717
2020-03-19 01:55,1669
2020-03-19 02:00,1688
2020-03-19 02:05,1655
2020-03-19 02:10,1633
2020-03-19 02:15,1616
2020-03-19 02:20,1602
2020-03-19 02:25,1594
2020-03-19 02:30,1567
2020-03-19 02:35,1548
2020-03-19 02:40,1530
2020-03-19 02:45,1535
2020-03-19 02:50,1518
2020-03-19 02:55,1502
2020-03-19 03:00,1487
2020-03-19 03:05,1482
2020-03-19 03:10,1467
2020-03-19 03:15,1445
2020-03-19 03:20,1447
2020-03-19 03:25,1441
2020-03-19 03:30,1414
2020-03-19 03:35,1408
2020-03-19 03:40,1404
2020-03-19 03:45,1381
2020-03-19 03:50,1377
2020-03-19 03:55,1358
2020-03-19 04:00,1333
2020-03-19 04:05,1306
2020-03-19 04:10,1291
2020-03-19 04:15,1277
2020-03-19 04:20,1277
2020-03-19 04:25,1267
2020-03-19 04:30,1259
2020-03-19 04:35,1251
2020-03-19 04:40,1247
2020-03-19 04:45,1232
2020-03-19 04:50,1219
2020-03-19 04:55,1207
2020-03-19 05:00,1188
2020-03-19 05:05,1182
2020-03-19 05:10,1180
2020-03-19 05:15,1172
2020-03-19 05:20,1168
2020-03-19 05:25,1147
2020-03-19 05:30,1139
2020-03-19 05:35,1130
2020-03-19 05:40,1116
2020-03-19 05:45,1128
2020-03-19 05:50,1110
2020-03-19 05:55,1089
2020-03-19 06:00,1102
2020-03-19 06:05,1104
2020-03-19 06:10,1108
2020-03-19 06:15,1097
2020-03-19 06:20,1106
2020-03-19 06:25,1118
2020-03-19 06:30,1109
2020-03-19 06:35,1115
2020-03-19 06:40,1133
2020-03-19 06:45,1106
2020-03-19 06:50,1110
2020-03-19 06:55,1118
2020-03-19 07:00,1125
2020-03-19 07:05,1123
2020-03-19 07:10,1116
2020-03-19 07:15,1119
2020-03-19 07:20,1127
2020-03-19 07:25,1134
2020-03-19 07:30,1150
2020-03-19 07:35,1138
2020-03-19 07:40,1136
2020-03-19 07:45,1131
2020-03-19 07:50,1149
2020-03-19 07:55,1143
2020-03-19 08:00,1153
2020-03-19 08:05,1149
2020-03-19 08:10,1169
2020-03-19 08:15,1186
2020-03-19 08:20,1190
2020-03-19 08:25,1210
2020-03-19 08:30,1215
2020-03-19 08:35,1222
2020-03-19 08:40,1229
2020-03-19 08:45,1223
2020-03-19 08:50,1244
2020-03-19 08:55,1257
2020-03-19 09:00,1264
2020-03-19 09:05,1271
2020-03-19 09:10,1291
2020-03-19 09:15,1301
2020-03-19 09:20,1326
2020-03-19 09:25,1343
2020-03-19 09:30,1352
2020-03-19 09:35,1367
2020-03-19 09:40,1379
2020-03-19 09:45,1400
2020-03-19 09:50,1409
2020-03-19 09:55,1422
2020-03-19 10:00,1441
2020-03-19 10:05,1472
2020-03-19 10:10,1514
2020-03-19 10:15,1521
2020-03-19 10:20,1562
2020-03-19 10:25,1585
2020-03-19 10:30,1603
2020-03-19 10:35,1619
2020-03-19 10:40,1633
2020-03-19 10:45,1658
2020-03-19 10:50,1687
2020-03-19 10:55,1698
2020-03-19 11:00,1707
2020-03-19 11:05,1713
2020-03-19 11:10,1717
2020-03-19 11:15,1710
2020-03-19 11:20,1712
2020-03-19 11:25,1715
2020-03-19 11:30,1755
2020-03-19 11:35,1763
2020-03-19 11:40,1773
2020-03-19 11:45,1789
2020-03-19 11:50,1785
2020-03-19 11:55,1791
2020-03-19 12:00,1802
2020-03-19 12:05,1810
2020-03-19 12:10,1838
2020-03-19 12:15,1849
2020-03-19 12:20,1852
2020-03-19 12:25,1861
2020-03-19 12:30,1874
2020-03-19 12:35,1899
2020-03-19 12:40,1905
2020-03-19 12:45,1913
2020-03-19 12:50,1923
2020-03-19 12:55,1951
2020-03-19 13:00,1943
2020-03-19 13:05,1937
2020-03-19 13:10,1939
2020-03-19 13:15,1947
2020-03-19 13:20,1954
2020-03-19 13:25,1956
2020-03-19 13:30,1929
2020-03-19 13:35,1937
2020-03-19 13:40,1948
2020-03-19 13:45,1929
2020-03-19 13:50,1899
2020-03-19 13:55,1837
2020-03-19 14:00,1721
2020-03-19 14:05,1478
2020-03-19 14:10,1031
2020-03-19 14:15,1030
2020-03-19 14:20,1030
2020-03-19 14:25,1026
2020-03-19 14:30,1042
2020-03-19 14:35,1042
2020-03-19 14:40,1069
2020-03-19 14:45,1064
2020-03-19 14:50,1078
2020-03-19 14:55,1072
2020-03-19 15:00,1067
2020-03-19 15:05,1092
2020-03-19 15:10,1085
2020-03-19 15:15,1111
2020-03-19 15:20,1111
2020-03-19 15:25,1122
2020-03-19 15:30,1154
2020-03-19 15:35,1305
2020-03-19 15:40,1432
2020-03-19 15:45,1545
2020-03-19 15:50,1633
2020-03-19 15:55,1727
2020-03-19 16:00,1832
2020-03-19 16:05,1950
2020-03-19 16:10,2084
2020-03-19 16:15,2164
2020-03-19 16:20,2248
2020-03-19 16:25,2333
2020-03-19 16:30,2407
2020-03-19 16:35,2453
2020-03-19 16:40,2530
2020-03-19 16:45,2569
2020-03-19 16:50,2619
2020-03-19 16:55,2661
2020-03-19 17:00,2709
2020-03-19 17:05,2723
2020-03-19 17:10,2739
2020-03-19 17:15,2771
2020-03-19 17:20,2785
2020-03-19 17:25,2818
2020-03-19 17:30,2841
2020-03-19 17:35,2843
2020-03-19 17:40,2868
2020-03-19 17:45,2894
2020-03-19 17:50,2911
2020-03-19 17:55,2920
2020-03-19 18:00,2908
2020-03-19 18:05,2905
2020-03-19 18:10,2942
2020-03-19 18:15,2965
2020-03-19 18:20,2977
2020-03-19 18:25,2962
2020-03-19 18:30,2964
2020-03-19 18:35,2947
2020-03-19 18:40,2946
2020-03-19 18:45,2931
2020-03-19 18:50,2980
2020-03-19 18:55,2975
2020-03-19 19:00,2971
2020-03-19 19:05,3001
2020-03-19 19:10,3009
2020-03-19 19:15,2977
2020-03-19 19:20,2965
2020-03-19 19:25,2940
2020-03-19 19:30,2934
2020-03-19 19:35,2920
2020-03-19 19:40,2934
2020-03-19 19:45,2936
2020-03-19 19:50,2933
2020-03-19 19:55,2920
2020-03-19 20:00,2939
2020-03-19 20:05,2923
2020-03-19 20:10,2949
2020-03-19 20:15,2958
2020-03-19 20:20,2944
2020-03-19 20:25,2922
2020-03-19 20:30,2918
2020-03-19 20:35,2926
2020-03-19 20:40,2929
2020-03-19 20:45,2913
2020-03-19 20:50,2894
2020-03-19 20:55,2902
2020-03-19 21:00,2896
2020-03-19 21:05,2880
2020-03-19 21:10,2873
2020-03-19 21:15,2867
2020-03-19 21:20,2847
2020-03-19 21:25,2835
2020-03-19 21:30,2813
2020-03-19 21:35,2784
2020-03-19 21:40,2775
2020-03-19 21:45,2738
2020-03-19 21:50,2695
2020-03-19 21:55,2665
2020-03-19 22:00,2656
2020-03-19 22:05,2630
2020-03-19 22:10,2603
2020-03-19 22:15,2560
2020-03-19 22:20,2513
2020-03-19 22:25,2501
2020-03-19 22:30,2491
2020-03-19 22:35,2457
2020-03-19 22:40,2446
2020-03-19 22:45,2420
2020-03-19 22:50,2421
2020-03-19 22:55,2399
2020-03-19 23:00,2364
2020-03-19 23:05,2328
2020-03-19 23:10,2319
2020-03-19 23:15,2312
2020-03-19 23:20,2258
2020-03-19 23:25,2252
2020-03-19 23:30,2221
2020-03-19 23:35,2182
2020-03-19 23:40,2141
2020-03-19 23:45,2126
2020-03-19 23:50,2125
2020-03-19 23:55,2113
2020-03-20 00:00,2097
2020-03-20 00:05,2039
2020-03-20 00:10,1996
2020-03-20 00:15,1982
2020-03-20 00:20,1973
2020-03-20 00:25,1945
2020-03-20 00:30,1925
2020-03-20 00:35,1900
2020-03-20 00:40,1862
2020-03-20 00:45,1846
2020-03-20 00:50,1827
2020-03-20 00:55,1814
2020-03-20 01:00,1830
2020-03-20 01:05,1835
2020-03-20 01:10,1826
2020-03-20 01:15,1832
2020-03-20 01:20,1846
2020-03-20 01:25,1856
2020-03-20 01:30,1836
2020-03-20 01:35,1841
2020-03-20 01:40,1823
2020-03-20 01:45,1818
2020-03-20 01:50,1807
2020-03-20 01:55,1789
2020-03-20 02:00,1770
2020-03-20 02:05,1747
2020-03-20 02:10,1721
2020-03-20 02:15,1702
2020-03-20 02:20,1677
2020-03-20 02:25,1662
2020-03-20 02:30,1665
2020-03-20 02:35,1634
2020-03-20 02:40,1647
2020-03-20 02:45,1611
2020-03-20 02:50,1584
2020-03-20 02:55,1554
2020-03-20 03:00,1533
2020-03-20 03:05,1541
2020-03-20 03:10,1523
2020-03-20 03:15,1502
2020-03-20 03:20,1489
2020-03-20 03:25,1481
2020-03-20 03:30,1463
2020-03-20 03:35,1441
2020-03-20 03:40,1418
2020-03-20 03:45,1418
2020-03-20 03:50,1397
2020-03-20 03:55,1365
2020-03-20 04:00,1346
2020-03-20 04:05,1332
2020-03-20 04:10,1313
2020-03-20 04:15,1318
2020-03-20 04:20,1311
2020-03-20 04:25,1291
2020-03-20 04:30,1276
2020-03-20 04:35,1250
2020-03-20 04:40,1222
2020-03-20 04:45,1206
2020-03-20 04:50,1218
2020-03-20 04:55,1205
2020-03-20 05:00,1202
2020-03-20 05:05,1209
2020-03-20 05:10,1222
2020-03-20 05:15,1223
2020-03-20 05:20,1218
2020-03-20 05:25,1202
2020-03-20 05:30,1193
2020-03-20 05:35,1182
2020-03-20 05:40,1157
2020-03-20 05:45,1165
2020-03-20 05:50,1161
2020-03-20 05:55,1166
2020-03-20 06:00,1152
2020-03-20 06:05,1138
2020-03-20 06:10,1137
2020-03-20 06:15,1132
2020-03-20 06:20,1125
2020-03-20 06:25,1110
2020-03-20 06:30,1097
2020-03-20 06:35,1099
2020-03-20 06:40,1092
2020-03-20 06:45,1090
2020-03-20 06:50,1094
2020-03-20 06:55,1090
2020-03-20 07:00,1100
2020-03-20 07:05,1089
2020-03-20 07:10,1103
2020-03-20 07:15,1108
2020-03-20 07:20,1112
2020-03-20 07:25,1121
2020-03-20 07:30,1126
2020-03-20 07:35,1131
2020-03-20 07:40,1137
2020-03-20 07:45,1135
2020-03-20 07:50,1131
2020-03-20 07:55,1154
2020-03-20 08:00,1157
2020-03-20 08:05,1173
2020-03-20 08:10,1176
2020-03-20 08:15,1199
2020-03-20 08:20,1215
2020-03-20 08:25,1243
2020-03-20 08:30,1256
2020-03-20 08:35,1258
2020-03-20 08:40,1248
2020-03-20 08:45,1263
2020-03-20 08:50,1283
2020-03-20 08:55,1295
2020-03-20 09:00,1314
2020-03-20 09:05,1317
2020-03-20 09:10,1337
2020-03-20 09:15,1344
2020-03-20 09:20,1364
2020-03-20 09:25,1364
2020-03-20 09:30,1366
2020-03-20 09:35,1384
2020-03-20 09:40,1404
2020-03-20 09:45,1407
2020-03-20 09:50,1442
2020-03-20 09:55,1453
2020-03-20 10:00,1487
2020-03-20 10:05,1519
2020-03-20 10:10,1527
2020-03-20 10:15,1558
2020-03-20 10:20,1576
2020-03-20 10:25,1590
2020-03-20 10:30,1610
2020-03-20 10:35,1621
2020-03-20 10:40,1647
2020-03-20 10:45,1676
2020-03-20 10:50,1696
2020-03-20 10:55,1720
2020-03-20 11:00,1720
2020-03-20 11:05,1722
2020-03-20 11:10,1735
2020-03-20 11:15,1759
2020-03-20 11:20,1779
2020-03-20 11:25,1784
2020-03-20 11:30,1784
2020-03-20 11:35,1802
2020-03-20 11:40,1814
2020-03-20 11:45,1837
2020-03-20 11:50,1867
2020-03-20 11:55,1874
2020-03-20 12:00,1880
2020-03-20 12:05,1897
2020-03-20 12:10,1906
2020-03-20 12:15,1927
2020-03-20 12:20,1915
2020-03-20 12:25,1917
2020-03-20 12:30,1933
2020-03-20 12:35,1939
2020-03-20 12:40,1961
2020-03-20 12:45,1955
2020-03-20 12:50,1954
2020-03-20 12:55,1966
2020-03-20 13:00,1954
2020-03-20 13:05,1956
2020-03-20 13:10,2000
2020-03-20 13:15,2041
2020-03-20 13:20,2078
2020-03-20 13:25,2085
2020-03-20 13:30,2105
2020-03-20 13:35,2111
2020-03-20 13:40,2127
2020-03-20 13:45,2169
2020-03-20 13:50,2185
2020-03-20 13:55,2199
2020-03-20 14:00,2247
2020-03-20 14:05,2246
2020-03-20 14:10,2263
2020-03-20 14:15,2268
2020-03-20 14:20,2280
2020-03-20 14:25,2327
2020-03-20 14:30,2356
2020-03-20 14:35,2391
2020-03-20 14:40,2397
2020-03-20 14:45,2402
2020-03-20 14:50,2413
2020-03-20 14:55,2425
2020-03-20 15:00,2449
2020-03-20 15:05,2461
2020-03-20 15:10,2436
2020-03-20 15:15,2454
2020-03-20 15:20,2444
2020-03-20 15:25,2439
2020-03-20 15:30,2463
2020-03-20 15:35,2504
2020-03-20 15:40,2533
2020-03-20 15:45,2539
2020-03-20 15:50,2551
2020-03-20 15:55,2547
2020-03-20 16:00,2548
2020-03-20 16:05,2560
2020-03-20 16:10,2568
2020-03-20 16:15,2576
2020-03-20 16:20,2593
2020-03-20 16:25,2597
2020-03-20 16:30,2613
2020-03-20 16:35,2628
2020-03-20 16:40,2661
2020-03-20 16:45,2698
2020-03-20 16:50,2697
2020-03-20 16:55,2721
2020-03-20 17:00,2718
2020-03-20 17:05,2731
2020-03-20 17:10,2721
2020-03-20 17:15,2764
2020-03-20 17:20,2762
2020-03-20 17:25,2754
2020-03-20 17:30,2758
2020-03-20 17:35,2770
2020-03-20 17:40,2755
2020-03-20 17:45,2772
2020-03-20 17:50,2804
2020-03-20 17:55,2808
2020-03-20 18:00,2827
2020-03-20 18:05,2847
2020-03-20 18:10,2838
2020-03-20 18:15,2837
2020-03-20 18:20,2800
2020-03-20 18:25,2816
2020-03-20 18:30,2851
2020-03-20 18:35,2875
2020-03-20 18:40,2866
2020-03-20 18:45,2867
2020-03-20 18:50,2871
2020-03-20 18:55,2889
2020-03-20 19:00,2895
2020-03-20 19:05,2874
2020-03-20 19:10,2838
2020-03-20 19:15,2853
2020-03-20 19:20,2868
2020-03-20 19:25,2883
2020-03-20 19:30,2866
2020-03-20 19:35,2863
2020-03-20 19:40,2844
2020-03-20 19:45,2826
2020-03-20 19:50,2850
2020-03-20 19:55,2870
2020-03-20 20:00,2865
2020-03-20 20:05,2875
2020-03-20 20:10,2896
2020-03-20 20:15,2889
2020-03-20 20:20,2917
2020-03-20 20:25,2937
2020-03-20 20:30,2920
2020-03-20 20:35,2904
2020-03-20 20:40,2907
2020-03-20 20:45,2897
2020-03-20 20:50,2888
2020-03-20 20:55,2882
2020-03-20 21:00,2871
2020-03-20 21:05,2895
2020-03-20 21:10,2877
2020-03-20 21:15,2883
2020-03-20 21:20,2872
2020-03-20 21:25,2855
2020-03-20 21:30,2837
2020-03-20 21:35,2825
2020-03-20 21:40,659
2020-03-20 21:45,1164
2020-03-20 21:50,1925
2020-03-20 21:55,2558
2020-03-20 22:00,2750
2020-03-20 22:05,2698
2020-03-20 22:10,2673
2020-03-20 22:15,2675
2020-03-20 22:20,2682
2020-03-20 22:25,2657
2020-03-20 22:30,2637
2020-03-20 22:35,2610
2020-03-20 22:40,2574
2020-03-20 22:45,2577
2020-03-20 22:50,2578
2020-03-20 22:55,2526
2020-03-20 23:00,2514
2020-03-20 23:05,2500
2020-03-20 23:10,2480
2020-03-20 23:15,2441
2020-03-20 23:20,2423
2020-03-20 23:25,2396
2020-03-20 23:30,2359
2020-03-20 23:35,2363
2020-03-20 23:40,2291
2020-03-20 23:45,2271
2020-03-20 23:50,2234
2020-03-20 23:55,2226
2020-03-21 00:00,2215
2020-03-21 00:05,2168
2020-03-21 00:10,2143
2020-03-21 00:15,2124
2020-03-21 00:20,2119
2020-03-21 00:25,2101
2020-03-21 00:30,2074
2020-03-21 00:35,2096
2020-03-21 00:40,2085
2020-03-21 00:45,2071
2020-03-21 00:50,2036
2020-03-21 00:55,2011
2020-03-21 01:00,1997
2020-03-21 01:05,1986
2020-03-21 01:10,1972
2020-03-21 01:15,1957
2020-03-21 01:20,1949
2020-03-21 01:25,1943
2020-03-21 01:30,1949
2020-03-21 01:35,1915
2020-03-21 01:40,1896
2020-03-21 01:45,1875
2020-03-21 01:50,1859
2020-03-21 01:55,1853
2020-03-21 02:00,1859
2020-03-21 02:05,1824
2020-03-21 02:10,1807
2020-03-21 02:15,1809
2020-03-21 02:20,1812
2020-03-21 02:25,1804
2020-03-21 02:30,1777
2020-03-21 02:35,1772
2020-03-21 02:40,1765
2020-03-21 02:45,1738
2020-03-21 02:50,1719
2020-03-21 02:55,1683
2020-03-21 03:00,1685
2020-03-21 03:05,1670
2020-03-21 03:10,1661
2020-03-21 03:15,1645
2020-03-21 03:20,1609
2020-03-21 03:25,1595
2020-03-21 03:30,1573
2020-03-21 03:35,1566
2020-03-21 03:40,1566
2020-03-21 03:45,1550
2020-03-21 03:50,1548
2020-03-21 03:55,1512
2020-03-21 04:00,1474
2020-03-21 04:05,1456
2020-03-21 04:10,1446
2020-03-21 04:15,1439
2020-03-21 04:20,1417
2020-03-21 04:25,1407
2020-03-21 04:30,1379
2020-03-21 04:35,1350
2020-03-21 04:40,1326
2020-03-21 04:45,1322
2020-03-21 04:50,1307
2020-03-21 04:55,1315
2020-03-21 05:00,1311
2020-03-21 05:05,1290
2020-03-21 05:10,1289
2020-03-21 05:15,1292
2020-03-21 05:20,1279
2020-03-21 05:25,1267
2020-03-21 05:30,1268
2020-03-21 05:35,1263
2020-03-21 05:40,1242
2020-03-21 05:45,1246
2020-03-21 05:50,1242
2020-03-21 05:55,1240
2020-03-21 06:00,1232
2020-03-21 06:05,1238
2020-03-21 06:10,1256
2020-03-21 06:15,1247
2020-03-21 06:20,1262
2020-03-21 06:25,1272
2020-03-21 06:30,1255
2020-03-21 06:35,1245
2020-03-21 06:40,1235
2020-03-21 06:45,1241
2020-03-21 06:50,1236
2020-03-21 06:55,1238
2020-03-21 07:00,1229
2020-03-21 07:05,1244
2020-03-21 07:10,1244
2020-03-21 07:15,1256
2020-03-21 07:20,1263
2020-03-21 07:25,1264
2020-03-21 07:30,1282
2020-03-21 07:35,1295
2020-03-21 07:40,1288
2020-03-21 07:45,1290
2020-03-21 07:50,1286
2020-03-21 07:55,1292
2020-03-21 08:00,1306
2020-03-21 08:05,1316
2020-03-21 08:10,1323
2020-03-21 08:15,1334
2020-03-21 08:20,1340
2020-03-21 08:25,1360
2020-03-21 08:30,1372
2020-03-21 08:35,1386
2020-03-21 08:40,1393
2020-03-21 08:45,1408
2020-03-21 08:50,1429
2020-03-21 08:55,1441
2020-03-21 09:00,1468
2020-03-21 09:05,1490
2020-03-21 09:10,1504
2020-03-21 09:15,1526
2020-03-21 09:20,1543
2020-03-21 09:25,1565
2020-03-21 09:30,1577
2020-03-21 09:35,1602
2020-03-21 09:40,1633
2020-03-21 09:45,1643
2020-03-21 09:50,1667
2020-03-21 09:55,1686
2020-03-21 10:00,1700
2020-03-21 10:05,1745
2020-03-21 10:10,1791
2020-03-21 10:15,1845
2020-03-21 10:20,1875
2020-03-21 10:25,1912
2020-03-21 10:30,1937
2020-03-21 10:35,1969
2020-03-21 10:40,2011
2020-03-21 10:45,2023
2020-03-21 10:50,2058
2020-03-21 10:55,2059
2020-03-21 11:00,2052
2020-03-21 11:05,2082
2020-03-21 11:10,2089
2020-03-21 11:15,2082
2020-03-21 11:20,2103
2020-03-21 11:25,2123
2020-03-21 11:30,2119
2020-03-21 11:35,2124
2020-03-21 11:40,2147
2020-03-21 11:45,2157
2020-03-21 11:50,2191
2020-03-21 11:55,2212
2020-03-21 12:00,2231
2020-03-21 12:05,2248
2020-03-21 12:10,2254
2020-03-21 12:15,2285
2020-03-21 12:20,2304
2020-03-21 12:25,2319
2020-03-21 12:30,2322
2020-03-21 12:35,2347
2020-03-21 12:40,2376
2020-03-21 12:45,2408
2020-03-21 12:50,2423
2020-03-21 12:55,2427
2020-03-21 13:00,2461
2020-03-21 13:05,2457
2020-03-21 13:10,2474
2020-03-21 13:15,2509
2020-03-21 13:20,2506
2020-03-21 13:25,2532
2020-03-21 13:30,2546
2020-03-21 13:35,2578
2020-03-21 13:40,2581
2020-03-21 13:45,2601
2020-03-21 13:50,2609
2020-03-21 13:55,2633
2020-03-21 14:00,2646
2020-03-21 14:05,2678
2020-03-21 14:10,2705
2020-03-21 14:15,2704
2020-03-21 14:20,2737
2020-03-21 14:25,2749
2020-03-21 14:30,2758
2020-03-21 14:35,2748
2020-03-21 14:40,2776
2020-03-21 14:45,2793
2020-03-21 14:50,2806
2020-03-21 14:55,2847
2020-03-21 15:00,2885
2020-03-21 15:05,2899
2020-03-21 15:10,2930
2020-03-21 15:15,2944
2020-03-21 15:20,2952
2020-03-21 15:25,2956
2020-03-21 15:30,2960
2020-03-21 15:35,2972
2020-03-21 15:40,3000
2020-03-21 15:45,3036
2020-03-21 15:50,3067
2020-03-21 15:55,3072
2020-03-21 16:00,3081
2020-03-21 16:05,3087
2020-03-21 16:10,3051
2020-03-21 16:15,3077
2020-03-21 16:20,3096
2020-03-21 16:25,3065
2020-03-21 16:30,3077
2020-03-21 16:35,3070
2020-03-21 16:40,3095
2020-03-21 16:45,3126
2020-03-21 16:50,3146
2020-03-21 16:55,3151
2020-03-21 17:00,3222
2020-03-21 17:05,3214
2020-03-21 17:10,3254
2020-03-21 17:15,3236
2020-03-21 17:20,3249
2020-03-21 17:25,3269
2020-03-21 17:30,3293
2020-03-21 17:35,3312
2020-03-21 17:40,3311
2020-03-21 17:45,3303
2020-03-21 17:50,3297
2020-03-21 17:55,3315
2020-03-21 18:00,3320
2020-03-21 18:05,3316
2020-03-21 18:10,3322
2020-03-21 18:15,3319
2020-03-21 18:20,3292
2020-03-21 18:25,3311
2020-03-21 18:30,3286
2020-03-21 18:35,3297
2020-03-21 18:40,3296
2020-03-21 18:45,3313
2020-03-21 18:50,3309
2020-03-21 18:55,3303
2020-03-21 19:00,3293
2020-03-21 19:05,3317
2020-03-21 19:10,3320
2020-03-21 19:15,3328
2020-03-21 19:20,3347
2020-03-21 19:25,3337
2020-03-21 19:30,3323
2020-03-21 19:35,3337
2020-03-21 19:40,3362
2020-03-21 19:45,3369
2020-03-21 19:50,3380
2020-03-21 19:55,3380
2020-03-21 20:00,3369
2020-03-21 20:05,3384
2020-03-21 20:10,3375
2020-03-21 20:15,3368
2020-03-21 20:20,3358
2020-03-21 20:25,3353
2020-03-21 20:30,3366
2020-03-21 20:35,3355
2020-03-21 20:40,3348
2020-03-21 20:45,3330
2020-03-21 20:50,3311
2020-03-21 20:55,3308
2020-03-21 21:00,3291
2020-03-21 21:05,3286
2020-03-21 21:10,3283
2020-03-21 21:15,3278
2020-03-21 21:20,3253
2020-03-21 21:25,3226
2020-03-21 21:30,3226
2020-03-21 21:35,3220
2020-03-21 21:40,3176
2020-03-21 21:45,3167
2020-03-21 21:50,3168
2020-03-21 21:55,3155
2020-03-21 22:00,3134
2020-03-21 22:05,3106
2020-03-21 22:10,3076
2020-03-21 22:15,3070
2020-03-21 22:20,3047
2020-03-21 22:25,3030
2020-03-21 22:30,3021
2020-03-21 22:35,2989
2020-03-21 22:40,2973
2020-03-21 22:45,2934
2020-03-21 22:50,2908
2020-03-21 22:55,2882
2020-03-21 23:00,2849
2020-03-21 23:05,2797
2020-03-21 23:10,2769
2020-03-21 23:15,2728
2020-03-21 23:20,2674
2020-03-21 23:25,2714
2020-03-21 23:30,2709
2020-03-21 23:35,2664
2020-03-21 23:40,2668
2020-03-21 23:45,2633
2020-03-21 23:50,2596
2020-03-21 23:55,2581
2020-03-22 00:00,2529
2020-03-22 00:05,2502
2020-03-22 00:10,2466
2020-03-22 00:15,2460
2020-03-22 00:20,2428
2020-03-22 00:25,2417
2020-03-22 00:30,2392
2020-03-22 00:35,2368
2020-03-22 00:40,2332
2020-03-22 00:45,2325
2020-03-22 00:50,2306
2020-03-22 00:55,2272
2020-03-22 01:00,2267
2020-03-22 01:05,2234
2020-03-22 01:10,2224
2020-03-22 01:15,2177
2020-03-22 01:20,2164
2020-03-22 01:25,2129
2020-03-22 01:30,2100
2020-03-22 01:35,2089
2020-03-22 01:40,2084
2020-03-22 01:45,2067
2020-03-22 01:50,2041
2020-03-22 01:55,2040
2020-03-22 02:00,2017
2020-03-22 02:05,2008
2020-03-22 02:10,2003
2020-03-22 02:15,1993
2020-03-22 02:20,1975
2020-03-22 02:25,1966
2020-03-22 02:30,1959
2020-03-22 02:35,1964
2020-03-22 02:40,1956
2020-03-22 02:45,1944
2020-03-22 02:50,1927
2020-03-22 02:55,1926
2020-03-22 03:00,1926
2020-03-22 03:05,1913
2020-03-22 03:10,1889
2020-03-22 03:15,1862
2020-03-22 03:20,1871
2020-03-22 03:25,1851
2020-03-22 03:30,1842
2020-03-22 03:35,1844
2020-03-22 03:40,1834
2020-03-22 03:45,1814
2020-03-22 03:50,1781
2020-03-22 03:55,1780
2020-03-22 04:00,1740
2020-03-22 04:05,1749
2020-03-22 04:10,1727
2020-03-22 04:15,1698
2020-03-22 04:20,1684
2020-03-22 04:25,1673
2020-03-22 04:30,1654
2020-03-22 04:35,1651
2020-03-22 04:40,1651
2020-03-22 04:45,1647
2020-03-22 04:50,1647
2020-03-22 04:55,1620
2020-03-22 05:00,1596
2020-03-22 05:05,1582
2020-03-22 05:10,1583
2020-03-22 05:15,1587
2020-03-22 05:20,1560
2020-03-22 05:25,1551
2020-03-22 05:30,1546
2020-03-22 05:35,1531
2020-03-22 05:40,1527
2020-03-22 05:45,1515
2020-03-22 05:50,1530
2020-03-22 05:55,1531
2020-03-22 06:00,1534
2020-03-22 06:05,1532
2020-03-22 06:10,1520
2020-03-22 06:15,1496
2020-03-22 06:20,1480
2020-03-22 06:25,1498
2020-03-22 06:30,1501
2020-03-22 06:35,1489
2020-03-22 06:40,1479
2020-03-22 06:45,1488
2020-03-22 06:50,1483
2020-03-22 06:55,1465
2020-03-22 07:00,1452
2020-03-22 07:05,1453
2020-03-22 07:10,1443
2020-03-22 07:15,1449
2020-03-22 07:20,1426
2020-03-22 07:25,1426
2020-03-22 07:30,1427
2020-03-22 07:35,1432
2020-03-22 07:40,1431
2020-03-22 07:45,1447
2020-03-22 07:50,1471
2020-03-22 07:55,1495
2020-03-22 08:00,1518
2020-03-22 08:05,1534
2020-03-22 08:10,1537
2020-03-22 08:15,1551
2020-03-22 08:20,1547
2020-03-22 08:25,1550
2020-03-22 08:30,1569
2020-03-22 08:35,1592
2020-03-22 08:40,1593
2020-03-22 08:45,1614
2020-03-22 08:50,1640
2020-03-22 08:55,1665
2020-03-22 09:00,1696
2020-03-22 09:05,1726
2020-03-22 09:10,1720
2020-03-22 09:15,1749
2020-03-22 09:20,1776
2020-03-22 09:25,1790
2020-03-22 09:30,1830
2020-03-22 09:35,1842
2020-03-22 09:40,1853
2020-03-22 09:45,1894
2020-03-22 09:50,1913
2020-03-22 09:55,1951
2020-03-22 10:00,1988
2020-03-22 10:05,2030
2020-03-22 10:10,2074
2020-03-22 10:15,2116
2020-03-22 10:20,2145
2020-03-22 10:25,2184
2020-03-22 10:30,2174
2020-03-22 10:35,2193
2020-03-22 10:40,2222
2020-03-22 10:45,2266
2020-03-22 10:50,2296
2020-03-22 10:55,2325
2020-03-22 11:00,2312
2020-03-22 11:05,2323
2020-03-22 11:10,2355
2020-03-22 11:15,2379
2020-03-22 11:20,2383
2020-03-22 11:25,2403
2020-03-22 11:30,2425
2020-03-22 11:35,2435
2020-03-22 11:40,2434
2020-03-22 11:45,2444
2020-03-22 11:50,2472
2020-03-22 11:55,2507
2020-03-22 12:00,2513
2020-03-22 12:05,2527
2020-03-22 12:10,2534
2020-03-22 12:15,2537
2020-03-22 12:20,2551
2020-03-22 12:25,2570
2020-03-22 12:30,2563
2020-03-22 12:35,2592
2020-03-22 12:40,2607
2020-03-22 12:45,2613
2020-03-22 12:50,2630
2020-03-22 12:55,2652
2020-03-22 13:00,2673
2020-03-22 13:05,2696
2020-03-22 13:10,2726
2020-03-22 13:15,2769
2020-03-22 13:20,2769
2020-03-22 13:25,2790
2020-03-22 13:30,2802
2020-03-22 13:35,2848
2020-03-22 13:40,2872
2020-03-22 13:45,2897
2020-03-22 13:50,2897
2020-03-22 13:55,2927
2020-03-22 14:00,2918
2020-03-22 14:05,2940
2020-03-22 14:10,2969
2020-03-22 14:15,2980
2020-03-22 14:20,3009
2020-03-22 14:25,3031
2020-03-22 14:30,3042
2020-03-22 14:35,3059
2020-03-22 14:40,3083
2020-03-22 14:45,3083
2020-03-22 14:50,3131
2020-03-22 14:55,3128
2020-03-22 15:00,3149
2020-03-22 15:05,3152
2020-03-22 15:10,3175
2020-03-22 15:15,3218
2020-03-22 15:20,3239
2020-03-22 15:25,3297
2020-03-22 15:30,3335
2020-03-22 15:35,3356
2020-03-22 15:40,3380
2020-03-22 15:45,3398
2020-03-22 15:50,3420
2020-03-22 15:55,3429
2020-03-22 16:00,3403
2020-03-22 16:05,3401
2020-03-22 16:10,3408
2020-03-22 16:15,3412
2020-03-22 16:20,3435
2020-03-22 16:25,3453
2020-03-22 16:30,3458
2020-03-22 16:35,3499
2020-03-22 16:40,3535
2020-03-22 16:45,3527
2020-03-22 16:50,3564
2020-03-22 16:55,3568
2020-03-22 17:00,3564
2020-03-22 17:05,0
2020-03-22 17:10,3563
2020-03-22 17:15,3622
2020-03-22 17:20,3619
2020-03-22 17:25,3618
2020-03-22 17:30,3601
2020-03-22 17:35,3634
2020-03-22 17:40,3619
2020-03-22 17:45,3628
2020-03-22 17:50,3622
2020-03-22 17:55,3576
2020-03-22 18:00,3593
2020-03-22 18:05,3594
2020-03-22 18:10,3634
2020-03-22 18:15,3628
2020-03-22 18:20,3635
2020-03-22 18:25,3611
2020-03-22 18:30,3632
2020-03-22 18:35,3632
2020-03-22 18:40,3613
2020-03-22 18:45,3633
2020-03-22 18:50,3645
2020-03-22 18:55,3642
2020-03-22 19:00,3616
2020-03-22 19:05,3569
2020-03-22 19:10,3549
2020-03-22 19:15,3521
2020-03-22 19:20,3533
2020-03-22 19:25,3534
2020-03-22 19:30,3541
2020-03-22 19:35,3521
2020-03-22 19:40,3491
2020-03-22 19:45,3508
2020-03-22 19:50,3515
2020-03-22 19:55,3502
2020-03-22 20:00,3549
2020-03-22 20:05,3563
2020-03-22 20:10,3601
2020-03-22 20:15,3637
2020-03-22 20:20,3611
2020-03-22 20:25,3625
2020-03-22 20:30,3627
2020-03-22 20:35,3608
2020-03-22 20:40,3597
2020-03-22 20:45,3603
2020-03-22 20:50,3587
2020-03-22 20:55,3565
2020-03-22 21:00,3520
2020-03-22 21:05,3506
2020-03-22 21:10,3476
2020-03-22 21:15,3445
2020-03-22 21:20,3438
2020-03-22 21:25,3421
2020-03-22 21:30,3399
2020-03-22 21:35,3346
2020-03-22 21:40,3346
2020-03-22 21:45,3332
2020-03-22 21:50,3286
2020-03-22 21:55,3251
2020-03-22 22:00,3263
2020-03-22 22:05,3234
2020-03-22 22:10,3218
2020-03-22 22:15,3176
2020-03-22 22:20,3139
2020-03-22 22:25,3121
2020-03-22 22:30,3086
2020-03-22 22:35,3032
2020-03-22 22:40,3021
2020-03-22 22:45,3008
2020-03-22 22:50,2980
2020-03-22 22:55,2919
2020-03-22 23:00,2898
2020-03-22 23:05,2870
2020-03-22 23:10,2815
2020-03-22 23:15,2780
2020-03-22 23:20,2556
2020-03-22 23:25,2726
2020-03-22 23:30,2699
2020-03-22 23:35,2682
2020-03-22 23:40,2648
2020-03-22 23:45,2618
2020-03-22 23:50,2613
2020-03-22 23:55,2589
2020-03-23 00:00,2549
2020-03-23 00:05,2499
2020-03-23 00:10,2472
2020-03-23 00:15,2453
2020-03-23 00:20,2389
2020-03-23 00:25,2370
2020-03-23 00:30,2377
2020-03-23 00:35,2360
2020-03-23 00:40,2345
2020-03-23 00:45,2317
2020-03-23 00:50,2278
2020-03-23 00:55,2251
2020-03-23 01:00,2234
2020-03-23 01:05,2210
2020-03-23 01:10,2202
2020-03-23 01:15,2193
2020-03-23 01:20,2176
2020-03-23 01:25,2155
2020-03-23 01:30,2141
2020-03-23 01:35,2093
2020-03-23 01:40,2053
2020-03-23 01:45,2035
2020-03-23 01:50,2013
2020-03-23 01:55,1990
2020-03-23 02:00,1985
2020-03-23 02:05,1967
2020-03-23 02:10,1950
2020-03-23 02:15,1914
2020-03-23 02:20,1898
2020-03-23 02:25,1876
2020-03-23 02:30,1871
2020-03-23 02:35,1859
2020-03-23 02:40,1851
2020-03-23 02:45,1828
2020-03-23 02:50,1804
2020-03-23 02:55,1792
2020-03-23 03:00,1785
2020-03-23 03:05,1779
2020-03-23 03:10,1769
2020-03-23 03:15,1763
2020-03-23 03:20,1744
2020-03-23 03:25,1707
2020-03-23 03:30,1696
2020-03-23 03:35,1673
2020-03-23 03:40,1671
2020-03-23 03:45,1650
2020-03-23 03:50,1657
2020-03-23 03:55,1652
2020-03-23 04:00,1636
2020-03-23 04:05,1587
2020-03-23 04:10,1551
2020-03-23 04:15,1550
2020-03-23 04:20,1528
2020-03-23 04:25,1512
2020-03-23 04:30,1473
2020-03-23 04:35,1456
2020-03-23 04:40,1433
2020-03-23 04:45,1410
2020-03-23 04:50,1403
2020-03-23 04:55,1373
2020-03-23 05:00,1344
2020-03-23 05:05,1324
2020-03-23 05:10,1312
2020-03-23 05:15,1314
2020-03-23 05:20,1298
2020-03-23 05:25,1316
2020-03-23 05:30,1305
2020-03-23 05:35,1279
2020-03-23 05:40,1284
2020-03-23 05:45,1265
2020-03-23 05:50,1270
2020-03-23 05:55,1275
2020-03-23 06:00,1258
2020-03-23 06:05,1261
2020-03-23 06:10,1253
2020-03-23 06:15,1243
2020-03-23 06:20,1245
2020-03-23 06:25,1230
2020-03-23 06:30,1235
2020-03-23 06:35,1234
2020-03-23 06:40,1237
2020-03-23 06:45,1235
2020-03-23 06:50,1230
2020-03-23 06:55,1218
2020-03-23 07:00,1221
2020-03-23 07:05,1232
2020-03-23 07:10,1222
2020-03-23 07:15,1230
2020-03-23 07:20,1234
2020-03-23 07:25,1235
2020-03-23 07:30,1237
2020-03-23 07:35,1237
2020-03-23 07:40,1251
2020-03-23 07:45,1265
2020-03-23 07:50,1267
2020-03-23 07:55,1269
2020-03-23 08:00,1258
2020-03-23 08:05,1267
2020-03-23 08:10,1280
2020-03-23 08:15,1297
2020-03-23 08:20,1314
2020-03-23 08:25,1308
2020-03-23 08:30,1304
2020-03-23 08:35,1323
2020-03-23 08:40,1323
2020-03-23 08:45,1329
2020-03-23 08:50,1365
2020-03-23 08:55,1375
2020-03-23 09:00,1391
2020-03-23 09:05,1415
2020-03-23 09:10,1418
2020-03-23 09:15,1426
2020-03-23 09:20,1456
2020-03-23 09:25,1469
2020-03-23 09:30,1490
2020-03-23 09:35,1502
2020-03-23 09:40,1516
2020-03-23 09:45,1522
2020-03-23 09:50,1546
2020-03-23 09:55,1570
2020-03-23 10:00,1606
2020-03-23 10:05,1661
2020-03-23 10:10,1704
2020-03-23 10:15,1751
2020-03-23 10:20,1748
2020-03-23 10:25,1762
2020-03-23 10:30,1775
2020-03-23 10:35,1788
2020-03-23 10:40,1817
2020-03-23 10:45,1833
2020-03-23 10:50,1868
2020-03-23 10:55,1923
2020-03-23 11:00,1939
2020-03-23 11:05,1948
2020-03-23 11:10,1971
2020-03-23 11:15,1977
2020-03-23 11:20,2003
2020-03-23 11:25,2024
2020-03-23 11:30,2025
2020-03-23 11:35,2028
2020-03-23 11:40,2016
2020-03-23 11:45,2016
2020-03-23 11:50,2001
2020-03-23 11:55,2015
2020-03-23 12:00,2027
2020-03-23 12:05,2027
2020-03-23 12:10,2047
2020-03-23 12:15,2040
2020-03-23 12:20,2033
2020-03-23 12:25,2060
2020-03-23 12:30,2078
2020-03-23 12:35,2103
2020-03-23 12:40,2125
2020-03-23 12:45,2148
2020-03-23 12:50,2178
2020-03-23 12:55,2231
2020-03-23 13:00,2224
2020-03-23 13:05,2219
2020-03-23 13:10,2203
2020-03-23 13:15,2231
2020-03-23 13:20,2240
2020-03-23 13:25,2255
2020-03-23 13:30,2257
2020-03-23 13:35,2265
2020-03-23 13:40,2263
2020-03-23 13:45,2261
2020-03-23 13:50,2306
2020-03-23 13:55,2319
2020-03-23 14:00,2341
2020-03-23 14:05,2378
2020-03-23 14:10,2380
2020-03-23 14:15,2380
2020-03-23 14:20,2394
2020-03-23 14:25,2407
2020-03-23 14:30,2440
2020-03-23 14:35,2433
2020-03-23 14:40,2445
2020-03-23 14:45,2473
2020-03-23 14:50,2480
2020-03-23 14:55,2501
2020-03-23 15:00,2528
2020-03-23 15:05,2557
2020-03-23 15:10,2570
2020-03-23 15:15,2625
2020-03-23 15:20,2649
2020-03-23 15:25,2647
2020-03-23 15:30,2675
2020-03-23 15:35,2685
2020-03-23 15:40,2731
2020-03-23 15:45,2775
2020-03-23 15:50,2799
2020-03-23 15:55,2812
2020-03-23 16:00,2840
2020-03-23 16:05,2864
2020-03-23 16:10,2900
2020-03-23 16:15,2921
2020-03-23 16:20,2973
2020-03-23 16:25,3022
2020-03-23 16:30,3032
2020-03-23 16:35,3047
2020-03-23 16:40,3056
2020-03-23 16:45,3077
2020-03-23 16:50,3045
2020-03-23 16:55,3043
2020-03-23 17:00,3051
2020-03-23 17:05,3063
2020-03-23 17:10,3083
2020-03-23 17:15,3116
2020-03-23 17:20,3099
2020-03-23 17:25,3103
2020-03-23 17:30,3115
2020-03-23 17:35,3162
2020-03-23 17:40,3193
2020-03-23 17:45,3220
2020-03-23 17:50,3250
2020-03-23 17:55,3268
2020-03-23 18:00,3269
2020-03-23 18:05,3277
2020-03-23 18:10,3290
2020-03-23 18:15,3338
2020-03-23 18:20,3335
2020-03-23 18:25,3359
2020-03-23 18:30,3245
2020-03-23 18:35,3257
2020-03-23 18:40,3293
2020-03-23 18:45,3250
2020-03-23 18:50,3250
2020-03-23 18:55,3247
2020-03-23 19:00,3229
2020-03-23 19:05,3231
2020-03-23 19:10,3224
2020-03-23 19:15,3236
2020-03-23 19:20,3255
2020-03-23 19:25,3268
2020-03-23 19:30,3273
2020-03-23 19:35,3261
2020-03-23 19:40,3266
2020-03-23 19:45,3285
2020-03-23 19:50,3299
2020-03-23 19:55,3315
2020-03-23 20:00,3297
2020-03-23 20:05,3303
2020-03-23 20:10,3314
2020-03-23 20:15,3307
2020-03-23 20:20,3301
2020-03-23 20:25,3266
2020-03-23 20:30,3273
2020-03-23 20:35,3273
2020-03-23 20:40,3291
2020-03-23 20:45,3267
2020-03-23 20:50,3254
2020-03-23 20:55,3220
2020-03-23 21:00,3211
2020-03-23 21:05,3223
2020-03-23 21:10,3199
2020-03-23 21:15,3176
2020-03-23 21:20,3157
2020-03-23 21:25,3120
2020-03-23 21:30,3111
2020-03-23 21:35,3072
2020-03-23 21:40,3039
2020-03-23 21:45,3031
2020-03-23 21:50,2984
2020-03-23 21:55,2952
2020-03-23 22:00,2926
2020-03-23 22:05,2909
2020-03-23 22:10,2910
2020-03-23 22:15,2865
2020-03-23 22:20,2832
2020-03-23 22:25,2815
2020-03-23 22:30,2808
2020-03-23 22:35,2785
2020-03-23 22:40,2776
2020-03-23 22:45,2771
2020-03-23 22:50,2754
2020-03-23 22:55,2723
2020-03-23 23:00,2714
2020-03-23 23:05,2676
2020-03-23 23:10,2649
2020-03-23 23:15,2611
2020-03-23 23:20,2596
2020-03-23 23:25,2581
2020-03-23 23:30,2544
2020-03-23 23:35,2532
2020-03-23 23:40,2517
2020-03-23 23:45,2476
2020-03-23 23:50,2437
2020-03-23 23:55,2411
2020-03-24 00:00,2380
2020-03-24 00:05,2347
2020-03-24 00:10,2313
2020-03-24 00:15,2299
2020-03-24 00:20,2289
2020-03-24 00:25,2289
2020-03-24 00:30,2270
2020-03-24 00:35,2240
2020-03-24 00:40,2216
2020-03-24 00:45,2204
2020-03-24 00:50,2179
2020-03-24 00:55,2144
2020-03-24 01:00,2127
2020-03-24 01:05,2096
2020-03-24 01:10,2081
2020-03-24 01:15,2074
2020-03-24 01:20,2044
2020-03-24 01:25,2032
2020-03-24 01:30,2046
2020-03-24 01:35,2018
2020-03-24 01:40,2012
2020-03-24 01:45,2004
2020-03-24 01:50,1990
2020-03-24 01:55,1993
2020-03-24 02:00,1970
2020-03-24 02:05,1956
2020-03-24 02:10,1940
2020-03-24 02:15,1917
2020-03-24 02:20,1885
2020-03-24 02:25,1883
2020-03-24 02:30,1882
2020-03-24 02:35,1857
2020-03-24 02:40,1814
2020-03-24 02:45,1779
2020-03-24 02:50,1774
2020-03-24 02:55,1755
2020-03-24 03:00,1746
2020-03-24 03:05,1728
2020-03-24 03:10,1718
2020-03-24 03:15,1706
2020-03-24 03:20,1686
2020-03-24 03:25,1666
2020-03-24 03:30,1646
2020-03-24 03:35,1661
2020-03-24 03:40,1636
2020-03-24 03:45,1612
2020-03-24 03:50,1583
2020-03-24 03:55,1586
2020-03-24 04:00,1579
2020-03-24 04:05,1562
2020-03-24 04:10,1551
2020-03-24 04:15,1540
2020-03-24 04:20,1534
2020-03-24 04:25,1506
2020-03-24 04:30,1488
2020-03-24 04:35,1464
2020-03-24 04:40,1447
2020-03-24 04:45,1435
2020-03-24 04:50,1416
2020-03-24 04:55,1401
2020-03-24 05:00,1396
2020-03-24 05:05,1383
2020-03-24 05:10,1381
2020-03-24 05:15,1378
2020-03-24 05:20,1376
2020-03-24 05:25,1348
2020-03-24 05:30,1340
2020-03-24 05:35,1324
2020-03-24 05:40,1301
2020-03-24 05:45,1295
2020-03-24 05:50,1286
2020-03-24 05:55,1275
2020-03-24 06:00,1259
2020-03-24 06:05,1269
2020-03-24 06:10,1265
2020-03-24 06:15,1258
2020-03-24 06:20,1261
2020-03-24 06:25,1258
2020-03-24 06:30,1242
2020-03-24 06:35,1248
2020-03-24 06:40,1259
2020-03-24 06:45,1256
2020-03-24 06:50,1267
2020-03-24 06:55,1277
2020-03-24 07:00,1287
2020-03-24 07:05,1285
2020-03-24 07:10,1301
2020-03-24 07:15,1307
2020-03-24 07:20,1316
2020-03-24 07:25,1324
2020-03-24 07:30,1325
2020-03-24 07:35,1337
2020-03-24 07:40,1335
2020-03-24 07:45,1340
2020-03-24 07:50,1342
2020-03-24 07:55,1346
2020-03-24 08:00,1339
2020-03-24 08:05,1348
2020-03-24 08:10,1361
2020-03-24 08:15,1355
2020-03-24 08:20,1345
2020-03-24 08:25,1352
2020-03-24 08:30,1376
2020-03-24 08:35,1397
2020-03-24 08:40,1413
2020-03-24 08:45,1424
2020-03-24 08:50,1414
2020-03-24 08:55,1432
2020-03-24 09:00,1448
2020-03-24 09:05,1445
2020-03-24 09:10,1435
2020-03-24 09:15,1454
2020-03-24 09:20,1450
2020-03-24 09:25,1458
2020-03-24 09:30,1485
2020-03-24 09:35,1523
2020-03-24 09:40,1564
2020-03-24 09:45,1580
2020-03-24 09:50,1609
2020-03-24 09:55,1640
2020-03-24 10:00,1662
2020-03-24 10:05,1703
2020-03-24 10:10,1726
2020-03-24 10:15,1743
2020-03-24 10:20,1767
2020-03-24 10:25,1790
2020-03-24 10:30,1810
2020-03-24 10:35,1838
2020-03-24 10:40,1854
2020-03-24 10:45,1873
2020-03-24 10:50,1878
2020-03-24 10:55,1883
2020-03-24 11:00,1909
2020-03-24 11:05,1908
2020-03-24 11:10,1911
2020-03-24 11:15,1917
2020-03-24 11:20,1924
2020-03-24 11:25,1941
2020-03-24 11:30,1942
2020-03-24 11:35,1960
2020-03-24 11:40,1962
2020-03-24 11:45,1980
2020-03-24 11:50,1995
2020-03-24 11:55,2012
2020-03-24 12:00,2048
2020-03-24 12:05,2047
2020-03-24 12:10,2064
2020-03-24 12:15,2083
2020-03-24 12:20,2101
2020-03-24 12:25,2091
2020-03-24 12:30,2107
2020-03-24 12:35,2134
2020-03-24 12:40,2139
2020-03-24 12:45,2153
2020-03-24 12:50,2157
2020-03-24 12:55,2185
2020-03-24 13:00,2193
2020-03-24 13:05,2200
2020-03-24 13:10,2224
2020-03-24 13:15,2237
2020-03-24 13:20,2240
2020-03-24 13:25,2227
2020-03-24 13:30,2236
2020-03-24 13:35,2226
2020-03-24 13:40,2234
2020-03-24 13:45,2198
2020-03-24 13:50,2168
2020-03-24 13:55,2092
2020-03-24 14:00,1882
2020-03-24 14:05,1203
2020-03-24 14:10,1147
2020-03-24 14:15,1136
2020-03-24 14:20,1162
2020-03-24 14:25,1174
2020-03-24 14:30,1166
2020-03-24 14:35,1164
2020-03-24 14:40,1207
2020-03-24 14:45,1200
2020-03-24 14:50,1231
2020-03-24 14:55,1245
2020-03-24 15:00,1255
2020-03-24 15:05,1277
2020-03-24 15:10,1299
2020-03-24 15:15,1336
2020-03-24 15:20,1389
2020-03-24 15:25,1391
2020-03-24 15:30,1403
2020-03-24 15:35,1431
2020-03-24 15:40,1426
2020-03-24 15:45,1438
2020-03-24 15:50,1456
2020-03-24 15:55,1507
2020-03-24 16:00,1509
2020-03-24 16:05,1515
2020-03-24 16:10,
2020-03-24 16:15,1562
2020-03-24 16:20,1554
2020-03-24 16:25,1614
2020-03-24 16:30,1613
2020-03-24 16:35,1624
2020-03-24 16:40,1652
2020-03-24 16:45,1871
2020-03-24 16:50,2066
2020-03-24 16:55,2255
2020-03-24 17:00,2406
2020-03-24 17:05,2608
2020-03-24 17:10,2788
2020-03-24 17:15,2895
2020-03-24 17:20,3024
2020-03-24 17:25,3113
2020-03-24 17:30,3186
2020-03-24 17:35,3266
2020-03-24 17:40,3354
2020-03-24 17:45,3392
2020-03-24 17:50,3425
2020-03-24 17:55,3487
2020-03-24 18:00,3515
2020-03-24 18:05,3542
2020-03-24 18:10,3570
2020-03-24 18:15,3584
2020-03-24 18:20,3583
2020-03-24 18:25,3614
2020-03-24 18:30,3623
2020-03-24 18:35,3599
2020-03-24 18:40,3597
2020-03-24 18:45,3609
2020-03-24 18:50,3578
2020-03-24 18:55,3584
2020-03-24 19:00,3568
2020-03-24 19:05,3577
2020-03-24 19:10,3573
2020-03-24 19:15,3582
2020-03-24 19:20,3598
2020-03-24 19:25,3577
2020-03-24 19:30,3580
2020-03-24 19:35,3576
2020-03-24 19:40,3588
2020-03-24 19:45,3559
2020-03-24 19:50,3579
2020-03-24 19:55,3589
2020-03-24 20:00,3559
2020-03-24 20:05,3531
2020-03-24 20:10,3557
2020-03-24 20:15,3555
2020-03-24 20:20,3566
2020-03-24 20:25,3551
2020-03-24 20:30,3540
2020-03-24 20:35,3497
2020-03-24 20:40,3468
2020-03-24 20:45,3445
2020-03-24 20:50,3423
2020-03-24 20:55,3404
2020-03-24 21:00,3372
2020-03-24 21:05,3354
2020-03-24 21:10,3353
2020-03-24 21:15,3327
2020-03-24 21:20,3330
2020-03-24 21:25,3293
2020-03-24 21:30,3265
2020-03-24 21:35,3242
2020-03-24 21:40,3229
2020-03-24 21:45,3211
2020-03-24 21:50,3176
2020-03-24 21:55,3145
2020-03-24 22:00,3141
2020-03-24 22:05,3084
2020-03-24 22:10,3053
2020-03-24 22:15,3024
2020-03-24 22:20,3016
2020-03-24 22:25,3017
2020-03-24 22:30,3002
2020-03-24 22:35,2978
2020-03-24 22:40,2911
2020-03-24 22:45,2860
2020-03-24 22:50,2840
2020-03-24 22:55,2818
2020-03-24 23:00,2800
2020-03-24 23:05,2741
2020-03-24 23:10,
2020-03-24 23:15,0
2020-03-24 23:20,67
2020-03-24 23:25,1516
2020-03-24 23:30,2431
2020-03-24 23:35,2588
2020-03-24 23:40,2586
2020-03-24 23:45,2567
2020-03-24 23:50,2523
2020-03-24 23:55,2489
2020-03-25 00:00,2456
2020-03-25 00:05,2392
2020-03-25 00:10,2354
2020-03-25 00:15,2309
2020-03-25 00:20,2301
2020-03-25 00:25,2276
2020-03-25 00:30,2249
2020-03-25 00:35,2256
2020-03-25 00:40,2235
2020-03-25 00:45,2221
2020-03-25 00:50,2193
2020-03-25 00:55,2155
2020-03-25 01:00,2139
2020-03-25 01:05,2116
2020-03-25 01:10,2085
2020-03-25 01:15,2078
2020-03-25 01:20,2073
2020-03-25 01:25,2081
2020-03-25 01:30,2071
2020-03-25 01:35,2054
2020-03-25 01:40,2034
2020-03-25 01:45,2023
2020-03-25 01:50,2000
2020-03-25 01:55,1986
2020-03-25 02:00,1997
2020-03-25 02:05,1977
2020-03-25 02:10,1966
2020-03-25 02:15,1946
2020-03-25 02:20,1935
2020-03-25 02:25,1893
2020-03-25 02:30,1886
2020-03-25 02:35,1884
2020-03-25 02:40,1887
2020-03-25 02:45,1870
2020-03-25 02:50,1860
2020-03-25 02:55,1846
2020-03-25 03:00,1841
2020-03-25 03:05,1825
2020-03-25 03:10,1817
2020-03-25 03:15,1816
2020-03-25 03:20,1808
2020-03-25 03:25,1792
2020-03-25 03:30,1773
2020-03-25 03:35,1771
2020-03-25 03:40,1752
2020-03-25 03:45,1741
2020-03-25 03:50,1738
2020-03-25 03:55,1725
2020-03-25 04:00,1719
2020-03-25 04:05,1692
2020-03-25 04:10,1643
2020-03-25 04:15,1627
2020-03-25 04:20,1607
2020-03-25 04:25,1586
2020-03-25 04:30,1562
2020-03-25 04:35,1547
2020-03-25 04:40,1528
2020-03-25 04:45,1526
2020-03-25 04:50,1502
2020-03-25 04:55,1486
2020-03-25 05:00,1473
2020-03-25 05:05,1466
2020-03-25 05:10,1439
2020-03-25 05:15,1431
2020-03-25 05:20,1426
2020-03-25 05:25,1421
2020-03-25 05:30,1431
2020-03-25 05:35,1426
2020-03-25 05:40,1414
2020-03-25 05:45,1397
2020-03-25 05:50,1393
2020-03-25 05:55,1383
2020-03-25 06:00,1365
2020-03-25 06:05,1341
2020-03-25 06:10,1307
2020-03-25 06:15,1297
2020-03-25 06:20,1293
2020-03-25 06:25,1306
2020-03-25 06:30,1308
2020-03-25 06:35,1296
2020-03-25 06:40,1299
2020-03-25 06:45,1297
2020-03-25 06:50,1295
2020-03-25 06:55,1292
2020-03-25 07:00,1296
2020-03-25 07:05,1294
2020-03-25 07:10,1300
2020-03-25 07:15,1306
2020-03-25 07:20,1297
2020-03-25 07:25,1289
2020-03-25 07:30,1286
2020-03-25 07:35,1300
2020-03-25 07:40,1293
2020-03-25 07:45,1305
2020-03-25 07:50,1313
2020-03-25 07:55,1334
2020-03-25 08:00,1339
2020-03-25 08:05,1337
2020-03-25 08:10,1329
2020-03-25 08:15,1338
2020-03-25 08:20,1359
2020-03-25 08:25,1357
2020-03-25 08:30,1359
2020-03-25 08:35,1377
2020-03-25 08:40,1369
2020-03-25 08:45,1384
2020-03-25 08:50,1406
2020-03-25 08:55,1404
2020-03-25 09:00,1403
2020-03-25 09:05,1417
2020-03-25 09:10,1428
2020-03-25 09:15,1444
2020-03-25 09:20,1467
2020-03-25 09:25,1504
2020-03-25 09:30,1522
2020-03-25 09:35,1555
2020-03-25 09:40,1574
2020-03-25 09:45,1604
2020-03-25 09:50,1602
2020-03-25 09:55,1633
2020-03-25 10:00,1659
2020-03-25 10:05,1706
2020-03-25 10:10,1735
2020-03-25 10:15,1758
2020-03-25 10:20,1784
2020-03-25 10:25,1831
2020-03-25 10:30,1840
2020-03-25 10:35,1850
2020-03-25 10:40,1859
2020-03-25 10:45,1884
2020-03-25 10:50,1914
2020-03-25 10:55,1938
2020-03-25 11:00,1952
2020-03-25 11:05,1969
2020-03-25 11:10,1987
2020-03-25 11:15,1966
2020-03-25 11:20,1995
2020-03-25 11:25,2003
2020-03-25 11:30,2013
2020-03-25 11:35,2045
2020-03-25 11:40,2048
2020-03-25 11:45,2049
2020-03-25 11:50,2092
2020-03-25 11:55,2094
2020-03-25 12:00,2112
2020-03-25 12:05,2117
2020-03-25 12:10,2137
2020-03-25 12:15,2145
2020-03-25 12:20,2171
2020-03-25 12:25,2176
2020-03-25 12:30,2177
2020-03-25 12:35,2202
2020-03-25 12:40,2212
2020-03-25 12:45,2254
2020-03-25 12:50,2283
2020-03-25 12:55,2292
2020-03-25 13:00,2303
2020-03-25 13:05,2303
2020-03-25 13:10,2307
2020-03-25 13:15,2370
2020-03-25 13:20,2381
2020-03-25 13:25,2395
2020-03-25 13:30,2421
2020-03-25 13:35,2442
2020-03-25 13:40,2450
2020-03-25 13:45,2458
2020-03-25 13:50,2465
2020-03-25 13:55,2465
2020-03-25 14:00,2486
2020-03-25 14:05,2486
2020-03-25 14:10,2531
2020-03-25 14:15,2574
2020-03-25 14:20,2582
2020-03-25 14:25,2605
2020-03-25 14:30,2607
2020-03-25 14:35,2619
2020-03-25 14:40,2631
2020-03-25 14:45,2648
2020-03-25 14:50,2652
2020-03-25 14:55,2682
2020-03-25 15:00,2687
2020-03-25 15:05,2722
2020-03-25 15:10,2748
2020-03-25 15:15,2752
2020-03-25 15:20,2776
2020-03-25 15:25,2791
2020-03-25 15:30,2815
2020-03-25 15:35,2837
2020-03-25 15:40,2852
2020-03-25 15:45,2886
2020-03-25 15:50,2884
2020-03-25 15:55,2869
2020-03-25 16:00,2905
2020-03-25 16:05,2884
2020-03-25 16:10,2911
2020-03-25 16:15,2930
2020-03-25 16:20,2962
2020-03-25 16:25,2982
2020-03-25 16:30,3025
2020-03-25 16:35,3035
2020-03-25 16:40,2958
2020-03-25 16:45,2947
2020-03-25 16:50,3004
2020-03-25 16:55,3044
2020-03-25 17:00,3095
2020-03-25 17:05,3052
2020-03-25 17:10,3065
2020-03-25 17:15,3086
2020-03-25 17:20,3104
2020-03-25 17:25,3093
2020-03-25 17:30,3475
2020-03-25 17:35,3497
2020-03-25 17:40,3437
2020-03-25 17:45,3472
2020-03-25 17:50,3502
2020-03-25 17:55,3532
2020-03-25 18:00,3463
2020-03-25 18:05,3496
2020-03-25 18:10,3540
2020-03-25 18:15,1853
2020-03-25 18:20,2102
2020-03-25 18:25,2531
2020-03-25 18:30,3062
2020-03-25 18:35,2677
2020-03-25 18:40,2613
2020-03-25 18:45,2970
2020-03-25 18:50,3063
2020-03-25 18:55,3156
2020-03-25 19:00,3151
2020-03-25 19:05,3153
2020-03-25 19:10,3151
2020-03-25 19:15,3151
2020-03-25 19:20,3179
2020-03-25 19:25,3195
2020-03-25 19:30,3213
2020-03-25 19:35,3243
2020-03-25 19:40,3259
2020-03-25 19:45,3263
2020-03-25 19:50,3281
2020-03-25 19:55,3309
2020-03-25 20:00,3295
2020-03-25 20:05,3328
2020-03-25 20:10,3321
2020-03-25 20:15,3330
2020-03-25 20:20,3308
2020-03-25 20:25,3315
2020-03-25 20:30,3322
2020-03-25 20:35,3330
2020-03-25 20:40,3308
2020-03-25 20:45,3295
2020-03-25 20:50,3252
2020-03-25 20:55,3241
2020-03-25 21:00,3246
2020-03-25 21:05,3227
2020-03-25 21:10,3217
2020-03-25 21:15,3197
2020-03-25 21:20,3195
2020-03-25 21:25,3186
2020-03-25 21:30,3170
2020-03-25 21:35,3146
2020-03-25 21:40,3110
2020-03-25 21:45,3111
2020-03-25 21:50,3112
2020-03-25 21:55,3078
2020-03-25 22:00,3061
2020-03-25 22:05,3060
2020-03-25 22:10,3018
2020-03-25 22:15,2994
2020-03-25 22:20,2962
2020-03-25 22:25,2888
2020-03-25 22:30,2880
2020-03-25 22:35,2822
2020-03-25 22:40,2799
2020-03-25 22:45,2786
2020-03-25 22:50,2782
2020-03-25 22:55,2752
2020-03-25 23:00,2732
2020-03-25 23:05,2718
2020-03-25 23:10,2703
2020-03-25 23:15,2693
2020-03-25 23:20,2682
2020-03-25 23:25,2663
2020-03-25 23:30,2645
2020-03-25 23:35,2637
2020-03-25 23:40,2598
2020-03-25 23:45,2569
2020-03-25 23:50,2515
2020-03-25 23:55,2492
2020-03-26 00:00,2453
2020-03-26 00:05,2453
2020-03-26 00:10,2416
2020-03-26 00:15,2393
2020-03-26 00:20,2382
2020-03-26 00:25,2354
2020-03-26 00:30,2347
2020-03-26 00:35,2296
2020-03-26 00:40,2290
2020-03-26 00:45,2268
2020-03-26 00:50,2257
2020-03-26 00:55,2231
2020-03-26 01:00,2207
2020-03-26 01:05,2185
2020-03-26 01:10,2155
2020-03-26 01:15,2141
2020-03-26 01:20,2127
2020-03-26 01:25,2145
2020-03-26 01:30,2143
2020-03-26 01:35,2127
2020-03-26 01:40,2097
2020-03-26 01:45,2086
2020-03-26 01:50,2080
2020-03-26 01:55,2052
2020-03-26 02:00,2046
2020-03-26 02:05,2016
2020-03-26 02:10,2009
2020-03-26 02:15,1977
2020-03-26 02:20,1950
2020-03-26 02:25,1946
2020-03-26 02:30,1920
2020-03-26 02:35,1910
2020-03-26 02:40,1900
2020-03-26 02:45,1875
2020-03-26 02:50,1873
2020-03-26 02:55,1875
2020-03-26 03:00,1882
2020-03-26 03:05,1864
2020-03-26 03:10,1868
2020-03-26 03:15,1836
2020-03-26 03:20,1820
2020-03-26 03:25,1797
2020-03-26 03:30,1770
2020-03-26 03:35,1745
2020-03-26 03:40,1713
2020-03-26 03:45,1701
2020-03-26 03:50,1676
2020-03-26 03:55,1675
2020-03-26 04:00,1665
2020-03-26 04:05,1640
2020-03-26 04:10,1606
2020-03-26 04:15,1572
2020-03-26 04:20,1569
2020-03-26 04:25,1547
2020-03-26 04:30,1505
2020-03-26 04:35,1497
2020-03-26 04:40,1477
2020-03-26 04:45,1474
2020-03-26 04:50,1459
2020-03-26 04:55,1446
2020-03-26 05:00,1448
2020-03-26 05:05,1436
2020-03-26 05:10,1422
2020-03-26 05:15,1404
2020-03-26 05:20,1388
2020-03-26 05:25,1399
2020-03-26 05:30,1374
2020-03-26 05:35,1357
2020-03-26 05:40,1340
2020-03-26 05:45,1322
2020-03-26 05:50,1309
2020-03-26 05:55,1306
2020-03-26 06:00,1290
2020-03-26 06:05,1287
2020-03-26 06:10,1288
2020-03-26 06:15,1272
2020-03-26 06:20,1278
2020-03-26 06:25,1286
2020-03-26 06:30,1290
2020-03-26 06:35,1290
2020-03-26 06:40,1303
2020-03-26 06:45,1306
2020-03-26 06:50,1305
2020-03-26 06:55,1310
2020-03-26 07:00,1298
2020-03-26 07:05,1296
2020-03-26 07:10,1297
2020-03-26 07:15,1316
2020-03-26 07:20,1325
2020-03-26 07:25,1327
2020-03-26 07:30,1324
2020-03-26 07:35,1323
2020-03-26 07:40,1316
2020-03-26 07:45,1323
2020-03-26 07:50,1326
2020-03-26 07:55,1312
2020-03-26 08:00,1332
2020-03-26 08:05,1326
2020-03-26 08:10,1343
2020-03-26 08:15,1358
2020-03-26 08:20,1384
2020-03-26 08:25,1404
2020-03-26 08:30,1370
2020-03-26 08:35,1401
2020-03-26 08:40,1406
2020-03-26 08:45,1418
2020-03-26 08:50,1433
2020-03-26 08:55,1451
2020-03-26 09:00,1457
2020-03-26 09:05,1451
2020-03-26 09:10,1449
2020-03-26 09:15,1436
2020-03-26 09:20,1455
2020-03-26 09:25,1478
2020-03-26 09:30,1478
2020-03-26 09:35,1495
2020-03-26 09:40,1510
2020-03-26 09:45,1547
2020-03-26 09:50,1565
2020-03-26 09:55,1581
2020-03-26 10:00,1629
2020-03-26 10:05,1688
2020-03-26 10:10,1727
2020-03-26 10:15,1770
2020-03-26 10:20,1807
2020-03-26 10:25,1818
2020-03-26 10:30,1817
2020-03-26 10:35,1827
2020-03-26 10:40,1846
2020-03-26 10:45,1892
2020-03-26 10:50,1901
2020-03-26 10:55,1894
2020-03-26 11:00,1915
2020-03-26 11:05,1907
2020-03-26 11:10,1909
2020-03-26 11:15,1906
2020-03-26 11:20,1908
2020-03-26 11:25,1907
2020-03-26 11:30,1908
2020-03-26 11:35,1935
2020-03-26 11:40,1923
2020-03-26 11:45,1927
2020-03-26 11:50,1944
2020-03-26 11:55,1963
2020-03-26 12:00,1983
2020-03-26 12:05,2017
2020-03-26 12:10,2050
2020-03-26 12:15,2062
2020-03-26 12:20,2073
2020-03-26 12:25,2078
2020-03-26 12:30,2097
2020-03-26 12:35,2140
2020-03-26 12:40,2164
2020-03-26 12:45,2177
2020-03-26 12:50,2232
2020-03-26 12:55,2277
2020-03-26 13:00,2302
2020-03-26 13:05,2302
2020-03-26 13:10,2311
2020-03-26 13:15,2334
2020-03-26 13:20,2349
2020-03-26 13:25,2356
2020-03-26 13:30,2353
2020-03-26 13:35,2325
2020-03-26 13:40,2329
2020-03-26 13:45,2287
2020-03-26 13:50,2242
2020-03-26 13:55,2135
2020-03-26 14:00,1930
2020-03-26 14:05,1235
2020-03-26 14:10,1161
2020-03-26 14:15,1136
2020-03-26 14:20,1135
2020-03-26 14:25,1145
2020-03-26 14:30,1124
2020-03-26 14:35,1120
2020-03-26 14:40,1137
2020-03-26 14:45,1121
2020-03-26 14:50,1109
2020-03-26 14:55,1132
2020-03-26 15:00,1165
2020-03-26 15:05,1166
2020-03-26 15:10,1181
2020-03-26 15:15,1196
2020-03-26 15:20,1287
2020-03-26 15:25,1450
2020-03-26 15:30,1565
2020-03-26 15:35,1708
2020-03-26 15:40,1826
2020-03-26 15:45,1922
2020-03-26 15:50,1988
2020-03-26 15:55,2081
2020-03-26 16:00,2197
2020-03-26 16:05,2318
2020-03-26 16:10,2437
2020-03-26 16:15,2552
2020-03-26 16:20,2646
2020-03-26 16:25,2713
2020-03-26 16:30,2760
2020-03-26 16:35,2804
2020-03-26 16:40,2867
2020-03-26 16:45,2896
2020-03-26 16:50,2935
2020-03-26 16:55,3041
2020-03-26 17:00,3069
2020-03-26 17:05,3085
2020-03-26 17:10,3123
2020-03-26 17:15,3131
2020-03-26 17:20,3153
2020-03-26 17:25,3192
2020-03-26 17:30,3234
2020-03-26 17:35,3281
2020-03-26 17:40,3281
2020-03-26 17:45,3324
2020-03-26 17:50,3309
2020-03-26 17:55,3317
2020-03-26 18:00,3292
2020-03-26 18:05,3311
2020-03-26 18:10,3333
2020-03-26 18:15,3358
2020-03-26 18:20,3371
2020-03-26 18:25,3354
2020-03-26 18:30,3358
2020-03-26 18:35,3356
2020-03-26 18:40,3366
2020-03-26 18:45,3373
2020-03-26 18:50,3388
2020-03-26 18:55,3380
2020-03-26 19:00,3377
2020-03-26 19:05,3365
2020-03-26 19:10,3390
2020-03-26 19:15,3373
2020-03-26 19:20,3389
2020-03-26 19:25,3421
2020-03-26 19:30,3447
2020-03-26 19:35,3451
2020-03-26 19:40,3479
2020-03-26 19:45,3464
2020-03-26 19:50,3479
2020-03-26 19:55,3510
2020-03-26 20:00,3536
2020-03-26 20:05,3532
2020-03-26 20:10,3524
2020-03-26 20:15,3525
2020-03-26 20:20,3522
2020-03-26 20:25,3507
2020-03-26 20:30,3515
2020-03-26 20:35,3510
2020-03-26 20:40,3483
2020-03-26 20:45,3444
2020-03-26 20:50,3441
2020-03-26 20:55,3423
2020-03-26 21:00,3436
2020-03-26 21:05,3444
2020-03-26 21:10,3407
2020-03-26 21:15,3395
2020-03-26 21:20,3356
2020-03-26 21:25,3377
2020-03-26 21:30,3341
2020-03-26 21:35,3314
2020-03-26 21:40,3315
2020-03-26 21:45,3293
2020-03-26 21:50,3286
2020-03-26 21:55,3273
2020-03-26 22:00,3268
2020-03-26 22:05,3236
2020-03-26 22:10,3209
2020-03-26 22:15,3188
2020-03-26 22:20,3201
2020-03-26 22:25,3175
2020-03-26 22:30,3148
2020-03-26 22:35,3110
2020-03-26 22:40,3093
2020-03-26 22:45,3050
2020-03-26 22:50,3026
2020-03-26 22:55,3026
2020-03-26 23:00,2987
2020-03-26 23:05,0
2020-03-26 23:10,2905
2020-03-26 23:15,2894
2020-03-26 23:20,2857
2020-03-26 23:25,2848
2020-03-26 23:30,2831
2020-03-26 23:35,2836
2020-03-26 23:40,2827
2020-03-26 23:45,2790
2020-03-26 23:50,2758
2020-03-26 23:55,2702
2020-03-27 00:00,2640
2020-03-27 00:05,2559
2020-03-27 00:10,2533
2020-03-27 00:15,2513
2020-03-27 00:20,2488
2020-03-27 00:25,2466
2020-03-27 00:30,2450
2020-03-27 00:35,2435
2020-03-27 00:40,2424
2020-03-27 00:45,2398
2020-03-27 00:50,2387
2020-03-27 00:55,2333
2020-03-27 01:00,2333
2020-03-27 01:05,2338
2020-03-27 01:10,2292
2020-03-27 01:15,2279
2020-03-27 01:20,2275
2020-03-27 01:25,2256
2020-03-27 01:30,2260
2020-03-27 01:35,2251
2020-03-27 01:40,2235
2020-03-27 01:45,2214
2020-03-27 01:50,2199
2020-03-27 01:55,2159
2020-03-27 02:00,2139
2020-03-27 02:05,2144
2020-03-27 02:10,2111
2020-03-27 02:15,2101
2020-03-27 02:20,2066
2020-03-27 02:25,2038
2020-03-27 02:30,2008
2020-03-27 02:35,1995
2020-03-27 02:40,1989
2020-03-27 02:45,1955
2020-03-27 02:50,1935
2020-03-27 02:55,1917
2020-03-27 03:00,1900
2020-03-27 03:05,1894
2020-03-27 03:10,1895
2020-03-27 03:15,1895
2020-03-27 03:20,1861
2020-03-27 03:25,1848
2020-03-27 03:30,1841
2020-03-27 03:35,1820
2020-03-27 03:40,1813
2020-03-27 03:45,1802
2020-03-27 03:50,1759
2020-03-27 03:55,1746
2020-03-27 04:00,1723
2020-03-27 04:05,1710
2020-03-27 04:10,1690
2020-03-27 04:15,1678
2020-03-27 04:20,1664
2020-03-27 04:25,1655
2020-03-27 04:30,1641
2020-03-27 04:35,1614
2020-03-27 04:40,1588
2020-03-27 04:45,1525
2020-03-27 04:50,1470
2020-03-27 04:55,1451
2020-03-27 05:00,1448
2020-03-27 05:05,1441
2020-03-27 05:10,1453
2020-03-27 05:15,1445
2020-03-27 05:20,1435
2020-03-27 05:25,1426
2020-03-27 05:30,1426
2020-03-27 05:35,1374
2020-03-27 05:40,1359
2020-03-27 05:45,1358
2020-03-27 05:50,1357
2020-03-27 05:55,1349
2020-03-27 06:00,1353
2020-03-27 06:05,1340
2020-03-27 06:10,1349
2020-03-27 06:15,1356
2020-03-27 06:20,1366
2020-03-27 06:25,1369
2020-03-27 06:30,1369
2020-03-27 06:35,1363
2020-03-27 06:40,1379
2020-03-27 06:45,1379
2020-03-27 06:50,1373
2020-03-27 06:55,1370
2020-03-27 07:00,1363
2020-03-27 07:05,1341
2020-03-27 07:10,1349
2020-03-27 07:15,1336
2020-03-27 07:20,1341
2020-03-27 07:25,1342
2020-03-27 07:30,1359
2020-03-27 07:35,1361
2020-03-27 07:40,1359
2020-03-27 07:45,1354
2020-03-27 07:50,1353
2020-03-27 07:55,1379
2020-03-27 08:00,1361
2020-03-27 08:05,1381
2020-03-27 08:10,1386
2020-03-27 08:15,1413
2020-03-27 08:20,1413
2020-03-27 08:25,1419
2020-03-27 08:30,1439
2020-03-27 08:35,1460
2020-03-27 08:40,1453
2020-03-27 08:45,1460
2020-03-27 08:50,1468
2020-03-27 08:55,1468
2020-03-27 09:00,1501
2020-03-27 09:05,1510
2020-03-27 09:10,1513
2020-03-27 09:15,1524
2020-03-27 09:20,1553
2020-03-27 09:25,1593
2020-03-27 09:30,1620
2020-03-27 09:35,1617
2020-03-27 09:40,1635
2020-03-27 09:45,1661
2020-03-27 09:50,1659
2020-03-27 09:55,1678
2020-03-27 10:00,1734
2020-03-27 10:05,1775
2020-03-27 10:10,1809
2020-03-27 10:15,1840
2020-03-27 10:20,
2020-03-27 10:25,1858
2020-03-27 10:30,1891
2020-03-27 10:35,1909
2020-03-27 10:40,1932
2020-03-27 10:45,1936
2020-03-27 10:50,1971
2020-03-27 10:55,2000
2020-03-27 11:00,1986
2020-03-27 11:05,1990
2020-03-27 11:10,1993
2020-03-27 11:15,2005
2020-03-27 11:20,2015
2020-03-27 11:25,2055
2020-03-27 11:30,2055
2020-03-27 11:35,2068
2020-03-27 11:40,2090
2020-03-27 11:45,2098
2020-03-27 11:50,2130
2020-03-27 11:55,2119
2020-03-27 12:00,2127
2020-03-27 12:05,2151
2020-03-27 12:10,2188
2020-03-27 12:15,2206
2020-03-27 12:20,2244
2020-03-27 12:25,2261
2020-03-27 12:30,2275
2020-03-27 12:35,2303
2020-03-27 12:40,2299
2020-03-27 12:45,2328
2020-03-27 12:50,2368
2020-03-27 12:55,2379
2020-03-27 13:00,2389
2020-03-27 13:05,2390
2020-03-27 13:10,2381
2020-03-27 13:15,2422
2020-03-27 13:20,2453
2020-03-27 13:25,2453
2020-03-27 13:30,2469
2020-03-27 13:35,2465
2020-03-27 13:40,2525
2020-03-27 13:45,2537
2020-03-27 13:50,2568
2020-03-27 13:55,2579
2020-03-27 14:00,2610
2020-03-27 14:05,2619
2020-03-27 14:10,2650
2020-03-27 14:15,2665
2020-03-27 14:20,2685
2020-03-27 14:25,2696
2020-03-27 14:30,2698
2020-03-27 14:35,2698
2020-03-27 14:40,2707
2020-03-27 14:45,2713
2020-03-27 14:50,2736
2020-03-27 14:55,2763
2020-03-27 15:00,2792
2020-03-27 15:05,2813
2020-03-27 15:10,2834
2020-03-27 15:15,2868
2020-03-27 15:20,2895
2020-03-27 15:25,2917
2020-03-27 15:30,2948
2020-03-27 15:35,2963
2020-03-27 15:40,2975
2020-03-27 15:45,2976
2020-03-27 15:50,2982
2020-03-27 15:55,2999
2020-03-27 16:00,2997
2020-03-27 16:05,3003
2020-03-27 16:10,3033
2020-03-27 16:15,3065
2020-03-27 16:20,3065
2020-03-27 16:25,3116
2020-03-27 16:30,3118
2020-03-27 16:35,3139
2020-03-27 16:40,3143
2020-03-27 16:45,3187
2020-03-27 16:50,3201
2020-03-27 16:55,3240
2020-03-27 17:00,3252
2020-03-27 17:05,3270
2020-03-27 17:10,3279
2020-03-27 17:15,3303
2020-03-27 17:20,3333
2020-03-27 17:25,3352
2020-03-27 17:30,3354
2020-03-27 17:35,3392
2020-03-27 17:40,3421
2020-03-27 17:45,3426
2020-03-27 17:50,3427
2020-03-27 17:55,3400
2020-03-27 18:00,3401
2020-03-27 18:05,3402
2020-03-27 18:10,3421
2020-03-27 18:15,3434
2020-03-27 18:20,3437
2020-03-27 18:25,3419
2020-03-27 18:30,3408
2020-03-27 18:35,3401
2020-03-27 18:40,3410
2020-03-27 18:45,3416
2020-03-27 18:50,3428
2020-03-27 18:55,3425
2020-03-27 19:00,3442
2020-03-27 19:05,3452
2020-03-27 19:10,3469
2020-03-27 19:15,3447
2020-03-27 19:20,3428
2020-03-27 19:25,3425
2020-03-27 19:30,3433
2020-03-27 19:35,3446
2020-03-27 19:40,3453
2020-03-27 19:45,3457
2020-03-27 19:50,3450
2020-03-27 19:55,3470
2020-03-27 20:00,3505
2020-03-27 20:05,3503
2020-03-27 20:10,3488
2020-03-27 20:15,3527
2020-03-27 20:20,3551
2020-03-27 20:25,3555
2020-03-27 20:30,3577
2020-03-27 20:35,3581
2020-03-27 20:40,3561
2020-03-27 20:45,3557
2020-03-27 20:50,3576
2020-03-27 20:55,3567
2020-03-27 21:00,3518
2020-03-27 21:05,3536
2020-03-27 21:10,3541
2020-03-27 21:15,3520
2020-03-27 21:20,3528
2020-03-27 21:25,3501
2020-03-27 21:30,3486
2020-03-27 21:35,3418
2020-03-27 21:40,3458
2020-03-27 21:45,3431
2020-03-27 21:50,3412
2020-03-27 21:55,3377
2020-03-27 22:00,3349
2020-03-27 22:05,3337
2020-03-27 22:10,3279
2020-03-27 22:15,3275
2020-03-27 22:20,3255
2020-03-27 22:25,3222
2020-03-27 22:30,3210
2020-03-27 22:35,3213
2020-03-27 22:40,3168
2020-03-27 22:45,
2020-03-27 22:50,0
2020-03-27 22:55,3140
2020-03-27 23:00,3115
2020-03-27 23:05,3105
2020-03-27 23:10,3083
2020-03-27 23:15,3073
2020-03-27 23:20,3087
2020-03-27 23:25,3031
2020-03-27 23:30,3021
2020-03-27 23:35,3003
2020-03-27 23:40,2966
2020-03-27 23:45,2938
2020-03-27 23:50,2930
2020-03-27 23:55,2915
2020-03-28 00:00,2889
2020-03-28 00:05,2871
2020-03-28 00:10,0
2020-03-28 00:15,2757
2020-03-28 00:20,2736
2020-03-28 00:25,2699
2020-03-28 00:30,2669
2020-03-28 00:35,2652
2020-03-28 00:40,2645
2020-03-28 00:45,2614
2020-03-28 00:50,2570
2020-03-28 00:55,2554
2020-03-28 01:00,2537
2020-03-28 01:05,2509
2020-03-28 01:10,2470
2020-03-28 01:15,2452
2020-03-28 01:20,2439
2020-03-28 01:25,2435
2020-03-28 01:30,2429
2020-03-28 01:35,2400
2020-03-28 01:40,2381
2020-03-28 01:45,2371
2020-03-28 01:50,2365
2020-03-28 01:55,2342
2020-03-28 02:00,2303
2020-03-28 02:05,2285
2020-03-28 02:10,2257
2020-03-28 02:15,2226
2020-03-28 02:20,2191
2020-03-28 02:25,2159
2020-03-28 02:30,2144
2020-03-28 02:35,2141
2020-03-28 02:40,2147
2020-03-28 02:45,2127
2020-03-28 02:50,2119
2020-03-28 02:55,2126
2020-03-28 03:00,2110
2020-03-28 03:05,2083
2020-03-28 03:10,2068
2020-03-28 03:15,2051
2020-03-28 03:20,2025
2020-03-28 03:25,2023
2020-03-28 03:30,2015
2020-03-28 03:35,2008
2020-03-28 03:40,1998
2020-03-28 03:45,1995
2020-03-28 03:50,2008
2020-03-28 03:55,1976
2020-03-28 04:00,1954
2020-03-28 04:05,1937
2020-03-28 04:10,1902
2020-03-28 04:15,1891
2020-03-28 04:20,1862
2020-03-28 04:25,1870
2020-03-28 04:30,1845
2020-03-28 04:35,1821
2020-03-28 04:40,1818
2020-03-28 04:45,1799
2020-03-28 04:50,1752
2020-03-28 04:55,1739
2020-03-28 05:00,1703
2020-03-28 05:05,1688
2020-03-28 05:10,1679
2020-03-28 05:15,1680
2020-03-28 05:20,1683
2020-03-28 05:25,1679
2020-03-28 05:30,1668
2020-03-28 05:35,1653
2020-03-28 05:40,1638
2020-03-28 05:45,1619
2020-03-28 05:50,1625
2020-03-28 05:55,1608
2020-03-28 06:00,1607
2020-03-28 06:05,1604
2020-03-28 06:10,1577
2020-03-28 06:15,1566
2020-03-28 06:20,1560
2020-03-28 06:25,1556
2020-03-28 06:30,1543
2020-03-28 06:35,1543
2020-03-28 06:40,1533
2020-03-28 06:45,1519
2020-03-28 06:50,1506
2020-03-28 06:55,1527
2020-03-28 07:00,1528
2020-03-28 07:05,1508
2020-03-28 07:10,1518
2020-03-28 07:15,1508
2020-03-28 07:20,1511
2020-03-28 07:25,1498
2020-03-28 07:30,1511
2020-03-28 07:35,1524
2020-03-28 07:40,1511
2020-03-28 07:45,1512
2020-03-28 07:50,1528
2020-03-28 07:55,1524
2020-03-28 08:00,1534
2020-03-28 08:05,1557
2020-03-28 08:10,1570
2020-03-28 08:15,1580
2020-03-28 08:20,1593
2020-03-28 08:25,1599
2020-03-28 08:30,1609
2020-03-28 08:35,1621
2020-03-28 08:40,1630
2020-03-28 08:45,1640
2020-03-28 08:50,1651
2020-03-28 08:55,1686
2020-03-28 09:00,1712
2020-03-28 09:05,1725
2020-03-28 09:10,1744
2020-03-28 09:15,1760
2020-03-28 09:20,1789
2020-03-28 09:25,1803
2020-03-28 09:30,1810
2020-03-28 09:35,1822
2020-03-28 09:40,1843
2020-03-28 09:45,1864
2020-03-28 09:50,1901
2020-03-28 09:55,1919
2020-03-28 10:00,1954
2020-03-28 10:05,1994
2020-03-28 10:10,2046
2020-03-28 10:15,2069
2020-03-28 10:20,2119
2020-03-28 10:25,2110
2020-03-28 10:30,2148
2020-03-28 10:35,2169
2020-03-28 10:40,2178
2020-03-28 10:45,2209
2020-03-28 10:50,2236
2020-03-28 10:55,2155
2020-03-28 11:00,2155
2020-03-28 11:05,2255
2020-03-28 11:10,2272
2020-03-28 11:15,2319
2020-03-28 11:20,2351
2020-03-28 11:25,2366
2020-03-28 11:30,2391
2020-03-28 11:35,2420
2020-03-28 11:40,2438
2020-03-28 11:45,2445
2020-03-28 11:50,2469
2020-03-28 11:55,2468
2020-03-28 12:00,2459
2020-03-28 12:05,2474
2020-03-28 12:10,2485
2020-03-28 12:15,2507
2020-03-28 12:20,2502
2020-03-28 12:25,2528
2020-03-28 12:30,2524
2020-03-28 12:35,2564
2020-03-28 12:40,2580
2020-03-28 12:45,2565
2020-03-28 12:50,2590
2020-03-28 12:55,2614
2020-03-28 13:00,2644
2020-03-28 13:05,2680
2020-03-28 13:10,2710
2020-03-28 13:15,2733
2020-03-28 13:20,2745
2020-03-28 13:25,2784
2020-03-28 13:30,2837
2020-03-28 13:35,2835
2020-03-28 13:40,2864
2020-03-28 13:45,2895
2020-03-28 13:50,2902
2020-03-28 13:55,2918
2020-03-28 14:00,2945
2020-03-28 14:05,2975
2020-03-28 14:10,3009
2020-03-28 14:15,3021
2020-03-28 14:20,3041
2020-03-28 14:25,3063
2020-03-28 14:30,3099
2020-03-28 14:35,3143
2020-03-28 14:40,3171
2020-03-28 14:45,3189
2020-03-28 14:50,3211
2020-03-28 14:55,3199
2020-03-28 15:00,3220
2020-03-28 15:05,3246
2020-03-28 15:10,3291
2020-03-28 15:15,3316
2020-03-28 15:20,3327
2020-03-28 15:25,3357
2020-03-28 15:30,3363
2020-03-28 15:35,3378
2020-03-28 15:40,3381
2020-03-28 15:45,3401
2020-03-28 15:50,3426
2020-03-28 15:55,3457
2020-03-28 16:00,3439
2020-03-28 16:05,3487
2020-03-28 16:10,3481
2020-03-28 16:15,3479
2020-03-28 16:20,3516
2020-03-28 16:25,3537
2020-03-28 16:30,3553
2020-03-28 16:35,3594
2020-03-28 16:40,3605
2020-03-28 16:45,3639
2020-03-28 16:50,3678
2020-03-28 16:55,3663
2020-03-28 17:00,3705
2020-03-28 17:05,3731
2020-03-28 17:10,3734
2020-03-28 17:15,3803
2020-03-28 17:20,3830
2020-03-28 17:25,3848
2020-03-28 17:30,3839
2020-03-28 17:35,3850
2020-03-28 17:40,3833
2020-03-28 17:45,3835
2020-03-28 17:50,3868
2020-03-28 17:55,3851
2020-03-28 18:00,3854
2020-03-28 18:05,3841
2020-03-28 18:10,3857
2020-03-28 18:15,3842
2020-03-28 18:20,3839
2020-03-28 18:25,3857
2020-03-28 18:30,3846
2020-03-28 18:35,3850
2020-03-28 18:40,3856
2020-03-28 18:45,3872
2020-03-28 18:50,3846
2020-03-28 18:55,3827
2020-03-28 19:00,3831
2020-03-28 19:05,3821
2020-03-28 19:10,3814
2020-03-28 19:15,3825
2020-03-28 19:20,3814
2020-03-28 19:25,3826
2020-03-28 19:30,3848
2020-03-28 19:35,3881
2020-03-28 19:40,3906
2020-03-28 19:45,3880
2020-03-28 19:50,3859
2020-03-28 19:55,3853
2020-03-28 20:00,3843
2020-03-28 20:05,3847
2020-03-28 20:10,3828
2020-03-28 20:15,3849
2020-03-28 20:20,3863
2020-03-28 20:25,3871
2020-03-28 20:30,3879
2020-03-28 20:35,3898
2020-03-28 20:40,3912
2020-03-28 20:45,3903
2020-03-28 20:50,3907
2020-03-28 20:55,3914
2020-03-28 21:00,3908
2020-03-28 21:05,3904
2020-03-28 21:10,3880
2020-03-28 21:15,3867
2020-03-28 21:20,3826
2020-03-28 21:25,3810
2020-03-28 21:30,3797
2020-03-28 21:35,3769
2020-03-28 21:40,3738
2020-03-28 21:45,3720
2020-03-28 21:50,3708
2020-03-28 21:55,3713
2020-03-28 22:00,3692
2020-03-28 22:05,3650
2020-03-28 22:10,3647
2020-03-28 22:15,3618
2020-03-28 22:20,3591
2020-03-28 22:25,3573
2020-03-28 22:30,3533
2020-03-28 22:35,3495
2020-03-28 22:40,3453
2020-03-28 22:45,3406
2020-03-28 22:50,3355
2020-03-28 22:55,3312
2020-03-28 23:00,3266
2020-03-28 23:05,3233
2020-03-28 23:10,3215
2020-03-28 23:15,3199
2020-03-28 23:20,3161
2020-03-28 23:25,3141
2020-03-28 23:30,3126
2020-03-28 23:35,3095
2020-03-28 23:40,3067
2020-03-28 23:45,3037
2020-03-28 23:50,3006
2020-03-28 23:55,2995
2020-03-29 00:00,2990
2020-03-29 00:05,2955
2020-03-29 00:10,2948
2020-03-29 00:15,2947
2020-03-29 00:20,2928
2020-03-29 00:25,2929
2020-03-29 00:30,2931
2020-03-29 00:35,2884
2020-03-29 00:40,2870
2020-03-29 00:45,2863
2020-03-29 00:50,2820
2020-03-29 00:55,2772
2020-03-29 01:00,2746
2020-03-29 01:05,2711
2020-03-29 01:10,2682
2020-03-29 01:15,2663
2020-03-29 01:20,2629
2020-03-29 01:25,2616
2020-03-29 01:30,2593
2020-03-29 01:35,2568
2020-03-29 01:40,2564
2020-03-29 01:45,2554
2020-03-29 01:50,2523
2020-03-29 01:55,2497
2020-03-29 02:00,2487
2020-03-29 02:05,2447
2020-03-29 02:10,2437
2020-03-29 02:15,2396
2020-03-29 02:20,2358
2020-03-29 02:25,2335
2020-03-29 02:30,2333
2020-03-29 02:35,2322
2020-03-29 02:40,2306
2020-03-29 02:45,2284
2020-03-29 02:50,2262
2020-03-29 02:55,2284
2020-03-29 03:00,2262
2020-03-29 03:05,2237
2020-03-29 03:10,2223
2020-03-29 03:15,2213
2020-03-29 03:20,2209
2020-03-29 03:25,2211
2020-03-29 03:30,2175
2020-03-29 03:35,2159
2020-03-29 03:40,2149
2020-03-29 03:45,2129
2020-03-29 03:50,2122
2020-03-29 03:55,2099
2020-03-29 04:00,2078
2020-03-29 04:05,2058
2020-03-29 04:10,2059
2020-03-29 04:15,2043
2020-03-29 04:20,2019
2020-03-29 04:25,1993
2020-03-29 04:30,1965
2020-03-29 04:35,1937
2020-03-29 04:40,1923
2020-03-29 04:45,1910
2020-03-29 04:50,1892
2020-03-29 04:55,1860
2020-03-29 05:00,1845
2020-03-29 05:05,1828
2020-03-29 05:10,1815
2020-03-29 05:15,1811
2020-03-29 05:20,1796
2020-03-29 05:25,1797
2020-03-29 05:30,1803
2020-03-29 05:35,1774
2020-03-29 05:40,1733
2020-03-29 05:45,1721
2020-03-29 05:50,1709
2020-03-29 05:55,1705
2020-03-29 06:00,1697
2020-03-29 06:05,1697
2020-03-29 06:10,1684
2020-03-29 06:15,1665
2020-03-29 06:20,1664
2020-03-29 06:25,1657
2020-03-29 06:30,1623
2020-03-29 06:35,1631
2020-03-29 06:40,1628
2020-03-29 06:45,1612
2020-03-29 06:50,1615
2020-03-29 06:55,1614
2020-03-29 07:00,1615
2020-03-29 07:05,1629
2020-03-29 07:10,1639
2020-03-29 07:15,1630
2020-03-29 07:20,1632
2020-03-29 07:25,1654
2020-03-29 07:30,1656
2020-03-29 07:35,1656
2020-03-29 07:40,1658
2020-03-29 07:45,1679
2020-03-29 07:50,1669
2020-03-29 07:55,1672
2020-03-29 08:00,1708
2020-03-29 08:05,1701
2020-03-29 08:10,1733
2020-03-29 08:15,1746
2020-03-29 08:20,1762
2020-03-29 08:25,1796
2020-03-29 08:30,1824
2020-03-29 08:35,1822
2020-03-29 08:40,1832
2020-03-29 08:45,1858
2020-03-29 08:50,1888
2020-03-29 08:55,1915
2020-03-29 09:00,1924
2020-03-29 09:05,1951
2020-03-29 09:10,1955
2020-03-29 09:15,1979
2020-03-29 09:20,2018
2020-03-29 09:25,2061
2020-03-29 09:30,2112
2020-03-29 09:35,2119
2020-03-29 09:40,2161
2020-03-29 09:45,2180
2020-03-29 09:50,2176
2020-03-29 09:55,2209
2020-03-29 10:00,2253
2020-03-29 10:05,2287
2020-03-29 10:10,2297
2020-03-29 10:15,2298
2020-03-29 10:20,2353
2020-03-29 10:25,2375
2020-03-29 10:30,2379
2020-03-29 10:35,2406
2020-03-29 10:40,2426
2020-03-29 10:45,2463
2020-03-29 10:50,2482
2020-03-29 10:55,2511
2020-03-29 11:00,2538
2020-03-29 11:05,2553
2020-03-29 11:10,2553
2020-03-29 11:15,2603
2020-03-29 11:20,2641
2020-03-29 11:25,2636
2020-03-29 11:30,2641
2020-03-29 11:35,2665
2020-03-29 11:40,2676
2020-03-29 11:45,2712
2020-03-29 11:50,2726
2020-03-29 11:55,2757
2020-03-29 12:00,2794
2020-03-29 12:05,2803
2020-03-29 12:10,2814
2020-03-29 12:15,2857
2020-03-29 12:20,2859
2020-03-29 12:25,2909
2020-03-29 12:30,2935
2020-03-29 12:35,2959
2020-03-29 12:40,2995
2020-03-29 12:45,3030
2020-03-29 12:50,3066
2020-03-29 12:55,3088
2020-03-29 13:00,3157
2020-03-29 13:05,3184
2020-03-29 13:10,3200
2020-03-29 13:15,3216
2020-03-29 13:20,3241
2020-03-29 13:25,3256
2020-03-29 13:30,3300
2020-03-29 13:35,3271
2020-03-29 13:40,3274
2020-03-29 13:45,3315
2020-03-29 13:50,3330
2020-03-29 13:55,3361
2020-03-29 14:00,3382
2020-03-29 14:05,3392
2020-03-29 14:10,3403
2020-03-29 14:15,3399
2020-03-29 14:20,3429
2020-03-29 14:25,3451
2020-03-29 14:30,3466
2020-03-29 14:35,3497
2020-03-29 14:40,3518
2020-03-29 14:45,3527
2020-03-29 14:50,3568
2020-03-29 14:55,3590
2020-03-29 15:00,3619
2020-03-29 15:05,3660
2020-03-29 15:10,3654
2020-03-29 15:15,3687
2020-03-29 15:20,3741
2020-03-29 15:25,3758
2020-03-29 15:30,3782
2020-03-29 15:35,3796
2020-03-29 15:40,3807
2020-03-29 15:45,3789
2020-03-29 15:50,3813
2020-03-29 15:55,3854
2020-03-29 16:00,3884
2020-03-29 16:05,3919
2020-03-29 16:10,3932
2020-03-29 16:15,3941
2020-03-29 16:20,3948
2020-03-29 16:25,3951
2020-03-29 16:30,4001
2020-03-29 16:35,3972
2020-03-29 16:40,3955
2020-03-29 16:45,3960
2020-03-29 16:50,3990
2020-03-29 16:55,
2020-03-29 17:00,3969
2020-03-29 17:05,3938
2020-03-29 17:10,3940
2020-03-29 17:15,3952
2020-03-29 17:20,3953
2020-03-29 17:25,3950
2020-03-29 17:30,3946
2020-03-29 17:35,3944
2020-03-29 17:40,3943
2020-03-29 17:45,3927
2020-03-29 17:50,3909
2020-03-29 17:55,3917
2020-03-29 18:00,3906
2020-03-29 18:05,3919
2020-03-29 18:10,3951
2020-03-29 18:15,3992
2020-03-29 18:20,4003
2020-03-29 18:25,3990
2020-03-29 18:30,3987
2020-03-29 18:35,3995
2020-03-29 18:40,4006
2020-03-29 18:45,4016
2020-03-29 18:50,4010
2020-03-29 18:55,3972
2020-03-29 19:00,3988
2020-03-29 19:05,3987
2020-03-29 19:10,3970
2020-03-29 19:15,0
2020-03-29 19:20,3967
2020-03-29 19:25,3959
2020-03-29 19:30,3966
2020-03-29 19:35,3944
2020-03-29 19:40,3937
2020-03-29 19:45,3951
2020-03-29 19:50,3928
2020-03-29 19:55,3962
2020-03-29 20:00,3958
2020-03-29 20:05,3945
2020-03-29 20:10,3926
2020-03-29 20:15,3912
2020-03-29 20:20,3915
2020-03-29 20:25,3933
2020-03-29 20:30,3906
2020-03-29 20:35,3892
2020-03-29 20:40,3864
2020-03-29 20:45,3876
2020-03-29 20:50,3884
2020-03-29 20:55,3856
2020-03-29 21:00,3832
2020-03-29 21:05,3828
2020-03-29 21:10,3799
2020-03-29 21:15,3768
2020-03-29 21:20,3729
2020-03-29 21:25,3684
2020-03-29 21:30,3648
2020-03-29 21:35,3615
2020-03-29 21:40,3610
2020-03-29 21:45,3592
2020-03-29 21:50,3581
2020-03-29 21:55,3522
2020-03-29 22:00,3464
2020-03-29 22:05,3430
2020-03-29 22:10,3391
2020-03-29 22:15,3348
2020-03-29 22:20,3278
2020-03-29 22:25,3226
2020-03-29 22:30,3201
2020-03-29 22:35,3153
2020-03-29 22:40,3085
2020-03-29 22:45,3036
2020-03-29 22:50,3001
2020-03-29 22:55,2959
2020-03-29 23:00,2922
2020-03-29 23:05,2901
2020-03-29 23:10,2849
2020-03-29 23:15,2831
2020-03-29 23:20,2804
2020-03-29 23:25,2777
2020-03-29 23:30,2759
2020-03-29 23:35,2746
2020-03-29 23:40,2722
2020-03-29 23:45,2701
2020-03-29 23:50,2657
2020-03-29 23:55,2649
2020-03-30 00:00,2635
2020-03-30 00:05,2605
2020-03-30 00:10,2573
2020-03-30 00:15,2581
2020-03-30 00:20,2535
2020-03-30 00:25,2527
2020-03-30 00:30,2524
2020-03-30 00:35,2513
2020-03-30 00:40,2497
2020-03-30 00:45,2477
2020-03-30 00:50,2460
2020-03-30 00:55,2438
2020-03-30 01:00,2421
2020-03-30 01:05,2391
2020-03-30 01:10,2395
2020-03-30 01:15,2390
2020-03-30 01:20,2347
2020-03-30 01:25,2325
2020-03-30 01:30,2299
2020-03-30 01:35,2267
2020-03-30 01:40,2269
2020-03-30 01:45,2252
2020-03-30 01:50,2243
2020-03-30 01:55,2207
2020-03-30 02:00,2188
2020-03-30 02:05,2180
2020-03-30 02:10,2157
2020-03-30 02:15,2132
2020-03-30 02:20,2092
2020-03-30 02:25,2077
2020-03-30 02:30,2071
2020-03-30 02:35,2048
2020-03-30 02:40,2030
2020-03-30 02:45,2031
2020-03-30 02:50,2017
2020-03-30 02:55,1997
2020-03-30 03:00,1989
2020-03-30 03:05,1938
2020-03-30 03:10,1923
2020-03-30 03:15,1921
2020-03-30 03:20,1917
2020-03-30 03:25,1901
2020-03-30 03:30,1905
2020-03-30 03:35,1908
2020-03-30 03:40,1883
2020-03-30 03:45,1854
2020-03-30 03:50,1821
2020-03-30 03:55,1793
2020-03-30 04:00,1767
2020-03-30 04:05,1772
2020-03-30 04:10,1750
2020-03-30 04:15,1742
2020-03-30 04:20,1728
2020-03-30 04:25,1727
2020-03-30 04:30,1575
2020-03-30 04:35,1593
2020-03-30 04:40,1603
2020-03-30 04:45,1604
2020-03-30 04:50,1587
2020-03-30 04:55,1600
2020-03-30 05:00,1580
2020-03-30 05:05,1561
2020-03-30 05:10,1567
2020-03-30 05:15,1566
2020-03-30 05:20,1562
2020-03-30 05:25,1554
2020-03-30 05:30,1541
2020-03-30 05:35,1097
2020-03-30 05:40,1516
2020-03-30 05:45,1534
2020-03-30 05:50,1534
2020-03-30 05:55,1551
2020-03-30 06:00,1554
2020-03-30 06:05,1534
2020-03-30 06:10,1531
2020-03-30 06:15,1548
2020-03-30 06:20,1532
2020-03-30 06:25,1538
2020-03-30 06:30,1535
2020-03-30 06:35,1526
2020-03-30 06:40,1519
2020-03-30 06:45,1510
2020-03-30 06:50,1513
2020-03-30 06:55,1516
2020-03-30 07:00,1515
2020-03-30 07:05,1509
2020-03-30 07:10,1516
2020-03-30 07:15,1517
2020-03-30 07:20,1532
2020-03-30 07:25,1521
2020-03-30 07:30,1512
2020-03-30 07:35,1523
2020-03-30 07:40,1530
2020-03-30 07:45,1541
2020-03-30 07:50,1555
2020-03-30 07:55,1590
2020-03-30 08:00,1591
2020-03-30 08:05,1607
2020-03-30 08:10,1628
2020-03-30 08:15,1630
2020-03-30 08:20,1648
2020-03-30 08:25,1648
2020-03-30 08:30,1652
2020-03-30 08:35,1649
2020-03-30 08:40,1670
2020-03-30 08:45,1712
2020-03-30 08:50,1714
2020-03-30 08:55,1722
2020-03-30 09:00,1727
2020-03-30 09:05,1738
2020-03-30 09:10,1761
2020-03-30 09:15,1767
2020-03-30 09:20,1795
2020-03-30 09:25,1813
2020-03-30 09:30,1855
2020-03-30 09:35,1875
2020-03-30 09:40,1903
2020-03-30 09:45,1912
2020-03-30 09:50,1928
2020-03-30 09:55,1963
2020-03-30 10:00,1997
2020-03-30 10:05,2019
2020-03-30 10:10,2077
2020-03-30 10:15,2105
2020-03-30 10:20,2141
2020-03-30 10:25,2159
2020-03-30 10:30,2152
2020-03-30 10:35,2167
2020-03-30 10:40,2134
2020-03-30 10:45,2133
2020-03-30 10:50,2162
2020-03-30 10:55,2196
2020-03-30 11:00,2207
2020-03-30 11:05,2224
2020-03-30 11:10,2235
2020-03-30 11:15,2264
2020-03-30 11:20,2288
2020-03-30 11:25,2288
2020-03-30 11:30,2298
2020-03-30 11:35,2319
2020-03-30 11:40,2334
2020-03-30 11:45,2370
2020-03-30 11:50,2371
2020-03-30 11:55,2374
2020-03-30 12:00,2405
2020-03-30 12:05,2421
2020-03-30 12:10,2459
2020-03-30 12:15,2456
2020-03-30 12:20,2480
2020-03-30 12:25,2505
2020-03-30 12:30,2522
2020-03-30 12:35,2572
2020-03-30 12:40,2604
2020-03-30 12:45,2629
2020-03-30 12:50,2630
2020-03-30 12:55,2639
2020-03-30 13:00,2662
2020-03-30 13:05,2689
2020-03-30 13:10,2699
2020-03-30 13:15,2753
2020-03-30 13:20,2735
2020-03-30 13:25,2761
2020-03-30 13:30,2761
2020-03-30 13:35,2776
2020-03-30 13:40,2798
2020-03-30 13:45,2818
2020-03-30 13:50,2844
2020-03-30 13:55,2865
2020-03-30 14:00,2887
2020-03-30 14:05,2748
2020-03-30 14:10,2775
2020-03-30 14:15,2801
2020-03-30 14:20,2839
2020-03-30 14:25,2876
2020-03-30 14:30,2897
2020-03-30 14:35,2936
2020-03-30 14:40,2980
2020-03-30 14:45,2997
2020-03-30 14:50,3029
2020-03-30 14:55,3022
2020-03-30 15:00,3055
2020-03-30 15:05,3086
2020-03-30 15:10,3114
2020-03-30 15:15,3136
2020-03-30 15:20,3147
2020-03-30 15:25,3141
2020-03-30 15:30,3188
2020-03-30 15:35,3183
2020-03-30 15:40,3197
2020-03-30 15:45,3222
2020-03-30 15:50,3215
2020-03-30 15:55,3220
2020-03-30 16:00,3208
2020-03-30 16:05,3241
2020-03-30 16:10,3292
2020-03-30 16:15,3279
2020-03-30 16:20,3291
2020-03-30 16:25,3284
2020-03-30 16:30,3305
2020-03-30 16:35,3321
2020-03-30 16:40,3377
2020-03-30 16:45,3387
2020-03-30 16:50,3386
2020-03-30 16:55,3413
2020-03-30 17:00,3427
2020-03-30 17:05,3404
2020-03-30 17:10,3408
2020-03-30 17:15,3432
2020-03-30 17:20,3437
2020-03-30 17:25,3451
2020-03-30 17:30,3453
2020-03-30 17:35,3453
2020-03-30 17:40,3466
2020-03-30 17:45,3506
2020-03-30 17:50,3486
2020-03-30 17:55,3507
2020-03-30 18:00,3505
2020-03-30 18:05,3497
2020-03-30 18:10,3508
2020-03-30 18:15,3496
2020-03-30 18:20,3494
2020-03-30 18:25,3526
2020-03-30 18:30,3551
2020-03-30 18:35,3547
2020-03-30 18:40,3574
2020-03-30 18:45,3631
2020-03-30 18:50,3625
2020-03-30 18:55,3632
2020-03-30 19:00,3662
2020-03-30 19:05,3688
2020-03-30 19:10,3722
2020-03-30 19:15,3743
2020-03-30 19:20,3782
2020-03-30 19:25,3766
2020-03-30 19:30,3762
2020-03-30 19:35,3735
2020-03-30 19:40,3724
2020-03-30 19:45,3729
2020-03-30 19:50,3732
2020-03-30 19:55,3729
2020-03-30 20:00,3707
2020-03-30 20:05,3691
2020-03-30 20:10,3697
2020-03-30 20:15,3677
2020-03-30 20:20,3670
2020-03-30 20:25,3634
2020-03-30 20:30,3612
2020-03-30 20:35,3563
2020-03-30 20:40,3548
2020-03-30 20:45,3521
2020-03-30 20:50,3501
2020-03-30 20:55,3490
2020-03-30 21:00,3478
2020-03-30 21:05,3446
2020-03-30 21:10,3418
2020-03-30 21:15,3398
2020-03-30 21:20,3374
2020-03-30 21:25,3343
2020-03-30 21:30,3337
2020-03-30 21:35,3309
2020-03-30 21:40,3251
2020-03-30 21:45,3217
2020-03-30 21:50,3184
2020-03-30 21:55,3171
2020-03-30 22:00,3132
2020-03-30 22:05,3097
2020-03-30 22:10,3061
2020-03-30 22:15,2997
2020-03-30 22:20,2954
2020-03-30 22:25,2929
2020-03-30 22:30,2902
2020-03-30 22:35,2876
2020-03-30 22:40,2843
2020-03-30 22:45,2850
2020-03-30 22:50,2819
2020-03-30 22:55,2786
2020-03-30 23:00,2725
2020-03-30 23:05,2696
2020-03-30 23:10,2682
2020-03-30 23:15,2662
2020-03-30 23:20,2665
2020-03-30 23:25,2632
2020-03-30 23:30,2598
2020-03-30 23:35,2617
2020-03-30 23:40,2578
2020-03-30 23:45,2570
2020-03-30 23:50,2554
2020-03-30 23:55,2545
2020-03-31 00:00,2515
2020-03-31 00:05,2502
2020-03-31 00:10,2465
2020-03-31 00:15,2440
2020-03-31 00:20,2438
2020-03-31 00:25,2420
2020-03-31 00:30,2396
2020-03-31 00:35,2370
2020-03-31 00:40,2346
2020-03-31 00:45,2314
2020-03-31 00:50,2310
2020-03-31 00:55,2301
2020-03-31 01:00,2312
2020-03-31 01:05,2316
2020-03-31 01:10,2319
2020-03-31 01:15,2306
2020-03-31 01:20,2290
2020-03-31 01:25,2262
2020-03-31 01:30,2245
2020-03-31 01:35,2234
2020-03-31 01:40,2206
2020-03-31 01:45,2175
2020-03-31 01:50,2167
2020-03-31 01:55,2157
2020-03-31 02:00,2162
2020-03-31 02:05,2150
2020-03-31 02:10,2139
2020-03-31 02:15,2144
2020-03-31 02:20,2142
2020-03-31 02:25,2117
2020-03-31 02:30,2103
2020-03-31 02:35,2086
2020-03-31 02:40,2064
2020-03-31 02:45,2053
2020-03-31 02:50,2051
2020-03-31 02:55,2034
2020-03-31 03:00,2012
2020-03-31 03:05,2002
2020-03-31 03:10,1962
2020-03-31 03:15,1955
2020-03-31 03:20,1918
2020-03-31 03:25,1892
2020-03-31 03:30,1889
2020-03-31 03:35,1860
2020-03-31 03:40,1848
2020-03-31 03:45,1836
2020-03-31 03:50,1805
2020-03-31 03:55,1788
2020-03-31 04:00,1772
2020-03-31 04:05,1740
2020-03-31 04:10,1744
2020-03-31 04:15,1735
2020-03-31 04:20,1730
2020-03-31 04:25,1726
2020-03-31 04:30,1723
2020-03-31 04:35,1713
2020-03-31 04:40,1692
2020-03-31 04:45,1672
2020-03-31 04:50,1651
2020-03-31 04:55,1621
2020-03-31 05:00,1631
2020-03-31 05:05,1618
2020-03-31 05:10,1601
2020-03-31 05:15,1581
2020-03-31 05:20,1571
2020-03-31 05:25,1569
2020-03-31 05:30,1544
2020-03-31 05:35,1536
2020-03-31 05:40,1534
2020-03-31 05:45,1519
2020-03-31 05:50,1516
2020-03-31 05:55,1515
2020-03-31 06:00,1508
2020-03-31 06:05,1500
2020-03-31 06:10,1496
2020-03-31 06:15,1483
2020-03-31 06:20,1482
2020-03-31 06:25,1499
2020-03-31 06:30,1502
2020-03-31 06:35,1494
2020-03-31 06:40,1491
2020-03-31 06:45,1498
2020-03-31 06:50,1497
2020-03-31 06:55,1506
2020-03-31 07:00,1493
2020-03-31 07:05,1500
2020-03-31 07:10,1511
2020-03-31 07:15,1512
2020-03-31 07:20,1501
2020-03-31 07:25,1518
2020-03-31 07:30,1534
2020-03-31 07:35,1529
2020-03-31 07:40,1542
2020-03-31 07:45,1528
2020-03-31 07:50,1541
2020-03-31 07:55,1553
2020-03-31 08:00,1572
2020-03-31 08:05,1569
2020-03-31 08:10,1595
2020-03-31 08:15,1598
2020-03-31 08:20,1621
2020-03-31 08:25,1620
2020-03-31 08:30,1631
2020-03-31 08:35,1654
2020-03-31 08:40,1666
2020-03-31 08:45,1691
2020-03-31 08:50,1711
2020-03-31 08:55,1747
2020-03-31 09:00,1751
2020-03-31 09:05,1757
2020-03-31 09:10,1742
2020-03-31 09:15,1759
2020-03-31 09:20,1776
2020-03-31 09:25,1804
2020-03-31 09:30,1820
2020-03-31 09:35,1823
2020-03-31 09:40,1857
2020-03-31 09:45,1866
2020-03-31 09:50,1886
2020-03-31 09:55,1889
2020-03-31 10:00,1912
2020-03-31 10:05,1958
2020-03-31 10:10,1988
2020-03-31 10:15,2012
2020-03-31 10:20,2023
2020-03-31 10:25,2054
2020-03-31 10:30,2057
2020-03-31 10:35,2070
2020-03-31 10:40,2089
2020-03-31 10:45,2107
2020-03-31 10:50,2111
2020-03-31 10:55,2129
2020-03-31 11:00,2128
2020-03-31 11:05,2142
2020-03-31 11:10,2181
2020-03-31 11:15,2173
2020-03-31 11:20,2212
2020-03-31 11:25,2236
2020-03-31 11:30,2294
2020-03-31 11:35,2290
2020-03-31 11:40,2315
2020-03-31 11:45,2341
2020-03-31 11:50,2349
2020-03-31 11:55,2365
2020-03-31 12:00,2381
2020-03-31 12:05,2399
2020-03-31 12:10,2396
2020-03-31 12:15,2408
2020-03-31 12:20,2434
2020-03-31 12:25,2448
2020-03-31 12:30,2485
2020-03-31 12:35,2500
2020-03-31 12:40,2501
2020-03-31 12:45,2524
2020-03-31 12:50,2538
2020-03-31 12:55,2538
2020-03-31 13:00,2552
2020-03-31 13:05,2545
2020-03-31 13:10,2534
2020-03-31 13:15,2525
2020-03-31 13:20,2547
2020-03-31 13:25,2552
2020-03-31 13:30,2583
2020-03-31 13:35,2603
2020-03-31 13:40,2588
2020-03-31 13:45,2576
2020-03-31 13:50,2546
2020-03-31 13:55,2469
2020-03-31 14:00,2319
2020-03-31 14:05,1886
2020-03-31 14:10,1348
2020-03-31 14:15,1345
2020-03-31 14:20,1334
2020-03-31 14:25,1311
2020-03-31 14:30,1324
2020-03-31 14:35,1320
2020-03-31 14:40,1309
2020-03-31 14:45,1301
2020-03-31 14:50,1302
2020-03-31 14:55,1331
2020-03-31 15:00,1330
2020-03-31 15:05,1358
2020-03-31 15:10,1385
2020-03-31 15:15,1393
2020-03-31 15:20,1430
2020-03-31 15:25,1588
2020-03-31 15:30,1752
2020-03-31 15:35,1905
2020-03-31 15:40,2061
2020-03-31 15:45,2191
2020-03-31 15:50,2308
2020-03-31 15:55,2419
2020-03-31 16:00,2498
2020-03-31 16:05,2606
2020-03-31 16:10,2739
2020-03-31 16:15,2840
2020-03-31 16:20,2926
2020-03-31 16:25,3047
2020-03-31 16:30,3114
2020-03-31 16:35,3157
2020-03-31 16:40,3209
2020-03-31 16:45,3264
2020-03-31 16:50,3316
2020-03-31 16:55,3325
2020-03-31 17:00,3363
2020-03-31 17:05,3392
2020-03-31 17:10,3436
2020-03-31 17:15,3481
2020-03-31 17:20,3475
2020-03-31 17:25,3482
2020-03-31 17:30,3516
2020-03-31 17:35,3529
2020-03-31 17:40,3524
2020-03-31 17:45,3500
2020-03-31 17:50,3551
2020-03-31 17:55,3537
2020-03-31 18:00,3545
2020-03-31 18:05,3554
2020-03-31 18:10,3590
2020-03-31 18:15,3585
2020-03-31 18:20,3579
2020-03-31 18:25,3599
2020-03-31 18:30,3602
2020-03-31 18:35,3611
2020-03-31 18:40,3645
2020-03-31 18:45,3649
2020-03-31 18:50,3632
2020-03-31 18:55,3617
2020-03-31 19:00,3599
2020-03-31 19:05,3644
2020-03-31 19:10,3655
2020-03-31 19:15,3624
2020-03-31 19:20,3641
2020-03-31 19:25,3619
2020-03-31 19:30,3627
2020-03-31 19:35,3623
2020-03-31 19:40,3628
2020-03-31 19:45,3632
2020-03-31 19:50,3624
2020-03-31 19:55,3610
2020-03-31 20:00,3625
2020-03-31 20:05,3616
2020-03-31 20:10,3601
2020-03-31 20:15,3586
2020-03-31 20:20,3586
2020-03-31 20:25,3611
2020-03-31 20:30,3588
2020-03-31 20:35,3572
2020-03-31 20:40,3530
2020-03-31 20:45,3519
2020-03-31 20:50,3502
2020-03-31 20:55,3514
2020-03-31 21:00,3494
2020-03-31 21:05,3449
2020-03-31 21:10,3388
2020-03-31 21:15,3349
2020-03-31 21:20,3351
2020-03-31 21:25,3288
2020-03-31 21:30,3264
2020-03-31 21:35,3257
2020-03-31 21:40,3216
2020-03-31 21:45,3205
2020-03-31 21:50,3179
2020-03-31 21:55,3159
2020-03-31 22:00,3106
2020-03-31 22:05,3097
2020-03-31 22:10,3066
2020-03-31 22:15,3056
2020-03-31 22:20,3018
2020-03-31 22:25,2988
2020-03-31 22:30,2940
2020-03-31 22:35,2919
2020-03-31 22:40,2894
2020-03-31 22:45,2855
2020-03-31 22:50,2857
2020-03-31 22:55,2809
2020-03-31 23:00,2811
2020-03-31 23:05,2776
2020-03-31 23:10,2745
2020-03-31 23:15,2720
2020-03-31 23:20,0
2020-03-31 23:25,1076
2020-03-31 23:30,2063
2020-03-31 23:35,2535
2020-03-31 23:40,2532
2020-03-31 23:45,2519
2020-03-31 23:50,2487
2020-03-31 23:55,2477
2020-04-01 00:00,0
2020-04-01 00:05,2362
2020-04-01 00:10,2337
2020-04-01 00:15,2322
2020-04-01 00:20,2318
2020-04-01 00:25,2325
2020-04-01 00:30,2340
2020-04-01 00:35,2319
2020-04-01 00:40,2295
2020-04-01 00:45,2280
2020-04-01 00:50,2251
2020-04-01 00:55,2254
2020-04-01 01:00,2235
2020-04-01 01:05,2235
2020-04-01 01:10,2225
2020-04-01 01:15,2215
2020-04-01 01:20,2199
2020-04-01 01:25,2200
2020-04-01 01:30,2198
2020-04-01 01:35,2168
2020-04-01 01:40,2144
2020-04-01 01:45,2127
2020-04-01 01:50,2113
2020-04-01 01:55,2090
2020-04-01 02:00,2073
2020-04-01 02:05,2058
2020-04-01 02:10,1979
2020-04-01 02:15,1982
2020-04-01 02:20,1961
2020-04-01 02:25,1893
2020-04-01 02:30,1901
2020-04-01 02:35,1889
2020-04-01 02:40,1875
2020-04-01 02:45,1865
2020-04-01 02:50,1865
2020-04-01 02:55,1864
2020-04-01 03:00,1856
2020-04-01 03:05,1853
2020-04-01 03:10,1835
2020-04-01 03:15,1840
2020-04-01 03:20,1826
2020-04-01 03:25,1816
2020-04-01 03:30,1790
2020-04-01 03:35,1758
2020-04-01 03:40,1743
2020-04-01 03:45,1744
2020-04-01 03:50,1756
2020-04-01 03:55,1751
2020-04-01 04:00,1718
2020-04-01 04:05,1710
2020-04-01 04:10,1696
2020-04-01 04:15,1689
2020-04-01 04:20,1663
2020-04-01 04:25,1654
2020-04-01 04:30,1652
2020-04-01 04:35,1636
2020-04-01 04:40,1621
2020-04-01 04:45,1602
2020-04-01 04:50,1606
2020-04-01 04:55,1607
2020-04-01 05:00,1595
2020-04-01 05:05,1554
2020-04-01 05:10,1556
2020-04-01 05:15,1536
2020-04-01 05:20,1531
2020-04-01 05:25,1530
2020-04-01 05:30,1518
2020-04-01 05:35,1505
2020-04-01 05:40,1499
2020-04-01 05:45,1482
2020-04-01 05:50,1471
2020-04-01 05:55,1468
2020-04-01 06:00,1478
2020-04-01 06:05,1478
2020-04-01 06:10,1463
2020-04-01 06:15,1464
2020-04-01 06:20,1457
2020-04-01 06:25,1478
2020-04-01 06:30,1490
2020-04-01 06:35,1493
2020-04-01 06:40,1520
2020-04-01 06:45,1525
2020-04-01 06:50,1533
2020-04-01 06:55,1535
2020-04-01 07:00,1543
2020-04-01 07:05,1547
2020-04-01 07:10,1553
2020-04-01 07:15,1552
2020-04-01 07:20,1558
2020-04-01 07:25,1569
2020-04-01 07:30,1565
2020-04-01 07:35,1583
2020-04-01 07:40,1588
2020-04-01 07:45,1586
2020-04-01 07:50,1576
2020-04-01 07:55,1572
2020-04-01 08:00,1584
2020-04-01 08:05,1589
2020-04-01 08:10,1596
2020-04-01 08:15,1616
2020-04-01 08:20,1626
2020-04-01 08:25,1640
2020-04-01 08:30,1663
2020-04-01 08:35,1680
2020-04-01 08:40,1678
2020-04-01 08:45,1690
2020-04-01 08:50,1697
2020-04-01 08:55,1717
2020-04-01 09:00,1735
2020-04-01 09:05,1747
2020-04-01 09:10,1746
2020-04-01 09:15,1759
2020-04-01 09:20,1789
2020-04-01 09:25,1804
2020-04-01 09:30,1834
2020-04-01 09:35,1864
2020-04-01 09:40,1882
2020-04-01 09:45,1907
2020-04-01 09:50,1912
2020-04-01 09:55,1930
2020-04-01 10:00,1951
2020-04-01 10:05,2002
2020-04-01 10:10,2017
2020-04-01 10:15,2024
2020-04-01 10:20,2064
2020-04-01 10:25,2090
2020-04-01 10:30,2084
2020-04-01 10:35,2082
2020-04-01 10:40,2108
2020-04-01 10:45,2114
2020-04-01 10:50,2131
2020-04-01 10:55,2151
2020-04-01 11:00,2148
2020-04-01 11:05,2189
2020-04-01 11:10,2203
2020-04-01 11:15,2225
2020-04-01 11:20,2205
2020-04-01 11:25,2250
2020-04-01 11:30,2255
2020-04-01 11:35,2275
2020-04-01 11:40,2311
2020-04-01 11:45,2337
2020-04-01 11:50,2333
2020-04-01 11:55,2342
2020-04-01 12:00,2375
2020-04-01 12:05,2413
2020-04-01 12:10,2443
2020-04-01 12:15,2454
2020-04-01 12:20,2478
2020-04-01 12:25,2503
2020-04-01 12:30,2502
2020-04-01 12:35,2516
2020-04-01 12:40,2552
2020-04-01 12:45,2541
2020-04-01 12:50,2542
2020-04-01 12:55,2581
2020-04-01 13:00,2601
2020-04-01 13:05,2628
2020-04-01 13:10,2674
2020-04-01 13:15,2653
2020-04-01 13:20,2696
2020-04-01 13:25,2724
2020-04-01 13:30,2740
2020-04-01 13:35,2770
2020-04-01 13:40,2788
2020-04-01 13:45,2816
2020-04-01 13:50,2817
2020-04-01 13:55,2816
2020-04-01 14:00,2820
2020-04-01 14:05,2826
2020-04-01 14:10,2832
2020-04-01 14:15,2852
2020-04-01 14:20,2872
2020-04-01 14:25,2867
2020-04-01 14:30,2881
2020-04-01 14:35,2883
2020-04-01 14:40,2920
2020-04-01 14:45,2950
2020-04-01 14:50,2958
2020-04-01 14:55,2946
2020-04-01 15:00,2976
2020-04-01 15:05,2999
2020-04-01 15:10,3016
2020-04-01 15:15,3026
2020-04-01 15:20,3072
2020-04-01 15:25,3086
2020-04-01 15:30,3093
2020-04-01 15:35,3117
2020-04-01 15:40,3099
2020-04-01 15:45,3121
2020-04-01 15:50,3154
2020-04-01 15:55,3192
2020-04-01 16:00,3209
2020-04-01 16:05,3249
2020-04-01 16:10,3284
2020-04-01 16:15,3318
2020-04-01 16:20,3321
2020-04-01 16:25,3343
2020-04-01 16:30,3355
2020-04-01 16:35,3354
2020-04-01 16:40,3359
2020-04-01 16:45,3359
2020-04-01 16:50,3376
2020-04-01 16:55,3355
2020-04-01 17:00,3374
2020-04-01 17:05,3390
2020-04-01 17:10,3422
2020-04-01 17:15,3420
2020-04-01 17:20,3421
2020-04-01 17:25,3426
2020-04-01 17:30,3447
2020-04-01 17:35,3459
2020-04-01 17:40,3484
2020-04-01 17:45,3490
2020-04-01 17:50,3480
2020-04-01 17:55,3495
2020-04-01 18:00,3480
2020-04-01 18:05,3472
2020-04-01 18:10,3487
2020-04-01 18:15,3523
2020-04-01 18:20,3520
2020-04-01 18:25,3529
2020-04-01 18:30,3488
2020-04-01 18:35,3511
2020-04-01 18:40,3519
2020-04-01 18:45,3537
2020-04-01 18:50,3570
2020-04-01 18:55,3603
2020-04-01 19:00,3608
2020-04-01 19:05,3619
2020-04-01 19:10,3567
2020-04-01 19:15,3563
2020-04-01 19:20,3571
2020-04-01 19:25,3564
2020-04-01 19:30,3567
2020-04-01 19:35,3590
2020-04-01 19:40,3585
2020-04-01 19:45,3596
2020-04-01 19:50,3608
2020-04-01 19:55,3602
2020-04-01 20:00,3604
2020-04-01 20:05,3618
2020-04-01 20:10,3610
2020-04-01 20:15,3614
2020-04-01 20:20,3598
2020-04-01 20:25,3607
2020-04-01 20:30,3602
2020-04-01 20:35,3413
2020-04-01 20:40,3342
2020-04-01 20:45,3349
2020-04-01 20:50,3316
2020-04-01 20:55,3324
2020-04-01 21:00,3312
2020-04-01 21:05,3306
2020-04-01 21:10,3317
2020-04-01 21:15,3294
2020-04-01 21:20,3275
2020-04-01 21:25,3293
2020-04-01 21:30,3269
2020-04-01 21:35,3220
2020-04-01 21:40,3158
2020-04-01 21:45,3146
2020-04-01 21:50,3136
2020-04-01 21:55,3090
2020-04-01 22:00,3070
2020-04-01 22:05,3030
2020-04-01 22:10,3036
2020-04-01 22:15,2983
2020-04-01 22:20,0
2020-04-01 22:25,2943
2020-04-01 22:30,2891
2020-04-01 22:35,2846
2020-04-01 22:40,2788
2020-04-01 22:45,2770
2020-04-01 22:50,2742
2020-04-01 22:55,2754
2020-04-01 23:00,2711
2020-04-01 23:05,2677
2020-04-01 23:10,2645
2020-04-01 23:15,2594
2020-04-01 23:20,2552
2020-04-01 23:25,2534
2020-04-01 23:30,2516
2020-04-01 23:35,2502
2020-04-01 23:40,2489
2020-04-01 23:45,2458
2020-04-01 23:50,2445
2020-04-01 23:55,2432
2020-04-02 00:00,2424
2020-04-02 00:05,2395
2020-04-02 00:10,2376
2020-04-02 00:15,2366
2020-04-02 00:20,2341
2020-04-02 00:25,2366
2020-04-02 00:30,2359
2020-04-02 00:35,2352
2020-04-02 00:40,2352
2020-04-02 00:45,2346
2020-04-02 00:50,2329
2020-04-02 00:55,2320
2020-04-02 01:00,2288
2020-04-02 01:05,2283
2020-04-02 01:10,2268
2020-04-02 01:15,2274
2020-04-02 01:20,2238
2020-04-02 01:25,
2020-04-02 01:30,0
2020-04-02 01:35,2194
2020-04-02 01:40,2182
2020-04-02 01:45,2158
2020-04-02 01:50,2147
2020-04-02 01:55,0
2020-04-02 02:00,2104
2020-04-02 02:05,2104
2020-04-02 02:10,2089
2020-04-02 02:15,2089
2020-04-02 02:20,2080
2020-04-02 02:25,2066
2020-04-02 02:30,2051
2020-04-02 02:35,0
2020-04-02 02:40,2015
2020-04-02 02:45,1998
2020-04-02 02:50,1990
2020-04-02 02:55,1959
2020-04-02 03:00,1956
2020-04-02 03:05,1939
2020-04-02 03:10,1909
2020-04-02 03:15,1888
2020-04-02 03:20,0
2020-04-02 03:25,1882
2020-04-02 03:30,1852
2020-04-02 03:35,1847
2020-04-02 03:40,1835
2020-04-02 03:45,1817
2020-04-02 03:50,1793
2020-04-02 03:55,1770
2020-04-02 04:00,1752
2020-04-02 04:05,1737
2020-04-02 04:10,1726
2020-04-02 04:15,1702
2020-04-02 04:20,1678
2020-04-02 04:25,1680
2020-04-02 04:30,1666
2020-04-02 04:35,1666
2020-04-02 04:40,1645
2020-04-02 04:45,1636
2020-04-02 04:50,1608
2020-04-02 04:55,1597
2020-04-02 05:00,1576
2020-04-02 05:05,1578
2020-04-02 05:10,1572
2020-04-02 05:15,1557
2020-04-02 05:20,1552
2020-04-02 05:25,1536
2020-04-02 05:30,1526
2020-04-02 05:35,1524
2020-04-02 05:40,1511
2020-04-02 05:45,1507
2020-04-02 05:50,1502
2020-04-02 05:55,1506
2020-04-02 06:00,1513
2020-04-02 06:05,1497
2020-04-02 06:10,1497
2020-04-02 06:15,1497
2020-04-02 06:20,1498
2020-04-02 06:25,1491
2020-04-02 06:30,1485
2020-04-02 06:35,1503
2020-04-02 06:40,1512
2020-04-02 06:45,1526
2020-04-02 06:50,1520
2020-04-02 06:55,1510
2020-04-02 07:00,1507
2020-04-02 07:05,1514
2020-04-02 07:10,1539
2020-04-02 07:15,1559
2020-04-02 07:20,1556
2020-04-02 07:25,1561
2020-04-02 07:30,1575
2020-04-02 07:35,1578
2020-04-02 07:40,1584
2020-04-02 07:45,1596
2020-04-02 07:50,1583
2020-04-02 07:55,1579
2020-04-02 08:00,1589
2020-04-02 08:05,1596
2020-04-02 08:10,1594
2020-04-02 08:15,1613
2020-04-02 08:20,1609
2020-04-02 08:25,1640
2020-04-02 08:30,1653
2020-04-02 08:35,1658
2020-04-02 08:40,1654
2020-04-02 08:45,1674
2020-04-02 08:50,1675
2020-04-02 08:55,1698
2020-04-02 09:00,1716
2020-04-02 09:05,1745
2020-04-02 09:10,1749
2020-04-02 09:15,1768
2020-04-02 09:20,1805
2020-04-02 09:25,1812
2020-04-02 09:30,1824
2020-04-02 09:35,1849
2020-04-02 09:40,1875
2020-04-02 09:45,1910
2020-04-02 09:50,1937
2020-04-02 09:55,1955
2020-04-02 10:00,1985
2020-04-02 10:05,2002
2020-04-02 10:10,2051
2020-04-02 10:15,2073
2020-04-02 10:20,2128
2020-04-02 10:25,2146
2020-04-02 10:30,2153
2020-04-02 10:35,2178
2020-04-02 10:40,2210
2020-04-02 10:45,2231
2020-04-02 10:50,2228
2020-04-02 10:55,2215
2020-04-02 11:00,2230
2020-04-02 11:05,2228
2020-04-02 11:10,2241
2020-04-02 11:15,2251
2020-04-02 11:20,2277
2020-04-02 11:25,2321
2020-04-02 11:30,2338
2020-04-02 11:35,2349
2020-04-02 11:40,2340
2020-04-02 11:45,2341
2020-04-02 11:50,2347
2020-04-02 11:55,2365
2020-04-02 12:00,2364
2020-04-02 12:05,2397
2020-04-02 12:10,2411
2020-04-02 12:15,2440
2020-04-02 12:20,2459
2020-04-02 12:25,2487
2020-04-02 12:30,2483
2020-04-02 12:35,2498
2020-04-02 12:40,2542
2020-04-02 12:45,2562
2020-04-02 12:50,2555
2020-04-02 12:55,2573
2020-04-02 13:00,2574
2020-04-02 13:05,2577
2020-04-02 13:10,2559
2020-04-02 13:15,2571
2020-04-02 13:20,2575
2020-04-02 13:25,2617
2020-04-02 13:30,2650
2020-04-02 13:35,2683
2020-04-02 13:40,2694
2020-04-02 13:45,2728
2020-04-02 13:50,2766
2020-04-02 13:55,2782
2020-04-02 14:00,2790
2020-04-02 14:05,2802
2020-04-02 14:10,2816
2020-04-02 14:15,2849
2020-04-02 14:20,2853
2020-04-02 14:25,2892
2020-04-02 14:30,2921
2020-04-02 14:35,2949
2020-04-02 14:40,2940
2020-04-02 14:45,2968
2020-04-02 14:50,2977
2020-04-02 14:55,2984
2020-04-02 15:00,2995
2020-04-02 15:05,2990
2020-04-02 15:10,3018
2020-04-02 15:15,3051
2020-04-02 15:20,3097
2020-04-02 15:25,3110
2020-04-02 15:30,3164
2020-04-02 15:35,3172
2020-04-02 15:40,3185
2020-04-02 15:45,3190
2020-04-02 15:50,3234
2020-04-02 15:55,3241
2020-04-02 16:00,3239
2020-04-02 16:05,3249
2020-04-02 16:10,3252
2020-04-02 16:15,3287
2020-04-02 16:20,3300
2020-04-02 16:25,3313
2020-04-02 16:30,3337
2020-04-02 16:35,3355
2020-04-02 16:40,3363
2020-04-02 16:45,3361
2020-04-02 16:50,3373
2020-04-02 16:55,3378
2020-04-02 17:00,3391
2020-04-02 17:05,3443
2020-04-02 17:10,3448
2020-04-02 17:15,3460
2020-04-02 17:20,3429
2020-04-02 17:25,3434
2020-04-02 17:30,3443
2020-04-02 17:35,3448
2020-04-02 17:40,3454
2020-04-02 17:45,3460
2020-04-02 17:50,3447
2020-04-02 17:55,3462
2020-04-02 18:00,3489
2020-04-02 18:05,3484
2020-04-02 18:10,3523
2020-04-02 18:15,3538
2020-04-02 18:20,3524
2020-04-02 18:25,3515
2020-04-02 18:30,3521
2020-04-02 18:35,3549
2020-04-02 18:40,3560
2020-04-02 18:45,3574
2020-04-02 18:50,3556
2020-04-02 18:55,3534
2020-04-02 19:00,3559
2020-04-02 19:05,3555
2020-04-02 19:10,3568
2020-04-02 19:15,3562
2020-04-02 19:20,0
2020-04-02 19:25,3616
2020-04-02 19:30,3624
2020-04-02 19:35,3665
2020-04-02 19:40,3678
2020-04-02 19:45,3701
2020-04-02 19:50,3689
2020-04-02 19:55,3674
2020-04-02 20:00,3713
2020-04-02 20:05,3688
2020-04-02 20:10,3667
2020-04-02 20:15,3667
2020-04-02 20:20,3646
2020-04-02 20:25,3634
2020-04-02 20:30,3614
2020-04-02 20:35,3627
2020-04-02 20:40,3640
2020-04-02 20:45,3583
2020-04-02 20:50,3541
2020-04-02 20:55,3512
2020-04-02 21:00,3480
2020-04-02 21:05,3455
2020-04-02 21:10,3443
2020-04-02 21:15,3438
2020-04-02 21:20,3411
2020-04-02 21:25,3394
2020-04-02 21:30,3348
2020-04-02 21:35,3320
2020-04-02 21:40,3281
2020-04-02 21:45,3226
2020-04-02 21:50,3216
2020-04-02 21:55,3185
2020-04-02 22:00,3101
2020-04-02 22:05,3058
2020-04-02 22:10,3013
2020-04-02 22:15,2965
2020-04-02 22:20,2949
2020-04-02 22:25,2923
2020-04-02 22:30,2917
2020-04-02 22:35,2881
2020-04-02 22:40,2856
2020-04-02 22:45,2831
2020-04-02 22:50,2784
2020-04-02 22:55,2755
2020-04-02 23:00,2735
2020-04-02 23:05,2687
2020-04-02 23:10,2686
2020-04-02 23:15,2669
2020-04-02 23:20,2642
2020-04-02 23:25,2629
2020-04-02 23:30,2614
2020-04-02 23:35,2599
2020-04-02 23:40,2604
2020-04-02 23:45,2578
2020-04-02 23:50,2577
2020-04-02 23:55,2554
2020-04-03 00:00,2538
2020-04-03 00:05,2520
2020-04-03 00:10,2509
2020-04-03 00:15,2475
2020-04-03 00:20,2495
2020-04-03 00:25,2485
2020-04-03 00:30,2480
2020-04-03 00:35,2453
2020-04-03 00:40,2442
2020-04-03 00:45,2429
2020-04-03 00:50,2412
2020-04-03 00:55,2407
2020-04-03 01:00,2403
2020-04-03 01:05,2359
2020-04-03 01:10,2352
2020-04-03 01:15,2331
2020-04-03 01:20,2313
2020-04-03 01:25,2274
2020-04-03 01:30,2265
2020-04-03 01:35,2247
2020-04-03 01:40,2224
2020-04-03 01:45,2208
2020-04-03 01:50,2185
2020-04-03 01:55,2182
2020-04-03 02:00,2169
2020-04-03 02:05,2146
2020-04-03 02:10,2122
2020-04-03 02:15,2123
2020-04-03 02:20,2090
2020-04-03 02:25,2081
2020-04-03 02:30,2075
2020-04-03 02:35,2066
2020-04-03 02:40,2051
2020-04-03 02:45,2047
2020-04-03 02:50,2036
2020-04-03 02:55,2019
2020-04-03 03:00,1993
2020-04-03 03:05,1982
2020-04-03 03:10,1965
2020-04-03 03:15,1956
2020-04-03 03:20,1923
2020-04-03 03:25,1899
2020-04-03 03:30,1901
2020-04-03 03:35,1877
2020-04-03 03:40,1853
2020-04-03 03:45,1843
2020-04-03 03:50,1820
2020-04-03 03:55,1814
2020-04-03 04:00,1807
2020-04-03 04:05,1791
2020-04-03 04:10,1761
2020-04-03 04:15,1755
2020-04-03 04:20,1745
2020-04-03 04:25,1728
2020-04-03 04:30,1715
2020-04-03 04:35,1680
2020-04-03 04:40,1670
2020-04-03 04:45,1644
2020-04-03 04:50,1649
2020-04-03 04:55,1643
2020-04-03 05:00,1609
2020-04-03 05:05,1592
2020-04-03 05:10,1581
2020-04-03 05:15,1555
2020-04-03 05:20,1553
2020-04-03 05:25,1526
2020-04-03 05:30,1548
2020-04-03 05:35,1539
2020-04-03 05:40,1544
2020-04-03 05:45,1527
2020-04-03 05:50,1523
2020-04-03 05:55,1523
2020-04-03 06:00,1535
2020-04-03 06:05,1535
2020-04-03 06:10,1544
2020-04-03 06:15,1545
2020-04-03 06:20,1546
2020-04-03 06:25,1539
2020-04-03 06:30,1548
2020-04-03 06:35,1564
2020-04-03 06:40,1564
2020-04-03 06:45,1556
2020-04-03 06:50,1543
2020-04-03 06:55,1561
2020-04-03 07:00,1574
2020-04-03 07:05,1589
2020-04-03 07:10,1594
2020-04-03 07:15,1586
2020-04-03 07:20,1593
2020-04-03 07:25,1608
2020-04-03 07:30,1604
2020-04-03 07:35,1619
2020-04-03 07:40,1610
2020-04-03 07:45,1623
2020-04-03 07:50,1632
2020-04-03 07:55,1657
2020-04-03 08:00,1638
2020-04-03 08:05,1643
2020-04-03 08:10,1657
2020-04-03 08:15,1675
2020-04-03 08:20,1684
2020-04-03 08:25,1695
2020-04-03 08:30,1699
2020-04-03 08:35,1704
2020-04-03 08:40,1684
2020-04-03 08:45,1727
2020-04-03 08:50,1751
2020-04-03 08:55,1757
2020-04-03 09:00,1776
2020-04-03 09:05,1817
2020-04-03 09:10,1819
2020-04-03 09:15,1851
2020-04-03 09:20,1883
2020-04-03 09:25,1932
2020-04-03 09:30,1929
2020-04-03 09:35,1939
2020-04-03 09:40,1962
2020-04-03 09:45,1968
2020-04-03 09:50,1945
2020-04-03 09:55,1970
2020-04-03 10:00,2008
2020-04-03 10:05,2027
2020-04-03 10:10,2065
2020-04-03 10:15,2124
2020-04-03 10:20,2137
2020-04-03 10:25,2154
2020-04-03 10:30,2170
2020-04-03 10:35,2208
2020-04-03 10:40,2196
2020-04-03 10:45,2216
2020-04-03 10:50,2224
2020-04-03 10:55,2246
2020-04-03 11:00,2261
2020-04-03 11:05,2282
2020-04-03 11:10,2303
2020-04-03 11:15,2338
2020-04-03 11:20,2346
2020-04-03 11:25,2354
2020-04-03 11:30,2358
2020-04-03 11:35,2380
2020-04-03 11:40,2416
2020-04-03 11:45,2412
2020-04-03 11:50,2449
2020-04-03 11:55,2439
2020-04-03 12:00,2451
2020-04-03 12:05,2468
2020-04-03 12:10,2502
2020-04-03 12:15,2536
2020-04-03 12:20,2546
2020-04-03 12:25,2566
2020-04-03 12:30,2592
2020-04-03 12:35,2636
2020-04-03 12:40,2644
2020-04-03 12:45,2658
2020-04-03 12:50,2660
2020-04-03 12:55,2669
2020-04-03 13:00,2729
2020-04-03 13:05,2760
2020-04-03 13:10,2786
2020-04-03 13:15,2818
2020-04-03 13:20,2812
2020-04-03 13:25,2833
2020-04-03 13:30,2861
2020-04-03 13:35,2839
2020-04-03 13:40,2849
2020-04-03 13:45,2853
2020-04-03 13:50,2865
2020-04-03 13:55,2891
2020-04-03 14:00,2899
2020-04-03 14:05,2911
2020-04-03 14:10,2916
2020-04-03 14:15,2963
2020-04-03 14:20,2980
2020-04-03 14:25,2980
2020-04-03 14:30,
2020-04-03 14:35,2995
2020-04-03 14:40,3012
2020-04-03 14:45,3041
2020-04-03 14:50,3056
2020-04-03 14:55,3072
2020-04-03 15:00,3089
2020-04-03 15:05,3106
2020-04-03 15:10,3140
2020-04-03 15:15,3159
2020-04-03 15:20,3197
2020-04-03 15:25,3203
2020-04-03 15:30,3254
2020-04-03 15:35,3280
2020-04-03 15:40,3295
2020-04-03 15:45,3305
2020-04-03 15:50,3333
2020-04-03 15:55,3348
2020-04-03 16:00,3384
2020-04-03 16:05,3370
2020-04-03 16:10,3384
2020-04-03 16:15,3388
2020-04-03 16:20,3390
2020-04-03 16:25,3380
2020-04-03 16:30,3410
2020-04-03 16:35,3390
2020-04-03 16:40,3421
2020-04-03 16:45,3422
2020-04-03 16:50,3398
2020-04-03 16:55,3418
2020-04-03 17:00,3416
2020-04-03 17:05,3428
2020-04-03 17:10,3424
2020-04-03 17:15,3416
2020-04-03 17:20,3403
2020-04-03 17:25,3410
2020-04-03 17:30,3427
2020-04-03 17:35,3436
2020-04-03 17:40,3469
2020-04-03 17:45,3482
2020-04-03 17:50,3510
2020-04-03 17:55,3507
2020-04-03 18:00,3564
2020-04-03 18:05,3595
2020-04-03 18:10,3613
2020-04-03 18:15,3616
2020-04-03 18:20,3595
2020-04-03 18:25,3647
2020-04-03 18:30,3645
2020-04-03 18:35,3645
2020-04-03 18:40,3636
2020-04-03 18:45,3644
2020-04-03 18:50,3623
2020-04-03 18:55,3649
2020-04-03 19:00,3644
2020-04-03 19:05,3643
2020-04-03 19:10,3643
2020-04-03 19:15,3681
2020-04-03 19:20,3701
2020-04-03 19:25,3720
2020-04-03 19:30,3735
2020-04-03 19:35,3755
2020-04-03 19:40,3736
2020-04-03 19:45,3728
2020-04-03 19:50,3709
2020-04-03 19:55,3716
2020-04-03 20:00,3748
2020-04-03 20:05,3744
2020-04-03 20:10,3703
2020-04-03 20:15,3737
2020-04-03 20:20,3722
2020-04-03 20:25,3714
2020-04-03 20:30,3693
2020-04-03 20:35,3681
2020-04-03 20:40,3676
2020-04-03 20:45,3658
2020-04-03 20:50,3634
2020-04-03 20:55,3614
2020-04-03 21:00,3622
2020-04-03 21:05,3587
2020-04-03 21:10,3545
2020-04-03 21:15,3508
2020-04-03 21:20,3488
2020-04-03 21:25,3475
2020-04-03 21:30,3479
2020-04-03 21:35,3457
2020-04-03 21:40,3442
2020-04-03 21:45,3449
2020-04-03 21:50,3426
2020-04-03 21:55,3400
2020-04-03 22:00,3372
2020-04-03 22:05,3336
2020-04-03 22:10,3309
2020-04-03 22:15,3285
2020-04-03 22:20,3284
2020-04-03 22:25,3260
2020-04-03 22:30,3248
2020-04-03 22:35,3223
2020-04-03 22:40,3181
2020-04-03 22:45,3156
2020-04-03 22:50,3133
2020-04-03 22:55,3083
2020-04-03 23:00,3028
2020-04-03 23:05,2997
2020-04-03 23:10,2996
2020-04-03 23:15,2985
2020-04-03 23:20,2960
2020-04-03 23:25,2937
2020-04-03 23:30,2905
2020-04-03 23:35,2865
2020-04-03 23:40,2821
2020-04-03 23:45,2807
2020-04-03 23:50,2780
2020-04-03 23:55,2761
2020-04-04 00:00,2734
2020-04-04 00:05,2690
2020-04-04 00:10,2660
2020-04-04 00:15,2636
2020-04-04 00:20,2598
2020-04-04 00:25,2567
2020-04-04 00:30,2547
2020-04-04 00:35,2545
2020-04-04 00:40,2545
2020-04-04 00:45,2546
2020-04-04 00:50,2510
2020-04-04 00:55,2484
2020-04-04 01:00,2470
2020-04-04 01:05,2439
2020-04-04 01:10,2435
2020-04-04 01:15,2402
2020-04-04 01:20,2395
2020-04-04 01:25,2367
2020-04-04 01:30,2345
2020-04-04 01:35,2335
2020-04-04 01:40,2324
2020-04-04 01:45,2326
2020-04-04 01:50,2296
2020-04-04 01:55,2289
2020-04-04 02:00,2268
2020-04-04 02:05,2247
2020-04-04 02:10,2232
2020-04-04 02:15,2228
2020-04-04 02:20,2198
2020-04-04 02:25,2179
2020-04-04 02:30,2170
2020-04-04 02:35,2176
2020-04-04 02:40,2153
2020-04-04 02:45,2143
2020-04-04 02:50,2136
2020-04-04 02:55,2130
2020-04-04 03:00,2131
2020-04-04 03:05,2135
2020-04-04 03:10,2110
2020-04-04 03:15,2098
2020-04-04 03:20,2077
2020-04-04 03:25,2048
2020-04-04 03:30,2009
2020-04-04 03:35,1982
2020-04-04 03:40,1981
2020-04-04 03:45,1976
2020-04-04 03:50,1969
2020-04-04 03:55,1961
2020-04-04 04:00,1953
2020-04-04 04:05,1950
2020-04-04 04:10,1934
2020-04-04 04:15,1921
2020-04-04 04:20,1919
2020-04-04 04:25,1892
2020-04-04 04:30,1884
2020-04-04 04:35,1890
2020-04-04 04:40,1864
2020-04-04 04:45,1880
2020-04-04 04:50,1852
2020-04-04 04:55,1855
2020-04-04 05:00,1834
2020-04-04 05:05,1835
2020-04-04 05:10,1828
2020-04-04 05:15,1824
2020-04-04 05:20,1823
2020-04-04 05:25,1829
2020-04-04 05:30,1815
2020-04-04 05:35,1810
2020-04-04 05:40,1803
2020-04-04 05:45,1796
2020-04-04 05:50,1780
2020-04-04 05:55,1751
2020-04-04 06:00,1761
2020-04-04 06:05,1761
2020-04-04 06:10,1759
2020-04-04 06:15,1757
2020-04-04 06:20,1764
2020-04-04 06:25,1772
2020-04-04 06:30,1776
2020-04-04 06:35,1773
2020-04-04 06:40,1782
2020-04-04 06:45,1792
2020-04-04 06:50,1790
2020-04-04 06:55,1773
2020-04-04 07:00,1786
2020-04-04 07:05,1764
2020-04-04 07:10,1762
2020-04-04 07:15,1780
2020-04-04 07:20,1783
2020-04-04 07:25,1793
2020-04-04 07:30,1766
2020-04-04 07:35,1799
2020-04-04 07:40,1799
2020-04-04 07:45,1807
2020-04-04 07:50,1820
2020-04-04 07:55,1819
2020-04-04 08:00,1851
2020-04-04 08:05,1866
2020-04-04 08:10,1860
2020-04-04 08:15,1877
2020-04-04 08:20,1888
2020-04-04 08:25,1908
2020-04-04 08:30,1925
2020-04-04 08:35,1950
2020-04-04 08:40,1981
2020-04-04 08:45,1998
2020-04-04 08:50,2020
2020-04-04 08:55,2025
2020-04-04 09:00,2028
2020-04-04 09:05,2036
2020-04-04 09:10,2052
2020-04-04 09:15,2075
2020-04-04 09:20,2100
2020-04-04 09:25,2112
2020-04-04 09:30,2137
2020-04-04 09:35,2161
2020-04-04 09:40,2172
2020-04-04 09:45,2190
2020-04-04 09:50,2233
2020-04-04 09:55,2274
2020-04-04 10:00,2295
2020-04-04 10:05,2341
2020-04-04 10:10,2372
2020-04-04 10:15,2403
2020-04-04 10:20,2438
2020-04-04 10:25,2466
2020-04-04 10:30,2474
2020-04-04 10:35,2505
2020-04-04 10:40,2496
2020-04-04 10:45,2527
2020-04-04 10:50,2538
2020-04-04 10:55,2530
2020-04-04 11:00,2540
2020-04-04 11:05,2557
2020-04-04 11:10,2555
2020-04-04 11:15,2569
2020-04-04 11:20,2573
2020-04-04 11:25,2590
2020-04-04 11:30,2594
2020-04-04 11:35,2604
2020-04-04 11:40,2650
2020-04-04 11:45,2666
2020-04-04 11:50,2694
2020-04-04 11:55,2719
2020-04-04 12:00,2723
2020-04-04 12:05,2770
2020-04-04 12:10,2794
2020-04-04 12:15,2804
2020-04-04 12:20,2823
2020-04-04 12:25,2849
2020-04-04 12:30,2871
2020-04-04 12:35,2890
2020-04-04 12:40,2917
2020-04-04 12:45,2933
2020-04-04 12:50,2953
2020-04-04 12:55,2973
2020-04-04 13:00,2953
2020-04-04 13:05,2982
2020-04-04 13:10,3016
2020-04-04 13:15,3025
2020-04-04 13:20,3049
2020-04-04 13:25,3067
2020-04-04 13:30,3096
2020-04-04 13:35,3130
2020-04-04 13:40,3164
2020-04-04 13:45,3179
2020-04-04 13:50,3227
2020-04-04 13:55,3251
2020-04-04 14:00,3262
2020-04-04 14:05,3311
2020-04-04 14:10,3312
2020-04-04 14:15,3331
2020-04-04 14:20,3336
2020-04-04 14:25,3368
2020-04-04 14:30,3416
2020-04-04 14:35,3423
2020-04-04 14:40,3458
2020-04-04 14:45,3451
2020-04-04 14:50,
2020-04-04 14:55,3491
2020-04-04 15:00,3512
2020-04-04 15:05,3508
2020-04-04 15:10,3542
2020-04-04 15:15,3572
2020-04-04 15:20,3579
2020-04-04 15:25,3605
2020-04-04 15:30,3633
2020-04-04 15:35,3630
2020-04-04 15:40,3646
2020-04-04 15:45,3690
2020-04-04 15:50,3720
2020-04-04 15:55,3735
2020-04-04 16:00,3745
2020-04-04 16:05,3726
2020-04-04 16:10,3745
2020-04-04 16:15,3759
2020-04-04 16:20,3758
2020-04-04 16:25,3752
2020-04-04 16:30,3771
2020-04-04 16:35,0
2020-04-04 16:40,3758
2020-04-04 16:45,3770
2020-04-04 16:50,3811
2020-04-04 16:55,3848
2020-04-04 17:00,3871
2020-04-04 17:05,3875
2020-04-04 17:10,3846
2020-04-04 17:15,3838
2020-04-04 17:20,3830
2020-04-04 17:25,3858
2020-04-04 17:30,3871
2020-04-04 17:35,3865
2020-04-04 17:40,3845
2020-04-04 17:45,3846
2020-04-04 17:50,3851
2020-04-04 17:55,3857
2020-04-04 18:00,3849
2020-04-04 18:05,3870
2020-04-04 18:10,3857
2020-04-04 18:15,3844
2020-04-04 18:20,3850
2020-04-04 18:25,3886
2020-04-04 18:30,3902
2020-04-04 18:35,3893
2020-04-04 18:40,3940
2020-04-04 18:45,3941
2020-04-04 18:50,3982
2020-04-04 18:55,4008
2020-04-04 19:00,3998
2020-04-04 19:05,4012
2020-04-04 19:10,4021
2020-04-04 19:15,4041
2020-04-04 19:20,4084
2020-04-04 19:25,4118
2020-04-04 19:30,4101
2020-04-04 19:35,4101
2020-04-04 19:40,4079
2020-04-04 19:45,4096
2020-04-04 19:50,4092
2020-04-04 19:55,4091
2020-04-04 20:00,4084
2020-04-04 20:05,4077
2020-04-04 20:10,4056
2020-04-04 20:15,4052
2020-04-04 20:20,4059
2020-04-04 20:25,4084
2020-04-04 20:30,4060
2020-04-04 20:35,4036
2020-04-04 20:40,4009
2020-04-04 20:45,3999
2020-04-04 20:50,3982
2020-04-04 20:55,3999
2020-04-04 21:00,3977
2020-04-04 21:05,3942
2020-04-04 21:10,3906
2020-04-04 21:15,3878
2020-04-04 21:20,3867
2020-04-04 21:25,3829
2020-04-04 21:30,3808
2020-04-04 21:35,3768
2020-04-04 21:40,3743
2020-04-04 21:45,3728
2020-04-04 21:50,3707
2020-04-04 21:55,3658
2020-04-04 22:00,3612
2020-04-04 22:05,3568
2020-04-04 22:10,3562
2020-04-04 22:15,3551
2020-04-04 22:20,3508
2020-04-04 22:25,3456
2020-04-04 22:30,3437
2020-04-04 22:35,3413
2020-04-04 22:40,3373
2020-04-04 22:45,3352
2020-04-04 22:50,3324
2020-04-04 22:55,3319
2020-04-04 23:00,3305
2020-04-04 23:05,3259
2020-04-04 23:10,3214
2020-04-04 23:15,3161
2020-04-04 23:20,3127
2020-04-04 23:25,3067
2020-04-04 23:30,3025
2020-04-04 23:35,2992
2020-04-04 23:40,2938
2020-04-04 23:45,2903
2020-04-04 23:50,2857
2020-04-04 23:55,2836
2020-04-05 00:00,2809
2020-04-05 00:05,2771
2020-04-05 00:10,2766
2020-04-05 00:15,2729
2020-04-05 00:20,2706
2020-04-05 00:25,2668
2020-04-05 00:30,2647
2020-04-05 00:35,2648
2020-04-05 00:40,2601
2020-04-05 00:45,2588
2020-04-05 00:50,2569
2020-04-05 00:55,2525
2020-04-05 01:00,2512
2020-04-05 01:05,2488
2020-04-05 01:10,2477
2020-04-05 01:15,2465
2020-04-05 01:20,2443
2020-04-05 01:25,2410
2020-04-05 01:30,2377
2020-04-05 01:35,2376
2020-04-05 01:40,2371
2020-04-05 01:45,2370
2020-04-05 01:50,2342
2020-04-05 01:55,2348
2020-04-05 02:00,2329
2020-04-05 02:05,2310
2020-04-05 02:10,2327
2020-04-05 02:15,2298
2020-04-05 02:20,2295
2020-04-05 02:25,2269
2020-04-05 02:30,2235
2020-04-05 02:35,2209
2020-04-05 02:40,2210
2020-04-05 02:45,2172
2020-04-05 02:50,2146
2020-04-05 02:55,2135
2020-04-05 03:00,2117
2020-04-05 03:05,2086
2020-04-05 03:10,2088
2020-04-05 03:15,2066
2020-04-05 03:20,2035
2020-04-05 03:25,2025
2020-04-05 03:30,1984
2020-04-05 03:35,1999
2020-04-05 03:40,1990
2020-04-05 03:45,1973
2020-04-05 03:50,1964
2020-04-05 03:55,1941
2020-04-05 04:00,1947
2020-04-05 04:05,1928
2020-04-05 04:10,1930
2020-04-05 04:15,1907
2020-04-05 04:20,1880
2020-04-05 04:25,1873
2020-04-05 04:30,1869
2020-04-05 04:35,1855
2020-04-05 04:40,1820
2020-04-05 04:45,1798
2020-04-05 04:50,1800
2020-04-05 04:55,1806
2020-04-05 05:00,1800
2020-04-05 05:05,1813
2020-04-05 05:10,1794
2020-04-05 05:15,1802
2020-04-05 05:20,1776
2020-04-05 05:25,1783
2020-04-05 05:30,1778
2020-04-05 05:35,1785
2020-04-05 05:40,1784
2020-04-05 05:45,1780
2020-04-05 05:50,1773
2020-04-05 05:55,1769
2020-04-05 06:00,1760
2020-04-05 06:05,1754
2020-04-05 06:10,1778
2020-04-05 06:15,1759
2020-04-05 06:20,1773
2020-04-05 06:25,1775
2020-04-05 06:30,1767
2020-04-05 06:35,1759
2020-04-05 06:40,1768
2020-04-05 06:45,1770
2020-04-05 06:50,1768
2020-04-05 06:55,1770
2020-04-05 07:00,1797
2020-04-05 07:05,1773
2020-04-05 07:10,1788
2020-04-05 07:15,1780
2020-04-05 07:20,1770
2020-04-05 07:25,1777
2020-04-05 07:30,1771
2020-04-05 07:35,1792
2020-04-05 07:40,1812
2020-04-05 07:45,1827
2020-04-05 07:50,1825
2020-04-05 07:55,1842
2020-04-05 08:00,1857
2020-04-05 08:05,1883
2020-04-05 08:10,1916
2020-04-05 08:15,1955
2020-04-05 08:20,1966
2020-04-05 08:25,1981
2020-04-05 08:30,1997
2020-04-05 08:35,2023
2020-04-05 08:40,2034
2020-04-05 08:45,2056
2020-04-05 08:50,2069
2020-04-05 08:55,2094
2020-04-05 09:00,2126
2020-04-05 09:05,2135
2020-04-05 09:10,2125
2020-04-05 09:15,2114
2020-04-05 09:20,2144
2020-04-05 09:25,2175
2020-04-05 09:30,2207
2020-04-05 09:35,2221
2020-04-05 09:40,2244
2020-04-05 09:45,2266
2020-04-05 09:50,2316
2020-04-05 09:55,2336
2020-04-05 10:00,2376
2020-04-05 10:05,2414
2020-04-05 10:10,2464
2020-04-05 10:15,2484
2020-04-05 10:20,2528
2020-04-05 10:25,2563
2020-04-05 10:30,2599
2020-04-05 10:35,2608
2020-04-05 10:40,2613
2020-04-05 10:45,2621
2020-04-05 10:50,2628
2020-04-05 10:55,2647
2020-04-05 11:00,2688
2020-04-05 11:05,2701
2020-04-05 11:10,2720
2020-04-05 11:15,2723
2020-04-05 11:20,2748
2020-04-05 11:25,2749
2020-04-05 11:30,2748
2020-04-05 11:35,2792
2020-04-05 11:40,2816
2020-04-05 11:45,2832
2020-04-05 11:50,2857
2020-04-05 11:55,2872
2020-04-05 12:00,2878
2020-04-05 12:05,2914
2020-04-05 12:10,2932
2020-04-05 12:15,2961
2020-04-05 12:20,2978
2020-04-05 12:25,3021
2020-04-05 12:30,3078
2020-04-05 12:35,3087
2020-04-05 12:40,3084
2020-04-05 12:45,3107
2020-04-05 12:50,3142
2020-04-05 12:55,3135
2020-04-05 13:00,3179
2020-04-05 13:05,3186
2020-04-05 13:10,3208
2020-04-05 13:15,3268
2020-04-05 13:20,3291
2020-04-05 13:25,3303
2020-04-05 13:30,3341
2020-04-05 13:35,3373
2020-04-05 13:40,3382
2020-04-05 13:45,3376
2020-04-05 13:50,3409
2020-04-05 13:55,3446
2020-04-05 14:00,3462
2020-04-05 14:05,3460
2020-04-05 14:10,3499
2020-04-05 14:15,3402
2020-04-05 14:20,3387
2020-04-05 14:25,3423
2020-04-05 14:30,3443
2020-04-05 14:35,3457
2020-04-05 14:40,3475
2020-04-05 14:45,3504
2020-04-05 14:50,3534
2020-04-05 14:55,3548
2020-04-05 15:00,3594
2020-04-05 15:05,3620
2020-04-05 15:10,3646
2020-04-05 15:15,3637
2020-04-05 15:20,3679
2020-04-05 15:25,3689
2020-04-05 15:30,3692
2020-04-05 15:35,3707
2020-04-05 15:40,3736
2020-04-05 15:45,3734
2020-04-05 15:50,3766
2020-04-05 15:55,3803
2020-04-05 16:00,3808
2020-04-05 16:05,3826
2020-04-05 16:10,3817
2020-04-05 16:15,3789
2020-04-05 16:20,3784
2020-04-05 16:25,3829
2020-04-05 16:30,3851
2020-04-05 16:35,3878
2020-04-05 16:40,3885
2020-04-05 16:45,3875
2020-04-05 16:50,3891
2020-04-05 16:55,3880
2020-04-05 17:00,3896
2020-04-05 17:05,3864
2020-04-05 17:10,3869
2020-04-05 17:15,3874
2020-04-05 17:20,3884
2020-04-05 17:25,3864
2020-04-05 17:30,3858
2020-04-05 17:35,3875
2020-04-05 17:40,3881
2020-04-05 17:45,3855
2020-04-05 17:50,3730
2020-04-05 17:55,3669
2020-04-05 18:00,3703
2020-04-05 18:05,3726
2020-04-05 18:10,3725
2020-04-05 18:15,3717
2020-04-05 18:20,3748
2020-04-05 18:25,3766
2020-04-05 18:30,3792
2020-04-05 18:35,3789
2020-04-05 18:40,3785
2020-04-05 18:45,3818
2020-04-05 18:50,3810
2020-04-05 18:55,3826
2020-04-05 19:00,3877
2020-04-05 19:05,3863
2020-04-05 19:10,3878
2020-04-05 19:15,3900
2020-04-05 19:20,3890
2020-04-05 19:25,3906
2020-04-05 19:30,3958
2020-04-05 19:35,3954
2020-04-05 19:40,3918
2020-04-05 19:45,3914
2020-04-05 19:50,3891
2020-04-05 19:55,3909
2020-04-05 20:00,3899
2020-04-05 20:05,3878
2020-04-05 20:10,3898
2020-04-05 20:15,3887
2020-04-05 20:20,3891
2020-04-05 20:25,3895
2020-04-05 20:30,3869
2020-04-05 20:35,3852
2020-04-05 20:40,3819
2020-04-05 20:45,3787
2020-04-05 20:50,3793
2020-04-05 20:55,3752
2020-04-05 21:00,3678
2020-04-05 21:05,3641
2020-04-05 21:10,3604
2020-04-05 21:15,3573
2020-04-05 21:20,3541
2020-04-05 21:25,3492
2020-04-05 21:30,3472
2020-04-05 21:35,3442
2020-04-05 21:40,3435
2020-04-05 21:45,3422
2020-04-05 21:50,3412
2020-04-05 21:55,3363
2020-04-05 22:00,3329
2020-04-05 22:05,3290
2020-04-05 22:10,3261
2020-04-05 22:15,3232
2020-04-05 22:20,3182
2020-04-05 22:25,3151
2020-04-05 22:30,3111
2020-04-05 22:35,3086
2020-04-05 22:40,3057
2020-04-05 22:45,3038
2020-04-05 22:50,3019
2020-04-05 22:55,2971
2020-04-05 23:00,2955
2020-04-05 23:05,2919
2020-04-05 23:10,2871
2020-04-05 23:15,2865
2020-04-05 23:20,2844
2020-04-05 23:25,2802
2020-04-05 23:30,2751
2020-04-05 23:35,2709
2020-04-05 23:40,2664
2020-04-05 23:45,2614
2020-04-05 23:50,2593
2020-04-05 23:55,2562
2020-04-06 00:00,2544
2020-04-06 00:05,2533
2020-04-06 00:10,2496
2020-04-06 00:15,2457
2020-04-06 00:20,2455
2020-04-06 00:25,2425
2020-04-06 00:30,2409
2020-04-06 00:35,2388
2020-04-06 00:40,2346
2020-04-06 00:45,2319
2020-04-06 00:50,2296
2020-04-06 00:55,2282
2020-04-06 01:00,2254
2020-04-06 01:05,2253
2020-04-06 01:10,2225
2020-04-06 01:15,2225
2020-04-06 01:20,2215
2020-04-06 01:25,2203
2020-04-06 01:30,2184
2020-04-06 01:35,2180
2020-04-06 01:40,2166
2020-04-06 01:45,2160
2020-04-06 01:50,2146
2020-04-06 01:55,2144
2020-04-06 02:00,2133
2020-04-06 02:05,2120
2020-04-06 02:10,2100
2020-04-06 02:15,2083
2020-04-06 02:20,2059
2020-04-06 02:25,2020
2020-04-06 02:30,1996
2020-04-06 02:35,1991
2020-04-06 02:40,1978
2020-04-06 02:45,1953
2020-04-06 02:50,1934
2020-04-06 02:55,1943
2020-04-06 03:00,1901
2020-04-06 03:05,1901
2020-04-06 03:10,1892
2020-04-06 03:15,1887
2020-04-06 03:20,1864
2020-04-06 03:25,1842
2020-04-06 03:30,1839
2020-04-06 03:35,1832
2020-04-06 03:40,1854
2020-04-06 03:45,1837
2020-04-06 03:50,1800
2020-04-06 03:55,1773
2020-04-06 04:00,1755
2020-04-06 04:05,1723
2020-04-06 04:10,1703
2020-04-06 04:15,1673
2020-04-06 04:20,1656
2020-04-06 04:25,1637
2020-04-06 04:30,1622
2020-04-06 04:35,1591
2020-04-06 04:40,1577
2020-04-06 04:45,1578
2020-04-06 04:50,1551
2020-04-06 04:55,1540
2020-04-06 05:00,1515
2020-04-06 05:05,1507
2020-04-06 05:10,1509
2020-04-06 05:15,1513
2020-04-06 05:20,1493
2020-04-06 05:25,1489
2020-04-06 05:30,1477
2020-04-06 05:35,1471
2020-04-06 05:40,1466
2020-04-06 05:45,1474
2020-04-06 05:50,1479
2020-04-06 05:55,1483
2020-04-06 06:00,1477
2020-04-06 06:05,1474
2020-04-06 06:10,1472
2020-04-06 06:15,1473
2020-04-06 06:20,1460
2020-04-06 06:25,1457
2020-04-06 06:30,1451
2020-04-06 06:35,1410
2020-04-06 06:40,1422
2020-04-06 06:45,1442
2020-04-06 06:50,1447
2020-04-06 06:55,1443
2020-04-06 07:00,1452
2020-04-06 07:05,1475
2020-04-06 07:10,1503
2020-04-06 07:15,1498
2020-04-06 07:20,1517
2020-04-06 07:25,1532
2020-04-06 07:30,1549
2020-04-06 07:35,1563
2020-04-06 07:40,1579
2020-04-06 07:45,1590
2020-04-06 07:50,1615
2020-04-06 07:55,1605
2020-04-06 08:00,1635
2020-04-06 08:05,1646
2020-04-06 08:10,1665
2020-04-06 08:15,1685
2020-04-06 08:20,1705
2020-04-06 08:25,1711
2020-04-06 08:30,1707
2020-04-06 08:35,1728
2020-04-06 08:40,1756
2020-04-06 08:45,1780
2020-04-06 08:50,1773
2020-04-06 08:55,1795
2020-04-06 09:00,1805
2020-04-06 09:05,1832
2020-04-06 09:10,1837
2020-04-06 09:15,1842
2020-04-06 09:20,1845
2020-04-06 09:25,1859
2020-04-06 09:30,1865
2020-04-06 09:35,1901
2020-04-06 09:40,1900
2020-04-06 09:45,1916
2020-04-06 09:50,1926
2020-04-06 09:55,1943
2020-04-06 10:00,1966
2020-04-06 10:05,2009
2020-04-06 10:10,2036
2020-04-06 10:15,2074
2020-04-06 10:20,2099
2020-04-06 10:25,2132
2020-04-06 10:30,2183
2020-04-06 10:35,2215
2020-04-06 10:40,2224
2020-04-06 10:45,2235
2020-04-06 10:50,2242
2020-04-06 10:55,2257
2020-04-06 11:00,2265
2020-04-06 11:05,2280
2020-04-06 11:10,2266
2020-04-06 11:15,2292
2020-04-06 11:20,2319
2020-04-06 11:25,2332
2020-04-06 11:30,2354
2020-04-06 11:35,2379
2020-04-06 11:40,2395
2020-04-06 11:45,2402
2020-04-06 11:50,2417
2020-04-06 11:55,2438
2020-04-06 12:00,2442
2020-04-06 12:05,2482
2020-04-06 12:10,2468
2020-04-06 12:15,2492
2020-04-06 12:20,2495
2020-04-06 12:25,2513
2020-04-06 12:30,2513
2020-04-06 12:35,2531
2020-04-06 12:40,2535
2020-04-06 12:45,2545
2020-04-06 12:50,2553
2020-04-06 12:55,2602
2020-04-06 13:00,2569
2020-04-06 13:05,2633
2020-04-06 13:10,2630
2020-04-06 13:15,2660
2020-04-06 13:20,2702
2020-04-06 13:25,2724
2020-04-06 13:30,2734
2020-04-06 13:35,2751
2020-04-06 13:40,2778
2020-04-06 13:45,2798
2020-04-06 13:50,2825
2020-04-06 13:55,2853
2020-04-06 14:00,2871
2020-04-06 14:05,2879
2020-04-06 14:10,2894
2020-04-06 14:15,2908
2020-04-06 14:20,2942
2020-04-06 14:25,2942
2020-04-06 14:30,2981
2020-04-06 14:35,2982
2020-04-06 14:40,3003
2020-04-06 14:45,3045
2020-04-06 14:50,3033
2020-04-06 14:55,3059
2020-04-06 15:00,3073
2020-04-06 15:05,3087
2020-04-06 15:10,3127
2020-04-06 15:15,3113
2020-04-06 15:20,3136
2020-04-06 15:25,3164
2020-04-06 15:30,3187
2020-04-06 15:35,3244
2020-04-06 15:40,3280
2020-04-06 15:45,3289
2020-04-06 15:50,3269
2020-04-06 15:55,3280
2020-04-06 16:00,3269
2020-04-06 16:05,3266
2020-04-06 16:10,3282
2020-04-06 16:15,3306
2020-04-06 16:20,3318
2020-04-06 16:25,3354
2020-04-06 16:30,3378
2020-04-06 16:35,3394
2020-04-06 16:40,3416
2020-04-06 16:45,3425
2020-04-06 16:50,3458
2020-04-06 16:55,3464
2020-04-06 17:00,3463
2020-04-06 17:05,3478
2020-04-06 17:10,3495
2020-04-06 17:15,3525
2020-04-06 17:20,3531
2020-04-06 17:25,3548
2020-04-06 17:30,3537
2020-04-06 17:35,3542
2020-04-06 17:40,3529
2020-04-06 17:45,3543
2020-04-06 17:50,3550
2020-04-06 17:55,3576
2020-04-06 18:00,3595
2020-04-06 18:05,3573
2020-04-06 18:10,3589
2020-04-06 18:15,3589
2020-04-06 18:20,3630
2020-04-06 18:25,3609
2020-04-06 18:30,3627
2020-04-06 18:35,3662
2020-04-06 18:40,3655
2020-04-06 18:45,3650
2020-04-06 18:50,3674
2020-04-06 18:55,3665
2020-04-06 19:00,3694
2020-04-06 19:05,3711
2020-04-06 19:10,3741
2020-04-06 19:15,3716
2020-04-06 19:20,3692
2020-04-06 19:25,3703
2020-04-06 19:30,3696
2020-04-06 19:35,3695
2020-04-06 19:40,3676
2020-04-06 19:45,3672
2020-04-06 19:50,3671
2020-04-06 19:55,3661
2020-04-06 20:00,3678
2020-04-06 20:05,3649
2020-04-06 20:10,3649
2020-04-06 20:15,3641
2020-04-06 20:20,3648
2020-04-06 20:25,3627
2020-04-06 20:30,3583
2020-04-06 20:35,3554
2020-04-06 20:40,3552
2020-04-06 20:45,3516
2020-04-06 20:50,3473
2020-04-06 20:55,3493
2020-04-06 21:00,3445
2020-04-06 21:05,3400
2020-04-06 21:10,3343
2020-04-06 21:15,3322
2020-04-06 21:20,3283
2020-04-06 21:25,3287
2020-04-06 21:30,3294
2020-04-06 21:35,3297
2020-04-06 21:40,3282
2020-04-06 21:45,3283
2020-04-06 21:50,3271
2020-04-06 21:55,3288
2020-04-06 22:00,3274
2020-04-06 22:05,3249
2020-04-06 22:10,3212
2020-04-06 22:15,3193
2020-04-06 22:20,3148
2020-04-06 22:25,3101
2020-04-06 22:30,3064
2020-04-06 22:35,3035
2020-04-06 22:40,3015
2020-04-06 22:45,3017
2020-04-06 22:50,2989
2020-04-06 22:55,2967
2020-04-06 23:00,2937
2020-04-06 23:05,2942
2020-04-06 23:10,2923
2020-04-06 23:15,2917
2020-04-06 23:20,2894
2020-04-06 23:25,2866
2020-04-06 23:30,2836
2020-04-06 23:35,2830
2020-04-06 23:40,2779
2020-04-06 23:45,2746
2020-04-06 23:50,2720
2020-04-06 23:55,2687
2020-04-07 00:00,2669
2020-04-07 00:05,2649
2020-04-07 00:10,2623
2020-04-07 00:15,2580
2020-04-07 00:20,2548
2020-04-07 00:25,2532
2020-04-07 00:30,2506
2020-04-07 00:35,2482
2020-04-07 00:40,2485
2020-04-07 00:45,2457
2020-04-07 00:50,2442
2020-04-07 00:55,2408
2020-04-07 01:00,2413
2020-04-07 01:05,2397
2020-04-07 01:10,2367
2020-04-07 01:15,2349
2020-04-07 01:20,2312
2020-04-07 01:25,2312
2020-04-07 01:30,2309
2020-04-07 01:35,2296
2020-04-07 01:40,2267
2020-04-07 01:45,2285
2020-04-07 01:50,2263
2020-04-07 01:55,2271
2020-04-07 02:00,2256
2020-04-07 02:05,2235
2020-04-07 02:10,2208
2020-04-07 02:15,2189
2020-04-07 02:20,2136
2020-04-07 02:25,2120
2020-04-07 02:30,2105
2020-04-07 02:35,2081
2020-04-07 02:40,2095
2020-04-07 02:45,2084
2020-04-07 02:50,2043
2020-04-07 02:55,2056
2020-04-07 03:00,2026
2020-04-07 03:05,1995
2020-04-07 03:10,2003
2020-04-07 03:15,1965
2020-04-07 03:20,1934
2020-04-07 03:25,1918
2020-04-07 03:30,1902
2020-04-07 03:35,1885
2020-04-07 03:40,1866
2020-04-07 03:45,1862
2020-04-07 03:50,1847
2020-04-07 03:55,1826
2020-04-07 04:00,1812
2020-04-07 04:05,1799
2020-04-07 04:10,1782
2020-04-07 04:15,1786
2020-04-07 04:20,1797
2020-04-07 04:25,1789
2020-04-07 04:30,1765
2020-04-07 04:35,1745
2020-04-07 04:40,1734
2020-04-07 04:45,1702
2020-04-07 04:50,1701
2020-04-07 04:55,1685
2020-04-07 05:00,1683
2020-04-07 05:05,1671
2020-04-07 05:10,1646
2020-04-07 05:15,1632
2020-04-07 05:20,1611
2020-04-07 05:25,1592
2020-04-07 05:30,1586
2020-04-07 05:35,1582
2020-04-07 05:40,1595
2020-04-07 05:45,1588
2020-04-07 05:50,1584
2020-04-07 05:55,1574
2020-04-07 06:00,1584
2020-04-07 06:05,1591
2020-04-07 06:10,1577
2020-04-07 06:15,1589
2020-04-07 06:20,1571
2020-04-07 06:25,1567
2020-04-07 06:30,1571
2020-04-07 06:35,1563
2020-04-07 06:40,1596
2020-04-07 06:45,1608
2020-04-07 06:50,1616
2020-04-07 06:55,1606
2020-04-07 07:00,1597
2020-04-07 07:05,1595
2020-04-07 07:10,1608
2020-04-07 07:15,1607
2020-04-07 07:20,1595
2020-04-07 07:25,1617
2020-04-07 07:30,1626
2020-04-07 07:35,1612
2020-04-07 07:40,1623
2020-04-07 07:45,1622
2020-04-07 07:50,1605
2020-04-07 07:55,1597
2020-04-07 08:00,1616
2020-04-07 08:05,1624
2020-04-07 08:10,1669
2020-04-07 08:15,1679
2020-04-07 08:20,1678
2020-04-07 08:25,1676
2020-04-07 08:30,1678
2020-04-07 08:35,1692
2020-04-07 08:40,1739
2020-04-07 08:45,1761
2020-04-07 08:50,1785
2020-04-07 08:55,1807
2020-04-07 09:00,1836
2020-04-07 09:05,1832
2020-04-07 09:10,1858
2020-04-07 09:15,1864
2020-04-07 09:20,1863
2020-04-07 09:25,1898
2020-04-07 09:30,1914
2020-04-07 09:35,1902
2020-04-07 09:40,1899
2020-04-07 09:45,1917
2020-04-07 09:50,1925
2020-04-07 09:55,1913
2020-04-07 10:00,1938
2020-04-07 10:05,2009
2020-04-07 10:10,2058
2020-04-07 10:15,2092
2020-04-07 10:20,2123
2020-04-07 10:25,2158
2020-04-07 10:30,2172
2020-04-07 10:35,2194
2020-04-07 10:40,2201
2020-04-07 10:45,2200
2020-04-07 10:50,2246
2020-04-07 10:55,2255
2020-04-07 11:00,2285
2020-04-07 11:05,2297
2020-04-07 11:10,2312
2020-04-07 11:15,2294
2020-04-07 11:20,2317
2020-04-07 11:25,2314
2020-04-07 11:30,2318
2020-04-07 11:35,2316
2020-04-07 11:40,2337
2020-04-07 11:45,2370
2020-04-07 11:50,2419
2020-04-07 11:55,2465
2020-04-07 12:00,2463
2020-04-07 12:05,2455
2020-04-07 12:10,2479
2020-04-07 12:15,2463
2020-04-07 12:20,2466
2020-04-07 12:25,2492
2020-04-07 12:30,2527
2020-04-07 12:35,2559
2020-04-07 12:40,2575
2020-04-07 12:45,2608
2020-04-07 12:50,2625
2020-04-07 12:55,2662
2020-04-07 13:00,2666
2020-04-07 13:05,2664
2020-04-07 13:10,2688
2020-04-07 13:15,2674
2020-04-07 13:20,2680
2020-04-07 13:25,2701
2020-04-07 13:30,2667
2020-04-07 13:35,2658
2020-04-07 13:40,2665
2020-04-07 13:45,2647
2020-04-07 13:50,2599
2020-04-07 13:55,2499
2020-04-07 14:00,2289
2020-04-07 14:05,1410
2020-04-07 14:10,1334
2020-04-07 14:15,1329
2020-04-07 14:20,1317
2020-04-07 14:25,1312
2020-04-07 14:30,1330
2020-04-07 14:35,1337
2020-04-07 14:40,1357
2020-04-07 14:45,1362
2020-04-07 14:50,1335
2020-04-07 14:55,1362
2020-04-07 15:00,1404
2020-04-07 15:05,1409
2020-04-07 15:10,1426
2020-04-07 15:15,1417
2020-04-07 15:20,1505
2020-04-07 15:25,1694
2020-04-07 15:30,1843
2020-04-07 15:35,1991
2020-04-07 15:40,2127
2020-04-07 15:45,2243
2020-04-07 15:50,2358
2020-04-07 15:55,2487
2020-04-07 16:00,2632
2020-04-07 16:05,2803
2020-04-07 16:10,2929
2020-04-07 16:15,3048
2020-04-07 16:20,3164
2020-04-07 16:25,3241
2020-04-07 16:30,3310
2020-04-07 16:35,3370
2020-04-07 16:40,3417
2020-04-07 16:45,3476
2020-04-07 16:50,3516
2020-04-07 16:55,3549
2020-04-07 17:00,3574
2020-04-07 17:05,3618
2020-04-07 17:10,3648
2020-04-07 17:15,3661
2020-04-07 17:20,3677
2020-04-07 17:25,3716
2020-04-07 17:30,3721
2020-04-07 17:35,3733
2020-04-07 17:40,3731
2020-04-07 17:45,3736
2020-04-07 17:50,3723
2020-04-07 17:55,3728
2020-04-07 18:00,3698
2020-04-07 18:05,3701
2020-04-07 18:10,3681
2020-04-07 18:15,3682
2020-04-07 18:20,3704
2020-04-07 18:25,3731
2020-04-07 18:30,3738
2020-04-07 18:35,3746
2020-04-07 18:40,3776
2020-04-07 18:45,3792
2020-04-07 18:50,3804
2020-04-07 18:55,3816
2020-04-07 19:00,3803
2020-04-07 19:05,3793
2020-04-07 19:10,3792
2020-04-07 19:15,3800
2020-04-07 19:20,3809
2020-04-07 19:25,3832
2020-04-07 19:30,3821
2020-04-07 19:35,3805
2020-04-07 19:40,3812
2020-04-07 19:45,3827
2020-04-07 19:50,3840
2020-04-07 19:55,3816
2020-04-07 20:00,3796
2020-04-07 20:05,3786
2020-04-07 20:10,3755
2020-04-07 20:15,3730
2020-04-07 20:20,3698
2020-04-07 20:25,3680
2020-04-07 20:30,3665
2020-04-07 20:35,3664
2020-04-07 20:40,3645
2020-04-07 20:45,3638
2020-04-07 20:50,3593
2020-04-07 20:55,3588
2020-04-07 21:00,3567
2020-04-07 21:05,3542
2020-04-07 21:10,3517
2020-04-07 21:15,3485
2020-04-07 21:20,3479
2020-04-07 21:25,3450
2020-04-07 21:30,3417
2020-04-07 21:35,3379
2020-04-07 21:40,3339
2020-04-07 21:45,3322
2020-04-07 21:50,3300
2020-04-07 21:55,3277
2020-04-07 22:00,3231
2020-04-07 22:05,3227
2020-04-07 22:10,3180
2020-04-07 22:15,3132
2020-04-07 22:20,3079
2020-04-07 22:25,3038
2020-04-07 22:30,2978
2020-04-07 22:35,2952
2020-04-07 22:40,2908
2020-04-07 22:45,2871
2020-04-07 22:50,2855
2020-04-07 22:55,2817
2020-04-07 23:00,2794
2020-04-07 23:05,2751
2020-04-07 23:10,
2020-04-07 23:15,0
2020-04-07 23:20,0
2020-04-07 23:25,940
2020-04-07 23:30,1902
2020-04-07 23:35,2523
2020-04-07 23:40,2604
2020-04-07 23:45,2623
2020-04-07 23:50,2618
2020-04-07 23:55,2595
2020-04-08 00:00,2503
2020-04-08 00:05,2491
2020-04-08 00:10,2417
2020-04-08 00:15,2402
2020-04-08 00:20,2375
2020-04-08 00:25,2374
2020-04-08 00:30,2368
2020-04-08 00:35,2356
2020-04-08 00:40,2349
2020-04-08 00:45,2319
2020-04-08 00:50,2322
2020-04-08 00:55,2333
2020-04-08 01:00,2310
2020-04-08 01:05,2310
2020-04-08 01:10,2308
2020-04-08 01:15,2309
2020-04-08 01:20,2302
2020-04-08 01:25,2288
2020-04-08 01:30,2283
2020-04-08 01:35,2257
2020-04-08 01:40,2269
2020-04-08 01:45,2236
2020-04-08 01:50,2211
2020-04-08 01:55,2219
2020-04-08 02:00,2211
2020-04-08 02:05,2190
2020-04-08 02:10,2179
2020-04-08 02:15,2164
2020-04-08 02:20,2148
2020-04-08 02:25,2109
2020-04-08 02:30,2098
2020-04-08 02:35,2097
2020-04-08 02:40,2097
2020-04-08 02:45,2054
2020-04-08 02:50,2049
2020-04-08 02:55,2030
2020-04-08 03:00,1998
2020-04-08 03:05,1955
2020-04-08 03:10,1931
2020-04-08 03:15,1919
2020-04-08 03:20,1893
2020-04-08 03:25,1877
2020-04-08 03:30,1856
2020-04-08 03:35,1834
2020-04-08 03:40,1816
2020-04-08 03:45,1801
2020-04-08 03:50,1778
2020-04-08 03:55,1770
2020-04-08 04:00,1770
2020-04-08 04:05,1756
2020-04-08 04:10,1750
2020-04-08 04:15,1723
2020-04-08 04:20,1717
2020-04-08 04:25,1705
2020-04-08 04:30,1710
2020-04-08 04:35,1702
2020-04-08 04:40,1695
2020-04-08 04:45,1690
2020-04-08 04:50,1673
2020-04-08 04:55,1662
2020-04-08 05:00,1658
2020-04-08 05:05,1654
2020-04-08 05:10,1652
2020-04-08 05:15,1634
2020-04-08 05:20,1621
2020-04-08 05:25,1595
2020-04-08 05:30,1556
2020-04-08 05:35,1558
2020-04-08 05:40,1527
2020-04-08 05:45,1528
2020-04-08 05:50,1513
2020-04-08 05:55,1539
2020-04-08 06:00,1521
2020-04-08 06:05,1514
2020-04-08 06:10,1509
2020-04-08 06:15,1501
2020-04-08 06:20,1522
2020-04-08 06:25,1527
2020-04-08 06:30,1535
2020-04-08 06:35,1540
2020-04-08 06:40,1555
2020-04-08 06:45,1576
2020-04-08 06:50,1563
2020-04-08 06:55,1568
2020-04-08 07:00,1581
2020-04-08 07:05,1571
2020-04-08 07:10,1566
2020-04-08 07:15,1569
2020-04-08 07:20,1565
2020-04-08 07:25,1569
2020-04-08 07:30,1583
2020-04-08 07:35,1588
2020-04-08 07:40,1601
2020-04-08 07:45,1607
2020-04-08 07:50,1604
2020-04-08 07:55,1607
2020-04-08 08:00,1616
2020-04-08 08:05,1637
2020-04-08 08:10,1661
2020-04-08 08:15,1664
2020-04-08 08:20,1705
2020-04-08 08:25,1720
2020-04-08 08:30,1732
2020-04-08 08:35,1746
2020-04-08 08:40,1765
2020-04-08 08:45,1775
2020-04-08 08:50,1784
2020-04-08 08:55,1809
2020-04-08 09:00,1801
2020-04-08 09:05,1818
2020-04-08 09:10,1839
2020-04-08 09:15,1423
2020-04-08 09:20,1844
2020-04-08 09:25,1884
2020-04-08 09:30,1937
2020-04-08 09:35,1947
2020-04-08 09:40,1954
2020-04-08 09:45,1979
2020-04-08 09:50,1973
2020-04-08 09:55,1999
2020-04-08 10:00,2017
2020-04-08 10:05,2070
2020-04-08 10:10,2103
2020-04-08 10:15,2120
2020-04-08 10:20,2114
2020-04-08 10:25,2139
2020-04-08 10:30,2147
2020-04-08 10:35,2184
2020-04-08 10:40,2196
2020-04-08 10:45,2199
2020-04-08 10:50,2211
2020-04-08 10:55,2233
2020-04-08 11:00,2225
2020-04-08 11:05,2246
2020-04-08 11:10,2250
2020-04-08 11:15,2231
2020-04-08 11:20,2241
2020-04-08 11:25,2264
2020-04-08 11:30,2273
2020-04-08 11:35,2305
2020-04-08 11:40,2297
2020-04-08 11:45,2333
2020-04-08 11:50,2364
2020-04-08 11:55,2381
2020-04-08 12:00,2405
2020-04-08 12:05,2431
2020-04-08 12:10,2448
2020-04-08 12:15,2479
2020-04-08 12:20,2475
2020-04-08 12:25,2504
2020-04-08 12:30,2519
2020-04-08 12:35,2527
2020-04-08 12:40,2543
2020-04-08 12:45,2579
2020-04-08 12:50,2605
2020-04-08 12:55,2609
2020-04-08 13:00,2636
2020-04-08 13:05,2656
2020-04-08 13:10,2689
2020-04-08 13:15,2705
2020-04-08 13:20,2708
2020-04-08 13:25,2723
2020-04-08 13:30,2745
2020-04-08 13:35,2764
2020-04-08 13:40,2762
2020-04-08 13:45,2793
2020-04-08 13:50,2799
2020-04-08 13:55,2807
2020-04-08 14:00,2819
2020-04-08 14:05,2837
2020-04-08 14:10,2864
2020-04-08 14:15,2892
2020-04-08 14:20,2913
2020-04-08 14:25,2916
2020-04-08 14:30,2949
2020-04-08 14:35,2985
2020-04-08 14:40,2998
2020-04-08 14:45,3033
2020-04-08 14:50,3076
2020-04-08 14:55,3112
2020-04-08 15:00,3138
2020-04-08 15:05,3145
2020-04-08 15:10,3164
2020-04-08 15:15,3169
2020-04-08 15:20,3164
2020-04-08 15:25,3190
2020-04-08 15:30,3206
2020-04-08 15:35,3212
2020-04-08 15:40,3228
2020-04-08 15:45,3242
2020-04-08 15:50,3256
2020-04-08 15:55,3243
2020-04-08 16:00,3250
2020-04-08 16:05,3253
2020-04-08 16:10,3249
2020-04-08 16:15,3281
2020-04-08 16:20,3319
2020-04-08 16:25,3339
2020-04-08 16:30,3382
2020-04-08 16:35,3414
2020-04-08 16:40,3431
2020-04-08 16:45,3445
2020-04-08 16:50,3454
2020-04-08 16:55,3462
2020-04-08 17:00,3498
2020-04-08 17:05,3505
2020-04-08 17:10,3525
2020-04-08 17:15,3531
2020-04-08 17:20,3520
2020-04-08 17:25,3526
2020-04-08 17:30,3516
2020-04-08 17:35,3500
2020-04-08 17:40,3512
2020-04-08 17:45,3515
2020-04-08 17:50,3507
2020-04-08 17:55,3510
2020-04-08 18:00,3534
2020-04-08 18:05,3543
2020-04-08 18:10,3566
2020-04-08 18:15,3591
2020-04-08 18:20,3617
2020-04-08 18:25,3648
2020-04-08 18:30,3658
2020-04-08 18:35,3644
2020-04-08 18:40,3629
2020-04-08 18:45,3662
2020-04-08 18:50,3648
2020-04-08 18:55,3662
2020-04-08 19:00,3655
2020-04-08 19:05,3666
2020-04-08 19:10,3667
2020-04-08 19:15,3682
2020-04-08 19:20,3710
2020-04-08 19:25,3695
2020-04-08 19:30,3669
2020-04-08 19:35,3661
2020-04-08 19:40,3677
2020-04-08 19:45,3670
2020-04-08 19:50,3652
2020-04-08 19:55,3656
2020-04-08 20:00,3655
2020-04-08 20:05,3642
2020-04-08 20:10,3647
2020-04-08 20:15,3641
2020-04-08 20:20,3646
2020-04-08 20:25,3642
2020-04-08 20:30,3611
2020-04-08 20:35,3586
2020-04-08 20:40,3579
2020-04-08 20:45,3548
2020-04-08 20:50,3530
2020-04-08 20:55,3503
2020-04-08 21:00,3482
2020-04-08 21:05,3465
2020-04-08 21:10,3459
2020-04-08 21:15,3439
2020-04-08 21:20,3461
2020-04-08 21:25,3412
2020-04-08 21:30,3381
2020-04-08 21:35,3367
2020-04-08 21:40,3352
2020-04-08 21:45,3314
2020-04-08 21:50,3299
2020-04-08 21:55,3258
2020-04-08 22:00,3233
2020-04-08 22:05,3189
2020-04-08 22:10,3150
2020-04-08 22:15,3097
2020-04-08 22:20,3062
2020-04-08 22:25,3028
2020-04-08 22:30,3001
2020-04-08 22:35,2958
2020-04-08 22:40,2885
2020-04-08 22:45,2860
2020-04-08 22:50,2828
2020-04-08 22:55,2787
2020-04-08 23:00,2757
2020-04-08 23:05,2764
2020-04-08 23:10,2729
2020-04-08 23:15,2706
2020-04-08 23:20,2658
2020-04-08 23:25,2645
2020-04-08 23:30,2608
2020-04-08 23:35,2614
2020-04-08 23:40,2574
2020-04-08 23:45,2561
2020-04-08 23:50,2548
2020-04-08 23:55,2531
2020-04-09 00:00,2528
2020-04-09 00:05,2503
2020-04-09 00:10,2485
2020-04-09 00:15,2488
2020-04-09 00:20,2478
2020-04-09 00:25,2484
2020-04-09 00:30,2467
2020-04-09 00:35,2442
2020-04-09 00:40,2413
2020-04-09 00:45,2375
2020-04-09 00:50,2362
2020-04-09 00:55,2343
2020-04-09 01:00,2311
2020-04-09 01:05,2265
2020-04-09 01:10,2253
2020-04-09 01:15,2236
2020-04-09 01:20,2205
2020-04-09 01:25,2183
2020-04-09 01:30,2168
2020-04-09 01:35,2186
2020-04-09 01:40,2206
2020-04-09 01:45,2206
2020-04-09 01:50,2189
2020-04-09 01:55,2179
2020-04-09 02:00,2167
2020-04-09 02:05,2159
2020-04-09 02:10,2140
2020-04-09 02:15,2116
2020-04-09 02:20,2102
2020-04-09 02:25,2085
2020-04-09 02:30,2066
2020-04-09 02:35,2048
2020-04-09 02:40,2030
2020-04-09 02:45,2008
2020-04-09 02:50,1993
2020-04-09 02:55,1953
2020-04-09 03:00,1917
2020-04-09 03:05,1903
2020-04-09 03:10,1893
2020-04-09 03:15,1855
2020-04-09 03:20,1839
2020-04-09 03:25,1826
2020-04-09 03:30,1813
2020-04-09 03:35,1803
2020-04-09 03:40,1798
2020-04-09 03:45,1771
2020-04-09 03:50,1758
2020-04-09 03:55,1743
2020-04-09 04:00,1726
2020-04-09 04:05,1713
2020-04-09 04:10,1682
2020-04-09 04:15,1673
2020-04-09 04:20,1663
2020-04-09 04:25,1659
2020-04-09 04:30,1652
2020-04-09 04:35,1633
2020-04-09 04:40,1638
2020-04-09 04:45,1636
2020-04-09 04:50,1616
2020-04-09 04:55,1636
2020-04-09 05:00,1619
2020-04-09 05:05,1587
2020-04-09 05:10,1561
2020-04-09 05:15,1551
2020-04-09 05:20,1551
2020-04-09 05:25,1543
2020-04-09 05:30,1551
2020-04-09 05:35,1546
2020-04-09 05:40,1541
2020-04-09 05:45,1549
2020-04-09 05:50,1542
2020-04-09 05:55,1520
2020-04-09 06:00,1511
2020-04-09 06:05,1512
2020-04-09 06:10,1504
2020-04-09 06:15,1502
2020-04-09 06:20,1506
2020-04-09 06:25,1515
2020-04-09 06:30,1524
2020-04-09 06:35,1525
2020-04-09 06:40,1539
2020-04-09 06:45,1531
2020-04-09 06:50,1539
2020-04-09 06:55,1544
2020-04-09 07:00,1542
2020-04-09 07:05,1530
2020-04-09 07:10,1533
2020-04-09 07:15,1557
2020-04-09 07:20,1576
2020-04-09 07:25,1580
2020-04-09 07:30,1577
2020-04-09 07:35,1584
2020-04-09 07:40,1589
2020-04-09 07:45,1584
2020-04-09 07:50,1568
2020-04-09 07:55,1589
2020-04-09 08:00,1605
2020-04-09 08:05,1610
2020-04-09 08:10,1640
2020-04-09 08:15,1667
2020-04-09 08:20,1674
2020-04-09 08:25,1699
2020-04-09 08:30,1698
2020-04-09 08:35,1724
2020-04-09 08:40,1718
2020-04-09 08:45,1724
2020-04-09 08:50,1728
2020-04-09 08:55,1746
2020-04-09 09:00,1754
2020-04-09 09:05,1755
2020-04-09 09:10,1793
2020-04-09 09:15,1801
2020-04-09 09:20,1837
2020-04-09 09:25,1841
2020-04-09 09:30,1864
2020-04-09 09:35,1865
2020-04-09 09:40,1884
2020-04-09 09:45,1910
2020-04-09 09:50,1932
2020-04-09 09:55,1930
2020-04-09 10:00,1960
2020-04-09 10:05,2006
2020-04-09 10:10,2019
2020-04-09 10:15,2036
2020-04-09 10:20,2058
2020-04-09 10:25,2084
2020-04-09 10:30,2093
2020-04-09 10:35,2090
2020-04-09 10:40,2128
2020-04-09 10:45,2147
2020-04-09 10:50,2133
2020-04-09 10:55,2143
2020-04-09 11:00,2158
2020-04-09 11:05,2172
2020-04-09 11:10,2181
2020-04-09 11:15,2189
2020-04-09 11:20,2216
2020-04-09 11:25,2224
2020-04-09 11:30,2264
2020-04-09 11:35,2294
2020-04-09 11:40,2305
2020-04-09 11:45,2341
2020-04-09 11:50,2368
2020-04-09 11:55,2383
2020-04-09 12:00,2406
2020-04-09 12:05,2438
2020-04-09 12:10,2472
2020-04-09 12:15,2494
2020-04-09 12:20,2506
2020-04-09 12:25,2518
2020-04-09 12:30,2538
2020-04-09 12:35,2574
2020-04-09 12:40,2600
2020-04-09 12:45,2614
2020-04-09 12:50,2650
2020-04-09 12:55,2652
2020-04-09 13:00,2682
2020-04-09 13:05,2692
2020-04-09 13:10,2729
2020-04-09 13:15,2749
2020-04-09 13:20,2785
2020-04-09 13:25,2786
2020-04-09 13:30,2785
2020-04-09 13:35,2795
2020-04-09 13:40,2796
2020-04-09 13:45,2797
2020-04-09 13:50,2823
2020-04-09 13:55,2801
2020-04-09 14:00,2820
2020-04-09 14:05,2853
2020-04-09 14:10,2864
2020-04-09 14:15,2894
2020-04-09 14:20,2906
2020-04-09 14:25,2926
2020-04-09 14:30,2964
2020-04-09 14:35,3010
2020-04-09 14:40,3036
2020-04-09 14:45,3060
2020-04-09 14:50,3094
2020-04-09 14:55,3122
2020-04-09 15:00,3151
2020-04-09 15:05,3135
2020-04-09 15:10,3131
2020-04-09 15:15,3171
2020-04-09 15:20,3199
2020-04-09 15:25,3207
2020-04-09 15:30,3205
2020-04-09 15:35,3229
2020-04-09 15:40,3261
2020-04-09 15:45,3280
2020-04-09 15:50,3315
2020-04-09 15:55,3323
2020-04-09 16:00,3346
2020-04-09 16:05,3346
2020-04-09 16:10,3333
2020-04-09 16:15,3346
2020-04-09 16:20,3354
2020-04-09 16:25,3374
2020-04-09 16:30,3430
2020-04-09 16:35,3451
2020-04-09 16:40,3469
2020-04-09 16:45,3456
2020-04-09 16:50,3468
2020-04-09 16:55,3475
2020-04-09 17:00,3516
2020-04-09 17:05,3521
2020-04-09 17:10,3566
2020-04-09 17:15,3592
2020-04-09 17:20,3622
2020-04-09 17:25,3655
2020-04-09 17:30,3667
2020-04-09 17:35,3687
2020-04-09 17:40,3708
2020-04-09 17:45,3724
2020-04-09 17:50,3726
2020-04-09 17:55,3739
2020-04-09 18:00,3757
2020-04-09 18:05,3785
2020-04-09 18:10,3797
2020-04-09 18:15,3822
2020-04-09 18:20,3813
2020-04-09 18:25,3850
2020-04-09 18:30,3893
2020-04-09 18:35,3893
2020-04-09 18:40,3897
2020-04-09 18:45,3929
2020-04-09 18:50,3944
2020-04-09 18:55,3973
2020-04-09 19:00,3983
2020-04-09 19:05,3947
2020-04-09 19:10,3946
2020-04-09 19:15,3955
2020-04-09 19:20,3998
2020-04-09 19:25,4020
2020-04-09 19:30,4015
2020-04-09 19:35,3996
2020-04-09 19:40,4011
2020-04-09 19:45,4006
2020-04-09 19:50,3964
2020-04-09 19:55,3971
2020-04-09 20:00,3994
2020-04-09 20:05,3981
2020-04-09 20:10,4004
2020-04-09 20:15,3978
2020-04-09 20:20,4012
2020-04-09 20:25,3999
2020-04-09 20:30,4007
2020-04-09 20:35,3994
2020-04-09 20:40,3982
2020-04-09 20:45,3948
2020-04-09 20:50,3939
2020-04-09 20:55,3920
2020-04-09 21:00,3882
2020-04-09 21:05,3845
2020-04-09 21:10,3821
2020-04-09 21:15,3781
2020-04-09 21:20,3761
2020-04-09 21:25,3685
2020-04-09 21:30,3655
2020-04-09 21:35,3633
2020-04-09 21:40,3613
2020-04-09 21:45,3572
2020-04-09 21:50,3558
2020-04-09 21:55,3529
2020-04-09 22:00,3501
2020-04-09 22:05,3440
2020-04-09 22:10,3420
2020-04-09 22:15,3375
2020-04-09 22:20,3343
2020-04-09 22:25,3271
2020-04-09 22:30,3215
2020-04-09 22:35,3193
2020-04-09 22:40,3158
2020-04-09 22:45,3100
2020-04-09 22:50,3071
2020-04-09 22:55,3027
2020-04-09 23:00,2999
2020-04-09 23:05,2993
2020-04-09 23:10,2969
2020-04-09 23:15,2944
2020-04-09 23:20,2910
2020-04-09 23:25,2850
2020-04-09 23:30,2851
2020-04-09 23:35,2837
2020-04-09 23:40,2802
2020-04-09 23:45,2790
2020-04-09 23:50,2755
2020-04-09 23:55,2735
2020-04-10 00:00,2720
2020-04-10 00:05,2685
2020-04-10 00:10,2666
2020-04-10 00:15,2652
2020-04-10 00:20,2644
2020-04-10 00:25,2607
2020-04-10 00:30,2582
2020-04-10 00:35,2575
2020-04-10 00:40,2547
2020-04-10 00:45,2528
2020-04-10 00:50,2550
2020-04-10 00:55,2536
2020-04-10 01:00,2531
2020-04-10 01:05,2524
2020-04-10 01:10,2493
2020-04-10 01:15,2471
2020-04-10 01:20,2467
2020-04-10 01:25,2455
2020-04-10 01:30,2438
2020-04-10 01:35,2444
2020-04-10 01:40,2448
2020-04-10 01:45,2438
2020-04-10 01:50,2438
2020-04-10 01:55,2440
2020-04-10 02:00,2405
2020-04-10 02:05,2389
2020-04-10 02:10,2350
2020-04-10 02:15,2342
2020-04-10 02:20,2355
2020-04-10 02:25,2342
2020-04-10 02:30,2314
2020-04-10 02:35,2291
2020-04-10 02:40,2278
2020-04-10 02:45,2290
2020-04-10 02:50,2290
2020-04-10 02:55,2250
2020-04-10 03:00,2243
2020-04-10 03:05,2210
2020-04-10 03:10,2189
2020-04-10 03:15,2184
2020-04-10 03:20,2163
2020-04-10 03:25,2158
2020-04-10 03:30,2115
2020-04-10 03:35,2110
2020-04-10 03:40,2092
2020-04-10 03:45,2069
2020-04-10 03:50,2056
2020-04-10 03:55,2054
2020-04-10 04:00,2032
2020-04-10 04:05,2000
2020-04-10 04:10,1990
2020-04-10 04:15,1977
2020-04-10 04:20,1964
2020-04-10 04:25,1933
2020-04-10 04:30,1928
2020-04-10 04:35,1907
2020-04-10 04:40,1896
2020-04-10 04:45,1865
2020-04-10 04:50,1844
2020-04-10 04:55,1821
2020-04-10 05:00,1791
2020-04-10 05:05,1794
2020-04-10 05:10,1777
2020-04-10 05:15,1764
2020-04-10 05:20,1764
2020-04-10 05:25,1753
2020-04-10 05:30,1753
2020-04-10 05:35,1760
2020-04-10 05:40,1755
2020-04-10 05:45,1715
2020-04-10 05:50,1706
2020-04-10 05:55,1700
2020-04-10 06:00,1682
2020-04-10 06:05,1673
2020-04-10 06:10,1665
2020-04-10 06:15,1657
2020-04-10 06:20,1655
2020-04-10 06:25,1663
2020-04-10 06:30,1667
2020-04-10 06:35,1672
2020-04-10 06:40,1670
2020-04-10 06:45,1658
2020-04-10 06:50,1679
2020-04-10 06:55,1681
2020-04-10 07:00,1670
2020-04-10 07:05,1669
2020-04-10 07:10,1670
2020-04-10 07:15,1664
2020-04-10 07:20,1679
2020-04-10 07:25,1705
2020-04-10 07:30,1737
2020-04-10 07:35,1763
2020-04-10 07:40,1767
2020-04-10 07:45,1777
2020-04-10 07:50,1795
2020-04-10 07:55,1803
2020-04-10 08:00,1794
2020-04-10 08:05,1830
2020-04-10 08:10,1849
2020-04-10 08:15,1893
2020-04-10 08:20,1902
2020-04-10 08:25,1908
2020-04-10 08:30,1918
2020-04-10 08:35,1939
2020-04-10 08:40,1945
2020-04-10 08:45,1945
2020-04-10 08:50,1962
2020-04-10 08:55,1989
2020-04-10 09:00,2010
2020-04-10 09:05,2009
2020-04-10 09:10,2031
2020-04-10 09:15,2053
2020-04-10 09:20,2092
2020-04-10 09:25,2123
2020-04-10 09:30,2145
2020-04-10 09:35,2173
2020-04-10 09:40,2188
2020-04-10 09:45,2199
2020-04-10 09:50,2196
2020-04-10 09:55,2210
2020-04-10 10:00,2243
2020-04-10 10:05,2288
2020-04-10 10:10,2313
2020-04-10 10:15,2330
2020-04-10 10:20,2337
2020-04-10 10:25,2357
2020-04-10 10:30,2345
2020-04-10 10:35,2372
2020-04-10 10:40,2387
2020-04-10 10:45,2395
2020-04-10 10:50,2398
2020-04-10 10:55,2440
2020-04-10 11:00,2462
2020-04-10 11:05,2482
2020-04-10 11:10,2501
2020-04-10 11:15,2496
2020-04-10 11:20,2519
2020-04-10 11:25,2532
2020-04-10 11:30,2558
2020-04-10 11:35,2565
2020-04-10 11:40,2581
2020-04-10 11:45,2617
2020-04-10 11:50,2635
2020-04-10 11:55,2646
2020-04-10 12:00,2685
2020-04-10 12:05,2693
2020-04-10 12:10,2714
2020-04-10 12:15,2743
2020-04-10 12:20,2760
2020-04-10 12:25,2769
2020-04-10 12:30,2801
2020-04-10 12:35,2837
2020-04-10 12:40,2841
2020-04-10 12:45,2863
2020-04-10 12:50,2893
2020-04-10 12:55,2907
2020-04-10 13:00,2916
2020-04-10 13:05,2959
2020-04-10 13:10,2996
2020-04-10 13:15,3029
2020-04-10 13:20,3039
2020-04-10 13:25,3091
2020-04-10 13:30,3097
2020-04-10 13:35,3108
2020-04-10 13:40,3118
2020-04-10 13:45,3121
2020-04-10 13:50,3113
2020-04-10 13:55,3102
2020-04-10 14:00,3133
2020-04-10 14:05,3132
2020-04-10 14:10,3157
2020-04-10 14:15,3186
2020-04-10 14:20,3211
2020-04-10 14:25,3242
2020-04-10 14:30,3266
2020-04-10 14:35,3303
2020-04-10 14:40,3336
2020-04-10 14:45,3366
2020-04-10 14:50,3375
2020-04-10 14:55,3380
2020-04-10 15:00,3394
2020-04-10 15:05,3431
2020-04-10 15:10,3421
2020-04-10 15:15,3467
2020-04-10 15:20,3510
2020-04-10 15:25,3531
2020-04-10 15:30,3554
2020-04-10 15:35,3559
2020-04-10 15:40,3566
2020-04-10 15:45,3607
2020-04-10 15:50,3604
2020-04-10 15:55,3621
2020-04-10 16:00,3629
2020-04-10 16:05,3648
2020-04-10 16:10,3633
2020-04-10 16:15,3633
2020-04-10 16:20,3644
2020-04-10 16:25,3688
2020-04-10 16:30,3723
2020-04-10 16:35,3729
2020-04-10 16:40,3743
2020-04-10 16:45,3747
2020-04-10 16:50,3756
2020-04-10 16:55,3734
2020-04-10 17:00,3732
2020-04-10 17:05,3745
2020-04-10 17:10,3750
2020-04-10 17:15,3730
2020-04-10 17:20,3769
2020-04-10 17:25,
2020-04-10 17:30,3806
2020-04-10 17:35,3837
2020-04-10 17:40,3835
2020-04-10 17:45,3852
2020-04-10 17:50,3876
2020-04-10 17:55,3880
2020-04-10 18:00,3880
2020-04-10 18:05,3887
2020-04-10 18:10,3896
2020-04-10 18:15,3893
2020-04-10 18:20,3884
2020-04-10 18:25,3900
2020-04-10 18:30,3913
2020-04-10 18:35,3935
2020-04-10 18:40,3949
2020-04-10 18:45,3948
2020-04-10 18:50,3972
2020-04-10 18:55,3975
2020-04-10 19:00,3978
2020-04-10 19:05,3974
2020-04-10 19:10,3994
2020-04-10 19:15,3992
2020-04-10 19:20,4015
2020-04-10 19:25,4028
2020-04-10 19:30,4035
2020-04-10 19:35,4044
2020-04-10 19:40,4064
2020-04-10 19:45,4052
2020-04-10 19:50,4062
2020-04-10 19:55,4052
2020-04-10 20:00,4000
2020-04-10 20:05,4001
2020-04-10 20:10,3983
2020-04-10 20:15,3997
2020-04-10 20:20,3980
2020-04-10 20:25,3960
2020-04-10 20:30,3942
2020-04-10 20:35,3943
2020-04-10 20:40,3930
2020-04-10 20:45,3897
2020-04-10 20:50,3903
2020-04-10 20:55,3873
2020-04-10 21:00,3848
2020-04-10 21:05,3837
2020-04-10 21:10,3796
2020-04-10 21:15,3769
2020-04-10 21:20,3743
2020-04-10 21:25,3724
2020-04-10 21:30,3712
2020-04-10 21:35,3704
2020-04-10 21:40,3669
2020-04-10 21:45,3621
2020-04-10 21:50,3598
2020-04-10 21:55,3557
2020-04-10 22:00,3536
2020-04-10 22:05,3517
2020-04-10 22:10,3495
2020-04-10 22:15,3451
2020-04-10 22:20,3412
2020-04-10 22:25,3406
2020-04-10 22:30,3357
2020-04-10 22:35,3318
2020-04-10 22:40,3253
2020-04-10 22:45,3229
2020-04-10 22:50,3190
2020-04-10 22:55,3188
2020-04-10 23:00,3156
2020-04-10 23:05,3119
2020-04-10 23:10,3111
2020-04-10 23:15,3081
2020-04-10 23:20,3052
2020-04-10 23:25,3008
2020-04-10 23:30,2986
2020-04-10 23:35,2978
2020-04-10 23:40,2941
2020-04-10 23:45,2898
2020-04-10 23:50,2868
2020-04-10 23:55,2842
2020-04-11 00:00,2805
2020-04-11 00:05,2795
2020-04-11 00:10,2759
2020-04-11 00:15,2724
2020-04-11 00:20,2690
2020-04-11 00:25,2696
2020-04-11 00:30,2669
2020-04-11 00:35,2641
2020-04-11 00:40,2614
2020-04-11 00:45,2586
2020-04-11 00:50,2566
2020-04-11 00:55,2560
2020-04-11 01:00,2532
2020-04-11 01:05,2499
2020-04-11 01:10,2490
2020-04-11 01:15,2460
2020-04-11 01:20,2461
2020-04-11 01:25,2460
2020-04-11 01:30,2441
2020-04-11 01:35,2455
2020-04-11 01:40,2446
2020-04-11 01:45,2438
2020-04-11 01:50,2450
2020-04-11 01:55,2438
2020-04-11 02:00,2408
2020-04-11 02:05,2407
2020-04-11 02:10,2388
2020-04-11 02:15,2373
2020-04-11 02:20,2349
2020-04-11 02:25,2344
2020-04-11 02:30,2323
2020-04-11 02:35,2276
2020-04-11 02:40,2244
2020-04-11 02:45,2236
2020-04-11 02:50,2232
2020-04-11 02:55,2243
2020-04-11 03:00,2206
2020-04-11 03:05,2196
2020-04-11 03:10,2172
2020-04-11 03:15,2169
2020-04-11 03:20,2158
2020-04-11 03:25,2130
2020-04-11 03:30,2117
2020-04-11 03:35,2117
2020-04-11 03:40,2102
2020-04-11 03:45,2098
2020-04-11 03:50,2073
2020-04-11 03:55,2057
2020-04-11 04:00,2061
2020-04-11 04:05,2047
2020-04-11 04:10,2023
2020-04-11 04:15,2030
2020-04-11 04:20,2015
2020-04-11 04:25,2018
2020-04-11 04:30,2009
2020-04-11 04:35,1983
2020-04-11 04:40,1962
2020-04-11 04:45,1943
2020-04-11 04:50,1930
2020-04-11 04:55,1906
2020-04-11 05:00,1872
2020-04-11 05:05,1858
2020-04-11 05:10,1838
2020-04-11 05:15,1820
2020-04-11 05:20,1797
2020-04-11 05:25,1801
2020-04-11 05:30,1823
2020-04-11 05:35,1821
2020-04-11 05:40,1838
2020-04-11 05:45,1821
2020-04-11 05:50,1819
2020-04-11 05:55,1828
2020-04-11 06:00,1807
2020-04-11 06:05,1813
2020-04-11 06:10,1800
2020-04-11 06:15,1801
2020-04-11 06:20,1794
2020-04-11 06:25,1786
2020-04-11 06:30,1812
2020-04-11 06:35,1816
2020-04-11 06:40,1824
2020-04-11 06:45,1816
2020-04-11 06:50,1828
2020-04-11 06:55,1817
2020-04-11 07:00,1815
2020-04-11 07:05,1816
2020-04-11 07:10,1852
2020-04-11 07:15,1851
2020-04-11 07:20,1851
2020-04-11 07:25,1861
2020-04-11 07:30,1856
2020-04-11 07:35,1856
2020-04-11 07:40,1878
2020-04-11 07:45,1872
2020-04-11 07:50,1879
2020-04-11 07:55,1883
2020-04-11 08:00,1914
2020-04-11 08:05,1927
2020-04-11 08:10,1966
2020-04-11 08:15,1965
2020-04-11 08:20,1968
2020-04-11 08:25,1997
2020-04-11 08:30,2027
2020-04-11 08:35,2036
2020-04-11 08:40,2029
2020-04-11 08:45,2059
2020-04-11 08:50,2068
2020-04-11 08:55,2077
2020-04-11 09:00,2106
2020-04-11 09:05,2114
2020-04-11 09:10,2126
2020-04-11 09:15,2162
2020-04-11 09:20,2170
2020-04-11 09:25,2179
2020-04-11 09:30,2200
2020-04-11 09:35,2229
2020-04-11 09:40,2266
2020-04-11 09:45,2282
2020-04-11 09:50,2323
2020-04-11 09:55,2343
2020-04-11 10:00,2338
2020-04-11 10:05,2367
2020-04-11 10:10,2406
2020-04-11 10:15,2439
2020-04-11 10:20,2516
2020-04-11 10:25,2530
2020-04-11 10:30,2550
2020-04-11 10:35,2582
2020-04-11 10:40,2585
2020-04-11 10:45,2602
2020-04-11 10:50,2594
2020-04-11 10:55,2604
2020-04-11 11:00,2591
2020-04-11 11:05,2636
2020-04-11 11:10,2644
2020-04-11 11:15,2646
2020-04-11 11:20,2677
2020-04-11 11:25,2690
2020-04-11 11:30,2730
2020-04-11 11:35,2728
2020-04-11 11:40,2753
2020-04-11 11:45,2768
2020-04-11 11:50,2790
2020-04-11 11:55,2824
2020-04-11 12:00,2856
2020-04-11 12:05,2885
2020-04-11 12:10,2884
2020-04-11 12:15,2877
2020-04-11 12:20,2874
2020-04-11 12:25,2919
2020-04-11 12:30,2969
2020-04-11 12:35,2996
2020-04-11 12:40,3016
2020-04-11 12:45,3040
2020-04-11 12:50,3035
2020-04-11 12:55,3066
2020-04-11 13:00,3112
2020-04-11 13:05,3135
2020-04-11 13:10,3171
2020-04-11 13:15,3182
2020-04-11 13:20,3215
2020-04-11 13:25,3257
2020-04-11 13:30,3283
2020-04-11 13:35,3298
2020-04-11 13:40,3326
2020-04-11 13:45,3332
2020-04-11 13:50,3355
2020-04-11 13:55,3324
2020-04-11 14:00,3314
2020-04-11 14:05,3329
2020-04-11 14:10,3360
2020-04-11 14:15,3399
2020-04-11 14:20,3387
2020-04-11 14:25,3451
2020-04-11 14:30,3479
2020-04-11 14:35,3486
2020-04-11 14:40,3473
2020-04-11 14:45,3486
2020-04-11 14:50,3531
2020-04-11 14:55,3548
2020-04-11 15:00,3570
2020-04-11 15:05,3606
2020-04-11 15:10,3617
2020-04-11 15:15,3627
2020-04-11 15:20,3646
2020-04-11 15:25,3661
2020-04-11 15:30,3674
2020-04-11 15:35,3691
2020-04-11 15:40,3706
2020-04-11 15:45,3707
2020-04-11 15:50,3693
2020-04-11 15:55,3712
2020-04-11 16:00,3723
2020-04-11 16:05,3729
2020-04-11 16:10,3733
2020-04-11 16:15,3745
2020-04-11 16:20,3770
2020-04-11 16:25,3800
2020-04-11 16:30,3794
2020-04-11 16:35,3811
2020-04-11 16:40,3804
2020-04-11 16:45,3815
2020-04-11 16:50,3824
2020-04-11 16:55,3860
2020-04-11 17:00,3879
2020-04-11 17:05,3884
2020-04-11 17:10,3901
2020-04-11 17:15,3895
2020-04-11 17:20,3914
2020-04-11 17:25,3924
2020-04-11 17:30,3941
2020-04-11 17:35,3932
2020-04-11 17:40,3955
2020-04-11 17:45,3966
2020-04-11 17:50,3978
2020-04-11 17:55,3964
2020-04-11 18:00,3944
2020-04-11 18:05,3947
2020-04-11 18:10,3970
2020-04-11 18:15,3975
2020-04-11 18:20,3970
2020-04-11 18:25,3975
2020-04-11 18:30,3983
2020-04-11 18:35,4000
2020-04-11 18:40,4011
2020-04-11 18:45,4030
2020-04-11 18:50,4062
2020-04-11 18:55,4066
2020-04-11 19:00,4073
2020-04-11 19:05,4045
2020-04-11 19:10,4052
2020-04-11 19:15,4042
2020-04-11 19:20,4060
2020-04-11 19:25,4068
2020-04-11 19:30,4092
2020-04-11 19:35,4096
2020-04-11 19:40,4137
2020-04-11 19:45,4148
2020-04-11 19:50,4139
2020-04-11 19:55,4140
2020-04-11 20:00,4154
2020-04-11 20:05,4156
2020-04-11 20:10,4154
2020-04-11 20:15,4144
2020-04-11 20:20,4111
2020-04-11 20:25,4131
2020-04-11 20:30,4131
2020-04-11 20:35,4104
2020-04-11 20:40,4133
2020-04-11 20:45,4114
2020-04-11 20:50,4106
2020-04-11 20:55,4093
2020-04-11 21:00,4043
2020-04-11 21:05,4009
2020-04-11 21:10,4005
2020-04-11 21:15,3985
2020-04-11 21:20,3967
2020-04-11 21:25,3924
2020-04-11 21:30,3885
2020-04-11 21:35,3878
2020-04-11 21:40,3836
2020-04-11 21:45,3827
2020-04-11 21:50,3784
2020-04-11 21:55,3730
2020-04-11 22:00,3681
2020-04-11 22:05,3657
2020-04-11 22:10,3632
2020-04-11 22:15,3586
2020-04-11 22:20,3551
2020-04-11 22:25,3523
2020-04-11 22:30,3484
2020-04-11 22:35,3451
2020-04-11 22:40,3398
2020-04-11 22:45,3346
2020-04-11 22:50,3289
2020-04-11 22:55,3288
2020-04-11 23:00,3260
2020-04-11 23:05,3224
2020-04-11 23:10,3183
2020-04-11 23:15,3154
2020-04-11 23:20,3142
2020-04-11 23:25,3139
2020-04-11 23:30,3072
2020-04-11 23:35,3053
2020-04-11 23:40,3032
2020-04-11 23:45,3015
2020-04-11 23:50,2991
2020-04-11 23:55,2975
2020-04-12 00:00,2972
2020-04-12 00:05,2919
2020-04-12 00:10,2887
2020-04-12 00:15,2869
2020-04-12 00:20,2838
2020-04-12 00:25,2798
2020-04-12 00:30,2773
2020-04-12 00:35,2763
2020-04-12 00:40,2747
2020-04-12 00:45,2692
2020-04-12 00:50,2660
2020-04-12 00:55,2636
2020-04-12 01:00,2586
2020-04-12 01:05,2559
2020-04-12 01:10,2533
2020-04-12 01:15,2508
2020-04-12 01:20,2510
2020-04-12 01:25,2508
2020-04-12 01:30,2476
2020-04-12 01:35,2465
2020-04-12 01:40,2469
2020-04-12 01:45,2440
2020-04-12 01:50,2436
2020-04-12 01:55,2422
2020-04-12 02:00,2430
2020-04-12 02:05,2432
2020-04-12 02:10,2427
2020-04-12 02:15,2393
2020-04-12 02:20,2406
2020-04-12 02:25,2406
2020-04-12 02:30,2393
2020-04-12 02:35,2385
2020-04-12 02:40,2375
2020-04-12 02:45,2358
2020-04-12 02:50,2380
2020-04-12 02:55,2369
2020-04-12 03:00,2358
2020-04-12 03:05,2336
2020-04-12 03:10,2316
2020-04-12 03:15,2302
2020-04-12 03:20,2301
2020-04-12 03:25,2293
2020-04-12 03:30,2281
2020-04-12 03:35,2258
2020-04-12 03:40,2236
2020-04-12 03:45,2221
2020-04-12 03:50,2189
2020-04-12 03:55,2144
2020-04-12 04:00,2117
2020-04-12 04:05,2073
2020-04-12 04:10,2047
2020-04-12 04:15,2031
2020-04-12 04:20,1997
2020-04-12 04:25,1973
2020-04-12 04:30,1973
2020-04-12 04:35,1952
2020-04-12 04:40,1944
2020-04-12 04:45,1934
2020-04-12 04:50,1921
2020-04-12 04:55,1901
2020-04-12 05:00,1900
2020-04-12 05:05,1895
2020-04-12 05:10,1885
2020-04-12 05:15,1866
2020-04-12 05:20,1853
2020-04-12 05:25,1845
2020-04-12 05:30,1861
2020-04-12 05:35,1848
2020-04-12 05:40,1862
2020-04-12 05:45,1839
2020-04-12 05:50,1825
2020-04-12 05:55,1817
2020-04-12 06:00,1809
2020-04-12 06:05,1808
2020-04-12 06:10,1791
2020-04-12 06:15,1785
2020-04-12 06:20,1791
2020-04-12 06:25,1788
2020-04-12 06:30,1793
2020-04-12 06:35,1792
2020-04-12 06:40,1785
2020-04-12 06:45,1807
2020-04-12 06:50,1827
2020-04-12 06:55,1832
2020-04-12 07:00,1826
2020-04-12 07:05,1825
2020-04-12 07:10,1829
2020-04-12 07:15,1843
2020-04-12 07:20,1861
2020-04-12 07:25,1865
2020-04-12 07:30,1888
2020-04-12 07:35,1879
2020-04-12 07:40,1873
2020-04-12 07:45,1868
2020-04-12 07:50,1884
2020-04-12 07:55,1899
2020-04-12 08:00,1924
2020-04-12 08:05,1935
2020-04-12 08:10,1957
2020-04-12 08:15,1986
2020-04-12 08:20,2015
2020-04-12 08:25,2042
2020-04-12 08:30,2073
2020-04-12 08:35,2092
2020-04-12 08:40,2116
2020-04-12 08:45,2133
2020-04-12 08:50,2156
2020-04-12 08:55,2188
2020-04-12 09:00,2224
2020-04-12 09:05,2256
2020-04-12 09:10,2260
2020-04-12 09:15,2282
2020-04-12 09:20,2298
2020-04-12 09:25,2299
2020-04-12 09:30,2341
2020-04-12 09:35,2358
2020-04-12 09:40,2353
2020-04-12 09:45,2379
2020-04-12 09:50,2376
2020-04-12 09:55,2404
2020-04-12 10:00,2450
2020-04-12 10:05,2503
2020-04-12 10:10,2547
2020-04-12 10:15,2564
2020-04-12 10:20,2586
2020-04-12 10:25,2610
2020-04-12 10:30,2632
2020-04-12 10:35,2654
2020-04-12 10:40,2661
2020-04-12 10:45,2693
2020-04-12 10:50,2695
2020-04-12 10:55,2724
2020-04-12 11:00,2730
2020-04-12 11:05,2766
2020-04-12 11:10,2767
2020-04-12 11:15,2756
2020-04-12 11:20,2770
2020-04-12 11:25,2797
2020-04-12 11:30,2800
2020-04-12 11:35,2793
2020-04-12 11:40,2839
2020-04-12 11:45,2844
2020-04-12 11:50,2865
2020-04-12 11:55,2890
2020-04-12 12:00,2923
2020-04-12 12:05,2944
2020-04-12 12:10,2952
2020-04-12 12:15,2977
2020-04-12 12:20,2987
2020-04-12 12:25,3023
2020-04-12 12:30,3038
2020-04-12 12:35,3047
2020-04-12 12:40,3086
2020-04-12 12:45,3127
2020-04-12 12:50,3131
2020-04-12 12:55,3159
2020-04-12 13:00,3189
2020-04-12 13:05,3240
2020-04-12 13:10,3235
2020-04-12 13:15,3263
2020-04-12 13:20,3311
2020-04-12 13:25,3337
2020-04-12 13:30,3351
2020-04-12 13:35,3377
2020-04-12 13:40,3404
2020-04-12 13:45,3442
2020-04-12 13:50,3467
2020-04-12 13:55,3484
2020-04-12 14:00,3503
2020-04-12 14:05,3506
2020-04-12 14:10,3535
2020-04-12 14:15,3557
2020-04-12 14:20,3581
2020-04-12 14:25,3591
2020-04-12 14:30,3605
2020-04-12 14:35,3619
2020-04-12 14:40,3622
2020-04-12 14:45,3675
2020-04-12 14:50,3663
2020-04-12 14:55,3680
2020-04-12 15:00,3703
2020-04-12 15:05,3741
2020-04-12 15:10,3764
2020-04-12 15:15,3780
2020-04-12 15:20,3802
2020-04-12 15:25,3826
2020-04-12 15:30,3871
2020-04-12 15:35,3898
2020-04-12 15:40,3926
2020-04-12 15:45,3946
2020-04-12 15:50,3968
2020-04-12 15:55,3991
2020-04-12 16:00,4010
2020-04-12 16:05,3990
2020-04-12 16:10,4019
2020-04-12 16:15,4014
2020-04-12 16:20,4001
2020-04-12 16:25,3998
2020-04-12 16:30,3997
2020-04-12 16:35,4010
2020-04-12 16:40,4015
2020-04-12 16:45,4028
2020-04-12 16:50,4078
2020-04-12 16:55,4075
2020-04-12 17:00,4060
2020-04-12 17:05,4078
2020-04-12 17:10,4056
2020-04-12 17:15,4070
2020-04-12 17:20,4063
2020-04-12 17:25,4062
2020-04-12 17:30,4087
2020-04-12 17:35,4083
2020-04-12 17:40,4089
2020-04-12 17:45,4107
2020-04-12 17:50,4111
2020-04-12 17:55,4108
2020-04-12 18:00,4121
2020-04-12 18:05,4092
2020-04-12 18:10,4064
2020-04-12 18:15,4084
2020-04-12 18:20,4090
2020-04-12 18:25,4080
2020-04-12 18:30,4089
2020-04-12 18:35,4083
2020-04-12 18:40,4093
2020-04-12 18:45,4102
2020-04-12 18:50,4102
2020-04-12 18:55,4090
2020-04-12 19:00,4094
2020-04-12 19:05,4068
2020-04-12 19:10,4045
2020-04-12 19:15,4057
2020-04-12 19:20,4090
2020-04-12 19:25,4108
2020-04-12 19:30,4137
2020-04-12 19:35,4137
2020-04-12 19:40,4118
2020-04-12 19:45,4145
2020-04-12 19:50,4118
2020-04-12 19:55,4113
2020-04-12 20:00,4124
2020-04-12 20:05,4127
2020-04-12 20:10,4125
2020-04-12 20:15,4122
2020-04-12 20:20,4114
2020-04-12 20:25,4123
2020-04-12 20:30,4108
2020-04-12 20:35,4080
2020-04-12 20:40,4079
2020-04-12 20:45,4074
2020-04-12 20:50,4068
2020-04-12 20:55,4055
2020-04-12 21:00,4045
2020-04-12 21:05,3999
2020-04-12 21:10,3954
2020-04-12 21:15,3925
2020-04-12 21:20,3916
2020-04-12 21:25,3886
2020-04-12 21:30,3860
2020-04-12 21:35,3832
2020-04-12 21:40,3795
2020-04-12 21:45,3784
2020-04-12 21:50,3727
2020-04-12 21:55,3752
2020-04-12 22:00,3695
2020-04-12 22:05,3684
2020-04-12 22:10,3675
2020-04-12 22:15,3623
2020-04-12 22:20,3588
2020-04-12 22:25,3535
2020-04-12 22:30,3471
2020-04-12 22:35,3432
2020-04-12 22:40,3383
2020-04-12 22:45,3365
2020-04-12 22:50,3343
2020-04-12 22:55,3294
2020-04-12 23:00,3250
2020-04-12 23:05,3187
2020-04-12 23:10,3147
2020-04-12 23:15,3125
2020-04-12 23:20,3108
2020-04-12 23:25,3086
2020-04-12 23:30,3051
2020-04-12 23:35,3033
2020-04-12 23:40,3009
2020-04-12 23:45,2988
2020-04-12 23:50,2948
2020-04-12 23:55,2938
2020-04-13 00:00,2921
2020-04-13 00:05,2862
2020-04-13 00:10,2806
2020-04-13 00:15,2802
2020-04-13 00:20,2758
2020-04-13 00:25,2758
2020-04-13 00:30,2726
2020-04-13 00:35,2719
2020-04-13 00:40,2676
2020-04-13 00:45,2672
2020-04-13 00:50,2629
2020-04-13 00:55,2628
2020-04-13 01:00,2606
2020-04-13 01:05,2579
2020-04-13 01:10,2542
2020-04-13 01:15,2546
2020-04-13 01:20,2534
2020-04-13 01:25,2522
2020-04-13 01:30,2490
2020-04-13 01:35,2486
2020-04-13 01:40,2466
2020-04-13 01:45,2440
2020-04-13 01:50,2412
2020-04-13 01:55,2389
2020-04-13 02:00,2353
2020-04-13 02:05,2317
2020-04-13 02:10,2306
2020-04-13 02:15,2280
2020-04-13 02:20,2267
2020-04-13 02:25,2252
2020-04-13 02:30,2223
2020-04-13 02:35,2220
2020-04-13 02:40,2190
2020-04-13 02:45,2169
2020-04-13 02:50,2153
2020-04-13 02:55,2132
2020-04-13 03:00,2110
2020-04-13 03:05,2103
2020-04-13 03:10,2084
2020-04-13 03:15,2072
2020-04-13 03:20,2052
2020-04-13 03:25,2022
2020-04-13 03:30,2022
2020-04-13 03:35,2015
2020-04-13 03:40,2009
2020-04-13 03:45,2008
2020-04-13 03:50,2002
2020-04-13 03:55,1981
2020-04-13 04:00,1953
2020-04-13 04:05,1955
2020-04-13 04:10,1925
2020-04-13 04:15,1921
2020-04-13 04:20,1911
2020-04-13 04:25,1863
2020-04-13 04:30,1833
2020-04-13 04:35,1818
2020-04-13 04:40,1797
2020-04-13 04:45,1790
2020-04-13 04:50,1781
2020-04-13 04:55,1761
2020-04-13 05:00,1748
2020-04-13 05:05,1726
2020-04-13 05:10,1715
2020-04-13 05:15,1707
2020-04-13 05:20,1681
2020-04-13 05:25,1665
2020-04-13 05:30,1645
2020-04-13 05:35,1642
2020-04-13 05:40,1633
2020-04-13 05:45,1623
2020-04-13 05:50,1626
2020-04-13 05:55,1627
2020-04-13 06:00,1612
2020-04-13 06:05,1598
2020-04-13 06:10,1609
2020-04-13 06:15,1591
2020-04-13 06:20,1599
2020-04-13 06:25,1626
2020-04-13 06:30,1637
2020-04-13 06:35,1631
2020-04-13 06:40,1632
2020-04-13 06:45,1647
2020-04-13 06:50,1674
2020-04-13 06:55,1691
2020-04-13 07:00,1693
2020-04-13 07:05,1707
2020-04-13 07:10,1731
2020-04-13 07:15,1728
2020-04-13 07:20,1732
2020-04-13 07:25,1752
2020-04-13 07:30,1763
2020-04-13 07:35,1780
2020-04-13 07:40,1805
2020-04-13 07:45,1821
2020-04-13 07:50,1838
2020-04-13 07:55,1839
2020-04-13 08:00,1845
2020-04-13 08:05,1882
2020-04-13 08:10,1905
2020-04-13 08:15,1919
2020-04-13 08:20,1936
2020-04-13 08:25,1961
2020-04-13 08:30,1974
2020-04-13 08:35,2020
2020-04-13 08:40,2062
2020-04-13 08:45,2083
2020-04-13 08:50,2077
2020-04-13 08:55,2104
2020-04-13 09:00,2122
2020-04-13 09:05,2173
2020-04-13 09:10,2177
2020-04-13 09:15,2186
2020-04-13 09:20,2167
2020-04-13 09:25,2192
2020-04-13 09:30,2211
2020-04-13 09:35,2222
2020-04-13 09:40,2272
2020-04-13 09:45,2305
2020-04-13 09:50,2342
2020-04-13 09:55,2344
2020-04-13 10:00,2395
2020-04-13 10:05,2447
2020-04-13 10:10,2493
2020-04-13 10:15,2533
2020-04-13 10:20,2547
2020-04-13 10:25,2574
2020-04-13 10:30,2592
2020-04-13 10:35,2601
2020-04-13 10:40,2631
2020-04-13 10:45,2680
2020-04-13 10:50,2694
2020-04-13 10:55,2694
2020-04-13 11:00,2736
2020-04-13 11:05,2748
2020-04-13 11:10,2772
2020-04-13 11:15,2774
2020-04-13 11:20,2779
2020-04-13 11:25,2816
2020-04-13 11:30,2817
2020-04-13 11:35,2848
2020-04-13 11:40,2846
2020-04-13 11:45,2853
2020-04-13 11:50,2871
2020-04-13 11:55,2878
2020-04-13 12:00,2917
2020-04-13 12:05,2966
2020-04-13 12:10,3001
2020-04-13 12:15,3031
2020-04-13 12:20,3041
2020-04-13 12:25,3035
2020-04-13 12:30,3053
2020-04-13 12:35,3079
2020-04-13 12:40,3130
2020-04-13 12:45,3173
2020-04-13 12:50,3174
2020-04-13 12:55,3189
2020-04-13 13:00,3208
2020-04-13 13:05,3230
2020-04-13 13:10,3268
2020-04-13 13:15,3317
2020-04-13 13:20,3340
2020-04-13 13:25,3363
2020-04-13 13:30,3384
2020-04-13 13:35,3378
2020-04-13 13:40,3387
2020-04-13 13:45,3419
2020-04-13 13:50,3444
2020-04-13 13:55,3466
2020-04-13 14:00,3476
2020-04-13 14:05,3515
2020-04-13 14:10,3531
2020-04-13 14:15,3561
2020-04-13 14:20,3590
2020-04-13 14:25,3593
2020-04-13 14:30,3604
2020-04-13 14:35,3608
2020-04-13 14:40,3619
2020-04-13 14:45,3633
2020-04-13 14:50,3638
2020-04-13 14:55,3700
2020-04-13 15:00,3711
2020-04-13 15:05,3672
2020-04-13 15:10,3681
2020-04-13 15:15,3739
2020-04-13 15:20,3734
2020-04-13 15:25,3769
2020-04-13 15:30,3814
2020-04-13 15:35,3812
2020-04-13 15:40,3831
2020-04-13 15:45,3848
2020-04-13 15:50,3849
2020-04-13 15:55,3849
2020-04-13 16:00,3859
2020-04-13 16:05,3882
2020-04-13 16:10,3884
2020-04-13 16:15,3892
2020-04-13 16:20,3887
2020-04-13 16:25,3890
2020-04-13 16:30,3871
2020-04-13 16:35,3920
2020-04-13 16:40,3913
2020-04-13 16:45,3923
2020-04-13 16:50,3923
2020-04-13 16:55,3969
2020-04-13 17:00,3962
2020-04-13 17:05,3947
2020-04-13 17:10,3947
2020-04-13 17:15,3973
2020-04-13 17:20,4006
2020-04-13 17:25,3995
2020-04-13 17:30,4013
2020-04-13 17:35,4022
2020-04-13 17:40,4038
2020-04-13 17:45,4033
2020-04-13 17:50,4029
2020-04-13 17:55,4035
2020-04-13 18:00,4009
2020-04-13 18:05,4012
2020-04-13 18:10,4027
2020-04-13 18:15,4018
2020-04-13 18:20,3994
2020-04-13 18:25,3980
2020-04-13 18:30,4005
2020-04-13 18:35,4012
2020-04-13 18:40,4019
2020-04-13 18:45,4045
2020-04-13 18:50,4051
2020-04-13 18:55,4003
2020-04-13 19:00,4009
2020-04-13 19:05,4013
2020-04-13 19:10,4012
2020-04-13 19:15,4008
2020-04-13 19:20,3992
2020-04-13 19:25,3990
2020-04-13 19:30,3999
2020-04-13 19:35,3970
2020-04-13 19:40,3971
2020-04-13 19:45,3994
2020-04-13 19:50,3980
2020-04-13 19:55,3962
2020-04-13 20:00,3945
2020-04-13 20:05,3914
2020-04-13 20:10,3927
2020-04-13 20:15,3901
2020-04-13 20:20,3868
2020-04-13 20:25,3853
2020-04-13 20:30,3846
2020-04-13 20:35,3834
2020-04-13 20:40,3817
2020-04-13 20:45,3825
2020-04-13 20:50,3798
2020-04-13 20:55,3770
2020-04-13 21:00,3742
2020-04-13 21:05,3715
2020-04-13 21:10,3688
2020-04-13 21:15,3646
2020-04-13 21:20,3616
2020-04-13 21:25,3590
2020-04-13 21:30,3552
2020-04-13 21:35,3543
2020-04-13 21:40,3508
2020-04-13 21:45,3450
2020-04-13 21:50,3439
2020-04-13 21:55,3413
2020-04-13 22:00,3383
2020-04-13 22:05,3346
2020-04-13 22:10,3302
2020-04-13 22:15,3267
2020-04-13 22:20,3237
2020-04-13 22:25,3179
2020-04-13 22:30,3174
2020-04-13 22:35,3135
2020-04-13 22:40,3122
2020-04-13 22:45,3085
2020-04-13 22:50,3087
2020-04-13 22:55,3056
2020-04-13 23:00,3037
2020-04-13 23:05,2996
2020-04-13 23:10,2970
2020-04-13 23:15,2930
2020-04-13 23:20,2921
2020-04-13 23:25,2902
2020-04-13 23:30,2862
2020-04-13 23:35,2849
2020-04-13 23:40,2814
2020-04-13 23:45,2790
2020-04-13 23:50,2760
2020-04-13 23:55,2744
2020-04-14 00:00,2748
2020-04-14 00:05,2708
2020-04-14 00:10,2693
2020-04-14 00:15,2688
2020-04-14 00:20,2679
2020-04-14 00:25,2651
2020-04-14 00:30,2645
2020-04-14 00:35,2640
2020-04-14 00:40,2641
2020-04-14 00:45,2624
2020-04-14 00:50,2595
2020-04-14 00:55,2562
2020-04-14 01:00,2528
2020-04-14 01:05,2506
2020-04-14 01:10,2483
2020-04-14 01:15,2460
2020-04-14 01:20,2466
2020-04-14 01:25,2430
2020-04-14 01:30,2413
2020-04-14 01:35,2400
2020-04-14 01:40,2374
2020-04-14 01:45,2369
2020-04-14 01:50,2355
2020-04-14 01:55,2342
2020-04-14 02:00,2328
2020-04-14 02:05,2306
2020-04-14 02:10,2283
2020-04-14 02:15,2259
2020-04-14 02:20,2229
2020-04-14 02:25,2206
2020-04-14 02:30,2164
2020-04-14 02:35,2155
2020-04-14 02:40,2129
2020-04-14 02:45,2103
2020-04-14 02:50,2103
2020-04-14 02:55,2099
2020-04-14 03:00,2084
2020-04-14 03:05,2064
2020-04-14 03:10,2061
2020-04-14 03:15,2057
2020-04-14 03:20,2035
2020-04-14 03:25,2012
2020-04-14 03:30,2007
2020-04-14 03:35,2002
2020-04-14 03:40,1977
2020-04-14 03:45,1959
2020-04-14 03:50,1924
2020-04-14 03:55,1894
2020-04-14 04:00,1880
2020-04-14 04:05,1866
2020-04-14 04:10,1859
2020-04-14 04:15,1827
2020-04-14 04:20,1822
2020-04-14 04:25,1795
2020-04-14 04:30,1778
2020-04-14 04:35,1770
2020-04-14 04:40,1724
2020-04-14 04:45,1696
2020-04-14 04:50,1672
2020-04-14 04:55,1687
2020-04-14 05:00,1662
2020-04-14 05:05,1658
2020-04-14 05:10,1653
2020-04-14 05:15,1641
2020-04-14 05:20,1634
2020-04-14 05:25,1617
2020-04-14 05:30,1614
2020-04-14 05:35,1632
2020-04-14 05:40,1635
2020-04-14 05:45,1623
2020-04-14 05:50,1624
2020-04-14 05:55,1612
2020-04-14 06:00,1627
2020-04-14 06:05,1628
2020-04-14 06:10,1612
2020-04-14 06:15,1625
2020-04-14 06:20,1632
2020-04-14 06:25,1626
2020-04-14 06:30,1639
2020-04-14 06:35,1623
2020-04-14 06:40,1615
2020-04-14 06:45,1643
2020-04-14 06:50,1654
2020-04-14 06:55,1677
2020-04-14 07:00,1668
2020-04-14 07:05,1659
2020-04-14 07:10,1672
2020-04-14 07:15,1651
2020-04-14 07:20,1644
2020-04-14 07:25,1633
2020-04-14 07:30,1661
2020-04-14 07:35,1675
2020-04-14 07:40,1688
2020-04-14 07:45,1697
2020-04-14 07:50,1698
2020-04-14 07:55,1699
2020-04-14 08:00,1696
2020-04-14 08:05,1699
2020-04-14 08:10,1722
2020-04-14 08:15,1724
2020-04-14 08:20,1743
2020-04-14 08:25,1749
2020-04-14 08:30,1758
2020-04-14 08:35,1761
2020-04-14 08:40,1794
2020-04-14 08:45,1810
2020-04-14 08:50,1822
2020-04-14 08:55,1848
2020-04-14 09:00,1861
2020-04-14 09:05,1879
2020-04-14 09:10,1888
2020-04-14 09:15,1922
2020-04-14 09:20,1941
2020-04-14 09:25,1952
2020-04-14 09:30,1976
2020-04-14 09:35,1976
2020-04-14 09:40,2001
2020-04-14 09:45,2020
2020-04-14 09:50,2043
2020-04-14 09:55,2075
2020-04-14 10:00,2101
2020-04-14 10:05,2135
2020-04-14 10:10,2154
2020-04-14 10:15,2187
2020-04-14 10:20,2212
2020-04-14 10:25,2229
2020-04-14 10:30,2269
2020-04-14 10:35,2274
2020-04-14 10:40,2278
2020-04-14 10:45,2284
2020-04-14 10:50,2296
2020-04-14 10:55,2317
2020-04-14 11:00,2332
2020-04-14 11:05,2356
2020-04-14 11:10,2385
2020-04-14 11:15,2408
2020-04-14 11:20,2407
2020-04-14 11:25,2420
2020-04-14 11:30,2417
2020-04-14 11:35,2428
2020-04-14 11:40,2444
2020-04-14 11:45,2497
2020-04-14 11:50,2520
2020-04-14 11:55,2547
2020-04-14 12:00,2592
2020-04-14 12:05,2591
2020-04-14 12:10,2602
2020-04-14 12:15,2638
2020-04-14 12:20,2652
2020-04-14 12:25,2688
2020-04-14 12:30,2690
2020-04-14 12:35,2705
2020-04-14 12:40,2727
2020-04-14 12:45,2751
2020-04-14 12:50,2775
2020-04-14 12:55,2801
2020-04-14 13:00,2811
2020-04-14 13:05,2836
2020-04-14 13:10,2850
2020-04-14 13:15,2848
2020-04-14 13:20,2855
2020-04-14 13:25,2849
2020-04-14 13:30,2890
2020-04-14 13:35,2924
2020-04-14 13:40,2928
2020-04-14 13:45,2935
2020-04-14 13:50,2942
2020-04-14 13:55,2972
2020-04-14 14:00,2978
2020-04-14 14:05,0
2020-04-14 14:10,3042
2020-04-14 14:15,3064
2020-04-14 14:20,3105
2020-04-14 14:25,3134
2020-04-14 14:30,3151
2020-04-14 14:35,3184
2020-04-14 14:40,3203
2020-04-14 14:45,3231
2020-04-14 14:50,3248
2020-04-14 14:55,3252
2020-04-14 15:00,3265
2020-04-14 15:05,3264
2020-04-14 15:10,3289
2020-04-14 15:15,3303
2020-04-14 15:20,3290
2020-04-14 15:25,3288
2020-04-14 15:30,3321
2020-04-14 15:35,3358
2020-04-14 15:40,3413
2020-04-14 15:45,3431
2020-04-14 15:50,3455
2020-04-14 15:55,3469
2020-04-14 16:00,3467
2020-04-14 16:05,3465
2020-04-14 16:10,3509
2020-04-14 16:15,3531
2020-04-14 16:20,3524
2020-04-14 16:25,3566
2020-04-14 16:30,3634
2020-04-14 16:35,3661
2020-04-14 16:40,3654
2020-04-14 16:45,3681
2020-04-14 16:50,3677
2020-04-14 16:55,3683
2020-04-14 17:00,3705
2020-04-14 17:05,3713
2020-04-14 17:10,3711
2020-04-14 17:15,3732
2020-04-14 17:20,3752
2020-04-14 17:25,3759
2020-04-14 17:30,3779
2020-04-14 17:35,3787
2020-04-14 17:40,3791
2020-04-14 17:45,3785
2020-04-14 17:50,3783
2020-04-14 17:55,3788
2020-04-14 18:00,3779
2020-04-14 18:05,3809
2020-04-14 18:10,3817
2020-04-14 18:15,3819
2020-04-14 18:20,3836
2020-04-14 18:25,3875
2020-04-14 18:30,3881
2020-04-14 18:35,3894
2020-04-14 18:40,3867
2020-04-14 18:45,3883
2020-04-14 18:50,3873
2020-04-14 18:55,3840
2020-04-14 19:00,3827
2020-04-14 19:05,3828
2020-04-14 19:10,3810
2020-04-14 19:15,3830
2020-04-14 19:20,3806
2020-04-14 19:25,3780
2020-04-14 19:30,3763
2020-04-14 19:35,3771
2020-04-14 19:40,3799
2020-04-14 19:45,3784
2020-04-14 19:50,3789
2020-04-14 19:55,3803
2020-04-14 20:00,3784
2020-04-14 20:05,3782
2020-04-14 20:10,3757
2020-04-14 20:15,3761
2020-04-14 20:20,3728
2020-04-14 20:25,3715
2020-04-14 20:30,3686
2020-04-14 20:35,3673
2020-04-14 20:40,3627
2020-04-14 20:45,3639
2020-04-14 20:50,3632
2020-04-14 20:55,3595
2020-04-14 21:00,3538
2020-04-14 21:05,3526
2020-04-14 21:10,3488
2020-04-14 21:15,3479
2020-04-14 21:20,3477
2020-04-14 21:25,3425
2020-04-14 21:30,3384
2020-04-14 21:35,3343
2020-04-14 21:40,3305
2020-04-14 21:45,3287
2020-04-14 21:50,3271
2020-04-14 21:55,3255
2020-04-14 22:00,3243
2020-04-14 22:05,3214
2020-04-14 22:10,3188
2020-04-14 22:15,3164
2020-04-14 22:20,3118
2020-04-14 22:25,3082
2020-04-14 22:30,3038
2020-04-14 22:35,2999
2020-04-14 22:40,2982
2020-04-14 22:45,2986
2020-04-14 22:50,2929
2020-04-14 22:55,2906
2020-04-14 23:00,
2020-04-14 23:05,
2020-04-14 23:10,0
2020-04-14 23:15,36
2020-04-14 23:20,1211
2020-04-14 23:25,2249
2020-04-14 23:30,2553
2020-04-14 23:35,2656
2020-04-14 23:40,2637
2020-04-14 23:45,2623
2020-04-14 23:50,2608
2020-04-14 23:55,2574
2020-04-15 00:00,2555
2020-04-15 00:05,2559
2020-04-15 00:10,2545
2020-04-15 00:15,2547
2020-04-15 00:20,2546
2020-04-15 00:25,2526
2020-04-15 00:30,2481
2020-04-15 00:35,2446
2020-04-15 00:40,2435
2020-04-15 00:45,2412
2020-04-15 00:50,2417
2020-04-15 00:55,2377
2020-04-15 01:00,2350
2020-04-15 01:05,2352
2020-04-15 01:10,2363
2020-04-15 01:15,2349
2020-04-15 01:20,2366
2020-04-15 01:25,2354
2020-04-15 01:30,2335
2020-04-15 01:35,2309
2020-04-15 01:40,2281
2020-04-15 01:45,2265
2020-04-15 01:50,2263
2020-04-15 01:55,2247
2020-04-15 02:00,2219
2020-04-15 02:05,2214
2020-04-15 02:10,2208
2020-04-15 02:15,2198
2020-04-15 02:20,2196
2020-04-15 02:25,2193
2020-04-15 02:30,2154
2020-04-15 02:35,2112
2020-04-15 02:40,2088
2020-04-15 02:45,2065
2020-04-15 02:50,2071
2020-04-15 02:55,2046
2020-04-15 03:00,2023
2020-04-15 03:05,1980
2020-04-15 03:10,1979
2020-04-15 03:15,1927
2020-04-15 03:20,1909
2020-04-15 03:25,1898
2020-04-15 03:30,1885
2020-04-15 03:35,1886
2020-04-15 03:40,1875
2020-04-15 03:45,1878
2020-04-15 03:50,1868
2020-04-15 03:55,1845
2020-04-15 04:00,1796
2020-04-15 04:05,1783
2020-04-15 04:10,1808
2020-04-15 04:15,1776
2020-04-15 04:20,1755
2020-04-15 04:25,1745
2020-04-15 04:30,1739
2020-04-15 04:35,1721
2020-04-15 04:40,1716
2020-04-15 04:45,1689
2020-04-15 04:50,1677
2020-04-15 04:55,1665
2020-04-15 05:00,1657
2020-04-15 05:05,1656
2020-04-15 05:10,1645
2020-04-15 05:15,1653
2020-04-15 05:20,1646
2020-04-15 05:25,1636
2020-04-15 05:30,1627
2020-04-15 05:35,1603
2020-04-15 05:40,1590
2020-04-15 05:45,1596
2020-04-15 05:50,1581
2020-04-15 05:55,1555
2020-04-15 06:00,1573
2020-04-15 06:05,1554
2020-04-15 06:10,1556
2020-04-15 06:15,1564
2020-04-15 06:20,1590
2020-04-15 06:25,1617
2020-04-15 06:30,1604
2020-04-15 06:35,1602
2020-04-15 06:40,1599
2020-04-15 06:45,1589
2020-04-15 06:50,1585
2020-04-15 06:55,1598
2020-04-15 07:00,1597
2020-04-15 07:05,1604
2020-04-15 07:10,1598
2020-04-15 07:15,1629
2020-04-15 07:20,1628
2020-04-15 07:25,1640
2020-04-15 07:30,1615
2020-04-15 07:35,1617
2020-04-15 07:40,1608
2020-04-15 07:45,1649
2020-04-15 07:50,1652
2020-04-15 07:55,1668
2020-04-15 08:00,1678
2020-04-15 08:05,1666
2020-04-15 08:10,1678
2020-04-15 08:15,1698
2020-04-15 08:20,1694
2020-04-15 08:25,1701
2020-04-15 08:30,1747
2020-04-15 08:35,1755
2020-04-15 08:40,1765
2020-04-15 08:45,1794
2020-04-15 08:50,1802
2020-04-15 08:55,1817
2020-04-15 09:00,1837
2020-04-15 09:05,1851
2020-04-15 09:10,1870
2020-04-15 09:15,1904
2020-04-15 09:20,1907
2020-04-15 09:25,1897
2020-04-15 09:30,1914
2020-04-15 09:35,1920
2020-04-15 09:40,1951
2020-04-15 09:45,1984
2020-04-15 09:50,1995
2020-04-15 09:55,2008
2020-04-15 10:00,2030
2020-04-15 10:05,2071
2020-04-15 10:10,2112
2020-04-15 10:15,2127
2020-04-15 10:20,2140
2020-04-15 10:25,2156
2020-04-15 10:30,2191
2020-04-15 10:35,2211
2020-04-15 10:40,2241
2020-04-15 10:45,2267
2020-04-15 10:50,2274
2020-04-15 10:55,2280
2020-04-15 11:00,2259
2020-04-15 11:05,2257
2020-04-15 11:10,2291
2020-04-15 11:15,2329
2020-04-15 11:20,2338
2020-04-15 11:25,2336
2020-04-15 11:30,2349
2020-04-15 11:35,2340
2020-04-15 11:40,2342
2020-04-15 11:45,2377
2020-04-15 11:50,2388
2020-04-15 11:55,2390
2020-04-15 12:00,2400
2020-04-15 12:05,2411
2020-04-15 12:10,2436
2020-04-15 12:15,2447
2020-04-15 12:20,2463
2020-04-15 12:25,2485
2020-04-15 12:30,2515
2020-04-15 12:35,2508
2020-04-15 12:40,2550
2020-04-15 12:45,2567
2020-04-15 12:50,2600
2020-04-15 12:55,2610
2020-04-15 13:00,2651
2020-04-15 13:05,2676
2020-04-15 13:10,2696
2020-04-15 13:15,2708
2020-04-15 13:20,2684
2020-04-15 13:25,2708
2020-04-15 13:30,2733
2020-04-15 13:35,2780
2020-04-15 13:40,2797
2020-04-15 13:45,2847
2020-04-15 13:50,2887
2020-04-15 13:55,2911
2020-04-15 14:00,2904
2020-04-15 14:05,2932
2020-04-15 14:10,2974
2020-04-15 14:15,3015
2020-04-15 14:20,3041
2020-04-15 14:25,3047
2020-04-15 14:30,3044
2020-04-15 14:35,3070
2020-04-15 14:40,3102
2020-04-15 14:45,3097
2020-04-15 14:50,3111
2020-04-15 14:55,3095
2020-04-15 15:00,3123
2020-04-15 15:05,3161
2020-04-15 15:10,3174
2020-04-15 15:15,3188
2020-04-15 15:20,3244
2020-04-15 15:25,3272
2020-04-15 15:30,3285
2020-04-15 15:35,3314
2020-04-15 15:40,3346
2020-04-15 15:45,3337
2020-04-15 15:50,3377
2020-04-15 15:55,3403
2020-04-15 16:00,3427
2020-04-15 16:05,3434
2020-04-15 16:10,3446
2020-04-15 16:15,3475
2020-04-15 16:20,3500
2020-04-15 16:25,3535
2020-04-15 16:30,3605
2020-04-15 16:35,3613
2020-04-15 16:40,3609
2020-04-15 16:45,3620
2020-04-15 16:50,3602
2020-04-15 16:55,3633
2020-04-15 17:00,3649
2020-04-15 17:05,3636
2020-04-15 17:10,3602
2020-04-15 17:15,3605
2020-04-15 17:20,3620
2020-04-15 17:25,3618
2020-04-15 17:30,3645
2020-04-15 17:35,3623
2020-04-15 17:40,3637
2020-04-15 17:45,3626
2020-04-15 17:50,3634
2020-04-15 17:55,3631
2020-04-15 18:00,3628
2020-04-15 18:05,3613
2020-04-15 18:10,3644
2020-04-15 18:15,3642
2020-04-15 18:20,3654
2020-04-15 18:25,3667
2020-04-15 18:30,3681
2020-04-15 18:35,3685
2020-04-15 18:40,3667
2020-04-15 18:45,3692
2020-04-15 18:50,3716
2020-04-15 18:55,3718
2020-04-15 19:00,3725
2020-04-15 19:05,3725
2020-04-15 19:10,3724
2020-04-15 19:15,3702
2020-04-15 19:20,3697
2020-04-15 19:25,3704
2020-04-15 19:30,3716
2020-04-15 19:35,3718
2020-04-15 19:40,3717
2020-04-15 19:45,3710
2020-04-15 19:50,3690
2020-04-15 19:55,3698
2020-04-15 20:00,3668
2020-04-15 20:05,3630
2020-04-15 20:10,3627
2020-04-15 20:15,3615
2020-04-15 20:20,3619
2020-04-15 20:25,3591
2020-04-15 20:30,3569
2020-04-15 20:35,3554
2020-04-15 20:40,3541
2020-04-15 20:45,3553
2020-04-15 20:50,3535
2020-04-15 20:55,3544
2020-04-15 21:00,3508
2020-04-15 21:05,3478
2020-04-15 21:10,3451
2020-04-15 21:15,3429
2020-04-15 21:20,3404
2020-04-15 21:25,3374
2020-04-15 21:30,3343
2020-04-15 21:35,3289
2020-04-15 21:40,3274
2020-04-15 21:45,3233
2020-04-15 21:50,3212
2020-04-15 21:55,3162
2020-04-15 22:00,3135
2020-04-15 22:05,3114
2020-04-15 22:10,3074
2020-04-15 22:15,3042
2020-04-15 22:20,3003
2020-04-15 22:25,3008
2020-04-15 22:30,2979
2020-04-15 22:35,2973
2020-04-15 22:40,2956
2020-04-15 22:45,2925
2020-04-15 22:50,2890
2020-04-15 22:55,2868
2020-04-15 23:00,2824
2020-04-15 23:05,2798
2020-04-15 23:10,2768
2020-04-15 23:15,2725
2020-04-15 23:20,2664
2020-04-15 23:25,2568
2020-04-15 23:30,2626
2020-04-15 23:35,2621
2020-04-15 23:40,0
2020-04-15 23:45,2611
2020-04-15 23:50,2604
2020-04-15 23:55,2582
2020-04-16 00:00,2548
2020-04-16 00:05,2534
2020-04-16 00:10,2528
2020-04-16 00:15,2529
2020-04-16 00:20,2482
2020-04-16 00:25,2477
2020-04-16 00:30,2487
2020-04-16 00:35,2474
2020-04-16 00:40,2464
2020-04-16 00:45,2468
2020-04-16 00:50,2444
2020-04-16 00:55,2441
2020-04-16 01:00,2425
2020-04-16 01:05,2388
2020-04-16 01:10,2366
2020-04-16 01:15,2360
2020-04-16 01:20,2353
2020-04-16 01:25,2330
2020-04-16 01:30,2309
2020-04-16 01:35,2295
2020-04-16 01:40,2265
2020-04-16 01:45,2258
2020-04-16 01:50,2236
2020-04-16 01:55,2213
2020-04-16 02:00,2181
2020-04-16 02:05,2144
2020-04-16 02:10,2120
2020-04-16 02:15,2112
2020-04-16 02:20,2083
2020-04-16 02:25,2086
2020-04-16 02:30,2089
2020-04-16 02:35,2048
2020-04-16 02:40,2033
2020-04-16 02:45,2030
2020-04-16 02:50,2014
2020-04-16 02:55,1987
2020-04-16 03:00,1970
2020-04-16 03:05,1968
2020-04-16 03:10,1961
2020-04-16 03:15,1953
2020-04-16 03:20,1929
2020-04-16 03:25,1907
2020-04-16 03:30,1878
2020-04-16 03:35,1856
2020-04-16 03:40,1813
2020-04-16 03:45,1815
2020-04-16 03:50,1805
2020-04-16 03:55,1803
2020-04-16 04:00,1781
2020-04-16 04:05,1751
2020-04-16 04:10,1720
2020-04-16 04:15,1702
2020-04-16 04:20,1686
2020-04-16 04:25,1667
2020-04-16 04:30,1669
2020-04-16 04:35,1665
2020-04-16 04:40,1663
2020-04-16 04:45,1642
2020-04-16 04:50,1620
2020-04-16 04:55,1605
2020-04-16 05:00,1589
2020-04-16 05:05,1597
2020-04-16 05:10,1576
2020-04-16 05:15,1575
2020-04-16 05:20,1573
2020-04-16 05:25,1587
2020-04-16 05:30,1583
2020-04-16 05:35,1559
2020-04-16 05:40,1550
2020-04-16 05:45,1542
2020-04-16 05:50,1530
2020-04-16 05:55,1526
2020-04-16 06:00,1509
2020-04-16 06:05,1507
2020-04-16 06:10,1490
2020-04-16 06:15,1470
2020-04-16 06:20,1477
2020-04-16 06:25,1483
2020-04-16 06:30,1484
2020-04-16 06:35,1478
2020-04-16 06:40,1473
2020-04-16 06:45,1484
2020-04-16 06:50,1481
2020-04-16 06:55,1491
2020-04-16 07:00,1487
2020-04-16 07:05,1491
2020-04-16 07:10,1513
2020-04-16 07:15,1515
2020-04-16 07:20,1531
2020-04-16 07:25,1534
2020-04-16 07:30,1546
2020-04-16 07:35,1543
2020-04-16 07:40,1556
2020-04-16 07:45,1571
2020-04-16 07:50,1593
2020-04-16 07:55,1603
2020-04-16 08:00,1618
2020-04-16 08:05,1599
2020-04-16 08:10,1605
2020-04-16 08:15,1601
2020-04-16 08:20,1623
2020-04-16 08:25,1614
2020-04-16 08:30,1638
2020-04-16 08:35,1661
2020-04-16 08:40,1673
2020-04-16 08:45,1685
2020-04-16 08:50,1707
2020-04-16 08:55,1725
2020-04-16 09:00,1750
2020-04-16 09:05,1783
2020-04-16 09:10,1801
2020-04-16 09:15,1835
2020-04-16 09:20,1847
2020-04-16 09:25,1859
2020-04-16 09:30,1881
2020-04-16 09:35,1904
2020-04-16 09:40,1926
2020-04-16 09:45,1975
2020-04-16 09:50,1984
2020-04-16 09:55,1996
2020-04-16 10:00,1980
2020-04-16 10:05,2031
2020-04-16 10:10,2068
2020-04-16 10:15,2120
2020-04-16 10:20,2156
2020-04-16 10:25,2202
2020-04-16 10:30,2224
2020-04-16 10:35,2241
2020-04-16 10:40,2284
2020-04-16 10:45,2297
2020-04-16 10:50,2320
2020-04-16 10:55,2320
2020-04-16 11:00,2326
2020-04-16 11:05,2321
2020-04-16 11:10,2344
2020-04-16 11:15,2335
2020-04-16 11:20,2335
2020-04-16 11:25,2345
2020-04-16 11:30,2349
2020-04-16 11:35,2363
2020-04-16 11:40,2385
2020-04-16 11:45,2427
2020-04-16 11:50,2441
2020-04-16 11:55,2442
2020-04-16 12:00,2456
2020-04-16 12:05,2463
2020-04-16 12:10,2487
2020-04-16 12:15,2516
2020-04-16 12:20,2537
2020-04-16 12:25,2543
2020-04-16 12:30,2545
2020-04-16 12:35,2569
2020-04-16 12:40,2569
2020-04-16 12:45,2602
2020-04-16 12:50,2608
2020-04-16 12:55,2621
2020-04-16 13:00,2643
2020-04-16 13:05,2649
2020-04-16 13:10,2644
2020-04-16 13:15,2648
2020-04-16 13:20,2663
2020-04-16 13:25,2682
2020-04-16 13:30,2711
2020-04-16 13:35,2717
2020-04-16 13:40,2727
2020-04-16 13:45,2700
2020-04-16 13:50,2655
2020-04-16 13:55,2574
2020-04-16 14:00,2403
2020-04-16 14:05,1905
2020-04-16 14:10,1361
2020-04-16 14:15,1316
2020-04-16 14:20,1351
2020-04-16 14:25,1379
2020-04-16 14:30,1379
2020-04-16 14:35,1385
2020-04-16 14:40,1425
2020-04-16 14:45,1450
2020-04-16 14:50,1475
2020-04-16 14:55,1514
2020-04-16 15:00,1533
2020-04-16 15:05,1539
2020-04-16 15:10,1583
2020-04-16 15:15,1593
2020-04-16 15:20,1608
2020-04-16 15:25,1647
2020-04-16 15:30,1696
2020-04-16 15:35,1833
2020-04-16 15:40,1991
2020-04-16 15:45,2151
2020-04-16 15:50,2322
2020-04-16 15:55,2492
2020-04-16 16:00,2660
2020-04-16 16:05,2821
2020-04-16 16:10,3027
2020-04-16 16:15,3191
2020-04-16 16:20,3308
2020-04-16 16:25,3462
2020-04-16 16:30,3526
2020-04-16 16:35,3615
2020-04-16 16:40,3684
2020-04-16 16:45,3737
2020-04-16 16:50,3787
2020-04-16 16:55,3807
2020-04-16 17:00,3838
2020-04-16 17:05,3890
2020-04-16 17:10,3925
2020-04-16 17:15,3958
2020-04-16 17:20,4000
2020-04-16 17:25,
2020-04-16 17:30,4017
2020-04-16 17:35,4053
2020-04-16 17:40,4074
2020-04-16 17:45,4088
2020-04-16 17:50,4104
2020-04-16 17:55,4130
2020-04-16 18:00,4120
2020-04-16 18:05,4102
2020-04-16 18:10,4129
2020-04-16 18:15,4136
2020-04-16 18:20,4149
2020-04-16 18:25,4153
2020-04-16 18:30,4160
2020-04-16 18:35,4203
2020-04-16 18:40,4235
2020-04-16 18:45,4229
2020-04-16 18:50,4251
2020-04-16 18:55,4256
2020-04-16 19:00,4258
2020-04-16 19:05,4262
2020-04-16 19:10,4275
2020-04-16 19:15,4243
2020-04-16 19:20,4268
2020-04-16 19:25,4269
2020-04-16 19:30,4242
2020-04-16 19:35,4251
2020-04-16 19:40,4237
2020-04-16 19:45,4223
2020-04-16 19:50,4221
2020-04-16 19:55,4220
2020-04-16 20:00,4203
2020-04-16 20:05,4175
2020-04-16 20:10,4128
2020-04-16 20:15,4141
2020-04-16 20:20,4114
2020-04-16 20:25,4128
2020-04-16 20:30,4088
2020-04-16 20:35,4054
2020-04-16 20:40,4038
2020-04-16 20:45,4019
2020-04-16 20:50,4017
2020-04-16 20:55,3984
2020-04-16 21:00,3943
2020-04-16 21:05,3931
2020-04-16 21:10,3874
2020-04-16 21:15,3816
2020-04-16 21:20,3779
2020-04-16 21:25,3753
2020-04-16 21:30,3732
2020-04-16 21:35,3686
2020-04-16 21:40,3639
2020-04-16 21:45,3615
2020-04-16 21:50,3603
2020-04-16 21:55,3560
2020-04-16 22:00,3523
2020-04-16 22:05,3491
2020-04-16 22:10,3460
2020-04-16 22:15,3420
2020-04-16 22:20,3370
2020-04-16 22:25,3345
2020-04-16 22:30,3284
2020-04-16 22:35,3257
2020-04-16 22:40,3272
2020-04-16 22:45,3212
2020-04-16 22:50,3175
2020-04-16 22:55,3143
2020-04-16 23:00,3131
2020-04-16 23:05,3139
2020-04-16 23:10,3132
2020-04-16 23:15,3124
2020-04-16 23:20,3082
2020-04-16 23:25,3050
2020-04-16 23:30,3024
2020-04-16 23:35,2992
2020-04-16 23:40,2935
2020-04-16 23:45,2920
2020-04-16 23:50,2891
2020-04-16 23:55,2862
2020-04-17 00:00,2809
2020-04-17 00:05,2749
2020-04-17 00:10,2656
2020-04-17 00:15,2647
2020-04-17 00:20,2634
2020-04-17 00:25,2612
2020-04-17 00:30,2569
2020-04-17 00:35,2530
2020-04-17 00:40,2532
2020-04-17 00:45,2507
2020-04-17 00:50,2487
2020-04-17 00:55,2491
2020-04-17 01:00,2475
2020-04-17 01:05,2455
2020-04-17 01:10,2421
2020-04-17 01:15,2419
2020-04-17 01:20,2431
2020-04-17 01:25,2413
2020-04-17 01:30,2384
2020-04-17 01:35,2399
2020-04-17 01:40,2374
2020-04-17 01:45,2357
2020-04-17 01:50,2314
2020-04-17 01:55,2312
2020-04-17 02:00,2304
2020-04-17 02:05,2316
2020-04-17 02:10,2288
2020-04-17 02:15,2294
2020-04-17 02:20,2274
2020-04-17 02:25,2249
2020-04-17 02:30,2212
2020-04-17 02:35,2194
2020-04-17 02:40,2172
2020-04-17 02:45,2167
2020-04-17 02:50,2171
2020-04-17 02:55,2161
2020-04-17 03:00,2160
2020-04-17 03:05,2136
2020-04-17 03:10,2103
2020-04-17 03:15,2082
2020-04-17 03:20,2081
2020-04-17 03:25,2056
2020-04-17 03:30,2023
2020-04-17 03:35,2020
2020-04-17 03:40,1998
2020-04-17 03:45,1977
2020-04-17 03:50,1957
2020-04-17 03:55,1935
2020-04-17 04:00,1895
2020-04-17 04:05,1889
2020-04-17 04:10,1865
2020-04-17 04:15,1848
2020-04-17 04:20,1842
2020-04-17 04:25,1814
2020-04-17 04:30,1806
2020-04-17 04:35,1772
2020-04-17 04:40,1764
2020-04-17 04:45,1757
2020-04-17 04:50,1739
2020-04-17 04:55,1736
2020-04-17 05:00,1717
2020-04-17 05:05,1705
2020-04-17 05:10,1678
2020-04-17 05:15,1682
2020-04-17 05:20,1692
2020-04-17 05:25,1682
2020-04-17 05:30,1661
2020-04-17 05:35,1629
2020-04-17 05:40,1641
2020-04-17 05:45,1628
2020-04-17 05:50,1646
2020-04-17 05:55,1624
2020-04-17 06:00,1615
2020-04-17 06:05,1624
2020-04-17 06:10,1618
2020-04-17 06:15,1618
2020-04-17 06:20,1611
2020-04-17 06:25,1591
2020-04-17 06:30,1604
2020-04-17 06:35,1608
2020-04-17 06:40,1600
2020-04-17 06:45,1592
2020-04-17 06:50,1623
2020-04-17 06:55,1633
2020-04-17 07:00,1641
2020-04-17 07:05,1646
2020-04-17 07:10,1665
2020-04-17 07:15,1673
2020-04-17 07:20,1682
2020-04-17 07:25,1704
2020-04-17 07:30,1725
2020-04-17 07:35,1751
2020-04-17 07:40,1771
2020-04-17 07:45,1790
2020-04-17 07:50,1803
2020-04-17 07:55,1833
2020-04-17 08:00,1855
2020-04-17 08:05,1853
2020-04-17 08:10,1834
2020-04-17 08:15,1850
2020-04-17 08:20,1866
2020-04-17 08:25,1871
2020-04-17 08:30,1902
2020-04-17 08:35,1915
2020-04-17 08:40,1930
2020-04-17 08:45,1946
2020-04-17 08:50,1954
2020-04-17 08:55,1965
2020-04-17 09:00,2002
2020-04-17 09:05,2030
2020-04-17 09:10,2043
2020-04-17 09:15,2046
2020-04-17 09:20,2071
2020-04-17 09:25,2071
2020-04-17 09:30,2082
2020-04-17 09:35,2100
2020-04-17 09:40,2102
2020-04-17 09:45,2111
2020-04-17 09:50,2113
2020-04-17 09:55,2119
2020-04-17 10:00,2129
2020-04-17 10:05,2196
2020-04-17 10:10,2176
2020-04-17 10:15,2187
2020-04-17 10:20,2213
2020-04-17 10:25,2239
2020-04-17 10:30,2232
2020-04-17 10:35,2272
2020-04-17 10:40,2268
2020-04-17 10:45,2281
2020-04-17 10:50,2290
2020-04-17 10:55,2309
2020-04-17 11:00,2323
2020-04-17 11:05,2335
2020-04-17 11:10,2358
2020-04-17 11:15,2369
2020-04-17 11:20,1858
2020-04-17 11:25,2196
2020-04-17 11:30,2447
2020-04-17 11:35,2488
2020-04-17 11:40,2503
2020-04-17 11:45,2508
2020-04-17 11:50,2549
2020-04-17 11:55,2563
2020-04-17 12:00,2597
2020-04-17 12:05,2625
2020-04-17 12:10,2695
2020-04-17 12:15,2689
2020-04-17 12:20,2710
2020-04-17 12:25,2748
2020-04-17 12:30,2790
2020-04-17 12:35,2799
2020-04-17 12:40,2834
2020-04-17 12:45,2845
2020-04-17 12:50,2844
2020-04-17 12:55,2852
2020-04-17 13:00,2860
2020-04-17 13:05,2881
2020-04-17 13:10,2916
2020-04-17 13:15,2948
2020-04-17 13:20,2951
2020-04-17 13:25,2979
2020-04-17 13:30,3009
2020-04-17 13:35,3025
2020-04-17 13:40,3017
2020-04-17 13:45,3047
2020-04-17 13:50,3045
2020-04-17 13:55,3046
2020-04-17 14:00,3093
2020-04-17 14:05,3100
2020-04-17 14:10,3118
2020-04-17 14:15,3164
2020-04-17 14:20,3159
2020-04-17 14:25,3163
2020-04-17 14:30,3219
2020-04-17 14:35,3227
2020-04-17 14:40,3244
2020-04-17 14:45,3289
2020-04-17 14:50,3303
2020-04-17 14:55,3351
2020-04-17 15:00,3358
2020-04-17 15:05,3394
2020-04-17 15:10,3422
2020-04-17 15:15,3455
2020-04-17 15:20,3445
2020-04-17 15:25,3479
2020-04-17 15:30,3510
2020-04-17 15:35,3517
2020-04-17 15:40,3557
2020-04-17 15:45,3569
2020-04-17 15:50,3587
2020-04-17 15:55,3601
2020-04-17 16:00,3633
2020-04-17 16:05,3653
2020-04-17 16:10,3681
2020-04-17 16:15,3682
2020-04-17 16:20,3700
2020-04-17 16:25,3697
2020-04-17 16:30,3702
2020-04-17 16:35,3702
2020-04-17 16:40,3720
2020-04-17 16:45,3755
2020-04-17 16:50,3797
2020-04-17 16:55,3783
2020-04-17 17:00,3778
2020-04-17 17:05,3746
2020-04-17 17:10,3727
2020-04-17 17:15,3722
2020-04-17 17:20,3734
2020-04-17 17:25,3757
2020-04-17 17:30,3769
2020-04-17 17:35,3724
2020-04-17 17:40,3747
2020-04-17 17:45,3750
2020-04-17 17:50,3764
2020-04-17 17:55,3790
2020-04-17 18:00,3807
2020-04-17 18:05,3859
2020-04-17 18:10,3875
2020-04-17 18:15,3894
2020-04-17 18:20,3902
2020-04-17 18:25,3913
2020-04-17 18:30,3931
2020-04-17 18:35,3945
2020-04-17 18:40,3975
2020-04-17 18:45,3980
2020-04-17 18:50,3986
2020-04-17 18:55,3987
2020-04-17 19:00,3988
2020-04-17 19:05,3983
2020-04-17 19:10,4012
2020-04-17 19:15,4049
2020-04-17 19:20,4081
2020-04-17 19:25,4107
2020-04-17 19:30,4112
2020-04-17 19:35,4082
2020-04-17 19:40,4092
2020-04-17 19:45,4139
2020-04-17 19:50,4166
2020-04-17 19:55,4163
2020-04-17 20:00,4156
2020-04-17 20:05,4132
2020-04-17 20:10,4112
2020-04-17 20:15,4089
2020-04-17 20:20,4093
2020-04-17 20:25,4071
2020-04-17 20:30,3926
2020-04-17 20:35,4050
2020-04-17 20:40,4058
2020-04-17 20:45,4017
2020-04-17 20:50,4004
2020-04-17 20:55,3966
2020-04-17 21:00,3910
2020-04-17 21:05,3891
2020-04-17 21:10,3852
2020-04-17 21:15,3831
2020-04-17 21:20,3781
2020-04-17 21:25,3780
2020-04-17 21:30,3737
2020-04-17 21:35,3729
2020-04-17 21:40,3690
2020-04-17 21:45,3662
2020-04-17 21:50,3616
2020-04-17 21:55,3567
2020-04-17 22:00,3563
2020-04-17 22:05,3524
2020-04-17 22:10,3511
2020-04-17 22:15,3475
2020-04-17 22:20,3443
2020-04-17 22:25,3383
2020-04-17 22:30,3356
2020-04-17 22:35,3331
2020-04-17 22:40,3292
2020-04-17 22:45,3257
2020-04-17 22:50,3226
2020-04-17 22:55,3178
2020-04-17 23:00,3129
2020-04-17 23:05,3106
2020-04-17 23:10,3075
2020-04-17 23:15,3023
2020-04-17 23:20,3000
2020-04-17 23:25,2968
2020-04-17 23:30,2953
2020-04-17 23:35,2923
2020-04-17 23:40,2898
2020-04-17 23:45,2887
2020-04-17 23:50,2871
2020-04-17 23:55,2863
2020-04-18 00:00,2835
2020-04-18 00:05,2810
2020-04-18 00:10,2776
2020-04-18 00:15,2756
2020-04-18 00:20,2737
2020-04-18 00:25,2703
2020-04-18 00:30,2682
2020-04-18 00:35,2620
2020-04-18 00:40,2643
2020-04-18 00:45,2648
2020-04-18 00:50,2636
2020-04-18 00:55,2622
2020-04-18 01:00,2641
2020-04-18 01:05,2603
2020-04-18 01:10,2602
2020-04-18 01:15,2561
2020-04-18 01:20,2558
2020-04-18 01:25,2534
2020-04-18 01:30,2504
2020-04-18 01:35,2496
2020-04-18 01:40,2481
2020-04-18 01:45,2471
2020-04-18 01:50,2430
2020-04-18 01:55,2423
2020-04-18 02:00,2412
2020-04-18 02:05,2391
2020-04-18 02:10,2372
2020-04-18 02:15,2356
2020-04-18 02:20,2321
2020-04-18 02:25,2308
2020-04-18 02:30,2310
2020-04-18 02:35,2292
2020-04-18 02:40,2288
2020-04-18 02:45,2243
2020-04-18 02:50,2227
2020-04-18 02:55,2201
2020-04-18 03:00,2180
2020-04-18 03:05,2160
2020-04-18 03:10,2121
2020-04-18 03:15,2115
2020-04-18 03:20,2084
2020-04-18 03:25,2040
2020-04-18 03:30,2032
2020-04-18 03:35,2037
2020-04-18 03:40,2032
2020-04-18 03:45,2026
2020-04-18 03:50,2022
2020-04-18 03:55,2005
2020-04-18 04:00,2005
2020-04-18 04:05,1995
2020-04-18 04:10,1998
2020-04-18 04:15,1990
2020-04-18 04:20,1995
2020-04-18 04:25,1985
2020-04-18 04:30,1959
2020-04-18 04:35,1964
2020-04-18 04:40,1947
2020-04-18 04:45,1936
2020-04-18 04:50,1918
2020-04-18 04:55,1907
2020-04-18 05:00,1882
2020-04-18 05:05,1868
2020-04-18 05:10,1851
2020-04-18 05:15,1839
2020-04-18 05:20,1830
2020-04-18 05:25,1833
2020-04-18 05:30,1842
2020-04-18 05:35,1841
2020-04-18 05:40,1851
2020-04-18 05:45,1845
2020-04-18 05:50,1832
2020-04-18 05:55,1805
2020-04-18 06:00,1828
2020-04-18 06:05,1821
2020-04-18 06:10,1823
2020-04-18 06:15,1811
2020-04-18 06:20,1814
2020-04-18 06:25,1821
2020-04-18 06:30,1827
2020-04-18 06:35,1829
2020-04-18 06:40,1839
2020-04-18 06:45,1839
2020-04-18 06:50,1825
2020-04-18 06:55,1833
2020-04-18 07:00,1836
2020-04-18 07:05,1822
2020-04-18 07:10,1834
2020-04-18 07:15,1812
2020-04-18 07:20,1809
2020-04-18 07:25,1837
2020-04-18 07:30,1842
2020-04-18 07:35,1856
2020-04-18 07:40,1866
2020-04-18 07:45,1885
2020-04-18 07:50,1892
2020-04-18 07:55,1930
2020-04-18 08:00,1918
2020-04-18 08:05,1940
2020-04-18 08:10,1947
2020-04-18 08:15,1945
2020-04-18 08:20,1948
2020-04-18 08:25,1954
2020-04-18 08:30,1961
2020-04-18 08:35,1980
2020-04-18 08:40,2009
2020-04-18 08:45,2046
2020-04-18 08:50,2051
2020-04-18 08:55,2104
2020-04-18 09:00,2111
2020-04-18 09:05,2146
2020-04-18 09:10,2175
2020-04-18 09:15,2193
2020-04-18 09:20,2206
2020-04-18 09:25,2257
2020-04-18 09:30,2279
2020-04-18 09:35,2294
2020-04-18 09:40,2303
2020-04-18 09:45,2332
2020-04-18 09:50,2358
2020-04-18 09:55,2381
2020-04-18 10:00,2401
2020-04-18 10:05,2444
2020-04-18 10:10,2480
2020-04-18 10:15,2488
2020-04-18 10:20,2523
2020-04-18 10:25,2545
2020-04-18 10:30,2554
2020-04-18 10:35,2578
2020-04-18 10:40,2586
2020-04-18 10:45,2616
2020-04-18 10:50,2649
2020-04-18 10:55,2660
2020-04-18 11:00,2689
2020-04-18 11:05,2728
2020-04-18 11:10,2773
2020-04-18 11:15,2752
2020-04-18 11:20,2789
2020-04-18 11:25,2810
2020-04-18 11:30,2831
2020-04-18 11:35,2863
2020-04-18 11:40,2900
2020-04-18 11:45,2911
2020-04-18 11:50,2947
2020-04-18 11:55,2940
2020-04-18 12:00,2968
2020-04-18 12:05,2981
2020-04-18 12:10,3023
2020-04-18 12:15,3070
2020-04-18 12:20,3117
2020-04-18 12:25,3119
2020-04-18 12:30,3122
2020-04-18 12:35,3133
2020-04-18 12:40,3164
2020-04-18 12:45,3199
2020-04-18 12:50,3221
2020-04-18 12:55,3254
2020-04-18 13:00,3303
2020-04-18 13:05,3291
2020-04-18 13:10,3329
2020-04-18 13:15,3340
2020-04-18 13:20,3356
2020-04-18 13:25,3368
2020-04-18 13:30,3372
2020-04-18 13:35,3395
2020-04-18 13:40,3410
2020-04-18 13:45,3465
2020-04-18 13:50,3483
2020-04-18 13:55,3498
2020-04-18 14:00,3513
2020-04-18 14:05,3532
2020-04-18 14:10,3556
2020-04-18 14:15,3565
2020-04-18 14:20,3598
2020-04-18 14:25,3619
2020-04-18 14:30,3645
2020-04-18 14:35,3671
2020-04-18 14:40,3680
2020-04-18 14:45,3693
2020-04-18 14:50,3715
2020-04-18 14:55,3753
2020-04-18 15:00,3787
2020-04-18 15:05,3801
2020-04-18 15:10,3837
2020-04-18 15:15,3859
2020-04-18 15:20,3872
2020-04-18 15:25,3864
2020-04-18 15:30,3880
2020-04-18 15:35,3886
2020-04-18 15:40,
2020-04-18 15:45,3900
2020-04-18 15:50,3899
2020-04-18 15:55,3905
2020-04-18 16:00,3909
2020-04-18 16:05,3946
2020-04-18 16:10,3963
2020-04-18 16:15,3948
2020-04-18 16:20,3942
2020-04-18 16:25,3979
2020-04-18 16:30,3987
2020-04-18 16:35,4003
2020-04-18 16:40,4013
2020-04-18 16:45,4010
2020-04-18 16:50,4027
2020-04-18 16:55,4039
2020-04-18 17:00,4068
2020-04-18 17:05,4041
2020-04-18 17:10,4031
2020-04-18 17:15,4028
2020-04-18 17:20,4048
2020-04-18 17:25,4067
2020-04-18 17:30,4088
2020-04-18 17:35,4085
2020-04-18 17:40,4117
2020-04-18 17:45,4165
2020-04-18 17:50,4167
2020-04-18 17:55,4165
2020-04-18 18:00,4201
2020-04-18 18:05,4221
2020-04-18 18:10,4235
2020-04-18 18:15,4277
2020-04-18 18:20,4296
2020-04-18 18:25,4275
2020-04-18 18:30,4317
2020-04-18 18:35,4347
2020-04-18 18:40,4343
2020-04-18 18:45,4370
2020-04-18 18:50,4404
2020-04-18 18:55,4390
2020-04-18 19:00,4409
2020-04-18 19:05,4418
2020-04-18 19:10,4395
2020-04-18 19:15,4413
2020-04-18 19:20,4398
2020-04-18 19:25,4415
2020-04-18 19:30,4424
2020-04-18 19:35,4410
2020-04-18 19:40,4400
2020-04-18 19:45,4391
2020-04-18 19:50,4379
2020-04-18 19:55,4397
2020-04-18 20:00,4398
2020-04-18 20:05,4395
2020-04-18 20:10,4388
2020-04-18 20:15,4404
2020-04-18 20:20,4395
2020-04-18 20:25,4406
2020-04-18 20:30,4391
2020-04-18 20:35,4372
2020-04-18 20:40,4356
2020-04-18 20:45,4355
2020-04-18 20:50,4346
2020-04-18 20:55,4315
2020-04-18 21:00,4290
2020-04-18 21:05,4251
2020-04-18 21:10,4229
2020-04-18 21:15,4195
2020-04-18 21:20,4163
2020-04-18 21:25,4128
2020-04-18 21:30,4107
2020-04-18 21:35,4042
2020-04-18 21:40,4044
2020-04-18 21:45,4040
2020-04-18 21:50,3988
2020-04-18 21:55,3953
2020-04-18 22:00,3910
2020-04-18 22:05,3862
2020-04-18 22:10,3818
2020-04-18 22:15,3772
2020-04-18 22:20,3739
2020-04-18 22:25,3684
2020-04-18 22:30,3619
2020-04-18 22:35,3593
2020-04-18 22:40,3543
2020-04-18 22:45,3490
2020-04-18 22:50,3434
2020-04-18 22:55,3417
2020-04-18 23:00,3367
2020-04-18 23:05,3355
2020-04-18 23:10,3320
2020-04-18 23:15,3291
2020-04-18 23:20,3277
2020-04-18 23:25,3213
2020-04-18 23:30,3161
2020-04-18 23:35,3110
2020-04-18 23:40,3099
2020-04-18 23:45,3073
2020-04-18 23:50,3033
2020-04-18 23:55,2989
2020-04-19 00:00,2941
2020-04-19 00:05,2908
2020-04-19 00:10,2886
2020-04-19 00:15,2894
2020-04-19 00:20,2864
2020-04-19 00:25,2862
2020-04-19 00:30,2854
2020-04-19 00:35,2860
2020-04-19 00:40,2828
2020-04-19 00:45,2814
2020-04-19 00:50,2795
2020-04-19 00:55,2767
2020-04-19 01:00,2729
2020-04-19 01:05,2703
2020-04-19 01:10,2643
2020-04-19 01:15,2641
2020-04-19 01:20,2637
2020-04-19 01:25,2602
2020-04-19 01:30,2565
2020-04-19 01:35,2543
2020-04-19 01:40,2526
2020-04-19 01:45,2518
2020-04-19 01:50,2501
2020-04-19 01:55,2486
2020-04-19 02:00,2480
2020-04-19 02:05,2485
2020-04-19 02:10,2436
2020-04-19 02:15,2423
2020-04-19 02:20,2408
2020-04-19 02:25,2392
2020-04-19 02:30,2374
2020-04-19 02:35,2361
2020-04-19 02:40,2366
2020-04-19 02:45,2340
2020-04-19 02:50,2322
2020-04-19 02:55,2293
2020-04-19 03:00,2292
2020-04-19 03:05,2294
2020-04-19 03:10,2300
2020-04-19 03:15,2277
2020-04-19 03:20,2239
2020-04-19 03:25,2241
2020-04-19 03:30,2215
2020-04-19 03:35,2225
2020-04-19 03:40,2191
2020-04-19 03:45,2185
2020-04-19 03:50,2152
2020-04-19 03:55,2136
2020-04-19 04:00,2133
2020-04-19 04:05,2098
2020-04-19 04:10,2100
2020-04-19 04:15,2093
2020-04-19 04:20,2082
2020-04-19 04:25,2068
2020-04-19 04:30,2053
2020-04-19 04:35,2058
2020-04-19 04:40,2059
2020-04-19 04:45,2028
2020-04-19 04:50,2000
2020-04-19 04:55,1964
2020-04-19 05:00,1952
2020-04-19 05:05,1939
2020-04-19 05:10,1929
2020-04-19 05:15,1928
2020-04-19 05:20,1915
2020-04-19 05:25,1905
2020-04-19 05:30,1913
2020-04-19 05:35,1904
2020-04-19 05:40,1881
2020-04-19 05:45,1873
2020-04-19 05:50,1847
2020-04-19 05:55,1831
2020-04-19 06:00,1822
2020-04-19 06:05,1833
2020-04-19 06:10,1829
2020-04-19 06:15,1817
2020-04-19 06:20,1804
2020-04-19 06:25,1809
2020-04-19 06:30,1820
2020-04-19 06:35,1824
2020-04-19 06:40,1836
2020-04-19 06:45,1852
2020-04-19 06:50,1859
2020-04-19 06:55,1872
2020-04-19 07:00,1880
2020-04-19 07:05,1894
2020-04-19 07:10,1905
2020-04-19 07:15,1926
2020-04-19 07:20,1927
2020-04-19 07:25,1957
2020-04-19 07:30,1967
2020-04-19 07:35,1986
2020-04-19 07:40,2013
2020-04-19 07:45,2035
2020-04-19 07:50,2042
2020-04-19 07:55,2040
2020-04-19 08:00,2042
2020-04-19 08:05,2039
2020-04-19 08:10,2053
2020-04-19 08:15,2058
2020-04-19 08:20,2066
2020-04-19 08:25,2065
2020-04-19 08:30,2094
2020-04-19 08:35,2106
2020-04-19 08:40,2146
2020-04-19 08:45,2167
2020-04-19 08:50,2192
2020-04-19 08:55,2214
2020-04-19 09:00,2236
2020-04-19 09:05,2249
2020-04-19 09:10,2289
2020-04-19 09:15,2294
2020-04-19 09:20,2329
2020-04-19 09:25,2349
2020-04-19 09:30,2371
2020-04-19 09:35,2380
2020-04-19 09:40,2398
2020-04-19 09:45,2432
2020-04-19 09:50,2448
2020-04-19 09:55,2469
2020-04-19 10:00,2492
2020-04-19 10:05,2524
2020-04-19 10:10,2561
2020-04-19 10:15,2612
2020-04-19 10:20,2646
2020-04-19 10:25,2682
2020-04-19 10:30,2724
2020-04-19 10:35,2726
2020-04-19 10:40,2736
2020-04-19 10:45,2755
2020-04-19 10:50,2774
2020-04-19 10:55,2781
2020-04-19 11:00,2801
2020-04-19 11:05,2809
2020-04-19 11:10,2814
2020-04-19 11:15,2822
2020-04-19 11:20,2856
2020-04-19 11:25,2882
2020-04-19 11:30,2865
2020-04-19 11:35,2897
2020-04-19 11:40,2913
2020-04-19 11:45,2935
2020-04-19 11:50,2955
2020-04-19 11:55,2997
2020-04-19 12:00,3008
2020-04-19 12:05,3011
2020-04-19 12:10,3038
2020-04-19 12:15,3089
2020-04-19 12:20,3117
2020-04-19 12:25,3155
2020-04-19 12:30,3168
2020-04-19 12:35,3225
2020-04-19 12:40,3255
2020-04-19 12:45,3285
2020-04-19 12:50,3337
2020-04-19 12:55,3377
2020-04-19 13:00,3398
2020-04-19 13:05,3401
2020-04-19 13:10,3421
2020-04-19 13:15,3467
2020-04-19 13:20,3477
2020-04-19 13:25,3491
2020-04-19 13:30,3533
2020-04-19 13:35,3573
2020-04-19 13:40,3578
2020-04-19 13:45,3620
2020-04-19 13:50,3657
2020-04-19 13:55,3684
2020-04-19 14:00,3715
2020-04-19 14:05,3749
2020-04-19 14:10,3771
2020-04-19 14:15,3787
2020-04-19 14:20,3844
2020-04-19 14:25,3868
2020-04-19 14:30,3909
2020-04-19 14:35,3915
2020-04-19 14:40,3901
2020-04-19 14:45,3924
2020-04-19 14:50,3944
2020-04-19 14:55,3956
2020-04-19 15:00,3984
2020-04-19 15:05,3986
2020-04-19 15:10,3991
2020-04-19 15:15,3997
2020-04-19 15:20,4030
2020-04-19 15:25,4060
2020-04-19 15:30,4100
2020-04-19 15:35,4113
2020-04-19 15:40,4099
2020-04-19 15:45,4099
2020-04-19 15:50,4117
2020-04-19 15:55,4120
2020-04-19 16:00,4130
2020-04-19 16:05,4160
2020-04-19 16:10,4150
2020-04-19 16:15,4152
2020-04-19 16:20,4171
2020-04-19 16:25,4196
2020-04-19 16:30,4202
2020-04-19 16:35,4196
2020-04-19 16:40,4178
2020-04-19 16:45,4180
2020-04-19 16:50,4235
2020-04-19 16:55,4236
2020-04-19 17:00,4250
2020-04-19 17:05,4240
2020-04-19 17:10,4271
2020-04-19 17:15,4260
2020-04-19 17:20,4256
2020-04-19 17:25,4281
2020-04-19 17:30,4280
2020-04-19 17:35,4272
2020-04-19 17:40,4280
2020-04-19 17:45,4276
2020-04-19 17:50,4292
2020-04-19 17:55,4297
2020-04-19 18:00,4273
2020-04-19 18:05,4309
2020-04-19 18:10,4345
2020-04-19 18:15,4380
2020-04-19 18:20,4384
2020-04-19 18:25,4404
2020-04-19 18:30,4398
2020-04-19 18:35,4419
2020-04-19 18:40,4412
2020-04-19 18:45,4430
2020-04-19 18:50,4446
2020-04-19 18:55,4459
2020-04-19 19:00,4441
2020-04-19 19:05,4435
2020-04-19 19:10,4438
2020-04-19 19:15,4418
2020-04-19 19:20,4417
2020-04-19 19:25,4397
2020-04-19 19:30,4376
2020-04-19 19:35,4366
2020-04-19 19:40,4375
2020-04-19 19:45,4356
2020-04-19 19:50,4349
2020-04-19 19:55,4316
2020-04-19 20:00,4316
2020-04-19 20:05,4331
2020-04-19 20:10,4318
2020-04-19 20:15,4299
2020-04-19 20:20,4273
2020-04-19 20:25,4227
2020-04-19 20:30,4222
2020-04-19 20:35,4232
2020-04-19 20:40,4193
2020-04-19 20:45,4184
2020-04-19 20:50,4154
2020-04-19 20:55,4144
2020-04-19 21:00,4106
2020-04-19 21:05,4063
2020-04-19 21:10,4023
2020-04-19 21:15,3981
2020-04-19 21:20,3940
2020-04-19 21:25,3907
2020-04-19 21:30,3870
2020-04-19 21:35,3861
2020-04-19 21:40,3808
2020-04-19 21:45,3791
2020-04-19 21:50,3772
2020-04-19 21:55,3748
2020-04-19 22:00,3708
2020-04-19 22:05,3672
2020-04-19 22:10,3635
2020-04-19 22:15,3593
2020-04-19 22:20,3555
2020-04-19 22:25,3520
2020-04-19 22:30,3482
2020-04-19 22:35,3433
2020-04-19 22:40,3415
2020-04-19 22:45,3365
2020-04-19 22:50,3303
2020-04-19 22:55,3228
2020-04-19 23:00,3196
2020-04-19 23:05,3132
2020-04-19 23:10,3108
2020-04-19 23:15,3063
2020-04-19 23:20,3034
2020-04-19 23:25,2985
2020-04-19 23:30,2955
2020-04-19 23:35,2924
2020-04-19 23:40,2891
2020-04-19 23:45,2875
2020-04-19 23:50,2858
2020-04-19 23:55,2837
2020-04-20 00:00,2794
2020-04-20 00:05,2761
2020-04-20 00:10,2728
2020-04-20 00:15,2698
2020-04-20 00:20,2675
2020-04-20 00:25,2644
2020-04-20 00:30,2615
2020-04-20 00:35,2590
2020-04-20 00:40,2578
2020-04-20 00:45,2596
2020-04-20 00:50,2599
2020-04-20 00:55,2590
2020-04-20 01:00,2582
2020-04-20 01:05,2558
2020-04-20 01:10,2519
2020-04-20 01:15,2478
2020-04-20 01:20,2466
2020-04-20 01:25,2451
2020-04-20 01:30,2450
2020-04-20 01:35,2431
2020-04-20 01:40,2424
2020-04-20 01:45,2391
2020-04-20 01:50,2378
2020-04-20 01:55,2367
2020-04-20 02:00,2377
2020-04-20 02:05,2363
2020-04-20 02:10,2365
2020-04-20 02:15,2357
2020-04-20 02:20,2348
2020-04-20 02:25,2318
2020-04-20 02:30,2314
2020-04-20 02:35,2280
2020-04-20 02:40,2262
2020-04-20 02:45,2235
2020-04-20 02:50,2226
2020-04-20 02:55,2210
2020-04-20 03:00,2204
2020-04-20 03:05,2195
2020-04-20 03:10,2155
2020-04-20 03:15,2137
2020-04-20 03:20,2127
2020-04-20 03:25,2126
2020-04-20 03:30,2108
2020-04-20 03:35,2089
2020-04-20 03:40,2072
2020-04-20 03:45,2052
2020-04-20 03:50,2042
2020-04-20 03:55,2027
2020-04-20 04:00,2010
2020-04-20 04:05,1979
2020-04-20 04:10,1953
2020-04-20 04:15,1927
2020-04-20 04:20,1904
2020-04-20 04:25,1886
2020-04-20 04:30,1871
2020-04-20 04:35,1852
2020-04-20 04:40,1849
2020-04-20 04:45,1843
2020-04-20 04:50,1815
2020-04-20 04:55,1791
2020-04-20 05:00,1758
2020-04-20 05:05,1751
2020-04-20 05:10,1762
2020-04-20 05:15,1754
2020-04-20 05:20,1728
2020-04-20 05:25,1721
2020-04-20 05:30,1716
2020-04-20 05:35,1723
2020-04-20 05:40,1711
2020-04-20 05:45,1699
2020-04-20 05:50,1681
2020-04-20 05:55,1663
2020-04-20 06:00,1653
2020-04-20 06:05,1653
2020-04-20 06:10,1650
2020-04-20 06:15,1658
2020-04-20 06:20,1636
2020-04-20 06:25,1644
2020-04-20 06:30,1646
2020-04-20 06:35,1622
2020-04-20 06:40,1632
2020-04-20 06:45,1621
2020-04-20 06:50,1616
2020-04-20 06:55,1632
2020-04-20 07:00,1639
2020-04-20 07:05,1653
2020-04-20 07:10,1665
2020-04-20 07:15,1649
2020-04-20 07:20,1665
2020-04-20 07:25,1664
2020-04-20 07:30,1677
2020-04-20 07:35,1666
2020-04-20 07:40,1696
2020-04-20 07:45,1724
2020-04-20 07:50,1752
2020-04-20 07:55,1782
2020-04-20 08:00,1791
2020-04-20 08:05,1790
2020-04-20 08:10,1815
2020-04-20 08:15,1822
2020-04-20 08:20,1836
2020-04-20 08:25,1845
2020-04-20 08:30,1858
2020-04-20 08:35,1855
2020-04-20 08:40,1844
2020-04-20 08:45,1862
2020-04-20 08:50,1895
2020-04-20 08:55,1909
2020-04-20 09:00,1927
2020-04-20 09:05,1973
2020-04-20 09:10,1981
2020-04-20 09:15,1996
2020-04-20 09:20,2008
2020-04-20 09:25,2017
2020-04-20 09:30,2033
2020-04-20 09:35,2043
2020-04-20 09:40,2065
2020-04-20 09:45,2072
2020-04-20 09:50,2077
2020-04-20 09:55,2087
2020-04-20 10:00,2111
2020-04-20 10:05,2138
2020-04-20 10:10,2187
2020-04-20 10:15,2218
2020-04-20 10:20,2214
2020-04-20 10:25,2233
2020-04-20 10:30,2261
2020-04-20 10:35,2284
2020-04-20 10:40,2296
2020-04-20 10:45,2331
2020-04-20 10:50,2341
2020-04-20 10:55,2352
2020-04-20 11:00,2391
2020-04-20 11:05,2389
2020-04-20 11:10,2406
2020-04-20 11:15,2416
2020-04-20 11:20,2428
2020-04-20 11:25,2475
2020-04-20 11:30,2469
2020-04-20 11:35,2483
2020-04-20 11:40,2507
2020-04-20 11:45,2532
2020-04-20 11:50,2540
2020-04-20 11:55,2554
2020-04-20 12:00,2578
2020-04-20 12:05,2598
2020-04-20 12:10,2602
2020-04-20 12:15,2639
2020-04-20 12:20,2648
2020-04-20 12:25,2688
2020-04-20 12:30,2720
2020-04-20 12:35,2767
2020-04-20 12:40,2819
2020-04-20 12:45,2825
2020-04-20 12:50,2849
2020-04-20 12:55,2857
2020-04-20 13:00,2882
2020-04-20 13:05,2886
2020-04-20 13:10,2914
2020-04-20 13:15,2937
2020-04-20 13:20,2961
2020-04-20 13:25,2973
2020-04-20 13:30,2999
2020-04-20 13:35,3022
2020-04-20 13:40,3025
2020-04-20 13:45,3046
2020-04-20 13:50,3058
2020-04-20 13:55,3108
2020-04-20 14:00,3113
2020-04-20 14:05,3135
2020-04-20 14:10,3170
2020-04-20 14:15,3197
2020-04-20 14:20,3211
2020-04-20 14:25,3208
2020-04-20 14:30,3232
2020-04-20 14:35,3251
2020-04-20 14:40,3276
2020-04-20 14:45,3303
2020-04-20 14:50,3285
2020-04-20 14:55,3303
2020-04-20 15:00,3318
2020-04-20 15:05,3333
2020-04-20 15:10,3359
2020-04-20 15:15,3360
2020-04-20 15:20,3367
2020-04-20 15:25,3411
2020-04-20 15:30,3437
2020-04-20 15:35,3468
2020-04-20 15:40,3499
2020-04-20 15:45,3515
2020-04-20 15:50,3537
2020-04-20 15:55,3544
2020-04-20 16:00,3546
2020-04-20 16:05,3556
2020-04-20 16:10,3594
2020-04-20 16:15,3595
2020-04-20 16:20,3599
2020-04-20 16:25,3631
2020-04-20 16:30,3654
2020-04-20 16:35,3681
2020-04-20 16:40,3700
2020-04-20 16:45,3695
2020-04-20 16:50,3712
2020-04-20 16:55,3722
2020-04-20 17:00,3724
2020-04-20 17:05,3725
2020-04-20 17:10,3768
2020-04-20 17:15,3793
2020-04-20 17:20,3768
2020-04-20 17:25,3788
2020-04-20 17:30,3776
2020-04-20 17:35,3787
2020-04-20 17:40,3796
2020-04-20 17:45,3805
2020-04-20 17:50,3790
2020-04-20 17:55,3821
2020-04-20 18:00,3847
2020-04-20 18:05,3870
2020-04-20 18:10,3865
2020-04-20 18:15,3886
2020-04-20 18:20,3867
2020-04-20 18:25,3900
2020-04-20 18:30,3899
2020-04-20 18:35,3901
2020-04-20 18:40,3936
2020-04-20 18:45,3938
2020-04-20 18:50,3967
2020-04-20 18:55,3946
2020-04-20 19:00,3956
2020-04-20 19:05,3993
2020-04-20 19:10,4026
2020-04-20 19:15,4048
2020-04-20 19:20,4017
2020-04-20 19:25,4028
2020-04-20 19:30,4032
2020-04-20 19:35,4018
2020-04-20 19:40,4007
2020-04-20 19:45,4002
2020-04-20 19:50,4010
2020-04-20 19:55,4014
2020-04-20 20:00,3991
2020-04-20 20:05,3968
2020-04-20 20:10,3987
2020-04-20 20:15,3951
2020-04-20 20:20,3944
2020-04-20 20:25,3923
2020-04-20 20:30,3884
2020-04-20 20:35,3863
2020-04-20 20:40,3836
2020-04-20 20:45,3808
2020-04-20 20:50,3811
2020-04-20 20:55,3762
2020-04-20 21:00,3746
2020-04-20 21:05,3681
2020-04-20 21:10,3636
2020-04-20 21:15,3611
2020-04-20 21:20,3602
2020-04-20 21:25,3563
2020-04-20 21:30,3531
2020-04-20 21:35,3508
2020-04-20 21:40,3478
2020-04-20 21:45,3446
2020-04-20 21:50,3402
2020-04-20 21:55,3406
2020-04-20 22:00,3365
2020-04-20 22:05,3319
2020-04-20 22:10,3265
2020-04-20 22:15,3196
2020-04-20 22:20,3157
2020-04-20 22:25,3140
2020-04-20 22:30,3128
2020-04-20 22:35,3082
2020-04-20 22:40,3006
2020-04-20 22:45,3009
2020-04-20 22:50,2992
2020-04-20 22:55,2958
2020-04-20 23:00,2938
2020-04-20 23:05,2917
2020-04-20 23:10,2868
2020-04-20 23:15,2817
2020-04-20 23:20,2787
2020-04-20 23:25,2767
2020-04-20 23:30,2743
2020-04-20 23:35,2714
2020-04-20 23:40,2681
2020-04-20 23:45,2667
2020-04-20 23:50,2648
2020-04-20 23:55,2631
2020-04-21 00:00,2612
2020-04-21 00:05,2609
2020-04-21 00:10,2594
2020-04-21 00:15,2574
2020-04-21 00:20,2578
2020-04-21 00:25,2557
2020-04-21 00:30,2533
2020-04-21 00:35,2495
2020-04-21 00:40,2500
2020-04-21 00:45,2472
2020-04-21 00:50,2457
2020-04-21 00:55,2446
2020-04-21 01:00,2404
2020-04-21 01:05,2393
2020-04-21 01:10,2366
2020-04-21 01:15,2344
2020-04-21 01:20,2339
2020-04-21 01:25,2348
2020-04-21 01:30,2334
2020-04-21 01:35,2318
2020-04-21 01:40,2297
2020-04-21 01:45,2279
2020-04-21 01:50,2263
2020-04-21 01:55,2250
2020-04-21 02:00,2242
2020-04-21 02:05,2213
2020-04-21 02:10,2188
2020-04-21 02:15,2178
2020-04-21 02:20,2174
2020-04-21 02:25,2153
2020-04-21 02:30,2136
2020-04-21 02:35,2137
2020-04-21 02:40,2118
2020-04-21 02:45,2117
2020-04-21 02:50,2104
2020-04-21 02:55,2090
2020-04-21 03:00,2084
2020-04-21 03:05,2050
2020-04-21 03:10,2030
2020-04-21 03:15,2036
2020-04-21 03:20,2009
2020-04-21 03:25,1996
2020-04-21 03:30,1975
2020-04-21 03:35,1976
2020-04-21 03:40,1961
2020-04-21 03:45,1950
2020-04-21 03:50,1939
2020-04-21 03:55,1907
2020-04-21 04:00,1906
2020-04-21 04:05,1896
2020-04-21 04:10,1874
2020-04-21 04:15,1856
2020-04-21 04:20,1842
2020-04-21 04:25,1833
2020-04-21 04:30,1819
2020-04-21 04:35,1818
2020-04-21 04:40,1830
2020-04-21 04:45,1814
2020-04-21 04:50,1776
2020-04-21 04:55,1760
2020-04-21 05:00,1750
2020-04-21 05:05,1733
2020-04-21 05:10,1697
2020-04-21 05:15,1696
2020-04-21 05:20,1692
2020-04-21 05:25,1686
2020-04-21 05:30,1682
2020-04-21 05:35,1665
2020-04-21 05:40,1640
2020-04-21 05:45,1638
2020-04-21 05:50,1646
2020-04-21 05:55,1626
2020-04-21 06:00,1612
2020-04-21 06:05,1605
2020-04-21 06:10,1583
2020-04-21 06:15,1562
2020-04-21 06:20,1578
2020-04-21 06:25,1585
2020-04-21 06:30,1579
2020-04-21 06:35,1595
2020-04-21 06:40,1565
2020-04-21 06:45,1606
2020-04-21 06:50,1603
2020-04-21 06:55,1596
2020-04-21 07:00,1600
2020-04-21 07:05,1599
2020-04-21 07:10,1626
2020-04-21 07:15,1621
2020-04-21 07:20,1634
2020-04-21 07:25,1637
2020-04-21 07:30,1646
2020-04-21 07:35,1655
2020-04-21 07:40,1644
2020-04-21 07:45,1650
2020-04-21 07:50,1661
2020-04-21 07:55,1661
2020-04-21 08:00,1662
2020-04-21 08:05,1664
2020-04-21 08:10,1661
2020-04-21 08:15,1690
2020-04-21 08:20,1711
2020-04-21 08:25,1740
2020-04-21 08:30,1742
2020-04-21 08:35,1733
2020-04-21 08:40,1757
2020-04-21 08:45,1770
2020-04-21 08:50,1806
2020-04-21 08:55,1794
2020-04-21 09:00,1800
2020-04-21 09:05,1827
2020-04-21 09:10,1840
2020-04-21 09:15,1851
2020-04-21 09:20,1875
2020-04-21 09:25,1907
2020-04-21 09:30,1916
2020-04-21 09:35,1930
2020-04-21 09:40,1949
2020-04-21 09:45,1975
2020-04-21 09:50,1982
2020-04-21 09:55,1991
2020-04-21 10:00,2018
2020-04-21 10:05,2064
2020-04-21 10:10,2067
2020-04-21 10:15,2103
2020-04-21 10:20,2135
2020-04-21 10:25,2163
2020-04-21 10:30,2187
2020-04-21 10:35,2183
2020-04-21 10:40,2189
2020-04-21 10:45,2200
2020-04-21 10:50,2212
2020-04-21 10:55,2215
2020-04-21 11:00,2241
2020-04-21 11:05,2276
2020-04-21 11:10,2284
2020-04-21 11:15,2322
2020-04-21 11:20,2343
2020-04-21 11:25,2369
2020-04-21 11:30,2372
2020-04-21 11:35,2405
2020-04-21 11:40,2424
2020-04-21 11:45,2429
2020-04-21 11:50,2436
2020-04-21 11:55,2473
2020-04-21 12:00,2476
2020-04-21 12:05,2486
2020-04-21 12:10,2536
2020-04-21 12:15,2547
2020-04-21 12:20,2573
2020-04-21 12:25,2568
2020-04-21 12:30,2625
2020-04-21 12:35,2642
2020-04-21 12:40,2656
2020-04-21 12:45,2656
2020-04-21 12:50,2686
2020-04-21 12:55,2698
2020-04-21 13:00,2714
2020-04-21 13:05,2725
2020-04-21 13:10,2733
2020-04-21 13:15,2742
2020-04-21 13:20,2753
2020-04-21 13:25,2773
2020-04-21 13:30,2796
2020-04-21 13:35,2755
2020-04-21 13:40,2707
2020-04-21 13:45,2692
2020-04-21 13:50,2638
2020-04-21 13:55,2453
2020-04-21 14:00,2212
2020-04-21 14:05,1389
2020-04-21 14:10,1323
2020-04-21 14:15,1345
2020-04-21 14:20,1365
2020-04-21 14:25,1380
2020-04-21 14:30,1371
2020-04-21 14:35,1371
2020-04-21 14:40,1376
2020-04-21 14:45,1391
2020-04-21 14:50,1389
2020-04-21 14:55,1415
2020-04-21 15:00,1424
2020-04-21 15:05,1452
2020-04-21 15:10,1485
2020-04-21 15:15,1515
2020-04-21 15:20,1529
2020-04-21 15:25,1695
2020-04-21 15:30,1901
2020-04-21 15:35,
2020-04-21 15:40,1575
2020-04-21 15:45,2210
2020-04-21 15:50,2482
2020-04-21 15:55,2616
2020-04-21 16:00,2741
2020-04-21 16:05,2914
2020-04-21 16:10,3035
2020-04-21 16:15,3177
2020-04-21 16:20,3234
2020-04-21 16:25,3345
2020-04-21 16:30,3430
2020-04-21 16:35,3526
2020-04-21 16:40,3582
2020-04-21 16:45,3671
2020-04-21 16:50,3696
2020-04-21 16:55,3705
2020-04-21 17:00,3730
2020-04-21 17:05,3788
2020-04-21 17:10,3811
2020-04-21 17:15,3846
2020-04-21 17:20,3880
2020-04-21 17:25,3938
2020-04-21 17:30,3945
2020-04-21 17:35,3951
2020-04-21 17:40,3980
2020-04-21 17:45,3981
2020-04-21 17:50,4009
2020-04-21 17:55,4009
2020-04-21 18:00,4014
2020-04-21 18:05,4036
2020-04-21 18:10,4019
2020-04-21 18:15,3986
2020-04-21 18:20,3976
2020-04-21 18:25,4025
2020-04-21 18:30,4023
2020-04-21 18:35,4010
2020-04-21 18:40,4014
2020-04-21 18:45,4056
2020-04-21 18:50,4050
2020-04-21 18:55,4076
2020-04-21 19:00,4099
2020-04-21 19:05,4093
2020-04-21 19:10,4067
2020-04-21 19:15,4106
2020-04-21 19:20,4117
2020-04-21 19:25,4105
2020-04-21 19:30,4127
2020-04-21 19:35,4152
2020-04-21 19:40,4165
2020-04-21 19:45,4153
2020-04-21 19:50,4108
2020-04-21 19:55,4095
2020-04-21 20:00,4073
2020-04-21 20:05,4046
2020-04-21 20:10,4001
2020-04-21 20:15,4012
2020-04-21 20:20,3985
2020-04-21 20:25,3965
2020-04-21 20:30,3933
2020-04-21 20:35,3886
2020-04-21 20:40,3888
2020-04-21 20:45,3861
2020-04-21 20:50,3829
2020-04-21 20:55,3778
2020-04-21 21:00,3757
2020-04-21 21:05,3713
2020-04-21 21:10,3692
2020-04-21 21:15,3661
2020-04-21 21:20,3618
2020-04-21 21:25,3573
2020-04-21 21:30,3561
2020-04-21 21:35,3531
2020-04-21 21:40,3551
2020-04-21 21:45,3503
2020-04-21 21:50,3446
2020-04-21 21:55,3440
2020-04-21 22:00,3379
2020-04-21 22:05,3340
2020-04-21 22:10,3266
2020-04-21 22:15,3260
2020-04-21 22:20,3222
2020-04-21 22:25,3181
2020-04-21 22:30,3179
2020-04-21 22:35,3153
2020-04-21 22:40,3117
2020-04-21 22:45,3093
2020-04-21 22:50,3057
2020-04-21 22:55,3034
2020-04-21 23:00,2978
2020-04-21 23:05,2957
2020-04-21 23:10,2930
2020-04-21 23:15,2902
2020-04-21 23:20,2871
2020-04-21 23:25,2851
2020-04-21 23:30,0
2020-04-21 23:35,1032
2020-04-21 23:40,2247
2020-04-21 23:45,2662
2020-04-21 23:50,2632
2020-04-21 23:55,2608
2020-04-22 00:00,2565
2020-04-22 00:05,2470
2020-04-22 00:10,2451
2020-04-22 00:15,2443
2020-04-22 00:20,2443
2020-04-22 00:25,2420
2020-04-22 00:30,2414
2020-04-22 00:35,2395
2020-04-22 00:40,2384
2020-04-22 00:45,2376
2020-04-22 00:50,2373
2020-04-22 00:55,2380
2020-04-22 01:00,2369
2020-04-22 01:05,2342
2020-04-22 01:10,2359
2020-04-22 01:15,2363
2020-04-22 01:20,2363
2020-04-22 01:25,2370
2020-04-22 01:30,2366
2020-04-22 01:35,2367
2020-04-22 01:40,2347
2020-04-22 01:45,2318
2020-04-22 01:50,2309
2020-04-22 01:55,2309
2020-04-22 02:00,2288
2020-04-22 02:05,2261
2020-04-22 02:10,2238
2020-04-22 02:15,2235
2020-04-22 02:20,2228
2020-04-22 02:25,2199
2020-04-22 02:30,2188
2020-04-22 02:35,2177
2020-04-22 02:40,2160
2020-04-22 02:45,2154
2020-04-22 02:50,2146
2020-04-22 02:55,2146
2020-04-22 03:00,2140
2020-04-22 03:05,2131
2020-04-22 03:10,2094
2020-04-22 03:15,2070
2020-04-22 03:20,2036
2020-04-22 03:25,2024
2020-04-22 03:30,2005
2020-04-22 03:35,1980
2020-04-22 03:40,1987
2020-04-22 03:45,1947
2020-04-22 03:50,1911
2020-04-22 03:55,1927
2020-04-22 04:00,1897
2020-04-22 04:05,1879
2020-04-22 04:10,1881
2020-04-22 04:15,1832
2020-04-22 04:20,1852
2020-04-22 04:25,1865
2020-04-22 04:30,1848
2020-04-22 04:35,1846
2020-04-22 04:40,1826
2020-04-22 04:45,1810
2020-04-22 04:50,1786
2020-04-22 04:55,1748
2020-04-22 05:00,1743
2020-04-22 05:05,1716
2020-04-22 05:10,1701
2020-04-22 05:15,1679
2020-04-22 05:20,1666
2020-04-22 05:25,1676
2020-04-22 05:30,1667
2020-04-22 05:35,1645
2020-04-22 05:40,1646
2020-04-22 05:45,1650
2020-04-22 05:50,1657
2020-04-22 05:55,1663
2020-04-22 06:00,1664
2020-04-22 06:05,1663
2020-04-22 06:10,1649
2020-04-22 06:15,1645
2020-04-22 06:20,1648
2020-04-22 06:25,1650
2020-04-22 06:30,1633
2020-04-22 06:35,1640
2020-04-22 06:40,1626
2020-04-22 06:45,1630
2020-04-22 06:50,1621
2020-04-22 06:55,1638
2020-04-22 07:00,1652
2020-04-22 07:05,1646
2020-04-22 07:10,1634
2020-04-22 07:15,1643
2020-04-22 07:20,1658
2020-04-22 07:25,1689
2020-04-22 07:30,1679
2020-04-22 07:35,1668
2020-04-22 07:40,1688
2020-04-22 07:45,1710
2020-04-22 07:50,1731
2020-04-22 07:55,1734
2020-04-22 08:00,1728
2020-04-22 08:05,1738
2020-04-22 08:10,1767
2020-04-22 08:15,1779
2020-04-22 08:20,1788
2020-04-22 08:25,1807
2020-04-22 08:30,1839
2020-04-22 08:35,1832
2020-04-22 08:40,1839
2020-04-22 08:45,1852
2020-04-22 08:50,1830
2020-04-22 08:55,1823
2020-04-22 09:00,1831
2020-04-22 09:05,1846
2020-04-22 09:10,1869
2020-04-22 09:15,1867
2020-04-22 09:20,1887
2020-04-22 09:25,1906
2020-04-22 09:30,1929
2020-04-22 09:35,1954
2020-04-22 09:40,1961
2020-04-22 09:45,1983
2020-04-22 09:50,2012
2020-04-22 09:55,2015
2020-04-22 10:00,2046
2020-04-22 10:05,2073
2020-04-22 10:10,2114
2020-04-22 10:15,2179
2020-04-22 10:20,2223
2020-04-22 10:25,2257
2020-04-22 10:30,2258
2020-04-22 10:35,2308
2020-04-22 10:40,2333
2020-04-22 10:45,2337
2020-04-22 10:50,2332
2020-04-22 10:55,2347
2020-04-22 11:00,2351
2020-04-22 11:05,2363
2020-04-22 11:10,2373
2020-04-22 11:15,2397
2020-04-22 11:20,2428
2020-04-22 11:25,2439
2020-04-22 11:30,2444
2020-04-22 11:35,2452
2020-04-22 11:40,2482
2020-04-22 11:45,2504
2020-04-22 11:50,2543
2020-04-22 11:55,2557
2020-04-22 12:00,2580
2020-04-22 12:05,2564
2020-04-22 12:10,2594
2020-04-22 12:15,2603
2020-04-22 12:20,2639
2020-04-22 12:25,2658
2020-04-22 12:30,2663
2020-04-22 12:35,2675
2020-04-22 12:40,2694
2020-04-22 12:45,2714
2020-04-22 12:50,2719
2020-04-22 12:55,2717
2020-04-22 13:00,2715
2020-04-22 13:05,2725
2020-04-22 13:10,2726
2020-04-22 13:15,2761
2020-04-22 13:20,2777
2020-04-22 13:25,2807
2020-04-22 13:30,2836
2020-04-22 13:35,2862
2020-04-22 13:40,2854
2020-04-22 13:45,2856
2020-04-22 13:50,2893
2020-04-22 13:55,2890
2020-04-22 14:00,2906
2020-04-22 14:05,2910
2020-04-22 14:10,2938
2020-04-22 14:15,2939
2020-04-22 14:20,2954
2020-04-22 14:25,2984
2020-04-22 14:30,2976
2020-04-22 14:35,3024
2020-04-22 14:40,3032
2020-04-22 14:45,3069
2020-04-22 14:50,3084
2020-04-22 14:55,3081
2020-04-22 15:00,3137
2020-04-22 15:05,3169
2020-04-22 15:10,3216
2020-04-22 15:15,3258
2020-04-22 15:20,3274
2020-04-22 15:25,3297
2020-04-22 15:30,3320
2020-04-22 15:35,3335
2020-04-22 15:40,3394
2020-04-22 15:45,3401
2020-04-22 15:50,3428
2020-04-22 15:55,3445
2020-04-22 16:00,3441
2020-04-22 16:05,3459
2020-04-22 16:10,3472
2020-04-22 16:15,3483
2020-04-22 16:20,3463
2020-04-22 16:25,3485
2020-04-22 16:30,3527
2020-04-22 16:35,3542
2020-04-22 16:40,3548
2020-04-22 16:45,3553
2020-04-22 16:50,3589
2020-04-22 16:55,3584
2020-04-22 17:00,3596
2020-04-22 17:05,3616
2020-04-22 17:10,3618
2020-04-22 17:15,3631
2020-04-22 17:20,3658
2020-04-22 17:25,3628
2020-04-22 17:30,3642
2020-04-22 17:35,3654
2020-04-22 17:40,3682
2020-04-22 17:45,3705
2020-04-22 17:50,3727
2020-04-22 17:55,3737
2020-04-22 18:00,3721
2020-04-22 18:05,3723
2020-04-22 18:10,3728
2020-04-22 18:15,3744
2020-04-22 18:20,3749
2020-04-22 18:25,3739
2020-04-22 18:30,3743
2020-04-22 18:35,
2020-04-22 18:40,3786
2020-04-22 18:45,3801
2020-04-22 18:50,3781
2020-04-22 18:55,3792
2020-04-22 19:00,3818
2020-04-22 19:05,3828
2020-04-22 19:10,3837
2020-04-22 19:15,3834
2020-04-22 19:20,3828
2020-04-22 19:25,3822
2020-04-22 19:30,3829
2020-04-22 19:35,3864
2020-04-22 19:40,3864
2020-04-22 19:45,3883
2020-04-22 19:50,3884
2020-04-22 19:55,3863
2020-04-22 20:00,3848
2020-04-22 20:05,3846
2020-04-22 20:10,3856
2020-04-22 20:15,3859
2020-04-22 20:20,3838
2020-04-22 20:25,3823
2020-04-22 20:30,3801
2020-04-22 20:35,3770
2020-04-22 20:40,3753
2020-04-22 20:45,3759
2020-04-22 20:50,3772
2020-04-22 20:55,3737
2020-04-22 21:00,3704
2020-04-22 21:05,3687
2020-04-22 21:10,3655
2020-04-22 21:15,3607
2020-04-22 21:20,3575
2020-04-22 21:25,3546
2020-04-22 21:30,3492
2020-04-22 21:35,3464
2020-04-22 21:40,3426
2020-04-22 21:45,3386
2020-04-22 21:50,3369
2020-04-22 21:55,3352
2020-04-22 22:00,3294
2020-04-22 22:05,3248
2020-04-22 22:10,3210
2020-04-22 22:15,3163
2020-04-22 22:20,3143
2020-04-22 22:25,3122
2020-04-22 22:30,3075
2020-04-22 22:35,3045
2020-04-22 22:40,3001
2020-04-22 22:45,2978
2020-04-22 22:50,2966
2020-04-22 22:55,2955
2020-04-22 23:00,2906
2020-04-22 23:05,2892
2020-04-22 23:10,2839
2020-04-22 23:15,2803
2020-04-22 23:20,2785
2020-04-22 23:25,2741
2020-04-22 23:30,2745
2020-04-22 23:35,2705
2020-04-22 23:40,2672
2020-04-22 23:45,2642
2020-04-22 23:50,2648
2020-04-22 23:55,2621
2020-04-23 00:00,2615
2020-04-23 00:05,2598
2020-04-23 00:10,2578
2020-04-23 00:15,2554
2020-04-23 00:20,2534
2020-04-23 00:25,2501
2020-04-23 00:30,2474
2020-04-23 00:35,2480
2020-04-23 00:40,2462
2020-04-23 00:45,2468
2020-04-23 00:50,2443
2020-04-23 00:55,2460
2020-04-23 01:00,2465
2020-04-23 01:05,2438
2020-04-23 01:10,2404
2020-04-23 01:15,2377
2020-04-23 01:20,2370
2020-04-23 01:25,2376
2020-04-23 01:30,2363
2020-04-23 01:35,2369
2020-04-23 01:40,2363
2020-04-23 01:45,2360
2020-04-23 01:50,2359
2020-04-23 01:55,2340
2020-04-23 02:00,2318
2020-04-23 02:05,2321
2020-04-23 02:10,2301
2020-04-23 02:15,2307
2020-04-23 02:20,2280
2020-04-23 02:25,2248
2020-04-23 02:30,2255
2020-04-23 02:35,2215
2020-04-23 02:40,2176
2020-04-23 02:45,2169
2020-04-23 02:50,2142
2020-04-23 02:55,2109
2020-04-23 03:00,2103
2020-04-23 03:05,2090
2020-04-23 03:10,2063
2020-04-23 03:15,2057
2020-04-23 03:20,2022
2020-04-23 03:25,1989
2020-04-23 03:30,1979
2020-04-23 03:35,1965
2020-04-23 03:40,1962
2020-04-23 03:45,1956
2020-04-23 03:50,1929
2020-04-23 03:55,1888
2020-04-23 04:00,1880
2020-04-23 04:05,1847
2020-04-23 04:10,1845
2020-04-23 04:15,1836
2020-04-23 04:20,1843
2020-04-23 04:25,1821
2020-04-23 04:30,1805
2020-04-23 04:35,1793
2020-04-23 04:40,1785
2020-04-23 04:45,1776
2020-04-23 04:50,1748
2020-04-23 04:55,1728
2020-04-23 05:00,1716
2020-04-23 05:05,1685
2020-04-23 05:10,1668
2020-04-23 05:15,1669
2020-04-23 05:20,1623
2020-04-23 05:25,1604
2020-04-23 05:30,1592
2020-04-23 05:35,1560
2020-04-23 05:40,1552
2020-04-23 05:45,1554
2020-04-23 05:50,1522
2020-04-23 05:55,1530
2020-04-23 06:00,1497
2020-04-23 06:05,1476
2020-04-23 06:10,1453
2020-04-23 06:15,1451
2020-04-23 06:20,1457
2020-04-23 06:25,1456
2020-04-23 06:30,1482
2020-04-23 06:35,1510
2020-04-23 06:40,1523
2020-04-23 06:45,1525
2020-04-23 06:50,1535
2020-04-23 06:55,1552
2020-04-23 07:00,1579
2020-04-23 07:05,1580
2020-04-23 07:10,1578
2020-04-23 07:15,1587
2020-04-23 07:20,1591
2020-04-23 07:25,1596
2020-04-23 07:30,1609
2020-04-23 07:35,1609
2020-04-23 07:40,1620
2020-04-23 07:45,1642
2020-04-23 07:50,1651
2020-04-23 07:55,1662
2020-04-23 08:00,1676
2020-04-23 08:05,1691
2020-04-23 08:10,1693
2020-04-23 08:15,1704
2020-04-23 08:20,1720
2020-04-23 08:25,1746
2020-04-23 08:30,1765
2020-04-23 08:35,1779
2020-04-23 08:40,1791
2020-04-23 08:45,1800
2020-04-23 08:50,1818
2020-04-23 08:55,1829
2020-04-23 09:00,1820
2020-04-23 09:05,1825
2020-04-23 09:10,1845
2020-04-23 09:15,1849
2020-04-23 09:20,1856
2020-04-23 09:25,1878
2020-04-23 09:30,1907
2020-04-23 09:35,1915
2020-04-23 09:40,1921
2020-04-23 09:45,1943
2020-04-23 09:50,1971
2020-04-23 09:55,1969
2020-04-23 10:00,2015
2020-04-23 10:05,2067
2020-04-23 10:10,2107
2020-04-23 10:15,2134
2020-04-23 10:20,2151
2020-04-23 10:25,2174
2020-04-23 10:30,2197
2020-04-23 10:35,2224
2020-04-23 10:40,2259
2020-04-23 10:45,2265
2020-04-23 10:50,2265
2020-04-23 10:55,2279
2020-04-23 11:00,2318
2020-04-23 11:05,2331
2020-04-23 11:10,2338
2020-04-23 11:15,2362
2020-04-23 11:20,2368
2020-04-23 11:25,2364
2020-04-23 11:30,2373
2020-04-23 11:35,2398
2020-04-23 11:40,2409
2020-04-23 11:45,2424
2020-04-23 11:50,2453
2020-04-23 11:55,2471
2020-04-23 12:00,2513
2020-04-23 12:05,2552
2020-04-23 12:10,2573
2020-04-23 12:15,2599
2020-04-23 12:20,2639
2020-04-23 12:25,2650
2020-04-23 12:30,2680
2020-04-23 12:35,2677
2020-04-23 12:40,2692
2020-04-23 12:45,2710
2020-04-23 12:50,2740
2020-04-23 12:55,2758
2020-04-23 13:00,2764
2020-04-23 13:05,2766
2020-04-23 13:10,2761
2020-04-23 13:15,2762
2020-04-23 13:20,2768
2020-04-23 13:25,2760
2020-04-23 13:30,2764
2020-04-23 13:35,2775
2020-04-23 13:40,2797
2020-04-23 13:45,2836
2020-04-23 13:50,2845
2020-04-23 13:55,2871
2020-04-23 14:00,2873
2020-04-23 14:05,2908
2020-04-23 14:10,2922
2020-04-23 14:15,2966
2020-04-23 14:20,3032
2020-04-23 14:25,3030
2020-04-23 14:30,3040
2020-04-23 14:35,3078
2020-04-23 14:40,3121
2020-04-23 14:45,3147
2020-04-23 14:50,3139
2020-04-23 14:55,3144
2020-04-23 15:00,3180
2020-04-23 15:05,3180
2020-04-23 15:10,3185
2020-04-23 15:15,3186
2020-04-23 15:20,3220
2020-04-23 15:25,3255
2020-04-23 15:30,3284
2020-04-23 15:35,3285
2020-04-23 15:40,3318
2020-04-23 15:45,3326
2020-04-23 15:50,3334
2020-04-23 15:55,3356
2020-04-23 16:00,3352
2020-04-23 16:05,3380
2020-04-23 16:10,3407
2020-04-23 16:15,3421
2020-04-23 16:20,3441
2020-04-23 16:25,3450
2020-04-23 16:30,3447
2020-04-23 16:35,3479
2020-04-23 16:40,3488
2020-04-23 16:45,3500
2020-04-23 16:50,3556
2020-04-23 16:55,3609
2020-04-23 17:00,3628
2020-04-23 17:05,3641
2020-04-23 17:10,3647
2020-04-23 17:15,3634
2020-04-23 17:20,3665
2020-04-23 17:25,3656
2020-04-23 17:30,3652
2020-04-23 17:35,3667
2020-04-23 17:40,3705
2020-04-23 17:45,3714
2020-04-23 17:50,3745
2020-04-23 17:55,3732
2020-04-23 18:00,3725
2020-04-23 18:05,3722
2020-04-23 18:10,3739
2020-04-23 18:15,3781
2020-04-23 18:20,3789
2020-04-23 18:25,3765
2020-04-23 18:30,3743
2020-04-23 18:35,3756
2020-04-23 18:40,3778
2020-04-23 18:45,3782
2020-04-23 18:50,3817
2020-04-23 18:55,3817
2020-04-23 19:00,3814
2020-04-23 19:05,3817
2020-04-23 19:10,3848
2020-04-23 19:15,3844
2020-04-23 19:20,3840
2020-04-23 19:25,3846
2020-04-23 19:30,3883
2020-04-23 19:35,3864
2020-04-23 19:40,3884
2020-04-23 19:45,3878
2020-04-23 19:50,3871
2020-04-23 19:55,3857
2020-04-23 20:00,3827
2020-04-23 20:05,3781
2020-04-23 20:10,3778
2020-04-23 20:15,3765
2020-04-23 20:20,3755
2020-04-23 20:25,3758
2020-04-23 20:30,3710
2020-04-23 20:35,3710
2020-04-23 20:40,3677
2020-04-23 20:45,3649
2020-04-23 20:50,3654
2020-04-23 20:55,3609
2020-04-23 21:00,3602
2020-04-23 21:05,3585
2020-04-23 21:10,3551
2020-04-23 21:15,3530
2020-04-23 21:20,3510
2020-04-23 21:25,3483
2020-04-23 21:30,3439
2020-04-23 21:35,3417
2020-04-23 21:40,3378
2020-04-23 21:45,3350
2020-04-23 21:50,3328
2020-04-23 21:55,3308
2020-04-23 22:00,3299
2020-04-23 22:05,3256
2020-04-23 22:10,3228
2020-04-23 22:15,3220
2020-04-23 22:20,3187
2020-04-23 22:25,3144
2020-04-23 22:30,3134
2020-04-23 22:35,3096
2020-04-23 22:40,3071
2020-04-23 22:45,3058
2020-04-23 22:50,3031
2020-04-23 22:55,2998
2020-04-23 23:00,2952
2020-04-23 23:05,2929
2020-04-23 23:10,2880
2020-04-23 23:15,2811
2020-04-23 23:20,2805
2020-04-23 23:25,2783
2020-04-23 23:30,2748
2020-04-23 23:35,2752
2020-04-23 23:40,2748
2020-04-23 23:45,2700
2020-04-23 23:50,2683
2020-04-23 23:55,2677
2020-04-24 00:00,2647
2020-04-24 00:05,2617
2020-04-24 00:10,2587
2020-04-24 00:15,2552
2020-04-24 00:20,2536
2020-04-24 00:25,2517
2020-04-24 00:30,2488
2020-04-24 00:35,2489
2020-04-24 00:40,2461
2020-04-24 00:45,2421
2020-04-24 00:50,2412
2020-04-24 00:55,2417
2020-04-24 01:00,2384
2020-04-24 01:05,2369
2020-04-24 01:10,2358
2020-04-24 01:15,2352
2020-04-24 01:20,2323
2020-04-24 01:25,2319
2020-04-24 01:30,2315
2020-04-24 01:35,2274
2020-04-24 01:40,2228
2020-04-24 01:45,2238
2020-04-24 01:50,2217
2020-04-24 01:55,2198
2020-04-24 02:00,2173
2020-04-24 02:05,2176
2020-04-24 02:10,2154
2020-04-24 02:15,2134
2020-04-24 02:20,2077
2020-04-24 02:25,2056
2020-04-24 02:30,2054
2020-04-24 02:35,2056
2020-04-24 02:40,2021
2020-04-24 02:45,2020
2020-04-24 02:50,2008
2020-04-24 02:55,2003
2020-04-24 03:00,1981
2020-04-24 03:05,1950
2020-04-24 03:10,1938
2020-04-24 03:15,1926
2020-04-24 03:20,1934
2020-04-24 03:25,1909
2020-04-24 03:30,1915
2020-04-24 03:35,1900
2020-04-24 03:40,1891
2020-04-24 03:45,1892
2020-04-24 03:50,1868
2020-04-24 03:55,1870
2020-04-24 04:00,1851
2020-04-24 04:05,1821
2020-04-24 04:10,1796
2020-04-24 04:15,1780
2020-04-24 04:20,1774
2020-04-24 04:25,1772
2020-04-24 04:30,1741
2020-04-24 04:35,1731
2020-04-24 04:40,1688
2020-04-24 04:45,1686
2020-04-24 04:50,1687
2020-04-24 04:55,1670
2020-04-24 05:00,1646
2020-04-24 05:05,1659
2020-04-24 05:10,1645
2020-04-24 05:15,1644
2020-04-24 05:20,1638
2020-04-24 05:25,1610
2020-04-24 05:30,1621
2020-04-24 05:35,1605
2020-04-24 05:40,1611
2020-04-24 05:45,1619
2020-04-24 05:50,1594
2020-04-24 05:55,1572
2020-04-24 06:00,1557
2020-04-24 06:05,1577
2020-04-24 06:10,1569
2020-04-24 06:15,1571
2020-04-24 06:20,1574
2020-04-24 06:25,1578
2020-04-24 06:30,1575
2020-04-24 06:35,1567
2020-04-24 06:40,1561
2020-04-24 06:45,1566
2020-04-24 06:50,1562
2020-04-24 06:55,1553
2020-04-24 07:00,1559
2020-04-24 07:05,1551
2020-04-24 07:10,1572
2020-04-24 07:15,1568
2020-04-24 07:20,1585
2020-04-24 07:25,1593
2020-04-24 07:30,1604
2020-04-24 07:35,1595
2020-04-24 07:40,1591
2020-04-24 07:45,1592
2020-04-24 07:50,1610
2020-04-24 07:55,1627
2020-04-24 08:00,1647
2020-04-24 08:05,1658
2020-04-24 08:10,1689
2020-04-24 08:15,1709
2020-04-24 08:20,1734
2020-04-24 08:25,1754
2020-04-24 08:30,1743
2020-04-24 08:35,1750
2020-04-24 08:40,1762
2020-04-24 08:45,1760
2020-04-24 08:50,1770
2020-04-24 08:55,1790
2020-04-24 09:00,1796
2020-04-24 09:05,1807
2020-04-24 09:10,1801
2020-04-24 09:15,1801
2020-04-24 09:20,1812
2020-04-24 09:25,1854
2020-04-24 09:30,1874
2020-04-24 09:35,1888
2020-04-24 09:40,1908
2020-04-24 09:45,1916
2020-04-24 09:50,1920
2020-04-24 09:55,1959
2020-04-24 10:00,1963
2020-04-24 10:05,2014
2020-04-24 10:10,2033
2020-04-24 10:15,2053
2020-04-24 10:20,2071
2020-04-24 10:25,2076
2020-04-24 10:30,2085
2020-04-24 10:35,2078
2020-04-24 10:40,2104
2020-04-24 10:45,2131
2020-04-24 10:50,2156
2020-04-24 10:55,2170
2020-04-24 11:00,2197
2020-04-24 11:05,2205
2020-04-24 11:10,2208
2020-04-24 11:15,2204
2020-04-24 11:20,2239
2020-04-24 11:25,2280
2020-04-24 11:30,2301
2020-04-24 11:35,2312
2020-04-24 11:40,2331
2020-04-24 11:45,2353
2020-04-24 11:50,2352
2020-04-24 11:55,2398
2020-04-24 12:00,2412
2020-04-24 12:05,2442
2020-04-24 12:10,2469
2020-04-24 12:15,2524
2020-04-24 12:20,2532
2020-04-24 12:25,2550
2020-04-24 12:30,2566
2020-04-24 12:35,2577
2020-04-24 12:40,2613
2020-04-24 12:45,2624
2020-04-24 12:50,2656
2020-04-24 12:55,2694
2020-04-24 13:00,2687
2020-04-24 13:05,2703
2020-04-24 13:10,2715
2020-04-24 13:15,2739
2020-04-24 13:20,2767
2020-04-24 13:25,2790
2020-04-24 13:30,2802
2020-04-24 13:35,2816
2020-04-24 13:40,2801
2020-04-24 13:45,2824
2020-04-24 13:50,2836
2020-04-24 13:55,2837
2020-04-24 14:00,2868
2020-04-24 14:05,2902
2020-04-24 14:10,2900
2020-04-24 14:15,2915
2020-04-24 14:20,2934
2020-04-24 14:25,2948
2020-04-24 14:30,2967
2020-04-24 14:35,3003
2020-04-24 14:40,3027
2020-04-24 14:45,3017
2020-04-24 14:50,3031
2020-04-24 14:55,3080
2020-04-24 15:00,3100
2020-04-24 15:05,3125
2020-04-24 15:10,3150
2020-04-24 15:15,3173
2020-04-24 15:20,3193
2020-04-24 15:25,3217
2020-04-24 15:30,3243
2020-04-24 15:35,3250
2020-04-24 15:40,3274
2020-04-24 15:45,3283
2020-04-24 15:50,3329
2020-04-24 15:55,3323
2020-04-24 16:00,3336
2020-04-24 16:05,3348
2020-04-24 16:10,3359
2020-04-24 16:15,3383
2020-04-24 16:20,3428
2020-04-24 16:25,3444
2020-04-24 16:30,3448
2020-04-24 16:35,3456
2020-04-24 16:40,3461
2020-04-24 16:45,3471
2020-04-24 16:50,3461
2020-04-24 16:55,3477
2020-04-24 17:00,3484
2020-04-24 17:05,3489
2020-04-24 17:10,3484
2020-04-24 17:15,3499
2020-04-24 17:20,3509
2020-04-24 17:25,3524
2020-04-24 17:30,3553
2020-04-24 17:35,3570
2020-04-24 17:40,3593
2020-04-24 17:45,3584
2020-04-24 17:50,3611
2020-04-24 17:55,3620
2020-04-24 18:00,3638
2020-04-24 18:05,3657
2020-04-24 18:10,3682
2020-04-24 18:15,3685
2020-04-24 18:20,3696
2020-04-24 18:25,3684
2020-04-24 18:30,3691
2020-04-24 18:35,3672
2020-04-24 18:40,3711
2020-04-24 18:45,3721
2020-04-24 18:50,3734
2020-04-24 18:55,3732
2020-04-24 19:00,3719
2020-04-24 19:05,3727
2020-04-24 19:10,3703
2020-04-24 19:15,3750
2020-04-24 19:20,3769
2020-04-24 19:25,3769
2020-04-24 19:30,3777
2020-04-24 19:35,3809
2020-04-24 19:40,3812
2020-04-24 19:45,3824
2020-04-24 19:50,3805
2020-04-24 19:55,3817
2020-04-24 20:00,3839
2020-04-24 20:05,3851
2020-04-24 20:10,3845
2020-04-24 20:15,3835
2020-04-24 20:20,3870
2020-04-24 20:25,3847
2020-04-24 20:30,3863
2020-04-24 20:35,3851
2020-04-24 20:40,3799
2020-04-24 20:45,3801
2020-04-24 20:50,3783
2020-04-24 20:55,3780
2020-04-24 21:00,3745
2020-04-24 21:05,3707
2020-04-24 21:10,3705
2020-04-24 21:15,3686
2020-04-24 21:20,3636
2020-04-24 21:25,3605
2020-04-24 21:30,3600
2020-04-24 21:35,3570
2020-04-24 21:40,3546
2020-04-24 21:45,3514
2020-04-24 21:50,3464
2020-04-24 21:55,3448
2020-04-24 22:00,3414
2020-04-24 22:05,3374
2020-04-24 22:10,3364
2020-04-24 22:15,3347
2020-04-24 22:20,3330
2020-04-24 22:25,3283
2020-04-24 22:30,3237
2020-04-24 22:35,3174
2020-04-24 22:40,3131
2020-04-24 22:45,3105
2020-04-24 22:50,3084
2020-04-24 22:55,3040
2020-04-24 23:00,3030
2020-04-24 23:05,2996
2020-04-24 23:10,2956
2020-04-24 23:15,2927
2020-04-24 23:20,2884
2020-04-24 23:25,2872
2020-04-24 23:30,2845
2020-04-24 23:35,2834
2020-04-24 23:40,2808
2020-04-24 23:45,2778
2020-04-24 23:50,2760
2020-04-24 23:55,2707
2020-04-25 00:00,2672
2020-04-25 00:05,2637
2020-04-25 00:10,2628
2020-04-25 00:15,2599
2020-04-25 00:20,2566
2020-04-25 00:25,2541
2020-04-25 00:30,2542
2020-04-25 00:35,2505
2020-04-25 00:40,2485
2020-04-25 00:45,2448
2020-04-25 00:50,2434
2020-04-25 00:55,2409
2020-04-25 01:00,2411
2020-04-25 01:05,2382
2020-04-25 01:10,2357
2020-04-25 01:15,2359
2020-04-25 01:20,2335
2020-04-25 01:25,2332
2020-04-25 01:30,2341
2020-04-25 01:35,2333
2020-04-25 01:40,2347
2020-04-25 01:45,2356
2020-04-25 01:50,2342
2020-04-25 01:55,2351
2020-04-25 02:00,2311
2020-04-25 02:05,2304
2020-04-25 02:10,2287
2020-04-25 02:15,2281
2020-04-25 02:20,2271
2020-04-25 02:25,2261
2020-04-25 02:30,2236
2020-04-25 02:35,2212
2020-04-25 02:40,2199
2020-04-25 02:45,2203
2020-04-25 02:50,2222
2020-04-25 02:55,2203
2020-04-25 03:00,2186
2020-04-25 03:05,2157
2020-04-25 03:10,2156
2020-04-25 03:15,2134
2020-04-25 03:20,2124
2020-04-25 03:25,2106
2020-04-25 03:30,2097
2020-04-25 03:35,2107
2020-04-25 03:40,2103
2020-04-25 03:45,2096
2020-04-25 03:50,2098
2020-04-25 03:55,2058
2020-04-25 04:00,2036
2020-04-25 04:05,2031
2020-04-25 04:10,2036
2020-04-25 04:15,2004
2020-04-25 04:20,1993
2020-04-25 04:25,1947
2020-04-25 04:30,1937
2020-04-25 04:35,1923
2020-04-25 04:40,1905
2020-04-25 04:45,1888
2020-04-25 04:50,1867
2020-04-25 04:55,1859
2020-04-25 05:00,1845
2020-04-25 05:05,1802
2020-04-25 05:10,1805
2020-04-25 05:15,1805
2020-04-25 05:20,1781
2020-04-25 05:25,1773
2020-04-25 05:30,1767
2020-04-25 05:35,1746
2020-04-25 05:40,1738
2020-04-25 05:45,1735
2020-04-25 05:50,1737
2020-04-25 05:55,1737
2020-04-25 06:00,1723
2020-04-25 06:05,1716
2020-04-25 06:10,1707
2020-04-25 06:15,1679
2020-04-25 06:20,1683
2020-04-25 06:25,1679
2020-04-25 06:30,1667
2020-04-25 06:35,1658
2020-04-25 06:40,1658
2020-04-25 06:45,1658
2020-04-25 06:50,1665
2020-04-25 06:55,1685
2020-04-25 07:00,1681
2020-04-25 07:05,1657
2020-04-25 07:10,1658
2020-04-25 07:15,1670
2020-04-25 07:20,1673
2020-04-25 07:25,1694
2020-04-25 07:30,1716
2020-04-25 07:35,1720
2020-04-25 07:40,1722
2020-04-25 07:45,1729
2020-04-25 07:50,1752
2020-04-25 07:55,1762
2020-04-25 08:00,1770
2020-04-25 08:05,1793
2020-04-25 08:10,1818
2020-04-25 08:15,1838
2020-04-25 08:20,1837
2020-04-25 08:25,1849
2020-04-25 08:30,1878
2020-04-25 08:35,1894
2020-04-25 08:40,1926
2020-04-25 08:45,1955
2020-04-25 08:50,1988
2020-04-25 08:55,2018
2020-04-25 09:00,2017
2020-04-25 09:05,2016
2020-04-25 09:10,2060
2020-04-25 09:15,2079
2020-04-25 09:20,2078
2020-04-25 09:25,2100
2020-04-25 09:30,2104
2020-04-25 09:35,2143
2020-04-25 09:40,2154
2020-04-25 09:45,2172
2020-04-25 09:50,2182
2020-04-25 09:55,2205
2020-04-25 10:00,2247
2020-04-25 10:05,2252
2020-04-25 10:10,2286
2020-04-25 10:15,2286
2020-04-25 10:20,2299
2020-04-25 10:25,2327
2020-04-25 10:30,2316
2020-04-25 10:35,2312
2020-04-25 10:40,2332
2020-04-25 10:45,2362
2020-04-25 10:50,2359
2020-04-25 10:55,2390
2020-04-25 11:00,2409
2020-04-25 11:05,2434
2020-04-25 11:10,2457
2020-04-25 11:15,2476
2020-04-25 11:20,2511
2020-04-25 11:25,2521
2020-04-25 11:30,2562
2020-04-25 11:35,2596
2020-04-25 11:40,2603
2020-04-25 11:45,2622
2020-04-25 11:50,2638
2020-04-25 11:55,2655
2020-04-25 12:00,2698
2020-04-25 12:05,2732
2020-04-25 12:10,2758
2020-04-25 12:15,2762
2020-04-25 12:20,2780
2020-04-25 12:25,2800
2020-04-25 12:30,2827
2020-04-25 12:35,2872
2020-04-25 12:40,2897
2020-04-25 12:45,2938
2020-04-25 12:50,2952
2020-04-25 12:55,2973
2020-04-25 13:00,3017
2020-04-25 13:05,3025
2020-04-25 13:10,3059
2020-04-25 13:15,3081
2020-04-25 13:20,3099
2020-04-25 13:25,3121
2020-04-25 13:30,3133
2020-04-25 13:35,3172
2020-04-25 13:40,3224
2020-04-25 13:45,3216
2020-04-25 13:50,3242
2020-04-25 13:55,3272
2020-04-25 14:00,3301
2020-04-25 14:05,3328
2020-04-25 14:10,3311
2020-04-25 14:15,3345
2020-04-25 14:20,3380
2020-04-25 14:25,3368
2020-04-25 14:30,3383
2020-04-25 14:35,3413
2020-04-25 14:40,3438
2020-04-25 14:45,3472
2020-04-25 14:50,3481
2020-04-25 14:55,3503
2020-04-25 15:00,3501
2020-04-25 15:05,3537
2020-04-25 15:10,3580
2020-04-25 15:15,3569
2020-04-25 15:20,3587
2020-04-25 15:25,3620
2020-04-25 15:30,3635
2020-04-25 15:35,3647
2020-04-25 15:40,3678
2020-04-25 15:45,3678
2020-04-25 15:50,3730
2020-04-25 15:55,3760
2020-04-25 16:00,3737
2020-04-25 16:05,3760
2020-04-25 16:10,3752
2020-04-25 16:15,3740
2020-04-25 16:20,3763
2020-04-25 16:25,3784
2020-04-25 16:30,3798
2020-04-25 16:35,3813
2020-04-25 16:40,3821
2020-04-25 16:45,3825
2020-04-25 16:50,3836
2020-04-25 16:55,3811
2020-04-25 17:00,3835
2020-04-25 17:05,3818
2020-04-25 17:10,3813
2020-04-25 17:15,3839
2020-04-25 17:20,3823
2020-04-25 17:25,3862
2020-04-25 17:30,3842
2020-04-25 17:35,3870
2020-04-25 17:40,3862
2020-04-25 17:45,3836
2020-04-25 17:50,3884
2020-04-25 17:55,3879
2020-04-25 18:00,3882
2020-04-25 18:05,3893
2020-04-25 18:10,3911
2020-04-25 18:15,3919
2020-04-25 18:20,3925
2020-04-25 18:25,3941
2020-04-25 18:30,3932
2020-04-25 18:35,3941
2020-04-25 18:40,3961
2020-04-25 18:45,3982
2020-04-25 18:50,4005
2020-04-25 18:55,4000
2020-04-25 19:00,4005
2020-04-25 19:05,3994
2020-04-25 19:10,4009
2020-04-25 19:15,4006
2020-04-25 19:20,4008
2020-04-25 19:25,4006
2020-04-25 19:30,4004
2020-04-25 19:35,4011
2020-04-25 19:40,3990
2020-04-25 19:45,4036
2020-04-25 19:50,4023
2020-04-25 19:55,4001
2020-04-25 20:00,4007
2020-04-25 20:05,4002
2020-04-25 20:10,3977
2020-04-25 20:15,3993
2020-04-25 20:20,3998
2020-04-25 20:25,4027
2020-04-25 20:30,4020
2020-04-25 20:35,4005
2020-04-25 20:40,3994
2020-04-25 20:45,3997
2020-04-25 20:50,3984
2020-04-25 20:55,3984
2020-04-25 21:00,3965
2020-04-25 21:05,3917
2020-04-25 21:10,3870
2020-04-25 21:15,3810
2020-04-25 21:20,3808
2020-04-25 21:25,3798
2020-04-25 21:30,3762
2020-04-25 21:35,3776
2020-04-25 21:40,3750
2020-04-25 21:45,3715
2020-04-25 21:50,3701
2020-04-25 21:55,3679
2020-04-25 22:00,3639
2020-04-25 22:05,3610
2020-04-25 22:10,3555
2020-04-25 22:15,3518
2020-04-25 22:20,3473
2020-04-25 22:25,3435
2020-04-25 22:30,3430
2020-04-25 22:35,3390
2020-04-25 22:40,3356
2020-04-25 22:45,3326
2020-04-25 22:50,3298
2020-04-25 22:55,3281
2020-04-25 23:00,3239
2020-04-25 23:05,3219
2020-04-25 23:10,3173
2020-04-25 23:15,3136
2020-04-25 23:20,3087
2020-04-25 23:25,3057
2020-04-25 23:30,3043
2020-04-25 23:35,3022
2020-04-25 23:40,3009
2020-04-25 23:45,2981
2020-04-25 23:50,2955
2020-04-25 23:55,2909
2020-04-26 00:00,2864
2020-04-26 00:05,2845
2020-04-26 00:10,2825
2020-04-26 00:15,2802
2020-04-26 00:20,2793
2020-04-26 00:25,2761
2020-04-26 00:30,2758
2020-04-26 00:35,2733
2020-04-26 00:40,2696
2020-04-26 00:45,2667
2020-04-26 00:50,2620
2020-04-26 00:55,2621
2020-04-26 01:00,2587
2020-04-26 01:05,2601
2020-04-26 01:10,2584
2020-04-26 01:15,2578
2020-04-26 01:20,2550
2020-04-26 01:25,2504
2020-04-26 01:30,2491
2020-04-26 01:35,2463
2020-04-26 01:40,2467
2020-04-26 01:45,2451
2020-04-26 01:50,2432
2020-04-26 01:55,2429
2020-04-26 02:00,2412
2020-04-26 02:05,2409
2020-04-26 02:10,2368
2020-04-26 02:15,2336
2020-04-26 02:20,2338
2020-04-26 02:25,2344
2020-04-26 02:30,2329
2020-04-26 02:35,2288
2020-04-26 02:40,2269
2020-04-26 02:45,2265
2020-04-26 02:50,2265
2020-04-26 02:55,2239
2020-04-26 03:00,2219
2020-04-26 03:05,2192
2020-04-26 03:10,2158
2020-04-26 03:15,2144
2020-04-26 03:20,2151
2020-04-26 03:25,2149
2020-04-26 03:30,2136
2020-04-26 03:35,2112
2020-04-26 03:40,2072
2020-04-26 03:45,2057
2020-04-26 03:50,2041
2020-04-26 03:55,2024
2020-04-26 04:00,2035
2020-04-26 04:05,2008
2020-04-26 04:10,1994
2020-04-26 04:15,1950
2020-04-26 04:20,1936
2020-04-26 04:25,1909
2020-04-26 04:30,1894
2020-04-26 04:35,1884
2020-04-26 04:40,1902
2020-04-26 04:45,1869
2020-04-26 04:50,1863
2020-04-26 04:55,1864
2020-04-26 05:00,1859
2020-04-26 05:05,1850
2020-04-26 05:10,1825
2020-04-26 05:15,1817
2020-04-26 05:20,1803
2020-04-26 05:25,1790
2020-04-26 05:30,1791
2020-04-26 05:35,1789
2020-04-26 05:40,1776
2020-04-26 05:45,1771
2020-04-26 05:50,1753
2020-04-26 05:55,1754
2020-04-26 06:00,1745
2020-04-26 06:05,1744
2020-04-26 06:10,1742
2020-04-26 06:15,1751
2020-04-26 06:20,1753
2020-04-26 06:25,1750
2020-04-26 06:30,1755
2020-04-26 06:35,1748
2020-04-26 06:40,1738
2020-04-26 06:45,1743
2020-04-26 06:50,1735
2020-04-26 06:55,1739
2020-04-26 07:00,1746
2020-04-26 07:05,1773
2020-04-26 07:10,1784
2020-04-26 07:15,1807
2020-04-26 07:20,1822
2020-04-26 07:25,1818
2020-04-26 07:30,1841
2020-04-26 07:35,1856
2020-04-26 07:40,1858
2020-04-26 07:45,1858
2020-04-26 07:50,1873
2020-04-26 07:55,1905
2020-04-26 08:00,1927
2020-04-26 08:05,1941
2020-04-26 08:10,1969
2020-04-26 08:15,1983
2020-04-26 08:20,2001
2020-04-26 08:25,2016
2020-04-26 08:30,2038
2020-04-26 08:35,2062
2020-04-26 08:40,2111
2020-04-26 08:45,2107
2020-04-26 08:50,2114
2020-04-26 08:55,2142
2020-04-26 09:00,2171
2020-04-26 09:05,2178
2020-04-26 09:10,2193
2020-04-26 09:15,2199
2020-04-26 09:20,2241
2020-04-26 09:25,2234
2020-04-26 09:30,2235
2020-04-26 09:35,2283
2020-04-26 09:40,2297
2020-04-26 09:45,2314
2020-04-26 09:50,2307
2020-04-26 09:55,2334
2020-04-26 10:00,2360
2020-04-26 10:05,2426
2020-04-26 10:10,2462
2020-04-26 10:15,2526
2020-04-26 10:20,2555
2020-04-26 10:25,2576
2020-04-26 10:30,2582
2020-04-26 10:35,2609
2020-04-26 10:40,2640
2020-04-26 10:45,2640
2020-04-26 10:50,2680
2020-04-26 10:55,2700
2020-04-26 11:00,2712
2020-04-26 11:05,2718
2020-04-26 11:10,2737
2020-04-26 11:15,2768
2020-04-26 11:20,2783
2020-04-26 11:25,2802
2020-04-26 11:30,2791
2020-04-26 11:35,2834
2020-04-26 11:40,2877
2020-04-26 11:45,2869
2020-04-26 11:50,2881
2020-04-26 11:55,2923
2020-04-26 12:00,2967
2020-04-26 12:05,3023
2020-04-26 12:10,3049
2020-04-26 12:15,3085
2020-04-26 12:20,3129
2020-04-26 12:25,3136
2020-04-26 12:30,3146
2020-04-26 12:35,3171
2020-04-26 12:40,3225
2020-04-26 12:45,3253
2020-04-26 12:50,3263
2020-04-26 12:55,3281
2020-04-26 13:00,3296
2020-04-26 13:05,3307
2020-04-26 13:10,3322
2020-04-26 13:15,3338
2020-04-26 13:20,3360
2020-04-26 13:25,3394
2020-04-26 13:30,3435
2020-04-26 13:35,3467
2020-04-26 13:40,3484
2020-04-26 13:45,3498
2020-04-26 13:50,3503
2020-04-26 13:55,3505
2020-04-26 14:00,3523
2020-04-26 14:05,3547
2020-04-26 14:10,3583
2020-04-26 14:15,3591
2020-04-26 14:20,3624
2020-04-26 14:25,3634
2020-04-26 14:30,3663
2020-04-26 14:35,3678
2020-04-26 14:40,3691
2020-04-26 14:45,3651
2020-04-26 14:50,3660
2020-04-26 14:55,3685
2020-04-26 15:00,3690
2020-04-26 15:05,3719
2020-04-26 15:10,3764
2020-04-26 15:15,3817
2020-04-26 15:20,3830
2020-04-26 15:25,3828
2020-04-26 15:30,3830
2020-04-26 15:35,3831
2020-04-26 15:40,3832
2020-04-26 15:45,3845
2020-04-26 15:50,3859
2020-04-26 15:55,3843
2020-04-26 16:00,3826
2020-04-26 16:05,3811
2020-04-26 16:10,3812
2020-04-26 16:15,3834
2020-04-26 16:20,3860
2020-04-26 16:25,3832
2020-04-26 16:30,3827
2020-04-26 16:35,3854
2020-04-26 16:40,3856
2020-04-26 16:45,3852
2020-04-26 16:50,3859
2020-04-26 16:55,3861
2020-04-26 17:00,3875
2020-04-26 17:05,3889
2020-04-26 17:10,3908
2020-04-26 17:15,3924
2020-04-26 17:20,3943
2020-04-26 17:25,3956
2020-04-26 17:30,3978
2020-04-26 17:35,3960
2020-04-26 17:40,3926
2020-04-26 17:45,3976
2020-04-26 17:50,3952
2020-04-26 17:55,3956
2020-04-26 18:00,3945
2020-04-26 18:05,3941
2020-04-26 18:10,3936
2020-04-26 18:15,3926
2020-04-26 18:20,3932
2020-04-26 18:25,3950
2020-04-26 18:30,3973
2020-04-26 18:35,3982
2020-04-26 18:40,3978
2020-04-26 18:45,3970
2020-04-26 18:50,4000
2020-04-26 18:55,4001
2020-04-26 19:00,3985
2020-04-26 19:05,4005
2020-04-26 19:10,4009
2020-04-26 19:15,3979
2020-04-26 19:20,3955
2020-04-26 19:25,3962
2020-04-26 19:30,3954
2020-04-26 19:35,3943
2020-04-26 19:40,3947
2020-04-26 19:45,3948
2020-04-26 19:50,3938
2020-04-26 19:55,3917
2020-04-26 20:00,3905
2020-04-26 20:05,3884
2020-04-26 20:10,3849
2020-04-26 20:15,3842
2020-04-26 20:20,3835
2020-04-26 20:25,3826
2020-04-26 20:30,3822
2020-04-26 20:35,3814
2020-04-26 20:40,3797
2020-04-26 20:45,3768
2020-04-26 20:50,3734
2020-04-26 20:55,3727
2020-04-26 21:00,3682
2020-04-26 21:05,3638
2020-04-26 21:10,3621
2020-04-26 21:15,3613
2020-04-26 21:20,3596
2020-04-26 21:25,3580
2020-04-26 21:30,3552
2020-04-26 21:35,3528
2020-04-26 21:40,3491
2020-04-26 21:45,3455
2020-04-26 21:50,3438
2020-04-26 21:55,3402
2020-04-26 22:00,3351
2020-04-26 22:05,3306
2020-04-26 22:10,3300
2020-04-26 22:15,3251
2020-04-26 22:20,3227
2020-04-26 22:25,3183
2020-04-26 22:30,3158
2020-04-26 22:35,3155
2020-04-26 22:40,3132
2020-04-26 22:45,3118
2020-04-26 22:50,3086
2020-04-26 22:55,3058
2020-04-26 23:00,3013
2020-04-26 23:05,2973
2020-04-26 23:10,2915
2020-04-26 23:15,2863
2020-04-26 23:20,2850
2020-04-26 23:25,2822
2020-04-26 23:30,2781
2020-04-26 23:35,2744
2020-04-26 23:40,2735
2020-04-26 23:45,2710
2020-04-26 23:50,2676
2020-04-26 23:55,2661
2020-04-27 00:00,2620
2020-04-27 00:05,2619
2020-04-27 00:10,2604
2020-04-27 00:15,2571
2020-04-27 00:20,2561
2020-04-27 00:25,2548
2020-04-27 00:30,2566
2020-04-27 00:35,2550
2020-04-27 00:40,2524
2020-04-27 00:45,2516
2020-04-27 00:50,2471
2020-04-27 00:55,2466
2020-04-27 01:00,2472
2020-04-27 01:05,2443
2020-04-27 01:10,2445
2020-04-27 01:15,2423
2020-04-27 01:20,2410
2020-04-27 01:25,2408
2020-04-27 01:30,2404
2020-04-27 01:35,2383
2020-04-27 01:40,2368
2020-04-27 01:45,2360
2020-04-27 01:50,2335
2020-04-27 01:55,2320
2020-04-27 02:00,2310
2020-04-27 02:05,2267
2020-04-27 02:10,2266
2020-04-27 02:15,2270
2020-04-27 02:20,2237
2020-04-27 02:25,2201
2020-04-27 02:30,2181
2020-04-27 02:35,2161
2020-04-27 02:40,2127
2020-04-27 02:45,2113
2020-04-27 02:50,2073
2020-04-27 02:55,2047
2020-04-27 03:00,2048
2020-04-27 03:05,2050
2020-04-27 03:10,2025
2020-04-27 03:15,2003
2020-04-27 03:20,1967
2020-04-27 03:25,1951
2020-04-27 03:30,1950
2020-04-27 03:35,1940
2020-04-27 03:40,1921
2020-04-27 03:45,1900
2020-04-27 03:50,1891
2020-04-27 03:55,1875
2020-04-27 04:00,1856
2020-04-27 04:05,1838
2020-04-27 04:10,1820
2020-04-27 04:15,1798
2020-04-27 04:20,1805
2020-04-27 04:25,1784
2020-04-27 04:30,1782
2020-04-27 04:35,1755
2020-04-27 04:40,1747
2020-04-27 04:45,1729
2020-04-27 04:50,1705
2020-04-27 04:55,1690
2020-04-27 05:00,1648
2020-04-27 05:05,1634
2020-04-27 05:10,1613
2020-04-27 05:15,1605
2020-04-27 05:20,1612
2020-04-27 05:25,1601
2020-04-27 05:30,1591
2020-04-27 05:35,1572
2020-04-27 05:40,1565
2020-04-27 05:45,1571
2020-04-27 05:50,1580
2020-04-27 05:55,1585
2020-04-27 06:00,1573
2020-04-27 06:05,1552
2020-04-27 06:10,1532
2020-04-27 06:15,1546
2020-04-27 06:20,1549
2020-04-27 06:25,1545
2020-04-27 06:30,1566
2020-04-27 06:35,1570
2020-04-27 06:40,1566
2020-04-27 06:45,1569
2020-04-27 06:50,1570
2020-04-27 06:55,1578
2020-04-27 07:00,1567
2020-04-27 07:05,1564
2020-04-27 07:10,1571
2020-04-27 07:15,1593
2020-04-27 07:20,1598
2020-04-27 07:25,1605
2020-04-27 07:30,1615
2020-04-27 07:35,1613
2020-04-27 07:40,1640
2020-04-27 07:45,1642
2020-04-27 07:50,1659
2020-04-27 07:55,1653
2020-04-27 08:00,1658
2020-04-27 08:05,1655
2020-04-27 08:10,1654
2020-04-27 08:15,1688
2020-04-27 08:20,1710
2020-04-27 08:25,1703
2020-04-27 08:30,1727
2020-04-27 08:35,1742
2020-04-27 08:40,1735
2020-04-27 08:45,1750
2020-04-27 08:50,1778
2020-04-27 08:55,1787
2020-04-27 09:00,1804
2020-04-27 09:05,1830
2020-04-27 09:10,1838
2020-04-27 09:15,1844
2020-04-27 09:20,1817
2020-04-27 09:25,1833
2020-04-27 09:30,1861
2020-04-27 09:35,1856
2020-04-27 09:40,1884
2020-04-27 09:45,1897
2020-04-27 09:50,1878
2020-04-27 09:55,1908
2020-04-27 10:00,1937
2020-04-27 10:05,1994
2020-04-27 10:10,2021
2020-04-27 10:15,2058
2020-04-27 10:20,2086
2020-04-27 10:25,2080
2020-04-27 10:30,2110
2020-04-27 10:35,2118
2020-04-27 10:40,2129
2020-04-27 10:45,2158
2020-04-27 10:50,2179
2020-04-27 10:55,2194
2020-04-27 11:00,2229
2020-04-27 11:05,2255
2020-04-27 11:10,2297
2020-04-27 11:15,2315
2020-04-27 11:20,2333
2020-04-27 11:25,2367
2020-04-27 11:30,2367
2020-04-27 11:35,2366
2020-04-27 11:40,2382
2020-04-27 11:45,2403
2020-04-27 11:50,2415
2020-04-27 11:55,2452
2020-04-27 12:00,2480
2020-04-27 12:05,2491
2020-04-27 12:10,2513
2020-04-27 12:15,2526
2020-04-27 12:20,2532
2020-04-27 12:25,2544
2020-04-27 12:30,2546
2020-04-27 12:35,2555
2020-04-27 12:40,2552
2020-04-27 12:45,2551
2020-04-27 12:50,2567
2020-04-27 12:55,2584
2020-04-27 13:00,2595
2020-04-27 13:05,2626
2020-04-27 13:10,2624
2020-04-27 13:15,2649
2020-04-27 13:20,2677
2020-04-27 13:25,2703
2020-04-27 13:30,2740
2020-04-27 13:35,2748
2020-04-27 13:40,2783
2020-04-27 13:45,2802
2020-04-27 13:50,2820
2020-04-27 13:55,2836
2020-04-27 14:00,2864
2020-04-27 14:05,2889
2020-04-27 14:10,2901
2020-04-27 14:15,2911
2020-04-27 14:20,2933
2020-04-27 14:25,2946
2020-04-27 14:30,2962
2020-04-27 14:35,2970
2020-04-27 14:40,3011
2020-04-27 14:45,3032
2020-04-27 14:50,3071
2020-04-27 14:55,3099
2020-04-27 15:00,3098
2020-04-27 15:05,3100
2020-04-27 15:10,3109
2020-04-27 15:15,3126
2020-04-27 15:20,3143
2020-04-27 15:25,3150
2020-04-27 15:30,3194
2020-04-27 15:35,3185
2020-04-27 15:40,3195
2020-04-27 15:45,3213
2020-04-27 15:50,3233
2020-04-27 15:55,3250
2020-04-27 16:00,3285
2020-04-27 16:05,3298
2020-04-27 16:10,3331
2020-04-27 16:15,3345
2020-04-27 16:20,3301
2020-04-27 16:25,3307
2020-04-27 16:30,3327
2020-04-27 16:35,3376
2020-04-27 16:40,3412
2020-04-27 16:45,3453
2020-04-27 16:50,3491
2020-04-27 16:55,3495
2020-04-27 17:00,3508
2020-04-27 17:05,3485
2020-04-27 17:10,3487
2020-04-27 17:15,3504
2020-04-27 17:20,3493
2020-04-27 17:25,3475
2020-04-27 17:30,3500
2020-04-27 17:35,3561
2020-04-27 17:40,3614
2020-04-27 17:45,3622
2020-04-27 17:50,3651
2020-04-27 17:55,3662
2020-04-27 18:00,3649
2020-04-27 18:05,3638
2020-04-27 18:10,3656
2020-04-27 18:15,3661
2020-04-27 18:20,3631
2020-04-27 18:25,3633
2020-04-27 18:30,3657
2020-04-27 18:35,3686
2020-04-27 18:40,3706
2020-04-27 18:45,3701
2020-04-27 18:50,3682
2020-04-27 18:55,3679
2020-04-27 19:00,3687
2020-04-27 19:05,3687
2020-04-27 19:10,3684
2020-04-27 19:15,3708
2020-04-27 19:20,3715
2020-04-27 19:25,3689
2020-04-27 19:30,3651
2020-04-27 19:35,3651
2020-04-27 19:40,3668
2020-04-27 19:45,3702
2020-04-27 19:50,3719
2020-04-27 19:55,3707
2020-04-27 20:00,3689
2020-04-27 20:05,3663
2020-04-27 20:10,3627
2020-04-27 20:15,3586
2020-04-27 20:20,3503
2020-04-27 20:25,3511
2020-04-27 20:30,3540
2020-04-27 20:35,3520
2020-04-27 20:40,3486
2020-04-27 20:45,3504
2020-04-27 20:50,3501
2020-04-27 20:55,3463
2020-04-27 21:00,3435
2020-04-27 21:05,3424
2020-04-27 21:10,3391
2020-04-27 21:15,3356
2020-04-27 21:20,3342
2020-04-27 21:25,3301
2020-04-27 21:30,3282
2020-04-27 21:35,3255
2020-04-27 21:40,3234
2020-04-27 21:45,3190
2020-04-27 21:50,3160
2020-04-27 21:55,3147
2020-04-27 22:00,3125
2020-04-27 22:05,3079
2020-04-27 22:10,3061
2020-04-27 22:15,3012
2020-04-27 22:20,2944
2020-04-27 22:25,2906
2020-04-27 22:30,2887
2020-04-27 22:35,2863
2020-04-27 22:40,2838
2020-04-27 22:45,2805
2020-04-27 22:50,2810
2020-04-27 22:55,2760
2020-04-27 23:00,2727
2020-04-27 23:05,2687
2020-04-27 23:10,2683
2020-04-27 23:15,2644
2020-04-27 23:20,2648
2020-04-27 23:25,2598
2020-04-27 23:30,2591
2020-04-27 23:35,2586
2020-04-27 23:40,2541
2020-04-27 23:45,2521
2020-04-27 23:50,2504
2020-04-27 23:55,2493
2020-04-28 00:00,2481
2020-04-28 00:05,2454
2020-04-28 00:10,2442
2020-04-28 00:15,2415
2020-04-28 00:20,2413
2020-04-28 00:25,2394
2020-04-28 00:30,2390
2020-04-28 00:35,2384
2020-04-28 00:40,2375
2020-04-28 00:45,2358
2020-04-28 00:50,2375
2020-04-28 00:55,2363
2020-04-28 01:00,2336
2020-04-28 01:05,2326
2020-04-28 01:10,2301
2020-04-28 01:15,2306
2020-04-28 01:20,2306
2020-04-28 01:25,2279
2020-04-28 01:30,2270
2020-04-28 01:35,2257
2020-04-28 01:40,2226
2020-04-28 01:45,2218
2020-04-28 01:50,2200
2020-04-28 01:55,2195
2020-04-28 02:00,2190
2020-04-28 02:05,2175
2020-04-28 02:10,2167
2020-04-28 02:15,2122
2020-04-28 02:20,2107
2020-04-28 02:25,2103
2020-04-28 02:30,2108
2020-04-28 02:35,2098
2020-04-28 02:40,2086
2020-04-28 02:45,2061
2020-04-28 02:50,2029
2020-04-28 02:55,2044
2020-04-28 03:00,2032
2020-04-28 03:05,2021
2020-04-28 03:10,1998
2020-04-28 03:15,1984
2020-04-28 03:20,1988
2020-04-28 03:25,1966
2020-04-28 03:30,1960
2020-04-28 03:35,1940
2020-04-28 03:40,1920
2020-04-28 03:45,1896
2020-04-28 03:50,1879
2020-04-28 03:55,1855
2020-04-28 04:00,1833
2020-04-28 04:05,1834
2020-04-28 04:10,1806
2020-04-28 04:15,1814
2020-04-28 04:20,1778
2020-04-28 04:25,1741
2020-04-28 04:30,1721
2020-04-28 04:35,1699
2020-04-28 04:40,1688
2020-04-28 04:45,1683
2020-04-28 04:50,1682
2020-04-28 04:55,1678
2020-04-28 05:00,1670
2020-04-28 05:05,1659
2020-04-28 05:10,1650
2020-04-28 05:15,1643
2020-04-28 05:20,1619
2020-04-28 05:25,1610
2020-04-28 05:30,1608
2020-04-28 05:35,1593
2020-04-28 05:40,1585
2020-04-28 05:45,1576
2020-04-28 05:50,1575
2020-04-28 05:55,1563
2020-04-28 06:00,1546
2020-04-28 06:05,1536
2020-04-28 06:10,1546
2020-04-28 06:15,1506
2020-04-28 06:20,1517
2020-04-28 06:25,1521
2020-04-28 06:30,1530
2020-04-28 06:35,1543
2020-04-28 06:40,1547
2020-04-28 06:45,1548
2020-04-28 06:50,1550
2020-04-28 06:55,1569
2020-04-28 07:00,1568
2020-04-28 07:05,1569
2020-04-28 07:10,1579
2020-04-28 07:15,1583
2020-04-28 07:20,1598
2020-04-28 07:25,1610
2020-04-28 07:30,1603
2020-04-28 07:35,1609
2020-04-28 07:40,1621
2020-04-28 07:45,1616
2020-04-28 07:50,1617
2020-04-28 07:55,1622
2020-04-28 08:00,1617
2020-04-28 08:05,1626
2020-04-28 08:10,1633
2020-04-28 08:15,1636
2020-04-28 08:20,1646
2020-04-28 08:25,1673
2020-04-28 08:30,1666
2020-04-28 08:35,1675
2020-04-28 08:40,1684
2020-04-28 08:45,1709
2020-04-28 08:50,1708
2020-04-28 08:55,1719
2020-04-28 09:00,1747
2020-04-28 09:05,1755
2020-04-28 09:10,1781
2020-04-28 09:15,1807
2020-04-28 09:20,1854
2020-04-28 09:25,1861
2020-04-28 09:30,1872
2020-04-28 09:35,1886
2020-04-28 09:40,1893
2020-04-28 09:45,1901
2020-04-28 09:50,1925
2020-04-28 09:55,1920
2020-04-28 10:00,1947
2020-04-28 10:05,1983
2020-04-28 10:10,2016
2020-04-28 10:15,2033
2020-04-28 10:20,2058
2020-04-28 10:25,2084
2020-04-28 10:30,2087
2020-04-28 10:35,2098
2020-04-28 10:40,2108
2020-04-28 10:45,2133
2020-04-28 10:50,2151
2020-04-28 10:55,2154
2020-04-28 11:00,2176
2020-04-28 11:05,2201
2020-04-28 11:10,2199
2020-04-28 11:15,2210
2020-04-28 11:20,2227
2020-04-28 11:25,2253
2020-04-28 11:30,2267
2020-04-28 11:35,2268
2020-04-28 11:40,2304
2020-04-28 11:45,2300
2020-04-28 11:50,2339
2020-04-28 11:55,2356
2020-04-28 12:00,2383
2020-04-28 12:05,2389
2020-04-28 12:10,2403
2020-04-28 12:15,2427
2020-04-28 12:20,2457
2020-04-28 12:25,2484
2020-04-28 12:30,2511
2020-04-28 12:35,2512
2020-04-28 12:40,2524
2020-04-28 12:45,2525
2020-04-28 12:50,2561
2020-04-28 12:55,2586
2020-04-28 13:00,2605
2020-04-28 13:05,2611
2020-04-28 13:10,2609
2020-04-28 13:15,2644
2020-04-28 13:20,2665
2020-04-28 13:25,2685
2020-04-28 13:30,2711
2020-04-28 13:35,2748
2020-04-28 13:40,2742
2020-04-28 13:45,2773
2020-04-28 13:50,2799
2020-04-28 13:55,2813
2020-04-28 14:00,2836
2020-04-28 14:05,2838
2020-04-28 14:10,2846
2020-04-28 14:15,2893
2020-04-28 14:20,2914
2020-04-28 14:25,2913
2020-04-28 14:30,2925
2020-04-28 14:35,2923
2020-04-28 14:40,2938
2020-04-28 14:45,2992
2020-04-28 14:50,2984
2020-04-28 14:55,3027
2020-04-28 15:00,3081
2020-04-28 15:05,3098
2020-04-28 15:10,3121
2020-04-28 15:15,3128
2020-04-28 15:20,3163
2020-04-28 15:25,3168
2020-04-28 15:30,3196
2020-04-28 15:35,3198
2020-04-28 15:40,3213
2020-04-28 15:45,3223
2020-04-28 15:50,3252
2020-04-28 15:55,3247
2020-04-28 16:00,3271
2020-04-28 16:05,3284
2020-04-28 16:10,3321
2020-04-28 16:15,3346
2020-04-28 16:20,3385
2020-04-28 16:25,3402
2020-04-28 16:30,3389
2020-04-28 16:35,3394
2020-04-28 16:40,3421
2020-04-28 16:45,3452
2020-04-28 16:50,3459
2020-04-28 16:55,3453
2020-04-28 17:00,3447
2020-04-28 17:05,3452
2020-04-28 17:10,3464
2020-04-28 17:15,3438
2020-04-28 17:20,3461
2020-04-28 17:25,3485
2020-04-28 17:30,3485
2020-04-28 17:35,3473
2020-04-28 17:40,3494
2020-04-28 17:45,3532
2020-04-28 17:50,3529
2020-04-28 17:55,3541
2020-04-28 18:00,3540
2020-04-28 18:05,3547
2020-04-28 18:10,3559
2020-04-28 18:15,3598
2020-04-28 18:20,3610
2020-04-28 18:25,3599
2020-04-28 18:30,3622
2020-04-28 18:35,3605
2020-04-28 18:40,3625
2020-04-28 18:45,3653
2020-04-28 18:50,3659
2020-04-28 18:55,3662
2020-04-28 19:00,3674
2020-04-28 19:05,3679
2020-04-28 19:10,3694
2020-04-28 19:15,3682
2020-04-28 19:20,3664
2020-04-28 19:25,3683
2020-04-28 19:30,3700
2020-04-28 19:35,3676
2020-04-28 19:40,3663
2020-04-28 19:45,3652
2020-04-28 19:50,3641
2020-04-28 19:55,3611
2020-04-28 20:00,3586
2020-04-28 20:05,3579
2020-04-28 20:10,3552
2020-04-28 20:15,3532
2020-04-28 20:20,3484
2020-04-28 20:25,3490
2020-04-28 20:30,3500
2020-04-28 20:35,3492
2020-04-28 20:40,3451
2020-04-28 20:45,3413
2020-04-28 20:50,3385
2020-04-28 20:55,3379
2020-04-28 21:00,3370
2020-04-28 21:05,3383
2020-04-28 21:10,3345
2020-04-28 21:15,3311
2020-04-28 21:20,3295
2020-04-28 21:25,3305
2020-04-28 21:30,3255
2020-04-28 21:35,3235
2020-04-28 21:40,3222
2020-04-28 21:45,3188
2020-04-28 21:50,3157
2020-04-28 21:55,3132
2020-04-28 22:00,3122
2020-04-28 22:05,3108
2020-04-28 22:10,3064
2020-04-28 22:15,3028
2020-04-28 22:20,2999
2020-04-28 22:25,2934
2020-04-28 22:30,2905
2020-04-28 22:35,2905
2020-04-28 22:40,2881
2020-04-28 22:45,2861
2020-04-28 22:50,2830
2020-04-28 22:55,2775
2020-04-28 23:00,2769
2020-04-28 23:05,2745
2020-04-28 23:10,0
2020-04-28 23:15,898
2020-04-28 23:20,2059
2020-04-28 23:25,2588
2020-04-28 23:30,2589
2020-04-28 23:35,2556
2020-04-28 23:40,2535
2020-04-28 23:45,2538
2020-04-28 23:50,2513
2020-04-28 23:55,2502
2020-04-29 00:00,2482
2020-04-29 00:05,2476
2020-04-29 00:10,2440
2020-04-29 00:15,2444
2020-04-29 00:20,2415
2020-04-29 00:25,2408
2020-04-29 00:30,2393
2020-04-29 00:35,2358
2020-04-29 00:40,2341
2020-04-29 00:45,2314
2020-04-29 00:50,2309
2020-04-29 00:55,2283
2020-04-29 01:00,2274
2020-04-29 01:05,2255
2020-04-29 01:10,2250
2020-04-29 01:15,2241
2020-04-29 01:20,2264
2020-04-29 01:25,2276
2020-04-29 01:30,2269
2020-04-29 01:35,2273
2020-04-29 01:40,2237
2020-04-29 01:45,2228
2020-04-29 01:50,2196
2020-04-29 01:55,2172
2020-04-29 02:00,2156
2020-04-29 02:05,2130
2020-04-29 02:10,2117
2020-04-29 02:15,2116
2020-04-29 02:20,2124
2020-04-29 02:25,2119
2020-04-29 02:30,2111
2020-04-29 02:35,2089
2020-04-29 02:40,2069
2020-04-29 02:45,2045
2020-04-29 02:50,2020
2020-04-29 02:55,2008
2020-04-29 03:00,2002
2020-04-29 03:05,1987
2020-04-29 03:10,1967
2020-04-29 03:15,1954
2020-04-29 03:20,1933
2020-04-29 03:25,1925
2020-04-29 03:30,1892
2020-04-29 03:35,1872
2020-04-29 03:40,1853
2020-04-29 03:45,1835
2020-04-29 03:50,1814
2020-04-29 03:55,1798
2020-04-29 04:00,1778
2020-04-29 04:05,1712
2020-04-29 04:10,1694
2020-04-29 04:15,1683
2020-04-29 04:20,1681
2020-04-29 04:25,1668
2020-04-29 04:30,1673
2020-04-29 04:35,1661
2020-04-29 04:40,1638
2020-04-29 04:45,1631
2020-04-29 04:50,1624
2020-04-29 04:55,1613
2020-04-29 05:00,1604
2020-04-29 05:05,1580
2020-04-29 05:10,1563
2020-04-29 05:15,1554
2020-04-29 05:20,1548
2020-04-29 05:25,1544
2020-04-29 05:30,1549
2020-04-29 05:35,1564
2020-04-29 05:40,1545
2020-04-29 05:45,1539
2020-04-29 05:50,1525
2020-04-29 05:55,1502
2020-04-29 06:00,1509
2020-04-29 06:05,1498
2020-04-29 06:10,1512
2020-04-29 06:15,1525
2020-04-29 06:20,1520
2020-04-29 06:25,1512
2020-04-29 06:30,1509
2020-04-29 06:35,1510
2020-04-29 06:40,1535
2020-04-29 06:45,1522
2020-04-29 06:50,1520
2020-04-29 06:55,1541
2020-04-29 07:00,1564
2020-04-29 07:05,1580
2020-04-29 07:10,1594
2020-04-29 07:15,1567
2020-04-29 07:20,1567
2020-04-29 07:25,1594
2020-04-29 07:30,1605
2020-04-29 07:35,1607
2020-04-29 07:40,1616
2020-04-29 07:45,1610
2020-04-29 07:50,1623
2020-04-29 07:55,1649
2020-04-29 08:00,1667
2020-04-29 08:05,1671
2020-04-29 08:10,1690
2020-04-29 08:15,1709
2020-04-29 08:20,1712
2020-04-29 08:25,1721
2020-04-29 08:30,1735
2020-04-29 08:35,1755
2020-04-29 08:40,1743
2020-04-29 08:45,1749
2020-04-29 08:50,1753
2020-04-29 08:55,1775
2020-04-29 09:00,1792
2020-04-29 09:05,1835
2020-04-29 09:10,1826
2020-04-29 09:15,1854
2020-04-29 09:20,1873
2020-04-29 09:25,1894
2020-04-29 09:30,1884
2020-04-29 09:35,1893
2020-04-29 09:40,1907
2020-04-29 09:45,1910
2020-04-29 09:50,1937
2020-04-29 09:55,1946
2020-04-29 10:00,1969
2020-04-29 10:05,2002
2020-04-29 10:10,2020
2020-04-29 10:15,2058
2020-04-29 10:20,2089
2020-04-29 10:25,2111
2020-04-29 10:30,2128
2020-04-29 10:35,2128
2020-04-29 10:40,2127
2020-04-29 10:45,2121
2020-04-29 10:50,2142
2020-04-29 10:55,2137
2020-04-29 11:00,2170
2020-04-29 11:05,2178
2020-04-29 11:10,2200
2020-04-29 11:15,2205
2020-04-29 11:20,2217
2020-04-29 11:25,2235
2020-04-29 11:30,2268
2020-04-29 11:35,2292
2020-04-29 11:40,2303
2020-04-29 11:45,2321
2020-04-29 11:50,2318
2020-04-29 11:55,2338
2020-04-29 12:00,2324
2020-04-29 12:05,2345
2020-04-29 12:10,2349
2020-04-29 12:15,2360
2020-04-29 12:20,2404
2020-04-29 12:25,2417
2020-04-29 12:30,2436
2020-04-29 12:35,2467
2020-04-29 12:40,2485
2020-04-29 12:45,2512
2020-04-29 12:50,2541
2020-04-29 12:55,2550
2020-04-29 13:00,2574
2020-04-29 13:05,2600
2020-04-29 13:10,2643
2020-04-29 13:15,2652
2020-04-29 13:20,2647
2020-04-29 13:25,2676
2020-04-29 13:30,2719
2020-04-29 13:35,2740
2020-04-29 13:40,2754
2020-04-29 13:45,2769
2020-04-29 13:50,2788
2020-04-29 13:55,2810
2020-04-29 14:00,2803
2020-04-29 14:05,2846
2020-04-29 14:10,2848
2020-04-29 14:15,2839
2020-04-29 14:20,2850
2020-04-29 14:25,2897
2020-04-29 14:30,2929
2020-04-29 14:35,2935
2020-04-29 14:40,2932
2020-04-29 14:45,2967
2020-04-29 14:50,3007
2020-04-29 14:55,3022
2020-04-29 15:00,3037
2020-04-29 15:05,3028
2020-04-29 15:10,3081
2020-04-29 15:15,3096
2020-04-29 15:20,3116
2020-04-29 15:25,3154
2020-04-29 15:30,3150
2020-04-29 15:35,3123
2020-04-29 15:40,3116
2020-04-29 15:45,3150
2020-04-29 15:50,3168
2020-04-29 15:55,3182
2020-04-29 16:00,3184
2020-04-29 16:05,3203
2020-04-29 16:10,3242
2020-04-29 16:15,3241
2020-04-29 16:20,3251
2020-04-29 16:25,3255
2020-04-29 16:30,3249
2020-04-29 16:35,3241
2020-04-29 16:40,3258
2020-04-29 16:45,3258
2020-04-29 16:50,3257
2020-04-29 16:55,3256
2020-04-29 17:00,3169
2020-04-29 17:05,3279
2020-04-29 17:10,3270
2020-04-29 17:15,3307
2020-04-29 17:20,3315
2020-04-29 17:25,3363
2020-04-29 17:30,3380
2020-04-29 17:35,3411
2020-04-29 17:40,3453
2020-04-29 17:45,3469
2020-04-29 17:50,3499
2020-04-29 17:55,3496
2020-04-29 18:00,3494
2020-04-29 18:05,3493
2020-04-29 18:10,3528
2020-04-29 18:15,3528
2020-04-29 18:20,3526
2020-04-29 18:25,3509
2020-04-29 18:30,3483
2020-04-29 18:35,3490
2020-04-29 18:40,3499
2020-04-29 18:45,3515
2020-04-29 18:50,3540
2020-04-29 18:55,3553
2020-04-29 19:00,3588
2020-04-29 19:05,3596
2020-04-29 19:10,3574
2020-04-29 19:15,3593
2020-04-29 19:20,3615
2020-04-29 19:25,3621
2020-04-29 19:30,3612
2020-04-29 19:35,3592
2020-04-29 19:40,3587
2020-04-29 19:45,3590
2020-04-29 19:50,3578
2020-04-29 19:55,3580
2020-04-29 20:00,3566
2020-04-29 20:05,3544
2020-04-29 20:10,3534
2020-04-29 20:15,3557
2020-04-29 20:20,3544
2020-04-29 20:25,3529
2020-04-29 20:30,3478
2020-04-29 20:35,3494
2020-04-29 20:40,3480
2020-04-29 20:45,3466
2020-04-29 20:50,3465
2020-04-29 20:55,3448
2020-04-29 21:00,3414
2020-04-29 21:05,3397
2020-04-29 21:10,3377
2020-04-29 21:15,3337
2020-04-29 21:20,3301
2020-04-29 21:25,3296
2020-04-29 21:30,3267
2020-04-29 21:35,3263
2020-04-29 21:40,3225
2020-04-29 21:45,3196
2020-04-29 21:50,3127
2020-04-29 21:55,3105
2020-04-29 22:00,3090
2020-04-29 22:05,3042
2020-04-29 22:10,3005
2020-04-29 22:15,2956
2020-04-29 22:20,2921
2020-04-29 22:25,2906
2020-04-29 22:30,2893
2020-04-29 22:35,2874
2020-04-29 22:40,2839
2020-04-29 22:45,2803
2020-04-29 22:50,2778
2020-04-29 22:55,2793
2020-04-29 23:00,2764
2020-04-29 23:05,2754
2020-04-29 23:10,2728
2020-04-29 23:15,2728
2020-04-29 23:20,2717
2020-04-29 23:25,2657
2020-04-29 23:30,2631
2020-04-29 23:35,2614
2020-04-29 23:40,2604
2020-04-29 23:45,2576
2020-04-29 23:50,2566
2020-04-29 23:55,2546
2020-04-30 00:00,2530
2020-04-30 00:05,2505
2020-04-30 00:10,2476
2020-04-30 00:15,2467
2020-04-30 00:20,2449
2020-04-30 00:25,2425
2020-04-30 00:30,2384
2020-04-30 00:35,2384
2020-04-30 00:40,2388
2020-04-30 00:45,2369
2020-04-30 00:50,2381
2020-04-30 00:55,2362
2020-04-30 01:00,2340
2020-04-30 01:05,2311
2020-04-30 01:10,2311
2020-04-30 01:15,2292
2020-04-30 01:20,2273
2020-04-30 01:25,2272
2020-04-30 01:30,2282
2020-04-30 01:35,2252
2020-04-30 01:40,2245
2020-04-30 01:45,2221
2020-04-30 01:50,2244
2020-04-30 01:55,2232
2020-04-30 02:00,2202
2020-04-30 02:05,2176
2020-04-30 02:10,2127
2020-04-30 02:15,2105
2020-04-30 02:20,2101
2020-04-30 02:25,2112
2020-04-30 02:30,2104
2020-04-30 02:35,2080
2020-04-30 02:40,2077
2020-04-30 02:45,2051
2020-04-30 02:50,2034
2020-04-30 02:55,1998
2020-04-30 03:00,1989
2020-04-30 03:05,1953
2020-04-30 03:10,1951
2020-04-30 03:15,1934
2020-04-30 03:20,1906
2020-04-30 03:25,1902
2020-04-30 03:30,1887
2020-04-30 03:35,1872
2020-04-30 03:40,1854
2020-04-30 03:45,1864
2020-04-30 03:50,1832
2020-04-30 03:55,1819
2020-04-30 04:00,1792
2020-04-30 04:05,1755
2020-04-30 04:10,1739
2020-04-30 04:15,1732
2020-04-30 04:20,1719
2020-04-30 04:25,1698
2020-04-30 04:30,1677
2020-04-30 04:35,1668
2020-04-30 04:40,1656
2020-04-30 04:45,1640
2020-04-30 04:50,1607
2020-04-30 04:55,1592
2020-04-30 05:00,1566
2020-04-30 05:05,1557
2020-04-30 05:10,1527
2020-04-30 05:15,1532
2020-04-30 05:20,1527
2020-04-30 05:25,1511
2020-04-30 05:30,1515
2020-04-30 05:35,1494
2020-04-30 05:40,1511
2020-04-30 05:45,1515
2020-04-30 05:50,1506
2020-04-30 05:55,1490
2020-04-30 06:00,1474
2020-04-30 06:05,1468
2020-04-30 06:10,1475
2020-04-30 06:15,1490
2020-04-30 06:20,1484
2020-04-30 06:25,1473
2020-04-30 06:30,1470
2020-04-30 06:35,1469
2020-04-30 06:40,1462
2020-04-30 06:45,1459
2020-04-30 06:50,1451
2020-04-30 06:55,1465
2020-04-30 07:00,1484
2020-04-30 07:05,1484
2020-04-30 07:10,1515
2020-04-30 07:15,1533
2020-04-30 07:20,1521
2020-04-30 07:25,1531
2020-04-30 07:30,1537
2020-04-30 07:35,1551
2020-04-30 07:40,1554
2020-04-30 07:45,1555
2020-04-30 07:50,1567
2020-04-30 07:55,1580
2020-04-30 08:00,1585
2020-04-30 08:05,1601
2020-04-30 08:10,1610
2020-04-30 08:15,1623
2020-04-30 08:20,1630
2020-04-30 08:25,1665
2020-04-30 08:30,1677
2020-04-30 08:35,1708
2020-04-30 08:40,1711
2020-04-30 08:45,1728
2020-04-30 08:50,1768
2020-04-30 08:55,1761
2020-04-30 09:00,1766
2020-04-30 09:05,1756
2020-04-30 09:10,1798
2020-04-30 09:15,1818
2020-04-30 09:20,1830
2020-04-30 09:25,1852
2020-04-30 09:30,1844
2020-04-30 09:35,1857
2020-04-30 09:40,1875
2020-04-30 09:45,1896
2020-04-30 09:50,1896
2020-04-30 09:55,1912
2020-04-30 10:00,1949
2020-04-30 10:05,1994
2020-04-30 10:10,2050
2020-04-30 10:15,2070
2020-04-30 10:20,2099
2020-04-30 10:25,2104
2020-04-30 10:30,2126
2020-04-30 10:35,2132
2020-04-30 10:40,2130
2020-04-30 10:45,2116
2020-04-30 10:50,2124
2020-04-30 10:55,2144
2020-04-30 11:00,2160
2020-04-30 11:05,2198
2020-04-30 11:10,2206
2020-04-30 11:15,2206
2020-04-30 11:20,2226
2020-04-30 11:25,2266
2020-04-30 11:30,2277
2020-04-30 11:35,2289
2020-04-30 11:40,2335
2020-04-30 11:45,2355
2020-04-30 11:50,2378
2020-04-30 11:55,2398
2020-04-30 12:00,2398
2020-04-30 12:05,2408
2020-04-30 12:10,2424
2020-04-30 12:15,2451
2020-04-30 12:20,2479
2020-04-30 12:25,2501
2020-04-30 12:30,2496
2020-04-30 12:35,2505
2020-04-30 12:40,2518
2020-04-30 12:45,2550
2020-04-30 12:50,2586
2020-04-30 12:55,2578
2020-04-30 13:00,2564
2020-04-30 13:05,2556
2020-04-30 13:10,2551
2020-04-30 13:15,2558
2020-04-30 13:20,2573
2020-04-30 13:25,2570
2020-04-30 13:30,2559
2020-04-30 13:35,2542
2020-04-30 13:40,2506
2020-04-30 13:45,2456
2020-04-30 13:50,2342
2020-04-30 13:55,2167
2020-04-30 14:00,1786
2020-04-30 14:05,975
2020-04-30 14:10,925
2020-04-30 14:15,925
2020-04-30 14:20,893
2020-04-30 14:25,921
2020-04-30 14:30,920
2020-04-30 14:35,956
2020-04-30 14:40,961
2020-04-30 14:45,961
2020-04-30 14:50,964
2020-04-30 14:55,1001
2020-04-30 15:00,1022
2020-04-30 15:05,1053
2020-04-30 15:10,1091
2020-04-30 15:15,1102
2020-04-30 15:20,1129
2020-04-30 15:25,1159
2020-04-30 15:30,1241
2020-04-30 15:35,1313
2020-04-30 15:40,1375
2020-04-30 15:45,1375
2020-04-30 15:50,1600
2020-04-30 15:55,1815
2020-04-30 16:00,2023
2020-04-30 16:05,2023
2020-04-30 16:10,2307
2020-04-30 16:15,2511
2020-04-30 16:20,2688
2020-04-30 16:25,2859
2020-04-30 16:30,2976
2020-04-30 16:35,3141
2020-04-30 16:40,3141
2020-04-30 16:45,3331
2020-04-30 16:50,3386
2020-04-30 16:55,3450
2020-04-30 17:00,3506
2020-04-30 17:05,3506
2020-04-30 17:10,3565
2020-04-30 17:15,3599
2020-04-30 17:20,3633
2020-04-30 17:25,3663
2020-04-30 17:30,3697
2020-04-30 17:35,3718
2020-04-30 17:40,3794
2020-04-30 17:45,3794
2020-04-30 17:50,3806
2020-04-30 17:55,3835
2020-04-30 18:00,3846
2020-04-30 18:05,3837
2020-04-30 18:10,3848
2020-04-30 18:15,3840
2020-04-30 18:20,3846
2020-04-30 18:25,3826
2020-04-30 18:30,3837
2020-04-30 18:35,3874
2020-04-30 18:40,3887
2020-04-30 18:45,3893
2020-04-30 18:50,3932
2020-04-30 18:55,3944
2020-04-30 19:00,3915
2020-04-30 19:05,3886
2020-04-30 19:10,3914
2020-04-30 19:15,3914
2020-04-30 19:20,3949
2020-04-30 19:25,3931
2020-04-30 19:30,3917
2020-04-30 19:35,3919
2020-04-30 19:40,3937
2020-04-30 19:45,3943
2020-04-30 19:50,3941
2020-04-30 19:55,3927
2020-04-30 20:00,3883
2020-04-30 20:05,3874
2020-04-30 20:10,3874
2020-04-30 20:15,3874
2020-04-30 20:20,3866
2020-04-30 20:25,3878
2020-04-30 20:30,3875
2020-04-30 20:35,3864
2020-04-30 20:40,3851
2020-04-30 20:45,3824
2020-04-30 20:50,3797
2020-04-30 20:55,3791
2020-04-30 21:00,3746
2020-04-30 21:05,3746
2020-04-30 21:10,3748
2020-04-30 21:15,3729
2020-04-30 21:20,3713
2020-04-30 21:25,3711
2020-04-30 21:30,3684
2020-04-30 21:35,3665
2020-04-30 21:40,3635
2020-04-30 21:45,3600
2020-04-30 21:50,3555
2020-04-30 21:55,3550
2020-04-30 22:00,3517
2020-04-30 22:05,3493
2020-04-30 22:10,3444
2020-04-30 22:15,3415
2020-04-30 22:20,3343
2020-04-30 22:25,3321
2020-04-30 22:30,3271
2020-04-30 22:35,3222
2020-04-30 22:40,3197
2020-04-30 22:45,3149
2020-04-30 22:50,3120
2020-04-30 22:55,3119
2020-04-30 23:00,3074
2020-04-30 23:05,3010
2020-04-30 23:10,2974
2020-04-30 23:15,2950
2020-04-30 23:20,2893
2020-04-30 23:25,2885
2020-04-30 23:30,2875
2020-04-30 23:35,2835
2020-04-30 23:40,2806
2020-04-30 23:45,2831
2020-04-30 23:50,0
2020-04-30 23:55,0
2020-05-01 00:00,2750
2020-05-01 00:05,2719
2020-05-01 00:10,2685
2020-05-01 00:15,2674
2020-05-01 00:20,2643
2020-05-01 00:25,2629
2020-05-01 00:30,2610
2020-05-01 00:35,2576
2020-05-01 00:40,2567
2020-05-01 00:45,2541
2020-05-01 00:50,2528
2020-05-01 00:55,2503
2020-05-01 01:00,2505
2020-05-01 01:05,2495
2020-05-01 01:10,2483
2020-05-01 01:15,2494
2020-05-01 01:20,2469
2020-05-01 01:25,2440
2020-05-01 01:30,2409
2020-05-01 01:35,2387
2020-05-01 01:40,2373
2020-05-01 01:45,2371
2020-05-01 01:50,2374
2020-05-01 01:55,2362
2020-05-01 02:00,2369
2020-05-01 02:05,2360
2020-05-01 02:10,2346
2020-05-01 02:15,2323
2020-05-01 02:20,2273
2020-05-01 02:25,2256
2020-05-01 02:30,2212
2020-05-01 02:35,2202
2020-05-01 02:40,2188
2020-05-01 02:45,2189
2020-05-01 02:50,2179
2020-05-01 02:55,2143
2020-05-01 03:00,2105
2020-05-01 03:05,2087
2020-05-01 03:10,2102
2020-05-01 03:15,2069
2020-05-01 03:20,2057
2020-05-01 03:25,2026
2020-05-01 03:30,2012
2020-05-01 03:35,2010
2020-05-01 03:40,1995
2020-05-01 03:45,1971
2020-05-01 03:50,1955
2020-05-01 03:55,1949
2020-05-01 04:00,1934
2020-05-01 04:05,1923
2020-05-01 04:10,1917
2020-05-01 04:15,1903
2020-05-01 04:20,1882
2020-05-01 04:25,1867
2020-05-01 04:30,1865
2020-05-01 04:35,1839
2020-05-01 04:40,1826
2020-05-01 04:45,1812
2020-05-01 04:50,1801
2020-05-01 04:55,1792
2020-05-01 05:00,1784
2020-05-01 05:05,1745
2020-05-01 05:10,1750
2020-05-01 05:15,1738
2020-05-01 05:20,1716
2020-05-01 05:25,1692
2020-05-01 05:30,1708
2020-05-01 05:35,1706
2020-05-01 05:40,1725
2020-05-01 05:45,1725
2020-05-01 05:50,1745
2020-05-01 05:55,1747
2020-05-01 06:00,1740
2020-05-01 06:05,1725
2020-05-01 06:10,1720
2020-05-01 06:15,1729
2020-05-01 06:20,1741
2020-05-01 06:25,1740
2020-05-01 06:30,1744
2020-05-01 06:35,1762
2020-05-01 06:40,1770
2020-05-01 06:45,1798
2020-05-01 06:50,1802
2020-05-01 06:55,1803
2020-05-01 07:00,1799
2020-05-01 07:05,1811
2020-05-01 07:10,1810
2020-05-01 07:15,1803
2020-05-01 07:20,1819
2020-05-01 07:25,1837
2020-05-01 07:30,1841
2020-05-01 07:35,1839
2020-05-01 07:40,1846
2020-05-01 07:45,1875
2020-05-01 07:50,1868
2020-05-01 07:55,1874
2020-05-01 08:00,1882
2020-05-01 08:05,1880
2020-05-01 08:10,1903
2020-05-01 08:15,1921
2020-05-01 08:20,1946
2020-05-01 08:25,1972
2020-05-01 08:30,2004
2020-05-01 08:35,2049
2020-05-01 08:40,2059
2020-05-01 08:45,2078
2020-05-01 08:50,2100
2020-05-01 08:55,2096
2020-05-01 09:00,2115
2020-05-01 09:05,2141
2020-05-01 09:10,2151
2020-05-01 09:15,2161
2020-05-01 09:20,2170
2020-05-01 09:25,2188
2020-05-01 09:30,2194
2020-05-01 09:35,2219
2020-05-01 09:40,2241
2020-05-01 09:45,2248
2020-05-01 09:50,2266
2020-05-01 09:55,2284
2020-05-01 10:00,2309
2020-05-01 10:05,2378
2020-05-01 10:10,2409
2020-05-01 10:15,2456
2020-05-01 10:20,2463
2020-05-01 10:25,2474
2020-05-01 10:30,2496
2020-05-01 10:35,2499
2020-05-01 10:40,2512
2020-05-01 10:45,2519
2020-05-01 10:50,2545
2020-05-01 10:55,2579
2020-05-01 11:00,2570
2020-05-01 11:05,2573
2020-05-01 11:10,2576
2020-05-01 11:15,2588
2020-05-01 11:20,2601
2020-05-01 11:25,2634
2020-05-01 11:30,2632
2020-05-01 11:35,2643
2020-05-01 11:40,2654
2020-05-01 11:45,2701
2020-05-01 11:50,2738
2020-05-01 11:55,2761
2020-05-01 12:00,2768
2020-05-01 12:05,2796
2020-05-01 12:10,2834
2020-05-01 12:15,2851
2020-05-01 12:20,2873
2020-05-01 12:25,2902
2020-05-01 12:30,2944
2020-05-01 12:35,2931
2020-05-01 12:40,2928
2020-05-01 12:45,2959
2020-05-01 12:50,2984
2020-05-01 12:55,3012
2020-05-01 13:00,3033
2020-05-01 13:05,3042
2020-05-01 13:10,3090
2020-05-01 13:15,3114
2020-05-01 13:20,3127
2020-05-01 13:25,3167
2020-05-01 13:30,3189
2020-05-01 13:35,3214
2020-05-01 13:40,3228
2020-05-01 13:45,3242
2020-05-01 13:50,3294
2020-05-01 13:55,3313
2020-05-01 14:00,3330
2020-05-01 14:05,3329
2020-05-01 14:10,3354
2020-05-01 14:15,3388
2020-05-01 14:20,3391
2020-05-01 14:25,3399
2020-05-01 14:30,3410
2020-05-01 14:35,3428
2020-05-01 14:40,3433
2020-05-01 14:45,3458
2020-05-01 14:50,3471
2020-05-01 14:55,3476
2020-05-01 15:00,3494
2020-05-01 15:05,3512
2020-05-01 15:10,3525
2020-05-01 15:15,3550
2020-05-01 15:20,3541
2020-05-01 15:25,3556
2020-05-01 15:30,3545
2020-05-01 15:35,3543
2020-05-01 15:40,3550
2020-05-01 15:45,3575
2020-05-01 15:50,3591
2020-05-01 15:55,3609
2020-05-01 16:00,3599
2020-05-01 16:05,3601
2020-05-01 16:10,3626
2020-05-01 16:15,3610
2020-05-01 16:20,3615
2020-05-01 16:25,3634
2020-05-01 16:30,3628
2020-05-01 16:35,3654
2020-05-01 16:40,3648
2020-05-01 16:45,3649
2020-05-01 16:50,3640
2020-05-01 16:55,3652
2020-05-01 17:00,3625
2020-05-01 17:05,3612
2020-05-01 17:10,3602
2020-05-01 17:15,
2020-05-01 17:20,0
2020-05-01 17:25,0
2020-05-01 17:30,3610
2020-05-01 17:35,3618
2020-05-01 17:40,3628
2020-05-01 17:45,3640
2020-05-01 17:50,3660
2020-05-01 17:55,3665
2020-05-01 18:00,3647
2020-05-01 18:05,3671
2020-05-01 18:10,3689
2020-05-01 18:15,3697
2020-05-01 18:20,3722
2020-05-01 18:25,0
2020-05-01 18:30,3747
2020-05-01 18:35,3757
2020-05-01 18:40,3772
2020-05-01 18:45,3773
2020-05-01 18:50,3785
2020-05-01 18:55,3776
2020-05-01 19:00,3739
2020-05-01 19:05,3739
2020-05-01 19:10,3780
2020-05-01 19:15,3793
2020-05-01 19:20,3812
2020-05-01 19:25,3801
2020-05-01 19:30,3831
2020-05-01 19:35,3821
2020-05-01 19:40,3808
2020-05-01 19:45,3803
2020-05-01 19:50,3796
2020-05-01 19:55,3821
2020-05-01 20:00,3800
2020-05-01 20:05,3782
2020-05-01 20:10,3765
2020-05-01 20:15,3777
2020-05-01 20:20,3769
2020-05-01 20:25,3786
2020-05-01 20:30,3777
2020-05-01 20:35,3765
2020-05-01 20:40,3746
2020-05-01 20:45,3755
2020-05-01 20:50,3708
2020-05-01 20:55,3673
2020-05-01 21:00,3640
2020-05-01 21:05,3600
2020-05-01 21:10,3575
2020-05-01 21:15,3556
2020-05-01 21:20,3515
2020-05-01 21:25,3474
2020-05-01 21:30,3433
2020-05-01 21:35,3398
2020-05-01 21:40,3359
2020-05-01 21:45,3339
2020-05-01 21:50,3331
2020-05-01 21:55,3322
2020-05-01 22:00,3280
2020-05-01 22:05,3267
2020-05-01 22:10,0
2020-05-01 22:15,3200
2020-05-01 22:20,3175
2020-05-01 22:25,3112
2020-05-01 22:30,3072
2020-05-01 22:35,0
2020-05-01 22:40,2999
2020-05-01 22:45,2960
2020-05-01 22:50,2923
2020-05-01 22:55,2930
2020-05-01 23:00,2886
2020-05-01 23:05,2885
2020-05-01 23:10,2846
2020-05-01 23:15,2837
2020-05-01 23:20,2820
2020-05-01 23:25,2789
2020-05-01 23:30,2744
2020-05-01 23:35,2720
2020-05-01 23:40,2697
2020-05-01 23:45,2666
2020-05-01 23:50,2642
2020-05-01 23:55,2602
2020-05-02 00:00,2604
2020-05-02 00:05,2580
2020-05-02 00:10,2555
2020-05-02 00:15,2529
2020-05-02 00:20,2528
2020-05-02 00:25,2519
2020-05-02 00:30,2498
2020-05-02 00:35,2498
2020-05-02 00:40,2495
2020-05-02 00:45,2497
2020-05-02 00:50,2465
2020-05-02 00:55,2459
2020-05-02 01:00,2412
2020-05-02 01:05,2383
2020-05-02 01:10,2382
2020-05-02 01:15,2371
2020-05-02 01:20,2368
2020-05-02 01:25,2369
2020-05-02 01:30,2361
2020-05-02 01:35,2361
2020-05-02 01:40,2332
2020-05-02 01:45,2341
2020-05-02 01:50,2339
2020-05-02 01:55,2331
2020-05-02 02:00,2327
2020-05-02 02:05,2327
2020-05-02 02:10,2301
2020-05-02 02:15,2310
2020-05-02 02:20,2296
2020-05-02 02:25,2280
2020-05-02 02:30,2270
2020-05-02 02:35,2273
2020-05-02 02:40,2269
2020-05-02 02:45,2242
2020-05-02 02:50,2255
2020-05-02 02:55,2244
2020-05-02 03:00,2195
2020-05-02 03:05,2195
2020-05-02 03:10,2191
2020-05-02 03:15,2188
2020-05-02 03:20,2180
2020-05-02 03:25,2160
2020-05-02 03:30,2155
2020-05-02 03:35,2155
2020-05-02 03:40,2132
2020-05-02 03:45,2124
2020-05-02 03:50,2080
2020-05-02 03:55,2063
2020-05-02 04:00,2047
2020-05-02 04:05,2037
2020-05-02 04:10,2020
2020-05-02 04:15,1981
2020-05-02 04:20,1981
2020-05-02 04:25,1960
2020-05-02 04:30,1940
2020-05-02 04:35,1939
2020-05-02 04:40,1915
2020-05-02 04:45,1917
2020-05-02 04:50,1903
2020-05-02 04:55,1889
2020-05-02 05:00,1867
2020-05-02 05:05,1859
2020-05-02 05:10,1836
2020-05-02 05:15,1825
2020-05-02 05:20,1812
2020-05-02 05:25,1810
2020-05-02 05:30,1797
2020-05-02 05:35,1793
2020-05-02 05:40,1780
2020-05-02 05:45,1780
2020-05-02 05:50,1766
2020-05-02 05:55,1762
2020-05-02 06:00,1766
2020-05-02 06:05,1734
2020-05-02 06:10,1744
2020-05-02 06:15,1737
2020-05-02 06:20,1725
2020-05-02 06:25,1750
2020-05-02 06:30,1752
2020-05-02 06:35,1753
2020-05-02 06:40,1728
2020-05-02 06:45,1738
2020-05-02 06:50,1742
2020-05-02 06:55,1749
2020-05-02 07:00,1747
2020-05-02 07:05,1748
2020-05-02 07:10,1761
2020-05-02 07:15,1782
2020-05-02 07:20,1788
2020-05-02 07:25,1790
2020-05-02 07:30,1791
2020-05-02 07:35,1784
2020-05-02 07:40,1797
2020-05-02 07:45,1828
2020-05-02 07:50,1828
2020-05-02 07:55,1846
2020-05-02 08:00,1868
2020-05-02 08:05,1876
2020-05-02 08:10,1892
2020-05-02 08:15,1888
2020-05-02 08:20,1886
2020-05-02 08:25,1902
2020-05-02 08:30,1910
2020-05-02 08:35,1917
2020-05-02 08:40,1954
2020-05-02 08:45,1978
2020-05-02 08:50,2005
2020-05-02 08:55,2036
2020-05-02 09:00,2064
2020-05-02 09:05,2100
2020-05-02 09:10,2121
2020-05-02 09:15,2149
2020-05-02 09:20,2169
2020-05-02 09:25,2166
2020-05-02 09:30,2179
2020-05-02 09:35,2198
2020-05-02 09:40,2206
2020-05-02 09:45,2216
2020-05-02 09:50,2258
2020-05-02 09:55,2332
2020-05-02 10:00,2352
2020-05-02 10:05,2352
2020-05-02 10:10,2428
2020-05-02 10:15,2428
2020-05-02 10:20,2450
2020-05-02 10:25,2467
2020-05-02 10:30,2481
2020-05-02 10:35,2481
2020-05-02 10:40,2490
2020-05-02 10:45,2504
2020-05-02 10:50,2529
2020-05-02 10:55,2548
2020-05-02 11:00,2587
2020-05-02 11:05,2576
2020-05-02 11:10,2584
2020-05-02 11:15,2571
2020-05-02 11:20,2592
2020-05-02 11:25,2618
2020-05-02 11:30,2645
2020-05-02 11:35,2653
2020-05-02 11:40,2679
2020-05-02 11:45,2725
2020-05-02 11:50,2741
2020-05-02 11:55,2768
2020-05-02 12:00,2772
2020-05-02 12:05,2761
2020-05-02 12:10,2825
2020-05-02 12:15,2858
2020-05-02 12:20,2864
2020-05-02 12:25,2866
2020-05-02 12:30,2920
2020-05-02 12:35,2931
2020-05-02 12:40,2945
2020-05-02 12:45,2993
2020-05-02 12:50,3002
2020-05-02 12:55,3022
2020-05-02 13:00,3034
2020-05-02 13:05,3074
2020-05-02 13:10,3079
2020-05-02 13:15,3083
2020-05-02 13:20,3097
2020-05-02 13:25,3151
2020-05-02 13:30,3158
2020-05-02 13:35,3161
2020-05-02 13:40,3191
2020-05-02 13:45,3202
2020-05-02 13:50,3225
2020-05-02 13:55,3237
2020-05-02 14:00,3235
2020-05-02 14:05,3258
2020-05-02 14:10,3244
2020-05-02 14:15,3286
2020-05-02 14:20,3318
2020-05-02 14:25,3350
2020-05-02 14:30,3375
2020-05-02 14:35,3377
2020-05-02 14:40,3384
2020-05-02 14:45,3396
2020-05-02 14:50,3427
2020-05-02 14:55,3447
2020-05-02 15:00,3456
2020-05-02 15:05,3453
2020-05-02 15:10,3453
2020-05-02 15:15,3473
2020-05-02 15:20,3496
2020-05-02 15:25,3513
2020-05-02 15:30,3509
2020-05-02 15:35,3500
2020-05-02 15:40,3519
2020-05-02 15:45,3546
2020-05-02 15:50,3546
2020-05-02 15:55,3557
2020-05-02 16:00,3577
2020-05-02 16:05,3588
2020-05-02 16:10,3573
2020-05-02 16:15,3567
2020-05-02 16:20,3575
2020-05-02 16:25,3583
2020-05-02 16:30,3630
2020-05-02 16:35,3644
2020-05-02 16:40,3645
2020-05-02 16:45,3640
2020-05-02 16:50,3667
2020-05-02 16:55,3667
2020-05-02 17:00,3659
2020-05-02 17:05,3670
2020-05-02 17:10,3693
2020-05-02 17:15,3708
2020-05-02 17:20,3703
2020-05-02 17:25,3697
2020-05-02 17:30,3718
2020-05-02 17:35,3685
2020-05-02 17:40,3704
2020-05-02 17:45,3711
2020-05-02 17:50,3707
2020-05-02 17:55,3706
2020-05-02 18:00,3711
2020-05-02 18:05,3692
2020-05-02 18:10,3703
2020-05-02 18:15,3692
2020-05-02 18:20,3715
2020-05-02 18:25,3759
2020-05-02 18:30,3783
2020-05-02 18:35,3813
2020-05-02 18:40,3781
2020-05-02 18:45,3808
2020-05-02 18:50,3819
2020-05-02 18:55,3812
2020-05-02 19:00,3829
2020-05-02 19:05,3869
2020-05-02 19:10,3853
2020-05-02 19:15,3889
2020-05-02 19:20,3914
2020-05-02 19:25,3911
2020-05-02 19:30,3925
2020-05-02 19:35,3938
2020-05-02 19:40,3947
2020-05-02 19:45,3959
2020-05-02 19:50,3967
2020-05-02 19:55,3964
2020-05-02 20:00,3975
2020-05-02 20:05,3960
2020-05-02 20:10,3947
2020-05-02 20:15,3923
2020-05-02 20:20,3920
2020-05-02 20:25,3926
2020-05-02 20:30,3912
2020-05-02 20:35,3912
2020-05-02 20:40,3911
2020-05-02 20:45,3874
2020-05-02 20:50,3886
2020-05-02 20:55,3896
2020-05-02 21:00,3886
2020-05-02 21:05,3867
2020-05-02 21:10,3845
2020-05-02 21:15,3818
2020-05-02 21:20,3815
2020-05-02 21:25,3785
2020-05-02 21:30,3769
2020-05-02 21:35,3739
2020-05-02 21:40,3703
2020-05-02 21:45,3655
2020-05-02 21:50,3627
2020-05-02 21:55,3583
2020-05-02 22:00,3545
2020-05-02 22:05,3536
2020-05-02 22:10,3486
2020-05-02 22:15,3422
2020-05-02 22:20,3375
2020-05-02 22:25,3341
2020-05-02 22:30,3297
2020-05-02 22:35,3294
2020-05-02 22:40,3247
2020-05-02 22:45,3233
2020-05-02 22:50,3217
2020-05-02 22:55,3193
2020-05-02 23:00,3178
2020-05-02 23:05,3138
2020-05-02 23:10,3116
2020-05-02 23:15,3065
2020-05-02 23:20,3046
2020-05-02 23:25,3003
2020-05-02 23:30,2950
2020-05-02 23:35,2935
2020-05-02 23:40,2904
2020-05-02 23:45,2884
2020-05-02 23:50,2858
2020-05-02 23:55,2838
2020-05-03 00:00,2832
2020-05-03 00:05,2782
2020-05-03 00:10,2767
2020-05-03 00:15,2724
2020-05-03 00:20,2711
2020-05-03 00:25,2691
2020-05-03 00:30,2661
2020-05-03 00:35,2652
2020-05-03 00:40,2612
2020-05-03 00:45,2600
2020-05-03 00:50,2598
2020-05-03 00:55,2582
2020-05-03 01:00,2553
2020-05-03 01:05,2525
2020-05-03 01:10,2503
2020-05-03 01:15,2526
2020-05-03 01:20,2516
2020-05-03 01:25,2500
2020-05-03 01:30,2473
2020-05-03 01:35,2456
2020-05-03 01:40,2449
2020-05-03 01:45,2441
2020-05-03 01:50,2421
2020-05-03 01:55,2404
2020-05-03 02:00,2406
2020-05-03 02:05,2373
2020-05-03 02:10,2345
2020-05-03 02:15,2358
2020-05-03 02:20,2333
2020-05-03 02:25,2342
2020-05-03 02:30,1739
2020-05-03 02:35,2158
2020-05-03 02:40,2270
2020-05-03 02:45,2260
2020-05-03 02:50,2246
2020-05-03 02:55,2225
2020-05-03 03:00,2215
2020-05-03 03:05,2207
2020-05-03 03:10,2196
2020-05-03 03:15,2198
2020-05-03 03:20,2187
2020-05-03 03:25,2174
2020-05-03 03:30,2170
2020-05-03 03:35,2128
2020-05-03 03:40,2110
2020-05-03 03:45,2075
2020-05-03 03:50,2094
2020-05-03 03:55,2078
2020-05-03 04:00,2073
2020-05-03 04:05,2056
2020-05-03 04:10,2031
2020-05-03 04:15,2027
2020-05-03 04:20,2033
2020-05-03 04:25,2011
2020-05-03 04:30,1996
2020-05-03 04:35,1981
2020-05-03 04:40,1972
2020-05-03 04:45,1933
2020-05-03 04:50,1934
2020-05-03 04:55,1948
2020-05-03 05:00,1925
2020-05-03 05:05,1916
2020-05-03 05:10,1896
2020-05-03 05:15,1881
2020-05-03 05:20,1879
2020-05-03 05:25,1864
2020-05-03 05:30,1862
2020-05-03 05:35,1833
2020-05-03 05:40,1842
2020-05-03 05:45,1831
2020-05-03 05:50,1790
2020-05-03 05:55,1764
2020-05-03 06:00,1756
2020-05-03 06:05,1770
2020-05-03 06:10,1769
2020-05-03 06:15,1775
2020-05-03 06:20,1794
2020-05-03 06:25,1766
2020-05-03 06:30,1754
2020-05-03 06:35,1763
2020-05-03 06:40,1753
2020-05-03 06:45,1737
2020-05-03 06:50,1738
2020-05-03 06:55,1740
2020-05-03 07:00,1753
2020-05-03 07:05,1777
2020-05-03 07:10,1776
2020-05-03 07:15,1796
2020-05-03 07:20,1795
2020-05-03 07:25,1784
2020-05-03 07:30,1781
2020-05-03 07:35,1795
2020-05-03 07:40,1802
2020-05-03 07:45,1797
2020-05-03 07:50,1782
2020-05-03 07:55,1818
2020-05-03 08:00,1852
2020-05-03 08:05,1850
2020-05-03 08:10,1872
2020-05-03 08:15,1891
2020-05-03 08:20,1910
2020-05-03 08:25,1931
2020-05-03 08:30,1968
2020-05-03 08:35,1930
2020-05-03 08:40,1977
2020-05-03 08:45,1995
2020-05-03 08:50,1992
2020-05-03 08:55,2014
2020-05-03 09:00,2036
2020-05-03 09:05,2028
2020-05-03 09:10,2044
2020-05-03 09:15,2070
2020-05-03 09:20,2100
2020-05-03 09:25,2111
2020-05-03 09:30,2129
2020-05-03 09:35,2155
2020-05-03 09:40,2183
2020-05-03 09:45,2195
2020-05-03 09:50,2211
2020-05-03 09:55,2245
2020-05-03 10:00,2264
2020-05-03 10:05,2332
2020-05-03 10:10,2370
2020-05-03 10:15,2370
2020-05-03 10:20,2409
2020-05-03 10:25,2456
2020-05-03 10:30,2496
2020-05-03 10:35,2507
2020-05-03 10:40,2531
2020-05-03 10:45,2556
2020-05-03 10:50,2575
2020-05-03 10:55,2585
2020-05-03 11:00,2588
2020-05-03 11:05,2596
2020-05-03 11:10,2609
2020-05-03 11:15,2606
2020-05-03 11:20,2608
2020-05-03 11:25,2635
2020-05-03 11:30,2669
2020-05-03 11:35,2705
2020-05-03 11:40,2707
2020-05-03 11:45,2734
2020-05-03 11:50,2760
2020-05-03 11:55,2797
2020-05-03 12:00,2806
2020-05-03 12:05,2831
2020-05-03 12:10,2856
2020-05-03 12:15,2907
2020-05-03 12:20,2950
2020-05-03 12:25,2986
2020-05-03 12:30,3009
2020-05-03 12:35,3043
2020-05-03 12:40,3071
2020-05-03 12:45,3086
2020-05-03 12:50,3119
2020-05-03 12:55,3158
2020-05-03 13:00,3191
2020-05-03 13:05,3239
2020-05-03 13:10,3246
2020-05-03 13:15,3272
2020-05-03 13:20,3307
2020-05-03 13:25,3339
2020-05-03 13:30,3331
2020-05-03 13:35,3339
2020-05-03 13:40,3350
2020-05-03 13:45,3350
2020-05-03 13:50,3346
2020-05-03 13:55,3350
2020-05-03 14:00,3360
2020-05-03 14:05,3364
2020-05-03 14:10,3388
2020-05-03 14:15,3400
2020-05-03 14:20,3433
2020-05-03 14:25,3446
2020-05-03 14:30,3495
2020-05-03 14:35,3528
2020-05-03 14:40,3528
2020-05-03 14:45,3550
2020-05-03 14:50,3585
2020-05-03 14:55,3590
2020-05-03 15:00,3577
2020-05-03 15:05,3627
2020-05-03 15:10,3646
2020-05-03 15:15,3678
2020-05-03 15:20,3686
2020-05-03 15:25,3673
2020-05-03 15:30,3678
2020-05-03 15:35,3693
2020-05-03 15:40,3687
2020-05-03 15:45,3705
2020-05-03 15:50,3721
2020-05-03 15:55,3693
2020-05-03 16:00,3709
2020-05-03 16:05,3701
2020-05-03 16:10,3695
2020-05-03 16:15,3695
2020-05-03 16:20,3713
2020-05-03 16:25,3727
2020-05-03 16:30,3740
2020-05-03 16:35,3753
2020-05-03 16:40,3761
2020-05-03 16:45,3789
2020-05-03 16:50,3787
2020-05-03 16:55,3819
2020-05-03 17:00,3801
2020-05-03 17:05,3830
2020-05-03 17:10,3826
2020-05-03 17:15,3841
2020-05-03 17:20,3825
2020-05-03 17:25,3822
2020-05-03 17:30,3859
2020-05-03 17:35,3851
2020-05-03 17:40,3846
2020-05-03 17:45,3845
2020-05-03 17:50,3860
2020-05-03 17:55,3879
2020-05-03 18:00,3868
2020-05-03 18:05,3877
2020-05-03 18:10,3889
2020-05-03 18:15,3866
2020-05-03 18:20,3869
2020-05-03 18:25,3886
2020-05-03 18:30,3903
2020-05-03 18:35,3916
2020-05-03 18:40,3917
2020-05-03 18:45,3953
2020-05-03 18:50,3980
2020-05-03 18:55,3966
2020-05-03 19:00,3943
2020-05-03 19:05,3974
2020-05-03 19:10,3993
2020-05-03 19:15,4003
2020-05-03 19:20,4006
2020-05-03 19:25,4024
2020-05-03 19:30,4038
2020-05-03 19:35,4033
2020-05-03 19:40,4017
2020-05-03 19:45,4031
2020-05-03 19:50,4020
2020-05-03 19:55,4025
2020-05-03 20:00,4022
2020-05-03 20:05,3993
2020-05-03 20:10,3974
2020-05-03 20:15,3972
2020-05-03 20:20,3975
2020-05-03 20:25,3953
2020-05-03 20:30,3955
2020-05-03 20:35,3944
2020-05-03 20:40,3911
2020-05-03 20:45,3890
2020-05-03 20:50,3859
2020-05-03 20:55,3839
2020-05-03 21:00,3823
2020-05-03 21:05,3813
2020-05-03 21:10,3771
2020-05-03 21:15,3710
2020-05-03 21:20,3667
2020-05-03 21:25,3669
2020-05-03 21:30,3625
2020-05-03 21:35,3573
2020-05-03 21:40,3518
2020-05-03 21:45,3490
2020-05-03 21:50,3454
2020-05-03 21:55,3389
2020-05-03 22:00,3334
2020-05-03 22:05,3317
2020-05-03 22:10,3281
2020-05-03 22:15,3234
2020-05-03 22:20,3189
2020-05-03 22:25,3164
2020-05-03 22:30,3137
2020-05-03 22:35,3111
2020-05-03 22:40,3104
2020-05-03 22:45,3061
2020-05-03 22:50,3030
2020-05-03 22:55,3014
2020-05-03 23:00,2979
2020-05-03 23:05,2965
2020-05-03 23:10,2923
2020-05-03 23:15,2901
2020-05-03 23:20,2872
2020-05-03 23:25,2833
2020-05-03 23:30,2795
2020-05-03 23:35,2760
2020-05-03 23:40,2719
2020-05-03 23:45,2663
2020-05-03 23:50,2639
2020-05-03 23:55,2601
2020-05-04 00:00,2592
2020-05-04 00:05,2583
2020-05-04 00:10,2557
2020-05-04 00:15,2538
2020-05-04 00:20,2519
2020-05-04 00:25,2515
2020-05-04 00:30,2504
2020-05-04 00:35,2483
2020-05-04 00:40,2447
2020-05-04 00:45,2444
2020-05-04 00:50,2443
2020-05-04 00:55,2423
2020-05-04 01:00,2394
2020-05-04 01:05,2356
2020-05-04 01:10,2314
2020-05-04 01:15,2337
2020-05-04 01:20,2311
2020-05-04 01:25,2300
2020-05-04 01:30,2313
2020-05-04 01:35,2315
2020-05-04 01:40,2304
2020-05-04 01:45,2320
2020-05-04 01:50,2319
2020-05-04 01:55,2298
2020-05-04 02:00,2258
2020-05-04 02:05,2239
2020-05-04 02:10,2198
2020-05-04 02:15,2162
2020-05-04 02:20,2157
2020-05-04 02:25,2138
2020-05-04 02:30,2122
2020-05-04 02:35,2091
2020-05-04 02:40,2091
2020-05-04 02:45,2056
2020-05-04 02:50,2055
2020-05-04 02:55,2052
2020-05-04 03:00,2048
2020-05-04 03:05,2025
2020-05-04 03:10,1991
2020-05-04 03:15,1973
2020-05-04 03:20,1940
2020-05-04 03:25,1924
2020-05-04 03:30,1914
2020-05-04 03:35,1901
2020-05-04 03:40,1880
2020-05-04 03:45,1865
2020-05-04 03:50,1843
2020-05-04 03:55,1840
2020-05-04 04:00,1829
2020-05-04 04:05,1803
2020-05-04 04:10,1794
2020-05-04 04:15,1767
2020-05-04 04:20,1754
2020-05-04 04:25,1738
2020-05-04 04:30,1722
2020-05-04 04:35,1720
2020-05-04 04:40,1707
2020-05-04 04:45,1692
2020-05-04 04:50,1674
2020-05-04 04:55,1666
2020-05-04 05:00,1666
2020-05-04 05:05,1640
2020-05-04 05:10,1611
2020-05-04 05:15,1608
2020-05-04 05:20,1604
2020-05-04 05:25,1608
2020-05-04 05:30,1609
2020-05-04 05:35,1607
2020-05-04 05:40,1584
2020-05-04 05:45,1567
2020-05-04 05:50,1560
2020-05-04 05:55,1570
2020-05-04 06:00,1557
2020-05-04 06:05,1554
2020-05-04 06:10,1552
2020-05-04 06:15,1546
2020-05-04 06:20,1504
2020-05-04 06:25,1510
2020-05-04 06:30,1510
2020-05-04 06:35,1508
2020-05-04 06:40,1518
2020-05-04 06:45,1523
2020-05-04 06:50,1515
2020-05-04 06:55,1513
2020-05-04 07:00,1520
2020-05-04 07:05,1503
2020-05-04 07:10,1520
2020-05-04 07:15,1520
2020-05-04 07:20,1514
2020-05-04 07:25,1528
2020-05-04 07:30,1543
2020-05-04 07:35,1552
2020-05-04 07:40,1571
2020-05-04 07:45,1591
2020-05-04 07:50,1589
2020-05-04 07:55,1609
2020-05-04 08:00,1594
2020-05-04 08:05,1606
2020-05-04 08:10,1627
2020-05-04 08:15,1640
2020-05-04 08:20,1647
2020-05-04 08:25,1659
2020-05-04 08:30,1666
2020-05-04 08:35,1687
2020-05-04 08:40,1699
2020-05-04 08:45,1710
2020-05-04 08:50,1707
2020-05-04 08:55,1706
2020-05-04 09:00,1736
2020-05-04 09:05,1748
2020-05-04 09:10,1741
2020-05-04 09:15,1753
2020-05-04 09:20,1762
2020-05-04 09:25,1782
2020-05-04 09:30,1820
2020-05-04 09:35,1852
2020-05-04 09:40,1873
2020-05-04 09:45,1890
2020-05-04 09:50,1921
2020-05-04 09:55,1932
2020-05-04 10:00,1951
2020-05-04 10:05,1975
2020-05-04 10:10,2028
2020-05-04 10:15,2041
2020-05-04 10:20,2088
2020-05-04 10:25,2107
2020-05-04 10:30,2137
2020-05-04 10:35,2158
2020-05-04 10:40,2150
2020-05-04 10:45,2179
2020-05-04 10:50,2196
2020-05-04 10:55,2223
2020-05-04 11:00,2237
2020-05-04 11:05,2245
2020-05-04 11:10,2279
2020-05-04 11:15,2297
2020-05-04 11:20,2334
2020-05-04 11:25,2324
2020-05-04 11:30,2353
2020-05-04 11:35,2365
2020-05-04 11:40,2369
2020-05-04 11:45,2363
2020-05-04 11:50,2395
2020-05-04 11:55,2420
2020-05-04 12:00,2414
2020-05-04 12:05,2461
2020-05-04 12:10,2491
2020-05-04 12:15,2509
2020-05-04 12:20,2535
2020-05-04 12:25,2531
2020-05-04 12:30,2543
2020-05-04 12:35,2548
2020-05-04 12:40,2564
2020-05-04 12:45,2575
2020-05-04 12:50,2599
2020-05-04 12:55,2639
2020-05-04 13:00,2649
2020-05-04 13:05,2653
2020-05-04 13:10,2652
2020-05-04 13:15,2634
2020-05-04 13:20,2635
2020-05-04 13:25,2622
2020-05-04 13:30,2648
2020-05-04 13:35,2692
2020-05-04 13:40,2732
2020-05-04 13:45,2736
2020-05-04 13:50,2761
2020-05-04 13:55,2800
2020-05-04 14:00,2796
2020-05-04 14:05,2822
2020-05-04 14:10,2818
2020-05-04 14:15,2789
2020-05-04 14:20,2809
2020-05-04 14:25,2844
2020-05-04 14:30,2886
2020-05-04 14:35,2901
2020-05-04 14:40,2927
2020-05-04 14:45,2939
2020-05-04 14:50,2958
2020-05-04 14:55,2987
2020-05-04 15:00,3007
2020-05-04 15:05,3002
2020-05-04 15:10,2982
2020-05-04 15:15,3005
2020-05-04 15:20,3010
2020-05-04 15:25,3038
2020-05-04 15:30,3024
2020-05-04 15:35,3042
2020-05-04 15:40,3101
2020-05-04 15:45,3111
2020-05-04 15:50,3119
2020-05-04 15:55,3149
2020-05-04 16:00,3180
2020-05-04 16:05,3228
2020-05-04 16:10,3273
2020-05-04 16:15,3284
2020-05-04 16:20,3296
2020-05-04 16:25,3316
2020-05-04 16:30,3345
2020-05-04 16:35,3337
2020-05-04 16:40,3371
2020-05-04 16:45,3346
2020-05-04 16:50,3337
2020-05-04 16:55,3323
2020-05-04 17:00,3288
2020-05-04 17:05,3292
2020-05-04 17:10,3269
2020-05-04 17:15,3275
2020-05-04 17:20,3289
2020-05-04 17:25,3317
2020-05-04 17:30,3320
2020-05-04 17:35,3336
2020-05-04 17:40,3345
2020-05-04 17:45,3368
2020-05-04 17:50,3363
2020-05-04 17:55,3385
2020-05-04 18:00,3379
2020-05-04 18:05,3386
2020-05-04 18:10,3401
2020-05-04 18:15,3417
2020-05-04 18:20,3400
2020-05-04 18:25,3431
2020-05-04 18:30,3469
2020-05-04 18:35,3492
2020-05-04 18:40,3512
2020-05-04 18:45,3533
2020-05-04 18:50,3548
2020-05-04 18:55,3534
2020-05-04 19:00,3539
2020-05-04 19:05,3572
2020-05-04 19:10,3559
2020-05-04 19:15,3566
2020-05-04 19:20,3558
2020-05-04 19:25,3558
2020-05-04 19:30,3593
2020-05-04 19:35,3568
2020-05-04 19:40,3581
2020-05-04 19:45,3565
2020-05-04 19:50,3539
2020-05-04 19:55,3534
2020-05-04 20:00,3520
2020-05-04 20:05,3509
2020-05-04 20:10,3491
2020-05-04 20:15,3482
2020-05-04 20:20,3512
2020-05-04 20:25,3502
2020-05-04 20:30,3525
2020-05-04 20:35,3527
2020-05-04 20:40,3502
2020-05-04 20:45,3471
2020-05-04 20:50,3450
2020-05-04 20:55,3449
2020-05-04 21:00,3449
2020-05-04 21:05,3430
2020-05-04 21:10,3398
2020-05-04 21:15,3338
2020-05-04 21:20,3312
2020-05-04 21:25,3284
2020-05-04 21:30,3271
2020-05-04 21:35,3231
2020-05-04 21:40,3189
2020-05-04 21:45,3171
2020-05-04 21:50,3163
2020-05-04 21:55,3133
2020-05-04 22:00,3094
2020-05-04 22:05,3061
2020-05-04 22:10,3024
2020-05-04 22:15,2961
2020-05-04 22:20,2944
2020-05-04 22:25,2926
2020-05-04 22:30,2863
2020-05-04 22:35,2816
2020-05-04 22:40,2805
2020-05-04 22:45,2784
2020-05-04 22:50,2770
2020-05-04 22:55,2739
2020-05-04 23:00,2728
2020-05-04 23:05,2735
2020-05-04 23:10,2716
2020-05-04 23:15,2691
2020-05-04 23:20,2677
2020-05-04 23:25,2646
2020-05-04 23:30,2605
2020-05-04 23:35,2586
2020-05-04 23:40,2563
2020-05-04 23:45,2564
2020-05-04 23:50,2582
2020-05-04 23:55,2556
2020-05-05 00:00,2516
2020-05-05 00:05,2501
2020-05-05 00:10,2448
2020-05-05 00:15,2411
2020-05-05 00:20,2411
2020-05-05 00:25,2400
2020-05-05 00:30,2385
2020-05-05 00:35,2383
2020-05-05 00:40,2371
2020-05-05 00:45,2366
2020-05-05 00:50,2342
2020-05-05 00:55,2325
2020-05-05 01:00,2305
2020-05-05 01:05,2293
2020-05-05 01:10,2264
2020-05-05 01:15,2255
2020-05-05 01:20,2259
2020-05-05 01:25,2232
2020-05-05 01:30,2227
2020-05-05 01:35,2233
2020-05-05 01:40,2221
2020-05-05 01:45,2232
2020-05-05 01:50,2224
2020-05-05 01:55,2210
2020-05-05 02:00,2180
2020-05-05 02:05,2187
2020-05-05 02:10,2167
2020-05-05 02:15,2165
2020-05-05 02:20,2126
2020-05-05 02:25,2100
2020-05-05 02:30,2080
2020-05-05 02:35,2050
2020-05-05 02:40,2050
2020-05-05 02:45,2056
2020-05-05 02:50,2042
2020-05-05 02:55,2013
2020-05-05 03:00,2007
2020-05-05 03:05,1978
2020-05-05 03:10,1972
2020-05-05 03:15,1962
2020-05-05 03:20,1936
2020-05-05 03:25,1926
2020-05-05 03:30,1922
2020-05-05 03:35,1911
2020-05-05 03:40,1886
2020-05-05 03:45,1871
2020-05-05 03:50,1840
2020-05-05 03:55,1827
2020-05-05 04:00,1805
2020-05-05 04:05,1791
2020-05-05 04:10,1785
2020-05-05 04:15,1768
2020-05-05 04:20,1749
2020-05-05 04:25,1745
2020-05-05 04:30,1745
2020-05-05 04:35,1727
2020-05-05 04:40,1708
2020-05-05 04:45,1704
2020-05-05 04:50,1689
2020-05-05 04:55,1695
2020-05-05 05:00,1660
2020-05-05 05:05,1665
2020-05-05 05:10,1672
2020-05-05 05:15,1663
2020-05-05 05:20,1641
2020-05-05 05:25,1623
2020-05-05 05:30,1607
2020-05-05 05:35,1594
2020-05-05 05:40,1580
2020-05-05 05:45,1571
2020-05-05 05:50,1558
2020-05-05 05:55,1543
2020-05-05 06:00,1539
2020-05-05 06:05,1549
2020-05-05 06:10,1530
2020-05-05 06:15,1532
2020-05-05 06:20,1517
2020-05-05 06:25,1514
2020-05-05 06:30,1534
2020-05-05 06:35,1531
2020-05-05 06:40,1537
2020-05-05 06:45,1545
2020-05-05 06:50,1542
2020-05-05 06:55,1533
2020-05-05 07:00,1566
2020-05-05 07:05,1557
2020-05-05 07:10,1549
2020-05-05 07:15,1563
2020-05-05 07:20,1580
2020-05-05 07:25,1589
2020-05-05 07:30,1617
2020-05-05 07:35,1612
2020-05-05 07:40,1606
2020-05-05 07:45,1619
2020-05-05 07:50,1634
2020-05-05 07:55,1654
2020-05-05 08:00,1647
2020-05-05 08:05,1663
2020-05-05 08:10,1662
2020-05-05 08:15,1663
2020-05-05 08:20,1663
2020-05-05 08:25,1679
2020-05-05 08:30,1695
2020-05-05 08:35,1712
2020-05-05 08:40,1711
2020-05-05 08:45,1735
2020-05-05 08:50,1742
2020-05-05 08:55,1739
2020-05-05 09:00,1767
2020-05-05 09:05,1760
2020-05-05 09:10,1788
2020-05-05 09:15,1806
2020-05-05 09:20,1839
2020-05-05 09:25,1862
2020-05-05 09:30,1887
2020-05-05 09:35,1903
2020-05-05 09:40,1918
2020-05-05 09:45,1929
2020-05-05 09:50,1960
2020-05-05 09:55,1969
2020-05-05 10:00,2011
2020-05-05 10:05,2042
2020-05-05 10:10,2085
2020-05-05 10:15,2103
2020-05-05 10:20,2122
2020-05-05 10:25,2158
2020-05-05 10:30,2165
2020-05-05 10:35,2194
2020-05-05 10:40,2197
2020-05-05 10:45,2201
2020-05-05 10:50,2228
2020-05-05 10:55,2243
2020-05-05 11:00,2217
2020-05-05 11:05,2215
2020-05-05 11:10,2226
2020-05-05 11:15,2236
2020-05-05 11:20,2239
2020-05-05 11:25,2252
2020-05-05 11:30,2262
2020-05-05 11:35,2280
2020-05-05 11:40,2321
2020-05-05 11:45,2345
2020-05-05 11:50,2365
2020-05-05 11:55,2390
2020-05-05 12:00,2381
2020-05-05 12:05,2418
2020-05-05 12:10,2416
2020-05-05 12:15,2455
2020-05-05 12:20,2453
2020-05-05 12:25,2466
2020-05-05 12:30,2493
2020-05-05 12:35,2526
2020-05-05 12:40,2550
2020-05-05 12:45,2546
2020-05-05 12:50,2578
2020-05-05 12:55,2576
2020-05-05 13:00,2601
2020-05-05 13:05,2622
2020-05-05 13:10,2640
2020-05-05 13:15,2671
2020-05-05 13:20,2671
2020-05-05 13:25,2682
2020-05-05 13:30,2703
2020-05-05 13:35,2708
2020-05-05 13:40,2712
2020-05-05 13:45,2751
2020-05-05 13:50,2770
2020-05-05 13:55,2802
2020-05-05 14:00,2796
2020-05-05 14:05,2822
2020-05-05 14:10,2828
2020-05-05 14:15,2828
2020-05-05 14:20,2862
2020-05-05 14:25,2889
2020-05-05 14:30,2900
2020-05-05 14:35,2923
2020-05-05 14:40,2936
2020-05-05 14:45,2961
2020-05-05 14:50,2968
2020-05-05 14:55,2984
2020-05-05 15:00,3006
2020-05-05 15:05,2999
2020-05-05 15:10,3012
2020-05-05 15:15,3048
2020-05-05 15:20,3072
2020-05-05 15:25,3071
2020-05-05 15:30,3055
2020-05-05 15:35,3085
2020-05-05 15:40,3106
2020-05-05 15:45,3116
2020-05-05 15:50,3142
2020-05-05 15:55,3147
2020-05-05 16:00,3162
2020-05-05 16:05,3169
2020-05-05 16:10,3188
2020-05-05 16:15,3201
2020-05-05 16:20,3241
2020-05-05 16:25,3271
2020-05-05 16:30,3270
2020-05-05 16:35,3296
2020-05-05 16:40,3334
2020-05-05 16:45,3333
2020-05-05 16:50,3349
2020-05-05 16:55,3369
2020-05-05 17:00,3350
2020-05-05 17:05,3344
2020-05-05 17:10,3356
2020-05-05 17:15,3368
2020-05-05 17:20,3377
2020-05-05 17:25,3379
2020-05-05 17:30,3384
2020-05-05 17:35,3384
2020-05-05 17:40,3372
2020-05-05 17:45,3381
2020-05-05 17:50,3385
2020-05-05 17:55,3402
2020-05-05 18:00,3409
2020-05-05 18:05,3423
2020-05-05 18:10,3437
2020-05-05 18:15,3451
2020-05-05 18:20,3442
2020-05-05 18:25,3436
2020-05-05 18:30,3464
2020-05-05 18:35,3483
2020-05-05 18:40,3478
2020-05-05 18:45,3508
2020-05-05 18:50,3489
2020-05-05 18:55,3524
2020-05-05 19:00,3516
2020-05-05 19:05,3533
2020-05-05 19:10,3538
2020-05-05 19:15,3535
2020-05-05 19:20,3550
2020-05-05 19:25,3558
2020-05-05 19:30,3565
2020-05-05 19:35,3570
2020-05-05 19:40,3575
2020-05-05 19:45,3578
2020-05-05 19:50,3586
2020-05-05 19:55,3578
2020-05-05 20:00,3555
2020-05-05 20:05,3549
2020-05-05 20:10,3541
2020-05-05 20:15,3529
2020-05-05 20:20,3509
2020-05-05 20:25,3521
2020-05-05 20:30,3506
2020-05-05 20:35,3469
2020-05-05 20:40,3437
2020-05-05 20:45,3417
2020-05-05 20:50,3393
2020-05-05 20:55,3372
2020-05-05 21:00,3354
2020-05-05 21:05,3343
2020-05-05 21:10,3284
2020-05-05 21:15,3247
2020-05-05 21:20,3239
2020-05-05 21:25,3238
2020-05-05 21:30,3208
2020-05-05 21:35,3162
2020-05-05 21:40,3140
2020-05-05 21:45,3112
2020-05-05 21:50,3078
2020-05-05 21:55,3071
2020-05-05 22:00,3036
2020-05-05 22:05,2996
2020-05-05 22:10,2972
2020-05-05 22:15,2922
2020-05-05 22:20,2892
2020-05-05 22:25,2866
2020-05-05 22:30,2833
2020-05-05 22:35,2801
2020-05-05 22:40,2755
2020-05-05 22:45,2737
2020-05-05 22:50,2727
2020-05-05 22:55,2719
2020-05-05 23:00,2710
2020-05-05 23:05,2675
2020-05-05 23:10,0
2020-05-05 23:15,78
2020-05-05 23:20,1329
2020-05-05 23:25,2365
2020-05-05 23:30,2552
2020-05-05 23:35,2534
2020-05-05 23:40,2518
2020-05-05 23:45,2498
2020-05-05 23:50,2495
2020-05-05 23:55,2476
2020-05-06 00:00,2471
2020-05-06 00:05,2461
2020-05-06 00:10,2456
2020-05-06 00:15,2438
2020-05-06 00:20,2427
2020-05-06 00:25,2394
2020-05-06 00:30,2404
2020-05-06 00:35,2370
2020-05-06 00:40,2353
2020-05-06 00:45,2345
2020-05-06 00:50,2332
2020-05-06 00:55,2314
2020-05-06 01:00,2290
2020-05-06 01:05,2282
2020-05-06 01:10,2265
2020-05-06 01:15,2271
2020-05-06 01:20,2231
2020-05-06 01:25,2228
2020-05-06 01:30,2212
2020-05-06 01:35,2201
2020-05-06 01:40,2199
2020-05-06 01:45,2194
2020-05-06 01:50,2174
2020-05-06 01:55,2165
2020-05-06 02:00,2138
2020-05-06 02:05,2120
2020-05-06 02:10,2097
2020-05-06 02:15,2097
2020-05-06 02:20,2093
2020-05-06 02:25,2078
2020-05-06 02:30,2066
2020-05-06 02:35,2041
2020-05-06 02:40,2053
2020-05-06 02:45,2032
2020-05-06 02:50,2007
2020-05-06 02:55,1989
2020-05-06 03:00,1976
2020-05-06 03:05,1945
2020-05-06 03:10,1935
2020-05-06 03:15,1911
2020-05-06 03:20,1893
2020-05-06 03:25,1879
2020-05-06 03:30,1894
2020-05-06 03:35,1885
2020-05-06 03:40,1861
2020-05-06 03:45,1836
2020-05-06 03:50,1814
2020-05-06 03:55,1806
2020-05-06 04:00,1800
2020-05-06 04:05,1795
2020-05-06 04:10,1782
2020-05-06 04:15,1766
2020-05-06 04:20,1754
2020-05-06 04:25,1740
2020-05-06 04:30,1738
2020-05-06 04:35,1725
2020-05-06 04:40,1705
2020-05-06 04:45,1699
2020-05-06 04:50,1684
2020-05-06 04:55,1662
2020-05-06 05:00,1649
2020-05-06 05:05,1641
2020-05-06 05:10,1640
2020-05-06 05:15,1607
2020-05-06 05:20,1598
2020-05-06 05:25,1587
2020-05-06 05:30,1590
2020-05-06 05:35,1573
2020-05-06 05:40,1592
2020-05-06 05:45,1581
2020-05-06 05:50,1573
2020-05-06 05:55,1545
2020-05-06 06:00,1534
2020-05-06 06:05,1542
2020-05-06 06:10,1538
2020-05-06 06:15,1509
2020-05-06 06:20,1498
2020-05-06 06:25,1519
2020-05-06 06:30,1512
2020-05-06 06:35,1511
2020-05-06 06:40,1517
2020-05-06 06:45,1517
2020-05-06 06:50,1538
2020-05-06 06:55,1549
2020-05-06 07:00,1545
2020-05-06 07:05,1568
2020-05-06 07:10,1557
2020-05-06 07:15,1560
2020-05-06 07:20,1557
2020-05-06 07:25,1572
2020-05-06 07:30,1557
2020-05-06 07:35,1564
2020-05-06 07:40,1576
2020-05-06 07:45,1573
2020-05-06 07:50,1568
2020-05-06 07:55,1589
2020-05-06 08:00,1577
2020-05-06 08:05,1576
2020-05-06 08:10,1605
2020-05-06 08:15,1622
2020-05-06 08:20,1628
2020-05-06 08:25,1650
2020-05-06 08:30,1662
2020-05-06 08:35,1663
2020-05-06 08:40,1675
2020-05-06 08:45,1683
2020-05-06 08:50,1707
2020-05-06 08:55,1733
2020-05-06 09:00,1748
2020-05-06 09:05,1758
2020-05-06 09:10,1761
2020-05-06 09:15,1761
2020-05-06 09:20,1766
2020-05-06 09:25,1775
2020-05-06 09:30,1776
2020-05-06 09:35,1781
2020-05-06 09:40,1799
2020-05-06 09:45,1811
2020-05-06 09:50,1802
2020-05-06 09:55,1820
2020-05-06 10:00,1847
2020-05-06 10:05,1872
2020-05-06 10:10,1907
2020-05-06 10:15,1913
2020-05-06 10:20,1930
2020-05-06 10:25,1945
2020-05-06 10:30,1991
2020-05-06 10:35,1989
2020-05-06 10:40,1992
2020-05-06 10:45,2007
2020-05-06 10:50,2026
2020-05-06 10:55,2075
2020-05-06 11:00,2065
2020-05-06 11:05,2071
2020-05-06 11:10,2083
2020-05-06 11:15,2088
2020-05-06 11:20,2115
2020-05-06 11:25,2135
2020-05-06 11:30,2175
2020-05-06 11:35,2196
2020-05-06 11:40,2213
2020-05-06 11:45,2211
2020-05-06 11:50,2230
2020-05-06 11:55,2234
2020-05-06 12:00,2235
2020-05-06 12:05,2245
2020-05-06 12:10,2284
2020-05-06 12:15,2303
2020-05-06 12:20,2315
2020-05-06 12:25,2360
2020-05-06 12:30,2379
2020-05-06 12:35,2387
2020-05-06 12:40,2389
2020-05-06 12:45,2419
2020-05-06 12:50,2435
2020-05-06 12:55,2460
2020-05-06 13:00,2475
2020-05-06 13:05,2481
2020-05-06 13:10,2506
2020-05-06 13:15,2533
2020-05-06 13:20,2551
2020-05-06 13:25,2584
2020-05-06 13:30,2579
2020-05-06 13:35,2623
2020-05-06 13:40,2626
2020-05-06 13:45,2625
2020-05-06 13:50,2635
2020-05-06 13:55,2632
2020-05-06 14:00,2645
2020-05-06 14:05,2677
2020-05-06 14:10,2681
2020-05-06 14:15,2705
2020-05-06 14:20,2733
2020-05-06 14:25,2768
2020-05-06 14:30,2811
2020-05-06 14:35,2819
2020-05-06 14:40,2828
2020-05-06 14:45,2858
2020-05-06 14:50,2906
2020-05-06 14:55,2910
2020-05-06 15:00,2945
2020-05-06 15:05,2955
2020-05-06 15:10,2969
2020-05-06 15:15,2996
2020-05-06 15:20,2999
2020-05-06 15:25,3028
2020-05-06 15:30,3048
2020-05-06 15:35,3075
2020-05-06 15:40,3110
2020-05-06 15:45,3146
2020-05-06 15:50,3141
2020-05-06 15:55,3160
2020-05-06 16:00,3173
2020-05-06 16:05,3171
2020-05-06 16:10,3168
2020-05-06 16:15,3207
2020-05-06 16:20,3248
2020-05-06 16:25,3264
2020-05-06 16:30,3267
2020-05-06 16:35,3301
2020-05-06 16:40,3333
2020-05-06 16:45,3344
2020-05-06 16:50,3358
2020-05-06 16:55,3373
2020-05-06 17:00,3369
2020-05-06 17:05,3368
2020-05-06 17:10,3391
2020-05-06 17:15,3403
2020-05-06 17:20,3389
2020-05-06 17:25,3399
2020-05-06 17:30,3390
2020-05-06 17:35,3405
2020-05-06 17:40,3430
2020-05-06 17:45,3443
2020-05-06 17:50,3445
2020-05-06 17:55,3468
2020-05-06 18:00,3456
2020-05-06 18:05,3438
2020-05-06 18:10,3449
2020-05-06 18:15,3452
2020-05-06 18:20,3463
2020-05-06 18:25,3491
2020-05-06 18:30,3530
2020-05-06 18:35,3512
2020-05-06 18:40,3515
2020-05-06 18:45,3530
2020-05-06 18:50,3531
2020-05-06 18:55,3527
2020-05-06 19:00,3540
2020-05-06 19:05,3529
2020-05-06 19:10,3531
2020-05-06 19:15,3532
2020-05-06 19:20,3547
2020-05-06 19:25,3563
2020-05-06 19:30,3573
2020-05-06 19:35,3571
2020-05-06 19:40,3579
2020-05-06 19:45,3605
2020-05-06 19:50,3592
2020-05-06 19:55,3567
2020-05-06 20:00,3542
2020-05-06 20:05,3530
2020-05-06 20:10,3509
2020-05-06 20:15,3473
2020-05-06 20:20,3472
2020-05-06 20:25,3473
2020-05-06 20:30,3454
2020-05-06 20:35,3444
2020-05-06 20:40,3434
2020-05-06 20:45,3428
2020-05-06 20:50,3399
2020-05-06 20:55,3405
2020-05-06 21:00,3354
2020-05-06 21:05,3319
2020-05-06 21:10,3288
2020-05-06 21:15,3261
2020-05-06 21:20,3232
2020-05-06 21:25,3183
2020-05-06 21:30,2700
2020-05-06 21:35,2893
2020-05-06 21:40,3040
2020-05-06 21:45,3041
2020-05-06 21:50,3045
2020-05-06 21:55,3064
2020-05-06 22:00,2999
2020-05-06 22:05,2951
2020-05-06 22:10,2929
2020-05-06 22:15,2876
2020-05-06 22:20,2824
2020-05-06 22:25,2766
2020-05-06 22:30,2770
2020-05-06 22:35,2743
2020-05-06 22:40,2719
2020-05-06 22:45,2706
2020-05-06 22:50,2660
2020-05-06 22:55,2630
2020-05-06 23:00,2633
2020-05-06 23:05,2609
2020-05-06 23:10,2596
2020-05-06 23:15,2565
2020-05-06 23:20,2548
2020-05-06 23:25,2518
2020-05-06 23:30,2524
2020-05-06 23:35,2496
2020-05-06 23:40,2489
2020-05-06 23:45,2465
2020-05-06 23:50,2433
2020-05-06 23:55,2415
2020-05-07 00:00,2422
2020-05-07 00:05,2394
2020-05-07 00:10,2391
2020-05-07 00:15,2371
2020-05-07 00:20,2378
2020-05-07 00:25,2362
2020-05-07 00:30,2344
2020-05-07 00:35,2334
2020-05-07 00:40,2316
2020-05-07 00:45,2310
2020-05-07 00:50,2294
2020-05-07 00:55,2253
2020-05-07 01:00,2249
2020-05-07 01:05,2217
2020-05-07 01:10,2205
2020-05-07 01:15,2206
2020-05-07 01:20,2190
2020-05-07 01:25,2194
2020-05-07 01:30,2198
2020-05-07 01:35,2190
2020-05-07 01:40,2189
2020-05-07 01:45,2194
2020-05-07 01:50,2189
2020-05-07 01:55,2181
2020-05-07 02:00,2186
2020-05-07 02:05,2172
2020-05-07 02:10,2153
2020-05-07 02:15,2144
2020-05-07 02:20,2110
2020-05-07 02:25,2093
2020-05-07 02:30,2064
2020-05-07 02:35,2049
2020-05-07 02:40,2058
2020-05-07 02:45,2055
2020-05-07 02:50,2024
2020-05-07 02:55,1976
2020-05-07 03:00,1951
2020-05-07 03:05,1937
2020-05-07 03:10,1909
2020-05-07 03:15,1901
2020-05-07 03:20,1887
2020-05-07 03:25,1869
2020-05-07 03:30,1859
2020-05-07 03:35,1838
2020-05-07 03:40,1834
2020-05-07 03:45,1842
2020-05-07 03:50,1825
2020-05-07 03:55,1813
2020-05-07 04:00,1792
2020-05-07 04:05,1768
2020-05-07 04:10,1740
2020-05-07 04:15,1735
2020-05-07 04:20,1699
2020-05-07 04:25,1676
2020-05-07 04:30,1662
2020-05-07 04:35,0
2020-05-07 04:40,1616
2020-05-07 04:45,1616
2020-05-07 04:50,1599
2020-05-07 04:55,1588
2020-05-07 05:00,1572
2020-05-07 05:05,1544
2020-05-07 05:10,1509
2020-05-07 05:15,1507
2020-05-07 05:20,1504
2020-05-07 05:25,1495
2020-05-07 05:30,1492
2020-05-07 05:35,1499
2020-05-07 05:40,1508
2020-05-07 05:45,1494
2020-05-07 05:50,1474
2020-05-07 05:55,1456
2020-05-07 06:00,1451
2020-05-07 06:05,1437
2020-05-07 06:10,1436
2020-05-07 06:15,1436
2020-05-07 06:20,1441
2020-05-07 06:25,1457
2020-05-07 06:30,1455
2020-05-07 06:35,1472
2020-05-07 06:40,1479
2020-05-07 06:45,1477
2020-05-07 06:50,1463
2020-05-07 06:55,1458
2020-05-07 07:00,1453
2020-05-07 07:05,1468
2020-05-07 07:10,1485
2020-05-07 07:15,1508
2020-05-07 07:20,1507
2020-05-07 07:25,1505
2020-05-07 07:30,1515
2020-05-07 07:35,1508
2020-05-07 07:40,1511
2020-05-07 07:45,1513
2020-05-07 07:50,1487
2020-05-07 07:55,1487
2020-05-07 08:00,1495
2020-05-07 08:05,1493
2020-05-07 08:10,1509
2020-05-07 08:15,1534
2020-05-07 08:20,1546
2020-05-07 08:25,1562
2020-05-07 08:30,1562
2020-05-07 08:35,1565
2020-05-07 08:40,1577
2020-05-07 08:45,1596
2020-05-07 08:50,1616
2020-05-07 08:55,1624
2020-05-07 09:00,1637
2020-05-07 09:05,1648
2020-05-07 09:10,1676
2020-05-07 09:15,1688
2020-05-07 09:20,1696
2020-05-07 09:25,1697
2020-05-07 09:30,1707
2020-05-07 09:35,1721
2020-05-07 09:40,1732
2020-05-07 09:45,1744
2020-05-07 09:50,1782
2020-05-07 09:55,1809
2020-05-07 10:00,1827
2020-05-07 10:05,1887
2020-05-07 10:10,1919
2020-05-07 10:15,1971
2020-05-07 10:20,2004
2020-05-07 10:25,2026
2020-05-07 10:30,2031
2020-05-07 10:35,2058
2020-05-07 10:40,2066
2020-05-07 10:45,2074
2020-05-07 10:50,2091
2020-05-07 10:55,2082
2020-05-07 11:00,2094
2020-05-07 11:05,2082
2020-05-07 11:10,2089
2020-05-07 11:15,2118
2020-05-07 11:20,2113
2020-05-07 11:25,2140
2020-05-07 11:30,2186
2020-05-07 11:35,2200
2020-05-07 11:40,2228
2020-05-07 11:45,2251
2020-05-07 11:50,2255
2020-05-07 11:55,2257
2020-05-07 12:00,2275
2020-05-07 12:05,2280
2020-05-07 12:10,2301
2020-05-07 12:15,2326
2020-05-07 12:20,2360
2020-05-07 12:25,2365
2020-05-07 12:30,2383
2020-05-07 12:35,2429
2020-05-07 12:40,2442
2020-05-07 12:45,2448
2020-05-07 12:50,2449
2020-05-07 12:55,2460
2020-05-07 13:00,2469
2020-05-07 13:05,2470
2020-05-07 13:10,2496
2020-05-07 13:15,2520
2020-05-07 13:20,2534
2020-05-07 13:25,2533
2020-05-07 13:30,2544
2020-05-07 13:35,2560
2020-05-07 13:40,2537
2020-05-07 13:45,2492
2020-05-07 13:50,2447
2020-05-07 13:55,2336
2020-05-07 14:00,2131
2020-05-07 14:05,1344
2020-05-07 14:10,1268
2020-05-07 14:15,1268
2020-05-07 14:20,1308
2020-05-07 14:25,1351
2020-05-07 14:30,1343
2020-05-07 14:35,1341
2020-05-07 14:40,1387
2020-05-07 14:45,1424
2020-05-07 14:50,1436
2020-05-07 14:55,1447
2020-05-07 15:00,1441
2020-05-07 15:05,1469
2020-05-07 15:10,1509
2020-05-07 15:15,1524
2020-05-07 15:20,1577
2020-05-07 15:25,1734
2020-05-07 15:30,1871
2020-05-07 15:35,2032
2020-05-07 15:40,2179
2020-05-07 15:45,2297
2020-05-07 15:50,2424
2020-05-07 15:55,2527
2020-05-07 16:00,2616
2020-05-07 16:05,2728
2020-05-07 16:10,2853
2020-05-07 16:15,2947
2020-05-07 16:20,3032
2020-05-07 16:25,3132
2020-05-07 16:30,3184
2020-05-07 16:35,3224
2020-05-07 16:40,3299
2020-05-07 16:45,3350
2020-05-07 16:50,3362
2020-05-07 16:55,3392
2020-05-07 17:00,3412
2020-05-07 17:05,3450
2020-05-07 17:10,3520
2020-05-07 17:15,3559
2020-05-07 17:20,3611
2020-05-07 17:25,3646
2020-05-07 17:30,3650
2020-05-07 17:35,3673
2020-05-07 17:40,3716
2020-05-07 17:45,3721
2020-05-07 17:50,3705
2020-05-07 17:55,3738
2020-05-07 18:00,3733
2020-05-07 18:05,3729
2020-05-07 18:10,3718
2020-05-07 18:15,3728
2020-05-07 18:20,3728
2020-05-07 18:25,3714
2020-05-07 18:30,3732
2020-05-07 18:35,3748
2020-05-07 18:40,3783
2020-05-07 18:45,3787
2020-05-07 18:50,3803
2020-05-07 18:55,3799
2020-05-07 19:00,3802
2020-05-07 19:05,3825
2020-05-07 19:10,3829
2020-05-07 19:15,3814
2020-05-07 19:20,3819
2020-05-07 19:25,3836
2020-05-07 19:30,3847
2020-05-07 19:35,3859
2020-05-07 19:40,3827
2020-05-07 19:45,3817
2020-05-07 19:50,3822
2020-05-07 19:55,3790
2020-05-07 20:00,3776
2020-05-07 20:05,3744
2020-05-07 20:10,3739
2020-05-07 20:15,3730
2020-05-07 20:20,3698
2020-05-07 20:25,3677
2020-05-07 20:30,3660
2020-05-07 20:35,3667
2020-05-07 20:40,3634
2020-05-07 20:45,3609
2020-05-07 20:50,3605
2020-05-07 20:55,3589
2020-05-07 21:00,3581
2020-05-07 21:05,3565
2020-05-07 21:10,3520
2020-05-07 21:15,3515
2020-05-07 21:20,3506
2020-05-07 21:25,3480
2020-05-07 21:30,3473
2020-05-07 21:35,3425
2020-05-07 21:40,3407
2020-05-07 21:45,3367
2020-05-07 21:50,3319
2020-05-07 21:55,3288
2020-05-07 22:00,3253
2020-05-07 22:05,3191
2020-05-07 22:10,3161
2020-05-07 22:15,3121
2020-05-07 22:20,3067
2020-05-07 22:25,3041
2020-05-07 22:30,3011
2020-05-07 22:35,2984
2020-05-07 22:40,2961
2020-05-07 22:45,2922
2020-05-07 22:50,2887
2020-05-07 22:55,2865
2020-05-07 23:00,2833
2020-05-07 23:05,2804
2020-05-07 23:10,2766
2020-05-07 23:15,2756
2020-05-07 23:20,2749
2020-05-07 23:25,2731
2020-05-07 23:30,2708
2020-05-07 23:35,2702
2020-05-07 23:40,2692
2020-05-07 23:45,2672
2020-05-07 23:50,2662
2020-05-07 23:55,2629
2020-05-08 00:00,2601
2020-05-08 00:05,2512
2020-05-08 00:10,2506
2020-05-08 00:15,2470
2020-05-08 00:20,2426
2020-05-08 00:25,2399
2020-05-08 00:30,2397
2020-05-08 00:35,2382
2020-05-08 00:40,2381
2020-05-08 00:45,2369
2020-05-08 00:50,2344
2020-05-08 00:55,2321
2020-05-08 01:00,2318
2020-05-08 01:05,2298
2020-05-08 01:10,2288
2020-05-08 01:15,2282
2020-05-08 01:20,2281
2020-05-08 01:25,2241
2020-05-08 01:30,2240
2020-05-08 01:35,2245
2020-05-08 01:40,2226
2020-05-08 01:45,2217
2020-05-08 01:50,2173
2020-05-08 01:55,2162
2020-05-08 02:00,2171
2020-05-08 02:05,2131
2020-05-08 02:10,2126
2020-05-08 02:15,2114
2020-05-08 02:20,2109
2020-05-08 02:25,2113
2020-05-08 02:30,2079
2020-05-08 02:35,2080
2020-05-08 02:40,2049
2020-05-08 02:45,2025
2020-05-08 02:50,2003
2020-05-08 02:55,2010
2020-05-08 03:00,1991
2020-05-08 03:05,1960
2020-05-08 03:10,1975
2020-05-08 03:15,1951
2020-05-08 03:20,1927
2020-05-08 03:25,1903
2020-05-08 03:30,1881
2020-05-08 03:35,1860
2020-05-08 03:40,1874
2020-05-08 03:45,1862
2020-05-08 03:50,1845
2020-05-08 03:55,1818
2020-05-08 04:00,1800
2020-05-08 04:05,1790
2020-05-08 04:10,1773
2020-05-08 04:15,1768
2020-05-08 04:20,1771
2020-05-08 04:25,1745
2020-05-08 04:30,1734
2020-05-08 04:35,1732
2020-05-08 04:40,1740
2020-05-08 04:45,1731
2020-05-08 04:50,1698
2020-05-08 04:55,1691
2020-05-08 05:00,1680
2020-05-08 05:05,1649
2020-05-08 05:10,1642
2020-05-08 05:15,1647
2020-05-08 05:20,1649
2020-05-08 05:25,1652
2020-05-08 05:30,1628
2020-05-08 05:35,1617
2020-05-08 05:40,1632
2020-05-08 05:45,1639
2020-05-08 05:50,1627
2020-05-08 05:55,1626
2020-05-08 06:00,1634
2020-05-08 06:05,1616
2020-05-08 06:10,1607
2020-05-08 06:15,1598
2020-05-08 06:20,1595
2020-05-08 06:25,1616
2020-05-08 06:30,1612
2020-05-08 06:35,1603
2020-05-08 06:40,1606
2020-05-08 06:45,1612
2020-05-08 06:50,1603
2020-05-08 06:55,1617
2020-05-08 07:00,1615
2020-05-08 07:05,1607
2020-05-08 07:10,1625
2020-05-08 07:15,1634
2020-05-08 07:20,1634
2020-05-08 07:25,1640
2020-05-08 07:30,1635
2020-05-08 07:35,1640
2020-05-08 07:40,1669
2020-05-08 07:45,1696
2020-05-08 07:50,1705
2020-05-08 07:55,1708
2020-05-08 08:00,1704
2020-05-08 08:05,1716
2020-05-08 08:10,1719
2020-05-08 08:15,1730
2020-05-08 08:20,1765
2020-05-08 08:25,1789
2020-05-08 08:30,1791
2020-05-08 08:35,1792
2020-05-08 08:40,1808
2020-05-08 08:45,1829
2020-05-08 08:50,1844
2020-05-08 08:55,1858
2020-05-08 09:00,1890
2020-05-08 09:05,1893
2020-05-08 09:10,1913
2020-05-08 09:15,1922
2020-05-08 09:20,1950
2020-05-08 09:25,1970
2020-05-08 09:30,1982
2020-05-08 09:35,2013
2020-05-08 09:40,2052
2020-05-08 09:45,2054
2020-05-08 09:50,2070
2020-05-08 09:55,2096
2020-05-08 10:00,2106
2020-05-08 10:05,2169
2020-05-08 10:10,2190
2020-05-08 10:15,2210
2020-05-08 10:20,2232
2020-05-08 10:25,2248
2020-05-08 10:30,2269
2020-05-08 10:35,2272
2020-05-08 10:40,2272
2020-05-08 10:45,2277
2020-05-08 10:50,2293
2020-05-08 10:55,2300
2020-05-08 11:00,2299
2020-05-08 11:05,2305
2020-05-08 11:10,2341
2020-05-08 11:15,2337
2020-05-08 11:20,2339
2020-05-08 11:25,2352
2020-05-08 11:30,2365
2020-05-08 11:35,2377
2020-05-08 11:40,2424
2020-05-08 11:45,2444
2020-05-08 11:50,2452
2020-05-08 11:55,2457
2020-05-08 12:00,2465
2020-05-08 12:05,2479
2020-05-08 12:10,2493
2020-05-08 12:15,2518
2020-05-08 12:20,2523
2020-05-08 12:25,2544
2020-05-08 12:30,2556
2020-05-08 12:35,2572
2020-05-08 12:40,2542
2020-05-08 12:45,2547
2020-05-08 12:50,2551
2020-05-08 12:55,2566
2020-05-08 13:00,2578
2020-05-08 13:05,2614
2020-05-08 13:10,2657
2020-05-08 13:15,2657
2020-05-08 13:20,2688
2020-05-08 13:25,2718
2020-05-08 13:30,2731
2020-05-08 13:35,2753
2020-05-08 13:40,2763
2020-05-08 13:45,2770
2020-05-08 13:50,2794
2020-05-08 13:55,2816
2020-05-08 14:00,2822
2020-05-08 14:05,2833
2020-05-08 14:10,2874
2020-05-08 14:15,2870
2020-05-08 14:20,2902
2020-05-08 14:25,2950
2020-05-08 14:30,2957
2020-05-08 14:35,2948
2020-05-08 14:40,2979
2020-05-08 14:45,2993
2020-05-08 14:50,2978
2020-05-08 14:55,2987
2020-05-08 15:00,2997
2020-05-08 15:05,3015
2020-05-08 15:10,3007
2020-05-08 15:15,3042
2020-05-08 15:20,3065
2020-05-08 15:25,3086
2020-05-08 15:30,3098
2020-05-08 15:35,3090
2020-05-08 15:40,3101
2020-05-08 15:45,3086
2020-05-08 15:50,3080
2020-05-08 15:55,3117
2020-05-08 16:00,3113
2020-05-08 16:05,3127
2020-05-08 16:10,3121
2020-05-08 16:15,3112
2020-05-08 16:20,3120
2020-05-08 16:25,3134
2020-05-08 16:30,3136
2020-05-08 16:35,3153
2020-05-08 16:40,3172
2020-05-08 16:45,3230
2020-05-08 16:50,3245
2020-05-08 16:55,3267
2020-05-08 17:00,3288
2020-05-08 17:05,3265
2020-05-08 17:10,3244
2020-05-08 17:15,3259
2020-05-08 17:20,3269
2020-05-08 17:25,3286
2020-05-08 17:30,3286
2020-05-08 17:35,3295
2020-05-08 17:40,3315
2020-05-08 17:45,3296
2020-05-08 17:50,3358
2020-05-08 17:55,3369
2020-05-08 18:00,3397
2020-05-08 18:05,3397
2020-05-08 18:10,3364
2020-05-08 18:15,3379
2020-05-08 18:20,3402
2020-05-08 18:25,3426
2020-05-08 18:30,3471
2020-05-08 18:35,3491
2020-05-08 18:40,3493
2020-05-08 18:45,3519
2020-05-08 18:50,3524
2020-05-08 18:55,3524
2020-05-08 19:00,3539
2020-05-08 19:05,3559
2020-05-08 19:10,3567
2020-05-08 19:15,3564
2020-05-08 19:20,3530
2020-05-08 19:25,3562
2020-05-08 19:30,3583
2020-05-08 19:35,3533
2020-05-08 19:40,3578
2020-05-08 19:45,3572
2020-05-08 19:50,3606
2020-05-08 19:55,3578
2020-05-08 20:00,3564
2020-05-08 20:05,3541
2020-05-08 20:10,3538
2020-05-08 20:15,3520
2020-05-08 20:20,3507
2020-05-08 20:25,3482
2020-05-08 20:30,3495
2020-05-08 20:35,3464
2020-05-08 20:40,3464
2020-05-08 20:45,3445
2020-05-08 20:50,3330
2020-05-08 20:55,3081
2020-05-08 21:00,3262
2020-05-08 21:05,3408
2020-05-08 21:10,3387
2020-05-08 21:15,3373
2020-05-08 21:20,3383
2020-05-08 21:25,3382
2020-05-08 21:30,3346
2020-05-08 21:35,3334
2020-05-08 21:40,3313
2020-05-08 21:45,3291
2020-05-08 21:50,3246
2020-05-08 21:55,3230
2020-05-08 22:00,3199
2020-05-08 22:05,3173
2020-05-08 22:10,3145
2020-05-08 22:15,3114
2020-05-08 22:20,3098
2020-05-08 22:25,3062
2020-05-08 22:30,3019
2020-05-08 22:35,2990
2020-05-08 22:40,2955
2020-05-08 22:45,2941
2020-05-08 22:50,2904
2020-05-08 22:55,2893
2020-05-08 23:00,2855
2020-05-08 23:05,2829
2020-05-08 23:10,2821
2020-05-08 23:15,2812
2020-05-08 23:20,2793
2020-05-08 23:25,2767
2020-05-08 23:30,2715
2020-05-08 23:35,2690
2020-05-08 23:40,2619
2020-05-08 23:45,2601
2020-05-08 23:50,2580
2020-05-08 23:55,2598
2020-05-09 00:00,2574
2020-05-09 00:05,2564
2020-05-09 00:10,2539
2020-05-09 00:15,2489
2020-05-09 00:20,2470
2020-05-09 00:25,2449
2020-05-09 00:30,2392
2020-05-09 00:35,2362
2020-05-09 00:40,2285
2020-05-09 00:45,2245
2020-05-09 00:50,2203
2020-05-09 00:55,2170
2020-05-09 01:00,2146
2020-05-09 01:05,2105
2020-05-09 01:10,2085
2020-05-09 01:15,2019
2020-05-09 01:20,1988
2020-05-09 01:25,1915
2020-05-09 01:30,1807
2020-05-09 01:35,1635
2020-05-09 01:40,1148
2020-05-09 01:45,1299
2020-05-09 01:50,1435
2020-05-09 01:55,1523
2020-05-09 02:00,1586
2020-05-09 02:05,1647
2020-05-09 02:10,1701
2020-05-09 02:15,1747
2020-05-09 02:20,1775
2020-05-09 02:25,1804
2020-05-09 02:30,1846
2020-05-09 02:35,1877
2020-05-09 02:40,1893
2020-05-09 02:45,1920
2020-05-09 02:50,1946
2020-05-09 02:55,1953
2020-05-09 03:00,1964
2020-05-09 03:05,1958
2020-05-09 03:10,1969
2020-05-09 03:15,1967
2020-05-09 03:20,1960
2020-05-09 03:25,1948
2020-05-09 03:30,1933
2020-05-09 03:35,1927
2020-05-09 03:40,1916
2020-05-09 03:45,1895
2020-05-09 03:50,1896
2020-05-09 03:55,1893
2020-05-09 04:00,1904
2020-05-09 04:05,1917
2020-05-09 04:10,1909
2020-05-09 04:15,1896
2020-05-09 04:20,1879
2020-05-09 04:25,1863
2020-05-09 04:30,1860
2020-05-09 04:35,1854
2020-05-09 04:40,1838
2020-05-09 04:45,1824
2020-05-09 04:50,1802
2020-05-09 04:55,1796
2020-05-09 05:00,1785
2020-05-09 05:05,1763
2020-05-09 05:10,1755
2020-05-09 05:15,1733
2020-05-09 05:20,1720
2020-05-09 05:25,1712
2020-05-09 05:30,1738
2020-05-09 05:35,1726
2020-05-09 05:40,1714
2020-05-09 05:45,1710
2020-05-09 05:50,1705
2020-05-09 05:55,1696
2020-05-09 06:00,1703
2020-05-09 06:05,1704
2020-05-09 06:10,1701
2020-05-09 06:15,1678
2020-05-09 06:20,1665
2020-05-09 06:25,1690
2020-05-09 06:30,1696
2020-05-09 06:35,1691
2020-05-09 06:40,1698
2020-05-09 06:45,1680
2020-05-09 06:50,1693
2020-05-09 06:55,1729
2020-05-09 07:00,1724
2020-05-09 07:05,1726
2020-05-09 07:10,1719
2020-05-09 07:15,1721
2020-05-09 07:20,1718
2020-05-09 07:25,1725
2020-05-09 07:30,1741
2020-05-09 07:35,1733
2020-05-09 07:40,1737
2020-05-09 07:45,1747
2020-05-09 07:50,1745
2020-05-09 07:55,1767
2020-05-09 08:00,1757
2020-05-09 08:05,1767
2020-05-09 08:10,1781
2020-05-09 08:15,1782
2020-05-09 08:20,1805
2020-05-09 08:25,1815
2020-05-09 08:30,1837
2020-05-09 08:35,1870
2020-05-09 08:40,1873
2020-05-09 08:45,1888
2020-05-09 08:50,1914
2020-05-09 08:55,1919
2020-05-09 09:00,1926
2020-05-09 09:05,1949
2020-05-09 09:10,1930
2020-05-09 09:15,1958
2020-05-09 09:20,1964
2020-05-09 09:25,1974
2020-05-09 09:30,1998
2020-05-09 09:35,2014
2020-05-09 09:40,2014
2020-05-09 09:45,2037
2020-05-09 09:50,2061
2020-05-09 09:55,2088
2020-05-09 10:00,2105
2020-05-09 10:05,2147
2020-05-09 10:10,2170
2020-05-09 10:15,2205
2020-05-09 10:20,2221
2020-05-09 10:25,2240
2020-05-09 10:30,2282
2020-05-09 10:35,2284
2020-05-09 10:40,2304
2020-05-09 10:45,2340
2020-05-09 10:50,2345
2020-05-09 10:55,2340
2020-05-09 11:00,2332
2020-05-09 11:05,2355
2020-05-09 11:10,2387
2020-05-09 11:15,2394
2020-05-09 11:20,2417
2020-05-09 11:25,2439
2020-05-09 11:30,2467
2020-05-09 11:35,2487
2020-05-09 11:40,2482
2020-05-09 11:45,2489
2020-05-09 11:50,2518
2020-05-09 11:55,2514
2020-05-09 12:00,2507
2020-05-09 12:05,2532
2020-05-09 12:10,2539
2020-05-09 12:15,2553
2020-05-09 12:20,2572
2020-05-09 12:25,2590
2020-05-09 12:30,2621
2020-05-09 12:35,2635
2020-05-09 12:40,2692
2020-05-09 12:45,2691
2020-05-09 12:50,2714
2020-05-09 12:55,2743
2020-05-09 13:00,2773
2020-05-09 13:05,2761
2020-05-09 13:10,2767
2020-05-09 13:15,2803
2020-05-09 13:20,2835
2020-05-09 13:25,2844
2020-05-09 13:30,2837
2020-05-09 13:35,2864
2020-05-09 13:40,2884
2020-05-09 13:45,2883
2020-05-09 13:50,2900
2020-05-09 13:55,2953
2020-05-09 14:00,2970
2020-05-09 14:05,2968
2020-05-09 14:10,2984
2020-05-09 14:15,3004
2020-05-09 14:20,3025
2020-05-09 14:25,3027
2020-05-09 14:30,3032
2020-05-09 14:35,3031
2020-05-09 14:40,3072
2020-05-09 14:45,3091
2020-05-09 14:50,3103
2020-05-09 14:55,3109
2020-05-09 15:00,3133
2020-05-09 15:05,3145
2020-05-09 15:10,3122
2020-05-09 15:15,3165
2020-05-09 15:20,3177
2020-05-09 15:25,3182
2020-05-09 15:30,3181
2020-05-09 15:35,3189
2020-05-09 15:40,3195
2020-05-09 15:45,3217
2020-05-09 15:50,3219
2020-05-09 15:55,3254
2020-05-09 16:00,3287
2020-05-09 16:05,3284
2020-05-09 16:10,3286
2020-05-09 16:15,3307
2020-05-09 16:20,3317
2020-05-09 16:25,3321
2020-05-09 16:30,3342
2020-05-09 16:35,3336
2020-05-09 16:40,3312
2020-05-09 16:45,3330
2020-05-09 16:50,3333
2020-05-09 16:55,3338
2020-05-09 17:00,3344
2020-05-09 17:05,3328
2020-05-09 17:10,3339
2020-05-09 17:15,3340
2020-05-09 17:20,3348
2020-05-09 17:25,3396
2020-05-09 17:30,3396
2020-05-09 17:35,3429
2020-05-09 17:40,3458
2020-05-09 17:45,3454
2020-05-09 17:50,3466
2020-05-09 17:55,3495
2020-05-09 18:00,3488
2020-05-09 18:05,3498
2020-05-09 18:10,3495
2020-05-09 18:15,3496
2020-05-09 18:20,3524
2020-05-09 18:25,3516
2020-05-09 18:30,3497
2020-05-09 18:35,3528
2020-05-09 18:40,3528
2020-05-09 18:45,3555
2020-05-09 18:50,3563
2020-05-09 18:55,3566
2020-05-09 19:00,3581
2020-05-09 19:05,3578
2020-05-09 19:10,3612
2020-05-09 19:15,3649
2020-05-09 19:20,3678
2020-05-09 19:25,3682
2020-05-09 19:30,3702
2020-05-09 19:35,3735
2020-05-09 19:40,3736
2020-05-09 19:45,3729
2020-05-09 19:50,3719
2020-05-09 19:55,3726
2020-05-09 20:00,3715
2020-05-09 20:05,3690
2020-05-09 20:10,3697
2020-05-09 20:15,3706
2020-05-09 20:20,3673
2020-05-09 20:25,3650
2020-05-09 20:30,3639
2020-05-09 20:35,3629
2020-05-09 20:40,3634
2020-05-09 20:45,3647
2020-05-09 20:50,3642
2020-05-09 20:55,3637
2020-05-09 21:00,3610
2020-05-09 21:05,3578
2020-05-09 21:10,3553
2020-05-09 21:15,3543
2020-05-09 21:20,3516
2020-05-09 21:25,3481
2020-05-09 21:30,3449
2020-05-09 21:35,3445
2020-05-09 21:40,3414
2020-05-09 21:45,3387
2020-05-09 21:50,3381
2020-05-09 21:55,3343
2020-05-09 22:00,3307
2020-05-09 22:05,3284
2020-05-09 22:10,3256
2020-05-09 22:15,3202
2020-05-09 22:20,3152
2020-05-09 22:25,3103
2020-05-09 22:30,3059
2020-05-09 22:35,3031
2020-05-09 22:40,3028
2020-05-09 22:45,2976
2020-05-09 22:50,2935
2020-05-09 22:55,2884
2020-05-09 23:00,2859
2020-05-09 23:05,2830
2020-05-09 23:10,2824
2020-05-09 23:15,2793
2020-05-09 23:20,2735
2020-05-09 23:25,2720
2020-05-09 23:30,2715
2020-05-09 23:35,2682
2020-05-09 23:40,2650
2020-05-09 23:45,2616
2020-05-09 23:50,2595
2020-05-09 23:55,2555
2020-05-10 00:00,2558
2020-05-10 00:05,2545
2020-05-10 00:10,2534
2020-05-10 00:15,2529
2020-05-10 00:20,2516
2020-05-10 00:25,2502
2020-05-10 00:30,2461
2020-05-10 00:35,2438
2020-05-10 00:40,2428
2020-05-10 00:45,2443
2020-05-10 00:50,2408
2020-05-10 00:55,2388
2020-05-10 01:00,2378
2020-05-10 01:05,2368
2020-05-10 01:10,2338
2020-05-10 01:15,2343
2020-05-10 01:20,2320
2020-05-10 01:25,2298
2020-05-10 01:30,2267
2020-05-10 01:35,2247
2020-05-10 01:40,2230
2020-05-10 01:45,2197
2020-05-10 01:50,2187
2020-05-10 01:55,2176
2020-05-10 02:00,2159
2020-05-10 02:05,2147
2020-05-10 02:10,2134
2020-05-10 02:15,2124
2020-05-10 02:20,2106
2020-05-10 02:25,2110
2020-05-10 02:30,2100
2020-05-10 02:35,2089
2020-05-10 02:40,2077
2020-05-10 02:45,2065
2020-05-10 02:50,2052
2020-05-10 02:55,2057
2020-05-10 03:00,2063
2020-05-10 03:05,2035
2020-05-10 03:10,2015
2020-05-10 03:15,1983
2020-05-10 03:20,1985
2020-05-10 03:25,1973
2020-05-10 03:30,1967
2020-05-10 03:35,1961
2020-05-10 03:40,1942
2020-05-10 03:45,1935
2020-05-10 03:50,1937
2020-05-10 03:55,1919
2020-05-10 04:00,1906
2020-05-10 04:05,1891
2020-05-10 04:10,1888
2020-05-10 04:15,1874
2020-05-10 04:20,1867
2020-05-10 04:25,1858
2020-05-10 04:30,1841
2020-05-10 04:35,1828
2020-05-10 04:40,1816
2020-05-10 04:45,1823
2020-05-10 04:50,1803
2020-05-10 04:55,1793
2020-05-10 05:00,1773
2020-05-10 05:05,1759
2020-05-10 05:10,1727
2020-05-10 05:15,1715
2020-05-10 05:20,1709
2020-05-10 05:25,1689
2020-05-10 05:30,1702
2020-05-10 05:35,1720
2020-05-10 05:40,1727
2020-05-10 05:45,1730
2020-05-10 05:50,1715
2020-05-10 05:55,1703
2020-05-10 06:00,1702
2020-05-10 06:05,1685
2020-05-10 06:10,1688
2020-05-10 06:15,1697
2020-05-10 06:20,1714
2020-05-10 06:25,1712
2020-05-10 06:30,1718
2020-05-10 06:35,1698
2020-05-10 06:40,1683
2020-05-10 06:45,1701
2020-05-10 06:50,1710
2020-05-10 06:55,1698
2020-05-10 07:00,1705
2020-05-10 07:05,1711
2020-05-10 07:10,1717
2020-05-10 07:15,1716
2020-05-10 07:20,1716
2020-05-10 07:25,1742
2020-05-10 07:30,1749
2020-05-10 07:35,1757
2020-05-10 07:40,1775
2020-05-10 07:45,1787
2020-05-10 07:50,1795
2020-05-10 07:55,1800
2020-05-10 08:00,1816
2020-05-10 08:05,1830
2020-05-10 08:10,1840
2020-05-10 08:15,1841
2020-05-10 08:20,1869
2020-05-10 08:25,1887
2020-05-10 08:30,1888
2020-05-10 08:35,1923
2020-05-10 08:40,1941
2020-05-10 08:45,1968
2020-05-10 08:50,1968
2020-05-10 08:55,1980
2020-05-10 09:00,1981
2020-05-10 09:05,1991
2020-05-10 09:10,2016
2020-05-10 09:15,2023
2020-05-10 09:20,2015
2020-05-10 09:25,2035
2020-05-10 09:30,2058
2020-05-10 09:35,2078
2020-05-10 09:40,2103
2020-05-10 09:45,2126
2020-05-10 09:50,2160
2020-05-10 09:55,2176
2020-05-10 10:00,2216
2020-05-10 10:05,2295
2020-05-10 10:10,2341
2020-05-10 10:15,2357
2020-05-10 10:20,2382
2020-05-10 10:25,2392
2020-05-10 10:30,2408
2020-05-10 10:35,2435
2020-05-10 10:40,2457
2020-05-10 10:45,2458
2020-05-10 10:50,2467
2020-05-10 10:55,2472
2020-05-10 11:00,2479
2020-05-10 11:05,2476
2020-05-10 11:10,2478
2020-05-10 11:15,2510
2020-05-10 11:20,2526
2020-05-10 11:25,2558
2020-05-10 11:30,2570
2020-05-10 11:35,2567
2020-05-10 11:40,2591
2020-05-10 11:45,2600
2020-05-10 11:50,2626
2020-05-10 11:55,2644
2020-05-10 12:00,2674
2020-05-10 12:05,2705
2020-05-10 12:10,2714
2020-05-10 12:15,2726
2020-05-10 12:20,2729
2020-05-10 12:25,2742
2020-05-10 12:30,2781
2020-05-10 12:35,2815
2020-05-10 12:40,2857
2020-05-10 12:45,2868
2020-05-10 12:50,2882
2020-05-10 12:55,2904
2020-05-10 13:00,2911
2020-05-10 13:05,2919
2020-05-10 13:10,2965
2020-05-10 13:15,2966
2020-05-10 13:20,3008
2020-05-10 13:25,3026
2020-05-10 13:30,3060
2020-05-10 13:35,3066
2020-05-10 13:40,3103
2020-05-10 13:45,3111
2020-05-10 13:50,3123
2020-05-10 13:55,3134
2020-05-10 14:00,3176
2020-05-10 14:05,3197
2020-05-10 14:10,3218
2020-05-10 14:15,3257
2020-05-10 14:20,3260
2020-05-10 14:25,3258
2020-05-10 14:30,3272
2020-05-10 14:35,3262
2020-05-10 14:40,3308
2020-05-10 14:45,3334
2020-05-10 14:50,3325
2020-05-10 14:55,3383
2020-05-10 15:00,3377
2020-05-10 15:05,3414
2020-05-10 15:10,3386
2020-05-10 15:15,3377
2020-05-10 15:20,3388
2020-05-10 15:25,3432
2020-05-10 15:30,3417
2020-05-10 15:35,3402
2020-05-10 15:40,3412
2020-05-10 15:45,3451
2020-05-10 15:50,3499
2020-05-10 15:55,3502
2020-05-10 16:00,3507
2020-05-10 16:05,3519
2020-05-10 16:10,3528
2020-05-10 16:15,3553
2020-05-10 16:20,3561
2020-05-10 16:25,3553
2020-05-10 16:30,3601
2020-05-10 16:35,3614
2020-05-10 16:40,3621
2020-05-10 16:45,3604
2020-05-10 16:50,3602
2020-05-10 16:55,3592
2020-05-10 17:00,3587
2020-05-10 17:05,3559
2020-05-10 17:10,3570
2020-05-10 17:15,3560
2020-05-10 17:20,3572
2020-05-10 17:25,3585
2020-05-10 17:30,3589
2020-05-10 17:35,3598
2020-05-10 17:40,3594
2020-05-10 17:45,3589
2020-05-10 17:50,3625
2020-05-10 17:55,3637
2020-05-10 18:00,3632
2020-05-10 18:05,3642
2020-05-10 18:10,3663
2020-05-10 18:15,3661
2020-05-10 18:20,3652
2020-05-10 18:25,3657
2020-05-10 18:30,3658
2020-05-10 18:35,3642
2020-05-10 18:40,3652
2020-05-10 18:45,3674
2020-05-10 18:50,3673
2020-05-10 18:55,3694
2020-05-10 19:00,3695
2020-05-10 19:05,3673
2020-05-10 19:10,3676
2020-05-10 19:15,3700
2020-05-10 19:20,3726
2020-05-10 19:25,3740
2020-05-10 19:30,3773
2020-05-10 19:35,3756
2020-05-10 19:40,3745
2020-05-10 19:45,3738
2020-05-10 19:50,3731
2020-05-10 19:55,3741
2020-05-10 20:00,3714
2020-05-10 20:05,3718
2020-05-10 20:10,3688
2020-05-10 20:15,3658
2020-05-10 20:20,3648
2020-05-10 20:25,3613
2020-05-10 20:30,3617
2020-05-10 20:35,3600
2020-05-10 20:40,3555
2020-05-10 20:45,3537
2020-05-10 20:50,3480
2020-05-10 20:55,3451
2020-05-10 21:00,3405
2020-05-10 21:05,3409
2020-05-10 21:10,3352
2020-05-10 21:15,3303
2020-05-10 21:20,3283
2020-05-10 21:25,3256
2020-05-10 21:30,3259
2020-05-10 21:35,3227
2020-05-10 21:40,3173
2020-05-10 21:45,3127
2020-05-10 21:50,3091
2020-05-10 21:55,3028
2020-05-10 22:00,2984
2020-05-10 22:05,2943
2020-05-10 22:10,2891
2020-05-10 22:15,2879
2020-05-10 22:20,2840
2020-05-10 22:25,2828
2020-05-10 22:30,2809
2020-05-10 22:35,2770
2020-05-10 22:40,2788
2020-05-10 22:45,2774
2020-05-10 22:50,2728
2020-05-10 22:55,2706
2020-05-10 23:00,2658
2020-05-10 23:05,2648
2020-05-10 23:10,2627
2020-05-10 23:15,2589
2020-05-10 23:20,2578
2020-05-10 23:25,2519
2020-05-10 23:30,2518
2020-05-10 23:35,2475
2020-05-10 23:40,2489
2020-05-10 23:45,2488
2020-05-10 23:50,2470
2020-05-10 23:55,2420
2020-05-11 00:00,2431
2020-05-11 00:05,2427
2020-05-11 00:10,2401
2020-05-11 00:15,2392
2020-05-11 00:20,2381
2020-05-11 00:25,2361
2020-05-11 00:30,2334
2020-05-11 00:35,2303
2020-05-11 00:40,2302
2020-05-11 00:45,2285
2020-05-11 00:50,2289
2020-05-11 00:55,2274
2020-05-11 01:00,2249
2020-05-11 01:05,2238
2020-05-11 01:10,2205
2020-05-11 01:15,2185
2020-05-11 01:20,2155
2020-05-11 01:25,2164
2020-05-11 01:30,2151
2020-05-11 01:35,2127
2020-05-11 01:40,2121
2020-05-11 01:45,2100
2020-05-11 01:50,2083
2020-05-11 01:55,2078
2020-05-11 02:00,2080
2020-05-11 02:05,2078
2020-05-11 02:10,2067
2020-05-11 02:15,2069
2020-05-11 02:20,2053
2020-05-11 02:25,2053
2020-05-11 02:30,2062
2020-05-11 02:35,2051
2020-05-11 02:40,2071
2020-05-11 02:45,2062
2020-05-11 02:50,2046
2020-05-11 02:55,2021
2020-05-11 03:00,2017
2020-05-11 03:05,2015
2020-05-11 03:10,1995
2020-05-11 03:15,1953
2020-05-11 03:20,1931
2020-05-11 03:25,1916
2020-05-11 03:30,1895
2020-05-11 03:35,1875
2020-05-11 03:40,1863
2020-05-11 03:45,1847
2020-05-11 03:50,1825
2020-05-11 03:55,1804
2020-05-11 04:00,1812
2020-05-11 04:05,1795
2020-05-11 04:10,1768
2020-05-11 04:15,1752
2020-05-11 04:20,1756
2020-05-11 04:25,1730
2020-05-11 04:30,1705
2020-05-11 04:35,1702
2020-05-11 04:40,1683
2020-05-11 04:45,1670
2020-05-11 04:50,1663
2020-05-11 04:55,1649
2020-05-11 05:00,1615
2020-05-11 05:05,1603
2020-05-11 05:10,1573
2020-05-11 05:15,1581
2020-05-11 05:20,1552
2020-05-11 05:25,1548
2020-05-11 05:30,1541
2020-05-11 05:35,1540
2020-05-11 05:40,1530
2020-05-11 05:45,1509
2020-05-11 05:50,1500
2020-05-11 05:55,1508
2020-05-11 06:00,1513
2020-05-11 06:05,1515
2020-05-11 06:10,1491
2020-05-11 06:15,1510
2020-05-11 06:20,1505
2020-05-11 06:25,1499
2020-05-11 06:30,1509
2020-05-11 06:35,1510
2020-05-11 06:40,1507
2020-05-11 06:45,1533
2020-05-11 06:50,1559
2020-05-11 06:55,1530
2020-05-11 07:00,1545
2020-05-11 07:05,1552
2020-05-11 07:10,1540
2020-05-11 07:15,1532
2020-05-11 07:20,1539
2020-05-11 07:25,1535
2020-05-11 07:30,1553
2020-05-11 07:35,1569
2020-05-11 07:40,1570
2020-05-11 07:45,1579
2020-05-11 07:50,1593
2020-05-11 07:55,1611
2020-05-11 08:00,1622
2020-05-11 08:05,1628
2020-05-11 08:10,1637
2020-05-11 08:15,1644
2020-05-11 08:20,1669
2020-05-11 08:25,1684
2020-05-11 08:30,1691
2020-05-11 08:35,1697
2020-05-11 08:40,1720
2020-05-11 08:45,1704
2020-05-11 08:50,1742
2020-05-11 08:55,1735
2020-05-11 09:00,1738
2020-05-11 09:05,1736
2020-05-11 09:10,1728
2020-05-11 09:15,1748
2020-05-11 09:20,1757
2020-05-11 09:25,1773
2020-05-11 09:30,1795
2020-05-11 09:35,1823
2020-05-11 09:40,1844
2020-05-11 09:45,1855
2020-05-11 09:50,1853
2020-05-11 09:55,1866
2020-05-11 10:00,1897
2020-05-11 10:05,1943
2020-05-11 10:10,1979
2020-05-11 10:15,2012
2020-05-11 10:20,2034
2020-05-11 10:25,2056
2020-05-11 10:30,2075
2020-05-11 10:35,2103
2020-05-11 10:40,2104
2020-05-11 10:45,2107
2020-05-11 10:50,2138
2020-05-11 10:55,2142
2020-05-11 11:00,2146
2020-05-11 11:05,2179
2020-05-11 11:10,2198
2020-05-11 11:15,2206
2020-05-11 11:20,2233
2020-05-11 11:25,2256
2020-05-11 11:30,2267
2020-05-11 11:35,2282
2020-05-11 11:40,2279
2020-05-11 11:45,2288
2020-05-11 11:50,2315
2020-05-11 11:55,2330
2020-05-11 12:00,2340
2020-05-11 12:05,2366
2020-05-11 12:10,2391
2020-05-11 12:15,2396
2020-05-11 12:20,2429
2020-05-11 12:25,2429
2020-05-11 12:30,2453
2020-05-11 12:35,2466
2020-05-11 12:40,2488
2020-05-11 12:45,2492
2020-05-11 12:50,2516
2020-05-11 12:55,2511
2020-05-11 13:00,2516
2020-05-11 13:05,2519
2020-05-11 13:10,2519
2020-05-11 13:15,2552
2020-05-11 13:20,2562
2020-05-11 13:25,2569
2020-05-11 13:30,2600
2020-05-11 13:35,2622
2020-05-11 13:40,2645
2020-05-11 13:45,2627
2020-05-11 13:50,2663
2020-05-11 13:55,2688
2020-05-11 14:00,2707
2020-05-11 14:05,2720
2020-05-11 14:10,2713
2020-05-11 14:15,2703
2020-05-11 14:20,2731
2020-05-11 14:25,2772
2020-05-11 14:30,2781
2020-05-11 14:35,2819
2020-05-11 14:40,2846
2020-05-11 14:45,2875
2020-05-11 14:50,2878
2020-05-11 14:55,2899
2020-05-11 15:00,2938
2020-05-11 15:05,2917
2020-05-11 15:10,2942
2020-05-11 15:15,2959
2020-05-11 15:20,2988
2020-05-11 15:25,2998
2020-05-11 15:30,2991
2020-05-11 15:35,2993
2020-05-11 15:40,3010
2020-05-11 15:45,3021
2020-05-11 15:50,3039
2020-05-11 15:55,3062
2020-05-11 16:00,3080
2020-05-11 16:05,3086
2020-05-11 16:10,3097
2020-05-11 16:15,3121
2020-05-11 16:20,3151
2020-05-11 16:25,3170
2020-05-11 16:30,3174
2020-05-11 16:35,3151
2020-05-11 16:40,3154
2020-05-11 16:45,3167
2020-05-11 16:50,3167
2020-05-11 16:55,3191
2020-05-11 17:00,3212
2020-05-11 17:05,3209
2020-05-11 17:10,3208
2020-05-11 17:15,3248
2020-05-11 17:20,3250
2020-05-11 17:25,3261
2020-05-11 17:30,3288
2020-05-11 17:35,3319
2020-05-11 17:40,3339
2020-05-11 17:45,3353
2020-05-11 17:50,3394
2020-05-11 17:55,3411
2020-05-11 18:00,3407
2020-05-11 18:05,3413
2020-05-11 18:10,3433
2020-05-11 18:15,3460
2020-05-11 18:20,3464
2020-05-11 18:25,3489
2020-05-11 18:30,3507
2020-05-11 18:35,3531
2020-05-11 18:40,3566
2020-05-11 18:45,3566
2020-05-11 18:50,3572
2020-05-11 18:55,3557
2020-05-11 19:00,3567
2020-05-11 19:05,3570
2020-05-11 19:10,3585
2020-05-11 19:15,3568
2020-05-11 19:20,3586
2020-05-11 19:25,3614
2020-05-11 19:30,3615
2020-05-11 19:35,3645
2020-05-11 19:40,3616
2020-05-11 19:45,3610
2020-05-11 19:50,3579
2020-05-11 19:55,3582
2020-05-11 20:00,3547
2020-05-11 20:05,3524
2020-05-11 20:10,3508
2020-05-11 20:15,3494
2020-05-11 20:20,3462
2020-05-11 20:25,3464
2020-05-11 20:30,3430
2020-05-11 20:35,3434
2020-05-11 20:40,3411
2020-05-11 20:45,3375
2020-05-11 20:50,3368
2020-05-11 20:55,3368
2020-05-11 21:00,3345
2020-05-11 21:05,3333
2020-05-11 21:10,3295
2020-05-11 21:15,3293
2020-05-11 21:20,3267
2020-05-11 21:25,3199
2020-05-11 21:30,3175
2020-05-11 21:35,3151
2020-05-11 21:40,3090
2020-05-11 21:45,3057
2020-05-11 21:50,3038
2020-05-11 21:55,3002
2020-05-11 22:00,2971
2020-05-11 22:05,2941
2020-05-11 22:10,2914
2020-05-11 22:15,2892
2020-05-11 22:20,2834
2020-05-11 22:25,2813
2020-05-11 22:30,2784
2020-05-11 22:35,2820
2020-05-11 22:40,2804
2020-05-11 22:45,2775
2020-05-11 22:50,2755
2020-05-11 22:55,2724
2020-05-11 23:00,2689
2020-05-11 23:05,2669
2020-05-11 23:10,2670
2020-05-11 23:15,2668
2020-05-11 23:20,2655
2020-05-11 23:25,2633
2020-05-11 23:30,2599
2020-05-11 23:35,2598
2020-05-11 23:40,2581
2020-05-11 23:45,2562
2020-05-11 23:50,2553
2020-05-11 23:55,2520
2020-05-12 00:00,2474
2020-05-12 00:05,2462
2020-05-12 00:10,2450
2020-05-12 00:15,2454
2020-05-12 00:20,2444
2020-05-12 00:25,2425
2020-05-12 00:30,2404
2020-05-12 00:35,2387
2020-05-12 00:40,2352
2020-05-12 00:45,2365
2020-05-12 00:50,2357
2020-05-12 00:55,2372
2020-05-12 01:00,2369
2020-05-12 01:05,2339
2020-05-12 01:10,2323
2020-05-12 01:15,2318
2020-05-12 01:20,2306
2020-05-12 01:25,2289
2020-05-12 01:30,2288
2020-05-12 01:35,2271
2020-05-12 01:40,2265
2020-05-12 01:45,2245
2020-05-12 01:50,2224
2020-05-12 01:55,2216
2020-05-12 02:00,2211
2020-05-12 02:05,2187
2020-05-12 02:10,2175
2020-05-12 02:15,2169
2020-05-12 02:20,2153
2020-05-12 02:25,2143
2020-05-12 02:30,2119
2020-05-12 02:35,2117
2020-05-12 02:40,2109
2020-05-12 02:45,2081
2020-05-12 02:50,2068
2020-05-12 02:55,2055
2020-05-12 03:00,2027
2020-05-12 03:05,2002
2020-05-12 03:10,1976
2020-05-12 03:15,1949
2020-05-12 03:20,1932
2020-05-12 03:25,1923
2020-05-12 03:30,1908
2020-05-12 03:35,1894
2020-05-12 03:40,1877
2020-05-12 03:45,1857
2020-05-12 03:50,1845
2020-05-12 03:55,1843
2020-05-12 04:00,1824
2020-05-12 04:05,1807
2020-05-12 04:10,1798
2020-05-12 04:15,1766
2020-05-12 04:20,1738
2020-05-12 04:25,1738
2020-05-12 04:30,1722
2020-05-12 04:35,1704
2020-05-12 04:40,1700
2020-05-12 04:45,1690
2020-05-12 04:50,1683
2020-05-12 04:55,1674
2020-05-12 05:00,1647
2020-05-12 05:05,1644
2020-05-12 05:10,1625
2020-05-12 05:15,1635
2020-05-12 05:20,1613
2020-05-12 05:25,1633
2020-05-12 05:30,1627
2020-05-12 05:35,1602
2020-05-12 05:40,1580
2020-05-12 05:45,1577
2020-05-12 05:50,1547
2020-05-12 05:55,1547
2020-05-12 06:00,1552
2020-05-12 06:05,1525
2020-05-12 06:10,1542
2020-05-12 06:15,1552
2020-05-12 06:20,1541
2020-05-12 06:25,1542
2020-05-12 06:30,1541
2020-05-12 06:35,1533
2020-05-12 06:40,1535
2020-05-12 06:45,1536
2020-05-12 06:50,1520
2020-05-12 06:55,1524
2020-05-12 07:00,1529
2020-05-12 07:05,1534
2020-05-12 07:10,1544
2020-05-12 07:15,1547
2020-05-12 07:20,1531
2020-05-12 07:25,1534
2020-05-12 07:30,1526
2020-05-12 07:35,1525
2020-05-12 07:40,1532
2020-05-12 07:45,1547
2020-05-12 07:50,1557
2020-05-12 07:55,1567
2020-05-12 08:00,1559
2020-05-12 08:05,1569
2020-05-12 08:10,1577
2020-05-12 08:15,1593
2020-05-12 08:20,1599
2020-05-12 08:25,1601
2020-05-12 08:30,1605
2020-05-12 08:35,1619
2020-05-12 08:40,1617
2020-05-12 08:45,1644
2020-05-12 08:50,1686
2020-05-12 08:55,1694
2020-05-12 09:00,1717
2020-05-12 09:05,1723
2020-05-12 09:10,1718
2020-05-12 09:15,1734
2020-05-12 09:20,1769
2020-05-12 09:25,1781
2020-05-12 09:30,1793
2020-05-12 09:35,1779
2020-05-12 09:40,1776
2020-05-12 09:45,1791
2020-05-12 09:50,1816
2020-05-12 09:55,1848
2020-05-12 10:00,1864
2020-05-12 10:05,1893
2020-05-12 10:10,1911
2020-05-12 10:15,1933
2020-05-12 10:20,1937
2020-05-12 10:25,1978
2020-05-12 10:30,2002
2020-05-12 10:35,2013
2020-05-12 10:40,2035
2020-05-12 10:45,2041
2020-05-12 10:50,2071
2020-05-12 10:55,2076
2020-05-12 11:00,2095
2020-05-12 11:05,2090
2020-05-12 11:10,2104
2020-05-12 11:15,2123
2020-05-12 11:20,2126
2020-05-12 11:25,2159
2020-05-12 11:30,2146
2020-05-12 11:35,2169
2020-05-12 11:40,2181
2020-05-12 11:45,2188
2020-05-12 11:50,2219
2020-05-12 11:55,2253
2020-05-12 12:00,2289
2020-05-12 12:05,2303
2020-05-12 12:10,2312
2020-05-12 12:15,2320
2020-05-12 12:20,2334
2020-05-12 12:25,2361
2020-05-12 12:30,2383
2020-05-12 12:35,2384
2020-05-12 12:40,2410
2020-05-12 12:45,2418
2020-05-12 12:50,2427
2020-05-12 12:55,2447
2020-05-12 13:00,2459
2020-05-12 13:05,2482
2020-05-12 13:10,2497
2020-05-12 13:15,2501
2020-05-12 13:20,2523
2020-05-12 13:25,2523
2020-05-12 13:30,2554
2020-05-12 13:35,2571
2020-05-12 13:40,2582
2020-05-12 13:45,2600
2020-05-12 13:50,2601
2020-05-12 13:55,2603
2020-05-12 14:00,2638
2020-05-12 14:05,2636
2020-05-12 14:10,2660
2020-05-12 14:15,2682
2020-05-12 14:20,2667
2020-05-12 14:25,2671
2020-05-12 14:30,2684
2020-05-12 14:35,2688
2020-05-12 14:40,2700
2020-05-12 14:45,2732
2020-05-12 14:50,2719
2020-05-12 14:55,2695
2020-05-12 15:00,2673
2020-05-12 15:05,2674
2020-05-12 15:10,2720
2020-05-12 15:15,2741
2020-05-12 15:20,2782
2020-05-12 15:25,2816
2020-05-12 15:30,2827
2020-05-12 15:35,2832
2020-05-12 15:40,2882
2020-05-12 15:45,2897
2020-05-12 15:50,2929
2020-05-12 15:55,2940
2020-05-12 16:00,2957
2020-05-12 16:05,2974
2020-05-12 16:10,3000
2020-05-12 16:15,3016
2020-05-12 16:20,3028
2020-05-12 16:25,3013
2020-05-12 16:30,3017
2020-05-12 16:35,3037
2020-05-12 16:40,3052
2020-05-12 16:45,3085
2020-05-12 16:50,3136
2020-05-12 16:55,3155
2020-05-12 17:00,3160
2020-05-12 17:05,3157
2020-05-12 17:10,3151
2020-05-12 17:15,3145
2020-05-12 17:20,3148
2020-05-12 17:25,3181
2020-05-12 17:30,3214
2020-05-12 17:35,3205
2020-05-12 17:40,3210
2020-05-12 17:45,3216
2020-05-12 17:50,3242
2020-05-12 17:55,3266
2020-05-12 18:00,3276
2020-05-12 18:05,3287
2020-05-12 18:10,3295
2020-05-12 18:15,3285
2020-05-12 18:20,3279
2020-05-12 18:25,3297
2020-05-12 18:30,3299
2020-05-12 18:35,3314
2020-05-12 18:40,3316
2020-05-12 18:45,3298
2020-05-12 18:50,3298
2020-05-12 18:55,3311
2020-05-12 19:00,3294
2020-05-12 19:05,3328
2020-05-12 19:10,3331
2020-05-12 19:15,3331
2020-05-12 19:20,3345
2020-05-12 19:25,3336
2020-05-12 19:30,3322
2020-05-12 19:35,3315
2020-05-12 19:40,3328
2020-05-12 19:45,3306
2020-05-12 19:50,3328
2020-05-12 19:55,3327
2020-05-12 20:00,3329
2020-05-12 20:05,3317
2020-05-12 20:10,3329
2020-05-12 20:15,3346
2020-05-12 20:20,3309
2020-05-12 20:25,3293
2020-05-12 20:30,3266
2020-05-12 20:35,3243
2020-05-12 20:40,3229
2020-05-12 20:45,3225
2020-05-12 20:50,3214
2020-05-12 20:55,3209
2020-05-12 21:00,3195
2020-05-12 21:05,3166
2020-05-12 21:10,3137
2020-05-12 21:15,3116
2020-05-12 21:20,3109
2020-05-12 21:25,3086
2020-05-12 21:30,3056
2020-05-12 21:35,3040
2020-05-12 21:40,3001
2020-05-12 21:45,3005
2020-05-12 21:50,2989
2020-05-12 21:55,2942
2020-05-12 22:00,2914
2020-05-12 22:05,2896
2020-05-12 22:10,2841
2020-05-12 22:15,2791
2020-05-12 22:20,2756
2020-05-12 22:25,2732
2020-05-12 22:30,2715
2020-05-12 22:35,2692
2020-05-12 22:40,2654
2020-05-12 22:45,2660
2020-05-12 22:50,2640
2020-05-12 22:55,2601
2020-05-12 23:00,2575
2020-05-12 23:05,2569
2020-05-12 23:10,0
2020-05-12 23:15,72
2020-05-12 23:20,1163
2020-05-12 23:25,2208
2020-05-12 23:30,2441
2020-05-12 23:35,2428
2020-05-12 23:40,2414
2020-05-12 23:45,2419
2020-05-12 23:50,2381
2020-05-12 23:55,2372
2020-05-13 00:00,2357
2020-05-13 00:05,2337
2020-05-13 00:10,2340
2020-05-13 00:15,2323
2020-05-13 00:20,2304
2020-05-13 00:25,2298
2020-05-13 00:30,2309
2020-05-13 00:35,2284
2020-05-13 00:40,2269
2020-05-13 00:45,2277
2020-05-13 00:50,2293
2020-05-13 00:55,2273
2020-05-13 01:00,2275
2020-05-13 01:05,2223
2020-05-13 01:10,2250
2020-05-13 01:15,2230
2020-05-13 01:20,2236
2020-05-13 01:25,2234
2020-05-13 01:30,2230
2020-05-13 01:35,2248
2020-05-13 01:40,2214
2020-05-13 01:45,2210
2020-05-13 01:50,2197
2020-05-13 01:55,2179
2020-05-13 02:00,2185
2020-05-13 02:05,2184
2020-05-13 02:10,2153
2020-05-13 02:15,2116
2020-05-13 02:20,2112
2020-05-13 02:25,2098
2020-05-13 02:30,2069
2020-05-13 02:35,2046
2020-05-13 02:40,2026
2020-05-13 02:45,2016
2020-05-13 02:50,2007
2020-05-13 02:55,1995
2020-05-13 03:00,1983
2020-05-13 03:05,1961
2020-05-13 03:10,1919
2020-05-13 03:15,1893
2020-05-13 03:20,1895
2020-05-13 03:25,1893
2020-05-13 03:30,1880
2020-05-13 03:35,1852
2020-05-13 03:40,1827
2020-05-13 03:45,1807
2020-05-13 03:50,1802
2020-05-13 03:55,1796
2020-05-13 04:00,1760
2020-05-13 04:05,1743
2020-05-13 04:10,1742
2020-05-13 04:15,1727
2020-05-13 04:20,1718
2020-05-13 04:25,1701
2020-05-13 04:30,1685
2020-05-13 04:35,1680
2020-05-13 04:40,1660
2020-05-13 04:45,1647
2020-05-13 04:50,1651
2020-05-13 04:55,1645
2020-05-13 05:00,1638
2020-05-13 05:05,1619
2020-05-13 05:10,1599
2020-05-13 05:15,1582
2020-05-13 05:20,1565
2020-05-13 05:25,1552
2020-05-13 05:30,1541
2020-05-13 05:35,1538
2020-05-13 05:40,1535
2020-05-13 05:45,1525
2020-05-13 05:50,1510
2020-05-13 05:55,1506
2020-05-13 06:00,1498
2020-05-13 06:05,1497
2020-05-13 06:10,1496
2020-05-13 06:15,1481
2020-05-13 06:20,1489
2020-05-13 06:25,1483
2020-05-13 06:30,1487
2020-05-13 06:35,1487
2020-05-13 06:40,1485
2020-05-13 06:45,1483
2020-05-13 06:50,1469
2020-05-13 06:55,1481
2020-05-13 07:00,1469
2020-05-13 07:05,1468
2020-05-13 07:10,1467
2020-05-13 07:15,1467
2020-05-13 07:20,1479
2020-05-13 07:25,1502
2020-05-13 07:30,1495
2020-05-13 07:35,1536
2020-05-13 07:40,1532
2020-05-13 07:45,1541
2020-05-13 07:50,1535
2020-05-13 07:55,1534
2020-05-13 08:00,1515
2020-05-13 08:05,1519
2020-05-13 08:10,1521
2020-05-13 08:15,1529
2020-05-13 08:20,1517
2020-05-13 08:25,1540
2020-05-13 08:30,1562
2020-05-13 08:35,1577
2020-05-13 08:40,1604
2020-05-13 08:45,1610
2020-05-13 08:50,1633
2020-05-13 08:55,1636
2020-05-13 09:00,1639
2020-05-13 09:05,1624
2020-05-13 09:10,1626
2020-05-13 09:15,1642
2020-05-13 09:20,1688
2020-05-13 09:25,1681
2020-05-13 09:30,1685
2020-05-13 09:35,1687
2020-05-13 09:40,1699
2020-05-13 09:45,1728
2020-05-13 09:50,1741
2020-05-13 09:55,1762
2020-05-13 10:00,1785
2020-05-13 10:05,1816
2020-05-13 10:10,1837
2020-05-13 10:15,1868
2020-05-13 10:20,1892
2020-05-13 10:25,1911
2020-05-13 10:30,1934
2020-05-13 10:35,1929
2020-05-13 10:40,1950
2020-05-13 10:45,1969
2020-05-13 10:50,1984
2020-05-13 10:55,1983
2020-05-13 11:00,2014
2020-05-13 11:05,2034
2020-05-13 11:10,2035
2020-05-13 11:15,2030
2020-05-13 11:20,2040
2020-05-13 11:25,2054
2020-05-13 11:30,2068
2020-05-13 11:35,2072
2020-05-13 11:40,2092
2020-05-13 11:45,2117
2020-05-13 11:50,2109
2020-05-13 11:55,2132
2020-05-13 12:00,2138
2020-05-13 12:05,2129
2020-05-13 12:10,2148
2020-05-13 12:15,2135
2020-05-13 12:20,2172
2020-05-13 12:25,2177
2020-05-13 12:30,2190
2020-05-13 12:35,2205
2020-05-13 12:40,2241
2020-05-13 12:45,2260
2020-05-13 12:50,2287
2020-05-13 12:55,2280
2020-05-13 13:00,2309
2020-05-13 13:05,2349
2020-05-13 13:10,2367
2020-05-13 13:15,2367
2020-05-13 13:20,2380
2020-05-13 13:25,2408
2020-05-13 13:30,2432
2020-05-13 13:35,2474
2020-05-13 13:40,2483
2020-05-13 13:45,2523
2020-05-13 13:50,2536
2020-05-13 13:55,2529
2020-05-13 14:00,2547
2020-05-13 14:05,2574
2020-05-13 14:10,2580
2020-05-13 14:15,2591
2020-05-13 14:20,2634
2020-05-13 14:25,2633
2020-05-13 14:30,2630
2020-05-13 14:35,2664
2020-05-13 14:40,2687
2020-05-13 14:45,2727
2020-05-13 14:50,2739
2020-05-13 14:55,2762
2020-05-13 15:00,2762
2020-05-13 15:05,2770
2020-05-13 15:10,2808
2020-05-13 15:15,2813
2020-05-13 15:20,2822
2020-05-13 15:25,2860
2020-05-13 15:30,2872
2020-05-13 15:35,2886
2020-05-13 15:40,2896
2020-05-13 15:45,2912
2020-05-13 15:50,2942
2020-05-13 15:55,2962
2020-05-13 16:00,2968
2020-05-13 16:05,2977
2020-05-13 16:10,2975
2020-05-13 16:15,3032
2020-05-13 16:20,3060
2020-05-13 16:25,3052
2020-05-13 16:30,3067
2020-05-13 16:35,3087
2020-05-13 16:40,3118
2020-05-13 16:45,3139
2020-05-13 16:50,3147
2020-05-13 16:55,3165
2020-05-13 17:00,3183
2020-05-13 17:05,3173
2020-05-13 17:10,3152
2020-05-13 17:15,3180
2020-05-13 17:20,3201
2020-05-13 17:25,3195
2020-05-13 17:30,3212
2020-05-13 17:35,3209
2020-05-13 17:40,3227
2020-05-13 17:45,3227
2020-05-13 17:50,3237
2020-05-13 17:55,3252
2020-05-13 18:00,3268
2020-05-13 18:05,3281
2020-05-13 18:10,3266
2020-05-13 18:15,3280
2020-05-13 18:20,3294
2020-05-13 18:25,3290
2020-05-13 18:30,3323
2020-05-13 18:35,3334
2020-05-13 18:40,3334
2020-05-13 18:45,3359
2020-05-13 18:50,3352
2020-05-13 18:55,3370
2020-05-13 19:00,3365
2020-05-13 19:05,3336
2020-05-13 19:10,3362
2020-05-13 19:15,3342
2020-05-13 19:20,3328
2020-05-13 19:25,3308
2020-05-13 19:30,3287
2020-05-13 19:35,3294
2020-05-13 19:40,3278
2020-05-13 19:45,3275
2020-05-13 19:50,3292
2020-05-13 19:55,3316
2020-05-13 20:00,3324
2020-05-13 20:05,3325
2020-05-13 20:10,3298
2020-05-13 20:15,3285
2020-05-13 20:20,3263
2020-05-13 20:25,3237
2020-05-13 20:30,3238
2020-05-13 20:35,3223
2020-05-13 20:40,3212
2020-05-13 20:45,3199
2020-05-13 20:50,3179
2020-05-13 20:55,3159
2020-05-13 21:00,3134
2020-05-13 21:05,3123
2020-05-13 21:10,3089
2020-05-13 21:15,3044
2020-05-13 21:20,3013
2020-05-13 21:25,3012
2020-05-13 21:30,2988
2020-05-13 21:35,2949
2020-05-13 21:40,2922
2020-05-13 21:45,2890
2020-05-13 21:50,2872
2020-05-13 21:55,2844
2020-05-13 22:00,2802
2020-05-13 22:05,2748
2020-05-13 22:10,2734
2020-05-13 22:15,2703
2020-05-13 22:20,2713
2020-05-13 22:25,2681
2020-05-13 22:30,2662
2020-05-13 22:35,2670
2020-05-13 22:40,2637
2020-05-13 22:45,2608
2020-05-13 22:50,2589
2020-05-13 22:55,2579
2020-05-13 23:00,2551
2020-05-13 23:05,2545
2020-05-13 23:10,2523
2020-05-13 23:15,2509
2020-05-13 23:20,2494
2020-05-13 23:25,2503
2020-05-13 23:30,2482
2020-05-13 23:35,2463
2020-05-13 23:40,2458
2020-05-13 23:45,2440
2020-05-13 23:50,2413
2020-05-13 23:55,2387
2020-05-14 00:00,2365
2020-05-14 00:05,2343
2020-05-14 00:10,2374
2020-05-14 00:15,2343
2020-05-14 00:20,2344
2020-05-14 00:25,2322
2020-05-14 00:30,2297
2020-05-14 00:35,2292
2020-05-14 00:40,2288
2020-05-14 00:45,2292
2020-05-14 00:50,2283
2020-05-14 00:55,2246
2020-05-14 01:00,2232
2020-05-14 01:05,2187
2020-05-14 01:10,2160
2020-05-14 01:15,2152
2020-05-14 01:20,2144
2020-05-14 01:25,2113
2020-05-14 01:30,2113
2020-05-14 01:35,2090
2020-05-14 01:40,2089
2020-05-14 01:45,2088
2020-05-14 01:50,2056
2020-05-14 01:55,2086
2020-05-14 02:00,2084
2020-05-14 02:05,2031
2020-05-14 02:10,2016
2020-05-14 02:15,1999
2020-05-14 02:20,1973
2020-05-14 02:25,1957
2020-05-14 02:30,1970
2020-05-14 02:35,1826
2020-05-14 02:40,1791
2020-05-14 02:45,1956
2020-05-14 02:50,0
2020-05-14 02:55,1949
2020-05-14 03:00,1939
2020-05-14 03:05,1940
2020-05-14 03:10,1890
2020-05-14 03:15,1905
2020-05-14 03:20,1889
2020-05-14 03:25,1873
2020-05-14 03:30,1843
2020-05-14 03:35,1827
2020-05-14 03:40,1796
2020-05-14 03:45,1780
2020-05-14 03:50,1779
2020-05-14 03:55,1736
2020-05-14 04:00,1715
2020-05-14 04:05,1692
2020-05-14 04:10,1680
2020-05-14 04:15,1654
2020-05-14 04:20,1640
2020-05-14 04:25,1631
2020-05-14 04:30,1615
2020-05-14 04:35,1599
2020-05-14 04:40,1573
2020-05-14 04:45,1581
2020-05-14 04:50,1568
2020-05-14 04:55,1535
2020-05-14 05:00,1542
2020-05-14 05:05,1528
2020-05-14 05:10,1520
2020-05-14 05:15,1514
2020-05-14 05:20,1508
2020-05-14 05:25,1508
2020-05-14 05:30,1483
2020-05-14 05:35,1467
2020-05-14 05:40,1460
2020-05-14 05:45,1452
2020-05-14 05:50,1449
2020-05-14 05:55,1441
2020-05-14 06:00,1407
2020-05-14 06:05,1388
2020-05-14 06:10,1395
2020-05-14 06:15,1395
2020-05-14 06:20,1402
2020-05-14 06:25,1405
2020-05-14 06:30,1396
2020-05-14 06:35,1391
2020-05-14 06:40,1395
2020-05-14 06:45,1392
2020-05-14 06:50,1389
2020-05-14 06:55,1380
2020-05-14 07:00,1353
2020-05-14 07:05,1333
2020-05-14 07:10,1353
2020-05-14 07:15,1361
2020-05-14 07:20,1362
2020-05-14 07:25,1363
2020-05-14 07:30,1379
2020-05-14 07:35,1395
2020-05-14 07:40,1397
2020-05-14 07:45,1399
2020-05-14 07:50,1414
2020-05-14 07:55,1425
2020-05-14 08:00,1444
2020-05-14 08:05,1432
2020-05-14 08:10,1446
2020-05-14 08:15,1458
2020-05-14 08:20,1445
2020-05-14 08:25,1467
2020-05-14 08:30,1496
2020-05-14 08:35,1515
2020-05-14 08:40,1528
2020-05-14 08:45,1551
2020-05-14 08:50,1548
2020-05-14 08:55,1562
2020-05-14 09:00,1558
2020-05-14 09:05,1566
2020-05-14 09:10,1569
2020-05-14 09:15,1577
2020-05-14 09:20,1589
2020-05-14 09:25,1599
2020-05-14 09:30,1604
2020-05-14 09:35,1629
2020-05-14 09:40,1653
2020-05-14 09:45,1656
2020-05-14 09:50,1646
2020-05-14 09:55,1682
2020-05-14 10:00,1736
2020-05-14 10:05,1800
2020-05-14 10:10,1847
2020-05-14 10:15,1881
2020-05-14 10:20,1879
2020-05-14 10:25,1908
2020-05-14 10:30,1921
2020-05-14 10:35,1919
2020-05-14 10:40,1918
2020-05-14 10:45,1924
2020-05-14 10:50,1941
2020-05-14 10:55,1963
2020-05-14 11:00,1981
2020-05-14 11:05,1994
2020-05-14 11:10,1990
2020-05-14 11:15,2008
2020-05-14 11:20,2036
2020-05-14 11:25,2080
2020-05-14 11:30,2060
2020-05-14 11:35,2083
2020-05-14 11:40,2069
2020-05-14 11:45,2094
2020-05-14 11:50,2111
2020-05-14 11:55,2130
2020-05-14 12:00,2132
2020-05-14 12:05,2149
2020-05-14 12:10,2171
2020-05-14 12:15,2189
2020-05-14 12:20,2212
2020-05-14 12:25,2220
2020-05-14 12:30,2248
2020-05-14 12:35,2276
2020-05-14 12:40,2265
2020-05-14 12:45,2270
2020-05-14 12:50,2310
2020-05-14 12:55,2306
2020-05-14 13:00,2301
2020-05-14 13:05,2300
2020-05-14 13:10,2316
2020-05-14 13:15,2323
2020-05-14 13:20,2343
2020-05-14 13:25,2355
2020-05-14 13:30,2348
2020-05-14 13:35,2336
2020-05-14 13:40,2306
2020-05-14 13:45,2297
2020-05-14 13:50,2219
2020-05-14 13:55,2083
2020-05-14 14:00,1847
2020-05-14 14:05,1214
2020-05-14 14:10,1175
2020-05-14 14:15,1180
2020-05-14 14:20,1220
2020-05-14 14:25,1249
2020-05-14 14:30,1279
2020-05-14 14:35,1291
2020-05-14 14:40,1308
2020-05-14 14:45,1357
2020-05-14 14:50,1365
2020-05-14 14:55,1387
2020-05-14 15:00,1423
2020-05-14 15:05,1465
2020-05-14 15:10,1501
2020-05-14 15:15,1532
2020-05-14 15:20,1535
2020-05-14 15:25,1583
2020-05-14 15:30,1575
2020-05-14 15:35,1626
2020-05-14 15:40,1798
2020-05-14 15:45,1949
2020-05-14 15:50,2094
2020-05-14 15:55,2233
2020-05-14 16:00,2366
2020-05-14 16:05,2517
2020-05-14 16:10,2645
2020-05-14 16:15,2730
2020-05-14 16:20,2828
2020-05-14 16:25,2915
2020-05-14 16:30,3009
2020-05-14 16:35,3063
2020-05-14 16:40,3138
2020-05-14 16:45,3159
2020-05-14 16:50,3203
2020-05-14 16:55,3237
2020-05-14 17:00,3297
2020-05-14 17:05,3374
2020-05-14 17:10,3412
2020-05-14 17:15,3433
2020-05-14 17:20,3463
2020-05-14 17:25,3476
2020-05-14 17:30,3509
2020-05-14 17:35,3537
2020-05-14 17:40,3582
2020-05-14 17:45,3589
2020-05-14 17:50,3620
2020-05-14 17:55,3606
2020-05-14 18:00,3634
2020-05-14 18:05,3633
2020-05-14 18:10,3657
2020-05-14 18:15,3673
2020-05-14 18:20,3669
2020-05-14 18:25,3706
2020-05-14 18:30,3686
2020-05-14 18:35,3688
2020-05-14 18:40,3708
2020-05-14 18:45,3713
2020-05-14 18:50,3741
2020-05-14 18:55,3731
2020-05-14 19:00,3749
2020-05-14 19:05,3724
2020-05-14 19:10,3746
2020-05-14 19:15,3745
2020-05-14 19:20,3726
2020-05-14 19:25,3737
2020-05-14 19:30,3724
2020-05-14 19:35,3728
2020-05-14 19:40,3758
2020-05-14 19:45,3722
2020-05-14 19:50,3697
2020-05-14 19:55,3687
2020-05-14 20:00,3659
2020-05-14 20:05,3656
2020-05-14 20:10,3617
2020-05-14 20:15,3584
2020-05-14 20:20,3553
2020-05-14 20:25,3572
2020-05-14 20:30,3533
2020-05-14 20:35,3522
2020-05-14 20:40,3482
2020-05-14 20:45,3450
2020-05-14 20:50,3449
2020-05-14 20:55,3453
2020-05-14 21:00,3429
2020-05-14 21:05,3407
2020-05-14 21:10,3391
2020-05-14 21:15,3368
2020-05-14 21:20,3313
2020-05-14 21:25,3293
2020-05-14 21:30,3270
2020-05-14 21:35,3227
2020-05-14 21:40,3195
2020-05-14 21:45,3141
2020-05-14 21:50,3085
2020-05-14 21:55,3026
2020-05-14 22:00,2996
2020-05-14 22:05,2989
2020-05-14 22:10,2961
2020-05-14 22:15,2975
2020-05-14 22:20,2952
2020-05-14 22:25,2928
2020-05-14 22:30,2900
2020-05-14 22:35,2891
2020-05-14 22:40,2871
2020-05-14 22:45,2852
2020-05-14 22:50,2838
2020-05-14 22:55,2821
2020-05-14 23:00,2789
2020-05-14 23:05,2768
2020-05-14 23:10,2724
2020-05-14 23:15,2701
2020-05-14 23:20,2666
2020-05-14 23:25,2655
2020-05-14 23:30,2636
2020-05-14 23:35,2605
2020-05-14 23:40,2551
2020-05-14 23:45,2533
2020-05-14 23:50,2493
2020-05-14 23:55,2464
2020-05-15 00:00,2433
2020-05-15 00:05,2359
2020-05-15 00:10,2334
2020-05-15 00:15,2329
2020-05-15 00:20,2316
2020-05-15 00:25,2307
2020-05-15 00:30,2296
2020-05-15 00:35,2279
2020-05-15 00:40,2253
2020-05-15 00:45,2231
2020-05-15 00:50,2245
2020-05-15 00:55,2244
2020-05-15 01:00,2256
2020-05-15 01:05,
2020-05-15 01:10,2250
2020-05-15 01:15,2259
2020-05-15 01:20,2235
2020-05-15 01:25,2231
2020-05-15 01:30,2228
2020-05-15 01:35,2214
2020-05-15 01:40,2231
2020-05-15 01:45,2234
2020-05-15 01:50,2227
2020-05-15 01:55,2220
2020-05-15 02:00,2205
2020-05-15 02:05,2193
2020-05-15 02:10,2182
2020-05-15 02:15,2144
2020-05-15 02:20,2151
2020-05-15 02:25,2137
2020-05-15 02:30,2087
2020-05-15 02:35,2072
2020-05-15 02:40,2081
2020-05-15 02:45,2073
2020-05-15 02:50,2051
2020-05-15 02:55,2034
2020-05-15 03:00,1992
2020-05-15 03:05,1977
2020-05-15 03:10,1970
2020-05-15 03:15,1959
2020-05-15 03:20,1947
2020-05-15 03:25,1938
2020-05-15 03:30,1925
2020-05-15 03:35,1901
2020-05-15 03:40,1898
2020-05-15 03:45,1897
2020-05-15 03:50,1888
2020-05-15 03:55,1863
2020-05-15 04:00,1824
2020-05-15 04:05,1791
2020-05-15 04:10,1774
2020-05-15 04:15,1738
2020-05-15 04:20,1734
2020-05-15 04:25,1713
2020-05-15 04:30,1704
2020-05-15 04:35,1704
2020-05-15 04:40,1711
2020-05-15 04:45,1705
2020-05-15 04:50,1685
2020-05-15 04:55,1658
2020-05-15 05:00,1655
2020-05-15 05:05,1647
2020-05-15 05:10,1654
2020-05-15 05:15,1646
2020-05-15 05:20,1636
2020-05-15 05:25,1624
2020-05-15 05:30,1639
2020-05-15 05:35,1633
2020-05-15 05:40,1631
2020-05-15 05:45,1645
2020-05-15 05:50,1637
2020-05-15 05:55,1620
2020-05-15 06:00,1605
2020-05-15 06:05,1596
2020-05-15 06:10,1596
2020-05-15 06:15,1611
2020-05-15 06:20,1610
2020-05-15 06:25,1620
2020-05-15 06:30,1617
2020-05-15 06:35,1608
2020-05-15 06:40,1602
2020-05-15 06:45,1605
2020-05-15 06:50,1612
2020-05-15 06:55,1616
2020-05-15 07:00,1603
2020-05-15 07:05,1605
2020-05-15 07:10,1618
2020-05-15 07:15,1628
2020-05-15 07:20,1610
2020-05-15 07:25,1620
2020-05-15 07:30,1612
2020-05-15 07:35,1603
2020-05-15 07:40,1600
2020-05-15 07:45,1618
2020-05-15 07:50,1619
2020-05-15 07:55,1619
2020-05-15 08:00,1616
2020-05-15 08:05,1620
2020-05-15 08:10,1635
2020-05-15 08:15,1653
2020-05-15 08:20,1652
2020-05-15 08:25,1700
2020-05-15 08:30,1699
2020-05-15 08:35,1706
2020-05-15 08:40,1701
2020-05-15 08:45,1705
2020-05-15 08:50,1723
2020-05-15 08:55,1727
2020-05-15 09:00,1740
2020-05-15 09:05,1777
2020-05-15 09:10,1777
2020-05-15 09:15,1802
2020-05-15 09:20,1825
2020-05-15 09:25,1811
2020-05-15 09:30,1807
2020-05-15 09:35,1814
2020-05-15 09:40,1802
2020-05-15 09:45,1812
2020-05-15 09:50,1799
2020-05-15 09:55,1829
2020-05-15 10:00,1853
2020-05-15 10:05,1917
2020-05-15 10:10,1965
2020-05-15 10:15,2001
2020-05-15 10:20,2011
2020-05-15 10:25,2020
2020-05-15 10:30,2027
2020-05-15 10:35,2013
2020-05-15 10:40,2029
2020-05-15 10:45,2062
2020-05-15 10:50,2068
2020-05-15 10:55,2083
2020-05-15 11:00,2065
2020-05-15 11:05,2075
2020-05-15 11:10,2085
2020-05-15 11:15,2087
2020-05-15 11:20,2098
2020-05-15 11:25,2099
2020-05-15 11:30,2114
2020-05-15 11:35,2135
2020-05-15 11:40,2166
2020-05-15 11:45,2164
2020-05-15 11:50,2182
2020-05-15 11:55,2180
2020-05-15 12:00,2174
2020-05-15 12:05,2202
2020-05-15 12:10,2222
2020-05-15 12:15,2255
2020-05-15 12:20,2262
2020-05-15 12:25,2264
2020-05-15 12:30,2291
2020-05-15 12:35,2288
2020-05-15 12:40,2300
2020-05-15 12:45,2330
2020-05-15 12:50,2337
2020-05-15 12:55,2357
2020-05-15 13:00,2392
2020-05-15 13:05,2425
2020-05-15 13:10,2450
2020-05-15 13:15,2451
2020-05-15 13:20,2482
2020-05-15 13:25,2514
2020-05-15 13:30,2526
2020-05-15 13:35,2504
2020-05-15 13:40,2523
2020-05-15 13:45,2524
2020-05-15 13:50,2534
2020-05-15 13:55,2539
2020-05-15 14:00,2556
2020-05-15 14:05,2554
2020-05-15 14:10,2574
2020-05-15 14:15,2588
2020-05-15 14:20,2594
2020-05-15 14:25,2608
2020-05-15 14:30,2633
2020-05-15 14:35,2658
2020-05-15 14:40,2666
2020-05-15 14:45,2668
2020-05-15 14:50,2667
2020-05-15 14:55,2680
2020-05-15 15:00,2689
2020-05-15 15:05,2703
2020-05-15 15:10,2713
2020-05-15 15:15,2722
2020-05-15 15:20,2745
2020-05-15 15:25,2764
2020-05-15 15:30,2793
2020-05-15 15:35,2824
2020-05-15 15:40,2836
2020-05-15 15:45,2859
2020-05-15 15:50,2876
2020-05-15 15:55,2901
2020-05-15 16:00,2919
2020-05-15 16:05,2931
2020-05-15 16:10,2927
2020-05-15 16:15,2945
2020-05-15 16:20,2973
2020-05-15 16:25,3009
2020-05-15 16:30,3035
2020-05-15 16:35,3044
2020-05-15 16:40,3051
2020-05-15 16:45,3065
2020-05-15 16:50,3073
2020-05-15 16:55,3086
2020-05-15 17:00,3093
2020-05-15 17:05,3121
2020-05-15 17:10,3132
2020-05-15 17:15,3174
2020-05-15 17:20,3202
2020-05-15 17:25,3206
2020-05-15 17:30,3206
2020-05-15 17:35,3246
2020-05-15 17:40,3233
2020-05-15 17:45,3231
2020-05-15 17:50,3252
2020-05-15 17:55,3272
2020-05-15 18:00,3302
2020-05-15 18:05,3319
2020-05-15 18:10,3322
2020-05-15 18:15,3360
2020-05-15 18:20,3370
2020-05-15 18:25,3369
2020-05-15 18:30,3361
2020-05-15 18:35,3388
2020-05-15 18:40,3387
2020-05-15 18:45,3410
2020-05-15 18:50,3404
2020-05-15 18:55,3395
2020-05-15 19:00,3418
2020-05-15 19:05,3432
2020-05-15 19:10,3429
2020-05-15 19:15,3408
2020-05-15 19:20,3445
2020-05-15 19:25,3452
2020-05-15 19:30,3444
2020-05-15 19:35,3448
2020-05-15 19:40,3447
2020-05-15 19:45,3437
2020-05-15 19:50,3437
2020-05-15 19:55,3430
2020-05-15 20:00,3434
2020-05-15 20:05,3429
2020-05-15 20:10,3409
2020-05-15 20:15,3391
2020-05-15 20:20,3390
2020-05-15 20:25,3368
2020-05-15 20:30,3351
2020-05-15 20:35,3330
2020-05-15 20:40,3322
2020-05-15 20:45,3292
2020-05-15 20:50,3276
2020-05-15 20:55,3272
2020-05-15 21:00,3256
2020-05-15 21:05,3210
2020-05-15 21:10,3190
2020-05-15 21:15,3179
2020-05-15 21:20,3160
2020-05-15 21:25,3124
2020-05-15 21:30,3133
2020-05-15 21:35,3083
2020-05-15 21:40,3057
2020-05-15 21:45,3008
2020-05-15 21:50,3002
2020-05-15 21:55,2971
2020-05-15 22:00,2943
2020-05-15 22:05,2925
2020-05-15 22:10,2905
2020-05-15 22:15,2881
2020-05-15 22:20,2856
2020-05-15 22:25,2822
2020-05-15 22:30,2781
2020-05-15 22:35,2767
2020-05-15 22:40,2774
2020-05-15 22:45,2757
2020-05-15 22:50,2727
2020-05-15 22:55,2712
2020-05-15 23:00,2700
2020-05-15 23:05,2665
2020-05-15 23:10,2632
2020-05-15 23:15,2641
2020-05-15 23:20,2633
2020-05-15 23:25,2614
2020-05-15 23:30,2619
2020-05-15 23:35,2599
2020-05-15 23:40,2570
2020-05-15 23:45,2546
2020-05-15 23:50,2528
2020-05-15 23:55,2508
2020-05-16 00:00,2488
2020-05-16 00:05,2444
2020-05-16 00:10,2423
2020-05-16 00:15,2403
2020-05-16 00:20,2368
2020-05-16 00:25,2360
2020-05-16 00:30,2328
2020-05-16 00:35,2293
2020-05-16 00:40,2261
2020-05-16 00:45,2213
2020-05-16 00:50,2197
2020-05-16 00:55,2156
2020-05-16 01:00,2156
2020-05-16 01:05,2086
2020-05-16 01:10,2051
2020-05-16 01:15,1984
2020-05-16 01:20,1923
2020-05-16 01:25,1829
2020-05-16 01:30,1600
2020-05-16 01:35,953
2020-05-16 01:40,928
2020-05-16 01:45,905
2020-05-16 01:50,906
2020-05-16 01:55,899
2020-05-16 02:00,907
2020-05-16 02:05,889
2020-05-16 02:10,898
2020-05-16 02:15,851
2020-05-16 02:20,837
2020-05-16 02:25,818
2020-05-16 02:30,826
2020-05-16 02:35,851
2020-05-16 02:40,839
2020-05-16 02:45,854
2020-05-16 02:50,937
2020-05-16 02:55,1044
2020-05-16 03:00,1134
2020-05-16 03:05,1203
2020-05-16 03:10,1285
2020-05-16 03:15,1381
2020-05-16 03:20,1433
2020-05-16 03:25,1474
2020-05-16 03:30,1504
2020-05-16 03:35,1602
2020-05-16 03:40,1624
2020-05-16 03:45,1676
2020-05-16 03:50,1711
2020-05-16 03:55,1737
2020-05-16 04:00,1759
2020-05-16 04:05,1782
2020-05-16 04:10,1803
2020-05-16 04:15,1829
2020-05-16 04:20,1859
2020-05-16 04:25,1864
2020-05-16 04:30,1848
2020-05-16 04:35,1829
2020-05-16 04:40,1844
2020-05-16 04:45,1827
2020-05-16 04:50,1813
2020-05-16 04:55,1817
2020-05-16 05:00,1804
2020-05-16 05:05,1797
2020-05-16 05:10,1782
2020-05-16 05:15,1768
2020-05-16 05:20,1781
2020-05-16 05:25,1782
2020-05-16 05:30,1780
2020-05-16 05:35,1791
2020-05-16 05:40,1781
2020-05-16 05:45,1762
2020-05-16 05:50,1748
2020-05-16 05:55,1755
2020-05-16 06:00,1749
2020-05-16 06:05,1758
2020-05-16 06:10,1756
2020-05-16 06:15,1758
2020-05-16 06:20,1756
2020-05-16 06:25,1753
2020-05-16 06:30,1752
2020-05-16 06:35,1748
2020-05-16 06:40,1745
2020-05-16 06:45,1744
2020-05-16 06:50,1731
2020-05-16 06:55,1739
2020-05-16 07:00,1775
2020-05-16 07:05,1779
2020-05-16 07:10,1781
2020-05-16 07:15,1784
2020-05-16 07:20,1793
2020-05-16 07:25,1801
2020-05-16 07:30,1810
2020-05-16 07:35,1792
2020-05-16 07:40,1807
2020-05-16 07:45,1819
2020-05-16 07:50,1809
2020-05-16 07:55,1810
2020-05-16 08:00,1816
2020-05-16 08:05,1829
2020-05-16 08:10,1843
2020-05-16 08:15,1853
2020-05-16 08:20,1851
2020-05-16 08:25,1880
2020-05-16 08:30,1915
2020-05-16 08:35,1922
2020-05-16 08:40,1938
2020-05-16 08:45,1953
2020-05-16 08:50,1977
2020-05-16 08:55,1989
2020-05-16 09:00,2003
2020-05-16 09:05,1987
2020-05-16 09:10,2007
2020-05-16 09:15,1996
2020-05-16 09:20,2024
2020-05-16 09:25,2059
2020-05-16 09:30,2063
2020-05-16 09:35,2075
2020-05-16 09:40,2080
2020-05-16 09:45,2092
2020-05-16 09:50,2094
2020-05-16 09:55,2129
2020-05-16 10:00,2128
2020-05-16 10:05,2155
2020-05-16 10:10,2194
2020-05-16 10:15,2214
2020-05-16 10:20,2246
2020-05-16 10:25,2259
2020-05-16 10:30,2272
2020-05-16 10:35,2290
2020-05-16 10:40,2312
2020-05-16 10:45,2321
2020-05-16 10:50,2344
2020-05-16 10:55,2344
2020-05-16 11:00,2368
2020-05-16 11:05,2377
2020-05-16 11:10,2419
2020-05-16 11:15,2439
2020-05-16 11:20,2485
2020-05-16 11:25,2495
2020-05-16 11:30,2513
2020-05-16 11:35,2527
2020-05-16 11:40,2530
2020-05-16 11:45,2566
2020-05-16 11:50,2578
2020-05-16 11:55,2592
2020-05-16 12:00,2602
2020-05-16 12:05,2599
2020-05-16 12:10,2613
2020-05-16 12:15,2636
2020-05-16 12:20,2658
2020-05-16 12:25,2690
2020-05-16 12:30,2681
2020-05-16 12:35,2703
2020-05-16 12:40,2721
2020-05-16 12:45,2739
2020-05-16 12:50,2754
2020-05-16 12:55,2769
2020-05-16 13:00,2787
2020-05-16 13:05,2801
2020-05-16 13:10,2805
2020-05-16 13:15,2820
2020-05-16 13:20,2845
2020-05-16 13:25,2860
2020-05-16 13:30,2886
2020-05-16 13:35,2893
2020-05-16 13:40,2893
2020-05-16 13:45,2876
2020-05-16 13:50,2887
2020-05-16 13:55,2918
2020-05-16 14:00,2906
2020-05-16 14:05,2930
2020-05-16 14:10,2976
2020-05-16 14:15,2989
2020-05-16 14:20,3006
2020-05-16 14:25,3013
2020-05-16 14:30,3020
2020-05-16 14:35,3039
2020-05-16 14:40,3048
2020-05-16 14:45,3059
2020-05-16 14:50,3064
2020-05-16 14:55,3076
2020-05-16 15:00,3106
2020-05-16 15:05,3125
2020-05-16 15:10,3149
2020-05-16 15:15,3162
2020-05-16 15:20,3180
2020-05-16 15:25,3197
2020-05-16 15:30,3191
2020-05-16 15:35,3217
2020-05-16 15:40,3237
2020-05-16 15:45,3225
2020-05-16 15:50,3238
2020-05-16 15:55,3252
2020-05-16 16:00,3255
2020-05-16 16:05,3246
2020-05-16 16:10,3229
2020-05-16 16:15,3229
2020-05-16 16:20,3241
2020-05-16 16:25,3243
2020-05-16 16:30,3250
2020-05-16 16:35,3265
2020-05-16 16:40,3249
2020-05-16 16:45,3279
2020-05-16 16:50,3280
2020-05-16 16:55,3285
2020-05-16 17:00,3280
2020-05-16 17:05,3311
2020-05-16 17:10,3317
2020-05-16 17:15,3299
2020-05-16 17:20,3295
2020-05-16 17:25,3314
2020-05-16 17:30,3347
2020-05-16 17:35,3345
2020-05-16 17:40,3356
2020-05-16 17:45,3385
2020-05-16 17:50,3392
2020-05-16 17:55,3395
2020-05-16 18:00,3409
2020-05-16 18:05,3406
2020-05-16 18:10,3419
2020-05-16 18:15,3427
2020-05-16 18:20,3463
2020-05-16 18:25,3484
2020-05-16 18:30,3475
2020-05-16 18:35,3501
2020-05-16 18:40,3525
2020-05-16 18:45,3536
2020-05-16 18:50,3557
2020-05-16 18:55,3548
2020-05-16 19:00,3539
2020-05-16 19:05,3551
2020-05-16 19:10,3573
2020-05-16 19:15,3565
2020-05-16 19:20,3573
2020-05-16 19:25,3572
2020-05-16 19:30,3583
2020-05-16 19:35,3575
2020-05-16 19:40,3554
2020-05-16 19:45,3564
2020-05-16 19:50,3525
2020-05-16 19:55,3538
2020-05-16 20:00,3560
2020-05-16 20:05,3579
2020-05-16 20:10,3577
2020-05-16 20:15,3588
2020-05-16 20:20,3581
2020-05-16 20:25,3595
2020-05-16 20:30,3596
2020-05-16 20:35,3601
2020-05-16 20:40,3553
2020-05-16 20:45,3531
2020-05-16 20:50,3535
2020-05-16 20:55,3495
2020-05-16 21:00,3484
2020-05-16 21:05,3462
2020-05-16 21:10,3442
2020-05-16 21:15,3442
2020-05-16 21:20,3416
2020-05-16 21:25,3417
2020-05-16 21:30,3383
2020-05-16 21:35,3300
2020-05-16 21:40,3283
2020-05-16 21:45,3242
2020-05-16 21:50,3185
2020-05-16 21:55,3177
2020-05-16 22:00,3122
2020-05-16 22:05,3086
2020-05-16 22:10,3051
2020-05-16 22:15,3066
2020-05-16 22:20,3047
2020-05-16 22:25,3030
2020-05-16 22:30,3034
2020-05-16 22:35,3005
2020-05-16 22:40,2998
2020-05-16 22:45,2942
2020-05-16 22:50,2887
2020-05-16 22:55,2909
2020-05-16 23:00,2893
2020-05-16 23:05,2857
2020-05-16 23:10,2839
2020-05-16 23:15,2805
2020-05-16 23:20,2750
2020-05-16 23:25,2727
2020-05-16 23:30,2680
2020-05-16 23:35,2656
2020-05-16 23:40,2629
2020-05-16 23:45,2608
2020-05-16 23:50,2554
2020-05-16 23:55,2539
2020-05-17 00:00,2496
2020-05-17 00:05,2476
2020-05-17 00:10,2442
2020-05-17 00:15,2414
2020-05-17 00:20,2413
2020-05-17 00:25,2398
2020-05-17 00:30,2368
2020-05-17 00:35,2350
2020-05-17 00:40,2347
2020-05-17 00:45,2354
2020-05-17 00:50,2333
2020-05-17 00:55,2300
2020-05-17 01:00,2310
2020-05-17 01:05,2265
2020-05-17 01:10,2234
2020-05-17 01:15,2217
2020-05-17 01:20,2183
2020-05-17 01:25,2190
2020-05-17 01:30,2172
2020-05-17 01:35,2168
2020-05-17 01:40,2169
2020-05-17 01:45,2146
2020-05-17 01:50,2123
2020-05-17 01:55,2114
2020-05-17 02:00,2107
2020-05-17 02:05,2083
2020-05-17 02:10,2082
2020-05-17 02:15,2064
2020-05-17 02:20,2079
2020-05-17 02:25,2094
2020-05-17 02:30,2084
2020-05-17 02:35,2063
2020-05-17 02:40,2054
2020-05-17 02:45,2053
2020-05-17 02:50,2056
2020-05-17 02:55,2035
2020-05-17 03:00,2022
2020-05-17 03:05,2027
2020-05-17 03:10,2006
2020-05-17 03:15,2000
2020-05-17 03:20,1976
2020-05-17 03:25,1957
2020-05-17 03:30,1961
2020-05-17 03:35,1943
2020-05-17 03:40,1928
2020-05-17 03:45,1909
2020-05-17 03:50,1899
2020-05-17 03:55,1884
2020-05-17 04:00,1874
2020-05-17 04:05,1856
2020-05-17 04:10,1837
2020-05-17 04:15,1845
2020-05-17 04:20,1858
2020-05-17 04:25,1857
2020-05-17 04:30,1841
2020-05-17 04:35,1808
2020-05-17 04:40,1810
2020-05-17 04:45,1804
2020-05-17 04:50,1807
2020-05-17 04:55,1799
2020-05-17 05:00,1793
2020-05-17 05:05,1790
2020-05-17 05:10,1777
2020-05-17 05:15,1756
2020-05-17 05:20,1739
2020-05-17 05:25,1735
2020-05-17 05:30,1721
2020-05-17 05:35,1707
2020-05-17 05:40,1724
2020-05-17 05:45,1723
2020-05-17 05:50,1701
2020-05-17 05:55,1693
2020-05-17 06:00,1694
2020-05-17 06:05,1701
2020-05-17 06:10,1695
2020-05-17 06:15,1687
2020-05-17 06:20,1683
2020-05-17 06:25,1685
2020-05-17 06:30,1688
2020-05-17 06:35,1682
2020-05-17 06:40,1697
2020-05-17 06:45,1706
2020-05-17 06:50,1695
2020-05-17 06:55,1711
2020-05-17 07:00,1696
2020-05-17 07:05,1699
2020-05-17 07:10,1678
2020-05-17 07:15,1690
2020-05-17 07:20,1700
2020-05-17 07:25,1712
2020-05-17 07:30,1710
2020-05-17 07:35,1736
2020-05-17 07:40,1744
2020-05-17 07:45,1747
2020-05-17 07:50,1763
2020-05-17 07:55,1784
2020-05-17 08:00,1796
2020-05-17 08:05,1811
2020-05-17 08:10,1827
2020-05-17 08:15,1839
2020-05-17 08:20,1862
2020-05-17 08:25,1872
2020-05-17 08:30,1899
2020-05-17 08:35,1911
2020-05-17 08:40,1926
2020-05-17 08:45,1945
2020-05-17 08:50,1981
2020-05-17 08:55,1998
2020-05-17 09:00,2017
2020-05-17 09:05,2036
2020-05-17 09:10,2036
2020-05-17 09:15,2083
2020-05-17 09:20,2099
2020-05-17 09:25,2122
2020-05-17 09:30,2134
2020-05-17 09:35,2147
2020-05-17 09:40,2188
2020-05-17 09:45,2217
2020-05-17 09:50,2189
2020-05-17 09:55,2213
2020-05-17 10:00,2244
2020-05-17 10:05,2277
2020-05-17 10:10,2294
2020-05-17 10:15,2346
2020-05-17 10:20,2368
2020-05-17 10:25,2402
2020-05-17 10:30,2412
2020-05-17 10:35,2433
2020-05-17 10:40,2456
2020-05-17 10:45,2453
2020-05-17 10:50,2460
2020-05-17 10:55,2469
2020-05-17 11:00,2470
2020-05-17 11:05,2490
2020-05-17 11:10,2505
2020-05-17 11:15,2493
2020-05-17 11:20,2514
2020-05-17 11:25,2518
2020-05-17 11:30,2506
2020-05-17 11:35,2528
2020-05-17 11:40,2557
2020-05-17 11:45,2568
2020-05-17 11:50,2589
2020-05-17 11:55,2603
2020-05-17 12:00,2640
2020-05-17 12:05,2670
2020-05-17 12:10,2689
2020-05-17 12:15,2686
2020-05-17 12:20,2700
2020-05-17 12:25,2716
2020-05-17 12:30,2720
2020-05-17 12:35,2749
2020-05-17 12:40,2756
2020-05-17 12:45,2792
2020-05-17 12:50,2806
2020-05-17 12:55,2836
2020-05-17 13:00,2823
2020-05-17 13:05,2842
2020-05-17 13:10,2875
2020-05-17 13:15,2889
2020-05-17 13:20,2900
2020-05-17 13:25,2940
2020-05-17 13:30,2972
2020-05-17 13:35,2990
2020-05-17 13:40,3017
2020-05-17 13:45,3033
2020-05-17 13:50,3050
2020-05-17 13:55,3055
2020-05-17 14:00,3112
2020-05-17 14:05,3130
2020-05-17 14:10,3131
2020-05-17 14:15,3144
2020-05-17 14:20,3170
2020-05-17 14:25,3165
2020-05-17 14:30,3186
2020-05-17 14:35,3191
2020-05-17 14:40,3216
2020-05-17 14:45,3240
2020-05-17 14:50,3259
2020-05-17 14:55,3268
2020-05-17 15:00,3289
2020-05-17 15:05,3299
2020-05-17 15:10,3283
2020-05-17 15:15,3271
2020-05-17 15:20,3288
2020-05-17 15:25,3301
2020-05-17 15:30,3309
2020-05-17 15:35,3294
2020-05-17 15:40,3293
2020-05-17 15:45,3304
2020-05-17 15:50,3317
2020-05-17 15:55,3307
2020-05-17 16:00,3307
2020-05-17 16:05,3311
2020-05-17 16:10,3302
2020-05-17 16:15,3339
2020-05-17 16:20,3378
2020-05-17 16:25,3381
2020-05-17 16:30,3395
2020-05-17 16:35,3400
2020-05-17 16:40,3441
2020-05-17 16:45,3458
2020-05-17 16:50,3514
2020-05-17 16:55,3505
2020-05-17 17:00,3482
2020-05-17 17:05,3475
2020-05-17 17:10,3480
2020-05-17 17:15,3525
2020-05-17 17:20,3517
2020-05-17 17:25,3511
2020-05-17 17:30,3530
2020-05-17 17:35,3525
2020-05-17 17:40,3533
2020-05-17 17:45,3560
2020-05-17 17:50,3547
2020-05-17 17:55,3546
2020-05-17 18:00,3583
2020-05-17 18:05,3590
2020-05-17 18:10,3574
2020-05-17 18:15,3587
2020-05-17 18:20,3598
2020-05-17 18:25,3639
2020-05-17 18:30,3669
2020-05-17 18:35,3655
2020-05-17 18:40,3676
2020-05-17 18:45,3693
2020-05-17 18:50,3698
2020-05-17 18:55,3682
2020-05-17 19:00,3689
2020-05-17 19:05,3678
2020-05-17 19:10,3666
2020-05-17 19:15,3657
2020-05-17 19:20,3661
2020-05-17 19:25,3627
2020-05-17 19:30,3648
2020-05-17 19:35,3638
2020-05-17 19:40,3617
2020-05-17 19:45,3607
2020-05-17 19:50,3590
2020-05-17 19:55,3569
2020-05-17 20:00,3565
2020-05-17 20:05,3556
2020-05-17 20:10,3569
2020-05-17 20:15,3564
2020-05-17 20:20,3519
2020-05-17 20:25,3468
2020-05-17 20:30,3433
2020-05-17 20:35,3435
2020-05-17 20:40,3435
2020-05-17 20:45,3443
2020-05-17 20:50,3426
2020-05-17 20:55,3372
2020-05-17 21:00,3333
2020-05-17 21:05,3304
2020-05-17 21:10,3263
2020-05-17 21:15,3244
2020-05-17 21:20,3208
2020-05-17 21:25,3180
2020-05-17 21:30,3148
2020-05-17 21:35,3102
2020-05-17 21:40,3061
2020-05-17 21:45,2996
2020-05-17 21:50,2968
2020-05-17 21:55,2963
2020-05-17 22:00,2925
2020-05-17 22:05,2894
2020-05-17 22:10,2867
2020-05-17 22:15,2835
2020-05-17 22:20,2824
2020-05-17 22:25,2790
2020-05-17 22:30,2794
2020-05-17 22:35,2735
2020-05-17 22:40,2716
2020-05-17 22:45,2716
2020-05-17 22:50,2663
2020-05-17 22:55,2616
2020-05-17 23:00,2589
2020-05-17 23:05,2554
2020-05-17 23:10,2546
2020-05-17 23:15,2507
2020-05-17 23:20,2507
2020-05-17 23:25,2485
2020-05-17 23:30,2445
2020-05-17 23:35,2429
2020-05-17 23:40,2417
2020-05-17 23:45,2417
2020-05-17 23:50,2401
2020-05-17 23:55,2393
2020-05-18 00:00,2369
2020-05-18 00:05,2368
2020-05-18 00:10,2354
2020-05-18 00:15,2332
2020-05-18 00:20,2289
2020-05-18 00:25,2260
2020-05-18 00:30,2249
2020-05-18 00:35,2227
2020-05-18 00:40,2223
2020-05-18 00:45,2230
2020-05-18 00:50,2210
2020-05-18 00:55,2223
2020-05-18 01:00,2210
2020-05-18 01:05,2197
2020-05-18 01:10,2219
2020-05-18 01:15,2200
2020-05-18 01:20,2193
2020-05-18 01:25,2164
2020-05-18 01:30,2144
2020-05-18 01:35,2138
2020-05-18 01:40,2133
2020-05-18 01:45,2136
2020-05-18 01:50,2125
2020-05-18 01:55,2135
2020-05-18 02:00,2111
2020-05-18 02:05,2080
2020-05-18 02:10,2018
2020-05-18 02:15,2026
2020-05-18 02:20,2001
2020-05-18 02:25,1975
2020-05-18 02:30,1975
2020-05-18 02:35,1990
2020-05-18 02:40,1973
2020-05-18 02:45,1967
2020-05-18 02:50,1952
2020-05-18 02:55,1939
2020-05-18 03:00,1929
2020-05-18 03:05,1923
2020-05-18 03:10,1894
2020-05-18 03:15,1872
2020-05-18 03:20,1850
2020-05-18 03:25,1826
2020-05-18 03:30,1790
2020-05-18 03:35,1798
2020-05-18 03:40,1783
2020-05-18 03:45,1771
2020-05-18 03:50,1749
2020-05-18 03:55,1736
2020-05-18 04:00,1702
2020-05-18 04:05,1675
2020-05-18 04:10,1667
2020-05-18 04:15,1657
2020-05-18 04:20,1648
2020-05-18 04:25,1627
2020-05-18 04:30,1622
2020-05-18 04:35,1625
2020-05-18 04:40,1616
2020-05-18 04:45,1596
2020-05-18 04:50,1594
2020-05-18 04:55,1587
2020-05-18 05:00,1562
2020-05-18 05:05,1555
2020-05-18 05:10,1539
2020-05-18 05:15,1529
2020-05-18 05:20,1497
2020-05-18 05:25,1505
2020-05-18 05:30,1493
2020-05-18 05:35,1488
2020-05-18 05:40,1467
2020-05-18 05:45,1465
2020-05-18 05:50,1451
2020-05-18 05:55,1449
2020-05-18 06:00,1430
2020-05-18 06:05,1434
2020-05-18 06:10,1424
2020-05-18 06:15,1415
2020-05-18 06:20,1396
2020-05-18 06:25,1411
2020-05-18 06:30,1403
2020-05-18 06:35,1413
2020-05-18 06:40,1412
2020-05-18 06:45,1408
2020-05-18 06:50,1411
2020-05-18 06:55,1414
2020-05-18 07:00,1408
2020-05-18 07:05,1414
2020-05-18 07:10,1412
2020-05-18 07:15,1428
2020-05-18 07:20,1418
2020-05-18 07:25,1429
2020-05-18 07:30,1433
2020-05-18 07:35,1446
2020-05-18 07:40,1447
2020-05-18 07:45,1459
2020-05-18 07:50,1453
2020-05-18 07:55,1460
2020-05-18 08:00,1478
2020-05-18 08:05,1509
2020-05-18 08:10,1520
2020-05-18 08:15,1527
2020-05-18 08:20,1534
2020-05-18 08:25,1537
2020-05-18 08:30,1550
2020-05-18 08:35,1555
2020-05-18 08:40,1558
2020-05-18 08:45,1557
2020-05-18 08:50,1550
2020-05-18 08:55,1565
2020-05-18 09:00,1559
2020-05-18 09:05,1578
2020-05-18 09:10,1587
2020-05-18 09:15,1594
2020-05-18 09:20,1603
2020-05-18 09:25,1636
2020-05-18 09:30,1666
2020-05-18 09:35,1640
2020-05-18 09:40,1675
2020-05-18 09:45,1667
2020-05-18 09:50,1701
2020-05-18 09:55,1718
2020-05-18 10:00,1746
2020-05-18 10:05,1773
2020-05-18 10:10,1797
2020-05-18 10:15,1833
2020-05-18 10:20,1840
2020-05-18 10:25,1844
2020-05-18 10:30,1868
2020-05-18 10:35,1868
2020-05-18 10:40,1869
2020-05-18 10:45,1905
2020-05-18 10:50,1922
2020-05-18 10:55,1932
2020-05-18 11:00,1943
2020-05-18 11:05,1956
2020-05-18 11:10,1968
2020-05-18 11:15,1978
2020-05-18 11:20,2017
2020-05-18 11:25,2037
2020-05-18 11:30,2057
2020-05-18 11:35,2093
2020-05-18 11:40,2103
2020-05-18 11:45,2109
2020-05-18 11:50,2113
2020-05-18 11:55,2106
2020-05-18 12:00,2127
2020-05-18 12:05,2133
2020-05-18 12:10,2154
2020-05-18 12:15,2180
2020-05-18 12:20,2189
2020-05-18 12:25,2191
2020-05-18 12:30,2202
2020-05-18 12:35,2233
2020-05-18 12:40,2267
2020-05-18 12:45,2286
2020-05-18 12:50,2304
2020-05-18 12:55,2312
2020-05-18 13:00,2332
2020-05-18 13:05,2330
2020-05-18 13:10,2323
2020-05-18 13:15,2344
2020-05-18 13:20,2363
2020-05-18 13:25,2401
2020-05-18 13:30,2392
2020-05-18 13:35,2394
2020-05-18 13:40,2401
2020-05-18 13:45,2421
2020-05-18 13:50,2433
2020-05-18 13:55,2463
2020-05-18 14:00,2478
2020-05-18 14:05,2489
2020-05-18 14:10,2464
2020-05-18 14:15,2474
2020-05-18 14:20,2469
2020-05-18 14:25,2522
2020-05-18 14:30,2545
2020-05-18 14:35,2575
2020-05-18 14:40,2595
2020-05-18 14:45,2590
2020-05-18 14:50,2599
2020-05-18 14:55,2633
2020-05-18 15:00,2667
2020-05-18 15:05,2699
2020-05-18 15:10,2744
2020-05-18 15:15,2785
2020-05-18 15:20,2815
2020-05-18 15:25,2813
2020-05-18 15:30,2828
2020-05-18 15:35,2842
2020-05-18 15:40,2892
2020-05-18 15:45,2937
2020-05-18 15:50,2962
2020-05-18 15:55,2977
2020-05-18 16:00,2972
2020-05-18 16:05,2980
2020-05-18 16:10,2973
2020-05-18 16:15,2995
2020-05-18 16:20,3004
2020-05-18 16:25,3022
2020-05-18 16:30,3059
2020-05-18 16:35,3086
2020-05-18 16:40,3101
2020-05-18 16:45,3093
2020-05-18 16:50,3096
2020-05-18 16:55,3119
2020-05-18 17:00,3125
2020-05-18 17:05,3130
2020-05-18 17:10,3147
2020-05-18 17:15,3154
2020-05-18 17:20,3176
2020-05-18 17:25,3204
2020-05-18 17:30,3188
2020-05-18 17:35,3215
2020-05-18 17:40,3200
2020-05-18 17:45,3235
2020-05-18 17:50,3256
2020-05-18 17:55,3262
2020-05-18 18:00,3274
2020-05-18 18:05,3296
2020-05-18 18:10,3287
2020-05-18 18:15,3306
2020-05-18 18:20,3298
2020-05-18 18:25,3300
2020-05-18 18:30,3294
2020-05-18 18:35,3314
2020-05-18 18:40,3328
2020-05-18 18:45,3336
2020-05-18 18:50,3337
2020-05-18 18:55,3346
2020-05-18 19:00,3377
2020-05-18 19:05,3373
2020-05-18 19:10,3382
2020-05-18 19:15,3388
2020-05-18 19:20,3403
2020-05-18 19:25,3379
2020-05-18 19:30,3366
2020-05-18 19:35,3369
2020-05-18 19:40,3346
2020-05-18 19:45,3355
2020-05-18 19:50,3325
2020-05-18 19:55,3309
2020-05-18 20:00,3306
2020-05-18 20:05,3297
2020-05-18 20:10,3293
2020-05-18 20:15,3291
2020-05-18 20:20,3264
2020-05-18 20:25,3281
2020-05-18 20:30,3234
2020-05-18 20:35,3222
2020-05-18 20:40,3225
2020-05-18 20:45,3201
2020-05-18 20:50,3212
2020-05-18 20:55,3223
2020-05-18 21:00,3150
2020-05-18 21:05,3099
2020-05-18 21:10,3069
2020-05-18 21:15,3020
2020-05-18 21:20,3024
2020-05-18 21:25,3010
2020-05-18 21:30,2990
2020-05-18 21:35,2951
2020-05-18 21:40,2918
2020-05-18 21:45,2887
2020-05-18 21:50,2864
2020-05-18 21:55,2816
2020-05-18 22:00,2773
2020-05-18 22:05,2753
2020-05-18 22:10,2716
2020-05-18 22:15,2713
2020-05-18 22:20,2693
2020-05-18 22:25,2657
2020-05-18 22:30,2624
2020-05-18 22:35,2608
2020-05-18 22:40,2623
2020-05-18 22:45,2582
2020-05-18 22:50,2558
2020-05-18 22:55,2543
2020-05-18 23:00,2522
2020-05-18 23:05,2474
2020-05-18 23:10,2461
2020-05-18 23:15,2435
2020-05-18 23:20,2396
2020-05-18 23:25,2366
2020-05-18 23:30,2330
2020-05-18 23:35,2292
2020-05-18 23:40,2293
2020-05-18 23:45,2294
2020-05-18 23:50,2286
2020-05-18 23:55,2277
2020-05-19 00:00,2271
2020-05-19 00:05,2259
2020-05-19 00:10,2239
2020-05-19 00:15,2238
2020-05-19 00:20,2241
2020-05-19 00:25,2237
2020-05-19 00:30,2237
2020-05-19 00:35,2200
2020-05-19 00:40,2196
2020-05-19 00:45,2189
2020-05-19 00:50,2172
2020-05-19 00:55,2141
2020-05-19 01:00,2117
2020-05-19 01:05,2122
2020-05-19 01:10,2134
2020-05-19 01:15,2120
2020-05-19 01:20,2100
2020-05-19 01:25,2062
2020-05-19 01:30,2054
2020-05-19 01:35,2045
2020-05-19 01:40,2059
2020-05-19 01:45,2037
2020-05-19 01:50,2045
2020-05-19 01:55,2027
2020-05-19 02:00,2029
2020-05-19 02:05,2022
2020-05-19 02:10,2027
2020-05-19 02:15,2014
2020-05-19 02:20,2018
2020-05-19 02:25,1987
2020-05-19 02:30,1979
2020-05-19 02:35,1959
2020-05-19 02:40,1924
2020-05-19 02:45,1898
2020-05-19 02:50,1872
2020-05-19 02:55,1872
2020-05-19 03:00,1852
2020-05-19 03:05,1828
2020-05-19 03:10,1804
2020-05-19 03:15,1808
2020-05-19 03:20,1793
2020-05-19 03:25,1784
2020-05-19 03:30,1754
2020-05-19 03:35,1727
2020-05-19 03:40,1730
2020-05-19 03:45,1710
2020-05-19 03:50,1717
2020-05-19 03:55,1705
2020-05-19 04:00,1707
2020-05-19 04:05,1677
2020-05-19 04:10,1665
2020-05-19 04:15,1652
2020-05-19 04:20,1612
2020-05-19 04:25,1619
2020-05-19 04:30,1612
2020-05-19 04:35,1579
2020-05-19 04:40,1559
2020-05-19 04:45,1572
2020-05-19 04:50,1561
2020-05-19 04:55,1549
2020-05-19 05:00,1531
2020-05-19 05:05,1510
2020-05-19 05:10,1492
2020-05-19 05:15,1477
2020-05-19 05:20,1463
2020-05-19 05:25,1465
2020-05-19 05:30,1459
2020-05-19 05:35,1457
2020-05-19 05:40,1463
2020-05-19 05:45,1448
2020-05-19 05:50,1419
2020-05-19 05:55,1420
2020-05-19 06:00,1409
2020-05-19 06:05,1412
2020-05-19 06:10,1408
2020-05-19 06:15,1385
2020-05-19 06:20,1380
2020-05-19 06:25,1367
2020-05-19 06:30,1375
2020-05-19 06:35,1381
2020-05-19 06:40,1393
2020-05-19 06:45,1392
2020-05-19 06:50,1396
2020-05-19 06:55,1406
2020-05-19 07:00,1412
2020-05-19 07:05,1410
2020-05-19 07:10,1419
2020-05-19 07:15,1437
2020-05-19 07:20,1444
2020-05-19 07:25,1443
2020-05-19 07:30,1451
2020-05-19 07:35,1445
2020-05-19 07:40,1466
2020-05-19 07:45,1489
2020-05-19 07:50,1496
2020-05-19 07:55,1507
2020-05-19 08:00,1513
2020-05-19 08:05,1512
2020-05-19 08:10,1511
2020-05-19 08:15,1534
2020-05-19 08:20,1556
2020-05-19 08:25,1551
2020-05-19 08:30,1570
2020-05-19 08:35,1589
2020-05-19 08:40,1583
2020-05-19 08:45,1588
2020-05-19 08:50,1609
2020-05-19 08:55,1609
2020-05-19 09:00,1649
2020-05-19 09:05,1660
2020-05-19 09:10,1676
2020-05-19 09:15,1671
2020-05-19 09:20,1684
2020-05-19 09:25,1683
2020-05-19 09:30,1682
2020-05-19 09:35,1669
2020-05-19 09:40,1681
2020-05-19 09:45,1719
2020-05-19 09:50,1731
2020-05-19 09:55,1735
2020-05-19 10:00,1753
2020-05-19 10:05,1793
2020-05-19 10:10,1814
2020-05-19 10:15,1851
2020-05-19 10:20,1864
2020-05-19 10:25,1875
2020-05-19 10:30,1883
2020-05-19 10:35,1911
2020-05-19 10:40,1917
2020-05-19 10:45,1940
2020-05-19 10:50,1969
2020-05-19 10:55,1972
2020-05-19 11:00,1963
2020-05-19 11:05,1957
2020-05-19 11:10,1955
2020-05-19 11:15,1977
2020-05-19 11:20,1975
2020-05-19 11:25,1982
2020-05-19 11:30,2015
2020-05-19 11:35,2019
2020-05-19 11:40,2037
2020-05-19 11:45,2054
2020-05-19 11:50,2054
2020-05-19 11:55,2080
2020-05-19 12:00,2108
2020-05-19 12:05,2139
2020-05-19 12:10,2139
2020-05-19 12:15,2135
2020-05-19 12:20,2135
2020-05-19 12:25,2175
2020-05-19 12:30,2203
2020-05-19 12:35,2223
2020-05-19 12:40,2240
2020-05-19 12:45,2265
2020-05-19 12:50,2277
2020-05-19 12:55,2272
2020-05-19 13:00,2272
2020-05-19 13:05,2275
2020-05-19 13:10,2275
2020-05-19 13:15,2293
2020-05-19 13:20,2293
2020-05-19 13:25,2308
2020-05-19 13:30,2320
2020-05-19 13:35,2291
2020-05-19 13:40,2277
2020-05-19 13:45,2277
2020-05-19 13:50,2133
2020-05-19 13:55,2133
2020-05-19 14:00,1649
2020-05-19 14:05,1131
2020-05-19 14:10,1113
2020-05-19 14:15,1124
2020-05-19 14:20,1137
2020-05-19 14:25,1141
2020-05-19 14:30,1181
2020-05-19 14:35,1185
2020-05-19 14:40,1192
2020-05-19 14:45,1185
2020-05-19 14:50,1185
2020-05-19 14:55,1207
2020-05-19 15:00,1215
2020-05-19 15:05,1244
2020-05-19 15:10,1271
2020-05-19 15:15,1301
2020-05-19 15:20,1325
2020-05-19 15:25,1429
2020-05-19 15:30,1566
2020-05-19 15:35,1665
2020-05-19 15:40,1817
2020-05-19 15:45,1911
2020-05-19 15:50,2037
2020-05-19 15:55,2152
2020-05-19 16:00,2230
2020-05-19 16:05,2315
2020-05-19 16:10,2441
2020-05-19 16:15,2531
2020-05-19 16:20,2625
2020-05-19 16:25,2714
2020-05-19 16:30,2792
2020-05-19 16:35,2857
2020-05-19 16:40,2893
2020-05-19 16:45,2989
2020-05-19 16:50,3023
2020-05-19 16:55,3039
2020-05-19 17:00,3110
2020-05-19 17:05,3110
2020-05-19 17:10,3133
2020-05-19 17:15,3179
2020-05-19 17:20,3200
2020-05-19 17:25,3241
2020-05-19 17:30,3278
2020-05-19 17:35,3307
2020-05-19 17:40,3353
2020-05-19 17:45,3353
2020-05-19 17:50,3335
2020-05-19 17:55,3315
2020-05-19 18:00,3340
2020-05-19 18:05,3346
2020-05-19 18:10,3356
2020-05-19 18:15,3374
2020-05-19 18:20,3372
2020-05-19 18:25,3385
2020-05-19 18:30,3414
2020-05-19 18:35,3373
2020-05-19 18:40,3425
2020-05-19 18:45,3427
2020-05-19 18:50,3427
2020-05-19 18:55,3427
2020-05-19 19:00,3428
2020-05-19 19:05,3403
2020-05-19 19:10,3410
2020-05-19 19:15,3403
2020-05-19 19:20,3421
2020-05-19 19:25,3407
2020-05-19 19:30,3386
2020-05-19 19:35,3396
2020-05-19 19:40,3379
2020-05-19 19:45,3375
2020-05-19 19:50,3373
2020-05-19 19:55,3388
2020-05-19 20:00,3409
2020-05-19 20:05,3394
2020-05-19 20:10,3354
2020-05-19 20:15,3340
2020-05-19 20:20,3333
2020-05-19 20:25,3327
2020-05-19 20:30,3309
2020-05-19 20:35,3317
2020-05-19 20:40,3279
2020-05-19 20:45,3244
2020-05-19 20:50,3196
2020-05-19 20:55,3211
2020-05-19 21:00,3193
2020-05-19 21:05,3181
2020-05-19 21:10,3140
2020-05-19 21:15,3129
2020-05-19 21:20,3105
2020-05-19 21:25,3066
2020-05-19 21:30,3045
2020-05-19 21:35,3023
2020-05-19 21:40,2988
2020-05-19 21:45,2940
2020-05-19 21:50,2885
2020-05-19 21:55,2885
2020-05-19 22:00,2834
2020-05-19 22:05,2834
2020-05-19 22:10,2782
2020-05-19 22:15,2766
2020-05-19 22:20,2724
2020-05-19 22:25,2683
2020-05-19 22:30,2638
2020-05-19 22:35,2572
2020-05-19 22:40,2568
2020-05-19 22:45,0
2020-05-19 22:50,1014
2020-05-19 22:55,2129
2020-05-19 23:00,2509
2020-05-19 23:05,2480
2020-05-19 23:10,2448
2020-05-19 23:15,0
2020-05-19 23:20,2398
2020-05-19 23:25,2387
2020-05-19 23:30,2363
2020-05-19 23:35,2322
2020-05-19 23:40,2324
2020-05-19 23:45,2310
2020-05-19 23:50,2270
2020-05-19 23:55,2261
2020-05-20 00:00,2212
2020-05-20 00:05,2169
2020-05-20 00:10,2149
2020-05-20 00:15,2164
2020-05-20 00:20,2185
2020-05-20 00:25,2179
2020-05-20 00:30,2154
2020-05-20 00:35,2151
2020-05-20 00:40,2145
2020-05-20 00:45,2112
2020-05-20 00:50,2097
2020-05-20 00:55,2110
2020-05-20 01:00,2077
2020-05-20 01:05,2067
2020-05-20 01:10,2069
2020-05-20 01:15,2052
2020-05-20 01:20,2032
2020-05-20 01:25,2046
2020-05-20 01:30,2023
2020-05-20 01:35,2013
2020-05-20 01:40,2016
2020-05-20 01:45,2008
2020-05-20 01:50,1992
2020-05-20 01:55,1978
2020-05-20 02:00,1970
2020-05-20 02:05,1961
2020-05-20 02:10,1947
2020-05-20 02:15,1920
2020-05-20 02:20,1906
2020-05-20 02:25,1877
2020-05-20 02:30,1871
2020-05-20 02:35,1846
2020-05-20 02:40,1829
2020-05-20 02:45,1827
2020-05-20 02:50,1801
2020-05-20 02:55,1789
2020-05-20 03:00,1771
2020-05-20 03:05,1761
2020-05-20 03:10,1758
2020-05-20 03:15,1721
2020-05-20 03:20,1705
2020-05-20 03:25,1693
2020-05-20 03:30,1671
2020-05-20 03:35,1678
2020-05-20 03:40,1684
2020-05-20 03:45,1670
2020-05-20 03:50,1641
2020-05-20 03:55,1629
2020-05-20 04:00,1612
2020-05-20 04:05,1576
2020-05-20 04:10,1572
2020-05-20 04:15,1575
2020-05-20 04:20,1560
2020-05-20 04:25,1556
2020-05-20 04:30,1537
2020-05-20 04:35,1526
2020-05-20 04:40,1508
2020-05-20 04:45,1488
2020-05-20 04:50,1483
2020-05-20 04:55,1491
2020-05-20 05:00,1486
2020-05-20 05:05,1474
2020-05-20 05:10,1456
2020-05-20 05:15,1456
2020-05-20 05:20,1447
2020-05-20 05:25,1450
2020-05-20 05:30,1459
2020-05-20 05:35,1461
2020-05-20 05:40,1461
2020-05-20 05:45,1462
2020-05-20 05:50,1464
2020-05-20 05:55,1459
2020-05-20 06:00,1452
2020-05-20 06:05,1441
2020-05-20 06:10,1457
2020-05-20 06:15,1455
2020-05-20 06:20,1457
2020-05-20 06:25,1444
2020-05-20 06:30,1466
2020-05-20 06:35,1454
2020-05-20 06:40,1467
2020-05-20 06:45,1471
2020-05-20 06:50,1453
2020-05-20 06:55,1450
2020-05-20 07:00,1460
2020-05-20 07:05,1451
2020-05-20 07:10,1453
2020-05-20 07:15,1437
2020-05-20 07:20,1447
2020-05-20 07:25,1456
2020-05-20 07:30,1452
2020-05-20 07:35,1458
2020-05-20 07:40,1448
2020-05-20 07:45,1472
2020-05-20 07:50,1471
2020-05-20 07:55,1460
2020-05-20 08:00,1458
2020-05-20 08:05,1496
2020-05-20 08:10,1517
2020-05-20 08:15,1526
2020-05-20 08:20,1526
2020-05-20 08:25,1541
2020-05-20 08:30,1556
2020-05-20 08:35,1577
2020-05-20 08:40,1604
2020-05-20 08:45,1612
2020-05-20 08:50,1638
2020-05-20 08:55,1626
2020-05-20 09:00,1632
2020-05-20 09:05,1633
2020-05-20 09:10,1632
2020-05-20 09:15,1640
2020-05-20 09:20,1652
2020-05-20 09:25,1655
2020-05-20 09:30,1655
2020-05-20 09:35,1658
2020-05-20 09:40,1660
2020-05-20 09:45,1651
2020-05-20 09:50,1657
2020-05-20 09:55,1684
2020-05-20 10:00,1719
2020-05-20 10:05,1764
2020-05-20 10:10,1784
2020-05-20 10:15,1801
2020-05-20 10:20,1827
2020-05-20 10:25,1839
2020-05-20 10:30,1860
2020-05-20 10:35,1880
2020-05-20 10:40,1887
2020-05-20 10:45,1918
2020-05-20 10:50,1934
2020-05-20 10:55,1946
2020-05-20 11:00,1954
2020-05-20 11:05,1962
2020-05-20 11:10,1949
2020-05-20 11:15,1967
2020-05-20 11:20,1981
2020-05-20 11:25,1994
2020-05-20 11:30,1998
2020-05-20 11:35,2019
2020-05-20 11:40,2027
2020-05-20 11:45,2038
2020-05-20 11:50,2056
2020-05-20 11:55,2048
2020-05-20 12:00,2080
2020-05-20 12:05,2070
2020-05-20 12:10,2099
2020-05-20 12:15,2108
2020-05-20 12:20,2116
2020-05-20 12:25,2136
2020-05-20 12:30,2150
2020-05-20 12:35,2160
2020-05-20 12:40,2160
2020-05-20 12:45,2176
2020-05-20 12:50,2190
2020-05-20 12:55,2193
2020-05-20 13:00,2205
2020-05-20 13:05,2203
2020-05-20 13:10,2226
2020-05-20 13:15,2252
2020-05-20 13:20,2279
2020-05-20 13:25,2280
2020-05-20 13:30,2299
2020-05-20 13:35,2300
2020-05-20 13:40,2307
2020-05-20 13:45,2321
2020-05-20 13:50,2341
2020-05-20 13:55,2348
2020-05-20 14:00,2349
2020-05-20 14:05,2386
2020-05-20 14:10,2391
2020-05-20 14:15,2403
2020-05-20 14:20,2458
2020-05-20 14:25,2490
2020-05-20 14:30,2475
2020-05-20 14:35,2467
2020-05-20 14:40,2482
2020-05-20 14:45,2496
2020-05-20 14:50,2516
2020-05-20 14:55,2518
2020-05-20 15:00,2530
2020-05-20 15:05,2568
2020-05-20 15:10,2585
2020-05-20 15:15,2587
2020-05-20 15:20,2610
2020-05-20 15:25,2630
2020-05-20 15:30,2636
2020-05-20 15:35,2613
2020-05-20 15:40,2654
2020-05-20 15:45,2679
2020-05-20 15:50,2707
2020-05-20 15:55,2700
2020-05-20 16:00,2749
2020-05-20 16:05,2772
2020-05-20 16:10,2774
2020-05-20 16:15,2787
2020-05-20 16:20,2811
2020-05-20 16:25,2820
2020-05-20 16:30,2827
2020-05-20 16:35,2898
2020-05-20 16:40,2911
2020-05-20 16:45,2925
2020-05-20 16:50,2924
2020-05-20 16:55,2928
2020-05-20 17:00,2955
2020-05-20 17:05,2965
2020-05-20 17:10,2950
2020-05-20 17:15,2960
2020-05-20 17:20,2965
2020-05-20 17:25,2957
2020-05-20 17:30,2974
2020-05-20 17:35,2975
2020-05-20 17:40,2970
2020-05-20 17:45,2961
2020-05-20 17:50,2958
2020-05-20 17:55,2985
2020-05-20 18:00,2985
2020-05-20 18:05,3028
2020-05-20 18:10,
2020-05-20 18:15,3042
2020-05-20 18:20,3069
2020-05-20 18:25,3104
2020-05-20 18:30,3136
2020-05-20 18:35,3143
2020-05-20 18:40,3146
2020-05-20 18:45,3137
2020-05-20 18:50,3146
2020-05-20 18:55,3123
2020-05-20 19:00,3132
2020-05-20 19:05,3135
2020-05-20 19:10,3147
2020-05-20 19:15,3160
2020-05-20 19:20,3163
2020-05-20 19:25,3146
2020-05-20 19:30,3136
2020-05-20 19:35,3131
2020-05-20 19:40,3133
2020-05-20 19:45,3139
2020-05-20 19:50,3127
2020-05-20 19:55,3135
2020-05-20 20:00,3133
2020-05-20 20:05,3131
2020-05-20 20:10,3117
2020-05-20 20:15,3111
2020-05-20 20:20,3120
2020-05-20 20:25,3120
2020-05-20 20:30,3109
2020-05-20 20:35,3115
2020-05-20 20:40,3114
2020-05-20 20:45,3085
2020-05-20 20:50,3083
2020-05-20 20:55,3079
2020-05-20 21:00,3063
2020-05-20 21:05,3020
2020-05-20 21:10,2996
2020-05-20 21:15,2993
2020-05-20 21:20,2977
2020-05-20 21:25,2966
2020-05-20 21:30,2930
2020-05-20 21:35,2928
2020-05-20 21:40,2899
2020-05-20 21:45,2859
2020-05-20 21:50,2831
2020-05-20 21:55,2815
2020-05-20 22:00,2810
2020-05-20 22:05,2784
2020-05-20 22:10,2758
2020-05-20 22:15,2722
2020-05-20 22:20,2683
2020-05-20 22:25,2663
2020-05-20 22:30,2651
2020-05-20 22:35,2641
2020-05-20 22:40,2624
2020-05-20 22:45,2581
2020-05-20 22:50,2581
2020-05-20 22:55,2553
2020-05-20 23:00,2518
2020-05-20 23:05,2495
2020-05-20 23:10,2495
2020-05-20 23:15,2459
2020-05-20 23:20,2449
2020-05-20 23:25,2411
2020-05-20 23:30,2386
2020-05-20 23:35,2370
2020-05-20 23:40,2334
2020-05-20 23:45,2291
2020-05-20 23:50,2255
2020-05-20 23:55,2246
2020-05-21 00:00,2236
2020-05-21 00:05,2208
2020-05-21 00:10,2191
2020-05-21 00:15,2173
2020-05-21 00:20,2164
2020-05-21 00:25,2128
2020-05-21 00:30,2116
2020-05-21 00:35,2103
2020-05-21 00:40,2101
2020-05-21 00:45,2102
2020-05-21 00:50,2112
2020-05-21 00:55,2095
2020-05-21 01:00,2057
2020-05-21 01:05,2043
2020-05-21 01:10,2042
2020-05-21 01:15,2033
2020-05-21 01:20,2007
2020-05-21 01:25,1988
2020-05-21 01:30,1980
2020-05-21 01:35,1983
2020-05-21 01:40,1980
2020-05-21 01:45,1983
2020-05-21 01:50,1962
2020-05-21 01:55,1938
2020-05-21 02:00,1925
2020-05-21 02:05,1926
2020-05-21 02:10,1890
2020-05-21 02:15,1900
2020-05-21 02:20,1882
2020-05-21 02:25,1892
2020-05-21 02:30,1875
2020-05-21 02:35,1862
2020-05-21 02:40,1830
2020-05-21 02:45,1824
2020-05-21 02:50,1810
2020-05-21 02:55,1774
2020-05-21 03:00,1745
2020-05-21 03:05,1705
2020-05-21 03:10,1687
2020-05-21 03:15,1687
2020-05-21 03:20,1677
2020-05-21 03:25,1682
2020-05-21 03:30,1679
2020-05-21 03:35,1686
2020-05-21 03:40,1695
2020-05-21 03:45,1681
2020-05-21 03:50,1668
2020-05-21 03:55,1653
2020-05-21 04:00,1649
2020-05-21 04:05,1628
2020-05-21 04:10,1600
2020-05-21 04:15,1590
2020-05-21 04:20,1570
2020-05-21 04:25,1541
2020-05-21 04:30,1528
2020-05-21 04:35,1522
2020-05-21 04:40,1529
2020-05-21 04:45,1533
2020-05-21 04:50,1526
2020-05-21 04:55,1531
2020-05-21 05:00,1517
2020-05-21 05:05,1511
2020-05-21 05:10,1504
2020-05-21 05:15,1484
2020-05-21 05:20,1482
2020-05-21 05:25,1469
2020-05-21 05:30,1469
2020-05-21 05:35,1461
2020-05-21 05:40,1450
2020-05-21 05:45,1442
2020-05-21 05:50,1439
2020-05-21 05:55,1413
2020-05-21 06:00,1414
2020-05-21 06:05,1409
2020-05-21 06:10,1399
2020-05-21 06:15,1404
2020-05-21 06:20,1401
2020-05-21 06:25,1386
2020-05-21 06:30,1387
2020-05-21 06:35,1393
2020-05-21 06:40,1391
2020-05-21 06:45,1415
2020-05-21 06:50,1425
2020-05-21 06:55,1415
2020-05-21 07:00,1406
2020-05-21 07:05,1421
2020-05-21 07:10,1445
2020-05-21 07:15,1447
2020-05-21 07:20,1450
2020-05-21 07:25,1463
2020-05-21 07:30,1459
2020-05-21 07:35,1496
2020-05-21 07:40,1507
2020-05-21 07:45,1538
2020-05-21 07:50,1547
2020-05-21 07:55,1540
2020-05-21 08:00,1555
2020-05-21 08:05,1540
2020-05-21 08:10,1537
2020-05-21 08:15,1560
2020-05-21 08:20,1571
2020-05-21 08:25,1581
2020-05-21 08:30,1579
2020-05-21 08:35,1589
2020-05-21 08:40,1588
2020-05-21 08:45,1624
2020-05-21 08:50,1620
2020-05-21 08:55,1610
2020-05-21 09:00,1630
2020-05-21 09:05,1652
2020-05-21 09:10,1661
2020-05-21 09:15,1694
2020-05-21 09:20,1717
2020-05-21 09:25,1716
2020-05-21 09:30,1712
2020-05-21 09:35,1696
2020-05-21 09:40,1693
2020-05-21 09:45,1715
2020-05-21 09:50,1727
2020-05-21 09:55,1731
2020-05-21 10:00,1767
2020-05-21 10:05,1794
2020-05-21 10:10,1844
2020-05-21 10:15,1850
2020-05-21 10:20,1866
2020-05-21 10:25,1911
2020-05-21 10:30,1907
2020-05-21 10:35,1953
2020-05-21 10:40,1973
2020-05-21 10:45,1991
2020-05-21 10:50,2032
2020-05-21 10:55,2025
2020-05-21 11:00,2012
2020-05-21 11:05,2050
2020-05-21 11:10,2047
2020-05-21 11:15,2092
2020-05-21 11:20,2127
2020-05-21 11:25,2147
2020-05-21 11:30,2174
2020-05-21 11:35,2174
2020-05-21 11:40,2166
2020-05-21 11:45,2183
2020-05-21 11:50,2184
2020-05-21 11:55,2186
2020-05-21 12:00,2199
2020-05-21 12:05,2206
2020-05-21 12:10,2229
2020-05-21 12:15,2235
2020-05-21 12:20,2246
2020-05-21 12:25,2257
2020-05-21 12:30,2258
2020-05-21 12:35,2287
2020-05-21 12:40,2291
2020-05-21 12:45,2295
2020-05-21 12:50,2320
2020-05-21 12:55,2328
2020-05-21 13:00,2361
2020-05-21 13:05,2352
2020-05-21 13:10,2368
2020-05-21 13:15,2376
2020-05-21 13:20,2391
2020-05-21 13:25,2397
2020-05-21 13:30,2387
2020-05-21 13:35,2377
2020-05-21 13:40,2334
2020-05-21 13:45,2294
2020-05-21 13:50,2258
2020-05-21 13:55,2181
2020-05-21 14:00,2034
2020-05-21 14:05,1661
2020-05-21 14:10,1128
2020-05-21 14:15,1104
2020-05-21 14:20,1118
2020-05-21 14:25,1119
2020-05-21 14:30,1169
2020-05-21 14:35,1162
2020-05-21 14:40,1168
2020-05-21 14:45,1167
2020-05-21 14:50,1179
2020-05-21 14:55,1193
2020-05-21 15:00,1197
2020-05-21 15:05,1234
2020-05-21 15:10,1249
2020-05-21 15:15,1289
2020-05-21 15:20,1316
2020-05-21 15:25,1353
2020-05-21 15:30,1389
2020-05-21 15:35,1394
2020-05-21 15:40,1507
2020-05-21 15:45,1688
2020-05-21 15:50,1814
2020-05-21 15:55,1926
2020-05-21 16:00,2044
2020-05-21 16:05,2161
2020-05-21 16:10,2295
2020-05-21 16:15,2416
2020-05-21 16:20,2505
2020-05-21 16:25,2592
2020-05-21 16:30,2675
2020-05-21 16:35,2748
2020-05-21 16:40,2803
2020-05-21 16:45,2862
2020-05-21 16:50,2913
2020-05-21 16:55,2931
2020-05-21 17:00,2956
2020-05-21 17:05,2976
2020-05-21 17:10,3005
2020-05-21 17:15,3045
2020-05-21 17:20,3081
2020-05-21 17:25,3107
2020-05-21 17:30,3106
2020-05-21 17:35,3133
2020-05-21 17:40,3155
2020-05-21 17:45,3168
2020-05-21 17:50,3172
2020-05-21 17:55,3175
2020-05-21 18:00,3180
2020-05-21 18:05,3188
2020-05-21 18:10,3179
2020-05-21 18:15,3205
2020-05-21 18:20,3212
2020-05-21 18:25,3202
2020-05-21 18:30,3189
2020-05-21 18:35,3187
2020-05-21 18:40,3215
2020-05-21 18:45,3214
2020-05-21 18:50,3210
2020-05-21 18:55,3235
2020-05-21 19:00,3210
2020-05-21 19:05,3206
2020-05-21 19:10,3205
2020-05-21 19:15,3197
2020-05-21 19:20,3206
2020-05-21 19:25,3212
2020-05-21 19:30,3196
2020-05-21 19:35,3198
2020-05-21 19:40,3170
2020-05-21 19:45,3138
2020-05-21 19:50,3126
2020-05-21 19:55,3137
2020-05-21 20:00,3147
2020-05-21 20:05,3155
2020-05-21 20:10,3151
2020-05-21 20:15,3151
2020-05-21 20:20,3153
2020-05-21 20:25,3134
2020-05-21 20:30,3115
2020-05-21 20:35,3137
2020-05-21 20:40,3118
2020-05-21 20:45,3121
2020-05-21 20:50,3070
2020-05-21 20:55,3059
2020-05-21 21:00,3047
2020-05-21 21:05,3005
2020-05-21 21:10,2949
2020-05-21 21:15,2921
2020-05-21 21:20,2898
2020-05-21 21:25,2865
2020-05-21 21:30,2867
2020-05-21 21:35,2832
2020-05-21 21:40,2789
2020-05-21 21:45,2733
2020-05-21 21:50,2732
2020-05-21 21:55,2685
2020-05-21 22:00,2651
2020-05-21 22:05,2621
2020-05-21 22:10,2618
2020-05-21 22:15,2564
2020-05-21 22:20,2568
2020-05-21 22:25,2554
2020-05-21 22:30,2538
2020-05-21 22:35,2532
2020-05-21 22:40,2490
2020-05-21 22:45,2443
2020-05-21 22:50,2373
2020-05-21 22:55,2382
2020-05-21 23:00,2357
2020-05-21 23:05,2314
2020-05-21 23:10,2289
2020-05-21 23:15,2271
2020-05-21 23:20,2254
2020-05-21 23:25,2264
2020-05-21 23:30,2254
2020-05-21 23:35,2267
2020-05-21 23:40,2253
2020-05-21 23:45,2246
2020-05-21 23:50,2211
2020-05-21 23:55,2215
2020-05-22 00:00,2182
2020-05-22 00:05,2133
2020-05-22 00:10,2095
2020-05-22 00:15,2086
2020-05-22 00:20,2084
2020-05-22 00:25,2045
2020-05-22 00:30,2038
2020-05-22 00:35,2028
2020-05-22 00:40,2022
2020-05-22 00:45,2024
2020-05-22 00:50,2000
2020-05-22 00:55,1983
2020-05-22 01:00,1949
2020-05-22 01:05,1925
2020-05-22 01:10,1943
2020-05-22 01:15,1923
2020-05-22 01:20,1913
2020-05-22 01:25,1918
2020-05-22 01:30,1906
2020-05-22 01:35,1912
2020-05-22 01:40,1919
2020-05-22 01:45,1897
2020-05-22 01:50,1903
2020-05-22 01:55,1893
2020-05-22 02:00,1875
2020-05-22 02:05,1857
2020-05-22 02:10,1856
2020-05-22 02:15,1847
2020-05-22 02:20,1175
2020-05-22 02:25,1752
2020-05-22 02:30,1807
2020-05-22 02:35,1806
2020-05-22 02:40,1792
2020-05-22 02:45,1778
2020-05-22 02:50,1774
2020-05-22 02:55,1765
2020-05-22 03:00,1775
2020-05-22 03:05,1760
2020-05-22 03:10,1718
2020-05-22 03:15,1700
2020-05-22 03:20,1682
2020-05-22 03:25,1675
2020-05-22 03:30,1669
2020-05-22 03:35,1649
2020-05-22 03:40,1643
2020-05-22 03:45,1620
2020-05-22 03:50,1613
2020-05-22 03:55,1585
2020-05-22 04:00,1569
2020-05-22 04:05,1534
2020-05-22 04:10,1515
2020-05-22 04:15,1497
2020-05-22 04:20,1479
2020-05-22 04:25,1466
2020-05-22 04:30,1447
2020-05-22 04:35,1441
2020-05-22 04:40,1419
2020-05-22 04:45,1407
2020-05-22 04:50,1411
2020-05-22 04:55,1401
2020-05-22 05:00,1400
2020-05-22 05:05,1404
2020-05-22 05:10,1407
2020-05-22 05:15,1407
2020-05-22 05:20,1384
2020-05-22 05:25,1374
2020-05-22 05:30,1372
2020-05-22 05:35,1387
2020-05-22 05:40,1365
2020-05-22 05:45,1346
2020-05-22 05:50,1342
2020-05-22 05:55,1343
2020-05-22 06:00,1340
2020-05-22 06:05,1320
2020-05-22 06:10,1298
2020-05-22 06:15,1312
2020-05-22 06:20,1310
2020-05-22 06:25,1317
2020-05-22 06:30,1315
2020-05-22 06:35,1341
2020-05-22 06:40,1360
2020-05-22 06:45,1357
2020-05-22 06:50,1372
2020-05-22 06:55,1357
2020-05-22 07:00,1374
2020-05-22 07:05,1360
2020-05-22 07:10,1364
2020-05-22 07:15,1379
2020-05-22 07:20,1404
2020-05-22 07:25,1407
2020-05-22 07:30,1399
2020-05-22 07:35,1406
2020-05-22 07:40,1410
2020-05-22 07:45,1408
2020-05-22 07:50,1413
2020-05-22 07:55,1428
2020-05-22 08:00,1424
2020-05-22 08:05,1430
2020-05-22 08:10,1443
2020-05-22 08:15,1480
2020-05-22 08:20,1485
2020-05-22 08:25,1518
2020-05-22 08:30,1525
2020-05-22 08:35,1529
2020-05-22 08:40,1546
2020-05-22 08:45,1576
2020-05-22 08:50,1581
2020-05-22 08:55,1600
2020-05-22 09:00,1622
2020-05-22 09:05,1627
2020-05-22 09:10,1627
2020-05-22 09:15,1643
2020-05-22 09:20,1649
2020-05-22 09:25,1661
2020-05-22 09:30,1669
2020-05-22 09:35,1660
2020-05-22 09:40,1661
2020-05-22 09:45,1646
2020-05-22 09:50,1659
2020-05-22 09:55,1668
2020-05-22 10:00,1685
2020-05-22 10:05,1726
2020-05-22 10:10,1773
2020-05-22 10:15,1829
2020-05-22 10:20,1834
2020-05-22 10:25,1845
2020-05-22 10:30,1860
2020-05-22 10:35,1865
2020-05-22 10:40,1879
2020-05-22 10:45,1030
2020-05-22 10:50,1268
2020-05-22 10:55,1835
2020-05-22 11:00,1938
2020-05-22 11:05,1921
2020-05-22 11:10,1952
2020-05-22 11:15,1977
2020-05-22 11:20,1983
2020-05-22 11:25,1990
2020-05-22 11:30,2018
2020-05-22 11:35,2050
2020-05-22 11:40,2022
2020-05-22 11:45,2037
2020-05-22 11:50,2027
2020-05-22 11:55,2042
2020-05-22 12:00,2054
2020-05-22 12:05,2061
2020-05-22 12:10,2136
2020-05-22 12:15,2086
2020-05-22 12:20,2104
2020-05-22 12:25,2114
2020-05-22 12:30,2121
2020-05-22 12:35,2122
2020-05-22 12:40,2142
2020-05-22 12:45,2181
2020-05-22 12:50,2206
2020-05-22 12:55,2200
2020-05-22 13:00,2241
2020-05-22 13:05,2265
2020-05-22 13:10,2288
2020-05-22 13:15,2308
2020-05-22 13:20,2325
2020-05-22 13:25,2339
2020-05-22 13:30,2345
2020-05-22 13:35,2358
2020-05-22 13:40,2375
2020-05-22 13:45,2379
2020-05-22 13:50,2403
2020-05-22 13:55,2406
2020-05-22 14:00,2413
2020-05-22 14:05,2397
2020-05-22 14:10,2377
2020-05-22 14:15,2374
2020-05-22 14:20,2383
2020-05-22 14:25,2416
2020-05-22 14:30,2430
2020-05-22 14:35,2479
2020-05-22 14:40,2518
2020-05-22 14:45,2529
2020-05-22 14:50,2524
2020-05-22 14:55,2529
2020-05-22 15:00,2551
2020-05-22 15:05,2570
2020-05-22 15:10,2577
2020-05-22 15:15,2588
2020-05-22 15:20,2611
2020-05-22 15:25,2635
2020-05-22 15:30,2670
2020-05-22 15:35,2687
2020-05-22 15:40,2680
2020-05-22 15:45,2711
2020-05-22 15:50,2749
2020-05-22 15:55,2741
2020-05-22 16:00,2738
2020-05-22 16:05,2769
2020-05-22 16:10,2786
2020-05-22 16:15,2795
2020-05-22 16:20,2807
2020-05-22 16:25,2818
2020-05-22 16:30,2826
2020-05-22 16:35,2826
2020-05-22 16:40,2866
2020-05-22 16:45,2882
2020-05-22 16:50,2879
2020-05-22 16:55,2912
2020-05-22 17:00,2888
2020-05-22 17:05,2891
2020-05-22 17:10,2919
2020-05-22 17:15,2931
2020-05-22 17:20,2923
2020-05-22 17:25,2948
2020-05-22 17:30,2956
2020-05-22 17:35,2983
2020-05-22 17:40,2989
2020-05-22 17:45,3006
2020-05-22 17:50,3016
2020-05-22 17:55,3029
2020-05-22 18:00,3037
2020-05-22 18:05,3040
2020-05-22 18:10,3015
2020-05-22 18:15,3041
2020-05-22 18:20,3050
2020-05-22 18:25,3068
2020-05-22 18:30,3061
2020-05-22 18:35,3055
2020-05-22 18:40,3060
2020-05-22 18:45,3043
2020-05-22 18:50,3028
2020-05-22 18:55,3045
2020-05-22 19:00,3007
2020-05-22 19:05,3012
2020-05-22 19:10,3037
2020-05-22 19:15,3059
2020-05-22 19:20,3045
2020-05-22 19:25,3055
2020-05-22 19:30,3055
2020-05-22 19:35,3052
2020-05-22 19:40,3060
2020-05-22 19:45,3066
2020-05-22 19:50,3081
2020-05-22 19:55,3066
2020-05-22 20:00,3057
2020-05-22 20:05,3061
2020-05-22 20:10,3053
2020-05-22 20:15,3067
2020-05-22 20:20,3057
2020-05-22 20:25,3048
2020-05-22 20:30,3041
2020-05-22 20:35,3015
2020-05-22 20:40,3004
2020-05-22 20:45,3011
2020-05-22 20:50,2994
2020-05-22 20:55,2979
2020-05-22 21:00,2994
2020-05-22 21:05,2968
2020-05-22 21:10,2954
2020-05-22 21:15,2941
2020-05-22 21:20,2927
2020-05-22 21:25,2898
2020-05-22 21:30,2874
2020-05-22 21:35,2863
2020-05-22 21:40,2822
2020-05-22 21:45,2818
2020-05-22 21:50,2803
2020-05-22 21:55,2774
2020-05-22 22:00,2745
2020-05-22 22:05,2718
2020-05-22 22:10,2693
2020-05-22 22:15,2677
2020-05-22 22:20,2639
2020-05-22 22:25,2611
2020-05-22 22:30,2602
2020-05-22 22:35,2562
2020-05-22 22:40,2540
2020-05-22 22:45,2536
2020-05-22 22:50,2530
2020-05-22 22:55,2503
2020-05-22 23:00,2458
2020-05-22 23:05,2448
2020-05-22 23:10,2436
2020-05-22 23:15,2427
2020-05-22 23:20,2397
2020-05-22 23:25,2370
2020-05-22 23:30,2354
2020-05-22 23:35,2329
2020-05-22 23:40,2312
2020-05-22 23:45,2294
2020-05-22 23:50,2276
2020-05-22 23:55,2274
2020-05-23 00:00,2260
2020-05-23 00:05,2236
2020-05-23 00:10,2215
2020-05-23 00:15,2205
2020-05-23 00:20,2192
2020-05-23 00:25,2185
2020-05-23 00:30,2156
2020-05-23 00:35,2148
2020-05-23 00:40,2140
2020-05-23 00:45,2144
2020-05-23 00:50,2139
2020-05-23 00:55,2133
2020-05-23 01:00,2132
2020-05-23 01:05,2141
2020-05-23 01:10,2125
2020-05-23 01:15,2106
2020-05-23 01:20,2111
2020-05-23 01:25,2118
2020-05-23 01:30,2124
2020-05-23 01:35,2119
2020-05-23 01:40,2112
2020-05-23 01:45,2098
2020-05-23 01:50,2090
2020-05-23 01:55,2091
2020-05-23 02:00,2088
2020-05-23 02:05,2079
2020-05-23 02:10,2064
2020-05-23 02:15,2035
2020-05-23 02:20,2006
2020-05-23 02:25,1982
2020-05-23 02:30,1982
2020-05-23 02:35,1960
2020-05-23 02:40,1928
2020-05-23 02:45,1911
2020-05-23 02:50,1889
2020-05-23 02:55,1884
2020-05-23 03:00,1869
2020-05-23 03:05,1860
2020-05-23 03:10,1826
2020-05-23 03:15,1838
2020-05-23 03:20,1829
2020-05-23 03:25,1812
2020-05-23 03:30,1809
2020-05-23 03:35,1794
2020-05-23 03:40,1754
2020-05-23 03:45,1730
2020-05-23 03:50,1738
2020-05-23 03:55,1723
2020-05-23 04:00,1718
2020-05-23 04:05,1700
2020-05-23 04:10,1684
2020-05-23 04:15,1662
2020-05-23 04:20,1643
2020-05-23 04:25,1655
2020-05-23 04:30,1645
2020-05-23 04:35,1620
2020-05-23 04:40,1601
2020-05-23 04:45,1608
2020-05-23 04:50,1608
2020-05-23 04:55,1594
2020-05-23 05:00,1579
2020-05-23 05:05,1595
2020-05-23 05:10,1573
2020-05-23 05:15,1549
2020-05-23 05:20,1550
2020-05-23 05:25,1557
2020-05-23 05:30,1548
2020-05-23 05:35,1542
2020-05-23 05:40,1550
2020-05-23 05:45,1540
2020-05-23 05:50,1547
2020-05-23 05:55,1539
2020-05-23 06:00,1535
2020-05-23 06:05,1522
2020-05-23 06:10,1515
2020-05-23 06:15,1539
2020-05-23 06:20,1514
2020-05-23 06:25,1508
2020-05-23 06:30,1510
2020-05-23 06:35,1522
2020-05-23 06:40,1522
2020-05-23 06:45,1521
2020-05-23 06:50,1508
2020-05-23 06:55,1522
2020-05-23 07:00,1528
2020-05-23 07:05,1531
2020-05-23 07:10,1534
2020-05-23 07:15,1519
2020-05-23 07:20,1534
2020-05-23 07:25,1531
2020-05-23 07:30,1564
2020-05-23 07:35,1549
2020-05-23 07:40,1565
2020-05-23 07:45,1581
2020-05-23 07:50,1574
2020-05-23 07:55,1608
2020-05-23 08:00,1596
2020-05-23 08:05,1612
2020-05-23 08:10,1618
2020-05-23 08:15,1622
2020-05-23 08:20,1625
2020-05-23 08:25,1649
2020-05-23 08:30,1665
2020-05-23 08:35,1699
2020-05-23 08:40,1697
2020-05-23 08:45,1694
2020-05-23 08:50,1703
2020-05-23 08:55,1721
2020-05-23 09:00,1719
2020-05-23 09:05,1731
2020-05-23 09:10,1756
2020-05-23 09:15,1787
2020-05-23 09:20,1799
2020-05-23 09:25,1834
2020-05-23 09:30,1862
2020-05-23 09:35,1882
2020-05-23 09:40,1894
2020-05-23 09:45,1913
2020-05-23 09:50,1928
2020-05-23 09:55,1974
2020-05-23 10:00,1983
2020-05-23 10:05,2024
2020-05-23 10:10,2067
2020-05-23 10:15,2103
2020-05-23 10:20,2121
2020-05-23 10:25,2155
2020-05-23 10:30,2181
2020-05-23 10:35,2199
2020-05-23 10:40,2188
2020-05-23 10:45,2206
2020-05-23 10:50,2237
2020-05-23 10:55,2259
2020-05-23 11:00,2247
2020-05-23 11:05,2262
2020-05-23 11:10,2257
2020-05-23 11:15,2296
2020-05-23 11:20,2324
2020-05-23 11:25,2324
2020-05-23 11:30,2324
2020-05-23 11:35,2353
2020-05-23 11:40,2358
2020-05-23 11:45,2385
2020-05-23 11:50,2373
2020-05-23 11:55,2368
2020-05-23 12:00,2362
2020-05-23 12:05,2370
2020-05-23 12:10,2395
2020-05-23 12:15,2408
2020-05-23 12:20,2423
2020-05-23 12:25,2444
2020-05-23 12:30,2463
2020-05-23 12:35,2468
2020-05-23 12:40,2480
2020-05-23 12:45,2498
2020-05-23 12:50,2494
2020-05-23 12:55,2520
2020-05-23 13:00,2546
2020-05-23 13:05,2564
2020-05-23 13:10,2577
2020-05-23 13:15,2613
2020-05-23 13:20,2627
2020-05-23 13:25,2604
2020-05-23 13:30,2617
2020-05-23 13:35,2605
2020-05-23 13:40,2600
2020-05-23 13:45,2589
2020-05-23 13:50,2626
2020-05-23 13:55,2675
2020-05-23 14:00,2688
2020-05-23 14:05,2713
2020-05-23 14:10,2750
2020-05-23 14:15,2766
2020-05-23 14:20,2776
2020-05-23 14:25,2826
2020-05-23 14:30,2867
2020-05-23 14:35,2870
2020-05-23 14:40,2898
2020-05-23 14:45,2932
2020-05-23 14:50,2928
2020-05-23 14:55,2909
2020-05-23 15:00,2914
2020-05-23 15:05,2910
2020-05-23 15:10,2941
2020-05-23 15:15,2962
2020-05-23 15:20,2983
2020-05-23 15:25,2980
2020-05-23 15:30,3013
2020-05-23 15:35,3006
2020-05-23 15:40,3020
2020-05-23 15:45,3003
2020-05-23 15:50,3043
2020-05-23 15:55,3048
2020-05-23 16:00,3043
2020-05-23 16:05,3065
2020-05-23 16:10,3079
2020-05-23 16:15,3111
2020-05-23 16:20,3132
2020-05-23 16:25,3095
2020-05-23 16:30,3089
2020-05-23 16:35,3102
2020-05-23 16:40,3102
2020-05-23 16:45,3134
2020-05-23 16:50,3167
2020-05-23 16:55,3163
2020-05-23 17:00,3152
2020-05-23 17:05,3144
2020-05-23 17:10,3165
2020-05-23 17:15,3138
2020-05-23 17:20,3142
2020-05-23 17:25,3173
2020-05-23 17:30,3189
2020-05-23 17:35,3216
2020-05-23 17:40,3220
2020-05-23 17:45,3233
2020-05-23 17:50,3221
2020-05-23 17:55,3245
2020-05-23 18:00,3255
2020-05-23 18:05,3274
2020-05-23 18:10,3264
2020-05-23 18:15,3265
2020-05-23 18:20,3264
2020-05-23 18:25,3272
2020-05-23 18:30,3297
2020-05-23 18:35,3302
2020-05-23 18:40,3350
2020-05-23 18:45,3379
2020-05-23 18:50,3382
2020-05-23 18:55,3392
2020-05-23 19:00,3369
2020-05-23 19:05,3376
2020-05-23 19:10,3421
2020-05-23 19:15,3399
2020-05-23 19:20,3397
2020-05-23 19:25,3390
2020-05-23 19:30,
2020-05-23 19:35,3404
2020-05-23 19:40,3393
2020-05-23 19:45,3393
2020-05-23 19:50,3407
2020-05-23 19:55,3408
2020-05-23 20:00,3378
2020-05-23 20:05,3379
2020-05-23 20:10,3373
2020-05-23 20:15,3363
2020-05-23 20:20,3349
2020-05-23 20:25,3348
2020-05-23 20:30,3345
2020-05-23 20:35,3328
2020-05-23 20:40,3301
2020-05-23 20:45,3289
2020-05-23 20:50,3296
2020-05-23 20:55,3302
2020-05-23 21:00,3283
2020-05-23 21:05,3245
2020-05-23 21:10,3215
2020-05-23 21:15,3168
2020-05-23 21:20,3148
2020-05-23 21:25,3113
2020-05-23 21:30,3089
2020-05-23 21:35,3052
2020-05-23 21:40,3073
2020-05-23 21:45,3061
2020-05-23 21:50,3041
2020-05-23 21:55,2986
2020-05-23 22:00,2986
2020-05-23 22:05,2933
2020-05-23 22:10,2899
2020-05-23 22:15,2882
2020-05-23 22:20,2869
2020-05-23 22:25,2854
2020-05-23 22:30,2809
2020-05-23 22:35,2800
2020-05-23 22:40,2759
2020-05-23 22:45,2735
2020-05-23 22:50,2696
2020-05-23 22:55,2683
2020-05-23 23:00,2657
2020-05-23 23:05,2659
2020-05-23 23:10,2614
2020-05-23 23:15,2563
2020-05-23 23:20,2545
2020-05-23 23:25,2500
2020-05-23 23:30,2479
2020-05-23 23:35,2488
2020-05-23 23:40,2443
2020-05-23 23:45,2408
2020-05-23 23:50,2383
2020-05-23 23:55,2374
2020-05-24 00:00,2353
2020-05-24 00:05,2340
2020-05-24 00:10,2315
2020-05-24 00:15,2305
2020-05-24 00:20,2273
2020-05-24 00:25,2239
2020-05-24 00:30,2205
2020-05-24 00:35,2192
2020-05-24 00:40,2166
2020-05-24 00:45,2134
2020-05-24 00:50,2135
2020-05-24 00:55,2172
2020-05-24 01:00,2153
2020-05-24 01:05,2142
2020-05-24 01:10,2144
2020-05-24 01:15,2117
2020-05-24 01:20,2092
2020-05-24 01:25,2070
2020-05-24 01:30,2047
2020-05-24 01:35,2037
2020-05-24 01:40,2015
2020-05-24 01:45,2011
2020-05-24 01:50,2013
2020-05-24 01:55,1997
2020-05-24 02:00,1991
2020-05-24 02:05,1980
2020-05-24 02:10,1964
2020-05-24 02:15,1949
2020-05-24 02:20,1935
2020-05-24 02:25,1934
2020-05-24 02:30,1913
2020-05-24 02:35,1907
2020-05-24 02:40,1905
2020-05-24 02:45,1885
2020-05-24 02:50,1873
2020-05-24 02:55,1862
2020-05-24 03:00,1850
2020-05-24 03:05,1858
2020-05-24 03:10,1841
2020-05-24 03:15,1831
2020-05-24 03:20,1801
2020-05-24 03:25,1794
2020-05-24 03:30,1782
2020-05-24 03:35,1778
2020-05-24 03:40,1787
2020-05-24 03:45,1776
2020-05-24 03:50,1765
2020-05-24 03:55,1770
2020-05-24 04:00,1752
2020-05-24 04:05,1737
2020-05-24 04:10,1700
2020-05-24 04:15,1690
2020-05-24 04:20,1693
2020-05-24 04:25,1697
2020-05-24 04:30,1696
2020-05-24 04:35,1680
2020-05-24 04:40,1668
2020-05-24 04:45,1657
2020-05-24 04:50,1640
2020-05-24 04:55,1635
2020-05-24 05:00,1630
2020-05-24 05:05,1619
2020-05-24 05:10,1634
2020-05-24 05:15,1629
2020-05-24 05:20,1630
2020-05-24 05:25,1622
2020-05-24 05:30,1609
2020-05-24 05:35,1618
2020-05-24 05:40,1583
2020-05-24 05:45,1600
2020-05-24 05:50,1586
2020-05-24 05:55,1570
2020-05-24 06:00,1567
2020-05-24 06:05,1572
2020-05-24 06:10,1559
2020-05-24 06:15,1579
2020-05-24 06:20,1564
2020-05-24 06:25,1567
2020-05-24 06:30,1565
2020-05-24 06:35,1568
2020-05-24 06:40,1571
2020-05-24 06:45,1572
2020-05-24 06:50,1585
2020-05-24 06:55,1563
2020-05-24 07:00,1563
2020-05-24 07:05,1577
2020-05-24 07:10,1585
2020-05-24 07:15,1596
2020-05-24 07:20,1590
2020-05-24 07:25,1598
2020-05-24 07:30,1613
2020-05-24 07:35,1633
2020-05-24 07:40,1626
2020-05-24 07:45,1623
2020-05-24 07:50,1640
2020-05-24 07:55,1671
2020-05-24 08:00,1702
2020-05-24 08:05,1712
2020-05-24 08:10,1717
2020-05-24 08:15,1729
2020-05-24 08:20,1752
2020-05-24 08:25,1772
2020-05-24 08:30,1779
2020-05-24 08:35,1805
2020-05-24 08:40,1815
2020-05-24 08:45,1815
2020-05-24 08:50,1823
2020-05-24 08:55,1837
2020-05-24 09:00,1838
2020-05-24 09:05,1868
2020-05-24 09:10,1881
2020-05-24 09:15,1890
2020-05-24 09:20,1913
2020-05-24 09:25,1945
2020-05-24 09:30,1975
2020-05-24 09:35,1997
2020-05-24 09:40,2031
2020-05-24 09:45,2023
2020-05-24 09:50,2049
2020-05-24 09:55,2087
2020-05-24 10:00,2084
2020-05-24 10:05,2150
2020-05-24 10:10,2203
2020-05-24 10:15,2221
2020-05-24 10:20,2258
2020-05-24 10:25,2277
2020-05-24 10:30,2285
2020-05-24 10:35,2316
2020-05-24 10:40,2322
2020-05-24 10:45,2332
2020-05-24 10:50,2343
2020-05-24 10:55,2376
2020-05-24 11:00,2362
2020-05-24 11:05,2375
2020-05-24 11:10,2352
2020-05-24 11:15,2376
2020-05-24 11:20,2407
2020-05-24 11:25,2436
2020-05-24 11:30,2449
2020-05-24 11:35,2468
2020-05-24 11:40,2474
2020-05-24 11:45,2516
2020-05-24 11:50,2555
2020-05-24 11:55,2531
2020-05-24 12:00,2526
2020-05-24 12:05,2527
2020-05-24 12:10,2545
2020-05-24 12:15,2515
2020-05-24 12:20,2541
2020-05-24 12:25,2588
2020-05-24 12:30,2612
2020-05-24 12:35,2634
2020-05-24 12:40,2655
2020-05-24 12:45,2664
2020-05-24 12:50,2665
2020-05-24 12:55,2674
2020-05-24 13:00,2690
2020-05-24 13:05,2703
2020-05-24 13:10,2741
2020-05-24 13:15,2769
2020-05-24 13:20,2802
2020-05-24 13:25,2819
2020-05-24 13:30,2838
2020-05-24 13:35,2852
2020-05-24 13:40,2863
2020-05-24 13:45,2898
2020-05-24 13:50,2923
2020-05-24 13:55,2873
2020-05-24 14:00,2869
2020-05-24 14:05,2874
2020-05-24 14:10,2887
2020-05-24 14:15,2899
2020-05-24 14:20,2919
2020-05-24 14:25,2944
2020-05-24 14:30,2951
2020-05-24 14:35,2949
2020-05-24 14:40,2984
2020-05-24 14:45,2995
2020-05-24 14:50,3019
2020-05-24 14:55,3037
2020-05-24 15:00,0
2020-05-24 15:05,3090
2020-05-24 15:10,3103
2020-05-24 15:15,0
2020-05-24 15:20,3151
2020-05-24 15:25,3190
2020-05-24 15:30,3194
2020-05-24 15:35,3209
2020-05-24 15:40,3218
2020-05-24 15:45,3211
2020-05-24 15:50,3230
2020-05-24 15:55,3205
2020-05-24 16:00,3209
2020-05-24 16:05,3208
2020-05-24 16:10,3238
2020-05-24 16:15,3222
2020-05-24 16:20,3222
2020-05-24 16:25,3193
2020-05-24 16:30,3190
2020-05-24 16:35,3212
2020-05-24 16:40,3219
2020-05-24 16:45,3217
2020-05-24 16:50,3260
2020-05-24 16:55,3265
2020-05-24 17:00,3252
2020-05-24 17:05,3226
2020-05-24 17:10,3221
2020-05-24 17:15,3252
2020-05-24 17:20,3264
2020-05-24 17:25,3289
2020-05-24 17:30,3301
2020-05-24 17:35,3302
2020-05-24 17:40,3301
2020-05-24 17:45,3316
2020-05-24 17:50,3357
2020-05-24 17:55,3357
2020-05-24 18:00,3344
2020-05-24 18:05,3346
2020-05-24 18:10,3331
2020-05-24 18:15,3348
2020-05-24 18:20,3327
2020-05-24 18:25,3348
2020-05-24 18:30,3339
2020-05-24 18:35,3358
2020-05-24 18:40,3403
2020-05-24 18:45,3404
2020-05-24 18:50,3411
2020-05-24 18:55,3430
2020-05-24 19:00,3469
2020-05-24 19:05,3463
2020-05-24 19:10,3442
2020-05-24 19:15,3428
2020-05-24 19:20,3422
2020-05-24 19:25,3422
2020-05-24 19:30,3463
2020-05-24 19:35,3445
2020-05-24 19:40,3439
2020-05-24 19:45,3434
2020-05-24 19:50,3442
2020-05-24 19:55,3437
2020-05-24 20:00,3431
2020-05-24 20:05,3401
2020-05-24 20:10,3372
2020-05-24 20:15,3347
2020-05-24 20:20,3341
2020-05-24 20:25,3342
2020-05-24 20:30,3323
2020-05-24 20:35,3297
2020-05-24 20:40,3302
2020-05-24 20:45,3262
2020-05-24 20:50,3247
2020-05-24 20:55,3196
2020-05-24 21:00,3188
2020-05-24 21:05,3158
2020-05-24 21:10,3100
2020-05-24 21:15,3097
2020-05-24 21:20,3093
2020-05-24 21:25,3078
2020-05-24 21:30,3041
2020-05-24 21:35,3013
2020-05-24 21:40,2993
2020-05-24 21:45,2977
2020-05-24 21:50,2956
2020-05-24 21:55,2920
2020-05-24 22:00,2881
2020-05-24 22:05,2869
2020-05-24 22:10,2808
2020-05-24 22:15,2771
2020-05-24 22:20,2712
2020-05-24 22:25,2689
2020-05-24 22:30,2670
2020-05-24 22:35,2629
2020-05-24 22:40,2577
2020-05-24 22:45,2552
2020-05-24 22:50,2531
2020-05-24 22:55,2477
2020-05-24 23:00,2458
2020-05-24 23:05,2431
2020-05-24 23:10,2428
2020-05-24 23:15,2400
2020-05-24 23:20,2391
2020-05-24 23:25,2373
2020-05-24 23:30,2350
2020-05-24 23:35,2333
2020-05-24 23:40,2333
2020-05-24 23:45,2328
2020-05-24 23:50,2315
2020-05-24 23:55,2279
2020-05-25 00:00,2261
2020-05-25 00:05,2411
2020-05-25 00:10,2245
2020-05-25 00:15,2228
2020-05-25 00:20,2229
2020-05-25 00:25,2196
2020-05-25 00:30,2200
2020-05-25 00:35,2200
2020-05-25 00:40,2190
2020-05-25 00:45,2179
2020-05-25 00:50,2148
2020-05-25 00:55,2149
2020-05-25 01:00,2118
2020-05-25 01:05,2093
2020-05-25 01:10,2082
2020-05-25 01:15,2070
2020-05-25 01:20,2051
2020-05-25 01:25,2032
2020-05-25 01:30,2030
2020-05-25 01:35,2024
2020-05-25 01:40,2019
2020-05-25 01:45,2024
2020-05-25 01:50,1989
2020-05-25 01:55,1978
2020-05-25 02:00,1978
2020-05-25 02:05,1959
2020-05-25 02:10,1955
2020-05-25 02:15,1944
2020-05-25 02:20,1933
2020-05-25 02:25,1925
2020-05-25 02:30,1904
2020-05-25 02:35,1892
2020-05-25 02:40,1888
2020-05-25 02:45,1884
2020-05-25 02:50,1875
2020-05-25 02:55,1871
2020-05-25 03:00,1844
2020-05-25 03:05,1842
2020-05-25 03:10,1819
2020-05-25 03:15,1802
2020-05-25 03:20,1800
2020-05-25 03:25,1802
2020-05-25 03:30,1775
2020-05-25 03:35,1760
2020-05-25 03:40,1730
2020-05-25 03:45,1719
2020-05-25 03:50,1711
2020-05-25 03:55,1717
2020-05-25 04:00,1698
2020-05-25 04:05,1697
2020-05-25 04:10,1694
2020-05-25 04:15,1680
2020-05-25 04:20,1665
2020-05-25 04:25,1647
2020-05-25 04:30,1618
2020-05-25 04:35,1594
2020-05-25 04:40,1572
2020-05-25 04:45,1553
2020-05-25 04:50,1534
2020-05-25 04:55,1520
2020-05-25 05:00,1515
2020-05-25 05:05,1503
2020-05-25 05:10,1480
2020-05-25 05:15,1464
2020-05-25 05:20,1466
2020-05-25 05:25,1453
2020-05-25 05:30,1440
2020-05-25 05:35,1453
2020-05-25 05:40,1471
2020-05-25 05:45,1456
2020-05-25 05:50,1438
2020-05-25 05:55,1430
2020-05-25 06:00,1414
2020-05-25 06:05,1407
2020-05-25 06:10,1404
2020-05-25 06:15,1423
2020-05-25 06:20,1411
2020-05-25 06:25,1412
2020-05-25 06:30,1418
2020-05-25 06:35,1421
2020-05-25 06:40,1421
2020-05-25 06:45,1416
2020-05-25 06:50,1408
2020-05-25 06:55,1409
2020-05-25 07:00,1404
2020-05-25 07:05,1403
2020-05-25 07:10,1392
2020-05-25 07:15,1403
2020-05-25 07:20,1413
2020-05-25 07:25,1410
2020-05-25 07:30,1411
2020-05-25 07:35,1443
2020-05-25 07:40,1445
2020-05-25 07:45,1458
2020-05-25 07:50,1477
2020-05-25 07:55,1489
2020-05-25 08:00,1488
2020-05-25 08:05,1491
2020-05-25 08:10,1522
2020-05-25 08:15,1533
2020-05-25 08:20,1535
2020-05-25 08:25,1550
2020-05-25 08:30,1529
2020-05-25 08:35,1552
2020-05-25 08:40,1567
2020-05-25 08:45,1587
2020-05-25 08:50,1587
2020-05-25 08:55,1583
2020-05-25 09:00,1574
2020-05-25 09:05,1579
2020-05-25 09:10,1585
2020-05-25 09:15,1594
2020-05-25 09:20,1602
2020-05-25 09:25,1605
2020-05-25 09:30,1612
2020-05-25 09:35,1630
2020-05-25 09:40,1637
2020-05-25 09:45,1625
2020-05-25 09:50,1629
2020-05-25 09:55,1671
2020-05-25 10:00,1701
2020-05-25 10:05,1763
2020-05-25 10:10,1802
2020-05-25 10:15,1822
2020-05-25 10:20,1864
2020-05-25 10:25,1880
2020-05-25 10:30,1906
2020-05-25 10:35,1941
2020-05-25 10:40,1955
2020-05-25 10:45,1974
2020-05-25 10:50,1954
2020-05-25 10:55,1958
2020-05-25 11:00,1951
2020-05-25 11:05,1960
2020-05-25 11:10,1970
2020-05-25 11:15,1988
2020-05-25 11:20,1985
2020-05-25 11:25,2007
2020-05-25 11:30,2016
2020-05-25 11:35,2038
2020-05-25 11:40,2047
2020-05-25 11:45,2062
2020-05-25 11:50,2075
2020-05-25 11:55,2096
2020-05-25 12:00,2121
2020-05-25 12:05,2142
2020-05-25 12:10,2152
2020-05-25 12:15,2144
2020-05-25 12:20,2152
2020-05-25 12:25,2164
2020-05-25 12:30,2190
2020-05-25 12:35,2223
2020-05-25 12:40,2236
2020-05-25 12:45,2257
2020-05-25 12:50,2279
2020-05-25 12:55,2281
2020-05-25 13:00,2289
2020-05-25 13:05,2310
2020-05-25 13:10,2303
2020-05-25 13:15,2320
2020-05-25 13:20,2336
2020-05-25 13:25,2350
2020-05-25 13:30,2369
2020-05-25 13:35,2405
2020-05-25 13:40,2434
2020-05-25 13:45,2453
2020-05-25 13:50,2474
2020-05-25 13:55,2503
2020-05-25 14:00,2523
2020-05-25 14:05,2539
2020-05-25 14:10,2569
2020-05-25 14:15,2577
2020-05-25 14:20,2585
2020-05-25 14:25,2593
2020-05-25 14:30,2599
2020-05-25 14:35,2608
2020-05-25 14:40,2612
2020-05-25 14:45,2642
2020-05-25 14:50,2659
2020-05-25 14:55,2681
2020-05-25 15:00,2703
2020-05-25 15:05,2739
2020-05-25 15:10,2767
2020-05-25 15:15,2794
2020-05-25 15:20,2822
2020-05-25 15:25,2827
2020-05-25 15:30,2860
2020-05-25 15:35,2865
2020-05-25 15:40,2869
2020-05-25 15:45,2881
2020-05-25 15:50,2897
2020-05-25 15:55,2925
2020-05-25 16:00,2958
2020-05-25 16:05,2986
2020-05-25 16:10,3001
2020-05-25 16:15,3047
2020-05-25 16:20,3057
2020-05-25 16:25,3071
2020-05-25 16:30,3091
2020-05-25 16:35,3104
2020-05-25 16:40,3123
2020-05-25 16:45,3154
2020-05-25 16:50,3155
2020-05-25 16:55,3177
2020-05-25 17:00,3196
2020-05-25 17:05,3239
2020-05-25 17:10,3249
2020-05-25 17:15,3242
2020-05-25 17:20,3267
2020-05-25 17:25,3257
2020-05-25 17:30,3264
2020-05-25 17:35,3284
2020-05-25 17:40,3320
2020-05-25 17:45,3330
2020-05-25 17:50,3359
2020-05-25 17:55,3365
2020-05-25 18:00,3372
2020-05-25 18:05,3364
2020-05-25 18:10,3358
2020-05-25 18:15,3345
2020-05-25 18:20,3376
2020-05-25 18:25,3371
2020-05-25 18:30,3386
2020-05-25 18:35,3380
2020-05-25 18:40,3392
2020-05-25 18:45,3446
2020-05-25 18:50,3492
2020-05-25 18:55,3498
2020-05-25 19:00,3515
2020-05-25 19:05,3495
2020-05-25 19:10,3484
2020-05-25 19:15,3477
2020-05-25 19:20,3480
2020-05-25 19:25,3484
2020-05-25 19:30,3465
2020-05-25 19:35,3451
2020-05-25 19:40,3419
2020-05-25 19:45,3407
2020-05-25 19:50,0
2020-05-25 19:55,3380
2020-05-25 20:00,3369
2020-05-25 20:05,3358
2020-05-25 20:10,3298
2020-05-25 20:15,3266
2020-05-25 20:20,3241
2020-05-25 20:25,3237
2020-05-25 20:30,3203
2020-05-25 20:35,3147
2020-05-25 20:40,3088
2020-05-25 20:45,3078
2020-05-25 20:50,3099
2020-05-25 20:55,3063
2020-05-25 21:00,3005
2020-05-25 21:05,2957
2020-05-25 21:10,2915
2020-05-25 21:15,2871
2020-05-25 21:20,2873
2020-05-25 21:25,2874
2020-05-25 21:30,2835
2020-05-25 21:35,2792
2020-05-25 21:40,2714
2020-05-25 21:45,2420
2020-05-25 21:50,1941
2020-05-25 21:55,2642
2020-05-25 22:00,2721
2020-05-25 22:05,2693
2020-05-25 22:10,2640
2020-05-25 22:15,2626
2020-05-25 22:20,2605
2020-05-25 22:25,2595
2020-05-25 22:30,2575
2020-05-25 22:35,2546
2020-05-25 22:40,2524
2020-05-25 22:45,2512
2020-05-25 22:50,2480
2020-05-25 22:55,2474
2020-05-25 23:00,2471
2020-05-25 23:05,2464
2020-05-25 23:10,2430
2020-05-25 23:15,2403
2020-05-25 23:20,2391
2020-05-25 23:25,2363
2020-05-25 23:30,2332
2020-05-25 23:35,2281
2020-05-25 23:40,2254
2020-05-25 23:45,2238
2020-05-25 23:50,2217
2020-05-25 23:55,2209
2020-05-26 00:00,2206
2020-05-26 00:05,2181
2020-05-26 00:10,2168
2020-05-26 00:15,2141
2020-05-26 00:20,2130
2020-05-26 00:25,2126
2020-05-26 00:30,2109
2020-05-26 00:35,2079
2020-05-26 00:40,2049
2020-05-26 00:45,2044
2020-05-26 00:50,2028
2020-05-26 00:55,2032
2020-05-26 01:00,2018
2020-05-26 01:05,2046
2020-05-26 01:10,2050
2020-05-26 01:15,2034
2020-05-26 01:20,2027
2020-05-26 01:25,2008
2020-05-26 01:30,1987
2020-05-26 01:35,1966
2020-05-26 01:40,1959
2020-05-26 01:45,1949
2020-05-26 01:50,1936
2020-05-26 01:55,1903
2020-05-26 02:00,1911
2020-05-26 02:05,1907
2020-05-26 02:10,1907
2020-05-26 02:15,1890
2020-05-26 02:20,1875
2020-05-26 02:25,1862
2020-05-26 02:30,1854
2020-05-26 02:35,1838
2020-05-26 02:40,1838
2020-05-26 02:45,1812
2020-05-26 02:50,1783
2020-05-26 02:55,1785
2020-05-26 03:00,1772
2020-05-26 03:05,1747
2020-05-26 03:10,1711
2020-05-26 03:15,1695
2020-05-26 03:20,1670
2020-05-26 03:25,1642
2020-05-26 03:30,1595
2020-05-26 03:35,1591
2020-05-26 03:40,1580
2020-05-26 03:45,1569
2020-05-26 03:50,1566
2020-05-26 03:55,1554
2020-05-26 04:00,1529
2020-05-26 04:05,1532
2020-05-26 04:10,1525
2020-05-26 04:15,1529
2020-05-26 04:20,1503
2020-05-26 04:25,1490
2020-05-26 04:30,1480
2020-05-26 04:35,1489
2020-05-26 04:40,1486
2020-05-26 04:45,1460
2020-05-26 04:50,1464
2020-05-26 04:55,1449
2020-05-26 05:00,1443
2020-05-26 05:05,1432
2020-05-26 05:10,1428
2020-05-26 05:15,1421
2020-05-26 05:20,1415
2020-05-26 05:25,1406
2020-05-26 05:30,1400
2020-05-26 05:35,1394
2020-05-26 05:40,1385
2020-05-26 05:45,1399
2020-05-26 05:50,1367
2020-05-26 05:55,1354
2020-05-26 06:00,1357
2020-05-26 06:05,1346
2020-05-26 06:10,1342
2020-05-26 06:15,1333
2020-05-26 06:20,1340
2020-05-26 06:25,1344
2020-05-26 06:30,1348
2020-05-26 06:35,1367
2020-05-26 06:40,1346
2020-05-26 06:45,1356
2020-05-26 06:50,1357
2020-05-26 06:55,1366
2020-05-26 07:00,1391
2020-05-26 07:05,1399
2020-05-26 07:10,1397
2020-05-26 07:15,1405
2020-05-26 07:20,1435
2020-05-26 07:25,1427
2020-05-26 07:30,1436
2020-05-26 07:35,1429
2020-05-26 07:40,1424
2020-05-26 07:45,1424
2020-05-26 07:50,1423
2020-05-26 07:55,1409
2020-05-26 08:00,1393
2020-05-26 08:05,1402
2020-05-26 08:10,1411
2020-05-26 08:15,1439
2020-05-26 08:20,1446
2020-05-26 08:25,1448
2020-05-26 08:30,1476
2020-05-26 08:35,1490
2020-05-26 08:40,1493
2020-05-26 08:45,1509
2020-05-26 08:50,1518
2020-05-26 08:55,1530
2020-05-26 09:00,1540
2020-05-26 09:05,1541
2020-05-26 09:10,1556
2020-05-26 09:15,1564
2020-05-26 09:20,1575
2020-05-26 09:25,1593
2020-05-26 09:30,1609
2020-05-26 09:35,1638
2020-05-26 09:40,1649
2020-05-26 09:45,1682
2020-05-26 09:50,1703
2020-05-26 09:55,1702
2020-05-26 10:00,1738
2020-05-26 10:05,1793
2020-05-26 10:10,1802
2020-05-26 10:15,1794
2020-05-26 10:20,1778
2020-05-26 10:25,1799
2020-05-26 10:30,1819
2020-05-26 10:35,1825
2020-05-26 10:40,1850
2020-05-26 10:45,1874
2020-05-26 10:50,1877
2020-05-26 10:55,1900
2020-05-26 11:00,1885
2020-05-26 11:05,1897
2020-05-26 11:10,1903
2020-05-26 11:15,1899
2020-05-26 11:20,1909
2020-05-26 11:25,1930
2020-05-26 11:30,1942
2020-05-26 11:35,1961
2020-05-26 11:40,1978
2020-05-26 11:45,2010
2020-05-26 11:50,1995
2020-05-26 11:55,2000
2020-05-26 12:00,1983
2020-05-26 12:05,1968
2020-05-26 12:10,1977
2020-05-26 12:15,1956
2020-05-26 12:20,1967
2020-05-26 12:25,1976
2020-05-26 12:30,1977
2020-05-26 12:35,2002
2020-05-26 12:40,2018
2020-05-26 12:45,2058
2020-05-26 12:50,2104
2020-05-26 12:55,2098
2020-05-26 13:00,2127
2020-05-26 13:05,2125
2020-05-26 13:10,2156
2020-05-26 13:15,2175
2020-05-26 13:20,2177
2020-05-26 13:25,2201
2020-05-26 13:30,2216
2020-05-26 13:35,2231
2020-05-26 13:40,2246
2020-05-26 13:45,2276
2020-05-26 13:50,2280
2020-05-26 13:55,2321
2020-05-26 14:00,2321
2020-05-26 14:05,2323
2020-05-26 14:10,2346
2020-05-26 14:15,2328
2020-05-26 14:20,2366
2020-05-26 14:25,2382
2020-05-26 14:30,2390
2020-05-26 14:35,2419
2020-05-26 14:40,2440
2020-05-26 14:45,2470
2020-05-26 14:50,2495
2020-05-26 14:55,2502
2020-05-26 15:00,2487
2020-05-26 15:05,2509
2020-05-26 15:10,2536
2020-05-26 15:15,2567
2020-05-26 15:20,2589
2020-05-26 15:25,2594
2020-05-26 15:30,2613
2020-05-26 15:35,2621
2020-05-26 15:40,2625
2020-05-26 15:45,2660
2020-05-26 15:50,2686
2020-05-26 15:55,2737
2020-05-26 16:00,2734
2020-05-26 16:05,2714
2020-05-26 16:10,2721
2020-05-26 16:15,2749
2020-05-26 16:20,2775
2020-05-26 16:25,2781
2020-05-26 16:30,2817
2020-05-26 16:35,2820
2020-05-26 16:40,2832
2020-05-26 16:45,2847
2020-05-26 16:50,2865
2020-05-26 16:55,2876
2020-05-26 17:00,2884
2020-05-26 17:05,2859
2020-05-26 17:10,2879
2020-05-26 17:15,2857
2020-05-26 17:20,2856
2020-05-26 17:25,2871
2020-05-26 17:30,2923
2020-05-26 17:35,2941
2020-05-26 17:40,2957
2020-05-26 17:45,2949
2020-05-26 17:50,2966
2020-05-26 17:55,2965
2020-05-26 18:00,2975
2020-05-26 18:05,2977
2020-05-26 18:10,2967
2020-05-26 18:15,2967
2020-05-26 18:20,2972
2020-05-26 18:25,2985
2020-05-26 18:30,2973
2020-05-26 18:35,2973
2020-05-26 18:40,2963
2020-05-26 18:45,2962
2020-05-26 18:50,2965
2020-05-26 18:55,2935
2020-05-26 19:00,2958
2020-05-26 19:05,2964
2020-05-26 19:10,2966
2020-05-26 19:15,2987
2020-05-26 19:20,3011
2020-05-26 19:25,3019
2020-05-26 19:30,3020
2020-05-26 19:35,3053
2020-05-26 19:40,3053
2020-05-26 19:45,3059
2020-05-26 19:50,3058
2020-05-26 19:55,3052
2020-05-26 20:00,3041
2020-05-26 20:05,3018
2020-05-26 20:10,2981
2020-05-26 20:15,2937
2020-05-26 20:20,2941
2020-05-26 20:25,2920
2020-05-26 20:30,2901
2020-05-26 20:35,2899
2020-05-26 20:40,2888
2020-05-26 20:45,2882
2020-05-26 20:50,2875
2020-05-26 20:55,2869
2020-05-26 21:00,2854
2020-05-26 21:05,2819
2020-05-26 21:10,2789
2020-05-26 21:15,2770
2020-05-26 21:20,2755
2020-05-26 21:25,2727
2020-05-26 21:30,2712
2020-05-26 21:35,2706
2020-05-26 21:40,2650
2020-05-26 21:45,2619
2020-05-26 21:50,2591
2020-05-26 21:55,2556
2020-05-26 22:00,2549
2020-05-26 22:05,2520
2020-05-26 22:10,2478
2020-05-26 22:15,2459
2020-05-26 22:20,2432
2020-05-26 22:25,2390
2020-05-26 22:30,
2020-05-26 22:35,0
2020-05-26 22:40,1024
2020-05-26 22:45,2048
2020-05-26 22:50,2326
2020-05-26 22:55,2305
2020-05-26 23:00,2285
2020-05-26 23:05,2263
2020-05-26 23:10,2230
2020-05-26 23:15,2212
2020-05-26 23:20,2210
2020-05-26 23:25,2203
2020-05-26 23:30,2194
2020-05-26 23:35,2148
2020-05-26 23:40,2127
2020-05-26 23:45,2111
2020-05-26 23:50,2090
2020-05-26 23:55,2082
2020-05-27 00:00,2067
2020-05-27 00:05,2077
2020-05-27 00:10,2073
2020-05-27 00:15,2049
2020-05-27 00:20,2042
2020-05-27 00:25,2028
2020-05-27 00:30,2013
2020-05-27 00:35,2001
2020-05-27 00:40,1967
2020-05-27 00:45,1969
2020-05-27 00:50,1958
2020-05-27 00:55,1948
2020-05-27 01:00,1950
2020-05-27 01:05,1958
2020-05-27 01:10,1928
2020-05-27 01:15,1897
2020-05-27 01:20,1884
2020-05-27 01:25,1839
2020-05-27 01:30,1832
2020-05-27 01:35,1836
2020-05-27 01:40,1842
2020-05-27 01:45,1831
2020-05-27 01:50,1811
2020-05-27 01:55,1801
2020-05-27 02:00,1788
2020-05-27 02:05,1792
2020-05-27 02:10,1773
2020-05-27 02:15,1739
2020-05-27 02:20,1753
2020-05-27 02:25,1736
2020-05-27 02:30,1725
2020-05-27 02:35,1727
2020-05-27 02:40,1717
2020-05-27 02:45,1717
2020-05-27 02:50,1710
2020-05-27 02:55,1703
2020-05-27 03:00,1697
2020-05-27 03:05,1694
2020-05-27 03:10,1672
2020-05-27 03:15,1633
2020-05-27 03:20,1620
2020-05-27 03:25,1598
2020-05-27 03:30,1567
2020-05-27 03:35,1549
2020-05-27 03:40,1524
2020-05-27 03:45,1519
2020-05-27 03:50,1499
2020-05-27 03:55,1514
2020-05-27 04:00,1479
2020-05-27 04:05,1467
2020-05-27 04:10,1447
2020-05-27 04:15,1429
2020-05-27 04:20,1431
2020-05-27 04:25,1402
2020-05-27 04:30,1390
2020-05-27 04:35,1381
2020-05-27 04:40,1363
2020-05-27 04:45,1348
2020-05-27 04:50,1336
2020-05-27 04:55,1302
2020-05-27 05:00,1283
2020-05-27 05:05,1267
2020-05-27 05:10,1260
2020-05-27 05:15,1240
2020-05-27 05:20,1260
2020-05-27 05:25,1248
2020-05-27 05:30,1255
2020-05-27 05:35,1257
2020-05-27 05:40,1244
2020-05-27 05:45,1252
2020-05-27 05:50,1242
2020-05-27 05:55,1242
2020-05-27 06:00,1213
2020-05-27 06:05,1210
2020-05-27 06:10,1224
2020-05-27 06:15,1219
2020-05-27 06:20,1212
2020-05-27 06:25,1208
2020-05-27 06:30,1203
2020-05-27 06:35,1223
2020-05-27 06:40,1204
2020-05-27 06:45,1203
2020-05-27 06:50,1209
2020-05-27 06:55,1226
2020-05-27 07:00,1220
2020-05-27 07:05,1216
2020-05-27 07:10,1211
2020-05-27 07:15,1211
2020-05-27 07:20,1214
2020-05-27 07:25,1215
2020-05-27 07:30,1193
2020-05-27 07:35,1221
2020-05-27 07:40,1234
2020-05-27 07:45,1240
2020-05-27 07:50,1234
2020-05-27 07:55,1253
2020-05-27 08:00,1256
2020-05-27 08:05,1288
2020-05-27 08:10,1293
2020-05-27 08:15,1310
2020-05-27 08:20,1324
2020-05-27 08:25,1325
2020-05-27 08:30,1333
2020-05-27 08:35,1343
2020-05-27 08:40,1345
2020-05-27 08:45,1356
2020-05-27 08:50,1370
2020-05-27 08:55,1374
2020-05-27 09:00,1363
2020-05-27 09:05,1364
2020-05-27 09:10,1373
2020-05-27 09:15,1379
2020-05-27 09:20,1388
2020-05-27 09:25,1415
2020-05-27 09:30,1442
2020-05-27 09:35,1469
2020-05-27 09:40,1467
2020-05-27 09:45,1483
2020-05-27 09:50,1483
2020-05-27 09:55,1512
2020-05-27 10:00,1531
2020-05-27 10:05,1570
2020-05-27 10:10,1638
2020-05-27 10:15,1669
2020-05-27 10:20,1673
2020-05-27 10:25,1705
2020-05-27 10:30,1709
2020-05-27 10:35,1716
2020-05-27 10:40,1736
2020-05-27 10:45,1732
2020-05-27 10:50,1752
2020-05-27 10:55,1770
2020-05-27 11:00,1754
2020-05-27 11:05,1739
2020-05-27 11:10,1742
2020-05-27 11:15,1742
2020-05-27 11:20,1736
2020-05-27 11:25,1747
2020-05-27 11:30,1778
2020-05-27 11:35,1782
2020-05-27 11:40,1795
2020-05-27 11:45,1803
2020-05-27 11:50,1805
2020-05-27 11:55,1820
2020-05-27 12:00,1839
2020-05-27 12:05,1847
2020-05-27 12:10,1847
2020-05-27 12:15,1850
2020-05-27 12:20,1883
2020-05-27 12:25,1926
2020-05-27 12:30,1949
2020-05-27 12:35,1979
2020-05-27 12:40,1999
2020-05-27 12:45,1998
2020-05-27 12:50,2019
2020-05-27 12:55,2025
2020-05-27 13:00,2041
2020-05-27 13:05,1997
2020-05-27 13:10,2010
2020-05-27 13:15,2026
2020-05-27 13:20,2009
2020-05-27 13:25,2037
2020-05-27 13:30,2034
2020-05-27 13:35,2053
2020-05-27 13:40,2052
2020-05-27 13:45,2054
2020-05-27 13:50,2060
2020-05-27 13:55,2080
2020-05-27 14:00,2099
2020-05-27 14:05,2110
2020-05-27 14:10,2120
2020-05-27 14:15,2118
2020-05-27 14:20,2171
2020-05-27 14:25,2175
2020-05-27 14:30,2202
2020-05-27 14:35,2230
2020-05-27 14:40,2252
2020-05-27 14:45,2261
2020-05-27 14:50,2288
2020-05-27 14:55,2294
2020-05-27 15:00,2306
2020-05-27 15:05,2322
2020-05-27 15:10,2303
2020-05-27 15:15,2314
2020-05-27 15:20,2309
2020-05-27 15:25,2323
2020-05-27 15:30,2332
2020-05-27 15:35,2354
2020-05-27 15:40,2386
2020-05-27 15:45,2385
2020-05-27 15:50,2400
2020-05-27 15:55,2432
2020-05-27 16:00,2438
2020-05-27 16:05,2453
2020-05-27 16:10,2453
2020-05-27 16:15,2493
2020-05-27 16:20,2509
2020-05-27 16:25,2538
2020-05-27 16:30,2564
2020-05-27 16:35,2600
2020-05-27 16:40,2617
2020-05-27 16:45,2635
2020-05-27 16:50,2645
2020-05-27 16:55,2662
2020-05-27 17:00,2696
2020-05-27 17:05,2700
2020-05-27 17:10,2696
2020-05-27 17:15,2690
2020-05-27 17:20,2714
2020-05-27 17:25,2739
2020-05-27 17:30,2747
2020-05-27 17:35,2757
2020-05-27 17:40,2763
2020-05-27 17:45,2790
2020-05-27 17:50,2772
2020-05-27 17:55,2795
2020-05-27 18:00,2798
2020-05-27 18:05,2804
2020-05-27 18:10,2794
2020-05-27 18:15,2793
2020-05-27 18:20,2795
2020-05-27 18:25,2800
2020-05-27 18:30,2837
2020-05-27 18:35,2857
2020-05-27 18:40,2873
2020-05-27 18:45,2871
2020-05-27 18:50,2870
2020-05-27 18:55,2901
2020-05-27 19:00,2911
2020-05-27 19:05,2925
2020-05-27 19:10,2945
2020-05-27 19:15,2939
2020-05-27 19:20,2897
2020-05-27 19:25,2914
2020-05-27 19:30,2893
2020-05-27 19:35,2894
2020-05-27 19:40,2858
2020-05-27 19:45,2857
2020-05-27 19:50,2826
2020-05-27 19:55,2822
2020-05-27 20:00,2786
2020-05-27 20:05,2771
2020-05-27 20:10,2754
2020-05-27 20:15,2730
2020-05-27 20:20,2725
2020-05-27 20:25,2709
2020-05-27 20:30,2709
2020-05-27 20:35,2701
2020-05-27 20:40,2715
2020-05-27 20:45,2714
2020-05-27 20:50,2710
2020-05-27 20:55,2726
2020-05-27 21:00,2742
2020-05-27 21:05,2712
2020-05-27 21:10,2689
2020-05-27 21:15,2665
2020-05-27 21:20,2628
2020-05-27 21:25,2598
2020-05-27 21:30,2554
2020-05-27 21:35,2542
2020-05-27 21:40,2477
2020-05-27 21:45,2480
2020-05-27 21:50,2452
2020-05-27 21:55,2429
2020-05-27 22:00,2403
2020-05-27 22:05,2383
2020-05-27 22:10,2360
2020-05-27 22:15,2338
2020-05-27 22:20,2295
2020-05-27 22:25,2282
2020-05-27 22:30,2287
2020-05-27 22:35,2260
2020-05-27 22:40,2246
2020-05-27 22:45,2220
2020-05-27 22:50,2180
2020-05-27 22:55,2162
2020-05-27 23:00,2170
2020-05-27 23:05,2152
2020-05-27 23:10,2135
2020-05-27 23:15,2128
2020-05-27 23:20,2112
2020-05-27 23:25,2113
2020-05-27 23:30,2076
2020-05-27 23:35,2059
2020-05-27 23:40,2046
2020-05-27 23:45,2017
2020-05-27 23:50,2008
2020-05-27 23:55,1977
2020-05-28 00:00,1973
2020-05-28 00:05,1966
2020-05-28 00:10,1955
2020-05-28 00:15,1951
2020-05-28 00:20,1928
2020-05-28 00:25,1937
2020-05-28 00:30,1910
2020-05-28 00:35,1924
2020-05-28 00:40,1929
2020-05-28 00:45,1919
2020-05-28 00:50,1924
2020-05-28 00:55,1930
2020-05-28 01:00,1926
2020-05-28 01:05,1909
2020-05-28 01:10,1914
2020-05-28 01:15,1922
2020-05-28 01:20,1921
2020-05-28 01:25,1926
2020-05-28 01:30,1922
2020-05-28 01:35,1911
2020-05-28 01:40,1905
2020-05-28 01:45,1895
2020-05-28 01:50,1863
2020-05-28 01:55,1847
2020-05-28 02:00,1827
2020-05-28 02:05,1816
2020-05-28 02:10,1802
2020-05-28 02:15,1769
2020-05-28 02:20,1764
2020-05-28 02:25,1754
2020-05-28 02:30,1742
2020-05-28 02:35,1746
2020-05-28 02:40,1711
2020-05-28 02:45,1684
2020-05-28 02:50,1667
2020-05-28 02:55,1650
2020-05-28 03:00,1642
2020-05-28 03:05,1623
2020-05-28 03:10,1599
2020-05-28 03:15,1579
2020-05-28 03:20,1574
2020-05-28 03:25,1564
2020-05-28 03:30,1561
2020-05-28 03:35,1548
2020-05-28 03:40,1522
2020-05-28 03:45,1501
2020-05-28 03:50,1473
2020-05-28 03:55,1446
2020-05-28 04:00,1431
2020-05-28 04:05,1426
2020-05-28 04:10,1411
2020-05-28 04:15,1410
2020-05-28 04:20,1388
2020-05-28 04:25,1383
2020-05-28 04:30,1388
2020-05-28 04:35,1369
2020-05-28 04:40,1376
2020-05-28 04:45,1364
2020-05-28 04:50,1358
2020-05-28 04:55,1352
2020-05-28 05:00,1350
2020-05-28 05:05,1332
2020-05-28 05:10,1331
2020-05-28 05:15,1314
2020-05-28 05:20,1318
2020-05-28 05:25,1319
2020-05-28 05:30,1295
2020-05-28 05:35,1295
2020-05-28 05:40,1284
2020-05-28 05:45,1272
2020-05-28 05:50,1265
2020-05-28 05:55,1256
2020-05-28 06:00,1252
2020-05-28 06:05,1247
2020-05-28 06:10,1263
2020-05-28 06:15,1274
2020-05-28 06:20,1254
2020-05-28 06:25,1233
2020-05-28 06:30,1225
2020-05-28 06:35,1233
2020-05-28 06:40,1221
2020-05-28 06:45,1230
2020-05-28 06:50,1230
2020-05-28 06:55,1227
2020-05-28 07:00,1233
2020-05-28 07:05,1237
2020-05-28 07:10,1234
2020-05-28 07:15,1254
2020-05-28 07:20,1240
2020-05-28 07:25,1251
2020-05-28 07:30,1261
2020-05-28 07:35,1287
2020-05-28 07:40,1293
2020-05-28 07:45,1313
2020-05-28 07:50,1321
2020-05-28 07:55,1313
2020-05-28 08:00,1294
2020-05-28 08:05,1286
2020-05-28 08:10,1299
2020-05-28 08:15,1302
2020-05-28 08:20,1315
2020-05-28 08:25,1328
2020-05-28 08:30,1327
2020-05-28 08:35,1327
2020-05-28 08:40,1350
2020-05-28 08:45,1347
2020-05-28 08:50,1363
2020-05-28 08:55,1375
2020-05-28 09:00,1381
2020-05-28 09:05,1394
2020-05-28 09:10,1412
2020-05-28 09:15,1422
2020-05-28 09:20,1435
2020-05-28 09:25,1463
2020-05-28 09:30,1469
2020-05-28 09:35,1478
2020-05-28 09:40,1486
2020-05-28 09:45,1500
2020-05-28 09:50,1519
2020-05-28 09:55,1526
2020-05-28 10:00,1564
2020-05-28 10:05,1601
2020-05-28 10:10,1624
2020-05-28 10:15,1650
2020-05-28 10:20,1676
2020-05-28 10:25,1676
2020-05-28 10:30,1698
2020-05-28 10:35,1691
2020-05-28 10:40,1711
2020-05-28 10:45,1717
2020-05-28 10:50,1718
2020-05-28 10:55,1707
2020-05-28 11:00,1695
2020-05-28 11:05,1690
2020-05-28 11:10,1695
2020-05-28 11:15,1686
2020-05-28 11:20,1707
2020-05-28 11:25,1714
2020-05-28 11:30,1720
2020-05-28 11:35,1741
2020-05-28 11:40,1751
2020-05-28 11:45,1757
2020-05-28 11:50,1789
2020-05-28 11:55,1821
2020-05-28 12:00,1855
2020-05-28 12:05,1868
2020-05-28 12:10,1887
2020-05-28 12:15,1871
2020-05-28 12:20,1889
2020-05-28 12:25,1905
2020-05-28 12:30,1929
2020-05-28 12:35,1946
2020-05-28 12:40,1958
2020-05-28 12:45,1972
2020-05-28 12:50,2000
2020-05-28 12:55,1993
2020-05-28 13:00,1999
2020-05-28 13:05,1970
2020-05-28 13:10,1979
2020-05-28 13:15,1973
2020-05-28 13:20,1976
2020-05-28 13:25,1999
2020-05-28 13:30,2010
2020-05-28 13:35,1995
2020-05-28 13:40,1996
2020-05-28 13:45,1954
2020-05-28 13:50,1922
2020-05-28 13:55,1829
2020-05-28 14:00,1683
2020-05-28 14:05,1367
2020-05-28 14:10,1021
2020-05-28 14:15,1008
2020-05-28 14:20,1014
2020-05-28 14:25,1014
2020-05-28 14:30,1041
2020-05-28 14:35,1070
2020-05-28 14:40,1066
2020-05-28 14:45,1075
2020-05-28 14:50,1088
2020-05-28 14:55,1126
2020-05-28 15:00,1141
2020-05-28 15:05,1189
2020-05-28 15:10,1182
2020-05-28 15:15,1198
2020-05-28 15:20,1248
2020-05-28 15:25,1367
2020-05-28 15:30,1508
2020-05-28 15:35,1617
2020-05-28 15:40,1746
2020-05-28 15:45,1860
2020-05-28 15:50,1949
2020-05-28 15:55,2020
2020-05-28 16:00,2084
2020-05-28 16:05,2179
2020-05-28 16:10,2252
2020-05-28 16:15,2342
2020-05-28 16:20,2408
2020-05-28 16:25,2458
2020-05-28 16:30,2512
2020-05-28 16:35,2563
2020-05-28 16:40,2597
2020-05-28 16:45,2641
2020-05-28 16:50,2679
2020-05-28 16:55,2711
2020-05-28 17:00,2743
2020-05-28 17:05,2757
2020-05-28 17:10,2801
2020-05-28 17:15,2844
2020-05-28 17:20,2884
2020-05-28 17:25,2908
2020-05-28 17:30,2895
2020-05-28 17:35,2941
2020-05-28 17:40,2975
2020-05-28 17:45,2991
2020-05-28 17:50,3019
2020-05-28 17:55,3055
2020-05-28 18:00,3058
2020-05-28 18:05,3061
2020-05-28 18:10,3054
2020-05-28 18:15,3042
2020-05-28 18:20,3040
2020-05-28 18:25,3036
2020-05-28 18:30,3028
2020-05-28 18:35,3061
2020-05-28 18:40,3075
2020-05-28 18:45,3108
2020-05-28 18:50,3084
2020-05-28 18:55,3083
2020-05-28 19:00,3090
2020-05-28 19:05,3048
2020-05-28 19:10,3042
2020-05-28 19:15,3067
2020-05-28 19:20,3080
2020-05-28 19:25,3095
2020-05-28 19:30,3093
2020-05-28 19:35,3095
2020-05-28 19:40,3086
2020-05-28 19:45,3062
2020-05-28 19:50,3045
2020-05-28 19:55,3050
2020-05-28 20:00,3052
2020-05-28 20:05,3048
2020-05-28 20:10,3027
2020-05-28 20:15,2994
2020-05-28 20:20,2960
2020-05-28 20:25,2955
2020-05-28 20:30,2928
2020-05-28 20:35,2896
2020-05-28 20:40,2877
2020-05-28 20:45,2863
2020-05-28 20:50,2832
2020-05-28 20:55,2845
2020-05-28 21:00,2833
2020-05-28 21:05,2804
2020-05-28 21:10,2771
2020-05-28 21:15,2750
2020-05-28 21:20,2733
2020-05-28 21:25,2699
2020-05-28 21:30,2681
2020-05-28 21:35,2654
2020-05-28 21:40,2634
2020-05-28 21:45,2622
2020-05-28 21:50,2609
2020-05-28 21:55,2591
2020-05-28 22:00,2604
2020-05-28 22:05,2559
2020-05-28 22:10,2543
2020-05-28 22:15,2530
2020-05-28 22:20,2504
2020-05-28 22:25,2482
2020-05-28 22:30,2459
2020-05-28 22:35,2401
2020-05-28 22:40,2375
2020-05-28 22:45,2351
2020-05-28 22:50,2346
2020-05-28 22:55,2310
2020-05-28 23:00,2288
2020-05-28 23:05,2297
2020-05-28 23:10,2282
2020-05-28 23:15,2257
2020-05-28 23:20,2236
2020-05-28 23:25,2185
2020-05-28 23:30,2187
2020-05-28 23:35,2159
2020-05-28 23:40,2153
2020-05-28 23:45,2136
2020-05-28 23:50,2123
2020-05-28 23:55,2092
2020-05-29 00:00,2056
2020-05-29 00:05,2016
2020-05-29 00:10,1950
2020-05-29 00:15,1951
2020-05-29 00:20,1929
2020-05-29 00:25,1913
2020-05-29 00:30,1919
2020-05-29 00:35,1922
2020-05-29 00:40,1928
2020-05-29 00:45,1903
2020-05-29 00:50,1899
2020-05-29 00:55,1892
2020-05-29 01:00,1859
2020-05-29 01:05,1866
2020-05-29 01:10,1877
2020-05-29 01:15,1855
2020-05-29 01:20,1859
2020-05-29 01:25,1849
2020-05-29 01:30,1833
2020-05-29 01:35,1819
2020-05-29 01:40,1823
2020-05-29 01:45,1807
2020-05-29 01:50,1790
2020-05-29 01:55,1791
2020-05-29 02:00,1804
2020-05-29 02:05,1818
2020-05-29 02:10,1820
2020-05-29 02:15,1823
2020-05-29 02:20,1807
2020-05-29 02:25,1794
2020-05-29 02:30,1776
2020-05-29 02:35,1764
2020-05-29 02:40,1768
2020-05-29 02:45,1778
2020-05-29 02:50,1766
2020-05-29 02:55,1751
2020-05-29 03:00,1728
2020-05-29 03:05,1711
2020-05-29 03:10,1703
2020-05-29 03:15,1678
2020-05-29 03:20,1672
2020-05-29 03:25,1635
2020-05-29 03:30,1621
2020-05-29 03:35,1603
2020-05-29 03:40,1580
2020-05-29 03:45,1547
2020-05-29 03:50,1524
2020-05-29 03:55,1498
2020-05-29 04:00,1500
2020-05-29 04:05,1501
2020-05-29 04:10,1483
2020-05-29 04:15,1460
2020-05-29 04:20,1437
2020-05-29 04:25,1413
2020-05-29 04:30,1406
2020-05-29 04:35,1393
2020-05-29 04:40,1373
2020-05-29 04:45,1371
2020-05-29 04:50,1354
2020-05-29 04:55,1348
2020-05-29 05:00,1318
2020-05-29 05:05,1320
2020-05-29 05:10,1313
2020-05-29 05:15,1285
2020-05-29 05:20,1268
2020-05-29 05:25,1275
2020-05-29 05:30,1271
2020-05-29 05:35,1262
2020-05-29 05:40,1260
2020-05-29 05:45,1277
2020-05-29 05:50,1268
2020-05-29 05:55,1271
2020-05-29 06:00,1261
2020-05-29 06:05,1271
2020-05-29 06:10,1258
2020-05-29 06:15,1256
2020-05-29 06:20,1267
2020-05-29 06:25,1263
2020-05-29 06:30,1243
2020-05-29 06:35,1243
2020-05-29 06:40,1258
2020-05-29 06:45,1271
2020-05-29 06:50,1265
2020-05-29 06:55,1267
2020-05-29 07:00,1267
2020-05-29 07:05,1276
2020-05-29 07:10,1293
2020-05-29 07:15,1300
2020-05-29 07:20,1298
2020-05-29 07:25,1301
2020-05-29 07:30,1319
2020-05-29 07:35,1338
2020-05-29 07:40,1336
2020-05-29 07:45,1361
2020-05-29 07:50,1362
2020-05-29 07:55,1373
2020-05-29 08:00,1398
2020-05-29 08:05,1403
2020-05-29 08:10,1415
2020-05-29 08:15,1416
2020-05-29 08:20,1421
2020-05-29 08:25,1420
2020-05-29 08:30,1441
2020-05-29 08:35,1459
2020-05-29 08:40,1441
2020-05-29 08:45,1452
2020-05-29 08:50,1456
2020-05-29 08:55,1462
2020-05-29 09:00,1227
2020-05-29 09:05,1414
2020-05-29 09:10,1445
2020-05-29 09:15,1476
2020-05-29 09:20,1495
2020-05-29 09:25,1509
2020-05-29 09:30,1501
2020-05-29 09:35,1518
2020-05-29 09:40,1533
2020-05-29 09:45,1550
2020-05-29 09:50,1557
2020-05-29 09:55,1548
2020-05-29 10:00,1581
2020-05-29 10:05,1629
2020-05-29 10:10,1670
2020-05-29 10:15,1702
2020-05-29 10:20,1719
2020-05-29 10:25,1726
2020-05-29 10:30,1737
2020-05-29 10:35,1786
2020-05-29 10:40,1814
2020-05-29 10:45,1831
2020-05-29 10:50,1829
2020-05-29 10:55,1831
2020-05-29 11:00,1824
2020-05-29 11:05,1819
2020-05-29 11:10,1820
2020-05-29 11:15,1833
2020-05-29 11:20,1832
2020-05-29 11:25,1829
2020-05-29 11:30,1854
2020-05-29 11:35,1872
2020-05-29 11:40,1871
2020-05-29 11:45,1897
2020-05-29 11:50,1914
2020-05-29 11:55,1934
2020-05-29 12:00,1938
2020-05-29 12:05,1952
2020-05-29 12:10,1976
2020-05-29 12:15,1997
2020-05-29 12:20,2021
2020-05-29 12:25,2016
2020-05-29 12:30,2018
2020-05-29 12:35,2043
2020-05-29 12:40,2062
2020-05-29 12:45,2078
2020-05-29 12:50,2090
2020-05-29 12:55,2117
2020-05-29 13:00,2128
2020-05-29 13:05,2129
2020-05-29 13:10,2141
2020-05-29 13:15,2141
2020-05-29 13:20,2151
2020-05-29 13:25,2146
2020-05-29 13:30,2166
2020-05-29 13:35,2175
2020-05-29 13:40,2165
2020-05-29 13:45,2185
2020-05-29 13:50,2197
2020-05-29 13:55,2214
2020-05-29 14:00,2223
2020-05-29 14:05,2228
2020-05-29 14:10,2215
2020-05-29 14:15,2252
2020-05-29 14:20,2254
2020-05-29 14:25,2242
2020-05-29 14:30,2253
2020-05-29 14:35,2269
2020-05-29 14:40,2284
2020-05-29 14:45,2281
2020-05-29 14:50,2303
2020-05-29 14:55,2325
2020-05-29 15:00,2338
2020-05-29 15:05,2332
2020-05-29 15:10,2354
2020-05-29 15:15,2366
2020-05-29 15:20,2372
2020-05-29 15:25,2378
2020-05-29 15:30,2387
2020-05-29 15:35,2373
2020-05-29 15:40,2383
2020-05-29 15:45,2385
2020-05-29 15:50,2412
2020-05-29 15:55,2446
2020-05-29 16:00,2483
2020-05-29 16:05,2501
2020-05-29 16:10,2508
2020-05-29 16:15,2511
2020-05-29 16:20,2511
2020-05-29 16:25,2507
2020-05-29 16:30,2527
2020-05-29 16:35,2552
2020-05-29 16:40,2574
2020-05-29 16:45,2613
2020-05-29 16:50,2639
2020-05-29 16:55,2677
2020-05-29 17:00,2677
2020-05-29 17:05,2688
2020-05-29 17:10,2739
2020-05-29 17:15,2767
2020-05-29 17:20,2770
2020-05-29 17:25,2768
2020-05-29 17:30,2771
2020-05-29 17:35,2757
2020-05-29 17:40,2772
2020-05-29 17:45,2788
2020-05-29 17:50,2773
2020-05-29 17:55,2800
2020-05-29 18:00,2803
2020-05-29 18:05,2804
2020-05-29 18:10,2796
2020-05-29 18:15,2787
2020-05-29 18:20,2792
2020-05-29 18:25,2784
2020-05-29 18:30,2808
2020-05-29 18:35,2805
2020-05-29 18:40,2851
2020-05-29 18:45,2850
2020-05-29 18:50,2842
2020-05-29 18:55,2834
2020-05-29 19:00,2849
2020-05-29 19:05,2857
2020-05-29 19:10,2875
2020-05-29 19:15,2885
2020-05-29 19:20,2889
2020-05-29 19:25,2936
2020-05-29 19:30,2910
2020-05-29 19:35,2941
2020-05-29 19:40,2904
2020-05-29 19:45,2880
2020-05-29 19:50,2873
2020-05-29 19:55,2857
2020-05-29 20:00,2870
2020-05-29 20:05,2886
2020-05-29 20:10,2856
2020-05-29 20:15,2855
2020-05-29 20:20,2851
2020-05-29 20:25,2829
2020-05-29 20:30,2807
2020-05-29 20:35,2786
2020-05-29 20:40,2796
2020-05-29 20:45,2787
2020-05-29 20:50,2770
2020-05-29 20:55,2743
2020-05-29 21:00,2749
2020-05-29 21:05,2705
2020-05-29 21:10,2671
2020-05-29 21:15,2685
2020-05-29 21:20,2691
2020-05-29 21:25,2652
2020-05-29 21:30,2676
2020-05-29 21:35,2664
2020-05-29 21:40,2657
2020-05-29 21:45,2651
2020-05-29 21:50,2651
2020-05-29 21:55,2635
2020-05-29 22:00,2583
2020-05-29 22:05,2549
2020-05-29 22:10,2534
2020-05-29 22:15,2507
2020-05-29 22:20,2488
2020-05-29 22:25,2463
2020-05-29 22:30,2420
2020-05-29 22:35,2400
2020-05-29 22:40,2361
2020-05-29 22:45,2341
2020-05-29 22:50,2308
2020-05-29 22:55,2299
2020-05-29 23:00,2272
2020-05-29 23:05,2262
2020-05-29 23:10,2257
2020-05-29 23:15,2234
2020-05-29 23:20,2200
2020-05-29 23:25,2167
2020-05-29 23:30,2142
2020-05-29 23:35,2149
2020-05-29 23:40,2157
2020-05-29 23:45,2149
2020-05-29 23:50,2138
2020-05-29 23:55,2124
2020-05-30 00:00,2133
2020-05-30 00:05,2107
2020-05-30 00:10,2086
2020-05-30 00:15,2075
2020-05-30 00:20,2053
2020-05-30 00:25,2018
2020-05-30 00:30,2003
2020-05-30 00:35,2000
2020-05-30 00:40,1979
2020-05-30 00:45,1975
2020-05-30 00:50,1954
2020-05-30 00:55,1970
2020-05-30 01:00,1945
2020-05-30 01:05,1929
2020-05-30 01:10,1929
2020-05-30 01:15,1910
2020-05-30 01:20,1896
2020-05-30 01:25,1898
2020-05-30 01:30,1916
2020-05-30 01:35,1882
2020-05-30 01:40,1854
2020-05-30 01:45,1857
2020-05-30 01:50,1850
2020-05-30 01:55,1862
2020-05-30 02:00,1877
2020-05-30 02:05,1866
2020-05-30 02:10,1875
2020-05-30 02:15,1874
2020-05-30 02:20,1856
2020-05-30 02:25,1853
2020-05-30 02:30,1836
2020-05-30 02:35,1828
2020-05-30 02:40,1837
2020-05-30 02:45,1818
2020-05-30 02:50,1805
2020-05-30 02:55,1809
2020-05-30 03:00,1796
2020-05-30 03:05,1790
2020-05-30 03:10,1776
2020-05-30 03:15,1775
2020-05-30 03:20,1765
2020-05-30 03:25,1724
2020-05-30 03:30,1715
2020-05-30 03:35,1703
2020-05-30 03:40,1682
2020-05-30 03:45,1667
2020-05-30 03:50,1646
2020-05-30 03:55,1630
2020-05-30 04:00,1597
2020-05-30 04:05,1568
2020-05-30 04:10,1564
2020-05-30 04:15,1565
2020-05-30 04:20,1554
2020-05-30 04:25,1555
2020-05-30 04:30,1537
2020-05-30 04:35,1549
2020-05-30 04:40,1555
2020-05-30 04:45,1544
2020-05-30 04:50,1531
2020-05-30 04:55,1520
2020-05-30 05:00,1522
2020-05-30 05:05,1516
2020-05-30 05:10,1516
2020-05-30 05:15,1514
2020-05-30 05:20,1502
2020-05-30 05:25,1473
2020-05-30 05:30,1477
2020-05-30 05:35,1468
2020-05-30 05:40,1462
2020-05-30 05:45,1447
2020-05-30 05:50,1459
2020-05-30 05:55,1452
2020-05-30 06:00,1446
2020-05-30 06:05,1444
2020-05-30 06:10,1431
2020-05-30 06:15,1427
2020-05-30 06:20,1426
2020-05-30 06:25,1430
2020-05-30 06:30,1436
2020-05-30 06:35,1441
2020-05-30 06:40,1425
2020-05-30 06:45,1420
2020-05-30 06:50,1424
2020-05-30 06:55,1428
2020-05-30 07:00,1443
2020-05-30 07:05,1443
2020-05-30 07:10,1459
2020-05-30 07:15,1470
2020-05-30 07:20,1472
2020-05-30 07:25,1499
2020-05-30 07:30,1512
2020-05-30 07:35,1524
2020-05-30 07:40,1547
2020-05-30 07:45,1551
2020-05-30 07:50,1538
2020-05-30 07:55,1536
2020-05-30 08:00,1541
2020-05-30 08:05,1547
2020-05-30 08:10,1563
2020-05-30 08:15,1578
2020-05-30 08:20,1575
2020-05-30 08:25,1577
2020-05-30 08:30,1576
2020-05-30 08:35,1578
2020-05-30 08:40,1594
2020-05-30 08:45,1594
2020-05-30 08:50,1607
2020-05-30 08:55,1609
2020-05-30 09:00,1636
2020-05-30 09:05,1645
2020-05-30 09:10,1653
2020-05-30 09:15,1658
2020-05-30 09:20,1660
2020-05-30 09:25,1678
2020-05-30 09:30,1671
2020-05-30 09:35,1678
2020-05-30 09:40,1694
2020-05-30 09:45,1697
2020-05-30 09:50,1718
2020-05-30 09:55,1742
2020-05-30 10:00,1762
2020-05-30 10:05,1806
2020-05-30 10:10,1831
2020-05-30 10:15,1873
2020-05-30 10:20,1895
2020-05-30 10:25,1917
2020-05-30 10:30,1903
2020-05-30 10:35,1894
2020-05-30 10:40,1901
2020-05-30 10:45,1900
2020-05-30 10:50,1922
2020-05-30 10:55,1952
2020-05-30 11:00,1950
2020-05-30 11:05,1974
2020-05-30 11:10,1971
2020-05-30 11:15,1973
2020-05-30 11:20,1986
2020-05-30 11:25,2024
2020-05-30 11:30,2039
2020-05-30 11:35,2050
2020-05-30 11:40,2053
2020-05-30 11:45,2069
2020-05-30 11:50,2099
2020-05-30 11:55,2113
2020-05-30 12:00,2133
2020-05-30 12:05,2157
2020-05-30 12:10,2204
2020-05-30 12:15,2220
2020-05-30 12:20,2219
2020-05-30 12:25,2214
2020-05-30 12:30,2225
2020-05-30 12:35,2234
2020-05-30 12:40,2265
2020-05-30 12:45,2256
2020-05-30 12:50,2289
2020-05-30 12:55,2318
2020-05-30 13:00,2313
2020-05-30 13:05,2329
2020-05-30 13:10,2320
2020-05-30 13:15,2324
2020-05-30 13:20,2327
2020-05-30 13:25,2346
2020-05-30 13:30,2348
2020-05-30 13:35,2371
2020-05-30 13:40,2384
2020-05-30 13:45,2387
2020-05-30 13:50,2436
2020-05-30 13:55,2457
2020-05-30 14:00,2495
2020-05-30 14:05,2468
2020-05-30 14:10,2508
2020-05-30 14:15,2543
2020-05-30 14:20,2566
2020-05-30 14:25,2572
2020-05-30 14:30,2577
2020-05-30 14:35,2561
2020-05-30 14:40,2586
2020-05-30 14:45,2558
2020-05-30 14:50,2565
2020-05-30 14:55,2577
2020-05-30 15:00,2591
2020-05-30 15:05,2582
2020-05-30 15:10,2612
2020-05-30 15:15,2630
2020-05-30 15:20,2634
2020-05-30 15:25,2661
2020-05-30 15:30,2689
2020-05-30 15:35,2696
2020-05-30 15:40,2690
2020-05-30 15:45,2683
2020-05-30 15:50,2692
2020-05-30 15:55,2705
2020-05-30 16:00,2743
2020-05-30 16:05,2742
2020-05-30 16:10,2739
2020-05-30 16:15,2735
2020-05-30 16:20,2718
2020-05-30 16:25,2731
2020-05-30 16:30,2781
2020-05-30 16:35,2816
2020-05-30 16:40,2811
2020-05-30 16:45,2794
2020-05-30 16:50,2789
2020-05-30 16:55,2804
2020-05-30 17:00,2828
2020-05-30 17:05,2800
2020-05-30 17:10,2810
2020-05-30 17:15,2824
2020-05-30 17:20,2836
2020-05-30 17:25,2848
2020-05-30 17:30,2855
2020-05-30 17:35,2880
2020-05-30 17:40,2898
2020-05-30 17:45,2904
2020-05-30 17:50,2869
2020-05-30 17:55,2859
2020-05-30 18:00,2872
2020-05-30 18:05,2845
2020-05-30 18:10,2843
2020-05-30 18:15,2855
2020-05-30 18:20,2874
2020-05-30 18:25,2889
2020-05-30 18:30,2904
2020-05-30 18:35,2928
2020-05-30 18:40,2953
2020-05-30 18:45,2981
2020-05-30 18:50,2982
2020-05-30 18:55,2977
2020-05-30 19:00,2958
2020-05-30 19:05,2950
2020-05-30 19:10,2990
2020-05-30 19:15,2988
2020-05-30 19:20,2986
2020-05-30 19:25,2952
2020-05-30 19:30,2937
2020-05-30 19:35,2921
2020-05-30 19:40,2933
2020-05-30 19:45,2934
2020-05-30 19:50,2926
2020-05-30 19:55,2926
2020-05-30 20:00,2920
2020-05-30 20:05,2914
2020-05-30 20:10,2909
2020-05-30 20:15,2914
2020-05-30 20:20,2895
2020-05-30 20:25,2888
2020-05-30 20:30,2902
2020-05-30 20:35,2892
2020-05-30 20:40,2901
2020-05-30 20:45,2924
2020-05-30 20:50,2927
2020-05-30 20:55,2928
2020-05-30 21:00,2931
2020-05-30 21:05,2907
2020-05-30 21:10,2871
2020-05-30 21:15,2831
2020-05-30 21:20,2820
2020-05-30 21:25,2794
2020-05-30 21:30,2765
2020-05-30 21:35,2767
2020-05-30 21:40,2767
2020-05-30 21:45,2741
2020-05-30 21:50,2729
2020-05-30 21:55,2698
2020-05-30 22:00,2689
2020-05-30 22:05,2656
2020-05-30 22:10,2622
2020-05-30 22:15,2606
2020-05-30 22:20,2586
2020-05-30 22:25,2563
2020-05-30 22:30,2563
2020-05-30 22:35,2521
2020-05-30 22:40,2520
2020-05-30 22:45,2479
2020-05-30 22:50,2454
2020-05-30 22:55,2430
2020-05-30 23:00,2432
2020-05-30 23:05,2404
2020-05-30 23:10,2406
2020-05-30 23:15,2394
2020-05-30 23:20,2407
2020-05-30 23:25,2379
2020-05-30 23:30,2337
2020-05-30 23:35,2274
2020-05-30 23:40,2257
2020-05-30 23:45,2240
2020-05-30 23:50,2219
2020-05-30 23:55,2213
2020-05-31 00:00,2190
2020-05-31 00:05,2173
2020-05-31 00:10,2155
2020-05-31 00:15,2132
2020-05-31 00:20,2129
2020-05-31 00:25,2114
2020-05-31 00:30,2107
2020-05-31 00:35,2077
2020-05-31 00:40,2030
2020-05-31 00:45,2027
2020-05-31 00:50,2027
2020-05-31 00:55,2029
2020-05-31 01:00,2010
2020-05-31 01:05,1981
2020-05-31 01:10,1984
2020-05-31 01:15,1979
2020-05-31 01:20,1988
2020-05-31 01:25,1976
2020-05-31 01:30,1991
2020-05-31 01:35,1992
2020-05-31 01:40,1986
2020-05-31 01:45,1983
2020-05-31 01:50,1972
2020-05-31 01:55,1958
2020-05-31 02:00,1958
2020-05-31 02:05,1958
2020-05-31 02:10,1943
2020-05-31 02:15,1936
2020-05-31 02:20,1936
2020-05-31 02:25,1943
2020-05-31 02:30,1911
2020-05-31 02:35,1903
2020-05-31 02:40,1879
2020-05-31 02:45,1879
2020-05-31 02:50,1888
2020-05-31 02:55,1877
2020-05-31 03:00,1880
2020-05-31 03:05,1847
2020-05-31 03:10,1823
2020-05-31 03:15,1797
2020-05-31 03:20,1787
2020-05-31 03:25,1799
2020-05-31 03:30,1777
2020-05-31 03:35,1783
2020-05-31 03:40,1785
2020-05-31 03:45,1766
2020-05-31 03:50,1735
2020-05-31 03:55,1743
2020-05-31 04:00,1731
2020-05-31 04:05,1717
2020-05-31 04:10,1717
2020-05-31 04:15,1706
2020-05-31 04:20,1691
2020-05-31 04:25,1672
2020-05-31 04:30,1656
2020-05-31 04:35,1646
2020-05-31 04:40,1616
2020-05-31 04:45,1608
2020-05-31 04:50,1596
2020-05-31 04:55,1597
2020-05-31 05:00,1601
2020-05-31 05:05,1577
2020-05-31 05:10,1576
2020-05-31 05:15,1589
2020-05-31 05:20,1580
2020-05-31 05:25,1580
2020-05-31 05:30,1570
2020-05-31 05:35,1564
2020-05-31 05:40,1544
2020-05-31 05:45,1535
2020-05-31 05:50,1524
2020-05-31 05:55,1525
2020-05-31 06:00,1519
2020-05-31 06:05,1506
2020-05-31 06:10,1491
2020-05-31 06:15,1496
2020-05-31 06:20,1485
2020-05-31 06:25,1485
2020-05-31 06:30,1490
2020-05-31 06:35,1495
2020-05-31 06:40,1503
2020-05-31 06:45,1497
2020-05-31 06:50,1481
2020-05-31 06:55,1481
2020-05-31 07:00,1490
2020-05-31 07:05,1492
2020-05-31 07:10,1494
2020-05-31 07:15,1513
2020-05-31 07:20,1522
2020-05-31 07:25,1534
2020-05-31 07:30,1535
2020-05-31 07:35,1564
2020-05-31 07:40,1588
2020-05-31 07:45,1599
2020-05-31 07:50,1609
2020-05-31 07:55,1587
2020-05-31 08:00,1616
2020-05-31 08:05,1622
2020-05-31 08:10,1619
2020-05-31 08:15,1624
2020-05-31 08:20,1639
2020-05-31 08:25,1646
2020-05-31 08:30,1669
2020-05-31 08:35,1688
2020-05-31 08:40,1712
2020-05-31 08:45,1723
2020-05-31 08:50,1743
2020-05-31 08:55,1751
2020-05-31 09:00,1759
2020-05-31 09:05,1763
2020-05-31 09:10,1802
2020-05-31 09:15,1789
2020-05-31 09:20,1785
2020-05-31 09:25,1800
2020-05-31 09:30,1807
2020-05-31 09:35,1823
2020-05-31 09:40,1855
2020-05-31 09:45,1868
2020-05-31 09:50,1889
2020-05-31 09:55,1914
2020-05-31 10:00,1955
2020-05-31 10:05,1981
2020-05-31 10:10,2029
2020-05-31 10:15,2061
2020-05-31 10:20,2091
2020-05-31 10:25,2097
2020-05-31 10:30,2110
2020-05-31 10:35,2140
2020-05-31 10:40,2143
2020-05-31 10:45,2159
2020-05-31 10:50,2189
2020-05-31 10:55,2222
2020-05-31 11:00,2239
2020-05-31 11:05,2258
2020-05-31 11:10,2267
2020-05-31 11:15,2270
2020-05-31 11:20,2272
2020-05-31 11:25,2262
2020-05-31 11:30,2269
2020-05-31 11:35,2283
2020-05-31 11:40,2284
2020-05-31 11:45,2296
2020-05-31 11:50,2299
2020-05-31 11:55,2311
2020-05-31 12:00,2322
2020-05-31 12:05,2319
2020-05-31 12:10,2337
2020-05-31 12:15,2348
2020-05-31 12:20,2387
2020-05-31 12:25,2409
2020-05-31 12:30,2406
2020-05-31 12:35,2438
2020-05-31 12:40,2454
2020-05-31 12:45,2462
2020-05-31 12:50,2456
2020-05-31 12:55,2474
2020-05-31 13:00,2477
2020-05-31 13:05,2497
2020-05-31 13:10,2504
2020-05-31 13:15,2535
2020-05-31 13:20,2561
2020-05-31 13:25,2574
2020-05-31 13:30,2600
2020-05-31 13:35,2612
2020-05-31 13:40,2607
2020-05-31 13:45,2625
2020-05-31 13:50,2616
2020-05-31 13:55,2633
2020-05-31 14:00,2636
2020-05-31 14:05,2662
2020-05-31 14:10,2653
2020-05-31 14:15,2686
2020-05-31 14:20,2691
2020-05-31 14:25,2704
2020-05-31 14:30,2702
2020-05-31 14:35,2713
2020-05-31 14:40,2729
2020-05-31 14:45,2772
2020-05-31 14:50,2802
2020-05-31 14:55,2803
2020-05-31 15:00,2813
2020-05-31 15:05,2800
2020-05-31 15:10,2796
2020-05-31 15:15,2790
2020-05-31 15:20,2794
2020-05-31 15:25,2816
2020-05-31 15:30,2834
2020-05-31 15:35,2857
2020-05-31 15:40,2902
2020-05-31 15:45,2902
2020-05-31 15:50,2872
2020-05-31 15:55,2898
2020-05-31 16:00,2893
2020-05-31 16:05,2912
2020-05-31 16:10,2902
2020-05-31 16:15,2925
2020-05-31 16:20,2944
2020-05-31 16:25,2941
2020-05-31 16:30,2982
2020-05-31 16:35,3016
2020-05-31 16:40,3031
2020-05-31 16:45,3057
2020-05-31 16:50,3053
2020-05-31 16:55,3065
2020-05-31 17:00,3082
2020-05-31 17:05,3111
2020-05-31 17:10,3119
2020-05-31 17:15,3131
2020-05-31 17:20,3133
2020-05-31 17:25,3139
2020-05-31 17:30,3177
2020-05-31 17:35,3169
2020-05-31 17:40,3172
2020-05-31 17:45,3209
2020-05-31 17:50,3208
2020-05-31 17:55,3227
2020-05-31 18:00,3191
2020-05-31 18:05,3185
2020-05-31 18:10,3172
2020-05-31 18:15,3175
2020-05-31 18:20,3170
2020-05-31 18:25,3166
2020-05-31 18:30,3175
2020-05-31 18:35,3186
2020-05-31 18:40,3169
2020-05-31 18:45,3174
2020-05-31 18:50,3148
2020-05-31 18:55,3153
2020-05-31 19:00,3176
2020-05-31 19:05,3193
2020-05-31 19:10,3190
2020-05-31 19:15,3175
2020-05-31 19:20,3162
2020-05-31 19:25,3163
2020-05-31 19:30,3189
2020-05-31 19:35,3197
2020-05-31 19:40,3182
2020-05-31 19:45,3172
2020-05-31 19:50,3168
2020-05-31 19:55,3164
2020-05-31 20:00,3174
2020-05-31 20:05,3158
2020-05-31 20:10,3161
2020-05-31 20:15,3138
2020-05-31 20:20,3134
2020-05-31 20:25,3122
2020-05-31 20:30,3105
2020-05-31 20:35,3089
2020-05-31 20:40,3078
2020-05-31 20:45,3078
2020-05-31 20:50,3046
2020-05-31 20:55,3017
2020-05-31 21:00,3006
2020-05-31 21:05,2991
2020-05-31 21:10,2971
2020-05-31 21:15,2940
2020-05-31 21:20,2944
2020-05-31 21:25,2917
2020-05-31 21:30,2918
2020-05-31 21:35,2900
2020-05-31 21:40,2874
2020-05-31 21:45,2840
2020-05-31 21:50,2822
2020-05-31 21:55,2798
2020-05-31 22:00,2791
2020-05-31 22:05,2766
2020-05-31 22:10,2741
2020-05-31 22:15,2690
2020-05-31 22:20,2654
2020-05-31 22:25,2619
2020-05-31 22:30,2553
2020-05-31 22:35,2533
2020-05-31 22:40,2495
2020-05-31 22:45,2444
2020-05-31 22:50,2440
2020-05-31 22:55,2409
2020-05-31 23:00,2334
2020-05-31 23:05,2305
2020-05-31 23:10,2277
2020-05-31 23:15,2252
2020-05-31 23:20,2226
2020-05-31 23:25,2236
2020-05-31 23:30,2217
2020-05-31 23:35,2195
2020-05-31 23:40,2179
2020-05-31 23:45,2166
2020-05-31 23:50,2129
2020-05-31 23:55,2115
2020-06-01 00:00,2090
2020-06-01 00:05,2068
2020-06-01 00:10,2061
2020-06-01 00:15,2057
2020-06-01 00:20,2060
2020-06-01 00:25,2044
2020-06-01 00:30,2041
2020-06-01 00:35,2023
2020-06-01 00:40,2012
2020-06-01 00:45,2018
2020-06-01 00:50,1979
2020-06-01 00:55,1955
2020-06-01 01:00,1938
2020-06-01 01:05,1938
2020-06-01 01:10,1911
2020-06-01 01:15,1896
2020-06-01 01:20,1879
2020-06-01 01:25,1868
2020-06-01 01:30,1877
2020-06-01 01:35,1862
2020-06-01 01:40,1864
2020-06-01 01:45,1848
2020-06-01 01:50,1826
2020-06-01 01:55,1821
2020-06-01 02:00,1806
2020-06-01 02:05,1826
2020-06-01 02:10,1808
2020-06-01 02:15,1783
2020-06-01 02:20,1774
2020-06-01 02:25,1757
2020-06-01 02:30,1719
2020-06-01 02:35,1712
2020-06-01 02:40,1713
2020-06-01 02:45,1698
2020-06-01 02:50,1717
2020-06-01 02:55,1710
2020-06-01 03:00,1708
2020-06-01 03:05,1707
2020-06-01 03:10,1699
2020-06-01 03:15,1701
2020-06-01 03:20,1681
2020-06-01 03:25,1658
2020-06-01 03:30,1626
2020-06-01 03:35,1617
2020-06-01 03:40,1595
2020-06-01 03:45,1566
2020-06-01 03:50,1566
2020-06-01 03:55,1552
2020-06-01 04:00,1539
2020-06-01 04:05,1515
2020-06-01 04:10,1525
2020-06-01 04:15,1526
2020-06-01 04:20,1508
2020-06-01 04:25,1493
2020-06-01 04:30,1478
2020-06-01 04:35,1464
2020-06-01 04:40,1447
2020-06-01 04:45,1440
2020-06-01 04:50,1434
2020-06-01 04:55,1407
2020-06-01 05:00,1402
2020-06-01 05:05,1411
2020-06-01 05:10,1386
2020-06-01 05:15,1385
2020-06-01 05:20,1378
2020-06-01 05:25,1353
2020-06-01 05:30,1343
2020-06-01 05:35,1329
2020-06-01 05:40,1323
2020-06-01 05:45,1305
2020-06-01 05:50,1284
2020-06-01 05:55,1276
2020-06-01 06:00,1260
2020-06-01 06:05,1256
2020-06-01 06:10,1250
2020-06-01 06:15,1249
2020-06-01 06:20,1248
2020-06-01 06:25,1243
2020-06-01 06:30,1234
2020-06-01 06:35,1243
2020-06-01 06:40,1252
2020-06-01 06:45,1249
2020-06-01 06:50,1236
2020-06-01 06:55,1260
2020-06-01 07:00,1274
2020-06-01 07:05,1277
2020-06-01 07:10,1274
2020-06-01 07:15,1292
2020-06-01 07:20,1294
2020-06-01 07:25,1307
2020-06-01 07:30,1300
2020-06-01 07:35,1304
2020-06-01 07:40,1331
2020-06-01 07:45,1351
2020-06-01 07:50,1365
2020-06-01 07:55,1397
2020-06-01 08:00,1418
2020-06-01 08:05,1445
2020-06-01 08:10,1445
2020-06-01 08:15,1460
2020-06-01 08:20,1468
2020-06-01 08:25,1471
2020-06-01 08:30,1498
2020-06-01 08:35,1516
2020-06-01 08:40,1526
2020-06-01 08:45,1540
2020-06-01 08:50,1540
2020-06-01 08:55,1555
2020-06-01 09:00,1568
2020-06-01 09:05,1568
2020-06-01 09:10,1566
2020-06-01 09:15,1588
2020-06-01 09:20,1597
2020-06-01 09:25,1586
2020-06-01 09:30,1593
2020-06-01 09:35,1609
2020-06-01 09:40,1612
2020-06-01 09:45,1633
2020-06-01 09:50,1654
2020-06-01 09:55,1678
2020-06-01 10:00,1693
2020-06-01 10:05,1755
2020-06-01 10:10,1785
2020-06-01 10:15,1801
2020-06-01 10:20,1817
2020-06-01 10:25,1859
2020-06-01 10:30,1867
2020-06-01 10:35,1904
2020-06-01 10:40,1928
2020-06-01 10:45,1921
2020-06-01 10:50,1931
2020-06-01 10:55,1929
2020-06-01 11:00,1945
2020-06-01 11:05,1944
2020-06-01 11:10,1945
2020-06-01 11:15,1952
2020-06-01 11:20,1960
2020-06-01 11:25,1976
2020-06-01 11:30,1982
2020-06-01 11:35,2009
2020-06-01 11:40,2006
2020-06-01 11:45,2021
2020-06-01 11:50,2043
2020-06-01 11:55,2069
2020-06-01 12:00,2086
2020-06-01 12:05,2072
2020-06-01 12:10,2081
2020-06-01 12:15,2086
2020-06-01 12:20,2108
2020-06-01 12:25,2139
2020-06-01 12:30,2164
2020-06-01 12:35,2197
2020-06-01 12:40,2212
2020-06-01 12:45,2255
2020-06-01 12:50,2265
2020-06-01 12:55,2261
2020-06-01 13:00,2268
2020-06-01 13:05,2249
2020-06-01 13:10,2255
2020-06-01 13:15,2260
2020-06-01 13:20,2261
2020-06-01 13:25,2301
2020-06-01 13:30,2310
2020-06-01 13:35,2300
2020-06-01 13:40,2317
2020-06-01 13:45,2339
2020-06-01 13:50,2323
2020-06-01 13:55,2355
2020-06-01 14:00,2343
2020-06-01 14:05,2347
2020-06-01 14:10,2372
2020-06-01 14:15,2362
2020-06-01 14:20,2393
2020-06-01 14:25,2389
2020-06-01 14:30,2404
2020-06-01 14:35,2423
2020-06-01 14:40,2438
2020-06-01 14:45,2459
2020-06-01 14:50,2461
2020-06-01 14:55,2463
2020-06-01 15:00,2491
2020-06-01 15:05,2516
2020-06-01 15:10,2511
2020-06-01 15:15,2523
2020-06-01 15:20,2531
2020-06-01 15:25,2521
2020-06-01 15:30,2504
2020-06-01 15:35,2475
2020-06-01 15:40,2473
2020-06-01 15:45,2488
2020-06-01 15:50,2511
2020-06-01 15:55,2518
2020-06-01 16:00,2533
2020-06-01 16:05,2541
2020-06-01 16:10,2559
2020-06-01 16:15,2572
2020-06-01 16:20,2571
2020-06-01 16:25,2592
2020-06-01 16:30,2539
2020-06-01 16:35,2549
2020-06-01 16:40,2585
2020-06-01 16:45,2526
2020-06-01 16:50,
2020-06-01 16:55,2631
2020-06-01 17:00,2654
2020-06-01 17:05,2669
2020-06-01 17:10,2703
2020-06-01 17:15,2713
2020-06-01 17:20,2711
2020-06-01 17:25,2724
2020-06-01 17:30,2733
2020-06-01 17:35,2761
2020-06-01 17:40,2788
2020-06-01 17:45,2823
2020-06-01 17:50,2866
2020-06-01 17:55,2867
2020-06-01 18:00,2874
2020-06-01 18:05,2885
2020-06-01 18:10,2925
2020-06-01 18:15,2933
2020-06-01 18:20,2933
2020-06-01 18:25,2927
2020-06-01 18:30,2942
2020-06-01 18:35,2906
2020-06-01 18:40,2919
2020-06-01 18:45,2959
2020-06-01 18:50,2957
2020-06-01 18:55,2978
2020-06-01 19:00,2980
2020-06-01 19:05,2994
2020-06-01 19:10,2997
2020-06-01 19:15,3042
2020-06-01 19:20,3059
2020-06-01 19:25,3061
2020-06-01 19:30,3066
2020-06-01 19:35,3020
2020-06-01 19:40,2977
2020-06-01 19:45,2973
2020-06-01 19:50,2972
2020-06-01 19:55,2966
2020-06-01 20:00,2959
2020-06-01 20:05,2949
2020-06-01 20:10,2940
2020-06-01 20:15,2938
2020-06-01 20:20,2936
2020-06-01 20:25,2891
2020-06-01 20:30,2879
2020-06-01 20:35,2852
2020-06-01 20:40,2816
2020-06-01 20:45,2791
2020-06-01 20:50,2773
2020-06-01 20:55,2766
2020-06-01 21:00,2761
2020-06-01 21:05,2742
2020-06-01 21:10,2707
2020-06-01 21:15,2713
2020-06-01 21:20,2705
2020-06-01 21:25,2676
2020-06-01 21:30,2668
2020-06-01 21:35,2619
2020-06-01 21:40,2603
2020-06-01 21:45,2583
2020-06-01 21:50,2552
2020-06-01 21:55,2511
2020-06-01 22:00,2474
2020-06-01 22:05,2475
2020-06-01 22:10,2432
2020-06-01 22:15,2392
2020-06-01 22:20,2369
2020-06-01 22:25,2330
2020-06-01 22:30,2299
2020-06-01 22:35,2285
2020-06-01 22:40,2275
2020-06-01 22:45,2260
2020-06-01 22:50,2229
2020-06-01 22:55,2210
2020-06-01 23:00,2219
2020-06-01 23:05,2211
2020-06-01 23:10,2163
2020-06-01 23:15,2142
2020-06-01 23:20,2123
2020-06-01 23:25,2107
2020-06-01 23:30,2129
2020-06-01 23:35,2138
2020-06-01 23:40,2130
2020-06-01 23:45,2125
2020-06-01 23:50,2116
2020-06-01 23:55,2104
2020-06-02 00:00,2096
2020-06-02 00:05,2099
2020-06-02 00:10,2085
2020-06-02 00:15,2102
2020-06-02 00:20,2084
2020-06-02 00:25,2088
2020-06-02 00:30,2079
2020-06-02 00:35,2082
2020-06-02 00:40,2070
2020-06-02 00:45,2066
2020-06-02 00:50,2053
2020-06-02 00:55,2049
2020-06-02 01:00,2045
2020-06-02 01:05,2020
2020-06-02 01:10,1998
2020-06-02 01:15,1968
2020-06-02 01:20,1952
2020-06-02 01:25,1919
2020-06-02 01:30,1883
2020-06-02 01:35,1844
2020-06-02 01:40,1848
2020-06-02 01:45,1850
2020-06-02 01:50,1855
2020-06-02 01:55,1861
2020-06-02 02:00,1843
2020-06-02 02:05,1835
2020-06-02 02:10,1822
2020-06-02 02:15,1823
2020-06-02 02:20,1828
2020-06-02 02:25,1827
2020-06-02 02:30,1821
2020-06-02 02:35,1807
2020-06-02 02:40,1800
2020-06-02 02:45,1766
2020-06-02 02:50,1730
2020-06-02 02:55,1723
2020-06-02 03:00,1715
2020-06-02 03:05,1694
2020-06-02 03:10,1665
2020-06-02 03:15,1634
2020-06-02 03:20,1631
2020-06-02 03:25,1608
2020-06-02 03:30,1572
2020-06-02 03:35,1569
2020-06-02 03:40,1548
2020-06-02 03:45,1549
2020-06-02 03:50,1527
2020-06-02 03:55,1514
2020-06-02 04:00,1497
2020-06-02 04:05,1483
2020-06-02 04:10,1471
2020-06-02 04:15,1461
2020-06-02 04:20,1458
2020-06-02 04:25,1434
2020-06-02 04:30,1412
2020-06-02 04:35,1403
2020-06-02 04:40,1384
2020-06-02 04:45,1385
2020-06-02 04:50,1360
2020-06-02 04:55,1372
2020-06-02 05:00,1371
2020-06-02 05:05,1373
2020-06-02 05:10,1360
2020-06-02 05:15,1348
2020-06-02 05:20,1340
2020-06-02 05:25,1322
2020-06-02 05:30,1321
2020-06-02 05:35,1304
2020-06-02 05:40,1303
2020-06-02 05:45,1318
2020-06-02 05:50,1311
2020-06-02 05:55,1295
2020-06-02 06:00,1293
2020-06-02 06:05,1277
2020-06-02 06:10,1274
2020-06-02 06:15,1253
2020-06-02 06:20,1247
2020-06-02 06:25,1238
2020-06-02 06:30,1234
2020-06-02 06:35,1222
2020-06-02 06:40,1205
2020-06-02 06:45,1218
2020-06-02 06:50,1225
2020-06-02 06:55,1229
2020-06-02 07:00,1227
2020-06-02 07:05,1226
2020-06-02 07:10,1225
2020-06-02 07:15,1215
2020-06-02 07:20,1234
2020-06-02 07:25,1249
2020-06-02 07:30,1254
2020-06-02 07:35,1268
2020-06-02 07:40,1262
2020-06-02 07:45,1267
2020-06-02 07:50,1283
2020-06-02 07:55,1298
2020-06-02 08:00,1298
2020-06-02 08:05,1304
2020-06-02 08:10,1316
2020-06-02 08:15,1320
2020-06-02 08:20,1326
2020-06-02 08:25,1352
2020-06-02 08:30,1360
2020-06-02 08:35,1366
2020-06-02 08:40,1383
2020-06-02 08:45,1394
2020-06-02 08:50,1396
2020-06-02 08:55,1426
2020-06-02 09:00,1436
2020-06-02 09:05,1436
2020-06-02 09:10,1440
2020-06-02 09:15,1471
2020-06-02 09:20,1480
2020-06-02 09:25,1472
2020-06-02 09:30,1481
2020-06-02 09:35,1498
2020-06-02 09:40,1507
2020-06-02 09:45,1510
2020-06-02 09:50,1512
2020-06-02 09:55,1528
2020-06-02 10:00,1545
2020-06-02 10:05,1591
2020-06-02 10:10,1622
2020-06-02 10:15,1635
2020-06-02 10:20,1622
2020-06-02 10:25,1643
2020-06-02 10:30,1662
2020-06-02 10:35,1652
2020-06-02 10:40,1663
2020-06-02 10:45,1655
2020-06-02 10:50,1659
2020-06-02 10:55,1660
2020-06-02 11:00,1670
2020-06-02 11:05,1689
2020-06-02 11:10,1707
2020-06-02 11:15,1708
2020-06-02 11:20,1709
2020-06-02 11:25,1722
2020-06-02 11:30,1737
2020-06-02 11:35,1739
2020-06-02 11:40,1747
2020-06-02 11:45,1759
2020-06-02 11:50,1765
2020-06-02 11:55,1786
2020-06-02 12:00,1794
2020-06-02 12:05,1809
2020-06-02 12:10,1840
2020-06-02 12:15,1854
2020-06-02 12:20,1856
2020-06-02 12:25,1894
2020-06-02 12:30,1920
2020-06-02 12:35,1933
2020-06-02 12:40,1972
2020-06-02 12:45,1987
2020-06-02 12:50,1991
2020-06-02 12:55,2012
2020-06-02 13:00,2010
2020-06-02 13:05,2015
2020-06-02 13:10,2031
2020-06-02 13:15,2051
2020-06-02 13:20,2055
2020-06-02 13:25,2073
2020-06-02 13:30,2074
2020-06-02 13:35,2077
2020-06-02 13:40,2067
2020-06-02 13:45,2078
2020-06-02 13:50,2094
2020-06-02 13:55,2099
2020-06-02 14:00,2109
2020-06-02 14:05,2121
2020-06-02 14:10,2138
2020-06-02 14:15,2147
2020-06-02 14:20,2138
2020-06-02 14:25,2158
2020-06-02 14:30,2160
2020-06-02 14:35,2169
2020-06-02 14:40,2166
2020-06-02 14:45,2176
2020-06-02 14:50,2188
2020-06-02 14:55,2181
2020-06-02 15:00,2209
2020-06-02 15:05,2227
2020-06-02 15:10,2219
2020-06-02 15:15,2229
2020-06-02 15:20,2266
2020-06-02 15:25,2293
2020-06-02 15:30,2337
2020-06-02 15:35,2334
2020-06-02 15:40,2345
2020-06-02 15:45,2392
2020-06-02 15:50,2387
2020-06-02 15:55,2394
2020-06-02 16:00,2442
2020-06-02 16:05,2465
2020-06-02 16:10,2478
2020-06-02 16:15,2510
2020-06-02 16:20,2534
2020-06-02 16:25,2526
2020-06-02 16:30,2534
2020-06-02 16:35,2574
2020-06-02 16:40,2553
2020-06-02 16:45,2559
2020-06-02 16:50,2565
2020-06-02 16:55,2598
2020-06-02 17:00,2612
2020-06-02 17:05,2608
2020-06-02 17:10,2615
2020-06-02 17:15,2615
2020-06-02 17:20,2643
2020-06-02 17:25,2666
2020-06-02 17:30,2676
2020-06-02 17:35,2697
2020-06-02 17:40,2710
2020-06-02 17:45,2721
2020-06-02 17:50,2722
2020-06-02 17:55,2731
2020-06-02 18:00,2711
2020-06-02 18:05,2712
2020-06-02 18:10,2740
2020-06-02 18:15,2734
2020-06-02 18:20,2712
2020-06-02 18:25,2760
2020-06-02 18:30,2798
2020-06-02 18:35,2824
2020-06-02 18:40,2848
2020-06-02 18:45,2858
2020-06-02 18:50,2859
2020-06-02 18:55,2851
2020-06-02 19:00,2853
2020-06-02 19:05,2817
2020-06-02 19:10,2833
2020-06-02 19:15,2818
2020-06-02 19:20,2808
2020-06-02 19:25,2801
2020-06-02 19:30,2783
2020-06-02 19:35,2767
2020-06-02 19:40,2798
2020-06-02 19:45,2797
2020-06-02 19:50,2801
2020-06-02 19:55,2807
2020-06-02 20:00,2819
2020-06-02 20:05,2806
2020-06-02 20:10,2800
2020-06-02 20:15,2775
2020-06-02 20:20,2744
2020-06-02 20:25,2736
2020-06-02 20:30,2749
2020-06-02 20:35,2712
2020-06-02 20:40,2671
2020-06-02 20:45,2638
2020-06-02 20:50,2634
2020-06-02 20:55,2646
2020-06-02 21:00,2641
2020-06-02 21:05,2632
2020-06-02 21:10,2607
2020-06-02 21:15,2571
2020-06-02 21:20,2559
2020-06-02 21:25,2537
2020-06-02 21:30,2509
2020-06-02 21:35,2485
2020-06-02 21:40,2480
2020-06-02 21:45,2458
2020-06-02 21:50,2427
2020-06-02 21:55,2387
2020-06-02 22:00,2375
2020-06-02 22:05,2354
2020-06-02 22:10,2317
2020-06-02 22:15,2287
2020-06-02 22:20,2254
2020-06-02 22:25,2219
2020-06-02 22:30,2174
2020-06-02 22:35,2162
2020-06-02 22:40,2150
2020-06-02 22:45,2136
2020-06-02 22:50,2131
2020-06-02 22:55,2085
2020-06-02 23:00,2068
2020-06-02 23:05,2070
2020-06-02 23:10,2027
2020-06-02 23:15,2016
2020-06-02 23:20,1981
2020-06-02 23:25,1948
2020-06-02 23:30,0
2020-06-02 23:35,802
2020-06-02 23:40,1611
2020-06-02 23:45,1710
2020-06-02 23:50,1734
2020-06-02 23:55,1736
2020-06-03 00:00,1779
2020-06-03 00:05,1777
2020-06-03 00:10,1822
2020-06-03 00:15,1849
2020-06-03 00:20,1881
2020-06-03 00:25,1858
2020-06-03 00:30,1853
2020-06-03 00:35,1843
2020-06-03 00:40,1832
2020-06-03 00:45,1825
2020-06-03 00:50,1819
2020-06-03 00:55,1828
2020-06-03 01:00,1811
2020-06-03 01:05,1822
2020-06-03 01:10,1816
2020-06-03 01:15,1813
2020-06-03 01:20,1807
2020-06-03 01:25,1821
2020-06-03 01:30,1803
2020-06-03 01:35,1777
2020-06-03 01:40,1766
2020-06-03 01:45,1748
2020-06-03 01:50,1749
2020-06-03 01:55,1749
2020-06-03 02:00,1741
2020-06-03 02:05,1753
2020-06-03 02:10,1744
2020-06-03 02:15,1715
2020-06-03 02:20,1685
2020-06-03 02:25,1667
2020-06-03 02:30,1663
2020-06-03 02:35,1637
2020-06-03 02:40,1612
2020-06-03 02:45,1582
2020-06-03 02:50,1578
2020-06-03 02:55,1573
2020-06-03 03:00,1544
2020-06-03 03:05,1543
2020-06-03 03:10,1550
2020-06-03 03:15,1537
2020-06-03 03:20,1505
2020-06-03 03:25,1485
2020-06-03 03:30,1472
2020-06-03 03:35,1469
2020-06-03 03:40,1460
2020-06-03 03:45,1439
2020-06-03 03:50,1429
2020-06-03 03:55,1421
2020-06-03 04:00,1414
2020-06-03 04:05,1414
2020-06-03 04:10,1426
2020-06-03 04:15,1408
2020-06-03 04:20,1402
2020-06-03 04:25,1383
2020-06-03 04:30,1364
2020-06-03 04:35,1357
2020-06-03 04:40,1361
2020-06-03 04:45,1351
2020-06-03 04:50,1344
2020-06-03 04:55,1336
2020-06-03 05:00,1324
2020-06-03 05:05,1306
2020-06-03 05:10,1293
2020-06-03 05:15,1282
2020-06-03 05:20,1276
2020-06-03 05:25,1271
2020-06-03 05:30,1269
2020-06-03 05:35,1255
2020-06-03 05:40,1225
2020-06-03 05:45,1229
2020-06-03 05:50,1225
2020-06-03 05:55,1223
2020-06-03 06:00,1227
2020-06-03 06:05,1218
2020-06-03 06:10,1234
2020-06-03 06:15,1239
2020-06-03 06:20,1239
2020-06-03 06:25,1230
2020-06-03 06:30,1231
2020-06-03 06:35,1219
2020-06-03 06:40,1227
2020-06-03 06:45,1221
2020-06-03 06:50,1234
2020-06-03 06:55,1248
2020-06-03 07:00,1256
2020-06-03 07:05,1249
2020-06-03 07:10,1256
2020-06-03 07:15,1266
2020-06-03 07:20,1263
2020-06-03 07:25,1270
2020-06-03 07:30,1269
2020-06-03 07:35,1275
2020-06-03 07:40,1282
2020-06-03 07:45,1292
2020-06-03 07:50,1294
2020-06-03 07:55,1296
2020-06-03 08:00,1316
2020-06-03 08:05,1309
2020-06-03 08:10,1315
2020-06-03 08:15,1329
2020-06-03 08:20,1339
2020-06-03 08:25,1320
2020-06-03 08:30,1327
2020-06-03 08:35,1353
2020-06-03 08:40,1375
2020-06-03 08:45,1386
2020-06-03 08:50,1382
2020-06-03 08:55,1399
2020-06-03 09:00,1409
2020-06-03 09:05,1411
2020-06-03 09:10,1425
2020-06-03 09:15,1424
2020-06-03 09:20,1448
2020-06-03 09:25,1443
2020-06-03 09:30,1461
2020-06-03 09:35,1457
2020-06-03 09:40,1468
2020-06-03 09:45,1491
2020-06-03 09:50,1497
2020-06-03 09:55,1529
2020-06-03 10:00,1561
2020-06-03 10:05,1623
2020-06-03 10:10,1654
2020-06-03 10:15,1641
2020-06-03 10:20,1662
2020-06-03 10:25,1652
2020-06-03 10:30,1659
2020-06-03 10:35,1673
2020-06-03 10:40,1681
2020-06-03 10:45,1694
2020-06-03 10:50,1705
2020-06-03 10:55,1708
2020-06-03 11:00,1709
2020-06-03 11:05,1718
2020-06-03 11:10,1720
2020-06-03 11:15,1741
2020-06-03 11:20,1741
2020-06-03 11:25,1760
2020-06-03 11:30,1798
2020-06-03 11:35,1829
2020-06-03 11:40,1842
2020-06-03 11:45,1846
2020-06-03 11:50,1859
2020-06-03 11:55,1851
2020-06-03 12:00,1856
2020-06-03 12:05,1839
2020-06-03 12:10,1877
2020-06-03 12:15,1882
2020-06-03 12:20,1912
2020-06-03 12:25,1934
2020-06-03 12:30,1940
2020-06-03 12:35,1929
2020-06-03 12:40,1930
2020-06-03 12:45,1950
2020-06-03 12:50,1942
2020-06-03 12:55,1948
2020-06-03 13:00,1949
2020-06-03 13:05,1937
2020-06-03 13:10,1951
2020-06-03 13:15,1980
2020-06-03 13:20,1975
2020-06-03 13:25,1995
2020-06-03 13:30,2011
2020-06-03 13:35,2041
2020-06-03 13:40,2065
2020-06-03 13:45,2070
2020-06-03 13:50,2080
2020-06-03 13:55,2068
2020-06-03 14:00,2057
2020-06-03 14:05,2068
2020-06-03 14:10,2067
2020-06-03 14:15,2093
2020-06-03 14:20,2131
2020-06-03 14:25,2156
2020-06-03 14:30,2176
2020-06-03 14:35,2221
2020-06-03 14:40,2228
2020-06-03 14:45,2244
2020-06-03 14:50,2260
2020-06-03 14:55,2281
2020-06-03 15:00,2298
2020-06-03 15:05,2310
2020-06-03 15:10,2302
2020-06-03 15:15,2306
2020-06-03 15:20,2317
2020-06-03 15:25,2327
2020-06-03 15:30,2320
2020-06-03 15:35,2324
2020-06-03 15:40,2357
2020-06-03 15:45,2348
2020-06-03 15:50,2350
2020-06-03 15:55,2344
2020-06-03 16:00,2211
2020-06-03 16:05,2094
2020-06-03 16:10,2053
2020-06-03 16:15,2026
2020-06-03 16:20,2025
2020-06-03 16:25,2029
2020-06-03 16:30,2050
2020-06-03 16:35,2052
2020-06-03 16:40,2054
2020-06-03 16:45,2088
2020-06-03 16:50,2052
2020-06-03 16:55,2136
2020-06-03 17:00,2191
2020-06-03 17:05,2279
2020-06-03 17:10,2323
2020-06-03 17:15,2343
2020-06-03 17:20,2362
2020-06-03 17:25,2404
2020-06-03 17:30,2445
2020-06-03 17:35,2497
2020-06-03 17:40,2554
2020-06-03 17:45,2595
2020-06-03 17:50,2627
2020-06-03 17:55,2643
2020-06-03 18:00,2642
2020-06-03 18:05,2671
2020-06-03 18:10,2684
2020-06-03 18:15,2697
2020-06-03 18:20,2715
2020-06-03 18:25,2725
2020-06-03 18:30,2718
2020-06-03 18:35,2725
2020-06-03 18:40,2724
2020-06-03 18:45,2693
2020-06-03 18:50,2685
2020-06-03 18:55,2684
2020-06-03 19:00,2702
2020-06-03 19:05,2719
2020-06-03 19:10,2715
2020-06-03 19:15,2738
2020-06-03 19:20,2742
2020-06-03 19:25,2748
2020-06-03 19:30,2752
2020-06-03 19:35,2771
2020-06-03 19:40,2758
2020-06-03 19:45,2751
2020-06-03 19:50,2749
2020-06-03 19:55,2754
2020-06-03 20:00,2726
2020-06-03 20:05,2722
2020-06-03 20:10,2700
2020-06-03 20:15,2695
2020-06-03 20:20,2694
2020-06-03 20:25,2661
2020-06-03 20:30,2651
2020-06-03 20:35,2649
2020-06-03 20:40,2638
2020-06-03 20:45,2628
2020-06-03 20:50,2624
2020-06-03 20:55,2603
2020-06-03 21:00,2606
2020-06-03 21:05,2611
2020-06-03 21:10,2591
2020-06-03 21:15,2586
2020-06-03 21:20,2572
2020-06-03 21:25,2539
2020-06-03 21:30,2483
2020-06-03 21:35,2457
2020-06-03 21:40,2436
2020-06-03 21:45,2414
2020-06-03 21:50,2372
2020-06-03 21:55,2364
2020-06-03 22:00,2345
2020-06-03 22:05,2316
2020-06-03 22:10,2296
2020-06-03 22:15,2254
2020-06-03 22:20,2226
2020-06-03 22:25,2179
2020-06-03 22:30,2157
2020-06-03 22:35,2135
2020-06-03 22:40,2112
2020-06-03 22:45,2068
2020-06-03 22:50,2042
2020-06-03 22:55,2041
2020-06-03 23:00,2021
2020-06-03 23:05,2036
2020-06-03 23:10,2030
2020-06-03 23:15,2032
2020-06-03 23:20,2034
2020-06-03 23:25,2016
2020-06-03 23:30,2016
2020-06-03 23:35,1992
2020-06-03 23:40,1985
2020-06-03 23:45,1969
2020-06-03 23:50,1966
2020-06-03 23:55,1938
2020-06-04 00:00,1908
2020-06-04 00:05,1903
2020-06-04 00:10,1873
2020-06-04 00:15,1874
2020-06-04 00:20,1865
2020-06-04 00:25,1857
2020-06-04 00:30,1854
2020-06-04 00:35,1848
2020-06-04 00:40,1841
2020-06-04 00:45,1803
2020-06-04 00:50,1796
2020-06-04 00:55,1648
2020-06-04 01:00,1595
2020-06-04 01:05,1592
2020-06-04 01:10,1605
2020-06-04 01:15,1613
2020-06-04 01:20,1623
2020-06-04 01:25,1626
2020-06-04 01:30,1633
2020-06-04 01:35,1638
2020-06-04 01:40,1656
2020-06-04 01:45,1637
2020-06-04 01:50,1633
2020-06-04 01:55,1636
2020-06-04 02:00,1627
2020-06-04 02:05,1611
2020-06-04 02:10,1618
2020-06-04 02:15,1625
2020-06-04 02:20,1625
2020-06-04 02:25,1630
2020-06-04 02:30,1622
2020-06-04 02:35,1611
2020-06-04 02:40,1604
2020-06-04 02:45,1573
2020-06-04 02:50,1581
2020-06-04 02:55,1556
2020-06-04 03:00,1543
2020-06-04 03:05,1517
2020-06-04 03:10,1492
2020-06-04 03:15,1487
2020-06-04 03:20,1469
2020-06-04 03:25,1464
2020-06-04 03:30,1469
2020-06-04 03:35,1443
2020-06-04 03:40,1437
2020-06-04 03:45,1404
2020-06-04 03:50,1417
2020-06-04 03:55,1387
2020-06-04 04:00,1378
2020-06-04 04:05,1354
2020-06-04 04:10,1328
2020-06-04 04:15,1309
2020-06-04 04:20,1287
2020-06-04 04:25,1284
2020-06-04 04:30,1276
2020-06-04 04:35,1273
2020-06-04 04:40,1284
2020-06-04 04:45,1276
2020-06-04 04:50,1270
2020-06-04 04:55,1249
2020-06-04 05:00,1135
2020-06-04 05:05,1015
2020-06-04 05:10,1209
2020-06-04 05:15,1216
2020-06-04 05:20,1215
2020-06-04 05:25,1220
2020-06-04 05:30,1209
2020-06-04 05:35,1199
2020-06-04 05:40,1211
2020-06-04 05:45,1213
2020-06-04 05:50,1216
2020-06-04 05:55,1201
2020-06-04 06:00,1197
2020-06-04 06:05,1185
2020-06-04 06:10,1181
2020-06-04 06:15,1181
2020-06-04 06:20,1178
2020-06-04 06:25,1164
2020-06-04 06:30,1177
2020-06-04 06:35,1175
2020-06-04 06:40,1176
2020-06-04 06:45,1178
2020-06-04 06:50,1178
2020-06-04 06:55,1189
2020-06-04 07:00,1193
2020-06-04 07:05,1190
2020-06-04 07:10,1203
2020-06-04 07:15,1207
2020-06-04 07:20,1209
2020-06-04 07:25,1205
2020-06-04 07:30,1217
2020-06-04 07:35,1230
2020-06-04 07:40,1237
2020-06-04 07:45,1233
2020-06-04 07:50,1241
2020-06-04 07:55,1260
2020-06-04 08:00,1278
2020-06-04 08:05,1284
2020-06-04 08:10,1290
2020-06-04 08:15,1291
2020-06-04 08:20,1302
2020-06-04 08:25,1340
2020-06-04 08:30,1356
2020-06-04 08:35,1372
2020-06-04 08:40,1378
2020-06-04 08:45,1380
2020-06-04 08:50,1395
2020-06-04 08:55,1403
2020-06-04 09:00,1407
2020-06-04 09:05,1407
2020-06-04 09:10,1400
2020-06-04 09:15,1405
2020-06-04 09:20,1434
2020-06-04 09:25,1446
2020-06-04 09:30,1450
2020-06-04 09:35,1474
2020-06-04 09:40,1467
2020-06-04 09:45,1480
2020-06-04 09:50,1499
2020-06-04 09:55,1507
2020-06-04 10:00,1540
2020-06-04 10:05,1604
2020-06-04 10:10,1626
2020-06-04 10:15,1652
2020-06-04 10:20,1658
2020-06-04 10:25,1648
2020-06-04 10:30,1655
2020-06-04 10:35,1662
2020-06-04 10:40,1665
2020-06-04 10:45,1670
2020-06-04 10:50,1667
2020-06-04 10:55,1689
2020-06-04 11:00,1701
2020-06-04 11:05,1711
2020-06-04 11:10,1726
2020-06-04 11:15,1726
2020-06-04 11:20,1731
2020-06-04 11:25,1757
2020-06-04 11:30,1750
2020-06-04 11:35,1780
2020-06-04 11:40,1784
2020-06-04 11:45,1785
2020-06-04 11:50,1809
2020-06-04 11:55,1801
2020-06-04 12:00,1793
2020-06-04 12:05,1801
2020-06-04 12:10,1830
2020-06-04 12:15,1844
2020-06-04 12:20,1853
2020-06-04 12:25,1855
2020-06-04 12:30,1863
2020-06-04 12:35,1879
2020-06-04 12:40,1894
2020-06-04 12:45,1890
2020-06-04 12:50,1898
2020-06-04 12:55,1877
2020-06-04 13:00,1889
2020-06-04 13:05,1893
2020-06-04 13:10,1919
2020-06-04 13:15,1932
2020-06-04 13:20,1951
2020-06-04 13:25,1940
2020-06-04 13:30,1935
2020-06-04 13:35,1911
2020-06-04 13:40,1882
2020-06-04 13:45,1858
2020-06-04 13:50,1807
2020-06-04 13:55,1699
2020-06-04 14:00,1493
2020-06-04 14:05,974
2020-06-04 14:10,961
2020-06-04 14:15,990
2020-06-04 14:20,988
2020-06-04 14:25,1023
2020-06-04 14:30,1040
2020-06-04 14:35,1063
2020-06-04 14:40,1066
2020-06-04 14:45,1074
2020-06-04 14:50,1074
2020-06-04 14:55,1097
2020-06-04 15:00,1100
2020-06-04 15:05,1144
2020-06-04 15:10,1155
2020-06-04 15:15,1248
2020-06-04 15:20,1390
2020-06-04 15:25,1502
2020-06-04 15:30,1579
2020-06-04 15:35,1668
2020-06-04 15:40,1772
2020-06-04 15:45,1877
2020-06-04 15:50,1949
2020-06-04 15:55,2049
2020-06-04 16:00,2127
2020-06-04 16:05,2240
2020-06-04 16:10,2330
2020-06-04 16:15,2389
2020-06-04 16:20,2476
2020-06-04 16:25,2525
2020-06-04 16:30,2575
2020-06-04 16:35,2586
2020-06-04 16:40,2596
2020-06-04 16:45,2640
2020-06-04 16:50,2674
2020-06-04 16:55,2704
2020-06-04 17:00,2729
2020-06-04 17:05,2738
2020-06-04 17:10,2772
2020-06-04 17:15,2792
2020-06-04 17:20,2808
2020-06-04 17:25,2826
2020-06-04 17:30,2862
2020-06-04 17:35,2855
2020-06-04 17:40,2854
2020-06-04 17:45,2854
2020-06-04 17:50,2870
2020-06-04 17:55,2886
2020-06-04 18:00,2872
2020-06-04 18:05,2876
2020-06-04 18:10,2869
2020-06-04 18:15,
2020-06-04 18:20,2886
2020-06-04 18:25,2906
2020-06-04 18:30,2930
2020-06-04 18:35,2948
2020-06-04 18:40,2948
2020-06-04 18:45,2924
2020-06-04 18:50,2955
2020-06-04 18:55,2967
2020-06-04 19:00,2965
2020-06-04 19:05,2937
2020-06-04 19:10,2945
2020-06-04 19:15,2958
2020-06-04 19:20,2934
2020-06-04 19:25,2938
2020-06-04 19:30,
2020-06-04 19:35,2930
2020-06-04 19:40,2915
2020-06-04 19:45,2895
2020-06-04 19:50,2895
2020-06-04 19:55,2873
2020-06-04 20:00,2842
2020-06-04 20:05,2833
2020-06-04 20:10,2840
2020-06-04 20:15,2800
2020-06-04 20:20,2783
2020-06-04 20:25,2802
2020-06-04 20:30,2794
2020-06-04 20:35,2776
2020-06-04 20:40,2777
2020-06-04 20:45,2736
2020-06-04 20:50,2755
2020-06-04 20:55,2735
2020-06-04 21:00,2701
2020-06-04 21:05,2688
2020-06-04 21:10,2701
2020-06-04 21:15,2708
2020-06-04 21:20,2701
2020-06-04 21:25,2696
2020-06-04 21:30,2674
2020-06-04 21:35,2662
2020-06-04 21:40,2647
2020-06-04 21:45,2612
2020-06-04 21:50,2527
2020-06-04 21:55,2495
2020-06-04 22:00,2472
2020-06-04 22:05,2419
2020-06-04 22:10,2377
2020-06-04 22:15,2331
2020-06-04 22:20,2282
2020-06-04 22:25,2262
2020-06-04 22:30,2221
2020-06-04 22:35,2201
2020-06-04 22:40,2192
2020-06-04 22:45,2168
2020-06-04 22:50,2133
2020-06-04 22:55,2095
2020-06-04 23:00,2066
2020-06-04 23:05,2064
2020-06-04 23:10,2053
2020-06-04 23:15,2025
2020-06-04 23:20,2010
2020-06-04 23:25,2011
2020-06-04 23:30,1978
2020-06-04 23:35,1959
2020-06-04 23:40,1964
2020-06-04 23:45,1957
2020-06-04 23:50,1934
2020-06-04 23:55,1934
2020-06-05 00:00,1914
2020-06-05 00:05,1876
2020-06-05 00:10,
2020-06-05 00:15,1873
2020-06-05 00:20,1872
2020-06-05 00:25,1889
2020-06-05 00:30,1859
2020-06-05 00:35,1860
2020-06-05 00:40,1861
2020-06-05 00:45,1871
2020-06-05 00:50,1864
2020-06-05 00:55,1862
2020-06-05 01:00,1859
2020-06-05 01:05,1867
2020-06-05 01:10,1841
2020-06-05 01:15,1807
2020-06-05 01:20,1784
2020-06-05 01:25,1786
2020-06-05 01:30,1763
2020-06-05 01:35,1764
2020-06-05 01:40,1763
2020-06-05 01:45,1750
2020-06-05 01:50,1739
2020-06-05 01:55,1717
2020-06-05 02:00,1709
2020-06-05 02:05,1690
2020-06-05 02:10,1682
2020-06-05 02:15,1693
2020-06-05 02:20,1726
2020-06-05 02:25,1712
2020-06-05 02:30,1696
2020-06-05 02:35,1705
2020-06-05 02:40,1705
2020-06-05 02:45,1682
2020-06-05 02:50,1685
2020-06-05 02:55,1649
2020-06-05 03:00,1654
2020-06-05 03:05,1637
2020-06-05 03:10,1633
2020-06-05 03:15,1623
2020-06-05 03:20,1606
2020-06-05 03:25,1598
2020-06-05 03:30,1589
2020-06-05 03:35,1563
2020-06-05 03:40,1557
2020-06-05 03:45,1540
2020-06-05 03:50,1526
2020-06-05 03:55,1501
2020-06-05 04:00,1480
2020-06-05 04:05,1461
2020-06-05 04:10,1444
2020-06-05 04:15,1435
2020-06-05 04:20,1415
2020-06-05 04:25,1387
2020-06-05 04:30,1367
2020-06-05 04:35,1347
2020-06-05 04:40,1342
2020-06-05 04:45,1329
2020-06-05 04:50,1316
2020-06-05 04:55,1317
2020-06-05 05:00,1323
2020-06-05 05:05,1289
2020-06-05 05:10,1296
2020-06-05 05:15,1298
2020-06-05 05:20,1295
2020-06-05 05:25,1270
2020-06-05 05:30,1260
2020-06-05 05:35,1252
2020-06-05 05:40,1258
2020-06-05 05:45,1252
2020-06-05 05:50,1262
2020-06-05 05:55,1268
2020-06-05 06:00,1268
2020-06-05 06:05,1262
2020-06-05 06:10,1246
2020-06-05 06:15,1245
2020-06-05 06:20,1241
2020-06-05 06:25,1250
2020-06-05 06:30,1247
2020-06-05 06:35,1253
2020-06-05 06:40,1249
2020-06-05 06:45,1245
2020-06-05 06:50,1248
2020-06-05 06:55,1253
2020-06-05 07:00,1261
2020-06-05 07:05,1244
2020-06-05 07:10,1254
2020-06-05 07:15,1266
2020-06-05 07:20,1278
2020-06-05 07:25,1250
2020-06-05 07:30,1250
2020-06-05 07:35,1263
2020-06-05 07:40,1284
2020-06-05 07:45,1304
2020-06-05 07:50,1313
2020-06-05 07:55,1333
2020-06-05 08:00,1372
2020-06-05 08:05,1380
2020-06-05 08:10,1385
2020-06-05 08:15,1397
2020-06-05 08:20,1382
2020-06-05 08:25,1396
2020-06-05 08:30,1421
2020-06-05 08:35,1429
2020-06-05 08:40,1461
2020-06-05 08:45,1454
2020-06-05 08:50,1461
2020-06-05 08:55,1460
2020-06-05 09:00,1472
2020-06-05 09:05,1479
2020-06-05 09:10,1510
2020-06-05 09:15,1498
2020-06-05 09:20,1510
2020-06-05 09:25,1532
2020-06-05 09:30,1539
2020-06-05 09:35,1554
2020-06-05 09:40,1555
2020-06-05 09:45,1578
2020-06-05 09:50,1593
2020-06-05 09:55,1593
2020-06-05 10:00,1606
2020-06-05 10:05,1641
2020-06-05 10:10,1653
2020-06-05 10:15,1675
2020-06-05 10:20,1690
2020-06-05 10:25,1701
2020-06-05 10:30,1716
2020-06-05 10:35,1729
2020-06-05 10:40,1737
2020-06-05 10:45,1767
2020-06-05 10:50,1786
2020-06-05 10:55,1777
2020-06-05 11:00,1773
2020-06-05 11:05,1769
2020-06-05 11:10,1741
2020-06-05 11:15,1737
2020-06-05 11:20,1734
2020-06-05 11:25,1753
2020-06-05 11:30,1750
2020-06-05 11:35,1754
2020-06-05 11:40,1756
2020-06-05 11:45,1783
2020-06-05 11:50,1790
2020-06-05 11:55,1803
2020-06-05 12:00,1826
2020-06-05 12:05,1841
2020-06-05 12:10,1840
2020-06-05 12:15,1858
2020-06-05 12:20,1897
2020-06-05 12:25,1896
2020-06-05 12:30,1921
2020-06-05 12:35,1939
2020-06-05 12:40,1959
2020-06-05 12:45,1991
2020-06-05 12:50,2013
2020-06-05 12:55,2029
2020-06-05 13:00,2043
2020-06-05 13:05,2024
2020-06-05 13:10,2052
2020-06-05 13:15,2059
2020-06-05 13:20,2072
2020-06-05 13:25,2093
2020-06-05 13:30,2088
2020-06-05 13:35,2086
2020-06-05 13:40,2112
2020-06-05 13:45,2133
2020-06-05 13:50,2147
2020-06-05 13:55,2153
2020-06-05 14:00,2162
2020-06-05 14:05,2198
2020-06-05 14:10,2198
2020-06-05 14:15,2205
2020-06-05 14:20,2202
2020-06-05 14:25,2212
2020-06-05 14:30,2226
2020-06-05 14:35,2225
2020-06-05 14:40,2245
2020-06-05 14:45,2240
2020-06-05 14:50,2261
2020-06-05 14:55,2286
2020-06-05 15:00,2298
2020-06-05 15:05,2313
2020-06-05 15:10,2329
2020-06-05 15:15,2357
2020-06-05 15:20,2359
2020-06-05 15:25,2380
2020-06-05 15:30,2394
2020-06-05 15:35,2393
2020-06-05 15:40,2417
2020-06-05 15:45,2414
2020-06-05 15:50,2414
2020-06-05 15:55,2441
2020-06-05 16:00,2454
2020-06-05 16:05,2480
2020-06-05 16:10,2509
2020-06-05 16:15,2530
2020-06-05 16:20,2527
2020-06-05 16:25,2515
2020-06-05 16:30,2512
2020-06-05 16:35,2497
2020-06-05 16:40,2498
2020-06-05 16:45,2490
2020-06-05 16:50,2521
2020-06-05 16:55,2520
2020-06-05 17:00,2533
2020-06-05 17:05,2559
2020-06-05 17:10,2575
2020-06-05 17:15,2582
2020-06-05 17:20,2581
2020-06-05 17:25,2590
2020-06-05 17:30,2580
2020-06-05 17:35,2611
2020-06-05 17:40,2630
2020-06-05 17:45,2647
2020-06-05 17:50,2647
2020-06-05 17:55,2654
2020-06-05 18:00,2678
2020-06-05 18:05,2663
2020-06-05 18:10,2683
2020-06-05 18:15,2676
2020-06-05 18:20,2701
2020-06-05 18:25,2723
2020-06-05 18:30,2739
2020-06-05 18:35,2752
2020-06-05 18:40,2757
2020-06-05 18:45,2756
2020-06-05 18:50,2755
2020-06-05 18:55,2753
2020-06-05 19:00,2755
2020-06-05 19:05,2773
2020-06-05 19:10,2764
2020-06-05 19:15,2776
2020-06-05 19:20,2791
2020-06-05 19:25,2806
2020-06-05 19:30,2800
2020-06-05 19:35,2800
2020-06-05 19:40,2796
2020-06-05 19:45,2793
2020-06-05 19:50,2789
2020-06-05 19:55,2779
2020-06-05 20:00,2758
2020-06-05 20:05,2759
2020-06-05 20:10,2736
2020-06-05 20:15,2729
2020-06-05 20:20,2714
2020-06-05 20:25,2712
2020-06-05 20:30,2704
2020-06-05 20:35,2712
2020-06-05 20:40,2690
2020-06-05 20:45,2705
2020-06-05 20:50,2707
2020-06-05 20:55,2686
2020-06-05 21:00,2655
2020-06-05 21:05,2670
2020-06-05 21:10,2651
2020-06-05 21:15,2654
2020-06-05 21:20,2622
2020-06-05 21:25,2597
2020-06-05 21:30,2596
2020-06-05 21:35,2578
2020-06-05 21:40,2577
2020-06-05 21:45,2549
2020-06-05 21:50,2485
2020-06-05 21:55,2492
2020-06-05 22:00,2479
2020-06-05 22:05,2450
2020-06-05 22:10,2454
2020-06-05 22:15,2426
2020-06-05 22:20,2376
2020-06-05 22:25,2357
2020-06-05 22:30,2319
2020-06-05 22:35,2275
2020-06-05 22:40,2229
2020-06-05 22:45,2201
2020-06-05 22:50,2171
2020-06-05 22:55,2158
2020-06-05 23:00,2133
2020-06-05 23:05,2110
2020-06-05 23:10,2105
2020-06-05 23:15,2108
2020-06-05 23:20,2109
2020-06-05 23:25,2094
2020-06-05 23:30,2093
2020-06-05 23:35,2091
2020-06-05 23:40,2056
2020-06-05 23:45,2053
2020-06-05 23:50,2035
2020-06-05 23:55,2015
2020-06-06 00:00,1987
2020-06-06 00:05,1967
2020-06-06 00:10,1944
2020-06-06 00:15,1879
2020-06-06 00:20,1938
2020-06-06 00:25,1914
2020-06-06 00:30,1903
2020-06-06 00:35,1885
2020-06-06 00:40,1883
2020-06-06 00:45,1858
2020-06-06 00:50,1864
2020-06-06 00:55,1860
2020-06-06 01:00,1863
2020-06-06 01:05,1829
2020-06-06 01:10,1825
2020-06-06 01:15,1817
2020-06-06 01:20,1795
2020-06-06 01:25,1793
2020-06-06 01:30,1792
2020-06-06 01:35,1779
2020-06-06 01:40,1773
2020-06-06 01:45,1764
2020-06-06 01:50,1763
2020-06-06 01:55,1759
2020-06-06 02:00,1751
2020-06-06 02:05,1725
2020-06-06 02:10,1726
2020-06-06 02:15,1713
2020-06-06 02:20,1723
2020-06-06 02:25,1705
2020-06-06 02:30,1727
2020-06-06 02:35,1720
2020-06-06 02:40,1711
2020-06-06 02:45,1700
2020-06-06 02:50,1707
2020-06-06 02:55,1714
2020-06-06 03:00,1693
2020-06-06 03:05,1689
2020-06-06 03:10,1660
2020-06-06 03:15,1669
2020-06-06 03:20,1654
2020-06-06 03:25,1629
2020-06-06 03:30,1621
2020-06-06 03:35,1599
2020-06-06 03:40,1579
2020-06-06 03:45,1570
2020-06-06 03:50,1562
2020-06-06 03:55,1557
2020-06-06 04:00,1553
2020-06-06 04:05,1545
2020-06-06 04:10,1525
2020-06-06 04:15,1525
2020-06-06 04:20,1519
2020-06-06 04:25,1530
2020-06-06 04:30,1511
2020-06-06 04:35,1498
2020-06-06 04:40,1495
2020-06-06 04:45,1494
2020-06-06 04:50,1477
2020-06-06 04:55,1492
2020-06-06 05:00,1480
2020-06-06 05:05,1470
2020-06-06 05:10,1466
2020-06-06 05:15,1456
2020-06-06 05:20,1449
2020-06-06 05:25,1460
2020-06-06 05:30,1475
2020-06-06 05:35,1466
2020-06-06 05:40,1453
2020-06-06 05:45,1441
2020-06-06 05:50,1439
2020-06-06 05:55,1451
2020-06-06 06:00,1445
2020-06-06 06:05,1439
2020-06-06 06:10,1424
2020-06-06 06:15,1421
2020-06-06 06:20,1426
2020-06-06 06:25,1417
2020-06-06 06:30,1411
2020-06-06 06:35,1412
2020-06-06 06:40,1408
2020-06-06 06:45,1391
2020-06-06 06:50,1394
2020-06-06 06:55,1375
2020-06-06 07:00,1369
2020-06-06 07:05,1381
2020-06-06 07:10,1365
2020-06-06 07:15,1384
2020-06-06 07:20,1402
2020-06-06 07:25,1379
2020-06-06 07:30,1388
2020-06-06 07:35,1391
2020-06-06 07:40,1388
2020-06-06 07:45,1387
2020-06-06 07:50,1406
2020-06-06 07:55,1408
2020-06-06 08:00,1420
2020-06-06 08:05,1410
2020-06-06 08:10,1438
2020-06-06 08:15,1448
2020-06-06 08:20,1456
2020-06-06 08:25,1467
2020-06-06 08:30,1486
2020-06-06 08:35,1493
2020-06-06 08:40,1500
2020-06-06 08:45,1518
2020-06-06 08:50,1518
2020-06-06 08:55,1529
2020-06-06 09:00,1540
2020-06-06 09:05,1552
2020-06-06 09:10,1567
2020-06-06 09:15,1580
2020-06-06 09:20,1585
2020-06-06 09:25,1590
2020-06-06 09:30,1597
2020-06-06 09:35,1609
2020-06-06 09:40,1626
2020-06-06 09:45,1633
2020-06-06 09:50,1661
2020-06-06 09:55,1669
2020-06-06 10:00,1709
2020-06-06 10:05,1748
2020-06-06 10:10,1783
2020-06-06 10:15,1812
2020-06-06 10:20,1807
2020-06-06 10:25,1831
2020-06-06 10:30,1829
2020-06-06 10:35,1854
2020-06-06 10:40,1873
2020-06-06 10:45,1892
2020-06-06 10:50,1934
2020-06-06 10:55,1951
2020-06-06 11:00,1967
2020-06-06 11:05,1973
2020-06-06 11:10,1966
2020-06-06 11:15,1950
2020-06-06 11:20,1961
2020-06-06 11:25,1967
2020-06-06 11:30,1972
2020-06-06 11:35,1989
2020-06-06 11:40,2001
2020-06-06 11:45,2011
2020-06-06 11:50,2031
2020-06-06 11:55,2043
2020-06-06 12:00,2055
2020-06-06 12:05,2063
2020-06-06 12:10,2070
2020-06-06 12:15,2088
2020-06-06 12:20,2106
2020-06-06 12:25,2121
2020-06-06 12:30,2143
2020-06-06 12:35,2171
2020-06-06 12:40,2177
2020-06-06 12:45,2195
2020-06-06 12:50,2181
2020-06-06 12:55,2207
2020-06-06 13:00,2217
2020-06-06 13:05,2220
2020-06-06 13:10,2209
2020-06-06 13:15,2220
2020-06-06 13:20,2220
2020-06-06 13:25,2242
2020-06-06 13:30,2255
2020-06-06 13:35,2271
2020-06-06 13:40,2280
2020-06-06 13:45,2293
2020-06-06 13:50,2292
2020-06-06 13:55,2329
2020-06-06 14:00,2356
2020-06-06 14:05,2382
2020-06-06 14:10,2386
2020-06-06 14:15,2385
2020-06-06 14:20,2416
2020-06-06 14:25,2432
2020-06-06 14:30,2432
2020-06-06 14:35,2475
2020-06-06 14:40,2494
2020-06-06 14:45,2526
2020-06-06 14:50,2539
2020-06-06 14:55,2539
2020-06-06 15:00,2551
2020-06-06 15:05,2572
2020-06-06 15:10,2579
2020-06-06 15:15,2592
2020-06-06 15:20,2576
2020-06-06 15:25,2578
2020-06-06 15:30,2571
2020-06-06 15:35,2583
2020-06-06 15:40,2604
2020-06-06 15:45,2594
2020-06-06 15:50,2608
2020-06-06 15:55,2629
2020-06-06 16:00,2641
2020-06-06 16:05,2660
2020-06-06 16:10,2655
2020-06-06 16:15,2672
2020-06-06 16:20,2667
2020-06-06 16:25,2695
2020-06-06 16:30,2697
2020-06-06 16:35,2710
2020-06-06 16:40,2727
2020-06-06 16:45,2727
2020-06-06 16:50,2784
2020-06-06 16:55,2792
2020-06-06 17:00,2808
2020-06-06 17:05,2819
2020-06-06 17:10,2819
2020-06-06 17:15,2788
2020-06-06 17:20,2826
2020-06-06 17:25,2855
2020-06-06 17:30,2855
2020-06-06 17:35,2868
2020-06-06 17:40,2904
2020-06-06 17:45,2927
2020-06-06 17:50,2917
2020-06-06 17:55,2917
2020-06-06 18:00,2899
2020-06-06 18:05,2899
2020-06-06 18:10,2923
2020-06-06 18:15,2955
2020-06-06 18:20,2939
2020-06-06 18:25,2963
2020-06-06 18:30,2963
2020-06-06 18:35,2976
2020-06-06 18:40,2944
2020-06-06 18:45,2943
2020-06-06 18:50,2938
2020-06-06 18:55,2957
2020-06-06 19:00,2926
2020-06-06 19:05,2928
2020-06-06 19:10,2926
2020-06-06 19:15,2922
2020-06-06 19:20,2938
2020-06-06 19:25,2957
2020-06-06 19:30,2957
2020-06-06 19:35,2985
2020-06-06 19:40,2985
2020-06-06 19:45,2970
2020-06-06 19:50,2994
2020-06-06 19:55,3022
2020-06-06 20:00,3022
2020-06-06 20:05,3022
2020-06-06 20:10,3007
2020-06-06 20:15,2392
2020-06-06 20:20,2392
2020-06-06 20:25,2331
2020-06-06 20:30,2891
2020-06-06 20:35,2985
2020-06-06 20:40,3016
2020-06-06 20:45,3020
2020-06-06 20:50,3023
2020-06-06 20:55,2995
2020-06-06 21:00,2966
2020-06-06 21:05,2958
2020-06-06 21:10,2936
2020-06-06 21:15,2903
2020-06-06 21:20,2834
2020-06-06 21:25,2834
2020-06-06 21:30,2820
2020-06-06 21:35,2820
2020-06-06 21:40,2797
2020-06-06 21:45,2778
2020-06-06 21:50,2729
2020-06-06 21:55,2729
2020-06-06 22:00,2696
2020-06-06 22:05,2674
2020-06-06 22:10,2638
2020-06-06 22:15,2592
2020-06-06 22:20,2571
2020-06-06 22:25,2523
2020-06-06 22:30,2509
2020-06-06 22:35,2507
2020-06-06 22:40,2489
2020-06-06 22:45,2464
2020-06-06 22:50,2464
2020-06-06 22:55,2442
2020-06-06 23:00,2413
2020-06-06 23:05,2386
2020-06-06 23:10,2345
2020-06-06 23:15,2333
2020-06-06 23:20,2304
2020-06-06 23:25,2278
2020-06-06 23:30,2259
2020-06-06 23:35,2244
2020-06-06 23:40,2230
2020-06-06 23:45,2203
2020-06-06 23:50,2177
2020-06-06 23:55,2166
2020-06-07 00:00,2163
2020-06-07 00:05,2143
2020-06-07 00:10,2120
2020-06-07 00:15,2105
2020-06-07 00:20,2100
2020-06-07 00:25,2074
2020-06-07 00:30,2051
2020-06-07 00:35,2017
2020-06-07 00:40,2006
2020-06-07 00:45,1983
2020-06-07 00:50,1979
2020-06-07 00:55,1978
2020-06-07 01:00,1971
2020-06-07 01:05,1952
2020-06-07 01:10,1936
2020-06-07 01:15,1915
2020-06-07 01:20,1920
2020-06-07 01:25,1916
2020-06-07 01:30,1919
2020-06-07 01:35,1913
2020-06-07 01:40,1882
2020-06-07 01:45,1852
2020-06-07 01:50,1852
2020-06-07 01:55,1863
2020-06-07 02:00,1864
2020-06-07 02:05,1854
2020-06-07 02:10,1838
2020-06-07 02:15,1834
2020-06-07 02:20,1833
2020-06-07 02:25,1829
2020-06-07 02:30,1820
2020-06-07 02:35,1813
2020-06-07 02:40,1789
2020-06-07 02:45,1795
2020-06-07 02:50,1786
2020-06-07 02:55,1763
2020-06-07 03:00,1766
2020-06-07 03:05,1767
2020-06-07 03:10,1751
2020-06-07 03:15,1740
2020-06-07 03:20,1720
2020-06-07 03:25,1699
2020-06-07 03:30,1699
2020-06-07 03:35,1696
2020-06-07 03:40,1683
2020-06-07 03:45,1666
2020-06-07 03:50,1645
2020-06-07 03:55,1634
2020-06-07 04:00,1623
2020-06-07 04:05,1622
2020-06-07 04:10,1606
2020-06-07 04:15,1594
2020-06-07 04:20,1583
2020-06-07 04:25,1585
2020-06-07 04:30,1575
2020-06-07 04:35,1561
2020-06-07 04:40,1555
2020-06-07 04:45,1550
2020-06-07 04:50,1533
2020-06-07 04:55,1538
2020-06-07 05:00,1548
2020-06-07 05:05,1537
2020-06-07 05:10,1527
2020-06-07 05:15,1529
2020-06-07 05:20,1523
2020-06-07 05:25,1520
2020-06-07 05:30,1518
2020-06-07 05:35,1523
2020-06-07 05:40,1509
2020-06-07 05:45,1497
2020-06-07 05:50,1496
2020-06-07 05:55,1483
2020-06-07 06:00,1497
2020-06-07 06:05,1491
2020-06-07 06:10,1499
2020-06-07 06:15,1488
2020-06-07 06:20,1491
2020-06-07 06:25,1486
2020-06-07 06:30,1477
2020-06-07 06:35,1456
2020-06-07 06:40,1473
2020-06-07 06:45,1450
2020-06-07 06:50,1449
2020-06-07 06:55,1453
2020-06-07 07:00,1439
2020-06-07 07:05,1461
2020-06-07 07:10,1461
2020-06-07 07:15,1460
2020-06-07 07:20,1454
2020-06-07 07:25,1462
2020-06-07 07:30,1468
2020-06-07 07:35,1476
2020-06-07 07:40,1470
2020-06-07 07:45,1473
2020-06-07 07:50,1484
2020-06-07 07:55,1478
2020-06-07 08:00,1495
2020-06-07 08:05,1524
2020-06-07 08:10,1532
2020-06-07 08:15,1540
2020-06-07 08:20,1556
2020-06-07 08:25,1563
2020-06-07 08:30,1581
2020-06-07 08:35,1578
2020-06-07 08:40,1611
2020-06-07 08:45,1623
2020-06-07 08:50,1650
2020-06-07 08:55,1672
2020-06-07 09:00,1678
2020-06-07 09:05,1687
2020-06-07 09:10,1703
2020-06-07 09:15,1729
2020-06-07 09:20,1739
2020-06-07 09:25,1747
2020-06-07 09:30,1774
2020-06-07 09:35,1775
2020-06-07 09:40,1795
2020-06-07 09:45,1817
2020-06-07 09:50,1830
2020-06-07 09:55,1834
2020-06-07 10:00,1857
2020-06-07 10:05,1905
2020-06-07 10:10,1939
2020-06-07 10:15,1986
2020-06-07 10:20,2002
2020-06-07 10:25,2041
2020-06-07 10:30,2060
2020-06-07 10:35,2067
2020-06-07 10:40,2074
2020-06-07 10:45,2061
2020-06-07 10:50,2076
2020-06-07 10:55,2101
2020-06-07 11:00,2104
2020-06-07 11:05,2121
2020-06-07 11:10,2120
2020-06-07 11:15,2114
2020-06-07 11:20,2127
2020-06-07 11:25,2137
2020-06-07 11:30,2143
2020-06-07 11:35,2153
2020-06-07 11:40,2146
2020-06-07 11:45,2130
2020-06-07 11:50,2150
2020-06-07 11:55,2157
2020-06-07 12:00,2162
2020-06-07 12:05,2161
2020-06-07 12:10,2175
2020-06-07 12:15,2193
2020-06-07 12:20,2201
2020-06-07 12:25,2204
2020-06-07 12:30,2202
2020-06-07 12:35,2208
2020-06-07 12:40,2218
2020-06-07 12:45,2237
2020-06-07 12:50,2254
2020-06-07 12:55,2278
2020-06-07 13:00,2298
2020-06-07 13:05,2300
2020-06-07 13:10,2341
2020-06-07 13:15,2364
2020-06-07 13:20,2378
2020-06-07 13:25,2393
2020-06-07 13:30,2406
2020-06-07 13:35,2442
2020-06-07 13:40,2469
2020-06-07 13:45,2487
2020-06-07 13:50,2491
2020-06-07 13:55,2495
2020-06-07 14:00,2531
2020-06-07 14:05,2566
2020-06-07 14:10,2582
2020-06-07 14:15,2571
2020-06-07 14:20,2595
2020-06-07 14:25,2623
2020-06-07 14:30,2627
2020-06-07 14:35,2641
2020-06-07 14:40,2678
2020-06-07 14:45,2670
2020-06-07 14:50,2684
2020-06-07 14:55,2683
2020-06-07 15:00,2701
2020-06-07 15:05,2682
2020-06-07 15:10,2678
2020-06-07 15:15,2683
2020-06-07 15:20,
2020-06-07 15:25,2677
2020-06-07 15:30,2676
2020-06-07 15:35,2676
2020-06-07 15:40,2667
2020-06-07 15:45,2697
2020-06-07 15:50,2718
2020-06-07 15:55,2745
2020-06-07 16:00,2747
2020-06-07 16:05,2764
2020-06-07 16:10,2735
2020-06-07 16:15,2740
2020-06-07 16:20,2783
2020-06-07 16:25,2796
2020-06-07 16:30,2777
2020-06-07 16:35,2775
2020-06-07 16:40,2787
2020-06-07 16:45,2838
2020-06-07 16:50,2843
2020-06-07 16:55,2864
2020-06-07 17:00,2882
2020-06-07 17:05,2902
2020-06-07 17:10,2905
2020-06-07 17:15,2913
2020-06-07 17:20,2944
2020-06-07 17:25,2941
2020-06-07 17:30,2937
2020-06-07 17:35,2946
2020-06-07 17:40,2961
2020-06-07 17:45,2957
2020-06-07 17:50,2953
2020-06-07 17:55,2958
2020-06-07 18:00,2964
2020-06-07 18:05,2981
2020-06-07 18:10,2985
2020-06-07 18:15,2998
2020-06-07 18:20,2996
2020-06-07 18:25,3011
2020-06-07 18:30,2998
2020-06-07 18:35,3044
2020-06-07 18:40,3036
2020-06-07 18:45,3049
2020-06-07 18:50,3045
2020-06-07 18:55,3029
2020-06-07 19:00,3027
2020-06-07 19:05,3018
2020-06-07 19:10,3018
2020-06-07 19:15,3022
2020-06-07 19:20,3034
2020-06-07 19:25,3038
2020-06-07 19:30,3054
2020-06-07 19:35,3065
2020-06-07 19:40,3026
2020-06-07 19:45,3024
2020-06-07 19:50,3010
2020-06-07 19:55,3000
2020-06-07 20:00,3013
2020-06-07 20:05,3028
2020-06-07 20:10,3029
2020-06-07 20:15,2996
2020-06-07 20:20,2987
2020-06-07 20:25,2970
2020-06-07 20:30,2921
2020-06-07 20:35,2915
2020-06-07 20:40,2938
2020-06-07 20:45,2914
2020-06-07 20:50,2906
2020-06-07 20:55,2886
2020-06-07 21:00,2867
2020-06-07 21:05,2855
2020-06-07 21:10,2850
2020-06-07 21:15,2833
2020-06-07 21:20,2815
2020-06-07 21:25,2791
2020-06-07 21:30,2731
2020-06-07 21:35,2700
2020-06-07 21:40,2675
2020-06-07 21:45,2652
2020-06-07 21:50,2643
2020-06-07 21:55,2632
2020-06-07 22:00,2627
2020-06-07 22:05,2567
2020-06-07 22:10,2555
2020-06-07 22:15,2538
2020-06-07 22:20,2503
2020-06-07 22:25,2463
2020-06-07 22:30,2406
2020-06-07 22:35,2358
2020-06-07 22:40,2342
2020-06-07 22:45,2306
2020-06-07 22:50,2284
2020-06-07 22:55,2238
2020-06-07 23:00,2217
2020-06-07 23:05,2192
2020-06-07 23:10,2186
2020-06-07 23:15,2167
2020-06-07 23:20,2144
2020-06-07 23:25,2137
2020-06-07 23:30,2129
2020-06-07 23:35,2108
2020-06-07 23:40,2071
2020-06-07 23:45,2056
2020-06-07 23:50,2027
2020-06-07 23:55,2017
2020-06-08 00:00,1999
2020-06-08 00:05,2000
2020-06-08 00:10,1999
2020-06-08 00:15,1976
2020-06-08 00:20,1953
2020-06-08 00:25,1950
2020-06-08 00:30,1936
2020-06-08 00:35,1932
2020-06-08 00:40,1923
2020-06-08 00:45,1910
2020-06-08 00:50,1895
2020-06-08 00:55,1897
2020-06-08 01:00,1874
2020-06-08 01:05,1880
2020-06-08 01:10,1890
2020-06-08 01:15,1846
2020-06-08 01:20,1831
2020-06-08 01:25,1838
2020-06-08 01:30,1815
2020-06-08 01:35,1820
2020-06-08 01:40,1822
2020-06-08 01:45,1829
2020-06-08 01:50,1804
2020-06-08 01:55,1803
2020-06-08 02:00,1788
2020-06-08 02:05,1750
2020-06-08 02:10,1736
2020-06-08 02:15,1714
2020-06-08 02:20,1703
2020-06-08 02:25,1704
2020-06-08 02:30,1699
2020-06-08 02:35,1697
2020-06-08 02:40,1690
2020-06-08 02:45,1691
2020-06-08 02:50,1690
2020-06-08 02:55,1674
2020-06-08 03:00,1669
2020-06-08 03:05,1651
2020-06-08 03:10,1634
2020-06-08 03:15,1613
2020-06-08 03:20,1587
2020-06-08 03:25,1562
2020-06-08 03:30,1556
2020-06-08 03:35,1544
2020-06-08 03:40,1509
2020-06-08 03:45,1493
2020-06-08 03:50,1495
2020-06-08 03:55,1495
2020-06-08 04:00,1487
2020-06-08 04:05,1472
2020-06-08 04:10,1476
2020-06-08 04:15,1457
2020-06-08 04:20,1445
2020-06-08 04:25,1428
2020-06-08 04:30,1407
2020-06-08 04:35,1395
2020-06-08 04:40,1388
2020-06-08 04:45,1387
2020-06-08 04:50,1388
2020-06-08 04:55,1382
2020-06-08 05:00,1367
2020-06-08 05:05,1359
2020-06-08 05:10,1333
2020-06-08 05:15,1314
2020-06-08 05:20,1292
2020-06-08 05:25,1280
2020-06-08 05:30,1265
2020-06-08 05:35,1244
2020-06-08 05:40,1233
2020-06-08 05:45,1219
2020-06-08 05:50,1221
2020-06-08 05:55,1214
2020-06-08 06:00,1208
2020-06-08 06:05,1208
2020-06-08 06:10,1209
2020-06-08 06:15,1205
2020-06-08 06:20,1203
2020-06-08 06:25,1201
2020-06-08 06:30,1206
2020-06-08 06:35,1202
2020-06-08 06:40,1201
2020-06-08 06:45,1199
2020-06-08 06:50,1205
2020-06-08 06:55,1206
2020-06-08 07:00,1197
2020-06-08 07:05,1218
2020-06-08 07:10,1220
2020-06-08 07:15,1234
2020-06-08 07:20,1230
2020-06-08 07:25,1216
2020-06-08 07:30,1225
2020-06-08 07:35,1233
2020-06-08 07:40,1238
2020-06-08 07:45,1238
2020-06-08 07:50,1252
2020-06-08 07:55,1267
2020-06-08 08:00,1289
2020-06-08 08:05,1303
2020-06-08 08:10,1302
2020-06-08 08:15,1295
2020-06-08 08:20,1306
2020-06-08 08:25,1289
2020-06-08 08:30,1299
2020-06-08 08:35,1301
2020-06-08 08:40,1317
2020-06-08 08:45,1323
2020-06-08 08:50,1350
2020-06-08 08:55,1375
2020-06-08 09:00,1373
2020-06-08 09:05,1400
2020-06-08 09:10,1412
2020-06-08 09:15,1417
2020-06-08 09:20,1421
2020-06-08 09:25,1440
2020-06-08 09:30,1424
2020-06-08 09:35,1422
2020-06-08 09:40,1420
2020-06-08 09:45,1431
2020-06-08 09:50,1450
2020-06-08 09:55,1459
2020-06-08 10:00,1478
2020-06-08 10:05,1517
2020-06-08 10:10,1559
2020-06-08 10:15,1580
2020-06-08 10:20,1624
2020-06-08 10:25,1629
2020-06-08 10:30,1614
2020-06-08 10:35,1636
2020-06-08 10:40,1642
2020-06-08 10:45,1651
2020-06-08 10:50,1656
2020-06-08 10:55,1679
2020-06-08 11:00,1688
2020-06-08 11:05,1690
2020-06-08 11:10,1687
2020-06-08 11:15,1685
2020-06-08 11:20,1684
2020-06-08 11:25,1680
2020-06-08 11:30,1693
2020-06-08 11:35,1708
2020-06-08 11:40,1700
2020-06-08 11:45,1715
2020-06-08 11:50,1736
2020-06-08 11:55,1745
2020-06-08 12:00,1744
2020-06-08 12:05,1740
2020-06-08 12:10,1749
2020-06-08 12:15,1745
2020-06-08 12:20,1755
2020-06-08 12:25,1764
2020-06-08 12:30,1761
2020-06-08 12:35,1774
2020-06-08 12:40,1786
2020-06-08 12:45,1787
2020-06-08 12:50,1814
2020-06-08 12:55,1820
2020-06-08 13:00,1812
2020-06-08 13:05,1841
2020-06-08 13:10,1848
2020-06-08 13:15,1870
2020-06-08 13:20,1897
2020-06-08 13:25,1921
2020-06-08 13:30,1939
2020-06-08 13:35,1963
2020-06-08 13:40,2000
2020-06-08 13:45,2019
2020-06-08 13:50,2045
2020-06-08 13:55,2059
2020-06-08 14:00,2058
2020-06-08 14:05,2074
2020-06-08 14:10,2070
2020-06-08 14:15,2077
2020-06-08 14:20,2092
2020-06-08 14:25,2104
2020-06-08 14:30,2119
2020-06-08 14:35,2137
2020-06-08 14:40,2157
2020-06-08 14:45,2193
2020-06-08 14:50,2202
2020-06-08 14:55,2218
2020-06-08 15:00,2228
2020-06-08 15:05,2254
2020-06-08 15:10,2277
2020-06-08 15:15,2289
2020-06-08 15:20,2319
2020-06-08 15:25,2337
2020-06-08 15:30,2373
2020-06-08 15:35,2411
2020-06-08 15:40,2410
2020-06-08 15:45,2395
2020-06-08 15:50,2406
2020-06-08 15:55,2427
2020-06-08 16:00,2436
2020-06-08 16:05,2445
2020-06-08 16:10,0
2020-06-08 16:15,2458
2020-06-08 16:20,2447
2020-06-08 16:25,2471
2020-06-08 16:30,2495
2020-06-08 16:35,2512
2020-06-08 16:40,2509
2020-06-08 16:45,2504
2020-06-08 16:50,2495
2020-06-08 16:55,2506
2020-06-08 17:00,2504
2020-06-08 17:05,2480
2020-06-08 17:10,2476
2020-06-08 17:15,2486
2020-06-08 17:20,2485
2020-06-08 17:25,2518
2020-06-08 17:30,2544
2020-06-08 17:35,2583
2020-06-08 17:40,2589
2020-06-08 17:45,2615
2020-06-08 17:50,2619
2020-06-08 17:55,2648
2020-06-08 18:00,2659
2020-06-08 18:05,2663
2020-06-08 18:10,2679
2020-06-08 18:15,2687
2020-06-08 18:20,2701
2020-06-08 18:25,2731
2020-06-08 18:30,2717
2020-06-08 18:35,2730
2020-06-08 18:40,2732
2020-06-08 18:45,2762
2020-06-08 18:50,2757
2020-06-08 18:55,2753
2020-06-08 19:00,2769
2020-06-08 19:05,2755
2020-06-08 19:10,2752
2020-06-08 19:15,2741
2020-06-08 19:20,2712
2020-06-08 19:25,2720
2020-06-08 19:30,2720
2020-06-08 19:35,2741
2020-06-08 19:40,2722
2020-06-08 19:45,2731
2020-06-08 19:50,2742
2020-06-08 19:55,2718
2020-06-08 20:00,2677
2020-06-08 20:05,2670
2020-06-08 20:10,2662
2020-06-08 20:15,2672
2020-06-08 20:20,2666
2020-06-08 20:25,2667
2020-06-08 20:30,2653
2020-06-08 20:35,2622
2020-06-08 20:40,2604
2020-06-08 20:45,2594
2020-06-08 20:50,2573
2020-06-08 20:55,2559
2020-06-08 21:00,2546
2020-06-08 21:05,2536
2020-06-08 21:10,2507
2020-06-08 21:15,2504
2020-06-08 21:20,2475
2020-06-08 21:25,2462
2020-06-08 21:30,2426
2020-06-08 21:35,2416
2020-06-08 21:40,2416
2020-06-08 21:45,2391
2020-06-08 21:50,2370
2020-06-08 21:55,2323
2020-06-08 22:00,2277
2020-06-08 22:05,2254
2020-06-08 22:10,2231
2020-06-08 22:15,2214
2020-06-08 22:20,2207
2020-06-08 22:25,2164
2020-06-08 22:30,2119
2020-06-08 22:35,2082
2020-06-08 22:40,2078
2020-06-08 22:45,2050
2020-06-08 22:50,2040
2020-06-08 22:55,2024
2020-06-08 23:00,1975
2020-06-08 23:05,1983
2020-06-08 23:10,1990
2020-06-08 23:15,1983
2020-06-08 23:20,1973
2020-06-08 23:25,1938
2020-06-08 23:30,1921
2020-06-08 23:35,1934
2020-06-08 23:40,1917
2020-06-08 23:45,1912
2020-06-08 23:50,1893
2020-06-08 23:55,1881
2020-06-09 00:00,1881
2020-06-09 00:05,1884
2020-06-09 00:10,1879
2020-06-09 00:15,1877
2020-06-09 00:20,1854
2020-06-09 00:25,1834
2020-06-09 00:30,1853
2020-06-09 00:35,1846
2020-06-09 00:40,1836
2020-06-09 00:45,1819
2020-06-09 00:50,1820
2020-06-09 00:55,1826
2020-06-09 01:00,1825
2020-06-09 01:05,1831
2020-06-09 01:10,1809
2020-06-09 01:15,1801
2020-06-09 01:20,1800
2020-06-09 01:25,1802
2020-06-09 01:30,1793
2020-06-09 01:35,1794
2020-06-09 01:40,1792
2020-06-09 01:45,1775
2020-06-09 01:50,1776
2020-06-09 01:55,1763
2020-06-09 02:00,1756
2020-06-09 02:05,1780
2020-06-09 02:10,1763
2020-06-09 02:15,1740
2020-06-09 02:20,1734
2020-06-09 02:25,1713
2020-06-09 02:30,1696
2020-06-09 02:35,1677
2020-06-09 02:40,1651
2020-06-09 02:45,1641
2020-06-09 02:50,1640
2020-06-09 02:55,1633
2020-06-09 03:00,1622
2020-06-09 03:05,1609
2020-06-09 03:10,1597
2020-06-09 03:15,1579
2020-06-09 03:20,1576
2020-06-09 03:25,1570
2020-06-09 03:30,1544
2020-06-09 03:35,1533
2020-06-09 03:40,1529
2020-06-09 03:45,1515
2020-06-09 03:50,1496
2020-06-09 03:55,1482
2020-06-09 04:00,1474
2020-06-09 04:05,1460
2020-06-09 04:10,1450
2020-06-09 04:15,1427
2020-06-09 04:20,1412
2020-06-09 04:25,1388
2020-06-09 04:30,1365
2020-06-09 04:35,1362
2020-06-09 04:40,1362
2020-06-09 04:45,1336
2020-06-09 04:50,1333
2020-06-09 04:55,1320
2020-06-09 05:00,1299
2020-06-09 05:05,1293
2020-06-09 05:10,1285
2020-06-09 05:15,1273
2020-06-09 05:20,1263
2020-06-09 05:25,1246
2020-06-09 05:30,1259
2020-06-09 05:35,1233
2020-06-09 05:40,1227
2020-06-09 05:45,1216
2020-06-09 05:50,1225
2020-06-09 05:55,1222
2020-06-09 06:00,1220
2020-06-09 06:05,1194
2020-06-09 06:10,1170
2020-06-09 06:15,1169
2020-06-09 06:20,1159
2020-06-09 06:25,1169
2020-06-09 06:30,1170
2020-06-09 06:35,1180
2020-06-09 06:40,1201
2020-06-09 06:45,1210
2020-06-09 06:50,1208
2020-06-09 06:55,1209
2020-06-09 07:00,1229
2020-06-09 07:05,1240
2020-06-09 07:10,1236
2020-06-09 07:15,1247
2020-06-09 07:20,1228
2020-06-09 07:25,1217
2020-06-09 07:30,1214
2020-06-09 07:35,1216
2020-06-09 07:40,1216
2020-06-09 07:45,1194
2020-06-09 07:50,1213
2020-06-09 07:55,1231
2020-06-09 08:00,1252
2020-06-09 08:05,1246
2020-06-09 08:10,1260
2020-06-09 08:15,1282
2020-06-09 08:20,1286
2020-06-09 08:25,1273
2020-06-09 08:30,1283
2020-06-09 08:35,1296
2020-06-09 08:40,1319
2020-06-09 08:45,1314
2020-06-09 08:50,1321
2020-06-09 08:55,1331
2020-06-09 09:00,1324
2020-06-09 09:05,1320
2020-06-09 09:10,1323
2020-06-09 09:15,1330
2020-06-09 09:20,1341
2020-06-09 09:25,1363
2020-06-09 09:30,1362
2020-06-09 09:35,1369
2020-06-09 09:40,1379
2020-06-09 09:45,1371
2020-06-09 09:50,1361
2020-06-09 09:55,1364
2020-06-09 10:00,1372
2020-06-09 10:05,1402
2020-06-09 10:10,1446
2020-06-09 10:15,1449
2020-06-09 10:20,1459
2020-06-09 10:25,1511
2020-06-09 10:30,1514
2020-06-09 10:35,1541
2020-06-09 10:40,1549
2020-06-09 10:45,1567
2020-06-09 10:50,1550
2020-06-09 10:55,1546
2020-06-09 11:00,1578
2020-06-09 11:05,1586
2020-06-09 11:10,1593
2020-06-09 11:15,1597
2020-06-09 11:20,1597
2020-06-09 11:25,1599
2020-06-09 11:30,1618
2020-06-09 11:35,1641
2020-06-09 11:40,1671
2020-06-09 11:45,1699
2020-06-09 11:50,1714
2020-06-09 11:55,1714
2020-06-09 12:00,1711
2020-06-09 12:05,1703
2020-06-09 12:10,1704
2020-06-09 12:15,1729
2020-06-09 12:20,1734
2020-06-09 12:25,1764
2020-06-09 12:30,1754
2020-06-09 12:35,1769
2020-06-09 12:40,1798
2020-06-09 12:45,1820
2020-06-09 12:50,1832
2020-06-09 12:55,1854
2020-06-09 13:00,1887
2020-06-09 13:05,1907
2020-06-09 13:10,1934
2020-06-09 13:15,1947
2020-06-09 13:20,1950
2020-06-09 13:25,1956
2020-06-09 13:30,1960
2020-06-09 13:35,1989
2020-06-09 13:40,1986
2020-06-09 13:45,2010
2020-06-09 13:50,2007
2020-06-09 13:55,1975
2020-06-09 14:00,1996
2020-06-09 14:05,1982
2020-06-09 14:10,1989
2020-06-09 14:15,1990
2020-06-09 14:20,2003
2020-06-09 14:25,2036
2020-06-09 14:30,2054
2020-06-09 14:35,2084
2020-06-09 14:40,2083
2020-06-09 14:45,2103
2020-06-09 14:50,2122
2020-06-09 14:55,2135
2020-06-09 15:00,2111
2020-06-09 15:05,2131
2020-06-09 15:10,2133
2020-06-09 15:15,2172
2020-06-09 15:20,2205
2020-06-09 15:25,2213
2020-06-09 15:30,2223
2020-06-09 15:35,2253
2020-06-09 15:40,2265
2020-06-09 15:45,2285
2020-06-09 15:50,2298
2020-06-09 15:55,2327
2020-06-09 16:00,2320
2020-06-09 16:05,2337
2020-06-09 16:10,2359
2020-06-09 16:15,2370
2020-06-09 16:20,2402
2020-06-09 16:25,2376
2020-06-09 16:30,2376
2020-06-09 16:35,2368
2020-06-09 16:40,2378
2020-06-09 16:45,2404
2020-06-09 16:50,2397
2020-06-09 16:55,2415
2020-06-09 17:00,2434
2020-06-09 17:05,2428
2020-06-09 17:10,2446
2020-06-09 17:15,2447
2020-06-09 17:20,2454
2020-06-09 17:25,2457
2020-06-09 17:30,2467
2020-06-09 17:35,2481
2020-06-09 17:40,2506
2020-06-09 17:45,2511
2020-06-09 17:50,2506
2020-06-09 17:55,2549
2020-06-09 18:00,2549
2020-06-09 18:05,2540
2020-06-09 18:10,2536
2020-06-09 18:15,2553
2020-06-09 18:20,2564
2020-06-09 18:25,2602
2020-06-09 18:30,2613
2020-06-09 18:35,2582
2020-06-09 18:40,2580
2020-06-09 18:45,2584
2020-06-09 18:50,2615
2020-06-09 18:55,2613
2020-06-09 19:00,2610
2020-06-09 19:05,2625
2020-06-09 19:10,2602
2020-06-09 19:15,2612
2020-06-09 19:20,2622
2020-06-09 19:25,2631
2020-06-09 19:30,2645
2020-06-09 19:35,2653
2020-06-09 19:40,2679
2020-06-09 19:45,2699
2020-06-09 19:50,2688
2020-06-09 19:55,2680
2020-06-09 20:00,2647
2020-06-09 20:05,2646
2020-06-09 20:10,2631
2020-06-09 20:15,2610
2020-06-09 20:20,2586
2020-06-09 20:25,2580
2020-06-09 20:30,2570
2020-06-09 20:35,2571
2020-06-09 20:40,2564
2020-06-09 20:45,2560
2020-06-09 20:50,2537
2020-06-09 20:55,2525
2020-06-09 21:00,2518
2020-06-09 21:05,2542
2020-06-09 21:10,2507
2020-06-09 21:15,2488
2020-06-09 21:20,2464
2020-06-09 21:25,2463
2020-06-09 21:30,2426
2020-06-09 21:35,2402
2020-06-09 21:40,2392
2020-06-09 21:45,2358
2020-06-09 21:50,2332
2020-06-09 21:55,2286
2020-06-09 22:00,2272
2020-06-09 22:05,2215
2020-06-09 22:10,2192
2020-06-09 22:15,2185
2020-06-09 22:20,2168
2020-06-09 22:25,2155
2020-06-09 22:30,2146
2020-06-09 22:35,2102
2020-06-09 22:40,2071
2020-06-09 22:45,2034
2020-06-09 22:50,2014
2020-06-09 22:55,0
2020-06-09 23:00,908
2020-06-09 23:05,1735
2020-06-09 23:10,1983
2020-06-09 23:15,1977
2020-06-09 23:20,1978
2020-06-09 23:25,1966
2020-06-09 23:30,1974
2020-06-09 23:35,1957
2020-06-09 23:40,1944
2020-06-09 23:45,1931
2020-06-09 23:50,1931
2020-06-09 23:55,1918
2020-06-10 00:00,1903
2020-06-10 00:05,1858
2020-06-10 00:10,1850
2020-06-10 00:15,1831
2020-06-10 00:20,1818
2020-06-10 00:25,1815
2020-06-10 00:30,1794
2020-06-10 00:35,1789
2020-06-10 00:40,1774
2020-06-10 00:45,1772
2020-06-10 00:50,1753
2020-06-10 00:55,1743
2020-06-10 01:00,1751
2020-06-10 01:05,1745
2020-06-10 01:10,1733
2020-06-10 01:15,1701
2020-06-10 01:20,1706
2020-06-10 01:25,1707
2020-06-10 01:30,1710
2020-06-10 01:35,1708
2020-06-10 01:40,1701
2020-06-10 01:45,1680
2020-06-10 01:50,1654
2020-06-10 01:55,1640
2020-06-10 02:00,1640
2020-06-10 02:05,1663
2020-06-10 02:10,1665
2020-06-10 02:15,1674
2020-06-10 02:20,1658
2020-06-10 02:25,1645
2020-06-10 02:30,1633
2020-06-10 02:35,1647
2020-06-10 02:40,1637
2020-06-10 02:45,1637
2020-06-10 02:50,1623
2020-06-10 02:55,1593
2020-06-10 03:00,1571
2020-06-10 03:05,1557
2020-06-10 03:10,1547
2020-06-10 03:15,1537
2020-06-10 03:20,1526
2020-06-10 03:25,1503
2020-06-10 03:30,1501
2020-06-10 03:35,1501
2020-06-10 03:40,1467
2020-06-10 03:45,1440
2020-06-10 03:50,1414
2020-06-10 03:55,1402
2020-06-10 04:00,1396
2020-06-10 04:05,1379
2020-06-10 04:10,1362
2020-06-10 04:15,1343
2020-06-10 04:20,1359
2020-06-10 04:25,1347
2020-06-10 04:30,1337
2020-06-10 04:35,1357
2020-06-10 04:40,1359
2020-06-10 04:45,1345
2020-06-10 04:50,1341
2020-06-10 04:55,1363
2020-06-10 05:00,1350
2020-06-10 05:05,1349
2020-06-10 05:10,1344
2020-06-10 05:15,1331
2020-06-10 05:20,1328
2020-06-10 05:25,1318
2020-06-10 05:30,1290
2020-06-10 05:35,1272
2020-06-10 05:40,1252
2020-06-10 05:45,1240
2020-06-10 05:50,1222
2020-06-10 05:55,1204
2020-06-10 06:00,1224
2020-06-10 06:05,1206
2020-06-10 06:10,1193
2020-06-10 06:15,1195
2020-06-10 06:20,1176
2020-06-10 06:25,1169
2020-06-10 06:30,1162
2020-06-10 06:35,1158
2020-06-10 06:40,1157
2020-06-10 06:45,1170
2020-06-10 06:50,1165
2020-06-10 06:55,1181
2020-06-10 07:00,1185
2020-06-10 07:05,1199
2020-06-10 07:10,1200
2020-06-10 07:15,1208
2020-06-10 07:20,1200
2020-06-10 07:25,1207
2020-06-10 07:30,1203
2020-06-10 07:35,1211
2020-06-10 07:40,1201
2020-06-10 07:45,1229
2020-06-10 07:50,1247
2020-06-10 07:55,1258
2020-06-10 08:00,1260
2020-06-10 08:05,1261
2020-06-10 08:10,1267
2020-06-10 08:15,1288
2020-06-10 08:20,1272
2020-06-10 08:25,1282
2020-06-10 08:30,1291
2020-06-10 08:35,1279
2020-06-10 08:40,1281
2020-06-10 08:45,1278
2020-06-10 08:50,1292
2020-06-10 08:55,1283
2020-06-10 09:00,1277
2020-06-10 09:05,1275
2020-06-10 09:10,1259
2020-06-10 09:15,1261
2020-06-10 09:20,1275
2020-06-10 09:25,1292
2020-06-10 09:30,1314
2020-06-10 09:35,1314
2020-06-10 09:40,1321
2020-06-10 09:45,1335
2020-06-10 09:50,1354
2020-06-10 09:55,1377
2020-06-10 10:00,1390
2020-06-10 10:05,1421
2020-06-10 10:10,1430
2020-06-10 10:15,1463
2020-06-10 10:20,1448
2020-06-10 10:25,1452
2020-06-10 10:30,1462
2020-06-10 10:35,1466
2020-06-10 10:40,1467
2020-06-10 10:45,1491
2020-06-10 10:50,1506
2020-06-10 10:55,1506
2020-06-10 11:00,1520
2020-06-10 11:05,1520
2020-06-10 11:10,1532
2020-06-10 11:15,1553
2020-06-10 11:20,1542
2020-06-10 11:25,1552
2020-06-10 11:30,1563
2020-06-10 11:35,1567
2020-06-10 11:40,1589
2020-06-10 11:45,1591
2020-06-10 11:50,1613
2020-06-10 11:55,1626
2020-06-10 12:00,1645
2020-06-10 12:05,1658
2020-06-10 12:10,1677
2020-06-10 12:15,1695
2020-06-10 12:20,1705
2020-06-10 12:25,1724
2020-06-10 12:30,1746
2020-06-10 12:35,1741
2020-06-10 12:40,1756
2020-06-10 12:45,1787
2020-06-10 12:50,1788
2020-06-10 12:55,1793
2020-06-10 13:00,1805
2020-06-10 13:05,1817
2020-06-10 13:10,1820
2020-06-10 13:15,1815
2020-06-10 13:20,1819
2020-06-10 13:25,1817
2020-06-10 13:30,1848
2020-06-10 13:35,1845
2020-06-10 13:40,1853
2020-06-10 13:45,1882
2020-06-10 13:50,1903
2020-06-10 13:55,1907
2020-06-10 14:00,1936
2020-06-10 14:05,1948
2020-06-10 14:10,1970
2020-06-10 14:15,1995
2020-06-10 14:20,2008
2020-06-10 14:25,2024
2020-06-10 14:30,2054
2020-06-10 14:35,2106
2020-06-10 14:40,2117
2020-06-10 14:45,2126
2020-06-10 14:50,2134
2020-06-10 14:55,2156
2020-06-10 15:00,2158
2020-06-10 15:05,2160
2020-06-10 15:10,2181
2020-06-10 15:15,2189
2020-06-10 15:20,2196
2020-06-10 15:25,2193
2020-06-10 15:30,2198
2020-06-10 15:35,2202
2020-06-10 15:40,2199
2020-06-10 15:45,2218
2020-06-10 15:50,2248
2020-06-10 15:55,2250
2020-06-10 16:00,2259
2020-06-10 16:05,2254
2020-06-10 16:10,2276
2020-06-10 16:15,2297
2020-06-10 16:20,2282
2020-06-10 16:25,2313
2020-06-10 16:30,2319
2020-06-10 16:35,2316
2020-06-10 16:40,2328
2020-06-10 16:45,2340
2020-06-10 16:50,2367
2020-06-10 16:55,2367
2020-06-10 17:00,2357
2020-06-10 17:05,2367
2020-06-10 17:10,2378
2020-06-10 17:15,2410
2020-06-10 17:20,2396
2020-06-10 17:25,2433
2020-06-10 17:30,2440
2020-06-10 17:35,2446
2020-06-10 17:40,2443
2020-06-10 17:45,2462
2020-06-10 17:50,2456
2020-06-10 17:55,2429
2020-06-10 18:00,2429
2020-06-10 18:05,2441
2020-06-10 18:10,2461
2020-06-10 18:15,2480
2020-06-10 18:20,2467
2020-06-10 18:25,2462
2020-06-10 18:30,2477
2020-06-10 18:35,2507
2020-06-10 18:40,2513
2020-06-10 18:45,2453
2020-06-10 18:50,2460
2020-06-10 18:55,2460
2020-06-10 19:00,2497
2020-06-10 19:05,2501
2020-06-10 19:10,2516
2020-06-10 19:15,2543
2020-06-10 19:20,2559
2020-06-10 19:25,2580
2020-06-10 19:30,2573
2020-06-10 19:35,2588
2020-06-10 19:40,2612
2020-06-10 19:45,2629
2020-06-10 19:50,2643
2020-06-10 19:55,2658
2020-06-10 20:00,2657
2020-06-10 20:05,2616
2020-06-10 20:10,2615
2020-06-10 20:15,2594
2020-06-10 20:20,2593
2020-06-10 20:25,2578
2020-06-10 20:30,2568
2020-06-10 20:35,2562
2020-06-10 20:40,2524
2020-06-10 20:45,2507
2020-06-10 20:50,2494
2020-06-10 20:55,2474
2020-06-10 21:00,2459
2020-06-10 21:05,2436
2020-06-10 21:10,2441
2020-06-10 21:15,2423
2020-06-10 21:20,2388
2020-06-10 21:25,2363
2020-06-10 21:30,2355
2020-06-10 21:35,2346
2020-06-10 21:40,2327
2020-06-10 21:45,2310
2020-06-10 21:50,2290
2020-06-10 21:55,2273
2020-06-10 22:00,2226
2020-06-10 22:05,2185
2020-06-10 22:10,2164
2020-06-10 22:15,2140
2020-06-10 22:20,2123
2020-06-10 22:25,2126
2020-06-10 22:30,2133
2020-06-10 22:35,2134
2020-06-10 22:40,2118
2020-06-10 22:45,2092
2020-06-10 22:50,2087
2020-06-10 22:55,2050
2020-06-10 23:00,2028
2020-06-10 23:05,2000
2020-06-10 23:10,1964
2020-06-10 23:15,1940
2020-06-10 23:20,1949
2020-06-10 23:25,1930
2020-06-10 23:30,1911
2020-06-10 23:35,1889
2020-06-10 23:40,1870
2020-06-10 23:45,1847
2020-06-10 23:50,1864
2020-06-10 23:55,1856
2020-06-11 00:00,1829
2020-06-11 00:05,1816
2020-06-11 00:10,1837
2020-06-11 00:15,1830
2020-06-11 00:20,1804
2020-06-11 00:25,1807
2020-06-11 00:30,1786
2020-06-11 00:35,1787
2020-06-11 00:40,1768
2020-06-11 00:45,1773
2020-06-11 00:50,1768
2020-06-11 00:55,1745
2020-06-11 01:00,1741
2020-06-11 01:05,1749
2020-06-11 01:10,1723
2020-06-11 01:15,1730
2020-06-11 01:20,1711
2020-06-11 01:25,1737
2020-06-11 01:30,1736
2020-06-11 01:35,1709
2020-06-11 01:40,1688
2020-06-11 01:45,1676
2020-06-11 01:50,1686
2020-06-11 01:55,1683
2020-06-11 02:00,1654
2020-06-11 02:05,1658
2020-06-11 02:10,1644
2020-06-11 02:15,1638
2020-06-11 02:20,1661
2020-06-11 02:25,1640
2020-06-11 02:30,1615
2020-06-11 02:35,1600
2020-06-11 02:40,1602
2020-06-11 02:45,1581
2020-06-11 02:50,1573
2020-06-11 02:55,1541
2020-06-11 03:00,1508
2020-06-11 03:05,1487
2020-06-11 03:10,1479
2020-06-11 03:15,1466
2020-06-11 03:20,1446
2020-06-11 03:25,1432
2020-06-11 03:30,1424
2020-06-11 03:35,1406
2020-06-11 03:40,1408
2020-06-11 03:45,1402
2020-06-11 03:50,1384
2020-06-11 03:55,1360
2020-06-11 04:00,1350
2020-06-11 04:05,1322
2020-06-11 04:10,1304
2020-06-11 04:15,1304
2020-06-11 04:20,1293
2020-06-11 04:25,1289
2020-06-11 04:30,1280
2020-06-11 04:35,1259
2020-06-11 04:40,1234
2020-06-11 04:45,1220
2020-06-11 04:50,1216
2020-06-11 04:55,1192
2020-06-11 05:00,1195
2020-06-11 05:05,1189
2020-06-11 05:10,1178
2020-06-11 05:15,1168
2020-06-11 05:20,1157
2020-06-11 05:25,1158
2020-06-11 05:30,1140
2020-06-11 05:35,1123
2020-06-11 05:40,1125
2020-06-11 05:45,1123
2020-06-11 05:50,1120
2020-06-11 05:55,1118
2020-06-11 06:00,1108
2020-06-11 06:05,1050
2020-06-11 06:10,1098
2020-06-11 06:15,1106
2020-06-11 06:20,1086
2020-06-11 06:25,1079
2020-06-11 06:30,1104
2020-06-11 06:35,1104
2020-06-11 06:40,1116
2020-06-11 06:45,1125
2020-06-11 06:50,1126
2020-06-11 06:55,1130
2020-06-11 07:00,1132
2020-06-11 07:05,1143
2020-06-11 07:10,1151
2020-06-11 07:15,1166
2020-06-11 07:20,1162
2020-06-11 07:25,1166
2020-06-11 07:30,1158
2020-06-11 07:35,1131
2020-06-11 07:40,1179
2020-06-11 07:45,1191
2020-06-11 07:50,1195
2020-06-11 07:55,1211
2020-06-11 08:00,1217
2020-06-11 08:05,1200
2020-06-11 08:10,1227
2020-06-11 08:15,1229
2020-06-11 08:20,1243
2020-06-11 08:25,1260
2020-06-11 08:30,1270
2020-06-11 08:35,1226
2020-06-11 08:40,1291
2020-06-11 08:45,1304
2020-06-11 08:50,1328
2020-06-11 08:55,1308
2020-06-11 09:00,1337
2020-06-11 09:05,1350
2020-06-11 09:10,1357
2020-06-11 09:15,1376
2020-06-11 09:20,1393
2020-06-11 09:25,1419
2020-06-11 09:30,1434
2020-06-11 09:35,1434
2020-06-11 09:40,1441
2020-06-11 09:45,1437
2020-06-11 09:50,1444
2020-06-11 09:55,1462
2020-06-11 10:00,1495
2020-06-11 10:05,1536
2020-06-11 10:10,1562
2020-06-11 10:15,1589
2020-06-11 10:20,1615
2020-06-11 10:25,1598
2020-06-11 10:30,1634
2020-06-11 10:35,1622
2020-06-11 10:40,1646
2020-06-11 10:45,1664
2020-06-11 10:50,1669
2020-06-11 10:55,1671
2020-06-11 11:00,1674
2020-06-11 11:05,1672
2020-06-11 11:10,1692
2020-06-11 11:15,1674
2020-06-11 11:20,1691
2020-06-11 11:25,1689
2020-06-11 11:30,1687
2020-06-11 11:35,1708
2020-06-11 11:40,1697
2020-06-11 11:45,1702
2020-06-11 11:50,1717
2020-06-11 11:55,1744
2020-06-11 12:00,1754
2020-06-11 12:05,1757
2020-06-11 12:10,1766
2020-06-11 12:15,1769
2020-06-11 12:20,1766
2020-06-11 12:25,1766
2020-06-11 12:30,1775
2020-06-11 12:35,1797
2020-06-11 12:40,1819
2020-06-11 12:45,1844
2020-06-11 12:50,1860
2020-06-11 12:55,1887
2020-06-11 13:00,1888
2020-06-11 13:05,1909
2020-06-11 13:10,1909
2020-06-11 13:15,1922
2020-06-11 13:20,1939
2020-06-11 13:25,1922
2020-06-11 13:30,1929
2020-06-11 13:35,1919
2020-06-11 13:40,1909
2020-06-11 13:45,1886
2020-06-11 13:50,1837
2020-06-11 13:55,1766
2020-06-11 14:00,1604
2020-06-11 14:05,1242
2020-06-11 14:10,920
2020-06-11 14:15,902
2020-06-11 14:20,932
2020-06-11 14:25,934
2020-06-11 14:30,943
2020-06-11 14:35,963
2020-06-11 14:40,948
2020-06-11 14:45,969
2020-06-11 14:50,974
2020-06-11 14:55,999
2020-06-11 15:00,1004
2020-06-11 15:05,1043
2020-06-11 15:10,1064
2020-06-11 15:15,1074
2020-06-11 15:20,1110
2020-06-11 15:25,1140
2020-06-11 15:30,1155
2020-06-11 15:35,1186
2020-06-11 15:40,1218
2020-06-11 15:45,1353
2020-06-11 15:50,1459
2020-06-11 15:55,1577
2020-06-11 16:00,1683
2020-06-11 16:05,1816
2020-06-11 16:10,1951
2020-06-11 16:15,2043
2020-06-11 16:20,2135
2020-06-11 16:25,2188
2020-06-11 16:30,2250
2020-06-11 16:35,2322
2020-06-11 16:40,2369
2020-06-11 16:45,2425
2020-06-11 16:50,2451
2020-06-11 16:55,2483
2020-06-11 17:00,2498
2020-06-11 17:05,2517
2020-06-11 17:10,2556
2020-06-11 17:15,2588
2020-06-11 17:20,2628
2020-06-11 17:25,2661
2020-06-11 17:30,2694
2020-06-11 17:35,2728
2020-06-11 17:40,2725
2020-06-11 17:45,2704
2020-06-11 17:50,2722
2020-06-11 17:55,2748
2020-06-11 18:00,2768
2020-06-11 18:05,2799
2020-06-11 18:10,2821
2020-06-11 18:15,2832
2020-06-11 18:20,2859
2020-06-11 18:25,2869
2020-06-11 18:30,2881
2020-06-11 18:35,2892
2020-06-11 18:40,2900
2020-06-11 18:45,2865
2020-06-11 18:50,2859
2020-06-11 18:55,2888
2020-06-11 19:00,2884
2020-06-11 19:05,2905
2020-06-11 19:10,2878
2020-06-11 19:15,2897
2020-06-11 19:20,2884
2020-06-11 19:25,2876
2020-06-11 19:30,2879
2020-06-11 19:35,2887
2020-06-11 19:40,2885
2020-06-11 19:45,2884
2020-06-11 19:50,2866
2020-06-11 19:55,2843
2020-06-11 20:00,2822
2020-06-11 20:05,2797
2020-06-11 20:10,2787
2020-06-11 20:15,2765
2020-06-11 20:20,2755
2020-06-11 20:25,2753
2020-06-11 20:30,2753
2020-06-11 20:35,2708
2020-06-11 20:40,2691
2020-06-11 20:45,2672
2020-06-11 20:50,2644
2020-06-11 20:55,2635
2020-06-11 21:00,2641
2020-06-11 21:05,2610
2020-06-11 21:10,2610
2020-06-11 21:15,2584
2020-06-11 21:20,2538
2020-06-11 21:25,2538
2020-06-11 21:30,2502
2020-06-11 21:35,2469
2020-06-11 21:40,2413
2020-06-11 21:45,2407
2020-06-11 21:50,2394
2020-06-11 21:55,2356
2020-06-11 22:00,2340
2020-06-11 22:05,2304
2020-06-11 22:10,2294
2020-06-11 22:15,2280
2020-06-11 22:20,2278
2020-06-11 22:25,2263
2020-06-11 22:30,2245
2020-06-11 22:35,2235
2020-06-11 22:40,2182
2020-06-11 22:45,2154
2020-06-11 22:50,2129
2020-06-11 22:55,2117
2020-06-11 23:00,2111
2020-06-11 23:05,2102
2020-06-11 23:10,2078
2020-06-11 23:15,2070
2020-06-11 23:20,2073
2020-06-11 23:25,2058
2020-06-11 23:30,2043
2020-06-11 23:35,2045
2020-06-11 23:40,2028
2020-06-11 23:45,2020
2020-06-11 23:50,2019
2020-06-11 23:55,1983
2020-06-12 00:00,1981
2020-06-12 00:05,1941
2020-06-12 00:10,1931
2020-06-12 00:15,1911
2020-06-12 00:20,1910
2020-06-12 00:25,1905
2020-06-12 00:30,1894
2020-06-12 00:35,1869
2020-06-12 00:40,1854
2020-06-12 00:45,1850
2020-06-12 00:50,1846
2020-06-12 00:55,1833
2020-06-12 01:00,1807
2020-06-12 01:05,1792
2020-06-12 01:10,1792
2020-06-12 01:15,1792
2020-06-12 01:20,1788
2020-06-12 01:25,1772
2020-06-12 01:30,1788
2020-06-12 01:35,1768
2020-06-12 01:40,1752
2020-06-12 01:45,1755
2020-06-12 01:50,1752
2020-06-12 01:55,1751
2020-06-12 02:00,1767
2020-06-12 02:05,1745
2020-06-12 02:10,1730
2020-06-12 02:15,1731
2020-06-12 02:20,1717
2020-06-12 02:25,1706
2020-06-12 02:30,1697
2020-06-12 02:35,1671
2020-06-12 02:40,1665
2020-06-12 02:45,1652
2020-06-12 02:50,1633
2020-06-12 02:55,1608
2020-06-12 03:00,1584
2020-06-12 03:05,1583
2020-06-12 03:10,1567
2020-06-12 03:15,1556
2020-06-12 03:20,1543
2020-06-12 03:25,1551
2020-06-12 03:30,1525
2020-06-12 03:35,1509
2020-06-12 03:40,1497
2020-06-12 03:45,1486
2020-06-12 03:50,1470
2020-06-12 03:55,1461
2020-06-12 04:00,1445
2020-06-12 04:05,1430
2020-06-12 04:10,1420
2020-06-12 04:15,1424
2020-06-12 04:20,1403
2020-06-12 04:25,1384
2020-06-12 04:30,1381
2020-06-12 04:35,1370
2020-06-12 04:40,1343
2020-06-12 04:45,1346
2020-06-12 04:50,1323
2020-06-12 04:55,1327
2020-06-12 05:00,1329
2020-06-12 05:05,1336
2020-06-12 05:10,1336
2020-06-12 05:15,1322
2020-06-12 05:20,1306
2020-06-12 05:25,1313
2020-06-12 05:30,1305
2020-06-12 05:35,1312
2020-06-12 05:40,1304
2020-06-12 05:45,1304
2020-06-12 05:50,1288
2020-06-12 05:55,1288
2020-06-12 06:00,1285
2020-06-12 06:05,1257
2020-06-12 06:10,1265
2020-06-12 06:15,1251
2020-06-12 06:20,1238
2020-06-12 06:25,1235
2020-06-12 06:30,1242
2020-06-12 06:35,1240
2020-06-12 06:40,1243
2020-06-12 06:45,1248
2020-06-12 06:50,1244
2020-06-12 06:55,1261
2020-06-12 07:00,1259
2020-06-12 07:05,1255
2020-06-12 07:10,1269
2020-06-12 07:15,1264
2020-06-12 07:20,1277
2020-06-12 07:25,1277
2020-06-12 07:30,1284
2020-06-12 07:35,1276
2020-06-12 07:40,1271
2020-06-12 07:45,1292
2020-06-12 07:50,1300
2020-06-12 07:55,1317
2020-06-12 08:00,1351
2020-06-12 08:05,1343
2020-06-12 08:10,1346
2020-06-12 08:15,1342
2020-06-12 08:20,1344
2020-06-12 08:25,1341
2020-06-12 08:30,1347
2020-06-12 08:35,1358
2020-06-12 08:40,1376
2020-06-12 08:45,1392
2020-06-12 08:50,1380
2020-06-12 08:55,1398
2020-06-12 09:00,1409
2020-06-12 09:05,1415
2020-06-12 09:10,1412
2020-06-12 09:15,1416
2020-06-12 09:20,1430
2020-06-12 09:25,1459
2020-06-12 09:30,1461
2020-06-12 09:35,1466
2020-06-12 09:40,1493
2020-06-12 09:45,1516
2020-06-12 09:50,1529
2020-06-12 09:55,1553
2020-06-12 10:00,1560
2020-06-12 10:05,1603
2020-06-12 10:10,1629
2020-06-12 10:15,1654
2020-06-12 10:20,1650
2020-06-12 10:25,1672
2020-06-12 10:30,1677
2020-06-12 10:35,1686
2020-06-12 10:40,1699
2020-06-12 10:45,1700
2020-06-12 10:50,1726
2020-06-12 10:55,1728
2020-06-12 11:00,1743
2020-06-12 11:05,1747
2020-06-12 11:10,1759
2020-06-12 11:15,1766
2020-06-12 11:20,1748
2020-06-12 11:25,1761
2020-06-12 11:30,1782
2020-06-12 11:35,1771
2020-06-12 11:40,1788
2020-06-12 11:45,1801
2020-06-12 11:50,1811
2020-06-12 11:55,1818
2020-06-12 12:00,1820
2020-06-12 12:05,1815
2020-06-12 12:10,1838
2020-06-12 12:15,1853
2020-06-12 12:20,1854
2020-06-12 12:25,1861
2020-06-12 12:30,1892
2020-06-12 12:35,1924
2020-06-12 12:40,1932
2020-06-12 12:45,1916
2020-06-12 12:50,1950
2020-06-12 12:55,1954
2020-06-12 13:00,1954
2020-06-12 13:05,1969
2020-06-12 13:10,1956
2020-06-12 13:15,1966
2020-06-12 13:20,1971
2020-06-12 13:25,1977
2020-06-12 13:30,1993
2020-06-12 13:35,1981
2020-06-12 13:40,1981
2020-06-12 13:45,1997
2020-06-12 13:50,1999
2020-06-12 13:55,1990
2020-06-12 14:00,1995
2020-06-12 14:05,1981
2020-06-12 14:10,1977
2020-06-12 14:15,1981
2020-06-12 14:20,2005
2020-06-12 14:25,2031
2020-06-12 14:30,2031
2020-06-12 14:35,2041
2020-06-12 14:40,2066
2020-06-12 14:45,2073
2020-06-12 14:50,2097
2020-06-12 14:55,2106
2020-06-12 15:00,2116
2020-06-12 15:05,2145
2020-06-12 15:10,2171
2020-06-12 15:15,2187
2020-06-12 15:20,2188
2020-06-12 15:25,2225
2020-06-12 15:30,2234
2020-06-12 15:35,2247
2020-06-12 15:40,2261
2020-06-12 15:45,2255
2020-06-12 15:50,2259
2020-06-12 15:55,2271
2020-06-12 16:00,2287
2020-06-12 16:05,2301
2020-06-12 16:10,2317
2020-06-12 16:15,2314
2020-06-12 16:20,2324
2020-06-12 16:25,2350
2020-06-12 16:30,2380
2020-06-12 16:35,2402
2020-06-12 16:40,2423
2020-06-12 16:45,2432
2020-06-12 16:50,2448
2020-06-12 16:55,2459
2020-06-12 17:00,2458
2020-06-12 17:05,2428
2020-06-12 17:10,2425
2020-06-12 17:15,2397
2020-06-12 17:20,2418
2020-06-12 17:25,2411
2020-06-12 17:30,2405
2020-06-12 17:35,2418
2020-06-12 17:40,2466
2020-06-12 17:45,2483
2020-06-12 17:50,2463
2020-06-12 17:55,2477
2020-06-12 18:00,2503
2020-06-12 18:05,2511
2020-06-12 18:10,2530
2020-06-12 18:15,2551
2020-06-12 18:20,2551
2020-06-12 18:25,2552
2020-06-12 18:30,2559
2020-06-12 18:35,2571
2020-06-12 18:40,2577
2020-06-12 18:45,2579
2020-06-12 18:50,2577
2020-06-12 18:55,2579
2020-06-12 19:00,2557
2020-06-12 19:05,2590
2020-06-12 19:10,2597
2020-06-12 19:15,2609
2020-06-12 19:20,2616
2020-06-12 19:25,2600
2020-06-12 19:30,2585
2020-06-12 19:35,2617
2020-06-12 19:40,2634
2020-06-12 19:45,2633
2020-06-12 19:50,2639
2020-06-12 19:55,2638
2020-06-12 20:00,2616
2020-06-12 20:05,2605
2020-06-12 20:10,2604
2020-06-12 20:15,2621
2020-06-12 20:20,2652
2020-06-12 20:25,2624
2020-06-12 20:30,2592
2020-06-12 20:35,2572
2020-06-12 20:40,2552
2020-06-12 20:45,2529
2020-06-12 20:50,2486
2020-06-12 20:55,2490
2020-06-12 21:00,2470
2020-06-12 21:05,2472
2020-06-12 21:10,2459
2020-06-12 21:15,2431
2020-06-12 21:20,2416
2020-06-12 21:25,2396
2020-06-12 21:30,2408
2020-06-12 21:35,2417
2020-06-12 21:40,2396
2020-06-12 21:45,2366
2020-06-12 21:50,2326
2020-06-12 21:55,2314
2020-06-12 22:00,2299
2020-06-12 22:05,2272
2020-06-12 22:10,2258
2020-06-12 22:15,2214
2020-06-12 22:20,2204
2020-06-12 22:25,2184
2020-06-12 22:30,2187
2020-06-12 22:35,2170
2020-06-12 22:40,2172
2020-06-12 22:45,2142
2020-06-12 22:50,2107
2020-06-12 22:55,2084
2020-06-12 23:00,2062
2020-06-12 23:05,2048
2020-06-12 23:10,2019
2020-06-12 23:15,1992
2020-06-12 23:20,1991
2020-06-12 23:25,1949
2020-06-12 23:30,1959
2020-06-12 23:35,1962
2020-06-12 23:40,1951
2020-06-12 23:45,1951
2020-06-12 23:50,1950
2020-06-12 23:55,1942
2020-06-13 00:00,1925
2020-06-13 00:05,1915
2020-06-13 00:10,1889
2020-06-13 00:15,1876
2020-06-13 00:20,1843
2020-06-13 00:25,1820
2020-06-13 00:30,1809
2020-06-13 00:35,1784
2020-06-13 00:40,1773
2020-06-13 00:45,1772
2020-06-13 00:50,1767
2020-06-13 00:55,1769
2020-06-13 01:00,1751
2020-06-13 01:05,1748
2020-06-13 01:10,1743
2020-06-13 01:15,1741
2020-06-13 01:20,1735
2020-06-13 01:25,1732
2020-06-13 01:30,1720
2020-06-13 01:35,1699
2020-06-13 01:40,1699
2020-06-13 01:45,1701
2020-06-13 01:50,1696
2020-06-13 01:55,1701
2020-06-13 02:00,1693
2020-06-13 02:05,1697
2020-06-13 02:10,1707
2020-06-13 02:15,1695
2020-06-13 02:20,1686
2020-06-13 02:25,1673
2020-06-13 02:30,1673
2020-06-13 02:35,1681
2020-06-13 02:40,1670
2020-06-13 02:45,1659
2020-06-13 02:50,1645
2020-06-13 02:55,1625
2020-06-13 03:00,1623
2020-06-13 03:05,1601
2020-06-13 03:10,1592
2020-06-13 03:15,1575
2020-06-13 03:20,1585
2020-06-13 03:25,1566
2020-06-13 03:30,1563
2020-06-13 03:35,1561
2020-06-13 03:40,1535
2020-06-13 03:45,1539
2020-06-13 03:50,1527
2020-06-13 03:55,1524
2020-06-13 04:00,1516
2020-06-13 04:05,1505
2020-06-13 04:10,1494
2020-06-13 04:15,1487
2020-06-13 04:20,1487
2020-06-13 04:25,1488
2020-06-13 04:30,1470
2020-06-13 04:35,1463
2020-06-13 04:40,1453
2020-06-13 04:45,1441
2020-06-13 04:50,1448
2020-06-13 04:55,1443
2020-06-13 05:00,1434
2020-06-13 05:05,1426
2020-06-13 05:10,1419
2020-06-13 05:15,1397
2020-06-13 05:20,1396
2020-06-13 05:25,1391
2020-06-13 05:30,1393
2020-06-13 05:35,1383
2020-06-13 05:40,1365
2020-06-13 05:45,1350
2020-06-13 05:50,1343
2020-06-13 05:55,1330
2020-06-13 06:00,1332
2020-06-13 06:05,1315
2020-06-13 06:10,1318
2020-06-13 06:15,1312
2020-06-13 06:20,1291
2020-06-13 06:25,1301
2020-06-13 06:30,1298
2020-06-13 06:35,1311
2020-06-13 06:40,1299
2020-06-13 06:45,1301
2020-06-13 06:50,1332
2020-06-13 06:55,1329
2020-06-13 07:00,1342
2020-06-13 07:05,1320
2020-06-13 07:10,1318
2020-06-13 07:15,1299
2020-06-13 07:20,1319
2020-06-13 07:25,1318
2020-06-13 07:30,1333
2020-06-13 07:35,1351
2020-06-13 07:40,1353
2020-06-13 07:45,1343
2020-06-13 07:50,1353
2020-06-13 07:55,1352
2020-06-13 08:00,1361
2020-06-13 08:05,1363
2020-06-13 08:10,1363
2020-06-13 08:15,1375
2020-06-13 08:20,1375
2020-06-13 08:25,1393
2020-06-13 08:30,1382
2020-06-13 08:35,1392
2020-06-13 08:40,1392
2020-06-13 08:45,1408
2020-06-13 08:50,1422
2020-06-13 08:55,1436
2020-06-13 09:00,1445
2020-06-13 09:05,1465
2020-06-13 09:10,1470
2020-06-13 09:15,1501
2020-06-13 09:20,1507
2020-06-13 09:25,1534
2020-06-13 09:30,1544
2020-06-13 09:35,1549
2020-06-13 09:40,1560
2020-06-13 09:45,1570
2020-06-13 09:50,1573
2020-06-13 09:55,1590
2020-06-13 10:00,1614
2020-06-13 10:05,1654
2020-06-13 10:10,1712
2020-06-13 10:15,1741
2020-06-13 10:20,1767
2020-06-13 10:25,1777
2020-06-13 10:30,1786
2020-06-13 10:35,1801
2020-06-13 10:40,1793
2020-06-13 10:45,1792
2020-06-13 10:50,1810
2020-06-13 10:55,1810
2020-06-13 11:00,1810
2020-06-13 11:05,1817
2020-06-13 11:10,1822
2020-06-13 11:15,1830
2020-06-13 11:20,1860
2020-06-13 11:25,1868
2020-06-13 11:30,1885
2020-06-13 11:35,1878
2020-06-13 11:40,1899
2020-06-13 11:45,1919
2020-06-13 11:50,1937
2020-06-13 11:55,1953
2020-06-13 12:00,1958
2020-06-13 12:05,1962
2020-06-13 12:10,1981
2020-06-13 12:15,1997
2020-06-13 12:20,2000
2020-06-13 12:25,2018
2020-06-13 12:30,2023
2020-06-13 12:35,2037
2020-06-13 12:40,2066
2020-06-13 12:45,2095
2020-06-13 12:50,2125
2020-06-13 12:55,2135
2020-06-13 13:00,2146
2020-06-13 13:05,2133
2020-06-13 13:10,2137
2020-06-13 13:15,2152
2020-06-13 13:20,2171
2020-06-13 13:25,2174
2020-06-13 13:30,2184
2020-06-13 13:35,2187
2020-06-13 13:40,2190
2020-06-13 13:45,2210
2020-06-13 13:50,2206
2020-06-13 13:55,2212
2020-06-13 14:00,2214
2020-06-13 14:05,2217
2020-06-13 14:10,2230
2020-06-13 14:15,2233
2020-06-13 14:20,2268
2020-06-13 14:25,2303
2020-06-13 14:30,2329
2020-06-13 14:35,2321
2020-06-13 14:40,2328
2020-06-13 14:45,2357
2020-06-13 14:50,2389
2020-06-13 14:55,2394
2020-06-13 15:00,2426
2020-06-13 15:05,2450
2020-06-13 15:10,2474
2020-06-13 15:15,2481
2020-06-13 15:20,2461
2020-06-13 15:25,2448
2020-06-13 15:30,2456
2020-06-13 15:35,2465
2020-06-13 15:40,2472
2020-06-13 15:45,2472
2020-06-13 15:50,2503
2020-06-13 15:55,2531
2020-06-13 16:00,2512
2020-06-13 16:05,2518
2020-06-13 16:10,2498
2020-06-13 16:15,2507
2020-06-13 16:20,2535
2020-06-13 16:25,2537
2020-06-13 16:30,2538
2020-06-13 16:35,2541
2020-06-13 16:40,2539
2020-06-13 16:45,2550
2020-06-13 16:50,2575
2020-06-13 16:55,2576
2020-06-13 17:00,2606
2020-06-13 17:05,2621
2020-06-13 17:10,2639
2020-06-13 17:15,2634
2020-06-13 17:20,2681
2020-06-13 17:25,2697
2020-06-13 17:30,2710
2020-06-13 17:35,2725
2020-06-13 17:40,2731
2020-06-13 17:45,2716
2020-06-13 17:50,2716
2020-06-13 17:55,2745
2020-06-13 18:00,2723
2020-06-13 18:05,2722
2020-06-13 18:10,2739
2020-06-13 18:15,2750
2020-06-13 18:20,2732
2020-06-13 18:25,2723
2020-06-13 18:30,2731
2020-06-13 18:35,2729
2020-06-13 18:40,2730
2020-06-13 18:45,2723
2020-06-13 18:50,2713
2020-06-13 18:55,2710
2020-06-13 19:00,2714
2020-06-13 19:05,2702
2020-06-13 19:10,2706
2020-06-13 19:15,2711
2020-06-13 19:20,2736
2020-06-13 19:25,2757
2020-06-13 19:30,2748
2020-06-13 19:35,2763
2020-06-13 19:40,2780
2020-06-13 19:45,2764
2020-06-13 19:50,2734
2020-06-13 19:55,2762
2020-06-13 20:00,2762
2020-06-13 20:05,2744
2020-06-13 20:10,2759
2020-06-13 20:15,2761
2020-06-13 20:20,2774
2020-06-13 20:25,2754
2020-06-13 20:30,2745
2020-06-13 20:35,2747
2020-06-13 20:40,2741
2020-06-13 20:45,2716
2020-06-13 20:50,2690
2020-06-13 20:55,2668
2020-06-13 21:00,2655
2020-06-13 21:05,2651
2020-06-13 21:10,2642
2020-06-13 21:15,2635
2020-06-13 21:20,2588
2020-06-13 21:25,2579
2020-06-13 21:30,2552
2020-06-13 21:35,2529
2020-06-13 21:40,2501
2020-06-13 21:45,2475
2020-06-13 21:50,2487
2020-06-13 21:55,2470
2020-06-13 22:00,2438
2020-06-13 22:05,2419
2020-06-13 22:10,2394
2020-06-13 22:15,2394
2020-06-13 22:20,2339
2020-06-13 22:25,2305
2020-06-13 22:30,2286
2020-06-13 22:35,2274
2020-06-13 22:40,2250
2020-06-13 22:45,2236
2020-06-13 22:50,2206
2020-06-13 22:55,2188
2020-06-13 23:00,2157
2020-06-13 23:05,2150
2020-06-13 23:10,2122
2020-06-13 23:15,2115
2020-06-13 23:20,2084
2020-06-13 23:25,2075
2020-06-13 23:30,2047
2020-06-13 23:35,2048
2020-06-13 23:40,2025
2020-06-13 23:45,2038
2020-06-13 23:50,2019
2020-06-13 23:55,1996
2020-06-14 00:00,1992
2020-06-14 00:05,1986
2020-06-14 00:10,1947
2020-06-14 00:15,1943
2020-06-14 00:20,1954
2020-06-14 00:25,1959
2020-06-14 00:30,1946
2020-06-14 00:35,1929
2020-06-14 00:40,1918
2020-06-14 00:45,1882
2020-06-14 00:50,1866
2020-06-14 00:55,1862
2020-06-14 01:00,1827
2020-06-14 01:05,1811
2020-06-14 01:10,1821
2020-06-14 01:15,1802
2020-06-14 01:20,1804
2020-06-14 01:25,1790
2020-06-14 01:30,1784
2020-06-14 01:35,1777
2020-06-14 01:40,1766
2020-06-14 01:45,1758
2020-06-14 01:50,1755
2020-06-14 01:55,1744
2020-06-14 02:00,1738
2020-06-14 02:05,1745
2020-06-14 02:10,1743
2020-06-14 02:15,1725
2020-06-14 02:20,1694
2020-06-14 02:25,1669
2020-06-14 02:30,1663
2020-06-14 02:35,1658
2020-06-14 02:40,1668
2020-06-14 02:45,1655
2020-06-14 02:50,1646
2020-06-14 02:55,1641
2020-06-14 03:00,1635
2020-06-14 03:05,1653
2020-06-14 03:10,1640
2020-06-14 03:15,1631
2020-06-14 03:20,1616
2020-06-14 03:25,1613
2020-06-14 03:30,1576
2020-06-14 03:35,1555
2020-06-14 03:40,1560
2020-06-14 03:45,1563
2020-06-14 03:50,1546
2020-06-14 03:55,1522
2020-06-14 04:00,1518
2020-06-14 04:05,1510
2020-06-14 04:10,1506
2020-06-14 04:15,1516
2020-06-14 04:20,1512
2020-06-14 04:25,1503
2020-06-14 04:30,1493
2020-06-14 04:35,1490
2020-06-14 04:40,1498
2020-06-14 04:45,1492
2020-06-14 04:50,1496
2020-06-14 04:55,1496
2020-06-14 05:00,1501
2020-06-14 05:05,1491
2020-06-14 05:10,1507
2020-06-14 05:15,1488
2020-06-14 05:20,1476
2020-06-14 05:25,1464
2020-06-14 05:30,1453
2020-06-14 05:35,1477
2020-06-14 05:40,1473
2020-06-14 05:45,1471
2020-06-14 05:50,1446
2020-06-14 05:55,1429
2020-06-14 06:00,1423
2020-06-14 06:05,1396
2020-06-14 06:10,1403
2020-06-14 06:15,1395
2020-06-14 06:20,1402
2020-06-14 06:25,1382
2020-06-14 06:30,1390
2020-06-14 06:35,1380
2020-06-14 06:40,1375
2020-06-14 06:45,1388
2020-06-14 06:50,1389
2020-06-14 06:55,1377
2020-06-14 07:00,1379
2020-06-14 07:05,1396
2020-06-14 07:10,1386
2020-06-14 07:15,1402
2020-06-14 07:20,1398
2020-06-14 07:25,1390
2020-06-14 07:30,1387
2020-06-14 07:35,1419
2020-06-14 07:40,1418
2020-06-14 07:45,1407
2020-06-14 07:50,1419
2020-06-14 07:55,1438
2020-06-14 08:00,1461
2020-06-14 08:05,1466
2020-06-14 08:10,1485
2020-06-14 08:15,1502
2020-06-14 08:20,1512
2020-06-14 08:25,1514
2020-06-14 08:30,1533
2020-06-14 08:35,1546
2020-06-14 08:40,1559
2020-06-14 08:45,1567
2020-06-14 08:50,1591
2020-06-14 08:55,1619
2020-06-14 09:00,1619
2020-06-14 09:05,1637
2020-06-14 09:10,1617
2020-06-14 09:15,1660
2020-06-14 09:20,1663
2020-06-14 09:25,1690
2020-06-14 09:30,1703
2020-06-14 09:35,1724
2020-06-14 09:40,1732
2020-06-14 09:45,1742
2020-06-14 09:50,1789
2020-06-14 09:55,1809
2020-06-14 10:00,1844
2020-06-14 10:05,1872
2020-06-14 10:10,1882
2020-06-14 10:15,1902
2020-06-14 10:20,1939
2020-06-14 10:25,1953
2020-06-14 10:30,1962
2020-06-14 10:35,1977
2020-06-14 10:40,1989
2020-06-14 10:45,1984
2020-06-14 10:50,1999
2020-06-14 10:55,2006
2020-06-14 11:00,2014
2020-06-14 11:05,2005
2020-06-14 11:10,2000
2020-06-14 11:15,2018
2020-06-14 11:20,2035
2020-06-14 11:25,2051
2020-06-14 11:30,2052
2020-06-14 11:35,2061
2020-06-14 11:40,2055
2020-06-14 11:45,2079
2020-06-14 11:50,2105
2020-06-14 11:55,2123
2020-06-14 12:00,2108
2020-06-14 12:05,2117
2020-06-14 12:10,2121
2020-06-14 12:15,2131
2020-06-14 12:20,2150
2020-06-14 12:25,2166
2020-06-14 12:30,2179
2020-06-14 12:35,2202
2020-06-14 12:40,2222
2020-06-14 12:45,2232
2020-06-14 12:50,2220
2020-06-14 12:55,2239
2020-06-14 13:00,2238
2020-06-14 13:05,2249
2020-06-14 13:10,2273
2020-06-14 13:15,2298
2020-06-14 13:20,2296
2020-06-14 13:25,2320
2020-06-14 13:30,2328
2020-06-14 13:35,2331
2020-06-14 13:40,2345
2020-06-14 13:45,2368
2020-06-14 13:50,2381
2020-06-14 13:55,2394
2020-06-14 14:00,2381
2020-06-14 14:05,2399
2020-06-14 14:10,2430
2020-06-14 14:15,2459
2020-06-14 14:20,2485
2020-06-14 14:25,2515
2020-06-14 14:30,2515
2020-06-14 14:35,2525
2020-06-14 14:40,2565
2020-06-14 14:45,2599
2020-06-14 14:50,2602
2020-06-14 14:55,2623
2020-06-14 15:00,2633
2020-06-14 15:05,2628
2020-06-14 15:10,2655
2020-06-14 15:15,2650
2020-06-14 15:20,2659
2020-06-14 15:25,2654
2020-06-14 15:30,2694
2020-06-14 15:35,2693
2020-06-14 15:40,2704
2020-06-14 15:45,2717
2020-06-14 15:50,2736
2020-06-14 15:55,2740
2020-06-14 16:00,2746
2020-06-14 16:05,2753
2020-06-14 16:10,2749
2020-06-14 16:15,2761
2020-06-14 16:20,2780
2020-06-14 16:25,2794
2020-06-14 16:30,2785
2020-06-14 16:35,2787
2020-06-14 16:40,2782
2020-06-14 16:45,2796
2020-06-14 16:50,2775
2020-06-14 16:55,2780
2020-06-14 17:00,2793
2020-06-14 17:05,2808
2020-06-14 17:10,2825
2020-06-14 17:15,2820
2020-06-14 17:20,2830
2020-06-14 17:25,2854
2020-06-14 17:30,2873
2020-06-14 17:35,2881
2020-06-14 17:40,2877
2020-06-14 17:45,2878
2020-06-14 17:50,2871
2020-06-14 17:55,2873
2020-06-14 18:00,2875
2020-06-14 18:05,2897
2020-06-14 18:10,2896
2020-06-14 18:15,2922
2020-06-14 18:20,2881
2020-06-14 18:25,2871
2020-06-14 18:30,2895
2020-06-14 18:35,2915
2020-06-14 18:40,2924
2020-06-14 18:45,2934
2020-06-14 18:50,2931
2020-06-14 18:55,2913
2020-06-14 19:00,2939
2020-06-14 19:05,2921
2020-06-14 19:10,2925
2020-06-14 19:15,2905
2020-06-14 19:20,2911
2020-06-14 19:25,2926
2020-06-14 19:30,2918
2020-06-14 19:35,2928
2020-06-14 19:40,2930
2020-06-14 19:45,2910
2020-06-14 19:50,2910
2020-06-14 19:55,2917
2020-06-14 20:00,2893
2020-06-14 20:05,2865
2020-06-14 20:10,2858
2020-06-14 20:15,2849
2020-06-14 20:20,2848
2020-06-14 20:25,2826
2020-06-14 20:30,2822
2020-06-14 20:35,2790
2020-06-14 20:40,2783
2020-06-14 20:45,2778
2020-06-14 20:50,2748
2020-06-14 20:55,2737
2020-06-14 21:00,2712
2020-06-14 21:05,2681
2020-06-14 21:10,2671
2020-06-14 21:15,2640
2020-06-14 21:20,2609
2020-06-14 21:25,2596
2020-06-14 21:30,2559
2020-06-14 21:35,2545
2020-06-14 21:40,2516
2020-06-14 21:45,2503
2020-06-14 21:50,2481
2020-06-14 21:55,2438
2020-06-14 22:00,2405
2020-06-14 22:05,2375
2020-06-14 22:10,2365
2020-06-14 22:15,2347
2020-06-14 22:20,2325
2020-06-14 22:25,2310
2020-06-14 22:30,2285
2020-06-14 22:35,2265
2020-06-14 22:40,2229
2020-06-14 22:45,2182
2020-06-14 22:50,2165
2020-06-14 22:55,2132
2020-06-14 23:00,2116
2020-06-14 23:05,2100
2020-06-14 23:10,2095
2020-06-14 23:15,2088
2020-06-14 23:20,2076
2020-06-14 23:25,2034
2020-06-14 23:30,2020
2020-06-14 23:35,1994
2020-06-14 23:40,1994
2020-06-14 23:45,1968
2020-06-14 23:50,1965
2020-06-14 23:55,1932
2020-06-15 00:00,1891
2020-06-15 00:05,1883
2020-06-15 00:10,1862
2020-06-15 00:15,1821
2020-06-15 00:20,1812
2020-06-15 00:25,1801
2020-06-15 00:30,1794
2020-06-15 00:35,1810
2020-06-15 00:40,1815
2020-06-15 00:45,1828
2020-06-15 00:50,1817
2020-06-15 00:55,1812
2020-06-15 01:00,1814
2020-06-15 01:05,1796
2020-06-15 01:10,1774
2020-06-15 01:15,1760
2020-06-15 01:20,1753
2020-06-15 01:25,1750
2020-06-15 01:30,1740
2020-06-15 01:35,1737
2020-06-15 01:40,1735
2020-06-15 01:45,1707
2020-06-15 01:50,1699
2020-06-15 01:55,1713
2020-06-15 02:00,1695
2020-06-15 02:05,1683
2020-06-15 02:10,1668
2020-06-15 02:15,1651
2020-06-15 02:20,1626
2020-06-15 02:25,1608
2020-06-15 02:30,1593
2020-06-15 02:35,1569
2020-06-15 02:40,1562
2020-06-15 02:45,1557
2020-06-15 02:50,1551
2020-06-15 02:55,1532
2020-06-15 03:00,1525
2020-06-15 03:05,1494
2020-06-15 03:10,1464
2020-06-15 03:15,1450
2020-06-15 03:20,1434
2020-06-15 03:25,1447
2020-06-15 03:30,1455
2020-06-15 03:35,1436
2020-06-15 03:40,1444
2020-06-15 03:45,1440
2020-06-15 03:50,1423
2020-06-15 03:55,1416
2020-06-15 04:00,1407
2020-06-15 04:05,1364
2020-06-15 04:10,1359
2020-06-15 04:15,1348
2020-06-15 04:20,1316
2020-06-15 04:25,1325
2020-06-15 04:30,1321
2020-06-15 04:35,1309
2020-06-15 04:40,1285
2020-06-15 04:45,1276
2020-06-15 04:50,1251
2020-06-15 04:55,1259
2020-06-15 05:00,1251
2020-06-15 05:05,1235
2020-06-15 05:10,1225
2020-06-15 05:15,1204
2020-06-15 05:20,1190
2020-06-15 05:25,1189
2020-06-15 05:30,1194
2020-06-15 05:35,1188
2020-06-15 05:40,1178
2020-06-15 05:45,1175
2020-06-15 05:50,1182
2020-06-15 05:55,1148
2020-06-15 06:00,1143
2020-06-15 06:05,1157
2020-06-15 06:10,1167
2020-06-15 06:15,1164
2020-06-15 06:20,1160
2020-06-15 06:25,1161
2020-06-15 06:30,1165
2020-06-15 06:35,1157
2020-06-15 06:40,1147
2020-06-15 06:45,1147
2020-06-15 06:50,1150
2020-06-15 06:55,1144
2020-06-15 07:00,1144
2020-06-15 07:05,1151
2020-06-15 07:10,1149
2020-06-15 07:15,1130
2020-06-15 07:20,1134
2020-06-15 07:25,1144
2020-06-15 07:30,1144
2020-06-15 07:35,1146
2020-06-15 07:40,1159
2020-06-15 07:45,1150
2020-06-15 07:50,1154
2020-06-15 07:55,1151
2020-06-15 08:00,1170
2020-06-15 08:05,1190
2020-06-15 08:10,1204
2020-06-15 08:15,1217
2020-06-15 08:20,1214
2020-06-15 08:25,1221
2020-06-15 08:30,1234
2020-06-15 08:35,1252
2020-06-15 08:40,1255
2020-06-15 08:45,1257
2020-06-15 08:50,1238
2020-06-15 08:55,1269
2020-06-15 09:00,1289
2020-06-15 09:05,1300
2020-06-15 09:10,1319
2020-06-15 09:15,1317
2020-06-15 09:20,1327
2020-06-15 09:25,1339
2020-06-15 09:30,1337
2020-06-15 09:35,1336
2020-06-15 09:40,1350
2020-06-15 09:45,1349
2020-06-15 09:50,1362
2020-06-15 09:55,1366
2020-06-15 10:00,1400
2020-06-15 10:05,1438
2020-06-15 10:10,1458
2020-06-15 10:15,1498
2020-06-15 10:20,1512
2020-06-15 10:25,1544
2020-06-15 10:30,1561
2020-06-15 10:35,1580
2020-06-15 10:40,1627
2020-06-15 10:45,1643
2020-06-15 10:50,1660
2020-06-15 10:55,1654
2020-06-15 11:00,1655
2020-06-15 11:05,1648
2020-06-15 11:10,1668
2020-06-15 11:15,1656
2020-06-15 11:20,1675
2020-06-15 11:25,1706
2020-06-15 11:30,1704
2020-06-15 11:35,1720
2020-06-15 11:40,1725
2020-06-15 11:45,1735
2020-06-15 11:50,1737
2020-06-15 11:55,1738
2020-06-15 12:00,1738
2020-06-15 12:05,1740
2020-06-15 12:10,1752
2020-06-15 12:15,1775
2020-06-15 12:20,1780
2020-06-15 12:25,1781
2020-06-15 12:30,1795
2020-06-15 12:35,1812
2020-06-15 12:40,1827
2020-06-15 12:45,1824
2020-06-15 12:50,1834
2020-06-15 12:55,1864
2020-06-15 13:00,1858
2020-06-15 13:05,1869
2020-06-15 13:10,1873
2020-06-15 13:15,1893
2020-06-15 13:20,1905
2020-06-15 13:25,1902
2020-06-15 13:30,1913
2020-06-15 13:35,1938
2020-06-15 13:40,1950
2020-06-15 13:45,1959
2020-06-15 13:50,1976
2020-06-15 13:55,1975
2020-06-15 14:00,1994
2020-06-15 14:05,2014
2020-06-15 14:10,2034
2020-06-15 14:15,2059
2020-06-15 14:20,2085
2020-06-15 14:25,2112
2020-06-15 14:30,2120
2020-06-15 14:35,2126
2020-06-15 14:40,2129
2020-06-15 14:45,2148
2020-06-15 14:50,2160
2020-06-15 14:55,2160
2020-06-15 15:00,2164
2020-06-15 15:05,2160
2020-06-15 15:10,2159
2020-06-15 15:15,2187
2020-06-15 15:20,2182
2020-06-15 15:25,2192
2020-06-15 15:30,2221
2020-06-15 15:35,2259
2020-06-15 15:40,2262
2020-06-15 15:45,2268
2020-06-15 15:50,2284
2020-06-15 15:55,2309
2020-06-15 16:00,2319
2020-06-15 16:05,2339
2020-06-15 16:10,2371
2020-06-15 16:15,2400
2020-06-15 16:20,2415
2020-06-15 16:25,2424
2020-06-15 16:30,2453
2020-06-15 16:35,2463
2020-06-15 16:40,2477
2020-06-15 16:45,2514
2020-06-15 16:50,2507
2020-06-15 16:55,2520
2020-06-15 17:00,2535
2020-06-15 17:05,2542
2020-06-15 17:10,2545
2020-06-15 17:15,2558
2020-06-15 17:20,2602
2020-06-15 17:25,2604
2020-06-15 17:30,2652
2020-06-15 17:35,2636
2020-06-15 17:40,2005
2020-06-15 17:45,2437
2020-06-15 17:50,2607
2020-06-15 17:55,2638
2020-06-15 18:00,2651
2020-06-15 18:05,2669
2020-06-15 18:10,2664
2020-06-15 18:15,2681
2020-06-15 18:20,2689
2020-06-15 18:25,2678
2020-06-15 18:30,2697
2020-06-15 18:35,2708
2020-06-15 18:40,2742
2020-06-15 18:45,2760
2020-06-15 18:50,2773
2020-06-15 18:55,2772
2020-06-15 19:00,2747
2020-06-15 19:05,2747
2020-06-15 19:10,2730
2020-06-15 19:15,2711
2020-06-15 19:20,2716
2020-06-15 19:25,2712
2020-06-15 19:30,2711
2020-06-15 19:35,2706
2020-06-15 19:40,2697
2020-06-15 19:45,2716
2020-06-15 19:50,2715
2020-06-15 19:55,2704
2020-06-15 20:00,2718
2020-06-15 20:05,2694
2020-06-15 20:10,2666
2020-06-15 20:15,2682
2020-06-15 20:20,2674
2020-06-15 20:25,2647
2020-06-15 20:30,2643
2020-06-15 20:35,2647
2020-06-15 20:40,2642
2020-06-15 20:45,2628
2020-06-15 20:50,2614
2020-06-15 20:55,2573
2020-06-15 21:00,2552
2020-06-15 21:05,2528
2020-06-15 21:10,2482
2020-06-15 21:15,2442
2020-06-15 21:20,2445
2020-06-15 21:25,2446
2020-06-15 21:30,2421
2020-06-15 21:35,2397
2020-06-15 21:40,2366
2020-06-15 21:45,2358
2020-06-15 21:50,2309
2020-06-15 21:55,2290
2020-06-15 22:00,2236
2020-06-15 22:05,2220
2020-06-15 22:10,2194
2020-06-15 22:15,2156
2020-06-15 22:20,2156
2020-06-15 22:25,2087
2020-06-15 22:30,2085
2020-06-15 22:35,2073
2020-06-15 22:40,2073
2020-06-15 22:45,2002
2020-06-15 22:50,2012
2020-06-15 22:55,2009
2020-06-15 23:00,2019
2020-06-15 23:05,2022
2020-06-15 23:10,2013
2020-06-15 23:15,2022
2020-06-15 23:20,2021
2020-06-15 23:25,2002
2020-06-15 23:30,1980
2020-06-15 23:35,1973
2020-06-15 23:40,1968
2020-06-15 23:45,1963
2020-06-15 23:50,1962
2020-06-15 23:55,1963
2020-06-16 00:00,1942
2020-06-16 00:05,1933
2020-06-16 00:10,1938
2020-06-16 00:15,1924
2020-06-16 00:20,1916
2020-06-16 00:25,1924
2020-06-16 00:30,1917
2020-06-16 00:35,1903
2020-06-16 00:40,1896
2020-06-16 00:45,1900
2020-06-16 00:50,1901
2020-06-16 00:55,1898
2020-06-16 01:00,1872
2020-06-16 01:05,1857
2020-06-16 01:10,1832
2020-06-16 01:15,1803
2020-06-16 01:20,1788
2020-06-16 01:25,1760
2020-06-16 01:30,1732
2020-06-16 01:35,1737
2020-06-16 01:40,1710
2020-06-16 01:45,1690
2020-06-16 01:50,1688
2020-06-16 01:55,1701
2020-06-16 02:00,1682
2020-06-16 02:05,1690
2020-06-16 02:10,1661
2020-06-16 02:15,1652
2020-06-16 02:20,1645
2020-06-16 02:25,1634
2020-06-16 02:30,1644
2020-06-16 02:35,1616
2020-06-16 02:40,1596
2020-06-16 02:45,1578
2020-06-16 02:50,1567
2020-06-16 02:55,1551
2020-06-16 03:00,1530
2020-06-16 03:05,1510
2020-06-16 03:10,1489
2020-06-16 03:15,1480
2020-06-16 03:20,1481
2020-06-16 03:25,1476
2020-06-16 03:30,1473
2020-06-16 03:35,1456
2020-06-16 03:40,1433
2020-06-16 03:45,1419
2020-06-16 03:50,1391
2020-06-16 03:55,1396
2020-06-16 04:00,1374
2020-06-16 04:05,1365
2020-06-16 04:10,1363
2020-06-16 04:15,1356
2020-06-16 04:20,1339
2020-06-16 04:25,1314
2020-06-16 04:30,1317
2020-06-16 04:35,1325
2020-06-16 04:40,1312
2020-06-16 04:45,1317
2020-06-16 04:50,1307
2020-06-16 04:55,1259
2020-06-16 05:00,1269
2020-06-16 05:05,1273
2020-06-16 05:10,1256
2020-06-16 05:15,1256
2020-06-16 05:20,1237
2020-06-16 05:25,1240
2020-06-16 05:30,1229
2020-06-16 05:35,1216
2020-06-16 05:40,1193
2020-06-16 05:45,1173
2020-06-16 05:50,1172
2020-06-16 05:55,1186
2020-06-16 06:00,1180
2020-06-16 06:05,1174
2020-06-16 06:10,1151
2020-06-16 06:15,1144
2020-06-16 06:20,1135
2020-06-16 06:25,1121
2020-06-16 06:30,1138
2020-06-16 06:35,1152
2020-06-16 06:40,1158
2020-06-16 06:45,1153
2020-06-16 06:50,1147
2020-06-16 06:55,1158
2020-06-16 07:00,1150
2020-06-16 07:05,1151
2020-06-16 07:10,1158
2020-06-16 07:15,1173
2020-06-16 07:20,1172
2020-06-16 07:25,1192
2020-06-16 07:30,1201
2020-06-16 07:35,1188
2020-06-16 07:40,1203
2020-06-16 07:45,1220
2020-06-16 07:50,1227
2020-06-16 07:55,1222
2020-06-16 08:00,1232
2020-06-16 08:05,1227
2020-06-16 08:10,1227
2020-06-16 08:15,1216
2020-06-16 08:20,1217
2020-06-16 08:25,1224
2020-06-16 08:30,1227
2020-06-16 08:35,1221
2020-06-16 08:40,1224
2020-06-16 08:45,1240
2020-06-16 08:50,1255
2020-06-16 08:55,1271
2020-06-16 09:00,1267
2020-06-16 09:05,1279
2020-06-16 09:10,1299
2020-06-16 09:15,1301
2020-06-16 09:20,1325
2020-06-16 09:25,1304
2020-06-16 09:30,1331
2020-06-16 09:35,1342
2020-06-16 09:40,1345
2020-06-16 09:45,1351
2020-06-16 09:50,1355
2020-06-16 09:55,1361
2020-06-16 10:00,1390
2020-06-16 10:05,1420
2020-06-16 10:10,1430
2020-06-16 10:15,1449
2020-06-16 10:20,1473
2020-06-16 10:25,1482
2020-06-16 10:30,1494
2020-06-16 10:35,
2020-06-16 10:40,
2020-06-16 10:45,1545
2020-06-16 10:50,1557
2020-06-16 10:55,1549
2020-06-16 11:00,1570
2020-06-16 11:05,1577
2020-06-16 11:10,1579
2020-06-16 11:15,1576
2020-06-16 11:20,1588
2020-06-16 11:25,1589
2020-06-16 11:30,1581
2020-06-16 11:35,1589
2020-06-16 11:40,1623
2020-06-16 11:45,1643
2020-06-16 11:50,1652
2020-06-16 11:55,1647
2020-06-16 12:00,1666
2020-06-16 12:05,1660
2020-06-16 12:10,1655
2020-06-16 12:15,1661
2020-06-16 12:20,1692
2020-06-16 12:25,1702
2020-06-16 12:30,1728
2020-06-16 12:35,1739
2020-06-16 12:40,1749
2020-06-16 12:45,1765
2020-06-16 12:50,1793
2020-06-16 12:55,1770
2020-06-16 13:00,1792
2020-06-16 13:05,1806
2020-06-16 13:10,1815
2020-06-16 13:15,1839
2020-06-16 13:20,1843
2020-06-16 13:25,1842
2020-06-16 13:30,1850
2020-06-16 13:35,1868
2020-06-16 13:40,1882
2020-06-16 13:45,1889
2020-06-16 13:50,1916
2020-06-16 13:55,1922
2020-06-16 14:00,1937
2020-06-16 14:05,1944
2020-06-16 14:10,1955
2020-06-16 14:15,1961
2020-06-16 14:20,1965
2020-06-16 14:25,1982
2020-06-16 14:30,1982
2020-06-16 14:35,1990
2020-06-16 14:40,1994
2020-06-16 14:45,1995
2020-06-16 14:50,1985
2020-06-16 14:55,2011
2020-06-16 15:00,2039
2020-06-16 15:05,2036
2020-06-16 15:10,2065
2020-06-16 15:15,2071
2020-06-16 15:20,2088
2020-06-16 15:25,2082
2020-06-16 15:30,2111
2020-06-16 15:35,2121
2020-06-16 15:40,2135
2020-06-16 15:45,2147
2020-06-16 15:50,2169
2020-06-16 15:55,2195
2020-06-16 16:00,2186
2020-06-16 16:05,2204
2020-06-16 16:10,2230
2020-06-16 16:15,2254
2020-06-16 16:20,2254
2020-06-16 16:25,2271
2020-06-16 16:30,2296
2020-06-16 16:35,2300
2020-06-16 16:40,2309
2020-06-16 16:45,2306
2020-06-16 16:50,2304
2020-06-16 16:55,2333
2020-06-16 17:00,2362
2020-06-16 17:05,2359
2020-06-16 17:10,2373
2020-06-16 17:15,2382
2020-06-16 17:20,2398
2020-06-16 17:25,2406
2020-06-16 17:30,2432
2020-06-16 17:35,2469
2020-06-16 17:40,2498
2020-06-16 17:45,2527
2020-06-16 17:50,2544
2020-06-16 17:55,2530
2020-06-16 18:00,2554
2020-06-16 18:05,2564
2020-06-16 18:10,2575
2020-06-16 18:15,2565
2020-06-16 18:20,2536
2020-06-16 18:25,2531
2020-06-16 18:30,2543
2020-06-16 18:35,2552
2020-06-16 18:40,2552
2020-06-16 18:45,2568
2020-06-16 18:50,2594
2020-06-16 18:55,2590
2020-06-16 19:00,2586
2020-06-16 19:05,2584
2020-06-16 19:10,2584
2020-06-16 19:15,2583
2020-06-16 19:20,2570
2020-06-16 19:25,2586
2020-06-16 19:30,2596
2020-06-16 19:35,2583
2020-06-16 19:40,2597
2020-06-16 19:45,2575
2020-06-16 19:50,2570
2020-06-16 19:55,2557
2020-06-16 20:00,2556
2020-06-16 20:05,2555
2020-06-16 20:10,2546
2020-06-16 20:15,2536
2020-06-16 20:20,2511
2020-06-16 20:25,2511
2020-06-16 20:30,2500
2020-06-16 20:35,2492
2020-06-16 20:40,2485
2020-06-16 20:45,2469
2020-06-16 20:50,2439
2020-06-16 20:55,2415
2020-06-16 21:00,2423
2020-06-16 21:05,2395
2020-06-16 21:10,2372
2020-06-16 21:15,2347
2020-06-16 21:20,2336
2020-06-16 21:25,2286
2020-06-16 21:30,2243
2020-06-16 21:35,2224
2020-06-16 21:40,2212
2020-06-16 21:45,2205
2020-06-16 21:50,2185
2020-06-16 21:55,2182
2020-06-16 22:00,2146
2020-06-16 22:05,2124
2020-06-16 22:10,2111
2020-06-16 22:15,2089
2020-06-16 22:20,2085
2020-06-16 22:25,2040
2020-06-16 22:30,2024
2020-06-16 22:35,1980
2020-06-16 22:40,0
2020-06-16 22:45,680
2020-06-16 22:50,
2020-06-16 22:55,
2020-06-16 23:00,
2020-06-16 23:05,0
2020-06-16 23:10,0
2020-06-16 23:15,885
2020-06-16 23:20,1361
2020-06-16 23:25,1704
2020-06-16 23:30,1861
2020-06-16 23:35,1873
2020-06-16 23:40,1845
2020-06-16 23:45,1838
2020-06-16 23:50,1815
2020-06-16 23:55,1823
2020-06-17 00:00,1810
2020-06-17 00:05,1804
2020-06-17 00:10,1783
2020-06-17 00:15,1776
2020-06-17 00:20,1765
2020-06-17 00:25,1780
2020-06-17 00:30,1761
2020-06-17 00:35,1743
2020-06-17 00:40,1737
2020-06-17 00:45,1742
2020-06-17 00:50,1736
2020-06-17 00:55,1727
2020-06-17 01:00,1729
2020-06-17 01:05,1736
2020-06-17 01:10,1748
2020-06-17 01:15,1744
2020-06-17 01:20,1733
2020-06-17 01:25,1711
2020-06-17 01:30,1710
2020-06-17 01:35,1674
2020-06-17 01:40,1667
2020-06-17 01:45,1666
2020-06-17 01:50,1654
2020-06-17 01:55,1651
2020-06-17 02:00,1662
2020-06-17 02:05,1646
2020-06-17 02:10,1634
2020-06-17 02:15,1626
2020-06-17 02:20,1620
2020-06-17 02:25,1612
2020-06-17 02:30,1599
2020-06-17 02:35,1598
2020-06-17 02:40,1571
2020-06-17 02:45,1550
2020-06-17 02:50,1538
2020-06-17 02:55,1545
2020-06-17 03:00,1539
2020-06-17 03:05,1519
2020-06-17 03:10,1519
2020-06-17 03:15,1527
2020-06-17 03:20,1523
2020-06-17 03:25,1492
2020-06-17 03:30,1474
2020-06-17 03:35,1453
2020-06-17 03:40,1449
2020-06-17 03:45,1435
2020-06-17 03:50,1423
2020-06-17 03:55,1411
2020-06-17 04:00,1392
2020-06-17 04:05,1374
2020-06-17 04:10,1358
2020-06-17 04:15,1337
2020-06-17 04:20,1330
2020-06-17 04:25,1330
2020-06-17 04:30,1322
2020-06-17 04:35,1317
2020-06-17 04:40,1308
2020-06-17 04:45,1288
2020-06-17 04:50,1265
2020-06-17 04:55,1231
2020-06-17 05:00,1220
2020-06-17 05:05,1203
2020-06-17 05:10,1178
2020-06-17 05:15,1159
2020-06-17 05:20,1164
2020-06-17 05:25,1162
2020-06-17 05:30,1146
2020-06-17 05:35,1141
2020-06-17 05:40,1150
2020-06-17 05:45,1137
2020-06-17 05:50,1137
2020-06-17 05:55,1147
2020-06-17 06:00,1129
2020-06-17 06:05,1106
2020-06-17 06:10,1093
2020-06-17 06:15,1108
2020-06-17 06:20,1109
2020-06-17 06:25,1109
2020-06-17 06:30,1124
2020-06-17 06:35,1106
2020-06-17 06:40,1098
2020-06-17 06:45,1111
2020-06-17 06:50,1100
2020-06-17 06:55,1109
2020-06-17 07:00,1116
2020-06-17 07:05,1109
2020-06-17 07:10,1119
2020-06-17 07:15,1120
2020-06-17 07:20,1128
2020-06-17 07:25,1123
2020-06-17 07:30,1123
2020-06-17 07:35,1129
2020-06-17 07:40,1134
2020-06-17 07:45,1133
2020-06-17 07:50,1124
2020-06-17 07:55,1144
2020-06-17 08:00,1132
2020-06-17 08:05,1123
2020-06-17 08:10,1127
2020-06-17 08:15,1137
2020-06-17 08:20,1149
2020-06-17 08:25,1152
2020-06-17 08:30,1168
2020-06-17 08:35,1181
2020-06-17 08:40,1185
2020-06-17 08:45,1206
2020-06-17 08:50,1218
2020-06-17 08:55,1243
2020-06-17 09:00,1251
2020-06-17 09:05,1265
2020-06-17 09:10,1275
2020-06-17 09:15,1286
2020-06-17 09:20,1304
2020-06-17 09:25,1313
2020-06-17 09:30,1324
2020-06-17 09:35,1321
2020-06-17 09:40,1334
2020-06-17 09:45,1342
2020-06-17 09:50,1341
2020-06-17 09:55,1358
2020-06-17 10:00,1353
2020-06-17 10:05,1375
2020-06-17 10:10,1429
2020-06-17 10:15,1426
2020-06-17 10:20,1422
2020-06-17 10:25,1463
2020-06-17 10:30,1472
2020-06-17 10:35,1495
2020-06-17 10:40,1507
2020-06-17 10:45,1508
2020-06-17 10:50,1526
2020-06-17 10:55,1540
2020-06-17 11:00,1553
2020-06-17 11:05,1567
2020-06-17 11:10,1563
2020-06-17 11:15,1568
2020-06-17 11:20,1575
2020-06-17 11:25,1586
2020-06-17 11:30,1580
2020-06-17 11:35,1580
2020-06-17 11:40,1606
2020-06-17 11:45,1641
2020-06-17 11:50,1646
2020-06-17 11:55,1643
2020-06-17 12:00,1671
2020-06-17 12:05,
2020-06-17 12:10,
2020-06-17 12:15,
2020-06-17 12:20,
2020-06-17 12:25,
2020-06-17 12:30,
2020-06-17 12:35,
2020-06-17 12:40,
2020-06-17 12:45,
2020-06-17 12:50,
2020-06-17 12:55,
2020-06-17 13:00,
2020-06-17 13:05,
2020-06-17 13:10,
2020-06-17 13:15,
2020-06-17 13:20,
2020-06-17 13:25,
2020-06-17 13:30,
2020-06-17 13:35,
2020-06-17 13:40,
2020-06-17 13:45,
2020-06-17 13:50,
2020-06-17 13:55,
2020-06-17 14:00,
2020-06-17 14:05,
2020-06-17 14:10,
2020-06-17 14:15,
2020-06-17 14:20,
2020-06-17 14:25,
2020-06-17 14:30,
2020-06-17 14:35,
2020-06-17 14:40,
2020-06-17 14:45,
2020-06-17 14:50,
2020-06-17 14:55,
2020-06-17 15:00,
2020-06-17 15:05,
2020-06-17 15:10,
2020-06-17 15:15,
2020-06-17 15:20,
2020-06-17 15:25,
2020-06-17 15:30,
2020-06-17 15:35,
2020-06-17 15:40,
2020-06-17 15:45,
2020-06-17 15:50,2228
2020-06-17 15:55,2247
2020-06-17 16:00,2231
2020-06-17 16:05,2237
2020-06-17 16:10,2255
2020-06-17 16:15,2270
2020-06-17 16:20,2291
2020-06-17 16:25,2313
2020-06-17 16:30,2314
2020-06-17 16:35,2343
2020-06-17 16:40,2354
2020-06-17 16:45,2377
2020-06-17 16:50,2377
2020-06-17 16:55,2394
2020-06-17 17:00,2385
2020-06-17 17:05,2417
2020-06-17 17:10,2431
2020-06-17 17:15,2426
2020-06-17 17:20,2456
2020-06-17 17:25,2455
2020-06-17 17:30,2477
2020-06-17 17:35,2502
2020-06-17 17:40,2511
2020-06-17 17:45,2522
2020-06-17 17:50,2545
2020-06-17 17:55,2564
2020-06-17 18:00,2557
2020-06-17 18:05,2559
2020-06-17 18:10,2536
2020-06-17 18:15,2543
2020-06-17 18:20,2570
2020-06-17 18:25,2557
2020-06-17 18:30,2566
2020-06-17 18:35,2572
2020-06-17 18:40,2580
2020-06-17 18:45,2588
2020-06-17 18:50,2561
2020-06-17 18:55,2554
2020-06-17 19:00,2556
2020-06-17 19:05,2542
2020-06-17 19:10,2547
2020-06-17 19:15,2539
2020-06-17 19:20,2541
2020-06-17 19:25,2526
2020-06-17 19:30,2510
2020-06-17 19:35,2496
2020-06-17 19:40,2517
2020-06-17 19:45,2518
2020-06-17 19:50,2507
2020-06-17 19:55,2511
2020-06-17 20:00,2500
2020-06-17 20:05,2490
2020-06-17 20:10,2485
2020-06-17 20:15,2473
2020-06-17 20:20,2467
2020-06-17 20:25,2478
2020-06-17 20:30,2455
2020-06-17 20:35,2457
2020-06-17 20:40,2438
2020-06-17 20:45,2447
2020-06-17 20:50,2447
2020-06-17 20:55,2431
2020-06-17 21:00,2407
2020-06-17 21:05,2398
2020-06-17 21:10,2393
2020-06-17 21:15,2375
2020-06-17 21:20,2357
2020-06-17 21:25,2340
2020-06-17 21:30,2322
2020-06-17 21:35,2303
2020-06-17 21:40,2304
2020-06-17 21:45,2271
2020-06-17 21:50,2242
2020-06-17 21:55,2203
2020-06-17 22:00,2202
2020-06-17 22:05,2165
2020-06-17 22:10,2126
2020-06-17 22:15,2119
2020-06-17 22:20,2107
2020-06-17 22:25,2095
2020-06-17 22:30,2068
2020-06-17 22:35,2045
2020-06-17 22:40,2039
2020-06-17 22:45,2012
2020-06-17 22:50,2004
2020-06-17 22:55,1973
2020-06-17 23:00,1981
2020-06-17 23:05,1968
2020-06-17 23:10,1961
2020-06-17 23:15,1957
2020-06-17 23:20,1936
2020-06-17 23:25,1931
2020-06-17 23:30,1920
2020-06-17 23:35,1897
2020-06-17 23:40,1883
2020-06-17 23:45,1866
2020-06-17 23:50,1864
2020-06-17 23:55,1865
2020-06-18 00:00,1836
2020-06-18 00:05,1805
2020-06-18 00:10,1800
2020-06-18 00:15,1798
2020-06-18 00:20,1786
2020-06-18 00:25,1766
2020-06-18 00:30,1751
2020-06-18 00:35,1742
2020-06-18 00:40,1731
2020-06-18 00:45,1741
2020-06-18 00:50,1751
2020-06-18 00:55,1743
2020-06-18 01:00,1738
2020-06-18 01:05,1722
2020-06-18 01:10,1729
2020-06-18 01:15,1711
2020-06-18 01:20,1696
2020-06-18 01:25,1689
2020-06-18 01:30,1675
2020-06-18 01:35,1667
2020-06-18 01:40,1647
2020-06-18 01:45,1655
2020-06-18 01:50,1661
2020-06-18 01:55,1665
2020-06-18 02:00,1647
2020-06-18 02:05,1620
2020-06-18 02:10,1611
2020-06-18 02:15,1599
2020-06-18 02:20,1592
2020-06-18 02:25,1585
2020-06-18 02:30,1568
2020-06-18 02:35,1550
2020-06-18 02:40,1540
2020-06-18 02:45,1511
2020-06-18 02:50,1522
2020-06-18 02:55,1504
2020-06-18 03:00,1506
2020-06-18 03:05,1478
2020-06-18 03:10,1482
2020-06-18 03:15,1476
2020-06-18 03:20,1452
2020-06-18 03:25,1445
2020-06-18 03:30,1428
2020-06-18 03:35,1418
2020-06-18 03:40,1395
2020-06-18 03:45,1383
2020-06-18 03:50,1368
2020-06-18 03:55,1346
2020-06-18 04:00,1348
2020-06-18 04:05,1347
2020-06-18 04:10,1333
2020-06-18 04:15,1325
2020-06-18 04:20,1316
2020-06-18 04:25,1303
2020-06-18 04:30,1290
2020-06-18 04:35,1267
2020-06-18 04:40,1272
2020-06-18 04:45,1272
2020-06-18 04:50,1268
2020-06-18 04:55,1267
2020-06-18 05:00,1241
2020-06-18 05:05,1222
2020-06-18 05:10,1207
2020-06-18 05:15,1209
2020-06-18 05:20,1189
2020-06-18 05:25,1178
2020-06-18 05:30,1164
2020-06-18 05:35,1159
2020-06-18 05:40,1148
2020-06-18 05:45,1154
2020-06-18 05:50,1152
2020-06-18 05:55,1152
2020-06-18 06:00,1157
2020-06-18 06:05,1142
2020-06-18 06:10,1141
2020-06-18 06:15,1129
2020-06-18 06:20,1124
2020-06-18 06:25,1119
2020-06-18 06:30,1104
2020-06-18 06:35,1118
2020-06-18 06:40,1120
2020-06-18 06:45,1130
2020-06-18 06:50,1120
2020-06-18 06:55,1116
2020-06-18 07:00,1098
2020-06-18 07:05,1104
2020-06-18 07:10,1109
2020-06-18 07:15,1098
2020-06-18 07:20,1116
2020-06-18 07:25,1134
2020-06-18 07:30,1130
2020-06-18 07:35,1147
2020-06-18 07:40,1133
2020-06-18 07:45,1136
2020-06-18 07:50,1131
2020-06-18 07:55,1128
2020-06-18 08:00,1121
2020-06-18 08:05,1136
2020-06-18 08:10,1116
2020-06-18 08:15,1128
2020-06-18 08:20,1137
2020-06-18 08:25,1147
2020-06-18 08:30,1152
2020-06-18 08:35,1174
2020-06-18 08:40,1189
2020-06-18 08:45,1191
2020-06-18 08:50,1199
2020-06-18 08:55,1213
2020-06-18 09:00,1200
2020-06-18 09:05,1214
2020-06-18 09:10,1227
2020-06-18 09:15,1224
2020-06-18 09:20,1226
2020-06-18 09:25,1224
2020-06-18 09:30,1234
2020-06-18 09:35,1242
2020-06-18 09:40,1239
2020-06-18 09:45,1262
2020-06-18 09:50,1277
2020-06-18 09:55,1272
2020-06-18 10:00,1294
2020-06-18 10:05,1326
2020-06-18 10:10,1333
2020-06-18 10:15,1358
2020-06-18 10:20,1398
2020-06-18 10:25,1411
2020-06-18 10:30,1431
2020-06-18 10:35,1431
2020-06-18 10:40,1446
2020-06-18 10:45,1469
2020-06-18 10:50,1493
2020-06-18 10:55,1530
2020-06-18 11:00,1542
2020-06-18 11:05,1563
2020-06-18 11:10,1582
2020-06-18 11:15,1582
2020-06-18 11:20,1596
2020-06-18 11:25,1612
2020-06-18 11:30,1617
2020-06-18 11:35,1635
2020-06-18 11:40,1658
2020-06-18 11:45,1667
2020-06-18 11:50,1679
2020-06-18 11:55,1676
2020-06-18 12:00,1669
2020-06-18 12:05,1677
2020-06-18 12:10,1675
2020-06-18 12:15,1715
2020-06-18 12:20,1729
2020-06-18 12:25,1731
2020-06-18 12:30,1752
2020-06-18 12:35,1762
2020-06-18 12:40,1765
2020-06-18 12:45,1771
2020-06-18 12:50,1767
2020-06-18 12:55,1790
2020-06-18 13:00,1796
2020-06-18 13:05,1790
2020-06-18 13:10,1787
2020-06-18 13:15,1806
2020-06-18 13:20,1814
2020-06-18 13:25,1807
2020-06-18 13:30,1826
2020-06-18 13:35,1846
2020-06-18 13:40,1827
2020-06-18 13:45,1813
2020-06-18 13:50,1798
2020-06-18 13:55,1708
2020-06-18 14:00,1606
2020-06-18 14:05,1318
2020-06-18 14:10,946
2020-06-18 14:15,939
2020-06-18 14:20,906
2020-06-18 14:25,923
2020-06-18 14:30,904
2020-06-18 14:35,909
2020-06-18 14:40,925
2020-06-18 14:45,923
2020-06-18 14:50,925
2020-06-18 14:55,939
2020-06-18 15:00,952
2020-06-18 15:05,978
2020-06-18 15:10,986
2020-06-18 15:15,1003
2020-06-18 15:20,1132
2020-06-18 15:25,1238
2020-06-18 15:30,1353
2020-06-18 15:35,1452
2020-06-18 15:40,1553
2020-06-18 15:45,1648
2020-06-18 15:50,1717
2020-06-18 15:55,1805
2020-06-18 16:00,1859
2020-06-18 16:05,1942
2020-06-18 16:10,2035
2020-06-18 16:15,2098
2020-06-18 16:20,2131
2020-06-18 16:25,2212
2020-06-18 16:30,2263
2020-06-18 16:35,2315
2020-06-18 16:40,2358
2020-06-18 16:45,2409
2020-06-18 16:50,2445
2020-06-18 16:55,2502
2020-06-18 17:00,2531
2020-06-18 17:05,2558
2020-06-18 17:10,2618
2020-06-18 17:15,2626
2020-06-18 17:20,2657
2020-06-18 17:25,2708
2020-06-18 17:30,2756
2020-06-18 17:35,2777
2020-06-18 17:40,2794
2020-06-18 17:45,2828
2020-06-18 17:50,2850
2020-06-18 17:55,2866
2020-06-18 18:00,2870
2020-06-18 18:05,2867
2020-06-18 18:10,2871
2020-06-18 18:15,2875
2020-06-18 18:20,2917
2020-06-18 18:25,2918
2020-06-18 18:30,2965
2020-06-18 18:35,2982
2020-06-18 18:40,2983
2020-06-18 18:45,2984
2020-06-18 18:50,2963
2020-06-18 18:55,2972
2020-06-18 19:00,2955
2020-06-18 19:05,2976
2020-06-18 19:10,2968
2020-06-18 19:15,2962
2020-06-18 19:20,2958
2020-06-18 19:25,2970
2020-06-18 19:30,2964
2020-06-18 19:35,2959
2020-06-18 19:40,2971
2020-06-18 19:45,2971
2020-06-18 19:50,2961
2020-06-18 19:55,2954
2020-06-18 20:00,2928
2020-06-18 20:05,2916
2020-06-18 20:10,2895
2020-06-18 20:15,2871
2020-06-18 20:20,2858
2020-06-18 20:25,2861
2020-06-18 20:30,2852
2020-06-18 20:35,2828
2020-06-18 20:40,2805
2020-06-18 20:45,2795
2020-06-18 20:50,2736
2020-06-18 20:55,2746
2020-06-18 21:00,2722
2020-06-18 21:05,2709
2020-06-18 21:10,2696
2020-06-18 21:15,2678
2020-06-18 21:20,2661
2020-06-18 21:25,2631
2020-06-18 21:30,2605
2020-06-18 21:35,2574
2020-06-18 21:40,2566
2020-06-18 21:45,2536
2020-06-18 21:50,2532
2020-06-18 21:55,2495
2020-06-18 22:00,2487
2020-06-18 22:05,2492
2020-06-18 22:10,2452
2020-06-18 22:15,2411
2020-06-18 22:20,2366
2020-06-18 22:25,2352
2020-06-18 22:30,2327
2020-06-18 22:35,2284
2020-06-18 22:40,2262
2020-06-18 22:45,2253
2020-06-18 22:50,2242
2020-06-18 22:55,2244
2020-06-18 23:00,2209
2020-06-18 23:05,2191
2020-06-18 23:10,2173
2020-06-18 23:15,2166
2020-06-18 23:20,2145
2020-06-18 23:25,2114
2020-06-18 23:30,2112
2020-06-18 23:35,2106
2020-06-18 23:40,2097
2020-06-18 23:45,2110
2020-06-18 23:50,2070
2020-06-18 23:55,2045
2020-06-19 00:00,2034
2020-06-19 00:05,2028
2020-06-19 00:10,1969
2020-06-19 00:15,1959
2020-06-19 00:20,1963
2020-06-19 00:25,1968
2020-06-19 00:30,1969
2020-06-19 00:35,1969
2020-06-19 00:40,1958
2020-06-19 00:45,1949
2020-06-19 00:50,1943
2020-06-19 00:55,1948
2020-06-19 01:00,1940
2020-06-19 01:05,1933
2020-06-19 01:10,1924
2020-06-19 01:15,1911
2020-06-19 01:20,1911
2020-06-19 01:25,1907
2020-06-19 01:30,1900
2020-06-19 01:35,1867
2020-06-19 01:40,1866
2020-06-19 01:45,1866
2020-06-19 01:50,1870
2020-06-19 01:55,1848
2020-06-19 02:00,1829
2020-06-19 02:05,1824
2020-06-19 02:10,1818
2020-06-19 02:15,1810
2020-06-19 02:20,1775
2020-06-19 02:25,1773
2020-06-19 02:30,1776
2020-06-19 02:35,1742
2020-06-19 02:40,1721
2020-06-19 02:45,1726
2020-06-19 02:50,1717
2020-06-19 02:55,1716
2020-06-19 03:00,1705
2020-06-19 03:05,1707
2020-06-19 03:10,1691
2020-06-19 03:15,1679
2020-06-19 03:20,1664
2020-06-19 03:25,1648
2020-06-19 03:30,1641
2020-06-19 03:35,1621
2020-06-19 03:40,1611
2020-06-19 03:45,1613
2020-06-19 03:50,1586
2020-06-19 03:55,1580
2020-06-19 04:00,1570
2020-06-19 04:05,1543
2020-06-19 04:10,1534
2020-06-19 04:15,1524
2020-06-19 04:20,1498
2020-06-19 04:25,1482
2020-06-19 04:30,1467
2020-06-19 04:35,1461
2020-06-19 04:40,1444
2020-06-19 04:45,1435
2020-06-19 04:50,1424
2020-06-19 04:55,1415
2020-06-19 05:00,1399
2020-06-19 05:05,1386
2020-06-19 05:10,1385
2020-06-19 05:15,1376
2020-06-19 05:20,1357
2020-06-19 05:25,1338
2020-06-19 05:30,1333
2020-06-19 05:35,1324
2020-06-19 05:40,1317
2020-06-19 05:45,1319
2020-06-19 05:50,1320
2020-06-19 05:55,1319
2020-06-19 06:00,1316
2020-06-19 06:05,1312
2020-06-19 06:10,1335
2020-06-19 06:15,1339
2020-06-19 06:20,1343
2020-06-19 06:25,1339
2020-06-19 06:30,1327
2020-06-19 06:35,1322
2020-06-19 06:40,1313
2020-06-19 06:45,1327
2020-06-19 06:50,1318
2020-06-19 06:55,1326
2020-06-19 07:00,1333
2020-06-19 07:05,1322
2020-06-19 07:10,1321
2020-06-19 07:15,1336
2020-06-19 07:20,1330
2020-06-19 07:25,1342
2020-06-19 07:30,1347
2020-06-19 07:35,1352
2020-06-19 07:40,1349
2020-06-19 07:45,1361
2020-06-19 07:50,1359
2020-06-19 07:55,1374
2020-06-19 08:00,1386
2020-06-19 08:05,1385
2020-06-19 08:10,1381
2020-06-19 08:15,1388
2020-06-19 08:20,1405
2020-06-19 08:25,1419
2020-06-19 08:30,1423
2020-06-19 08:35,1418
2020-06-19 08:40,1446
2020-06-19 08:45,1449
2020-06-19 08:50,1465
2020-06-19 08:55,1470
2020-06-19 09:00,1504
2020-06-19 09:05,1492
2020-06-19 09:10,1490
2020-06-19 09:15,1502
2020-06-19 09:20,1516
2020-06-19 09:25,1537
2020-06-19 09:30,1539
2020-06-19 09:35,1541
2020-06-19 09:40,1539
2020-06-19 09:45,1581
2020-06-19 09:50,1591
2020-06-19 09:55,1597
2020-06-19 10:00,1616
2020-06-19 10:05,1645
2020-06-19 10:10,1697
2020-06-19 10:15,1713
2020-06-19 10:20,1722
2020-06-19 10:25,1731
2020-06-19 10:30,1755
2020-06-19 10:35,1754
2020-06-19 10:40,1781
2020-06-19 10:45,1781
2020-06-19 10:50,1792
2020-06-19 10:55,1798
2020-06-19 11:00,1806
2020-06-19 11:05,1798
2020-06-19 11:10,1837
2020-06-19 11:15,1850
2020-06-19 11:20,1864
2020-06-19 11:25,1858
2020-06-19 11:30,1854
2020-06-19 11:35,1861
2020-06-19 11:40,1874
2020-06-19 11:45,1898
2020-06-19 11:50,1901
2020-06-19 11:55,1906
2020-06-19 12:00,1959
2020-06-19 12:05,1973
2020-06-19 12:10,1988
2020-06-19 12:15,1992
2020-06-19 12:20,1988
2020-06-19 12:25,1979
2020-06-19 12:30,2015
2020-06-19 12:35,2028
2020-06-19 12:40,2034
2020-06-19 12:45,2052
2020-06-19 12:50,2063
2020-06-19 12:55,2061
2020-06-19 13:00,2074
2020-06-19 13:05,2098
2020-06-19 13:10,2109
2020-06-19 13:15,2115
2020-06-19 13:20,2146
2020-06-19 13:25,2169
2020-06-19 13:30,2177
2020-06-19 13:35,2191
2020-06-19 13:40,2203
2020-06-19 13:45,2197
2020-06-19 13:50,2216
2020-06-19 13:55,2210
2020-06-19 14:00,2243
2020-06-19 14:05,2249
2020-06-19 14:10,2260
2020-06-19 14:15,2277
2020-06-19 14:20,2273
2020-06-19 14:25,2296
2020-06-19 14:30,2294
2020-06-19 14:35,2331
2020-06-19 14:40,2355
2020-06-19 14:45,2360
2020-06-19 14:50,2379
2020-06-19 14:55,2388
2020-06-19 15:00,2403
2020-06-19 15:05,2393
2020-06-19 15:10,2393
2020-06-19 15:15,2407
2020-06-19 15:20,2430
2020-06-19 15:25,2449
2020-06-19 15:30,2433
2020-06-19 15:35,2429
2020-06-19 15:40,2455
2020-06-19 15:45,2460
2020-06-19 15:50,2476
2020-06-19 15:55,2480
2020-06-19 16:00,2490
2020-06-19 16:05,2508
2020-06-19 16:10,2506
2020-06-19 16:15,2535
2020-06-19 16:20,2552
2020-06-19 16:25,2550
2020-06-19 16:30,2590
2020-06-19 16:35,2616
2020-06-19 16:40,2638
2020-06-19 16:45,2654
2020-06-19 16:50,2641
2020-06-19 16:55,2659
2020-06-19 17:00,2654
2020-06-19 17:05,2675
2020-06-19 17:10,2684
2020-06-19 17:15,2675
2020-06-19 17:20,2688
2020-06-19 17:25,2702
2020-06-19 17:30,2704
2020-06-19 17:35,2726
2020-06-19 17:40,2721
2020-06-19 17:45,2704
2020-06-19 17:50,2690
2020-06-19 17:55,2724
2020-06-19 18:00,2731
2020-06-19 18:05,2744
2020-06-19 18:10,2747
2020-06-19 18:15,2742
2020-06-19 18:20,2769
2020-06-19 18:25,2760
2020-06-19 18:30,2772
2020-06-19 18:35,2774
2020-06-19 18:40,2784
2020-06-19 18:45,2786
2020-06-19 18:50,2775
2020-06-19 18:55,2791
2020-06-19 19:00,2810
2020-06-19 19:05,2811
2020-06-19 19:10,2808
2020-06-19 19:15,2808
2020-06-19 19:20,2802
2020-06-19 19:25,2839
2020-06-19 19:30,2834
2020-06-19 19:35,2844
2020-06-19 19:40,2837
2020-06-19 19:45,2837
2020-06-19 19:50,2842
2020-06-19 19:55,2806
2020-06-19 20:00,2810
2020-06-19 20:05,2809
2020-06-19 20:10,2816
2020-06-19 20:15,2799
2020-06-19 20:20,2774
2020-06-19 20:25,2750
2020-06-19 20:30,2738
2020-06-19 20:35,2729
2020-06-19 20:40,2730
2020-06-19 20:45,2721
2020-06-19 20:50,2720
2020-06-19 20:55,2701
2020-06-19 21:00,2686
2020-06-19 21:05,2665
2020-06-19 21:10,2652
2020-06-19 21:15,2641
2020-06-19 21:20,2621
2020-06-19 21:25,2597
2020-06-19 21:30,2581
2020-06-19 21:35,2595
2020-06-19 21:40,2557
2020-06-19 21:45,2550
2020-06-19 21:50,2490
2020-06-19 21:55,2472
2020-06-19 22:00,2443
2020-06-19 22:05,2436
2020-06-19 22:10,2434
2020-06-19 22:15,2411
2020-06-19 22:20,2417
2020-06-19 22:25,2402
2020-06-19 22:30,2410
2020-06-19 22:35,2405
2020-06-19 22:40,2385
2020-06-19 22:45,2366
2020-06-19 22:50,2350
2020-06-19 22:55,2311
2020-06-19 23:00,2303
2020-06-19 23:05,2287
2020-06-19 23:10,2260
2020-06-19 23:15,2227
2020-06-19 23:20,2209
2020-06-19 23:25,2197
2020-06-19 23:30,2176
2020-06-19 23:35,2160
2020-06-19 23:40,2136
2020-06-19 23:45,2112
2020-06-19 23:50,2112
2020-06-19 23:55,2104
2020-06-20 00:00,2087
2020-06-20 00:05,2075
2020-06-20 00:10,2042
2020-06-20 00:15,2021
2020-06-20 00:20,2025
2020-06-20 00:25,2003
2020-06-20 00:30,1984
2020-06-20 00:35,1954
2020-06-20 00:40,1953
2020-06-20 00:45,1948
2020-06-20 00:50,1932
2020-06-20 00:55,1939
2020-06-20 01:00,1917
2020-06-20 01:05,1890
2020-06-20 01:10,1904
2020-06-20 01:15,1909
2020-06-20 01:20,1938
2020-06-20 01:25,1919
2020-06-20 01:30,1907
2020-06-20 01:35,1934
2020-06-20 01:40,1918
2020-06-20 01:45,1910
2020-06-20 01:50,1899
2020-06-20 01:55,1880
2020-06-20 02:00,1894
2020-06-20 02:05,1874
2020-06-20 02:10,1896
2020-06-20 02:15,1858
2020-06-20 02:20,1854
2020-06-20 02:25,1843
2020-06-20 02:30,1830
2020-06-20 02:35,1812
2020-06-20 02:40,1808
2020-06-20 02:45,1810
2020-06-20 02:50,1796
2020-06-20 02:55,1788
2020-06-20 03:00,1787
2020-06-20 03:05,1768
2020-06-20 03:10,1752
2020-06-20 03:15,1749
2020-06-20 03:20,1733
2020-06-20 03:25,1743
2020-06-20 03:30,1734
2020-06-20 03:35,1714
2020-06-20 03:40,1716
2020-06-20 03:45,1704
2020-06-20 03:50,1697
2020-06-20 03:55,1706
2020-06-20 04:00,1706
2020-06-20 04:05,1714
2020-06-20 04:10,1700
2020-06-20 04:15,1692
2020-06-20 04:20,1695
2020-06-20 04:25,1682
2020-06-20 04:30,1686
2020-06-20 04:35,1668
2020-06-20 04:40,1665
2020-06-20 04:45,1639
2020-06-20 04:50,1626
2020-06-20 04:55,1619
2020-06-20 05:00,1609
2020-06-20 05:05,1592
2020-06-20 05:10,1562
2020-06-20 05:15,1567
2020-06-20 05:20,1569
2020-06-20 05:25,1530
2020-06-20 05:30,1527
2020-06-20 05:35,1516
2020-06-20 05:40,1493
2020-06-20 05:45,1481
2020-06-20 05:50,1487
2020-06-20 05:55,1481
2020-06-20 06:00,1486
2020-06-20 06:05,1479
2020-06-20 06:10,1475
2020-06-20 06:15,1472
2020-06-20 06:20,1475
2020-06-20 06:25,1474
2020-06-20 06:30,1480
2020-06-20 06:35,1470
2020-06-20 06:40,1473
2020-06-20 06:45,1473
2020-06-20 06:50,1477
2020-06-20 06:55,1447
2020-06-20 07:00,1458
2020-06-20 07:05,1469
2020-06-20 07:10,1454
2020-06-20 07:15,1459
2020-06-20 07:20,1451
2020-06-20 07:25,1458
2020-06-20 07:30,1464
2020-06-20 07:35,1485
2020-06-20 07:40,1499
2020-06-20 07:45,1509
2020-06-20 07:50,1527
2020-06-20 07:55,1506
2020-06-20 08:00,1521
2020-06-20 08:05,1507
2020-06-20 08:10,1521
2020-06-20 08:15,1536
2020-06-20 08:20,1544
2020-06-20 08:25,1557
2020-06-20 08:30,1563
2020-06-20 08:35,1566
2020-06-20 08:40,1589
2020-06-20 08:45,1590
2020-06-20 08:50,1602
2020-06-20 08:55,1619
2020-06-20 09:00,1624
2020-06-20 09:05,1636
2020-06-20 09:10,1628
2020-06-20 09:15,1671
2020-06-20 09:20,1674
2020-06-20 09:25,1673
2020-06-20 09:30,1685
2020-06-20 09:35,1716
2020-06-20 09:40,1737
2020-06-20 09:45,1747
2020-06-20 09:50,1783
2020-06-20 09:55,1794
2020-06-20 10:00,1795
2020-06-20 10:05,1834
2020-06-20 10:10,1869
2020-06-20 10:15,1885
2020-06-20 10:20,1895
2020-06-20 10:25,1932
2020-06-20 10:30,1929
2020-06-20 10:35,1922
2020-06-20 10:40,1945
2020-06-20 10:45,1954
2020-06-20 10:50,1975
2020-06-20 10:55,1980
2020-06-20 11:00,2007
2020-06-20 11:05,2025
2020-06-20 11:10,2051
2020-06-20 11:15,2081
2020-06-20 11:20,2118
2020-06-20 11:25,2127
2020-06-20 11:30,2119
2020-06-20 11:35,2116
2020-06-20 11:40,2109
2020-06-20 11:45,2127
2020-06-20 11:50,2125
2020-06-20 11:55,2147
2020-06-20 12:00,2155
2020-06-20 12:05,2158
2020-06-20 12:10,2201
2020-06-20 12:15,2208
2020-06-20 12:20,2236
2020-06-20 12:25,2234
2020-06-20 12:30,2243
2020-06-20 12:35,2248
2020-06-20 12:40,2276
2020-06-20 12:45,2276
2020-06-20 12:50,2292
2020-06-20 12:55,2304
2020-06-20 13:00,2336
2020-06-20 13:05,2351
2020-06-20 13:10,2355
2020-06-20 13:15,2351
2020-06-20 13:20,2351
2020-06-20 13:25,2365
2020-06-20 13:30,2364
2020-06-20 13:35,2370
2020-06-20 13:40,2386
2020-06-20 13:45,2410
2020-06-20 13:50,2432
2020-06-20 13:55,2459
2020-06-20 14:00,2480
2020-06-20 14:05,2485
2020-06-20 14:10,2464
2020-06-20 14:15,2469
2020-06-20 14:20,2478
2020-06-20 14:25,2496
2020-06-20 14:30,2517
2020-06-20 14:35,2538
2020-06-20 14:40,2539
2020-06-20 14:45,2562
2020-06-20 14:50,2577
2020-06-20 14:55,2572
2020-06-20 15:00,2566
2020-06-20 15:05,2562
2020-06-20 15:10,2562
2020-06-20 15:15,2564
2020-06-20 15:20,2578
2020-06-20 15:25,2564
2020-06-20 15:30,2564
2020-06-20 15:35,2568
2020-06-20 15:40,2558
2020-06-20 15:45,2577
2020-06-20 15:50,2586
2020-06-20 15:55,2576
2020-06-20 16:00,2601
2020-06-20 16:05,2618
2020-06-20 16:10,2648
2020-06-20 16:15,2666
2020-06-20 16:20,2692
2020-06-20 16:25,2707
2020-06-20 16:30,2728
2020-06-20 16:35,2749
2020-06-20 16:40,2740
2020-06-20 16:45,2787
2020-06-20 16:50,2790
2020-06-20 16:55,2823
2020-06-20 17:00,2819
2020-06-20 17:05,2833
2020-06-20 17:10,2859
2020-06-20 17:15,2852
2020-06-20 17:20,2838
2020-06-20 17:25,2843
2020-06-20 17:30,2841
2020-06-20 17:35,2826
2020-06-20 17:40,2836
2020-06-20 17:45,2850
2020-06-20 17:50,2866
2020-06-20 17:55,2889
2020-06-20 18:00,2866
2020-06-20 18:05,2881
2020-06-20 18:10,2900
2020-06-20 18:15,2900
2020-06-20 18:20,2891
2020-06-20 18:25,2883
2020-06-20 18:30,2895
2020-06-20 18:35,2922
2020-06-20 18:40,2905
2020-06-20 18:45,2919
2020-06-20 18:50,2937
2020-06-20 18:55,2925
2020-06-20 19:00,2941
2020-06-20 19:05,2934
2020-06-20 19:10,2936
2020-06-20 19:15,2932
2020-06-20 19:20,2945
2020-06-20 19:25,2969
2020-06-20 19:30,2982
2020-06-20 19:35,2988
2020-06-20 19:40,3001
2020-06-20 19:45,2986
2020-06-20 19:50,2986
2020-06-20 19:55,2953
2020-06-20 20:00,2957
2020-06-20 20:05,2972
2020-06-20 20:10,2957
2020-06-20 20:15,2948
2020-06-20 20:20,2953
2020-06-20 20:25,2934
2020-06-20 20:30,2946
2020-06-20 20:35,2957
2020-06-20 20:40,2957
2020-06-20 20:45,2921
2020-06-20 20:50,2925
2020-06-20 20:55,2916
2020-06-20 21:00,2902
2020-06-20 21:05,2878
2020-06-20 21:10,2881
2020-06-20 21:15,2860
2020-06-20 21:20,2839
2020-06-20 21:25,2833
2020-06-20 21:30,2812
2020-06-20 21:35,2777
2020-06-20 21:40,2756
2020-06-20 21:45,2731
2020-06-20 21:50,2705
2020-06-20 21:55,2646
2020-06-20 22:00,2610
2020-06-20 22:05,2602
2020-06-20 22:10,2606
2020-06-20 22:15,2587
2020-06-20 22:20,2569
2020-06-20 22:25,2554
2020-06-20 22:30,2533
2020-06-20 22:35,2501
2020-06-20 22:40,2485
2020-06-20 22:45,2469
2020-06-20 22:50,2436
2020-06-20 22:55,2416
2020-06-20 23:00,2376
2020-06-20 23:05,2355
2020-06-20 23:10,2340
2020-06-20 23:15,2314
2020-06-20 23:20,2290
2020-06-20 23:25,2257
2020-06-20 23:30,2229
2020-06-20 23:35,2206
2020-06-20 23:40,2187
2020-06-20 23:45,2168
2020-06-20 23:50,2178
2020-06-20 23:55,2151
2020-06-21 00:00,2137
2020-06-21 00:05,2139
2020-06-21 00:10,2101
2020-06-21 00:15,2077
2020-06-21 00:20,2067
2020-06-21 00:25,2064
2020-06-21 00:30,2048
2020-06-21 00:35,2045
2020-06-21 00:40,2028
2020-06-21 00:45,2016
2020-06-21 00:50,2022
2020-06-21 00:55,2024
2020-06-21 01:00,2017
2020-06-21 01:05,2010
2020-06-21 01:10,1987
2020-06-21 01:15,1976
2020-06-21 01:20,1987
2020-06-21 01:25,1995
2020-06-21 01:30,1963
2020-06-21 01:35,1968
2020-06-21 01:40,1953
2020-06-21 01:45,1938
2020-06-21 01:50,1944
2020-06-21 01:55,1933
2020-06-21 02:00,1903
2020-06-21 02:05,1884
2020-06-21 02:10,1897
2020-06-21 02:15,1903
2020-06-21 02:20,1908
2020-06-21 02:25,1893
2020-06-21 02:30,1894
2020-06-21 02:35,1891
2020-06-21 02:40,1889
2020-06-21 02:45,1901
2020-06-21 02:50,1886
2020-06-21 02:55,1880
2020-06-21 03:00,1863
2020-06-21 03:05,1855
2020-06-21 03:10,1833
2020-06-21 03:15,1808
2020-06-21 03:20,1808
2020-06-21 03:25,1799
2020-06-21 03:30,1794
2020-06-21 03:35,1766
2020-06-21 03:40,1758
2020-06-21 03:45,1741
2020-06-21 03:50,1726
2020-06-21 03:55,1711
2020-06-21 04:00,1698
2020-06-21 04:05,1653
2020-06-21 04:10,1649
2020-06-21 04:15,1634
2020-06-21 04:20,1615
2020-06-21 04:25,1619
2020-06-21 04:30,1611
2020-06-21 04:35,1603
2020-06-21 04:40,1595
2020-06-21 04:45,1594
2020-06-21 04:50,1588
2020-06-21 04:55,1580
2020-06-21 05:00,1565
2020-06-21 05:05,1546
2020-06-21 05:10,1544
2020-06-21 05:15,1535
2020-06-21 05:20,1538
2020-06-21 05:25,1537
2020-06-21 05:30,1521
2020-06-21 05:35,1504
2020-06-21 05:40,1514
2020-06-21 05:45,1504
2020-06-21 05:50,1510
2020-06-21 05:55,1499
2020-06-21 06:00,1496
2020-06-21 06:05,1480
2020-06-21 06:10,1472
2020-06-21 06:15,1473
2020-06-21 06:20,1482
2020-06-21 06:25,1471
2020-06-21 06:30,1473
2020-06-21 06:35,1494
2020-06-21 06:40,1489
2020-06-21 06:45,1491
2020-06-21 06:50,1509
2020-06-21 06:55,1499
2020-06-21 07:00,1493
2020-06-21 07:05,1497
2020-06-21 07:10,1501
2020-06-21 07:15,1498
2020-06-21 07:20,1509
2020-06-21 07:25,1510
2020-06-21 07:30,1532
2020-06-21 07:35,1534
2020-06-21 07:40,1535
2020-06-21 07:45,1535
2020-06-21 07:50,1544
2020-06-21 07:55,1555
2020-06-21 08:00,1574
2020-06-21 08:05,1594
2020-06-21 08:10,1598
2020-06-21 08:15,1617
2020-06-21 08:20,1632
2020-06-21 08:25,1647
2020-06-21 08:30,1686
2020-06-21 08:35,1714
2020-06-21 08:40,1726
2020-06-21 08:45,1751
2020-06-21 08:50,1775
2020-06-21 08:55,1781
2020-06-21 09:00,1776
2020-06-21 09:05,1804
2020-06-21 09:10,1822
2020-06-21 09:15,1840
2020-06-21 09:20,1846
2020-06-21 09:25,1834
2020-06-21 09:30,1851
2020-06-21 09:35,1859
2020-06-21 09:40,1861
2020-06-21 09:45,1884
2020-06-21 09:50,1911
2020-06-21 09:55,1919
2020-06-21 10:00,1917
2020-06-21 10:05,1964
2020-06-21 10:10,1966
2020-06-21 10:15,1998
2020-06-21 10:20,2014
2020-06-21 10:25,2023
2020-06-21 10:30,2045
2020-06-21 10:35,2049
2020-06-21 10:40,2068
2020-06-21 10:45,2120
2020-06-21 10:50,2132
2020-06-21 10:55,2125
2020-06-21 11:00,2129
2020-06-21 11:05,2135
2020-06-21 11:10,2135
2020-06-21 11:15,2132
2020-06-21 11:20,2121
2020-06-21 11:25,2127
2020-06-21 11:30,2162
2020-06-21 11:35,2168
2020-06-21 11:40,2189
2020-06-21 11:45,2193
2020-06-21 11:50,2207
2020-06-21 11:55,2231
2020-06-21 12:00,2259
2020-06-21 12:05,2260
2020-06-21 12:10,2267
2020-06-21 12:15,2275
2020-06-21 12:20,2299
2020-06-21 12:25,2296
2020-06-21 12:30,2348
2020-06-21 12:35,2364
2020-06-21 12:40,2378
2020-06-21 12:45,2412
2020-06-21 12:50,2392
2020-06-21 12:55,2405
2020-06-21 13:00,2442
2020-06-21 13:05,2444
2020-06-21 13:10,2466
2020-06-21 13:15,2482
2020-06-21 13:20,2469
2020-06-21 13:25,2496
2020-06-21 13:30,2505
2020-06-21 13:35,2533
2020-06-21 13:40,2531
2020-06-21 13:45,2573
2020-06-21 13:50,2574
2020-06-21 13:55,2602
2020-06-21 14:00,2611
2020-06-21 14:05,2621
2020-06-21 14:10,2586
2020-06-21 14:15,2591
2020-06-21 14:20,2590
2020-06-21 14:25,2606
2020-06-21 14:30,2627
2020-06-21 14:35,2627
2020-06-21 14:40,2624
2020-06-21 14:45,2652
2020-06-21 14:50,2672
2020-06-21 14:55,2683
2020-06-21 15:00,2695
2020-06-21 15:05,2718
2020-06-21 15:10,2736
2020-06-21 15:15,2776
2020-06-21 15:20,2823
2020-06-21 15:25,2834
2020-06-21 15:30,2851
2020-06-21 15:35,2845
2020-06-21 15:40,2794
2020-06-21 15:45,2824
2020-06-21 15:50,2850
2020-06-21 15:55,2872
2020-06-21 16:00,2894
2020-06-21 16:05,2905
2020-06-21 16:10,2914
2020-06-21 16:15,2925
2020-06-21 16:20,2928
2020-06-21 16:25,2932
2020-06-21 16:30,2936
2020-06-21 16:35,2935
2020-06-21 16:40,2946
2020-06-21 16:45,2954
2020-06-21 16:50,2971
2020-06-21 16:55,2984
2020-06-21 17:00,3003
2020-06-21 17:05,3001
2020-06-21 17:10,2993
2020-06-21 17:15,3016
2020-06-21 17:20,3024
2020-06-21 17:25,3046
2020-06-21 17:30,3018
2020-06-21 17:35,3028
2020-06-21 17:40,3047
2020-06-21 17:45,3061
2020-06-21 17:50,3058
2020-06-21 17:55,3060
2020-06-21 18:00,3041
2020-06-21 18:05,3021
2020-06-21 18:10,2997
2020-06-21 18:15,2992
2020-06-21 18:20,2999
2020-06-21 18:25,2997
2020-06-21 18:30,2996
2020-06-21 18:35,3008
2020-06-21 18:40,3014
2020-06-21 18:45,3017
2020-06-21 18:50,3006
2020-06-21 18:55,3031
2020-06-21 19:00,3034
2020-06-21 19:05,3055
2020-06-21 19:10,3045
2020-06-21 19:15,3048
2020-06-21 19:20,3041
2020-06-21 19:25,3043
2020-06-21 19:30,3059
2020-06-21 19:35,3037
2020-06-21 19:40,3054
2020-06-21 19:45,3031
2020-06-21 19:50,3019
2020-06-21 19:55,3021
2020-06-21 20:00,3021
2020-06-21 20:05,3041
2020-06-21 20:10,3040
2020-06-21 20:15,3018
2020-06-21 20:20,3010
2020-06-21 20:25,3000
2020-06-21 20:30,2969
2020-06-21 20:35,2969
2020-06-21 20:40,2957
2020-06-21 20:45,2916
2020-06-21 20:50,2911
2020-06-21 20:55,2886
2020-06-21 21:00,2843
2020-06-21 21:05,2822
2020-06-21 21:10,2805
2020-06-21 21:15,2790
2020-06-21 21:20,2764
2020-06-21 21:25,2722
2020-06-21 21:30,2713
2020-06-21 21:35,2687
2020-06-21 21:40,2668
2020-06-21 21:45,2628
2020-06-21 21:50,2611
2020-06-21 21:55,2526
2020-06-21 22:00,2531
2020-06-21 22:05,2504
2020-06-21 22:10,2475
2020-06-21 22:15,2453
2020-06-21 22:20,2448
2020-06-21 22:25,2424
2020-06-21 22:30,2391
2020-06-21 22:35,2381
2020-06-21 22:40,2357
2020-06-21 22:45,2316
2020-06-21 22:50,2314
2020-06-21 22:55,2293
2020-06-21 23:00,2288
2020-06-21 23:05,2266
2020-06-21 23:10,2256
2020-06-21 23:15,2217
2020-06-21 23:20,2213
2020-06-21 23:25,2211
2020-06-21 23:30,2199
2020-06-21 23:35,2172
2020-06-21 23:40,2138
2020-06-21 23:45,2134
2020-06-21 23:50,2108
2020-06-21 23:55,2108
2020-06-22 00:00,2101
2020-06-22 00:05,2080
2020-06-22 00:10,2066
2020-06-22 00:15,2050
2020-06-22 00:20,2029
2020-06-22 00:25,2000
2020-06-22 00:30,1985
2020-06-22 00:35,1977
2020-06-22 00:40,1980
2020-06-22 00:45,1968
2020-06-22 00:50,1946
2020-06-22 00:55,1916
2020-06-22 01:00,1896
2020-06-22 01:05,1872
2020-06-22 01:10,1874
2020-06-22 01:15,1863
2020-06-22 01:20,1850
2020-06-22 01:25,1845
2020-06-22 01:30,1854
2020-06-22 01:35,1851
2020-06-22 01:40,1840
2020-06-22 01:45,1837
2020-06-22 01:50,1845
2020-06-22 01:55,1851
2020-06-22 02:00,1845
2020-06-22 02:05,1807
2020-06-22 02:10,1813
2020-06-22 02:15,1797
2020-06-22 02:20,1791
2020-06-22 02:25,1777
2020-06-22 02:30,1775
2020-06-22 02:35,1780
2020-06-22 02:40,1754
2020-06-22 02:45,1759
2020-06-22 02:50,1757
2020-06-22 02:55,1761
2020-06-22 03:00,1740
2020-06-22 03:05,1731
2020-06-22 03:10,1705
2020-06-22 03:15,1663
2020-06-22 03:20,1649
2020-06-22 03:25,1660
2020-06-22 03:30,1646
2020-06-22 03:35,1609
2020-06-22 03:40,1603
2020-06-22 03:45,1592
2020-06-22 03:50,1591
2020-06-22 03:55,1577
2020-06-22 04:00,1553
2020-06-22 04:05,1537
2020-06-22 04:10,1522
2020-06-22 04:15,1509
2020-06-22 04:20,1501
2020-06-22 04:25,1481
2020-06-22 04:30,1480
2020-06-22 04:35,1458
2020-06-22 04:40,1457
2020-06-22 04:45,1439
2020-06-22 04:50,1432
2020-06-22 04:55,1409
2020-06-22 05:00,1388
2020-06-22 05:05,1367
2020-06-22 05:10,1347
2020-06-22 05:15,1336
2020-06-22 05:20,1326
2020-06-22 05:25,1315
2020-06-22 05:30,1302
2020-06-22 05:35,1288
2020-06-22 05:40,1271
2020-06-22 05:45,1269
2020-06-22 05:50,1259
2020-06-22 05:55,1264
2020-06-22 06:00,1254
2020-06-22 06:05,1230
2020-06-22 06:10,1234
2020-06-22 06:15,1246
2020-06-22 06:20,1257
2020-06-22 06:25,1256
2020-06-22 06:30,1257
2020-06-22 06:35,1264
2020-06-22 06:40,1260
2020-06-22 06:45,1270
2020-06-22 06:50,1257
2020-06-22 06:55,1260
2020-06-22 07:00,1266
2020-06-22 07:05,1262
2020-06-22 07:10,1253
2020-06-22 07:15,1253
2020-06-22 07:20,1237
2020-06-22 07:25,1240
2020-06-22 07:30,1230
2020-06-22 07:35,1237
2020-06-22 07:40,1242
2020-06-22 07:45,1241
2020-06-22 07:50,1250
2020-06-22 07:55,1273
2020-06-22 08:00,1275
2020-06-22 08:05,1266
2020-06-22 08:10,1283
2020-06-22 08:15,1291
2020-06-22 08:20,1290
2020-06-22 08:25,1297
2020-06-22 08:30,1303
2020-06-22 08:35,1318
2020-06-22 08:40,1329
2020-06-22 08:45,1338
2020-06-22 08:50,1352
2020-06-22 08:55,1362
2020-06-22 09:00,1382
2020-06-22 09:05,1395
2020-06-22 09:10,1391
2020-06-22 09:15,1413
2020-06-22 09:20,1413
2020-06-22 09:25,1427
2020-06-22 09:30,1438
2020-06-22 09:35,1466
2020-06-22 09:40,1472
2020-06-22 09:45,1480
2020-06-22 09:50,1464
2020-06-22 09:55,1482
2020-06-22 10:00,1510
2020-06-22 10:05,1584
2020-06-22 10:10,1602
2020-06-22 10:15,1646
2020-06-22 10:20,1652
2020-06-22 10:25,1656
2020-06-22 10:30,1687
2020-06-22 10:35,1720
2020-06-22 10:40,1722
2020-06-22 10:45,1734
2020-06-22 10:50,1754
2020-06-22 10:55,1760
2020-06-22 11:00,1781
2020-06-22 11:05,1774
2020-06-22 11:10,1781
2020-06-22 11:15,1785
2020-06-22 11:20,1806
2020-06-22 11:25,1816
2020-06-22 11:30,1835
2020-06-22 11:35,1858
2020-06-22 11:40,1869
2020-06-22 11:45,1866
2020-06-22 11:50,1876
2020-06-22 11:55,1909
2020-06-22 12:00,1911
2020-06-22 12:05,1922
2020-06-22 12:10,1929
2020-06-22 12:15,1926
2020-06-22 12:20,1941
2020-06-22 12:25,1937
2020-06-22 12:30,1946
2020-06-22 12:35,1935
2020-06-22 12:40,1961
2020-06-22 12:45,1989
2020-06-22 12:50,2000
2020-06-22 12:55,2003
2020-06-22 13:00,2029
2020-06-22 13:05,2057
2020-06-22 13:10,2059
2020-06-22 13:15,2052
2020-06-22 13:20,2067
2020-06-22 13:25,2080
2020-06-22 13:30,2110
2020-06-22 13:35,2134
2020-06-22 13:40,2118
2020-06-22 13:45,2137
2020-06-22 13:50,2169
2020-06-22 13:55,2182
2020-06-22 14:00,2225
2020-06-22 14:05,2223
2020-06-22 14:10,2239
2020-06-22 14:15,2262
2020-06-22 14:20,2280
2020-06-22 14:25,2291
2020-06-22 14:30,2300
2020-06-22 14:35,2310
2020-06-22 14:40,2326
2020-06-22 14:45,2328
2020-06-22 14:50,2340
2020-06-22 14:55,2339
2020-06-22 15:00,2370
2020-06-22 15:05,2381
2020-06-22 15:10,2386
2020-06-22 15:15,2408
2020-06-22 15:20,2394
2020-06-22 15:25,2407
2020-06-22 15:30,2408
2020-06-22 15:35,2433
2020-06-22 15:40,2449
2020-06-22 15:45,2461
2020-06-22 15:50,2484
2020-06-22 15:55,2510
2020-06-22 16:00,2521
2020-06-22 16:05,2515
2020-06-22 16:10,2566
2020-06-22 16:15,2579
2020-06-22 16:20,2600
2020-06-22 16:25,2604
2020-06-22 16:30,2626
2020-06-22 16:35,2647
2020-06-22 16:40,2659
2020-06-22 16:45,2679
2020-06-22 16:50,2688
2020-06-22 16:55,2684
2020-06-22 17:00,2689
2020-06-22 17:05,2724
2020-06-22 17:10,2751
2020-06-22 17:15,2777
2020-06-22 17:20,2779
2020-06-22 17:25,2789
2020-06-22 17:30,2798
2020-06-22 17:35,2814
2020-06-22 17:40,2822
2020-06-22 17:45,2803
2020-06-22 17:50,2814
2020-06-22 17:55,2832
2020-06-22 18:00,2824
2020-06-22 18:05,2843
2020-06-22 18:10,2866
2020-06-22 18:15,2882
2020-06-22 18:20,2881
2020-06-22 18:25,2900
2020-06-22 18:30,2906
2020-06-22 18:35,2922
2020-06-22 18:40,2927
2020-06-22 18:45,2962
2020-06-22 18:50,2965
2020-06-22 18:55,2949
2020-06-22 19:00,2956
2020-06-22 19:05,2943
2020-06-22 19:10,2961
2020-06-22 19:15,2999
2020-06-22 19:20,2992
2020-06-22 19:25,3011
2020-06-22 19:30,3008
2020-06-22 19:35,3011
2020-06-22 19:40,3026
2020-06-22 19:45,3011
2020-06-22 19:50,2997
2020-06-22 19:55,2979
2020-06-22 20:00,2995
2020-06-22 20:05,2982
2020-06-22 20:10,2957
2020-06-22 20:15,2931
2020-06-22 20:20,2927
2020-06-22 20:25,2912
2020-06-22 20:30,2893
2020-06-22 20:35,2893
2020-06-22 20:40,2879
2020-06-22 20:45,2876
2020-06-22 20:50,2852
2020-06-22 20:55,2857
2020-06-22 21:00,2848
2020-06-22 21:05,2819
2020-06-22 21:10,2765
2020-06-22 21:15,2761
2020-06-22 21:20,2746
2020-06-22 21:25,2752
2020-06-22 21:30,2753
2020-06-22 21:35,2739
2020-06-22 21:40,2694
2020-06-22 21:45,2662
2020-06-22 21:50,2642
2020-06-22 21:55,2634
2020-06-22 22:00,2566
2020-06-22 22:05,2530
2020-06-22 22:10,2483
2020-06-22 22:15,2466
2020-06-22 22:20,2444
2020-06-22 22:25,2445
2020-06-22 22:30,2427
2020-06-22 22:35,2398
2020-06-22 22:40,2402
2020-06-22 22:45,2393
2020-06-22 22:50,2369
2020-06-22 22:55,2352
2020-06-22 23:00,2301
2020-06-22 23:05,2299
2020-06-22 23:10,2288
2020-06-22 23:15,2265
2020-06-22 23:20,2245
2020-06-22 23:25,2228
2020-06-22 23:30,2237
2020-06-22 23:35,2238
2020-06-22 23:40,2182
2020-06-22 23:45,2155
2020-06-22 23:50,2159
2020-06-22 23:55,2148
2020-06-23 00:00,2143
2020-06-23 00:05,2113
2020-06-23 00:10,2102
2020-06-23 00:15,2102
2020-06-23 00:20,2089
2020-06-23 00:25,2097
2020-06-23 00:30,2085
2020-06-23 00:35,2060
2020-06-23 00:40,2067
2020-06-23 00:45,2074
2020-06-23 00:50,2059
2020-06-23 00:55,2049
2020-06-23 01:00,2033
2020-06-23 01:05,2015
2020-06-23 01:10,2017
2020-06-23 01:15,2017
2020-06-23 01:20,2010
2020-06-23 01:25,2000
2020-06-23 01:30,1972
2020-06-23 01:35,1974
2020-06-23 01:40,1961
2020-06-23 01:45,1949
2020-06-23 01:50,1955
2020-06-23 01:55,1946
2020-06-23 02:00,1930
2020-06-23 02:05,1918
2020-06-23 02:10,1914
2020-06-23 02:15,1900
2020-06-23 02:20,1892
2020-06-23 02:25,1880
2020-06-23 02:30,1871
2020-06-23 02:35,1850
2020-06-23 02:40,1822
2020-06-23 02:45,1811
2020-06-23 02:50,1803
2020-06-23 02:55,1782
2020-06-23 03:00,1759
2020-06-23 03:05,1725
2020-06-23 03:10,1711
2020-06-23 03:15,1693
2020-06-23 03:20,1665
2020-06-23 03:25,1652
2020-06-23 03:30,1633
2020-06-23 03:35,1625
2020-06-23 03:40,1605
2020-06-23 03:45,1598
2020-06-23 03:50,1599
2020-06-23 03:55,1589
2020-06-23 04:00,1562
2020-06-23 04:05,1531
2020-06-23 04:10,1519
2020-06-23 04:15,1523
2020-06-23 04:20,1518
2020-06-23 04:25,1496
2020-06-23 04:30,1482
2020-06-23 04:35,1470
2020-06-23 04:40,1472
2020-06-23 04:45,1448
2020-06-23 04:50,1438
2020-06-23 04:55,1443
2020-06-23 05:00,1430
2020-06-23 05:05,1424
2020-06-23 05:10,1385
2020-06-23 05:15,1386
2020-06-23 05:20,1384
2020-06-23 05:25,1376
2020-06-23 05:30,1385
2020-06-23 05:35,1373
2020-06-23 05:40,1365
2020-06-23 05:45,1356
2020-06-23 05:50,1356
2020-06-23 05:55,1339
2020-06-23 06:00,1321
2020-06-23 06:05,1292
2020-06-23 06:10,1309
2020-06-23 06:15,1289
2020-06-23 06:20,1294
2020-06-23 06:25,1289
2020-06-23 06:30,1289
2020-06-23 06:35,1274
2020-06-23 06:40,1274
2020-06-23 06:45,1289
2020-06-23 06:50,1280
2020-06-23 06:55,1268
2020-06-23 07:00,1268
2020-06-23 07:05,1261
2020-06-23 07:10,1259
2020-06-23 07:15,1268
2020-06-23 07:20,1274
2020-06-23 07:25,1265
2020-06-23 07:30,1259
2020-06-23 07:35,1276
2020-06-23 07:40,1292
2020-06-23 07:45,1291
2020-06-23 07:50,1303
2020-06-23 07:55,1316
2020-06-23 08:00,1339
2020-06-23 08:05,1342
2020-06-23 08:10,1337
2020-06-23 08:15,1340
2020-06-23 08:20,1353
2020-06-23 08:25,1350
2020-06-23 08:30,1358
2020-06-23 08:35,1366
2020-06-23 08:40,1358
2020-06-23 08:45,1373
2020-06-23 08:50,1374
2020-06-23 08:55,1387
2020-06-23 09:00,1384
2020-06-23 09:05,1403
2020-06-23 09:10,1411
2020-06-23 09:15,1426
2020-06-23 09:20,1439
2020-06-23 09:25,1456
2020-06-23 09:30,1467
2020-06-23 09:35,1480
2020-06-23 09:40,1463
2020-06-23 09:45,1480
2020-06-23 09:50,1512
2020-06-23 09:55,1533
2020-06-23 10:00,1544
2020-06-23 10:05,1569
2020-06-23 10:10,1597
2020-06-23 10:15,1622
2020-06-23 10:20,1622
2020-06-23 10:25,1634
2020-06-23 10:30,1651
2020-06-23 10:35,1660
2020-06-23 10:40,1655
2020-06-23 10:45,1679
2020-06-23 10:50,1690
2020-06-23 10:55,1718
2020-06-23 11:00,1732
2020-06-23 11:05,1731
2020-06-23 11:10,1728
2020-06-23 11:15,1746
2020-06-23 11:20,1724
2020-06-23 11:25,1747
2020-06-23 11:30,1760
2020-06-23 11:35,1756
2020-06-23 11:40,1784
2020-06-23 11:45,1792
2020-06-23 11:50,1813
2020-06-23 11:55,1832
2020-06-23 12:00,1835
2020-06-23 12:05,1865
2020-06-23 12:10,1878
2020-06-23 12:15,1897
2020-06-23 12:20,1913
2020-06-23 12:25,1951
2020-06-23 12:30,1965
2020-06-23 12:35,1973
2020-06-23 12:40,1960
2020-06-23 12:45,1966
2020-06-23 12:50,1996
2020-06-23 12:55,2016
2020-06-23 13:00,2028
2020-06-23 13:05,2029
2020-06-23 13:10,2045
2020-06-23 13:15,2074
2020-06-23 13:20,2101
2020-06-23 13:25,2091
2020-06-23 13:30,2101
2020-06-23 13:35,2089
2020-06-23 13:40,2114
2020-06-23 13:45,2109
2020-06-23 13:50,2126
2020-06-23 13:55,2122
2020-06-23 14:00,2141
2020-06-23 14:05,2149
2020-06-23 14:10,2170
2020-06-23 14:15,2200
2020-06-23 14:20,2209
2020-06-23 14:25,2239
2020-06-23 14:30,2248
2020-06-23 14:35,2248
2020-06-23 14:40,2251
2020-06-23 14:45,2262
2020-06-23 14:50,2264
2020-06-23 14:55,2266
2020-06-23 15:00,2274
2020-06-23 15:05,2294
2020-06-23 15:10,2316
2020-06-23 15:15,2298
2020-06-23 15:20,2290
2020-06-23 15:25,2347
2020-06-23 15:30,2316
2020-06-23 15:35,2337
2020-06-23 15:40,2351
2020-06-23 15:45,2358
2020-06-23 15:50,2380
2020-06-23 15:55,2384
2020-06-23 16:00,2395
2020-06-23 16:05,2389
2020-06-23 16:10,2370
2020-06-23 16:15,2401
2020-06-23 16:20,2394
2020-06-23 16:25,2432
2020-06-23 16:30,2434
2020-06-23 16:35,2463
2020-06-23 16:40,2453
2020-06-23 16:45,2480
2020-06-23 16:50,2512
2020-06-23 16:55,2549
2020-06-23 17:00,2548
2020-06-23 17:05,2558
2020-06-23 17:10,2586
2020-06-23 17:15,2595
2020-06-23 17:20,2602
2020-06-23 17:25,2600
2020-06-23 17:30,2623
2020-06-23 17:35,2631
2020-06-23 17:40,2641
2020-06-23 17:45,2668
2020-06-23 17:50,2674
2020-06-23 17:55,2695
2020-06-23 18:00,2715
2020-06-23 18:05,2723
2020-06-23 18:10,2705
2020-06-23 18:15,2706
2020-06-23 18:20,2712
2020-06-23 18:25,2730
2020-06-23 18:30,2722
2020-06-23 18:35,2740
2020-06-23 18:40,2749
2020-06-23 18:45,2771
2020-06-23 18:50,2759
2020-06-23 18:55,2742
2020-06-23 19:00,2754
2020-06-23 19:05,2760
2020-06-23 19:10,2743
2020-06-23 19:15,2752
2020-06-23 19:20,2773
2020-06-23 19:25,2781
2020-06-23 19:30,2815
2020-06-23 19:35,2808
2020-06-23 19:40,2828
2020-06-23 19:45,2819
2020-06-23 19:50,2807
2020-06-23 19:55,2817
2020-06-23 20:00,2808
2020-06-23 20:05,2815
2020-06-23 20:10,2807
2020-06-23 20:15,2787
2020-06-23 20:20,2797
2020-06-23 20:25,2784
2020-06-23 20:30,2782
2020-06-23 20:35,2738
2020-06-23 20:40,2733
2020-06-23 20:45,2699
2020-06-23 20:50,2704
2020-06-23 20:55,2689
2020-06-23 21:00,2705
2020-06-23 21:05,2671
2020-06-23 21:10,2660
2020-06-23 21:15,2629
2020-06-23 21:20,2638
2020-06-23 21:25,2607
2020-06-23 21:30,2581
2020-06-23 21:35,2533
2020-06-23 21:40,2541
2020-06-23 21:45,2500
2020-06-23 21:50,2479
2020-06-23 21:55,2459
2020-06-23 22:00,2421
2020-06-23 22:05,2383
2020-06-23 22:10,2373
2020-06-23 22:15,2363
2020-06-23 22:20,2350
2020-06-23 22:25,2348
2020-06-23 22:30,2343
2020-06-23 22:35,2345
2020-06-23 22:40,
2020-06-23 22:45,0
2020-06-23 22:50,1315
2020-06-23 22:55,2073
2020-06-23 23:00,2217
2020-06-23 23:05,2199
2020-06-23 23:10,2165
2020-06-23 23:15,2144
2020-06-23 23:20,2133
2020-06-23 23:25,2108
2020-06-23 23:30,2092
2020-06-23 23:35,2091
2020-06-23 23:40,2080
2020-06-23 23:45,2085
2020-06-23 23:50,2061
2020-06-23 23:55,2042
2020-06-24 00:00,2049
2020-06-24 00:05,2035
2020-06-24 00:10,2021
2020-06-24 00:15,2008
2020-06-24 00:20,1996
2020-06-24 00:25,1969
2020-06-24 00:30,1955
2020-06-24 00:35,1939
2020-06-24 00:40,1933
2020-06-24 00:45,1929
2020-06-24 00:50,1922
2020-06-24 00:55,1915
2020-06-24 01:00,1899
2020-06-24 01:05,1895
2020-06-24 01:10,1895
2020-06-24 01:15,1882
2020-06-24 01:20,1878
2020-06-24 01:25,1878
2020-06-24 01:30,1892
2020-06-24 01:35,1879
2020-06-24 01:40,1884
2020-06-24 01:45,1888
2020-06-24 01:50,1902
2020-06-24 01:55,1892
2020-06-24 02:00,1868
2020-06-24 02:05,1826
2020-06-24 02:10,1801
2020-06-24 02:15,1792
2020-06-24 02:20,1791
2020-06-24 02:25,1794
2020-06-24 02:30,1765
2020-06-24 02:35,1768
2020-06-24 02:40,1760
2020-06-24 02:45,1753
2020-06-24 02:50,1730
2020-06-24 02:55,1725
2020-06-24 03:00,1705
2020-06-24 03:05,1702
2020-06-24 03:10,1677
2020-06-24 03:15,1660
2020-06-24 03:20,1655
2020-06-24 03:25,1637
2020-06-24 03:30,1600
2020-06-24 03:35,1590
2020-06-24 03:40,1580
2020-06-24 03:45,1569
2020-06-24 03:50,1538
2020-06-24 03:55,1522
2020-06-24 04:00,1505
2020-06-24 04:05,1489
2020-06-24 04:10,1486
2020-06-24 04:15,1476
2020-06-24 04:20,1468
2020-06-24 04:25,1440
2020-06-24 04:30,1446
2020-06-24 04:35,1434
2020-06-24 04:40,1424
2020-06-24 04:45,1422
2020-06-24 04:50,1412
2020-06-24 04:55,1378
2020-06-24 05:00,1357
2020-06-24 05:05,1349
2020-06-24 05:10,1331
2020-06-24 05:15,1325
2020-06-24 05:20,1312
2020-06-24 05:25,1306
2020-06-24 05:30,1283
2020-06-24 05:35,1283
2020-06-24 05:40,1293
2020-06-24 05:45,1274
2020-06-24 05:50,1261
2020-06-24 05:55,1259
2020-06-24 06:00,1246
2020-06-24 06:05,1244
2020-06-24 06:10,1232
2020-06-24 06:15,1229
2020-06-24 06:20,1241
2020-06-24 06:25,1227
2020-06-24 06:30,1231
2020-06-24 06:35,1245
2020-06-24 06:40,1267
2020-06-24 06:45,1256
2020-06-24 06:50,1274
2020-06-24 06:55,1289
2020-06-24 07:00,1282
2020-06-24 07:05,1266
2020-06-24 07:10,1238
2020-06-24 07:15,1253
2020-06-24 07:20,1255
2020-06-24 07:25,1244
2020-06-24 07:30,1221
2020-06-24 07:35,1230
2020-06-24 07:40,1233
2020-06-24 07:45,1239
2020-06-24 07:50,1226
2020-06-24 07:55,1230
2020-06-24 08:00,1237
2020-06-24 08:05,1246
2020-06-24 08:10,1264
2020-06-24 08:15,1248
2020-06-24 08:20,1268
2020-06-24 08:25,1286
2020-06-24 08:30,1299
2020-06-24 08:35,1318
2020-06-24 08:40,1343
2020-06-24 08:45,1354
2020-06-24 08:50,1355
2020-06-24 08:55,1352
2020-06-24 09:00,1373
2020-06-24 09:05,1384
2020-06-24 09:10,1410
2020-06-24 09:15,1431
2020-06-24 09:20,1436
2020-06-24 09:25,1466
2020-06-24 09:30,1467
2020-06-24 09:35,1470
2020-06-24 09:40,1472
2020-06-24 09:45,1487
2020-06-24 09:50,1489
2020-06-24 09:55,1510
2020-06-24 10:00,1514
2020-06-24 10:05,1559
2020-06-24 10:10,1577
2020-06-24 10:15,1608
2020-06-24 10:20,1628
2020-06-24 10:25,1623
2020-06-24 10:30,1640
2020-06-24 10:35,1657
2020-06-24 10:40,1678
2020-06-24 10:45,1687
2020-06-24 10:50,1702
2020-06-24 10:55,1696
2020-06-24 11:00,1712
2020-06-24 11:05,1714
2020-06-24 11:10,1698
2020-06-24 11:15,1711
2020-06-24 11:20,1716
2020-06-24 11:25,1734
2020-06-24 11:30,1738
2020-06-24 11:35,1729
2020-06-24 11:40,1767
2020-06-24 11:45,1770
2020-06-24 11:50,1761
2020-06-24 11:55,1751
2020-06-24 12:00,1752
2020-06-24 12:05,1753
2020-06-24 12:10,1769
2020-06-24 12:15,1776
2020-06-24 12:20,1799
2020-06-24 12:25,1841
2020-06-24 12:30,1858
2020-06-24 12:35,1876
2020-06-24 12:40,1885
2020-06-24 12:45,1878
2020-06-24 12:50,1870
2020-06-24 12:55,1894
2020-06-24 13:00,1891
2020-06-24 13:05,1915
2020-06-24 13:10,1933
2020-06-24 13:15,1924
2020-06-24 13:20,1923
2020-06-24 13:25,1938
2020-06-24 13:30,1941
2020-06-24 13:35,1959
2020-06-24 13:40,1962
2020-06-24 13:45,1970
2020-06-24 13:50,1976
2020-06-24 13:55,1989
2020-06-24 14:00,2014
2020-06-24 14:05,2024
2020-06-24 14:10,2021
2020-06-24 14:15,2057
2020-06-24 14:20,2081
2020-06-24 14:25,2107
2020-06-24 14:30,2122
2020-06-24 14:35,2130
2020-06-24 14:40,2136
2020-06-24 14:45,2160
2020-06-24 14:50,2168
2020-06-24 14:55,2166
2020-06-24 15:00,2202
2020-06-24 15:05,2227
2020-06-24 15:10,2253
2020-06-24 15:15,2259
2020-06-24 15:20,2302
2020-06-24 15:25,2319
2020-06-24 15:30,2309
2020-06-24 15:35,2316
2020-06-24 15:40,2342
2020-06-24 15:45,2350
2020-06-24 15:50,2346
2020-06-24 15:55,2356
2020-06-24 16:00,2366
2020-06-24 16:05,2396
2020-06-24 16:10,2392
2020-06-24 16:15,2392
2020-06-24 16:20,2392
2020-06-24 16:25,2409
2020-06-24 16:30,2437
2020-06-24 16:35,2462
2020-06-24 16:40,2483
2020-06-24 16:45,2528
2020-06-24 16:50,2528
2020-06-24 16:55,2521
2020-06-24 17:00,2528
2020-06-24 17:05,2549
2020-06-24 17:10,2554
2020-06-24 17:15,2562
2020-06-24 17:20,2549
2020-06-24 17:25,2565
2020-06-24 17:30,2592
2020-06-24 17:35,2610
2020-06-24 17:40,2629
2020-06-24 17:45,2659
2020-06-24 17:50,
2020-06-24 17:55,2717
2020-06-24 18:00,2708
2020-06-24 18:05,2706
2020-06-24 18:10,2702
2020-06-24 18:15,2676
2020-06-24 18:20,2670
2020-06-24 18:25,2668
2020-06-24 18:30,2663
2020-06-24 18:35,2669
2020-06-24 18:40,2622
2020-06-24 18:45,2646
2020-06-24 18:50,2652
2020-06-24 18:55,2668
2020-06-24 19:00,2686
2020-06-24 19:05,2682
2020-06-24 19:10,2676
2020-06-24 19:15,2680
2020-06-24 19:20,2713
2020-06-24 19:25,2725
2020-06-24 19:30,2730
2020-06-24 19:35,2728
2020-06-24 19:40,2740
2020-06-24 19:45,2752
2020-06-24 19:50,2750
2020-06-24 19:55,2731
2020-06-24 20:00,2721
2020-06-24 20:05,2683
2020-06-24 20:10,2669
2020-06-24 20:15,2652
2020-06-24 20:20,2673
2020-06-24 20:25,2655
2020-06-24 20:30,2656
2020-06-24 20:35,2625
2020-06-24 20:40,2622
2020-06-24 20:45,2616
2020-06-24 20:50,2572
2020-06-24 20:55,2552
2020-06-24 21:00,2538
2020-06-24 21:05,2533
2020-06-24 21:10,2519
2020-06-24 21:15,2506
2020-06-24 21:20,2474
2020-06-24 21:25,2452
2020-06-24 21:30,2455
2020-06-24 21:35,2450
2020-06-24 21:40,2417
2020-06-24 21:45,2396
2020-06-24 21:50,2405
2020-06-24 21:55,2371
2020-06-24 22:00,2354
2020-06-24 22:05,2318
2020-06-24 22:10,2265
2020-06-24 22:15,2252
2020-06-24 22:20,2232
2020-06-24 22:25,2191
2020-06-24 22:30,2159
2020-06-24 22:35,2129
2020-06-24 22:40,2109
2020-06-24 22:45,2112
2020-06-24 22:50,2103
2020-06-24 22:55,2095
2020-06-24 23:00,2113
2020-06-24 23:05,2103
2020-06-24 23:10,2065
2020-06-24 23:15,2040
2020-06-24 23:20,2043
2020-06-24 23:25,2038
2020-06-24 23:30,2025
2020-06-24 23:35,2032
2020-06-24 23:40,2021
2020-06-24 23:45,2009
2020-06-24 23:50,1991
2020-06-24 23:55,1980
2020-06-25 00:00,
2020-06-25 00:05,1957
2020-06-25 00:10,1964
2020-06-25 00:15,1960
2020-06-25 00:20,1961
2020-06-25 00:25,1946
2020-06-25 00:30,1948
2020-06-25 00:35,1939
2020-06-25 00:40,1937
2020-06-25 00:45,1917
2020-06-25 00:50,1889
2020-06-25 00:55,1887
2020-06-25 01:00,1871
2020-06-25 01:05,1869
2020-06-25 01:10,1874
2020-06-25 01:15,1869
2020-06-25 01:20,1853
2020-06-25 01:25,1852
2020-06-25 01:30,1824
2020-06-25 01:35,1827
2020-06-25 01:40,1805
2020-06-25 01:45,1783
2020-06-25 01:50,1749
2020-06-25 01:55,1744
2020-06-25 02:00,1750
2020-06-25 02:05,1754
2020-06-25 02:10,1748
2020-06-25 02:15,1746
2020-06-25 02:20,1752
2020-06-25 02:25,1728
2020-06-25 02:30,1738
2020-06-25 02:35,1713
2020-06-25 02:40,1697
2020-06-25 02:45,1692
2020-06-25 02:50,1667
2020-06-25 02:55,1657
2020-06-25 03:00,1633
2020-06-25 03:05,1620
2020-06-25 03:10,1602
2020-06-25 03:15,1589
2020-06-25 03:20,1593
2020-06-25 03:25,1572
2020-06-25 03:30,1560
2020-06-25 03:35,1530
2020-06-25 03:40,1515
2020-06-25 03:45,1505
2020-06-25 03:50,1495
2020-06-25 03:55,1492
2020-06-25 04:00,1470
2020-06-25 04:05,1466
2020-06-25 04:10,1459
2020-06-25 04:15,1461
2020-06-25 04:20,1449
2020-06-25 04:25,1435
2020-06-25 04:30,1405
2020-06-25 04:35,1414
2020-06-25 04:40,1406
2020-06-25 04:45,1386
2020-06-25 04:50,1384
2020-06-25 04:55,1369
2020-06-25 05:00,1343
2020-06-25 05:05,1344
2020-06-25 05:10,1325
2020-06-25 05:15,1328
2020-06-25 05:20,1309
2020-06-25 05:25,1301
2020-06-25 05:30,1307
2020-06-25 05:35,1294
2020-06-25 05:40,1288
2020-06-25 05:45,1304
2020-06-25 05:50,1291
2020-06-25 05:55,1290
2020-06-25 06:00,1280
2020-06-25 06:05,1293
2020-06-25 06:10,1279
2020-06-25 06:15,1279
2020-06-25 06:20,1274
2020-06-25 06:25,1265
2020-06-25 06:30,1269
2020-06-25 06:35,1262
2020-06-25 06:40,1257
2020-06-25 06:45,1245
2020-06-25 06:50,1235
2020-06-25 06:55,1230
2020-06-25 07:00,1247
2020-06-25 07:05,1231
2020-06-25 07:10,1237
2020-06-25 07:15,1253
2020-06-25 07:20,1244
2020-06-25 07:25,1227
2020-06-25 07:30,1229
2020-06-25 07:35,1243
2020-06-25 07:40,1242
2020-06-25 07:45,1268
2020-06-25 07:50,1276
2020-06-25 07:55,1279
2020-06-25 08:00,1277
2020-06-25 08:05,1285
2020-06-25 08:10,1292
2020-06-25 08:15,1278
2020-06-25 08:20,1267
2020-06-25 08:25,1280
2020-06-25 08:30,1304
2020-06-25 08:35,1310
2020-06-25 08:40,1324
2020-06-25 08:45,1324
2020-06-25 08:50,1339
2020-06-25 08:55,1355
2020-06-25 09:00,1367
2020-06-25 09:05,1385
2020-06-25 09:10,1377
2020-06-25 09:15,1383
2020-06-25 09:20,1401
2020-06-25 09:25,1416
2020-06-25 09:30,1436
2020-06-25 09:35,1448
2020-06-25 09:40,1462
2020-06-25 09:45,1467
2020-06-25 09:50,1465
2020-06-25 09:55,1482
2020-06-25 10:00,1495
2020-06-25 10:05,1553
2020-06-25 10:10,1587
2020-06-25 10:15,1602
2020-06-25 10:20,1620
2020-06-25 10:25,1637
2020-06-25 10:30,1656
2020-06-25 10:35,1666
2020-06-25 10:40,1662
2020-06-25 10:45,1647
2020-06-25 10:50,1664
2020-06-25 10:55,1666
2020-06-25 11:00,1665
2020-06-25 11:05,1676
2020-06-25 11:10,1681
2020-06-25 11:15,1696
2020-06-25 11:20,1702
2020-06-25 11:25,1702
2020-06-25 11:30,1699
2020-06-25 11:35,1697
2020-06-25 11:40,1678
2020-06-25 11:45,1564
2020-06-25 11:50,1604
2020-06-25 11:55,1532
2020-06-25 12:00,1411
2020-06-25 12:05,907
2020-06-25 12:10,660
2020-06-25 12:15,635
2020-06-25 12:20,577
2020-06-25 12:25,550
2020-06-25 12:30,535
2020-06-25 12:35,520
2020-06-25 12:40,502
2020-06-25 12:45,491
2020-06-25 12:50,500
2020-06-25 12:55,501
2020-06-25 13:00,484
2020-06-25 13:05,488
2020-06-25 13:10,493
2020-06-25 13:15,479
2020-06-25 13:20,494
2020-06-25 13:25,495
2020-06-25 13:30,497
2020-06-25 13:35,504
2020-06-25 13:40,511
2020-06-25 13:45,522
2020-06-25 13:50,530
2020-06-25 13:55,515
2020-06-25 14:00,532
2020-06-25 14:05,561
2020-06-25 14:10,583
2020-06-25 14:15,592
2020-06-25 14:20,602
2020-06-25 14:25,630
2020-06-25 14:30,664
2020-06-25 14:35,689
2020-06-25 14:40,709
2020-06-25 14:45,735
2020-06-25 14:50,755
2020-06-25 14:55,777
2020-06-25 15:00,785
2020-06-25 15:05,797
2020-06-25 15:10,819
2020-06-25 15:15,848
2020-06-25 15:20,887
2020-06-25 15:25,873
2020-06-25 15:30,992
2020-06-25 15:35,1110
2020-06-25 15:40,1205
2020-06-25 15:45,1287
2020-06-25 15:50,1376
2020-06-25 15:55,1476
2020-06-25 16:00,1549
2020-06-25 16:05,1639
2020-06-25 16:10,1730
2020-06-25 16:15,1823
2020-06-25 16:20,1893
2020-06-25 16:25,1956
2020-06-25 16:30,2023
2020-06-25 16:35,2101
2020-06-25 16:40,2158
2020-06-25 16:45,2214
2020-06-25 16:50,2269
2020-06-25 16:55,2289
2020-06-25 17:00,2324
2020-06-25 17:05,2355
2020-06-25 17:10,
2020-06-25 17:15,
2020-06-25 17:20,
2020-06-25 17:25,
2020-06-25 17:30,
2020-06-25 17:35,
2020-06-25 17:40,
2020-06-25 17:45,
2020-06-25 17:50,2557
2020-06-25 17:55,2558
2020-06-25 18:00,2589
2020-06-25 18:05,2613
2020-06-25 18:10,2672
2020-06-25 18:15,2672
2020-06-25 18:20,2693
2020-06-25 18:25,2686
2020-06-25 18:30,2686
2020-06-25 18:35,2716
2020-06-25 18:40,2745
2020-06-25 18:45,2766
2020-06-25 18:50,2723
2020-06-25 18:55,2781
2020-06-25 19:00,2808
2020-06-25 19:05,2818
2020-06-25 19:10,2814
2020-06-25 19:15,2798
2020-06-25 19:20,2798
2020-06-25 19:25,2790
2020-06-25 19:30,2806
2020-06-25 19:35,2797
2020-06-25 19:40,2797
2020-06-25 19:45,2806
2020-06-25 19:50,2798
2020-06-25 19:55,2809
2020-06-25 20:00,2803
2020-06-25 20:05,2800
2020-06-25 20:10,2786
2020-06-25 20:15,2763
2020-06-25 20:20,2740
2020-06-25 20:25,2754
2020-06-25 20:30,2739
2020-06-25 20:35,2713
2020-06-25 20:40,2704
2020-06-25 20:45,2703
2020-06-25 20:50,2692
2020-06-25 20:55,2684
2020-06-25 21:00,2659
2020-06-25 21:05,2646
2020-06-25 21:10,2601
2020-06-25 21:15,2585
2020-06-25 21:20,2553
2020-06-25 21:25,2527
2020-06-25 21:30,2526
2020-06-25 21:35,2478
2020-06-25 21:40,2467
2020-06-25 21:45,2437
2020-06-25 21:50,2405
2020-06-25 21:55,2388
2020-06-25 22:00,2376
2020-06-25 22:05,2343
2020-06-25 22:10,2293
2020-06-25 22:15,
2020-06-25 22:20,2278
2020-06-25 22:25,2239
2020-06-25 22:30,2199
2020-06-25 22:35,2174
2020-06-25 22:40,2179
2020-06-25 22:45,2156
2020-06-25 22:50,2130
2020-06-25 22:55,2089
2020-06-25 23:00,2052
2020-06-25 23:05,2038
2020-06-25 23:10,2044
2020-06-25 23:15,2047
2020-06-25 23:20,2043
2020-06-25 23:25,2035
2020-06-25 23:30,2008
2020-06-25 23:35,2006
2020-06-25 23:40,1996
2020-06-25 23:45,1983
2020-06-25 23:50,1979
2020-06-25 23:55,1975
2020-06-26 00:00,1947
2020-06-26 00:05,1906
2020-06-26 00:10,1902
2020-06-26 00:15,1882
2020-06-26 00:20,1880
2020-06-26 00:25,1866
2020-06-26 00:30,1873
2020-06-26 00:35,1872
2020-06-26 00:40,1880
2020-06-26 00:45,1868
2020-06-26 00:50,1856
2020-06-26 00:55,1841
2020-06-26 01:00,1827
2020-06-26 01:05,1808
2020-06-26 01:10,1790
2020-06-26 01:15,1775
2020-06-26 01:20,1772
2020-06-26 01:25,1765
2020-06-26 01:30,
2020-06-26 01:35,1748
2020-06-26 01:40,1747
2020-06-26 01:45,1727
2020-06-26 01:50,1710
2020-06-26 01:55,1712
2020-06-26 02:00,1719
2020-06-26 02:05,1686
2020-06-26 02:10,1673
2020-06-26 02:15,1660
2020-06-26 02:20,1635
2020-06-26 02:25,1611
2020-06-26 02:30,1592
2020-06-26 02:35,1583
2020-06-26 02:40,1579
2020-06-26 02:45,1575
2020-06-26 02:50,1554
2020-06-26 02:55,1538
2020-06-26 03:00,1502
2020-06-26 03:05,1512
2020-06-26 03:10,1517
2020-06-26 03:15,1493
2020-06-26 03:20,1502
2020-06-26 03:25,1475
2020-06-26 03:30,1495
2020-06-26 03:35,1448
2020-06-26 03:40,1456
2020-06-26 03:45,1423
2020-06-26 03:50,1456
2020-06-26 03:55,1456
2020-06-26 04:00,1454
2020-06-26 04:05,1423
2020-06-26 04:10,1411
2020-06-26 04:15,1393
2020-06-26 04:20,1396
2020-06-26 04:25,1373
2020-06-26 04:30,1364
2020-06-26 04:35,1336
2020-06-26 04:40,1330
2020-06-26 04:45,1319
2020-06-26 04:50,1314
2020-06-26 04:55,1306
2020-06-26 05:00,1294
2020-06-26 05:05,1292
2020-06-26 05:10,1267
2020-06-26 05:15,1266
2020-06-26 05:20,1254
2020-06-26 05:25,1252
2020-06-26 05:30,1233
2020-06-26 05:35,1237
2020-06-26 05:40,1239
2020-06-26 05:45,1235
2020-06-26 05:50,1234
2020-06-26 05:55,1237
2020-06-26 06:00,1219
2020-06-26 06:05,1216
2020-06-26 06:10,1220
2020-06-26 06:15,1206
2020-06-26 06:20,1203
2020-06-26 06:25,1191
2020-06-26 06:30,1204
2020-06-26 06:35,1211
2020-06-26 06:40,1223
2020-06-26 06:45,1237
2020-06-26 06:50,1224
2020-06-26 06:55,1217
2020-06-26 07:00,1215
2020-06-26 07:05,1228
2020-06-26 07:10,1233
2020-06-26 07:15,1248
2020-06-26 07:20,1249
2020-06-26 07:25,1238
2020-06-26 07:30,1225
2020-06-26 07:35,1231
2020-06-26 07:40,1244
2020-06-26 07:45,1253
2020-06-26 07:50,1255
2020-06-26 07:55,1259
2020-06-26 08:00,1266
2020-06-26 08:05,1260
2020-06-26 08:10,1247
2020-06-26 08:15,1249
2020-06-26 08:20,1247
2020-06-26 08:25,1256
2020-06-26 08:30,1263
2020-06-26 08:35,1271
2020-06-26 08:40,1282
2020-06-26 08:45,1289
2020-06-26 08:50,1307
2020-06-26 08:55,1327
2020-06-26 09:00,1337
2020-06-26 09:05,1342
2020-06-26 09:10,1348
2020-06-26 09:15,1341
2020-06-26 09:20,1329
2020-06-26 09:25,1331
2020-06-26 09:30,1343
2020-06-26 09:35,1364
2020-06-26 09:40,1362
2020-06-26 09:45,1394
2020-06-26 09:50,1393
2020-06-26 09:55,1407
2020-06-26 10:00,1434
2020-06-26 10:05,1483
2020-06-26 10:10,1497
2020-06-26 10:15,1496
2020-06-26 10:20,1506
2020-06-26 10:25,1518
2020-06-26 10:30,1517
2020-06-26 10:35,1526
2020-06-26 10:40,1546
2020-06-26 10:45,1538
2020-06-26 10:50,1546
2020-06-26 10:55,1587
2020-06-26 11:00,1586
2020-06-26 11:05,1591
2020-06-26 11:10,1592
2020-06-26 11:15,1596
2020-06-26 11:20,1617
2020-06-26 11:25,1613
2020-06-26 11:30,1619
2020-06-26 11:35,1639
2020-06-26 11:40,1673
2020-06-26 11:45,1687
2020-06-26 11:50,1670
2020-06-26 11:55,1688
2020-06-26 12:00,1713
2020-06-26 12:05,1723
2020-06-26 12:10,1719
2020-06-26 12:15,1719
2020-06-26 12:20,1732
2020-06-26 12:25,1748
2020-06-26 12:30,1746
2020-06-26 12:35,1768
2020-06-26 12:40,1771
2020-06-26 12:45,1776
2020-06-26 12:50,1773
2020-06-26 12:55,1801
2020-06-26 13:00,1815
2020-06-26 13:05,1817
2020-06-26 13:10,1829
2020-06-26 13:15,1848
2020-06-26 13:20,1849
2020-06-26 13:25,1860
2020-06-26 13:30,1871
2020-06-26 13:35,1859
2020-06-26 13:40,1859
2020-06-26 13:45,1880
2020-06-26 13:50,1860
2020-06-26 13:55,1891
2020-06-26 14:00,1886
2020-06-26 14:05,1867
2020-06-26 14:10,1891
2020-06-26 14:15,1897
2020-06-26 14:20,1907
2020-06-26 14:25,1929
2020-06-26 14:30,1948
2020-06-26 14:35,1944
2020-06-26 14:40,1955
2020-06-26 14:45,1971
2020-06-26 14:50,1975
2020-06-26 14:55,1981
2020-06-26 15:00,2004
2020-06-26 15:05,2031
2020-06-26 15:10,2033
2020-06-26 15:15,2050
2020-06-26 15:20,2067
2020-06-26 15:25,2085
2020-06-26 15:30,2130
2020-06-26 15:35,2126
2020-06-26 15:40,2148
2020-06-26 15:45,2149
2020-06-26 15:50,2169
2020-06-26 15:55,2181
2020-06-26 16:00,2187
2020-06-26 16:05,2188
2020-06-26 16:10,2208
2020-06-26 16:15,2225
2020-06-26 16:20,2213
2020-06-26 16:25,2224
2020-06-26 16:30,2244
2020-06-26 16:35,2278
2020-06-26 16:40,2310
2020-06-26 16:45,2314
2020-06-26 16:50,2330
2020-06-26 16:55,2350
2020-06-26 17:00,2355
2020-06-26 17:05,2348
2020-06-26 17:10,2358
2020-06-26 17:15,2355
2020-06-26 17:20,2341
2020-06-26 17:25,2355
2020-06-26 17:30,2339
2020-06-26 17:35,2333
2020-06-26 17:40,2331
2020-06-26 17:45,2324
2020-06-26 17:50,2306
2020-06-26 17:55,2328
2020-06-26 18:00,2344
2020-06-26 18:05,2351
2020-06-26 18:10,2353
2020-06-26 18:15,2353
2020-06-26 18:20,2369
2020-06-26 18:25,2374
2020-06-26 18:30,2351
2020-06-26 18:35,2365
2020-06-26 18:40,2376
2020-06-26 18:45,2373
2020-06-26 18:50,2390
2020-06-26 18:55,2361
2020-06-26 19:00,2351
2020-06-26 19:05,2357
2020-06-26 19:10,2344
2020-06-26 19:15,2360
2020-06-26 19:20,2381
2020-06-26 19:25,2371
2020-06-26 19:30,2357
2020-06-26 19:35,2379
2020-06-26 19:40,2384
2020-06-26 19:45,2397
2020-06-26 19:50,2371
2020-06-26 19:55,2356
2020-06-26 20:00,2351
2020-06-26 20:05,2381
2020-06-26 20:10,2380
2020-06-26 20:15,2348
2020-06-26 20:20,2337
2020-06-26 20:25,2321
2020-06-26 20:30,2328
2020-06-26 20:35,2308
2020-06-26 20:40,2327
2020-06-26 20:45,2339
2020-06-26 20:50,2333
2020-06-26 20:55,2321
2020-06-26 21:00,2319
2020-06-26 21:05,2303
2020-06-26 21:10,2280
2020-06-26 21:15,2287
2020-06-26 21:20,2275
2020-06-26 21:25,2249
2020-06-26 21:30,2232
2020-06-26 21:35,2205
2020-06-26 21:40,2198
2020-06-26 21:45,2154
2020-06-26 21:50,2130
2020-06-26 21:55,2111
2020-06-26 22:00,2102
2020-06-26 22:05,2097
2020-06-26 22:10,2076
2020-06-26 22:15,2076
2020-06-26 22:20,2072
2020-06-26 22:25,2076
2020-06-26 22:30,2050
2020-06-26 22:35,2020
2020-06-26 22:40,2015
2020-06-26 22:45,1998
2020-06-26 22:50,1987
2020-06-26 22:55,1972
2020-06-26 23:00,1956
2020-06-26 23:05,1931
2020-06-26 23:10,1940
2020-06-26 23:15,1934
2020-06-26 23:20,1923
2020-06-26 23:25,1896
2020-06-26 23:30,1874
2020-06-26 23:35,1858
2020-06-26 23:40,1848
2020-06-26 23:45,1851
2020-06-26 23:50,1836
2020-06-26 23:55,1815
2020-06-27 00:00,1801
2020-06-27 00:05,1779
2020-06-27 00:10,1784
2020-06-27 00:15,1757
2020-06-27 00:20,1759
2020-06-27 00:25,1746
2020-06-27 00:30,1743
2020-06-27 00:35,1728
2020-06-27 00:40,1691
2020-06-27 00:45,1675
2020-06-27 00:50,1672
2020-06-27 00:55,1653
2020-06-27 01:00,1636
2020-06-27 01:05,1623
2020-06-27 01:10,1635
2020-06-27 01:15,1636
2020-06-27 01:20,1632
2020-06-27 01:25,1632
2020-06-27 01:30,1609
2020-06-27 01:35,1623
2020-06-27 01:40,1623
2020-06-27 01:45,1622
2020-06-27 01:50,1607
2020-06-27 01:55,1599
2020-06-27 02:00,1580
2020-06-27 02:05,1571
2020-06-27 02:10,1581
2020-06-27 02:15,1585
2020-06-27 02:20,1562
2020-06-27 02:25,1554
2020-06-27 02:30,1539
2020-06-27 02:35,1536
2020-06-27 02:40,1518
2020-06-27 02:45,1491
2020-06-27 02:50,1469
2020-06-27 02:55,1435
2020-06-27 03:00,1427
2020-06-27 03:05,1449
2020-06-27 03:10,1438
2020-06-27 03:15,1427
2020-06-27 03:20,1422
2020-06-27 03:25,1418
2020-06-27 03:30,1396
2020-06-27 03:35,1376
2020-06-27 03:40,1384
2020-06-27 03:45,1369
2020-06-27 03:50,1359
2020-06-27 03:55,1370
2020-06-27 04:00,1369
2020-06-27 04:05,1355
2020-06-27 04:10,1353
2020-06-27 04:15,1348
2020-06-27 04:20,1344
2020-06-27 04:25,1335
2020-06-27 04:30,1317
2020-06-27 04:35,1314
2020-06-27 04:40,1311
2020-06-27 04:45,1290
2020-06-27 04:50,1293
2020-06-27 04:55,1293
2020-06-27 05:00,1285
2020-06-27 05:05,1282
2020-06-27 05:10,1276
2020-06-27 05:15,1283
2020-06-27 05:20,1287
2020-06-27 05:25,1286
2020-06-27 05:30,1281
2020-06-27 05:35,1285
2020-06-27 05:40,1271
2020-06-27 05:45,1272
2020-06-27 05:50,1264
2020-06-27 05:55,1257
2020-06-27 06:00,1255
2020-06-27 06:05,1251
2020-06-27 06:10,1252
2020-06-27 06:15,1259
2020-06-27 06:20,1262
2020-06-27 06:25,1275
2020-06-27 06:30,1289
2020-06-27 06:35,1293
2020-06-27 06:40,1298
2020-06-27 06:45,1284
2020-06-27 06:50,1290
2020-06-27 06:55,1264
2020-06-27 07:00,1265
2020-06-27 07:05,1263
2020-06-27 07:10,1278
2020-06-27 07:15,1279
2020-06-27 07:20,1284
2020-06-27 07:25,1285
2020-06-27 07:30,1300
2020-06-27 07:35,1310
2020-06-27 07:40,1291
2020-06-27 07:45,1286
2020-06-27 07:50,1298
2020-06-27 07:55,1299
2020-06-27 08:00,1315
2020-06-27 08:05,1328
2020-06-27 08:10,1331
2020-06-27 08:15,1348
2020-06-27 08:20,1363
2020-06-27 08:25,1358
2020-06-27 08:30,1383
2020-06-27 08:35,1387
2020-06-27 08:40,1401
2020-06-27 08:45,1395
2020-06-27 08:50,1386
2020-06-27 08:55,1365
2020-06-27 09:00,1393
2020-06-27 09:05,1410
2020-06-27 09:10,1431
2020-06-27 09:15,1426
2020-06-27 09:20,1432
2020-06-27 09:25,1448
2020-06-27 09:30,1452
2020-06-27 09:35,1453
2020-06-27 09:40,1452
2020-06-27 09:45,1455
2020-06-27 09:50,1465
2020-06-27 09:55,1471
2020-06-27 10:00,1498
2020-06-27 10:05,1528
2020-06-27 10:10,1556
2020-06-27 10:15,1556
2020-06-27 10:20,1565
2020-06-27 10:25,1598
2020-06-27 10:30,1596
2020-06-27 10:35,1609
2020-06-27 10:40,1620
2020-06-27 10:45,1630
2020-06-27 10:50,1630
2020-06-27 10:55,1649
2020-06-27 11:00,1679
2020-06-27 11:05,1698
2020-06-27 11:10,1729
2020-06-27 11:15,1715
2020-06-27 11:20,1717
2020-06-27 11:25,1736
2020-06-27 11:30,1754
2020-06-27 11:35,1767
2020-06-27 11:40,1780
2020-06-27 11:45,1803
2020-06-27 11:50,1807
2020-06-27 11:55,1843
2020-06-27 12:00,1845
2020-06-27 12:05,1838
2020-06-27 12:10,1877
2020-06-27 12:15,1882
2020-06-27 12:20,1911
2020-06-27 12:25,1934
2020-06-27 12:30,1932
2020-06-27 12:35,1949
2020-06-27 12:40,1956
2020-06-27 12:45,1962
2020-06-27 12:50,1978
2020-06-27 12:55,2005
2020-06-27 13:00,2009
2020-06-27 13:05,2021
2020-06-27 13:10,2035
2020-06-27 13:15,2067
2020-06-27 13:20,2059
2020-06-27 13:25,2064
2020-06-27 13:30,2080
2020-06-27 13:35,2087
2020-06-27 13:40,2096
2020-06-27 13:45,2133
2020-06-27 13:50,2127
2020-06-27 13:55,2119
2020-06-27 14:00,2147
2020-06-27 14:05,2169
2020-06-27 14:10,2173
2020-06-27 14:15,2161
2020-06-27 14:20,2152
2020-06-27 14:25,2159
2020-06-27 14:30,2164
2020-06-27 14:35,2176
2020-06-27 14:40,2171
2020-06-27 14:45,2190
2020-06-27 14:50,2189
2020-06-27 14:55,2195
2020-06-27 15:00,2224
2020-06-27 15:05,2216
2020-06-27 15:10,2205
2020-06-27 15:15,2205
2020-06-27 15:20,2192
2020-06-27 15:25,2209
2020-06-27 15:30,2216
2020-06-27 15:35,2239
2020-06-27 15:40,2263
2020-06-27 15:45,2273
2020-06-27 15:50,2288
2020-06-27 15:55,2295
2020-06-27 16:00,2295
2020-06-27 16:05,2299
2020-06-27 16:10,2292
2020-06-27 16:15,2293
2020-06-27 16:20,2307
2020-06-27 16:25,2332
2020-06-27 16:30,2351
2020-06-27 16:35,2351
2020-06-27 16:40,2347
2020-06-27 16:45,2368
2020-06-27 16:50,2370
2020-06-27 16:55,2366
2020-06-27 17:00,2378
2020-06-27 17:05,2373
2020-06-27 17:10,2381
2020-06-27 17:15,2418
2020-06-27 17:20,2392
2020-06-27 17:25,2418
2020-06-27 17:30,2431
2020-06-27 17:35,2447
2020-06-27 17:40,2446
2020-06-27 17:45,2454
2020-06-27 17:50,2446
2020-06-27 17:55,2443
2020-06-27 18:00,2453
2020-06-27 18:05,2465
2020-06-27 18:10,2456
2020-06-27 18:15,2458
2020-06-27 18:20,2463
2020-06-27 18:25,2470
2020-06-27 18:30,2468
2020-06-27 18:35,2471
2020-06-27 18:40,2474
2020-06-27 18:45,2495
2020-06-27 18:50,2514
2020-06-27 18:55,2521
2020-06-27 19:00,2499
2020-06-27 19:05,2487
2020-06-27 19:10,2471
2020-06-27 19:15,2455
2020-06-27 19:20,2459
2020-06-27 19:25,2462
2020-06-27 19:30,2477
2020-06-27 19:35,2503
2020-06-27 19:40,2491
2020-06-27 19:45,2514
2020-06-27 19:50,2512
2020-06-27 19:55,2532
2020-06-27 20:00,2534
2020-06-27 20:05,2542
2020-06-27 20:10,2536
2020-06-27 20:15,2523
2020-06-27 20:20,2485
2020-06-27 20:25,2487
2020-06-27 20:30,2483
2020-06-27 20:35,2453
2020-06-27 20:40,2449
2020-06-27 20:45,2446
2020-06-27 20:50,2430
2020-06-27 20:55,2411
2020-06-27 21:00,2426
2020-06-27 21:05,2415
2020-06-27 21:10,2387
2020-06-27 21:15,2383
2020-06-27 21:20,2371
2020-06-27 21:25,2358
2020-06-27 21:30,2341
2020-06-27 21:35,2324
2020-06-27 21:40,2298
2020-06-27 21:45,2272
2020-06-27 21:50,2237
2020-06-27 21:55,2228
2020-06-27 22:00,2198
2020-06-27 22:05,2196
2020-06-27 22:10,2166
2020-06-27 22:15,2145
2020-06-27 22:20,2142
2020-06-27 22:25,2122
2020-06-27 22:30,2100
2020-06-27 22:35,2093
2020-06-27 22:40,2076
2020-06-27 22:45,2058
2020-06-27 22:50,2042
2020-06-27 22:55,2032
2020-06-27 23:00,2034
2020-06-27 23:05,1995
2020-06-27 23:10,2006
2020-06-27 23:15,1997
2020-06-27 23:20,2000
2020-06-27 23:25,1976
2020-06-27 23:30,1980
2020-06-27 23:35,1969
2020-06-27 23:40,1938
2020-06-27 23:45,1922
2020-06-27 23:50,1912
2020-06-27 23:55,1883
2020-06-28 00:00,1868
2020-06-28 00:05,1868
2020-06-28 00:10,1852
2020-06-28 00:15,1832
2020-06-28 00:20,1816
2020-06-28 00:25,1813
2020-06-28 00:30,1820
2020-06-28 00:35,1799
2020-06-28 00:40,1767
2020-06-28 00:45,1749
2020-06-28 00:50,1746
2020-06-28 00:55,1735
2020-06-28 01:00,1729
2020-06-28 01:05,1742
2020-06-28 01:10,1736
2020-06-28 01:15,1740
2020-06-28 01:20,1720
2020-06-28 01:25,1714
2020-06-28 01:30,1707
2020-06-28 01:35,1691
2020-06-28 01:40,1688
2020-06-28 01:45,1688
2020-06-28 01:50,1694
2020-06-28 01:55,1680
2020-06-28 02:00,1686
2020-06-28 02:05,1703
2020-06-28 02:10,1701
2020-06-28 02:15,1691
2020-06-28 02:20,1670
2020-06-28 02:25,1635
2020-06-28 02:30,1618
2020-06-28 02:35,1608
2020-06-28 02:40,1619
2020-06-28 02:45,1604
2020-06-28 02:50,1590
2020-06-28 02:55,1600
2020-06-28 03:00,1587
2020-06-28 03:05,1578
2020-06-28 03:10,1564
2020-06-28 03:15,1544
2020-06-28 03:20,1530
2020-06-28 03:25,1529
2020-06-28 03:30,1514
2020-06-28 03:35,1511
2020-06-28 03:40,1507
2020-06-28 03:45,1494
2020-06-28 03:50,1498
2020-06-28 03:55,1480
2020-06-28 04:00,1462
2020-06-28 04:05,1458
2020-06-28 04:10,1468
2020-06-28 04:15,1462
2020-06-28 04:20,1454
2020-06-28 04:25,1436
2020-06-28 04:30,1441
2020-06-28 04:35,1432
2020-06-28 04:40,1442
2020-06-28 04:45,1444
2020-06-28 04:50,1433
2020-06-28 04:55,1423
2020-06-28 05:00,1440
2020-06-28 05:05,1418
2020-06-28 05:10,1399
2020-06-28 05:15,1386
2020-06-28 05:20,1383
2020-06-28 05:25,1365
2020-06-28 05:30,1369
2020-06-28 05:35,1349
2020-06-28 05:40,1343
2020-06-28 05:45,1332
2020-06-28 05:50,1300
2020-06-28 05:55,1304
2020-06-28 06:00,1284
2020-06-28 06:05,1253
2020-06-28 06:10,1245
2020-06-28 06:15,1235
2020-06-28 06:20,1255
2020-06-28 06:25,1256
2020-06-28 06:30,1272
2020-06-28 06:35,1280
2020-06-28 06:40,1293
2020-06-28 06:45,1296
2020-06-28 06:50,1299
2020-06-28 06:55,1302
2020-06-28 07:00,1308
2020-06-28 07:05,1316
2020-06-28 07:10,1308
2020-06-28 07:15,1313
2020-06-28 07:20,1317
2020-06-28 07:25,1323
2020-06-28 07:30,1326
2020-06-28 07:35,1334
2020-06-28 07:40,1350
2020-06-28 07:45,1354
2020-06-28 07:50,1347
2020-06-28 07:55,1360
2020-06-28 08:00,1381
2020-06-28 08:05,1392
2020-06-28 08:10,1406
2020-06-28 08:15,1427
2020-06-28 08:20,1457
2020-06-28 08:25,1464
2020-06-28 08:30,1452
2020-06-28 08:35,1473
2020-06-28 08:40,1483
2020-06-28 08:45,1482
2020-06-28 08:50,1496
2020-06-28 08:55,1506
2020-06-28 09:00,1505
2020-06-28 09:05,1520
2020-06-28 09:10,1547
2020-06-28 09:15,1570
2020-06-28 09:20,1595
2020-06-28 09:25,1619
2020-06-28 09:30,1634
2020-06-28 09:35,1640
2020-06-28 09:40,1648
2020-06-28 09:45,1636
2020-06-28 09:50,1654
2020-06-28 09:55,1665
2020-06-28 10:00,1691
2020-06-28 10:05,1745
2020-06-28 10:10,1781
2020-06-28 10:15,1799
2020-06-28 10:20,1798
2020-06-28 10:25,1802
2020-06-28 10:30,1820
2020-06-28 10:35,1845
2020-06-28 10:40,1806
2020-06-28 10:45,1817
2020-06-28 10:50,1802
2020-06-28 10:55,1783
2020-06-28 11:00,1782
2020-06-28 11:05,1769
2020-06-28 11:10,1778
2020-06-28 11:15,1783
2020-06-28 11:20,1798
2020-06-28 11:25,1817
2020-06-28 11:30,1859
2020-06-28 11:35,1895
2020-06-28 11:40,1904
2020-06-28 11:45,1893
2020-06-28 11:50,1884
2020-06-28 11:55,1900
2020-06-28 12:00,1919
2020-06-28 12:05,1911
2020-06-28 12:10,1889
2020-06-28 12:15,1887
2020-06-28 12:20,1909
2020-06-28 12:25,1952
2020-06-28 12:30,1960
2020-06-28 12:35,1995
2020-06-28 12:40,2019
2020-06-28 12:45,2010
2020-06-28 12:50,2013
2020-06-28 12:55,2013
2020-06-28 13:00,2023
2020-06-28 13:05,2030
2020-06-28 13:10,2045
2020-06-28 13:15,2059
2020-06-28 13:20,2063
2020-06-28 13:25,2098
2020-06-28 13:30,2109
2020-06-28 13:35,2131
2020-06-28 13:40,2147
2020-06-28 13:45,2159
2020-06-28 13:50,2192
2020-06-28 13:55,2222
2020-06-28 14:00,2218
2020-06-28 14:05,2240
2020-06-28 14:10,2240
2020-06-28 14:15,2241
2020-06-28 14:20,2247
2020-06-28 14:25,2247
2020-06-28 14:30,2247
2020-06-28 14:35,2273
2020-06-28 14:40,2295
2020-06-28 14:45,2306
2020-06-28 14:50,2306
2020-06-28 14:55,2335
2020-06-28 15:00,2341
2020-06-28 15:05,2342
2020-06-28 15:10,2352
2020-06-28 15:15,2353
2020-06-28 15:20,2353
2020-06-28 15:25,2372
2020-06-28 15:30,2376
2020-06-28 15:35,2402
2020-06-28 15:40,2395
2020-06-28 15:45,2408
2020-06-28 15:50,2438
2020-06-28 15:55,2451
2020-06-28 16:00,2458
2020-06-28 16:05,2472
2020-06-28 16:10,2472
2020-06-28 16:15,2462
2020-06-28 16:20,2455
2020-06-28 16:25,2425
2020-06-28 16:30,2440
2020-06-28 16:35,2424
2020-06-28 16:40,2415
2020-06-28 16:45,2414
2020-06-28 16:50,2462
2020-06-28 16:55,2479
2020-06-28 17:00,2497
2020-06-28 17:05,2493
2020-06-28 17:10,2512
2020-06-28 17:15,2518
2020-06-28 17:20,2528
2020-06-28 17:25,2549
2020-06-28 17:30,2566
2020-06-28 17:35,2564
2020-06-28 17:40,2594
2020-06-28 17:45,2610
2020-06-28 17:50,2613
2020-06-28 17:55,2621
2020-06-28 18:00,2644
2020-06-28 18:05,2637
2020-06-28 18:10,2657
2020-06-28 18:15,2673
2020-06-28 18:20,2660
2020-06-28 18:25,2671
2020-06-28 18:30,2678
2020-06-28 18:35,2673
2020-06-28 18:40,2675
2020-06-28 18:45,2676
2020-06-28 18:50,2691
2020-06-28 18:55,2681
2020-06-28 19:00,2700
2020-06-28 19:05,2706
2020-06-28 19:10,2685
2020-06-28 19:15,2701
2020-06-28 19:20,2690
2020-06-28 19:25,2656
2020-06-28 19:30,2637
2020-06-28 19:35,2641
2020-06-28 19:40,2637
2020-06-28 19:45,2636
2020-06-28 19:50,2627
2020-06-28 19:55,2602
2020-06-28 20:00,2603
2020-06-28 20:05,2603
2020-06-28 20:10,2572
2020-06-28 20:15,2558
2020-06-28 20:20,2563
2020-06-28 20:25,2533
2020-06-28 20:30,2515
2020-06-28 20:35,2500
2020-06-28 20:40,2503
2020-06-28 20:45,2504
2020-06-28 20:50,2490
2020-06-28 20:55,2464
2020-06-28 21:00,2419
2020-06-28 21:05,2385
2020-06-28 21:10,2385
2020-06-28 21:15,2359
2020-06-28 21:20,2329
2020-06-28 21:25,2287
2020-06-28 21:30,2274
2020-06-28 21:35,2230
2020-06-28 21:40,2190
2020-06-28 21:45,2145
2020-06-28 21:50,2133
2020-06-28 21:55,2113
2020-06-28 22:00,2095
2020-06-28 22:05,2081
2020-06-28 22:10,2037
2020-06-28 22:15,1989
2020-06-28 22:20,1972
2020-06-28 22:25,1944
2020-06-28 22:30,1930
2020-06-28 22:35,1930
2020-06-28 22:40,1912
2020-06-28 22:45,1901
2020-06-28 22:50,1882
2020-06-28 22:55,1895
2020-06-28 23:00,1883
2020-06-28 23:05,1871
2020-06-28 23:10,1854
2020-06-28 23:15,1835
2020-06-28 23:20,1818
2020-06-28 23:25,1782
2020-06-28 23:30,1769
2020-06-28 23:35,1770
2020-06-28 23:40,1755
2020-06-28 23:45,1742
2020-06-28 23:50,1760
2020-06-28 23:55,1748
2020-06-29 00:00,1744
2020-06-29 00:05,1736
2020-06-29 00:10,1728
2020-06-29 00:15,1713
2020-06-29 00:20,1715
2020-06-29 00:25,1705
2020-06-29 00:30,1702
2020-06-29 00:35,1701
2020-06-29 00:40,1697
2020-06-29 00:45,1681
2020-06-29 00:50,1680
2020-06-29 00:55,1649
2020-06-29 01:00,1639
2020-06-29 01:05,1628
2020-06-29 01:10,1617
2020-06-29 01:15,1599
2020-06-29 01:20,1576
2020-06-29 01:25,1560
2020-06-29 01:30,1546
2020-06-29 01:35,1562
2020-06-29 01:40,1557
2020-06-29 01:45,1548
2020-06-29 01:50,1536
2020-06-29 01:55,1533
2020-06-29 02:00,1517
2020-06-29 02:05,1509
2020-06-29 02:10,1501
2020-06-29 02:15,1495
2020-06-29 02:20,1492
2020-06-29 02:25,1484
2020-06-29 02:30,1471
2020-06-29 02:35,1469
2020-06-29 02:40,1472
2020-06-29 02:45,1463
2020-06-29 02:50,1445
2020-06-29 02:55,1419
2020-06-29 03:00,1402
2020-06-29 03:05,1406
2020-06-29 03:10,1410
2020-06-29 03:15,1384
2020-06-29 03:20,1382
2020-06-29 03:25,1370
2020-06-29 03:30,1339
2020-06-29 03:35,1340
2020-06-29 03:40,1341
2020-06-29 03:45,1325
2020-06-29 03:50,1318
2020-06-29 03:55,1308
2020-06-29 04:00,1307
2020-06-29 04:05,1286
2020-06-29 04:10,1286
2020-06-29 04:15,1278
2020-06-29 04:20,1264
2020-06-29 04:25,1241
2020-06-29 04:30,1234
2020-06-29 04:35,1238
2020-06-29 04:40,1223
2020-06-29 04:45,1203
2020-06-29 04:50,1198
2020-06-29 04:55,1169
2020-06-29 05:00,1170
2020-06-29 05:05,1158
2020-06-29 05:10,1144
2020-06-29 05:15,1139
2020-06-29 05:20,1134
2020-06-29 05:25,1139
2020-06-29 05:30,1122
2020-06-29 05:35,1144
2020-06-29 05:40,1138
2020-06-29 05:45,1129
2020-06-29 05:50,1136
2020-06-29 05:55,1122
2020-06-29 06:00,1127
2020-06-29 06:05,1106
2020-06-29 06:10,1091
2020-06-29 06:15,1085
2020-06-29 06:20,1075
2020-06-29 06:25,1079
2020-06-29 06:30,1061
2020-06-29 06:35,1062
2020-06-29 06:40,1064
2020-06-29 06:45,1067
2020-06-29 06:50,1070
2020-06-29 06:55,1078
2020-06-29 07:00,1082
2020-06-29 07:05,1068
2020-06-29 07:10,1075
2020-06-29 07:15,1075
2020-06-29 07:20,1082
2020-06-29 07:25,1102
2020-06-29 07:30,1096
2020-06-29 07:35,1093
2020-06-29 07:40,1112
2020-06-29 07:45,1121
2020-06-29 07:50,1133
2020-06-29 07:55,1146
2020-06-29 08:00,1148
2020-06-29 08:05,1143
2020-06-29 08:10,1147
2020-06-29 08:15,1154
2020-06-29 08:20,1159
2020-06-29 08:25,1159
2020-06-29 08:30,1166
2020-06-29 08:35,1182
2020-06-29 08:40,1183
2020-06-29 08:45,1191
2020-06-29 08:50,1204
2020-06-29 08:55,1227
2020-06-29 09:00,1232
2020-06-29 09:05,1230
2020-06-29 09:10,1246
2020-06-29 09:15,1264
2020-06-29 09:20,1283
2020-06-29 09:25,1286
2020-06-29 09:30,1305
2020-06-29 09:35,1327
2020-06-29 09:40,1312
2020-06-29 09:45,1338
2020-06-29 09:50,1346
2020-06-29 09:55,1375
2020-06-29 10:00,1402
2020-06-29 10:05,1452
2020-06-29 10:10,1455
2020-06-29 10:15,1467
2020-06-29 10:20,1486
2020-06-29 10:25,1474
2020-06-29 10:30,1482
2020-06-29 10:35,1498
2020-06-29 10:40,1510
2020-06-29 10:45,1516
2020-06-29 10:50,1533
2020-06-29 10:55,1542
2020-06-29 11:00,1546
2020-06-29 11:05,1558
2020-06-29 11:10,1567
2020-06-29 11:15,1570
2020-06-29 11:20,1589
2020-06-29 11:25,1587
2020-06-29 11:30,1616
2020-06-29 11:35,1631
2020-06-29 11:40,1643
2020-06-29 11:45,1650
2020-06-29 11:50,1660
2020-06-29 11:55,1659
2020-06-29 12:00,1659
2020-06-29 12:05,1654
2020-06-29 12:10,1654
2020-06-29 12:15,1674
2020-06-29 12:20,1688
2020-06-29 12:25,1697
2020-06-29 12:30,1710
2020-06-29 12:35,1718
2020-06-29 12:40,1732
2020-06-29 12:45,1734
2020-06-29 12:50,1736
2020-06-29 12:55,1741
2020-06-29 13:00,1744
2020-06-29 13:05,1758
2020-06-29 13:10,1767
2020-06-29 13:15,1770
2020-06-29 13:20,1778
2020-06-29 13:25,1788
2020-06-29 13:30,1810
2020-06-29 13:35,1835
2020-06-29 13:40,1862
2020-06-29 13:45,1899
2020-06-29 13:50,1911
2020-06-29 13:55,1924
2020-06-29 14:00,1942
2020-06-29 14:05,1960
2020-06-29 14:10,1975
2020-06-29 14:15,1988
2020-06-29 14:20,1994
2020-06-29 14:25,1980
2020-06-29 14:30,1992
2020-06-29 14:35,2007
2020-06-29 14:40,1998
2020-06-29 14:45,2023
2020-06-29 14:50,2058
2020-06-29 14:55,2063
2020-06-29 15:00,2052
2020-06-29 15:05,2073
2020-06-29 15:10,2072
2020-06-29 15:15,2072
2020-06-29 15:20,2088
2020-06-29 15:25,2107
2020-06-29 15:30,2140
2020-06-29 15:35,2163
2020-06-29 15:40,2158
2020-06-29 15:45,2180
2020-06-29 15:50,2200
2020-06-29 15:55,2213
2020-06-29 16:00,2203
2020-06-29 16:05,2196
2020-06-29 16:10,2210
2020-06-29 16:15,2236
2020-06-29 16:20,2229
2020-06-29 16:25,2227
2020-06-29 16:30,2249
2020-06-29 16:35,2265
2020-06-29 16:40,2288
2020-06-29 16:45,2281
2020-06-29 16:50,2300
2020-06-29 16:55,2336
2020-06-29 17:00,2347
2020-06-29 17:05,2343
2020-06-29 17:10,2372
2020-06-29 17:15,2360
2020-06-29 17:20,2372
2020-06-29 17:25,2366
2020-06-29 17:30,2384
2020-06-29 17:35,2370
2020-06-29 17:40,2372
2020-06-29 17:45,2392
2020-06-29 17:50,
2020-06-29 17:55,0
2020-06-29 18:00,2386
2020-06-29 18:05,2373
2020-06-29 18:10,2402
2020-06-29 18:15,2384
2020-06-29 18:20,2394
2020-06-29 18:25,2422
2020-06-29 18:30,2432
2020-06-29 18:35,2428
2020-06-29 18:40,2441
2020-06-29 18:45,2447
2020-06-29 18:50,2464
2020-06-29 18:55,2452
2020-06-29 19:00,2457
2020-06-29 19:05,2458
2020-06-29 19:10,2448
2020-06-29 19:15,2437
2020-06-29 19:20,2421
2020-06-29 19:25,2406
2020-06-29 19:30,2391
2020-06-29 19:35,2387
2020-06-29 19:40,2357
2020-06-29 19:45,2344
2020-06-29 19:50,2349
2020-06-29 19:55,2343
2020-06-29 20:00,2322
2020-06-29 20:05,2313
2020-06-29 20:10,2330
2020-06-29 20:15,2304
2020-06-29 20:20,2306
2020-06-29 20:25,2292
2020-06-29 20:30,2285
2020-06-29 20:35,2281
2020-06-29 20:40,2307
2020-06-29 20:45,2340
2020-06-29 20:50,2324
2020-06-29 20:55,2316
2020-06-29 21:00,2310
2020-06-29 21:05,2304
2020-06-29 21:10,2322
2020-06-29 21:15,2320
2020-06-29 21:20,2315
2020-06-29 21:25,2311
2020-06-29 21:30,2286
2020-06-29 21:35,2259
2020-06-29 21:40,2222
2020-06-29 21:45,2209
2020-06-29 21:50,2198
2020-06-29 21:55,2187
2020-06-29 22:00,2149
2020-06-29 22:05,2121
2020-06-29 22:10,2100
2020-06-29 22:15,2096
2020-06-29 22:20,2076
2020-06-29 22:25,2066
2020-06-29 22:30,2037
2020-06-29 22:35,2031
2020-06-29 22:40,1999
2020-06-29 22:45,1966
2020-06-29 22:50,1971
2020-06-29 22:55,1959
2020-06-29 23:00,1943
2020-06-29 23:05,1924
2020-06-29 23:10,1937
2020-06-29 23:15,1945
2020-06-29 23:20,1932
2020-06-29 23:25,1922
2020-06-29 23:30,1881
2020-06-29 23:35,1878
2020-06-29 23:40,1866
2020-06-29 23:45,1886
2020-06-29 23:50,1859
2020-06-29 23:55,1866
2020-06-30 00:00,1850
2020-06-30 00:05,1868
2020-06-30 00:10,1878
2020-06-30 00:15,1866
2020-06-30 00:20,1831
2020-06-30 00:25,1849
2020-06-30 00:30,1822
2020-06-30 00:35,1814
2020-06-30 00:40,1800
2020-06-30 00:45,1798
2020-06-30 00:50,1803
2020-06-30 00:55,1813
2020-06-30 01:00,1808
2020-06-30 01:05,1800
2020-06-30 01:10,1783
2020-06-30 01:15,1780
2020-06-30 01:20,1757
2020-06-30 01:25,1751
2020-06-30 01:30,1740
2020-06-30 01:35,1725
2020-06-30 01:40,1692
2020-06-30 01:45,1687
2020-06-30 01:50,1676
2020-06-30 01:55,1666
2020-06-30 02:00,1657
2020-06-30 02:05,1643
2020-06-30 02:10,1634
2020-06-30 02:15,1610
2020-06-30 02:20,1599
2020-06-30 02:25,1587
2020-06-30 02:30,1549
2020-06-30 02:35,1546
2020-06-30 02:40,1537
2020-06-30 02:45,1528
2020-06-30 02:50,1516
2020-06-30 02:55,1495
2020-06-30 03:00,1499
2020-06-30 03:05,1482
2020-06-30 03:10,1469
2020-06-30 03:15,1445
2020-06-30 03:20,1442
2020-06-30 03:25,1448
2020-06-30 03:30,1440
2020-06-30 03:35,1442
2020-06-30 03:40,1421
2020-06-30 03:45,1416
2020-06-30 03:50,1399
2020-06-30 03:55,1392
2020-06-30 04:00,1368
2020-06-30 04:05,1379
2020-06-30 04:10,1360
2020-06-30 04:15,1357
2020-06-30 04:20,1339
2020-06-30 04:25,1338
2020-06-30 04:30,1344
2020-06-30 04:35,1321
2020-06-30 04:40,1316
2020-06-30 04:45,1306
2020-06-30 04:50,1282
2020-06-30 04:55,1276
2020-06-30 05:00,1260
2020-06-30 05:05,1259
2020-06-30 05:10,1248
2020-06-30 05:15,1248
2020-06-30 05:20,1255
2020-06-30 05:25,1262
2020-06-30 05:30,1254
2020-06-30 05:35,1249
2020-06-30 05:40,1237
2020-06-30 05:45,1219
2020-06-30 05:50,1214
2020-06-30 05:55,1204
2020-06-30 06:00,1186
2020-06-30 06:05,1188
2020-06-30 06:10,1181
2020-06-30 06:15,1168
2020-06-30 06:20,1152
2020-06-30 06:25,1154
2020-06-30 06:30,1142
2020-06-30 06:35,1138
2020-06-30 06:40,1140
2020-06-30 06:45,1151
2020-06-30 06:50,1148
2020-06-30 06:55,1169
2020-06-30 07:00,1156
2020-06-30 07:05,1168
2020-06-30 07:10,1178
2020-06-30 07:15,1198
2020-06-30 07:20,1197
2020-06-30 07:25,1178
2020-06-30 07:30,1188
2020-06-30 07:35,1211
2020-06-30 07:40,1206
2020-06-30 07:45,1178
2020-06-30 07:50,1184
2020-06-30 07:55,1172
2020-06-30 08:00,1198
2020-06-30 08:05,1214
2020-06-30 08:10,1213
2020-06-30 08:15,1226
2020-06-30 08:20,1229
2020-06-30 08:25,1237
2020-06-30 08:30,1240
2020-06-30 08:35,1259
2020-06-30 08:40,1267
2020-06-30 08:45,1283
2020-06-30 08:50,1305
2020-06-30 08:55,1312
2020-06-30 09:00,1326
2020-06-30 09:05,1325
2020-06-30 09:10,1358
2020-06-30 09:15,1355
2020-06-30 09:20,1368
2020-06-30 09:25,1386
2020-06-30 09:30,1392
2020-06-30 09:35,1391
2020-06-30 09:40,1393
2020-06-30 09:45,1412
2020-06-30 09:50,1429
2020-06-30 09:55,1451
2020-06-30 10:00,1484
2020-06-30 10:05,1506
2020-06-30 10:10,1549
2020-06-30 10:15,1563
2020-06-30 10:20,1590
2020-06-30 10:25,1597
2020-06-30 10:30,1594
2020-06-30 10:35,1600
2020-06-30 10:40,1633
2020-06-30 10:45,1636
2020-06-30 10:50,1634
2020-06-30 10:55,1637
2020-06-30 11:00,1661
2020-06-30 11:05,1658
2020-06-30 11:10,1665
2020-06-30 11:15,1680
2020-06-30 11:20,1673
2020-06-30 11:25,1683
2020-06-30 11:30,1709
2020-06-30 11:35,1715
2020-06-30 11:40,1732
2020-06-30 11:45,1735
2020-06-30 11:50,1749
2020-06-30 11:55,1764
2020-06-30 12:00,1755
2020-06-30 12:05,1758
2020-06-30 12:10,1757
2020-06-30 12:15,1768
2020-06-30 12:20,1785
2020-06-30 12:25,1789
2020-06-30 12:30,1804
2020-06-30 12:35,1814
2020-06-30 12:40,1822
2020-06-30 12:45,1837
2020-06-30 12:50,1824
2020-06-30 12:55,1830
2020-06-30 13:00,1847
2020-06-30 13:05,1858
2020-06-30 13:10,1835
2020-06-30 13:15,1844
2020-06-30 13:20,1830
2020-06-30 13:25,1826
2020-06-30 13:30,1826
2020-06-30 13:35,1835
2020-06-30 13:40,1827
2020-06-30 13:45,1820
2020-06-30 13:50,1780
2020-06-30 13:55,1772
2020-06-30 14:00,1641
2020-06-30 14:05,1328
2020-06-30 14:10,1227
2020-06-30 14:15,1174
2020-06-30 14:20,1140
2020-06-30 14:25,1116
2020-06-30 14:30,1093
2020-06-30 14:35,1120
2020-06-30 14:40,1159
2020-06-30 14:45,1174
2020-06-30 14:50,1205
2020-06-30 14:55,1232
2020-06-30 15:00,1233
2020-06-30 15:05,1252
2020-06-30 15:10,1273
2020-06-30 15:15,
2020-06-30 15:20,1318
2020-06-30 15:25,1351
2020-06-30 15:30,1368
2020-06-30 15:35,1375
2020-06-30 15:40,1392
2020-06-30 15:45,1426
2020-06-30 15:50,1441
2020-06-30 15:55,1462
2020-06-30 16:00,1469
2020-06-30 16:05,1511
2020-06-30 16:10,1520
2020-06-30 16:15,1536
2020-06-30 16:20,1556
2020-06-30 16:25,1558
2020-06-30 16:30,1569
2020-06-30 16:35,1589
2020-06-30 16:40,1665
2020-06-30 16:45,1833
2020-06-30 16:50,2003
2020-06-30 16:55,2116
2020-06-30 17:00,2235
2020-06-30 17:05,2364
2020-06-30 17:10,2485
2020-06-30 17:15,2610
2020-06-30 17:20,2691
2020-06-30 17:25,2731
2020-06-30 17:30,2814
2020-06-30 17:35,2864
2020-06-30 17:40,2927
2020-06-30 17:45,3003
2020-06-30 17:50,3058
2020-06-30 17:55,3087
2020-06-30 18:00,3127
2020-06-30 18:05,3198
2020-06-30 18:10,3275
2020-06-30 18:15,3318
2020-06-30 18:20,3344
2020-06-30 18:25,3348
2020-06-30 18:30,3346
2020-06-30 18:35,3370
2020-06-30 18:40,3395
2020-06-30 18:45,3409
2020-06-30 18:50,3402
2020-06-30 18:55,3415
2020-06-30 19:00,3403
2020-06-30 19:05,3383
2020-06-30 19:10,3407
2020-06-30 19:15,3404
2020-06-30 19:20,3408
2020-06-30 19:25,3390
2020-06-30 19:30,3396
2020-06-30 19:35,3380
2020-06-30 19:40,3385
2020-06-30 19:45,3390
2020-06-30 19:50,3360
2020-06-30 19:55,3330
2020-06-30 20:00,3347
2020-06-30 20:05,3334
2020-06-30 20:10,3312
2020-06-30 20:15,3305
2020-06-30 20:20,3276
2020-06-30 20:25,3254
2020-06-30 20:30,3255
2020-06-30 20:35,3262
2020-06-30 20:40,3286
2020-06-30 20:45,3287
2020-06-30 20:50,3267
2020-06-30 20:55,3227
2020-06-30 21:00,3191
2020-06-30 21:05,3182
2020-06-30 21:10,3142
2020-06-30 21:15,3110
2020-06-30 21:20,3075
2020-06-30 21:25,3044
2020-06-30 21:30,3014
2020-06-30 21:35,2987
2020-06-30 21:40,2927
2020-06-30 21:45,2893
2020-06-30 21:50,2863
2020-06-30 21:55,2826
2020-06-30 22:00,2767
2020-06-30 22:05,2757
2020-06-30 22:10,2722
2020-06-30 22:15,2678
2020-06-30 22:20,2658
2020-06-30 22:25,2659
2020-06-30 22:30,2649
2020-06-30 22:35,2615
2020-06-30 22:40,2578
2020-06-30 22:45,2537
2020-06-30 22:50,2475
2020-06-30 22:55,2412
2020-06-30 23:00,2398
2020-06-30 23:05,2354
2020-06-30 23:10,2452
2020-06-30 23:15,2428
2020-06-30 23:20,2413
2020-06-30 23:25,2373
2020-06-30 23:30,2333
2020-06-30 23:35,2323
2020-06-30 23:40,2310
2020-06-30 23:45,2284
2020-06-30 23:50,2258
2020-06-30 23:55,2244
2020-07-01 00:00,2219
2020-07-01 00:05,2173
2020-07-01 00:10,2144
2020-07-01 00:15,2126
2020-07-01 00:20,2125
2020-07-01 00:25,2123
2020-07-01 00:30,2115
2020-07-01 00:35,2085
2020-07-01 00:40,2082
2020-07-01 00:45,2091
2020-07-01 00:50,2074
2020-07-01 00:55,2056
2020-07-01 01:00,2046
2020-07-01 01:05,2031
2020-07-01 01:10,2036
2020-07-01 01:15,2029
2020-07-01 01:20,2015
2020-07-01 01:25,1984
2020-07-01 01:30,1998
2020-07-01 01:35,1991
2020-07-01 01:40,1980
2020-07-01 01:45,1982
2020-07-01 01:50,1971
2020-07-01 01:55,1979
2020-07-01 02:00,1963
2020-07-01 02:05,1953
2020-07-01 02:10,1956
2020-07-01 02:15,1951
2020-07-01 02:20,1948
2020-07-01 02:25,1930
2020-07-01 02:30,1948
2020-07-01 02:35,1943
2020-07-01 02:40,1921
2020-07-01 02:45,1925
2020-07-01 02:50,1912
2020-07-01 02:55,1900
2020-07-01 03:00,1882
2020-07-01 03:05,1868
2020-07-01 03:10,1853
2020-07-01 03:15,1841
2020-07-01 03:20,1832
2020-07-01 03:25,1806
2020-07-01 03:30,1796
2020-07-01 03:35,1795
2020-07-01 03:40,1799
2020-07-01 03:45,1794
2020-07-01 03:50,1784
2020-07-01 03:55,1762
2020-07-01 04:00,1744
2020-07-01 04:05,1738
2020-07-01 04:10,1729
2020-07-01 04:15,1709
2020-07-01 04:20,1687
2020-07-01 04:25,1676
2020-07-01 04:30,1663
2020-07-01 04:35,1645
2020-07-01 04:40,1639
2020-07-01 04:45,1636
2020-07-01 04:50,1620
2020-07-01 04:55,1612
2020-07-01 05:00,1596
2020-07-01 05:05,1581
2020-07-01 05:10,1571
2020-07-01 05:15,1561
2020-07-01 05:20,1548
2020-07-01 05:25,1529
2020-07-01 05:30,1531
2020-07-01 05:35,1512
2020-07-01 05:40,1499
2020-07-01 05:45,1490
2020-07-01 05:50,1473
2020-07-01 05:55,1484
2020-07-01 06:00,1501
2020-07-01 06:05,1492
2020-07-01 06:10,1487
2020-07-01 06:15,1497
2020-07-01 06:20,1517
2020-07-01 06:25,1508
2020-07-01 06:30,1503
2020-07-01 06:35,1519
2020-07-01 06:40,1518
2020-07-01 06:45,1524
2020-07-01 06:50,1519
2020-07-01 06:55,1525
2020-07-01 07:00,1525
2020-07-01 07:05,1519
2020-07-01 07:10,1529
2020-07-01 07:15,1539
2020-07-01 07:20,1512
2020-07-01 07:25,1523
2020-07-01 07:30,1514
2020-07-01 07:35,1525
2020-07-01 07:40,1546
2020-07-01 07:45,1549
2020-07-01 07:50,1554
2020-07-01 07:55,1561
2020-07-01 08:00,1577
2020-07-01 08:05,1591
2020-07-01 08:10,1610
2020-07-01 08:15,1607
2020-07-01 08:20,1613
2020-07-01 08:25,1599
2020-07-01 08:30,1623
2020-07-01 08:35,1639
2020-07-01 08:40,1649
2020-07-01 08:45,1657
2020-07-01 08:50,1670
2020-07-01 08:55,1683
2020-07-01 09:00,1698
2020-07-01 09:05,1692
2020-07-01 09:10,1713
2020-07-01 09:15,1717
2020-07-01 09:20,1722
2020-07-01 09:25,1730
2020-07-01 09:30,1739
2020-07-01 09:35,1731
2020-07-01 09:40,1730
2020-07-01 09:45,1729
2020-07-01 09:50,1739
2020-07-01 09:55,1770
2020-07-01 10:00,1778
2020-07-01 10:05,1799
2020-07-01 10:10,1834
2020-07-01 10:15,1845
2020-07-01 10:20,1842
2020-07-01 10:25,1862
2020-07-01 10:30,1885
2020-07-01 10:35,1886
2020-07-01 10:40,1894
2020-07-01 10:45,1921
2020-07-01 10:50,1931
2020-07-01 10:55,1943
2020-07-01 11:00,1941
2020-07-01 11:05,1963
2020-07-01 11:10,1966
2020-07-01 11:15,1957
2020-07-01 11:20,1967
2020-07-01 11:25,1988
2020-07-01 11:30,1999
2020-07-01 11:35,2009
2020-07-01 11:40,2012
2020-07-01 11:45,2028
2020-07-01 11:50,2046
2020-07-01 11:55,2059
2020-07-01 12:00,2080
2020-07-01 12:05,2100
2020-07-01 12:10,2095
2020-07-01 12:15,2119
2020-07-01 12:20,2146
2020-07-01 12:25,2128
2020-07-01 12:30,2127
2020-07-01 12:35,2119
2020-07-01 12:40,2141
2020-07-01 12:45,2166
2020-07-01 12:50,2170
2020-07-01 12:55,2164
2020-07-01 13:00,2182
2020-07-01 13:05,2210
2020-07-01 13:10,2200
2020-07-01 13:15,2241
2020-07-01 13:20,2249
2020-07-01 13:25,2251
2020-07-01 13:30,2272
2020-07-01 13:35,2272
2020-07-01 13:40,2290
2020-07-01 13:45,2319
2020-07-01 13:50,2348
2020-07-01 13:55,2350
2020-07-01 14:00,2379
2020-07-01 14:05,2364
2020-07-01 14:10,2375
2020-07-01 14:15,2393
2020-07-01 14:20,2404
2020-07-01 14:25,2407
2020-07-01 14:30,2428
2020-07-01 14:35,2426
2020-07-01 14:40,2427
2020-07-01 14:45,2452
2020-07-01 14:50,2447
2020-07-01 14:55,2457
2020-07-01 15:00,2484
2020-07-01 15:05,2508
2020-07-01 15:10,2518
2020-07-01 15:15,2520
2020-07-01 15:20,2527
2020-07-01 15:25,2535
2020-07-01 15:30,2570
2020-07-01 15:35,2567
2020-07-01 15:40,2593
2020-07-01 15:45,2616
2020-07-01 15:50,2637
2020-07-01 15:55,2670
2020-07-01 16:00,2699
2020-07-01 16:05,2714
2020-07-01 16:10,2708
2020-07-01 16:15,2722
2020-07-01 16:20,2753
2020-07-01 16:25,2770
2020-07-01 16:30,2792
2020-07-01 16:35,2789
2020-07-01 16:40,2785
2020-07-01 16:45,2805
2020-07-01 16:50,2841
2020-07-01 16:55,2857
2020-07-01 17:00,2869
2020-07-01 17:05,2887
2020-07-01 17:10,2869
2020-07-01 17:15,2892
2020-07-01 17:20,2917
2020-07-01 17:25,2929
2020-07-01 17:30,2917
2020-07-01 17:35,2923
2020-07-01 17:40,2954
2020-07-01 17:45,2946
2020-07-01 17:50,2941
2020-07-01 17:55,2959
2020-07-01 18:00,2982
2020-07-01 18:05,2966
2020-07-01 18:10,2971
2020-07-01 18:15,2968
2020-07-01 18:20,2978
2020-07-01 18:25,2995
2020-07-01 18:30,3013
2020-07-01 18:35,3012
2020-07-01 18:40,3020
2020-07-01 18:45,3042
2020-07-01 18:50,3069
2020-07-01 18:55,3082
2020-07-01 19:00,3076
2020-07-01 19:05,3095
2020-07-01 19:10,3116
2020-07-01 19:15,3128
2020-07-01 19:20,3127
2020-07-01 19:25,3099
2020-07-01 19:30,3118
2020-07-01 19:35,3118
2020-07-01 19:40,3104
2020-07-01 19:45,3073
2020-07-01 19:50,3075
2020-07-01 19:55,3065
2020-07-01 20:00,3079
2020-07-01 20:05,3049
2020-07-01 20:10,3049
2020-07-01 20:15,3032
2020-07-01 20:20,3004
2020-07-01 20:25,3001
2020-07-01 20:30,3008
2020-07-01 20:35,3003
2020-07-01 20:40,2987
2020-07-01 20:45,2964
2020-07-01 20:50,2956
2020-07-01 20:55,2941
2020-07-01 21:00,2885
2020-07-01 21:05,2870
2020-07-01 21:10,2833
2020-07-01 21:15,2815
2020-07-01 21:20,2760
2020-07-01 21:25,2721
2020-07-01 21:30,2725
2020-07-01 21:35,2693
2020-07-01 21:40,2674
2020-07-01 21:45,2646
2020-07-01 21:50,2623
2020-07-01 21:55,2590
2020-07-01 22:00,2566
2020-07-01 22:05,2529
2020-07-01 22:10,2507
2020-07-01 22:15,2481
2020-07-01 22:20,2460
2020-07-01 22:25,2423
2020-07-01 22:30,2396
2020-07-01 22:35,2384
2020-07-01 22:40,2385
2020-07-01 22:45,2374
2020-07-01 22:50,2357
2020-07-01 22:55,2365
2020-07-01 23:00,2361
2020-07-01 23:05,2342
2020-07-01 23:10,2316
2020-07-01 23:15,2315
2020-07-01 23:20,2302
2020-07-01 23:25,2304
2020-07-01 23:30,2300
2020-07-01 23:35,2296
2020-07-01 23:40,2279
2020-07-01 23:45,2294
2020-07-01 23:50,2269
2020-07-01 23:55,2237
2020-07-02 00:00,2222
2020-07-02 00:05,2210
2020-07-02 00:10,2194
2020-07-02 00:15,2174
2020-07-02 00:20,2162
2020-07-02 00:25,2131
2020-07-02 00:30,2113
2020-07-02 00:35,2082
2020-07-02 00:40,2071
2020-07-02 00:45,2074
2020-07-02 00:50,2045
2020-07-02 00:55,2063
2020-07-02 01:00,2044
2020-07-02 01:05,2000
2020-07-02 01:10,2008
2020-07-02 01:15,1989
2020-07-02 01:20,1956
2020-07-02 01:25,1940
2020-07-02 01:30,1916
2020-07-02 01:35,1912
2020-07-02 01:40,1903
2020-07-02 01:45,1891
2020-07-02 01:50,1878
2020-07-02 01:55,1860
2020-07-02 02:00,1848
2020-07-02 02:05,1831
2020-07-02 02:10,1815
2020-07-02 02:15,1747
2020-07-02 02:20,1693
2020-07-02 02:25,1712
2020-07-02 02:30,1718
2020-07-02 02:35,1731
2020-07-02 02:40,1719
2020-07-02 02:45,1719
2020-07-02 02:50,1713
2020-07-02 02:55,1712
2020-07-02 03:00,1704
2020-07-02 03:05,1693
2020-07-02 03:10,1693
2020-07-02 03:15,1672
2020-07-02 03:20,1658
2020-07-02 03:25,1657
2020-07-02 03:30,1642
2020-07-02 03:35,1631
2020-07-02 03:40,1639
2020-07-02 03:45,1616
2020-07-02 03:50,1608
2020-07-02 03:55,1598
2020-07-02 04:00,1574
2020-07-02 04:05,1483
2020-07-02 04:10,1514
2020-07-02 04:15,1498
2020-07-02 04:20,1494
2020-07-02 04:25,1513
2020-07-02 04:30,1492
2020-07-02 04:35,1475
2020-07-02 04:40,1467
2020-07-02 04:45,1471
2020-07-02 04:50,1461
2020-07-02 04:55,1460
2020-07-02 05:00,1451
2020-07-02 05:05,1439
2020-07-02 05:10,1427
2020-07-02 05:15,1411
2020-07-02 05:20,1385
2020-07-02 05:25,1375
2020-07-02 05:30,1379
2020-07-02 05:35,1365
2020-07-02 05:40,1358
2020-07-02 05:45,1377
2020-07-02 05:50,1347
2020-07-02 05:55,1349
2020-07-02 06:00,1354
2020-07-02 06:05,1349
2020-07-02 06:10,1346
2020-07-02 06:15,1342
2020-07-02 06:20,1341
2020-07-02 06:25,1356
2020-07-02 06:30,1359
2020-07-02 06:35,1336
2020-07-02 06:40,1293
2020-07-02 06:45,1243
2020-07-02 06:50,1258
2020-07-02 06:55,1271
2020-07-02 07:00,1286
2020-07-02 07:05,1310
2020-07-02 07:10,1325
2020-07-02 07:15,1331
2020-07-02 07:20,1332
2020-07-02 07:25,1332
2020-07-02 07:30,1341
2020-07-02 07:35,1348
2020-07-02 07:40,1363
2020-07-02 07:45,1369
2020-07-02 07:50,1367
2020-07-02 07:55,1366
2020-07-02 08:00,1382
2020-07-02 08:05,1390
2020-07-02 08:10,1385
2020-07-02 08:15,1397
2020-07-02 08:20,1413
2020-07-02 08:25,1409
2020-07-02 08:30,1418
2020-07-02 08:35,1436
2020-07-02 08:40,1440
2020-07-02 08:45,1452
2020-07-02 08:50,1474
2020-07-02 08:55,1487
2020-07-02 09:00,1496
2020-07-02 09:05,1487
2020-07-02 09:10,1492
2020-07-02 09:15,1483
2020-07-02 09:20,1512
2020-07-02 09:25,1519
2020-07-02 09:30,1549
2020-07-02 09:35,1572
2020-07-02 09:40,1571
2020-07-02 09:45,1572
2020-07-02 09:50,1603
2020-07-02 09:55,1620
2020-07-02 10:00,1651
2020-07-02 10:05,1696
2020-07-02 10:10,1714
2020-07-02 10:15,1738
2020-07-02 10:20,1745
2020-07-02 10:25,1759
2020-07-02 10:30,1779
2020-07-02 10:35,1792
2020-07-02 10:40,1814
2020-07-02 10:45,1822
2020-07-02 10:50,1835
2020-07-02 10:55,1830
2020-07-02 11:00,1815
2020-07-02 11:05,1816
2020-07-02 11:10,1843
2020-07-02 11:15,1846
2020-07-02 11:20,1875
2020-07-02 11:25,1867
2020-07-02 11:30,1866
2020-07-02 11:35,1880
2020-07-02 11:40,1901
2020-07-02 11:45,1901
2020-07-02 11:50,1931
2020-07-02 11:55,1945
2020-07-02 12:00,1946
2020-07-02 12:05,1964
2020-07-02 12:10,1966
2020-07-02 12:15,1966
2020-07-02 12:20,1977
2020-07-02 12:25,2007
2020-07-02 12:30,2012
2020-07-02 12:35,2037
2020-07-02 12:40,2061
2020-07-02 12:45,2069
2020-07-02 12:50,2080
2020-07-02 12:55,2106
2020-07-02 13:00,2091
2020-07-02 13:05,2114
2020-07-02 13:10,2127
2020-07-02 13:15,2137
2020-07-02 13:20,2141
2020-07-02 13:25,2134
2020-07-02 13:30,2139
2020-07-02 13:35,2139
2020-07-02 13:40,2117
2020-07-02 13:45,2123
2020-07-02 13:50,2084
2020-07-02 13:55,1984
2020-07-02 14:00,1795
2020-07-02 14:05,1181
2020-07-02 14:10,1130
2020-07-02 14:15,1131
2020-07-02 14:20,1153
2020-07-02 14:25,1192
2020-07-02 14:30,1204
2020-07-02 14:35,1225
2020-07-02 14:40,1228
2020-07-02 14:45,1223
2020-07-02 14:50,1240
2020-07-02 14:55,1246
2020-07-02 15:00,1245
2020-07-02 15:05,1284
2020-07-02 15:10,1303
2020-07-02 15:15,1336
2020-07-02 15:20,1361
2020-07-02 15:25,1391
2020-07-02 15:30,1416
2020-07-02 15:35,1457
2020-07-02 15:40,1531
2020-07-02 15:45,1702
2020-07-02 15:50,1859
2020-07-02 15:55,1985
2020-07-02 16:00,2105
2020-07-02 16:05,2246
2020-07-02 16:10,2349
2020-07-02 16:15,2440
2020-07-02 16:20,2540
2020-07-02 16:25,2592
2020-07-02 16:30,2630
2020-07-02 16:35,2694
2020-07-02 16:40,2736
2020-07-02 16:45,2776
2020-07-02 16:50,2862
2020-07-02 16:55,2906
2020-07-02 17:00,2933
2020-07-02 17:05,2966
2020-07-02 17:10,2988
2020-07-02 17:15,3003
2020-07-02 17:20,3023
2020-07-02 17:25,3052
2020-07-02 17:30,3088
2020-07-02 17:35,3091
2020-07-02 17:40,3098
2020-07-02 17:45,3107
2020-07-02 17:50,3089
2020-07-02 17:55,3110
2020-07-02 18:00,3119
2020-07-02 18:05,3149
2020-07-02 18:10,3125
2020-07-02 18:15,3120
2020-07-02 18:20,3133
2020-07-02 18:25,3140
2020-07-02 18:30,3146
2020-07-02 18:35,3158
2020-07-02 18:40,3178
2020-07-02 18:45,3193
2020-07-02 18:50,3165
2020-07-02 18:55,3180
2020-07-02 19:00,3191
2020-07-02 19:05,3185
2020-07-02 19:10,3196
2020-07-02 19:15,3209
2020-07-02 19:20,3208
2020-07-02 19:25,3225
2020-07-02 19:30,3194
2020-07-02 19:35,3186
2020-07-02 19:40,3189
2020-07-02 19:45,3154
2020-07-02 19:50,3145
2020-07-02 19:55,3118
2020-07-02 20:00,3120
2020-07-02 20:05,3095
2020-07-02 20:10,3098
2020-07-02 20:15,3059
2020-07-02 20:20,3021
2020-07-02 20:25,2984
2020-07-02 20:30,2954
2020-07-02 20:35,2922
2020-07-02 20:40,2903
2020-07-02 20:45,2903
2020-07-02 20:50,2871
2020-07-02 20:55,2888
2020-07-02 21:00,2842
2020-07-02 21:05,2834
2020-07-02 21:10,2814
2020-07-02 21:15,2787
2020-07-02 21:20,2751
2020-07-02 21:25,2741
2020-07-02 21:30,2729
2020-07-02 21:35,2718
2020-07-02 21:40,2695
2020-07-02 21:45,2661
2020-07-02 21:50,2631
2020-07-02 21:55,2614
2020-07-02 22:00,2603
2020-07-02 22:05,2601
2020-07-02 22:10,2602
2020-07-02 22:15,2580
2020-07-02 22:20,2535
2020-07-02 22:25,2540
2020-07-02 22:30,2533
2020-07-02 22:35,2493
2020-07-02 22:40,2504
2020-07-02 22:45,2478
2020-07-02 22:50,2432
2020-07-02 22:55,2391
2020-07-02 23:00,2377
2020-07-02 23:05,2366
2020-07-02 23:10,2362
2020-07-02 23:15,2351
2020-07-02 23:20,2331
2020-07-02 23:25,2318
2020-07-02 23:30,2269
2020-07-02 23:35,2243
2020-07-02 23:40,2248
2020-07-02 23:45,2228
2020-07-02 23:50,2213
2020-07-02 23:55,2223
2020-07-03 00:00,2208
2020-07-03 00:05,2162
2020-07-03 00:10,2129
2020-07-03 00:15,2112
2020-07-03 00:20,2083
2020-07-03 00:25,2078
2020-07-03 00:30,2058
2020-07-03 00:35,2070
2020-07-03 00:40,2069
2020-07-03 00:45,2078
2020-07-03 00:50,2068
2020-07-03 00:55,2063
2020-07-03 01:00,2051
2020-07-03 01:05,2049
2020-07-03 01:10,2039
2020-07-03 01:15,2021
2020-07-03 01:20,2014
2020-07-03 01:25,2005
2020-07-03 01:30,2018
2020-07-03 01:35,2018
2020-07-03 01:40,2017
2020-07-03 01:45,2009
2020-07-03 01:50,1990
2020-07-03 01:55,1985
2020-07-03 02:00,1991
2020-07-03 02:05,1958
2020-07-03 02:10,1974
2020-07-03 02:15,1958
2020-07-03 02:20,1956
2020-07-03 02:25,1941
2020-07-03 02:30,1925
2020-07-03 02:35,1906
2020-07-03 02:40,1919
2020-07-03 02:45,1871
2020-07-03 02:50,1857
2020-07-03 02:55,1850
2020-07-03 03:00,1859
2020-07-03 03:05,1829
2020-07-03 03:10,1828
2020-07-03 03:15,1849
2020-07-03 03:20,1813
2020-07-03 03:25,1807
2020-07-03 03:30,1789
2020-07-03 03:35,1795
2020-07-03 03:40,1776
2020-07-03 03:45,1762
2020-07-03 03:50,1732
2020-07-03 03:55,1727
2020-07-03 04:00,1697
2020-07-03 04:05,1686
2020-07-03 04:10,1695
2020-07-03 04:15,1688
2020-07-03 04:20,1666
2020-07-03 04:25,1630
2020-07-03 04:30,1623
2020-07-03 04:35,1626
2020-07-03 04:40,1612
2020-07-03 04:45,1624
2020-07-03 04:50,1602
2020-07-03 04:55,1607
2020-07-03 05:00,1598
2020-07-03 05:05,1608
2020-07-03 05:10,1581
2020-07-03 05:15,1572
2020-07-03 05:20,1577
2020-07-03 05:25,1585
2020-07-03 05:30,1578
2020-07-03 05:35,1590
2020-07-03 05:40,1579
2020-07-03 05:45,1558
2020-07-03 05:50,1560
2020-07-03 05:55,1552
2020-07-03 06:00,1545
2020-07-03 06:05,1537
2020-07-03 06:10,1550
2020-07-03 06:15,1538
2020-07-03 06:20,1531
2020-07-03 06:25,1518
2020-07-03 06:30,1499
2020-07-03 06:35,1488
2020-07-03 06:40,1477
2020-07-03 06:45,1486
2020-07-03 06:50,1465
2020-07-03 06:55,1449
2020-07-03 07:00,1459
2020-07-03 07:05,1463
2020-07-03 07:10,1457
2020-07-03 07:15,1475
2020-07-03 07:20,1460
2020-07-03 07:25,1467
2020-07-03 07:30,1473
2020-07-03 07:35,1480
2020-07-03 07:40,1482
2020-07-03 07:45,1481
2020-07-03 07:50,1501
2020-07-03 07:55,1506
2020-07-03 08:00,1506
2020-07-03 08:05,1545
2020-07-03 08:10,1556
2020-07-03 08:15,1551
2020-07-03 08:20,1550
2020-07-03 08:25,1543
2020-07-03 08:30,1549
2020-07-03 08:35,1573
2020-07-03 08:40,1583
2020-07-03 08:45,1585
2020-07-03 08:50,1573
2020-07-03 08:55,1569
2020-07-03 09:00,1569
2020-07-03 09:05,1579
2020-07-03 09:10,1619
2020-07-03 09:15,1611
2020-07-03 09:20,1626
2020-07-03 09:25,1634
2020-07-03 09:30,1649
2020-07-03 09:35,1676
2020-07-03 09:40,1705
2020-07-03 09:45,1720
2020-07-03 09:50,1731
2020-07-03 09:55,1729
2020-07-03 10:00,1759
2020-07-03 10:05,1796
2020-07-03 10:10,1831
2020-07-03 10:15,1850
2020-07-03 10:20,1839
2020-07-03 10:25,1851
2020-07-03 10:30,1859
2020-07-03 10:35,1879
2020-07-03 10:40,1907
2020-07-03 10:45,1896
2020-07-03 10:50,1911
2020-07-03 10:55,1921
2020-07-03 11:00,1921
2020-07-03 11:05,1945
2020-07-03 11:10,1959
2020-07-03 11:15,1980
2020-07-03 11:20,1987
2020-07-03 11:25,1985
2020-07-03 11:30,1967
2020-07-03 11:35,1991
2020-07-03 11:40,2002
2020-07-03 11:45,2012
2020-07-03 11:50,2012
2020-07-03 11:55,2019
2020-07-03 12:00,2020
2020-07-03 12:05,2035
2020-07-03 12:10,2061
2020-07-03 12:15,2060
2020-07-03 12:20,2042
2020-07-03 12:25,2035
2020-07-03 12:30,2041
2020-07-03 12:35,2070
2020-07-03 12:40,2107
2020-07-03 12:45,2123
2020-07-03 12:50,2122
2020-07-03 12:55,2126
2020-07-03 13:00,2155
2020-07-03 13:05,2169
2020-07-03 13:10,2183
2020-07-03 13:15,2194
2020-07-03 13:20,2216
2020-07-03 13:25,2236
2020-07-03 13:30,2244
2020-07-03 13:35,2256
2020-07-03 13:40,2281
2020-07-03 13:45,2270
2020-07-03 13:50,2273
2020-07-03 13:55,2282
2020-07-03 14:00,2299
2020-07-03 14:05,2337
2020-07-03 14:10,2369
2020-07-03 14:15,2377
2020-07-03 14:20,2377
2020-07-03 14:25,2383
2020-07-03 14:30,2429
2020-07-03 14:35,2452
2020-07-03 14:40,2463
2020-07-03 14:45,2465
2020-07-03 14:50,2481
2020-07-03 14:55,2475
2020-07-03 15:00,2516
2020-07-03 15:05,2529
2020-07-03 15:10,2549
2020-07-03 15:15,2560
2020-07-03 15:20,2554
2020-07-03 15:25,2572
2020-07-03 15:30,2614
2020-07-03 15:35,2647
2020-07-03 15:40,2691
2020-07-03 15:45,2709
2020-07-03 15:50,2698
2020-07-03 15:55,2699
2020-07-03 16:00,2702
2020-07-03 16:05,2709
2020-07-03 16:10,2742
2020-07-03 16:15,2732
2020-07-03 16:20,2729
2020-07-03 16:25,2763
2020-07-03 16:30,2770
2020-07-03 16:35,2764
2020-07-03 16:40,2757
2020-07-03 16:45,2749
2020-07-03 16:50,2735
2020-07-03 16:55,2753
2020-07-03 17:00,2794
2020-07-03 17:05,2838
2020-07-03 17:10,2839
2020-07-03 17:15,2815
2020-07-03 17:20,2821
2020-07-03 17:25,2845
2020-07-03 17:30,2849
2020-07-03 17:35,2863
2020-07-03 17:40,2873
2020-07-03 17:45,2889
2020-07-03 17:50,2872
2020-07-03 17:55,2860
2020-07-03 18:00,2848
2020-07-03 18:05,2859
2020-07-03 18:10,2867
2020-07-03 18:15,2847
2020-07-03 18:20,2846
2020-07-03 18:25,2857
2020-07-03 18:30,2882
2020-07-03 18:35,2886
2020-07-03 18:40,2926
2020-07-03 18:45,2923
2020-07-03 18:50,2918
2020-07-03 18:55,2929
2020-07-03 19:00,2945
2020-07-03 19:05,2935
2020-07-03 19:10,2951
2020-07-03 19:15,2967
2020-07-03 19:20,2983
2020-07-03 19:25,3000
2020-07-03 19:30,3010
2020-07-03 19:35,3027
2020-07-03 19:40,3021
2020-07-03 19:45,3020
2020-07-03 19:50,3014
2020-07-03 19:55,3019
2020-07-03 20:00,2994
2020-07-03 20:05,2989
2020-07-03 20:10,2990
2020-07-03 20:15,2960
2020-07-03 20:20,2933
2020-07-03 20:25,2928
2020-07-03 20:30,2924
2020-07-03 20:35,2941
2020-07-03 20:40,2939
2020-07-03 20:45,2930
2020-07-03 20:50,2916
2020-07-03 20:55,2913
2020-07-03 21:00,2914
2020-07-03 21:05,2890
2020-07-03 21:10,2899
2020-07-03 21:15,2834
2020-07-03 21:20,2796
2020-07-03 21:25,2780
2020-07-03 21:30,2759
2020-07-03 21:35,2724
2020-07-03 21:40,2714
2020-07-03 21:45,2677
2020-07-03 21:50,2669
2020-07-03 21:55,2642
2020-07-03 22:00,2641
2020-07-03 22:05,2626
2020-07-03 22:10,2616
2020-07-03 22:15,2571
2020-07-03 22:20,2537
2020-07-03 22:25,2530
2020-07-03 22:30,2521
2020-07-03 22:35,2516
2020-07-03 22:40,2519
2020-07-03 22:45,2489
2020-07-03 22:50,2459
2020-07-03 22:55,2439
2020-07-03 23:00,2413
2020-07-03 23:05,2410
2020-07-03 23:10,2382
2020-07-03 23:15,2327
2020-07-03 23:20,2301
2020-07-03 23:25,2296
2020-07-03 23:30,2282
2020-07-03 23:35,2262
2020-07-03 23:40,2277
2020-07-03 23:45,2234
2020-07-03 23:50,2207
2020-07-03 23:55,2193
2020-07-04 00:00,2192
2020-07-04 00:05,2201
2020-07-04 00:10,2166
2020-07-04 00:15,2154
2020-07-04 00:20,2142
2020-07-04 00:25,2141
2020-07-04 00:30,2116
2020-07-04 00:35,2112
2020-07-04 00:40,2130
2020-07-04 00:45,2086
2020-07-04 00:50,2050
2020-07-04 00:55,2024
2020-07-04 01:00,2018
2020-07-04 01:05,2002
2020-07-04 01:10,1999
2020-07-04 01:15,1973
2020-07-04 01:20,1962
2020-07-04 01:25,1963
2020-07-04 01:30,1969
2020-07-04 01:35,1945
2020-07-04 01:40,1959
2020-07-04 01:45,1943
2020-07-04 01:50,1962
2020-07-04 01:55,1952
2020-07-04 02:00,1921
2020-07-04 02:05,1918
2020-07-04 02:10,1925
2020-07-04 02:15,1904
2020-07-04 02:20,1889
2020-07-04 02:25,1897
2020-07-04 02:30,1880
2020-07-04 02:35,1878
2020-07-04 02:40,1883
2020-07-04 02:45,1860
2020-07-04 02:50,1850
2020-07-04 02:55,1848
2020-07-04 03:00,1848
2020-07-04 03:05,1847
2020-07-04 03:10,1846
2020-07-04 03:15,1814
2020-07-04 03:20,1812
2020-07-04 03:25,1822
2020-07-04 03:30,1821
2020-07-04 03:35,1820
2020-07-04 03:40,1831
2020-07-04 03:45,1804
2020-07-04 03:50,1797
2020-07-04 03:55,1783
2020-07-04 04:00,1776
2020-07-04 04:05,1765
2020-07-04 04:10,1757
2020-07-04 04:15,1716
2020-07-04 04:20,1701
2020-07-04 04:25,1690
2020-07-04 04:30,1681
2020-07-04 04:35,1661
2020-07-04 04:40,1659
2020-07-04 04:45,1625
2020-07-04 04:50,1604
2020-07-04 04:55,1583
2020-07-04 05:00,1584
2020-07-04 05:05,1586
2020-07-04 05:10,1614
2020-07-04 05:15,1588
2020-07-04 05:20,1551
2020-07-04 05:25,1551
2020-07-04 05:30,1550
2020-07-04 05:35,1544
2020-07-04 05:40,1558
2020-07-04 05:45,1547
2020-07-04 05:50,1542
2020-07-04 05:55,1529
2020-07-04 06:00,1506
2020-07-04 06:05,1503
2020-07-04 06:10,1507
2020-07-04 06:15,1492
2020-07-04 06:20,1474
2020-07-04 06:25,1481
2020-07-04 06:30,1490
2020-07-04 06:35,1494
2020-07-04 06:40,1483
2020-07-04 06:45,1470
2020-07-04 06:50,1468
2020-07-04 06:55,1473
2020-07-04 07:00,1474
2020-07-04 07:05,1476
2020-07-04 07:10,1491
2020-07-04 07:15,1477
2020-07-04 07:20,1494
2020-07-04 07:25,1498
2020-07-04 07:30,1494
2020-07-04 07:35,1519
2020-07-04 07:40,1532
2020-07-04 07:45,1539
2020-07-04 07:50,1547
2020-07-04 07:55,1557
2020-07-04 08:00,1597
2020-07-04 08:05,1621
2020-07-04 08:10,1643
2020-07-04 08:15,1634
2020-07-04 08:20,1646
2020-07-04 08:25,1661
2020-07-04 08:30,1671
2020-07-04 08:35,1662
2020-07-04 08:40,1668
2020-07-04 08:45,1668
2020-07-04 08:50,1681
2020-07-04 08:55,1692
2020-07-04 09:00,1701
2020-07-04 09:05,1725
2020-07-04 09:10,1751
2020-07-04 09:15,1738
2020-07-04 09:20,1727
2020-07-04 09:25,1760
2020-07-04 09:30,1755
2020-07-04 09:35,1771
2020-07-04 09:40,1784
2020-07-04 09:45,1791
2020-07-04 09:50,1781
2020-07-04 09:55,1826
2020-07-04 10:00,1857
2020-07-04 10:05,1909
2020-07-04 10:10,1947
2020-07-04 10:15,1953
2020-07-04 10:20,1965
2020-07-04 10:25,1954
2020-07-04 10:30,1944
2020-07-04 10:35,1957
2020-07-04 10:40,1970
2020-07-04 10:45,1965
2020-07-04 10:50,1967
2020-07-04 10:55,1986
2020-07-04 11:00,1994
2020-07-04 11:05,2004
2020-07-04 11:10,2009
2020-07-04 11:15,2011
2020-07-04 11:20,2014
2020-07-04 11:25,2032
2020-07-04 11:30,2037
2020-07-04 11:35,2033
2020-07-04 11:40,2055
2020-07-04 11:45,2056
2020-07-04 11:50,2081
2020-07-04 11:55,2101
2020-07-04 12:00,2105
2020-07-04 12:05,2153
2020-07-04 12:10,2184
2020-07-04 12:15,2183
2020-07-04 12:20,2200
2020-07-04 12:25,2210
2020-07-04 12:30,2223
2020-07-04 12:35,2238
2020-07-04 12:40,2270
2020-07-04 12:45,2270
2020-07-04 12:50,2250
2020-07-04 12:55,2256
2020-07-04 13:00,2270
2020-07-04 13:05,2284
2020-07-04 13:10,2316
2020-07-04 13:15,2296
2020-07-04 13:20,2281
2020-07-04 13:25,2298
2020-07-04 13:30,2310
2020-07-04 13:35,2321
2020-07-04 13:40,2356
2020-07-04 13:45,2346
2020-07-04 13:50,2362
2020-07-04 13:55,2389
2020-07-04 14:00,2403
2020-07-04 14:05,2438
2020-07-04 14:10,2210
2020-07-04 14:15,2430
2020-07-04 14:20,2483
2020-07-04 14:25,2496
2020-07-04 14:30,2479
2020-07-04 14:35,2496
2020-07-04 14:40,2514
2020-07-04 14:45,2502
2020-07-04 14:50,2526
2020-07-04 14:55,2549
2020-07-04 15:00,2565
2020-07-04 15:05,2572
2020-07-04 15:10,2594
2020-07-04 15:15,2596
2020-07-04 15:20,2625
2020-07-04 15:25,2631
2020-07-04 15:30,2669
2020-07-04 15:35,2683
2020-07-04 15:40,2733
2020-07-04 15:45,2725
2020-07-04 15:50,2707
2020-07-04 15:55,2704
2020-07-04 16:00,2708
2020-07-04 16:05,2743
2020-07-04 16:10,2769
2020-07-04 16:15,2757
2020-07-04 16:20,2728
2020-07-04 16:25,2744
2020-07-04 16:30,2750
2020-07-04 16:35,2777
2020-07-04 16:40,2796
2020-07-04 16:45,2789
2020-07-04 16:50,2789
2020-07-04 16:55,2815
2020-07-04 17:00,2813
2020-07-04 17:05,2827
2020-07-04 17:10,2842
2020-07-04 17:15,2807
2020-07-04 17:20,2833
2020-07-04 17:25,2857
2020-07-04 17:30,2890
2020-07-04 17:35,2903
2020-07-04 17:40,2940
2020-07-04 17:45,2936
2020-07-04 17:50,2933
2020-07-04 17:55,2939
2020-07-04 18:00,2960
2020-07-04 18:05,2964
2020-07-04 18:10,2968
2020-07-04 18:15,2937
2020-07-04 18:20,2933
2020-07-04 18:25,2936
2020-07-04 18:30,2978
2020-07-04 18:35,3009
2020-07-04 18:40,3008
2020-07-04 18:45,3021
2020-07-04 18:50,3029
2020-07-04 18:55,3027
2020-07-04 19:00,3037
2020-07-04 19:05,3046
2020-07-04 19:10,3078
2020-07-04 19:15,3069
2020-07-04 19:20,3045
2020-07-04 19:25,3035
2020-07-04 19:30,3010
2020-07-04 19:35,3033
2020-07-04 19:40,3058
2020-07-04 19:45,3054
2020-07-04 19:50,3054
2020-07-04 19:55,3062
2020-07-04 20:00,3056
2020-07-04 20:05,3072
2020-07-04 20:10,3062
2020-07-04 20:15,3066
2020-07-04 20:20,3022
2020-07-04 20:25,3036
2020-07-04 20:30,3029
2020-07-04 20:35,3019
2020-07-04 20:40,2995
2020-07-04 20:45,2961
2020-07-04 20:50,2953
2020-07-04 20:55,2945
2020-07-04 21:00,2935
2020-07-04 21:05,2942
2020-07-04 21:10,2943
2020-07-04 21:15,2890
2020-07-04 21:20,2869
2020-07-04 21:25,2834
2020-07-04 21:30,2834
2020-07-04 21:35,2812
2020-07-04 21:40,2812
2020-07-04 21:45,2785
2020-07-04 21:50,2742
2020-07-04 21:55,2693
2020-07-04 22:00,2695
2020-07-04 22:05,2688
2020-07-04 22:10,2678
2020-07-04 22:15,2627
2020-07-04 22:20,2593
2020-07-04 22:25,2555
2020-07-04 22:30,2533
2020-07-04 22:35,2524
2020-07-04 22:40,2523
2020-07-04 22:45,2478
2020-07-04 22:50,2451
2020-07-04 22:55,2419
2020-07-04 23:00,2380
2020-07-04 23:05,2326
2020-07-04 23:10,2335
2020-07-04 23:15,2302
2020-07-04 23:20,2280
2020-07-04 23:25,2281
2020-07-04 23:30,2272
2020-07-04 23:35,2253
2020-07-04 23:40,2247
2020-07-04 23:45,2208
2020-07-04 23:50,2193
2020-07-04 23:55,2184
2020-07-05 00:00,2168
2020-07-05 00:05,2160
2020-07-05 00:10,2141
2020-07-05 00:15,2111
2020-07-05 00:20,2089
2020-07-05 00:25,2048
2020-07-05 00:30,2029
2020-07-05 00:35,2037
2020-07-05 00:40,2040
2020-07-05 00:45,2010
2020-07-05 00:50,2002
2020-07-05 00:55,1986
2020-07-05 01:00,1981
2020-07-05 01:05,1970
2020-07-05 01:10,1964
2020-07-05 01:15,1919
2020-07-05 01:20,1919
2020-07-05 01:25,1910
2020-07-05 01:30,1901
2020-07-05 01:35,1896
2020-07-05 01:40,1869
2020-07-05 01:45,1844
2020-07-05 01:50,1841
2020-07-05 01:55,1849
2020-07-05 02:00,1836
2020-07-05 02:05,1823
2020-07-05 02:10,1812
2020-07-05 02:15,1799
2020-07-05 02:20,1804
2020-07-05 02:25,1802
2020-07-05 02:30,1815
2020-07-05 02:35,1830
2020-07-05 02:40,1838
2020-07-05 02:45,1816
2020-07-05 02:50,1802
2020-07-05 02:55,1793
2020-07-05 03:00,1780
2020-07-05 03:05,1786
2020-07-05 03:10,1787
2020-07-05 03:15,1747
2020-07-05 03:20,1709
2020-07-05 03:25,1717
2020-07-05 03:30,1716
2020-07-05 03:35,1737
2020-07-05 03:40,1734
2020-07-05 03:45,1702
2020-07-05 03:50,1682
2020-07-05 03:55,1664
2020-07-05 04:00,1634
2020-07-05 04:05,1636
2020-07-05 04:10,1635
2020-07-05 04:15,1631
2020-07-05 04:20,1599
2020-07-05 04:25,1605
2020-07-05 04:30,1610
2020-07-05 04:35,1621
2020-07-05 04:40,1610
2020-07-05 04:45,1618
2020-07-05 04:50,1618
2020-07-05 04:55,1622
2020-07-05 05:00,1615
2020-07-05 05:05,1615
2020-07-05 05:10,1616
2020-07-05 05:15,1606
2020-07-05 05:20,1584
2020-07-05 05:25,1599
2020-07-05 05:30,1595
2020-07-05 05:35,1596
2020-07-05 05:40,1604
2020-07-05 05:45,1596
2020-07-05 05:50,1588
2020-07-05 05:55,1590
2020-07-05 06:00,1571
2020-07-05 06:05,1577
2020-07-05 06:10,1582
2020-07-05 06:15,1552
2020-07-05 06:20,1523
2020-07-05 06:25,1533
2020-07-05 06:30,1540
2020-07-05 06:35,1555
2020-07-05 06:40,1567
2020-07-05 06:45,1555
2020-07-05 06:50,1546
2020-07-05 06:55,1547
2020-07-05 07:00,1540
2020-07-05 07:05,1566
2020-07-05 07:10,1588
2020-07-05 07:15,1587
2020-07-05 07:20,1584
2020-07-05 07:25,1575
2020-07-05 07:30,1584
2020-07-05 07:35,1616
2020-07-05 07:40,1621
2020-07-05 07:45,1626
2020-07-05 07:50,1634
2020-07-05 07:55,1640
2020-07-05 08:00,1659
2020-07-05 08:05,1680
2020-07-05 08:10,1673
2020-07-05 08:15,1665
2020-07-05 08:20,1673
2020-07-05 08:25,1693
2020-07-05 08:30,1704
2020-07-05 08:35,1711
2020-07-05 08:40,1710
2020-07-05 08:45,1727
2020-07-05 08:50,1744
2020-07-05 08:55,1768
2020-07-05 09:00,1787
2020-07-05 09:05,1820
2020-07-05 09:10,1834
2020-07-05 09:15,1850
2020-07-05 09:20,1854
2020-07-05 09:25,1881
2020-07-05 09:30,1894
2020-07-05 09:35,1919
2020-07-05 09:40,1940
2020-07-05 09:45,1940
2020-07-05 09:50,1953
2020-07-05 09:55,1980
2020-07-05 10:00,2011
2020-07-05 10:05,2058
2020-07-05 10:10,2081
2020-07-05 10:15,2088
2020-07-05 10:20,2088
2020-07-05 10:25,2109
2020-07-05 10:30,2123
2020-07-05 10:35,2139
2020-07-05 10:40,2158
2020-07-05 10:45,2146
2020-07-05 10:50,2152
2020-07-05 10:55,2182
2020-07-05 11:00,2189
2020-07-05 11:05,2196
2020-07-05 11:10,2216
2020-07-05 11:15,2226
2020-07-05 11:20,2227
2020-07-05 11:25,2230
2020-07-05 11:30,2259
2020-07-05 11:35,2276
2020-07-05 11:40,2301
2020-07-05 11:45,2286
2020-07-05 11:50,2297
2020-07-05 11:55,2309
2020-07-05 12:00,2350
2020-07-05 12:05,2373
2020-07-05 12:10,2400
2020-07-05 12:15,2378
2020-07-05 12:20,2387
2020-07-05 12:25,2408
2020-07-05 12:30,2437
2020-07-05 12:35,2465
2020-07-05 12:40,2496
2020-07-05 12:45,2499
2020-07-05 12:50,2505
2020-07-05 12:55,2505
2020-07-05 13:00,2538
2020-07-05 13:05,2553
2020-07-05 13:10,2585
2020-07-05 13:15,2586
2020-07-05 13:20,2576
2020-07-05 13:25,2605
2020-07-05 13:30,2603
2020-07-05 13:35,2630
2020-07-05 13:40,2648
2020-07-05 13:45,2660
2020-07-05 13:50,2648
2020-07-05 13:55,2677
2020-07-05 14:00,2710
2020-07-05 14:05,2728
2020-07-05 14:10,2732
2020-07-05 14:15,2723
2020-07-05 14:20,2745
2020-07-05 14:25,2763
2020-07-05 14:30,2800
2020-07-05 14:35,2823
2020-07-05 14:40,2850
2020-07-05 14:45,2846
2020-07-05 14:50,2861
2020-07-05 14:55,2902
2020-07-05 15:00,2942
2020-07-05 15:05,2965
2020-07-05 15:10,2991
2020-07-05 15:15,2971
2020-07-05 15:20,2959
2020-07-05 15:25,2961
2020-07-05 15:30,2988
2020-07-05 15:35,3001
2020-07-05 15:40,2999
2020-07-05 15:45,3022
2020-07-05 15:50,3020
2020-07-05 15:55,3029
2020-07-05 16:00,3022
2020-07-05 16:05,3031
2020-07-05 16:10,3088
2020-07-05 16:15,3055
2020-07-05 16:20,3036
2020-07-05 16:25,3057
2020-07-05 16:30,3062
2020-07-05 16:35,3081
2020-07-05 16:40,3068
2020-07-05 16:45,3075
2020-07-05 16:50,3111
2020-07-05 16:55,3116
2020-07-05 17:00,3117
2020-07-05 17:05,3129
2020-07-05 17:10,3152
2020-07-05 17:15,3136
2020-07-05 17:20,3150
2020-07-05 17:25,3178
2020-07-05 17:30,3178
2020-07-05 17:35,3180
2020-07-05 17:40,3193
2020-07-05 17:45,3177
2020-07-05 17:50,3158
2020-07-05 17:55,3183
2020-07-05 18:00,3181
2020-07-05 18:05,3206
2020-07-05 18:10,3206
2020-07-05 18:15,3195
2020-07-05 18:20,3180
2020-07-05 18:25,3181
2020-07-05 18:30,3176
2020-07-05 18:35,3219
2020-07-05 18:40,3222
2020-07-05 18:45,3204
2020-07-05 18:50,3204
2020-07-05 18:55,3209
2020-07-05 19:00,3187
2020-07-05 19:05,3176
2020-07-05 19:10,3204
2020-07-05 19:15,3189
2020-07-05 19:20,3166
2020-07-05 19:25,3158
2020-07-05 19:30,3156
2020-07-05 19:35,3177
2020-07-05 19:40,3188
2020-07-05 19:45,3177
2020-07-05 19:50,3137
2020-07-05 19:55,3138
2020-07-05 20:00,3144
2020-07-05 20:05,3160
2020-07-05 20:10,3146
2020-07-05 20:15,3111
2020-07-05 20:20,3100
2020-07-05 20:25,3080
2020-07-05 20:30,3065
2020-07-05 20:35,3080
2020-07-05 20:40,3080
2020-07-05 20:45,3076
2020-07-05 20:50,3057
2020-07-05 20:55,3057
2020-07-05 21:00,3030
2020-07-05 21:05,3031
2020-07-05 21:10,3033
2020-07-05 21:15,3004
2020-07-05 21:20,2960
2020-07-05 21:25,2914
2020-07-05 21:30,2904
2020-07-05 21:35,2882
2020-07-05 21:40,2868
2020-07-05 21:45,2816
2020-07-05 21:50,2788
2020-07-05 21:55,2760
2020-07-05 22:00,2759
2020-07-05 22:05,2746
2020-07-05 22:10,2754
2020-07-05 22:15,2691
2020-07-05 22:20,2656
2020-07-05 22:25,2621
2020-07-05 22:30,2579
2020-07-05 22:35,2548
2020-07-05 22:40,2547
2020-07-05 22:45,2498
2020-07-05 22:50,2442
2020-07-05 22:55,2438
2020-07-05 23:00,2423
2020-07-05 23:05,2398
2020-07-05 23:10,2418
2020-07-05 23:15,2373
2020-07-05 23:20,2330
2020-07-05 23:25,2318
2020-07-05 23:30,2296
2020-07-05 23:35,2287
2020-07-05 23:40,2307
2020-07-05 23:45,2265
2020-07-05 23:50,2235
2020-07-05 23:55,2207
2020-07-06 00:00,2191
2020-07-06 00:05,2163
2020-07-06 00:10,2146
2020-07-06 00:15,2137
2020-07-06 00:20,2110
2020-07-06 00:25,2108
2020-07-06 00:30,2099
2020-07-06 00:35,2106
2020-07-06 00:40,2081
2020-07-06 00:45,2047
2020-07-06 00:50,2015
2020-07-06 00:55,2008
2020-07-06 01:00,2000
2020-07-06 01:05,2001
2020-07-06 01:10,1991
2020-07-06 01:15,1965
2020-07-06 01:20,1976
2020-07-06 01:25,1971
2020-07-06 01:30,1965
2020-07-06 01:35,1970
2020-07-06 01:40,1964
2020-07-06 01:45,1940
2020-07-06 01:50,1934
2020-07-06 01:55,1917
2020-07-06 02:00,1902
2020-07-06 02:05,1885
2020-07-06 02:10,1891
2020-07-06 02:15,1854
2020-07-06 02:20,1845
2020-07-06 02:25,1840
2020-07-06 02:30,1818
2020-07-06 02:35,1810
2020-07-06 02:40,1800
2020-07-06 02:45,1775
2020-07-06 02:50,1761
2020-07-06 02:55,1746
2020-07-06 03:00,1723
2020-07-06 03:05,1719
2020-07-06 03:10,1730
2020-07-06 03:15,1723
2020-07-06 03:20,1686
2020-07-06 03:25,1668
2020-07-06 03:30,1681
2020-07-06 03:35,1676
2020-07-06 03:40,1694
2020-07-06 03:45,1680
2020-07-06 03:50,1665
2020-07-06 03:55,1636
2020-07-06 04:00,1617
2020-07-06 04:05,1623
2020-07-06 04:10,1622
2020-07-06 04:15,1599
2020-07-06 04:20,1574
2020-07-06 04:25,1543
2020-07-06 04:30,1552
2020-07-06 04:35,1548
2020-07-06 04:40,1543
2020-07-06 04:45,1505
2020-07-06 04:50,1491
2020-07-06 04:55,1491
2020-07-06 05:00,1476
2020-07-06 05:05,1449
2020-07-06 05:10,1444
2020-07-06 05:15,1429
2020-07-06 05:20,1421
2020-07-06 05:25,1413
2020-07-06 05:30,1416
2020-07-06 05:35,1433
2020-07-06 05:40,1426
2020-07-06 05:45,1400
2020-07-06 05:50,1391
2020-07-06 05:55,1381
2020-07-06 06:00,1355
2020-07-06 06:05,1342
2020-07-06 06:10,1339
2020-07-06 06:15,1312
2020-07-06 06:20,1317
2020-07-06 06:25,1339
2020-07-06 06:30,1341
2020-07-06 06:35,1347
2020-07-06 06:40,1370
2020-07-06 06:45,1361
2020-07-06 06:50,1361
2020-07-06 06:55,1359
2020-07-06 07:00,1379
2020-07-06 07:05,1374
2020-07-06 07:10,1361
2020-07-06 07:15,1371
2020-07-06 07:20,1370
2020-07-06 07:25,1364
2020-07-06 07:30,1380
2020-07-06 07:35,1400
2020-07-06 07:40,1417
2020-07-06 07:45,1406
2020-07-06 07:50,1409
2020-07-06 07:55,1426
2020-07-06 08:00,1435
2020-07-06 08:05,1416
2020-07-06 08:10,1431
2020-07-06 08:15,1422
2020-07-06 08:20,1415
2020-07-06 08:25,1424
2020-07-06 08:30,1431
2020-07-06 08:35,1459
2020-07-06 08:40,1475
2020-07-06 08:45,1458
2020-07-06 08:50,1468
2020-07-06 08:55,1472
2020-07-06 09:00,1485
2020-07-06 09:05,1503
2020-07-06 09:10,1520
2020-07-06 09:15,1522
2020-07-06 09:20,1541
2020-07-06 09:25,1563
2020-07-06 09:30,1585
2020-07-06 09:35,1603
2020-07-06 09:40,1600
2020-07-06 09:45,1601
2020-07-06 09:50,1621
2020-07-06 09:55,1639
2020-07-06 10:00,1608
2020-07-06 10:05,1511
2020-07-06 10:10,1692
2020-07-06 10:15,1710
2020-07-06 10:20,1713
2020-07-06 10:25,1716
2020-07-06 10:30,1754
2020-07-06 10:35,1776
2020-07-06 10:40,1796
2020-07-06 10:45,1810
2020-07-06 10:50,1825
2020-07-06 10:55,1830
2020-07-06 11:00,1843
2020-07-06 11:05,1852
2020-07-06 11:10,1864
2020-07-06 11:15,1868
2020-07-06 11:20,1856
2020-07-06 11:25,1871
2020-07-06 11:30,1885
2020-07-06 11:35,1883
2020-07-06 11:40,1901
2020-07-06 11:45,1910
2020-07-06 11:50,1935
2020-07-06 11:55,1939
2020-07-06 12:00,1957
2020-07-06 12:05,1968
2020-07-06 12:10,1980
2020-07-06 12:15,1997
2020-07-06 12:20,2009
2020-07-06 12:25,2027
2020-07-06 12:30,2050
2020-07-06 12:35,2070
2020-07-06 12:40,2099
2020-07-06 12:45,2107
2020-07-06 12:50,2097
2020-07-06 12:55,2092
2020-07-06 13:00,2097
2020-07-06 13:05,2139
2020-07-06 13:10,2169
2020-07-06 13:15,2154
2020-07-06 13:20,2156
2020-07-06 13:25,2160
2020-07-06 13:30,2162
2020-07-06 13:35,2182
2020-07-06 13:40,2210
2020-07-06 13:45,2216
2020-07-06 13:50,2217
2020-07-06 13:55,2234
2020-07-06 14:00,2249
2020-07-06 14:05,2272
2020-07-06 14:10,2316
2020-07-06 14:15,2314
2020-07-06 14:20,2315
2020-07-06 14:25,2316
2020-07-06 14:30,2329
2020-07-06 14:35,2363
2020-07-06 14:40,2384
2020-07-06 14:45,2379
2020-07-06 14:50,2370
2020-07-06 14:55,2392
2020-07-06 15:00,2408
2020-07-06 15:05,2444
2020-07-06 15:10,2480
2020-07-06 15:15,2486
2020-07-06 15:20,2491
2020-07-06 15:25,2508
2020-07-06 15:30,2531
2020-07-06 15:35,2567
2020-07-06 15:40,2587
2020-07-06 15:45,2570
2020-07-06 15:50,2553
2020-07-06 15:55,2601
2020-07-06 16:00,2615
2020-07-06 16:05,2635
2020-07-06 16:10,2705
2020-07-06 16:15,2720
2020-07-06 16:20,2724
2020-07-06 16:25,2747
2020-07-06 16:30,2746
2020-07-06 16:35,2760
2020-07-06 16:40,2769
2020-07-06 16:45,2770
2020-07-06 16:50,2746
2020-07-06 16:55,2770
2020-07-06 17:00,2765
2020-07-06 17:05,2793
2020-07-06 17:10,2799
2020-07-06 17:15,2794
2020-07-06 17:20,2766
2020-07-06 17:25,2772
2020-07-06 17:30,2786
2020-07-06 17:35,2799
2020-07-06 17:40,2803
2020-07-06 17:45,2813
2020-07-06 17:50,2813
2020-07-06 17:55,2824
2020-07-06 18:00,2816
2020-07-06 18:05,2817
2020-07-06 18:10,2821
2020-07-06 18:15,2829
2020-07-06 18:20,2846
2020-07-06 18:25,2860
2020-07-06 18:30,2870
2020-07-06 18:35,2867
2020-07-06 18:40,2875
2020-07-06 18:45,2859
2020-07-06 18:50,2870
2020-07-06 18:55,2888
2020-07-06 19:00,2887
2020-07-06 19:05,2891
2020-07-06 19:10,2889
2020-07-06 19:15,2903
2020-07-06 19:20,2915
2020-07-06 19:25,2884
2020-07-06 19:30,2918
2020-07-06 19:35,2885
2020-07-06 19:40,2869
2020-07-06 19:45,2887
2020-07-06 19:50,2882
2020-07-06 19:55,2874
2020-07-06 20:00,2874
2020-07-06 20:05,2864
2020-07-06 20:10,2864
2020-07-06 20:15,2857
2020-07-06 20:20,2842
2020-07-06 20:25,2818
2020-07-06 20:30,2797
2020-07-06 20:35,2785
2020-07-06 20:40,2757
2020-07-06 20:45,2767
2020-07-06 20:50,2734
2020-07-06 20:55,2709
2020-07-06 21:00,2707
2020-07-06 21:05,2678
2020-07-06 21:10,2653
2020-07-06 21:15,2641
2020-07-06 21:20,2604
2020-07-06 21:25,2570
2020-07-06 21:30,2543
2020-07-06 21:35,2528
2020-07-06 21:40,2508
2020-07-06 21:45,2514
2020-07-06 21:50,2532
2020-07-06 21:55,2519
2020-07-06 22:00,2499
2020-07-06 22:05,2480
2020-07-06 22:10,2441
2020-07-06 22:15,2392
2020-07-06 22:20,2357
2020-07-06 22:25,2330
2020-07-06 22:30,2313
2020-07-06 22:35,2287
2020-07-06 22:40,2301
2020-07-06 22:45,2268
2020-07-06 22:50,2248
2020-07-06 22:55,2217
2020-07-06 23:00,2198
2020-07-06 23:05,2173
2020-07-06 23:10,2168
2020-07-06 23:15,2161
2020-07-06 23:20,2153
2020-07-06 23:25,2143
2020-07-06 23:30,2130
2020-07-06 23:35,2122
2020-07-06 23:40,2101
2020-07-06 23:45,2094
2020-07-06 23:50,2062
2020-07-06 23:55,2040
2020-07-07 00:00,2006
2020-07-07 00:05,2003
2020-07-07 00:10,1947
2020-07-07 00:15,1954
2020-07-07 00:20,1973
2020-07-07 00:25,1919
2020-07-07 00:30,1983
2020-07-07 00:35,1969
2020-07-07 00:40,1980
2020-07-07 00:45,1960
2020-07-07 00:50,1965
2020-07-07 00:55,1958
2020-07-07 01:00,1928
2020-07-07 01:05,1914
2020-07-07 01:10,1890
2020-07-07 01:15,1885
2020-07-07 01:20,1869
2020-07-07 01:25,1866
2020-07-07 01:30,1838
2020-07-07 01:35,1830
2020-07-07 01:40,1825
2020-07-07 01:45,1816
2020-07-07 01:50,1810
2020-07-07 01:55,1800
2020-07-07 02:00,1782
2020-07-07 02:05,1757
2020-07-07 02:10,1756
2020-07-07 02:15,1726
2020-07-07 02:20,1713
2020-07-07 02:25,1700
2020-07-07 02:30,1688
2020-07-07 02:35,1670
2020-07-07 02:40,1660
2020-07-07 02:45,1640
2020-07-07 02:50,1633
2020-07-07 02:55,1620
2020-07-07 03:00,1597
2020-07-07 03:05,1580
2020-07-07 03:10,1576
2020-07-07 03:15,1569
2020-07-07 03:20,1541
2020-07-07 03:25,1514
2020-07-07 03:30,1498
2020-07-07 03:35,1476
2020-07-07 03:40,1466
2020-07-07 03:45,1464
2020-07-07 03:50,1469
2020-07-07 03:55,1461
2020-07-07 04:00,1456
2020-07-07 04:05,1437
2020-07-07 04:10,1430
2020-07-07 04:15,1428
2020-07-07 04:20,1398
2020-07-07 04:25,1390
2020-07-07 04:30,1395
2020-07-07 04:35,1383
2020-07-07 04:40,1376
2020-07-07 04:45,1375
2020-07-07 04:50,1374
2020-07-07 04:55,1364
2020-07-07 05:00,1357
2020-07-07 05:05,1355
2020-07-07 05:10,1339
2020-07-07 05:15,1330
2020-07-07 05:20,1322
2020-07-07 05:25,1304
2020-07-07 05:30,1298
2020-07-07 05:35,1277
2020-07-07 05:40,1261
2020-07-07 05:45,1253
2020-07-07 05:50,1247
2020-07-07 05:55,1223
2020-07-07 06:00,1214
2020-07-07 06:05,1212
2020-07-07 06:10,1201
2020-07-07 06:15,1197
2020-07-07 06:20,1187
2020-07-07 06:25,1213
2020-07-07 06:30,1227
2020-07-07 06:35,1238
2020-07-07 06:40,1255
2020-07-07 06:45,1235
2020-07-07 06:50,1215
2020-07-07 06:55,1211
2020-07-07 07:00,1215
2020-07-07 07:05,1226
2020-07-07 07:10,1249
2020-07-07 07:15,1235
2020-07-07 07:20,1234
2020-07-07 07:25,1224
2020-07-07 07:30,1229
2020-07-07 07:35,1239
2020-07-07 07:40,1241
2020-07-07 07:45,1252
2020-07-07 07:50,1267
2020-07-07 07:55,1265
2020-07-07 08:00,1274
2020-07-07 08:05,1285
2020-07-07 08:10,1306
2020-07-07 08:15,1302
2020-07-07 08:20,1314
2020-07-07 08:25,1306
2020-07-07 08:30,1291
2020-07-07 08:35,1303
2020-07-07 08:40,1326
2020-07-07 08:45,1326
2020-07-07 08:50,1340
2020-07-07 08:55,1344
2020-07-07 09:00,1351
2020-07-07 09:05,1356
2020-07-07 09:10,1385
2020-07-07 09:15,1387
2020-07-07 09:20,1397
2020-07-07 09:25,1410
2020-07-07 09:30,1422
2020-07-07 09:35,1422
2020-07-07 09:40,1437
2020-07-07 09:45,1438
2020-07-07 09:50,1443
2020-07-07 09:55,1453
2020-07-07 10:00,1478
2020-07-07 10:05,1481
2020-07-07 10:10,1509
2020-07-07 10:15,1521
2020-07-07 10:20,1511
2020-07-07 10:25,1529
2020-07-07 10:30,1552
2020-07-07 10:35,1564
2020-07-07 10:40,1559
2020-07-07 10:45,1574
2020-07-07 10:50,1594
2020-07-07 10:55,1606
2020-07-07 11:00,1616
2020-07-07 11:05,1613
2020-07-07 11:10,1630
2020-07-07 11:15,1642
2020-07-07 11:20,1674
2020-07-07 11:25,1698
2020-07-07 11:30,1714
2020-07-07 11:35,1718
2020-07-07 11:40,1735
2020-07-07 11:45,1715
2020-07-07 11:50,1741
2020-07-07 11:55,1741
2020-07-07 12:00,1754
2020-07-07 12:05,1773
2020-07-07 12:10,1786
2020-07-07 12:15,1794
2020-07-07 12:20,1817
2020-07-07 12:25,1825
2020-07-07 12:30,1832
2020-07-07 12:35,1873
2020-07-07 12:40,1887
2020-07-07 12:45,1886
2020-07-07 12:50,1875
2020-07-07 12:55,1883
2020-07-07 13:00,1887
2020-07-07 13:05,1895
2020-07-07 13:10,1941
2020-07-07 13:15,1956
2020-07-07 13:20,1981
2020-07-07 13:25,2000
2020-07-07 13:30,1991
2020-07-07 13:35,1986
2020-07-07 13:40,2010
2020-07-07 13:45,2020
2020-07-07 13:50,2011
2020-07-07 13:55,2033
2020-07-07 14:00,2052
2020-07-07 14:05,2042
2020-07-07 14:10,2059
2020-07-07 14:15,2057
2020-07-07 14:20,2086
2020-07-07 14:25,2093
2020-07-07 14:30,2087
2020-07-07 14:35,2121
2020-07-07 14:40,2137
2020-07-07 14:45,2146
2020-07-07 14:50,2148
2020-07-07 14:55,2139
2020-07-07 15:00,2139
2020-07-07 15:05,2172
2020-07-07 15:10,2181
2020-07-07 15:15,2212
2020-07-07 15:20,2233
2020-07-07 15:25,2245
2020-07-07 15:30,2268
2020-07-07 15:35,2242
2020-07-07 15:40,2268
2020-07-07 15:45,2294
2020-07-07 15:50,2307
2020-07-07 15:55,2326
2020-07-07 16:00,2347
2020-07-07 16:05,2355
2020-07-07 16:10,2389
2020-07-07 16:15,2415
2020-07-07 16:20,2416
2020-07-07 16:25,2399
2020-07-07 16:30,2407
2020-07-07 16:35,2422
2020-07-07 16:40,2421
2020-07-07 16:45,2441
2020-07-07 16:50,2445
2020-07-07 16:55,2453
2020-07-07 17:00,2483
2020-07-07 17:05,2496
2020-07-07 17:10,2498
2020-07-07 17:15,2493
2020-07-07 17:20,2484
2020-07-07 17:25,2506
2020-07-07 17:30,2475
2020-07-07 17:35,2479
2020-07-07 17:40,2498
2020-07-07 17:45,2497
2020-07-07 17:50,2508
2020-07-07 17:55,2507
2020-07-07 18:00,2532
2020-07-07 18:05,2525
2020-07-07 18:10,2532
2020-07-07 18:15,2567
2020-07-07 18:20,2578
2020-07-07 18:25,2567
2020-07-07 18:30,2576
2020-07-07 18:35,2583
2020-07-07 18:40,2574
2020-07-07 18:45,2598
2020-07-07 18:50,2622
2020-07-07 18:55,2636
2020-07-07 19:00,2637
2020-07-07 19:05,2663
2020-07-07 19:10,2698
2020-07-07 19:15,2712
2020-07-07 19:20,2708
2020-07-07 19:25,2686
2020-07-07 19:30,2686
2020-07-07 19:35,2683
2020-07-07 19:40,2685
2020-07-07 19:45,2666
2020-07-07 19:50,2655
2020-07-07 19:55,2649
2020-07-07 20:00,2645
2020-07-07 20:05,2621
2020-07-07 20:10,2634
2020-07-07 20:15,2620
2020-07-07 20:20,2615
2020-07-07 20:25,2616
2020-07-07 20:30,2602
2020-07-07 20:35,2603
2020-07-07 20:40,2589
2020-07-07 20:45,2561
2020-07-07 20:50,2526
2020-07-07 20:55,2520
2020-07-07 21:00,2488
2020-07-07 21:05,0
2020-07-07 21:10,2464
2020-07-07 21:15,2439
2020-07-07 21:20,2444
2020-07-07 21:25,2443
2020-07-07 21:30,2401
2020-07-07 21:35,2388
2020-07-07 21:40,2374
2020-07-07 21:45,2336
2020-07-07 21:50,2309
2020-07-07 21:55,2316
2020-07-07 22:00,2285
2020-07-07 22:05,2269
2020-07-07 22:10,2261
2020-07-07 22:15,2225
2020-07-07 22:20,2229
2020-07-07 22:25,2182
2020-07-07 22:30,2173
2020-07-07 22:35,2162
2020-07-07 22:40,2151
2020-07-07 22:45,2124
2020-07-07 22:50,2109
2020-07-07 22:55,2094
2020-07-07 23:00,2095
2020-07-07 23:05,2069
2020-07-07 23:10,2063
2020-07-07 23:15,2056
2020-07-07 23:20,2036
2020-07-07 23:25,2034
2020-07-07 23:30,2009
2020-07-07 23:35,1992
2020-07-07 23:40,1960
2020-07-07 23:45,1960
2020-07-07 23:50,1956
2020-07-07 23:55,1944
2020-07-08 00:00,1937
2020-07-08 00:05,1923
2020-07-08 00:10,1908
2020-07-08 00:15,1906
2020-07-08 00:20,1903
2020-07-08 00:25,1885
2020-07-08 00:30,1894
2020-07-08 00:35,1865
2020-07-08 00:40,1848
2020-07-08 00:45,1827
2020-07-08 00:50,1826
2020-07-08 00:55,1819
2020-07-08 01:00,1792
2020-07-08 01:05,1781
2020-07-08 01:10,1784
2020-07-08 01:15,1785
2020-07-08 01:20,1786
2020-07-08 01:25,1765
2020-07-08 01:30,1741
2020-07-08 01:35,1764
2020-07-08 01:40,1745
2020-07-08 01:45,1712
2020-07-08 01:50,1699
2020-07-08 01:55,1693
2020-07-08 02:00,1665
2020-07-08 02:05,1657
2020-07-08 02:10,1652
2020-07-08 02:15,1645
2020-07-08 02:20,1654
2020-07-08 02:25,1650
2020-07-08 02:30,1626
2020-07-08 02:35,1638
2020-07-08 02:40,1617
2020-07-08 02:45,1611
2020-07-08 02:50,1582
2020-07-08 02:55,1579
2020-07-08 03:00,1569
2020-07-08 03:05,1569
2020-07-08 03:10,1563
2020-07-08 03:15,1539
2020-07-08 03:20,1522
2020-07-08 03:25,1517
2020-07-08 03:30,1509
2020-07-08 03:35,1503
2020-07-08 03:40,1498
2020-07-08 03:45,1491
2020-07-08 03:50,1469
2020-07-08 03:55,1463
2020-07-08 04:00,1448
2020-07-08 04:05,1463
2020-07-08 04:10,1453
2020-07-08 04:15,1424
2020-07-08 04:20,1409
2020-07-08 04:25,1389
2020-07-08 04:30,1368
2020-07-08 04:35,1360
2020-07-08 04:40,1358
2020-07-08 04:45,1347
2020-07-08 04:50,1346
2020-07-08 04:55,1329
2020-07-08 05:00,1314
2020-07-08 05:05,1304
2020-07-08 05:10,1298
2020-07-08 05:15,1309
2020-07-08 05:20,1302
2020-07-08 05:25,1302
2020-07-08 05:30,1295
2020-07-08 05:35,1306
2020-07-08 05:40,1294
2020-07-08 05:45,1309
2020-07-08 05:50,1302
2020-07-08 05:55,1282
2020-07-08 06:00,1271
2020-07-08 06:05,1271
2020-07-08 06:10,1243
2020-07-08 06:15,1251
2020-07-08 06:20,1237
2020-07-08 06:25,1228
2020-07-08 06:30,1226
2020-07-08 06:35,1214
2020-07-08 06:40,1214
2020-07-08 06:45,1206
2020-07-08 06:50,1226
2020-07-08 06:55,1227
2020-07-08 07:00,1233
2020-07-08 07:05,1233
2020-07-08 07:10,1202
2020-07-08 07:15,1196
2020-07-08 07:20,1196
2020-07-08 07:25,1191
2020-07-08 07:30,1191
2020-07-08 07:35,1209
2020-07-08 07:40,1203
2020-07-08 07:45,1194
2020-07-08 07:50,1193
2020-07-08 07:55,1204
2020-07-08 08:00,1203
2020-07-08 08:05,1203
2020-07-08 08:10,1225
2020-07-08 08:15,1225
2020-07-08 08:20,1237
2020-07-08 08:25,1262
2020-07-08 08:30,1286
2020-07-08 08:35,1283
2020-07-08 08:40,1302
2020-07-08 08:45,1297
2020-07-08 08:50,1308
2020-07-08 08:55,1325
2020-07-08 09:00,1301
2020-07-08 09:05,1301
2020-07-08 09:10,1316
2020-07-08 09:15,1342
2020-07-08 09:20,1342
2020-07-08 09:25,1351
2020-07-08 09:30,1368
2020-07-08 09:35,1386
2020-07-08 09:40,1407
2020-07-08 09:45,1417
2020-07-08 09:50,1442
2020-07-08 09:55,1434
2020-07-08 10:00,1456
2020-07-08 10:05,1456
2020-07-08 10:10,1489
2020-07-08 10:15,1501
2020-07-08 10:20,1532
2020-07-08 10:25,1531
2020-07-08 10:30,1573
2020-07-08 10:35,1607
2020-07-08 10:40,1607
2020-07-08 10:45,1613
2020-07-08 10:50,1599
2020-07-08 10:55,1601
2020-07-08 11:00,1618
2020-07-08 11:05,1618
2020-07-08 11:10,1622
2020-07-08 11:15,1622
2020-07-08 11:20,1648
2020-07-08 11:25,1664
2020-07-08 11:30,1666
2020-07-08 11:35,1668
2020-07-08 11:40,1693
2020-07-08 11:45,1693
2020-07-08 11:50,1707
2020-07-08 11:55,1730
2020-07-08 12:00,1726
2020-07-08 12:05,1726
2020-07-08 12:10,1763
2020-07-08 12:15,1781
2020-07-08 12:20,1803
2020-07-08 12:25,1817
2020-07-08 12:30,1839
2020-07-08 12:35,1860
2020-07-08 12:40,1882
2020-07-08 12:45,1884
2020-07-08 12:50,1892
2020-07-08 12:55,1887
2020-07-08 13:00,1886
2020-07-08 13:05,1883
2020-07-08 13:10,1877
2020-07-08 13:15,1894
2020-07-08 13:20,1898
2020-07-08 13:25,1909
2020-07-08 13:30,1923
2020-07-08 13:35,1918
2020-07-08 13:40,1939
2020-07-08 13:45,1939
2020-07-08 13:50,1942
2020-07-08 13:55,1956
2020-07-08 14:00,1965
2020-07-08 14:05,1977
2020-07-08 14:10,2009
2020-07-08 14:15,2043
2020-07-08 14:20,2077
2020-07-08 14:25,2098
2020-07-08 14:30,2125
2020-07-08 14:35,2131
2020-07-08 14:40,2148
2020-07-08 14:45,2122
2020-07-08 14:50,2124
2020-07-08 14:55,2145
2020-07-08 15:00,2161
2020-07-08 15:05,2159
2020-07-08 15:10,2165
2020-07-08 15:15,2152
2020-07-08 15:20,2161
2020-07-08 15:25,2183
2020-07-08 15:30,2192
2020-07-08 15:35,2203
2020-07-08 15:40,2204
2020-07-08 15:45,2216
2020-07-08 15:50,2233
2020-07-08 15:55,2262
2020-07-08 16:00,2294
2020-07-08 16:05,2302
2020-07-08 16:10,2283
2020-07-08 16:15,2300
2020-07-08 16:20,2295
2020-07-08 16:25,2316
2020-07-08 16:30,2348
2020-07-08 16:35,2348
2020-07-08 16:40,2360
2020-07-08 16:45,2422
2020-07-08 16:50,2422
2020-07-08 16:55,2410
2020-07-08 17:00,2442
2020-07-08 17:05,2442
2020-07-08 17:10,2442
2020-07-08 17:15,2443
2020-07-08 17:20,2467
2020-07-08 17:25,2474
2020-07-08 17:30,2482
2020-07-08 17:35,2473
2020-07-08 17:40,2490
2020-07-08 17:45,2488
2020-07-08 17:50,2484
2020-07-08 17:55,2505
2020-07-08 18:00,2492
2020-07-08 18:05,2518
2020-07-08 18:10,2547
2020-07-08 18:15,2559
2020-07-08 18:20,2584
2020-07-08 18:25,2581
2020-07-08 18:30,2576
2020-07-08 18:35,2585
2020-07-08 18:40,2586
2020-07-08 18:45,2604
2020-07-08 18:50,2617
2020-07-08 18:55,2619
2020-07-08 19:00,2606
2020-07-08 19:05,2571
2020-07-08 19:10,2554
2020-07-08 19:15,2584
2020-07-08 19:20,2587
2020-07-08 19:25,2598
2020-07-08 19:30,2596
2020-07-08 19:35,2596
2020-07-08 19:40,2593
2020-07-08 19:45,2607
2020-07-08 19:50,2629
2020-07-08 19:55,2631
2020-07-08 20:00,2603
2020-07-08 20:05,2624
2020-07-08 20:10,2607
2020-07-08 20:15,2607
2020-07-08 20:20,2625
2020-07-08 20:25,2588
2020-07-08 20:30,2574
2020-07-08 20:35,2529
2020-07-08 20:40,2532
2020-07-08 20:45,2505
2020-07-08 20:50,2524
2020-07-08 20:55,2487
2020-07-08 21:00,2440
2020-07-08 21:05,2434
2020-07-08 21:10,2409
2020-07-08 21:15,2418
2020-07-08 21:20,2416
2020-07-08 21:25,2386
2020-07-08 21:30,2386
2020-07-08 21:35,2358
2020-07-08 21:40,2332
2020-07-08 21:45,2311
2020-07-08 21:50,2299
2020-07-08 21:55,2292
2020-07-08 22:00,2254
2020-07-08 22:05,2226
2020-07-08 22:10,2218
2020-07-08 22:15,2183
2020-07-08 22:20,2150
2020-07-08 22:25,2146
2020-07-08 22:30,2120
2020-07-08 22:35,2099
2020-07-08 22:40,2095
2020-07-08 22:45,2091
2020-07-08 22:50,2073
2020-07-08 22:55,2069
2020-07-08 23:00,2058
2020-07-08 23:05,2039
2020-07-08 23:10,2022
2020-07-08 23:15,2019
2020-07-08 23:20,1992
2020-07-08 23:25,1977
2020-07-08 23:30,1984
2020-07-08 23:35,1954
2020-07-08 23:40,1952
2020-07-08 23:45,1937
2020-07-08 23:50,1922
2020-07-08 23:55,1907
2020-07-09 00:00,1894
2020-07-09 00:05,1874
2020-07-09 00:10,1863
2020-07-09 00:15,1845
2020-07-09 00:20,1849
2020-07-09 00:25,1852
2020-07-09 00:30,1841
2020-07-09 00:35,1835
2020-07-09 00:40,1810
2020-07-09 00:45,1796
2020-07-09 00:50,1791
2020-07-09 00:55,1784
2020-07-09 01:00,1785
2020-07-09 01:05,1790
2020-07-09 01:10,1784
2020-07-09 01:15,1773
2020-07-09 01:20,1767
2020-07-09 01:25,1769
2020-07-09 01:30,1772
2020-07-09 01:35,1759
2020-07-09 01:40,1739
2020-07-09 01:45,1732
2020-07-09 01:50,1710
2020-07-09 01:55,1683
2020-07-09 02:00,1672
2020-07-09 02:05,1672
2020-07-09 02:10,1681
2020-07-09 02:15,1662
2020-07-09 02:20,1643
2020-07-09 02:25,1628
2020-07-09 02:30,1613
2020-07-09 02:35,1602
2020-07-09 02:40,1576
2020-07-09 02:45,1567
2020-07-09 02:50,1573
2020-07-09 02:55,1570
2020-07-09 03:00,1552
2020-07-09 03:05,1531
2020-07-09 03:10,1514
2020-07-09 03:15,1488
2020-07-09 03:20,1471
2020-07-09 03:25,1467
2020-07-09 03:30,1447
2020-07-09 03:35,1431
2020-07-09 03:40,1433
2020-07-09 03:45,1419
2020-07-09 03:50,1384
2020-07-09 03:55,1381
2020-07-09 04:00,1384
2020-07-09 04:05,1369
2020-07-09 04:10,1390
2020-07-09 04:15,1375
2020-07-09 04:20,1380
2020-07-09 04:25,1366
2020-07-09 04:30,1362
2020-07-09 04:35,1336
2020-07-09 04:40,1337
2020-07-09 04:45,1323
2020-07-09 04:50,1308
2020-07-09 04:55,1294
2020-07-09 05:00,1290
2020-07-09 05:05,1256
2020-07-09 05:10,1228
2020-07-09 05:15,1239
2020-07-09 05:20,1235
2020-07-09 05:25,1249
2020-07-09 05:30,1260
2020-07-09 05:35,1248
2020-07-09 05:40,1258
2020-07-09 05:45,1239
2020-07-09 05:50,1235
2020-07-09 05:55,1232
2020-07-09 06:00,1229
2020-07-09 06:05,1217
2020-07-09 06:10,1180
2020-07-09 06:15,1188
2020-07-09 06:20,1186
2020-07-09 06:25,1181
2020-07-09 06:30,1170
2020-07-09 06:35,1172
2020-07-09 06:40,1143
2020-07-09 06:45,1156
2020-07-09 06:50,1158
2020-07-09 06:55,1142
2020-07-09 07:00,1138
2020-07-09 07:05,1139
2020-07-09 07:10,1152
2020-07-09 07:15,1158
2020-07-09 07:20,1166
2020-07-09 07:25,1168
2020-07-09 07:30,1149
2020-07-09 07:35,1141
2020-07-09 07:40,1141
2020-07-09 07:45,1151
2020-07-09 07:50,1151
2020-07-09 07:55,1156
2020-07-09 08:00,1184
2020-07-09 08:05,1192
2020-07-09 08:10,1190
2020-07-09 08:15,1204
2020-07-09 08:20,1207
2020-07-09 08:25,1212
2020-07-09 08:30,1235
2020-07-09 08:35,1224
2020-07-09 08:40,1234
2020-07-09 08:45,1256
2020-07-09 08:50,1279
2020-07-09 08:55,1285
2020-07-09 09:00,1286
2020-07-09 09:05,1306
2020-07-09 09:10,1331
2020-07-09 09:15,1336
2020-07-09 09:20,1338
2020-07-09 09:25,1323
2020-07-09 09:30,1334
2020-07-09 09:35,1334
2020-07-09 09:40,1341
2020-07-09 09:45,1338
2020-07-09 09:50,1358
2020-07-09 09:55,1375
2020-07-09 10:00,1392
2020-07-09 10:05,1449
2020-07-09 10:10,1460
2020-07-09 10:15,1500
2020-07-09 10:20,1505
2020-07-09 10:25,1528
2020-07-09 10:30,1536
2020-07-09 10:35,1541
2020-07-09 10:40,1556
2020-07-09 10:45,1569
2020-07-09 10:50,1584
2020-07-09 10:55,1606
2020-07-09 11:00,1616
2020-07-09 11:05,1617
2020-07-09 11:10,1629
2020-07-09 11:15,1623
2020-07-09 11:20,1645
2020-07-09 11:25,1660
2020-07-09 11:30,1668
2020-07-09 11:35,1674
2020-07-09 11:40,1704
2020-07-09 11:45,1696
2020-07-09 11:50,1706
2020-07-09 11:55,1709
2020-07-09 12:00,1718
2020-07-09 12:05,1712
2020-07-09 12:10,1711
2020-07-09 12:15,1722
2020-07-09 12:20,1727
2020-07-09 12:25,1752
2020-07-09 12:30,1752
2020-07-09 12:35,1764
2020-07-09 12:40,1772
2020-07-09 12:45,1790
2020-07-09 12:50,1796
2020-07-09 12:55,1823
2020-07-09 13:00,1808
2020-07-09 13:05,1822
2020-07-09 13:10,1806
2020-07-09 13:15,1810
2020-07-09 13:20,1815
2020-07-09 13:25,1817
2020-07-09 13:30,1812
2020-07-09 13:35,1829
2020-07-09 13:40,1822
2020-07-09 13:45,1798
2020-07-09 13:50,1766
2020-07-09 13:55,1706
2020-07-09 14:00,1611
2020-07-09 14:05,1298
2020-07-09 14:10,903
2020-07-09 14:15,896
2020-07-09 14:20,910
2020-07-09 14:25,910
2020-07-09 14:30,933
2020-07-09 14:35,919
2020-07-09 14:40,949
2020-07-09 14:45,965
2020-07-09 14:50,996
2020-07-09 14:55,1005
2020-07-09 15:00,1014
2020-07-09 15:05,1055
2020-07-09 15:10,1044
2020-07-09 15:15,1069
2020-07-09 15:20,1114
2020-07-09 15:25,1151
2020-07-09 15:30,1213
2020-07-09 15:35,1347
2020-07-09 15:40,1476
2020-07-09 15:45,1566
2020-07-09 15:50,1650
2020-07-09 15:55,1723
2020-07-09 16:00,1802
2020-07-09 16:05,1882
2020-07-09 16:10,1985
2020-07-09 16:15,2082
2020-07-09 16:20,2170
2020-07-09 16:25,2228
2020-07-09 16:30,2278
2020-07-09 16:35,2315
2020-07-09 16:40,2340
2020-07-09 16:45,2411
2020-07-09 16:50,2452
2020-07-09 16:55,2487
2020-07-09 17:00,2523
2020-07-09 17:05,2559
2020-07-09 17:10,2572
2020-07-09 17:15,2587
2020-07-09 17:20,2610
2020-07-09 17:25,2617
2020-07-09 17:30,2608
2020-07-09 17:35,2611
2020-07-09 17:40,2635
2020-07-09 17:45,2624
2020-07-09 17:50,2639
2020-07-09 17:55,2649
2020-07-09 18:00,2647
2020-07-09 18:05,2656
2020-07-09 18:10,2657
2020-07-09 18:15,2657
2020-07-09 18:20,2665
2020-07-09 18:25,2667
2020-07-09 18:30,2675
2020-07-09 18:35,2687
2020-07-09 18:40,2705
2020-07-09 18:45,2712
2020-07-09 18:50,2718
2020-07-09 18:55,2707
2020-07-09 19:00,2713
2020-07-09 19:05,2721
2020-07-09 19:10,2691
2020-07-09 19:15,2666
2020-07-09 19:20,2698
2020-07-09 19:25,2713
2020-07-09 19:30,2718
2020-07-09 19:35,2714
2020-07-09 19:40,2728
2020-07-09 19:45,1968
2020-07-09 19:50,2602
2020-07-09 19:55,2709
2020-07-09 20:00,2696
2020-07-09 20:05,2684
2020-07-09 20:10,2691
2020-07-09 20:15,2680
2020-07-09 20:20,2656
2020-07-09 20:25,2626
2020-07-09 20:30,2598
2020-07-09 20:35,2587
2020-07-09 20:40,2567
2020-07-09 20:45,2559
2020-07-09 20:50,2558
2020-07-09 20:55,2549
2020-07-09 21:00,2534
2020-07-09 21:05,2530
2020-07-09 21:10,2536
2020-07-09 21:15,2502
2020-07-09 21:20,2502
2020-07-09 21:25,2466
2020-07-09 21:30,2461
2020-07-09 21:35,2436
2020-07-09 21:40,2401
2020-07-09 21:45,2367
2020-07-09 21:50,2368
2020-07-09 21:55,2325
2020-07-09 22:00,2305
2020-07-09 22:05,2286
2020-07-09 22:10,2293
2020-07-09 22:15,2293
2020-07-09 22:20,2256
2020-07-09 22:25,2265
2020-07-09 22:30,2230
2020-07-09 22:35,2220
2020-07-09 22:40,2202
2020-07-09 22:45,2178
2020-07-09 22:50,2151
2020-07-09 22:55,2108
2020-07-09 23:00,2078
2020-07-09 23:05,2021
2020-07-09 23:10,2021
2020-07-09 23:15,0
2020-07-09 23:20,1115
2020-07-09 23:25,1324
2020-07-09 23:30,1734
2020-07-09 23:35,1935
2020-07-09 23:40,1955
2020-07-09 23:45,1935
2020-07-09 23:50,1921
2020-07-09 23:55,1911
2020-07-10 00:00,1906
2020-07-10 00:05,1845
2020-07-10 00:10,1850
2020-07-10 00:15,1836
2020-07-10 00:20,1848
2020-07-10 00:25,1842
2020-07-10 00:30,1838
2020-07-10 00:35,1831
2020-07-10 00:40,1813
2020-07-10 00:45,1807
2020-07-10 00:50,1812
2020-07-10 00:55,1803
2020-07-10 01:00,1812
2020-07-10 01:05,1778
2020-07-10 01:10,1777
2020-07-10 01:15,1791
2020-07-10 01:20,1790
2020-07-10 01:25,1779
2020-07-10 01:30,1760
2020-07-10 01:35,1758
2020-07-10 01:40,1749
2020-07-10 01:45,1750
2020-07-10 01:50,1721
2020-07-10 01:55,1722
2020-07-10 02:00,1738
2020-07-10 02:05,1685
2020-07-10 02:10,1689
2020-07-10 02:15,1675
2020-07-10 02:20,1680
2020-07-10 02:25,1667
2020-07-10 02:30,1639
2020-07-10 02:35,1631
2020-07-10 02:40,1620
2020-07-10 02:45,1615
2020-07-10 02:50,1612
2020-07-10 02:55,1599
2020-07-10 03:00,1580
2020-07-10 03:05,1559
2020-07-10 03:10,1557
2020-07-10 03:15,1549
2020-07-10 03:20,1554
2020-07-10 03:25,1546
2020-07-10 03:30,1536
2020-07-10 03:35,1521
2020-07-10 03:40,1495
2020-07-10 03:45,1497
2020-07-10 03:50,1480
2020-07-10 03:55,1475
2020-07-10 04:00,1462
2020-07-10 04:05,1466
2020-07-10 04:10,1450
2020-07-10 04:15,1439
2020-07-10 04:20,1419
2020-07-10 04:25,1395
2020-07-10 04:30,1372
2020-07-10 04:35,1379
2020-07-10 04:40,1370
2020-07-10 04:45,1367
2020-07-10 04:50,1370
2020-07-10 04:55,1339
2020-07-10 05:00,1338
2020-07-10 05:05,1329
2020-07-10 05:10,1306
2020-07-10 05:15,1295
2020-07-10 05:20,1309
2020-07-10 05:25,1301
2020-07-10 05:30,1299
2020-07-10 05:35,1293
2020-07-10 05:40,1296
2020-07-10 05:45,1293
2020-07-10 05:50,1281
2020-07-10 05:55,1265
2020-07-10 06:00,1263
2020-07-10 06:05,1239
2020-07-10 06:10,1240
2020-07-10 06:15,1228
2020-07-10 06:20,1221
2020-07-10 06:25,1214
2020-07-10 06:30,1196
2020-07-10 06:35,1187
2020-07-10 06:40,1194
2020-07-10 06:45,1192
2020-07-10 06:50,1206
2020-07-10 06:55,1206
2020-07-10 07:00,1198
2020-07-10 07:05,1199
2020-07-10 07:10,1187
2020-07-10 07:15,1192
2020-07-10 07:20,1200
2020-07-10 07:25,1195
2020-07-10 07:30,1186
2020-07-10 07:35,1195
2020-07-10 07:40,1206
2020-07-10 07:45,1204
2020-07-10 07:50,1203
2020-07-10 07:55,1224
2020-07-10 08:00,1234
2020-07-10 08:05,1245
2020-07-10 08:10,1251
2020-07-10 08:15,1249
2020-07-10 08:20,1257
2020-07-10 08:25,1277
2020-07-10 08:30,1304
2020-07-10 08:35,1300
2020-07-10 08:40,1305
2020-07-10 08:45,1292
2020-07-10 08:50,1296
2020-07-10 08:55,1302
2020-07-10 09:00,1294
2020-07-10 09:05,1305
2020-07-10 09:10,1315
2020-07-10 09:15,1317
2020-07-10 09:20,1347
2020-07-10 09:25,1344
2020-07-10 09:30,1342
2020-07-10 09:35,1352
2020-07-10 09:40,1352
2020-07-10 09:45,1364
2020-07-10 09:50,1375
2020-07-10 09:55,1397
2020-07-10 10:00,1406
2020-07-10 10:05,1450
2020-07-10 10:10,1491
2020-07-10 10:15,1512
2020-07-10 10:20,1508
2020-07-10 10:25,1527
2020-07-10 10:30,1547
2020-07-10 10:35,1576
2020-07-10 10:40,1572
2020-07-10 10:45,1572
2020-07-10 10:50,1604
2020-07-10 10:55,1623
2020-07-10 11:00,1622
2020-07-10 11:05,1621
2020-07-10 11:10,1650
2020-07-10 11:15,1646
2020-07-10 11:20,1660
2020-07-10 11:25,1668
2020-07-10 11:30,1661
2020-07-10 11:35,1646
2020-07-10 11:40,1668
2020-07-10 11:45,1682
2020-07-10 11:50,1703
2020-07-10 11:55,1712
2020-07-10 12:00,1735
2020-07-10 12:05,1737
2020-07-10 12:10,1761
2020-07-10 12:15,1771
2020-07-10 12:20,1777
2020-07-10 12:25,1773
2020-07-10 12:30,1762
2020-07-10 12:35,1770
2020-07-10 12:40,1763
2020-07-10 12:45,1774
2020-07-10 12:50,1801
2020-07-10 12:55,1806
2020-07-10 13:00,1810
2020-07-10 13:05,1822
2020-07-10 13:10,1826
2020-07-10 13:15,1867
2020-07-10 13:20,1868
2020-07-10 13:25,1877
2020-07-10 13:30,1905
2020-07-10 13:35,1921
2020-07-10 13:40,1909
2020-07-10 13:45,1928
2020-07-10 13:50,1928
2020-07-10 13:55,1939
2020-07-10 14:00,1945
2020-07-10 14:05,1992
2020-07-10 14:10,1988
2020-07-10 14:15,1998
2020-07-10 14:20,2016
2020-07-10 14:25,2048
2020-07-10 14:30,2053
2020-07-10 14:35,2064
2020-07-10 14:40,2092
2020-07-10 14:45,2096
2020-07-10 14:50,2116
2020-07-10 14:55,2113
2020-07-10 15:00,2119
2020-07-10 15:05,2109
2020-07-10 15:10,2081
2020-07-10 15:15,2112
2020-07-10 15:20,2147
2020-07-10 15:25,2148
2020-07-10 15:30,2176
2020-07-10 15:35,2190
2020-07-10 15:40,2175
2020-07-10 15:45,2170
2020-07-10 15:50,2201
2020-07-10 15:55,2228
2020-07-10 16:00,2231
2020-07-10 16:05,2213
2020-07-10 16:10,2250
2020-07-10 16:15,2262
2020-07-10 16:20,2263
2020-07-10 16:25,2291
2020-07-10 16:30,2281
2020-07-10 16:35,2311
2020-07-10 16:40,2348
2020-07-10 16:45,2344
2020-07-10 16:50,2380
2020-07-10 16:55,2380
2020-07-10 17:00,2391
2020-07-10 17:05,2412
2020-07-10 17:10,2404
2020-07-10 17:15,2427
2020-07-10 17:20,2431
2020-07-10 17:25,2428
2020-07-10 17:30,2458
2020-07-10 17:35,2483
2020-07-10 17:40,2473
2020-07-10 17:45,2470
2020-07-10 17:50,2494
2020-07-10 17:55,2497
2020-07-10 18:00,2477
2020-07-10 18:05,2466
2020-07-10 18:10,2443
2020-07-10 18:15,2442
2020-07-10 18:20,2456
2020-07-10 18:25,2467
2020-07-10 18:30,2486
2020-07-10 18:35,2483
2020-07-10 18:40,2480
2020-07-10 18:45,2496
2020-07-10 18:50,2496
2020-07-10 18:55,2513
2020-07-10 19:00,2522
2020-07-10 19:05,2518
2020-07-10 19:10,2500
2020-07-10 19:15,2524
2020-07-10 19:20,2524
2020-07-10 19:25,2545
2020-07-10 19:30,2544
2020-07-10 19:35,2548
2020-07-10 19:40,2569
2020-07-10 19:45,2569
2020-07-10 19:50,2569
2020-07-10 19:55,2547
2020-07-10 20:00,2568
2020-07-10 20:05,2564
2020-07-10 20:10,2524
2020-07-10 20:15,2509
2020-07-10 20:20,2504
2020-07-10 20:25,2502
2020-07-10 20:30,2500
2020-07-10 20:35,2505
2020-07-10 20:40,2514
2020-07-10 20:45,2525
2020-07-10 20:50,2523
2020-07-10 20:55,2523
2020-07-10 21:00,2520
2020-07-10 21:05,2516
2020-07-10 21:10,2504
2020-07-10 21:15,2487
2020-07-10 21:20,2483
2020-07-10 21:25,2452
2020-07-10 21:30,2445
2020-07-10 21:35,2456
2020-07-10 21:40,2413
2020-07-10 21:45,2412
2020-07-10 21:50,2385
2020-07-10 21:55,2363
2020-07-10 22:00,2318
2020-07-10 22:05,2294
2020-07-10 22:10,2273
2020-07-10 22:15,2257
2020-07-10 22:20,2244
2020-07-10 22:25,2209
2020-07-10 22:30,2219
2020-07-10 22:35,2181
2020-07-10 22:40,2173
2020-07-10 22:45,2133
2020-07-10 22:50,2134
2020-07-10 22:55,2092
2020-07-10 23:00,2088
2020-07-10 23:05,2088
2020-07-10 23:10,2068
2020-07-10 23:15,2051
2020-07-10 23:20,2039
2020-07-10 23:25,2007
2020-07-10 23:30,1983
2020-07-10 23:35,1926
2020-07-10 23:40,1888
2020-07-10 23:45,1858
2020-07-10 23:50,1769
2020-07-10 23:55,1668
2020-07-11 00:00,1490
2020-07-11 00:05,801
2020-07-11 00:10,778
2020-07-11 00:15,759
2020-07-11 00:20,737
2020-07-11 00:25,746
2020-07-11 00:30,716
2020-07-11 00:35,715
2020-07-11 00:40,721
2020-07-11 00:45,716
2020-07-11 00:50,743
2020-07-11 00:55,740
2020-07-11 01:00,741
2020-07-11 01:05,737
2020-07-11 01:10,755
2020-07-11 01:15,743
2020-07-11 01:20,786
2020-07-11 01:25,898
2020-07-11 01:30,981
2020-07-11 01:35,1050
2020-07-11 01:40,1121
2020-07-11 01:45,1180
2020-07-11 01:50,1241
2020-07-11 01:55,1295
2020-07-11 02:00,1347
2020-07-11 02:05,1385
2020-07-11 02:10,1418
2020-07-11 02:15,1491
2020-07-11 02:20,1539
2020-07-11 02:25,1577
2020-07-11 02:30,1590
2020-07-11 02:35,1612
2020-07-11 02:40,1634
2020-07-11 02:45,1642
2020-07-11 02:50,1654
2020-07-11 02:55,1660
2020-07-11 03:00,1674
2020-07-11 03:05,1665
2020-07-11 03:10,1660
2020-07-11 03:15,1668
2020-07-11 03:20,1679
2020-07-11 03:25,1673
2020-07-11 03:30,1675
2020-07-11 03:35,1671
2020-07-11 03:40,1655
2020-07-11 03:45,1657
2020-07-11 03:50,1652
2020-07-11 03:55,1642
2020-07-11 04:00,1622
2020-07-11 04:05,1625
2020-07-11 04:10,1615
2020-07-11 04:15,1600
2020-07-11 04:20,1578
2020-07-11 04:25,1575
2020-07-11 04:30,1581
2020-07-11 04:35,1562
2020-07-11 04:40,1542
2020-07-11 04:45,1537
2020-07-11 04:50,1518
2020-07-11 04:55,1512
2020-07-11 05:00,1493
2020-07-11 05:05,1492
2020-07-11 05:10,1478
2020-07-11 05:15,1466
2020-07-11 05:20,1445
2020-07-11 05:25,1440
2020-07-11 05:30,1423
2020-07-11 05:35,1411
2020-07-11 05:40,1408
2020-07-11 05:45,1407
2020-07-11 05:50,1400
2020-07-11 05:55,1404
2020-07-11 06:00,1375
2020-07-11 06:05,1384
2020-07-11 06:10,1375
2020-07-11 06:15,1372
2020-07-11 06:20,1381
2020-07-11 06:25,1377
2020-07-11 06:30,1371
2020-07-11 06:35,1371
2020-07-11 06:40,1369
2020-07-11 06:45,1370
2020-07-11 06:50,1357
2020-07-11 06:55,1374
2020-07-11 07:00,1379
2020-07-11 07:05,1378
2020-07-11 07:10,1381
2020-07-11 07:15,1366
2020-07-11 07:20,1356
2020-07-11 07:25,1371
2020-07-11 07:30,1354
2020-07-11 07:35,1354
2020-07-11 07:40,1353
2020-07-11 07:45,1362
2020-07-11 07:50,1376
2020-07-11 07:55,1388
2020-07-11 08:00,1399
2020-07-11 08:05,1418
2020-07-11 08:10,1425
2020-07-11 08:15,1435
2020-07-11 08:20,1445
2020-07-11 08:25,1459
2020-07-11 08:30,1457
2020-07-11 08:35,1477
2020-07-11 08:40,1491
2020-07-11 08:45,1504
2020-07-11 08:50,1537
2020-07-11 08:55,1539
2020-07-11 09:00,1534
2020-07-11 09:05,1553
2020-07-11 09:10,1559
2020-07-11 09:15,1561
2020-07-11 09:20,1573
2020-07-11 09:25,1591
2020-07-11 09:30,1585
2020-07-11 09:35,1590
2020-07-11 09:40,1591
2020-07-11 09:45,1598
2020-07-11 09:50,1605
2020-07-11 09:55,1617
2020-07-11 10:00,1631
2020-07-11 10:05,1671
2020-07-11 10:10,1680
2020-07-11 10:15,1722
2020-07-11 10:20,1727
2020-07-11 10:25,1746
2020-07-11 10:30,1768
2020-07-11 10:35,1780
2020-07-11 10:40,1814
2020-07-11 10:45,1831
2020-07-11 10:50,1836
2020-07-11 10:55,1827
2020-07-11 11:00,1819
2020-07-11 11:05,1822
2020-07-11 11:10,1827
2020-07-11 11:15,1846
2020-07-11 11:20,1855
2020-07-11 11:25,1873
2020-07-11 11:30,1867
2020-07-11 11:35,1887
2020-07-11 11:40,1894
2020-07-11 11:45,1893
2020-07-11 11:50,1903
2020-07-11 11:55,1933
2020-07-11 12:00,1934
2020-07-11 12:05,1960
2020-07-11 12:10,1962
2020-07-11 12:15,1959
2020-07-11 12:20,1986
2020-07-11 12:25,2003
2020-07-11 12:30,2023
2020-07-11 12:35,2038
2020-07-11 12:40,2058
2020-07-11 12:45,2072
2020-07-11 12:50,2058
2020-07-11 12:55,2081
2020-07-11 13:00,2093
2020-07-11 13:05,2105
2020-07-11 13:10,2109
2020-07-11 13:15,2100
2020-07-11 13:20,2091
2020-07-11 13:25,2135
2020-07-11 13:30,2153
2020-07-11 13:35,2174
2020-07-11 13:40,2186
2020-07-11 13:45,2211
2020-07-11 13:50,2257
2020-07-11 13:55,2261
2020-07-11 14:00,2259
2020-07-11 14:05,2254
2020-07-11 14:10,2270
2020-07-11 14:15,2294
2020-07-11 14:20,2294
2020-07-11 14:25,2291
2020-07-11 14:30,2307
2020-07-11 14:35,2315
2020-07-11 14:40,2345
2020-07-11 14:45,2361
2020-07-11 14:50,2354
2020-07-11 14:55,2382
2020-07-11 15:00,2375
2020-07-11 15:05,2401
2020-07-11 15:10,2431
2020-07-11 15:15,2447
2020-07-11 15:20,2459
2020-07-11 15:25,2439
2020-07-11 15:30,2442
2020-07-11 15:35,2466
2020-07-11 15:40,2478
2020-07-11 15:45,2491
2020-07-11 15:50,2477
2020-07-11 15:55,2491
2020-07-11 16:00,2485
2020-07-11 16:05,2492
2020-07-11 16:10,2482
2020-07-11 16:15,2475
2020-07-11 16:20,2490
2020-07-11 16:25,2532
2020-07-11 16:30,2541
2020-07-11 16:35,2550
2020-07-11 16:40,2571
2020-07-11 16:45,2582
2020-07-11 16:50,2602
2020-07-11 16:55,2588
2020-07-11 17:00,2570
2020-07-11 17:05,2575
2020-07-11 17:10,2587
2020-07-11 17:15,2588
2020-07-11 17:20,2588
2020-07-11 17:25,2582
2020-07-11 17:30,2616
2020-07-11 17:35,2605
2020-07-11 17:40,2603
2020-07-11 17:45,2614
2020-07-11 17:50,2636
2020-07-11 17:55,2612
2020-07-11 18:00,2632
2020-07-11 18:05,2624
2020-07-11 18:10,2635
2020-07-11 18:15,2664
2020-07-11 18:20,2683
2020-07-11 18:25,2688
2020-07-11 18:30,2684
2020-07-11 18:35,2677
2020-07-11 18:40,2688
2020-07-11 18:45,2681
2020-07-11 18:50,2682
2020-07-11 18:55,2695
2020-07-11 19:00,2687
2020-07-11 19:05,2673
2020-07-11 19:10,2638
2020-07-11 19:15,2642
2020-07-11 19:20,2667
2020-07-11 19:25,2636
2020-07-11 19:30,2682
2020-07-11 19:35,2704
2020-07-11 19:40,2691
2020-07-11 19:45,2689
2020-07-11 19:50,2692
2020-07-11 19:55,2686
2020-07-11 20:00,2701
2020-07-11 20:05,2699
2020-07-11 20:10,2701
2020-07-11 20:15,2695
2020-07-11 20:20,2719
2020-07-11 20:25,2717
2020-07-11 20:30,2708
2020-07-11 20:35,2695
2020-07-11 20:40,2704
2020-07-11 20:45,2722
2020-07-11 20:50,2717
2020-07-11 20:55,2699
2020-07-11 21:00,2682
2020-07-11 21:05,2683
2020-07-11 21:10,2673
2020-07-11 21:15,2657
2020-07-11 21:20,2641
2020-07-11 21:25,2609
2020-07-11 21:30,2578
2020-07-11 21:35,2564
2020-07-11 21:40,2553
2020-07-11 21:45,2501
2020-07-11 21:50,2489
2020-07-11 21:55,2485
2020-07-11 22:00,2461
2020-07-11 22:05,2426
2020-07-11 22:10,2394
2020-07-11 22:15,2407
2020-07-11 22:20,2412
2020-07-11 22:25,2385
2020-07-11 22:30,2388
2020-07-11 22:35,2357
2020-07-11 22:40,2349
2020-07-11 22:45,2329
2020-07-11 22:50,2317
2020-07-11 22:55,2308
2020-07-11 23:00,2274
2020-07-11 23:05,2259
2020-07-11 23:10,2217
2020-07-11 23:15,2203
2020-07-11 23:20,2187
2020-07-11 23:25,2191
2020-07-11 23:30,2199
2020-07-11 23:35,2184
2020-07-11 23:40,2156
2020-07-11 23:45,2123
2020-07-11 23:50,2093
2020-07-11 23:55,2089
2020-07-12 00:00,2070
2020-07-12 00:05,2038
2020-07-12 00:10,2040
2020-07-12 00:15,2056
2020-07-12 00:20,2031
2020-07-12 00:25,2025
2020-07-12 00:30,2008
2020-07-12 00:35,1994
2020-07-12 00:40,1991
2020-07-12 00:45,1956
2020-07-12 00:50,1950
2020-07-12 00:55,1938
2020-07-12 01:00,1912
2020-07-12 01:05,1914
2020-07-12 01:10,1907
2020-07-12 01:15,1928
2020-07-12 01:20,1909
2020-07-12 01:25,1917
2020-07-12 01:30,1911
2020-07-12 01:35,1921
2020-07-12 01:40,1897
2020-07-12 01:45,1887
2020-07-12 01:50,1866
2020-07-12 01:55,1869
2020-07-12 02:00,1858
2020-07-12 02:05,1835
2020-07-12 02:10,1843
2020-07-12 02:15,1847
2020-07-12 02:20,1817
2020-07-12 02:25,1810
2020-07-12 02:30,1808
2020-07-12 02:35,1791
2020-07-12 02:40,1770
2020-07-12 02:45,1773
2020-07-12 02:50,1742
2020-07-12 02:55,1732
2020-07-12 03:00,1742
2020-07-12 03:05,1725
2020-07-12 03:10,1699
2020-07-12 03:15,1699
2020-07-12 03:20,1703
2020-07-12 03:25,1670
2020-07-12 03:30,1677
2020-07-12 03:35,1670
2020-07-12 03:40,1653
2020-07-12 03:45,1626
2020-07-12 03:50,1611
2020-07-12 03:55,1603
2020-07-12 04:00,1600
2020-07-12 04:05,1602
2020-07-12 04:10,1584
2020-07-12 04:15,1566
2020-07-12 04:20,1561
2020-07-12 04:25,1538
2020-07-12 04:30,1534
2020-07-12 04:35,1544
2020-07-12 04:40,1523
2020-07-12 04:45,1515
2020-07-12 04:50,1509
2020-07-12 04:55,1487
2020-07-12 05:00,1475
2020-07-12 05:05,1462
2020-07-12 05:10,1438
2020-07-12 05:15,1437
2020-07-12 05:20,1430
2020-07-12 05:25,1410
2020-07-12 05:30,1404
2020-07-12 05:35,1408
2020-07-12 05:40,1382
2020-07-12 05:45,1364
2020-07-12 05:50,1358
2020-07-12 05:55,1348
2020-07-12 06:00,1344
2020-07-12 06:05,1359
2020-07-12 06:10,1356
2020-07-12 06:15,1360
2020-07-12 06:20,1373
2020-07-12 06:25,1371
2020-07-12 06:30,1356
2020-07-12 06:35,1382
2020-07-12 06:40,1372
2020-07-12 06:45,1358
2020-07-12 06:50,1378
2020-07-12 06:55,1361
2020-07-12 07:00,1386
2020-07-12 07:05,1407
2020-07-12 07:10,1407
2020-07-12 07:15,1416
2020-07-12 07:20,1440
2020-07-12 07:25,1434
2020-07-12 07:30,1429
2020-07-12 07:35,1424
2020-07-12 07:40,1430
2020-07-12 07:45,1441
2020-07-12 07:50,1429
2020-07-12 07:55,1448
2020-07-12 08:00,1466
2020-07-12 08:05,1470
2020-07-12 08:10,1492
2020-07-12 08:15,1495
2020-07-12 08:20,1522
2020-07-12 08:25,1515
2020-07-12 08:30,1525
2020-07-12 08:35,1531
2020-07-12 08:40,1541
2020-07-12 08:45,1550
2020-07-12 08:50,1547
2020-07-12 08:55,1577
2020-07-12 09:00,1593
2020-07-12 09:05,1588
2020-07-12 09:10,1620
2020-07-12 09:15,1628
2020-07-12 09:20,1662
2020-07-12 09:25,1661
2020-07-12 09:30,1665
2020-07-12 09:35,1670
2020-07-12 09:40,1692
2020-07-12 09:45,1727
2020-07-12 09:50,1751
2020-07-12 09:55,1753
2020-07-12 10:00,1778
2020-07-12 10:05,1815
2020-07-12 10:10,1844
2020-07-12 10:15,1864
2020-07-12 10:20,1899
2020-07-12 10:25,1891
2020-07-12 10:30,1906
2020-07-12 10:35,1908
2020-07-12 10:40,1919
2020-07-12 10:45,1921
2020-07-12 10:50,1943
2020-07-12 10:55,1963
2020-07-12 11:00,1963
2020-07-12 11:05,1988
2020-07-12 11:10,1974
2020-07-12 11:15,1964
2020-07-12 11:20,1969
2020-07-12 11:25,1983
2020-07-12 11:30,2019
2020-07-12 11:35,2027
2020-07-12 11:40,2065
2020-07-12 11:45,2078
2020-07-12 11:50,2071
2020-07-12 11:55,2080
2020-07-12 12:00,2108
2020-07-12 12:05,2126
2020-07-12 12:10,2137
2020-07-12 12:15,2157
2020-07-12 12:20,2179
2020-07-12 12:25,2196
2020-07-12 12:30,2215
2020-07-12 12:35,2204
2020-07-12 12:40,2215
2020-07-12 12:45,2243
2020-07-12 12:50,2242
2020-07-12 12:55,2228
2020-07-12 13:00,2236
2020-07-12 13:05,2256
2020-07-12 13:10,2250
2020-07-12 13:15,2279
2020-07-12 13:20,2289
2020-07-12 13:25,2319
2020-07-12 13:30,2340
2020-07-12 13:35,2346
2020-07-12 13:40,2354
2020-07-12 13:45,2367
2020-07-12 13:50,2371
2020-07-12 13:55,2376
2020-07-12 14:00,2388
2020-07-12 14:05,2408
2020-07-12 14:10,2400
2020-07-12 14:15,2407
2020-07-12 14:20,2436
2020-07-12 14:25,2461
2020-07-12 14:30,2484
2020-07-12 14:35,2507
2020-07-12 14:40,2520
2020-07-12 14:45,2541
2020-07-12 14:50,2553
2020-07-12 14:55,2559
2020-07-12 15:00,2580
2020-07-12 15:05,2582
2020-07-12 15:10,2598
2020-07-12 15:15,2625
2020-07-12 15:20,2625
2020-07-12 15:25,2650
2020-07-12 15:30,2655
2020-07-12 15:35,2665
2020-07-12 15:40,2654
2020-07-12 15:45,2639
2020-07-12 15:50,2637
2020-07-12 15:55,2650
2020-07-12 16:00,2666
2020-07-12 16:05,2664
2020-07-12 16:10,2673
2020-07-12 16:15,2675
2020-07-12 16:20,2679
2020-07-12 16:25,2696
2020-07-12 16:30,2691
2020-07-12 16:35,2693
2020-07-12 16:40,2698
2020-07-12 16:45,2717
2020-07-12 16:50,2742
2020-07-12 16:55,2734
2020-07-12 17:00,2742
2020-07-12 17:05,2738
2020-07-12 17:10,2729
2020-07-12 17:15,2736
2020-07-12 17:20,2735
2020-07-12 17:25,2771
2020-07-12 17:30,2802
2020-07-12 17:35,2819
2020-07-12 17:40,2810
2020-07-12 17:45,2838
2020-07-12 17:50,2835
2020-07-12 17:55,2835
2020-07-12 18:00,2844
2020-07-12 18:05,2862
2020-07-12 18:10,2857
2020-07-12 18:15,2850
2020-07-12 18:20,2869
2020-07-12 18:25,2895
2020-07-12 18:30,2916
2020-07-12 18:35,2923
2020-07-12 18:40,2931
2020-07-12 18:45,2942
2020-07-12 18:50,2932
2020-07-12 18:55,2927
2020-07-12 19:00,2931
2020-07-12 19:05,2927
2020-07-12 19:10,2911
2020-07-12 19:15,2888
2020-07-12 19:20,2899
2020-07-12 19:25,2912
2020-07-12 19:30,2931
2020-07-12 19:35,2937
2020-07-12 19:40,2945
2020-07-12 19:45,2947
2020-07-12 19:50,2926
2020-07-12 19:55,2929
2020-07-12 20:00,2920
2020-07-12 20:05,2924
2020-07-12 20:10,2927
2020-07-12 20:15,2890
2020-07-12 20:20,2892
2020-07-12 20:25,2871
2020-07-12 20:30,2830
2020-07-12 20:35,2786
2020-07-12 20:40,2786
2020-07-12 20:45,2753
2020-07-12 20:50,2713
2020-07-12 20:55,2711
2020-07-12 21:00,2654
2020-07-12 21:05,2625
2020-07-12 21:10,2606
2020-07-12 21:15,2573
2020-07-12 21:20,2560
2020-07-12 21:25,2543
2020-07-12 21:30,2515
2020-07-12 21:35,2528
2020-07-12 21:40,2521
2020-07-12 21:45,2523
2020-07-12 21:50,2509
2020-07-12 21:55,2484
2020-07-12 22:00,2445
2020-07-12 22:05,2401
2020-07-12 22:10,2353
2020-07-12 22:15,2338
2020-07-12 22:20,2325
2020-07-12 22:25,2294
2020-07-12 22:30,2264
2020-07-12 22:35,2256
2020-07-12 22:40,2239
2020-07-12 22:45,2204
2020-07-12 22:50,2220
2020-07-12 22:55,2207
2020-07-12 23:00,2172
2020-07-12 23:05,2137
2020-07-12 23:10,2118
2020-07-12 23:15,2116
2020-07-12 23:20,2104
2020-07-12 23:25,2097
2020-07-12 23:30,2079
2020-07-12 23:35,2073
2020-07-12 23:40,2069
2020-07-12 23:45,2049
2020-07-12 23:50,2035
2020-07-12 23:55,2037
2020-07-13 00:00,2032
2020-07-13 00:05,2019
2020-07-13 00:10,2009
2020-07-13 00:15,1983
2020-07-13 00:20,1969
2020-07-13 00:25,1978
2020-07-13 00:30,1969
2020-07-13 00:35,1939
2020-07-13 00:40,1909
2020-07-13 00:45,1903
2020-07-13 00:50,1903
2020-07-13 00:55,1903
2020-07-13 01:00,1888
2020-07-13 01:05,1893
2020-07-13 01:10,1882
2020-07-13 01:15,1852
2020-07-13 01:20,1855
2020-07-13 01:25,1854
2020-07-13 01:30,1831
2020-07-13 01:35,1827
2020-07-13 01:40,1814
2020-07-13 01:45,1818
2020-07-13 01:50,1798
2020-07-13 01:55,1781
2020-07-13 02:00,1762
2020-07-13 02:05,1749
2020-07-13 02:10,1749
2020-07-13 02:15,1754
2020-07-13 02:20,1738
2020-07-13 02:25,1735
2020-07-13 02:30,1725
2020-07-13 02:35,1709
2020-07-13 02:40,1698
2020-07-13 02:45,1694
2020-07-13 02:50,1667
2020-07-13 02:55,1655
2020-07-13 03:00,1617
2020-07-13 03:05,1594
2020-07-13 03:10,1582
2020-07-13 03:15,1574
2020-07-13 03:20,1566
2020-07-13 03:25,1540
2020-07-13 03:30,1524
2020-07-13 03:35,1505
2020-07-13 03:40,1494
2020-07-13 03:45,1480
2020-07-13 03:50,1467
2020-07-13 03:55,1485
2020-07-13 04:00,1471
2020-07-13 04:05,1426
2020-07-13 04:10,1366
2020-07-13 04:15,1334
2020-07-13 04:20,1322
2020-07-13 04:25,1323
2020-07-13 04:30,1311
2020-07-13 04:35,1313
2020-07-13 04:40,1308
2020-07-13 04:45,1318
2020-07-13 04:50,1308
2020-07-13 04:55,1308
2020-07-13 05:00,1294
2020-07-13 05:05,1281
2020-07-13 05:10,1282
2020-07-13 05:15,1262
2020-07-13 05:20,1256
2020-07-13 05:25,1255
2020-07-13 05:30,1250
2020-07-13 05:35,1250
2020-07-13 05:40,1237
2020-07-13 05:45,1250
2020-07-13 05:50,1252
2020-07-13 05:55,1234
2020-07-13 06:00,1231
2020-07-13 06:05,1227
2020-07-13 06:10,1209
2020-07-13 06:15,1203
2020-07-13 06:20,1199
2020-07-13 06:25,1196
2020-07-13 06:30,1178
2020-07-13 06:35,1171
2020-07-13 06:40,1178
2020-07-13 06:45,1171
2020-07-13 06:50,1173
2020-07-13 06:55,1169
2020-07-13 07:00,1174
2020-07-13 07:05,1192
2020-07-13 07:10,1194
2020-07-13 07:15,1222
2020-07-13 07:20,1223
2020-07-13 07:25,1228
2020-07-13 07:30,1231
2020-07-13 07:35,1235
2020-07-13 07:40,1233
2020-07-13 07:45,1236
2020-07-13 07:50,1252
2020-07-13 07:55,1241
2020-07-13 08:00,1242
2020-07-13 08:05,1242
2020-07-13 08:10,1250
2020-07-13 08:15,1235
2020-07-13 08:20,1266
2020-07-13 08:25,1271
2020-07-13 08:30,1276
2020-07-13 08:35,1293
2020-07-13 08:40,1279
2020-07-13 08:45,1296
2020-07-13 08:50,1275
2020-07-13 08:55,1274
2020-07-13 09:00,1284
2020-07-13 09:05,1295
2020-07-13 09:10,1315
2020-07-13 09:15,1319
2020-07-13 09:20,1332
2020-07-13 09:25,1335
2020-07-13 09:30,1349
2020-07-13 09:35,1350
2020-07-13 09:40,1405
2020-07-13 09:45,1408
2020-07-13 09:50,1415
2020-07-13 09:55,1435
2020-07-13 10:00,1457
2020-07-13 10:05,1505
2020-07-13 10:10,1503
2020-07-13 10:15,1540
2020-07-13 10:20,1556
2020-07-13 10:25,1563
2020-07-13 10:30,1586
2020-07-13 10:35,1589
2020-07-13 10:40,1625
2020-07-13 10:45,1631
2020-07-13 10:50,1634
2020-07-13 10:55,1626
2020-07-13 11:00,1628
2020-07-13 11:05,1620
2020-07-13 11:10,1626
2020-07-13 11:15,1628
2020-07-13 11:20,1647
2020-07-13 11:25,1665
2020-07-13 11:30,1678
2020-07-13 11:35,1680
2020-07-13 11:40,1666
2020-07-13 11:45,1678
2020-07-13 11:50,1683
2020-07-13 11:55,1702
2020-07-13 12:00,1721
2020-07-13 12:05,1740
2020-07-13 12:10,1752
2020-07-13 12:15,1774
2020-07-13 12:20,1786
2020-07-13 12:25,1806
2020-07-13 12:30,1832
2020-07-13 12:35,1842
2020-07-13 12:40,1845
2020-07-13 12:45,1855
2020-07-13 12:50,1837
2020-07-13 12:55,1857
2020-07-13 13:00,1863
2020-07-13 13:05,1882
2020-07-13 13:10,1922
2020-07-13 13:15,1906
2020-07-13 13:20,1944
2020-07-13 13:25,1964
2020-07-13 13:30,1963
2020-07-13 13:35,1970
2020-07-13 13:40,1988
2020-07-13 13:45,2018
2020-07-13 13:50,2039
2020-07-13 13:55,2033
2020-07-13 14:00,2028
2020-07-13 14:05,2039
2020-07-13 14:10,2053
2020-07-13 14:15,2082
2020-07-13 14:20,2092
2020-07-13 14:25,2091
2020-07-13 14:30,2101
2020-07-13 14:35,2117
2020-07-13 14:40,2137
2020-07-13 14:45,2150
2020-07-13 14:50,2156
2020-07-13 14:55,2183
2020-07-13 15:00,2213
2020-07-13 15:05,2237
2020-07-13 15:10,2252
2020-07-13 15:15,2275
2020-07-13 15:20,2288
2020-07-13 15:25,2287
2020-07-13 15:30,2294
2020-07-13 15:35,2312
2020-07-13 15:40,2312
2020-07-13 15:45,2332
2020-07-13 15:50,2372
2020-07-13 15:55,2344
2020-07-13 16:00,2378
2020-07-13 16:05,2381
2020-07-13 16:10,2406
2020-07-13 16:15,2433
2020-07-13 16:20,2428
2020-07-13 16:25,2442
2020-07-13 16:30,2473
2020-07-13 16:35,2483
2020-07-13 16:40,2478
2020-07-13 16:45,2499
2020-07-13 16:50,2523
2020-07-13 16:55,2540
2020-07-13 17:00,2547
2020-07-13 17:05,2564
2020-07-13 17:10,2611
2020-07-13 17:15,2611
2020-07-13 17:20,2660
2020-07-13 17:25,2667
2020-07-13 17:30,2693
2020-07-13 17:35,2699
2020-07-13 17:40,2714
2020-07-13 17:45,2686
2020-07-13 17:50,2687
2020-07-13 17:55,2677
2020-07-13 18:00,2673
2020-07-13 18:05,2691
2020-07-13 18:10,2717
2020-07-13 18:15,2747
2020-07-13 18:20,2762
2020-07-13 18:25,2778
2020-07-13 18:30,2797
2020-07-13 18:35,2790
2020-07-13 18:40,2781
2020-07-13 18:45,2786
2020-07-13 18:50,2749
2020-07-13 18:55,2746
2020-07-13 19:00,2754
2020-07-13 19:05,2767
2020-07-13 19:10,2790
2020-07-13 19:15,2789
2020-07-13 19:20,2793
2020-07-13 19:25,2794
2020-07-13 19:30,2785
2020-07-13 19:35,2795
2020-07-13 19:40,2789
2020-07-13 19:45,2800
2020-07-13 19:50,2809
2020-07-13 19:55,2792
2020-07-13 20:00,2763
2020-07-13 20:05,2748
2020-07-13 20:10,2715
2020-07-13 20:15,2720
2020-07-13 20:20,2717
2020-07-13 20:25,2712
2020-07-13 20:30,2717
2020-07-13 20:35,2689
2020-07-13 20:40,2659
2020-07-13 20:45,2658
2020-07-13 20:50,2645
2020-07-13 20:55,2623
2020-07-13 21:00,2595
2020-07-13 21:05,2616
2020-07-13 21:10,2610
2020-07-13 21:15,2589
2020-07-13 21:20,2535
2020-07-13 21:25,2566
2020-07-13 21:30,2563
2020-07-13 21:35,2527
2020-07-13 21:40,2507
2020-07-13 21:45,2502
2020-07-13 21:50,2436
2020-07-13 21:55,2483
2020-07-13 22:00,2458
2020-07-13 22:05,2444
2020-07-13 22:10,2402
2020-07-13 22:15,2374
2020-07-13 22:20,2365
2020-07-13 22:25,2322
2020-07-13 22:30,2302
2020-07-13 22:35,2268
2020-07-13 22:40,2263
2020-07-13 22:45,2255
2020-07-13 22:50,2252
2020-07-13 22:55,2230
2020-07-13 23:00,2212
2020-07-13 23:05,2239
2020-07-13 23:10,2228
2020-07-13 23:15,2163
2020-07-13 23:20,2172
2020-07-13 23:25,2158
2020-07-13 23:30,2147
2020-07-13 23:35,2122
2020-07-13 23:40,2093
2020-07-13 23:45,2090
2020-07-13 23:50,2072
2020-07-13 23:55,2060
2020-07-14 00:00,2046
2020-07-14 00:05,2011
2020-07-14 00:10,2012
2020-07-14 00:15,2013
2020-07-14 00:20,2006
2020-07-14 00:25,1991
2020-07-14 00:30,1970
2020-07-14 00:35,1963
2020-07-14 00:40,1931
2020-07-14 00:45,1941
2020-07-14 00:50,1965
2020-07-14 00:55,1944
2020-07-14 01:00,1920
2020-07-14 01:05,1899
2020-07-14 01:10,1902
2020-07-14 01:15,1904
2020-07-14 01:20,1897
2020-07-14 01:25,1881
2020-07-14 01:30,1897
2020-07-14 01:35,1874
2020-07-14 01:40,1859
2020-07-14 01:45,1835
2020-07-14 01:50,1828
2020-07-14 01:55,1823
2020-07-14 02:00,1817
2020-07-14 02:05,1813
2020-07-14 02:10,1798
2020-07-14 02:15,1781
2020-07-14 02:20,1768
2020-07-14 02:25,1756
2020-07-14 02:30,1726
2020-07-14 02:35,1725
2020-07-14 02:40,1716
2020-07-14 02:45,1708
2020-07-14 02:50,1689
2020-07-14 02:55,1668
2020-07-14 03:00,1645
2020-07-14 03:05,1621
2020-07-14 03:10,1619
2020-07-14 03:15,1583
2020-07-14 03:20,1556
2020-07-14 03:25,1553
2020-07-14 03:30,1540
2020-07-14 03:35,1536
2020-07-14 03:40,1504
2020-07-14 03:45,1486
2020-07-14 03:50,1481
2020-07-14 03:55,1481
2020-07-14 04:00,1477
2020-07-14 04:05,1450
2020-07-14 04:10,1432
2020-07-14 04:15,1419
2020-07-14 04:20,1405
2020-07-14 04:25,1397
2020-07-14 04:30,1379
2020-07-14 04:35,1379
2020-07-14 04:40,1369
2020-07-14 04:45,1343
2020-07-14 04:50,1340
2020-07-14 04:55,1322
2020-07-14 05:00,1317
2020-07-14 05:05,1292
2020-07-14 05:10,1288
2020-07-14 05:15,1273
2020-07-14 05:20,1272
2020-07-14 05:25,1254
2020-07-14 05:30,1253
2020-07-14 05:35,1244
2020-07-14 05:40,1236
2020-07-14 05:45,1237
2020-07-14 05:50,1235
2020-07-14 05:55,1214
2020-07-14 06:00,1205
2020-07-14 06:05,1202
2020-07-14 06:10,1200
2020-07-14 06:15,1196
2020-07-14 06:20,1189
2020-07-14 06:25,1205
2020-07-14 06:30,1209
2020-07-14 06:35,1206
2020-07-14 06:40,1205
2020-07-14 06:45,1203
2020-07-14 06:50,1202
2020-07-14 06:55,1209
2020-07-14 07:00,1204
2020-07-14 07:05,1217
2020-07-14 07:10,1212
2020-07-14 07:15,1221
2020-07-14 07:20,1214
2020-07-14 07:25,1220
2020-07-14 07:30,1225
2020-07-14 07:35,1214
2020-07-14 07:40,1224
2020-07-14 07:45,1237
2020-07-14 07:50,1236
2020-07-14 07:55,1260
2020-07-14 08:00,1273
2020-07-14 08:05,1303
2020-07-14 08:10,1298
2020-07-14 08:15,1316
2020-07-14 08:20,1307
2020-07-14 08:25,1325
2020-07-14 08:30,1321
2020-07-14 08:35,1342
2020-07-14 08:40,1329
2020-07-14 08:45,1336
2020-07-14 08:50,1337
2020-07-14 08:55,1352
2020-07-14 09:00,1353
2020-07-14 09:05,1356
2020-07-14 09:10,1360
2020-07-14 09:15,1359
2020-07-14 09:20,1385
2020-07-14 09:25,1428
2020-07-14 09:30,1433
2020-07-14 09:35,1435
2020-07-14 09:40,1460
2020-07-14 09:45,1469
2020-07-14 09:50,1476
2020-07-14 09:55,1517
2020-07-14 10:00,1539
2020-07-14 10:05,1563
2020-07-14 10:10,1581
2020-07-14 10:15,1597
2020-07-14 10:20,1618
2020-07-14 10:25,1630
2020-07-14 10:30,1625
2020-07-14 10:35,1620
2020-07-14 10:40,1621
2020-07-14 10:45,1625
2020-07-14 10:50,1641
2020-07-14 10:55,1648
2020-07-14 11:00,1657
2020-07-14 11:05,1677
2020-07-14 11:10,1705
2020-07-14 11:15,1705
2020-07-14 11:20,1717
2020-07-14 11:25,1728
2020-07-14 11:30,1747
2020-07-14 11:35,1750
2020-07-14 11:40,1751
2020-07-14 11:45,1775
2020-07-14 11:50,1796
2020-07-14 11:55,1801
2020-07-14 12:00,1795
2020-07-14 12:05,1803
2020-07-14 12:10,1837
2020-07-14 12:15,1847
2020-07-14 12:20,1875
2020-07-14 12:25,1878
2020-07-14 12:30,1907
2020-07-14 12:35,1907
2020-07-14 12:40,1934
2020-07-14 12:45,1945
2020-07-14 12:50,1948
2020-07-14 12:55,1982
2020-07-14 13:00,1960
2020-07-14 13:05,1978
2020-07-14 13:10,1989
2020-07-14 13:15,2006
2020-07-14 13:20,1991
2020-07-14 13:25,2022
2020-07-14 13:30,2025
2020-07-14 13:35,2019
2020-07-14 13:40,2039
2020-07-14 13:45,2056
2020-07-14 13:50,2089
2020-07-14 13:55,2096
2020-07-14 14:00,2107
2020-07-14 14:05,2089
2020-07-14 14:10,2121
2020-07-14 14:15,2151
2020-07-14 14:20,2172
2020-07-14 14:25,2178
2020-07-14 14:30,2206
2020-07-14 14:35,2225
2020-07-14 14:40,2232
2020-07-14 14:45,2239
2020-07-14 14:50,2250
2020-07-14 14:55,2262
2020-07-14 15:00,2280
2020-07-14 15:05,2302
2020-07-14 15:10,2313
2020-07-14 15:15,2317
2020-07-14 15:20,2338
2020-07-14 15:25,2361
2020-07-14 15:30,2367
2020-07-14 15:35,2387
2020-07-14 15:40,2388
2020-07-14 15:45,2398
2020-07-14 15:50,2404
2020-07-14 15:55,2414
2020-07-14 16:00,2438
2020-07-14 16:05,2421
2020-07-14 16:10,2420
2020-07-14 16:15,2448
2020-07-14 16:20,2461
2020-07-14 16:25,2477
2020-07-14 16:30,2489
2020-07-14 16:35,2517
2020-07-14 16:40,2522
2020-07-14 16:45,2538
2020-07-14 16:50,2527
2020-07-14 16:55,2547
2020-07-14 17:00,2542
2020-07-14 17:05,2553
2020-07-14 17:10,2567
2020-07-14 17:15,2575
2020-07-14 17:20,0
2020-07-14 17:25,2587
2020-07-14 17:30,2577
2020-07-14 17:35,2570
2020-07-14 17:40,2604
2020-07-14 17:45,2604
2020-07-14 17:50,2622
2020-07-14 17:55,2628
2020-07-14 18:00,2638
2020-07-14 18:05,2652
2020-07-14 18:10,2691
2020-07-14 18:15,2677
2020-07-14 18:20,2658
2020-07-14 18:25,2672
2020-07-14 18:30,2697
2020-07-14 18:35,2703
2020-07-14 18:40,2708
2020-07-14 18:45,2726
2020-07-14 18:50,2738
2020-07-14 18:55,2743
2020-07-14 19:00,2759
2020-07-14 19:05,2739
2020-07-14 19:10,2727
2020-07-14 19:15,2694
2020-07-14 19:20,2724
2020-07-14 19:25,2701
2020-07-14 19:30,2679
2020-07-14 19:35,2643
2020-07-14 19:40,2654
2020-07-14 19:45,2658
2020-07-14 19:50,2672
2020-07-14 19:55,2686
2020-07-14 20:00,2706
2020-07-14 20:05,2672
2020-07-14 20:10,2670
2020-07-14 20:15,2651
2020-07-14 20:20,2626
2020-07-14 20:25,2587
2020-07-14 20:30,2556
2020-07-14 20:35,2584
2020-07-14 20:40,2595
2020-07-14 20:45,2589
2020-07-14 20:50,2577
2020-07-14 20:55,2585
2020-07-14 21:00,2552
2020-07-14 21:05,2511
2020-07-14 21:10,2499
2020-07-14 21:15,2472
2020-07-14 21:20,2455
2020-07-14 21:25,2454
2020-07-14 21:30,2436
2020-07-14 21:35,2414
2020-07-14 21:40,2381
2020-07-14 21:45,2363
2020-07-14 21:50,2344
2020-07-14 21:55,2301
2020-07-14 22:00,2298
2020-07-14 22:05,2294
2020-07-14 22:10,2267
2020-07-14 22:15,2262
2020-07-14 22:20,2248
2020-07-14 22:25,2216
2020-07-14 22:30,2213
2020-07-14 22:35,2168
2020-07-14 22:40,2156
2020-07-14 22:45,2138
2020-07-14 22:50,2123
2020-07-14 22:55,2108
2020-07-14 23:00,2108
2020-07-14 23:05,2089
2020-07-14 23:10,2112
2020-07-14 23:15,0
2020-07-14 23:20,729
2020-07-14 23:25,1818
2020-07-14 23:30,2001
2020-07-14 23:35,2003
2020-07-14 23:40,1997
2020-07-14 23:45,1996
2020-07-14 23:50,1985
2020-07-14 23:55,1980
2020-07-15 00:00,1962
2020-07-15 00:05,1967
2020-07-15 00:10,1964
2020-07-15 00:15,1966
2020-07-15 00:20,1991
2020-07-15 00:25,1985
2020-07-15 00:30,1984
2020-07-15 00:35,1972
2020-07-15 00:40,1946
2020-07-15 00:45,1925
2020-07-15 00:50,1908
2020-07-15 00:55,1890
2020-07-15 01:00,1895
2020-07-15 01:05,1890
2020-07-15 01:10,1861
2020-07-15 01:15,1837
2020-07-15 01:20,1842
2020-07-15 01:25,1830
2020-07-15 01:30,1819
2020-07-15 01:35,1823
2020-07-15 01:40,1822
2020-07-15 01:45,1785
2020-07-15 01:50,1791
2020-07-15 01:55,1778
2020-07-15 02:00,1779
2020-07-15 02:05,1772
2020-07-15 02:10,1757
2020-07-15 02:15,1739
2020-07-15 02:20,1739
2020-07-15 02:25,1728
2020-07-15 02:30,1716
2020-07-15 02:35,1708
2020-07-15 02:40,1680
2020-07-15 02:45,1674
2020-07-15 02:50,1669
2020-07-15 02:55,1652
2020-07-15 03:00,1651
2020-07-15 03:05,1636
2020-07-15 03:10,1611
2020-07-15 03:15,1568
2020-07-15 03:20,1560
2020-07-15 03:25,1541
2020-07-15 03:30,1561
2020-07-15 03:35,1538
2020-07-15 03:40,1526
2020-07-15 03:45,1496
2020-07-15 03:50,1484
2020-07-15 03:55,1476
2020-07-15 04:00,1476
2020-07-15 04:05,1457
2020-07-15 04:10,1449
2020-07-15 04:15,1433
2020-07-15 04:20,1411
2020-07-15 04:25,1390
2020-07-15 04:30,1373
2020-07-15 04:35,1353
2020-07-15 04:40,1353
2020-07-15 04:45,1315
2020-07-15 04:50,1290
2020-07-15 04:55,1287
2020-07-15 05:00,1269
2020-07-15 05:05,1266
2020-07-15 05:10,1238
2020-07-15 05:15,1228
2020-07-15 05:20,1223
2020-07-15 05:25,1216
2020-07-15 05:30,1208
2020-07-15 05:35,1197
2020-07-15 05:40,1197
2020-07-15 05:45,1175
2020-07-15 05:50,1187
2020-07-15 05:55,1198
2020-07-15 06:00,1202
2020-07-15 06:05,1208
2020-07-15 06:10,1202
2020-07-15 06:15,1188
2020-07-15 06:20,1174
2020-07-15 06:25,1182
2020-07-15 06:30,1187
2020-07-15 06:35,1169
2020-07-15 06:40,1174
2020-07-15 06:45,1189
2020-07-15 06:50,1190
2020-07-15 06:55,1189
2020-07-15 07:00,1188
2020-07-15 07:05,1203
2020-07-15 07:10,1172
2020-07-15 07:15,1181
2020-07-15 07:20,1187
2020-07-15 07:25,1201
2020-07-15 07:30,1209
2020-07-15 07:35,1198
2020-07-15 07:40,1212
2020-07-15 07:45,1214
2020-07-15 07:50,1223
2020-07-15 07:55,1227
2020-07-15 08:00,1241
2020-07-15 08:05,1246
2020-07-15 08:10,1244
2020-07-15 08:15,1264
2020-07-15 08:20,1271
2020-07-15 08:25,1264
2020-07-15 08:30,1268
2020-07-15 08:35,1268
2020-07-15 08:40,1276
2020-07-15 08:45,1283
2020-07-15 08:50,1295
2020-07-15 08:55,1300
2020-07-15 09:00,1331
2020-07-15 09:05,1349
2020-07-15 09:10,1362
2020-07-15 09:15,1352
2020-07-15 09:20,1352
2020-07-15 09:25,1376
2020-07-15 09:30,1383
2020-07-15 09:35,1390
2020-07-15 09:40,1409
2020-07-15 09:45,1418
2020-07-15 09:50,1417
2020-07-15 09:55,1454
2020-07-15 10:00,1477
2020-07-15 10:05,1534
2020-07-15 10:10,1544
2020-07-15 10:15,1569
2020-07-15 10:20,1557
2020-07-15 10:25,1588
2020-07-15 10:30,1612
2020-07-15 10:35,1612
2020-07-15 10:40,1603
2020-07-15 10:45,1614
2020-07-15 10:50,1628
2020-07-15 10:55,1621
2020-07-15 11:00,1610
2020-07-15 11:05,1627
2020-07-15 11:10,1637
2020-07-15 11:15,1646
2020-07-15 11:20,1660
2020-07-15 11:25,1669
2020-07-15 11:30,1682
2020-07-15 11:35,1681
2020-07-15 11:40,1700
2020-07-15 11:45,1717
2020-07-15 11:50,1736
2020-07-15 11:55,1741
2020-07-15 12:00,1760
2020-07-15 12:05,1759
2020-07-15 12:10,1759
2020-07-15 12:15,1776
2020-07-15 12:20,1776
2020-07-15 12:25,1786
2020-07-15 12:30,1804
2020-07-15 12:35,1815
2020-07-15 12:40,1830
2020-07-15 12:45,1825
2020-07-15 12:50,1800
2020-07-15 12:55,1810
2020-07-15 13:00,1836
2020-07-15 13:05,1848
2020-07-15 13:10,1850
2020-07-15 13:15,1854
2020-07-15 13:20,1871
2020-07-15 13:25,1885
2020-07-15 13:30,1884
2020-07-15 13:35,1892
2020-07-15 13:40,1914
2020-07-15 13:45,1918
2020-07-15 13:50,1932
2020-07-15 13:55,1939
2020-07-15 14:00,1935
2020-07-15 14:05,1960
2020-07-15 14:10,2003
2020-07-15 14:15,2009
2020-07-15 14:20,2018
2020-07-15 14:25,2053
2020-07-15 14:30,2069
2020-07-15 14:35,2074
2020-07-15 14:40,2089
2020-07-15 14:45,2118
2020-07-15 14:50,2134
2020-07-15 14:55,2142
2020-07-15 15:00,2148
2020-07-15 15:05,2131
2020-07-15 15:10,2138
2020-07-15 15:15,2142
2020-07-15 15:20,2156
2020-07-15 15:25,2157
2020-07-15 15:30,2177
2020-07-15 15:35,2184
2020-07-15 15:40,2194
2020-07-15 15:45,2195
2020-07-15 15:50,2220
2020-07-15 15:55,2266
2020-07-15 16:00,2289
2020-07-15 16:05,2302
2020-07-15 16:10,2313
2020-07-15 16:15,2321
2020-07-15 16:20,2329
2020-07-15 16:25,2335
2020-07-15 16:30,2317
2020-07-15 16:35,2324
2020-07-15 16:40,2341
2020-07-15 16:45,2357
2020-07-15 16:50,2365
2020-07-15 16:55,2353
2020-07-15 17:00,2390
2020-07-15 17:05,2389
2020-07-15 17:10,2395
2020-07-15 17:15,2414
2020-07-15 17:20,2426
2020-07-15 17:25,2442
2020-07-15 17:30,2436
2020-07-15 17:35,2447
2020-07-15 17:40,2454
2020-07-15 17:45,2473
2020-07-15 17:50,2480
2020-07-15 17:55,2465
2020-07-15 18:00,2476
2020-07-15 18:05,2492
2020-07-15 18:10,2495
2020-07-15 18:15,2519
2020-07-15 18:20,2544
2020-07-15 18:25,2530
2020-07-15 18:30,2528
2020-07-15 18:35,2536
2020-07-15 18:40,2527
2020-07-15 18:45,2549
2020-07-15 18:50,2581
2020-07-15 18:55,2562
2020-07-15 19:00,2572
2020-07-15 19:05,2559
2020-07-15 19:10,2581
2020-07-15 19:15,2569
2020-07-15 19:20,2575
2020-07-15 19:25,2566
2020-07-15 19:30,2570
2020-07-15 19:35,2567
2020-07-15 19:40,2556
2020-07-15 19:45,2558
2020-07-15 19:50,2544
2020-07-15 19:55,2547
2020-07-15 20:00,2550
2020-07-15 20:05,2550
2020-07-15 20:10,2531
2020-07-15 20:15,2534
2020-07-15 20:20,2506
2020-07-15 20:25,2505
2020-07-15 20:30,2479
2020-07-15 20:35,2471
2020-07-15 20:40,2493
2020-07-15 20:45,2490
2020-07-15 20:50,2492
2020-07-15 20:55,2465
2020-07-15 21:00,2443
2020-07-15 21:05,2432
2020-07-15 21:10,2418
2020-07-15 21:15,2413
2020-07-15 21:20,2415
2020-07-15 21:25,2411
2020-07-15 21:30,2396
2020-07-15 21:35,2374
2020-07-15 21:40,2267
2020-07-15 21:45,2274
2020-07-15 21:50,2261
2020-07-15 21:55,2217
2020-07-15 22:00,2213
2020-07-15 22:05,2083
2020-07-15 22:10,2117
2020-07-15 22:15,2112
2020-07-15 22:20,2085
2020-07-15 22:25,2055
2020-07-15 22:30,2039
2020-07-15 22:35,1970
2020-07-15 22:40,2030
2020-07-15 22:45,2013
2020-07-15 22:50,1991
2020-07-15 22:55,1978
2020-07-15 23:00,1970
2020-07-15 23:05,1946
2020-07-15 23:10,1937
2020-07-15 23:15,1918
2020-07-15 23:20,1917
2020-07-15 23:25,1899
2020-07-15 23:30,1856
2020-07-15 23:35,1845
2020-07-15 23:40,1814
2020-07-15 23:45,1799
2020-07-15 23:50,1810
2020-07-15 23:55,1796
2020-07-16 00:00,1785
2020-07-16 00:05,1762
2020-07-16 00:10,1775
2020-07-16 00:15,1776
2020-07-16 00:20,1766
2020-07-16 00:25,1779
2020-07-16 00:30,1771
2020-07-16 00:35,1758
2020-07-16 00:40,1768
2020-07-16 00:45,1768
2020-07-16 00:50,1762
2020-07-16 00:55,1775
2020-07-16 01:00,1763
2020-07-16 01:05,1764
2020-07-16 01:10,1739
2020-07-16 01:15,1706
2020-07-16 01:20,1695
2020-07-16 01:25,1679
2020-07-16 01:30,1684
2020-07-16 01:35,1670
2020-07-16 01:40,1681
2020-07-16 01:45,1679
2020-07-16 01:50,1680
2020-07-16 01:55,1671
2020-07-16 02:00,1660
2020-07-16 02:05,1648
2020-07-16 02:10,1636
2020-07-16 02:15,1637
2020-07-16 02:20,1652
2020-07-16 02:25,1649
2020-07-16 02:30,1628
2020-07-16 02:35,1611
2020-07-16 02:40,1603
2020-07-16 02:45,1597
2020-07-16 02:50,1575
2020-07-16 02:55,1547
2020-07-16 03:00,1508
2020-07-16 03:05,1505
2020-07-16 03:10,1497
2020-07-16 03:15,1493
2020-07-16 03:20,1486
2020-07-16 03:25,1450
2020-07-16 03:30,1446
2020-07-16 03:35,1453
2020-07-16 03:40,1445
2020-07-16 03:45,1433
2020-07-16 03:50,1427
2020-07-16 03:55,1421
2020-07-16 04:00,1403
2020-07-16 04:05,1402
2020-07-16 04:10,1375
2020-07-16 04:15,1355
2020-07-16 04:20,1357
2020-07-16 04:25,1347
2020-07-16 04:30,1330
2020-07-16 04:35,1303
2020-07-16 04:40,1293
2020-07-16 04:45,1290
2020-07-16 04:50,1290
2020-07-16 04:55,1273
2020-07-16 05:00,1261
2020-07-16 05:05,1250
2020-07-16 05:10,1245
2020-07-16 05:15,1243
2020-07-16 05:20,1226
2020-07-16 05:25,1221
2020-07-16 05:30,1215
2020-07-16 05:35,1198
2020-07-16 05:40,1194
2020-07-16 05:45,1179
2020-07-16 05:50,1182
2020-07-16 05:55,1179
2020-07-16 06:00,1170
2020-07-16 06:05,1157
2020-07-16 06:10,1161
2020-07-16 06:15,1152
2020-07-16 06:20,1160
2020-07-16 06:25,1170
2020-07-16 06:30,1157
2020-07-16 06:35,1136
2020-07-16 06:40,1135
2020-07-16 06:45,1142
2020-07-16 06:50,1142
2020-07-16 06:55,1145
2020-07-16 07:00,1162
2020-07-16 07:05,1166
2020-07-16 07:10,1174
2020-07-16 07:15,1169
2020-07-16 07:20,1160
2020-07-16 07:25,1178
2020-07-16 07:30,1192
2020-07-16 07:35,1197
2020-07-16 07:40,1220
2020-07-16 07:45,1205
2020-07-16 07:50,1203
2020-07-16 07:55,1207
2020-07-16 08:00,1216
2020-07-16 08:05,1235
2020-07-16 08:10,1236
2020-07-16 08:15,1233
2020-07-16 08:20,1242
2020-07-16 08:25,1261
2020-07-16 08:30,1242
2020-07-16 08:35,1250
2020-07-16 08:40,1246
2020-07-16 08:45,1248
2020-07-16 08:50,1251
2020-07-16 08:55,1274
2020-07-16 09:00,1270
2020-07-16 09:05,1315
2020-07-16 09:10,1332
2020-07-16 09:15,1329
2020-07-16 09:20,1334
2020-07-16 09:25,1339
2020-07-16 09:30,1363
2020-07-16 09:35,1358
2020-07-16 09:40,1379
2020-07-16 09:45,1385
2020-07-16 09:50,1392
2020-07-16 09:55,1402
2020-07-16 10:00,1427
2020-07-16 10:05,1452
2020-07-16 10:10,1506
2020-07-16 10:15,1520
2020-07-16 10:20,1532
2020-07-16 10:25,1549
2020-07-16 10:30,1561
2020-07-16 10:35,1568
2020-07-16 10:40,1581
2020-07-16 10:45,1591
2020-07-16 10:50,1595
2020-07-16 10:55,1578
2020-07-16 11:00,1597
2020-07-16 11:05,1599
2020-07-16 11:10,1598
2020-07-16 11:15,1611
2020-07-16 11:20,1630
2020-07-16 11:25,1656
2020-07-16 11:30,1656
2020-07-16 11:35,1670
2020-07-16 11:40,1683
2020-07-16 11:45,1691
2020-07-16 11:50,1718
2020-07-16 11:55,1717
2020-07-16 12:00,1708
2020-07-16 12:05,1726
2020-07-16 12:10,1720
2020-07-16 12:15,1734
2020-07-16 12:20,1758
2020-07-16 12:25,1763
2020-07-16 12:30,1765
2020-07-16 12:35,1797
2020-07-16 12:40,1812
2020-07-16 12:45,1833
2020-07-16 12:50,1850
2020-07-16 12:55,1869
2020-07-16 13:00,1846
2020-07-16 13:05,1864
2020-07-16 13:10,1878
2020-07-16 13:15,1866
2020-07-16 13:20,1886
2020-07-16 13:25,1889
2020-07-16 13:30,1913
2020-07-16 13:35,1926
2020-07-16 13:40,1955
2020-07-16 13:45,1964
2020-07-16 13:50,1962
2020-07-16 13:55,1977
2020-07-16 14:00,2000
2020-07-16 14:05,1999
2020-07-16 14:10,2020
2020-07-16 14:15,2033
2020-07-16 14:20,2027
2020-07-16 14:25,2056
2020-07-16 14:30,2050
2020-07-16 14:35,2034
2020-07-16 14:40,2039
2020-07-16 14:45,2062
2020-07-16 14:50,2082
2020-07-16 14:55,2093
2020-07-16 15:00,2109
2020-07-16 15:05,2106
2020-07-16 15:10,2122
2020-07-16 15:15,2148
2020-07-16 15:20,2139
2020-07-16 15:25,2143
2020-07-16 15:30,2148
2020-07-16 15:35,2160
2020-07-16 15:40,2164
2020-07-16 15:45,2180
2020-07-16 15:50,2196
2020-07-16 15:55,2209
2020-07-16 16:00,2220
2020-07-16 16:05,2236
2020-07-16 16:10,2260
2020-07-16 16:15,2281
2020-07-16 16:20,2279
2020-07-16 16:25,2288
2020-07-16 16:30,2325
2020-07-16 16:35,2324
2020-07-16 16:40,2346
2020-07-16 16:45,2395
2020-07-16 16:50,2446
2020-07-16 16:55,2463
2020-07-16 17:00,2506
2020-07-16 17:05,2533
2020-07-16 17:10,2564
2020-07-16 17:15,2576
2020-07-16 17:20,2581
2020-07-16 17:25,2585
2020-07-16 17:30,2608
2020-07-16 17:35,2651
2020-07-16 17:40,2678
2020-07-16 17:45,2696
2020-07-16 17:50,2695
2020-07-16 17:55,2692
2020-07-16 18:00,2659
2020-07-16 18:05,2618
2020-07-16 18:10,2633
2020-07-16 18:15,2618
2020-07-16 18:20,2610
2020-07-16 18:25,2621
2020-07-16 18:30,2621
2020-07-16 18:35,2635
2020-07-16 18:40,2634
2020-07-16 18:45,2632
2020-07-16 18:50,2652
2020-07-16 18:55,2652
2020-07-16 19:00,2660
2020-07-16 19:05,2641
2020-07-16 19:10,2647
2020-07-16 19:15,2655
2020-07-16 19:20,2634
2020-07-16 19:25,2631
2020-07-16 19:30,2653
2020-07-16 19:35,2648
2020-07-16 19:40,2645
2020-07-16 19:45,2662
2020-07-16 19:50,2653
2020-07-16 19:55,2665
2020-07-16 20:00,2671
2020-07-16 20:05,2640
2020-07-16 20:10,2652
2020-07-16 20:15,2629
2020-07-16 20:20,2613
2020-07-16 20:25,2604
2020-07-16 20:30,2578
2020-07-16 20:35,2572
2020-07-16 20:40,2574
2020-07-16 20:45,2586
2020-07-16 20:50,2586
2020-07-16 20:55,2571
2020-07-16 21:00,2554
2020-07-16 21:05,2541
2020-07-16 21:10,2523
2020-07-16 21:15,2505
2020-07-16 21:20,2477
2020-07-16 21:25,2475
2020-07-16 21:30,2435
2020-07-16 21:35,2425
2020-07-16 21:40,2422
2020-07-16 21:45,2411
2020-07-16 21:50,2409
2020-07-16 21:55,2375
2020-07-16 22:00,2347
2020-07-16 22:05,2269
2020-07-16 22:10,2272
2020-07-16 22:15,2261
2020-07-16 22:20,2230
2020-07-16 22:25,2218
2020-07-16 22:30,2204
2020-07-16 22:35,2204
2020-07-16 22:40,2169
2020-07-16 22:45,2158
2020-07-16 22:50,2122
2020-07-16 22:55,2108
2020-07-16 23:00,2091
2020-07-16 23:05,2097
2020-07-16 23:10,2075
2020-07-16 23:15,2049
2020-07-16 23:20,2043
2020-07-16 23:25,2030
2020-07-16 23:30,2007
2020-07-16 23:35,1992
2020-07-16 23:40,1985
2020-07-16 23:45,1931
2020-07-16 23:50,1941
2020-07-16 23:55,1894
2020-07-17 00:00,1903
2020-07-17 00:05,1857
2020-07-17 00:10,1870
2020-07-17 00:15,1843
2020-07-17 00:20,1831
2020-07-17 00:25,1829
2020-07-17 00:30,1826
2020-07-17 00:35,1825
2020-07-17 00:40,1821
2020-07-17 00:45,1833
2020-07-17 00:50,1848
2020-07-17 00:55,1843
2020-07-17 01:00,1838
2020-07-17 01:05,1805
2020-07-17 01:10,1815
2020-07-17 01:15,1820
2020-07-17 01:20,1799
2020-07-17 01:25,1790
2020-07-17 01:30,1791
2020-07-17 01:35,1800
2020-07-17 01:40,1799
2020-07-17 01:45,1793
2020-07-17 01:50,1782
2020-07-17 01:55,1777
2020-07-17 02:00,1762
2020-07-17 02:05,1748
2020-07-17 02:10,1733
2020-07-17 02:15,1711
2020-07-17 02:20,1699
2020-07-17 02:25,1689
2020-07-17 02:30,1676
2020-07-17 02:35,1673
2020-07-17 02:40,1659
2020-07-17 02:45,1638
2020-07-17 02:50,1604
2020-07-17 02:55,1616
2020-07-17 03:00,1607
2020-07-17 03:05,1587
2020-07-17 03:10,1574
2020-07-17 03:15,1593
2020-07-17 03:20,1565
2020-07-17 03:25,1546
2020-07-17 03:30,1517
2020-07-17 03:35,1501
2020-07-17 03:40,1489
2020-07-17 03:45,1472
2020-07-17 03:50,1455
2020-07-17 03:55,1444
2020-07-17 04:00,1422
2020-07-17 04:05,1420
2020-07-17 04:10,1407
2020-07-17 04:15,1394
2020-07-17 04:20,1376
2020-07-17 04:25,1369
2020-07-17 04:30,1360
2020-07-17 04:35,1356
2020-07-17 04:40,1324
2020-07-17 04:45,1324
2020-07-17 04:50,1328
2020-07-17 04:55,1316
2020-07-17 05:00,1306
2020-07-17 05:05,1291
2020-07-17 05:10,1295
2020-07-17 05:15,1299
2020-07-17 05:20,1299
2020-07-17 05:25,1286
2020-07-17 05:30,1282
2020-07-17 05:35,1291
2020-07-17 05:40,1292
2020-07-17 05:45,1287
2020-07-17 05:50,1259
2020-07-17 05:55,1262
2020-07-17 06:00,1256
2020-07-17 06:05,1244
2020-07-17 06:10,1234
2020-07-17 06:15,1242
2020-07-17 06:20,1222
2020-07-17 06:25,1218
2020-07-17 06:30,1222
2020-07-17 06:35,1221
2020-07-17 06:40,1231
2020-07-17 06:45,1235
2020-07-17 06:50,1234
2020-07-17 06:55,1240
2020-07-17 07:00,1241
2020-07-17 07:05,1244
2020-07-17 07:10,1236
2020-07-17 07:15,1246
2020-07-17 07:20,1254
2020-07-17 07:25,1251
2020-07-17 07:30,1259
2020-07-17 07:35,1273
2020-07-17 07:40,1276
2020-07-17 07:45,1290
2020-07-17 07:50,1284
2020-07-17 07:55,1277
2020-07-17 08:00,1279
2020-07-17 08:05,1289
2020-07-17 08:10,1270
2020-07-17 08:15,1279
2020-07-17 08:20,1280
2020-07-17 08:25,1286
2020-07-17 08:30,1303
2020-07-17 08:35,1307
2020-07-17 08:40,1309
2020-07-17 08:45,1316
2020-07-17 08:50,1301
2020-07-17 08:55,1320
2020-07-17 09:00,1322
2020-07-17 09:05,1317
2020-07-17 09:10,1327
2020-07-17 09:15,1335
2020-07-17 09:20,1333
2020-07-17 09:25,1345
2020-07-17 09:30,1357
2020-07-17 09:35,1375
2020-07-17 09:40,1393
2020-07-17 09:45,1392
2020-07-17 09:50,1416
2020-07-17 09:55,1424
2020-07-17 10:00,1454
2020-07-17 10:05,1480
2020-07-17 10:10,1507
2020-07-17 10:15,1549
2020-07-17 10:20,1568
2020-07-17 10:25,1582
2020-07-17 10:30,1598
2020-07-17 10:35,1615
2020-07-17 10:40,1619
2020-07-17 10:45,1621
2020-07-17 10:50,1621
2020-07-17 10:55,1630
2020-07-17 11:00,1621
2020-07-17 11:05,1625
2020-07-17 11:10,1658
2020-07-17 11:15,1689
2020-07-17 11:20,1671
2020-07-17 11:25,1688
2020-07-17 11:30,1686
2020-07-17 11:35,1693
2020-07-17 11:40,1678
2020-07-17 11:45,1691
2020-07-17 11:50,1704
2020-07-17 11:55,1740
2020-07-17 12:00,1754
2020-07-17 12:05,1755
2020-07-17 12:10,1782
2020-07-17 12:15,1791
2020-07-17 12:20,1779
2020-07-17 12:25,1798
2020-07-17 12:30,1840
2020-07-17 12:35,1851
2020-07-17 12:40,1842
2020-07-17 12:45,1855
2020-07-17 12:50,1885
2020-07-17 12:55,1919
2020-07-17 13:00,1925
2020-07-17 13:05,1932
2020-07-17 13:10,1913
2020-07-17 13:15,1911
2020-07-17 13:20,1910
2020-07-17 13:25,1918
2020-07-17 13:30,1896
2020-07-17 13:35,1887
2020-07-17 13:40,1893
2020-07-17 13:45,1880
2020-07-17 13:50,1848
2020-07-17 13:55,1756
2020-07-17 14:00,1525
2020-07-17 14:05,970
2020-07-17 14:10,968
2020-07-17 14:15,956
2020-07-17 14:20,989
2020-07-17 14:25,1007
2020-07-17 14:30,1010
2020-07-17 14:35,1018
2020-07-17 14:40,1028
2020-07-17 14:45,1034
2020-07-17 14:50,1039
2020-07-17 14:55,1048
2020-07-17 15:00,1073
2020-07-17 15:05,1082
2020-07-17 15:10,1089
2020-07-17 15:15,1109
2020-07-17 15:20,1137
2020-07-17 15:25,1133
2020-07-17 15:30,1143
2020-07-17 15:35,1299
2020-07-17 15:40,1405
2020-07-17 15:45,1543
2020-07-17 15:50,1625
2020-07-17 15:55,1744
2020-07-17 16:00,1854
2020-07-17 16:05,1971
2020-07-17 16:10,2066
2020-07-17 16:15,2166
2020-07-17 16:20,2244
2020-07-17 16:25,2276
2020-07-17 16:30,2345
2020-07-17 16:35,2399
2020-07-17 16:40,2435
2020-07-17 16:45,2476
2020-07-17 16:50,2520
2020-07-17 16:55,2544
2020-07-17 17:00,2545
2020-07-17 17:05,2573
2020-07-17 17:10,2595
2020-07-17 17:15,2607
2020-07-17 17:20,2605
2020-07-17 17:25,2611
2020-07-17 17:30,2638
2020-07-17 17:35,2632
2020-07-17 17:40,2634
2020-07-17 17:45,2647
2020-07-17 17:50,2622
2020-07-17 17:55,2651
2020-07-17 18:00,2636
2020-07-17 18:05,2633
2020-07-17 18:10,2634
2020-07-17 18:15,2654
2020-07-17 18:20,2663
2020-07-17 18:25,2682
2020-07-17 18:30,2679
2020-07-17 18:35,2689
2020-07-17 18:40,2673
2020-07-17 18:45,2669
2020-07-17 18:50,2684
2020-07-17 18:55,2679
2020-07-17 19:00,2678
2020-07-17 19:05,2689
2020-07-17 19:10,2658
2020-07-17 19:15,2646
2020-07-17 19:20,2642
2020-07-17 19:25,2626
2020-07-17 19:30,2640
2020-07-17 19:35,2664
2020-07-17 19:40,2673
2020-07-17 19:45,2675
2020-07-17 19:50,2660
2020-07-17 19:55,2654
2020-07-17 20:00,2651
2020-07-17 20:05,2638
2020-07-17 20:10,2633
2020-07-17 20:15,2648
2020-07-17 20:20,2617
2020-07-17 20:25,2615
2020-07-17 20:30,2617
2020-07-17 20:35,2616
2020-07-17 20:40,2621
2020-07-17 20:45,2612
2020-07-17 20:50,2606
2020-07-17 20:55,2586
2020-07-17 21:00,2599
2020-07-17 21:05,2577
2020-07-17 21:10,2552
2020-07-17 21:15,2531
2020-07-17 21:20,2513
2020-07-17 21:25,2503
2020-07-17 21:30,2480
2020-07-17 21:35,2465
2020-07-17 21:40,2456
2020-07-17 21:45,2474
2020-07-17 21:50,2429
2020-07-17 21:55,2431
2020-07-17 22:00,2399
2020-07-17 22:05,2416
2020-07-17 22:10,2401
2020-07-17 22:15,2370
2020-07-17 22:20,2336
2020-07-17 22:25,2321
2020-07-17 22:30,2302
2020-07-17 22:35,2319
2020-07-17 22:40,2309
2020-07-17 22:45,2308
2020-07-17 22:50,2293
2020-07-17 22:55,2272
2020-07-17 23:00,2243
2020-07-17 23:05,2229
2020-07-17 23:10,2171
2020-07-17 23:15,2162
2020-07-17 23:20,2155
2020-07-17 23:25,2134
2020-07-17 23:30,2118
2020-07-17 23:35,2109
2020-07-17 23:40,2099
2020-07-17 23:45,2075
2020-07-17 23:50,2067
2020-07-17 23:55,2037
2020-07-18 00:00,2004
2020-07-18 00:05,1996
2020-07-18 00:10,2006
2020-07-18 00:15,1991
2020-07-18 00:20,1979
2020-07-18 00:25,1972
2020-07-18 00:30,1979
2020-07-18 00:35,1975
2020-07-18 00:40,1978
2020-07-18 00:45,1968
2020-07-18 00:50,1977
2020-07-18 00:55,1955
2020-07-18 01:00,1957
2020-07-18 01:05,1945
2020-07-18 01:10,1947
2020-07-18 01:15,1939
2020-07-18 01:20,1910
2020-07-18 01:25,1903
2020-07-18 01:30,1894
2020-07-18 01:35,1876
2020-07-18 01:40,1876
2020-07-18 01:45,1856
2020-07-18 01:50,1844
2020-07-18 01:55,1838
2020-07-18 02:00,1825
2020-07-18 02:05,1831
2020-07-18 02:10,1831
2020-07-18 02:15,1821
2020-07-18 02:20,1806
2020-07-18 02:25,1799
2020-07-18 02:30,1796
2020-07-18 02:35,1797
2020-07-18 02:40,1797
2020-07-18 02:45,1791
2020-07-18 02:50,1750
2020-07-18 02:55,1724
2020-07-18 03:00,1724
2020-07-18 03:05,1692
2020-07-18 03:10,1690
2020-07-18 03:15,1668
2020-07-18 03:20,1663
2020-07-18 03:25,1673
2020-07-18 03:30,1654
2020-07-18 03:35,1643
2020-07-18 03:40,1620
2020-07-18 03:45,1606
2020-07-18 03:50,1597
2020-07-18 03:55,1590
2020-07-18 04:00,1604
2020-07-18 04:05,1586
2020-07-18 04:10,1558
2020-07-18 04:15,1538
2020-07-18 04:20,1541
2020-07-18 04:25,1515
2020-07-18 04:30,1510
2020-07-18 04:35,1499
2020-07-18 04:40,1482
2020-07-18 04:45,1475
2020-07-18 04:50,1464
2020-07-18 04:55,1455
2020-07-18 05:00,1444
2020-07-18 05:05,1427
2020-07-18 05:10,1394
2020-07-18 05:15,1378
2020-07-18 05:20,1380
2020-07-18 05:25,1392
2020-07-18 05:30,1386
2020-07-18 05:35,1377
2020-07-18 05:40,1387
2020-07-18 05:45,1395
2020-07-18 05:50,1383
2020-07-18 05:55,1382
2020-07-18 06:00,1376
2020-07-18 06:05,1372
2020-07-18 06:10,1377
2020-07-18 06:15,1374
2020-07-18 06:20,1388
2020-07-18 06:25,1388
2020-07-18 06:30,1375
2020-07-18 06:35,1379
2020-07-18 06:40,1376
2020-07-18 06:45,1382
2020-07-18 06:50,1383
2020-07-18 06:55,1395
2020-07-18 07:00,1399
2020-07-18 07:05,1406
2020-07-18 07:10,1409
2020-07-18 07:15,1402
2020-07-18 07:20,1418
2020-07-18 07:25,1414
2020-07-18 07:30,1422
2020-07-18 07:35,1430
2020-07-18 07:40,1418
2020-07-18 07:45,1433
2020-07-18 07:50,1444
2020-07-18 07:55,1456
2020-07-18 08:00,1461
2020-07-18 08:05,1480
2020-07-18 08:10,1489
2020-07-18 08:15,1513
2020-07-18 08:20,1523
2020-07-18 08:25,1529
2020-07-18 08:30,1523
2020-07-18 08:35,1543
2020-07-18 08:40,1541
2020-07-18 08:45,1544
2020-07-18 08:50,1542
2020-07-18 08:55,1586
2020-07-18 09:00,1582
2020-07-18 09:05,1598
2020-07-18 09:10,1593
2020-07-18 09:15,1603
2020-07-18 09:20,1595
2020-07-18 09:25,1612
2020-07-18 09:30,1629
2020-07-18 09:35,1633
2020-07-18 09:40,1626
2020-07-18 09:45,1657
2020-07-18 09:50,1667
2020-07-18 09:55,1695
2020-07-18 10:00,1705
2020-07-18 10:05,1726
2020-07-18 10:10,1724
2020-07-18 10:15,1735
2020-07-18 10:20,1769
2020-07-18 10:25,1787
2020-07-18 10:30,1803
2020-07-18 10:35,1809
2020-07-18 10:40,1794
2020-07-18 10:45,1802
2020-07-18 10:50,1810
2020-07-18 10:55,1820
2020-07-18 11:00,1804
2020-07-18 11:05,1806
2020-07-18 11:10,1811
2020-07-18 11:15,1820
2020-07-18 11:20,1848
2020-07-18 11:25,1868
2020-07-18 11:30,1870
2020-07-18 11:35,1884
2020-07-18 11:40,1887
2020-07-18 11:45,1883
2020-07-18 11:50,1894
2020-07-18 11:55,1921
2020-07-18 12:00,1929
2020-07-18 12:05,1948
2020-07-18 12:10,1960
2020-07-18 12:15,
2020-07-18 12:20,
2020-07-18 12:25,
2020-07-18 12:30,
2020-07-18 12:35,
2020-07-18 12:40,
2020-07-18 12:45,
2020-07-18 12:50,2033
2020-07-18 12:55,2040
2020-07-18 13:00,2053
2020-07-18 13:05,2061
2020-07-18 13:10,2060
2020-07-18 13:15,2076
2020-07-18 13:20,2082
2020-07-18 13:25,2098
2020-07-18 13:30,2124
2020-07-18 13:35,2139
2020-07-18 13:40,2127
2020-07-18 13:45,2162
2020-07-18 13:50,2174
2020-07-18 13:55,2193
2020-07-18 14:00,2220
2020-07-18 14:05,2245
2020-07-18 14:10,2268
2020-07-18 14:15,2269
2020-07-18 14:20,2280
2020-07-18 14:25,2286
2020-07-18 14:30,2291
2020-07-18 14:35,2311
2020-07-18 14:40,2332
2020-07-18 14:45,2351
2020-07-18 14:50,2346
2020-07-18 14:55,2359
2020-07-18 15:00,2382
2020-07-18 15:05,2396
2020-07-18 15:10,2393
2020-07-18 15:15,2432
2020-07-18 15:20,2441
2020-07-18 15:25,2451
2020-07-18 15:30,2454
2020-07-18 15:35,2465
2020-07-18 15:40,2447
2020-07-18 15:45,2445
2020-07-18 15:50,2450
2020-07-18 15:55,2464
2020-07-18 16:00,2458
2020-07-18 16:05,2467
2020-07-18 16:10,2490
2020-07-18 16:15,2514
2020-07-18 16:20,2497
2020-07-18 16:25,2535
2020-07-18 16:30,2530
2020-07-18 16:35,2544
2020-07-18 16:40,2532
2020-07-18 16:45,2515
2020-07-18 16:50,2538
2020-07-18 16:55,2554
2020-07-18 17:00,2558
2020-07-18 17:05,2598
2020-07-18 17:10,2586
2020-07-18 17:15,2601
2020-07-18 17:20,2598
2020-07-18 17:25,2603
2020-07-18 17:30,2599
2020-07-18 17:35,2600
2020-07-18 17:40,2574
2020-07-18 17:45,2598
2020-07-18 17:50,2602
2020-07-18 17:55,2604
2020-07-18 18:00,2592
2020-07-18 18:05,2581
2020-07-18 18:10,2593
2020-07-18 18:15,2614
2020-07-18 18:20,2645
2020-07-18 18:25,2651
2020-07-18 18:30,2678
2020-07-18 18:35,2690
2020-07-18 18:40,2681
2020-07-18 18:45,2673
2020-07-18 18:50,2684
2020-07-18 18:55,2676
2020-07-18 19:00,2672
2020-07-18 19:05,2681
2020-07-18 19:10,2692
2020-07-18 19:15,2718
2020-07-18 19:20,2714
2020-07-18 19:25,2704
2020-07-18 19:30,2693
2020-07-18 19:35,2706
2020-07-18 19:40,2716
2020-07-18 19:45,2725
2020-07-18 19:50,2738
2020-07-18 19:55,2755
2020-07-18 20:00,2733
2020-07-18 20:05,2737
2020-07-18 20:10,2733
2020-07-18 20:15,2740
2020-07-18 20:20,2757
2020-07-18 20:25,2781
2020-07-18 20:30,2779
2020-07-18 20:35,2770
2020-07-18 20:40,2745
2020-07-18 20:45,2727
2020-07-18 20:50,2747
2020-07-18 20:55,2720
2020-07-18 21:00,2696
2020-07-18 21:05,2675
2020-07-18 21:10,2646
2020-07-18 21:15,2611
2020-07-18 21:20,2570
2020-07-18 21:25,2545
2020-07-18 21:30,2553
2020-07-18 21:35,2520
2020-07-18 21:40,2519
2020-07-18 21:45,2526
2020-07-18 21:50,2492
2020-07-18 21:55,2474
2020-07-18 22:00,2439
2020-07-18 22:05,2422
2020-07-18 22:10,2378
2020-07-18 22:15,2358
2020-07-18 22:20,2346
2020-07-18 22:25,2347
2020-07-18 22:30,2328
2020-07-18 22:35,2315
2020-07-18 22:40,2290
2020-07-18 22:45,2273
2020-07-18 22:50,2251
2020-07-18 22:55,2227
2020-07-18 23:00,2221
2020-07-18 23:05,2211
2020-07-18 23:10,2215
2020-07-18 23:15,2174
2020-07-18 23:20,2131
2020-07-18 23:25,2095
2020-07-18 23:30,2090
2020-07-18 23:35,2070
2020-07-18 23:40,2063
2020-07-18 23:45,2025
2020-07-18 23:50,2019
2020-07-18 23:55,1987
2020-07-19 00:00,1967
2020-07-19 00:05,1973
2020-07-19 00:10,1928
2020-07-19 00:15,1913
2020-07-19 00:20,1906
2020-07-19 00:25,1899
2020-07-19 00:30,1896
2020-07-19 00:35,1891
2020-07-19 00:40,1869
2020-07-19 00:45,1865
2020-07-19 00:50,1840
2020-07-19 00:55,1838
2020-07-19 01:00,1802
2020-07-19 01:05,1777
2020-07-19 01:10,1760
2020-07-19 01:15,1750
2020-07-19 01:20,1751
2020-07-19 01:25,1761
2020-07-19 01:30,1764
2020-07-19 01:35,1771
2020-07-19 01:40,1758
2020-07-19 01:45,1747
2020-07-19 01:50,1722
2020-07-19 01:55,1742
2020-07-19 02:00,1717
2020-07-19 02:05,1709
2020-07-19 02:10,1707
2020-07-19 02:15,1714
2020-07-19 02:20,1713
2020-07-19 02:25,1714
2020-07-19 02:30,1709
2020-07-19 02:35,1695
2020-07-19 02:40,1686
2020-07-19 02:45,1668
2020-07-19 02:50,1652
2020-07-19 02:55,1650
2020-07-19 03:00,1626
2020-07-19 03:05,1642
2020-07-19 03:10,1622
2020-07-19 03:15,1614
2020-07-19 03:20,1607
2020-07-19 03:25,1591
2020-07-19 03:30,1605
2020-07-19 03:35,1582
2020-07-19 03:40,1570
2020-07-19 03:45,1578
2020-07-19 03:50,1589
2020-07-19 03:55,1570
2020-07-19 04:00,1554
2020-07-19 04:05,1551
2020-07-19 04:10,1552
2020-07-19 04:15,1546
2020-07-19 04:20,1535
2020-07-19 04:25,1516
2020-07-19 04:30,1509
2020-07-19 04:35,1495
2020-07-19 04:40,1483
2020-07-19 04:45,1479
2020-07-19 04:50,1467
2020-07-19 04:55,1458
2020-07-19 05:00,1454
2020-07-19 05:05,1436
2020-07-19 05:10,1437
2020-07-19 05:15,1414
2020-07-19 05:20,1411
2020-07-19 05:25,1417
2020-07-19 05:30,1389
2020-07-19 05:35,1391
2020-07-19 05:40,1383
2020-07-19 05:45,1365
2020-07-19 05:50,1354
2020-07-19 05:55,1349
2020-07-19 06:00,1342
2020-07-19 06:05,1348
2020-07-19 06:10,1337
2020-07-19 06:15,1334
2020-07-19 06:20,1344
2020-07-19 06:25,1345
2020-07-19 06:30,1343
2020-07-19 06:35,1350
2020-07-19 06:40,1358
2020-07-19 06:45,1376
2020-07-19 06:50,1360
2020-07-19 06:55,1371
2020-07-19 07:00,1386
2020-07-19 07:05,1391
2020-07-19 07:10,1403
2020-07-19 07:15,1410
2020-07-19 07:20,1408
2020-07-19 07:25,1399
2020-07-19 07:30,1412
2020-07-19 07:35,1431
2020-07-19 07:40,1424
2020-07-19 07:45,1448
2020-07-19 07:50,1478
2020-07-19 07:55,1482
2020-07-19 08:00,1491
2020-07-19 08:05,1492
2020-07-19 08:10,1492
2020-07-19 08:15,1497
2020-07-19 08:20,1510
2020-07-19 08:25,1520
2020-07-19 08:30,1528
2020-07-19 08:35,1533
2020-07-19 08:40,1554
2020-07-19 08:45,1566
2020-07-19 08:50,1578
2020-07-19 08:55,1581
2020-07-19 09:00,1599
2020-07-19 09:05,1620
2020-07-19 09:10,1625
2020-07-19 09:15,1626
2020-07-19 09:20,1649
2020-07-19 09:25,1643
2020-07-19 09:30,1650
2020-07-19 09:35,1671
2020-07-19 09:40,1673
2020-07-19 09:45,1709
2020-07-19 09:50,1731
2020-07-19 09:55,1762
2020-07-19 10:00,1783
2020-07-19 10:05,1818
2020-07-19 10:10,1838
2020-07-19 10:15,1858
2020-07-19 10:20,1889
2020-07-19 10:25,1919
2020-07-19 10:30,1925
2020-07-19 10:35,1939
2020-07-19 10:40,1947
2020-07-19 10:45,1954
2020-07-19 10:50,1955
2020-07-19 10:55,1981
2020-07-19 11:00,1989
2020-07-19 11:05,1992
2020-07-19 11:10,2007
2020-07-19 11:15,2016
2020-07-19 11:20,2006
2020-07-19 11:25,2005
2020-07-19 11:30,2011
2020-07-19 11:35,2025
2020-07-19 11:40,2019
2020-07-19 11:45,2043
2020-07-19 11:50,2072
2020-07-19 11:55,2067
2020-07-19 12:00,2077
2020-07-19 12:05,2105
2020-07-19 12:10,2118
2020-07-19 12:15,2113
2020-07-19 12:20,2143
2020-07-19 12:25,2174
2020-07-19 12:30,2187
2020-07-19 12:35,2192
2020-07-19 12:40,2204
2020-07-19 12:45,2208
2020-07-19 12:50,2235
2020-07-19 12:55,2234
2020-07-19 13:00,2253
2020-07-19 13:05,2267
2020-07-19 13:10,2255
2020-07-19 13:15,2291
2020-07-19 13:20,2296
2020-07-19 13:25,2304
2020-07-19 13:30,2324
2020-07-19 13:35,2316
2020-07-19 13:40,2328
2020-07-19 13:45,2332
2020-07-19 13:50,2334
2020-07-19 13:55,2335
2020-07-19 14:00,2342
2020-07-19 14:05,2344
2020-07-19 14:10,2357
2020-07-19 14:15,2384
2020-07-19 14:20,2388
2020-07-19 14:25,2405
2020-07-19 14:30,2421
2020-07-19 14:35,2434
2020-07-19 14:40,2439
2020-07-19 14:45,2467
2020-07-19 14:50,2455
2020-07-19 14:55,2487
2020-07-19 15:00,2474
2020-07-19 15:05,2461
2020-07-19 15:10,2455
2020-07-19 15:15,2483
2020-07-19 15:20,2498
2020-07-19 15:25,2506
2020-07-19 15:30,2531
2020-07-19 15:35,2554
2020-07-19 15:40,2573
2020-07-19 15:45,2590
2020-07-19 15:50,2595
2020-07-19 15:55,2628
2020-07-19 16:00,2668
2020-07-19 16:05,2668
2020-07-19 16:10,2680
2020-07-19 16:15,2694
2020-07-19 16:20,2717
2020-07-19 16:25,2704
2020-07-19 16:30,2715
2020-07-19 16:35,2714
2020-07-19 16:40,2726
2020-07-19 16:45,2731
2020-07-19 16:50,2759
2020-07-19 16:55,2749
2020-07-19 17:00,2724
2020-07-19 17:05,2741
2020-07-19 17:10,2729
2020-07-19 17:15,2745
2020-07-19 17:20,2763
2020-07-19 17:25,2769
2020-07-19 17:30,2789
2020-07-19 17:35,2809
2020-07-19 17:40,2810
2020-07-19 17:45,2842
2020-07-19 17:50,2827
2020-07-19 17:55,2807
2020-07-19 18:00,2844
2020-07-19 18:05,2857
2020-07-19 18:10,2881
2020-07-19 18:15,2888
2020-07-19 18:20,2880
2020-07-19 18:25,2848
2020-07-19 18:30,2875
2020-07-19 18:35,2883
2020-07-19 18:40,2887
2020-07-19 18:45,2912
2020-07-19 18:50,2921
2020-07-19 18:55,2923
2020-07-19 19:00,2925
2020-07-19 19:05,2922
2020-07-19 19:10,2932
2020-07-19 19:15,2940
2020-07-19 19:20,2947
2020-07-19 19:25,2931
2020-07-19 19:30,2914
2020-07-19 19:35,2931
2020-07-19 19:40,2936
2020-07-19 19:45,2944
2020-07-19 19:50,2942
2020-07-19 19:55,2940
2020-07-19 20:00,2905
2020-07-19 20:05,2874
2020-07-19 20:10,2870
2020-07-19 20:15,2869
2020-07-19 20:20,2834
2020-07-19 20:25,2830
2020-07-19 20:30,2838
2020-07-19 20:35,2820
2020-07-19 20:40,2792
2020-07-19 20:45,2768
2020-07-19 20:50,2751
2020-07-19 20:55,2720
2020-07-19 21:00,2703
2020-07-19 21:05,2648
2020-07-19 21:10,2624
2020-07-19 21:15,2626
2020-07-19 21:20,2599
2020-07-19 21:25,2577
2020-07-19 21:30,2552
2020-07-19 21:35,2550
2020-07-19 21:40,2510
2020-07-19 21:45,2485
2020-07-19 21:50,2465
2020-07-19 21:55,2451
2020-07-19 22:00,2420
2020-07-19 22:05,2396
2020-07-19 22:10,2354
2020-07-19 22:15,2319
2020-07-19 22:20,2299
2020-07-19 22:25,2279
2020-07-19 22:30,2274
2020-07-19 22:35,2247
2020-07-19 22:40,2242
2020-07-19 22:45,2208
2020-07-19 22:50,2182
2020-07-19 22:55,2151
2020-07-19 23:00,2135
2020-07-19 23:05,2087
2020-07-19 23:10,2074
2020-07-19 23:15,2045
2020-07-19 23:20,2025
2020-07-19 23:25,2004
2020-07-19 23:30,1981
2020-07-19 23:35,1984
2020-07-19 23:40,1990
2020-07-19 23:45,1979
2020-07-19 23:50,1974
2020-07-19 23:55,1970
2020-07-20 00:00,1947
2020-07-20 00:05,1944
2020-07-20 00:10,1945
2020-07-20 00:15,1929
2020-07-20 00:20,1924
2020-07-20 00:25,1915
2020-07-20 00:30,1906
2020-07-20 00:35,1885
2020-07-20 00:40,1874
2020-07-20 00:45,1868
2020-07-20 00:50,1862
2020-07-20 00:55,1854
2020-07-20 01:00,1855
2020-07-20 01:05,1846
2020-07-20 01:10,1848
2020-07-20 01:15,1839
2020-07-20 01:20,1814
2020-07-20 01:25,1820
2020-07-20 01:30,1806
2020-07-20 01:35,1798
2020-07-20 01:40,1763
2020-07-20 01:45,1761
2020-07-20 01:50,1775
2020-07-20 01:55,1774
2020-07-20 02:00,1769
2020-07-20 02:05,1748
2020-07-20 02:10,1736
2020-07-20 02:15,1749
2020-07-20 02:20,1727
2020-07-20 02:25,1697
2020-07-20 02:30,1667
2020-07-20 02:35,1653
2020-07-20 02:40,1636
2020-07-20 02:45,1631
2020-07-20 02:50,1589
2020-07-20 02:55,1579
2020-07-20 03:00,1547
2020-07-20 03:05,1525
2020-07-20 03:10,1525
2020-07-20 03:15,1516
2020-07-20 03:20,1500
2020-07-20 03:25,1481
2020-07-20 03:30,1459
2020-07-20 03:35,1441
2020-07-20 03:40,1425
2020-07-20 03:45,1417
2020-07-20 03:50,1391
2020-07-20 03:55,1383
2020-07-20 04:00,1388
2020-07-20 04:05,1376
2020-07-20 04:10,1356
2020-07-20 04:15,1342
2020-07-20 04:20,1329
2020-07-20 04:25,1324
2020-07-20 04:30,1327
2020-07-20 04:35,1322
2020-07-20 04:40,1323
2020-07-20 04:45,1304
2020-07-20 04:50,1290
2020-07-20 04:55,1286
2020-07-20 05:00,1273
2020-07-20 05:05,1265
2020-07-20 05:10,1243
2020-07-20 05:15,1251
2020-07-20 05:20,1232
2020-07-20 05:25,1233
2020-07-20 05:30,1203
2020-07-20 05:35,1186
2020-07-20 05:40,1182
2020-07-20 05:45,1191
2020-07-20 05:50,1205
2020-07-20 05:55,1184
2020-07-20 06:00,1166
2020-07-20 06:05,1159
2020-07-20 06:10,1162
2020-07-20 06:15,1162
2020-07-20 06:20,1161
2020-07-20 06:25,1157
2020-07-20 06:30,1160
2020-07-20 06:35,1169
2020-07-20 06:40,1174
2020-07-20 06:45,1187
2020-07-20 06:50,1179
2020-07-20 06:55,1187
2020-07-20 07:00,1195
2020-07-20 07:05,1196
2020-07-20 07:10,1190
2020-07-20 07:15,1211
2020-07-20 07:20,1208
2020-07-20 07:25,1212
2020-07-20 07:30,1215
2020-07-20 07:35,1223
2020-07-20 07:40,1227
2020-07-20 07:45,1221
2020-07-20 07:50,1231
2020-07-20 07:55,1243
2020-07-20 08:00,1252
2020-07-20 08:05,1247
2020-07-20 08:10,1265
2020-07-20 08:15,1273
2020-07-20 08:20,1281
2020-07-20 08:25,1287
2020-07-20 08:30,1296
2020-07-20 08:35,1310
2020-07-20 08:40,1315
2020-07-20 08:45,1322
2020-07-20 08:50,1343
2020-07-20 08:55,1362
2020-07-20 09:00,1363
2020-07-20 09:05,1374
2020-07-20 09:10,1390
2020-07-20 09:15,1408
2020-07-20 09:20,1423
2020-07-20 09:25,1416
2020-07-20 09:30,1427
2020-07-20 09:35,1442
2020-07-20 09:40,1439
2020-07-20 09:45,1466
2020-07-20 09:50,1450
2020-07-20 09:55,1475
2020-07-20 10:00,1507
2020-07-20 10:05,1547
2020-07-20 10:10,1582
2020-07-20 10:15,1590
2020-07-20 10:20,1611
2020-07-20 10:25,1623
2020-07-20 10:30,1650
2020-07-20 10:35,1667
2020-07-20 10:40,1675
2020-07-20 10:45,1687
2020-07-20 10:50,1685
2020-07-20 10:55,1668
2020-07-20 11:00,1674
2020-07-20 11:05,1686
2020-07-20 11:10,1673
2020-07-20 11:15,1696
2020-07-20 11:20,1718
2020-07-20 11:25,1734
2020-07-20 11:30,1728
2020-07-20 11:35,1757
2020-07-20 11:40,1745
2020-07-20 11:45,1752
2020-07-20 11:50,1758
2020-07-20 11:55,1766
2020-07-20 12:00,1768
2020-07-20 12:05,1771
2020-07-20 12:10,1781
2020-07-20 12:15,1793
2020-07-20 12:20,1804
2020-07-20 12:25,1799
2020-07-20 12:30,1815
2020-07-20 12:35,1828
2020-07-20 12:40,1835
2020-07-20 12:45,1856
2020-07-20 12:50,1866
2020-07-20 12:55,1879
2020-07-20 13:00,1887
2020-07-20 13:05,1904
2020-07-20 13:10,1903
2020-07-20 13:15,1913
2020-07-20 13:20,1938
2020-07-20 13:25,1952
2020-07-20 13:30,1958
2020-07-20 13:35,1971
2020-07-20 13:40,1971
2020-07-20 13:45,1998
2020-07-20 13:50,2000
2020-07-20 13:55,2018
2020-07-20 14:00,2035
2020-07-20 14:05,2069
2020-07-20 14:10,2072
2020-07-20 14:15,2094
2020-07-20 14:20,2109
2020-07-20 14:25,2124
2020-07-20 14:30,2141
2020-07-20 14:35,2177
2020-07-20 14:40,2180
2020-07-20 14:45,2192
2020-07-20 14:50,2219
2020-07-20 14:55,2254
2020-07-20 15:00,2276
2020-07-20 15:05,2284
2020-07-20 15:10,2307
2020-07-20 15:15,2308
2020-07-20 15:20,2340
2020-07-20 15:25,2339
2020-07-20 15:30,2365
2020-07-20 15:35,2394
2020-07-20 15:40,2395
2020-07-20 15:45,2421
2020-07-20 15:50,2409
2020-07-20 15:55,2417
2020-07-20 16:00,2422
2020-07-20 16:05,2444
2020-07-20 16:10,2461
2020-07-20 16:15,2452
2020-07-20 16:20,2478
2020-07-20 16:25,2508
2020-07-20 16:30,2525
2020-07-20 16:35,2561
2020-07-20 16:40,2549
2020-07-20 16:45,2576
2020-07-20 16:50,2563
2020-07-20 16:55,2580
2020-07-20 17:00,2572
2020-07-20 17:05,2552
2020-07-20 17:10,2559
2020-07-20 17:15,2558
2020-07-20 17:20,2565
2020-07-20 17:25,2584
2020-07-20 17:30,2594
2020-07-20 17:35,2612
2020-07-20 17:40,2635
2020-07-20 17:45,2627
2020-07-20 17:50,2637
2020-07-20 17:55,2648
2020-07-20 18:00,2652
2020-07-20 18:05,2649
2020-07-20 18:10,2634
2020-07-20 18:15,2644
2020-07-20 18:20,2648
2020-07-20 18:25,2648
2020-07-20 18:30,2686
2020-07-20 18:35,2679
2020-07-20 18:40,2715
2020-07-20 18:45,2736
2020-07-20 18:50,2767
2020-07-20 18:55,2752
2020-07-20 19:00,2746
2020-07-20 19:05,2755
2020-07-20 19:10,2745
2020-07-20 19:15,2754
2020-07-20 19:20,2741
2020-07-20 19:25,2740
2020-07-20 19:30,2754
2020-07-20 19:35,2720
2020-07-20 19:40,2714
2020-07-20 19:45,2722
2020-07-20 19:50,2715
2020-07-20 19:55,2734
2020-07-20 20:00,2731
2020-07-20 20:05,2731
2020-07-20 20:10,2722
2020-07-20 20:15,2731
2020-07-20 20:20,2726
2020-07-20 20:25,2692
2020-07-20 20:30,2678
2020-07-20 20:35,2655
2020-07-20 20:40,2614
2020-07-20 20:45,2588
2020-07-20 20:50,2567
2020-07-20 20:55,2570
2020-07-20 21:00,2550
2020-07-20 21:05,2518
2020-07-20 21:10,2504
2020-07-20 21:15,2511
2020-07-20 21:20,2491
2020-07-20 21:25,2461
2020-07-20 21:30,2451
2020-07-20 21:35,2414
2020-07-20 21:40,2388
2020-07-20 21:45,2380
2020-07-20 21:50,2365
2020-07-20 21:55,2343
2020-07-20 22:00,2307
2020-07-20 22:05,2292
2020-07-20 22:10,2252
2020-07-20 22:15,2267
2020-07-20 22:20,2244
2020-07-20 22:25,2224
2020-07-20 22:30,2201
2020-07-20 22:35,2177
2020-07-20 22:40,2170
2020-07-20 22:45,2127
2020-07-20 22:50,2126
2020-07-20 22:55,2154
2020-07-20 23:00,2145
2020-07-20 23:05,2132
2020-07-20 23:10,2106
2020-07-20 23:15,2105
2020-07-20 23:20,2087
2020-07-20 23:25,2067
2020-07-20 23:30,2046
2020-07-20 23:35,2025
2020-07-20 23:40,2038
2020-07-20 23:45,2017
2020-07-20 23:50,2020
2020-07-20 23:55,2022
2020-07-21 00:00,2019
2020-07-21 00:05,2006
2020-07-21 00:10,1980
2020-07-21 00:15,1958
2020-07-21 00:20,0
2020-07-21 00:25,1948
2020-07-21 00:30,1952
2020-07-21 00:35,1949
2020-07-21 00:40,1950
2020-07-21 00:45,1935
2020-07-21 00:50,1925
2020-07-21 00:55,1921
2020-07-21 01:00,1901
2020-07-21 01:05,1901
2020-07-21 01:10,1875
2020-07-21 01:15,1878
2020-07-21 01:20,1859
2020-07-21 01:25,1853
2020-07-21 01:30,1847
2020-07-21 01:35,1834
2020-07-21 01:40,1813
2020-07-21 01:45,1815
2020-07-21 01:50,1805
2020-07-21 01:55,1800
2020-07-21 02:00,1791
2020-07-21 02:05,1762
2020-07-21 02:10,1763
2020-07-21 02:15,1735
2020-07-21 02:20,1706
2020-07-21 02:25,1700
2020-07-21 02:30,1672
2020-07-21 02:35,1660
2020-07-21 02:40,1646
2020-07-21 02:45,1638
2020-07-21 02:50,1627
2020-07-21 02:55,1613
2020-07-21 03:00,1617
2020-07-21 03:05,1599
2020-07-21 03:10,1576
2020-07-21 03:15,1564
2020-07-21 03:20,1532
2020-07-21 03:25,1525
2020-07-21 03:30,1509
2020-07-21 03:35,1478
2020-07-21 03:40,1460
2020-07-21 03:45,1425
2020-07-21 03:50,1412
2020-07-21 03:55,1396
2020-07-21 04:00,1391
2020-07-21 04:05,1391
2020-07-21 04:10,1391
2020-07-21 04:15,1388
2020-07-21 04:20,1329
2020-07-21 04:25,1324
2020-07-21 04:30,1312
2020-07-21 04:35,1301
2020-07-21 04:40,1289
2020-07-21 04:45,1279
2020-07-21 04:50,1273
2020-07-21 04:55,1250
2020-07-21 05:00,1247
2020-07-21 05:05,1251
2020-07-21 05:10,1235
2020-07-21 05:15,1239
2020-07-21 05:20,1248
2020-07-21 05:25,1237
2020-07-21 05:30,1231
2020-07-21 05:35,1226
2020-07-21 05:40,1223
2020-07-21 05:45,1212
2020-07-21 05:50,1181
2020-07-21 05:55,1171
2020-07-21 06:00,1161
2020-07-21 06:05,1156
2020-07-21 06:10,1157
2020-07-21 06:15,1141
2020-07-21 06:20,1154
2020-07-21 06:25,1143
2020-07-21 06:30,1156
2020-07-21 06:35,1162
2020-07-21 06:40,1161
2020-07-21 06:45,1152
2020-07-21 06:50,1156
2020-07-21 06:55,1141
2020-07-21 07:00,1156
2020-07-21 07:05,1145
2020-07-21 07:10,1144
2020-07-21 07:15,1134
2020-07-21 07:20,1125
2020-07-21 07:25,1149
2020-07-21 07:30,1139
2020-07-21 07:35,1153
2020-07-21 07:40,1163
2020-07-21 07:45,1179
2020-07-21 07:50,1172
2020-07-21 07:55,1185
2020-07-21 08:00,1197
2020-07-21 08:05,1218
2020-07-21 08:10,1206
2020-07-21 08:15,1220
2020-07-21 08:20,1230
2020-07-21 08:25,1242
2020-07-21 08:30,1258
2020-07-21 08:35,1273
2020-07-21 08:40,1275
2020-07-21 08:45,1280
2020-07-21 08:50,1275
2020-07-21 08:55,1300
2020-07-21 09:00,1306
2020-07-21 09:05,1305
2020-07-21 09:10,1303
2020-07-21 09:15,1299
2020-07-21 09:20,1312
2020-07-21 09:25,1317
2020-07-21 09:30,1328
2020-07-21 09:35,1330
2020-07-21 09:40,1343
2020-07-21 09:45,1351
2020-07-21 09:50,1370
2020-07-21 09:55,1363
2020-07-21 10:00,1379
2020-07-21 10:05,1437
2020-07-21 10:10,1426
2020-07-21 10:15,1438
2020-07-21 10:20,1442
2020-07-21 10:25,1439
2020-07-21 10:30,1462
2020-07-21 10:35,1489
2020-07-21 10:40,1502
2020-07-21 10:45,1524
2020-07-21 10:50,1547
2020-07-21 10:55,1552
2020-07-21 11:00,1569
2020-07-21 11:05,1567
2020-07-21 11:10,1574
2020-07-21 11:15,1591
2020-07-21 11:20,1604
2020-07-21 11:25,1600
2020-07-21 11:30,1604
2020-07-21 11:35,1619
2020-07-21 11:40,1637
2020-07-21 11:45,1635
2020-07-21 11:50,1644
2020-07-21 11:55,1669
2020-07-21 12:00,1675
2020-07-21 12:05,1668
2020-07-21 12:10,1680
2020-07-21 12:15,1686
2020-07-21 12:20,1685
2020-07-21 12:25,1708
2020-07-21 12:30,1717
2020-07-21 12:35,1758
2020-07-21 12:40,1767
2020-07-21 12:45,1787
2020-07-21 12:50,1789
2020-07-21 12:55,1829
2020-07-21 13:00,1845
2020-07-21 13:05,1825
2020-07-21 13:10,1823
2020-07-21 13:15,1823
2020-07-21 13:20,1848
2020-07-21 13:25,1861
2020-07-21 13:30,1885
2020-07-21 13:35,1907
2020-07-21 13:40,1931
2020-07-21 13:45,1938
2020-07-21 13:50,1953
2020-07-21 13:55,1961
2020-07-21 14:00,1976
2020-07-21 14:05,2005
2020-07-21 14:10,2018
2020-07-21 14:15,2008
2020-07-21 14:20,2030
2020-07-21 14:25,2042
2020-07-21 14:30,2049
2020-07-21 14:35,2070
2020-07-21 14:40,2092
2020-07-21 14:45,2110
2020-07-21 14:50,2112
2020-07-21 14:55,2132
2020-07-21 15:00,2136
2020-07-21 15:05,2139
2020-07-21 15:10,2120
2020-07-21 15:15,2158
2020-07-21 15:20,2209
2020-07-21 15:25,2220
2020-07-21 15:30,2233
2020-07-21 15:35,2260
2020-07-21 15:40,2251
2020-07-21 15:45,2263
2020-07-21 15:50,2279
2020-07-21 15:55,2297
2020-07-21 16:00,2303
2020-07-21 16:05,2334
2020-07-21 16:10,2351
2020-07-21 16:15,2375
2020-07-21 16:20,2388
2020-07-21 16:25,2412
2020-07-21 16:30,2420
2020-07-21 16:35,2432
2020-07-21 16:40,2413
2020-07-21 16:45,2414
2020-07-21 16:50,2411
2020-07-21 16:55,2422
2020-07-21 17:00,2435
2020-07-21 17:05,2439
2020-07-21 17:10,2445
2020-07-21 17:15,2437
2020-07-21 17:20,2441
2020-07-21 17:25,2424
2020-07-21 17:30,2433
2020-07-21 17:35,2434
2020-07-21 17:40,2469
2020-07-21 17:45,2462
2020-07-21 17:50,2453
2020-07-21 17:55,2438
2020-07-21 18:00,2449
2020-07-21 18:05,2481
2020-07-21 18:10,2494
2020-07-21 18:15,2507
2020-07-21 18:20,2487
2020-07-21 18:25,2500
2020-07-21 18:30,2509
2020-07-21 18:35,2509
2020-07-21 18:40,2535
2020-07-21 18:45,2554
2020-07-21 18:50,2576
2020-07-21 18:55,2560
2020-07-21 19:00,2584
2020-07-21 19:05,2596
2020-07-21 19:10,2599
2020-07-21 19:15,2624
2020-07-21 19:20,2629
2020-07-21 19:25,2623
2020-07-21 19:30,2620
2020-07-21 19:35,2644
2020-07-21 19:40,2639
2020-07-21 19:45,2662
2020-07-21 19:50,2622
2020-07-21 19:55,2614
2020-07-21 20:00,2586
2020-07-21 20:05,2597
2020-07-21 20:10,2589
2020-07-21 20:15,2581
2020-07-21 20:20,2567
2020-07-21 20:25,2546
2020-07-21 20:30,2540
2020-07-21 20:35,2523
2020-07-21 20:40,2511
2020-07-21 20:45,2479
2020-07-21 20:50,2460
2020-07-21 20:55,2438
2020-07-21 21:00,2446
2020-07-21 21:05,2422
2020-07-21 21:10,2426
2020-07-21 21:15,2410
2020-07-21 21:20,2392
2020-07-21 21:25,2383
2020-07-21 21:30,2377
2020-07-21 21:35,2381
2020-07-21 21:40,2369
2020-07-21 21:45,2326
2020-07-21 21:50,2305
2020-07-21 21:55,2260
2020-07-21 22:00,2236
2020-07-21 22:05,2190
2020-07-21 22:10,2179
2020-07-21 22:15,2169
2020-07-21 22:20,2162
2020-07-21 22:25,2119
2020-07-21 22:30,2095
2020-07-21 22:35,2081
2020-07-21 22:40,2056
2020-07-21 22:45,2021
2020-07-21 22:50,1990
2020-07-21 22:55,1973
2020-07-21 23:00,1979
2020-07-21 23:05,1976
2020-07-21 23:10,1956
2020-07-21 23:15,1967
2020-07-21 23:20,1951
2020-07-21 23:25,
2020-07-21 23:30,
2020-07-21 23:35,0
2020-07-21 23:40,1491
2020-07-21 23:45,1862
2020-07-21 23:50,1888
2020-07-21 23:55,1873
2020-07-22 00:00,1871
2020-07-22 00:05,1851
2020-07-22 00:10,1851
2020-07-22 00:15,1842
2020-07-22 00:20,1829
2020-07-22 00:25,1790
2020-07-22 00:30,1776
2020-07-22 00:35,1766
2020-07-22 00:40,1778
2020-07-22 00:45,1785
2020-07-22 00:50,1805
2020-07-22 00:55,1797
2020-07-22 01:00,1792
2020-07-22 01:05,1784
2020-07-22 01:10,1759
2020-07-22 01:15,1752
2020-07-22 01:20,1751
2020-07-22 01:25,1762
2020-07-22 01:30,1752
2020-07-22 01:35,1745
2020-07-22 01:40,1725
2020-07-22 01:45,1710
2020-07-22 01:50,1695
2020-07-22 01:55,1694
2020-07-22 02:00,1685
2020-07-22 02:05,1662
2020-07-22 02:10,1640
2020-07-22 02:15,1634
2020-07-22 02:20,1613
2020-07-22 02:25,1612
2020-07-22 02:30,1606
2020-07-22 02:35,1586
2020-07-22 02:40,1566
2020-07-22 02:45,1533
2020-07-22 02:50,1525
2020-07-22 02:55,1509
2020-07-22 03:00,1508
2020-07-22 03:05,1494
2020-07-22 03:10,1479
2020-07-22 03:15,1468
2020-07-22 03:20,1465
2020-07-22 03:25,1437
2020-07-22 03:30,1444
2020-07-22 03:35,1428
2020-07-22 03:40,1417
2020-07-22 03:45,1408
2020-07-22 03:50,1401
2020-07-22 03:55,1387
2020-07-22 04:00,1354
2020-07-22 04:05,1373
2020-07-22 04:10,1361
2020-07-22 04:15,1353
2020-07-22 04:20,1345
2020-07-22 04:25,1332
2020-07-22 04:30,1320
2020-07-22 04:35,1313
2020-07-22 04:40,1288
2020-07-22 04:45,1279
2020-07-22 04:50,1277
2020-07-22 04:55,1280
2020-07-22 05:00,1259
2020-07-22 05:05,1246
2020-07-22 05:10,1233
2020-07-22 05:15,1224
2020-07-22 05:20,1217
2020-07-22 05:25,1207
2020-07-22 05:30,1218
2020-07-22 05:35,1197
2020-07-22 05:40,1167
2020-07-22 05:45,1156
2020-07-22 05:50,1151
2020-07-22 05:55,1154
2020-07-22 06:00,1122
2020-07-22 06:05,1126
2020-07-22 06:10,1120
2020-07-22 06:15,1115
2020-07-22 06:20,1112
2020-07-22 06:25,1128
2020-07-22 06:30,1112
2020-07-22 06:35,1105
2020-07-22 06:40,1116
2020-07-22 06:45,1128
2020-07-22 06:50,1122
2020-07-22 06:55,1137
2020-07-22 07:00,1140
2020-07-22 07:05,1143
2020-07-22 07:10,1155
2020-07-22 07:15,1161
2020-07-22 07:20,1157
2020-07-22 07:25,1163
2020-07-22 07:30,1169
2020-07-22 07:35,1174
2020-07-22 07:40,1170
2020-07-22 07:45,1191
2020-07-22 07:50,1194
2020-07-22 07:55,1220
2020-07-22 08:00,1201
2020-07-22 08:05,1194
2020-07-22 08:10,1182
2020-07-22 08:15,1190
2020-07-22 08:20,1192
2020-07-22 08:25,1204
2020-07-22 08:30,1234
2020-07-22 08:35,1247
2020-07-22 08:40,1253
2020-07-22 08:45,1245
2020-07-22 08:50,1248
2020-07-22 08:55,1232
2020-07-22 09:00,1261
2020-07-22 09:05,1272
2020-07-22 09:10,1273
2020-07-22 09:15,1279
2020-07-22 09:20,1272
2020-07-22 09:25,1269
2020-07-22 09:30,1288
2020-07-22 09:35,1319
2020-07-22 09:40,1340
2020-07-22 09:45,1366
2020-07-22 09:50,1380
2020-07-22 09:55,1390
2020-07-22 10:00,1404
2020-07-22 10:05,1425
2020-07-22 10:10,1436
2020-07-22 10:15,1469
2020-07-22 10:20,1501
2020-07-22 10:25,1499
2020-07-22 10:30,1502
2020-07-22 10:35,1511
2020-07-22 10:40,1510
2020-07-22 10:45,1519
2020-07-22 10:50,1535
2020-07-22 10:55,1531
2020-07-22 11:00,1530
2020-07-22 11:05,1538
2020-07-22 11:10,1544
2020-07-22 11:15,1552
2020-07-22 11:20,1571
2020-07-22 11:25,1579
2020-07-22 11:30,1591
2020-07-22 11:35,1609
2020-07-22 11:40,1634
2020-07-22 11:45,1644
2020-07-22 11:50,1660
2020-07-22 11:55,1669
2020-07-22 12:00,1661
2020-07-22 12:05,1671
2020-07-22 12:10,1688
2020-07-22 12:15,1701
2020-07-22 12:20,1714
2020-07-22 12:25,1730
2020-07-22 12:30,1739
2020-07-22 12:35,1758
2020-07-22 12:40,1774
2020-07-22 12:45,1775
2020-07-22 12:50,1796
2020-07-22 12:55,1811
2020-07-22 13:00,1824
2020-07-22 13:05,1833
2020-07-22 13:10,1854
2020-07-22 13:15,1864
2020-07-22 13:20,1869
2020-07-22 13:25,1885
2020-07-22 13:30,1887
2020-07-22 13:35,1888
2020-07-22 13:40,1931
2020-07-22 13:45,1943
2020-07-22 13:50,1942
2020-07-22 13:55,1957
2020-07-22 14:00,1983
2020-07-22 14:05,1992
2020-07-22 14:10,2002
2020-07-22 14:15,2030
2020-07-22 14:20,2022
2020-07-22 14:25,2027
2020-07-22 14:30,2027
2020-07-22 14:35,2025
2020-07-22 14:40,2026
2020-07-22 14:45,2040
2020-07-22 14:50,2054
2020-07-22 14:55,2075
2020-07-22 15:00,2074
2020-07-22 15:05,2079
2020-07-22 15:10,2091
2020-07-22 15:15,2112
2020-07-22 15:20,2120
2020-07-22 15:25,2128
2020-07-22 15:30,2156
2020-07-22 15:35,2159
2020-07-22 15:40,2190
2020-07-22 15:45,2202
2020-07-22 15:50,2193
2020-07-22 15:55,2236
2020-07-22 16:00,2250
2020-07-22 16:05,2239
2020-07-22 16:10,2258
2020-07-22 16:15,2262
2020-07-22 16:20,2279
2020-07-22 16:25,2278
2020-07-22 16:30,2305
2020-07-22 16:35,2349
2020-07-22 16:40,2360
2020-07-22 16:45,2390
2020-07-22 16:50,2384
2020-07-22 16:55,2394
2020-07-22 17:00,2369
2020-07-22 17:05,2356
2020-07-22 17:10,2372
2020-07-22 17:15,2356
2020-07-22 17:20,2362
2020-07-22 17:25,2352
2020-07-22 17:30,2341
2020-07-22 17:35,2355
2020-07-22 17:40,2382
2020-07-22 17:45,2391
2020-07-22 17:50,2399
2020-07-22 17:55,2400
2020-07-22 18:00,2392
2020-07-22 18:05,2399
2020-07-22 18:10,2424
2020-07-22 18:15,2448
2020-07-22 18:20,2460
2020-07-22 18:25,2486
2020-07-22 18:30,2496
2020-07-22 18:35,2484
2020-07-22 18:40,2507
2020-07-22 18:45,2482
2020-07-22 18:50,2497
2020-07-22 18:55,2503
2020-07-22 19:00,2510
2020-07-22 19:05,2092
2020-07-22 19:10,2498
2020-07-22 19:15,2502
2020-07-22 19:20,2498
2020-07-22 19:25,2517
2020-07-22 19:30,2521
2020-07-22 19:35,2508
2020-07-22 19:40,2532
2020-07-22 19:45,2514
2020-07-22 19:50,2528
2020-07-22 19:55,2525
2020-07-22 20:00,2512
2020-07-22 20:05,2495
2020-07-22 20:10,2492
2020-07-22 20:15,2463
2020-07-22 20:20,2438
2020-07-22 20:25,2420
2020-07-22 20:30,2410
2020-07-22 20:35,2407
2020-07-22 20:40,2419
2020-07-22 20:45,2394
2020-07-22 20:50,2396
2020-07-22 20:55,2376
2020-07-22 21:00,2373
2020-07-22 21:05,2367
2020-07-22 21:10,2322
2020-07-22 21:15,2302
2020-07-22 21:20,2295
2020-07-22 21:25,2255
2020-07-22 21:30,2245
2020-07-22 21:35,2243
2020-07-22 21:40,2223
2020-07-22 21:45,2183
2020-07-22 21:50,2170
2020-07-22 21:55,2138
2020-07-22 22:00,2100
2020-07-22 22:05,2111
2020-07-22 22:10,2081
2020-07-22 22:15,2062
2020-07-22 22:20,2047
2020-07-22 22:25,2024
2020-07-22 22:30,1996
2020-07-22 22:35,1967
2020-07-22 22:40,1944
2020-07-22 22:45,1941
2020-07-22 22:50,1924
2020-07-22 22:55,1921
2020-07-22 23:00,1899
2020-07-22 23:05,1913
2020-07-22 23:10,1891
2020-07-22 23:15,1883
2020-07-22 23:20,1872
2020-07-22 23:25,1845
2020-07-22 23:30,1835
2020-07-22 23:35,1841
2020-07-22 23:40,1828
2020-07-22 23:45,1837
2020-07-22 23:50,1836
2020-07-22 23:55,1829
2020-07-23 00:00,1823
2020-07-23 00:05,1817
2020-07-23 00:10,1814
2020-07-23 00:15,1778
2020-07-23 00:20,1758
2020-07-23 00:25,1753
2020-07-23 00:30,1745
2020-07-23 00:35,1739
2020-07-23 00:40,1742
2020-07-23 00:45,1735
2020-07-23 00:50,1736
2020-07-23 00:55,1725
2020-07-23 01:00,1708
2020-07-23 01:05,1705
2020-07-23 01:10,0
2020-07-23 01:15,1715
2020-07-23 01:20,1701
2020-07-23 01:25,1696
2020-07-23 01:30,1685
2020-07-23 01:35,1670
2020-07-23 01:40,1668
2020-07-23 01:45,1646
2020-07-23 01:50,1635
2020-07-23 01:55,1614
2020-07-23 02:00,1612
2020-07-23 02:05,1587
2020-07-23 02:10,1579
2020-07-23 02:15,1562
2020-07-23 02:20,1553
2020-07-23 02:25,1551
2020-07-23 02:30,1540
2020-07-23 02:35,1536
2020-07-23 02:40,1537
2020-07-23 02:45,1513
2020-07-23 02:50,1510
2020-07-23 02:55,1516
2020-07-23 03:00,1499
2020-07-23 03:05,1491
2020-07-23 03:10,1473
2020-07-23 03:15,1458
2020-07-23 03:20,1421
2020-07-23 03:25,1409
2020-07-23 03:30,1397
2020-07-23 03:35,1393
2020-07-23 03:40,1361
2020-07-23 03:45,1334
2020-07-23 03:50,1317
2020-07-23 03:55,1314
2020-07-23 04:00,1301
2020-07-23 04:05,1274
2020-07-23 04:10,1272
2020-07-23 04:15,1263
2020-07-23 04:20,1256
2020-07-23 04:25,1259
2020-07-23 04:30,1243
2020-07-23 04:35,1231
2020-07-23 04:40,1227
2020-07-23 04:45,1232
2020-07-23 04:50,1214
2020-07-23 04:55,1214
2020-07-23 05:00,1187
2020-07-23 05:05,1161
2020-07-23 05:10,1176
2020-07-23 05:15,1162
2020-07-23 05:20,1146
2020-07-23 05:25,1154
2020-07-23 05:30,1164
2020-07-23 05:35,1149
2020-07-23 05:40,1141
2020-07-23 05:45,1124
2020-07-23 05:50,1112
2020-07-23 05:55,1106
2020-07-23 06:00,1107
2020-07-23 06:05,1113
2020-07-23 06:10,1115
2020-07-23 06:15,1112
2020-07-23 06:20,1114
2020-07-23 06:25,1103
2020-07-23 06:30,1095
2020-07-23 06:35,1100
2020-07-23 06:40,1093
2020-07-23 06:45,1096
2020-07-23 06:50,1093
2020-07-23 06:55,1078
2020-07-23 07:00,1088
2020-07-23 07:05,1086
2020-07-23 07:10,1086
2020-07-23 07:15,1067
2020-07-23 07:20,1059
2020-07-23 07:25,1064
2020-07-23 07:30,1084
2020-07-23 07:35,1099
2020-07-23 07:40,1105
2020-07-23 07:45,1107
2020-07-23 07:50,1125
2020-07-23 07:55,1132
2020-07-23 08:00,1141
2020-07-23 08:05,1151
2020-07-23 08:10,1141
2020-07-23 08:15,1168
2020-07-23 08:20,1183
2020-07-23 08:25,1200
2020-07-23 08:30,1208
2020-07-23 08:35,1216
2020-07-23 08:40,1228
2020-07-23 08:45,1254
2020-07-23 08:50,1265
2020-07-23 08:55,1292
2020-07-23 09:00,1308
2020-07-23 09:05,1318
2020-07-23 09:10,1328
2020-07-23 09:15,1341
2020-07-23 09:20,1323
2020-07-23 09:25,1340
2020-07-23 09:30,1334
2020-07-23 09:35,1336
2020-07-23 09:40,1359
2020-07-23 09:45,1349
2020-07-23 09:50,1334
2020-07-23 09:55,1336
2020-07-23 10:00,1367
2020-07-23 10:05,1399
2020-07-23 10:10,1424
2020-07-23 10:15,1454
2020-07-23 10:20,1455
2020-07-23 10:25,1461
2020-07-23 10:30,1481
2020-07-23 10:35,1502
2020-07-23 10:40,1521
2020-07-23 10:45,1541
2020-07-23 10:50,1557
2020-07-23 10:55,1564
2020-07-23 11:00,1536
2020-07-23 11:05,1530
2020-07-23 11:10,1543
2020-07-23 11:15,1575
2020-07-23 11:20,1580
2020-07-23 11:25,1606
2020-07-23 11:30,1609
2020-07-23 11:35,1620
2020-07-23 11:40,1603
2020-07-23 11:45,1618
2020-07-23 11:50,1614
2020-07-23 11:55,1627
2020-07-23 12:00,1629
2020-07-23 12:05,1668
2020-07-23 12:10,1665
2020-07-23 12:15,1678
2020-07-23 12:20,1691
2020-07-23 12:25,1684
2020-07-23 12:30,1699
2020-07-23 12:35,1699
2020-07-23 12:40,1699
2020-07-23 12:45,1720
2020-07-23 12:50,1725
2020-07-23 12:55,1721
2020-07-23 13:00,1726
2020-07-23 13:05,1716
2020-07-23 13:10,1745
2020-07-23 13:15,1770
2020-07-23 13:20,1752
2020-07-23 13:25,1738
2020-07-23 13:30,1747
2020-07-23 13:35,1769
2020-07-23 13:40,1761
2020-07-23 13:45,1752
2020-07-23 13:50,1731
2020-07-23 13:55,1655
2020-07-23 14:00,1516
2020-07-23 14:05,1313
2020-07-23 14:10,1299
2020-07-23 14:15,1304
2020-07-23 14:20,1286
2020-07-23 14:25,1243
2020-07-23 14:30,1196
2020-07-23 14:35,1158
2020-07-23 14:40,1112
2020-07-23 14:45,1085
2020-07-23 14:50,1053
2020-07-23 14:55,1038
2020-07-23 15:00,1028
2020-07-23 15:05,1014
2020-07-23 15:10,1023
2020-07-23 15:15,1007
2020-07-23 15:20,1136
2020-07-23 15:25,1234
2020-07-23 15:30,1326
2020-07-23 15:35,1434
2020-07-23 15:40,1536
2020-07-23 15:45,1624
2020-07-23 15:50,1700
2020-07-23 15:55,1771
2020-07-23 16:00,1844
2020-07-23 16:05,1902
2020-07-23 16:10,1966
2020-07-23 16:15,2016
2020-07-23 16:20,2058
2020-07-23 16:25,2101
2020-07-23 16:30,2121
2020-07-23 16:35,2180
2020-07-23 16:40,2213
2020-07-23 16:45,2263
2020-07-23 16:50,2291
2020-07-23 16:55,2327
2020-07-23 17:00,2345
2020-07-23 17:05,2349
2020-07-23 17:10,2345
2020-07-23 17:15,2362
2020-07-23 17:20,2375
2020-07-23 17:25,2398
2020-07-23 17:30,2428
2020-07-23 17:35,2423
2020-07-23 17:40,2432
2020-07-23 17:45,2423
2020-07-23 17:50,2426
2020-07-23 17:55,2443
2020-07-23 18:00,2438
2020-07-23 18:05,2430
2020-07-23 18:10,2435
2020-07-23 18:15,2457
2020-07-23 18:20,2477
2020-07-23 18:25,
2020-07-23 18:30,2502
2020-07-23 18:35,2512
2020-07-23 18:40,2531
2020-07-23 18:45,2563
2020-07-23 18:50,2577
2020-07-23 18:55,2572
2020-07-23 19:00,2590
2020-07-23 19:05,2611
2020-07-23 19:10,2630
2020-07-23 19:15,2642
2020-07-23 19:20,2639
2020-07-23 19:25,2629
2020-07-23 19:30,2634
2020-07-23 19:35,2651
2020-07-23 19:40,2648
2020-07-23 19:45,2658
2020-07-23 19:50,2640
2020-07-23 19:55,2633
2020-07-23 20:00,2629
2020-07-23 20:05,2633
2020-07-23 20:10,2623
2020-07-23 20:15,2624
2020-07-23 20:20,2593
2020-07-23 20:25,2577
2020-07-23 20:30,2571
2020-07-23 20:35,2557
2020-07-23 20:40,2552
2020-07-23 20:45,2494
2020-07-23 20:50,2492
2020-07-23 20:55,2464
2020-07-23 21:00,2459
2020-07-23 21:05,2447
2020-07-23 21:10,2440
2020-07-23 21:15,2410
2020-07-23 21:20,2388
2020-07-23 21:25,2369
2020-07-23 21:30,2341
2020-07-23 21:35,2321
2020-07-23 21:40,2318
2020-07-23 21:45,2309
2020-07-23 21:50,2279
2020-07-23 21:55,2253
2020-07-23 22:00,2215
2020-07-23 22:05,2210
2020-07-23 22:10,2183
2020-07-23 22:15,2145
2020-07-23 22:20,2112
2020-07-23 22:25,2102
2020-07-23 22:30,2093
2020-07-23 22:35,2087
2020-07-23 22:40,2096
2020-07-23 22:45,2082
2020-07-23 22:50,2078
2020-07-23 22:55,2057
2020-07-23 23:00,2045
2020-07-23 23:05,2027
2020-07-23 23:10,1981
2020-07-23 23:15,1986
2020-07-23 23:20,1993
2020-07-23 23:25,1982
2020-07-23 23:30,1978
2020-07-23 23:35,1974
2020-07-23 23:40,1942
2020-07-23 23:45,1897
2020-07-23 23:50,1855
2020-07-23 23:55,1778
2020-07-24 00:00,1677
2020-07-24 00:05,1256
2020-07-24 00:10,854
2020-07-24 00:15,828
2020-07-24 00:20,847
2020-07-24 00:25,867
2020-07-24 00:30,879
2020-07-24 00:35,887
2020-07-24 00:40,892
2020-07-24 00:45,873
2020-07-24 00:50,870
2020-07-24 00:55,881
2020-07-24 01:00,880
2020-07-24 01:05,870
2020-07-24 01:10,880
2020-07-24 01:15,870
2020-07-24 01:20,898
2020-07-24 01:25,1000
2020-07-24 01:30,1096
2020-07-24 01:35,1167
2020-07-24 01:40,1266
2020-07-24 01:45,1326
2020-07-24 01:50,1381
2020-07-24 01:55,1399
2020-07-24 02:00,1440
2020-07-24 02:05,1510
2020-07-24 02:10,1541
2020-07-24 02:15,1580
2020-07-24 02:20,1608
2020-07-24 02:25,1639
2020-07-24 02:30,1643
2020-07-24 02:35,1650
2020-07-24 02:40,1663
2020-07-24 02:45,1654
2020-07-24 02:50,1663
2020-07-24 02:55,1676
2020-07-24 03:00,1664
2020-07-24 03:05,1653
2020-07-24 03:10,1637
2020-07-24 03:15,1647
2020-07-24 03:20,1645
2020-07-24 03:25,1631
2020-07-24 03:30,1637
2020-07-24 03:35,1618
2020-07-24 03:40,1613
2020-07-24 03:45,1581
2020-07-24 03:50,1576
2020-07-24 03:55,1558
2020-07-24 04:00,1558
2020-07-24 04:05,1539
2020-07-24 04:10,1522
2020-07-24 04:15,1518
2020-07-24 04:20,1504
2020-07-24 04:25,1488
2020-07-24 04:30,1477
2020-07-24 04:35,1472
2020-07-24 04:40,1475
2020-07-24 04:45,1457
2020-07-24 04:50,1427
2020-07-24 04:55,1417
2020-07-24 05:00,1405
2020-07-24 05:05,1400
2020-07-24 05:10,1383
2020-07-24 05:15,1367
2020-07-24 05:20,1364
2020-07-24 05:25,1352
2020-07-24 05:30,1339
2020-07-24 05:35,1329
2020-07-24 05:40,1305
2020-07-24 05:45,1288
2020-07-24 05:50,1285
2020-07-24 05:55,1290
2020-07-24 06:00,1287
2020-07-24 06:05,1291
2020-07-24 06:10,1289
2020-07-24 06:15,1299
2020-07-24 06:20,1291
2020-07-24 06:25,1303
2020-07-24 06:30,1320
2020-07-24 06:35,1328
2020-07-24 06:40,1335
2020-07-24 06:45,1336
2020-07-24 06:50,1334
2020-07-24 06:55,1346
2020-07-24 07:00,1354
2020-07-24 07:05,1355
2020-07-24 07:10,1368
2020-07-24 07:15,1379
2020-07-24 07:20,1387
2020-07-24 07:25,1398
2020-07-24 07:30,1401
2020-07-24 07:35,1419
2020-07-24 07:40,1424
2020-07-24 07:45,1435
2020-07-24 07:50,1432
2020-07-24 07:55,1433
2020-07-24 08:00,1423
2020-07-24 08:05,1426
2020-07-24 08:10,1449
2020-07-24 08:15,1455
2020-07-24 08:20,1463
2020-07-24 08:25,1455
2020-07-24 08:30,1465
2020-07-24 08:35,1480
2020-07-24 08:40,1479
2020-07-24 08:45,1491
2020-07-24 08:50,1496
2020-07-24 08:55,1510
2020-07-24 09:00,1523
2020-07-24 09:05,1533
2020-07-24 09:10,1539
2020-07-24 09:15,1513
2020-07-24 09:20,1530
2020-07-24 09:25,1536
2020-07-24 09:30,1549
2020-07-24 09:35,1575
2020-07-24 09:40,1582
2020-07-24 09:45,1566
2020-07-24 09:50,1580
2020-07-24 09:55,1593
2020-07-24 10:00,1632
2020-07-24 10:05,1651
2020-07-24 10:10,1670
2020-07-24 10:15,1685
2020-07-24 10:20,1692
2020-07-24 10:25,1699
2020-07-24 10:30,1712
2020-07-24 10:35,1716
2020-07-24 10:40,1759
2020-07-24 10:45,1773
2020-07-24 10:50,1795
2020-07-24 10:55,1790
2020-07-24 11:00,1803
2020-07-24 11:05,1832
2020-07-24 11:10,1845
2020-07-24 11:15,1879
2020-07-24 11:20,1877
2020-07-24 11:25,1868
2020-07-24 11:30,1875
2020-07-24 11:35,1871
2020-07-24 11:40,1884
2020-07-24 11:45,1895
2020-07-24 11:50,1892
2020-07-24 11:55,1874
2020-07-24 12:00,1896
2020-07-24 12:05,1893
2020-07-24 12:10,1902
2020-07-24 12:15,1911
2020-07-24 12:20,1932
2020-07-24 12:25,1953
2020-07-24 12:30,1941
2020-07-24 12:35,1967
2020-07-24 12:40,1970
2020-07-24 12:45,1986
2020-07-24 12:50,2026
2020-07-24 12:55,2007
2020-07-24 13:00,2034
2020-07-24 13:05,2038
2020-07-24 13:10,2050
2020-07-24 13:15,2078
2020-07-24 13:20,2087
2020-07-24 13:25,2098
2020-07-24 13:30,2129
2020-07-24 13:35,2140
2020-07-24 13:40,2135
2020-07-24 13:45,2165
2020-07-24 13:50,2161
2020-07-24 13:55,2188
2020-07-24 14:00,2207
2020-07-24 14:05,2223
2020-07-24 14:10,2230
2020-07-24 14:15,2230
2020-07-24 14:20,2234
2020-07-24 14:25,2225
2020-07-24 14:30,2231
2020-07-24 14:35,2243
2020-07-24 14:40,2282
2020-07-24 14:45,2312
2020-07-24 14:50,2333
2020-07-24 14:55,2326
2020-07-24 15:00,2335
2020-07-24 15:05,2327
2020-07-24 15:10,2322
2020-07-24 15:15,2323
2020-07-24 15:20,2348
2020-07-24 15:25,2343
2020-07-24 15:30,2363
2020-07-24 15:35,
2020-07-24 15:40,2393
2020-07-24 15:45,2408
2020-07-24 15:50,2424
2020-07-24 15:55,2437
2020-07-24 16:00,2443
2020-07-24 16:05,2438
2020-07-24 16:10,2424
2020-07-24 16:15,2442
2020-07-24 16:20,2469
2020-07-24 16:25,2472
2020-07-24 16:30,2470
2020-07-24 16:35,2498
2020-07-24 16:40,2507
2020-07-24 16:45,2536
2020-07-24 16:50,2535
2020-07-24 16:55,2549
2020-07-24 17:00,2547
2020-07-24 17:05,2537
2020-07-24 17:10,2527
2020-07-24 17:15,2553
2020-07-24 17:20,2575
2020-07-24 17:25,2578
2020-07-24 17:30,2584
2020-07-24 17:35,
2020-07-24 17:40,2604
2020-07-24 17:45,2604
2020-07-24 17:50,2638
2020-07-24 17:55,2626
2020-07-24 18:00,2597
2020-07-24 18:05,2586
2020-07-24 18:10,2578
2020-07-24 18:15,2593
2020-07-24 18:20,2579
2020-07-24 18:25,2572
2020-07-24 18:30,2600
2020-07-24 18:35,2631
2020-07-24 18:40,2647
2020-07-24 18:45,2662
2020-07-24 18:50,2657
2020-07-24 18:55,2673
2020-07-24 19:00,2684
2020-07-24 19:05,2666
2020-07-24 19:10,2673
2020-07-24 19:15,2654
2020-07-24 19:20,2672
2020-07-24 19:25,2681
2020-07-24 19:30,2671
2020-07-24 19:35,2696
2020-07-24 19:40,2713
2020-07-24 19:45,2737
2020-07-24 19:50,2726
2020-07-24 19:55,2730
2020-07-24 20:00,2720
2020-07-24 20:05,2726
2020-07-24 20:10,2726
2020-07-24 20:15,2730
2020-07-24 20:20,2724
2020-07-24 20:25,2729
2020-07-24 20:30,2738
2020-07-24 20:35,2752
2020-07-24 20:40,2735
2020-07-24 20:45,2737
2020-07-24 20:50,2718
2020-07-24 20:55,2693
2020-07-24 21:00,2692
2020-07-24 21:05,2707
2020-07-24 21:10,2651
2020-07-24 21:15,2607
2020-07-24 21:20,2585
2020-07-24 21:25,2593
2020-07-24 21:30,2578
2020-07-24 21:35,2560
2020-07-24 21:40,2534
2020-07-24 21:45,2531
2020-07-24 21:50,2498
2020-07-24 21:55,2485
2020-07-24 22:00,2441
2020-07-24 22:05,2431
2020-07-24 22:10,2429
2020-07-24 22:15,2436
2020-07-24 22:20,2424
2020-07-24 22:25,2414
2020-07-24 22:30,2389
2020-07-24 22:35,2381
2020-07-24 22:40,2353
2020-07-24 22:45,2334
2020-07-24 22:50,2313
2020-07-24 22:55,2306
2020-07-24 23:00,2295
2020-07-24 23:05,2246
2020-07-24 23:10,2229
2020-07-24 23:15,2225
2020-07-24 23:20,2202
2020-07-24 23:25,2163
2020-07-24 23:30,2161
2020-07-24 23:35,2136
2020-07-24 23:40,2132
2020-07-24 23:45,2108
2020-07-24 23:50,2111
2020-07-24 23:55,2095
2020-07-25 00:00,2063
2020-07-25 00:05,2077
2020-07-25 00:10,2054
2020-07-25 00:15,2051
2020-07-25 00:20,2044
2020-07-25 00:25,2007
2020-07-25 00:30,1991
2020-07-25 00:35,1969
2020-07-25 00:40,1981
2020-07-25 00:45,1984
2020-07-25 00:50,1963
2020-07-25 00:55,1926
2020-07-25 01:00,1945
2020-07-25 01:05,1961
2020-07-25 01:10,1976
2020-07-25 01:15,1964
2020-07-25 01:20,1965
2020-07-25 01:25,1958
2020-07-25 01:30,1930
2020-07-25 01:35,1939
2020-07-25 01:40,1929
2020-07-25 01:45,1927
2020-07-25 01:50,1936
2020-07-25 01:55,1920
2020-07-25 02:00,1923
2020-07-25 02:05,1903
2020-07-25 02:10,1906
2020-07-25 02:15,1894
2020-07-25 02:20,1873
2020-07-25 02:25,1858
2020-07-25 02:30,1851
2020-07-25 02:35,1848
2020-07-25 02:40,1830
2020-07-25 02:45,1843
2020-07-25 02:50,1842
2020-07-25 02:55,1850
2020-07-25 03:00,1839
2020-07-25 03:05,1799
2020-07-25 03:10,1788
2020-07-25 03:15,1801
2020-07-25 03:20,1784
2020-07-25 03:25,1763
2020-07-25 03:30,1756
2020-07-25 03:35,1738
2020-07-25 03:40,1727
2020-07-25 03:45,1710
2020-07-25 03:50,1685
2020-07-25 03:55,1673
2020-07-25 04:00,1667
2020-07-25 04:05,1660
2020-07-25 04:10,1650
2020-07-25 04:15,1635
2020-07-25 04:20,1640
2020-07-25 04:25,1605
2020-07-25 04:30,1585
2020-07-25 04:35,1580
2020-07-25 04:40,1594
2020-07-25 04:45,1593
2020-07-25 04:50,1588
2020-07-25 04:55,1579
2020-07-25 05:00,1564
2020-07-25 05:05,1559
2020-07-25 05:10,1553
2020-07-25 05:15,1535
2020-07-25 05:20,1541
2020-07-25 05:25,1515
2020-07-25 05:30,1521
2020-07-25 05:35,1519
2020-07-25 05:40,1497
2020-07-25 05:45,1489
2020-07-25 05:50,1507
2020-07-25 05:55,1520
2020-07-25 06:00,1520
2020-07-25 06:05,1500
2020-07-25 06:10,1507
2020-07-25 06:15,1491
2020-07-25 06:20,1464
2020-07-25 06:25,1481
2020-07-25 06:30,1492
2020-07-25 06:35,1466
2020-07-25 06:40,1469
2020-07-25 06:45,1478
2020-07-25 06:50,1477
2020-07-25 06:55,1475
2020-07-25 07:00,1482
2020-07-25 07:05,1489
2020-07-25 07:10,1485
2020-07-25 07:15,1494
2020-07-25 07:20,1509
2020-07-25 07:25,1511
2020-07-25 07:30,1527
2020-07-25 07:35,1552
2020-07-25 07:40,1541
2020-07-25 07:45,1548
2020-07-25 07:50,1553
2020-07-25 07:55,1545
2020-07-25 08:00,1548
2020-07-25 08:05,1556
2020-07-25 08:10,1579
2020-07-25 08:15,1580
2020-07-25 08:20,1594
2020-07-25 08:25,1618
2020-07-25 08:30,1633
2020-07-25 08:35,1628
2020-07-25 08:40,1611
2020-07-25 08:45,1626
2020-07-25 08:50,1627
2020-07-25 08:55,1643
2020-07-25 09:00,1664
2020-07-25 09:05,1666
2020-07-25 09:10,1669
2020-07-25 09:15,1702
2020-07-25 09:20,1697
2020-07-25 09:25,1709
2020-07-25 09:30,1724
2020-07-25 09:35,1738
2020-07-25 09:40,1745
2020-07-25 09:45,1756
2020-07-25 09:50,1760
2020-07-25 09:55,1774
2020-07-25 10:00,1810
2020-07-25 10:05,1864
2020-07-25 10:10,1883
2020-07-25 10:15,1899
2020-07-25 10:20,1921
2020-07-25 10:25,1938
2020-07-25 10:30,1946
2020-07-25 10:35,1974
2020-07-25 10:40,1970
2020-07-25 10:45,1972
2020-07-25 10:50,1984
2020-07-25 10:55,1994
2020-07-25 11:00,1993
2020-07-25 11:05,2004
2020-07-25 11:10,1974
2020-07-25 11:15,1975
2020-07-25 11:20,1979
2020-07-25 11:25,2004
2020-07-25 11:30,2021
2020-07-25 11:35,2036
2020-07-25 11:40,2050
2020-07-25 11:45,2057
2020-07-25 11:50,2062
2020-07-25 11:55,2060
2020-07-25 12:00,2070
2020-07-25 12:05,2092
2020-07-25 12:10,2108
2020-07-25 12:15,2093
2020-07-25 12:20,2122
2020-07-25 12:25,2128
2020-07-25 12:30,2142
2020-07-25 12:35,2157
2020-07-25 12:40,2158
2020-07-25 12:45,2159
2020-07-25 12:50,2196
2020-07-25 12:55,2201
2020-07-25 13:00,2204
2020-07-25 13:05,2203
2020-07-25 13:10,2208
2020-07-25 13:15,2227
2020-07-25 13:20,2258
2020-07-25 13:25,2273
2020-07-25 13:30,2291
2020-07-25 13:35,2321
2020-07-25 13:40,2362
2020-07-25 13:45,2379
2020-07-25 13:50,2392
2020-07-25 13:55,2390
2020-07-25 14:00,2405
2020-07-25 14:05,2425
2020-07-25 14:10,2443
2020-07-25 14:15,2448
2020-07-25 14:20,2460
2020-07-25 14:25,2483
2020-07-25 14:30,2497
2020-07-25 14:35,2516
2020-07-25 14:40,2525
2020-07-25 14:45,2529
2020-07-25 14:50,2519
2020-07-25 14:55,2554
2020-07-25 15:00,2563
2020-07-25 15:05,2559
2020-07-25 15:10,2583
2020-07-25 15:15,2602
2020-07-25 15:20,2636
2020-07-25 15:25,2643
2020-07-25 15:30,2646
2020-07-25 15:35,2658
2020-07-25 15:40,2676
2020-07-25 15:45,2676
2020-07-25 15:50,2660
2020-07-25 15:55,2640
2020-07-25 16:00,2633
2020-07-25 16:05,2653
2020-07-25 16:10,2662
2020-07-25 16:15,2671
2020-07-25 16:20,2687
2020-07-25 16:25,2693
2020-07-25 16:30,2690
2020-07-25 16:35,2681
2020-07-25 16:40,2702
2020-07-25 16:45,2690
2020-07-25 16:50,2712
2020-07-25 16:55,2729
2020-07-25 17:00,2727
2020-07-25 17:05,2735
2020-07-25 17:10,2752
2020-07-25 17:15,2754
2020-07-25 17:20,2759
2020-07-25 17:25,2747
2020-07-25 17:30,2736
2020-07-25 17:35,2735
2020-07-25 17:40,2770
2020-07-25 17:45,2756
2020-07-25 17:50,2771
2020-07-25 17:55,
2020-07-25 18:00,2826
2020-07-25 18:05,2823
2020-07-25 18:10,2841
2020-07-25 18:15,2859
2020-07-25 18:20,2842
2020-07-25 18:25,2840
2020-07-25 18:30,2825
2020-07-25 18:35,2823
2020-07-25 18:40,2811
2020-07-25 18:45,2840
2020-07-25 18:50,2827
2020-07-25 18:55,2819
2020-07-25 19:00,2822
2020-07-25 19:05,2817
2020-07-25 19:10,2827
2020-07-25 19:15,2857
2020-07-25 19:20,2855
2020-07-25 19:25,2828
2020-07-25 19:30,2849
2020-07-25 19:35,2880
2020-07-25 19:40,2884
2020-07-25 19:45,2884
2020-07-25 19:50,2886
2020-07-25 19:55,2888
2020-07-25 20:00,2880
2020-07-25 20:05,2885
2020-07-25 20:10,2884
2020-07-25 20:15,2883
2020-07-25 20:20,2875
2020-07-25 20:25,2873
2020-07-25 20:30,2838
2020-07-25 20:35,2855
2020-07-25 20:40,2875
2020-07-25 20:45,2862
2020-07-25 20:50,2876
2020-07-25 20:55,2856
2020-07-25 21:00,2844
2020-07-25 21:05,2824
2020-07-25 21:10,2811
2020-07-25 21:15,2791
2020-07-25 21:20,2775
2020-07-25 21:25,2750
2020-07-25 21:30,2739
2020-07-25 21:35,2714
2020-07-25 21:40,2701
2020-07-25 21:45,2651
2020-07-25 21:50,2635
2020-07-25 21:55,2605
2020-07-25 22:00,2603
2020-07-25 22:05,2578
2020-07-25 22:10,2541
2020-07-25 22:15,2495
2020-07-25 22:20,2475
2020-07-25 22:25,2451
2020-07-25 22:30,2431
2020-07-25 22:35,2426
2020-07-25 22:40,2417
2020-07-25 22:45,2396
2020-07-25 22:50,2400
2020-07-25 22:55,2392
2020-07-25 23:00,2347
2020-07-25 23:05,2307
2020-07-25 23:10,2267
2020-07-25 23:15,2272
2020-07-25 23:20,2255
2020-07-25 23:25,2229
2020-07-25 23:30,2238
2020-07-25 23:35,2222
2020-07-25 23:40,2215
2020-07-25 23:45,2186
2020-07-25 23:50,2192
2020-07-25 23:55,2172
2020-07-26 00:00,2165
2020-07-26 00:05,2108
2020-07-26 00:10,2101
2020-07-26 00:15,2080
2020-07-26 00:20,2069
2020-07-26 00:25,2056
2020-07-26 00:30,2048
2020-07-26 00:35,2051
2020-07-26 00:40,2049
2020-07-26 00:45,2042
2020-07-26 00:50,2035
2020-07-26 00:55,2013
2020-07-26 01:00,2007
2020-07-26 01:05,1994
2020-07-26 01:10,1986
2020-07-26 01:15,1973
2020-07-26 01:20,1965
2020-07-26 01:25,1960
2020-07-26 01:30,1966
2020-07-26 01:35,1995
2020-07-26 01:40,1980
2020-07-26 01:45,1982
2020-07-26 01:50,1955
2020-07-26 01:55,1956
2020-07-26 02:00,1942
2020-07-26 02:05,1926
2020-07-26 02:10,1907
2020-07-26 02:15,1920
2020-07-26 02:20,1920
2020-07-26 02:25,1938
2020-07-26 02:30,1946
2020-07-26 02:35,1936
2020-07-26 02:40,1935
2020-07-26 02:45,1932
2020-07-26 02:50,1910
2020-07-26 02:55,1888
2020-07-26 03:00,1878
2020-07-26 03:05,1845
2020-07-26 03:10,1812
2020-07-26 03:15,1796
2020-07-26 03:20,1799
2020-07-26 03:25,1780
2020-07-26 03:30,1769
2020-07-26 03:35,1749
2020-07-26 03:40,1735
2020-07-26 03:45,1727
2020-07-26 03:50,1743
2020-07-26 03:55,1751
2020-07-26 04:00,1740
2020-07-26 04:05,1749
2020-07-26 04:10,1726
2020-07-26 04:15,1680
2020-07-26 04:20,1684
2020-07-26 04:25,1673
2020-07-26 04:30,1671
2020-07-26 04:35,1654
2020-07-26 04:40,1668
2020-07-26 04:45,1638
2020-07-26 04:50,1611
2020-07-26 04:55,1602
2020-07-26 05:00,1587
2020-07-26 05:05,1574
2020-07-26 05:10,1557
2020-07-26 05:15,1560
2020-07-26 05:20,1574
2020-07-26 05:25,1570
2020-07-26 05:30,1550
2020-07-26 05:35,1548
2020-07-26 05:40,1553
2020-07-26 05:45,1563
2020-07-26 05:50,1574
2020-07-26 05:55,1554
2020-07-26 06:00,1534
2020-07-26 06:05,1538
2020-07-26 06:10,1517
2020-07-26 06:15,1515
2020-07-26 06:20,1515
2020-07-26 06:25,1529
2020-07-26 06:30,1506
2020-07-26 06:35,1532
2020-07-26 06:40,1531
2020-07-26 06:45,1535
2020-07-26 06:50,1532
2020-07-26 06:55,1524
2020-07-26 07:00,1532
2020-07-26 07:05,1531
2020-07-26 07:10,1539
2020-07-26 07:15,1533
2020-07-26 07:20,1555
2020-07-26 07:25,1546
2020-07-26 07:30,1558
2020-07-26 07:35,1573
2020-07-26 07:40,1588
2020-07-26 07:45,1591
2020-07-26 07:50,1617
2020-07-26 07:55,1634
2020-07-26 08:00,1630
2020-07-26 08:05,1637
2020-07-26 08:10,1641
2020-07-26 08:15,1656
2020-07-26 08:20,1651
2020-07-26 08:25,1672
2020-07-26 08:30,1673
2020-07-26 08:35,1676
2020-07-26 08:40,1717
2020-07-26 08:45,1711
2020-07-26 08:50,1726
2020-07-26 08:55,1743
2020-07-26 09:00,1748
2020-07-26 09:05,1760
2020-07-26 09:10,1767
2020-07-26 09:15,1796
2020-07-26 09:20,1825
2020-07-26 09:25,1840
2020-07-26 09:30,1869
2020-07-26 09:35,1878
2020-07-26 09:40,1904
2020-07-26 09:45,1914
2020-07-26 09:50,1905
2020-07-26 09:55,1935
2020-07-26 10:00,1949
2020-07-26 10:05,1973
2020-07-26 10:10,2012
2020-07-26 10:15,2021
2020-07-26 10:20,2029
2020-07-26 10:25,2054
2020-07-26 10:30,2059
2020-07-26 10:35,2087
2020-07-26 10:40,2085
2020-07-26 10:45,2094
2020-07-26 10:50,2093
2020-07-26 10:55,2087
2020-07-26 11:00,2083
2020-07-26 11:05,2087
2020-07-26 11:10,2090
2020-07-26 11:15,2095
2020-07-26 11:20,2085
2020-07-26 11:25,2070
2020-07-26 11:30,2095
2020-07-26 11:35,2133
2020-07-26 11:40,2141
2020-07-26 11:45,2149
2020-07-26 11:50,2177
2020-07-26 11:55,2190
2020-07-26 12:00,2199
2020-07-26 12:05,2207
2020-07-26 12:10,2215
2020-07-26 12:15,2217
2020-07-26 12:20,2233
2020-07-26 12:25,2261
2020-07-26 12:30,2268
2020-07-26 12:35,2282
2020-07-26 12:40,2330
2020-07-26 12:45,2357
2020-07-26 12:50,2381
2020-07-26 12:55,2410
2020-07-26 13:00,2434
2020-07-26 13:05,2443
2020-07-26 13:10,2454
2020-07-26 13:15,2465
2020-07-26 13:20,2465
2020-07-26 13:25,2482
2020-07-26 13:30,2482
2020-07-26 13:35,2510
2020-07-26 13:40,2512
2020-07-26 13:45,2523
2020-07-26 13:50,2538
2020-07-26 13:55,2568
2020-07-26 14:00,2598
2020-07-26 14:05,2613
2020-07-26 14:10,2632
2020-07-26 14:15,2667
2020-07-26 14:20,2663
2020-07-26 14:25,2685
2020-07-26 14:30,2708
2020-07-26 14:35,2706
2020-07-26 14:40,2712
2020-07-26 14:45,2710
2020-07-26 14:50,2721
2020-07-26 14:55,2762
2020-07-26 15:00,2757
2020-07-26 15:05,2780
2020-07-26 15:10,2777
2020-07-26 15:15,2762
2020-07-26 15:20,2757
2020-07-26 15:25,2770
2020-07-26 15:30,2778
2020-07-26 15:35,2784
2020-07-26 15:40,2805
2020-07-26 15:45,2835
2020-07-26 15:50,2880
2020-07-26 15:55,2892
2020-07-26 16:00,2932
2020-07-26 16:05,2953
2020-07-26 16:10,2949
2020-07-26 16:15,2964
2020-07-26 16:20,2928
2020-07-26 16:25,2940
2020-07-26 16:30,2948
2020-07-26 16:35,2962
2020-07-26 16:40,2949
2020-07-26 16:45,2961
2020-07-26 16:50,2960
2020-07-26 16:55,2989
2020-07-26 17:00,3030
2020-07-26 17:05,3050
2020-07-26 17:10,3053
2020-07-26 17:15,3056
2020-07-26 17:20,3068
2020-07-26 17:25,3083
2020-07-26 17:30,3109
2020-07-26 17:35,3120
2020-07-26 17:40,3158
2020-07-26 17:45,3163
2020-07-26 17:50,3177
2020-07-26 17:55,3212
2020-07-26 18:00,3207
2020-07-26 18:05,3188
2020-07-26 18:10,3178
2020-07-26 18:15,3164
2020-07-26 18:20,3184
2020-07-26 18:25,3170
2020-07-26 18:30,3195
2020-07-26 18:35,3219
2020-07-26 18:40,3214
2020-07-26 18:45,3204
2020-07-26 18:50,3214
2020-07-26 18:55,3199
2020-07-26 19:00,3201
2020-07-26 19:05,3163
2020-07-26 19:10,3160
2020-07-26 19:15,3140
2020-07-26 19:20,3141
2020-07-26 19:25,3147
2020-07-26 19:30,3121
2020-07-26 19:35,3131
2020-07-26 19:40,3117
2020-07-26 19:45,3114
2020-07-26 19:50,3123
2020-07-26 19:55,3112
2020-07-26 20:00,3129
2020-07-26 20:05,3105
2020-07-26 20:10,3085
2020-07-26 20:15,3083
2020-07-26 20:20,3051
2020-07-26 20:25,3061
2020-07-26 20:30,3044
2020-07-26 20:35,3038
2020-07-26 20:40,3019
2020-07-26 20:45,2970
2020-07-26 20:50,2935
2020-07-26 20:55,2932
2020-07-26 21:00,2896
2020-07-26 21:05,2879
2020-07-26 21:10,2872
2020-07-26 21:15,2834
2020-07-26 21:20,2810
2020-07-26 21:25,
2020-07-26 21:30,2730
2020-07-26 21:35,2736
2020-07-26 21:40,2707
2020-07-26 21:45,2698
2020-07-26 21:50,2675
2020-07-26 21:55,2637
2020-07-26 22:00,2627
2020-07-26 22:05,2611
2020-07-26 22:10,2569
2020-07-26 22:15,2539
2020-07-26 22:20,2519
2020-07-26 22:25,2501
2020-07-26 22:30,2482
2020-07-26 22:35,2451
2020-07-26 22:40,2437
2020-07-26 22:45,2436
2020-07-26 22:50,2432
2020-07-26 22:55,2411
2020-07-26 23:00,2411
2020-07-26 23:05,2374
2020-07-26 23:10,2365
2020-07-26 23:15,2350
2020-07-26 23:20,2322
2020-07-26 23:25,2312
2020-07-26 23:30,2301
2020-07-26 23:35,2274
2020-07-26 23:40,2247
2020-07-26 23:45,2244
2020-07-26 23:50,2247
2020-07-26 23:55,2241
2020-07-27 00:00,2223
2020-07-27 00:05,2200
2020-07-27 00:10,2178
2020-07-27 00:15,2184
2020-07-27 00:20,2175
2020-07-27 00:25,2175
2020-07-27 00:30,2151
2020-07-27 00:35,2142
2020-07-27 00:40,2132
2020-07-27 00:45,2115
2020-07-27 00:50,2112
2020-07-27 00:55,2089
2020-07-27 01:00,2091
2020-07-27 01:05,2079
2020-07-27 01:10,2072
2020-07-27 01:15,2057
2020-07-27 01:20,2041
2020-07-27 01:25,2037
2020-07-27 01:30,2036
2020-07-27 01:35,2043
2020-07-27 01:40,2024
2020-07-27 01:45,2012
2020-07-27 01:50,2035
2020-07-27 01:55,2028
2020-07-27 02:00,1979
2020-07-27 02:05,1961
2020-07-27 02:10,1957
2020-07-27 02:15,1945
2020-07-27 02:20,1918
2020-07-27 02:25,1906
2020-07-27 02:30,1916
2020-07-27 02:35,1899
2020-07-27 02:40,1855
2020-07-27 02:45,1831
2020-07-27 02:50,1810
2020-07-27 02:55,1805
2020-07-27 03:00,1785
2020-07-27 03:05,1770
2020-07-27 03:10,1762
2020-07-27 03:15,1749
2020-07-27 03:20,1708
2020-07-27 03:25,1688
2020-07-27 03:30,1668
2020-07-27 03:35,1653
2020-07-27 03:40,1632
2020-07-27 03:45,1629
2020-07-27 03:50,1619
2020-07-27 03:55,1598
2020-07-27 04:00,1583
2020-07-27 04:05,1577
2020-07-27 04:10,1567
2020-07-27 04:15,1553
2020-07-27 04:20,1558
2020-07-27 04:25,1527
2020-07-27 04:30,1523
2020-07-27 04:35,1488
2020-07-27 04:40,1473
2020-07-27 04:45,1471
2020-07-27 04:50,1454
2020-07-27 04:55,1454
2020-07-27 05:00,1429
2020-07-27 05:05,1417
2020-07-27 05:10,1393
2020-07-27 05:15,1384
2020-07-27 05:20,1377
2020-07-27 05:25,1366
2020-07-27 05:30,1362
2020-07-27 05:35,1366
2020-07-27 05:40,1347
2020-07-27 05:45,1343
2020-07-27 05:50,1346
2020-07-27 05:55,1348
2020-07-27 06:00,1361
2020-07-27 06:05,1328
2020-07-27 06:10,1313
2020-07-27 06:15,1306
2020-07-27 06:20,1325
2020-07-27 06:25,1322
2020-07-27 06:30,1324
2020-07-27 06:35,1335
2020-07-27 06:40,1324
2020-07-27 06:45,1331
2020-07-27 06:50,1319
2020-07-27 06:55,1305
2020-07-27 07:00,1315
2020-07-27 07:05,1301
2020-07-27 07:10,1303
2020-07-27 07:15,1286
2020-07-27 07:20,1317
2020-07-27 07:25,1321
2020-07-27 07:30,1314
2020-07-27 07:35,1321
2020-07-27 07:40,1335
2020-07-27 07:45,1344
2020-07-27 07:50,1332
2020-07-27 07:55,1320
2020-07-27 08:00,1323
2020-07-27 08:05,1331
2020-07-27 08:10,1337
2020-07-27 08:15,1341
2020-07-27 08:20,1341
2020-07-27 08:25,1337
2020-07-27 08:30,1346
2020-07-27 08:35,1352
2020-07-27 08:40,1358
2020-07-27 08:45,1364
2020-07-27 08:50,1364
2020-07-27 08:55,1366
2020-07-27 09:00,1379
2020-07-27 09:05,1392
2020-07-27 09:10,1383
2020-07-27 09:15,1408
2020-07-27 09:20,1425
2020-07-27 09:25,1448
2020-07-27 09:30,1460
2020-07-27 09:35,1474
2020-07-27 09:40,1472
2020-07-27 09:45,1493
2020-07-27 09:50,1501
2020-07-27 09:55,1494
2020-07-27 10:00,1532
2020-07-27 10:05,1569
2020-07-27 10:10,1593
2020-07-27 10:15,1609
2020-07-27 10:20,1621
2020-07-27 10:25,1619
2020-07-27 10:30,1634
2020-07-27 10:35,1657
2020-07-27 10:40,1669
2020-07-27 10:45,1690
2020-07-27 10:50,1686
2020-07-27 10:55,1703
2020-07-27 11:00,1712
2020-07-27 11:05,1731
2020-07-27 11:10,1756
2020-07-27 11:15,1757
2020-07-27 11:20,1774
2020-07-27 11:25,1791
2020-07-27 11:30,1808
2020-07-27 11:35,1822
2020-07-27 11:40,1850
2020-07-27 11:45,1854
2020-07-27 11:50,1839
2020-07-27 11:55,1849
2020-07-27 12:00,1848
2020-07-27 12:05,1865
2020-07-27 12:10,1898
2020-07-27 12:15,1894
2020-07-27 12:20,1915
2020-07-27 12:25,1929
2020-07-27 12:30,1948
2020-07-27 12:35,1962
2020-07-27 12:40,1981
2020-07-27 12:45,2003
2020-07-27 12:50,2011
2020-07-27 12:55,2002
2020-07-27 13:00,2026
2020-07-27 13:05,2025
2020-07-27 13:10,2051
2020-07-27 13:15,2067
2020-07-27 13:20,
2020-07-27 13:25,2091
2020-07-27 13:30,2131
2020-07-27 13:35,2149
2020-07-27 13:40,2170
2020-07-27 13:45,2169
2020-07-27 13:50,2178
2020-07-27 13:55,2191
2020-07-27 14:00,2201
2020-07-27 14:05,2201
2020-07-27 14:10,2226
2020-07-27 14:15,2259
2020-07-27 14:20,2265
2020-07-27 14:25,2297
2020-07-27 14:30,2314
2020-07-27 14:35,2335
2020-07-27 14:40,2341
2020-07-27 14:45,2356
2020-07-27 14:50,2322
2020-07-27 14:55,2344
2020-07-27 15:00,2348
2020-07-27 15:05,2354
2020-07-27 15:10,2404
2020-07-27 15:15,2426
2020-07-27 15:20,2433
2020-07-27 15:25,2453
2020-07-27 15:30,2475
2020-07-27 15:35,2466
2020-07-27 15:40,2493
2020-07-27 15:45,2525
2020-07-27 15:50,2519
2020-07-27 15:55,2531
2020-07-27 16:00,2543
2020-07-27 16:05,2556
2020-07-27 16:10,2546
2020-07-27 16:15,2566
2020-07-27 16:20,2571
2020-07-27 16:25,2598
2020-07-27 16:30,2610
2020-07-27 16:35,2643
2020-07-27 16:40,2657
2020-07-27 16:45,2670
2020-07-27 16:50,2691
2020-07-27 16:55,2694
2020-07-27 17:00,2704
2020-07-27 17:05,2701
2020-07-27 17:10,2707
2020-07-27 17:15,2699
2020-07-27 17:20,2684
2020-07-27 17:25,2693
2020-07-27 17:30,2700
2020-07-27 17:35,2696
2020-07-27 17:40,2737
2020-07-27 17:45,2734
2020-07-27 17:50,2778
2020-07-27 17:55,2777
2020-07-27 18:00,2788
2020-07-27 18:05,2778
2020-07-27 18:10,2776
2020-07-27 18:15,2794
2020-07-27 18:20,2797
2020-07-27 18:25,2793
2020-07-27 18:30,2781
2020-07-27 18:35,2801
2020-07-27 18:40,2793
2020-07-27 18:45,2802
2020-07-27 18:50,2807
2020-07-27 18:55,2831
2020-07-27 19:00,2857
2020-07-27 19:05,2842
2020-07-27 19:10,2812
2020-07-27 19:15,2813
2020-07-27 19:20,2817
2020-07-27 19:25,2803
2020-07-27 19:30,2814
2020-07-27 19:35,2799
2020-07-27 19:40,2811
2020-07-27 19:45,2798
2020-07-27 19:50,2804
2020-07-27 19:55,2825
2020-07-27 20:00,2814
2020-07-27 20:05,2827
2020-07-27 20:10,2822
2020-07-27 20:15,2817
2020-07-27 20:20,2822
2020-07-27 20:25,2810
2020-07-27 20:30,2792
2020-07-27 20:35,2761
2020-07-27 20:40,2747
2020-07-27 20:45,2734
2020-07-27 20:50,2726
2020-07-27 20:55,2720
2020-07-27 21:00,2729
2020-07-27 21:05,2707
2020-07-27 21:10,2707
2020-07-27 21:15,2690
2020-07-27 21:20,2677
2020-07-27 21:25,2642
2020-07-27 21:30,2641
2020-07-27 21:35,2594
2020-07-27 21:40,2572
2020-07-27 21:45,2548
2020-07-27 21:50,2528
2020-07-27 21:55,2468
2020-07-27 22:00,2477
2020-07-27 22:05,2465
2020-07-27 22:10,2451
2020-07-27 22:15,2411
2020-07-27 22:20,2407
2020-07-27 22:25,2395
2020-07-27 22:30,2382
2020-07-27 22:35,2361
2020-07-27 22:40,2360
2020-07-27 22:45,2372
2020-07-27 22:50,2350
2020-07-27 22:55,2328
2020-07-27 23:00,2314
2020-07-27 23:05,2290
2020-07-27 23:10,2295
2020-07-27 23:15,2280
2020-07-27 23:20,2280
2020-07-27 23:25,2244
2020-07-27 23:30,2230
2020-07-27 23:35,2232
2020-07-27 23:40,2210
2020-07-27 23:45,2207
2020-07-27 23:50,2191
2020-07-27 23:55,2183
2020-07-28 00:00,2160
2020-07-28 00:05,2165
2020-07-28 00:10,2150
2020-07-28 00:15,2156
2020-07-28 00:20,2171
2020-07-28 00:25,2155
2020-07-28 00:30,2146
2020-07-28 00:35,2115
2020-07-28 00:40,2107
2020-07-28 00:45,2113
2020-07-28 00:50,2088
2020-07-28 00:55,2079
2020-07-28 01:00,2070
2020-07-28 01:05,2069
2020-07-28 01:10,2065
2020-07-28 01:15,2079
2020-07-28 01:20,2058
2020-07-28 01:25,2042
2020-07-28 01:30,2022
2020-07-28 01:35,2028
2020-07-28 01:40,2042
2020-07-28 01:45,2034
2020-07-28 01:50,2002
2020-07-28 01:55,2004
2020-07-28 02:00,1996
2020-07-28 02:05,1973
2020-07-28 02:10,1950
2020-07-28 02:15,1936
2020-07-28 02:20,1916
2020-07-28 02:25,1894
2020-07-28 02:30,1872
2020-07-28 02:35,1861
2020-07-28 02:40,1832
2020-07-28 02:45,1817
2020-07-28 02:50,1815
2020-07-28 02:55,1796
2020-07-28 03:00,1796
2020-07-28 03:05,1779
2020-07-28 03:10,1767
2020-07-28 03:15,1744
2020-07-28 03:20,1720
2020-07-28 03:25,1713
2020-07-28 03:30,1711
2020-07-28 03:35,1698
2020-07-28 03:40,1690
2020-07-28 03:45,1662
2020-07-28 03:50,1635
2020-07-28 03:55,1604
2020-07-28 04:00,1594
2020-07-28 04:05,1578
2020-07-28 04:10,1542
2020-07-28 04:15,1529
2020-07-28 04:20,1519
2020-07-28 04:25,1507
2020-07-28 04:30,1492
2020-07-28 04:35,1475
2020-07-28 04:40,1476
2020-07-28 04:45,1456
2020-07-28 04:50,1452
2020-07-28 04:55,1434
2020-07-28 05:00,1405
2020-07-28 05:05,1380
2020-07-28 05:10,1361
2020-07-28 05:15,1331
2020-07-28 05:20,1309
2020-07-28 05:25,1294
2020-07-28 05:30,1305
2020-07-28 05:35,1290
2020-07-28 05:40,1280
2020-07-28 05:45,1248
2020-07-28 05:50,1247
2020-07-28 05:55,1242
2020-07-28 06:00,1223
2020-07-28 06:05,1237
2020-07-28 06:10,1225
2020-07-28 06:15,1230
2020-07-28 06:20,1239
2020-07-28 06:25,1236
2020-07-28 06:30,1231
2020-07-28 06:35,1238
2020-07-28 06:40,1235
2020-07-28 06:45,1228
2020-07-28 06:50,1249
2020-07-28 06:55,1253
2020-07-28 07:00,1267
2020-07-28 07:05,1249
2020-07-28 07:10,1248
2020-07-28 07:15,1269
2020-07-28 07:20,1265
2020-07-28 07:25,1259
2020-07-28 07:30,1261
2020-07-28 07:35,1273
2020-07-28 07:40,1297
2020-07-28 07:45,1301
2020-07-28 07:50,1309
2020-07-28 07:55,1306
2020-07-28 08:00,1296
2020-07-28 08:05,1275
2020-07-28 08:10,1286
2020-07-28 08:15,1296
2020-07-28 08:20,1327
2020-07-28 08:25,1333
2020-07-28 08:30,1359
2020-07-28 08:35,1378
2020-07-28 08:40,1387
2020-07-28 08:45,1372
2020-07-28 08:50,1391
2020-07-28 08:55,1398
2020-07-28 09:00,1397
2020-07-28 09:05,1397
2020-07-28 09:10,1396
2020-07-28 09:15,1402
2020-07-28 09:20,1398
2020-07-28 09:25,1407
2020-07-28 09:30,1432
2020-07-28 09:35,1427
2020-07-28 09:40,1435
2020-07-28 09:45,1438
2020-07-28 09:50,1454
2020-07-28 09:55,1478
2020-07-28 10:00,1493
2020-07-28 10:05,1506
2020-07-28 10:10,1544
2020-07-28 10:15,1557
2020-07-28 10:20,1583
2020-07-28 10:25,1596
2020-07-28 10:30,1600
2020-07-28 10:35,1628
2020-07-28 10:40,1638
2020-07-28 10:45,1655
2020-07-28 10:50,1677
2020-07-28 10:55,1683
2020-07-28 11:00,1704
2020-07-28 11:05,1695
2020-07-28 11:10,1721
2020-07-28 11:15,1719
2020-07-28 11:20,1717
2020-07-28 11:25,1719
2020-07-28 11:30,1711
2020-07-28 11:35,1737
2020-07-28 11:40,1744
2020-07-28 11:45,1741
2020-07-28 11:50,1755
2020-07-28 11:55,1768
2020-07-28 12:00,1778
2020-07-28 12:05,1784
2020-07-28 12:10,1792
2020-07-28 12:15,1795
2020-07-28 12:20,1803
2020-07-28 12:25,1809
2020-07-28 12:30,1807
2020-07-28 12:35,1803
2020-07-28 12:40,1819
2020-07-28 12:45,1817
2020-07-28 12:50,1842
2020-07-28 12:55,1850
2020-07-28 13:00,1859
2020-07-28 13:05,1858
2020-07-28 13:10,1878
2020-07-28 13:15,1896
2020-07-28 13:20,1889
2020-07-28 13:25,1913
2020-07-28 13:30,1939
2020-07-28 13:35,1973
2020-07-28 13:40,1999
2020-07-28 13:45,2025
2020-07-28 13:50,2006
2020-07-28 13:55,2026
2020-07-28 14:00,2061
2020-07-28 14:05,2064
2020-07-28 14:10,2095
2020-07-28 14:15,2101
2020-07-28 14:20,2113
2020-07-28 14:25,2118
2020-07-28 14:30,2143
2020-07-28 14:35,2139
2020-07-28 14:40,2161
2020-07-28 14:45,2152
2020-07-28 14:50,2163
2020-07-28 14:55,2179
2020-07-28 15:00,2199
2020-07-28 15:05,2227
2020-07-28 15:10,2255
2020-07-28 15:15,2269
2020-07-28 15:20,2295
2020-07-28 15:25,2315
2020-07-28 15:30,2339
2020-07-28 15:35,2345
2020-07-28 15:40,2375
2020-07-28 15:45,2354
2020-07-28 15:50,2374
2020-07-28 15:55,2384
2020-07-28 16:00,2419
2020-07-28 16:05,2441
2020-07-28 16:10,2437
2020-07-28 16:15,2446
2020-07-28 16:20,2481
2020-07-28 16:25,2482
2020-07-28 16:30,2489
2020-07-28 16:35,2469
2020-07-28 16:40,2464
2020-07-28 16:45,2462
2020-07-28 16:50,2480
2020-07-28 16:55,2482
2020-07-28 17:00,2488
2020-07-28 17:05,2490
2020-07-28 17:10,2490
2020-07-28 17:15,2488
2020-07-28 17:20,2504
2020-07-28 17:25,2524
2020-07-28 17:30,2546
2020-07-28 17:35,2558
2020-07-28 17:40,2572
2020-07-28 17:45,2595
2020-07-28 17:50,2593
2020-07-28 17:55,2618
2020-07-28 18:00,2635
2020-07-28 18:05,2653
2020-07-28 18:10,2656
2020-07-28 18:15,2663
2020-07-28 18:20,2678
2020-07-28 18:25,2682
2020-07-28 18:30,2705
2020-07-28 18:35,2723
2020-07-28 18:40,2709
2020-07-28 18:45,2701
2020-07-28 18:50,2692
2020-07-28 18:55,2713
2020-07-28 19:00,2721
2020-07-28 19:05,2737
2020-07-28 19:10,2732
2020-07-28 19:15,2728
2020-07-28 19:20,2738
2020-07-28 19:25,2716
2020-07-28 19:30,2712
2020-07-28 19:35,2742
2020-07-28 19:40,2768
2020-07-28 19:45,2757
2020-07-28 19:50,2762
2020-07-28 19:55,2729
2020-07-28 20:00,2687
2020-07-28 20:05,2664
2020-07-28 20:10,2650
2020-07-28 20:15,2663
2020-07-28 20:20,2672
2020-07-28 20:25,2638
2020-07-28 20:30,2621
2020-07-28 20:35,2611
2020-07-28 20:40,2602
2020-07-28 20:45,2592
2020-07-28 20:50,2524
2020-07-28 20:55,2493
2020-07-28 21:00,2468
2020-07-28 21:05,2421
2020-07-28 21:10,2377
2020-07-28 21:15,2356
2020-07-28 21:20,2350
2020-07-28 21:25,2335
2020-07-28 21:30,2334
2020-07-28 21:35,2355
2020-07-28 21:40,2325
2020-07-28 21:45,2308
2020-07-28 21:50,2287
2020-07-28 21:55,2264
2020-07-28 22:00,2240
2020-07-28 22:05,2229
2020-07-28 22:10,2249
2020-07-28 22:15,2197
2020-07-28 22:20,2185
2020-07-28 22:25,2165
2020-07-28 22:30,2148
2020-07-28 22:35,2144
2020-07-28 22:40,2135
2020-07-28 22:45,2109
2020-07-28 22:50,2119
2020-07-28 22:55,2097
2020-07-28 23:00,2084
2020-07-28 23:05,2067
2020-07-28 23:10,0
2020-07-28 23:15,984
2020-07-28 23:20,1711
2020-07-28 23:25,1980
2020-07-28 23:30,1980
2020-07-28 23:35,1968
2020-07-28 23:40,1963
2020-07-28 23:45,1967
2020-07-28 23:50,1955
2020-07-28 23:55,1965
2020-07-29 00:00,1967
2020-07-29 00:05,1954
2020-07-29 00:10,1954
2020-07-29 00:15,1926
2020-07-29 00:20,1913
2020-07-29 00:25,1915
2020-07-29 00:30,1924
2020-07-29 00:35,1916
2020-07-29 00:40,1924
2020-07-29 00:45,1933
2020-07-29 00:50,1920
2020-07-29 00:55,1931
2020-07-29 01:00,1914
2020-07-29 01:05,1905
2020-07-29 01:10,1885
2020-07-29 01:15,1882
2020-07-29 01:20,1866
2020-07-29 01:25,1858
2020-07-29 01:30,1857
2020-07-29 01:35,1855
2020-07-29 01:40,1846
2020-07-29 01:45,1853
2020-07-29 01:50,1879
2020-07-29 01:55,1868
2020-07-29 02:00,1851
2020-07-29 02:05,1827
2020-07-29 02:10,1822
2020-07-29 02:15,1810
2020-07-29 02:20,1809
2020-07-29 02:25,1801
2020-07-29 02:30,1783
2020-07-29 02:35,1773
2020-07-29 02:40,1753
2020-07-29 02:45,1748
2020-07-29 02:50,1725
2020-07-29 02:55,1722
2020-07-29 03:00,1698
2020-07-29 03:05,1681
2020-07-29 03:10,1673
2020-07-29 03:15,1648
2020-07-29 03:20,1635
2020-07-29 03:25,1611
2020-07-29 03:30,1613
2020-07-29 03:35,1608
2020-07-29 03:40,1586
2020-07-29 03:45,1566
2020-07-29 03:50,1533
2020-07-29 03:55,1528
2020-07-29 04:00,1525
2020-07-29 04:05,1511
2020-07-29 04:10,1494
2020-07-29 04:15,1471
2020-07-29 04:20,1442
2020-07-29 04:25,1451
2020-07-29 04:30,1441
2020-07-29 04:35,1439
2020-07-29 04:40,1440
2020-07-29 04:45,1427
2020-07-29 04:50,1411
2020-07-29 04:55,1392
2020-07-29 05:00,1371
2020-07-29 05:05,1368
2020-07-29 05:10,1360
2020-07-29 05:15,1346
2020-07-29 05:20,1313
2020-07-29 05:25,1310
2020-07-29 05:30,1294
2020-07-29 05:35,1283
2020-07-29 05:40,1286
2020-07-29 05:45,1290
2020-07-29 05:50,1277
2020-07-29 05:55,1278
2020-07-29 06:00,1258
2020-07-29 06:05,1259
2020-07-29 06:10,1242
2020-07-29 06:15,1243
2020-07-29 06:20,1223
2020-07-29 06:25,1232
2020-07-29 06:30,1232
2020-07-29 06:35,1234
2020-07-29 06:40,1220
2020-07-29 06:45,1215
2020-07-29 06:50,1213
2020-07-29 06:55,1214
2020-07-29 07:00,1235
2020-07-29 07:05,1240
2020-07-29 07:10,1246
2020-07-29 07:15,1222
2020-07-29 07:20,1229
2020-07-29 07:25,1237
2020-07-29 07:30,1244
2020-07-29 07:35,1244
2020-07-29 07:40,1263
2020-07-29 07:45,1274
2020-07-29 07:50,1277
2020-07-29 07:55,1278
2020-07-29 08:00,1276
2020-07-29 08:05,1269
2020-07-29 08:10,1281
2020-07-29 08:15,1296
2020-07-29 08:20,1301
2020-07-29 08:25,1306
2020-07-29 08:30,1309
2020-07-29 08:35,1318
2020-07-29 08:40,1337
2020-07-29 08:45,1328
2020-07-29 08:50,1339
2020-07-29 08:55,1347
2020-07-29 09:00,1382
2020-07-29 09:05,1378
2020-07-29 09:10,1389
2020-07-29 09:15,1396
2020-07-29 09:20,1413
2020-07-29 09:25,1445
2020-07-29 09:30,1443
2020-07-29 09:35,1465
2020-07-29 09:40,1484
2020-07-29 09:45,1481
2020-07-29 09:50,1485
2020-07-29 09:55,1491
2020-07-29 10:00,1504
2020-07-29 10:05,1549
2020-07-29 10:10,1567
2020-07-29 10:15,1573
2020-07-29 10:20,1615
2020-07-29 10:25,1625
2020-07-29 10:30,1651
2020-07-29 10:35,1655
2020-07-29 10:40,1645
2020-07-29 10:45,1639
2020-07-29 10:50,1661
2020-07-29 10:55,1674
2020-07-29 11:00,1660
2020-07-29 11:05,1665
2020-07-29 11:10,1681
2020-07-29 11:15,1690
2020-07-29 11:20,1689
2020-07-29 11:25,1701
2020-07-29 11:30,1720
2020-07-29 11:35,1751
2020-07-29 11:40,1755
2020-07-29 11:45,1749
2020-07-29 11:50,1785
2020-07-29 11:55,1794
2020-07-29 12:00,1820
2020-07-29 12:05,1814
2020-07-29 12:10,1841
2020-07-29 12:15,1866
2020-07-29 12:20,1863
2020-07-29 12:25,1888
2020-07-29 12:30,1896
2020-07-29 12:35,1881
2020-07-29 12:40,1890
2020-07-29 12:45,1893
2020-07-29 12:50,1898
2020-07-29 12:55,1920
2020-07-29 13:00,1939
2020-07-29 13:05,1956
2020-07-29 13:10,1959
2020-07-29 13:15,1974
2020-07-29 13:20,1976
2020-07-29 13:25,1968
2020-07-29 13:30,1981
2020-07-29 13:35,2004
2020-07-29 13:40,1998
2020-07-29 13:45,2001
2020-07-29 13:50,2027
2020-07-29 13:55,2036
2020-07-29 14:00,2053
2020-07-29 14:05,2059
2020-07-29 14:10,2057
2020-07-29 14:15,2061
2020-07-29 14:20,2104
2020-07-29 14:25,2127
2020-07-29 14:30,2142
2020-07-29 14:35,2163
2020-07-29 14:40,2149
2020-07-29 14:45,2178
2020-07-29 14:50,2187
2020-07-29 14:55,2190
2020-07-29 15:00,2182
2020-07-29 15:05,2191
2020-07-29 15:10,2199
2020-07-29 15:15,2232
2020-07-29 15:20,2265
2020-07-29 15:25,2276
2020-07-29 15:30,2287
2020-07-29 15:35,2270
2020-07-29 15:40,2282
2020-07-29 15:45,2288
2020-07-29 15:50,2319
2020-07-29 15:55,2331
2020-07-29 16:00,2328
2020-07-29 16:05,2339
2020-07-29 16:10,2365
2020-07-29 16:15,2351
2020-07-29 16:20,2381
2020-07-29 16:25,2396
2020-07-29 16:30,2414
2020-07-29 16:35,
2020-07-29 16:40,2443
2020-07-29 16:45,2460
2020-07-29 16:50,2470
2020-07-29 16:55,2475
2020-07-29 17:00,2488
2020-07-29 17:05,2496
2020-07-29 17:10,2478
2020-07-29 17:15,2498
2020-07-29 17:20,2498
2020-07-29 17:25,2517
2020-07-29 17:30,2520
2020-07-29 17:35,2527
2020-07-29 17:40,2508
2020-07-29 17:45,2543
2020-07-29 17:50,2536
2020-07-29 17:55,2565
2020-07-29 18:00,2561
2020-07-29 18:05,2550
2020-07-29 18:10,2579
2020-07-29 18:15,2557
2020-07-29 18:20,2557
2020-07-29 18:25,2574
2020-07-29 18:30,2569
2020-07-29 18:35,2590
2020-07-29 18:40,2619
2020-07-29 18:45,2627
2020-07-29 18:50,2628
2020-07-29 18:55,2644
2020-07-29 19:00,2660
2020-07-29 19:05,2661
2020-07-29 19:10,2645
2020-07-29 19:15,2652
2020-07-29 19:20,2652
2020-07-29 19:25,2657
2020-07-29 19:30,2649
2020-07-29 19:35,2644
2020-07-29 19:40,2646
2020-07-29 19:45,2676
2020-07-29 19:50,2688
2020-07-29 19:55,2657
2020-07-29 20:00,2660
2020-07-29 20:05,2632
2020-07-29 20:10,2631
2020-07-29 20:15,2626
2020-07-29 20:20,2589
2020-07-29 20:25,2588
2020-07-29 20:30,2554
2020-07-29 20:35,2529
2020-07-29 20:40,2516
2020-07-29 20:45,2500
2020-07-29 20:50,2477
2020-07-29 20:55,2464
2020-07-29 21:00,2437
2020-07-29 21:05,2412
2020-07-29 21:10,2408
2020-07-29 21:15,2400
2020-07-29 21:20,2397
2020-07-29 21:25,2366
2020-07-29 21:30,2337
2020-07-29 21:35,2310
2020-07-29 21:40,2288
2020-07-29 21:45,2242
2020-07-29 21:50,2235
2020-07-29 21:55,2245
2020-07-29 22:00,2224
2020-07-29 22:05,2207
2020-07-29 22:10,2218
2020-07-29 22:15,2196
2020-07-29 22:20,2168
2020-07-29 22:25,2161
2020-07-29 22:30,2127
2020-07-29 22:35,2116
2020-07-29 22:40,2104
2020-07-29 22:45,2072
2020-07-29 22:50,2075
2020-07-29 22:55,2078
2020-07-29 23:00,2068
2020-07-29 23:05,2043
2020-07-29 23:10,2009
2020-07-29 23:15,2019
2020-07-29 23:20,2011
2020-07-29 23:25,2002
2020-07-29 23:30,2004
2020-07-29 23:35,
2020-07-29 23:40,1980
2020-07-29 23:45,2006
2020-07-29 23:50,1980
2020-07-29 23:55,1958
2020-07-30 00:00,1952
2020-07-30 00:05,1946
2020-07-30 00:10,1949
2020-07-30 00:15,1931
2020-07-30 00:20,1922
2020-07-30 00:25,1929
2020-07-30 00:30,1932
2020-07-30 00:35,1921
2020-07-30 00:40,1901
2020-07-30 00:45,1905
2020-07-30 00:50,1892
2020-07-30 00:55,1890
2020-07-30 01:00,1882
2020-07-30 01:05,1877
2020-07-30 01:10,1885
2020-07-30 01:15,1879
2020-07-30 01:20,1846
2020-07-30 01:25,1853
2020-07-30 01:30,1847
2020-07-30 01:35,1852
2020-07-30 01:40,1831
2020-07-30 01:45,1836
2020-07-30 01:50,1830
2020-07-30 01:55,1828
2020-07-30 02:00,1798
2020-07-30 02:05,1768
2020-07-30 02:10,1755
2020-07-30 02:15,1743
2020-07-30 02:20,1733
2020-07-30 02:25,1734
2020-07-30 02:30,1727
2020-07-30 02:35,1731
2020-07-30 02:40,1733
2020-07-30 02:45,1718
2020-07-30 02:50,1703
2020-07-30 02:55,1695
2020-07-30 03:00,1682
2020-07-30 03:05,1640
2020-07-30 03:10,1625
2020-07-30 03:15,1604
2020-07-30 03:20,1592
2020-07-30 03:25,1585
2020-07-30 03:30,1556
2020-07-30 03:35,1556
2020-07-30 03:40,1541
2020-07-30 03:45,1525
2020-07-30 03:50,1515
2020-07-30 03:55,1479
2020-07-30 04:00,1474
2020-07-30 04:05,1438
2020-07-30 04:10,1413
2020-07-30 04:15,1409
2020-07-30 04:20,1397
2020-07-30 04:25,1378
2020-07-30 04:30,1366
2020-07-30 04:35,1348
2020-07-30 04:40,1357
2020-07-30 04:45,1335
2020-07-30 04:50,1335
2020-07-30 04:55,1343
2020-07-30 05:00,1308
2020-07-30 05:05,1286
2020-07-30 05:10,1278
2020-07-30 05:15,1275
2020-07-30 05:20,1269
2020-07-30 05:25,1257
2020-07-30 05:30,1248
2020-07-30 05:35,1233
2020-07-30 05:40,1231
2020-07-30 05:45,1230
2020-07-30 05:50,1222
2020-07-30 05:55,1222
2020-07-30 06:00,1219
2020-07-30 06:05,1206
2020-07-30 06:10,1195
2020-07-30 06:15,1197
2020-07-30 06:20,1197
2020-07-30 06:25,1192
2020-07-30 06:30,1192
2020-07-30 06:35,1194
2020-07-30 06:40,1195
2020-07-30 06:45,1193
2020-07-30 06:50,1207
2020-07-30 06:55,1193
2020-07-30 07:00,1217
2020-07-30 07:05,1198
2020-07-30 07:10,1193
2020-07-30 07:15,1214
2020-07-30 07:20,1202
2020-07-30 07:25,1198
2020-07-30 07:30,1189
2020-07-30 07:35,1188
2020-07-30 07:40,1189
2020-07-30 07:45,1186
2020-07-30 07:50,1191
2020-07-30 07:55,1181
2020-07-30 08:00,1171
2020-07-30 08:05,1171
2020-07-30 08:10,1177
2020-07-30 08:15,1188
2020-07-30 08:20,1193
2020-07-30 08:25,1198
2020-07-30 08:30,1218
2020-07-30 08:35,1214
2020-07-30 08:40,1227
2020-07-30 08:45,1240
2020-07-30 08:50,1258
2020-07-30 08:55,1286
2020-07-30 09:00,1300
2020-07-30 09:05,1320
2020-07-30 09:10,1327
2020-07-30 09:15,1336
2020-07-30 09:20,1340
2020-07-30 09:25,1375
2020-07-30 09:30,1395
2020-07-30 09:35,1399
2020-07-30 09:40,1388
2020-07-30 09:45,1383
2020-07-30 09:50,1395
2020-07-30 09:55,1429
2020-07-30 10:00,1472
2020-07-30 10:05,1509
2020-07-30 10:10,1538
2020-07-30 10:15,1544
2020-07-30 10:20,1560
2020-07-30 10:25,1577
2020-07-30 10:30,1595
2020-07-30 10:35,1605
2020-07-30 10:40,1626
2020-07-30 10:45,1639
2020-07-30 10:50,1641
2020-07-30 10:55,1637
2020-07-30 11:00,1642
2020-07-30 11:05,1624
2020-07-30 11:10,1628
2020-07-30 11:15,1642
2020-07-30 11:20,1652
2020-07-30 11:25,1675
2020-07-30 11:30,1682
2020-07-30 11:35,1710
2020-07-30 11:40,1708
2020-07-30 11:45,1712
2020-07-30 11:50,1730
2020-07-30 11:55,1742
2020-07-30 12:00,1747
2020-07-30 12:05,1770
2020-07-30 12:10,1789
2020-07-30 12:15,1804
2020-07-30 12:20,1805
2020-07-30 12:25,1811
2020-07-30 12:30,1824
2020-07-30 12:35,1845
2020-07-30 12:40,1853
2020-07-30 12:45,1848
2020-07-30 12:50,1842
2020-07-30 12:55,1884
2020-07-30 13:00,1890
2020-07-30 13:05,1909
2020-07-30 13:10,1909
2020-07-30 13:15,1907
2020-07-30 13:20,1883
2020-07-30 13:25,1896
2020-07-30 13:30,1898
2020-07-30 13:35,1905
2020-07-30 13:40,1929
2020-07-30 13:45,1942
2020-07-30 13:50,1982
2020-07-30 13:55,1977
2020-07-30 14:00,1981
2020-07-30 14:05,1989
2020-07-30 14:10,1995
2020-07-30 14:15,2008
2020-07-30 14:20,2022
2020-07-30 14:25,2017
2020-07-30 14:30,2007
2020-07-30 14:35,2013
2020-07-30 14:40,2018
2020-07-30 14:45,2019
2020-07-30 14:50,2024
2020-07-30 14:55,2018
2020-07-30 15:00,2038
2020-07-30 15:05,2043
2020-07-30 15:10,2060
2020-07-30 15:15,2070
2020-07-30 15:20,2105
2020-07-30 15:25,2123
2020-07-30 15:30,2144
2020-07-30 15:35,2167
2020-07-30 15:40,2177
2020-07-30 15:45,2190
2020-07-30 15:50,2208
2020-07-30 15:55,
2020-07-30 16:00,2232
2020-07-30 16:05,2242
2020-07-30 16:10,2279
2020-07-30 16:15,2294
2020-07-30 16:20,2312
2020-07-30 16:25,2300
2020-07-30 16:30,2316
2020-07-30 16:35,2340
2020-07-30 16:40,2376
2020-07-30 16:45,2392
2020-07-30 16:50,2415
2020-07-30 16:55,2410
2020-07-30 17:00,2421
2020-07-30 17:05,2449
2020-07-30 17:10,2453
2020-07-30 17:15,2483
2020-07-30 17:20,2490
2020-07-30 17:25,2500
2020-07-30 17:30,2521
2020-07-30 17:35,2530
2020-07-30 17:40,2543
2020-07-30 17:45,2532
2020-07-30 17:50,2534
2020-07-30 17:55,2555
2020-07-30 18:00,2569
2020-07-30 18:05,2529
2020-07-30 18:10,2518
2020-07-30 18:15,2520
2020-07-30 18:20,2539
2020-07-30 18:25,2556
2020-07-30 18:30,2540
2020-07-30 18:35,2539
2020-07-30 18:40,2536
2020-07-30 18:45,2537
2020-07-30 18:50,2518
2020-07-30 18:55,2521
2020-07-30 19:00,2536
2020-07-30 19:05,2531
2020-07-30 19:10,2519
2020-07-30 19:15,2515
2020-07-30 19:20,2502
2020-07-30 19:25,2509
2020-07-30 19:30,2511
2020-07-30 19:35,2523
2020-07-30 19:40,2509
2020-07-30 19:45,2509
2020-07-30 19:50,2508
2020-07-30 19:55,2505
2020-07-30 20:00,2483
2020-07-30 20:05,2475
2020-07-30 20:10,2457
2020-07-30 20:15,2452
2020-07-30 20:20,2463
2020-07-30 20:25,2445
2020-07-30 20:30,2431
2020-07-30 20:35,2419
2020-07-30 20:40,2429
2020-07-30 20:45,2452
2020-07-30 20:50,2453
2020-07-30 20:55,2442
2020-07-30 21:00,2441
2020-07-30 21:05,2395
2020-07-30 21:10,2402
2020-07-30 21:15,2382
2020-07-30 21:20,2366
2020-07-30 21:25,2350
2020-07-30 21:30,2346
2020-07-30 21:35,2326
2020-07-30 21:40,2304
2020-07-30 21:45,2264
2020-07-30 21:50,2270
2020-07-30 21:55,2246
2020-07-30 22:00,2225
2020-07-30 22:05,2213
2020-07-30 22:10,2187
2020-07-30 22:15,2181
2020-07-30 22:20,2149
2020-07-30 22:25,2138
2020-07-30 22:30,2133
2020-07-30 22:35,2135
2020-07-30 22:40,2117
2020-07-30 22:45,2120
2020-07-30 22:50,2111
2020-07-30 22:55,2096
2020-07-30 23:00,2076
2020-07-30 23:05,2069
2020-07-30 23:10,2061
2020-07-30 23:15,2045
2020-07-30 23:20,2029
2020-07-30 23:25,2023
2020-07-30 23:30,2008
2020-07-30 23:35,1987
2020-07-30 23:40,1970
2020-07-30 23:45,1944
2020-07-30 23:50,1939
2020-07-30 23:55,1915
2020-07-31 00:00,1911
2020-07-31 00:05,1879
2020-07-31 00:10,1876
2020-07-31 00:15,1865
2020-07-31 00:20,1874
2020-07-31 00:25,1859
2020-07-31 00:30,1850
2020-07-31 00:35,1830
2020-07-31 00:40,1816
2020-07-31 00:45,1814
2020-07-31 00:50,1816
2020-07-31 00:55,1796
2020-07-31 01:00,1768
2020-07-31 01:05,1767
2020-07-31 01:10,1765
2020-07-31 01:15,1770
2020-07-31 01:20,1743
2020-07-31 01:25,1734
2020-07-31 01:30,1738
2020-07-31 01:35,1725
2020-07-31 01:40,1716
2020-07-31 01:45,1709
2020-07-31 01:50,1692
2020-07-31 01:55,1697
2020-07-31 02:00,1692
2020-07-31 02:05,1702
2020-07-31 02:10,1692
2020-07-31 02:15,1687
2020-07-31 02:20,1662
2020-07-31 02:25,1660
2020-07-31 02:30,1669
2020-07-31 02:35,1631
2020-07-31 02:40,1628
2020-07-31 02:45,1609
2020-07-31 02:50,1602
2020-07-31 02:55,1588
2020-07-31 03:00,1563
2020-07-31 03:05,1562
2020-07-31 03:10,1548
2020-07-31 03:15,1529
2020-07-31 03:20,1505
2020-07-31 03:25,1503
2020-07-31 03:30,1483
2020-07-31 03:35,1478
2020-07-31 03:40,1469
2020-07-31 03:45,1452
2020-07-31 03:50,1425
2020-07-31 03:55,1431
2020-07-31 04:00,1435
2020-07-31 04:05,1400
2020-07-31 04:10,1389
2020-07-31 04:15,1367
2020-07-31 04:20,1347
2020-07-31 04:25,1356
2020-07-31 04:30,1338
2020-07-31 04:35,1321
2020-07-31 04:40,1303
2020-07-31 04:45,1293
2020-07-31 04:50,1285
2020-07-31 04:55,1269
2020-07-31 05:00,1259
2020-07-31 05:05,1257
2020-07-31 05:10,1228
2020-07-31 05:15,1240
2020-07-31 05:20,1239
2020-07-31 05:25,1219
2020-07-31 05:30,1208
2020-07-31 05:35,1207
2020-07-31 05:40,1202
2020-07-31 05:45,1202
2020-07-31 05:50,1189
2020-07-31 05:55,1185
2020-07-31 06:00,1180
2020-07-31 06:05,1171
2020-07-31 06:10,1171
2020-07-31 06:15,1178
2020-07-31 06:20,1186
2020-07-31 06:25,1173
2020-07-31 06:30,1169
2020-07-31 06:35,1168
2020-07-31 06:40,1171
2020-07-31 06:45,1179
2020-07-31 06:50,1167
2020-07-31 06:55,1172
2020-07-31 07:00,1165
2020-07-31 07:05,1173
2020-07-31 07:10,1171
2020-07-31 07:15,1167
2020-07-31 07:20,1165
2020-07-31 07:25,1162
2020-07-31 07:30,1159
2020-07-31 07:35,1177
2020-07-31 07:40,1180
2020-07-31 07:45,1171
2020-07-31 07:50,1187
2020-07-31 07:55,1200
2020-07-31 08:00,1194
2020-07-31 08:05,1190
2020-07-31 08:10,1202
2020-07-31 08:15,1224
2020-07-31 08:20,1244
2020-07-31 08:25,1253
2020-07-31 08:30,1253
2020-07-31 08:35,1286
2020-07-31 08:40,1284
2020-07-31 08:45,1291
2020-07-31 08:50,1286
2020-07-31 08:55,1291
2020-07-31 09:00,1291
2020-07-31 09:05,1298
2020-07-31 09:10,1309
2020-07-31 09:15,1332
2020-07-31 09:20,1335
2020-07-31 09:25,1341
2020-07-31 09:30,1358
2020-07-31 09:35,1370
2020-07-31 09:40,1376
2020-07-31 09:45,1385
2020-07-31 09:50,1393
2020-07-31 09:55,1398
2020-07-31 10:00,1420
2020-07-31 10:05,1460
2020-07-31 10:10,1464
2020-07-31 10:15,1467
2020-07-31 10:20,1481
2020-07-31 10:25,1501
2020-07-31 10:30,1517
2020-07-31 10:35,1537
2020-07-31 10:40,1556
2020-07-31 10:45,1589
2020-07-31 10:50,1597
2020-07-31 10:55,1589
2020-07-31 11:00,1602
2020-07-31 11:05,1580
2020-07-31 11:10,1592
2020-07-31 11:15,1607
2020-07-31 11:20,1590
2020-07-31 11:25,1596
2020-07-31 11:30,1605
2020-07-31 11:35,1633
2020-07-31 11:40,1633
2020-07-31 11:45,1650
2020-07-31 11:50,1656
2020-07-31 11:55,1669
2020-07-31 12:00,1668
2020-07-31 12:05,1679
2020-07-31 12:10,1705
2020-07-31 12:15,1709
2020-07-31 12:20,1728
2020-07-31 12:25,1737
2020-07-31 12:30,1746
2020-07-31 12:35,1756
2020-07-31 12:40,1786
2020-07-31 12:45,1803
2020-07-31 12:50,1809
2020-07-31 12:55,1808
2020-07-31 13:00,1832
2020-07-31 13:05,1823
2020-07-31 13:10,1824
2020-07-31 13:15,1834
2020-07-31 13:20,1825
2020-07-31 13:25,1831
2020-07-31 13:30,1823
2020-07-31 13:35,1799
2020-07-31 13:40,1799
2020-07-31 13:45,1765
2020-07-31 13:50,1733
2020-07-31 13:55,1661
2020-07-31 14:00,1414
2020-07-31 14:05,995
2020-07-31 14:10,968
2020-07-31 14:15,970
2020-07-31 14:20,974
2020-07-31 14:25,999
2020-07-31 14:30,1000
2020-07-31 14:35,1013
2020-07-31 14:40,1025
2020-07-31 14:45,1030
2020-07-31 14:50,1036
2020-07-31 14:55,1031
2020-07-31 15:00,1053
2020-07-31 15:05,1059
2020-07-31 15:10,1085
2020-07-31 15:15,1101
2020-07-31 15:20,1119
2020-07-31 15:25,1131
2020-07-31 15:30,1149
2020-07-31 15:35,1166
2020-07-31 15:40,1179
2020-07-31 15:45,1194
2020-07-31 15:50,1224
2020-07-31 15:55,1298
2020-07-31 16:00,1458
2020-07-31 16:05,1637
2020-07-31 16:10,1791
2020-07-31 16:15,1884
2020-07-31 16:20,1953
2020-07-31 16:25,2070
2020-07-31 16:30,2165
2020-07-31 16:35,2222
2020-07-31 16:40,2270
2020-07-31 16:45,2292
2020-07-31 16:50,2334
2020-07-31 16:55,2356
2020-07-31 17:00,2379
2020-07-31 17:05,2413
2020-07-31 17:10,2435
2020-07-31 17:15,2443
2020-07-31 17:20,2447
2020-07-31 17:25,2441
2020-07-31 17:30,2455
2020-07-31 17:35,2485
2020-07-31 17:40,2495
2020-07-31 17:45,2505
2020-07-31 17:50,2522
2020-07-31 17:55,2527
2020-07-31 18:00,2536
2020-07-31 18:05,2551
2020-07-31 18:10,2533
2020-07-31 18:15,2561
2020-07-31 18:20,2577
2020-07-31 18:25,2576
2020-07-31 18:30,2568
2020-07-31 18:35,2565
2020-07-31 18:40,2554
2020-07-31 18:45,2570
2020-07-31 18:50,2600
2020-07-31 18:55,2606
2020-07-31 19:00,2611
2020-07-31 19:05,2602
2020-07-31 19:10,2627
2020-07-31 19:15,2627
2020-07-31 19:20,2632
2020-07-31 19:25,2630
2020-07-31 19:30,2625
2020-07-31 19:35,2625
2020-07-31 19:40,2633
2020-07-31 19:45,2626
2020-07-31 19:50,2636
2020-07-31 19:55,2597
2020-07-31 20:00,2597
2020-07-31 20:05,2597
2020-07-31 20:10,2615
2020-07-31 20:15,2593
2020-07-31 20:20,2585
2020-07-31 20:25,2571
2020-07-31 20:30,2568
2020-07-31 20:35,2536
2020-07-31 20:40,2529
2020-07-31 20:45,2530
2020-07-31 20:50,2547
2020-07-31 20:55,2535
2020-07-31 21:00,2517
2020-07-31 21:05,2474
2020-07-31 21:10,2467
2020-07-31 21:15,2482
2020-07-31 21:20,2472
2020-07-31 21:25,2437
2020-07-31 21:30,2440
2020-07-31 21:35,2421
2020-07-31 21:40,2416
2020-07-31 21:45,2384
2020-07-31 21:50,2371
2020-07-31 21:55,2358
2020-07-31 22:00,2323
2020-07-31 22:05,2292
2020-07-31 22:10,2287
2020-07-31 22:15,2280
2020-07-31 22:20,2257
2020-07-31 22:25,2239
2020-07-31 22:30,2212
2020-07-31 22:35,2197
2020-07-31 22:40,2179
2020-07-31 22:45,2171
2020-07-31 22:50,2127
2020-07-31 22:55,2117
2020-07-31 23:00,2091
2020-07-31 23:05,2086
2020-07-31 23:10,2084
2020-07-31 23:15,2060
2020-07-31 23:20,2031
2020-07-31 23:25,2018
2020-07-31 23:30,1996
2020-07-31 23:35,2005
2020-07-31 23:40,2000
2020-07-31 23:45,1957
2020-07-31 23:50,1939
2020-07-31 23:55,1929
2020-08-01 00:00,1903
2020-08-01 00:05,1903
2020-08-01 00:10,1888
2020-08-01 00:15,1894
2020-08-01 00:20,1877
2020-08-01 00:25,1860
2020-08-01 00:30,1858
2020-08-01 00:35,1862
2020-08-01 00:40,1864
2020-08-01 00:45,1877
2020-08-01 00:50,1863
2020-08-01 00:55,1846
2020-08-01 01:00,1832
2020-08-01 01:05,1841
2020-08-01 01:10,1843
2020-08-01 01:15,1835
2020-08-01 01:20,1838
2020-08-01 01:25,1848
2020-08-01 01:30,1829
2020-08-01 01:35,1830
2020-08-01 01:40,1810
2020-08-01 01:45,1812
2020-08-01 01:50,1799
2020-08-01 01:55,1796
2020-08-01 02:00,1811
2020-08-01 02:05,1803
2020-08-01 02:10,1806
2020-08-01 02:15,1802
2020-08-01 02:20,1812
2020-08-01 02:25,1797
2020-08-01 02:30,1805
2020-08-01 02:35,1796
2020-08-01 02:40,1755
2020-08-01 02:45,1742
2020-08-01 02:50,1720
2020-08-01 02:55,1720
2020-08-01 03:00,1708
2020-08-01 03:05,1704
2020-08-01 03:10,1695
2020-08-01 03:15,1680
2020-08-01 03:20,1649
2020-08-01 03:25,1623
2020-08-01 03:30,1617
2020-08-01 03:35,1607
2020-08-01 03:40,1606
2020-08-01 03:45,1578
2020-08-01 03:50,1573
2020-08-01 03:55,1570
2020-08-01 04:00,1565
2020-08-01 04:05,1573
2020-08-01 04:10,1567
2020-08-01 04:15,1567
2020-08-01 04:20,1554
2020-08-01 04:25,1527
2020-08-01 04:30,1519
2020-08-01 04:35,1495
2020-08-01 04:40,1485
2020-08-01 04:45,1471
2020-08-01 04:50,1469
2020-08-01 04:55,1455
2020-08-01 05:00,1432
2020-08-01 05:05,1415
2020-08-01 05:10,1399
2020-08-01 05:15,1389
2020-08-01 05:20,1388
2020-08-01 05:25,1376
2020-08-01 05:30,1373
2020-08-01 05:35,1363
2020-08-01 05:40,1352
2020-08-01 05:45,1369
2020-08-01 05:50,1360
2020-08-01 05:55,1364
2020-08-01 06:00,1362
2020-08-01 06:05,1348
2020-08-01 06:10,1344
2020-08-01 06:15,1330
2020-08-01 06:20,1324
2020-08-01 06:25,1312
2020-08-01 06:30,1330
2020-08-01 06:35,1340
2020-08-01 06:40,1372
2020-08-01 06:45,1363
2020-08-01 06:50,1348
2020-08-01 06:55,1364
2020-08-01 07:00,1403
2020-08-01 07:05,1422
2020-08-01 07:10,1421
2020-08-01 07:15,1410
2020-08-01 07:20,1429
2020-08-01 07:25,1439
2020-08-01 07:30,1443
2020-08-01 07:35,1451
2020-08-01 07:40,1461
2020-08-01 07:45,1477
2020-08-01 07:50,1495
2020-08-01 07:55,1491
2020-08-01 08:00,1485
2020-08-01 08:05,1490
2020-08-01 08:10,1506
2020-08-01 08:15,1509
2020-08-01 08:20,1521
2020-08-01 08:25,1531
2020-08-01 08:30,1541
2020-08-01 08:35,1542
2020-08-01 08:40,1551
2020-08-01 08:45,1552
2020-08-01 08:50,1560
2020-08-01 08:55,1582
2020-08-01 09:00,1604
2020-08-01 09:05,1600
2020-08-01 09:10,1609
2020-08-01 09:15,1621
2020-08-01 09:20,1636
2020-08-01 09:25,1647
2020-08-01 09:30,1658
2020-08-01 09:35,1665
2020-08-01 09:40,1683
2020-08-01 09:45,1669
2020-08-01 09:50,1699
2020-08-01 09:55,1720
2020-08-01 10:00,1731
2020-08-01 10:05,1763
2020-08-01 10:10,1768
2020-08-01 10:15,1782
2020-08-01 10:20,1790
2020-08-01 10:25,1813
2020-08-01 10:30,1818
2020-08-01 10:35,1846
2020-08-01 10:40,1848
2020-08-01 10:45,1860
2020-08-01 10:50,1866
2020-08-01 10:55,1872
2020-08-01 11:00,1877
2020-08-01 11:05,1898
2020-08-01 11:10,1903
2020-08-01 11:15,1929
2020-08-01 11:20,1916
2020-08-01 11:25,1944
2020-08-01 11:30,1950
2020-08-01 11:35,1968
2020-08-01 11:40,1955
2020-08-01 11:45,1972
2020-08-01 11:50,1998
2020-08-01 11:55,2003
2020-08-01 12:00,2026
2020-08-01 12:05,2030
2020-08-01 12:10,2055
2020-08-01 12:15,2062
2020-08-01 12:20,2069
2020-08-01 12:25,2061
2020-08-01 12:30,2077
2020-08-01 12:35,2078
2020-08-01 12:40,2081
2020-08-01 12:45,2103
2020-08-01 12:50,2114
2020-08-01 12:55,2127
2020-08-01 13:00,2148
2020-08-01 13:05,2138
2020-08-01 13:10,2153
2020-08-01 13:15,2164
2020-08-01 13:20,2176
2020-08-01 13:25,2199
2020-08-01 13:30,2204
2020-08-01 13:35,2199
2020-08-01 13:40,2195
2020-08-01 13:45,2186
2020-08-01 13:50,2207
2020-08-01 13:55,2203
2020-08-01 14:00,2218
2020-08-01 14:05,2221
2020-08-01 14:10,2242
2020-08-01 14:15,2281
2020-08-01 14:20,2291
2020-08-01 14:25,2282
2020-08-01 14:30,2322
2020-08-01 14:35,2339
2020-08-01 14:40,2318
2020-08-01 14:45,2322
2020-08-01 14:50,2332
2020-08-01 14:55,2347
2020-08-01 15:00,2357
2020-08-01 15:05,2341
2020-08-01 15:10,2357
2020-08-01 15:15,2348
2020-08-01 15:20,2347
2020-08-01 15:25,2319
2020-08-01 15:30,2315
2020-08-01 15:35,2324
2020-08-01 15:40,2326
2020-08-01 15:45,2354
2020-08-01 15:50,2372
2020-08-01 15:55,2376
2020-08-01 16:00,2400
2020-08-01 16:05,2395
2020-08-01 16:10,2419
2020-08-01 16:15,2449
2020-08-01 16:20,2432
2020-08-01 16:25,2423
2020-08-01 16:30,2424
2020-08-01 16:35,2426
2020-08-01 16:40,2416
2020-08-01 16:45,2430
2020-08-01 16:50,2454
2020-08-01 16:55,2432
2020-08-01 17:00,2460
2020-08-01 17:05,2496
2020-08-01 17:10,2505
2020-08-01 17:15,2481
2020-08-01 17:20,2518
2020-08-01 17:25,2537
2020-08-01 17:30,2548
2020-08-01 17:35,2562
2020-08-01 17:40,2580
2020-08-01 17:45,2570
2020-08-01 17:50,2582
2020-08-01 17:55,2591
2020-08-01 18:00,2594
2020-08-01 18:05,2630
2020-08-01 18:10,2631
2020-08-01 18:15,2659
2020-08-01 18:20,2672
2020-08-01 18:25,2689
2020-08-01 18:30,2701
2020-08-01 18:35,2720
2020-08-01 18:40,2726
2020-08-01 18:45,2712
2020-08-01 18:50,2710
2020-08-01 18:55,2715
2020-08-01 19:00,2710
2020-08-01 19:05,2696
2020-08-01 19:10,2692
2020-08-01 19:15,2716
2020-08-01 19:20,2728
2020-08-01 19:25,2732
2020-08-01 19:30,2730
2020-08-01 19:35,2714
2020-08-01 19:40,2711
2020-08-01 19:45,2731
2020-08-01 19:50,2740
2020-08-01 19:55,2734
2020-08-01 20:00,2721
2020-08-01 20:05,2697
2020-08-01 20:10,2682
2020-08-01 20:15,2688
2020-08-01 20:20,2687
2020-08-01 20:25,2677
2020-08-01 20:30,2683
2020-08-01 20:35,2676
2020-08-01 20:40,2676
2020-08-01 20:45,2674
2020-08-01 20:50,2679
2020-08-01 20:55,2663
2020-08-01 21:00,2655
2020-08-01 21:05,2648
2020-08-01 21:10,2633
2020-08-01 21:15,2598
2020-08-01 21:20,2599
2020-08-01 21:25,2602
2020-08-01 21:30,2569
2020-08-01 21:35,2533
2020-08-01 21:40,2529
2020-08-01 21:45,2516
2020-08-01 21:50,2479
2020-08-01 21:55,2437
2020-08-01 22:00,2432
2020-08-01 22:05,2429
2020-08-01 22:10,2391
2020-08-01 22:15,2391
2020-08-01 22:20,2339
2020-08-01 22:25,2336
2020-08-01 22:30,2310
2020-08-01 22:35,2290
2020-08-01 22:40,2244
2020-08-01 22:45,2224
2020-08-01 22:50,2200
2020-08-01 22:55,2186
2020-08-01 23:00,2172
2020-08-01 23:05,2131
2020-08-01 23:10,2107
2020-08-01 23:15,2097
2020-08-01 23:20,2086
2020-08-01 23:25,2088
2020-08-01 23:30,2075
2020-08-01 23:35,2040
2020-08-01 23:40,2044
2020-08-01 23:45,2055
2020-08-01 23:50,2063
2020-08-01 23:55,2054
2020-08-02 00:00,2038
2020-08-02 00:05,2031
2020-08-02 00:10,2008
2020-08-02 00:15,2008
2020-08-02 00:20,2006
2020-08-02 00:25,2008
2020-08-02 00:30,1993
2020-08-02 00:35,1992
2020-08-02 00:40,1984
2020-08-02 00:45,1973
2020-08-02 00:50,1960
2020-08-02 00:55,1949
2020-08-02 01:00,1921
2020-08-02 01:05,1889
2020-08-02 01:10,1860
2020-08-02 01:15,1829
2020-08-02 01:20,1820
2020-08-02 01:25,1804
2020-08-02 01:30,1806
2020-08-02 01:35,1810
2020-08-02 01:40,1805
2020-08-02 01:45,1821
2020-08-02 01:50,1797
2020-08-02 01:55,1783
2020-08-02 02:00,1781
2020-08-02 02:05,1769
2020-08-02 02:10,1765
2020-08-02 02:15,1749
2020-08-02 02:20,1737
2020-08-02 02:25,1752
2020-08-02 02:30,1753
2020-08-02 02:35,1726
2020-08-02 02:40,1720
2020-08-02 02:45,1717
2020-08-02 02:50,1716
2020-08-02 02:55,1698
2020-08-02 03:00,1669
2020-08-02 03:05,1644
2020-08-02 03:10,1639
2020-08-02 03:15,1638
2020-08-02 03:20,1640
2020-08-02 03:25,1652
2020-08-02 03:30,1643
2020-08-02 03:35,1635
2020-08-02 03:40,1630
2020-08-02 03:45,1605
2020-08-02 03:50,1593
2020-08-02 03:55,1579
2020-08-02 04:00,1559
2020-08-02 04:05,1544
2020-08-02 04:10,1504
2020-08-02 04:15,1506
2020-08-02 04:20,1491
2020-08-02 04:25,1503
2020-08-02 04:30,1475
2020-08-02 04:35,1455
2020-08-02 04:40,1442
2020-08-02 04:45,1452
2020-08-02 04:50,1434
2020-08-02 04:55,1427
2020-08-02 05:00,1423
2020-08-02 05:05,1397
2020-08-02 05:10,1396
2020-08-02 05:15,1403
2020-08-02 05:20,1413
2020-08-02 05:25,1437
2020-08-02 05:30,1436
2020-08-02 05:35,1426
2020-08-02 05:40,1416
2020-08-02 05:45,1392
2020-08-02 05:50,1387
2020-08-02 05:55,1372
2020-08-02 06:00,1377
2020-08-02 06:05,1371
2020-08-02 06:10,1377
2020-08-02 06:15,1378
2020-08-02 06:20,1379
2020-08-02 06:25,1372
2020-08-02 06:30,1386
2020-08-02 06:35,1401
2020-08-02 06:40,1414
2020-08-02 06:45,1427
2020-08-02 06:50,1415
2020-08-02 06:55,1432
2020-08-02 07:00,1446
2020-08-02 07:05,1441
2020-08-02 07:10,1444
2020-08-02 07:15,1456
2020-08-02 07:20,1469
2020-08-02 07:25,1472
2020-08-02 07:30,1493
2020-08-02 07:35,1499
2020-08-02 07:40,1501
2020-08-02 07:45,1517
2020-08-02 07:50,1526
2020-08-02 07:55,1538
2020-08-02 08:00,1547
2020-08-02 08:05,1540
2020-08-02 08:10,1551
2020-08-02 08:15,1551
2020-08-02 08:20,1570
2020-08-02 08:25,1570
2020-08-02 08:30,1575
2020-08-02 08:35,1580
2020-08-02 08:40,1576
2020-08-02 08:45,1586
2020-08-02 08:50,1592
2020-08-02 08:55,1599
2020-08-02 09:00,1641
2020-08-02 09:05,1663
2020-08-02 09:10,1664
2020-08-02 09:15,1678
2020-08-02 09:20,1687
2020-08-02 09:25,1718
2020-08-02 09:30,1732
2020-08-02 09:35,1748
2020-08-02 09:40,1763
2020-08-02 09:45,1772
2020-08-02 09:50,1790
2020-08-02 09:55,1796
2020-08-02 10:00,1811
2020-08-02 10:05,1867
2020-08-02 10:10,1884
2020-08-02 10:15,1884
2020-08-02 10:20,1907
2020-08-02 10:25,1920
2020-08-02 10:30,1914
2020-08-02 10:35,1921
2020-08-02 10:40,1933
2020-08-02 10:45,1953
2020-08-02 10:50,1975
2020-08-02 10:55,1969
2020-08-02 11:00,1970
2020-08-02 11:05,1972
2020-08-02 11:10,1978
2020-08-02 11:15,1984
2020-08-02 11:20,1981
2020-08-02 11:25,1999
2020-08-02 11:30,2005
2020-08-02 11:35,2031
2020-08-02 11:40,2050
2020-08-02 11:45,2032
2020-08-02 11:50,2051
2020-08-02 11:55,2050
2020-08-02 12:00,2056
2020-08-02 12:05,2066
2020-08-02 12:10,2050
2020-08-02 12:15,2058
2020-08-02 12:20,2077
2020-08-02 12:25,2105
2020-08-02 12:30,2113
2020-08-02 12:35,2107
2020-08-02 12:40,2122
2020-08-02 12:45,2145
2020-08-02 12:50,2149
2020-08-02 12:55,2159
2020-08-02 13:00,2186
2020-08-02 13:05,2211
2020-08-02 13:10,2234
2020-08-02 13:15,2242
2020-08-02 13:20,2256
2020-08-02 13:25,2267
2020-08-02 13:30,2269
2020-08-02 13:35,2273
2020-08-02 13:40,2305
2020-08-02 13:45,2348
2020-08-02 13:50,2364
2020-08-02 13:55,2383
2020-08-02 14:00,2393
2020-08-02 14:05,2430
2020-08-02 14:10,2452
2020-08-02 14:15,2466
2020-08-02 14:20,2490
2020-08-02 14:25,2489
2020-08-02 14:30,2508
2020-08-02 14:35,2513
2020-08-02 14:40,2528
2020-08-02 14:45,2538
2020-08-02 14:50,2546
2020-08-02 14:55,2545
2020-08-02 15:00,2540
2020-08-02 15:05,2530
2020-08-02 15:10,2521
2020-08-02 15:15,2542
2020-08-02 15:20,2547
2020-08-02 15:25,
2020-08-02 15:30,2579
2020-08-02 15:35,2568
2020-08-02 15:40,2572
2020-08-02 15:45,2609
2020-08-02 15:50,2622
2020-08-02 15:55,2639
2020-08-02 16:00,2646
2020-08-02 16:05,2668
2020-08-02 16:10,2705
2020-08-02 16:15,2721
2020-08-02 16:20,2734
2020-08-02 16:25,2748
2020-08-02 16:30,2745
2020-08-02 16:35,2807
2020-08-02 16:40,2816
2020-08-02 16:45,2789
2020-08-02 16:50,2816
2020-08-02 16:55,2863
2020-08-02 17:00,2842
2020-08-02 17:05,2847
2020-08-02 17:10,2861
2020-08-02 17:15,2871
2020-08-02 17:20,2876
2020-08-02 17:25,2866
2020-08-02 17:30,2885
2020-08-02 17:35,2915
2020-08-02 17:40,2909
2020-08-02 17:45,2916
2020-08-02 17:50,2928
2020-08-02 17:55,2937
2020-08-02 18:00,2923
2020-08-02 18:05,2947
2020-08-02 18:10,2927
2020-08-02 18:15,2935
2020-08-02 18:20,2954
2020-08-02 18:25,2959
2020-08-02 18:30,2974
2020-08-02 18:35,3005
2020-08-02 18:40,3033
2020-08-02 18:45,3006
2020-08-02 18:50,3008
2020-08-02 18:55,3024
2020-08-02 19:00,3017
2020-08-02 19:05,3016
2020-08-02 19:10,3031
2020-08-02 19:15,3023
2020-08-02 19:20,2991
2020-08-02 19:25,2992
2020-08-02 19:30,2981
2020-08-02 19:35,2958
2020-08-02 19:40,2970
2020-08-02 19:45,2960
2020-08-02 19:50,2952
2020-08-02 19:55,2956
2020-08-02 20:00,2962
2020-08-02 20:05,2928
2020-08-02 20:10,2907
2020-08-02 20:15,2874
2020-08-02 20:20,2850
2020-08-02 20:25,2838
2020-08-02 20:30,2830
2020-08-02 20:35,2831
2020-08-02 20:40,2794
2020-08-02 20:45,2765
2020-08-02 20:50,2741
2020-08-02 20:55,2719
2020-08-02 21:00,2681
2020-08-02 21:05,2654
2020-08-02 21:10,2648
2020-08-02 21:15,2624
2020-08-02 21:20,2570
2020-08-02 21:25,2538
2020-08-02 21:30,2534
2020-08-02 21:35,2502
2020-08-02 21:40,2507
2020-08-02 21:45,2466
2020-08-02 21:50,2458
2020-08-02 21:55,2429
2020-08-02 22:00,2423
2020-08-02 22:05,2409
2020-08-02 22:10,2379
2020-08-02 22:15,2330
2020-08-02 22:20,2289
2020-08-02 22:25,2281
2020-08-02 22:30,2255
2020-08-02 22:35,2225
2020-08-02 22:40,2210
2020-08-02 22:45,2198
2020-08-02 22:50,2169
2020-08-02 22:55,2162
2020-08-02 23:00,2151
2020-08-02 23:05,2128
2020-08-02 23:10,2128
2020-08-02 23:15,2131
2020-08-02 23:20,2069
2020-08-02 23:25,2038
2020-08-02 23:30,2038
2020-08-02 23:35,2029
2020-08-02 23:40,2037
2020-08-02 23:45,2036
2020-08-02 23:50,2017
2020-08-02 23:55,2010
2020-08-03 00:00,1982
2020-08-03 00:05,1974
2020-08-03 00:10,1979
2020-08-03 00:15,1981
2020-08-03 00:20,1980
2020-08-03 00:25,1955
2020-08-03 00:30,1931
2020-08-03 00:35,1951
2020-08-03 00:40,1961
2020-08-03 00:45,1933
2020-08-03 00:50,1908
2020-08-03 00:55,1894
2020-08-03 01:00,1905
2020-08-03 01:05,1886
2020-08-03 01:10,1875
2020-08-03 01:15,1867
2020-08-03 01:20,1855
2020-08-03 01:25,1837
2020-08-03 01:30,1845
2020-08-03 01:35,1851
2020-08-03 01:40,1837
2020-08-03 01:45,1829
2020-08-03 01:50,1805
2020-08-03 01:55,1779
2020-08-03 02:00,1771
2020-08-03 02:05,1720
2020-08-03 02:10,1704
2020-08-03 02:15,1704
2020-08-03 02:20,1685
2020-08-03 02:25,1667
2020-08-03 02:30,1667
2020-08-03 02:35,1640
2020-08-03 02:40,1637
2020-08-03 02:45,1624
2020-08-03 02:50,1619
2020-08-03 02:55,1616
2020-08-03 03:00,1607
2020-08-03 03:05,1615
2020-08-03 03:10,1590
2020-08-03 03:15,1572
2020-08-03 03:20,1574
2020-08-03 03:25,1545
2020-08-03 03:30,1527
2020-08-03 03:35,1522
2020-08-03 03:40,1509
2020-08-03 03:45,1485
2020-08-03 03:50,1458
2020-08-03 03:55,1451
2020-08-03 04:00,1434
2020-08-03 04:05,1414
2020-08-03 04:10,1397
2020-08-03 04:15,1397
2020-08-03 04:20,1347
2020-08-03 04:25,1347
2020-08-03 04:30,1318
2020-08-03 04:35,1312
2020-08-03 04:40,1280
2020-08-03 04:45,1280
2020-08-03 04:50,1245
2020-08-03 04:55,1236
2020-08-03 05:00,1233
2020-08-03 05:05,1227
2020-08-03 05:10,1226
2020-08-03 05:15,1226
2020-08-03 05:20,1202
2020-08-03 05:25,1213
2020-08-03 05:30,1203
2020-08-03 05:35,1203
2020-08-03 05:40,1203
2020-08-03 05:45,1209
2020-08-03 05:50,1205
2020-08-03 05:55,1197
2020-08-03 06:00,1176
2020-08-03 06:05,1162
2020-08-03 06:10,1161
2020-08-03 06:15,1161
2020-08-03 06:20,1156
2020-08-03 06:25,1145
2020-08-03 06:30,1145
2020-08-03 06:35,1159
2020-08-03 06:40,1152
2020-08-03 06:45,1166
2020-08-03 06:50,1179
2020-08-03 06:55,1179
2020-08-03 07:00,1182
2020-08-03 07:05,1191
2020-08-03 07:10,1191
2020-08-03 07:15,1205
2020-08-03 07:20,1218
2020-08-03 07:25,1218
2020-08-03 07:30,1220
2020-08-03 07:35,1229
2020-08-03 07:40,1256
2020-08-03 07:45,1274
2020-08-03 07:50,1280
2020-08-03 07:55,1281
2020-08-03 08:00,1275
2020-08-03 08:05,1275
2020-08-03 08:10,1272
2020-08-03 08:15,1259
2020-08-03 08:20,1237
2020-08-03 08:25,1238
2020-08-03 08:30,1238
2020-08-03 08:35,1237
2020-08-03 08:40,1237
2020-08-03 08:45,1251
2020-08-03 08:50,1254
2020-08-03 08:55,1268
2020-08-03 09:00,1284
2020-08-03 09:05,1286
2020-08-03 09:10,1289
2020-08-03 09:15,1311
2020-08-03 09:20,1330
2020-08-03 09:25,1330
2020-08-03 09:30,1336
2020-08-03 09:35,1346
2020-08-03 09:40,1356
2020-08-03 09:45,1340
2020-08-03 09:50,1388
2020-08-03 09:55,1388
2020-08-03 10:00,1436
2020-08-03 10:05,1436
2020-08-03 10:10,1461
2020-08-03 10:15,1496
2020-08-03 10:20,1522
2020-08-03 10:25,
2020-08-03 10:30,1568
2020-08-03 10:35,1584
2020-08-03 10:40,1589
2020-08-03 10:45,1603
2020-08-03 10:50,1617
2020-08-03 10:55,1619
2020-08-03 11:00,1627
2020-08-03 11:05,1656
2020-08-03 11:10,1656
2020-08-03 11:15,1663
2020-08-03 11:20,1682
2020-08-03 11:25,1673
2020-08-03 11:30,1697
2020-08-03 11:35,1706
2020-08-03 11:40,1709
2020-08-03 11:45,1715
2020-08-03 11:50,1736
2020-08-03 11:55,1754
2020-08-03 12:00,1749
2020-08-03 12:05,1755
2020-08-03 12:10,1738
2020-08-03 12:15,1770
2020-08-03 12:20,1776
2020-08-03 12:25,1761
2020-08-03 12:30,1775
2020-08-03 12:35,1797
2020-08-03 12:40,1819
2020-08-03 12:45,1826
2020-08-03 12:50,1843
2020-08-03 12:55,1859
2020-08-03 13:00,1896
2020-08-03 13:05,1896
2020-08-03 13:10,1897
2020-08-03 13:15,1900
2020-08-03 13:20,1942
2020-08-03 13:25,1963
2020-08-03 13:30,1977
2020-08-03 13:35,2000
2020-08-03 13:40,2013
2020-08-03 13:45,1998
2020-08-03 13:50,2026
2020-08-03 13:55,2037
2020-08-03 14:00,2053
2020-08-03 14:05,2045
2020-08-03 14:10,2058
2020-08-03 14:15,2092
2020-08-03 14:20,2105
2020-08-03 14:25,2137
2020-08-03 14:30,2139
2020-08-03 14:35,2148
2020-08-03 14:40,2164
2020-08-03 14:45,2180
2020-08-03 14:50,2191
2020-08-03 14:55,2219
2020-08-03 15:00,2236
2020-08-03 15:05,2228
2020-08-03 15:10,2230
2020-08-03 15:15,2265
2020-08-03 15:20,2281
2020-08-03 15:25,2303
2020-08-03 15:30,2319
2020-08-03 15:35,2325
2020-08-03 15:40,2329
2020-08-03 15:45,2351
2020-08-03 15:50,2359
2020-08-03 15:55,2374
2020-08-03 16:00,2401
2020-08-03 16:05,2417
2020-08-03 16:10,2433
2020-08-03 16:15,2472
2020-08-03 16:20,2474
2020-08-03 16:25,2489
2020-08-03 16:30,2479
2020-08-03 16:35,2483
2020-08-03 16:40,2511
2020-08-03 16:45,2504
2020-08-03 16:50,2511
2020-08-03 16:55,2511
2020-08-03 17:00,2516
2020-08-03 17:05,2516
2020-08-03 17:10,2527
2020-08-03 17:15,2541
2020-08-03 17:20,2556
2020-08-03 17:25,2554
2020-08-03 17:30,2562
2020-08-03 17:35,2570
2020-08-03 17:40,2584
2020-08-03 17:45,2554
2020-08-03 17:50,2544
2020-08-03 17:55,2555
2020-08-03 18:00,2574
2020-08-03 18:05,2560
2020-08-03 18:10,2570
2020-08-03 18:15,2592
2020-08-03 18:20,2601
2020-08-03 18:25,2584
2020-08-03 18:30,2590
2020-08-03 18:35,2600
2020-08-03 18:40,2602
2020-08-03 18:45,2628
2020-08-03 18:50,2630
2020-08-03 18:55,2664
2020-08-03 19:00,2665
2020-08-03 19:05,2658
2020-08-03 19:10,2670
2020-08-03 19:15,2659
2020-08-03 19:20,2661
2020-08-03 19:25,2665
2020-08-03 19:30,2658
2020-08-03 19:35,2670
2020-08-03 19:40,2674
2020-08-03 19:45,2667
2020-08-03 19:50,2645
2020-08-03 19:55,2655
2020-08-03 20:00,2656
2020-08-03 20:05,2650
2020-08-03 20:10,2609
2020-08-03 20:15,2579
2020-08-03 20:20,2562
2020-08-03 20:25,2549
2020-08-03 20:30,2556
2020-08-03 20:35,2549
2020-08-03 20:40,2549
2020-08-03 20:45,2534
2020-08-03 20:50,2542
2020-08-03 20:55,2553
2020-08-03 21:00,2537
2020-08-03 21:05,2507
2020-08-03 21:10,2495
2020-08-03 21:15,2483
2020-08-03 21:20,2458
2020-08-03 21:25,2451
2020-08-03 21:30,2424
2020-08-03 21:35,2415
2020-08-03 21:40,2419
2020-08-03 21:45,2413
2020-08-03 21:50,2384
2020-08-03 21:55,2368
2020-08-03 22:00,2315
2020-08-03 22:05,2297
2020-08-03 22:10,2246
2020-08-03 22:15,2254
2020-08-03 22:20,2218
2020-08-03 22:25,2199
2020-08-03 22:30,2210
2020-08-03 22:35,2193
2020-08-03 22:40,2189
2020-08-03 22:45,2183
2020-08-03 22:50,2157
2020-08-03 22:55,2134
2020-08-03 23:00,2116
2020-08-03 23:05,2105
2020-08-03 23:10,2089
2020-08-03 23:15,2081
2020-08-03 23:20,2053
2020-08-03 23:25,2049
2020-08-03 23:30,2050
2020-08-03 23:35,2021
2020-08-03 23:40,2021
2020-08-03 23:45,1998
2020-08-03 23:50,2015
2020-08-03 23:55,2014
2020-08-04 00:00,2009
2020-08-04 00:05,2006
2020-08-04 00:10,1992
2020-08-04 00:15,1982
2020-08-04 00:20,1998
2020-08-04 00:25,1985
2020-08-04 00:30,1955
2020-08-04 00:35,1955
2020-08-04 00:40,1957
2020-08-04 00:45,1955
2020-08-04 00:50,1932
2020-08-04 00:55,1929
2020-08-04 01:00,1940
2020-08-04 01:05,1911
2020-08-04 01:10,1897
2020-08-04 01:15,1874
2020-08-04 01:20,1862
2020-08-04 01:25,1850
2020-08-04 01:30,1844
2020-08-04 01:35,1823
2020-08-04 01:40,1820
2020-08-04 01:45,1787
2020-08-04 01:50,1770
2020-08-04 01:55,1773
2020-08-04 02:00,1770
2020-08-04 02:05,1755
2020-08-04 02:10,1733
2020-08-04 02:15,1704
2020-08-04 02:20,1696
2020-08-04 02:25,1694
2020-08-04 02:30,1693
2020-08-04 02:35,1681
2020-08-04 02:40,1677
2020-08-04 02:45,1658
2020-08-04 02:50,1673
2020-08-04 02:55,1665
2020-08-04 03:00,1649
2020-08-04 03:05,1616
2020-08-04 03:10,1598
2020-08-04 03:15,1585
2020-08-04 03:20,1582
2020-08-04 03:25,1560
2020-08-04 03:30,1560
2020-08-04 03:35,1556
2020-08-04 03:40,1526
2020-08-04 03:45,1507
2020-08-04 03:50,1495
2020-08-04 03:55,1468
2020-08-04 04:00,1441
2020-08-04 04:05,1424
2020-08-04 04:10,1392
2020-08-04 04:15,1384
2020-08-04 04:20,1371
2020-08-04 04:25,1381
2020-08-04 04:30,1364
2020-08-04 04:35,1341
2020-08-04 04:40,1334
2020-08-04 04:45,1311
2020-08-04 04:50,1312
2020-08-04 04:55,1297
2020-08-04 05:00,1275
2020-08-04 05:05,1287
2020-08-04 05:10,1277
2020-08-04 05:15,1261
2020-08-04 05:20,1257
2020-08-04 05:25,1252
2020-08-04 05:30,1243
2020-08-04 05:35,1231
2020-08-04 05:40,1204
2020-08-04 05:45,1193
2020-08-04 05:50,1181
2020-08-04 05:55,1183
2020-08-04 06:00,1166
2020-08-04 06:05,1162
2020-08-04 06:10,1145
2020-08-04 06:15,1138
2020-08-04 06:20,1133
2020-08-04 06:25,1125
2020-08-04 06:30,1102
2020-08-04 06:35,1089
2020-08-04 06:40,1093
2020-08-04 06:45,1111
2020-08-04 06:50,1121
2020-08-04 06:55,1134
2020-08-04 07:00,1128
2020-08-04 07:05,1122
2020-08-04 07:10,1125
2020-08-04 07:15,1128
2020-08-04 07:20,1146
2020-08-04 07:25,1165
2020-08-04 07:30,1161
2020-08-04 07:35,1183
2020-08-04 07:40,1180
2020-08-04 07:45,1184
2020-08-04 07:50,1170
2020-08-04 07:55,1166
2020-08-04 08:00,1188
2020-08-04 08:05,1181
2020-08-04 08:10,1191
2020-08-04 08:15,1181
2020-08-04 08:20,1184
2020-08-04 08:25,1194
2020-08-04 08:30,1210
2020-08-04 08:35,1232
2020-08-04 08:40,1227
2020-08-04 08:45,1238
2020-08-04 08:50,1264
2020-08-04 08:55,1297
2020-08-04 09:00,1301
2020-08-04 09:05,1296
2020-08-04 09:10,1300
2020-08-04 09:15,1311
2020-08-04 09:20,1312
2020-08-04 09:25,1307
2020-08-04 09:30,1322
2020-08-04 09:35,1327
2020-08-04 09:40,1332
2020-08-04 09:45,1341
2020-08-04 09:50,1364
2020-08-04 09:55,1364
2020-08-04 10:00,1121
2020-08-04 10:05,1384
2020-08-04 10:10,1414
2020-08-04 10:15,1435
2020-08-04 10:20,1478
2020-08-04 10:25,1484
2020-08-04 10:30,1496
2020-08-04 10:35,1507
2020-08-04 10:40,1527
2020-08-04 10:45,1534
2020-08-04 10:50,1545
2020-08-04 10:55,1551
2020-08-04 11:00,1561
2020-08-04 11:05,1576
2020-08-04 11:10,1595
2020-08-04 11:15,1592
2020-08-04 11:20,1614
2020-08-04 11:25,1625
2020-08-04 11:30,1643
2020-08-04 11:35,1644
2020-08-04 11:40,1659
2020-08-04 11:45,1681
2020-08-04 11:50,1682
2020-08-04 11:55,1681
2020-08-04 12:00,1687
2020-08-04 12:05,1690
2020-08-04 12:10,1690
2020-08-04 12:15,1710
2020-08-04 12:20,1718
2020-08-04 12:25,1729
2020-08-04 12:30,1734
2020-08-04 12:35,1750
2020-08-04 12:40,1763
2020-08-04 12:45,1792
2020-08-04 12:50,1817
2020-08-04 12:55,1812
2020-08-04 13:00,1817
2020-08-04 13:05,1841
2020-08-04 13:10,1849
2020-08-04 13:15,1858
2020-08-04 13:20,1860
2020-08-04 13:25,1881
2020-08-04 13:30,1905
2020-08-04 13:35,1919
2020-08-04 13:40,1939
2020-08-04 13:45,1941
2020-08-04 13:50,1951
2020-08-04 13:55,1962
2020-08-04 14:00,1969
2020-08-04 14:05,1973
2020-08-04 14:10,1985
2020-08-04 14:15,2005
2020-08-04 14:20,1992
2020-08-04 14:25,2000
2020-08-04 14:30,2017
2020-08-04 14:35,2029
2020-08-04 14:40,2065
2020-08-04 14:45,2097
2020-08-04 14:50,2079
2020-08-04 14:55,2098
2020-08-04 15:00,2106
2020-08-04 15:05,2125
2020-08-04 15:10,2109
2020-08-04 15:15,2083
2020-08-04 15:20,2098
2020-08-04 15:25,2112
2020-08-04 15:30,2146
2020-08-04 15:35,2155
2020-08-04 15:40,2172
2020-08-04 15:45,2206
2020-08-04 15:50,2220
2020-08-04 15:55,2239
2020-08-04 16:00,2277
2020-08-04 16:05,2297
2020-08-04 16:10,2302
2020-08-04 16:15,2314
2020-08-04 16:20,2332
2020-08-04 16:25,2372
2020-08-04 16:30,2395
2020-08-04 16:35,2411
2020-08-04 16:40,2436
2020-08-04 16:45,2428
2020-08-04 16:50,2445
2020-08-04 16:55,2469
2020-08-04 17:00,2478
2020-08-04 17:05,2498
2020-08-04 17:10,2490
2020-08-04 17:15,2491
2020-08-04 17:20,2473
2020-08-04 17:25,2465
2020-08-04 17:30,2471
2020-08-04 17:35,2476
2020-08-04 17:40,2499
2020-08-04 17:45,2504
2020-08-04 17:50,2511
2020-08-04 17:55,2521
2020-08-04 18:00,2515
2020-08-04 18:05,2510
2020-08-04 18:10,2510
2020-08-04 18:15,2544
2020-08-04 18:20,2536
2020-08-04 18:25,2529
2020-08-04 18:30,2511
2020-08-04 18:35,2497
2020-08-04 18:40,2513
2020-08-04 18:45,2492
2020-08-04 18:50,2502
2020-08-04 18:55,2513
2020-08-04 19:00,2515
2020-08-04 19:05,2524
2020-08-04 19:10,2506
2020-08-04 19:15,2514
2020-08-04 19:20,2543
2020-08-04 19:25,2542
2020-08-04 19:30,2558
2020-08-04 19:35,2547
2020-08-04 19:40,2548
2020-08-04 19:45,2563
2020-08-04 19:50,2563
2020-08-04 19:55,2549
2020-08-04 20:00,2545
2020-08-04 20:05,2510
2020-08-04 20:10,2454
2020-08-04 20:15,2452
2020-08-04 20:20,2467
2020-08-04 20:25,2453
2020-08-04 20:30,2442
2020-08-04 20:35,2454
2020-08-04 20:40,2462
2020-08-04 20:45,2451
2020-08-04 20:50,2445
2020-08-04 20:55,2416
2020-08-04 21:00,2432
2020-08-04 21:05,2396
2020-08-04 21:10,2373
2020-08-04 21:15,2376
2020-08-04 21:20,2374
2020-08-04 21:25,2362
2020-08-04 21:30,2359
2020-08-04 21:35,2311
2020-08-04 21:40,2266
2020-08-04 21:45,2251
2020-08-04 21:50,2218
2020-08-04 21:55,2209
2020-08-04 22:00,2172
2020-08-04 22:05,2165
2020-08-04 22:10,2127
2020-08-04 22:15,2108
2020-08-04 22:20,2097
2020-08-04 22:25,2088
2020-08-04 22:30,2044
2020-08-04 22:35,2038
2020-08-04 22:40,2050
2020-08-04 22:45,2043
2020-08-04 22:50,2048
2020-08-04 22:55,2062
2020-08-04 23:00,2039
2020-08-04 23:05,2020
2020-08-04 23:10,2009
2020-08-04 23:15,
2020-08-04 23:20,
2020-08-04 23:25,
2020-08-04 23:30,
2020-08-04 23:35,0
2020-08-04 23:40,2
2020-08-04 23:45,802
2020-08-04 23:50,1736
2020-08-04 23:55,1871
2020-08-05 00:00,1913
2020-08-05 00:05,1899
2020-08-05 00:10,1898
2020-08-05 00:15,1865
2020-08-05 00:20,1852
2020-08-05 00:25,1851
2020-08-05 00:30,1831
2020-08-05 00:35,1823
2020-08-05 00:40,1817
2020-08-05 00:45,1819
2020-08-05 00:50,1786
2020-08-05 00:55,1789
2020-08-05 01:00,1780
2020-08-05 01:05,1777
2020-08-05 01:10,1786
2020-08-05 01:15,1786
2020-08-05 01:20,1783
2020-08-05 01:25,1787
2020-08-05 01:30,1791
2020-08-05 01:35,1763
2020-08-05 01:40,1740
2020-08-05 01:45,1748
2020-08-05 01:50,1721
2020-08-05 01:55,1713
2020-08-05 02:00,1716
2020-08-05 02:05,1692
2020-08-05 02:10,1672
2020-08-05 02:15,1642
2020-08-05 02:20,1625
2020-08-05 02:25,1618
2020-08-05 02:30,1577
2020-08-05 02:35,1555
2020-08-05 02:40,1536
2020-08-05 02:45,1539
2020-08-05 02:50,1524
2020-08-05 02:55,1517
2020-08-05 03:00,1509
2020-08-05 03:05,1488
2020-08-05 03:10,1473
2020-08-05 03:15,1450
2020-08-05 03:20,1450
2020-08-05 03:25,1448
2020-08-05 03:30,1427
2020-08-05 03:35,1406
2020-08-05 03:40,1396
2020-08-05 03:45,1380
2020-08-05 03:50,1368
2020-08-05 03:55,1359
2020-08-05 04:00,1332
2020-08-05 04:05,1316
2020-08-05 04:10,1293
2020-08-05 04:15,1268
2020-08-05 04:20,1261
2020-08-05 04:25,1250
2020-08-05 04:30,1238
2020-08-05 04:35,1221
2020-08-05 04:40,1208
2020-08-05 04:45,1214
2020-08-05 04:50,1222
2020-08-05 04:55,1201
2020-08-05 05:00,1192
2020-08-05 05:05,1182
2020-08-05 05:10,1170
2020-08-05 05:15,1151
2020-08-05 05:20,1145
2020-08-05 05:25,1137
2020-08-05 05:30,1143
2020-08-05 05:35,1142
2020-08-05 05:40,1126
2020-08-05 05:45,1124
2020-08-05 05:50,1134
2020-08-05 05:55,1127
2020-08-05 06:00,1139
2020-08-05 06:05,1119
2020-08-05 06:10,1115
2020-08-05 06:15,1111
2020-08-05 06:20,1112
2020-08-05 06:25,1096
2020-08-05 06:30,1107
2020-08-05 06:35,1116
2020-08-05 06:40,1115
2020-08-05 06:45,1110
2020-08-05 06:50,1123
2020-08-05 06:55,1125
2020-08-05 07:00,1133
2020-08-05 07:05,1130
2020-08-05 07:10,1122
2020-08-05 07:15,1128
2020-08-05 07:20,1135
2020-08-05 07:25,1137
2020-08-05 07:30,1151
2020-08-05 07:35,1158
2020-08-05 07:40,1179
2020-08-05 07:45,1180
2020-08-05 07:50,1177
2020-08-05 07:55,1172
2020-08-05 08:00,1155
2020-08-05 08:05,1154
2020-08-05 08:10,1166
2020-08-05 08:15,1177
2020-08-05 08:20,1188
2020-08-05 08:25,1186
2020-08-05 08:30,1188
2020-08-05 08:35,1191
2020-08-05 08:40,1208
2020-08-05 08:45,1225
2020-08-05 08:50,1249
2020-08-05 08:55,1271
2020-08-05 09:00,1277
2020-08-05 09:05,1268
2020-08-05 09:10,1270
2020-08-05 09:15,1285
2020-08-05 09:20,1280
2020-08-05 09:25,1292
2020-08-05 09:30,1302
2020-08-05 09:35,1323
2020-08-05 09:40,1339
2020-08-05 09:45,1343
2020-08-05 09:50,1344
2020-08-05 09:55,1364
2020-08-05 10:00,1394
2020-08-05 10:05,1398
2020-08-05 10:10,1394
2020-08-05 10:15,1416
2020-08-05 10:20,1439
2020-08-05 10:25,1451
2020-08-05 10:30,1467
2020-08-05 10:35,1479
2020-08-05 10:40,1502
2020-08-05 10:45,1489
2020-08-05 10:50,1485
2020-08-05 10:55,1481
2020-08-05 11:00,1501
2020-08-05 11:05,1504
2020-08-05 11:10,1529
2020-08-05 11:15,1529
2020-08-05 11:20,1547
2020-08-05 11:25,1553
2020-08-05 11:30,1560
2020-08-05 11:35,1578
2020-08-05 11:40,1578
2020-08-05 11:45,1584
2020-08-05 11:50,1587
2020-08-05 11:55,1596
2020-08-05 12:00,1604
2020-08-05 12:05,1608
2020-08-05 12:10,1618
2020-08-05 12:15,1653
2020-08-05 12:20,1692
2020-08-05 12:25,1712
2020-08-05 12:30,1722
2020-08-05 12:35,1733
2020-08-05 12:40,1747
2020-08-05 12:45,1751
2020-08-05 12:50,1761
2020-08-05 12:55,1775
2020-08-05 13:00,1768
2020-08-05 13:05,1765
2020-08-05 13:10,1780
2020-08-05 13:15,1802
2020-08-05 13:20,1788
2020-08-05 13:25,1788
2020-08-05 13:30,1819
2020-08-05 13:35,1793
2020-08-05 13:40,1794
2020-08-05 13:45,1810
2020-08-05 13:50,1829
2020-08-05 13:55,1829
2020-08-05 14:00,1824
2020-08-05 14:05,1842
2020-08-05 14:10,1857
2020-08-05 14:15,1858
2020-08-05 14:20,1869
2020-08-05 14:25,1889
2020-08-05 14:30,1902
2020-08-05 14:35,1910
2020-08-05 14:40,1915
2020-08-05 14:45,1961
2020-08-05 14:50,1997
2020-08-05 14:55,2016
2020-08-05 15:00,2008
2020-08-05 15:05,2041
2020-08-05 15:10,2050
2020-08-05 15:15,2061
2020-08-05 15:20,2099
2020-08-05 15:25,2096
2020-08-05 15:30,2115
2020-08-05 15:35,2127
2020-08-05 15:40,2139
2020-08-05 15:45,2165
2020-08-05 15:50,2167
2020-08-05 15:55,2171
2020-08-05 16:00,2154
2020-08-05 16:05,2167
2020-08-05 16:10,2177
2020-08-05 16:15,2164
2020-08-05 16:20,2210
2020-08-05 16:25,2208
2020-08-05 16:30,2238
2020-08-05 16:35,2229
2020-08-05 16:40,2250
2020-08-05 16:45,2271
2020-08-05 16:50,2281
2020-08-05 16:55,2309
2020-08-05 17:00,2280
2020-08-05 17:05,2279
2020-08-05 17:10,2279
2020-08-05 17:15,2266
2020-08-05 17:20,2270
2020-08-05 17:25,2289
2020-08-05 17:30,2273
2020-08-05 17:35,2277
2020-08-05 17:40,2290
2020-08-05 17:45,2302
2020-08-05 17:50,2330
2020-08-05 17:55,2379
2020-08-05 18:00,2363
2020-08-05 18:05,2401
2020-08-05 18:10,2402
2020-08-05 18:15,2422
2020-08-05 18:20,2440
2020-08-05 18:25,2424
2020-08-05 18:30,2451
2020-08-05 18:35,2435
2020-08-05 18:40,2432
2020-08-05 18:45,2450
2020-08-05 18:50,2454
2020-08-05 18:55,2477
2020-08-05 19:00,2475
2020-08-05 19:05,2485
2020-08-05 19:10,2486
2020-08-05 19:15,2506
2020-08-05 19:20,2504
2020-08-05 19:25,2517
2020-08-05 19:30,2524
2020-08-05 19:35,2489
2020-08-05 19:40,2480
2020-08-05 19:45,2482
2020-08-05 19:50,2477
2020-08-05 19:55,2492
2020-08-05 20:00,2486
2020-08-05 20:05,2483
2020-08-05 20:10,2467
2020-08-05 20:15,2476
2020-08-05 20:20,2467
2020-08-05 20:25,2455
2020-08-05 20:30,2465
2020-08-05 20:35,2461
2020-08-05 20:40,2434
2020-08-05 20:45,2445
2020-08-05 20:50,2446
2020-08-05 20:55,2412
2020-08-05 21:00,2378
2020-08-05 21:05,2355
2020-08-05 21:10,2351
2020-08-05 21:15,2344
2020-08-05 21:20,2330
2020-08-05 21:25,2317
2020-08-05 21:30,2285
2020-08-05 21:35,2277
2020-08-05 21:40,2284
2020-08-05 21:45,2253
2020-08-05 21:50,2230
2020-08-05 21:55,2205
2020-08-05 22:00,2199
2020-08-05 22:05,2202
2020-08-05 22:10,2138
2020-08-05 22:15,2111
2020-08-05 22:20,2093
2020-08-05 22:25,2046
2020-08-05 22:30,2039
2020-08-05 22:35,2031
2020-08-05 22:40,2018
2020-08-05 22:45,2023
2020-08-05 22:50,2010
2020-08-05 22:55,2000
2020-08-05 23:00,1967
2020-08-05 23:05,1929
2020-08-05 23:10,
2020-08-05 23:15,
2020-08-05 23:20,
2020-08-05 23:25,
2020-08-05 23:30,
2020-08-05 23:35,
2020-08-05 23:40,
2020-08-05 23:45,
2020-08-05 23:50,0
2020-08-05 23:55,714
2020-08-06 00:00,1434
2020-08-06 00:05,1690
2020-08-06 00:10,1716
2020-08-06 00:15,1722
2020-08-06 00:20,1746
2020-08-06 00:25,1755
2020-08-06 00:30,1759
2020-08-06 00:35,1749
2020-08-06 00:40,1765
2020-08-06 00:45,1753
2020-08-06 00:50,1744
2020-08-06 00:55,1752
2020-08-06 01:00,1751
2020-08-06 01:05,1749
2020-08-06 01:10,1721
2020-08-06 01:15,1730
2020-08-06 01:20,1706
2020-08-06 01:25,1686
2020-08-06 01:30,1699
2020-08-06 01:35,1689
2020-08-06 01:40,1671
2020-08-06 01:45,1671
2020-08-06 01:50,1644
2020-08-06 01:55,1629
2020-08-06 02:00,1611
2020-08-06 02:05,1597
2020-08-06 02:10,1605
2020-08-06 02:15,1609
2020-08-06 02:20,1597
2020-08-06 02:25,1571
2020-08-06 02:30,1556
2020-08-06 02:35,1554
2020-08-06 02:40,1572
2020-08-06 02:45,1553
2020-08-06 02:50,1549
2020-08-06 02:55,1531
2020-08-06 03:00,1529
2020-08-06 03:05,1524
2020-08-06 03:10,1496
2020-08-06 03:15,1486
2020-08-06 03:20,1476
2020-08-06 03:25,1454
2020-08-06 03:30,1444
2020-08-06 03:35,1430
2020-08-06 03:40,1431
2020-08-06 03:45,1415
2020-08-06 03:50,1406
2020-08-06 03:55,1390
2020-08-06 04:00,1376
2020-08-06 04:05,1338
2020-08-06 04:10,1334
2020-08-06 04:15,1306
2020-08-06 04:20,1291
2020-08-06 04:25,1259
2020-08-06 04:30,1267
2020-08-06 04:35,1246
2020-08-06 04:40,1227
2020-08-06 04:45,1209
2020-08-06 04:50,1183
2020-08-06 04:55,1185
2020-08-06 05:00,1174
2020-08-06 05:05,1172
2020-08-06 05:10,1163
2020-08-06 05:15,1153
2020-08-06 05:20,1152
2020-08-06 05:25,1150
2020-08-06 05:30,1140
2020-08-06 05:35,1131
2020-08-06 05:40,1138
2020-08-06 05:45,1146
2020-08-06 05:50,1139
2020-08-06 05:55,1130
2020-08-06 06:00,1130
2020-08-06 06:05,1128
2020-08-06 06:10,1122
2020-08-06 06:15,1117
2020-08-06 06:20,1135
2020-08-06 06:25,1127
2020-08-06 06:30,1120
2020-08-06 06:35,1111
2020-08-06 06:40,1105
2020-08-06 06:45,1122
2020-08-06 06:50,1115
2020-08-06 06:55,1105
2020-08-06 07:00,1096
2020-08-06 07:05,1106
2020-08-06 07:10,1096
2020-08-06 07:15,1103
2020-08-06 07:20,1109
2020-08-06 07:25,1108
2020-08-06 07:30,1107
2020-08-06 07:35,1114
2020-08-06 07:40,1126
2020-08-06 07:45,1113
2020-08-06 07:50,1113
2020-08-06 07:55,1144
2020-08-06 08:00,1153
2020-08-06 08:05,1155
2020-08-06 08:10,1155
2020-08-06 08:15,1155
2020-08-06 08:20,1178
2020-08-06 08:25,1201
2020-08-06 08:30,1200
2020-08-06 08:35,1194
2020-08-06 08:40,1210
2020-08-06 08:45,1224
2020-08-06 08:50,1229
2020-08-06 08:55,1233
2020-08-06 09:00,1228
2020-08-06 09:05,1237
2020-08-06 09:10,1227
2020-08-06 09:15,1232
2020-08-06 09:20,1250
2020-08-06 09:25,1243
2020-08-06 09:30,1239
2020-08-06 09:35,1247
2020-08-06 09:40,1247
2020-08-06 09:45,1261
2020-08-06 09:50,1269
2020-08-06 09:55,1279
2020-08-06 10:00,1304
2020-08-06 10:05,1356
2020-08-06 10:10,1404
2020-08-06 10:15,1426
2020-08-06 10:20,1441
2020-08-06 10:25,1460
2020-08-06 10:30,1455
2020-08-06 10:35,1445
2020-08-06 10:40,1453
2020-08-06 10:45,1461
2020-08-06 10:50,1475
2020-08-06 10:55,1498
2020-08-06 11:00,1503
2020-08-06 11:05,1516
2020-08-06 11:10,1525
2020-08-06 11:15,1523
2020-08-06 11:20,1551
2020-08-06 11:25,1578
2020-08-06 11:30,1578
2020-08-06 11:35,1583
2020-08-06 11:40,1587
2020-08-06 11:45,1607
2020-08-06 11:50,1606
2020-08-06 11:55,1635
2020-08-06 12:00,1644
2020-08-06 12:05,1644
2020-08-06 12:10,1647
2020-08-06 12:15,1653
2020-08-06 12:20,1668
2020-08-06 12:25,1701
2020-08-06 12:30,1732
2020-08-06 12:35,1743
2020-08-06 12:40,1748
2020-08-06 12:45,1763
2020-08-06 12:50,1760
2020-08-06 12:55,1788
2020-08-06 13:00,1781
2020-08-06 13:05,1774
2020-08-06 13:10,1790
2020-08-06 13:15,1796
2020-08-06 13:20,1800
2020-08-06 13:25,1795
2020-08-06 13:30,1825
2020-08-06 13:35,1806
2020-08-06 13:40,1773
2020-08-06 13:45,1750
2020-08-06 13:50,1741
2020-08-06 13:55,1683
2020-08-06 14:00,1572
2020-08-06 14:05,1255
2020-08-06 14:10,874
2020-08-06 14:15,842
2020-08-06 14:20,834
2020-08-06 14:25,839
2020-08-06 14:30,858
2020-08-06 14:35,876
2020-08-06 14:40,879
2020-08-06 14:45,859
2020-08-06 14:50,864
2020-08-06 14:55,861
2020-08-06 15:00,844
2020-08-06 15:05,866
2020-08-06 15:10,896
2020-08-06 15:15,991
2020-08-06 15:20,1106
2020-08-06 15:25,1201
2020-08-06 15:30,1288
2020-08-06 15:35,1379
2020-08-06 15:40,1448
2020-08-06 15:45,1534
2020-08-06 15:50,1584
2020-08-06 15:55,1645
2020-08-06 16:00,1729
2020-08-06 16:05,1800
2020-08-06 16:10,1887
2020-08-06 16:15,1955
2020-08-06 16:20,1996
2020-08-06 16:25,2021
2020-08-06 16:30,2086
2020-08-06 16:35,2130
2020-08-06 16:40,2180
2020-08-06 16:45,2198
2020-08-06 16:50,2211
2020-08-06 16:55,2235
2020-08-06 17:00,2265
2020-08-06 17:05,2270
2020-08-06 17:10,2294
2020-08-06 17:15,2296
2020-08-06 17:20,2316
2020-08-06 17:25,2319
2020-08-06 17:30,2305
2020-08-06 17:35,2324
2020-08-06 17:40,2322
2020-08-06 17:45,2343
2020-08-06 17:50,2346
2020-08-06 17:55,2375
2020-08-06 18:00,2367
2020-08-06 18:05,2371
2020-08-06 18:10,2377
2020-08-06 18:15,2374
2020-08-06 18:20,2379
2020-08-06 18:25,2404
2020-08-06 18:30,2426
2020-08-06 18:35,2436
2020-08-06 18:40,2433
2020-08-06 18:45,2446
2020-08-06 18:50,2409
2020-08-06 18:55,2402
2020-08-06 19:00,2402
2020-08-06 19:05,2410
2020-08-06 19:10,2410
2020-08-06 19:15,2420
2020-08-06 19:20,2404
2020-08-06 19:25,2406
2020-08-06 19:30,2396
2020-08-06 19:35,2372
2020-08-06 19:40,2395
2020-08-06 19:45,2390
2020-08-06 19:50,2366
2020-08-06 19:55,2383
2020-08-06 20:00,2379
2020-08-06 20:05,2386
2020-08-06 20:10,2366
2020-08-06 20:15,2367
2020-08-06 20:20,2356
2020-08-06 20:25,2333
2020-08-06 20:30,2326
2020-08-06 20:35,2314
2020-08-06 20:40,2343
2020-08-06 20:45,2309
2020-08-06 20:50,2259
2020-08-06 20:55,2244
2020-08-06 21:00,2236
2020-08-06 21:05,2228
2020-08-06 21:10,2193
2020-08-06 21:15,2203
2020-08-06 21:20,2192
2020-08-06 21:25,2203
2020-08-06 21:30,2184
2020-08-06 21:35,2150
2020-08-06 21:40,2108
2020-08-06 21:45,2086
2020-08-06 21:50,2085
2020-08-06 21:55,2070
2020-08-06 22:00,2057
2020-08-06 22:05,2054
2020-08-06 22:10,2034
2020-08-06 22:15,2039
2020-08-06 22:20,1983
2020-08-06 22:25,1964
2020-08-06 22:30,1958
2020-08-06 22:35,1925
2020-08-06 22:40,1926
2020-08-06 22:45,1907
2020-08-06 22:50,1915
2020-08-06 22:55,1895
2020-08-06 23:00,1897
2020-08-06 23:05,1876
2020-08-06 23:10,1868
2020-08-06 23:15,1847
2020-08-06 23:20,1827
2020-08-06 23:25,1826
2020-08-06 23:30,1847
2020-08-06 23:35,1858
2020-08-06 23:40,1837
2020-08-06 23:45,1830
2020-08-06 23:50,1815
2020-08-06 23:55,1793
2020-08-07 00:00,1779
2020-08-07 00:05,1732
2020-08-07 00:10,1713
2020-08-07 00:15,1713
2020-08-07 00:20,1692
2020-08-07 00:25,1694
2020-08-07 00:30,1693
2020-08-07 00:35,1676
2020-08-07 00:40,1673
2020-08-07 00:45,1650
2020-08-07 00:50,1649
2020-08-07 00:55,1627
2020-08-07 01:00,1620
2020-08-07 01:05,1619
2020-08-07 01:10,1635
2020-08-07 01:15,1601
2020-08-07 01:20,1600
2020-08-07 01:25,1578
2020-08-07 01:30,1553
2020-08-07 01:35,1542
2020-08-07 01:40,1572
2020-08-07 01:45,1589
2020-08-07 01:50,1596
2020-08-07 01:55,1608
2020-08-07 02:00,1576
2020-08-07 02:05,1591
2020-08-07 02:10,1564
2020-08-07 02:15,1525
2020-08-07 02:20,1502
2020-08-07 02:25,1497
2020-08-07 02:30,1486
2020-08-07 02:35,1481
2020-08-07 02:40,1471
2020-08-07 02:45,1450
2020-08-07 02:50,1430
2020-08-07 02:55,1427
2020-08-07 03:00,1435
2020-08-07 03:05,1422
2020-08-07 03:10,1408
2020-08-07 03:15,1403
2020-08-07 03:20,1397
2020-08-07 03:25,1387
2020-08-07 03:30,1373
2020-08-07 03:35,1365
2020-08-07 03:40,1371
2020-08-07 03:45,1363
2020-08-07 03:50,1343
2020-08-07 03:55,1333
2020-08-07 04:00,1309
2020-08-07 04:05,1297
2020-08-07 04:10,1302
2020-08-07 04:15,1290
2020-08-07 04:20,1270
2020-08-07 04:25,1245
2020-08-07 04:30,1223
2020-08-07 04:35,1219
2020-08-07 04:40,1184
2020-08-07 04:45,1178
2020-08-07 04:50,1176
2020-08-07 04:55,1154
2020-08-07 05:00,1140
2020-08-07 05:05,1135
2020-08-07 05:10,1118
2020-08-07 05:15,1102
2020-08-07 05:20,1104
2020-08-07 05:25,1096
2020-08-07 05:30,1082
2020-08-07 05:35,1090
2020-08-07 05:40,1082
2020-08-07 05:45,1082
2020-08-07 05:50,1075
2020-08-07 05:55,1084
2020-08-07 06:00,1083
2020-08-07 06:05,1093
2020-08-07 06:10,1089
2020-08-07 06:15,1090
2020-08-07 06:20,1084
2020-08-07 06:25,1073
2020-08-07 06:30,1072
2020-08-07 06:35,1072
2020-08-07 06:40,1044
2020-08-07 06:45,1060
2020-08-07 06:50,1066
2020-08-07 06:55,1075
2020-08-07 07:00,1076
2020-08-07 07:05,1084
2020-08-07 07:10,1102
2020-08-07 07:15,1110
2020-08-07 07:20,1118
2020-08-07 07:25,1117
2020-08-07 07:30,1116
2020-08-07 07:35,1127
2020-08-07 07:40,1136
2020-08-07 07:45,1166
2020-08-07 07:50,1153
2020-08-07 07:55,1179
2020-08-07 08:00,1185
2020-08-07 08:05,1180
2020-08-07 08:10,1174
2020-08-07 08:15,1184
2020-08-07 08:20,1171
2020-08-07 08:25,1178
2020-08-07 08:30,1162
2020-08-07 08:35,1155
2020-08-07 08:40,1162
2020-08-07 08:45,1158
2020-08-07 08:50,1170
2020-08-07 08:55,1180
2020-08-07 09:00,1189
2020-08-07 09:05,1210
2020-08-07 09:10,1224
2020-08-07 09:15,1209
2020-08-07 09:20,1231
2020-08-07 09:25,1242
2020-08-07 09:30,1256
2020-08-07 09:35,1247
2020-08-07 09:40,1262
2020-08-07 09:45,1268
2020-08-07 09:50,1263
2020-08-07 09:55,1282
2020-08-07 10:00,1296
2020-08-07 10:05,1328
2020-08-07 10:10,1357
2020-08-07 10:15,1372
2020-08-07 10:20,1369
2020-08-07 10:25,1402
2020-08-07 10:30,1394
2020-08-07 10:35,1413
2020-08-07 10:40,1429
2020-08-07 10:45,1430
2020-08-07 10:50,1437
2020-08-07 10:55,1440
2020-08-07 11:00,1411
2020-08-07 11:05,1421
2020-08-07 11:10,1421
2020-08-07 11:15,1440
2020-08-07 11:20,1448
2020-08-07 11:25,1456
2020-08-07 11:30,1482
2020-08-07 11:35,1482
2020-08-07 11:40,1491
2020-08-07 11:45,1498
2020-08-07 11:50,1496
2020-08-07 11:55,1523
2020-08-07 12:00,1531
2020-08-07 12:05,1544
2020-08-07 12:10,1566
2020-08-07 12:15,1568
2020-08-07 12:20,1581
2020-08-07 12:25,1584
2020-08-07 12:30,1603
2020-08-07 12:35,1621
2020-08-07 12:40,1633
2020-08-07 12:45,1655
2020-08-07 12:50,1653
2020-08-07 12:55,1666
2020-08-07 13:00,1665
2020-08-07 13:05,1681
2020-08-07 13:10,1694
2020-08-07 13:15,1700
2020-08-07 13:20,1713
2020-08-07 13:25,1711
2020-08-07 13:30,1725
2020-08-07 13:35,1748
2020-08-07 13:40,1745
2020-08-07 13:45,1754
2020-08-07 13:50,1758
2020-08-07 13:55,1784
2020-08-07 14:00,1794
2020-08-07 14:05,1800
2020-08-07 14:10,1797
2020-08-07 14:15,1801
2020-08-07 14:20,1814
2020-08-07 14:25,1820
2020-08-07 14:30,1832
2020-08-07 14:35,1851
2020-08-07 14:40,1872
2020-08-07 14:45,1894
2020-08-07 14:50,1876
2020-08-07 14:55,1865
2020-08-07 15:00,1870
2020-08-07 15:05,1883
2020-08-07 15:10,1903
2020-08-07 15:15,1900
2020-08-07 15:20,1940
2020-08-07 15:25,1958
2020-08-07 15:30,1974
2020-08-07 15:35,1986
2020-08-07 15:40,2002
2020-08-07 15:45,2004
2020-08-07 15:50,2002
2020-08-07 15:55,2008
2020-08-07 16:00,2010
2020-08-07 16:05,1999
2020-08-07 16:10,2009
2020-08-07 16:15,2019
2020-08-07 16:20,2049
2020-08-07 16:25,2072
2020-08-07 16:30,2078
2020-08-07 16:35,2087
2020-08-07 16:40,2098
2020-08-07 16:45,2108
2020-08-07 16:50,2125
2020-08-07 16:55,2132
2020-08-07 17:00,2142
2020-08-07 17:05,1662
2020-08-07 17:10,2098
2020-08-07 17:15,2134
2020-08-07 17:20,2127
2020-08-07 17:25,2100
2020-08-07 17:30,2107
2020-08-07 17:35,2113
2020-08-07 17:40,2131
2020-08-07 17:45,2125
2020-08-07 17:50,2126
2020-08-07 17:55,2145
2020-08-07 18:00,2132
2020-08-07 18:05,2141
2020-08-07 18:10,2128
2020-08-07 18:15,2143
2020-08-07 18:20,2142
2020-08-07 18:25,2154
2020-08-07 18:30,2165
2020-08-07 18:35,2181
2020-08-07 18:40,2196
2020-08-07 18:45,2197
2020-08-07 18:50,2205
2020-08-07 18:55,2222
2020-08-07 19:00,2232
2020-08-07 19:05,2240
2020-08-07 19:10,2224
2020-08-07 19:15,2209
2020-08-07 19:20,2207
2020-08-07 19:25,2212
2020-08-07 19:30,2201
2020-08-07 19:35,2214
2020-08-07 19:40,2233
2020-08-07 19:45,2240
2020-08-07 19:50,2239
2020-08-07 19:55,2243
2020-08-07 20:00,2247
2020-08-07 20:05,2250
2020-08-07 20:10,2240
2020-08-07 20:15,2235
2020-08-07 20:20,2241
2020-08-07 20:25,2230
2020-08-07 20:30,2206
2020-08-07 20:35,2215
2020-08-07 20:40,2194
2020-08-07 20:45,2174
2020-08-07 20:50,2178
2020-08-07 20:55,2181
2020-08-07 21:00,2195
2020-08-07 21:05,2202
2020-08-07 21:10,2181
2020-08-07 21:15,2173
2020-08-07 21:20,2151
2020-08-07 21:25,2139
2020-08-07 21:30,2116
2020-08-07 21:35,2113
2020-08-07 21:40,2080
2020-08-07 21:45,2074
2020-08-07 21:50,2040
2020-08-07 21:55,2035
2020-08-07 22:00,2040
2020-08-07 22:05,2036
2020-08-07 22:10,1997
2020-08-07 22:15,1980
2020-08-07 22:20,1969
2020-08-07 22:25,1946
2020-08-07 22:30,1944
2020-08-07 22:35,1925
2020-08-07 22:40,1909
2020-08-07 22:45,1886
2020-08-07 22:50,1865
2020-08-07 22:55,1872
2020-08-07 23:00,1859
2020-08-07 23:05,1836
2020-08-07 23:10,1851
2020-08-07 23:15,1835
2020-08-07 23:20,1813
2020-08-07 23:25,1818
2020-08-07 23:30,1793
2020-08-07 23:35,1798
2020-08-07 23:40,1786
2020-08-07 23:45,1777
2020-08-07 23:50,1774
2020-08-07 23:55,1769
2020-08-08 00:00,1758
2020-08-08 00:05,1741
2020-08-08 00:10,1720
2020-08-08 00:15,1712
2020-08-08 00:20,1718
2020-08-08 00:25,1719
2020-08-08 00:30,1722
2020-08-08 00:35,1729
2020-08-08 00:40,1723
2020-08-08 00:45,1737
2020-08-08 00:50,1724
2020-08-08 00:55,1710
2020-08-08 01:00,1714
2020-08-08 01:05,1700
2020-08-08 01:10,1668
2020-08-08 01:15,1667
2020-08-08 01:20,1676
2020-08-08 01:25,1665
2020-08-08 01:30,1665
2020-08-08 01:35,1632
2020-08-08 01:40,1612
2020-08-08 01:45,1615
2020-08-08 01:50,1617
2020-08-08 01:55,1636
2020-08-08 02:00,1605
2020-08-08 02:05,1576
2020-08-08 02:10,1563
2020-08-08 02:15,1560
2020-08-08 02:20,1556
2020-08-08 02:25,1562
2020-08-08 02:30,1557
2020-08-08 02:35,1546
2020-08-08 02:40,1553
2020-08-08 02:45,1559
2020-08-08 02:50,1549
2020-08-08 02:55,1549
2020-08-08 03:00,1535
2020-08-08 03:05,1511
2020-08-08 03:10,1487
2020-08-08 03:15,1476
2020-08-08 03:20,1464
2020-08-08 03:25,1447
2020-08-08 03:30,1426
2020-08-08 03:35,1401
2020-08-08 03:40,1397
2020-08-08 03:45,1389
2020-08-08 03:50,1386
2020-08-08 03:55,1385
2020-08-08 04:00,1374
2020-08-08 04:05,1360
2020-08-08 04:10,1344
2020-08-08 04:15,1327
2020-08-08 04:20,1323
2020-08-08 04:25,1319
2020-08-08 04:30,1311
2020-08-08 04:35,1305
2020-08-08 04:40,1308
2020-08-08 04:45,1314
2020-08-08 04:50,1300
2020-08-08 04:55,1313
2020-08-08 05:00,1300
2020-08-08 05:05,1288
2020-08-08 05:10,1267
2020-08-08 05:15,1254
2020-08-08 05:20,1255
2020-08-08 05:25,1267
2020-08-08 05:30,1273
2020-08-08 05:35,1251
2020-08-08 05:40,1236
2020-08-08 05:45,1222
2020-08-08 05:50,1215
2020-08-08 05:55,1209
2020-08-08 06:00,1198
2020-08-08 06:05,1189
2020-08-08 06:10,1181
2020-08-08 06:15,1176
2020-08-08 06:20,1174
2020-08-08 06:25,1173
2020-08-08 06:30,1176
2020-08-08 06:35,1189
2020-08-08 06:40,1186
2020-08-08 06:45,1192
2020-08-08 06:50,1181
2020-08-08 06:55,1180
2020-08-08 07:00,1180
2020-08-08 07:05,1182
2020-08-08 07:10,1180
2020-08-08 07:15,1198
2020-08-08 07:20,1225
2020-08-08 07:25,1212
2020-08-08 07:30,1219
2020-08-08 07:35,1233
2020-08-08 07:40,1246
2020-08-08 07:45,1255
2020-08-08 07:50,1258
2020-08-08 07:55,1256
2020-08-08 08:00,1254
2020-08-08 08:05,1259
2020-08-08 08:10,1285
2020-08-08 08:15,1290
2020-08-08 08:20,1318
2020-08-08 08:25,1312
2020-08-08 08:30,1331
2020-08-08 08:35,1332
2020-08-08 08:40,1329
2020-08-08 08:45,1334
2020-08-08 08:50,1335
2020-08-08 08:55,1338
2020-08-08 09:00,1350
2020-08-08 09:05,1319
2020-08-08 09:10,1329
2020-08-08 09:15,1335
2020-08-08 09:20,1329
2020-08-08 09:25,1335
2020-08-08 09:30,1343
2020-08-08 09:35,1368
2020-08-08 09:40,1382
2020-08-08 09:45,1380
2020-08-08 09:50,1397
2020-08-08 09:55,1412
2020-08-08 10:00,1421
2020-08-08 10:05,1466
2020-08-08 10:10,1467
2020-08-08 10:15,1500
2020-08-08 10:20,1500
2020-08-08 10:25,1509
2020-08-08 10:30,1533
2020-08-08 10:35,1545
2020-08-08 10:40,1556
2020-08-08 10:45,1560
2020-08-08 10:50,1560
2020-08-08 10:55,1588
2020-08-08 11:00,1606
2020-08-08 11:05,1623
2020-08-08 11:10,1622
2020-08-08 11:15,1631
2020-08-08 11:20,1653
2020-08-08 11:25,1678
2020-08-08 11:30,1686
2020-08-08 11:35,1683
2020-08-08 11:40,1676
2020-08-08 11:45,1694
2020-08-08 11:50,1723
2020-08-08 11:55,1729
2020-08-08 12:00,1716
2020-08-08 12:05,1714
2020-08-08 12:10,1727
2020-08-08 12:15,1745
2020-08-08 12:20,1757
2020-08-08 12:25,1773
2020-08-08 12:30,1792
2020-08-08 12:35,1792
2020-08-08 12:40,1803
2020-08-08 12:45,1815
2020-08-08 12:50,1818
2020-08-08 12:55,1843
2020-08-08 13:00,1844
2020-08-08 13:05,1863
2020-08-08 13:10,1874
2020-08-08 13:15,1914
2020-08-08 13:20,1919
2020-08-08 13:25,1917
2020-08-08 13:30,1916
2020-08-08 13:35,1922
2020-08-08 13:40,1945
2020-08-08 13:45,1959
2020-08-08 13:50,1967
2020-08-08 13:55,2006
2020-08-08 14:00,2020
2020-08-08 14:05,2032
2020-08-08 14:10,2048
2020-08-08 14:15,2058
2020-08-08 14:20,2073
2020-08-08 14:25,2056
2020-08-08 14:30,2057
2020-08-08 14:35,2080
2020-08-08 14:40,2082
2020-08-08 14:45,2109
2020-08-08 14:50,2099
2020-08-08 14:55,2113
2020-08-08 15:00,2100
2020-08-08 15:05,2125
2020-08-08 15:10,2145
2020-08-08 15:15,2146
2020-08-08 15:20,2173
2020-08-08 15:25,2201
2020-08-08 15:30,2202
2020-08-08 15:35,2222
2020-08-08 15:40,2203
2020-08-08 15:45,2201
2020-08-08 15:50,2204
2020-08-08 15:55,2194
2020-08-08 16:00,2202
2020-08-08 16:05,2223
2020-08-08 16:10,2217
2020-08-08 16:15,2210
2020-08-08 16:20,2211
2020-08-08 16:25,2206
2020-08-08 16:30,2207
2020-08-08 16:35,2196
2020-08-08 16:40,2232
2020-08-08 16:45,2249
2020-08-08 16:50,2279
2020-08-08 16:55,2280
2020-08-08 17:00,2293
2020-08-08 17:05,2317
2020-08-08 17:10,2315
2020-08-08 17:15,2326
2020-08-08 17:20,2323
2020-08-08 17:25,2336
2020-08-08 17:30,2314
2020-08-08 17:35,2299
2020-08-08 17:40,2292
2020-08-08 17:45,2276
2020-08-08 17:50,2288
2020-08-08 17:55,2259
2020-08-08 18:00,2267
2020-08-08 18:05,2290
2020-08-08 18:10,2312
2020-08-08 18:15,2331
2020-08-08 18:20,2331
2020-08-08 18:25,2367
2020-08-08 18:30,2356
2020-08-08 18:35,2379
2020-08-08 18:40,2377
2020-08-08 18:45,2380
2020-08-08 18:50,2360
2020-08-08 18:55,2363
2020-08-08 19:00,2397
2020-08-08 19:05,2396
2020-08-08 19:10,2415
2020-08-08 19:15,2388
2020-08-08 19:20,2384
2020-08-08 19:25,2385
2020-08-08 19:30,2382
2020-08-08 19:35,2371
2020-08-08 19:40,2369
2020-08-08 19:45,2368
2020-08-08 19:50,2370
2020-08-08 19:55,2386
2020-08-08 20:00,2376
2020-08-08 20:05,2381
2020-08-08 20:10,2353
2020-08-08 20:15,2351
2020-08-08 20:20,2343
2020-08-08 20:25,2352
2020-08-08 20:30,2366
2020-08-08 20:35,2381
2020-08-08 20:40,2394
2020-08-08 20:45,2377
2020-08-08 20:50,2380
2020-08-08 20:55,2382
2020-08-08 21:00,2378
2020-08-08 21:05,2364
2020-08-08 21:10,2391
2020-08-08 21:15,2373
2020-08-08 21:20,2358
2020-08-08 21:25,2306
2020-08-08 21:30,2274
2020-08-08 21:35,2290
2020-08-08 21:40,2278
2020-08-08 21:45,2266
2020-08-08 21:50,2252
2020-08-08 21:55,2214
2020-08-08 22:00,2181
2020-08-08 22:05,2160
2020-08-08 22:10,2160
2020-08-08 22:15,2134
2020-08-08 22:20,2101
2020-08-08 22:25,2076
2020-08-08 22:30,2067
2020-08-08 22:35,2055
2020-08-08 22:40,2043
2020-08-08 22:45,2036
2020-08-08 22:50,2008
2020-08-08 22:55,1989
2020-08-08 23:00,1945
2020-08-08 23:05,1947
2020-08-08 23:10,1939
2020-08-08 23:15,1938
2020-08-08 23:20,1914
2020-08-08 23:25,1911
2020-08-08 23:30,1870
2020-08-08 23:35,1855
2020-08-08 23:40,1861
2020-08-08 23:45,1858
2020-08-08 23:50,1861
2020-08-08 23:55,1840
2020-08-09 00:00,1832
2020-08-09 00:05,1822
2020-08-09 00:10,1821
2020-08-09 00:15,1788
2020-08-09 00:20,1782
2020-08-09 00:25,1759
2020-08-09 00:30,1762
2020-08-09 00:35,1752
2020-08-09 00:40,1730
2020-08-09 00:45,1712
2020-08-09 00:50,1714
2020-08-09 00:55,1697
2020-08-09 01:00,1693
2020-08-09 01:05,1696
2020-08-09 01:10,1689
2020-08-09 01:15,1688
2020-08-09 01:20,1674
2020-08-09 01:25,1662
2020-08-09 01:30,1654
2020-08-09 01:35,1657
2020-08-09 01:40,1647
2020-08-09 01:45,1623
2020-08-09 01:50,1612
2020-08-09 01:55,1621
2020-08-09 02:00,1621
2020-08-09 02:05,1607
2020-08-09 02:10,1589
2020-08-09 02:15,1586
2020-08-09 02:20,1574
2020-08-09 02:25,1575
2020-08-09 02:30,1585
2020-08-09 02:35,1575
2020-08-09 02:40,1561
2020-08-09 02:45,1547
2020-08-09 02:50,1534
2020-08-09 02:55,1518
2020-08-09 03:00,1536
2020-08-09 03:05,1534
2020-08-09 03:10,1547
2020-08-09 03:15,1515
2020-08-09 03:20,1509
2020-08-09 03:25,1492
2020-08-09 03:30,1509
2020-08-09 03:35,1500
2020-08-09 03:40,1490
2020-08-09 03:45,1505
2020-08-09 03:50,1506
2020-08-09 03:55,1493
2020-08-09 04:00,1477
2020-08-09 04:05,1455
2020-08-09 04:10,1447
2020-08-09 04:15,1451
2020-08-09 04:20,1429
2020-08-09 04:25,1431
2020-08-09 04:30,1418
2020-08-09 04:35,1409
2020-08-09 04:40,1412
2020-08-09 04:45,1394
2020-08-09 04:50,1387
2020-08-09 04:55,1376
2020-08-09 05:00,1370
2020-08-09 05:05,1363
2020-08-09 05:10,1344
2020-08-09 05:15,1329
2020-08-09 05:20,1321
2020-08-09 05:25,1308
2020-08-09 05:30,1311
2020-08-09 05:35,1296
2020-08-09 05:40,1266
2020-08-09 05:45,1254
2020-08-09 05:50,1247
2020-08-09 05:55,1253
2020-08-09 06:00,1251
2020-08-09 06:05,1254
2020-08-09 06:10,1258
2020-08-09 06:15,1241
2020-08-09 06:20,1241
2020-08-09 06:25,1264
2020-08-09 06:30,1258
2020-08-09 06:35,1255
2020-08-09 06:40,1249
2020-08-09 06:45,1265
2020-08-09 06:50,1248
2020-08-09 06:55,1254
2020-08-09 07:00,1278
2020-08-09 07:05,1284
2020-08-09 07:10,1291
2020-08-09 07:15,1286
2020-08-09 07:20,1285
2020-08-09 07:25,1289
2020-08-09 07:30,1291
2020-08-09 07:35,1291
2020-08-09 07:40,1304
2020-08-09 07:45,1319
2020-08-09 07:50,1339
2020-08-09 07:55,1327
2020-08-09 08:00,1348
2020-08-09 08:05,1353
2020-08-09 08:10,1349
2020-08-09 08:15,1348
2020-08-09 08:20,1359
2020-08-09 08:25,1393
2020-08-09 08:30,1406
2020-08-09 08:35,1406
2020-08-09 08:40,1433
2020-08-09 08:45,1434
2020-08-09 08:50,1458
2020-08-09 08:55,1477
2020-08-09 09:00,1475
2020-08-09 09:05,1493
2020-08-09 09:10,1496
2020-08-09 09:15,1513
2020-08-09 09:20,1499
2020-08-09 09:25,1522
2020-08-09 09:30,1541
2020-08-09 09:35,1548
2020-08-09 09:40,1558
2020-08-09 09:45,1567
2020-08-09 09:50,1579
2020-08-09 09:55,1596
2020-08-09 10:00,1619
2020-08-09 10:05,1663
2020-08-09 10:10,1696
2020-08-09 10:15,1708
2020-08-09 10:20,1711
2020-08-09 10:25,1716
2020-08-09 10:30,1721
2020-08-09 10:35,1737
2020-08-09 10:40,1746
2020-08-09 10:45,1749
2020-08-09 10:50,1771
2020-08-09 10:55,1792
2020-08-09 11:00,1791
2020-08-09 11:05,1792
2020-08-09 11:10,1799
2020-08-09 11:15,1780
2020-08-09 11:20,1778
2020-08-09 11:25,1790
2020-08-09 11:30,1794
2020-08-09 11:35,1797
2020-08-09 11:40,1792
2020-08-09 11:45,1814
2020-08-09 11:50,1810
2020-08-09 11:55,1812
2020-08-09 12:00,1816
2020-08-09 12:05,1813
2020-08-09 12:10,1848
2020-08-09 12:15,1860
2020-08-09 12:20,1870
2020-08-09 12:25,1884
2020-08-09 12:30,1895
2020-08-09 12:35,1920
2020-08-09 12:40,1936
2020-08-09 12:45,1945
2020-08-09 12:50,1974
2020-08-09 12:55,1998
2020-08-09 13:00,2003
2020-08-09 13:05,1998
2020-08-09 13:10,2007
2020-08-09 13:15,2030
2020-08-09 13:20,2043
2020-08-09 13:25,2065
2020-08-09 13:30,2079
2020-08-09 13:35,2094
2020-08-09 13:40,2118
2020-08-09 13:45,2131
2020-08-09 13:50,2142
2020-08-09 13:55,2145
2020-08-09 14:00,2160
2020-08-09 14:05,2176
2020-08-09 14:10,2190
2020-08-09 14:15,2185
2020-08-09 14:20,2205
2020-08-09 14:25,2214
2020-08-09 14:30,2230
2020-08-09 14:35,2269
2020-08-09 14:40,2266
2020-08-09 14:45,2276
2020-08-09 14:50,2275
2020-08-09 14:55,2304
2020-08-09 15:00,2304
2020-08-09 15:05,2321
2020-08-09 15:10,2310
2020-08-09 15:15,2320
2020-08-09 15:20,2320
2020-08-09 15:25,2316
2020-08-09 15:30,2319
2020-08-09 15:35,2333
2020-08-09 15:40,2335
2020-08-09 15:45,2335
2020-08-09 15:50,2327
2020-08-09 15:55,2352
2020-08-09 16:00,2359
2020-08-09 16:05,2373
2020-08-09 16:10,2403
2020-08-09 16:15,2404
2020-08-09 16:20,2405
2020-08-09 16:25,2409
2020-08-09 16:30,2413
2020-08-09 16:35,2438
2020-08-09 16:40,2426
2020-08-09 16:45,2453
2020-08-09 16:50,2440
2020-08-09 16:55,2468
2020-08-09 17:00,2460
2020-08-09 17:05,2471
2020-08-09 17:10,2477
2020-08-09 17:15,2497
2020-08-09 17:20,2507
2020-08-09 17:25,2482
2020-08-09 17:30,2512
2020-08-09 17:35,2529
2020-08-09 17:40,2550
2020-08-09 17:45,2541
2020-08-09 17:50,2561
2020-08-09 17:55,2528
2020-08-09 18:00,2539
2020-08-09 18:05,2544
2020-08-09 18:10,2563
2020-08-09 18:15,2594
2020-08-09 18:20,2598
2020-08-09 18:25,2589
2020-08-09 18:30,2583
2020-08-09 18:35,2596
2020-08-09 18:40,2592
2020-08-09 18:45,2548
2020-08-09 18:50,2575
2020-08-09 18:55,2577
2020-08-09 19:00,2589
2020-08-09 19:05,2580
2020-08-09 19:10,2576
2020-08-09 19:15,2559
2020-08-09 19:20,2574
2020-08-09 19:25,2588
2020-08-09 19:30,2596
2020-08-09 19:35,2586
2020-08-09 19:40,2593
2020-08-09 19:45,2590
2020-08-09 19:50,2562
2020-08-09 19:55,2574
2020-08-09 20:00,2559
2020-08-09 20:05,2547
2020-08-09 20:10,2559
2020-08-09 20:15,2559
2020-08-09 20:20,2567
2020-08-09 20:25,2557
2020-08-09 20:30,2546
2020-08-09 20:35,2543
2020-08-09 20:40,2512
2020-08-09 20:45,2507
2020-08-09 20:50,2492
2020-08-09 20:55,2493
2020-08-09 21:00,2463
2020-08-09 21:05,2441
2020-08-09 21:10,2438
2020-08-09 21:15,2415
2020-08-09 21:20,2396
2020-08-09 21:25,2386
2020-08-09 21:30,2385
2020-08-09 21:35,2342
2020-08-09 21:40,2329
2020-08-09 21:45,2313
2020-08-09 21:50,2271
2020-08-09 21:55,2253
2020-08-09 22:00,2242
2020-08-09 22:05,2245
2020-08-09 22:10,2216
2020-08-09 22:15,2170
2020-08-09 22:20,2126
2020-08-09 22:25,2107
2020-08-09 22:30,2097
2020-08-09 22:35,2084
2020-08-09 22:40,2081
2020-08-09 22:45,2074
2020-08-09 22:50,2065
2020-08-09 22:55,2041
2020-08-09 23:00,2030
2020-08-09 23:05,1996
2020-08-09 23:10,1979
2020-08-09 23:15,1988
2020-08-09 23:20,1980
2020-08-09 23:25,1936
2020-08-09 23:30,1922
2020-08-09 23:35,1908
2020-08-09 23:40,1867
2020-08-09 23:45,1854
2020-08-09 23:50,1842
2020-08-09 23:55,1836
2020-08-10 00:00,1815
2020-08-10 00:05,1799
2020-08-10 00:10,1802
2020-08-10 00:15,1818
2020-08-10 00:20,1807
2020-08-10 00:25,1809
2020-08-10 00:30,1800
2020-08-10 00:35,1808
2020-08-10 00:40,1806
2020-08-10 00:45,1800
2020-08-10 00:50,1771
2020-08-10 00:55,1768
2020-08-10 01:00,1745
2020-08-10 01:05,1746
2020-08-10 01:10,1745
2020-08-10 01:15,1726
2020-08-10 01:20,1721
2020-08-10 01:25,1703
2020-08-10 01:30,1693
2020-08-10 01:35,1687
2020-08-10 01:40,1688
2020-08-10 01:45,1661
2020-08-10 01:50,1646
2020-08-10 01:55,1630
2020-08-10 02:00,1616
2020-08-10 02:05,1606
2020-08-10 02:10,1586
2020-08-10 02:15,1579
2020-08-10 02:20,1561
2020-08-10 02:25,1537
2020-08-10 02:30,1534
2020-08-10 02:35,1506
2020-08-10 02:40,1492
2020-08-10 02:45,1482
2020-08-10 02:50,1483
2020-08-10 02:55,1459
2020-08-10 03:00,1445
2020-08-10 03:05,1436
2020-08-10 03:10,1426
2020-08-10 03:15,1425
2020-08-10 03:20,1405
2020-08-10 03:25,1396
2020-08-10 03:30,1384
2020-08-10 03:35,1376
2020-08-10 03:40,1360
2020-08-10 03:45,1356
2020-08-10 03:50,1322
2020-08-10 03:55,1315
2020-08-10 04:00,1301
2020-08-10 04:05,1294
2020-08-10 04:10,1265
2020-08-10 04:15,1249
2020-08-10 04:20,1255
2020-08-10 04:25,1238
2020-08-10 04:30,1233
2020-08-10 04:35,1225
2020-08-10 04:40,1214
2020-08-10 04:45,1226
2020-08-10 04:50,1210
2020-08-10 04:55,1197
2020-08-10 05:00,1194
2020-08-10 05:05,1170
2020-08-10 05:10,1176
2020-08-10 05:15,1183
2020-08-10 05:20,1181
2020-08-10 05:25,1171
2020-08-10 05:30,1170
2020-08-10 05:35,1158
2020-08-10 05:40,1137
2020-08-10 05:45,1143
2020-08-10 05:50,1126
2020-08-10 05:55,1120
2020-08-10 06:00,1123
2020-08-10 06:05,1133
2020-08-10 06:10,1125
2020-08-10 06:15,1105
2020-08-10 06:20,1117
2020-08-10 06:25,1113
2020-08-10 06:30,1109
2020-08-10 06:35,1109
2020-08-10 06:40,1111
2020-08-10 06:45,1109
2020-08-10 06:50,1110
2020-08-10 06:55,1092
2020-08-10 07:00,1080
2020-08-10 07:05,1079
2020-08-10 07:10,1094
2020-08-10 07:15,1099
2020-08-10 07:20,1109
2020-08-10 07:25,1108
2020-08-10 07:30,1119
2020-08-10 07:35,1133
2020-08-10 07:40,1138
2020-08-10 07:45,1126
2020-08-10 07:50,1120
2020-08-10 07:55,1113
2020-08-10 08:00,1120
2020-08-10 08:05,1114
2020-08-10 08:10,1121
2020-08-10 08:15,1115
2020-08-10 08:20,1137
2020-08-10 08:25,1159
2020-08-10 08:30,1167
2020-08-10 08:35,1151
2020-08-10 08:40,1161
2020-08-10 08:45,1162
2020-08-10 08:50,1161
2020-08-10 08:55,1177
2020-08-10 09:00,1188
2020-08-10 09:05,1198
2020-08-10 09:10,1200
2020-08-10 09:15,1215
2020-08-10 09:20,1232
2020-08-10 09:25,1235
2020-08-10 09:30,1230
2020-08-10 09:35,1248
2020-08-10 09:40,1272
2020-08-10 09:45,1273
2020-08-10 09:50,1289
2020-08-10 09:55,1291
2020-08-10 10:00,1311
2020-08-10 10:05,1339
2020-08-10 10:10,1380
2020-08-10 10:15,1391
2020-08-10 10:20,1395
2020-08-10 10:25,1421
2020-08-10 10:30,1447
2020-08-10 10:35,1468
2020-08-10 10:40,1455
2020-08-10 10:45,1470
2020-08-10 10:50,1488
2020-08-10 10:55,1498
2020-08-10 11:00,1499
2020-08-10 11:05,1490
2020-08-10 11:10,1501
2020-08-10 11:15,1514
2020-08-10 11:20,1499
2020-08-10 11:25,1496
2020-08-10 11:30,1519
2020-08-10 11:35,1536
2020-08-10 11:40,1547
2020-08-10 11:45,1560
2020-08-10 11:50,1544
2020-08-10 11:55,1574
2020-08-10 12:00,1580
2020-08-10 12:05,1574
2020-08-10 12:10,1577
2020-08-10 12:15,1590
2020-08-10 12:20,1597
2020-08-10 12:25,1585
2020-08-10 12:30,1598
2020-08-10 12:35,1624
2020-08-10 12:40,1657
2020-08-10 12:45,1665
2020-08-10 12:50,1675
2020-08-10 12:55,1681
2020-08-10 13:00,1684
2020-08-10 13:05,1688
2020-08-10 13:10,1697
2020-08-10 13:15,1728
2020-08-10 13:20,1752
2020-08-10 13:25,1747
2020-08-10 13:30,1757
2020-08-10 13:35,1749
2020-08-10 13:40,1746
2020-08-10 13:45,1761
2020-08-10 13:50,1749
2020-08-10 13:55,1758
2020-08-10 14:00,1770
2020-08-10 14:05,1773
2020-08-10 14:10,1771
2020-08-10 14:15,1788
2020-08-10 14:20,1805
2020-08-10 14:25,1820
2020-08-10 14:30,1824
2020-08-10 14:35,1831
2020-08-10 14:40,1840
2020-08-10 14:45,1848
2020-08-10 14:50,1877
2020-08-10 14:55,1886
2020-08-10 15:00,1902
2020-08-10 15:05,1919
2020-08-10 15:10,1932
2020-08-10 15:15,1941
2020-08-10 15:20,1965
2020-08-10 15:25,1962
2020-08-10 15:30,1936
2020-08-10 15:35,1956
2020-08-10 15:40,1955
2020-08-10 15:45,1953
2020-08-10 15:50,1967
2020-08-10 15:55,1972
2020-08-10 16:00,1978
2020-08-10 16:05,2010
2020-08-10 16:10,2030
2020-08-10 16:15,2034
2020-08-10 16:20,2059
2020-08-10 16:25,2081
2020-08-10 16:30,2095
2020-08-10 16:35,2095
2020-08-10 16:40,2125
2020-08-10 16:45,2135
2020-08-10 16:50,2138
2020-08-10 16:55,2134
2020-08-10 17:00,2154
2020-08-10 17:05,2153
2020-08-10 17:10,2158
2020-08-10 17:15,2188
2020-08-10 17:20,2216
2020-08-10 17:25,2228
2020-08-10 17:30,2252
2020-08-10 17:35,2257
2020-08-10 17:40,2279
2020-08-10 17:45,2260
2020-08-10 17:50,2256
2020-08-10 17:55,2289
2020-08-10 18:00,2308
2020-08-10 18:05,2326
2020-08-10 18:10,2329
2020-08-10 18:15,2349
2020-08-10 18:20,2359
2020-08-10 18:25,2349
2020-08-10 18:30,2355
2020-08-10 18:35,2337
2020-08-10 18:40,2354
2020-08-10 18:45,2352
2020-08-10 18:50,2349
2020-08-10 18:55,2357
2020-08-10 19:00,2339
2020-08-10 19:05,2348
2020-08-10 19:10,2325
2020-08-10 19:15,2325
2020-08-10 19:20,2334
2020-08-10 19:25,2330
2020-08-10 19:30,2319
2020-08-10 19:35,2312
2020-08-10 19:40,2313
2020-08-10 19:45,2304
2020-08-10 19:50,2327
2020-08-10 19:55,2320
2020-08-10 20:00,2317
2020-08-10 20:05,2298
2020-08-10 20:10,2261
2020-08-10 20:15,2254
2020-08-10 20:20,2245
2020-08-10 20:25,2246
2020-08-10 20:30,2242
2020-08-10 20:35,2241
2020-08-10 20:40,2226
2020-08-10 20:45,2202
2020-08-10 20:50,2194
2020-08-10 20:55,2207
2020-08-10 21:00,2206
2020-08-10 21:05,2193
2020-08-10 21:10,2182
2020-08-10 21:15,2163
2020-08-10 21:20,2139
2020-08-10 21:25,2137
2020-08-10 21:30,2097
2020-08-10 21:35,2093
2020-08-10 21:40,2082
2020-08-10 21:45,2069
2020-08-10 21:50,2092
2020-08-10 21:55,2092
2020-08-10 22:00,2064
2020-08-10 22:05,2057
2020-08-10 22:10,2037
2020-08-10 22:15,2016
2020-08-10 22:20,2001
2020-08-10 22:25,1987
2020-08-10 22:30,1976
2020-08-10 22:35,1960
2020-08-10 22:40,1943
2020-08-10 22:45,1938
2020-08-10 22:50,1895
2020-08-10 22:55,1864
2020-08-10 23:00,1837
2020-08-10 23:05,1828
2020-08-10 23:10,1819
2020-08-10 23:15,1830
2020-08-10 23:20,1801
2020-08-10 23:25,1817
2020-08-10 23:30,1793
2020-08-10 23:35,1798
2020-08-10 23:40,1773
2020-08-10 23:45,1781
2020-08-10 23:50,1781
2020-08-10 23:55,1781
2020-08-11 00:00,1780
2020-08-11 00:05,1778
2020-08-11 00:10,1772
2020-08-11 00:15,1760
2020-08-11 00:20,1733
2020-08-11 00:25,1703
2020-08-11 00:30,1697
2020-08-11 00:35,1690
2020-08-11 00:40,1682
2020-08-11 00:45,1663
2020-08-11 00:50,1675
2020-08-11 00:55,1649
2020-08-11 01:00,1629
2020-08-11 01:05,1622
2020-08-11 01:10,1640
2020-08-11 01:15,1649
2020-08-11 01:20,1644
2020-08-11 01:25,1624
2020-08-11 01:30,1629
2020-08-11 01:35,1630
2020-08-11 01:40,1624
2020-08-11 01:45,1621
2020-08-11 01:50,1629
2020-08-11 01:55,1595
2020-08-11 02:00,1585
2020-08-11 02:05,1575
2020-08-11 02:10,1569
2020-08-11 02:15,1579
2020-08-11 02:20,1563
2020-08-11 02:25,1579
2020-08-11 02:30,1560
2020-08-11 02:35,1542
2020-08-11 02:40,1531
2020-08-11 02:45,1515
2020-08-11 02:50,1516
2020-08-11 02:55,1531
2020-08-11 03:00,1513
2020-08-11 03:05,1501
2020-08-11 03:10,1486
2020-08-11 03:15,1460
2020-08-11 03:20,1459
2020-08-11 03:25,1445
2020-08-11 03:30,1425
2020-08-11 03:35,1410
2020-08-11 03:40,1399
2020-08-11 03:45,1392
2020-08-11 03:50,1384
2020-08-11 03:55,1385
2020-08-11 04:00,1361
2020-08-11 04:05,1331
2020-08-11 04:10,1305
2020-08-11 04:15,1291
2020-08-11 04:20,1274
2020-08-11 04:25,1268
2020-08-11 04:30,1235
2020-08-11 04:35,1221
2020-08-11 04:40,1187
2020-08-11 04:45,1187
2020-08-11 04:50,1177
2020-08-11 04:55,1165
2020-08-11 05:00,1169
2020-08-11 05:05,1157
2020-08-11 05:10,1156
2020-08-11 05:15,1135
2020-08-11 05:20,1123
2020-08-11 05:25,1116
2020-08-11 05:30,1109
2020-08-11 05:35,1116
2020-08-11 05:40,1115
2020-08-11 05:45,1106
2020-08-11 05:50,1105
2020-08-11 05:55,1112
2020-08-11 06:00,1096
2020-08-11 06:05,1086
2020-08-11 06:10,1090
2020-08-11 06:15,1083
2020-08-11 06:20,1085
2020-08-11 06:25,1087
2020-08-11 06:30,1087
2020-08-11 06:35,1093
2020-08-11 06:40,1084
2020-08-11 06:45,1077
2020-08-11 06:50,1082
2020-08-11 06:55,1077
2020-08-11 07:00,1058
2020-08-11 07:05,1085
2020-08-11 07:10,1090
2020-08-11 07:15,1103
2020-08-11 07:20,1105
2020-08-11 07:25,1121
2020-08-11 07:30,1109
2020-08-11 07:35,1119
2020-08-11 07:40,1122
2020-08-11 07:45,1149
2020-08-11 07:50,1155
2020-08-11 07:55,1173
2020-08-11 08:00,1152
2020-08-11 08:05,1148
2020-08-11 08:10,1155
2020-08-11 08:15,1149
2020-08-11 08:20,1140
2020-08-11 08:25,1151
2020-08-11 08:30,1156
2020-08-11 08:35,1161
2020-08-11 08:40,1159
2020-08-11 08:45,1166
2020-08-11 08:50,1172
2020-08-11 08:55,1169
2020-08-11 09:00,1158
2020-08-11 09:05,1165
2020-08-11 09:10,1176
2020-08-11 09:15,1183
2020-08-11 09:20,1199
2020-08-11 09:25,1207
2020-08-11 09:30,1212
2020-08-11 09:35,1209
2020-08-11 09:40,1205
2020-08-11 09:45,1215
2020-08-11 09:50,1207
2020-08-11 09:55,1236
2020-08-11 10:00,1252
2020-08-11 10:05,1289
2020-08-11 10:10,1313
2020-08-11 10:15,1326
2020-08-11 10:20,1341
2020-08-11 10:25,1364
2020-08-11 10:30,1362
2020-08-11 10:35,1369
2020-08-11 10:40,1368
2020-08-11 10:45,1377
2020-08-11 10:50,1392
2020-08-11 10:55,1385
2020-08-11 11:00,1389
2020-08-11 11:05,1387
2020-08-11 11:10,1407
2020-08-11 11:15,1409
2020-08-11 11:20,1410
2020-08-11 11:25,1414
2020-08-11 11:30,1440
2020-08-11 11:35,1463
2020-08-11 11:40,1483
2020-08-11 11:45,1486
2020-08-11 11:50,1495
2020-08-11 11:55,1495
2020-08-11 12:00,1520
2020-08-11 12:05,1516
2020-08-11 12:10,1537
2020-08-11 12:15,1537
2020-08-11 12:20,1542
2020-08-11 12:25,1562
2020-08-11 12:30,1582
2020-08-11 12:35,1584
2020-08-11 12:40,1586
2020-08-11 12:45,1584
2020-08-11 12:50,1600
2020-08-11 12:55,1592
2020-08-11 13:00,1632
2020-08-11 13:05,1628
2020-08-11 13:10,1629
2020-08-11 13:15,1648
2020-08-11 13:20,1665
2020-08-11 13:25,1674
2020-08-11 13:30,1685
2020-08-11 13:35,1709
2020-08-11 13:40,1740
2020-08-11 13:45,1741
2020-08-11 13:50,1748
2020-08-11 13:55,1751
2020-08-11 14:00,1750
2020-08-11 14:05,1756
2020-08-11 14:10,1763
2020-08-11 14:15,1773
2020-08-11 14:20,1787
2020-08-11 14:25,1798
2020-08-11 14:30,1818
2020-08-11 14:35,1790
2020-08-11 14:40,1804
2020-08-11 14:45,1819
2020-08-11 14:50,1828
2020-08-11 14:55,1859
2020-08-11 15:00,1916
2020-08-11 15:05,1916
2020-08-11 15:10,1926
2020-08-11 15:15,1941
2020-08-11 15:20,1981
2020-08-11 15:25,2003
2020-08-11 15:30,2003
2020-08-11 15:35,1981
2020-08-11 15:40,1970
2020-08-11 15:45,1983
2020-08-11 15:50,2004
2020-08-11 15:55,2003
2020-08-11 16:00,2026
2020-08-11 16:05,2014
2020-08-11 16:10,2024
2020-08-11 16:15,2019
2020-08-11 16:20,2029
2020-08-11 16:25,2055
2020-08-11 16:30,2084
2020-08-11 16:35,2080
2020-08-11 16:40,2118
2020-08-11 16:45,2136
2020-08-11 16:50,2162
2020-08-11 16:55,2174
2020-08-11 17:00,2171
2020-08-11 17:05,2189
2020-08-11 17:10,2200
2020-08-11 17:15,2194
2020-08-11 17:20,2207
2020-08-11 17:25,2206
2020-08-11 17:30,2198
2020-08-11 17:35,2234
2020-08-11 17:40,2238
2020-08-11 17:45,2256
2020-08-11 17:50,2280
2020-08-11 17:55,2301
2020-08-11 18:00,2310
2020-08-11 18:05,2281
2020-08-11 18:10,2294
2020-08-11 18:15,2295
2020-08-11 18:20,2271
2020-08-11 18:25,2291
2020-08-11 18:30,2310
2020-08-11 18:35,2329
2020-08-11 18:40,2338
2020-08-11 18:45,2366
2020-08-11 18:50,2376
2020-08-11 18:55,2341
2020-08-11 19:00,2337
2020-08-11 19:05,2325
2020-08-11 19:10,2341
2020-08-11 19:15,2327
2020-08-11 19:20,2341
2020-08-11 19:25,2336
2020-08-11 19:30,2349
2020-08-11 19:35,2352
2020-08-11 19:40,2370
2020-08-11 19:45,2355
2020-08-11 19:50,2347
2020-08-11 19:55,2356
2020-08-11 20:00,2343
2020-08-11 20:05,2309
2020-08-11 20:10,2303
2020-08-11 20:15,2303
2020-08-11 20:20,2282
2020-08-11 20:25,2286
2020-08-11 20:30,2260
2020-08-11 20:35,2241
2020-08-11 20:40,2214
2020-08-11 20:45,2215
2020-08-11 20:50,2189
2020-08-11 20:55,2174
2020-08-11 21:00,2165
2020-08-11 21:05,2139
2020-08-11 21:10,2115
2020-08-11 21:15,2098
2020-08-11 21:20,2093
2020-08-11 21:25,2080
2020-08-11 21:30,2042
2020-08-11 21:35,2026
2020-08-11 21:40,2039
2020-08-11 21:45,2016
2020-08-11 21:50,2003
2020-08-11 21:55,1989
2020-08-11 22:00,1943
2020-08-11 22:05,1934
2020-08-11 22:10,1912
2020-08-11 22:15,1901
2020-08-11 22:20,1902
2020-08-11 22:25,1878
2020-08-11 22:30,1872
2020-08-11 22:35,1813
2020-08-11 22:40,1799
2020-08-11 22:45,1791
2020-08-11 22:50,1794
2020-08-11 22:55,1799
2020-08-11 23:00,1790
2020-08-11 23:05,1766
2020-08-11 23:10,1754
2020-08-11 23:15,1740
2020-08-11 23:20,0
2020-08-11 23:25,813
2020-08-11 23:30,1644
2020-08-11 23:35,1713
2020-08-11 23:40,1729
2020-08-11 23:45,1729
2020-08-11 23:50,1723
2020-08-11 23:55,1696
2020-08-12 00:00,1712
2020-08-12 00:05,1702
2020-08-12 00:10,1699
2020-08-12 00:15,1711
2020-08-12 00:20,1705
2020-08-12 00:25,1664
2020-08-12 00:30,1637
2020-08-12 00:35,1640
2020-08-12 00:40,1632
2020-08-12 00:45,1621
2020-08-12 00:50,1633
2020-08-12 00:55,1630
2020-08-12 01:00,1609
2020-08-12 01:05,1598
2020-08-12 01:10,1589
2020-08-12 01:15,1570
2020-08-12 01:20,1580
2020-08-12 01:25,1574
2020-08-12 01:30,1579
2020-08-12 01:35,1562
2020-08-12 01:40,1555
2020-08-12 01:45,1535
2020-08-12 01:50,1547
2020-08-12 01:55,1538
2020-08-12 02:00,1543
2020-08-12 02:05,1537
2020-08-12 02:10,1518
2020-08-12 02:15,1483
2020-08-12 02:20,1495
2020-08-12 02:25,1474
2020-08-12 02:30,1462
2020-08-12 02:35,1457
2020-08-12 02:40,1476
2020-08-12 02:45,1463
2020-08-12 02:50,1446
2020-08-12 02:55,1444
2020-08-12 03:00,1447
2020-08-12 03:05,1417
2020-08-12 03:10,1405
2020-08-12 03:15,1398
2020-08-12 03:20,1395
2020-08-12 03:25,1390
2020-08-12 03:30,1369
2020-08-12 03:35,1341
2020-08-12 03:40,1324
2020-08-12 03:45,1301
2020-08-12 03:50,1274
2020-08-12 03:55,1263
2020-08-12 04:00,1254
2020-08-12 04:05,1237
2020-08-12 04:10,1229
2020-08-12 04:15,1201
2020-08-12 04:20,1190
2020-08-12 04:25,1178
2020-08-12 04:30,1160
2020-08-12 04:35,1151
2020-08-12 04:40,1139
2020-08-12 04:45,1129
2020-08-12 04:50,1121
2020-08-12 04:55,1106
2020-08-12 05:00,1103
2020-08-12 05:05,1094
2020-08-12 05:10,1062
2020-08-12 05:15,1052
2020-08-12 05:20,1054
2020-08-12 05:25,1066
2020-08-12 05:30,1056
2020-08-12 05:35,1064
2020-08-12 05:40,1054
2020-08-12 05:45,1050
2020-08-12 05:50,1052
2020-08-12 05:55,1051
2020-08-12 06:00,1055
2020-08-12 06:05,1063
2020-08-12 06:10,1059
2020-08-12 06:15,1042
2020-08-12 06:20,1042
2020-08-12 06:25,1054
2020-08-12 06:30,1059
2020-08-12 06:35,1056
2020-08-12 06:40,1051
2020-08-12 06:45,1058
2020-08-12 06:50,1055
2020-08-12 06:55,1036
2020-08-12 07:00,1027
2020-08-12 07:05,1031
2020-08-12 07:10,1013
2020-08-12 07:15,1002
2020-08-12 07:20,1018
2020-08-12 07:25,1033
2020-08-12 07:30,1036
2020-08-12 07:35,1025
2020-08-12 07:40,1031
2020-08-12 07:45,1036
2020-08-12 07:50,1029
2020-08-12 07:55,1029
2020-08-12 08:00,1037
2020-08-12 08:05,1053
2020-08-12 08:10,1059
2020-08-12 08:15,1062
2020-08-12 08:20,1069
2020-08-12 08:25,1067
2020-08-12 08:30,1072
2020-08-12 08:35,1082
2020-08-12 08:40,1095
2020-08-12 08:45,1120
2020-08-12 08:50,1129
2020-08-12 08:55,1131
2020-08-12 09:00,1137
2020-08-12 09:05,1151
2020-08-12 09:10,1150
2020-08-12 09:15,1170
2020-08-12 09:20,1168
2020-08-12 09:25,1183
2020-08-12 09:30,1187
2020-08-12 09:35,1211
2020-08-12 09:40,1230
2020-08-12 09:45,1238
2020-08-12 09:50,1255
2020-08-12 09:55,1265
2020-08-12 10:00,1288
2020-08-12 10:05,1308
2020-08-12 10:10,1325
2020-08-12 10:15,1345
2020-08-12 10:20,1367
2020-08-12 10:25,1351
2020-08-12 10:30,1354
2020-08-12 10:35,1363
2020-08-12 10:40,1358
2020-08-12 10:45,1382
2020-08-12 10:50,1377
2020-08-12 10:55,1390
2020-08-12 11:00,1376
2020-08-12 11:05,1381
2020-08-12 11:10,1396
2020-08-12 11:15,1403
2020-08-12 11:20,1404
2020-08-12 11:25,1396
2020-08-12 11:30,1406
2020-08-12 11:35,1418
2020-08-12 11:40,1437
2020-08-12 11:45,1456
2020-08-12 11:50,1457
2020-08-12 11:55,1453
2020-08-12 12:00,1464
2020-08-12 12:05,1489
2020-08-12 12:10,1507
2020-08-12 12:15,1516
2020-08-12 12:20,1518
2020-08-12 12:25,1538
2020-08-12 12:30,1536
2020-08-12 12:35,1527
2020-08-12 12:40,1523
2020-08-12 12:45,1527
2020-08-12 12:50,1538
2020-08-12 12:55,1547
2020-08-12 13:00,1551
2020-08-12 13:05,1548
2020-08-12 13:10,1569
2020-08-12 13:15,1564
2020-08-12 13:20,1556
2020-08-12 13:25,1582
2020-08-12 13:30,1607
2020-08-12 13:35,1606
2020-08-12 13:40,1613
2020-08-12 13:45,1633
2020-08-12 13:50,1644
2020-08-12 13:55,1676
2020-08-12 14:00,1688
2020-08-12 14:05,1673
2020-08-12 14:10,1688
2020-08-12 14:15,1717
2020-08-12 14:20,1722
2020-08-12 14:25,1755
2020-08-12 14:30,1773
2020-08-12 14:35,1768
2020-08-12 14:40,1786
2020-08-12 14:45,1793
2020-08-12 14:50,1797
2020-08-12 14:55,1809
2020-08-12 15:00,1799
2020-08-12 15:05,1811
2020-08-12 15:10,1857
2020-08-12 15:15,1847
2020-08-12 15:20,1866
2020-08-12 15:25,1872
2020-08-12 15:30,1885
2020-08-12 15:35,1931
2020-08-12 15:40,1930
2020-08-12 15:45,1933
2020-08-12 15:50,1959
2020-08-12 15:55,1949
2020-08-12 16:00,1967
2020-08-12 16:05,1980
2020-08-12 16:10,1972
2020-08-12 16:15,1978
2020-08-12 16:20,1988
2020-08-12 16:25,2001
2020-08-12 16:30,2003
2020-08-12 16:35,2025
2020-08-12 16:40,2052
2020-08-12 16:45,2060
2020-08-12 16:50,2072
2020-08-12 16:55,2094
2020-08-12 17:00,2060
2020-08-12 17:05,2076
2020-08-12 17:10,2094
2020-08-12 17:15,2111
2020-08-12 17:20,2115
2020-08-12 17:25,2103
2020-08-12 17:30,2100
2020-08-12 17:35,2100
2020-08-12 17:40,2113
2020-08-12 17:45,2123
2020-08-12 17:50,2140
2020-08-12 17:55,2122
2020-08-12 18:00,2125
2020-08-12 18:05,2106
2020-08-12 18:10,2108
2020-08-12 18:15,2110
2020-08-12 18:20,0
2020-08-12 18:25,1800
2020-08-12 18:30,1795
2020-08-12 18:35,1813
2020-08-12 18:40,1818
2020-08-12 18:45,1839
2020-08-12 18:50,2201
2020-08-12 18:55,2199
2020-08-12 19:00,2174
2020-08-12 19:05,2182
2020-08-12 19:10,2206
2020-08-12 19:15,2203
2020-08-12 19:20,2223
2020-08-12 19:25,2225
2020-08-12 19:30,2218
2020-08-12 19:35,2211
2020-08-12 19:40,2187
2020-08-12 19:45,2203
2020-08-12 19:50,2181
2020-08-12 19:55,2207
2020-08-12 20:00,2187
2020-08-12 20:05,2164
2020-08-12 20:10,2167
2020-08-12 20:15,2139
2020-08-12 20:20,2126
2020-08-12 20:25,2135
2020-08-12 20:30,2111
2020-08-12 20:35,2107
2020-08-12 20:40,2100
2020-08-12 20:45,2093
2020-08-12 20:50,2070
2020-08-12 20:55,2062
2020-08-12 21:00,2063
2020-08-12 21:05,2049
2020-08-12 21:10,2038
2020-08-12 21:15,2027
2020-08-12 21:20,2014
2020-08-12 21:25,1995
2020-08-12 21:30,2007
2020-08-12 21:35,1993
2020-08-12 21:40,1980
2020-08-12 21:45,1942
2020-08-12 21:50,0
2020-08-12 21:55,1918
2020-08-12 22:00,1881
2020-08-12 22:05,1855
2020-08-12 22:10,1853
2020-08-12 22:15,1847
2020-08-12 22:20,1824
2020-08-12 22:25,1786
2020-08-12 22:30,1770
2020-08-12 22:35,1739
2020-08-12 22:40,1736
2020-08-12 22:45,1730
2020-08-12 22:50,1733
2020-08-12 22:55,1733
2020-08-12 23:00,1682
2020-08-12 23:05,1687
2020-08-12 23:10,1691
2020-08-12 23:15,1690
2020-08-12 23:20,1676
2020-08-12 23:25,1662
2020-08-12 23:30,1658
2020-08-12 23:35,1664
2020-08-12 23:40,1660
2020-08-12 23:45,1656
2020-08-12 23:50,1642
2020-08-12 23:55,1633
